SystemTime_ISO,MsgType,FC_Time_us,mavpackettype,port,servo10_raw,servo11_raw,servo12_raw,servo13_raw,servo14_raw,servo15_raw,servo16_raw,servo1_raw,servo2_raw,servo3_raw,servo4_raw,servo5_raw,servo6_raw,servo7_raw,servo8_raw,servo9_raw
2025-12-15 00:39:17.263,SERVO_OUTPUT_RAW,312509821,SERVO_OUTPUT_RAW,0,0,0,0,0,0,0,0,1000,1000,1000,1000,0,0,0,0,0
2025-12-15 00:39:17.360,SERVO_OUTPUT_RAW,312609844,SERVO_OUTPUT_RAW,0,0,0,0,0,0,0,0,1000,1000,1000,1000,0,0,0,0,0
2025-12-15 00:39:17.460,SERVO_OUTPUT_RAW,312709778,SERVO_OUTPUT_RAW,0,0,0,0,0,0,0,0,1000,1000,1000,1000,0,0,0,0,0
2025-12-15 00:39:17.560,SERVO_OUTPUT_RAW,312809779,SERVO_OUTPUT_RAW,0,0,0,0,0,0,0,0,1000,1000,1000,1000,0,0,0,0,0
2025-12-15 00:39:17.660,SERVO_OUTPUT_RAW,312909814,SERVO_OUTPUT_RAW,0,0,0,0,0,0,0,0,1000,1000,1000,1000,0,0,0,0,0
2025-12-15 00:39:17.760,SERVO_OUTPUT_RAW,313009814,SERVO_OUTPUT_RAW,0,0,0,0,0,0,0,0,1000,1000,1000,1000,0,0,0,0,0
2025-12-15 00:39:17.860,SERVO_OUTPUT_RAW,313109803,SERVO_OUTPUT_RAW,0,0,0,0,0,0,0,0,1000,1000,1000,1000,0,0,0,0,0
2025-12-15 00:39:17.960,SERVO_OUTPUT_RAW,313209790,SERVO_OUTPUT_RAW,0,0,0,0,0,0,0,0,1000,1000,1000,1000,0,0,0,0,0
2025-12-15 00:39:18.060,SERVO_OUTPUT_RAW,313309797,SERVO_OUTPUT_RAW,0,0,0,0,0,0,0,0,1000,1000,1000,1000,0,0,0,0,0
2025-12-15 00:39:18.160,SERVO_OUTPUT_RAW,313409812,SERVO_OUTPUT_RAW,0,0,0,0,0,0,0,0,1000,1000,1000,1000,0,0,0,0,0
2025-12-15 00:39:18.260,SERVO_OUTPUT_RAW,313509791,SERVO_OUTPUT_RAW,0,0,0,0,0,0,0,0,1000,1000,1000,1000,0,0,0,0,0
2025-12-15 00:39:18.360,SERVO_OUTPUT_RAW,313609804,SERVO_OUTPUT_RAW,0,0,0,0,0,0,0,0,1000,1000,1000,1000,0,0,0,0,0
2025-12-15 00:39:18.460,SERVO_OUTPUT_RAW,313709839,SERVO_OUTPUT_RAW,0,0,0,0,0,0,0,0,1000,1000,1000,1000,0,0,0,0,0
2025-12-15 00:39:18.561,SERVO_OUTPUT_RAW,313812141,SERVO_OUTPUT_RAW,0,0,0,0,0,0,0,0,1000,1000,1000,1000,0,0,0,0,0
2025-12-15 00:39:18.660,SERVO_OUTPUT_RAW,313909799,SERVO_OUTPUT_RAW,0,0,0,0,0,0,0,0,1000,1000,1000,1000,0,0,0,0,0
2025-12-15 00:39:18.760,SERVO_OUTPUT_RAW,314009806,SERVO_OUTPUT_RAW,0,0,0,0,0,0,0,0,1000,1000,1000,1000,0,0,0,0,0
2025-12-15 00:39:18.860,SERVO_OUTPUT_RAW,314109855,SERVO_OUTPUT_RAW,0,0,0,0,0,0,0,0,1000,1000,1000,1000,0,0,0,0,0
2025-12-15 00:39:18.960,SERVO_OUTPUT_RAW,314209837,SERVO_OUTPUT_RAW,0,0,0,0,0,0,0,0,1000,1000,1000,1000,0,0,0,0,0
2025-12-15 00:39:19.060,SERVO_OUTPUT_RAW,314309844,SERVO_OUTPUT_RAW,0,0,0,0,0,0,0,0,1000,1000,1000,1000,0,0,0,0,0
2025-12-15 00:39:19.160,SERVO_OUTPUT_RAW,314409794,SERVO_OUTPUT_RAW,0,0,0,0,0,0,0,0,1000,1000,1000,1000,0,0,0,0,0
2025-12-15 00:39:19.260,SERVO_OUTPUT_RAW,314509818,SERVO_OUTPUT_RAW,0,0,0,0,0,0,0,0,1000,1000,1000,1000,0,0,0,0,0
2025-12-15 00:39:19.360,SERVO_OUTPUT_RAW,314609824,SERVO_OUTPUT_RAW,0,0,0,0,0,0,0,0,1000,1000,1000,1000,0,0,0,0,0
2025-12-15 00:39:19.460,SERVO_OUTPUT_RAW,314709794,SERVO_OUTPUT_RAW,0,0,0,0,0,0,0,0,1000,1000,1000,1000,0,0,0,0,0
2025-12-15 00:39:19.560,SERVO_OUTPUT_RAW,314809785,SERVO_OUTPUT_RAW,0,0,0,0,0,0,0,0,1000,1000,1000,1000,0,0,0,0,0
2025-12-15 00:39:19.660,SERVO_OUTPUT_RAW,314909794,SERVO_OUTPUT_RAW,0,0,0,0,0,0,0,0,1000,1000,1000,1000,0,0,0,0,0
2025-12-15 00:39:19.760,SERVO_OUTPUT_RAW,315009783,SERVO_OUTPUT_RAW,0,0,0,0,0,0,0,0,1000,1000,1000,1000,0,0,0,0,0
2025-12-15 00:39:19.861,SERVO_OUTPUT_RAW,315109791,SERVO_OUTPUT_RAW,0,0,0,0,0,0,0,0,1000,1000,1000,1000,0,0,0,0,0
2025-12-15 00:39:19.960,SERVO_OUTPUT_RAW,315209835,SERVO_OUTPUT_RAW,0,0,0,0,0,0,0,0,1000,1000,1000,1000,0,0,0,0,0
2025-12-15 00:39:20.060,SERVO_OUTPUT_RAW,315309861,SERVO_OUTPUT_RAW,0,0,0,0,0,0,0,0,1000,1000,1000,1000,0,0,0,0,0
2025-12-15 00:39:20.160,SERVO_OUTPUT_RAW,315409802,SERVO_OUTPUT_RAW,0,0,0,0,0,0,0,0,1000,1000,1000,1000,0,0,0,0,0
2025-12-15 00:39:20.260,SERVO_OUTPUT_RAW,315509798,SERVO_OUTPUT_RAW,0,0,0,0,0,0,0,0,1000,1000,1000,1000,0,0,0,0,0
2025-12-15 00:39:20.360,SERVO_OUTPUT_RAW,315609839,SERVO_OUTPUT_RAW,0,0,0,0,0,0,0,0,1000,1000,1000,1000,0,0,0,0,0
2025-12-15 00:39:20.460,SERVO_OUTPUT_RAW,315709854,SERVO_OUTPUT_RAW,0,0,0,0,0,0,0,0,1000,1000,1000,1000,0,0,0,0,0
2025-12-15 00:39:20.560,SERVO_OUTPUT_RAW,315809845,SERVO_OUTPUT_RAW,0,0,0,0,0,0,0,0,1000,1000,1000,1000,0,0,0,0,0
2025-12-15 00:39:20.660,SERVO_OUTPUT_RAW,315909901,SERVO_OUTPUT_RAW,0,0,0,0,0,0,0,0,1000,1000,1000,1000,0,0,0,0,0
2025-12-15 00:39:20.760,SERVO_OUTPUT_RAW,316009821,SERVO_OUTPUT_RAW,0,0,0,0,0,0,0,0,1000,1000,1000,1000,0,0,0,0,0
2025-12-15 00:39:20.860,SERVO_OUTPUT_RAW,316109825,SERVO_OUTPUT_RAW,0,0,0,0,0,0,0,0,1000,1000,1000,1000,0,0,0,0,0
2025-12-15 00:39:20.960,SERVO_OUTPUT_RAW,316209777,SERVO_OUTPUT_RAW,0,0,0,0,0,0,0,0,1000,1000,1000,1000,0,0,0,0,0
2025-12-15 00:39:21.060,SERVO_OUTPUT_RAW,316309790,SERVO_OUTPUT_RAW,0,0,0,0,0,0,0,0,1000,1000,1000,1000,0,0,0,0,0
2025-12-15 00:39:21.161,SERVO_OUTPUT_RAW,316409796,SERVO_OUTPUT_RAW,0,0,0,0,0,0,0,0,1000,1000,1000,1000,0,0,0,0,0
2025-12-15 00:39:21.263,SERVO_OUTPUT_RAW,316509797,SERVO_OUTPUT_RAW,0,0,0,0,0,0,0,0,1000,1000,1000,1000,0,0,0,0,0
2025-12-15 00:39:21.363,SERVO_OUTPUT_RAW,316609786,SERVO_OUTPUT_RAW,0,0,0,0,0,0,0,0,1000,1000,1000,1000,0,0,0,0,0
2025-12-15 00:39:21.463,SERVO_OUTPUT_RAW,316709798,SERVO_OUTPUT_RAW,0,0,0,0,0,0,0,0,1000,1000,1000,1000,0,0,0,0,0
2025-12-15 00:39:21.563,SERVO_OUTPUT_RAW,316809831,SERVO_OUTPUT_RAW,0,0,0,0,0,0,0,0,1000,1000,1000,1000,0,0,0,0,0
2025-12-15 00:39:21.663,SERVO_OUTPUT_RAW,316909833,SERVO_OUTPUT_RAW,0,0,0,0,0,0,0,0,1000,1000,1000,1000,0,0,0,0,0
2025-12-15 00:39:21.763,SERVO_OUTPUT_RAW,317009910,SERVO_OUTPUT_RAW,0,0,0,0,0,0,0,0,1000,1000,1000,1000,0,0,0,0,0
2025-12-15 00:39:21.863,SERVO_OUTPUT_RAW,317109832,SERVO_OUTPUT_RAW,0,0,0,0,0,0,0,0,1000,1000,1000,1000,0,0,0,0,0
2025-12-15 00:39:21.963,SERVO_OUTPUT_RAW,317209826,SERVO_OUTPUT_RAW,0,0,0,0,0,0,0,0,1000,1000,1000,1000,0,0,0,0,0
2025-12-15 00:39:22.063,SERVO_OUTPUT_RAW,317309844,SERVO_OUTPUT_RAW,0,0,0,0,0,0,0,0,1000,1000,1000,1000,0,0,0,0,0
2025-12-15 00:39:22.163,SERVO_OUTPUT_RAW,317409788,SERVO_OUTPUT_RAW,0,0,0,0,0,0,0,0,1000,1000,1000,1000,0,0,0,0,0
2025-12-15 00:39:22.263,SERVO_OUTPUT_RAW,317509803,SERVO_OUTPUT_RAW,0,0,0,0,0,0,0,0,1000,1000,1000,1000,0,0,0,0,0
2025-12-15 00:39:22.363,SERVO_OUTPUT_RAW,317609867,SERVO_OUTPUT_RAW,0,0,0,0,0,0,0,0,1000,1000,1000,1000,0,0,0,0,0
2025-12-15 00:39:22.463,SERVO_OUTPUT_RAW,317709815,SERVO_OUTPUT_RAW,0,0,0,0,0,0,0,0,1000,1000,1000,1000,0,0,0,0,0
2025-12-15 00:39:22.563,SERVO_OUTPUT_RAW,317809790,SERVO_OUTPUT_RAW,0,0,0,0,0,0,0,0,1000,1000,1000,1000,0,0,0,0,0
2025-12-15 00:39:22.663,SERVO_OUTPUT_RAW,317909794,SERVO_OUTPUT_RAW,0,0,0,0,0,0,0,0,1000,1000,1000,1000,0,0,0,0,0
2025-12-15 00:39:22.763,SERVO_OUTPUT_RAW,318009854,SERVO_OUTPUT_RAW,0,0,0,0,0,0,0,0,1000,1000,1000,1000,0,0,0,0,0
2025-12-15 00:39:22.863,SERVO_OUTPUT_RAW,318109781,SERVO_OUTPUT_RAW,0,0,0,0,0,0,0,0,1000,1000,1000,1000,0,0,0,0,0
2025-12-15 00:39:22.963,SERVO_OUTPUT_RAW,318209802,SERVO_OUTPUT_RAW,0,0,0,0,0,0,0,0,1000,1000,1000,1000,0,0,0,0,0
2025-12-15 00:39:23.063,SERVO_OUTPUT_RAW,318309772,SERVO_OUTPUT_RAW,0,0,0,0,0,0,0,0,1000,1000,1000,1000,0,0,0,0,0
2025-12-15 00:39:23.163,SERVO_OUTPUT_RAW,318409836,SERVO_OUTPUT_RAW,0,0,0,0,0,0,0,0,1000,1000,1000,1000,0,0,0,0,0
2025-12-15 00:39:23.263,SERVO_OUTPUT_RAW,318509860,SERVO_OUTPUT_RAW,0,0,0,0,0,0,0,0,1000,1000,1000,1000,0,0,0,0,0
2025-12-15 00:39:23.363,SERVO_OUTPUT_RAW,318609810,SERVO_OUTPUT_RAW,0,0,0,0,0,0,0,0,1000,1000,1000,1000,0,0,0,0,0
2025-12-15 00:39:23.463,SERVO_OUTPUT_RAW,318709818,SERVO_OUTPUT_RAW,0,0,0,0,0,0,0,0,1000,1000,1000,1000,0,0,0,0,0
2025-12-15 00:39:23.563,SERVO_OUTPUT_RAW,318809852,SERVO_OUTPUT_RAW,0,0,0,0,0,0,0,0,1000,1000,1000,1000,0,0,0,0,0
2025-12-15 00:39:23.663,SERVO_OUTPUT_RAW,318909775,SERVO_OUTPUT_RAW,0,0,0,0,0,0,0,0,1000,1000,1000,1000,0,0,0,0,0
2025-12-15 00:39:23.763,SERVO_OUTPUT_RAW,319009793,SERVO_OUTPUT_RAW,0,0,0,0,0,0,0,0,1000,1000,1000,1000,0,0,0,0,0
2025-12-15 00:39:23.863,SERVO_OUTPUT_RAW,319109806,SERVO_OUTPUT_RAW,0,0,0,0,0,0,0,0,1000,1000,1000,1000,0,0,0,0,0
2025-12-15 00:39:23.963,SERVO_OUTPUT_RAW,319209817,SERVO_OUTPUT_RAW,0,0,0,0,0,0,0,0,1000,1000,1000,1000,0,0,0,0,0
2025-12-15 00:39:24.063,SERVO_OUTPUT_RAW,319309773,SERVO_OUTPUT_RAW,0,0,0,0,0,0,0,0,1000,1000,1000,1000,0,0,0,0,0
2025-12-15 00:39:24.163,SERVO_OUTPUT_RAW,319409776,SERVO_OUTPUT_RAW,0,0,0,0,0,0,0,0,1000,1000,1000,1000,0,0,0,0,0
2025-12-15 00:39:24.263,SERVO_OUTPUT_RAW,319509792,SERVO_OUTPUT_RAW,0,0,0,0,0,0,0,0,1000,1000,1000,1000,0,0,0,0,0
2025-12-15 00:39:24.362,SERVO_OUTPUT_RAW,319609786,SERVO_OUTPUT_RAW,0,0,0,0,0,0,0,0,1000,1000,1000,1000,0,0,0,0,0
2025-12-15 00:39:24.462,SERVO_OUTPUT_RAW,319709801,SERVO_OUTPUT_RAW,0,0,0,0,0,0,0,0,1000,1000,1000,1000,0,0,0,0,0
2025-12-15 00:39:24.563,SERVO_OUTPUT_RAW,319809793,SERVO_OUTPUT_RAW,0,0,0,0,0,0,0,0,1000,1000,1000,1000,0,0,0,0,0
2025-12-15 00:39:24.662,SERVO_OUTPUT_RAW,319909825,SERVO_OUTPUT_RAW,0,0,0,0,0,0,0,0,1000,1000,1000,1000,0,0,0,0,0
2025-12-15 00:39:24.762,SERVO_OUTPUT_RAW,320009799,SERVO_OUTPUT_RAW,0,0,0,0,0,0,0,0,1000,1000,1000,1000,0,0,0,0,0
2025-12-15 00:39:24.863,SERVO_OUTPUT_RAW,320112157,SERVO_OUTPUT_RAW,0,0,0,0,0,0,0,0,1000,1000,1000,1000,0,0,0,0,0
2025-12-15 00:39:24.963,SERVO_OUTPUT_RAW,320209793,SERVO_OUTPUT_RAW,0,0,0,0,0,0,0,0,1000,1000,1000,1000,0,0,0,0,0
2025-12-15 00:39:25.062,SERVO_OUTPUT_RAW,320309820,SERVO_OUTPUT_RAW,0,0,0,0,0,0,0,0,1000,1000,1000,1000,0,0,0,0,0
2025-12-15 00:39:25.162,SERVO_OUTPUT_RAW,320409831,SERVO_OUTPUT_RAW,0,0,0,0,0,0,0,0,1000,1000,1000,1000,0,0,0,0,0
2025-12-15 00:39:25.262,SERVO_OUTPUT_RAW,320509794,SERVO_OUTPUT_RAW,0,0,0,0,0,0,0,0,1000,1000,1000,1000,0,0,0,0,0
2025-12-15 00:39:25.362,SERVO_OUTPUT_RAW,320609801,SERVO_OUTPUT_RAW,0,0,0,0,0,0,0,0,1000,1000,1000,1000,0,0,0,0,0
2025-12-15 00:39:25.463,SERVO_OUTPUT_RAW,320709813,SERVO_OUTPUT_RAW,0,0,0,0,0,0,0,0,1000,1000,1000,1000,0,0,0,0,0
2025-12-15 00:39:25.562,SERVO_OUTPUT_RAW,320809811,SERVO_OUTPUT_RAW,0,0,0,0,0,0,0,0,1000,1000,1000,1000,0,0,0,0,0
2025-12-15 00:39:25.662,SERVO_OUTPUT_RAW,320909783,SERVO_OUTPUT_RAW,0,0,0,0,0,0,0,0,1000,1000,1000,1000,0,0,0,0,0
2025-12-15 00:39:25.762,SERVO_OUTPUT_RAW,321009801,SERVO_OUTPUT_RAW,0,0,0,0,0,0,0,0,1000,1000,1000,1000,0,0,0,0,0
2025-12-15 00:39:25.862,SERVO_OUTPUT_RAW,321109798,SERVO_OUTPUT_RAW,0,0,0,0,0,0,0,0,1000,1000,1000,1000,0,0,0,0,0
2025-12-15 00:39:25.962,SERVO_OUTPUT_RAW,321209792,SERVO_OUTPUT_RAW,0,0,0,0,0,0,0,0,1000,1000,1000,1000,0,0,0,0,0
2025-12-15 00:39:26.062,SERVO_OUTPUT_RAW,321309786,SERVO_OUTPUT_RAW,0,0,0,0,0,0,0,0,1000,1000,1000,1000,0,0,0,0,0
2025-12-15 00:39:26.162,SERVO_OUTPUT_RAW,321409806,SERVO_OUTPUT_RAW,0,0,0,0,0,0,0,0,1000,1000,1000,1000,0,0,0,0,0
2025-12-15 00:39:26.263,SERVO_OUTPUT_RAW,321512128,SERVO_OUTPUT_RAW,0,0,0,0,0,0,0,0,1000,1000,1000,1000,0,0,0,0,0
2025-12-15 00:39:26.362,SERVO_OUTPUT_RAW,321609843,SERVO_OUTPUT_RAW,0,0,0,0,0,0,0,0,1000,1000,1000,1000,0,0,0,0,0
2025-12-15 00:39:26.462,SERVO_OUTPUT_RAW,321709803,SERVO_OUTPUT_RAW,0,0,0,0,0,0,0,0,1000,1000,1000,1000,0,0,0,0,0
2025-12-15 00:39:26.562,SERVO_OUTPUT_RAW,321809819,SERVO_OUTPUT_RAW,0,0,0,0,0,0,0,0,1000,1000,1000,1000,0,0,0,0,0
2025-12-15 00:39:26.662,SERVO_OUTPUT_RAW,321909843,SERVO_OUTPUT_RAW,0,0,0,0,0,0,0,0,1000,1000,1000,1000,0,0,0,0,0
2025-12-15 00:39:26.762,SERVO_OUTPUT_RAW,322009846,SERVO_OUTPUT_RAW,0,0,0,0,0,0,0,0,1000,1000,1000,1000,0,0,0,0,0
2025-12-15 00:39:26.862,SERVO_OUTPUT_RAW,322109823,SERVO_OUTPUT_RAW,0,0,0,0,0,0,0,0,1000,1000,1000,1000,0,0,0,0,0
2025-12-15 00:39:26.962,SERVO_OUTPUT_RAW,322212073,SERVO_OUTPUT_RAW,0,0,0,0,0,0,0,0,1000,1000,1000,1000,0,0,0,0,0
2025-12-15 00:39:27.062,SERVO_OUTPUT_RAW,322309809,SERVO_OUTPUT_RAW,0,0,0,0,0,0,0,0,1000,1000,1000,1000,0,0,0,0,0
2025-12-15 00:39:27.162,SERVO_OUTPUT_RAW,322409827,SERVO_OUTPUT_RAW,0,0,0,0,0,0,0,0,1000,1000,1000,1000,0,0,0,0,0
2025-12-15 00:39:27.263,SERVO_OUTPUT_RAW,322509786,SERVO_OUTPUT_RAW,0,0,0,0,0,0,0,0,1000,1000,1000,1000,0,0,0,0,0
2025-12-15 00:39:27.363,SERVO_OUTPUT_RAW,322609783,SERVO_OUTPUT_RAW,0,0,0,0,0,0,0,0,1000,1000,1000,1000,0,0,0,0,0
2025-12-15 00:39:27.464,SERVO_OUTPUT_RAW,322709790,SERVO_OUTPUT_RAW,0,0,0,0,0,0,0,0,1000,1000,1000,1000,0,0,0,0,0
2025-12-15 00:39:27.562,SERVO_OUTPUT_RAW,322809785,SERVO_OUTPUT_RAW,0,0,0,0,0,0,0,0,1000,1000,1000,1000,0,0,0,0,0
2025-12-15 00:39:27.663,SERVO_OUTPUT_RAW,322909827,SERVO_OUTPUT_RAW,0,0,0,0,0,0,0,0,1000,1000,1000,1000,0,0,0,0,0
2025-12-15 00:39:27.763,SERVO_OUTPUT_RAW,323009822,SERVO_OUTPUT_RAW,0,0,0,0,0,0,0,0,1000,1000,1000,1000,0,0,0,0,0
2025-12-15 00:39:27.863,SERVO_OUTPUT_RAW,323109849,SERVO_OUTPUT_RAW,0,0,0,0,0,0,0,0,1000,1000,1000,1000,0,0,0,0,0
2025-12-15 00:39:27.963,SERVO_OUTPUT_RAW,323209810,SERVO_OUTPUT_RAW,0,0,0,0,0,0,0,0,1000,1000,1000,1000,0,0,0,0,0
2025-12-15 00:39:28.063,SERVO_OUTPUT_RAW,323309801,SERVO_OUTPUT_RAW,0,0,0,0,0,0,0,0,1000,1000,1000,1000,0,0,0,0,0
2025-12-15 00:39:28.163,SERVO_OUTPUT_RAW,323409828,SERVO_OUTPUT_RAW,0,0,0,0,0,0,0,0,1000,1000,1000,1000,0,0,0,0,0
2025-12-15 00:39:28.263,SERVO_OUTPUT_RAW,323509856,SERVO_OUTPUT_RAW,0,0,0,0,0,0,0,0,1000,1000,1000,1000,0,0,0,0,0
2025-12-15 00:39:28.363,SERVO_OUTPUT_RAW,323609845,SERVO_OUTPUT_RAW,0,0,0,0,0,0,0,0,1000,1000,1000,1000,0,0,0,0,0
2025-12-15 00:39:28.463,SERVO_OUTPUT_RAW,323709782,SERVO_OUTPUT_RAW,0,0,0,0,0,0,0,0,1000,1000,1000,1000,0,0,0,0,0
2025-12-15 00:39:28.563,SERVO_OUTPUT_RAW,323809813,SERVO_OUTPUT_RAW,0,0,0,0,0,0,0,0,1000,1000,1000,1000,0,0,0,0,0
2025-12-15 00:39:28.663,SERVO_OUTPUT_RAW,323909818,SERVO_OUTPUT_RAW,0,0,0,0,0,0,0,0,1000,1000,1000,1000,0,0,0,0,0
2025-12-15 00:39:28.763,SERVO_OUTPUT_RAW,324009789,SERVO_OUTPUT_RAW,0,0,0,0,0,0,0,0,1000,1000,1000,1000,0,0,0,0,0
2025-12-15 00:39:28.863,SERVO_OUTPUT_RAW,324109790,SERVO_OUTPUT_RAW,0,0,0,0,0,0,0,0,1000,1000,1000,1000,0,0,0,0,0
2025-12-15 00:39:28.963,SERVO_OUTPUT_RAW,324209809,SERVO_OUTPUT_RAW,0,0,0,0,0,0,0,0,1000,1000,1000,1000,0,0,0,0,0
2025-12-15 00:39:29.063,SERVO_OUTPUT_RAW,324309851,SERVO_OUTPUT_RAW,0,0,0,0,0,0,0,0,1000,1000,1000,1000,0,0,0,0,0
2025-12-15 00:39:29.163,SERVO_OUTPUT_RAW,324409797,SERVO_OUTPUT_RAW,0,0,0,0,0,0,0,0,1000,1000,1000,1000,0,0,0,0,0
2025-12-15 00:39:29.263,SERVO_OUTPUT_RAW,324509801,SERVO_OUTPUT_RAW,0,0,0,0,0,0,0,0,1000,1000,1000,1000,0,0,0,0,0
2025-12-15 00:39:29.363,SERVO_OUTPUT_RAW,324609834,SERVO_OUTPUT_RAW,0,0,0,0,0,0,0,0,1000,1000,1000,1000,0,0,0,0,0
2025-12-15 00:39:29.463,SERVO_OUTPUT_RAW,324709834,SERVO_OUTPUT_RAW,0,0,0,0,0,0,0,0,1000,1000,1000,1000,0,0,0,0,0
2025-12-15 00:39:29.563,SERVO_OUTPUT_RAW,324809802,SERVO_OUTPUT_RAW,0,0,0,0,0,0,0,0,1000,1000,1000,1000,0,0,0,0,0
2025-12-15 00:39:29.663,SERVO_OUTPUT_RAW,324909819,SERVO_OUTPUT_RAW,0,0,0,0,0,0,0,0,1000,1000,1000,1000,0,0,0,0,0
2025-12-15 00:39:29.763,SERVO_OUTPUT_RAW,325009844,SERVO_OUTPUT_RAW,0,0,0,0,0,0,0,0,1000,1000,1000,1000,0,0,0,0,0
2025-12-15 00:39:29.863,SERVO_OUTPUT_RAW,325109853,SERVO_OUTPUT_RAW,0,0,0,0,0,0,0,0,1000,1000,1000,1000,0,0,0,0,0
2025-12-15 00:39:29.963,SERVO_OUTPUT_RAW,325209831,SERVO_OUTPUT_RAW,0,0,0,0,0,0,0,0,1000,1000,1000,1000,0,0,0,0,0
2025-12-15 00:39:30.063,SERVO_OUTPUT_RAW,325309794,SERVO_OUTPUT_RAW,0,0,0,0,0,0,0,0,1000,1000,1000,1000,0,0,0,0,0
2025-12-15 00:39:30.163,SERVO_OUTPUT_RAW,325409823,SERVO_OUTPUT_RAW,0,0,0,0,0,0,0,0,1000,1000,1000,1000,0,0,0,0,0
2025-12-15 00:39:30.263,SERVO_OUTPUT_RAW,325509816,SERVO_OUTPUT_RAW,0,0,0,0,0,0,0,0,1000,1000,1000,1000,0,0,0,0,0
2025-12-15 00:39:30.363,SERVO_OUTPUT_RAW,325609785,SERVO_OUTPUT_RAW,0,0,0,0,0,0,0,0,1000,1000,1000,1000,0,0,0,0,0
2025-12-15 00:39:30.463,SERVO_OUTPUT_RAW,325709782,SERVO_OUTPUT_RAW,0,0,0,0,0,0,0,0,1000,1000,1000,1000,0,0,0,0,0
2025-12-15 00:39:30.563,SERVO_OUTPUT_RAW,325809797,SERVO_OUTPUT_RAW,0,0,0,0,0,0,0,0,1000,1000,1000,1000,0,0,0,0,0
2025-12-15 00:39:30.662,SERVO_OUTPUT_RAW,325909797,SERVO_OUTPUT_RAW,0,0,0,0,0,0,0,0,1000,1000,1000,1000,0,0,0,0,0
2025-12-15 00:39:30.764,SERVO_OUTPUT_RAW,326012107,SERVO_OUTPUT_RAW,0,0,0,0,0,0,0,0,1000,1000,1000,1000,0,0,0,0,0
2025-12-15 00:39:30.863,SERVO_OUTPUT_RAW,326109817,SERVO_OUTPUT_RAW,0,0,0,0,0,0,0,0,1000,1000,1000,1000,0,0,0,0,0
2025-12-15 00:39:30.962,SERVO_OUTPUT_RAW,326209831,SERVO_OUTPUT_RAW,0,0,0,0,0,0,0,0,1000,1000,1000,1000,0,0,0,0,0
2025-12-15 00:39:31.061,SERVO_OUTPUT_RAW,326309842,SERVO_OUTPUT_RAW,0,0,0,0,0,0,0,0,1000,1000,1000,1000,0,0,0,0,0
2025-12-15 00:39:31.161,SERVO_OUTPUT_RAW,326412172,SERVO_OUTPUT_RAW,0,0,0,0,0,0,0,0,1000,1000,1000,1000,0,0,0,0,0
2025-12-15 00:39:31.261,SERVO_OUTPUT_RAW,326509819,SERVO_OUTPUT_RAW,0,0,0,0,0,0,0,0,1000,1000,1000,1000,0,0,0,0,0
2025-12-15 00:39:31.361,SERVO_OUTPUT_RAW,326609848,SERVO_OUTPUT_RAW,0,0,0,0,0,0,0,0,1000,1000,1000,1000,0,0,0,0,0
2025-12-15 00:39:31.461,SERVO_OUTPUT_RAW,326709844,SERVO_OUTPUT_RAW,0,0,0,0,0,0,0,0,1000,1000,1000,1000,0,0,0,0,0
2025-12-15 00:39:31.561,SERVO_OUTPUT_RAW,326809788,SERVO_OUTPUT_RAW,0,0,0,0,0,0,0,0,1000,1000,1000,1000,0,0,0,0,0
2025-12-15 00:39:31.661,SERVO_OUTPUT_RAW,326909826,SERVO_OUTPUT_RAW,0,0,0,0,0,0,0,0,1000,1000,1000,1000,0,0,0,0,0
2025-12-15 00:39:31.761,SERVO_OUTPUT_RAW,327009822,SERVO_OUTPUT_RAW,0,0,0,0,0,0,0,0,1000,1000,1000,1000,0,0,0,0,0
2025-12-15 00:39:31.862,SERVO_OUTPUT_RAW,327109772,SERVO_OUTPUT_RAW,0,0,0,0,0,0,0,0,1000,1000,1000,1000,0,0,0,0,0
2025-12-15 00:39:31.961,SERVO_OUTPUT_RAW,327209782,SERVO_OUTPUT_RAW,0,0,0,0,0,0,0,0,1000,1000,1000,1000,0,0,0,0,0
2025-12-15 00:39:32.061,SERVO_OUTPUT_RAW,327309800,SERVO_OUTPUT_RAW,0,0,0,0,0,0,0,0,1000,1000,1000,1000,0,0,0,0,0
2025-12-15 00:39:32.161,SERVO_OUTPUT_RAW,327409798,SERVO_OUTPUT_RAW,0,0,0,0,0,0,0,0,1000,1000,1000,1000,0,0,0,0,0
2025-12-15 00:39:32.261,SERVO_OUTPUT_RAW,327509795,SERVO_OUTPUT_RAW,0,0,0,0,0,0,0,0,1000,1000,1000,1000,0,0,0,0,0
2025-12-15 00:39:32.361,SERVO_OUTPUT_RAW,327609796,SERVO_OUTPUT_RAW,0,0,0,0,0,0,0,0,1000,1000,1000,1000,0,0,0,0,0
2025-12-15 00:39:32.461,SERVO_OUTPUT_RAW,327709825,SERVO_OUTPUT_RAW,0,0,0,0,0,0,0,0,1000,1000,1000,1000,0,0,0,0,0
2025-12-15 00:39:32.561,SERVO_OUTPUT_RAW,327809852,SERVO_OUTPUT_RAW,0,0,0,0,0,0,0,0,1000,1000,1000,1000,0,0,0,0,0
2025-12-15 00:39:32.661,SERVO_OUTPUT_RAW,327909872,SERVO_OUTPUT_RAW,0,0,0,0,0,0,0,0,1000,1000,1000,1000,0,0,0,0,0
2025-12-15 00:39:32.761,SERVO_OUTPUT_RAW,328009809,SERVO_OUTPUT_RAW,0,0,0,0,0,0,0,0,1000,1000,1000,1000,0,0,0,0,0
2025-12-15 00:39:32.861,SERVO_OUTPUT_RAW,328109808,SERVO_OUTPUT_RAW,0,0,0,0,0,0,0,0,1000,1000,1000,1000,0,0,0,0,0
2025-12-15 00:39:32.961,SERVO_OUTPUT_RAW,328209829,SERVO_OUTPUT_RAW,0,0,0,0,0,0,0,0,1000,1000,1000,1000,0,0,0,0,0
2025-12-15 00:39:33.061,SERVO_OUTPUT_RAW,328309837,SERVO_OUTPUT_RAW,0,0,0,0,0,0,0,0,1000,1000,1000,1000,0,0,0,0,0
2025-12-15 00:39:33.161,SERVO_OUTPUT_RAW,328409790,SERVO_OUTPUT_RAW,0,0,0,0,0,0,0,0,1000,1000,1000,1000,0,0,0,0,0
2025-12-15 00:39:33.261,SERVO_OUTPUT_RAW,328509940,SERVO_OUTPUT_RAW,0,0,0,0,0,0,0,0,1000,1000,1000,1000,0,0,0,0,0
2025-12-15 00:39:33.361,SERVO_OUTPUT_RAW,328609810,SERVO_OUTPUT_RAW,0,0,0,0,0,0,0,0,1000,1000,1000,1000,0,0,0,0,0
2025-12-15 00:39:33.461,SERVO_OUTPUT_RAW,328709800,SERVO_OUTPUT_RAW,0,0,0,0,0,0,0,0,1000,1000,1000,1000,0,0,0,0,0
2025-12-15 00:39:33.561,SERVO_OUTPUT_RAW,328809782,SERVO_OUTPUT_RAW,0,0,0,0,0,0,0,0,1000,1000,1000,1000,0,0,0,0,0
2025-12-15 00:39:33.661,SERVO_OUTPUT_RAW,328909825,SERVO_OUTPUT_RAW,0,0,0,0,0,0,0,0,1000,1000,1000,1000,0,0,0,0,0
2025-12-15 00:39:33.760,SERVO_OUTPUT_RAW,329009791,SERVO_OUTPUT_RAW,0,0,0,0,0,0,0,0,1000,1000,1000,1000,0,0,0,0,0
2025-12-15 00:39:33.860,SERVO_OUTPUT_RAW,329109781,SERVO_OUTPUT_RAW,0,0,0,0,0,0,0,0,1000,1000,1000,1000,0,0,0,0,0
2025-12-15 00:39:33.960,SERVO_OUTPUT_RAW,329209806,SERVO_OUTPUT_RAW,0,0,0,0,0,0,0,0,1000,1000,1000,1000,0,0,0,0,0
2025-12-15 00:39:34.060,SERVO_OUTPUT_RAW,329309820,SERVO_OUTPUT_RAW,0,0,0,0,0,0,0,0,1000,1000,1000,1000,0,0,0,0,0
2025-12-15 00:39:34.161,SERVO_OUTPUT_RAW,329409851,SERVO_OUTPUT_RAW,0,0,0,0,0,0,0,0,1000,1000,1000,1000,0,0,0,0,0
2025-12-15 00:39:34.260,SERVO_OUTPUT_RAW,329509782,SERVO_OUTPUT_RAW,0,0,0,0,0,0,0,0,1000,1000,1000,1000,0,0,0,0,0
2025-12-15 00:39:34.360,SERVO_OUTPUT_RAW,329609817,SERVO_OUTPUT_RAW,0,0,0,0,0,0,0,0,1000,1000,1000,1000,0,0,0,0,0
2025-12-15 00:39:34.460,SERVO_OUTPUT_RAW,329709820,SERVO_OUTPUT_RAW,0,0,0,0,0,0,0,0,1000,1000,1000,1000,0,0,0,0,0
2025-12-15 00:39:34.560,SERVO_OUTPUT_RAW,329809860,SERVO_OUTPUT_RAW,0,0,0,0,0,0,0,0,1000,1000,1000,1000,0,0,0,0,0
2025-12-15 00:39:34.661,SERVO_OUTPUT_RAW,329909851,SERVO_OUTPUT_RAW,0,0,0,0,0,0,0,0,1000,1000,1000,1000,0,0,0,0,0
2025-12-15 00:39:34.760,SERVO_OUTPUT_RAW,330009796,SERVO_OUTPUT_RAW,0,0,0,0,0,0,0,0,1000,1000,1000,1000,0,0,0,0,0
2025-12-15 00:39:34.862,SERVO_OUTPUT_RAW,330109817,SERVO_OUTPUT_RAW,0,0,0,0,0,0,0,0,1000,1000,1000,1000,0,0,0,0,0
2025-12-15 00:39:34.960,SERVO_OUTPUT_RAW,330209833,SERVO_OUTPUT_RAW,0,0,0,0,0,0,0,0,1000,1000,1000,1000,0,0,0,0,0
2025-12-15 00:39:35.061,SERVO_OUTPUT_RAW,330309780,SERVO_OUTPUT_RAW,0,0,0,0,0,0,0,0,1000,1000,1000,1000,0,0,0,0,0
2025-12-15 00:39:35.160,SERVO_OUTPUT_RAW,330409797,SERVO_OUTPUT_RAW,0,0,0,0,0,0,0,0,1000,1000,1000,1000,0,0,0,0,0
2025-12-15 00:39:35.260,SERVO_OUTPUT_RAW,330509800,SERVO_OUTPUT_RAW,0,0,0,0,0,0,0,0,1000,1000,1000,1000,0,0,0,0,0
2025-12-15 00:39:35.361,SERVO_OUTPUT_RAW,330609847,SERVO_OUTPUT_RAW,0,0,0,0,0,0,0,0,1000,1000,1000,1000,0,0,0,0,0
2025-12-15 00:39:35.461,SERVO_OUTPUT_RAW,330709795,SERVO_OUTPUT_RAW,0,0,0,0,0,0,0,0,1000,1000,1000,1000,0,0,0,0,0
2025-12-15 00:39:35.560,SERVO_OUTPUT_RAW,330809820,SERVO_OUTPUT_RAW,0,0,0,0,0,0,0,0,1000,1000,1000,1000,0,0,0,0,0
2025-12-15 00:39:35.661,SERVO_OUTPUT_RAW,330909840,SERVO_OUTPUT_RAW,0,0,0,0,0,0,0,0,1000,1000,1000,1000,0,0,0,0,0
2025-12-15 00:39:35.760,SERVO_OUTPUT_RAW,331009844,SERVO_OUTPUT_RAW,0,0,0,0,0,0,0,0,1000,1000,1000,1000,0,0,0,0,0
2025-12-15 00:39:35.860,SERVO_OUTPUT_RAW,331109773,SERVO_OUTPUT_RAW,0,0,0,0,0,0,0,0,1000,1000,1000,1000,0,0,0,0,0
2025-12-15 00:39:35.961,SERVO_OUTPUT_RAW,331209825,SERVO_OUTPUT_RAW,0,0,0,0,0,0,0,0,1000,1000,1000,1000,0,0,0,0,0
2025-12-15 00:39:36.063,SERVO_OUTPUT_RAW,331309845,SERVO_OUTPUT_RAW,0,0,0,0,0,0,0,0,1000,1000,1000,1000,0,0,0,0,0
2025-12-15 00:39:36.163,SERVO_OUTPUT_RAW,331409897,SERVO_OUTPUT_RAW,0,0,0,0,0,0,0,0,1000,1000,1000,1000,0,0,0,0,0
2025-12-15 00:39:36.263,SERVO_OUTPUT_RAW,331509789,SERVO_OUTPUT_RAW,0,0,0,0,0,0,0,0,1000,1000,1000,1000,0,0,0,0,0
2025-12-15 00:39:36.363,SERVO_OUTPUT_RAW,331609805,SERVO_OUTPUT_RAW,0,0,0,0,0,0,0,0,1000,1000,1000,1000,0,0,0,0,0
2025-12-15 00:39:36.463,SERVO_OUTPUT_RAW,331709812,SERVO_OUTPUT_RAW,0,0,0,0,0,0,0,0,1000,1000,1000,1000,0,0,0,0,0
2025-12-15 00:39:36.563,SERVO_OUTPUT_RAW,331809839,SERVO_OUTPUT_RAW,0,0,0,0,0,0,0,0,1000,1000,1000,1000,0,0,0,0,0
2025-12-15 00:39:36.663,SERVO_OUTPUT_RAW,331909788,SERVO_OUTPUT_RAW,0,0,0,0,0,0,0,0,1000,1000,1000,1000,0,0,0,0,0
2025-12-15 00:39:36.763,SERVO_OUTPUT_RAW,332009789,SERVO_OUTPUT_RAW,0,0,0,0,0,0,0,0,1000,1000,1000,1000,0,0,0,0,0
2025-12-15 00:39:36.863,SERVO_OUTPUT_RAW,332109795,SERVO_OUTPUT_RAW,0,0,0,0,0,0,0,0,1000,1000,1000,1000,0,0,0,0,0
2025-12-15 00:39:36.963,SERVO_OUTPUT_RAW,332209789,SERVO_OUTPUT_RAW,0,0,0,0,0,0,0,0,1000,1000,1000,1000,0,0,0,0,0
2025-12-15 00:39:37.063,SERVO_OUTPUT_RAW,332309823,SERVO_OUTPUT_RAW,0,0,0,0,0,0,0,0,1000,1000,1000,1000,0,0,0,0,0
2025-12-15 00:39:37.163,SERVO_OUTPUT_RAW,332409839,SERVO_OUTPUT_RAW,0,0,0,0,0,0,0,0,1000,1000,1000,1000,0,0,0,0,0
2025-12-15 00:39:37.263,SERVO_OUTPUT_RAW,332509823,SERVO_OUTPUT_RAW,0,0,0,0,0,0,0,0,1000,1000,1000,1000,0,0,0,0,0
2025-12-15 00:39:37.363,SERVO_OUTPUT_RAW,332609804,SERVO_OUTPUT_RAW,0,0,0,0,0,0,0,0,1000,1000,1000,1000,0,0,0,0,0
2025-12-15 00:39:37.463,SERVO_OUTPUT_RAW,332712178,SERVO_OUTPUT_RAW,0,0,0,0,0,0,0,0,1000,1000,1000,1000,0,0,0,0,0
2025-12-15 00:39:37.563,SERVO_OUTPUT_RAW,332809827,SERVO_OUTPUT_RAW,0,0,0,0,0,0,0,0,1000,1000,1000,1000,0,0,0,0,0
2025-12-15 00:39:37.663,SERVO_OUTPUT_RAW,332909854,SERVO_OUTPUT_RAW,0,0,0,0,0,0,0,0,1000,1000,1000,1000,0,0,0,0,0
2025-12-15 00:39:37.763,SERVO_OUTPUT_RAW,333009829,SERVO_OUTPUT_RAW,0,0,0,0,0,0,0,0,1000,1000,1000,1000,0,0,0,0,0
2025-12-15 00:39:37.863,SERVO_OUTPUT_RAW,333109809,SERVO_OUTPUT_RAW,0,0,0,0,0,0,0,0,1000,1000,1000,1000,0,0,0,0,0
2025-12-15 00:39:37.963,SERVO_OUTPUT_RAW,333209837,SERVO_OUTPUT_RAW,0,0,0,0,0,0,0,0,1000,1000,1000,1000,0,0,0,0,0
2025-12-15 00:39:38.063,SERVO_OUTPUT_RAW,333309838,SERVO_OUTPUT_RAW,0,0,0,0,0,0,0,0,1000,1000,1000,1000,0,0,0,0,0
2025-12-15 00:39:38.163,SERVO_OUTPUT_RAW,333409778,SERVO_OUTPUT_RAW,0,0,0,0,0,0,0,0,1000,1000,1000,1000,0,0,0,0,0
2025-12-15 00:39:38.263,SERVO_OUTPUT_RAW,333509781,SERVO_OUTPUT_RAW,0,0,0,0,0,0,0,0,1000,1000,1000,1000,0,0,0,0,0
2025-12-15 00:39:38.363,SERVO_OUTPUT_RAW,333609789,SERVO_OUTPUT_RAW,0,0,0,0,0,0,0,0,1000,1000,1000,1000,0,0,0,0,0
2025-12-15 00:39:38.463,SERVO_OUTPUT_RAW,333709785,SERVO_OUTPUT_RAW,0,0,0,0,0,0,0,0,1000,1000,1000,1000,0,0,0,0,0
2025-12-15 00:39:38.563,SERVO_OUTPUT_RAW,333809810,SERVO_OUTPUT_RAW,0,0,0,0,0,0,0,0,1000,1000,1000,1000,0,0,0,0,0
2025-12-15 00:39:38.663,SERVO_OUTPUT_RAW,333909814,SERVO_OUTPUT_RAW,0,0,0,0,0,0,0,0,1000,1000,1000,1000,0,0,0,0,0
2025-12-15 00:39:38.763,SERVO_OUTPUT_RAW,334009831,SERVO_OUTPUT_RAW,0,0,0,0,0,0,0,0,1000,1000,1000,1000,0,0,0,0,0
2025-12-15 00:39:38.863,SERVO_OUTPUT_RAW,334112143,SERVO_OUTPUT_RAW,0,0,0,0,0,0,0,0,1000,1000,1000,1000,0,0,0,0,0
2025-12-15 00:39:38.963,SERVO_OUTPUT_RAW,334209806,SERVO_OUTPUT_RAW,0,0,0,0,0,0,0,0,1000,1000,1000,1000,0,0,0,0,0
2025-12-15 00:39:39.063,SERVO_OUTPUT_RAW,334309850,SERVO_OUTPUT_RAW,0,0,0,0,0,0,0,0,1000,1000,1000,1000,0,0,0,0,0
2025-12-15 00:39:39.163,SERVO_OUTPUT_RAW,334409849,SERVO_OUTPUT_RAW,0,0,0,0,0,0,0,0,1000,1000,1000,1000,0,0,0,0,0
2025-12-15 00:39:39.263,SERVO_OUTPUT_RAW,334509837,SERVO_OUTPUT_RAW,0,0,0,0,0,0,0,0,1000,1000,1000,1000,0,0,0,0,0
2025-12-15 00:39:39.363,SERVO_OUTPUT_RAW,334609782,SERVO_OUTPUT_RAW,0,0,0,0,0,0,0,0,1000,1000,1000,1000,0,0,0,0,0
2025-12-15 00:39:39.463,SERVO_OUTPUT_RAW,334709810,SERVO_OUTPUT_RAW,0,0,0,0,0,0,0,0,1000,1000,1000,1000,0,0,0,0,0
2025-12-15 00:39:39.563,SERVO_OUTPUT_RAW,334809879,SERVO_OUTPUT_RAW,0,0,0,0,0,0,0,0,1000,1000,1000,1000,0,0,0,0,0
2025-12-15 00:39:39.664,SERVO_OUTPUT_RAW,334909783,SERVO_OUTPUT_RAW,0,0,0,0,0,0,0,0,1000,1000,1000,1000,0,0,0,0,0
2025-12-15 00:39:39.763,SERVO_OUTPUT_RAW,335009796,SERVO_OUTPUT_RAW,0,0,0,0,0,0,0,0,1000,1000,1000,1000,0,0,0,0,0
2025-12-15 00:39:39.865,SERVO_OUTPUT_RAW,335109788,SERVO_OUTPUT_RAW,0,0,0,0,0,0,0,0,1000,1000,1000,1000,0,0,0,0,0
2025-12-15 00:39:39.964,SERVO_OUTPUT_RAW,335209792,SERVO_OUTPUT_RAW,0,0,0,0,0,0,0,0,1000,1000,1000,1000,0,0,0,0,0
2025-12-15 00:39:40.064,SERVO_OUTPUT_RAW,335309800,SERVO_OUTPUT_RAW,0,0,0,0,0,0,0,0,1000,1000,1000,1000,0,0,0,0,0
2025-12-15 00:39:40.163,SERVO_OUTPUT_RAW,335409800,SERVO_OUTPUT_RAW,0,0,0,0,0,0,0,0,1000,1000,1000,1000,0,0,0,0,0
2025-12-15 00:39:40.263,SERVO_OUTPUT_RAW,335509825,SERVO_OUTPUT_RAW,0,0,0,0,0,0,0,0,1000,1000,1000,1000,0,0,0,0,0
2025-12-15 00:39:40.364,SERVO_OUTPUT_RAW,335609832,SERVO_OUTPUT_RAW,0,0,0,0,0,0,0,0,1000,1000,1000,1000,0,0,0,0,0
2025-12-15 00:39:40.463,SERVO_OUTPUT_RAW,335709795,SERVO_OUTPUT_RAW,0,0,0,0,0,0,0,0,1000,1000,1000,1000,0,0,0,0,0
2025-12-15 00:39:40.563,SERVO_OUTPUT_RAW,335809785,SERVO_OUTPUT_RAW,0,0,0,0,0,0,0,0,1000,1000,1000,1000,0,0,0,0,0
2025-12-15 00:39:40.664,SERVO_OUTPUT_RAW,335909815,SERVO_OUTPUT_RAW,0,0,0,0,0,0,0,0,1000,1000,1000,1000,0,0,0,0,0
2025-12-15 00:39:40.764,SERVO_OUTPUT_RAW,336009860,SERVO_OUTPUT_RAW,0,0,0,0,0,0,0,0,1000,1000,1000,1000,0,0,0,0,0
2025-12-15 00:39:40.863,SERVO_OUTPUT_RAW,336109820,SERVO_OUTPUT_RAW,0,0,0,0,0,0,0,0,1000,1000,1000,1000,0,0,0,0,0
2025-12-15 00:39:40.963,SERVO_OUTPUT_RAW,336209781,SERVO_OUTPUT_RAW,0,0,0,0,0,0,0,0,1000,1000,1000,1000,0,0,0,0,0
2025-12-15 00:39:41.063,SERVO_OUTPUT_RAW,336309826,SERVO_OUTPUT_RAW,0,0,0,0,0,0,0,0,1000,1000,1000,1000,0,0,0,0,0
2025-12-15 00:39:41.163,SERVO_OUTPUT_RAW,336409818,SERVO_OUTPUT_RAW,0,0,0,0,0,0,0,0,1000,1000,1000,1000,0,0,0,0,0
2025-12-15 00:39:41.263,SERVO_OUTPUT_RAW,336509785,SERVO_OUTPUT_RAW,0,0,0,0,0,0,0,0,1000,1000,1000,1000,0,0,0,0,0
2025-12-15 00:39:41.363,SERVO_OUTPUT_RAW,336609914,SERVO_OUTPUT_RAW,0,0,0,0,0,0,0,0,1000,1000,1000,1000,0,0,0,0,0
2025-12-15 00:39:41.464,SERVO_OUTPUT_RAW,336709796,SERVO_OUTPUT_RAW,0,0,0,0,0,0,0,0,1000,1000,1000,1000,0,0,0,0,0
2025-12-15 00:39:41.563,SERVO_OUTPUT_RAW,336809812,SERVO_OUTPUT_RAW,0,0,0,0,0,0,0,0,1000,1000,1000,1000,0,0,0,0,0
2025-12-15 00:39:41.664,SERVO_OUTPUT_RAW,336912110,SERVO_OUTPUT_RAW,0,0,0,0,0,0,0,0,1000,1000,1000,1000,0,0,0,0,0
2025-12-15 00:39:41.764,SERVO_OUTPUT_RAW,337009794,SERVO_OUTPUT_RAW,0,0,0,0,0,0,0,0,1000,1000,1000,1000,0,0,0,0,0
2025-12-15 00:39:41.863,SERVO_OUTPUT_RAW,337109833,SERVO_OUTPUT_RAW,0,0,0,0,0,0,0,0,1000,1000,1000,1000,0,0,0,0,0
2025-12-15 00:39:41.964,SERVO_OUTPUT_RAW,337209828,SERVO_OUTPUT_RAW,0,0,0,0,0,0,0,0,1000,1000,1000,1000,0,0,0,0,0
2025-12-15 00:39:42.064,SERVO_OUTPUT_RAW,337309856,SERVO_OUTPUT_RAW,0,0,0,0,0,0,0,0,1000,1000,1000,1000,0,0,0,0,0
2025-12-15 00:39:42.164,SERVO_OUTPUT_RAW,337409837,SERVO_OUTPUT_RAW,0,0,0,0,0,0,0,0,1000,1000,1000,1000,0,0,0,0,0
2025-12-15 00:39:42.264,SERVO_OUTPUT_RAW,337509839,SERVO_OUTPUT_RAW,0,0,0,0,0,0,0,0,1000,1000,1000,1000,0,0,0,0,0
2025-12-15 00:39:42.411,SERVO_OUTPUT_RAW,337609874,SERVO_OUTPUT_RAW,0,0,0,0,0,0,0,0,1000,1000,1000,1000,0,0,0,0,0
2025-12-15 00:39:42.464,SERVO_OUTPUT_RAW,337709902,SERVO_OUTPUT_RAW,0,0,0,0,0,0,0,0,1000,1000,1000,1000,0,0,0,0,0
2025-12-15 00:39:42.563,SERVO_OUTPUT_RAW,337809813,SERVO_OUTPUT_RAW,0,0,0,0,0,0,0,0,1000,1000,1000,1000,0,0,0,0,0
2025-12-15 00:39:42.664,SERVO_OUTPUT_RAW,337909813,SERVO_OUTPUT_RAW,0,0,0,0,0,0,0,0,1000,1000,1000,1000,0,0,0,0,0
2025-12-15 00:39:42.764,SERVO_OUTPUT_RAW,338009819,SERVO_OUTPUT_RAW,0,0,0,0,0,0,0,0,1000,1000,1000,1000,0,0,0,0,0
2025-12-15 00:39:42.864,SERVO_OUTPUT_RAW,338109783,SERVO_OUTPUT_RAW,0,0,0,0,0,0,0,0,1000,1000,1000,1000,0,0,0,0,0
2025-12-15 00:39:42.964,SERVO_OUTPUT_RAW,338209780,SERVO_OUTPUT_RAW,0,0,0,0,0,0,0,0,1000,1000,1000,1000,0,0,0,0,0
2025-12-15 00:39:43.064,SERVO_OUTPUT_RAW,338309797,SERVO_OUTPUT_RAW,0,0,0,0,0,0,0,0,1000,1000,1000,1000,0,0,0,0,0
2025-12-15 00:39:43.164,SERVO_OUTPUT_RAW,338409785,SERVO_OUTPUT_RAW,0,0,0,0,0,0,0,0,1000,1000,1000,1000,0,0,0,0,0
2025-12-15 00:39:43.263,SERVO_OUTPUT_RAW,338509785,SERVO_OUTPUT_RAW,0,0,0,0,0,0,0,0,1000,1000,1000,1000,0,0,0,0,0
2025-12-15 00:39:43.364,SERVO_OUTPUT_RAW,338612185,SERVO_OUTPUT_RAW,0,0,0,0,0,0,0,0,1000,1000,1000,1000,0,0,0,0,0
2025-12-15 00:39:43.463,SERVO_OUTPUT_RAW,338709828,SERVO_OUTPUT_RAW,0,0,0,0,0,0,0,0,1000,1000,1000,1000,0,0,0,0,0
2025-12-15 00:39:43.564,SERVO_OUTPUT_RAW,338809865,SERVO_OUTPUT_RAW,0,0,0,0,0,0,0,0,1000,1000,1000,1000,0,0,0,0,0
2025-12-15 00:39:43.663,SERVO_OUTPUT_RAW,338909799,SERVO_OUTPUT_RAW,0,0,0,0,0,0,0,0,1000,1000,1000,1000,0,0,0,0,0
2025-12-15 00:39:43.764,SERVO_OUTPUT_RAW,339012111,SERVO_OUTPUT_RAW,0,0,0,0,0,0,0,0,1000,1000,1000,1000,0,0,0,0,0
2025-12-15 00:39:43.864,SERVO_OUTPUT_RAW,339109838,SERVO_OUTPUT_RAW,0,0,0,0,0,0,0,0,1000,1000,1000,1000,0,0,0,0,0
2025-12-15 00:39:43.964,SERVO_OUTPUT_RAW,339209826,SERVO_OUTPUT_RAW,0,0,0,0,0,0,0,0,1000,1000,1000,1000,0,0,0,0,0
2025-12-15 00:39:44.063,SERVO_OUTPUT_RAW,339309780,SERVO_OUTPUT_RAW,0,0,0,0,0,0,0,0,1000,1000,1000,1000,0,0,0,0,0
2025-12-15 00:39:44.163,SERVO_OUTPUT_RAW,339409801,SERVO_OUTPUT_RAW,0,0,0,0,0,0,0,0,1000,1000,1000,1000,0,0,0,0,0
2025-12-15 00:39:44.263,SERVO_OUTPUT_RAW,339509827,SERVO_OUTPUT_RAW,0,0,0,0,0,0,0,0,1000,1000,1000,1000,0,0,0,0,0
2025-12-15 00:39:44.363,SERVO_OUTPUT_RAW,339609777,SERVO_OUTPUT_RAW,0,0,0,0,0,0,0,0,1000,1000,1000,1000,0,0,0,0,0
2025-12-15 00:39:44.463,SERVO_OUTPUT_RAW,339709781,SERVO_OUTPUT_RAW,0,0,0,0,0,0,0,0,1000,1000,1000,1000,0,0,0,0,0
2025-12-15 00:39:44.563,SERVO_OUTPUT_RAW,339809796,SERVO_OUTPUT_RAW,0,0,0,0,0,0,0,0,1000,1000,1000,1000,0,0,0,0,0
2025-12-15 00:39:44.663,SERVO_OUTPUT_RAW,339909783,SERVO_OUTPUT_RAW,0,0,0,0,0,0,0,0,1000,1000,1000,1000,0,0,0,0,0
2025-12-15 00:39:44.763,SERVO_OUTPUT_RAW,340009786,SERVO_OUTPUT_RAW,0,0,0,0,0,0,0,0,1000,1000,1000,1000,0,0,0,0,0
2025-12-15 00:39:44.863,SERVO_OUTPUT_RAW,340109787,SERVO_OUTPUT_RAW,0,0,0,0,0,0,0,0,1000,1000,1000,1000,0,0,0,0,0
2025-12-15 00:39:44.963,SERVO_OUTPUT_RAW,340209823,SERVO_OUTPUT_RAW,0,0,0,0,0,0,0,0,1000,1000,1000,1000,0,0,0,0,0
2025-12-15 00:39:45.063,SERVO_OUTPUT_RAW,340309848,SERVO_OUTPUT_RAW,0,0,0,0,0,0,0,0,1000,1000,1000,1000,0,0,0,0,0
2025-12-15 00:39:45.163,SERVO_OUTPUT_RAW,340412137,SERVO_OUTPUT_RAW,0,0,0,0,0,0,0,0,1000,1000,1000,1000,0,0,0,0,0
2025-12-15 00:39:45.263,SERVO_OUTPUT_RAW,340509893,SERVO_OUTPUT_RAW,0,0,0,0,0,0,0,0,1000,1000,1000,1000,0,0,0,0,0
2025-12-15 00:39:45.363,SERVO_OUTPUT_RAW,340609822,SERVO_OUTPUT_RAW,0,0,0,0,0,0,0,0,1000,1000,1000,1000,0,0,0,0,0
2025-12-15 00:39:45.463,SERVO_OUTPUT_RAW,340709837,SERVO_OUTPUT_RAW,0,0,0,0,0,0,0,0,1000,1000,1000,1000,0,0,0,0,0
2025-12-15 00:39:45.563,SERVO_OUTPUT_RAW,340809779,SERVO_OUTPUT_RAW,0,0,0,0,0,0,0,0,1000,1000,1000,1000,0,0,0,0,0
2025-12-15 00:39:45.663,SERVO_OUTPUT_RAW,340909783,SERVO_OUTPUT_RAW,0,0,0,0,0,0,0,0,1000,1000,1000,1000,0,0,0,0,0
2025-12-15 00:39:45.764,SERVO_OUTPUT_RAW,341009810,SERVO_OUTPUT_RAW,0,0,0,0,0,0,0,0,1000,1000,1000,1000,0,0,0,0,0
2025-12-15 00:39:45.863,SERVO_OUTPUT_RAW,341109870,SERVO_OUTPUT_RAW,0,0,0,0,0,0,0,0,1000,1000,1000,1000,0,0,0,0,0
2025-12-15 00:39:45.963,SERVO_OUTPUT_RAW,341209791,SERVO_OUTPUT_RAW,0,0,0,0,0,0,0,0,1000,1000,1000,1000,0,0,0,0,0
2025-12-15 00:39:46.063,SERVO_OUTPUT_RAW,341309792,SERVO_OUTPUT_RAW,0,0,0,0,0,0,0,0,1000,1000,1000,1000,0,0,0,0,0
2025-12-15 00:39:46.163,SERVO_OUTPUT_RAW,341409788,SERVO_OUTPUT_RAW,0,0,0,0,0,0,0,0,1000,1000,1000,1000,0,0,0,0,0
2025-12-15 00:39:46.263,SERVO_OUTPUT_RAW,341509810,SERVO_OUTPUT_RAW,0,0,0,0,0,0,0,0,1000,1000,1000,1000,0,0,0,0,0
2025-12-15 00:39:46.363,SERVO_OUTPUT_RAW,341609780,SERVO_OUTPUT_RAW,0,0,0,0,0,0,0,0,1000,1000,1000,1000,0,0,0,0,0
2025-12-15 00:39:46.463,SERVO_OUTPUT_RAW,341709826,SERVO_OUTPUT_RAW,0,0,0,0,0,0,0,0,1000,1000,1000,1000,0,0,0,0,0
2025-12-15 00:39:46.563,SERVO_OUTPUT_RAW,341809877,SERVO_OUTPUT_RAW,0,0,0,0,0,0,0,0,1000,1000,1000,1000,0,0,0,0,0
2025-12-15 00:39:46.663,SERVO_OUTPUT_RAW,341909808,SERVO_OUTPUT_RAW,0,0,0,0,0,0,0,0,1000,1000,1000,1000,0,0,0,0,0
2025-12-15 00:39:46.764,SERVO_OUTPUT_RAW,342009819,SERVO_OUTPUT_RAW,0,0,0,0,0,0,0,0,1000,1000,1000,1000,0,0,0,0,0
2025-12-15 00:39:46.863,SERVO_OUTPUT_RAW,342109815,SERVO_OUTPUT_RAW,0,0,0,0,0,0,0,0,1000,1000,1000,1000,0,0,0,0,0
2025-12-15 00:39:46.963,SERVO_OUTPUT_RAW,342209863,SERVO_OUTPUT_RAW,0,0,0,0,0,0,0,0,1000,1000,1000,1000,0,0,0,0,0
2025-12-15 00:39:47.063,SERVO_OUTPUT_RAW,342309834,SERVO_OUTPUT_RAW,0,0,0,0,0,0,0,0,1000,1000,1000,1000,0,0,0,0,0
2025-12-15 00:39:47.164,SERVO_OUTPUT_RAW,342409777,SERVO_OUTPUT_RAW,0,0,0,0,0,0,0,0,1000,1000,1000,1000,0,0,0,0,0
2025-12-15 00:39:47.263,SERVO_OUTPUT_RAW,342509790,SERVO_OUTPUT_RAW,0,0,0,0,0,0,0,0,1000,1000,1000,1000,0,0,0,0,0
2025-12-15 00:39:47.363,SERVO_OUTPUT_RAW,342609810,SERVO_OUTPUT_RAW,0,0,0,0,0,0,0,0,1000,1000,1000,1000,0,0,0,0,0
2025-12-15 00:39:47.463,SERVO_OUTPUT_RAW,342709782,SERVO_OUTPUT_RAW,0,0,0,0,0,0,0,0,1000,1000,1000,1000,0,0,0,0,0
2025-12-15 00:39:47.563,SERVO_OUTPUT_RAW,342809783,SERVO_OUTPUT_RAW,0,0,0,0,0,0,0,0,1000,1000,1000,1000,0,0,0,0,0
2025-12-15 00:39:47.663,SERVO_OUTPUT_RAW,342909800,SERVO_OUTPUT_RAW,0,0,0,0,0,0,0,0,1000,1000,1000,1000,0,0,0,0,0
2025-12-15 00:39:47.764,SERVO_OUTPUT_RAW,343009789,SERVO_OUTPUT_RAW,0,0,0,0,0,0,0,0,1000,1000,1000,1000,0,0,0,0,0
2025-12-15 00:39:47.863,SERVO_OUTPUT_RAW,343109803,SERVO_OUTPUT_RAW,0,0,0,0,0,0,0,0,1000,1000,1000,1000,0,0,0,0,0
2025-12-15 00:39:47.963,SERVO_OUTPUT_RAW,343209878,SERVO_OUTPUT_RAW,0,0,0,0,0,0,0,0,1000,1000,1000,1000,0,0,0,0,0
2025-12-15 00:39:48.063,SERVO_OUTPUT_RAW,343309816,SERVO_OUTPUT_RAW,0,0,0,0,0,0,0,0,1000,1000,1000,1000,0,0,0,0,0
2025-12-15 00:39:48.163,SERVO_OUTPUT_RAW,343409868,SERVO_OUTPUT_RAW,0,0,0,0,0,0,0,0,1000,1000,1000,1000,0,0,0,0,0
2025-12-15 00:39:48.263,SERVO_OUTPUT_RAW,343509857,SERVO_OUTPUT_RAW,0,0,0,0,0,0,0,0,1000,1000,1000,1000,0,0,0,0,0
2025-12-15 00:39:48.363,SERVO_OUTPUT_RAW,343609779,SERVO_OUTPUT_RAW,0,0,0,0,0,0,0,0,1000,1000,1000,1000,0,0,0,0,0
2025-12-15 00:39:48.464,SERVO_OUTPUT_RAW,343709818,SERVO_OUTPUT_RAW,0,0,0,0,0,0,0,0,1000,1000,1000,1000,0,0,0,0,0
2025-12-15 00:39:48.563,SERVO_OUTPUT_RAW,343809857,SERVO_OUTPUT_RAW,0,0,0,0,0,0,0,0,1000,1000,1000,1000,0,0,0,0,0
2025-12-15 00:39:48.663,SERVO_OUTPUT_RAW,343909832,SERVO_OUTPUT_RAW,0,0,0,0,0,0,0,0,1000,1000,1000,1000,0,0,0,0,0
2025-12-15 00:39:48.764,SERVO_OUTPUT_RAW,344009800,SERVO_OUTPUT_RAW,0,0,0,0,0,0,0,0,1000,1000,1000,1000,0,0,0,0,0
2025-12-15 00:39:48.863,SERVO_OUTPUT_RAW,344109810,SERVO_OUTPUT_RAW,0,0,0,0,0,0,0,0,1000,1000,1000,1000,0,0,0,0,0
2025-12-15 00:39:48.963,SERVO_OUTPUT_RAW,344209809,SERVO_OUTPUT_RAW,0,0,0,0,0,0,0,0,1000,1000,1000,1000,0,0,0,0,0
2025-12-15 00:39:49.063,SERVO_OUTPUT_RAW,344309781,SERVO_OUTPUT_RAW,0,0,0,0,0,0,0,0,1000,1000,1000,1000,0,0,0,0,0
2025-12-15 00:39:49.164,SERVO_OUTPUT_RAW,344409799,SERVO_OUTPUT_RAW,0,0,0,0,0,0,0,0,1000,1000,1000,1000,0,0,0,0,0
2025-12-15 00:39:49.264,SERVO_OUTPUT_RAW,344509782,SERVO_OUTPUT_RAW,0,0,0,0,0,0,0,0,1000,1000,1000,1000,0,0,0,0,0
2025-12-15 00:39:49.363,SERVO_OUTPUT_RAW,344609789,SERVO_OUTPUT_RAW,0,0,0,0,0,0,0,0,1000,1000,1000,1000,0,0,0,0,0
2025-12-15 00:39:49.464,SERVO_OUTPUT_RAW,344709815,SERVO_OUTPUT_RAW,0,0,0,0,0,0,0,0,1000,1000,1000,1000,0,0,0,0,0
2025-12-15 00:39:49.563,SERVO_OUTPUT_RAW,344809795,SERVO_OUTPUT_RAW,0,0,0,0,0,0,0,0,1000,1000,1000,1000,0,0,0,0,0
2025-12-15 00:39:49.664,SERVO_OUTPUT_RAW,344909848,SERVO_OUTPUT_RAW,0,0,0,0,0,0,0,0,1000,1000,1000,1000,0,0,0,0,0
2025-12-15 00:39:49.764,SERVO_OUTPUT_RAW,345009839,SERVO_OUTPUT_RAW,0,0,0,0,0,0,0,0,1000,1000,1000,1000,0,0,0,0,0
2025-12-15 00:39:49.865,SERVO_OUTPUT_RAW,345109806,SERVO_OUTPUT_RAW,0,0,0,0,0,0,0,0,1000,1000,1000,1000,0,0,0,0,0
2025-12-15 00:39:49.964,SERVO_OUTPUT_RAW,345209838,SERVO_OUTPUT_RAW,0,0,0,0,0,0,0,0,1000,1000,1000,1000,0,0,0,0,0
2025-12-15 00:39:50.064,SERVO_OUTPUT_RAW,345312070,SERVO_OUTPUT_RAW,0,0,0,0,0,0,0,0,1000,1000,1000,1000,0,0,0,0,0
2025-12-15 00:39:50.164,SERVO_OUTPUT_RAW,345409848,SERVO_OUTPUT_RAW,0,0,0,0,0,0,0,0,1000,1000,1000,1000,0,0,0,0,0
2025-12-15 00:39:50.264,SERVO_OUTPUT_RAW,345509786,SERVO_OUTPUT_RAW,0,0,0,0,0,0,0,0,1000,1000,1000,1000,0,0,0,0,0
2025-12-15 00:39:50.364,SERVO_OUTPUT_RAW,345609797,SERVO_OUTPUT_RAW,0,0,0,0,0,0,0,0,1000,1000,1000,1000,0,0,0,0,0
2025-12-15 00:39:50.464,SERVO_OUTPUT_RAW,345709835,SERVO_OUTPUT_RAW,0,0,0,0,0,0,0,0,1000,1000,1000,1000,0,0,0,0,0
2025-12-15 00:39:50.564,SERVO_OUTPUT_RAW,345809821,SERVO_OUTPUT_RAW,0,0,0,0,0,0,0,0,1000,1000,1000,1000,0,0,0,0,0
2025-12-15 00:39:50.664,SERVO_OUTPUT_RAW,345909781,SERVO_OUTPUT_RAW,0,0,0,0,0,0,0,0,1000,1000,1000,1000,0,0,0,0,0
2025-12-15 00:39:50.764,SERVO_OUTPUT_RAW,346009780,SERVO_OUTPUT_RAW,0,0,0,0,0,0,0,0,1000,1000,1000,1000,0,0,0,0,0
2025-12-15 00:39:50.864,SERVO_OUTPUT_RAW,346109784,SERVO_OUTPUT_RAW,0,0,0,0,0,0,0,0,1000,1000,1000,1000,0,0,0,0,0
2025-12-15 00:39:50.964,SERVO_OUTPUT_RAW,346209789,SERVO_OUTPUT_RAW,0,0,0,0,0,0,0,0,1000,1000,1000,1000,0,0,0,0,0
2025-12-15 00:39:51.064,SERVO_OUTPUT_RAW,346312121,SERVO_OUTPUT_RAW,0,0,0,0,0,0,0,0,1000,1000,1000,1000,0,0,0,0,0
2025-12-15 00:39:51.164,SERVO_OUTPUT_RAW,346409819,SERVO_OUTPUT_RAW,0,0,0,0,0,0,0,0,1000,1000,1000,1000,0,0,0,0,0
2025-12-15 00:39:51.264,SERVO_OUTPUT_RAW,346509839,SERVO_OUTPUT_RAW,0,0,0,0,0,0,0,0,1000,1000,1000,1000,0,0,0,0,0
2025-12-15 00:39:51.364,SERVO_OUTPUT_RAW,346609856,SERVO_OUTPUT_RAW,0,0,0,0,0,0,0,0,1000,1000,1000,1000,0,0,0,0,0
2025-12-15 00:39:51.464,SERVO_OUTPUT_RAW,346709820,SERVO_OUTPUT_RAW,0,0,0,0,0,0,0,0,1000,1000,1000,1000,0,0,0,0,0
2025-12-15 00:39:51.564,SERVO_OUTPUT_RAW,346809819,SERVO_OUTPUT_RAW,0,0,0,0,0,0,0,0,1000,1000,1000,1000,0,0,0,0,0
2025-12-15 00:39:51.664,SERVO_OUTPUT_RAW,346909847,SERVO_OUTPUT_RAW,0,0,0,0,0,0,0,0,1000,1000,1000,1000,0,0,0,0,0
2025-12-15 00:39:51.764,SERVO_OUTPUT_RAW,347009811,SERVO_OUTPUT_RAW,0,0,0,0,0,0,0,0,1000,1000,1000,1000,0,0,0,0,0
2025-12-15 00:39:51.864,SERVO_OUTPUT_RAW,347109783,SERVO_OUTPUT_RAW,0,0,0,0,0,0,0,0,1000,1000,1000,1000,0,0,0,0,0
2025-12-15 00:39:51.964,SERVO_OUTPUT_RAW,347209807,SERVO_OUTPUT_RAW,0,0,0,0,0,0,0,0,1000,1000,1000,1000,0,0,0,0,0
2025-12-15 00:39:52.064,SERVO_OUTPUT_RAW,347309826,SERVO_OUTPUT_RAW,0,0,0,0,0,0,0,0,1000,1000,1000,1000,0,0,0,0,0
2025-12-15 00:39:52.164,SERVO_OUTPUT_RAW,347409877,SERVO_OUTPUT_RAW,0,0,0,0,0,0,0,0,1000,1000,1000,1000,0,0,0,0,0
2025-12-15 00:39:52.264,SERVO_OUTPUT_RAW,347509780,SERVO_OUTPUT_RAW,0,0,0,0,0,0,0,0,1000,1000,1000,1000,0,0,0,0,0
2025-12-15 00:39:52.364,SERVO_OUTPUT_RAW,347609807,SERVO_OUTPUT_RAW,0,0,0,0,0,0,0,0,1000,1000,1000,1000,0,0,0,0,0
2025-12-15 00:39:52.464,SERVO_OUTPUT_RAW,347709799,SERVO_OUTPUT_RAW,0,0,0,0,0,0,0,0,1000,1000,1000,1000,0,0,0,0,0
2025-12-15 00:39:52.563,SERVO_OUTPUT_RAW,347809788,SERVO_OUTPUT_RAW,0,0,0,0,0,0,0,0,1000,1000,1000,1000,0,0,0,0,0
2025-12-15 00:39:52.663,SERVO_OUTPUT_RAW,347909787,SERVO_OUTPUT_RAW,0,0,0,0,0,0,0,0,1000,1000,1000,1000,0,0,0,0,0
2025-12-15 00:39:52.763,SERVO_OUTPUT_RAW,348009835,SERVO_OUTPUT_RAW,0,0,0,0,0,0,0,0,1000,1000,1000,1000,0,0,0,0,0
2025-12-15 00:39:52.863,SERVO_OUTPUT_RAW,348109833,SERVO_OUTPUT_RAW,0,0,0,0,0,0,0,0,1000,1000,1000,1000,0,0,0,0,0
2025-12-15 00:39:52.964,SERVO_OUTPUT_RAW,348209847,SERVO_OUTPUT_RAW,0,0,0,0,0,0,0,0,1000,1000,1000,1000,0,0,0,0,0
2025-12-15 00:39:53.064,SERVO_OUTPUT_RAW,348309808,SERVO_OUTPUT_RAW,0,0,0,0,0,0,0,0,1000,1000,1000,1000,0,0,0,0,0
2025-12-15 00:39:53.164,SERVO_OUTPUT_RAW,348409804,SERVO_OUTPUT_RAW,0,0,0,0,0,0,0,0,1000,1000,1000,1000,0,0,0,0,0
2025-12-15 00:39:53.264,SERVO_OUTPUT_RAW,348509858,SERVO_OUTPUT_RAW,0,0,0,0,0,0,0,0,1000,1000,1000,1000,0,0,0,0,0
2025-12-15 00:39:53.364,SERVO_OUTPUT_RAW,348609847,SERVO_OUTPUT_RAW,0,0,0,0,0,0,0,0,1000,1000,1000,1000,0,0,0,0,0
2025-12-15 00:39:53.464,SERVO_OUTPUT_RAW,348709795,SERVO_OUTPUT_RAW,0,0,0,0,0,0,0,0,1000,1000,1000,1000,0,0,0,0,0
2025-12-15 00:39:53.564,SERVO_OUTPUT_RAW,348809858,SERVO_OUTPUT_RAW,0,0,0,0,0,0,0,0,1000,1000,1000,1000,0,0,0,0,0
2025-12-15 00:39:53.664,SERVO_OUTPUT_RAW,348909818,SERVO_OUTPUT_RAW,0,0,0,0,0,0,0,0,1000,1000,1000,1000,0,0,0,0,0
2025-12-15 00:39:53.764,SERVO_OUTPUT_RAW,349009779,SERVO_OUTPUT_RAW,0,0,0,0,0,0,0,0,1000,1000,1000,1000,0,0,0,0,0
2025-12-15 00:39:53.864,SERVO_OUTPUT_RAW,349109799,SERVO_OUTPUT_RAW,0,0,0,0,0,0,0,0,1000,1000,1000,1000,0,0,0,0,0
2025-12-15 00:39:53.963,SERVO_OUTPUT_RAW,349209807,SERVO_OUTPUT_RAW,0,0,0,0,0,0,0,0,1000,1000,1000,1000,0,0,0,0,0
2025-12-15 00:39:54.063,SERVO_OUTPUT_RAW,349309782,SERVO_OUTPUT_RAW,0,0,0,0,0,0,0,0,1000,1000,1000,1000,0,0,0,0,0
2025-12-15 00:39:54.163,SERVO_OUTPUT_RAW,349409792,SERVO_OUTPUT_RAW,0,0,0,0,0,0,0,0,1000,1000,1000,1000,0,0,0,0,0
2025-12-15 00:39:54.263,SERVO_OUTPUT_RAW,349512181,SERVO_OUTPUT_RAW,0,0,0,0,0,0,0,0,1000,1000,1000,1000,0,0,0,0,0
2025-12-15 00:39:54.364,SERVO_OUTPUT_RAW,349609832,SERVO_OUTPUT_RAW,0,0,0,0,0,0,0,0,1000,1000,1000,1000,0,0,0,0,0
2025-12-15 00:39:54.463,SERVO_OUTPUT_RAW,349709844,SERVO_OUTPUT_RAW,0,0,0,0,0,0,0,0,1000,1000,1000,1000,0,0,0,0,0
2025-12-15 00:39:54.563,SERVO_OUTPUT_RAW,349809777,SERVO_OUTPUT_RAW,0,0,0,0,0,0,0,0,1000,1000,1000,1000,0,0,0,0,0
2025-12-15 00:39:54.663,SERVO_OUTPUT_RAW,349909804,SERVO_OUTPUT_RAW,0,0,0,0,0,0,0,0,1000,1000,1000,1000,0,0,0,0,0
2025-12-15 00:39:54.763,SERVO_OUTPUT_RAW,350009846,SERVO_OUTPUT_RAW,0,0,0,0,0,0,0,0,1000,1000,1000,1000,0,0,0,0,0
2025-12-15 00:39:54.865,SERVO_OUTPUT_RAW,350109832,SERVO_OUTPUT_RAW,0,0,0,0,0,0,0,0,1000,1000,1000,1000,0,0,0,0,0
2025-12-15 00:39:54.964,SERVO_OUTPUT_RAW,350209851,SERVO_OUTPUT_RAW,0,0,0,0,0,0,0,0,1000,1000,1000,1000,0,0,0,0,0
2025-12-15 00:39:55.063,SERVO_OUTPUT_RAW,350309811,SERVO_OUTPUT_RAW,0,0,0,0,0,0,0,0,1000,1000,1000,1000,0,0,0,0,0
2025-12-15 00:39:55.163,SERVO_OUTPUT_RAW,350409810,SERVO_OUTPUT_RAW,0,0,0,0,0,0,0,0,1000,1000,1000,1000,0,0,0,0,0
2025-12-15 00:39:55.263,SERVO_OUTPUT_RAW,350509816,SERVO_OUTPUT_RAW,0,0,0,0,0,0,0,0,1000,1000,1000,1000,0,0,0,0,0
2025-12-15 00:39:55.363,SERVO_OUTPUT_RAW,350609789,SERVO_OUTPUT_RAW,0,0,0,0,0,0,0,0,1000,1000,1000,1000,0,0,0,0,0
2025-12-15 00:39:55.463,SERVO_OUTPUT_RAW,350709784,SERVO_OUTPUT_RAW,0,0,0,0,0,0,0,0,1000,1000,1000,1000,0,0,0,0,0
2025-12-15 00:39:55.563,SERVO_OUTPUT_RAW,350809790,SERVO_OUTPUT_RAW,0,0,0,0,0,0,0,0,1000,1000,1000,1000,0,0,0,0,0
2025-12-15 00:39:55.663,SERVO_OUTPUT_RAW,350909787,SERVO_OUTPUT_RAW,0,0,0,0,0,0,0,0,1000,1000,1000,1000,0,0,0,0,0
2025-12-15 00:39:55.763,SERVO_OUTPUT_RAW,351009792,SERVO_OUTPUT_RAW,0,0,0,0,0,0,0,0,1000,1000,1000,1000,0,0,0,0,0
2025-12-15 00:39:55.863,SERVO_OUTPUT_RAW,351109843,SERVO_OUTPUT_RAW,0,0,0,0,0,0,0,0,1000,1000,1000,1000,0,0,0,0,0
2025-12-15 00:39:55.963,SERVO_OUTPUT_RAW,351212146,SERVO_OUTPUT_RAW,0,0,0,0,0,0,0,0,1000,1000,1000,1000,0,0,0,0,0
2025-12-15 00:39:56.063,SERVO_OUTPUT_RAW,351309849,SERVO_OUTPUT_RAW,0,0,0,0,0,0,0,0,1000,1000,1000,1000,0,0,0,0,0
2025-12-15 00:39:56.163,SERVO_OUTPUT_RAW,351409782,SERVO_OUTPUT_RAW,0,0,0,0,0,0,0,0,1000,1000,1000,1000,0,0,0,0,0
2025-12-15 00:39:56.263,SERVO_OUTPUT_RAW,351509821,SERVO_OUTPUT_RAW,0,0,0,0,0,0,0,0,1000,1000,1000,1000,0,0,0,0,0
2025-12-15 00:39:56.363,SERVO_OUTPUT_RAW,351612107,SERVO_OUTPUT_RAW,0,0,0,0,0,0,0,0,1000,1000,1000,1000,0,0,0,0,0
2025-12-15 00:39:56.463,SERVO_OUTPUT_RAW,351709864,SERVO_OUTPUT_RAW,0,0,0,0,0,0,0,0,1000,1000,1000,1000,0,0,0,0,0
2025-12-15 00:39:56.564,SERVO_OUTPUT_RAW,351809786,SERVO_OUTPUT_RAW,0,0,0,0,0,0,0,0,1000,1000,1000,1000,0,0,0,0,0
2025-12-15 00:39:56.663,SERVO_OUTPUT_RAW,351909809,SERVO_OUTPUT_RAW,0,0,0,0,0,0,0,0,1000,1000,1000,1000,0,0,0,0,0
2025-12-15 00:39:56.763,SERVO_OUTPUT_RAW,352009815,SERVO_OUTPUT_RAW,0,0,0,0,0,0,0,0,1000,1000,1000,1000,0,0,0,0,0
2025-12-15 00:39:56.863,SERVO_OUTPUT_RAW,352109826,SERVO_OUTPUT_RAW,0,0,0,0,0,0,0,0,1000,1000,1000,1000,0,0,0,0,0
2025-12-15 00:39:56.964,SERVO_OUTPUT_RAW,352209778,SERVO_OUTPUT_RAW,0,0,0,0,0,0,0,0,1000,1000,1000,1000,0,0,0,0,0
2025-12-15 00:39:57.063,SERVO_OUTPUT_RAW,352309797,SERVO_OUTPUT_RAW,0,0,0,0,0,0,0,0,1000,1000,1000,1000,0,0,0,0,0
2025-12-15 00:39:57.163,SERVO_OUTPUT_RAW,352409780,SERVO_OUTPUT_RAW,0,0,0,0,0,0,0,0,1000,1000,1000,1000,0,0,0,0,0
2025-12-15 00:39:57.263,SERVO_OUTPUT_RAW,352509800,SERVO_OUTPUT_RAW,0,0,0,0,0,0,0,0,1000,1000,1000,1000,0,0,0,0,0
2025-12-15 00:39:57.365,SERVO_OUTPUT_RAW,352609815,SERVO_OUTPUT_RAW,0,0,0,0,0,0,0,0,1000,1000,1000,1000,0,0,0,0,0
2025-12-15 00:39:57.465,SERVO_OUTPUT_RAW,352709837,SERVO_OUTPUT_RAW,0,0,0,0,0,0,0,0,1000,1000,1000,1000,0,0,0,0,0
2025-12-15 00:39:57.563,SERVO_OUTPUT_RAW,352809847,SERVO_OUTPUT_RAW,0,0,0,0,0,0,0,0,1000,1000,1000,1000,0,0,0,0,0
2025-12-15 00:39:57.664,SERVO_OUTPUT_RAW,352909803,SERVO_OUTPUT_RAW,0,0,0,0,0,0,0,0,1000,1000,1000,1000,0,0,0,0,0
2025-12-15 00:39:57.764,SERVO_OUTPUT_RAW,353009836,SERVO_OUTPUT_RAW,0,0,0,0,0,0,0,0,1000,1000,1000,1000,0,0,0,0,0
2025-12-15 00:39:57.864,SERVO_OUTPUT_RAW,353109889,SERVO_OUTPUT_RAW,0,0,0,0,0,0,0,0,1000,1000,1000,1000,0,0,0,0,0
2025-12-15 00:39:57.964,SERVO_OUTPUT_RAW,353209846,SERVO_OUTPUT_RAW,0,0,0,0,0,0,0,0,1000,1000,1000,1000,0,0,0,0,0
2025-12-15 00:39:58.064,SERVO_OUTPUT_RAW,353309814,SERVO_OUTPUT_RAW,0,0,0,0,0,0,0,0,1000,1000,1000,1000,0,0,0,0,0
2025-12-15 00:39:58.164,SERVO_OUTPUT_RAW,353409801,SERVO_OUTPUT_RAW,0,0,0,0,0,0,0,0,1000,1000,1000,1000,0,0,0,0,0
2025-12-15 00:39:58.264,SERVO_OUTPUT_RAW,353509809,SERVO_OUTPUT_RAW,0,0,0,0,0,0,0,0,1000,1000,1000,1000,0,0,0,0,0
2025-12-15 00:39:58.364,SERVO_OUTPUT_RAW,353609835,SERVO_OUTPUT_RAW,0,0,0,0,0,0,0,0,1000,1000,1000,1000,0,0,0,0,0
2025-12-15 00:39:58.464,SERVO_OUTPUT_RAW,353709877,SERVO_OUTPUT_RAW,0,0,0,0,0,0,0,0,1000,1000,1000,1000,0,0,0,0,0
2025-12-15 00:39:58.564,SERVO_OUTPUT_RAW,353809776,SERVO_OUTPUT_RAW,0,0,0,0,0,0,0,0,1000,1000,1000,1000,0,0,0,0,0
2025-12-15 00:39:58.664,SERVO_OUTPUT_RAW,353909800,SERVO_OUTPUT_RAW,0,0,0,0,0,0,0,0,1000,1000,1000,1000,0,0,0,0,0
2025-12-15 00:39:58.764,SERVO_OUTPUT_RAW,354009797,SERVO_OUTPUT_RAW,0,0,0,0,0,0,0,0,1000,1000,1000,1000,0,0,0,0,0
2025-12-15 00:39:58.864,SERVO_OUTPUT_RAW,354112119,SERVO_OUTPUT_RAW,0,0,0,0,0,0,0,0,1000,1000,1000,1000,0,0,0,0,0
2025-12-15 00:39:58.964,SERVO_OUTPUT_RAW,354209807,SERVO_OUTPUT_RAW,0,0,0,0,0,0,0,0,1000,1000,1000,1000,0,0,0,0,0
2025-12-15 00:39:59.064,SERVO_OUTPUT_RAW,354312149,SERVO_OUTPUT_RAW,0,0,0,0,0,0,0,0,1000,1000,1000,1000,0,0,0,0,0
2025-12-15 00:39:59.164,SERVO_OUTPUT_RAW,354409857,SERVO_OUTPUT_RAW,0,0,0,0,0,0,0,0,1000,1000,1000,1000,0,0,0,0,0
2025-12-15 00:39:59.264,SERVO_OUTPUT_RAW,354509797,SERVO_OUTPUT_RAW,0,0,0,0,0,0,0,0,1000,1000,1000,1000,0,0,0,0,0
2025-12-15 00:39:59.364,SERVO_OUTPUT_RAW,354609833,SERVO_OUTPUT_RAW,0,0,0,0,0,0,0,0,1000,1000,1000,1000,0,0,0,0,0
2025-12-15 00:39:59.464,SERVO_OUTPUT_RAW,354709837,SERVO_OUTPUT_RAW,0,0,0,0,0,0,0,0,1000,1000,1000,1000,0,0,0,0,0
2025-12-15 00:39:59.564,SERVO_OUTPUT_RAW,354809852,SERVO_OUTPUT_RAW,0,0,0,0,0,0,0,0,1000,1000,1000,1000,0,0,0,0,0
2025-12-15 00:39:59.664,SERVO_OUTPUT_RAW,354909785,SERVO_OUTPUT_RAW,0,0,0,0,0,0,0,0,1000,1000,1000,1000,0,0,0,0,0
2025-12-15 00:39:59.764,SERVO_OUTPUT_RAW,355009805,SERVO_OUTPUT_RAW,0,0,0,0,0,0,0,0,1000,1000,1000,1000,0,0,0,0,0
2025-12-15 00:39:59.864,SERVO_OUTPUT_RAW,355109829,SERVO_OUTPUT_RAW,0,0,0,0,0,0,0,0,1000,1000,1000,1000,0,0,0,0,0
2025-12-15 00:39:59.964,SERVO_OUTPUT_RAW,355209800,SERVO_OUTPUT_RAW,0,0,0,0,0,0,0,0,1000,1000,1000,1000,0,0,0,0,0
2025-12-15 00:40:00.064,SERVO_OUTPUT_RAW,355309788,SERVO_OUTPUT_RAW,0,0,0,0,0,0,0,0,1000,1000,1000,1000,0,0,0,0,0
2025-12-15 00:40:00.164,SERVO_OUTPUT_RAW,355409810,SERVO_OUTPUT_RAW,0,0,0,0,0,0,0,0,1000,1000,1000,1000,0,0,0,0,0
2025-12-15 00:40:00.265,SERVO_OUTPUT_RAW,355509787,SERVO_OUTPUT_RAW,0,0,0,0,0,0,0,0,1000,1000,1000,1000,0,0,0,0,0
2025-12-15 00:40:00.364,SERVO_OUTPUT_RAW,355609789,SERVO_OUTPUT_RAW,0,0,0,0,0,0,0,0,1000,1000,1000,1000,0,0,0,0,0
2025-12-15 00:40:00.464,SERVO_OUTPUT_RAW,355709817,SERVO_OUTPUT_RAW,0,0,0,0,0,0,0,0,1000,1000,1000,1000,0,0,0,0,0
2025-12-15 00:40:00.564,SERVO_OUTPUT_RAW,355812147,SERVO_OUTPUT_RAW,0,0,0,0,0,0,0,0,1000,1000,1000,1000,0,0,0,0,0
2025-12-15 00:40:00.665,SERVO_OUTPUT_RAW,355909831,SERVO_OUTPUT_RAW,0,0,0,0,0,0,0,0,1000,1000,1000,1000,0,0,0,0,0
2025-12-15 00:40:00.764,SERVO_OUTPUT_RAW,356012137,SERVO_OUTPUT_RAW,0,0,0,0,0,0,0,0,1000,1000,1000,1000,0,0,0,0,0
2025-12-15 00:40:00.864,SERVO_OUTPUT_RAW,356109802,SERVO_OUTPUT_RAW,0,0,0,0,0,0,0,0,1000,1000,1000,1000,0,0,0,0,0
2025-12-15 00:40:00.965,SERVO_OUTPUT_RAW,356209817,SERVO_OUTPUT_RAW,0,0,0,0,0,0,0,0,1000,1000,1000,1000,0,0,0,0,0
2025-12-15 00:40:01.063,SERVO_OUTPUT_RAW,356309844,SERVO_OUTPUT_RAW,0,0,0,0,0,0,0,0,1000,1000,1000,1000,0,0,0,0,0
2025-12-15 00:40:01.162,SERVO_OUTPUT_RAW,356409856,SERVO_OUTPUT_RAW,0,0,0,0,0,0,0,0,1000,1000,1000,1000,0,0,0,0,0
2025-12-15 00:40:01.262,SERVO_OUTPUT_RAW,356509791,SERVO_OUTPUT_RAW,0,0,0,0,0,0,0,0,1000,1000,1000,1000,0,0,0,0,0
2025-12-15 00:40:01.362,SERVO_OUTPUT_RAW,356609931,SERVO_OUTPUT_RAW,0,0,0,0,0,0,0,0,1000,1000,1000,1000,0,0,0,0,0
2025-12-15 00:40:01.462,SERVO_OUTPUT_RAW,356709818,SERVO_OUTPUT_RAW,0,0,0,0,0,0,0,0,1000,1000,1000,1000,0,0,0,0,0
2025-12-15 00:40:01.562,SERVO_OUTPUT_RAW,356809781,SERVO_OUTPUT_RAW,0,0,0,0,0,0,0,0,1000,1000,1000,1000,0,0,0,0,0
2025-12-15 00:40:01.662,SERVO_OUTPUT_RAW,356909785,SERVO_OUTPUT_RAW,0,0,0,0,0,0,0,0,1000,1000,1000,1000,0,0,0,0,0
2025-12-15 00:40:01.762,SERVO_OUTPUT_RAW,357009796,SERVO_OUTPUT_RAW,0,0,0,0,0,0,0,0,1000,1000,1000,1000,0,0,0,0,0
2025-12-15 00:40:01.862,SERVO_OUTPUT_RAW,357109797,SERVO_OUTPUT_RAW,0,0,0,0,0,0,0,0,1000,1000,1000,1000,0,0,0,0,0
2025-12-15 00:40:01.961,SERVO_OUTPUT_RAW,357209774,SERVO_OUTPUT_RAW,0,0,0,0,0,0,0,0,1000,1000,1000,1000,0,0,0,0,0
2025-12-15 00:40:02.062,SERVO_OUTPUT_RAW,357309808,SERVO_OUTPUT_RAW,0,0,0,0,0,0,0,0,1000,1000,1000,1000,0,0,0,0,0
2025-12-15 00:40:02.162,SERVO_OUTPUT_RAW,357409824,SERVO_OUTPUT_RAW,0,0,0,0,0,0,0,0,1000,1000,1000,1000,0,0,0,0,0
2025-12-15 00:40:02.262,SERVO_OUTPUT_RAW,357509842,SERVO_OUTPUT_RAW,0,0,0,0,0,0,0,0,1000,1000,1000,1000,0,0,0,0,0
2025-12-15 00:40:02.364,SERVO_OUTPUT_RAW,357609812,SERVO_OUTPUT_RAW,0,0,0,0,0,0,0,0,1000,1000,1000,1000,0,0,0,0,0
2025-12-15 00:40:02.462,SERVO_OUTPUT_RAW,357709804,SERVO_OUTPUT_RAW,0,0,0,0,0,0,0,0,1000,1000,1000,1000,0,0,0,0,0
2025-12-15 00:40:02.562,SERVO_OUTPUT_RAW,357809827,SERVO_OUTPUT_RAW,0,0,0,0,0,0,0,0,1000,1000,1000,1000,0,0,0,0,0
2025-12-15 00:40:02.662,SERVO_OUTPUT_RAW,357912078,SERVO_OUTPUT_RAW,0,0,0,0,0,0,0,0,1000,1000,1000,1000,0,0,0,0,0
2025-12-15 00:40:02.762,SERVO_OUTPUT_RAW,358009778,SERVO_OUTPUT_RAW,0,0,0,0,0,0,0,0,1000,1000,1000,1000,0,0,0,0,0
2025-12-15 00:40:02.862,SERVO_OUTPUT_RAW,358109793,SERVO_OUTPUT_RAW,0,0,0,0,0,0,0,0,1000,1000,1000,1000,0,0,0,0,0
2025-12-15 00:40:02.962,SERVO_OUTPUT_RAW,358209815,SERVO_OUTPUT_RAW,0,0,0,0,0,0,0,0,1000,1000,1000,1000,0,0,0,0,0
2025-12-15 00:40:03.062,SERVO_OUTPUT_RAW,358309837,SERVO_OUTPUT_RAW,0,0,0,0,0,0,0,0,1000,1000,1000,1000,0,0,0,0,0
2025-12-15 00:40:03.162,SERVO_OUTPUT_RAW,358409792,SERVO_OUTPUT_RAW,0,0,0,0,0,0,0,0,1000,1000,1000,1000,0,0,0,0,0
2025-12-15 00:40:03.261,SERVO_OUTPUT_RAW,358509791,SERVO_OUTPUT_RAW,0,0,0,0,0,0,0,0,1000,1000,1000,1000,0,0,0,0,0
2025-12-15 00:40:03.361,SERVO_OUTPUT_RAW,358609800,SERVO_OUTPUT_RAW,0,0,0,0,0,0,0,0,1000,1000,1000,1000,0,0,0,0,0
2025-12-15 00:40:03.461,SERVO_OUTPUT_RAW,358709786,SERVO_OUTPUT_RAW,0,0,0,0,0,0,0,0,1000,1000,1000,1000,0,0,0,0,0
2025-12-15 00:40:03.561,SERVO_OUTPUT_RAW,358809795,SERVO_OUTPUT_RAW,0,0,0,0,0,0,0,0,1000,1000,1000,1000,0,0,0,0,0
2025-12-15 00:40:03.661,SERVO_OUTPUT_RAW,358909845,SERVO_OUTPUT_RAW,0,0,0,0,0,0,0,0,1000,1000,1000,1000,0,0,0,0,0
2025-12-15 00:40:03.761,SERVO_OUTPUT_RAW,359009842,SERVO_OUTPUT_RAW,0,0,0,0,0,0,0,0,1000,1000,1000,1000,0,0,0,0,0
2025-12-15 00:40:03.861,SERVO_OUTPUT_RAW,359109852,SERVO_OUTPUT_RAW,0,0,0,0,0,0,0,0,1000,1000,1000,1000,0,0,0,0,0
2025-12-15 00:40:03.961,SERVO_OUTPUT_RAW,359209772,SERVO_OUTPUT_RAW,0,0,0,0,0,0,0,0,1000,1000,1000,1000,0,0,0,0,0
2025-12-15 00:40:04.061,SERVO_OUTPUT_RAW,359309840,SERVO_OUTPUT_RAW,0,0,0,0,0,0,0,0,1000,1000,1000,1000,0,0,0,0,0
2025-12-15 00:40:04.161,SERVO_OUTPUT_RAW,359409839,SERVO_OUTPUT_RAW,0,0,0,0,0,0,0,0,1000,1000,1000,1000,0,0,0,0,0
2025-12-15 00:40:04.261,SERVO_OUTPUT_RAW,359509779,SERVO_OUTPUT_RAW,0,0,0,0,0,0,0,0,1000,1000,1000,1000,0,0,0,0,0
2025-12-15 00:40:04.361,SERVO_OUTPUT_RAW,359609785,SERVO_OUTPUT_RAW,0,0,0,0,0,0,0,0,1000,1000,1000,1000,0,0,0,0,0
2025-12-15 00:40:04.461,SERVO_OUTPUT_RAW,359709804,SERVO_OUTPUT_RAW,0,0,0,0,0,0,0,0,1000,1000,1000,1000,0,0,0,0,0
2025-12-15 00:40:04.561,SERVO_OUTPUT_RAW,359809815,SERVO_OUTPUT_RAW,0,0,0,0,0,0,0,0,1000,1000,1000,1000,0,0,0,0,0
2025-12-15 00:40:04.661,SERVO_OUTPUT_RAW,359909790,SERVO_OUTPUT_RAW,0,0,0,0,0,0,0,0,1000,1000,1000,1000,0,0,0,0,0
2025-12-15 00:40:04.761,SERVO_OUTPUT_RAW,360009882,SERVO_OUTPUT_RAW,0,0,0,0,0,0,0,0,1000,1000,1000,1000,0,0,0,0,0
2025-12-15 00:40:04.863,SERVO_OUTPUT_RAW,360109799,SERVO_OUTPUT_RAW,0,0,0,0,0,0,0,0,1000,1000,1000,1000,0,0,0,0,0
2025-12-15 00:40:04.961,SERVO_OUTPUT_RAW,360209796,SERVO_OUTPUT_RAW,0,0,0,0,0,0,0,0,1000,1000,1000,1000,0,0,0,0,0
2025-12-15 00:40:05.061,SERVO_OUTPUT_RAW,360309785,SERVO_OUTPUT_RAW,0,0,0,0,0,0,0,0,1000,1000,1000,1000,0,0,0,0,0
2025-12-15 00:40:05.161,SERVO_OUTPUT_RAW,360409786,SERVO_OUTPUT_RAW,0,0,0,0,0,0,0,0,1000,1000,1000,1000,0,0,0,0,0
2025-12-15 00:40:05.261,SERVO_OUTPUT_RAW,360509838,SERVO_OUTPUT_RAW,0,0,0,0,0,0,0,0,1000,1000,1000,1000,0,0,0,0,0
2025-12-15 00:40:05.361,SERVO_OUTPUT_RAW,360609854,SERVO_OUTPUT_RAW,0,0,0,0,0,0,0,0,1000,1000,1000,1000,0,0,0,0,0
2025-12-15 00:40:05.461,SERVO_OUTPUT_RAW,360709802,SERVO_OUTPUT_RAW,0,0,0,0,0,0,0,0,1000,1000,1000,1000,0,0,0,0,0
2025-12-15 00:40:05.561,SERVO_OUTPUT_RAW,360809867,SERVO_OUTPUT_RAW,0,0,0,0,0,0,0,0,1000,1000,1000,1000,0,0,0,0,0
2025-12-15 00:40:05.661,SERVO_OUTPUT_RAW,360909812,SERVO_OUTPUT_RAW,0,0,0,0,0,0,0,0,1000,1000,1000,1000,0,0,0,0,0
2025-12-15 00:40:05.761,SERVO_OUTPUT_RAW,361009859,SERVO_OUTPUT_RAW,0,0,0,0,0,0,0,0,1000,1000,1000,1000,0,0,0,0,0
2025-12-15 00:40:05.862,SERVO_OUTPUT_RAW,361109859,SERVO_OUTPUT_RAW,0,0,0,0,0,0,0,0,1000,1000,1000,1000,0,0,0,0,0
2025-12-15 00:40:05.962,SERVO_OUTPUT_RAW,361209806,SERVO_OUTPUT_RAW,0,0,0,0,0,0,0,0,1000,1000,1000,1000,0,0,0,0,0
2025-12-15 00:40:06.062,SERVO_OUTPUT_RAW,361309813,SERVO_OUTPUT_RAW,0,0,0,0,0,0,0,0,1000,1000,1000,1000,0,0,0,0,0
2025-12-15 00:40:06.165,SERVO_OUTPUT_RAW,361409815,SERVO_OUTPUT_RAW,0,0,0,0,0,0,0,0,1000,1000,1000,1000,0,0,0,0,0
2025-12-15 00:40:06.265,SERVO_OUTPUT_RAW,361509783,SERVO_OUTPUT_RAW,0,0,0,0,0,0,0,0,1000,1000,1000,1000,0,0,0,0,0
2025-12-15 00:40:06.364,SERVO_OUTPUT_RAW,361609781,SERVO_OUTPUT_RAW,0,0,0,0,0,0,0,0,1000,1000,1000,1000,0,0,0,0,0
2025-12-15 00:40:06.464,SERVO_OUTPUT_RAW,361709792,SERVO_OUTPUT_RAW,0,0,0,0,0,0,0,0,1000,1000,1000,1000,0,0,0,0,0
2025-12-15 00:40:06.564,SERVO_OUTPUT_RAW,361809798,SERVO_OUTPUT_RAW,0,0,0,0,0,0,0,0,1000,1000,1000,1000,0,0,0,0,0
2025-12-15 00:40:06.664,SERVO_OUTPUT_RAW,361909792,SERVO_OUTPUT_RAW,0,0,0,0,0,0,0,0,1000,1000,1000,1000,0,0,0,0,0
2025-12-15 00:40:06.764,SERVO_OUTPUT_RAW,362009842,SERVO_OUTPUT_RAW,0,0,0,0,0,0,0,0,1000,1000,1000,1000,0,0,0,0,0
2025-12-15 00:40:06.864,SERVO_OUTPUT_RAW,362112135,SERVO_OUTPUT_RAW,0,0,0,0,0,0,0,0,1000,1000,1000,1000,0,0,0,0,0
2025-12-15 00:40:06.964,SERVO_OUTPUT_RAW,362209805,SERVO_OUTPUT_RAW,0,0,0,0,0,0,0,0,1000,1000,1000,1000,0,0,0,0,0
2025-12-15 00:40:07.064,SERVO_OUTPUT_RAW,362309789,SERVO_OUTPUT_RAW,0,0,0,0,0,0,0,0,1000,1000,1000,1000,0,0,0,0,0
2025-12-15 00:40:07.164,SERVO_OUTPUT_RAW,362409813,SERVO_OUTPUT_RAW,0,0,0,0,0,0,0,0,1000,1000,1000,1000,0,0,0,0,0
2025-12-15 00:40:07.264,SERVO_OUTPUT_RAW,362509829,SERVO_OUTPUT_RAW,0,0,0,0,0,0,0,0,1000,1000,1000,1000,0,0,0,0,0
2025-12-15 00:40:07.364,SERVO_OUTPUT_RAW,362609834,SERVO_OUTPUT_RAW,0,0,0,0,0,0,0,0,1000,1000,1000,1000,0,0,0,0,0
2025-12-15 00:40:07.464,SERVO_OUTPUT_RAW,362709789,SERVO_OUTPUT_RAW,0,0,0,0,0,0,0,0,1000,1000,1000,1000,0,0,0,0,0
2025-12-15 00:40:07.564,SERVO_OUTPUT_RAW,362809812,SERVO_OUTPUT_RAW,0,0,0,0,0,0,0,0,1000,1000,1000,1000,0,0,0,0,0
2025-12-15 00:40:07.664,SERVO_OUTPUT_RAW,362909828,SERVO_OUTPUT_RAW,0,0,0,0,0,0,0,0,1000,1000,1000,1000,0,0,0,0,0
2025-12-15 00:40:07.764,SERVO_OUTPUT_RAW,363009830,SERVO_OUTPUT_RAW,0,0,0,0,0,0,0,0,1000,1000,1000,1000,0,0,0,0,0
2025-12-15 00:40:07.864,SERVO_OUTPUT_RAW,363109785,SERVO_OUTPUT_RAW,0,0,0,0,0,0,0,0,1000,1000,1000,1000,0,0,0,0,0
2025-12-15 00:40:07.964,SERVO_OUTPUT_RAW,363209792,SERVO_OUTPUT_RAW,0,0,0,0,0,0,0,0,1000,1000,1000,1000,0,0,0,0,0
2025-12-15 00:40:08.064,SERVO_OUTPUT_RAW,363309794,SERVO_OUTPUT_RAW,0,0,0,0,0,0,0,0,1000,1000,1000,1000,0,0,0,0,0
2025-12-15 00:40:08.164,SERVO_OUTPUT_RAW,363409794,SERVO_OUTPUT_RAW,0,0,0,0,0,0,0,0,1000,1000,1000,1000,0,0,0,0,0
2025-12-15 00:40:08.264,SERVO_OUTPUT_RAW,363509812,SERVO_OUTPUT_RAW,0,0,0,0,0,0,0,0,1000,1000,1000,1000,0,0,0,0,0
2025-12-15 00:40:08.365,SERVO_OUTPUT_RAW,363609823,SERVO_OUTPUT_RAW,0,0,0,0,0,0,0,0,1000,1000,1000,1000,0,0,0,0,0
2025-12-15 00:40:08.464,SERVO_OUTPUT_RAW,363709833,SERVO_OUTPUT_RAW,0,0,0,0,0,0,0,0,1000,1000,1000,1000,0,0,0,0,0
2025-12-15 00:40:08.564,SERVO_OUTPUT_RAW,363809829,SERVO_OUTPUT_RAW,0,0,0,0,0,0,0,0,1000,1000,1000,1000,0,0,0,0,0
2025-12-15 00:40:08.664,SERVO_OUTPUT_RAW,363909783,SERVO_OUTPUT_RAW,0,0,0,0,0,0,0,0,1000,1000,1000,1000,0,0,0,0,0
2025-12-15 00:40:08.764,SERVO_OUTPUT_RAW,364009816,SERVO_OUTPUT_RAW,0,0,0,0,0,0,0,0,1000,1000,1000,1000,0,0,0,0,0
2025-12-15 00:40:08.864,SERVO_OUTPUT_RAW,364109873,SERVO_OUTPUT_RAW,0,0,0,0,0,0,0,0,1000,1000,1000,1000,0,0,0,0,0
2025-12-15 00:40:08.964,SERVO_OUTPUT_RAW,364209907,SERVO_OUTPUT_RAW,0,0,0,0,0,0,0,0,1000,1000,1000,1000,0,0,0,0,0
2025-12-15 00:40:09.065,SERVO_OUTPUT_RAW,364309782,SERVO_OUTPUT_RAW,0,0,0,0,0,0,0,0,1000,1000,1000,1000,0,0,0,0,0
2025-12-15 00:40:09.165,SERVO_OUTPUT_RAW,364409828,SERVO_OUTPUT_RAW,0,0,0,0,0,0,0,0,1000,1000,1000,1000,0,0,0,0,0
2025-12-15 00:40:09.264,SERVO_OUTPUT_RAW,364509829,SERVO_OUTPUT_RAW,0,0,0,0,0,0,0,0,1000,1000,1000,1000,0,0,0,0,0
2025-12-15 00:40:09.364,SERVO_OUTPUT_RAW,364609776,SERVO_OUTPUT_RAW,0,0,0,0,0,0,0,0,1000,1000,1000,1000,0,0,0,0,0
2025-12-15 00:40:09.464,SERVO_OUTPUT_RAW,364709814,SERVO_OUTPUT_RAW,0,0,0,0,0,0,0,0,1000,1000,1000,1000,0,0,0,0,0
2025-12-15 00:40:09.564,SERVO_OUTPUT_RAW,364809791,SERVO_OUTPUT_RAW,0,0,0,0,0,0,0,0,1000,1000,1000,1000,0,0,0,0,0
2025-12-15 00:40:09.664,SERVO_OUTPUT_RAW,364909782,SERVO_OUTPUT_RAW,0,0,0,0,0,0,0,0,1000,1000,1000,1000,0,0,0,0,0
2025-12-15 00:40:09.764,SERVO_OUTPUT_RAW,365009803,SERVO_OUTPUT_RAW,0,0,0,0,0,0,0,0,1000,1000,1000,1000,0,0,0,0,0
2025-12-15 00:40:09.866,SERVO_OUTPUT_RAW,365112128,SERVO_OUTPUT_RAW,0,0,0,0,0,0,0,0,1000,1000,1000,1000,0,0,0,0,0
2025-12-15 00:40:09.965,SERVO_OUTPUT_RAW,365209836,SERVO_OUTPUT_RAW,0,0,0,0,0,0,0,0,1000,1000,1000,1000,0,0,0,0,0
2025-12-15 00:40:10.065,SERVO_OUTPUT_RAW,365309802,SERVO_OUTPUT_RAW,0,0,0,0,0,0,0,0,1000,1000,1000,1000,0,0,0,0,0
2025-12-15 00:40:10.165,SERVO_OUTPUT_RAW,365409805,SERVO_OUTPUT_RAW,0,0,0,0,0,0,0,0,1000,1000,1000,1000,0,0,0,0,0
2025-12-15 00:40:10.265,SERVO_OUTPUT_RAW,365509814,SERVO_OUTPUT_RAW,0,0,0,0,0,0,0,0,1000,1000,1000,1000,0,0,0,0,0
2025-12-15 00:40:10.365,SERVO_OUTPUT_RAW,365609846,SERVO_OUTPUT_RAW,0,0,0,0,0,0,0,0,1000,1000,1000,1000,0,0,0,0,0
2025-12-15 00:40:10.465,SERVO_OUTPUT_RAW,365709853,SERVO_OUTPUT_RAW,0,0,0,0,0,0,0,0,1000,1000,1000,1000,0,0,0,0,0
2025-12-15 00:40:10.565,SERVO_OUTPUT_RAW,365809788,SERVO_OUTPUT_RAW,0,0,0,0,0,0,0,0,1000,1000,1000,1000,0,0,0,0,0
2025-12-15 00:40:10.665,SERVO_OUTPUT_RAW,365909794,SERVO_OUTPUT_RAW,0,0,0,0,0,0,0,0,1000,1000,1000,1000,0,0,0,0,0
2025-12-15 00:40:10.765,SERVO_OUTPUT_RAW,366009827,SERVO_OUTPUT_RAW,0,0,0,0,0,0,0,0,1000,1000,1000,1000,0,0,0,0,0
2025-12-15 00:40:10.865,SERVO_OUTPUT_RAW,366109819,SERVO_OUTPUT_RAW,0,0,0,0,0,0,0,0,1000,1000,1000,1000,0,0,0,0,0
2025-12-15 00:40:10.965,SERVO_OUTPUT_RAW,366209783,SERVO_OUTPUT_RAW,0,0,0,0,0,0,0,0,1000,1000,1000,1000,0,0,0,0,0
2025-12-15 00:40:11.065,SERVO_OUTPUT_RAW,366309863,SERVO_OUTPUT_RAW,0,0,0,0,0,0,0,0,1000,1000,1000,1000,0,0,0,0,0
2025-12-15 00:40:11.165,SERVO_OUTPUT_RAW,366409796,SERVO_OUTPUT_RAW,0,0,0,0,0,0,0,0,1000,1000,1000,1000,0,0,0,0,0
2025-12-15 00:40:11.265,SERVO_OUTPUT_RAW,366509808,SERVO_OUTPUT_RAW,0,0,0,0,0,0,0,0,1000,1000,1000,1000,0,0,0,0,0
2025-12-15 00:40:11.365,SERVO_OUTPUT_RAW,366609807,SERVO_OUTPUT_RAW,0,0,0,0,0,0,0,0,1000,1000,1000,1000,0,0,0,0,0
2025-12-15 00:40:11.465,SERVO_OUTPUT_RAW,366709822,SERVO_OUTPUT_RAW,0,0,0,0,0,0,0,0,1000,1000,1000,1000,0,0,0,0,0
2025-12-15 00:40:11.565,SERVO_OUTPUT_RAW,366809816,SERVO_OUTPUT_RAW,0,0,0,0,0,0,0,0,1000,1000,1000,1000,0,0,0,0,0
2025-12-15 00:40:11.665,SERVO_OUTPUT_RAW,366909774,SERVO_OUTPUT_RAW,0,0,0,0,0,0,0,0,1000,1000,1000,1000,0,0,0,0,0
2025-12-15 00:40:11.765,SERVO_OUTPUT_RAW,367009803,SERVO_OUTPUT_RAW,0,0,0,0,0,0,0,0,1000,1000,1000,1000,0,0,0,0,0
2025-12-15 00:40:11.865,SERVO_OUTPUT_RAW,367109804,SERVO_OUTPUT_RAW,0,0,0,0,0,0,0,0,1000,1000,1000,1000,0,0,0,0,0
2025-12-15 00:40:11.965,SERVO_OUTPUT_RAW,367209840,SERVO_OUTPUT_RAW,0,0,0,0,0,0,0,0,1000,1000,1000,1000,0,0,0,0,0
2025-12-15 00:40:12.065,SERVO_OUTPUT_RAW,367309845,SERVO_OUTPUT_RAW,0,0,0,0,0,0,0,0,1000,1000,1000,1000,0,0,0,0,0
2025-12-15 00:40:12.165,SERVO_OUTPUT_RAW,367409803,SERVO_OUTPUT_RAW,0,0,0,0,0,0,0,0,1000,1000,1000,1000,0,0,0,0,0
2025-12-15 00:40:12.265,SERVO_OUTPUT_RAW,367509813,SERVO_OUTPUT_RAW,0,0,0,0,0,0,0,0,1000,1000,1000,1000,0,0,0,0,0
2025-12-15 00:40:12.365,SERVO_OUTPUT_RAW,367609829,SERVO_OUTPUT_RAW,0,0,0,0,0,0,0,0,1000,1000,1000,1000,0,0,0,0,0
2025-12-15 00:40:12.465,SERVO_OUTPUT_RAW,367709786,SERVO_OUTPUT_RAW,0,0,0,0,0,0,0,0,1000,1000,1000,1000,0,0,0,0,0
2025-12-15 00:40:12.564,SERVO_OUTPUT_RAW,367809793,SERVO_OUTPUT_RAW,0,0,0,0,0,0,0,0,1000,1000,1000,1000,0,0,0,0,0
2025-12-15 00:40:12.663,SERVO_OUTPUT_RAW,367909785,SERVO_OUTPUT_RAW,0,0,0,0,0,0,0,0,1000,1000,1000,1000,0,0,0,0,0
2025-12-15 00:40:12.765,SERVO_OUTPUT_RAW,368009818,SERVO_OUTPUT_RAW,0,0,0,0,0,0,0,0,1000,1000,1000,1000,0,0,0,0,0
2025-12-15 00:40:12.864,SERVO_OUTPUT_RAW,368109788,SERVO_OUTPUT_RAW,0,0,0,0,0,0,0,0,1000,1000,1000,1000,0,0,0,0,0
2025-12-15 00:40:12.964,SERVO_OUTPUT_RAW,368209791,SERVO_OUTPUT_RAW,0,0,0,0,0,0,0,0,1000,1000,1000,1000,0,0,0,0,0
2025-12-15 00:40:13.064,SERVO_OUTPUT_RAW,368309834,SERVO_OUTPUT_RAW,0,0,0,0,0,0,0,0,1000,1000,1000,1000,0,0,0,0,0
2025-12-15 00:40:13.164,SERVO_OUTPUT_RAW,368412135,SERVO_OUTPUT_RAW,0,0,0,0,0,0,0,0,1000,1000,1000,1000,0,0,0,0,0
2025-12-15 00:40:13.264,SERVO_OUTPUT_RAW,368509805,SERVO_OUTPUT_RAW,0,0,0,0,0,0,0,0,1000,1000,1000,1000,0,0,0,0,0
2025-12-15 00:40:13.364,SERVO_OUTPUT_RAW,368609830,SERVO_OUTPUT_RAW,0,0,0,0,0,0,0,0,1000,1000,1000,1000,0,0,0,0,0
2025-12-15 00:40:13.464,SERVO_OUTPUT_RAW,368709823,SERVO_OUTPUT_RAW,0,0,0,0,0,0,0,0,1000,1000,1000,1000,0,0,0,0,0
2025-12-15 00:40:13.564,SERVO_OUTPUT_RAW,368809843,SERVO_OUTPUT_RAW,0,0,0,0,0,0,0,0,1000,1000,1000,1000,0,0,0,0,0
2025-12-15 00:40:13.664,SERVO_OUTPUT_RAW,368909785,SERVO_OUTPUT_RAW,0,0,0,0,0,0,0,0,1000,1000,1000,1000,0,0,0,0,0
2025-12-15 00:40:13.764,SERVO_OUTPUT_RAW,369009788,SERVO_OUTPUT_RAW,0,0,0,0,0,0,0,0,1000,1000,1000,1000,0,0,0,0,0
2025-12-15 00:40:13.864,SERVO_OUTPUT_RAW,369109816,SERVO_OUTPUT_RAW,0,0,0,0,0,0,0,0,1000,1000,1000,1000,0,0,0,0,0
2025-12-15 00:40:13.964,SERVO_OUTPUT_RAW,369209826,SERVO_OUTPUT_RAW,0,0,0,0,0,0,0,0,1000,1000,1000,1000,0,0,0,0,0
2025-12-15 00:40:14.064,SERVO_OUTPUT_RAW,369309793,SERVO_OUTPUT_RAW,0,0,0,0,0,0,0,0,1000,1000,1000,1000,0,0,0,0,0
2025-12-15 00:40:14.164,SERVO_OUTPUT_RAW,369409781,SERVO_OUTPUT_RAW,0,0,0,0,0,0,0,0,1000,1000,1000,1000,0,0,0,0,0
2025-12-15 00:40:14.264,SERVO_OUTPUT_RAW,369509799,SERVO_OUTPUT_RAW,0,0,0,0,0,0,0,0,1000,1000,1000,1000,0,0,0,0,0
2025-12-15 00:40:14.364,SERVO_OUTPUT_RAW,369609794,SERVO_OUTPUT_RAW,0,0,0,0,0,0,0,0,1000,1000,1000,1000,0,0,0,0,0
2025-12-15 00:40:14.464,SERVO_OUTPUT_RAW,369709788,SERVO_OUTPUT_RAW,0,0,0,0,0,0,0,0,1000,1000,1000,1000,0,0,0,0,0
2025-12-15 00:40:14.564,SERVO_OUTPUT_RAW,369809809,SERVO_OUTPUT_RAW,0,0,0,0,0,0,0,0,1000,1000,1000,1000,0,0,0,0,0
2025-12-15 00:40:14.664,SERVO_OUTPUT_RAW,369909867,SERVO_OUTPUT_RAW,0,0,0,0,0,0,0,0,1000,1000,1000,1000,0,0,0,0,0
2025-12-15 00:40:14.764,SERVO_OUTPUT_RAW,370009856,SERVO_OUTPUT_RAW,0,0,0,0,0,0,0,0,1000,1000,1000,1000,0,0,0,0,0
2025-12-15 00:40:14.864,SERVO_OUTPUT_RAW,370109814,SERVO_OUTPUT_RAW,0,0,0,0,0,0,0,0,1000,1000,1000,1000,0,0,0,0,0
2025-12-15 00:40:14.964,SERVO_OUTPUT_RAW,370209800,SERVO_OUTPUT_RAW,0,0,0,0,0,0,0,0,1000,1000,1000,1000,0,0,0,0,0
2025-12-15 00:40:15.064,SERVO_OUTPUT_RAW,370309836,SERVO_OUTPUT_RAW,0,0,0,0,0,0,0,0,1000,1000,1000,1000,0,0,0,0,0
2025-12-15 00:40:15.164,SERVO_OUTPUT_RAW,370409847,SERVO_OUTPUT_RAW,0,0,0,0,0,0,0,0,1000,1000,1000,1000,0,0,0,0,0
2025-12-15 00:40:15.264,SERVO_OUTPUT_RAW,370512034,SERVO_OUTPUT_RAW,0,0,0,0,0,0,0,0,1000,1000,1000,1000,0,0,0,0,0
2025-12-15 00:40:15.364,SERVO_OUTPUT_RAW,370609800,SERVO_OUTPUT_RAW,0,0,0,0,0,0,0,0,1000,1000,1000,1000,0,0,0,0,0
2025-12-15 00:40:15.464,SERVO_OUTPUT_RAW,370709825,SERVO_OUTPUT_RAW,0,0,0,0,0,0,0,0,1000,1000,1000,1000,0,0,0,0,0
2025-12-15 00:40:15.564,SERVO_OUTPUT_RAW,370809822,SERVO_OUTPUT_RAW,0,0,0,0,0,0,0,0,1000,1000,1000,1000,0,0,0,0,0
2025-12-15 00:40:15.664,SERVO_OUTPUT_RAW,370909807,SERVO_OUTPUT_RAW,0,0,0,0,0,0,0,0,1000,1000,1000,1000,0,0,0,0,0
2025-12-15 00:40:15.765,SERVO_OUTPUT_RAW,371009818,SERVO_OUTPUT_RAW,0,0,0,0,0,0,0,0,1000,1000,1000,1000,0,0,0,0,0
2025-12-15 00:40:15.864,SERVO_OUTPUT_RAW,371109788,SERVO_OUTPUT_RAW,0,0,0,0,0,0,0,0,1000,1000,1000,1000,0,0,0,0,0
2025-12-15 00:40:15.964,SERVO_OUTPUT_RAW,371209795,SERVO_OUTPUT_RAW,0,0,0,0,0,0,0,0,1000,1000,1000,1000,0,0,0,0,0
2025-12-15 00:40:16.064,SERVO_OUTPUT_RAW,371309791,SERVO_OUTPUT_RAW,0,0,0,0,0,0,0,0,1000,1000,1000,1000,0,0,0,0,0
2025-12-15 00:40:16.164,SERVO_OUTPUT_RAW,371409838,SERVO_OUTPUT_RAW,0,0,0,0,0,0,0,0,1000,1000,1000,1000,0,0,0,0,0
2025-12-15 00:40:16.265,SERVO_OUTPUT_RAW,371509803,SERVO_OUTPUT_RAW,0,0,0,0,0,0,0,0,1000,1000,1000,1000,0,0,0,0,0
2025-12-15 00:40:16.364,SERVO_OUTPUT_RAW,371609803,SERVO_OUTPUT_RAW,0,0,0,0,0,0,0,0,1000,1000,1000,1000,0,0,0,0,0
2025-12-15 00:40:16.464,SERVO_OUTPUT_RAW,371709786,SERVO_OUTPUT_RAW,0,0,0,0,0,0,0,0,1000,1000,1000,1000,0,0,0,0,0
2025-12-15 00:40:16.564,SERVO_OUTPUT_RAW,371809819,SERVO_OUTPUT_RAW,0,0,0,0,0,0,0,0,1000,1000,1000,1000,0,0,0,0,0
2025-12-15 00:40:16.664,SERVO_OUTPUT_RAW,371909864,SERVO_OUTPUT_RAW,0,0,0,0,0,0,0,0,1000,1000,1000,1000,0,0,0,0,0
2025-12-15 00:40:16.764,SERVO_OUTPUT_RAW,372009843,SERVO_OUTPUT_RAW,0,0,0,0,0,0,0,0,1000,1000,1000,1000,0,0,0,0,0
2025-12-15 00:40:16.865,SERVO_OUTPUT_RAW,372109783,SERVO_OUTPUT_RAW,0,0,0,0,0,0,0,0,1000,1000,1000,1000,0,0,0,0,0
2025-12-15 00:40:16.965,SERVO_OUTPUT_RAW,372209814,SERVO_OUTPUT_RAW,0,0,0,0,0,0,0,0,1000,1000,1000,1000,0,0,0,0,0
2025-12-15 00:40:17.064,SERVO_OUTPUT_RAW,372309804,SERVO_OUTPUT_RAW,0,0,0,0,0,0,0,0,1000,1000,1000,1000,0,0,0,0,0
2025-12-15 00:40:17.165,SERVO_OUTPUT_RAW,372409789,SERVO_OUTPUT_RAW,0,0,0,0,0,0,0,0,1000,1000,1000,1000,0,0,0,0,0
2025-12-15 00:40:17.264,SERVO_OUTPUT_RAW,372509791,SERVO_OUTPUT_RAW,0,0,0,0,0,0,0,0,1000,1000,1000,1000,0,0,0,0,0
2025-12-15 00:40:17.364,SERVO_OUTPUT_RAW,372609857,SERVO_OUTPUT_RAW,0,0,0,0,0,0,0,0,1000,1000,1000,1000,0,0,0,0,0
2025-12-15 00:40:17.464,SERVO_OUTPUT_RAW,372709786,SERVO_OUTPUT_RAW,0,0,0,0,0,0,0,0,1000,1000,1000,1000,0,0,0,0,0
2025-12-15 00:40:17.564,SERVO_OUTPUT_RAW,372809812,SERVO_OUTPUT_RAW,0,0,0,0,0,0,0,0,1000,1000,1000,1000,0,0,0,0,0
2025-12-15 00:40:17.664,SERVO_OUTPUT_RAW,372909823,SERVO_OUTPUT_RAW,0,0,0,0,0,0,0,0,1000,1000,1000,1000,0,0,0,0,0
2025-12-15 00:40:17.764,SERVO_OUTPUT_RAW,373009828,SERVO_OUTPUT_RAW,0,0,0,0,0,0,0,0,1000,1000,1000,1000,0,0,0,0,0
2025-12-15 00:40:17.864,SERVO_OUTPUT_RAW,373109807,SERVO_OUTPUT_RAW,0,0,0,0,0,0,0,0,1000,1000,1000,1000,0,0,0,0,0
2025-12-15 00:40:17.964,SERVO_OUTPUT_RAW,373209806,SERVO_OUTPUT_RAW,0,0,0,0,0,0,0,0,1000,1000,1000,1000,0,0,0,0,0
2025-12-15 00:40:18.064,SERVO_OUTPUT_RAW,373309799,SERVO_OUTPUT_RAW,0,0,0,0,0,0,0,0,1000,1000,1000,1000,0,0,0,0,0
2025-12-15 00:40:18.164,SERVO_OUTPUT_RAW,373409836,SERVO_OUTPUT_RAW,0,0,0,0,0,0,0,0,1000,1000,1000,1000,0,0,0,0,0
2025-12-15 00:40:18.264,SERVO_OUTPUT_RAW,373509842,SERVO_OUTPUT_RAW,0,0,0,0,0,0,0,0,1000,1000,1000,1000,0,0,0,0,0
2025-12-15 00:40:18.364,SERVO_OUTPUT_RAW,373609782,SERVO_OUTPUT_RAW,0,0,0,0,0,0,0,0,1000,1000,1000,1000,0,0,0,0,0
2025-12-15 00:40:18.464,SERVO_OUTPUT_RAW,373709798,SERVO_OUTPUT_RAW,0,0,0,0,0,0,0,0,1000,1000,1000,1000,0,0,0,0,0
2025-12-15 00:40:18.565,SERVO_OUTPUT_RAW,373809847,SERVO_OUTPUT_RAW,0,0,0,0,0,0,0,0,1000,1000,1000,1000,0,0,0,0,0
2025-12-15 00:40:18.665,SERVO_OUTPUT_RAW,373909821,SERVO_OUTPUT_RAW,0,0,0,0,0,0,0,0,1000,1000,1000,1000,0,0,0,0,0
2025-12-15 00:40:18.764,SERVO_OUTPUT_RAW,374009780,SERVO_OUTPUT_RAW,0,0,0,0,0,0,0,0,1000,1000,1000,1000,0,0,0,0,0
2025-12-15 00:40:18.864,SERVO_OUTPUT_RAW,374109791,SERVO_OUTPUT_RAW,0,0,0,0,0,0,0,0,1000,1000,1000,1000,0,0,0,0,0
2025-12-15 00:40:18.964,SERVO_OUTPUT_RAW,374209784,SERVO_OUTPUT_RAW,0,0,0,0,0,0,0,0,1000,1000,1000,1000,0,0,0,0,0
2025-12-15 00:40:19.065,SERVO_OUTPUT_RAW,374309776,SERVO_OUTPUT_RAW,0,0,0,0,0,0,0,0,1000,1000,1000,1000,0,0,0,0,0
2025-12-15 00:40:19.164,SERVO_OUTPUT_RAW,374412124,SERVO_OUTPUT_RAW,0,0,0,0,0,0,0,0,1000,1000,1000,1000,0,0,0,0,0
2025-12-15 00:40:19.264,SERVO_OUTPUT_RAW,374509806,SERVO_OUTPUT_RAW,0,0,0,0,0,0,0,0,1000,1000,1000,1000,0,0,0,0,0
2025-12-15 00:40:19.364,SERVO_OUTPUT_RAW,374609843,SERVO_OUTPUT_RAW,0,0,0,0,0,0,0,0,1000,1000,1000,1000,0,0,0,0,0
2025-12-15 00:40:19.465,SERVO_OUTPUT_RAW,374712151,SERVO_OUTPUT_RAW,0,0,0,0,0,0,0,0,1000,1000,1000,1000,0,0,0,0,0
2025-12-15 00:40:19.564,SERVO_OUTPUT_RAW,374809785,SERVO_OUTPUT_RAW,0,0,0,0,0,0,0,0,1000,1000,1000,1000,0,0,0,0,0
2025-12-15 00:40:19.664,SERVO_OUTPUT_RAW,374909870,SERVO_OUTPUT_RAW,0,0,0,0,0,0,0,0,1000,1000,1000,1000,0,0,0,0,0
2025-12-15 00:40:19.765,SERVO_OUTPUT_RAW,375009838,SERVO_OUTPUT_RAW,0,0,0,0,0,0,0,0,1000,1000,1000,1000,0,0,0,0,0
2025-12-15 00:40:19.868,SERVO_OUTPUT_RAW,375109824,SERVO_OUTPUT_RAW,0,0,0,0,0,0,0,0,1000,1000,1000,1000,0,0,0,0,0
2025-12-15 00:40:19.965,SERVO_OUTPUT_RAW,375209797,SERVO_OUTPUT_RAW,0,0,0,0,0,0,0,0,1000,1000,1000,1000,0,0,0,0,0
2025-12-15 00:40:20.065,SERVO_OUTPUT_RAW,375309805,SERVO_OUTPUT_RAW,0,0,0,0,0,0,0,0,1000,1000,1000,1000,0,0,0,0,0
2025-12-15 00:40:20.165,SERVO_OUTPUT_RAW,375409841,SERVO_OUTPUT_RAW,0,0,0,0,0,0,0,0,1000,1000,1000,1000,0,0,0,0,0
2025-12-15 00:40:20.266,SERVO_OUTPUT_RAW,375509873,SERVO_OUTPUT_RAW,0,0,0,0,0,0,0,0,1000,1000,1000,1000,0,0,0,0,0
2025-12-15 00:40:20.366,SERVO_OUTPUT_RAW,375609780,SERVO_OUTPUT_RAW,0,0,0,0,0,0,0,0,1000,1000,1000,1000,0,0,0,0,0
2025-12-15 00:40:20.465,SERVO_OUTPUT_RAW,375709793,SERVO_OUTPUT_RAW,0,0,0,0,0,0,0,0,1000,1000,1000,1000,0,0,0,0,0
2025-12-15 00:40:20.565,SERVO_OUTPUT_RAW,375809788,SERVO_OUTPUT_RAW,0,0,0,0,0,0,0,0,1000,1000,1000,1000,0,0,0,0,0
2025-12-15 00:40:20.665,SERVO_OUTPUT_RAW,375909790,SERVO_OUTPUT_RAW,0,0,0,0,0,0,0,0,1000,1000,1000,1000,0,0,0,0,0
2025-12-15 00:40:20.765,SERVO_OUTPUT_RAW,376009805,SERVO_OUTPUT_RAW,0,0,0,0,0,0,0,0,1000,1000,1000,1000,0,0,0,0,0
2025-12-15 00:40:20.865,SERVO_OUTPUT_RAW,376109828,SERVO_OUTPUT_RAW,0,0,0,0,0,0,0,0,1000,1000,1000,1000,0,0,0,0,0
2025-12-15 00:40:20.965,SERVO_OUTPUT_RAW,376209836,SERVO_OUTPUT_RAW,0,0,0,0,0,0,0,0,1000,1000,1000,1000,0,0,0,0,0
2025-12-15 00:40:21.065,SERVO_OUTPUT_RAW,376309850,SERVO_OUTPUT_RAW,0,0,0,0,0,0,0,0,1000,1000,1000,1000,0,0,0,0,0
2025-12-15 00:40:21.165,SERVO_OUTPUT_RAW,376409923,SERVO_OUTPUT_RAW,0,0,0,0,0,0,0,0,1000,1000,1000,1000,0,0,0,0,0
2025-12-15 00:40:21.265,SERVO_OUTPUT_RAW,376509819,SERVO_OUTPUT_RAW,0,0,0,0,0,0,0,0,1000,1000,1000,1000,0,0,0,0,0
2025-12-15 00:40:21.365,SERVO_OUTPUT_RAW,376609854,SERVO_OUTPUT_RAW,0,0,0,0,0,0,0,0,1000,1000,1000,1000,0,0,0,0,0
2025-12-15 00:40:21.465,SERVO_OUTPUT_RAW,376709847,SERVO_OUTPUT_RAW,0,0,0,0,0,0,0,0,1000,1000,1000,1000,0,0,0,0,0
2025-12-15 00:40:21.565,SERVO_OUTPUT_RAW,376809904,SERVO_OUTPUT_RAW,0,0,0,0,0,0,0,0,1000,1000,1000,1000,0,0,0,0,0
2025-12-15 00:40:21.665,SERVO_OUTPUT_RAW,376909832,SERVO_OUTPUT_RAW,0,0,0,0,0,0,0,0,1000,1000,1000,1000,0,0,0,0,0
2025-12-15 00:40:21.765,SERVO_OUTPUT_RAW,377009805,SERVO_OUTPUT_RAW,0,0,0,0,0,0,0,0,1000,1000,1000,1000,0,0,0,0,0
2025-12-15 00:40:21.865,SERVO_OUTPUT_RAW,377109775,SERVO_OUTPUT_RAW,0,0,0,0,0,0,0,0,1000,1000,1000,1000,0,0,0,0,0
2025-12-15 00:40:21.965,SERVO_OUTPUT_RAW,377209796,SERVO_OUTPUT_RAW,0,0,0,0,0,0,0,0,1000,1000,1000,1000,0,0,0,0,0
2025-12-15 00:40:22.065,SERVO_OUTPUT_RAW,377309797,SERVO_OUTPUT_RAW,0,0,0,0,0,0,0,0,1000,1000,1000,1000,0,0,0,0,0
2025-12-15 00:40:22.165,SERVO_OUTPUT_RAW,377409789,SERVO_OUTPUT_RAW,0,0,0,0,0,0,0,0,1000,1000,1000,1000,0,0,0,0,0
2025-12-15 00:40:22.264,SERVO_OUTPUT_RAW,377509794,SERVO_OUTPUT_RAW,0,0,0,0,0,0,0,0,1000,1000,1000,1000,0,0,0,0,0
2025-12-15 00:40:22.364,SERVO_OUTPUT_RAW,377609797,SERVO_OUTPUT_RAW,0,0,0,0,0,0,0,0,1000,1000,1000,1000,0,0,0,0,0
2025-12-15 00:40:22.464,SERVO_OUTPUT_RAW,377709851,SERVO_OUTPUT_RAW,0,0,0,0,0,0,0,0,1000,1000,1000,1000,0,0,0,0,0
2025-12-15 00:40:22.564,SERVO_OUTPUT_RAW,377809807,SERVO_OUTPUT_RAW,0,0,0,0,0,0,0,0,1000,1000,1000,1000,0,0,0,0,0
2025-12-15 00:40:22.664,SERVO_OUTPUT_RAW,377909776,SERVO_OUTPUT_RAW,0,0,0,0,0,0,0,0,1000,1000,1000,1000,0,0,0,0,0
2025-12-15 00:40:22.764,SERVO_OUTPUT_RAW,378009808,SERVO_OUTPUT_RAW,0,0,0,0,0,0,0,0,1000,1000,1000,1000,0,0,0,0,0
2025-12-15 00:40:22.865,SERVO_OUTPUT_RAW,378109834,SERVO_OUTPUT_RAW,0,0,0,0,0,0,0,0,1000,1000,1000,1000,0,0,0,0,0
2025-12-15 00:40:22.965,SERVO_OUTPUT_RAW,378209839,SERVO_OUTPUT_RAW,0,0,0,0,0,0,0,0,1000,1000,1000,1000,0,0,0,0,0
2025-12-15 00:40:23.064,SERVO_OUTPUT_RAW,378309838,SERVO_OUTPUT_RAW,0,0,0,0,0,0,0,0,1000,1000,1000,1000,0,0,0,0,0
2025-12-15 00:40:23.164,SERVO_OUTPUT_RAW,378409800,SERVO_OUTPUT_RAW,0,0,0,0,0,0,0,0,1000,1000,1000,1000,0,0,0,0,0
2025-12-15 00:40:23.264,SERVO_OUTPUT_RAW,378509820,SERVO_OUTPUT_RAW,0,0,0,0,0,0,0,0,1000,1000,1000,1000,0,0,0,0,0
2025-12-15 00:40:23.364,SERVO_OUTPUT_RAW,378609834,SERVO_OUTPUT_RAW,0,0,0,0,0,0,0,0,1000,1000,1000,1000,0,0,0,0,0
2025-12-15 00:40:23.464,SERVO_OUTPUT_RAW,378709782,SERVO_OUTPUT_RAW,0,0,0,0,0,0,0,0,1000,1000,1000,1000,0,0,0,0,0
2025-12-15 00:40:23.564,SERVO_OUTPUT_RAW,378809791,SERVO_OUTPUT_RAW,0,0,0,0,0,0,0,0,1000,1000,1000,1000,0,0,0,0,0
2025-12-15 00:40:23.664,SERVO_OUTPUT_RAW,378909868,SERVO_OUTPUT_RAW,0,0,0,0,0,0,0,0,1000,1000,1000,1000,0,0,0,0,0
2025-12-15 00:40:23.764,SERVO_OUTPUT_RAW,379009786,SERVO_OUTPUT_RAW,0,0,0,0,0,0,0,0,1000,1000,1000,1000,0,0,0,0,0
2025-12-15 00:40:23.864,SERVO_OUTPUT_RAW,379109800,SERVO_OUTPUT_RAW,0,0,0,0,0,0,0,0,1000,1000,1000,1000,0,0,0,0,0
2025-12-15 00:40:23.964,SERVO_OUTPUT_RAW,379209808,SERVO_OUTPUT_RAW,0,0,0,0,0,0,0,0,1000,1000,1000,1000,0,0,0,0,0
2025-12-15 00:40:24.064,SERVO_OUTPUT_RAW,379309843,SERVO_OUTPUT_RAW,0,0,0,0,0,0,0,0,1000,1000,1000,1000,0,0,0,0,0
2025-12-15 00:40:24.164,SERVO_OUTPUT_RAW,379409851,SERVO_OUTPUT_RAW,0,0,0,0,0,0,0,0,1000,1000,1000,1000,0,0,0,0,0
2025-12-15 00:40:24.264,SERVO_OUTPUT_RAW,379509780,SERVO_OUTPUT_RAW,0,0,0,0,0,0,0,0,1000,1000,1000,1000,0,0,0,0,0
2025-12-15 00:40:24.364,SERVO_OUTPUT_RAW,379609829,SERVO_OUTPUT_RAW,0,0,0,0,0,0,0,0,1000,1000,1000,1000,0,0,0,0,0
2025-12-15 00:40:24.464,SERVO_OUTPUT_RAW,379709850,SERVO_OUTPUT_RAW,0,0,0,0,0,0,0,0,1000,1000,1000,1000,0,0,0,0,0
2025-12-15 00:40:24.564,SERVO_OUTPUT_RAW,379809842,SERVO_OUTPUT_RAW,0,0,0,0,0,0,0,0,1000,1000,1000,1000,0,0,0,0,0
2025-12-15 00:40:24.664,SERVO_OUTPUT_RAW,379909787,SERVO_OUTPUT_RAW,0,0,0,0,0,0,0,0,1000,1000,1000,1000,0,0,0,0,0
2025-12-15 00:40:24.764,SERVO_OUTPUT_RAW,380009833,SERVO_OUTPUT_RAW,0,0,0,0,0,0,0,0,1000,1000,1000,1000,0,0,0,0,0
2025-12-15 00:40:24.865,SERVO_OUTPUT_RAW,380109811,SERVO_OUTPUT_RAW,0,0,0,0,0,0,0,0,1000,1000,1000,1000,0,0,0,0,0
2025-12-15 00:40:24.964,SERVO_OUTPUT_RAW,380209787,SERVO_OUTPUT_RAW,0,0,0,0,0,0,0,0,1000,1000,1000,1000,0,0,0,0,0
2025-12-15 00:40:25.065,SERVO_OUTPUT_RAW,380309798,SERVO_OUTPUT_RAW,0,0,0,0,0,0,0,0,1000,1000,1000,1000,0,0,0,0,0
2025-12-15 00:40:25.165,SERVO_OUTPUT_RAW,380409794,SERVO_OUTPUT_RAW,0,0,0,0,0,0,0,0,1000,1000,1000,1000,0,0,0,0,0
2025-12-15 00:40:25.264,SERVO_OUTPUT_RAW,380509784,SERVO_OUTPUT_RAW,0,0,0,0,0,0,0,0,1000,1000,1000,1000,0,0,0,0,0
2025-12-15 00:40:25.365,SERVO_OUTPUT_RAW,380609802,SERVO_OUTPUT_RAW,0,0,0,0,0,0,0,0,1000,1000,1000,1000,0,0,0,0,0
2025-12-15 00:40:25.464,SERVO_OUTPUT_RAW,380709786,SERVO_OUTPUT_RAW,0,0,0,0,0,0,0,0,1000,1000,1000,1000,0,0,0,0,0
2025-12-15 00:40:25.564,SERVO_OUTPUT_RAW,380809834,SERVO_OUTPUT_RAW,0,0,0,0,0,0,0,0,1000,1000,1000,1000,0,0,0,0,0
2025-12-15 00:40:25.664,SERVO_OUTPUT_RAW,380909808,SERVO_OUTPUT_RAW,0,0,0,0,0,0,0,0,1000,1000,1000,1000,0,0,0,0,0
2025-12-15 00:40:25.764,SERVO_OUTPUT_RAW,381012174,SERVO_OUTPUT_RAW,0,0,0,0,0,0,0,0,1000,1000,1000,1000,0,0,0,0,0
2025-12-15 00:40:25.864,SERVO_OUTPUT_RAW,381109802,SERVO_OUTPUT_RAW,0,0,0,0,0,0,0,0,1000,1000,1000,1000,0,0,0,0,0
2025-12-15 00:40:25.964,SERVO_OUTPUT_RAW,381209831,SERVO_OUTPUT_RAW,0,0,0,0,0,0,0,0,1000,1000,1000,1000,0,0,0,0,0
2025-12-15 00:40:26.064,SERVO_OUTPUT_RAW,381309840,SERVO_OUTPUT_RAW,0,0,0,0,0,0,0,0,1000,1000,1000,1000,0,0,0,0,0
2025-12-15 00:40:26.165,SERVO_OUTPUT_RAW,381409836,SERVO_OUTPUT_RAW,0,0,0,0,0,0,0,0,1000,1000,1000,1000,0,0,0,0,0
2025-12-15 00:40:26.264,SERVO_OUTPUT_RAW,381509800,SERVO_OUTPUT_RAW,0,0,0,0,0,0,0,0,1000,1000,1000,1000,0,0,0,0,0
2025-12-15 00:40:26.364,SERVO_OUTPUT_RAW,381609812,SERVO_OUTPUT_RAW,0,0,0,0,0,0,0,0,1000,1000,1000,1000,0,0,0,0,0
2025-12-15 00:40:26.465,SERVO_OUTPUT_RAW,381709825,SERVO_OUTPUT_RAW,0,0,0,0,0,0,0,0,1000,1000,1000,1000,0,0,0,0,0
2025-12-15 00:40:26.564,SERVO_OUTPUT_RAW,381809786,SERVO_OUTPUT_RAW,0,0,0,0,0,0,0,0,1000,1000,1000,1000,0,0,0,0,0
2025-12-15 00:40:26.664,SERVO_OUTPUT_RAW,381909778,SERVO_OUTPUT_RAW,0,0,0,0,0,0,0,0,1000,1000,1000,1000,0,0,0,0,0
2025-12-15 00:40:26.764,SERVO_OUTPUT_RAW,382009796,SERVO_OUTPUT_RAW,0,0,0,0,0,0,0,0,1000,1000,1000,1000,0,0,0,0,0
2025-12-15 00:40:26.864,SERVO_OUTPUT_RAW,382109779,SERVO_OUTPUT_RAW,0,0,0,0,0,0,0,0,1000,1000,1000,1000,0,0,0,0,0
2025-12-15 00:40:26.965,SERVO_OUTPUT_RAW,382212122,SERVO_OUTPUT_RAW,0,0,0,0,0,0,0,0,1000,1000,1000,1000,0,0,0,0,0
2025-12-15 00:40:27.064,SERVO_OUTPUT_RAW,382309828,SERVO_OUTPUT_RAW,0,0,0,0,0,0,0,0,1000,1000,1000,1000,0,0,0,0,0
2025-12-15 00:40:27.165,SERVO_OUTPUT_RAW,382409823,SERVO_OUTPUT_RAW,0,0,0,0,0,0,0,0,1000,1000,1000,1000,0,0,0,0,0
2025-12-15 00:40:27.264,SERVO_OUTPUT_RAW,382509859,SERVO_OUTPUT_RAW,0,0,0,0,0,0,0,0,1000,1000,1000,1000,0,0,0,0,0
2025-12-15 00:40:27.365,SERVO_OUTPUT_RAW,382609816,SERVO_OUTPUT_RAW,0,0,0,0,0,0,0,0,1000,1000,1000,1000,0,0,0,0,0
2025-12-15 00:40:27.465,SERVO_OUTPUT_RAW,382709833,SERVO_OUTPUT_RAW,0,0,0,0,0,0,0,0,1000,1000,1000,1000,0,0,0,0,0
2025-12-15 00:40:27.564,SERVO_OUTPUT_RAW,382809848,SERVO_OUTPUT_RAW,0,0,0,0,0,0,0,0,1000,1000,1000,1000,0,0,0,0,0
2025-12-15 00:40:27.664,SERVO_OUTPUT_RAW,382909848,SERVO_OUTPUT_RAW,0,0,0,0,0,0,0,0,1000,1000,1000,1000,0,0,0,0,0
2025-12-15 00:40:27.765,SERVO_OUTPUT_RAW,383009784,SERVO_OUTPUT_RAW,0,0,0,0,0,0,0,0,1000,1000,1000,1000,0,0,0,0,0
2025-12-15 00:40:27.865,SERVO_OUTPUT_RAW,383109927,SERVO_OUTPUT_RAW,0,0,0,0,0,0,0,0,1000,1000,1000,1000,0,0,0,0,0
2025-12-15 00:40:27.965,SERVO_OUTPUT_RAW,383209814,SERVO_OUTPUT_RAW,0,0,0,0,0,0,0,0,1000,1000,1000,1000,0,0,0,0,0
2025-12-15 00:40:28.065,SERVO_OUTPUT_RAW,383309885,SERVO_OUTPUT_RAW,0,0,0,0,0,0,0,0,1000,1000,1000,1000,0,0,0,0,0
2025-12-15 00:40:28.165,SERVO_OUTPUT_RAW,383409795,SERVO_OUTPUT_RAW,0,0,0,0,0,0,0,0,1000,1000,1000,1000,0,0,0,0,0
2025-12-15 00:40:28.265,SERVO_OUTPUT_RAW,383509792,SERVO_OUTPUT_RAW,0,0,0,0,0,0,0,0,1000,1000,1000,1000,0,0,0,0,0
2025-12-15 00:40:28.365,SERVO_OUTPUT_RAW,383609803,SERVO_OUTPUT_RAW,0,0,0,0,0,0,0,0,1000,1000,1000,1000,0,0,0,0,0
2025-12-15 00:40:28.465,SERVO_OUTPUT_RAW,383709789,SERVO_OUTPUT_RAW,0,0,0,0,0,0,0,0,1000,1000,1000,1000,0,0,0,0,0
2025-12-15 00:40:28.565,SERVO_OUTPUT_RAW,383809793,SERVO_OUTPUT_RAW,0,0,0,0,0,0,0,0,1000,1000,1000,1000,0,0,0,0,0
2025-12-15 00:40:28.665,SERVO_OUTPUT_RAW,383909831,SERVO_OUTPUT_RAW,0,0,0,0,0,0,0,0,1000,1000,1000,1000,0,0,0,0,0
2025-12-15 00:40:28.765,SERVO_OUTPUT_RAW,384009844,SERVO_OUTPUT_RAW,0,0,0,0,0,0,0,0,1000,1000,1000,1000,0,0,0,0,0
2025-12-15 00:40:28.865,SERVO_OUTPUT_RAW,384109857,SERVO_OUTPUT_RAW,0,0,0,0,0,0,0,0,1000,1000,1000,1000,0,0,0,0,0
2025-12-15 00:40:28.965,SERVO_OUTPUT_RAW,384209828,SERVO_OUTPUT_RAW,0,0,0,0,0,0,0,0,1000,1000,1000,1000,0,0,0,0,0
2025-12-15 00:40:29.065,SERVO_OUTPUT_RAW,384309826,SERVO_OUTPUT_RAW,0,0,0,0,0,0,0,0,1000,1000,1000,1000,0,0,0,0,0
2025-12-15 00:40:29.165,SERVO_OUTPUT_RAW,384409841,SERVO_OUTPUT_RAW,0,0,0,0,0,0,0,0,1000,1000,1000,1000,0,0,0,0,0
2025-12-15 00:40:29.265,SERVO_OUTPUT_RAW,384509896,SERVO_OUTPUT_RAW,0,0,0,0,0,0,0,0,1000,1000,1000,1000,0,0,0,0,0
2025-12-15 00:40:29.365,SERVO_OUTPUT_RAW,384609780,SERVO_OUTPUT_RAW,0,0,0,0,0,0,0,0,1000,1000,1000,1000,0,0,0,0,0
2025-12-15 00:40:29.465,SERVO_OUTPUT_RAW,384709811,SERVO_OUTPUT_RAW,0,0,0,0,0,0,0,0,1000,1000,1000,1000,0,0,0,0,0
2025-12-15 00:40:29.565,SERVO_OUTPUT_RAW,384809828,SERVO_OUTPUT_RAW,0,0,0,0,0,0,0,0,1000,1000,1000,1000,0,0,0,0,0
2025-12-15 00:40:29.665,SERVO_OUTPUT_RAW,384909774,SERVO_OUTPUT_RAW,0,0,0,0,0,0,0,0,1000,1000,1000,1000,0,0,0,0,0
2025-12-15 00:40:29.765,SERVO_OUTPUT_RAW,385009771,SERVO_OUTPUT_RAW,0,0,0,0,0,0,0,0,1000,1000,1000,1000,0,0,0,0,0
2025-12-15 00:40:29.865,SERVO_OUTPUT_RAW,385109821,SERVO_OUTPUT_RAW,0,0,0,0,0,0,0,0,1000,1000,1000,1000,0,0,0,0,0
2025-12-15 00:40:29.965,SERVO_OUTPUT_RAW,385209850,SERVO_OUTPUT_RAW,0,0,0,0,0,0,0,0,1000,1000,1000,1000,0,0,0,0,0
2025-12-15 00:40:30.065,SERVO_OUTPUT_RAW,385309794,SERVO_OUTPUT_RAW,0,0,0,0,0,0,0,0,1000,1000,1000,1000,0,0,0,0,0
2025-12-15 00:40:30.165,SERVO_OUTPUT_RAW,385412144,SERVO_OUTPUT_RAW,0,0,0,0,0,0,0,0,1000,1000,1000,1000,0,0,0,0,0
2025-12-15 00:40:30.265,SERVO_OUTPUT_RAW,385509826,SERVO_OUTPUT_RAW,0,0,0,0,0,0,0,0,1000,1000,1000,1000,0,0,0,0,0
2025-12-15 00:40:30.366,SERVO_OUTPUT_RAW,385609811,SERVO_OUTPUT_RAW,0,0,0,0,0,0,0,0,1000,1000,1000,1000,0,0,0,0,0
2025-12-15 00:40:30.465,SERVO_OUTPUT_RAW,385709810,SERVO_OUTPUT_RAW,0,0,0,0,0,0,0,0,1000,1000,1000,1000,0,0,0,0,0
2025-12-15 00:40:30.566,SERVO_OUTPUT_RAW,385809836,SERVO_OUTPUT_RAW,0,0,0,0,0,0,0,0,1000,1000,1000,1000,0,0,0,0,0
2025-12-15 00:40:30.665,SERVO_OUTPUT_RAW,385909844,SERVO_OUTPUT_RAW,0,0,0,0,0,0,0,0,1000,1000,1000,1000,0,0,0,0,0
2025-12-15 00:40:30.766,SERVO_OUTPUT_RAW,386009846,SERVO_OUTPUT_RAW,0,0,0,0,0,0,0,0,1000,1000,1000,1000,0,0,0,0,0
2025-12-15 00:40:30.865,SERVO_OUTPUT_RAW,386109782,SERVO_OUTPUT_RAW,0,0,0,0,0,0,0,0,1000,1000,1000,1000,0,0,0,0,0
2025-12-15 00:40:30.965,SERVO_OUTPUT_RAW,386209793,SERVO_OUTPUT_RAW,0,0,0,0,0,0,0,0,1000,1000,1000,1000,0,0,0,0,0
2025-12-15 00:40:31.066,SERVO_OUTPUT_RAW,386309829,SERVO_OUTPUT_RAW,0,0,0,0,0,0,0,0,1000,1000,1000,1000,0,0,0,0,0
2025-12-15 00:40:31.165,SERVO_OUTPUT_RAW,386409812,SERVO_OUTPUT_RAW,0,0,0,0,0,0,0,0,1000,1000,1000,1000,0,0,0,0,0
2025-12-15 00:40:31.265,SERVO_OUTPUT_RAW,386509793,SERVO_OUTPUT_RAW,0,0,0,0,0,0,0,0,1000,1000,1000,1000,0,0,0,0,0
2025-12-15 00:40:31.366,SERVO_OUTPUT_RAW,386609785,SERVO_OUTPUT_RAW,0,0,0,0,0,0,0,0,1000,1000,1000,1000,0,0,0,0,0
2025-12-15 00:40:31.465,SERVO_OUTPUT_RAW,386709780,SERVO_OUTPUT_RAW,0,0,0,0,0,0,0,0,1000,1000,1000,1000,0,0,0,0,0
2025-12-15 00:40:31.566,SERVO_OUTPUT_RAW,386809799,SERVO_OUTPUT_RAW,0,0,0,0,0,0,0,0,1000,1000,1000,1000,0,0,0,0,0
2025-12-15 00:40:31.664,SERVO_OUTPUT_RAW,386909783,SERVO_OUTPUT_RAW,0,0,0,0,0,0,0,0,1000,1000,1000,1000,0,0,0,0,0
2025-12-15 00:40:31.764,SERVO_OUTPUT_RAW,387009813,SERVO_OUTPUT_RAW,0,0,0,0,0,0,0,0,1000,1000,1000,1000,0,0,0,0,0
2025-12-15 00:40:31.864,SERVO_OUTPUT_RAW,387109828,SERVO_OUTPUT_RAW,0,0,0,0,0,0,0,0,1000,1000,1000,1000,0,0,0,0,0
2025-12-15 00:40:31.964,SERVO_OUTPUT_RAW,387212137,SERVO_OUTPUT_RAW,0,0,0,0,0,0,0,0,1000,1000,1000,1000,0,0,0,0,0
2025-12-15 00:40:32.066,SERVO_OUTPUT_RAW,387312154,SERVO_OUTPUT_RAW,0,0,0,0,0,0,0,0,1000,1000,1000,1000,0,0,0,0,0
2025-12-15 00:40:32.165,SERVO_OUTPUT_RAW,387409820,SERVO_OUTPUT_RAW,0,0,0,0,0,0,0,0,1000,1000,1000,1000,0,0,0,0,0
2025-12-15 00:40:32.265,SERVO_OUTPUT_RAW,387509835,SERVO_OUTPUT_RAW,0,0,0,0,0,0,0,0,1000,1000,1000,1000,0,0,0,0,0
2025-12-15 00:40:32.367,SERVO_OUTPUT_RAW,387609841,SERVO_OUTPUT_RAW,0,0,0,0,0,0,0,0,1000,1000,1000,1000,0,0,0,0,0
2025-12-15 00:40:32.464,SERVO_OUTPUT_RAW,387709781,SERVO_OUTPUT_RAW,0,0,0,0,0,0,0,0,1000,1000,1000,1000,0,0,0,0,0
2025-12-15 00:40:32.564,SERVO_OUTPUT_RAW,387809816,SERVO_OUTPUT_RAW,0,0,0,0,0,0,0,0,1000,1000,1000,1000,0,0,0,0,0
2025-12-15 00:40:32.664,SERVO_OUTPUT_RAW,387909818,SERVO_OUTPUT_RAW,0,0,0,0,0,0,0,0,1000,1000,1000,1000,0,0,0,0,0
2025-12-15 00:40:32.765,SERVO_OUTPUT_RAW,388009833,SERVO_OUTPUT_RAW,0,0,0,0,0,0,0,0,1000,1000,1000,1000,0,0,0,0,0
2025-12-15 00:40:32.865,SERVO_OUTPUT_RAW,388109796,SERVO_OUTPUT_RAW,0,0,0,0,0,0,0,0,1000,1000,1000,1000,0,0,0,0,0
2025-12-15 00:40:32.964,SERVO_OUTPUT_RAW,388209794,SERVO_OUTPUT_RAW,0,0,0,0,0,0,0,0,1000,1000,1000,1000,0,0,0,0,0
2025-12-15 00:40:33.064,SERVO_OUTPUT_RAW,388309803,SERVO_OUTPUT_RAW,0,0,0,0,0,0,0,0,1000,1000,1000,1000,0,0,0,0,0
2025-12-15 00:40:33.164,SERVO_OUTPUT_RAW,388409778,SERVO_OUTPUT_RAW,0,0,0,0,0,0,0,0,1000,1000,1000,1000,0,0,0,0,0
2025-12-15 00:40:33.264,SERVO_OUTPUT_RAW,388509794,SERVO_OUTPUT_RAW,0,0,0,0,0,0,0,0,1000,1000,1000,1000,0,0,0,0,0
2025-12-15 00:40:33.365,SERVO_OUTPUT_RAW,388609818,SERVO_OUTPUT_RAW,0,0,0,0,0,0,0,0,1000,1000,1000,1000,0,0,0,0,0
2025-12-15 00:40:33.464,SERVO_OUTPUT_RAW,388709855,SERVO_OUTPUT_RAW,0,0,0,0,0,0,0,0,1000,1000,1000,1000,0,0,0,0,0
2025-12-15 00:40:33.564,SERVO_OUTPUT_RAW,388809805,SERVO_OUTPUT_RAW,0,0,0,0,0,0,0,0,1000,1000,1000,1000,0,0,0,0,0
2025-12-15 00:40:33.664,SERVO_OUTPUT_RAW,388909793,SERVO_OUTPUT_RAW,0,0,0,0,0,0,0,0,1000,1000,1000,1000,0,0,0,0,0
2025-12-15 00:40:33.765,SERVO_OUTPUT_RAW,389009836,SERVO_OUTPUT_RAW,0,0,0,0,0,0,0,0,1000,1000,1000,1000,0,0,0,0,0
2025-12-15 00:40:33.865,SERVO_OUTPUT_RAW,389109842,SERVO_OUTPUT_RAW,0,0,0,0,0,0,0,0,1000,1000,1000,1000,0,0,0,0,0
2025-12-15 00:40:33.964,SERVO_OUTPUT_RAW,389209781,SERVO_OUTPUT_RAW,0,0,0,0,0,0,0,0,1000,1000,1000,1000,0,0,0,0,0
2025-12-15 00:40:34.065,SERVO_OUTPUT_RAW,389309806,SERVO_OUTPUT_RAW,0,0,0,0,0,0,0,0,1000,1000,1000,1000,0,0,0,0,0
2025-12-15 00:40:34.164,SERVO_OUTPUT_RAW,389409932,SERVO_OUTPUT_RAW,0,0,0,0,0,0,0,0,1000,1000,1000,1000,0,0,0,0,0
2025-12-15 00:40:34.264,SERVO_OUTPUT_RAW,389509812,SERVO_OUTPUT_RAW,0,0,0,0,0,0,0,0,1000,1000,1000,1000,0,0,0,0,0
2025-12-15 00:40:34.365,SERVO_OUTPUT_RAW,389609788,SERVO_OUTPUT_RAW,0,0,0,0,0,0,0,0,1000,1000,1000,1000,0,0,0,0,0
2025-12-15 00:40:34.464,SERVO_OUTPUT_RAW,389709784,SERVO_OUTPUT_RAW,0,0,0,0,0,0,0,0,1000,1000,1000,1000,0,0,0,0,0
2025-12-15 00:40:34.565,SERVO_OUTPUT_RAW,389809790,SERVO_OUTPUT_RAW,0,0,0,0,0,0,0,0,1000,1000,1000,1000,0,0,0,0,0
2025-12-15 00:40:34.665,SERVO_OUTPUT_RAW,389909796,SERVO_OUTPUT_RAW,0,0,0,0,0,0,0,0,1000,1000,1000,1000,0,0,0,0,0
2025-12-15 00:40:34.765,SERVO_OUTPUT_RAW,390009788,SERVO_OUTPUT_RAW,0,0,0,0,0,0,0,0,1000,1000,1000,1000,0,0,0,0,0
2025-12-15 00:40:34.867,SERVO_OUTPUT_RAW,390109802,SERVO_OUTPUT_RAW,0,0,0,0,0,0,0,0,1000,1000,1000,1000,0,0,0,0,0
2025-12-15 00:40:34.965,SERVO_OUTPUT_RAW,390209825,SERVO_OUTPUT_RAW,0,0,0,0,0,0,0,0,1000,1000,1000,1000,0,0,0,0,0
2025-12-15 00:40:35.065,SERVO_OUTPUT_RAW,390309831,SERVO_OUTPUT_RAW,0,0,0,0,0,0,0,0,1000,1000,1000,1000,0,0,0,0,0
2025-12-15 00:40:35.165,SERVO_OUTPUT_RAW,390409820,SERVO_OUTPUT_RAW,0,0,0,0,0,0,0,0,1000,1000,1000,1000,0,0,0,0,0
2025-12-15 00:40:35.265,SERVO_OUTPUT_RAW,390509808,SERVO_OUTPUT_RAW,0,0,0,0,0,0,0,0,1000,1000,1000,1000,0,0,0,0,0
2025-12-15 00:40:35.365,SERVO_OUTPUT_RAW,390609829,SERVO_OUTPUT_RAW,0,0,0,0,0,0,0,0,1000,1000,1000,1000,0,0,0,0,0
2025-12-15 00:40:35.465,SERVO_OUTPUT_RAW,390709854,SERVO_OUTPUT_RAW,0,0,0,0,0,0,0,0,1000,1000,1000,1000,0,0,0,0,0
2025-12-15 00:40:35.565,SERVO_OUTPUT_RAW,390809822,SERVO_OUTPUT_RAW,0,0,0,0,0,0,0,0,1000,1000,1000,1000,0,0,0,0,0
2025-12-15 00:40:35.665,SERVO_OUTPUT_RAW,390909817,SERVO_OUTPUT_RAW,0,0,0,0,0,0,0,0,1000,1000,1000,1000,0,0,0,0,0
2025-12-15 00:40:35.765,SERVO_OUTPUT_RAW,391009830,SERVO_OUTPUT_RAW,0,0,0,0,0,0,0,0,1000,1000,1000,1000,0,0,0,0,0
2025-12-15 00:40:35.865,SERVO_OUTPUT_RAW,391109780,SERVO_OUTPUT_RAW,0,0,0,0,0,0,0,0,1000,1000,1000,1000,0,0,0,0,0
2025-12-15 00:40:35.965,SERVO_OUTPUT_RAW,391209783,SERVO_OUTPUT_RAW,0,0,0,0,0,0,0,0,1000,1000,1000,1000,0,0,0,0,0
2025-12-15 00:40:36.065,SERVO_OUTPUT_RAW,391309788,SERVO_OUTPUT_RAW,0,0,0,0,0,0,0,0,1000,1000,1000,1000,0,0,0,0,0
2025-12-15 00:40:36.165,SERVO_OUTPUT_RAW,391409777,SERVO_OUTPUT_RAW,0,0,0,0,0,0,0,0,1000,1000,1000,1000,0,0,0,0,0
2025-12-15 00:40:36.265,SERVO_OUTPUT_RAW,391509852,SERVO_OUTPUT_RAW,0,0,0,0,0,0,0,0,1000,1000,1000,1000,0,0,0,0,0
2025-12-15 00:40:36.365,SERVO_OUTPUT_RAW,391609785,SERVO_OUTPUT_RAW,0,0,0,0,0,0,0,0,1000,1000,1000,1000,0,0,0,0,0
2025-12-15 00:40:36.465,SERVO_OUTPUT_RAW,391709852,SERVO_OUTPUT_RAW,0,0,0,0,0,0,0,0,1000,1000,1000,1000,0,0,0,0,0
2025-12-15 00:40:36.565,SERVO_OUTPUT_RAW,391809839,SERVO_OUTPUT_RAW,0,0,0,0,0,0,0,0,1000,1000,1000,1000,0,0,0,0,0
2025-12-15 00:40:36.666,SERVO_OUTPUT_RAW,391909806,SERVO_OUTPUT_RAW,0,0,0,0,0,0,0,0,1000,1000,1000,1000,0,0,0,0,0
2025-12-15 00:40:36.765,SERVO_OUTPUT_RAW,392009807,SERVO_OUTPUT_RAW,0,0,0,0,0,0,0,0,1000,1000,1000,1000,0,0,0,0,0
2025-12-15 00:40:36.865,SERVO_OUTPUT_RAW,392109845,SERVO_OUTPUT_RAW,0,0,0,0,0,0,0,0,1000,1000,1000,1000,0,0,0,0,0
2025-12-15 00:40:36.965,SERVO_OUTPUT_RAW,392209865,SERVO_OUTPUT_RAW,0,0,0,0,0,0,0,0,1000,1000,1000,1000,0,0,0,0,0
2025-12-15 00:40:37.065,SERVO_OUTPUT_RAW,392309823,SERVO_OUTPUT_RAW,0,0,0,0,0,0,0,0,1000,1000,1000,1000,0,0,0,0,0
2025-12-15 00:40:37.165,SERVO_OUTPUT_RAW,392409785,SERVO_OUTPUT_RAW,0,0,0,0,0,0,0,0,1000,1000,1000,1000,0,0,0,0,0
2025-12-15 00:40:37.265,SERVO_OUTPUT_RAW,392509812,SERVO_OUTPUT_RAW,0,0,0,0,0,0,0,0,1000,1000,1000,1000,0,0,0,0,0
2025-12-15 00:40:37.365,SERVO_OUTPUT_RAW,392609824,SERVO_OUTPUT_RAW,0,0,0,0,0,0,0,0,1000,1000,1000,1000,0,0,0,0,0
2025-12-15 00:40:37.465,SERVO_OUTPUT_RAW,392709794,SERVO_OUTPUT_RAW,0,0,0,0,0,0,0,0,1000,1000,1000,1000,0,0,0,0,0
2025-12-15 00:40:37.565,SERVO_OUTPUT_RAW,392809785,SERVO_OUTPUT_RAW,0,0,0,0,0,0,0,0,1000,1000,1000,1000,0,0,0,0,0
2025-12-15 00:40:37.665,SERVO_OUTPUT_RAW,392909787,SERVO_OUTPUT_RAW,0,0,0,0,0,0,0,0,1000,1000,1000,1000,0,0,0,0,0
2025-12-15 00:40:37.765,SERVO_OUTPUT_RAW,393009779,SERVO_OUTPUT_RAW,0,0,0,0,0,0,0,0,1000,1000,1000,1000,0,0,0,0,0
2025-12-15 00:40:37.865,SERVO_OUTPUT_RAW,393109784,SERVO_OUTPUT_RAW,0,0,0,0,0,0,0,0,1000,1000,1000,1000,0,0,0,0,0
2025-12-15 00:40:37.965,SERVO_OUTPUT_RAW,393212137,SERVO_OUTPUT_RAW,0,0,0,0,0,0,0,0,1000,1000,1000,1000,0,0,0,0,0
2025-12-15 00:40:38.066,SERVO_OUTPUT_RAW,393309821,SERVO_OUTPUT_RAW,0,0,0,0,0,0,0,0,1000,1000,1000,1000,0,0,0,0,0
2025-12-15 00:40:38.165,SERVO_OUTPUT_RAW,393409803,SERVO_OUTPUT_RAW,0,0,0,0,0,0,0,0,1000,1000,1000,1000,0,0,0,0,0
2025-12-15 00:40:38.265,SERVO_OUTPUT_RAW,393509893,SERVO_OUTPUT_RAW,0,0,0,0,0,0,0,0,1000,1000,1000,1000,0,0,0,0,0
2025-12-15 00:40:38.365,SERVO_OUTPUT_RAW,393612207,SERVO_OUTPUT_RAW,0,0,0,0,0,0,0,0,1000,1000,1000,1000,0,0,0,0,0
2025-12-15 00:40:38.465,SERVO_OUTPUT_RAW,393709847,SERVO_OUTPUT_RAW,0,0,0,0,0,0,0,0,1000,1000,1000,1000,0,0,0,0,0
2025-12-15 00:40:38.565,SERVO_OUTPUT_RAW,393809889,SERVO_OUTPUT_RAW,0,0,0,0,0,0,0,0,1000,1000,1000,1000,0,0,0,0,0
2025-12-15 00:40:38.666,SERVO_OUTPUT_RAW,393909783,SERVO_OUTPUT_RAW,0,0,0,0,0,0,0,0,1000,1000,1000,1000,0,0,0,0,0
2025-12-15 00:40:38.765,SERVO_OUTPUT_RAW,394009787,SERVO_OUTPUT_RAW,0,0,0,0,0,0,0,0,1000,1000,1000,1000,0,0,0,0,0
2025-12-15 00:40:38.865,SERVO_OUTPUT_RAW,394109839,SERVO_OUTPUT_RAW,0,0,0,0,0,0,0,0,1000,1000,1000,1000,0,0,0,0,0
2025-12-15 00:40:38.966,SERVO_OUTPUT_RAW,394209826,SERVO_OUTPUT_RAW,0,0,0,0,0,0,0,0,1000,1000,1000,1000,0,0,0,0,0
2025-12-15 00:40:39.065,SERVO_OUTPUT_RAW,394309787,SERVO_OUTPUT_RAW,0,0,0,0,0,0,0,0,1000,1000,1000,1000,0,0,0,0,0
2025-12-15 00:40:39.165,SERVO_OUTPUT_RAW,394409813,SERVO_OUTPUT_RAW,0,0,0,0,0,0,0,0,1000,1000,1000,1000,0,0,0,0,0
2025-12-15 00:40:39.266,SERVO_OUTPUT_RAW,394509790,SERVO_OUTPUT_RAW,0,0,0,0,0,0,0,0,1000,1000,1000,1000,0,0,0,0,0
2025-12-15 00:40:39.365,SERVO_OUTPUT_RAW,394609781,SERVO_OUTPUT_RAW,0,0,0,0,0,0,0,0,1000,1000,1000,1000,0,0,0,0,0
2025-12-15 00:40:39.465,SERVO_OUTPUT_RAW,394709794,SERVO_OUTPUT_RAW,0,0,0,0,0,0,0,0,1000,1000,1000,1000,0,0,0,0,0
2025-12-15 00:40:39.565,SERVO_OUTPUT_RAW,394809818,SERVO_OUTPUT_RAW,0,0,0,0,0,0,0,0,1000,1000,1000,1000,0,0,0,0,0
2025-12-15 00:40:39.665,SERVO_OUTPUT_RAW,394909827,SERVO_OUTPUT_RAW,0,0,0,0,0,0,0,0,1000,1000,1000,1000,0,0,0,0,0
2025-12-15 00:40:39.765,SERVO_OUTPUT_RAW,395009843,SERVO_OUTPUT_RAW,0,0,0,0,0,0,0,0,1000,1000,1000,1000,0,0,0,0,0
2025-12-15 00:40:39.866,SERVO_OUTPUT_RAW,395109787,SERVO_OUTPUT_RAW,0,0,0,0,0,0,0,0,1000,1000,1000,1000,0,0,0,0,0
2025-12-15 00:40:39.965,SERVO_OUTPUT_RAW,395209853,SERVO_OUTPUT_RAW,0,0,0,0,0,0,0,0,1000,1000,1000,1000,0,0,0,0,0
2025-12-15 00:40:40.065,SERVO_OUTPUT_RAW,395309854,SERVO_OUTPUT_RAW,0,0,0,0,0,0,0,0,1000,1000,1000,1000,0,0,0,0,0
2025-12-15 00:40:40.166,SERVO_OUTPUT_RAW,395409839,SERVO_OUTPUT_RAW,0,0,0,0,0,0,0,0,1000,1000,1000,1000,0,0,0,0,0
2025-12-15 00:40:40.265,SERVO_OUTPUT_RAW,395509791,SERVO_OUTPUT_RAW,0,0,0,0,0,0,0,0,1000,1000,1000,1000,0,0,0,0,0
2025-12-15 00:40:40.365,SERVO_OUTPUT_RAW,395609801,SERVO_OUTPUT_RAW,0,0,0,0,0,0,0,0,1000,1000,1000,1000,0,0,0,0,0
2025-12-15 00:40:40.466,SERVO_OUTPUT_RAW,395709883,SERVO_OUTPUT_RAW,0,0,0,0,0,0,0,0,1000,1000,1000,1000,0,0,0,0,0
2025-12-15 00:40:40.565,SERVO_OUTPUT_RAW,395809777,SERVO_OUTPUT_RAW,0,0,0,0,0,0,0,0,1000,1000,1000,1000,0,0,0,0,0
2025-12-15 00:40:40.665,SERVO_OUTPUT_RAW,395909779,SERVO_OUTPUT_RAW,0,0,0,0,0,0,0,0,1000,1000,1000,1000,0,0,0,0,0
2025-12-15 00:40:40.766,SERVO_OUTPUT_RAW,396009774,SERVO_OUTPUT_RAW,0,0,0,0,0,0,0,0,1000,1000,1000,1000,0,0,0,0,0
2025-12-15 00:40:40.865,SERVO_OUTPUT_RAW,396109799,SERVO_OUTPUT_RAW,0,0,0,0,0,0,0,0,1000,1000,1000,1000,0,0,0,0,0
2025-12-15 00:40:40.966,SERVO_OUTPUT_RAW,396209806,SERVO_OUTPUT_RAW,0,0,0,0,0,0,0,0,1000,1000,1000,1000,0,0,0,0,0
2025-12-15 00:40:41.064,SERVO_OUTPUT_RAW,396309780,SERVO_OUTPUT_RAW,0,0,0,0,0,0,0,0,1000,1000,1000,1000,0,0,0,0,0
2025-12-15 00:40:41.165,SERVO_OUTPUT_RAW,396409825,SERVO_OUTPUT_RAW,0,0,0,0,0,0,0,0,1000,1000,1000,1000,0,0,0,0,0
2025-12-15 00:40:41.266,SERVO_OUTPUT_RAW,396509838,SERVO_OUTPUT_RAW,0,0,0,0,0,0,0,0,1000,1000,1000,1000,0,0,0,0,0
2025-12-15 00:40:41.366,SERVO_OUTPUT_RAW,396609810,SERVO_OUTPUT_RAW,0,0,0,0,0,0,0,0,1000,1000,1000,1000,0,0,0,0,0
2025-12-15 00:40:41.466,SERVO_OUTPUT_RAW,396709850,SERVO_OUTPUT_RAW,0,0,0,0,0,0,0,0,1000,1000,1000,1000,0,0,0,0,0
2025-12-15 00:40:41.566,SERVO_OUTPUT_RAW,396809810,SERVO_OUTPUT_RAW,0,0,0,0,0,0,0,0,1000,1000,1000,1000,0,0,0,0,0
2025-12-15 00:40:41.666,SERVO_OUTPUT_RAW,396909843,SERVO_OUTPUT_RAW,0,0,0,0,0,0,0,0,1000,1000,1000,1000,0,0,0,0,0
2025-12-15 00:40:41.766,SERVO_OUTPUT_RAW,397009777,SERVO_OUTPUT_RAW,0,0,0,0,0,0,0,0,1000,1000,1000,1000,0,0,0,0,0
2025-12-15 00:40:41.866,SERVO_OUTPUT_RAW,397109793,SERVO_OUTPUT_RAW,0,0,0,0,0,0,0,0,1000,1000,1000,1000,0,0,0,0,0
2025-12-15 00:40:41.965,SERVO_OUTPUT_RAW,397209817,SERVO_OUTPUT_RAW,0,0,0,0,0,0,0,0,1000,1000,1000,1000,0,0,0,0,0
2025-12-15 00:40:42.066,SERVO_OUTPUT_RAW,397309794,SERVO_OUTPUT_RAW,0,0,0,0,0,0,0,0,1000,1000,1000,1000,0,0,0,0,0
2025-12-15 00:40:42.166,SERVO_OUTPUT_RAW,397409776,SERVO_OUTPUT_RAW,0,0,0,0,0,0,0,0,1000,1000,1000,1000,0,0,0,0,0
2025-12-15 00:40:42.265,SERVO_OUTPUT_RAW,397509787,SERVO_OUTPUT_RAW,0,0,0,0,0,0,0,0,1000,1000,1000,1000,0,0,0,0,0
2025-12-15 00:40:42.365,SERVO_OUTPUT_RAW,397609781,SERVO_OUTPUT_RAW,0,0,0,0,0,0,0,0,1000,1000,1000,1000,0,0,0,0,0
2025-12-15 00:40:42.466,SERVO_OUTPUT_RAW,397709803,SERVO_OUTPUT_RAW,0,0,0,0,0,0,0,0,1000,1000,1000,1000,0,0,0,0,0
2025-12-15 00:40:42.565,SERVO_OUTPUT_RAW,397812148,SERVO_OUTPUT_RAW,0,0,0,0,0,0,0,0,1000,1000,1000,1000,0,0,0,0,0
2025-12-15 00:40:42.665,SERVO_OUTPUT_RAW,397909798,SERVO_OUTPUT_RAW,0,0,0,0,0,0,0,0,1000,1000,1000,1000,0,0,0,0,0
2025-12-15 00:40:42.766,SERVO_OUTPUT_RAW,398009855,SERVO_OUTPUT_RAW,0,0,0,0,0,0,0,0,1000,1000,1000,1000,0,0,0,0,0
2025-12-15 00:40:42.865,SERVO_OUTPUT_RAW,398109845,SERVO_OUTPUT_RAW,0,0,0,0,0,0,0,0,1000,1000,1000,1000,0,0,0,0,0
2025-12-15 00:40:42.965,SERVO_OUTPUT_RAW,398209804,SERVO_OUTPUT_RAW,0,0,0,0,0,0,0,0,1000,1000,1000,1000,0,0,0,0,0
2025-12-15 00:40:43.065,SERVO_OUTPUT_RAW,398309803,SERVO_OUTPUT_RAW,0,0,0,0,0,0,0,0,1000,1000,1000,1000,0,0,0,0,0
2025-12-15 00:40:43.165,SERVO_OUTPUT_RAW,398409829,SERVO_OUTPUT_RAW,0,0,0,0,0,0,0,0,1000,1000,1000,1000,0,0,0,0,0
2025-12-15 00:40:43.265,SERVO_OUTPUT_RAW,398509838,SERVO_OUTPUT_RAW,0,0,0,0,0,0,0,0,1000,1000,1000,1000,0,0,0,0,0
2025-12-15 00:40:43.365,SERVO_OUTPUT_RAW,398609792,SERVO_OUTPUT_RAW,0,0,0,0,0,0,0,0,1000,1000,1000,1000,0,0,0,0,0
2025-12-15 00:40:43.465,SERVO_OUTPUT_RAW,398709808,SERVO_OUTPUT_RAW,0,0,0,0,0,0,0,0,1000,1000,1000,1000,0,0,0,0,0
2025-12-15 00:40:43.565,SERVO_OUTPUT_RAW,398809813,SERVO_OUTPUT_RAW,0,0,0,0,0,0,0,0,1000,1000,1000,1000,0,0,0,0,0
2025-12-15 00:40:43.665,SERVO_OUTPUT_RAW,398909819,SERVO_OUTPUT_RAW,0,0,0,0,0,0,0,0,1000,1000,1000,1000,0,0,0,0,0
2025-12-15 00:40:43.765,SERVO_OUTPUT_RAW,399009780,SERVO_OUTPUT_RAW,0,0,0,0,0,0,0,0,1000,1000,1000,1000,0,0,0,0,0
2025-12-15 00:40:43.865,SERVO_OUTPUT_RAW,399109793,SERVO_OUTPUT_RAW,0,0,0,0,0,0,0,0,1000,1000,1000,1000,0,0,0,0,0
2025-12-15 00:40:43.965,SERVO_OUTPUT_RAW,399209793,SERVO_OUTPUT_RAW,0,0,0,0,0,0,0,0,1000,1000,1000,1000,0,0,0,0,0
2025-12-15 00:40:44.065,SERVO_OUTPUT_RAW,399309777,SERVO_OUTPUT_RAW,0,0,0,0,0,0,0,0,1000,1000,1000,1000,0,0,0,0,0
2025-12-15 00:40:44.165,SERVO_OUTPUT_RAW,399409785,SERVO_OUTPUT_RAW,0,0,0,0,0,0,0,0,1000,1000,1000,1000,0,0,0,0,0
2025-12-15 00:40:44.265,SERVO_OUTPUT_RAW,399509825,SERVO_OUTPUT_RAW,0,0,0,0,0,0,0,0,1000,1000,1000,1000,0,0,0,0,0
2025-12-15 00:40:44.365,SERVO_OUTPUT_RAW,399609870,SERVO_OUTPUT_RAW,0,0,0,0,0,0,0,0,1000,1000,1000,1000,0,0,0,0,0
2025-12-15 00:40:44.465,SERVO_OUTPUT_RAW,399709838,SERVO_OUTPUT_RAW,0,0,0,0,0,0,0,0,1000,1000,1000,1000,0,0,0,0,0
2025-12-15 00:40:44.565,SERVO_OUTPUT_RAW,399809802,SERVO_OUTPUT_RAW,0,0,0,0,0,0,0,0,1000,1000,1000,1000,0,0,0,0,0
2025-12-15 00:40:44.665,SERVO_OUTPUT_RAW,399912066,SERVO_OUTPUT_RAW,0,0,0,0,0,0,0,0,1000,1000,1000,1000,0,0,0,0,0
2025-12-15 00:40:44.765,SERVO_OUTPUT_RAW,400009870,SERVO_OUTPUT_RAW,0,0,0,0,0,0,0,0,1000,1000,1000,1000,0,0,0,0,0
2025-12-15 00:40:44.865,SERVO_OUTPUT_RAW,400109821,SERVO_OUTPUT_RAW,0,0,0,0,0,0,0,0,1000,1000,1000,1000,0,0,0,0,0
2025-12-15 00:40:44.965,SERVO_OUTPUT_RAW,400209790,SERVO_OUTPUT_RAW,0,0,0,0,0,0,0,0,1000,1000,1000,1000,0,0,0,0,0
2025-12-15 00:40:45.065,SERVO_OUTPUT_RAW,400309813,SERVO_OUTPUT_RAW,0,0,0,0,0,0,0,0,1000,1000,1000,1000,0,0,0,0,0
2025-12-15 00:40:45.165,SERVO_OUTPUT_RAW,400409801,SERVO_OUTPUT_RAW,0,0,0,0,0,0,0,0,1000,1000,1000,1000,0,0,0,0,0
2025-12-15 00:40:45.265,SERVO_OUTPUT_RAW,400509781,SERVO_OUTPUT_RAW,0,0,0,0,0,0,0,0,1000,1000,1000,1000,0,0,0,0,0
2025-12-15 00:40:45.365,SERVO_OUTPUT_RAW,400609789,SERVO_OUTPUT_RAW,0,0,0,0,0,0,0,0,1000,1000,1000,1000,0,0,0,0,0
2025-12-15 00:40:45.465,SERVO_OUTPUT_RAW,400709789,SERVO_OUTPUT_RAW,0,0,0,0,0,0,0,0,1000,1000,1000,1000,0,0,0,0,0
2025-12-15 00:40:45.565,SERVO_OUTPUT_RAW,400809787,SERVO_OUTPUT_RAW,0,0,0,0,0,0,0,0,1000,1000,1000,1000,0,0,0,0,0
2025-12-15 00:40:45.665,SERVO_OUTPUT_RAW,400909788,SERVO_OUTPUT_RAW,0,0,0,0,0,0,0,0,1000,1000,1000,1000,0,0,0,0,0
2025-12-15 00:40:45.765,SERVO_OUTPUT_RAW,401009780,SERVO_OUTPUT_RAW,0,0,0,0,0,0,0,0,1000,1000,1000,1000,0,0,0,0,0
2025-12-15 00:40:45.865,SERVO_OUTPUT_RAW,401109852,SERVO_OUTPUT_RAW,0,0,0,0,0,0,0,0,1000,1000,1000,1000,0,0,0,0,0
2025-12-15 00:40:45.965,SERVO_OUTPUT_RAW,401209805,SERVO_OUTPUT_RAW,0,0,0,0,0,0,0,0,1000,1000,1000,1000,0,0,0,0,0
2025-12-15 00:40:46.065,SERVO_OUTPUT_RAW,401309811,SERVO_OUTPUT_RAW,0,0,0,0,0,0,0,0,1000,1000,1000,1000,0,0,0,0,0
2025-12-15 00:40:46.165,SERVO_OUTPUT_RAW,401409817,SERVO_OUTPUT_RAW,0,0,0,0,0,0,0,0,1000,1000,1000,1000,0,0,0,0,0
2025-12-15 00:40:46.265,SERVO_OUTPUT_RAW,401509818,SERVO_OUTPUT_RAW,0,0,0,0,0,0,0,0,1000,1000,1000,1000,0,0,0,0,0
2025-12-15 00:40:46.365,SERVO_OUTPUT_RAW,401609859,SERVO_OUTPUT_RAW,0,0,0,0,0,0,0,0,1000,1000,1000,1000,0,0,0,0,0
2025-12-15 00:40:46.466,SERVO_OUTPUT_RAW,401709781,SERVO_OUTPUT_RAW,0,0,0,0,0,0,0,0,1000,1000,1000,1000,0,0,0,0,0
2025-12-15 00:40:46.565,SERVO_OUTPUT_RAW,401809785,SERVO_OUTPUT_RAW,0,0,0,0,0,0,0,0,1000,1000,1000,1000,0,0,0,0,0
2025-12-15 00:40:46.665,SERVO_OUTPUT_RAW,401909830,SERVO_OUTPUT_RAW,0,0,0,0,0,0,0,0,1000,1000,1000,1000,0,0,0,0,0
2025-12-15 00:40:46.766,SERVO_OUTPUT_RAW,402009880,SERVO_OUTPUT_RAW,0,0,0,0,0,0,0,0,1000,1000,1000,1000,0,0,0,0,0
2025-12-15 00:40:46.865,SERVO_OUTPUT_RAW,402109796,SERVO_OUTPUT_RAW,0,0,0,0,0,0,0,0,1000,1000,1000,1000,0,0,0,0,0
2025-12-15 00:40:46.965,SERVO_OUTPUT_RAW,402209795,SERVO_OUTPUT_RAW,0,0,0,0,0,0,0,0,1000,1000,1000,1000,0,0,0,0,0
2025-12-15 00:40:47.065,SERVO_OUTPUT_RAW,402309794,SERVO_OUTPUT_RAW,0,0,0,0,0,0,0,0,1000,1000,1000,1000,0,0,0,0,0
2025-12-15 00:40:47.166,SERVO_OUTPUT_RAW,402409785,SERVO_OUTPUT_RAW,0,0,0,0,0,0,0,0,1000,1000,1000,1000,0,0,0,0,0
2025-12-15 00:40:47.265,SERVO_OUTPUT_RAW,402509830,SERVO_OUTPUT_RAW,0,0,0,0,0,0,0,0,1000,1000,1000,1000,0,0,0,0,0
2025-12-15 00:40:47.367,SERVO_OUTPUT_RAW,402609830,SERVO_OUTPUT_RAW,0,0,0,0,0,0,0,0,1000,1000,1000,1000,0,0,0,0,0
2025-12-15 00:40:47.466,SERVO_OUTPUT_RAW,402709832,SERVO_OUTPUT_RAW,0,0,0,0,0,0,0,0,1000,1000,1000,1000,0,0,0,0,0
2025-12-15 00:40:47.565,SERVO_OUTPUT_RAW,402809779,SERVO_OUTPUT_RAW,0,0,0,0,0,0,0,0,1000,1000,1000,1000,0,0,0,0,0
2025-12-15 00:40:47.665,SERVO_OUTPUT_RAW,402909790,SERVO_OUTPUT_RAW,0,0,0,0,0,0,0,0,1000,1000,1000,1000,0,0,0,0,0
2025-12-15 00:40:47.765,SERVO_OUTPUT_RAW,403009811,SERVO_OUTPUT_RAW,0,0,0,0,0,0,0,0,1000,1000,1000,1000,0,0,0,0,0
2025-12-15 00:40:47.866,SERVO_OUTPUT_RAW,403109847,SERVO_OUTPUT_RAW,0,0,0,0,0,0,0,0,1000,1000,1000,1000,0,0,0,0,0
2025-12-15 00:40:47.965,SERVO_OUTPUT_RAW,403209779,SERVO_OUTPUT_RAW,0,0,0,0,0,0,0,0,1000,1000,1000,1000,0,0,0,0,0
2025-12-15 00:40:48.065,SERVO_OUTPUT_RAW,403309795,SERVO_OUTPUT_RAW,0,0,0,0,0,0,0,0,1000,1000,1000,1000,0,0,0,0,0
2025-12-15 00:40:48.165,SERVO_OUTPUT_RAW,403409819,SERVO_OUTPUT_RAW,0,0,0,0,0,0,0,0,1000,1000,1000,1000,0,0,0,0,0
2025-12-15 00:40:48.266,SERVO_OUTPUT_RAW,403509825,SERVO_OUTPUT_RAW,0,0,0,0,0,0,0,0,1000,1000,1000,1000,0,0,0,0,0
2025-12-15 00:40:48.365,SERVO_OUTPUT_RAW,403609825,SERVO_OUTPUT_RAW,0,0,0,0,0,0,0,0,1000,1000,1000,1000,0,0,0,0,0
2025-12-15 00:40:48.465,SERVO_OUTPUT_RAW,403709780,SERVO_OUTPUT_RAW,0,0,0,0,0,0,0,0,1000,1000,1000,1000,0,0,0,0,0
2025-12-15 00:40:48.565,SERVO_OUTPUT_RAW,403809784,SERVO_OUTPUT_RAW,0,0,0,0,0,0,0,0,1000,1000,1000,1000,0,0,0,0,0
2025-12-15 00:40:48.666,SERVO_OUTPUT_RAW,403909794,SERVO_OUTPUT_RAW,0,0,0,0,0,0,0,0,1000,1000,1000,1000,0,0,0,0,0
2025-12-15 00:40:48.765,SERVO_OUTPUT_RAW,404009784,SERVO_OUTPUT_RAW,0,0,0,0,0,0,0,0,1000,1000,1000,1000,0,0,0,0,0
2025-12-15 00:40:48.865,SERVO_OUTPUT_RAW,404112129,SERVO_OUTPUT_RAW,0,0,0,0,0,0,0,0,1000,1000,1000,1000,0,0,0,0,0
2025-12-15 00:40:48.965,SERVO_OUTPUT_RAW,404209829,SERVO_OUTPUT_RAW,0,0,0,0,0,0,0,0,1000,1000,1000,1000,0,0,0,0,0
2025-12-15 00:40:49.066,SERVO_OUTPUT_RAW,404309857,SERVO_OUTPUT_RAW,0,0,0,0,0,0,0,0,1000,1000,1000,1000,0,0,0,0,0
2025-12-15 00:40:49.165,SERVO_OUTPUT_RAW,404409795,SERVO_OUTPUT_RAW,0,0,0,0,0,0,0,0,1000,1000,1000,1000,0,0,0,0,0
2025-12-15 00:40:49.266,SERVO_OUTPUT_RAW,404509790,SERVO_OUTPUT_RAW,0,0,0,0,0,0,0,0,1000,1000,1000,1000,0,0,0,0,0
2025-12-15 00:40:49.365,SERVO_OUTPUT_RAW,404609816,SERVO_OUTPUT_RAW,0,0,0,0,0,0,0,0,1000,1000,1000,1000,0,0,0,0,0
2025-12-15 00:40:49.465,SERVO_OUTPUT_RAW,404709848,SERVO_OUTPUT_RAW,0,0,0,0,0,0,0,0,1000,1000,1000,1000,0,0,0,0,0
2025-12-15 00:40:49.566,SERVO_OUTPUT_RAW,404809840,SERVO_OUTPUT_RAW,0,0,0,0,0,0,0,0,1000,1000,1000,1000,0,0,0,0,0
2025-12-15 00:40:49.666,SERVO_OUTPUT_RAW,404909785,SERVO_OUTPUT_RAW,0,0,0,0,0,0,0,0,1000,1000,1000,1000,0,0,0,0,0
2025-12-15 00:40:49.766,SERVO_OUTPUT_RAW,405009819,SERVO_OUTPUT_RAW,0,0,0,0,0,0,0,0,1000,1000,1000,1000,0,0,0,0,0
2025-12-15 00:40:49.868,SERVO_OUTPUT_RAW,405109820,SERVO_OUTPUT_RAW,0,0,0,0,0,0,0,0,1000,1000,1000,1000,0,0,0,0,0
2025-12-15 00:40:49.966,SERVO_OUTPUT_RAW,405209794,SERVO_OUTPUT_RAW,0,0,0,0,0,0,0,0,1000,1000,1000,1000,0,0,0,0,0
2025-12-15 00:40:50.066,SERVO_OUTPUT_RAW,405309788,SERVO_OUTPUT_RAW,0,0,0,0,0,0,0,0,1000,1000,1000,1000,0,0,0,0,0
2025-12-15 00:40:50.166,SERVO_OUTPUT_RAW,405409797,SERVO_OUTPUT_RAW,0,0,0,0,0,0,0,0,1000,1000,1000,1000,0,0,0,0,0
2025-12-15 00:40:50.266,SERVO_OUTPUT_RAW,405509785,SERVO_OUTPUT_RAW,0,0,0,0,0,0,0,0,1000,1000,1000,1000,0,0,0,0,0
2025-12-15 00:40:50.366,SERVO_OUTPUT_RAW,405609808,SERVO_OUTPUT_RAW,0,0,0,0,0,0,0,0,1000,1000,1000,1000,0,0,0,0,0
2025-12-15 00:40:50.466,SERVO_OUTPUT_RAW,405709813,SERVO_OUTPUT_RAW,0,0,0,0,0,0,0,0,1000,1000,1000,1000,0,0,0,0,0
2025-12-15 00:40:50.566,SERVO_OUTPUT_RAW,405809847,SERVO_OUTPUT_RAW,0,0,0,0,0,0,0,0,1000,1000,1000,1000,0,0,0,0,0
2025-12-15 00:40:50.666,SERVO_OUTPUT_RAW,405909798,SERVO_OUTPUT_RAW,0,0,0,0,0,0,0,0,1000,1000,1000,1000,0,0,0,0,0
2025-12-15 00:40:50.766,SERVO_OUTPUT_RAW,406009777,SERVO_OUTPUT_RAW,0,0,0,0,0,0,0,0,1000,1000,1000,1000,0,0,0,0,0
2025-12-15 00:40:50.866,SERVO_OUTPUT_RAW,406109822,SERVO_OUTPUT_RAW,0,0,0,0,0,0,0,0,1000,1000,1000,1000,0,0,0,0,0
2025-12-15 00:40:50.966,SERVO_OUTPUT_RAW,406212097,SERVO_OUTPUT_RAW,0,0,0,0,0,0,0,0,1000,1000,1000,1000,0,0,0,0,0
2025-12-15 00:40:51.066,SERVO_OUTPUT_RAW,406309839,SERVO_OUTPUT_RAW,0,0,0,0,0,0,0,0,1000,1000,1000,1000,0,0,0,0,0
2025-12-15 00:40:51.166,SERVO_OUTPUT_RAW,406409842,SERVO_OUTPUT_RAW,0,0,0,0,0,0,0,0,1000,1000,1000,1000,0,0,0,0,0
2025-12-15 00:40:51.267,SERVO_OUTPUT_RAW,406509797,SERVO_OUTPUT_RAW,0,0,0,0,0,0,0,0,1000,1000,1000,1000,0,0,0,0,0
2025-12-15 00:40:51.366,SERVO_OUTPUT_RAW,406609830,SERVO_OUTPUT_RAW,0,0,0,0,0,0,0,0,1000,1000,1000,1000,0,0,0,0,0
2025-12-15 00:40:51.466,SERVO_OUTPUT_RAW,406709820,SERVO_OUTPUT_RAW,0,0,0,0,0,0,0,0,1000,1000,1000,1000,0,0,0,0,0
2025-12-15 00:40:51.566,SERVO_OUTPUT_RAW,406809785,SERVO_OUTPUT_RAW,0,0,0,0,0,0,0,0,1000,1000,1000,1000,0,0,0,0,0
2025-12-15 00:40:51.665,SERVO_OUTPUT_RAW,406909787,SERVO_OUTPUT_RAW,0,0,0,0,0,0,0,0,1000,1000,1000,1000,0,0,0,0,0
2025-12-15 00:40:51.765,SERVO_OUTPUT_RAW,407009795,SERVO_OUTPUT_RAW,0,0,0,0,0,0,0,0,1000,1000,1000,1000,0,0,0,0,0
2025-12-15 00:40:51.866,SERVO_OUTPUT_RAW,407109791,SERVO_OUTPUT_RAW,0,0,0,0,0,0,0,0,1000,1000,1000,1000,0,0,0,0,0
2025-12-15 00:40:51.965,SERVO_OUTPUT_RAW,407209777,SERVO_OUTPUT_RAW,0,0,0,0,0,0,0,0,1000,1000,1000,1000,0,0,0,0,0
2025-12-15 00:40:52.065,SERVO_OUTPUT_RAW,407309809,SERVO_OUTPUT_RAW,0,0,0,0,0,0,0,0,1000,1000,1000,1000,0,0,0,0,0
2025-12-15 00:40:52.165,SERVO_OUTPUT_RAW,407409845,SERVO_OUTPUT_RAW,0,0,0,0,0,0,0,0,1000,1000,1000,1000,0,0,0,0,0
2025-12-15 00:40:52.265,SERVO_OUTPUT_RAW,407509841,SERVO_OUTPUT_RAW,0,0,0,0,0,0,0,0,1000,1000,1000,1000,0,0,0,0,0
2025-12-15 00:40:52.365,SERVO_OUTPUT_RAW,407609792,SERVO_OUTPUT_RAW,0,0,0,0,0,0,0,0,1000,1000,1000,1000,0,0,0,0,0
2025-12-15 00:40:52.465,SERVO_OUTPUT_RAW,407709829,SERVO_OUTPUT_RAW,0,0,0,0,0,0,0,0,1000,1000,1000,1000,0,0,0,0,0
2025-12-15 00:40:52.566,SERVO_OUTPUT_RAW,407809844,SERVO_OUTPUT_RAW,0,0,0,0,0,0,0,0,1000,1000,1000,1000,0,0,0,0,0
2025-12-15 00:40:52.665,SERVO_OUTPUT_RAW,407909859,SERVO_OUTPUT_RAW,0,0,0,0,0,0,0,0,1000,1000,1000,1000,0,0,0,0,0
2025-12-15 00:40:52.765,SERVO_OUTPUT_RAW,408009786,SERVO_OUTPUT_RAW,0,0,0,0,0,0,0,0,1000,1000,1000,1000,0,0,0,0,0
2025-12-15 00:40:52.865,SERVO_OUTPUT_RAW,408109810,SERVO_OUTPUT_RAW,0,0,0,0,0,0,0,0,1000,1000,1000,1000,0,0,0,0,0
2025-12-15 00:40:52.965,SERVO_OUTPUT_RAW,408209804,SERVO_OUTPUT_RAW,0,0,0,0,0,0,0,0,1000,1000,1000,1000,0,0,0,0,0
2025-12-15 00:40:53.065,SERVO_OUTPUT_RAW,408309877,SERVO_OUTPUT_RAW,0,0,0,0,0,0,0,0,1000,1000,1000,1000,0,0,0,0,0
2025-12-15 00:40:53.165,SERVO_OUTPUT_RAW,408409778,SERVO_OUTPUT_RAW,0,0,0,0,0,0,0,0,1000,1000,1000,1000,0,0,0,0,0
2025-12-15 00:40:53.265,SERVO_OUTPUT_RAW,408509775,SERVO_OUTPUT_RAW,0,0,0,0,0,0,0,0,1000,1000,1000,1000,0,0,0,0,0
2025-12-15 00:40:53.365,SERVO_OUTPUT_RAW,408609777,SERVO_OUTPUT_RAW,0,0,0,0,0,0,0,0,1000,1000,1000,1000,0,0,0,0,0
2025-12-15 00:40:53.465,SERVO_OUTPUT_RAW,408712110,SERVO_OUTPUT_RAW,0,0,0,0,0,0,0,0,1000,1000,1000,1000,0,0,0,0,0
2025-12-15 00:40:53.565,SERVO_OUTPUT_RAW,408809830,SERVO_OUTPUT_RAW,0,0,0,0,0,0,0,0,1000,1000,1000,1000,0,0,0,0,0
2025-12-15 00:40:53.665,SERVO_OUTPUT_RAW,408909832,SERVO_OUTPUT_RAW,0,0,0,0,0,0,0,0,1000,1000,1000,1000,0,0,0,0,0
2025-12-15 00:40:53.765,SERVO_OUTPUT_RAW,409009862,SERVO_OUTPUT_RAW,0,0,0,0,0,0,0,0,1000,1000,1000,1000,0,0,0,0,0
2025-12-15 00:40:53.865,SERVO_OUTPUT_RAW,409109806,SERVO_OUTPUT_RAW,0,0,0,0,0,0,0,0,1000,1000,1000,1000,0,0,0,0,0
2025-12-15 00:40:53.965,SERVO_OUTPUT_RAW,409209801,SERVO_OUTPUT_RAW,0,0,0,0,0,0,0,0,1000,1000,1000,1000,0,0,0,0,0
2025-12-15 00:40:54.065,SERVO_OUTPUT_RAW,409309834,SERVO_OUTPUT_RAW,0,0,0,0,0,0,0,0,1000,1000,1000,1000,0,0,0,0,0
2025-12-15 00:40:54.165,SERVO_OUTPUT_RAW,409409831,SERVO_OUTPUT_RAW,0,0,0,0,0,0,0,0,1000,1000,1000,1000,0,0,0,0,0
2025-12-15 00:40:54.265,SERVO_OUTPUT_RAW,409509812,SERVO_OUTPUT_RAW,0,0,0,0,0,0,0,0,1000,1000,1000,1000,0,0,0,0,0
2025-12-15 00:40:54.365,SERVO_OUTPUT_RAW,409609781,SERVO_OUTPUT_RAW,0,0,0,0,0,0,0,0,1000,1000,1000,1000,0,0,0,0,0
2025-12-15 00:40:54.465,SERVO_OUTPUT_RAW,409709826,SERVO_OUTPUT_RAW,0,0,0,0,0,0,0,0,1000,1000,1000,1000,0,0,0,0,0
2025-12-15 00:40:54.565,SERVO_OUTPUT_RAW,409809828,SERVO_OUTPUT_RAW,0,0,0,0,0,0,0,0,1000,1000,1000,1000,0,0,0,0,0
2025-12-15 00:40:54.665,SERVO_OUTPUT_RAW,409909789,SERVO_OUTPUT_RAW,0,0,0,0,0,0,0,0,1000,1000,1000,1000,0,0,0,0,0
2025-12-15 00:40:54.766,SERVO_OUTPUT_RAW,410009789,SERVO_OUTPUT_RAW,0,0,0,0,0,0,0,0,1000,1000,1000,1000,0,0,0,0,0
2025-12-15 00:40:54.867,SERVO_OUTPUT_RAW,410109796,SERVO_OUTPUT_RAW,0,0,0,0,0,0,0,0,1000,1000,1000,1000,0,0,0,0,0
2025-12-15 00:40:54.965,SERVO_OUTPUT_RAW,410209789,SERVO_OUTPUT_RAW,0,0,0,0,0,0,0,0,1000,1000,1000,1000,0,0,0,0,0
2025-12-15 00:40:55.065,SERVO_OUTPUT_RAW,410312115,SERVO_OUTPUT_RAW,0,0,0,0,0,0,0,0,1000,1000,1000,1000,0,0,0,0,0
2025-12-15 00:40:55.165,SERVO_OUTPUT_RAW,410412154,SERVO_OUTPUT_RAW,0,0,0,0,0,0,0,0,1000,1000,1000,1000,0,0,0,0,0
2025-12-15 00:40:55.265,SERVO_OUTPUT_RAW,410509844,SERVO_OUTPUT_RAW,0,0,0,0,0,0,0,0,1000,1000,1000,1000,0,0,0,0,0
2025-12-15 00:40:55.365,SERVO_OUTPUT_RAW,410609842,SERVO_OUTPUT_RAW,0,0,0,0,0,0,0,0,1000,1000,1000,1000,0,0,0,0,0
2025-12-15 00:40:55.465,SERVO_OUTPUT_RAW,410709791,SERVO_OUTPUT_RAW,0,0,0,0,0,0,0,0,1000,1000,1000,1000,0,0,0,0,0
2025-12-15 00:40:55.565,SERVO_OUTPUT_RAW,410809803,SERVO_OUTPUT_RAW,0,0,0,0,0,0,0,0,1000,1000,1000,1000,0,0,0,0,0
2025-12-15 00:40:55.665,SERVO_OUTPUT_RAW,410909845,SERVO_OUTPUT_RAW,0,0,0,0,0,0,0,0,1000,1000,1000,1000,0,0,0,0,0
2025-12-15 00:40:55.765,SERVO_OUTPUT_RAW,411009853,SERVO_OUTPUT_RAW,0,0,0,0,0,0,0,0,1000,1000,1000,1000,0,0,0,0,0
2025-12-15 00:40:55.865,SERVO_OUTPUT_RAW,411109787,SERVO_OUTPUT_RAW,0,0,0,0,0,0,0,0,1000,1000,1000,1000,0,0,0,0,0
2025-12-15 00:40:55.965,SERVO_OUTPUT_RAW,411209815,SERVO_OUTPUT_RAW,0,0,0,0,0,0,0,0,1000,1000,1000,1000,0,0,0,0,0
2025-12-15 00:40:56.065,SERVO_OUTPUT_RAW,411309814,SERVO_OUTPUT_RAW,0,0,0,0,0,0,0,0,1000,1000,1000,1000,0,0,0,0,0
2025-12-15 00:40:56.165,SERVO_OUTPUT_RAW,411409777,SERVO_OUTPUT_RAW,0,0,0,0,0,0,0,0,1000,1000,1000,1000,0,0,0,0,0
2025-12-15 00:40:56.265,SERVO_OUTPUT_RAW,411509798,SERVO_OUTPUT_RAW,0,0,0,0,0,0,0,0,1000,1000,1000,1000,0,0,0,0,0
2025-12-15 00:40:56.365,SERVO_OUTPUT_RAW,411609803,SERVO_OUTPUT_RAW,0,0,0,0,0,0,0,0,1000,1000,1000,1000,0,0,0,0,0
2025-12-15 00:40:56.465,SERVO_OUTPUT_RAW,411709782,SERVO_OUTPUT_RAW,0,0,0,0,0,0,0,0,1000,1000,1000,1000,0,0,0,0,0
2025-12-15 00:40:56.566,SERVO_OUTPUT_RAW,411809788,SERVO_OUTPUT_RAW,0,0,0,0,0,0,0,0,1000,1000,1000,1000,0,0,0,0,0
2025-12-15 00:40:56.665,SERVO_OUTPUT_RAW,411909790,SERVO_OUTPUT_RAW,0,0,0,0,0,0,0,0,1000,1000,1000,1000,0,0,0,0,0
2025-12-15 00:40:56.765,SERVO_OUTPUT_RAW,412012132,SERVO_OUTPUT_RAW,0,0,0,0,0,0,0,0,1000,1000,1000,1000,0,0,0,0,0
2025-12-15 00:40:56.865,SERVO_OUTPUT_RAW,412109847,SERVO_OUTPUT_RAW,0,0,0,0,0,0,0,0,1000,1000,1000,1000,0,0,0,0,0
2025-12-15 00:40:56.965,SERVO_OUTPUT_RAW,412209863,SERVO_OUTPUT_RAW,0,0,0,0,0,0,0,0,1000,1000,1000,1000,0,0,0,0,0
2025-12-15 00:40:57.065,SERVO_OUTPUT_RAW,412309809,SERVO_OUTPUT_RAW,0,0,0,0,0,0,0,0,1000,1000,1000,1000,0,0,0,0,0
2025-12-15 00:40:57.166,SERVO_OUTPUT_RAW,412409827,SERVO_OUTPUT_RAW,0,0,0,0,0,0,0,0,1000,1000,1000,1000,0,0,0,0,0
2025-12-15 00:40:57.265,SERVO_OUTPUT_RAW,412512088,SERVO_OUTPUT_RAW,0,0,0,0,0,0,0,0,1000,1000,1000,1000,0,0,0,0,0
2025-12-15 00:40:57.368,SERVO_OUTPUT_RAW,412609777,SERVO_OUTPUT_RAW,0,0,0,0,0,0,0,0,1000,1000,1000,1000,0,0,0,0,0
2025-12-15 00:40:57.467,SERVO_OUTPUT_RAW,412709791,SERVO_OUTPUT_RAW,0,0,0,0,0,0,0,0,1000,1000,1000,1000,0,0,0,0,0
2025-12-15 00:40:57.565,SERVO_OUTPUT_RAW,412809801,SERVO_OUTPUT_RAW,0,0,0,0,0,0,0,0,1000,1000,1000,1000,0,0,0,0,0
2025-12-15 00:40:57.666,SERVO_OUTPUT_RAW,412909806,SERVO_OUTPUT_RAW,0,0,0,0,0,0,0,0,1000,1000,1000,1000,0,0,0,0,0
2025-12-15 00:40:57.766,SERVO_OUTPUT_RAW,413009790,SERVO_OUTPUT_RAW,0,0,0,0,0,0,0,0,1000,1000,1000,1000,0,0,0,0,0
2025-12-15 00:40:57.866,SERVO_OUTPUT_RAW,413109779,SERVO_OUTPUT_RAW,0,0,0,0,0,0,0,0,1000,1000,1000,1000,0,0,0,0,0
2025-12-15 00:40:57.966,SERVO_OUTPUT_RAW,413209812,SERVO_OUTPUT_RAW,0,0,0,0,0,0,0,0,1000,1000,1000,1000,0,0,0,0,0
2025-12-15 00:40:58.066,SERVO_OUTPUT_RAW,413309791,SERVO_OUTPUT_RAW,0,0,0,0,0,0,0,0,1000,1000,1000,1000,0,0,0,0,0
2025-12-15 00:40:58.166,SERVO_OUTPUT_RAW,413409782,SERVO_OUTPUT_RAW,0,0,0,0,0,0,0,0,1000,1000,1000,1000,0,0,0,0,0
2025-12-15 00:40:58.266,SERVO_OUTPUT_RAW,413512160,SERVO_OUTPUT_RAW,0,0,0,0,0,0,0,0,1000,1000,1000,1000,0,0,0,0,0
2025-12-15 00:40:58.366,SERVO_OUTPUT_RAW,413609821,SERVO_OUTPUT_RAW,0,0,0,0,0,0,0,0,1000,1000,1000,1000,0,0,0,0,0
2025-12-15 00:40:58.466,SERVO_OUTPUT_RAW,413709800,SERVO_OUTPUT_RAW,0,0,0,0,0,0,0,0,1000,1000,1000,1000,0,0,0,0,0
2025-12-15 00:40:58.566,SERVO_OUTPUT_RAW,413809810,SERVO_OUTPUT_RAW,0,0,0,0,0,0,0,0,1000,1000,1000,1000,0,0,0,0,0
2025-12-15 00:40:58.666,SERVO_OUTPUT_RAW,413909800,SERVO_OUTPUT_RAW,0,0,0,0,0,0,0,0,1000,1000,1000,1000,0,0,0,0,0
2025-12-15 00:40:58.766,SERVO_OUTPUT_RAW,414009860,SERVO_OUTPUT_RAW,0,0,0,0,0,0,0,0,1000,1000,1000,1000,0,0,0,0,0
2025-12-15 00:40:58.866,SERVO_OUTPUT_RAW,414109857,SERVO_OUTPUT_RAW,0,0,0,0,0,0,0,0,1000,1000,1000,1000,0,0,0,0,0
2025-12-15 00:40:58.966,SERVO_OUTPUT_RAW,414209817,SERVO_OUTPUT_RAW,0,0,0,0,0,0,0,0,1000,1000,1000,1000,0,0,0,0,0
2025-12-15 00:40:59.066,SERVO_OUTPUT_RAW,414309791,SERVO_OUTPUT_RAW,0,0,0,0,0,0,0,0,1000,1000,1000,1000,0,0,0,0,0
2025-12-15 00:40:59.166,SERVO_OUTPUT_RAW,414409815,SERVO_OUTPUT_RAW,0,0,0,0,0,0,0,0,1000,1000,1000,1000,0,0,0,0,0
2025-12-15 00:40:59.266,SERVO_OUTPUT_RAW,414509843,SERVO_OUTPUT_RAW,0,0,0,0,0,0,0,0,1000,1000,1000,1000,0,0,0,0,0
2025-12-15 00:40:59.366,SERVO_OUTPUT_RAW,414609871,SERVO_OUTPUT_RAW,0,0,0,0,0,0,0,0,1000,1000,1000,1000,0,0,0,0,0
2025-12-15 00:40:59.466,SERVO_OUTPUT_RAW,414709794,SERVO_OUTPUT_RAW,0,0,0,0,0,0,0,0,1000,1000,1000,1000,0,0,0,0,0
2025-12-15 00:40:59.566,SERVO_OUTPUT_RAW,414809786,SERVO_OUTPUT_RAW,0,0,0,0,0,0,0,0,1000,1000,1000,1000,0,0,0,0,0
2025-12-15 00:40:59.666,SERVO_OUTPUT_RAW,414909784,SERVO_OUTPUT_RAW,0,0,0,0,0,0,0,0,1000,1000,1000,1000,0,0,0,0,0
2025-12-15 00:40:59.766,SERVO_OUTPUT_RAW,415009796,SERVO_OUTPUT_RAW,0,0,0,0,0,0,0,0,1000,1000,1000,1000,0,0,0,0,0
2025-12-15 00:40:59.866,SERVO_OUTPUT_RAW,415109841,SERVO_OUTPUT_RAW,0,0,0,0,0,0,0,0,1000,1000,1000,1000,0,0,0,0,0
2025-12-15 00:40:59.967,SERVO_OUTPUT_RAW,415209835,SERVO_OUTPUT_RAW,0,0,0,0,0,0,0,0,1000,1000,1000,1000,0,0,0,0,0
2025-12-15 00:41:00.066,SERVO_OUTPUT_RAW,415309802,SERVO_OUTPUT_RAW,0,0,0,0,0,0,0,0,1000,1000,1000,1000,0,0,0,0,0
2025-12-15 00:41:00.166,SERVO_OUTPUT_RAW,415409786,SERVO_OUTPUT_RAW,0,0,0,0,0,0,0,0,1000,1000,1000,1000,0,0,0,0,0
2025-12-15 00:41:00.266,SERVO_OUTPUT_RAW,415509821,SERVO_OUTPUT_RAW,0,0,0,0,0,0,0,0,1000,1000,1000,1000,0,0,0,0,0
2025-12-15 00:41:00.366,SERVO_OUTPUT_RAW,415609832,SERVO_OUTPUT_RAW,0,0,0,0,0,0,0,0,1000,1000,1000,1000,0,0,0,0,0
2025-12-15 00:41:00.466,SERVO_OUTPUT_RAW,415709844,SERVO_OUTPUT_RAW,0,0,0,0,0,0,0,0,1000,1000,1000,1000,0,0,0,0,0
2025-12-15 00:41:00.566,SERVO_OUTPUT_RAW,415809784,SERVO_OUTPUT_RAW,0,0,0,0,0,0,0,0,1000,1000,1000,1000,0,0,0,0,0
2025-12-15 00:41:00.666,SERVO_OUTPUT_RAW,415909803,SERVO_OUTPUT_RAW,0,0,0,0,0,0,0,0,1000,1000,1000,1000,0,0,0,0,0
2025-12-15 00:41:00.766,SERVO_OUTPUT_RAW,416009836,SERVO_OUTPUT_RAW,0,0,0,0,0,0,0,0,1000,1000,1000,1000,0,0,0,0,0
2025-12-15 00:41:00.866,SERVO_OUTPUT_RAW,416109832,SERVO_OUTPUT_RAW,0,0,0,0,0,0,0,0,1000,1000,1000,1000,0,0,0,0,0
2025-12-15 00:41:00.966,SERVO_OUTPUT_RAW,416209778,SERVO_OUTPUT_RAW,0,0,0,0,0,0,0,0,1000,1000,1000,1000,0,0,0,0,0
2025-12-15 00:41:01.066,SERVO_OUTPUT_RAW,416309791,SERVO_OUTPUT_RAW,0,0,0,0,0,0,0,0,1000,1000,1000,1000,0,0,0,0,0
2025-12-15 00:41:01.166,SERVO_OUTPUT_RAW,416409791,SERVO_OUTPUT_RAW,0,0,0,0,0,0,0,0,1000,1000,1000,1000,0,0,0,0,0
2025-12-15 00:41:01.265,SERVO_OUTPUT_RAW,416509793,SERVO_OUTPUT_RAW,0,0,0,0,0,0,0,0,1000,1000,1000,1000,0,0,0,0,0
2025-12-15 00:41:01.365,SERVO_OUTPUT_RAW,416609785,SERVO_OUTPUT_RAW,0,0,0,0,0,0,0,0,1000,1000,1000,1000,0,0,0,0,0
2025-12-15 00:41:01.465,SERVO_OUTPUT_RAW,416712180,SERVO_OUTPUT_RAW,0,0,0,0,0,0,0,0,1000,1000,1000,1000,0,0,0,0,0
2025-12-15 00:41:01.565,SERVO_OUTPUT_RAW,416809806,SERVO_OUTPUT_RAW,0,0,0,0,0,0,0,0,1000,1000,1000,1000,0,0,0,0,0
2025-12-15 00:41:01.665,SERVO_OUTPUT_RAW,416909894,SERVO_OUTPUT_RAW,0,0,0,0,0,0,0,0,1000,1000,1000,1000,0,0,0,0,0
2025-12-15 00:41:01.767,SERVO_OUTPUT_RAW,417009796,SERVO_OUTPUT_RAW,0,0,0,0,0,0,0,0,1000,1000,1000,1000,0,0,0,0,0
2025-12-15 00:41:01.865,SERVO_OUTPUT_RAW,417109809,SERVO_OUTPUT_RAW,0,0,0,0,0,0,0,0,1000,1000,1000,1000,0,0,0,0,0
2025-12-15 00:41:01.963,SERVO_OUTPUT_RAW,417209836,SERVO_OUTPUT_RAW,0,0,0,0,0,0,0,0,1000,1000,1000,1000,0,0,0,0,0
2025-12-15 00:41:02.063,SERVO_OUTPUT_RAW,417309778,SERVO_OUTPUT_RAW,0,0,0,0,0,0,0,0,1000,1000,1000,1000,0,0,0,0,0
2025-12-15 00:41:02.163,SERVO_OUTPUT_RAW,417409823,SERVO_OUTPUT_RAW,0,0,0,0,0,0,0,0,1000,1000,1000,1000,0,0,0,0,0
2025-12-15 00:41:02.263,SERVO_OUTPUT_RAW,417509827,SERVO_OUTPUT_RAW,0,0,0,0,0,0,0,0,1000,1000,1000,1000,0,0,0,0,0
2025-12-15 00:41:02.365,SERVO_OUTPUT_RAW,417609818,SERVO_OUTPUT_RAW,0,0,0,0,0,0,0,0,1000,1000,1000,1000,0,0,0,0,0
2025-12-15 00:41:02.463,SERVO_OUTPUT_RAW,417709791,SERVO_OUTPUT_RAW,0,0,0,0,0,0,0,0,1000,1000,1000,1000,0,0,0,0,0
2025-12-15 00:41:02.563,SERVO_OUTPUT_RAW,417809786,SERVO_OUTPUT_RAW,0,0,0,0,0,0,0,0,1000,1000,1000,1000,0,0,0,0,0
2025-12-15 00:41:02.663,SERVO_OUTPUT_RAW,417909776,SERVO_OUTPUT_RAW,0,0,0,0,0,0,0,0,1000,1000,1000,1000,0,0,0,0,0
2025-12-15 00:41:02.763,SERVO_OUTPUT_RAW,418009780,SERVO_OUTPUT_RAW,0,0,0,0,0,0,0,0,1000,1000,1000,1000,0,0,0,0,0
2025-12-15 00:41:02.863,SERVO_OUTPUT_RAW,418109791,SERVO_OUTPUT_RAW,0,0,0,0,0,0,0,0,1000,1000,1000,1000,0,0,0,0,0
2025-12-15 00:41:02.963,SERVO_OUTPUT_RAW,418209818,SERVO_OUTPUT_RAW,0,0,0,0,0,0,0,0,1000,1000,1000,1000,0,0,0,0,0
2025-12-15 00:41:03.063,SERVO_OUTPUT_RAW,418309820,SERVO_OUTPUT_RAW,0,0,0,0,0,0,0,0,1000,1000,1000,1000,0,0,0,0,0
2025-12-15 00:41:03.163,SERVO_OUTPUT_RAW,418409867,SERVO_OUTPUT_RAW,0,0,0,0,0,0,0,0,1000,1000,1000,1000,0,0,0,0,0
2025-12-15 00:41:03.263,SERVO_OUTPUT_RAW,418509819,SERVO_OUTPUT_RAW,0,0,0,0,0,0,0,0,1000,1000,1000,1000,0,0,0,0,0
2025-12-15 00:41:03.363,SERVO_OUTPUT_RAW,418609807,SERVO_OUTPUT_RAW,0,0,0,0,0,0,0,0,1000,1000,1000,1000,0,0,0,0,0
2025-12-15 00:41:03.463,SERVO_OUTPUT_RAW,418709844,SERVO_OUTPUT_RAW,0,0,0,0,0,0,0,0,1000,1000,1000,1000,0,0,0,0,0
2025-12-15 00:41:03.565,SERVO_OUTPUT_RAW,418812041,SERVO_OUTPUT_RAW,0,0,0,0,0,0,0,0,1000,1000,1000,1000,0,0,0,0,0
2025-12-15 00:41:03.663,SERVO_OUTPUT_RAW,418909792,SERVO_OUTPUT_RAW,0,0,0,0,0,0,0,0,1000,1000,1000,1000,0,0,0,0,0
2025-12-15 00:41:03.763,SERVO_OUTPUT_RAW,419009815,SERVO_OUTPUT_RAW,0,0,0,0,0,0,0,0,1000,1000,1000,1000,0,0,0,0,0
2025-12-15 00:41:03.863,SERVO_OUTPUT_RAW,419109811,SERVO_OUTPUT_RAW,0,0,0,0,0,0,0,0,1000,1000,1000,1000,0,0,0,0,0
2025-12-15 00:41:03.963,SERVO_OUTPUT_RAW,419209780,SERVO_OUTPUT_RAW,0,0,0,0,0,0,0,0,1000,1000,1000,1000,0,0,0,0,0
2025-12-15 00:41:04.063,SERVO_OUTPUT_RAW,419309768,SERVO_OUTPUT_RAW,0,0,0,0,0,0,0,0,1000,1000,1000,1000,0,0,0,0,0
2025-12-15 00:41:04.163,SERVO_OUTPUT_RAW,419409780,SERVO_OUTPUT_RAW,0,0,0,0,0,0,0,0,1000,1000,1000,1000,0,0,0,0,0
2025-12-15 00:41:04.263,SERVO_OUTPUT_RAW,419509783,SERVO_OUTPUT_RAW,0,0,0,0,0,0,0,0,1000,1000,1000,1000,0,0,0,0,0
2025-12-15 00:41:04.363,SERVO_OUTPUT_RAW,419609796,SERVO_OUTPUT_RAW,0,0,0,0,0,0,0,0,1000,1000,1000,1000,0,0,0,0,0
2025-12-15 00:41:04.463,SERVO_OUTPUT_RAW,419709787,SERVO_OUTPUT_RAW,0,0,0,0,0,0,0,0,1000,1000,1000,1000,0,0,0,0,0
2025-12-15 00:41:04.563,SERVO_OUTPUT_RAW,419809824,SERVO_OUTPUT_RAW,0,0,0,0,0,0,0,0,1000,1000,1000,1000,0,0,0,0,0
2025-12-15 00:41:04.663,SERVO_OUTPUT_RAW,419909854,SERVO_OUTPUT_RAW,0,0,0,0,0,0,0,0,1000,1000,1000,1000,0,0,0,0,0
2025-12-15 00:41:04.763,SERVO_OUTPUT_RAW,420009839,SERVO_OUTPUT_RAW,0,0,0,0,0,0,0,0,1000,1000,1000,1000,0,0,0,0,0
2025-12-15 00:41:04.864,SERVO_OUTPUT_RAW,420109808,SERVO_OUTPUT_RAW,0,0,0,0,0,0,0,0,1000,1000,1000,1000,0,0,0,0,0
2025-12-15 00:41:04.963,SERVO_OUTPUT_RAW,420209820,SERVO_OUTPUT_RAW,0,0,0,0,0,0,0,0,1000,1000,1000,1000,0,0,0,0,0
2025-12-15 00:41:05.064,SERVO_OUTPUT_RAW,420309864,SERVO_OUTPUT_RAW,0,0,0,0,0,0,0,0,1000,1000,1000,1000,0,0,0,0,0
2025-12-15 00:41:05.164,SERVO_OUTPUT_RAW,420409808,SERVO_OUTPUT_RAW,0,0,0,0,0,0,0,0,1000,1000,1000,1000,0,0,0,0,0
2025-12-15 00:41:05.264,SERVO_OUTPUT_RAW,420509795,SERVO_OUTPUT_RAW,0,0,0,0,0,0,0,0,1000,1000,1000,1000,0,0,0,0,0
2025-12-15 00:41:05.363,SERVO_OUTPUT_RAW,420609802,SERVO_OUTPUT_RAW,0,0,0,0,0,0,0,0,1000,1000,1000,1000,0,0,0,0,0
2025-12-15 00:41:05.464,SERVO_OUTPUT_RAW,420709817,SERVO_OUTPUT_RAW,0,0,0,0,0,0,0,0,1000,1000,1000,1000,0,0,0,0,0
2025-12-15 00:41:05.564,SERVO_OUTPUT_RAW,420809787,SERVO_OUTPUT_RAW,0,0,0,0,0,0,0,0,1000,1000,1000,1000,0,0,0,0,0
2025-12-15 00:41:05.664,SERVO_OUTPUT_RAW,420909889,SERVO_OUTPUT_RAW,0,0,0,0,0,0,0,0,1000,1000,1000,1000,0,0,0,0,0
2025-12-15 00:41:05.764,SERVO_OUTPUT_RAW,421009799,SERVO_OUTPUT_RAW,0,0,0,0,0,0,0,0,1000,1000,1000,1000,0,0,0,0,0
2025-12-15 00:41:05.864,SERVO_OUTPUT_RAW,421109792,SERVO_OUTPUT_RAW,0,0,0,0,0,0,0,0,1000,1000,1000,1000,0,0,0,0,0
2025-12-15 00:41:05.964,SERVO_OUTPUT_RAW,421209790,SERVO_OUTPUT_RAW,0,0,0,0,0,0,0,0,1000,1000,1000,1000,0,0,0,0,0
2025-12-15 00:41:06.064,SERVO_OUTPUT_RAW,421309810,SERVO_OUTPUT_RAW,0,0,0,0,0,0,0,0,1000,1000,1000,1000,0,0,0,0,0
2025-12-15 00:41:06.164,SERVO_OUTPUT_RAW,421409856,SERVO_OUTPUT_RAW,0,0,0,0,0,0,0,0,1000,1000,1000,1000,0,0,0,0,0
2025-12-15 00:41:06.264,SERVO_OUTPUT_RAW,421509796,SERVO_OUTPUT_RAW,0,0,0,0,0,0,0,0,1000,1000,1000,1000,0,0,0,0,0
2025-12-15 00:41:06.364,SERVO_OUTPUT_RAW,421609800,SERVO_OUTPUT_RAW,0,0,0,0,0,0,0,0,1000,1000,1000,1000,0,0,0,0,0
2025-12-15 00:41:06.464,SERVO_OUTPUT_RAW,421709798,SERVO_OUTPUT_RAW,0,0,0,0,0,0,0,0,1000,1000,1000,1000,0,0,0,0,0
2025-12-15 00:41:06.564,SERVO_OUTPUT_RAW,421809847,SERVO_OUTPUT_RAW,0,0,0,0,0,0,0,0,1000,1000,1000,1000,0,0,0,0,0
2025-12-15 00:41:06.664,SERVO_OUTPUT_RAW,421909913,SERVO_OUTPUT_RAW,0,0,0,0,0,0,0,0,1000,1000,1000,1000,0,0,0,0,0
2025-12-15 00:41:06.764,SERVO_OUTPUT_RAW,422009786,SERVO_OUTPUT_RAW,0,0,0,0,0,0,0,0,1000,1000,1000,1000,0,0,0,0,0
2025-12-15 00:41:06.864,SERVO_OUTPUT_RAW,422109805,SERVO_OUTPUT_RAW,0,0,0,0,0,0,0,0,1000,1000,1000,1000,0,0,0,0,0
2025-12-15 00:41:06.968,SERVO_OUTPUT_RAW,422209825,SERVO_OUTPUT_RAW,0,0,0,0,0,0,0,0,1000,1000,1000,1000,0,0,0,0,0
2025-12-15 00:41:07.067,SERVO_OUTPUT_RAW,422309832,SERVO_OUTPUT_RAW,0,0,0,0,0,0,0,0,1000,1000,1000,1000,0,0,0,0,0
2025-12-15 00:41:07.166,SERVO_OUTPUT_RAW,422409800,SERVO_OUTPUT_RAW,0,0,0,0,0,0,0,0,1000,1000,1000,1000,0,0,0,0,0
2025-12-15 00:41:07.266,SERVO_OUTPUT_RAW,422509786,SERVO_OUTPUT_RAW,0,0,0,0,0,0,0,0,1000,1000,1000,1000,0,0,0,0,0
2025-12-15 00:41:07.366,SERVO_OUTPUT_RAW,422609781,SERVO_OUTPUT_RAW,0,0,0,0,0,0,0,0,1000,1000,1000,1000,0,0,0,0,0
2025-12-15 00:41:07.466,SERVO_OUTPUT_RAW,422709778,SERVO_OUTPUT_RAW,0,0,0,0,0,0,0,0,1000,1000,1000,1000,0,0,0,0,0
2025-12-15 00:41:07.566,SERVO_OUTPUT_RAW,422809784,SERVO_OUTPUT_RAW,0,0,0,0,0,0,0,0,1000,1000,1000,1000,0,0,0,0,0
2025-12-15 00:41:07.666,SERVO_OUTPUT_RAW,422912135,SERVO_OUTPUT_RAW,0,0,0,0,0,0,0,0,1000,1000,1000,1000,0,0,0,0,0
2025-12-15 00:41:07.766,SERVO_OUTPUT_RAW,423012139,SERVO_OUTPUT_RAW,0,0,0,0,0,0,0,0,1000,1000,1000,1000,0,0,0,0,0
2025-12-15 00:41:07.866,SERVO_OUTPUT_RAW,423109778,SERVO_OUTPUT_RAW,0,0,0,0,0,0,0,0,1000,1000,1000,1000,0,0,0,0,0
2025-12-15 00:41:07.966,SERVO_OUTPUT_RAW,423209830,SERVO_OUTPUT_RAW,0,0,0,0,0,0,0,0,1000,1000,1000,1000,0,0,0,0,0
2025-12-15 00:41:08.066,SERVO_OUTPUT_RAW,423309834,SERVO_OUTPUT_RAW,0,0,0,0,0,0,0,0,1000,1000,1000,1000,0,0,0,0,0
2025-12-15 00:41:08.166,SERVO_OUTPUT_RAW,423409858,SERVO_OUTPUT_RAW,0,0,0,0,0,0,0,0,1000,1000,1000,1000,0,0,0,0,0
2025-12-15 00:41:08.266,SERVO_OUTPUT_RAW,423509853,SERVO_OUTPUT_RAW,0,0,0,0,0,0,0,0,1000,1000,1000,1000,0,0,0,0,0
2025-12-15 00:41:08.366,SERVO_OUTPUT_RAW,423609786,SERVO_OUTPUT_RAW,0,0,0,0,0,0,0,0,1000,1000,1000,1000,0,0,0,0,0
2025-12-15 00:41:08.466,SERVO_OUTPUT_RAW,423709807,SERVO_OUTPUT_RAW,0,0,0,0,0,0,0,0,1000,1000,1000,1000,0,0,0,0,0
2025-12-15 00:41:08.566,SERVO_OUTPUT_RAW,423809814,SERVO_OUTPUT_RAW,0,0,0,0,0,0,0,0,1000,1000,1000,1000,0,0,0,0,0
2025-12-15 00:41:08.666,SERVO_OUTPUT_RAW,423909789,SERVO_OUTPUT_RAW,0,0,0,0,0,0,0,0,1000,1000,1000,1000,0,0,0,0,0
2025-12-15 00:41:08.766,SERVO_OUTPUT_RAW,424009773,SERVO_OUTPUT_RAW,0,0,0,0,0,0,0,0,1000,1000,1000,1000,0,0,0,0,0
2025-12-15 00:41:08.866,SERVO_OUTPUT_RAW,424109794,SERVO_OUTPUT_RAW,0,0,0,0,0,0,0,0,1000,1000,1000,1000,0,0,0,0,0
2025-12-15 00:41:08.966,SERVO_OUTPUT_RAW,424209795,SERVO_OUTPUT_RAW,0,0,0,0,0,0,0,0,1000,1000,1000,1000,0,0,0,0,0
2025-12-15 00:41:09.066,SERVO_OUTPUT_RAW,424309785,SERVO_OUTPUT_RAW,0,0,0,0,0,0,0,0,1000,1000,1000,1000,0,0,0,0,0
2025-12-15 00:41:09.166,SERVO_OUTPUT_RAW,424412141,SERVO_OUTPUT_RAW,0,0,0,0,0,0,0,0,1000,1000,1000,1000,0,0,0,0,0
2025-12-15 00:41:09.266,SERVO_OUTPUT_RAW,424509829,SERVO_OUTPUT_RAW,0,0,0,0,0,0,0,0,1000,1000,1000,1000,0,0,0,0,0
2025-12-15 00:41:09.366,SERVO_OUTPUT_RAW,424609812,SERVO_OUTPUT_RAW,0,0,0,0,0,0,0,0,1000,1000,1000,1000,0,0,0,0,0
2025-12-15 00:41:09.466,SERVO_OUTPUT_RAW,424709803,SERVO_OUTPUT_RAW,0,0,0,0,0,0,0,0,1000,1000,1000,1000,0,0,0,0,0
2025-12-15 00:41:09.566,SERVO_OUTPUT_RAW,424809898,SERVO_OUTPUT_RAW,0,0,0,0,0,0,0,0,1000,1000,1000,1000,0,0,0,0,0
2025-12-15 00:41:09.666,SERVO_OUTPUT_RAW,424909821,SERVO_OUTPUT_RAW,0,0,0,0,0,0,0,0,1000,1000,1000,1000,0,0,0,0,0
2025-12-15 00:41:09.766,SERVO_OUTPUT_RAW,425009852,SERVO_OUTPUT_RAW,0,0,0,0,0,0,0,0,1000,1000,1000,1000,0,0,0,0,0
2025-12-15 00:41:09.867,SERVO_OUTPUT_RAW,425109890,SERVO_OUTPUT_RAW,0,0,0,0,0,0,0,0,1000,1000,1000,1000,0,0,0,0,0
2025-12-15 00:41:09.966,SERVO_OUTPUT_RAW,425209784,SERVO_OUTPUT_RAW,0,0,0,0,0,0,0,0,1000,1000,1000,1000,0,0,0,0,0
2025-12-15 00:41:10.067,SERVO_OUTPUT_RAW,425309814,SERVO_OUTPUT_RAW,0,0,0,0,0,0,0,0,1000,1000,1000,1000,0,0,0,0,0
2025-12-15 00:41:10.167,SERVO_OUTPUT_RAW,425409824,SERVO_OUTPUT_RAW,0,0,0,0,0,0,0,0,1000,1000,1000,1000,0,0,0,0,0
2025-12-15 00:41:10.266,SERVO_OUTPUT_RAW,425509794,SERVO_OUTPUT_RAW,0,0,0,0,0,0,0,0,1000,1000,1000,1000,0,0,0,0,0
2025-12-15 00:41:10.366,SERVO_OUTPUT_RAW,425609784,SERVO_OUTPUT_RAW,0,0,0,0,0,0,0,0,1000,1000,1000,1000,0,0,0,0,0
2025-12-15 00:41:10.467,SERVO_OUTPUT_RAW,425709789,SERVO_OUTPUT_RAW,0,0,0,0,0,0,0,0,1000,1000,1000,1000,0,0,0,0,0
2025-12-15 00:41:10.566,SERVO_OUTPUT_RAW,425809807,SERVO_OUTPUT_RAW,0,0,0,0,0,0,0,0,1000,1000,1000,1000,0,0,0,0,0
2025-12-15 00:41:10.665,SERVO_OUTPUT_RAW,425909814,SERVO_OUTPUT_RAW,0,0,0,0,0,0,0,0,1000,1000,1000,1000,0,0,0,0,0
2025-12-15 00:41:10.765,SERVO_OUTPUT_RAW,426009801,SERVO_OUTPUT_RAW,0,0,0,0,0,0,0,0,1000,1000,1000,1000,0,0,0,0,0
2025-12-15 00:41:10.866,SERVO_OUTPUT_RAW,426109847,SERVO_OUTPUT_RAW,0,0,0,0,0,0,0,0,1000,1000,1000,1000,0,0,0,0,0
2025-12-15 00:41:10.965,SERVO_OUTPUT_RAW,426209846,SERVO_OUTPUT_RAW,0,0,0,0,0,0,0,0,1000,1000,1000,1000,0,0,0,0,0
2025-12-15 00:41:11.065,SERVO_OUTPUT_RAW,426309798,SERVO_OUTPUT_RAW,0,0,0,0,0,0,0,0,1000,1000,1000,1000,0,0,0,0,0
2025-12-15 00:41:11.165,SERVO_OUTPUT_RAW,426409804,SERVO_OUTPUT_RAW,0,0,0,0,0,0,0,0,1000,1000,1000,1000,0,0,0,0,0
2025-12-15 00:41:11.266,SERVO_OUTPUT_RAW,426509828,SERVO_OUTPUT_RAW,0,0,0,0,0,0,0,0,1000,1000,1000,1000,0,0,0,0,0
2025-12-15 00:41:11.367,SERVO_OUTPUT_RAW,426609846,SERVO_OUTPUT_RAW,0,0,0,0,0,0,0,0,1000,1000,1000,1000,0,0,0,0,0
2025-12-15 00:41:11.466,SERVO_OUTPUT_RAW,426709782,SERVO_OUTPUT_RAW,0,0,0,0,0,0,0,0,1000,1000,1000,1000,0,0,0,0,0
2025-12-15 00:41:11.566,SERVO_OUTPUT_RAW,426809803,SERVO_OUTPUT_RAW,0,0,0,0,0,0,0,0,1000,1000,1000,1000,0,0,0,0,0
2025-12-15 00:41:11.666,SERVO_OUTPUT_RAW,426909826,SERVO_OUTPUT_RAW,0,0,0,0,0,0,0,0,1000,1000,1000,1000,0,0,0,0,0
2025-12-15 00:41:11.766,SERVO_OUTPUT_RAW,427009780,SERVO_OUTPUT_RAW,0,0,0,0,0,0,0,0,1000,1000,1000,1000,0,0,0,0,0
2025-12-15 00:41:11.865,SERVO_OUTPUT_RAW,427109787,SERVO_OUTPUT_RAW,0,0,0,0,0,0,0,0,1000,1000,1000,1000,0,0,0,0,0
2025-12-15 00:41:11.965,SERVO_OUTPUT_RAW,427209851,SERVO_OUTPUT_RAW,0,0,0,0,0,0,0,0,1000,1000,1000,1000,0,0,0,0,0
2025-12-15 00:41:12.065,SERVO_OUTPUT_RAW,427309790,SERVO_OUTPUT_RAW,0,0,0,0,0,0,0,0,1000,1000,1000,1000,0,0,0,0,0
2025-12-15 00:41:12.166,SERVO_OUTPUT_RAW,427409783,SERVO_OUTPUT_RAW,0,0,0,0,0,0,0,0,1000,1000,1000,1000,0,0,0,0,0
2025-12-15 00:41:12.266,SERVO_OUTPUT_RAW,427509785,SERVO_OUTPUT_RAW,0,0,0,0,0,0,0,0,1000,1000,1000,1000,0,0,0,0,0
2025-12-15 00:41:12.367,SERVO_OUTPUT_RAW,427609823,SERVO_OUTPUT_RAW,0,0,0,0,0,0,0,0,1000,1000,1000,1000,0,0,0,0,0
2025-12-15 00:41:12.467,SERVO_OUTPUT_RAW,427709882,SERVO_OUTPUT_RAW,0,0,0,0,0,0,0,0,1000,1000,1000,1000,0,0,0,0,0
2025-12-15 00:41:12.563,SERVO_OUTPUT_RAW,427809864,SERVO_OUTPUT_RAW,0,0,0,0,0,0,0,0,1000,1000,1000,1000,0,0,0,0,0
2025-12-15 00:41:12.663,SERVO_OUTPUT_RAW,427909789,SERVO_OUTPUT_RAW,0,0,0,0,0,0,0,0,1000,1000,1000,1000,0,0,0,0,0
2025-12-15 00:41:12.763,SERVO_OUTPUT_RAW,428009813,SERVO_OUTPUT_RAW,0,0,0,0,0,0,0,0,1000,1000,1000,1000,0,0,0,0,0
2025-12-15 00:41:12.863,SERVO_OUTPUT_RAW,428109857,SERVO_OUTPUT_RAW,0,0,0,0,0,0,0,0,1000,1000,1000,1000,0,0,0,0,0
2025-12-15 00:41:12.963,SERVO_OUTPUT_RAW,428209779,SERVO_OUTPUT_RAW,0,0,0,0,0,0,0,0,1000,1000,1000,1000,0,0,0,0,0
2025-12-15 00:41:13.063,SERVO_OUTPUT_RAW,428309793,SERVO_OUTPUT_RAW,0,0,0,0,0,0,0,0,1000,1000,1000,1000,0,0,0,0,0
2025-12-15 00:41:13.163,SERVO_OUTPUT_RAW,428409822,SERVO_OUTPUT_RAW,0,0,0,0,0,0,0,0,1000,1000,1000,1000,0,0,0,0,0
2025-12-15 00:41:13.264,SERVO_OUTPUT_RAW,428509806,SERVO_OUTPUT_RAW,0,0,0,0,0,0,0,0,1000,1000,1000,1000,0,0,0,0,0
2025-12-15 00:41:13.363,SERVO_OUTPUT_RAW,428609832,SERVO_OUTPUT_RAW,0,0,0,0,0,0,0,0,1000,1000,1000,1000,0,0,0,0,0
2025-12-15 00:41:13.464,SERVO_OUTPUT_RAW,428709817,SERVO_OUTPUT_RAW,0,0,0,0,0,0,0,0,1000,1000,1000,1000,0,0,0,0,0
2025-12-15 00:41:13.563,SERVO_OUTPUT_RAW,428809786,SERVO_OUTPUT_RAW,0,0,0,0,0,0,0,0,1000,1000,1000,1000,0,0,0,0,0
2025-12-15 00:41:13.664,SERVO_OUTPUT_RAW,428909796,SERVO_OUTPUT_RAW,0,0,0,0,0,0,0,0,1000,1000,1000,1000,0,0,0,0,0
2025-12-15 00:41:13.764,SERVO_OUTPUT_RAW,429009797,SERVO_OUTPUT_RAW,0,0,0,0,0,0,0,0,1000,1000,1000,1000,0,0,0,0,0
2025-12-15 00:41:13.864,SERVO_OUTPUT_RAW,429109786,SERVO_OUTPUT_RAW,0,0,0,0,0,0,0,0,1000,1000,1000,1000,0,0,0,0,0
2025-12-15 00:41:13.964,SERVO_OUTPUT_RAW,429209829,SERVO_OUTPUT_RAW,0,0,0,0,0,0,0,0,1000,1000,1000,1000,0,0,0,0,0
2025-12-15 00:41:14.065,SERVO_OUTPUT_RAW,429312139,SERVO_OUTPUT_RAW,0,0,0,0,0,0,0,0,1000,1000,1000,1000,0,0,0,0,0
2025-12-15 00:41:14.164,SERVO_OUTPUT_RAW,429409804,SERVO_OUTPUT_RAW,0,0,0,0,0,0,0,0,1000,1000,1000,1000,0,0,0,0,0
2025-12-15 00:41:14.264,SERVO_OUTPUT_RAW,429509830,SERVO_OUTPUT_RAW,0,0,0,0,0,0,0,0,1000,1000,1000,1000,0,0,0,0,0
2025-12-15 00:41:14.364,SERVO_OUTPUT_RAW,429609841,SERVO_OUTPUT_RAW,0,0,0,0,0,0,0,0,1000,1000,1000,1000,0,0,0,0,0
2025-12-15 00:41:14.464,SERVO_OUTPUT_RAW,429709845,SERVO_OUTPUT_RAW,0,0,0,0,0,0,0,0,1000,1000,1000,1000,0,0,0,0,0
2025-12-15 00:41:14.564,SERVO_OUTPUT_RAW,429809833,SERVO_OUTPUT_RAW,0,0,0,0,0,0,0,0,1000,1000,1000,1000,0,0,0,0,0
2025-12-15 00:41:14.664,SERVO_OUTPUT_RAW,429909802,SERVO_OUTPUT_RAW,0,0,0,0,0,0,0,0,1000,1000,1000,1000,0,0,0,0,0
2025-12-15 00:41:14.764,SERVO_OUTPUT_RAW,430009841,SERVO_OUTPUT_RAW,0,0,0,0,0,0,0,0,1000,1000,1000,1000,0,0,0,0,0
2025-12-15 00:41:14.864,SERVO_OUTPUT_RAW,430109821,SERVO_OUTPUT_RAW,0,0,0,0,0,0,0,0,1000,1000,1000,1000,0,0,0,0,0
2025-12-15 00:41:14.964,SERVO_OUTPUT_RAW,430209779,SERVO_OUTPUT_RAW,0,0,0,0,0,0,0,0,1000,1000,1000,1000,0,0,0,0,0
2025-12-15 00:41:15.064,SERVO_OUTPUT_RAW,430309805,SERVO_OUTPUT_RAW,0,0,0,0,0,0,0,0,1000,1000,1000,1000,0,0,0,0,0
2025-12-15 00:41:15.164,SERVO_OUTPUT_RAW,430409809,SERVO_OUTPUT_RAW,0,0,0,0,0,0,0,0,1000,1000,1000,1000,0,0,0,0,0
2025-12-15 00:41:15.264,SERVO_OUTPUT_RAW,430509782,SERVO_OUTPUT_RAW,0,0,0,0,0,0,0,0,1000,1000,1000,1000,0,0,0,0,0
2025-12-15 00:41:15.364,SERVO_OUTPUT_RAW,430609822,SERVO_OUTPUT_RAW,0,0,0,0,0,0,0,0,1000,1000,1000,1000,0,0,0,0,0
2025-12-15 00:41:15.464,SERVO_OUTPUT_RAW,430709811,SERVO_OUTPUT_RAW,0,0,0,0,0,0,0,0,1000,1000,1000,1000,0,0,0,0,0
2025-12-15 00:41:15.564,SERVO_OUTPUT_RAW,430809836,SERVO_OUTPUT_RAW,0,0,0,0,0,0,0,0,1000,1000,1000,1000,0,0,0,0,0
2025-12-15 00:41:15.664,SERVO_OUTPUT_RAW,430909805,SERVO_OUTPUT_RAW,0,0,0,0,0,0,0,0,1000,1000,1000,1000,0,0,0,0,0
2025-12-15 00:41:15.764,SERVO_OUTPUT_RAW,431009797,SERVO_OUTPUT_RAW,0,0,0,0,0,0,0,0,1000,1000,1000,1000,0,0,0,0,0
2025-12-15 00:41:15.864,SERVO_OUTPUT_RAW,431109830,SERVO_OUTPUT_RAW,0,0,0,0,0,0,0,0,1000,1000,1000,1000,0,0,0,0,0
2025-12-15 00:41:15.964,SERVO_OUTPUT_RAW,431209834,SERVO_OUTPUT_RAW,0,0,0,0,0,0,0,0,1000,1000,1000,1000,0,0,0,0,0
2025-12-15 00:41:16.064,SERVO_OUTPUT_RAW,431309859,SERVO_OUTPUT_RAW,0,0,0,0,0,0,0,0,1000,1000,1000,1000,0,0,0,0,0
2025-12-15 00:41:16.164,SERVO_OUTPUT_RAW,431412046,SERVO_OUTPUT_RAW,0,0,0,0,0,0,0,0,1000,1000,1000,1000,0,0,0,0,0
2025-12-15 00:41:16.264,SERVO_OUTPUT_RAW,431509803,SERVO_OUTPUT_RAW,0,0,0,0,0,0,0,0,1000,1000,1000,1000,0,0,0,0,0
2025-12-15 00:41:16.364,SERVO_OUTPUT_RAW,431609824,SERVO_OUTPUT_RAW,0,0,0,0,0,0,0,0,1000,1000,1000,1000,0,0,0,0,0
2025-12-15 00:41:16.464,SERVO_OUTPUT_RAW,431709784,SERVO_OUTPUT_RAW,0,0,0,0,0,0,0,0,1000,1000,1000,1000,0,0,0,0,0
2025-12-15 00:41:16.564,SERVO_OUTPUT_RAW,431809793,SERVO_OUTPUT_RAW,0,0,0,0,0,0,0,0,1000,1000,1000,1000,0,0,0,0,0
2025-12-15 00:41:16.664,SERVO_OUTPUT_RAW,431909792,SERVO_OUTPUT_RAW,0,0,0,0,0,0,0,0,1000,1000,1000,1000,0,0,0,0,0
2025-12-15 00:41:16.764,SERVO_OUTPUT_RAW,432009800,SERVO_OUTPUT_RAW,0,0,0,0,0,0,0,0,1000,1000,1000,1000,0,0,0,0,0
2025-12-15 00:41:16.864,SERVO_OUTPUT_RAW,432109787,SERVO_OUTPUT_RAW,0,0,0,0,0,0,0,0,1000,1000,1000,1000,0,0,0,0,0
2025-12-15 00:41:16.964,SERVO_OUTPUT_RAW,432209827,SERVO_OUTPUT_RAW,0,0,0,0,0,0,0,0,1000,1000,1000,1000,0,0,0,0,0
2025-12-15 00:41:17.064,SERVO_OUTPUT_RAW,432312137,SERVO_OUTPUT_RAW,0,0,0,0,0,0,0,0,1000,1000,1000,1000,0,0,0,0,0
2025-12-15 00:41:17.164,SERVO_OUTPUT_RAW,432409775,SERVO_OUTPUT_RAW,0,0,0,0,0,0,0,0,1000,1000,1000,1000,0,0,0,0,0
2025-12-15 00:41:17.264,SERVO_OUTPUT_RAW,432509856,SERVO_OUTPUT_RAW,0,0,0,0,0,0,0,0,1000,1000,1000,1000,0,0,0,0,0
2025-12-15 00:41:17.366,SERVO_OUTPUT_RAW,432609809,SERVO_OUTPUT_RAW,0,0,0,0,0,0,0,0,1000,1000,1000,1000,0,0,0,0,0
2025-12-15 00:41:17.464,SERVO_OUTPUT_RAW,432709818,SERVO_OUTPUT_RAW,0,0,0,0,0,0,0,0,1000,1000,1000,1000,0,0,0,0,0
2025-12-15 00:41:17.567,SERVO_OUTPUT_RAW,432809855,SERVO_OUTPUT_RAW,0,0,0,0,0,0,0,0,1000,1000,1000,1000,0,0,0,0,0
2025-12-15 00:41:17.667,SERVO_OUTPUT_RAW,432909828,SERVO_OUTPUT_RAW,0,0,0,0,0,0,0,0,1000,1000,1000,1000,0,0,0,0,0
2025-12-15 00:41:17.766,SERVO_OUTPUT_RAW,433009784,SERVO_OUTPUT_RAW,0,0,0,0,0,0,0,0,1000,1000,1000,1000,0,0,0,0,0
2025-12-15 00:41:17.866,SERVO_OUTPUT_RAW,433109834,SERVO_OUTPUT_RAW,0,0,0,0,0,0,0,0,1000,1000,1000,1000,0,0,0,0,0
2025-12-15 00:41:17.966,SERVO_OUTPUT_RAW,433209812,SERVO_OUTPUT_RAW,0,0,0,0,0,0,0,0,1000,1000,1000,1000,0,0,0,0,0
2025-12-15 00:41:18.067,SERVO_OUTPUT_RAW,433309795,SERVO_OUTPUT_RAW,0,0,0,0,0,0,0,0,1000,1000,1000,1000,0,0,0,0,0
2025-12-15 00:41:18.166,SERVO_OUTPUT_RAW,433409793,SERVO_OUTPUT_RAW,0,0,0,0,0,0,0,0,1000,1000,1000,1000,0,0,0,0,0
2025-12-15 00:41:18.266,SERVO_OUTPUT_RAW,433509870,SERVO_OUTPUT_RAW,0,0,0,0,0,0,0,0,1000,1000,1000,1000,0,0,0,0,0
2025-12-15 00:41:18.366,SERVO_OUTPUT_RAW,433609784,SERVO_OUTPUT_RAW,0,0,0,0,0,0,0,0,1000,1000,1000,1000,0,0,0,0,0
2025-12-15 00:41:18.466,SERVO_OUTPUT_RAW,433709788,SERVO_OUTPUT_RAW,0,0,0,0,0,0,0,0,1000,1000,1000,1000,0,0,0,0,0
2025-12-15 00:41:18.566,SERVO_OUTPUT_RAW,433809797,SERVO_OUTPUT_RAW,0,0,0,0,0,0,0,0,1000,1000,1000,1000,0,0,0,0,0
2025-12-15 00:41:18.666,SERVO_OUTPUT_RAW,433909837,SERVO_OUTPUT_RAW,0,0,0,0,0,0,0,0,1000,1000,1000,1000,0,0,0,0,0
2025-12-15 00:41:18.767,SERVO_OUTPUT_RAW,434012145,SERVO_OUTPUT_RAW,0,0,0,0,0,0,0,0,1000,1000,1000,1000,0,0,0,0,0
2025-12-15 00:41:18.866,SERVO_OUTPUT_RAW,434109804,SERVO_OUTPUT_RAW,0,0,0,0,0,0,0,0,1000,1000,1000,1000,0,0,0,0,0
2025-12-15 00:41:18.966,SERVO_OUTPUT_RAW,434209804,SERVO_OUTPUT_RAW,0,0,0,0,0,0,0,0,1000,1000,1000,1000,0,0,0,0,0
2025-12-15 00:41:19.067,SERVO_OUTPUT_RAW,434309846,SERVO_OUTPUT_RAW,0,0,0,0,0,0,0,0,1000,1000,1000,1000,0,0,0,0,0
2025-12-15 00:41:19.166,SERVO_OUTPUT_RAW,434409841,SERVO_OUTPUT_RAW,0,0,0,0,0,0,0,0,1000,1000,1000,1000,0,0,0,0,0
2025-12-15 00:41:19.267,SERVO_OUTPUT_RAW,434509879,SERVO_OUTPUT_RAW,0,0,0,0,0,0,0,0,1000,1000,1000,1000,0,0,0,0,0
2025-12-15 00:41:19.366,SERVO_OUTPUT_RAW,434609796,SERVO_OUTPUT_RAW,0,0,0,0,0,0,0,0,1000,1000,1000,1000,0,0,0,0,0
2025-12-15 00:41:19.466,SERVO_OUTPUT_RAW,434709823,SERVO_OUTPUT_RAW,0,0,0,0,0,0,0,0,1000,1000,1000,1000,0,0,0,0,0
2025-12-15 00:41:19.567,SERVO_OUTPUT_RAW,434809839,SERVO_OUTPUT_RAW,0,0,0,0,0,0,0,0,1000,1000,1000,1000,0,0,0,0,0
2025-12-15 00:41:19.667,SERVO_OUTPUT_RAW,434909797,SERVO_OUTPUT_RAW,0,0,0,0,0,0,0,0,1000,1000,1000,1000,0,0,0,0,0
2025-12-15 00:41:19.767,SERVO_OUTPUT_RAW,435009793,SERVO_OUTPUT_RAW,0,0,0,0,0,0,0,0,1000,1000,1000,1000,0,0,0,0,0
2025-12-15 00:41:19.867,SERVO_OUTPUT_RAW,435109786,SERVO_OUTPUT_RAW,0,0,0,0,0,0,0,0,1000,1000,1000,1000,0,0,0,0,0
2025-12-15 00:41:19.966,SERVO_OUTPUT_RAW,435209774,SERVO_OUTPUT_RAW,0,0,0,0,0,0,0,0,1000,1000,1000,1000,0,0,0,0,0
2025-12-15 00:41:20.065,SERVO_OUTPUT_RAW,435309787,SERVO_OUTPUT_RAW,0,0,0,0,0,0,0,0,1000,1000,1000,1000,0,0,0,0,0
2025-12-15 00:41:20.166,SERVO_OUTPUT_RAW,435409818,SERVO_OUTPUT_RAW,0,0,0,0,0,0,0,0,1000,1000,1000,1000,0,0,0,0,0
2025-12-15 00:41:20.266,SERVO_OUTPUT_RAW,435509843,SERVO_OUTPUT_RAW,0,0,0,0,0,0,0,0,1000,1000,1000,1000,0,0,0,0,0
2025-12-15 00:41:20.367,SERVO_OUTPUT_RAW,435612176,SERVO_OUTPUT_RAW,0,0,0,0,0,0,0,0,1000,1000,1000,1000,0,0,0,0,0
2025-12-15 00:41:20.466,SERVO_OUTPUT_RAW,435709791,SERVO_OUTPUT_RAW,0,0,0,0,0,0,0,0,1000,1000,1000,1000,0,0,0,0,0
2025-12-15 00:41:20.567,SERVO_OUTPUT_RAW,435809841,SERVO_OUTPUT_RAW,0,0,0,0,0,0,0,0,1000,1000,1000,1000,0,0,0,0,0
2025-12-15 00:41:20.667,SERVO_OUTPUT_RAW,435909845,SERVO_OUTPUT_RAW,0,0,0,0,0,0,0,0,1000,1000,1000,1000,0,0,0,0,0
2025-12-15 00:41:20.766,SERVO_OUTPUT_RAW,436009818,SERVO_OUTPUT_RAW,0,0,0,0,0,0,0,0,1000,1000,1000,1000,0,0,0,0,0
2025-12-15 00:41:20.866,SERVO_OUTPUT_RAW,436109785,SERVO_OUTPUT_RAW,0,0,0,0,0,0,0,0,1000,1000,1000,1000,0,0,0,0,0
2025-12-15 00:41:20.966,SERVO_OUTPUT_RAW,436209808,SERVO_OUTPUT_RAW,0,0,0,0,0,0,0,0,1000,1000,1000,1000,0,0,0,0,0
2025-12-15 00:41:21.066,SERVO_OUTPUT_RAW,436309818,SERVO_OUTPUT_RAW,0,0,0,0,0,0,0,0,1000,1000,1000,1000,0,0,0,0,0
2025-12-15 00:41:21.167,SERVO_OUTPUT_RAW,436409832,SERVO_OUTPUT_RAW,0,0,0,0,0,0,0,0,1000,1000,1000,1000,0,0,0,0,0
2025-12-15 00:41:21.266,SERVO_OUTPUT_RAW,436509788,SERVO_OUTPUT_RAW,0,0,0,0,0,0,0,0,1000,1000,1000,1000,0,0,0,0,0
2025-12-15 00:41:21.366,SERVO_OUTPUT_RAW,436609790,SERVO_OUTPUT_RAW,0,0,0,0,0,0,0,0,1000,1000,1000,1000,0,0,0,0,0
2025-12-15 00:41:21.466,SERVO_OUTPUT_RAW,436709813,SERVO_OUTPUT_RAW,0,0,0,0,0,0,0,0,1000,1000,1000,1000,0,0,0,0,0
2025-12-15 00:41:21.566,SERVO_OUTPUT_RAW,436812119,SERVO_OUTPUT_RAW,0,0,0,0,0,0,0,0,1000,1000,1000,1000,0,0,0,0,0
2025-12-15 00:41:21.666,SERVO_OUTPUT_RAW,436909787,SERVO_OUTPUT_RAW,0,0,0,0,0,0,0,0,1000,1000,1000,1000,0,0,0,0,0
2025-12-15 00:41:21.766,SERVO_OUTPUT_RAW,437009822,SERVO_OUTPUT_RAW,0,0,0,0,0,0,0,0,1000,1000,1000,1000,0,0,0,0,0
2025-12-15 00:41:21.866,SERVO_OUTPUT_RAW,437109792,SERVO_OUTPUT_RAW,0,0,0,0,0,0,0,0,1000,1000,1000,1000,0,0,0,0,0
2025-12-15 00:41:21.966,SERVO_OUTPUT_RAW,437209856,SERVO_OUTPUT_RAW,0,0,0,0,0,0,0,0,1000,1000,1000,1000,0,0,0,0,0
2025-12-15 00:41:22.066,SERVO_OUTPUT_RAW,437309802,SERVO_OUTPUT_RAW,0,0,0,0,0,0,0,0,1000,1000,1000,1000,0,0,0,0,0
2025-12-15 00:41:22.166,SERVO_OUTPUT_RAW,437409872,SERVO_OUTPUT_RAW,0,0,0,0,0,0,0,0,1000,1000,1000,1000,0,0,0,0,0
2025-12-15 00:41:22.266,SERVO_OUTPUT_RAW,437509845,SERVO_OUTPUT_RAW,0,0,0,0,0,0,0,0,1000,1000,1000,1000,0,0,0,0,0
2025-12-15 00:41:22.366,SERVO_OUTPUT_RAW,437609846,SERVO_OUTPUT_RAW,0,0,0,0,0,0,0,0,1000,1000,1000,1000,0,0,0,0,0
2025-12-15 00:41:22.471,SERVO_OUTPUT_RAW,437709920,SERVO_OUTPUT_RAW,0,0,0,0,0,0,0,0,1000,1000,1000,1000,0,0,0,0,0
2025-12-15 00:41:22.566,SERVO_OUTPUT_RAW,437809839,SERVO_OUTPUT_RAW,0,0,0,0,0,0,0,0,1000,1000,1000,1000,0,0,0,0,0
2025-12-15 00:41:22.666,SERVO_OUTPUT_RAW,437909811,SERVO_OUTPUT_RAW,0,0,0,0,0,0,0,0,1000,1000,1000,1000,0,0,0,0,0
2025-12-15 00:41:22.766,SERVO_OUTPUT_RAW,438009775,SERVO_OUTPUT_RAW,0,0,0,0,0,0,0,0,1000,1000,1000,1000,0,0,0,0,0
2025-12-15 00:41:22.866,SERVO_OUTPUT_RAW,438109790,SERVO_OUTPUT_RAW,0,0,0,0,0,0,0,0,1000,1000,1000,1000,0,0,0,0,0
2025-12-15 00:41:22.966,SERVO_OUTPUT_RAW,438209787,SERVO_OUTPUT_RAW,0,0,0,0,0,0,0,0,1000,1000,1000,1000,0,0,0,0,0
2025-12-15 00:41:23.066,SERVO_OUTPUT_RAW,438309781,SERVO_OUTPUT_RAW,0,0,0,0,0,0,0,0,1000,1000,1000,1000,0,0,0,0,0
2025-12-15 00:41:23.166,SERVO_OUTPUT_RAW,438409803,SERVO_OUTPUT_RAW,0,0,0,0,0,0,0,0,1000,1000,1000,1000,0,0,0,0,0
2025-12-15 00:41:23.266,SERVO_OUTPUT_RAW,438509821,SERVO_OUTPUT_RAW,0,0,0,0,0,0,0,0,1000,1000,1000,1000,0,0,0,0,0
2025-12-15 00:41:23.366,SERVO_OUTPUT_RAW,438609827,SERVO_OUTPUT_RAW,0,0,0,0,0,0,0,0,1000,1000,1000,1000,0,0,0,0,0
2025-12-15 00:41:23.466,SERVO_OUTPUT_RAW,438709852,SERVO_OUTPUT_RAW,0,0,0,0,0,0,0,0,1000,1000,1000,1000,0,0,0,0,0
2025-12-15 00:41:23.567,SERVO_OUTPUT_RAW,438809788,SERVO_OUTPUT_RAW,0,0,0,0,0,0,0,0,1000,1000,1000,1000,0,0,0,0,0
2025-12-15 00:41:23.667,SERVO_OUTPUT_RAW,438909833,SERVO_OUTPUT_RAW,0,0,0,0,0,0,0,0,1000,1000,1000,1000,0,0,0,0,0
2025-12-15 00:41:23.766,SERVO_OUTPUT_RAW,439009836,SERVO_OUTPUT_RAW,0,0,0,0,0,0,0,0,1000,1000,1000,1000,0,0,0,0,0
2025-12-15 00:41:23.866,SERVO_OUTPUT_RAW,439109841,SERVO_OUTPUT_RAW,0,0,0,0,0,0,0,0,1000,1000,1000,1000,0,0,0,0,0
2025-12-15 00:41:23.966,SERVO_OUTPUT_RAW,439209794,SERVO_OUTPUT_RAW,0,0,0,0,0,0,0,0,1000,1000,1000,1000,0,0,0,0,0
2025-12-15 00:41:24.066,SERVO_OUTPUT_RAW,439309814,SERVO_OUTPUT_RAW,0,0,0,0,0,0,0,0,1000,1000,1000,1000,0,0,0,0,0
2025-12-15 00:41:24.166,SERVO_OUTPUT_RAW,439409818,SERVO_OUTPUT_RAW,0,0,0,0,0,0,0,0,1000,1000,1000,1000,0,0,0,0,0
2025-12-15 00:41:24.266,SERVO_OUTPUT_RAW,439509776,SERVO_OUTPUT_RAW,0,0,0,0,0,0,0,0,1000,1000,1000,1000,0,0,0,0,0
2025-12-15 00:41:24.367,SERVO_OUTPUT_RAW,439609787,SERVO_OUTPUT_RAW,0,0,0,0,0,0,0,0,1000,1000,1000,1000,0,0,0,0,0
2025-12-15 00:41:24.466,SERVO_OUTPUT_RAW,439709813,SERVO_OUTPUT_RAW,0,0,0,0,0,0,0,0,1000,1000,1000,1000,0,0,0,0,0
2025-12-15 00:41:24.566,SERVO_OUTPUT_RAW,439809862,SERVO_OUTPUT_RAW,0,0,0,0,0,0,0,0,1000,1000,1000,1000,0,0,0,0,0
2025-12-15 00:41:24.666,SERVO_OUTPUT_RAW,439909794,SERVO_OUTPUT_RAW,0,0,0,0,0,0,0,0,1000,1000,1000,1000,0,0,0,0,0
2025-12-15 00:41:24.766,SERVO_OUTPUT_RAW,440009791,SERVO_OUTPUT_RAW,0,0,0,0,0,0,0,0,1000,1000,1000,1000,0,0,0,0,0
2025-12-15 00:41:24.868,SERVO_OUTPUT_RAW,440109868,SERVO_OUTPUT_RAW,0,0,0,0,0,0,0,0,1000,1000,1000,1000,0,0,0,0,0
2025-12-15 00:41:24.967,SERVO_OUTPUT_RAW,440209855,SERVO_OUTPUT_RAW,0,0,0,0,0,0,0,0,1000,1000,1000,1000,0,0,0,0,0
2025-12-15 00:41:25.067,SERVO_OUTPUT_RAW,440312161,SERVO_OUTPUT_RAW,0,0,0,0,0,0,0,0,1000,1000,1000,1000,0,0,0,0,0
2025-12-15 00:41:25.167,SERVO_OUTPUT_RAW,440409821,SERVO_OUTPUT_RAW,0,0,0,0,0,0,0,0,1000,1000,1000,1000,0,0,0,0,0
2025-12-15 00:41:25.267,SERVO_OUTPUT_RAW,440509817,SERVO_OUTPUT_RAW,0,0,0,0,0,0,0,0,1000,1000,1000,1000,0,0,0,0,0
2025-12-15 00:41:25.367,SERVO_OUTPUT_RAW,440609836,SERVO_OUTPUT_RAW,0,0,0,0,0,0,0,0,1000,1000,1000,1000,0,0,0,0,0
2025-12-15 00:41:25.467,SERVO_OUTPUT_RAW,440709861,SERVO_OUTPUT_RAW,0,0,0,0,0,0,0,0,1000,1000,1000,1000,0,0,0,0,0
2025-12-15 00:41:25.567,SERVO_OUTPUT_RAW,440809782,SERVO_OUTPUT_RAW,0,0,0,0,0,0,0,0,1000,1000,1000,1000,0,0,0,0,0
2025-12-15 00:41:25.667,SERVO_OUTPUT_RAW,440909815,SERVO_OUTPUT_RAW,0,0,0,0,0,0,0,0,1000,1000,1000,1000,0,0,0,0,0
2025-12-15 00:41:25.767,SERVO_OUTPUT_RAW,441009813,SERVO_OUTPUT_RAW,0,0,0,0,0,0,0,0,1000,1000,1000,1000,0,0,0,0,0
2025-12-15 00:41:25.867,SERVO_OUTPUT_RAW,441109780,SERVO_OUTPUT_RAW,0,0,0,0,0,0,0,0,1000,1000,1000,1000,0,0,0,0,0
2025-12-15 00:41:25.967,SERVO_OUTPUT_RAW,441209808,SERVO_OUTPUT_RAW,0,0,0,0,0,0,0,0,1000,1000,1000,1000,0,0,0,0,0
2025-12-15 00:41:26.067,SERVO_OUTPUT_RAW,441309799,SERVO_OUTPUT_RAW,0,0,0,0,0,0,0,0,1000,1000,1000,1000,0,0,0,0,0
2025-12-15 00:41:26.167,SERVO_OUTPUT_RAW,441409792,SERVO_OUTPUT_RAW,0,0,0,0,0,0,0,0,1000,1000,1000,1000,0,0,0,0,0
2025-12-15 00:41:26.267,SERVO_OUTPUT_RAW,441512120,SERVO_OUTPUT_RAW,0,0,0,0,0,0,0,0,1000,1000,1000,1000,0,0,0,0,0
2025-12-15 00:41:26.367,SERVO_OUTPUT_RAW,441609803,SERVO_OUTPUT_RAW,0,0,0,0,0,0,0,0,1000,1000,1000,1000,0,0,0,0,0
2025-12-15 00:41:26.467,SERVO_OUTPUT_RAW,441709837,SERVO_OUTPUT_RAW,0,0,0,0,0,0,0,0,1000,1000,1000,1000,0,0,0,0,0
2025-12-15 00:41:26.567,SERVO_OUTPUT_RAW,441809805,SERVO_OUTPUT_RAW,0,0,0,0,0,0,0,0,1000,1000,1000,1000,0,0,0,0,0
2025-12-15 00:41:26.667,SERVO_OUTPUT_RAW,441912132,SERVO_OUTPUT_RAW,0,0,0,0,0,0,0,0,1000,1000,1000,1000,0,0,0,0,0
2025-12-15 00:41:26.767,SERVO_OUTPUT_RAW,442009807,SERVO_OUTPUT_RAW,0,0,0,0,0,0,0,0,1000,1000,1000,1000,0,0,0,0,0
2025-12-15 00:41:26.867,SERVO_OUTPUT_RAW,442109844,SERVO_OUTPUT_RAW,0,0,0,0,0,0,0,0,1000,1000,1000,1000,0,0,0,0,0
2025-12-15 00:41:26.967,SERVO_OUTPUT_RAW,442209852,SERVO_OUTPUT_RAW,0,0,0,0,0,0,0,0,1000,1000,1000,1000,0,0,0,0,0
2025-12-15 00:41:27.067,SERVO_OUTPUT_RAW,442309786,SERVO_OUTPUT_RAW,0,0,0,0,0,0,0,0,1000,1000,1000,1000,0,0,0,0,0
2025-12-15 00:41:27.167,SERVO_OUTPUT_RAW,442409788,SERVO_OUTPUT_RAW,0,0,0,0,0,0,0,0,1000,1000,1000,1000,0,0,0,0,0
2025-12-15 00:41:27.267,SERVO_OUTPUT_RAW,442509821,SERVO_OUTPUT_RAW,0,0,0,0,0,0,0,0,1000,1000,1000,1000,0,0,0,0,0
2025-12-15 00:41:27.369,SERVO_OUTPUT_RAW,442609843,SERVO_OUTPUT_RAW,0,0,0,0,0,0,0,0,1000,1000,1000,1000,0,0,0,0,0
2025-12-15 00:41:27.467,SERVO_OUTPUT_RAW,442709793,SERVO_OUTPUT_RAW,0,0,0,0,0,0,0,0,1000,1000,1000,1000,0,0,0,0,0
2025-12-15 00:41:27.567,SERVO_OUTPUT_RAW,442809784,SERVO_OUTPUT_RAW,0,0,0,0,0,0,0,0,1000,1000,1000,1000,0,0,0,0,0
2025-12-15 00:41:27.667,SERVO_OUTPUT_RAW,442909797,SERVO_OUTPUT_RAW,0,0,0,0,0,0,0,0,1000,1000,1000,1000,0,0,0,0,0
2025-12-15 00:41:27.767,SERVO_OUTPUT_RAW,443009795,SERVO_OUTPUT_RAW,0,0,0,0,0,0,0,0,1000,1000,1000,1000,0,0,0,0,0
2025-12-15 00:41:27.867,SERVO_OUTPUT_RAW,443109781,SERVO_OUTPUT_RAW,0,0,0,0,0,0,0,0,1000,1000,1000,1000,0,0,0,0,0
2025-12-15 00:41:27.967,SERVO_OUTPUT_RAW,443209827,SERVO_OUTPUT_RAW,0,0,0,0,0,0,0,0,1000,1000,1000,1000,0,0,0,0,0
2025-12-15 00:41:28.067,SERVO_OUTPUT_RAW,443309822,SERVO_OUTPUT_RAW,0,0,0,0,0,0,0,0,1000,1000,1000,1000,0,0,0,0,0
2025-12-15 00:41:28.167,SERVO_OUTPUT_RAW,443409854,SERVO_OUTPUT_RAW,0,0,0,0,0,0,0,0,1000,1000,1000,1000,0,0,0,0,0
2025-12-15 00:41:28.267,SERVO_OUTPUT_RAW,443509831,SERVO_OUTPUT_RAW,0,0,0,0,0,0,0,0,1000,1000,1000,1000,0,0,0,0,0
2025-12-15 00:41:28.367,SERVO_OUTPUT_RAW,443609827,SERVO_OUTPUT_RAW,0,0,0,0,0,0,0,0,1000,1000,1000,1000,0,0,0,0,0
2025-12-15 00:41:28.467,SERVO_OUTPUT_RAW,443709856,SERVO_OUTPUT_RAW,0,0,0,0,0,0,0,0,1000,1000,1000,1000,0,0,0,0,0
2025-12-15 00:41:28.567,SERVO_OUTPUT_RAW,443809840,SERVO_OUTPUT_RAW,0,0,0,0,0,0,0,0,1000,1000,1000,1000,0,0,0,0,0
2025-12-15 00:41:28.667,SERVO_OUTPUT_RAW,443909792,SERVO_OUTPUT_RAW,0,0,0,0,0,0,0,0,1000,1000,1000,1000,0,0,0,0,0
2025-12-15 00:41:28.767,SERVO_OUTPUT_RAW,444009896,SERVO_OUTPUT_RAW,0,0,0,0,0,0,0,0,1000,1000,1000,1000,0,0,0,0,0
2025-12-15 00:41:28.867,SERVO_OUTPUT_RAW,444109804,SERVO_OUTPUT_RAW,0,0,0,0,0,0,0,0,1000,1000,1000,1000,0,0,0,0,0
2025-12-15 00:41:28.967,SERVO_OUTPUT_RAW,444209830,SERVO_OUTPUT_RAW,0,0,0,0,0,0,0,0,1000,1000,1000,1000,0,0,0,0,0
2025-12-15 00:41:29.067,SERVO_OUTPUT_RAW,444309776,SERVO_OUTPUT_RAW,0,0,0,0,0,0,0,0,1000,1000,1000,1000,0,0,0,0,0
2025-12-15 00:41:29.167,SERVO_OUTPUT_RAW,444409786,SERVO_OUTPUT_RAW,0,0,0,0,0,0,0,0,1000,1000,1000,1000,0,0,0,0,0
2025-12-15 00:41:29.267,SERVO_OUTPUT_RAW,444509783,SERVO_OUTPUT_RAW,0,0,0,0,0,0,0,0,1000,1000,1000,1000,0,0,0,0,0
2025-12-15 00:41:29.366,SERVO_OUTPUT_RAW,444609780,SERVO_OUTPUT_RAW,0,0,0,0,0,0,0,0,1000,1000,1000,1000,0,0,0,0,0
2025-12-15 00:41:29.466,SERVO_OUTPUT_RAW,444709797,SERVO_OUTPUT_RAW,0,0,0,0,0,0,0,0,1000,1000,1000,1000,0,0,0,0,0
2025-12-15 00:41:29.567,SERVO_OUTPUT_RAW,444809849,SERVO_OUTPUT_RAW,0,0,0,0,0,0,0,0,1000,1000,1000,1000,0,0,0,0,0
2025-12-15 00:41:29.667,SERVO_OUTPUT_RAW,444909793,SERVO_OUTPUT_RAW,0,0,0,0,0,0,0,0,1000,1000,1000,1000,0,0,0,0,0
2025-12-15 00:41:29.767,SERVO_OUTPUT_RAW,445009799,SERVO_OUTPUT_RAW,0,0,0,0,0,0,0,0,1000,1000,1000,1000,0,0,0,0,0
2025-12-15 00:41:29.867,SERVO_OUTPUT_RAW,445109830,SERVO_OUTPUT_RAW,0,0,0,0,0,0,0,0,1000,1000,1000,1000,0,0,0,0,0
2025-12-15 00:41:29.967,SERVO_OUTPUT_RAW,445209856,SERVO_OUTPUT_RAW,0,0,0,0,0,0,0,0,1000,1000,1000,1000,0,0,0,0,0
2025-12-15 00:41:30.067,SERVO_OUTPUT_RAW,445309833,SERVO_OUTPUT_RAW,0,0,0,0,0,0,0,0,1000,1000,1000,1000,0,0,0,0,0
2025-12-15 00:41:30.167,SERVO_OUTPUT_RAW,445409850,SERVO_OUTPUT_RAW,0,0,0,0,0,0,0,0,1000,1000,1000,1000,0,0,0,0,0
2025-12-15 00:41:30.267,SERVO_OUTPUT_RAW,445509819,SERVO_OUTPUT_RAW,0,0,0,0,0,0,0,0,1000,1000,1000,1000,0,0,0,0,0
2025-12-15 00:41:30.367,SERVO_OUTPUT_RAW,445609816,SERVO_OUTPUT_RAW,0,0,0,0,0,0,0,0,1000,1000,1000,1000,0,0,0,0,0
2025-12-15 00:41:30.467,SERVO_OUTPUT_RAW,445709829,SERVO_OUTPUT_RAW,0,0,0,0,0,0,0,0,1000,1000,1000,1000,0,0,0,0,0
2025-12-15 00:41:30.567,SERVO_OUTPUT_RAW,445809781,SERVO_OUTPUT_RAW,0,0,0,0,0,0,0,0,1000,1000,1000,1000,0,0,0,0,0
2025-12-15 00:41:30.666,SERVO_OUTPUT_RAW,445909789,SERVO_OUTPUT_RAW,0,0,0,0,0,0,0,0,1000,1000,1000,1000,0,0,0,0,0
2025-12-15 00:41:30.766,SERVO_OUTPUT_RAW,446009778,SERVO_OUTPUT_RAW,0,0,0,0,0,0,0,0,1000,1000,1000,1000,0,0,0,0,0
2025-12-15 00:41:30.866,SERVO_OUTPUT_RAW,446109848,SERVO_OUTPUT_RAW,0,0,0,0,0,0,0,0,1000,1000,1000,1000,0,0,0,0,0
2025-12-15 00:41:30.966,SERVO_OUTPUT_RAW,446212107,SERVO_OUTPUT_RAW,0,0,0,0,0,0,0,0,1000,1000,1000,1000,0,0,0,0,0
2025-12-15 00:41:31.066,SERVO_OUTPUT_RAW,446309799,SERVO_OUTPUT_RAW,0,0,0,0,0,0,0,0,1000,1000,1000,1000,0,0,0,0,0
2025-12-15 00:41:31.166,SERVO_OUTPUT_RAW,446409839,SERVO_OUTPUT_RAW,0,0,0,0,0,0,0,0,1000,1000,1000,1000,0,0,0,0,0
2025-12-15 00:41:31.266,SERVO_OUTPUT_RAW,446509872,SERVO_OUTPUT_RAW,0,0,0,0,0,0,0,0,1000,1000,1000,1000,0,0,0,0,0
2025-12-15 00:41:31.366,SERVO_OUTPUT_RAW,446609826,SERVO_OUTPUT_RAW,0,0,0,0,0,0,0,0,1000,1000,1000,1000,0,0,0,0,0
2025-12-15 00:41:31.467,SERVO_OUTPUT_RAW,446709816,SERVO_OUTPUT_RAW,0,0,0,0,0,0,0,0,1000,1000,1000,1000,0,0,0,0,0
2025-12-15 00:41:31.567,SERVO_OUTPUT_RAW,446809844,SERVO_OUTPUT_RAW,0,0,0,0,0,0,0,0,1000,1000,1000,1000,0,0,0,0,0
2025-12-15 00:41:31.667,SERVO_OUTPUT_RAW,446909839,SERVO_OUTPUT_RAW,0,0,0,0,0,0,0,0,1000,1000,1000,1000,0,0,0,0,0
2025-12-15 00:41:31.766,SERVO_OUTPUT_RAW,447009774,SERVO_OUTPUT_RAW,0,0,0,0,0,0,0,0,1000,1000,1000,1000,0,0,0,0,0
2025-12-15 00:41:31.866,SERVO_OUTPUT_RAW,447109815,SERVO_OUTPUT_RAW,0,0,0,0,0,0,0,0,1000,1000,1000,1000,0,0,0,0,0
2025-12-15 00:41:31.967,SERVO_OUTPUT_RAW,447209818,SERVO_OUTPUT_RAW,0,0,0,0,0,0,0,0,1000,1000,1000,1000,0,0,0,0,0
2025-12-15 00:41:32.067,SERVO_OUTPUT_RAW,447309774,SERVO_OUTPUT_RAW,0,0,0,0,0,0,0,0,1000,1000,1000,1000,0,0,0,0,0
2025-12-15 00:41:32.167,SERVO_OUTPUT_RAW,447409776,SERVO_OUTPUT_RAW,0,0,0,0,0,0,0,0,1000,1000,1000,1000,0,0,0,0,0
2025-12-15 00:41:32.267,SERVO_OUTPUT_RAW,447509801,SERVO_OUTPUT_RAW,0,0,0,0,0,0,0,0,1000,1000,1000,1000,0,0,0,0,0
2025-12-15 00:41:32.368,SERVO_OUTPUT_RAW,447609793,SERVO_OUTPUT_RAW,0,0,0,0,0,0,0,0,1000,1000,1000,1000,0,0,0,0,0
2025-12-15 00:41:32.467,SERVO_OUTPUT_RAW,447709797,SERVO_OUTPUT_RAW,0,0,0,0,0,0,0,0,1000,1000,1000,1000,0,0,0,0,0
2025-12-15 00:41:32.566,SERVO_OUTPUT_RAW,447809792,SERVO_OUTPUT_RAW,0,0,0,0,0,0,0,0,1000,1000,1000,1000,0,0,0,0,0
2025-12-15 00:41:32.666,SERVO_OUTPUT_RAW,447909831,SERVO_OUTPUT_RAW,0,0,0,0,0,0,0,0,1000,1000,1000,1000,0,0,0,0,0
2025-12-15 00:41:32.766,SERVO_OUTPUT_RAW,448009832,SERVO_OUTPUT_RAW,0,0,0,0,0,0,0,0,1000,1000,1000,1000,0,0,0,0,0
2025-12-15 00:41:32.866,SERVO_OUTPUT_RAW,448109865,SERVO_OUTPUT_RAW,0,0,0,0,0,0,0,0,1000,1000,1000,1000,0,0,0,0,0
2025-12-15 00:41:32.966,SERVO_OUTPUT_RAW,448212167,SERVO_OUTPUT_RAW,0,0,0,0,0,0,0,0,1000,1000,1000,1000,0,0,0,0,0
2025-12-15 00:41:33.066,SERVO_OUTPUT_RAW,448309809,SERVO_OUTPUT_RAW,0,0,0,0,0,0,0,0,1000,1000,1000,1000,0,0,0,0,0
2025-12-15 00:41:33.166,SERVO_OUTPUT_RAW,448409871,SERVO_OUTPUT_RAW,0,0,0,0,0,0,0,0,1000,1000,1000,1000,0,0,0,0,0
2025-12-15 00:41:33.266,SERVO_OUTPUT_RAW,448509803,SERVO_OUTPUT_RAW,0,0,0,0,0,0,0,0,1000,1000,1000,1000,0,0,0,0,0
2025-12-15 00:41:33.366,SERVO_OUTPUT_RAW,448609789,SERVO_OUTPUT_RAW,0,0,0,0,0,0,0,0,1000,1000,1000,1000,0,0,0,0,0
2025-12-15 00:41:33.466,SERVO_OUTPUT_RAW,448709829,SERVO_OUTPUT_RAW,0,0,0,0,0,0,0,0,1000,1000,1000,1000,0,0,0,0,0
2025-12-15 00:41:33.566,SERVO_OUTPUT_RAW,448809820,SERVO_OUTPUT_RAW,0,0,0,0,0,0,0,0,1000,1000,1000,1000,0,0,0,0,0
2025-12-15 00:41:33.666,SERVO_OUTPUT_RAW,448909786,SERVO_OUTPUT_RAW,0,0,0,0,0,0,0,0,1000,1000,1000,1000,0,0,0,0,0
2025-12-15 00:41:33.766,SERVO_OUTPUT_RAW,449009796,SERVO_OUTPUT_RAW,0,0,0,0,0,0,0,0,1000,1000,1000,1000,0,0,0,0,0
2025-12-15 00:41:33.866,SERVO_OUTPUT_RAW,449109805,SERVO_OUTPUT_RAW,0,0,0,0,0,0,0,0,1000,1000,1000,1000,0,0,0,0,0
2025-12-15 00:41:33.966,SERVO_OUTPUT_RAW,449209791,SERVO_OUTPUT_RAW,0,0,0,0,0,0,0,0,1000,1000,1000,1000,0,0,0,0,0
2025-12-15 00:41:34.066,SERVO_OUTPUT_RAW,449309802,SERVO_OUTPUT_RAW,0,0,0,0,0,0,0,0,1000,1000,1000,1000,0,0,0,0,0
2025-12-15 00:41:34.167,SERVO_OUTPUT_RAW,449409812,SERVO_OUTPUT_RAW,0,0,0,0,0,0,0,0,1000,1000,1000,1000,0,0,0,0,0
2025-12-15 00:41:34.267,SERVO_OUTPUT_RAW,449509829,SERVO_OUTPUT_RAW,0,0,0,0,0,0,0,0,1000,1000,1000,1000,0,0,0,0,0
2025-12-15 00:41:34.366,SERVO_OUTPUT_RAW,449609843,SERVO_OUTPUT_RAW,0,0,0,0,0,0,0,0,1000,1000,1000,1000,0,0,0,0,0
2025-12-15 00:41:34.467,SERVO_OUTPUT_RAW,449709795,SERVO_OUTPUT_RAW,0,0,0,0,0,0,0,0,1000,1000,1000,1000,0,0,0,0,0
2025-12-15 00:41:34.567,SERVO_OUTPUT_RAW,449809813,SERVO_OUTPUT_RAW,0,0,0,0,0,0,0,0,1000,1000,1000,1000,0,0,0,0,0
2025-12-15 00:41:34.666,SERVO_OUTPUT_RAW,449909827,SERVO_OUTPUT_RAW,0,0,0,0,0,0,0,0,1000,1000,1000,1000,0,0,0,0,0
2025-12-15 00:41:34.767,SERVO_OUTPUT_RAW,450009856,SERVO_OUTPUT_RAW,0,0,0,0,0,0,0,0,1000,1000,1000,1000,0,0,0,0,0
2025-12-15 00:41:34.868,SERVO_OUTPUT_RAW,450109859,SERVO_OUTPUT_RAW,0,0,0,0,0,0,0,0,1000,1000,1000,1000,0,0,0,0,0
2025-12-15 00:41:34.967,SERVO_OUTPUT_RAW,450209818,SERVO_OUTPUT_RAW,0,0,0,0,0,0,0,0,1000,1000,1000,1000,0,0,0,0,0
2025-12-15 00:41:35.067,SERVO_OUTPUT_RAW,450309935,SERVO_OUTPUT_RAW,0,0,0,0,0,0,0,0,1000,1000,1000,1000,0,0,0,0,0
2025-12-15 00:41:35.167,SERVO_OUTPUT_RAW,450409816,SERVO_OUTPUT_RAW,0,0,0,0,0,0,0,0,1000,1000,1000,1000,0,0,0,0,0
2025-12-15 00:41:35.267,SERVO_OUTPUT_RAW,450509789,SERVO_OUTPUT_RAW,0,0,0,0,0,0,0,0,1000,1000,1000,1000,0,0,0,0,0
2025-12-15 00:41:35.367,SERVO_OUTPUT_RAW,450609780,SERVO_OUTPUT_RAW,0,0,0,0,0,0,0,0,1000,1000,1000,1000,0,0,0,0,0
2025-12-15 00:41:35.467,SERVO_OUTPUT_RAW,450709781,SERVO_OUTPUT_RAW,0,0,0,0,0,0,0,0,1000,1000,1000,1000,0,0,0,0,0
2025-12-15 00:41:35.567,SERVO_OUTPUT_RAW,450809784,SERVO_OUTPUT_RAW,0,0,0,0,0,0,0,0,1000,1000,1000,1000,0,0,0,0,0
2025-12-15 00:41:35.667,SERVO_OUTPUT_RAW,450909785,SERVO_OUTPUT_RAW,0,0,0,0,0,0,0,0,1000,1000,1000,1000,0,0,0,0,0
2025-12-15 00:41:35.767,SERVO_OUTPUT_RAW,451009814,SERVO_OUTPUT_RAW,0,0,0,0,0,0,0,0,1000,1000,1000,1000,0,0,0,0,0
2025-12-15 00:41:35.867,SERVO_OUTPUT_RAW,451109847,SERVO_OUTPUT_RAW,0,0,0,0,0,0,0,0,1000,1000,1000,1000,0,0,0,0,0
2025-12-15 00:41:35.967,SERVO_OUTPUT_RAW,451209829,SERVO_OUTPUT_RAW,0,0,0,0,0,0,0,0,1000,1000,1000,1000,0,0,0,0,0
2025-12-15 00:41:36.067,SERVO_OUTPUT_RAW,451309799,SERVO_OUTPUT_RAW,0,0,0,0,0,0,0,0,1000,1000,1000,1000,0,0,0,0,0
2025-12-15 00:41:36.167,SERVO_OUTPUT_RAW,451409814,SERVO_OUTPUT_RAW,0,0,0,0,0,0,0,0,1000,1000,1000,1000,0,0,0,0,0
2025-12-15 00:41:36.267,SERVO_OUTPUT_RAW,451509846,SERVO_OUTPUT_RAW,0,0,0,0,0,0,0,0,1000,1000,1000,1000,0,0,0,0,0
2025-12-15 00:41:36.367,SERVO_OUTPUT_RAW,451609851,SERVO_OUTPUT_RAW,0,0,0,0,0,0,0,0,1000,1000,1000,1000,0,0,0,0,0
2025-12-15 00:41:36.467,SERVO_OUTPUT_RAW,451709779,SERVO_OUTPUT_RAW,0,0,0,0,0,0,0,0,1000,1000,1000,1000,0,0,0,0,0
2025-12-15 00:41:36.568,SERVO_OUTPUT_RAW,451809812,SERVO_OUTPUT_RAW,0,0,0,0,0,0,0,0,1000,1000,1000,1000,0,0,0,0,0
2025-12-15 00:41:36.667,SERVO_OUTPUT_RAW,451909831,SERVO_OUTPUT_RAW,0,0,0,0,0,0,0,0,1000,1000,1000,1000,0,0,0,0,0
2025-12-15 00:41:36.767,SERVO_OUTPUT_RAW,452009785,SERVO_OUTPUT_RAW,0,0,0,0,0,0,0,0,1000,1000,1000,1000,0,0,0,0,0
2025-12-15 00:41:36.867,SERVO_OUTPUT_RAW,452109798,SERVO_OUTPUT_RAW,0,0,0,0,0,0,0,0,1000,1000,1000,1000,0,0,0,0,0
2025-12-15 00:41:36.967,SERVO_OUTPUT_RAW,452209785,SERVO_OUTPUT_RAW,0,0,0,0,0,0,0,0,1000,1000,1000,1000,0,0,0,0,0
2025-12-15 00:41:37.067,SERVO_OUTPUT_RAW,452309792,SERVO_OUTPUT_RAW,0,0,0,0,0,0,0,0,1000,1000,1000,1000,0,0,0,0,0
2025-12-15 00:41:37.167,SERVO_OUTPUT_RAW,452409850,SERVO_OUTPUT_RAW,0,0,0,0,0,0,0,0,1000,1000,1000,1000,0,0,0,0,0
2025-12-15 00:41:37.268,SERVO_OUTPUT_RAW,452509789,SERVO_OUTPUT_RAW,0,0,0,0,0,0,0,0,1000,1000,1000,1000,0,0,0,0,0
2025-12-15 00:41:37.367,SERVO_OUTPUT_RAW,452609837,SERVO_OUTPUT_RAW,0,0,0,0,0,0,0,0,1000,1000,1000,1000,0,0,0,0,0
2025-12-15 00:41:37.471,SERVO_OUTPUT_RAW,452709797,SERVO_OUTPUT_RAW,0,0,0,0,0,0,0,0,1000,1000,1000,1000,0,0,0,0,0
2025-12-15 00:41:37.567,SERVO_OUTPUT_RAW,452809809,SERVO_OUTPUT_RAW,0,0,0,0,0,0,0,0,1000,1000,1000,1000,0,0,0,0,0
2025-12-15 00:41:37.667,SERVO_OUTPUT_RAW,452909921,SERVO_OUTPUT_RAW,0,0,0,0,0,0,0,0,1000,1000,1000,1000,0,0,0,0,0
2025-12-15 00:41:37.767,SERVO_OUTPUT_RAW,453009838,SERVO_OUTPUT_RAW,0,0,0,0,0,0,0,0,1000,1000,1000,1000,0,0,0,0,0
2025-12-15 00:41:37.867,SERVO_OUTPUT_RAW,453109846,SERVO_OUTPUT_RAW,0,0,0,0,0,0,0,0,1000,1000,1000,1000,0,0,0,0,0
2025-12-15 00:41:37.967,SERVO_OUTPUT_RAW,453209850,SERVO_OUTPUT_RAW,0,0,0,0,0,0,0,0,1000,1000,1000,1000,0,0,0,0,0
2025-12-15 00:41:38.067,SERVO_OUTPUT_RAW,453309779,SERVO_OUTPUT_RAW,0,0,0,0,0,0,0,0,1000,1000,1000,1000,0,0,0,0,0
2025-12-15 00:41:38.167,SERVO_OUTPUT_RAW,453409813,SERVO_OUTPUT_RAW,0,0,0,0,0,0,0,0,1000,1000,1000,1000,0,0,0,0,0
2025-12-15 00:41:38.267,SERVO_OUTPUT_RAW,453509818,SERVO_OUTPUT_RAW,0,0,0,0,0,0,0,0,1000,1000,1000,1000,0,0,0,0,0
2025-12-15 00:41:38.367,SERVO_OUTPUT_RAW,453609796,SERVO_OUTPUT_RAW,0,0,0,0,0,0,0,0,1000,1000,1000,1000,0,0,0,0,0
2025-12-15 00:41:38.467,SERVO_OUTPUT_RAW,453709795,SERVO_OUTPUT_RAW,0,0,0,0,0,0,0,0,1000,1000,1000,1000,0,0,0,0,0
2025-12-15 00:41:38.568,SERVO_OUTPUT_RAW,453809801,SERVO_OUTPUT_RAW,0,0,0,0,0,0,0,0,1000,1000,1000,1000,0,0,0,0,0
2025-12-15 00:41:38.667,SERVO_OUTPUT_RAW,453909794,SERVO_OUTPUT_RAW,0,0,0,0,0,0,0,0,1000,1000,1000,1000,0,0,0,0,0
2025-12-15 00:41:38.767,SERVO_OUTPUT_RAW,454009788,SERVO_OUTPUT_RAW,0,0,0,0,0,0,0,0,1000,1000,1000,1000,0,0,0,0,0
2025-12-15 00:41:38.867,SERVO_OUTPUT_RAW,454109811,SERVO_OUTPUT_RAW,0,0,0,0,0,0,0,0,1000,1000,1000,1000,0,0,0,0,0
2025-12-15 00:41:38.967,SERVO_OUTPUT_RAW,454209838,SERVO_OUTPUT_RAW,0,0,0,0,0,0,0,0,1000,1000,1000,1000,0,0,0,0,0
2025-12-15 00:41:39.067,SERVO_OUTPUT_RAW,454309789,SERVO_OUTPUT_RAW,0,0,0,0,0,0,0,0,1000,1000,1000,1000,0,0,0,0,0
2025-12-15 00:41:39.168,SERVO_OUTPUT_RAW,454409780,SERVO_OUTPUT_RAW,0,0,0,0,0,0,0,0,1000,1000,1000,1000,0,0,0,0,0
2025-12-15 00:41:39.267,SERVO_OUTPUT_RAW,454512110,SERVO_OUTPUT_RAW,0,0,0,0,0,0,0,0,1000,1000,1000,1000,0,0,0,0,0
2025-12-15 00:41:39.367,SERVO_OUTPUT_RAW,454609841,SERVO_OUTPUT_RAW,0,0,0,0,0,0,0,0,1000,1000,1000,1000,0,0,0,0,0
2025-12-15 00:41:39.467,SERVO_OUTPUT_RAW,454709845,SERVO_OUTPUT_RAW,0,0,0,0,0,0,0,0,1000,1000,1000,1000,0,0,0,0,0
2025-12-15 00:41:39.567,SERVO_OUTPUT_RAW,454809790,SERVO_OUTPUT_RAW,0,0,0,0,0,0,0,0,1000,1000,1000,1000,0,0,0,0,0
2025-12-15 00:41:39.668,SERVO_OUTPUT_RAW,454909793,SERVO_OUTPUT_RAW,0,0,0,0,0,0,0,0,1000,1000,1000,1000,0,0,0,0,0
2025-12-15 00:41:39.768,SERVO_OUTPUT_RAW,455009808,SERVO_OUTPUT_RAW,0,0,0,0,0,0,0,0,1000,1000,1000,1000,0,0,0,0,0
2025-12-15 00:41:39.869,SERVO_OUTPUT_RAW,455109832,SERVO_OUTPUT_RAW,0,0,0,0,0,0,0,0,1000,1000,1000,1000,0,0,0,0,0
2025-12-15 00:41:39.967,SERVO_OUTPUT_RAW,455209805,SERVO_OUTPUT_RAW,0,0,0,0,0,0,0,0,1000,1000,1000,1000,0,0,0,0,0
2025-12-15 00:41:40.066,SERVO_OUTPUT_RAW,455309780,SERVO_OUTPUT_RAW,0,0,0,0,0,0,0,0,1000,1000,1000,1000,0,0,0,0,0
2025-12-15 00:41:40.166,SERVO_OUTPUT_RAW,455409794,SERVO_OUTPUT_RAW,0,0,0,0,0,0,0,0,1000,1000,1000,1000,0,0,0,0,0
2025-12-15 00:41:40.266,SERVO_OUTPUT_RAW,455509790,SERVO_OUTPUT_RAW,0,0,0,0,0,0,0,0,1000,1000,1000,1000,0,0,0,0,0
2025-12-15 00:41:40.366,SERVO_OUTPUT_RAW,455609814,SERVO_OUTPUT_RAW,0,0,0,0,0,0,0,0,1000,1000,1000,1000,0,0,0,0,0
2025-12-15 00:41:40.466,SERVO_OUTPUT_RAW,455709823,SERVO_OUTPUT_RAW,0,0,0,0,0,0,0,0,1000,1000,1000,1000,0,0,0,0,0
2025-12-15 00:41:40.567,SERVO_OUTPUT_RAW,455809840,SERVO_OUTPUT_RAW,0,0,0,0,0,0,0,0,1000,1000,1000,1000,0,0,0,0,0
2025-12-15 00:41:40.666,SERVO_OUTPUT_RAW,455909850,SERVO_OUTPUT_RAW,0,0,0,0,0,0,0,0,1000,1000,1000,1000,0,0,0,0,0
2025-12-15 00:41:40.766,SERVO_OUTPUT_RAW,456009777,SERVO_OUTPUT_RAW,0,0,0,0,0,0,0,0,1000,1000,1000,1000,0,0,0,0,0
2025-12-15 00:41:40.867,SERVO_OUTPUT_RAW,456109806,SERVO_OUTPUT_RAW,0,0,0,0,0,0,0,0,1000,1000,1000,1000,0,0,0,0,0
2025-12-15 00:41:40.966,SERVO_OUTPUT_RAW,456209842,SERVO_OUTPUT_RAW,0,0,0,0,0,0,0,0,1000,1000,1000,1000,0,0,0,0,0
2025-12-15 00:41:41.066,SERVO_OUTPUT_RAW,456309818,SERVO_OUTPUT_RAW,0,0,0,0,0,0,0,0,1000,1000,1000,1000,0,0,0,0,0
2025-12-15 00:41:41.167,SERVO_OUTPUT_RAW,456409776,SERVO_OUTPUT_RAW,0,0,0,0,0,0,0,0,1000,1000,1000,1000,0,0,0,0,0
2025-12-15 00:41:41.266,SERVO_OUTPUT_RAW,456509829,SERVO_OUTPUT_RAW,0,0,0,0,0,0,0,0,1000,1000,1000,1000,0,0,0,0,0
2025-12-15 00:41:41.366,SERVO_OUTPUT_RAW,456609894,SERVO_OUTPUT_RAW,0,0,0,0,0,0,0,0,1000,1000,1000,1000,0,0,0,0,0
2025-12-15 00:41:41.467,SERVO_OUTPUT_RAW,456709785,SERVO_OUTPUT_RAW,0,0,0,0,0,0,0,0,1000,1000,1000,1000,0,0,0,0,0
2025-12-15 00:41:41.566,SERVO_OUTPUT_RAW,456809800,SERVO_OUTPUT_RAW,0,0,0,0,0,0,0,0,1000,1000,1000,1000,0,0,0,0,0
2025-12-15 00:41:41.667,SERVO_OUTPUT_RAW,456909792,SERVO_OUTPUT_RAW,0,0,0,0,0,0,0,0,1000,1000,1000,1000,0,0,0,0,0
2025-12-15 00:41:41.767,SERVO_OUTPUT_RAW,457009785,SERVO_OUTPUT_RAW,0,0,0,0,0,0,0,0,1000,1000,1000,1000,0,0,0,0,0
2025-12-15 00:41:41.866,SERVO_OUTPUT_RAW,457109812,SERVO_OUTPUT_RAW,0,0,0,0,0,0,0,0,1000,1000,1000,1000,0,0,0,0,0
2025-12-15 00:41:41.966,SERVO_OUTPUT_RAW,457209817,SERVO_OUTPUT_RAW,0,0,0,0,0,0,0,0,1000,1000,1000,1000,0,0,0,0,0
2025-12-15 00:41:42.066,SERVO_OUTPUT_RAW,457309836,SERVO_OUTPUT_RAW,0,0,0,0,0,0,0,0,1000,1000,1000,1000,0,0,0,0,0
2025-12-15 00:41:42.167,SERVO_OUTPUT_RAW,457409848,SERVO_OUTPUT_RAW,0,0,0,0,0,0,0,0,1000,1000,1000,1000,0,0,0,0,0
2025-12-15 00:41:42.267,SERVO_OUTPUT_RAW,457509832,SERVO_OUTPUT_RAW,0,0,0,0,0,0,0,0,1000,1000,1000,1000,0,0,0,0,0
2025-12-15 00:41:42.369,SERVO_OUTPUT_RAW,457609805,SERVO_OUTPUT_RAW,0,0,0,0,0,0,0,0,1000,1000,1000,1000,0,0,0,0,0
2025-12-15 00:41:42.467,SERVO_OUTPUT_RAW,457709834,SERVO_OUTPUT_RAW,0,0,0,0,0,0,0,0,1000,1000,1000,1000,0,0,0,0,0
2025-12-15 00:41:42.567,SERVO_OUTPUT_RAW,457809822,SERVO_OUTPUT_RAW,0,0,0,0,0,0,0,0,1000,1000,1000,1000,0,0,0,0,0
2025-12-15 00:41:42.667,SERVO_OUTPUT_RAW,457909836,SERVO_OUTPUT_RAW,0,0,0,0,0,0,0,0,1000,1000,1000,1000,0,0,0,0,0
2025-12-15 00:41:42.767,SERVO_OUTPUT_RAW,458009808,SERVO_OUTPUT_RAW,0,0,0,0,0,0,0,0,1000,1000,1000,1000,0,0,0,0,0
2025-12-15 00:41:42.867,SERVO_OUTPUT_RAW,458109855,SERVO_OUTPUT_RAW,0,0,0,0,0,0,0,0,1000,1000,1000,1000,0,0,0,0,0
2025-12-15 00:41:42.967,SERVO_OUTPUT_RAW,458209819,SERVO_OUTPUT_RAW,0,0,0,0,0,0,0,0,1000,1000,1000,1000,0,0,0,0,0
2025-12-15 00:41:43.067,SERVO_OUTPUT_RAW,458309806,SERVO_OUTPUT_RAW,0,0,0,0,0,0,0,0,1000,1000,1000,1000,0,0,0,0,0
2025-12-15 00:41:43.167,SERVO_OUTPUT_RAW,458409779,SERVO_OUTPUT_RAW,0,0,0,0,0,0,0,0,1000,1000,1000,1000,0,0,0,0,0
2025-12-15 00:41:43.267,SERVO_OUTPUT_RAW,458509784,SERVO_OUTPUT_RAW,0,0,0,0,0,0,0,0,1000,1000,1000,1000,0,0,0,0,0
2025-12-15 00:41:43.367,SERVO_OUTPUT_RAW,458609781,SERVO_OUTPUT_RAW,0,0,0,0,0,0,0,0,1000,1000,1000,1000,0,0,0,0,0
2025-12-15 00:41:43.467,SERVO_OUTPUT_RAW,458712135,SERVO_OUTPUT_RAW,0,0,0,0,0,0,0,0,1000,1000,1000,1000,0,0,0,0,0
2025-12-15 00:41:43.567,SERVO_OUTPUT_RAW,458809818,SERVO_OUTPUT_RAW,0,0,0,0,0,0,0,0,1000,1000,1000,1000,0,0,0,0,0
2025-12-15 00:41:43.667,SERVO_OUTPUT_RAW,458909832,SERVO_OUTPUT_RAW,0,0,0,0,0,0,0,0,1000,1000,1000,1000,0,0,0,0,0
2025-12-15 00:41:43.767,SERVO_OUTPUT_RAW,459009864,SERVO_OUTPUT_RAW,0,0,0,0,0,0,0,0,1000,1000,1000,1000,0,0,0,0,0
2025-12-15 00:41:43.867,SERVO_OUTPUT_RAW,459109902,SERVO_OUTPUT_RAW,0,0,0,0,0,0,0,0,1000,1000,1000,1000,0,0,0,0,0
2025-12-15 00:41:43.967,SERVO_OUTPUT_RAW,459209850,SERVO_OUTPUT_RAW,0,0,0,0,0,0,0,0,1000,1000,1000,1000,0,0,0,0,0
2025-12-15 00:41:44.067,SERVO_OUTPUT_RAW,459309842,SERVO_OUTPUT_RAW,0,0,0,0,0,0,0,0,1000,1000,1000,1000,0,0,0,0,0
2025-12-15 00:41:44.167,SERVO_OUTPUT_RAW,459409842,SERVO_OUTPUT_RAW,0,0,0,0,0,0,0,0,1000,1000,1000,1000,0,0,0,0,0
2025-12-15 00:41:44.267,SERVO_OUTPUT_RAW,459509793,SERVO_OUTPUT_RAW,0,0,0,0,0,0,0,0,1000,1000,1000,1000,0,0,0,0,0
2025-12-15 00:41:44.367,SERVO_OUTPUT_RAW,459609817,SERVO_OUTPUT_RAW,0,0,0,0,0,0,0,0,1000,1000,1000,1000,0,0,0,0,0
2025-12-15 00:41:44.467,SERVO_OUTPUT_RAW,459709816,SERVO_OUTPUT_RAW,0,0,0,0,0,0,0,0,1000,1000,1000,1000,0,0,0,0,0
2025-12-15 00:41:44.567,SERVO_OUTPUT_RAW,459809782,SERVO_OUTPUT_RAW,0,0,0,0,0,0,0,0,1000,1000,1000,1000,0,0,0,0,0
2025-12-15 00:41:44.667,SERVO_OUTPUT_RAW,459909794,SERVO_OUTPUT_RAW,0,0,0,0,0,0,0,0,1000,1000,1000,1000,0,0,0,0,0
2025-12-15 00:41:44.767,SERVO_OUTPUT_RAW,460009797,SERVO_OUTPUT_RAW,0,0,0,0,0,0,0,0,1000,1000,1000,1000,0,0,0,0,0
2025-12-15 00:41:44.867,SERVO_OUTPUT_RAW,460109789,SERVO_OUTPUT_RAW,0,0,0,0,0,0,0,0,1000,1000,1000,1000,0,0,0,0,0
2025-12-15 00:41:44.967,SERVO_OUTPUT_RAW,460209791,SERVO_OUTPUT_RAW,0,0,0,0,0,0,0,0,1000,1000,1000,1000,0,0,0,0,0
2025-12-15 00:41:45.067,SERVO_OUTPUT_RAW,460309781,SERVO_OUTPUT_RAW,0,0,0,0,0,0,0,0,1000,1000,1000,1000,0,0,0,0,0
2025-12-15 00:41:45.167,SERVO_OUTPUT_RAW,460409815,SERVO_OUTPUT_RAW,0,0,0,0,0,0,0,0,1000,1000,1000,1000,0,0,0,0,0
2025-12-15 00:41:45.267,SERVO_OUTPUT_RAW,460509768,SERVO_OUTPUT_RAW,0,0,0,0,0,0,0,0,1000,1000,1000,1000,0,0,0,0,0
2025-12-15 00:41:45.367,SERVO_OUTPUT_RAW,460609807,SERVO_OUTPUT_RAW,0,0,0,0,0,0,0,0,1000,1000,1000,1000,0,0,0,0,0
2025-12-15 00:41:45.467,SERVO_OUTPUT_RAW,460709825,SERVO_OUTPUT_RAW,0,0,0,0,0,0,0,0,1000,1000,1000,1000,0,0,0,0,0
2025-12-15 00:41:45.567,SERVO_OUTPUT_RAW,460812060,SERVO_OUTPUT_RAW,0,0,0,0,0,0,0,0,1000,1000,1000,1000,0,0,0,0,0
2025-12-15 00:41:45.667,SERVO_OUTPUT_RAW,460909839,SERVO_OUTPUT_RAW,0,0,0,0,0,0,0,0,1000,1000,1000,1000,0,0,0,0,0
2025-12-15 00:41:45.767,SERVO_OUTPUT_RAW,461009939,SERVO_OUTPUT_RAW,0,0,0,0,0,0,0,0,1000,1000,1000,1000,0,0,0,0,0
2025-12-15 00:41:45.867,SERVO_OUTPUT_RAW,461109788,SERVO_OUTPUT_RAW,0,0,0,0,0,0,0,0,1000,1000,1000,1000,0,0,0,0,0
2025-12-15 00:41:45.967,SERVO_OUTPUT_RAW,461209821,SERVO_OUTPUT_RAW,0,0,0,0,0,0,0,0,1000,1000,1000,1000,0,0,0,0,0
2025-12-15 00:41:46.067,SERVO_OUTPUT_RAW,461309814,SERVO_OUTPUT_RAW,0,0,0,0,0,0,0,0,1000,1000,1000,1000,0,0,0,0,0
2025-12-15 00:41:46.167,SERVO_OUTPUT_RAW,461409776,SERVO_OUTPUT_RAW,0,0,0,0,0,0,0,0,1000,1000,1000,1000,0,0,0,0,0
2025-12-15 00:41:46.267,SERVO_OUTPUT_RAW,461509790,SERVO_OUTPUT_RAW,0,0,0,0,0,0,0,0,1000,1000,1000,1000,0,0,0,0,0
2025-12-15 00:41:46.367,SERVO_OUTPUT_RAW,461609783,SERVO_OUTPUT_RAW,0,0,0,0,0,0,0,0,1000,1000,1000,1000,0,0,0,0,0
2025-12-15 00:41:46.467,SERVO_OUTPUT_RAW,461709775,SERVO_OUTPUT_RAW,0,0,0,0,0,0,0,0,1000,1000,1000,1000,0,0,0,0,0
2025-12-15 00:41:46.567,SERVO_OUTPUT_RAW,461809784,SERVO_OUTPUT_RAW,0,0,0,0,0,0,0,0,1000,1000,1000,1000,0,0,0,0,0
2025-12-15 00:41:46.667,SERVO_OUTPUT_RAW,461909814,SERVO_OUTPUT_RAW,0,0,0,0,0,0,0,0,1000,1000,1000,1000,0,0,0,0,0
2025-12-15 00:41:46.767,SERVO_OUTPUT_RAW,462009844,SERVO_OUTPUT_RAW,0,0,0,0,0,0,0,0,1000,1000,1000,1000,0,0,0,0,0
2025-12-15 00:41:46.867,SERVO_OUTPUT_RAW,462109842,SERVO_OUTPUT_RAW,0,0,0,0,0,0,0,0,1000,1000,1000,1000,0,0,0,0,0
2025-12-15 00:41:46.967,SERVO_OUTPUT_RAW,462209786,SERVO_OUTPUT_RAW,0,0,0,0,0,0,0,0,1000,1000,1000,1000,0,0,0,0,0
2025-12-15 00:41:47.067,SERVO_OUTPUT_RAW,462309811,SERVO_OUTPUT_RAW,0,0,0,0,0,0,0,0,1000,1000,1000,1000,0,0,0,0,0
2025-12-15 00:41:47.167,SERVO_OUTPUT_RAW,462409836,SERVO_OUTPUT_RAW,0,0,0,0,0,0,0,0,1000,1000,1000,1000,0,0,0,0,0
2025-12-15 00:41:47.268,SERVO_OUTPUT_RAW,462509849,SERVO_OUTPUT_RAW,0,0,0,0,0,0,0,0,1000,1000,1000,1000,0,0,0,0,0
2025-12-15 00:41:47.370,SERVO_OUTPUT_RAW,462609825,SERVO_OUTPUT_RAW,0,0,0,0,0,0,0,0,1000,1000,1000,1000,0,0,0,0,0
2025-12-15 00:41:47.467,SERVO_OUTPUT_RAW,462709788,SERVO_OUTPUT_RAW,0,0,0,0,0,0,0,0,1000,1000,1000,1000,0,0,0,0,0
2025-12-15 00:41:47.567,SERVO_OUTPUT_RAW,462809828,SERVO_OUTPUT_RAW,0,0,0,0,0,0,0,0,1000,1000,1000,1000,0,0,0,0,0
2025-12-15 00:41:47.667,SERVO_OUTPUT_RAW,462909892,SERVO_OUTPUT_RAW,0,0,0,0,0,0,0,0,1000,1000,1000,1000,0,0,0,0,0
2025-12-15 00:41:47.767,SERVO_OUTPUT_RAW,463009793,SERVO_OUTPUT_RAW,0,0,0,0,0,0,0,0,1000,1000,1000,1000,0,0,0,0,0
2025-12-15 00:41:47.867,SERVO_OUTPUT_RAW,463109782,SERVO_OUTPUT_RAW,0,0,0,0,0,0,0,0,1000,1000,1000,1000,0,0,0,0,0
2025-12-15 00:41:47.968,SERVO_OUTPUT_RAW,463209798,SERVO_OUTPUT_RAW,0,0,0,0,0,0,0,0,1000,1000,1000,1000,0,0,0,0,0
2025-12-15 00:41:48.068,SERVO_OUTPUT_RAW,463309792,SERVO_OUTPUT_RAW,0,0,0,0,0,0,0,0,1000,1000,1000,1000,0,0,0,0,0
2025-12-15 00:41:48.167,SERVO_OUTPUT_RAW,463409805,SERVO_OUTPUT_RAW,0,0,0,0,0,0,0,0,1000,1000,1000,1000,0,0,0,0,0
2025-12-15 00:41:48.268,SERVO_OUTPUT_RAW,463509842,SERVO_OUTPUT_RAW,0,0,0,0,0,0,0,0,1000,1000,1000,1000,0,0,0,0,0
2025-12-15 00:41:48.368,SERVO_OUTPUT_RAW,463609795,SERVO_OUTPUT_RAW,0,0,0,0,0,0,0,0,1000,1000,1000,1000,0,0,0,0,0
2025-12-15 00:41:48.467,SERVO_OUTPUT_RAW,463709819,SERVO_OUTPUT_RAW,0,0,0,0,0,0,0,0,1000,1000,1000,1000,0,0,0,0,0
2025-12-15 00:41:48.567,SERVO_OUTPUT_RAW,463809780,SERVO_OUTPUT_RAW,0,0,0,0,0,0,0,0,1000,1000,1000,1000,0,0,0,0,0
2025-12-15 00:41:48.667,SERVO_OUTPUT_RAW,463909829,SERVO_OUTPUT_RAW,0,0,0,0,0,0,0,0,1000,1000,1000,1000,0,0,0,0,0
2025-12-15 00:41:48.768,SERVO_OUTPUT_RAW,464009842,SERVO_OUTPUT_RAW,0,0,0,0,0,0,0,0,1000,1000,1000,1000,0,0,0,0,0
2025-12-15 00:41:48.867,SERVO_OUTPUT_RAW,464109804,SERVO_OUTPUT_RAW,0,0,0,0,0,0,0,0,1000,1000,1000,1000,0,0,0,0,0
2025-12-15 00:41:48.968,SERVO_OUTPUT_RAW,464209786,SERVO_OUTPUT_RAW,0,0,0,0,0,0,0,0,1000,1000,1000,1000,0,0,0,0,0
2025-12-15 00:41:49.068,SERVO_OUTPUT_RAW,464309815,SERVO_OUTPUT_RAW,0,0,0,0,0,0,0,0,1000,1000,1000,1000,0,0,0,0,0
2025-12-15 00:41:49.167,SERVO_OUTPUT_RAW,464409812,SERVO_OUTPUT_RAW,0,0,0,0,0,0,0,0,1000,1000,1000,1000,0,0,0,0,0
2025-12-15 00:41:49.267,SERVO_OUTPUT_RAW,464509807,SERVO_OUTPUT_RAW,0,0,0,0,0,0,0,0,1000,1000,1000,1000,0,0,0,0,0
2025-12-15 00:41:49.367,SERVO_OUTPUT_RAW,464609796,SERVO_OUTPUT_RAW,0,0,0,0,0,0,0,0,1000,1000,1000,1000,0,0,0,0,0
2025-12-15 00:41:49.468,SERVO_OUTPUT_RAW,464709787,SERVO_OUTPUT_RAW,0,0,0,0,0,0,0,0,1000,1000,1000,1000,0,0,0,0,0
2025-12-15 00:41:49.567,SERVO_OUTPUT_RAW,464809778,SERVO_OUTPUT_RAW,0,0,0,0,0,0,0,0,1000,1000,1000,1000,0,0,0,0,0
2025-12-15 00:41:49.667,SERVO_OUTPUT_RAW,464909799,SERVO_OUTPUT_RAW,0,0,0,0,0,0,0,0,1000,1000,1000,1000,0,0,0,0,0
2025-12-15 00:41:49.767,SERVO_OUTPUT_RAW,465012179,SERVO_OUTPUT_RAW,0,0,0,0,0,0,0,0,1000,1000,1000,1000,0,0,0,0,0
2025-12-15 00:41:49.871,SERVO_OUTPUT_RAW,465109823,SERVO_OUTPUT_RAW,0,0,0,0,0,0,0,0,1000,1000,1000,1000,0,0,0,0,0
2025-12-15 00:41:49.967,SERVO_OUTPUT_RAW,465209849,SERVO_OUTPUT_RAW,0,0,0,0,0,0,0,0,1000,1000,1000,1000,0,0,0,0,0
2025-12-15 00:41:50.067,SERVO_OUTPUT_RAW,465309800,SERVO_OUTPUT_RAW,0,0,0,0,0,0,0,0,1000,1000,1000,1000,0,0,0,0,0
2025-12-15 00:41:50.167,SERVO_OUTPUT_RAW,465409804,SERVO_OUTPUT_RAW,0,0,0,0,0,0,0,0,1000,1000,1000,1000,0,0,0,0,0
2025-12-15 00:41:50.267,SERVO_OUTPUT_RAW,465509849,SERVO_OUTPUT_RAW,0,0,0,0,0,0,0,0,1000,1000,1000,1000,0,0,0,0,0
2025-12-15 00:41:50.367,SERVO_OUTPUT_RAW,465609843,SERVO_OUTPUT_RAW,0,0,0,0,0,0,0,0,1000,1000,1000,1000,0,0,0,0,0
2025-12-15 00:41:50.467,SERVO_OUTPUT_RAW,465709788,SERVO_OUTPUT_RAW,0,0,0,0,0,0,0,0,1000,1000,1000,1000,0,0,0,0,0
2025-12-15 00:41:50.567,SERVO_OUTPUT_RAW,465809798,SERVO_OUTPUT_RAW,0,0,0,0,0,0,0,0,1000,1000,1000,1000,0,0,0,0,0
2025-12-15 00:41:50.667,SERVO_OUTPUT_RAW,465909811,SERVO_OUTPUT_RAW,0,0,0,0,0,0,0,0,1000,1000,1000,1000,0,0,0,0,0
2025-12-15 00:41:50.767,SERVO_OUTPUT_RAW,466009831,SERVO_OUTPUT_RAW,0,0,0,0,0,0,0,0,1000,1000,1000,1000,0,0,0,0,0
2025-12-15 00:41:50.867,SERVO_OUTPUT_RAW,466109784,SERVO_OUTPUT_RAW,0,0,0,0,0,0,0,0,1000,1000,1000,1000,0,0,0,0,0
2025-12-15 00:41:50.967,SERVO_OUTPUT_RAW,466209777,SERVO_OUTPUT_RAW,0,0,0,0,0,0,0,0,1000,1000,1000,1000,0,0,0,0,0
2025-12-15 00:41:51.067,SERVO_OUTPUT_RAW,466309781,SERVO_OUTPUT_RAW,0,0,0,0,0,0,0,0,1000,1000,1000,1000,0,0,0,0,0
2025-12-15 00:41:51.167,SERVO_OUTPUT_RAW,466409790,SERVO_OUTPUT_RAW,0,0,0,0,0,0,0,0,1000,1000,1000,1000,0,0,0,0,0
2025-12-15 00:41:51.267,SERVO_OUTPUT_RAW,466509797,SERVO_OUTPUT_RAW,0,0,0,0,0,0,0,0,1000,1000,1000,1000,0,0,0,0,0
2025-12-15 00:41:51.367,SERVO_OUTPUT_RAW,466609817,SERVO_OUTPUT_RAW,0,0,0,0,0,0,0,0,1000,1000,1000,1000,0,0,0,0,0
2025-12-15 00:41:51.467,SERVO_OUTPUT_RAW,466709822,SERVO_OUTPUT_RAW,0,0,0,0,0,0,0,0,1000,1000,1000,1000,0,0,0,0,0
2025-12-15 00:41:51.567,SERVO_OUTPUT_RAW,466809861,SERVO_OUTPUT_RAW,0,0,0,0,0,0,0,0,1000,1000,1000,1000,0,0,0,0,0
2025-12-15 00:41:51.667,SERVO_OUTPUT_RAW,466909823,SERVO_OUTPUT_RAW,0,0,0,0,0,0,0,0,1000,1000,1000,1000,0,0,0,0,0
2025-12-15 00:41:51.767,SERVO_OUTPUT_RAW,467009810,SERVO_OUTPUT_RAW,0,0,0,0,0,0,0,0,1000,1000,1000,1000,0,0,0,0,0
2025-12-15 00:41:51.867,SERVO_OUTPUT_RAW,467112091,SERVO_OUTPUT_RAW,0,0,0,0,0,0,0,0,1000,1000,1000,1000,0,0,0,0,0
2025-12-15 00:41:51.967,SERVO_OUTPUT_RAW,467209845,SERVO_OUTPUT_RAW,0,0,0,0,0,0,0,0,1000,1000,1000,1000,0,0,0,0,0
2025-12-15 00:41:52.067,SERVO_OUTPUT_RAW,467309795,SERVO_OUTPUT_RAW,0,0,0,0,0,0,0,0,1000,1000,1000,1000,0,0,0,0,0
2025-12-15 00:41:52.167,SERVO_OUTPUT_RAW,467409810,SERVO_OUTPUT_RAW,0,0,0,0,0,0,0,0,1000,1000,1000,1000,0,0,0,0,0
2025-12-15 00:41:52.267,SERVO_OUTPUT_RAW,467509813,SERVO_OUTPUT_RAW,0,0,0,0,0,0,0,0,1000,1000,1000,1000,0,0,0,0,0
2025-12-15 00:41:52.367,SERVO_OUTPUT_RAW,467609773,SERVO_OUTPUT_RAW,0,0,0,0,0,0,0,0,1000,1000,1000,1000,0,0,0,0,0
2025-12-15 00:41:52.469,SERVO_OUTPUT_RAW,467709791,SERVO_OUTPUT_RAW,0,0,0,0,0,0,0,0,1000,1000,1000,1000,0,0,0,0,0
2025-12-15 00:41:52.567,SERVO_OUTPUT_RAW,467809799,SERVO_OUTPUT_RAW,0,0,0,0,0,0,0,0,1000,1000,1000,1000,0,0,0,0,0
2025-12-15 00:41:52.667,SERVO_OUTPUT_RAW,467909790,SERVO_OUTPUT_RAW,0,0,0,0,0,0,0,0,1000,1000,1000,1000,0,0,0,0,0
2025-12-15 00:41:52.767,SERVO_OUTPUT_RAW,468009797,SERVO_OUTPUT_RAW,0,0,0,0,0,0,0,0,1000,1000,1000,1000,0,0,0,0,0
2025-12-15 00:41:52.867,SERVO_OUTPUT_RAW,468109787,SERVO_OUTPUT_RAW,0,0,0,0,0,0,0,0,1000,1000,1000,1000,0,0,0,0,0
2025-12-15 00:41:52.967,SERVO_OUTPUT_RAW,468209837,SERVO_OUTPUT_RAW,0,0,0,0,0,0,0,0,1000,1000,1000,1000,0,0,0,0,0
2025-12-15 00:41:53.067,SERVO_OUTPUT_RAW,468309771,SERVO_OUTPUT_RAW,0,0,0,0,0,0,0,0,1000,1000,1000,1000,0,0,0,0,0
2025-12-15 00:41:53.167,SERVO_OUTPUT_RAW,468409866,SERVO_OUTPUT_RAW,0,0,0,0,0,0,0,0,1000,1000,1000,1000,0,0,0,0,0
2025-12-15 00:41:53.267,SERVO_OUTPUT_RAW,468509829,SERVO_OUTPUT_RAW,0,0,0,0,0,0,0,0,1000,1000,1000,1000,0,0,0,0,0
2025-12-15 00:41:53.367,SERVO_OUTPUT_RAW,468609837,SERVO_OUTPUT_RAW,0,0,0,0,0,0,0,0,1000,1000,1000,1000,0,0,0,0,0
2025-12-15 00:41:53.467,SERVO_OUTPUT_RAW,468709834,SERVO_OUTPUT_RAW,0,0,0,0,0,0,0,0,1000,1000,1000,1000,0,0,0,0,0
2025-12-15 00:41:53.567,SERVO_OUTPUT_RAW,468809849,SERVO_OUTPUT_RAW,0,0,0,0,0,0,0,0,1000,1000,1000,1000,0,0,0,0,0
2025-12-15 00:41:53.668,SERVO_OUTPUT_RAW,468909793,SERVO_OUTPUT_RAW,0,0,0,0,0,0,0,0,1000,1000,1000,1000,0,0,0,0,0
2025-12-15 00:41:53.767,SERVO_OUTPUT_RAW,469009825,SERVO_OUTPUT_RAW,0,0,0,0,0,0,0,0,1000,1000,1000,1000,0,0,0,0,0
2025-12-15 00:41:53.867,SERVO_OUTPUT_RAW,469109837,SERVO_OUTPUT_RAW,0,0,0,0,0,0,0,0,1000,1000,1000,1000,0,0,0,0,0
2025-12-15 00:41:53.967,SERVO_OUTPUT_RAW,469209876,SERVO_OUTPUT_RAW,0,0,0,0,0,0,0,0,1000,1000,1000,1000,0,0,0,0,0
2025-12-15 00:41:54.067,SERVO_OUTPUT_RAW,469309789,SERVO_OUTPUT_RAW,0,0,0,0,0,0,0,0,1000,1000,1000,1000,0,0,0,0,0
2025-12-15 00:41:54.168,SERVO_OUTPUT_RAW,469409818,SERVO_OUTPUT_RAW,0,0,0,0,0,0,0,0,1000,1000,1000,1000,0,0,0,0,0
2025-12-15 00:41:54.267,SERVO_OUTPUT_RAW,469509783,SERVO_OUTPUT_RAW,0,0,0,0,0,0,0,0,1000,1000,1000,1000,0,0,0,0,0
2025-12-15 00:41:54.367,SERVO_OUTPUT_RAW,469609790,SERVO_OUTPUT_RAW,0,0,0,0,0,0,0,0,1000,1000,1000,1000,0,0,0,0,0
2025-12-15 00:41:54.467,SERVO_OUTPUT_RAW,469709828,SERVO_OUTPUT_RAW,0,0,0,0,0,0,0,0,1000,1000,1000,1000,0,0,0,0,0
2025-12-15 00:41:54.568,SERVO_OUTPUT_RAW,469809823,SERVO_OUTPUT_RAW,0,0,0,0,0,0,0,0,1000,1000,1000,1000,0,0,0,0,0
2025-12-15 00:41:54.667,SERVO_OUTPUT_RAW,469909849,SERVO_OUTPUT_RAW,0,0,0,0,0,0,0,0,1000,1000,1000,1000,0,0,0,0,0
2025-12-15 00:41:54.767,SERVO_OUTPUT_RAW,470009795,SERVO_OUTPUT_RAW,0,0,0,0,0,0,0,0,1000,1000,1000,1000,0,0,0,0,0
2025-12-15 00:41:54.869,SERVO_OUTPUT_RAW,470109803,SERVO_OUTPUT_RAW,0,0,0,0,0,0,0,0,1000,1000,1000,1000,0,0,0,0,0
2025-12-15 00:41:54.967,SERVO_OUTPUT_RAW,470209836,SERVO_OUTPUT_RAW,0,0,0,0,0,0,0,0,1000,1000,1000,1000,0,0,0,0,0
2025-12-15 00:41:55.067,SERVO_OUTPUT_RAW,470309837,SERVO_OUTPUT_RAW,0,0,0,0,0,0,0,0,1000,1000,1000,1000,0,0,0,0,0
2025-12-15 00:41:55.168,SERVO_OUTPUT_RAW,470409784,SERVO_OUTPUT_RAW,0,0,0,0,0,0,0,0,1000,1000,1000,1000,0,0,0,0,0
2025-12-15 00:41:55.267,SERVO_OUTPUT_RAW,470509805,SERVO_OUTPUT_RAW,0,0,0,0,0,0,0,0,1000,1000,1000,1000,0,0,0,0,0
2025-12-15 00:41:55.367,SERVO_OUTPUT_RAW,470609814,SERVO_OUTPUT_RAW,0,0,0,0,0,0,0,0,1000,1000,1000,1000,0,0,0,0,0
2025-12-15 00:41:55.468,SERVO_OUTPUT_RAW,470709821,SERVO_OUTPUT_RAW,0,0,0,0,0,0,0,0,1000,1000,1000,1000,0,0,0,0,0
2025-12-15 00:41:55.567,SERVO_OUTPUT_RAW,470809787,SERVO_OUTPUT_RAW,0,0,0,0,0,0,0,0,1000,1000,1000,1000,0,0,0,0,0
2025-12-15 00:41:55.667,SERVO_OUTPUT_RAW,470909807,SERVO_OUTPUT_RAW,0,0,0,0,0,0,0,0,1000,1000,1000,1000,0,0,0,0,0
2025-12-15 00:41:55.767,SERVO_OUTPUT_RAW,471009797,SERVO_OUTPUT_RAW,0,0,0,0,0,0,0,0,1000,1000,1000,1000,0,0,0,0,0
2025-12-15 00:41:55.868,SERVO_OUTPUT_RAW,471109786,SERVO_OUTPUT_RAW,0,0,0,0,0,0,0,0,1000,1000,1000,1000,0,0,0,0,0
2025-12-15 00:41:55.968,SERVO_OUTPUT_RAW,471209788,SERVO_OUTPUT_RAW,0,0,0,0,0,0,0,0,1000,1000,1000,1000,0,0,0,0,0
2025-12-15 00:41:56.067,SERVO_OUTPUT_RAW,471312176,SERVO_OUTPUT_RAW,0,0,0,0,0,0,0,0,1000,1000,1000,1000,0,0,0,0,0
2025-12-15 00:41:56.167,SERVO_OUTPUT_RAW,471409827,SERVO_OUTPUT_RAW,0,0,0,0,0,0,0,0,1000,1000,1000,1000,0,0,0,0,0
2025-12-15 00:41:56.267,SERVO_OUTPUT_RAW,471509789,SERVO_OUTPUT_RAW,0,0,0,0,0,0,0,0,1000,1000,1000,1000,0,0,0,0,0
2025-12-15 00:41:56.367,SERVO_OUTPUT_RAW,471609785,SERVO_OUTPUT_RAW,0,0,0,0,0,0,0,0,1000,1000,1000,1000,0,0,0,0,0
2025-12-15 00:41:56.467,SERVO_OUTPUT_RAW,471709816,SERVO_OUTPUT_RAW,0,0,0,0,0,0,0,0,1000,1000,1000,1000,0,0,0,0,0
2025-12-15 00:41:56.568,SERVO_OUTPUT_RAW,471809850,SERVO_OUTPUT_RAW,0,0,0,0,0,0,0,0,1000,1000,1000,1000,0,0,0,0,0
2025-12-15 00:41:56.668,SERVO_OUTPUT_RAW,471909850,SERVO_OUTPUT_RAW,0,0,0,0,0,0,0,0,1000,1000,1000,1000,0,0,0,0,0
2025-12-15 00:41:56.768,SERVO_OUTPUT_RAW,472009785,SERVO_OUTPUT_RAW,0,0,0,0,0,0,0,0,1000,1000,1000,1000,0,0,0,0,0
2025-12-15 00:41:56.868,SERVO_OUTPUT_RAW,472109805,SERVO_OUTPUT_RAW,0,0,0,0,0,0,0,0,1000,1000,1000,1000,0,0,0,0,0
2025-12-15 00:41:56.967,SERVO_OUTPUT_RAW,472209814,SERVO_OUTPUT_RAW,0,0,0,0,0,0,0,0,1000,1000,1000,1000,0,0,0,0,0
2025-12-15 00:41:57.067,SERVO_OUTPUT_RAW,472309825,SERVO_OUTPUT_RAW,0,0,0,0,0,0,0,0,1000,1000,1000,1000,0,0,0,0,0
2025-12-15 00:41:57.168,SERVO_OUTPUT_RAW,472409791,SERVO_OUTPUT_RAW,0,0,0,0,0,0,0,0,1000,1000,1000,1000,0,0,0,0,0
2025-12-15 00:41:57.267,SERVO_OUTPUT_RAW,472509784,SERVO_OUTPUT_RAW,0,0,0,0,0,0,0,0,1000,1000,1000,1000,0,0,0,0,0
2025-12-15 00:41:57.413,SERVO_OUTPUT_RAW,472609793,SERVO_OUTPUT_RAW,0,0,0,0,0,0,0,0,1000,1000,1000,1000,0,0,0,0,0
2025-12-15 00:41:57.469,SERVO_OUTPUT_RAW,472709801,SERVO_OUTPUT_RAW,0,0,0,0,0,0,0,0,1000,1000,1000,1000,0,0,0,0,0
2025-12-15 00:41:57.568,SERVO_OUTPUT_RAW,472809783,SERVO_OUTPUT_RAW,0,0,0,0,0,0,0,0,1000,1000,1000,1000,0,0,0,0,0
2025-12-15 00:41:57.667,SERVO_OUTPUT_RAW,472909833,SERVO_OUTPUT_RAW,0,0,0,0,0,0,0,0,1000,1000,1000,1000,0,0,0,0,0
2025-12-15 00:41:57.768,SERVO_OUTPUT_RAW,473009838,SERVO_OUTPUT_RAW,0,0,0,0,0,0,0,0,1000,1000,1000,1000,0,0,0,0,0
2025-12-15 00:41:57.868,SERVO_OUTPUT_RAW,473109801,SERVO_OUTPUT_RAW,0,0,0,0,0,0,0,0,1000,1000,1000,1000,0,0,0,0,0
2025-12-15 00:41:57.968,SERVO_OUTPUT_RAW,473209823,SERVO_OUTPUT_RAW,0,0,0,0,0,0,0,0,1000,1000,1000,1000,0,0,0,0,0
2025-12-15 00:41:58.068,SERVO_OUTPUT_RAW,473309815,SERVO_OUTPUT_RAW,0,0,0,0,0,0,0,0,1000,1000,1000,1000,0,0,0,0,0
2025-12-15 00:41:58.168,SERVO_OUTPUT_RAW,473412065,SERVO_OUTPUT_RAW,0,0,0,0,0,0,0,0,1000,1000,1000,1000,0,0,0,0,0
2025-12-15 00:41:58.268,SERVO_OUTPUT_RAW,473509813,SERVO_OUTPUT_RAW,0,0,0,0,0,0,0,0,1000,1000,1000,1000,0,0,0,0,0
2025-12-15 00:41:58.368,SERVO_OUTPUT_RAW,473609811,SERVO_OUTPUT_RAW,0,0,0,0,0,0,0,0,1000,1000,1000,1000,0,0,0,0,0
2025-12-15 00:41:58.468,SERVO_OUTPUT_RAW,473709810,SERVO_OUTPUT_RAW,0,0,0,0,0,0,0,0,1000,1000,1000,1000,0,0,0,0,0
2025-12-15 00:41:58.568,SERVO_OUTPUT_RAW,473809806,SERVO_OUTPUT_RAW,0,0,0,0,0,0,0,0,1000,1000,1000,1000,0,0,0,0,0
2025-12-15 00:41:58.668,SERVO_OUTPUT_RAW,473909791,SERVO_OUTPUT_RAW,0,0,0,0,0,0,0,0,1000,1000,1000,1000,0,0,0,0,0
2025-12-15 00:41:58.768,SERVO_OUTPUT_RAW,474009777,SERVO_OUTPUT_RAW,0,0,0,0,0,0,0,0,1000,1000,1000,1000,0,0,0,0,0
2025-12-15 00:41:58.868,SERVO_OUTPUT_RAW,474109780,SERVO_OUTPUT_RAW,0,0,0,0,0,0,0,0,1000,1000,1000,1000,0,0,0,0,0
2025-12-15 00:41:58.968,SERVO_OUTPUT_RAW,474209775,SERVO_OUTPUT_RAW,0,0,0,0,0,0,0,0,1000,1000,1000,1000,0,0,0,0,0
2025-12-15 00:41:59.067,SERVO_OUTPUT_RAW,474309786,SERVO_OUTPUT_RAW,0,0,0,0,0,0,0,0,1000,1000,1000,1000,0,0,0,0,0
2025-12-15 00:41:59.167,SERVO_OUTPUT_RAW,474412136,SERVO_OUTPUT_RAW,0,0,0,0,0,0,0,0,1000,1000,1000,1000,0,0,0,0,0
2025-12-15 00:41:59.268,SERVO_OUTPUT_RAW,474509851,SERVO_OUTPUT_RAW,0,0,0,0,0,0,0,0,1000,1000,1000,1000,0,0,0,0,0
2025-12-15 00:41:59.367,SERVO_OUTPUT_RAW,474609863,SERVO_OUTPUT_RAW,0,0,0,0,0,0,0,0,1000,1000,1000,1000,0,0,0,0,0
2025-12-15 00:41:59.467,SERVO_OUTPUT_RAW,474709796,SERVO_OUTPUT_RAW,0,0,0,0,0,0,0,0,1000,1000,1000,1000,0,0,0,0,0
2025-12-15 00:41:59.567,SERVO_OUTPUT_RAW,474809808,SERVO_OUTPUT_RAW,0,0,0,0,0,0,0,0,1000,1000,1000,1000,0,0,0,0,0
2025-12-15 00:41:59.668,SERVO_OUTPUT_RAW,474909846,SERVO_OUTPUT_RAW,0,0,0,0,0,0,0,0,1000,1000,1000,1000,0,0,0,0,0
2025-12-15 00:41:59.768,SERVO_OUTPUT_RAW,475009841,SERVO_OUTPUT_RAW,0,0,0,0,0,0,0,0,1000,1000,1000,1000,0,0,0,0,0
2025-12-15 00:41:59.867,SERVO_OUTPUT_RAW,475109780,SERVO_OUTPUT_RAW,0,0,0,0,0,0,0,0,1000,1000,1000,1000,0,0,0,0,0
2025-12-15 00:41:59.967,SERVO_OUTPUT_RAW,475209819,SERVO_OUTPUT_RAW,0,0,0,0,0,0,0,0,1000,1000,1000,1000,0,0,0,0,0
2025-12-15 00:42:00.067,SERVO_OUTPUT_RAW,475309801,SERVO_OUTPUT_RAW,0,0,0,0,0,0,0,0,1000,1000,1000,1000,0,0,0,0,0
2025-12-15 00:42:00.167,SERVO_OUTPUT_RAW,475409827,SERVO_OUTPUT_RAW,0,0,0,0,0,0,0,0,1000,1000,1000,1000,0,0,0,0,0
2025-12-15 00:42:00.267,SERVO_OUTPUT_RAW,475509889,SERVO_OUTPUT_RAW,0,0,0,0,0,0,0,0,1000,1000,1000,1000,0,0,0,0,0
2025-12-15 00:42:00.367,SERVO_OUTPUT_RAW,475609784,SERVO_OUTPUT_RAW,0,0,0,0,0,0,0,0,1000,1000,1000,1000,0,0,0,0,0
2025-12-15 00:42:00.467,SERVO_OUTPUT_RAW,475709778,SERVO_OUTPUT_RAW,0,0,0,0,0,0,0,0,1000,1000,1000,1000,0,0,0,0,0
2025-12-15 00:42:00.567,SERVO_OUTPUT_RAW,475809777,SERVO_OUTPUT_RAW,0,0,0,0,0,0,0,0,1000,1000,1000,1000,0,0,0,0,0
2025-12-15 00:42:00.667,SERVO_OUTPUT_RAW,475909789,SERVO_OUTPUT_RAW,0,0,0,0,0,0,0,0,1000,1000,1000,1000,0,0,0,0,0
2025-12-15 00:42:00.767,SERVO_OUTPUT_RAW,476009822,SERVO_OUTPUT_RAW,0,0,0,0,0,0,0,0,1000,1000,1000,1000,0,0,0,0,0
2025-12-15 00:42:00.867,SERVO_OUTPUT_RAW,476109791,SERVO_OUTPUT_RAW,0,0,0,0,0,0,0,0,1000,1000,1000,1000,0,0,0,0,0
2025-12-15 00:42:00.967,SERVO_OUTPUT_RAW,476209793,SERVO_OUTPUT_RAW,0,0,0,0,0,0,0,0,1000,1000,1000,1000,0,0,0,0,0
2025-12-15 00:42:01.067,SERVO_OUTPUT_RAW,476309831,SERVO_OUTPUT_RAW,0,0,0,0,0,0,0,0,1000,1000,1000,1000,0,0,0,0,0
2025-12-15 00:42:01.167,SERVO_OUTPUT_RAW,476409842,SERVO_OUTPUT_RAW,0,0,0,0,0,0,0,0,1000,1000,1000,1000,0,0,0,0,0
2025-12-15 00:42:01.267,SERVO_OUTPUT_RAW,476509848,SERVO_OUTPUT_RAW,0,0,0,0,0,0,0,0,1000,1000,1000,1000,0,0,0,0,0
2025-12-15 00:42:01.367,SERVO_OUTPUT_RAW,476609846,SERVO_OUTPUT_RAW,0,0,0,0,0,0,0,0,1000,1000,1000,1000,0,0,0,0,0
2025-12-15 00:42:01.467,SERVO_OUTPUT_RAW,476709796,SERVO_OUTPUT_RAW,0,0,0,0,0,0,0,0,1000,1000,1000,1000,0,0,0,0,0
2025-12-15 00:42:01.567,SERVO_OUTPUT_RAW,476809826,SERVO_OUTPUT_RAW,0,0,0,0,0,0,0,0,1000,1000,1000,1000,0,0,0,0,0
2025-12-15 00:42:01.667,SERVO_OUTPUT_RAW,476909825,SERVO_OUTPUT_RAW,0,0,0,0,0,0,0,0,1000,1000,1000,1000,0,0,0,0,0
2025-12-15 00:42:01.768,SERVO_OUTPUT_RAW,477009778,SERVO_OUTPUT_RAW,0,0,0,0,0,0,0,0,1000,1000,1000,1000,0,0,0,0,0
2025-12-15 00:42:01.867,SERVO_OUTPUT_RAW,477109792,SERVO_OUTPUT_RAW,0,0,0,0,0,0,0,0,1000,1000,1000,1000,0,0,0,0,0
2025-12-15 00:42:01.967,SERVO_OUTPUT_RAW,477209795,SERVO_OUTPUT_RAW,0,0,0,0,0,0,0,0,1000,1000,1000,1000,0,0,0,0,0
2025-12-15 00:42:02.067,SERVO_OUTPUT_RAW,477309789,SERVO_OUTPUT_RAW,0,0,0,0,0,0,0,0,1000,1000,1000,1000,0,0,0,0,0
2025-12-15 00:42:02.167,SERVO_OUTPUT_RAW,477409786,SERVO_OUTPUT_RAW,0,0,0,0,0,0,0,0,1000,1000,1000,1000,0,0,0,0,0
2025-12-15 00:42:02.268,SERVO_OUTPUT_RAW,477509797,SERVO_OUTPUT_RAW,0,0,0,0,0,0,0,0,1000,1000,1000,1000,0,0,0,0,0
2025-12-15 00:42:02.367,SERVO_OUTPUT_RAW,477612203,SERVO_OUTPUT_RAW,0,0,0,0,0,0,0,0,1000,1000,1000,1000,0,0,0,0,0
2025-12-15 00:42:02.471,SERVO_OUTPUT_RAW,477709835,SERVO_OUTPUT_RAW,0,0,0,0,0,0,0,0,1000,1000,1000,1000,0,0,0,0,0
2025-12-15 00:42:02.569,SERVO_OUTPUT_RAW,477809818,SERVO_OUTPUT_RAW,0,0,0,0,0,0,0,0,1000,1000,1000,1000,0,0,0,0,0
2025-12-15 00:42:02.668,SERVO_OUTPUT_RAW,477909809,SERVO_OUTPUT_RAW,0,0,0,0,0,0,0,0,1000,1000,1000,1000,0,0,0,0,0
2025-12-15 00:42:02.766,SERVO_OUTPUT_RAW,478009838,SERVO_OUTPUT_RAW,0,0,0,0,0,0,0,0,1000,1000,1000,1000,0,0,0,0,0
2025-12-15 00:42:02.866,SERVO_OUTPUT_RAW,478112049,SERVO_OUTPUT_RAW,0,0,0,0,0,0,0,0,1000,1000,1000,1000,0,0,0,0,0
2025-12-15 00:42:02.965,SERVO_OUTPUT_RAW,478209785,SERVO_OUTPUT_RAW,0,0,0,0,0,0,0,0,1000,1000,1000,1000,0,0,0,0,0
2025-12-15 00:42:03.065,SERVO_OUTPUT_RAW,478309805,SERVO_OUTPUT_RAW,0,0,0,0,0,0,0,0,1000,1000,1000,1000,0,0,0,0,0
2025-12-15 00:42:03.165,SERVO_OUTPUT_RAW,478409833,SERVO_OUTPUT_RAW,0,0,0,0,0,0,0,0,1000,1000,1000,1000,0,0,0,0,0
2025-12-15 00:42:03.265,SERVO_OUTPUT_RAW,478509791,SERVO_OUTPUT_RAW,0,0,0,0,0,0,0,0,1000,1000,1000,1000,0,0,0,0,0
2025-12-15 00:42:03.366,SERVO_OUTPUT_RAW,478609774,SERVO_OUTPUT_RAW,0,0,0,0,0,0,0,0,1000,1000,1000,1000,0,0,0,0,0
2025-12-15 00:42:03.465,SERVO_OUTPUT_RAW,478709781,SERVO_OUTPUT_RAW,0,0,0,0,0,0,0,0,1000,1000,1000,1000,0,0,0,0,0
2025-12-15 00:42:03.565,SERVO_OUTPUT_RAW,478809804,SERVO_OUTPUT_RAW,0,0,0,0,0,0,0,0,1000,1000,1000,1000,0,0,0,0,0
2025-12-15 00:42:03.665,SERVO_OUTPUT_RAW,478909783,SERVO_OUTPUT_RAW,0,0,0,0,0,0,0,0,1000,1000,1000,1000,0,0,0,0,0
2025-12-15 00:42:03.765,SERVO_OUTPUT_RAW,479009799,SERVO_OUTPUT_RAW,0,0,0,0,0,0,0,0,1000,1000,1000,1000,0,0,0,0,0
2025-12-15 00:42:03.867,SERVO_OUTPUT_RAW,479112162,SERVO_OUTPUT_RAW,0,0,0,0,0,0,0,0,1000,1000,1000,1000,0,0,0,0,0
2025-12-15 00:42:03.965,SERVO_OUTPUT_RAW,479209822,SERVO_OUTPUT_RAW,0,0,0,0,0,0,0,0,1000,1000,1000,1000,0,0,0,0,0
2025-12-15 00:42:04.065,SERVO_OUTPUT_RAW,479309863,SERVO_OUTPUT_RAW,0,0,0,0,0,0,0,0,1000,1000,1000,1000,0,0,0,0,0
2025-12-15 00:42:04.165,SERVO_OUTPUT_RAW,479409816,SERVO_OUTPUT_RAW,0,0,0,0,0,0,0,0,1000,1000,1000,1000,0,0,0,0,0
2025-12-15 00:42:04.265,SERVO_OUTPUT_RAW,479509812,SERVO_OUTPUT_RAW,0,0,0,0,0,0,0,0,1000,1000,1000,1000,0,0,0,0,0
2025-12-15 00:42:04.365,SERVO_OUTPUT_RAW,479609839,SERVO_OUTPUT_RAW,0,0,0,0,0,0,0,0,1000,1000,1000,1000,0,0,0,0,0
2025-12-15 00:42:04.465,SERVO_OUTPUT_RAW,479709903,SERVO_OUTPUT_RAW,0,0,0,0,0,0,0,0,1000,1000,1000,1000,0,0,0,0,0
2025-12-15 00:42:04.565,SERVO_OUTPUT_RAW,479809789,SERVO_OUTPUT_RAW,0,0,0,0,0,0,0,0,1000,1000,1000,1000,0,0,0,0,0
2025-12-15 00:42:04.665,SERVO_OUTPUT_RAW,479909825,SERVO_OUTPUT_RAW,0,0,0,0,0,0,0,0,1000,1000,1000,1000,0,0,0,0,0
2025-12-15 00:42:04.765,SERVO_OUTPUT_RAW,480009814,SERVO_OUTPUT_RAW,0,0,0,0,0,0,0,0,1000,1000,1000,1000,0,0,0,0,0
2025-12-15 00:42:04.911,SERVO_OUTPUT_RAW,480109780,SERVO_OUTPUT_RAW,0,0,0,0,0,0,0,0,1000,1000,1000,1000,0,0,0,0,0
2025-12-15 00:42:04.966,SERVO_OUTPUT_RAW,480209775,SERVO_OUTPUT_RAW,0,0,0,0,0,0,0,0,1000,1000,1000,1000,0,0,0,0,0
2025-12-15 00:42:05.065,SERVO_OUTPUT_RAW,480309802,SERVO_OUTPUT_RAW,0,0,0,0,0,0,0,0,1000,1000,1000,1000,0,0,0,0,0
2025-12-15 00:42:05.165,SERVO_OUTPUT_RAW,480409797,SERVO_OUTPUT_RAW,0,0,0,0,0,0,0,0,1000,1000,1000,1000,0,0,0,0,0
2025-12-15 00:42:05.265,SERVO_OUTPUT_RAW,480509794,SERVO_OUTPUT_RAW,0,0,0,0,0,0,0,0,1000,1000,1000,1000,0,0,0,0,0
2025-12-15 00:42:05.365,SERVO_OUTPUT_RAW,480609788,SERVO_OUTPUT_RAW,0,0,0,0,0,0,0,0,1000,1000,1000,1000,0,0,0,0,0
2025-12-15 00:42:05.465,SERVO_OUTPUT_RAW,480709823,SERVO_OUTPUT_RAW,0,0,0,0,0,0,0,0,1000,1000,1000,1000,0,0,0,0,0
2025-12-15 00:42:05.566,SERVO_OUTPUT_RAW,480812146,SERVO_OUTPUT_RAW,0,0,0,0,0,0,0,0,1000,1000,1000,1000,0,0,0,0,0
2025-12-15 00:42:05.665,SERVO_OUTPUT_RAW,480909793,SERVO_OUTPUT_RAW,0,0,0,0,0,0,0,0,1000,1000,1000,1000,0,0,0,0,0
2025-12-15 00:42:05.765,SERVO_OUTPUT_RAW,481009886,SERVO_OUTPUT_RAW,0,0,0,0,0,0,0,0,1000,1000,1000,1000,0,0,0,0,0
2025-12-15 00:42:05.865,SERVO_OUTPUT_RAW,481109815,SERVO_OUTPUT_RAW,0,0,0,0,0,0,0,0,1000,1000,1000,1000,0,0,0,0,0
2025-12-15 00:42:05.966,SERVO_OUTPUT_RAW,481209836,SERVO_OUTPUT_RAW,0,0,0,0,0,0,0,0,1000,1000,1000,1000,0,0,0,0,0
2025-12-15 00:42:06.066,SERVO_OUTPUT_RAW,481309859,SERVO_OUTPUT_RAW,0,0,0,0,0,0,0,0,1000,1000,1000,1000,0,0,0,0,0
2025-12-15 00:42:06.166,SERVO_OUTPUT_RAW,481409790,SERVO_OUTPUT_RAW,0,0,0,0,0,0,0,0,1000,1000,1000,1000,0,0,0,0,0
2025-12-15 00:42:06.266,SERVO_OUTPUT_RAW,481509818,SERVO_OUTPUT_RAW,0,0,0,0,0,0,0,0,1000,1000,1000,1000,0,0,0,0,0
2025-12-15 00:42:06.366,SERVO_OUTPUT_RAW,481609820,SERVO_OUTPUT_RAW,0,0,0,0,0,0,0,0,1000,1000,1000,1000,0,0,0,0,0
2025-12-15 00:42:06.466,SERVO_OUTPUT_RAW,481709797,SERVO_OUTPUT_RAW,0,0,0,0,0,0,0,0,1000,1000,1000,1000,0,0,0,0,0
2025-12-15 00:42:06.566,SERVO_OUTPUT_RAW,481809885,SERVO_OUTPUT_RAW,0,0,0,0,0,0,0,0,1000,1000,1000,1000,0,0,0,0,0
2025-12-15 00:42:06.666,SERVO_OUTPUT_RAW,481909788,SERVO_OUTPUT_RAW,0,0,0,0,0,0,0,0,1000,1000,1000,1000,0,0,0,0,0
2025-12-15 00:42:06.766,SERVO_OUTPUT_RAW,482009788,SERVO_OUTPUT_RAW,0,0,0,0,0,0,0,0,1000,1000,1000,1000,0,0,0,0,0
2025-12-15 00:42:06.866,SERVO_OUTPUT_RAW,482109779,SERVO_OUTPUT_RAW,0,0,0,0,0,0,0,0,1000,1000,1000,1000,0,0,0,0,0
2025-12-15 00:42:06.966,SERVO_OUTPUT_RAW,482209832,SERVO_OUTPUT_RAW,0,0,0,0,0,0,0,0,1000,1000,1000,1000,0,0,0,0,0
2025-12-15 00:42:07.066,SERVO_OUTPUT_RAW,482312143,SERVO_OUTPUT_RAW,0,0,0,0,0,0,0,0,1000,1000,1000,1000,0,0,0,0,0
2025-12-15 00:42:07.166,SERVO_OUTPUT_RAW,482409857,SERVO_OUTPUT_RAW,0,0,0,0,0,0,0,0,1000,1000,1000,1000,0,0,0,0,0
2025-12-15 00:42:07.266,SERVO_OUTPUT_RAW,482509794,SERVO_OUTPUT_RAW,0,0,0,0,0,0,0,0,1000,1000,1000,1000,0,0,0,0,0
2025-12-15 00:42:07.366,SERVO_OUTPUT_RAW,482609828,SERVO_OUTPUT_RAW,0,0,0,0,0,0,0,0,1000,1000,1000,1000,0,0,0,0,0
2025-12-15 00:42:07.466,SERVO_OUTPUT_RAW,482709838,SERVO_OUTPUT_RAW,0,0,0,0,0,0,0,0,1000,1000,1000,1000,0,0,0,0,0
2025-12-15 00:42:07.566,SERVO_OUTPUT_RAW,482809856,SERVO_OUTPUT_RAW,0,0,0,0,0,0,0,0,1000,1000,1000,1000,0,0,0,0,0
2025-12-15 00:42:07.666,SERVO_OUTPUT_RAW,482909778,SERVO_OUTPUT_RAW,0,0,0,0,0,0,0,0,1000,1000,1000,1000,0,0,0,0,0
2025-12-15 00:42:07.766,SERVO_OUTPUT_RAW,483009793,SERVO_OUTPUT_RAW,0,0,0,0,0,0,0,0,1000,1000,1000,1000,0,0,0,0,0
2025-12-15 00:42:07.869,SERVO_OUTPUT_RAW,483109806,SERVO_OUTPUT_RAW,0,0,0,0,0,0,0,0,1000,1000,1000,1000,0,0,0,0,0
2025-12-15 00:42:07.968,SERVO_OUTPUT_RAW,483209768,SERVO_OUTPUT_RAW,0,0,0,0,0,0,0,0,1000,1000,1000,1000,0,0,0,0,0
2025-12-15 00:42:08.069,SERVO_OUTPUT_RAW,483309798,SERVO_OUTPUT_RAW,0,0,0,0,0,0,0,0,1000,1000,1000,1000,0,0,0,0,0
2025-12-15 00:42:08.168,SERVO_OUTPUT_RAW,483409790,SERVO_OUTPUT_RAW,0,0,0,0,0,0,0,0,1000,1000,1000,1000,0,0,0,0,0
2025-12-15 00:42:08.268,SERVO_OUTPUT_RAW,483509806,SERVO_OUTPUT_RAW,0,0,0,0,0,0,0,0,1000,1000,1000,1000,0,0,0,0,0
2025-12-15 00:42:08.369,SERVO_OUTPUT_RAW,483609788,SERVO_OUTPUT_RAW,0,0,0,0,0,0,0,0,1000,1000,1000,1000,0,0,0,0,0
2025-12-15 00:42:08.467,SERVO_OUTPUT_RAW,483709801,SERVO_OUTPUT_RAW,0,0,0,0,0,0,0,0,1000,1000,1000,1000,0,0,0,0,0
2025-12-15 00:42:08.567,SERVO_OUTPUT_RAW,483812146,SERVO_OUTPUT_RAW,0,0,0,0,0,0,0,0,1000,1000,1000,1000,0,0,0,0,0
2025-12-15 00:42:08.668,SERVO_OUTPUT_RAW,483912163,SERVO_OUTPUT_RAW,0,0,0,0,0,0,0,0,1000,1000,1000,1000,0,0,0,0,0
2025-12-15 00:42:08.767,SERVO_OUTPUT_RAW,484009845,SERVO_OUTPUT_RAW,0,0,0,0,0,0,0,0,1000,1000,1000,1000,0,0,0,0,0
2025-12-15 00:42:08.869,SERVO_OUTPUT_RAW,484109803,SERVO_OUTPUT_RAW,0,0,0,0,0,0,0,0,1000,1000,1000,1000,0,0,0,0,0
2025-12-15 00:42:08.968,SERVO_OUTPUT_RAW,484209842,SERVO_OUTPUT_RAW,0,0,0,0,0,0,0,0,1000,1000,1000,1000,0,0,0,0,0
2025-12-15 00:42:09.068,SERVO_OUTPUT_RAW,484309867,SERVO_OUTPUT_RAW,0,0,0,0,0,0,0,0,1000,1000,1000,1000,0,0,0,0,0
2025-12-15 00:42:09.168,SERVO_OUTPUT_RAW,484409854,SERVO_OUTPUT_RAW,0,0,0,0,0,0,0,0,1000,1000,1000,1000,0,0,0,0,0
2025-12-15 00:42:09.268,SERVO_OUTPUT_RAW,484509789,SERVO_OUTPUT_RAW,0,0,0,0,0,0,0,0,1000,1000,1000,1000,0,0,0,0,0
2025-12-15 00:42:09.367,SERVO_OUTPUT_RAW,484609805,SERVO_OUTPUT_RAW,0,0,0,0,0,0,0,0,1000,1000,1000,1000,0,0,0,0,0
2025-12-15 00:42:09.468,SERVO_OUTPUT_RAW,484709808,SERVO_OUTPUT_RAW,0,0,0,0,0,0,0,0,1000,1000,1000,1000,0,0,0,0,0
2025-12-15 00:42:09.568,SERVO_OUTPUT_RAW,484809782,SERVO_OUTPUT_RAW,0,0,0,0,0,0,0,0,1000,1000,1000,1000,0,0,0,0,0
2025-12-15 00:42:09.667,SERVO_OUTPUT_RAW,484909794,SERVO_OUTPUT_RAW,0,0,0,0,0,0,0,0,1000,1000,1000,1000,0,0,0,0,0
2025-12-15 00:42:09.767,SERVO_OUTPUT_RAW,485009783,SERVO_OUTPUT_RAW,0,0,0,0,0,0,0,0,1000,1000,1000,1000,0,0,0,0,0
2025-12-15 00:42:09.868,SERVO_OUTPUT_RAW,485109779,SERVO_OUTPUT_RAW,0,0,0,0,0,0,0,0,1000,1000,1000,1000,0,0,0,0,0
2025-12-15 00:42:09.968,SERVO_OUTPUT_RAW,485209799,SERVO_OUTPUT_RAW,0,0,0,0,0,0,0,0,1000,1000,1000,1000,0,0,0,0,0
2025-12-15 00:42:10.067,SERVO_OUTPUT_RAW,485309806,SERVO_OUTPUT_RAW,0,0,0,0,0,0,0,0,1000,1000,1000,1000,0,0,0,0,0
2025-12-15 00:42:10.167,SERVO_OUTPUT_RAW,485409832,SERVO_OUTPUT_RAW,0,0,0,0,0,0,0,0,1000,1000,1000,1000,0,0,0,0,0
2025-12-15 00:42:10.268,SERVO_OUTPUT_RAW,485509846,SERVO_OUTPUT_RAW,0,0,0,0,0,0,0,0,1000,1000,1000,1000,0,0,0,0,0
2025-12-15 00:42:10.367,SERVO_OUTPUT_RAW,485609786,SERVO_OUTPUT_RAW,0,0,0,0,0,0,0,0,1000,1000,1000,1000,0,0,0,0,0
2025-12-15 00:42:10.467,SERVO_OUTPUT_RAW,485709809,SERVO_OUTPUT_RAW,0,0,0,0,0,0,0,0,1000,1000,1000,1000,0,0,0,0,0
2025-12-15 00:42:10.567,SERVO_OUTPUT_RAW,485809831,SERVO_OUTPUT_RAW,0,0,0,0,0,0,0,0,1000,1000,1000,1000,0,0,0,0,0
2025-12-15 00:42:10.667,SERVO_OUTPUT_RAW,485909841,SERVO_OUTPUT_RAW,0,0,0,0,0,0,0,0,1000,1000,1000,1000,0,0,0,0,0
2025-12-15 00:42:10.767,SERVO_OUTPUT_RAW,486009899,SERVO_OUTPUT_RAW,0,0,0,0,0,0,0,0,1000,1000,1000,1000,0,0,0,0,0
2025-12-15 00:42:10.867,SERVO_OUTPUT_RAW,486109788,SERVO_OUTPUT_RAW,0,0,0,0,0,0,0,0,1000,1000,1000,1000,0,0,0,0,0
2025-12-15 00:42:10.967,SERVO_OUTPUT_RAW,486209826,SERVO_OUTPUT_RAW,0,0,0,0,0,0,0,0,1000,1000,1000,1000,0,0,0,0,0
2025-12-15 00:42:11.067,SERVO_OUTPUT_RAW,486309815,SERVO_OUTPUT_RAW,0,0,0,0,0,0,0,0,1000,1000,1000,1000,0,0,0,0,0
2025-12-15 00:42:11.167,SERVO_OUTPUT_RAW,486409777,SERVO_OUTPUT_RAW,0,0,0,0,0,0,0,0,1000,1000,1000,1000,0,0,0,0,0
2025-12-15 00:42:11.267,SERVO_OUTPUT_RAW,486509791,SERVO_OUTPUT_RAW,0,0,0,0,0,0,0,0,1000,1000,1000,1000,0,0,0,0,0
2025-12-15 00:42:11.367,SERVO_OUTPUT_RAW,486609791,SERVO_OUTPUT_RAW,0,0,0,0,0,0,0,0,1000,1000,1000,1000,0,0,0,0,0
2025-12-15 00:42:11.467,SERVO_OUTPUT_RAW,486709797,SERVO_OUTPUT_RAW,0,0,0,0,0,0,0,0,1000,1000,1000,1000,0,0,0,0,0
2025-12-15 00:42:11.567,SERVO_OUTPUT_RAW,486809813,SERVO_OUTPUT_RAW,0,0,0,0,0,0,0,0,1000,1000,1000,1000,0,0,0,0,0
2025-12-15 00:42:11.667,SERVO_OUTPUT_RAW,486909830,SERVO_OUTPUT_RAW,0,0,0,0,0,0,0,0,1000,1000,1000,1000,0,0,0,0,0
2025-12-15 00:42:11.767,SERVO_OUTPUT_RAW,487009830,SERVO_OUTPUT_RAW,0,0,0,0,0,0,0,0,1000,1000,1000,1000,0,0,0,0,0
2025-12-15 00:42:11.868,SERVO_OUTPUT_RAW,487112144,SERVO_OUTPUT_RAW,0,0,0,0,0,0,0,0,1000,1000,1000,1000,0,0,0,0,0
2025-12-15 00:42:11.968,SERVO_OUTPUT_RAW,487209807,SERVO_OUTPUT_RAW,0,0,0,0,0,0,0,0,1000,1000,1000,1000,0,0,0,0,0
2025-12-15 00:42:12.067,SERVO_OUTPUT_RAW,487309807,SERVO_OUTPUT_RAW,0,0,0,0,0,0,0,0,1000,1000,1000,1000,0,0,0,0,0
2025-12-15 00:42:12.168,SERVO_OUTPUT_RAW,487409833,SERVO_OUTPUT_RAW,0,0,0,0,0,0,0,0,1000,1000,1000,1000,0,0,0,0,0
2025-12-15 00:42:12.267,SERVO_OUTPUT_RAW,487509836,SERVO_OUTPUT_RAW,0,0,0,0,0,0,0,0,1000,1000,1000,1000,0,0,0,0,0
2025-12-15 00:42:12.370,SERVO_OUTPUT_RAW,487609780,SERVO_OUTPUT_RAW,0,0,0,0,0,0,0,0,1000,1000,1000,1000,0,0,0,0,0
2025-12-15 00:42:12.467,SERVO_OUTPUT_RAW,487709823,SERVO_OUTPUT_RAW,0,0,0,0,0,0,0,0,1000,1000,1000,1000,0,0,0,0,0
2025-12-15 00:42:12.565,SERVO_OUTPUT_RAW,487809827,SERVO_OUTPUT_RAW,0,0,0,0,0,0,0,0,1000,1000,1000,1000,0,0,0,0,0
2025-12-15 00:42:12.665,SERVO_OUTPUT_RAW,487909784,SERVO_OUTPUT_RAW,0,0,0,0,0,0,0,0,1000,1000,1000,1000,0,0,0,0,0
2025-12-15 00:42:12.765,SERVO_OUTPUT_RAW,488009811,SERVO_OUTPUT_RAW,0,0,0,0,0,0,0,0,1000,1000,1000,1000,0,0,0,0,0
2025-12-15 00:42:12.866,SERVO_OUTPUT_RAW,488109853,SERVO_OUTPUT_RAW,0,0,0,0,0,0,0,0,1000,1000,1000,1000,0,0,0,0,0
2025-12-15 00:42:12.965,SERVO_OUTPUT_RAW,488209792,SERVO_OUTPUT_RAW,0,0,0,0,0,0,0,0,1000,1000,1000,1000,0,0,0,0,0
2025-12-15 00:42:13.065,SERVO_OUTPUT_RAW,488309793,SERVO_OUTPUT_RAW,0,0,0,0,0,0,0,0,1000,1000,1000,1000,0,0,0,0,0
2025-12-15 00:42:13.166,SERVO_OUTPUT_RAW,488409779,SERVO_OUTPUT_RAW,0,0,0,0,0,0,0,0,1000,1000,1000,1000,0,0,0,0,0
2025-12-15 00:42:13.266,SERVO_OUTPUT_RAW,488509818,SERVO_OUTPUT_RAW,0,0,0,0,0,0,0,0,1000,1000,1000,1000,0,0,0,0,0
2025-12-15 00:42:13.365,SERVO_OUTPUT_RAW,488609832,SERVO_OUTPUT_RAW,0,0,0,0,0,0,0,0,1000,1000,1000,1000,0,0,0,0,0
2025-12-15 00:42:13.466,SERVO_OUTPUT_RAW,488709846,SERVO_OUTPUT_RAW,0,0,0,0,0,0,0,0,1000,1000,1000,1000,0,0,0,0,0
2025-12-15 00:42:13.565,SERVO_OUTPUT_RAW,488809828,SERVO_OUTPUT_RAW,0,0,0,0,0,0,0,0,1000,1000,1000,1000,0,0,0,0,0
2025-12-15 00:42:13.666,SERVO_OUTPUT_RAW,488909824,SERVO_OUTPUT_RAW,0,0,0,0,0,0,0,0,1000,1000,1000,1000,0,0,0,0,0
2025-12-15 00:42:13.766,SERVO_OUTPUT_RAW,489009844,SERVO_OUTPUT_RAW,0,0,0,0,0,0,0,0,1000,1000,1000,1000,0,0,0,0,0
2025-12-15 00:42:13.866,SERVO_OUTPUT_RAW,489109861,SERVO_OUTPUT_RAW,0,0,0,0,0,0,0,0,1000,1000,1000,1000,0,0,0,0,0
2025-12-15 00:42:13.966,SERVO_OUTPUT_RAW,489209793,SERVO_OUTPUT_RAW,0,0,0,0,0,0,0,0,1000,1000,1000,1000,0,0,0,0,0
2025-12-15 00:42:14.066,SERVO_OUTPUT_RAW,489309826,SERVO_OUTPUT_RAW,0,0,0,0,0,0,0,0,1000,1000,1000,1000,0,0,0,0,0
2025-12-15 00:42:14.166,SERVO_OUTPUT_RAW,489409824,SERVO_OUTPUT_RAW,0,0,0,0,0,0,0,0,1000,1000,1000,1000,0,0,0,0,0
2025-12-15 00:42:14.266,SERVO_OUTPUT_RAW,489509774,SERVO_OUTPUT_RAW,0,0,0,0,0,0,0,0,1000,1000,1000,1000,0,0,0,0,0
2025-12-15 00:42:14.366,SERVO_OUTPUT_RAW,489609775,SERVO_OUTPUT_RAW,0,0,0,0,0,0,0,0,1000,1000,1000,1000,0,0,0,0,0
2025-12-15 00:42:14.466,SERVO_OUTPUT_RAW,489709803,SERVO_OUTPUT_RAW,0,0,0,0,0,0,0,0,1000,1000,1000,1000,0,0,0,0,0
2025-12-15 00:42:14.566,SERVO_OUTPUT_RAW,489809793,SERVO_OUTPUT_RAW,0,0,0,0,0,0,0,0,1000,1000,1000,1000,0,0,0,0,0
2025-12-15 00:42:14.666,SERVO_OUTPUT_RAW,489909784,SERVO_OUTPUT_RAW,0,0,0,0,0,0,0,0,1000,1000,1000,1000,0,0,0,0,0
2025-12-15 00:42:14.766,SERVO_OUTPUT_RAW,490009819,SERVO_OUTPUT_RAW,0,0,0,0,0,0,0,0,1000,1000,1000,1000,0,0,0,0,0
2025-12-15 00:42:14.866,SERVO_OUTPUT_RAW,490112138,SERVO_OUTPUT_RAW,0,0,0,0,0,0,0,0,1000,1000,1000,1000,0,0,0,0,0
2025-12-15 00:42:14.966,SERVO_OUTPUT_RAW,490212153,SERVO_OUTPUT_RAW,0,0,0,0,0,0,0,0,1000,1000,1000,1000,0,0,0,0,0
2025-12-15 00:42:15.066,SERVO_OUTPUT_RAW,490309810,SERVO_OUTPUT_RAW,0,0,0,0,0,0,0,0,1000,1000,1000,1000,0,0,0,0,0
2025-12-15 00:42:15.166,SERVO_OUTPUT_RAW,490409826,SERVO_OUTPUT_RAW,0,0,0,0,0,0,0,0,1000,1000,1000,1000,0,0,0,0,0
2025-12-15 00:42:15.266,SERVO_OUTPUT_RAW,490509841,SERVO_OUTPUT_RAW,0,0,0,0,0,0,0,0,1000,1000,1000,1000,0,0,0,0,0
2025-12-15 00:42:15.366,SERVO_OUTPUT_RAW,490609846,SERVO_OUTPUT_RAW,0,0,0,0,0,0,0,0,1000,1000,1000,1000,0,0,0,0,0
2025-12-15 00:42:15.466,SERVO_OUTPUT_RAW,490709906,SERVO_OUTPUT_RAW,0,0,0,0,0,0,0,0,1000,1000,1000,1000,0,0,0,0,0
2025-12-15 00:42:15.566,SERVO_OUTPUT_RAW,490809793,SERVO_OUTPUT_RAW,0,0,0,0,0,0,0,0,1000,1000,1000,1000,0,0,0,0,0
2025-12-15 00:42:15.666,SERVO_OUTPUT_RAW,490909802,SERVO_OUTPUT_RAW,0,0,0,0,0,0,0,0,1000,1000,1000,1000,0,0,0,0,0
2025-12-15 00:42:15.766,SERVO_OUTPUT_RAW,491009813,SERVO_OUTPUT_RAW,0,0,0,0,0,0,0,0,1000,1000,1000,1000,0,0,0,0,0
2025-12-15 00:42:15.866,SERVO_OUTPUT_RAW,491109783,SERVO_OUTPUT_RAW,0,0,0,0,0,0,0,0,1000,1000,1000,1000,0,0,0,0,0
2025-12-15 00:42:15.966,SERVO_OUTPUT_RAW,491209790,SERVO_OUTPUT_RAW,0,0,0,0,0,0,0,0,1000,1000,1000,1000,0,0,0,0,0
2025-12-15 00:42:16.066,SERVO_OUTPUT_RAW,491309796,SERVO_OUTPUT_RAW,0,0,0,0,0,0,0,0,1000,1000,1000,1000,0,0,0,0,0
2025-12-15 00:42:16.166,SERVO_OUTPUT_RAW,491409791,SERVO_OUTPUT_RAW,0,0,0,0,0,0,0,0,1000,1000,1000,1000,0,0,0,0,0
2025-12-15 00:42:16.266,SERVO_OUTPUT_RAW,491509786,SERVO_OUTPUT_RAW,0,0,0,0,0,0,0,0,1000,1000,1000,1000,0,0,0,0,0
2025-12-15 00:42:16.366,SERVO_OUTPUT_RAW,491609835,SERVO_OUTPUT_RAW,0,0,0,0,0,0,0,0,1000,1000,1000,1000,0,0,0,0,0
2025-12-15 00:42:16.466,SERVO_OUTPUT_RAW,491709787,SERVO_OUTPUT_RAW,0,0,0,0,0,0,0,0,1000,1000,1000,1000,0,0,0,0,0
2025-12-15 00:42:16.566,SERVO_OUTPUT_RAW,491809848,SERVO_OUTPUT_RAW,0,0,0,0,0,0,0,0,1000,1000,1000,1000,0,0,0,0,0
2025-12-15 00:42:16.666,SERVO_OUTPUT_RAW,491909819,SERVO_OUTPUT_RAW,0,0,0,0,0,0,0,0,1000,1000,1000,1000,0,0,0,0,0
2025-12-15 00:42:16.766,SERVO_OUTPUT_RAW,492009837,SERVO_OUTPUT_RAW,0,0,0,0,0,0,0,0,1000,1000,1000,1000,0,0,0,0,0
2025-12-15 00:42:16.866,SERVO_OUTPUT_RAW,492109847,SERVO_OUTPUT_RAW,0,0,0,0,0,0,0,0,1000,1000,1000,1000,0,0,0,0,0
2025-12-15 00:42:16.966,SERVO_OUTPUT_RAW,492209847,SERVO_OUTPUT_RAW,0,0,0,0,0,0,0,0,1000,1000,1000,1000,0,0,0,0,0
2025-12-15 00:42:17.066,SERVO_OUTPUT_RAW,492309906,SERVO_OUTPUT_RAW,0,0,0,0,0,0,0,0,1000,1000,1000,1000,0,0,0,0,0
2025-12-15 00:42:17.166,SERVO_OUTPUT_RAW,492409808,SERVO_OUTPUT_RAW,0,0,0,0,0,0,0,0,1000,1000,1000,1000,0,0,0,0,0
2025-12-15 00:42:17.266,SERVO_OUTPUT_RAW,492509824,SERVO_OUTPUT_RAW,0,0,0,0,0,0,0,0,1000,1000,1000,1000,0,0,0,0,0
2025-12-15 00:42:17.367,SERVO_OUTPUT_RAW,492609837,SERVO_OUTPUT_RAW,0,0,0,0,0,0,0,0,1000,1000,1000,1000,0,0,0,0,0
2025-12-15 00:42:17.466,SERVO_OUTPUT_RAW,492709792,SERVO_OUTPUT_RAW,0,0,0,0,0,0,0,0,1000,1000,1000,1000,0,0,0,0,0
2025-12-15 00:42:17.569,SERVO_OUTPUT_RAW,492809787,SERVO_OUTPUT_RAW,0,0,0,0,0,0,0,0,1000,1000,1000,1000,0,0,0,0,0
2025-12-15 00:42:17.669,SERVO_OUTPUT_RAW,492909771,SERVO_OUTPUT_RAW,0,0,0,0,0,0,0,0,1000,1000,1000,1000,0,0,0,0,0
2025-12-15 00:42:17.767,SERVO_OUTPUT_RAW,493012116,SERVO_OUTPUT_RAW,0,0,0,0,0,0,0,0,1000,1000,1000,1000,0,0,0,0,0
2025-12-15 00:42:17.868,SERVO_OUTPUT_RAW,493109818,SERVO_OUTPUT_RAW,0,0,0,0,0,0,0,0,1000,1000,1000,1000,0,0,0,0,0
2025-12-15 00:42:17.969,SERVO_OUTPUT_RAW,493209833,SERVO_OUTPUT_RAW,0,0,0,0,0,0,0,0,1000,1000,1000,1000,0,0,0,0,0
2025-12-15 00:42:18.068,SERVO_OUTPUT_RAW,493309840,SERVO_OUTPUT_RAW,0,0,0,0,0,0,0,0,1000,1000,1000,1000,0,0,0,0,0
2025-12-15 00:42:18.168,SERVO_OUTPUT_RAW,493409820,SERVO_OUTPUT_RAW,0,0,0,0,0,0,0,0,1000,1000,1000,1000,0,0,0,0,0
2025-12-15 00:42:18.268,SERVO_OUTPUT_RAW,493509829,SERVO_OUTPUT_RAW,0,0,0,0,0,0,0,0,1000,1000,1000,1000,0,0,0,0,0
2025-12-15 00:42:18.368,SERVO_OUTPUT_RAW,493609839,SERVO_OUTPUT_RAW,0,0,0,0,0,0,0,0,1000,1000,1000,1000,0,0,0,0,0
2025-12-15 00:42:18.468,SERVO_OUTPUT_RAW,493709852,SERVO_OUTPUT_RAW,0,0,0,0,0,0,0,0,1000,1000,1000,1000,0,0,0,0,0
2025-12-15 00:42:18.569,SERVO_OUTPUT_RAW,493809780,SERVO_OUTPUT_RAW,0,0,0,0,0,0,0,0,1000,1000,1000,1000,0,0,0,0,0
2025-12-15 00:42:18.668,SERVO_OUTPUT_RAW,493909774,SERVO_OUTPUT_RAW,0,0,0,0,0,0,0,0,1000,1000,1000,1000,0,0,0,0,0
2025-12-15 00:42:18.768,SERVO_OUTPUT_RAW,494009803,SERVO_OUTPUT_RAW,0,0,0,0,0,0,0,0,1000,1000,1000,1000,0,0,0,0,0
2025-12-15 00:42:18.868,SERVO_OUTPUT_RAW,494109806,SERVO_OUTPUT_RAW,0,0,0,0,0,0,0,0,1000,1000,1000,1000,0,0,0,0,0
2025-12-15 00:42:18.969,SERVO_OUTPUT_RAW,494209771,SERVO_OUTPUT_RAW,0,0,0,0,0,0,0,0,1000,1000,1000,1000,0,0,0,0,0
2025-12-15 00:42:19.068,SERVO_OUTPUT_RAW,494309796,SERVO_OUTPUT_RAW,0,0,0,0,0,0,0,0,1000,1000,1000,1000,0,0,0,0,0
2025-12-15 00:42:19.167,SERVO_OUTPUT_RAW,494409867,SERVO_OUTPUT_RAW,0,0,0,0,0,0,0,0,1000,1000,1000,1000,0,0,0,0,0
2025-12-15 00:42:19.267,SERVO_OUTPUT_RAW,494509782,SERVO_OUTPUT_RAW,0,0,0,0,0,0,0,0,1000,1000,1000,1000,0,0,0,0,0
2025-12-15 00:42:19.367,SERVO_OUTPUT_RAW,494612146,SERVO_OUTPUT_RAW,0,0,0,0,0,0,0,0,1000,1000,1000,1000,0,0,0,0,0
2025-12-15 00:42:19.467,SERVO_OUTPUT_RAW,494709842,SERVO_OUTPUT_RAW,0,0,0,0,0,0,0,0,1000,1000,1000,1000,0,0,0,0,0
2025-12-15 00:42:19.567,SERVO_OUTPUT_RAW,494809830,SERVO_OUTPUT_RAW,0,0,0,0,0,0,0,0,1000,1000,1000,1000,0,0,0,0,0
2025-12-15 00:42:19.667,SERVO_OUTPUT_RAW,494909842,SERVO_OUTPUT_RAW,0,0,0,0,0,0,0,0,1000,1000,1000,1000,0,0,0,0,0
2025-12-15 00:42:19.768,SERVO_OUTPUT_RAW,495009780,SERVO_OUTPUT_RAW,0,0,0,0,0,0,0,0,1000,1000,1000,1000,0,0,0,0,0
2025-12-15 00:42:19.870,SERVO_OUTPUT_RAW,495109814,SERVO_OUTPUT_RAW,0,0,0,0,0,0,0,0,1000,1000,1000,1000,0,0,0,0,0
2025-12-15 00:42:19.968,SERVO_OUTPUT_RAW,495209850,SERVO_OUTPUT_RAW,0,0,0,0,0,0,0,0,1000,1000,1000,1000,0,0,0,0,0
2025-12-15 00:42:20.068,SERVO_OUTPUT_RAW,495309823,SERVO_OUTPUT_RAW,0,0,0,0,0,0,0,0,1000,1000,1000,1000,0,0,0,0,0
2025-12-15 00:42:20.168,SERVO_OUTPUT_RAW,495409778,SERVO_OUTPUT_RAW,0,0,0,0,0,0,0,0,1000,1000,1000,1000,0,0,0,0,0
2025-12-15 00:42:20.268,SERVO_OUTPUT_RAW,495509825,SERVO_OUTPUT_RAW,0,0,0,0,0,0,0,0,1000,1000,1000,1000,0,0,0,0,0
2025-12-15 00:42:20.368,SERVO_OUTPUT_RAW,495609823,SERVO_OUTPUT_RAW,0,0,0,0,0,0,0,0,1000,1000,1000,1000,0,0,0,0,0
2025-12-15 00:42:20.468,SERVO_OUTPUT_RAW,495709801,SERVO_OUTPUT_RAW,0,0,0,0,0,0,0,0,1000,1000,1000,1000,0,0,0,0,0
2025-12-15 00:42:20.568,SERVO_OUTPUT_RAW,495809784,SERVO_OUTPUT_RAW,0,0,0,0,0,0,0,0,1000,1000,1000,1000,0,0,0,0,0
2025-12-15 00:42:20.668,SERVO_OUTPUT_RAW,495909798,SERVO_OUTPUT_RAW,0,0,0,0,0,0,0,0,1000,1000,1000,1000,0,0,0,0,0
2025-12-15 00:42:20.768,SERVO_OUTPUT_RAW,496009788,SERVO_OUTPUT_RAW,0,0,0,0,0,0,0,0,1000,1000,1000,1000,0,0,0,0,0
2025-12-15 00:42:20.868,SERVO_OUTPUT_RAW,496109797,SERVO_OUTPUT_RAW,0,0,0,0,0,0,0,0,1000,1000,1000,1000,0,0,0,0,0
2025-12-15 00:42:20.968,SERVO_OUTPUT_RAW,496209780,SERVO_OUTPUT_RAW,0,0,0,0,0,0,0,0,1000,1000,1000,1000,0,0,0,0,0
2025-12-15 00:42:21.068,SERVO_OUTPUT_RAW,496309814,SERVO_OUTPUT_RAW,0,0,0,0,0,0,0,0,1000,1000,1000,1000,0,0,0,0,0
2025-12-15 00:42:21.168,SERVO_OUTPUT_RAW,496409828,SERVO_OUTPUT_RAW,0,0,0,0,0,0,0,0,1000,1000,1000,1000,0,0,0,0,0
2025-12-15 00:42:21.268,SERVO_OUTPUT_RAW,496512172,SERVO_OUTPUT_RAW,0,0,0,0,0,0,0,0,1000,1000,1000,1000,0,0,0,0,0
2025-12-15 00:42:21.368,SERVO_OUTPUT_RAW,496609820,SERVO_OUTPUT_RAW,0,0,0,0,0,0,0,0,1000,1000,1000,1000,0,0,0,0,0
2025-12-15 00:42:21.468,SERVO_OUTPUT_RAW,496709813,SERVO_OUTPUT_RAW,0,0,0,0,0,0,0,0,1000,1000,1000,1000,0,0,0,0,0
2025-12-15 00:42:21.568,SERVO_OUTPUT_RAW,496809849,SERVO_OUTPUT_RAW,0,0,0,0,0,0,0,0,1000,1000,1000,1000,0,0,0,0,0
2025-12-15 00:42:21.668,SERVO_OUTPUT_RAW,496909849,SERVO_OUTPUT_RAW,0,0,0,0,0,0,0,0,1000,1000,1000,1000,0,0,0,0,0
2025-12-15 00:42:21.768,SERVO_OUTPUT_RAW,497009802,SERVO_OUTPUT_RAW,0,0,0,0,0,0,0,0,1000,1000,1000,1000,0,0,0,0,0
2025-12-15 00:42:21.868,SERVO_OUTPUT_RAW,497109823,SERVO_OUTPUT_RAW,0,0,0,0,0,0,0,0,1000,1000,1000,1000,0,0,0,0,0
2025-12-15 00:42:21.968,SERVO_OUTPUT_RAW,497209819,SERVO_OUTPUT_RAW,0,0,0,0,0,0,0,0,1000,1000,1000,1000,0,0,0,0,0
2025-12-15 00:42:22.068,SERVO_OUTPUT_RAW,497309785,SERVO_OUTPUT_RAW,0,0,0,0,0,0,0,0,1000,1000,1000,1000,0,0,0,0,0
2025-12-15 00:42:22.168,SERVO_OUTPUT_RAW,497409794,SERVO_OUTPUT_RAW,0,0,0,0,0,0,0,0,1000,1000,1000,1000,0,0,0,0,0
2025-12-15 00:42:22.268,SERVO_OUTPUT_RAW,497509809,SERVO_OUTPUT_RAW,0,0,0,0,0,0,0,0,1000,1000,1000,1000,0,0,0,0,0
2025-12-15 00:42:22.368,SERVO_OUTPUT_RAW,497609793,SERVO_OUTPUT_RAW,0,0,0,0,0,0,0,0,1000,1000,1000,1000,0,0,0,0,0
2025-12-15 00:42:22.471,SERVO_OUTPUT_RAW,497709789,SERVO_OUTPUT_RAW,0,0,0,0,0,0,0,0,1000,1000,1000,1000,0,0,0,0,0
2025-12-15 00:42:22.568,SERVO_OUTPUT_RAW,497809824,SERVO_OUTPUT_RAW,0,0,0,0,0,0,0,0,1000,1000,1000,1000,0,0,0,0,0
2025-12-15 00:42:22.668,SERVO_OUTPUT_RAW,497909841,SERVO_OUTPUT_RAW,0,0,0,0,0,0,0,0,1000,1000,1000,1000,0,0,0,0,0
2025-12-15 00:42:22.768,SERVO_OUTPUT_RAW,498009832,SERVO_OUTPUT_RAW,0,0,0,0,0,0,0,0,1000,1000,1000,1000,0,0,0,0,0
2025-12-15 00:42:22.868,SERVO_OUTPUT_RAW,498109813,SERVO_OUTPUT_RAW,0,0,0,0,0,0,0,0,1000,1000,1000,1000,0,0,0,0,0
2025-12-15 00:42:22.968,SERVO_OUTPUT_RAW,498209808,SERVO_OUTPUT_RAW,0,0,0,0,0,0,0,0,1000,1000,1000,1000,0,0,0,0,0
2025-12-15 00:42:23.068,SERVO_OUTPUT_RAW,498309823,SERVO_OUTPUT_RAW,0,0,0,0,0,0,0,0,1000,1000,1000,1000,0,0,0,0,0
2025-12-15 00:42:23.168,SERVO_OUTPUT_RAW,498409849,SERVO_OUTPUT_RAW,0,0,0,0,0,0,0,0,1000,1000,1000,1000,0,0,0,0,0
2025-12-15 00:42:23.268,SERVO_OUTPUT_RAW,498509787,SERVO_OUTPUT_RAW,0,0,0,0,0,0,0,0,1000,1000,1000,1000,0,0,0,0,0
2025-12-15 00:42:23.368,SERVO_OUTPUT_RAW,498609919,SERVO_OUTPUT_RAW,0,0,0,0,0,0,0,0,1000,1000,1000,1000,0,0,0,0,0
2025-12-15 00:42:23.469,SERVO_OUTPUT_RAW,498709814,SERVO_OUTPUT_RAW,0,0,0,0,0,0,0,0,1000,1000,1000,1000,0,0,0,0,0
2025-12-15 00:42:23.568,SERVO_OUTPUT_RAW,498809898,SERVO_OUTPUT_RAW,0,0,0,0,0,0,0,0,1000,1000,1000,1000,0,0,0,0,0
2025-12-15 00:42:23.668,SERVO_OUTPUT_RAW,498909808,SERVO_OUTPUT_RAW,0,0,0,0,0,0,0,0,1000,1000,1000,1000,0,0,0,0,0
2025-12-15 00:42:23.768,SERVO_OUTPUT_RAW,499009784,SERVO_OUTPUT_RAW,0,0,0,0,0,0,0,0,1000,1000,1000,1000,0,0,0,0,0
2025-12-15 00:42:23.868,SERVO_OUTPUT_RAW,499109805,SERVO_OUTPUT_RAW,0,0,0,0,0,0,0,0,1000,1000,1000,1000,0,0,0,0,0
2025-12-15 00:42:23.968,SERVO_OUTPUT_RAW,499209789,SERVO_OUTPUT_RAW,0,0,0,0,0,0,0,0,1000,1000,1000,1000,0,0,0,0,0
2025-12-15 00:42:24.068,SERVO_OUTPUT_RAW,499309795,SERVO_OUTPUT_RAW,0,0,0,0,0,0,0,0,1000,1000,1000,1000,0,0,0,0,0
2025-12-15 00:42:24.168,SERVO_OUTPUT_RAW,499409832,SERVO_OUTPUT_RAW,0,0,0,0,0,0,0,0,1000,1000,1000,1000,0,0,0,0,0
2025-12-15 00:42:24.268,SERVO_OUTPUT_RAW,499509788,SERVO_OUTPUT_RAW,0,0,0,0,0,0,0,0,1000,1000,1000,1000,0,0,0,0,0
2025-12-15 00:42:24.368,SERVO_OUTPUT_RAW,499609863,SERVO_OUTPUT_RAW,0,0,0,0,0,0,0,0,1000,1000,1000,1000,0,0,0,0,0
2025-12-15 00:42:24.468,SERVO_OUTPUT_RAW,499709821,SERVO_OUTPUT_RAW,0,0,0,0,0,0,0,0,1000,1000,1000,1000,0,0,0,0,0
2025-12-15 00:42:24.569,SERVO_OUTPUT_RAW,499809829,SERVO_OUTPUT_RAW,0,0,0,0,0,0,0,0,1000,1000,1000,1000,0,0,0,0,0
2025-12-15 00:42:24.669,SERVO_OUTPUT_RAW,499909839,SERVO_OUTPUT_RAW,0,0,0,0,0,0,0,0,1000,1000,1000,1000,0,0,0,0,0
2025-12-15 00:42:24.769,SERVO_OUTPUT_RAW,500009829,SERVO_OUTPUT_RAW,0,0,0,0,0,0,0,0,1000,1000,1000,1000,0,0,0,0,0
2025-12-15 00:42:24.870,SERVO_OUTPUT_RAW,500109793,SERVO_OUTPUT_RAW,0,0,0,0,0,0,0,0,1000,1000,1000,1000,0,0,0,0,0
2025-12-15 00:42:24.969,SERVO_OUTPUT_RAW,500209810,SERVO_OUTPUT_RAW,0,0,0,0,0,0,0,0,1000,1000,1000,1000,0,0,0,0,0
2025-12-15 00:42:25.069,SERVO_OUTPUT_RAW,500309807,SERVO_OUTPUT_RAW,0,0,0,0,0,0,0,0,1000,1000,1000,1000,0,0,0,0,0
2025-12-15 00:42:25.169,SERVO_OUTPUT_RAW,500409833,SERVO_OUTPUT_RAW,0,0,0,0,0,0,0,0,1000,1000,1000,1000,0,0,0,0,0
2025-12-15 00:42:25.269,SERVO_OUTPUT_RAW,500509802,SERVO_OUTPUT_RAW,0,0,0,0,0,0,0,0,1000,1000,1000,1000,0,0,0,0,0
2025-12-15 00:42:25.369,SERVO_OUTPUT_RAW,500609806,SERVO_OUTPUT_RAW,0,0,0,0,0,0,0,0,1000,1000,1000,1000,0,0,0,0,0
2025-12-15 00:42:25.469,SERVO_OUTPUT_RAW,500709849,SERVO_OUTPUT_RAW,0,0,0,0,0,0,0,0,1000,1000,1000,1000,0,0,0,0,0
2025-12-15 00:42:25.569,SERVO_OUTPUT_RAW,500809787,SERVO_OUTPUT_RAW,0,0,0,0,0,0,0,0,1000,1000,1000,1000,0,0,0,0,0
2025-12-15 00:42:25.669,SERVO_OUTPUT_RAW,500909774,SERVO_OUTPUT_RAW,0,0,0,0,0,0,0,0,1000,1000,1000,1000,0,0,0,0,0
2025-12-15 00:42:25.769,SERVO_OUTPUT_RAW,501009825,SERVO_OUTPUT_RAW,0,0,0,0,0,0,0,0,1000,1000,1000,1000,0,0,0,0,0
2025-12-15 00:42:25.869,SERVO_OUTPUT_RAW,501109841,SERVO_OUTPUT_RAW,0,0,0,0,0,0,0,0,1000,1000,1000,1000,0,0,0,0,0
2025-12-15 00:42:25.968,SERVO_OUTPUT_RAW,501209833,SERVO_OUTPUT_RAW,0,0,0,0,0,0,0,0,1000,1000,1000,1000,0,0,0,0,0
2025-12-15 00:42:26.069,SERVO_OUTPUT_RAW,501309806,SERVO_OUTPUT_RAW,0,0,0,0,0,0,0,0,1000,1000,1000,1000,0,0,0,0,0
2025-12-15 00:42:26.169,SERVO_OUTPUT_RAW,501409811,SERVO_OUTPUT_RAW,0,0,0,0,0,0,0,0,1000,1000,1000,1000,0,0,0,0,0
2025-12-15 00:42:26.268,SERVO_OUTPUT_RAW,501509856,SERVO_OUTPUT_RAW,0,0,0,0,0,0,0,0,1000,1000,1000,1000,0,0,0,0,0
2025-12-15 00:42:26.368,SERVO_OUTPUT_RAW,501609782,SERVO_OUTPUT_RAW,0,0,0,0,0,0,0,0,1000,1000,1000,1000,0,0,0,0,0
2025-12-15 00:42:26.469,SERVO_OUTPUT_RAW,501709809,SERVO_OUTPUT_RAW,0,0,0,0,0,0,0,0,1000,1000,1000,1000,0,0,0,0,0
2025-12-15 00:42:26.569,SERVO_OUTPUT_RAW,501809814,SERVO_OUTPUT_RAW,0,0,0,0,0,0,0,0,1000,1000,1000,1000,0,0,0,0,0
2025-12-15 00:42:26.669,SERVO_OUTPUT_RAW,501909818,SERVO_OUTPUT_RAW,0,0,0,0,0,0,0,0,1000,1000,1000,1000,0,0,0,0,0
2025-12-15 00:42:26.769,SERVO_OUTPUT_RAW,502009784,SERVO_OUTPUT_RAW,0,0,0,0,0,0,0,0,1000,1000,1000,1000,0,0,0,0,0
2025-12-15 00:42:26.869,SERVO_OUTPUT_RAW,502109797,SERVO_OUTPUT_RAW,0,0,0,0,0,0,0,0,1000,1000,1000,1000,0,0,0,0,0
2025-12-15 00:42:26.969,SERVO_OUTPUT_RAW,502209785,SERVO_OUTPUT_RAW,0,0,0,0,0,0,0,0,1000,1000,1000,1000,0,0,0,0,0
2025-12-15 00:42:27.069,SERVO_OUTPUT_RAW,502309776,SERVO_OUTPUT_RAW,0,0,0,0,0,0,0,0,1000,1000,1000,1000,0,0,0,0,0
2025-12-15 00:42:27.169,SERVO_OUTPUT_RAW,502409802,SERVO_OUTPUT_RAW,0,0,0,0,0,0,0,0,1000,1000,1000,1000,0,0,0,0,0
2025-12-15 00:42:27.269,SERVO_OUTPUT_RAW,502509826,SERVO_OUTPUT_RAW,0,0,0,0,0,0,0,0,1000,1000,1000,1000,0,0,0,0,0
2025-12-15 00:42:27.371,SERVO_OUTPUT_RAW,502609786,SERVO_OUTPUT_RAW,0,0,0,0,0,0,0,0,1000,1000,1000,1000,0,0,0,0,0
2025-12-15 00:42:27.469,SERVO_OUTPUT_RAW,502709854,SERVO_OUTPUT_RAW,0,0,0,0,0,0,0,0,1000,1000,1000,1000,0,0,0,0,0
2025-12-15 00:42:27.568,SERVO_OUTPUT_RAW,502812172,SERVO_OUTPUT_RAW,0,0,0,0,0,0,0,0,1000,1000,1000,1000,0,0,0,0,0
2025-12-15 00:42:27.669,SERVO_OUTPUT_RAW,502909821,SERVO_OUTPUT_RAW,0,0,0,0,0,0,0,0,1000,1000,1000,1000,0,0,0,0,0
2025-12-15 00:42:27.770,SERVO_OUTPUT_RAW,503009827,SERVO_OUTPUT_RAW,0,0,0,0,0,0,0,0,1000,1000,1000,1000,0,0,0,0,0
2025-12-15 00:42:27.869,SERVO_OUTPUT_RAW,503109847,SERVO_OUTPUT_RAW,0,0,0,0,0,0,0,0,1000,1000,1000,1000,0,0,0,0,0
2025-12-15 00:42:27.969,SERVO_OUTPUT_RAW,503209787,SERVO_OUTPUT_RAW,0,0,0,0,0,0,0,0,1000,1000,1000,1000,0,0,0,0,0
2025-12-15 00:42:28.069,SERVO_OUTPUT_RAW,503309831,SERVO_OUTPUT_RAW,0,0,0,0,0,0,0,0,1000,1000,1000,1000,0,0,0,0,0
2025-12-15 00:42:28.169,SERVO_OUTPUT_RAW,503409819,SERVO_OUTPUT_RAW,0,0,0,0,0,0,0,0,1000,1000,1000,1000,0,0,0,0,0
2025-12-15 00:42:28.269,SERVO_OUTPUT_RAW,503509821,SERVO_OUTPUT_RAW,0,0,0,0,0,0,0,0,1000,1000,1000,1000,0,0,0,0,0
2025-12-15 00:42:28.368,SERVO_OUTPUT_RAW,503609779,SERVO_OUTPUT_RAW,0,0,0,0,0,0,0,0,1000,1000,1000,1000,0,0,0,0,0
2025-12-15 00:42:28.468,SERVO_OUTPUT_RAW,503709785,SERVO_OUTPUT_RAW,0,0,0,0,0,0,0,0,1000,1000,1000,1000,0,0,0,0,0
2025-12-15 00:42:28.569,SERVO_OUTPUT_RAW,503809791,SERVO_OUTPUT_RAW,0,0,0,0,0,0,0,0,1000,1000,1000,1000,0,0,0,0,0
2025-12-15 00:42:28.668,SERVO_OUTPUT_RAW,503909789,SERVO_OUTPUT_RAW,0,0,0,0,0,0,0,0,1000,1000,1000,1000,0,0,0,0,0
2025-12-15 00:42:28.768,SERVO_OUTPUT_RAW,504009803,SERVO_OUTPUT_RAW,0,0,0,0,0,0,0,0,1000,1000,1000,1000,0,0,0,0,0
2025-12-15 00:42:28.868,SERVO_OUTPUT_RAW,504109821,SERVO_OUTPUT_RAW,0,0,0,0,0,0,0,0,1000,1000,1000,1000,0,0,0,0,0
2025-12-15 00:42:28.968,SERVO_OUTPUT_RAW,504209841,SERVO_OUTPUT_RAW,0,0,0,0,0,0,0,0,1000,1000,1000,1000,0,0,0,0,0
2025-12-15 00:42:29.068,SERVO_OUTPUT_RAW,504309795,SERVO_OUTPUT_RAW,0,0,0,0,0,0,0,0,1000,1000,1000,1000,0,0,0,0,0
2025-12-15 00:42:29.168,SERVO_OUTPUT_RAW,504409787,SERVO_OUTPUT_RAW,0,0,0,0,0,0,0,0,1000,1000,1000,1000,0,0,0,0,0
2025-12-15 00:42:29.268,SERVO_OUTPUT_RAW,504509813,SERVO_OUTPUT_RAW,0,0,0,0,0,0,0,0,1000,1000,1000,1000,0,0,0,0,0
2025-12-15 00:42:29.368,SERVO_OUTPUT_RAW,504609872,SERVO_OUTPUT_RAW,0,0,0,0,0,0,0,0,1000,1000,1000,1000,0,0,0,0,0
2025-12-15 00:42:29.468,SERVO_OUTPUT_RAW,504709835,SERVO_OUTPUT_RAW,0,0,0,0,0,0,0,0,1000,1000,1000,1000,0,0,0,0,0
2025-12-15 00:42:29.568,SERVO_OUTPUT_RAW,504809779,SERVO_OUTPUT_RAW,0,0,0,0,0,0,0,0,1000,1000,1000,1000,0,0,0,0,0
2025-12-15 00:42:29.668,SERVO_OUTPUT_RAW,504909814,SERVO_OUTPUT_RAW,0,0,0,0,0,0,0,0,1000,1000,1000,1000,0,0,0,0,0
2025-12-15 00:42:29.768,SERVO_OUTPUT_RAW,505009826,SERVO_OUTPUT_RAW,0,0,0,0,0,0,0,0,1000,1000,1000,1000,0,0,0,0,0
2025-12-15 00:42:29.868,SERVO_OUTPUT_RAW,505109785,SERVO_OUTPUT_RAW,0,0,0,0,0,0,0,0,1000,1000,1000,1000,0,0,0,0,0
2025-12-15 00:42:29.968,SERVO_OUTPUT_RAW,505209785,SERVO_OUTPUT_RAW,0,0,0,0,0,0,0,0,1000,1000,1000,1000,0,0,0,0,0
2025-12-15 00:42:30.068,SERVO_OUTPUT_RAW,505309783,SERVO_OUTPUT_RAW,0,0,0,0,0,0,0,0,1000,1000,1000,1000,0,0,0,0,0
2025-12-15 00:42:30.168,SERVO_OUTPUT_RAW,505409784,SERVO_OUTPUT_RAW,0,0,0,0,0,0,0,0,1000,1000,1000,1000,0,0,0,0,0
2025-12-15 00:42:30.268,SERVO_OUTPUT_RAW,505509792,SERVO_OUTPUT_RAW,0,0,0,0,0,0,0,0,1000,1000,1000,1000,0,0,0,0,0
2025-12-15 00:42:30.368,SERVO_OUTPUT_RAW,505609754,SERVO_OUTPUT_RAW,0,0,0,0,0,0,0,0,1000,1000,1000,1000,0,0,0,0,0
2025-12-15 00:42:30.468,SERVO_OUTPUT_RAW,505709835,SERVO_OUTPUT_RAW,0,0,0,0,0,0,0,0,1000,1000,1000,1000,0,0,0,0,0
2025-12-15 00:42:30.568,SERVO_OUTPUT_RAW,505809852,SERVO_OUTPUT_RAW,0,0,0,0,0,0,0,0,1000,1000,1000,1000,0,0,0,0,0
2025-12-15 00:42:30.668,SERVO_OUTPUT_RAW,505909808,SERVO_OUTPUT_RAW,0,0,0,0,0,0,0,0,1000,1000,1000,1000,0,0,0,0,0
2025-12-15 00:42:30.768,SERVO_OUTPUT_RAW,506012111,SERVO_OUTPUT_RAW,0,0,0,0,0,0,0,0,1000,1000,1000,1000,0,0,0,0,0
2025-12-15 00:42:30.868,SERVO_OUTPUT_RAW,506109826,SERVO_OUTPUT_RAW,0,0,0,0,0,0,0,0,1000,1000,1000,1000,0,0,0,0,0
2025-12-15 00:42:30.968,SERVO_OUTPUT_RAW,506209871,SERVO_OUTPUT_RAW,0,0,0,0,0,0,0,0,1000,1000,1000,1000,0,0,0,0,0
2025-12-15 00:42:31.068,SERVO_OUTPUT_RAW,506309785,SERVO_OUTPUT_RAW,0,0,0,0,0,0,0,0,1000,1000,1000,1000,0,0,0,0,0
2025-12-15 00:42:31.168,SERVO_OUTPUT_RAW,506409783,SERVO_OUTPUT_RAW,0,0,0,0,0,0,0,0,1000,1000,1000,1000,0,0,0,0,0
2025-12-15 00:42:31.268,SERVO_OUTPUT_RAW,506509818,SERVO_OUTPUT_RAW,0,0,0,0,0,0,0,0,1000,1000,1000,1000,0,0,0,0,0
2025-12-15 00:42:31.368,SERVO_OUTPUT_RAW,506609777,SERVO_OUTPUT_RAW,0,0,0,0,0,0,0,0,1000,1000,1000,1000,0,0,0,0,0
2025-12-15 00:42:31.468,SERVO_OUTPUT_RAW,506709775,SERVO_OUTPUT_RAW,0,0,0,0,0,0,0,0,1000,1000,1000,1000,0,0,0,0,0
2025-12-15 00:42:31.568,SERVO_OUTPUT_RAW,506809781,SERVO_OUTPUT_RAW,0,0,0,0,0,0,0,0,1000,1000,1000,1000,0,0,0,0,0
2025-12-15 00:42:31.668,SERVO_OUTPUT_RAW,506909799,SERVO_OUTPUT_RAW,0,0,0,0,0,0,0,0,1000,1000,1000,1000,0,0,0,0,0
2025-12-15 00:42:31.768,SERVO_OUTPUT_RAW,507009859,SERVO_OUTPUT_RAW,0,0,0,0,0,0,0,0,1000,1000,1000,1000,0,0,0,0,0
2025-12-15 00:42:31.868,SERVO_OUTPUT_RAW,507109816,SERVO_OUTPUT_RAW,0,0,0,0,0,0,0,0,1000,1000,1000,1000,0,0,0,0,0
2025-12-15 00:42:31.968,SERVO_OUTPUT_RAW,507212154,SERVO_OUTPUT_RAW,0,0,0,0,0,0,0,0,1000,1000,1000,1000,0,0,0,0,0
2025-12-15 00:42:32.068,SERVO_OUTPUT_RAW,507309788,SERVO_OUTPUT_RAW,0,0,0,0,0,0,0,0,1000,1000,1000,1000,0,0,0,0,0
2025-12-15 00:42:32.168,SERVO_OUTPUT_RAW,507409849,SERVO_OUTPUT_RAW,0,0,0,0,0,0,0,0,1000,1000,1000,1000,0,0,0,0,0
2025-12-15 00:42:32.268,SERVO_OUTPUT_RAW,507509818,SERVO_OUTPUT_RAW,0,0,0,0,0,0,0,0,1000,1000,1000,1000,0,0,0,0,0
2025-12-15 00:42:32.372,SERVO_OUTPUT_RAW,507609827,SERVO_OUTPUT_RAW,0,0,0,0,0,0,0,0,1000,1000,1000,1000,0,0,0,0,0
2025-12-15 00:42:32.469,SERVO_OUTPUT_RAW,507709844,SERVO_OUTPUT_RAW,0,0,0,0,0,0,0,0,1000,1000,1000,1000,0,0,0,0,0
2025-12-15 00:42:32.568,SERVO_OUTPUT_RAW,507809851,SERVO_OUTPUT_RAW,0,0,0,0,0,0,0,0,1000,1000,1000,1000,0,0,0,0,0
2025-12-15 00:42:32.668,SERVO_OUTPUT_RAW,507909790,SERVO_OUTPUT_RAW,0,0,0,0,0,0,0,0,1000,1000,1000,1000,0,0,0,0,0
2025-12-15 00:42:32.768,SERVO_OUTPUT_RAW,508009809,SERVO_OUTPUT_RAW,0,0,0,0,0,0,0,0,1000,1000,1000,1000,0,0,0,0,0
2025-12-15 00:42:32.868,SERVO_OUTPUT_RAW,508109807,SERVO_OUTPUT_RAW,0,0,0,0,0,0,0,0,1000,1000,1000,1000,0,0,0,0,0
2025-12-15 00:42:32.968,SERVO_OUTPUT_RAW,508209780,SERVO_OUTPUT_RAW,0,0,0,0,0,0,0,0,1000,1000,1000,1000,0,0,0,0,0
2025-12-15 00:42:33.068,SERVO_OUTPUT_RAW,508309784,SERVO_OUTPUT_RAW,0,0,0,0,0,0,0,0,1000,1000,1000,1000,0,0,0,0,0
2025-12-15 00:42:33.168,SERVO_OUTPUT_RAW,508409779,SERVO_OUTPUT_RAW,0,0,0,0,0,0,0,0,1000,1000,1000,1000,0,0,0,0,0
2025-12-15 00:42:33.268,SERVO_OUTPUT_RAW,508509804,SERVO_OUTPUT_RAW,0,0,0,0,0,0,0,0,1000,1000,1000,1000,0,0,0,0,0
2025-12-15 00:42:33.368,SERVO_OUTPUT_RAW,508609782,SERVO_OUTPUT_RAW,0,0,0,0,0,0,0,0,1000,1000,1000,1000,0,0,0,0,0
2025-12-15 00:42:33.469,SERVO_OUTPUT_RAW,508709787,SERVO_OUTPUT_RAW,0,0,0,0,0,0,0,0,1000,1000,1000,1000,0,0,0,0,0
2025-12-15 00:42:33.569,SERVO_OUTPUT_RAW,508809829,SERVO_OUTPUT_RAW,0,0,0,0,0,0,0,0,1000,1000,1000,1000,0,0,0,0,0
2025-12-15 00:42:33.668,SERVO_OUTPUT_RAW,508909839,SERVO_OUTPUT_RAW,0,0,0,0,0,0,0,0,1000,1000,1000,1000,0,0,0,0,0
2025-12-15 00:42:33.768,SERVO_OUTPUT_RAW,509009854,SERVO_OUTPUT_RAW,0,0,0,0,0,0,0,0,1000,1000,1000,1000,0,0,0,0,0
2025-12-15 00:42:33.868,SERVO_OUTPUT_RAW,509112193,SERVO_OUTPUT_RAW,0,0,0,0,0,0,0,0,1000,1000,1000,1000,0,0,0,0,0
2025-12-15 00:42:33.969,SERVO_OUTPUT_RAW,509209814,SERVO_OUTPUT_RAW,0,0,0,0,0,0,0,0,1000,1000,1000,1000,0,0,0,0,0
2025-12-15 00:42:34.068,SERVO_OUTPUT_RAW,509309847,SERVO_OUTPUT_RAW,0,0,0,0,0,0,0,0,1000,1000,1000,1000,0,0,0,0,0
2025-12-15 00:42:34.169,SERVO_OUTPUT_RAW,509409775,SERVO_OUTPUT_RAW,0,0,0,0,0,0,0,0,1000,1000,1000,1000,0,0,0,0,0
2025-12-15 00:42:34.268,SERVO_OUTPUT_RAW,509509787,SERVO_OUTPUT_RAW,0,0,0,0,0,0,0,0,1000,1000,1000,1000,0,0,0,0,0
2025-12-15 00:42:34.368,SERVO_OUTPUT_RAW,509609825,SERVO_OUTPUT_RAW,0,0,0,0,0,0,0,0,1000,1000,1000,1000,0,0,0,0,0
2025-12-15 00:42:34.469,SERVO_OUTPUT_RAW,509709817,SERVO_OUTPUT_RAW,0,0,0,0,0,0,0,0,1000,1000,1000,1000,0,0,0,0,0
2025-12-15 00:42:34.569,SERVO_OUTPUT_RAW,509809782,SERVO_OUTPUT_RAW,0,0,0,0,0,0,0,0,1000,1000,1000,1000,0,0,0,0,0
2025-12-15 00:42:34.669,SERVO_OUTPUT_RAW,509909785,SERVO_OUTPUT_RAW,0,0,0,0,0,0,0,0,1000,1000,1000,1000,0,0,0,0,0
2025-12-15 00:42:34.769,SERVO_OUTPUT_RAW,510009803,SERVO_OUTPUT_RAW,0,0,0,0,0,0,0,0,1000,1000,1000,1000,0,0,0,0,0
2025-12-15 00:42:34.869,SERVO_OUTPUT_RAW,510109809,SERVO_OUTPUT_RAW,0,0,0,0,0,0,0,0,1000,1000,1000,1000,0,0,0,0,0
2025-12-15 00:42:34.969,SERVO_OUTPUT_RAW,510209799,SERVO_OUTPUT_RAW,0,0,0,0,0,0,0,0,1000,1000,1000,1000,0,0,0,0,0
2025-12-15 00:42:35.069,SERVO_OUTPUT_RAW,510309813,SERVO_OUTPUT_RAW,0,0,0,0,0,0,0,0,1000,1000,1000,1000,0,0,0,0,0
2025-12-15 00:42:35.169,SERVO_OUTPUT_RAW,510409857,SERVO_OUTPUT_RAW,0,0,0,0,0,0,0,0,1000,1000,1000,1000,0,0,0,0,0
2025-12-15 00:42:35.269,SERVO_OUTPUT_RAW,510512133,SERVO_OUTPUT_RAW,0,0,0,0,0,0,0,0,1000,1000,1000,1000,0,0,0,0,0
2025-12-15 00:42:35.369,SERVO_OUTPUT_RAW,510609796,SERVO_OUTPUT_RAW,0,0,0,0,0,0,0,0,1000,1000,1000,1000,0,0,0,0,0
2025-12-15 00:42:35.469,SERVO_OUTPUT_RAW,510709809,SERVO_OUTPUT_RAW,0,0,0,0,0,0,0,0,1000,1000,1000,1000,0,0,0,0,0
2025-12-15 00:42:35.569,SERVO_OUTPUT_RAW,510809822,SERVO_OUTPUT_RAW,0,0,0,0,0,0,0,0,1000,1000,1000,1000,0,0,0,0,0
2025-12-15 00:42:35.669,SERVO_OUTPUT_RAW,510909835,SERVO_OUTPUT_RAW,0,0,0,0,0,0,0,0,1000,1000,1000,1000,0,0,0,0,0
2025-12-15 00:42:35.769,SERVO_OUTPUT_RAW,511009840,SERVO_OUTPUT_RAW,0,0,0,0,0,0,0,0,1000,1000,1000,1000,0,0,0,0,0
2025-12-15 00:42:35.869,SERVO_OUTPUT_RAW,511109801,SERVO_OUTPUT_RAW,0,0,0,0,0,0,0,0,1000,1000,1000,1000,0,0,0,0,0
2025-12-15 00:42:35.969,SERVO_OUTPUT_RAW,511209876,SERVO_OUTPUT_RAW,0,0,0,0,0,0,0,0,1000,1000,1000,1000,0,0,0,0,0
2025-12-15 00:42:36.069,SERVO_OUTPUT_RAW,511309822,SERVO_OUTPUT_RAW,0,0,0,0,0,0,0,0,1000,1000,1000,1000,0,0,0,0,0
2025-12-15 00:42:36.169,SERVO_OUTPUT_RAW,511409803,SERVO_OUTPUT_RAW,0,0,0,0,0,0,0,0,1000,1000,1000,1000,0,0,0,0,0
2025-12-15 00:42:36.269,SERVO_OUTPUT_RAW,511509791,SERVO_OUTPUT_RAW,0,0,0,0,0,0,0,0,1000,1000,1000,1000,0,0,0,0,0
2025-12-15 00:42:36.369,SERVO_OUTPUT_RAW,511609795,SERVO_OUTPUT_RAW,0,0,0,0,0,0,0,0,1000,1000,1000,1000,0,0,0,0,0
2025-12-15 00:42:36.469,SERVO_OUTPUT_RAW,511709792,SERVO_OUTPUT_RAW,0,0,0,0,0,0,0,0,1000,1000,1000,1000,0,0,0,0,0
2025-12-15 00:42:36.569,SERVO_OUTPUT_RAW,511809796,SERVO_OUTPUT_RAW,0,0,0,0,0,0,0,0,1000,1000,1000,1000,0,0,0,0,0
2025-12-15 00:42:36.669,SERVO_OUTPUT_RAW,511909833,SERVO_OUTPUT_RAW,0,0,0,0,0,0,0,0,1000,1000,1000,1000,0,0,0,0,0
2025-12-15 00:42:36.769,SERVO_OUTPUT_RAW,512009863,SERVO_OUTPUT_RAW,0,0,0,0,0,0,0,0,1000,1000,1000,1000,0,0,0,0,0
2025-12-15 00:42:36.869,SERVO_OUTPUT_RAW,512109776,SERVO_OUTPUT_RAW,0,0,0,0,0,0,0,0,1000,1000,1000,1000,0,0,0,0,0
2025-12-15 00:42:36.969,SERVO_OUTPUT_RAW,512209775,SERVO_OUTPUT_RAW,0,0,0,0,0,0,0,0,1000,1000,1000,1000,0,0,0,0,0
2025-12-15 00:42:37.070,SERVO_OUTPUT_RAW,512309825,SERVO_OUTPUT_RAW,0,0,0,0,0,0,0,0,1000,1000,1000,1000,0,0,0,0,0
2025-12-15 00:42:37.169,SERVO_OUTPUT_RAW,512409876,SERVO_OUTPUT_RAW,0,0,0,0,0,0,0,0,1000,1000,1000,1000,0,0,0,0,0
2025-12-15 00:42:37.269,SERVO_OUTPUT_RAW,512509843,SERVO_OUTPUT_RAW,0,0,0,0,0,0,0,0,1000,1000,1000,1000,0,0,0,0,0
2025-12-15 00:42:37.369,SERVO_OUTPUT_RAW,512609793,SERVO_OUTPUT_RAW,0,0,0,0,0,0,0,0,1000,1000,1000,1000,0,0,0,0,0
2025-12-15 00:42:37.471,SERVO_OUTPUT_RAW,512709809,SERVO_OUTPUT_RAW,0,0,0,0,0,0,0,0,1000,1000,1000,1000,0,0,0,0,0
2025-12-15 00:42:37.569,SERVO_OUTPUT_RAW,512809802,SERVO_OUTPUT_RAW,0,0,0,0,0,0,0,0,1000,1000,1000,1000,0,0,0,0,0
2025-12-15 00:42:37.669,SERVO_OUTPUT_RAW,512909781,SERVO_OUTPUT_RAW,0,0,0,0,0,0,0,0,1000,1000,1000,1000,0,0,0,0,0
2025-12-15 00:42:37.769,SERVO_OUTPUT_RAW,513009801,SERVO_OUTPUT_RAW,0,0,0,0,0,0,0,0,1000,1000,1000,1000,0,0,0,0,0
2025-12-15 00:42:37.869,SERVO_OUTPUT_RAW,513109781,SERVO_OUTPUT_RAW,0,0,0,0,0,0,0,0,1000,1000,1000,1000,0,0,0,0,0
2025-12-15 00:42:37.969,SERVO_OUTPUT_RAW,513209792,SERVO_OUTPUT_RAW,0,0,0,0,0,0,0,0,1000,1000,1000,1000,0,0,0,0,0
2025-12-15 00:42:38.068,SERVO_OUTPUT_RAW,513309865,SERVO_OUTPUT_RAW,0,0,0,0,0,0,0,0,1000,1000,1000,1000,0,0,0,0,0
2025-12-15 00:42:38.168,SERVO_OUTPUT_RAW,513409818,SERVO_OUTPUT_RAW,0,0,0,0,0,0,0,0,1000,1000,1000,1000,0,0,0,0,0
2025-12-15 00:42:38.268,SERVO_OUTPUT_RAW,513509827,SERVO_OUTPUT_RAW,0,0,0,0,0,0,0,0,1000,1000,1000,1000,0,0,0,0,0
2025-12-15 00:42:38.368,SERVO_OUTPUT_RAW,513609844,SERVO_OUTPUT_RAW,0,0,0,0,0,0,0,0,1000,1000,1000,1000,0,0,0,0,0
2025-12-15 00:42:38.468,SERVO_OUTPUT_RAW,513709814,SERVO_OUTPUT_RAW,0,0,0,0,0,0,0,0,1000,1000,1000,1000,0,0,0,0,0
2025-12-15 00:42:38.568,SERVO_OUTPUT_RAW,513809817,SERVO_OUTPUT_RAW,0,0,0,0,0,0,0,0,1000,1000,1000,1000,0,0,0,0,0
2025-12-15 00:42:38.668,SERVO_OUTPUT_RAW,513909837,SERVO_OUTPUT_RAW,0,0,0,0,0,0,0,0,1000,1000,1000,1000,0,0,0,0,0
2025-12-15 00:42:38.769,SERVO_OUTPUT_RAW,514009841,SERVO_OUTPUT_RAW,0,0,0,0,0,0,0,0,1000,1000,1000,1000,0,0,0,0,0
2025-12-15 00:42:38.870,SERVO_OUTPUT_RAW,514109819,SERVO_OUTPUT_RAW,0,0,0,0,0,0,0,0,1000,1000,1000,1000,0,0,0,0,0
2025-12-15 00:42:38.968,SERVO_OUTPUT_RAW,514209799,SERVO_OUTPUT_RAW,0,0,0,0,0,0,0,0,1000,1000,1000,1000,0,0,0,0,0
2025-12-15 00:42:39.068,SERVO_OUTPUT_RAW,514309821,SERVO_OUTPUT_RAW,0,0,0,0,0,0,0,0,1000,1000,1000,1000,0,0,0,0,0
2025-12-15 00:42:39.168,SERVO_OUTPUT_RAW,514409821,SERVO_OUTPUT_RAW,0,0,0,0,0,0,0,0,1000,1000,1000,1000,0,0,0,0,0
2025-12-15 00:42:39.268,SERVO_OUTPUT_RAW,514509775,SERVO_OUTPUT_RAW,0,0,0,0,0,0,0,0,1000,1000,1000,1000,0,0,0,0,0
2025-12-15 00:42:39.368,SERVO_OUTPUT_RAW,514609789,SERVO_OUTPUT_RAW,0,0,0,0,0,0,0,0,1000,1000,1000,1000,0,0,0,0,0
2025-12-15 00:42:39.468,SERVO_OUTPUT_RAW,514709792,SERVO_OUTPUT_RAW,0,0,0,0,0,0,0,0,1000,1000,1000,1000,0,0,0,0,0
2025-12-15 00:42:39.568,SERVO_OUTPUT_RAW,514809785,SERVO_OUTPUT_RAW,0,0,0,0,0,0,0,0,1000,1000,1000,1000,0,0,0,0,0
2025-12-15 00:42:39.668,SERVO_OUTPUT_RAW,514909823,SERVO_OUTPUT_RAW,0,0,0,0,0,0,0,0,1000,1000,1000,1000,0,0,0,0,0
2025-12-15 00:42:39.768,SERVO_OUTPUT_RAW,515009828,SERVO_OUTPUT_RAW,0,0,0,0,0,0,0,0,1000,1000,1000,1000,0,0,0,0,0
2025-12-15 00:42:39.870,SERVO_OUTPUT_RAW,515109830,SERVO_OUTPUT_RAW,0,0,0,0,0,0,0,0,1000,1000,1000,1000,0,0,0,0,0
2025-12-15 00:42:39.968,SERVO_OUTPUT_RAW,515209777,SERVO_OUTPUT_RAW,0,0,0,0,0,0,0,0,1000,1000,1000,1000,0,0,0,0,0
2025-12-15 00:42:40.068,SERVO_OUTPUT_RAW,515309790,SERVO_OUTPUT_RAW,0,0,0,0,0,0,0,0,1000,1000,1000,1000,0,0,0,0,0
2025-12-15 00:42:40.168,SERVO_OUTPUT_RAW,515412120,SERVO_OUTPUT_RAW,0,0,0,0,0,0,0,0,1000,1000,1000,1000,0,0,0,0,0
2025-12-15 00:42:40.268,SERVO_OUTPUT_RAW,515509847,SERVO_OUTPUT_RAW,0,0,0,0,0,0,0,0,1000,1000,1000,1000,0,0,0,0,0
2025-12-15 00:42:40.368,SERVO_OUTPUT_RAW,515609839,SERVO_OUTPUT_RAW,0,0,0,0,0,0,0,0,1000,1000,1000,1000,0,0,0,0,0
2025-12-15 00:42:40.468,SERVO_OUTPUT_RAW,515709795,SERVO_OUTPUT_RAW,0,0,0,0,0,0,0,0,1000,1000,1000,1000,0,0,0,0,0
2025-12-15 00:42:40.568,SERVO_OUTPUT_RAW,515809809,SERVO_OUTPUT_RAW,0,0,0,0,0,0,0,0,1000,1000,1000,1000,0,0,0,0,0
2025-12-15 00:42:40.668,SERVO_OUTPUT_RAW,515909935,SERVO_OUTPUT_RAW,0,0,0,0,0,0,0,0,1000,1000,1000,1000,0,0,0,0,0
2025-12-15 00:42:40.768,SERVO_OUTPUT_RAW,516009823,SERVO_OUTPUT_RAW,0,0,0,0,0,0,0,0,1000,1000,1000,1000,0,0,0,0,0
2025-12-15 00:42:40.868,SERVO_OUTPUT_RAW,516109783,SERVO_OUTPUT_RAW,0,0,0,0,0,0,0,0,1000,1000,1000,1000,0,0,0,0,0
2025-12-15 00:42:40.968,SERVO_OUTPUT_RAW,516209787,SERVO_OUTPUT_RAW,0,0,0,0,0,0,0,0,1000,1000,1000,1000,0,0,0,0,0
2025-12-15 00:42:41.068,SERVO_OUTPUT_RAW,516309800,SERVO_OUTPUT_RAW,0,0,0,0,0,0,0,0,1000,1000,1000,1000,0,0,0,0,0
2025-12-15 00:42:41.169,SERVO_OUTPUT_RAW,516409788,SERVO_OUTPUT_RAW,0,0,0,0,0,0,0,0,1000,1000,1000,1000,0,0,0,0,0
2025-12-15 00:42:41.268,SERVO_OUTPUT_RAW,516509774,SERVO_OUTPUT_RAW,0,0,0,0,0,0,0,0,1000,1000,1000,1000,0,0,0,0,0
2025-12-15 00:42:41.368,SERVO_OUTPUT_RAW,516609818,SERVO_OUTPUT_RAW,0,0,0,0,0,0,0,0,1000,1000,1000,1000,0,0,0,0,0
2025-12-15 00:42:41.468,SERVO_OUTPUT_RAW,516709828,SERVO_OUTPUT_RAW,0,0,0,0,0,0,0,0,1000,1000,1000,1000,0,0,0,0,0
2025-12-15 00:42:41.569,SERVO_OUTPUT_RAW,516812138,SERVO_OUTPUT_RAW,0,0,0,0,0,0,0,0,1000,1000,1000,1000,0,0,0,0,0
2025-12-15 00:42:41.669,SERVO_OUTPUT_RAW,516909799,SERVO_OUTPUT_RAW,0,0,0,0,0,0,0,0,1000,1000,1000,1000,0,0,0,0,0
2025-12-15 00:42:41.768,SERVO_OUTPUT_RAW,517009817,SERVO_OUTPUT_RAW,0,0,0,0,0,0,0,0,1000,1000,1000,1000,0,0,0,0,0
2025-12-15 00:42:41.869,SERVO_OUTPUT_RAW,517109855,SERVO_OUTPUT_RAW,0,0,0,0,0,0,0,0,1000,1000,1000,1000,0,0,0,0,0
2025-12-15 00:42:41.969,SERVO_OUTPUT_RAW,517209840,SERVO_OUTPUT_RAW,0,0,0,0,0,0,0,0,1000,1000,1000,1000,0,0,0,0,0
2025-12-15 00:42:42.068,SERVO_OUTPUT_RAW,517309782,SERVO_OUTPUT_RAW,0,0,0,0,0,0,0,0,1000,1000,1000,1000,0,0,0,0,0
2025-12-15 00:42:42.169,SERVO_OUTPUT_RAW,517409826,SERVO_OUTPUT_RAW,0,0,0,0,0,0,0,0,1000,1000,1000,1000,0,0,0,0,0
2025-12-15 00:42:42.269,SERVO_OUTPUT_RAW,517509877,SERVO_OUTPUT_RAW,0,0,0,0,0,0,0,0,1000,1000,1000,1000,0,0,0,0,0
2025-12-15 00:42:42.371,SERVO_OUTPUT_RAW,517609784,SERVO_OUTPUT_RAW,0,0,0,0,0,0,0,0,1000,1000,1000,1000,0,0,0,0,0
2025-12-15 00:42:42.470,SERVO_OUTPUT_RAW,517709815,SERVO_OUTPUT_RAW,0,0,0,0,0,0,0,0,1000,1000,1000,1000,0,0,0,0,0
2025-12-15 00:42:42.567,SERVO_OUTPUT_RAW,517809800,SERVO_OUTPUT_RAW,0,0,0,0,0,0,0,0,1000,1000,1000,1000,0,0,0,0,0
2025-12-15 00:42:42.667,SERVO_OUTPUT_RAW,517909799,SERVO_OUTPUT_RAW,0,0,0,0,0,0,0,0,1000,1000,1000,1000,0,0,0,0,0
2025-12-15 00:42:42.766,SERVO_OUTPUT_RAW,518009790,SERVO_OUTPUT_RAW,0,0,0,0,0,0,0,0,1000,1000,1000,1000,0,0,0,0,0
2025-12-15 00:42:42.867,SERVO_OUTPUT_RAW,518109815,SERVO_OUTPUT_RAW,0,0,0,0,0,0,0,0,1000,1000,1000,1000,0,0,0,0,0
2025-12-15 00:42:42.968,SERVO_OUTPUT_RAW,518212153,SERVO_OUTPUT_RAW,0,0,0,0,0,0,0,0,1000,1000,1000,1000,0,0,0,0,0
2025-12-15 00:42:43.067,SERVO_OUTPUT_RAW,518309849,SERVO_OUTPUT_RAW,0,0,0,0,0,0,0,0,1000,1000,1000,1000,0,0,0,0,0
2025-12-15 00:42:43.167,SERVO_OUTPUT_RAW,518409824,SERVO_OUTPUT_RAW,0,0,0,0,0,0,0,0,1000,1000,1000,1000,0,0,0,0,0
2025-12-15 00:42:43.267,SERVO_OUTPUT_RAW,518509810,SERVO_OUTPUT_RAW,0,0,0,0,0,0,0,0,1000,1000,1000,1000,0,0,0,0,0
2025-12-15 00:42:43.367,SERVO_OUTPUT_RAW,518609835,SERVO_OUTPUT_RAW,0,0,0,0,0,0,0,0,1000,1000,1000,1000,0,0,0,0,0
2025-12-15 00:42:43.467,SERVO_OUTPUT_RAW,518709846,SERVO_OUTPUT_RAW,0,0,0,0,0,0,0,0,1000,1000,1000,1000,0,0,0,0,0
2025-12-15 00:42:43.567,SERVO_OUTPUT_RAW,518809862,SERVO_OUTPUT_RAW,0,0,0,0,0,0,0,0,1000,1000,1000,1000,0,0,0,0,0
2025-12-15 00:42:43.667,SERVO_OUTPUT_RAW,518909807,SERVO_OUTPUT_RAW,0,0,0,0,0,0,0,0,1000,1000,1000,1000,0,0,0,0,0
2025-12-15 00:42:43.767,SERVO_OUTPUT_RAW,519009810,SERVO_OUTPUT_RAW,0,0,0,0,0,0,0,0,1000,1000,1000,1000,0,0,0,0,0
2025-12-15 00:42:43.867,SERVO_OUTPUT_RAW,519109818,SERVO_OUTPUT_RAW,0,0,0,0,0,0,0,0,1000,1000,1000,1000,0,0,0,0,0
2025-12-15 00:42:43.967,SERVO_OUTPUT_RAW,519209779,SERVO_OUTPUT_RAW,0,0,0,0,0,0,0,0,1000,1000,1000,1000,0,0,0,0,0
2025-12-15 00:42:44.067,SERVO_OUTPUT_RAW,519309780,SERVO_OUTPUT_RAW,0,0,0,0,0,0,0,0,1000,1000,1000,1000,0,0,0,0,0
2025-12-15 00:42:44.167,SERVO_OUTPUT_RAW,519409796,SERVO_OUTPUT_RAW,0,0,0,0,0,0,0,0,1000,1000,1000,1000,0,0,0,0,0
2025-12-15 00:42:44.267,SERVO_OUTPUT_RAW,519509807,SERVO_OUTPUT_RAW,0,0,0,0,0,0,0,0,1000,1000,1000,1000,0,0,0,0,0
2025-12-15 00:42:44.367,SERVO_OUTPUT_RAW,519612207,SERVO_OUTPUT_RAW,0,0,0,0,0,0,0,0,1000,1000,1000,1000,0,0,0,0,0
2025-12-15 00:42:44.467,SERVO_OUTPUT_RAW,519709811,SERVO_OUTPUT_RAW,0,0,0,0,0,0,0,0,1000,1000,1000,1000,0,0,0,0,0
2025-12-15 00:42:44.567,SERVO_OUTPUT_RAW,519809870,SERVO_OUTPUT_RAW,0,0,0,0,0,0,0,0,1000,1000,1000,1000,0,0,0,0,0
2025-12-15 00:42:44.667,SERVO_OUTPUT_RAW,519909865,SERVO_OUTPUT_RAW,0,0,0,0,0,0,0,0,1000,1000,1000,1000,0,0,0,0,0
2025-12-15 00:42:44.767,SERVO_OUTPUT_RAW,520009782,SERVO_OUTPUT_RAW,0,0,0,0,0,0,0,0,1000,1000,1000,1000,0,0,0,0,0
2025-12-15 00:42:44.867,SERVO_OUTPUT_RAW,520109824,SERVO_OUTPUT_RAW,0,0,0,0,0,0,0,0,1000,1000,1000,1000,0,0,0,0,0
2025-12-15 00:42:44.967,SERVO_OUTPUT_RAW,520209849,SERVO_OUTPUT_RAW,0,0,0,0,0,0,0,0,1000,1000,1000,1000,0,0,0,0,0
2025-12-15 00:42:45.067,SERVO_OUTPUT_RAW,520309836,SERVO_OUTPUT_RAW,0,0,0,0,0,0,0,0,1000,1000,1000,1000,0,0,0,0,0
2025-12-15 00:42:45.167,SERVO_OUTPUT_RAW,520409808,SERVO_OUTPUT_RAW,0,0,0,0,0,0,0,0,1000,1000,1000,1000,0,0,0,0,0
2025-12-15 00:42:45.267,SERVO_OUTPUT_RAW,520509817,SERVO_OUTPUT_RAW,0,0,0,0,0,0,0,0,1000,1000,1000,1000,0,0,0,0,0
2025-12-15 00:42:45.367,SERVO_OUTPUT_RAW,520609809,SERVO_OUTPUT_RAW,0,0,0,0,0,0,0,0,1000,1000,1000,1000,0,0,0,0,0
2025-12-15 00:42:45.467,SERVO_OUTPUT_RAW,520709810,SERVO_OUTPUT_RAW,0,0,0,0,0,0,0,0,1000,1000,1000,1000,0,0,0,0,0
2025-12-15 00:42:45.567,SERVO_OUTPUT_RAW,520809782,SERVO_OUTPUT_RAW,0,0,0,0,0,0,0,0,1000,1000,1000,1000,0,0,0,0,0
2025-12-15 00:42:45.667,SERVO_OUTPUT_RAW,520909788,SERVO_OUTPUT_RAW,0,0,0,0,0,0,0,0,1000,1000,1000,1000,0,0,0,0,0
2025-12-15 00:42:45.767,SERVO_OUTPUT_RAW,521009780,SERVO_OUTPUT_RAW,0,0,0,0,0,0,0,0,1000,1000,1000,1000,0,0,0,0,0
2025-12-15 00:42:45.867,SERVO_OUTPUT_RAW,521109795,SERVO_OUTPUT_RAW,0,0,0,0,0,0,0,0,1000,1000,1000,1000,0,0,0,0,0
2025-12-15 00:42:45.967,SERVO_OUTPUT_RAW,521209787,SERVO_OUTPUT_RAW,0,0,0,0,0,0,0,0,1000,1000,1000,1000,0,0,0,0,0
2025-12-15 00:42:46.067,SERVO_OUTPUT_RAW,521309853,SERVO_OUTPUT_RAW,0,0,0,0,0,0,0,0,1000,1000,1000,1000,0,0,0,0,0
2025-12-15 00:42:46.167,SERVO_OUTPUT_RAW,521409847,SERVO_OUTPUT_RAW,0,0,0,0,0,0,0,0,1000,1000,1000,1000,0,0,0,0,0
2025-12-15 00:42:46.267,SERVO_OUTPUT_RAW,521509814,SERVO_OUTPUT_RAW,0,0,0,0,0,0,0,0,1000,1000,1000,1000,0,0,0,0,0
2025-12-15 00:42:46.367,SERVO_OUTPUT_RAW,521609803,SERVO_OUTPUT_RAW,0,0,0,0,0,0,0,0,1000,1000,1000,1000,0,0,0,0,0
2025-12-15 00:42:46.468,SERVO_OUTPUT_RAW,521712129,SERVO_OUTPUT_RAW,0,0,0,0,0,0,0,0,1000,1000,1000,1000,0,0,0,0,0
2025-12-15 00:42:46.567,SERVO_OUTPUT_RAW,521809845,SERVO_OUTPUT_RAW,0,0,0,0,0,0,0,0,1000,1000,1000,1000,0,0,0,0,0
2025-12-15 00:42:46.667,SERVO_OUTPUT_RAW,521909810,SERVO_OUTPUT_RAW,0,0,0,0,0,0,0,0,1000,1000,1000,1000,0,0,0,0,0
2025-12-15 00:42:46.767,SERVO_OUTPUT_RAW,522009792,SERVO_OUTPUT_RAW,0,0,0,0,0,0,0,0,1000,1000,1000,1000,0,0,0,0,0
2025-12-15 00:42:46.867,SERVO_OUTPUT_RAW,522109804,SERVO_OUTPUT_RAW,0,0,0,0,0,0,0,0,1000,1000,1000,1000,0,0,0,0,0
2025-12-15 00:42:46.967,SERVO_OUTPUT_RAW,522209823,SERVO_OUTPUT_RAW,0,0,0,0,0,0,0,0,1000,1000,1000,1000,0,0,0,0,0
2025-12-15 00:42:47.067,SERVO_OUTPUT_RAW,522309781,SERVO_OUTPUT_RAW,0,0,0,0,0,0,0,0,1000,1000,1000,1000,0,0,0,0,0
2025-12-15 00:42:47.167,SERVO_OUTPUT_RAW,522409777,SERVO_OUTPUT_RAW,0,0,0,0,0,0,0,0,1000,1000,1000,1000,0,0,0,0,0
2025-12-15 00:42:47.267,SERVO_OUTPUT_RAW,522509784,SERVO_OUTPUT_RAW,0,0,0,0,0,0,0,0,1000,1000,1000,1000,0,0,0,0,0
2025-12-15 00:42:47.367,SERVO_OUTPUT_RAW,522609791,SERVO_OUTPUT_RAW,0,0,0,0,0,0,0,0,1000,1000,1000,1000,0,0,0,0,0
2025-12-15 00:42:47.466,SERVO_OUTPUT_RAW,522709800,SERVO_OUTPUT_RAW,0,0,0,0,0,0,0,0,1000,1000,1000,1000,0,0,0,0,0
2025-12-15 00:42:47.569,SERVO_OUTPUT_RAW,522809802,SERVO_OUTPUT_RAW,0,0,0,0,0,0,0,0,1000,1000,1000,1000,0,0,0,0,0
2025-12-15 00:42:47.670,SERVO_OUTPUT_RAW,522909798,SERVO_OUTPUT_RAW,0,0,0,0,0,0,0,0,1000,1000,1000,1000,0,0,0,0,0
2025-12-15 00:42:47.769,SERVO_OUTPUT_RAW,523009843,SERVO_OUTPUT_RAW,0,0,0,0,0,0,0,0,1000,1000,1000,1000,0,0,0,0,0
2025-12-15 00:42:47.870,SERVO_OUTPUT_RAW,523109819,SERVO_OUTPUT_RAW,0,0,0,0,0,0,0,0,1000,1000,1000,1000,0,0,0,0,0
2025-12-15 00:42:47.970,SERVO_OUTPUT_RAW,523209809,SERVO_OUTPUT_RAW,0,0,0,0,0,0,0,0,1000,1000,1000,1000,0,0,0,0,0
2025-12-15 00:42:48.070,SERVO_OUTPUT_RAW,523309841,SERVO_OUTPUT_RAW,0,0,0,0,0,0,0,0,1000,1000,1000,1000,0,0,0,0,0
2025-12-15 00:42:48.169,SERVO_OUTPUT_RAW,523409834,SERVO_OUTPUT_RAW,0,0,0,0,0,0,0,0,1000,1000,1000,1000,0,0,0,0,0
2025-12-15 00:42:48.269,SERVO_OUTPUT_RAW,523509782,SERVO_OUTPUT_RAW,0,0,0,0,0,0,0,0,1000,1000,1000,1000,0,0,0,0,0
2025-12-15 00:42:48.368,SERVO_OUTPUT_RAW,523609808,SERVO_OUTPUT_RAW,0,0,0,0,0,0,0,0,1000,1000,1000,1000,0,0,0,0,0
2025-12-15 00:42:48.468,SERVO_OUTPUT_RAW,523709818,SERVO_OUTPUT_RAW,0,0,0,0,0,0,0,0,1000,1000,1000,1000,0,0,0,0,0
2025-12-15 00:42:48.569,SERVO_OUTPUT_RAW,523809881,SERVO_OUTPUT_RAW,0,0,0,0,0,0,0,0,1000,1000,1000,1000,0,0,0,0,0
2025-12-15 00:42:48.669,SERVO_OUTPUT_RAW,523909783,SERVO_OUTPUT_RAW,0,0,0,0,0,0,0,0,1000,1000,1000,1000,0,0,0,0,0
2025-12-15 00:42:48.768,SERVO_OUTPUT_RAW,524009826,SERVO_OUTPUT_RAW,0,0,0,0,0,0,0,0,1000,1000,1000,1000,0,0,0,0,0
2025-12-15 00:42:48.868,SERVO_OUTPUT_RAW,524109785,SERVO_OUTPUT_RAW,0,0,0,0,0,0,0,0,1000,1000,1000,1000,0,0,0,0,0
2025-12-15 00:42:48.969,SERVO_OUTPUT_RAW,524209782,SERVO_OUTPUT_RAW,0,0,0,0,0,0,0,0,1000,1000,1000,1000,0,0,0,0,0
2025-12-15 00:42:49.068,SERVO_OUTPUT_RAW,524309807,SERVO_OUTPUT_RAW,0,0,0,0,0,0,0,0,1000,1000,1000,1000,0,0,0,0,0
2025-12-15 00:42:49.168,SERVO_OUTPUT_RAW,524409811,SERVO_OUTPUT_RAW,0,0,0,0,0,0,0,0,1000,1000,1000,1000,0,0,0,0,0
2025-12-15 00:42:49.269,SERVO_OUTPUT_RAW,524509830,SERVO_OUTPUT_RAW,0,0,0,0,0,0,0,0,1000,1000,1000,1000,0,0,0,0,0
2025-12-15 00:42:49.368,SERVO_OUTPUT_RAW,524609873,SERVO_OUTPUT_RAW,0,0,0,0,0,0,0,0,1000,1000,1000,1000,0,0,0,0,0
2025-12-15 00:42:49.468,SERVO_OUTPUT_RAW,524709789,SERVO_OUTPUT_RAW,0,0,0,0,0,0,0,0,1000,1000,1000,1000,0,0,0,0,0
2025-12-15 00:42:49.569,SERVO_OUTPUT_RAW,524809820,SERVO_OUTPUT_RAW,0,0,0,0,0,0,0,0,1000,1000,1000,1000,0,0,0,0,0
2025-12-15 00:42:49.668,SERVO_OUTPUT_RAW,524909859,SERVO_OUTPUT_RAW,0,0,0,0,0,0,0,0,1000,1000,1000,1000,0,0,0,0,0
2025-12-15 00:42:49.769,SERVO_OUTPUT_RAW,525009780,SERVO_OUTPUT_RAW,0,0,0,0,0,0,0,0,1000,1000,1000,1000,0,0,0,0,0
2025-12-15 00:42:49.870,SERVO_OUTPUT_RAW,525109784,SERVO_OUTPUT_RAW,0,0,0,0,0,0,0,0,1000,1000,1000,1000,0,0,0,0,0
2025-12-15 00:42:49.969,SERVO_OUTPUT_RAW,525209812,SERVO_OUTPUT_RAW,0,0,0,0,0,0,0,0,1000,1000,1000,1000,0,0,0,0,0
2025-12-15 00:42:50.069,SERVO_OUTPUT_RAW,525309821,SERVO_OUTPUT_RAW,0,0,0,0,0,0,0,0,1000,1000,1000,1000,0,0,0,0,0
2025-12-15 00:42:50.169,SERVO_OUTPUT_RAW,525409783,SERVO_OUTPUT_RAW,0,0,0,0,0,0,0,0,1000,1000,1000,1000,0,0,0,0,0
2025-12-15 00:42:50.269,SERVO_OUTPUT_RAW,525509785,SERVO_OUTPUT_RAW,0,0,0,0,0,0,0,0,1000,1000,1000,1000,0,0,0,0,0
2025-12-15 00:42:50.369,SERVO_OUTPUT_RAW,525609802,SERVO_OUTPUT_RAW,0,0,0,0,0,0,0,0,1000,1000,1000,1000,0,0,0,0,0
2025-12-15 00:42:50.469,SERVO_OUTPUT_RAW,525709792,SERVO_OUTPUT_RAW,0,0,0,0,0,0,0,0,1000,1000,1000,1000,0,0,0,0,0
2025-12-15 00:42:50.569,SERVO_OUTPUT_RAW,525809804,SERVO_OUTPUT_RAW,0,0,0,0,0,0,0,0,1000,1000,1000,1000,0,0,0,0,0
2025-12-15 00:42:50.669,SERVO_OUTPUT_RAW,525909887,SERVO_OUTPUT_RAW,0,0,0,0,0,0,0,0,1000,1000,1000,1000,0,0,0,0,0
2025-12-15 00:42:50.769,SERVO_OUTPUT_RAW,526009833,SERVO_OUTPUT_RAW,0,0,0,0,0,0,0,0,1000,1000,1000,1000,0,0,0,0,0
2025-12-15 00:42:50.869,SERVO_OUTPUT_RAW,526109838,SERVO_OUTPUT_RAW,0,0,0,0,0,0,0,0,1000,1000,1000,1000,0,0,0,0,0
2025-12-15 00:42:50.969,SERVO_OUTPUT_RAW,526209810,SERVO_OUTPUT_RAW,0,0,0,0,0,0,0,0,1000,1000,1000,1000,0,0,0,0,0
2025-12-15 00:42:51.069,SERVO_OUTPUT_RAW,526309839,SERVO_OUTPUT_RAW,0,0,0,0,0,0,0,0,1000,1000,1000,1000,0,0,0,0,0
2025-12-15 00:42:51.169,SERVO_OUTPUT_RAW,526409820,SERVO_OUTPUT_RAW,0,0,0,0,0,0,0,0,1000,1000,1000,1000,0,0,0,0,0
2025-12-15 00:42:51.269,SERVO_OUTPUT_RAW,526509850,SERVO_OUTPUT_RAW,0,0,0,0,0,0,0,0,1000,1000,1000,1000,0,0,0,0,0
2025-12-15 00:42:51.369,SERVO_OUTPUT_RAW,526609789,SERVO_OUTPUT_RAW,0,0,0,0,0,0,0,0,1000,1000,1000,1000,0,0,0,0,0
2025-12-15 00:42:51.469,SERVO_OUTPUT_RAW,526709810,SERVO_OUTPUT_RAW,0,0,0,0,0,0,0,0,1000,1000,1000,1000,0,0,0,0,0
2025-12-15 00:42:51.569,SERVO_OUTPUT_RAW,526809832,SERVO_OUTPUT_RAW,0,0,0,0,0,0,0,0,1000,1000,1000,1000,0,0,0,0,0
2025-12-15 00:42:51.669,SERVO_OUTPUT_RAW,526909849,SERVO_OUTPUT_RAW,0,0,0,0,0,0,0,0,1000,1000,1000,1000,0,0,0,0,0
2025-12-15 00:42:51.769,SERVO_OUTPUT_RAW,527009787,SERVO_OUTPUT_RAW,0,0,0,0,0,0,0,0,1000,1000,1000,1000,0,0,0,0,0
2025-12-15 00:42:51.869,SERVO_OUTPUT_RAW,527109794,SERVO_OUTPUT_RAW,0,0,0,0,0,0,0,0,1000,1000,1000,1000,0,0,0,0,0
2025-12-15 00:42:51.969,SERVO_OUTPUT_RAW,527209790,SERVO_OUTPUT_RAW,0,0,0,0,0,0,0,0,1000,1000,1000,1000,0,0,0,0,0
2025-12-15 00:42:52.069,SERVO_OUTPUT_RAW,527309800,SERVO_OUTPUT_RAW,0,0,0,0,0,0,0,0,1000,1000,1000,1000,0,0,0,0,0
2025-12-15 00:42:52.169,SERVO_OUTPUT_RAW,527409790,SERVO_OUTPUT_RAW,0,0,0,0,0,0,0,0,1000,1000,1000,1000,0,0,0,0,0
2025-12-15 00:42:52.269,SERVO_OUTPUT_RAW,527509835,SERVO_OUTPUT_RAW,0,0,0,0,0,0,0,0,1000,1000,1000,1000,0,0,0,0,0
2025-12-15 00:42:52.369,SERVO_OUTPUT_RAW,527609870,SERVO_OUTPUT_RAW,0,0,0,0,0,0,0,0,1000,1000,1000,1000,0,0,0,0,0
2025-12-15 00:42:52.471,SERVO_OUTPUT_RAW,527709793,SERVO_OUTPUT_RAW,0,0,0,0,0,0,0,0,1000,1000,1000,1000,0,0,0,0,0
2025-12-15 00:42:52.569,SERVO_OUTPUT_RAW,527809816,SERVO_OUTPUT_RAW,0,0,0,0,0,0,0,0,1000,1000,1000,1000,0,0,0,0,0
2025-12-15 00:42:52.669,SERVO_OUTPUT_RAW,527909833,SERVO_OUTPUT_RAW,0,0,0,0,0,0,0,0,1000,1000,1000,1000,0,0,0,0,0
2025-12-15 00:42:52.769,SERVO_OUTPUT_RAW,528012066,SERVO_OUTPUT_RAW,0,0,0,0,0,0,0,0,1000,1000,1000,1000,0,0,0,0,0
2025-12-15 00:42:52.869,SERVO_OUTPUT_RAW,528109836,SERVO_OUTPUT_RAW,0,0,0,0,0,0,0,0,1000,1000,1000,1000,0,0,0,0,0
2025-12-15 00:42:52.969,SERVO_OUTPUT_RAW,528209780,SERVO_OUTPUT_RAW,0,0,0,0,0,0,0,0,1000,1000,1000,1000,0,0,0,0,0
2025-12-15 00:42:53.069,SERVO_OUTPUT_RAW,528309808,SERVO_OUTPUT_RAW,0,0,0,0,0,0,0,0,1000,1000,1000,1000,0,0,0,0,0
2025-12-15 00:42:53.169,SERVO_OUTPUT_RAW,528409825,SERVO_OUTPUT_RAW,0,0,0,0,0,0,0,0,1000,1000,1000,1000,0,0,0,0,0
2025-12-15 00:42:53.269,SERVO_OUTPUT_RAW,528509870,SERVO_OUTPUT_RAW,0,0,0,0,0,0,0,0,1000,1000,1000,1000,0,0,0,0,0
2025-12-15 00:42:53.369,SERVO_OUTPUT_RAW,528609787,SERVO_OUTPUT_RAW,0,0,0,0,0,0,0,0,1000,1000,1000,1000,0,0,0,0,0
2025-12-15 00:42:53.469,SERVO_OUTPUT_RAW,528709793,SERVO_OUTPUT_RAW,0,0,0,0,0,0,0,0,1000,1000,1000,1000,0,0,0,0,0
2025-12-15 00:42:53.569,SERVO_OUTPUT_RAW,528809797,SERVO_OUTPUT_RAW,0,0,0,0,0,0,0,0,1000,1000,1000,1000,0,0,0,0,0
2025-12-15 00:42:53.669,SERVO_OUTPUT_RAW,528909784,SERVO_OUTPUT_RAW,0,0,0,0,0,0,0,0,1000,1000,1000,1000,0,0,0,0,0
2025-12-15 00:42:53.769,SERVO_OUTPUT_RAW,529009791,SERVO_OUTPUT_RAW,0,0,0,0,0,0,0,0,1000,1000,1000,1000,0,0,0,0,0
2025-12-15 00:42:53.869,SERVO_OUTPUT_RAW,529109823,SERVO_OUTPUT_RAW,0,0,0,0,0,0,0,0,1000,1000,1000,1000,0,0,0,0,0
2025-12-15 00:42:53.969,SERVO_OUTPUT_RAW,529209807,SERVO_OUTPUT_RAW,0,0,0,0,0,0,0,0,1000,1000,1000,1000,0,0,0,0,0
2025-12-15 00:42:54.069,SERVO_OUTPUT_RAW,529309816,SERVO_OUTPUT_RAW,0,0,0,0,0,0,0,0,1000,1000,1000,1000,0,0,0,0,0
2025-12-15 00:42:54.169,SERVO_OUTPUT_RAW,529409833,SERVO_OUTPUT_RAW,0,0,0,0,0,0,0,0,1000,1000,1000,1000,0,0,0,0,0
2025-12-15 00:42:54.269,SERVO_OUTPUT_RAW,529509812,SERVO_OUTPUT_RAW,0,0,0,0,0,0,0,0,1000,1000,1000,1000,0,0,0,0,0
2025-12-15 00:42:54.369,SERVO_OUTPUT_RAW,529609840,SERVO_OUTPUT_RAW,0,0,0,0,0,0,0,0,1000,1000,1000,1000,0,0,0,0,0
2025-12-15 00:42:54.469,SERVO_OUTPUT_RAW,529709781,SERVO_OUTPUT_RAW,0,0,0,0,0,0,0,0,1000,1000,1000,1000,0,0,0,0,0
2025-12-15 00:42:54.570,SERVO_OUTPUT_RAW,529809819,SERVO_OUTPUT_RAW,0,0,0,0,0,0,0,0,1000,1000,1000,1000,0,0,0,0,0
2025-12-15 00:42:54.669,SERVO_OUTPUT_RAW,529909810,SERVO_OUTPUT_RAW,0,0,0,0,0,0,0,0,1000,1000,1000,1000,0,0,0,0,0
2025-12-15 00:42:54.769,SERVO_OUTPUT_RAW,530009820,SERVO_OUTPUT_RAW,0,0,0,0,0,0,0,0,1000,1000,1000,1000,0,0,0,0,0
2025-12-15 00:42:54.871,SERVO_OUTPUT_RAW,530109882,SERVO_OUTPUT_RAW,0,0,0,0,0,0,0,0,1000,1000,1000,1000,0,0,0,0,0
2025-12-15 00:42:54.969,SERVO_OUTPUT_RAW,530209791,SERVO_OUTPUT_RAW,0,0,0,0,0,0,0,0,1000,1000,1000,1000,0,0,0,0,0
2025-12-15 00:42:55.069,SERVO_OUTPUT_RAW,530309814,SERVO_OUTPUT_RAW,0,0,0,0,0,0,0,0,1000,1000,1000,1000,0,0,0,0,0
2025-12-15 00:42:55.170,SERVO_OUTPUT_RAW,530409802,SERVO_OUTPUT_RAW,0,0,0,0,0,0,0,0,1000,1000,1000,1000,0,0,0,0,0
2025-12-15 00:42:55.269,SERVO_OUTPUT_RAW,530509783,SERVO_OUTPUT_RAW,0,0,0,0,0,0,0,0,1000,1000,1000,1000,0,0,0,0,0
2025-12-15 00:42:55.370,SERVO_OUTPUT_RAW,530609805,SERVO_OUTPUT_RAW,0,0,0,0,0,0,0,0,1000,1000,1000,1000,0,0,0,0,0
2025-12-15 00:42:55.469,SERVO_OUTPUT_RAW,530709833,SERVO_OUTPUT_RAW,0,0,0,0,0,0,0,0,1000,1000,1000,1000,0,0,0,0,0
2025-12-15 00:42:55.570,SERVO_OUTPUT_RAW,530809862,SERVO_OUTPUT_RAW,0,0,0,0,0,0,0,0,1000,1000,1000,1000,0,0,0,0,0
2025-12-15 00:42:55.669,SERVO_OUTPUT_RAW,530909808,SERVO_OUTPUT_RAW,0,0,0,0,0,0,0,0,1000,1000,1000,1000,0,0,0,0,0
2025-12-15 00:42:55.769,SERVO_OUTPUT_RAW,531009811,SERVO_OUTPUT_RAW,0,0,0,0,0,0,0,0,1000,1000,1000,1000,0,0,0,0,0
2025-12-15 00:42:55.870,SERVO_OUTPUT_RAW,531109838,SERVO_OUTPUT_RAW,0,0,0,0,0,0,0,0,1000,1000,1000,1000,0,0,0,0,0
2025-12-15 00:42:55.970,SERVO_OUTPUT_RAW,531209855,SERVO_OUTPUT_RAW,0,0,0,0,0,0,0,0,1000,1000,1000,1000,0,0,0,0,0
2025-12-15 00:42:56.069,SERVO_OUTPUT_RAW,531309788,SERVO_OUTPUT_RAW,0,0,0,0,0,0,0,0,1000,1000,1000,1000,0,0,0,0,0
2025-12-15 00:42:56.169,SERVO_OUTPUT_RAW,531409806,SERVO_OUTPUT_RAW,0,0,0,0,0,0,0,0,1000,1000,1000,1000,0,0,0,0,0
2025-12-15 00:42:56.269,SERVO_OUTPUT_RAW,531509811,SERVO_OUTPUT_RAW,0,0,0,0,0,0,0,0,1000,1000,1000,1000,0,0,0,0,0
2025-12-15 00:42:56.370,SERVO_OUTPUT_RAW,531609811,SERVO_OUTPUT_RAW,0,0,0,0,0,0,0,0,1000,1000,1000,1000,0,0,0,0,0
2025-12-15 00:42:56.470,SERVO_OUTPUT_RAW,531709779,SERVO_OUTPUT_RAW,0,0,0,0,0,0,0,0,1000,1000,1000,1000,0,0,0,0,0
2025-12-15 00:42:56.570,SERVO_OUTPUT_RAW,531809785,SERVO_OUTPUT_RAW,0,0,0,0,0,0,0,0,1000,1000,1000,1000,0,0,0,0,0
2025-12-15 00:42:56.669,SERVO_OUTPUT_RAW,531909777,SERVO_OUTPUT_RAW,0,0,0,0,0,0,0,0,1000,1000,1000,1000,0,0,0,0,0
2025-12-15 00:42:56.769,SERVO_OUTPUT_RAW,532009775,SERVO_OUTPUT_RAW,0,0,0,0,0,0,0,0,1000,1000,1000,1000,0,0,0,0,0
2025-12-15 00:42:56.870,SERVO_OUTPUT_RAW,532109796,SERVO_OUTPUT_RAW,0,0,0,0,0,0,0,0,1000,1000,1000,1000,0,0,0,0,0
2025-12-15 00:42:56.970,SERVO_OUTPUT_RAW,532212154,SERVO_OUTPUT_RAW,0,0,0,0,0,0,0,0,1000,1000,1000,1000,0,0,0,0,0
2025-12-15 00:42:57.070,SERVO_OUTPUT_RAW,532309850,SERVO_OUTPUT_RAW,0,0,0,0,0,0,0,0,1000,1000,1000,1000,0,0,0,0,0
2025-12-15 00:42:57.170,SERVO_OUTPUT_RAW,532409809,SERVO_OUTPUT_RAW,0,0,0,0,0,0,0,0,1000,1000,1000,1000,0,0,0,0,0
2025-12-15 00:42:57.270,SERVO_OUTPUT_RAW,532509791,SERVO_OUTPUT_RAW,0,0,0,0,0,0,0,0,1000,1000,1000,1000,0,0,0,0,0
2025-12-15 00:42:57.371,SERVO_OUTPUT_RAW,532609828,SERVO_OUTPUT_RAW,0,0,0,0,0,0,0,0,1000,1000,1000,1000,0,0,0,0,0
2025-12-15 00:42:57.471,SERVO_OUTPUT_RAW,532709881,SERVO_OUTPUT_RAW,0,0,0,0,0,0,0,0,1000,1000,1000,1000,0,0,0,0,0
2025-12-15 00:42:57.567,SERVO_OUTPUT_RAW,532809841,SERVO_OUTPUT_RAW,0,0,0,0,0,0,0,0,1000,1000,1000,1000,0,0,0,0,0
2025-12-15 00:42:57.667,SERVO_OUTPUT_RAW,532909788,SERVO_OUTPUT_RAW,0,0,0,0,0,0,0,0,1000,1000,1000,1000,0,0,0,0,0
2025-12-15 00:42:57.767,SERVO_OUTPUT_RAW,533009816,SERVO_OUTPUT_RAW,0,0,0,0,0,0,0,0,1000,1000,1000,1000,0,0,0,0,0
2025-12-15 00:42:57.868,SERVO_OUTPUT_RAW,533109802,SERVO_OUTPUT_RAW,0,0,0,0,0,0,0,0,1000,1000,1000,1000,0,0,0,0,0
2025-12-15 00:42:57.967,SERVO_OUTPUT_RAW,533209781,SERVO_OUTPUT_RAW,0,0,0,0,0,0,0,0,1000,1000,1000,1000,0,0,0,0,0
2025-12-15 00:42:58.066,SERVO_OUTPUT_RAW,533309780,SERVO_OUTPUT_RAW,0,0,0,0,0,0,0,0,1000,1000,1000,1000,0,0,0,0,0
2025-12-15 00:42:58.166,SERVO_OUTPUT_RAW,533409800,SERVO_OUTPUT_RAW,0,0,0,0,0,0,0,0,1000,1000,1000,1000,0,0,0,0,0
2025-12-15 00:42:58.267,SERVO_OUTPUT_RAW,533509785,SERVO_OUTPUT_RAW,0,0,0,0,0,0,0,0,1000,1000,1000,1000,0,0,0,0,0
2025-12-15 00:42:58.367,SERVO_OUTPUT_RAW,533609789,SERVO_OUTPUT_RAW,0,0,0,0,0,0,0,0,1000,1000,1000,1000,0,0,0,0,0
2025-12-15 00:42:58.468,SERVO_OUTPUT_RAW,533712136,SERVO_OUTPUT_RAW,0,0,0,0,0,0,0,0,1000,1000,1000,1000,0,0,0,0,0
2025-12-15 00:42:58.567,SERVO_OUTPUT_RAW,533809826,SERVO_OUTPUT_RAW,0,0,0,0,0,0,0,0,1000,1000,1000,1000,0,0,0,0,0
2025-12-15 00:42:58.667,SERVO_OUTPUT_RAW,533909858,SERVO_OUTPUT_RAW,0,0,0,0,0,0,0,0,1000,1000,1000,1000,0,0,0,0,0
2025-12-15 00:42:58.767,SERVO_OUTPUT_RAW,534009810,SERVO_OUTPUT_RAW,0,0,0,0,0,0,0,0,1000,1000,1000,1000,0,0,0,0,0
2025-12-15 00:42:58.867,SERVO_OUTPUT_RAW,534109799,SERVO_OUTPUT_RAW,0,0,0,0,0,0,0,0,1000,1000,1000,1000,0,0,0,0,0
2025-12-15 00:42:58.967,SERVO_OUTPUT_RAW,534209833,SERVO_OUTPUT_RAW,0,0,0,0,0,0,0,0,1000,1000,1000,1000,0,0,0,0,0
2025-12-15 00:42:59.068,SERVO_OUTPUT_RAW,534312093,SERVO_OUTPUT_RAW,0,0,0,0,0,0,0,0,1000,1000,1000,1000,0,0,0,0,0
2025-12-15 00:42:59.167,SERVO_OUTPUT_RAW,534409784,SERVO_OUTPUT_RAW,0,0,0,0,0,0,0,0,1000,1000,1000,1000,0,0,0,0,0
2025-12-15 00:42:59.267,SERVO_OUTPUT_RAW,534509789,SERVO_OUTPUT_RAW,0,0,0,0,0,0,0,0,1000,1000,1000,1000,0,0,0,0,0
2025-12-15 00:42:59.367,SERVO_OUTPUT_RAW,534609811,SERVO_OUTPUT_RAW,0,0,0,0,0,0,0,0,1000,1000,1000,1000,0,0,0,0,0
2025-12-15 00:42:59.467,SERVO_OUTPUT_RAW,534709791,SERVO_OUTPUT_RAW,0,0,0,0,0,0,0,0,1000,1000,1000,1000,0,0,0,0,0
2025-12-15 00:42:59.567,SERVO_OUTPUT_RAW,534809795,SERVO_OUTPUT_RAW,0,0,0,0,0,0,0,0,1000,1000,1000,1000,0,0,0,0,0
2025-12-15 00:42:59.667,SERVO_OUTPUT_RAW,534909784,SERVO_OUTPUT_RAW,0,0,0,0,0,0,0,0,1000,1000,1000,1000,0,0,0,0,0
2025-12-15 00:42:59.767,SERVO_OUTPUT_RAW,535009794,SERVO_OUTPUT_RAW,0,0,0,0,0,0,0,0,1000,1000,1000,1000,0,0,0,0,0
2025-12-15 00:42:59.867,SERVO_OUTPUT_RAW,535109790,SERVO_OUTPUT_RAW,0,0,0,0,0,0,0,0,1000,1000,1000,1000,0,0,0,0,0
2025-12-15 00:42:59.967,SERVO_OUTPUT_RAW,535209790,SERVO_OUTPUT_RAW,0,0,0,0,0,0,0,0,1000,1000,1000,1000,0,0,0,0,0
2025-12-15 00:43:00.067,SERVO_OUTPUT_RAW,535309817,SERVO_OUTPUT_RAW,0,0,0,0,0,0,0,0,1000,1000,1000,1000,0,0,0,0,0
2025-12-15 00:43:00.167,SERVO_OUTPUT_RAW,535409832,SERVO_OUTPUT_RAW,0,0,0,0,0,0,0,0,1000,1000,1000,1000,0,0,0,0,0
2025-12-15 00:43:00.267,SERVO_OUTPUT_RAW,535509777,SERVO_OUTPUT_RAW,0,0,0,0,0,0,0,0,1000,1000,1000,1000,0,0,0,0,0
2025-12-15 00:43:00.367,SERVO_OUTPUT_RAW,535609790,SERVO_OUTPUT_RAW,0,0,0,0,0,0,0,0,1000,1000,1000,1000,0,0,0,0,0
2025-12-15 00:43:00.467,SERVO_OUTPUT_RAW,535709934,SERVO_OUTPUT_RAW,0,0,0,0,0,0,0,0,1000,1000,1000,1000,0,0,0,0,0
2025-12-15 00:43:00.567,SERVO_OUTPUT_RAW,535809837,SERVO_OUTPUT_RAW,0,0,0,0,0,0,0,0,1000,1000,1000,1000,0,0,0,0,0
2025-12-15 00:43:00.667,SERVO_OUTPUT_RAW,535909842,SERVO_OUTPUT_RAW,0,0,0,0,0,0,0,0,1000,1000,1000,1000,0,0,0,0,0
2025-12-15 00:43:00.767,SERVO_OUTPUT_RAW,536009781,SERVO_OUTPUT_RAW,0,0,0,0,0,0,0,0,1000,1000,1000,1000,0,0,0,0,0
2025-12-15 00:43:00.867,SERVO_OUTPUT_RAW,536109795,SERVO_OUTPUT_RAW,0,0,0,0,0,0,0,0,1000,1000,1000,1000,0,0,0,0,0
2025-12-15 00:43:00.967,SERVO_OUTPUT_RAW,536209846,SERVO_OUTPUT_RAW,0,0,0,0,0,0,0,0,1000,1000,1000,1000,0,0,0,0,0
2025-12-15 00:43:01.067,SERVO_OUTPUT_RAW,536309778,SERVO_OUTPUT_RAW,0,0,0,0,0,0,0,0,1000,1000,1000,1000,0,0,0,0,0
2025-12-15 00:43:01.167,SERVO_OUTPUT_RAW,536409873,SERVO_OUTPUT_RAW,0,0,0,0,0,0,0,0,1000,1000,1000,1000,0,0,0,0,0
2025-12-15 00:43:01.267,SERVO_OUTPUT_RAW,536509788,SERVO_OUTPUT_RAW,0,0,0,0,0,0,0,0,1000,1000,1000,1000,0,0,0,0,0
2025-12-15 00:43:01.367,SERVO_OUTPUT_RAW,536609814,SERVO_OUTPUT_RAW,0,0,0,0,0,0,0,0,1000,1000,1000,1000,0,0,0,0,0
2025-12-15 00:43:01.467,SERVO_OUTPUT_RAW,536709786,SERVO_OUTPUT_RAW,0,0,0,0,0,0,0,0,1000,1000,1000,1000,0,0,0,0,0
2025-12-15 00:43:01.567,SERVO_OUTPUT_RAW,536809783,SERVO_OUTPUT_RAW,0,0,0,0,0,0,0,0,1000,1000,1000,1000,0,0,0,0,0
2025-12-15 00:43:01.667,SERVO_OUTPUT_RAW,536909817,SERVO_OUTPUT_RAW,0,0,0,0,0,0,0,0,1000,1000,1000,1000,0,0,0,0,0
2025-12-15 00:43:01.767,SERVO_OUTPUT_RAW,537009847,SERVO_OUTPUT_RAW,0,0,0,0,0,0,0,0,1000,1000,1000,1000,0,0,0,0,0
2025-12-15 00:43:01.867,SERVO_OUTPUT_RAW,537109815,SERVO_OUTPUT_RAW,0,0,0,0,0,0,0,0,1000,1000,1000,1000,0,0,0,0,0
2025-12-15 00:43:01.967,SERVO_OUTPUT_RAW,537209838,SERVO_OUTPUT_RAW,0,0,0,0,0,0,0,0,1000,1000,1000,1000,0,0,0,0,0
2025-12-15 00:43:02.067,SERVO_OUTPUT_RAW,537309828,SERVO_OUTPUT_RAW,0,0,0,0,0,0,0,0,1000,1000,1000,1000,0,0,0,0,0
2025-12-15 00:43:02.167,SERVO_OUTPUT_RAW,537409845,SERVO_OUTPUT_RAW,0,0,0,0,0,0,0,0,1000,1000,1000,1000,0,0,0,0,0
2025-12-15 00:43:02.267,SERVO_OUTPUT_RAW,537509857,SERVO_OUTPUT_RAW,0,0,0,0,0,0,0,0,1000,1000,1000,1000,0,0,0,0,0
2025-12-15 00:43:02.370,SERVO_OUTPUT_RAW,537609777,SERVO_OUTPUT_RAW,0,0,0,0,0,0,0,0,1000,1000,1000,1000,0,0,0,0,0
2025-12-15 00:43:02.467,SERVO_OUTPUT_RAW,537709817,SERVO_OUTPUT_RAW,0,0,0,0,0,0,0,0,1000,1000,1000,1000,0,0,0,0,0
2025-12-15 00:43:02.570,SERVO_OUTPUT_RAW,537809815,SERVO_OUTPUT_RAW,0,0,0,0,0,0,0,0,1000,1000,1000,1000,0,0,0,0,0
2025-12-15 00:43:02.670,SERVO_OUTPUT_RAW,537909781,SERVO_OUTPUT_RAW,0,0,0,0,0,0,0,0,1000,1000,1000,1000,0,0,0,0,0
2025-12-15 00:43:02.769,SERVO_OUTPUT_RAW,538009798,SERVO_OUTPUT_RAW,0,0,0,0,0,0,0,0,1000,1000,1000,1000,0,0,0,0,0
2025-12-15 00:43:02.869,SERVO_OUTPUT_RAW,538109797,SERVO_OUTPUT_RAW,0,0,0,0,0,0,0,0,1000,1000,1000,1000,0,0,0,0,0
2025-12-15 00:43:02.969,SERVO_OUTPUT_RAW,538209814,SERVO_OUTPUT_RAW,0,0,0,0,0,0,0,0,1000,1000,1000,1000,0,0,0,0,0
2025-12-15 00:43:03.069,SERVO_OUTPUT_RAW,538309788,SERVO_OUTPUT_RAW,0,0,0,0,0,0,0,0,1000,1000,1000,1000,0,0,0,0,0
2025-12-15 00:43:03.169,SERVO_OUTPUT_RAW,538409822,SERVO_OUTPUT_RAW,0,0,0,0,0,0,0,0,1000,1000,1000,1000,0,0,0,0,0
2025-12-15 00:43:03.269,SERVO_OUTPUT_RAW,538512165,SERVO_OUTPUT_RAW,0,0,0,0,0,0,0,0,1000,1000,1000,1000,0,0,0,0,0
2025-12-15 00:43:03.371,SERVO_OUTPUT_RAW,538609835,SERVO_OUTPUT_RAW,0,0,0,0,0,0,0,0,1000,1000,1000,1000,0,0,0,0,0
2025-12-15 00:43:03.470,SERVO_OUTPUT_RAW,538709807,SERVO_OUTPUT_RAW,0,0,0,0,0,0,0,0,1000,1000,1000,1000,0,0,0,0,0
2025-12-15 00:43:03.569,SERVO_OUTPUT_RAW,538809824,SERVO_OUTPUT_RAW,0,0,0,0,0,0,0,0,1000,1000,1000,1000,0,0,0,0,0
2025-12-15 00:43:03.667,SERVO_OUTPUT_RAW,538909836,SERVO_OUTPUT_RAW,0,0,0,0,0,0,0,0,1000,1000,1000,1000,0,0,0,0,0
2025-12-15 00:43:03.767,SERVO_OUTPUT_RAW,539009834,SERVO_OUTPUT_RAW,0,0,0,0,0,0,0,0,1000,1000,1000,1000,0,0,0,0,0
2025-12-15 00:43:03.867,SERVO_OUTPUT_RAW,539109794,SERVO_OUTPUT_RAW,0,0,0,0,0,0,0,0,1000,1000,1000,1000,0,0,0,0,0
2025-12-15 00:43:03.967,SERVO_OUTPUT_RAW,539209810,SERVO_OUTPUT_RAW,0,0,0,0,0,0,0,0,1000,1000,1000,1000,0,0,0,0,0
2025-12-15 00:43:04.068,SERVO_OUTPUT_RAW,539309835,SERVO_OUTPUT_RAW,0,0,0,0,0,0,0,0,1000,1000,1000,1000,0,0,0,0,0
2025-12-15 00:43:04.167,SERVO_OUTPUT_RAW,539409798,SERVO_OUTPUT_RAW,0,0,0,0,0,0,0,0,1000,1000,1000,1000,0,0,0,0,0
2025-12-15 00:43:04.267,SERVO_OUTPUT_RAW,539509808,SERVO_OUTPUT_RAW,0,0,0,0,0,0,0,0,1000,1000,1000,1000,0,0,0,0,0
2025-12-15 00:43:04.367,SERVO_OUTPUT_RAW,539609786,SERVO_OUTPUT_RAW,0,0,0,0,0,0,0,0,1000,1000,1000,1000,0,0,0,0,0
2025-12-15 00:43:04.467,SERVO_OUTPUT_RAW,539709791,SERVO_OUTPUT_RAW,0,0,0,0,0,0,0,0,1000,1000,1000,1000,0,0,0,0,0
2025-12-15 00:43:04.567,SERVO_OUTPUT_RAW,539809787,SERVO_OUTPUT_RAW,0,0,0,0,0,0,0,0,1000,1000,1000,1000,0,0,0,0,0
2025-12-15 00:43:04.667,SERVO_OUTPUT_RAW,539909786,SERVO_OUTPUT_RAW,0,0,0,0,0,0,0,0,1000,1000,1000,1000,0,0,0,0,0
2025-12-15 00:43:04.767,SERVO_OUTPUT_RAW,540009817,SERVO_OUTPUT_RAW,0,0,0,0,0,0,0,0,1000,1000,1000,1000,0,0,0,0,0
2025-12-15 00:43:04.868,SERVO_OUTPUT_RAW,540109851,SERVO_OUTPUT_RAW,0,0,0,0,0,0,0,0,1000,1000,1000,1000,0,0,0,0,0
2025-12-15 00:43:04.968,SERVO_OUTPUT_RAW,540212153,SERVO_OUTPUT_RAW,0,0,0,0,0,0,0,0,1000,1000,1000,1000,0,0,0,0,0
2025-12-15 00:43:05.067,SERVO_OUTPUT_RAW,540309804,SERVO_OUTPUT_RAW,0,0,0,0,0,0,0,0,1000,1000,1000,1000,0,0,0,0,0
2025-12-15 00:43:05.167,SERVO_OUTPUT_RAW,540409824,SERVO_OUTPUT_RAW,0,0,0,0,0,0,0,0,1000,1000,1000,1000,0,0,0,0,0
2025-12-15 00:43:05.267,SERVO_OUTPUT_RAW,540509846,SERVO_OUTPUT_RAW,0,0,0,0,0,0,0,0,1000,1000,1000,1000,0,0,0,0,0
2025-12-15 00:43:05.368,SERVO_OUTPUT_RAW,540612127,SERVO_OUTPUT_RAW,0,0,0,0,0,0,0,0,1000,1000,1000,1000,0,0,0,0,0
2025-12-15 00:43:05.467,SERVO_OUTPUT_RAW,540709775,SERVO_OUTPUT_RAW,0,0,0,0,0,0,0,0,1000,1000,1000,1000,0,0,0,0,0
2025-12-15 00:43:05.567,SERVO_OUTPUT_RAW,540809802,SERVO_OUTPUT_RAW,0,0,0,0,0,0,0,0,1000,1000,1000,1000,0,0,0,0,0
2025-12-15 00:43:05.667,SERVO_OUTPUT_RAW,540909815,SERVO_OUTPUT_RAW,0,0,0,0,0,0,0,0,1000,1000,1000,1000,0,0,0,0,0
2025-12-15 00:43:05.767,SERVO_OUTPUT_RAW,541009779,SERVO_OUTPUT_RAW,0,0,0,0,0,0,0,0,1000,1000,1000,1000,0,0,0,0,0
2025-12-15 00:43:05.867,SERVO_OUTPUT_RAW,541109810,SERVO_OUTPUT_RAW,0,0,0,0,0,0,0,0,1000,1000,1000,1000,0,0,0,0,0
2025-12-15 00:43:05.968,SERVO_OUTPUT_RAW,541209808,SERVO_OUTPUT_RAW,0,0,0,0,0,0,0,0,1000,1000,1000,1000,0,0,0,0,0
2025-12-15 00:43:06.068,SERVO_OUTPUT_RAW,541309785,SERVO_OUTPUT_RAW,0,0,0,0,0,0,0,0,1000,1000,1000,1000,0,0,0,0,0
2025-12-15 00:43:06.168,SERVO_OUTPUT_RAW,541409806,SERVO_OUTPUT_RAW,0,0,0,0,0,0,0,0,1000,1000,1000,1000,0,0,0,0,0
2025-12-15 00:43:06.268,SERVO_OUTPUT_RAW,541509820,SERVO_OUTPUT_RAW,0,0,0,0,0,0,0,0,1000,1000,1000,1000,0,0,0,0,0
2025-12-15 00:43:06.368,SERVO_OUTPUT_RAW,541609831,SERVO_OUTPUT_RAW,0,0,0,0,0,0,0,0,1000,1000,1000,1000,0,0,0,0,0
2025-12-15 00:43:06.468,SERVO_OUTPUT_RAW,541709808,SERVO_OUTPUT_RAW,0,0,0,0,0,0,0,0,1000,1000,1000,1000,0,0,0,0,0
2025-12-15 00:43:06.568,SERVO_OUTPUT_RAW,541809809,SERVO_OUTPUT_RAW,0,0,0,0,0,0,0,0,1000,1000,1000,1000,0,0,0,0,0
2025-12-15 00:43:06.668,SERVO_OUTPUT_RAW,541909815,SERVO_OUTPUT_RAW,0,0,0,0,0,0,0,0,1000,1000,1000,1000,0,0,0,0,0
2025-12-15 00:43:06.768,SERVO_OUTPUT_RAW,542009837,SERVO_OUTPUT_RAW,0,0,0,0,0,0,0,0,1000,1000,1000,1000,0,0,0,0,0
2025-12-15 00:43:06.868,SERVO_OUTPUT_RAW,542109845,SERVO_OUTPUT_RAW,0,0,0,0,0,0,0,0,1000,1000,1000,1000,0,0,0,0,0
2025-12-15 00:43:06.968,SERVO_OUTPUT_RAW,542209795,SERVO_OUTPUT_RAW,0,0,0,0,0,0,0,0,1000,1000,1000,1000,0,0,0,0,0
2025-12-15 00:43:07.068,SERVO_OUTPUT_RAW,542309813,SERVO_OUTPUT_RAW,0,0,0,0,0,0,0,0,1000,1000,1000,1000,0,0,0,0,0
2025-12-15 00:43:07.168,SERVO_OUTPUT_RAW,542409845,SERVO_OUTPUT_RAW,0,0,0,0,0,0,0,0,1000,1000,1000,1000,0,0,0,0,0
2025-12-15 00:43:07.268,SERVO_OUTPUT_RAW,542509822,SERVO_OUTPUT_RAW,0,0,0,0,0,0,0,0,1000,1000,1000,1000,0,0,0,0,0
2025-12-15 00:43:07.368,SERVO_OUTPUT_RAW,542609792,SERVO_OUTPUT_RAW,0,0,0,0,0,0,0,0,1000,1000,1000,1000,0,0,0,0,0
2025-12-15 00:43:07.468,SERVO_OUTPUT_RAW,542709943,SERVO_OUTPUT_RAW,0,0,0,0,0,0,0,0,1000,1000,1000,1000,0,0,0,0,0
2025-12-15 00:43:07.567,SERVO_OUTPUT_RAW,542809789,SERVO_OUTPUT_RAW,0,0,0,0,0,0,0,0,1000,1000,1000,1000,0,0,0,0,0
2025-12-15 00:43:07.667,SERVO_OUTPUT_RAW,542909797,SERVO_OUTPUT_RAW,0,0,0,0,0,0,0,0,1000,1000,1000,1000,0,0,0,0,0
2025-12-15 00:43:07.767,SERVO_OUTPUT_RAW,543009779,SERVO_OUTPUT_RAW,0,0,0,0,0,0,0,0,1000,1000,1000,1000,0,0,0,0,0
2025-12-15 00:43:07.867,SERVO_OUTPUT_RAW,543109828,SERVO_OUTPUT_RAW,0,0,0,0,0,0,0,0,1000,1000,1000,1000,0,0,0,0,0
2025-12-15 00:43:07.967,SERVO_OUTPUT_RAW,543209857,SERVO_OUTPUT_RAW,0,0,0,0,0,0,0,0,1000,1000,1000,1000,0,0,0,0,0
2025-12-15 00:43:08.067,SERVO_OUTPUT_RAW,543309782,SERVO_OUTPUT_RAW,0,0,0,0,0,0,0,0,1000,1000,1000,1000,0,0,0,0,0
2025-12-15 00:43:08.167,SERVO_OUTPUT_RAW,543409789,SERVO_OUTPUT_RAW,0,0,0,0,0,0,0,0,1000,1000,1000,1000,0,0,0,0,0
2025-12-15 00:43:08.267,SERVO_OUTPUT_RAW,543509813,SERVO_OUTPUT_RAW,0,0,0,0,0,0,0,0,1000,1000,1000,1000,0,0,0,0,0
2025-12-15 00:43:08.367,SERVO_OUTPUT_RAW,543609857,SERVO_OUTPUT_RAW,0,0,0,0,0,0,0,0,1000,1000,1000,1000,0,0,0,0,0
2025-12-15 00:43:08.467,SERVO_OUTPUT_RAW,543709843,SERVO_OUTPUT_RAW,0,0,0,0,0,0,0,0,1000,1000,1000,1000,0,0,0,0,0
2025-12-15 00:43:08.567,SERVO_OUTPUT_RAW,543809797,SERVO_OUTPUT_RAW,0,0,0,0,0,0,0,0,1000,1000,1000,1000,0,0,0,0,0
2025-12-15 00:43:08.670,SERVO_OUTPUT_RAW,543909814,SERVO_OUTPUT_RAW,0,0,0,0,0,0,0,0,1000,1000,1000,1000,0,0,0,0,0
2025-12-15 00:43:08.770,SERVO_OUTPUT_RAW,544009826,SERVO_OUTPUT_RAW,0,0,0,0,0,0,0,0,1000,1000,1000,1000,0,0,0,0,0
2025-12-15 00:43:08.869,SERVO_OUTPUT_RAW,544109804,SERVO_OUTPUT_RAW,0,0,0,0,0,0,0,0,1000,1000,1000,1000,0,0,0,0,0
2025-12-15 00:43:08.969,SERVO_OUTPUT_RAW,544209819,SERVO_OUTPUT_RAW,0,0,0,0,0,0,0,0,1000,1000,1000,1000,0,0,0,0,0
2025-12-15 00:43:09.069,SERVO_OUTPUT_RAW,544309796,SERVO_OUTPUT_RAW,0,0,0,0,0,0,0,0,1000,1000,1000,1000,0,0,0,0,0
2025-12-15 00:43:09.169,SERVO_OUTPUT_RAW,544409784,SERVO_OUTPUT_RAW,0,0,0,0,0,0,0,0,1000,1000,1000,1000,0,0,0,0,0
2025-12-15 00:43:09.269,SERVO_OUTPUT_RAW,544509783,SERVO_OUTPUT_RAW,0,0,0,0,0,0,0,0,1000,1000,1000,1000,0,0,0,0,0
2025-12-15 00:43:09.369,SERVO_OUTPUT_RAW,544609766,SERVO_OUTPUT_RAW,0,0,0,0,0,0,0,0,1000,1000,1000,1000,0,0,0,0,0
2025-12-15 00:43:09.469,SERVO_OUTPUT_RAW,544709833,SERVO_OUTPUT_RAW,0,0,0,0,0,0,0,0,1000,1000,1000,1000,0,0,0,0,0
2025-12-15 00:43:09.569,SERVO_OUTPUT_RAW,544812146,SERVO_OUTPUT_RAW,0,0,0,0,0,0,0,0,1000,1000,1000,1000,0,0,0,0,0
2025-12-15 00:43:09.669,SERVO_OUTPUT_RAW,544909847,SERVO_OUTPUT_RAW,0,0,0,0,0,0,0,0,1000,1000,1000,1000,0,0,0,0,0
2025-12-15 00:43:09.769,SERVO_OUTPUT_RAW,545009809,SERVO_OUTPUT_RAW,0,0,0,0,0,0,0,0,1000,1000,1000,1000,0,0,0,0,0
2025-12-15 00:43:09.923,SERVO_OUTPUT_RAW,545109828,SERVO_OUTPUT_RAW,0,0,0,0,0,0,0,0,1000,1000,1000,1000,0,0,0,0,0
2025-12-15 00:43:09.970,SERVO_OUTPUT_RAW,545209843,SERVO_OUTPUT_RAW,0,0,0,0,0,0,0,0,1000,1000,1000,1000,0,0,0,0,0
2025-12-15 00:43:10.069,SERVO_OUTPUT_RAW,545309872,SERVO_OUTPUT_RAW,0,0,0,0,0,0,0,0,1000,1000,1000,1000,0,0,0,0,0
2025-12-15 00:43:10.169,SERVO_OUTPUT_RAW,545409785,SERVO_OUTPUT_RAW,0,0,0,0,0,0,0,0,1000,1000,1000,1000,0,0,0,0,0
2025-12-15 00:43:10.269,SERVO_OUTPUT_RAW,545509810,SERVO_OUTPUT_RAW,0,0,0,0,0,0,0,0,1000,1000,1000,1000,0,0,0,0,0
2025-12-15 00:43:10.369,SERVO_OUTPUT_RAW,545609881,SERVO_OUTPUT_RAW,0,0,0,0,0,0,0,0,1000,1000,1000,1000,0,0,0,0,0
2025-12-15 00:43:10.469,SERVO_OUTPUT_RAW,545709780,SERVO_OUTPUT_RAW,0,0,0,0,0,0,0,0,1000,1000,1000,1000,0,0,0,0,0
2025-12-15 00:43:10.570,SERVO_OUTPUT_RAW,545809777,SERVO_OUTPUT_RAW,0,0,0,0,0,0,0,0,1000,1000,1000,1000,0,0,0,0,0
2025-12-15 00:43:10.669,SERVO_OUTPUT_RAW,545909788,SERVO_OUTPUT_RAW,0,0,0,0,0,0,0,0,1000,1000,1000,1000,0,0,0,0,0
2025-12-15 00:43:10.769,SERVO_OUTPUT_RAW,546009777,SERVO_OUTPUT_RAW,0,0,0,0,0,0,0,0,1000,1000,1000,1000,0,0,0,0,0
2025-12-15 00:43:10.869,SERVO_OUTPUT_RAW,546109801,SERVO_OUTPUT_RAW,0,0,0,0,0,0,0,0,1000,1000,1000,1000,0,0,0,0,0
2025-12-15 00:43:10.969,SERVO_OUTPUT_RAW,546209800,SERVO_OUTPUT_RAW,0,0,0,0,0,0,0,0,1000,1000,1000,1000,0,0,0,0,0
2025-12-15 00:43:11.069,SERVO_OUTPUT_RAW,546309783,SERVO_OUTPUT_RAW,0,0,0,0,0,0,0,0,1000,1000,1000,1000,0,0,0,0,0
2025-12-15 00:43:11.169,SERVO_OUTPUT_RAW,546409835,SERVO_OUTPUT_RAW,0,0,0,0,0,0,0,0,1000,1000,1000,1000,0,0,0,0,0
2025-12-15 00:43:11.269,SERVO_OUTPUT_RAW,546509894,SERVO_OUTPUT_RAW,0,0,0,0,0,0,0,0,1000,1000,1000,1000,0,0,0,0,0
2025-12-15 00:43:11.369,SERVO_OUTPUT_RAW,546609850,SERVO_OUTPUT_RAW,0,0,0,0,0,0,0,0,1000,1000,1000,1000,0,0,0,0,0
2025-12-15 00:43:11.469,SERVO_OUTPUT_RAW,546709838,SERVO_OUTPUT_RAW,0,0,0,0,0,0,0,0,1000,1000,1000,1000,0,0,0,0,0
2025-12-15 00:43:11.569,SERVO_OUTPUT_RAW,546809844,SERVO_OUTPUT_RAW,0,0,0,0,0,0,0,0,1000,1000,1000,1000,0,0,0,0,0
2025-12-15 00:43:11.669,SERVO_OUTPUT_RAW,546909921,SERVO_OUTPUT_RAW,0,0,0,0,0,0,0,0,1000,1000,1000,1000,0,0,0,0,0
2025-12-15 00:43:11.769,SERVO_OUTPUT_RAW,547009797,SERVO_OUTPUT_RAW,0,0,0,0,0,0,0,0,1000,1000,1000,1000,0,0,0,0,0
2025-12-15 00:43:11.869,SERVO_OUTPUT_RAW,547109830,SERVO_OUTPUT_RAW,0,0,0,0,0,0,0,0,1000,1000,1000,1000,0,0,0,0,0
2025-12-15 00:43:11.969,SERVO_OUTPUT_RAW,547209820,SERVO_OUTPUT_RAW,0,0,0,0,0,0,0,0,1000,1000,1000,1000,0,0,0,0,0
2025-12-15 00:43:12.070,SERVO_OUTPUT_RAW,547309777,SERVO_OUTPUT_RAW,0,0,0,0,0,0,0,0,1000,1000,1000,1000,0,0,0,0,0
2025-12-15 00:43:12.170,SERVO_OUTPUT_RAW,547409788,SERVO_OUTPUT_RAW,0,0,0,0,0,0,0,0,1000,1000,1000,1000,0,0,0,0,0
2025-12-15 00:43:12.269,SERVO_OUTPUT_RAW,547509781,SERVO_OUTPUT_RAW,0,0,0,0,0,0,0,0,1000,1000,1000,1000,0,0,0,0,0
2025-12-15 00:43:12.371,SERVO_OUTPUT_RAW,547609793,SERVO_OUTPUT_RAW,0,0,0,0,0,0,0,0,1000,1000,1000,1000,0,0,0,0,0
2025-12-15 00:43:12.470,SERVO_OUTPUT_RAW,547709775,SERVO_OUTPUT_RAW,0,0,0,0,0,0,0,0,1000,1000,1000,1000,0,0,0,0,0
2025-12-15 00:43:12.569,SERVO_OUTPUT_RAW,547809814,SERVO_OUTPUT_RAW,0,0,0,0,0,0,0,0,1000,1000,1000,1000,0,0,0,0,0
2025-12-15 00:43:12.670,SERVO_OUTPUT_RAW,547912136,SERVO_OUTPUT_RAW,0,0,0,0,0,0,0,0,1000,1000,1000,1000,0,0,0,0,0
2025-12-15 00:43:12.770,SERVO_OUTPUT_RAW,548009813,SERVO_OUTPUT_RAW,0,0,0,0,0,0,0,0,1000,1000,1000,1000,0,0,0,0,0
2025-12-15 00:43:12.870,SERVO_OUTPUT_RAW,548109804,SERVO_OUTPUT_RAW,0,0,0,0,0,0,0,0,1000,1000,1000,1000,0,0,0,0,0
2025-12-15 00:43:12.970,SERVO_OUTPUT_RAW,548209839,SERVO_OUTPUT_RAW,0,0,0,0,0,0,0,0,1000,1000,1000,1000,0,0,0,0,0
2025-12-15 00:43:13.070,SERVO_OUTPUT_RAW,548309863,SERVO_OUTPUT_RAW,0,0,0,0,0,0,0,0,1000,1000,1000,1000,0,0,0,0,0
2025-12-15 00:43:13.170,SERVO_OUTPUT_RAW,548409840,SERVO_OUTPUT_RAW,0,0,0,0,0,0,0,0,1000,1000,1000,1000,0,0,0,0,0
2025-12-15 00:43:13.270,SERVO_OUTPUT_RAW,548509779,SERVO_OUTPUT_RAW,0,0,0,0,0,0,0,0,1000,1000,1000,1000,0,0,0,0,0
2025-12-15 00:43:13.370,SERVO_OUTPUT_RAW,548609814,SERVO_OUTPUT_RAW,0,0,0,0,0,0,0,0,1000,1000,1000,1000,0,0,0,0,0
2025-12-15 00:43:13.470,SERVO_OUTPUT_RAW,548709807,SERVO_OUTPUT_RAW,0,0,0,0,0,0,0,0,1000,1000,1000,1000,0,0,0,0,0
2025-12-15 00:43:13.570,SERVO_OUTPUT_RAW,548809772,SERVO_OUTPUT_RAW,0,0,0,0,0,0,0,0,1000,1000,1000,1000,0,0,0,0,0
2025-12-15 00:43:13.670,SERVO_OUTPUT_RAW,548909792,SERVO_OUTPUT_RAW,0,0,0,0,0,0,0,0,1000,1000,1000,1000,0,0,0,0,0
2025-12-15 00:43:13.770,SERVO_OUTPUT_RAW,549009858,SERVO_OUTPUT_RAW,0,0,0,0,0,0,0,0,1000,1000,1000,1000,0,0,0,0,0
2025-12-15 00:43:13.870,SERVO_OUTPUT_RAW,549109798,SERVO_OUTPUT_RAW,0,0,0,0,0,0,0,0,1000,1000,1000,1000,0,0,0,0,0
2025-12-15 00:43:13.970,SERVO_OUTPUT_RAW,549209818,SERVO_OUTPUT_RAW,0,0,0,0,0,0,0,0,1000,1000,1000,1000,0,0,0,0,0
2025-12-15 00:43:14.070,SERVO_OUTPUT_RAW,549309787,SERVO_OUTPUT_RAW,0,0,0,0,0,0,0,0,1000,1000,1000,1000,0,0,0,0,0
2025-12-15 00:43:14.170,SERVO_OUTPUT_RAW,549409829,SERVO_OUTPUT_RAW,0,0,0,0,0,0,0,0,1000,1000,1000,1000,0,0,0,0,0
2025-12-15 00:43:14.270,SERVO_OUTPUT_RAW,549509859,SERVO_OUTPUT_RAW,0,0,0,0,0,0,0,0,1000,1000,1000,1000,0,0,0,0,0
2025-12-15 00:43:14.370,SERVO_OUTPUT_RAW,549609807,SERVO_OUTPUT_RAW,0,0,0,0,0,0,0,0,1000,1000,1000,1000,0,0,0,0,0
2025-12-15 00:43:14.470,SERVO_OUTPUT_RAW,549709809,SERVO_OUTPUT_RAW,0,0,0,0,0,0,0,0,1000,1000,1000,1000,0,0,0,0,0
2025-12-15 00:43:14.570,SERVO_OUTPUT_RAW,549809833,SERVO_OUTPUT_RAW,0,0,0,0,0,0,0,0,1000,1000,1000,1000,0,0,0,0,0
2025-12-15 00:43:14.670,SERVO_OUTPUT_RAW,549909839,SERVO_OUTPUT_RAW,0,0,0,0,0,0,0,0,1000,1000,1000,1000,0,0,0,0,0
2025-12-15 00:43:14.770,SERVO_OUTPUT_RAW,550009816,SERVO_OUTPUT_RAW,0,0,0,0,0,0,0,0,1000,1000,1000,1000,0,0,0,0,0
2025-12-15 00:43:14.870,SERVO_OUTPUT_RAW,550109815,SERVO_OUTPUT_RAW,0,0,0,0,0,0,0,0,1000,1000,1000,1000,0,0,0,0,0
2025-12-15 00:43:14.970,SERVO_OUTPUT_RAW,550209816,SERVO_OUTPUT_RAW,0,0,0,0,0,0,0,0,1000,1000,1000,1000,0,0,0,0,0
2025-12-15 00:43:15.070,SERVO_OUTPUT_RAW,550309835,SERVO_OUTPUT_RAW,0,0,0,0,0,0,0,0,1000,1000,1000,1000,0,0,0,0,0
2025-12-15 00:43:15.170,SERVO_OUTPUT_RAW,550409784,SERVO_OUTPUT_RAW,0,0,0,0,0,0,0,0,1000,1000,1000,1000,0,0,0,0,0
2025-12-15 00:43:15.270,SERVO_OUTPUT_RAW,550509790,SERVO_OUTPUT_RAW,0,0,0,0,0,0,0,0,1000,1000,1000,1000,0,0,0,0,0
2025-12-15 00:43:15.370,SERVO_OUTPUT_RAW,550609808,SERVO_OUTPUT_RAW,0,0,0,0,0,0,0,0,1000,1000,1000,1000,0,0,0,0,0
2025-12-15 00:43:15.470,SERVO_OUTPUT_RAW,550709794,SERVO_OUTPUT_RAW,0,0,0,0,0,0,0,0,1000,1000,1000,1000,0,0,0,0,0
2025-12-15 00:43:15.570,SERVO_OUTPUT_RAW,550809843,SERVO_OUTPUT_RAW,0,0,0,0,0,0,0,0,1000,1000,1000,1000,0,0,0,0,0
2025-12-15 00:43:15.670,SERVO_OUTPUT_RAW,550909802,SERVO_OUTPUT_RAW,0,0,0,0,0,0,0,0,1000,1000,1000,1000,0,0,0,0,0
2025-12-15 00:43:15.770,SERVO_OUTPUT_RAW,551009847,SERVO_OUTPUT_RAW,0,0,0,0,0,0,0,0,1000,1000,1000,1000,0,0,0,0,0
2025-12-15 00:43:15.871,SERVO_OUTPUT_RAW,551112158,SERVO_OUTPUT_RAW,0,0,0,0,0,0,0,0,1000,1000,1000,1000,0,0,0,0,0
2025-12-15 00:43:15.970,SERVO_OUTPUT_RAW,551209777,SERVO_OUTPUT_RAW,0,0,0,0,0,0,0,0,1000,1000,1000,1000,0,0,0,0,0
2025-12-15 00:43:16.070,SERVO_OUTPUT_RAW,551309810,SERVO_OUTPUT_RAW,0,0,0,0,0,0,0,0,1000,1000,1000,1000,0,0,0,0,0
2025-12-15 00:43:16.171,SERVO_OUTPUT_RAW,551409842,SERVO_OUTPUT_RAW,0,0,0,0,0,0,0,0,1000,1000,1000,1000,0,0,0,0,0
2025-12-15 00:43:16.271,SERVO_OUTPUT_RAW,551509845,SERVO_OUTPUT_RAW,0,0,0,0,0,0,0,0,1000,1000,1000,1000,0,0,0,0,0
2025-12-15 00:43:16.370,SERVO_OUTPUT_RAW,551609781,SERVO_OUTPUT_RAW,0,0,0,0,0,0,0,0,1000,1000,1000,1000,0,0,0,0,0
2025-12-15 00:43:16.470,SERVO_OUTPUT_RAW,551709809,SERVO_OUTPUT_RAW,0,0,0,0,0,0,0,0,1000,1000,1000,1000,0,0,0,0,0
2025-12-15 00:43:16.570,SERVO_OUTPUT_RAW,551809813,SERVO_OUTPUT_RAW,0,0,0,0,0,0,0,0,1000,1000,1000,1000,0,0,0,0,0
2025-12-15 00:43:16.670,SERVO_OUTPUT_RAW,551909827,SERVO_OUTPUT_RAW,0,0,0,0,0,0,0,0,1000,1000,1000,1000,0,0,0,0,0
2025-12-15 00:43:16.770,SERVO_OUTPUT_RAW,552009794,SERVO_OUTPUT_RAW,0,0,0,0,0,0,0,0,1000,1000,1000,1000,0,0,0,0,0
2025-12-15 00:43:16.870,SERVO_OUTPUT_RAW,552109803,SERVO_OUTPUT_RAW,0,0,0,0,0,0,0,0,1000,1000,1000,1000,0,0,0,0,0
2025-12-15 00:43:16.969,SERVO_OUTPUT_RAW,552209792,SERVO_OUTPUT_RAW,0,0,0,0,0,0,0,0,1000,1000,1000,1000,0,0,0,0,0
2025-12-15 00:43:17.069,SERVO_OUTPUT_RAW,552309786,SERVO_OUTPUT_RAW,0,0,0,0,0,0,0,0,1000,1000,1000,1000,0,0,0,0,0
2025-12-15 00:43:17.170,SERVO_OUTPUT_RAW,552409792,SERVO_OUTPUT_RAW,0,0,0,0,0,0,0,0,1000,1000,1000,1000,0,0,0,0,0
2025-12-15 00:43:17.269,SERVO_OUTPUT_RAW,552509833,SERVO_OUTPUT_RAW,0,0,0,0,0,0,0,0,1000,1000,1000,1000,0,0,0,0,0
2025-12-15 00:43:17.371,SERVO_OUTPUT_RAW,552609837,SERVO_OUTPUT_RAW,0,0,0,0,0,0,0,0,1000,1000,1000,1000,0,0,0,0,0
2025-12-15 00:43:17.469,SERVO_OUTPUT_RAW,552709850,SERVO_OUTPUT_RAW,0,0,0,0,0,0,0,0,1000,1000,1000,1000,0,0,0,0,0
2025-12-15 00:43:17.569,SERVO_OUTPUT_RAW,552809820,SERVO_OUTPUT_RAW,0,0,0,0,0,0,0,0,1000,1000,1000,1000,0,0,0,0,0
2025-12-15 00:43:17.669,SERVO_OUTPUT_RAW,552909816,SERVO_OUTPUT_RAW,0,0,0,0,0,0,0,0,1000,1000,1000,1000,0,0,0,0,0
2025-12-15 00:43:17.769,SERVO_OUTPUT_RAW,553009842,SERVO_OUTPUT_RAW,0,0,0,0,0,0,0,0,1000,1000,1000,1000,0,0,0,0,0
2025-12-15 00:43:17.869,SERVO_OUTPUT_RAW,553109845,SERVO_OUTPUT_RAW,0,0,0,0,0,0,0,0,1000,1000,1000,1000,0,0,0,0,0
2025-12-15 00:43:17.969,SERVO_OUTPUT_RAW,553209899,SERVO_OUTPUT_RAW,0,0,0,0,0,0,0,0,1000,1000,1000,1000,0,0,0,0,0
2025-12-15 00:43:18.069,SERVO_OUTPUT_RAW,553309812,SERVO_OUTPUT_RAW,0,0,0,0,0,0,0,0,1000,1000,1000,1000,0,0,0,0,0
2025-12-15 00:43:18.169,SERVO_OUTPUT_RAW,553409812,SERVO_OUTPUT_RAW,0,0,0,0,0,0,0,0,1000,1000,1000,1000,0,0,0,0,0
2025-12-15 00:43:18.269,SERVO_OUTPUT_RAW,553509781,SERVO_OUTPUT_RAW,0,0,0,0,0,0,0,0,1000,1000,1000,1000,0,0,0,0,0
2025-12-15 00:43:18.369,SERVO_OUTPUT_RAW,553609782,SERVO_OUTPUT_RAW,0,0,0,0,0,0,0,0,1000,1000,1000,1000,0,0,0,0,0
2025-12-15 00:43:18.469,SERVO_OUTPUT_RAW,553709819,SERVO_OUTPUT_RAW,0,0,0,0,0,0,0,0,1000,1000,1000,1000,0,0,0,0,0
2025-12-15 00:43:18.569,SERVO_OUTPUT_RAW,553809776,SERVO_OUTPUT_RAW,0,0,0,0,0,0,0,0,1000,1000,1000,1000,0,0,0,0,0
2025-12-15 00:43:18.669,SERVO_OUTPUT_RAW,553909790,SERVO_OUTPUT_RAW,0,0,0,0,0,0,0,0,1000,1000,1000,1000,0,0,0,0,0
2025-12-15 00:43:18.770,SERVO_OUTPUT_RAW,554009823,SERVO_OUTPUT_RAW,0,0,0,0,0,0,0,0,1000,1000,1000,1000,0,0,0,0,0
2025-12-15 00:43:18.869,SERVO_OUTPUT_RAW,554109828,SERVO_OUTPUT_RAW,0,0,0,0,0,0,0,0,1000,1000,1000,1000,0,0,0,0,0
2025-12-15 00:43:18.969,SERVO_OUTPUT_RAW,554209835,SERVO_OUTPUT_RAW,0,0,0,0,0,0,0,0,1000,1000,1000,1000,0,0,0,0,0
2025-12-15 00:43:19.070,SERVO_OUTPUT_RAW,554309804,SERVO_OUTPUT_RAW,0,0,0,0,0,0,0,0,1000,1000,1000,1000,0,0,0,0,0
2025-12-15 00:43:19.169,SERVO_OUTPUT_RAW,554409838,SERVO_OUTPUT_RAW,0,0,0,0,0,0,0,0,1000,1000,1000,1000,0,0,0,0,0
2025-12-15 00:43:19.269,SERVO_OUTPUT_RAW,554509839,SERVO_OUTPUT_RAW,0,0,0,0,0,0,0,0,1000,1000,1000,1000,0,0,0,0,0
2025-12-15 00:43:19.370,SERVO_OUTPUT_RAW,554609853,SERVO_OUTPUT_RAW,0,0,0,0,0,0,0,0,1000,1000,1000,1000,0,0,0,0,0
2025-12-15 00:43:19.469,SERVO_OUTPUT_RAW,554709821,SERVO_OUTPUT_RAW,0,0,0,0,0,0,0,0,1000,1000,1000,1000,0,0,0,0,0
2025-12-15 00:43:19.569,SERVO_OUTPUT_RAW,554809784,SERVO_OUTPUT_RAW,0,0,0,0,0,0,0,0,1000,1000,1000,1000,0,0,0,0,0
2025-12-15 00:43:19.670,SERVO_OUTPUT_RAW,554909816,SERVO_OUTPUT_RAW,0,0,0,0,0,0,0,0,1000,1000,1000,1000,0,0,0,0,0
2025-12-15 00:43:19.770,SERVO_OUTPUT_RAW,555009841,SERVO_OUTPUT_RAW,0,0,0,0,0,0,0,0,1000,1000,1000,1000,0,0,0,0,0
2025-12-15 00:43:19.871,SERVO_OUTPUT_RAW,555109775,SERVO_OUTPUT_RAW,0,0,0,0,0,0,0,0,1000,1000,1000,1000,0,0,0,0,0
2025-12-15 00:43:19.970,SERVO_OUTPUT_RAW,555209790,SERVO_OUTPUT_RAW,0,0,0,0,0,0,0,0,1000,1000,1000,1000,0,0,0,0,0
2025-12-15 00:43:20.070,SERVO_OUTPUT_RAW,555309857,SERVO_OUTPUT_RAW,0,0,0,0,0,0,0,0,1000,1000,1000,1000,0,0,0,0,0
2025-12-15 00:43:20.170,SERVO_OUTPUT_RAW,555409789,SERVO_OUTPUT_RAW,0,0,0,0,0,0,0,0,1000,1000,1000,1000,0,0,0,0,0
2025-12-15 00:43:20.270,SERVO_OUTPUT_RAW,555509809,SERVO_OUTPUT_RAW,0,0,0,0,0,0,0,0,1000,1000,1000,1000,0,0,0,0,0
2025-12-15 00:43:20.370,SERVO_OUTPUT_RAW,555609811,SERVO_OUTPUT_RAW,0,0,0,0,0,0,0,0,1000,1000,1000,1000,0,0,0,0,0
2025-12-15 00:43:20.470,SERVO_OUTPUT_RAW,555709835,SERVO_OUTPUT_RAW,0,0,0,0,0,0,0,0,1000,1000,1000,1000,0,0,0,0,0
2025-12-15 00:43:20.570,SERVO_OUTPUT_RAW,555809810,SERVO_OUTPUT_RAW,0,0,0,0,0,0,0,0,1000,1000,1000,1000,0,0,0,0,0
2025-12-15 00:43:20.670,SERVO_OUTPUT_RAW,555909788,SERVO_OUTPUT_RAW,0,0,0,0,0,0,0,0,1000,1000,1000,1000,0,0,0,0,0
2025-12-15 00:43:20.770,SERVO_OUTPUT_RAW,556009826,SERVO_OUTPUT_RAW,0,0,0,0,0,0,0,0,1000,1000,1000,1000,0,0,0,0,0
2025-12-15 00:43:20.870,SERVO_OUTPUT_RAW,556109842,SERVO_OUTPUT_RAW,0,0,0,0,0,0,0,0,1000,1000,1000,1000,0,0,0,0,0
2025-12-15 00:43:20.970,SERVO_OUTPUT_RAW,556209837,SERVO_OUTPUT_RAW,0,0,0,0,0,0,0,0,1000,1000,1000,1000,0,0,0,0,0
2025-12-15 00:43:21.070,SERVO_OUTPUT_RAW,556309781,SERVO_OUTPUT_RAW,0,0,0,0,0,0,0,0,1000,1000,1000,1000,0,0,0,0,0
2025-12-15 00:43:21.170,SERVO_OUTPUT_RAW,556409819,SERVO_OUTPUT_RAW,0,0,0,0,0,0,0,0,1000,1000,1000,1000,0,0,0,0,0
2025-12-15 00:43:21.270,SERVO_OUTPUT_RAW,556509824,SERVO_OUTPUT_RAW,0,0,0,0,0,0,0,0,1000,1000,1000,1000,0,0,0,0,0
2025-12-15 00:43:21.370,SERVO_OUTPUT_RAW,556609842,SERVO_OUTPUT_RAW,0,0,0,0,0,0,0,0,1000,1000,1000,1000,0,0,0,0,0
2025-12-15 00:43:21.470,SERVO_OUTPUT_RAW,556709783,SERVO_OUTPUT_RAW,0,0,0,0,0,0,0,0,1000,1000,1000,1000,0,0,0,0,0
2025-12-15 00:43:21.570,SERVO_OUTPUT_RAW,556809792,SERVO_OUTPUT_RAW,0,0,0,0,0,0,0,0,1000,1000,1000,1000,0,0,0,0,0
2025-12-15 00:43:21.670,SERVO_OUTPUT_RAW,556909805,SERVO_OUTPUT_RAW,0,0,0,0,0,0,0,0,1000,1000,1000,1000,0,0,0,0,0
2025-12-15 00:43:21.770,SERVO_OUTPUT_RAW,557009798,SERVO_OUTPUT_RAW,0,0,0,0,0,0,0,0,1000,1000,1000,1000,0,0,0,0,0
2025-12-15 00:43:21.870,SERVO_OUTPUT_RAW,557109812,SERVO_OUTPUT_RAW,0,0,0,0,0,0,0,0,1000,1000,1000,1000,0,0,0,0,0
2025-12-15 00:43:21.970,SERVO_OUTPUT_RAW,557209824,SERVO_OUTPUT_RAW,0,0,0,0,0,0,0,0,1000,1000,1000,1000,0,0,0,0,0
2025-12-15 00:43:22.070,SERVO_OUTPUT_RAW,557309849,SERVO_OUTPUT_RAW,0,0,0,0,0,0,0,0,1000,1000,1000,1000,0,0,0,0,0
2025-12-15 00:43:22.170,SERVO_OUTPUT_RAW,557412158,SERVO_OUTPUT_RAW,0,0,0,0,0,0,0,0,1000,1000,1000,1000,0,0,0,0,0
2025-12-15 00:43:22.270,SERVO_OUTPUT_RAW,557509805,SERVO_OUTPUT_RAW,0,0,0,0,0,0,0,0,1000,1000,1000,1000,0,0,0,0,0
2025-12-15 00:43:22.370,SERVO_OUTPUT_RAW,557609820,SERVO_OUTPUT_RAW,0,0,0,0,0,0,0,0,1000,1000,1000,1000,0,0,0,0,0
2025-12-15 00:43:22.472,SERVO_OUTPUT_RAW,557709840,SERVO_OUTPUT_RAW,0,0,0,0,0,0,0,0,1000,1000,1000,1000,0,0,0,0,0
2025-12-15 00:43:22.570,SERVO_OUTPUT_RAW,557809830,SERVO_OUTPUT_RAW,0,0,0,0,0,0,0,0,1000,1000,1000,1000,0,0,0,0,0
2025-12-15 00:43:22.670,SERVO_OUTPUT_RAW,557909804,SERVO_OUTPUT_RAW,0,0,0,0,0,0,0,0,1000,1000,1000,1000,0,0,0,0,0
2025-12-15 00:43:22.770,SERVO_OUTPUT_RAW,558009827,SERVO_OUTPUT_RAW,0,0,0,0,0,0,0,0,1000,1000,1000,1000,0,0,0,0,0
2025-12-15 00:43:22.870,SERVO_OUTPUT_RAW,558109809,SERVO_OUTPUT_RAW,0,0,0,0,0,0,0,0,1000,1000,1000,1000,0,0,0,0,0
2025-12-15 00:43:22.970,SERVO_OUTPUT_RAW,558209790,SERVO_OUTPUT_RAW,0,0,0,0,0,0,0,0,1000,1000,1000,1000,0,0,0,0,0
2025-12-15 00:43:23.070,SERVO_OUTPUT_RAW,558309792,SERVO_OUTPUT_RAW,0,0,0,0,0,0,0,0,1000,1000,1000,1000,0,0,0,0,0
2025-12-15 00:43:23.170,SERVO_OUTPUT_RAW,558409784,SERVO_OUTPUT_RAW,0,0,0,0,0,0,0,0,1000,1000,1000,1000,0,0,0,0,0
2025-12-15 00:43:23.271,SERVO_OUTPUT_RAW,558509789,SERVO_OUTPUT_RAW,0,0,0,0,0,0,0,0,1000,1000,1000,1000,0,0,0,0,0
2025-12-15 00:43:23.370,SERVO_OUTPUT_RAW,558609784,SERVO_OUTPUT_RAW,0,0,0,0,0,0,0,0,1000,1000,1000,1000,0,0,0,0,0
2025-12-15 00:43:23.470,SERVO_OUTPUT_RAW,558709791,SERVO_OUTPUT_RAW,0,0,0,0,0,0,0,0,1000,1000,1000,1000,0,0,0,0,0
2025-12-15 00:43:23.570,SERVO_OUTPUT_RAW,558809863,SERVO_OUTPUT_RAW,0,0,0,0,0,0,0,0,1000,1000,1000,1000,0,0,0,0,0
2025-12-15 00:43:23.670,SERVO_OUTPUT_RAW,558909867,SERVO_OUTPUT_RAW,0,0,0,0,0,0,0,0,1000,1000,1000,1000,0,0,0,0,0
2025-12-15 00:43:23.770,SERVO_OUTPUT_RAW,559009805,SERVO_OUTPUT_RAW,0,0,0,0,0,0,0,0,1000,1000,1000,1000,0,0,0,0,0
2025-12-15 00:43:23.870,SERVO_OUTPUT_RAW,559109850,SERVO_OUTPUT_RAW,0,0,0,0,0,0,0,0,1000,1000,1000,1000,0,0,0,0,0
2025-12-15 00:43:23.970,SERVO_OUTPUT_RAW,559209846,SERVO_OUTPUT_RAW,0,0,0,0,0,0,0,0,1000,1000,1000,1000,0,0,0,0,0
2025-12-15 00:43:24.071,SERVO_OUTPUT_RAW,559309851,SERVO_OUTPUT_RAW,0,0,0,0,0,0,0,0,1000,1000,1000,1000,0,0,0,0,0
2025-12-15 00:43:24.170,SERVO_OUTPUT_RAW,559409790,SERVO_OUTPUT_RAW,0,0,0,0,0,0,0,0,1000,1000,1000,1000,0,0,0,0,0
2025-12-15 00:43:24.270,SERVO_OUTPUT_RAW,559512059,SERVO_OUTPUT_RAW,0,0,0,0,0,0,0,0,1000,1000,1000,1000,0,0,0,0,0
2025-12-15 00:43:24.370,SERVO_OUTPUT_RAW,559609829,SERVO_OUTPUT_RAW,0,0,0,0,0,0,0,0,1000,1000,1000,1000,0,0,0,0,0
2025-12-15 00:43:24.471,SERVO_OUTPUT_RAW,559709798,SERVO_OUTPUT_RAW,0,0,0,0,0,0,0,0,1000,1000,1000,1000,0,0,0,0,0
2025-12-15 00:43:24.570,SERVO_OUTPUT_RAW,559809780,SERVO_OUTPUT_RAW,0,0,0,0,0,0,0,0,1000,1000,1000,1000,0,0,0,0,0
2025-12-15 00:43:24.670,SERVO_OUTPUT_RAW,559909780,SERVO_OUTPUT_RAW,0,0,0,0,0,0,0,0,1000,1000,1000,1000,0,0,0,0,0
2025-12-15 00:43:24.770,SERVO_OUTPUT_RAW,560009795,SERVO_OUTPUT_RAW,0,0,0,0,0,0,0,0,1000,1000,1000,1000,0,0,0,0,0
2025-12-15 00:43:24.872,SERVO_OUTPUT_RAW,560109782,SERVO_OUTPUT_RAW,0,0,0,0,0,0,0,0,1000,1000,1000,1000,0,0,0,0,0
2025-12-15 00:43:24.971,SERVO_OUTPUT_RAW,560209789,SERVO_OUTPUT_RAW,0,0,0,0,0,0,0,0,1000,1000,1000,1000,0,0,0,0,0
2025-12-15 00:43:25.071,SERVO_OUTPUT_RAW,560309821,SERVO_OUTPUT_RAW,0,0,0,0,0,0,0,0,1000,1000,1000,1000,0,0,0,0,0
2025-12-15 00:43:25.170,SERVO_OUTPUT_RAW,560409857,SERVO_OUTPUT_RAW,0,0,0,0,0,0,0,0,1000,1000,1000,1000,0,0,0,0,0
2025-12-15 00:43:25.270,SERVO_OUTPUT_RAW,560509848,SERVO_OUTPUT_RAW,0,0,0,0,0,0,0,0,1000,1000,1000,1000,0,0,0,0,0
2025-12-15 00:43:25.370,SERVO_OUTPUT_RAW,560609788,SERVO_OUTPUT_RAW,0,0,0,0,0,0,0,0,1000,1000,1000,1000,0,0,0,0,0
2025-12-15 00:43:25.470,SERVO_OUTPUT_RAW,560709817,SERVO_OUTPUT_RAW,0,0,0,0,0,0,0,0,1000,1000,1000,1000,0,0,0,0,0
2025-12-15 00:43:25.570,SERVO_OUTPUT_RAW,560809857,SERVO_OUTPUT_RAW,0,0,0,0,0,0,0,0,1000,1000,1000,1000,0,0,0,0,0
2025-12-15 00:43:25.670,SERVO_OUTPUT_RAW,560909854,SERVO_OUTPUT_RAW,0,0,0,0,0,0,0,0,1000,1000,1000,1000,0,0,0,0,0
2025-12-15 00:43:25.770,SERVO_OUTPUT_RAW,561009783,SERVO_OUTPUT_RAW,0,0,0,0,0,0,0,0,1000,1000,1000,1000,0,0,0,0,0
2025-12-15 00:43:25.870,SERVO_OUTPUT_RAW,561109808,SERVO_OUTPUT_RAW,0,0,0,0,0,0,0,0,1000,1000,1000,1000,0,0,0,0,0
2025-12-15 00:43:25.970,SERVO_OUTPUT_RAW,561209805,SERVO_OUTPUT_RAW,0,0,0,0,0,0,0,0,1000,1000,1000,1000,0,0,0,0,0
2025-12-15 00:43:26.070,SERVO_OUTPUT_RAW,561309783,SERVO_OUTPUT_RAW,0,0,0,0,0,0,0,0,1000,1000,1000,1000,0,0,0,0,0
2025-12-15 00:43:26.171,SERVO_OUTPUT_RAW,561409791,SERVO_OUTPUT_RAW,0,0,0,0,0,0,0,0,1000,1000,1000,1000,0,0,0,0,0
2025-12-15 00:43:26.271,SERVO_OUTPUT_RAW,561509785,SERVO_OUTPUT_RAW,0,0,0,0,0,0,0,0,1000,1000,1000,1000,0,0,0,0,0
2025-12-15 00:43:26.371,SERVO_OUTPUT_RAW,561609796,SERVO_OUTPUT_RAW,0,0,0,0,0,0,0,0,1000,1000,1000,1000,0,0,0,0,0
2025-12-15 00:43:26.469,SERVO_OUTPUT_RAW,561709793,SERVO_OUTPUT_RAW,0,0,0,0,0,0,0,0,1000,1000,1000,1000,0,0,0,0,0
2025-12-15 00:43:26.570,SERVO_OUTPUT_RAW,561809817,SERVO_OUTPUT_RAW,0,0,0,0,0,0,0,0,1000,1000,1000,1000,0,0,0,0,0
2025-12-15 00:43:26.670,SERVO_OUTPUT_RAW,561909845,SERVO_OUTPUT_RAW,0,0,0,0,0,0,0,0,1000,1000,1000,1000,0,0,0,0,0
2025-12-15 00:43:26.770,SERVO_OUTPUT_RAW,562009834,SERVO_OUTPUT_RAW,0,0,0,0,0,0,0,0,1000,1000,1000,1000,0,0,0,0,0
2025-12-15 00:43:26.870,SERVO_OUTPUT_RAW,562109808,SERVO_OUTPUT_RAW,0,0,0,0,0,0,0,0,1000,1000,1000,1000,0,0,0,0,0
2025-12-15 00:43:26.970,SERVO_OUTPUT_RAW,562209816,SERVO_OUTPUT_RAW,0,0,0,0,0,0,0,0,1000,1000,1000,1000,0,0,0,0,0
2025-12-15 00:43:27.071,SERVO_OUTPUT_RAW,562309828,SERVO_OUTPUT_RAW,0,0,0,0,0,0,0,0,1000,1000,1000,1000,0,0,0,0,0
2025-12-15 00:43:27.171,SERVO_OUTPUT_RAW,562409893,SERVO_OUTPUT_RAW,0,0,0,0,0,0,0,0,1000,1000,1000,1000,0,0,0,0,0
2025-12-15 00:43:27.271,SERVO_OUTPUT_RAW,562509834,SERVO_OUTPUT_RAW,0,0,0,0,0,0,0,0,1000,1000,1000,1000,0,0,0,0,0
2025-12-15 00:43:27.371,SERVO_OUTPUT_RAW,562609789,SERVO_OUTPUT_RAW,0,0,0,0,0,0,0,0,1000,1000,1000,1000,0,0,0,0,0
2025-12-15 00:43:27.472,SERVO_OUTPUT_RAW,562709933,SERVO_OUTPUT_RAW,0,0,0,0,0,0,0,0,1000,1000,1000,1000,0,0,0,0,0
2025-12-15 00:43:27.569,SERVO_OUTPUT_RAW,562809834,SERVO_OUTPUT_RAW,0,0,0,0,0,0,0,0,1000,1000,1000,1000,0,0,0,0,0
2025-12-15 00:43:27.670,SERVO_OUTPUT_RAW,562909790,SERVO_OUTPUT_RAW,0,0,0,0,0,0,0,0,1000,1000,1000,1000,0,0,0,0,0
2025-12-15 00:43:27.770,SERVO_OUTPUT_RAW,563009786,SERVO_OUTPUT_RAW,0,0,0,0,0,0,0,0,1000,1000,1000,1000,0,0,0,0,0
2025-12-15 00:43:27.870,SERVO_OUTPUT_RAW,563109785,SERVO_OUTPUT_RAW,0,0,0,0,0,0,0,0,1000,1000,1000,1000,0,0,0,0,0
2025-12-15 00:43:27.970,SERVO_OUTPUT_RAW,563209783,SERVO_OUTPUT_RAW,0,0,0,0,0,0,0,0,1000,1000,1000,1000,0,0,0,0,0
2025-12-15 00:43:28.070,SERVO_OUTPUT_RAW,563309778,SERVO_OUTPUT_RAW,0,0,0,0,0,0,0,0,1000,1000,1000,1000,0,0,0,0,0
2025-12-15 00:43:28.170,SERVO_OUTPUT_RAW,563409797,SERVO_OUTPUT_RAW,0,0,0,0,0,0,0,0,1000,1000,1000,1000,0,0,0,0,0
2025-12-15 00:43:28.270,SERVO_OUTPUT_RAW,563509824,SERVO_OUTPUT_RAW,0,0,0,0,0,0,0,0,1000,1000,1000,1000,0,0,0,0,0
2025-12-15 00:43:28.370,SERVO_OUTPUT_RAW,563609893,SERVO_OUTPUT_RAW,0,0,0,0,0,0,0,0,1000,1000,1000,1000,0,0,0,0,0
2025-12-15 00:43:28.470,SERVO_OUTPUT_RAW,563712172,SERVO_OUTPUT_RAW,0,0,0,0,0,0,0,0,1000,1000,1000,1000,0,0,0,0,0
2025-12-15 00:43:28.570,SERVO_OUTPUT_RAW,563809819,SERVO_OUTPUT_RAW,0,0,0,0,0,0,0,0,1000,1000,1000,1000,0,0,0,0,0
2025-12-15 00:43:28.670,SERVO_OUTPUT_RAW,563909857,SERVO_OUTPUT_RAW,0,0,0,0,0,0,0,0,1000,1000,1000,1000,0,0,0,0,0
2025-12-15 00:43:28.770,SERVO_OUTPUT_RAW,564009845,SERVO_OUTPUT_RAW,0,0,0,0,0,0,0,0,1000,1000,1000,1000,0,0,0,0,0
2025-12-15 00:43:28.870,SERVO_OUTPUT_RAW,564109787,SERVO_OUTPUT_RAW,0,0,0,0,0,0,0,0,1000,1000,1000,1000,0,0,0,0,0
2025-12-15 00:43:28.970,SERVO_OUTPUT_RAW,564209798,SERVO_OUTPUT_RAW,0,0,0,0,0,0,0,0,1000,1000,1000,1000,0,0,0,0,0
2025-12-15 00:43:29.070,SERVO_OUTPUT_RAW,564309817,SERVO_OUTPUT_RAW,0,0,0,0,0,0,0,0,1000,1000,1000,1000,0,0,0,0,0
2025-12-15 00:43:29.170,SERVO_OUTPUT_RAW,564409786,SERVO_OUTPUT_RAW,0,0,0,0,0,0,0,0,1000,1000,1000,1000,0,0,0,0,0
2025-12-15 00:43:29.270,SERVO_OUTPUT_RAW,564509793,SERVO_OUTPUT_RAW,0,0,0,0,0,0,0,0,1000,1000,1000,1000,0,0,0,0,0
2025-12-15 00:43:29.370,SERVO_OUTPUT_RAW,564609781,SERVO_OUTPUT_RAW,0,0,0,0,0,0,0,0,1000,1000,1000,1000,0,0,0,0,0
2025-12-15 00:43:29.470,SERVO_OUTPUT_RAW,564709797,SERVO_OUTPUT_RAW,0,0,0,0,0,0,0,0,1000,1000,1000,1000,0,0,0,0,0
2025-12-15 00:43:29.570,SERVO_OUTPUT_RAW,564809783,SERVO_OUTPUT_RAW,0,0,0,0,0,0,0,0,1000,1000,1000,1000,0,0,0,0,0
2025-12-15 00:43:29.670,SERVO_OUTPUT_RAW,564909826,SERVO_OUTPUT_RAW,0,0,0,0,0,0,0,0,1000,1000,1000,1000,0,0,0,0,0
2025-12-15 00:43:29.770,SERVO_OUTPUT_RAW,565009823,SERVO_OUTPUT_RAW,0,0,0,0,0,0,0,0,1000,1000,1000,1000,0,0,0,0,0
2025-12-15 00:43:29.870,SERVO_OUTPUT_RAW,565109845,SERVO_OUTPUT_RAW,0,0,0,0,0,0,0,0,1000,1000,1000,1000,0,0,0,0,0
2025-12-15 00:43:29.970,SERVO_OUTPUT_RAW,565209809,SERVO_OUTPUT_RAW,0,0,0,0,0,0,0,0,1000,1000,1000,1000,0,0,0,0,0
2025-12-15 00:43:30.070,SERVO_OUTPUT_RAW,565309847,SERVO_OUTPUT_RAW,0,0,0,0,0,0,0,0,1000,1000,1000,1000,0,0,0,0,0
2025-12-15 00:43:30.170,SERVO_OUTPUT_RAW,565409844,SERVO_OUTPUT_RAW,0,0,0,0,0,0,0,0,1000,1000,1000,1000,0,0,0,0,0
2025-12-15 00:43:30.270,SERVO_OUTPUT_RAW,565509842,SERVO_OUTPUT_RAW,0,0,0,0,0,0,0,0,1000,1000,1000,1000,0,0,0,0,0
2025-12-15 00:43:30.370,SERVO_OUTPUT_RAW,565609829,SERVO_OUTPUT_RAW,0,0,0,0,0,0,0,0,1000,1000,1000,1000,0,0,0,0,0
2025-12-15 00:43:30.470,SERVO_OUTPUT_RAW,565709799,SERVO_OUTPUT_RAW,0,0,0,0,0,0,0,0,1000,1000,1000,1000,0,0,0,0,0
2025-12-15 00:43:30.570,SERVO_OUTPUT_RAW,565809935,SERVO_OUTPUT_RAW,0,0,0,0,0,0,0,0,1000,1000,1000,1000,0,0,0,0,0
2025-12-15 00:43:30.670,SERVO_OUTPUT_RAW,565909828,SERVO_OUTPUT_RAW,0,0,0,0,0,0,0,0,1000,1000,1000,1000,0,0,0,0,0
2025-12-15 00:43:30.770,SERVO_OUTPUT_RAW,566009787,SERVO_OUTPUT_RAW,0,0,0,0,0,0,0,0,1000,1000,1000,1000,0,0,0,0,0
2025-12-15 00:43:30.870,SERVO_OUTPUT_RAW,566109791,SERVO_OUTPUT_RAW,0,0,0,0,0,0,0,0,1000,1000,1000,1000,0,0,0,0,0
2025-12-15 00:43:30.970,SERVO_OUTPUT_RAW,566209789,SERVO_OUTPUT_RAW,0,0,0,0,0,0,0,0,1000,1000,1000,1000,0,0,0,0,0
2025-12-15 00:43:31.070,SERVO_OUTPUT_RAW,566309815,SERVO_OUTPUT_RAW,0,0,0,0,0,0,0,0,1000,1000,1000,1000,0,0,0,0,0
2025-12-15 00:43:31.170,SERVO_OUTPUT_RAW,566409789,SERVO_OUTPUT_RAW,0,0,0,0,0,0,0,0,1000,1000,1000,1000,0,0,0,0,0
2025-12-15 00:43:31.270,SERVO_OUTPUT_RAW,566509801,SERVO_OUTPUT_RAW,0,0,0,0,0,0,0,0,1000,1000,1000,1000,0,0,0,0,0
2025-12-15 00:43:31.370,SERVO_OUTPUT_RAW,566609827,SERVO_OUTPUT_RAW,0,0,0,0,0,0,0,0,1000,1000,1000,1000,0,0,0,0,0
2025-12-15 00:43:31.470,SERVO_OUTPUT_RAW,566709790,SERVO_OUTPUT_RAW,0,0,0,0,0,0,0,0,1000,1000,1000,1000,0,0,0,0,0
2025-12-15 00:43:31.570,SERVO_OUTPUT_RAW,566809812,SERVO_OUTPUT_RAW,0,0,0,0,0,0,0,0,1000,1000,1000,1000,0,0,0,0,0
2025-12-15 00:43:31.670,SERVO_OUTPUT_RAW,566909802,SERVO_OUTPUT_RAW,0,0,0,0,0,0,0,0,1000,1000,1000,1000,0,0,0,0,0
2025-12-15 00:43:31.770,SERVO_OUTPUT_RAW,567009837,SERVO_OUTPUT_RAW,0,0,0,0,0,0,0,0,1000,1000,1000,1000,0,0,0,0,0
2025-12-15 00:43:31.870,SERVO_OUTPUT_RAW,567109852,SERVO_OUTPUT_RAW,0,0,0,0,0,0,0,0,1000,1000,1000,1000,0,0,0,0,0
2025-12-15 00:43:31.971,SERVO_OUTPUT_RAW,567209890,SERVO_OUTPUT_RAW,0,0,0,0,0,0,0,0,1000,1000,1000,1000,0,0,0,0,0
2025-12-15 00:43:32.070,SERVO_OUTPUT_RAW,567309801,SERVO_OUTPUT_RAW,0,0,0,0,0,0,0,0,1000,1000,1000,1000,0,0,0,0,0
2025-12-15 00:43:32.170,SERVO_OUTPUT_RAW,567409828,SERVO_OUTPUT_RAW,0,0,0,0,0,0,0,0,1000,1000,1000,1000,0,0,0,0,0
2025-12-15 00:43:32.270,SERVO_OUTPUT_RAW,567509827,SERVO_OUTPUT_RAW,0,0,0,0,0,0,0,0,1000,1000,1000,1000,0,0,0,0,0
2025-12-15 00:43:32.374,SERVO_OUTPUT_RAW,567609796,SERVO_OUTPUT_RAW,0,0,0,0,0,0,0,0,1000,1000,1000,1000,0,0,0,0,0
2025-12-15 00:43:32.470,SERVO_OUTPUT_RAW,567709784,SERVO_OUTPUT_RAW,0,0,0,0,0,0,0,0,1000,1000,1000,1000,0,0,0,0,0
2025-12-15 00:43:32.570,SERVO_OUTPUT_RAW,567809784,SERVO_OUTPUT_RAW,0,0,0,0,0,0,0,0,1000,1000,1000,1000,0,0,0,0,0
2025-12-15 00:43:32.670,SERVO_OUTPUT_RAW,567909863,SERVO_OUTPUT_RAW,0,0,0,0,0,0,0,0,1000,1000,1000,1000,0,0,0,0,0
2025-12-15 00:43:32.770,SERVO_OUTPUT_RAW,568009783,SERVO_OUTPUT_RAW,0,0,0,0,0,0,0,0,1000,1000,1000,1000,0,0,0,0,0
2025-12-15 00:43:32.870,SERVO_OUTPUT_RAW,568109810,SERVO_OUTPUT_RAW,0,0,0,0,0,0,0,0,1000,1000,1000,1000,0,0,0,0,0
2025-12-15 00:43:32.971,SERVO_OUTPUT_RAW,568212142,SERVO_OUTPUT_RAW,0,0,0,0,0,0,0,0,1000,1000,1000,1000,0,0,0,0,0
2025-12-15 00:43:33.070,SERVO_OUTPUT_RAW,568309864,SERVO_OUTPUT_RAW,0,0,0,0,0,0,0,0,1000,1000,1000,1000,0,0,0,0,0
2025-12-15 00:43:33.170,SERVO_OUTPUT_RAW,568409788,SERVO_OUTPUT_RAW,0,0,0,0,0,0,0,0,1000,1000,1000,1000,0,0,0,0,0
2025-12-15 00:43:33.270,SERVO_OUTPUT_RAW,568509826,SERVO_OUTPUT_RAW,0,0,0,0,0,0,0,0,1000,1000,1000,1000,0,0,0,0,0
2025-12-15 00:43:33.370,SERVO_OUTPUT_RAW,568609855,SERVO_OUTPUT_RAW,0,0,0,0,0,0,0,0,1000,1000,1000,1000,0,0,0,0,0
2025-12-15 00:43:33.470,SERVO_OUTPUT_RAW,568709782,SERVO_OUTPUT_RAW,0,0,0,0,0,0,0,0,1000,1000,1000,1000,0,0,0,0,0
2025-12-15 00:43:33.570,SERVO_OUTPUT_RAW,568809788,SERVO_OUTPUT_RAW,0,0,0,0,0,0,0,0,1000,1000,1000,1000,0,0,0,0,0
2025-12-15 00:43:33.670,SERVO_OUTPUT_RAW,568909811,SERVO_OUTPUT_RAW,0,0,0,0,0,0,0,0,1000,1000,1000,1000,0,0,0,0,0
2025-12-15 00:43:33.770,SERVO_OUTPUT_RAW,569009827,SERVO_OUTPUT_RAW,0,0,0,0,0,0,0,0,1000,1000,1000,1000,0,0,0,0,0
2025-12-15 00:43:33.870,SERVO_OUTPUT_RAW,569109780,SERVO_OUTPUT_RAW,0,0,0,0,0,0,0,0,1000,1000,1000,1000,0,0,0,0,0
2025-12-15 00:43:33.970,SERVO_OUTPUT_RAW,569209794,SERVO_OUTPUT_RAW,0,0,0,0,0,0,0,0,1000,1000,1000,1000,0,0,0,0,0
2025-12-15 00:43:34.071,SERVO_OUTPUT_RAW,569309792,SERVO_OUTPUT_RAW,0,0,0,0,0,0,0,0,1000,1000,1000,1000,0,0,0,0,0
2025-12-15 00:43:34.170,SERVO_OUTPUT_RAW,569409797,SERVO_OUTPUT_RAW,0,0,0,0,0,0,0,0,1000,1000,1000,1000,0,0,0,0,0
2025-12-15 00:43:34.270,SERVO_OUTPUT_RAW,569509786,SERVO_OUTPUT_RAW,0,0,0,0,0,0,0,0,1000,1000,1000,1000,0,0,0,0,0
2025-12-15 00:43:34.371,SERVO_OUTPUT_RAW,569609802,SERVO_OUTPUT_RAW,0,0,0,0,0,0,0,0,1000,1000,1000,1000,0,0,0,0,0
2025-12-15 00:43:34.471,SERVO_OUTPUT_RAW,569709827,SERVO_OUTPUT_RAW,0,0,0,0,0,0,0,0,1000,1000,1000,1000,0,0,0,0,0
2025-12-15 00:43:34.570,SERVO_OUTPUT_RAW,569809853,SERVO_OUTPUT_RAW,0,0,0,0,0,0,0,0,1000,1000,1000,1000,0,0,0,0,0
2025-12-15 00:43:34.671,SERVO_OUTPUT_RAW,569909910,SERVO_OUTPUT_RAW,0,0,0,0,0,0,0,0,1000,1000,1000,1000,0,0,0,0,0
2025-12-15 00:43:34.771,SERVO_OUTPUT_RAW,570012159,SERVO_OUTPUT_RAW,0,0,0,0,0,0,0,0,1000,1000,1000,1000,0,0,0,0,0
2025-12-15 00:43:34.871,SERVO_OUTPUT_RAW,570109819,SERVO_OUTPUT_RAW,0,0,0,0,0,0,0,0,1000,1000,1000,1000,0,0,0,0,0
2025-12-15 00:43:34.971,SERVO_OUTPUT_RAW,570209838,SERVO_OUTPUT_RAW,0,0,0,0,0,0,0,0,1000,1000,1000,1000,0,0,0,0,0
2025-12-15 00:43:35.071,SERVO_OUTPUT_RAW,570309818,SERVO_OUTPUT_RAW,0,0,0,0,0,0,0,0,1000,1000,1000,1000,0,0,0,0,0
2025-12-15 00:43:35.171,SERVO_OUTPUT_RAW,570409793,SERVO_OUTPUT_RAW,0,0,0,0,0,0,0,0,1000,1000,1000,1000,0,0,0,0,0
2025-12-15 00:43:35.271,SERVO_OUTPUT_RAW,570509825,SERVO_OUTPUT_RAW,0,0,0,0,0,0,0,0,1000,1000,1000,1000,0,0,0,0,0
2025-12-15 00:43:35.371,SERVO_OUTPUT_RAW,570609814,SERVO_OUTPUT_RAW,0,0,0,0,0,0,0,0,1000,1000,1000,1000,0,0,0,0,0
2025-12-15 00:43:35.471,SERVO_OUTPUT_RAW,570709790,SERVO_OUTPUT_RAW,0,0,0,0,0,0,0,0,1000,1000,1000,1000,0,0,0,0,0
2025-12-15 00:43:35.571,SERVO_OUTPUT_RAW,570809805,SERVO_OUTPUT_RAW,0,0,0,0,0,0,0,0,1000,1000,1000,1000,0,0,0,0,0
2025-12-15 00:43:35.671,SERVO_OUTPUT_RAW,570909787,SERVO_OUTPUT_RAW,0,0,0,0,0,0,0,0,1000,1000,1000,1000,0,0,0,0,0
2025-12-15 00:43:35.771,SERVO_OUTPUT_RAW,571009789,SERVO_OUTPUT_RAW,0,0,0,0,0,0,0,0,1000,1000,1000,1000,0,0,0,0,0
2025-12-15 00:43:35.870,SERVO_OUTPUT_RAW,571109795,SERVO_OUTPUT_RAW,0,0,0,0,0,0,0,0,1000,1000,1000,1000,0,0,0,0,0
2025-12-15 00:43:35.970,SERVO_OUTPUT_RAW,571209817,SERVO_OUTPUT_RAW,0,0,0,0,0,0,0,0,1000,1000,1000,1000,0,0,0,0,0
2025-12-15 00:43:36.071,SERVO_OUTPUT_RAW,571309837,SERVO_OUTPUT_RAW,0,0,0,0,0,0,0,0,1000,1000,1000,1000,0,0,0,0,0
2025-12-15 00:43:36.170,SERVO_OUTPUT_RAW,571409790,SERVO_OUTPUT_RAW,0,0,0,0,0,0,0,0,1000,1000,1000,1000,0,0,0,0,0
2025-12-15 00:43:36.271,SERVO_OUTPUT_RAW,571509797,SERVO_OUTPUT_RAW,0,0,0,0,0,0,0,0,1000,1000,1000,1000,0,0,0,0,0
2025-12-15 00:43:36.371,SERVO_OUTPUT_RAW,571609815,SERVO_OUTPUT_RAW,0,0,0,0,0,0,0,0,1000,1000,1000,1000,0,0,0,0,0
2025-12-15 00:43:36.471,SERVO_OUTPUT_RAW,571709851,SERVO_OUTPUT_RAW,0,0,0,0,0,0,0,0,1000,1000,1000,1000,0,0,0,0,0
2025-12-15 00:43:36.571,SERVO_OUTPUT_RAW,571809839,SERVO_OUTPUT_RAW,0,0,0,0,0,0,0,0,1000,1000,1000,1000,0,0,0,0,0
2025-12-15 00:43:36.670,SERVO_OUTPUT_RAW,571909775,SERVO_OUTPUT_RAW,0,0,0,0,0,0,0,0,1000,1000,1000,1000,0,0,0,0,0
2025-12-15 00:43:36.770,SERVO_OUTPUT_RAW,572009799,SERVO_OUTPUT_RAW,0,0,0,0,0,0,0,0,1000,1000,1000,1000,0,0,0,0,0
2025-12-15 00:43:36.871,SERVO_OUTPUT_RAW,572109885,SERVO_OUTPUT_RAW,0,0,0,0,0,0,0,0,1000,1000,1000,1000,0,0,0,0,0
2025-12-15 00:43:36.971,SERVO_OUTPUT_RAW,572209785,SERVO_OUTPUT_RAW,0,0,0,0,0,0,0,0,1000,1000,1000,1000,0,0,0,0,0
2025-12-15 00:43:37.070,SERVO_OUTPUT_RAW,572309795,SERVO_OUTPUT_RAW,0,0,0,0,0,0,0,0,1000,1000,1000,1000,0,0,0,0,0
2025-12-15 00:43:37.170,SERVO_OUTPUT_RAW,572409793,SERVO_OUTPUT_RAW,0,0,0,0,0,0,0,0,1000,1000,1000,1000,0,0,0,0,0
2025-12-15 00:43:37.270,SERVO_OUTPUT_RAW,572509785,SERVO_OUTPUT_RAW,0,0,0,0,0,0,0,0,1000,1000,1000,1000,0,0,0,0,0
2025-12-15 00:43:37.370,SERVO_OUTPUT_RAW,572609805,SERVO_OUTPUT_RAW,0,0,0,0,0,0,0,0,1000,1000,1000,1000,0,0,0,0,0
2025-12-15 00:43:37.471,SERVO_OUTPUT_RAW,572709803,SERVO_OUTPUT_RAW,0,0,0,0,0,0,0,0,1000,1000,1000,1000,0,0,0,0,0
2025-12-15 00:43:37.571,SERVO_OUTPUT_RAW,572809827,SERVO_OUTPUT_RAW,0,0,0,0,0,0,0,0,1000,1000,1000,1000,0,0,0,0,0
2025-12-15 00:43:37.670,SERVO_OUTPUT_RAW,572909841,SERVO_OUTPUT_RAW,0,0,0,0,0,0,0,0,1000,1000,1000,1000,0,0,0,0,0
2025-12-15 00:43:37.770,SERVO_OUTPUT_RAW,573009806,SERVO_OUTPUT_RAW,0,0,0,0,0,0,0,0,1000,1000,1000,1000,0,0,0,0,0
2025-12-15 00:43:37.870,SERVO_OUTPUT_RAW,573109802,SERVO_OUTPUT_RAW,0,0,0,0,0,0,0,0,1000,1000,1000,1000,0,0,0,0,0
2025-12-15 00:43:37.971,SERVO_OUTPUT_RAW,573209822,SERVO_OUTPUT_RAW,0,0,0,0,0,0,0,0,1000,1000,1000,1000,0,0,0,0,0
2025-12-15 00:43:38.071,SERVO_OUTPUT_RAW,573309845,SERVO_OUTPUT_RAW,0,0,0,0,0,0,0,0,1000,1000,1000,1000,0,0,0,0,0
2025-12-15 00:43:38.170,SERVO_OUTPUT_RAW,573409855,SERVO_OUTPUT_RAW,0,0,0,0,0,0,0,0,1000,1000,1000,1000,0,0,0,0,0
2025-12-15 00:43:38.270,SERVO_OUTPUT_RAW,573509800,SERVO_OUTPUT_RAW,0,0,0,0,0,0,0,0,1000,1000,1000,1000,0,0,0,0,0
2025-12-15 00:43:38.370,SERVO_OUTPUT_RAW,573609807,SERVO_OUTPUT_RAW,0,0,0,0,0,0,0,0,1000,1000,1000,1000,0,0,0,0,0
2025-12-15 00:43:38.470,SERVO_OUTPUT_RAW,573709812,SERVO_OUTPUT_RAW,0,0,0,0,0,0,0,0,1000,1000,1000,1000,0,0,0,0,0
2025-12-15 00:43:38.570,SERVO_OUTPUT_RAW,573809790,SERVO_OUTPUT_RAW,0,0,0,0,0,0,0,0,1000,1000,1000,1000,0,0,0,0,0
2025-12-15 00:43:38.670,SERVO_OUTPUT_RAW,573909784,SERVO_OUTPUT_RAW,0,0,0,0,0,0,0,0,1000,1000,1000,1000,0,0,0,0,0
2025-12-15 00:43:38.770,SERVO_OUTPUT_RAW,574009798,SERVO_OUTPUT_RAW,0,0,0,0,0,0,0,0,1000,1000,1000,1000,0,0,0,0,0
2025-12-15 00:43:38.870,SERVO_OUTPUT_RAW,574109784,SERVO_OUTPUT_RAW,0,0,0,0,0,0,0,0,1000,1000,1000,1000,0,0,0,0,0
2025-12-15 00:43:38.970,SERVO_OUTPUT_RAW,574212144,SERVO_OUTPUT_RAW,0,0,0,0,0,0,0,0,1000,1000,1000,1000,0,0,0,0,0
2025-12-15 00:43:39.070,SERVO_OUTPUT_RAW,574309819,SERVO_OUTPUT_RAW,0,0,0,0,0,0,0,0,1000,1000,1000,1000,0,0,0,0,0
2025-12-15 00:43:39.170,SERVO_OUTPUT_RAW,574412139,SERVO_OUTPUT_RAW,0,0,0,0,0,0,0,0,1000,1000,1000,1000,0,0,0,0,0
2025-12-15 00:43:39.270,SERVO_OUTPUT_RAW,574509852,SERVO_OUTPUT_RAW,0,0,0,0,0,0,0,0,1000,1000,1000,1000,0,0,0,0,0
2025-12-15 00:43:39.370,SERVO_OUTPUT_RAW,574609804,SERVO_OUTPUT_RAW,0,0,0,0,0,0,0,0,1000,1000,1000,1000,0,0,0,0,0
2025-12-15 00:43:39.470,SERVO_OUTPUT_RAW,574709808,SERVO_OUTPUT_RAW,0,0,0,0,0,0,0,0,1000,1000,1000,1000,0,0,0,0,0
2025-12-15 00:43:39.570,SERVO_OUTPUT_RAW,574809851,SERVO_OUTPUT_RAW,0,0,0,0,0,0,0,0,1000,1000,1000,1000,0,0,0,0,0
2025-12-15 00:43:39.670,SERVO_OUTPUT_RAW,574909839,SERVO_OUTPUT_RAW,0,0,0,0,0,0,0,0,1000,1000,1000,1000,0,0,0,0,0
2025-12-15 00:43:39.770,SERVO_OUTPUT_RAW,575009842,SERVO_OUTPUT_RAW,0,0,0,0,0,0,0,0,1000,1000,1000,1000,0,0,0,0,0
2025-12-15 00:43:39.872,SERVO_OUTPUT_RAW,575109802,SERVO_OUTPUT_RAW,0,0,0,0,0,0,0,0,1000,1000,1000,1000,0,0,0,0,0
2025-12-15 00:43:39.970,SERVO_OUTPUT_RAW,575209808,SERVO_OUTPUT_RAW,0,0,0,0,0,0,0,0,1000,1000,1000,1000,0,0,0,0,0
2025-12-15 00:43:40.070,SERVO_OUTPUT_RAW,575309842,SERVO_OUTPUT_RAW,0,0,0,0,0,0,0,0,1000,1000,1000,1000,0,0,0,0,0
2025-12-15 00:43:40.171,SERVO_OUTPUT_RAW,575409780,SERVO_OUTPUT_RAW,0,0,0,0,0,0,0,0,1000,1000,1000,1000,0,0,0,0,0
2025-12-15 00:43:40.270,SERVO_OUTPUT_RAW,575509776,SERVO_OUTPUT_RAW,0,0,0,0,0,0,0,0,1000,1000,1000,1000,0,0,0,0,0
2025-12-15 00:43:40.370,SERVO_OUTPUT_RAW,575609796,SERVO_OUTPUT_RAW,0,0,0,0,0,0,0,0,1000,1000,1000,1000,0,0,0,0,0
2025-12-15 00:43:40.470,SERVO_OUTPUT_RAW,575709787,SERVO_OUTPUT_RAW,0,0,0,0,0,0,0,0,1000,1000,1000,1000,0,0,0,0,0
2025-12-15 00:43:40.570,SERVO_OUTPUT_RAW,575809818,SERVO_OUTPUT_RAW,0,0,0,0,0,0,0,0,1000,1000,1000,1000,0,0,0,0,0
2025-12-15 00:43:40.670,SERVO_OUTPUT_RAW,575909832,SERVO_OUTPUT_RAW,0,0,0,0,0,0,0,0,1000,1000,1000,1000,0,0,0,0,0
2025-12-15 00:43:40.770,SERVO_OUTPUT_RAW,576012143,SERVO_OUTPUT_RAW,0,0,0,0,0,0,0,0,1000,1000,1000,1000,0,0,0,0,0
2025-12-15 00:43:40.870,SERVO_OUTPUT_RAW,576109854,SERVO_OUTPUT_RAW,0,0,0,0,0,0,0,0,1000,1000,1000,1000,0,0,0,0,0
2025-12-15 00:43:40.970,SERVO_OUTPUT_RAW,576209825,SERVO_OUTPUT_RAW,0,0,0,0,0,0,0,0,1000,1000,1000,1000,0,0,0,0,0
2025-12-15 00:43:41.070,SERVO_OUTPUT_RAW,576312080,SERVO_OUTPUT_RAW,0,0,0,0,0,0,0,0,1000,1000,1000,1000,0,0,0,0,0
2025-12-15 00:43:41.170,SERVO_OUTPUT_RAW,576409840,SERVO_OUTPUT_RAW,0,0,0,0,0,0,0,0,1000,1000,1000,1000,0,0,0,0,0
2025-12-15 00:43:41.270,SERVO_OUTPUT_RAW,576509775,SERVO_OUTPUT_RAW,0,0,0,0,0,0,0,0,1000,1000,1000,1000,0,0,0,0,0
2025-12-15 00:43:41.370,SERVO_OUTPUT_RAW,576609782,SERVO_OUTPUT_RAW,0,0,0,0,0,0,0,0,1000,1000,1000,1000,0,0,0,0,0
2025-12-15 00:43:41.470,SERVO_OUTPUT_RAW,576709811,SERVO_OUTPUT_RAW,0,0,0,0,0,0,0,0,1000,1000,1000,1000,0,0,0,0,0
2025-12-15 00:43:41.570,SERVO_OUTPUT_RAW,576809837,SERVO_OUTPUT_RAW,0,0,0,0,0,0,0,0,1000,1000,1000,1000,0,0,0,0,0
2025-12-15 00:43:41.671,SERVO_OUTPUT_RAW,576909809,SERVO_OUTPUT_RAW,0,0,0,0,0,0,0,0,1000,1000,1000,1000,0,0,0,0,0
2025-12-15 00:43:41.770,SERVO_OUTPUT_RAW,577009790,SERVO_OUTPUT_RAW,0,0,0,0,0,0,0,0,1000,1000,1000,1000,0,0,0,0,0
2025-12-15 00:43:41.871,SERVO_OUTPUT_RAW,577109808,SERVO_OUTPUT_RAW,0,0,0,0,0,0,0,0,1000,1000,1000,1000,0,0,0,0,0
2025-12-15 00:43:41.971,SERVO_OUTPUT_RAW,577209793,SERVO_OUTPUT_RAW,0,0,0,0,0,0,0,0,1000,1000,1000,1000,0,0,0,0,0
2025-12-15 00:43:42.070,SERVO_OUTPUT_RAW,577309819,SERVO_OUTPUT_RAW,0,0,0,0,0,0,0,0,1000,1000,1000,1000,0,0,0,0,0
2025-12-15 00:43:42.171,SERVO_OUTPUT_RAW,577409797,SERVO_OUTPUT_RAW,0,0,0,0,0,0,0,0,1000,1000,1000,1000,0,0,0,0,0
2025-12-15 00:43:42.271,SERVO_OUTPUT_RAW,577509834,SERVO_OUTPUT_RAW,0,0,0,0,0,0,0,0,1000,1000,1000,1000,0,0,0,0,0
2025-12-15 00:43:42.371,SERVO_OUTPUT_RAW,577609838,SERVO_OUTPUT_RAW,0,0,0,0,0,0,0,0,1000,1000,1000,1000,0,0,0,0,0
2025-12-15 00:43:42.471,SERVO_OUTPUT_RAW,577709854,SERVO_OUTPUT_RAW,0,0,0,0,0,0,0,0,1000,1000,1000,1000,0,0,0,0,0
2025-12-15 00:43:42.570,SERVO_OUTPUT_RAW,577809821,SERVO_OUTPUT_RAW,0,0,0,0,0,0,0,0,1000,1000,1000,1000,0,0,0,0,0
2025-12-15 00:43:42.672,SERVO_OUTPUT_RAW,577909835,SERVO_OUTPUT_RAW,0,0,0,0,0,0,0,0,1000,1000,1000,1000,0,0,0,0,0
2025-12-15 00:43:42.772,SERVO_OUTPUT_RAW,578009852,SERVO_OUTPUT_RAW,0,0,0,0,0,0,0,0,1000,1000,1000,1000,0,0,0,0,0
2025-12-15 00:43:42.871,SERVO_OUTPUT_RAW,578109815,SERVO_OUTPUT_RAW,0,0,0,0,0,0,0,0,1000,1000,1000,1000,0,0,0,0,0
2025-12-15 00:43:42.971,SERVO_OUTPUT_RAW,578209784,SERVO_OUTPUT_RAW,0,0,0,0,0,0,0,0,1000,1000,1000,1000,0,0,0,0,0
2025-12-15 00:43:43.071,SERVO_OUTPUT_RAW,578309824,SERVO_OUTPUT_RAW,0,0,0,0,0,0,0,0,1000,1000,1000,1000,0,0,0,0,0
2025-12-15 00:43:43.171,SERVO_OUTPUT_RAW,578409873,SERVO_OUTPUT_RAW,0,0,0,0,0,0,0,0,1000,1000,1000,1000,0,0,0,0,0
2025-12-15 00:43:43.271,SERVO_OUTPUT_RAW,578509777,SERVO_OUTPUT_RAW,0,0,0,0,0,0,0,0,1000,1000,1000,1000,0,0,0,0,0
2025-12-15 00:43:43.371,SERVO_OUTPUT_RAW,578609775,SERVO_OUTPUT_RAW,0,0,0,0,0,0,0,0,1000,1000,1000,1000,0,0,0,0,0
2025-12-15 00:43:43.471,SERVO_OUTPUT_RAW,578709790,SERVO_OUTPUT_RAW,0,0,0,0,0,0,0,0,1000,1000,1000,1000,0,0,0,0,0
2025-12-15 00:43:43.572,SERVO_OUTPUT_RAW,578809775,SERVO_OUTPUT_RAW,0,0,0,0,0,0,0,0,1000,1000,1000,1000,0,0,0,0,0
2025-12-15 00:43:43.671,SERVO_OUTPUT_RAW,578909819,SERVO_OUTPUT_RAW,0,0,0,0,0,0,0,0,1000,1000,1000,1000,0,0,0,0,0
2025-12-15 00:43:43.772,SERVO_OUTPUT_RAW,579009802,SERVO_OUTPUT_RAW,0,0,0,0,0,0,0,0,1000,1000,1000,1000,0,0,0,0,0
2025-12-15 00:43:43.871,SERVO_OUTPUT_RAW,579109828,SERVO_OUTPUT_RAW,0,0,0,0,0,0,0,0,1000,1000,1000,1000,0,0,0,0,0
2025-12-15 00:43:43.972,SERVO_OUTPUT_RAW,579209821,SERVO_OUTPUT_RAW,0,0,0,0,0,0,0,0,1000,1000,1000,1000,0,0,0,0,0
2025-12-15 00:43:44.072,SERVO_OUTPUT_RAW,579309813,SERVO_OUTPUT_RAW,0,0,0,0,0,0,0,0,1000,1000,1000,1000,0,0,0,0,0
2025-12-15 00:43:44.171,SERVO_OUTPUT_RAW,579409813,SERVO_OUTPUT_RAW,0,0,0,0,0,0,0,0,1000,1000,1000,1000,0,0,0,0,0
2025-12-15 00:43:44.271,SERVO_OUTPUT_RAW,579509852,SERVO_OUTPUT_RAW,0,0,0,0,0,0,0,0,1000,1000,1000,1000,0,0,0,0,0
2025-12-15 00:43:44.371,SERVO_OUTPUT_RAW,579609837,SERVO_OUTPUT_RAW,0,0,0,0,0,0,0,0,1000,1000,1000,1000,0,0,0,0,0
2025-12-15 00:43:44.471,SERVO_OUTPUT_RAW,579709798,SERVO_OUTPUT_RAW,0,0,0,0,0,0,0,0,1000,1000,1000,1000,0,0,0,0,0
2025-12-15 00:43:44.571,SERVO_OUTPUT_RAW,579809834,SERVO_OUTPUT_RAW,0,0,0,0,0,0,0,0,1000,1000,1000,1000,0,0,0,0,0
2025-12-15 00:43:44.671,SERVO_OUTPUT_RAW,579909829,SERVO_OUTPUT_RAW,0,0,0,0,0,0,0,0,1000,1000,1000,1000,0,0,0,0,0
2025-12-15 00:43:44.771,SERVO_OUTPUT_RAW,580009800,SERVO_OUTPUT_RAW,0,0,0,0,0,0,0,0,1000,1000,1000,1000,0,0,0,0,0
2025-12-15 00:43:44.871,SERVO_OUTPUT_RAW,580109787,SERVO_OUTPUT_RAW,0,0,0,0,0,0,0,0,1000,1000,1000,1000,0,0,0,0,0
2025-12-15 00:43:44.972,SERVO_OUTPUT_RAW,580209809,SERVO_OUTPUT_RAW,0,0,0,0,0,0,0,0,1000,1000,1000,1000,0,0,0,0,0
2025-12-15 00:43:45.071,SERVO_OUTPUT_RAW,580309784,SERVO_OUTPUT_RAW,0,0,0,0,0,0,0,0,1000,1000,1000,1000,0,0,0,0,0
2025-12-15 00:43:45.171,SERVO_OUTPUT_RAW,580409784,SERVO_OUTPUT_RAW,0,0,0,0,0,0,0,0,1000,1000,1000,1000,0,0,0,0,0
2025-12-15 00:43:45.271,SERVO_OUTPUT_RAW,580509875,SERVO_OUTPUT_RAW,0,0,0,0,0,0,0,0,1000,1000,1000,1000,0,0,0,0,0
2025-12-15 00:43:45.371,SERVO_OUTPUT_RAW,580609819,SERVO_OUTPUT_RAW,0,0,0,0,0,0,0,0,1000,1000,1000,1000,0,0,0,0,0
2025-12-15 00:43:45.471,SERVO_OUTPUT_RAW,580712151,SERVO_OUTPUT_RAW,0,0,0,0,0,0,0,0,1000,1000,1000,1000,0,0,0,0,0
2025-12-15 00:43:45.571,SERVO_OUTPUT_RAW,580809801,SERVO_OUTPUT_RAW,0,0,0,0,0,0,0,0,1000,1000,1000,1000,0,0,0,0,0
2025-12-15 00:43:45.671,SERVO_OUTPUT_RAW,580909793,SERVO_OUTPUT_RAW,0,0,0,0,0,0,0,0,1000,1000,1000,1000,0,0,0,0,0
2025-12-15 00:43:45.771,SERVO_OUTPUT_RAW,581009804,SERVO_OUTPUT_RAW,0,0,0,0,0,0,0,0,1000,1000,1000,1000,0,0,0,0,0
2025-12-15 00:43:45.871,SERVO_OUTPUT_RAW,581109835,SERVO_OUTPUT_RAW,0,0,0,0,0,0,0,0,1000,1000,1000,1000,0,0,0,0,0
2025-12-15 00:43:45.972,SERVO_OUTPUT_RAW,581209864,SERVO_OUTPUT_RAW,0,0,0,0,0,0,0,0,1000,1000,1000,1000,0,0,0,0,0
2025-12-15 00:43:46.071,SERVO_OUTPUT_RAW,581309785,SERVO_OUTPUT_RAW,0,0,0,0,0,0,0,0,1000,1000,1000,1000,0,0,0,0,0
2025-12-15 00:43:46.171,SERVO_OUTPUT_RAW,581409823,SERVO_OUTPUT_RAW,0,0,0,0,0,0,0,0,1000,1000,1000,1000,0,0,0,0,0
2025-12-15 00:43:46.271,SERVO_OUTPUT_RAW,581509818,SERVO_OUTPUT_RAW,0,0,0,0,0,0,0,0,1000,1000,1000,1000,0,0,0,0,0
2025-12-15 00:43:46.371,SERVO_OUTPUT_RAW,581609789,SERVO_OUTPUT_RAW,0,0,0,0,0,0,0,0,1000,1000,1000,1000,0,0,0,0,0
2025-12-15 00:43:46.470,SERVO_OUTPUT_RAW,581709797,SERVO_OUTPUT_RAW,0,0,0,0,0,0,0,0,1000,1000,1000,1000,0,0,0,0,0
2025-12-15 00:43:46.570,SERVO_OUTPUT_RAW,581809808,SERVO_OUTPUT_RAW,0,0,0,0,0,0,0,0,1000,1000,1000,1000,0,0,0,0,0
2025-12-15 00:43:46.670,SERVO_OUTPUT_RAW,581909791,SERVO_OUTPUT_RAW,0,0,0,0,0,0,0,0,1000,1000,1000,1000,0,0,0,0,0
2025-12-15 00:43:46.770,SERVO_OUTPUT_RAW,582009782,SERVO_OUTPUT_RAW,0,0,0,0,0,0,0,0,1000,1000,1000,1000,0,0,0,0,0
2025-12-15 00:43:46.871,SERVO_OUTPUT_RAW,582109785,SERVO_OUTPUT_RAW,0,0,0,0,0,0,0,0,1000,1000,1000,1000,0,0,0,0,0
2025-12-15 00:43:46.971,SERVO_OUTPUT_RAW,582209843,SERVO_OUTPUT_RAW,0,0,0,0,0,0,0,0,1000,1000,1000,1000,0,0,0,0,0
2025-12-15 00:43:47.070,SERVO_OUTPUT_RAW,582309772,SERVO_OUTPUT_RAW,0,0,0,0,0,0,0,0,1000,1000,1000,1000,0,0,0,0,0
2025-12-15 00:43:47.170,SERVO_OUTPUT_RAW,582409801,SERVO_OUTPUT_RAW,0,0,0,0,0,0,0,0,1000,1000,1000,1000,0,0,0,0,0
2025-12-15 00:43:47.271,SERVO_OUTPUT_RAW,582509846,SERVO_OUTPUT_RAW,0,0,0,0,0,0,0,0,1000,1000,1000,1000,0,0,0,0,0
2025-12-15 00:43:47.373,SERVO_OUTPUT_RAW,582612134,SERVO_OUTPUT_RAW,0,0,0,0,0,0,0,0,1000,1000,1000,1000,0,0,0,0,0
2025-12-15 00:43:47.471,SERVO_OUTPUT_RAW,582709857,SERVO_OUTPUT_RAW,0,0,0,0,0,0,0,0,1000,1000,1000,1000,0,0,0,0,0
2025-12-15 00:43:47.571,SERVO_OUTPUT_RAW,582809794,SERVO_OUTPUT_RAW,0,0,0,0,0,0,0,0,1000,1000,1000,1000,0,0,0,0,0
2025-12-15 00:43:47.671,SERVO_OUTPUT_RAW,582909787,SERVO_OUTPUT_RAW,0,0,0,0,0,0,0,0,1000,1000,1000,1000,0,0,0,0,0
2025-12-15 00:43:47.771,SERVO_OUTPUT_RAW,583009809,SERVO_OUTPUT_RAW,0,0,0,0,0,0,0,0,1000,1000,1000,1000,0,0,0,0,0
2025-12-15 00:43:47.871,SERVO_OUTPUT_RAW,583109837,SERVO_OUTPUT_RAW,0,0,0,0,0,0,0,0,1000,1000,1000,1000,0,0,0,0,0
2025-12-15 00:43:47.971,SERVO_OUTPUT_RAW,583209783,SERVO_OUTPUT_RAW,0,0,0,0,0,0,0,0,1000,1000,1000,1000,0,0,0,0,0
2025-12-15 00:43:48.071,SERVO_OUTPUT_RAW,583309780,SERVO_OUTPUT_RAW,0,0,0,0,0,0,0,0,1000,1000,1000,1000,0,0,0,0,0
2025-12-15 00:43:48.171,SERVO_OUTPUT_RAW,583409789,SERVO_OUTPUT_RAW,0,0,0,0,0,0,0,0,1000,1000,1000,1000,0,0,0,0,0
2025-12-15 00:43:48.271,SERVO_OUTPUT_RAW,583509774,SERVO_OUTPUT_RAW,0,0,0,0,0,0,0,0,1000,1000,1000,1000,0,0,0,0,0
2025-12-15 00:43:48.371,SERVO_OUTPUT_RAW,583609792,SERVO_OUTPUT_RAW,0,0,0,0,0,0,0,0,1000,1000,1000,1000,0,0,0,0,0
2025-12-15 00:43:48.471,SERVO_OUTPUT_RAW,583709832,SERVO_OUTPUT_RAW,0,0,0,0,0,0,0,0,1000,1000,1000,1000,0,0,0,0,0
2025-12-15 00:43:48.571,SERVO_OUTPUT_RAW,583809829,SERVO_OUTPUT_RAW,0,0,0,0,0,0,0,0,1000,1000,1000,1000,0,0,0,0,0
2025-12-15 00:43:48.671,SERVO_OUTPUT_RAW,583909870,SERVO_OUTPUT_RAW,0,0,0,0,0,0,0,0,1000,1000,1000,1000,0,0,0,0,0
2025-12-15 00:43:48.771,SERVO_OUTPUT_RAW,584009786,SERVO_OUTPUT_RAW,0,0,0,0,0,0,0,0,1000,1000,1000,1000,0,0,0,0,0
2025-12-15 00:43:48.871,SERVO_OUTPUT_RAW,584109831,SERVO_OUTPUT_RAW,0,0,0,0,0,0,0,0,1000,1000,1000,1000,0,0,0,0,0
2025-12-15 00:43:48.971,SERVO_OUTPUT_RAW,584209854,SERVO_OUTPUT_RAW,0,0,0,0,0,0,0,0,1000,1000,1000,1000,0,0,0,0,0
2025-12-15 00:43:49.071,SERVO_OUTPUT_RAW,584309856,SERVO_OUTPUT_RAW,0,0,0,0,0,0,0,0,1000,1000,1000,1000,0,0,0,0,0
2025-12-15 00:43:49.171,SERVO_OUTPUT_RAW,584409831,SERVO_OUTPUT_RAW,0,0,0,0,0,0,0,0,1000,1000,1000,1000,0,0,0,0,0
2025-12-15 00:43:49.271,SERVO_OUTPUT_RAW,584509801,SERVO_OUTPUT_RAW,0,0,0,0,0,0,0,0,1000,1000,1000,1000,0,0,0,0,0
2025-12-15 00:43:49.371,SERVO_OUTPUT_RAW,584609821,SERVO_OUTPUT_RAW,0,0,0,0,0,0,0,0,1000,1000,1000,1000,0,0,0,0,0
2025-12-15 00:43:49.471,SERVO_OUTPUT_RAW,584709915,SERVO_OUTPUT_RAW,0,0,0,0,0,0,0,0,1000,1000,1000,1000,0,0,0,0,0
2025-12-15 00:43:49.571,SERVO_OUTPUT_RAW,584809785,SERVO_OUTPUT_RAW,0,0,0,0,0,0,0,0,1000,1000,1000,1000,0,0,0,0,0
2025-12-15 00:43:49.671,SERVO_OUTPUT_RAW,584909792,SERVO_OUTPUT_RAW,0,0,0,0,0,0,0,0,1000,1000,1000,1000,0,0,0,0,0
2025-12-15 00:43:49.771,SERVO_OUTPUT_RAW,585009791,SERVO_OUTPUT_RAW,0,0,0,0,0,0,0,0,1000,1000,1000,1000,0,0,0,0,0
2025-12-15 00:43:49.872,SERVO_OUTPUT_RAW,585109792,SERVO_OUTPUT_RAW,0,0,0,0,0,0,0,0,1000,1000,1000,1000,0,0,0,0,0
2025-12-15 00:43:49.971,SERVO_OUTPUT_RAW,585209814,SERVO_OUTPUT_RAW,0,0,0,0,0,0,0,0,1000,1000,1000,1000,0,0,0,0,0
2025-12-15 00:43:50.071,SERVO_OUTPUT_RAW,585309837,SERVO_OUTPUT_RAW,0,0,0,0,0,0,0,0,1000,1000,1000,1000,0,0,0,0,0
2025-12-15 00:43:50.171,SERVO_OUTPUT_RAW,585409834,SERVO_OUTPUT_RAW,0,0,0,0,0,0,0,0,1000,1000,1000,1000,0,0,0,0,0
2025-12-15 00:43:50.271,SERVO_OUTPUT_RAW,585509846,SERVO_OUTPUT_RAW,0,0,0,0,0,0,0,0,1000,1000,1000,1000,0,0,0,0,0
2025-12-15 00:43:50.371,SERVO_OUTPUT_RAW,585609834,SERVO_OUTPUT_RAW,0,0,0,0,0,0,0,0,1000,1000,1000,1000,0,0,0,0,0
2025-12-15 00:43:50.471,SERVO_OUTPUT_RAW,585709820,SERVO_OUTPUT_RAW,0,0,0,0,0,0,0,0,1000,1000,1000,1000,0,0,0,0,0
2025-12-15 00:43:50.571,SERVO_OUTPUT_RAW,585809839,SERVO_OUTPUT_RAW,0,0,0,0,0,0,0,0,1000,1000,1000,1000,0,0,0,0,0
2025-12-15 00:43:50.671,SERVO_OUTPUT_RAW,585909815,SERVO_OUTPUT_RAW,0,0,0,0,0,0,0,0,1000,1000,1000,1000,0,0,0,0,0
2025-12-15 00:43:50.771,SERVO_OUTPUT_RAW,586009803,SERVO_OUTPUT_RAW,0,0,0,0,0,0,0,0,1000,1000,1000,1000,0,0,0,0,0
2025-12-15 00:43:50.871,SERVO_OUTPUT_RAW,586109835,SERVO_OUTPUT_RAW,0,0,0,0,0,0,0,0,1000,1000,1000,1000,0,0,0,0,0
2025-12-15 00:43:50.971,SERVO_OUTPUT_RAW,586209825,SERVO_OUTPUT_RAW,0,0,0,0,0,0,0,0,1000,1000,1000,1000,0,0,0,0,0
2025-12-15 00:43:51.071,SERVO_OUTPUT_RAW,586309777,SERVO_OUTPUT_RAW,0,0,0,0,0,0,0,0,1000,1000,1000,1000,0,0,0,0,0
2025-12-15 00:43:51.172,SERVO_OUTPUT_RAW,586409790,SERVO_OUTPUT_RAW,0,0,0,0,0,0,0,0,1000,1000,1000,1000,0,0,0,0,0
2025-12-15 00:43:51.271,SERVO_OUTPUT_RAW,586509789,SERVO_OUTPUT_RAW,0,0,0,0,0,0,0,0,1000,1000,1000,1000,0,0,0,0,0
2025-12-15 00:43:51.371,SERVO_OUTPUT_RAW,586609799,SERVO_OUTPUT_RAW,0,0,0,0,0,0,0,0,1000,1000,1000,1000,0,0,0,0,0
2025-12-15 00:43:51.471,SERVO_OUTPUT_RAW,586709787,SERVO_OUTPUT_RAW,0,0,0,0,0,0,0,0,1000,1000,1000,1000,0,0,0,0,0
2025-12-15 00:43:51.571,SERVO_OUTPUT_RAW,586812159,SERVO_OUTPUT_RAW,0,0,0,0,0,0,0,0,1000,1000,1000,1000,0,0,0,0,0
2025-12-15 00:43:51.671,SERVO_OUTPUT_RAW,586909827,SERVO_OUTPUT_RAW,0,0,0,0,0,0,0,0,1000,1000,1000,1000,0,0,0,0,0
2025-12-15 00:43:51.771,SERVO_OUTPUT_RAW,587012139,SERVO_OUTPUT_RAW,0,0,0,0,0,0,0,0,1000,1000,1000,1000,0,0,0,0,0
2025-12-15 00:43:51.871,SERVO_OUTPUT_RAW,587109810,SERVO_OUTPUT_RAW,0,0,0,0,0,0,0,0,1000,1000,1000,1000,0,0,0,0,0
2025-12-15 00:43:51.971,SERVO_OUTPUT_RAW,587209831,SERVO_OUTPUT_RAW,0,0,0,0,0,0,0,0,1000,1000,1000,1000,0,0,0,0,0
2025-12-15 00:43:52.072,SERVO_OUTPUT_RAW,587309853,SERVO_OUTPUT_RAW,0,0,0,0,0,0,0,0,1000,1000,1000,1000,0,0,0,0,0
2025-12-15 00:43:52.171,SERVO_OUTPUT_RAW,587409845,SERVO_OUTPUT_RAW,0,0,0,0,0,0,0,0,1000,1000,1000,1000,0,0,0,0,0
2025-12-15 00:43:52.271,SERVO_OUTPUT_RAW,587509788,SERVO_OUTPUT_RAW,0,0,0,0,0,0,0,0,1000,1000,1000,1000,0,0,0,0,0
2025-12-15 00:43:52.371,SERVO_OUTPUT_RAW,587609821,SERVO_OUTPUT_RAW,0,0,0,0,0,0,0,0,1000,1000,1000,1000,0,0,0,0,0
2025-12-15 00:43:52.473,SERVO_OUTPUT_RAW,587709824,SERVO_OUTPUT_RAW,0,0,0,0,0,0,0,0,1000,1000,1000,1000,0,0,0,0,0
2025-12-15 00:43:52.571,SERVO_OUTPUT_RAW,587809800,SERVO_OUTPUT_RAW,0,0,0,0,0,0,0,0,1000,1000,1000,1000,0,0,0,0,0
2025-12-15 00:43:52.672,SERVO_OUTPUT_RAW,587909794,SERVO_OUTPUT_RAW,0,0,0,0,0,0,0,0,1000,1000,1000,1000,0,0,0,0,0
2025-12-15 00:43:52.772,SERVO_OUTPUT_RAW,588009788,SERVO_OUTPUT_RAW,0,0,0,0,0,0,0,0,1000,1000,1000,1000,0,0,0,0,0
2025-12-15 00:43:52.872,SERVO_OUTPUT_RAW,588109789,SERVO_OUTPUT_RAW,0,0,0,0,0,0,0,0,1000,1000,1000,1000,0,0,0,0,0
2025-12-15 00:43:52.971,SERVO_OUTPUT_RAW,588209793,SERVO_OUTPUT_RAW,0,0,0,0,0,0,0,0,1000,1000,1000,1000,0,0,0,0,0
2025-12-15 00:43:53.072,SERVO_OUTPUT_RAW,588312133,SERVO_OUTPUT_RAW,0,0,0,0,0,0,0,0,1000,1000,1000,1000,0,0,0,0,0
2025-12-15 00:43:53.172,SERVO_OUTPUT_RAW,588409819,SERVO_OUTPUT_RAW,0,0,0,0,0,0,0,0,1000,1000,1000,1000,0,0,0,0,0
2025-12-15 00:43:53.271,SERVO_OUTPUT_RAW,588509838,SERVO_OUTPUT_RAW,0,0,0,0,0,0,0,0,1000,1000,1000,1000,0,0,0,0,0
2025-12-15 00:43:53.371,SERVO_OUTPUT_RAW,588612178,SERVO_OUTPUT_RAW,0,0,0,0,0,0,0,0,1000,1000,1000,1000,0,0,0,0,0
2025-12-15 00:43:53.471,SERVO_OUTPUT_RAW,588709794,SERVO_OUTPUT_RAW,0,0,0,0,0,0,0,0,1000,1000,1000,1000,0,0,0,0,0
2025-12-15 00:43:53.571,SERVO_OUTPUT_RAW,588809825,SERVO_OUTPUT_RAW,0,0,0,0,0,0,0,0,1000,1000,1000,1000,0,0,0,0,0
2025-12-15 00:43:53.671,SERVO_OUTPUT_RAW,588912065,SERVO_OUTPUT_RAW,0,0,0,0,0,0,0,0,1000,1000,1000,1000,0,0,0,0,0
2025-12-15 00:43:53.771,SERVO_OUTPUT_RAW,589009821,SERVO_OUTPUT_RAW,0,0,0,0,0,0,0,0,1000,1000,1000,1000,0,0,0,0,0
2025-12-15 00:43:53.871,SERVO_OUTPUT_RAW,589109793,SERVO_OUTPUT_RAW,0,0,0,0,0,0,0,0,1000,1000,1000,1000,0,0,0,0,0
2025-12-15 00:43:53.971,SERVO_OUTPUT_RAW,589209822,SERVO_OUTPUT_RAW,0,0,0,0,0,0,0,0,1000,1000,1000,1000,0,0,0,0,0
2025-12-15 00:43:54.071,SERVO_OUTPUT_RAW,589309810,SERVO_OUTPUT_RAW,0,0,0,0,0,0,0,0,1000,1000,1000,1000,0,0,0,0,0
2025-12-15 00:43:54.171,SERVO_OUTPUT_RAW,589409787,SERVO_OUTPUT_RAW,0,0,0,0,0,0,0,0,1000,1000,1000,1000,0,0,0,0,0
2025-12-15 00:43:54.271,SERVO_OUTPUT_RAW,589509789,SERVO_OUTPUT_RAW,0,0,0,0,0,0,0,0,1000,1000,1000,1000,0,0,0,0,0
2025-12-15 00:43:54.371,SERVO_OUTPUT_RAW,589609787,SERVO_OUTPUT_RAW,0,0,0,0,0,0,0,0,1000,1000,1000,1000,0,0,0,0,0
2025-12-15 00:43:54.471,SERVO_OUTPUT_RAW,589709807,SERVO_OUTPUT_RAW,0,0,0,0,0,0,0,0,1000,1000,1000,1000,0,0,0,0,0
2025-12-15 00:43:54.572,SERVO_OUTPUT_RAW,589809787,SERVO_OUTPUT_RAW,0,0,0,0,0,0,0,0,1000,1000,1000,1000,0,0,0,0,0
2025-12-15 00:43:54.671,SERVO_OUTPUT_RAW,589909806,SERVO_OUTPUT_RAW,0,0,0,0,0,0,0,0,1000,1000,1000,1000,0,0,0,0,0
2025-12-15 00:43:54.771,SERVO_OUTPUT_RAW,590009827,SERVO_OUTPUT_RAW,0,0,0,0,0,0,0,0,1000,1000,1000,1000,0,0,0,0,0
2025-12-15 00:43:54.876,SERVO_OUTPUT_RAW,590109804,SERVO_OUTPUT_RAW,0,0,0,0,0,0,0,0,1000,1000,1000,1000,0,0,0,0,0
2025-12-15 00:43:54.972,SERVO_OUTPUT_RAW,590209805,SERVO_OUTPUT_RAW,0,0,0,0,0,0,0,0,1000,1000,1000,1000,0,0,0,0,0
2025-12-15 00:43:55.071,SERVO_OUTPUT_RAW,590309794,SERVO_OUTPUT_RAW,0,0,0,0,0,0,0,0,1000,1000,1000,1000,0,0,0,0,0
2025-12-15 00:43:55.171,SERVO_OUTPUT_RAW,590409821,SERVO_OUTPUT_RAW,0,0,0,0,0,0,0,0,1000,1000,1000,1000,0,0,0,0,0
2025-12-15 00:43:55.271,SERVO_OUTPUT_RAW,590509898,SERVO_OUTPUT_RAW,0,0,0,0,0,0,0,0,1000,1000,1000,1000,0,0,0,0,0
2025-12-15 00:43:55.371,SERVO_OUTPUT_RAW,590609889,SERVO_OUTPUT_RAW,0,0,0,0,0,0,0,0,1000,1000,1000,1000,0,0,0,0,0
2025-12-15 00:43:55.471,SERVO_OUTPUT_RAW,590709791,SERVO_OUTPUT_RAW,0,0,0,0,0,0,0,0,1000,1000,1000,1000,0,0,0,0,0
2025-12-15 00:43:55.571,SERVO_OUTPUT_RAW,590809816,SERVO_OUTPUT_RAW,0,0,0,0,0,0,0,0,1000,1000,1000,1000,0,0,0,0,0
2025-12-15 00:43:55.671,SERVO_OUTPUT_RAW,590909776,SERVO_OUTPUT_RAW,0,0,0,0,0,0,0,0,1000,1000,1000,1000,0,0,0,0,0
2025-12-15 00:43:55.771,SERVO_OUTPUT_RAW,591009873,SERVO_OUTPUT_RAW,0,0,0,0,0,0,0,0,1000,1000,1000,1000,0,0,0,0,0
2025-12-15 00:43:55.870,SERVO_OUTPUT_RAW,591109786,SERVO_OUTPUT_RAW,0,0,0,0,0,0,0,0,1000,1000,1000,1000,0,0,0,0,0
2025-12-15 00:43:55.970,SERVO_OUTPUT_RAW,591209783,SERVO_OUTPUT_RAW,0,0,0,0,0,0,0,0,1000,1000,1000,1000,0,0,0,0,0
2025-12-15 00:43:56.070,SERVO_OUTPUT_RAW,591309787,SERVO_OUTPUT_RAW,0,0,0,0,0,0,0,0,1000,1000,1000,1000,0,0,0,0,0
2025-12-15 00:43:56.170,SERVO_OUTPUT_RAW,591409785,SERVO_OUTPUT_RAW,0,0,0,0,0,0,0,0,1000,1000,1000,1000,0,0,0,0,0
2025-12-15 00:43:56.270,SERVO_OUTPUT_RAW,591512129,SERVO_OUTPUT_RAW,0,0,0,0,0,0,0,0,1000,1000,1000,1000,0,0,0,0,0
2025-12-15 00:43:56.370,SERVO_OUTPUT_RAW,591609848,SERVO_OUTPUT_RAW,0,0,0,0,0,0,0,0,1000,1000,1000,1000,0,0,0,0,0
2025-12-15 00:43:56.470,SERVO_OUTPUT_RAW,591709844,SERVO_OUTPUT_RAW,0,0,0,0,0,0,0,0,1000,1000,1000,1000,0,0,0,0,0
2025-12-15 00:43:56.570,SERVO_OUTPUT_RAW,591809796,SERVO_OUTPUT_RAW,0,0,0,0,0,0,0,0,1000,1000,1000,1000,0,0,0,0,0
2025-12-15 00:43:56.671,SERVO_OUTPUT_RAW,591909817,SERVO_OUTPUT_RAW,0,0,0,0,0,0,0,0,1000,1000,1000,1000,0,0,0,0,0
2025-12-15 00:43:56.771,SERVO_OUTPUT_RAW,592009833,SERVO_OUTPUT_RAW,0,0,0,0,0,0,0,0,1000,1000,1000,1000,0,0,0,0,0
2025-12-15 00:43:56.871,SERVO_OUTPUT_RAW,592109825,SERVO_OUTPUT_RAW,0,0,0,0,0,0,0,0,1000,1000,1000,1000,0,0,0,0,0
2025-12-15 00:43:56.970,SERVO_OUTPUT_RAW,592209777,SERVO_OUTPUT_RAW,0,0,0,0,0,0,0,0,1000,1000,1000,1000,0,0,0,0,0
2025-12-15 00:43:57.071,SERVO_OUTPUT_RAW,592309799,SERVO_OUTPUT_RAW,0,0,0,0,0,0,0,0,1000,1000,1000,1000,0,0,0,0,0
2025-12-15 00:43:57.171,SERVO_OUTPUT_RAW,592409831,SERVO_OUTPUT_RAW,0,0,0,0,0,0,0,0,1000,1000,1000,1000,0,0,0,0,0
2025-12-15 00:43:57.271,SERVO_OUTPUT_RAW,592509788,SERVO_OUTPUT_RAW,0,0,0,0,0,0,0,0,1000,1000,1000,1000,0,0,0,0,0
2025-12-15 00:43:57.374,SERVO_OUTPUT_RAW,592609793,SERVO_OUTPUT_RAW,0,0,0,0,0,0,0,0,1000,1000,1000,1000,0,0,0,0,0
2025-12-15 00:43:57.473,SERVO_OUTPUT_RAW,592709791,SERVO_OUTPUT_RAW,0,0,0,0,0,0,0,0,1000,1000,1000,1000,0,0,0,0,0
2025-12-15 00:43:57.570,SERVO_OUTPUT_RAW,592809801,SERVO_OUTPUT_RAW,0,0,0,0,0,0,0,0,1000,1000,1000,1000,0,0,0,0,0
2025-12-15 00:43:57.671,SERVO_OUTPUT_RAW,592909787,SERVO_OUTPUT_RAW,0,0,0,0,0,0,0,0,1000,1000,1000,1000,0,0,0,0,0
2025-12-15 00:43:57.771,SERVO_OUTPUT_RAW,593009792,SERVO_OUTPUT_RAW,0,0,0,0,0,0,0,0,1000,1000,1000,1000,0,0,0,0,0
2025-12-15 00:43:57.871,SERVO_OUTPUT_RAW,593109882,SERVO_OUTPUT_RAW,0,0,0,0,0,0,0,0,1000,1000,1000,1000,0,0,0,0,0
2025-12-15 00:43:57.971,SERVO_OUTPUT_RAW,593209832,SERVO_OUTPUT_RAW,0,0,0,0,0,0,0,0,1000,1000,1000,1000,0,0,0,0,0
2025-12-15 00:43:58.071,SERVO_OUTPUT_RAW,593309815,SERVO_OUTPUT_RAW,0,0,0,0,0,0,0,0,1000,1000,1000,1000,0,0,0,0,0
2025-12-15 00:43:58.171,SERVO_OUTPUT_RAW,593409888,SERVO_OUTPUT_RAW,0,0,0,0,0,0,0,0,1000,1000,1000,1000,0,0,0,0,0
2025-12-15 00:43:58.271,SERVO_OUTPUT_RAW,593509813,SERVO_OUTPUT_RAW,0,0,0,0,0,0,0,0,1000,1000,1000,1000,0,0,0,0,0
2025-12-15 00:43:58.371,SERVO_OUTPUT_RAW,593609848,SERVO_OUTPUT_RAW,0,0,0,0,0,0,0,0,1000,1000,1000,1000,0,0,0,0,0
2025-12-15 00:43:58.471,SERVO_OUTPUT_RAW,593709781,SERVO_OUTPUT_RAW,0,0,0,0,0,0,0,0,1000,1000,1000,1000,0,0,0,0,0
2025-12-15 00:43:58.571,SERVO_OUTPUT_RAW,593809793,SERVO_OUTPUT_RAW,0,0,0,0,0,0,0,0,1000,1000,1000,1000,0,0,0,0,0
2025-12-15 00:43:58.671,SERVO_OUTPUT_RAW,593909823,SERVO_OUTPUT_RAW,0,0,0,0,0,0,0,0,1000,1000,1000,1000,0,0,0,0,0
2025-12-15 00:43:58.771,SERVO_OUTPUT_RAW,594009812,SERVO_OUTPUT_RAW,0,0,0,0,0,0,0,0,1000,1000,1000,1000,0,0,0,0,0
2025-12-15 00:43:58.871,SERVO_OUTPUT_RAW,594109801,SERVO_OUTPUT_RAW,0,0,0,0,0,0,0,0,1000,1000,1000,1000,0,0,0,0,0
2025-12-15 00:43:58.971,SERVO_OUTPUT_RAW,594209795,SERVO_OUTPUT_RAW,0,0,0,0,0,0,0,0,1000,1000,1000,1000,0,0,0,0,0
2025-12-15 00:43:59.071,SERVO_OUTPUT_RAW,594309786,SERVO_OUTPUT_RAW,0,0,0,0,0,0,0,0,1000,1000,1000,1000,0,0,0,0,0
2025-12-15 00:43:59.171,SERVO_OUTPUT_RAW,594409809,SERVO_OUTPUT_RAW,0,0,0,0,0,0,0,0,1000,1000,1000,1000,0,0,0,0,0
2025-12-15 00:43:59.271,SERVO_OUTPUT_RAW,594509778,SERVO_OUTPUT_RAW,0,0,0,0,0,0,0,0,1000,1000,1000,1000,0,0,0,0,0
2025-12-15 00:43:59.371,SERVO_OUTPUT_RAW,594609804,SERVO_OUTPUT_RAW,0,0,0,0,0,0,0,0,1000,1000,1000,1000,0,0,0,0,0
2025-12-15 00:43:59.471,SERVO_OUTPUT_RAW,594709838,SERVO_OUTPUT_RAW,0,0,0,0,0,0,0,0,1000,1000,1000,1000,0,0,0,0,0
2025-12-15 00:43:59.571,SERVO_OUTPUT_RAW,594809808,SERVO_OUTPUT_RAW,0,0,0,0,0,0,0,0,1000,1000,1000,1000,0,0,0,0,0
2025-12-15 00:43:59.671,SERVO_OUTPUT_RAW,594909793,SERVO_OUTPUT_RAW,0,0,0,0,0,0,0,0,1000,1000,1000,1000,0,0,0,0,0
2025-12-15 00:43:59.771,SERVO_OUTPUT_RAW,595009813,SERVO_OUTPUT_RAW,0,0,0,0,0,0,0,0,1000,1000,1000,1000,0,0,0,0,0
2025-12-15 00:43:59.871,SERVO_OUTPUT_RAW,595109946,SERVO_OUTPUT_RAW,0,0,0,0,0,0,0,0,1000,1000,1000,1000,0,0,0,0,0
2025-12-15 00:43:59.971,SERVO_OUTPUT_RAW,595212095,SERVO_OUTPUT_RAW,0,0,0,0,0,0,0,0,1000,1000,1000,1000,0,0,0,0,0
2025-12-15 00:44:00.071,SERVO_OUTPUT_RAW,595309783,SERVO_OUTPUT_RAW,0,0,0,0,0,0,0,0,1000,1000,1000,1000,0,0,0,0,0
2025-12-15 00:44:00.171,SERVO_OUTPUT_RAW,595409800,SERVO_OUTPUT_RAW,0,0,0,0,0,0,0,0,1000,1000,1000,1000,0,0,0,0,0
2025-12-15 00:44:00.271,SERVO_OUTPUT_RAW,595509814,SERVO_OUTPUT_RAW,0,0,0,0,0,0,0,0,1000,1000,1000,1000,0,0,0,0,0
2025-12-15 00:44:00.371,SERVO_OUTPUT_RAW,595609818,SERVO_OUTPUT_RAW,0,0,0,0,0,0,0,0,1000,1000,1000,1000,0,0,0,0,0
2025-12-15 00:44:00.471,SERVO_OUTPUT_RAW,595709792,SERVO_OUTPUT_RAW,0,0,0,0,0,0,0,0,1000,1000,1000,1000,0,0,0,0,0
2025-12-15 00:44:00.571,SERVO_OUTPUT_RAW,595809795,SERVO_OUTPUT_RAW,0,0,0,0,0,0,0,0,1000,1000,1000,1000,0,0,0,0,0
2025-12-15 00:44:00.671,SERVO_OUTPUT_RAW,595909781,SERVO_OUTPUT_RAW,0,0,0,0,0,0,0,0,1000,1000,1000,1000,0,0,0,0,0
2025-12-15 00:44:00.771,SERVO_OUTPUT_RAW,596009799,SERVO_OUTPUT_RAW,0,0,0,0,0,0,0,0,1000,1000,1000,1000,0,0,0,0,0
2025-12-15 00:44:00.871,SERVO_OUTPUT_RAW,596109814,SERVO_OUTPUT_RAW,0,0,0,0,0,0,0,0,1000,1000,1000,1000,0,0,0,0,0
2025-12-15 00:44:00.972,SERVO_OUTPUT_RAW,596209774,SERVO_OUTPUT_RAW,0,0,0,0,0,0,0,0,1000,1000,1000,1000,0,0,0,0,0
2025-12-15 00:44:01.071,SERVO_OUTPUT_RAW,596312170,SERVO_OUTPUT_RAW,0,0,0,0,0,0,0,0,1000,1000,1000,1000,0,0,0,0,0
2025-12-15 00:44:01.171,SERVO_OUTPUT_RAW,596409806,SERVO_OUTPUT_RAW,0,0,0,0,0,0,0,0,1000,1000,1000,1000,0,0,0,0,0
2025-12-15 00:44:01.271,SERVO_OUTPUT_RAW,596509791,SERVO_OUTPUT_RAW,0,0,0,0,0,0,0,0,1000,1000,1000,1000,0,0,0,0,0
2025-12-15 00:44:01.372,SERVO_OUTPUT_RAW,596609815,SERVO_OUTPUT_RAW,0,0,0,0,0,0,0,0,1000,1000,1000,1000,0,0,0,0,0
2025-12-15 00:44:01.471,SERVO_OUTPUT_RAW,596709851,SERVO_OUTPUT_RAW,0,0,0,0,0,0,0,0,1000,1000,1000,1000,0,0,0,0,0
2025-12-15 00:44:01.572,SERVO_OUTPUT_RAW,596809834,SERVO_OUTPUT_RAW,0,0,0,0,0,0,0,0,1000,1000,1000,1000,0,0,0,0,0
2025-12-15 00:44:01.671,SERVO_OUTPUT_RAW,596909802,SERVO_OUTPUT_RAW,0,0,0,0,0,0,0,0,1000,1000,1000,1000,0,0,0,0,0
2025-12-15 00:44:01.771,SERVO_OUTPUT_RAW,597009811,SERVO_OUTPUT_RAW,0,0,0,0,0,0,0,0,1000,1000,1000,1000,0,0,0,0,0
2025-12-15 00:44:01.871,SERVO_OUTPUT_RAW,597109825,SERVO_OUTPUT_RAW,0,0,0,0,0,0,0,0,1000,1000,1000,1000,0,0,0,0,0
2025-12-15 00:44:01.971,SERVO_OUTPUT_RAW,597209774,SERVO_OUTPUT_RAW,0,0,0,0,0,0,0,0,1000,1000,1000,1000,0,0,0,0,0
2025-12-15 00:44:02.071,SERVO_OUTPUT_RAW,597309895,SERVO_OUTPUT_RAW,0,0,0,0,0,0,0,0,1000,1000,1000,1000,0,0,0,0,0
2025-12-15 00:44:02.171,SERVO_OUTPUT_RAW,597409792,SERVO_OUTPUT_RAW,0,0,0,0,0,0,0,0,1000,1000,1000,1000,0,0,0,0,0
2025-12-15 00:44:02.271,SERVO_OUTPUT_RAW,597509779,SERVO_OUTPUT_RAW,0,0,0,0,0,0,0,0,1000,1000,1000,1000,0,0,0,0,0
2025-12-15 00:44:02.373,SERVO_OUTPUT_RAW,597609801,SERVO_OUTPUT_RAW,0,0,0,0,0,0,0,0,1000,1000,1000,1000,0,0,0,0,0
2025-12-15 00:44:02.471,SERVO_OUTPUT_RAW,597709786,SERVO_OUTPUT_RAW,0,0,0,0,0,0,0,0,1000,1000,1000,1000,0,0,0,0,0
2025-12-15 00:44:02.571,SERVO_OUTPUT_RAW,597809843,SERVO_OUTPUT_RAW,0,0,0,0,0,0,0,0,1000,1000,1000,1000,0,0,0,0,0
2025-12-15 00:44:02.671,SERVO_OUTPUT_RAW,597909848,SERVO_OUTPUT_RAW,0,0,0,0,0,0,0,0,1000,1000,1000,1000,0,0,0,0,0
2025-12-15 00:44:02.772,SERVO_OUTPUT_RAW,598009817,SERVO_OUTPUT_RAW,0,0,0,0,0,0,0,0,1000,1000,1000,1000,0,0,0,0,0
2025-12-15 00:44:02.871,SERVO_OUTPUT_RAW,598109805,SERVO_OUTPUT_RAW,0,0,0,0,0,0,0,0,1000,1000,1000,1000,0,0,0,0,0
2025-12-15 00:44:02.971,SERVO_OUTPUT_RAW,598209830,SERVO_OUTPUT_RAW,0,0,0,0,0,0,0,0,1000,1000,1000,1000,0,0,0,0,0
2025-12-15 00:44:03.072,SERVO_OUTPUT_RAW,598309850,SERVO_OUTPUT_RAW,0,0,0,0,0,0,0,0,1000,1000,1000,1000,0,0,0,0,0
2025-12-15 00:44:03.171,SERVO_OUTPUT_RAW,598409834,SERVO_OUTPUT_RAW,0,0,0,0,0,0,0,0,1000,1000,1000,1000,0,0,0,0,0
2025-12-15 00:44:03.272,SERVO_OUTPUT_RAW,598509804,SERVO_OUTPUT_RAW,0,0,0,0,0,0,0,0,1000,1000,1000,1000,0,0,0,0,0
2025-12-15 00:44:03.371,SERVO_OUTPUT_RAW,598609839,SERVO_OUTPUT_RAW,0,0,0,0,0,0,0,0,1000,1000,1000,1000,0,0,0,0,0
2025-12-15 00:44:03.471,SERVO_OUTPUT_RAW,598709830,SERVO_OUTPUT_RAW,0,0,0,0,0,0,0,0,1000,1000,1000,1000,0,0,0,0,0
2025-12-15 00:44:03.572,SERVO_OUTPUT_RAW,598809775,SERVO_OUTPUT_RAW,0,0,0,0,0,0,0,0,1000,1000,1000,1000,0,0,0,0,0
2025-12-15 00:44:03.671,SERVO_OUTPUT_RAW,598909775,SERVO_OUTPUT_RAW,0,0,0,0,0,0,0,0,1000,1000,1000,1000,0,0,0,0,0
2025-12-15 00:44:03.772,SERVO_OUTPUT_RAW,599009783,SERVO_OUTPUT_RAW,0,0,0,0,0,0,0,0,1000,1000,1000,1000,0,0,0,0,0
2025-12-15 00:44:03.872,SERVO_OUTPUT_RAW,599109781,SERVO_OUTPUT_RAW,0,0,0,0,0,0,0,0,1000,1000,1000,1000,0,0,0,0,0
2025-12-15 00:44:03.972,SERVO_OUTPUT_RAW,599209813,SERVO_OUTPUT_RAW,0,0,0,0,0,0,0,0,1000,1000,1000,1000,0,0,0,0,0
2025-12-15 00:44:04.072,SERVO_OUTPUT_RAW,599309811,SERVO_OUTPUT_RAW,0,0,0,0,0,0,0,0,1000,1000,1000,1000,0,0,0,0,0
2025-12-15 00:44:04.172,SERVO_OUTPUT_RAW,599412159,SERVO_OUTPUT_RAW,0,0,0,0,0,0,0,0,1000,1000,1000,1000,0,0,0,0,0
2025-12-15 00:44:04.272,SERVO_OUTPUT_RAW,599509868,SERVO_OUTPUT_RAW,0,0,0,0,0,0,0,0,1000,1000,1000,1000,0,0,0,0,0
2025-12-15 00:44:04.371,SERVO_OUTPUT_RAW,599609817,SERVO_OUTPUT_RAW,0,0,0,0,0,0,0,0,1000,1000,1000,1000,0,0,0,0,0
2025-12-15 00:44:04.469,SERVO_OUTPUT_RAW,599709813,SERVO_OUTPUT_RAW,0,0,0,0,0,0,0,0,1000,1000,1000,1000,0,0,0,0,0
2025-12-15 00:44:04.569,SERVO_OUTPUT_RAW,599809841,SERVO_OUTPUT_RAW,0,0,0,0,0,0,0,0,1000,1000,1000,1000,0,0,0,0,0
2025-12-15 00:44:04.669,SERVO_OUTPUT_RAW,599909778,SERVO_OUTPUT_RAW,0,0,0,0,0,0,0,0,1000,1000,1000,1000,0,0,0,0,0
2025-12-15 00:44:04.769,SERVO_OUTPUT_RAW,600009795,SERVO_OUTPUT_RAW,0,0,0,0,0,0,0,0,1000,1000,1000,1000,0,0,0,0,0
2025-12-15 00:44:04.870,SERVO_OUTPUT_RAW,600109818,SERVO_OUTPUT_RAW,0,0,0,0,0,0,0,0,1000,1000,1000,1000,0,0,0,0,0
2025-12-15 00:44:04.970,SERVO_OUTPUT_RAW,600209825,SERVO_OUTPUT_RAW,0,0,0,0,0,0,0,0,1000,1000,1000,1000,0,0,0,0,0
2025-12-15 00:44:05.070,SERVO_OUTPUT_RAW,600309780,SERVO_OUTPUT_RAW,0,0,0,0,0,0,0,0,1000,1000,1000,1000,0,0,0,0,0
2025-12-15 00:44:05.169,SERVO_OUTPUT_RAW,600409784,SERVO_OUTPUT_RAW,0,0,0,0,0,0,0,0,1000,1000,1000,1000,0,0,0,0,0
2025-12-15 00:44:05.270,SERVO_OUTPUT_RAW,600509806,SERVO_OUTPUT_RAW,0,0,0,0,0,0,0,0,1000,1000,1000,1000,0,0,0,0,0
2025-12-15 00:44:05.369,SERVO_OUTPUT_RAW,600609779,SERVO_OUTPUT_RAW,0,0,0,0,0,0,0,0,1000,1000,1000,1000,0,0,0,0,0
2025-12-15 00:44:05.469,SERVO_OUTPUT_RAW,600709788,SERVO_OUTPUT_RAW,0,0,0,0,0,0,0,0,1000,1000,1000,1000,0,0,0,0,0
2025-12-15 00:44:05.568,SERVO_OUTPUT_RAW,600809777,SERVO_OUTPUT_RAW,0,0,0,0,0,0,0,0,1000,1000,1000,1000,0,0,0,0,0
2025-12-15 00:44:05.669,SERVO_OUTPUT_RAW,600909828,SERVO_OUTPUT_RAW,0,0,0,0,0,0,0,0,1000,1000,1000,1000,0,0,0,0,0
2025-12-15 00:44:05.769,SERVO_OUTPUT_RAW,601009791,SERVO_OUTPUT_RAW,0,0,0,0,0,0,0,0,1000,1000,1000,1000,0,0,0,0,0
2025-12-15 00:44:05.869,SERVO_OUTPUT_RAW,601109805,SERVO_OUTPUT_RAW,0,0,0,0,0,0,0,0,1000,1000,1000,1000,0,0,0,0,0
2025-12-15 00:44:05.969,SERVO_OUTPUT_RAW,601209808,SERVO_OUTPUT_RAW,0,0,0,0,0,0,0,0,1000,1000,1000,1000,0,0,0,0,0
2025-12-15 00:44:06.069,SERVO_OUTPUT_RAW,601309821,SERVO_OUTPUT_RAW,0,0,0,0,0,0,0,0,1000,1000,1000,1000,0,0,0,0,0
2025-12-15 00:44:06.170,SERVO_OUTPUT_RAW,601409849,SERVO_OUTPUT_RAW,0,0,0,0,0,0,0,0,1000,1000,1000,1000,0,0,0,0,0
2025-12-15 00:44:06.270,SERVO_OUTPUT_RAW,601512003,SERVO_OUTPUT_RAW,0,0,0,0,0,0,0,0,1000,1000,1000,1000,0,0,0,0,0
2025-12-15 00:44:06.369,SERVO_OUTPUT_RAW,601609784,SERVO_OUTPUT_RAW,0,0,0,0,0,0,0,0,1000,1000,1000,1000,0,0,0,0,0
2025-12-15 00:44:06.469,SERVO_OUTPUT_RAW,601709816,SERVO_OUTPUT_RAW,0,0,0,0,0,0,0,0,1000,1000,1000,1000,0,0,0,0,0
2025-12-15 00:44:06.569,SERVO_OUTPUT_RAW,601809813,SERVO_OUTPUT_RAW,0,0,0,0,0,0,0,0,1000,1000,1000,1000,0,0,0,0,0
2025-12-15 00:44:06.669,SERVO_OUTPUT_RAW,601909774,SERVO_OUTPUT_RAW,0,0,0,0,0,0,0,0,1000,1000,1000,1000,0,0,0,0,0
2025-12-15 00:44:06.769,SERVO_OUTPUT_RAW,602009795,SERVO_OUTPUT_RAW,0,0,0,0,0,0,0,0,1000,1000,1000,1000,0,0,0,0,0
2025-12-15 00:44:06.869,SERVO_OUTPUT_RAW,602109799,SERVO_OUTPUT_RAW,0,0,0,0,0,0,0,0,1000,1000,1000,1000,0,0,0,0,0
2025-12-15 00:44:06.969,SERVO_OUTPUT_RAW,602209779,SERVO_OUTPUT_RAW,0,0,0,0,0,0,0,0,1000,1000,1000,1000,0,0,0,0,0
2025-12-15 00:44:07.069,SERVO_OUTPUT_RAW,602309799,SERVO_OUTPUT_RAW,0,0,0,0,0,0,0,0,1000,1000,1000,1000,0,0,0,0,0
2025-12-15 00:44:07.169,SERVO_OUTPUT_RAW,602409802,SERVO_OUTPUT_RAW,0,0,0,0,0,0,0,0,1000,1000,1000,1000,0,0,0,0,0
2025-12-15 00:44:07.269,SERVO_OUTPUT_RAW,602509824,SERVO_OUTPUT_RAW,0,0,0,0,0,0,0,0,1000,1000,1000,1000,0,0,0,0,0
2025-12-15 00:44:07.369,SERVO_OUTPUT_RAW,602609854,SERVO_OUTPUT_RAW,0,0,0,0,0,0,0,0,1000,1000,1000,1000,0,0,0,0,0
2025-12-15 00:44:07.469,SERVO_OUTPUT_RAW,602709808,SERVO_OUTPUT_RAW,0,0,0,0,0,0,0,0,1000,1000,1000,1000,0,0,0,0,0
2025-12-15 00:44:07.569,SERVO_OUTPUT_RAW,602809808,SERVO_OUTPUT_RAW,0,0,0,0,0,0,0,0,1000,1000,1000,1000,0,0,0,0,0
2025-12-15 00:44:07.669,SERVO_OUTPUT_RAW,602909828,SERVO_OUTPUT_RAW,0,0,0,0,0,0,0,0,1000,1000,1000,1000,0,0,0,0,0
2025-12-15 00:44:07.769,SERVO_OUTPUT_RAW,603009844,SERVO_OUTPUT_RAW,0,0,0,0,0,0,0,0,1000,1000,1000,1000,0,0,0,0,0
2025-12-15 00:44:07.869,SERVO_OUTPUT_RAW,603109853,SERVO_OUTPUT_RAW,0,0,0,0,0,0,0,0,1000,1000,1000,1000,0,0,0,0,0
2025-12-15 00:44:07.969,SERVO_OUTPUT_RAW,603209800,SERVO_OUTPUT_RAW,0,0,0,0,0,0,0,0,1000,1000,1000,1000,0,0,0,0,0
2025-12-15 00:44:08.069,SERVO_OUTPUT_RAW,603309809,SERVO_OUTPUT_RAW,0,0,0,0,0,0,0,0,1000,1000,1000,1000,0,0,0,0,0
2025-12-15 00:44:08.169,SERVO_OUTPUT_RAW,603409824,SERVO_OUTPUT_RAW,0,0,0,0,0,0,0,0,1000,1000,1000,1000,0,0,0,0,0
2025-12-15 00:44:08.269,SERVO_OUTPUT_RAW,603509794,SERVO_OUTPUT_RAW,0,0,0,0,0,0,0,0,1000,1000,1000,1000,0,0,0,0,0
2025-12-15 00:44:08.369,SERVO_OUTPUT_RAW,603609876,SERVO_OUTPUT_RAW,0,0,0,0,0,0,0,0,1000,1000,1000,1000,0,0,0,0,0
2025-12-15 00:44:08.469,SERVO_OUTPUT_RAW,603709794,SERVO_OUTPUT_RAW,0,0,0,0,0,0,0,0,1000,1000,1000,1000,0,0,0,0,0
2025-12-15 00:44:08.569,SERVO_OUTPUT_RAW,603809805,SERVO_OUTPUT_RAW,0,0,0,0,0,0,0,0,1000,1000,1000,1000,0,0,0,0,0
2025-12-15 00:44:08.669,SERVO_OUTPUT_RAW,603909783,SERVO_OUTPUT_RAW,0,0,0,0,0,0,0,0,1000,1000,1000,1000,0,0,0,0,0
2025-12-15 00:44:08.769,SERVO_OUTPUT_RAW,604009828,SERVO_OUTPUT_RAW,0,0,0,0,0,0,0,0,1000,1000,1000,1000,0,0,0,0,0
2025-12-15 00:44:08.869,SERVO_OUTPUT_RAW,604109845,SERVO_OUTPUT_RAW,0,0,0,0,0,0,0,0,1000,1000,1000,1000,0,0,0,0,0
2025-12-15 00:44:08.969,SERVO_OUTPUT_RAW,604209842,SERVO_OUTPUT_RAW,0,0,0,0,0,0,0,0,1000,1000,1000,1000,0,0,0,0,0
2025-12-15 00:44:09.069,SERVO_OUTPUT_RAW,604309785,SERVO_OUTPUT_RAW,0,0,0,0,0,0,0,0,1000,1000,1000,1000,0,0,0,0,0
2025-12-15 00:44:09.169,SERVO_OUTPUT_RAW,604409808,SERVO_OUTPUT_RAW,0,0,0,0,0,0,0,0,1000,1000,1000,1000,0,0,0,0,0
2025-12-15 00:44:09.269,SERVO_OUTPUT_RAW,604509850,SERVO_OUTPUT_RAW,0,0,0,0,0,0,0,0,1000,1000,1000,1000,0,0,0,0,0
2025-12-15 00:44:09.369,SERVO_OUTPUT_RAW,604609819,SERVO_OUTPUT_RAW,0,0,0,0,0,0,0,0,1000,1000,1000,1000,0,0,0,0,0
2025-12-15 00:44:09.472,SERVO_OUTPUT_RAW,604709787,SERVO_OUTPUT_RAW,0,0,0,0,0,0,0,0,1000,1000,1000,1000,0,0,0,0,0
2025-12-15 00:44:09.572,SERVO_OUTPUT_RAW,604809820,SERVO_OUTPUT_RAW,0,0,0,0,0,0,0,0,1000,1000,1000,1000,0,0,0,0,0
2025-12-15 00:44:09.671,SERVO_OUTPUT_RAW,604909818,SERVO_OUTPUT_RAW,0,0,0,0,0,0,0,0,1000,1000,1000,1000,0,0,0,0,0
2025-12-15 00:44:09.772,SERVO_OUTPUT_RAW,605009883,SERVO_OUTPUT_RAW,0,0,0,0,0,0,0,0,1000,1000,1000,1000,0,0,0,0,0
2025-12-15 00:44:09.873,SERVO_OUTPUT_RAW,605109783,SERVO_OUTPUT_RAW,0,0,0,0,0,0,0,0,1000,1000,1000,1000,0,0,0,0,0
2025-12-15 00:44:09.972,SERVO_OUTPUT_RAW,605209782,SERVO_OUTPUT_RAW,0,0,0,0,0,0,0,0,1000,1000,1000,1000,0,0,0,0,0
2025-12-15 00:44:10.071,SERVO_OUTPUT_RAW,605309783,SERVO_OUTPUT_RAW,0,0,0,0,0,0,0,0,1000,1000,1000,1000,0,0,0,0,0
2025-12-15 00:44:10.171,SERVO_OUTPUT_RAW,605409800,SERVO_OUTPUT_RAW,0,0,0,0,0,0,0,0,1000,1000,1000,1000,0,0,0,0,0
2025-12-15 00:44:10.271,SERVO_OUTPUT_RAW,605509790,SERVO_OUTPUT_RAW,0,0,0,0,0,0,0,0,1000,1000,1000,1000,0,0,0,0,0
2025-12-15 00:44:10.372,SERVO_OUTPUT_RAW,605609834,SERVO_OUTPUT_RAW,0,0,0,0,0,0,0,0,1000,1000,1000,1000,0,0,0,0,0
2025-12-15 00:44:10.471,SERVO_OUTPUT_RAW,605712144,SERVO_OUTPUT_RAW,0,0,0,0,0,0,0,0,1000,1000,1000,1000,0,0,0,0,0
2025-12-15 00:44:10.571,SERVO_OUTPUT_RAW,605809809,SERVO_OUTPUT_RAW,0,0,0,0,0,0,0,0,1000,1000,1000,1000,0,0,0,0,0
2025-12-15 00:44:10.671,SERVO_OUTPUT_RAW,605909837,SERVO_OUTPUT_RAW,0,0,0,0,0,0,0,0,1000,1000,1000,1000,0,0,0,0,0
2025-12-15 00:44:10.772,SERVO_OUTPUT_RAW,606009872,SERVO_OUTPUT_RAW,0,0,0,0,0,0,0,0,1000,1000,1000,1000,0,0,0,0,0
2025-12-15 00:44:10.871,SERVO_OUTPUT_RAW,606109850,SERVO_OUTPUT_RAW,0,0,0,0,0,0,0,0,1000,1000,1000,1000,0,0,0,0,0
2025-12-15 00:44:10.971,SERVO_OUTPUT_RAW,606209786,SERVO_OUTPUT_RAW,0,0,0,0,0,0,0,0,1000,1000,1000,1000,0,0,0,0,0
2025-12-15 00:44:11.071,SERVO_OUTPUT_RAW,606309797,SERVO_OUTPUT_RAW,0,0,0,0,0,0,0,0,1000,1000,1000,1000,0,0,0,0,0
2025-12-15 00:44:11.172,SERVO_OUTPUT_RAW,606409818,SERVO_OUTPUT_RAW,0,0,0,0,0,0,0,0,1000,1000,1000,1000,0,0,0,0,0
2025-12-15 00:44:11.271,SERVO_OUTPUT_RAW,606509815,SERVO_OUTPUT_RAW,0,0,0,0,0,0,0,0,1000,1000,1000,1000,0,0,0,0,0
2025-12-15 00:44:11.372,SERVO_OUTPUT_RAW,606609780,SERVO_OUTPUT_RAW,0,0,0,0,0,0,0,0,1000,1000,1000,1000,0,0,0,0,0
2025-12-15 00:44:11.471,SERVO_OUTPUT_RAW,606709783,SERVO_OUTPUT_RAW,0,0,0,0,0,0,0,0,1000,1000,1000,1000,0,0,0,0,0
2025-12-15 00:44:11.572,SERVO_OUTPUT_RAW,606809807,SERVO_OUTPUT_RAW,0,0,0,0,0,0,0,0,1000,1000,1000,1000,0,0,0,0,0
2025-12-15 00:44:11.672,SERVO_OUTPUT_RAW,606909779,SERVO_OUTPUT_RAW,0,0,0,0,0,0,0,0,1000,1000,1000,1000,0,0,0,0,0
2025-12-15 00:44:11.772,SERVO_OUTPUT_RAW,607012117,SERVO_OUTPUT_RAW,0,0,0,0,0,0,0,0,1000,1000,1000,1000,0,0,0,0,0
2025-12-15 00:44:11.872,SERVO_OUTPUT_RAW,607109820,SERVO_OUTPUT_RAW,0,0,0,0,0,0,0,0,1000,1000,1000,1000,0,0,0,0,0
2025-12-15 00:44:11.972,SERVO_OUTPUT_RAW,607209830,SERVO_OUTPUT_RAW,0,0,0,0,0,0,0,0,1000,1000,1000,1000,0,0,0,0,0
2025-12-15 00:44:12.072,SERVO_OUTPUT_RAW,607309839,SERVO_OUTPUT_RAW,0,0,0,0,0,0,0,0,1000,1000,1000,1000,0,0,0,0,0
2025-12-15 00:44:12.172,SERVO_OUTPUT_RAW,607409812,SERVO_OUTPUT_RAW,0,0,0,0,0,0,0,0,1000,1000,1000,1000,0,0,0,0,0
2025-12-15 00:44:12.272,SERVO_OUTPUT_RAW,607509807,SERVO_OUTPUT_RAW,0,0,0,0,0,0,0,0,1000,1000,1000,1000,0,0,0,0,0
2025-12-15 00:44:12.373,SERVO_OUTPUT_RAW,607609831,SERVO_OUTPUT_RAW,0,0,0,0,0,0,0,0,1000,1000,1000,1000,0,0,0,0,0
2025-12-15 00:44:12.472,SERVO_OUTPUT_RAW,607709846,SERVO_OUTPUT_RAW,0,0,0,0,0,0,0,0,1000,1000,1000,1000,0,0,0,0,0
2025-12-15 00:44:12.571,SERVO_OUTPUT_RAW,607812045,SERVO_OUTPUT_RAW,0,0,0,0,0,0,0,0,1000,1000,1000,1000,0,0,0,0,0
2025-12-15 00:44:12.672,SERVO_OUTPUT_RAW,607909819,SERVO_OUTPUT_RAW,0,0,0,0,0,0,0,0,1000,1000,1000,1000,0,0,0,0,0
2025-12-15 00:44:12.772,SERVO_OUTPUT_RAW,608009824,SERVO_OUTPUT_RAW,0,0,0,0,0,0,0,0,1000,1000,1000,1000,0,0,0,0,0
2025-12-15 00:44:12.872,SERVO_OUTPUT_RAW,608109812,SERVO_OUTPUT_RAW,0,0,0,0,0,0,0,0,1000,1000,1000,1000,0,0,0,0,0
2025-12-15 00:44:12.972,SERVO_OUTPUT_RAW,608209783,SERVO_OUTPUT_RAW,0,0,0,0,0,0,0,0,1000,1000,1000,1000,0,0,0,0,0
2025-12-15 00:44:13.072,SERVO_OUTPUT_RAW,608309803,SERVO_OUTPUT_RAW,0,0,0,0,0,0,0,0,1000,1000,1000,1000,0,0,0,0,0
2025-12-15 00:44:13.172,SERVO_OUTPUT_RAW,608409803,SERVO_OUTPUT_RAW,0,0,0,0,0,0,0,0,1000,1000,1000,1000,0,0,0,0,0
2025-12-15 00:44:13.272,SERVO_OUTPUT_RAW,608509782,SERVO_OUTPUT_RAW,0,0,0,0,0,0,0,0,1000,1000,1000,1000,0,0,0,0,0
2025-12-15 00:44:13.372,SERVO_OUTPUT_RAW,608609816,SERVO_OUTPUT_RAW,0,0,0,0,0,0,0,0,1000,1000,1000,1000,0,0,0,0,0
2025-12-15 00:44:13.472,SERVO_OUTPUT_RAW,608709817,SERVO_OUTPUT_RAW,0,0,0,0,0,0,0,0,1000,1000,1000,1000,0,0,0,0,0
2025-12-15 00:44:13.572,SERVO_OUTPUT_RAW,608809827,SERVO_OUTPUT_RAW,0,0,0,0,0,0,0,0,1000,1000,1000,1000,0,0,0,0,0
2025-12-15 00:44:13.672,SERVO_OUTPUT_RAW,608909885,SERVO_OUTPUT_RAW,0,0,0,0,0,0,0,0,1000,1000,1000,1000,0,0,0,0,0
2025-12-15 00:44:13.772,SERVO_OUTPUT_RAW,609009781,SERVO_OUTPUT_RAW,0,0,0,0,0,0,0,0,1000,1000,1000,1000,0,0,0,0,0
2025-12-15 00:44:13.872,SERVO_OUTPUT_RAW,609109805,SERVO_OUTPUT_RAW,0,0,0,0,0,0,0,0,1000,1000,1000,1000,0,0,0,0,0
2025-12-15 00:44:13.972,SERVO_OUTPUT_RAW,609209850,SERVO_OUTPUT_RAW,0,0,0,0,0,0,0,0,1000,1000,1000,1000,0,0,0,0,0
2025-12-15 00:44:14.072,SERVO_OUTPUT_RAW,609309858,SERVO_OUTPUT_RAW,0,0,0,0,0,0,0,0,1000,1000,1000,1000,0,0,0,0,0
2025-12-15 00:44:14.172,SERVO_OUTPUT_RAW,609409798,SERVO_OUTPUT_RAW,0,0,0,0,0,0,0,0,1000,1000,1000,1000,0,0,0,0,0
2025-12-15 00:44:14.272,SERVO_OUTPUT_RAW,609509913,SERVO_OUTPUT_RAW,0,0,0,0,0,0,0,0,1000,1000,1000,1000,0,0,0,0,0
2025-12-15 00:44:14.372,SERVO_OUTPUT_RAW,609609809,SERVO_OUTPUT_RAW,0,0,0,0,0,0,0,0,1000,1000,1000,1000,0,0,0,0,0
2025-12-15 00:44:14.472,SERVO_OUTPUT_RAW,609709787,SERVO_OUTPUT_RAW,0,0,0,0,0,0,0,0,1000,1000,1000,1000,0,0,0,0,0
2025-12-15 00:44:14.573,SERVO_OUTPUT_RAW,609809783,SERVO_OUTPUT_RAW,0,0,0,0,0,0,0,0,1000,1000,1000,1000,0,0,0,0,0
2025-12-15 00:44:14.672,SERVO_OUTPUT_RAW,609912106,SERVO_OUTPUT_RAW,0,0,0,0,0,0,0,0,1000,1000,1000,1000,0,0,0,0,0
2025-12-15 00:44:14.772,SERVO_OUTPUT_RAW,610009782,SERVO_OUTPUT_RAW,0,0,0,0,0,0,0,0,1000,1000,1000,1000,0,0,0,0,0
2025-12-15 00:44:14.871,SERVO_OUTPUT_RAW,610109788,SERVO_OUTPUT_RAW,0,0,0,0,0,0,0,0,1000,1000,1000,1000,0,0,0,0,0
2025-12-15 00:44:14.971,SERVO_OUTPUT_RAW,610209820,SERVO_OUTPUT_RAW,0,0,0,0,0,0,0,0,1000,1000,1000,1000,0,0,0,0,0
2025-12-15 00:44:15.071,SERVO_OUTPUT_RAW,610309832,SERVO_OUTPUT_RAW,0,0,0,0,0,0,0,0,1000,1000,1000,1000,0,0,0,0,0
2025-12-15 00:44:15.172,SERVO_OUTPUT_RAW,610412129,SERVO_OUTPUT_RAW,0,0,0,0,0,0,0,0,1000,1000,1000,1000,0,0,0,0,0
2025-12-15 00:44:15.271,SERVO_OUTPUT_RAW,610509811,SERVO_OUTPUT_RAW,0,0,0,0,0,0,0,0,1000,1000,1000,1000,0,0,0,0,0
2025-12-15 00:44:15.372,SERVO_OUTPUT_RAW,610609808,SERVO_OUTPUT_RAW,0,0,0,0,0,0,0,0,1000,1000,1000,1000,0,0,0,0,0
2025-12-15 00:44:15.472,SERVO_OUTPUT_RAW,610709831,SERVO_OUTPUT_RAW,0,0,0,0,0,0,0,0,1000,1000,1000,1000,0,0,0,0,0
2025-12-15 00:44:15.572,SERVO_OUTPUT_RAW,610809855,SERVO_OUTPUT_RAW,0,0,0,0,0,0,0,0,1000,1000,1000,1000,0,0,0,0,0
2025-12-15 00:44:15.672,SERVO_OUTPUT_RAW,610909819,SERVO_OUTPUT_RAW,0,0,0,0,0,0,0,0,1000,1000,1000,1000,0,0,0,0,0
2025-12-15 00:44:15.771,SERVO_OUTPUT_RAW,611009798,SERVO_OUTPUT_RAW,0,0,0,0,0,0,0,0,1000,1000,1000,1000,0,0,0,0,0
2025-12-15 00:44:15.871,SERVO_OUTPUT_RAW,611109821,SERVO_OUTPUT_RAW,0,0,0,0,0,0,0,0,1000,1000,1000,1000,0,0,0,0,0
2025-12-15 00:44:15.972,SERVO_OUTPUT_RAW,611209843,SERVO_OUTPUT_RAW,0,0,0,0,0,0,0,0,1000,1000,1000,1000,0,0,0,0,0
2025-12-15 00:44:16.072,SERVO_OUTPUT_RAW,611309796,SERVO_OUTPUT_RAW,0,0,0,0,0,0,0,0,1000,1000,1000,1000,0,0,0,0,0
2025-12-15 00:44:16.171,SERVO_OUTPUT_RAW,611409806,SERVO_OUTPUT_RAW,0,0,0,0,0,0,0,0,1000,1000,1000,1000,0,0,0,0,0
2025-12-15 00:44:16.271,SERVO_OUTPUT_RAW,611509783,SERVO_OUTPUT_RAW,0,0,0,0,0,0,0,0,1000,1000,1000,1000,0,0,0,0,0
2025-12-15 00:44:16.371,SERVO_OUTPUT_RAW,611609782,SERVO_OUTPUT_RAW,0,0,0,0,0,0,0,0,1000,1000,1000,1000,0,0,0,0,0
2025-12-15 00:44:16.472,SERVO_OUTPUT_RAW,611709792,SERVO_OUTPUT_RAW,0,0,0,0,0,0,0,0,1000,1000,1000,1000,0,0,0,0,0
2025-12-15 00:44:16.571,SERVO_OUTPUT_RAW,611809838,SERVO_OUTPUT_RAW,0,0,0,0,0,0,0,0,1000,1000,1000,1000,0,0,0,0,0
2025-12-15 00:44:16.671,SERVO_OUTPUT_RAW,611909842,SERVO_OUTPUT_RAW,0,0,0,0,0,0,0,0,1000,1000,1000,1000,0,0,0,0,0
2025-12-15 00:44:16.771,SERVO_OUTPUT_RAW,612012149,SERVO_OUTPUT_RAW,0,0,0,0,0,0,0,0,1000,1000,1000,1000,0,0,0,0,0
2025-12-15 00:44:16.872,SERVO_OUTPUT_RAW,612109817,SERVO_OUTPUT_RAW,0,0,0,0,0,0,0,0,1000,1000,1000,1000,0,0,0,0,0
2025-12-15 00:44:16.971,SERVO_OUTPUT_RAW,612209925,SERVO_OUTPUT_RAW,0,0,0,0,0,0,0,0,1000,1000,1000,1000,0,0,0,0,0
2025-12-15 00:44:17.072,SERVO_OUTPUT_RAW,612309836,SERVO_OUTPUT_RAW,0,0,0,0,0,0,0,0,1000,1000,1000,1000,0,0,0,0,0
2025-12-15 00:44:17.172,SERVO_OUTPUT_RAW,612409846,SERVO_OUTPUT_RAW,0,0,0,0,0,0,0,0,1000,1000,1000,1000,0,0,0,0,0
2025-12-15 00:44:17.271,SERVO_OUTPUT_RAW,612509792,SERVO_OUTPUT_RAW,0,0,0,0,0,0,0,0,1000,1000,1000,1000,0,0,0,0,0
2025-12-15 00:44:17.372,SERVO_OUTPUT_RAW,612609807,SERVO_OUTPUT_RAW,0,0,0,0,0,0,0,0,1000,1000,1000,1000,0,0,0,0,0
2025-12-15 00:44:17.471,SERVO_OUTPUT_RAW,612709818,SERVO_OUTPUT_RAW,0,0,0,0,0,0,0,0,1000,1000,1000,1000,0,0,0,0,0
2025-12-15 00:44:17.571,SERVO_OUTPUT_RAW,612809805,SERVO_OUTPUT_RAW,0,0,0,0,0,0,0,0,1000,1000,1000,1000,0,0,0,0,0
2025-12-15 00:44:17.671,SERVO_OUTPUT_RAW,612909784,SERVO_OUTPUT_RAW,0,0,0,0,0,0,0,0,1000,1000,1000,1000,0,0,0,0,0
2025-12-15 00:44:17.772,SERVO_OUTPUT_RAW,613009787,SERVO_OUTPUT_RAW,0,0,0,0,0,0,0,0,1000,1000,1000,1000,0,0,0,0,0
2025-12-15 00:44:17.872,SERVO_OUTPUT_RAW,613109800,SERVO_OUTPUT_RAW,0,0,0,0,0,0,0,0,1000,1000,1000,1000,0,0,0,0,0
2025-12-15 00:44:17.971,SERVO_OUTPUT_RAW,613209780,SERVO_OUTPUT_RAW,0,0,0,0,0,0,0,0,1000,1000,1000,1000,0,0,0,0,0
2025-12-15 00:44:18.071,SERVO_OUTPUT_RAW,613309781,SERVO_OUTPUT_RAW,0,0,0,0,0,0,0,0,1000,1000,1000,1000,0,0,0,0,0
2025-12-15 00:44:18.171,SERVO_OUTPUT_RAW,613409829,SERVO_OUTPUT_RAW,0,0,0,0,0,0,0,0,1000,1000,1000,1000,0,0,0,0,0
2025-12-15 00:44:18.271,SERVO_OUTPUT_RAW,613509810,SERVO_OUTPUT_RAW,0,0,0,0,0,0,0,0,1000,1000,1000,1000,0,0,0,0,0
2025-12-15 00:44:18.371,SERVO_OUTPUT_RAW,613609802,SERVO_OUTPUT_RAW,0,0,0,0,0,0,0,0,1000,1000,1000,1000,0,0,0,0,0
2025-12-15 00:44:18.471,SERVO_OUTPUT_RAW,613709827,SERVO_OUTPUT_RAW,0,0,0,0,0,0,0,0,1000,1000,1000,1000,0,0,0,0,0
2025-12-15 00:44:18.571,SERVO_OUTPUT_RAW,613809826,SERVO_OUTPUT_RAW,0,0,0,0,0,0,0,0,1000,1000,1000,1000,0,0,0,0,0
2025-12-15 00:44:18.672,SERVO_OUTPUT_RAW,613909858,SERVO_OUTPUT_RAW,0,0,0,0,0,0,0,0,1000,1000,1000,1000,0,0,0,0,0
2025-12-15 00:44:18.771,SERVO_OUTPUT_RAW,614009855,SERVO_OUTPUT_RAW,0,0,0,0,0,0,0,0,1000,1000,1000,1000,0,0,0,0,0
2025-12-15 00:44:18.871,SERVO_OUTPUT_RAW,614112062,SERVO_OUTPUT_RAW,0,0,0,0,0,0,0,0,1000,1000,1000,1000,0,0,0,0,0
2025-12-15 00:44:18.972,SERVO_OUTPUT_RAW,614209821,SERVO_OUTPUT_RAW,0,0,0,0,0,0,0,0,1000,1000,1000,1000,0,0,0,0,0
2025-12-15 00:44:19.072,SERVO_OUTPUT_RAW,614309808,SERVO_OUTPUT_RAW,0,0,0,0,0,0,0,0,1000,1000,1000,1000,0,0,0,0,0
2025-12-15 00:44:19.172,SERVO_OUTPUT_RAW,614409795,SERVO_OUTPUT_RAW,0,0,0,0,0,0,0,0,1000,1000,1000,1000,0,0,0,0,0
2025-12-15 00:44:19.272,SERVO_OUTPUT_RAW,614509785,SERVO_OUTPUT_RAW,0,0,0,0,0,0,0,0,1000,1000,1000,1000,0,0,0,0,0
2025-12-15 00:44:19.372,SERVO_OUTPUT_RAW,614609778,SERVO_OUTPUT_RAW,0,0,0,0,0,0,0,0,1000,1000,1000,1000,0,0,0,0,0
2025-12-15 00:44:19.471,SERVO_OUTPUT_RAW,614709791,SERVO_OUTPUT_RAW,0,0,0,0,0,0,0,0,1000,1000,1000,1000,0,0,0,0,0
2025-12-15 00:44:19.572,SERVO_OUTPUT_RAW,614809798,SERVO_OUTPUT_RAW,0,0,0,0,0,0,0,0,1000,1000,1000,1000,0,0,0,0,0
2025-12-15 00:44:19.672,SERVO_OUTPUT_RAW,614909832,SERVO_OUTPUT_RAW,0,0,0,0,0,0,0,0,1000,1000,1000,1000,0,0,0,0,0
2025-12-15 00:44:19.772,SERVO_OUTPUT_RAW,615009844,SERVO_OUTPUT_RAW,0,0,0,0,0,0,0,0,1000,1000,1000,1000,0,0,0,0,0
2025-12-15 00:44:19.872,SERVO_OUTPUT_RAW,615109859,SERVO_OUTPUT_RAW,0,0,0,0,0,0,0,0,1000,1000,1000,1000,0,0,0,0,0
2025-12-15 00:44:19.972,SERVO_OUTPUT_RAW,615209813,SERVO_OUTPUT_RAW,0,0,0,0,0,0,0,0,1000,1000,1000,1000,0,0,0,0,0
2025-12-15 00:44:20.072,SERVO_OUTPUT_RAW,615309812,SERVO_OUTPUT_RAW,0,0,0,0,0,0,0,0,1000,1000,1000,1000,0,0,0,0,0
2025-12-15 00:44:20.172,SERVO_OUTPUT_RAW,615409839,SERVO_OUTPUT_RAW,0,0,0,0,0,0,0,0,1000,1000,1000,1000,0,0,0,0,0
2025-12-15 00:44:20.272,SERVO_OUTPUT_RAW,615509849,SERVO_OUTPUT_RAW,0,0,0,0,0,0,0,0,1000,1000,1000,1000,0,0,0,0,0
2025-12-15 00:44:20.372,SERVO_OUTPUT_RAW,615609780,SERVO_OUTPUT_RAW,0,0,0,0,0,0,0,0,1000,1000,1000,1000,0,0,0,0,0
2025-12-15 00:44:20.472,SERVO_OUTPUT_RAW,615709799,SERVO_OUTPUT_RAW,0,0,0,0,0,0,0,0,1000,1000,1000,1000,0,0,0,0,0
2025-12-15 00:44:20.572,SERVO_OUTPUT_RAW,615809816,SERVO_OUTPUT_RAW,0,0,0,0,0,0,0,0,1000,1000,1000,1000,0,0,0,0,0
2025-12-15 00:44:20.672,SERVO_OUTPUT_RAW,615909820,SERVO_OUTPUT_RAW,0,0,0,0,0,0,0,0,1000,1000,1000,1000,0,0,0,0,0
2025-12-15 00:44:20.772,SERVO_OUTPUT_RAW,616009772,SERVO_OUTPUT_RAW,0,0,0,0,0,0,0,0,1000,1000,1000,1000,0,0,0,0,0
2025-12-15 00:44:20.872,SERVO_OUTPUT_RAW,616109788,SERVO_OUTPUT_RAW,0,0,0,0,0,0,0,0,1000,1000,1000,1000,0,0,0,0,0
2025-12-15 00:44:20.972,SERVO_OUTPUT_RAW,616209848,SERVO_OUTPUT_RAW,0,0,0,0,0,0,0,0,1000,1000,1000,1000,0,0,0,0,0
2025-12-15 00:44:21.072,SERVO_OUTPUT_RAW,616309789,SERVO_OUTPUT_RAW,0,0,0,0,0,0,0,0,1000,1000,1000,1000,0,0,0,0,0
2025-12-15 00:44:21.173,SERVO_OUTPUT_RAW,616412140,SERVO_OUTPUT_RAW,0,0,0,0,0,0,0,0,1000,1000,1000,1000,0,0,0,0,0
2025-12-15 00:44:21.272,SERVO_OUTPUT_RAW,616509834,SERVO_OUTPUT_RAW,0,0,0,0,0,0,0,0,1000,1000,1000,1000,0,0,0,0,0
2025-12-15 00:44:21.372,SERVO_OUTPUT_RAW,616609839,SERVO_OUTPUT_RAW,0,0,0,0,0,0,0,0,1000,1000,1000,1000,0,0,0,0,0
2025-12-15 00:44:21.472,SERVO_OUTPUT_RAW,616712125,SERVO_OUTPUT_RAW,0,0,0,0,0,0,0,0,1000,1000,1000,1000,0,0,0,0,0
2025-12-15 00:44:21.572,SERVO_OUTPUT_RAW,616809828,SERVO_OUTPUT_RAW,0,0,0,0,0,0,0,0,1000,1000,1000,1000,0,0,0,0,0
2025-12-15 00:44:21.672,SERVO_OUTPUT_RAW,616909822,SERVO_OUTPUT_RAW,0,0,0,0,0,0,0,0,1000,1000,1000,1000,0,0,0,0,0
2025-12-15 00:44:21.772,SERVO_OUTPUT_RAW,617009862,SERVO_OUTPUT_RAW,0,0,0,0,0,0,0,0,1000,1000,1000,1000,0,0,0,0,0
2025-12-15 00:44:21.872,SERVO_OUTPUT_RAW,617109852,SERVO_OUTPUT_RAW,0,0,0,0,0,0,0,0,1000,1000,1000,1000,0,0,0,0,0
2025-12-15 00:44:21.972,SERVO_OUTPUT_RAW,617209786,SERVO_OUTPUT_RAW,0,0,0,0,0,0,0,0,1000,1000,1000,1000,0,0,0,0,0
2025-12-15 00:44:22.072,SERVO_OUTPUT_RAW,617309816,SERVO_OUTPUT_RAW,0,0,0,0,0,0,0,0,1000,1000,1000,1000,0,0,0,0,0
2025-12-15 00:44:22.173,SERVO_OUTPUT_RAW,617409824,SERVO_OUTPUT_RAW,0,0,0,0,0,0,0,0,1000,1000,1000,1000,0,0,0,0,0
2025-12-15 00:44:22.272,SERVO_OUTPUT_RAW,617509783,SERVO_OUTPUT_RAW,0,0,0,0,0,0,0,0,1000,1000,1000,1000,0,0,0,0,0
2025-12-15 00:44:22.372,SERVO_OUTPUT_RAW,617609812,SERVO_OUTPUT_RAW,0,0,0,0,0,0,0,0,1000,1000,1000,1000,0,0,0,0,0
2025-12-15 00:44:22.477,SERVO_OUTPUT_RAW,617709791,SERVO_OUTPUT_RAW,0,0,0,0,0,0,0,0,1000,1000,1000,1000,0,0,0,0,0
2025-12-15 00:44:22.572,SERVO_OUTPUT_RAW,617809794,SERVO_OUTPUT_RAW,0,0,0,0,0,0,0,0,1000,1000,1000,1000,0,0,0,0,0
2025-12-15 00:44:22.673,SERVO_OUTPUT_RAW,617909791,SERVO_OUTPUT_RAW,0,0,0,0,0,0,0,0,1000,1000,1000,1000,0,0,0,0,0
2025-12-15 00:44:22.773,SERVO_OUTPUT_RAW,618009815,SERVO_OUTPUT_RAW,0,0,0,0,0,0,0,0,1000,1000,1000,1000,0,0,0,0,0
2025-12-15 00:44:22.873,SERVO_OUTPUT_RAW,618109829,SERVO_OUTPUT_RAW,0,0,0,0,0,0,0,0,1000,1000,1000,1000,0,0,0,0,0
2025-12-15 00:44:22.972,SERVO_OUTPUT_RAW,618209856,SERVO_OUTPUT_RAW,0,0,0,0,0,0,0,0,1000,1000,1000,1000,0,0,0,0,0
2025-12-15 00:44:23.072,SERVO_OUTPUT_RAW,618312165,SERVO_OUTPUT_RAW,0,0,0,0,0,0,0,0,1000,1000,1000,1000,0,0,0,0,0
2025-12-15 00:44:23.172,SERVO_OUTPUT_RAW,618409804,SERVO_OUTPUT_RAW,0,0,0,0,0,0,0,0,1000,1000,1000,1000,0,0,0,0,0
2025-12-15 00:44:23.272,SERVO_OUTPUT_RAW,618509840,SERVO_OUTPUT_RAW,0,0,0,0,0,0,0,0,1000,1000,1000,1000,0,0,0,0,0
2025-12-15 00:44:23.372,SERVO_OUTPUT_RAW,618609853,SERVO_OUTPUT_RAW,0,0,0,0,0,0,0,0,1000,1000,1000,1000,0,0,0,0,0
2025-12-15 00:44:23.472,SERVO_OUTPUT_RAW,618709780,SERVO_OUTPUT_RAW,0,0,0,0,0,0,0,0,1000,1000,1000,1000,0,0,0,0,0
2025-12-15 00:44:23.572,SERVO_OUTPUT_RAW,618809809,SERVO_OUTPUT_RAW,0,0,0,0,0,0,0,0,1000,1000,1000,1000,0,0,0,0,0
2025-12-15 00:44:23.673,SERVO_OUTPUT_RAW,618909825,SERVO_OUTPUT_RAW,0,0,0,0,0,0,0,0,1000,1000,1000,1000,0,0,0,0,0
2025-12-15 00:44:23.772,SERVO_OUTPUT_RAW,619009790,SERVO_OUTPUT_RAW,0,0,0,0,0,0,0,0,1000,1000,1000,1000,0,0,0,0,0
2025-12-15 00:44:23.873,SERVO_OUTPUT_RAW,619109785,SERVO_OUTPUT_RAW,0,0,0,0,0,0,0,0,1000,1000,1000,1000,0,0,0,0,0
2025-12-15 00:44:23.972,SERVO_OUTPUT_RAW,619209785,SERVO_OUTPUT_RAW,0,0,0,0,0,0,0,0,1000,1000,1000,1000,0,0,0,0,0
2025-12-15 00:44:24.072,SERVO_OUTPUT_RAW,619309785,SERVO_OUTPUT_RAW,0,0,0,0,0,0,0,0,1000,1000,1000,1000,0,0,0,0,0
2025-12-15 00:44:24.173,SERVO_OUTPUT_RAW,619409803,SERVO_OUTPUT_RAW,0,0,0,0,0,0,0,0,1000,1000,1000,1000,0,0,0,0,0
2025-12-15 00:44:24.272,SERVO_OUTPUT_RAW,619509788,SERVO_OUTPUT_RAW,0,0,0,0,0,0,0,0,1000,1000,1000,1000,0,0,0,0,0
2025-12-15 00:44:24.372,SERVO_OUTPUT_RAW,619612204,SERVO_OUTPUT_RAW,0,0,0,0,0,0,0,0,1000,1000,1000,1000,0,0,0,0,0
2025-12-15 00:44:24.473,SERVO_OUTPUT_RAW,619709818,SERVO_OUTPUT_RAW,0,0,0,0,0,0,0,0,1000,1000,1000,1000,0,0,0,0,0
2025-12-15 00:44:24.573,SERVO_OUTPUT_RAW,619809853,SERVO_OUTPUT_RAW,0,0,0,0,0,0,0,0,1000,1000,1000,1000,0,0,0,0,0
2025-12-15 00:44:24.673,SERVO_OUTPUT_RAW,619909818,SERVO_OUTPUT_RAW,0,0,0,0,0,0,0,0,1000,1000,1000,1000,0,0,0,0,0
2025-12-15 00:44:24.773,SERVO_OUTPUT_RAW,620009804,SERVO_OUTPUT_RAW,0,0,0,0,0,0,0,0,1000,1000,1000,1000,0,0,0,0,0
2025-12-15 00:44:24.877,SERVO_OUTPUT_RAW,620109838,SERVO_OUTPUT_RAW,0,0,0,0,0,0,0,0,1000,1000,1000,1000,0,0,0,0,0
2025-12-15 00:44:24.973,SERVO_OUTPUT_RAW,620209839,SERVO_OUTPUT_RAW,0,0,0,0,0,0,0,0,1000,1000,1000,1000,0,0,0,0,0
2025-12-15 00:44:25.072,SERVO_OUTPUT_RAW,620309831,SERVO_OUTPUT_RAW,0,0,0,0,0,0,0,0,1000,1000,1000,1000,0,0,0,0,0
2025-12-15 00:44:25.173,SERVO_OUTPUT_RAW,620409934,SERVO_OUTPUT_RAW,0,0,0,0,0,0,0,0,1000,1000,1000,1000,0,0,0,0,0
2025-12-15 00:44:25.273,SERVO_OUTPUT_RAW,620509826,SERVO_OUTPUT_RAW,0,0,0,0,0,0,0,0,1000,1000,1000,1000,0,0,0,0,0
2025-12-15 00:44:25.373,SERVO_OUTPUT_RAW,620609802,SERVO_OUTPUT_RAW,0,0,0,0,0,0,0,0,1000,1000,1000,1000,0,0,0,0,0
2025-12-15 00:44:25.473,SERVO_OUTPUT_RAW,620709781,SERVO_OUTPUT_RAW,0,0,0,0,0,0,0,0,1000,1000,1000,1000,0,0,0,0,0
2025-12-15 00:44:25.572,SERVO_OUTPUT_RAW,620809794,SERVO_OUTPUT_RAW,0,0,0,0,0,0,0,0,1000,1000,1000,1000,0,0,0,0,0
2025-12-15 00:44:25.672,SERVO_OUTPUT_RAW,620909800,SERVO_OUTPUT_RAW,0,0,0,0,0,0,0,0,1000,1000,1000,1000,0,0,0,0,0
2025-12-15 00:44:25.772,SERVO_OUTPUT_RAW,621009779,SERVO_OUTPUT_RAW,0,0,0,0,0,0,0,0,1000,1000,1000,1000,0,0,0,0,0
2025-12-15 00:44:25.872,SERVO_OUTPUT_RAW,621109793,SERVO_OUTPUT_RAW,0,0,0,0,0,0,0,0,1000,1000,1000,1000,0,0,0,0,0
2025-12-15 00:44:25.972,SERVO_OUTPUT_RAW,621209839,SERVO_OUTPUT_RAW,0,0,0,0,0,0,0,0,1000,1000,1000,1000,0,0,0,0,0
2025-12-15 00:44:26.072,SERVO_OUTPUT_RAW,621309798,SERVO_OUTPUT_RAW,0,0,0,0,0,0,0,0,1000,1000,1000,1000,0,0,0,0,0
2025-12-15 00:44:26.172,SERVO_OUTPUT_RAW,621409799,SERVO_OUTPUT_RAW,0,0,0,0,0,0,0,0,1000,1000,1000,1000,0,0,0,0,0
2025-12-15 00:44:26.272,SERVO_OUTPUT_RAW,621509832,SERVO_OUTPUT_RAW,0,0,0,0,0,0,0,0,1000,1000,1000,1000,0,0,0,0,0
2025-12-15 00:44:26.372,SERVO_OUTPUT_RAW,621609845,SERVO_OUTPUT_RAW,0,0,0,0,0,0,0,0,1000,1000,1000,1000,0,0,0,0,0
2025-12-15 00:44:26.472,SERVO_OUTPUT_RAW,621709837,SERVO_OUTPUT_RAW,0,0,0,0,0,0,0,0,1000,1000,1000,1000,0,0,0,0,0
2025-12-15 00:44:26.572,SERVO_OUTPUT_RAW,621809852,SERVO_OUTPUT_RAW,0,0,0,0,0,0,0,0,1000,1000,1000,1000,0,0,0,0,0
2025-12-15 00:44:26.672,SERVO_OUTPUT_RAW,621909785,SERVO_OUTPUT_RAW,0,0,0,0,0,0,0,0,1000,1000,1000,1000,0,0,0,0,0
2025-12-15 00:44:26.772,SERVO_OUTPUT_RAW,622009808,SERVO_OUTPUT_RAW,0,0,0,0,0,0,0,0,1000,1000,1000,1000,0,0,0,0,0
2025-12-15 00:44:26.872,SERVO_OUTPUT_RAW,622109831,SERVO_OUTPUT_RAW,0,0,0,0,0,0,0,0,1000,1000,1000,1000,0,0,0,0,0
2025-12-15 00:44:26.972,SERVO_OUTPUT_RAW,622209778,SERVO_OUTPUT_RAW,0,0,0,0,0,0,0,0,1000,1000,1000,1000,0,0,0,0,0
2025-12-15 00:44:27.072,SERVO_OUTPUT_RAW,622309789,SERVO_OUTPUT_RAW,0,0,0,0,0,0,0,0,1000,1000,1000,1000,0,0,0,0,0
2025-12-15 00:44:27.172,SERVO_OUTPUT_RAW,622409789,SERVO_OUTPUT_RAW,0,0,0,0,0,0,0,0,1000,1000,1000,1000,0,0,0,0,0
2025-12-15 00:44:27.272,SERVO_OUTPUT_RAW,622509856,SERVO_OUTPUT_RAW,0,0,0,0,0,0,0,0,1000,1000,1000,1000,0,0,0,0,0
2025-12-15 00:44:27.374,SERVO_OUTPUT_RAW,622609790,SERVO_OUTPUT_RAW,0,0,0,0,0,0,0,0,1000,1000,1000,1000,0,0,0,0,0
2025-12-15 00:44:27.470,SERVO_OUTPUT_RAW,622709805,SERVO_OUTPUT_RAW,0,0,0,0,0,0,0,0,1000,1000,1000,1000,0,0,0,0,0
2025-12-15 00:44:27.570,SERVO_OUTPUT_RAW,622809876,SERVO_OUTPUT_RAW,0,0,0,0,0,0,0,0,1000,1000,1000,1000,0,0,0,0,0
2025-12-15 00:44:27.670,SERVO_OUTPUT_RAW,622909818,SERVO_OUTPUT_RAW,0,0,0,0,0,0,0,0,1000,1000,1000,1000,0,0,0,0,0
2025-12-15 00:44:27.770,SERVO_OUTPUT_RAW,623009806,SERVO_OUTPUT_RAW,0,0,0,0,0,0,0,0,1000,1000,1000,1000,0,0,0,0,0
2025-12-15 00:44:27.870,SERVO_OUTPUT_RAW,623109807,SERVO_OUTPUT_RAW,0,0,0,0,0,0,0,0,1000,1000,1000,1000,0,0,0,0,0
2025-12-15 00:44:27.970,SERVO_OUTPUT_RAW,623209838,SERVO_OUTPUT_RAW,0,0,0,0,0,0,0,0,1000,1000,1000,1000,0,0,0,0,0
2025-12-15 00:44:28.070,SERVO_OUTPUT_RAW,623309853,SERVO_OUTPUT_RAW,0,0,0,0,0,0,0,0,1000,1000,1000,1000,0,0,0,0,0
2025-12-15 00:44:28.170,SERVO_OUTPUT_RAW,623409794,SERVO_OUTPUT_RAW,0,0,0,0,0,0,0,0,1000,1000,1000,1000,0,0,0,0,0
2025-12-15 00:44:28.270,SERVO_OUTPUT_RAW,623509793,SERVO_OUTPUT_RAW,0,0,0,0,0,0,0,0,1000,1000,1000,1000,0,0,0,0,0
2025-12-15 00:44:28.370,SERVO_OUTPUT_RAW,623609808,SERVO_OUTPUT_RAW,0,0,0,0,0,0,0,0,1000,1000,1000,1000,0,0,0,0,0
2025-12-15 00:44:28.470,SERVO_OUTPUT_RAW,623709796,SERVO_OUTPUT_RAW,0,0,0,0,0,0,0,0,1000,1000,1000,1000,0,0,0,0,0
2025-12-15 00:44:28.570,SERVO_OUTPUT_RAW,623809806,SERVO_OUTPUT_RAW,0,0,0,0,0,0,0,0,1000,1000,1000,1000,0,0,0,0,0
2025-12-15 00:44:28.670,SERVO_OUTPUT_RAW,623909801,SERVO_OUTPUT_RAW,0,0,0,0,0,0,0,0,1000,1000,1000,1000,0,0,0,0,0
2025-12-15 00:44:28.770,SERVO_OUTPUT_RAW,624009794,SERVO_OUTPUT_RAW,0,0,0,0,0,0,0,0,1000,1000,1000,1000,0,0,0,0,0
2025-12-15 00:44:28.870,SERVO_OUTPUT_RAW,624109785,SERVO_OUTPUT_RAW,0,0,0,0,0,0,0,0,1000,1000,1000,1000,0,0,0,0,0
2025-12-15 00:44:28.970,SERVO_OUTPUT_RAW,624209800,SERVO_OUTPUT_RAW,0,0,0,0,0,0,0,0,1000,1000,1000,1000,0,0,0,0,0
2025-12-15 00:44:29.070,SERVO_OUTPUT_RAW,624309842,SERVO_OUTPUT_RAW,0,0,0,0,0,0,0,0,1000,1000,1000,1000,0,0,0,0,0
2025-12-15 00:44:29.170,SERVO_OUTPUT_RAW,624409829,SERVO_OUTPUT_RAW,0,0,0,0,0,0,0,0,1000,1000,1000,1000,0,0,0,0,0
2025-12-15 00:44:29.270,SERVO_OUTPUT_RAW,624509780,SERVO_OUTPUT_RAW,0,0,0,0,0,0,0,0,1000,1000,1000,1000,0,0,0,0,0
2025-12-15 00:44:29.371,SERVO_OUTPUT_RAW,624612178,SERVO_OUTPUT_RAW,0,0,0,0,0,0,0,0,1000,1000,1000,1000,0,0,0,0,0
2025-12-15 00:44:29.470,SERVO_OUTPUT_RAW,624709810,SERVO_OUTPUT_RAW,0,0,0,0,0,0,0,0,1000,1000,1000,1000,0,0,0,0,0
2025-12-15 00:44:29.570,SERVO_OUTPUT_RAW,624809949,SERVO_OUTPUT_RAW,0,0,0,0,0,0,0,0,1000,1000,1000,1000,0,0,0,0,0
2025-12-15 00:44:29.670,SERVO_OUTPUT_RAW,624909845,SERVO_OUTPUT_RAW,0,0,0,0,0,0,0,0,1000,1000,1000,1000,0,0,0,0,0
2025-12-15 00:44:29.770,SERVO_OUTPUT_RAW,625009794,SERVO_OUTPUT_RAW,0,0,0,0,0,0,0,0,1000,1000,1000,1000,0,0,0,0,0
2025-12-15 00:44:29.870,SERVO_OUTPUT_RAW,625109814,SERVO_OUTPUT_RAW,0,0,0,0,0,0,0,0,1000,1000,1000,1000,0,0,0,0,0
2025-12-15 00:44:29.970,SERVO_OUTPUT_RAW,625209814,SERVO_OUTPUT_RAW,0,0,0,0,0,0,0,0,1000,1000,1000,1000,0,0,0,0,0
2025-12-15 00:44:30.070,SERVO_OUTPUT_RAW,625309842,SERVO_OUTPUT_RAW,0,0,0,0,0,0,0,0,1000,1000,1000,1000,0,0,0,0,0
2025-12-15 00:44:30.170,SERVO_OUTPUT_RAW,625409794,SERVO_OUTPUT_RAW,0,0,0,0,0,0,0,0,1000,1000,1000,1000,0,0,0,0,0
2025-12-15 00:44:30.270,SERVO_OUTPUT_RAW,625509780,SERVO_OUTPUT_RAW,0,0,0,0,0,0,0,0,1000,1000,1000,1000,0,0,0,0,0
2025-12-15 00:44:30.370,SERVO_OUTPUT_RAW,625609777,SERVO_OUTPUT_RAW,0,0,0,0,0,0,0,0,1000,1000,1000,1000,0,0,0,0,0
2025-12-15 00:44:30.470,SERVO_OUTPUT_RAW,625709829,SERVO_OUTPUT_RAW,0,0,0,0,0,0,0,0,1000,1000,1000,1000,0,0,0,0,0
2025-12-15 00:44:30.570,SERVO_OUTPUT_RAW,625809790,SERVO_OUTPUT_RAW,0,0,0,0,0,0,0,0,1000,1000,1000,1000,0,0,0,0,0
2025-12-15 00:44:30.670,SERVO_OUTPUT_RAW,625909827,SERVO_OUTPUT_RAW,0,0,0,0,0,0,0,0,1000,1000,1000,1000,0,0,0,0,0
2025-12-15 00:44:30.770,SERVO_OUTPUT_RAW,626009825,SERVO_OUTPUT_RAW,0,0,0,0,0,0,0,0,1000,1000,1000,1000,0,0,0,0,0
2025-12-15 00:44:30.870,SERVO_OUTPUT_RAW,626109803,SERVO_OUTPUT_RAW,0,0,0,0,0,0,0,0,1000,1000,1000,1000,0,0,0,0,0
2025-12-15 00:44:30.970,SERVO_OUTPUT_RAW,626209823,SERVO_OUTPUT_RAW,0,0,0,0,0,0,0,0,1000,1000,1000,1000,0,0,0,0,0
2025-12-15 00:44:31.070,SERVO_OUTPUT_RAW,626309844,SERVO_OUTPUT_RAW,0,0,0,0,0,0,0,0,1000,1000,1000,1000,0,0,0,0,0
2025-12-15 00:44:31.170,SERVO_OUTPUT_RAW,626409850,SERVO_OUTPUT_RAW,0,0,0,0,0,0,0,0,1000,1000,1000,1000,0,0,0,0,0
2025-12-15 00:44:31.270,SERVO_OUTPUT_RAW,626509861,SERVO_OUTPUT_RAW,0,0,0,0,0,0,0,0,1000,1000,1000,1000,0,0,0,0,0
2025-12-15 00:44:31.370,SERVO_OUTPUT_RAW,626609802,SERVO_OUTPUT_RAW,0,0,0,0,0,0,0,0,1000,1000,1000,1000,0,0,0,0,0
2025-12-15 00:44:31.470,SERVO_OUTPUT_RAW,626712061,SERVO_OUTPUT_RAW,0,0,0,0,0,0,0,0,1000,1000,1000,1000,0,0,0,0,0
2025-12-15 00:44:31.570,SERVO_OUTPUT_RAW,626809828,SERVO_OUTPUT_RAW,0,0,0,0,0,0,0,0,1000,1000,1000,1000,0,0,0,0,0
2025-12-15 00:44:31.670,SERVO_OUTPUT_RAW,626909779,SERVO_OUTPUT_RAW,0,0,0,0,0,0,0,0,1000,1000,1000,1000,0,0,0,0,0
2025-12-15 00:44:31.770,SERVO_OUTPUT_RAW,627009783,SERVO_OUTPUT_RAW,0,0,0,0,0,0,0,0,1000,1000,1000,1000,0,0,0,0,0
2025-12-15 00:44:31.870,SERVO_OUTPUT_RAW,627109784,SERVO_OUTPUT_RAW,0,0,0,0,0,0,0,0,1000,1000,1000,1000,0,0,0,0,0
2025-12-15 00:44:31.970,SERVO_OUTPUT_RAW,627209781,SERVO_OUTPUT_RAW,0,0,0,0,0,0,0,0,1000,1000,1000,1000,0,0,0,0,0
2025-12-15 00:44:32.070,SERVO_OUTPUT_RAW,627309797,SERVO_OUTPUT_RAW,0,0,0,0,0,0,0,0,1000,1000,1000,1000,0,0,0,0,0
2025-12-15 00:44:32.170,SERVO_OUTPUT_RAW,627409815,SERVO_OUTPUT_RAW,0,0,0,0,0,0,0,0,1000,1000,1000,1000,0,0,0,0,0
2025-12-15 00:44:32.270,SERVO_OUTPUT_RAW,627509845,SERVO_OUTPUT_RAW,0,0,0,0,0,0,0,0,1000,1000,1000,1000,0,0,0,0,0
2025-12-15 00:44:32.372,SERVO_OUTPUT_RAW,627609856,SERVO_OUTPUT_RAW,0,0,0,0,0,0,0,0,1000,1000,1000,1000,0,0,0,0,0
2025-12-15 00:44:32.470,SERVO_OUTPUT_RAW,627709795,SERVO_OUTPUT_RAW,0,0,0,0,0,0,0,0,1000,1000,1000,1000,0,0,0,0,0
2025-12-15 00:44:32.573,SERVO_OUTPUT_RAW,627809814,SERVO_OUTPUT_RAW,0,0,0,0,0,0,0,0,1000,1000,1000,1000,0,0,0,0,0
2025-12-15 00:44:32.673,SERVO_OUTPUT_RAW,627909837,SERVO_OUTPUT_RAW,0,0,0,0,0,0,0,0,1000,1000,1000,1000,0,0,0,0,0
2025-12-15 00:44:32.773,SERVO_OUTPUT_RAW,628009839,SERVO_OUTPUT_RAW,0,0,0,0,0,0,0,0,1000,1000,1000,1000,0,0,0,0,0
2025-12-15 00:44:32.873,SERVO_OUTPUT_RAW,628109794,SERVO_OUTPUT_RAW,0,0,0,0,0,0,0,0,1000,1000,1000,1000,0,0,0,0,0
2025-12-15 00:44:32.973,SERVO_OUTPUT_RAW,628209812,SERVO_OUTPUT_RAW,0,0,0,0,0,0,0,0,1000,1000,1000,1000,0,0,0,0,0
2025-12-15 00:44:33.073,SERVO_OUTPUT_RAW,628309827,SERVO_OUTPUT_RAW,0,0,0,0,0,0,0,0,1000,1000,1000,1000,0,0,0,0,0
2025-12-15 00:44:33.173,SERVO_OUTPUT_RAW,628409830,SERVO_OUTPUT_RAW,0,0,0,0,0,0,0,0,1000,1000,1000,1000,0,0,0,0,0
2025-12-15 00:44:33.273,SERVO_OUTPUT_RAW,628509786,SERVO_OUTPUT_RAW,0,0,0,0,0,0,0,0,1000,1000,1000,1000,0,0,0,0,0
2025-12-15 00:44:33.373,SERVO_OUTPUT_RAW,628609797,SERVO_OUTPUT_RAW,0,0,0,0,0,0,0,0,1000,1000,1000,1000,0,0,0,0,0
2025-12-15 00:44:33.473,SERVO_OUTPUT_RAW,628709795,SERVO_OUTPUT_RAW,0,0,0,0,0,0,0,0,1000,1000,1000,1000,0,0,0,0,0
2025-12-15 00:44:33.573,SERVO_OUTPUT_RAW,628809852,SERVO_OUTPUT_RAW,0,0,0,0,0,0,0,0,1000,1000,1000,1000,0,0,0,0,0
2025-12-15 00:44:33.673,SERVO_OUTPUT_RAW,628909777,SERVO_OUTPUT_RAW,0,0,0,0,0,0,0,0,1000,1000,1000,1000,0,0,0,0,0
2025-12-15 00:44:33.773,SERVO_OUTPUT_RAW,629009830,SERVO_OUTPUT_RAW,0,0,0,0,0,0,0,0,1000,1000,1000,1000,0,0,0,0,0
2025-12-15 00:44:33.873,SERVO_OUTPUT_RAW,629109796,SERVO_OUTPUT_RAW,0,0,0,0,0,0,0,0,1000,1000,1000,1000,0,0,0,0,0
2025-12-15 00:44:33.973,SERVO_OUTPUT_RAW,629209847,SERVO_OUTPUT_RAW,0,0,0,0,0,0,0,0,1000,1000,1000,1000,0,0,0,0,0
2025-12-15 00:44:34.073,SERVO_OUTPUT_RAW,629309829,SERVO_OUTPUT_RAW,0,0,0,0,0,0,0,0,1000,1000,1000,1000,0,0,0,0,0
2025-12-15 00:44:34.173,SERVO_OUTPUT_RAW,629409839,SERVO_OUTPUT_RAW,0,0,0,0,0,0,0,0,1000,1000,1000,1000,0,0,0,0,0
2025-12-15 00:44:34.274,SERVO_OUTPUT_RAW,629509840,SERVO_OUTPUT_RAW,0,0,0,0,0,0,0,0,1000,1000,1000,1000,0,0,0,0,0
2025-12-15 00:44:34.373,SERVO_OUTPUT_RAW,629609866,SERVO_OUTPUT_RAW,0,0,0,0,0,0,0,0,1000,1000,1000,1000,0,0,0,0,0
2025-12-15 00:44:34.473,SERVO_OUTPUT_RAW,629709789,SERVO_OUTPUT_RAW,0,0,0,0,0,0,0,0,1000,1000,1000,1000,0,0,0,0,0
2025-12-15 00:44:34.573,SERVO_OUTPUT_RAW,629809820,SERVO_OUTPUT_RAW,0,0,0,0,0,0,0,0,1000,1000,1000,1000,0,0,0,0,0
2025-12-15 00:44:34.673,SERVO_OUTPUT_RAW,629909803,SERVO_OUTPUT_RAW,0,0,0,0,0,0,0,0,1000,1000,1000,1000,0,0,0,0,0
2025-12-15 00:44:34.773,SERVO_OUTPUT_RAW,630009778,SERVO_OUTPUT_RAW,0,0,0,0,0,0,0,0,1000,1000,1000,1000,0,0,0,0,0
2025-12-15 00:44:34.873,SERVO_OUTPUT_RAW,630109789,SERVO_OUTPUT_RAW,0,0,0,0,0,0,0,0,1000,1000,1000,1000,0,0,0,0,0
2025-12-15 00:44:34.973,SERVO_OUTPUT_RAW,630209805,SERVO_OUTPUT_RAW,0,0,0,0,0,0,0,0,1000,1000,1000,1000,0,0,0,0,0
2025-12-15 00:44:35.072,SERVO_OUTPUT_RAW,630309788,SERVO_OUTPUT_RAW,0,0,0,0,0,0,0,0,1000,1000,1000,1000,0,0,0,0,0
2025-12-15 00:44:35.172,SERVO_OUTPUT_RAW,630409793,SERVO_OUTPUT_RAW,0,0,0,0,0,0,0,0,1000,1000,1000,1000,0,0,0,0,0
2025-12-15 00:44:35.272,SERVO_OUTPUT_RAW,630509802,SERVO_OUTPUT_RAW,0,0,0,0,0,0,0,0,1000,1000,1000,1000,0,0,0,0,0
2025-12-15 00:44:35.372,SERVO_OUTPUT_RAW,630609835,SERVO_OUTPUT_RAW,0,0,0,0,0,0,0,0,1000,1000,1000,1000,0,0,0,0,0
2025-12-15 00:44:35.472,SERVO_OUTPUT_RAW,630709844,SERVO_OUTPUT_RAW,0,0,0,0,0,0,0,0,1000,1000,1000,1000,0,0,0,0,0
2025-12-15 00:44:35.572,SERVO_OUTPUT_RAW,630809785,SERVO_OUTPUT_RAW,0,0,0,0,0,0,0,0,1000,1000,1000,1000,0,0,0,0,0
2025-12-15 00:44:35.672,SERVO_OUTPUT_RAW,630912111,SERVO_OUTPUT_RAW,0,0,0,0,0,0,0,0,1000,1000,1000,1000,0,0,0,0,0
2025-12-15 00:44:35.772,SERVO_OUTPUT_RAW,631009824,SERVO_OUTPUT_RAW,0,0,0,0,0,0,0,0,1000,1000,1000,1000,0,0,0,0,0
2025-12-15 00:44:35.872,SERVO_OUTPUT_RAW,631109851,SERVO_OUTPUT_RAW,0,0,0,0,0,0,0,0,1000,1000,1000,1000,0,0,0,0,0
2025-12-15 00:44:35.972,SERVO_OUTPUT_RAW,631209794,SERVO_OUTPUT_RAW,0,0,0,0,0,0,0,0,1000,1000,1000,1000,0,0,0,0,0
2025-12-15 00:44:36.072,SERVO_OUTPUT_RAW,631309803,SERVO_OUTPUT_RAW,0,0,0,0,0,0,0,0,1000,1000,1000,1000,0,0,0,0,0
2025-12-15 00:44:36.172,SERVO_OUTPUT_RAW,631409813,SERVO_OUTPUT_RAW,0,0,0,0,0,0,0,0,1000,1000,1000,1000,0,0,0,0,0
2025-12-15 00:44:36.272,SERVO_OUTPUT_RAW,631509845,SERVO_OUTPUT_RAW,0,0,0,0,0,0,0,0,1000,1000,1000,1000,0,0,0,0,0
2025-12-15 00:44:36.372,SERVO_OUTPUT_RAW,631609778,SERVO_OUTPUT_RAW,0,0,0,0,0,0,0,0,1000,1000,1000,1000,0,0,0,0,0
2025-12-15 00:44:36.472,SERVO_OUTPUT_RAW,631709799,SERVO_OUTPUT_RAW,0,0,0,0,0,0,0,0,1000,1000,1000,1000,0,0,0,0,0
2025-12-15 00:44:36.572,SERVO_OUTPUT_RAW,631809801,SERVO_OUTPUT_RAW,0,0,0,0,0,0,0,0,1000,1000,1000,1000,0,0,0,0,0
2025-12-15 00:44:36.672,SERVO_OUTPUT_RAW,631909784,SERVO_OUTPUT_RAW,0,0,0,0,0,0,0,0,1000,1000,1000,1000,0,0,0,0,0
2025-12-15 00:44:36.772,SERVO_OUTPUT_RAW,632009820,SERVO_OUTPUT_RAW,0,0,0,0,0,0,0,0,1000,1000,1000,1000,0,0,0,0,0
2025-12-15 00:44:36.872,SERVO_OUTPUT_RAW,632109814,SERVO_OUTPUT_RAW,0,0,0,0,0,0,0,0,1000,1000,1000,1000,0,0,0,0,0
2025-12-15 00:44:36.972,SERVO_OUTPUT_RAW,632212150,SERVO_OUTPUT_RAW,0,0,0,0,0,0,0,0,1000,1000,1000,1000,0,0,0,0,0
2025-12-15 00:44:37.072,SERVO_OUTPUT_RAW,632309776,SERVO_OUTPUT_RAW,0,0,0,0,0,0,0,0,1000,1000,1000,1000,0,0,0,0,0
2025-12-15 00:44:37.172,SERVO_OUTPUT_RAW,632409785,SERVO_OUTPUT_RAW,0,0,0,0,0,0,0,0,1000,1000,1000,1000,0,0,0,0,0
2025-12-15 00:44:37.272,SERVO_OUTPUT_RAW,632509841,SERVO_OUTPUT_RAW,0,0,0,0,0,0,0,0,1000,1000,1000,1000,0,0,0,0,0
2025-12-15 00:44:37.372,SERVO_OUTPUT_RAW,632609835,SERVO_OUTPUT_RAW,0,0,0,0,0,0,0,0,1000,1000,1000,1000,0,0,0,0,0
2025-12-15 00:44:37.474,SERVO_OUTPUT_RAW,632709850,SERVO_OUTPUT_RAW,0,0,0,0,0,0,0,0,1000,1000,1000,1000,0,0,0,0,0
2025-12-15 00:44:37.572,SERVO_OUTPUT_RAW,632809795,SERVO_OUTPUT_RAW,0,0,0,0,0,0,0,0,1000,1000,1000,1000,0,0,0,0,0
2025-12-15 00:44:37.672,SERVO_OUTPUT_RAW,632909813,SERVO_OUTPUT_RAW,0,0,0,0,0,0,0,0,1000,1000,1000,1000,0,0,0,0,0
2025-12-15 00:44:37.772,SERVO_OUTPUT_RAW,633009876,SERVO_OUTPUT_RAW,0,0,0,0,0,0,0,0,1000,1000,1000,1000,0,0,0,0,0
2025-12-15 00:44:37.872,SERVO_OUTPUT_RAW,633109782,SERVO_OUTPUT_RAW,0,0,0,0,0,0,0,0,1000,1000,1000,1000,0,0,0,0,0
2025-12-15 00:44:37.972,SERVO_OUTPUT_RAW,633209789,SERVO_OUTPUT_RAW,0,0,0,0,0,0,0,0,1000,1000,1000,1000,0,0,0,0,0
2025-12-15 00:44:38.074,SERVO_OUTPUT_RAW,633309794,SERVO_OUTPUT_RAW,0,0,0,0,0,0,0,0,1000,1000,1000,1000,0,0,0,0,0
2025-12-15 00:44:38.173,SERVO_OUTPUT_RAW,633409787,SERVO_OUTPUT_RAW,0,0,0,0,0,0,0,0,1000,1000,1000,1000,0,0,0,0,0
2025-12-15 00:44:38.272,SERVO_OUTPUT_RAW,633509796,SERVO_OUTPUT_RAW,0,0,0,0,0,0,0,0,1000,1000,1000,1000,0,0,0,0,0
2025-12-15 00:44:38.372,SERVO_OUTPUT_RAW,633609805,SERVO_OUTPUT_RAW,0,0,0,0,0,0,0,0,1000,1000,1000,1000,0,0,0,0,0
2025-12-15 00:44:38.473,SERVO_OUTPUT_RAW,633709846,SERVO_OUTPUT_RAW,0,0,0,0,0,0,0,0,1000,1000,1000,1000,0,0,0,0,0
2025-12-15 00:44:38.572,SERVO_OUTPUT_RAW,633812126,SERVO_OUTPUT_RAW,0,0,0,0,0,0,0,0,1000,1000,1000,1000,0,0,0,0,0
2025-12-15 00:44:38.672,SERVO_OUTPUT_RAW,633909814,SERVO_OUTPUT_RAW,0,0,0,0,0,0,0,0,1000,1000,1000,1000,0,0,0,0,0
2025-12-15 00:44:38.772,SERVO_OUTPUT_RAW,634009804,SERVO_OUTPUT_RAW,0,0,0,0,0,0,0,0,1000,1000,1000,1000,0,0,0,0,0
2025-12-15 00:44:38.872,SERVO_OUTPUT_RAW,634109833,SERVO_OUTPUT_RAW,0,0,0,0,0,0,0,0,1000,1000,1000,1000,0,0,0,0,0
2025-12-15 00:44:38.973,SERVO_OUTPUT_RAW,634209849,SERVO_OUTPUT_RAW,0,0,0,0,0,0,0,0,1000,1000,1000,1000,0,0,0,0,0
2025-12-15 00:44:39.072,SERVO_OUTPUT_RAW,634309776,SERVO_OUTPUT_RAW,0,0,0,0,0,0,0,0,1000,1000,1000,1000,0,0,0,0,0
2025-12-15 00:44:39.172,SERVO_OUTPUT_RAW,634409796,SERVO_OUTPUT_RAW,0,0,0,0,0,0,0,0,1000,1000,1000,1000,0,0,0,0,0
2025-12-15 00:44:39.273,SERVO_OUTPUT_RAW,634509813,SERVO_OUTPUT_RAW,0,0,0,0,0,0,0,0,1000,1000,1000,1000,0,0,0,0,0
2025-12-15 00:44:39.372,SERVO_OUTPUT_RAW,634609787,SERVO_OUTPUT_RAW,0,0,0,0,0,0,0,0,1000,1000,1000,1000,0,0,0,0,0
2025-12-15 00:44:39.473,SERVO_OUTPUT_RAW,634709798,SERVO_OUTPUT_RAW,0,0,0,0,0,0,0,0,1000,1000,1000,1000,0,0,0,0,0
2025-12-15 00:44:39.572,SERVO_OUTPUT_RAW,634809786,SERVO_OUTPUT_RAW,0,0,0,0,0,0,0,0,1000,1000,1000,1000,0,0,0,0,0
2025-12-15 00:44:39.672,SERVO_OUTPUT_RAW,634909783,SERVO_OUTPUT_RAW,0,0,0,0,0,0,0,0,1000,1000,1000,1000,0,0,0,0,0
2025-12-15 00:44:39.773,SERVO_OUTPUT_RAW,635009796,SERVO_OUTPUT_RAW,0,0,0,0,0,0,0,0,1000,1000,1000,1000,0,0,0,0,0
2025-12-15 00:44:39.874,SERVO_OUTPUT_RAW,635112151,SERVO_OUTPUT_RAW,0,0,0,0,0,0,0,0,1000,1000,1000,1000,0,0,0,0,0
2025-12-15 00:44:39.972,SERVO_OUTPUT_RAW,635209819,SERVO_OUTPUT_RAW,0,0,0,0,0,0,0,0,1000,1000,1000,1000,0,0,0,0,0
2025-12-15 00:44:40.073,SERVO_OUTPUT_RAW,635309837,SERVO_OUTPUT_RAW,0,0,0,0,0,0,0,0,1000,1000,1000,1000,0,0,0,0,0
2025-12-15 00:44:40.172,SERVO_OUTPUT_RAW,635409857,SERVO_OUTPUT_RAW,0,0,0,0,0,0,0,0,1000,1000,1000,1000,0,0,0,0,0
2025-12-15 00:44:40.272,SERVO_OUTPUT_RAW,635509814,SERVO_OUTPUT_RAW,0,0,0,0,0,0,0,0,1000,1000,1000,1000,0,0,0,0,0
2025-12-15 00:44:40.372,SERVO_OUTPUT_RAW,635609844,SERVO_OUTPUT_RAW,0,0,0,0,0,0,0,0,1000,1000,1000,1000,0,0,0,0,0
2025-12-15 00:44:40.473,SERVO_OUTPUT_RAW,635709839,SERVO_OUTPUT_RAW,0,0,0,0,0,0,0,0,1000,1000,1000,1000,0,0,0,0,0
2025-12-15 00:44:40.572,SERVO_OUTPUT_RAW,635809847,SERVO_OUTPUT_RAW,0,0,0,0,0,0,0,0,1000,1000,1000,1000,0,0,0,0,0
2025-12-15 00:44:40.672,SERVO_OUTPUT_RAW,635909783,SERVO_OUTPUT_RAW,0,0,0,0,0,0,0,0,1000,1000,1000,1000,0,0,0,0,0
2025-12-15 00:44:40.773,SERVO_OUTPUT_RAW,636009801,SERVO_OUTPUT_RAW,0,0,0,0,0,0,0,0,1000,1000,1000,1000,0,0,0,0,0
2025-12-15 00:44:40.872,SERVO_OUTPUT_RAW,636109814,SERVO_OUTPUT_RAW,0,0,0,0,0,0,0,0,1000,1000,1000,1000,0,0,0,0,0
2025-12-15 00:44:40.973,SERVO_OUTPUT_RAW,636209799,SERVO_OUTPUT_RAW,0,0,0,0,0,0,0,0,1000,1000,1000,1000,0,0,0,0,0
2025-12-15 00:44:41.073,SERVO_OUTPUT_RAW,636309784,SERVO_OUTPUT_RAW,0,0,0,0,0,0,0,0,1000,1000,1000,1000,0,0,0,0,0
2025-12-15 00:44:41.173,SERVO_OUTPUT_RAW,636409801,SERVO_OUTPUT_RAW,0,0,0,0,0,0,0,0,1000,1000,1000,1000,0,0,0,0,0
2025-12-15 00:44:41.272,SERVO_OUTPUT_RAW,636509805,SERVO_OUTPUT_RAW,0,0,0,0,0,0,0,0,1000,1000,1000,1000,0,0,0,0,0
2025-12-15 00:44:41.372,SERVO_OUTPUT_RAW,636609787,SERVO_OUTPUT_RAW,0,0,0,0,0,0,0,0,1000,1000,1000,1000,0,0,0,0,0
2025-12-15 00:44:41.473,SERVO_OUTPUT_RAW,636709815,SERVO_OUTPUT_RAW,0,0,0,0,0,0,0,0,1000,1000,1000,1000,0,0,0,0,0
2025-12-15 00:44:41.572,SERVO_OUTPUT_RAW,636809823,SERVO_OUTPUT_RAW,0,0,0,0,0,0,0,0,1000,1000,1000,1000,0,0,0,0,0
2025-12-15 00:44:41.672,SERVO_OUTPUT_RAW,636909797,SERVO_OUTPUT_RAW,0,0,0,0,0,0,0,0,1000,1000,1000,1000,0,0,0,0,0
2025-12-15 00:44:41.773,SERVO_OUTPUT_RAW,637009794,SERVO_OUTPUT_RAW,0,0,0,0,0,0,0,0,1000,1000,1000,1000,0,0,0,0,0
2025-12-15 00:44:41.872,SERVO_OUTPUT_RAW,637109791,SERVO_OUTPUT_RAW,0,0,0,0,0,0,0,0,1000,1000,1000,1000,0,0,0,0,0
2025-12-15 00:44:41.973,SERVO_OUTPUT_RAW,637212152,SERVO_OUTPUT_RAW,0,0,0,0,0,0,0,0,1000,1000,1000,1000,0,0,0,0,0
2025-12-15 00:44:42.073,SERVO_OUTPUT_RAW,637309839,SERVO_OUTPUT_RAW,0,0,0,0,0,0,0,0,1000,1000,1000,1000,0,0,0,0,0
2025-12-15 00:44:42.173,SERVO_OUTPUT_RAW,637409903,SERVO_OUTPUT_RAW,0,0,0,0,0,0,0,0,1000,1000,1000,1000,0,0,0,0,0
2025-12-15 00:44:42.273,SERVO_OUTPUT_RAW,637509786,SERVO_OUTPUT_RAW,0,0,0,0,0,0,0,0,1000,1000,1000,1000,0,0,0,0,0
2025-12-15 00:44:42.374,SERVO_OUTPUT_RAW,637609816,SERVO_OUTPUT_RAW,0,0,0,0,0,0,0,0,1000,1000,1000,1000,0,0,0,0,0
2025-12-15 00:44:42.473,SERVO_OUTPUT_RAW,637709818,SERVO_OUTPUT_RAW,0,0,0,0,0,0,0,0,1000,1000,1000,1000,0,0,0,0,0
2025-12-15 00:44:42.573,SERVO_OUTPUT_RAW,637809787,SERVO_OUTPUT_RAW,0,0,0,0,0,0,0,0,1000,1000,1000,1000,0,0,0,0,0
2025-12-15 00:44:42.674,SERVO_OUTPUT_RAW,637909787,SERVO_OUTPUT_RAW,0,0,0,0,0,0,0,0,1000,1000,1000,1000,0,0,0,0,0
2025-12-15 00:44:42.773,SERVO_OUTPUT_RAW,638009816,SERVO_OUTPUT_RAW,0,0,0,0,0,0,0,0,1000,1000,1000,1000,0,0,0,0,0
2025-12-15 00:44:42.874,SERVO_OUTPUT_RAW,638109796,SERVO_OUTPUT_RAW,0,0,0,0,0,0,0,0,1000,1000,1000,1000,0,0,0,0,0
2025-12-15 00:44:42.973,SERVO_OUTPUT_RAW,638209783,SERVO_OUTPUT_RAW,0,0,0,0,0,0,0,0,1000,1000,1000,1000,0,0,0,0,0
2025-12-15 00:44:43.073,SERVO_OUTPUT_RAW,638309843,SERVO_OUTPUT_RAW,0,0,0,0,0,0,0,0,1000,1000,1000,1000,0,0,0,0,0
2025-12-15 00:44:43.173,SERVO_OUTPUT_RAW,638409827,SERVO_OUTPUT_RAW,0,0,0,0,0,0,0,0,1000,1000,1000,1000,0,0,0,0,0
2025-12-15 00:44:43.273,SERVO_OUTPUT_RAW,638509832,SERVO_OUTPUT_RAW,0,0,0,0,0,0,0,0,1000,1000,1000,1000,0,0,0,0,0
2025-12-15 00:44:43.373,SERVO_OUTPUT_RAW,638609789,SERVO_OUTPUT_RAW,0,0,0,0,0,0,0,0,1000,1000,1000,1000,0,0,0,0,0
2025-12-15 00:44:43.473,SERVO_OUTPUT_RAW,638709802,SERVO_OUTPUT_RAW,0,0,0,0,0,0,0,0,1000,1000,1000,1000,0,0,0,0,0
2025-12-15 00:44:43.573,SERVO_OUTPUT_RAW,638809835,SERVO_OUTPUT_RAW,0,0,0,0,0,0,0,0,1000,1000,1000,1000,0,0,0,0,0
2025-12-15 00:44:43.673,SERVO_OUTPUT_RAW,638909840,SERVO_OUTPUT_RAW,0,0,0,0,0,0,0,0,1000,1000,1000,1000,0,0,0,0,0
2025-12-15 00:44:43.773,SERVO_OUTPUT_RAW,639009779,SERVO_OUTPUT_RAW,0,0,0,0,0,0,0,0,1000,1000,1000,1000,0,0,0,0,0
2025-12-15 00:44:43.873,SERVO_OUTPUT_RAW,639109807,SERVO_OUTPUT_RAW,0,0,0,0,0,0,0,0,1000,1000,1000,1000,0,0,0,0,0
2025-12-15 00:44:43.973,SERVO_OUTPUT_RAW,639209811,SERVO_OUTPUT_RAW,0,0,0,0,0,0,0,0,1000,1000,1000,1000,0,0,0,0,0
2025-12-15 00:44:44.074,SERVO_OUTPUT_RAW,639309881,SERVO_OUTPUT_RAW,0,0,0,0,0,0,0,0,1000,1000,1000,1000,0,0,0,0,0
2025-12-15 00:44:44.173,SERVO_OUTPUT_RAW,639409781,SERVO_OUTPUT_RAW,0,0,0,0,0,0,0,0,1000,1000,1000,1000,0,0,0,0,0
2025-12-15 00:44:44.273,SERVO_OUTPUT_RAW,639509781,SERVO_OUTPUT_RAW,0,0,0,0,0,0,0,0,1000,1000,1000,1000,0,0,0,0,0
2025-12-15 00:44:44.373,SERVO_OUTPUT_RAW,639609791,SERVO_OUTPUT_RAW,0,0,0,0,0,0,0,0,1000,1000,1000,1000,0,0,0,0,0
2025-12-15 00:44:44.472,SERVO_OUTPUT_RAW,639709782,SERVO_OUTPUT_RAW,0,0,0,0,0,0,0,0,1000,1000,1000,1000,0,0,0,0,0
2025-12-15 00:44:44.572,SERVO_OUTPUT_RAW,639809783,SERVO_OUTPUT_RAW,0,0,0,0,0,0,0,0,1000,1000,1000,1000,0,0,0,0,0
2025-12-15 00:44:44.672,SERVO_OUTPUT_RAW,639909819,SERVO_OUTPUT_RAW,0,0,0,0,0,0,0,0,1000,1000,1000,1000,0,0,0,0,0
2025-12-15 00:44:44.772,SERVO_OUTPUT_RAW,640009821,SERVO_OUTPUT_RAW,0,0,0,0,0,0,0,0,1000,1000,1000,1000,0,0,0,0,0
2025-12-15 00:44:44.872,SERVO_OUTPUT_RAW,640112132,SERVO_OUTPUT_RAW,0,0,0,0,0,0,0,0,1000,1000,1000,1000,0,0,0,0,0
2025-12-15 00:44:44.972,SERVO_OUTPUT_RAW,640209783,SERVO_OUTPUT_RAW,0,0,0,0,0,0,0,0,1000,1000,1000,1000,0,0,0,0,0
2025-12-15 00:44:45.072,SERVO_OUTPUT_RAW,640309819,SERVO_OUTPUT_RAW,0,0,0,0,0,0,0,0,1000,1000,1000,1000,0,0,0,0,0
2025-12-15 00:44:45.172,SERVO_OUTPUT_RAW,640409846,SERVO_OUTPUT_RAW,0,0,0,0,0,0,0,0,1000,1000,1000,1000,0,0,0,0,0
2025-12-15 00:44:45.272,SERVO_OUTPUT_RAW,640509842,SERVO_OUTPUT_RAW,0,0,0,0,0,0,0,0,1000,1000,1000,1000,0,0,0,0,0
2025-12-15 00:44:45.372,SERVO_OUTPUT_RAW,640609795,SERVO_OUTPUT_RAW,0,0,0,0,0,0,0,0,1000,1000,1000,1000,0,0,0,0,0
2025-12-15 00:44:45.472,SERVO_OUTPUT_RAW,640709819,SERVO_OUTPUT_RAW,0,0,0,0,0,0,0,0,1000,1000,1000,1000,0,0,0,0,0
2025-12-15 00:44:45.572,SERVO_OUTPUT_RAW,640809817,SERVO_OUTPUT_RAW,0,0,0,0,0,0,0,0,1000,1000,1000,1000,0,0,0,0,0
2025-12-15 00:44:45.672,SERVO_OUTPUT_RAW,640909826,SERVO_OUTPUT_RAW,0,0,0,0,0,0,0,0,1000,1000,1000,1000,0,0,0,0,0
2025-12-15 00:44:45.772,SERVO_OUTPUT_RAW,641009788,SERVO_OUTPUT_RAW,0,0,0,0,0,0,0,0,1000,1000,1000,1000,0,0,0,0,0
2025-12-15 00:44:45.872,SERVO_OUTPUT_RAW,641109789,SERVO_OUTPUT_RAW,0,0,0,0,0,0,0,0,1000,1000,1000,1000,0,0,0,0,0
2025-12-15 00:44:45.972,SERVO_OUTPUT_RAW,641209785,SERVO_OUTPUT_RAW,0,0,0,0,0,0,0,0,1000,1000,1000,1000,0,0,0,0,0
2025-12-15 00:44:46.072,SERVO_OUTPUT_RAW,641309783,SERVO_OUTPUT_RAW,0,0,0,0,0,0,0,0,1000,1000,1000,1000,0,0,0,0,0
2025-12-15 00:44:46.172,SERVO_OUTPUT_RAW,641412180,SERVO_OUTPUT_RAW,0,0,0,0,0,0,0,0,1000,1000,1000,1000,0,0,0,0,0
2025-12-15 00:44:46.273,SERVO_OUTPUT_RAW,641509835,SERVO_OUTPUT_RAW,0,0,0,0,0,0,0,0,1000,1000,1000,1000,0,0,0,0,0
2025-12-15 00:44:46.372,SERVO_OUTPUT_RAW,641609856,SERVO_OUTPUT_RAW,0,0,0,0,0,0,0,0,1000,1000,1000,1000,0,0,0,0,0
2025-12-15 00:44:46.472,SERVO_OUTPUT_RAW,641709806,SERVO_OUTPUT_RAW,0,0,0,0,0,0,0,0,1000,1000,1000,1000,0,0,0,0,0
2025-12-15 00:44:46.573,SERVO_OUTPUT_RAW,641809815,SERVO_OUTPUT_RAW,0,0,0,0,0,0,0,0,1000,1000,1000,1000,0,0,0,0,0
2025-12-15 00:44:46.673,SERVO_OUTPUT_RAW,641909836,SERVO_OUTPUT_RAW,0,0,0,0,0,0,0,0,1000,1000,1000,1000,0,0,0,0,0
2025-12-15 00:44:46.773,SERVO_OUTPUT_RAW,642009838,SERVO_OUTPUT_RAW,0,0,0,0,0,0,0,0,1000,1000,1000,1000,0,0,0,0,0
2025-12-15 00:44:46.872,SERVO_OUTPUT_RAW,642109852,SERVO_OUTPUT_RAW,0,0,0,0,0,0,0,0,1000,1000,1000,1000,0,0,0,0,0
2025-12-15 00:44:46.973,SERVO_OUTPUT_RAW,642209792,SERVO_OUTPUT_RAW,0,0,0,0,0,0,0,0,1000,1000,1000,1000,0,0,0,0,0
2025-12-15 00:44:47.073,SERVO_OUTPUT_RAW,642309801,SERVO_OUTPUT_RAW,0,0,0,0,0,0,0,0,1000,1000,1000,1000,0,0,0,0,0
2025-12-15 00:44:47.173,SERVO_OUTPUT_RAW,642409814,SERVO_OUTPUT_RAW,0,0,0,0,0,0,0,0,1000,1000,1000,1000,0,0,0,0,0
2025-12-15 00:44:47.273,SERVO_OUTPUT_RAW,642509788,SERVO_OUTPUT_RAW,0,0,0,0,0,0,0,0,1000,1000,1000,1000,0,0,0,0,0
2025-12-15 00:44:47.374,SERVO_OUTPUT_RAW,642609798,SERVO_OUTPUT_RAW,0,0,0,0,0,0,0,0,1000,1000,1000,1000,0,0,0,0,0
2025-12-15 00:44:47.472,SERVO_OUTPUT_RAW,642709800,SERVO_OUTPUT_RAW,0,0,0,0,0,0,0,0,1000,1000,1000,1000,0,0,0,0,0
2025-12-15 00:44:47.573,SERVO_OUTPUT_RAW,642809805,SERVO_OUTPUT_RAW,0,0,0,0,0,0,0,0,1000,1000,1000,1000,0,0,0,0,0
2025-12-15 00:44:47.673,SERVO_OUTPUT_RAW,642909797,SERVO_OUTPUT_RAW,0,0,0,0,0,0,0,0,1000,1000,1000,1000,0,0,0,0,0
2025-12-15 00:44:47.773,SERVO_OUTPUT_RAW,643009821,SERVO_OUTPUT_RAW,0,0,0,0,0,0,0,0,1000,1000,1000,1000,0,0,0,0,0
2025-12-15 00:44:47.873,SERVO_OUTPUT_RAW,643109833,SERVO_OUTPUT_RAW,0,0,0,0,0,0,0,0,1000,1000,1000,1000,0,0,0,0,0
2025-12-15 00:44:47.973,SERVO_OUTPUT_RAW,643209846,SERVO_OUTPUT_RAW,0,0,0,0,0,0,0,0,1000,1000,1000,1000,0,0,0,0,0
2025-12-15 00:44:48.073,SERVO_OUTPUT_RAW,643309780,SERVO_OUTPUT_RAW,0,0,0,0,0,0,0,0,1000,1000,1000,1000,0,0,0,0,0
2025-12-15 00:44:48.173,SERVO_OUTPUT_RAW,643409807,SERVO_OUTPUT_RAW,0,0,0,0,0,0,0,0,1000,1000,1000,1000,0,0,0,0,0
2025-12-15 00:44:48.273,SERVO_OUTPUT_RAW,643512112,SERVO_OUTPUT_RAW,0,0,0,0,0,0,0,0,1000,1000,1000,1000,0,0,0,0,0
2025-12-15 00:44:48.373,SERVO_OUTPUT_RAW,643609849,SERVO_OUTPUT_RAW,0,0,0,0,0,0,0,0,1000,1000,1000,1000,0,0,0,0,0
2025-12-15 00:44:48.473,SERVO_OUTPUT_RAW,643709812,SERVO_OUTPUT_RAW,0,0,0,0,0,0,0,0,1000,1000,1000,1000,0,0,0,0,0
2025-12-15 00:44:48.573,SERVO_OUTPUT_RAW,643809820,SERVO_OUTPUT_RAW,0,0,0,0,0,0,0,0,1000,1000,1000,1000,0,0,0,0,0
2025-12-15 00:44:48.673,SERVO_OUTPUT_RAW,643909821,SERVO_OUTPUT_RAW,0,0,0,0,0,0,0,0,1000,1000,1000,1000,0,0,0,0,0
2025-12-15 00:44:48.773,SERVO_OUTPUT_RAW,644009818,SERVO_OUTPUT_RAW,0,0,0,0,0,0,0,0,1000,1000,1000,1000,0,0,0,0,0
2025-12-15 00:44:48.873,SERVO_OUTPUT_RAW,644109814,SERVO_OUTPUT_RAW,0,0,0,0,0,0,0,0,1000,1000,1000,1000,0,0,0,0,0
2025-12-15 00:44:48.973,SERVO_OUTPUT_RAW,644209794,SERVO_OUTPUT_RAW,0,0,0,0,0,0,0,0,1000,1000,1000,1000,0,0,0,0,0
2025-12-15 00:44:49.073,SERVO_OUTPUT_RAW,644309787,SERVO_OUTPUT_RAW,0,0,0,0,0,0,0,0,1000,1000,1000,1000,0,0,0,0,0
2025-12-15 00:44:49.173,SERVO_OUTPUT_RAW,644409790,SERVO_OUTPUT_RAW,0,0,0,0,0,0,0,0,1000,1000,1000,1000,0,0,0,0,0
2025-12-15 00:44:49.273,SERVO_OUTPUT_RAW,644509801,SERVO_OUTPUT_RAW,0,0,0,0,0,0,0,0,1000,1000,1000,1000,0,0,0,0,0
2025-12-15 00:44:49.373,SERVO_OUTPUT_RAW,644609839,SERVO_OUTPUT_RAW,0,0,0,0,0,0,0,0,1000,1000,1000,1000,0,0,0,0,0
2025-12-15 00:44:49.473,SERVO_OUTPUT_RAW,644709820,SERVO_OUTPUT_RAW,0,0,0,0,0,0,0,0,1000,1000,1000,1000,0,0,0,0,0
2025-12-15 00:44:49.573,SERVO_OUTPUT_RAW,644809783,SERVO_OUTPUT_RAW,0,0,0,0,0,0,0,0,1000,1000,1000,1000,0,0,0,0,0
2025-12-15 00:44:49.673,SERVO_OUTPUT_RAW,644909819,SERVO_OUTPUT_RAW,0,0,0,0,0,0,0,0,1000,1000,1000,1000,0,0,0,0,0
2025-12-15 00:44:49.773,SERVO_OUTPUT_RAW,645009813,SERVO_OUTPUT_RAW,0,0,0,0,0,0,0,0,1000,1000,1000,1000,0,0,0,0,0
2025-12-15 00:44:49.874,SERVO_OUTPUT_RAW,645109865,SERVO_OUTPUT_RAW,0,0,0,0,0,0,0,0,1000,1000,1000,1000,0,0,0,0,0
2025-12-15 00:44:49.973,SERVO_OUTPUT_RAW,645209849,SERVO_OUTPUT_RAW,0,0,0,0,0,0,0,0,1000,1000,1000,1000,0,0,0,0,0
2025-12-15 00:44:50.073,SERVO_OUTPUT_RAW,645309793,SERVO_OUTPUT_RAW,0,0,0,0,0,0,0,0,1000,1000,1000,1000,0,0,0,0,0
2025-12-15 00:44:50.173,SERVO_OUTPUT_RAW,645409817,SERVO_OUTPUT_RAW,0,0,0,0,0,0,0,0,1000,1000,1000,1000,0,0,0,0,0
2025-12-15 00:44:50.273,SERVO_OUTPUT_RAW,645509829,SERVO_OUTPUT_RAW,0,0,0,0,0,0,0,0,1000,1000,1000,1000,0,0,0,0,0
2025-12-15 00:44:50.373,SERVO_OUTPUT_RAW,645609873,SERVO_OUTPUT_RAW,0,0,0,0,0,0,0,0,1000,1000,1000,1000,0,0,0,0,0
2025-12-15 00:44:50.473,SERVO_OUTPUT_RAW,645709781,SERVO_OUTPUT_RAW,0,0,0,0,0,0,0,0,1000,1000,1000,1000,0,0,0,0,0
2025-12-15 00:44:50.573,SERVO_OUTPUT_RAW,645809788,SERVO_OUTPUT_RAW,0,0,0,0,0,0,0,0,1000,1000,1000,1000,0,0,0,0,0
2025-12-15 00:44:50.673,SERVO_OUTPUT_RAW,645909787,SERVO_OUTPUT_RAW,0,0,0,0,0,0,0,0,1000,1000,1000,1000,0,0,0,0,0
2025-12-15 00:44:50.773,SERVO_OUTPUT_RAW,646009789,SERVO_OUTPUT_RAW,0,0,0,0,0,0,0,0,1000,1000,1000,1000,0,0,0,0,0
2025-12-15 00:44:50.873,SERVO_OUTPUT_RAW,646109807,SERVO_OUTPUT_RAW,0,0,0,0,0,0,0,0,1000,1000,1000,1000,0,0,0,0,0
2025-12-15 00:44:50.973,SERVO_OUTPUT_RAW,646209832,SERVO_OUTPUT_RAW,0,0,0,0,0,0,0,0,1000,1000,1000,1000,0,0,0,0,0
2025-12-15 00:44:51.073,SERVO_OUTPUT_RAW,646309844,SERVO_OUTPUT_RAW,0,0,0,0,0,0,0,0,1000,1000,1000,1000,0,0,0,0,0
2025-12-15 00:44:51.173,SERVO_OUTPUT_RAW,646409894,SERVO_OUTPUT_RAW,0,0,0,0,0,0,0,0,1000,1000,1000,1000,0,0,0,0,0
2025-12-15 00:44:51.273,SERVO_OUTPUT_RAW,646509802,SERVO_OUTPUT_RAW,0,0,0,0,0,0,0,0,1000,1000,1000,1000,0,0,0,0,0
2025-12-15 00:44:51.373,SERVO_OUTPUT_RAW,646609834,SERVO_OUTPUT_RAW,0,0,0,0,0,0,0,0,1000,1000,1000,1000,0,0,0,0,0
2025-12-15 00:44:51.473,SERVO_OUTPUT_RAW,646709892,SERVO_OUTPUT_RAW,0,0,0,0,0,0,0,0,1000,1000,1000,1000,0,0,0,0,0
2025-12-15 00:44:51.573,SERVO_OUTPUT_RAW,646809783,SERVO_OUTPUT_RAW,0,0,0,0,0,0,0,0,1000,1000,1000,1000,0,0,0,0,0
2025-12-15 00:44:51.673,SERVO_OUTPUT_RAW,646909794,SERVO_OUTPUT_RAW,0,0,0,0,0,0,0,0,1000,1000,1000,1000,0,0,0,0,0
2025-12-15 00:44:51.773,SERVO_OUTPUT_RAW,647009829,SERVO_OUTPUT_RAW,0,0,0,0,0,0,0,0,1000,1000,1000,1000,0,0,0,0,0
2025-12-15 00:44:51.874,SERVO_OUTPUT_RAW,647109863,SERVO_OUTPUT_RAW,0,0,0,0,0,0,0,0,1000,1000,1000,1000,0,0,0,0,0
2025-12-15 00:44:51.973,SERVO_OUTPUT_RAW,647209790,SERVO_OUTPUT_RAW,0,0,0,0,0,0,0,0,1000,1000,1000,1000,0,0,0,0,0
2025-12-15 00:44:52.073,SERVO_OUTPUT_RAW,647309805,SERVO_OUTPUT_RAW,0,0,0,0,0,0,0,0,1000,1000,1000,1000,0,0,0,0,0
2025-12-15 00:44:52.173,SERVO_OUTPUT_RAW,647409791,SERVO_OUTPUT_RAW,0,0,0,0,0,0,0,0,1000,1000,1000,1000,0,0,0,0,0
2025-12-15 00:44:52.273,SERVO_OUTPUT_RAW,647509780,SERVO_OUTPUT_RAW,0,0,0,0,0,0,0,0,1000,1000,1000,1000,0,0,0,0,0
2025-12-15 00:44:52.373,SERVO_OUTPUT_RAW,647609786,SERVO_OUTPUT_RAW,0,0,0,0,0,0,0,0,1000,1000,1000,1000,0,0,0,0,0
2025-12-15 00:44:52.473,SERVO_OUTPUT_RAW,647712184,SERVO_OUTPUT_RAW,0,0,0,0,0,0,0,0,1000,1000,1000,1000,0,0,0,0,0
2025-12-15 00:44:52.573,SERVO_OUTPUT_RAW,647809781,SERVO_OUTPUT_RAW,0,0,0,0,0,0,0,0,1000,1000,1000,1000,0,0,0,0,0
2025-12-15 00:44:52.673,SERVO_OUTPUT_RAW,647909853,SERVO_OUTPUT_RAW,0,0,0,0,0,0,0,0,1000,1000,1000,1000,0,0,0,0,0
2025-12-15 00:44:52.773,SERVO_OUTPUT_RAW,648009820,SERVO_OUTPUT_RAW,0,0,0,0,0,0,0,0,1000,1000,1000,1000,0,0,0,0,0
2025-12-15 00:44:52.874,SERVO_OUTPUT_RAW,648109831,SERVO_OUTPUT_RAW,0,0,0,0,0,0,0,0,1000,1000,1000,1000,0,0,0,0,0
2025-12-15 00:44:52.973,SERVO_OUTPUT_RAW,648209860,SERVO_OUTPUT_RAW,0,0,0,0,0,0,0,0,1000,1000,1000,1000,0,0,0,0,0
2025-12-15 00:44:53.073,SERVO_OUTPUT_RAW,648309840,SERVO_OUTPUT_RAW,0,0,0,0,0,0,0,0,1000,1000,1000,1000,0,0,0,0,0
2025-12-15 00:44:53.173,SERVO_OUTPUT_RAW,648409789,SERVO_OUTPUT_RAW,0,0,0,0,0,0,0,0,1000,1000,1000,1000,0,0,0,0,0
2025-12-15 00:44:53.273,SERVO_OUTPUT_RAW,648509809,SERVO_OUTPUT_RAW,0,0,0,0,0,0,0,0,1000,1000,1000,1000,0,0,0,0,0
2025-12-15 00:44:53.373,SERVO_OUTPUT_RAW,648609807,SERVO_OUTPUT_RAW,0,0,0,0,0,0,0,0,1000,1000,1000,1000,0,0,0,0,0
2025-12-15 00:44:53.473,SERVO_OUTPUT_RAW,648709787,SERVO_OUTPUT_RAW,0,0,0,0,0,0,0,0,1000,1000,1000,1000,0,0,0,0,0
2025-12-15 00:44:53.573,SERVO_OUTPUT_RAW,648809777,SERVO_OUTPUT_RAW,0,0,0,0,0,0,0,0,1000,1000,1000,1000,0,0,0,0,0
2025-12-15 00:44:53.673,SERVO_OUTPUT_RAW,648909782,SERVO_OUTPUT_RAW,0,0,0,0,0,0,0,0,1000,1000,1000,1000,0,0,0,0,0
2025-12-15 00:44:53.773,SERVO_OUTPUT_RAW,649009806,SERVO_OUTPUT_RAW,0,0,0,0,0,0,0,0,1000,1000,1000,1000,0,0,0,0,0
2025-12-15 00:44:53.874,SERVO_OUTPUT_RAW,649109788,SERVO_OUTPUT_RAW,0,0,0,0,0,0,0,0,1000,1000,1000,1000,0,0,0,0,0
2025-12-15 00:44:53.972,SERVO_OUTPUT_RAW,649209786,SERVO_OUTPUT_RAW,0,0,0,0,0,0,0,0,1000,1000,1000,1000,0,0,0,0,0
2025-12-15 00:44:54.072,SERVO_OUTPUT_RAW,649309823,SERVO_OUTPUT_RAW,0,0,0,0,0,0,0,0,1000,1000,1000,1000,0,0,0,0,0
2025-12-15 00:44:54.173,SERVO_OUTPUT_RAW,649409825,SERVO_OUTPUT_RAW,0,0,0,0,0,0,0,0,1000,1000,1000,1000,0,0,0,0,0
2025-12-15 00:44:54.272,SERVO_OUTPUT_RAW,649509814,SERVO_OUTPUT_RAW,0,0,0,0,0,0,0,0,1000,1000,1000,1000,0,0,0,0,0
2025-12-15 00:44:54.372,SERVO_OUTPUT_RAW,649609893,SERVO_OUTPUT_RAW,0,0,0,0,0,0,0,0,1000,1000,1000,1000,0,0,0,0,0
2025-12-15 00:44:54.472,SERVO_OUTPUT_RAW,649709823,SERVO_OUTPUT_RAW,0,0,0,0,0,0,0,0,1000,1000,1000,1000,0,0,0,0,0
2025-12-15 00:44:54.573,SERVO_OUTPUT_RAW,649812107,SERVO_OUTPUT_RAW,0,0,0,0,0,0,0,0,1000,1000,1000,1000,0,0,0,0,0
2025-12-15 00:44:54.674,SERVO_OUTPUT_RAW,649909809,SERVO_OUTPUT_RAW,0,0,0,0,0,0,0,0,1000,1000,1000,1000,0,0,0,0,0
2025-12-15 00:44:54.773,SERVO_OUTPUT_RAW,650009810,SERVO_OUTPUT_RAW,0,0,0,0,0,0,0,0,1000,1000,1000,1000,0,0,0,0,0
2025-12-15 00:44:54.877,SERVO_OUTPUT_RAW,650109820,SERVO_OUTPUT_RAW,0,0,0,0,0,0,0,0,1000,1000,1000,1000,0,0,0,0,0
2025-12-15 00:44:54.973,SERVO_OUTPUT_RAW,650209784,SERVO_OUTPUT_RAW,0,0,0,0,0,0,0,0,1000,1000,1000,1000,0,0,0,0,0
2025-12-15 00:44:55.073,SERVO_OUTPUT_RAW,650309790,SERVO_OUTPUT_RAW,0,0,0,0,0,0,0,0,1000,1000,1000,1000,0,0,0,0,0
2025-12-15 00:44:55.173,SERVO_OUTPUT_RAW,650409779,SERVO_OUTPUT_RAW,0,0,0,0,0,0,0,0,1000,1000,1000,1000,0,0,0,0,0
2025-12-15 00:44:55.273,SERVO_OUTPUT_RAW,650509806,SERVO_OUTPUT_RAW,0,0,0,0,0,0,0,0,1000,1000,1000,1000,0,0,0,0,0
2025-12-15 00:44:55.373,SERVO_OUTPUT_RAW,650609801,SERVO_OUTPUT_RAW,0,0,0,0,0,0,0,0,1000,1000,1000,1000,0,0,0,0,0
2025-12-15 00:44:55.473,SERVO_OUTPUT_RAW,650709794,SERVO_OUTPUT_RAW,0,0,0,0,0,0,0,0,1000,1000,1000,1000,0,0,0,0,0
2025-12-15 00:44:55.573,SERVO_OUTPUT_RAW,650809826,SERVO_OUTPUT_RAW,0,0,0,0,0,0,0,0,1000,1000,1000,1000,0,0,0,0,0
2025-12-15 00:44:55.673,SERVO_OUTPUT_RAW,650909851,SERVO_OUTPUT_RAW,0,0,0,0,0,0,0,0,1000,1000,1000,1000,0,0,0,0,0
2025-12-15 00:44:55.773,SERVO_OUTPUT_RAW,651009845,SERVO_OUTPUT_RAW,0,0,0,0,0,0,0,0,1000,1000,1000,1000,0,0,0,0,0
2025-12-15 00:44:55.873,SERVO_OUTPUT_RAW,651109817,SERVO_OUTPUT_RAW,0,0,0,0,0,0,0,0,1000,1000,1000,1000,0,0,0,0,0
2025-12-15 00:44:55.973,SERVO_OUTPUT_RAW,651209812,SERVO_OUTPUT_RAW,0,0,0,0,0,0,0,0,1000,1000,1000,1000,0,0,0,0,0
2025-12-15 00:44:56.073,SERVO_OUTPUT_RAW,651309826,SERVO_OUTPUT_RAW,0,0,0,0,0,0,0,0,1000,1000,1000,1000,0,0,0,0,0
2025-12-15 00:44:56.173,SERVO_OUTPUT_RAW,651409826,SERVO_OUTPUT_RAW,0,0,0,0,0,0,0,0,1000,1000,1000,1000,0,0,0,0,0
2025-12-15 00:44:56.273,SERVO_OUTPUT_RAW,651509789,SERVO_OUTPUT_RAW,0,0,0,0,0,0,0,0,1000,1000,1000,1000,0,0,0,0,0
2025-12-15 00:44:56.373,SERVO_OUTPUT_RAW,651609796,SERVO_OUTPUT_RAW,0,0,0,0,0,0,0,0,1000,1000,1000,1000,0,0,0,0,0
2025-12-15 00:44:56.474,SERVO_OUTPUT_RAW,651709818,SERVO_OUTPUT_RAW,0,0,0,0,0,0,0,0,1000,1000,1000,1000,0,0,0,0,0
2025-12-15 00:44:56.573,SERVO_OUTPUT_RAW,651809824,SERVO_OUTPUT_RAW,0,0,0,0,0,0,0,0,1000,1000,1000,1000,0,0,0,0,0
2025-12-15 00:44:56.673,SERVO_OUTPUT_RAW,651909890,SERVO_OUTPUT_RAW,0,0,0,0,0,0,0,0,1000,1000,1000,1000,0,0,0,0,0
2025-12-15 00:44:56.773,SERVO_OUTPUT_RAW,652009798,SERVO_OUTPUT_RAW,0,0,0,0,0,0,0,0,1000,1000,1000,1000,0,0,0,0,0
2025-12-15 00:44:56.873,SERVO_OUTPUT_RAW,652109791,SERVO_OUTPUT_RAW,0,0,0,0,0,0,0,0,1000,1000,1000,1000,0,0,0,0,0
2025-12-15 00:44:56.973,SERVO_OUTPUT_RAW,652209788,SERVO_OUTPUT_RAW,0,0,0,0,0,0,0,0,1000,1000,1000,1000,0,0,0,0,0
2025-12-15 00:44:57.073,SERVO_OUTPUT_RAW,652309792,SERVO_OUTPUT_RAW,0,0,0,0,0,0,0,0,1000,1000,1000,1000,0,0,0,0,0
2025-12-15 00:44:57.173,SERVO_OUTPUT_RAW,652409810,SERVO_OUTPUT_RAW,0,0,0,0,0,0,0,0,1000,1000,1000,1000,0,0,0,0,0
2025-12-15 00:44:57.273,SERVO_OUTPUT_RAW,652509892,SERVO_OUTPUT_RAW,0,0,0,0,0,0,0,0,1000,1000,1000,1000,0,0,0,0,0
2025-12-15 00:44:57.374,SERVO_OUTPUT_RAW,652609805,SERVO_OUTPUT_RAW,0,0,0,0,0,0,0,0,1000,1000,1000,1000,0,0,0,0,0
2025-12-15 00:44:57.473,SERVO_OUTPUT_RAW,652709805,SERVO_OUTPUT_RAW,0,0,0,0,0,0,0,0,1000,1000,1000,1000,0,0,0,0,0
2025-12-15 00:44:57.570,SERVO_OUTPUT_RAW,652809825,SERVO_OUTPUT_RAW,0,0,0,0,0,0,0,0,1000,1000,1000,1000,0,0,0,0,0
2025-12-15 00:44:57.670,SERVO_OUTPUT_RAW,652909862,SERVO_OUTPUT_RAW,0,0,0,0,0,0,0,0,1000,1000,1000,1000,0,0,0,0,0
2025-12-15 00:44:57.771,SERVO_OUTPUT_RAW,653009860,SERVO_OUTPUT_RAW,0,0,0,0,0,0,0,0,1000,1000,1000,1000,0,0,0,0,0
2025-12-15 00:44:57.871,SERVO_OUTPUT_RAW,653109783,SERVO_OUTPUT_RAW,0,0,0,0,0,0,0,0,1000,1000,1000,1000,0,0,0,0,0
2025-12-15 00:44:57.971,SERVO_OUTPUT_RAW,653209806,SERVO_OUTPUT_RAW,0,0,0,0,0,0,0,0,1000,1000,1000,1000,0,0,0,0,0
2025-12-15 00:44:58.071,SERVO_OUTPUT_RAW,653309816,SERVO_OUTPUT_RAW,0,0,0,0,0,0,0,0,1000,1000,1000,1000,0,0,0,0,0
2025-12-15 00:44:58.171,SERVO_OUTPUT_RAW,653409791,SERVO_OUTPUT_RAW,0,0,0,0,0,0,0,0,1000,1000,1000,1000,0,0,0,0,0
2025-12-15 00:44:58.270,SERVO_OUTPUT_RAW,653509801,SERVO_OUTPUT_RAW,0,0,0,0,0,0,0,0,1000,1000,1000,1000,0,0,0,0,0
2025-12-15 00:44:58.371,SERVO_OUTPUT_RAW,653609807,SERVO_OUTPUT_RAW,0,0,0,0,0,0,0,0,1000,1000,1000,1000,0,0,0,0,0
2025-12-15 00:44:58.471,SERVO_OUTPUT_RAW,653709787,SERVO_OUTPUT_RAW,0,0,0,0,0,0,0,0,1000,1000,1000,1000,0,0,0,0,0
2025-12-15 00:44:58.571,SERVO_OUTPUT_RAW,653809785,SERVO_OUTPUT_RAW,0,0,0,0,0,0,0,0,1000,1000,1000,1000,0,0,0,0,0
2025-12-15 00:44:58.671,SERVO_OUTPUT_RAW,653909827,SERVO_OUTPUT_RAW,0,0,0,0,0,0,0,0,1000,1000,1000,1000,0,0,0,0,0
2025-12-15 00:44:58.772,SERVO_OUTPUT_RAW,654012162,SERVO_OUTPUT_RAW,0,0,0,0,0,0,0,0,1000,1000,1000,1000,0,0,0,0,0
2025-12-15 00:44:58.871,SERVO_OUTPUT_RAW,654109844,SERVO_OUTPUT_RAW,0,0,0,0,0,0,0,0,1000,1000,1000,1000,0,0,0,0,0
2025-12-15 00:44:58.971,SERVO_OUTPUT_RAW,654209801,SERVO_OUTPUT_RAW,0,0,0,0,0,0,0,0,1000,1000,1000,1000,0,0,0,0,0
2025-12-15 00:44:59.071,SERVO_OUTPUT_RAW,654309800,SERVO_OUTPUT_RAW,0,0,0,0,0,0,0,0,1000,1000,1000,1000,0,0,0,0,0
2025-12-15 00:44:59.171,SERVO_OUTPUT_RAW,654409830,SERVO_OUTPUT_RAW,0,0,0,0,0,0,0,0,1000,1000,1000,1000,0,0,0,0,0
2025-12-15 00:44:59.271,SERVO_OUTPUT_RAW,654509856,SERVO_OUTPUT_RAW,0,0,0,0,0,0,0,0,1000,1000,1000,1000,0,0,0,0,0
2025-12-15 00:44:59.371,SERVO_OUTPUT_RAW,654609776,SERVO_OUTPUT_RAW,0,0,0,0,0,0,0,0,1000,1000,1000,1000,0,0,0,0,0
2025-12-15 00:44:59.471,SERVO_OUTPUT_RAW,654709797,SERVO_OUTPUT_RAW,0,0,0,0,0,0,0,0,1000,1000,1000,1000,0,0,0,0,0
2025-12-15 00:44:59.571,SERVO_OUTPUT_RAW,654809821,SERVO_OUTPUT_RAW,0,0,0,0,0,0,0,0,1000,1000,1000,1000,0,0,0,0,0
2025-12-15 00:44:59.671,SERVO_OUTPUT_RAW,654909814,SERVO_OUTPUT_RAW,0,0,0,0,0,0,0,0,1000,1000,1000,1000,0,0,0,0,0
2025-12-15 00:44:59.771,SERVO_OUTPUT_RAW,655009808,SERVO_OUTPUT_RAW,0,0,0,0,0,0,0,0,1000,1000,1000,1000,0,0,0,0,0
2025-12-15 00:44:59.871,SERVO_OUTPUT_RAW,655109784,SERVO_OUTPUT_RAW,0,0,0,0,0,0,0,0,1000,1000,1000,1000,0,0,0,0,0
2025-12-15 00:44:59.971,SERVO_OUTPUT_RAW,655209792,SERVO_OUTPUT_RAW,0,0,0,0,0,0,0,0,1000,1000,1000,1000,0,0,0,0,0
2025-12-15 00:45:00.071,SERVO_OUTPUT_RAW,655309793,SERVO_OUTPUT_RAW,0,0,0,0,0,0,0,0,1000,1000,1000,1000,0,0,0,0,0
2025-12-15 00:45:00.171,SERVO_OUTPUT_RAW,655409833,SERVO_OUTPUT_RAW,0,0,0,0,0,0,0,0,1000,1000,1000,1000,0,0,0,0,0
2025-12-15 00:45:00.271,SERVO_OUTPUT_RAW,655509792,SERVO_OUTPUT_RAW,0,0,0,0,0,0,0,0,1000,1000,1000,1000,0,0,0,0,0
2025-12-15 00:45:00.371,SERVO_OUTPUT_RAW,655609783,SERVO_OUTPUT_RAW,0,0,0,0,0,0,0,0,1000,1000,1000,1000,0,0,0,0,0
2025-12-15 00:45:00.471,SERVO_OUTPUT_RAW,655709800,SERVO_OUTPUT_RAW,0,0,0,0,0,0,0,0,1000,1000,1000,1000,0,0,0,0,0
2025-12-15 00:45:00.571,SERVO_OUTPUT_RAW,655809793,SERVO_OUTPUT_RAW,0,0,0,0,0,0,0,0,1000,1000,1000,1000,0,0,0,0,0
2025-12-15 00:45:00.671,SERVO_OUTPUT_RAW,655909830,SERVO_OUTPUT_RAW,0,0,0,0,0,0,0,0,1000,1000,1000,1000,0,0,0,0,0
2025-12-15 00:45:00.771,SERVO_OUTPUT_RAW,656009850,SERVO_OUTPUT_RAW,0,0,0,0,0,0,0,0,1000,1000,1000,1000,0,0,0,0,0
2025-12-15 00:45:00.871,SERVO_OUTPUT_RAW,656112014,SERVO_OUTPUT_RAW,0,0,0,0,0,0,0,0,1000,1000,1000,1000,0,0,0,0,0
2025-12-15 00:45:00.971,SERVO_OUTPUT_RAW,656209783,SERVO_OUTPUT_RAW,0,0,0,0,0,0,0,0,1000,1000,1000,1000,0,0,0,0,0
2025-12-15 00:45:01.071,SERVO_OUTPUT_RAW,656309820,SERVO_OUTPUT_RAW,0,0,0,0,0,0,0,0,1000,1000,1000,1000,0,0,0,0,0
2025-12-15 00:45:01.171,SERVO_OUTPUT_RAW,656409865,SERVO_OUTPUT_RAW,0,0,0,0,0,0,0,0,1000,1000,1000,1000,0,0,0,0,0
2025-12-15 00:45:01.271,SERVO_OUTPUT_RAW,656509780,SERVO_OUTPUT_RAW,0,0,0,0,0,0,0,0,1000,1000,1000,1000,0,0,0,0,0
2025-12-15 00:45:01.371,SERVO_OUTPUT_RAW,656609790,SERVO_OUTPUT_RAW,0,0,0,0,0,0,0,0,1000,1000,1000,1000,0,0,0,0,0
2025-12-15 00:45:01.471,SERVO_OUTPUT_RAW,656709780,SERVO_OUTPUT_RAW,0,0,0,0,0,0,0,0,1000,1000,1000,1000,0,0,0,0,0
2025-12-15 00:45:01.571,SERVO_OUTPUT_RAW,656809773,SERVO_OUTPUT_RAW,0,0,0,0,0,0,0,0,1000,1000,1000,1000,0,0,0,0,0
2025-12-15 00:45:01.671,SERVO_OUTPUT_RAW,656909780,SERVO_OUTPUT_RAW,0,0,0,0,0,0,0,0,1000,1000,1000,1000,0,0,0,0,0
2025-12-15 00:45:01.771,SERVO_OUTPUT_RAW,657009810,SERVO_OUTPUT_RAW,0,0,0,0,0,0,0,0,1000,1000,1000,1000,0,0,0,0,0
2025-12-15 00:45:01.871,SERVO_OUTPUT_RAW,657109824,SERVO_OUTPUT_RAW,0,0,0,0,0,0,0,0,1000,1000,1000,1000,0,0,0,0,0
2025-12-15 00:45:01.971,SERVO_OUTPUT_RAW,657209854,SERVO_OUTPUT_RAW,0,0,0,0,0,0,0,0,1000,1000,1000,1000,0,0,0,0,0
2025-12-15 00:45:02.071,SERVO_OUTPUT_RAW,657309782,SERVO_OUTPUT_RAW,0,0,0,0,0,0,0,0,1000,1000,1000,1000,0,0,0,0,0
2025-12-15 00:45:02.171,SERVO_OUTPUT_RAW,657409813,SERVO_OUTPUT_RAW,0,0,0,0,0,0,0,0,1000,1000,1000,1000,0,0,0,0,0
2025-12-15 00:45:02.271,SERVO_OUTPUT_RAW,657509821,SERVO_OUTPUT_RAW,0,0,0,0,0,0,0,0,1000,1000,1000,1000,0,0,0,0,0
2025-12-15 00:45:02.372,SERVO_OUTPUT_RAW,657609844,SERVO_OUTPUT_RAW,0,0,0,0,0,0,0,0,1000,1000,1000,1000,0,0,0,0,0
2025-12-15 00:45:02.471,SERVO_OUTPUT_RAW,657709855,SERVO_OUTPUT_RAW,0,0,0,0,0,0,0,0,1000,1000,1000,1000,0,0,0,0,0
2025-12-15 00:45:02.574,SERVO_OUTPUT_RAW,657809783,SERVO_OUTPUT_RAW,0,0,0,0,0,0,0,0,1000,1000,1000,1000,0,0,0,0,0
2025-12-15 00:45:02.674,SERVO_OUTPUT_RAW,657909815,SERVO_OUTPUT_RAW,0,0,0,0,0,0,0,0,1000,1000,1000,1000,0,0,0,0,0
2025-12-15 00:45:02.774,SERVO_OUTPUT_RAW,658009816,SERVO_OUTPUT_RAW,0,0,0,0,0,0,0,0,1000,1000,1000,1000,0,0,0,0,0
2025-12-15 00:45:02.874,SERVO_OUTPUT_RAW,658109792,SERVO_OUTPUT_RAW,0,0,0,0,0,0,0,0,1000,1000,1000,1000,0,0,0,0,0
2025-12-15 00:45:02.974,SERVO_OUTPUT_RAW,658209876,SERVO_OUTPUT_RAW,0,0,0,0,0,0,0,0,1000,1000,1000,1000,0,0,0,0,0
2025-12-15 00:45:03.074,SERVO_OUTPUT_RAW,658309799,SERVO_OUTPUT_RAW,0,0,0,0,0,0,0,0,1000,1000,1000,1000,0,0,0,0,0
2025-12-15 00:45:03.174,SERVO_OUTPUT_RAW,658409793,SERVO_OUTPUT_RAW,0,0,0,0,0,0,0,0,1000,1000,1000,1000,0,0,0,0,0
2025-12-15 00:45:03.273,SERVO_OUTPUT_RAW,658509786,SERVO_OUTPUT_RAW,0,0,0,0,0,0,0,0,1000,1000,1000,1000,0,0,0,0,0
2025-12-15 00:45:03.374,SERVO_OUTPUT_RAW,658609819,SERVO_OUTPUT_RAW,0,0,0,0,0,0,0,0,1000,1000,1000,1000,0,0,0,0,0
2025-12-15 00:45:03.474,SERVO_OUTPUT_RAW,658709845,SERVO_OUTPUT_RAW,0,0,0,0,0,0,0,0,1000,1000,1000,1000,0,0,0,0,0
2025-12-15 00:45:03.573,SERVO_OUTPUT_RAW,658809857,SERVO_OUTPUT_RAW,0,0,0,0,0,0,0,0,1000,1000,1000,1000,0,0,0,0,0
2025-12-15 00:45:03.674,SERVO_OUTPUT_RAW,658909816,SERVO_OUTPUT_RAW,0,0,0,0,0,0,0,0,1000,1000,1000,1000,0,0,0,0,0
2025-12-15 00:45:03.773,SERVO_OUTPUT_RAW,659009823,SERVO_OUTPUT_RAW,0,0,0,0,0,0,0,0,1000,1000,1000,1000,0,0,0,0,0
2025-12-15 00:45:03.873,SERVO_OUTPUT_RAW,659109830,SERVO_OUTPUT_RAW,0,0,0,0,0,0,0,0,1000,1000,1000,1000,0,0,0,0,0
2025-12-15 00:45:03.973,SERVO_OUTPUT_RAW,659209839,SERVO_OUTPUT_RAW,0,0,0,0,0,0,0,0,1000,1000,1000,1000,0,0,0,0,0
2025-12-15 00:45:04.073,SERVO_OUTPUT_RAW,659309852,SERVO_OUTPUT_RAW,0,0,0,0,0,0,0,0,1000,1000,1000,1000,0,0,0,0,0
2025-12-15 00:45:04.172,SERVO_OUTPUT_RAW,659409810,SERVO_OUTPUT_RAW,0,0,0,0,0,0,0,0,1000,1000,1000,1000,0,0,0,0,0
2025-12-15 00:45:04.273,SERVO_OUTPUT_RAW,659509814,SERVO_OUTPUT_RAW,0,0,0,0,0,0,0,0,1000,1000,1000,1000,0,0,0,0,0
2025-12-15 00:45:04.374,SERVO_OUTPUT_RAW,659609794,SERVO_OUTPUT_RAW,0,0,0,0,0,0,0,0,1000,1000,1000,1000,0,0,0,0,0
2025-12-15 00:45:04.474,SERVO_OUTPUT_RAW,659709778,SERVO_OUTPUT_RAW,0,0,0,0,0,0,0,0,1000,1000,1000,1000,0,0,0,0,0
2025-12-15 00:45:04.573,SERVO_OUTPUT_RAW,659809780,SERVO_OUTPUT_RAW,0,0,0,0,0,0,0,0,1000,1000,1000,1000,0,0,0,0,0
2025-12-15 00:45:04.673,SERVO_OUTPUT_RAW,659909817,SERVO_OUTPUT_RAW,0,0,0,0,0,0,0,0,1000,1000,1000,1000,0,0,0,0,0
2025-12-15 00:45:04.773,SERVO_OUTPUT_RAW,660009783,SERVO_OUTPUT_RAW,0,0,0,0,0,0,0,0,1000,1000,1000,1000,0,0,0,0,0
2025-12-15 00:45:04.874,SERVO_OUTPUT_RAW,660109777,SERVO_OUTPUT_RAW,0,0,0,0,0,0,0,0,1000,1000,1000,1000,0,0,0,0,0
2025-12-15 00:45:04.973,SERVO_OUTPUT_RAW,660209818,SERVO_OUTPUT_RAW,0,0,0,0,0,0,0,0,1000,1000,1000,1000,0,0,0,0,0
2025-12-15 00:45:05.073,SERVO_OUTPUT_RAW,660312140,SERVO_OUTPUT_RAW,0,0,0,0,0,0,0,0,1000,1000,1000,1000,0,0,0,0,0
2025-12-15 00:45:05.176,SERVO_OUTPUT_RAW,660409862,SERVO_OUTPUT_RAW,0,0,0,0,0,0,0,0,1000,1000,1000,1000,0,0,0,0,0
2025-12-15 00:45:05.271,SERVO_OUTPUT_RAW,660509798,SERVO_OUTPUT_RAW,0,0,0,0,0,0,0,0,1000,1000,1000,1000,0,0,0,0,0
2025-12-15 00:45:05.370,SERVO_OUTPUT_RAW,660609818,SERVO_OUTPUT_RAW,0,0,0,0,0,0,0,0,1000,1000,1000,1000,0,0,0,0,0
2025-12-15 00:45:05.470,SERVO_OUTPUT_RAW,660709847,SERVO_OUTPUT_RAW,0,0,0,0,0,0,0,0,1000,1000,1000,1000,0,0,0,0,0
2025-12-15 00:45:05.571,SERVO_OUTPUT_RAW,660809861,SERVO_OUTPUT_RAW,0,0,0,0,0,0,0,0,1000,1000,1000,1000,0,0,0,0,0
2025-12-15 00:45:05.671,SERVO_OUTPUT_RAW,660909784,SERVO_OUTPUT_RAW,0,0,0,0,0,0,0,0,1000,1000,1000,1000,0,0,0,0,0
2025-12-15 00:45:05.771,SERVO_OUTPUT_RAW,661009823,SERVO_OUTPUT_RAW,0,0,0,0,0,0,0,0,1000,1000,1000,1000,0,0,0,0,0
2025-12-15 00:45:05.871,SERVO_OUTPUT_RAW,661109817,SERVO_OUTPUT_RAW,0,0,0,0,0,0,0,0,1000,1000,1000,1000,0,0,0,0,0
2025-12-15 00:45:05.971,SERVO_OUTPUT_RAW,661209787,SERVO_OUTPUT_RAW,0,0,0,0,0,0,0,0,1000,1000,1000,1000,0,0,0,0,0
2025-12-15 00:45:06.071,SERVO_OUTPUT_RAW,661309792,SERVO_OUTPUT_RAW,0,0,0,0,0,0,0,0,1000,1000,1000,1000,0,0,0,0,0
2025-12-15 00:45:06.171,SERVO_OUTPUT_RAW,661409796,SERVO_OUTPUT_RAW,0,0,0,0,0,0,0,0,1000,1000,1000,1000,0,0,0,0,0
2025-12-15 00:45:06.271,SERVO_OUTPUT_RAW,661509784,SERVO_OUTPUT_RAW,0,0,0,0,0,0,0,0,1000,1000,1000,1000,0,0,0,0,0
2025-12-15 00:45:06.371,SERVO_OUTPUT_RAW,661609807,SERVO_OUTPUT_RAW,0,0,0,0,0,0,0,0,1000,1000,1000,1000,0,0,0,0,0
2025-12-15 00:45:06.471,SERVO_OUTPUT_RAW,661709807,SERVO_OUTPUT_RAW,0,0,0,0,0,0,0,0,1000,1000,1000,1000,0,0,0,0,0
2025-12-15 00:45:06.571,SERVO_OUTPUT_RAW,661809846,SERVO_OUTPUT_RAW,0,0,0,0,0,0,0,0,1000,1000,1000,1000,0,0,0,0,0
2025-12-15 00:45:06.671,SERVO_OUTPUT_RAW,661909854,SERVO_OUTPUT_RAW,0,0,0,0,0,0,0,0,1000,1000,1000,1000,0,0,0,0,0
2025-12-15 00:45:06.771,SERVO_OUTPUT_RAW,662009799,SERVO_OUTPUT_RAW,0,0,0,0,0,0,0,0,1000,1000,1000,1000,0,0,0,0,0
2025-12-15 00:45:06.871,SERVO_OUTPUT_RAW,662109800,SERVO_OUTPUT_RAW,0,0,0,0,0,0,0,0,1000,1000,1000,1000,0,0,0,0,0
2025-12-15 00:45:06.971,SERVO_OUTPUT_RAW,662209823,SERVO_OUTPUT_RAW,0,0,0,0,0,0,0,0,1000,1000,1000,1000,0,0,0,0,0
2025-12-15 00:45:07.071,SERVO_OUTPUT_RAW,662309836,SERVO_OUTPUT_RAW,0,0,0,0,0,0,0,0,1000,1000,1000,1000,0,0,0,0,0
2025-12-15 00:45:07.172,SERVO_OUTPUT_RAW,662412062,SERVO_OUTPUT_RAW,0,0,0,0,0,0,0,0,1000,1000,1000,1000,0,0,0,0,0
2025-12-15 00:45:07.271,SERVO_OUTPUT_RAW,662509786,SERVO_OUTPUT_RAW,0,0,0,0,0,0,0,0,1000,1000,1000,1000,0,0,0,0,0
2025-12-15 00:45:07.371,SERVO_OUTPUT_RAW,662609829,SERVO_OUTPUT_RAW,0,0,0,0,0,0,0,0,1000,1000,1000,1000,0,0,0,0,0
2025-12-15 00:45:07.472,SERVO_OUTPUT_RAW,662709823,SERVO_OUTPUT_RAW,0,0,0,0,0,0,0,0,1000,1000,1000,1000,0,0,0,0,0
2025-12-15 00:45:07.571,SERVO_OUTPUT_RAW,662809786,SERVO_OUTPUT_RAW,0,0,0,0,0,0,0,0,1000,1000,1000,1000,0,0,0,0,0
2025-12-15 00:45:07.671,SERVO_OUTPUT_RAW,662909795,SERVO_OUTPUT_RAW,0,0,0,0,0,0,0,0,1000,1000,1000,1000,0,0,0,0,0
2025-12-15 00:45:07.771,SERVO_OUTPUT_RAW,663009791,SERVO_OUTPUT_RAW,0,0,0,0,0,0,0,0,1000,1000,1000,1000,0,0,0,0,0
2025-12-15 00:45:07.871,SERVO_OUTPUT_RAW,663109786,SERVO_OUTPUT_RAW,0,0,0,0,0,0,0,0,1000,1000,1000,1000,0,0,0,0,0
2025-12-15 00:45:07.972,SERVO_OUTPUT_RAW,663212118,SERVO_OUTPUT_RAW,0,0,0,0,0,0,0,0,1000,1000,1000,1000,0,0,0,0,0
2025-12-15 00:45:08.071,SERVO_OUTPUT_RAW,663309835,SERVO_OUTPUT_RAW,0,0,0,0,0,0,0,0,1000,1000,1000,1000,0,0,0,0,0
2025-12-15 00:45:08.171,SERVO_OUTPUT_RAW,663409816,SERVO_OUTPUT_RAW,0,0,0,0,0,0,0,0,1000,1000,1000,1000,0,0,0,0,0
2025-12-15 00:45:08.272,SERVO_OUTPUT_RAW,663512152,SERVO_OUTPUT_RAW,0,0,0,0,0,0,0,0,1000,1000,1000,1000,0,0,0,0,0
2025-12-15 00:45:08.371,SERVO_OUTPUT_RAW,663609790,SERVO_OUTPUT_RAW,0,0,0,0,0,0,0,0,1000,1000,1000,1000,0,0,0,0,0
2025-12-15 00:45:08.471,SERVO_OUTPUT_RAW,663709829,SERVO_OUTPUT_RAW,0,0,0,0,0,0,0,0,1000,1000,1000,1000,0,0,0,0,0
2025-12-15 00:45:08.571,SERVO_OUTPUT_RAW,663809841,SERVO_OUTPUT_RAW,0,0,0,0,0,0,0,0,1000,1000,1000,1000,0,0,0,0,0
2025-12-15 00:45:08.671,SERVO_OUTPUT_RAW,663909843,SERVO_OUTPUT_RAW,0,0,0,0,0,0,0,0,1000,1000,1000,1000,0,0,0,0,0
2025-12-15 00:45:08.771,SERVO_OUTPUT_RAW,664009796,SERVO_OUTPUT_RAW,0,0,0,0,0,0,0,0,1000,1000,1000,1000,0,0,0,0,0
2025-12-15 00:45:08.871,SERVO_OUTPUT_RAW,664109803,SERVO_OUTPUT_RAW,0,0,0,0,0,0,0,0,1000,1000,1000,1000,0,0,0,0,0
2025-12-15 00:45:08.971,SERVO_OUTPUT_RAW,664209811,SERVO_OUTPUT_RAW,0,0,0,0,0,0,0,0,1000,1000,1000,1000,0,0,0,0,0
2025-12-15 00:45:09.071,SERVO_OUTPUT_RAW,664309783,SERVO_OUTPUT_RAW,0,0,0,0,0,0,0,0,1000,1000,1000,1000,0,0,0,0,0
2025-12-15 00:45:09.171,SERVO_OUTPUT_RAW,664409790,SERVO_OUTPUT_RAW,0,0,0,0,0,0,0,0,1000,1000,1000,1000,0,0,0,0,0
2025-12-15 00:45:09.271,SERVO_OUTPUT_RAW,664512139,SERVO_OUTPUT_RAW,0,0,0,0,0,0,0,0,1000,1000,1000,1000,0,0,0,0,0
2025-12-15 00:45:09.371,SERVO_OUTPUT_RAW,664609778,SERVO_OUTPUT_RAW,0,0,0,0,0,0,0,0,1000,1000,1000,1000,0,0,0,0,0
2025-12-15 00:45:09.471,SERVO_OUTPUT_RAW,664709785,SERVO_OUTPUT_RAW,0,0,0,0,0,0,0,0,1000,1000,1000,1000,0,0,0,0,0
2025-12-15 00:45:09.571,SERVO_OUTPUT_RAW,664809822,SERVO_OUTPUT_RAW,0,0,0,0,0,0,0,0,1000,1000,1000,1000,0,0,0,0,0
2025-12-15 00:45:09.671,SERVO_OUTPUT_RAW,664909828,SERVO_OUTPUT_RAW,0,0,0,0,0,0,0,0,1000,1000,1000,1000,0,0,0,0,0
2025-12-15 00:45:09.771,SERVO_OUTPUT_RAW,665009836,SERVO_OUTPUT_RAW,0,0,0,0,0,0,0,0,1000,1000,1000,1000,0,0,0,0,0
2025-12-15 00:45:09.873,SERVO_OUTPUT_RAW,665109826,SERVO_OUTPUT_RAW,0,0,0,0,0,0,0,0,1000,1000,1000,1000,0,0,0,0,0
2025-12-15 00:45:09.971,SERVO_OUTPUT_RAW,665209797,SERVO_OUTPUT_RAW,0,0,0,0,0,0,0,0,1000,1000,1000,1000,0,0,0,0,0
2025-12-15 00:45:10.071,SERVO_OUTPUT_RAW,665312069,SERVO_OUTPUT_RAW,0,0,0,0,0,0,0,0,1000,1000,1000,1000,0,0,0,0,0
2025-12-15 00:45:10.171,SERVO_OUTPUT_RAW,665409859,SERVO_OUTPUT_RAW,0,0,0,0,0,0,0,0,1000,1000,1000,1000,0,0,0,0,0
2025-12-15 00:45:10.274,SERVO_OUTPUT_RAW,665509845,SERVO_OUTPUT_RAW,0,0,0,0,0,0,0,0,1000,1000,1000,1000,0,0,0,0,0
2025-12-15 00:45:10.374,SERVO_OUTPUT_RAW,665609781,SERVO_OUTPUT_RAW,0,0,0,0,0,0,0,0,1000,1000,1000,1000,0,0,0,0,0
2025-12-15 00:45:10.474,SERVO_OUTPUT_RAW,665709811,SERVO_OUTPUT_RAW,0,0,0,0,0,0,0,0,1000,1000,1000,1000,0,0,0,0,0
2025-12-15 00:45:10.573,SERVO_OUTPUT_RAW,665809809,SERVO_OUTPUT_RAW,0,0,0,0,0,0,0,0,1000,1000,1000,1000,0,0,0,0,0
2025-12-15 00:45:10.673,SERVO_OUTPUT_RAW,665909777,SERVO_OUTPUT_RAW,0,0,0,0,0,0,0,0,1000,1000,1000,1000,0,0,0,0,0
2025-12-15 00:45:10.773,SERVO_OUTPUT_RAW,666009778,SERVO_OUTPUT_RAW,0,0,0,0,0,0,0,0,1000,1000,1000,1000,0,0,0,0,0
2025-12-15 00:45:10.874,SERVO_OUTPUT_RAW,666109820,SERVO_OUTPUT_RAW,0,0,0,0,0,0,0,0,1000,1000,1000,1000,0,0,0,0,0
2025-12-15 00:45:10.973,SERVO_OUTPUT_RAW,666209799,SERVO_OUTPUT_RAW,0,0,0,0,0,0,0,0,1000,1000,1000,1000,0,0,0,0,0
2025-12-15 00:45:11.074,SERVO_OUTPUT_RAW,666309784,SERVO_OUTPUT_RAW,0,0,0,0,0,0,0,0,1000,1000,1000,1000,0,0,0,0,0
2025-12-15 00:45:11.173,SERVO_OUTPUT_RAW,666409819,SERVO_OUTPUT_RAW,0,0,0,0,0,0,0,0,1000,1000,1000,1000,0,0,0,0,0
2025-12-15 00:45:11.273,SERVO_OUTPUT_RAW,666509834,SERVO_OUTPUT_RAW,0,0,0,0,0,0,0,0,1000,1000,1000,1000,0,0,0,0,0
2025-12-15 00:45:11.373,SERVO_OUTPUT_RAW,666612188,SERVO_OUTPUT_RAW,0,0,0,0,0,0,0,0,1000,1000,1000,1000,0,0,0,0,0
2025-12-15 00:45:11.473,SERVO_OUTPUT_RAW,666709813,SERVO_OUTPUT_RAW,0,0,0,0,0,0,0,0,1000,1000,1000,1000,0,0,0,0,0
2025-12-15 00:45:11.573,SERVO_OUTPUT_RAW,666809821,SERVO_OUTPUT_RAW,0,0,0,0,0,0,0,0,1000,1000,1000,1000,0,0,0,0,0
2025-12-15 00:45:11.674,SERVO_OUTPUT_RAW,666909822,SERVO_OUTPUT_RAW,0,0,0,0,0,0,0,0,1000,1000,1000,1000,0,0,0,0,0
2025-12-15 00:45:11.774,SERVO_OUTPUT_RAW,667009842,SERVO_OUTPUT_RAW,0,0,0,0,0,0,0,0,1000,1000,1000,1000,0,0,0,0,0
2025-12-15 00:45:11.874,SERVO_OUTPUT_RAW,667109818,SERVO_OUTPUT_RAW,0,0,0,0,0,0,0,0,1000,1000,1000,1000,0,0,0,0,0
2025-12-15 00:45:11.974,SERVO_OUTPUT_RAW,667209789,SERVO_OUTPUT_RAW,0,0,0,0,0,0,0,0,1000,1000,1000,1000,0,0,0,0,0
2025-12-15 00:45:12.074,SERVO_OUTPUT_RAW,667309825,SERVO_OUTPUT_RAW,0,0,0,0,0,0,0,0,1000,1000,1000,1000,0,0,0,0,0
2025-12-15 00:45:12.174,SERVO_OUTPUT_RAW,667409862,SERVO_OUTPUT_RAW,0,0,0,0,0,0,0,0,1000,1000,1000,1000,0,0,0,0,0
2025-12-15 00:45:12.274,SERVO_OUTPUT_RAW,667509790,SERVO_OUTPUT_RAW,0,0,0,0,0,0,0,0,1000,1000,1000,1000,0,0,0,0,0
2025-12-15 00:45:12.375,SERVO_OUTPUT_RAW,667609792,SERVO_OUTPUT_RAW,0,0,0,0,0,0,0,0,1000,1000,1000,1000,0,0,0,0,0
2025-12-15 00:45:12.473,SERVO_OUTPUT_RAW,667709786,SERVO_OUTPUT_RAW,0,0,0,0,0,0,0,0,1000,1000,1000,1000,0,0,0,0,0
2025-12-15 00:45:12.573,SERVO_OUTPUT_RAW,667809794,SERVO_OUTPUT_RAW,0,0,0,0,0,0,0,0,1000,1000,1000,1000,0,0,0,0,0
2025-12-15 00:45:12.674,SERVO_OUTPUT_RAW,667909782,SERVO_OUTPUT_RAW,0,0,0,0,0,0,0,0,1000,1000,1000,1000,0,0,0,0,0
2025-12-15 00:45:12.774,SERVO_OUTPUT_RAW,668009830,SERVO_OUTPUT_RAW,0,0,0,0,0,0,0,0,1000,1000,1000,1000,0,0,0,0,0
2025-12-15 00:45:12.874,SERVO_OUTPUT_RAW,668109830,SERVO_OUTPUT_RAW,0,0,0,0,0,0,0,0,1000,1000,1000,1000,0,0,0,0,0
2025-12-15 00:45:12.974,SERVO_OUTPUT_RAW,668209775,SERVO_OUTPUT_RAW,0,0,0,0,0,0,0,0,1000,1000,1000,1000,0,0,0,0,0
2025-12-15 00:45:13.074,SERVO_OUTPUT_RAW,668309783,SERVO_OUTPUT_RAW,0,0,0,0,0,0,0,0,1000,1000,1000,1000,0,0,0,0,0
2025-12-15 00:45:13.174,SERVO_OUTPUT_RAW,668409825,SERVO_OUTPUT_RAW,0,0,0,0,0,0,0,0,1000,1000,1000,1000,0,0,0,0,0
2025-12-15 00:45:13.274,SERVO_OUTPUT_RAW,668509842,SERVO_OUTPUT_RAW,0,0,0,0,0,0,0,0,1000,1000,1000,1000,0,0,0,0,0
2025-12-15 00:45:13.374,SERVO_OUTPUT_RAW,668609875,SERVO_OUTPUT_RAW,0,0,0,0,0,0,0,0,1000,1000,1000,1000,0,0,0,0,0
2025-12-15 00:45:13.474,SERVO_OUTPUT_RAW,668709914,SERVO_OUTPUT_RAW,0,0,0,0,0,0,0,0,1000,1000,1000,1000,0,0,0,0,0
2025-12-15 00:45:13.574,SERVO_OUTPUT_RAW,668809813,SERVO_OUTPUT_RAW,0,0,0,0,0,0,0,0,1000,1000,1000,1000,0,0,0,0,0
2025-12-15 00:45:13.674,SERVO_OUTPUT_RAW,668909830,SERVO_OUTPUT_RAW,0,0,0,0,0,0,0,0,1000,1000,1000,1000,0,0,0,0,0
2025-12-15 00:45:13.774,SERVO_OUTPUT_RAW,669009825,SERVO_OUTPUT_RAW,0,0,0,0,0,0,0,0,1000,1000,1000,1000,0,0,0,0,0
2025-12-15 00:45:13.873,SERVO_OUTPUT_RAW,669109778,SERVO_OUTPUT_RAW,0,0,0,0,0,0,0,0,1000,1000,1000,1000,0,0,0,0,0
2025-12-15 00:45:13.973,SERVO_OUTPUT_RAW,669209785,SERVO_OUTPUT_RAW,0,0,0,0,0,0,0,0,1000,1000,1000,1000,0,0,0,0,0
2025-12-15 00:45:14.073,SERVO_OUTPUT_RAW,669309785,SERVO_OUTPUT_RAW,0,0,0,0,0,0,0,0,1000,1000,1000,1000,0,0,0,0,0
2025-12-15 00:45:14.173,SERVO_OUTPUT_RAW,669409785,SERVO_OUTPUT_RAW,0,0,0,0,0,0,0,0,1000,1000,1000,1000,0,0,0,0,0
2025-12-15 00:45:14.273,SERVO_OUTPUT_RAW,669509803,SERVO_OUTPUT_RAW,0,0,0,0,0,0,0,0,1000,1000,1000,1000,0,0,0,0,0
2025-12-15 00:45:14.373,SERVO_OUTPUT_RAW,669609825,SERVO_OUTPUT_RAW,0,0,0,0,0,0,0,0,1000,1000,1000,1000,0,0,0,0,0
2025-12-15 00:45:14.473,SERVO_OUTPUT_RAW,669709843,SERVO_OUTPUT_RAW,0,0,0,0,0,0,0,0,1000,1000,1000,1000,0,0,0,0,0
2025-12-15 00:45:14.573,SERVO_OUTPUT_RAW,669812150,SERVO_OUTPUT_RAW,0,0,0,0,0,0,0,0,1000,1000,1000,1000,0,0,0,0,0
2025-12-15 00:45:14.673,SERVO_OUTPUT_RAW,669909814,SERVO_OUTPUT_RAW,0,0,0,0,0,0,0,0,1000,1000,1000,1000,0,0,0,0,0
2025-12-15 00:45:14.773,SERVO_OUTPUT_RAW,670009820,SERVO_OUTPUT_RAW,0,0,0,0,0,0,0,0,1000,1000,1000,1000,0,0,0,0,0
2025-12-15 00:45:14.873,SERVO_OUTPUT_RAW,670109842,SERVO_OUTPUT_RAW,0,0,0,0,0,0,0,0,1000,1000,1000,1000,0,0,0,0,0
2025-12-15 00:45:14.974,SERVO_OUTPUT_RAW,670209777,SERVO_OUTPUT_RAW,0,0,0,0,0,0,0,0,1000,1000,1000,1000,0,0,0,0,0
2025-12-15 00:45:15.074,SERVO_OUTPUT_RAW,670309817,SERVO_OUTPUT_RAW,0,0,0,0,0,0,0,0,1000,1000,1000,1000,0,0,0,0,0
2025-12-15 00:45:15.173,SERVO_OUTPUT_RAW,670409804,SERVO_OUTPUT_RAW,0,0,0,0,0,0,0,0,1000,1000,1000,1000,0,0,0,0,0
2025-12-15 00:45:15.273,SERVO_OUTPUT_RAW,670509802,SERVO_OUTPUT_RAW,0,0,0,0,0,0,0,0,1000,1000,1000,1000,0,0,0,0,0
2025-12-15 00:45:15.373,SERVO_OUTPUT_RAW,670609786,SERVO_OUTPUT_RAW,0,0,0,0,0,0,0,0,1000,1000,1000,1000,0,0,0,0,0
2025-12-15 00:45:15.473,SERVO_OUTPUT_RAW,670709788,SERVO_OUTPUT_RAW,0,0,0,0,0,0,0,0,1000,1000,1000,1000,0,0,0,0,0
2025-12-15 00:45:15.573,SERVO_OUTPUT_RAW,670809863,SERVO_OUTPUT_RAW,0,0,0,0,0,0,0,0,1000,1000,1000,1000,0,0,0,0,0
2025-12-15 00:45:15.673,SERVO_OUTPUT_RAW,670909799,SERVO_OUTPUT_RAW,0,0,0,0,0,0,0,0,1000,1000,1000,1000,0,0,0,0,0
2025-12-15 00:45:15.773,SERVO_OUTPUT_RAW,671009792,SERVO_OUTPUT_RAW,0,0,0,0,0,0,0,0,1000,1000,1000,1000,0,0,0,0,0
2025-12-15 00:45:15.873,SERVO_OUTPUT_RAW,671109813,SERVO_OUTPUT_RAW,0,0,0,0,0,0,0,0,1000,1000,1000,1000,0,0,0,0,0
2025-12-15 00:45:15.973,SERVO_OUTPUT_RAW,671209834,SERVO_OUTPUT_RAW,0,0,0,0,0,0,0,0,1000,1000,1000,1000,0,0,0,0,0
2025-12-15 00:45:16.073,SERVO_OUTPUT_RAW,671309860,SERVO_OUTPUT_RAW,0,0,0,0,0,0,0,0,1000,1000,1000,1000,0,0,0,0,0
2025-12-15 00:45:16.173,SERVO_OUTPUT_RAW,671409809,SERVO_OUTPUT_RAW,0,0,0,0,0,0,0,0,1000,1000,1000,1000,0,0,0,0,0
2025-12-15 00:45:16.273,SERVO_OUTPUT_RAW,671509808,SERVO_OUTPUT_RAW,0,0,0,0,0,0,0,0,1000,1000,1000,1000,0,0,0,0,0
2025-12-15 00:45:16.373,SERVO_OUTPUT_RAW,671609853,SERVO_OUTPUT_RAW,0,0,0,0,0,0,0,0,1000,1000,1000,1000,0,0,0,0,0
2025-12-15 00:45:16.473,SERVO_OUTPUT_RAW,671709831,SERVO_OUTPUT_RAW,0,0,0,0,0,0,0,0,1000,1000,1000,1000,0,0,0,0,0
2025-12-15 00:45:16.573,SERVO_OUTPUT_RAW,671809793,SERVO_OUTPUT_RAW,0,0,0,0,0,0,0,0,1000,1000,1000,1000,0,0,0,0,0
2025-12-15 00:45:16.673,SERVO_OUTPUT_RAW,671909815,SERVO_OUTPUT_RAW,0,0,0,0,0,0,0,0,1000,1000,1000,1000,0,0,0,0,0
2025-12-15 00:45:16.773,SERVO_OUTPUT_RAW,672009825,SERVO_OUTPUT_RAW,0,0,0,0,0,0,0,0,1000,1000,1000,1000,0,0,0,0,0
2025-12-15 00:45:16.873,SERVO_OUTPUT_RAW,672109810,SERVO_OUTPUT_RAW,0,0,0,0,0,0,0,0,1000,1000,1000,1000,0,0,0,0,0
2025-12-15 00:45:16.973,SERVO_OUTPUT_RAW,672209790,SERVO_OUTPUT_RAW,0,0,0,0,0,0,0,0,1000,1000,1000,1000,0,0,0,0,0
2025-12-15 00:45:17.073,SERVO_OUTPUT_RAW,672309791,SERVO_OUTPUT_RAW,0,0,0,0,0,0,0,0,1000,1000,1000,1000,0,0,0,0,0
2025-12-15 00:45:17.173,SERVO_OUTPUT_RAW,672409782,SERVO_OUTPUT_RAW,0,0,0,0,0,0,0,0,1000,1000,1000,1000,0,0,0,0,0
2025-12-15 00:45:17.273,SERVO_OUTPUT_RAW,672509801,SERVO_OUTPUT_RAW,0,0,0,0,0,0,0,0,1000,1000,1000,1000,0,0,0,0,0
2025-12-15 00:45:17.375,SERVO_OUTPUT_RAW,672609790,SERVO_OUTPUT_RAW,0,0,0,0,0,0,0,0,1000,1000,1000,1000,0,0,0,0,0
2025-12-15 00:45:17.473,SERVO_OUTPUT_RAW,672709820,SERVO_OUTPUT_RAW,0,0,0,0,0,0,0,0,1000,1000,1000,1000,0,0,0,0,0
2025-12-15 00:45:17.573,SERVO_OUTPUT_RAW,672809843,SERVO_OUTPUT_RAW,0,0,0,0,0,0,0,0,1000,1000,1000,1000,0,0,0,0,0
2025-12-15 00:45:17.673,SERVO_OUTPUT_RAW,672912140,SERVO_OUTPUT_RAW,0,0,0,0,0,0,0,0,1000,1000,1000,1000,0,0,0,0,0
2025-12-15 00:45:17.773,SERVO_OUTPUT_RAW,673009794,SERVO_OUTPUT_RAW,0,0,0,0,0,0,0,0,1000,1000,1000,1000,0,0,0,0,0
2025-12-15 00:45:17.873,SERVO_OUTPUT_RAW,673109817,SERVO_OUTPUT_RAW,0,0,0,0,0,0,0,0,1000,1000,1000,1000,0,0,0,0,0
2025-12-15 00:45:17.973,SERVO_OUTPUT_RAW,673209870,SERVO_OUTPUT_RAW,0,0,0,0,0,0,0,0,1000,1000,1000,1000,0,0,0,0,0
2025-12-15 00:45:18.073,SERVO_OUTPUT_RAW,673309796,SERVO_OUTPUT_RAW,0,0,0,0,0,0,0,0,1000,1000,1000,1000,0,0,0,0,0
2025-12-15 00:45:18.173,SERVO_OUTPUT_RAW,673409800,SERVO_OUTPUT_RAW,0,0,0,0,0,0,0,0,1000,1000,1000,1000,0,0,0,0,0
2025-12-15 00:45:18.273,SERVO_OUTPUT_RAW,673509817,SERVO_OUTPUT_RAW,0,0,0,0,0,0,0,0,1000,1000,1000,1000,0,0,0,0,0
2025-12-15 00:45:18.373,SERVO_OUTPUT_RAW,673609820,SERVO_OUTPUT_RAW,0,0,0,0,0,0,0,0,1000,1000,1000,1000,0,0,0,0,0
2025-12-15 00:45:18.473,SERVO_OUTPUT_RAW,673709779,SERVO_OUTPUT_RAW,0,0,0,0,0,0,0,0,1000,1000,1000,1000,0,0,0,0,0
2025-12-15 00:45:18.573,SERVO_OUTPUT_RAW,673809784,SERVO_OUTPUT_RAW,0,0,0,0,0,0,0,0,1000,1000,1000,1000,0,0,0,0,0
2025-12-15 00:45:18.674,SERVO_OUTPUT_RAW,673909785,SERVO_OUTPUT_RAW,0,0,0,0,0,0,0,0,1000,1000,1000,1000,0,0,0,0,0
2025-12-15 00:45:18.774,SERVO_OUTPUT_RAW,674009782,SERVO_OUTPUT_RAW,0,0,0,0,0,0,0,0,1000,1000,1000,1000,0,0,0,0,0
2025-12-15 00:45:18.874,SERVO_OUTPUT_RAW,674109794,SERVO_OUTPUT_RAW,0,0,0,0,0,0,0,0,1000,1000,1000,1000,0,0,0,0,0
2025-12-15 00:45:18.973,SERVO_OUTPUT_RAW,674209827,SERVO_OUTPUT_RAW,0,0,0,0,0,0,0,0,1000,1000,1000,1000,0,0,0,0,0
2025-12-15 00:45:19.074,SERVO_OUTPUT_RAW,674309849,SERVO_OUTPUT_RAW,0,0,0,0,0,0,0,0,1000,1000,1000,1000,0,0,0,0,0
2025-12-15 00:45:19.174,SERVO_OUTPUT_RAW,674409823,SERVO_OUTPUT_RAW,0,0,0,0,0,0,0,0,1000,1000,1000,1000,0,0,0,0,0
2025-12-15 00:45:19.274,SERVO_OUTPUT_RAW,674509793,SERVO_OUTPUT_RAW,0,0,0,0,0,0,0,0,1000,1000,1000,1000,0,0,0,0,0
2025-12-15 00:45:19.374,SERVO_OUTPUT_RAW,674609812,SERVO_OUTPUT_RAW,0,0,0,0,0,0,0,0,1000,1000,1000,1000,0,0,0,0,0
2025-12-15 00:45:19.474,SERVO_OUTPUT_RAW,674709835,SERVO_OUTPUT_RAW,0,0,0,0,0,0,0,0,1000,1000,1000,1000,0,0,0,0,0
2025-12-15 00:45:19.574,SERVO_OUTPUT_RAW,674809868,SERVO_OUTPUT_RAW,0,0,0,0,0,0,0,0,1000,1000,1000,1000,0,0,0,0,0
2025-12-15 00:45:19.674,SERVO_OUTPUT_RAW,674909788,SERVO_OUTPUT_RAW,0,0,0,0,0,0,0,0,1000,1000,1000,1000,0,0,0,0,0
2025-12-15 00:45:19.774,SERVO_OUTPUT_RAW,675009916,SERVO_OUTPUT_RAW,0,0,0,0,0,0,0,0,1000,1000,1000,1000,0,0,0,0,0
2025-12-15 00:45:19.904,SERVO_OUTPUT_RAW,675109827,SERVO_OUTPUT_RAW,0,0,0,0,0,0,0,0,1000,1000,1000,1000,0,0,0,0,0
2025-12-15 00:45:19.988,SERVO_OUTPUT_RAW,675209836,SERVO_OUTPUT_RAW,0,0,0,0,0,0,0,0,1000,1000,1000,1000,0,0,0,0,0
2025-12-15 00:45:20.074,SERVO_OUTPUT_RAW,675309792,SERVO_OUTPUT_RAW,0,0,0,0,0,0,0,0,1000,1000,1000,1000,0,0,0,0,0
2025-12-15 00:45:20.174,SERVO_OUTPUT_RAW,675409779,SERVO_OUTPUT_RAW,0,0,0,0,0,0,0,0,1000,1000,1000,1000,0,0,0,0,0
2025-12-15 00:45:20.274,SERVO_OUTPUT_RAW,675509789,SERVO_OUTPUT_RAW,0,0,0,0,0,0,0,0,1000,1000,1000,1000,0,0,0,0,0
2025-12-15 00:45:20.374,SERVO_OUTPUT_RAW,675609790,SERVO_OUTPUT_RAW,0,0,0,0,0,0,0,0,1000,1000,1000,1000,0,0,0,0,0
2025-12-15 00:45:20.474,SERVO_OUTPUT_RAW,675709791,SERVO_OUTPUT_RAW,0,0,0,0,0,0,0,0,1000,1000,1000,1000,0,0,0,0,0
2025-12-15 00:45:20.574,SERVO_OUTPUT_RAW,675812146,SERVO_OUTPUT_RAW,0,0,0,0,0,0,0,0,1000,1000,1000,1000,0,0,0,0,0
2025-12-15 00:45:20.674,SERVO_OUTPUT_RAW,675909780,SERVO_OUTPUT_RAW,0,0,0,0,0,0,0,0,1000,1000,1000,1000,0,0,0,0,0
2025-12-15 00:45:20.774,SERVO_OUTPUT_RAW,676009847,SERVO_OUTPUT_RAW,0,0,0,0,0,0,0,0,1000,1000,1000,1000,0,0,0,0,0
2025-12-15 00:45:20.874,SERVO_OUTPUT_RAW,676109828,SERVO_OUTPUT_RAW,0,0,0,0,0,0,0,0,1000,1000,1000,1000,0,0,0,0,0
2025-12-15 00:45:20.974,SERVO_OUTPUT_RAW,676209832,SERVO_OUTPUT_RAW,0,0,0,0,0,0,0,0,1000,1000,1000,1000,0,0,0,0,0
2025-12-15 00:45:21.074,SERVO_OUTPUT_RAW,676309857,SERVO_OUTPUT_RAW,0,0,0,0,0,0,0,0,1000,1000,1000,1000,0,0,0,0,0
2025-12-15 00:45:21.174,SERVO_OUTPUT_RAW,676409846,SERVO_OUTPUT_RAW,0,0,0,0,0,0,0,0,1000,1000,1000,1000,0,0,0,0,0
2025-12-15 00:45:21.274,SERVO_OUTPUT_RAW,676509784,SERVO_OUTPUT_RAW,0,0,0,0,0,0,0,0,1000,1000,1000,1000,0,0,0,0,0
2025-12-15 00:45:21.374,SERVO_OUTPUT_RAW,676609809,SERVO_OUTPUT_RAW,0,0,0,0,0,0,0,0,1000,1000,1000,1000,0,0,0,0,0
2025-12-15 00:45:21.474,SERVO_OUTPUT_RAW,676709821,SERVO_OUTPUT_RAW,0,0,0,0,0,0,0,0,1000,1000,1000,1000,0,0,0,0,0
2025-12-15 00:45:21.574,SERVO_OUTPUT_RAW,676809775,SERVO_OUTPUT_RAW,0,0,0,0,0,0,0,0,1000,1000,1000,1000,0,0,0,0,0
2025-12-15 00:45:21.674,SERVO_OUTPUT_RAW,676909772,SERVO_OUTPUT_RAW,0,0,0,0,0,0,0,0,1000,1000,1000,1000,0,0,0,0,0
2025-12-15 00:45:21.774,SERVO_OUTPUT_RAW,677009800,SERVO_OUTPUT_RAW,0,0,0,0,0,0,0,0,1000,1000,1000,1000,0,0,0,0,0
2025-12-15 00:45:21.874,SERVO_OUTPUT_RAW,677109857,SERVO_OUTPUT_RAW,0,0,0,0,0,0,0,0,1000,1000,1000,1000,0,0,0,0,0
2025-12-15 00:45:21.974,SERVO_OUTPUT_RAW,677209797,SERVO_OUTPUT_RAW,0,0,0,0,0,0,0,0,1000,1000,1000,1000,0,0,0,0,0
2025-12-15 00:45:22.074,SERVO_OUTPUT_RAW,677309806,SERVO_OUTPUT_RAW,0,0,0,0,0,0,0,0,1000,1000,1000,1000,0,0,0,0,0
2025-12-15 00:45:22.174,SERVO_OUTPUT_RAW,677409834,SERVO_OUTPUT_RAW,0,0,0,0,0,0,0,0,1000,1000,1000,1000,0,0,0,0,0
2025-12-15 00:45:22.274,SERVO_OUTPUT_RAW,677509847,SERVO_OUTPUT_RAW,0,0,0,0,0,0,0,0,1000,1000,1000,1000,0,0,0,0,0
2025-12-15 00:45:22.374,SERVO_OUTPUT_RAW,677609853,SERVO_OUTPUT_RAW,0,0,0,0,0,0,0,0,1000,1000,1000,1000,0,0,0,0,0
2025-12-15 00:45:22.475,SERVO_OUTPUT_RAW,677709906,SERVO_OUTPUT_RAW,0,0,0,0,0,0,0,0,1000,1000,1000,1000,0,0,0,0,0
2025-12-15 00:45:22.575,SERVO_OUTPUT_RAW,677809804,SERVO_OUTPUT_RAW,0,0,0,0,0,0,0,0,1000,1000,1000,1000,0,0,0,0,0
2025-12-15 00:45:22.674,SERVO_OUTPUT_RAW,677909854,SERVO_OUTPUT_RAW,0,0,0,0,0,0,0,0,1000,1000,1000,1000,0,0,0,0,0
2025-12-15 00:45:22.774,SERVO_OUTPUT_RAW,678009775,SERVO_OUTPUT_RAW,0,0,0,0,0,0,0,0,1000,1000,1000,1000,0,0,0,0,0
2025-12-15 00:45:22.875,SERVO_OUTPUT_RAW,678109772,SERVO_OUTPUT_RAW,0,0,0,0,0,0,0,0,1000,1000,1000,1000,0,0,0,0,0
2025-12-15 00:45:22.974,SERVO_OUTPUT_RAW,678209823,SERVO_OUTPUT_RAW,0,0,0,0,0,0,0,0,1000,1000,1000,1000,0,0,0,0,0
2025-12-15 00:45:23.074,SERVO_OUTPUT_RAW,678309814,SERVO_OUTPUT_RAW,0,0,0,0,0,0,0,0,1000,1000,1000,1000,0,0,0,0,0
2025-12-15 00:45:23.174,SERVO_OUTPUT_RAW,678409781,SERVO_OUTPUT_RAW,0,0,0,0,0,0,0,0,1000,1000,1000,1000,0,0,0,0,0
2025-12-15 00:45:23.273,SERVO_OUTPUT_RAW,678509785,SERVO_OUTPUT_RAW,0,0,0,0,0,0,0,0,1000,1000,1000,1000,0,0,0,0,0
2025-12-15 00:45:23.375,SERVO_OUTPUT_RAW,678609795,SERVO_OUTPUT_RAW,0,0,0,0,0,0,0,0,1000,1000,1000,1000,0,0,0,0,0
2025-12-15 00:45:23.473,SERVO_OUTPUT_RAW,678709822,SERVO_OUTPUT_RAW,0,0,0,0,0,0,0,0,1000,1000,1000,1000,0,0,0,0,0
2025-12-15 00:45:23.573,SERVO_OUTPUT_RAW,678809795,SERVO_OUTPUT_RAW,0,0,0,0,0,0,0,0,1000,1000,1000,1000,0,0,0,0,0
2025-12-15 00:45:23.673,SERVO_OUTPUT_RAW,678909792,SERVO_OUTPUT_RAW,0,0,0,0,0,0,0,0,1000,1000,1000,1000,0,0,0,0,0
2025-12-15 00:45:23.773,SERVO_OUTPUT_RAW,679009868,SERVO_OUTPUT_RAW,0,0,0,0,0,0,0,0,1000,1000,1000,1000,0,0,0,0,0
2025-12-15 00:45:23.873,SERVO_OUTPUT_RAW,679109845,SERVO_OUTPUT_RAW,0,0,0,0,0,0,0,0,1000,1000,1000,1000,0,0,0,0,0
2025-12-15 00:45:23.973,SERVO_OUTPUT_RAW,679212171,SERVO_OUTPUT_RAW,0,0,0,0,0,0,0,0,1000,1000,1000,1000,0,0,0,0,0
2025-12-15 00:45:24.074,SERVO_OUTPUT_RAW,679309810,SERVO_OUTPUT_RAW,0,0,0,0,0,0,0,0,1000,1000,1000,1000,0,0,0,0,0
2025-12-15 00:45:24.173,SERVO_OUTPUT_RAW,679409831,SERVO_OUTPUT_RAW,0,0,0,0,0,0,0,0,1000,1000,1000,1000,0,0,0,0,0
2025-12-15 00:45:24.273,SERVO_OUTPUT_RAW,679509848,SERVO_OUTPUT_RAW,0,0,0,0,0,0,0,0,1000,1000,1000,1000,0,0,0,0,0
2025-12-15 00:45:24.374,SERVO_OUTPUT_RAW,679609798,SERVO_OUTPUT_RAW,0,0,0,0,0,0,0,0,1000,1000,1000,1000,0,0,0,0,0
2025-12-15 00:45:24.473,SERVO_OUTPUT_RAW,679709816,SERVO_OUTPUT_RAW,0,0,0,0,0,0,0,0,1000,1000,1000,1000,0,0,0,0,0
2025-12-15 00:45:24.573,SERVO_OUTPUT_RAW,679809813,SERVO_OUTPUT_RAW,0,0,0,0,0,0,0,0,1000,1000,1000,1000,0,0,0,0,0
2025-12-15 00:45:24.673,SERVO_OUTPUT_RAW,679909781,SERVO_OUTPUT_RAW,0,0,0,0,0,0,0,0,1000,1000,1000,1000,0,0,0,0,0
2025-12-15 00:45:24.773,SERVO_OUTPUT_RAW,680009787,SERVO_OUTPUT_RAW,0,0,0,0,0,0,0,0,1000,1000,1000,1000,0,0,0,0,0
2025-12-15 00:45:24.873,SERVO_OUTPUT_RAW,680109790,SERVO_OUTPUT_RAW,0,0,0,0,0,0,0,0,1000,1000,1000,1000,0,0,0,0,0
2025-12-15 00:45:24.978,SERVO_OUTPUT_RAW,680209800,SERVO_OUTPUT_RAW,0,0,0,0,0,0,0,0,1000,1000,1000,1000,0,0,0,0,0
2025-12-15 00:45:25.074,SERVO_OUTPUT_RAW,680309783,SERVO_OUTPUT_RAW,0,0,0,0,0,0,0,0,1000,1000,1000,1000,0,0,0,0,0
2025-12-15 00:45:25.174,SERVO_OUTPUT_RAW,680409784,SERVO_OUTPUT_RAW,0,0,0,0,0,0,0,0,1000,1000,1000,1000,0,0,0,0,0
2025-12-15 00:45:25.273,SERVO_OUTPUT_RAW,680509822,SERVO_OUTPUT_RAW,0,0,0,0,0,0,0,0,1000,1000,1000,1000,0,0,0,0,0
2025-12-15 00:45:25.374,SERVO_OUTPUT_RAW,680609871,SERVO_OUTPUT_RAW,0,0,0,0,0,0,0,0,1000,1000,1000,1000,0,0,0,0,0
2025-12-15 00:45:25.474,SERVO_OUTPUT_RAW,680709853,SERVO_OUTPUT_RAW,0,0,0,0,0,0,0,0,1000,1000,1000,1000,0,0,0,0,0
2025-12-15 00:45:25.573,SERVO_OUTPUT_RAW,680809777,SERVO_OUTPUT_RAW,0,0,0,0,0,0,0,0,1000,1000,1000,1000,0,0,0,0,0
2025-12-15 00:45:25.674,SERVO_OUTPUT_RAW,680909823,SERVO_OUTPUT_RAW,0,0,0,0,0,0,0,0,1000,1000,1000,1000,0,0,0,0,0
2025-12-15 00:45:25.773,SERVO_OUTPUT_RAW,681009856,SERVO_OUTPUT_RAW,0,0,0,0,0,0,0,0,1000,1000,1000,1000,0,0,0,0,0
2025-12-15 00:45:25.874,SERVO_OUTPUT_RAW,681109803,SERVO_OUTPUT_RAW,0,0,0,0,0,0,0,0,1000,1000,1000,1000,0,0,0,0,0
2025-12-15 00:45:25.974,SERVO_OUTPUT_RAW,681209783,SERVO_OUTPUT_RAW,0,0,0,0,0,0,0,0,1000,1000,1000,1000,0,0,0,0,0
2025-12-15 00:45:26.074,SERVO_OUTPUT_RAW,681309930,SERVO_OUTPUT_RAW,0,0,0,0,0,0,0,0,1000,1000,1000,1000,0,0,0,0,0
2025-12-15 00:45:26.174,SERVO_OUTPUT_RAW,681409813,SERVO_OUTPUT_RAW,0,0,0,0,0,0,0,0,1000,1000,1000,1000,0,0,0,0,0
2025-12-15 00:45:26.273,SERVO_OUTPUT_RAW,681509811,SERVO_OUTPUT_RAW,0,0,0,0,0,0,0,0,1000,1000,1000,1000,0,0,0,0,0
2025-12-15 00:45:26.374,SERVO_OUTPUT_RAW,681609810,SERVO_OUTPUT_RAW,0,0,0,0,0,0,0,0,1000,1000,1000,1000,0,0,0,0,0
2025-12-15 00:45:26.474,SERVO_OUTPUT_RAW,681709799,SERVO_OUTPUT_RAW,0,0,0,0,0,0,0,0,1000,1000,1000,1000,0,0,0,0,0
2025-12-15 00:45:26.574,SERVO_OUTPUT_RAW,681809791,SERVO_OUTPUT_RAW,0,0,0,0,0,0,0,0,1000,1000,1000,1000,0,0,0,0,0
2025-12-15 00:45:26.674,SERVO_OUTPUT_RAW,681909806,SERVO_OUTPUT_RAW,0,0,0,0,0,0,0,0,1000,1000,1000,1000,0,0,0,0,0
2025-12-15 00:45:26.774,SERVO_OUTPUT_RAW,682009799,SERVO_OUTPUT_RAW,0,0,0,0,0,0,0,0,1000,1000,1000,1000,0,0,0,0,0
2025-12-15 00:45:26.874,SERVO_OUTPUT_RAW,682109848,SERVO_OUTPUT_RAW,0,0,0,0,0,0,0,0,1000,1000,1000,1000,0,0,0,0,0
2025-12-15 00:45:26.974,SERVO_OUTPUT_RAW,682209851,SERVO_OUTPUT_RAW,0,0,0,0,0,0,0,0,1000,1000,1000,1000,0,0,0,0,0
2025-12-15 00:45:27.074,SERVO_OUTPUT_RAW,682309811,SERVO_OUTPUT_RAW,0,0,0,0,0,0,0,0,1000,1000,1000,1000,0,0,0,0,0
2025-12-15 00:45:27.174,SERVO_OUTPUT_RAW,682409837,SERVO_OUTPUT_RAW,0,0,0,0,0,0,0,0,1000,1000,1000,1000,0,0,0,0,0
2025-12-15 00:45:27.274,SERVO_OUTPUT_RAW,682509808,SERVO_OUTPUT_RAW,0,0,0,0,0,0,0,0,1000,1000,1000,1000,0,0,0,0,0
2025-12-15 00:45:27.375,SERVO_OUTPUT_RAW,682609840,SERVO_OUTPUT_RAW,0,0,0,0,0,0,0,0,1000,1000,1000,1000,0,0,0,0,0
2025-12-15 00:45:27.474,SERVO_OUTPUT_RAW,682709777,SERVO_OUTPUT_RAW,0,0,0,0,0,0,0,0,1000,1000,1000,1000,0,0,0,0,0
2025-12-15 00:45:27.572,SERVO_OUTPUT_RAW,682809783,SERVO_OUTPUT_RAW,0,0,0,0,0,0,0,0,1000,1000,1000,1000,0,0,0,0,0
2025-12-15 00:45:27.672,SERVO_OUTPUT_RAW,682909837,SERVO_OUTPUT_RAW,0,0,0,0,0,0,0,0,1000,1000,1000,1000,0,0,0,0,0
2025-12-15 00:45:27.772,SERVO_OUTPUT_RAW,683009822,SERVO_OUTPUT_RAW,0,0,0,0,0,0,0,0,1000,1000,1000,1000,0,0,0,0,0
2025-12-15 00:45:27.872,SERVO_OUTPUT_RAW,683109792,SERVO_OUTPUT_RAW,0,0,0,0,0,0,0,0,1000,1000,1000,1000,0,0,0,0,0
2025-12-15 00:45:27.972,SERVO_OUTPUT_RAW,683209785,SERVO_OUTPUT_RAW,0,0,0,0,0,0,0,0,1000,1000,1000,1000,0,0,0,0,0
2025-12-15 00:45:28.072,SERVO_OUTPUT_RAW,683309805,SERVO_OUTPUT_RAW,0,0,0,0,0,0,0,0,1000,1000,1000,1000,0,0,0,0,0
2025-12-15 00:45:28.172,SERVO_OUTPUT_RAW,683409858,SERVO_OUTPUT_RAW,0,0,0,0,0,0,0,0,1000,1000,1000,1000,0,0,0,0,0
2025-12-15 00:45:28.272,SERVO_OUTPUT_RAW,683509799,SERVO_OUTPUT_RAW,0,0,0,0,0,0,0,0,1000,1000,1000,1000,0,0,0,0,0
2025-12-15 00:45:28.372,SERVO_OUTPUT_RAW,683609835,SERVO_OUTPUT_RAW,0,0,0,0,0,0,0,0,1000,1000,1000,1000,0,0,0,0,0
2025-12-15 00:45:28.472,SERVO_OUTPUT_RAW,683709834,SERVO_OUTPUT_RAW,0,0,0,0,0,0,0,0,1000,1000,1000,1000,0,0,0,0,0
2025-12-15 00:45:28.572,SERVO_OUTPUT_RAW,683809788,SERVO_OUTPUT_RAW,0,0,0,0,0,0,0,0,1000,1000,1000,1000,0,0,0,0,0
2025-12-15 00:45:28.672,SERVO_OUTPUT_RAW,683909804,SERVO_OUTPUT_RAW,0,0,0,0,0,0,0,0,1000,1000,1000,1000,0,0,0,0,0
2025-12-15 00:45:28.772,SERVO_OUTPUT_RAW,684009829,SERVO_OUTPUT_RAW,0,0,0,0,0,0,0,0,1000,1000,1000,1000,0,0,0,0,0
2025-12-15 00:45:28.872,SERVO_OUTPUT_RAW,684109855,SERVO_OUTPUT_RAW,0,0,0,0,0,0,0,0,1000,1000,1000,1000,0,0,0,0,0
2025-12-15 00:45:28.972,SERVO_OUTPUT_RAW,684209904,SERVO_OUTPUT_RAW,0,0,0,0,0,0,0,0,1000,1000,1000,1000,0,0,0,0,0
2025-12-15 00:45:29.072,SERVO_OUTPUT_RAW,684309792,SERVO_OUTPUT_RAW,0,0,0,0,0,0,0,0,1000,1000,1000,1000,0,0,0,0,0
2025-12-15 00:45:29.172,SERVO_OUTPUT_RAW,684409805,SERVO_OUTPUT_RAW,0,0,0,0,0,0,0,0,1000,1000,1000,1000,0,0,0,0,0
2025-12-15 00:45:29.272,SERVO_OUTPUT_RAW,684509831,SERVO_OUTPUT_RAW,0,0,0,0,0,0,0,0,1000,1000,1000,1000,0,0,0,0,0
2025-12-15 00:45:29.372,SERVO_OUTPUT_RAW,684609788,SERVO_OUTPUT_RAW,0,0,0,0,0,0,0,0,1000,1000,1000,1000,0,0,0,0,0
2025-12-15 00:45:29.472,SERVO_OUTPUT_RAW,684709770,SERVO_OUTPUT_RAW,0,0,0,0,0,0,0,0,1000,1000,1000,1000,0,0,0,0,0
2025-12-15 00:45:29.572,SERVO_OUTPUT_RAW,684809805,SERVO_OUTPUT_RAW,0,0,0,0,0,0,0,0,1000,1000,1000,1000,0,0,0,0,0
2025-12-15 00:45:29.672,SERVO_OUTPUT_RAW,684909779,SERVO_OUTPUT_RAW,0,0,0,0,0,0,0,0,1000,1000,1000,1000,0,0,0,0,0
2025-12-15 00:45:29.772,SERVO_OUTPUT_RAW,685009787,SERVO_OUTPUT_RAW,0,0,0,0,0,0,0,0,1000,1000,1000,1000,0,0,0,0,0
2025-12-15 00:45:29.872,SERVO_OUTPUT_RAW,685109854,SERVO_OUTPUT_RAW,0,0,0,0,0,0,0,0,1000,1000,1000,1000,0,0,0,0,0
2025-12-15 00:45:29.972,SERVO_OUTPUT_RAW,685209829,SERVO_OUTPUT_RAW,0,0,0,0,0,0,0,0,1000,1000,1000,1000,0,0,0,0,0
2025-12-15 00:45:30.072,SERVO_OUTPUT_RAW,685309841,SERVO_OUTPUT_RAW,0,0,0,0,0,0,0,0,1000,1000,1000,1000,0,0,0,0,0
2025-12-15 00:45:30.172,SERVO_OUTPUT_RAW,685409811,SERVO_OUTPUT_RAW,0,0,0,0,0,0,0,0,1000,1000,1000,1000,0,0,0,0,0
2025-12-15 00:45:30.272,SERVO_OUTPUT_RAW,685512101,SERVO_OUTPUT_RAW,0,0,0,0,0,0,0,0,1000,1000,1000,1000,0,0,0,0,0
2025-12-15 00:45:30.372,SERVO_OUTPUT_RAW,685609833,SERVO_OUTPUT_RAW,0,0,0,0,0,0,0,0,1000,1000,1000,1000,0,0,0,0,0
2025-12-15 00:45:30.472,SERVO_OUTPUT_RAW,685709854,SERVO_OUTPUT_RAW,0,0,0,0,0,0,0,0,1000,1000,1000,1000,0,0,0,0,0
2025-12-15 00:45:30.572,SERVO_OUTPUT_RAW,685809811,SERVO_OUTPUT_RAW,0,0,0,0,0,0,0,0,1000,1000,1000,1000,0,0,0,0,0
2025-12-15 00:45:30.672,SERVO_OUTPUT_RAW,685909776,SERVO_OUTPUT_RAW,0,0,0,0,0,0,0,0,1000,1000,1000,1000,0,0,0,0,0
2025-12-15 00:45:30.772,SERVO_OUTPUT_RAW,686009821,SERVO_OUTPUT_RAW,0,0,0,0,0,0,0,0,1000,1000,1000,1000,0,0,0,0,0
2025-12-15 00:45:30.872,SERVO_OUTPUT_RAW,686109804,SERVO_OUTPUT_RAW,0,0,0,0,0,0,0,0,1000,1000,1000,1000,0,0,0,0,0
2025-12-15 00:45:30.972,SERVO_OUTPUT_RAW,686209789,SERVO_OUTPUT_RAW,0,0,0,0,0,0,0,0,1000,1000,1000,1000,0,0,0,0,0
2025-12-15 00:45:31.072,SERVO_OUTPUT_RAW,686309781,SERVO_OUTPUT_RAW,0,0,0,0,0,0,0,0,1000,1000,1000,1000,0,0,0,0,0
2025-12-15 00:45:31.172,SERVO_OUTPUT_RAW,686409806,SERVO_OUTPUT_RAW,0,0,0,0,0,0,0,0,1000,1000,1000,1000,0,0,0,0,0
2025-12-15 00:45:31.272,SERVO_OUTPUT_RAW,686509799,SERVO_OUTPUT_RAW,0,0,0,0,0,0,0,0,1000,1000,1000,1000,0,0,0,0,0
2025-12-15 00:45:31.372,SERVO_OUTPUT_RAW,686609796,SERVO_OUTPUT_RAW,0,0,0,0,0,0,0,0,1000,1000,1000,1000,0,0,0,0,0
2025-12-15 00:45:31.472,SERVO_OUTPUT_RAW,686709809,SERVO_OUTPUT_RAW,0,0,0,0,0,0,0,0,1000,1000,1000,1000,0,0,0,0,0
2025-12-15 00:45:31.572,SERVO_OUTPUT_RAW,686809849,SERVO_OUTPUT_RAW,0,0,0,0,0,0,0,0,1000,1000,1000,1000,0,0,0,0,0
2025-12-15 00:45:31.672,SERVO_OUTPUT_RAW,686909863,SERVO_OUTPUT_RAW,0,0,0,0,0,0,0,0,1000,1000,1000,1000,0,0,0,0,0
2025-12-15 00:45:31.772,SERVO_OUTPUT_RAW,687009785,SERVO_OUTPUT_RAW,0,0,0,0,0,0,0,0,1000,1000,1000,1000,0,0,0,0,0
2025-12-15 00:45:31.872,SERVO_OUTPUT_RAW,687109806,SERVO_OUTPUT_RAW,0,0,0,0,0,0,0,0,1000,1000,1000,1000,0,0,0,0,0
2025-12-15 00:45:31.972,SERVO_OUTPUT_RAW,687209828,SERVO_OUTPUT_RAW,0,0,0,0,0,0,0,0,1000,1000,1000,1000,0,0,0,0,0
2025-12-15 00:45:32.072,SERVO_OUTPUT_RAW,687309830,SERVO_OUTPUT_RAW,0,0,0,0,0,0,0,0,1000,1000,1000,1000,0,0,0,0,0
2025-12-15 00:45:32.172,SERVO_OUTPUT_RAW,687409838,SERVO_OUTPUT_RAW,0,0,0,0,0,0,0,0,1000,1000,1000,1000,0,0,0,0,0
2025-12-15 00:45:32.272,SERVO_OUTPUT_RAW,687509800,SERVO_OUTPUT_RAW,0,0,0,0,0,0,0,0,1000,1000,1000,1000,0,0,0,0,0
2025-12-15 00:45:32.373,SERVO_OUTPUT_RAW,687612209,SERVO_OUTPUT_RAW,0,0,0,0,0,0,0,0,1000,1000,1000,1000,0,0,0,0,0
2025-12-15 00:45:32.472,SERVO_OUTPUT_RAW,687709777,SERVO_OUTPUT_RAW,0,0,0,0,0,0,0,0,1000,1000,1000,1000,0,0,0,0,0
2025-12-15 00:45:32.576,SERVO_OUTPUT_RAW,687809794,SERVO_OUTPUT_RAW,0,0,0,0,0,0,0,0,1000,1000,1000,1000,0,0,0,0,0
2025-12-15 00:45:32.674,SERVO_OUTPUT_RAW,687909778,SERVO_OUTPUT_RAW,0,0,0,0,0,0,0,0,1000,1000,1000,1000,0,0,0,0,0
2025-12-15 00:45:32.774,SERVO_OUTPUT_RAW,688009775,SERVO_OUTPUT_RAW,0,0,0,0,0,0,0,0,1000,1000,1000,1000,0,0,0,0,0
2025-12-15 00:45:32.873,SERVO_OUTPUT_RAW,688109795,SERVO_OUTPUT_RAW,0,0,0,0,0,0,0,0,1000,1000,1000,1000,0,0,0,0,0
2025-12-15 00:45:32.974,SERVO_OUTPUT_RAW,688209777,SERVO_OUTPUT_RAW,0,0,0,0,0,0,0,0,1000,1000,1000,1000,0,0,0,0,0
2025-12-15 00:45:33.074,SERVO_OUTPUT_RAW,688309809,SERVO_OUTPUT_RAW,0,0,0,0,0,0,0,0,1000,1000,1000,1000,0,0,0,0,0
2025-12-15 00:45:33.173,SERVO_OUTPUT_RAW,688409835,SERVO_OUTPUT_RAW,0,0,0,0,0,0,0,0,1000,1000,1000,1000,0,0,0,0,0
2025-12-15 00:45:33.273,SERVO_OUTPUT_RAW,688509791,SERVO_OUTPUT_RAW,0,0,0,0,0,0,0,0,1000,1000,1000,1000,0,0,0,0,0
2025-12-15 00:45:33.373,SERVO_OUTPUT_RAW,688609827,SERVO_OUTPUT_RAW,0,0,0,0,0,0,0,0,1000,1000,1000,1000,0,0,0,0,0
2025-12-15 00:45:33.475,SERVO_OUTPUT_RAW,688709837,SERVO_OUTPUT_RAW,0,0,0,0,0,0,0,0,1000,1000,1000,1000,0,0,0,0,0
2025-12-15 00:45:33.573,SERVO_OUTPUT_RAW,688809842,SERVO_OUTPUT_RAW,0,0,0,0,0,0,0,0,1000,1000,1000,1000,0,0,0,0,0
2025-12-15 00:45:33.674,SERVO_OUTPUT_RAW,688909836,SERVO_OUTPUT_RAW,0,0,0,0,0,0,0,0,1000,1000,1000,1000,0,0,0,0,0
2025-12-15 00:45:33.773,SERVO_OUTPUT_RAW,689009783,SERVO_OUTPUT_RAW,0,0,0,0,0,0,0,0,1000,1000,1000,1000,0,0,0,0,0
2025-12-15 00:45:33.874,SERVO_OUTPUT_RAW,689109818,SERVO_OUTPUT_RAW,0,0,0,0,0,0,0,0,1000,1000,1000,1000,0,0,0,0,0
2025-12-15 00:45:33.974,SERVO_OUTPUT_RAW,689209830,SERVO_OUTPUT_RAW,0,0,0,0,0,0,0,0,1000,1000,1000,1000,0,0,0,0,0
2025-12-15 00:45:34.074,SERVO_OUTPUT_RAW,689309785,SERVO_OUTPUT_RAW,0,0,0,0,0,0,0,0,1000,1000,1000,1000,0,0,0,0,0
2025-12-15 00:45:34.174,SERVO_OUTPUT_RAW,689409774,SERVO_OUTPUT_RAW,0,0,0,0,0,0,0,0,1000,1000,1000,1000,0,0,0,0,0
2025-12-15 00:45:34.274,SERVO_OUTPUT_RAW,689509789,SERVO_OUTPUT_RAW,0,0,0,0,0,0,0,0,1000,1000,1000,1000,0,0,0,0,0
2025-12-15 00:45:34.374,SERVO_OUTPUT_RAW,689609812,SERVO_OUTPUT_RAW,0,0,0,0,0,0,0,0,1000,1000,1000,1000,0,0,0,0,0
2025-12-15 00:45:34.474,SERVO_OUTPUT_RAW,689709869,SERVO_OUTPUT_RAW,0,0,0,0,0,0,0,0,1000,1000,1000,1000,0,0,0,0,0
2025-12-15 00:45:34.574,SERVO_OUTPUT_RAW,689809790,SERVO_OUTPUT_RAW,0,0,0,0,0,0,0,0,1000,1000,1000,1000,0,0,0,0,0
2025-12-15 00:45:34.674,SERVO_OUTPUT_RAW,689909843,SERVO_OUTPUT_RAW,0,0,0,0,0,0,0,0,1000,1000,1000,1000,0,0,0,0,0
2025-12-15 00:45:34.774,SERVO_OUTPUT_RAW,690009844,SERVO_OUTPUT_RAW,0,0,0,0,0,0,0,0,1000,1000,1000,1000,0,0,0,0,0
2025-12-15 00:45:34.875,SERVO_OUTPUT_RAW,690109808,SERVO_OUTPUT_RAW,0,0,0,0,0,0,0,0,1000,1000,1000,1000,0,0,0,0,0
2025-12-15 00:45:34.974,SERVO_OUTPUT_RAW,690209815,SERVO_OUTPUT_RAW,0,0,0,0,0,0,0,0,1000,1000,1000,1000,0,0,0,0,0
2025-12-15 00:45:35.074,SERVO_OUTPUT_RAW,690309844,SERVO_OUTPUT_RAW,0,0,0,0,0,0,0,0,1000,1000,1000,1000,0,0,0,0,0
2025-12-15 00:45:35.174,SERVO_OUTPUT_RAW,690409827,SERVO_OUTPUT_RAW,0,0,0,0,0,0,0,0,1000,1000,1000,1000,0,0,0,0,0
2025-12-15 00:45:35.274,SERVO_OUTPUT_RAW,690509841,SERVO_OUTPUT_RAW,0,0,0,0,0,0,0,0,1000,1000,1000,1000,0,0,0,0,0
2025-12-15 00:45:35.374,SERVO_OUTPUT_RAW,690609814,SERVO_OUTPUT_RAW,0,0,0,0,0,0,0,0,1000,1000,1000,1000,0,0,0,0,0
2025-12-15 00:45:35.474,SERVO_OUTPUT_RAW,690709821,SERVO_OUTPUT_RAW,0,0,0,0,0,0,0,0,1000,1000,1000,1000,0,0,0,0,0
2025-12-15 00:45:35.574,SERVO_OUTPUT_RAW,690809819,SERVO_OUTPUT_RAW,0,0,0,0,0,0,0,0,1000,1000,1000,1000,0,0,0,0,0
2025-12-15 00:45:35.674,SERVO_OUTPUT_RAW,690909793,SERVO_OUTPUT_RAW,0,0,0,0,0,0,0,0,1000,1000,1000,1000,0,0,0,0,0
2025-12-15 00:45:35.774,SERVO_OUTPUT_RAW,691009786,SERVO_OUTPUT_RAW,0,0,0,0,0,0,0,0,1000,1000,1000,1000,0,0,0,0,0
2025-12-15 00:45:35.874,SERVO_OUTPUT_RAW,691109801,SERVO_OUTPUT_RAW,0,0,0,0,0,0,0,0,1000,1000,1000,1000,0,0,0,0,0
2025-12-15 00:45:35.974,SERVO_OUTPUT_RAW,691209783,SERVO_OUTPUT_RAW,0,0,0,0,0,0,0,0,1000,1000,1000,1000,0,0,0,0,0
2025-12-15 00:45:36.074,SERVO_OUTPUT_RAW,691309796,SERVO_OUTPUT_RAW,0,0,0,0,0,0,0,0,1000,1000,1000,1000,0,0,0,0,0
2025-12-15 00:45:36.174,SERVO_OUTPUT_RAW,691409810,SERVO_OUTPUT_RAW,0,0,0,0,0,0,0,0,1000,1000,1000,1000,0,0,0,0,0
2025-12-15 00:45:36.274,SERVO_OUTPUT_RAW,691509822,SERVO_OUTPUT_RAW,0,0,0,0,0,0,0,0,1000,1000,1000,1000,0,0,0,0,0
2025-12-15 00:45:36.374,SERVO_OUTPUT_RAW,691609864,SERVO_OUTPUT_RAW,0,0,0,0,0,0,0,0,1000,1000,1000,1000,0,0,0,0,0
2025-12-15 00:45:36.474,SERVO_OUTPUT_RAW,691709796,SERVO_OUTPUT_RAW,0,0,0,0,0,0,0,0,1000,1000,1000,1000,0,0,0,0,0
2025-12-15 00:45:36.574,SERVO_OUTPUT_RAW,691812121,SERVO_OUTPUT_RAW,0,0,0,0,0,0,0,0,1000,1000,1000,1000,0,0,0,0,0
2025-12-15 00:45:36.674,SERVO_OUTPUT_RAW,691909856,SERVO_OUTPUT_RAW,0,0,0,0,0,0,0,0,1000,1000,1000,1000,0,0,0,0,0
2025-12-15 00:45:36.774,SERVO_OUTPUT_RAW,692009844,SERVO_OUTPUT_RAW,0,0,0,0,0,0,0,0,1000,1000,1000,1000,0,0,0,0,0
2025-12-15 00:45:36.874,SERVO_OUTPUT_RAW,692109793,SERVO_OUTPUT_RAW,0,0,0,0,0,0,0,0,1000,1000,1000,1000,0,0,0,0,0
2025-12-15 00:45:36.974,SERVO_OUTPUT_RAW,692209812,SERVO_OUTPUT_RAW,0,0,0,0,0,0,0,0,1000,1000,1000,1000,0,0,0,0,0
2025-12-15 00:45:37.074,SERVO_OUTPUT_RAW,692309829,SERVO_OUTPUT_RAW,0,0,0,0,0,0,0,0,1000,1000,1000,1000,0,0,0,0,0
2025-12-15 00:45:37.174,SERVO_OUTPUT_RAW,692409780,SERVO_OUTPUT_RAW,0,0,0,0,0,0,0,0,1000,1000,1000,1000,0,0,0,0,0
2025-12-15 00:45:37.274,SERVO_OUTPUT_RAW,692509776,SERVO_OUTPUT_RAW,0,0,0,0,0,0,0,0,1000,1000,1000,1000,0,0,0,0,0
2025-12-15 00:45:37.374,SERVO_OUTPUT_RAW,692609815,SERVO_OUTPUT_RAW,0,0,0,0,0,0,0,0,1000,1000,1000,1000,0,0,0,0,0
2025-12-15 00:45:37.477,SERVO_OUTPUT_RAW,692709783,SERVO_OUTPUT_RAW,0,0,0,0,0,0,0,0,1000,1000,1000,1000,0,0,0,0,0
2025-12-15 00:45:37.574,SERVO_OUTPUT_RAW,692809781,SERVO_OUTPUT_RAW,0,0,0,0,0,0,0,0,1000,1000,1000,1000,0,0,0,0,0
2025-12-15 00:45:37.674,SERVO_OUTPUT_RAW,692909808,SERVO_OUTPUT_RAW,0,0,0,0,0,0,0,0,1000,1000,1000,1000,0,0,0,0,0
2025-12-15 00:45:37.774,SERVO_OUTPUT_RAW,693009848,SERVO_OUTPUT_RAW,0,0,0,0,0,0,0,0,1000,1000,1000,1000,0,0,0,0,0
2025-12-15 00:45:37.874,SERVO_OUTPUT_RAW,693109794,SERVO_OUTPUT_RAW,0,0,0,0,0,0,0,0,1000,1000,1000,1000,0,0,0,0,0
2025-12-15 00:45:37.974,SERVO_OUTPUT_RAW,693212158,SERVO_OUTPUT_RAW,0,0,0,0,0,0,0,0,1000,1000,1000,1000,0,0,0,0,0
2025-12-15 00:45:38.075,SERVO_OUTPUT_RAW,693309806,SERVO_OUTPUT_RAW,0,0,0,0,0,0,0,0,1000,1000,1000,1000,0,0,0,0,0
2025-12-15 00:45:38.174,SERVO_OUTPUT_RAW,693409814,SERVO_OUTPUT_RAW,0,0,0,0,0,0,0,0,1000,1000,1000,1000,0,0,0,0,0
2025-12-15 00:45:38.275,SERVO_OUTPUT_RAW,693509844,SERVO_OUTPUT_RAW,0,0,0,0,0,0,0,0,1000,1000,1000,1000,0,0,0,0,0
2025-12-15 00:45:38.375,SERVO_OUTPUT_RAW,693609864,SERVO_OUTPUT_RAW,0,0,0,0,0,0,0,0,1000,1000,1000,1000,0,0,0,0,0
2025-12-15 00:45:38.474,SERVO_OUTPUT_RAW,693709780,SERVO_OUTPUT_RAW,0,0,0,0,0,0,0,0,1000,1000,1000,1000,0,0,0,0,0
2025-12-15 00:45:38.576,SERVO_OUTPUT_RAW,693809810,SERVO_OUTPUT_RAW,0,0,0,0,0,0,0,0,1000,1000,1000,1000,0,0,0,0,0
2025-12-15 00:45:38.674,SERVO_OUTPUT_RAW,693909880,SERVO_OUTPUT_RAW,0,0,0,0,0,0,0,0,1000,1000,1000,1000,0,0,0,0,0
2025-12-15 00:45:38.774,SERVO_OUTPUT_RAW,694009789,SERVO_OUTPUT_RAW,0,0,0,0,0,0,0,0,1000,1000,1000,1000,0,0,0,0,0
2025-12-15 00:45:38.874,SERVO_OUTPUT_RAW,694109810,SERVO_OUTPUT_RAW,0,0,0,0,0,0,0,0,1000,1000,1000,1000,0,0,0,0,0
2025-12-15 00:45:38.974,SERVO_OUTPUT_RAW,694209805,SERVO_OUTPUT_RAW,0,0,0,0,0,0,0,0,1000,1000,1000,1000,0,0,0,0,0
2025-12-15 00:45:39.074,SERVO_OUTPUT_RAW,694309788,SERVO_OUTPUT_RAW,0,0,0,0,0,0,0,0,1000,1000,1000,1000,0,0,0,0,0
2025-12-15 00:45:39.174,SERVO_OUTPUT_RAW,694409785,SERVO_OUTPUT_RAW,0,0,0,0,0,0,0,0,1000,1000,1000,1000,0,0,0,0,0
2025-12-15 00:45:39.275,SERVO_OUTPUT_RAW,694509818,SERVO_OUTPUT_RAW,0,0,0,0,0,0,0,0,1000,1000,1000,1000,0,0,0,0,0
2025-12-15 00:45:39.375,SERVO_OUTPUT_RAW,694609834,SERVO_OUTPUT_RAW,0,0,0,0,0,0,0,0,1000,1000,1000,1000,0,0,0,0,0
2025-12-15 00:45:39.475,SERVO_OUTPUT_RAW,694709788,SERVO_OUTPUT_RAW,0,0,0,0,0,0,0,0,1000,1000,1000,1000,0,0,0,0,0
2025-12-15 00:45:39.575,SERVO_OUTPUT_RAW,694809807,SERVO_OUTPUT_RAW,0,0,0,0,0,0,0,0,1000,1000,1000,1000,0,0,0,0,0
2025-12-15 00:45:39.674,SERVO_OUTPUT_RAW,694909811,SERVO_OUTPUT_RAW,0,0,0,0,0,0,0,0,1000,1000,1000,1000,0,0,0,0,0
2025-12-15 00:45:39.775,SERVO_OUTPUT_RAW,695009855,SERVO_OUTPUT_RAW,0,0,0,0,0,0,0,0,1000,1000,1000,1000,0,0,0,0,0
2025-12-15 00:45:39.876,SERVO_OUTPUT_RAW,695109855,SERVO_OUTPUT_RAW,0,0,0,0,0,0,0,0,1000,1000,1000,1000,0,0,0,0,0
2025-12-15 00:45:39.975,SERVO_OUTPUT_RAW,695209789,SERVO_OUTPUT_RAW,0,0,0,0,0,0,0,0,1000,1000,1000,1000,0,0,0,0,0
2025-12-15 00:45:40.075,SERVO_OUTPUT_RAW,695309804,SERVO_OUTPUT_RAW,0,0,0,0,0,0,0,0,1000,1000,1000,1000,0,0,0,0,0
2025-12-15 00:45:40.175,SERVO_OUTPUT_RAW,695409823,SERVO_OUTPUT_RAW,0,0,0,0,0,0,0,0,1000,1000,1000,1000,0,0,0,0,0
2025-12-15 00:45:40.275,SERVO_OUTPUT_RAW,695509845,SERVO_OUTPUT_RAW,0,0,0,0,0,0,0,0,1000,1000,1000,1000,0,0,0,0,0
2025-12-15 00:45:40.375,SERVO_OUTPUT_RAW,695609782,SERVO_OUTPUT_RAW,0,0,0,0,0,0,0,0,1000,1000,1000,1000,0,0,0,0,0
2025-12-15 00:45:40.475,SERVO_OUTPUT_RAW,695709784,SERVO_OUTPUT_RAW,0,0,0,0,0,0,0,0,1000,1000,1000,1000,0,0,0,0,0
2025-12-15 00:45:40.575,SERVO_OUTPUT_RAW,695809778,SERVO_OUTPUT_RAW,0,0,0,0,0,0,0,0,1000,1000,1000,1000,0,0,0,0,0
2025-12-15 00:45:40.675,SERVO_OUTPUT_RAW,695909799,SERVO_OUTPUT_RAW,0,0,0,0,0,0,0,0,1000,1000,1000,1000,0,0,0,0,0
2025-12-15 00:45:40.775,SERVO_OUTPUT_RAW,696009879,SERVO_OUTPUT_RAW,0,0,0,0,0,0,0,0,1000,1000,1000,1000,0,0,0,0,0
2025-12-15 00:45:40.875,SERVO_OUTPUT_RAW,696112151,SERVO_OUTPUT_RAW,0,0,0,0,0,0,0,0,1000,1000,1000,1000,0,0,0,0,0
2025-12-15 00:45:40.975,SERVO_OUTPUT_RAW,696209833,SERVO_OUTPUT_RAW,0,0,0,0,0,0,0,0,1000,1000,1000,1000,0,0,0,0,0
2025-12-15 00:45:41.075,SERVO_OUTPUT_RAW,696309853,SERVO_OUTPUT_RAW,0,0,0,0,0,0,0,0,1000,1000,1000,1000,0,0,0,0,0
2025-12-15 00:45:41.175,SERVO_OUTPUT_RAW,696409787,SERVO_OUTPUT_RAW,0,0,0,0,0,0,0,0,1000,1000,1000,1000,0,0,0,0,0
2025-12-15 00:45:41.275,SERVO_OUTPUT_RAW,696509842,SERVO_OUTPUT_RAW,0,0,0,0,0,0,0,0,1000,1000,1000,1000,0,0,0,0,0
2025-12-15 00:45:41.375,SERVO_OUTPUT_RAW,696609849,SERVO_OUTPUT_RAW,0,0,0,0,0,0,0,0,1000,1000,1000,1000,0,0,0,0,0
2025-12-15 00:45:41.475,SERVO_OUTPUT_RAW,696709784,SERVO_OUTPUT_RAW,0,0,0,0,0,0,0,0,1000,1000,1000,1000,0,0,0,0,0
2025-12-15 00:45:41.575,SERVO_OUTPUT_RAW,696809802,SERVO_OUTPUT_RAW,0,0,0,0,0,0,0,0,1000,1000,1000,1000,0,0,0,0,0
2025-12-15 00:45:41.675,SERVO_OUTPUT_RAW,696909812,SERVO_OUTPUT_RAW,0,0,0,0,0,0,0,0,1000,1000,1000,1000,0,0,0,0,0
2025-12-15 00:45:41.775,SERVO_OUTPUT_RAW,697009824,SERVO_OUTPUT_RAW,0,0,0,0,0,0,0,0,1000,1000,1000,1000,0,0,0,0,0
2025-12-15 00:45:41.875,SERVO_OUTPUT_RAW,697109818,SERVO_OUTPUT_RAW,0,0,0,0,0,0,0,0,1000,1000,1000,1000,0,0,0,0,0
2025-12-15 00:45:41.975,SERVO_OUTPUT_RAW,697209775,SERVO_OUTPUT_RAW,0,0,0,0,0,0,0,0,1000,1000,1000,1000,0,0,0,0,0
2025-12-15 00:45:42.075,SERVO_OUTPUT_RAW,697309782,SERVO_OUTPUT_RAW,0,0,0,0,0,0,0,0,1000,1000,1000,1000,0,0,0,0,0
2025-12-15 00:45:42.175,SERVO_OUTPUT_RAW,697409779,SERVO_OUTPUT_RAW,0,0,0,0,0,0,0,0,1000,1000,1000,1000,0,0,0,0,0
2025-12-15 00:45:42.274,SERVO_OUTPUT_RAW,697509791,SERVO_OUTPUT_RAW,0,0,0,0,0,0,0,0,1000,1000,1000,1000,0,0,0,0,0
2025-12-15 00:45:42.377,SERVO_OUTPUT_RAW,697609798,SERVO_OUTPUT_RAW,0,0,0,0,0,0,0,0,1000,1000,1000,1000,0,0,0,0,0
2025-12-15 00:45:42.475,SERVO_OUTPUT_RAW,697709838,SERVO_OUTPUT_RAW,0,0,0,0,0,0,0,0,1000,1000,1000,1000,0,0,0,0,0
2025-12-15 00:45:42.573,SERVO_OUTPUT_RAW,697809843,SERVO_OUTPUT_RAW,0,0,0,0,0,0,0,0,1000,1000,1000,1000,0,0,0,0,0
2025-12-15 00:45:42.672,SERVO_OUTPUT_RAW,697909809,SERVO_OUTPUT_RAW,0,0,0,0,0,0,0,0,1000,1000,1000,1000,0,0,0,0,0
2025-12-15 00:45:42.773,SERVO_OUTPUT_RAW,698009835,SERVO_OUTPUT_RAW,0,0,0,0,0,0,0,0,1000,1000,1000,1000,0,0,0,0,0
2025-12-15 00:45:42.873,SERVO_OUTPUT_RAW,698112074,SERVO_OUTPUT_RAW,0,0,0,0,0,0,0,0,1000,1000,1000,1000,0,0,0,0,0
2025-12-15 00:45:42.973,SERVO_OUTPUT_RAW,698209837,SERVO_OUTPUT_RAW,0,0,0,0,0,0,0,0,1000,1000,1000,1000,0,0,0,0,0
2025-12-15 00:45:43.073,SERVO_OUTPUT_RAW,698309782,SERVO_OUTPUT_RAW,0,0,0,0,0,0,0,0,1000,1000,1000,1000,0,0,0,0,0
2025-12-15 00:45:43.172,SERVO_OUTPUT_RAW,698409816,SERVO_OUTPUT_RAW,0,0,0,0,0,0,0,0,1000,1000,1000,1000,0,0,0,0,0
2025-12-15 00:45:43.272,SERVO_OUTPUT_RAW,698509820,SERVO_OUTPUT_RAW,0,0,0,0,0,0,0,0,1000,1000,1000,1000,0,0,0,0,0
2025-12-15 00:45:43.373,SERVO_OUTPUT_RAW,698609823,SERVO_OUTPUT_RAW,0,0,0,0,0,0,0,0,1000,1000,1000,1000,0,0,0,0,0
2025-12-15 00:45:43.473,SERVO_OUTPUT_RAW,698709787,SERVO_OUTPUT_RAW,0,0,0,0,0,0,0,0,1000,1000,1000,1000,0,0,0,0,0
2025-12-15 00:45:43.572,SERVO_OUTPUT_RAW,698809785,SERVO_OUTPUT_RAW,0,0,0,0,0,0,0,0,1000,1000,1000,1000,0,0,0,0,0
2025-12-15 00:45:43.672,SERVO_OUTPUT_RAW,698909786,SERVO_OUTPUT_RAW,0,0,0,0,0,0,0,0,1000,1000,1000,1000,0,0,0,0,0
2025-12-15 00:45:43.772,SERVO_OUTPUT_RAW,699009814,SERVO_OUTPUT_RAW,0,0,0,0,0,0,0,0,1000,1000,1000,1000,0,0,0,0,0
2025-12-15 00:45:43.872,SERVO_OUTPUT_RAW,699109783,SERVO_OUTPUT_RAW,0,0,0,0,0,0,0,0,1000,1000,1000,1000,0,0,0,0,0
2025-12-15 00:45:43.972,SERVO_OUTPUT_RAW,699209805,SERVO_OUTPUT_RAW,0,0,0,0,0,0,0,0,1000,1000,1000,1000,0,0,0,0,0
2025-12-15 00:45:44.072,SERVO_OUTPUT_RAW,699309830,SERVO_OUTPUT_RAW,0,0,0,0,0,0,0,0,1000,1000,1000,1000,0,0,0,0,0
2025-12-15 00:45:44.172,SERVO_OUTPUT_RAW,699409790,SERVO_OUTPUT_RAW,0,0,0,0,0,0,0,0,1000,1000,1000,1000,0,0,0,0,0
2025-12-15 00:45:44.272,SERVO_OUTPUT_RAW,699509897,SERVO_OUTPUT_RAW,0,0,0,0,0,0,0,0,1000,1000,1000,1000,0,0,0,0,0
2025-12-15 00:45:44.372,SERVO_OUTPUT_RAW,699609802,SERVO_OUTPUT_RAW,0,0,0,0,0,0,0,0,1000,1000,1000,1000,0,0,0,0,0
2025-12-15 00:45:44.472,SERVO_OUTPUT_RAW,699709836,SERVO_OUTPUT_RAW,0,0,0,0,0,0,0,0,1000,1000,1000,1000,0,0,0,0,0
2025-12-15 00:45:44.572,SERVO_OUTPUT_RAW,699809845,SERVO_OUTPUT_RAW,0,0,0,0,0,0,0,0,1000,1000,1000,1000,0,0,0,0,0
2025-12-15 00:45:44.672,SERVO_OUTPUT_RAW,699909780,SERVO_OUTPUT_RAW,0,0,0,0,0,0,0,0,1000,1000,1000,1000,0,0,0,0,0
2025-12-15 00:45:44.772,SERVO_OUTPUT_RAW,700009813,SERVO_OUTPUT_RAW,0,0,0,0,0,0,0,0,1000,1000,1000,1000,0,0,0,0,0
2025-12-15 00:45:44.872,SERVO_OUTPUT_RAW,700109810,SERVO_OUTPUT_RAW,0,0,0,0,0,0,0,0,1000,1000,1000,1000,0,0,0,0,0
2025-12-15 00:45:44.972,SERVO_OUTPUT_RAW,700209862,SERVO_OUTPUT_RAW,0,0,0,0,0,0,0,0,1000,1000,1000,1000,0,0,0,0,0
2025-12-15 00:45:45.072,SERVO_OUTPUT_RAW,700309779,SERVO_OUTPUT_RAW,0,0,0,0,0,0,0,0,1000,1000,1000,1000,0,0,0,0,0
2025-12-15 00:45:45.172,SERVO_OUTPUT_RAW,700409807,SERVO_OUTPUT_RAW,0,0,0,0,0,0,0,0,1000,1000,1000,1000,0,0,0,0,0
2025-12-15 00:45:45.272,SERVO_OUTPUT_RAW,700509790,SERVO_OUTPUT_RAW,0,0,0,0,0,0,0,0,1000,1000,1000,1000,0,0,0,0,0
2025-12-15 00:45:45.372,SERVO_OUTPUT_RAW,700609789,SERVO_OUTPUT_RAW,0,0,0,0,0,0,0,0,1000,1000,1000,1000,0,0,0,0,0
2025-12-15 00:45:45.472,SERVO_OUTPUT_RAW,700709789,SERVO_OUTPUT_RAW,0,0,0,0,0,0,0,0,1000,1000,1000,1000,0,0,0,0,0
2025-12-15 00:45:45.572,SERVO_OUTPUT_RAW,700809827,SERVO_OUTPUT_RAW,0,0,0,0,0,0,0,0,1000,1000,1000,1000,0,0,0,0,0
2025-12-15 00:45:45.672,SERVO_OUTPUT_RAW,700909843,SERVO_OUTPUT_RAW,0,0,0,0,0,0,0,0,1000,1000,1000,1000,0,0,0,0,0
2025-12-15 00:45:45.772,SERVO_OUTPUT_RAW,701009873,SERVO_OUTPUT_RAW,0,0,0,0,0,0,0,0,1000,1000,1000,1000,0,0,0,0,0
2025-12-15 00:45:45.872,SERVO_OUTPUT_RAW,701109804,SERVO_OUTPUT_RAW,0,0,0,0,0,0,0,0,1000,1000,1000,1000,0,0,0,0,0
2025-12-15 00:45:45.972,SERVO_OUTPUT_RAW,701209817,SERVO_OUTPUT_RAW,0,0,0,0,0,0,0,0,1000,1000,1000,1000,0,0,0,0,0
2025-12-15 00:45:46.072,SERVO_OUTPUT_RAW,701309917,SERVO_OUTPUT_RAW,0,0,0,0,0,0,0,0,1000,1000,1000,1000,0,0,0,0,0
2025-12-15 00:45:46.172,SERVO_OUTPUT_RAW,701409847,SERVO_OUTPUT_RAW,0,0,0,0,0,0,0,0,1000,1000,1000,1000,0,0,0,0,0
2025-12-15 00:45:46.272,SERVO_OUTPUT_RAW,701509786,SERVO_OUTPUT_RAW,0,0,0,0,0,0,0,0,1000,1000,1000,1000,0,0,0,0,0
2025-12-15 00:45:46.372,SERVO_OUTPUT_RAW,701609805,SERVO_OUTPUT_RAW,0,0,0,0,0,0,0,0,1000,1000,1000,1000,0,0,0,0,0
2025-12-15 00:45:46.472,SERVO_OUTPUT_RAW,701709817,SERVO_OUTPUT_RAW,0,0,0,0,0,0,0,0,1000,1000,1000,1000,0,0,0,0,0
2025-12-15 00:45:46.572,SERVO_OUTPUT_RAW,701809785,SERVO_OUTPUT_RAW,0,0,0,0,0,0,0,0,1000,1000,1000,1000,0,0,0,0,0
2025-12-15 00:45:46.672,SERVO_OUTPUT_RAW,701909805,SERVO_OUTPUT_RAW,0,0,0,0,0,0,0,0,1000,1000,1000,1000,0,0,0,0,0
2025-12-15 00:45:46.772,SERVO_OUTPUT_RAW,702009803,SERVO_OUTPUT_RAW,0,0,0,0,0,0,0,0,1000,1000,1000,1000,0,0,0,0,0
2025-12-15 00:45:46.872,SERVO_OUTPUT_RAW,702109795,SERVO_OUTPUT_RAW,0,0,0,0,0,0,0,0,1000,1000,1000,1000,0,0,0,0,0
2025-12-15 00:45:46.972,SERVO_OUTPUT_RAW,702209792,SERVO_OUTPUT_RAW,0,0,0,0,0,0,0,0,1000,1000,1000,1000,0,0,0,0,0
2025-12-15 00:45:47.074,SERVO_OUTPUT_RAW,702312172,SERVO_OUTPUT_RAW,0,0,0,0,0,0,0,0,1000,1000,1000,1000,0,0,0,0,0
2025-12-15 00:45:47.172,SERVO_OUTPUT_RAW,702409839,SERVO_OUTPUT_RAW,0,0,0,0,0,0,0,0,1000,1000,1000,1000,0,0,0,0,0
2025-12-15 00:45:47.272,SERVO_OUTPUT_RAW,702509806,SERVO_OUTPUT_RAW,0,0,0,0,0,0,0,0,1000,1000,1000,1000,0,0,0,0,0
2025-12-15 00:45:47.425,SERVO_OUTPUT_RAW,702609807,SERVO_OUTPUT_RAW,0,0,0,0,0,0,0,0,1000,1000,1000,1000,0,0,0,0,0
2025-12-15 00:45:47.472,SERVO_OUTPUT_RAW,702709815,SERVO_OUTPUT_RAW,0,0,0,0,0,0,0,0,1000,1000,1000,1000,0,0,0,0,0
2025-12-15 00:45:47.575,SERVO_OUTPUT_RAW,702809836,SERVO_OUTPUT_RAW,0,0,0,0,0,0,0,0,1000,1000,1000,1000,0,0,0,0,0
2025-12-15 00:45:47.675,SERVO_OUTPUT_RAW,702909862,SERVO_OUTPUT_RAW,0,0,0,0,0,0,0,0,1000,1000,1000,1000,0,0,0,0,0
2025-12-15 00:45:47.775,SERVO_OUTPUT_RAW,703009789,SERVO_OUTPUT_RAW,0,0,0,0,0,0,0,0,1000,1000,1000,1000,0,0,0,0,0
2025-12-15 00:45:47.875,SERVO_OUTPUT_RAW,703109804,SERVO_OUTPUT_RAW,0,0,0,0,0,0,0,0,1000,1000,1000,1000,0,0,0,0,0
2025-12-15 00:45:47.975,SERVO_OUTPUT_RAW,703209814,SERVO_OUTPUT_RAW,0,0,0,0,0,0,0,0,1000,1000,1000,1000,0,0,0,0,0
2025-12-15 00:45:48.075,SERVO_OUTPUT_RAW,703309812,SERVO_OUTPUT_RAW,0,0,0,0,0,0,0,0,1000,1000,1000,1000,0,0,0,0,0
2025-12-15 00:45:48.175,SERVO_OUTPUT_RAW,703409786,SERVO_OUTPUT_RAW,0,0,0,0,0,0,0,0,1000,1000,1000,1000,0,0,0,0,0
2025-12-15 00:45:48.275,SERVO_OUTPUT_RAW,703509798,SERVO_OUTPUT_RAW,0,0,0,0,0,0,0,0,1000,1000,1000,1000,0,0,0,0,0
2025-12-15 00:45:48.375,SERVO_OUTPUT_RAW,703609790,SERVO_OUTPUT_RAW,0,0,0,0,0,0,0,0,1000,1000,1000,1000,0,0,0,0,0
2025-12-15 00:45:48.475,SERVO_OUTPUT_RAW,703709787,SERVO_OUTPUT_RAW,0,0,0,0,0,0,0,0,1000,1000,1000,1000,0,0,0,0,0
2025-12-15 00:45:48.575,SERVO_OUTPUT_RAW,703809808,SERVO_OUTPUT_RAW,0,0,0,0,0,0,0,0,1000,1000,1000,1000,0,0,0,0,0
2025-12-15 00:45:48.675,SERVO_OUTPUT_RAW,703909849,SERVO_OUTPUT_RAW,0,0,0,0,0,0,0,0,1000,1000,1000,1000,0,0,0,0,0
2025-12-15 00:45:48.775,SERVO_OUTPUT_RAW,704009844,SERVO_OUTPUT_RAW,0,0,0,0,0,0,0,0,1000,1000,1000,1000,0,0,0,0,0
2025-12-15 00:45:48.876,SERVO_OUTPUT_RAW,704109795,SERVO_OUTPUT_RAW,0,0,0,0,0,0,0,0,1000,1000,1000,1000,0,0,0,0,0
2025-12-15 00:45:48.975,SERVO_OUTPUT_RAW,704209795,SERVO_OUTPUT_RAW,0,0,0,0,0,0,0,0,1000,1000,1000,1000,0,0,0,0,0
2025-12-15 00:45:49.075,SERVO_OUTPUT_RAW,704309811,SERVO_OUTPUT_RAW,0,0,0,0,0,0,0,0,1000,1000,1000,1000,0,0,0,0,0
2025-12-15 00:45:49.175,SERVO_OUTPUT_RAW,704412111,SERVO_OUTPUT_RAW,0,0,0,0,0,0,0,0,1000,1000,1000,1000,0,0,0,0,0
2025-12-15 00:45:49.275,SERVO_OUTPUT_RAW,704509776,SERVO_OUTPUT_RAW,0,0,0,0,0,0,0,0,1000,1000,1000,1000,0,0,0,0,0
2025-12-15 00:45:49.375,SERVO_OUTPUT_RAW,704609779,SERVO_OUTPUT_RAW,0,0,0,0,0,0,0,0,1000,1000,1000,1000,0,0,0,0,0
2025-12-15 00:45:49.475,SERVO_OUTPUT_RAW,704709808,SERVO_OUTPUT_RAW,0,0,0,0,0,0,0,0,1000,1000,1000,1000,0,0,0,0,0
2025-12-15 00:45:49.575,SERVO_OUTPUT_RAW,704809820,SERVO_OUTPUT_RAW,0,0,0,0,0,0,0,0,1000,1000,1000,1000,0,0,0,0,0
2025-12-15 00:45:49.675,SERVO_OUTPUT_RAW,704909805,SERVO_OUTPUT_RAW,0,0,0,0,0,0,0,0,1000,1000,1000,1000,0,0,0,0,0
2025-12-15 00:45:49.775,SERVO_OUTPUT_RAW,705009781,SERVO_OUTPUT_RAW,0,0,0,0,0,0,0,0,1000,1000,1000,1000,0,0,0,0,0
2025-12-15 00:45:49.875,SERVO_OUTPUT_RAW,705109777,SERVO_OUTPUT_RAW,0,0,0,0,0,0,0,0,1000,1000,1000,1000,0,0,0,0,0
2025-12-15 00:45:49.975,SERVO_OUTPUT_RAW,705209802,SERVO_OUTPUT_RAW,0,0,0,0,0,0,0,0,1000,1000,1000,1000,0,0,0,0,0
2025-12-15 00:45:50.075,SERVO_OUTPUT_RAW,705309797,SERVO_OUTPUT_RAW,0,0,0,0,0,0,0,0,1000,1000,1000,1000,0,0,0,0,0
2025-12-15 00:45:50.175,SERVO_OUTPUT_RAW,705409816,SERVO_OUTPUT_RAW,0,0,0,0,0,0,0,0,1000,1000,1000,1000,0,0,0,0,0
2025-12-15 00:45:50.275,SERVO_OUTPUT_RAW,705509835,SERVO_OUTPUT_RAW,0,0,0,0,0,0,0,0,1000,1000,1000,1000,0,0,0,0,0
2025-12-15 00:45:50.375,SERVO_OUTPUT_RAW,705609843,SERVO_OUTPUT_RAW,0,0,0,0,0,0,0,0,1000,1000,1000,1000,0,0,0,0,0
2025-12-15 00:45:50.475,SERVO_OUTPUT_RAW,705709807,SERVO_OUTPUT_RAW,0,0,0,0,0,0,0,0,1000,1000,1000,1000,0,0,0,0,0
2025-12-15 00:45:50.575,SERVO_OUTPUT_RAW,705812099,SERVO_OUTPUT_RAW,0,0,0,0,0,0,0,0,1000,1000,1000,1000,0,0,0,0,0
2025-12-15 00:45:50.675,SERVO_OUTPUT_RAW,705909826,SERVO_OUTPUT_RAW,0,0,0,0,0,0,0,0,1000,1000,1000,1000,0,0,0,0,0
2025-12-15 00:45:50.775,SERVO_OUTPUT_RAW,706009836,SERVO_OUTPUT_RAW,0,0,0,0,0,0,0,0,1000,1000,1000,1000,0,0,0,0,0
2025-12-15 00:45:50.875,SERVO_OUTPUT_RAW,706109809,SERVO_OUTPUT_RAW,0,0,0,0,0,0,0,0,1000,1000,1000,1000,0,0,0,0,0
2025-12-15 00:45:50.975,SERVO_OUTPUT_RAW,706209777,SERVO_OUTPUT_RAW,0,0,0,0,0,0,0,0,1000,1000,1000,1000,0,0,0,0,0
2025-12-15 00:45:51.075,SERVO_OUTPUT_RAW,706309821,SERVO_OUTPUT_RAW,0,0,0,0,0,0,0,0,1000,1000,1000,1000,0,0,0,0,0
2025-12-15 00:45:51.175,SERVO_OUTPUT_RAW,706409829,SERVO_OUTPUT_RAW,0,0,0,0,0,0,0,0,1000,1000,1000,1000,0,0,0,0,0
2025-12-15 00:45:51.275,SERVO_OUTPUT_RAW,706509881,SERVO_OUTPUT_RAW,0,0,0,0,0,0,0,0,1000,1000,1000,1000,0,0,0,0,0
2025-12-15 00:45:51.375,SERVO_OUTPUT_RAW,706609790,SERVO_OUTPUT_RAW,0,0,0,0,0,0,0,0,1000,1000,1000,1000,0,0,0,0,0
2025-12-15 00:45:51.475,SERVO_OUTPUT_RAW,706709806,SERVO_OUTPUT_RAW,0,0,0,0,0,0,0,0,1000,1000,1000,1000,0,0,0,0,0
2025-12-15 00:45:51.575,SERVO_OUTPUT_RAW,706809806,SERVO_OUTPUT_RAW,0,0,0,0,0,0,0,0,1000,1000,1000,1000,0,0,0,0,0
2025-12-15 00:45:51.674,SERVO_OUTPUT_RAW,706909794,SERVO_OUTPUT_RAW,0,0,0,0,0,0,0,0,1000,1000,1000,1000,0,0,0,0,0
2025-12-15 00:45:51.775,SERVO_OUTPUT_RAW,707009813,SERVO_OUTPUT_RAW,0,0,0,0,0,0,0,0,1000,1000,1000,1000,0,0,0,0,0
2025-12-15 00:45:51.875,SERVO_OUTPUT_RAW,707109857,SERVO_OUTPUT_RAW,0,0,0,0,0,0,0,0,1000,1000,1000,1000,0,0,0,0,0
2025-12-15 00:45:51.975,SERVO_OUTPUT_RAW,707209833,SERVO_OUTPUT_RAW,0,0,0,0,0,0,0,0,1000,1000,1000,1000,0,0,0,0,0
2025-12-15 00:45:52.075,SERVO_OUTPUT_RAW,707309803,SERVO_OUTPUT_RAW,0,0,0,0,0,0,0,0,1000,1000,1000,1000,0,0,0,0,0
2025-12-15 00:45:52.175,SERVO_OUTPUT_RAW,707409822,SERVO_OUTPUT_RAW,0,0,0,0,0,0,0,0,1000,1000,1000,1000,0,0,0,0,0
2025-12-15 00:45:52.275,SERVO_OUTPUT_RAW,707509834,SERVO_OUTPUT_RAW,0,0,0,0,0,0,0,0,1000,1000,1000,1000,0,0,0,0,0
2025-12-15 00:45:52.375,SERVO_OUTPUT_RAW,707609853,SERVO_OUTPUT_RAW,0,0,0,0,0,0,0,0,1000,1000,1000,1000,0,0,0,0,0
2025-12-15 00:45:52.477,SERVO_OUTPUT_RAW,707709792,SERVO_OUTPUT_RAW,0,0,0,0,0,0,0,0,1000,1000,1000,1000,0,0,0,0,0
2025-12-15 00:45:52.575,SERVO_OUTPUT_RAW,707809789,SERVO_OUTPUT_RAW,0,0,0,0,0,0,0,0,1000,1000,1000,1000,0,0,0,0,0
2025-12-15 00:45:52.675,SERVO_OUTPUT_RAW,707909821,SERVO_OUTPUT_RAW,0,0,0,0,0,0,0,0,1000,1000,1000,1000,0,0,0,0,0
2025-12-15 00:45:52.776,SERVO_OUTPUT_RAW,708009780,SERVO_OUTPUT_RAW,0,0,0,0,0,0,0,0,1000,1000,1000,1000,0,0,0,0,0
2025-12-15 00:45:52.874,SERVO_OUTPUT_RAW,708109788,SERVO_OUTPUT_RAW,0,0,0,0,0,0,0,0,1000,1000,1000,1000,0,0,0,0,0
2025-12-15 00:45:52.974,SERVO_OUTPUT_RAW,708209777,SERVO_OUTPUT_RAW,0,0,0,0,0,0,0,0,1000,1000,1000,1000,0,0,0,0,0
2025-12-15 00:45:53.075,SERVO_OUTPUT_RAW,708309793,SERVO_OUTPUT_RAW,0,0,0,0,0,0,0,0,1000,1000,1000,1000,0,0,0,0,0
2025-12-15 00:45:53.174,SERVO_OUTPUT_RAW,708409792,SERVO_OUTPUT_RAW,0,0,0,0,0,0,0,0,1000,1000,1000,1000,0,0,0,0,0
2025-12-15 00:45:53.275,SERVO_OUTPUT_RAW,708509810,SERVO_OUTPUT_RAW,0,0,0,0,0,0,0,0,1000,1000,1000,1000,0,0,0,0,0
2025-12-15 00:45:53.374,SERVO_OUTPUT_RAW,708612200,SERVO_OUTPUT_RAW,0,0,0,0,0,0,0,0,1000,1000,1000,1000,0,0,0,0,0
2025-12-15 00:45:53.474,SERVO_OUTPUT_RAW,708709848,SERVO_OUTPUT_RAW,0,0,0,0,0,0,0,0,1000,1000,1000,1000,0,0,0,0,0
2025-12-15 00:45:53.575,SERVO_OUTPUT_RAW,708809854,SERVO_OUTPUT_RAW,0,0,0,0,0,0,0,0,1000,1000,1000,1000,0,0,0,0,0
2025-12-15 00:45:53.674,SERVO_OUTPUT_RAW,708909793,SERVO_OUTPUT_RAW,0,0,0,0,0,0,0,0,1000,1000,1000,1000,0,0,0,0,0
2025-12-15 00:45:53.774,SERVO_OUTPUT_RAW,709009817,SERVO_OUTPUT_RAW,0,0,0,0,0,0,0,0,1000,1000,1000,1000,0,0,0,0,0
2025-12-15 00:45:53.875,SERVO_OUTPUT_RAW,709109847,SERVO_OUTPUT_RAW,0,0,0,0,0,0,0,0,1000,1000,1000,1000,0,0,0,0,0
2025-12-15 00:45:53.974,SERVO_OUTPUT_RAW,709209774,SERVO_OUTPUT_RAW,0,0,0,0,0,0,0,0,1000,1000,1000,1000,0,0,0,0,0
2025-12-15 00:45:54.074,SERVO_OUTPUT_RAW,709309780,SERVO_OUTPUT_RAW,0,0,0,0,0,0,0,0,1000,1000,1000,1000,0,0,0,0,0
2025-12-15 00:45:54.174,SERVO_OUTPUT_RAW,709409832,SERVO_OUTPUT_RAW,0,0,0,0,0,0,0,0,1000,1000,1000,1000,0,0,0,0,0
2025-12-15 00:45:54.275,SERVO_OUTPUT_RAW,709509810,SERVO_OUTPUT_RAW,0,0,0,0,0,0,0,0,1000,1000,1000,1000,0,0,0,0,0
2025-12-15 00:45:54.374,SERVO_OUTPUT_RAW,709609787,SERVO_OUTPUT_RAW,0,0,0,0,0,0,0,0,1000,1000,1000,1000,0,0,0,0,0
2025-12-15 00:45:54.474,SERVO_OUTPUT_RAW,709709803,SERVO_OUTPUT_RAW,0,0,0,0,0,0,0,0,1000,1000,1000,1000,0,0,0,0,0
2025-12-15 00:45:54.575,SERVO_OUTPUT_RAW,709809789,SERVO_OUTPUT_RAW,0,0,0,0,0,0,0,0,1000,1000,1000,1000,0,0,0,0,0
2025-12-15 00:45:54.674,SERVO_OUTPUT_RAW,709909802,SERVO_OUTPUT_RAW,0,0,0,0,0,0,0,0,1000,1000,1000,1000,0,0,0,0,0
2025-12-15 00:45:54.774,SERVO_OUTPUT_RAW,710009807,SERVO_OUTPUT_RAW,0,0,0,0,0,0,0,0,1000,1000,1000,1000,0,0,0,0,0
2025-12-15 00:45:54.879,SERVO_OUTPUT_RAW,710109802,SERVO_OUTPUT_RAW,0,0,0,0,0,0,0,0,1000,1000,1000,1000,0,0,0,0,0
2025-12-15 00:45:54.974,SERVO_OUTPUT_RAW,710209841,SERVO_OUTPUT_RAW,0,0,0,0,0,0,0,0,1000,1000,1000,1000,0,0,0,0,0
2025-12-15 00:45:55.074,SERVO_OUTPUT_RAW,710309806,SERVO_OUTPUT_RAW,0,0,0,0,0,0,0,0,1000,1000,1000,1000,0,0,0,0,0
2025-12-15 00:45:55.175,SERVO_OUTPUT_RAW,710409815,SERVO_OUTPUT_RAW,0,0,0,0,0,0,0,0,1000,1000,1000,1000,0,0,0,0,0
2025-12-15 00:45:55.275,SERVO_OUTPUT_RAW,710509795,SERVO_OUTPUT_RAW,0,0,0,0,0,0,0,0,1000,1000,1000,1000,0,0,0,0,0
2025-12-15 00:45:55.375,SERVO_OUTPUT_RAW,710609852,SERVO_OUTPUT_RAW,0,0,0,0,0,0,0,0,1000,1000,1000,1000,0,0,0,0,0
2025-12-15 00:45:55.474,SERVO_OUTPUT_RAW,710712026,SERVO_OUTPUT_RAW,0,0,0,0,0,0,0,0,1000,1000,1000,1000,0,0,0,0,0
2025-12-15 00:45:55.574,SERVO_OUTPUT_RAW,710809811,SERVO_OUTPUT_RAW,0,0,0,0,0,0,0,0,1000,1000,1000,1000,0,0,0,0,0
2025-12-15 00:45:55.675,SERVO_OUTPUT_RAW,710909802,SERVO_OUTPUT_RAW,0,0,0,0,0,0,0,0,1000,1000,1000,1000,0,0,0,0,0
2025-12-15 00:45:55.774,SERVO_OUTPUT_RAW,711009869,SERVO_OUTPUT_RAW,0,0,0,0,0,0,0,0,1000,1000,1000,1000,0,0,0,0,0
2025-12-15 00:45:55.874,SERVO_OUTPUT_RAW,711109819,SERVO_OUTPUT_RAW,0,0,0,0,0,0,0,0,1000,1000,1000,1000,0,0,0,0,0
2025-12-15 00:45:55.974,SERVO_OUTPUT_RAW,711209795,SERVO_OUTPUT_RAW,0,0,0,0,0,0,0,0,1000,1000,1000,1000,0,0,0,0,0
2025-12-15 00:45:56.074,SERVO_OUTPUT_RAW,711309801,SERVO_OUTPUT_RAW,0,0,0,0,0,0,0,0,1000,1000,1000,1000,0,0,0,0,0
2025-12-15 00:45:56.175,SERVO_OUTPUT_RAW,711409796,SERVO_OUTPUT_RAW,0,0,0,0,0,0,0,0,1000,1000,1000,1000,0,0,0,0,0
2025-12-15 00:45:56.274,SERVO_OUTPUT_RAW,711509791,SERVO_OUTPUT_RAW,0,0,0,0,0,0,0,0,1000,1000,1000,1000,0,0,0,0,0
2025-12-15 00:45:56.374,SERVO_OUTPUT_RAW,711609804,SERVO_OUTPUT_RAW,0,0,0,0,0,0,0,0,1000,1000,1000,1000,0,0,0,0,0
2025-12-15 00:45:56.474,SERVO_OUTPUT_RAW,711709802,SERVO_OUTPUT_RAW,0,0,0,0,0,0,0,0,1000,1000,1000,1000,0,0,0,0,0
2025-12-15 00:45:56.574,SERVO_OUTPUT_RAW,711809837,SERVO_OUTPUT_RAW,0,0,0,0,0,0,0,0,1000,1000,1000,1000,0,0,0,0,0
2025-12-15 00:45:56.675,SERVO_OUTPUT_RAW,711909848,SERVO_OUTPUT_RAW,0,0,0,0,0,0,0,0,1000,1000,1000,1000,0,0,0,0,0
2025-12-15 00:45:56.775,SERVO_OUTPUT_RAW,712009796,SERVO_OUTPUT_RAW,0,0,0,0,0,0,0,0,1000,1000,1000,1000,0,0,0,0,0
2025-12-15 00:45:56.874,SERVO_OUTPUT_RAW,712109934,SERVO_OUTPUT_RAW,0,0,0,0,0,0,0,0,1000,1000,1000,1000,0,0,0,0,0
2025-12-15 00:45:56.975,SERVO_OUTPUT_RAW,712209839,SERVO_OUTPUT_RAW,0,0,0,0,0,0,0,0,1000,1000,1000,1000,0,0,0,0,0
2025-12-15 00:45:57.075,SERVO_OUTPUT_RAW,712309856,SERVO_OUTPUT_RAW,0,0,0,0,0,0,0,0,1000,1000,1000,1000,0,0,0,0,0
2025-12-15 00:45:57.175,SERVO_OUTPUT_RAW,712409792,SERVO_OUTPUT_RAW,0,0,0,0,0,0,0,0,1000,1000,1000,1000,0,0,0,0,0
2025-12-15 00:45:57.275,SERVO_OUTPUT_RAW,712509801,SERVO_OUTPUT_RAW,0,0,0,0,0,0,0,0,1000,1000,1000,1000,0,0,0,0,0
2025-12-15 00:45:57.376,SERVO_OUTPUT_RAW,712609827,SERVO_OUTPUT_RAW,0,0,0,0,0,0,0,0,1000,1000,1000,1000,0,0,0,0,0
2025-12-15 00:45:57.475,SERVO_OUTPUT_RAW,712709841,SERVO_OUTPUT_RAW,0,0,0,0,0,0,0,0,1000,1000,1000,1000,0,0,0,0,0
2025-12-15 00:45:57.574,SERVO_OUTPUT_RAW,712809866,SERVO_OUTPUT_RAW,0,0,0,0,0,0,0,0,1000,1000,1000,1000,0,0,0,0,0
2025-12-15 00:45:57.675,SERVO_OUTPUT_RAW,712909801,SERVO_OUTPUT_RAW,0,0,0,0,0,0,0,0,1000,1000,1000,1000,0,0,0,0,0
2025-12-15 00:45:57.775,SERVO_OUTPUT_RAW,713009807,SERVO_OUTPUT_RAW,0,0,0,0,0,0,0,0,1000,1000,1000,1000,0,0,0,0,0
2025-12-15 00:45:57.875,SERVO_OUTPUT_RAW,713109782,SERVO_OUTPUT_RAW,0,0,0,0,0,0,0,0,1000,1000,1000,1000,0,0,0,0,0
2025-12-15 00:45:57.975,SERVO_OUTPUT_RAW,713209790,SERVO_OUTPUT_RAW,0,0,0,0,0,0,0,0,1000,1000,1000,1000,0,0,0,0,0
2025-12-15 00:45:58.075,SERVO_OUTPUT_RAW,713309838,SERVO_OUTPUT_RAW,0,0,0,0,0,0,0,0,1000,1000,1000,1000,0,0,0,0,0
2025-12-15 00:45:58.175,SERVO_OUTPUT_RAW,713409806,SERVO_OUTPUT_RAW,0,0,0,0,0,0,0,0,1000,1000,1000,1000,0,0,0,0,0
2025-12-15 00:45:58.275,SERVO_OUTPUT_RAW,713509806,SERVO_OUTPUT_RAW,0,0,0,0,0,0,0,0,1000,1000,1000,1000,0,0,0,0,0
2025-12-15 00:45:58.375,SERVO_OUTPUT_RAW,713609808,SERVO_OUTPUT_RAW,0,0,0,0,0,0,0,0,1000,1000,1000,1000,0,0,0,0,0
2025-12-15 00:45:58.475,SERVO_OUTPUT_RAW,713709830,SERVO_OUTPUT_RAW,0,0,0,0,0,0,0,0,1000,1000,1000,1000,0,0,0,0,0
2025-12-15 00:45:58.575,SERVO_OUTPUT_RAW,713809855,SERVO_OUTPUT_RAW,0,0,0,0,0,0,0,0,1000,1000,1000,1000,0,0,0,0,0
2025-12-15 00:45:58.675,SERVO_OUTPUT_RAW,713909882,SERVO_OUTPUT_RAW,0,0,0,0,0,0,0,0,1000,1000,1000,1000,0,0,0,0,0
2025-12-15 00:45:58.775,SERVO_OUTPUT_RAW,714009786,SERVO_OUTPUT_RAW,0,0,0,0,0,0,0,0,1000,1000,1000,1000,0,0,0,0,0
2025-12-15 00:45:58.875,SERVO_OUTPUT_RAW,714109814,SERVO_OUTPUT_RAW,0,0,0,0,0,0,0,0,1000,1000,1000,1000,0,0,0,0,0
2025-12-15 00:45:58.975,SERVO_OUTPUT_RAW,714209808,SERVO_OUTPUT_RAW,0,0,0,0,0,0,0,0,1000,1000,1000,1000,0,0,0,0,0
2025-12-15 00:45:59.075,SERVO_OUTPUT_RAW,714309797,SERVO_OUTPUT_RAW,0,0,0,0,0,0,0,0,1000,1000,1000,1000,0,0,0,0,0
2025-12-15 00:45:59.175,SERVO_OUTPUT_RAW,714409790,SERVO_OUTPUT_RAW,0,0,0,0,0,0,0,0,1000,1000,1000,1000,0,0,0,0,0
2025-12-15 00:45:59.275,SERVO_OUTPUT_RAW,714509790,SERVO_OUTPUT_RAW,0,0,0,0,0,0,0,0,1000,1000,1000,1000,0,0,0,0,0
2025-12-15 00:45:59.375,SERVO_OUTPUT_RAW,714609794,SERVO_OUTPUT_RAW,0,0,0,0,0,0,0,0,1000,1000,1000,1000,0,0,0,0,0
2025-12-15 00:45:59.475,SERVO_OUTPUT_RAW,714709791,SERVO_OUTPUT_RAW,0,0,0,0,0,0,0,0,1000,1000,1000,1000,0,0,0,0,0
2025-12-15 00:45:59.575,SERVO_OUTPUT_RAW,714809836,SERVO_OUTPUT_RAW,0,0,0,0,0,0,0,0,1000,1000,1000,1000,0,0,0,0,0
2025-12-15 00:45:59.675,SERVO_OUTPUT_RAW,714912160,SERVO_OUTPUT_RAW,0,0,0,0,0,0,0,0,1000,1000,1000,1000,0,0,0,0,0
2025-12-15 00:45:59.775,SERVO_OUTPUT_RAW,715009810,SERVO_OUTPUT_RAW,0,0,0,0,0,0,0,0,1000,1000,1000,1000,0,0,0,0,0
2025-12-15 00:45:59.875,SERVO_OUTPUT_RAW,715109791,SERVO_OUTPUT_RAW,0,0,0,0,0,0,0,0,1000,1000,1000,1000,0,0,0,0,0
2025-12-15 00:45:59.975,SERVO_OUTPUT_RAW,715209797,SERVO_OUTPUT_RAW,0,0,0,0,0,0,0,0,1000,1000,1000,1000,0,0,0,0,0
2025-12-15 00:46:00.075,SERVO_OUTPUT_RAW,715309848,SERVO_OUTPUT_RAW,0,0,0,0,0,0,0,0,1000,1000,1000,1000,0,0,0,0,0
2025-12-15 00:46:00.175,SERVO_OUTPUT_RAW,715409849,SERVO_OUTPUT_RAW,0,0,0,0,0,0,0,0,1000,1000,1000,1000,0,0,0,0,0
2025-12-15 00:46:00.275,SERVO_OUTPUT_RAW,715509824,SERVO_OUTPUT_RAW,0,0,0,0,0,0,0,0,1000,1000,1000,1000,0,0,0,0,0
2025-12-15 00:46:00.376,SERVO_OUTPUT_RAW,715609802,SERVO_OUTPUT_RAW,0,0,0,0,0,0,0,0,1000,1000,1000,1000,0,0,0,0,0
2025-12-15 00:46:00.475,SERVO_OUTPUT_RAW,715709837,SERVO_OUTPUT_RAW,0,0,0,0,0,0,0,0,1000,1000,1000,1000,0,0,0,0,0
2025-12-15 00:46:00.575,SERVO_OUTPUT_RAW,715809819,SERVO_OUTPUT_RAW,0,0,0,0,0,0,0,0,1000,1000,1000,1000,0,0,0,0,0
2025-12-15 00:46:00.675,SERVO_OUTPUT_RAW,715909788,SERVO_OUTPUT_RAW,0,0,0,0,0,0,0,0,1000,1000,1000,1000,0,0,0,0,0
2025-12-15 00:46:00.775,SERVO_OUTPUT_RAW,716009790,SERVO_OUTPUT_RAW,0,0,0,0,0,0,0,0,1000,1000,1000,1000,0,0,0,0,0
2025-12-15 00:46:00.875,SERVO_OUTPUT_RAW,716109786,SERVO_OUTPUT_RAW,0,0,0,0,0,0,0,0,1000,1000,1000,1000,0,0,0,0,0
2025-12-15 00:46:00.975,SERVO_OUTPUT_RAW,716209786,SERVO_OUTPUT_RAW,0,0,0,0,0,0,0,0,1000,1000,1000,1000,0,0,0,0,0
2025-12-15 00:46:01.075,SERVO_OUTPUT_RAW,716309789,SERVO_OUTPUT_RAW,0,0,0,0,0,0,0,0,1000,1000,1000,1000,0,0,0,0,0
2025-12-15 00:46:01.175,SERVO_OUTPUT_RAW,716409819,SERVO_OUTPUT_RAW,0,0,0,0,0,0,0,0,1000,1000,1000,1000,0,0,0,0,0
2025-12-15 00:46:01.275,SERVO_OUTPUT_RAW,716509857,SERVO_OUTPUT_RAW,0,0,0,0,0,0,0,0,1000,1000,1000,1000,0,0,0,0,0
2025-12-15 00:46:01.375,SERVO_OUTPUT_RAW,716612196,SERVO_OUTPUT_RAW,0,0,0,0,0,0,0,0,1000,1000,1000,1000,0,0,0,0,0
2025-12-15 00:46:01.475,SERVO_OUTPUT_RAW,716709817,SERVO_OUTPUT_RAW,0,0,0,0,0,0,0,0,1000,1000,1000,1000,0,0,0,0,0
2025-12-15 00:46:01.575,SERVO_OUTPUT_RAW,716809854,SERVO_OUTPUT_RAW,0,0,0,0,0,0,0,0,1000,1000,1000,1000,0,0,0,0,0
2025-12-15 00:46:01.675,SERVO_OUTPUT_RAW,716909834,SERVO_OUTPUT_RAW,0,0,0,0,0,0,0,0,1000,1000,1000,1000,0,0,0,0,0
2025-12-15 00:46:01.775,SERVO_OUTPUT_RAW,717009914,SERVO_OUTPUT_RAW,0,0,0,0,0,0,0,0,1000,1000,1000,1000,0,0,0,0,0
2025-12-15 00:46:01.876,SERVO_OUTPUT_RAW,717109785,SERVO_OUTPUT_RAW,0,0,0,0,0,0,0,0,1000,1000,1000,1000,0,0,0,0,0
2025-12-15 00:46:01.975,SERVO_OUTPUT_RAW,717209798,SERVO_OUTPUT_RAW,0,0,0,0,0,0,0,0,1000,1000,1000,1000,0,0,0,0,0
2025-12-15 00:46:02.075,SERVO_OUTPUT_RAW,717309821,SERVO_OUTPUT_RAW,0,0,0,0,0,0,0,0,1000,1000,1000,1000,0,0,0,0,0
2025-12-15 00:46:02.175,SERVO_OUTPUT_RAW,717409787,SERVO_OUTPUT_RAW,0,0,0,0,0,0,0,0,1000,1000,1000,1000,0,0,0,0,0
2025-12-15 00:46:02.275,SERVO_OUTPUT_RAW,717509805,SERVO_OUTPUT_RAW,0,0,0,0,0,0,0,0,1000,1000,1000,1000,0,0,0,0,0
2025-12-15 00:46:02.375,SERVO_OUTPUT_RAW,717609791,SERVO_OUTPUT_RAW,0,0,0,0,0,0,0,0,1000,1000,1000,1000,0,0,0,0,0
2025-12-15 00:46:02.474,SERVO_OUTPUT_RAW,717709790,SERVO_OUTPUT_RAW,0,0,0,0,0,0,0,0,1000,1000,1000,1000,0,0,0,0,0
2025-12-15 00:46:02.574,SERVO_OUTPUT_RAW,717812113,SERVO_OUTPUT_RAW,0,0,0,0,0,0,0,0,1000,1000,1000,1000,0,0,0,0,0
2025-12-15 00:46:02.674,SERVO_OUTPUT_RAW,717909784,SERVO_OUTPUT_RAW,0,0,0,0,0,0,0,0,1000,1000,1000,1000,0,0,0,0,0
2025-12-15 00:46:02.774,SERVO_OUTPUT_RAW,718009832,SERVO_OUTPUT_RAW,0,0,0,0,0,0,0,0,1000,1000,1000,1000,0,0,0,0,0
2025-12-15 00:46:02.874,SERVO_OUTPUT_RAW,718109793,SERVO_OUTPUT_RAW,0,0,0,0,0,0,0,0,1000,1000,1000,1000,0,0,0,0,0
2025-12-15 00:46:02.974,SERVO_OUTPUT_RAW,718209793,SERVO_OUTPUT_RAW,0,0,0,0,0,0,0,0,1000,1000,1000,1000,0,0,0,0,0
2025-12-15 00:46:03.074,SERVO_OUTPUT_RAW,718309795,SERVO_OUTPUT_RAW,0,0,0,0,0,0,0,0,1000,1000,1000,1000,0,0,0,0,0
2025-12-15 00:46:03.174,SERVO_OUTPUT_RAW,718409836,SERVO_OUTPUT_RAW,0,0,0,0,0,0,0,0,1000,1000,1000,1000,0,0,0,0,0
2025-12-15 00:46:03.274,SERVO_OUTPUT_RAW,718509834,SERVO_OUTPUT_RAW,0,0,0,0,0,0,0,0,1000,1000,1000,1000,0,0,0,0,0
2025-12-15 00:46:03.374,SERVO_OUTPUT_RAW,718609780,SERVO_OUTPUT_RAW,0,0,0,0,0,0,0,0,1000,1000,1000,1000,0,0,0,0,0
2025-12-15 00:46:03.474,SERVO_OUTPUT_RAW,718709800,SERVO_OUTPUT_RAW,0,0,0,0,0,0,0,0,1000,1000,1000,1000,0,0,0,0,0
2025-12-15 00:46:03.574,SERVO_OUTPUT_RAW,718809825,SERVO_OUTPUT_RAW,0,0,0,0,0,0,0,0,1000,1000,1000,1000,0,0,0,0,0
2025-12-15 00:46:03.674,SERVO_OUTPUT_RAW,718909810,SERVO_OUTPUT_RAW,0,0,0,0,0,0,0,0,1000,1000,1000,1000,0,0,0,0,0
2025-12-15 00:46:03.774,SERVO_OUTPUT_RAW,719009785,SERVO_OUTPUT_RAW,0,0,0,0,0,0,0,0,1000,1000,1000,1000,0,0,0,0,0
2025-12-15 00:46:03.874,SERVO_OUTPUT_RAW,719109877,SERVO_OUTPUT_RAW,0,0,0,0,0,0,0,0,1000,1000,1000,1000,0,0,0,0,0
2025-12-15 00:46:03.974,SERVO_OUTPUT_RAW,719209796,SERVO_OUTPUT_RAW,0,0,0,0,0,0,0,0,1000,1000,1000,1000,0,0,0,0,0
2025-12-15 00:46:04.074,SERVO_OUTPUT_RAW,719309801,SERVO_OUTPUT_RAW,0,0,0,0,0,0,0,0,1000,1000,1000,1000,0,0,0,0,0
2025-12-15 00:46:04.175,SERVO_OUTPUT_RAW,719409804,SERVO_OUTPUT_RAW,0,0,0,0,0,0,0,0,1000,1000,1000,1000,0,0,0,0,0
2025-12-15 00:46:04.275,SERVO_OUTPUT_RAW,719509808,SERVO_OUTPUT_RAW,0,0,0,0,0,0,0,0,1000,1000,1000,1000,0,0,0,0,0
2025-12-15 00:46:04.375,SERVO_OUTPUT_RAW,719609808,SERVO_OUTPUT_RAW,0,0,0,0,0,0,0,0,1000,1000,1000,1000,0,0,0,0,0
2025-12-15 00:46:04.475,SERVO_OUTPUT_RAW,719709812,SERVO_OUTPUT_RAW,0,0,0,0,0,0,0,0,1000,1000,1000,1000,0,0,0,0,0
2025-12-15 00:46:04.575,SERVO_OUTPUT_RAW,719809784,SERVO_OUTPUT_RAW,0,0,0,0,0,0,0,0,1000,1000,1000,1000,0,0,0,0,0
2025-12-15 00:46:04.675,SERVO_OUTPUT_RAW,719909807,SERVO_OUTPUT_RAW,0,0,0,0,0,0,0,0,1000,1000,1000,1000,0,0,0,0,0
2025-12-15 00:46:04.775,SERVO_OUTPUT_RAW,720009851,SERVO_OUTPUT_RAW,0,0,0,0,0,0,0,0,1000,1000,1000,1000,0,0,0,0,0
2025-12-15 00:46:04.875,SERVO_OUTPUT_RAW,720109848,SERVO_OUTPUT_RAW,0,0,0,0,0,0,0,0,1000,1000,1000,1000,0,0,0,0,0
2025-12-15 00:46:04.975,SERVO_OUTPUT_RAW,720209832,SERVO_OUTPUT_RAW,0,0,0,0,0,0,0,0,1000,1000,1000,1000,0,0,0,0,0
2025-12-15 00:46:05.075,SERVO_OUTPUT_RAW,720309815,SERVO_OUTPUT_RAW,0,0,0,0,0,0,0,0,1000,1000,1000,1000,0,0,0,0,0
2025-12-15 00:46:05.175,SERVO_OUTPUT_RAW,720409816,SERVO_OUTPUT_RAW,0,0,0,0,0,0,0,0,1000,1000,1000,1000,0,0,0,0,0
2025-12-15 00:46:05.275,SERVO_OUTPUT_RAW,720509799,SERVO_OUTPUT_RAW,0,0,0,0,0,0,0,0,1000,1000,1000,1000,0,0,0,0,0
2025-12-15 00:46:05.375,SERVO_OUTPUT_RAW,720609787,SERVO_OUTPUT_RAW,0,0,0,0,0,0,0,0,1000,1000,1000,1000,0,0,0,0,0
2025-12-15 00:46:05.475,SERVO_OUTPUT_RAW,720709797,SERVO_OUTPUT_RAW,0,0,0,0,0,0,0,0,1000,1000,1000,1000,0,0,0,0,0
2025-12-15 00:46:05.575,SERVO_OUTPUT_RAW,720809810,SERVO_OUTPUT_RAW,0,0,0,0,0,0,0,0,1000,1000,1000,1000,0,0,0,0,0
2025-12-15 00:46:05.675,SERVO_OUTPUT_RAW,720909782,SERVO_OUTPUT_RAW,0,0,0,0,0,0,0,0,1000,1000,1000,1000,0,0,0,0,0
2025-12-15 00:46:05.775,SERVO_OUTPUT_RAW,721009784,SERVO_OUTPUT_RAW,0,0,0,0,0,0,0,0,1000,1000,1000,1000,0,0,0,0,0
2025-12-15 00:46:05.875,SERVO_OUTPUT_RAW,721109832,SERVO_OUTPUT_RAW,0,0,0,0,0,0,0,0,1000,1000,1000,1000,0,0,0,0,0
2025-12-15 00:46:05.975,SERVO_OUTPUT_RAW,721212151,SERVO_OUTPUT_RAW,0,0,0,0,0,0,0,0,1000,1000,1000,1000,0,0,0,0,0
2025-12-15 00:46:06.073,SERVO_OUTPUT_RAW,721309866,SERVO_OUTPUT_RAW,0,0,0,0,0,0,0,0,1000,1000,1000,1000,0,0,0,0,0
2025-12-15 00:46:06.173,SERVO_OUTPUT_RAW,721409820,SERVO_OUTPUT_RAW,0,0,0,0,0,0,0,0,1000,1000,1000,1000,0,0,0,0,0
2025-12-15 00:46:06.273,SERVO_OUTPUT_RAW,721509815,SERVO_OUTPUT_RAW,0,0,0,0,0,0,0,0,1000,1000,1000,1000,0,0,0,0,0
2025-12-15 00:46:06.373,SERVO_OUTPUT_RAW,721609838,SERVO_OUTPUT_RAW,0,0,0,0,0,0,0,0,1000,1000,1000,1000,0,0,0,0,0
2025-12-15 00:46:06.473,SERVO_OUTPUT_RAW,721709851,SERVO_OUTPUT_RAW,0,0,0,0,0,0,0,0,1000,1000,1000,1000,0,0,0,0,0
2025-12-15 00:46:06.573,SERVO_OUTPUT_RAW,721809789,SERVO_OUTPUT_RAW,0,0,0,0,0,0,0,0,1000,1000,1000,1000,0,0,0,0,0
2025-12-15 00:46:06.673,SERVO_OUTPUT_RAW,721909827,SERVO_OUTPUT_RAW,0,0,0,0,0,0,0,0,1000,1000,1000,1000,0,0,0,0,0
2025-12-15 00:46:06.773,SERVO_OUTPUT_RAW,722009821,SERVO_OUTPUT_RAW,0,0,0,0,0,0,0,0,1000,1000,1000,1000,0,0,0,0,0
2025-12-15 00:46:06.873,SERVO_OUTPUT_RAW,722109780,SERVO_OUTPUT_RAW,0,0,0,0,0,0,0,0,1000,1000,1000,1000,0,0,0,0,0
2025-12-15 00:46:06.973,SERVO_OUTPUT_RAW,722209782,SERVO_OUTPUT_RAW,0,0,0,0,0,0,0,0,1000,1000,1000,1000,0,0,0,0,0
2025-12-15 00:46:07.073,SERVO_OUTPUT_RAW,722309809,SERVO_OUTPUT_RAW,0,0,0,0,0,0,0,0,1000,1000,1000,1000,0,0,0,0,0
2025-12-15 00:46:07.173,SERVO_OUTPUT_RAW,722409787,SERVO_OUTPUT_RAW,0,0,0,0,0,0,0,0,1000,1000,1000,1000,0,0,0,0,0
2025-12-15 00:46:07.273,SERVO_OUTPUT_RAW,722509786,SERVO_OUTPUT_RAW,0,0,0,0,0,0,0,0,1000,1000,1000,1000,0,0,0,0,0
2025-12-15 00:46:07.373,SERVO_OUTPUT_RAW,722609813,SERVO_OUTPUT_RAW,0,0,0,0,0,0,0,0,1000,1000,1000,1000,0,0,0,0,0
2025-12-15 00:46:07.473,SERVO_OUTPUT_RAW,722709837,SERVO_OUTPUT_RAW,0,0,0,0,0,0,0,0,1000,1000,1000,1000,0,0,0,0,0
2025-12-15 00:46:07.573,SERVO_OUTPUT_RAW,722809859,SERVO_OUTPUT_RAW,0,0,0,0,0,0,0,0,1000,1000,1000,1000,0,0,0,0,0
2025-12-15 00:46:07.673,SERVO_OUTPUT_RAW,722909817,SERVO_OUTPUT_RAW,0,0,0,0,0,0,0,0,1000,1000,1000,1000,0,0,0,0,0
2025-12-15 00:46:07.773,SERVO_OUTPUT_RAW,723009831,SERVO_OUTPUT_RAW,0,0,0,0,0,0,0,0,1000,1000,1000,1000,0,0,0,0,0
2025-12-15 00:46:07.873,SERVO_OUTPUT_RAW,723109829,SERVO_OUTPUT_RAW,0,0,0,0,0,0,0,0,1000,1000,1000,1000,0,0,0,0,0
2025-12-15 00:46:07.973,SERVO_OUTPUT_RAW,723209856,SERVO_OUTPUT_RAW,0,0,0,0,0,0,0,0,1000,1000,1000,1000,0,0,0,0,0
2025-12-15 00:46:08.073,SERVO_OUTPUT_RAW,723309907,SERVO_OUTPUT_RAW,0,0,0,0,0,0,0,0,1000,1000,1000,1000,0,0,0,0,0
2025-12-15 00:46:08.173,SERVO_OUTPUT_RAW,723409794,SERVO_OUTPUT_RAW,0,0,0,0,0,0,0,0,1000,1000,1000,1000,0,0,0,0,0
2025-12-15 00:46:08.273,SERVO_OUTPUT_RAW,723509825,SERVO_OUTPUT_RAW,0,0,0,0,0,0,0,0,1000,1000,1000,1000,0,0,0,0,0
2025-12-15 00:46:08.373,SERVO_OUTPUT_RAW,723609822,SERVO_OUTPUT_RAW,0,0,0,0,0,0,0,0,1000,1000,1000,1000,0,0,0,0,0
2025-12-15 00:46:08.473,SERVO_OUTPUT_RAW,723709796,SERVO_OUTPUT_RAW,0,0,0,0,0,0,0,0,1000,1000,1000,1000,0,0,0,0,0
2025-12-15 00:46:08.573,SERVO_OUTPUT_RAW,723809799,SERVO_OUTPUT_RAW,0,0,0,0,0,0,0,0,1000,1000,1000,1000,0,0,0,0,0
2025-12-15 00:46:08.673,SERVO_OUTPUT_RAW,723909787,SERVO_OUTPUT_RAW,0,0,0,0,0,0,0,0,1000,1000,1000,1000,0,0,0,0,0
2025-12-15 00:46:08.773,SERVO_OUTPUT_RAW,724009783,SERVO_OUTPUT_RAW,0,0,0,0,0,0,0,0,1000,1000,1000,1000,0,0,0,0,0
2025-12-15 00:46:08.873,SERVO_OUTPUT_RAW,724109785,SERVO_OUTPUT_RAW,0,0,0,0,0,0,0,0,1000,1000,1000,1000,0,0,0,0,0
2025-12-15 00:46:08.973,SERVO_OUTPUT_RAW,724209836,SERVO_OUTPUT_RAW,0,0,0,0,0,0,0,0,1000,1000,1000,1000,0,0,0,0,0
2025-12-15 00:46:09.073,SERVO_OUTPUT_RAW,724309840,SERVO_OUTPUT_RAW,0,0,0,0,0,0,0,0,1000,1000,1000,1000,0,0,0,0,0
2025-12-15 00:46:09.173,SERVO_OUTPUT_RAW,724409812,SERVO_OUTPUT_RAW,0,0,0,0,0,0,0,0,1000,1000,1000,1000,0,0,0,0,0
2025-12-15 00:46:09.273,SERVO_OUTPUT_RAW,724509792,SERVO_OUTPUT_RAW,0,0,0,0,0,0,0,0,1000,1000,1000,1000,0,0,0,0,0
2025-12-15 00:46:09.373,SERVO_OUTPUT_RAW,724609824,SERVO_OUTPUT_RAW,0,0,0,0,0,0,0,0,1000,1000,1000,1000,0,0,0,0,0
2025-12-15 00:46:09.473,SERVO_OUTPUT_RAW,724709863,SERVO_OUTPUT_RAW,0,0,0,0,0,0,0,0,1000,1000,1000,1000,0,0,0,0,0
2025-12-15 00:46:09.573,SERVO_OUTPUT_RAW,724809840,SERVO_OUTPUT_RAW,0,0,0,0,0,0,0,0,1000,1000,1000,1000,0,0,0,0,0
2025-12-15 00:46:09.673,SERVO_OUTPUT_RAW,724909790,SERVO_OUTPUT_RAW,0,0,0,0,0,0,0,0,1000,1000,1000,1000,0,0,0,0,0
2025-12-15 00:46:09.773,SERVO_OUTPUT_RAW,725009794,SERVO_OUTPUT_RAW,0,0,0,0,0,0,0,0,1000,1000,1000,1000,0,0,0,0,0
2025-12-15 00:46:09.875,SERVO_OUTPUT_RAW,725109805,SERVO_OUTPUT_RAW,0,0,0,0,0,0,0,0,1000,1000,1000,1000,0,0,0,0,0
2025-12-15 00:46:09.973,SERVO_OUTPUT_RAW,725209826,SERVO_OUTPUT_RAW,0,0,0,0,0,0,0,0,1000,1000,1000,1000,0,0,0,0,0
2025-12-15 00:46:10.073,SERVO_OUTPUT_RAW,725309778,SERVO_OUTPUT_RAW,0,0,0,0,0,0,0,0,1000,1000,1000,1000,0,0,0,0,0
2025-12-15 00:46:10.174,SERVO_OUTPUT_RAW,725409862,SERVO_OUTPUT_RAW,0,0,0,0,0,0,0,0,1000,1000,1000,1000,0,0,0,0,0
2025-12-15 00:46:10.273,SERVO_OUTPUT_RAW,725509802,SERVO_OUTPUT_RAW,0,0,0,0,0,0,0,0,1000,1000,1000,1000,0,0,0,0,0
2025-12-15 00:46:10.373,SERVO_OUTPUT_RAW,725609809,SERVO_OUTPUT_RAW,0,0,0,0,0,0,0,0,1000,1000,1000,1000,0,0,0,0,0
2025-12-15 00:46:10.473,SERVO_OUTPUT_RAW,725709799,SERVO_OUTPUT_RAW,0,0,0,0,0,0,0,0,1000,1000,1000,1000,0,0,0,0,0
2025-12-15 00:46:10.573,SERVO_OUTPUT_RAW,725809829,SERVO_OUTPUT_RAW,0,0,0,0,0,0,0,0,1000,1000,1000,1000,0,0,0,0,0
2025-12-15 00:46:10.673,SERVO_OUTPUT_RAW,725909814,SERVO_OUTPUT_RAW,0,0,0,0,0,0,0,0,1000,1000,1000,1000,0,0,0,0,0
2025-12-15 00:46:10.773,SERVO_OUTPUT_RAW,726009796,SERVO_OUTPUT_RAW,0,0,0,0,0,0,0,0,1000,1000,1000,1000,0,0,0,0,0
2025-12-15 00:46:10.873,SERVO_OUTPUT_RAW,726109792,SERVO_OUTPUT_RAW,0,0,0,0,0,0,0,0,1000,1000,1000,1000,0,0,0,0,0
2025-12-15 00:46:10.973,SERVO_OUTPUT_RAW,726209820,SERVO_OUTPUT_RAW,0,0,0,0,0,0,0,0,1000,1000,1000,1000,0,0,0,0,0
2025-12-15 00:46:11.076,SERVO_OUTPUT_RAW,726309839,SERVO_OUTPUT_RAW,0,0,0,0,0,0,0,0,1000,1000,1000,1000,0,0,0,0,0
2025-12-15 00:46:11.176,SERVO_OUTPUT_RAW,726409815,SERVO_OUTPUT_RAW,0,0,0,0,0,0,0,0,1000,1000,1000,1000,0,0,0,0,0
2025-12-15 00:46:11.276,SERVO_OUTPUT_RAW,726509813,SERVO_OUTPUT_RAW,0,0,0,0,0,0,0,0,1000,1000,1000,1000,0,0,0,0,0
2025-12-15 00:46:11.375,SERVO_OUTPUT_RAW,726609826,SERVO_OUTPUT_RAW,0,0,0,0,0,0,0,0,1000,1000,1000,1000,0,0,0,0,0
2025-12-15 00:46:11.475,SERVO_OUTPUT_RAW,726709822,SERVO_OUTPUT_RAW,0,0,0,0,0,0,0,0,1000,1000,1000,1000,0,0,0,0,0
2025-12-15 00:46:11.575,SERVO_OUTPUT_RAW,726809798,SERVO_OUTPUT_RAW,0,0,0,0,0,0,0,0,1000,1000,1000,1000,0,0,0,0,0
2025-12-15 00:46:11.675,SERVO_OUTPUT_RAW,726909792,SERVO_OUTPUT_RAW,0,0,0,0,0,0,0,0,1000,1000,1000,1000,0,0,0,0,0
2025-12-15 00:46:11.775,SERVO_OUTPUT_RAW,727009793,SERVO_OUTPUT_RAW,0,0,0,0,0,0,0,0,1000,1000,1000,1000,0,0,0,0,0
2025-12-15 00:46:11.875,SERVO_OUTPUT_RAW,727109788,SERVO_OUTPUT_RAW,0,0,0,0,0,0,0,0,1000,1000,1000,1000,0,0,0,0,0
2025-12-15 00:46:11.975,SERVO_OUTPUT_RAW,727209796,SERVO_OUTPUT_RAW,0,0,0,0,0,0,0,0,1000,1000,1000,1000,0,0,0,0,0
2025-12-15 00:46:12.075,SERVO_OUTPUT_RAW,727309805,SERVO_OUTPUT_RAW,0,0,0,0,0,0,0,0,1000,1000,1000,1000,0,0,0,0,0
2025-12-15 00:46:12.175,SERVO_OUTPUT_RAW,727409850,SERVO_OUTPUT_RAW,0,0,0,0,0,0,0,0,1000,1000,1000,1000,0,0,0,0,0
2025-12-15 00:46:12.275,SERVO_OUTPUT_RAW,727512133,SERVO_OUTPUT_RAW,0,0,0,0,0,0,0,0,1000,1000,1000,1000,0,0,0,0,0
2025-12-15 00:46:12.375,SERVO_OUTPUT_RAW,727609804,SERVO_OUTPUT_RAW,0,0,0,0,0,0,0,0,1000,1000,1000,1000,0,0,0,0,0
2025-12-15 00:46:12.475,SERVO_OUTPUT_RAW,727709803,SERVO_OUTPUT_RAW,0,0,0,0,0,0,0,0,1000,1000,1000,1000,0,0,0,0,0
2025-12-15 00:46:12.574,SERVO_OUTPUT_RAW,727809829,SERVO_OUTPUT_RAW,0,0,0,0,0,0,0,0,1000,1000,1000,1000,0,0,0,0,0
2025-12-15 00:46:12.674,SERVO_OUTPUT_RAW,727909849,SERVO_OUTPUT_RAW,0,0,0,0,0,0,0,0,1000,1000,1000,1000,0,0,0,0,0
2025-12-15 00:46:12.775,SERVO_OUTPUT_RAW,728009775,SERVO_OUTPUT_RAW,0,0,0,0,0,0,0,0,1000,1000,1000,1000,0,0,0,0,0
2025-12-15 00:46:12.875,SERVO_OUTPUT_RAW,728109822,SERVO_OUTPUT_RAW,0,0,0,0,0,0,0,0,1000,1000,1000,1000,0,0,0,0,0
2025-12-15 00:46:12.975,SERVO_OUTPUT_RAW,728209829,SERVO_OUTPUT_RAW,0,0,0,0,0,0,0,0,1000,1000,1000,1000,0,0,0,0,0
2025-12-15 00:46:13.075,SERVO_OUTPUT_RAW,728309825,SERVO_OUTPUT_RAW,0,0,0,0,0,0,0,0,1000,1000,1000,1000,0,0,0,0,0
2025-12-15 00:46:13.175,SERVO_OUTPUT_RAW,728409788,SERVO_OUTPUT_RAW,0,0,0,0,0,0,0,0,1000,1000,1000,1000,0,0,0,0,0
2025-12-15 00:46:13.275,SERVO_OUTPUT_RAW,728509786,SERVO_OUTPUT_RAW,0,0,0,0,0,0,0,0,1000,1000,1000,1000,0,0,0,0,0
2025-12-15 00:46:13.375,SERVO_OUTPUT_RAW,728609782,SERVO_OUTPUT_RAW,0,0,0,0,0,0,0,0,1000,1000,1000,1000,0,0,0,0,0
2025-12-15 00:46:13.475,SERVO_OUTPUT_RAW,728709797,SERVO_OUTPUT_RAW,0,0,0,0,0,0,0,0,1000,1000,1000,1000,0,0,0,0,0
2025-12-15 00:46:13.575,SERVO_OUTPUT_RAW,728809796,SERVO_OUTPUT_RAW,0,0,0,0,0,0,0,0,1000,1000,1000,1000,0,0,0,0,0
2025-12-15 00:46:13.675,SERVO_OUTPUT_RAW,728909820,SERVO_OUTPUT_RAW,0,0,0,0,0,0,0,0,1000,1000,1000,1000,0,0,0,0,0
2025-12-15 00:46:13.775,SERVO_OUTPUT_RAW,729009765,SERVO_OUTPUT_RAW,0,0,0,0,0,0,0,0,1000,1000,1000,1000,0,0,0,0,0
2025-12-15 00:46:13.875,SERVO_OUTPUT_RAW,729109776,SERVO_OUTPUT_RAW,0,0,0,0,0,0,0,0,1000,1000,1000,1000,0,0,0,0,0
2025-12-15 00:46:13.975,SERVO_OUTPUT_RAW,729209831,SERVO_OUTPUT_RAW,0,0,0,0,0,0,0,0,1000,1000,1000,1000,0,0,0,0,0
2025-12-15 00:46:14.075,SERVO_OUTPUT_RAW,729309822,SERVO_OUTPUT_RAW,0,0,0,0,0,0,0,0,1000,1000,1000,1000,0,0,0,0,0
2025-12-15 00:46:14.176,SERVO_OUTPUT_RAW,729409834,SERVO_OUTPUT_RAW,0,0,0,0,0,0,0,0,1000,1000,1000,1000,0,0,0,0,0
2025-12-15 00:46:14.276,SERVO_OUTPUT_RAW,729509807,SERVO_OUTPUT_RAW,0,0,0,0,0,0,0,0,1000,1000,1000,1000,0,0,0,0,0
2025-12-15 00:46:14.375,SERVO_OUTPUT_RAW,729612158,SERVO_OUTPUT_RAW,0,0,0,0,0,0,0,0,1000,1000,1000,1000,0,0,0,0,0
2025-12-15 00:46:14.475,SERVO_OUTPUT_RAW,729709819,SERVO_OUTPUT_RAW,0,0,0,0,0,0,0,0,1000,1000,1000,1000,0,0,0,0,0
2025-12-15 00:46:14.575,SERVO_OUTPUT_RAW,729809821,SERVO_OUTPUT_RAW,0,0,0,0,0,0,0,0,1000,1000,1000,1000,0,0,0,0,0
2025-12-15 00:46:14.675,SERVO_OUTPUT_RAW,729909784,SERVO_OUTPUT_RAW,0,0,0,0,0,0,0,0,1000,1000,1000,1000,0,0,0,0,0
2025-12-15 00:46:14.776,SERVO_OUTPUT_RAW,730009788,SERVO_OUTPUT_RAW,0,0,0,0,0,0,0,0,1000,1000,1000,1000,0,0,0,0,0
2025-12-15 00:46:14.875,SERVO_OUTPUT_RAW,730109813,SERVO_OUTPUT_RAW,0,0,0,0,0,0,0,0,1000,1000,1000,1000,0,0,0,0,0
2025-12-15 00:46:14.975,SERVO_OUTPUT_RAW,730209795,SERVO_OUTPUT_RAW,0,0,0,0,0,0,0,0,1000,1000,1000,1000,0,0,0,0,0
2025-12-15 00:46:15.075,SERVO_OUTPUT_RAW,730309804,SERVO_OUTPUT_RAW,0,0,0,0,0,0,0,0,1000,1000,1000,1000,0,0,0,0,0
2025-12-15 00:46:15.175,SERVO_OUTPUT_RAW,730409796,SERVO_OUTPUT_RAW,0,0,0,0,0,0,0,0,1000,1000,1000,1000,0,0,0,0,0
2025-12-15 00:46:15.275,SERVO_OUTPUT_RAW,730509830,SERVO_OUTPUT_RAW,0,0,0,0,0,0,0,0,1000,1000,1000,1000,0,0,0,0,0
2025-12-15 00:46:15.375,SERVO_OUTPUT_RAW,730609843,SERVO_OUTPUT_RAW,0,0,0,0,0,0,0,0,1000,1000,1000,1000,0,0,0,0,0
2025-12-15 00:46:15.475,SERVO_OUTPUT_RAW,730709773,SERVO_OUTPUT_RAW,0,0,0,0,0,0,0,0,1000,1000,1000,1000,0,0,0,0,0
2025-12-15 00:46:15.575,SERVO_OUTPUT_RAW,730809804,SERVO_OUTPUT_RAW,0,0,0,0,0,0,0,0,1000,1000,1000,1000,0,0,0,0,0
2025-12-15 00:46:15.675,SERVO_OUTPUT_RAW,730909825,SERVO_OUTPUT_RAW,0,0,0,0,0,0,0,0,1000,1000,1000,1000,0,0,0,0,0
2025-12-15 00:46:15.775,SERVO_OUTPUT_RAW,731012069,SERVO_OUTPUT_RAW,0,0,0,0,0,0,0,0,1000,1000,1000,1000,0,0,0,0,0
2025-12-15 00:46:15.876,SERVO_OUTPUT_RAW,731109856,SERVO_OUTPUT_RAW,0,0,0,0,0,0,0,0,1000,1000,1000,1000,0,0,0,0,0
2025-12-15 00:46:15.975,SERVO_OUTPUT_RAW,731209806,SERVO_OUTPUT_RAW,0,0,0,0,0,0,0,0,1000,1000,1000,1000,0,0,0,0,0
2025-12-15 00:46:16.075,SERVO_OUTPUT_RAW,731309824,SERVO_OUTPUT_RAW,0,0,0,0,0,0,0,0,1000,1000,1000,1000,0,0,0,0,0
2025-12-15 00:46:16.175,SERVO_OUTPUT_RAW,731409822,SERVO_OUTPUT_RAW,0,0,0,0,0,0,0,0,1000,1000,1000,1000,0,0,0,0,0
2025-12-15 00:46:16.275,SERVO_OUTPUT_RAW,731509788,SERVO_OUTPUT_RAW,0,0,0,0,0,0,0,0,1000,1000,1000,1000,0,0,0,0,0
2025-12-15 00:46:16.375,SERVO_OUTPUT_RAW,731609789,SERVO_OUTPUT_RAW,0,0,0,0,0,0,0,0,1000,1000,1000,1000,0,0,0,0,0
2025-12-15 00:46:16.475,SERVO_OUTPUT_RAW,731709863,SERVO_OUTPUT_RAW,0,0,0,0,0,0,0,0,1000,1000,1000,1000,0,0,0,0,0
2025-12-15 00:46:16.575,SERVO_OUTPUT_RAW,731809784,SERVO_OUTPUT_RAW,0,0,0,0,0,0,0,0,1000,1000,1000,1000,0,0,0,0,0
2025-12-15 00:46:16.676,SERVO_OUTPUT_RAW,731909792,SERVO_OUTPUT_RAW,0,0,0,0,0,0,0,0,1000,1000,1000,1000,0,0,0,0,0
2025-12-15 00:46:16.775,SERVO_OUTPUT_RAW,732009840,SERVO_OUTPUT_RAW,0,0,0,0,0,0,0,0,1000,1000,1000,1000,0,0,0,0,0
2025-12-15 00:46:16.875,SERVO_OUTPUT_RAW,732109832,SERVO_OUTPUT_RAW,0,0,0,0,0,0,0,0,1000,1000,1000,1000,0,0,0,0,0
2025-12-15 00:46:16.976,SERVO_OUTPUT_RAW,732209835,SERVO_OUTPUT_RAW,0,0,0,0,0,0,0,0,1000,1000,1000,1000,0,0,0,0,0
2025-12-15 00:46:17.075,SERVO_OUTPUT_RAW,732309813,SERVO_OUTPUT_RAW,0,0,0,0,0,0,0,0,1000,1000,1000,1000,0,0,0,0,0
2025-12-15 00:46:17.175,SERVO_OUTPUT_RAW,732409823,SERVO_OUTPUT_RAW,0,0,0,0,0,0,0,0,1000,1000,1000,1000,0,0,0,0,0
2025-12-15 00:46:17.276,SERVO_OUTPUT_RAW,732509846,SERVO_OUTPUT_RAW,0,0,0,0,0,0,0,0,1000,1000,1000,1000,0,0,0,0,0
2025-12-15 00:46:17.376,SERVO_OUTPUT_RAW,732609850,SERVO_OUTPUT_RAW,0,0,0,0,0,0,0,0,1000,1000,1000,1000,0,0,0,0,0
2025-12-15 00:46:17.475,SERVO_OUTPUT_RAW,732709780,SERVO_OUTPUT_RAW,0,0,0,0,0,0,0,0,1000,1000,1000,1000,0,0,0,0,0
2025-12-15 00:46:17.575,SERVO_OUTPUT_RAW,732809824,SERVO_OUTPUT_RAW,0,0,0,0,0,0,0,0,1000,1000,1000,1000,0,0,0,0,0
2025-12-15 00:46:17.675,SERVO_OUTPUT_RAW,732909807,SERVO_OUTPUT_RAW,0,0,0,0,0,0,0,0,1000,1000,1000,1000,0,0,0,0,0
2025-12-15 00:46:17.775,SERVO_OUTPUT_RAW,733009775,SERVO_OUTPUT_RAW,0,0,0,0,0,0,0,0,1000,1000,1000,1000,0,0,0,0,0
2025-12-15 00:46:17.875,SERVO_OUTPUT_RAW,733109789,SERVO_OUTPUT_RAW,0,0,0,0,0,0,0,0,1000,1000,1000,1000,0,0,0,0,0
2025-12-15 00:46:17.975,SERVO_OUTPUT_RAW,733209784,SERVO_OUTPUT_RAW,0,0,0,0,0,0,0,0,1000,1000,1000,1000,0,0,0,0,0
2025-12-15 00:46:18.075,SERVO_OUTPUT_RAW,733309799,SERVO_OUTPUT_RAW,0,0,0,0,0,0,0,0,1000,1000,1000,1000,0,0,0,0,0
2025-12-15 00:46:18.176,SERVO_OUTPUT_RAW,733409796,SERVO_OUTPUT_RAW,0,0,0,0,0,0,0,0,1000,1000,1000,1000,0,0,0,0,0
2025-12-15 00:46:18.276,SERVO_OUTPUT_RAW,733509791,SERVO_OUTPUT_RAW,0,0,0,0,0,0,0,0,1000,1000,1000,1000,0,0,0,0,0
2025-12-15 00:46:18.375,SERVO_OUTPUT_RAW,733609845,SERVO_OUTPUT_RAW,0,0,0,0,0,0,0,0,1000,1000,1000,1000,0,0,0,0,0
2025-12-15 00:46:18.475,SERVO_OUTPUT_RAW,733709881,SERVO_OUTPUT_RAW,0,0,0,0,0,0,0,0,1000,1000,1000,1000,0,0,0,0,0
2025-12-15 00:46:18.575,SERVO_OUTPUT_RAW,733812150,SERVO_OUTPUT_RAW,0,0,0,0,0,0,0,0,1000,1000,1000,1000,0,0,0,0,0
2025-12-15 00:46:18.675,SERVO_OUTPUT_RAW,733909898,SERVO_OUTPUT_RAW,0,0,0,0,0,0,0,0,1000,1000,1000,1000,0,0,0,0,0
2025-12-15 00:46:18.775,SERVO_OUTPUT_RAW,734009814,SERVO_OUTPUT_RAW,0,0,0,0,0,0,0,0,1000,1000,1000,1000,0,0,0,0,0
2025-12-15 00:46:18.876,SERVO_OUTPUT_RAW,734109847,SERVO_OUTPUT_RAW,0,0,0,0,0,0,0,0,1000,1000,1000,1000,0,0,0,0,0
2025-12-15 00:46:18.976,SERVO_OUTPUT_RAW,734209809,SERVO_OUTPUT_RAW,0,0,0,0,0,0,0,0,1000,1000,1000,1000,0,0,0,0,0
2025-12-15 00:46:19.076,SERVO_OUTPUT_RAW,734309784,SERVO_OUTPUT_RAW,0,0,0,0,0,0,0,0,1000,1000,1000,1000,0,0,0,0,0
2025-12-15 00:46:19.176,SERVO_OUTPUT_RAW,734409827,SERVO_OUTPUT_RAW,0,0,0,0,0,0,0,0,1000,1000,1000,1000,0,0,0,0,0
2025-12-15 00:46:19.276,SERVO_OUTPUT_RAW,734509815,SERVO_OUTPUT_RAW,0,0,0,0,0,0,0,0,1000,1000,1000,1000,0,0,0,0,0
2025-12-15 00:46:19.376,SERVO_OUTPUT_RAW,734609820,SERVO_OUTPUT_RAW,0,0,0,0,0,0,0,0,1000,1000,1000,1000,0,0,0,0,0
2025-12-15 00:46:19.476,SERVO_OUTPUT_RAW,734709799,SERVO_OUTPUT_RAW,0,0,0,0,0,0,0,0,1000,1000,1000,1000,0,0,0,0,0
2025-12-15 00:46:19.576,SERVO_OUTPUT_RAW,734809789,SERVO_OUTPUT_RAW,0,0,0,0,0,0,0,0,1000,1000,1000,1000,0,0,0,0,0
2025-12-15 00:46:19.676,SERVO_OUTPUT_RAW,734909805,SERVO_OUTPUT_RAW,0,0,0,0,0,0,0,0,1000,1000,1000,1000,0,0,0,0,0
2025-12-15 00:46:19.776,SERVO_OUTPUT_RAW,735009797,SERVO_OUTPUT_RAW,0,0,0,0,0,0,0,0,1000,1000,1000,1000,0,0,0,0,0
2025-12-15 00:46:19.876,SERVO_OUTPUT_RAW,735109806,SERVO_OUTPUT_RAW,0,0,0,0,0,0,0,0,1000,1000,1000,1000,0,0,0,0,0
2025-12-15 00:46:19.976,SERVO_OUTPUT_RAW,735209838,SERVO_OUTPUT_RAW,0,0,0,0,0,0,0,0,1000,1000,1000,1000,0,0,0,0,0
2025-12-15 00:46:20.076,SERVO_OUTPUT_RAW,735309781,SERVO_OUTPUT_RAW,0,0,0,0,0,0,0,0,1000,1000,1000,1000,0,0,0,0,0
2025-12-15 00:46:20.176,SERVO_OUTPUT_RAW,735409774,SERVO_OUTPUT_RAW,0,0,0,0,0,0,0,0,1000,1000,1000,1000,0,0,0,0,0
2025-12-15 00:46:20.276,SERVO_OUTPUT_RAW,735509852,SERVO_OUTPUT_RAW,0,0,0,0,0,0,0,0,1000,1000,1000,1000,0,0,0,0,0
2025-12-15 00:46:20.376,SERVO_OUTPUT_RAW,735609845,SERVO_OUTPUT_RAW,0,0,0,0,0,0,0,0,1000,1000,1000,1000,0,0,0,0,0
2025-12-15 00:46:20.476,SERVO_OUTPUT_RAW,735709843,SERVO_OUTPUT_RAW,0,0,0,0,0,0,0,0,1000,1000,1000,1000,0,0,0,0,0
2025-12-15 00:46:20.576,SERVO_OUTPUT_RAW,735809773,SERVO_OUTPUT_RAW,0,0,0,0,0,0,0,0,1000,1000,1000,1000,0,0,0,0,0
2025-12-15 00:46:20.676,SERVO_OUTPUT_RAW,735909900,SERVO_OUTPUT_RAW,0,0,0,0,0,0,0,0,1000,1000,1000,1000,0,0,0,0,0
2025-12-15 00:46:20.776,SERVO_OUTPUT_RAW,736009810,SERVO_OUTPUT_RAW,0,0,0,0,0,0,0,0,1000,1000,1000,1000,0,0,0,0,0
2025-12-15 00:46:20.876,SERVO_OUTPUT_RAW,736109821,SERVO_OUTPUT_RAW,0,0,0,0,0,0,0,0,1000,1000,1000,1000,0,0,0,0,0
2025-12-15 00:46:20.976,SERVO_OUTPUT_RAW,736209789,SERVO_OUTPUT_RAW,0,0,0,0,0,0,0,0,1000,1000,1000,1000,0,0,0,0,0
2025-12-15 00:46:21.076,SERVO_OUTPUT_RAW,736309786,SERVO_OUTPUT_RAW,0,0,0,0,0,0,0,0,1000,1000,1000,1000,0,0,0,0,0
2025-12-15 00:46:21.176,SERVO_OUTPUT_RAW,736409804,SERVO_OUTPUT_RAW,0,0,0,0,0,0,0,0,1000,1000,1000,1000,0,0,0,0,0
2025-12-15 00:46:21.276,SERVO_OUTPUT_RAW,736509785,SERVO_OUTPUT_RAW,0,0,0,0,0,0,0,0,1000,1000,1000,1000,0,0,0,0,0
2025-12-15 00:46:21.375,SERVO_OUTPUT_RAW,736612174,SERVO_OUTPUT_RAW,0,0,0,0,0,0,0,0,1000,1000,1000,1000,0,0,0,0,0
2025-12-15 00:46:21.475,SERVO_OUTPUT_RAW,736709824,SERVO_OUTPUT_RAW,0,0,0,0,0,0,0,0,1000,1000,1000,1000,0,0,0,0,0
2025-12-15 00:46:21.576,SERVO_OUTPUT_RAW,736809882,SERVO_OUTPUT_RAW,0,0,0,0,0,0,0,0,1000,1000,1000,1000,0,0,0,0,0
2025-12-15 00:46:21.675,SERVO_OUTPUT_RAW,736909856,SERVO_OUTPUT_RAW,0,0,0,0,0,0,0,0,1000,1000,1000,1000,0,0,0,0,0
2025-12-15 00:46:21.775,SERVO_OUTPUT_RAW,737009787,SERVO_OUTPUT_RAW,0,0,0,0,0,0,0,0,1000,1000,1000,1000,0,0,0,0,0
2025-12-15 00:46:21.875,SERVO_OUTPUT_RAW,737109852,SERVO_OUTPUT_RAW,0,0,0,0,0,0,0,0,1000,1000,1000,1000,0,0,0,0,0
2025-12-15 00:46:21.976,SERVO_OUTPUT_RAW,737209847,SERVO_OUTPUT_RAW,0,0,0,0,0,0,0,0,1000,1000,1000,1000,0,0,0,0,0
2025-12-15 00:46:22.076,SERVO_OUTPUT_RAW,737309840,SERVO_OUTPUT_RAW,0,0,0,0,0,0,0,0,1000,1000,1000,1000,0,0,0,0,0
2025-12-15 00:46:22.175,SERVO_OUTPUT_RAW,737409776,SERVO_OUTPUT_RAW,0,0,0,0,0,0,0,0,1000,1000,1000,1000,0,0,0,0,0
2025-12-15 00:46:22.275,SERVO_OUTPUT_RAW,737509806,SERVO_OUTPUT_RAW,0,0,0,0,0,0,0,0,1000,1000,1000,1000,0,0,0,0,0
2025-12-15 00:46:22.375,SERVO_OUTPUT_RAW,737609820,SERVO_OUTPUT_RAW,0,0,0,0,0,0,0,0,1000,1000,1000,1000,0,0,0,0,0
2025-12-15 00:46:22.475,SERVO_OUTPUT_RAW,737709794,SERVO_OUTPUT_RAW,0,0,0,0,0,0,0,0,1000,1000,1000,1000,0,0,0,0,0
2025-12-15 00:46:22.576,SERVO_OUTPUT_RAW,737809805,SERVO_OUTPUT_RAW,0,0,0,0,0,0,0,0,1000,1000,1000,1000,0,0,0,0,0
2025-12-15 00:46:22.675,SERVO_OUTPUT_RAW,737909791,SERVO_OUTPUT_RAW,0,0,0,0,0,0,0,0,1000,1000,1000,1000,0,0,0,0,0
2025-12-15 00:46:22.775,SERVO_OUTPUT_RAW,738009861,SERVO_OUTPUT_RAW,0,0,0,0,0,0,0,0,1000,1000,1000,1000,0,0,0,0,0
2025-12-15 00:46:22.875,SERVO_OUTPUT_RAW,738109788,SERVO_OUTPUT_RAW,0,0,0,0,0,0,0,0,1000,1000,1000,1000,0,0,0,0,0
2025-12-15 00:46:22.975,SERVO_OUTPUT_RAW,738209830,SERVO_OUTPUT_RAW,0,0,0,0,0,0,0,0,1000,1000,1000,1000,0,0,0,0,0
2025-12-15 00:46:23.075,SERVO_OUTPUT_RAW,738309828,SERVO_OUTPUT_RAW,0,0,0,0,0,0,0,0,1000,1000,1000,1000,0,0,0,0,0
2025-12-15 00:46:23.175,SERVO_OUTPUT_RAW,738409783,SERVO_OUTPUT_RAW,0,0,0,0,0,0,0,0,1000,1000,1000,1000,0,0,0,0,0
2025-12-15 00:46:23.275,SERVO_OUTPUT_RAW,738509775,SERVO_OUTPUT_RAW,0,0,0,0,0,0,0,0,1000,1000,1000,1000,0,0,0,0,0
2025-12-15 00:46:23.375,SERVO_OUTPUT_RAW,738609797,SERVO_OUTPUT_RAW,0,0,0,0,0,0,0,0,1000,1000,1000,1000,0,0,0,0,0
2025-12-15 00:46:23.475,SERVO_OUTPUT_RAW,738709820,SERVO_OUTPUT_RAW,0,0,0,0,0,0,0,0,1000,1000,1000,1000,0,0,0,0,0
2025-12-15 00:46:23.575,SERVO_OUTPUT_RAW,738809846,SERVO_OUTPUT_RAW,0,0,0,0,0,0,0,0,1000,1000,1000,1000,0,0,0,0,0
2025-12-15 00:46:23.675,SERVO_OUTPUT_RAW,738909786,SERVO_OUTPUT_RAW,0,0,0,0,0,0,0,0,1000,1000,1000,1000,0,0,0,0,0
2025-12-15 00:46:23.775,SERVO_OUTPUT_RAW,739009801,SERVO_OUTPUT_RAW,0,0,0,0,0,0,0,0,1000,1000,1000,1000,0,0,0,0,0
2025-12-15 00:46:23.876,SERVO_OUTPUT_RAW,739109935,SERVO_OUTPUT_RAW,0,0,0,0,0,0,0,0,1000,1000,1000,1000,0,0,0,0,0
2025-12-15 00:46:23.975,SERVO_OUTPUT_RAW,739209812,SERVO_OUTPUT_RAW,0,0,0,0,0,0,0,0,1000,1000,1000,1000,0,0,0,0,0
2025-12-15 00:46:24.075,SERVO_OUTPUT_RAW,739309790,SERVO_OUTPUT_RAW,0,0,0,0,0,0,0,0,1000,1000,1000,1000,0,0,0,0,0
2025-12-15 00:46:24.175,SERVO_OUTPUT_RAW,739409787,SERVO_OUTPUT_RAW,0,0,0,0,0,0,0,0,1000,1000,1000,1000,0,0,0,0,0
2025-12-15 00:46:24.275,SERVO_OUTPUT_RAW,739509785,SERVO_OUTPUT_RAW,0,0,0,0,0,0,0,0,1000,1000,1000,1000,0,0,0,0,0
2025-12-15 00:46:24.375,SERVO_OUTPUT_RAW,739609796,SERVO_OUTPUT_RAW,0,0,0,0,0,0,0,0,1000,1000,1000,1000,0,0,0,0,0
2025-12-15 00:46:24.475,SERVO_OUTPUT_RAW,739709815,SERVO_OUTPUT_RAW,0,0,0,0,0,0,0,0,1000,1000,1000,1000,0,0,0,0,0
2025-12-15 00:46:24.575,SERVO_OUTPUT_RAW,739809808,SERVO_OUTPUT_RAW,0,0,0,0,0,0,0,0,1000,1000,1000,1000,0,0,0,0,0
2025-12-15 00:46:24.675,SERVO_OUTPUT_RAW,739909830,SERVO_OUTPUT_RAW,0,0,0,0,0,0,0,0,1000,1000,1000,1000,0,0,0,0,0
2025-12-15 00:46:24.775,SERVO_OUTPUT_RAW,740012140,SERVO_OUTPUT_RAW,0,0,0,0,0,0,0,0,1000,1000,1000,1000,0,0,0,0,0
2025-12-15 00:46:24.880,SERVO_OUTPUT_RAW,740112177,SERVO_OUTPUT_RAW,0,0,0,0,0,0,0,0,1000,1000,1000,1000,0,0,0,0,0
2025-12-15 00:46:24.975,SERVO_OUTPUT_RAW,740209818,SERVO_OUTPUT_RAW,0,0,0,0,0,0,0,0,1000,1000,1000,1000,0,0,0,0,0
2025-12-15 00:46:25.075,SERVO_OUTPUT_RAW,740309833,SERVO_OUTPUT_RAW,0,0,0,0,0,0,0,0,1000,1000,1000,1000,0,0,0,0,0
2025-12-15 00:46:25.175,SERVO_OUTPUT_RAW,740409839,SERVO_OUTPUT_RAW,0,0,0,0,0,0,0,0,1000,1000,1000,1000,0,0,0,0,0
2025-12-15 00:46:25.275,SERVO_OUTPUT_RAW,740509776,SERVO_OUTPUT_RAW,0,0,0,0,0,0,0,0,1000,1000,1000,1000,0,0,0,0,0
2025-12-15 00:46:25.375,SERVO_OUTPUT_RAW,740609810,SERVO_OUTPUT_RAW,0,0,0,0,0,0,0,0,1000,1000,1000,1000,0,0,0,0,0
2025-12-15 00:46:25.475,SERVO_OUTPUT_RAW,740709832,SERVO_OUTPUT_RAW,0,0,0,0,0,0,0,0,1000,1000,1000,1000,0,0,0,0,0
2025-12-15 00:46:25.575,SERVO_OUTPUT_RAW,740809779,SERVO_OUTPUT_RAW,0,0,0,0,0,0,0,0,1000,1000,1000,1000,0,0,0,0,0
2025-12-15 00:46:25.675,SERVO_OUTPUT_RAW,740909798,SERVO_OUTPUT_RAW,0,0,0,0,0,0,0,0,1000,1000,1000,1000,0,0,0,0,0
2025-12-15 00:46:25.775,SERVO_OUTPUT_RAW,741009801,SERVO_OUTPUT_RAW,0,0,0,0,0,0,0,0,1000,1000,1000,1000,0,0,0,0,0
2025-12-15 00:46:25.875,SERVO_OUTPUT_RAW,741109803,SERVO_OUTPUT_RAW,0,0,0,0,0,0,0,0,1000,1000,1000,1000,0,0,0,0,0
2025-12-15 00:46:25.975,SERVO_OUTPUT_RAW,741209795,SERVO_OUTPUT_RAW,0,0,0,0,0,0,0,0,1000,1000,1000,1000,0,0,0,0,0
2025-12-15 00:46:26.075,SERVO_OUTPUT_RAW,741309800,SERVO_OUTPUT_RAW,0,0,0,0,0,0,0,0,1000,1000,1000,1000,0,0,0,0,0
2025-12-15 00:46:26.176,SERVO_OUTPUT_RAW,741409815,SERVO_OUTPUT_RAW,0,0,0,0,0,0,0,0,1000,1000,1000,1000,0,0,0,0,0
2025-12-15 00:46:26.275,SERVO_OUTPUT_RAW,741509830,SERVO_OUTPUT_RAW,0,0,0,0,0,0,0,0,1000,1000,1000,1000,0,0,0,0,0
2025-12-15 00:46:26.375,SERVO_OUTPUT_RAW,741609801,SERVO_OUTPUT_RAW,0,0,0,0,0,0,0,0,1000,1000,1000,1000,0,0,0,0,0
2025-12-15 00:46:26.475,SERVO_OUTPUT_RAW,741709793,SERVO_OUTPUT_RAW,0,0,0,0,0,0,0,0,1000,1000,1000,1000,0,0,0,0,0
2025-12-15 00:46:26.576,SERVO_OUTPUT_RAW,741809909,SERVO_OUTPUT_RAW,0,0,0,0,0,0,0,0,1000,1000,1000,1000,0,0,0,0,0
2025-12-15 00:46:26.676,SERVO_OUTPUT_RAW,741909834,SERVO_OUTPUT_RAW,0,0,0,0,0,0,0,0,1000,1000,1000,1000,0,0,0,0,0
2025-12-15 00:46:26.776,SERVO_OUTPUT_RAW,742009858,SERVO_OUTPUT_RAW,0,0,0,0,0,0,0,0,1000,1000,1000,1000,0,0,0,0,0
2025-12-15 00:46:26.876,SERVO_OUTPUT_RAW,742109785,SERVO_OUTPUT_RAW,0,0,0,0,0,0,0,0,1000,1000,1000,1000,0,0,0,0,0
2025-12-15 00:46:26.976,SERVO_OUTPUT_RAW,742209930,SERVO_OUTPUT_RAW,0,0,0,0,0,0,0,0,1000,1000,1000,1000,0,0,0,0,0
2025-12-15 00:46:27.076,SERVO_OUTPUT_RAW,742309823,SERVO_OUTPUT_RAW,0,0,0,0,0,0,0,0,1000,1000,1000,1000,0,0,0,0,0
2025-12-15 00:46:27.176,SERVO_OUTPUT_RAW,742409784,SERVO_OUTPUT_RAW,0,0,0,0,0,0,0,0,1000,1000,1000,1000,0,0,0,0,0
2025-12-15 00:46:27.276,SERVO_OUTPUT_RAW,742509786,SERVO_OUTPUT_RAW,0,0,0,0,0,0,0,0,1000,1000,1000,1000,0,0,0,0,0
2025-12-15 00:46:27.378,SERVO_OUTPUT_RAW,742609814,SERVO_OUTPUT_RAW,0,0,0,0,0,0,0,0,1000,1000,1000,1000,0,0,0,0,0
2025-12-15 00:46:27.479,SERVO_OUTPUT_RAW,742709804,SERVO_OUTPUT_RAW,0,0,0,0,0,0,0,0,1000,1000,1000,1000,0,0,0,0,0
2025-12-15 00:46:27.575,SERVO_OUTPUT_RAW,742809783,SERVO_OUTPUT_RAW,0,0,0,0,0,0,0,0,1000,1000,1000,1000,0,0,0,0,0
2025-12-15 00:46:27.676,SERVO_OUTPUT_RAW,742909827,SERVO_OUTPUT_RAW,0,0,0,0,0,0,0,0,1000,1000,1000,1000,0,0,0,0,0
2025-12-15 00:46:27.776,SERVO_OUTPUT_RAW,743009849,SERVO_OUTPUT_RAW,0,0,0,0,0,0,0,0,1000,1000,1000,1000,0,0,0,0,0
2025-12-15 00:46:27.876,SERVO_OUTPUT_RAW,743109839,SERVO_OUTPUT_RAW,0,0,0,0,0,0,0,0,1000,1000,1000,1000,0,0,0,0,0
2025-12-15 00:46:27.976,SERVO_OUTPUT_RAW,743209806,SERVO_OUTPUT_RAW,0,0,0,0,0,0,0,0,1000,1000,1000,1000,0,0,0,0,0
2025-12-15 00:46:28.076,SERVO_OUTPUT_RAW,743309811,SERVO_OUTPUT_RAW,0,0,0,0,0,0,0,0,1000,1000,1000,1000,0,0,0,0,0
2025-12-15 00:46:28.176,SERVO_OUTPUT_RAW,743409843,SERVO_OUTPUT_RAW,0,0,0,0,0,0,0,0,1000,1000,1000,1000,0,0,0,0,0
2025-12-15 00:46:28.276,SERVO_OUTPUT_RAW,743509859,SERVO_OUTPUT_RAW,0,0,0,0,0,0,0,0,1000,1000,1000,1000,0,0,0,0,0
2025-12-15 00:46:28.376,SERVO_OUTPUT_RAW,743609803,SERVO_OUTPUT_RAW,0,0,0,0,0,0,0,0,1000,1000,1000,1000,0,0,0,0,0
2025-12-15 00:46:28.476,SERVO_OUTPUT_RAW,743709795,SERVO_OUTPUT_RAW,0,0,0,0,0,0,0,0,1000,1000,1000,1000,0,0,0,0,0
2025-12-15 00:46:28.576,SERVO_OUTPUT_RAW,743809807,SERVO_OUTPUT_RAW,0,0,0,0,0,0,0,0,1000,1000,1000,1000,0,0,0,0,0
2025-12-15 00:46:28.676,SERVO_OUTPUT_RAW,743909775,SERVO_OUTPUT_RAW,0,0,0,0,0,0,0,0,1000,1000,1000,1000,0,0,0,0,0
2025-12-15 00:46:28.776,SERVO_OUTPUT_RAW,744009788,SERVO_OUTPUT_RAW,0,0,0,0,0,0,0,0,1000,1000,1000,1000,0,0,0,0,0
2025-12-15 00:46:28.876,SERVO_OUTPUT_RAW,744109778,SERVO_OUTPUT_RAW,0,0,0,0,0,0,0,0,1000,1000,1000,1000,0,0,0,0,0
2025-12-15 00:46:28.976,SERVO_OUTPUT_RAW,744209785,SERVO_OUTPUT_RAW,0,0,0,0,0,0,0,0,1000,1000,1000,1000,0,0,0,0,0
2025-12-15 00:46:29.076,SERVO_OUTPUT_RAW,744309861,SERVO_OUTPUT_RAW,0,0,0,0,0,0,0,0,1000,1000,1000,1000,0,0,0,0,0
2025-12-15 00:46:29.176,SERVO_OUTPUT_RAW,744409792,SERVO_OUTPUT_RAW,0,0,0,0,0,0,0,0,1000,1000,1000,1000,0,0,0,0,0
2025-12-15 00:46:29.276,SERVO_OUTPUT_RAW,744512141,SERVO_OUTPUT_RAW,0,0,0,0,0,0,0,0,1000,1000,1000,1000,0,0,0,0,0
2025-12-15 00:46:29.376,SERVO_OUTPUT_RAW,744609851,SERVO_OUTPUT_RAW,0,0,0,0,0,0,0,0,1000,1000,1000,1000,0,0,0,0,0
2025-12-15 00:46:29.476,SERVO_OUTPUT_RAW,744709841,SERVO_OUTPUT_RAW,0,0,0,0,0,0,0,0,1000,1000,1000,1000,0,0,0,0,0
2025-12-15 00:46:29.576,SERVO_OUTPUT_RAW,744809815,SERVO_OUTPUT_RAW,0,0,0,0,0,0,0,0,1000,1000,1000,1000,0,0,0,0,0
2025-12-15 00:46:29.677,SERVO_OUTPUT_RAW,744909811,SERVO_OUTPUT_RAW,0,0,0,0,0,0,0,0,1000,1000,1000,1000,0,0,0,0,0
2025-12-15 00:46:29.776,SERVO_OUTPUT_RAW,745009844,SERVO_OUTPUT_RAW,0,0,0,0,0,0,0,0,1000,1000,1000,1000,0,0,0,0,0
2025-12-15 00:46:29.876,SERVO_OUTPUT_RAW,745109841,SERVO_OUTPUT_RAW,0,0,0,0,0,0,0,0,1000,1000,1000,1000,0,0,0,0,0
2025-12-15 00:46:29.976,SERVO_OUTPUT_RAW,745209782,SERVO_OUTPUT_RAW,0,0,0,0,0,0,0,0,1000,1000,1000,1000,0,0,0,0,0
2025-12-15 00:46:30.076,SERVO_OUTPUT_RAW,745309812,SERVO_OUTPUT_RAW,0,0,0,0,0,0,0,0,1000,1000,1000,1000,0,0,0,0,0
2025-12-15 00:46:30.177,SERVO_OUTPUT_RAW,745409839,SERVO_OUTPUT_RAW,0,0,0,0,0,0,0,0,1000,1000,1000,1000,0,0,0,0,0
2025-12-15 00:46:30.276,SERVO_OUTPUT_RAW,745509830,SERVO_OUTPUT_RAW,0,0,0,0,0,0,0,0,1000,1000,1000,1000,0,0,0,0,0
2025-12-15 00:46:30.376,SERVO_OUTPUT_RAW,745609783,SERVO_OUTPUT_RAW,0,0,0,0,0,0,0,0,1000,1000,1000,1000,0,0,0,0,0
2025-12-15 00:46:30.476,SERVO_OUTPUT_RAW,745709790,SERVO_OUTPUT_RAW,0,0,0,0,0,0,0,0,1000,1000,1000,1000,0,0,0,0,0
2025-12-15 00:46:30.577,SERVO_OUTPUT_RAW,745809785,SERVO_OUTPUT_RAW,0,0,0,0,0,0,0,0,1000,1000,1000,1000,0,0,0,0,0
2025-12-15 00:46:30.675,SERVO_OUTPUT_RAW,745912122,SERVO_OUTPUT_RAW,0,0,0,0,0,0,0,0,1000,1000,1000,1000,0,0,0,0,0
2025-12-15 00:46:30.775,SERVO_OUTPUT_RAW,746009737,SERVO_OUTPUT_RAW,0,0,0,0,0,0,0,0,1000,1000,1000,1000,0,0,0,0,0
2025-12-15 00:46:30.876,SERVO_OUTPUT_RAW,746109836,SERVO_OUTPUT_RAW,0,0,0,0,0,0,0,0,1000,1000,1000,1000,0,0,0,0,0
2025-12-15 00:46:30.976,SERVO_OUTPUT_RAW,746209834,SERVO_OUTPUT_RAW,0,0,0,0,0,0,0,0,1000,1000,1000,1000,0,0,0,0,0
2025-12-15 00:46:31.076,SERVO_OUTPUT_RAW,746309881,SERVO_OUTPUT_RAW,0,0,0,0,0,0,0,0,1000,1000,1000,1000,0,0,0,0,0
2025-12-15 00:46:31.177,SERVO_OUTPUT_RAW,746412152,SERVO_OUTPUT_RAW,0,0,0,0,0,0,0,0,1000,1000,1000,1000,0,0,0,0,0
2025-12-15 00:46:31.276,SERVO_OUTPUT_RAW,746509840,SERVO_OUTPUT_RAW,0,0,0,0,0,0,0,0,1000,1000,1000,1000,0,0,0,0,0
2025-12-15 00:46:31.376,SERVO_OUTPUT_RAW,746609834,SERVO_OUTPUT_RAW,0,0,0,0,0,0,0,0,1000,1000,1000,1000,0,0,0,0,0
2025-12-15 00:46:31.476,SERVO_OUTPUT_RAW,746709784,SERVO_OUTPUT_RAW,0,0,0,0,0,0,0,0,1000,1000,1000,1000,0,0,0,0,0
2025-12-15 00:46:31.575,SERVO_OUTPUT_RAW,746809782,SERVO_OUTPUT_RAW,0,0,0,0,0,0,0,0,1000,1000,1000,1000,0,0,0,0,0
2025-12-15 00:46:31.676,SERVO_OUTPUT_RAW,746909816,SERVO_OUTPUT_RAW,0,0,0,0,0,0,0,0,1000,1000,1000,1000,0,0,0,0,0
2025-12-15 00:46:31.777,SERVO_OUTPUT_RAW,747009821,SERVO_OUTPUT_RAW,0,0,0,0,0,0,0,0,1000,1000,1000,1000,0,0,0,0,0
2025-12-15 00:46:31.876,SERVO_OUTPUT_RAW,747109778,SERVO_OUTPUT_RAW,0,0,0,0,0,0,0,0,1000,1000,1000,1000,0,0,0,0,0
2025-12-15 00:46:31.975,SERVO_OUTPUT_RAW,747209806,SERVO_OUTPUT_RAW,0,0,0,0,0,0,0,0,1000,1000,1000,1000,0,0,0,0,0
2025-12-15 00:46:32.075,SERVO_OUTPUT_RAW,747309777,SERVO_OUTPUT_RAW,0,0,0,0,0,0,0,0,1000,1000,1000,1000,0,0,0,0,0
2025-12-15 00:46:32.176,SERVO_OUTPUT_RAW,747409785,SERVO_OUTPUT_RAW,0,0,0,0,0,0,0,0,1000,1000,1000,1000,0,0,0,0,0
2025-12-15 00:46:32.275,SERVO_OUTPUT_RAW,747512149,SERVO_OUTPUT_RAW,0,0,0,0,0,0,0,0,1000,1000,1000,1000,0,0,0,0,0
2025-12-15 00:46:32.376,SERVO_OUTPUT_RAW,747609795,SERVO_OUTPUT_RAW,0,0,0,0,0,0,0,0,1000,1000,1000,1000,0,0,0,0,0
2025-12-15 00:46:32.476,SERVO_OUTPUT_RAW,747709833,SERVO_OUTPUT_RAW,0,0,0,0,0,0,0,0,1000,1000,1000,1000,0,0,0,0,0
2025-12-15 00:46:32.575,SERVO_OUTPUT_RAW,747809860,SERVO_OUTPUT_RAW,0,0,0,0,0,0,0,0,1000,1000,1000,1000,0,0,0,0,0
2025-12-15 00:46:32.675,SERVO_OUTPUT_RAW,747909784,SERVO_OUTPUT_RAW,0,0,0,0,0,0,0,0,1000,1000,1000,1000,0,0,0,0,0
2025-12-15 00:46:32.776,SERVO_OUTPUT_RAW,748009888,SERVO_OUTPUT_RAW,0,0,0,0,0,0,0,0,1000,1000,1000,1000,0,0,0,0,0
2025-12-15 00:46:32.875,SERVO_OUTPUT_RAW,748109845,SERVO_OUTPUT_RAW,0,0,0,0,0,0,0,0,1000,1000,1000,1000,0,0,0,0,0
2025-12-15 00:46:32.975,SERVO_OUTPUT_RAW,748209834,SERVO_OUTPUT_RAW,0,0,0,0,0,0,0,0,1000,1000,1000,1000,0,0,0,0,0
2025-12-15 00:46:33.075,SERVO_OUTPUT_RAW,748309780,SERVO_OUTPUT_RAW,0,0,0,0,0,0,0,0,1000,1000,1000,1000,0,0,0,0,0
2025-12-15 00:46:33.175,SERVO_OUTPUT_RAW,748409797,SERVO_OUTPUT_RAW,0,0,0,0,0,0,0,0,1000,1000,1000,1000,0,0,0,0,0
2025-12-15 00:46:33.276,SERVO_OUTPUT_RAW,748509886,SERVO_OUTPUT_RAW,0,0,0,0,0,0,0,0,1000,1000,1000,1000,0,0,0,0,0
2025-12-15 00:46:33.375,SERVO_OUTPUT_RAW,748609829,SERVO_OUTPUT_RAW,0,0,0,0,0,0,0,0,1000,1000,1000,1000,0,0,0,0,0
2025-12-15 00:46:33.475,SERVO_OUTPUT_RAW,748709789,SERVO_OUTPUT_RAW,0,0,0,0,0,0,0,0,1000,1000,1000,1000,0,0,0,0,0
2025-12-15 00:46:33.575,SERVO_OUTPUT_RAW,748809805,SERVO_OUTPUT_RAW,0,0,0,0,0,0,0,0,1000,1000,1000,1000,0,0,0,0,0
2025-12-15 00:46:33.675,SERVO_OUTPUT_RAW,748909796,SERVO_OUTPUT_RAW,0,0,0,0,0,0,0,0,1000,1000,1000,1000,0,0,0,0,0
2025-12-15 00:46:33.776,SERVO_OUTPUT_RAW,749009807,SERVO_OUTPUT_RAW,0,0,0,0,0,0,0,0,1000,1000,1000,1000,0,0,0,0,0
2025-12-15 00:46:33.876,SERVO_OUTPUT_RAW,749109792,SERVO_OUTPUT_RAW,0,0,0,0,0,0,0,0,1000,1000,1000,1000,0,0,0,0,0
2025-12-15 00:46:33.975,SERVO_OUTPUT_RAW,749209828,SERVO_OUTPUT_RAW,0,0,0,0,0,0,0,0,1000,1000,1000,1000,0,0,0,0,0
2025-12-15 00:46:34.075,SERVO_OUTPUT_RAW,749309832,SERVO_OUTPUT_RAW,0,0,0,0,0,0,0,0,1000,1000,1000,1000,0,0,0,0,0
2025-12-15 00:46:34.175,SERVO_OUTPUT_RAW,749409815,SERVO_OUTPUT_RAW,0,0,0,0,0,0,0,0,1000,1000,1000,1000,0,0,0,0,0
2025-12-15 00:46:34.276,SERVO_OUTPUT_RAW,749509791,SERVO_OUTPUT_RAW,0,0,0,0,0,0,0,0,1000,1000,1000,1000,0,0,0,0,0
2025-12-15 00:46:34.376,SERVO_OUTPUT_RAW,749609807,SERVO_OUTPUT_RAW,0,0,0,0,0,0,0,0,1000,1000,1000,1000,0,0,0,0,0
2025-12-15 00:46:34.476,SERVO_OUTPUT_RAW,749709850,SERVO_OUTPUT_RAW,0,0,0,0,0,0,0,0,1000,1000,1000,1000,0,0,0,0,0
2025-12-15 00:46:34.576,SERVO_OUTPUT_RAW,749809853,SERVO_OUTPUT_RAW,0,0,0,0,0,0,0,0,1000,1000,1000,1000,0,0,0,0,0
2025-12-15 00:46:34.676,SERVO_OUTPUT_RAW,749909808,SERVO_OUTPUT_RAW,0,0,0,0,0,0,0,0,1000,1000,1000,1000,0,0,0,0,0
2025-12-15 00:46:34.776,SERVO_OUTPUT_RAW,750009824,SERVO_OUTPUT_RAW,0,0,0,0,0,0,0,0,1000,1000,1000,1000,0,0,0,0,0
2025-12-15 00:46:34.877,SERVO_OUTPUT_RAW,750109829,SERVO_OUTPUT_RAW,0,0,0,0,0,0,0,0,1000,1000,1000,1000,0,0,0,0,0
2025-12-15 00:46:34.976,SERVO_OUTPUT_RAW,750209792,SERVO_OUTPUT_RAW,0,0,0,0,0,0,0,0,1000,1000,1000,1000,0,0,0,0,0
2025-12-15 00:46:35.076,SERVO_OUTPUT_RAW,750309787,SERVO_OUTPUT_RAW,0,0,0,0,0,0,0,0,1000,1000,1000,1000,0,0,0,0,0
2025-12-15 00:46:35.176,SERVO_OUTPUT_RAW,750409815,SERVO_OUTPUT_RAW,0,0,0,0,0,0,0,0,1000,1000,1000,1000,0,0,0,0,0
2025-12-15 00:46:35.276,SERVO_OUTPUT_RAW,750509794,SERVO_OUTPUT_RAW,0,0,0,0,0,0,0,0,1000,1000,1000,1000,0,0,0,0,0
2025-12-15 00:46:35.376,SERVO_OUTPUT_RAW,750609849,SERVO_OUTPUT_RAW,0,0,0,0,0,0,0,0,1000,1000,1000,1000,0,0,0,0,0
2025-12-15 00:46:35.476,SERVO_OUTPUT_RAW,750709825,SERVO_OUTPUT_RAW,0,0,0,0,0,0,0,0,1000,1000,1000,1000,0,0,0,0,0
2025-12-15 00:46:35.576,SERVO_OUTPUT_RAW,750809842,SERVO_OUTPUT_RAW,0,0,0,0,0,0,0,0,1000,1000,1000,1000,0,0,0,0,0
2025-12-15 00:46:35.676,SERVO_OUTPUT_RAW,750909838,SERVO_OUTPUT_RAW,0,0,0,0,0,0,0,0,1000,1000,1000,1000,0,0,0,0,0
2025-12-15 00:46:35.776,SERVO_OUTPUT_RAW,751009801,SERVO_OUTPUT_RAW,0,0,0,0,0,0,0,0,1000,1000,1000,1000,0,0,0,0,0
2025-12-15 00:46:35.876,SERVO_OUTPUT_RAW,751109804,SERVO_OUTPUT_RAW,0,0,0,0,0,0,0,0,1000,1000,1000,1000,0,0,0,0,0
2025-12-15 00:46:35.976,SERVO_OUTPUT_RAW,751209828,SERVO_OUTPUT_RAW,0,0,0,0,0,0,0,0,1000,1000,1000,1000,0,0,0,0,0
2025-12-15 00:46:36.076,SERVO_OUTPUT_RAW,751309859,SERVO_OUTPUT_RAW,0,0,0,0,0,0,0,0,1000,1000,1000,1000,0,0,0,0,0
2025-12-15 00:46:36.176,SERVO_OUTPUT_RAW,751409844,SERVO_OUTPUT_RAW,0,0,0,0,0,0,0,0,1000,1000,1000,1000,0,0,0,0,0
2025-12-15 00:46:36.276,SERVO_OUTPUT_RAW,751509805,SERVO_OUTPUT_RAW,0,0,0,0,0,0,0,0,1000,1000,1000,1000,0,0,0,0,0
2025-12-15 00:46:36.376,SERVO_OUTPUT_RAW,751609813,SERVO_OUTPUT_RAW,0,0,0,0,0,0,0,0,1000,1000,1000,1000,0,0,0,0,0
2025-12-15 00:46:36.476,SERVO_OUTPUT_RAW,751709975,SERVO_OUTPUT_RAW,0,0,0,0,0,0,0,0,1000,1000,1000,1000,0,0,0,0,0
2025-12-15 00:46:36.576,SERVO_OUTPUT_RAW,751809787,SERVO_OUTPUT_RAW,0,0,0,0,0,0,0,0,1000,1000,1000,1000,0,0,0,0,0
2025-12-15 00:46:36.676,SERVO_OUTPUT_RAW,751909794,SERVO_OUTPUT_RAW,0,0,0,0,0,0,0,0,1000,1000,1000,1000,0,0,0,0,0
2025-12-15 00:46:36.776,SERVO_OUTPUT_RAW,752009782,SERVO_OUTPUT_RAW,0,0,0,0,0,0,0,0,1000,1000,1000,1000,0,0,0,0,0
2025-12-15 00:46:36.876,SERVO_OUTPUT_RAW,752109801,SERVO_OUTPUT_RAW,0,0,0,0,0,0,0,0,1000,1000,1000,1000,0,0,0,0,0
2025-12-15 00:46:36.976,SERVO_OUTPUT_RAW,752209796,SERVO_OUTPUT_RAW,0,0,0,0,0,0,0,0,1000,1000,1000,1000,0,0,0,0,0
2025-12-15 00:46:37.076,SERVO_OUTPUT_RAW,752309830,SERVO_OUTPUT_RAW,0,0,0,0,0,0,0,0,1000,1000,1000,1000,0,0,0,0,0
2025-12-15 00:46:37.176,SERVO_OUTPUT_RAW,752409838,SERVO_OUTPUT_RAW,0,0,0,0,0,0,0,0,1000,1000,1000,1000,0,0,0,0,0
2025-12-15 00:46:37.276,SERVO_OUTPUT_RAW,752509831,SERVO_OUTPUT_RAW,0,0,0,0,0,0,0,0,1000,1000,1000,1000,0,0,0,0,0
2025-12-15 00:46:37.377,SERVO_OUTPUT_RAW,752609819,SERVO_OUTPUT_RAW,0,0,0,0,0,0,0,0,1000,1000,1000,1000,0,0,0,0,0
2025-12-15 00:46:37.478,SERVO_OUTPUT_RAW,752712123,SERVO_OUTPUT_RAW,0,0,0,0,0,0,0,0,1000,1000,1000,1000,0,0,0,0,0
2025-12-15 00:46:37.576,SERVO_OUTPUT_RAW,752809838,SERVO_OUTPUT_RAW,0,0,0,0,0,0,0,0,1000,1000,1000,1000,0,0,0,0,0
2025-12-15 00:46:37.677,SERVO_OUTPUT_RAW,752909850,SERVO_OUTPUT_RAW,0,0,0,0,0,0,0,0,1000,1000,1000,1000,0,0,0,0,0
2025-12-15 00:46:37.776,SERVO_OUTPUT_RAW,753009785,SERVO_OUTPUT_RAW,0,0,0,0,0,0,0,0,1000,1000,1000,1000,0,0,0,0,0
2025-12-15 00:46:37.876,SERVO_OUTPUT_RAW,753109814,SERVO_OUTPUT_RAW,0,0,0,0,0,0,0,0,1000,1000,1000,1000,0,0,0,0,0
2025-12-15 00:46:37.976,SERVO_OUTPUT_RAW,753209823,SERVO_OUTPUT_RAW,0,0,0,0,0,0,0,0,1000,1000,1000,1000,0,0,0,0,0
2025-12-15 00:46:38.076,SERVO_OUTPUT_RAW,753309875,SERVO_OUTPUT_RAW,0,0,0,0,0,0,0,0,1000,1000,1000,1000,0,0,0,0,0
2025-12-15 00:46:38.176,SERVO_OUTPUT_RAW,753409780,SERVO_OUTPUT_RAW,0,0,0,0,0,0,0,0,1000,1000,1000,1000,0,0,0,0,0
2025-12-15 00:46:38.276,SERVO_OUTPUT_RAW,753509810,SERVO_OUTPUT_RAW,0,0,0,0,0,0,0,0,1000,1000,1000,1000,0,0,0,0,0
2025-12-15 00:46:38.376,SERVO_OUTPUT_RAW,753609791,SERVO_OUTPUT_RAW,0,0,0,0,0,0,0,0,1000,1000,1000,1000,0,0,0,0,0
2025-12-15 00:46:38.476,SERVO_OUTPUT_RAW,753709786,SERVO_OUTPUT_RAW,0,0,0,0,0,0,0,0,1000,1000,1000,1000,0,0,0,0,0
2025-12-15 00:46:38.576,SERVO_OUTPUT_RAW,753812152,SERVO_OUTPUT_RAW,0,0,0,0,0,0,0,0,1000,1000,1000,1000,0,0,0,0,0
2025-12-15 00:46:38.676,SERVO_OUTPUT_RAW,753909834,SERVO_OUTPUT_RAW,0,0,0,0,0,0,0,0,1000,1000,1000,1000,0,0,0,0,0
2025-12-15 00:46:38.776,SERVO_OUTPUT_RAW,754009851,SERVO_OUTPUT_RAW,0,0,0,0,0,0,0,0,1000,1000,1000,1000,0,0,0,0,0
2025-12-15 00:46:38.876,SERVO_OUTPUT_RAW,754109804,SERVO_OUTPUT_RAW,0,0,0,0,0,0,0,0,1000,1000,1000,1000,0,0,0,0,0
2025-12-15 00:46:38.976,SERVO_OUTPUT_RAW,754209825,SERVO_OUTPUT_RAW,0,0,0,0,0,0,0,0,1000,1000,1000,1000,0,0,0,0,0
2025-12-15 00:46:39.077,SERVO_OUTPUT_RAW,754309827,SERVO_OUTPUT_RAW,0,0,0,0,0,0,0,0,1000,1000,1000,1000,0,0,0,0,0
2025-12-15 00:46:39.177,SERVO_OUTPUT_RAW,754409855,SERVO_OUTPUT_RAW,0,0,0,0,0,0,0,0,1000,1000,1000,1000,0,0,0,0,0
2025-12-15 00:46:39.277,SERVO_OUTPUT_RAW,754509785,SERVO_OUTPUT_RAW,0,0,0,0,0,0,0,0,1000,1000,1000,1000,0,0,0,0,0
2025-12-15 00:46:39.377,SERVO_OUTPUT_RAW,754609807,SERVO_OUTPUT_RAW,0,0,0,0,0,0,0,0,1000,1000,1000,1000,0,0,0,0,0
2025-12-15 00:46:39.477,SERVO_OUTPUT_RAW,754709804,SERVO_OUTPUT_RAW,0,0,0,0,0,0,0,0,1000,1000,1000,1000,0,0,0,0,0
2025-12-15 00:46:39.577,SERVO_OUTPUT_RAW,754809886,SERVO_OUTPUT_RAW,0,0,0,0,0,0,0,0,1000,1000,1000,1000,0,0,0,0,0
2025-12-15 00:46:39.677,SERVO_OUTPUT_RAW,754909795,SERVO_OUTPUT_RAW,0,0,0,0,0,0,0,0,1000,1000,1000,1000,0,0,0,0,0
2025-12-15 00:46:39.777,SERVO_OUTPUT_RAW,755009789,SERVO_OUTPUT_RAW,0,0,0,0,0,0,0,0,1000,1000,1000,1000,0,0,0,0,0
2025-12-15 00:46:39.878,SERVO_OUTPUT_RAW,755109786,SERVO_OUTPUT_RAW,0,0,0,0,0,0,0,0,1000,1000,1000,1000,0,0,0,0,0
2025-12-15 00:46:39.977,SERVO_OUTPUT_RAW,755209783,SERVO_OUTPUT_RAW,0,0,0,0,0,0,0,0,1000,1000,1000,1000,0,0,0,0,0
2025-12-15 00:46:40.077,SERVO_OUTPUT_RAW,755309796,SERVO_OUTPUT_RAW,0,0,0,0,0,0,0,0,1000,1000,1000,1000,0,0,0,0,0
2025-12-15 00:46:40.176,SERVO_OUTPUT_RAW,755409820,SERVO_OUTPUT_RAW,0,0,0,0,0,0,0,0,1000,1000,1000,1000,0,0,0,0,0
2025-12-15 00:46:40.276,SERVO_OUTPUT_RAW,755509806,SERVO_OUTPUT_RAW,0,0,0,0,0,0,0,0,1000,1000,1000,1000,0,0,0,0,0
2025-12-15 00:46:40.377,SERVO_OUTPUT_RAW,755609856,SERVO_OUTPUT_RAW,0,0,0,0,0,0,0,0,1000,1000,1000,1000,0,0,0,0,0
2025-12-15 00:46:40.476,SERVO_OUTPUT_RAW,755709793,SERVO_OUTPUT_RAW,0,0,0,0,0,0,0,0,1000,1000,1000,1000,0,0,0,0,0
2025-12-15 00:46:40.576,SERVO_OUTPUT_RAW,755809812,SERVO_OUTPUT_RAW,0,0,0,0,0,0,0,0,1000,1000,1000,1000,0,0,0,0,0
2025-12-15 00:46:40.676,SERVO_OUTPUT_RAW,755909838,SERVO_OUTPUT_RAW,0,0,0,0,0,0,0,0,1000,1000,1000,1000,0,0,0,0,0
2025-12-15 00:46:40.776,SERVO_OUTPUT_RAW,756009844,SERVO_OUTPUT_RAW,0,0,0,0,0,0,0,0,1000,1000,1000,1000,0,0,0,0,0
2025-12-15 00:46:40.876,SERVO_OUTPUT_RAW,756109780,SERVO_OUTPUT_RAW,0,0,0,0,0,0,0,0,1000,1000,1000,1000,0,0,0,0,0
2025-12-15 00:46:40.976,SERVO_OUTPUT_RAW,756209832,SERVO_OUTPUT_RAW,0,0,0,0,0,0,0,0,1000,1000,1000,1000,0,0,0,0,0
2025-12-15 00:46:41.076,SERVO_OUTPUT_RAW,756309817,SERVO_OUTPUT_RAW,0,0,0,0,0,0,0,0,1000,1000,1000,1000,0,0,0,0,0
2025-12-15 00:46:41.176,SERVO_OUTPUT_RAW,756409818,SERVO_OUTPUT_RAW,0,0,0,0,0,0,0,0,1000,1000,1000,1000,0,0,0,0,0
2025-12-15 00:46:41.275,SERVO_OUTPUT_RAW,756509791,SERVO_OUTPUT_RAW,0,0,0,0,0,0,0,0,1000,1000,1000,1000,0,0,0,0,0
2025-12-15 00:46:41.376,SERVO_OUTPUT_RAW,756609788,SERVO_OUTPUT_RAW,0,0,0,0,0,0,0,0,1000,1000,1000,1000,0,0,0,0,0
2025-12-15 00:46:41.475,SERVO_OUTPUT_RAW,756709783,SERVO_OUTPUT_RAW,0,0,0,0,0,0,0,0,1000,1000,1000,1000,0,0,0,0,0
2025-12-15 00:46:41.575,SERVO_OUTPUT_RAW,756809788,SERVO_OUTPUT_RAW,0,0,0,0,0,0,0,0,1000,1000,1000,1000,0,0,0,0,0
2025-12-15 00:46:41.676,SERVO_OUTPUT_RAW,756912154,SERVO_OUTPUT_RAW,0,0,0,0,0,0,0,0,1000,1000,1000,1000,0,0,0,0,0
2025-12-15 00:46:41.776,SERVO_OUTPUT_RAW,757009823,SERVO_OUTPUT_RAW,0,0,0,0,0,0,0,0,1000,1000,1000,1000,0,0,0,0,0
2025-12-15 00:46:41.875,SERVO_OUTPUT_RAW,757109840,SERVO_OUTPUT_RAW,0,0,0,0,0,0,0,0,1000,1000,1000,1000,0,0,0,0,0
2025-12-15 00:46:41.976,SERVO_OUTPUT_RAW,757209805,SERVO_OUTPUT_RAW,0,0,0,0,0,0,0,0,1000,1000,1000,1000,0,0,0,0,0
2025-12-15 00:46:42.076,SERVO_OUTPUT_RAW,757309820,SERVO_OUTPUT_RAW,0,0,0,0,0,0,0,0,1000,1000,1000,1000,0,0,0,0,0
2025-12-15 00:46:42.176,SERVO_OUTPUT_RAW,757409810,SERVO_OUTPUT_RAW,0,0,0,0,0,0,0,0,1000,1000,1000,1000,0,0,0,0,0
2025-12-15 00:46:42.276,SERVO_OUTPUT_RAW,757509862,SERVO_OUTPUT_RAW,0,0,0,0,0,0,0,0,1000,1000,1000,1000,0,0,0,0,0
2025-12-15 00:46:42.377,SERVO_OUTPUT_RAW,757609844,SERVO_OUTPUT_RAW,0,0,0,0,0,0,0,0,1000,1000,1000,1000,0,0,0,0,0
2025-12-15 00:46:42.476,SERVO_OUTPUT_RAW,757709788,SERVO_OUTPUT_RAW,0,0,0,0,0,0,0,0,1000,1000,1000,1000,0,0,0,0,0
2025-12-15 00:46:42.575,SERVO_OUTPUT_RAW,757809818,SERVO_OUTPUT_RAW,0,0,0,0,0,0,0,0,1000,1000,1000,1000,0,0,0,0,0
2025-12-15 00:46:42.676,SERVO_OUTPUT_RAW,757909833,SERVO_OUTPUT_RAW,0,0,0,0,0,0,0,0,1000,1000,1000,1000,0,0,0,0,0
2025-12-15 00:46:42.776,SERVO_OUTPUT_RAW,758009797,SERVO_OUTPUT_RAW,0,0,0,0,0,0,0,0,1000,1000,1000,1000,0,0,0,0,0
2025-12-15 00:46:42.876,SERVO_OUTPUT_RAW,758109797,SERVO_OUTPUT_RAW,0,0,0,0,0,0,0,0,1000,1000,1000,1000,0,0,0,0,0
2025-12-15 00:46:42.976,SERVO_OUTPUT_RAW,758209796,SERVO_OUTPUT_RAW,0,0,0,0,0,0,0,0,1000,1000,1000,1000,0,0,0,0,0
2025-12-15 00:46:43.076,SERVO_OUTPUT_RAW,758309788,SERVO_OUTPUT_RAW,0,0,0,0,0,0,0,0,1000,1000,1000,1000,0,0,0,0,0
2025-12-15 00:46:43.176,SERVO_OUTPUT_RAW,758409791,SERVO_OUTPUT_RAW,0,0,0,0,0,0,0,0,1000,1000,1000,1000,0,0,0,0,0
2025-12-15 00:46:43.276,SERVO_OUTPUT_RAW,758509791,SERVO_OUTPUT_RAW,0,0,0,0,0,0,0,0,1000,1000,1000,1000,0,0,0,0,0
2025-12-15 00:46:43.376,SERVO_OUTPUT_RAW,758609825,SERVO_OUTPUT_RAW,0,0,0,0,0,0,0,0,1000,1000,1000,1000,0,0,0,0,0
2025-12-15 00:46:43.476,SERVO_OUTPUT_RAW,758709790,SERVO_OUTPUT_RAW,0,0,0,0,0,0,0,0,1000,1000,1000,1000,0,0,0,0,0
2025-12-15 00:46:43.576,SERVO_OUTPUT_RAW,758809795,SERVO_OUTPUT_RAW,0,0,0,0,0,0,0,0,1000,1000,1000,1000,0,0,0,0,0
2025-12-15 00:46:43.676,SERVO_OUTPUT_RAW,758909818,SERVO_OUTPUT_RAW,0,0,0,0,0,0,0,0,1000,1000,1000,1000,0,0,0,0,0
2025-12-15 00:46:43.776,SERVO_OUTPUT_RAW,759012074,SERVO_OUTPUT_RAW,0,0,0,0,0,0,0,0,1000,1000,1000,1000,0,0,0,0,0
2025-12-15 00:46:43.876,SERVO_OUTPUT_RAW,759109870,SERVO_OUTPUT_RAW,0,0,0,0,0,0,0,0,1000,1000,1000,1000,0,0,0,0,0
2025-12-15 00:46:43.976,SERVO_OUTPUT_RAW,759209837,SERVO_OUTPUT_RAW,0,0,0,0,0,0,0,0,1000,1000,1000,1000,0,0,0,0,0
2025-12-15 00:46:44.076,SERVO_OUTPUT_RAW,759309793,SERVO_OUTPUT_RAW,0,0,0,0,0,0,0,0,1000,1000,1000,1000,0,0,0,0,0
2025-12-15 00:46:44.176,SERVO_OUTPUT_RAW,759409824,SERVO_OUTPUT_RAW,0,0,0,0,0,0,0,0,1000,1000,1000,1000,0,0,0,0,0
2025-12-15 00:46:44.276,SERVO_OUTPUT_RAW,759509815,SERVO_OUTPUT_RAW,0,0,0,0,0,0,0,0,1000,1000,1000,1000,0,0,0,0,0
2025-12-15 00:46:44.376,SERVO_OUTPUT_RAW,759609782,SERVO_OUTPUT_RAW,0,0,0,0,0,0,0,0,1000,1000,1000,1000,0,0,0,0,0
2025-12-15 00:46:44.476,SERVO_OUTPUT_RAW,759709791,SERVO_OUTPUT_RAW,0,0,0,0,0,0,0,0,1000,1000,1000,1000,0,0,0,0,0
2025-12-15 00:46:44.576,SERVO_OUTPUT_RAW,759809806,SERVO_OUTPUT_RAW,0,0,0,0,0,0,0,0,1000,1000,1000,1000,0,0,0,0,0
2025-12-15 00:46:44.676,SERVO_OUTPUT_RAW,759909794,SERVO_OUTPUT_RAW,0,0,0,0,0,0,0,0,1000,1000,1000,1000,0,0,0,0,0
2025-12-15 00:46:44.777,SERVO_OUTPUT_RAW,760009791,SERVO_OUTPUT_RAW,0,0,0,0,0,0,0,0,1000,1000,1000,1000,0,0,0,0,0
2025-12-15 00:46:44.876,SERVO_OUTPUT_RAW,760112175,SERVO_OUTPUT_RAW,0,0,0,0,0,0,0,0,1000,1000,1000,1000,0,0,0,0,0
2025-12-15 00:46:44.976,SERVO_OUTPUT_RAW,760209836,SERVO_OUTPUT_RAW,0,0,0,0,0,0,0,0,1000,1000,1000,1000,0,0,0,0,0
2025-12-15 00:46:45.076,SERVO_OUTPUT_RAW,760309873,SERVO_OUTPUT_RAW,0,0,0,0,0,0,0,0,1000,1000,1000,1000,0,0,0,0,0
2025-12-15 00:46:45.176,SERVO_OUTPUT_RAW,760409798,SERVO_OUTPUT_RAW,0,0,0,0,0,0,0,0,1000,1000,1000,1000,0,0,0,0,0
2025-12-15 00:46:45.276,SERVO_OUTPUT_RAW,760509832,SERVO_OUTPUT_RAW,0,0,0,0,0,0,0,0,1000,1000,1000,1000,0,0,0,0,0
2025-12-15 00:46:45.376,SERVO_OUTPUT_RAW,760609842,SERVO_OUTPUT_RAW,0,0,0,0,0,0,0,0,1000,1000,1000,1000,0,0,0,0,0
2025-12-15 00:46:45.476,SERVO_OUTPUT_RAW,760709854,SERVO_OUTPUT_RAW,0,0,0,0,0,0,0,0,1000,1000,1000,1000,0,0,0,0,0
2025-12-15 00:46:45.576,SERVO_OUTPUT_RAW,760809782,SERVO_OUTPUT_RAW,0,0,0,0,0,0,0,0,1000,1000,1000,1000,0,0,0,0,0
2025-12-15 00:46:45.676,SERVO_OUTPUT_RAW,760909808,SERVO_OUTPUT_RAW,0,0,0,0,0,0,0,0,1000,1000,1000,1000,0,0,0,0,0
2025-12-15 00:46:45.776,SERVO_OUTPUT_RAW,761009813,SERVO_OUTPUT_RAW,0,0,0,0,0,0,0,0,1000,1000,1000,1000,0,0,0,0,0
2025-12-15 00:46:45.876,SERVO_OUTPUT_RAW,761109871,SERVO_OUTPUT_RAW,0,0,0,0,0,0,0,0,1000,1000,1000,1000,0,0,0,0,0
2025-12-15 00:46:45.976,SERVO_OUTPUT_RAW,761209776,SERVO_OUTPUT_RAW,0,0,0,0,0,0,0,0,1000,1000,1000,1000,0,0,0,0,0
2025-12-15 00:46:46.077,SERVO_OUTPUT_RAW,761309791,SERVO_OUTPUT_RAW,0,0,0,0,0,0,0,0,1000,1000,1000,1000,0,0,0,0,0
2025-12-15 00:46:46.176,SERVO_OUTPUT_RAW,761409818,SERVO_OUTPUT_RAW,0,0,0,0,0,0,0,0,1000,1000,1000,1000,0,0,0,0,0
2025-12-15 00:46:46.276,SERVO_OUTPUT_RAW,761509786,SERVO_OUTPUT_RAW,0,0,0,0,0,0,0,0,1000,1000,1000,1000,0,0,0,0,0
2025-12-15 00:46:46.376,SERVO_OUTPUT_RAW,761609818,SERVO_OUTPUT_RAW,0,0,0,0,0,0,0,0,1000,1000,1000,1000,0,0,0,0,0
2025-12-15 00:46:46.476,SERVO_OUTPUT_RAW,761709823,SERVO_OUTPUT_RAW,0,0,0,0,0,0,0,0,1000,1000,1000,1000,0,0,0,0,0
2025-12-15 00:46:46.577,SERVO_OUTPUT_RAW,761809843,SERVO_OUTPUT_RAW,0,0,0,0,0,0,0,0,1000,1000,1000,1000,0,0,0,0,0
2025-12-15 00:46:46.676,SERVO_OUTPUT_RAW,761909813,SERVO_OUTPUT_RAW,0,0,0,0,0,0,0,0,1000,1000,1000,1000,0,0,0,0,0
2025-12-15 00:46:46.776,SERVO_OUTPUT_RAW,762009890,SERVO_OUTPUT_RAW,0,0,0,0,0,0,0,0,1000,1000,1000,1000,0,0,0,0,0
2025-12-15 00:46:46.877,SERVO_OUTPUT_RAW,762109819,SERVO_OUTPUT_RAW,0,0,0,0,0,0,0,0,1000,1000,1000,1000,0,0,0,0,0
2025-12-15 00:46:46.976,SERVO_OUTPUT_RAW,762209842,SERVO_OUTPUT_RAW,0,0,0,0,0,0,0,0,1000,1000,1000,1000,0,0,0,0,0
2025-12-15 00:46:47.076,SERVO_OUTPUT_RAW,762309791,SERVO_OUTPUT_RAW,0,0,0,0,0,0,0,0,1000,1000,1000,1000,0,0,0,0,0
2025-12-15 00:46:47.176,SERVO_OUTPUT_RAW,762409784,SERVO_OUTPUT_RAW,0,0,0,0,0,0,0,0,1000,1000,1000,1000,0,0,0,0,0
2025-12-15 00:46:47.276,SERVO_OUTPUT_RAW,762509818,SERVO_OUTPUT_RAW,0,0,0,0,0,0,0,0,1000,1000,1000,1000,0,0,0,0,0
2025-12-15 00:46:47.378,SERVO_OUTPUT_RAW,762609820,SERVO_OUTPUT_RAW,0,0,0,0,0,0,0,0,1000,1000,1000,1000,0,0,0,0,0
2025-12-15 00:46:47.476,SERVO_OUTPUT_RAW,762709794,SERVO_OUTPUT_RAW,0,0,0,0,0,0,0,0,1000,1000,1000,1000,0,0,0,0,0
2025-12-15 00:46:47.576,SERVO_OUTPUT_RAW,762809796,SERVO_OUTPUT_RAW,0,0,0,0,0,0,0,0,1000,1000,1000,1000,0,0,0,0,0
2025-12-15 00:46:47.676,SERVO_OUTPUT_RAW,762909787,SERVO_OUTPUT_RAW,0,0,0,0,0,0,0,0,1000,1000,1000,1000,0,0,0,0,0
2025-12-15 00:46:47.776,SERVO_OUTPUT_RAW,763009811,SERVO_OUTPUT_RAW,0,0,0,0,0,0,0,0,1000,1000,1000,1000,0,0,0,0,0
2025-12-15 00:46:47.876,SERVO_OUTPUT_RAW,763109786,SERVO_OUTPUT_RAW,0,0,0,0,0,0,0,0,1000,1000,1000,1000,0,0,0,0,0
2025-12-15 00:46:47.976,SERVO_OUTPUT_RAW,763212177,SERVO_OUTPUT_RAW,0,0,0,0,0,0,0,0,1000,1000,1000,1000,0,0,0,0,0
2025-12-15 00:46:48.077,SERVO_OUTPUT_RAW,763309870,SERVO_OUTPUT_RAW,0,0,0,0,0,0,0,0,1000,1000,1000,1000,0,0,0,0,0
2025-12-15 00:46:48.176,SERVO_OUTPUT_RAW,763412136,SERVO_OUTPUT_RAW,0,0,0,0,0,0,0,0,1000,1000,1000,1000,0,0,0,0,0
2025-12-15 00:46:48.276,SERVO_OUTPUT_RAW,763509792,SERVO_OUTPUT_RAW,0,0,0,0,0,0,0,0,1000,1000,1000,1000,0,0,0,0,0
2025-12-15 00:46:48.376,SERVO_OUTPUT_RAW,763609812,SERVO_OUTPUT_RAW,0,0,0,0,0,0,0,0,1000,1000,1000,1000,0,0,0,0,0
2025-12-15 00:46:48.476,SERVO_OUTPUT_RAW,763709822,SERVO_OUTPUT_RAW,0,0,0,0,0,0,0,0,1000,1000,1000,1000,0,0,0,0,0
2025-12-15 00:46:48.577,SERVO_OUTPUT_RAW,763809860,SERVO_OUTPUT_RAW,0,0,0,0,0,0,0,0,1000,1000,1000,1000,0,0,0,0,0
2025-12-15 00:46:48.676,SERVO_OUTPUT_RAW,763909783,SERVO_OUTPUT_RAW,0,0,0,0,0,0,0,0,1000,1000,1000,1000,0,0,0,0,0
2025-12-15 00:46:48.776,SERVO_OUTPUT_RAW,764009798,SERVO_OUTPUT_RAW,0,0,0,0,0,0,0,0,1000,1000,1000,1000,0,0,0,0,0
2025-12-15 00:46:48.877,SERVO_OUTPUT_RAW,764109827,SERVO_OUTPUT_RAW,0,0,0,0,0,0,0,0,1000,1000,1000,1000,0,0,0,0,0
2025-12-15 00:46:48.977,SERVO_OUTPUT_RAW,764209778,SERVO_OUTPUT_RAW,0,0,0,0,0,0,0,0,1000,1000,1000,1000,0,0,0,0,0
2025-12-15 00:46:49.077,SERVO_OUTPUT_RAW,764309803,SERVO_OUTPUT_RAW,0,0,0,0,0,0,0,0,1000,1000,1000,1000,0,0,0,0,0
2025-12-15 00:46:49.177,SERVO_OUTPUT_RAW,764409789,SERVO_OUTPUT_RAW,0,0,0,0,0,0,0,0,1000,1000,1000,1000,0,0,0,0,0
2025-12-15 00:46:49.277,SERVO_OUTPUT_RAW,764509778,SERVO_OUTPUT_RAW,0,0,0,0,0,0,0,0,1000,1000,1000,1000,0,0,0,0,0
2025-12-15 00:46:49.377,SERVO_OUTPUT_RAW,764609784,SERVO_OUTPUT_RAW,0,0,0,0,0,0,0,0,1000,1000,1000,1000,0,0,0,0,0
2025-12-15 00:46:49.477,SERVO_OUTPUT_RAW,764709790,SERVO_OUTPUT_RAW,0,0,0,0,0,0,0,0,1000,1000,1000,1000,0,0,0,0,0
2025-12-15 00:46:49.577,SERVO_OUTPUT_RAW,764809827,SERVO_OUTPUT_RAW,0,0,0,0,0,0,0,0,1000,1000,1000,1000,0,0,0,0,0
2025-12-15 00:46:49.677,SERVO_OUTPUT_RAW,764912144,SERVO_OUTPUT_RAW,0,0,0,0,0,0,0,0,1000,1000,1000,1000,0,0,0,0,0
2025-12-15 00:46:49.777,SERVO_OUTPUT_RAW,765009791,SERVO_OUTPUT_RAW,0,0,0,0,0,0,0,0,1000,1000,1000,1000,0,0,0,0,0
2025-12-15 00:46:49.877,SERVO_OUTPUT_RAW,765109788,SERVO_OUTPUT_RAW,0,0,0,0,0,0,0,0,1000,1000,1000,1000,0,0,0,0,0
2025-12-15 00:46:49.977,SERVO_OUTPUT_RAW,765209834,SERVO_OUTPUT_RAW,0,0,0,0,0,0,0,0,1000,1000,1000,1000,0,0,0,0,0
2025-12-15 00:46:50.077,SERVO_OUTPUT_RAW,765312136,SERVO_OUTPUT_RAW,0,0,0,0,0,0,0,0,1000,1000,1000,1000,0,0,0,0,0
2025-12-15 00:46:50.177,SERVO_OUTPUT_RAW,765409791,SERVO_OUTPUT_RAW,0,0,0,0,0,0,0,0,1000,1000,1000,1000,0,0,0,0,0
2025-12-15 00:46:50.277,SERVO_OUTPUT_RAW,765509792,SERVO_OUTPUT_RAW,0,0,0,0,0,0,0,0,1000,1000,1000,1000,0,0,0,0,0
2025-12-15 00:46:50.377,SERVO_OUTPUT_RAW,765609806,SERVO_OUTPUT_RAW,0,0,0,0,0,0,0,0,1000,1000,1000,1000,0,0,0,0,0
2025-12-15 00:46:50.477,SERVO_OUTPUT_RAW,765709827,SERVO_OUTPUT_RAW,0,0,0,0,0,0,0,0,1000,1000,1000,1000,0,0,0,0,0
2025-12-15 00:46:50.577,SERVO_OUTPUT_RAW,765809811,SERVO_OUTPUT_RAW,0,0,0,0,0,0,0,0,1000,1000,1000,1000,0,0,0,0,0
2025-12-15 00:46:50.677,SERVO_OUTPUT_RAW,765909795,SERVO_OUTPUT_RAW,0,0,0,0,0,0,0,0,1000,1000,1000,1000,0,0,0,0,0
2025-12-15 00:46:50.776,SERVO_OUTPUT_RAW,766009784,SERVO_OUTPUT_RAW,0,0,0,0,0,0,0,0,1000,1000,1000,1000,0,0,0,0,0
2025-12-15 00:46:50.877,SERVO_OUTPUT_RAW,766109794,SERVO_OUTPUT_RAW,0,0,0,0,0,0,0,0,1000,1000,1000,1000,0,0,0,0,0
2025-12-15 00:46:50.976,SERVO_OUTPUT_RAW,766209794,SERVO_OUTPUT_RAW,0,0,0,0,0,0,0,0,1000,1000,1000,1000,0,0,0,0,0
2025-12-15 00:46:51.076,SERVO_OUTPUT_RAW,766312147,SERVO_OUTPUT_RAW,0,0,0,0,0,0,0,0,1000,1000,1000,1000,0,0,0,0,0
2025-12-15 00:46:51.176,SERVO_OUTPUT_RAW,766409825,SERVO_OUTPUT_RAW,0,0,0,0,0,0,0,0,1000,1000,1000,1000,0,0,0,0,0
2025-12-15 00:46:51.276,SERVO_OUTPUT_RAW,766509844,SERVO_OUTPUT_RAW,0,0,0,0,0,0,0,0,1000,1000,1000,1000,0,0,0,0,0
2025-12-15 00:46:51.376,SERVO_OUTPUT_RAW,766609799,SERVO_OUTPUT_RAW,0,0,0,0,0,0,0,0,1000,1000,1000,1000,0,0,0,0,0
2025-12-15 00:46:51.476,SERVO_OUTPUT_RAW,766709828,SERVO_OUTPUT_RAW,0,0,0,0,0,0,0,0,1000,1000,1000,1000,0,0,0,0,0
2025-12-15 00:46:51.576,SERVO_OUTPUT_RAW,766809838,SERVO_OUTPUT_RAW,0,0,0,0,0,0,0,0,1000,1000,1000,1000,0,0,0,0,0
2025-12-15 00:46:51.676,SERVO_OUTPUT_RAW,766909840,SERVO_OUTPUT_RAW,0,0,0,0,0,0,0,0,1000,1000,1000,1000,0,0,0,0,0
2025-12-15 00:46:51.776,SERVO_OUTPUT_RAW,767009848,SERVO_OUTPUT_RAW,0,0,0,0,0,0,0,0,1000,1000,1000,1000,0,0,0,0,0
2025-12-15 00:46:51.876,SERVO_OUTPUT_RAW,767109783,SERVO_OUTPUT_RAW,0,0,0,0,0,0,0,0,1000,1000,1000,1000,0,0,0,0,0
2025-12-15 00:46:51.976,SERVO_OUTPUT_RAW,767209821,SERVO_OUTPUT_RAW,0,0,0,0,0,0,0,0,1000,1000,1000,1000,0,0,0,0,0
2025-12-15 00:46:52.076,SERVO_OUTPUT_RAW,767309814,SERVO_OUTPUT_RAW,0,0,0,0,0,0,0,0,1000,1000,1000,1000,0,0,0,0,0
2025-12-15 00:46:52.176,SERVO_OUTPUT_RAW,767409874,SERVO_OUTPUT_RAW,0,0,0,0,0,0,0,0,1000,1000,1000,1000,0,0,0,0,0
2025-12-15 00:46:52.276,SERVO_OUTPUT_RAW,767509775,SERVO_OUTPUT_RAW,0,0,0,0,0,0,0,0,1000,1000,1000,1000,0,0,0,0,0
2025-12-15 00:46:52.376,SERVO_OUTPUT_RAW,767609798,SERVO_OUTPUT_RAW,0,0,0,0,0,0,0,0,1000,1000,1000,1000,0,0,0,0,0
2025-12-15 00:46:52.479,SERVO_OUTPUT_RAW,767709787,SERVO_OUTPUT_RAW,0,0,0,0,0,0,0,0,1000,1000,1000,1000,0,0,0,0,0
2025-12-15 00:46:52.577,SERVO_OUTPUT_RAW,767812103,SERVO_OUTPUT_RAW,0,0,0,0,0,0,0,0,1000,1000,1000,1000,0,0,0,0,0
2025-12-15 00:46:52.676,SERVO_OUTPUT_RAW,767909825,SERVO_OUTPUT_RAW,0,0,0,0,0,0,0,0,1000,1000,1000,1000,0,0,0,0,0
2025-12-15 00:46:52.776,SERVO_OUTPUT_RAW,768009830,SERVO_OUTPUT_RAW,0,0,0,0,0,0,0,0,1000,1000,1000,1000,0,0,0,0,0
2025-12-15 00:46:52.877,SERVO_OUTPUT_RAW,768109823,SERVO_OUTPUT_RAW,0,0,0,0,0,0,0,0,1000,1000,1000,1000,0,0,0,0,0
2025-12-15 00:46:52.976,SERVO_OUTPUT_RAW,768209798,SERVO_OUTPUT_RAW,0,0,0,0,0,0,0,0,1000,1000,1000,1000,0,0,0,0,0
2025-12-15 00:46:53.076,SERVO_OUTPUT_RAW,768309811,SERVO_OUTPUT_RAW,0,0,0,0,0,0,0,0,1000,1000,1000,1000,0,0,0,0,0
2025-12-15 00:46:53.176,SERVO_OUTPUT_RAW,768409843,SERVO_OUTPUT_RAW,0,0,0,0,0,0,0,0,1000,1000,1000,1000,0,0,0,0,0
2025-12-15 00:46:53.276,SERVO_OUTPUT_RAW,768509839,SERVO_OUTPUT_RAW,0,0,0,0,0,0,0,0,1000,1000,1000,1000,0,0,0,0,0
2025-12-15 00:46:53.376,SERVO_OUTPUT_RAW,768609772,SERVO_OUTPUT_RAW,0,0,0,0,0,0,0,0,1000,1000,1000,1000,0,0,0,0,0
2025-12-15 00:46:53.476,SERVO_OUTPUT_RAW,768709805,SERVO_OUTPUT_RAW,0,0,0,0,0,0,0,0,1000,1000,1000,1000,0,0,0,0,0
2025-12-15 00:46:53.576,SERVO_OUTPUT_RAW,768809956,SERVO_OUTPUT_RAW,0,0,0,0,0,0,0,0,1000,1000,1000,1000,0,0,0,0,0
2025-12-15 00:46:53.676,SERVO_OUTPUT_RAW,768909777,SERVO_OUTPUT_RAW,0,0,0,0,0,0,0,0,1000,1000,1000,1000,0,0,0,0,0
2025-12-15 00:46:53.776,SERVO_OUTPUT_RAW,769009787,SERVO_OUTPUT_RAW,0,0,0,0,0,0,0,0,1000,1000,1000,1000,0,0,0,0,0
2025-12-15 00:46:53.876,SERVO_OUTPUT_RAW,769109814,SERVO_OUTPUT_RAW,0,0,0,0,0,0,0,0,1000,1000,1000,1000,0,0,0,0,0
2025-12-15 00:46:53.976,SERVO_OUTPUT_RAW,769209789,SERVO_OUTPUT_RAW,0,0,0,0,0,0,0,0,1000,1000,1000,1000,0,0,0,0,0
2025-12-15 00:46:54.076,SERVO_OUTPUT_RAW,769309790,SERVO_OUTPUT_RAW,0,0,0,0,0,0,0,0,1000,1000,1000,1000,0,0,0,0,0
2025-12-15 00:46:54.176,SERVO_OUTPUT_RAW,769409793,SERVO_OUTPUT_RAW,0,0,0,0,0,0,0,0,1000,1000,1000,1000,0,0,0,0,0
2025-12-15 00:46:54.276,SERVO_OUTPUT_RAW,769512184,SERVO_OUTPUT_RAW,0,0,0,0,0,0,0,0,1000,1000,1000,1000,0,0,0,0,0
2025-12-15 00:46:54.376,SERVO_OUTPUT_RAW,769609830,SERVO_OUTPUT_RAW,0,0,0,0,0,0,0,0,1000,1000,1000,1000,0,0,0,0,0
2025-12-15 00:46:54.476,SERVO_OUTPUT_RAW,769712133,SERVO_OUTPUT_RAW,0,0,0,0,0,0,0,0,1000,1000,1000,1000,0,0,0,0,0
2025-12-15 00:46:54.577,SERVO_OUTPUT_RAW,769809802,SERVO_OUTPUT_RAW,0,0,0,0,0,0,0,0,1000,1000,1000,1000,0,0,0,0,0
2025-12-15 00:46:54.676,SERVO_OUTPUT_RAW,769909810,SERVO_OUTPUT_RAW,0,0,0,0,0,0,0,0,1000,1000,1000,1000,0,0,0,0,0
2025-12-15 00:46:54.777,SERVO_OUTPUT_RAW,770009847,SERVO_OUTPUT_RAW,0,0,0,0,0,0,0,0,1000,1000,1000,1000,0,0,0,0,0
2025-12-15 00:46:54.881,SERVO_OUTPUT_RAW,770109860,SERVO_OUTPUT_RAW,0,0,0,0,0,0,0,0,1000,1000,1000,1000,0,0,0,0,0
2025-12-15 00:46:54.976,SERVO_OUTPUT_RAW,770209785,SERVO_OUTPUT_RAW,0,0,0,0,0,0,0,0,1000,1000,1000,1000,0,0,0,0,0
2025-12-15 00:46:55.076,SERVO_OUTPUT_RAW,770309831,SERVO_OUTPUT_RAW,0,0,0,0,0,0,0,0,1000,1000,1000,1000,0,0,0,0,0
2025-12-15 00:46:55.178,SERVO_OUTPUT_RAW,770409820,SERVO_OUTPUT_RAW,0,0,0,0,0,0,0,0,1000,1000,1000,1000,0,0,0,0,0
2025-12-15 00:46:55.276,SERVO_OUTPUT_RAW,770509784,SERVO_OUTPUT_RAW,0,0,0,0,0,0,0,0,1000,1000,1000,1000,0,0,0,0,0
2025-12-15 00:46:55.377,SERVO_OUTPUT_RAW,770609791,SERVO_OUTPUT_RAW,0,0,0,0,0,0,0,0,1000,1000,1000,1000,0,0,0,0,0
2025-12-15 00:46:55.477,SERVO_OUTPUT_RAW,770709791,SERVO_OUTPUT_RAW,0,0,0,0,0,0,0,0,1000,1000,1000,1000,0,0,0,0,0
2025-12-15 00:46:55.577,SERVO_OUTPUT_RAW,770809789,SERVO_OUTPUT_RAW,0,0,0,0,0,0,0,0,1000,1000,1000,1000,0,0,0,0,0
2025-12-15 00:46:55.677,SERVO_OUTPUT_RAW,770909782,SERVO_OUTPUT_RAW,0,0,0,0,0,0,0,0,1000,1000,1000,1000,0,0,0,0,0
2025-12-15 00:46:55.777,SERVO_OUTPUT_RAW,771009803,SERVO_OUTPUT_RAW,0,0,0,0,0,0,0,0,1000,1000,1000,1000,0,0,0,0,0
2025-12-15 00:46:55.877,SERVO_OUTPUT_RAW,771109847,SERVO_OUTPUT_RAW,0,0,0,0,0,0,0,0,1000,1000,1000,1000,0,0,0,0,0
2025-12-15 00:46:55.977,SERVO_OUTPUT_RAW,771209872,SERVO_OUTPUT_RAW,0,0,0,0,0,0,0,0,1000,1000,1000,1000,0,0,0,0,0
2025-12-15 00:46:56.077,SERVO_OUTPUT_RAW,771309800,SERVO_OUTPUT_RAW,0,0,0,0,0,0,0,0,1000,1000,1000,1000,0,0,0,0,0
2025-12-15 00:46:56.177,SERVO_OUTPUT_RAW,771409825,SERVO_OUTPUT_RAW,0,0,0,0,0,0,0,0,1000,1000,1000,1000,0,0,0,0,0
2025-12-15 00:46:56.277,SERVO_OUTPUT_RAW,771509854,SERVO_OUTPUT_RAW,0,0,0,0,0,0,0,0,1000,1000,1000,1000,0,0,0,0,0
2025-12-15 00:46:56.377,SERVO_OUTPUT_RAW,771612117,SERVO_OUTPUT_RAW,0,0,0,0,0,0,0,0,1000,1000,1000,1000,0,0,0,0,0
2025-12-15 00:46:56.477,SERVO_OUTPUT_RAW,771709879,SERVO_OUTPUT_RAW,0,0,0,0,0,0,0,0,1000,1000,1000,1000,0,0,0,0,0
2025-12-15 00:46:56.577,SERVO_OUTPUT_RAW,771809803,SERVO_OUTPUT_RAW,0,0,0,0,0,0,0,0,1000,1000,1000,1000,0,0,0,0,0
2025-12-15 00:46:56.677,SERVO_OUTPUT_RAW,771909808,SERVO_OUTPUT_RAW,0,0,0,0,0,0,0,0,1000,1000,1000,1000,0,0,0,0,0
2025-12-15 00:46:56.777,SERVO_OUTPUT_RAW,772009813,SERVO_OUTPUT_RAW,0,0,0,0,0,0,0,0,1000,1000,1000,1000,0,0,0,0,0
2025-12-15 00:46:56.877,SERVO_OUTPUT_RAW,772109776,SERVO_OUTPUT_RAW,0,0,0,0,0,0,0,0,1000,1000,1000,1000,0,0,0,0,0
2025-12-15 00:46:56.977,SERVO_OUTPUT_RAW,772209791,SERVO_OUTPUT_RAW,0,0,0,0,0,0,0,0,1000,1000,1000,1000,0,0,0,0,0
2025-12-15 00:46:57.077,SERVO_OUTPUT_RAW,772309800,SERVO_OUTPUT_RAW,0,0,0,0,0,0,0,0,1000,1000,1000,1000,0,0,0,0,0
2025-12-15 00:46:57.177,SERVO_OUTPUT_RAW,772409816,SERVO_OUTPUT_RAW,0,0,0,0,0,0,0,0,1000,1000,1000,1000,0,0,0,0,0
2025-12-15 00:46:57.277,SERVO_OUTPUT_RAW,772512129,SERVO_OUTPUT_RAW,0,0,0,0,0,0,0,0,1000,1000,1000,1000,0,0,0,0,0
2025-12-15 00:46:57.379,SERVO_OUTPUT_RAW,772609823,SERVO_OUTPUT_RAW,0,0,0,0,0,0,0,0,1000,1000,1000,1000,0,0,0,0,0
2025-12-15 00:46:57.479,SERVO_OUTPUT_RAW,772709856,SERVO_OUTPUT_RAW,0,0,0,0,0,0,0,0,1000,1000,1000,1000,0,0,0,0,0
2025-12-15 00:46:57.577,SERVO_OUTPUT_RAW,772809843,SERVO_OUTPUT_RAW,0,0,0,0,0,0,0,0,1000,1000,1000,1000,0,0,0,0,0
2025-12-15 00:46:57.677,SERVO_OUTPUT_RAW,772909779,SERVO_OUTPUT_RAW,0,0,0,0,0,0,0,0,1000,1000,1000,1000,0,0,0,0,0
2025-12-15 00:46:57.777,SERVO_OUTPUT_RAW,773009813,SERVO_OUTPUT_RAW,0,0,0,0,0,0,0,0,1000,1000,1000,1000,0,0,0,0,0
2025-12-15 00:46:57.877,SERVO_OUTPUT_RAW,773109831,SERVO_OUTPUT_RAW,0,0,0,0,0,0,0,0,1000,1000,1000,1000,0,0,0,0,0
2025-12-15 00:46:57.977,SERVO_OUTPUT_RAW,773209787,SERVO_OUTPUT_RAW,0,0,0,0,0,0,0,0,1000,1000,1000,1000,0,0,0,0,0
2025-12-15 00:46:58.077,SERVO_OUTPUT_RAW,773309801,SERVO_OUTPUT_RAW,0,0,0,0,0,0,0,0,1000,1000,1000,1000,0,0,0,0,0
2025-12-15 00:46:58.177,SERVO_OUTPUT_RAW,773409809,SERVO_OUTPUT_RAW,0,0,0,0,0,0,0,0,1000,1000,1000,1000,0,0,0,0,0
2025-12-15 00:46:58.277,SERVO_OUTPUT_RAW,773509812,SERVO_OUTPUT_RAW,0,0,0,0,0,0,0,0,1000,1000,1000,1000,0,0,0,0,0
2025-12-15 00:46:58.377,SERVO_OUTPUT_RAW,773609786,SERVO_OUTPUT_RAW,0,0,0,0,0,0,0,0,1000,1000,1000,1000,0,0,0,0,0
2025-12-15 00:46:58.477,SERVO_OUTPUT_RAW,773709892,SERVO_OUTPUT_RAW,0,0,0,0,0,0,0,0,1000,1000,1000,1000,0,0,0,0,0
2025-12-15 00:46:58.577,SERVO_OUTPUT_RAW,773809792,SERVO_OUTPUT_RAW,0,0,0,0,0,0,0,0,1000,1000,1000,1000,0,0,0,0,0
2025-12-15 00:46:58.677,SERVO_OUTPUT_RAW,773909784,SERVO_OUTPUT_RAW,0,0,0,0,0,0,0,0,1000,1000,1000,1000,0,0,0,0,0
2025-12-15 00:46:58.777,SERVO_OUTPUT_RAW,774009800,SERVO_OUTPUT_RAW,0,0,0,0,0,0,0,0,1000,1000,1000,1000,0,0,0,0,0
2025-12-15 00:46:58.877,SERVO_OUTPUT_RAW,774109791,SERVO_OUTPUT_RAW,0,0,0,0,0,0,0,0,1000,1000,1000,1000,0,0,0,0,0
2025-12-15 00:46:58.977,SERVO_OUTPUT_RAW,774212159,SERVO_OUTPUT_RAW,0,0,0,0,0,0,0,0,1000,1000,1000,1000,0,0,0,0,0
2025-12-15 00:46:59.077,SERVO_OUTPUT_RAW,774309841,SERVO_OUTPUT_RAW,0,0,0,0,0,0,0,0,1000,1000,1000,1000,0,0,0,0,0
2025-12-15 00:46:59.177,SERVO_OUTPUT_RAW,774409808,SERVO_OUTPUT_RAW,0,0,0,0,0,0,0,0,1000,1000,1000,1000,0,0,0,0,0
2025-12-15 00:46:59.277,SERVO_OUTPUT_RAW,774509794,SERVO_OUTPUT_RAW,0,0,0,0,0,0,0,0,1000,1000,1000,1000,0,0,0,0,0
2025-12-15 00:46:59.377,SERVO_OUTPUT_RAW,774609842,SERVO_OUTPUT_RAW,0,0,0,0,0,0,0,0,1000,1000,1000,1000,0,0,0,0,0
2025-12-15 00:46:59.478,SERVO_OUTPUT_RAW,774709856,SERVO_OUTPUT_RAW,0,0,0,0,0,0,0,0,1000,1000,1000,1000,0,0,0,0,0
2025-12-15 00:46:59.577,SERVO_OUTPUT_RAW,774809776,SERVO_OUTPUT_RAW,0,0,0,0,0,0,0,0,1000,1000,1000,1000,0,0,0,0,0
2025-12-15 00:46:59.677,SERVO_OUTPUT_RAW,774909805,SERVO_OUTPUT_RAW,0,0,0,0,0,0,0,0,1000,1000,1000,1000,0,0,0,0,0
2025-12-15 00:46:59.777,SERVO_OUTPUT_RAW,775009812,SERVO_OUTPUT_RAW,0,0,0,0,0,0,0,0,1000,1000,1000,1000,0,0,0,0,0
2025-12-15 00:46:59.877,SERVO_OUTPUT_RAW,775109817,SERVO_OUTPUT_RAW,0,0,0,0,0,0,0,0,1000,1000,1000,1000,0,0,0,0,0
2025-12-15 00:46:59.977,SERVO_OUTPUT_RAW,775209789,SERVO_OUTPUT_RAW,0,0,0,0,0,0,0,0,1000,1000,1000,1000,0,0,0,0,0
2025-12-15 00:47:00.078,SERVO_OUTPUT_RAW,775309782,SERVO_OUTPUT_RAW,0,0,0,0,0,0,0,0,1000,1000,1000,1000,0,0,0,0,0
2025-12-15 00:47:00.178,SERVO_OUTPUT_RAW,775409790,SERVO_OUTPUT_RAW,0,0,0,0,0,0,0,0,1000,1000,1000,1000,0,0,0,0,0
2025-12-15 00:47:00.277,SERVO_OUTPUT_RAW,775509786,SERVO_OUTPUT_RAW,0,0,0,0,0,0,0,0,1000,1000,1000,1000,0,0,0,0,0
2025-12-15 00:47:00.376,SERVO_OUTPUT_RAW,775609809,SERVO_OUTPUT_RAW,0,0,0,0,0,0,0,0,1000,1000,1000,1000,0,0,0,0,0
2025-12-15 00:47:00.476,SERVO_OUTPUT_RAW,775709810,SERVO_OUTPUT_RAW,0,0,0,0,0,0,0,0,1000,1000,1000,1000,0,0,0,0,0
2025-12-15 00:47:00.576,SERVO_OUTPUT_RAW,775812155,SERVO_OUTPUT_RAW,0,0,0,0,0,0,0,0,1000,1000,1000,1000,0,0,0,0,0
2025-12-15 00:47:00.676,SERVO_OUTPUT_RAW,775909805,SERVO_OUTPUT_RAW,0,0,0,0,0,0,0,0,1000,1000,1000,1000,0,0,0,0,0
2025-12-15 00:47:00.777,SERVO_OUTPUT_RAW,776009814,SERVO_OUTPUT_RAW,0,0,0,0,0,0,0,0,1000,1000,1000,1000,0,0,0,0,0
2025-12-15 00:47:00.876,SERVO_OUTPUT_RAW,776109811,SERVO_OUTPUT_RAW,0,0,0,0,0,0,0,0,1000,1000,1000,1000,0,0,0,0,0
2025-12-15 00:47:00.978,SERVO_OUTPUT_RAW,776209842,SERVO_OUTPUT_RAW,0,0,0,0,0,0,0,0,1000,1000,1000,1000,0,0,0,0,0
2025-12-15 00:47:01.077,SERVO_OUTPUT_RAW,776309840,SERVO_OUTPUT_RAW,0,0,0,0,0,0,0,0,1000,1000,1000,1000,0,0,0,0,0
2025-12-15 00:47:01.176,SERVO_OUTPUT_RAW,776409777,SERVO_OUTPUT_RAW,0,0,0,0,0,0,0,0,1000,1000,1000,1000,0,0,0,0,0
2025-12-15 00:47:01.277,SERVO_OUTPUT_RAW,776509803,SERVO_OUTPUT_RAW,0,0,0,0,0,0,0,0,1000,1000,1000,1000,0,0,0,0,0
2025-12-15 00:47:01.376,SERVO_OUTPUT_RAW,776609820,SERVO_OUTPUT_RAW,0,0,0,0,0,0,0,0,1000,1000,1000,1000,0,0,0,0,0
2025-12-15 00:47:01.477,SERVO_OUTPUT_RAW,776709828,SERVO_OUTPUT_RAW,0,0,0,0,0,0,0,0,1000,1000,1000,1000,0,0,0,0,0
2025-12-15 00:47:01.577,SERVO_OUTPUT_RAW,776809783,SERVO_OUTPUT_RAW,0,0,0,0,0,0,0,0,1000,1000,1000,1000,0,0,0,0,0
2025-12-15 00:47:01.677,SERVO_OUTPUT_RAW,776909830,SERVO_OUTPUT_RAW,0,0,0,0,0,0,0,0,1000,1000,1000,1000,0,0,0,0,0
2025-12-15 00:47:01.777,SERVO_OUTPUT_RAW,777009783,SERVO_OUTPUT_RAW,0,0,0,0,0,0,0,0,1000,1000,1000,1000,0,0,0,0,0
2025-12-15 00:47:01.877,SERVO_OUTPUT_RAW,777109790,SERVO_OUTPUT_RAW,0,0,0,0,0,0,0,0,1000,1000,1000,1000,0,0,0,0,0
2025-12-15 00:47:01.977,SERVO_OUTPUT_RAW,777209823,SERVO_OUTPUT_RAW,0,0,0,0,0,0,0,0,1000,1000,1000,1000,0,0,0,0,0
2025-12-15 00:47:02.077,SERVO_OUTPUT_RAW,777309818,SERVO_OUTPUT_RAW,0,0,0,0,0,0,0,0,1000,1000,1000,1000,0,0,0,0,0
2025-12-15 00:47:02.177,SERVO_OUTPUT_RAW,777409832,SERVO_OUTPUT_RAW,0,0,0,0,0,0,0,0,1000,1000,1000,1000,0,0,0,0,0
2025-12-15 00:47:02.277,SERVO_OUTPUT_RAW,777509868,SERVO_OUTPUT_RAW,0,0,0,0,0,0,0,0,1000,1000,1000,1000,0,0,0,0,0
2025-12-15 00:47:02.378,SERVO_OUTPUT_RAW,777609796,SERVO_OUTPUT_RAW,0,0,0,0,0,0,0,0,1000,1000,1000,1000,0,0,0,0,0
2025-12-15 00:47:02.477,SERVO_OUTPUT_RAW,777709815,SERVO_OUTPUT_RAW,0,0,0,0,0,0,0,0,1000,1000,1000,1000,0,0,0,0,0
2025-12-15 00:47:02.577,SERVO_OUTPUT_RAW,777809846,SERVO_OUTPUT_RAW,0,0,0,0,0,0,0,0,1000,1000,1000,1000,0,0,0,0,0
2025-12-15 00:47:02.677,SERVO_OUTPUT_RAW,777912053,SERVO_OUTPUT_RAW,0,0,0,0,0,0,0,0,1000,1000,1000,1000,0,0,0,0,0
2025-12-15 00:47:02.777,SERVO_OUTPUT_RAW,778009782,SERVO_OUTPUT_RAW,0,0,0,0,0,0,0,0,1000,1000,1000,1000,0,0,0,0,0
2025-12-15 00:47:02.877,SERVO_OUTPUT_RAW,778109811,SERVO_OUTPUT_RAW,0,0,0,0,0,0,0,0,1000,1000,1000,1000,0,0,0,0,0
2025-12-15 00:47:02.977,SERVO_OUTPUT_RAW,778209829,SERVO_OUTPUT_RAW,0,0,0,0,0,0,0,0,1000,1000,1000,1000,0,0,0,0,0
2025-12-15 00:47:03.077,SERVO_OUTPUT_RAW,778309787,SERVO_OUTPUT_RAW,0,0,0,0,0,0,0,0,1000,1000,1000,1000,0,0,0,0,0
2025-12-15 00:47:03.177,SERVO_OUTPUT_RAW,778409779,SERVO_OUTPUT_RAW,0,0,0,0,0,0,0,0,1000,1000,1000,1000,0,0,0,0,0
2025-12-15 00:47:03.277,SERVO_OUTPUT_RAW,778509804,SERVO_OUTPUT_RAW,0,0,0,0,0,0,0,0,1000,1000,1000,1000,0,0,0,0,0
2025-12-15 00:47:03.377,SERVO_OUTPUT_RAW,778609791,SERVO_OUTPUT_RAW,0,0,0,0,0,0,0,0,1000,1000,1000,1000,0,0,0,0,0
2025-12-15 00:47:03.477,SERVO_OUTPUT_RAW,778709807,SERVO_OUTPUT_RAW,0,0,0,0,0,0,0,0,1000,1000,1000,1000,0,0,0,0,0
2025-12-15 00:47:03.577,SERVO_OUTPUT_RAW,778809826,SERVO_OUTPUT_RAW,0,0,0,0,0,0,0,0,1000,1000,1000,1000,0,0,0,0,0
2025-12-15 00:47:03.677,SERVO_OUTPUT_RAW,778909821,SERVO_OUTPUT_RAW,0,0,0,0,0,0,0,0,1000,1000,1000,1000,0,0,0,0,0
2025-12-15 00:47:03.777,SERVO_OUTPUT_RAW,779009814,SERVO_OUTPUT_RAW,0,0,0,0,0,0,0,0,1000,1000,1000,1000,0,0,0,0,0
2025-12-15 00:47:03.877,SERVO_OUTPUT_RAW,779109816,SERVO_OUTPUT_RAW,0,0,0,0,0,0,0,0,1000,1000,1000,1000,0,0,0,0,0
2025-12-15 00:47:03.977,SERVO_OUTPUT_RAW,779209811,SERVO_OUTPUT_RAW,0,0,0,0,0,0,0,0,1000,1000,1000,1000,0,0,0,0,0
2025-12-15 00:47:04.077,SERVO_OUTPUT_RAW,779309856,SERVO_OUTPUT_RAW,0,0,0,0,0,0,0,0,1000,1000,1000,1000,0,0,0,0,0
2025-12-15 00:47:04.177,SERVO_OUTPUT_RAW,779409856,SERVO_OUTPUT_RAW,0,0,0,0,0,0,0,0,1000,1000,1000,1000,0,0,0,0,0
2025-12-15 00:47:04.277,SERVO_OUTPUT_RAW,779509773,SERVO_OUTPUT_RAW,0,0,0,0,0,0,0,0,1000,1000,1000,1000,0,0,0,0,0
2025-12-15 00:47:04.377,SERVO_OUTPUT_RAW,779609801,SERVO_OUTPUT_RAW,0,0,0,0,0,0,0,0,1000,1000,1000,1000,0,0,0,0,0
2025-12-15 00:47:04.477,SERVO_OUTPUT_RAW,779709817,SERVO_OUTPUT_RAW,0,0,0,0,0,0,0,0,1000,1000,1000,1000,0,0,0,0,0
2025-12-15 00:47:04.577,SERVO_OUTPUT_RAW,779809824,SERVO_OUTPUT_RAW,0,0,0,0,0,0,0,0,1000,1000,1000,1000,0,0,0,0,0
2025-12-15 00:47:04.677,SERVO_OUTPUT_RAW,779909779,SERVO_OUTPUT_RAW,0,0,0,0,0,0,0,0,1000,1000,1000,1000,0,0,0,0,0
2025-12-15 00:47:04.777,SERVO_OUTPUT_RAW,780009848,SERVO_OUTPUT_RAW,0,0,0,0,0,0,0,0,1000,1000,1000,1000,0,0,0,0,0
2025-12-15 00:47:04.878,SERVO_OUTPUT_RAW,780109785,SERVO_OUTPUT_RAW,0,0,0,0,0,0,0,0,1000,1000,1000,1000,0,0,0,0,0
2025-12-15 00:47:04.977,SERVO_OUTPUT_RAW,780209797,SERVO_OUTPUT_RAW,0,0,0,0,0,0,0,0,1000,1000,1000,1000,0,0,0,0,0
2025-12-15 00:47:05.077,SERVO_OUTPUT_RAW,780309797,SERVO_OUTPUT_RAW,0,0,0,0,0,0,0,0,1000,1000,1000,1000,0,0,0,0,0
2025-12-15 00:47:05.177,SERVO_OUTPUT_RAW,780412153,SERVO_OUTPUT_RAW,0,0,0,0,0,0,0,0,1000,1000,1000,1000,0,0,0,0,0
2025-12-15 00:47:05.277,SERVO_OUTPUT_RAW,780509842,SERVO_OUTPUT_RAW,0,0,0,0,0,0,0,0,1000,1000,1000,1000,0,0,0,0,0
2025-12-15 00:47:05.377,SERVO_OUTPUT_RAW,780609865,SERVO_OUTPUT_RAW,0,0,0,0,0,0,0,0,1000,1000,1000,1000,0,0,0,0,0
2025-12-15 00:47:05.477,SERVO_OUTPUT_RAW,780709793,SERVO_OUTPUT_RAW,0,0,0,0,0,0,0,0,1000,1000,1000,1000,0,0,0,0,0
2025-12-15 00:47:05.577,SERVO_OUTPUT_RAW,780809827,SERVO_OUTPUT_RAW,0,0,0,0,0,0,0,0,1000,1000,1000,1000,0,0,0,0,0
2025-12-15 00:47:05.677,SERVO_OUTPUT_RAW,780909835,SERVO_OUTPUT_RAW,0,0,0,0,0,0,0,0,1000,1000,1000,1000,0,0,0,0,0
2025-12-15 00:47:05.777,SERVO_OUTPUT_RAW,781009839,SERVO_OUTPUT_RAW,0,0,0,0,0,0,0,0,1000,1000,1000,1000,0,0,0,0,0
2025-12-15 00:47:05.877,SERVO_OUTPUT_RAW,781109788,SERVO_OUTPUT_RAW,0,0,0,0,0,0,0,0,1000,1000,1000,1000,0,0,0,0,0
2025-12-15 00:47:05.977,SERVO_OUTPUT_RAW,781209812,SERVO_OUTPUT_RAW,0,0,0,0,0,0,0,0,1000,1000,1000,1000,0,0,0,0,0
2025-12-15 00:47:06.077,SERVO_OUTPUT_RAW,781309840,SERVO_OUTPUT_RAW,0,0,0,0,0,0,0,0,1000,1000,1000,1000,0,0,0,0,0
2025-12-15 00:47:06.177,SERVO_OUTPUT_RAW,781409836,SERVO_OUTPUT_RAW,0,0,0,0,0,0,0,0,1000,1000,1000,1000,0,0,0,0,0
2025-12-15 00:47:06.277,SERVO_OUTPUT_RAW,781509790,SERVO_OUTPUT_RAW,0,0,0,0,0,0,0,0,1000,1000,1000,1000,0,0,0,0,0
2025-12-15 00:47:06.377,SERVO_OUTPUT_RAW,781609788,SERVO_OUTPUT_RAW,0,0,0,0,0,0,0,0,1000,1000,1000,1000,0,0,0,0,0
2025-12-15 00:47:06.477,SERVO_OUTPUT_RAW,781709797,SERVO_OUTPUT_RAW,0,0,0,0,0,0,0,0,1000,1000,1000,1000,0,0,0,0,0
2025-12-15 00:47:06.577,SERVO_OUTPUT_RAW,781809783,SERVO_OUTPUT_RAW,0,0,0,0,0,0,0,0,1000,1000,1000,1000,0,0,0,0,0
2025-12-15 00:47:06.677,SERVO_OUTPUT_RAW,781909788,SERVO_OUTPUT_RAW,0,0,0,0,0,0,0,0,1000,1000,1000,1000,0,0,0,0,0
2025-12-15 00:47:06.777,SERVO_OUTPUT_RAW,782009839,SERVO_OUTPUT_RAW,0,0,0,0,0,0,0,0,1000,1000,1000,1000,0,0,0,0,0
2025-12-15 00:47:06.875,SERVO_OUTPUT_RAW,782112138,SERVO_OUTPUT_RAW,0,0,0,0,0,0,0,0,1000,1000,1000,1000,0,0,0,0,0
2025-12-15 00:47:06.975,SERVO_OUTPUT_RAW,782209799,SERVO_OUTPUT_RAW,0,0,0,0,0,0,0,0,1000,1000,1000,1000,0,0,0,0,0
2025-12-15 00:47:07.075,SERVO_OUTPUT_RAW,782312101,SERVO_OUTPUT_RAW,0,0,0,0,0,0,0,0,1000,1000,1000,1000,0,0,0,0,0
2025-12-15 00:47:07.175,SERVO_OUTPUT_RAW,782409818,SERVO_OUTPUT_RAW,0,0,0,0,0,0,0,0,1000,1000,1000,1000,0,0,0,0,0
2025-12-15 00:47:07.275,SERVO_OUTPUT_RAW,782509847,SERVO_OUTPUT_RAW,0,0,0,0,0,0,0,0,1000,1000,1000,1000,0,0,0,0,0
2025-12-15 00:47:07.375,SERVO_OUTPUT_RAW,782609857,SERVO_OUTPUT_RAW,0,0,0,0,0,0,0,0,1000,1000,1000,1000,0,0,0,0,0
2025-12-15 00:47:07.475,SERVO_OUTPUT_RAW,782709819,SERVO_OUTPUT_RAW,0,0,0,0,0,0,0,0,1000,1000,1000,1000,0,0,0,0,0
2025-12-15 00:47:07.575,SERVO_OUTPUT_RAW,782809815,SERVO_OUTPUT_RAW,0,0,0,0,0,0,0,0,1000,1000,1000,1000,0,0,0,0,0
2025-12-15 00:47:07.675,SERVO_OUTPUT_RAW,782909807,SERVO_OUTPUT_RAW,0,0,0,0,0,0,0,0,1000,1000,1000,1000,0,0,0,0,0
2025-12-15 00:47:07.775,SERVO_OUTPUT_RAW,783009780,SERVO_OUTPUT_RAW,0,0,0,0,0,0,0,0,1000,1000,1000,1000,0,0,0,0,0
2025-12-15 00:47:07.875,SERVO_OUTPUT_RAW,783109788,SERVO_OUTPUT_RAW,0,0,0,0,0,0,0,0,1000,1000,1000,1000,0,0,0,0,0
2025-12-15 00:47:07.975,SERVO_OUTPUT_RAW,783209795,SERVO_OUTPUT_RAW,0,0,0,0,0,0,0,0,1000,1000,1000,1000,0,0,0,0,0
2025-12-15 00:47:08.075,SERVO_OUTPUT_RAW,783309796,SERVO_OUTPUT_RAW,0,0,0,0,0,0,0,0,1000,1000,1000,1000,0,0,0,0,0
2025-12-15 00:47:08.175,SERVO_OUTPUT_RAW,783409796,SERVO_OUTPUT_RAW,0,0,0,0,0,0,0,0,1000,1000,1000,1000,0,0,0,0,0
2025-12-15 00:47:08.275,SERVO_OUTPUT_RAW,783509811,SERVO_OUTPUT_RAW,0,0,0,0,0,0,0,0,1000,1000,1000,1000,0,0,0,0,0
2025-12-15 00:47:08.375,SERVO_OUTPUT_RAW,783609849,SERVO_OUTPUT_RAW,0,0,0,0,0,0,0,0,1000,1000,1000,1000,0,0,0,0,0
2025-12-15 00:47:08.475,SERVO_OUTPUT_RAW,783709856,SERVO_OUTPUT_RAW,0,0,0,0,0,0,0,0,1000,1000,1000,1000,0,0,0,0,0
2025-12-15 00:47:08.575,SERVO_OUTPUT_RAW,783809806,SERVO_OUTPUT_RAW,0,0,0,0,0,0,0,0,1000,1000,1000,1000,0,0,0,0,0
2025-12-15 00:47:08.675,SERVO_OUTPUT_RAW,783909814,SERVO_OUTPUT_RAW,0,0,0,0,0,0,0,0,1000,1000,1000,1000,0,0,0,0,0
2025-12-15 00:47:08.775,SERVO_OUTPUT_RAW,784009836,SERVO_OUTPUT_RAW,0,0,0,0,0,0,0,0,1000,1000,1000,1000,0,0,0,0,0
2025-12-15 00:47:08.875,SERVO_OUTPUT_RAW,784109896,SERVO_OUTPUT_RAW,0,0,0,0,0,0,0,0,1000,1000,1000,1000,0,0,0,0,0
2025-12-15 00:47:08.975,SERVO_OUTPUT_RAW,784209906,SERVO_OUTPUT_RAW,0,0,0,0,0,0,0,0,1000,1000,1000,1000,0,0,0,0,0
2025-12-15 00:47:09.075,SERVO_OUTPUT_RAW,784309798,SERVO_OUTPUT_RAW,0,0,0,0,0,0,0,0,1000,1000,1000,1000,0,0,0,0,0
2025-12-15 00:47:09.175,SERVO_OUTPUT_RAW,784409813,SERVO_OUTPUT_RAW,0,0,0,0,0,0,0,0,1000,1000,1000,1000,0,0,0,0,0
2025-12-15 00:47:09.275,SERVO_OUTPUT_RAW,784509797,SERVO_OUTPUT_RAW,0,0,0,0,0,0,0,0,1000,1000,1000,1000,0,0,0,0,0
2025-12-15 00:47:09.375,SERVO_OUTPUT_RAW,784609788,SERVO_OUTPUT_RAW,0,0,0,0,0,0,0,0,1000,1000,1000,1000,0,0,0,0,0
2025-12-15 00:47:09.475,SERVO_OUTPUT_RAW,784709787,SERVO_OUTPUT_RAW,0,0,0,0,0,0,0,0,1000,1000,1000,1000,0,0,0,0,0
2025-12-15 00:47:09.575,SERVO_OUTPUT_RAW,784809785,SERVO_OUTPUT_RAW,0,0,0,0,0,0,0,0,1000,1000,1000,1000,0,0,0,0,0
2025-12-15 00:47:09.675,SERVO_OUTPUT_RAW,784909777,SERVO_OUTPUT_RAW,0,0,0,0,0,0,0,0,1000,1000,1000,1000,0,0,0,0,0
2025-12-15 00:47:09.775,SERVO_OUTPUT_RAW,785009804,SERVO_OUTPUT_RAW,0,0,0,0,0,0,0,0,1000,1000,1000,1000,0,0,0,0,0
2025-12-15 00:47:09.877,SERVO_OUTPUT_RAW,785109831,SERVO_OUTPUT_RAW,0,0,0,0,0,0,0,0,1000,1000,1000,1000,0,0,0,0,0
2025-12-15 00:47:09.975,SERVO_OUTPUT_RAW,785209829,SERVO_OUTPUT_RAW,0,0,0,0,0,0,0,0,1000,1000,1000,1000,0,0,0,0,0
2025-12-15 00:47:10.075,SERVO_OUTPUT_RAW,785309862,SERVO_OUTPUT_RAW,0,0,0,0,0,0,0,0,1000,1000,1000,1000,0,0,0,0,0
2025-12-15 00:47:10.175,SERVO_OUTPUT_RAW,785409794,SERVO_OUTPUT_RAW,0,0,0,0,0,0,0,0,1000,1000,1000,1000,0,0,0,0,0
2025-12-15 00:47:10.275,SERVO_OUTPUT_RAW,785509812,SERVO_OUTPUT_RAW,0,0,0,0,0,0,0,0,1000,1000,1000,1000,0,0,0,0,0
2025-12-15 00:47:10.375,SERVO_OUTPUT_RAW,785609865,SERVO_OUTPUT_RAW,0,0,0,0,0,0,0,0,1000,1000,1000,1000,0,0,0,0,0
2025-12-15 00:47:10.475,SERVO_OUTPUT_RAW,785709806,SERVO_OUTPUT_RAW,0,0,0,0,0,0,0,0,1000,1000,1000,1000,0,0,0,0,0
2025-12-15 00:47:10.575,SERVO_OUTPUT_RAW,785809787,SERVO_OUTPUT_RAW,0,0,0,0,0,0,0,0,1000,1000,1000,1000,0,0,0,0,0
2025-12-15 00:47:10.675,SERVO_OUTPUT_RAW,785909813,SERVO_OUTPUT_RAW,0,0,0,0,0,0,0,0,1000,1000,1000,1000,0,0,0,0,0
2025-12-15 00:47:10.775,SERVO_OUTPUT_RAW,786009805,SERVO_OUTPUT_RAW,0,0,0,0,0,0,0,0,1000,1000,1000,1000,0,0,0,0,0
2025-12-15 00:47:10.875,SERVO_OUTPUT_RAW,786109789,SERVO_OUTPUT_RAW,0,0,0,0,0,0,0,0,1000,1000,1000,1000,0,0,0,0,0
2025-12-15 00:47:10.974,SERVO_OUTPUT_RAW,786209789,SERVO_OUTPUT_RAW,0,0,0,0,0,0,0,0,1000,1000,1000,1000,0,0,0,0,0
2025-12-15 00:47:11.074,SERVO_OUTPUT_RAW,786309852,SERVO_OUTPUT_RAW,0,0,0,0,0,0,0,0,1000,1000,1000,1000,0,0,0,0,0
2025-12-15 00:47:11.174,SERVO_OUTPUT_RAW,786409792,SERVO_OUTPUT_RAW,0,0,0,0,0,0,0,0,1000,1000,1000,1000,0,0,0,0,0
2025-12-15 00:47:11.274,SERVO_OUTPUT_RAW,786509785,SERVO_OUTPUT_RAW,0,0,0,0,0,0,0,0,1000,1000,1000,1000,0,0,0,0,0
2025-12-15 00:47:11.376,SERVO_OUTPUT_RAW,786612173,SERVO_OUTPUT_RAW,0,0,0,0,0,0,0,0,1000,1000,1000,1000,0,0,0,0,0
2025-12-15 00:47:11.474,SERVO_OUTPUT_RAW,786709829,SERVO_OUTPUT_RAW,0,0,0,0,0,0,0,0,1000,1000,1000,1000,0,0,0,0,0
2025-12-15 00:47:11.574,SERVO_OUTPUT_RAW,786809814,SERVO_OUTPUT_RAW,0,0,0,0,0,0,0,0,1000,1000,1000,1000,0,0,0,0,0
2025-12-15 00:47:11.674,SERVO_OUTPUT_RAW,786909814,SERVO_OUTPUT_RAW,0,0,0,0,0,0,0,0,1000,1000,1000,1000,0,0,0,0,0
2025-12-15 00:47:11.774,SERVO_OUTPUT_RAW,787009803,SERVO_OUTPUT_RAW,0,0,0,0,0,0,0,0,1000,1000,1000,1000,0,0,0,0,0
2025-12-15 00:47:11.877,SERVO_OUTPUT_RAW,787109844,SERVO_OUTPUT_RAW,0,0,0,0,0,0,0,0,1000,1000,1000,1000,0,0,0,0,0
2025-12-15 00:47:11.977,SERVO_OUTPUT_RAW,787209852,SERVO_OUTPUT_RAW,0,0,0,0,0,0,0,0,1000,1000,1000,1000,0,0,0,0,0
2025-12-15 00:47:12.077,SERVO_OUTPUT_RAW,787309775,SERVO_OUTPUT_RAW,0,0,0,0,0,0,0,0,1000,1000,1000,1000,0,0,0,0,0
2025-12-15 00:47:12.177,SERVO_OUTPUT_RAW,787409791,SERVO_OUTPUT_RAW,0,0,0,0,0,0,0,0,1000,1000,1000,1000,0,0,0,0,0
2025-12-15 00:47:12.277,SERVO_OUTPUT_RAW,787509810,SERVO_OUTPUT_RAW,0,0,0,0,0,0,0,0,1000,1000,1000,1000,0,0,0,0,0
2025-12-15 00:47:12.379,SERVO_OUTPUT_RAW,787609789,SERVO_OUTPUT_RAW,0,0,0,0,0,0,0,0,1000,1000,1000,1000,0,0,0,0,0
2025-12-15 00:47:12.476,SERVO_OUTPUT_RAW,787709801,SERVO_OUTPUT_RAW,0,0,0,0,0,0,0,0,1000,1000,1000,1000,0,0,0,0,0
2025-12-15 00:47:12.576,SERVO_OUTPUT_RAW,787809797,SERVO_OUTPUT_RAW,0,0,0,0,0,0,0,0,1000,1000,1000,1000,0,0,0,0,0
2025-12-15 00:47:12.677,SERVO_OUTPUT_RAW,787909789,SERVO_OUTPUT_RAW,0,0,0,0,0,0,0,0,1000,1000,1000,1000,0,0,0,0,0
2025-12-15 00:47:12.777,SERVO_OUTPUT_RAW,788009796,SERVO_OUTPUT_RAW,0,0,0,0,0,0,0,0,1000,1000,1000,1000,0,0,0,0,0
2025-12-15 00:47:12.877,SERVO_OUTPUT_RAW,788109804,SERVO_OUTPUT_RAW,0,0,0,0,0,0,0,0,1000,1000,1000,1000,0,0,0,0,0
2025-12-15 00:47:12.977,SERVO_OUTPUT_RAW,788209825,SERVO_OUTPUT_RAW,0,0,0,0,0,0,0,0,1000,1000,1000,1000,0,0,0,0,0
2025-12-15 00:47:13.077,SERVO_OUTPUT_RAW,788309821,SERVO_OUTPUT_RAW,0,0,0,0,0,0,0,0,1000,1000,1000,1000,0,0,0,0,0
2025-12-15 00:47:13.177,SERVO_OUTPUT_RAW,788412149,SERVO_OUTPUT_RAW,0,0,0,0,0,0,0,0,1000,1000,1000,1000,0,0,0,0,0
2025-12-15 00:47:13.277,SERVO_OUTPUT_RAW,788509797,SERVO_OUTPUT_RAW,0,0,0,0,0,0,0,0,1000,1000,1000,1000,0,0,0,0,0
2025-12-15 00:47:13.377,SERVO_OUTPUT_RAW,788609851,SERVO_OUTPUT_RAW,0,0,0,0,0,0,0,0,1000,1000,1000,1000,0,0,0,0,0
2025-12-15 00:47:13.477,SERVO_OUTPUT_RAW,788709836,SERVO_OUTPUT_RAW,0,0,0,0,0,0,0,0,1000,1000,1000,1000,0,0,0,0,0
2025-12-15 00:47:13.577,SERVO_OUTPUT_RAW,788809840,SERVO_OUTPUT_RAW,0,0,0,0,0,0,0,0,1000,1000,1000,1000,0,0,0,0,0
2025-12-15 00:47:13.677,SERVO_OUTPUT_RAW,788909784,SERVO_OUTPUT_RAW,0,0,0,0,0,0,0,0,1000,1000,1000,1000,0,0,0,0,0
2025-12-15 00:47:13.777,SERVO_OUTPUT_RAW,789009809,SERVO_OUTPUT_RAW,0,0,0,0,0,0,0,0,1000,1000,1000,1000,0,0,0,0,0
2025-12-15 00:47:13.877,SERVO_OUTPUT_RAW,789109842,SERVO_OUTPUT_RAW,0,0,0,0,0,0,0,0,1000,1000,1000,1000,0,0,0,0,0
2025-12-15 00:47:13.977,SERVO_OUTPUT_RAW,789209805,SERVO_OUTPUT_RAW,0,0,0,0,0,0,0,0,1000,1000,1000,1000,0,0,0,0,0
2025-12-15 00:47:14.077,SERVO_OUTPUT_RAW,789309780,SERVO_OUTPUT_RAW,0,0,0,0,0,0,0,0,1000,1000,1000,1000,0,0,0,0,0
2025-12-15 00:47:14.177,SERVO_OUTPUT_RAW,789409795,SERVO_OUTPUT_RAW,0,0,0,0,0,0,0,0,1000,1000,1000,1000,0,0,0,0,0
2025-12-15 00:47:14.277,SERVO_OUTPUT_RAW,789509826,SERVO_OUTPUT_RAW,0,0,0,0,0,0,0,0,1000,1000,1000,1000,0,0,0,0,0
2025-12-15 00:47:14.377,SERVO_OUTPUT_RAW,789609784,SERVO_OUTPUT_RAW,0,0,0,0,0,0,0,0,1000,1000,1000,1000,0,0,0,0,0
2025-12-15 00:47:14.477,SERVO_OUTPUT_RAW,789709785,SERVO_OUTPUT_RAW,0,0,0,0,0,0,0,0,1000,1000,1000,1000,0,0,0,0,0
2025-12-15 00:47:14.577,SERVO_OUTPUT_RAW,789809821,SERVO_OUTPUT_RAW,0,0,0,0,0,0,0,0,1000,1000,1000,1000,0,0,0,0,0
2025-12-15 00:47:14.677,SERVO_OUTPUT_RAW,789909793,SERVO_OUTPUT_RAW,0,0,0,0,0,0,0,0,1000,1000,1000,1000,0,0,0,0,0
2025-12-15 00:47:14.777,SERVO_OUTPUT_RAW,790009858,SERVO_OUTPUT_RAW,0,0,0,0,0,0,0,0,1000,1000,1000,1000,0,0,0,0,0
2025-12-15 00:47:14.877,SERVO_OUTPUT_RAW,790109838,SERVO_OUTPUT_RAW,0,0,0,0,0,0,0,0,1000,1000,1000,1000,0,0,0,0,0
2025-12-15 00:47:14.977,SERVO_OUTPUT_RAW,790209829,SERVO_OUTPUT_RAW,0,0,0,0,0,0,0,0,1000,1000,1000,1000,0,0,0,0,0
2025-12-15 00:47:15.077,SERVO_OUTPUT_RAW,790309841,SERVO_OUTPUT_RAW,0,0,0,0,0,0,0,0,1000,1000,1000,1000,0,0,0,0,0
2025-12-15 00:47:15.177,SERVO_OUTPUT_RAW,790409863,SERVO_OUTPUT_RAW,0,0,0,0,0,0,0,0,1000,1000,1000,1000,0,0,0,0,0
2025-12-15 00:47:15.277,SERVO_OUTPUT_RAW,790512044,SERVO_OUTPUT_RAW,0,0,0,0,0,0,0,0,1000,1000,1000,1000,0,0,0,0,0
2025-12-15 00:47:15.377,SERVO_OUTPUT_RAW,790609822,SERVO_OUTPUT_RAW,0,0,0,0,0,0,0,0,1000,1000,1000,1000,0,0,0,0,0
2025-12-15 00:47:15.477,SERVO_OUTPUT_RAW,790709806,SERVO_OUTPUT_RAW,0,0,0,0,0,0,0,0,1000,1000,1000,1000,0,0,0,0,0
2025-12-15 00:47:15.577,SERVO_OUTPUT_RAW,790809780,SERVO_OUTPUT_RAW,0,0,0,0,0,0,0,0,1000,1000,1000,1000,0,0,0,0,0
2025-12-15 00:47:15.677,SERVO_OUTPUT_RAW,790909777,SERVO_OUTPUT_RAW,0,0,0,0,0,0,0,0,1000,1000,1000,1000,0,0,0,0,0
2025-12-15 00:47:15.777,SERVO_OUTPUT_RAW,791009782,SERVO_OUTPUT_RAW,0,0,0,0,0,0,0,0,1000,1000,1000,1000,0,0,0,0,0
2025-12-15 00:47:15.877,SERVO_OUTPUT_RAW,791109807,SERVO_OUTPUT_RAW,0,0,0,0,0,0,0,0,1000,1000,1000,1000,0,0,0,0,0
2025-12-15 00:47:15.977,SERVO_OUTPUT_RAW,791209795,SERVO_OUTPUT_RAW,0,0,0,0,0,0,0,0,1000,1000,1000,1000,0,0,0,0,0
2025-12-15 00:47:16.077,SERVO_OUTPUT_RAW,791309829,SERVO_OUTPUT_RAW,0,0,0,0,0,0,0,0,1000,1000,1000,1000,0,0,0,0,0
2025-12-15 00:47:16.177,SERVO_OUTPUT_RAW,791409860,SERVO_OUTPUT_RAW,0,0,0,0,0,0,0,0,1000,1000,1000,1000,0,0,0,0,0
2025-12-15 00:47:16.277,SERVO_OUTPUT_RAW,791509873,SERVO_OUTPUT_RAW,0,0,0,0,0,0,0,0,1000,1000,1000,1000,0,0,0,0,0
2025-12-15 00:47:16.377,SERVO_OUTPUT_RAW,791609802,SERVO_OUTPUT_RAW,0,0,0,0,0,0,0,0,1000,1000,1000,1000,0,0,0,0,0
2025-12-15 00:47:16.478,SERVO_OUTPUT_RAW,791709800,SERVO_OUTPUT_RAW,0,0,0,0,0,0,0,0,1000,1000,1000,1000,0,0,0,0,0
2025-12-15 00:47:16.577,SERVO_OUTPUT_RAW,791809836,SERVO_OUTPUT_RAW,0,0,0,0,0,0,0,0,1000,1000,1000,1000,0,0,0,0,0
2025-12-15 00:47:16.677,SERVO_OUTPUT_RAW,791909774,SERVO_OUTPUT_RAW,0,0,0,0,0,0,0,0,1000,1000,1000,1000,0,0,0,0,0
2025-12-15 00:47:16.777,SERVO_OUTPUT_RAW,792009790,SERVO_OUTPUT_RAW,0,0,0,0,0,0,0,0,1000,1000,1000,1000,0,0,0,0,0
2025-12-15 00:47:16.877,SERVO_OUTPUT_RAW,792109808,SERVO_OUTPUT_RAW,0,0,0,0,0,0,0,0,1000,1000,1000,1000,0,0,0,0,0
2025-12-15 00:47:16.977,SERVO_OUTPUT_RAW,792209838,SERVO_OUTPUT_RAW,0,0,0,0,0,0,0,0,1000,1000,1000,1000,0,0,0,0,0
2025-12-15 00:47:17.077,SERVO_OUTPUT_RAW,792309838,SERVO_OUTPUT_RAW,0,0,0,0,0,0,0,0,1000,1000,1000,1000,0,0,0,0,0
2025-12-15 00:47:17.177,SERVO_OUTPUT_RAW,792409805,SERVO_OUTPUT_RAW,0,0,0,0,0,0,0,0,1000,1000,1000,1000,0,0,0,0,0
2025-12-15 00:47:17.277,SERVO_OUTPUT_RAW,792509795,SERVO_OUTPUT_RAW,0,0,0,0,0,0,0,0,1000,1000,1000,1000,0,0,0,0,0
2025-12-15 00:47:17.379,SERVO_OUTPUT_RAW,792609858,SERVO_OUTPUT_RAW,0,0,0,0,0,0,0,0,1000,1000,1000,1000,0,0,0,0,0
2025-12-15 00:47:17.477,SERVO_OUTPUT_RAW,792709786,SERVO_OUTPUT_RAW,0,0,0,0,0,0,0,0,1000,1000,1000,1000,0,0,0,0,0
2025-12-15 00:47:17.577,SERVO_OUTPUT_RAW,792809786,SERVO_OUTPUT_RAW,0,0,0,0,0,0,0,0,1000,1000,1000,1000,0,0,0,0,0
2025-12-15 00:47:17.678,SERVO_OUTPUT_RAW,792909833,SERVO_OUTPUT_RAW,0,0,0,0,0,0,0,0,1000,1000,1000,1000,0,0,0,0,0
2025-12-15 00:47:17.778,SERVO_OUTPUT_RAW,793009843,SERVO_OUTPUT_RAW,0,0,0,0,0,0,0,0,1000,1000,1000,1000,0,0,0,0,0
2025-12-15 00:47:17.877,SERVO_OUTPUT_RAW,793109843,SERVO_OUTPUT_RAW,0,0,0,0,0,0,0,0,1000,1000,1000,1000,0,0,0,0,0
2025-12-15 00:47:17.977,SERVO_OUTPUT_RAW,793209781,SERVO_OUTPUT_RAW,0,0,0,0,0,0,0,0,1000,1000,1000,1000,0,0,0,0,0
2025-12-15 00:47:18.077,SERVO_OUTPUT_RAW,793309808,SERVO_OUTPUT_RAW,0,0,0,0,0,0,0,0,1000,1000,1000,1000,0,0,0,0,0
2025-12-15 00:47:18.178,SERVO_OUTPUT_RAW,793409853,SERVO_OUTPUT_RAW,0,0,0,0,0,0,0,0,1000,1000,1000,1000,0,0,0,0,0
2025-12-15 00:47:18.278,SERVO_OUTPUT_RAW,793509852,SERVO_OUTPUT_RAW,0,0,0,0,0,0,0,0,1000,1000,1000,1000,0,0,0,0,0
2025-12-15 00:47:18.378,SERVO_OUTPUT_RAW,793609789,SERVO_OUTPUT_RAW,0,0,0,0,0,0,0,0,1000,1000,1000,1000,0,0,0,0,0
2025-12-15 00:47:18.478,SERVO_OUTPUT_RAW,793709811,SERVO_OUTPUT_RAW,0,0,0,0,0,0,0,0,1000,1000,1000,1000,0,0,0,0,0
2025-12-15 00:47:18.577,SERVO_OUTPUT_RAW,793809814,SERVO_OUTPUT_RAW,0,0,0,0,0,0,0,0,1000,1000,1000,1000,0,0,0,0,0
2025-12-15 00:47:18.677,SERVO_OUTPUT_RAW,793909787,SERVO_OUTPUT_RAW,0,0,0,0,0,0,0,0,1000,1000,1000,1000,0,0,0,0,0
2025-12-15 00:47:18.777,SERVO_OUTPUT_RAW,794009821,SERVO_OUTPUT_RAW,0,0,0,0,0,0,0,0,1000,1000,1000,1000,0,0,0,0,0
2025-12-15 00:47:18.877,SERVO_OUTPUT_RAW,794109786,SERVO_OUTPUT_RAW,0,0,0,0,0,0,0,0,1000,1000,1000,1000,0,0,0,0,0
2025-12-15 00:47:18.978,SERVO_OUTPUT_RAW,794209777,SERVO_OUTPUT_RAW,0,0,0,0,0,0,0,0,1000,1000,1000,1000,0,0,0,0,0
2025-12-15 00:47:19.078,SERVO_OUTPUT_RAW,794309787,SERVO_OUTPUT_RAW,0,0,0,0,0,0,0,0,1000,1000,1000,1000,0,0,0,0,0
2025-12-15 00:47:19.178,SERVO_OUTPUT_RAW,794409762,SERVO_OUTPUT_RAW,0,0,0,0,0,0,0,0,1000,1000,1000,1000,0,0,0,0,0
2025-12-15 00:47:19.278,SERVO_OUTPUT_RAW,794512146,SERVO_OUTPUT_RAW,0,0,0,0,0,0,0,0,1000,1000,1000,1000,0,0,0,0,0
2025-12-15 00:47:19.378,SERVO_OUTPUT_RAW,794609829,SERVO_OUTPUT_RAW,0,0,0,0,0,0,0,0,1000,1000,1000,1000,0,0,0,0,0
2025-12-15 00:47:19.478,SERVO_OUTPUT_RAW,794712127,SERVO_OUTPUT_RAW,0,0,0,0,0,0,0,0,1000,1000,1000,1000,0,0,0,0,0
2025-12-15 00:47:19.578,SERVO_OUTPUT_RAW,794809820,SERVO_OUTPUT_RAW,0,0,0,0,0,0,0,0,1000,1000,1000,1000,0,0,0,0,0
2025-12-15 00:47:19.678,SERVO_OUTPUT_RAW,794909846,SERVO_OUTPUT_RAW,0,0,0,0,0,0,0,0,1000,1000,1000,1000,0,0,0,0,0
2025-12-15 00:47:19.778,SERVO_OUTPUT_RAW,795009846,SERVO_OUTPUT_RAW,0,0,0,0,0,0,0,0,1000,1000,1000,1000,0,0,0,0,0
2025-12-15 00:47:19.878,SERVO_OUTPUT_RAW,795109787,SERVO_OUTPUT_RAW,0,0,0,0,0,0,0,0,1000,1000,1000,1000,0,0,0,0,0
2025-12-15 00:47:19.978,SERVO_OUTPUT_RAW,795209789,SERVO_OUTPUT_RAW,0,0,0,0,0,0,0,0,1000,1000,1000,1000,0,0,0,0,0
2025-12-15 00:47:20.078,SERVO_OUTPUT_RAW,795309837,SERVO_OUTPUT_RAW,0,0,0,0,0,0,0,0,1000,1000,1000,1000,0,0,0,0,0
2025-12-15 00:47:20.178,SERVO_OUTPUT_RAW,795409773,SERVO_OUTPUT_RAW,0,0,0,0,0,0,0,0,1000,1000,1000,1000,0,0,0,0,0
2025-12-15 00:47:20.278,SERVO_OUTPUT_RAW,795509785,SERVO_OUTPUT_RAW,0,0,0,0,0,0,0,0,1000,1000,1000,1000,0,0,0,0,0
2025-12-15 00:47:20.377,SERVO_OUTPUT_RAW,795609791,SERVO_OUTPUT_RAW,0,0,0,0,0,0,0,0,1000,1000,1000,1000,0,0,0,0,0
2025-12-15 00:47:20.477,SERVO_OUTPUT_RAW,795709790,SERVO_OUTPUT_RAW,0,0,0,0,0,0,0,0,1000,1000,1000,1000,0,0,0,0,0
2025-12-15 00:47:20.577,SERVO_OUTPUT_RAW,795809806,SERVO_OUTPUT_RAW,0,0,0,0,0,0,0,0,1000,1000,1000,1000,0,0,0,0,0
2025-12-15 00:47:20.677,SERVO_OUTPUT_RAW,795912120,SERVO_OUTPUT_RAW,0,0,0,0,0,0,0,0,1000,1000,1000,1000,0,0,0,0,0
2025-12-15 00:47:20.777,SERVO_OUTPUT_RAW,796009819,SERVO_OUTPUT_RAW,0,0,0,0,0,0,0,0,1000,1000,1000,1000,0,0,0,0,0
2025-12-15 00:47:20.877,SERVO_OUTPUT_RAW,796109823,SERVO_OUTPUT_RAW,0,0,0,0,0,0,0,0,1000,1000,1000,1000,0,0,0,0,0
2025-12-15 00:47:20.977,SERVO_OUTPUT_RAW,796209843,SERVO_OUTPUT_RAW,0,0,0,0,0,0,0,0,1000,1000,1000,1000,0,0,0,0,0
2025-12-15 00:47:21.077,SERVO_OUTPUT_RAW,796309786,SERVO_OUTPUT_RAW,0,0,0,0,0,0,0,0,1000,1000,1000,1000,0,0,0,0,0
2025-12-15 00:47:21.177,SERVO_OUTPUT_RAW,796409805,SERVO_OUTPUT_RAW,0,0,0,0,0,0,0,0,1000,1000,1000,1000,0,0,0,0,0
2025-12-15 00:47:21.277,SERVO_OUTPUT_RAW,796509838,SERVO_OUTPUT_RAW,0,0,0,0,0,0,0,0,1000,1000,1000,1000,0,0,0,0,0
2025-12-15 00:47:21.377,SERVO_OUTPUT_RAW,796609831,SERVO_OUTPUT_RAW,0,0,0,0,0,0,0,0,1000,1000,1000,1000,0,0,0,0,0
2025-12-15 00:47:21.477,SERVO_OUTPUT_RAW,796709831,SERVO_OUTPUT_RAW,0,0,0,0,0,0,0,0,1000,1000,1000,1000,0,0,0,0,0
2025-12-15 00:47:21.577,SERVO_OUTPUT_RAW,796809920,SERVO_OUTPUT_RAW,0,0,0,0,0,0,0,0,1000,1000,1000,1000,0,0,0,0,0
2025-12-15 00:47:21.677,SERVO_OUTPUT_RAW,796909823,SERVO_OUTPUT_RAW,0,0,0,0,0,0,0,0,1000,1000,1000,1000,0,0,0,0,0
2025-12-15 00:47:21.777,SERVO_OUTPUT_RAW,797009837,SERVO_OUTPUT_RAW,0,0,0,0,0,0,0,0,1000,1000,1000,1000,0,0,0,0,0
2025-12-15 00:47:21.877,SERVO_OUTPUT_RAW,797109778,SERVO_OUTPUT_RAW,0,0,0,0,0,0,0,0,1000,1000,1000,1000,0,0,0,0,0
2025-12-15 00:47:21.977,SERVO_OUTPUT_RAW,797209794,SERVO_OUTPUT_RAW,0,0,0,0,0,0,0,0,1000,1000,1000,1000,0,0,0,0,0
2025-12-15 00:47:22.077,SERVO_OUTPUT_RAW,797309785,SERVO_OUTPUT_RAW,0,0,0,0,0,0,0,0,1000,1000,1000,1000,0,0,0,0,0
2025-12-15 00:47:22.177,SERVO_OUTPUT_RAW,797409778,SERVO_OUTPUT_RAW,0,0,0,0,0,0,0,0,1000,1000,1000,1000,0,0,0,0,0
2025-12-15 00:47:22.277,SERVO_OUTPUT_RAW,797509793,SERVO_OUTPUT_RAW,0,0,0,0,0,0,0,0,1000,1000,1000,1000,0,0,0,0,0
2025-12-15 00:47:22.377,SERVO_OUTPUT_RAW,797609829,SERVO_OUTPUT_RAW,0,0,0,0,0,0,0,0,1000,1000,1000,1000,0,0,0,0,0
2025-12-15 00:47:22.479,SERVO_OUTPUT_RAW,797709797,SERVO_OUTPUT_RAW,0,0,0,0,0,0,0,0,1000,1000,1000,1000,0,0,0,0,0
2025-12-15 00:47:22.577,SERVO_OUTPUT_RAW,797809803,SERVO_OUTPUT_RAW,0,0,0,0,0,0,0,0,1000,1000,1000,1000,0,0,0,0,0
2025-12-15 00:47:22.677,SERVO_OUTPUT_RAW,797909794,SERVO_OUTPUT_RAW,0,0,0,0,0,0,0,0,1000,1000,1000,1000,0,0,0,0,0
2025-12-15 00:47:22.777,SERVO_OUTPUT_RAW,798009821,SERVO_OUTPUT_RAW,0,0,0,0,0,0,0,0,1000,1000,1000,1000,0,0,0,0,0
2025-12-15 00:47:22.877,SERVO_OUTPUT_RAW,798109840,SERVO_OUTPUT_RAW,0,0,0,0,0,0,0,0,1000,1000,1000,1000,0,0,0,0,0
2025-12-15 00:47:22.977,SERVO_OUTPUT_RAW,798209870,SERVO_OUTPUT_RAW,0,0,0,0,0,0,0,0,1000,1000,1000,1000,0,0,0,0,0
2025-12-15 00:47:23.077,SERVO_OUTPUT_RAW,798309786,SERVO_OUTPUT_RAW,0,0,0,0,0,0,0,0,1000,1000,1000,1000,0,0,0,0,0
2025-12-15 00:47:23.177,SERVO_OUTPUT_RAW,798409812,SERVO_OUTPUT_RAW,0,0,0,0,0,0,0,0,1000,1000,1000,1000,0,0,0,0,0
2025-12-15 00:47:23.277,SERVO_OUTPUT_RAW,798509827,SERVO_OUTPUT_RAW,0,0,0,0,0,0,0,0,1000,1000,1000,1000,0,0,0,0,0
2025-12-15 00:47:23.377,SERVO_OUTPUT_RAW,798609791,SERVO_OUTPUT_RAW,0,0,0,0,0,0,0,0,1000,1000,1000,1000,0,0,0,0,0
2025-12-15 00:47:23.477,SERVO_OUTPUT_RAW,798709787,SERVO_OUTPUT_RAW,0,0,0,0,0,0,0,0,1000,1000,1000,1000,0,0,0,0,0
2025-12-15 00:47:23.577,SERVO_OUTPUT_RAW,798809785,SERVO_OUTPUT_RAW,0,0,0,0,0,0,0,0,1000,1000,1000,1000,0,0,0,0,0
2025-12-15 00:47:23.677,SERVO_OUTPUT_RAW,798909866,SERVO_OUTPUT_RAW,0,0,0,0,0,0,0,0,1000,1000,1000,1000,0,0,0,0,0
2025-12-15 00:47:23.777,SERVO_OUTPUT_RAW,799009795,SERVO_OUTPUT_RAW,0,0,0,0,0,0,0,0,1000,1000,1000,1000,0,0,0,0,0
2025-12-15 00:47:23.877,SERVO_OUTPUT_RAW,799109803,SERVO_OUTPUT_RAW,0,0,0,0,0,0,0,0,1000,1000,1000,1000,0,0,0,0,0
2025-12-15 00:47:23.977,SERVO_OUTPUT_RAW,799209847,SERVO_OUTPUT_RAW,0,0,0,0,0,0,0,0,1000,1000,1000,1000,0,0,0,0,0
2025-12-15 00:47:24.077,SERVO_OUTPUT_RAW,799309840,SERVO_OUTPUT_RAW,0,0,0,0,0,0,0,0,1000,1000,1000,1000,0,0,0,0,0
2025-12-15 00:47:24.177,SERVO_OUTPUT_RAW,799409829,SERVO_OUTPUT_RAW,0,0,0,0,0,0,0,0,1000,1000,1000,1000,0,0,0,0,0
2025-12-15 00:47:24.277,SERVO_OUTPUT_RAW,799509803,SERVO_OUTPUT_RAW,0,0,0,0,0,0,0,0,1000,1000,1000,1000,0,0,0,0,0
2025-12-15 00:47:24.377,SERVO_OUTPUT_RAW,799609829,SERVO_OUTPUT_RAW,0,0,0,0,0,0,0,0,1000,1000,1000,1000,0,0,0,0,0
2025-12-15 00:47:24.478,SERVO_OUTPUT_RAW,799709844,SERVO_OUTPUT_RAW,0,0,0,0,0,0,0,0,1000,1000,1000,1000,0,0,0,0,0
2025-12-15 00:47:24.577,SERVO_OUTPUT_RAW,799809792,SERVO_OUTPUT_RAW,0,0,0,0,0,0,0,0,1000,1000,1000,1000,0,0,0,0,0
2025-12-15 00:47:24.677,SERVO_OUTPUT_RAW,799909795,SERVO_OUTPUT_RAW,0,0,0,0,0,0,0,0,1000,1000,1000,1000,0,0,0,0,0
2025-12-15 00:47:24.777,SERVO_OUTPUT_RAW,800009827,SERVO_OUTPUT_RAW,0,0,0,0,0,0,0,0,1000,1000,1000,1000,0,0,0,0,0
2025-12-15 00:47:24.879,SERVO_OUTPUT_RAW,800109822,SERVO_OUTPUT_RAW,0,0,0,0,0,0,0,0,1000,1000,1000,1000,0,0,0,0,0
2025-12-15 00:47:24.978,SERVO_OUTPUT_RAW,800209791,SERVO_OUTPUT_RAW,0,0,0,0,0,0,0,0,1000,1000,1000,1000,0,0,0,0,0
2025-12-15 00:47:25.078,SERVO_OUTPUT_RAW,800309795,SERVO_OUTPUT_RAW,0,0,0,0,0,0,0,0,1000,1000,1000,1000,0,0,0,0,0
2025-12-15 00:47:25.178,SERVO_OUTPUT_RAW,800409787,SERVO_OUTPUT_RAW,0,0,0,0,0,0,0,0,1000,1000,1000,1000,0,0,0,0,0
2025-12-15 00:47:25.277,SERVO_OUTPUT_RAW,800509790,SERVO_OUTPUT_RAW,0,0,0,0,0,0,0,0,1000,1000,1000,1000,0,0,0,0,0
2025-12-15 00:47:25.377,SERVO_OUTPUT_RAW,800609797,SERVO_OUTPUT_RAW,0,0,0,0,0,0,0,0,1000,1000,1000,1000,0,0,0,0,0
2025-12-15 00:47:25.478,SERVO_OUTPUT_RAW,800709829,SERVO_OUTPUT_RAW,0,0,0,0,0,0,0,0,1000,1000,1000,1000,0,0,0,0,0
2025-12-15 00:47:25.577,SERVO_OUTPUT_RAW,800809791,SERVO_OUTPUT_RAW,0,0,0,0,0,0,0,0,1000,1000,1000,1000,0,0,0,0,0
2025-12-15 00:47:25.678,SERVO_OUTPUT_RAW,800909858,SERVO_OUTPUT_RAW,0,0,0,0,0,0,0,0,1000,1000,1000,1000,0,0,0,0,0
2025-12-15 00:47:25.777,SERVO_OUTPUT_RAW,801012158,SERVO_OUTPUT_RAW,0,0,0,0,0,0,0,0,1000,1000,1000,1000,0,0,0,0,0
2025-12-15 00:47:25.878,SERVO_OUTPUT_RAW,801109861,SERVO_OUTPUT_RAW,0,0,0,0,0,0,0,0,1000,1000,1000,1000,0,0,0,0,0
2025-12-15 00:47:25.977,SERVO_OUTPUT_RAW,801209856,SERVO_OUTPUT_RAW,0,0,0,0,0,0,0,0,1000,1000,1000,1000,0,0,0,0,0
2025-12-15 00:47:26.077,SERVO_OUTPUT_RAW,801309842,SERVO_OUTPUT_RAW,0,0,0,0,0,0,0,0,1000,1000,1000,1000,0,0,0,0,0
2025-12-15 00:47:26.178,SERVO_OUTPUT_RAW,801409789,SERVO_OUTPUT_RAW,0,0,0,0,0,0,0,0,1000,1000,1000,1000,0,0,0,0,0
2025-12-15 00:47:26.277,SERVO_OUTPUT_RAW,801509821,SERVO_OUTPUT_RAW,0,0,0,0,0,0,0,0,1000,1000,1000,1000,0,0,0,0,0
2025-12-15 00:47:26.378,SERVO_OUTPUT_RAW,801609824,SERVO_OUTPUT_RAW,0,0,0,0,0,0,0,0,1000,1000,1000,1000,0,0,0,0,0
2025-12-15 00:47:26.478,SERVO_OUTPUT_RAW,801709784,SERVO_OUTPUT_RAW,0,0,0,0,0,0,0,0,1000,1000,1000,1000,0,0,0,0,0
2025-12-15 00:47:26.578,SERVO_OUTPUT_RAW,801809782,SERVO_OUTPUT_RAW,0,0,0,0,0,0,0,0,1000,1000,1000,1000,0,0,0,0,0
2025-12-15 00:47:26.678,SERVO_OUTPUT_RAW,801909797,SERVO_OUTPUT_RAW,0,0,0,0,0,0,0,0,1000,1000,1000,1000,0,0,0,0,0
2025-12-15 00:47:26.778,SERVO_OUTPUT_RAW,802009786,SERVO_OUTPUT_RAW,0,0,0,0,0,0,0,0,1000,1000,1000,1000,0,0,0,0,0
2025-12-15 00:47:26.878,SERVO_OUTPUT_RAW,802109808,SERVO_OUTPUT_RAW,0,0,0,0,0,0,0,0,1000,1000,1000,1000,0,0,0,0,0
2025-12-15 00:47:26.978,SERVO_OUTPUT_RAW,802209778,SERVO_OUTPUT_RAW,0,0,0,0,0,0,0,0,1000,1000,1000,1000,0,0,0,0,0
2025-12-15 00:47:27.078,SERVO_OUTPUT_RAW,802309822,SERVO_OUTPUT_RAW,0,0,0,0,0,0,0,0,1000,1000,1000,1000,0,0,0,0,0
2025-12-15 00:47:27.178,SERVO_OUTPUT_RAW,802409842,SERVO_OUTPUT_RAW,0,0,0,0,0,0,0,0,1000,1000,1000,1000,0,0,0,0,0
2025-12-15 00:47:27.278,SERVO_OUTPUT_RAW,802509805,SERVO_OUTPUT_RAW,0,0,0,0,0,0,0,0,1000,1000,1000,1000,0,0,0,0,0
2025-12-15 00:47:27.381,SERVO_OUTPUT_RAW,802609805,SERVO_OUTPUT_RAW,0,0,0,0,0,0,0,0,1000,1000,1000,1000,0,0,0,0,0
2025-12-15 00:47:27.477,SERVO_OUTPUT_RAW,802709830,SERVO_OUTPUT_RAW,0,0,0,0,0,0,0,0,1000,1000,1000,1000,0,0,0,0,0
2025-12-15 00:47:27.577,SERVO_OUTPUT_RAW,802809842,SERVO_OUTPUT_RAW,0,0,0,0,0,0,0,0,1000,1000,1000,1000,0,0,0,0,0
2025-12-15 00:47:27.678,SERVO_OUTPUT_RAW,802909854,SERVO_OUTPUT_RAW,0,0,0,0,0,0,0,0,1000,1000,1000,1000,0,0,0,0,0
2025-12-15 00:47:27.778,SERVO_OUTPUT_RAW,803009826,SERVO_OUTPUT_RAW,0,0,0,0,0,0,0,0,1000,1000,1000,1000,0,0,0,0,0
2025-12-15 00:47:27.878,SERVO_OUTPUT_RAW,803109928,SERVO_OUTPUT_RAW,0,0,0,0,0,0,0,0,1000,1000,1000,1000,0,0,0,0,0
2025-12-15 00:47:27.978,SERVO_OUTPUT_RAW,803209821,SERVO_OUTPUT_RAW,0,0,0,0,0,0,0,0,1000,1000,1000,1000,0,0,0,0,0
2025-12-15 00:47:28.078,SERVO_OUTPUT_RAW,803309795,SERVO_OUTPUT_RAW,0,0,0,0,0,0,0,0,1000,1000,1000,1000,0,0,0,0,0
2025-12-15 00:47:28.178,SERVO_OUTPUT_RAW,803409779,SERVO_OUTPUT_RAW,0,0,0,0,0,0,0,0,1000,1000,1000,1000,0,0,0,0,0
2025-12-15 00:47:28.278,SERVO_OUTPUT_RAW,803509792,SERVO_OUTPUT_RAW,0,0,0,0,0,0,0,0,1000,1000,1000,1000,0,0,0,0,0
2025-12-15 00:47:28.378,SERVO_OUTPUT_RAW,803609780,SERVO_OUTPUT_RAW,0,0,0,0,0,0,0,0,1000,1000,1000,1000,0,0,0,0,0
2025-12-15 00:47:28.478,SERVO_OUTPUT_RAW,803712115,SERVO_OUTPUT_RAW,0,0,0,0,0,0,0,0,1000,1000,1000,1000,0,0,0,0,0
2025-12-15 00:47:28.578,SERVO_OUTPUT_RAW,803809831,SERVO_OUTPUT_RAW,0,0,0,0,0,0,0,0,1000,1000,1000,1000,0,0,0,0,0
2025-12-15 00:47:28.678,SERVO_OUTPUT_RAW,803912166,SERVO_OUTPUT_RAW,0,0,0,0,0,0,0,0,1000,1000,1000,1000,0,0,0,0,0
2025-12-15 00:47:28.778,SERVO_OUTPUT_RAW,804009861,SERVO_OUTPUT_RAW,0,0,0,0,0,0,0,0,1000,1000,1000,1000,0,0,0,0,0
2025-12-15 00:47:28.878,SERVO_OUTPUT_RAW,804109783,SERVO_OUTPUT_RAW,0,0,0,0,0,0,0,0,1000,1000,1000,1000,0,0,0,0,0
2025-12-15 00:47:28.979,SERVO_OUTPUT_RAW,804209809,SERVO_OUTPUT_RAW,0,0,0,0,0,0,0,0,1000,1000,1000,1000,0,0,0,0,0
2025-12-15 00:47:29.078,SERVO_OUTPUT_RAW,804309839,SERVO_OUTPUT_RAW,0,0,0,0,0,0,0,0,1000,1000,1000,1000,0,0,0,0,0
2025-12-15 00:47:29.179,SERVO_OUTPUT_RAW,804409845,SERVO_OUTPUT_RAW,0,0,0,0,0,0,0,0,1000,1000,1000,1000,0,0,0,0,0
2025-12-15 00:47:29.278,SERVO_OUTPUT_RAW,804509795,SERVO_OUTPUT_RAW,0,0,0,0,0,0,0,0,1000,1000,1000,1000,0,0,0,0,0
2025-12-15 00:47:29.378,SERVO_OUTPUT_RAW,804609802,SERVO_OUTPUT_RAW,0,0,0,0,0,0,0,0,1000,1000,1000,1000,0,0,0,0,0
2025-12-15 00:47:29.478,SERVO_OUTPUT_RAW,804709806,SERVO_OUTPUT_RAW,0,0,0,0,0,0,0,0,1000,1000,1000,1000,0,0,0,0,0
2025-12-15 00:47:29.578,SERVO_OUTPUT_RAW,804809822,SERVO_OUTPUT_RAW,0,0,0,0,0,0,0,0,1000,1000,1000,1000,0,0,0,0,0
2025-12-15 00:47:29.678,SERVO_OUTPUT_RAW,804909790,SERVO_OUTPUT_RAW,0,0,0,0,0,0,0,0,1000,1000,1000,1000,0,0,0,0,0
2025-12-15 00:47:29.778,SERVO_OUTPUT_RAW,805009793,SERVO_OUTPUT_RAW,0,0,0,0,0,0,0,0,1000,1000,1000,1000,0,0,0,0,0
2025-12-15 00:47:29.877,SERVO_OUTPUT_RAW,805109782,SERVO_OUTPUT_RAW,0,0,0,0,0,0,0,0,1000,1000,1000,1000,0,0,0,0,0
2025-12-15 00:47:29.977,SERVO_OUTPUT_RAW,805209851,SERVO_OUTPUT_RAW,0,0,0,0,0,0,0,0,1000,1000,1000,1000,0,0,0,0,0
2025-12-15 00:47:30.077,SERVO_OUTPUT_RAW,805309791,SERVO_OUTPUT_RAW,0,0,0,0,0,0,0,0,1000,1000,1000,1000,0,0,0,0,0
2025-12-15 00:47:30.178,SERVO_OUTPUT_RAW,805409834,SERVO_OUTPUT_RAW,0,0,0,0,0,0,0,0,1000,1000,1000,1000,0,0,0,0,0
2025-12-15 00:47:30.277,SERVO_OUTPUT_RAW,805509799,SERVO_OUTPUT_RAW,0,0,0,0,0,0,0,0,1000,1000,1000,1000,0,0,0,0,0
2025-12-15 00:47:30.377,SERVO_OUTPUT_RAW,805609856,SERVO_OUTPUT_RAW,0,0,0,0,0,0,0,0,1000,1000,1000,1000,0,0,0,0,0
2025-12-15 00:47:30.477,SERVO_OUTPUT_RAW,805709830,SERVO_OUTPUT_RAW,0,0,0,0,0,0,0,0,1000,1000,1000,1000,0,0,0,0,0
2025-12-15 00:47:30.577,SERVO_OUTPUT_RAW,805809811,SERVO_OUTPUT_RAW,0,0,0,0,0,0,0,0,1000,1000,1000,1000,0,0,0,0,0
2025-12-15 00:47:30.677,SERVO_OUTPUT_RAW,805909853,SERVO_OUTPUT_RAW,0,0,0,0,0,0,0,0,1000,1000,1000,1000,0,0,0,0,0
2025-12-15 00:47:30.777,SERVO_OUTPUT_RAW,806009858,SERVO_OUTPUT_RAW,0,0,0,0,0,0,0,0,1000,1000,1000,1000,0,0,0,0,0
2025-12-15 00:47:30.877,SERVO_OUTPUT_RAW,806109775,SERVO_OUTPUT_RAW,0,0,0,0,0,0,0,0,1000,1000,1000,1000,0,0,0,0,0
2025-12-15 00:47:30.977,SERVO_OUTPUT_RAW,806209810,SERVO_OUTPUT_RAW,0,0,0,0,0,0,0,0,1000,1000,1000,1000,0,0,0,0,0
2025-12-15 00:47:31.078,SERVO_OUTPUT_RAW,806309807,SERVO_OUTPUT_RAW,0,0,0,0,0,0,0,0,1000,1000,1000,1000,0,0,0,0,0
2025-12-15 00:47:31.177,SERVO_OUTPUT_RAW,806409784,SERVO_OUTPUT_RAW,0,0,0,0,0,0,0,0,1000,1000,1000,1000,0,0,0,0,0
2025-12-15 00:47:31.277,SERVO_OUTPUT_RAW,806509771,SERVO_OUTPUT_RAW,0,0,0,0,0,0,0,0,1000,1000,1000,1000,0,0,0,0,0
2025-12-15 00:47:31.377,SERVO_OUTPUT_RAW,806609816,SERVO_OUTPUT_RAW,0,0,0,0,0,0,0,0,1000,1000,1000,1000,0,0,0,0,0
2025-12-15 00:47:31.477,SERVO_OUTPUT_RAW,806709777,SERVO_OUTPUT_RAW,0,0,0,0,0,0,0,0,1000,1000,1000,1000,0,0,0,0,0
2025-12-15 00:47:31.577,SERVO_OUTPUT_RAW,806809783,SERVO_OUTPUT_RAW,0,0,0,0,0,0,0,0,1000,1000,1000,1000,0,0,0,0,0
2025-12-15 00:47:31.677,SERVO_OUTPUT_RAW,806909834,SERVO_OUTPUT_RAW,0,0,0,0,0,0,0,0,1000,1000,1000,1000,0,0,0,0,0
2025-12-15 00:47:31.777,SERVO_OUTPUT_RAW,807009839,SERVO_OUTPUT_RAW,0,0,0,0,0,0,0,0,1000,1000,1000,1000,0,0,0,0,0
2025-12-15 00:47:31.877,SERVO_OUTPUT_RAW,807109844,SERVO_OUTPUT_RAW,0,0,0,0,0,0,0,0,1000,1000,1000,1000,0,0,0,0,0
2025-12-15 00:47:31.978,SERVO_OUTPUT_RAW,807209817,SERVO_OUTPUT_RAW,0,0,0,0,0,0,0,0,1000,1000,1000,1000,0,0,0,0,0
2025-12-15 00:47:32.077,SERVO_OUTPUT_RAW,807312167,SERVO_OUTPUT_RAW,0,0,0,0,0,0,0,0,1000,1000,1000,1000,0,0,0,0,0
2025-12-15 00:47:32.177,SERVO_OUTPUT_RAW,807409836,SERVO_OUTPUT_RAW,0,0,0,0,0,0,0,0,1000,1000,1000,1000,0,0,0,0,0
2025-12-15 00:47:32.277,SERVO_OUTPUT_RAW,807509857,SERVO_OUTPUT_RAW,0,0,0,0,0,0,0,0,1000,1000,1000,1000,0,0,0,0,0
2025-12-15 00:47:32.379,SERVO_OUTPUT_RAW,807609779,SERVO_OUTPUT_RAW,0,0,0,0,0,0,0,0,1000,1000,1000,1000,0,0,0,0,0
2025-12-15 00:47:32.477,SERVO_OUTPUT_RAW,807709785,SERVO_OUTPUT_RAW,0,0,0,0,0,0,0,0,1000,1000,1000,1000,0,0,0,0,0
2025-12-15 00:47:32.577,SERVO_OUTPUT_RAW,807809807,SERVO_OUTPUT_RAW,0,0,0,0,0,0,0,0,1000,1000,1000,1000,0,0,0,0,0
2025-12-15 00:47:32.677,SERVO_OUTPUT_RAW,807909831,SERVO_OUTPUT_RAW,0,0,0,0,0,0,0,0,1000,1000,1000,1000,0,0,0,0,0
2025-12-15 00:47:32.777,SERVO_OUTPUT_RAW,808009779,SERVO_OUTPUT_RAW,0,0,0,0,0,0,0,0,1000,1000,1000,1000,0,0,0,0,0
2025-12-15 00:47:32.877,SERVO_OUTPUT_RAW,808109785,SERVO_OUTPUT_RAW,0,0,0,0,0,0,0,0,1000,1000,1000,1000,0,0,0,0,0
2025-12-15 00:47:32.977,SERVO_OUTPUT_RAW,808209795,SERVO_OUTPUT_RAW,0,0,0,0,0,0,0,0,1000,1000,1000,1000,0,0,0,0,0
2025-12-15 00:47:33.077,SERVO_OUTPUT_RAW,808309784,SERVO_OUTPUT_RAW,0,0,0,0,0,0,0,0,1000,1000,1000,1000,0,0,0,0,0
2025-12-15 00:47:33.177,SERVO_OUTPUT_RAW,808412139,SERVO_OUTPUT_RAW,0,0,0,0,0,0,0,0,1000,1000,1000,1000,0,0,0,0,0
2025-12-15 00:47:33.277,SERVO_OUTPUT_RAW,808509822,SERVO_OUTPUT_RAW,0,0,0,0,0,0,0,0,1000,1000,1000,1000,0,0,0,0,0
2025-12-15 00:47:33.377,SERVO_OUTPUT_RAW,808609830,SERVO_OUTPUT_RAW,0,0,0,0,0,0,0,0,1000,1000,1000,1000,0,0,0,0,0
2025-12-15 00:47:33.477,SERVO_OUTPUT_RAW,808709851,SERVO_OUTPUT_RAW,0,0,0,0,0,0,0,0,1000,1000,1000,1000,0,0,0,0,0
2025-12-15 00:47:33.577,SERVO_OUTPUT_RAW,808809782,SERVO_OUTPUT_RAW,0,0,0,0,0,0,0,0,1000,1000,1000,1000,0,0,0,0,0
2025-12-15 00:47:33.677,SERVO_OUTPUT_RAW,808909850,SERVO_OUTPUT_RAW,0,0,0,0,0,0,0,0,1000,1000,1000,1000,0,0,0,0,0
2025-12-15 00:47:33.778,SERVO_OUTPUT_RAW,809009842,SERVO_OUTPUT_RAW,0,0,0,0,0,0,0,0,1000,1000,1000,1000,0,0,0,0,0
2025-12-15 00:47:33.877,SERVO_OUTPUT_RAW,809109834,SERVO_OUTPUT_RAW,0,0,0,0,0,0,0,0,1000,1000,1000,1000,0,0,0,0,0
2025-12-15 00:47:33.978,SERVO_OUTPUT_RAW,809209782,SERVO_OUTPUT_RAW,0,0,0,0,0,0,0,0,1000,1000,1000,1000,0,0,0,0,0
2025-12-15 00:47:34.078,SERVO_OUTPUT_RAW,809309815,SERVO_OUTPUT_RAW,0,0,0,0,0,0,0,0,1000,1000,1000,1000,0,0,0,0,0
2025-12-15 00:47:34.178,SERVO_OUTPUT_RAW,809409890,SERVO_OUTPUT_RAW,0,0,0,0,0,0,0,0,1000,1000,1000,1000,0,0,0,0,0
2025-12-15 00:47:34.278,SERVO_OUTPUT_RAW,809509833,SERVO_OUTPUT_RAW,0,0,0,0,0,0,0,0,1000,1000,1000,1000,0,0,0,0,0
2025-12-15 00:47:34.378,SERVO_OUTPUT_RAW,809609789,SERVO_OUTPUT_RAW,0,0,0,0,0,0,0,0,1000,1000,1000,1000,0,0,0,0,0
2025-12-15 00:47:34.478,SERVO_OUTPUT_RAW,809709791,SERVO_OUTPUT_RAW,0,0,0,0,0,0,0,0,1000,1000,1000,1000,0,0,0,0,0
2025-12-15 00:47:34.578,SERVO_OUTPUT_RAW,809809794,SERVO_OUTPUT_RAW,0,0,0,0,0,0,0,0,1000,1000,1000,1000,0,0,0,0,0
2025-12-15 00:47:34.678,SERVO_OUTPUT_RAW,809909784,SERVO_OUTPUT_RAW,0,0,0,0,0,0,0,0,1000,1000,1000,1000,0,0,0,0,0
2025-12-15 00:47:34.778,SERVO_OUTPUT_RAW,810009771,SERVO_OUTPUT_RAW,0,0,0,0,0,0,0,0,1000,1000,1000,1000,0,0,0,0,0
2025-12-15 00:47:34.878,SERVO_OUTPUT_RAW,810109830,SERVO_OUTPUT_RAW,0,0,0,0,0,0,0,0,1000,1000,1000,1000,0,0,0,0,0
2025-12-15 00:47:34.978,SERVO_OUTPUT_RAW,810209847,SERVO_OUTPUT_RAW,0,0,0,0,0,0,0,0,1000,1000,1000,1000,0,0,0,0,0
2025-12-15 00:47:35.078,SERVO_OUTPUT_RAW,810309803,SERVO_OUTPUT_RAW,0,0,0,0,0,0,0,0,1000,1000,1000,1000,0,0,0,0,0
2025-12-15 00:47:35.178,SERVO_OUTPUT_RAW,810409798,SERVO_OUTPUT_RAW,0,0,0,0,0,0,0,0,1000,1000,1000,1000,0,0,0,0,0
2025-12-15 00:47:35.278,SERVO_OUTPUT_RAW,810509816,SERVO_OUTPUT_RAW,0,0,0,0,0,0,0,0,1000,1000,1000,1000,0,0,0,0,0
2025-12-15 00:47:35.378,SERVO_OUTPUT_RAW,810609835,SERVO_OUTPUT_RAW,0,0,0,0,0,0,0,0,1000,1000,1000,1000,0,0,0,0,0
2025-12-15 00:47:35.478,SERVO_OUTPUT_RAW,810709774,SERVO_OUTPUT_RAW,0,0,0,0,0,0,0,0,1000,1000,1000,1000,0,0,0,0,0
2025-12-15 00:47:35.578,SERVO_OUTPUT_RAW,810809810,SERVO_OUTPUT_RAW,0,0,0,0,0,0,0,0,1000,1000,1000,1000,0,0,0,0,0
2025-12-15 00:47:35.678,SERVO_OUTPUT_RAW,810909820,SERVO_OUTPUT_RAW,0,0,0,0,0,0,0,0,1000,1000,1000,1000,0,0,0,0,0
2025-12-15 00:47:35.778,SERVO_OUTPUT_RAW,811009813,SERVO_OUTPUT_RAW,0,0,0,0,0,0,0,0,1000,1000,1000,1000,0,0,0,0,0
2025-12-15 00:47:35.878,SERVO_OUTPUT_RAW,811109803,SERVO_OUTPUT_RAW,0,0,0,0,0,0,0,0,1000,1000,1000,1000,0,0,0,0,0
2025-12-15 00:47:35.978,SERVO_OUTPUT_RAW,811209778,SERVO_OUTPUT_RAW,0,0,0,0,0,0,0,0,1000,1000,1000,1000,0,0,0,0,0
2025-12-15 00:47:36.078,SERVO_OUTPUT_RAW,811309793,SERVO_OUTPUT_RAW,0,0,0,0,0,0,0,0,1000,1000,1000,1000,0,0,0,0,0
2025-12-15 00:47:36.178,SERVO_OUTPUT_RAW,811409798,SERVO_OUTPUT_RAW,0,0,0,0,0,0,0,0,1000,1000,1000,1000,0,0,0,0,0
2025-12-15 00:47:36.279,SERVO_OUTPUT_RAW,811512135,SERVO_OUTPUT_RAW,0,0,0,0,0,0,0,0,1000,1000,1000,1000,0,0,0,0,0
2025-12-15 00:47:36.378,SERVO_OUTPUT_RAW,811609828,SERVO_OUTPUT_RAW,0,0,0,0,0,0,0,0,1000,1000,1000,1000,0,0,0,0,0
2025-12-15 00:47:36.478,SERVO_OUTPUT_RAW,811709827,SERVO_OUTPUT_RAW,0,0,0,0,0,0,0,0,1000,1000,1000,1000,0,0,0,0,0
2025-12-15 00:47:36.578,SERVO_OUTPUT_RAW,811809857,SERVO_OUTPUT_RAW,0,0,0,0,0,0,0,0,1000,1000,1000,1000,0,0,0,0,0
2025-12-15 00:47:36.678,SERVO_OUTPUT_RAW,811909796,SERVO_OUTPUT_RAW,0,0,0,0,0,0,0,0,1000,1000,1000,1000,0,0,0,0,0
2025-12-15 00:47:36.778,SERVO_OUTPUT_RAW,812009821,SERVO_OUTPUT_RAW,0,0,0,0,0,0,0,0,1000,1000,1000,1000,0,0,0,0,0
2025-12-15 00:47:36.878,SERVO_OUTPUT_RAW,812109830,SERVO_OUTPUT_RAW,0,0,0,0,0,0,0,0,1000,1000,1000,1000,0,0,0,0,0
2025-12-15 00:47:36.979,SERVO_OUTPUT_RAW,812209833,SERVO_OUTPUT_RAW,0,0,0,0,0,0,0,0,1000,1000,1000,1000,0,0,0,0,0
2025-12-15 00:47:37.078,SERVO_OUTPUT_RAW,812309823,SERVO_OUTPUT_RAW,0,0,0,0,0,0,0,0,1000,1000,1000,1000,0,0,0,0,0
2025-12-15 00:47:37.178,SERVO_OUTPUT_RAW,812409858,SERVO_OUTPUT_RAW,0,0,0,0,0,0,0,0,1000,1000,1000,1000,0,0,0,0,0
2025-12-15 00:47:37.278,SERVO_OUTPUT_RAW,812509816,SERVO_OUTPUT_RAW,0,0,0,0,0,0,0,0,1000,1000,1000,1000,0,0,0,0,0
2025-12-15 00:47:37.378,SERVO_OUTPUT_RAW,812609818,SERVO_OUTPUT_RAW,0,0,0,0,0,0,0,0,1000,1000,1000,1000,0,0,0,0,0
2025-12-15 00:47:37.479,SERVO_OUTPUT_RAW,812709806,SERVO_OUTPUT_RAW,0,0,0,0,0,0,0,0,1000,1000,1000,1000,0,0,0,0,0
2025-12-15 00:47:37.578,SERVO_OUTPUT_RAW,812809799,SERVO_OUTPUT_RAW,0,0,0,0,0,0,0,0,1000,1000,1000,1000,0,0,0,0,0
2025-12-15 00:47:37.678,SERVO_OUTPUT_RAW,812909798,SERVO_OUTPUT_RAW,0,0,0,0,0,0,0,0,1000,1000,1000,1000,0,0,0,0,0
2025-12-15 00:47:37.778,SERVO_OUTPUT_RAW,813009790,SERVO_OUTPUT_RAW,0,0,0,0,0,0,0,0,1000,1000,1000,1000,0,0,0,0,0
2025-12-15 00:47:37.878,SERVO_OUTPUT_RAW,813109785,SERVO_OUTPUT_RAW,0,0,0,0,0,0,0,0,1000,1000,1000,1000,0,0,0,0,0
2025-12-15 00:47:37.978,SERVO_OUTPUT_RAW,813209815,SERVO_OUTPUT_RAW,0,0,0,0,0,0,0,0,1000,1000,1000,1000,0,0,0,0,0
2025-12-15 00:47:38.078,SERVO_OUTPUT_RAW,813309841,SERVO_OUTPUT_RAW,0,0,0,0,0,0,0,0,1000,1000,1000,1000,0,0,0,0,0
2025-12-15 00:47:38.178,SERVO_OUTPUT_RAW,813409787,SERVO_OUTPUT_RAW,0,0,0,0,0,0,0,0,1000,1000,1000,1000,0,0,0,0,0
2025-12-15 00:47:38.278,SERVO_OUTPUT_RAW,813509803,SERVO_OUTPUT_RAW,0,0,0,0,0,0,0,0,1000,1000,1000,1000,0,0,0,0,0
2025-12-15 00:47:38.378,SERVO_OUTPUT_RAW,813612233,SERVO_OUTPUT_RAW,0,0,0,0,0,0,0,0,1000,1000,1000,1000,0,0,0,0,0
2025-12-15 00:47:38.478,SERVO_OUTPUT_RAW,813709856,SERVO_OUTPUT_RAW,0,0,0,0,0,0,0,0,1000,1000,1000,1000,0,0,0,0,0
2025-12-15 00:47:38.578,SERVO_OUTPUT_RAW,813809919,SERVO_OUTPUT_RAW,0,0,0,0,0,0,0,0,1000,1000,1000,1000,0,0,0,0,0
2025-12-15 00:47:38.678,SERVO_OUTPUT_RAW,813909784,SERVO_OUTPUT_RAW,0,0,0,0,0,0,0,0,1000,1000,1000,1000,0,0,0,0,0
2025-12-15 00:47:38.778,SERVO_OUTPUT_RAW,814009814,SERVO_OUTPUT_RAW,0,0,0,0,0,0,0,0,1000,1000,1000,1000,0,0,0,0,0
2025-12-15 00:47:38.878,SERVO_OUTPUT_RAW,814109815,SERVO_OUTPUT_RAW,0,0,0,0,0,0,0,0,1000,1000,1000,1000,0,0,0,0,0
2025-12-15 00:47:38.978,SERVO_OUTPUT_RAW,814209772,SERVO_OUTPUT_RAW,0,0,0,0,0,0,0,0,1000,1000,1000,1000,0,0,0,0,0
2025-12-15 00:47:39.079,SERVO_OUTPUT_RAW,814309827,SERVO_OUTPUT_RAW,0,0,0,0,0,0,0,0,1000,1000,1000,1000,0,0,0,0,0
2025-12-15 00:47:39.178,SERVO_OUTPUT_RAW,814409783,SERVO_OUTPUT_RAW,0,0,0,0,0,0,0,0,1000,1000,1000,1000,0,0,0,0,0
2025-12-15 00:47:39.278,SERVO_OUTPUT_RAW,814509777,SERVO_OUTPUT_RAW,0,0,0,0,0,0,0,0,1000,1000,1000,1000,0,0,0,0,0
2025-12-15 00:47:39.377,SERVO_OUTPUT_RAW,814609781,SERVO_OUTPUT_RAW,0,0,0,0,0,0,0,0,1000,1000,1000,1000,0,0,0,0,0
2025-12-15 00:47:39.477,SERVO_OUTPUT_RAW,814709820,SERVO_OUTPUT_RAW,0,0,0,0,0,0,0,0,1000,1000,1000,1000,0,0,0,0,0
2025-12-15 00:47:39.578,SERVO_OUTPUT_RAW,814812142,SERVO_OUTPUT_RAW,0,0,0,0,0,0,0,0,1000,1000,1000,1000,0,0,0,0,0
2025-12-15 00:47:39.677,SERVO_OUTPUT_RAW,814909854,SERVO_OUTPUT_RAW,0,0,0,0,0,0,0,0,1000,1000,1000,1000,0,0,0,0,0
2025-12-15 00:47:39.777,SERVO_OUTPUT_RAW,815009807,SERVO_OUTPUT_RAW,0,0,0,0,0,0,0,0,1000,1000,1000,1000,0,0,0,0,0
2025-12-15 00:47:39.878,SERVO_OUTPUT_RAW,815109809,SERVO_OUTPUT_RAW,0,0,0,0,0,0,0,0,1000,1000,1000,1000,0,0,0,0,0
2025-12-15 00:47:39.977,SERVO_OUTPUT_RAW,815209821,SERVO_OUTPUT_RAW,0,0,0,0,0,0,0,0,1000,1000,1000,1000,0,0,0,0,0
2025-12-15 00:47:40.078,SERVO_OUTPUT_RAW,815309873,SERVO_OUTPUT_RAW,0,0,0,0,0,0,0,0,1000,1000,1000,1000,0,0,0,0,0
2025-12-15 00:47:40.178,SERVO_OUTPUT_RAW,815409785,SERVO_OUTPUT_RAW,0,0,0,0,0,0,0,0,1000,1000,1000,1000,0,0,0,0,0
2025-12-15 00:47:40.277,SERVO_OUTPUT_RAW,815509788,SERVO_OUTPUT_RAW,0,0,0,0,0,0,0,0,1000,1000,1000,1000,0,0,0,0,0
2025-12-15 00:47:40.377,SERVO_OUTPUT_RAW,815609824,SERVO_OUTPUT_RAW,0,0,0,0,0,0,0,0,1000,1000,1000,1000,0,0,0,0,0
2025-12-15 00:47:40.478,SERVO_OUTPUT_RAW,815709881,SERVO_OUTPUT_RAW,0,0,0,0,0,0,0,0,1000,1000,1000,1000,0,0,0,0,0
2025-12-15 00:47:40.578,SERVO_OUTPUT_RAW,815809788,SERVO_OUTPUT_RAW,0,0,0,0,0,0,0,0,1000,1000,1000,1000,0,0,0,0,0
2025-12-15 00:47:40.678,SERVO_OUTPUT_RAW,815909785,SERVO_OUTPUT_RAW,0,0,0,0,0,0,0,0,1000,1000,1000,1000,0,0,0,0,0
2025-12-15 00:47:40.778,SERVO_OUTPUT_RAW,816009793,SERVO_OUTPUT_RAW,0,0,0,0,0,0,0,0,1000,1000,1000,1000,0,0,0,0,0
2025-12-15 00:47:40.878,SERVO_OUTPUT_RAW,816109788,SERVO_OUTPUT_RAW,0,0,0,0,0,0,0,0,1000,1000,1000,1000,0,0,0,0,0
2025-12-15 00:47:40.978,SERVO_OUTPUT_RAW,816209805,SERVO_OUTPUT_RAW,0,0,0,0,0,0,0,0,1000,1000,1000,1000,0,0,0,0,0
2025-12-15 00:47:41.078,SERVO_OUTPUT_RAW,816312148,SERVO_OUTPUT_RAW,0,0,0,0,0,0,0,0,1000,1000,1000,1000,0,0,0,0,0
2025-12-15 00:47:41.178,SERVO_OUTPUT_RAW,816409825,SERVO_OUTPUT_RAW,0,0,0,0,0,0,0,0,1000,1000,1000,1000,0,0,0,0,0
2025-12-15 00:47:41.278,SERVO_OUTPUT_RAW,816512149,SERVO_OUTPUT_RAW,0,0,0,0,0,0,0,0,1000,1000,1000,1000,0,0,0,0,0
2025-12-15 00:47:41.378,SERVO_OUTPUT_RAW,816609795,SERVO_OUTPUT_RAW,0,0,0,0,0,0,0,0,1000,1000,1000,1000,0,0,0,0,0
2025-12-15 00:47:41.478,SERVO_OUTPUT_RAW,816709804,SERVO_OUTPUT_RAW,0,0,0,0,0,0,0,0,1000,1000,1000,1000,0,0,0,0,0
2025-12-15 00:47:41.578,SERVO_OUTPUT_RAW,816809845,SERVO_OUTPUT_RAW,0,0,0,0,0,0,0,0,1000,1000,1000,1000,0,0,0,0,0
2025-12-15 00:47:41.678,SERVO_OUTPUT_RAW,816909799,SERVO_OUTPUT_RAW,0,0,0,0,0,0,0,0,1000,1000,1000,1000,0,0,0,0,0
2025-12-15 00:47:41.778,SERVO_OUTPUT_RAW,817009785,SERVO_OUTPUT_RAW,0,0,0,0,0,0,0,0,1000,1000,1000,1000,0,0,0,0,0
2025-12-15 00:47:41.878,SERVO_OUTPUT_RAW,817109801,SERVO_OUTPUT_RAW,0,0,0,0,0,0,0,0,1000,1000,1000,1000,0,0,0,0,0
2025-12-15 00:47:41.978,SERVO_OUTPUT_RAW,817209812,SERVO_OUTPUT_RAW,0,0,0,0,0,0,0,0,1000,1000,1000,1000,0,0,0,0,0
2025-12-15 00:47:42.078,SERVO_OUTPUT_RAW,817309816,SERVO_OUTPUT_RAW,0,0,0,0,0,0,0,0,1000,1000,1000,1000,0,0,0,0,0
2025-12-15 00:47:42.178,SERVO_OUTPUT_RAW,817409802,SERVO_OUTPUT_RAW,0,0,0,0,0,0,0,0,1000,1000,1000,1000,0,0,0,0,0
2025-12-15 00:47:42.278,SERVO_OUTPUT_RAW,817509791,SERVO_OUTPUT_RAW,0,0,0,0,0,0,0,0,1000,1000,1000,1000,0,0,0,0,0
2025-12-15 00:47:42.382,SERVO_OUTPUT_RAW,817609799,SERVO_OUTPUT_RAW,0,0,0,0,0,0,0,0,1000,1000,1000,1000,0,0,0,0,0
2025-12-15 00:47:42.479,SERVO_OUTPUT_RAW,817709787,SERVO_OUTPUT_RAW,0,0,0,0,0,0,0,0,1000,1000,1000,1000,0,0,0,0,0
2025-12-15 00:47:42.578,SERVO_OUTPUT_RAW,817812170,SERVO_OUTPUT_RAW,0,0,0,0,0,0,0,0,1000,1000,1000,1000,0,0,0,0,0
2025-12-15 00:47:42.678,SERVO_OUTPUT_RAW,817909824,SERVO_OUTPUT_RAW,0,0,0,0,0,0,0,0,1000,1000,1000,1000,0,0,0,0,0
2025-12-15 00:47:42.778,SERVO_OUTPUT_RAW,818009823,SERVO_OUTPUT_RAW,0,0,0,0,0,0,0,0,1000,1000,1000,1000,0,0,0,0,0
2025-12-15 00:47:42.878,SERVO_OUTPUT_RAW,818109796,SERVO_OUTPUT_RAW,0,0,0,0,0,0,0,0,1000,1000,1000,1000,0,0,0,0,0
2025-12-15 00:47:42.978,SERVO_OUTPUT_RAW,818209865,SERVO_OUTPUT_RAW,0,0,0,0,0,0,0,0,1000,1000,1000,1000,0,0,0,0,0
2025-12-15 00:47:43.078,SERVO_OUTPUT_RAW,818309835,SERVO_OUTPUT_RAW,0,0,0,0,0,0,0,0,1000,1000,1000,1000,0,0,0,0,0
2025-12-15 00:47:43.178,SERVO_OUTPUT_RAW,818409853,SERVO_OUTPUT_RAW,0,0,0,0,0,0,0,0,1000,1000,1000,1000,0,0,0,0,0
2025-12-15 00:47:43.278,SERVO_OUTPUT_RAW,818509788,SERVO_OUTPUT_RAW,0,0,0,0,0,0,0,0,1000,1000,1000,1000,0,0,0,0,0
2025-12-15 00:47:43.378,SERVO_OUTPUT_RAW,818609780,SERVO_OUTPUT_RAW,0,0,0,0,0,0,0,0,1000,1000,1000,1000,0,0,0,0,0
2025-12-15 00:47:43.478,SERVO_OUTPUT_RAW,818709813,SERVO_OUTPUT_RAW,0,0,0,0,0,0,0,0,1000,1000,1000,1000,0,0,0,0,0
2025-12-15 00:47:43.578,SERVO_OUTPUT_RAW,818809827,SERVO_OUTPUT_RAW,0,0,0,0,0,0,0,0,1000,1000,1000,1000,0,0,0,0,0
2025-12-15 00:47:43.678,SERVO_OUTPUT_RAW,818909787,SERVO_OUTPUT_RAW,0,0,0,0,0,0,0,0,1000,1000,1000,1000,0,0,0,0,0
2025-12-15 00:47:43.778,SERVO_OUTPUT_RAW,819009788,SERVO_OUTPUT_RAW,0,0,0,0,0,0,0,0,1000,1000,1000,1000,0,0,0,0,0
2025-12-15 00:47:43.878,SERVO_OUTPUT_RAW,819109793,SERVO_OUTPUT_RAW,0,0,0,0,0,0,0,0,1000,1000,1000,1000,0,0,0,0,0
2025-12-15 00:47:43.978,SERVO_OUTPUT_RAW,819209817,SERVO_OUTPUT_RAW,0,0,0,0,0,0,0,0,1000,1000,1000,1000,0,0,0,0,0
2025-12-15 00:47:44.078,SERVO_OUTPUT_RAW,819309796,SERVO_OUTPUT_RAW,0,0,0,0,0,0,0,0,1000,1000,1000,1000,0,0,0,0,0
2025-12-15 00:47:44.178,SERVO_OUTPUT_RAW,819409809,SERVO_OUTPUT_RAW,0,0,0,0,0,0,0,0,1000,1000,1000,1000,0,0,0,0,0
2025-12-15 00:47:44.278,SERVO_OUTPUT_RAW,819509844,SERVO_OUTPUT_RAW,0,0,0,0,0,0,0,0,1000,1000,1000,1000,0,0,0,0,0
2025-12-15 00:47:44.378,SERVO_OUTPUT_RAW,819609788,SERVO_OUTPUT_RAW,0,0,0,0,0,0,0,0,1000,1000,1000,1000,0,0,0,0,0
2025-12-15 00:47:44.478,SERVO_OUTPUT_RAW,819709822,SERVO_OUTPUT_RAW,0,0,0,0,0,0,0,0,1000,1000,1000,1000,0,0,0,0,0
2025-12-15 00:47:44.578,SERVO_OUTPUT_RAW,819809824,SERVO_OUTPUT_RAW,0,0,0,0,0,0,0,0,1000,1000,1000,1000,0,0,0,0,0
2025-12-15 00:47:44.678,SERVO_OUTPUT_RAW,819912074,SERVO_OUTPUT_RAW,0,0,0,0,0,0,0,0,1000,1000,1000,1000,0,0,0,0,0
2025-12-15 00:47:44.778,SERVO_OUTPUT_RAW,820009840,SERVO_OUTPUT_RAW,0,0,0,0,0,0,0,0,1000,1000,1000,1000,0,0,0,0,0
2025-12-15 00:47:44.878,SERVO_OUTPUT_RAW,820109827,SERVO_OUTPUT_RAW,0,0,0,0,0,0,0,0,1000,1000,1000,1000,0,0,0,0,0
2025-12-15 00:47:44.978,SERVO_OUTPUT_RAW,820209798,SERVO_OUTPUT_RAW,0,0,0,0,0,0,0,0,1000,1000,1000,1000,0,0,0,0,0
2025-12-15 00:47:45.078,SERVO_OUTPUT_RAW,820309825,SERVO_OUTPUT_RAW,0,0,0,0,0,0,0,0,1000,1000,1000,1000,0,0,0,0,0
2025-12-15 00:47:45.178,SERVO_OUTPUT_RAW,820409809,SERVO_OUTPUT_RAW,0,0,0,0,0,0,0,0,1000,1000,1000,1000,0,0,0,0,0
2025-12-15 00:47:45.278,SERVO_OUTPUT_RAW,820509792,SERVO_OUTPUT_RAW,0,0,0,0,0,0,0,0,1000,1000,1000,1000,0,0,0,0,0
2025-12-15 00:47:45.379,SERVO_OUTPUT_RAW,820609787,SERVO_OUTPUT_RAW,0,0,0,0,0,0,0,0,1000,1000,1000,1000,0,0,0,0,0
2025-12-15 00:47:45.478,SERVO_OUTPUT_RAW,820709792,SERVO_OUTPUT_RAW,0,0,0,0,0,0,0,0,1000,1000,1000,1000,0,0,0,0,0
2025-12-15 00:47:45.578,SERVO_OUTPUT_RAW,820809790,SERVO_OUTPUT_RAW,0,0,0,0,0,0,0,0,1000,1000,1000,1000,0,0,0,0,0
2025-12-15 00:47:45.678,SERVO_OUTPUT_RAW,820909787,SERVO_OUTPUT_RAW,0,0,0,0,0,0,0,0,1000,1000,1000,1000,0,0,0,0,0
2025-12-15 00:47:45.779,SERVO_OUTPUT_RAW,821009829,SERVO_OUTPUT_RAW,0,0,0,0,0,0,0,0,1000,1000,1000,1000,0,0,0,0,0
2025-12-15 00:47:45.878,SERVO_OUTPUT_RAW,821112130,SERVO_OUTPUT_RAW,0,0,0,0,0,0,0,0,1000,1000,1000,1000,0,0,0,0,0
2025-12-15 00:47:45.978,SERVO_OUTPUT_RAW,821209863,SERVO_OUTPUT_RAW,0,0,0,0,0,0,0,0,1000,1000,1000,1000,0,0,0,0,0
2025-12-15 00:47:46.078,SERVO_OUTPUT_RAW,821309786,SERVO_OUTPUT_RAW,0,0,0,0,0,0,0,0,1000,1000,1000,1000,0,0,0,0,0
2025-12-15 00:47:46.178,SERVO_OUTPUT_RAW,821409825,SERVO_OUTPUT_RAW,0,0,0,0,0,0,0,0,1000,1000,1000,1000,0,0,0,0,0
2025-12-15 00:47:46.278,SERVO_OUTPUT_RAW,821509860,SERVO_OUTPUT_RAW,0,0,0,0,0,0,0,0,1000,1000,1000,1000,0,0,0,0,0
2025-12-15 00:47:46.378,SERVO_OUTPUT_RAW,821609845,SERVO_OUTPUT_RAW,0,0,0,0,0,0,0,0,1000,1000,1000,1000,0,0,0,0,0
2025-12-15 00:47:46.478,SERVO_OUTPUT_RAW,821709794,SERVO_OUTPUT_RAW,0,0,0,0,0,0,0,0,1000,1000,1000,1000,0,0,0,0,0
2025-12-15 00:47:46.578,SERVO_OUTPUT_RAW,821809814,SERVO_OUTPUT_RAW,0,0,0,0,0,0,0,0,1000,1000,1000,1000,0,0,0,0,0
2025-12-15 00:47:46.678,SERVO_OUTPUT_RAW,821909825,SERVO_OUTPUT_RAW,0,0,0,0,0,0,0,0,1000,1000,1000,1000,0,0,0,0,0
2025-12-15 00:47:46.779,SERVO_OUTPUT_RAW,822009871,SERVO_OUTPUT_RAW,0,0,0,0,0,0,0,0,1000,1000,1000,1000,0,0,0,0,0
2025-12-15 00:47:46.878,SERVO_OUTPUT_RAW,822109791,SERVO_OUTPUT_RAW,0,0,0,0,0,0,0,0,1000,1000,1000,1000,0,0,0,0,0
2025-12-15 00:47:46.978,SERVO_OUTPUT_RAW,822209803,SERVO_OUTPUT_RAW,0,0,0,0,0,0,0,0,1000,1000,1000,1000,0,0,0,0,0
2025-12-15 00:47:47.078,SERVO_OUTPUT_RAW,822309793,SERVO_OUTPUT_RAW,0,0,0,0,0,0,0,0,1000,1000,1000,1000,0,0,0,0,0
2025-12-15 00:47:47.178,SERVO_OUTPUT_RAW,822409786,SERVO_OUTPUT_RAW,0,0,0,0,0,0,0,0,1000,1000,1000,1000,0,0,0,0,0
2025-12-15 00:47:47.279,SERVO_OUTPUT_RAW,822509795,SERVO_OUTPUT_RAW,0,0,0,0,0,0,0,0,1000,1000,1000,1000,0,0,0,0,0
2025-12-15 00:47:47.380,SERVO_OUTPUT_RAW,822609835,SERVO_OUTPUT_RAW,0,0,0,0,0,0,0,0,1000,1000,1000,1000,0,0,0,0,0
2025-12-15 00:47:47.478,SERVO_OUTPUT_RAW,822709858,SERVO_OUTPUT_RAW,0,0,0,0,0,0,0,0,1000,1000,1000,1000,0,0,0,0,0
2025-12-15 00:47:47.579,SERVO_OUTPUT_RAW,822809840,SERVO_OUTPUT_RAW,0,0,0,0,0,0,0,0,1000,1000,1000,1000,0,0,0,0,0
2025-12-15 00:47:47.678,SERVO_OUTPUT_RAW,822909811,SERVO_OUTPUT_RAW,0,0,0,0,0,0,0,0,1000,1000,1000,1000,0,0,0,0,0
2025-12-15 00:47:47.778,SERVO_OUTPUT_RAW,823009822,SERVO_OUTPUT_RAW,0,0,0,0,0,0,0,0,1000,1000,1000,1000,0,0,0,0,0
2025-12-15 00:47:47.879,SERVO_OUTPUT_RAW,823109841,SERVO_OUTPUT_RAW,0,0,0,0,0,0,0,0,1000,1000,1000,1000,0,0,0,0,0
2025-12-15 00:47:47.978,SERVO_OUTPUT_RAW,823209848,SERVO_OUTPUT_RAW,0,0,0,0,0,0,0,0,1000,1000,1000,1000,0,0,0,0,0
2025-12-15 00:47:48.078,SERVO_OUTPUT_RAW,823309805,SERVO_OUTPUT_RAW,0,0,0,0,0,0,0,0,1000,1000,1000,1000,0,0,0,0,0
2025-12-15 00:47:48.179,SERVO_OUTPUT_RAW,823409819,SERVO_OUTPUT_RAW,0,0,0,0,0,0,0,0,1000,1000,1000,1000,0,0,0,0,0
2025-12-15 00:47:48.279,SERVO_OUTPUT_RAW,823509788,SERVO_OUTPUT_RAW,0,0,0,0,0,0,0,0,1000,1000,1000,1000,0,0,0,0,0
2025-12-15 00:47:48.378,SERVO_OUTPUT_RAW,823609783,SERVO_OUTPUT_RAW,0,0,0,0,0,0,0,0,1000,1000,1000,1000,0,0,0,0,0
2025-12-15 00:47:48.479,SERVO_OUTPUT_RAW,823709810,SERVO_OUTPUT_RAW,0,0,0,0,0,0,0,0,1000,1000,1000,1000,0,0,0,0,0
2025-12-15 00:47:48.579,SERVO_OUTPUT_RAW,823809787,SERVO_OUTPUT_RAW,0,0,0,0,0,0,0,0,1000,1000,1000,1000,0,0,0,0,0
2025-12-15 00:47:48.677,SERVO_OUTPUT_RAW,823909789,SERVO_OUTPUT_RAW,0,0,0,0,0,0,0,0,1000,1000,1000,1000,0,0,0,0,0
2025-12-15 00:47:48.779,SERVO_OUTPUT_RAW,824009812,SERVO_OUTPUT_RAW,0,0,0,0,0,0,0,0,1000,1000,1000,1000,0,0,0,0,0
2025-12-15 00:47:48.878,SERVO_OUTPUT_RAW,824112185,SERVO_OUTPUT_RAW,0,0,0,0,0,0,0,0,1000,1000,1000,1000,0,0,0,0,0
2025-12-15 00:47:48.979,SERVO_OUTPUT_RAW,824209858,SERVO_OUTPUT_RAW,0,0,0,0,0,0,0,0,1000,1000,1000,1000,0,0,0,0,0
2025-12-15 00:47:49.079,SERVO_OUTPUT_RAW,824309807,SERVO_OUTPUT_RAW,0,0,0,0,0,0,0,0,1000,1000,1000,1000,0,0,0,0,0
2025-12-15 00:47:49.179,SERVO_OUTPUT_RAW,824409798,SERVO_OUTPUT_RAW,0,0,0,0,0,0,0,0,1000,1000,1000,1000,0,0,0,0,0
2025-12-15 00:47:49.279,SERVO_OUTPUT_RAW,824509815,SERVO_OUTPUT_RAW,0,0,0,0,0,0,0,0,1000,1000,1000,1000,0,0,0,0,0
2025-12-15 00:47:49.379,SERVO_OUTPUT_RAW,824609860,SERVO_OUTPUT_RAW,0,0,0,0,0,0,0,0,1000,1000,1000,1000,0,0,0,0,0
2025-12-15 00:47:49.479,SERVO_OUTPUT_RAW,824709848,SERVO_OUTPUT_RAW,0,0,0,0,0,0,0,0,1000,1000,1000,1000,0,0,0,0,0
2025-12-15 00:47:49.579,SERVO_OUTPUT_RAW,824809788,SERVO_OUTPUT_RAW,0,0,0,0,0,0,0,0,1000,1000,1000,1000,0,0,0,0,0
2025-12-15 00:47:49.678,SERVO_OUTPUT_RAW,824909809,SERVO_OUTPUT_RAW,0,0,0,0,0,0,0,0,1000,1000,1000,1000,0,0,0,0,0
2025-12-15 00:47:49.779,SERVO_OUTPUT_RAW,825009829,SERVO_OUTPUT_RAW,0,0,0,0,0,0,0,0,1000,1000,1000,1000,0,0,0,0,0
2025-12-15 00:47:49.922,SERVO_OUTPUT_RAW,825109773,SERVO_OUTPUT_RAW,0,0,0,0,0,0,0,0,1000,1000,1000,1000,0,0,0,0,0
2025-12-15 00:47:49.978,SERVO_OUTPUT_RAW,825209800,SERVO_OUTPUT_RAW,0,0,0,0,0,0,0,0,1000,1000,1000,1000,0,0,0,0,0
2025-12-15 00:47:50.077,SERVO_OUTPUT_RAW,825309785,SERVO_OUTPUT_RAW,0,0,0,0,0,0,0,0,1000,1000,1000,1000,0,0,0,0,0
2025-12-15 00:47:50.178,SERVO_OUTPUT_RAW,825409781,SERVO_OUTPUT_RAW,0,0,0,0,0,0,0,0,1000,1000,1000,1000,0,0,0,0,0
2025-12-15 00:47:50.278,SERVO_OUTPUT_RAW,825509813,SERVO_OUTPUT_RAW,0,0,0,0,0,0,0,0,1000,1000,1000,1000,0,0,0,0,0
2025-12-15 00:47:50.378,SERVO_OUTPUT_RAW,825609783,SERVO_OUTPUT_RAW,0,0,0,0,0,0,0,0,1000,1000,1000,1000,0,0,0,0,0
2025-12-15 00:47:50.478,SERVO_OUTPUT_RAW,825709839,SERVO_OUTPUT_RAW,0,0,0,0,0,0,0,0,1000,1000,1000,1000,0,0,0,0,0
2025-12-15 00:47:50.578,SERVO_OUTPUT_RAW,825809829,SERVO_OUTPUT_RAW,0,0,0,0,0,0,0,0,1000,1000,1000,1000,0,0,0,0,0
2025-12-15 00:47:50.678,SERVO_OUTPUT_RAW,825909806,SERVO_OUTPUT_RAW,0,0,0,0,0,0,0,0,1000,1000,1000,1000,0,0,0,0,0
2025-12-15 00:47:50.778,SERVO_OUTPUT_RAW,826009813,SERVO_OUTPUT_RAW,0,0,0,0,0,0,0,0,1000,1000,1000,1000,0,0,0,0,0
2025-12-15 00:47:50.878,SERVO_OUTPUT_RAW,826109816,SERVO_OUTPUT_RAW,0,0,0,0,0,0,0,0,1000,1000,1000,1000,0,0,0,0,0
2025-12-15 00:47:50.978,SERVO_OUTPUT_RAW,826212068,SERVO_OUTPUT_RAW,0,0,0,0,0,0,0,0,1000,1000,1000,1000,0,0,0,0,0
2025-12-15 00:47:51.078,SERVO_OUTPUT_RAW,826309787,SERVO_OUTPUT_RAW,0,0,0,0,0,0,0,0,1000,1000,1000,1000,0,0,0,0,0
2025-12-15 00:47:51.178,SERVO_OUTPUT_RAW,826409784,SERVO_OUTPUT_RAW,0,0,0,0,0,0,0,0,1000,1000,1000,1000,0,0,0,0,0
2025-12-15 00:47:51.278,SERVO_OUTPUT_RAW,826509804,SERVO_OUTPUT_RAW,0,0,0,0,0,0,0,0,1000,1000,1000,1000,0,0,0,0,0
2025-12-15 00:47:51.378,SERVO_OUTPUT_RAW,826609807,SERVO_OUTPUT_RAW,0,0,0,0,0,0,0,0,1000,1000,1000,1000,0,0,0,0,0
2025-12-15 00:47:51.478,SERVO_OUTPUT_RAW,826709788,SERVO_OUTPUT_RAW,0,0,0,0,0,0,0,0,1000,1000,1000,1000,0,0,0,0,0
2025-12-15 00:47:51.578,SERVO_OUTPUT_RAW,826809788,SERVO_OUTPUT_RAW,0,0,0,0,0,0,0,0,1000,1000,1000,1000,0,0,0,0,0
2025-12-15 00:47:51.678,SERVO_OUTPUT_RAW,826909799,SERVO_OUTPUT_RAW,0,0,0,0,0,0,0,0,1000,1000,1000,1000,0,0,0,0,0
2025-12-15 00:47:51.778,SERVO_OUTPUT_RAW,827009793,SERVO_OUTPUT_RAW,0,0,0,0,0,0,0,0,1000,1000,1000,1000,0,0,0,0,0
2025-12-15 00:47:51.878,SERVO_OUTPUT_RAW,827109796,SERVO_OUTPUT_RAW,0,0,0,0,0,0,0,0,1000,1000,1000,1000,0,0,0,0,0
2025-12-15 00:47:51.978,SERVO_OUTPUT_RAW,827209824,SERVO_OUTPUT_RAW,0,0,0,0,0,0,0,0,1000,1000,1000,1000,0,0,0,0,0
2025-12-15 00:47:52.078,SERVO_OUTPUT_RAW,827309867,SERVO_OUTPUT_RAW,0,0,0,0,0,0,0,0,1000,1000,1000,1000,0,0,0,0,0
2025-12-15 00:47:52.178,SERVO_OUTPUT_RAW,827409847,SERVO_OUTPUT_RAW,0,0,0,0,0,0,0,0,1000,1000,1000,1000,0,0,0,0,0
2025-12-15 00:47:52.278,SERVO_OUTPUT_RAW,827509776,SERVO_OUTPUT_RAW,0,0,0,0,0,0,0,0,1000,1000,1000,1000,0,0,0,0,0
2025-12-15 00:47:52.378,SERVO_OUTPUT_RAW,827609811,SERVO_OUTPUT_RAW,0,0,0,0,0,0,0,0,1000,1000,1000,1000,0,0,0,0,0
2025-12-15 00:47:52.478,SERVO_OUTPUT_RAW,827709829,SERVO_OUTPUT_RAW,0,0,0,0,0,0,0,0,1000,1000,1000,1000,0,0,0,0,0
2025-12-15 00:47:52.578,SERVO_OUTPUT_RAW,827809830,SERVO_OUTPUT_RAW,0,0,0,0,0,0,0,0,1000,1000,1000,1000,0,0,0,0,0
2025-12-15 00:47:52.678,SERVO_OUTPUT_RAW,827909842,SERVO_OUTPUT_RAW,0,0,0,0,0,0,0,0,1000,1000,1000,1000,0,0,0,0,0
2025-12-15 00:47:52.778,SERVO_OUTPUT_RAW,828009802,SERVO_OUTPUT_RAW,0,0,0,0,0,0,0,0,1000,1000,1000,1000,0,0,0,0,0
2025-12-15 00:47:52.878,SERVO_OUTPUT_RAW,828109817,SERVO_OUTPUT_RAW,0,0,0,0,0,0,0,0,1000,1000,1000,1000,0,0,0,0,0
2025-12-15 00:47:52.978,SERVO_OUTPUT_RAW,828209883,SERVO_OUTPUT_RAW,0,0,0,0,0,0,0,0,1000,1000,1000,1000,0,0,0,0,0
2025-12-15 00:47:53.078,SERVO_OUTPUT_RAW,828309887,SERVO_OUTPUT_RAW,0,0,0,0,0,0,0,0,1000,1000,1000,1000,0,0,0,0,0
2025-12-15 00:47:53.178,SERVO_OUTPUT_RAW,828409793,SERVO_OUTPUT_RAW,0,0,0,0,0,0,0,0,1000,1000,1000,1000,0,0,0,0,0
2025-12-15 00:47:53.278,SERVO_OUTPUT_RAW,828509790,SERVO_OUTPUT_RAW,0,0,0,0,0,0,0,0,1000,1000,1000,1000,0,0,0,0,0
2025-12-15 00:47:53.378,SERVO_OUTPUT_RAW,828609782,SERVO_OUTPUT_RAW,0,0,0,0,0,0,0,0,1000,1000,1000,1000,0,0,0,0,0
2025-12-15 00:47:53.479,SERVO_OUTPUT_RAW,828709795,SERVO_OUTPUT_RAW,0,0,0,0,0,0,0,0,1000,1000,1000,1000,0,0,0,0,0
2025-12-15 00:47:53.579,SERVO_OUTPUT_RAW,828809805,SERVO_OUTPUT_RAW,0,0,0,0,0,0,0,0,1000,1000,1000,1000,0,0,0,0,0
2025-12-15 00:47:53.678,SERVO_OUTPUT_RAW,828909849,SERVO_OUTPUT_RAW,0,0,0,0,0,0,0,0,1000,1000,1000,1000,0,0,0,0,0
2025-12-15 00:47:53.778,SERVO_OUTPUT_RAW,829009807,SERVO_OUTPUT_RAW,0,0,0,0,0,0,0,0,1000,1000,1000,1000,0,0,0,0,0
2025-12-15 00:47:53.878,SERVO_OUTPUT_RAW,829109803,SERVO_OUTPUT_RAW,0,0,0,0,0,0,0,0,1000,1000,1000,1000,0,0,0,0,0
2025-12-15 00:47:53.978,SERVO_OUTPUT_RAW,829209847,SERVO_OUTPUT_RAW,0,0,0,0,0,0,0,0,1000,1000,1000,1000,0,0,0,0,0
2025-12-15 00:47:54.078,SERVO_OUTPUT_RAW,829309849,SERVO_OUTPUT_RAW,0,0,0,0,0,0,0,0,1000,1000,1000,1000,0,0,0,0,0
2025-12-15 00:47:54.179,SERVO_OUTPUT_RAW,829409847,SERVO_OUTPUT_RAW,0,0,0,0,0,0,0,0,1000,1000,1000,1000,0,0,0,0,0
2025-12-15 00:47:54.279,SERVO_OUTPUT_RAW,829509794,SERVO_OUTPUT_RAW,0,0,0,0,0,0,0,0,1000,1000,1000,1000,0,0,0,0,0
2025-12-15 00:47:54.379,SERVO_OUTPUT_RAW,829609815,SERVO_OUTPUT_RAW,0,0,0,0,0,0,0,0,1000,1000,1000,1000,0,0,0,0,0
2025-12-15 00:47:54.479,SERVO_OUTPUT_RAW,829709825,SERVO_OUTPUT_RAW,0,0,0,0,0,0,0,0,1000,1000,1000,1000,0,0,0,0,0
2025-12-15 00:47:54.578,SERVO_OUTPUT_RAW,829809810,SERVO_OUTPUT_RAW,0,0,0,0,0,0,0,0,1000,1000,1000,1000,0,0,0,0,0
2025-12-15 00:47:54.678,SERVO_OUTPUT_RAW,829909787,SERVO_OUTPUT_RAW,0,0,0,0,0,0,0,0,1000,1000,1000,1000,0,0,0,0,0
2025-12-15 00:47:54.778,SERVO_OUTPUT_RAW,830009795,SERVO_OUTPUT_RAW,0,0,0,0,0,0,0,0,1000,1000,1000,1000,0,0,0,0,0
2025-12-15 00:47:54.878,SERVO_OUTPUT_RAW,830109784,SERVO_OUTPUT_RAW,0,0,0,0,0,0,0,0,1000,1000,1000,1000,0,0,0,0,0
2025-12-15 00:47:54.978,SERVO_OUTPUT_RAW,830212130,SERVO_OUTPUT_RAW,0,0,0,0,0,0,0,0,1000,1000,1000,1000,0,0,0,0,0
2025-12-15 00:47:55.079,SERVO_OUTPUT_RAW,830309783,SERVO_OUTPUT_RAW,0,0,0,0,0,0,0,0,1000,1000,1000,1000,0,0,0,0,0
2025-12-15 00:47:55.179,SERVO_OUTPUT_RAW,830412204,SERVO_OUTPUT_RAW,0,0,0,0,0,0,0,0,1000,1000,1000,1000,0,0,0,0,0
2025-12-15 00:47:55.279,SERVO_OUTPUT_RAW,830509840,SERVO_OUTPUT_RAW,0,0,0,0,0,0,0,0,1000,1000,1000,1000,0,0,0,0,0
2025-12-15 00:47:55.379,SERVO_OUTPUT_RAW,830609870,SERVO_OUTPUT_RAW,0,0,0,0,0,0,0,0,1000,1000,1000,1000,0,0,0,0,0
2025-12-15 00:47:55.478,SERVO_OUTPUT_RAW,830709811,SERVO_OUTPUT_RAW,0,0,0,0,0,0,0,0,1000,1000,1000,1000,0,0,0,0,0
2025-12-15 00:47:55.578,SERVO_OUTPUT_RAW,830809825,SERVO_OUTPUT_RAW,0,0,0,0,0,0,0,0,1000,1000,1000,1000,0,0,0,0,0
2025-12-15 00:47:55.679,SERVO_OUTPUT_RAW,830909863,SERVO_OUTPUT_RAW,0,0,0,0,0,0,0,0,1000,1000,1000,1000,0,0,0,0,0
2025-12-15 00:47:55.779,SERVO_OUTPUT_RAW,831009781,SERVO_OUTPUT_RAW,0,0,0,0,0,0,0,0,1000,1000,1000,1000,0,0,0,0,0
2025-12-15 00:47:55.878,SERVO_OUTPUT_RAW,831109789,SERVO_OUTPUT_RAW,0,0,0,0,0,0,0,0,1000,1000,1000,1000,0,0,0,0,0
2025-12-15 00:47:55.979,SERVO_OUTPUT_RAW,831209825,SERVO_OUTPUT_RAW,0,0,0,0,0,0,0,0,1000,1000,1000,1000,0,0,0,0,0
2025-12-15 00:47:56.079,SERVO_OUTPUT_RAW,831309804,SERVO_OUTPUT_RAW,0,0,0,0,0,0,0,0,1000,1000,1000,1000,0,0,0,0,0
2025-12-15 00:47:56.179,SERVO_OUTPUT_RAW,831409782,SERVO_OUTPUT_RAW,0,0,0,0,0,0,0,0,1000,1000,1000,1000,0,0,0,0,0
2025-12-15 00:47:56.279,SERVO_OUTPUT_RAW,831509783,SERVO_OUTPUT_RAW,0,0,0,0,0,0,0,0,1000,1000,1000,1000,0,0,0,0,0
2025-12-15 00:47:56.379,SERVO_OUTPUT_RAW,831609793,SERVO_OUTPUT_RAW,0,0,0,0,0,0,0,0,1000,1000,1000,1000,0,0,0,0,0
2025-12-15 00:47:56.479,SERVO_OUTPUT_RAW,831709794,SERVO_OUTPUT_RAW,0,0,0,0,0,0,0,0,1000,1000,1000,1000,0,0,0,0,0
2025-12-15 00:47:56.579,SERVO_OUTPUT_RAW,831812116,SERVO_OUTPUT_RAW,0,0,0,0,0,0,0,0,1000,1000,1000,1000,0,0,0,0,0
2025-12-15 00:47:56.679,SERVO_OUTPUT_RAW,831909807,SERVO_OUTPUT_RAW,0,0,0,0,0,0,0,0,1000,1000,1000,1000,0,0,0,0,0
2025-12-15 00:47:56.779,SERVO_OUTPUT_RAW,832009841,SERVO_OUTPUT_RAW,0,0,0,0,0,0,0,0,1000,1000,1000,1000,0,0,0,0,0
2025-12-15 00:47:56.879,SERVO_OUTPUT_RAW,832109859,SERVO_OUTPUT_RAW,0,0,0,0,0,0,0,0,1000,1000,1000,1000,0,0,0,0,0
2025-12-15 00:47:56.979,SERVO_OUTPUT_RAW,832209810,SERVO_OUTPUT_RAW,0,0,0,0,0,0,0,0,1000,1000,1000,1000,0,0,0,0,0
2025-12-15 00:47:57.079,SERVO_OUTPUT_RAW,832309811,SERVO_OUTPUT_RAW,0,0,0,0,0,0,0,0,1000,1000,1000,1000,0,0,0,0,0
2025-12-15 00:47:57.179,SERVO_OUTPUT_RAW,832409843,SERVO_OUTPUT_RAW,0,0,0,0,0,0,0,0,1000,1000,1000,1000,0,0,0,0,0
2025-12-15 00:47:57.279,SERVO_OUTPUT_RAW,832512044,SERVO_OUTPUT_RAW,0,0,0,0,0,0,0,0,1000,1000,1000,1000,0,0,0,0,0
2025-12-15 00:47:57.381,SERVO_OUTPUT_RAW,832609789,SERVO_OUTPUT_RAW,0,0,0,0,0,0,0,0,1000,1000,1000,1000,0,0,0,0,0
2025-12-15 00:47:57.481,SERVO_OUTPUT_RAW,832709828,SERVO_OUTPUT_RAW,0,0,0,0,0,0,0,0,1000,1000,1000,1000,0,0,0,0,0
2025-12-15 00:47:57.577,SERVO_OUTPUT_RAW,832809817,SERVO_OUTPUT_RAW,0,0,0,0,0,0,0,0,1000,1000,1000,1000,0,0,0,0,0
2025-12-15 00:47:57.677,SERVO_OUTPUT_RAW,832909781,SERVO_OUTPUT_RAW,0,0,0,0,0,0,0,0,1000,1000,1000,1000,0,0,0,0,0
2025-12-15 00:47:57.777,SERVO_OUTPUT_RAW,833009786,SERVO_OUTPUT_RAW,0,0,0,0,0,0,0,0,1000,1000,1000,1000,0,0,0,0,0
2025-12-15 00:47:57.877,SERVO_OUTPUT_RAW,833109828,SERVO_OUTPUT_RAW,0,0,0,0,0,0,0,0,1000,1000,1000,1000,0,0,0,0,0
2025-12-15 00:47:57.977,SERVO_OUTPUT_RAW,833209783,SERVO_OUTPUT_RAW,0,0,0,0,0,0,0,0,1000,1000,1000,1000,0,0,0,0,0
2025-12-15 00:47:58.077,SERVO_OUTPUT_RAW,833309789,SERVO_OUTPUT_RAW,0,0,0,0,0,0,0,0,1000,1000,1000,1000,0,0,0,0,0
2025-12-15 00:47:58.177,SERVO_OUTPUT_RAW,833409804,SERVO_OUTPUT_RAW,0,0,0,0,0,0,0,0,1000,1000,1000,1000,0,0,0,0,0
2025-12-15 00:47:58.277,SERVO_OUTPUT_RAW,833509827,SERVO_OUTPUT_RAW,0,0,0,0,0,0,0,0,1000,1000,1000,1000,0,0,0,0,0
2025-12-15 00:47:58.377,SERVO_OUTPUT_RAW,833609862,SERVO_OUTPUT_RAW,0,0,0,0,0,0,0,0,1000,1000,1000,1000,0,0,0,0,0
2025-12-15 00:47:58.477,SERVO_OUTPUT_RAW,833709845,SERVO_OUTPUT_RAW,0,0,0,0,0,0,0,0,1000,1000,1000,1000,0,0,0,0,0
2025-12-15 00:47:58.577,SERVO_OUTPUT_RAW,833809794,SERVO_OUTPUT_RAW,0,0,0,0,0,0,0,0,1000,1000,1000,1000,0,0,0,0,0
2025-12-15 00:47:58.677,SERVO_OUTPUT_RAW,833909811,SERVO_OUTPUT_RAW,0,0,0,0,0,0,0,0,1000,1000,1000,1000,0,0,0,0,0
2025-12-15 00:47:58.777,SERVO_OUTPUT_RAW,834009835,SERVO_OUTPUT_RAW,0,0,0,0,0,0,0,0,1000,1000,1000,1000,0,0,0,0,0
2025-12-15 00:47:58.877,SERVO_OUTPUT_RAW,834109867,SERVO_OUTPUT_RAW,0,0,0,0,0,0,0,0,1000,1000,1000,1000,0,0,0,0,0
2025-12-15 00:47:58.977,SERVO_OUTPUT_RAW,834209778,SERVO_OUTPUT_RAW,0,0,0,0,0,0,0,0,1000,1000,1000,1000,0,0,0,0,0
2025-12-15 00:47:59.077,SERVO_OUTPUT_RAW,834309812,SERVO_OUTPUT_RAW,0,0,0,0,0,0,0,0,1000,1000,1000,1000,0,0,0,0,0
2025-12-15 00:47:59.177,SERVO_OUTPUT_RAW,834409816,SERVO_OUTPUT_RAW,0,0,0,0,0,0,0,0,1000,1000,1000,1000,0,0,0,0,0
2025-12-15 00:47:59.277,SERVO_OUTPUT_RAW,834509799,SERVO_OUTPUT_RAW,0,0,0,0,0,0,0,0,1000,1000,1000,1000,0,0,0,0,0
2025-12-15 00:47:59.376,SERVO_OUTPUT_RAW,834609878,SERVO_OUTPUT_RAW,0,0,0,0,0,0,0,0,1000,1000,1000,1000,0,0,0,0,0
2025-12-15 00:47:59.476,SERVO_OUTPUT_RAW,834709808,SERVO_OUTPUT_RAW,0,0,0,0,0,0,0,0,1000,1000,1000,1000,0,0,0,0,0
2025-12-15 00:47:59.576,SERVO_OUTPUT_RAW,834809790,SERVO_OUTPUT_RAW,0,0,0,0,0,0,0,0,1000,1000,1000,1000,0,0,0,0,0
2025-12-15 00:47:59.676,SERVO_OUTPUT_RAW,834909788,SERVO_OUTPUT_RAW,0,0,0,0,0,0,0,0,1000,1000,1000,1000,0,0,0,0,0
2025-12-15 00:47:59.776,SERVO_OUTPUT_RAW,835009809,SERVO_OUTPUT_RAW,0,0,0,0,0,0,0,0,1000,1000,1000,1000,0,0,0,0,0
2025-12-15 00:47:59.876,SERVO_OUTPUT_RAW,835109830,SERVO_OUTPUT_RAW,0,0,0,0,0,0,0,0,1000,1000,1000,1000,0,0,0,0,0
2025-12-15 00:47:59.976,SERVO_OUTPUT_RAW,835209850,SERVO_OUTPUT_RAW,0,0,0,0,0,0,0,0,1000,1000,1000,1000,0,0,0,0,0
2025-12-15 00:48:00.076,SERVO_OUTPUT_RAW,835309808,SERVO_OUTPUT_RAW,0,0,0,0,0,0,0,0,1000,1000,1000,1000,0,0,0,0,0
2025-12-15 00:48:00.176,SERVO_OUTPUT_RAW,835409840,SERVO_OUTPUT_RAW,0,0,0,0,0,0,0,0,1000,1000,1000,1000,0,0,0,0,0
2025-12-15 00:48:00.276,SERVO_OUTPUT_RAW,835509833,SERVO_OUTPUT_RAW,0,0,0,0,0,0,0,0,1000,1000,1000,1000,0,0,0,0,0
2025-12-15 00:48:00.376,SERVO_OUTPUT_RAW,835609852,SERVO_OUTPUT_RAW,0,0,0,0,0,0,0,0,1000,1000,1000,1000,0,0,0,0,0
2025-12-15 00:48:00.476,SERVO_OUTPUT_RAW,835709786,SERVO_OUTPUT_RAW,0,0,0,0,0,0,0,0,1000,1000,1000,1000,0,0,0,0,0
2025-12-15 00:48:00.576,SERVO_OUTPUT_RAW,835809801,SERVO_OUTPUT_RAW,0,0,0,0,0,0,0,0,1000,1000,1000,1000,0,0,0,0,0
2025-12-15 00:48:00.676,SERVO_OUTPUT_RAW,835909818,SERVO_OUTPUT_RAW,0,0,0,0,0,0,0,0,1000,1000,1000,1000,0,0,0,0,0
2025-12-15 00:48:00.776,SERVO_OUTPUT_RAW,836009833,SERVO_OUTPUT_RAW,0,0,0,0,0,0,0,0,1000,1000,1000,1000,0,0,0,0,0
2025-12-15 00:48:00.876,SERVO_OUTPUT_RAW,836109790,SERVO_OUTPUT_RAW,0,0,0,0,0,0,0,0,1000,1000,1000,1000,0,0,0,0,0
2025-12-15 00:48:00.976,SERVO_OUTPUT_RAW,836209786,SERVO_OUTPUT_RAW,0,0,0,0,0,0,0,0,1000,1000,1000,1000,0,0,0,0,0
2025-12-15 00:48:01.076,SERVO_OUTPUT_RAW,836309799,SERVO_OUTPUT_RAW,0,0,0,0,0,0,0,0,1000,1000,1000,1000,0,0,0,0,0
2025-12-15 00:48:01.176,SERVO_OUTPUT_RAW,836409787,SERVO_OUTPUT_RAW,0,0,0,0,0,0,0,0,1000,1000,1000,1000,0,0,0,0,0
2025-12-15 00:48:01.276,SERVO_OUTPUT_RAW,836509787,SERVO_OUTPUT_RAW,0,0,0,0,0,0,0,0,1000,1000,1000,1000,0,0,0,0,0
2025-12-15 00:48:01.376,SERVO_OUTPUT_RAW,836609838,SERVO_OUTPUT_RAW,0,0,0,0,0,0,0,0,1000,1000,1000,1000,0,0,0,0,0
2025-12-15 00:48:01.477,SERVO_OUTPUT_RAW,836712130,SERVO_OUTPUT_RAW,0,0,0,0,0,0,0,0,1000,1000,1000,1000,0,0,0,0,0
2025-12-15 00:48:01.576,SERVO_OUTPUT_RAW,836809854,SERVO_OUTPUT_RAW,0,0,0,0,0,0,0,0,1000,1000,1000,1000,0,0,0,0,0
2025-12-15 00:48:01.676,SERVO_OUTPUT_RAW,836909796,SERVO_OUTPUT_RAW,0,0,0,0,0,0,0,0,1000,1000,1000,1000,0,0,0,0,0
2025-12-15 00:48:01.776,SERVO_OUTPUT_RAW,837009846,SERVO_OUTPUT_RAW,0,0,0,0,0,0,0,0,1000,1000,1000,1000,0,0,0,0,0
2025-12-15 00:48:01.876,SERVO_OUTPUT_RAW,837109856,SERVO_OUTPUT_RAW,0,0,0,0,0,0,0,0,1000,1000,1000,1000,0,0,0,0,0
2025-12-15 00:48:01.976,SERVO_OUTPUT_RAW,837209910,SERVO_OUTPUT_RAW,0,0,0,0,0,0,0,0,1000,1000,1000,1000,0,0,0,0,0
2025-12-15 00:48:02.076,SERVO_OUTPUT_RAW,837309783,SERVO_OUTPUT_RAW,0,0,0,0,0,0,0,0,1000,1000,1000,1000,0,0,0,0,0
2025-12-15 00:48:02.176,SERVO_OUTPUT_RAW,837409825,SERVO_OUTPUT_RAW,0,0,0,0,0,0,0,0,1000,1000,1000,1000,0,0,0,0,0
2025-12-15 00:48:02.276,SERVO_OUTPUT_RAW,837509831,SERVO_OUTPUT_RAW,0,0,0,0,0,0,0,0,1000,1000,1000,1000,0,0,0,0,0
2025-12-15 00:48:02.377,SERVO_OUTPUT_RAW,837609828,SERVO_OUTPUT_RAW,0,0,0,0,0,0,0,0,1000,1000,1000,1000,0,0,0,0,0
2025-12-15 00:48:02.476,SERVO_OUTPUT_RAW,837709779,SERVO_OUTPUT_RAW,0,0,0,0,0,0,0,0,1000,1000,1000,1000,0,0,0,0,0
2025-12-15 00:48:02.579,SERVO_OUTPUT_RAW,837809781,SERVO_OUTPUT_RAW,0,0,0,0,0,0,0,0,1000,1000,1000,1000,0,0,0,0,0
2025-12-15 00:48:02.679,SERVO_OUTPUT_RAW,837909784,SERVO_OUTPUT_RAW,0,0,0,0,0,0,0,0,1000,1000,1000,1000,0,0,0,0,0
2025-12-15 00:48:02.779,SERVO_OUTPUT_RAW,838009782,SERVO_OUTPUT_RAW,0,0,0,0,0,0,0,0,1000,1000,1000,1000,0,0,0,0,0
2025-12-15 00:48:02.879,SERVO_OUTPUT_RAW,838109835,SERVO_OUTPUT_RAW,0,0,0,0,0,0,0,0,1000,1000,1000,1000,0,0,0,0,0
2025-12-15 00:48:02.979,SERVO_OUTPUT_RAW,838209834,SERVO_OUTPUT_RAW,0,0,0,0,0,0,0,0,1000,1000,1000,1000,0,0,0,0,0
2025-12-15 00:48:03.078,SERVO_OUTPUT_RAW,838309851,SERVO_OUTPUT_RAW,0,0,0,0,0,0,0,0,1000,1000,1000,1000,0,0,0,0,0
2025-12-15 00:48:03.179,SERVO_OUTPUT_RAW,838409812,SERVO_OUTPUT_RAW,0,0,0,0,0,0,0,0,1000,1000,1000,1000,0,0,0,0,0
2025-12-15 00:48:03.278,SERVO_OUTPUT_RAW,838509880,SERVO_OUTPUT_RAW,0,0,0,0,0,0,0,0,1000,1000,1000,1000,0,0,0,0,0
2025-12-15 00:48:03.379,SERVO_OUTPUT_RAW,838609815,SERVO_OUTPUT_RAW,0,0,0,0,0,0,0,0,1000,1000,1000,1000,0,0,0,0,0
2025-12-15 00:48:03.478,SERVO_OUTPUT_RAW,838709843,SERVO_OUTPUT_RAW,0,0,0,0,0,0,0,0,1000,1000,1000,1000,0,0,0,0,0
2025-12-15 00:48:03.578,SERVO_OUTPUT_RAW,838809899,SERVO_OUTPUT_RAW,0,0,0,0,0,0,0,0,1000,1000,1000,1000,0,0,0,0,0
2025-12-15 00:48:03.678,SERVO_OUTPUT_RAW,838909802,SERVO_OUTPUT_RAW,0,0,0,0,0,0,0,0,1000,1000,1000,1000,0,0,0,0,0
2025-12-15 00:48:03.779,SERVO_OUTPUT_RAW,839009832,SERVO_OUTPUT_RAW,0,0,0,0,0,0,0,0,1000,1000,1000,1000,0,0,0,0,0
2025-12-15 00:48:03.878,SERVO_OUTPUT_RAW,839109828,SERVO_OUTPUT_RAW,0,0,0,0,0,0,0,0,1000,1000,1000,1000,0,0,0,0,0
2025-12-15 00:48:03.979,SERVO_OUTPUT_RAW,839209785,SERVO_OUTPUT_RAW,0,0,0,0,0,0,0,0,1000,1000,1000,1000,0,0,0,0,0
2025-12-15 00:48:04.079,SERVO_OUTPUT_RAW,839309788,SERVO_OUTPUT_RAW,0,0,0,0,0,0,0,0,1000,1000,1000,1000,0,0,0,0,0
2025-12-15 00:48:04.179,SERVO_OUTPUT_RAW,839409795,SERVO_OUTPUT_RAW,0,0,0,0,0,0,0,0,1000,1000,1000,1000,0,0,0,0,0
2025-12-15 00:48:04.279,SERVO_OUTPUT_RAW,839509794,SERVO_OUTPUT_RAW,0,0,0,0,0,0,0,0,1000,1000,1000,1000,0,0,0,0,0
2025-12-15 00:48:04.379,SERVO_OUTPUT_RAW,839609795,SERVO_OUTPUT_RAW,0,0,0,0,0,0,0,0,1000,1000,1000,1000,0,0,0,0,0
2025-12-15 00:48:04.479,SERVO_OUTPUT_RAW,839709795,SERVO_OUTPUT_RAW,0,0,0,0,0,0,0,0,1000,1000,1000,1000,0,0,0,0,0
2025-12-15 00:48:04.579,SERVO_OUTPUT_RAW,839809830,SERVO_OUTPUT_RAW,0,0,0,0,0,0,0,0,1000,1000,1000,1000,0,0,0,0,0
2025-12-15 00:48:04.679,SERVO_OUTPUT_RAW,839909824,SERVO_OUTPUT_RAW,0,0,0,0,0,0,0,0,1000,1000,1000,1000,0,0,0,0,0
2025-12-15 00:48:04.779,SERVO_OUTPUT_RAW,840009810,SERVO_OUTPUT_RAW,0,0,0,0,0,0,0,0,1000,1000,1000,1000,0,0,0,0,0
2025-12-15 00:48:04.879,SERVO_OUTPUT_RAW,840109808,SERVO_OUTPUT_RAW,0,0,0,0,0,0,0,0,1000,1000,1000,1000,0,0,0,0,0
2025-12-15 00:48:04.979,SERVO_OUTPUT_RAW,840209857,SERVO_OUTPUT_RAW,0,0,0,0,0,0,0,0,1000,1000,1000,1000,0,0,0,0,0
2025-12-15 00:48:05.079,SERVO_OUTPUT_RAW,840309842,SERVO_OUTPUT_RAW,0,0,0,0,0,0,0,0,1000,1000,1000,1000,0,0,0,0,0
2025-12-15 00:48:05.179,SERVO_OUTPUT_RAW,840409792,SERVO_OUTPUT_RAW,0,0,0,0,0,0,0,0,1000,1000,1000,1000,0,0,0,0,0
2025-12-15 00:48:05.279,SERVO_OUTPUT_RAW,840509830,SERVO_OUTPUT_RAW,0,0,0,0,0,0,0,0,1000,1000,1000,1000,0,0,0,0,0
2025-12-15 00:48:05.379,SERVO_OUTPUT_RAW,840609838,SERVO_OUTPUT_RAW,0,0,0,0,0,0,0,0,1000,1000,1000,1000,0,0,0,0,0
2025-12-15 00:48:05.479,SERVO_OUTPUT_RAW,840709821,SERVO_OUTPUT_RAW,0,0,0,0,0,0,0,0,1000,1000,1000,1000,0,0,0,0,0
2025-12-15 00:48:05.579,SERVO_OUTPUT_RAW,840809796,SERVO_OUTPUT_RAW,0,0,0,0,0,0,0,0,1000,1000,1000,1000,0,0,0,0,0
2025-12-15 00:48:05.679,SERVO_OUTPUT_RAW,840909870,SERVO_OUTPUT_RAW,0,0,0,0,0,0,0,0,1000,1000,1000,1000,0,0,0,0,0
2025-12-15 00:48:05.779,SERVO_OUTPUT_RAW,841009785,SERVO_OUTPUT_RAW,0,0,0,0,0,0,0,0,1000,1000,1000,1000,0,0,0,0,0
2025-12-15 00:48:05.879,SERVO_OUTPUT_RAW,841109778,SERVO_OUTPUT_RAW,0,0,0,0,0,0,0,0,1000,1000,1000,1000,0,0,0,0,0
2025-12-15 00:48:05.979,SERVO_OUTPUT_RAW,841209782,SERVO_OUTPUT_RAW,0,0,0,0,0,0,0,0,1000,1000,1000,1000,0,0,0,0,0
2025-12-15 00:48:06.079,SERVO_OUTPUT_RAW,841309824,SERVO_OUTPUT_RAW,0,0,0,0,0,0,0,0,1000,1000,1000,1000,0,0,0,0,0
2025-12-15 00:48:06.179,SERVO_OUTPUT_RAW,841409840,SERVO_OUTPUT_RAW,0,0,0,0,0,0,0,0,1000,1000,1000,1000,0,0,0,0,0
2025-12-15 00:48:06.279,SERVO_OUTPUT_RAW,841509877,SERVO_OUTPUT_RAW,0,0,0,0,0,0,0,0,1000,1000,1000,1000,0,0,0,0,0
2025-12-15 00:48:06.379,SERVO_OUTPUT_RAW,841609789,SERVO_OUTPUT_RAW,0,0,0,0,0,0,0,0,1000,1000,1000,1000,0,0,0,0,0
2025-12-15 00:48:06.479,SERVO_OUTPUT_RAW,841709925,SERVO_OUTPUT_RAW,0,0,0,0,0,0,0,0,1000,1000,1000,1000,0,0,0,0,0
2025-12-15 00:48:06.579,SERVO_OUTPUT_RAW,841809876,SERVO_OUTPUT_RAW,0,0,0,0,0,0,0,0,1000,1000,1000,1000,0,0,0,0,0
2025-12-15 00:48:06.679,SERVO_OUTPUT_RAW,841909835,SERVO_OUTPUT_RAW,0,0,0,0,0,0,0,0,1000,1000,1000,1000,0,0,0,0,0
2025-12-15 00:48:06.780,SERVO_OUTPUT_RAW,842009793,SERVO_OUTPUT_RAW,0,0,0,0,0,0,0,0,1000,1000,1000,1000,0,0,0,0,0
2025-12-15 00:48:06.879,SERVO_OUTPUT_RAW,842109817,SERVO_OUTPUT_RAW,0,0,0,0,0,0,0,0,1000,1000,1000,1000,0,0,0,0,0
2025-12-15 00:48:06.979,SERVO_OUTPUT_RAW,842209804,SERVO_OUTPUT_RAW,0,0,0,0,0,0,0,0,1000,1000,1000,1000,0,0,0,0,0
2025-12-15 00:48:07.079,SERVO_OUTPUT_RAW,842309772,SERVO_OUTPUT_RAW,0,0,0,0,0,0,0,0,1000,1000,1000,1000,0,0,0,0,0
2025-12-15 00:48:07.179,SERVO_OUTPUT_RAW,842409772,SERVO_OUTPUT_RAW,0,0,0,0,0,0,0,0,1000,1000,1000,1000,0,0,0,0,0
2025-12-15 00:48:07.280,SERVO_OUTPUT_RAW,842509798,SERVO_OUTPUT_RAW,0,0,0,0,0,0,0,0,1000,1000,1000,1000,0,0,0,0,0
2025-12-15 00:48:07.380,SERVO_OUTPUT_RAW,842609804,SERVO_OUTPUT_RAW,0,0,0,0,0,0,0,0,1000,1000,1000,1000,0,0,0,0,0
2025-12-15 00:48:07.479,SERVO_OUTPUT_RAW,842709792,SERVO_OUTPUT_RAW,0,0,0,0,0,0,0,0,1000,1000,1000,1000,0,0,0,0,0
2025-12-15 00:48:07.579,SERVO_OUTPUT_RAW,842812155,SERVO_OUTPUT_RAW,0,0,0,0,0,0,0,0,1000,1000,1000,1000,0,0,0,0,0
2025-12-15 00:48:07.678,SERVO_OUTPUT_RAW,842909837,SERVO_OUTPUT_RAW,0,0,0,0,0,0,0,0,1000,1000,1000,1000,0,0,0,0,0
2025-12-15 00:48:07.777,SERVO_OUTPUT_RAW,843012144,SERVO_OUTPUT_RAW,0,0,0,0,0,0,0,0,1000,1000,1000,1000,0,0,0,0,0
2025-12-15 00:48:07.877,SERVO_OUTPUT_RAW,843109805,SERVO_OUTPUT_RAW,0,0,0,0,0,0,0,0,1000,1000,1000,1000,0,0,0,0,0
2025-12-15 00:48:07.977,SERVO_OUTPUT_RAW,843209833,SERVO_OUTPUT_RAW,0,0,0,0,0,0,0,0,1000,1000,1000,1000,0,0,0,0,0
2025-12-15 00:48:08.077,SERVO_OUTPUT_RAW,843309828,SERVO_OUTPUT_RAW,0,0,0,0,0,0,0,0,1000,1000,1000,1000,0,0,0,0,0
2025-12-15 00:48:08.177,SERVO_OUTPUT_RAW,843409863,SERVO_OUTPUT_RAW,0,0,0,0,0,0,0,0,1000,1000,1000,1000,0,0,0,0,0
2025-12-15 00:48:08.277,SERVO_OUTPUT_RAW,843509835,SERVO_OUTPUT_RAW,0,0,0,0,0,0,0,0,1000,1000,1000,1000,0,0,0,0,0
2025-12-15 00:48:08.377,SERVO_OUTPUT_RAW,843609794,SERVO_OUTPUT_RAW,0,0,0,0,0,0,0,0,1000,1000,1000,1000,0,0,0,0,0
2025-12-15 00:48:08.477,SERVO_OUTPUT_RAW,843709823,SERVO_OUTPUT_RAW,0,0,0,0,0,0,0,0,1000,1000,1000,1000,0,0,0,0,0
2025-12-15 00:48:08.577,SERVO_OUTPUT_RAW,843809816,SERVO_OUTPUT_RAW,0,0,0,0,0,0,0,0,1000,1000,1000,1000,0,0,0,0,0
2025-12-15 00:48:08.677,SERVO_OUTPUT_RAW,843909790,SERVO_OUTPUT_RAW,0,0,0,0,0,0,0,0,1000,1000,1000,1000,0,0,0,0,0
2025-12-15 00:48:08.776,SERVO_OUTPUT_RAW,844009798,SERVO_OUTPUT_RAW,0,0,0,0,0,0,0,0,1000,1000,1000,1000,0,0,0,0,0
2025-12-15 00:48:08.876,SERVO_OUTPUT_RAW,844109785,SERVO_OUTPUT_RAW,0,0,0,0,0,0,0,0,1000,1000,1000,1000,0,0,0,0,0
2025-12-15 00:48:08.976,SERVO_OUTPUT_RAW,844209796,SERVO_OUTPUT_RAW,0,0,0,0,0,0,0,0,1000,1000,1000,1000,0,0,0,0,0
2025-12-15 00:48:09.076,SERVO_OUTPUT_RAW,844309787,SERVO_OUTPUT_RAW,0,0,0,0,0,0,0,0,1000,1000,1000,1000,0,0,0,0,0
2025-12-15 00:48:09.176,SERVO_OUTPUT_RAW,844409845,SERVO_OUTPUT_RAW,0,0,0,0,0,0,0,0,1000,1000,1000,1000,0,0,0,0,0
2025-12-15 00:48:09.276,SERVO_OUTPUT_RAW,844509832,SERVO_OUTPUT_RAW,0,0,0,0,0,0,0,0,1000,1000,1000,1000,0,0,0,0,0
2025-12-15 00:48:09.376,SERVO_OUTPUT_RAW,844609772,SERVO_OUTPUT_RAW,0,0,0,0,0,0,0,0,1000,1000,1000,1000,0,0,0,0,0
2025-12-15 00:48:09.476,SERVO_OUTPUT_RAW,844709792,SERVO_OUTPUT_RAW,0,0,0,0,0,0,0,0,1000,1000,1000,1000,0,0,0,0,0
2025-12-15 00:48:09.576,SERVO_OUTPUT_RAW,844809809,SERVO_OUTPUT_RAW,0,0,0,0,0,0,0,0,1000,1000,1000,1000,0,0,0,0,0
2025-12-15 00:48:09.676,SERVO_OUTPUT_RAW,844909828,SERVO_OUTPUT_RAW,0,0,0,0,0,0,0,0,1000,1000,1000,1000,0,0,0,0,0
2025-12-15 00:48:09.776,SERVO_OUTPUT_RAW,845009828,SERVO_OUTPUT_RAW,0,0,0,0,0,0,0,0,1000,1000,1000,1000,0,0,0,0,0
2025-12-15 00:48:09.878,SERVO_OUTPUT_RAW,845112047,SERVO_OUTPUT_RAW,0,0,0,0,0,0,0,0,1000,1000,1000,1000,0,0,0,0,0
2025-12-15 00:48:09.976,SERVO_OUTPUT_RAW,845209810,SERVO_OUTPUT_RAW,0,0,0,0,0,0,0,0,1000,1000,1000,1000,0,0,0,0,0
2025-12-15 00:48:10.076,SERVO_OUTPUT_RAW,845309830,SERVO_OUTPUT_RAW,0,0,0,0,0,0,0,0,1000,1000,1000,1000,0,0,0,0,0
2025-12-15 00:48:10.176,SERVO_OUTPUT_RAW,845409786,SERVO_OUTPUT_RAW,0,0,0,0,0,0,0,0,1000,1000,1000,1000,0,0,0,0,0
2025-12-15 00:48:10.276,SERVO_OUTPUT_RAW,845509795,SERVO_OUTPUT_RAW,0,0,0,0,0,0,0,0,1000,1000,1000,1000,0,0,0,0,0
2025-12-15 00:48:10.376,SERVO_OUTPUT_RAW,845609785,SERVO_OUTPUT_RAW,0,0,0,0,0,0,0,0,1000,1000,1000,1000,0,0,0,0,0
2025-12-15 00:48:10.476,SERVO_OUTPUT_RAW,845709796,SERVO_OUTPUT_RAW,0,0,0,0,0,0,0,0,1000,1000,1000,1000,0,0,0,0,0
2025-12-15 00:48:10.576,SERVO_OUTPUT_RAW,845809781,SERVO_OUTPUT_RAW,0,0,0,0,0,0,0,0,1000,1000,1000,1000,0,0,0,0,0
2025-12-15 00:48:10.676,SERVO_OUTPUT_RAW,845909783,SERVO_OUTPUT_RAW,0,0,0,0,0,0,0,0,1000,1000,1000,1000,0,0,0,0,0
2025-12-15 00:48:10.776,SERVO_OUTPUT_RAW,846009831,SERVO_OUTPUT_RAW,0,0,0,0,0,0,0,0,1000,1000,1000,1000,0,0,0,0,0
2025-12-15 00:48:10.876,SERVO_OUTPUT_RAW,846109787,SERVO_OUTPUT_RAW,0,0,0,0,0,0,0,0,1000,1000,1000,1000,0,0,0,0,0
2025-12-15 00:48:10.976,SERVO_OUTPUT_RAW,846209885,SERVO_OUTPUT_RAW,0,0,0,0,0,0,0,0,1000,1000,1000,1000,0,0,0,0,0
2025-12-15 00:48:11.076,SERVO_OUTPUT_RAW,846309899,SERVO_OUTPUT_RAW,0,0,0,0,0,0,0,0,1000,1000,1000,1000,0,0,0,0,0
2025-12-15 00:48:11.176,SERVO_OUTPUT_RAW,846409819,SERVO_OUTPUT_RAW,0,0,0,0,0,0,0,0,1000,1000,1000,1000,0,0,0,0,0
2025-12-15 00:48:11.276,SERVO_OUTPUT_RAW,846509847,SERVO_OUTPUT_RAW,0,0,0,0,0,0,0,0,1000,1000,1000,1000,0,0,0,0,0
2025-12-15 00:48:11.376,SERVO_OUTPUT_RAW,846609779,SERVO_OUTPUT_RAW,0,0,0,0,0,0,0,0,1000,1000,1000,1000,0,0,0,0,0
2025-12-15 00:48:11.476,SERVO_OUTPUT_RAW,846709778,SERVO_OUTPUT_RAW,0,0,0,0,0,0,0,0,1000,1000,1000,1000,0,0,0,0,0
2025-12-15 00:48:11.576,SERVO_OUTPUT_RAW,846809814,SERVO_OUTPUT_RAW,0,0,0,0,0,0,0,0,1000,1000,1000,1000,0,0,0,0,0
2025-12-15 00:48:11.676,SERVO_OUTPUT_RAW,846909817,SERVO_OUTPUT_RAW,0,0,0,0,0,0,0,0,1000,1000,1000,1000,0,0,0,0,0
2025-12-15 00:48:11.776,SERVO_OUTPUT_RAW,847009791,SERVO_OUTPUT_RAW,0,0,0,0,0,0,0,0,1000,1000,1000,1000,0,0,0,0,0
2025-12-15 00:48:11.876,SERVO_OUTPUT_RAW,847109798,SERVO_OUTPUT_RAW,0,0,0,0,0,0,0,0,1000,1000,1000,1000,0,0,0,0,0
2025-12-15 00:48:11.976,SERVO_OUTPUT_RAW,847209874,SERVO_OUTPUT_RAW,0,0,0,0,0,0,0,0,1000,1000,1000,1000,0,0,0,0,0
2025-12-15 00:48:12.076,SERVO_OUTPUT_RAW,847309806,SERVO_OUTPUT_RAW,0,0,0,0,0,0,0,0,1000,1000,1000,1000,0,0,0,0,0
2025-12-15 00:48:12.177,SERVO_OUTPUT_RAW,847409804,SERVO_OUTPUT_RAW,0,0,0,0,0,0,0,0,1000,1000,1000,1000,0,0,0,0,0
2025-12-15 00:48:12.276,SERVO_OUTPUT_RAW,847509818,SERVO_OUTPUT_RAW,0,0,0,0,0,0,0,0,1000,1000,1000,1000,0,0,0,0,0
2025-12-15 00:48:12.417,SERVO_OUTPUT_RAW,847609847,SERVO_OUTPUT_RAW,0,0,0,0,0,0,0,0,1000,1000,1000,1000,0,0,0,0,0
2025-12-15 00:48:12.479,SERVO_OUTPUT_RAW,847709839,SERVO_OUTPUT_RAW,0,0,0,0,0,0,0,0,1000,1000,1000,1000,0,0,0,0,0
2025-12-15 00:48:12.577,SERVO_OUTPUT_RAW,847809800,SERVO_OUTPUT_RAW,0,0,0,0,0,0,0,0,1000,1000,1000,1000,0,0,0,0,0
2025-12-15 00:48:12.677,SERVO_OUTPUT_RAW,847909802,SERVO_OUTPUT_RAW,0,0,0,0,0,0,0,0,1000,1000,1000,1000,0,0,0,0,0
2025-12-15 00:48:12.779,SERVO_OUTPUT_RAW,848009852,SERVO_OUTPUT_RAW,0,0,0,0,0,0,0,0,1000,1000,1000,1000,0,0,0,0,0
2025-12-15 00:48:12.879,SERVO_OUTPUT_RAW,848109843,SERVO_OUTPUT_RAW,0,0,0,0,0,0,0,0,1000,1000,1000,1000,0,0,0,0,0
2025-12-15 00:48:12.979,SERVO_OUTPUT_RAW,848209792,SERVO_OUTPUT_RAW,0,0,0,0,0,0,0,0,1000,1000,1000,1000,0,0,0,0,0
2025-12-15 00:48:13.079,SERVO_OUTPUT_RAW,848309803,SERVO_OUTPUT_RAW,0,0,0,0,0,0,0,0,1000,1000,1000,1000,0,0,0,0,0
2025-12-15 00:48:13.179,SERVO_OUTPUT_RAW,848409823,SERVO_OUTPUT_RAW,0,0,0,0,0,0,0,0,1000,1000,1000,1000,0,0,0,0,0
2025-12-15 00:48:13.279,SERVO_OUTPUT_RAW,848509827,SERVO_OUTPUT_RAW,0,0,0,0,0,0,0,0,1000,1000,1000,1000,0,0,0,0,0
2025-12-15 00:48:13.379,SERVO_OUTPUT_RAW,848609795,SERVO_OUTPUT_RAW,0,0,0,0,0,0,0,0,1000,1000,1000,1000,0,0,0,0,0
2025-12-15 00:48:13.479,SERVO_OUTPUT_RAW,848709795,SERVO_OUTPUT_RAW,0,0,0,0,0,0,0,0,1000,1000,1000,1000,0,0,0,0,0
2025-12-15 00:48:13.579,SERVO_OUTPUT_RAW,848809795,SERVO_OUTPUT_RAW,0,0,0,0,0,0,0,0,1000,1000,1000,1000,0,0,0,0,0
2025-12-15 00:48:13.679,SERVO_OUTPUT_RAW,848909797,SERVO_OUTPUT_RAW,0,0,0,0,0,0,0,0,1000,1000,1000,1000,0,0,0,0,0
2025-12-15 00:48:13.779,SERVO_OUTPUT_RAW,849009802,SERVO_OUTPUT_RAW,0,0,0,0,0,0,0,0,1000,1000,1000,1000,0,0,0,0,0
2025-12-15 00:48:13.879,SERVO_OUTPUT_RAW,849109825,SERVO_OUTPUT_RAW,0,0,0,0,0,0,0,0,1000,1000,1000,1000,0,0,0,0,0
2025-12-15 00:48:13.979,SERVO_OUTPUT_RAW,849209868,SERVO_OUTPUT_RAW,0,0,0,0,0,0,0,0,1000,1000,1000,1000,0,0,0,0,0
2025-12-15 00:48:14.079,SERVO_OUTPUT_RAW,849312148,SERVO_OUTPUT_RAW,0,0,0,0,0,0,0,0,1000,1000,1000,1000,0,0,0,0,0
2025-12-15 00:48:14.179,SERVO_OUTPUT_RAW,849409818,SERVO_OUTPUT_RAW,0,0,0,0,0,0,0,0,1000,1000,1000,1000,0,0,0,0,0
2025-12-15 00:48:14.279,SERVO_OUTPUT_RAW,849509813,SERVO_OUTPUT_RAW,0,0,0,0,0,0,0,0,1000,1000,1000,1000,0,0,0,0,0
2025-12-15 00:48:14.379,SERVO_OUTPUT_RAW,849609857,SERVO_OUTPUT_RAW,0,0,0,0,0,0,0,0,1000,1000,1000,1000,0,0,0,0,0
2025-12-15 00:48:14.479,SERVO_OUTPUT_RAW,849709821,SERVO_OUTPUT_RAW,0,0,0,0,0,0,0,0,1000,1000,1000,1000,0,0,0,0,0
2025-12-15 00:48:14.579,SERVO_OUTPUT_RAW,849809798,SERVO_OUTPUT_RAW,0,0,0,0,0,0,0,0,1000,1000,1000,1000,0,0,0,0,0
2025-12-15 00:48:14.679,SERVO_OUTPUT_RAW,849909812,SERVO_OUTPUT_RAW,0,0,0,0,0,0,0,0,1000,1000,1000,1000,0,0,0,0,0
2025-12-15 00:48:14.779,SERVO_OUTPUT_RAW,850009812,SERVO_OUTPUT_RAW,0,0,0,0,0,0,0,0,1000,1000,1000,1000,0,0,0,0,0
2025-12-15 00:48:14.879,SERVO_OUTPUT_RAW,850109780,SERVO_OUTPUT_RAW,0,0,0,0,0,0,0,0,1000,1000,1000,1000,0,0,0,0,0
2025-12-15 00:48:14.979,SERVO_OUTPUT_RAW,850209819,SERVO_OUTPUT_RAW,0,0,0,0,0,0,0,0,1000,1000,1000,1000,0,0,0,0,0
2025-12-15 00:48:15.080,SERVO_OUTPUT_RAW,850309790,SERVO_OUTPUT_RAW,0,0,0,0,0,0,0,0,1000,1000,1000,1000,0,0,0,0,0
2025-12-15 00:48:15.179,SERVO_OUTPUT_RAW,850409789,SERVO_OUTPUT_RAW,0,0,0,0,0,0,0,0,1000,1000,1000,1000,0,0,0,0,0
2025-12-15 00:48:15.279,SERVO_OUTPUT_RAW,850512105,SERVO_OUTPUT_RAW,0,0,0,0,0,0,0,0,1000,1000,1000,1000,0,0,0,0,0
2025-12-15 00:48:15.380,SERVO_OUTPUT_RAW,850609795,SERVO_OUTPUT_RAW,0,0,0,0,0,0,0,0,1000,1000,1000,1000,0,0,0,0,0
2025-12-15 00:48:15.479,SERVO_OUTPUT_RAW,850709850,SERVO_OUTPUT_RAW,0,0,0,0,0,0,0,0,1000,1000,1000,1000,0,0,0,0,0
2025-12-15 00:48:15.579,SERVO_OUTPUT_RAW,850809809,SERVO_OUTPUT_RAW,0,0,0,0,0,0,0,0,1000,1000,1000,1000,0,0,0,0,0
2025-12-15 00:48:15.679,SERVO_OUTPUT_RAW,850909857,SERVO_OUTPUT_RAW,0,0,0,0,0,0,0,0,1000,1000,1000,1000,0,0,0,0,0
2025-12-15 00:48:15.779,SERVO_OUTPUT_RAW,851009804,SERVO_OUTPUT_RAW,0,0,0,0,0,0,0,0,1000,1000,1000,1000,0,0,0,0,0
2025-12-15 00:48:15.880,SERVO_OUTPUT_RAW,851109830,SERVO_OUTPUT_RAW,0,0,0,0,0,0,0,0,1000,1000,1000,1000,0,0,0,0,0
2025-12-15 00:48:15.979,SERVO_OUTPUT_RAW,851209836,SERVO_OUTPUT_RAW,0,0,0,0,0,0,0,0,1000,1000,1000,1000,0,0,0,0,0
2025-12-15 00:48:16.079,SERVO_OUTPUT_RAW,851309773,SERVO_OUTPUT_RAW,0,0,0,0,0,0,0,0,1000,1000,1000,1000,0,0,0,0,0
2025-12-15 00:48:16.179,SERVO_OUTPUT_RAW,851409909,SERVO_OUTPUT_RAW,0,0,0,0,0,0,0,0,1000,1000,1000,1000,0,0,0,0,0
2025-12-15 00:48:16.279,SERVO_OUTPUT_RAW,851509853,SERVO_OUTPUT_RAW,0,0,0,0,0,0,0,0,1000,1000,1000,1000,0,0,0,0,0
2025-12-15 00:48:16.379,SERVO_OUTPUT_RAW,851609825,SERVO_OUTPUT_RAW,0,0,0,0,0,0,0,0,1000,1000,1000,1000,0,0,0,0,0
2025-12-15 00:48:16.480,SERVO_OUTPUT_RAW,851709783,SERVO_OUTPUT_RAW,0,0,0,0,0,0,0,0,1000,1000,1000,1000,0,0,0,0,0
2025-12-15 00:48:16.579,SERVO_OUTPUT_RAW,851809806,SERVO_OUTPUT_RAW,0,0,0,0,0,0,0,0,1000,1000,1000,1000,0,0,0,0,0
2025-12-15 00:48:16.679,SERVO_OUTPUT_RAW,851909800,SERVO_OUTPUT_RAW,0,0,0,0,0,0,0,0,1000,1000,1000,1000,0,0,0,0,0
2025-12-15 00:48:16.780,SERVO_OUTPUT_RAW,852009781,SERVO_OUTPUT_RAW,0,0,0,0,0,0,0,0,1000,1000,1000,1000,0,0,0,0,0
2025-12-15 00:48:16.879,SERVO_OUTPUT_RAW,852109810,SERVO_OUTPUT_RAW,0,0,0,0,0,0,0,0,1000,1000,1000,1000,0,0,0,0,0
2025-12-15 00:48:16.979,SERVO_OUTPUT_RAW,852209809,SERVO_OUTPUT_RAW,0,0,0,0,0,0,0,0,1000,1000,1000,1000,0,0,0,0,0
2025-12-15 00:48:17.080,SERVO_OUTPUT_RAW,852309776,SERVO_OUTPUT_RAW,0,0,0,0,0,0,0,0,1000,1000,1000,1000,0,0,0,0,0
2025-12-15 00:48:17.179,SERVO_OUTPUT_RAW,852409849,SERVO_OUTPUT_RAW,0,0,0,0,0,0,0,0,1000,1000,1000,1000,0,0,0,0,0
2025-12-15 00:48:17.279,SERVO_OUTPUT_RAW,852509808,SERVO_OUTPUT_RAW,0,0,0,0,0,0,0,0,1000,1000,1000,1000,0,0,0,0,0
2025-12-15 00:48:17.379,SERVO_OUTPUT_RAW,852609809,SERVO_OUTPUT_RAW,0,0,0,0,0,0,0,0,1000,1000,1000,1000,0,0,0,0,0
2025-12-15 00:48:17.480,SERVO_OUTPUT_RAW,852709836,SERVO_OUTPUT_RAW,0,0,0,0,0,0,0,0,1000,1000,1000,1000,0,0,0,0,0
2025-12-15 00:48:17.579,SERVO_OUTPUT_RAW,852809847,SERVO_OUTPUT_RAW,0,0,0,0,0,0,0,0,1000,1000,1000,1000,0,0,0,0,0
2025-12-15 00:48:17.679,SERVO_OUTPUT_RAW,852909800,SERVO_OUTPUT_RAW,0,0,0,0,0,0,0,0,1000,1000,1000,1000,0,0,0,0,0
2025-12-15 00:48:17.780,SERVO_OUTPUT_RAW,853009808,SERVO_OUTPUT_RAW,0,0,0,0,0,0,0,0,1000,1000,1000,1000,0,0,0,0,0
2025-12-15 00:48:17.879,SERVO_OUTPUT_RAW,853109837,SERVO_OUTPUT_RAW,0,0,0,0,0,0,0,0,1000,1000,1000,1000,0,0,0,0,0
2025-12-15 00:48:17.980,SERVO_OUTPUT_RAW,853209854,SERVO_OUTPUT_RAW,0,0,0,0,0,0,0,0,1000,1000,1000,1000,0,0,0,0,0
2025-12-15 00:48:18.080,SERVO_OUTPUT_RAW,853309779,SERVO_OUTPUT_RAW,0,0,0,0,0,0,0,0,1000,1000,1000,1000,0,0,0,0,0
2025-12-15 00:48:18.179,SERVO_OUTPUT_RAW,853409807,SERVO_OUTPUT_RAW,0,0,0,0,0,0,0,0,1000,1000,1000,1000,0,0,0,0,0
2025-12-15 00:48:18.280,SERVO_OUTPUT_RAW,853509844,SERVO_OUTPUT_RAW,0,0,0,0,0,0,0,0,1000,1000,1000,1000,0,0,0,0,0
2025-12-15 00:48:18.379,SERVO_OUTPUT_RAW,853609776,SERVO_OUTPUT_RAW,0,0,0,0,0,0,0,0,1000,1000,1000,1000,0,0,0,0,0
2025-12-15 00:48:18.478,SERVO_OUTPUT_RAW,853709780,SERVO_OUTPUT_RAW,0,0,0,0,0,0,0,0,1000,1000,1000,1000,0,0,0,0,0
2025-12-15 00:48:18.579,SERVO_OUTPUT_RAW,853809813,SERVO_OUTPUT_RAW,0,0,0,0,0,0,0,0,1000,1000,1000,1000,0,0,0,0,0
2025-12-15 00:48:18.678,SERVO_OUTPUT_RAW,853909850,SERVO_OUTPUT_RAW,0,0,0,0,0,0,0,0,1000,1000,1000,1000,0,0,0,0,0
2025-12-15 00:48:18.779,SERVO_OUTPUT_RAW,854009800,SERVO_OUTPUT_RAW,0,0,0,0,0,0,0,0,1000,1000,1000,1000,0,0,0,0,0
2025-12-15 00:48:18.878,SERVO_OUTPUT_RAW,854109787,SERVO_OUTPUT_RAW,0,0,0,0,0,0,0,0,1000,1000,1000,1000,0,0,0,0,0
2025-12-15 00:48:18.979,SERVO_OUTPUT_RAW,854209825,SERVO_OUTPUT_RAW,0,0,0,0,0,0,0,0,1000,1000,1000,1000,0,0,0,0,0
2025-12-15 00:48:19.080,SERVO_OUTPUT_RAW,854309851,SERVO_OUTPUT_RAW,0,0,0,0,0,0,0,0,1000,1000,1000,1000,0,0,0,0,0
2025-12-15 00:48:19.180,SERVO_OUTPUT_RAW,854409856,SERVO_OUTPUT_RAW,0,0,0,0,0,0,0,0,1000,1000,1000,1000,0,0,0,0,0
2025-12-15 00:48:19.279,SERVO_OUTPUT_RAW,854509784,SERVO_OUTPUT_RAW,0,0,0,0,0,0,0,0,1000,1000,1000,1000,0,0,0,0,0
2025-12-15 00:48:19.379,SERVO_OUTPUT_RAW,854609813,SERVO_OUTPUT_RAW,0,0,0,0,0,0,0,0,1000,1000,1000,1000,0,0,0,0,0
2025-12-15 00:48:19.479,SERVO_OUTPUT_RAW,854709806,SERVO_OUTPUT_RAW,0,0,0,0,0,0,0,0,1000,1000,1000,1000,0,0,0,0,0
2025-12-15 00:48:19.579,SERVO_OUTPUT_RAW,854809776,SERVO_OUTPUT_RAW,0,0,0,0,0,0,0,0,1000,1000,1000,1000,0,0,0,0,0
2025-12-15 00:48:19.679,SERVO_OUTPUT_RAW,854909799,SERVO_OUTPUT_RAW,0,0,0,0,0,0,0,0,1000,1000,1000,1000,0,0,0,0,0
2025-12-15 00:48:19.779,SERVO_OUTPUT_RAW,855009797,SERVO_OUTPUT_RAW,0,0,0,0,0,0,0,0,1000,1000,1000,1000,0,0,0,0,0
2025-12-15 00:48:19.880,SERVO_OUTPUT_RAW,855109781,SERVO_OUTPUT_RAW,0,0,0,0,0,0,0,0,1000,1000,1000,1000,0,0,0,0,0
2025-12-15 00:48:19.979,SERVO_OUTPUT_RAW,855209805,SERVO_OUTPUT_RAW,0,0,0,0,0,0,0,0,1000,1000,1000,1000,0,0,0,0,0
2025-12-15 00:48:20.079,SERVO_OUTPUT_RAW,855309801,SERVO_OUTPUT_RAW,0,0,0,0,0,0,0,0,1000,1000,1000,1000,0,0,0,0,0
2025-12-15 00:48:20.179,SERVO_OUTPUT_RAW,855409791,SERVO_OUTPUT_RAW,0,0,0,0,0,0,0,0,1000,1000,1000,1000,0,0,0,0,0
2025-12-15 00:48:20.279,SERVO_OUTPUT_RAW,855509850,SERVO_OUTPUT_RAW,0,0,0,0,0,0,0,0,1000,1000,1000,1000,0,0,0,0,0
2025-12-15 00:48:20.379,SERVO_OUTPUT_RAW,855612192,SERVO_OUTPUT_RAW,0,0,0,0,0,0,0,0,1000,1000,1000,1000,0,0,0,0,0
2025-12-15 00:48:20.479,SERVO_OUTPUT_RAW,855709805,SERVO_OUTPUT_RAW,0,0,0,0,0,0,0,0,1000,1000,1000,1000,0,0,0,0,0
2025-12-15 00:48:20.579,SERVO_OUTPUT_RAW,855809832,SERVO_OUTPUT_RAW,0,0,0,0,0,0,0,0,1000,1000,1000,1000,0,0,0,0,0
2025-12-15 00:48:20.679,SERVO_OUTPUT_RAW,855909858,SERVO_OUTPUT_RAW,0,0,0,0,0,0,0,0,1000,1000,1000,1000,0,0,0,0,0
2025-12-15 00:48:20.779,SERVO_OUTPUT_RAW,856009855,SERVO_OUTPUT_RAW,0,0,0,0,0,0,0,0,1000,1000,1000,1000,0,0,0,0,0
2025-12-15 00:48:20.879,SERVO_OUTPUT_RAW,856109815,SERVO_OUTPUT_RAW,0,0,0,0,0,0,0,0,1000,1000,1000,1000,0,0,0,0,0
2025-12-15 00:48:20.979,SERVO_OUTPUT_RAW,856209816,SERVO_OUTPUT_RAW,0,0,0,0,0,0,0,0,1000,1000,1000,1000,0,0,0,0,0
2025-12-15 00:48:21.079,SERVO_OUTPUT_RAW,856309832,SERVO_OUTPUT_RAW,0,0,0,0,0,0,0,0,1000,1000,1000,1000,0,0,0,0,0
2025-12-15 00:48:21.179,SERVO_OUTPUT_RAW,856409797,SERVO_OUTPUT_RAW,0,0,0,0,0,0,0,0,1000,1000,1000,1000,0,0,0,0,0
2025-12-15 00:48:21.279,SERVO_OUTPUT_RAW,856509790,SERVO_OUTPUT_RAW,0,0,0,0,0,0,0,0,1000,1000,1000,1000,0,0,0,0,0
2025-12-15 00:48:21.379,SERVO_OUTPUT_RAW,856609791,SERVO_OUTPUT_RAW,0,0,0,0,0,0,0,0,1000,1000,1000,1000,0,0,0,0,0
2025-12-15 00:48:21.479,SERVO_OUTPUT_RAW,856709780,SERVO_OUTPUT_RAW,0,0,0,0,0,0,0,0,1000,1000,1000,1000,0,0,0,0,0
2025-12-15 00:48:21.579,SERVO_OUTPUT_RAW,856809794,SERVO_OUTPUT_RAW,0,0,0,0,0,0,0,0,1000,1000,1000,1000,0,0,0,0,0
2025-12-15 00:48:21.679,SERVO_OUTPUT_RAW,856912130,SERVO_OUTPUT_RAW,0,0,0,0,0,0,0,0,1000,1000,1000,1000,0,0,0,0,0
2025-12-15 00:48:21.779,SERVO_OUTPUT_RAW,857009852,SERVO_OUTPUT_RAW,0,0,0,0,0,0,0,0,1000,1000,1000,1000,0,0,0,0,0
2025-12-15 00:48:21.879,SERVO_OUTPUT_RAW,857109844,SERVO_OUTPUT_RAW,0,0,0,0,0,0,0,0,1000,1000,1000,1000,0,0,0,0,0
2025-12-15 00:48:21.979,SERVO_OUTPUT_RAW,857209800,SERVO_OUTPUT_RAW,0,0,0,0,0,0,0,0,1000,1000,1000,1000,0,0,0,0,0
2025-12-15 00:48:22.080,SERVO_OUTPUT_RAW,857309826,SERVO_OUTPUT_RAW,0,0,0,0,0,0,0,0,1000,1000,1000,1000,0,0,0,0,0
2025-12-15 00:48:22.179,SERVO_OUTPUT_RAW,857409856,SERVO_OUTPUT_RAW,0,0,0,0,0,0,0,0,1000,1000,1000,1000,0,0,0,0,0
2025-12-15 00:48:22.279,SERVO_OUTPUT_RAW,857509819,SERVO_OUTPUT_RAW,0,0,0,0,0,0,0,0,1000,1000,1000,1000,0,0,0,0,0
2025-12-15 00:48:22.379,SERVO_OUTPUT_RAW,857609781,SERVO_OUTPUT_RAW,0,0,0,0,0,0,0,0,1000,1000,1000,1000,0,0,0,0,0
2025-12-15 00:48:22.480,SERVO_OUTPUT_RAW,857709929,SERVO_OUTPUT_RAW,0,0,0,0,0,0,0,0,1000,1000,1000,1000,0,0,0,0,0
2025-12-15 00:48:22.579,SERVO_OUTPUT_RAW,857809808,SERVO_OUTPUT_RAW,0,0,0,0,0,0,0,0,1000,1000,1000,1000,0,0,0,0,0
2025-12-15 00:48:22.679,SERVO_OUTPUT_RAW,857909876,SERVO_OUTPUT_RAW,0,0,0,0,0,0,0,0,1000,1000,1000,1000,0,0,0,0,0
2025-12-15 00:48:22.779,SERVO_OUTPUT_RAW,858009791,SERVO_OUTPUT_RAW,0,0,0,0,0,0,0,0,1000,1000,1000,1000,0,0,0,0,0
2025-12-15 00:48:22.879,SERVO_OUTPUT_RAW,858109787,SERVO_OUTPUT_RAW,0,0,0,0,0,0,0,0,1000,1000,1000,1000,0,0,0,0,0
2025-12-15 00:48:22.979,SERVO_OUTPUT_RAW,858209779,SERVO_OUTPUT_RAW,0,0,0,0,0,0,0,0,1000,1000,1000,1000,0,0,0,0,0
2025-12-15 00:48:23.079,SERVO_OUTPUT_RAW,858312104,SERVO_OUTPUT_RAW,0,0,0,0,0,0,0,0,1000,1000,1000,1000,0,0,0,0,0
2025-12-15 00:48:23.179,SERVO_OUTPUT_RAW,858409802,SERVO_OUTPUT_RAW,0,0,0,0,0,0,0,0,1000,1000,1000,1000,0,0,0,0,0
2025-12-15 00:48:23.279,SERVO_OUTPUT_RAW,858509838,SERVO_OUTPUT_RAW,0,0,0,0,0,0,0,0,1000,1000,1000,1000,0,0,0,0,0
2025-12-15 00:48:23.379,SERVO_OUTPUT_RAW,858609833,SERVO_OUTPUT_RAW,0,0,0,0,0,0,0,0,1000,1000,1000,1000,0,0,0,0,0
2025-12-15 00:48:23.479,SERVO_OUTPUT_RAW,858709801,SERVO_OUTPUT_RAW,0,0,0,0,0,0,0,0,1000,1000,1000,1000,0,0,0,0,0
2025-12-15 00:48:23.579,SERVO_OUTPUT_RAW,858809833,SERVO_OUTPUT_RAW,0,0,0,0,0,0,0,0,1000,1000,1000,1000,0,0,0,0,0
2025-12-15 00:48:23.679,SERVO_OUTPUT_RAW,858909870,SERVO_OUTPUT_RAW,0,0,0,0,0,0,0,0,1000,1000,1000,1000,0,0,0,0,0
2025-12-15 00:48:23.780,SERVO_OUTPUT_RAW,859009841,SERVO_OUTPUT_RAW,0,0,0,0,0,0,0,0,1000,1000,1000,1000,0,0,0,0,0
2025-12-15 00:48:23.879,SERVO_OUTPUT_RAW,859109778,SERVO_OUTPUT_RAW,0,0,0,0,0,0,0,0,1000,1000,1000,1000,0,0,0,0,0
2025-12-15 00:48:23.979,SERVO_OUTPUT_RAW,859209790,SERVO_OUTPUT_RAW,0,0,0,0,0,0,0,0,1000,1000,1000,1000,0,0,0,0,0
2025-12-15 00:48:24.079,SERVO_OUTPUT_RAW,859309819,SERVO_OUTPUT_RAW,0,0,0,0,0,0,0,0,1000,1000,1000,1000,0,0,0,0,0
2025-12-15 00:48:24.179,SERVO_OUTPUT_RAW,859409823,SERVO_OUTPUT_RAW,0,0,0,0,0,0,0,0,1000,1000,1000,1000,0,0,0,0,0
2025-12-15 00:48:24.279,SERVO_OUTPUT_RAW,859509780,SERVO_OUTPUT_RAW,0,0,0,0,0,0,0,0,1000,1000,1000,1000,0,0,0,0,0
2025-12-15 00:48:24.380,SERVO_OUTPUT_RAW,859609795,SERVO_OUTPUT_RAW,0,0,0,0,0,0,0,0,1000,1000,1000,1000,0,0,0,0,0
2025-12-15 00:48:24.479,SERVO_OUTPUT_RAW,859709801,SERVO_OUTPUT_RAW,0,0,0,0,0,0,0,0,1000,1000,1000,1000,0,0,0,0,0
2025-12-15 00:48:24.579,SERVO_OUTPUT_RAW,859809849,SERVO_OUTPUT_RAW,0,0,0,0,0,0,0,0,1000,1000,1000,1000,0,0,0,0,0
2025-12-15 00:48:24.680,SERVO_OUTPUT_RAW,859912133,SERVO_OUTPUT_RAW,0,0,0,0,0,0,0,0,1000,1000,1000,1000,0,0,0,0,0
2025-12-15 00:48:24.779,SERVO_OUTPUT_RAW,860009811,SERVO_OUTPUT_RAW,0,0,0,0,0,0,0,0,1000,1000,1000,1000,0,0,0,0,0
2025-12-15 00:48:24.880,SERVO_OUTPUT_RAW,860109831,SERVO_OUTPUT_RAW,0,0,0,0,0,0,0,0,1000,1000,1000,1000,0,0,0,0,0
2025-12-15 00:48:24.979,SERVO_OUTPUT_RAW,860209846,SERVO_OUTPUT_RAW,0,0,0,0,0,0,0,0,1000,1000,1000,1000,0,0,0,0,0
2025-12-15 00:48:25.079,SERVO_OUTPUT_RAW,860309816,SERVO_OUTPUT_RAW,0,0,0,0,0,0,0,0,1000,1000,1000,1000,0,0,0,0,0
2025-12-15 00:48:25.180,SERVO_OUTPUT_RAW,860409819,SERVO_OUTPUT_RAW,0,0,0,0,0,0,0,0,1000,1000,1000,1000,0,0,0,0,0
2025-12-15 00:48:25.279,SERVO_OUTPUT_RAW,860509837,SERVO_OUTPUT_RAW,0,0,0,0,0,0,0,0,1000,1000,1000,1000,0,0,0,0,0
2025-12-15 00:48:25.379,SERVO_OUTPUT_RAW,860609852,SERVO_OUTPUT_RAW,0,0,0,0,0,0,0,0,1000,1000,1000,1000,0,0,0,0,0
2025-12-15 00:48:25.479,SERVO_OUTPUT_RAW,860709795,SERVO_OUTPUT_RAW,0,0,0,0,0,0,0,0,1000,1000,1000,1000,0,0,0,0,0
2025-12-15 00:48:25.580,SERVO_OUTPUT_RAW,860809823,SERVO_OUTPUT_RAW,0,0,0,0,0,0,0,0,1000,1000,1000,1000,0,0,0,0,0
2025-12-15 00:48:25.679,SERVO_OUTPUT_RAW,860909820,SERVO_OUTPUT_RAW,0,0,0,0,0,0,0,0,1000,1000,1000,1000,0,0,0,0,0
2025-12-15 00:48:25.779,SERVO_OUTPUT_RAW,861009779,SERVO_OUTPUT_RAW,0,0,0,0,0,0,0,0,1000,1000,1000,1000,0,0,0,0,0
2025-12-15 00:48:25.879,SERVO_OUTPUT_RAW,861109775,SERVO_OUTPUT_RAW,0,0,0,0,0,0,0,0,1000,1000,1000,1000,0,0,0,0,0
2025-12-15 00:48:25.979,SERVO_OUTPUT_RAW,861209796,SERVO_OUTPUT_RAW,0,0,0,0,0,0,0,0,1000,1000,1000,1000,0,0,0,0,0
2025-12-15 00:48:26.080,SERVO_OUTPUT_RAW,861309799,SERVO_OUTPUT_RAW,0,0,0,0,0,0,0,0,1000,1000,1000,1000,0,0,0,0,0
2025-12-15 00:48:26.180,SERVO_OUTPUT_RAW,861409786,SERVO_OUTPUT_RAW,0,0,0,0,0,0,0,0,1000,1000,1000,1000,0,0,0,0,0
2025-12-15 00:48:26.279,SERVO_OUTPUT_RAW,861509798,SERVO_OUTPUT_RAW,0,0,0,0,0,0,0,0,1000,1000,1000,1000,0,0,0,0,0
2025-12-15 00:48:26.379,SERVO_OUTPUT_RAW,861609818,SERVO_OUTPUT_RAW,0,0,0,0,0,0,0,0,1000,1000,1000,1000,0,0,0,0,0
2025-12-15 00:48:26.479,SERVO_OUTPUT_RAW,861709806,SERVO_OUTPUT_RAW,0,0,0,0,0,0,0,0,1000,1000,1000,1000,0,0,0,0,0
2025-12-15 00:48:26.580,SERVO_OUTPUT_RAW,861812129,SERVO_OUTPUT_RAW,0,0,0,0,0,0,0,0,1000,1000,1000,1000,0,0,0,0,0
2025-12-15 00:48:26.680,SERVO_OUTPUT_RAW,861912164,SERVO_OUTPUT_RAW,0,0,0,0,0,0,0,0,1000,1000,1000,1000,0,0,0,0,0
2025-12-15 00:48:26.780,SERVO_OUTPUT_RAW,862009841,SERVO_OUTPUT_RAW,0,0,0,0,0,0,0,0,1000,1000,1000,1000,0,0,0,0,0
2025-12-15 00:48:26.881,SERVO_OUTPUT_RAW,862109841,SERVO_OUTPUT_RAW,0,0,0,0,0,0,0,0,1000,1000,1000,1000,0,0,0,0,0
2025-12-15 00:48:26.980,SERVO_OUTPUT_RAW,862209770,SERVO_OUTPUT_RAW,0,0,0,0,0,0,0,0,1000,1000,1000,1000,0,0,0,0,0
2025-12-15 00:48:27.080,SERVO_OUTPUT_RAW,862309788,SERVO_OUTPUT_RAW,0,0,0,0,0,0,0,0,1000,1000,1000,1000,0,0,0,0,0
2025-12-15 00:48:27.180,SERVO_OUTPUT_RAW,862409833,SERVO_OUTPUT_RAW,0,0,0,0,0,0,0,0,1000,1000,1000,1000,0,0,0,0,0
2025-12-15 00:48:27.281,SERVO_OUTPUT_RAW,862509802,SERVO_OUTPUT_RAW,0,0,0,0,0,0,0,0,1000,1000,1000,1000,0,0,0,0,0
2025-12-15 00:48:27.382,SERVO_OUTPUT_RAW,862609868,SERVO_OUTPUT_RAW,0,0,0,0,0,0,0,0,1000,1000,1000,1000,0,0,0,0,0
2025-12-15 00:48:27.481,SERVO_OUTPUT_RAW,862709794,SERVO_OUTPUT_RAW,0,0,0,0,0,0,0,0,1000,1000,1000,1000,0,0,0,0,0
2025-12-15 00:48:27.579,SERVO_OUTPUT_RAW,862809808,SERVO_OUTPUT_RAW,0,0,0,0,0,0,0,0,1000,1000,1000,1000,0,0,0,0,0
2025-12-15 00:48:27.681,SERVO_OUTPUT_RAW,862909799,SERVO_OUTPUT_RAW,0,0,0,0,0,0,0,0,1000,1000,1000,1000,0,0,0,0,0
2025-12-15 00:48:27.779,SERVO_OUTPUT_RAW,863009788,SERVO_OUTPUT_RAW,0,0,0,0,0,0,0,0,1000,1000,1000,1000,0,0,0,0,0
2025-12-15 00:48:27.879,SERVO_OUTPUT_RAW,863109814,SERVO_OUTPUT_RAW,0,0,0,0,0,0,0,0,1000,1000,1000,1000,0,0,0,0,0
2025-12-15 00:48:27.979,SERVO_OUTPUT_RAW,863209832,SERVO_OUTPUT_RAW,0,0,0,0,0,0,0,0,1000,1000,1000,1000,0,0,0,0,0
2025-12-15 00:48:28.080,SERVO_OUTPUT_RAW,863309868,SERVO_OUTPUT_RAW,0,0,0,0,0,0,0,0,1000,1000,1000,1000,0,0,0,0,0
2025-12-15 00:48:28.180,SERVO_OUTPUT_RAW,863409782,SERVO_OUTPUT_RAW,0,0,0,0,0,0,0,0,1000,1000,1000,1000,0,0,0,0,0
2025-12-15 00:48:28.279,SERVO_OUTPUT_RAW,863509798,SERVO_OUTPUT_RAW,0,0,0,0,0,0,0,0,1000,1000,1000,1000,0,0,0,0,0
2025-12-15 00:48:28.380,SERVO_OUTPUT_RAW,863609819,SERVO_OUTPUT_RAW,0,0,0,0,0,0,0,0,1000,1000,1000,1000,0,0,0,0,0
2025-12-15 00:48:28.480,SERVO_OUTPUT_RAW,863709851,SERVO_OUTPUT_RAW,0,0,0,0,0,0,0,0,1000,1000,1000,1000,0,0,0,0,0
2025-12-15 00:48:28.580,SERVO_OUTPUT_RAW,863809790,SERVO_OUTPUT_RAW,0,0,0,0,0,0,0,0,1000,1000,1000,1000,0,0,0,0,0
2025-12-15 00:48:28.679,SERVO_OUTPUT_RAW,863909804,SERVO_OUTPUT_RAW,0,0,0,0,0,0,0,0,1000,1000,1000,1000,0,0,0,0,0
2025-12-15 00:48:28.780,SERVO_OUTPUT_RAW,864009869,SERVO_OUTPUT_RAW,0,0,0,0,0,0,0,0,1000,1000,1000,1000,0,0,0,0,0
2025-12-15 00:48:28.879,SERVO_OUTPUT_RAW,864109838,SERVO_OUTPUT_RAW,0,0,0,0,0,0,0,0,1000,1000,1000,1000,0,0,0,0,0
2025-12-15 00:48:28.980,SERVO_OUTPUT_RAW,864209801,SERVO_OUTPUT_RAW,0,0,0,0,0,0,0,0,1000,1000,1000,1000,0,0,0,0,0
2025-12-15 00:48:29.079,SERVO_OUTPUT_RAW,864309793,SERVO_OUTPUT_RAW,0,0,0,0,0,0,0,0,1000,1000,1000,1000,0,0,0,0,0
2025-12-15 00:48:29.179,SERVO_OUTPUT_RAW,864409795,SERVO_OUTPUT_RAW,0,0,0,0,0,0,0,0,1000,1000,1000,1000,0,0,0,0,0
2025-12-15 00:48:29.279,SERVO_OUTPUT_RAW,864509786,SERVO_OUTPUT_RAW,0,0,0,0,0,0,0,0,1000,1000,1000,1000,0,0,0,0,0
2025-12-15 00:48:29.379,SERVO_OUTPUT_RAW,864609790,SERVO_OUTPUT_RAW,0,0,0,0,0,0,0,0,1000,1000,1000,1000,0,0,0,0,0
2025-12-15 00:48:29.479,SERVO_OUTPUT_RAW,864709850,SERVO_OUTPUT_RAW,0,0,0,0,0,0,0,0,1000,1000,1000,1000,0,0,0,0,0
2025-12-15 00:48:29.579,SERVO_OUTPUT_RAW,864809783,SERVO_OUTPUT_RAW,0,0,0,0,0,0,0,0,1000,1000,1000,1000,0,0,0,0,0
2025-12-15 00:48:29.679,SERVO_OUTPUT_RAW,864909775,SERVO_OUTPUT_RAW,0,0,0,0,0,0,0,0,1000,1000,1000,1000,0,0,0,0,0
2025-12-15 00:48:29.779,SERVO_OUTPUT_RAW,865009777,SERVO_OUTPUT_RAW,0,0,0,0,0,0,0,0,1000,1000,1000,1000,0,0,0,0,0
2025-12-15 00:48:29.879,SERVO_OUTPUT_RAW,865109843,SERVO_OUTPUT_RAW,0,0,0,0,0,0,0,0,1000,1000,1000,1000,0,0,0,0,0
2025-12-15 00:48:29.979,SERVO_OUTPUT_RAW,865209845,SERVO_OUTPUT_RAW,0,0,0,0,0,0,0,0,1000,1000,1000,1000,0,0,0,0,0
2025-12-15 00:48:30.079,SERVO_OUTPUT_RAW,865309857,SERVO_OUTPUT_RAW,0,0,0,0,0,0,0,0,1000,1000,1000,1000,0,0,0,0,0
2025-12-15 00:48:30.179,SERVO_OUTPUT_RAW,865409788,SERVO_OUTPUT_RAW,0,0,0,0,0,0,0,0,1000,1000,1000,1000,0,0,0,0,0
2025-12-15 00:48:30.279,SERVO_OUTPUT_RAW,865509802,SERVO_OUTPUT_RAW,0,0,0,0,0,0,0,0,1000,1000,1000,1000,0,0,0,0,0
2025-12-15 00:48:30.379,SERVO_OUTPUT_RAW,865609814,SERVO_OUTPUT_RAW,0,0,0,0,0,0,0,0,1000,1000,1000,1000,0,0,0,0,0
2025-12-15 00:48:30.479,SERVO_OUTPUT_RAW,865709784,SERVO_OUTPUT_RAW,0,0,0,0,0,0,0,0,1000,1000,1000,1000,0,0,0,0,0
2025-12-15 00:48:30.579,SERVO_OUTPUT_RAW,865809792,SERVO_OUTPUT_RAW,0,0,0,0,0,0,0,0,1000,1000,1000,1000,0,0,0,0,0
2025-12-15 00:48:30.679,SERVO_OUTPUT_RAW,865909784,SERVO_OUTPUT_RAW,0,0,0,0,0,0,0,0,1000,1000,1000,1000,0,0,0,0,0
2025-12-15 00:48:30.779,SERVO_OUTPUT_RAW,866009786,SERVO_OUTPUT_RAW,0,0,0,0,0,0,0,0,1000,1000,1000,1000,0,0,0,0,0
2025-12-15 00:48:30.879,SERVO_OUTPUT_RAW,866112109,SERVO_OUTPUT_RAW,0,0,0,0,0,0,0,0,1000,1000,1000,1000,0,0,0,0,0
2025-12-15 00:48:30.979,SERVO_OUTPUT_RAW,866209810,SERVO_OUTPUT_RAW,0,0,0,0,0,0,0,0,1000,1000,1000,1000,0,0,0,0,0
2025-12-15 00:48:31.079,SERVO_OUTPUT_RAW,866309848,SERVO_OUTPUT_RAW,0,0,0,0,0,0,0,0,1000,1000,1000,1000,0,0,0,0,0
2025-12-15 00:48:31.179,SERVO_OUTPUT_RAW,866409839,SERVO_OUTPUT_RAW,0,0,0,0,0,0,0,0,1000,1000,1000,1000,0,0,0,0,0
2025-12-15 00:48:31.279,SERVO_OUTPUT_RAW,866509807,SERVO_OUTPUT_RAW,0,0,0,0,0,0,0,0,1000,1000,1000,1000,0,0,0,0,0
2025-12-15 00:48:31.379,SERVO_OUTPUT_RAW,866609843,SERVO_OUTPUT_RAW,0,0,0,0,0,0,0,0,1000,1000,1000,1000,0,0,0,0,0
2025-12-15 00:48:31.479,SERVO_OUTPUT_RAW,866709816,SERVO_OUTPUT_RAW,0,0,0,0,0,0,0,0,1000,1000,1000,1000,0,0,0,0,0
2025-12-15 00:48:31.579,SERVO_OUTPUT_RAW,866809849,SERVO_OUTPUT_RAW,0,0,0,0,0,0,0,0,1000,1000,1000,1000,0,0,0,0,0
2025-12-15 00:48:31.679,SERVO_OUTPUT_RAW,866909858,SERVO_OUTPUT_RAW,0,0,0,0,0,0,0,0,1000,1000,1000,1000,0,0,0,0,0
2025-12-15 00:48:31.779,SERVO_OUTPUT_RAW,867009799,SERVO_OUTPUT_RAW,0,0,0,0,0,0,0,0,1000,1000,1000,1000,0,0,0,0,0
2025-12-15 00:48:31.880,SERVO_OUTPUT_RAW,867109812,SERVO_OUTPUT_RAW,0,0,0,0,0,0,0,0,1000,1000,1000,1000,0,0,0,0,0
2025-12-15 00:48:31.979,SERVO_OUTPUT_RAW,867209817,SERVO_OUTPUT_RAW,0,0,0,0,0,0,0,0,1000,1000,1000,1000,0,0,0,0,0
2025-12-15 00:48:32.079,SERVO_OUTPUT_RAW,867309796,SERVO_OUTPUT_RAW,0,0,0,0,0,0,0,0,1000,1000,1000,1000,0,0,0,0,0
2025-12-15 00:48:32.179,SERVO_OUTPUT_RAW,867409780,SERVO_OUTPUT_RAW,0,0,0,0,0,0,0,0,1000,1000,1000,1000,0,0,0,0,0
2025-12-15 00:48:32.279,SERVO_OUTPUT_RAW,867509799,SERVO_OUTPUT_RAW,0,0,0,0,0,0,0,0,1000,1000,1000,1000,0,0,0,0,0
2025-12-15 00:48:32.381,SERVO_OUTPUT_RAW,867609799,SERVO_OUTPUT_RAW,0,0,0,0,0,0,0,0,1000,1000,1000,1000,0,0,0,0,0
2025-12-15 00:48:32.479,SERVO_OUTPUT_RAW,867709795,SERVO_OUTPUT_RAW,0,0,0,0,0,0,0,0,1000,1000,1000,1000,0,0,0,0,0
2025-12-15 00:48:32.579,SERVO_OUTPUT_RAW,867812153,SERVO_OUTPUT_RAW,0,0,0,0,0,0,0,0,1000,1000,1000,1000,0,0,0,0,0
2025-12-15 00:48:32.679,SERVO_OUTPUT_RAW,867909826,SERVO_OUTPUT_RAW,0,0,0,0,0,0,0,0,1000,1000,1000,1000,0,0,0,0,0
2025-12-15 00:48:32.780,SERVO_OUTPUT_RAW,868009871,SERVO_OUTPUT_RAW,0,0,0,0,0,0,0,0,1000,1000,1000,1000,0,0,0,0,0
2025-12-15 00:48:32.879,SERVO_OUTPUT_RAW,868109806,SERVO_OUTPUT_RAW,0,0,0,0,0,0,0,0,1000,1000,1000,1000,0,0,0,0,0
2025-12-15 00:48:32.979,SERVO_OUTPUT_RAW,868212103,SERVO_OUTPUT_RAW,0,0,0,0,0,0,0,0,1000,1000,1000,1000,0,0,0,0,0
2025-12-15 00:48:33.079,SERVO_OUTPUT_RAW,868309851,SERVO_OUTPUT_RAW,0,0,0,0,0,0,0,0,1000,1000,1000,1000,0,0,0,0,0
2025-12-15 00:48:33.180,SERVO_OUTPUT_RAW,868409838,SERVO_OUTPUT_RAW,0,0,0,0,0,0,0,0,1000,1000,1000,1000,0,0,0,0,0
2025-12-15 00:48:33.279,SERVO_OUTPUT_RAW,868509796,SERVO_OUTPUT_RAW,0,0,0,0,0,0,0,0,1000,1000,1000,1000,0,0,0,0,0
2025-12-15 00:48:33.380,SERVO_OUTPUT_RAW,868609816,SERVO_OUTPUT_RAW,0,0,0,0,0,0,0,0,1000,1000,1000,1000,0,0,0,0,0
2025-12-15 00:48:33.479,SERVO_OUTPUT_RAW,868709821,SERVO_OUTPUT_RAW,0,0,0,0,0,0,0,0,1000,1000,1000,1000,0,0,0,0,0
2025-12-15 00:48:33.579,SERVO_OUTPUT_RAW,868809811,SERVO_OUTPUT_RAW,0,0,0,0,0,0,0,0,1000,1000,1000,1000,0,0,0,0,0
2025-12-15 00:48:33.680,SERVO_OUTPUT_RAW,868909777,SERVO_OUTPUT_RAW,0,0,0,0,0,0,0,0,1000,1000,1000,1000,0,0,0,0,0
2025-12-15 00:48:33.780,SERVO_OUTPUT_RAW,869009774,SERVO_OUTPUT_RAW,0,0,0,0,0,0,0,0,1000,1000,1000,1000,0,0,0,0,0
2025-12-15 00:48:33.879,SERVO_OUTPUT_RAW,869109793,SERVO_OUTPUT_RAW,0,0,0,0,0,0,0,0,1000,1000,1000,1000,0,0,0,0,0
2025-12-15 00:48:33.979,SERVO_OUTPUT_RAW,869209794,SERVO_OUTPUT_RAW,0,0,0,0,0,0,0,0,1000,1000,1000,1000,0,0,0,0,0
2025-12-15 00:48:34.080,SERVO_OUTPUT_RAW,869309791,SERVO_OUTPUT_RAW,0,0,0,0,0,0,0,0,1000,1000,1000,1000,0,0,0,0,0
2025-12-15 00:48:34.180,SERVO_OUTPUT_RAW,869409826,SERVO_OUTPUT_RAW,0,0,0,0,0,0,0,0,1000,1000,1000,1000,0,0,0,0,0
2025-12-15 00:48:34.280,SERVO_OUTPUT_RAW,869509795,SERVO_OUTPUT_RAW,0,0,0,0,0,0,0,0,1000,1000,1000,1000,0,0,0,0,0
2025-12-15 00:48:34.380,SERVO_OUTPUT_RAW,869612182,SERVO_OUTPUT_RAW,0,0,0,0,0,0,0,0,1000,1000,1000,1000,0,0,0,0,0
2025-12-15 00:48:34.480,SERVO_OUTPUT_RAW,869709795,SERVO_OUTPUT_RAW,0,0,0,0,0,0,0,0,1000,1000,1000,1000,0,0,0,0,0
2025-12-15 00:48:34.580,SERVO_OUTPUT_RAW,869809829,SERVO_OUTPUT_RAW,0,0,0,0,0,0,0,0,1000,1000,1000,1000,0,0,0,0,0
2025-12-15 00:48:34.680,SERVO_OUTPUT_RAW,869909877,SERVO_OUTPUT_RAW,0,0,0,0,0,0,0,0,1000,1000,1000,1000,0,0,0,0,0
2025-12-15 00:48:34.780,SERVO_OUTPUT_RAW,870009772,SERVO_OUTPUT_RAW,0,0,0,0,0,0,0,0,1000,1000,1000,1000,0,0,0,0,0
2025-12-15 00:48:34.880,SERVO_OUTPUT_RAW,870109785,SERVO_OUTPUT_RAW,0,0,0,0,0,0,0,0,1000,1000,1000,1000,0,0,0,0,0
2025-12-15 00:48:34.980,SERVO_OUTPUT_RAW,870209820,SERVO_OUTPUT_RAW,0,0,0,0,0,0,0,0,1000,1000,1000,1000,0,0,0,0,0
2025-12-15 00:48:35.080,SERVO_OUTPUT_RAW,870309893,SERVO_OUTPUT_RAW,0,0,0,0,0,0,0,0,1000,1000,1000,1000,0,0,0,0,0
2025-12-15 00:48:35.180,SERVO_OUTPUT_RAW,870409780,SERVO_OUTPUT_RAW,0,0,0,0,0,0,0,0,1000,1000,1000,1000,0,0,0,0,0
2025-12-15 00:48:35.280,SERVO_OUTPUT_RAW,870509802,SERVO_OUTPUT_RAW,0,0,0,0,0,0,0,0,1000,1000,1000,1000,0,0,0,0,0
2025-12-15 00:48:35.380,SERVO_OUTPUT_RAW,870609794,SERVO_OUTPUT_RAW,0,0,0,0,0,0,0,0,1000,1000,1000,1000,0,0,0,0,0
2025-12-15 00:48:35.480,SERVO_OUTPUT_RAW,870709792,SERVO_OUTPUT_RAW,0,0,0,0,0,0,0,0,1000,1000,1000,1000,0,0,0,0,0
2025-12-15 00:48:35.580,SERVO_OUTPUT_RAW,870809794,SERVO_OUTPUT_RAW,0,0,0,0,0,0,0,0,1000,1000,1000,1000,0,0,0,0,0
2025-12-15 00:48:35.680,SERVO_OUTPUT_RAW,870912140,SERVO_OUTPUT_RAW,0,0,0,0,0,0,0,0,1000,1000,1000,1000,0,0,0,0,0
2025-12-15 00:48:35.780,SERVO_OUTPUT_RAW,871009834,SERVO_OUTPUT_RAW,0,0,0,0,0,0,0,0,1000,1000,1000,1000,0,0,0,0,0
2025-12-15 00:48:35.880,SERVO_OUTPUT_RAW,871109854,SERVO_OUTPUT_RAW,0,0,0,0,0,0,0,0,1000,1000,1000,1000,0,0,0,0,0
2025-12-15 00:48:35.980,SERVO_OUTPUT_RAW,871209816,SERVO_OUTPUT_RAW,0,0,0,0,0,0,0,0,1000,1000,1000,1000,0,0,0,0,0
2025-12-15 00:48:36.080,SERVO_OUTPUT_RAW,871309799,SERVO_OUTPUT_RAW,0,0,0,0,0,0,0,0,1000,1000,1000,1000,0,0,0,0,0
2025-12-15 00:48:36.180,SERVO_OUTPUT_RAW,871409825,SERVO_OUTPUT_RAW,0,0,0,0,0,0,0,0,1000,1000,1000,1000,0,0,0,0,0
2025-12-15 00:48:36.280,SERVO_OUTPUT_RAW,871509854,SERVO_OUTPUT_RAW,0,0,0,0,0,0,0,0,1000,1000,1000,1000,0,0,0,0,0
2025-12-15 00:48:36.380,SERVO_OUTPUT_RAW,871609817,SERVO_OUTPUT_RAW,0,0,0,0,0,0,0,0,1000,1000,1000,1000,0,0,0,0,0
2025-12-15 00:48:36.480,SERVO_OUTPUT_RAW,871709794,SERVO_OUTPUT_RAW,0,0,0,0,0,0,0,0,1000,1000,1000,1000,0,0,0,0,0
2025-12-15 00:48:36.580,SERVO_OUTPUT_RAW,871809834,SERVO_OUTPUT_RAW,0,0,0,0,0,0,0,0,1000,1000,1000,1000,0,0,0,0,0
2025-12-15 00:48:36.680,SERVO_OUTPUT_RAW,871909823,SERVO_OUTPUT_RAW,0,0,0,0,0,0,0,0,1000,1000,1000,1000,0,0,0,0,0
2025-12-15 00:48:36.780,SERVO_OUTPUT_RAW,872009781,SERVO_OUTPUT_RAW,0,0,0,0,0,0,0,0,1000,1000,1000,1000,0,0,0,0,0
2025-12-15 00:48:36.880,SERVO_OUTPUT_RAW,872109796,SERVO_OUTPUT_RAW,0,0,0,0,0,0,0,0,1000,1000,1000,1000,0,0,0,0,0
2025-12-15 00:48:36.980,SERVO_OUTPUT_RAW,872209789,SERVO_OUTPUT_RAW,0,0,0,0,0,0,0,0,1000,1000,1000,1000,0,0,0,0,0
2025-12-15 00:48:37.080,SERVO_OUTPUT_RAW,872309792,SERVO_OUTPUT_RAW,0,0,0,0,0,0,0,0,1000,1000,1000,1000,0,0,0,0,0
2025-12-15 00:48:37.180,SERVO_OUTPUT_RAW,872412146,SERVO_OUTPUT_RAW,0,0,0,0,0,0,0,0,1000,1000,1000,1000,0,0,0,0,0
2025-12-15 00:48:37.280,SERVO_OUTPUT_RAW,872509812,SERVO_OUTPUT_RAW,0,0,0,0,0,0,0,0,1000,1000,1000,1000,0,0,0,0,0
2025-12-15 00:48:37.380,SERVO_OUTPUT_RAW,872609767,SERVO_OUTPUT_RAW,0,0,0,0,0,0,0,0,1000,1000,1000,1000,0,0,0,0,0
2025-12-15 00:48:37.480,SERVO_OUTPUT_RAW,872709842,SERVO_OUTPUT_RAW,0,0,0,0,0,0,0,0,1000,1000,1000,1000,0,0,0,0,0
2025-12-15 00:48:37.580,SERVO_OUTPUT_RAW,872809820,SERVO_OUTPUT_RAW,0,0,0,0,0,0,0,0,1000,1000,1000,1000,0,0,0,0,0
2025-12-15 00:48:37.680,SERVO_OUTPUT_RAW,872909836,SERVO_OUTPUT_RAW,0,0,0,0,0,0,0,0,1000,1000,1000,1000,0,0,0,0,0
2025-12-15 00:48:37.780,SERVO_OUTPUT_RAW,873009841,SERVO_OUTPUT_RAW,0,0,0,0,0,0,0,0,1000,1000,1000,1000,0,0,0,0,0
2025-12-15 00:48:37.881,SERVO_OUTPUT_RAW,873109847,SERVO_OUTPUT_RAW,0,0,0,0,0,0,0,0,1000,1000,1000,1000,0,0,0,0,0
2025-12-15 00:48:37.981,SERVO_OUTPUT_RAW,873209904,SERVO_OUTPUT_RAW,0,0,0,0,0,0,0,0,1000,1000,1000,1000,0,0,0,0,0
2025-12-15 00:48:38.080,SERVO_OUTPUT_RAW,873309817,SERVO_OUTPUT_RAW,0,0,0,0,0,0,0,0,1000,1000,1000,1000,0,0,0,0,0
2025-12-15 00:48:38.181,SERVO_OUTPUT_RAW,873409824,SERVO_OUTPUT_RAW,0,0,0,0,0,0,0,0,1000,1000,1000,1000,0,0,0,0,0
2025-12-15 00:48:38.281,SERVO_OUTPUT_RAW,873509789,SERVO_OUTPUT_RAW,0,0,0,0,0,0,0,0,1000,1000,1000,1000,0,0,0,0,0
2025-12-15 00:48:38.379,SERVO_OUTPUT_RAW,873609782,SERVO_OUTPUT_RAW,0,0,0,0,0,0,0,0,1000,1000,1000,1000,0,0,0,0,0
2025-12-15 00:48:38.479,SERVO_OUTPUT_RAW,873709792,SERVO_OUTPUT_RAW,0,0,0,0,0,0,0,0,1000,1000,1000,1000,0,0,0,0,0
2025-12-15 00:48:38.579,SERVO_OUTPUT_RAW,873809804,SERVO_OUTPUT_RAW,0,0,0,0,0,0,0,0,1000,1000,1000,1000,0,0,0,0,0
2025-12-15 00:48:38.679,SERVO_OUTPUT_RAW,873909811,SERVO_OUTPUT_RAW,0,0,0,0,0,0,0,0,1000,1000,1000,1000,0,0,0,0,0
2025-12-15 00:48:38.779,SERVO_OUTPUT_RAW,874009789,SERVO_OUTPUT_RAW,0,0,0,0,0,0,0,0,1000,1000,1000,1000,0,0,0,0,0
2025-12-15 00:48:38.879,SERVO_OUTPUT_RAW,874109832,SERVO_OUTPUT_RAW,0,0,0,0,0,0,0,0,1000,1000,1000,1000,0,0,0,0,0
2025-12-15 00:48:38.979,SERVO_OUTPUT_RAW,874209847,SERVO_OUTPUT_RAW,0,0,0,0,0,0,0,0,1000,1000,1000,1000,0,0,0,0,0
2025-12-15 00:48:39.079,SERVO_OUTPUT_RAW,874309782,SERVO_OUTPUT_RAW,0,0,0,0,0,0,0,0,1000,1000,1000,1000,0,0,0,0,0
2025-12-15 00:48:39.179,SERVO_OUTPUT_RAW,874409810,SERVO_OUTPUT_RAW,0,0,0,0,0,0,0,0,1000,1000,1000,1000,0,0,0,0,0
2025-12-15 00:48:39.280,SERVO_OUTPUT_RAW,874512080,SERVO_OUTPUT_RAW,0,0,0,0,0,0,0,0,1000,1000,1000,1000,0,0,0,0,0
2025-12-15 00:48:39.379,SERVO_OUTPUT_RAW,874609835,SERVO_OUTPUT_RAW,0,0,0,0,0,0,0,0,1000,1000,1000,1000,0,0,0,0,0
2025-12-15 00:48:39.479,SERVO_OUTPUT_RAW,874709813,SERVO_OUTPUT_RAW,0,0,0,0,0,0,0,0,1000,1000,1000,1000,0,0,0,0,0
2025-12-15 00:48:39.580,SERVO_OUTPUT_RAW,874809784,SERVO_OUTPUT_RAW,0,0,0,0,0,0,0,0,1000,1000,1000,1000,0,0,0,0,0
2025-12-15 00:48:39.679,SERVO_OUTPUT_RAW,874909810,SERVO_OUTPUT_RAW,0,0,0,0,0,0,0,0,1000,1000,1000,1000,0,0,0,0,0
2025-12-15 00:48:39.779,SERVO_OUTPUT_RAW,875009832,SERVO_OUTPUT_RAW,0,0,0,0,0,0,0,0,1000,1000,1000,1000,0,0,0,0,0
2025-12-15 00:48:39.881,SERVO_OUTPUT_RAW,875109784,SERVO_OUTPUT_RAW,0,0,0,0,0,0,0,0,1000,1000,1000,1000,0,0,0,0,0
2025-12-15 00:48:39.979,SERVO_OUTPUT_RAW,875209796,SERVO_OUTPUT_RAW,0,0,0,0,0,0,0,0,1000,1000,1000,1000,0,0,0,0,0
2025-12-15 00:48:40.080,SERVO_OUTPUT_RAW,875309796,SERVO_OUTPUT_RAW,0,0,0,0,0,0,0,0,1000,1000,1000,1000,0,0,0,0,0
2025-12-15 00:48:40.179,SERVO_OUTPUT_RAW,875409798,SERVO_OUTPUT_RAW,0,0,0,0,0,0,0,0,1000,1000,1000,1000,0,0,0,0,0
2025-12-15 00:48:40.279,SERVO_OUTPUT_RAW,875509795,SERVO_OUTPUT_RAW,0,0,0,0,0,0,0,0,1000,1000,1000,1000,0,0,0,0,0
2025-12-15 00:48:40.379,SERVO_OUTPUT_RAW,875609826,SERVO_OUTPUT_RAW,0,0,0,0,0,0,0,0,1000,1000,1000,1000,0,0,0,0,0
2025-12-15 00:48:40.479,SERVO_OUTPUT_RAW,875709876,SERVO_OUTPUT_RAW,0,0,0,0,0,0,0,0,1000,1000,1000,1000,0,0,0,0,0
2025-12-15 00:48:40.579,SERVO_OUTPUT_RAW,875809785,SERVO_OUTPUT_RAW,0,0,0,0,0,0,0,0,1000,1000,1000,1000,0,0,0,0,0
2025-12-15 00:48:40.680,SERVO_OUTPUT_RAW,875909815,SERVO_OUTPUT_RAW,0,0,0,0,0,0,0,0,1000,1000,1000,1000,0,0,0,0,0
2025-12-15 00:48:40.779,SERVO_OUTPUT_RAW,876009799,SERVO_OUTPUT_RAW,0,0,0,0,0,0,0,0,1000,1000,1000,1000,0,0,0,0,0
2025-12-15 00:48:40.879,SERVO_OUTPUT_RAW,876109828,SERVO_OUTPUT_RAW,0,0,0,0,0,0,0,0,1000,1000,1000,1000,0,0,0,0,0
2025-12-15 00:48:40.980,SERVO_OUTPUT_RAW,876209846,SERVO_OUTPUT_RAW,0,0,0,0,0,0,0,0,1000,1000,1000,1000,0,0,0,0,0
2025-12-15 00:48:41.079,SERVO_OUTPUT_RAW,876309795,SERVO_OUTPUT_RAW,0,0,0,0,0,0,0,0,1000,1000,1000,1000,0,0,0,0,0
2025-12-15 00:48:41.179,SERVO_OUTPUT_RAW,876409799,SERVO_OUTPUT_RAW,0,0,0,0,0,0,0,0,1000,1000,1000,1000,0,0,0,0,0
2025-12-15 00:48:41.279,SERVO_OUTPUT_RAW,876509814,SERVO_OUTPUT_RAW,0,0,0,0,0,0,0,0,1000,1000,1000,1000,0,0,0,0,0
2025-12-15 00:48:41.380,SERVO_OUTPUT_RAW,876609881,SERVO_OUTPUT_RAW,0,0,0,0,0,0,0,0,1000,1000,1000,1000,0,0,0,0,0
2025-12-15 00:48:41.479,SERVO_OUTPUT_RAW,876709817,SERVO_OUTPUT_RAW,0,0,0,0,0,0,0,0,1000,1000,1000,1000,0,0,0,0,0
2025-12-15 00:48:41.579,SERVO_OUTPUT_RAW,876809793,SERVO_OUTPUT_RAW,0,0,0,0,0,0,0,0,1000,1000,1000,1000,0,0,0,0,0
2025-12-15 00:48:41.680,SERVO_OUTPUT_RAW,876909790,SERVO_OUTPUT_RAW,0,0,0,0,0,0,0,0,1000,1000,1000,1000,0,0,0,0,0
2025-12-15 00:48:41.780,SERVO_OUTPUT_RAW,877009789,SERVO_OUTPUT_RAW,0,0,0,0,0,0,0,0,1000,1000,1000,1000,0,0,0,0,0
2025-12-15 00:48:41.880,SERVO_OUTPUT_RAW,877109798,SERVO_OUTPUT_RAW,0,0,0,0,0,0,0,0,1000,1000,1000,1000,0,0,0,0,0
2025-12-15 00:48:41.980,SERVO_OUTPUT_RAW,877209830,SERVO_OUTPUT_RAW,0,0,0,0,0,0,0,0,1000,1000,1000,1000,0,0,0,0,0
2025-12-15 00:48:42.080,SERVO_OUTPUT_RAW,877309838,SERVO_OUTPUT_RAW,0,0,0,0,0,0,0,0,1000,1000,1000,1000,0,0,0,0,0
2025-12-15 00:48:42.180,SERVO_OUTPUT_RAW,877409850,SERVO_OUTPUT_RAW,0,0,0,0,0,0,0,0,1000,1000,1000,1000,0,0,0,0,0
2025-12-15 00:48:42.280,SERVO_OUTPUT_RAW,877509783,SERVO_OUTPUT_RAW,0,0,0,0,0,0,0,0,1000,1000,1000,1000,0,0,0,0,0
2025-12-15 00:48:42.380,SERVO_OUTPUT_RAW,877609820,SERVO_OUTPUT_RAW,0,0,0,0,0,0,0,0,1000,1000,1000,1000,0,0,0,0,0
2025-12-15 00:48:42.480,SERVO_OUTPUT_RAW,877709926,SERVO_OUTPUT_RAW,0,0,0,0,0,0,0,0,1000,1000,1000,1000,0,0,0,0,0
2025-12-15 00:48:42.579,SERVO_OUTPUT_RAW,877809840,SERVO_OUTPUT_RAW,0,0,0,0,0,0,0,0,1000,1000,1000,1000,0,0,0,0,0
2025-12-15 00:48:42.679,SERVO_OUTPUT_RAW,877909786,SERVO_OUTPUT_RAW,0,0,0,0,0,0,0,0,1000,1000,1000,1000,0,0,0,0,0
2025-12-15 00:48:42.780,SERVO_OUTPUT_RAW,878009814,SERVO_OUTPUT_RAW,0,0,0,0,0,0,0,0,1000,1000,1000,1000,0,0,0,0,0
2025-12-15 00:48:42.880,SERVO_OUTPUT_RAW,878109814,SERVO_OUTPUT_RAW,0,0,0,0,0,0,0,0,1000,1000,1000,1000,0,0,0,0,0
2025-12-15 00:48:42.980,SERVO_OUTPUT_RAW,878209782,SERVO_OUTPUT_RAW,0,0,0,0,0,0,0,0,1000,1000,1000,1000,0,0,0,0,0
2025-12-15 00:48:43.080,SERVO_OUTPUT_RAW,878309789,SERVO_OUTPUT_RAW,0,0,0,0,0,0,0,0,1000,1000,1000,1000,0,0,0,0,0
2025-12-15 00:48:43.180,SERVO_OUTPUT_RAW,878409793,SERVO_OUTPUT_RAW,0,0,0,0,0,0,0,0,1000,1000,1000,1000,0,0,0,0,0
2025-12-15 00:48:43.280,SERVO_OUTPUT_RAW,878509779,SERVO_OUTPUT_RAW,0,0,0,0,0,0,0,0,1000,1000,1000,1000,0,0,0,0,0
2025-12-15 00:48:43.380,SERVO_OUTPUT_RAW,878609819,SERVO_OUTPUT_RAW,0,0,0,0,0,0,0,0,1000,1000,1000,1000,0,0,0,0,0
2025-12-15 00:48:43.480,SERVO_OUTPUT_RAW,878712142,SERVO_OUTPUT_RAW,0,0,0,0,0,0,0,0,1000,1000,1000,1000,0,0,0,0,0
2025-12-15 00:48:43.580,SERVO_OUTPUT_RAW,878809827,SERVO_OUTPUT_RAW,0,0,0,0,0,0,0,0,1000,1000,1000,1000,0,0,0,0,0
2025-12-15 00:48:43.680,SERVO_OUTPUT_RAW,878909795,SERVO_OUTPUT_RAW,0,0,0,0,0,0,0,0,1000,1000,1000,1000,0,0,0,0,0
2025-12-15 00:48:43.780,SERVO_OUTPUT_RAW,879009800,SERVO_OUTPUT_RAW,0,0,0,0,0,0,0,0,1000,1000,1000,1000,0,0,0,0,0
2025-12-15 00:48:43.880,SERVO_OUTPUT_RAW,879109828,SERVO_OUTPUT_RAW,0,0,0,0,0,0,0,0,1000,1000,1000,1000,0,0,0,0,0
2025-12-15 00:48:43.980,SERVO_OUTPUT_RAW,879209826,SERVO_OUTPUT_RAW,0,0,0,0,0,0,0,0,1000,1000,1000,1000,0,0,0,0,0
2025-12-15 00:48:44.080,SERVO_OUTPUT_RAW,879309836,SERVO_OUTPUT_RAW,0,0,0,0,0,0,0,0,1000,1000,1000,1000,0,0,0,0,0
2025-12-15 00:48:44.180,SERVO_OUTPUT_RAW,879409789,SERVO_OUTPUT_RAW,0,0,0,0,0,0,0,0,1000,1000,1000,1000,0,0,0,0,0
2025-12-15 00:48:44.280,SERVO_OUTPUT_RAW,879509806,SERVO_OUTPUT_RAW,0,0,0,0,0,0,0,0,1000,1000,1000,1000,0,0,0,0,0
2025-12-15 00:48:44.380,SERVO_OUTPUT_RAW,879609848,SERVO_OUTPUT_RAW,0,0,0,0,0,0,0,0,1000,1000,1000,1000,0,0,0,0,0
2025-12-15 00:48:44.480,SERVO_OUTPUT_RAW,879709835,SERVO_OUTPUT_RAW,0,0,0,0,0,0,0,0,1000,1000,1000,1000,0,0,0,0,0
2025-12-15 00:48:44.580,SERVO_OUTPUT_RAW,879809868,SERVO_OUTPUT_RAW,0,0,0,0,0,0,0,0,1000,1000,1000,1000,0,0,0,0,0
2025-12-15 00:48:44.680,SERVO_OUTPUT_RAW,879909794,SERVO_OUTPUT_RAW,0,0,0,0,0,0,0,0,1000,1000,1000,1000,0,0,0,0,0
2025-12-15 00:48:44.780,SERVO_OUTPUT_RAW,880009793,SERVO_OUTPUT_RAW,0,0,0,0,0,0,0,0,1000,1000,1000,1000,0,0,0,0,0
2025-12-15 00:48:44.880,SERVO_OUTPUT_RAW,880109786,SERVO_OUTPUT_RAW,0,0,0,0,0,0,0,0,1000,1000,1000,1000,0,0,0,0,0
2025-12-15 00:48:44.980,SERVO_OUTPUT_RAW,880209792,SERVO_OUTPUT_RAW,0,0,0,0,0,0,0,0,1000,1000,1000,1000,0,0,0,0,0
2025-12-15 00:48:45.080,SERVO_OUTPUT_RAW,880309810,SERVO_OUTPUT_RAW,0,0,0,0,0,0,0,0,1000,1000,1000,1000,0,0,0,0,0
2025-12-15 00:48:45.180,SERVO_OUTPUT_RAW,880409834,SERVO_OUTPUT_RAW,0,0,0,0,0,0,0,0,1000,1000,1000,1000,0,0,0,0,0
2025-12-15 00:48:45.280,SERVO_OUTPUT_RAW,880509793,SERVO_OUTPUT_RAW,0,0,0,0,0,0,0,0,1000,1000,1000,1000,0,0,0,0,0
2025-12-15 00:48:45.380,SERVO_OUTPUT_RAW,880609792,SERVO_OUTPUT_RAW,0,0,0,0,0,0,0,0,1000,1000,1000,1000,0,0,0,0,0
2025-12-15 00:48:45.480,SERVO_OUTPUT_RAW,880709806,SERVO_OUTPUT_RAW,0,0,0,0,0,0,0,0,1000,1000,1000,1000,0,0,0,0,0
2025-12-15 00:48:45.580,SERVO_OUTPUT_RAW,880812086,SERVO_OUTPUT_RAW,0,0,0,0,0,0,0,0,1000,1000,1000,1000,0,0,0,0,0
2025-12-15 00:48:45.680,SERVO_OUTPUT_RAW,880909841,SERVO_OUTPUT_RAW,0,0,0,0,0,0,0,0,1000,1000,1000,1000,0,0,0,0,0
2025-12-15 00:48:45.780,SERVO_OUTPUT_RAW,881009789,SERVO_OUTPUT_RAW,0,0,0,0,0,0,0,0,1000,1000,1000,1000,0,0,0,0,0
2025-12-15 00:48:45.880,SERVO_OUTPUT_RAW,881109835,SERVO_OUTPUT_RAW,0,0,0,0,0,0,0,0,1000,1000,1000,1000,0,0,0,0,0
2025-12-15 00:48:45.980,SERVO_OUTPUT_RAW,881209835,SERVO_OUTPUT_RAW,0,0,0,0,0,0,0,0,1000,1000,1000,1000,0,0,0,0,0
2025-12-15 00:48:46.081,SERVO_OUTPUT_RAW,881309828,SERVO_OUTPUT_RAW,0,0,0,0,0,0,0,0,1000,1000,1000,1000,0,0,0,0,0
2025-12-15 00:48:46.181,SERVO_OUTPUT_RAW,881409778,SERVO_OUTPUT_RAW,0,0,0,0,0,0,0,0,1000,1000,1000,1000,0,0,0,0,0
2025-12-15 00:48:46.280,SERVO_OUTPUT_RAW,881509793,SERVO_OUTPUT_RAW,0,0,0,0,0,0,0,0,1000,1000,1000,1000,0,0,0,0,0
2025-12-15 00:48:46.380,SERVO_OUTPUT_RAW,881609783,SERVO_OUTPUT_RAW,0,0,0,0,0,0,0,0,1000,1000,1000,1000,0,0,0,0,0
2025-12-15 00:48:46.480,SERVO_OUTPUT_RAW,881709785,SERVO_OUTPUT_RAW,0,0,0,0,0,0,0,0,1000,1000,1000,1000,0,0,0,0,0
2025-12-15 00:48:46.581,SERVO_OUTPUT_RAW,881809799,SERVO_OUTPUT_RAW,0,0,0,0,0,0,0,0,1000,1000,1000,1000,0,0,0,0,0
2025-12-15 00:48:46.681,SERVO_OUTPUT_RAW,881909828,SERVO_OUTPUT_RAW,0,0,0,0,0,0,0,0,1000,1000,1000,1000,0,0,0,0,0
2025-12-15 00:48:46.780,SERVO_OUTPUT_RAW,882009840,SERVO_OUTPUT_RAW,0,0,0,0,0,0,0,0,1000,1000,1000,1000,0,0,0,0,0
2025-12-15 00:48:46.881,SERVO_OUTPUT_RAW,882109804,SERVO_OUTPUT_RAW,0,0,0,0,0,0,0,0,1000,1000,1000,1000,0,0,0,0,0
2025-12-15 00:48:46.981,SERVO_OUTPUT_RAW,882209822,SERVO_OUTPUT_RAW,0,0,0,0,0,0,0,0,1000,1000,1000,1000,0,0,0,0,0
2025-12-15 00:48:47.080,SERVO_OUTPUT_RAW,882309812,SERVO_OUTPUT_RAW,0,0,0,0,0,0,0,0,1000,1000,1000,1000,0,0,0,0,0
2025-12-15 00:48:47.180,SERVO_OUTPUT_RAW,882409835,SERVO_OUTPUT_RAW,0,0,0,0,0,0,0,0,1000,1000,1000,1000,0,0,0,0,0
2025-12-15 00:48:47.280,SERVO_OUTPUT_RAW,882509802,SERVO_OUTPUT_RAW,0,0,0,0,0,0,0,0,1000,1000,1000,1000,0,0,0,0,0
2025-12-15 00:48:47.380,SERVO_OUTPUT_RAW,882609792,SERVO_OUTPUT_RAW,0,0,0,0,0,0,0,0,1000,1000,1000,1000,0,0,0,0,0
2025-12-15 00:48:47.480,SERVO_OUTPUT_RAW,882709825,SERVO_OUTPUT_RAW,0,0,0,0,0,0,0,0,1000,1000,1000,1000,0,0,0,0,0
2025-12-15 00:48:47.580,SERVO_OUTPUT_RAW,882809815,SERVO_OUTPUT_RAW,0,0,0,0,0,0,0,0,1000,1000,1000,1000,0,0,0,0,0
2025-12-15 00:48:47.680,SERVO_OUTPUT_RAW,882909883,SERVO_OUTPUT_RAW,0,0,0,0,0,0,0,0,1000,1000,1000,1000,0,0,0,0,0
2025-12-15 00:48:47.780,SERVO_OUTPUT_RAW,883009787,SERVO_OUTPUT_RAW,0,0,0,0,0,0,0,0,1000,1000,1000,1000,0,0,0,0,0
2025-12-15 00:48:47.881,SERVO_OUTPUT_RAW,883109808,SERVO_OUTPUT_RAW,0,0,0,0,0,0,0,0,1000,1000,1000,1000,0,0,0,0,0
2025-12-15 00:48:47.979,SERVO_OUTPUT_RAW,883209794,SERVO_OUTPUT_RAW,0,0,0,0,0,0,0,0,1000,1000,1000,1000,0,0,0,0,0
2025-12-15 00:48:48.079,SERVO_OUTPUT_RAW,883309785,SERVO_OUTPUT_RAW,0,0,0,0,0,0,0,0,1000,1000,1000,1000,0,0,0,0,0
2025-12-15 00:48:48.179,SERVO_OUTPUT_RAW,883409803,SERVO_OUTPUT_RAW,0,0,0,0,0,0,0,0,1000,1000,1000,1000,0,0,0,0,0
2025-12-15 00:48:48.280,SERVO_OUTPUT_RAW,883509798,SERVO_OUTPUT_RAW,0,0,0,0,0,0,0,0,1000,1000,1000,1000,0,0,0,0,0
2025-12-15 00:48:48.379,SERVO_OUTPUT_RAW,883609849,SERVO_OUTPUT_RAW,0,0,0,0,0,0,0,0,1000,1000,1000,1000,0,0,0,0,0
2025-12-15 00:48:48.479,SERVO_OUTPUT_RAW,883709810,SERVO_OUTPUT_RAW,0,0,0,0,0,0,0,0,1000,1000,1000,1000,0,0,0,0,0
2025-12-15 00:48:48.579,SERVO_OUTPUT_RAW,883809821,SERVO_OUTPUT_RAW,0,0,0,0,0,0,0,0,1000,1000,1000,1000,0,0,0,0,0
2025-12-15 00:48:48.679,SERVO_OUTPUT_RAW,883909828,SERVO_OUTPUT_RAW,0,0,0,0,0,0,0,0,1000,1000,1000,1000,0,0,0,0,0
2025-12-15 00:48:48.779,SERVO_OUTPUT_RAW,884009854,SERVO_OUTPUT_RAW,0,0,0,0,0,0,0,0,1000,1000,1000,1000,0,0,0,0,0
2025-12-15 00:48:48.879,SERVO_OUTPUT_RAW,884109824,SERVO_OUTPUT_RAW,0,0,0,0,0,0,0,0,1000,1000,1000,1000,0,0,0,0,0
2025-12-15 00:48:48.979,SERVO_OUTPUT_RAW,884209796,SERVO_OUTPUT_RAW,0,0,0,0,0,0,0,0,1000,1000,1000,1000,0,0,0,0,0
2025-12-15 00:48:49.080,SERVO_OUTPUT_RAW,884309821,SERVO_OUTPUT_RAW,0,0,0,0,0,0,0,0,1000,1000,1000,1000,0,0,0,0,0
2025-12-15 00:48:49.180,SERVO_OUTPUT_RAW,884409825,SERVO_OUTPUT_RAW,0,0,0,0,0,0,0,0,1000,1000,1000,1000,0,0,0,0,0
2025-12-15 00:48:49.280,SERVO_OUTPUT_RAW,884509790,SERVO_OUTPUT_RAW,0,0,0,0,0,0,0,0,1000,1000,1000,1000,0,0,0,0,0
2025-12-15 00:48:49.380,SERVO_OUTPUT_RAW,884609791,SERVO_OUTPUT_RAW,0,0,0,0,0,0,0,0,1000,1000,1000,1000,0,0,0,0,0
2025-12-15 00:48:49.480,SERVO_OUTPUT_RAW,884709783,SERVO_OUTPUT_RAW,0,0,0,0,0,0,0,0,1000,1000,1000,1000,0,0,0,0,0
2025-12-15 00:48:49.580,SERVO_OUTPUT_RAW,884809790,SERVO_OUTPUT_RAW,0,0,0,0,0,0,0,0,1000,1000,1000,1000,0,0,0,0,0
2025-12-15 00:48:49.680,SERVO_OUTPUT_RAW,884909813,SERVO_OUTPUT_RAW,0,0,0,0,0,0,0,0,1000,1000,1000,1000,0,0,0,0,0
2025-12-15 00:48:49.780,SERVO_OUTPUT_RAW,885012152,SERVO_OUTPUT_RAW,0,0,0,0,0,0,0,0,1000,1000,1000,1000,0,0,0,0,0
2025-12-15 00:48:49.881,SERVO_OUTPUT_RAW,885112146,SERVO_OUTPUT_RAW,0,0,0,0,0,0,0,0,1000,1000,1000,1000,0,0,0,0,0
2025-12-15 00:48:49.980,SERVO_OUTPUT_RAW,885209808,SERVO_OUTPUT_RAW,0,0,0,0,0,0,0,0,1000,1000,1000,1000,0,0,0,0,0
2025-12-15 00:48:50.080,SERVO_OUTPUT_RAW,885309784,SERVO_OUTPUT_RAW,0,0,0,0,0,0,0,0,1000,1000,1000,1000,0,0,0,0,0
2025-12-15 00:48:50.180,SERVO_OUTPUT_RAW,885409844,SERVO_OUTPUT_RAW,0,0,0,0,0,0,0,0,1000,1000,1000,1000,0,0,0,0,0
2025-12-15 00:48:50.280,SERVO_OUTPUT_RAW,885509845,SERVO_OUTPUT_RAW,0,0,0,0,0,0,0,0,1000,1000,1000,1000,0,0,0,0,0
2025-12-15 00:48:50.380,SERVO_OUTPUT_RAW,885609853,SERVO_OUTPUT_RAW,0,0,0,0,0,0,0,0,1000,1000,1000,1000,0,0,0,0,0
2025-12-15 00:48:50.480,SERVO_OUTPUT_RAW,885709782,SERVO_OUTPUT_RAW,0,0,0,0,0,0,0,0,1000,1000,1000,1000,0,0,0,0,0
2025-12-15 00:48:50.580,SERVO_OUTPUT_RAW,885809822,SERVO_OUTPUT_RAW,0,0,0,0,0,0,0,0,1000,1000,1000,1000,0,0,0,0,0
2025-12-15 00:48:50.680,SERVO_OUTPUT_RAW,885909823,SERVO_OUTPUT_RAW,0,0,0,0,0,0,0,0,1000,1000,1000,1000,0,0,0,0,0
2025-12-15 00:48:50.780,SERVO_OUTPUT_RAW,886009779,SERVO_OUTPUT_RAW,0,0,0,0,0,0,0,0,1000,1000,1000,1000,0,0,0,0,0
2025-12-15 00:48:50.880,SERVO_OUTPUT_RAW,886109790,SERVO_OUTPUT_RAW,0,0,0,0,0,0,0,0,1000,1000,1000,1000,0,0,0,0,0
2025-12-15 00:48:50.980,SERVO_OUTPUT_RAW,886209803,SERVO_OUTPUT_RAW,0,0,0,0,0,0,0,0,1000,1000,1000,1000,0,0,0,0,0
2025-12-15 00:48:51.080,SERVO_OUTPUT_RAW,886309781,SERVO_OUTPUT_RAW,0,0,0,0,0,0,0,0,1000,1000,1000,1000,0,0,0,0,0
2025-12-15 00:48:51.180,SERVO_OUTPUT_RAW,886409795,SERVO_OUTPUT_RAW,0,0,0,0,0,0,0,0,1000,1000,1000,1000,0,0,0,0,0
2025-12-15 00:48:51.280,SERVO_OUTPUT_RAW,886509814,SERVO_OUTPUT_RAW,0,0,0,0,0,0,0,0,1000,1000,1000,1000,0,0,0,0,0
2025-12-15 00:48:51.380,SERVO_OUTPUT_RAW,886609838,SERVO_OUTPUT_RAW,0,0,0,0,0,0,0,0,1000,1000,1000,1000,0,0,0,0,0
2025-12-15 00:48:51.480,SERVO_OUTPUT_RAW,886709851,SERVO_OUTPUT_RAW,0,0,0,0,0,0,0,0,1000,1000,1000,1000,0,0,0,0,0
2025-12-15 00:48:51.580,SERVO_OUTPUT_RAW,886809803,SERVO_OUTPUT_RAW,0,0,0,0,0,0,0,0,1000,1000,1000,1000,0,0,0,0,0
2025-12-15 00:48:51.680,SERVO_OUTPUT_RAW,886909809,SERVO_OUTPUT_RAW,0,0,0,0,0,0,0,0,1000,1000,1000,1000,0,0,0,0,0
2025-12-15 00:48:51.780,SERVO_OUTPUT_RAW,887009821,SERVO_OUTPUT_RAW,0,0,0,0,0,0,0,0,1000,1000,1000,1000,0,0,0,0,0
2025-12-15 00:48:51.880,SERVO_OUTPUT_RAW,887112069,SERVO_OUTPUT_RAW,0,0,0,0,0,0,0,0,1000,1000,1000,1000,0,0,0,0,0
2025-12-15 00:48:51.980,SERVO_OUTPUT_RAW,887209814,SERVO_OUTPUT_RAW,0,0,0,0,0,0,0,0,1000,1000,1000,1000,0,0,0,0,0
2025-12-15 00:48:52.080,SERVO_OUTPUT_RAW,887309800,SERVO_OUTPUT_RAW,0,0,0,0,0,0,0,0,1000,1000,1000,1000,0,0,0,0,0
2025-12-15 00:48:52.181,SERVO_OUTPUT_RAW,887409810,SERVO_OUTPUT_RAW,0,0,0,0,0,0,0,0,1000,1000,1000,1000,0,0,0,0,0
2025-12-15 00:48:52.280,SERVO_OUTPUT_RAW,887509816,SERVO_OUTPUT_RAW,0,0,0,0,0,0,0,0,1000,1000,1000,1000,0,0,0,0,0
2025-12-15 00:48:52.381,SERVO_OUTPUT_RAW,887609807,SERVO_OUTPUT_RAW,0,0,0,0,0,0,0,0,1000,1000,1000,1000,0,0,0,0,0
2025-12-15 00:48:52.480,SERVO_OUTPUT_RAW,887709785,SERVO_OUTPUT_RAW,0,0,0,0,0,0,0,0,1000,1000,1000,1000,0,0,0,0,0
2025-12-15 00:48:52.580,SERVO_OUTPUT_RAW,887809796,SERVO_OUTPUT_RAW,0,0,0,0,0,0,0,0,1000,1000,1000,1000,0,0,0,0,0
2025-12-15 00:48:52.680,SERVO_OUTPUT_RAW,887909790,SERVO_OUTPUT_RAW,0,0,0,0,0,0,0,0,1000,1000,1000,1000,0,0,0,0,0
2025-12-15 00:48:52.780,SERVO_OUTPUT_RAW,888009809,SERVO_OUTPUT_RAW,0,0,0,0,0,0,0,0,1000,1000,1000,1000,0,0,0,0,0
2025-12-15 00:48:52.880,SERVO_OUTPUT_RAW,888109817,SERVO_OUTPUT_RAW,0,0,0,0,0,0,0,0,1000,1000,1000,1000,0,0,0,0,0
2025-12-15 00:48:52.980,SERVO_OUTPUT_RAW,888209828,SERVO_OUTPUT_RAW,0,0,0,0,0,0,0,0,1000,1000,1000,1000,0,0,0,0,0
2025-12-15 00:48:53.081,SERVO_OUTPUT_RAW,888309814,SERVO_OUTPUT_RAW,0,0,0,0,0,0,0,0,1000,1000,1000,1000,0,0,0,0,0
2025-12-15 00:48:53.180,SERVO_OUTPUT_RAW,888409774,SERVO_OUTPUT_RAW,0,0,0,0,0,0,0,0,1000,1000,1000,1000,0,0,0,0,0
2025-12-15 00:48:53.280,SERVO_OUTPUT_RAW,888509839,SERVO_OUTPUT_RAW,0,0,0,0,0,0,0,0,1000,1000,1000,1000,0,0,0,0,0
2025-12-15 00:48:53.380,SERVO_OUTPUT_RAW,888609854,SERVO_OUTPUT_RAW,0,0,0,0,0,0,0,0,1000,1000,1000,1000,0,0,0,0,0
2025-12-15 00:48:53.481,SERVO_OUTPUT_RAW,888709833,SERVO_OUTPUT_RAW,0,0,0,0,0,0,0,0,1000,1000,1000,1000,0,0,0,0,0
2025-12-15 00:48:53.580,SERVO_OUTPUT_RAW,888809788,SERVO_OUTPUT_RAW,0,0,0,0,0,0,0,0,1000,1000,1000,1000,0,0,0,0,0
2025-12-15 00:48:53.680,SERVO_OUTPUT_RAW,888909805,SERVO_OUTPUT_RAW,0,0,0,0,0,0,0,0,1000,1000,1000,1000,0,0,0,0,0
2025-12-15 00:48:53.780,SERVO_OUTPUT_RAW,889009807,SERVO_OUTPUT_RAW,0,0,0,0,0,0,0,0,1000,1000,1000,1000,0,0,0,0,0
2025-12-15 00:48:53.880,SERVO_OUTPUT_RAW,889109781,SERVO_OUTPUT_RAW,0,0,0,0,0,0,0,0,1000,1000,1000,1000,0,0,0,0,0
2025-12-15 00:48:53.980,SERVO_OUTPUT_RAW,889209879,SERVO_OUTPUT_RAW,0,0,0,0,0,0,0,0,1000,1000,1000,1000,0,0,0,0,0
2025-12-15 00:48:54.080,SERVO_OUTPUT_RAW,889309793,SERVO_OUTPUT_RAW,0,0,0,0,0,0,0,0,1000,1000,1000,1000,0,0,0,0,0
2025-12-15 00:48:54.180,SERVO_OUTPUT_RAW,889409808,SERVO_OUTPUT_RAW,0,0,0,0,0,0,0,0,1000,1000,1000,1000,0,0,0,0,0
2025-12-15 00:48:54.281,SERVO_OUTPUT_RAW,889509786,SERVO_OUTPUT_RAW,0,0,0,0,0,0,0,0,1000,1000,1000,1000,0,0,0,0,0
2025-12-15 00:48:54.380,SERVO_OUTPUT_RAW,889612175,SERVO_OUTPUT_RAW,0,0,0,0,0,0,0,0,1000,1000,1000,1000,0,0,0,0,0
2025-12-15 00:48:54.480,SERVO_OUTPUT_RAW,889709835,SERVO_OUTPUT_RAW,0,0,0,0,0,0,0,0,1000,1000,1000,1000,0,0,0,0,0
2025-12-15 00:48:54.581,SERVO_OUTPUT_RAW,889809846,SERVO_OUTPUT_RAW,0,0,0,0,0,0,0,0,1000,1000,1000,1000,0,0,0,0,0
2025-12-15 00:48:54.680,SERVO_OUTPUT_RAW,889909863,SERVO_OUTPUT_RAW,0,0,0,0,0,0,0,0,1000,1000,1000,1000,0,0,0,0,0
2025-12-15 00:48:54.780,SERVO_OUTPUT_RAW,890009809,SERVO_OUTPUT_RAW,0,0,0,0,0,0,0,0,1000,1000,1000,1000,0,0,0,0,0
2025-12-15 00:48:54.882,SERVO_OUTPUT_RAW,890109821,SERVO_OUTPUT_RAW,0,0,0,0,0,0,0,0,1000,1000,1000,1000,0,0,0,0,0
2025-12-15 00:48:54.980,SERVO_OUTPUT_RAW,890209844,SERVO_OUTPUT_RAW,0,0,0,0,0,0,0,0,1000,1000,1000,1000,0,0,0,0,0
2025-12-15 00:48:55.081,SERVO_OUTPUT_RAW,890309787,SERVO_OUTPUT_RAW,0,0,0,0,0,0,0,0,1000,1000,1000,1000,0,0,0,0,0
2025-12-15 00:48:55.180,SERVO_OUTPUT_RAW,890409778,SERVO_OUTPUT_RAW,0,0,0,0,0,0,0,0,1000,1000,1000,1000,0,0,0,0,0
2025-12-15 00:48:55.280,SERVO_OUTPUT_RAW,890509822,SERVO_OUTPUT_RAW,0,0,0,0,0,0,0,0,1000,1000,1000,1000,0,0,0,0,0
2025-12-15 00:48:55.381,SERVO_OUTPUT_RAW,890609821,SERVO_OUTPUT_RAW,0,0,0,0,0,0,0,0,1000,1000,1000,1000,0,0,0,0,0
2025-12-15 00:48:55.480,SERVO_OUTPUT_RAW,890709775,SERVO_OUTPUT_RAW,0,0,0,0,0,0,0,0,1000,1000,1000,1000,0,0,0,0,0
2025-12-15 00:48:55.581,SERVO_OUTPUT_RAW,890809790,SERVO_OUTPUT_RAW,0,0,0,0,0,0,0,0,1000,1000,1000,1000,0,0,0,0,0
2025-12-15 00:48:55.681,SERVO_OUTPUT_RAW,890909817,SERVO_OUTPUT_RAW,0,0,0,0,0,0,0,0,1000,1000,1000,1000,0,0,0,0,0
2025-12-15 00:48:55.780,SERVO_OUTPUT_RAW,891009821,SERVO_OUTPUT_RAW,0,0,0,0,0,0,0,0,1000,1000,1000,1000,0,0,0,0,0
2025-12-15 00:48:55.880,SERVO_OUTPUT_RAW,891109787,SERVO_OUTPUT_RAW,0,0,0,0,0,0,0,0,1000,1000,1000,1000,0,0,0,0,0
2025-12-15 00:48:55.980,SERVO_OUTPUT_RAW,891209848,SERVO_OUTPUT_RAW,0,0,0,0,0,0,0,0,1000,1000,1000,1000,0,0,0,0,0
2025-12-15 00:48:56.080,SERVO_OUTPUT_RAW,891312156,SERVO_OUTPUT_RAW,0,0,0,0,0,0,0,0,1000,1000,1000,1000,0,0,0,0,0
2025-12-15 00:48:56.180,SERVO_OUTPUT_RAW,891409841,SERVO_OUTPUT_RAW,0,0,0,0,0,0,0,0,1000,1000,1000,1000,0,0,0,0,0
2025-12-15 00:48:56.281,SERVO_OUTPUT_RAW,891509808,SERVO_OUTPUT_RAW,0,0,0,0,0,0,0,0,1000,1000,1000,1000,0,0,0,0,0
2025-12-15 00:48:56.380,SERVO_OUTPUT_RAW,891609803,SERVO_OUTPUT_RAW,0,0,0,0,0,0,0,0,1000,1000,1000,1000,0,0,0,0,0
2025-12-15 00:48:56.481,SERVO_OUTPUT_RAW,891709822,SERVO_OUTPUT_RAW,0,0,0,0,0,0,0,0,1000,1000,1000,1000,0,0,0,0,0
2025-12-15 00:48:56.581,SERVO_OUTPUT_RAW,891809843,SERVO_OUTPUT_RAW,0,0,0,0,0,0,0,0,1000,1000,1000,1000,0,0,0,0,0
2025-12-15 00:48:56.681,SERVO_OUTPUT_RAW,891909787,SERVO_OUTPUT_RAW,0,0,0,0,0,0,0,0,1000,1000,1000,1000,0,0,0,0,0
2025-12-15 00:48:56.781,SERVO_OUTPUT_RAW,892009799,SERVO_OUTPUT_RAW,0,0,0,0,0,0,0,0,1000,1000,1000,1000,0,0,0,0,0
2025-12-15 00:48:56.881,SERVO_OUTPUT_RAW,892109916,SERVO_OUTPUT_RAW,0,0,0,0,0,0,0,0,1000,1000,1000,1000,0,0,0,0,0
2025-12-15 00:48:56.981,SERVO_OUTPUT_RAW,892209823,SERVO_OUTPUT_RAW,0,0,0,0,0,0,0,0,1000,1000,1000,1000,0,0,0,0,0
2025-12-15 00:48:57.081,SERVO_OUTPUT_RAW,892309771,SERVO_OUTPUT_RAW,0,0,0,0,0,0,0,0,1000,1000,1000,1000,0,0,0,0,0
2025-12-15 00:48:57.181,SERVO_OUTPUT_RAW,892409782,SERVO_OUTPUT_RAW,0,0,0,0,0,0,0,0,1000,1000,1000,1000,0,0,0,0,0
2025-12-15 00:48:57.281,SERVO_OUTPUT_RAW,892509785,SERVO_OUTPUT_RAW,0,0,0,0,0,0,0,0,1000,1000,1000,1000,0,0,0,0,0
2025-12-15 00:48:57.382,SERVO_OUTPUT_RAW,892609772,SERVO_OUTPUT_RAW,0,0,0,0,0,0,0,0,1000,1000,1000,1000,0,0,0,0,0
2025-12-15 00:48:57.480,SERVO_OUTPUT_RAW,892709788,SERVO_OUTPUT_RAW,0,0,0,0,0,0,0,0,1000,1000,1000,1000,0,0,0,0,0
2025-12-15 00:48:57.579,SERVO_OUTPUT_RAW,892809825,SERVO_OUTPUT_RAW,0,0,0,0,0,0,0,0,1000,1000,1000,1000,0,0,0,0,0
2025-12-15 00:48:57.680,SERVO_OUTPUT_RAW,892909835,SERVO_OUTPUT_RAW,0,0,0,0,0,0,0,0,1000,1000,1000,1000,0,0,0,0,0
2025-12-15 00:48:57.780,SERVO_OUTPUT_RAW,893012137,SERVO_OUTPUT_RAW,0,0,0,0,0,0,0,0,1000,1000,1000,1000,0,0,0,0,0
2025-12-15 00:48:57.880,SERVO_OUTPUT_RAW,893109787,SERVO_OUTPUT_RAW,0,0,0,0,0,0,0,0,1000,1000,1000,1000,0,0,0,0,0
2025-12-15 00:48:57.980,SERVO_OUTPUT_RAW,893209835,SERVO_OUTPUT_RAW,0,0,0,0,0,0,0,0,1000,1000,1000,1000,0,0,0,0,0
2025-12-15 00:48:58.081,SERVO_OUTPUT_RAW,893309847,SERVO_OUTPUT_RAW,0,0,0,0,0,0,0,0,1000,1000,1000,1000,0,0,0,0,0
2025-12-15 00:48:58.181,SERVO_OUTPUT_RAW,893409900,SERVO_OUTPUT_RAW,0,0,0,0,0,0,0,0,1000,1000,1000,1000,0,0,0,0,0
2025-12-15 00:48:58.280,SERVO_OUTPUT_RAW,893509787,SERVO_OUTPUT_RAW,0,0,0,0,0,0,0,0,1000,1000,1000,1000,0,0,0,0,0
2025-12-15 00:48:58.380,SERVO_OUTPUT_RAW,893609806,SERVO_OUTPUT_RAW,0,0,0,0,0,0,0,0,1000,1000,1000,1000,0,0,0,0,0
2025-12-15 00:48:58.480,SERVO_OUTPUT_RAW,893709807,SERVO_OUTPUT_RAW,0,0,0,0,0,0,0,0,1000,1000,1000,1000,0,0,0,0,0
2025-12-15 00:48:58.580,SERVO_OUTPUT_RAW,893809819,SERVO_OUTPUT_RAW,0,0,0,0,0,0,0,0,1000,1000,1000,1000,0,0,0,0,0
2025-12-15 00:48:58.680,SERVO_OUTPUT_RAW,893909791,SERVO_OUTPUT_RAW,0,0,0,0,0,0,0,0,1000,1000,1000,1000,0,0,0,0,0
2025-12-15 00:48:58.780,SERVO_OUTPUT_RAW,894009786,SERVO_OUTPUT_RAW,0,0,0,0,0,0,0,0,1000,1000,1000,1000,0,0,0,0,0
2025-12-15 00:48:58.880,SERVO_OUTPUT_RAW,894109795,SERVO_OUTPUT_RAW,0,0,0,0,0,0,0,0,1000,1000,1000,1000,0,0,0,0,0
2025-12-15 00:48:58.980,SERVO_OUTPUT_RAW,894209789,SERVO_OUTPUT_RAW,0,0,0,0,0,0,0,0,1000,1000,1000,1000,0,0,0,0,0
2025-12-15 00:48:59.080,SERVO_OUTPUT_RAW,894309793,SERVO_OUTPUT_RAW,0,0,0,0,0,0,0,0,1000,1000,1000,1000,0,0,0,0,0
2025-12-15 00:48:59.180,SERVO_OUTPUT_RAW,894409828,SERVO_OUTPUT_RAW,0,0,0,0,0,0,0,0,1000,1000,1000,1000,0,0,0,0,0
2025-12-15 00:48:59.280,SERVO_OUTPUT_RAW,894509853,SERVO_OUTPUT_RAW,0,0,0,0,0,0,0,0,1000,1000,1000,1000,0,0,0,0,0
2025-12-15 00:48:59.380,SERVO_OUTPUT_RAW,894609808,SERVO_OUTPUT_RAW,0,0,0,0,0,0,0,0,1000,1000,1000,1000,0,0,0,0,0
2025-12-15 00:48:59.480,SERVO_OUTPUT_RAW,894709801,SERVO_OUTPUT_RAW,0,0,0,0,0,0,0,0,1000,1000,1000,1000,0,0,0,0,0
2025-12-15 00:48:59.580,SERVO_OUTPUT_RAW,894809830,SERVO_OUTPUT_RAW,0,0,0,0,0,0,0,0,1000,1000,1000,1000,0,0,0,0,0
2025-12-15 00:48:59.680,SERVO_OUTPUT_RAW,894909842,SERVO_OUTPUT_RAW,0,0,0,0,0,0,0,0,1000,1000,1000,1000,0,0,0,0,0
2025-12-15 00:48:59.780,SERVO_OUTPUT_RAW,895009813,SERVO_OUTPUT_RAW,0,0,0,0,0,0,0,0,1000,1000,1000,1000,0,0,0,0,0
2025-12-15 00:48:59.880,SERVO_OUTPUT_RAW,895109798,SERVO_OUTPUT_RAW,0,0,0,0,0,0,0,0,1000,1000,1000,1000,0,0,0,0,0
2025-12-15 00:48:59.980,SERVO_OUTPUT_RAW,895209814,SERVO_OUTPUT_RAW,0,0,0,0,0,0,0,0,1000,1000,1000,1000,0,0,0,0,0
2025-12-15 00:49:00.080,SERVO_OUTPUT_RAW,895309803,SERVO_OUTPUT_RAW,0,0,0,0,0,0,0,0,1000,1000,1000,1000,0,0,0,0,0
2025-12-15 00:49:00.180,SERVO_OUTPUT_RAW,895409794,SERVO_OUTPUT_RAW,0,0,0,0,0,0,0,0,1000,1000,1000,1000,0,0,0,0,0
2025-12-15 00:49:00.280,SERVO_OUTPUT_RAW,895509891,SERVO_OUTPUT_RAW,0,0,0,0,0,0,0,0,1000,1000,1000,1000,0,0,0,0,0
2025-12-15 00:49:00.380,SERVO_OUTPUT_RAW,895609787,SERVO_OUTPUT_RAW,0,0,0,0,0,0,0,0,1000,1000,1000,1000,0,0,0,0,0
2025-12-15 00:49:00.480,SERVO_OUTPUT_RAW,895709796,SERVO_OUTPUT_RAW,0,0,0,0,0,0,0,0,1000,1000,1000,1000,0,0,0,0,0
2025-12-15 00:49:00.580,SERVO_OUTPUT_RAW,895809789,SERVO_OUTPUT_RAW,0,0,0,0,0,0,0,0,1000,1000,1000,1000,0,0,0,0,0
2025-12-15 00:49:00.680,SERVO_OUTPUT_RAW,895909808,SERVO_OUTPUT_RAW,0,0,0,0,0,0,0,0,1000,1000,1000,1000,0,0,0,0,0
2025-12-15 00:49:00.780,SERVO_OUTPUT_RAW,896009837,SERVO_OUTPUT_RAW,0,0,0,0,0,0,0,0,1000,1000,1000,1000,0,0,0,0,0
2025-12-15 00:49:00.880,SERVO_OUTPUT_RAW,896109822,SERVO_OUTPUT_RAW,0,0,0,0,0,0,0,0,1000,1000,1000,1000,0,0,0,0,0
2025-12-15 00:49:00.980,SERVO_OUTPUT_RAW,896209811,SERVO_OUTPUT_RAW,0,0,0,0,0,0,0,0,1000,1000,1000,1000,0,0,0,0,0
2025-12-15 00:49:01.080,SERVO_OUTPUT_RAW,896309803,SERVO_OUTPUT_RAW,0,0,0,0,0,0,0,0,1000,1000,1000,1000,0,0,0,0,0
2025-12-15 00:49:01.180,SERVO_OUTPUT_RAW,896409853,SERVO_OUTPUT_RAW,0,0,0,0,0,0,0,0,1000,1000,1000,1000,0,0,0,0,0
2025-12-15 00:49:01.280,SERVO_OUTPUT_RAW,896509865,SERVO_OUTPUT_RAW,0,0,0,0,0,0,0,0,1000,1000,1000,1000,0,0,0,0,0
2025-12-15 00:49:01.380,SERVO_OUTPUT_RAW,896609797,SERVO_OUTPUT_RAW,0,0,0,0,0,0,0,0,1000,1000,1000,1000,0,0,0,0,0
2025-12-15 00:49:01.480,SERVO_OUTPUT_RAW,896709820,SERVO_OUTPUT_RAW,0,0,0,0,0,0,0,0,1000,1000,1000,1000,0,0,0,0,0
2025-12-15 00:49:01.580,SERVO_OUTPUT_RAW,896809814,SERVO_OUTPUT_RAW,0,0,0,0,0,0,0,0,1000,1000,1000,1000,0,0,0,0,0
2025-12-15 00:49:01.680,SERVO_OUTPUT_RAW,896909779,SERVO_OUTPUT_RAW,0,0,0,0,0,0,0,0,1000,1000,1000,1000,0,0,0,0,0
2025-12-15 00:49:01.780,SERVO_OUTPUT_RAW,897009796,SERVO_OUTPUT_RAW,0,0,0,0,0,0,0,0,1000,1000,1000,1000,0,0,0,0,0
2025-12-15 00:49:01.880,SERVO_OUTPUT_RAW,897109791,SERVO_OUTPUT_RAW,0,0,0,0,0,0,0,0,1000,1000,1000,1000,0,0,0,0,0
2025-12-15 00:49:01.980,SERVO_OUTPUT_RAW,897209782,SERVO_OUTPUT_RAW,0,0,0,0,0,0,0,0,1000,1000,1000,1000,0,0,0,0,0
2025-12-15 00:49:02.080,SERVO_OUTPUT_RAW,897309778,SERVO_OUTPUT_RAW,0,0,0,0,0,0,0,0,1000,1000,1000,1000,0,0,0,0,0
2025-12-15 00:49:02.180,SERVO_OUTPUT_RAW,897409807,SERVO_OUTPUT_RAW,0,0,0,0,0,0,0,0,1000,1000,1000,1000,0,0,0,0,0
2025-12-15 00:49:02.281,SERVO_OUTPUT_RAW,897509852,SERVO_OUTPUT_RAW,0,0,0,0,0,0,0,0,1000,1000,1000,1000,0,0,0,0,0
2025-12-15 00:49:02.385,SERVO_OUTPUT_RAW,897612184,SERVO_OUTPUT_RAW,0,0,0,0,0,0,0,0,1000,1000,1000,1000,0,0,0,0,0
2025-12-15 00:49:02.481,SERVO_OUTPUT_RAW,897709807,SERVO_OUTPUT_RAW,0,0,0,0,0,0,0,0,1000,1000,1000,1000,0,0,0,0,0
2025-12-15 00:49:02.580,SERVO_OUTPUT_RAW,897809799,SERVO_OUTPUT_RAW,0,0,0,0,0,0,0,0,1000,1000,1000,1000,0,0,0,0,0
2025-12-15 00:49:02.680,SERVO_OUTPUT_RAW,897909814,SERVO_OUTPUT_RAW,0,0,0,0,0,0,0,0,1000,1000,1000,1000,0,0,0,0,0
2025-12-15 00:49:02.781,SERVO_OUTPUT_RAW,898009861,SERVO_OUTPUT_RAW,0,0,0,0,0,0,0,0,1000,1000,1000,1000,0,0,0,0,0
2025-12-15 00:49:02.880,SERVO_OUTPUT_RAW,898109841,SERVO_OUTPUT_RAW,0,0,0,0,0,0,0,0,1000,1000,1000,1000,0,0,0,0,0
2025-12-15 00:49:02.981,SERVO_OUTPUT_RAW,898209779,SERVO_OUTPUT_RAW,0,0,0,0,0,0,0,0,1000,1000,1000,1000,0,0,0,0,0
2025-12-15 00:49:03.080,SERVO_OUTPUT_RAW,898309805,SERVO_OUTPUT_RAW,0,0,0,0,0,0,0,0,1000,1000,1000,1000,0,0,0,0,0
2025-12-15 00:49:03.180,SERVO_OUTPUT_RAW,898409820,SERVO_OUTPUT_RAW,0,0,0,0,0,0,0,0,1000,1000,1000,1000,0,0,0,0,0
2025-12-15 00:49:03.281,SERVO_OUTPUT_RAW,898509781,SERVO_OUTPUT_RAW,0,0,0,0,0,0,0,0,1000,1000,1000,1000,0,0,0,0,0
2025-12-15 00:49:03.380,SERVO_OUTPUT_RAW,898609788,SERVO_OUTPUT_RAW,0,0,0,0,0,0,0,0,1000,1000,1000,1000,0,0,0,0,0
2025-12-15 00:49:03.480,SERVO_OUTPUT_RAW,898709787,SERVO_OUTPUT_RAW,0,0,0,0,0,0,0,0,1000,1000,1000,1000,0,0,0,0,0
2025-12-15 00:49:03.581,SERVO_OUTPUT_RAW,898809792,SERVO_OUTPUT_RAW,0,0,0,0,0,0,0,0,1000,1000,1000,1000,0,0,0,0,0
2025-12-15 00:49:03.681,SERVO_OUTPUT_RAW,898909793,SERVO_OUTPUT_RAW,0,0,0,0,0,0,0,0,1000,1000,1000,1000,0,0,0,0,0
2025-12-15 00:49:03.780,SERVO_OUTPUT_RAW,899009758,SERVO_OUTPUT_RAW,0,0,0,0,0,0,0,0,1000,1000,1000,1000,0,0,0,0,0
2025-12-15 00:49:03.880,SERVO_OUTPUT_RAW,899109831,SERVO_OUTPUT_RAW,0,0,0,0,0,0,0,0,1000,1000,1000,1000,0,0,0,0,0
2025-12-15 00:49:03.981,SERVO_OUTPUT_RAW,899209844,SERVO_OUTPUT_RAW,0,0,0,0,0,0,0,0,1000,1000,1000,1000,0,0,0,0,0
2025-12-15 00:49:04.081,SERVO_OUTPUT_RAW,899309888,SERVO_OUTPUT_RAW,0,0,0,0,0,0,0,0,1000,1000,1000,1000,0,0,0,0,0
2025-12-15 00:49:04.181,SERVO_OUTPUT_RAW,899409817,SERVO_OUTPUT_RAW,0,0,0,0,0,0,0,0,1000,1000,1000,1000,0,0,0,0,0
2025-12-15 00:49:04.281,SERVO_OUTPUT_RAW,899509840,SERVO_OUTPUT_RAW,0,0,0,0,0,0,0,0,1000,1000,1000,1000,0,0,0,0,0
2025-12-15 00:49:04.381,SERVO_OUTPUT_RAW,899609868,SERVO_OUTPUT_RAW,0,0,0,0,0,0,0,0,1000,1000,1000,1000,0,0,0,0,0
2025-12-15 00:49:04.481,SERVO_OUTPUT_RAW,899709905,SERVO_OUTPUT_RAW,0,0,0,0,0,0,0,0,1000,1000,1000,1000,0,0,0,0,0
2025-12-15 00:49:04.581,SERVO_OUTPUT_RAW,899809797,SERVO_OUTPUT_RAW,0,0,0,0,0,0,0,0,1000,1000,1000,1000,0,0,0,0,0
2025-12-15 00:49:04.681,SERVO_OUTPUT_RAW,899909826,SERVO_OUTPUT_RAW,0,0,0,0,0,0,0,0,1000,1000,1000,1000,0,0,0,0,0
2025-12-15 00:49:04.781,SERVO_OUTPUT_RAW,900009809,SERVO_OUTPUT_RAW,0,0,0,0,0,0,0,0,1000,1000,1000,1000,0,0,0,0,0
2025-12-15 00:49:04.881,SERVO_OUTPUT_RAW,900109789,SERVO_OUTPUT_RAW,0,0,0,0,0,0,0,0,1000,1000,1000,1000,0,0,0,0,0
2025-12-15 00:49:04.981,SERVO_OUTPUT_RAW,900209805,SERVO_OUTPUT_RAW,0,0,0,0,0,0,0,0,1000,1000,1000,1000,0,0,0,0,0
2025-12-15 00:49:05.081,SERVO_OUTPUT_RAW,900309793,SERVO_OUTPUT_RAW,0,0,0,0,0,0,0,0,1000,1000,1000,1000,0,0,0,0,0
2025-12-15 00:49:05.181,SERVO_OUTPUT_RAW,900409787,SERVO_OUTPUT_RAW,0,0,0,0,0,0,0,0,1000,1000,1000,1000,0,0,0,0,0
2025-12-15 00:49:05.281,SERVO_OUTPUT_RAW,900509801,SERVO_OUTPUT_RAW,0,0,0,0,0,0,0,0,1000,1000,1000,1000,0,0,0,0,0
2025-12-15 00:49:05.381,SERVO_OUTPUT_RAW,900609809,SERVO_OUTPUT_RAW,0,0,0,0,0,0,0,0,1000,1000,1000,1000,0,0,0,0,0
2025-12-15 00:49:05.481,SERVO_OUTPUT_RAW,900709823,SERVO_OUTPUT_RAW,0,0,0,0,0,0,0,0,1000,1000,1000,1000,0,0,0,0,0
2025-12-15 00:49:05.581,SERVO_OUTPUT_RAW,900809853,SERVO_OUTPUT_RAW,0,0,0,0,0,0,0,0,1000,1000,1000,1000,0,0,0,0,0
2025-12-15 00:49:05.681,SERVO_OUTPUT_RAW,900909826,SERVO_OUTPUT_RAW,0,0,0,0,0,0,0,0,1000,1000,1000,1000,0,0,0,0,0
2025-12-15 00:49:05.781,SERVO_OUTPUT_RAW,901009821,SERVO_OUTPUT_RAW,0,0,0,0,0,0,0,0,1000,1000,1000,1000,0,0,0,0,0
2025-12-15 00:49:05.881,SERVO_OUTPUT_RAW,901109849,SERVO_OUTPUT_RAW,0,0,0,0,0,0,0,0,1000,1000,1000,1000,0,0,0,0,0
2025-12-15 00:49:05.982,SERVO_OUTPUT_RAW,901209774,SERVO_OUTPUT_RAW,0,0,0,0,0,0,0,0,1000,1000,1000,1000,0,0,0,0,0
2025-12-15 00:49:06.081,SERVO_OUTPUT_RAW,901309783,SERVO_OUTPUT_RAW,0,0,0,0,0,0,0,0,1000,1000,1000,1000,0,0,0,0,0
2025-12-15 00:49:06.181,SERVO_OUTPUT_RAW,901409800,SERVO_OUTPUT_RAW,0,0,0,0,0,0,0,0,1000,1000,1000,1000,0,0,0,0,0
2025-12-15 00:49:06.281,SERVO_OUTPUT_RAW,901509824,SERVO_OUTPUT_RAW,0,0,0,0,0,0,0,0,1000,1000,1000,1000,0,0,0,0,0
2025-12-15 00:49:06.381,SERVO_OUTPUT_RAW,901609789,SERVO_OUTPUT_RAW,0,0,0,0,0,0,0,0,1000,1000,1000,1000,0,0,0,0,0
2025-12-15 00:49:06.481,SERVO_OUTPUT_RAW,901709780,SERVO_OUTPUT_RAW,0,0,0,0,0,0,0,0,1000,1000,1000,1000,0,0,0,0,0
2025-12-15 00:49:06.581,SERVO_OUTPUT_RAW,901809845,SERVO_OUTPUT_RAW,0,0,0,0,0,0,0,0,1000,1000,1000,1000,0,0,0,0,0
2025-12-15 00:49:06.681,SERVO_OUTPUT_RAW,901909805,SERVO_OUTPUT_RAW,0,0,0,0,0,0,0,0,1000,1000,1000,1000,0,0,0,0,0
2025-12-15 00:49:06.781,SERVO_OUTPUT_RAW,902009794,SERVO_OUTPUT_RAW,0,0,0,0,0,0,0,0,1000,1000,1000,1000,0,0,0,0,0
2025-12-15 00:49:06.880,SERVO_OUTPUT_RAW,902109786,SERVO_OUTPUT_RAW,0,0,0,0,0,0,0,0,1000,1000,1000,1000,0,0,0,0,0
2025-12-15 00:49:06.980,SERVO_OUTPUT_RAW,902209828,SERVO_OUTPUT_RAW,0,0,0,0,0,0,0,0,1000,1000,1000,1000,0,0,0,0,0
2025-12-15 00:49:07.080,SERVO_OUTPUT_RAW,902309837,SERVO_OUTPUT_RAW,0,0,0,0,0,0,0,0,1000,1000,1000,1000,0,0,0,0,0
2025-12-15 00:49:07.180,SERVO_OUTPUT_RAW,902409860,SERVO_OUTPUT_RAW,0,0,0,0,0,0,0,0,1000,1000,1000,1000,0,0,0,0,0
2025-12-15 00:49:07.280,SERVO_OUTPUT_RAW,902509849,SERVO_OUTPUT_RAW,0,0,0,0,0,0,0,0,1000,1000,1000,1000,0,0,0,0,0
2025-12-15 00:49:07.380,SERVO_OUTPUT_RAW,902609818,SERVO_OUTPUT_RAW,0,0,0,0,0,0,0,0,1000,1000,1000,1000,0,0,0,0,0
2025-12-15 00:49:07.484,SERVO_OUTPUT_RAW,902709840,SERVO_OUTPUT_RAW,0,0,0,0,0,0,0,0,1000,1000,1000,1000,0,0,0,0,0
2025-12-15 00:49:07.582,SERVO_OUTPUT_RAW,902809780,SERVO_OUTPUT_RAW,0,0,0,0,0,0,0,0,1000,1000,1000,1000,0,0,0,0,0
2025-12-15 00:49:07.680,SERVO_OUTPUT_RAW,902909812,SERVO_OUTPUT_RAW,0,0,0,0,0,0,0,0,1000,1000,1000,1000,0,0,0,0,0
2025-12-15 00:49:07.782,SERVO_OUTPUT_RAW,903009834,SERVO_OUTPUT_RAW,0,0,0,0,0,0,0,0,1000,1000,1000,1000,0,0,0,0,0
2025-12-15 00:49:07.881,SERVO_OUTPUT_RAW,903109813,SERVO_OUTPUT_RAW,0,0,0,0,0,0,0,0,1000,1000,1000,1000,0,0,0,0,0
2025-12-15 00:49:07.981,SERVO_OUTPUT_RAW,903209789,SERVO_OUTPUT_RAW,0,0,0,0,0,0,0,0,1000,1000,1000,1000,0,0,0,0,0
2025-12-15 00:49:08.080,SERVO_OUTPUT_RAW,903309791,SERVO_OUTPUT_RAW,0,0,0,0,0,0,0,0,1000,1000,1000,1000,0,0,0,0,0
2025-12-15 00:49:08.180,SERVO_OUTPUT_RAW,903409787,SERVO_OUTPUT_RAW,0,0,0,0,0,0,0,0,1000,1000,1000,1000,0,0,0,0,0
2025-12-15 00:49:08.280,SERVO_OUTPUT_RAW,903509796,SERVO_OUTPUT_RAW,0,0,0,0,0,0,0,0,1000,1000,1000,1000,0,0,0,0,0
2025-12-15 00:49:08.380,SERVO_OUTPUT_RAW,903609788,SERVO_OUTPUT_RAW,0,0,0,0,0,0,0,0,1000,1000,1000,1000,0,0,0,0,0
2025-12-15 00:49:08.480,SERVO_OUTPUT_RAW,903709791,SERVO_OUTPUT_RAW,0,0,0,0,0,0,0,0,1000,1000,1000,1000,0,0,0,0,0
2025-12-15 00:49:08.578,SERVO_OUTPUT_RAW,903809838,SERVO_OUTPUT_RAW,0,0,0,0,0,0,0,0,1000,1000,1000,1000,0,0,0,0,0
2025-12-15 00:49:08.679,SERVO_OUTPUT_RAW,903912160,SERVO_OUTPUT_RAW,0,0,0,0,0,0,0,0,1000,1000,1000,1000,0,0,0,0,0
2025-12-15 00:49:08.778,SERVO_OUTPUT_RAW,904009822,SERVO_OUTPUT_RAW,0,0,0,0,0,0,0,0,1000,1000,1000,1000,0,0,0,0,0
2025-12-15 00:49:08.878,SERVO_OUTPUT_RAW,904109807,SERVO_OUTPUT_RAW,0,0,0,0,0,0,0,0,1000,1000,1000,1000,0,0,0,0,0
2025-12-15 00:49:08.978,SERVO_OUTPUT_RAW,904209828,SERVO_OUTPUT_RAW,0,0,0,0,0,0,0,0,1000,1000,1000,1000,0,0,0,0,0
2025-12-15 00:49:09.078,SERVO_OUTPUT_RAW,904309854,SERVO_OUTPUT_RAW,0,0,0,0,0,0,0,0,1000,1000,1000,1000,0,0,0,0,0
2025-12-15 00:49:09.178,SERVO_OUTPUT_RAW,904409795,SERVO_OUTPUT_RAW,0,0,0,0,0,0,0,0,1000,1000,1000,1000,0,0,0,0,0
2025-12-15 00:49:09.278,SERVO_OUTPUT_RAW,904509804,SERVO_OUTPUT_RAW,0,0,0,0,0,0,0,0,1000,1000,1000,1000,0,0,0,0,0
2025-12-15 00:49:09.378,SERVO_OUTPUT_RAW,904609823,SERVO_OUTPUT_RAW,0,0,0,0,0,0,0,0,1000,1000,1000,1000,0,0,0,0,0
2025-12-15 00:49:09.478,SERVO_OUTPUT_RAW,904709828,SERVO_OUTPUT_RAW,0,0,0,0,0,0,0,0,1000,1000,1000,1000,0,0,0,0,0
2025-12-15 00:49:09.578,SERVO_OUTPUT_RAW,904809786,SERVO_OUTPUT_RAW,0,0,0,0,0,0,0,0,1000,1000,1000,1000,0,0,0,0,0
2025-12-15 00:49:09.678,SERVO_OUTPUT_RAW,904909789,SERVO_OUTPUT_RAW,0,0,0,0,0,0,0,0,1000,1000,1000,1000,0,0,0,0,0
2025-12-15 00:49:09.778,SERVO_OUTPUT_RAW,905009785,SERVO_OUTPUT_RAW,0,0,0,0,0,0,0,0,1000,1000,1000,1000,0,0,0,0,0
2025-12-15 00:49:09.933,SERVO_OUTPUT_RAW,905109782,SERVO_OUTPUT_RAW,0,0,0,0,0,0,0,0,1000,1000,1000,1000,0,0,0,0,0
2025-12-15 00:49:09.978,SERVO_OUTPUT_RAW,905209791,SERVO_OUTPUT_RAW,0,0,0,0,0,0,0,0,1000,1000,1000,1000,0,0,0,0,0
2025-12-15 00:49:10.078,SERVO_OUTPUT_RAW,905309825,SERVO_OUTPUT_RAW,0,0,0,0,0,0,0,0,1000,1000,1000,1000,0,0,0,0,0
2025-12-15 00:49:10.180,SERVO_OUTPUT_RAW,905412137,SERVO_OUTPUT_RAW,0,0,0,0,0,0,0,0,1000,1000,1000,1000,0,0,0,0,0
2025-12-15 00:49:10.278,SERVO_OUTPUT_RAW,905509809,SERVO_OUTPUT_RAW,0,0,0,0,0,0,0,0,1000,1000,1000,1000,0,0,0,0,0
2025-12-15 00:49:10.378,SERVO_OUTPUT_RAW,905609834,SERVO_OUTPUT_RAW,0,0,0,0,0,0,0,0,1000,1000,1000,1000,0,0,0,0,0
2025-12-15 00:49:10.478,SERVO_OUTPUT_RAW,905709813,SERVO_OUTPUT_RAW,0,0,0,0,0,0,0,0,1000,1000,1000,1000,0,0,0,0,0
2025-12-15 00:49:10.578,SERVO_OUTPUT_RAW,905809846,SERVO_OUTPUT_RAW,0,0,0,0,0,0,0,0,1000,1000,1000,1000,0,0,0,0,0
2025-12-15 00:49:10.678,SERVO_OUTPUT_RAW,905909849,SERVO_OUTPUT_RAW,0,0,0,0,0,0,0,0,1000,1000,1000,1000,0,0,0,0,0
2025-12-15 00:49:10.778,SERVO_OUTPUT_RAW,906009896,SERVO_OUTPUT_RAW,0,0,0,0,0,0,0,0,1000,1000,1000,1000,0,0,0,0,0
2025-12-15 00:49:10.878,SERVO_OUTPUT_RAW,906109797,SERVO_OUTPUT_RAW,0,0,0,0,0,0,0,0,1000,1000,1000,1000,0,0,0,0,0
2025-12-15 00:49:10.978,SERVO_OUTPUT_RAW,906209819,SERVO_OUTPUT_RAW,0,0,0,0,0,0,0,0,1000,1000,1000,1000,0,0,0,0,0
2025-12-15 00:49:11.078,SERVO_OUTPUT_RAW,906309776,SERVO_OUTPUT_RAW,0,0,0,0,0,0,0,0,1000,1000,1000,1000,0,0,0,0,0
2025-12-15 00:49:11.178,SERVO_OUTPUT_RAW,906409803,SERVO_OUTPUT_RAW,0,0,0,0,0,0,0,0,1000,1000,1000,1000,0,0,0,0,0
2025-12-15 00:49:11.278,SERVO_OUTPUT_RAW,906509817,SERVO_OUTPUT_RAW,0,0,0,0,0,0,0,0,1000,1000,1000,1000,0,0,0,0,0
2025-12-15 00:49:11.378,SERVO_OUTPUT_RAW,906609791,SERVO_OUTPUT_RAW,0,0,0,0,0,0,0,0,1000,1000,1000,1000,0,0,0,0,0
2025-12-15 00:49:11.478,SERVO_OUTPUT_RAW,906709797,SERVO_OUTPUT_RAW,0,0,0,0,0,0,0,0,1000,1000,1000,1000,0,0,0,0,0
2025-12-15 00:49:11.578,SERVO_OUTPUT_RAW,906809815,SERVO_OUTPUT_RAW,0,0,0,0,0,0,0,0,1000,1000,1000,1000,0,0,0,0,0
2025-12-15 00:49:11.678,SERVO_OUTPUT_RAW,906909846,SERVO_OUTPUT_RAW,0,0,0,0,0,0,0,0,1000,1000,1000,1000,0,0,0,0,0
2025-12-15 00:49:11.778,SERVO_OUTPUT_RAW,907009805,SERVO_OUTPUT_RAW,0,0,0,0,0,0,0,0,1000,1000,1000,1000,0,0,0,0,0
2025-12-15 00:49:11.878,SERVO_OUTPUT_RAW,907109800,SERVO_OUTPUT_RAW,0,0,0,0,0,0,0,0,1000,1000,1000,1000,0,0,0,0,0
2025-12-15 00:49:11.978,SERVO_OUTPUT_RAW,907209813,SERVO_OUTPUT_RAW,0,0,0,0,0,0,0,0,1000,1000,1000,1000,0,0,0,0,0
2025-12-15 00:49:12.078,SERVO_OUTPUT_RAW,907309853,SERVO_OUTPUT_RAW,0,0,0,0,0,0,0,0,1000,1000,1000,1000,0,0,0,0,0
2025-12-15 00:49:12.178,SERVO_OUTPUT_RAW,907409864,SERVO_OUTPUT_RAW,0,0,0,0,0,0,0,0,1000,1000,1000,1000,0,0,0,0,0
2025-12-15 00:49:12.279,SERVO_OUTPUT_RAW,907509784,SERVO_OUTPUT_RAW,0,0,0,0,0,0,0,0,1000,1000,1000,1000,0,0,0,0,0
2025-12-15 00:49:12.380,SERVO_OUTPUT_RAW,907609788,SERVO_OUTPUT_RAW,0,0,0,0,0,0,0,0,1000,1000,1000,1000,0,0,0,0,0
2025-12-15 00:49:12.479,SERVO_OUTPUT_RAW,907709825,SERVO_OUTPUT_RAW,0,0,0,0,0,0,0,0,1000,1000,1000,1000,0,0,0,0,0
2025-12-15 00:49:12.579,SERVO_OUTPUT_RAW,907809812,SERVO_OUTPUT_RAW,0,0,0,0,0,0,0,0,1000,1000,1000,1000,0,0,0,0,0
2025-12-15 00:49:12.679,SERVO_OUTPUT_RAW,907909793,SERVO_OUTPUT_RAW,0,0,0,0,0,0,0,0,1000,1000,1000,1000,0,0,0,0,0
2025-12-15 00:49:12.779,SERVO_OUTPUT_RAW,908009801,SERVO_OUTPUT_RAW,0,0,0,0,0,0,0,0,1000,1000,1000,1000,0,0,0,0,0
2025-12-15 00:49:12.879,SERVO_OUTPUT_RAW,908109856,SERVO_OUTPUT_RAW,0,0,0,0,0,0,0,0,1000,1000,1000,1000,0,0,0,0,0
2025-12-15 00:49:12.979,SERVO_OUTPUT_RAW,908209779,SERVO_OUTPUT_RAW,0,0,0,0,0,0,0,0,1000,1000,1000,1000,0,0,0,0,0
2025-12-15 00:49:13.079,SERVO_OUTPUT_RAW,908309843,SERVO_OUTPUT_RAW,0,0,0,0,0,0,0,0,1000,1000,1000,1000,0,0,0,0,0
2025-12-15 00:49:13.179,SERVO_OUTPUT_RAW,908412131,SERVO_OUTPUT_RAW,0,0,0,0,0,0,0,0,1000,1000,1000,1000,0,0,0,0,0
2025-12-15 00:49:13.279,SERVO_OUTPUT_RAW,908509822,SERVO_OUTPUT_RAW,0,0,0,0,0,0,0,0,1000,1000,1000,1000,0,0,0,0,0
2025-12-15 00:49:13.379,SERVO_OUTPUT_RAW,908609853,SERVO_OUTPUT_RAW,0,0,0,0,0,0,0,0,1000,1000,1000,1000,0,0,0,0,0
2025-12-15 00:49:13.479,SERVO_OUTPUT_RAW,908709804,SERVO_OUTPUT_RAW,0,0,0,0,0,0,0,0,1000,1000,1000,1000,0,0,0,0,0
2025-12-15 00:49:13.581,SERVO_OUTPUT_RAW,908809814,SERVO_OUTPUT_RAW,0,0,0,0,0,0,0,0,1000,1000,1000,1000,0,0,0,0,0
2025-12-15 00:49:13.681,SERVO_OUTPUT_RAW,908909851,SERVO_OUTPUT_RAW,0,0,0,0,0,0,0,0,1000,1000,1000,1000,0,0,0,0,0
2025-12-15 00:49:13.781,SERVO_OUTPUT_RAW,909009843,SERVO_OUTPUT_RAW,0,0,0,0,0,0,0,0,1000,1000,1000,1000,0,0,0,0,0
2025-12-15 00:49:13.881,SERVO_OUTPUT_RAW,909109796,SERVO_OUTPUT_RAW,0,0,0,0,0,0,0,0,1000,1000,1000,1000,0,0,0,0,0
2025-12-15 00:49:13.981,SERVO_OUTPUT_RAW,909209816,SERVO_OUTPUT_RAW,0,0,0,0,0,0,0,0,1000,1000,1000,1000,0,0,0,0,0
2025-12-15 00:49:14.081,SERVO_OUTPUT_RAW,909309812,SERVO_OUTPUT_RAW,0,0,0,0,0,0,0,0,1000,1000,1000,1000,0,0,0,0,0
2025-12-15 00:49:14.181,SERVO_OUTPUT_RAW,909409787,SERVO_OUTPUT_RAW,0,0,0,0,0,0,0,0,1000,1000,1000,1000,0,0,0,0,0
2025-12-15 00:49:14.281,SERVO_OUTPUT_RAW,909509778,SERVO_OUTPUT_RAW,0,0,0,0,0,0,0,0,1000,1000,1000,1000,0,0,0,0,0
2025-12-15 00:49:14.381,SERVO_OUTPUT_RAW,909609779,SERVO_OUTPUT_RAW,0,0,0,0,0,0,0,0,1000,1000,1000,1000,0,0,0,0,0
2025-12-15 00:49:14.481,SERVO_OUTPUT_RAW,909709803,SERVO_OUTPUT_RAW,0,0,0,0,0,0,0,0,1000,1000,1000,1000,0,0,0,0,0
2025-12-15 00:49:14.581,SERVO_OUTPUT_RAW,909809794,SERVO_OUTPUT_RAW,0,0,0,0,0,0,0,0,1000,1000,1000,1000,0,0,0,0,0
2025-12-15 00:49:14.681,SERVO_OUTPUT_RAW,909909788,SERVO_OUTPUT_RAW,0,0,0,0,0,0,0,0,1000,1000,1000,1000,0,0,0,0,0
2025-12-15 00:49:14.781,SERVO_OUTPUT_RAW,910009836,SERVO_OUTPUT_RAW,0,0,0,0,0,0,0,0,1000,1000,1000,1000,0,0,0,0,0
2025-12-15 00:49:14.881,SERVO_OUTPUT_RAW,910109855,SERVO_OUTPUT_RAW,0,0,0,0,0,0,0,0,1000,1000,1000,1000,0,0,0,0,0
2025-12-15 00:49:14.981,SERVO_OUTPUT_RAW,910212148,SERVO_OUTPUT_RAW,0,0,0,0,0,0,0,0,1000,1000,1000,1000,0,0,0,0,0
2025-12-15 00:49:15.081,SERVO_OUTPUT_RAW,910309795,SERVO_OUTPUT_RAW,0,0,0,0,0,0,0,0,1000,1000,1000,1000,0,0,0,0,0
2025-12-15 00:49:15.181,SERVO_OUTPUT_RAW,910409819,SERVO_OUTPUT_RAW,0,0,0,0,0,0,0,0,1000,1000,1000,1000,0,0,0,0,0
2025-12-15 00:49:15.281,SERVO_OUTPUT_RAW,910509842,SERVO_OUTPUT_RAW,0,0,0,0,0,0,0,0,1000,1000,1000,1000,0,0,0,0,0
2025-12-15 00:49:15.381,SERVO_OUTPUT_RAW,910609840,SERVO_OUTPUT_RAW,0,0,0,0,0,0,0,0,1000,1000,1000,1000,0,0,0,0,0
2025-12-15 00:49:15.481,SERVO_OUTPUT_RAW,910709778,SERVO_OUTPUT_RAW,0,0,0,0,0,0,0,0,1000,1000,1000,1000,0,0,0,0,0
2025-12-15 00:49:15.581,SERVO_OUTPUT_RAW,910809826,SERVO_OUTPUT_RAW,0,0,0,0,0,0,0,0,1000,1000,1000,1000,0,0,0,0,0
2025-12-15 00:49:15.681,SERVO_OUTPUT_RAW,910909803,SERVO_OUTPUT_RAW,0,0,0,0,0,0,0,0,1000,1000,1000,1000,0,0,0,0,0
2025-12-15 00:49:15.781,SERVO_OUTPUT_RAW,911009792,SERVO_OUTPUT_RAW,0,0,0,0,0,0,0,0,1000,1000,1000,1000,0,0,0,0,0
2025-12-15 00:49:15.881,SERVO_OUTPUT_RAW,911109782,SERVO_OUTPUT_RAW,0,0,0,0,0,0,0,0,1000,1000,1000,1000,0,0,0,0,0
2025-12-15 00:49:15.981,SERVO_OUTPUT_RAW,911209787,SERVO_OUTPUT_RAW,0,0,0,0,0,0,0,0,1000,1000,1000,1000,0,0,0,0,0
2025-12-15 00:49:16.081,SERVO_OUTPUT_RAW,911309794,SERVO_OUTPUT_RAW,0,0,0,0,0,0,0,0,1000,1000,1000,1000,0,0,0,0,0
2025-12-15 00:49:16.180,SERVO_OUTPUT_RAW,911412124,SERVO_OUTPUT_RAW,0,0,0,0,0,0,0,0,1000,1000,1000,1000,0,0,0,0,0
2025-12-15 00:49:16.281,SERVO_OUTPUT_RAW,911509806,SERVO_OUTPUT_RAW,0,0,0,0,0,0,0,0,1000,1000,1000,1000,0,0,0,0,0
2025-12-15 00:49:16.382,SERVO_OUTPUT_RAW,911609854,SERVO_OUTPUT_RAW,0,0,0,0,0,0,0,0,1000,1000,1000,1000,0,0,0,0,0
2025-12-15 00:49:16.481,SERVO_OUTPUT_RAW,911709845,SERVO_OUTPUT_RAW,0,0,0,0,0,0,0,0,1000,1000,1000,1000,0,0,0,0,0
2025-12-15 00:49:16.581,SERVO_OUTPUT_RAW,911809810,SERVO_OUTPUT_RAW,0,0,0,0,0,0,0,0,1000,1000,1000,1000,0,0,0,0,0
2025-12-15 00:49:16.681,SERVO_OUTPUT_RAW,911909821,SERVO_OUTPUT_RAW,0,0,0,0,0,0,0,0,1000,1000,1000,1000,0,0,0,0,0
2025-12-15 00:49:16.781,SERVO_OUTPUT_RAW,912009820,SERVO_OUTPUT_RAW,0,0,0,0,0,0,0,0,1000,1000,1000,1000,0,0,0,0,0
2025-12-15 00:49:16.881,SERVO_OUTPUT_RAW,912109838,SERVO_OUTPUT_RAW,0,0,0,0,0,0,0,0,1000,1000,1000,1000,0,0,0,0,0
2025-12-15 00:49:16.981,SERVO_OUTPUT_RAW,912209837,SERVO_OUTPUT_RAW,0,0,0,0,0,0,0,0,1000,1000,1000,1000,0,0,0,0,0
2025-12-15 00:49:17.081,SERVO_OUTPUT_RAW,912312065,SERVO_OUTPUT_RAW,0,0,0,0,0,0,0,0,1000,1000,1000,1000,0,0,0,0,0
2025-12-15 00:49:17.181,SERVO_OUTPUT_RAW,912409831,SERVO_OUTPUT_RAW,0,0,0,0,0,0,0,0,1000,1000,1000,1000,0,0,0,0,0
2025-12-15 00:49:17.281,SERVO_OUTPUT_RAW,912509815,SERVO_OUTPUT_RAW,0,0,0,0,0,0,0,0,1000,1000,1000,1000,0,0,0,0,0
2025-12-15 00:49:17.383,SERVO_OUTPUT_RAW,912609780,SERVO_OUTPUT_RAW,0,0,0,0,0,0,0,0,1000,1000,1000,1000,0,0,0,0,0
2025-12-15 00:49:17.481,SERVO_OUTPUT_RAW,912709789,SERVO_OUTPUT_RAW,0,0,0,0,0,0,0,0,1000,1000,1000,1000,0,0,0,0,0
2025-12-15 00:49:17.580,SERVO_OUTPUT_RAW,912809806,SERVO_OUTPUT_RAW,0,0,0,0,0,0,0,0,1000,1000,1000,1000,0,0,0,0,0
2025-12-15 00:49:17.680,SERVO_OUTPUT_RAW,912909781,SERVO_OUTPUT_RAW,0,0,0,0,0,0,0,0,1000,1000,1000,1000,0,0,0,0,0
2025-12-15 00:49:17.780,SERVO_OUTPUT_RAW,913009787,SERVO_OUTPUT_RAW,0,0,0,0,0,0,0,0,1000,1000,1000,1000,0,0,0,0,0
2025-12-15 00:49:17.880,SERVO_OUTPUT_RAW,913109812,SERVO_OUTPUT_RAW,0,0,0,0,0,0,0,0,1000,1000,1000,1000,0,0,0,0,0
2025-12-15 00:49:17.980,SERVO_OUTPUT_RAW,913209835,SERVO_OUTPUT_RAW,0,0,0,0,0,0,0,0,1000,1000,1000,1000,0,0,0,0,0
2025-12-15 00:49:18.080,SERVO_OUTPUT_RAW,913309853,SERVO_OUTPUT_RAW,0,0,0,0,0,0,0,0,1000,1000,1000,1000,0,0,0,0,0
2025-12-15 00:49:18.181,SERVO_OUTPUT_RAW,913409780,SERVO_OUTPUT_RAW,0,0,0,0,0,0,0,0,1000,1000,1000,1000,0,0,0,0,0
2025-12-15 00:49:18.280,SERVO_OUTPUT_RAW,913509818,SERVO_OUTPUT_RAW,0,0,0,0,0,0,0,0,1000,1000,1000,1000,0,0,0,0,0
2025-12-15 00:49:18.380,SERVO_OUTPUT_RAW,913609833,SERVO_OUTPUT_RAW,0,0,0,0,0,0,0,0,1000,1000,1000,1000,0,0,0,0,0
2025-12-15 00:49:18.481,SERVO_OUTPUT_RAW,913709894,SERVO_OUTPUT_RAW,0,0,0,0,0,0,0,0,1000,1000,1000,1000,0,0,0,0,0
2025-12-15 00:49:18.581,SERVO_OUTPUT_RAW,913809798,SERVO_OUTPUT_RAW,0,0,0,0,0,0,0,0,1000,1000,1000,1000,0,0,0,0,0
2025-12-15 00:49:18.680,SERVO_OUTPUT_RAW,913909802,SERVO_OUTPUT_RAW,0,0,0,0,0,0,0,0,1000,1000,1000,1000,0,0,0,0,0
2025-12-15 00:49:18.780,SERVO_OUTPUT_RAW,914009814,SERVO_OUTPUT_RAW,0,0,0,0,0,0,0,0,1000,1000,1000,1000,0,0,0,0,0
2025-12-15 00:49:18.881,SERVO_OUTPUT_RAW,914109790,SERVO_OUTPUT_RAW,0,0,0,0,0,0,0,0,1000,1000,1000,1000,0,0,0,0,0
2025-12-15 00:49:18.981,SERVO_OUTPUT_RAW,914209785,SERVO_OUTPUT_RAW,0,0,0,0,0,0,0,0,1000,1000,1000,1000,0,0,0,0,0
2025-12-15 00:49:19.081,SERVO_OUTPUT_RAW,914309801,SERVO_OUTPUT_RAW,0,0,0,0,0,0,0,0,1000,1000,1000,1000,0,0,0,0,0
2025-12-15 00:49:19.181,SERVO_OUTPUT_RAW,914409850,SERVO_OUTPUT_RAW,0,0,0,0,0,0,0,0,1000,1000,1000,1000,0,0,0,0,0
2025-12-15 00:49:19.281,SERVO_OUTPUT_RAW,914512116,SERVO_OUTPUT_RAW,0,0,0,0,0,0,0,0,1000,1000,1000,1000,0,0,0,0,0
2025-12-15 00:49:19.381,SERVO_OUTPUT_RAW,914609807,SERVO_OUTPUT_RAW,0,0,0,0,0,0,0,0,1000,1000,1000,1000,0,0,0,0,0
2025-12-15 00:49:19.481,SERVO_OUTPUT_RAW,914709828,SERVO_OUTPUT_RAW,0,0,0,0,0,0,0,0,1000,1000,1000,1000,0,0,0,0,0
2025-12-15 00:49:19.581,SERVO_OUTPUT_RAW,914809864,SERVO_OUTPUT_RAW,0,0,0,0,0,0,0,0,1000,1000,1000,1000,0,0,0,0,0
2025-12-15 00:49:19.681,SERVO_OUTPUT_RAW,914909803,SERVO_OUTPUT_RAW,0,0,0,0,0,0,0,0,1000,1000,1000,1000,0,0,0,0,0
2025-12-15 00:49:19.781,SERVO_OUTPUT_RAW,915009812,SERVO_OUTPUT_RAW,0,0,0,0,0,0,0,0,1000,1000,1000,1000,0,0,0,0,0
2025-12-15 00:49:19.881,SERVO_OUTPUT_RAW,915109835,SERVO_OUTPUT_RAW,0,0,0,0,0,0,0,0,1000,1000,1000,1000,0,0,0,0,0
2025-12-15 00:49:19.981,SERVO_OUTPUT_RAW,915209844,SERVO_OUTPUT_RAW,0,0,0,0,0,0,0,0,1000,1000,1000,1000,0,0,0,0,0
2025-12-15 00:49:20.081,SERVO_OUTPUT_RAW,915309814,SERVO_OUTPUT_RAW,0,0,0,0,0,0,0,0,1000,1000,1000,1000,0,0,0,0,0
2025-12-15 00:49:20.181,SERVO_OUTPUT_RAW,915409786,SERVO_OUTPUT_RAW,0,0,0,0,0,0,0,0,1000,1000,1000,1000,0,0,0,0,0
2025-12-15 00:49:20.281,SERVO_OUTPUT_RAW,915509823,SERVO_OUTPUT_RAW,0,0,0,0,0,0,0,0,1000,1000,1000,1000,0,0,0,0,0
2025-12-15 00:49:20.381,SERVO_OUTPUT_RAW,915609812,SERVO_OUTPUT_RAW,0,0,0,0,0,0,0,0,1000,1000,1000,1000,0,0,0,0,0
2025-12-15 00:49:20.481,SERVO_OUTPUT_RAW,915709783,SERVO_OUTPUT_RAW,0,0,0,0,0,0,0,0,1000,1000,1000,1000,0,0,0,0,0
2025-12-15 00:49:20.581,SERVO_OUTPUT_RAW,915809787,SERVO_OUTPUT_RAW,0,0,0,0,0,0,0,0,1000,1000,1000,1000,0,0,0,0,0
2025-12-15 00:49:20.681,SERVO_OUTPUT_RAW,915909785,SERVO_OUTPUT_RAW,0,0,0,0,0,0,0,0,1000,1000,1000,1000,0,0,0,0,0
2025-12-15 00:49:20.782,SERVO_OUTPUT_RAW,916009784,SERVO_OUTPUT_RAW,0,0,0,0,0,0,0,0,1000,1000,1000,1000,0,0,0,0,0
2025-12-15 00:49:20.881,SERVO_OUTPUT_RAW,916112115,SERVO_OUTPUT_RAW,0,0,0,0,0,0,0,0,1000,1000,1000,1000,0,0,0,0,0
2025-12-15 00:49:20.981,SERVO_OUTPUT_RAW,916209814,SERVO_OUTPUT_RAW,0,0,0,0,0,0,0,0,1000,1000,1000,1000,0,0,0,0,0
2025-12-15 00:49:21.081,SERVO_OUTPUT_RAW,916309840,SERVO_OUTPUT_RAW,0,0,0,0,0,0,0,0,1000,1000,1000,1000,0,0,0,0,0
2025-12-15 00:49:21.181,SERVO_OUTPUT_RAW,916412130,SERVO_OUTPUT_RAW,0,0,0,0,0,0,0,0,1000,1000,1000,1000,0,0,0,0,0
2025-12-15 00:49:21.281,SERVO_OUTPUT_RAW,916512154,SERVO_OUTPUT_RAW,0,0,0,0,0,0,0,0,1000,1000,1000,1000,0,0,0,0,0
2025-12-15 00:49:21.381,SERVO_OUTPUT_RAW,916609813,SERVO_OUTPUT_RAW,0,0,0,0,0,0,0,0,1000,1000,1000,1000,0,0,0,0,0
2025-12-15 00:49:21.481,SERVO_OUTPUT_RAW,916709840,SERVO_OUTPUT_RAW,0,0,0,0,0,0,0,0,1000,1000,1000,1000,0,0,0,0,0
2025-12-15 00:49:21.581,SERVO_OUTPUT_RAW,916809853,SERVO_OUTPUT_RAW,0,0,0,0,0,0,0,0,1000,1000,1000,1000,0,0,0,0,0
2025-12-15 00:49:21.681,SERVO_OUTPUT_RAW,916909776,SERVO_OUTPUT_RAW,0,0,0,0,0,0,0,0,1000,1000,1000,1000,0,0,0,0,0
2025-12-15 00:49:21.781,SERVO_OUTPUT_RAW,917009800,SERVO_OUTPUT_RAW,0,0,0,0,0,0,0,0,1000,1000,1000,1000,0,0,0,0,0
2025-12-15 00:49:21.881,SERVO_OUTPUT_RAW,917109808,SERVO_OUTPUT_RAW,0,0,0,0,0,0,0,0,1000,1000,1000,1000,0,0,0,0,0
2025-12-15 00:49:21.981,SERVO_OUTPUT_RAW,917209773,SERVO_OUTPUT_RAW,0,0,0,0,0,0,0,0,1000,1000,1000,1000,0,0,0,0,0
2025-12-15 00:49:22.081,SERVO_OUTPUT_RAW,917309810,SERVO_OUTPUT_RAW,0,0,0,0,0,0,0,0,1000,1000,1000,1000,0,0,0,0,0
2025-12-15 00:49:22.181,SERVO_OUTPUT_RAW,917409801,SERVO_OUTPUT_RAW,0,0,0,0,0,0,0,0,1000,1000,1000,1000,0,0,0,0,0
2025-12-15 00:49:22.281,SERVO_OUTPUT_RAW,917509784,SERVO_OUTPUT_RAW,0,0,0,0,0,0,0,0,1000,1000,1000,1000,0,0,0,0,0
2025-12-15 00:49:22.382,SERVO_OUTPUT_RAW,917609792,SERVO_OUTPUT_RAW,0,0,0,0,0,0,0,0,1000,1000,1000,1000,0,0,0,0,0
2025-12-15 00:49:22.481,SERVO_OUTPUT_RAW,917709805,SERVO_OUTPUT_RAW,0,0,0,0,0,0,0,0,1000,1000,1000,1000,0,0,0,0,0
2025-12-15 00:49:22.581,SERVO_OUTPUT_RAW,917809844,SERVO_OUTPUT_RAW,0,0,0,0,0,0,0,0,1000,1000,1000,1000,0,0,0,0,0
2025-12-15 00:49:22.681,SERVO_OUTPUT_RAW,917909795,SERVO_OUTPUT_RAW,0,0,0,0,0,0,0,0,1000,1000,1000,1000,0,0,0,0,0
2025-12-15 00:49:22.781,SERVO_OUTPUT_RAW,918009856,SERVO_OUTPUT_RAW,0,0,0,0,0,0,0,0,1000,1000,1000,1000,0,0,0,0,0
2025-12-15 00:49:22.882,SERVO_OUTPUT_RAW,918109796,SERVO_OUTPUT_RAW,0,0,0,0,0,0,0,0,1000,1000,1000,1000,0,0,0,0,0
2025-12-15 00:49:22.981,SERVO_OUTPUT_RAW,918209835,SERVO_OUTPUT_RAW,0,0,0,0,0,0,0,0,1000,1000,1000,1000,0,0,0,0,0
2025-12-15 00:49:23.081,SERVO_OUTPUT_RAW,918309839,SERVO_OUTPUT_RAW,0,0,0,0,0,0,0,0,1000,1000,1000,1000,0,0,0,0,0
2025-12-15 00:49:23.182,SERVO_OUTPUT_RAW,918409776,SERVO_OUTPUT_RAW,0,0,0,0,0,0,0,0,1000,1000,1000,1000,0,0,0,0,0
2025-12-15 00:49:23.281,SERVO_OUTPUT_RAW,918509776,SERVO_OUTPUT_RAW,0,0,0,0,0,0,0,0,1000,1000,1000,1000,0,0,0,0,0
2025-12-15 00:49:23.381,SERVO_OUTPUT_RAW,918612108,SERVO_OUTPUT_RAW,0,0,0,0,0,0,0,0,1000,1000,1000,1000,0,0,0,0,0
2025-12-15 00:49:23.481,SERVO_OUTPUT_RAW,918709810,SERVO_OUTPUT_RAW,0,0,0,0,0,0,0,0,1000,1000,1000,1000,0,0,0,0,0
2025-12-15 00:49:23.581,SERVO_OUTPUT_RAW,918809779,SERVO_OUTPUT_RAW,0,0,0,0,0,0,0,0,1000,1000,1000,1000,0,0,0,0,0
2025-12-15 00:49:23.682,SERVO_OUTPUT_RAW,918909799,SERVO_OUTPUT_RAW,0,0,0,0,0,0,0,0,1000,1000,1000,1000,0,0,0,0,0
2025-12-15 00:49:23.781,SERVO_OUTPUT_RAW,919009815,SERVO_OUTPUT_RAW,0,0,0,0,0,0,0,0,1000,1000,1000,1000,0,0,0,0,0
2025-12-15 00:49:23.881,SERVO_OUTPUT_RAW,919109803,SERVO_OUTPUT_RAW,0,0,0,0,0,0,0,0,1000,1000,1000,1000,0,0,0,0,0
2025-12-15 00:49:23.982,SERVO_OUTPUT_RAW,919212130,SERVO_OUTPUT_RAW,0,0,0,0,0,0,0,0,1000,1000,1000,1000,0,0,0,0,0
2025-12-15 00:49:24.081,SERVO_OUTPUT_RAW,919309803,SERVO_OUTPUT_RAW,0,0,0,0,0,0,0,0,1000,1000,1000,1000,0,0,0,0,0
2025-12-15 00:49:24.181,SERVO_OUTPUT_RAW,919409831,SERVO_OUTPUT_RAW,0,0,0,0,0,0,0,0,1000,1000,1000,1000,0,0,0,0,0
2025-12-15 00:49:24.282,SERVO_OUTPUT_RAW,919509845,SERVO_OUTPUT_RAW,0,0,0,0,0,0,0,0,1000,1000,1000,1000,0,0,0,0,0
2025-12-15 00:49:24.381,SERVO_OUTPUT_RAW,919609782,SERVO_OUTPUT_RAW,0,0,0,0,0,0,0,0,1000,1000,1000,1000,0,0,0,0,0
2025-12-15 00:49:24.481,SERVO_OUTPUT_RAW,919709822,SERVO_OUTPUT_RAW,0,0,0,0,0,0,0,0,1000,1000,1000,1000,0,0,0,0,0
2025-12-15 00:49:24.582,SERVO_OUTPUT_RAW,919809842,SERVO_OUTPUT_RAW,0,0,0,0,0,0,0,0,1000,1000,1000,1000,0,0,0,0,0
2025-12-15 00:49:24.681,SERVO_OUTPUT_RAW,919909853,SERVO_OUTPUT_RAW,0,0,0,0,0,0,0,0,1000,1000,1000,1000,0,0,0,0,0
2025-12-15 00:49:24.782,SERVO_OUTPUT_RAW,920009890,SERVO_OUTPUT_RAW,0,0,0,0,0,0,0,0,1000,1000,1000,1000,0,0,0,0,0
2025-12-15 00:49:24.882,SERVO_OUTPUT_RAW,920109791,SERVO_OUTPUT_RAW,0,0,0,0,0,0,0,0,1000,1000,1000,1000,0,0,0,0,0
2025-12-15 00:49:24.981,SERVO_OUTPUT_RAW,920209819,SERVO_OUTPUT_RAW,0,0,0,0,0,0,0,0,1000,1000,1000,1000,0,0,0,0,0
2025-12-15 00:49:25.082,SERVO_OUTPUT_RAW,920309846,SERVO_OUTPUT_RAW,0,0,0,0,0,0,0,0,1000,1000,1000,1000,0,0,0,0,0
2025-12-15 00:49:25.181,SERVO_OUTPUT_RAW,920409770,SERVO_OUTPUT_RAW,0,0,0,0,0,0,0,0,1000,1000,1000,1000,0,0,0,0,0
2025-12-15 00:49:25.281,SERVO_OUTPUT_RAW,920509779,SERVO_OUTPUT_RAW,0,0,0,0,0,0,0,0,1000,1000,1000,1000,0,0,0,0,0
2025-12-15 00:49:25.382,SERVO_OUTPUT_RAW,920609776,SERVO_OUTPUT_RAW,0,0,0,0,0,0,0,0,1000,1000,1000,1000,0,0,0,0,0
2025-12-15 00:49:25.482,SERVO_OUTPUT_RAW,920712117,SERVO_OUTPUT_RAW,0,0,0,0,0,0,0,0,1000,1000,1000,1000,0,0,0,0,0
2025-12-15 00:49:25.581,SERVO_OUTPUT_RAW,920809790,SERVO_OUTPUT_RAW,0,0,0,0,0,0,0,0,1000,1000,1000,1000,0,0,0,0,0
2025-12-15 00:49:25.682,SERVO_OUTPUT_RAW,920909836,SERVO_OUTPUT_RAW,0,0,0,0,0,0,0,0,1000,1000,1000,1000,0,0,0,0,0
2025-12-15 00:49:25.782,SERVO_OUTPUT_RAW,921009827,SERVO_OUTPUT_RAW,0,0,0,0,0,0,0,0,1000,1000,1000,1000,0,0,0,0,0
2025-12-15 00:49:25.882,SERVO_OUTPUT_RAW,921109852,SERVO_OUTPUT_RAW,0,0,0,0,0,0,0,0,1000,1000,1000,1000,0,0,0,0,0
2025-12-15 00:49:25.982,SERVO_OUTPUT_RAW,921209816,SERVO_OUTPUT_RAW,0,0,0,0,0,0,0,0,1000,1000,1000,1000,0,0,0,0,0
2025-12-15 00:49:26.082,SERVO_OUTPUT_RAW,921309831,SERVO_OUTPUT_RAW,0,0,0,0,0,0,0,0,1000,1000,1000,1000,0,0,0,0,0
2025-12-15 00:49:26.182,SERVO_OUTPUT_RAW,921409837,SERVO_OUTPUT_RAW,0,0,0,0,0,0,0,0,1000,1000,1000,1000,0,0,0,0,0
2025-12-15 00:49:26.282,SERVO_OUTPUT_RAW,921509835,SERVO_OUTPUT_RAW,0,0,0,0,0,0,0,0,1000,1000,1000,1000,0,0,0,0,0
2025-12-15 00:49:26.382,SERVO_OUTPUT_RAW,921609781,SERVO_OUTPUT_RAW,0,0,0,0,0,0,0,0,1000,1000,1000,1000,0,0,0,0,0
2025-12-15 00:49:26.482,SERVO_OUTPUT_RAW,921709800,SERVO_OUTPUT_RAW,0,0,0,0,0,0,0,0,1000,1000,1000,1000,0,0,0,0,0
2025-12-15 00:49:26.582,SERVO_OUTPUT_RAW,921809819,SERVO_OUTPUT_RAW,0,0,0,0,0,0,0,0,1000,1000,1000,1000,0,0,0,0,0
2025-12-15 00:49:26.682,SERVO_OUTPUT_RAW,921909832,SERVO_OUTPUT_RAW,0,0,0,0,0,0,0,0,1000,1000,1000,1000,0,0,0,0,0
2025-12-15 00:49:26.782,SERVO_OUTPUT_RAW,922009777,SERVO_OUTPUT_RAW,0,0,0,0,0,0,0,0,1000,1000,1000,1000,0,0,0,0,0
2025-12-15 00:49:26.881,SERVO_OUTPUT_RAW,922109783,SERVO_OUTPUT_RAW,0,0,0,0,0,0,0,0,1000,1000,1000,1000,0,0,0,0,0
2025-12-15 00:49:26.981,SERVO_OUTPUT_RAW,922209808,SERVO_OUTPUT_RAW,0,0,0,0,0,0,0,0,1000,1000,1000,1000,0,0,0,0,0
2025-12-15 00:49:27.081,SERVO_OUTPUT_RAW,922309794,SERVO_OUTPUT_RAW,0,0,0,0,0,0,0,0,1000,1000,1000,1000,0,0,0,0,0
2025-12-15 00:49:27.181,SERVO_OUTPUT_RAW,922409794,SERVO_OUTPUT_RAW,0,0,0,0,0,0,0,0,1000,1000,1000,1000,0,0,0,0,0
2025-12-15 00:49:27.281,SERVO_OUTPUT_RAW,922509830,SERVO_OUTPUT_RAW,0,0,0,0,0,0,0,0,1000,1000,1000,1000,0,0,0,0,0
2025-12-15 00:49:27.383,SERVO_OUTPUT_RAW,922609841,SERVO_OUTPUT_RAW,0,0,0,0,0,0,0,0,1000,1000,1000,1000,0,0,0,0,0
2025-12-15 00:49:27.481,SERVO_OUTPUT_RAW,922712134,SERVO_OUTPUT_RAW,0,0,0,0,0,0,0,0,1000,1000,1000,1000,0,0,0,0,0
2025-12-15 00:49:27.580,SERVO_OUTPUT_RAW,922812116,SERVO_OUTPUT_RAW,0,0,0,0,0,0,0,0,1000,1000,1000,1000,0,0,0,0,0
2025-12-15 00:49:27.679,SERVO_OUTPUT_RAW,922909813,SERVO_OUTPUT_RAW,0,0,0,0,0,0,0,0,1000,1000,1000,1000,0,0,0,0,0
2025-12-15 00:49:27.779,SERVO_OUTPUT_RAW,923009838,SERVO_OUTPUT_RAW,0,0,0,0,0,0,0,0,1000,1000,1000,1000,0,0,0,0,0
2025-12-15 00:49:27.879,SERVO_OUTPUT_RAW,923109778,SERVO_OUTPUT_RAW,0,0,0,0,0,0,0,0,1000,1000,1000,1000,0,0,0,0,0
2025-12-15 00:49:27.979,SERVO_OUTPUT_RAW,923209821,SERVO_OUTPUT_RAW,0,0,0,0,0,0,0,0,1000,1000,1000,1000,0,0,0,0,0
2025-12-15 00:49:28.079,SERVO_OUTPUT_RAW,923309830,SERVO_OUTPUT_RAW,0,0,0,0,0,0,0,0,1000,1000,1000,1000,0,0,0,0,0
2025-12-15 00:49:28.179,SERVO_OUTPUT_RAW,923409814,SERVO_OUTPUT_RAW,0,0,0,0,0,0,0,0,1000,1000,1000,1000,0,0,0,0,0
2025-12-15 00:49:28.279,SERVO_OUTPUT_RAW,923509791,SERVO_OUTPUT_RAW,0,0,0,0,0,0,0,0,1000,1000,1000,1000,0,0,0,0,0
2025-12-15 00:49:28.379,SERVO_OUTPUT_RAW,923609803,SERVO_OUTPUT_RAW,0,0,0,0,0,0,0,0,1000,1000,1000,1000,0,0,0,0,0
2025-12-15 00:49:28.479,SERVO_OUTPUT_RAW,923709792,SERVO_OUTPUT_RAW,0,0,0,0,0,0,0,0,1000,1000,1000,1000,0,0,0,0,0
2025-12-15 00:49:28.579,SERVO_OUTPUT_RAW,923809797,SERVO_OUTPUT_RAW,0,0,0,0,0,0,0,0,1000,1000,1000,1000,0,0,0,0,0
2025-12-15 00:49:28.679,SERVO_OUTPUT_RAW,923909779,SERVO_OUTPUT_RAW,0,0,0,0,0,0,0,0,1000,1000,1000,1000,0,0,0,0,0
2025-12-15 00:49:28.779,SERVO_OUTPUT_RAW,924009799,SERVO_OUTPUT_RAW,0,0,0,0,0,0,0,0,1000,1000,1000,1000,0,0,0,0,0
2025-12-15 00:49:28.879,SERVO_OUTPUT_RAW,924109818,SERVO_OUTPUT_RAW,0,0,0,0,0,0,0,0,1000,1000,1000,1000,0,0,0,0,0
2025-12-15 00:49:28.979,SERVO_OUTPUT_RAW,924209858,SERVO_OUTPUT_RAW,0,0,0,0,0,0,0,0,1000,1000,1000,1000,0,0,0,0,0
2025-12-15 00:49:29.079,SERVO_OUTPUT_RAW,924309814,SERVO_OUTPUT_RAW,0,0,0,0,0,0,0,0,1000,1000,1000,1000,0,0,0,0,0
2025-12-15 00:49:29.179,SERVO_OUTPUT_RAW,924409814,SERVO_OUTPUT_RAW,0,0,0,0,0,0,0,0,1000,1000,1000,1000,0,0,0,0,0
2025-12-15 00:49:29.279,SERVO_OUTPUT_RAW,924509845,SERVO_OUTPUT_RAW,0,0,0,0,0,0,0,0,1000,1000,1000,1000,0,0,0,0,0
2025-12-15 00:49:29.379,SERVO_OUTPUT_RAW,924609860,SERVO_OUTPUT_RAW,0,0,0,0,0,0,0,0,1000,1000,1000,1000,0,0,0,0,0
2025-12-15 00:49:29.479,SERVO_OUTPUT_RAW,924709793,SERVO_OUTPUT_RAW,0,0,0,0,0,0,0,0,1000,1000,1000,1000,0,0,0,0,0
2025-12-15 00:49:29.579,SERVO_OUTPUT_RAW,924809826,SERVO_OUTPUT_RAW,0,0,0,0,0,0,0,0,1000,1000,1000,1000,0,0,0,0,0
2025-12-15 00:49:29.679,SERVO_OUTPUT_RAW,924909878,SERVO_OUTPUT_RAW,0,0,0,0,0,0,0,0,1000,1000,1000,1000,0,0,0,0,0
2025-12-15 00:49:29.779,SERVO_OUTPUT_RAW,925009779,SERVO_OUTPUT_RAW,0,0,0,0,0,0,0,0,1000,1000,1000,1000,0,0,0,0,0
2025-12-15 00:49:29.879,SERVO_OUTPUT_RAW,925109784,SERVO_OUTPUT_RAW,0,0,0,0,0,0,0,0,1000,1000,1000,1000,0,0,0,0,0
2025-12-15 00:49:29.979,SERVO_OUTPUT_RAW,925209799,SERVO_OUTPUT_RAW,0,0,0,0,0,0,0,0,1000,1000,1000,1000,0,0,0,0,0
2025-12-15 00:49:30.079,SERVO_OUTPUT_RAW,925309786,SERVO_OUTPUT_RAW,0,0,0,0,0,0,0,0,1000,1000,1000,1000,0,0,0,0,0
2025-12-15 00:49:30.179,SERVO_OUTPUT_RAW,925409799,SERVO_OUTPUT_RAW,0,0,0,0,0,0,0,0,1000,1000,1000,1000,0,0,0,0,0
2025-12-15 00:49:30.279,SERVO_OUTPUT_RAW,925509792,SERVO_OUTPUT_RAW,0,0,0,0,0,0,0,0,1000,1000,1000,1000,0,0,0,0,0
2025-12-15 00:49:30.379,SERVO_OUTPUT_RAW,925609819,SERVO_OUTPUT_RAW,0,0,0,0,0,0,0,0,1000,1000,1000,1000,0,0,0,0,0
2025-12-15 00:49:30.479,SERVO_OUTPUT_RAW,925709865,SERVO_OUTPUT_RAW,0,0,0,0,0,0,0,0,1000,1000,1000,1000,0,0,0,0,0
2025-12-15 00:49:30.579,SERVO_OUTPUT_RAW,925809803,SERVO_OUTPUT_RAW,0,0,0,0,0,0,0,0,1000,1000,1000,1000,0,0,0,0,0
2025-12-15 00:49:30.679,SERVO_OUTPUT_RAW,925909794,SERVO_OUTPUT_RAW,0,0,0,0,0,0,0,0,1000,1000,1000,1000,0,0,0,0,0
2025-12-15 00:49:30.779,SERVO_OUTPUT_RAW,926009812,SERVO_OUTPUT_RAW,0,0,0,0,0,0,0,0,1000,1000,1000,1000,0,0,0,0,0
2025-12-15 00:49:30.879,SERVO_OUTPUT_RAW,926109860,SERVO_OUTPUT_RAW,0,0,0,0,0,0,0,0,1000,1000,1000,1000,0,0,0,0,0
2025-12-15 00:49:30.979,SERVO_OUTPUT_RAW,926209854,SERVO_OUTPUT_RAW,0,0,0,0,0,0,0,0,1000,1000,1000,1000,0,0,0,0,0
2025-12-15 00:49:31.079,SERVO_OUTPUT_RAW,926309801,SERVO_OUTPUT_RAW,0,0,0,0,0,0,0,0,1000,1000,1000,1000,0,0,0,0,0
2025-12-15 00:49:31.179,SERVO_OUTPUT_RAW,926409815,SERVO_OUTPUT_RAW,0,0,0,0,0,0,0,0,1000,1000,1000,1000,0,0,0,0,0
2025-12-15 00:49:31.279,SERVO_OUTPUT_RAW,926509825,SERVO_OUTPUT_RAW,0,0,0,0,0,0,0,0,1000,1000,1000,1000,0,0,0,0,0
2025-12-15 00:49:31.379,SERVO_OUTPUT_RAW,926609796,SERVO_OUTPUT_RAW,0,0,0,0,0,0,0,0,1000,1000,1000,1000,0,0,0,0,0
2025-12-15 00:49:31.479,SERVO_OUTPUT_RAW,926709801,SERVO_OUTPUT_RAW,0,0,0,0,0,0,0,0,1000,1000,1000,1000,0,0,0,0,0
2025-12-15 00:49:31.579,SERVO_OUTPUT_RAW,926809793,SERVO_OUTPUT_RAW,0,0,0,0,0,0,0,0,1000,1000,1000,1000,0,0,0,0,0
2025-12-15 00:49:31.679,SERVO_OUTPUT_RAW,926909793,SERVO_OUTPUT_RAW,0,0,0,0,0,0,0,0,1000,1000,1000,1000,0,0,0,0,0
2025-12-15 00:49:31.779,SERVO_OUTPUT_RAW,927009856,SERVO_OUTPUT_RAW,0,0,0,0,0,0,0,0,1000,1000,1000,1000,0,0,0,0,0
2025-12-15 00:49:31.879,SERVO_OUTPUT_RAW,927109822,SERVO_OUTPUT_RAW,0,0,0,0,0,0,0,0,1000,1000,1000,1000,0,0,0,0,0
2025-12-15 00:49:31.979,SERVO_OUTPUT_RAW,927209850,SERVO_OUTPUT_RAW,0,0,0,0,0,0,0,0,1000,1000,1000,1000,0,0,0,0,0
2025-12-15 00:49:32.079,SERVO_OUTPUT_RAW,927309840,SERVO_OUTPUT_RAW,0,0,0,0,0,0,0,0,1000,1000,1000,1000,0,0,0,0,0
2025-12-15 00:49:32.179,SERVO_OUTPUT_RAW,927409813,SERVO_OUTPUT_RAW,0,0,0,0,0,0,0,0,1000,1000,1000,1000,0,0,0,0,0
2025-12-15 00:49:32.279,SERVO_OUTPUT_RAW,927509831,SERVO_OUTPUT_RAW,0,0,0,0,0,0,0,0,1000,1000,1000,1000,0,0,0,0,0
2025-12-15 00:49:32.383,SERVO_OUTPUT_RAW,927609827,SERVO_OUTPUT_RAW,0,0,0,0,0,0,0,0,1000,1000,1000,1000,0,0,0,0,0
2025-12-15 00:49:32.479,SERVO_OUTPUT_RAW,927709894,SERVO_OUTPUT_RAW,0,0,0,0,0,0,0,0,1000,1000,1000,1000,0,0,0,0,0
2025-12-15 00:49:32.582,SERVO_OUTPUT_RAW,927809789,SERVO_OUTPUT_RAW,0,0,0,0,0,0,0,0,1000,1000,1000,1000,0,0,0,0,0
2025-12-15 00:49:32.682,SERVO_OUTPUT_RAW,927909799,SERVO_OUTPUT_RAW,0,0,0,0,0,0,0,0,1000,1000,1000,1000,0,0,0,0,0
2025-12-15 00:49:32.781,SERVO_OUTPUT_RAW,928009810,SERVO_OUTPUT_RAW,0,0,0,0,0,0,0,0,1000,1000,1000,1000,0,0,0,0,0
2025-12-15 00:49:32.881,SERVO_OUTPUT_RAW,928109824,SERVO_OUTPUT_RAW,0,0,0,0,0,0,0,0,1000,1000,1000,1000,0,0,0,0,0
2025-12-15 00:49:32.981,SERVO_OUTPUT_RAW,928209779,SERVO_OUTPUT_RAW,0,0,0,0,0,0,0,0,1000,1000,1000,1000,0,0,0,0,0
2025-12-15 00:49:33.081,SERVO_OUTPUT_RAW,928309789,SERVO_OUTPUT_RAW,0,0,0,0,0,0,0,0,1000,1000,1000,1000,0,0,0,0,0
2025-12-15 00:49:33.181,SERVO_OUTPUT_RAW,928409791,SERVO_OUTPUT_RAW,0,0,0,0,0,0,0,0,1000,1000,1000,1000,0,0,0,0,0
2025-12-15 00:49:33.281,SERVO_OUTPUT_RAW,928509783,SERVO_OUTPUT_RAW,0,0,0,0,0,0,0,0,1000,1000,1000,1000,0,0,0,0,0
2025-12-15 00:49:33.381,SERVO_OUTPUT_RAW,928609808,SERVO_OUTPUT_RAW,0,0,0,0,0,0,0,0,1000,1000,1000,1000,0,0,0,0,0
2025-12-15 00:49:33.481,SERVO_OUTPUT_RAW,928712142,SERVO_OUTPUT_RAW,0,0,0,0,0,0,0,0,1000,1000,1000,1000,0,0,0,0,0
2025-12-15 00:49:33.581,SERVO_OUTPUT_RAW,928809760,SERVO_OUTPUT_RAW,0,0,0,0,0,0,0,0,1000,1000,1000,1000,0,0,0,0,0
2025-12-15 00:49:33.682,SERVO_OUTPUT_RAW,928909814,SERVO_OUTPUT_RAW,0,0,0,0,0,0,0,0,1000,1000,1000,1000,0,0,0,0,0
2025-12-15 00:49:33.781,SERVO_OUTPUT_RAW,929009837,SERVO_OUTPUT_RAW,0,0,0,0,0,0,0,0,1000,1000,1000,1000,0,0,0,0,0
2025-12-15 00:49:33.882,SERVO_OUTPUT_RAW,929112081,SERVO_OUTPUT_RAW,0,0,0,0,0,0,0,0,1000,1000,1000,1000,0,0,0,0,0
2025-12-15 00:49:33.982,SERVO_OUTPUT_RAW,929209848,SERVO_OUTPUT_RAW,0,0,0,0,0,0,0,0,1000,1000,1000,1000,0,0,0,0,0
2025-12-15 00:49:34.082,SERVO_OUTPUT_RAW,929309833,SERVO_OUTPUT_RAW,0,0,0,0,0,0,0,0,1000,1000,1000,1000,0,0,0,0,0
2025-12-15 00:49:34.182,SERVO_OUTPUT_RAW,929409786,SERVO_OUTPUT_RAW,0,0,0,0,0,0,0,0,1000,1000,1000,1000,0,0,0,0,0
2025-12-15 00:49:34.282,SERVO_OUTPUT_RAW,929509802,SERVO_OUTPUT_RAW,0,0,0,0,0,0,0,0,1000,1000,1000,1000,0,0,0,0,0
2025-12-15 00:49:34.382,SERVO_OUTPUT_RAW,929609816,SERVO_OUTPUT_RAW,0,0,0,0,0,0,0,0,1000,1000,1000,1000,0,0,0,0,0
2025-12-15 00:49:34.482,SERVO_OUTPUT_RAW,929709785,SERVO_OUTPUT_RAW,0,0,0,0,0,0,0,0,1000,1000,1000,1000,0,0,0,0,0
2025-12-15 00:49:34.582,SERVO_OUTPUT_RAW,929809790,SERVO_OUTPUT_RAW,0,0,0,0,0,0,0,0,1000,1000,1000,1000,0,0,0,0,0
2025-12-15 00:49:34.682,SERVO_OUTPUT_RAW,929909803,SERVO_OUTPUT_RAW,0,0,0,0,0,0,0,0,1000,1000,1000,1000,0,0,0,0,0
2025-12-15 00:49:34.782,SERVO_OUTPUT_RAW,930009803,SERVO_OUTPUT_RAW,0,0,0,0,0,0,0,0,1000,1000,1000,1000,0,0,0,0,0
2025-12-15 00:49:34.882,SERVO_OUTPUT_RAW,930109793,SERVO_OUTPUT_RAW,0,0,0,0,0,0,0,0,1000,1000,1000,1000,0,0,0,0,0
2025-12-15 00:49:34.982,SERVO_OUTPUT_RAW,930209786,SERVO_OUTPUT_RAW,0,0,0,0,0,0,0,0,1000,1000,1000,1000,0,0,0,0,0
2025-12-15 00:49:35.082,SERVO_OUTPUT_RAW,930309837,SERVO_OUTPUT_RAW,0,0,0,0,0,0,0,0,1000,1000,1000,1000,0,0,0,0,0
2025-12-15 00:49:35.182,SERVO_OUTPUT_RAW,930409824,SERVO_OUTPUT_RAW,0,0,0,0,0,0,0,0,1000,1000,1000,1000,0,0,0,0,0
2025-12-15 00:49:35.282,SERVO_OUTPUT_RAW,930509782,SERVO_OUTPUT_RAW,0,0,0,0,0,0,0,0,1000,1000,1000,1000,0,0,0,0,0
2025-12-15 00:49:35.382,SERVO_OUTPUT_RAW,930609844,SERVO_OUTPUT_RAW,0,0,0,0,0,0,0,0,1000,1000,1000,1000,0,0,0,0,0
2025-12-15 00:49:35.482,SERVO_OUTPUT_RAW,930709804,SERVO_OUTPUT_RAW,0,0,0,0,0,0,0,0,1000,1000,1000,1000,0,0,0,0,0
2025-12-15 00:49:35.582,SERVO_OUTPUT_RAW,930809854,SERVO_OUTPUT_RAW,0,0,0,0,0,0,0,0,1000,1000,1000,1000,0,0,0,0,0
2025-12-15 00:49:35.682,SERVO_OUTPUT_RAW,930909782,SERVO_OUTPUT_RAW,0,0,0,0,0,0,0,0,1000,1000,1000,1000,0,0,0,0,0
2025-12-15 00:49:35.782,SERVO_OUTPUT_RAW,931009781,SERVO_OUTPUT_RAW,0,0,0,0,0,0,0,0,1000,1000,1000,1000,0,0,0,0,0
2025-12-15 00:49:35.882,SERVO_OUTPUT_RAW,931109818,SERVO_OUTPUT_RAW,0,0,0,0,0,0,0,0,1000,1000,1000,1000,0,0,0,0,0
2025-12-15 00:49:35.982,SERVO_OUTPUT_RAW,931209895,SERVO_OUTPUT_RAW,0,0,0,0,0,0,0,0,1000,1000,1000,1000,0,0,0,0,0
2025-12-15 00:49:36.082,SERVO_OUTPUT_RAW,931309791,SERVO_OUTPUT_RAW,0,0,0,0,0,0,0,0,1000,1000,1000,1000,0,0,0,0,0
2025-12-15 00:49:36.182,SERVO_OUTPUT_RAW,931409786,SERVO_OUTPUT_RAW,0,0,0,0,0,0,0,0,1000,1000,1000,1000,0,0,0,0,0
2025-12-15 00:49:36.282,SERVO_OUTPUT_RAW,931509791,SERVO_OUTPUT_RAW,0,0,0,0,0,0,0,0,1000,1000,1000,1000,0,0,0,0,0
2025-12-15 00:49:36.381,SERVO_OUTPUT_RAW,931609818,SERVO_OUTPUT_RAW,0,0,0,0,0,0,0,0,1000,1000,1000,1000,0,0,0,0,0
2025-12-15 00:49:36.481,SERVO_OUTPUT_RAW,931709795,SERVO_OUTPUT_RAW,0,0,0,0,0,0,0,0,1000,1000,1000,1000,0,0,0,0,0
2025-12-15 00:49:36.581,SERVO_OUTPUT_RAW,931809802,SERVO_OUTPUT_RAW,0,0,0,0,0,0,0,0,1000,1000,1000,1000,0,0,0,0,0
2025-12-15 00:49:36.681,SERVO_OUTPUT_RAW,931909864,SERVO_OUTPUT_RAW,0,0,0,0,0,0,0,0,1000,1000,1000,1000,0,0,0,0,0
2025-12-15 00:49:36.781,SERVO_OUTPUT_RAW,932009845,SERVO_OUTPUT_RAW,0,0,0,0,0,0,0,0,1000,1000,1000,1000,0,0,0,0,0
2025-12-15 00:49:36.881,SERVO_OUTPUT_RAW,932109816,SERVO_OUTPUT_RAW,0,0,0,0,0,0,0,0,1000,1000,1000,1000,0,0,0,0,0
2025-12-15 00:49:36.981,SERVO_OUTPUT_RAW,932209815,SERVO_OUTPUT_RAW,0,0,0,0,0,0,0,0,1000,1000,1000,1000,0,0,0,0,0
2025-12-15 00:49:37.081,SERVO_OUTPUT_RAW,932309836,SERVO_OUTPUT_RAW,0,0,0,0,0,0,0,0,1000,1000,1000,1000,0,0,0,0,0
2025-12-15 00:49:37.181,SERVO_OUTPUT_RAW,932409848,SERVO_OUTPUT_RAW,0,0,0,0,0,0,0,0,1000,1000,1000,1000,0,0,0,0,0
2025-12-15 00:49:37.281,SERVO_OUTPUT_RAW,932509778,SERVO_OUTPUT_RAW,0,0,0,0,0,0,0,0,1000,1000,1000,1000,0,0,0,0,0
2025-12-15 00:49:37.381,SERVO_OUTPUT_RAW,932609820,SERVO_OUTPUT_RAW,0,0,0,0,0,0,0,0,1000,1000,1000,1000,0,0,0,0,0
2025-12-15 00:49:37.484,SERVO_OUTPUT_RAW,932709806,SERVO_OUTPUT_RAW,0,0,0,0,0,0,0,0,1000,1000,1000,1000,0,0,0,0,0
2025-12-15 00:49:37.582,SERVO_OUTPUT_RAW,932809775,SERVO_OUTPUT_RAW,0,0,0,0,0,0,0,0,1000,1000,1000,1000,0,0,0,0,0
2025-12-15 00:49:37.681,SERVO_OUTPUT_RAW,932909785,SERVO_OUTPUT_RAW,0,0,0,0,0,0,0,0,1000,1000,1000,1000,0,0,0,0,0
2025-12-15 00:49:37.781,SERVO_OUTPUT_RAW,933009790,SERVO_OUTPUT_RAW,0,0,0,0,0,0,0,0,1000,1000,1000,1000,0,0,0,0,0
2025-12-15 00:49:37.881,SERVO_OUTPUT_RAW,933109784,SERVO_OUTPUT_RAW,0,0,0,0,0,0,0,0,1000,1000,1000,1000,0,0,0,0,0
2025-12-15 00:49:37.981,SERVO_OUTPUT_RAW,933209784,SERVO_OUTPUT_RAW,0,0,0,0,0,0,0,0,1000,1000,1000,1000,0,0,0,0,0
2025-12-15 00:49:38.081,SERVO_OUTPUT_RAW,933312155,SERVO_OUTPUT_RAW,0,0,0,0,0,0,0,0,1000,1000,1000,1000,0,0,0,0,0
2025-12-15 00:49:38.182,SERVO_OUTPUT_RAW,933409819,SERVO_OUTPUT_RAW,0,0,0,0,0,0,0,0,1000,1000,1000,1000,0,0,0,0,0
2025-12-15 00:49:38.281,SERVO_OUTPUT_RAW,933512131,SERVO_OUTPUT_RAW,0,0,0,0,0,0,0,0,1000,1000,1000,1000,0,0,0,0,0
2025-12-15 00:49:38.381,SERVO_OUTPUT_RAW,933609857,SERVO_OUTPUT_RAW,0,0,0,0,0,0,0,0,1000,1000,1000,1000,0,0,0,0,0
2025-12-15 00:49:38.481,SERVO_OUTPUT_RAW,933709792,SERVO_OUTPUT_RAW,0,0,0,0,0,0,0,0,1000,1000,1000,1000,0,0,0,0,0
2025-12-15 00:49:38.582,SERVO_OUTPUT_RAW,933809822,SERVO_OUTPUT_RAW,0,0,0,0,0,0,0,0,1000,1000,1000,1000,0,0,0,0,0
2025-12-15 00:49:38.682,SERVO_OUTPUT_RAW,933909853,SERVO_OUTPUT_RAW,0,0,0,0,0,0,0,0,1000,1000,1000,1000,0,0,0,0,0
2025-12-15 00:49:38.781,SERVO_OUTPUT_RAW,934009842,SERVO_OUTPUT_RAW,0,0,0,0,0,0,0,0,1000,1000,1000,1000,0,0,0,0,0
2025-12-15 00:49:38.881,SERVO_OUTPUT_RAW,934109786,SERVO_OUTPUT_RAW,0,0,0,0,0,0,0,0,1000,1000,1000,1000,0,0,0,0,0
2025-12-15 00:49:38.982,SERVO_OUTPUT_RAW,934209813,SERVO_OUTPUT_RAW,0,0,0,0,0,0,0,0,1000,1000,1000,1000,0,0,0,0,0
2025-12-15 00:49:39.081,SERVO_OUTPUT_RAW,934309822,SERVO_OUTPUT_RAW,0,0,0,0,0,0,0,0,1000,1000,1000,1000,0,0,0,0,0
2025-12-15 00:49:39.182,SERVO_OUTPUT_RAW,934409828,SERVO_OUTPUT_RAW,0,0,0,0,0,0,0,0,1000,1000,1000,1000,0,0,0,0,0
2025-12-15 00:49:39.282,SERVO_OUTPUT_RAW,934509805,SERVO_OUTPUT_RAW,0,0,0,0,0,0,0,0,1000,1000,1000,1000,0,0,0,0,0
2025-12-15 00:49:39.382,SERVO_OUTPUT_RAW,934609809,SERVO_OUTPUT_RAW,0,0,0,0,0,0,0,0,1000,1000,1000,1000,0,0,0,0,0
2025-12-15 00:49:39.482,SERVO_OUTPUT_RAW,934709795,SERVO_OUTPUT_RAW,0,0,0,0,0,0,0,0,1000,1000,1000,1000,0,0,0,0,0
2025-12-15 00:49:39.582,SERVO_OUTPUT_RAW,934809797,SERVO_OUTPUT_RAW,0,0,0,0,0,0,0,0,1000,1000,1000,1000,0,0,0,0,0
2025-12-15 00:49:39.682,SERVO_OUTPUT_RAW,934909802,SERVO_OUTPUT_RAW,0,0,0,0,0,0,0,0,1000,1000,1000,1000,0,0,0,0,0
2025-12-15 00:49:39.782,SERVO_OUTPUT_RAW,935009826,SERVO_OUTPUT_RAW,0,0,0,0,0,0,0,0,1000,1000,1000,1000,0,0,0,0,0
2025-12-15 00:49:39.883,SERVO_OUTPUT_RAW,935109851,SERVO_OUTPUT_RAW,0,0,0,0,0,0,0,0,1000,1000,1000,1000,0,0,0,0,0
2025-12-15 00:49:39.982,SERVO_OUTPUT_RAW,935209802,SERVO_OUTPUT_RAW,0,0,0,0,0,0,0,0,1000,1000,1000,1000,0,0,0,0,0
2025-12-15 00:49:40.082,SERVO_OUTPUT_RAW,935309839,SERVO_OUTPUT_RAW,0,0,0,0,0,0,0,0,1000,1000,1000,1000,0,0,0,0,0
2025-12-15 00:49:40.182,SERVO_OUTPUT_RAW,935412064,SERVO_OUTPUT_RAW,0,0,0,0,0,0,0,0,1000,1000,1000,1000,0,0,0,0,0
2025-12-15 00:49:40.282,SERVO_OUTPUT_RAW,935509832,SERVO_OUTPUT_RAW,0,0,0,0,0,0,0,0,1000,1000,1000,1000,0,0,0,0,0
2025-12-15 00:49:40.382,SERVO_OUTPUT_RAW,935609834,SERVO_OUTPUT_RAW,0,0,0,0,0,0,0,0,1000,1000,1000,1000,0,0,0,0,0
2025-12-15 00:49:40.482,SERVO_OUTPUT_RAW,935709804,SERVO_OUTPUT_RAW,0,0,0,0,0,0,0,0,1000,1000,1000,1000,0,0,0,0,0
2025-12-15 00:49:40.582,SERVO_OUTPUT_RAW,935809830,SERVO_OUTPUT_RAW,0,0,0,0,0,0,0,0,1000,1000,1000,1000,0,0,0,0,0
2025-12-15 00:49:40.682,SERVO_OUTPUT_RAW,935909816,SERVO_OUTPUT_RAW,0,0,0,0,0,0,0,0,1000,1000,1000,1000,0,0,0,0,0
2025-12-15 00:49:40.782,SERVO_OUTPUT_RAW,936009786,SERVO_OUTPUT_RAW,0,0,0,0,0,0,0,0,1000,1000,1000,1000,0,0,0,0,0
2025-12-15 00:49:40.882,SERVO_OUTPUT_RAW,936109795,SERVO_OUTPUT_RAW,0,0,0,0,0,0,0,0,1000,1000,1000,1000,0,0,0,0,0
2025-12-15 00:49:40.982,SERVO_OUTPUT_RAW,936209798,SERVO_OUTPUT_RAW,0,0,0,0,0,0,0,0,1000,1000,1000,1000,0,0,0,0,0
2025-12-15 00:49:41.082,SERVO_OUTPUT_RAW,936309800,SERVO_OUTPUT_RAW,0,0,0,0,0,0,0,0,1000,1000,1000,1000,0,0,0,0,0
2025-12-15 00:49:41.182,SERVO_OUTPUT_RAW,936409810,SERVO_OUTPUT_RAW,0,0,0,0,0,0,0,0,1000,1000,1000,1000,0,0,0,0,0
2025-12-15 00:49:41.282,SERVO_OUTPUT_RAW,936509811,SERVO_OUTPUT_RAW,0,0,0,0,0,0,0,0,1000,1000,1000,1000,0,0,0,0,0
2025-12-15 00:49:41.382,SERVO_OUTPUT_RAW,936609787,SERVO_OUTPUT_RAW,0,0,0,0,0,0,0,0,1000,1000,1000,1000,0,0,0,0,0
2025-12-15 00:49:41.482,SERVO_OUTPUT_RAW,936709856,SERVO_OUTPUT_RAW,0,0,0,0,0,0,0,0,1000,1000,1000,1000,0,0,0,0,0
2025-12-15 00:49:41.582,SERVO_OUTPUT_RAW,936809804,SERVO_OUTPUT_RAW,0,0,0,0,0,0,0,0,1000,1000,1000,1000,0,0,0,0,0
2025-12-15 00:49:41.682,SERVO_OUTPUT_RAW,936909807,SERVO_OUTPUT_RAW,0,0,0,0,0,0,0,0,1000,1000,1000,1000,0,0,0,0,0
2025-12-15 00:49:41.782,SERVO_OUTPUT_RAW,937009845,SERVO_OUTPUT_RAW,0,0,0,0,0,0,0,0,1000,1000,1000,1000,0,0,0,0,0
2025-12-15 00:49:41.882,SERVO_OUTPUT_RAW,937109858,SERVO_OUTPUT_RAW,0,0,0,0,0,0,0,0,1000,1000,1000,1000,0,0,0,0,0
2025-12-15 00:49:41.982,SERVO_OUTPUT_RAW,937209775,SERVO_OUTPUT_RAW,0,0,0,0,0,0,0,0,1000,1000,1000,1000,0,0,0,0,0
2025-12-15 00:49:42.082,SERVO_OUTPUT_RAW,937309814,SERVO_OUTPUT_RAW,0,0,0,0,0,0,0,0,1000,1000,1000,1000,0,0,0,0,0
2025-12-15 00:49:42.182,SERVO_OUTPUT_RAW,937409829,SERVO_OUTPUT_RAW,0,0,0,0,0,0,0,0,1000,1000,1000,1000,0,0,0,0,0
2025-12-15 00:49:42.282,SERVO_OUTPUT_RAW,937509863,SERVO_OUTPUT_RAW,0,0,0,0,0,0,0,0,1000,1000,1000,1000,0,0,0,0,0
2025-12-15 00:49:42.383,SERVO_OUTPUT_RAW,937609795,SERVO_OUTPUT_RAW,0,0,0,0,0,0,0,0,1000,1000,1000,1000,0,0,0,0,0
2025-12-15 00:49:42.482,SERVO_OUTPUT_RAW,937709805,SERVO_OUTPUT_RAW,0,0,0,0,0,0,0,0,1000,1000,1000,1000,0,0,0,0,0
2025-12-15 00:49:42.581,SERVO_OUTPUT_RAW,937809800,SERVO_OUTPUT_RAW,0,0,0,0,0,0,0,0,1000,1000,1000,1000,0,0,0,0,0
2025-12-15 00:49:42.682,SERVO_OUTPUT_RAW,937909789,SERVO_OUTPUT_RAW,0,0,0,0,0,0,0,0,1000,1000,1000,1000,0,0,0,0,0
2025-12-15 00:49:42.782,SERVO_OUTPUT_RAW,938009839,SERVO_OUTPUT_RAW,0,0,0,0,0,0,0,0,1000,1000,1000,1000,0,0,0,0,0
2025-12-15 00:49:42.882,SERVO_OUTPUT_RAW,938112134,SERVO_OUTPUT_RAW,0,0,0,0,0,0,0,0,1000,1000,1000,1000,0,0,0,0,0
2025-12-15 00:49:42.982,SERVO_OUTPUT_RAW,938209833,SERVO_OUTPUT_RAW,0,0,0,0,0,0,0,0,1000,1000,1000,1000,0,0,0,0,0
2025-12-15 00:49:43.082,SERVO_OUTPUT_RAW,938309854,SERVO_OUTPUT_RAW,0,0,0,0,0,0,0,0,1000,1000,1000,1000,0,0,0,0,0
2025-12-15 00:49:43.182,SERVO_OUTPUT_RAW,938409811,SERVO_OUTPUT_RAW,0,0,0,0,0,0,0,0,1000,1000,1000,1000,0,0,0,0,0
2025-12-15 00:49:43.282,SERVO_OUTPUT_RAW,938509819,SERVO_OUTPUT_RAW,0,0,0,0,0,0,0,0,1000,1000,1000,1000,0,0,0,0,0
2025-12-15 00:49:43.382,SERVO_OUTPUT_RAW,938609844,SERVO_OUTPUT_RAW,0,0,0,0,0,0,0,0,1000,1000,1000,1000,0,0,0,0,0
2025-12-15 00:49:43.482,SERVO_OUTPUT_RAW,938709837,SERVO_OUTPUT_RAW,0,0,0,0,0,0,0,0,1000,1000,1000,1000,0,0,0,0,0
2025-12-15 00:49:43.582,SERVO_OUTPUT_RAW,938809777,SERVO_OUTPUT_RAW,0,0,0,0,0,0,0,0,1000,1000,1000,1000,0,0,0,0,0
2025-12-15 00:49:43.682,SERVO_OUTPUT_RAW,938909825,SERVO_OUTPUT_RAW,0,0,0,0,0,0,0,0,1000,1000,1000,1000,0,0,0,0,0
2025-12-15 00:49:43.782,SERVO_OUTPUT_RAW,939009817,SERVO_OUTPUT_RAW,0,0,0,0,0,0,0,0,1000,1000,1000,1000,0,0,0,0,0
2025-12-15 00:49:43.882,SERVO_OUTPUT_RAW,939109778,SERVO_OUTPUT_RAW,0,0,0,0,0,0,0,0,1000,1000,1000,1000,0,0,0,0,0
2025-12-15 00:49:43.982,SERVO_OUTPUT_RAW,939209789,SERVO_OUTPUT_RAW,0,0,0,0,0,0,0,0,1000,1000,1000,1000,0,0,0,0,0
2025-12-15 00:49:44.082,SERVO_OUTPUT_RAW,939309804,SERVO_OUTPUT_RAW,0,0,0,0,0,0,0,0,1000,1000,1000,1000,0,0,0,0,0
2025-12-15 00:49:44.182,SERVO_OUTPUT_RAW,939409781,SERVO_OUTPUT_RAW,0,0,0,0,0,0,0,0,1000,1000,1000,1000,0,0,0,0,0
2025-12-15 00:49:44.282,SERVO_OUTPUT_RAW,939512122,SERVO_OUTPUT_RAW,0,0,0,0,0,0,0,0,1000,1000,1000,1000,0,0,0,0,0
2025-12-15 00:49:44.382,SERVO_OUTPUT_RAW,939612199,SERVO_OUTPUT_RAW,0,0,0,0,0,0,0,0,1000,1000,1000,1000,0,0,0,0,0
2025-12-15 00:49:44.482,SERVO_OUTPUT_RAW,939709848,SERVO_OUTPUT_RAW,0,0,0,0,0,0,0,0,1000,1000,1000,1000,0,0,0,0,0
2025-12-15 00:49:44.582,SERVO_OUTPUT_RAW,939809895,SERVO_OUTPUT_RAW,0,0,0,0,0,0,0,0,1000,1000,1000,1000,0,0,0,0,0
2025-12-15 00:49:44.682,SERVO_OUTPUT_RAW,939909770,SERVO_OUTPUT_RAW,0,0,0,0,0,0,0,0,1000,1000,1000,1000,0,0,0,0,0
2025-12-15 00:49:44.782,SERVO_OUTPUT_RAW,940009825,SERVO_OUTPUT_RAW,0,0,0,0,0,0,0,0,1000,1000,1000,1000,0,0,0,0,0
2025-12-15 00:49:44.882,SERVO_OUTPUT_RAW,940109840,SERVO_OUTPUT_RAW,0,0,0,0,0,0,0,0,1000,1000,1000,1000,0,0,0,0,0
2025-12-15 00:49:44.982,SERVO_OUTPUT_RAW,940209843,SERVO_OUTPUT_RAW,0,0,0,0,0,0,0,0,1000,1000,1000,1000,0,0,0,0,0
2025-12-15 00:49:45.082,SERVO_OUTPUT_RAW,940309853,SERVO_OUTPUT_RAW,0,0,0,0,0,0,0,0,1000,1000,1000,1000,0,0,0,0,0
2025-12-15 00:49:45.182,SERVO_OUTPUT_RAW,940409788,SERVO_OUTPUT_RAW,0,0,0,0,0,0,0,0,1000,1000,1000,1000,0,0,0,0,0
2025-12-15 00:49:45.282,SERVO_OUTPUT_RAW,940509826,SERVO_OUTPUT_RAW,0,0,0,0,0,0,0,0,1000,1000,1000,1000,0,0,0,0,0
2025-12-15 00:49:45.382,SERVO_OUTPUT_RAW,940609816,SERVO_OUTPUT_RAW,0,0,0,0,0,0,0,0,1000,1000,1000,1000,0,0,0,0,0
2025-12-15 00:49:45.482,SERVO_OUTPUT_RAW,940709795,SERVO_OUTPUT_RAW,0,0,0,0,0,0,0,0,1000,1000,1000,1000,0,0,0,0,0
2025-12-15 00:49:45.582,SERVO_OUTPUT_RAW,940809787,SERVO_OUTPUT_RAW,0,0,0,0,0,0,0,0,1000,1000,1000,1000,0,0,0,0,0
2025-12-15 00:49:45.682,SERVO_OUTPUT_RAW,940909785,SERVO_OUTPUT_RAW,0,0,0,0,0,0,0,0,1000,1000,1000,1000,0,0,0,0,0
2025-12-15 00:49:45.782,SERVO_OUTPUT_RAW,941009783,SERVO_OUTPUT_RAW,0,0,0,0,0,0,0,0,1000,1000,1000,1000,0,0,0,0,0
2025-12-15 00:49:45.881,SERVO_OUTPUT_RAW,941109798,SERVO_OUTPUT_RAW,0,0,0,0,0,0,0,0,1000,1000,1000,1000,0,0,0,0,0
2025-12-15 00:49:45.981,SERVO_OUTPUT_RAW,941209766,SERVO_OUTPUT_RAW,0,0,0,0,0,0,0,0,1000,1000,1000,1000,0,0,0,0,0
2025-12-15 00:49:46.081,SERVO_OUTPUT_RAW,941309839,SERVO_OUTPUT_RAW,0,0,0,0,0,0,0,0,1000,1000,1000,1000,0,0,0,0,0
2025-12-15 00:49:46.181,SERVO_OUTPUT_RAW,941409807,SERVO_OUTPUT_RAW,0,0,0,0,0,0,0,0,1000,1000,1000,1000,0,0,0,0,0
2025-12-15 00:49:46.282,SERVO_OUTPUT_RAW,941509788,SERVO_OUTPUT_RAW,0,0,0,0,0,0,0,0,1000,1000,1000,1000,0,0,0,0,0
2025-12-15 00:49:46.382,SERVO_OUTPUT_RAW,941609841,SERVO_OUTPUT_RAW,0,0,0,0,0,0,0,0,1000,1000,1000,1000,0,0,0,0,0
2025-12-15 00:49:46.483,SERVO_OUTPUT_RAW,941712064,SERVO_OUTPUT_RAW,0,0,0,0,0,0,0,0,1000,1000,1000,1000,0,0,0,0,0
2025-12-15 00:49:46.582,SERVO_OUTPUT_RAW,941809796,SERVO_OUTPUT_RAW,0,0,0,0,0,0,0,0,1000,1000,1000,1000,0,0,0,0,0
2025-12-15 00:49:46.681,SERVO_OUTPUT_RAW,941909774,SERVO_OUTPUT_RAW,0,0,0,0,0,0,0,0,1000,1000,1000,1000,0,0,0,0,0
2025-12-15 00:49:46.781,SERVO_OUTPUT_RAW,942009807,SERVO_OUTPUT_RAW,0,0,0,0,0,0,0,0,1000,1000,1000,1000,0,0,0,0,0
2025-12-15 00:49:46.881,SERVO_OUTPUT_RAW,942109831,SERVO_OUTPUT_RAW,0,0,0,0,0,0,0,0,1000,1000,1000,1000,0,0,0,0,0
2025-12-15 00:49:46.981,SERVO_OUTPUT_RAW,942209808,SERVO_OUTPUT_RAW,0,0,0,0,0,0,0,0,1000,1000,1000,1000,0,0,0,0,0
2025-12-15 00:49:47.081,SERVO_OUTPUT_RAW,942309783,SERVO_OUTPUT_RAW,0,0,0,0,0,0,0,0,1000,1000,1000,1000,0,0,0,0,0
2025-12-15 00:49:47.181,SERVO_OUTPUT_RAW,942409800,SERVO_OUTPUT_RAW,0,0,0,0,0,0,0,0,1000,1000,1000,1000,0,0,0,0,0
2025-12-15 00:49:47.281,SERVO_OUTPUT_RAW,942509812,SERVO_OUTPUT_RAW,0,0,0,0,0,0,0,0,1000,1000,1000,1000,0,0,0,0,0
2025-12-15 00:49:47.383,SERVO_OUTPUT_RAW,942612148,SERVO_OUTPUT_RAW,0,0,0,0,0,0,0,0,1000,1000,1000,1000,0,0,0,0,0
2025-12-15 00:49:47.482,SERVO_OUTPUT_RAW,942709792,SERVO_OUTPUT_RAW,0,0,0,0,0,0,0,0,1000,1000,1000,1000,0,0,0,0,0
2025-12-15 00:49:47.581,SERVO_OUTPUT_RAW,942809826,SERVO_OUTPUT_RAW,0,0,0,0,0,0,0,0,1000,1000,1000,1000,0,0,0,0,0
2025-12-15 00:49:47.681,SERVO_OUTPUT_RAW,942909837,SERVO_OUTPUT_RAW,0,0,0,0,0,0,0,0,1000,1000,1000,1000,0,0,0,0,0
2025-12-15 00:49:47.781,SERVO_OUTPUT_RAW,943009806,SERVO_OUTPUT_RAW,0,0,0,0,0,0,0,0,1000,1000,1000,1000,0,0,0,0,0
2025-12-15 00:49:47.882,SERVO_OUTPUT_RAW,943109825,SERVO_OUTPUT_RAW,0,0,0,0,0,0,0,0,1000,1000,1000,1000,0,0,0,0,0
2025-12-15 00:49:47.981,SERVO_OUTPUT_RAW,943209850,SERVO_OUTPUT_RAW,0,0,0,0,0,0,0,0,1000,1000,1000,1000,0,0,0,0,0
2025-12-15 00:49:48.081,SERVO_OUTPUT_RAW,943309830,SERVO_OUTPUT_RAW,0,0,0,0,0,0,0,0,1000,1000,1000,1000,0,0,0,0,0
2025-12-15 00:49:48.181,SERVO_OUTPUT_RAW,943409809,SERVO_OUTPUT_RAW,0,0,0,0,0,0,0,0,1000,1000,1000,1000,0,0,0,0,0
2025-12-15 00:49:48.281,SERVO_OUTPUT_RAW,943509808,SERVO_OUTPUT_RAW,0,0,0,0,0,0,0,0,1000,1000,1000,1000,0,0,0,0,0
2025-12-15 00:49:48.381,SERVO_OUTPUT_RAW,943609827,SERVO_OUTPUT_RAW,0,0,0,0,0,0,0,0,1000,1000,1000,1000,0,0,0,0,0
2025-12-15 00:49:48.481,SERVO_OUTPUT_RAW,943709812,SERVO_OUTPUT_RAW,0,0,0,0,0,0,0,0,1000,1000,1000,1000,0,0,0,0,0
2025-12-15 00:49:48.581,SERVO_OUTPUT_RAW,943809889,SERVO_OUTPUT_RAW,0,0,0,0,0,0,0,0,1000,1000,1000,1000,0,0,0,0,0
2025-12-15 00:49:48.681,SERVO_OUTPUT_RAW,943909785,SERVO_OUTPUT_RAW,0,0,0,0,0,0,0,0,1000,1000,1000,1000,0,0,0,0,0
2025-12-15 00:49:48.782,SERVO_OUTPUT_RAW,944009793,SERVO_OUTPUT_RAW,0,0,0,0,0,0,0,0,1000,1000,1000,1000,0,0,0,0,0
2025-12-15 00:49:48.882,SERVO_OUTPUT_RAW,944109793,SERVO_OUTPUT_RAW,0,0,0,0,0,0,0,0,1000,1000,1000,1000,0,0,0,0,0
2025-12-15 00:49:48.982,SERVO_OUTPUT_RAW,944209790,SERVO_OUTPUT_RAW,0,0,0,0,0,0,0,0,1000,1000,1000,1000,0,0,0,0,0
2025-12-15 00:49:49.082,SERVO_OUTPUT_RAW,944309821,SERVO_OUTPUT_RAW,0,0,0,0,0,0,0,0,1000,1000,1000,1000,0,0,0,0,0
2025-12-15 00:49:49.182,SERVO_OUTPUT_RAW,944409817,SERVO_OUTPUT_RAW,0,0,0,0,0,0,0,0,1000,1000,1000,1000,0,0,0,0,0
2025-12-15 00:49:49.282,SERVO_OUTPUT_RAW,944509856,SERVO_OUTPUT_RAW,0,0,0,0,0,0,0,0,1000,1000,1000,1000,0,0,0,0,0
2025-12-15 00:49:49.382,SERVO_OUTPUT_RAW,944609784,SERVO_OUTPUT_RAW,0,0,0,0,0,0,0,0,1000,1000,1000,1000,0,0,0,0,0
2025-12-15 00:49:49.482,SERVO_OUTPUT_RAW,944709807,SERVO_OUTPUT_RAW,0,0,0,0,0,0,0,0,1000,1000,1000,1000,0,0,0,0,0
2025-12-15 00:49:49.582,SERVO_OUTPUT_RAW,944809842,SERVO_OUTPUT_RAW,0,0,0,0,0,0,0,0,1000,1000,1000,1000,0,0,0,0,0
2025-12-15 00:49:49.682,SERVO_OUTPUT_RAW,944909834,SERVO_OUTPUT_RAW,0,0,0,0,0,0,0,0,1000,1000,1000,1000,0,0,0,0,0
2025-12-15 00:49:49.782,SERVO_OUTPUT_RAW,945009783,SERVO_OUTPUT_RAW,0,0,0,0,0,0,0,0,1000,1000,1000,1000,0,0,0,0,0
2025-12-15 00:49:49.882,SERVO_OUTPUT_RAW,945109813,SERVO_OUTPUT_RAW,0,0,0,0,0,0,0,0,1000,1000,1000,1000,0,0,0,0,0
2025-12-15 00:49:49.982,SERVO_OUTPUT_RAW,945209833,SERVO_OUTPUT_RAW,0,0,0,0,0,0,0,0,1000,1000,1000,1000,0,0,0,0,0
2025-12-15 00:49:50.082,SERVO_OUTPUT_RAW,945309777,SERVO_OUTPUT_RAW,0,0,0,0,0,0,0,0,1000,1000,1000,1000,0,0,0,0,0
2025-12-15 00:49:50.182,SERVO_OUTPUT_RAW,945409789,SERVO_OUTPUT_RAW,0,0,0,0,0,0,0,0,1000,1000,1000,1000,0,0,0,0,0
2025-12-15 00:49:50.282,SERVO_OUTPUT_RAW,945509824,SERVO_OUTPUT_RAW,0,0,0,0,0,0,0,0,1000,1000,1000,1000,0,0,0,0,0
2025-12-15 00:49:50.382,SERVO_OUTPUT_RAW,945609790,SERVO_OUTPUT_RAW,0,0,0,0,0,0,0,0,1000,1000,1000,1000,0,0,0,0,0
2025-12-15 00:49:50.482,SERVO_OUTPUT_RAW,945709784,SERVO_OUTPUT_RAW,0,0,0,0,0,0,0,0,1000,1000,1000,1000,0,0,0,0,0
2025-12-15 00:49:50.582,SERVO_OUTPUT_RAW,945809795,SERVO_OUTPUT_RAW,0,0,0,0,0,0,0,0,1000,1000,1000,1000,0,0,0,0,0
2025-12-15 00:49:50.682,SERVO_OUTPUT_RAW,945912161,SERVO_OUTPUT_RAW,0,0,0,0,0,0,0,0,1000,1000,1000,1000,0,0,0,0,0
2025-12-15 00:49:50.782,SERVO_OUTPUT_RAW,946009790,SERVO_OUTPUT_RAW,0,0,0,0,0,0,0,0,1000,1000,1000,1000,0,0,0,0,0
2025-12-15 00:49:50.882,SERVO_OUTPUT_RAW,946112163,SERVO_OUTPUT_RAW,0,0,0,0,0,0,0,0,1000,1000,1000,1000,0,0,0,0,0
2025-12-15 00:49:50.982,SERVO_OUTPUT_RAW,946209829,SERVO_OUTPUT_RAW,0,0,0,0,0,0,0,0,1000,1000,1000,1000,0,0,0,0,0
2025-12-15 00:49:51.082,SERVO_OUTPUT_RAW,946309823,SERVO_OUTPUT_RAW,0,0,0,0,0,0,0,0,1000,1000,1000,1000,0,0,0,0,0
2025-12-15 00:49:51.182,SERVO_OUTPUT_RAW,946409832,SERVO_OUTPUT_RAW,0,0,0,0,0,0,0,0,1000,1000,1000,1000,0,0,0,0,0
2025-12-15 00:49:51.282,SERVO_OUTPUT_RAW,946509879,SERVO_OUTPUT_RAW,0,0,0,0,0,0,0,0,1000,1000,1000,1000,0,0,0,0,0
2025-12-15 00:49:51.383,SERVO_OUTPUT_RAW,946609798,SERVO_OUTPUT_RAW,0,0,0,0,0,0,0,0,1000,1000,1000,1000,0,0,0,0,0
2025-12-15 00:49:51.482,SERVO_OUTPUT_RAW,946709820,SERVO_OUTPUT_RAW,0,0,0,0,0,0,0,0,1000,1000,1000,1000,0,0,0,0,0
2025-12-15 00:49:51.582,SERVO_OUTPUT_RAW,946809821,SERVO_OUTPUT_RAW,0,0,0,0,0,0,0,0,1000,1000,1000,1000,0,0,0,0,0
2025-12-15 00:49:51.682,SERVO_OUTPUT_RAW,946909778,SERVO_OUTPUT_RAW,0,0,0,0,0,0,0,0,1000,1000,1000,1000,0,0,0,0,0
2025-12-15 00:49:51.782,SERVO_OUTPUT_RAW,947009803,SERVO_OUTPUT_RAW,0,0,0,0,0,0,0,0,1000,1000,1000,1000,0,0,0,0,0
2025-12-15 00:49:51.882,SERVO_OUTPUT_RAW,947109805,SERVO_OUTPUT_RAW,0,0,0,0,0,0,0,0,1000,1000,1000,1000,0,0,0,0,0
2025-12-15 00:49:51.982,SERVO_OUTPUT_RAW,947209784,SERVO_OUTPUT_RAW,0,0,0,0,0,0,0,0,1000,1000,1000,1000,0,0,0,0,0
2025-12-15 00:49:52.082,SERVO_OUTPUT_RAW,947309785,SERVO_OUTPUT_RAW,0,0,0,0,0,0,0,0,1000,1000,1000,1000,0,0,0,0,0
2025-12-15 00:49:52.182,SERVO_OUTPUT_RAW,947409826,SERVO_OUTPUT_RAW,0,0,0,0,0,0,0,0,1000,1000,1000,1000,0,0,0,0,0
2025-12-15 00:49:52.282,SERVO_OUTPUT_RAW,947509851,SERVO_OUTPUT_RAW,0,0,0,0,0,0,0,0,1000,1000,1000,1000,0,0,0,0,0
2025-12-15 00:49:52.382,SERVO_OUTPUT_RAW,947609835,SERVO_OUTPUT_RAW,0,0,0,0,0,0,0,0,1000,1000,1000,1000,0,0,0,0,0
2025-12-15 00:49:52.482,SERVO_OUTPUT_RAW,947709803,SERVO_OUTPUT_RAW,0,0,0,0,0,0,0,0,1000,1000,1000,1000,0,0,0,0,0
2025-12-15 00:49:52.582,SERVO_OUTPUT_RAW,947809831,SERVO_OUTPUT_RAW,0,0,0,0,0,0,0,0,1000,1000,1000,1000,0,0,0,0,0
2025-12-15 00:49:52.682,SERVO_OUTPUT_RAW,947909847,SERVO_OUTPUT_RAW,0,0,0,0,0,0,0,0,1000,1000,1000,1000,0,0,0,0,0
2025-12-15 00:49:52.782,SERVO_OUTPUT_RAW,948012089,SERVO_OUTPUT_RAW,0,0,0,0,0,0,0,0,1000,1000,1000,1000,0,0,0,0,0
2025-12-15 00:49:52.882,SERVO_OUTPUT_RAW,948109783,SERVO_OUTPUT_RAW,0,0,0,0,0,0,0,0,1000,1000,1000,1000,0,0,0,0,0
2025-12-15 00:49:52.982,SERVO_OUTPUT_RAW,948209794,SERVO_OUTPUT_RAW,0,0,0,0,0,0,0,0,1000,1000,1000,1000,0,0,0,0,0
2025-12-15 00:49:53.082,SERVO_OUTPUT_RAW,948309818,SERVO_OUTPUT_RAW,0,0,0,0,0,0,0,0,1000,1000,1000,1000,0,0,0,0,0
2025-12-15 00:49:53.182,SERVO_OUTPUT_RAW,948409841,SERVO_OUTPUT_RAW,0,0,0,0,0,0,0,0,1000,1000,1000,1000,0,0,0,0,0
2025-12-15 00:49:53.282,SERVO_OUTPUT_RAW,948509780,SERVO_OUTPUT_RAW,0,0,0,0,0,0,0,0,1000,1000,1000,1000,0,0,0,0,0
2025-12-15 00:49:53.382,SERVO_OUTPUT_RAW,948609777,SERVO_OUTPUT_RAW,0,0,0,0,0,0,0,0,1000,1000,1000,1000,0,0,0,0,0
2025-12-15 00:49:53.483,SERVO_OUTPUT_RAW,948709786,SERVO_OUTPUT_RAW,0,0,0,0,0,0,0,0,1000,1000,1000,1000,0,0,0,0,0
2025-12-15 00:49:53.583,SERVO_OUTPUT_RAW,948809797,SERVO_OUTPUT_RAW,0,0,0,0,0,0,0,0,1000,1000,1000,1000,0,0,0,0,0
2025-12-15 00:49:53.682,SERVO_OUTPUT_RAW,948909808,SERVO_OUTPUT_RAW,0,0,0,0,0,0,0,0,1000,1000,1000,1000,0,0,0,0,0
2025-12-15 00:49:53.782,SERVO_OUTPUT_RAW,949012147,SERVO_OUTPUT_RAW,0,0,0,0,0,0,0,0,1000,1000,1000,1000,0,0,0,0,0
2025-12-15 00:49:53.882,SERVO_OUTPUT_RAW,949109832,SERVO_OUTPUT_RAW,0,0,0,0,0,0,0,0,1000,1000,1000,1000,0,0,0,0,0
2025-12-15 00:49:53.982,SERVO_OUTPUT_RAW,949209853,SERVO_OUTPUT_RAW,0,0,0,0,0,0,0,0,1000,1000,1000,1000,0,0,0,0,0
2025-12-15 00:49:54.082,SERVO_OUTPUT_RAW,949309781,SERVO_OUTPUT_RAW,0,0,0,0,0,0,0,0,1000,1000,1000,1000,0,0,0,0,0
2025-12-15 00:49:54.182,SERVO_OUTPUT_RAW,949409827,SERVO_OUTPUT_RAW,0,0,0,0,0,0,0,0,1000,1000,1000,1000,0,0,0,0,0
2025-12-15 00:49:54.282,SERVO_OUTPUT_RAW,949509846,SERVO_OUTPUT_RAW,0,0,0,0,0,0,0,0,1000,1000,1000,1000,0,0,0,0,0
2025-12-15 00:49:54.383,SERVO_OUTPUT_RAW,949609832,SERVO_OUTPUT_RAW,0,0,0,0,0,0,0,0,1000,1000,1000,1000,0,0,0,0,0
2025-12-15 00:49:54.483,SERVO_OUTPUT_RAW,949709791,SERVO_OUTPUT_RAW,0,0,0,0,0,0,0,0,1000,1000,1000,1000,0,0,0,0,0
2025-12-15 00:49:54.582,SERVO_OUTPUT_RAW,949809814,SERVO_OUTPUT_RAW,0,0,0,0,0,0,0,0,1000,1000,1000,1000,0,0,0,0,0
2025-12-15 00:49:54.682,SERVO_OUTPUT_RAW,949909814,SERVO_OUTPUT_RAW,0,0,0,0,0,0,0,0,1000,1000,1000,1000,0,0,0,0,0
2025-12-15 00:49:54.782,SERVO_OUTPUT_RAW,950009829,SERVO_OUTPUT_RAW,0,0,0,0,0,0,0,0,1000,1000,1000,1000,0,0,0,0,0
2025-12-15 00:49:54.883,SERVO_OUTPUT_RAW,950109878,SERVO_OUTPUT_RAW,0,0,0,0,0,0,0,0,1000,1000,1000,1000,0,0,0,0,0
2025-12-15 00:49:54.982,SERVO_OUTPUT_RAW,950209789,SERVO_OUTPUT_RAW,0,0,0,0,0,0,0,0,1000,1000,1000,1000,0,0,0,0,0
2025-12-15 00:49:55.082,SERVO_OUTPUT_RAW,950309798,SERVO_OUTPUT_RAW,0,0,0,0,0,0,0,0,1000,1000,1000,1000,0,0,0,0,0
2025-12-15 00:49:55.182,SERVO_OUTPUT_RAW,950409786,SERVO_OUTPUT_RAW,0,0,0,0,0,0,0,0,1000,1000,1000,1000,0,0,0,0,0
2025-12-15 00:49:55.281,SERVO_OUTPUT_RAW,950509792,SERVO_OUTPUT_RAW,0,0,0,0,0,0,0,0,1000,1000,1000,1000,0,0,0,0,0
2025-12-15 00:49:55.383,SERVO_OUTPUT_RAW,950609846,SERVO_OUTPUT_RAW,0,0,0,0,0,0,0,0,1000,1000,1000,1000,0,0,0,0,0
2025-12-15 00:49:55.483,SERVO_OUTPUT_RAW,950709822,SERVO_OUTPUT_RAW,0,0,0,0,0,0,0,0,1000,1000,1000,1000,0,0,0,0,0
2025-12-15 00:49:55.582,SERVO_OUTPUT_RAW,950809797,SERVO_OUTPUT_RAW,0,0,0,0,0,0,0,0,1000,1000,1000,1000,0,0,0,0,0
2025-12-15 00:49:55.682,SERVO_OUTPUT_RAW,950909828,SERVO_OUTPUT_RAW,0,0,0,0,0,0,0,0,1000,1000,1000,1000,0,0,0,0,0
2025-12-15 00:49:55.782,SERVO_OUTPUT_RAW,951009823,SERVO_OUTPUT_RAW,0,0,0,0,0,0,0,0,1000,1000,1000,1000,0,0,0,0,0
2025-12-15 00:49:55.882,SERVO_OUTPUT_RAW,951109859,SERVO_OUTPUT_RAW,0,0,0,0,0,0,0,0,1000,1000,1000,1000,0,0,0,0,0
2025-12-15 00:49:55.983,SERVO_OUTPUT_RAW,951209779,SERVO_OUTPUT_RAW,0,0,0,0,0,0,0,0,1000,1000,1000,1000,0,0,0,0,0
2025-12-15 00:49:56.082,SERVO_OUTPUT_RAW,951309816,SERVO_OUTPUT_RAW,0,0,0,0,0,0,0,0,1000,1000,1000,1000,0,0,0,0,0
2025-12-15 00:49:56.182,SERVO_OUTPUT_RAW,951409827,SERVO_OUTPUT_RAW,0,0,0,0,0,0,0,0,1000,1000,1000,1000,0,0,0,0,0
2025-12-15 00:49:56.282,SERVO_OUTPUT_RAW,951509833,SERVO_OUTPUT_RAW,0,0,0,0,0,0,0,0,1000,1000,1000,1000,0,0,0,0,0
2025-12-15 00:49:56.382,SERVO_OUTPUT_RAW,951609785,SERVO_OUTPUT_RAW,0,0,0,0,0,0,0,0,1000,1000,1000,1000,0,0,0,0,0
2025-12-15 00:49:56.482,SERVO_OUTPUT_RAW,951709777,SERVO_OUTPUT_RAW,0,0,0,0,0,0,0,0,1000,1000,1000,1000,0,0,0,0,0
2025-12-15 00:49:56.582,SERVO_OUTPUT_RAW,951809781,SERVO_OUTPUT_RAW,0,0,0,0,0,0,0,0,1000,1000,1000,1000,0,0,0,0,0
2025-12-15 00:49:56.682,SERVO_OUTPUT_RAW,951909787,SERVO_OUTPUT_RAW,0,0,0,0,0,0,0,0,1000,1000,1000,1000,0,0,0,0,0
2025-12-15 00:49:56.782,SERVO_OUTPUT_RAW,952009778,SERVO_OUTPUT_RAW,0,0,0,0,0,0,0,0,1000,1000,1000,1000,0,0,0,0,0
2025-12-15 00:49:56.882,SERVO_OUTPUT_RAW,952109807,SERVO_OUTPUT_RAW,0,0,0,0,0,0,0,0,1000,1000,1000,1000,0,0,0,0,0
2025-12-15 00:49:56.982,SERVO_OUTPUT_RAW,952212172,SERVO_OUTPUT_RAW,0,0,0,0,0,0,0,0,1000,1000,1000,1000,0,0,0,0,0
2025-12-15 00:49:57.082,SERVO_OUTPUT_RAW,952309799,SERVO_OUTPUT_RAW,0,0,0,0,0,0,0,0,1000,1000,1000,1000,0,0,0,0,0
2025-12-15 00:49:57.182,SERVO_OUTPUT_RAW,952409905,SERVO_OUTPUT_RAW,0,0,0,0,0,0,0,0,1000,1000,1000,1000,0,0,0,0,0
2025-12-15 00:49:57.282,SERVO_OUTPUT_RAW,952509812,SERVO_OUTPUT_RAW,0,0,0,0,0,0,0,0,1000,1000,1000,1000,0,0,0,0,0
2025-12-15 00:49:57.384,SERVO_OUTPUT_RAW,952609841,SERVO_OUTPUT_RAW,0,0,0,0,0,0,0,0,1000,1000,1000,1000,0,0,0,0,0
2025-12-15 00:49:57.483,SERVO_OUTPUT_RAW,952709847,SERVO_OUTPUT_RAW,0,0,0,0,0,0,0,0,1000,1000,1000,1000,0,0,0,0,0
2025-12-15 00:49:57.581,SERVO_OUTPUT_RAW,952809781,SERVO_OUTPUT_RAW,0,0,0,0,0,0,0,0,1000,1000,1000,1000,0,0,0,0,0
2025-12-15 00:49:57.682,SERVO_OUTPUT_RAW,952909816,SERVO_OUTPUT_RAW,0,0,0,0,0,0,0,0,1000,1000,1000,1000,0,0,0,0,0
2025-12-15 00:49:57.782,SERVO_OUTPUT_RAW,953009825,SERVO_OUTPUT_RAW,0,0,0,0,0,0,0,0,1000,1000,1000,1000,0,0,0,0,0
2025-12-15 00:49:57.882,SERVO_OUTPUT_RAW,953109779,SERVO_OUTPUT_RAW,0,0,0,0,0,0,0,0,1000,1000,1000,1000,0,0,0,0,0
2025-12-15 00:49:57.982,SERVO_OUTPUT_RAW,953209784,SERVO_OUTPUT_RAW,0,0,0,0,0,0,0,0,1000,1000,1000,1000,0,0,0,0,0
2025-12-15 00:49:58.082,SERVO_OUTPUT_RAW,953309800,SERVO_OUTPUT_RAW,0,0,0,0,0,0,0,0,1000,1000,1000,1000,0,0,0,0,0
2025-12-15 00:49:58.182,SERVO_OUTPUT_RAW,953409788,SERVO_OUTPUT_RAW,0,0,0,0,0,0,0,0,1000,1000,1000,1000,0,0,0,0,0
2025-12-15 00:49:58.282,SERVO_OUTPUT_RAW,953509789,SERVO_OUTPUT_RAW,0,0,0,0,0,0,0,0,1000,1000,1000,1000,0,0,0,0,0
2025-12-15 00:49:58.382,SERVO_OUTPUT_RAW,953609786,SERVO_OUTPUT_RAW,0,0,0,0,0,0,0,0,1000,1000,1000,1000,0,0,0,0,0
2025-12-15 00:49:58.482,SERVO_OUTPUT_RAW,953709829,SERVO_OUTPUT_RAW,0,0,0,0,0,0,0,0,1000,1000,1000,1000,0,0,0,0,0
2025-12-15 00:49:58.582,SERVO_OUTPUT_RAW,953809833,SERVO_OUTPUT_RAW,0,0,0,0,0,0,0,0,1000,1000,1000,1000,0,0,0,0,0
2025-12-15 00:49:58.682,SERVO_OUTPUT_RAW,953909875,SERVO_OUTPUT_RAW,0,0,0,0,0,0,0,0,1000,1000,1000,1000,0,0,0,0,0
2025-12-15 00:49:58.782,SERVO_OUTPUT_RAW,954009797,SERVO_OUTPUT_RAW,0,0,0,0,0,0,0,0,1000,1000,1000,1000,0,0,0,0,0
2025-12-15 00:49:58.882,SERVO_OUTPUT_RAW,954109816,SERVO_OUTPUT_RAW,0,0,0,0,0,0,0,0,1000,1000,1000,1000,0,0,0,0,0
2025-12-15 00:49:58.982,SERVO_OUTPUT_RAW,954209875,SERVO_OUTPUT_RAW,0,0,0,0,0,0,0,0,1000,1000,1000,1000,0,0,0,0,0
2025-12-15 00:49:59.082,SERVO_OUTPUT_RAW,954309908,SERVO_OUTPUT_RAW,0,0,0,0,0,0,0,0,1000,1000,1000,1000,0,0,0,0,0
2025-12-15 00:49:59.182,SERVO_OUTPUT_RAW,954409796,SERVO_OUTPUT_RAW,0,0,0,0,0,0,0,0,1000,1000,1000,1000,0,0,0,0,0
2025-12-15 00:49:59.282,SERVO_OUTPUT_RAW,954509827,SERVO_OUTPUT_RAW,0,0,0,0,0,0,0,0,1000,1000,1000,1000,0,0,0,0,0
2025-12-15 00:49:59.382,SERVO_OUTPUT_RAW,954609821,SERVO_OUTPUT_RAW,0,0,0,0,0,0,0,0,1000,1000,1000,1000,0,0,0,0,0
2025-12-15 00:49:59.482,SERVO_OUTPUT_RAW,954709788,SERVO_OUTPUT_RAW,0,0,0,0,0,0,0,0,1000,1000,1000,1000,0,0,0,0,0
2025-12-15 00:49:59.583,SERVO_OUTPUT_RAW,954809784,SERVO_OUTPUT_RAW,0,0,0,0,0,0,0,0,1000,1000,1000,1000,0,0,0,0,0
2025-12-15 00:49:59.683,SERVO_OUTPUT_RAW,954909805,SERVO_OUTPUT_RAW,0,0,0,0,0,0,0,0,1000,1000,1000,1000,0,0,0,0,0
2025-12-15 00:49:59.782,SERVO_OUTPUT_RAW,955009781,SERVO_OUTPUT_RAW,0,0,0,0,0,0,0,0,1000,1000,1000,1000,0,0,0,0,0
2025-12-15 00:49:59.882,SERVO_OUTPUT_RAW,955109797,SERVO_OUTPUT_RAW,0,0,0,0,0,0,0,0,1000,1000,1000,1000,0,0,0,0,0
2025-12-15 00:49:59.982,SERVO_OUTPUT_RAW,955212146,SERVO_OUTPUT_RAW,0,0,0,0,0,0,0,0,1000,1000,1000,1000,0,0,0,0,0
2025-12-15 00:50:00.082,SERVO_OUTPUT_RAW,955309821,SERVO_OUTPUT_RAW,0,0,0,0,0,0,0,0,1000,1000,1000,1000,0,0,0,0,0
2025-12-15 00:50:00.182,SERVO_OUTPUT_RAW,955409837,SERVO_OUTPUT_RAW,0,0,0,0,0,0,0,0,1000,1000,1000,1000,0,0,0,0,0
2025-12-15 00:50:00.283,SERVO_OUTPUT_RAW,955509802,SERVO_OUTPUT_RAW,0,0,0,0,0,0,0,0,1000,1000,1000,1000,0,0,0,0,0
2025-12-15 00:50:00.382,SERVO_OUTPUT_RAW,955609803,SERVO_OUTPUT_RAW,0,0,0,0,0,0,0,0,1000,1000,1000,1000,0,0,0,0,0
2025-12-15 00:50:00.482,SERVO_OUTPUT_RAW,955709853,SERVO_OUTPUT_RAW,0,0,0,0,0,0,0,0,1000,1000,1000,1000,0,0,0,0,0
2025-12-15 00:50:00.583,SERVO_OUTPUT_RAW,955809848,SERVO_OUTPUT_RAW,0,0,0,0,0,0,0,0,1000,1000,1000,1000,0,0,0,0,0
2025-12-15 00:50:00.682,SERVO_OUTPUT_RAW,955909822,SERVO_OUTPUT_RAW,0,0,0,0,0,0,0,0,1000,1000,1000,1000,0,0,0,0,0
2025-12-15 00:50:00.782,SERVO_OUTPUT_RAW,956009814,SERVO_OUTPUT_RAW,0,0,0,0,0,0,0,0,1000,1000,1000,1000,0,0,0,0,0
2025-12-15 00:50:00.883,SERVO_OUTPUT_RAW,956109807,SERVO_OUTPUT_RAW,0,0,0,0,0,0,0,0,1000,1000,1000,1000,0,0,0,0,0
2025-12-15 00:50:00.982,SERVO_OUTPUT_RAW,956209813,SERVO_OUTPUT_RAW,0,0,0,0,0,0,0,0,1000,1000,1000,1000,0,0,0,0,0
2025-12-15 00:50:01.082,SERVO_OUTPUT_RAW,956309791,SERVO_OUTPUT_RAW,0,0,0,0,0,0,0,0,1000,1000,1000,1000,0,0,0,0,0
2025-12-15 00:50:01.183,SERVO_OUTPUT_RAW,956412087,SERVO_OUTPUT_RAW,0,0,0,0,0,0,0,0,1000,1000,1000,1000,0,0,0,0,0
2025-12-15 00:50:01.282,SERVO_OUTPUT_RAW,956509790,SERVO_OUTPUT_RAW,0,0,0,0,0,0,0,0,1000,1000,1000,1000,0,0,0,0,0
2025-12-15 00:50:01.382,SERVO_OUTPUT_RAW,956609783,SERVO_OUTPUT_RAW,0,0,0,0,0,0,0,0,1000,1000,1000,1000,0,0,0,0,0
2025-12-15 00:50:01.483,SERVO_OUTPUT_RAW,956709795,SERVO_OUTPUT_RAW,0,0,0,0,0,0,0,0,1000,1000,1000,1000,0,0,0,0,0
2025-12-15 00:50:01.582,SERVO_OUTPUT_RAW,956812138,SERVO_OUTPUT_RAW,0,0,0,0,0,0,0,0,1000,1000,1000,1000,0,0,0,0,0
2025-12-15 00:50:01.682,SERVO_OUTPUT_RAW,956909855,SERVO_OUTPUT_RAW,0,0,0,0,0,0,0,0,1000,1000,1000,1000,0,0,0,0,0
2025-12-15 00:50:01.782,SERVO_OUTPUT_RAW,957009850,SERVO_OUTPUT_RAW,0,0,0,0,0,0,0,0,1000,1000,1000,1000,0,0,0,0,0
2025-12-15 00:50:01.883,SERVO_OUTPUT_RAW,957109792,SERVO_OUTPUT_RAW,0,0,0,0,0,0,0,0,1000,1000,1000,1000,0,0,0,0,0
2025-12-15 00:50:01.982,SERVO_OUTPUT_RAW,957209808,SERVO_OUTPUT_RAW,0,0,0,0,0,0,0,0,1000,1000,1000,1000,0,0,0,0,0
2025-12-15 00:50:02.082,SERVO_OUTPUT_RAW,957309843,SERVO_OUTPUT_RAW,0,0,0,0,0,0,0,0,1000,1000,1000,1000,0,0,0,0,0
2025-12-15 00:50:02.183,SERVO_OUTPUT_RAW,957409849,SERVO_OUTPUT_RAW,0,0,0,0,0,0,0,0,1000,1000,1000,1000,0,0,0,0,0
2025-12-15 00:50:02.282,SERVO_OUTPUT_RAW,957509794,SERVO_OUTPUT_RAW,0,0,0,0,0,0,0,0,1000,1000,1000,1000,0,0,0,0,0
2025-12-15 00:50:02.387,SERVO_OUTPUT_RAW,957609805,SERVO_OUTPUT_RAW,0,0,0,0,0,0,0,0,1000,1000,1000,1000,0,0,0,0,0
2025-12-15 00:50:02.482,SERVO_OUTPUT_RAW,957709823,SERVO_OUTPUT_RAW,0,0,0,0,0,0,0,0,1000,1000,1000,1000,0,0,0,0,0
2025-12-15 00:50:02.582,SERVO_OUTPUT_RAW,957809823,SERVO_OUTPUT_RAW,0,0,0,0,0,0,0,0,1000,1000,1000,1000,0,0,0,0,0
2025-12-15 00:50:02.682,SERVO_OUTPUT_RAW,957909792,SERVO_OUTPUT_RAW,0,0,0,0,0,0,0,0,1000,1000,1000,1000,0,0,0,0,0
2025-12-15 00:50:02.782,SERVO_OUTPUT_RAW,958009789,SERVO_OUTPUT_RAW,0,0,0,0,0,0,0,0,1000,1000,1000,1000,0,0,0,0,0
2025-12-15 00:50:02.882,SERVO_OUTPUT_RAW,958109804,SERVO_OUTPUT_RAW,0,0,0,0,0,0,0,0,1000,1000,1000,1000,0,0,0,0,0
2025-12-15 00:50:02.982,SERVO_OUTPUT_RAW,958209787,SERVO_OUTPUT_RAW,0,0,0,0,0,0,0,0,1000,1000,1000,1000,0,0,0,0,0
2025-12-15 00:50:03.082,SERVO_OUTPUT_RAW,958309810,SERVO_OUTPUT_RAW,0,0,0,0,0,0,0,0,1000,1000,1000,1000,0,0,0,0,0
2025-12-15 00:50:03.183,SERVO_OUTPUT_RAW,958409836,SERVO_OUTPUT_RAW,0,0,0,0,0,0,0,0,1000,1000,1000,1000,0,0,0,0,0
2025-12-15 00:50:03.282,SERVO_OUTPUT_RAW,958512143,SERVO_OUTPUT_RAW,0,0,0,0,0,0,0,0,1000,1000,1000,1000,0,0,0,0,0
2025-12-15 00:50:03.383,SERVO_OUTPUT_RAW,958609806,SERVO_OUTPUT_RAW,0,0,0,0,0,0,0,0,1000,1000,1000,1000,0,0,0,0,0
2025-12-15 00:50:03.483,SERVO_OUTPUT_RAW,958709840,SERVO_OUTPUT_RAW,0,0,0,0,0,0,0,0,1000,1000,1000,1000,0,0,0,0,0
2025-12-15 00:50:03.583,SERVO_OUTPUT_RAW,958809816,SERVO_OUTPUT_RAW,0,0,0,0,0,0,0,0,1000,1000,1000,1000,0,0,0,0,0
2025-12-15 00:50:03.682,SERVO_OUTPUT_RAW,958909855,SERVO_OUTPUT_RAW,0,0,0,0,0,0,0,0,1000,1000,1000,1000,0,0,0,0,0
2025-12-15 00:50:03.783,SERVO_OUTPUT_RAW,959009828,SERVO_OUTPUT_RAW,0,0,0,0,0,0,0,0,1000,1000,1000,1000,0,0,0,0,0
2025-12-15 00:50:03.883,SERVO_OUTPUT_RAW,959109782,SERVO_OUTPUT_RAW,0,0,0,0,0,0,0,0,1000,1000,1000,1000,0,0,0,0,0
2025-12-15 00:50:03.983,SERVO_OUTPUT_RAW,959209826,SERVO_OUTPUT_RAW,0,0,0,0,0,0,0,0,1000,1000,1000,1000,0,0,0,0,0
2025-12-15 00:50:04.083,SERVO_OUTPUT_RAW,959309809,SERVO_OUTPUT_RAW,0,0,0,0,0,0,0,0,1000,1000,1000,1000,0,0,0,0,0
2025-12-15 00:50:04.183,SERVO_OUTPUT_RAW,959409781,SERVO_OUTPUT_RAW,0,0,0,0,0,0,0,0,1000,1000,1000,1000,0,0,0,0,0
2025-12-15 00:50:04.283,SERVO_OUTPUT_RAW,959509787,SERVO_OUTPUT_RAW,0,0,0,0,0,0,0,0,1000,1000,1000,1000,0,0,0,0,0
2025-12-15 00:50:04.383,SERVO_OUTPUT_RAW,959609799,SERVO_OUTPUT_RAW,0,0,0,0,0,0,0,0,1000,1000,1000,1000,0,0,0,0,0
2025-12-15 00:50:04.483,SERVO_OUTPUT_RAW,959709807,SERVO_OUTPUT_RAW,0,0,0,0,0,0,0,0,1000,1000,1000,1000,0,0,0,0,0
2025-12-15 00:50:04.583,SERVO_OUTPUT_RAW,959809793,SERVO_OUTPUT_RAW,0,0,0,0,0,0,0,0,1000,1000,1000,1000,0,0,0,0,0
2025-12-15 00:50:04.683,SERVO_OUTPUT_RAW,959909814,SERVO_OUTPUT_RAW,0,0,0,0,0,0,0,0,1000,1000,1000,1000,0,0,0,0,0
2025-12-15 00:50:04.783,SERVO_OUTPUT_RAW,960009843,SERVO_OUTPUT_RAW,0,0,0,0,0,0,0,0,1000,1000,1000,1000,0,0,0,0,0
2025-12-15 00:50:04.883,SERVO_OUTPUT_RAW,960109789,SERVO_OUTPUT_RAW,0,0,0,0,0,0,0,0,1000,1000,1000,1000,0,0,0,0,0
2025-12-15 00:50:04.983,SERVO_OUTPUT_RAW,960209793,SERVO_OUTPUT_RAW,0,0,0,0,0,0,0,0,1000,1000,1000,1000,0,0,0,0,0
2025-12-15 00:50:05.083,SERVO_OUTPUT_RAW,960309814,SERVO_OUTPUT_RAW,0,0,0,0,0,0,0,0,1000,1000,1000,1000,0,0,0,0,0
2025-12-15 00:50:05.183,SERVO_OUTPUT_RAW,960409836,SERVO_OUTPUT_RAW,0,0,0,0,0,0,0,0,1000,1000,1000,1000,0,0,0,0,0
2025-12-15 00:50:05.283,SERVO_OUTPUT_RAW,960509852,SERVO_OUTPUT_RAW,0,0,0,0,0,0,0,0,1000,1000,1000,1000,0,0,0,0,0
2025-12-15 00:50:05.383,SERVO_OUTPUT_RAW,960612149,SERVO_OUTPUT_RAW,0,0,0,0,0,0,0,0,1000,1000,1000,1000,0,0,0,0,0
2025-12-15 00:50:05.483,SERVO_OUTPUT_RAW,960709784,SERVO_OUTPUT_RAW,0,0,0,0,0,0,0,0,1000,1000,1000,1000,0,0,0,0,0
2025-12-15 00:50:05.583,SERVO_OUTPUT_RAW,960809817,SERVO_OUTPUT_RAW,0,0,0,0,0,0,0,0,1000,1000,1000,1000,0,0,0,0,0
2025-12-15 00:50:05.683,SERVO_OUTPUT_RAW,960909818,SERVO_OUTPUT_RAW,0,0,0,0,0,0,0,0,1000,1000,1000,1000,0,0,0,0,0
2025-12-15 00:50:05.783,SERVO_OUTPUT_RAW,961009797,SERVO_OUTPUT_RAW,0,0,0,0,0,0,0,0,1000,1000,1000,1000,0,0,0,0,0
2025-12-15 00:50:05.882,SERVO_OUTPUT_RAW,961109782,SERVO_OUTPUT_RAW,0,0,0,0,0,0,0,0,1000,1000,1000,1000,0,0,0,0,0
2025-12-15 00:50:05.982,SERVO_OUTPUT_RAW,961209790,SERVO_OUTPUT_RAW,0,0,0,0,0,0,0,0,1000,1000,1000,1000,0,0,0,0,0
2025-12-15 00:50:06.082,SERVO_OUTPUT_RAW,961309788,SERVO_OUTPUT_RAW,0,0,0,0,0,0,0,0,1000,1000,1000,1000,0,0,0,0,0
2025-12-15 00:50:06.182,SERVO_OUTPUT_RAW,961409805,SERVO_OUTPUT_RAW,0,0,0,0,0,0,0,0,1000,1000,1000,1000,0,0,0,0,0
2025-12-15 00:50:06.282,SERVO_OUTPUT_RAW,961509818,SERVO_OUTPUT_RAW,0,0,0,0,0,0,0,0,1000,1000,1000,1000,0,0,0,0,0
2025-12-15 00:50:06.382,SERVO_OUTPUT_RAW,961609808,SERVO_OUTPUT_RAW,0,0,0,0,0,0,0,0,1000,1000,1000,1000,0,0,0,0,0
2025-12-15 00:50:06.482,SERVO_OUTPUT_RAW,961709776,SERVO_OUTPUT_RAW,0,0,0,0,0,0,0,0,1000,1000,1000,1000,0,0,0,0,0
2025-12-15 00:50:06.582,SERVO_OUTPUT_RAW,961809790,SERVO_OUTPUT_RAW,0,0,0,0,0,0,0,0,1000,1000,1000,1000,0,0,0,0,0
2025-12-15 00:50:06.682,SERVO_OUTPUT_RAW,961909820,SERVO_OUTPUT_RAW,0,0,0,0,0,0,0,0,1000,1000,1000,1000,0,0,0,0,0
2025-12-15 00:50:06.783,SERVO_OUTPUT_RAW,962009845,SERVO_OUTPUT_RAW,0,0,0,0,0,0,0,0,1000,1000,1000,1000,0,0,0,0,0
2025-12-15 00:50:06.882,SERVO_OUTPUT_RAW,962109822,SERVO_OUTPUT_RAW,0,0,0,0,0,0,0,0,1000,1000,1000,1000,0,0,0,0,0
2025-12-15 00:50:06.982,SERVO_OUTPUT_RAW,962209790,SERVO_OUTPUT_RAW,0,0,0,0,0,0,0,0,1000,1000,1000,1000,0,0,0,0,0
2025-12-15 00:50:07.082,SERVO_OUTPUT_RAW,962309835,SERVO_OUTPUT_RAW,0,0,0,0,0,0,0,0,1000,1000,1000,1000,0,0,0,0,0
2025-12-15 00:50:07.182,SERVO_OUTPUT_RAW,962409819,SERVO_OUTPUT_RAW,0,0,0,0,0,0,0,0,1000,1000,1000,1000,0,0,0,0,0
2025-12-15 00:50:07.282,SERVO_OUTPUT_RAW,962509788,SERVO_OUTPUT_RAW,0,0,0,0,0,0,0,0,1000,1000,1000,1000,0,0,0,0,0
2025-12-15 00:50:07.382,SERVO_OUTPUT_RAW,962609792,SERVO_OUTPUT_RAW,0,0,0,0,0,0,0,0,1000,1000,1000,1000,0,0,0,0,0
2025-12-15 00:50:07.482,SERVO_OUTPUT_RAW,962709858,SERVO_OUTPUT_RAW,0,0,0,0,0,0,0,0,1000,1000,1000,1000,0,0,0,0,0
2025-12-15 00:50:07.582,SERVO_OUTPUT_RAW,962809798,SERVO_OUTPUT_RAW,0,0,0,0,0,0,0,0,1000,1000,1000,1000,0,0,0,0,0
2025-12-15 00:50:07.682,SERVO_OUTPUT_RAW,962909811,SERVO_OUTPUT_RAW,0,0,0,0,0,0,0,0,1000,1000,1000,1000,0,0,0,0,0
2025-12-15 00:50:07.782,SERVO_OUTPUT_RAW,963009805,SERVO_OUTPUT_RAW,0,0,0,0,0,0,0,0,1000,1000,1000,1000,0,0,0,0,0
2025-12-15 00:50:07.882,SERVO_OUTPUT_RAW,963109825,SERVO_OUTPUT_RAW,0,0,0,0,0,0,0,0,1000,1000,1000,1000,0,0,0,0,0
2025-12-15 00:50:07.982,SERVO_OUTPUT_RAW,963209856,SERVO_OUTPUT_RAW,0,0,0,0,0,0,0,0,1000,1000,1000,1000,0,0,0,0,0
2025-12-15 00:50:08.082,SERVO_OUTPUT_RAW,963309889,SERVO_OUTPUT_RAW,0,0,0,0,0,0,0,0,1000,1000,1000,1000,0,0,0,0,0
2025-12-15 00:50:08.182,SERVO_OUTPUT_RAW,963409801,SERVO_OUTPUT_RAW,0,0,0,0,0,0,0,0,1000,1000,1000,1000,0,0,0,0,0
2025-12-15 00:50:08.282,SERVO_OUTPUT_RAW,963509837,SERVO_OUTPUT_RAW,0,0,0,0,0,0,0,0,1000,1000,1000,1000,0,0,0,0,0
2025-12-15 00:50:08.382,SERVO_OUTPUT_RAW,963609850,SERVO_OUTPUT_RAW,0,0,0,0,0,0,0,0,1000,1000,1000,1000,0,0,0,0,0
2025-12-15 00:50:08.482,SERVO_OUTPUT_RAW,963709778,SERVO_OUTPUT_RAW,0,0,0,0,0,0,0,0,1000,1000,1000,1000,0,0,0,0,0
2025-12-15 00:50:08.582,SERVO_OUTPUT_RAW,963809786,SERVO_OUTPUT_RAW,0,0,0,0,0,0,0,0,1000,1000,1000,1000,0,0,0,0,0
2025-12-15 00:50:08.682,SERVO_OUTPUT_RAW,963909858,SERVO_OUTPUT_RAW,0,0,0,0,0,0,0,0,1000,1000,1000,1000,0,0,0,0,0
2025-12-15 00:50:08.782,SERVO_OUTPUT_RAW,964009818,SERVO_OUTPUT_RAW,0,0,0,0,0,0,0,0,1000,1000,1000,1000,0,0,0,0,0
2025-12-15 00:50:08.882,SERVO_OUTPUT_RAW,964109797,SERVO_OUTPUT_RAW,0,0,0,0,0,0,0,0,1000,1000,1000,1000,0,0,0,0,0
2025-12-15 00:50:08.982,SERVO_OUTPUT_RAW,964209784,SERVO_OUTPUT_RAW,0,0,0,0,0,0,0,0,1000,1000,1000,1000,0,0,0,0,0
2025-12-15 00:50:09.083,SERVO_OUTPUT_RAW,964309803,SERVO_OUTPUT_RAW,0,0,0,0,0,0,0,0,1000,1000,1000,1000,0,0,0,0,0
2025-12-15 00:50:09.182,SERVO_OUTPUT_RAW,964409787,SERVO_OUTPUT_RAW,0,0,0,0,0,0,0,0,1000,1000,1000,1000,0,0,0,0,0
2025-12-15 00:50:09.282,SERVO_OUTPUT_RAW,964509783,SERVO_OUTPUT_RAW,0,0,0,0,0,0,0,0,1000,1000,1000,1000,0,0,0,0,0
2025-12-15 00:50:09.380,SERVO_OUTPUT_RAW,964609818,SERVO_OUTPUT_RAW,0,0,0,0,0,0,0,0,1000,1000,1000,1000,0,0,0,0,0
2025-12-15 00:50:09.480,SERVO_OUTPUT_RAW,964709831,SERVO_OUTPUT_RAW,0,0,0,0,0,0,0,0,1000,1000,1000,1000,0,0,0,0,0
2025-12-15 00:50:09.581,SERVO_OUTPUT_RAW,964812144,SERVO_OUTPUT_RAW,0,0,0,0,0,0,0,0,1000,1000,1000,1000,0,0,0,0,0
2025-12-15 00:50:09.680,SERVO_OUTPUT_RAW,964909799,SERVO_OUTPUT_RAW,0,0,0,0,0,0,0,0,1000,1000,1000,1000,0,0,0,0,0
2025-12-15 00:50:09.780,SERVO_OUTPUT_RAW,965009837,SERVO_OUTPUT_RAW,0,0,0,0,0,0,0,0,1000,1000,1000,1000,0,0,0,0,0
2025-12-15 00:50:09.882,SERVO_OUTPUT_RAW,965109834,SERVO_OUTPUT_RAW,0,0,0,0,0,0,0,0,1000,1000,1000,1000,0,0,0,0,0
2025-12-15 00:50:09.980,SERVO_OUTPUT_RAW,965209840,SERVO_OUTPUT_RAW,0,0,0,0,0,0,0,0,1000,1000,1000,1000,0,0,0,0,0
2025-12-15 00:50:10.080,SERVO_OUTPUT_RAW,965309795,SERVO_OUTPUT_RAW,0,0,0,0,0,0,0,0,1000,1000,1000,1000,0,0,0,0,0
2025-12-15 00:50:10.180,SERVO_OUTPUT_RAW,965409816,SERVO_OUTPUT_RAW,0,0,0,0,0,0,0,0,1000,1000,1000,1000,0,0,0,0,0
2025-12-15 00:50:10.280,SERVO_OUTPUT_RAW,965509816,SERVO_OUTPUT_RAW,0,0,0,0,0,0,0,0,1000,1000,1000,1000,0,0,0,0,0
2025-12-15 00:50:10.380,SERVO_OUTPUT_RAW,965609784,SERVO_OUTPUT_RAW,0,0,0,0,0,0,0,0,1000,1000,1000,1000,0,0,0,0,0
2025-12-15 00:50:10.480,SERVO_OUTPUT_RAW,965709796,SERVO_OUTPUT_RAW,0,0,0,0,0,0,0,0,1000,1000,1000,1000,0,0,0,0,0
2025-12-15 00:50:10.580,SERVO_OUTPUT_RAW,965809808,SERVO_OUTPUT_RAW,0,0,0,0,0,0,0,0,1000,1000,1000,1000,0,0,0,0,0
2025-12-15 00:50:10.680,SERVO_OUTPUT_RAW,965909798,SERVO_OUTPUT_RAW,0,0,0,0,0,0,0,0,1000,1000,1000,1000,0,0,0,0,0
2025-12-15 00:50:10.780,SERVO_OUTPUT_RAW,966009784,SERVO_OUTPUT_RAW,0,0,0,0,0,0,0,0,1000,1000,1000,1000,0,0,0,0,0
2025-12-15 00:50:10.880,SERVO_OUTPUT_RAW,966109777,SERVO_OUTPUT_RAW,0,0,0,0,0,0,0,0,1000,1000,1000,1000,0,0,0,0,0
2025-12-15 00:50:10.980,SERVO_OUTPUT_RAW,966209820,SERVO_OUTPUT_RAW,0,0,0,0,0,0,0,0,1000,1000,1000,1000,0,0,0,0,0
2025-12-15 00:50:11.080,SERVO_OUTPUT_RAW,966309790,SERVO_OUTPUT_RAW,0,0,0,0,0,0,0,0,1000,1000,1000,1000,0,0,0,0,0
2025-12-15 00:50:11.180,SERVO_OUTPUT_RAW,966409846,SERVO_OUTPUT_RAW,0,0,0,0,0,0,0,0,1000,1000,1000,1000,0,0,0,0,0
2025-12-15 00:50:11.280,SERVO_OUTPUT_RAW,966509805,SERVO_OUTPUT_RAW,0,0,0,0,0,0,0,0,1000,1000,1000,1000,0,0,0,0,0
2025-12-15 00:50:11.380,SERVO_OUTPUT_RAW,966609841,SERVO_OUTPUT_RAW,0,0,0,0,0,0,0,0,1000,1000,1000,1000,0,0,0,0,0
2025-12-15 00:50:11.480,SERVO_OUTPUT_RAW,966709848,SERVO_OUTPUT_RAW,0,0,0,0,0,0,0,0,1000,1000,1000,1000,0,0,0,0,0
2025-12-15 00:50:11.580,SERVO_OUTPUT_RAW,966809895,SERVO_OUTPUT_RAW,0,0,0,0,0,0,0,0,1000,1000,1000,1000,0,0,0,0,0
2025-12-15 00:50:11.681,SERVO_OUTPUT_RAW,966912058,SERVO_OUTPUT_RAW,0,0,0,0,0,0,0,0,1000,1000,1000,1000,0,0,0,0,0
2025-12-15 00:50:11.780,SERVO_OUTPUT_RAW,967009819,SERVO_OUTPUT_RAW,0,0,0,0,0,0,0,0,1000,1000,1000,1000,0,0,0,0,0
2025-12-15 00:50:11.880,SERVO_OUTPUT_RAW,967109820,SERVO_OUTPUT_RAW,0,0,0,0,0,0,0,0,1000,1000,1000,1000,0,0,0,0,0
2025-12-15 00:50:11.980,SERVO_OUTPUT_RAW,967209785,SERVO_OUTPUT_RAW,0,0,0,0,0,0,0,0,1000,1000,1000,1000,0,0,0,0,0
2025-12-15 00:50:12.080,SERVO_OUTPUT_RAW,967309813,SERVO_OUTPUT_RAW,0,0,0,0,0,0,0,0,1000,1000,1000,1000,0,0,0,0,0
2025-12-15 00:50:12.180,SERVO_OUTPUT_RAW,967409795,SERVO_OUTPUT_RAW,0,0,0,0,0,0,0,0,1000,1000,1000,1000,0,0,0,0,0
2025-12-15 00:50:12.281,SERVO_OUTPUT_RAW,967509783,SERVO_OUTPUT_RAW,0,0,0,0,0,0,0,0,1000,1000,1000,1000,0,0,0,0,0
2025-12-15 00:50:12.382,SERVO_OUTPUT_RAW,967609797,SERVO_OUTPUT_RAW,0,0,0,0,0,0,0,0,1000,1000,1000,1000,0,0,0,0,0
2025-12-15 00:50:12.481,SERVO_OUTPUT_RAW,967709819,SERVO_OUTPUT_RAW,0,0,0,0,0,0,0,0,1000,1000,1000,1000,0,0,0,0,0
2025-12-15 00:50:12.581,SERVO_OUTPUT_RAW,967812134,SERVO_OUTPUT_RAW,0,0,0,0,0,0,0,0,1000,1000,1000,1000,0,0,0,0,0
2025-12-15 00:50:12.681,SERVO_OUTPUT_RAW,967909777,SERVO_OUTPUT_RAW,0,0,0,0,0,0,0,0,1000,1000,1000,1000,0,0,0,0,0
2025-12-15 00:50:12.781,SERVO_OUTPUT_RAW,968009787,SERVO_OUTPUT_RAW,0,0,0,0,0,0,0,0,1000,1000,1000,1000,0,0,0,0,0
2025-12-15 00:50:12.881,SERVO_OUTPUT_RAW,968109805,SERVO_OUTPUT_RAW,0,0,0,0,0,0,0,0,1000,1000,1000,1000,0,0,0,0,0
2025-12-15 00:50:12.981,SERVO_OUTPUT_RAW,968209834,SERVO_OUTPUT_RAW,0,0,0,0,0,0,0,0,1000,1000,1000,1000,0,0,0,0,0
2025-12-15 00:50:13.081,SERVO_OUTPUT_RAW,968309850,SERVO_OUTPUT_RAW,0,0,0,0,0,0,0,0,1000,1000,1000,1000,0,0,0,0,0
2025-12-15 00:50:13.181,SERVO_OUTPUT_RAW,968409839,SERVO_OUTPUT_RAW,0,0,0,0,0,0,0,0,1000,1000,1000,1000,0,0,0,0,0
2025-12-15 00:50:13.281,SERVO_OUTPUT_RAW,968509795,SERVO_OUTPUT_RAW,0,0,0,0,0,0,0,0,1000,1000,1000,1000,0,0,0,0,0
2025-12-15 00:50:13.381,SERVO_OUTPUT_RAW,968609826,SERVO_OUTPUT_RAW,0,0,0,0,0,0,0,0,1000,1000,1000,1000,0,0,0,0,0
2025-12-15 00:50:13.481,SERVO_OUTPUT_RAW,968709829,SERVO_OUTPUT_RAW,0,0,0,0,0,0,0,0,1000,1000,1000,1000,0,0,0,0,0
2025-12-15 00:50:13.581,SERVO_OUTPUT_RAW,968809784,SERVO_OUTPUT_RAW,0,0,0,0,0,0,0,0,1000,1000,1000,1000,0,0,0,0,0
2025-12-15 00:50:13.681,SERVO_OUTPUT_RAW,968909781,SERVO_OUTPUT_RAW,0,0,0,0,0,0,0,0,1000,1000,1000,1000,0,0,0,0,0
2025-12-15 00:50:13.781,SERVO_OUTPUT_RAW,969009856,SERVO_OUTPUT_RAW,0,0,0,0,0,0,0,0,1000,1000,1000,1000,0,0,0,0,0
2025-12-15 00:50:13.881,SERVO_OUTPUT_RAW,969109784,SERVO_OUTPUT_RAW,0,0,0,0,0,0,0,0,1000,1000,1000,1000,0,0,0,0,0
2025-12-15 00:50:13.981,SERVO_OUTPUT_RAW,969209797,SERVO_OUTPUT_RAW,0,0,0,0,0,0,0,0,1000,1000,1000,1000,0,0,0,0,0
2025-12-15 00:50:14.081,SERVO_OUTPUT_RAW,969309836,SERVO_OUTPUT_RAW,0,0,0,0,0,0,0,0,1000,1000,1000,1000,0,0,0,0,0
2025-12-15 00:50:14.181,SERVO_OUTPUT_RAW,969409843,SERVO_OUTPUT_RAW,0,0,0,0,0,0,0,0,1000,1000,1000,1000,0,0,0,0,0
2025-12-15 00:50:14.281,SERVO_OUTPUT_RAW,969512159,SERVO_OUTPUT_RAW,0,0,0,0,0,0,0,0,1000,1000,1000,1000,0,0,0,0,0
2025-12-15 00:50:14.384,SERVO_OUTPUT_RAW,969609781,SERVO_OUTPUT_RAW,0,0,0,0,0,0,0,0,1000,1000,1000,1000,0,0,0,0,0
2025-12-15 00:50:14.483,SERVO_OUTPUT_RAW,969709847,SERVO_OUTPUT_RAW,0,0,0,0,0,0,0,0,1000,1000,1000,1000,0,0,0,0,0
2025-12-15 00:50:14.583,SERVO_OUTPUT_RAW,969809846,SERVO_OUTPUT_RAW,0,0,0,0,0,0,0,0,1000,1000,1000,1000,0,0,0,0,0
2025-12-15 00:50:14.683,SERVO_OUTPUT_RAW,969909830,SERVO_OUTPUT_RAW,0,0,0,0,0,0,0,0,1000,1000,1000,1000,0,0,0,0,0
2025-12-15 00:50:14.783,SERVO_OUTPUT_RAW,970009787,SERVO_OUTPUT_RAW,0,0,0,0,0,0,0,0,1000,1000,1000,1000,0,0,0,0,0
2025-12-15 00:50:14.883,SERVO_OUTPUT_RAW,970109812,SERVO_OUTPUT_RAW,0,0,0,0,0,0,0,0,1000,1000,1000,1000,0,0,0,0,0
2025-12-15 00:50:14.983,SERVO_OUTPUT_RAW,970209818,SERVO_OUTPUT_RAW,0,0,0,0,0,0,0,0,1000,1000,1000,1000,0,0,0,0,0
2025-12-15 00:50:15.083,SERVO_OUTPUT_RAW,970309778,SERVO_OUTPUT_RAW,0,0,0,0,0,0,0,0,1000,1000,1000,1000,0,0,0,0,0
2025-12-15 00:50:15.183,SERVO_OUTPUT_RAW,970409791,SERVO_OUTPUT_RAW,0,0,0,0,0,0,0,0,1000,1000,1000,1000,0,0,0,0,0
2025-12-15 00:50:15.283,SERVO_OUTPUT_RAW,970509789,SERVO_OUTPUT_RAW,0,0,0,0,0,0,0,0,1000,1000,1000,1000,0,0,0,0,0
2025-12-15 00:50:15.382,SERVO_OUTPUT_RAW,970609782,SERVO_OUTPUT_RAW,0,0,0,0,0,0,0,0,1000,1000,1000,1000,0,0,0,0,0
2025-12-15 00:50:15.482,SERVO_OUTPUT_RAW,970709789,SERVO_OUTPUT_RAW,0,0,0,0,0,0,0,0,1000,1000,1000,1000,0,0,0,0,0
2025-12-15 00:50:15.583,SERVO_OUTPUT_RAW,970809768,SERVO_OUTPUT_RAW,0,0,0,0,0,0,0,0,1000,1000,1000,1000,0,0,0,0,0
2025-12-15 00:50:15.682,SERVO_OUTPUT_RAW,970909815,SERVO_OUTPUT_RAW,0,0,0,0,0,0,0,0,1000,1000,1000,1000,0,0,0,0,0
2025-12-15 00:50:15.782,SERVO_OUTPUT_RAW,971009840,SERVO_OUTPUT_RAW,0,0,0,0,0,0,0,0,1000,1000,1000,1000,0,0,0,0,0
2025-12-15 00:50:15.883,SERVO_OUTPUT_RAW,971112142,SERVO_OUTPUT_RAW,0,0,0,0,0,0,0,0,1000,1000,1000,1000,0,0,0,0,0
2025-12-15 00:50:15.982,SERVO_OUTPUT_RAW,971209792,SERVO_OUTPUT_RAW,0,0,0,0,0,0,0,0,1000,1000,1000,1000,0,0,0,0,0
2025-12-15 00:50:16.082,SERVO_OUTPUT_RAW,971309859,SERVO_OUTPUT_RAW,0,0,0,0,0,0,0,0,1000,1000,1000,1000,0,0,0,0,0
2025-12-15 00:50:16.182,SERVO_OUTPUT_RAW,971409843,SERVO_OUTPUT_RAW,0,0,0,0,0,0,0,0,1000,1000,1000,1000,0,0,0,0,0
2025-12-15 00:50:16.282,SERVO_OUTPUT_RAW,971509817,SERVO_OUTPUT_RAW,0,0,0,0,0,0,0,0,1000,1000,1000,1000,0,0,0,0,0
2025-12-15 00:50:16.383,SERVO_OUTPUT_RAW,971609806,SERVO_OUTPUT_RAW,0,0,0,0,0,0,0,0,1000,1000,1000,1000,0,0,0,0,0
2025-12-15 00:50:16.482,SERVO_OUTPUT_RAW,971709815,SERVO_OUTPUT_RAW,0,0,0,0,0,0,0,0,1000,1000,1000,1000,0,0,0,0,0
2025-12-15 00:50:16.582,SERVO_OUTPUT_RAW,971809814,SERVO_OUTPUT_RAW,0,0,0,0,0,0,0,0,1000,1000,1000,1000,0,0,0,0,0
2025-12-15 00:50:16.682,SERVO_OUTPUT_RAW,971909786,SERVO_OUTPUT_RAW,0,0,0,0,0,0,0,0,1000,1000,1000,1000,0,0,0,0,0
2025-12-15 00:50:16.782,SERVO_OUTPUT_RAW,972009776,SERVO_OUTPUT_RAW,0,0,0,0,0,0,0,0,1000,1000,1000,1000,0,0,0,0,0
2025-12-15 00:50:16.882,SERVO_OUTPUT_RAW,972109778,SERVO_OUTPUT_RAW,0,0,0,0,0,0,0,0,1000,1000,1000,1000,0,0,0,0,0
2025-12-15 00:50:16.982,SERVO_OUTPUT_RAW,972209792,SERVO_OUTPUT_RAW,0,0,0,0,0,0,0,0,1000,1000,1000,1000,0,0,0,0,0
2025-12-15 00:50:17.082,SERVO_OUTPUT_RAW,972312123,SERVO_OUTPUT_RAW,0,0,0,0,0,0,0,0,1000,1000,1000,1000,0,0,0,0,0
2025-12-15 00:50:17.182,SERVO_OUTPUT_RAW,972409818,SERVO_OUTPUT_RAW,0,0,0,0,0,0,0,0,1000,1000,1000,1000,0,0,0,0,0
2025-12-15 00:50:17.282,SERVO_OUTPUT_RAW,972509834,SERVO_OUTPUT_RAW,0,0,0,0,0,0,0,0,1000,1000,1000,1000,0,0,0,0,0
2025-12-15 00:50:17.384,SERVO_OUTPUT_RAW,972609855,SERVO_OUTPUT_RAW,0,0,0,0,0,0,0,0,1000,1000,1000,1000,0,0,0,0,0
2025-12-15 00:50:17.482,SERVO_OUTPUT_RAW,972709820,SERVO_OUTPUT_RAW,0,0,0,0,0,0,0,0,1000,1000,1000,1000,0,0,0,0,0
2025-12-15 00:50:17.583,SERVO_OUTPUT_RAW,972809812,SERVO_OUTPUT_RAW,0,0,0,0,0,0,0,0,1000,1000,1000,1000,0,0,0,0,0
2025-12-15 00:50:17.682,SERVO_OUTPUT_RAW,972909837,SERVO_OUTPUT_RAW,0,0,0,0,0,0,0,0,1000,1000,1000,1000,0,0,0,0,0
2025-12-15 00:50:17.782,SERVO_OUTPUT_RAW,973009836,SERVO_OUTPUT_RAW,0,0,0,0,0,0,0,0,1000,1000,1000,1000,0,0,0,0,0
2025-12-15 00:50:17.882,SERVO_OUTPUT_RAW,973109800,SERVO_OUTPUT_RAW,0,0,0,0,0,0,0,0,1000,1000,1000,1000,0,0,0,0,0
2025-12-15 00:50:17.983,SERVO_OUTPUT_RAW,973209924,SERVO_OUTPUT_RAW,0,0,0,0,0,0,0,0,1000,1000,1000,1000,0,0,0,0,0
2025-12-15 00:50:18.082,SERVO_OUTPUT_RAW,973309809,SERVO_OUTPUT_RAW,0,0,0,0,0,0,0,0,1000,1000,1000,1000,0,0,0,0,0
2025-12-15 00:50:18.182,SERVO_OUTPUT_RAW,973409769,SERVO_OUTPUT_RAW,0,0,0,0,0,0,0,0,1000,1000,1000,1000,0,0,0,0,0
2025-12-15 00:50:18.282,SERVO_OUTPUT_RAW,973509797,SERVO_OUTPUT_RAW,0,0,0,0,0,0,0,0,1000,1000,1000,1000,0,0,0,0,0
2025-12-15 00:50:18.382,SERVO_OUTPUT_RAW,973609805,SERVO_OUTPUT_RAW,0,0,0,0,0,0,0,0,1000,1000,1000,1000,0,0,0,0,0
2025-12-15 00:50:18.482,SERVO_OUTPUT_RAW,973709800,SERVO_OUTPUT_RAW,0,0,0,0,0,0,0,0,1000,1000,1000,1000,0,0,0,0,0
2025-12-15 00:50:18.582,SERVO_OUTPUT_RAW,973809801,SERVO_OUTPUT_RAW,0,0,0,0,0,0,0,0,1000,1000,1000,1000,0,0,0,0,0
2025-12-15 00:50:18.682,SERVO_OUTPUT_RAW,973909788,SERVO_OUTPUT_RAW,0,0,0,0,0,0,0,0,1000,1000,1000,1000,0,0,0,0,0
2025-12-15 00:50:18.782,SERVO_OUTPUT_RAW,974009836,SERVO_OUTPUT_RAW,0,0,0,0,0,0,0,0,1000,1000,1000,1000,0,0,0,0,0
2025-12-15 00:50:18.883,SERVO_OUTPUT_RAW,974109856,SERVO_OUTPUT_RAW,0,0,0,0,0,0,0,0,1000,1000,1000,1000,0,0,0,0,0
2025-12-15 00:50:18.983,SERVO_OUTPUT_RAW,974209862,SERVO_OUTPUT_RAW,0,0,0,0,0,0,0,0,1000,1000,1000,1000,0,0,0,0,0
2025-12-15 00:50:19.083,SERVO_OUTPUT_RAW,974309818,SERVO_OUTPUT_RAW,0,0,0,0,0,0,0,0,1000,1000,1000,1000,0,0,0,0,0
2025-12-15 00:50:19.183,SERVO_OUTPUT_RAW,974409810,SERVO_OUTPUT_RAW,0,0,0,0,0,0,0,0,1000,1000,1000,1000,0,0,0,0,0
2025-12-15 00:50:19.283,SERVO_OUTPUT_RAW,974509835,SERVO_OUTPUT_RAW,0,0,0,0,0,0,0,0,1000,1000,1000,1000,0,0,0,0,0
2025-12-15 00:50:19.383,SERVO_OUTPUT_RAW,974609862,SERVO_OUTPUT_RAW,0,0,0,0,0,0,0,0,1000,1000,1000,1000,0,0,0,0,0
2025-12-15 00:50:19.483,SERVO_OUTPUT_RAW,974709796,SERVO_OUTPUT_RAW,0,0,0,0,0,0,0,0,1000,1000,1000,1000,0,0,0,0,0
2025-12-15 00:50:19.583,SERVO_OUTPUT_RAW,974809835,SERVO_OUTPUT_RAW,0,0,0,0,0,0,0,0,1000,1000,1000,1000,0,0,0,0,0
2025-12-15 00:50:19.683,SERVO_OUTPUT_RAW,974909839,SERVO_OUTPUT_RAW,0,0,0,0,0,0,0,0,1000,1000,1000,1000,0,0,0,0,0
2025-12-15 00:50:19.783,SERVO_OUTPUT_RAW,975009788,SERVO_OUTPUT_RAW,0,0,0,0,0,0,0,0,1000,1000,1000,1000,0,0,0,0,0
2025-12-15 00:50:19.884,SERVO_OUTPUT_RAW,975109791,SERVO_OUTPUT_RAW,0,0,0,0,0,0,0,0,1000,1000,1000,1000,0,0,0,0,0
2025-12-15 00:50:19.983,SERVO_OUTPUT_RAW,975209813,SERVO_OUTPUT_RAW,0,0,0,0,0,0,0,0,1000,1000,1000,1000,0,0,0,0,0
2025-12-15 00:50:20.083,SERVO_OUTPUT_RAW,975309848,SERVO_OUTPUT_RAW,0,0,0,0,0,0,0,0,1000,1000,1000,1000,0,0,0,0,0
2025-12-15 00:50:20.183,SERVO_OUTPUT_RAW,975409785,SERVO_OUTPUT_RAW,0,0,0,0,0,0,0,0,1000,1000,1000,1000,0,0,0,0,0
2025-12-15 00:50:20.283,SERVO_OUTPUT_RAW,975509839,SERVO_OUTPUT_RAW,0,0,0,0,0,0,0,0,1000,1000,1000,1000,0,0,0,0,0
2025-12-15 00:50:20.383,SERVO_OUTPUT_RAW,975609833,SERVO_OUTPUT_RAW,0,0,0,0,0,0,0,0,1000,1000,1000,1000,0,0,0,0,0
2025-12-15 00:50:20.483,SERVO_OUTPUT_RAW,975709850,SERVO_OUTPUT_RAW,0,0,0,0,0,0,0,0,1000,1000,1000,1000,0,0,0,0,0
2025-12-15 00:50:20.583,SERVO_OUTPUT_RAW,975809893,SERVO_OUTPUT_RAW,0,0,0,0,0,0,0,0,1000,1000,1000,1000,0,0,0,0,0
2025-12-15 00:50:20.683,SERVO_OUTPUT_RAW,975909825,SERVO_OUTPUT_RAW,0,0,0,0,0,0,0,0,1000,1000,1000,1000,0,0,0,0,0
2025-12-15 00:50:20.783,SERVO_OUTPUT_RAW,976009834,SERVO_OUTPUT_RAW,0,0,0,0,0,0,0,0,1000,1000,1000,1000,0,0,0,0,0
2025-12-15 00:50:20.883,SERVO_OUTPUT_RAW,976109842,SERVO_OUTPUT_RAW,0,0,0,0,0,0,0,0,1000,1000,1000,1000,0,0,0,0,0
2025-12-15 00:50:20.983,SERVO_OUTPUT_RAW,976209798,SERVO_OUTPUT_RAW,0,0,0,0,0,0,0,0,1000,1000,1000,1000,0,0,0,0,0
2025-12-15 00:50:21.083,SERVO_OUTPUT_RAW,976309786,SERVO_OUTPUT_RAW,0,0,0,0,0,0,0,0,1000,1000,1000,1000,0,0,0,0,0
2025-12-15 00:50:21.183,SERVO_OUTPUT_RAW,976409802,SERVO_OUTPUT_RAW,0,0,0,0,0,0,0,0,1000,1000,1000,1000,0,0,0,0,0
2025-12-15 00:50:21.283,SERVO_OUTPUT_RAW,976509822,SERVO_OUTPUT_RAW,0,0,0,0,0,0,0,0,1000,1000,1000,1000,0,0,0,0,0
2025-12-15 00:50:21.383,SERVO_OUTPUT_RAW,976609778,SERVO_OUTPUT_RAW,0,0,0,0,0,0,0,0,1000,1000,1000,1000,0,0,0,0,0
2025-12-15 00:50:21.483,SERVO_OUTPUT_RAW,976709795,SERVO_OUTPUT_RAW,0,0,0,0,0,0,0,0,1000,1000,1000,1000,0,0,0,0,0
2025-12-15 00:50:21.583,SERVO_OUTPUT_RAW,976809790,SERVO_OUTPUT_RAW,0,0,0,0,0,0,0,0,1000,1000,1000,1000,0,0,0,0,0
2025-12-15 00:50:21.683,SERVO_OUTPUT_RAW,976909792,SERVO_OUTPUT_RAW,0,0,0,0,0,0,0,0,1000,1000,1000,1000,0,0,0,0,0
2025-12-15 00:50:21.783,SERVO_OUTPUT_RAW,977009791,SERVO_OUTPUT_RAW,0,0,0,0,0,0,0,0,1000,1000,1000,1000,0,0,0,0,0
2025-12-15 00:50:21.883,SERVO_OUTPUT_RAW,977109826,SERVO_OUTPUT_RAW,0,0,0,0,0,0,0,0,1000,1000,1000,1000,0,0,0,0,0
2025-12-15 00:50:21.983,SERVO_OUTPUT_RAW,977209797,SERVO_OUTPUT_RAW,0,0,0,0,0,0,0,0,1000,1000,1000,1000,0,0,0,0,0
2025-12-15 00:50:22.083,SERVO_OUTPUT_RAW,977309854,SERVO_OUTPUT_RAW,0,0,0,0,0,0,0,0,1000,1000,1000,1000,0,0,0,0,0
2025-12-15 00:50:22.183,SERVO_OUTPUT_RAW,977412153,SERVO_OUTPUT_RAW,0,0,0,0,0,0,0,0,1000,1000,1000,1000,0,0,0,0,0
2025-12-15 00:50:22.284,SERVO_OUTPUT_RAW,977509837,SERVO_OUTPUT_RAW,0,0,0,0,0,0,0,0,1000,1000,1000,1000,0,0,0,0,0
2025-12-15 00:50:22.383,SERVO_OUTPUT_RAW,977609851,SERVO_OUTPUT_RAW,0,0,0,0,0,0,0,0,1000,1000,1000,1000,0,0,0,0,0
2025-12-15 00:50:22.483,SERVO_OUTPUT_RAW,977709843,SERVO_OUTPUT_RAW,0,0,0,0,0,0,0,0,1000,1000,1000,1000,0,0,0,0,0
2025-12-15 00:50:22.583,SERVO_OUTPUT_RAW,977809778,SERVO_OUTPUT_RAW,0,0,0,0,0,0,0,0,1000,1000,1000,1000,0,0,0,0,0
2025-12-15 00:50:22.683,SERVO_OUTPUT_RAW,977909804,SERVO_OUTPUT_RAW,0,0,0,0,0,0,0,0,1000,1000,1000,1000,0,0,0,0,0
2025-12-15 00:50:22.783,SERVO_OUTPUT_RAW,978009809,SERVO_OUTPUT_RAW,0,0,0,0,0,0,0,0,1000,1000,1000,1000,0,0,0,0,0
2025-12-15 00:50:22.884,SERVO_OUTPUT_RAW,978109833,SERVO_OUTPUT_RAW,0,0,0,0,0,0,0,0,1000,1000,1000,1000,0,0,0,0,0
2025-12-15 00:50:22.983,SERVO_OUTPUT_RAW,978209809,SERVO_OUTPUT_RAW,0,0,0,0,0,0,0,0,1000,1000,1000,1000,0,0,0,0,0
2025-12-15 00:50:23.083,SERVO_OUTPUT_RAW,978309786,SERVO_OUTPUT_RAW,0,0,0,0,0,0,0,0,1000,1000,1000,1000,0,0,0,0,0
2025-12-15 00:50:23.183,SERVO_OUTPUT_RAW,978409805,SERVO_OUTPUT_RAW,0,0,0,0,0,0,0,0,1000,1000,1000,1000,0,0,0,0,0
2025-12-15 00:50:23.283,SERVO_OUTPUT_RAW,978509802,SERVO_OUTPUT_RAW,0,0,0,0,0,0,0,0,1000,1000,1000,1000,0,0,0,0,0
2025-12-15 00:50:23.383,SERVO_OUTPUT_RAW,978609813,SERVO_OUTPUT_RAW,0,0,0,0,0,0,0,0,1000,1000,1000,1000,0,0,0,0,0
2025-12-15 00:50:23.483,SERVO_OUTPUT_RAW,978709837,SERVO_OUTPUT_RAW,0,0,0,0,0,0,0,0,1000,1000,1000,1000,0,0,0,0,0
2025-12-15 00:50:23.583,SERVO_OUTPUT_RAW,978809833,SERVO_OUTPUT_RAW,0,0,0,0,0,0,0,0,1000,1000,1000,1000,0,0,0,0,0
2025-12-15 00:50:23.683,SERVO_OUTPUT_RAW,978909774,SERVO_OUTPUT_RAW,0,0,0,0,0,0,0,0,1000,1000,1000,1000,0,0,0,0,0
2025-12-15 00:50:23.783,SERVO_OUTPUT_RAW,979009792,SERVO_OUTPUT_RAW,0,0,0,0,0,0,0,0,1000,1000,1000,1000,0,0,0,0,0
2025-12-15 00:50:23.883,SERVO_OUTPUT_RAW,979109814,SERVO_OUTPUT_RAW,0,0,0,0,0,0,0,0,1000,1000,1000,1000,0,0,0,0,0
2025-12-15 00:50:23.983,SERVO_OUTPUT_RAW,979209861,SERVO_OUTPUT_RAW,0,0,0,0,0,0,0,0,1000,1000,1000,1000,0,0,0,0,0
2025-12-15 00:50:24.083,SERVO_OUTPUT_RAW,979309778,SERVO_OUTPUT_RAW,0,0,0,0,0,0,0,0,1000,1000,1000,1000,0,0,0,0,0
2025-12-15 00:50:24.183,SERVO_OUTPUT_RAW,979409802,SERVO_OUTPUT_RAW,0,0,0,0,0,0,0,0,1000,1000,1000,1000,0,0,0,0,0
2025-12-15 00:50:24.283,SERVO_OUTPUT_RAW,979512079,SERVO_OUTPUT_RAW,0,0,0,0,0,0,0,0,1000,1000,1000,1000,0,0,0,0,0
2025-12-15 00:50:24.383,SERVO_OUTPUT_RAW,979609810,SERVO_OUTPUT_RAW,0,0,0,0,0,0,0,0,1000,1000,1000,1000,0,0,0,0,0
2025-12-15 00:50:24.483,SERVO_OUTPUT_RAW,979709783,SERVO_OUTPUT_RAW,0,0,0,0,0,0,0,0,1000,1000,1000,1000,0,0,0,0,0
2025-12-15 00:50:24.584,SERVO_OUTPUT_RAW,979809780,SERVO_OUTPUT_RAW,0,0,0,0,0,0,0,0,1000,1000,1000,1000,0,0,0,0,0
2025-12-15 00:50:24.684,SERVO_OUTPUT_RAW,979909786,SERVO_OUTPUT_RAW,0,0,0,0,0,0,0,0,1000,1000,1000,1000,0,0,0,0,0
2025-12-15 00:50:24.783,SERVO_OUTPUT_RAW,980009789,SERVO_OUTPUT_RAW,0,0,0,0,0,0,0,0,1000,1000,1000,1000,0,0,0,0,0
2025-12-15 00:50:24.884,SERVO_OUTPUT_RAW,980109798,SERVO_OUTPUT_RAW,0,0,0,0,0,0,0,0,1000,1000,1000,1000,0,0,0,0,0
2025-12-15 00:50:24.982,SERVO_OUTPUT_RAW,980209815,SERVO_OUTPUT_RAW,0,0,0,0,0,0,0,0,1000,1000,1000,1000,0,0,0,0,0
2025-12-15 00:50:25.082,SERVO_OUTPUT_RAW,980309858,SERVO_OUTPUT_RAW,0,0,0,0,0,0,0,0,1000,1000,1000,1000,0,0,0,0,0
2025-12-15 00:50:25.183,SERVO_OUTPUT_RAW,980409844,SERVO_OUTPUT_RAW,0,0,0,0,0,0,0,0,1000,1000,1000,1000,0,0,0,0,0
2025-12-15 00:50:25.282,SERVO_OUTPUT_RAW,980509795,SERVO_OUTPUT_RAW,0,0,0,0,0,0,0,0,1000,1000,1000,1000,0,0,0,0,0
2025-12-15 00:50:25.383,SERVO_OUTPUT_RAW,980609808,SERVO_OUTPUT_RAW,0,0,0,0,0,0,0,0,1000,1000,1000,1000,0,0,0,0,0
2025-12-15 00:50:25.484,SERVO_OUTPUT_RAW,980709834,SERVO_OUTPUT_RAW,0,0,0,0,0,0,0,0,1000,1000,1000,1000,0,0,0,0,0
2025-12-15 00:50:25.583,SERVO_OUTPUT_RAW,980809842,SERVO_OUTPUT_RAW,0,0,0,0,0,0,0,0,1000,1000,1000,1000,0,0,0,0,0
2025-12-15 00:50:25.682,SERVO_OUTPUT_RAW,980909785,SERVO_OUTPUT_RAW,0,0,0,0,0,0,0,0,1000,1000,1000,1000,0,0,0,0,0
2025-12-15 00:50:25.782,SERVO_OUTPUT_RAW,981009814,SERVO_OUTPUT_RAW,0,0,0,0,0,0,0,0,1000,1000,1000,1000,0,0,0,0,0
2025-12-15 00:50:25.882,SERVO_OUTPUT_RAW,981109812,SERVO_OUTPUT_RAW,0,0,0,0,0,0,0,0,1000,1000,1000,1000,0,0,0,0,0
2025-12-15 00:50:25.982,SERVO_OUTPUT_RAW,981209826,SERVO_OUTPUT_RAW,0,0,0,0,0,0,0,0,1000,1000,1000,1000,0,0,0,0,0
2025-12-15 00:50:26.082,SERVO_OUTPUT_RAW,981309806,SERVO_OUTPUT_RAW,0,0,0,0,0,0,0,0,1000,1000,1000,1000,0,0,0,0,0
2025-12-15 00:50:26.182,SERVO_OUTPUT_RAW,981409778,SERVO_OUTPUT_RAW,0,0,0,0,0,0,0,0,1000,1000,1000,1000,0,0,0,0,0
2025-12-15 00:50:26.282,SERVO_OUTPUT_RAW,981509779,SERVO_OUTPUT_RAW,0,0,0,0,0,0,0,0,1000,1000,1000,1000,0,0,0,0,0
2025-12-15 00:50:26.383,SERVO_OUTPUT_RAW,981609850,SERVO_OUTPUT_RAW,0,0,0,0,0,0,0,0,1000,1000,1000,1000,0,0,0,0,0
2025-12-15 00:50:26.483,SERVO_OUTPUT_RAW,981709784,SERVO_OUTPUT_RAW,0,0,0,0,0,0,0,0,1000,1000,1000,1000,0,0,0,0,0
2025-12-15 00:50:26.583,SERVO_OUTPUT_RAW,981809818,SERVO_OUTPUT_RAW,0,0,0,0,0,0,0,0,1000,1000,1000,1000,0,0,0,0,0
2025-12-15 00:50:26.683,SERVO_OUTPUT_RAW,981909843,SERVO_OUTPUT_RAW,0,0,0,0,0,0,0,0,1000,1000,1000,1000,0,0,0,0,0
2025-12-15 00:50:26.783,SERVO_OUTPUT_RAW,982009803,SERVO_OUTPUT_RAW,0,0,0,0,0,0,0,0,1000,1000,1000,1000,0,0,0,0,0
2025-12-15 00:50:26.883,SERVO_OUTPUT_RAW,982109826,SERVO_OUTPUT_RAW,0,0,0,0,0,0,0,0,1000,1000,1000,1000,0,0,0,0,0
2025-12-15 00:50:26.983,SERVO_OUTPUT_RAW,982209814,SERVO_OUTPUT_RAW,0,0,0,0,0,0,0,0,1000,1000,1000,1000,0,0,0,0,0
2025-12-15 00:50:27.083,SERVO_OUTPUT_RAW,982309852,SERVO_OUTPUT_RAW,0,0,0,0,0,0,0,0,1000,1000,1000,1000,0,0,0,0,0
2025-12-15 00:50:27.183,SERVO_OUTPUT_RAW,982409841,SERVO_OUTPUT_RAW,0,0,0,0,0,0,0,0,1000,1000,1000,1000,0,0,0,0,0
2025-12-15 00:50:27.283,SERVO_OUTPUT_RAW,982509778,SERVO_OUTPUT_RAW,0,0,0,0,0,0,0,0,1000,1000,1000,1000,0,0,0,0,0
2025-12-15 00:50:27.387,SERVO_OUTPUT_RAW,982609808,SERVO_OUTPUT_RAW,0,0,0,0,0,0,0,0,1000,1000,1000,1000,0,0,0,0,0
2025-12-15 00:50:27.483,SERVO_OUTPUT_RAW,982709832,SERVO_OUTPUT_RAW,0,0,0,0,0,0,0,0,1000,1000,1000,1000,0,0,0,0,0
2025-12-15 00:50:27.581,SERVO_OUTPUT_RAW,982809777,SERVO_OUTPUT_RAW,0,0,0,0,0,0,0,0,1000,1000,1000,1000,0,0,0,0,0
2025-12-15 00:50:27.681,SERVO_OUTPUT_RAW,982909779,SERVO_OUTPUT_RAW,0,0,0,0,0,0,0,0,1000,1000,1000,1000,0,0,0,0,0
2025-12-15 00:50:27.781,SERVO_OUTPUT_RAW,983009806,SERVO_OUTPUT_RAW,0,0,0,0,0,0,0,0,1000,1000,1000,1000,0,0,0,0,0
2025-12-15 00:50:27.881,SERVO_OUTPUT_RAW,983109786,SERVO_OUTPUT_RAW,0,0,0,0,0,0,0,0,1000,1000,1000,1000,0,0,0,0,0
2025-12-15 00:50:27.981,SERVO_OUTPUT_RAW,983209786,SERVO_OUTPUT_RAW,0,0,0,0,0,0,0,0,1000,1000,1000,1000,0,0,0,0,0
2025-12-15 00:50:28.081,SERVO_OUTPUT_RAW,983309819,SERVO_OUTPUT_RAW,0,0,0,0,0,0,0,0,1000,1000,1000,1000,0,0,0,0,0
2025-12-15 00:50:28.181,SERVO_OUTPUT_RAW,983409828,SERVO_OUTPUT_RAW,0,0,0,0,0,0,0,0,1000,1000,1000,1000,0,0,0,0,0
2025-12-15 00:50:28.281,SERVO_OUTPUT_RAW,983509847,SERVO_OUTPUT_RAW,0,0,0,0,0,0,0,0,1000,1000,1000,1000,0,0,0,0,0
2025-12-15 00:50:28.381,SERVO_OUTPUT_RAW,983609865,SERVO_OUTPUT_RAW,0,0,0,0,0,0,0,0,1000,1000,1000,1000,0,0,0,0,0
2025-12-15 00:50:28.482,SERVO_OUTPUT_RAW,983712151,SERVO_OUTPUT_RAW,0,0,0,0,0,0,0,0,1000,1000,1000,1000,0,0,0,0,0
2025-12-15 00:50:28.581,SERVO_OUTPUT_RAW,983809838,SERVO_OUTPUT_RAW,0,0,0,0,0,0,0,0,1000,1000,1000,1000,0,0,0,0,0
2025-12-15 00:50:28.682,SERVO_OUTPUT_RAW,983912003,SERVO_OUTPUT_RAW,0,0,0,0,0,0,0,0,1000,1000,1000,1000,0,0,0,0,0
2025-12-15 00:50:28.781,SERVO_OUTPUT_RAW,984009836,SERVO_OUTPUT_RAW,0,0,0,0,0,0,0,0,1000,1000,1000,1000,0,0,0,0,0
2025-12-15 00:50:28.881,SERVO_OUTPUT_RAW,984109800,SERVO_OUTPUT_RAW,0,0,0,0,0,0,0,0,1000,1000,1000,1000,0,0,0,0,0
2025-12-15 00:50:28.981,SERVO_OUTPUT_RAW,984209831,SERVO_OUTPUT_RAW,0,0,0,0,0,0,0,0,1000,1000,1000,1000,0,0,0,0,0
2025-12-15 00:50:29.081,SERVO_OUTPUT_RAW,984309810,SERVO_OUTPUT_RAW,0,0,0,0,0,0,0,0,1000,1000,1000,1000,0,0,0,0,0
2025-12-15 00:50:29.181,SERVO_OUTPUT_RAW,984409778,SERVO_OUTPUT_RAW,0,0,0,0,0,0,0,0,1000,1000,1000,1000,0,0,0,0,0
2025-12-15 00:50:29.281,SERVO_OUTPUT_RAW,984509779,SERVO_OUTPUT_RAW,0,0,0,0,0,0,0,0,1000,1000,1000,1000,0,0,0,0,0
2025-12-15 00:50:29.381,SERVO_OUTPUT_RAW,984609794,SERVO_OUTPUT_RAW,0,0,0,0,0,0,0,0,1000,1000,1000,1000,0,0,0,0,0
2025-12-15 00:50:29.481,SERVO_OUTPUT_RAW,984709782,SERVO_OUTPUT_RAW,0,0,0,0,0,0,0,0,1000,1000,1000,1000,0,0,0,0,0
2025-12-15 00:50:29.581,SERVO_OUTPUT_RAW,984809794,SERVO_OUTPUT_RAW,0,0,0,0,0,0,0,0,1000,1000,1000,1000,0,0,0,0,0
2025-12-15 00:50:29.682,SERVO_OUTPUT_RAW,984912158,SERVO_OUTPUT_RAW,0,0,0,0,0,0,0,0,1000,1000,1000,1000,0,0,0,0,0
2025-12-15 00:50:29.781,SERVO_OUTPUT_RAW,985009848,SERVO_OUTPUT_RAW,0,0,0,0,0,0,0,0,1000,1000,1000,1000,0,0,0,0,0
2025-12-15 00:50:29.881,SERVO_OUTPUT_RAW,985109862,SERVO_OUTPUT_RAW,0,0,0,0,0,0,0,0,1000,1000,1000,1000,0,0,0,0,0
2025-12-15 00:50:29.981,SERVO_OUTPUT_RAW,985209799,SERVO_OUTPUT_RAW,0,0,0,0,0,0,0,0,1000,1000,1000,1000,0,0,0,0,0
2025-12-15 00:50:30.081,SERVO_OUTPUT_RAW,985309817,SERVO_OUTPUT_RAW,0,0,0,0,0,0,0,0,1000,1000,1000,1000,0,0,0,0,0
2025-12-15 00:50:30.181,SERVO_OUTPUT_RAW,985409846,SERVO_OUTPUT_RAW,0,0,0,0,0,0,0,0,1000,1000,1000,1000,0,0,0,0,0
2025-12-15 00:50:30.281,SERVO_OUTPUT_RAW,985509842,SERVO_OUTPUT_RAW,0,0,0,0,0,0,0,0,1000,1000,1000,1000,0,0,0,0,0
2025-12-15 00:50:30.381,SERVO_OUTPUT_RAW,985609799,SERVO_OUTPUT_RAW,0,0,0,0,0,0,0,0,1000,1000,1000,1000,0,0,0,0,0
2025-12-15 00:50:30.481,SERVO_OUTPUT_RAW,985709837,SERVO_OUTPUT_RAW,0,0,0,0,0,0,0,0,1000,1000,1000,1000,0,0,0,0,0
2025-12-15 00:50:30.581,SERVO_OUTPUT_RAW,985809880,SERVO_OUTPUT_RAW,0,0,0,0,0,0,0,0,1000,1000,1000,1000,0,0,0,0,0
2025-12-15 00:50:30.681,SERVO_OUTPUT_RAW,985909816,SERVO_OUTPUT_RAW,0,0,0,0,0,0,0,0,1000,1000,1000,1000,0,0,0,0,0
2025-12-15 00:50:30.781,SERVO_OUTPUT_RAW,986009782,SERVO_OUTPUT_RAW,0,0,0,0,0,0,0,0,1000,1000,1000,1000,0,0,0,0,0
2025-12-15 00:50:30.881,SERVO_OUTPUT_RAW,986109791,SERVO_OUTPUT_RAW,0,0,0,0,0,0,0,0,1000,1000,1000,1000,0,0,0,0,0
2025-12-15 00:50:30.981,SERVO_OUTPUT_RAW,986209796,SERVO_OUTPUT_RAW,0,0,0,0,0,0,0,0,1000,1000,1000,1000,0,0,0,0,0
2025-12-15 00:50:31.081,SERVO_OUTPUT_RAW,986309788,SERVO_OUTPUT_RAW,0,0,0,0,0,0,0,0,1000,1000,1000,1000,0,0,0,0,0
2025-12-15 00:50:31.181,SERVO_OUTPUT_RAW,986409784,SERVO_OUTPUT_RAW,0,0,0,0,0,0,0,0,1000,1000,1000,1000,0,0,0,0,0
2025-12-15 00:50:31.281,SERVO_OUTPUT_RAW,986509815,SERVO_OUTPUT_RAW,0,0,0,0,0,0,0,0,1000,1000,1000,1000,0,0,0,0,0
2025-12-15 00:50:31.381,SERVO_OUTPUT_RAW,986609857,SERVO_OUTPUT_RAW,0,0,0,0,0,0,0,0,1000,1000,1000,1000,0,0,0,0,0
2025-12-15 00:50:31.481,SERVO_OUTPUT_RAW,986709809,SERVO_OUTPUT_RAW,0,0,0,0,0,0,0,0,1000,1000,1000,1000,0,0,0,0,0
2025-12-15 00:50:31.581,SERVO_OUTPUT_RAW,986809864,SERVO_OUTPUT_RAW,0,0,0,0,0,0,0,0,1000,1000,1000,1000,0,0,0,0,0
2025-12-15 00:50:31.681,SERVO_OUTPUT_RAW,986909816,SERVO_OUTPUT_RAW,0,0,0,0,0,0,0,0,1000,1000,1000,1000,0,0,0,0,0
2025-12-15 00:50:31.781,SERVO_OUTPUT_RAW,987009848,SERVO_OUTPUT_RAW,0,0,0,0,0,0,0,0,1000,1000,1000,1000,0,0,0,0,0
2025-12-15 00:50:31.881,SERVO_OUTPUT_RAW,987109853,SERVO_OUTPUT_RAW,0,0,0,0,0,0,0,0,1000,1000,1000,1000,0,0,0,0,0
2025-12-15 00:50:31.981,SERVO_OUTPUT_RAW,987209790,SERVO_OUTPUT_RAW,0,0,0,0,0,0,0,0,1000,1000,1000,1000,0,0,0,0,0
2025-12-15 00:50:32.081,SERVO_OUTPUT_RAW,987309821,SERVO_OUTPUT_RAW,0,0,0,0,0,0,0,0,1000,1000,1000,1000,0,0,0,0,0
2025-12-15 00:50:32.181,SERVO_OUTPUT_RAW,987409811,SERVO_OUTPUT_RAW,0,0,0,0,0,0,0,0,1000,1000,1000,1000,0,0,0,0,0
2025-12-15 00:50:32.281,SERVO_OUTPUT_RAW,987509793,SERVO_OUTPUT_RAW,0,0,0,0,0,0,0,0,1000,1000,1000,1000,0,0,0,0,0
2025-12-15 00:50:32.386,SERVO_OUTPUT_RAW,987609790,SERVO_OUTPUT_RAW,0,0,0,0,0,0,0,0,1000,1000,1000,1000,0,0,0,0,0
2025-12-15 00:50:32.481,SERVO_OUTPUT_RAW,987709781,SERVO_OUTPUT_RAW,0,0,0,0,0,0,0,0,1000,1000,1000,1000,0,0,0,0,0
2025-12-15 00:50:32.584,SERVO_OUTPUT_RAW,987809796,SERVO_OUTPUT_RAW,0,0,0,0,0,0,0,0,1000,1000,1000,1000,0,0,0,0,0
2025-12-15 00:50:32.684,SERVO_OUTPUT_RAW,987912138,SERVO_OUTPUT_RAW,0,0,0,0,0,0,0,0,1000,1000,1000,1000,0,0,0,0,0
2025-12-15 00:50:32.783,SERVO_OUTPUT_RAW,988009811,SERVO_OUTPUT_RAW,0,0,0,0,0,0,0,0,1000,1000,1000,1000,0,0,0,0,0
2025-12-15 00:50:32.883,SERVO_OUTPUT_RAW,988109858,SERVO_OUTPUT_RAW,0,0,0,0,0,0,0,0,1000,1000,1000,1000,0,0,0,0,0
2025-12-15 00:50:32.983,SERVO_OUTPUT_RAW,988209846,SERVO_OUTPUT_RAW,0,0,0,0,0,0,0,0,1000,1000,1000,1000,0,0,0,0,0
2025-12-15 00:50:33.084,SERVO_OUTPUT_RAW,988309817,SERVO_OUTPUT_RAW,0,0,0,0,0,0,0,0,1000,1000,1000,1000,0,0,0,0,0
2025-12-15 00:50:33.183,SERVO_OUTPUT_RAW,988409849,SERVO_OUTPUT_RAW,0,0,0,0,0,0,0,0,1000,1000,1000,1000,0,0,0,0,0
2025-12-15 00:50:33.284,SERVO_OUTPUT_RAW,988509819,SERVO_OUTPUT_RAW,0,0,0,0,0,0,0,0,1000,1000,1000,1000,0,0,0,0,0
2025-12-15 00:50:33.383,SERVO_OUTPUT_RAW,988609845,SERVO_OUTPUT_RAW,0,0,0,0,0,0,0,0,1000,1000,1000,1000,0,0,0,0,0
2025-12-15 00:50:33.484,SERVO_OUTPUT_RAW,988709781,SERVO_OUTPUT_RAW,0,0,0,0,0,0,0,0,1000,1000,1000,1000,0,0,0,0,0
2025-12-15 00:50:33.584,SERVO_OUTPUT_RAW,988809784,SERVO_OUTPUT_RAW,0,0,0,0,0,0,0,0,1000,1000,1000,1000,0,0,0,0,0
2025-12-15 00:50:33.684,SERVO_OUTPUT_RAW,988909820,SERVO_OUTPUT_RAW,0,0,0,0,0,0,0,0,1000,1000,1000,1000,0,0,0,0,0
2025-12-15 00:50:33.783,SERVO_OUTPUT_RAW,989009783,SERVO_OUTPUT_RAW,0,0,0,0,0,0,0,0,1000,1000,1000,1000,0,0,0,0,0
2025-12-15 00:50:33.884,SERVO_OUTPUT_RAW,989109801,SERVO_OUTPUT_RAW,0,0,0,0,0,0,0,0,1000,1000,1000,1000,0,0,0,0,0
2025-12-15 00:50:33.984,SERVO_OUTPUT_RAW,989209793,SERVO_OUTPUT_RAW,0,0,0,0,0,0,0,0,1000,1000,1000,1000,0,0,0,0,0
2025-12-15 00:50:34.084,SERVO_OUTPUT_RAW,989309801,SERVO_OUTPUT_RAW,0,0,0,0,0,0,0,0,1000,1000,1000,1000,0,0,0,0,0
2025-12-15 00:50:34.183,SERVO_OUTPUT_RAW,989409784,SERVO_OUTPUT_RAW,0,0,0,0,0,0,0,0,1000,1000,1000,1000,0,0,0,0,0
2025-12-15 00:50:34.284,SERVO_OUTPUT_RAW,989509808,SERVO_OUTPUT_RAW,0,0,0,0,0,0,0,0,1000,1000,1000,1000,0,0,0,0,0
2025-12-15 00:50:34.383,SERVO_OUTPUT_RAW,989609827,SERVO_OUTPUT_RAW,0,0,0,0,0,0,0,0,1000,1000,1000,1000,0,0,0,0,0
2025-12-15 00:50:34.484,SERVO_OUTPUT_RAW,989709866,SERVO_OUTPUT_RAW,0,0,0,0,0,0,0,0,1000,1000,1000,1000,0,0,0,0,0
2025-12-15 00:50:34.584,SERVO_OUTPUT_RAW,989809811,SERVO_OUTPUT_RAW,0,0,0,0,0,0,0,0,1000,1000,1000,1000,0,0,0,0,0
2025-12-15 00:50:34.684,SERVO_OUTPUT_RAW,989909780,SERVO_OUTPUT_RAW,0,0,0,0,0,0,0,0,1000,1000,1000,1000,0,0,0,0,0
2025-12-15 00:50:34.784,SERVO_OUTPUT_RAW,990012183,SERVO_OUTPUT_RAW,0,0,0,0,0,0,0,0,1000,1000,1000,1000,0,0,0,0,0
2025-12-15 00:50:34.884,SERVO_OUTPUT_RAW,990109851,SERVO_OUTPUT_RAW,0,0,0,0,0,0,0,0,1000,1000,1000,1000,0,0,0,0,0
2025-12-15 00:50:34.984,SERVO_OUTPUT_RAW,990209848,SERVO_OUTPUT_RAW,0,0,0,0,0,0,0,0,1000,1000,1000,1000,0,0,0,0,0
2025-12-15 00:50:35.084,SERVO_OUTPUT_RAW,990309784,SERVO_OUTPUT_RAW,0,0,0,0,0,0,0,0,1000,1000,1000,1000,0,0,0,0,0
2025-12-15 00:50:35.184,SERVO_OUTPUT_RAW,990409801,SERVO_OUTPUT_RAW,0,0,0,0,0,0,0,0,1000,1000,1000,1000,0,0,0,0,0
2025-12-15 00:50:35.284,SERVO_OUTPUT_RAW,990509814,SERVO_OUTPUT_RAW,0,0,0,0,0,0,0,0,1000,1000,1000,1000,0,0,0,0,0
2025-12-15 00:50:35.384,SERVO_OUTPUT_RAW,990609782,SERVO_OUTPUT_RAW,0,0,0,0,0,0,0,0,1000,1000,1000,1000,0,0,0,0,0
2025-12-15 00:50:35.484,SERVO_OUTPUT_RAW,990709799,SERVO_OUTPUT_RAW,0,0,0,0,0,0,0,0,1000,1000,1000,1000,0,0,0,0,0
2025-12-15 00:50:35.583,SERVO_OUTPUT_RAW,990809794,SERVO_OUTPUT_RAW,0,0,0,0,0,0,0,0,1000,1000,1000,1000,0,0,0,0,0
2025-12-15 00:50:35.683,SERVO_OUTPUT_RAW,990909783,SERVO_OUTPUT_RAW,0,0,0,0,0,0,0,0,1000,1000,1000,1000,0,0,0,0,0
2025-12-15 00:50:35.783,SERVO_OUTPUT_RAW,991009789,SERVO_OUTPUT_RAW,0,0,0,0,0,0,0,0,1000,1000,1000,1000,0,0,0,0,0
2025-12-15 00:50:35.883,SERVO_OUTPUT_RAW,991109828,SERVO_OUTPUT_RAW,0,0,0,0,0,0,0,0,1000,1000,1000,1000,0,0,0,0,0
2025-12-15 00:50:35.983,SERVO_OUTPUT_RAW,991209826,SERVO_OUTPUT_RAW,0,0,0,0,0,0,0,0,1000,1000,1000,1000,0,0,0,0,0
2025-12-15 00:50:36.083,SERVO_OUTPUT_RAW,991309849,SERVO_OUTPUT_RAW,0,0,0,0,0,0,0,0,1000,1000,1000,1000,0,0,0,0,0
2025-12-15 00:50:36.183,SERVO_OUTPUT_RAW,991409800,SERVO_OUTPUT_RAW,0,0,0,0,0,0,0,0,1000,1000,1000,1000,0,0,0,0,0
2025-12-15 00:50:36.283,SERVO_OUTPUT_RAW,991509812,SERVO_OUTPUT_RAW,0,0,0,0,0,0,0,0,1000,1000,1000,1000,0,0,0,0,0
2025-12-15 00:50:36.383,SERVO_OUTPUT_RAW,991609833,SERVO_OUTPUT_RAW,0,0,0,0,0,0,0,0,1000,1000,1000,1000,0,0,0,0,0
2025-12-15 00:50:36.483,SERVO_OUTPUT_RAW,991709837,SERVO_OUTPUT_RAW,0,0,0,0,0,0,0,0,1000,1000,1000,1000,0,0,0,0,0
2025-12-15 00:50:36.583,SERVO_OUTPUT_RAW,991809782,SERVO_OUTPUT_RAW,0,0,0,0,0,0,0,0,1000,1000,1000,1000,0,0,0,0,0
2025-12-15 00:50:36.683,SERVO_OUTPUT_RAW,991909789,SERVO_OUTPUT_RAW,0,0,0,0,0,0,0,0,1000,1000,1000,1000,0,0,0,0,0
2025-12-15 00:50:36.783,SERVO_OUTPUT_RAW,992009934,SERVO_OUTPUT_RAW,0,0,0,0,0,0,0,0,1000,1000,1000,1000,0,0,0,0,0
2025-12-15 00:50:36.883,SERVO_OUTPUT_RAW,992109875,SERVO_OUTPUT_RAW,0,0,0,0,0,0,0,0,1000,1000,1000,1000,0,0,0,0,0
2025-12-15 00:50:36.983,SERVO_OUTPUT_RAW,992209786,SERVO_OUTPUT_RAW,0,0,0,0,0,0,0,0,1000,1000,1000,1000,0,0,0,0,0
2025-12-15 00:50:37.083,SERVO_OUTPUT_RAW,992309788,SERVO_OUTPUT_RAW,0,0,0,0,0,0,0,0,1000,1000,1000,1000,0,0,0,0,0
2025-12-15 00:50:37.183,SERVO_OUTPUT_RAW,992409784,SERVO_OUTPUT_RAW,0,0,0,0,0,0,0,0,1000,1000,1000,1000,0,0,0,0,0
2025-12-15 00:50:37.283,SERVO_OUTPUT_RAW,992509789,SERVO_OUTPUT_RAW,0,0,0,0,0,0,0,0,1000,1000,1000,1000,0,0,0,0,0
2025-12-15 00:50:37.383,SERVO_OUTPUT_RAW,992609809,SERVO_OUTPUT_RAW,0,0,0,0,0,0,0,0,1000,1000,1000,1000,0,0,0,0,0
2025-12-15 00:50:37.486,SERVO_OUTPUT_RAW,992709823,SERVO_OUTPUT_RAW,0,0,0,0,0,0,0,0,1000,1000,1000,1000,0,0,0,0,0
2025-12-15 00:50:37.583,SERVO_OUTPUT_RAW,992809827,SERVO_OUTPUT_RAW,0,0,0,0,0,0,0,0,1000,1000,1000,1000,0,0,0,0,0
2025-12-15 00:50:37.683,SERVO_OUTPUT_RAW,992912141,SERVO_OUTPUT_RAW,0,0,0,0,0,0,0,0,1000,1000,1000,1000,0,0,0,0,0
2025-12-15 00:50:37.783,SERVO_OUTPUT_RAW,993009812,SERVO_OUTPUT_RAW,0,0,0,0,0,0,0,0,1000,1000,1000,1000,0,0,0,0,0
2025-12-15 00:50:37.883,SERVO_OUTPUT_RAW,993109807,SERVO_OUTPUT_RAW,0,0,0,0,0,0,0,0,1000,1000,1000,1000,0,0,0,0,0
2025-12-15 00:50:37.984,SERVO_OUTPUT_RAW,993209845,SERVO_OUTPUT_RAW,0,0,0,0,0,0,0,0,1000,1000,1000,1000,0,0,0,0,0
2025-12-15 00:50:38.083,SERVO_OUTPUT_RAW,993309844,SERVO_OUTPUT_RAW,0,0,0,0,0,0,0,0,1000,1000,1000,1000,0,0,0,0,0
2025-12-15 00:50:38.184,SERVO_OUTPUT_RAW,993409783,SERVO_OUTPUT_RAW,0,0,0,0,0,0,0,0,1000,1000,1000,1000,0,0,0,0,0
2025-12-15 00:50:38.284,SERVO_OUTPUT_RAW,993509816,SERVO_OUTPUT_RAW,0,0,0,0,0,0,0,0,1000,1000,1000,1000,0,0,0,0,0
2025-12-15 00:50:38.383,SERVO_OUTPUT_RAW,993609838,SERVO_OUTPUT_RAW,0,0,0,0,0,0,0,0,1000,1000,1000,1000,0,0,0,0,0
2025-12-15 00:50:38.483,SERVO_OUTPUT_RAW,993709814,SERVO_OUTPUT_RAW,0,0,0,0,0,0,0,0,1000,1000,1000,1000,0,0,0,0,0
2025-12-15 00:50:38.583,SERVO_OUTPUT_RAW,993809802,SERVO_OUTPUT_RAW,0,0,0,0,0,0,0,0,1000,1000,1000,1000,0,0,0,0,0
2025-12-15 00:50:38.684,SERVO_OUTPUT_RAW,993909789,SERVO_OUTPUT_RAW,0,0,0,0,0,0,0,0,1000,1000,1000,1000,0,0,0,0,0
2025-12-15 00:50:38.783,SERVO_OUTPUT_RAW,994009796,SERVO_OUTPUT_RAW,0,0,0,0,0,0,0,0,1000,1000,1000,1000,0,0,0,0,0
2025-12-15 00:50:38.884,SERVO_OUTPUT_RAW,994109784,SERVO_OUTPUT_RAW,0,0,0,0,0,0,0,0,1000,1000,1000,1000,0,0,0,0,0
2025-12-15 00:50:38.983,SERVO_OUTPUT_RAW,994212158,SERVO_OUTPUT_RAW,0,0,0,0,0,0,0,0,1000,1000,1000,1000,0,0,0,0,0
2025-12-15 00:50:39.083,SERVO_OUTPUT_RAW,994309832,SERVO_OUTPUT_RAW,0,0,0,0,0,0,0,0,1000,1000,1000,1000,0,0,0,0,0
2025-12-15 00:50:39.183,SERVO_OUTPUT_RAW,994409833,SERVO_OUTPUT_RAW,0,0,0,0,0,0,0,0,1000,1000,1000,1000,0,0,0,0,0
2025-12-15 00:50:39.284,SERVO_OUTPUT_RAW,994509864,SERVO_OUTPUT_RAW,0,0,0,0,0,0,0,0,1000,1000,1000,1000,0,0,0,0,0
2025-12-15 00:50:39.383,SERVO_OUTPUT_RAW,994609802,SERVO_OUTPUT_RAW,0,0,0,0,0,0,0,0,1000,1000,1000,1000,0,0,0,0,0
2025-12-15 00:50:39.483,SERVO_OUTPUT_RAW,994709825,SERVO_OUTPUT_RAW,0,0,0,0,0,0,0,0,1000,1000,1000,1000,0,0,0,0,0
2025-12-15 00:50:39.584,SERVO_OUTPUT_RAW,994809847,SERVO_OUTPUT_RAW,0,0,0,0,0,0,0,0,1000,1000,1000,1000,0,0,0,0,0
2025-12-15 00:50:39.683,SERVO_OUTPUT_RAW,994909859,SERVO_OUTPUT_RAW,0,0,0,0,0,0,0,0,1000,1000,1000,1000,0,0,0,0,0
2025-12-15 00:50:39.783,SERVO_OUTPUT_RAW,995009789,SERVO_OUTPUT_RAW,0,0,0,0,0,0,0,0,1000,1000,1000,1000,0,0,0,0,0
2025-12-15 00:50:39.885,SERVO_OUTPUT_RAW,995109824,SERVO_OUTPUT_RAW,0,0,0,0,0,0,0,0,1000,1000,1000,1000,0,0,0,0,0
2025-12-15 00:50:39.984,SERVO_OUTPUT_RAW,995209816,SERVO_OUTPUT_RAW,0,0,0,0,0,0,0,0,1000,1000,1000,1000,0,0,0,0,0
2025-12-15 00:50:40.083,SERVO_OUTPUT_RAW,995309774,SERVO_OUTPUT_RAW,0,0,0,0,0,0,0,0,1000,1000,1000,1000,0,0,0,0,0
2025-12-15 00:50:40.183,SERVO_OUTPUT_RAW,995409797,SERVO_OUTPUT_RAW,0,0,0,0,0,0,0,0,1000,1000,1000,1000,0,0,0,0,0
2025-12-15 00:50:40.283,SERVO_OUTPUT_RAW,995509804,SERVO_OUTPUT_RAW,0,0,0,0,0,0,0,0,1000,1000,1000,1000,0,0,0,0,0
2025-12-15 00:50:40.383,SERVO_OUTPUT_RAW,995609796,SERVO_OUTPUT_RAW,0,0,0,0,0,0,0,0,1000,1000,1000,1000,0,0,0,0,0
2025-12-15 00:50:40.484,SERVO_OUTPUT_RAW,995709791,SERVO_OUTPUT_RAW,0,0,0,0,0,0,0,0,1000,1000,1000,1000,0,0,0,0,0
2025-12-15 00:50:40.583,SERVO_OUTPUT_RAW,995809797,SERVO_OUTPUT_RAW,0,0,0,0,0,0,0,0,1000,1000,1000,1000,0,0,0,0,0
2025-12-15 00:50:40.683,SERVO_OUTPUT_RAW,995909851,SERVO_OUTPUT_RAW,0,0,0,0,0,0,0,0,1000,1000,1000,1000,0,0,0,0,0
2025-12-15 00:50:40.784,SERVO_OUTPUT_RAW,996009860,SERVO_OUTPUT_RAW,0,0,0,0,0,0,0,0,1000,1000,1000,1000,0,0,0,0,0
2025-12-15 00:50:40.883,SERVO_OUTPUT_RAW,996109782,SERVO_OUTPUT_RAW,0,0,0,0,0,0,0,0,1000,1000,1000,1000,0,0,0,0,0
2025-12-15 00:50:40.984,SERVO_OUTPUT_RAW,996209806,SERVO_OUTPUT_RAW,0,0,0,0,0,0,0,0,1000,1000,1000,1000,0,0,0,0,0
2025-12-15 00:50:41.084,SERVO_OUTPUT_RAW,996312098,SERVO_OUTPUT_RAW,0,0,0,0,0,0,0,0,1000,1000,1000,1000,0,0,0,0,0
2025-12-15 00:50:41.183,SERVO_OUTPUT_RAW,996409845,SERVO_OUTPUT_RAW,0,0,0,0,0,0,0,0,1000,1000,1000,1000,0,0,0,0,0
2025-12-15 00:50:41.284,SERVO_OUTPUT_RAW,996509908,SERVO_OUTPUT_RAW,0,0,0,0,0,0,0,0,1000,1000,1000,1000,0,0,0,0,0
2025-12-15 00:50:41.384,SERVO_OUTPUT_RAW,996609807,SERVO_OUTPUT_RAW,0,0,0,0,0,0,0,0,1000,1000,1000,1000,0,0,0,0,0
2025-12-15 00:50:41.484,SERVO_OUTPUT_RAW,996709819,SERVO_OUTPUT_RAW,0,0,0,0,0,0,0,0,1000,1000,1000,1000,0,0,0,0,0
2025-12-15 00:50:41.584,SERVO_OUTPUT_RAW,996809794,SERVO_OUTPUT_RAW,0,0,0,0,0,0,0,0,1000,1000,1000,1000,0,0,0,0,0
2025-12-15 00:50:41.684,SERVO_OUTPUT_RAW,996909780,SERVO_OUTPUT_RAW,0,0,0,0,0,0,0,0,1000,1000,1000,1000,0,0,0,0,0
2025-12-15 00:50:41.784,SERVO_OUTPUT_RAW,997009810,SERVO_OUTPUT_RAW,0,0,0,0,0,0,0,0,1000,1000,1000,1000,0,0,0,0,0
2025-12-15 00:50:41.884,SERVO_OUTPUT_RAW,997109795,SERVO_OUTPUT_RAW,0,0,0,0,0,0,0,0,1000,1000,1000,1000,0,0,0,0,0
2025-12-15 00:50:41.984,SERVO_OUTPUT_RAW,997209790,SERVO_OUTPUT_RAW,0,0,0,0,0,0,0,0,1000,1000,1000,1000,0,0,0,0,0
2025-12-15 00:50:42.084,SERVO_OUTPUT_RAW,997309816,SERVO_OUTPUT_RAW,0,0,0,0,0,0,0,0,1000,1000,1000,1000,0,0,0,0,0
2025-12-15 00:50:42.184,SERVO_OUTPUT_RAW,997409813,SERVO_OUTPUT_RAW,0,0,0,0,0,0,0,0,1000,1000,1000,1000,0,0,0,0,0
2025-12-15 00:50:42.284,SERVO_OUTPUT_RAW,997512133,SERVO_OUTPUT_RAW,0,0,0,0,0,0,0,0,1000,1000,1000,1000,0,0,0,0,0
2025-12-15 00:50:42.386,SERVO_OUTPUT_RAW,997609844,SERVO_OUTPUT_RAW,0,0,0,0,0,0,0,0,1000,1000,1000,1000,0,0,0,0,0
2025-12-15 00:50:42.485,SERVO_OUTPUT_RAW,997709780,SERVO_OUTPUT_RAW,0,0,0,0,0,0,0,0,1000,1000,1000,1000,0,0,0,0,0
2025-12-15 00:50:42.583,SERVO_OUTPUT_RAW,997809818,SERVO_OUTPUT_RAW,0,0,0,0,0,0,0,0,1000,1000,1000,1000,0,0,0,0,0
2025-12-15 00:50:42.685,SERVO_OUTPUT_RAW,997909839,SERVO_OUTPUT_RAW,0,0,0,0,0,0,0,0,1000,1000,1000,1000,0,0,0,0,0
2025-12-15 00:50:42.785,SERVO_OUTPUT_RAW,998009831,SERVO_OUTPUT_RAW,0,0,0,0,0,0,0,0,1000,1000,1000,1000,0,0,0,0,0
2025-12-15 00:50:42.884,SERVO_OUTPUT_RAW,998109791,SERVO_OUTPUT_RAW,0,0,0,0,0,0,0,0,1000,1000,1000,1000,0,0,0,0,0
2025-12-15 00:50:42.984,SERVO_OUTPUT_RAW,998209812,SERVO_OUTPUT_RAW,0,0,0,0,0,0,0,0,1000,1000,1000,1000,0,0,0,0,0
2025-12-15 00:50:43.084,SERVO_OUTPUT_RAW,998309840,SERVO_OUTPUT_RAW,0,0,0,0,0,0,0,0,1000,1000,1000,1000,0,0,0,0,0
2025-12-15 00:50:43.184,SERVO_OUTPUT_RAW,998409891,SERVO_OUTPUT_RAW,0,0,0,0,0,0,0,0,1000,1000,1000,1000,0,0,0,0,0
2025-12-15 00:50:43.284,SERVO_OUTPUT_RAW,998509790,SERVO_OUTPUT_RAW,0,0,0,0,0,0,0,0,1000,1000,1000,1000,0,0,0,0,0
2025-12-15 00:50:43.384,SERVO_OUTPUT_RAW,998609786,SERVO_OUTPUT_RAW,0,0,0,0,0,0,0,0,1000,1000,1000,1000,0,0,0,0,0
2025-12-15 00:50:43.484,SERVO_OUTPUT_RAW,998709776,SERVO_OUTPUT_RAW,0,0,0,0,0,0,0,0,1000,1000,1000,1000,0,0,0,0,0
2025-12-15 00:50:43.584,SERVO_OUTPUT_RAW,998809788,SERVO_OUTPUT_RAW,0,0,0,0,0,0,0,0,1000,1000,1000,1000,0,0,0,0,0
2025-12-15 00:50:43.684,SERVO_OUTPUT_RAW,998909813,SERVO_OUTPUT_RAW,0,0,0,0,0,0,0,0,1000,1000,1000,1000,0,0,0,0,0
2025-12-15 00:50:43.784,SERVO_OUTPUT_RAW,999009780,SERVO_OUTPUT_RAW,0,0,0,0,0,0,0,0,1000,1000,1000,1000,0,0,0,0,0
2025-12-15 00:50:43.884,SERVO_OUTPUT_RAW,999109838,SERVO_OUTPUT_RAW,0,0,0,0,0,0,0,0,1000,1000,1000,1000,0,0,0,0,0
2025-12-15 00:50:43.984,SERVO_OUTPUT_RAW,999209892,SERVO_OUTPUT_RAW,0,0,0,0,0,0,0,0,1000,1000,1000,1000,0,0,0,0,0
2025-12-15 00:50:44.084,SERVO_OUTPUT_RAW,999309793,SERVO_OUTPUT_RAW,0,0,0,0,0,0,0,0,1000,1000,1000,1000,0,0,0,0,0
2025-12-15 00:50:44.184,SERVO_OUTPUT_RAW,999409840,SERVO_OUTPUT_RAW,0,0,0,0,0,0,0,0,1000,1000,1000,1000,0,0,0,0,0
2025-12-15 00:50:44.284,SERVO_OUTPUT_RAW,999509851,SERVO_OUTPUT_RAW,0,0,0,0,0,0,0,0,1000,1000,1000,1000,0,0,0,0,0
2025-12-15 00:50:44.385,SERVO_OUTPUT_RAW,999609783,SERVO_OUTPUT_RAW,0,0,0,0,0,0,0,0,1000,1000,1000,1000,0,0,0,0,0
2025-12-15 00:50:44.484,SERVO_OUTPUT_RAW,999709795,SERVO_OUTPUT_RAW,0,0,0,0,0,0,0,0,1000,1000,1000,1000,0,0,0,0,0
2025-12-15 00:50:44.584,SERVO_OUTPUT_RAW,999809814,SERVO_OUTPUT_RAW,0,0,0,0,0,0,0,0,1000,1000,1000,1000,0,0,0,0,0
2025-12-15 00:50:44.685,SERVO_OUTPUT_RAW,999909809,SERVO_OUTPUT_RAW,0,0,0,0,0,0,0,0,1000,1000,1000,1000,0,0,0,0,0
2025-12-15 00:50:44.784,SERVO_OUTPUT_RAW,1000009787,SERVO_OUTPUT_RAW,0,0,0,0,0,0,0,0,1000,1000,1000,1000,0,0,0,0,0
2025-12-15 00:50:44.884,SERVO_OUTPUT_RAW,1000109788,SERVO_OUTPUT_RAW,0,0,0,0,0,0,0,0,1000,1000,1000,1000,0,0,0,0,0
2025-12-15 00:50:44.983,SERVO_OUTPUT_RAW,1000209784,SERVO_OUTPUT_RAW,0,0,0,0,0,0,0,0,1000,1000,1000,1000,0,0,0,0,0
2025-12-15 00:50:45.083,SERVO_OUTPUT_RAW,1000309778,SERVO_OUTPUT_RAW,0,0,0,0,0,0,0,0,1000,1000,1000,1000,0,0,0,0,0
2025-12-15 00:50:45.183,SERVO_OUTPUT_RAW,1000412114,SERVO_OUTPUT_RAW,0,0,0,0,0,0,0,0,1000,1000,1000,1000,0,0,0,0,0
2025-12-15 00:50:45.283,SERVO_OUTPUT_RAW,1000512183,SERVO_OUTPUT_RAW,0,0,0,0,0,0,0,0,1000,1000,1000,1000,0,0,0,0,0
2025-12-15 00:50:45.383,SERVO_OUTPUT_RAW,1000609826,SERVO_OUTPUT_RAW,0,0,0,0,0,0,0,0,1000,1000,1000,1000,0,0,0,0,0
2025-12-15 00:50:45.483,SERVO_OUTPUT_RAW,1000709816,SERVO_OUTPUT_RAW,0,0,0,0,0,0,0,0,1000,1000,1000,1000,0,0,0,0,0
2025-12-15 00:50:45.583,SERVO_OUTPUT_RAW,1000809778,SERVO_OUTPUT_RAW,0,0,0,0,0,0,0,0,1000,1000,1000,1000,0,0,0,0,0
2025-12-15 00:50:45.683,SERVO_OUTPUT_RAW,1000909811,SERVO_OUTPUT_RAW,0,0,0,0,0,0,0,0,1000,1000,1000,1000,0,0,0,0,0
2025-12-15 00:50:45.783,SERVO_OUTPUT_RAW,1001009861,SERVO_OUTPUT_RAW,0,0,0,0,0,0,0,0,1000,1000,1000,1000,0,0,0,0,0
2025-12-15 00:50:45.883,SERVO_OUTPUT_RAW,1001109838,SERVO_OUTPUT_RAW,0,0,0,0,0,0,0,0,1000,1000,1000,1000,0,0,0,0,0
2025-12-15 00:50:45.983,SERVO_OUTPUT_RAW,1001209778,SERVO_OUTPUT_RAW,0,0,0,0,0,0,0,0,1000,1000,1000,1000,0,0,0,0,0
2025-12-15 00:50:46.083,SERVO_OUTPUT_RAW,1001309809,SERVO_OUTPUT_RAW,0,0,0,0,0,0,0,0,1000,1000,1000,1000,0,0,0,0,0
2025-12-15 00:50:46.183,SERVO_OUTPUT_RAW,1001409830,SERVO_OUTPUT_RAW,0,0,0,0,0,0,0,0,1000,1000,1000,1000,0,0,0,0,0
2025-12-15 00:50:46.283,SERVO_OUTPUT_RAW,1001509819,SERVO_OUTPUT_RAW,0,0,0,0,0,0,0,0,1000,1000,1000,1000,0,0,0,0,0
2025-12-15 00:50:46.383,SERVO_OUTPUT_RAW,1001609795,SERVO_OUTPUT_RAW,0,0,0,0,0,0,0,0,1000,1000,1000,1000,0,0,0,0,0
2025-12-15 00:50:46.483,SERVO_OUTPUT_RAW,1001709808,SERVO_OUTPUT_RAW,0,0,0,0,0,0,0,0,1000,1000,1000,1000,0,0,0,0,0
2025-12-15 00:50:46.583,SERVO_OUTPUT_RAW,1001809782,SERVO_OUTPUT_RAW,0,0,0,0,0,0,0,0,1000,1000,1000,1000,0,0,0,0,0
2025-12-15 00:50:46.683,SERVO_OUTPUT_RAW,1001909792,SERVO_OUTPUT_RAW,0,0,0,0,0,0,0,0,1000,1000,1000,1000,0,0,0,0,0
2025-12-15 00:50:46.783,SERVO_OUTPUT_RAW,1002009783,SERVO_OUTPUT_RAW,0,0,0,0,0,0,0,0,1000,1000,1000,1000,0,0,0,0,0
2025-12-15 00:50:46.883,SERVO_OUTPUT_RAW,1002109819,SERVO_OUTPUT_RAW,0,0,0,0,0,0,0,0,1000,1000,1000,1000,0,0,0,0,0
2025-12-15 00:50:46.983,SERVO_OUTPUT_RAW,1002209829,SERVO_OUTPUT_RAW,0,0,0,0,0,0,0,0,1000,1000,1000,1000,0,0,0,0,0
2025-12-15 00:50:47.083,SERVO_OUTPUT_RAW,1002309862,SERVO_OUTPUT_RAW,0,0,0,0,0,0,0,0,1000,1000,1000,1000,0,0,0,0,0
2025-12-15 00:50:47.183,SERVO_OUTPUT_RAW,1002409829,SERVO_OUTPUT_RAW,0,0,0,0,0,0,0,0,1000,1000,1000,1000,0,0,0,0,0
2025-12-15 00:50:47.283,SERVO_OUTPUT_RAW,1002509808,SERVO_OUTPUT_RAW,0,0,0,0,0,0,0,0,1000,1000,1000,1000,0,0,0,0,0
2025-12-15 00:50:47.385,SERVO_OUTPUT_RAW,1002612107,SERVO_OUTPUT_RAW,0,0,0,0,0,0,0,0,1000,1000,1000,1000,0,0,0,0,0
2025-12-15 00:50:47.483,SERVO_OUTPUT_RAW,1002709852,SERVO_OUTPUT_RAW,0,0,0,0,0,0,0,0,1000,1000,1000,1000,0,0,0,0,0
2025-12-15 00:50:47.583,SERVO_OUTPUT_RAW,1002809804,SERVO_OUTPUT_RAW,0,0,0,0,0,0,0,0,1000,1000,1000,1000,0,0,0,0,0
2025-12-15 00:50:47.683,SERVO_OUTPUT_RAW,1002909823,SERVO_OUTPUT_RAW,0,0,0,0,0,0,0,0,1000,1000,1000,1000,0,0,0,0,0
2025-12-15 00:50:47.783,SERVO_OUTPUT_RAW,1003009821,SERVO_OUTPUT_RAW,0,0,0,0,0,0,0,0,1000,1000,1000,1000,0,0,0,0,0
2025-12-15 00:50:47.883,SERVO_OUTPUT_RAW,1003109784,SERVO_OUTPUT_RAW,0,0,0,0,0,0,0,0,1000,1000,1000,1000,0,0,0,0,0
2025-12-15 00:50:47.983,SERVO_OUTPUT_RAW,1003209781,SERVO_OUTPUT_RAW,0,0,0,0,0,0,0,0,1000,1000,1000,1000,0,0,0,0,0
2025-12-15 00:50:48.084,SERVO_OUTPUT_RAW,1003309809,SERVO_OUTPUT_RAW,0,0,0,0,0,0,0,0,1000,1000,1000,1000,0,0,0,0,0
2025-12-15 00:50:48.184,SERVO_OUTPUT_RAW,1003409780,SERVO_OUTPUT_RAW,0,0,0,0,0,0,0,0,1000,1000,1000,1000,0,0,0,0,0
2025-12-15 00:50:48.284,SERVO_OUTPUT_RAW,1003509781,SERVO_OUTPUT_RAW,0,0,0,0,0,0,0,0,1000,1000,1000,1000,0,0,0,0,0
2025-12-15 00:50:48.384,SERVO_OUTPUT_RAW,1003609815,SERVO_OUTPUT_RAW,0,0,0,0,0,0,0,0,1000,1000,1000,1000,0,0,0,0,0
2025-12-15 00:50:48.483,SERVO_OUTPUT_RAW,1003709848,SERVO_OUTPUT_RAW,0,0,0,0,0,0,0,0,1000,1000,1000,1000,0,0,0,0,0
2025-12-15 00:50:48.584,SERVO_OUTPUT_RAW,1003809808,SERVO_OUTPUT_RAW,0,0,0,0,0,0,0,0,1000,1000,1000,1000,0,0,0,0,0
2025-12-15 00:50:48.683,SERVO_OUTPUT_RAW,1003909815,SERVO_OUTPUT_RAW,0,0,0,0,0,0,0,0,1000,1000,1000,1000,0,0,0,0,0
2025-12-15 00:50:48.783,SERVO_OUTPUT_RAW,1004009841,SERVO_OUTPUT_RAW,0,0,0,0,0,0,0,0,1000,1000,1000,1000,0,0,0,0,0
2025-12-15 00:50:48.884,SERVO_OUTPUT_RAW,1004109848,SERVO_OUTPUT_RAW,0,0,0,0,0,0,0,0,1000,1000,1000,1000,0,0,0,0,0
2025-12-15 00:50:48.983,SERVO_OUTPUT_RAW,1004209843,SERVO_OUTPUT_RAW,0,0,0,0,0,0,0,0,1000,1000,1000,1000,0,0,0,0,0
2025-12-15 00:50:49.084,SERVO_OUTPUT_RAW,1004309782,SERVO_OUTPUT_RAW,0,0,0,0,0,0,0,0,1000,1000,1000,1000,0,0,0,0,0
2025-12-15 00:50:49.184,SERVO_OUTPUT_RAW,1004409796,SERVO_OUTPUT_RAW,0,0,0,0,0,0,0,0,1000,1000,1000,1000,0,0,0,0,0
2025-12-15 00:50:49.284,SERVO_OUTPUT_RAW,1004509822,SERVO_OUTPUT_RAW,0,0,0,0,0,0,0,0,1000,1000,1000,1000,0,0,0,0,0
2025-12-15 00:50:49.384,SERVO_OUTPUT_RAW,1004609887,SERVO_OUTPUT_RAW,0,0,0,0,0,0,0,0,1000,1000,1000,1000,0,0,0,0,0
2025-12-15 00:50:49.484,SERVO_OUTPUT_RAW,1004709878,SERVO_OUTPUT_RAW,0,0,0,0,0,0,0,0,1000,1000,1000,1000,0,0,0,0,0
2025-12-15 00:50:49.584,SERVO_OUTPUT_RAW,1004809797,SERVO_OUTPUT_RAW,0,0,0,0,0,0,0,0,1000,1000,1000,1000,0,0,0,0,0
2025-12-15 00:50:49.684,SERVO_OUTPUT_RAW,1004909801,SERVO_OUTPUT_RAW,0,0,0,0,0,0,0,0,1000,1000,1000,1000,0,0,0,0,0
2025-12-15 00:50:49.784,SERVO_OUTPUT_RAW,1005009792,SERVO_OUTPUT_RAW,0,0,0,0,0,0,0,0,1000,1000,1000,1000,0,0,0,0,0
2025-12-15 00:50:49.884,SERVO_OUTPUT_RAW,1005109803,SERVO_OUTPUT_RAW,0,0,0,0,0,0,0,0,1000,1000,1000,1000,0,0,0,0,0
2025-12-15 00:50:49.983,SERVO_OUTPUT_RAW,1005209827,SERVO_OUTPUT_RAW,0,0,0,0,0,0,0,0,1000,1000,1000,1000,0,0,0,0,0
2025-12-15 00:50:50.084,SERVO_OUTPUT_RAW,1005309838,SERVO_OUTPUT_RAW,0,0,0,0,0,0,0,0,1000,1000,1000,1000,0,0,0,0,0
2025-12-15 00:50:50.184,SERVO_OUTPUT_RAW,1005409888,SERVO_OUTPUT_RAW,0,0,0,0,0,0,0,0,1000,1000,1000,1000,0,0,0,0,0
2025-12-15 00:50:50.284,SERVO_OUTPUT_RAW,1005509792,SERVO_OUTPUT_RAW,0,0,0,0,0,0,0,0,1000,1000,1000,1000,0,0,0,0,0
2025-12-15 00:50:50.384,SERVO_OUTPUT_RAW,1005609818,SERVO_OUTPUT_RAW,0,0,0,0,0,0,0,0,1000,1000,1000,1000,0,0,0,0,0
2025-12-15 00:50:50.484,SERVO_OUTPUT_RAW,1005709845,SERVO_OUTPUT_RAW,0,0,0,0,0,0,0,0,1000,1000,1000,1000,0,0,0,0,0
2025-12-15 00:50:50.584,SERVO_OUTPUT_RAW,1005809842,SERVO_OUTPUT_RAW,0,0,0,0,0,0,0,0,1000,1000,1000,1000,0,0,0,0,0
2025-12-15 00:50:50.684,SERVO_OUTPUT_RAW,1005909800,SERVO_OUTPUT_RAW,0,0,0,0,0,0,0,0,1000,1000,1000,1000,0,0,0,0,0
2025-12-15 00:50:50.784,SERVO_OUTPUT_RAW,1006009819,SERVO_OUTPUT_RAW,0,0,0,0,0,0,0,0,1000,1000,1000,1000,0,0,0,0,0
2025-12-15 00:50:50.884,SERVO_OUTPUT_RAW,1006109821,SERVO_OUTPUT_RAW,0,0,0,0,0,0,0,0,1000,1000,1000,1000,0,0,0,0,0
2025-12-15 00:50:50.984,SERVO_OUTPUT_RAW,1006209837,SERVO_OUTPUT_RAW,0,0,0,0,0,0,0,0,1000,1000,1000,1000,0,0,0,0,0
2025-12-15 00:50:51.084,SERVO_OUTPUT_RAW,1006309781,SERVO_OUTPUT_RAW,0,0,0,0,0,0,0,0,1000,1000,1000,1000,0,0,0,0,0
2025-12-15 00:50:51.184,SERVO_OUTPUT_RAW,1006409812,SERVO_OUTPUT_RAW,0,0,0,0,0,0,0,0,1000,1000,1000,1000,0,0,0,0,0
2025-12-15 00:50:51.284,SERVO_OUTPUT_RAW,1006509784,SERVO_OUTPUT_RAW,0,0,0,0,0,0,0,0,1000,1000,1000,1000,0,0,0,0,0
2025-12-15 00:50:51.384,SERVO_OUTPUT_RAW,1006609781,SERVO_OUTPUT_RAW,0,0,0,0,0,0,0,0,1000,1000,1000,1000,0,0,0,0,0
2025-12-15 00:50:51.484,SERVO_OUTPUT_RAW,1006709757,SERVO_OUTPUT_RAW,0,0,0,0,0,0,0,0,1000,1000,1000,1000,0,0,0,0,0
2025-12-15 00:50:51.584,SERVO_OUTPUT_RAW,1006812159,SERVO_OUTPUT_RAW,0,0,0,0,0,0,0,0,1000,1000,1000,1000,0,0,0,0,0
2025-12-15 00:50:51.684,SERVO_OUTPUT_RAW,1006909798,SERVO_OUTPUT_RAW,0,0,0,0,0,0,0,0,1000,1000,1000,1000,0,0,0,0,0
2025-12-15 00:50:51.784,SERVO_OUTPUT_RAW,1007009798,SERVO_OUTPUT_RAW,0,0,0,0,0,0,0,0,1000,1000,1000,1000,0,0,0,0,0
2025-12-15 00:50:51.885,SERVO_OUTPUT_RAW,1007109802,SERVO_OUTPUT_RAW,0,0,0,0,0,0,0,0,1000,1000,1000,1000,0,0,0,0,0
2025-12-15 00:50:51.984,SERVO_OUTPUT_RAW,1007209828,SERVO_OUTPUT_RAW,0,0,0,0,0,0,0,0,1000,1000,1000,1000,0,0,0,0,0
2025-12-15 00:50:52.084,SERVO_OUTPUT_RAW,1007309861,SERVO_OUTPUT_RAW,0,0,0,0,0,0,0,0,1000,1000,1000,1000,0,0,0,0,0
2025-12-15 00:50:52.185,SERVO_OUTPUT_RAW,1007409852,SERVO_OUTPUT_RAW,0,0,0,0,0,0,0,0,1000,1000,1000,1000,0,0,0,0,0
2025-12-15 00:50:52.284,SERVO_OUTPUT_RAW,1007509814,SERVO_OUTPUT_RAW,0,0,0,0,0,0,0,0,1000,1000,1000,1000,0,0,0,0,0
2025-12-15 00:50:52.384,SERVO_OUTPUT_RAW,1007609822,SERVO_OUTPUT_RAW,0,0,0,0,0,0,0,0,1000,1000,1000,1000,0,0,0,0,0
2025-12-15 00:50:52.486,SERVO_OUTPUT_RAW,1007709813,SERVO_OUTPUT_RAW,0,0,0,0,0,0,0,0,1000,1000,1000,1000,0,0,0,0,0
2025-12-15 00:50:52.584,SERVO_OUTPUT_RAW,1007809784,SERVO_OUTPUT_RAW,0,0,0,0,0,0,0,0,1000,1000,1000,1000,0,0,0,0,0
2025-12-15 00:50:52.684,SERVO_OUTPUT_RAW,1007909790,SERVO_OUTPUT_RAW,0,0,0,0,0,0,0,0,1000,1000,1000,1000,0,0,0,0,0
2025-12-15 00:50:52.784,SERVO_OUTPUT_RAW,1008009785,SERVO_OUTPUT_RAW,0,0,0,0,0,0,0,0,1000,1000,1000,1000,0,0,0,0,0
2025-12-15 00:50:52.884,SERVO_OUTPUT_RAW,1008109791,SERVO_OUTPUT_RAW,0,0,0,0,0,0,0,0,1000,1000,1000,1000,0,0,0,0,0
2025-12-15 00:50:52.984,SERVO_OUTPUT_RAW,1008209793,SERVO_OUTPUT_RAW,0,0,0,0,0,0,0,0,1000,1000,1000,1000,0,0,0,0,0
2025-12-15 00:50:53.084,SERVO_OUTPUT_RAW,1008309833,SERVO_OUTPUT_RAW,0,0,0,0,0,0,0,0,1000,1000,1000,1000,0,0,0,0,0
2025-12-15 00:50:53.184,SERVO_OUTPUT_RAW,1008409834,SERVO_OUTPUT_RAW,0,0,0,0,0,0,0,0,1000,1000,1000,1000,0,0,0,0,0
2025-12-15 00:50:53.284,SERVO_OUTPUT_RAW,1008509856,SERVO_OUTPUT_RAW,0,0,0,0,0,0,0,0,1000,1000,1000,1000,0,0,0,0,0
2025-12-15 00:50:53.384,SERVO_OUTPUT_RAW,1008609812,SERVO_OUTPUT_RAW,0,0,0,0,0,0,0,0,1000,1000,1000,1000,0,0,0,0,0
2025-12-15 00:50:53.484,SERVO_OUTPUT_RAW,1008709807,SERVO_OUTPUT_RAW,0,0,0,0,0,0,0,0,1000,1000,1000,1000,0,0,0,0,0
2025-12-15 00:50:53.584,SERVO_OUTPUT_RAW,1008809838,SERVO_OUTPUT_RAW,0,0,0,0,0,0,0,0,1000,1000,1000,1000,0,0,0,0,0
2025-12-15 00:50:53.684,SERVO_OUTPUT_RAW,1008909921,SERVO_OUTPUT_RAW,0,0,0,0,0,0,0,0,1000,1000,1000,1000,0,0,0,0,0
2025-12-15 00:50:53.784,SERVO_OUTPUT_RAW,1009009781,SERVO_OUTPUT_RAW,0,0,0,0,0,0,0,0,1000,1000,1000,1000,0,0,0,0,0
2025-12-15 00:50:53.884,SERVO_OUTPUT_RAW,1009109832,SERVO_OUTPUT_RAW,0,0,0,0,0,0,0,0,1000,1000,1000,1000,0,0,0,0,0
2025-12-15 00:50:53.984,SERVO_OUTPUT_RAW,1009209811,SERVO_OUTPUT_RAW,0,0,0,0,0,0,0,0,1000,1000,1000,1000,0,0,0,0,0
2025-12-15 00:50:54.085,SERVO_OUTPUT_RAW,1009309817,SERVO_OUTPUT_RAW,0,0,0,0,0,0,0,0,1000,1000,1000,1000,0,0,0,0,0
2025-12-15 00:50:54.185,SERVO_OUTPUT_RAW,1009409780,SERVO_OUTPUT_RAW,0,0,0,0,0,0,0,0,1000,1000,1000,1000,0,0,0,0,0
2025-12-15 00:50:54.283,SERVO_OUTPUT_RAW,1009509782,SERVO_OUTPUT_RAW,0,0,0,0,0,0,0,0,1000,1000,1000,1000,0,0,0,0,0
2025-12-15 00:50:54.383,SERVO_OUTPUT_RAW,1009609781,SERVO_OUTPUT_RAW,0,0,0,0,0,0,0,0,1000,1000,1000,1000,0,0,0,0,0
2025-12-15 00:50:54.483,SERVO_OUTPUT_RAW,1009709784,SERVO_OUTPUT_RAW,0,0,0,0,0,0,0,0,1000,1000,1000,1000,0,0,0,0,0
2025-12-15 00:50:54.583,SERVO_OUTPUT_RAW,1009809799,SERVO_OUTPUT_RAW,0,0,0,0,0,0,0,0,1000,1000,1000,1000,0,0,0,0,0
2025-12-15 00:50:54.683,SERVO_OUTPUT_RAW,1009909830,SERVO_OUTPUT_RAW,0,0,0,0,0,0,0,0,1000,1000,1000,1000,0,0,0,0,0
2025-12-15 00:50:54.783,SERVO_OUTPUT_RAW,1010009848,SERVO_OUTPUT_RAW,0,0,0,0,0,0,0,0,1000,1000,1000,1000,0,0,0,0,0
2025-12-15 00:50:54.885,SERVO_OUTPUT_RAW,1010109800,SERVO_OUTPUT_RAW,0,0,0,0,0,0,0,0,1000,1000,1000,1000,0,0,0,0,0
2025-12-15 00:50:54.984,SERVO_OUTPUT_RAW,1010209801,SERVO_OUTPUT_RAW,0,0,0,0,0,0,0,0,1000,1000,1000,1000,0,0,0,0,0
2025-12-15 00:50:55.083,SERVO_OUTPUT_RAW,1010309816,SERVO_OUTPUT_RAW,0,0,0,0,0,0,0,0,1000,1000,1000,1000,0,0,0,0,0
2025-12-15 00:50:55.184,SERVO_OUTPUT_RAW,1010409870,SERVO_OUTPUT_RAW,0,0,0,0,0,0,0,0,1000,1000,1000,1000,0,0,0,0,0
2025-12-15 00:50:55.283,SERVO_OUTPUT_RAW,1010509848,SERVO_OUTPUT_RAW,0,0,0,0,0,0,0,0,1000,1000,1000,1000,0,0,0,0,0
2025-12-15 00:50:55.384,SERVO_OUTPUT_RAW,1010609783,SERVO_OUTPUT_RAW,0,0,0,0,0,0,0,0,1000,1000,1000,1000,0,0,0,0,0
2025-12-15 00:50:55.483,SERVO_OUTPUT_RAW,1010709811,SERVO_OUTPUT_RAW,0,0,0,0,0,0,0,0,1000,1000,1000,1000,0,0,0,0,0
2025-12-15 00:50:55.583,SERVO_OUTPUT_RAW,1010809811,SERVO_OUTPUT_RAW,0,0,0,0,0,0,0,0,1000,1000,1000,1000,0,0,0,0,0
2025-12-15 00:50:55.683,SERVO_OUTPUT_RAW,1010909788,SERVO_OUTPUT_RAW,0,0,0,0,0,0,0,0,1000,1000,1000,1000,0,0,0,0,0
2025-12-15 00:50:55.783,SERVO_OUTPUT_RAW,1011009871,SERVO_OUTPUT_RAW,0,0,0,0,0,0,0,0,1000,1000,1000,1000,0,0,0,0,0
2025-12-15 00:50:55.883,SERVO_OUTPUT_RAW,1011109784,SERVO_OUTPUT_RAW,0,0,0,0,0,0,0,0,1000,1000,1000,1000,0,0,0,0,0
2025-12-15 00:50:55.984,SERVO_OUTPUT_RAW,1011209778,SERVO_OUTPUT_RAW,0,0,0,0,0,0,0,0,1000,1000,1000,1000,0,0,0,0,0
2025-12-15 00:50:56.083,SERVO_OUTPUT_RAW,1011309789,SERVO_OUTPUT_RAW,0,0,0,0,0,0,0,0,1000,1000,1000,1000,0,0,0,0,0
2025-12-15 00:50:56.183,SERVO_OUTPUT_RAW,1011412140,SERVO_OUTPUT_RAW,0,0,0,0,0,0,0,0,1000,1000,1000,1000,0,0,0,0,0
2025-12-15 00:50:56.284,SERVO_OUTPUT_RAW,1011509828,SERVO_OUTPUT_RAW,0,0,0,0,0,0,0,0,1000,1000,1000,1000,0,0,0,0,0
2025-12-15 00:50:56.383,SERVO_OUTPUT_RAW,1011609831,SERVO_OUTPUT_RAW,0,0,0,0,0,0,0,0,1000,1000,1000,1000,0,0,0,0,0
2025-12-15 00:50:56.484,SERVO_OUTPUT_RAW,1011709810,SERVO_OUTPUT_RAW,0,0,0,0,0,0,0,0,1000,1000,1000,1000,0,0,0,0,0
2025-12-15 00:50:56.584,SERVO_OUTPUT_RAW,1011809845,SERVO_OUTPUT_RAW,0,0,0,0,0,0,0,0,1000,1000,1000,1000,0,0,0,0,0
2025-12-15 00:50:56.684,SERVO_OUTPUT_RAW,1011909840,SERVO_OUTPUT_RAW,0,0,0,0,0,0,0,0,1000,1000,1000,1000,0,0,0,0,0
2025-12-15 00:50:56.784,SERVO_OUTPUT_RAW,1012009868,SERVO_OUTPUT_RAW,0,0,0,0,0,0,0,0,1000,1000,1000,1000,0,0,0,0,0
2025-12-15 00:50:56.884,SERVO_OUTPUT_RAW,1012109822,SERVO_OUTPUT_RAW,0,0,0,0,0,0,0,0,1000,1000,1000,1000,0,0,0,0,0
2025-12-15 00:50:56.984,SERVO_OUTPUT_RAW,1012209789,SERVO_OUTPUT_RAW,0,0,0,0,0,0,0,0,1000,1000,1000,1000,0,0,0,0,0
2025-12-15 00:50:57.084,SERVO_OUTPUT_RAW,1012309805,SERVO_OUTPUT_RAW,0,0,0,0,0,0,0,0,1000,1000,1000,1000,0,0,0,0,0
2025-12-15 00:50:57.184,SERVO_OUTPUT_RAW,1012409818,SERVO_OUTPUT_RAW,0,0,0,0,0,0,0,0,1000,1000,1000,1000,0,0,0,0,0
2025-12-15 00:50:57.284,SERVO_OUTPUT_RAW,1012509886,SERVO_OUTPUT_RAW,0,0,0,0,0,0,0,0,1000,1000,1000,1000,0,0,0,0,0
2025-12-15 00:50:57.387,SERVO_OUTPUT_RAW,1012609779,SERVO_OUTPUT_RAW,0,0,0,0,0,0,0,0,1000,1000,1000,1000,0,0,0,0,0
2025-12-15 00:50:57.484,SERVO_OUTPUT_RAW,1012709805,SERVO_OUTPUT_RAW,0,0,0,0,0,0,0,0,1000,1000,1000,1000,0,0,0,0,0
2025-12-15 00:50:57.582,SERVO_OUTPUT_RAW,1012809792,SERVO_OUTPUT_RAW,0,0,0,0,0,0,0,0,1000,1000,1000,1000,0,0,0,0,0
2025-12-15 00:50:57.684,SERVO_OUTPUT_RAW,1012909794,SERVO_OUTPUT_RAW,0,0,0,0,0,0,0,0,1000,1000,1000,1000,0,0,0,0,0
2025-12-15 00:50:57.784,SERVO_OUTPUT_RAW,1013012137,SERVO_OUTPUT_RAW,0,0,0,0,0,0,0,0,1000,1000,1000,1000,0,0,0,0,0
2025-12-15 00:50:57.884,SERVO_OUTPUT_RAW,1013112141,SERVO_OUTPUT_RAW,0,0,0,0,0,0,0,0,1000,1000,1000,1000,0,0,0,0,0
2025-12-15 00:50:57.984,SERVO_OUTPUT_RAW,1013209846,SERVO_OUTPUT_RAW,0,0,0,0,0,0,0,0,1000,1000,1000,1000,0,0,0,0,0
2025-12-15 00:50:58.084,SERVO_OUTPUT_RAW,1013309817,SERVO_OUTPUT_RAW,0,0,0,0,0,0,0,0,1000,1000,1000,1000,0,0,0,0,0
2025-12-15 00:50:58.184,SERVO_OUTPUT_RAW,1013409814,SERVO_OUTPUT_RAW,0,0,0,0,0,0,0,0,1000,1000,1000,1000,0,0,0,0,0
2025-12-15 00:50:58.284,SERVO_OUTPUT_RAW,1013509831,SERVO_OUTPUT_RAW,0,0,0,0,0,0,0,0,1000,1000,1000,1000,0,0,0,0,0
2025-12-15 00:50:58.384,SERVO_OUTPUT_RAW,1013609844,SERVO_OUTPUT_RAW,0,0,0,0,0,0,0,0,1000,1000,1000,1000,0,0,0,0,0
2025-12-15 00:50:58.484,SERVO_OUTPUT_RAW,1013709792,SERVO_OUTPUT_RAW,0,0,0,0,0,0,0,0,1000,1000,1000,1000,0,0,0,0,0
2025-12-15 00:50:58.584,SERVO_OUTPUT_RAW,1013809822,SERVO_OUTPUT_RAW,0,0,0,0,0,0,0,0,1000,1000,1000,1000,0,0,0,0,0
2025-12-15 00:50:58.684,SERVO_OUTPUT_RAW,1013909809,SERVO_OUTPUT_RAW,0,0,0,0,0,0,0,0,1000,1000,1000,1000,0,0,0,0,0
2025-12-15 00:50:58.784,SERVO_OUTPUT_RAW,1014009781,SERVO_OUTPUT_RAW,0,0,0,0,0,0,0,0,1000,1000,1000,1000,0,0,0,0,0
2025-12-15 00:50:58.884,SERVO_OUTPUT_RAW,1014109778,SERVO_OUTPUT_RAW,0,0,0,0,0,0,0,0,1000,1000,1000,1000,0,0,0,0,0
2025-12-15 00:50:58.984,SERVO_OUTPUT_RAW,1014209790,SERVO_OUTPUT_RAW,0,0,0,0,0,0,0,0,1000,1000,1000,1000,0,0,0,0,0
2025-12-15 00:50:59.084,SERVO_OUTPUT_RAW,1014309804,SERVO_OUTPUT_RAW,0,0,0,0,0,0,0,0,1000,1000,1000,1000,0,0,0,0,0
2025-12-15 00:50:59.184,SERVO_OUTPUT_RAW,1014409789,SERVO_OUTPUT_RAW,0,0,0,0,0,0,0,0,1000,1000,1000,1000,0,0,0,0,0
2025-12-15 00:50:59.284,SERVO_OUTPUT_RAW,1014509805,SERVO_OUTPUT_RAW,0,0,0,0,0,0,0,0,1000,1000,1000,1000,0,0,0,0,0
2025-12-15 00:50:59.384,SERVO_OUTPUT_RAW,1014609817,SERVO_OUTPUT_RAW,0,0,0,0,0,0,0,0,1000,1000,1000,1000,0,0,0,0,0
2025-12-15 00:50:59.485,SERVO_OUTPUT_RAW,1014709799,SERVO_OUTPUT_RAW,0,0,0,0,0,0,0,0,1000,1000,1000,1000,0,0,0,0,0
2025-12-15 00:50:59.584,SERVO_OUTPUT_RAW,1014809853,SERVO_OUTPUT_RAW,0,0,0,0,0,0,0,0,1000,1000,1000,1000,0,0,0,0,0
2025-12-15 00:50:59.684,SERVO_OUTPUT_RAW,1014909860,SERVO_OUTPUT_RAW,0,0,0,0,0,0,0,0,1000,1000,1000,1000,0,0,0,0,0
2025-12-15 00:50:59.785,SERVO_OUTPUT_RAW,1015009833,SERVO_OUTPUT_RAW,0,0,0,0,0,0,0,0,1000,1000,1000,1000,0,0,0,0,0
2025-12-15 00:50:59.884,SERVO_OUTPUT_RAW,1015109847,SERVO_OUTPUT_RAW,0,0,0,0,0,0,0,0,1000,1000,1000,1000,0,0,0,0,0
2025-12-15 00:50:59.985,SERVO_OUTPUT_RAW,1015212021,SERVO_OUTPUT_RAW,0,0,0,0,0,0,0,0,1000,1000,1000,1000,0,0,0,0,0
2025-12-15 00:51:00.084,SERVO_OUTPUT_RAW,1015309799,SERVO_OUTPUT_RAW,0,0,0,0,0,0,0,0,1000,1000,1000,1000,0,0,0,0,0
2025-12-15 00:51:00.184,SERVO_OUTPUT_RAW,1015409938,SERVO_OUTPUT_RAW,0,0,0,0,0,0,0,0,1000,1000,1000,1000,0,0,0,0,0
2025-12-15 00:51:00.284,SERVO_OUTPUT_RAW,1015509813,SERVO_OUTPUT_RAW,0,0,0,0,0,0,0,0,1000,1000,1000,1000,0,0,0,0,0
2025-12-15 00:51:00.384,SERVO_OUTPUT_RAW,1015609788,SERVO_OUTPUT_RAW,0,0,0,0,0,0,0,0,1000,1000,1000,1000,0,0,0,0,0
2025-12-15 00:51:00.485,SERVO_OUTPUT_RAW,1015709792,SERVO_OUTPUT_RAW,0,0,0,0,0,0,0,0,1000,1000,1000,1000,0,0,0,0,0
2025-12-15 00:51:00.584,SERVO_OUTPUT_RAW,1015809790,SERVO_OUTPUT_RAW,0,0,0,0,0,0,0,0,1000,1000,1000,1000,0,0,0,0,0
2025-12-15 00:51:00.684,SERVO_OUTPUT_RAW,1015909801,SERVO_OUTPUT_RAW,0,0,0,0,0,0,0,0,1000,1000,1000,1000,0,0,0,0,0
2025-12-15 00:51:00.784,SERVO_OUTPUT_RAW,1016009784,SERVO_OUTPUT_RAW,0,0,0,0,0,0,0,0,1000,1000,1000,1000,0,0,0,0,0
2025-12-15 00:51:00.884,SERVO_OUTPUT_RAW,1016109830,SERVO_OUTPUT_RAW,0,0,0,0,0,0,0,0,1000,1000,1000,1000,0,0,0,0,0
2025-12-15 00:51:00.984,SERVO_OUTPUT_RAW,1016209859,SERVO_OUTPUT_RAW,0,0,0,0,0,0,0,0,1000,1000,1000,1000,0,0,0,0,0
2025-12-15 00:51:01.084,SERVO_OUTPUT_RAW,1016312161,SERVO_OUTPUT_RAW,0,0,0,0,0,0,0,0,1000,1000,1000,1000,0,0,0,0,0
2025-12-15 00:51:01.184,SERVO_OUTPUT_RAW,1016409799,SERVO_OUTPUT_RAW,0,0,0,0,0,0,0,0,1000,1000,1000,1000,0,0,0,0,0
2025-12-15 00:51:01.285,SERVO_OUTPUT_RAW,1016509804,SERVO_OUTPUT_RAW,0,0,0,0,0,0,0,0,1000,1000,1000,1000,0,0,0,0,0
2025-12-15 00:51:01.384,SERVO_OUTPUT_RAW,1016609821,SERVO_OUTPUT_RAW,0,0,0,0,0,0,0,0,1000,1000,1000,1000,0,0,0,0,0
2025-12-15 00:51:01.485,SERVO_OUTPUT_RAW,1016709848,SERVO_OUTPUT_RAW,0,0,0,0,0,0,0,0,1000,1000,1000,1000,0,0,0,0,0
2025-12-15 00:51:01.585,SERVO_OUTPUT_RAW,1016809784,SERVO_OUTPUT_RAW,0,0,0,0,0,0,0,0,1000,1000,1000,1000,0,0,0,0,0
2025-12-15 00:51:01.684,SERVO_OUTPUT_RAW,1016909805,SERVO_OUTPUT_RAW,0,0,0,0,0,0,0,0,1000,1000,1000,1000,0,0,0,0,0
2025-12-15 00:51:01.784,SERVO_OUTPUT_RAW,1017009815,SERVO_OUTPUT_RAW,0,0,0,0,0,0,0,0,1000,1000,1000,1000,0,0,0,0,0
2025-12-15 00:51:01.884,SERVO_OUTPUT_RAW,1017109780,SERVO_OUTPUT_RAW,0,0,0,0,0,0,0,0,1000,1000,1000,1000,0,0,0,0,0
2025-12-15 00:51:01.984,SERVO_OUTPUT_RAW,1017209812,SERVO_OUTPUT_RAW,0,0,0,0,0,0,0,0,1000,1000,1000,1000,0,0,0,0,0
2025-12-15 00:51:02.084,SERVO_OUTPUT_RAW,1017309892,SERVO_OUTPUT_RAW,0,0,0,0,0,0,0,0,1000,1000,1000,1000,0,0,0,0,0
2025-12-15 00:51:02.184,SERVO_OUTPUT_RAW,1017409797,SERVO_OUTPUT_RAW,0,0,0,0,0,0,0,0,1000,1000,1000,1000,0,0,0,0,0
2025-12-15 00:51:02.284,SERVO_OUTPUT_RAW,1017509795,SERVO_OUTPUT_RAW,0,0,0,0,0,0,0,0,1000,1000,1000,1000,0,0,0,0,0
2025-12-15 00:51:02.389,SERVO_OUTPUT_RAW,1017609796,SERVO_OUTPUT_RAW,0,0,0,0,0,0,0,0,1000,1000,1000,1000,0,0,0,0,0
2025-12-15 00:51:02.484,SERVO_OUTPUT_RAW,1017709817,SERVO_OUTPUT_RAW,0,0,0,0,0,0,0,0,1000,1000,1000,1000,0,0,0,0,0
2025-12-15 00:51:02.585,SERVO_OUTPUT_RAW,1017809873,SERVO_OUTPUT_RAW,0,0,0,0,0,0,0,0,1000,1000,1000,1000,0,0,0,0,0
2025-12-15 00:51:02.684,SERVO_OUTPUT_RAW,1017909847,SERVO_OUTPUT_RAW,0,0,0,0,0,0,0,0,1000,1000,1000,1000,0,0,0,0,0
2025-12-15 00:51:02.784,SERVO_OUTPUT_RAW,1018009780,SERVO_OUTPUT_RAW,0,0,0,0,0,0,0,0,1000,1000,1000,1000,0,0,0,0,0
2025-12-15 00:51:02.884,SERVO_OUTPUT_RAW,1018109827,SERVO_OUTPUT_RAW,0,0,0,0,0,0,0,0,1000,1000,1000,1000,0,0,0,0,0
2025-12-15 00:51:02.984,SERVO_OUTPUT_RAW,1018209848,SERVO_OUTPUT_RAW,0,0,0,0,0,0,0,0,1000,1000,1000,1000,0,0,0,0,0
2025-12-15 00:51:03.085,SERVO_OUTPUT_RAW,1018309846,SERVO_OUTPUT_RAW,0,0,0,0,0,0,0,0,1000,1000,1000,1000,0,0,0,0,0
2025-12-15 00:51:03.184,SERVO_OUTPUT_RAW,1018409783,SERVO_OUTPUT_RAW,0,0,0,0,0,0,0,0,1000,1000,1000,1000,0,0,0,0,0
2025-12-15 00:51:03.285,SERVO_OUTPUT_RAW,1018509803,SERVO_OUTPUT_RAW,0,0,0,0,0,0,0,0,1000,1000,1000,1000,0,0,0,0,0
2025-12-15 00:51:03.385,SERVO_OUTPUT_RAW,1018609816,SERVO_OUTPUT_RAW,0,0,0,0,0,0,0,0,1000,1000,1000,1000,0,0,0,0,0
2025-12-15 00:51:03.484,SERVO_OUTPUT_RAW,1018709790,SERVO_OUTPUT_RAW,0,0,0,0,0,0,0,0,1000,1000,1000,1000,0,0,0,0,0
2025-12-15 00:51:03.585,SERVO_OUTPUT_RAW,1018809817,SERVO_OUTPUT_RAW,0,0,0,0,0,0,0,0,1000,1000,1000,1000,0,0,0,0,0
2025-12-15 00:51:03.685,SERVO_OUTPUT_RAW,1018909790,SERVO_OUTPUT_RAW,0,0,0,0,0,0,0,0,1000,1000,1000,1000,0,0,0,0,0
2025-12-15 00:51:03.785,SERVO_OUTPUT_RAW,1019009796,SERVO_OUTPUT_RAW,0,0,0,0,0,0,0,0,1000,1000,1000,1000,0,0,0,0,0
2025-12-15 00:51:03.883,SERVO_OUTPUT_RAW,1019109798,SERVO_OUTPUT_RAW,0,0,0,0,0,0,0,0,1000,1000,1000,1000,0,0,0,0,0
2025-12-15 00:51:03.984,SERVO_OUTPUT_RAW,1019209818,SERVO_OUTPUT_RAW,0,0,0,0,0,0,0,0,1000,1000,1000,1000,0,0,0,0,0
2025-12-15 00:51:04.084,SERVO_OUTPUT_RAW,1019309835,SERVO_OUTPUT_RAW,0,0,0,0,0,0,0,0,1000,1000,1000,1000,0,0,0,0,0
2025-12-15 00:51:04.185,SERVO_OUTPUT_RAW,1019412140,SERVO_OUTPUT_RAW,0,0,0,0,0,0,0,0,1000,1000,1000,1000,0,0,0,0,0
2025-12-15 00:51:04.284,SERVO_OUTPUT_RAW,1019509802,SERVO_OUTPUT_RAW,0,0,0,0,0,0,0,0,1000,1000,1000,1000,0,0,0,0,0
2025-12-15 00:51:04.384,SERVO_OUTPUT_RAW,1019609802,SERVO_OUTPUT_RAW,0,0,0,0,0,0,0,0,1000,1000,1000,1000,0,0,0,0,0
2025-12-15 00:51:04.485,SERVO_OUTPUT_RAW,1019709844,SERVO_OUTPUT_RAW,0,0,0,0,0,0,0,0,1000,1000,1000,1000,0,0,0,0,0
2025-12-15 00:51:04.585,SERVO_OUTPUT_RAW,1019809854,SERVO_OUTPUT_RAW,0,0,0,0,0,0,0,0,1000,1000,1000,1000,0,0,0,0,0
2025-12-15 00:51:04.685,SERVO_OUTPUT_RAW,1019909837,SERVO_OUTPUT_RAW,0,0,0,0,0,0,0,0,1000,1000,1000,1000,0,0,0,0,0
2025-12-15 00:51:04.784,SERVO_OUTPUT_RAW,1020009788,SERVO_OUTPUT_RAW,0,0,0,0,0,0,0,0,1000,1000,1000,1000,0,0,0,0,0
2025-12-15 00:51:04.884,SERVO_OUTPUT_RAW,1020109823,SERVO_OUTPUT_RAW,0,0,0,0,0,0,0,0,1000,1000,1000,1000,0,0,0,0,0
2025-12-15 00:51:04.984,SERVO_OUTPUT_RAW,1020209814,SERVO_OUTPUT_RAW,0,0,0,0,0,0,0,0,1000,1000,1000,1000,0,0,0,0,0
2025-12-15 00:51:05.084,SERVO_OUTPUT_RAW,1020309777,SERVO_OUTPUT_RAW,0,0,0,0,0,0,0,0,1000,1000,1000,1000,0,0,0,0,0
2025-12-15 00:51:05.184,SERVO_OUTPUT_RAW,1020409781,SERVO_OUTPUT_RAW,0,0,0,0,0,0,0,0,1000,1000,1000,1000,0,0,0,0,0
2025-12-15 00:51:05.284,SERVO_OUTPUT_RAW,1020509802,SERVO_OUTPUT_RAW,0,0,0,0,0,0,0,0,1000,1000,1000,1000,0,0,0,0,0
2025-12-15 00:51:05.384,SERVO_OUTPUT_RAW,1020609785,SERVO_OUTPUT_RAW,0,0,0,0,0,0,0,0,1000,1000,1000,1000,0,0,0,0,0
2025-12-15 00:51:05.484,SERVO_OUTPUT_RAW,1020709831,SERVO_OUTPUT_RAW,0,0,0,0,0,0,0,0,1000,1000,1000,1000,0,0,0,0,0
2025-12-15 00:51:05.585,SERVO_OUTPUT_RAW,1020809847,SERVO_OUTPUT_RAW,0,0,0,0,0,0,0,0,1000,1000,1000,1000,0,0,0,0,0
2025-12-15 00:51:05.685,SERVO_OUTPUT_RAW,1020909817,SERVO_OUTPUT_RAW,0,0,0,0,0,0,0,0,1000,1000,1000,1000,0,0,0,0,0
2025-12-15 00:51:05.784,SERVO_OUTPUT_RAW,1021009791,SERVO_OUTPUT_RAW,0,0,0,0,0,0,0,0,1000,1000,1000,1000,0,0,0,0,0
2025-12-15 00:51:05.884,SERVO_OUTPUT_RAW,1021109798,SERVO_OUTPUT_RAW,0,0,0,0,0,0,0,0,1000,1000,1000,1000,0,0,0,0,0
2025-12-15 00:51:05.984,SERVO_OUTPUT_RAW,1021209822,SERVO_OUTPUT_RAW,0,0,0,0,0,0,0,0,1000,1000,1000,1000,0,0,0,0,0
2025-12-15 00:51:06.084,SERVO_OUTPUT_RAW,1021309839,SERVO_OUTPUT_RAW,0,0,0,0,0,0,0,0,1000,1000,1000,1000,0,0,0,0,0
2025-12-15 00:51:06.184,SERVO_OUTPUT_RAW,1021409814,SERVO_OUTPUT_RAW,0,0,0,0,0,0,0,0,1000,1000,1000,1000,0,0,0,0,0
2025-12-15 00:51:06.284,SERVO_OUTPUT_RAW,1021509911,SERVO_OUTPUT_RAW,0,0,0,0,0,0,0,0,1000,1000,1000,1000,0,0,0,0,0
2025-12-15 00:51:06.384,SERVO_OUTPUT_RAW,1021609803,SERVO_OUTPUT_RAW,0,0,0,0,0,0,0,0,1000,1000,1000,1000,0,0,0,0,0
2025-12-15 00:51:06.484,SERVO_OUTPUT_RAW,1021709931,SERVO_OUTPUT_RAW,0,0,0,0,0,0,0,0,1000,1000,1000,1000,0,0,0,0,0
2025-12-15 00:51:06.584,SERVO_OUTPUT_RAW,1021809820,SERVO_OUTPUT_RAW,0,0,0,0,0,0,0,0,1000,1000,1000,1000,0,0,0,0,0
2025-12-15 00:51:06.684,SERVO_OUTPUT_RAW,1021909792,SERVO_OUTPUT_RAW,0,0,0,0,0,0,0,0,1000,1000,1000,1000,0,0,0,0,0
2025-12-15 00:51:06.784,SERVO_OUTPUT_RAW,1022009805,SERVO_OUTPUT_RAW,0,0,0,0,0,0,0,0,1000,1000,1000,1000,0,0,0,0,0
2025-12-15 00:51:06.884,SERVO_OUTPUT_RAW,1022109793,SERVO_OUTPUT_RAW,0,0,0,0,0,0,0,0,1000,1000,1000,1000,0,0,0,0,0
2025-12-15 00:51:06.984,SERVO_OUTPUT_RAW,1022209798,SERVO_OUTPUT_RAW,0,0,0,0,0,0,0,0,1000,1000,1000,1000,0,0,0,0,0
2025-12-15 00:51:07.084,SERVO_OUTPUT_RAW,1022309784,SERVO_OUTPUT_RAW,0,0,0,0,0,0,0,0,1000,1000,1000,1000,0,0,0,0,0
2025-12-15 00:51:07.184,SERVO_OUTPUT_RAW,1022409833,SERVO_OUTPUT_RAW,0,0,0,0,0,0,0,0,1000,1000,1000,1000,0,0,0,0,0
2025-12-15 00:51:07.284,SERVO_OUTPUT_RAW,1022509832,SERVO_OUTPUT_RAW,0,0,0,0,0,0,0,0,1000,1000,1000,1000,0,0,0,0,0
2025-12-15 00:51:07.384,SERVO_OUTPUT_RAW,1022612177,SERVO_OUTPUT_RAW,0,0,0,0,0,0,0,0,1000,1000,1000,1000,0,0,0,0,0
2025-12-15 00:51:07.487,SERVO_OUTPUT_RAW,1022709807,SERVO_OUTPUT_RAW,0,0,0,0,0,0,0,0,1000,1000,1000,1000,0,0,0,0,0
2025-12-15 00:51:07.584,SERVO_OUTPUT_RAW,1022809816,SERVO_OUTPUT_RAW,0,0,0,0,0,0,0,0,1000,1000,1000,1000,0,0,0,0,0
2025-12-15 00:51:07.684,SERVO_OUTPUT_RAW,1022909856,SERVO_OUTPUT_RAW,0,0,0,0,0,0,0,0,1000,1000,1000,1000,0,0,0,0,0
2025-12-15 00:51:07.785,SERVO_OUTPUT_RAW,1023009828,SERVO_OUTPUT_RAW,0,0,0,0,0,0,0,0,1000,1000,1000,1000,0,0,0,0,0
2025-12-15 00:51:07.884,SERVO_OUTPUT_RAW,1023109784,SERVO_OUTPUT_RAW,0,0,0,0,0,0,0,0,1000,1000,1000,1000,0,0,0,0,0
2025-12-15 00:51:07.985,SERVO_OUTPUT_RAW,1023209825,SERVO_OUTPUT_RAW,0,0,0,0,0,0,0,0,1000,1000,1000,1000,0,0,0,0,0
2025-12-15 00:51:08.084,SERVO_OUTPUT_RAW,1023309820,SERVO_OUTPUT_RAW,0,0,0,0,0,0,0,0,1000,1000,1000,1000,0,0,0,0,0
2025-12-15 00:51:08.184,SERVO_OUTPUT_RAW,1023409780,SERVO_OUTPUT_RAW,0,0,0,0,0,0,0,0,1000,1000,1000,1000,0,0,0,0,0
2025-12-15 00:51:08.284,SERVO_OUTPUT_RAW,1023509794,SERVO_OUTPUT_RAW,0,0,0,0,0,0,0,0,1000,1000,1000,1000,0,0,0,0,0
2025-12-15 00:51:08.384,SERVO_OUTPUT_RAW,1023609862,SERVO_OUTPUT_RAW,0,0,0,0,0,0,0,0,1000,1000,1000,1000,0,0,0,0,0
2025-12-15 00:51:08.484,SERVO_OUTPUT_RAW,1023709786,SERVO_OUTPUT_RAW,0,0,0,0,0,0,0,0,1000,1000,1000,1000,0,0,0,0,0
2025-12-15 00:51:08.585,SERVO_OUTPUT_RAW,1023809787,SERVO_OUTPUT_RAW,0,0,0,0,0,0,0,0,1000,1000,1000,1000,0,0,0,0,0
2025-12-15 00:51:08.684,SERVO_OUTPUT_RAW,1023909807,SERVO_OUTPUT_RAW,0,0,0,0,0,0,0,0,1000,1000,1000,1000,0,0,0,0,0
2025-12-15 00:51:08.784,SERVO_OUTPUT_RAW,1024012147,SERVO_OUTPUT_RAW,0,0,0,0,0,0,0,0,1000,1000,1000,1000,0,0,0,0,0
2025-12-15 00:51:08.884,SERVO_OUTPUT_RAW,1024109838,SERVO_OUTPUT_RAW,0,0,0,0,0,0,0,0,1000,1000,1000,1000,0,0,0,0,0
2025-12-15 00:51:08.984,SERVO_OUTPUT_RAW,1024209862,SERVO_OUTPUT_RAW,0,0,0,0,0,0,0,0,1000,1000,1000,1000,0,0,0,0,0
2025-12-15 00:51:09.084,SERVO_OUTPUT_RAW,1024309805,SERVO_OUTPUT_RAW,0,0,0,0,0,0,0,0,1000,1000,1000,1000,0,0,0,0,0
2025-12-15 00:51:09.184,SERVO_OUTPUT_RAW,1024409837,SERVO_OUTPUT_RAW,0,0,0,0,0,0,0,0,1000,1000,1000,1000,0,0,0,0,0
2025-12-15 00:51:09.284,SERVO_OUTPUT_RAW,1024509841,SERVO_OUTPUT_RAW,0,0,0,0,0,0,0,0,1000,1000,1000,1000,0,0,0,0,0
2025-12-15 00:51:09.384,SERVO_OUTPUT_RAW,1024609801,SERVO_OUTPUT_RAW,0,0,0,0,0,0,0,0,1000,1000,1000,1000,0,0,0,0,0
2025-12-15 00:51:09.484,SERVO_OUTPUT_RAW,1024709791,SERVO_OUTPUT_RAW,0,0,0,0,0,0,0,0,1000,1000,1000,1000,0,0,0,0,0
2025-12-15 00:51:09.584,SERVO_OUTPUT_RAW,1024809814,SERVO_OUTPUT_RAW,0,0,0,0,0,0,0,0,1000,1000,1000,1000,0,0,0,0,0
2025-12-15 00:51:09.684,SERVO_OUTPUT_RAW,1024909839,SERVO_OUTPUT_RAW,0,0,0,0,0,0,0,0,1000,1000,1000,1000,0,0,0,0,0
2025-12-15 00:51:09.784,SERVO_OUTPUT_RAW,1025009794,SERVO_OUTPUT_RAW,0,0,0,0,0,0,0,0,1000,1000,1000,1000,0,0,0,0,0
2025-12-15 00:51:09.887,SERVO_OUTPUT_RAW,1025109788,SERVO_OUTPUT_RAW,0,0,0,0,0,0,0,0,1000,1000,1000,1000,0,0,0,0,0
2025-12-15 00:51:09.985,SERVO_OUTPUT_RAW,1025209803,SERVO_OUTPUT_RAW,0,0,0,0,0,0,0,0,1000,1000,1000,1000,0,0,0,0,0
2025-12-15 00:51:10.083,SERVO_OUTPUT_RAW,1025309804,SERVO_OUTPUT_RAW,0,0,0,0,0,0,0,0,1000,1000,1000,1000,0,0,0,0,0
2025-12-15 00:51:10.182,SERVO_OUTPUT_RAW,1025409792,SERVO_OUTPUT_RAW,0,0,0,0,0,0,0,0,1000,1000,1000,1000,0,0,0,0,0
2025-12-15 00:51:10.282,SERVO_OUTPUT_RAW,1025509822,SERVO_OUTPUT_RAW,0,0,0,0,0,0,0,0,1000,1000,1000,1000,0,0,0,0,0
2025-12-15 00:51:10.382,SERVO_OUTPUT_RAW,1025609792,SERVO_OUTPUT_RAW,0,0,0,0,0,0,0,0,1000,1000,1000,1000,0,0,0,0,0
2025-12-15 00:51:10.483,SERVO_OUTPUT_RAW,1025712174,SERVO_OUTPUT_RAW,0,0,0,0,0,0,0,0,1000,1000,1000,1000,0,0,0,0,0
2025-12-15 00:51:10.583,SERVO_OUTPUT_RAW,1025809780,SERVO_OUTPUT_RAW,0,0,0,0,0,0,0,0,1000,1000,1000,1000,0,0,0,0,0
2025-12-15 00:51:10.682,SERVO_OUTPUT_RAW,1025909833,SERVO_OUTPUT_RAW,0,0,0,0,0,0,0,0,1000,1000,1000,1000,0,0,0,0,0
2025-12-15 00:51:10.782,SERVO_OUTPUT_RAW,1026009844,SERVO_OUTPUT_RAW,0,0,0,0,0,0,0,0,1000,1000,1000,1000,0,0,0,0,0
2025-12-15 00:51:10.882,SERVO_OUTPUT_RAW,1026109841,SERVO_OUTPUT_RAW,0,0,0,0,0,0,0,0,1000,1000,1000,1000,0,0,0,0,0
2025-12-15 00:51:10.982,SERVO_OUTPUT_RAW,1026209835,SERVO_OUTPUT_RAW,0,0,0,0,0,0,0,0,1000,1000,1000,1000,0,0,0,0,0
2025-12-15 00:51:11.082,SERVO_OUTPUT_RAW,1026309818,SERVO_OUTPUT_RAW,0,0,0,0,0,0,0,0,1000,1000,1000,1000,0,0,0,0,0
2025-12-15 00:51:11.182,SERVO_OUTPUT_RAW,1026409827,SERVO_OUTPUT_RAW,0,0,0,0,0,0,0,0,1000,1000,1000,1000,0,0,0,0,0
2025-12-15 00:51:11.282,SERVO_OUTPUT_RAW,1026509794,SERVO_OUTPUT_RAW,0,0,0,0,0,0,0,0,1000,1000,1000,1000,0,0,0,0,0
2025-12-15 00:51:11.383,SERVO_OUTPUT_RAW,1026609785,SERVO_OUTPUT_RAW,0,0,0,0,0,0,0,0,1000,1000,1000,1000,0,0,0,0,0
2025-12-15 00:51:11.482,SERVO_OUTPUT_RAW,1026709807,SERVO_OUTPUT_RAW,0,0,0,0,0,0,0,0,1000,1000,1000,1000,0,0,0,0,0
2025-12-15 00:51:11.582,SERVO_OUTPUT_RAW,1026809787,SERVO_OUTPUT_RAW,0,0,0,0,0,0,0,0,1000,1000,1000,1000,0,0,0,0,0
2025-12-15 00:51:11.683,SERVO_OUTPUT_RAW,1026912112,SERVO_OUTPUT_RAW,0,0,0,0,0,0,0,0,1000,1000,1000,1000,0,0,0,0,0
2025-12-15 00:51:11.782,SERVO_OUTPUT_RAW,1027009788,SERVO_OUTPUT_RAW,0,0,0,0,0,0,0,0,1000,1000,1000,1000,0,0,0,0,0
2025-12-15 00:51:11.882,SERVO_OUTPUT_RAW,1027109833,SERVO_OUTPUT_RAW,0,0,0,0,0,0,0,0,1000,1000,1000,1000,0,0,0,0,0
2025-12-15 00:51:11.982,SERVO_OUTPUT_RAW,1027209847,SERVO_OUTPUT_RAW,0,0,0,0,0,0,0,0,1000,1000,1000,1000,0,0,0,0,0
2025-12-15 00:51:12.082,SERVO_OUTPUT_RAW,1027309783,SERVO_OUTPUT_RAW,0,0,0,0,0,0,0,0,1000,1000,1000,1000,0,0,0,0,0
2025-12-15 00:51:12.182,SERVO_OUTPUT_RAW,1027409831,SERVO_OUTPUT_RAW,0,0,0,0,0,0,0,0,1000,1000,1000,1000,0,0,0,0,0
2025-12-15 00:51:12.282,SERVO_OUTPUT_RAW,1027509854,SERVO_OUTPUT_RAW,0,0,0,0,0,0,0,0,1000,1000,1000,1000,0,0,0,0,0
2025-12-15 00:51:12.384,SERVO_OUTPUT_RAW,1027609837,SERVO_OUTPUT_RAW,0,0,0,0,0,0,0,0,1000,1000,1000,1000,0,0,0,0,0
2025-12-15 00:51:12.483,SERVO_OUTPUT_RAW,1027709852,SERVO_OUTPUT_RAW,0,0,0,0,0,0,0,0,1000,1000,1000,1000,0,0,0,0,0
2025-12-15 00:51:12.583,SERVO_OUTPUT_RAW,1027812060,SERVO_OUTPUT_RAW,0,0,0,0,0,0,0,0,1000,1000,1000,1000,0,0,0,0,0
2025-12-15 00:51:12.683,SERVO_OUTPUT_RAW,1027909809,SERVO_OUTPUT_RAW,0,0,0,0,0,0,0,0,1000,1000,1000,1000,0,0,0,0,0
2025-12-15 00:51:12.783,SERVO_OUTPUT_RAW,1028009831,SERVO_OUTPUT_RAW,0,0,0,0,0,0,0,0,1000,1000,1000,1000,0,0,0,0,0
2025-12-15 00:51:12.883,SERVO_OUTPUT_RAW,1028109780,SERVO_OUTPUT_RAW,0,0,0,0,0,0,0,0,1000,1000,1000,1000,0,0,0,0,0
2025-12-15 00:51:12.983,SERVO_OUTPUT_RAW,1028209788,SERVO_OUTPUT_RAW,0,0,0,0,0,0,0,0,1000,1000,1000,1000,0,0,0,0,0
2025-12-15 00:51:13.083,SERVO_OUTPUT_RAW,1028309790,SERVO_OUTPUT_RAW,0,0,0,0,0,0,0,0,1000,1000,1000,1000,0,0,0,0,0
2025-12-15 00:51:13.183,SERVO_OUTPUT_RAW,1028409778,SERVO_OUTPUT_RAW,0,0,0,0,0,0,0,0,1000,1000,1000,1000,0,0,0,0,0
2025-12-15 00:51:13.282,SERVO_OUTPUT_RAW,1028509789,SERVO_OUTPUT_RAW,0,0,0,0,0,0,0,0,1000,1000,1000,1000,0,0,0,0,0
2025-12-15 00:51:13.382,SERVO_OUTPUT_RAW,1028609813,SERVO_OUTPUT_RAW,0,0,0,0,0,0,0,0,1000,1000,1000,1000,0,0,0,0,0
2025-12-15 00:51:13.482,SERVO_OUTPUT_RAW,1028709789,SERVO_OUTPUT_RAW,0,0,0,0,0,0,0,0,1000,1000,1000,1000,0,0,0,0,0
2025-12-15 00:51:13.583,SERVO_OUTPUT_RAW,1028809844,SERVO_OUTPUT_RAW,0,0,0,0,0,0,0,0,1000,1000,1000,1000,0,0,0,0,0
2025-12-15 00:51:13.683,SERVO_OUTPUT_RAW,1028909823,SERVO_OUTPUT_RAW,0,0,0,0,0,0,0,0,1000,1000,1000,1000,0,0,0,0,0
2025-12-15 00:51:13.783,SERVO_OUTPUT_RAW,1029009817,SERVO_OUTPUT_RAW,0,0,0,0,0,0,0,0,1000,1000,1000,1000,0,0,0,0,0
2025-12-15 00:51:13.883,SERVO_OUTPUT_RAW,1029109838,SERVO_OUTPUT_RAW,0,0,0,0,0,0,0,0,1000,1000,1000,1000,0,0,0,0,0
2025-12-15 00:51:13.983,SERVO_OUTPUT_RAW,1029209845,SERVO_OUTPUT_RAW,0,0,0,0,0,0,0,0,1000,1000,1000,1000,0,0,0,0,0
2025-12-15 00:51:14.082,SERVO_OUTPUT_RAW,1029309791,SERVO_OUTPUT_RAW,0,0,0,0,0,0,0,0,1000,1000,1000,1000,0,0,0,0,0
2025-12-15 00:51:14.183,SERVO_OUTPUT_RAW,1029409816,SERVO_OUTPUT_RAW,0,0,0,0,0,0,0,0,1000,1000,1000,1000,0,0,0,0,0
2025-12-15 00:51:14.283,SERVO_OUTPUT_RAW,1029509820,SERVO_OUTPUT_RAW,0,0,0,0,0,0,0,0,1000,1000,1000,1000,0,0,0,0,0
2025-12-15 00:51:14.383,SERVO_OUTPUT_RAW,1029609783,SERVO_OUTPUT_RAW,0,0,0,0,0,0,0,0,1000,1000,1000,1000,0,0,0,0,0
2025-12-15 00:51:14.482,SERVO_OUTPUT_RAW,1029709791,SERVO_OUTPUT_RAW,0,0,0,0,0,0,0,0,1000,1000,1000,1000,0,0,0,0,0
2025-12-15 00:51:14.582,SERVO_OUTPUT_RAW,1029809808,SERVO_OUTPUT_RAW,0,0,0,0,0,0,0,0,1000,1000,1000,1000,0,0,0,0,0
2025-12-15 00:51:14.682,SERVO_OUTPUT_RAW,1029909857,SERVO_OUTPUT_RAW,0,0,0,0,0,0,0,0,1000,1000,1000,1000,0,0,0,0,0
2025-12-15 00:51:14.782,SERVO_OUTPUT_RAW,1030009793,SERVO_OUTPUT_RAW,0,0,0,0,0,0,0,0,1000,1000,1000,1000,0,0,0,0,0
2025-12-15 00:51:14.882,SERVO_OUTPUT_RAW,1030109801,SERVO_OUTPUT_RAW,0,0,0,0,0,0,0,0,1000,1000,1000,1000,0,0,0,0,0
2025-12-15 00:51:14.982,SERVO_OUTPUT_RAW,1030209834,SERVO_OUTPUT_RAW,0,0,0,0,0,0,0,0,1000,1000,1000,1000,0,0,0,0,0
2025-12-15 00:51:15.082,SERVO_OUTPUT_RAW,1030309830,SERVO_OUTPUT_RAW,0,0,0,0,0,0,0,0,1000,1000,1000,1000,0,0,0,0,0
2025-12-15 00:51:15.185,SERVO_OUTPUT_RAW,1030409875,SERVO_OUTPUT_RAW,0,0,0,0,0,0,0,0,1000,1000,1000,1000,0,0,0,0,0
2025-12-15 00:51:15.284,SERVO_OUTPUT_RAW,1030509802,SERVO_OUTPUT_RAW,0,0,0,0,0,0,0,0,1000,1000,1000,1000,0,0,0,0,0
2025-12-15 00:51:15.384,SERVO_OUTPUT_RAW,1030609815,SERVO_OUTPUT_RAW,0,0,0,0,0,0,0,0,1000,1000,1000,1000,0,0,0,0,0
2025-12-15 00:51:15.484,SERVO_OUTPUT_RAW,1030709868,SERVO_OUTPUT_RAW,0,0,0,0,0,0,0,0,1000,1000,1000,1000,0,0,0,0,0
2025-12-15 00:51:15.584,SERVO_OUTPUT_RAW,1030809851,SERVO_OUTPUT_RAW,0,0,0,0,0,0,0,0,1000,1000,1000,1000,0,0,0,0,0
2025-12-15 00:51:15.684,SERVO_OUTPUT_RAW,1030909785,SERVO_OUTPUT_RAW,0,0,0,0,0,0,0,0,1000,1000,1000,1000,0,0,0,0,0
2025-12-15 00:51:15.784,SERVO_OUTPUT_RAW,1031009808,SERVO_OUTPUT_RAW,0,0,0,0,0,0,0,0,1000,1000,1000,1000,0,0,0,0,0
2025-12-15 00:51:15.885,SERVO_OUTPUT_RAW,1031109806,SERVO_OUTPUT_RAW,0,0,0,0,0,0,0,0,1000,1000,1000,1000,0,0,0,0,0
2025-12-15 00:51:15.984,SERVO_OUTPUT_RAW,1031209775,SERVO_OUTPUT_RAW,0,0,0,0,0,0,0,0,1000,1000,1000,1000,0,0,0,0,0
2025-12-15 00:51:16.084,SERVO_OUTPUT_RAW,1031309776,SERVO_OUTPUT_RAW,0,0,0,0,0,0,0,0,1000,1000,1000,1000,0,0,0,0,0
2025-12-15 00:51:16.184,SERVO_OUTPUT_RAW,1031409798,SERVO_OUTPUT_RAW,0,0,0,0,0,0,0,0,1000,1000,1000,1000,0,0,0,0,0
2025-12-15 00:51:16.284,SERVO_OUTPUT_RAW,1031509777,SERVO_OUTPUT_RAW,0,0,0,0,0,0,0,0,1000,1000,1000,1000,0,0,0,0,0
2025-12-15 00:51:16.384,SERVO_OUTPUT_RAW,1031609794,SERVO_OUTPUT_RAW,0,0,0,0,0,0,0,0,1000,1000,1000,1000,0,0,0,0,0
2025-12-15 00:51:16.485,SERVO_OUTPUT_RAW,1031709829,SERVO_OUTPUT_RAW,0,0,0,0,0,0,0,0,1000,1000,1000,1000,0,0,0,0,0
2025-12-15 00:51:16.585,SERVO_OUTPUT_RAW,1031809843,SERVO_OUTPUT_RAW,0,0,0,0,0,0,0,0,1000,1000,1000,1000,0,0,0,0,0
2025-12-15 00:51:16.684,SERVO_OUTPUT_RAW,1031909838,SERVO_OUTPUT_RAW,0,0,0,0,0,0,0,0,1000,1000,1000,1000,0,0,0,0,0
2025-12-15 00:51:16.784,SERVO_OUTPUT_RAW,1032012151,SERVO_OUTPUT_RAW,0,0,0,0,0,0,0,0,1000,1000,1000,1000,0,0,0,0,0
2025-12-15 00:51:16.884,SERVO_OUTPUT_RAW,1032109826,SERVO_OUTPUT_RAW,0,0,0,0,0,0,0,0,1000,1000,1000,1000,0,0,0,0,0
2025-12-15 00:51:16.984,SERVO_OUTPUT_RAW,1032209830,SERVO_OUTPUT_RAW,0,0,0,0,0,0,0,0,1000,1000,1000,1000,0,0,0,0,0
2025-12-15 00:51:17.084,SERVO_OUTPUT_RAW,1032309856,SERVO_OUTPUT_RAW,0,0,0,0,0,0,0,0,1000,1000,1000,1000,0,0,0,0,0
2025-12-15 00:51:17.184,SERVO_OUTPUT_RAW,1032409789,SERVO_OUTPUT_RAW,0,0,0,0,0,0,0,0,1000,1000,1000,1000,0,0,0,0,0
2025-12-15 00:51:17.284,SERVO_OUTPUT_RAW,1032509803,SERVO_OUTPUT_RAW,0,0,0,0,0,0,0,0,1000,1000,1000,1000,0,0,0,0,0
2025-12-15 00:51:17.390,SERVO_OUTPUT_RAW,1032609823,SERVO_OUTPUT_RAW,0,0,0,0,0,0,0,0,1000,1000,1000,1000,0,0,0,0,0
2025-12-15 00:51:17.484,SERVO_OUTPUT_RAW,1032709842,SERVO_OUTPUT_RAW,0,0,0,0,0,0,0,0,1000,1000,1000,1000,0,0,0,0,0
2025-12-15 00:51:17.584,SERVO_OUTPUT_RAW,1032809784,SERVO_OUTPUT_RAW,0,0,0,0,0,0,0,0,1000,1000,1000,1000,0,0,0,0,0
2025-12-15 00:51:17.684,SERVO_OUTPUT_RAW,1032909790,SERVO_OUTPUT_RAW,0,0,0,0,0,0,0,0,1000,1000,1000,1000,0,0,0,0,0
2025-12-15 00:51:17.784,SERVO_OUTPUT_RAW,1033009783,SERVO_OUTPUT_RAW,0,0,0,0,0,0,0,0,1000,1000,1000,1000,0,0,0,0,0
2025-12-15 00:51:17.884,SERVO_OUTPUT_RAW,1033109792,SERVO_OUTPUT_RAW,0,0,0,0,0,0,0,0,1000,1000,1000,1000,0,0,0,0,0
2025-12-15 00:51:17.984,SERVO_OUTPUT_RAW,1033209784,SERVO_OUTPUT_RAW,0,0,0,0,0,0,0,0,1000,1000,1000,1000,0,0,0,0,0
2025-12-15 00:51:18.085,SERVO_OUTPUT_RAW,1033309840,SERVO_OUTPUT_RAW,0,0,0,0,0,0,0,0,1000,1000,1000,1000,0,0,0,0,0
2025-12-15 00:51:18.184,SERVO_OUTPUT_RAW,1033409867,SERVO_OUTPUT_RAW,0,0,0,0,0,0,0,0,1000,1000,1000,1000,0,0,0,0,0
2025-12-15 00:51:18.284,SERVO_OUTPUT_RAW,1033509805,SERVO_OUTPUT_RAW,0,0,0,0,0,0,0,0,1000,1000,1000,1000,0,0,0,0,0
2025-12-15 00:51:18.385,SERVO_OUTPUT_RAW,1033609800,SERVO_OUTPUT_RAW,0,0,0,0,0,0,0,0,1000,1000,1000,1000,0,0,0,0,0
2025-12-15 00:51:18.485,SERVO_OUTPUT_RAW,1033709837,SERVO_OUTPUT_RAW,0,0,0,0,0,0,0,0,1000,1000,1000,1000,0,0,0,0,0
2025-12-15 00:51:18.584,SERVO_OUTPUT_RAW,1033809844,SERVO_OUTPUT_RAW,0,0,0,0,0,0,0,0,1000,1000,1000,1000,0,0,0,0,0
2025-12-15 00:51:18.685,SERVO_OUTPUT_RAW,1033909842,SERVO_OUTPUT_RAW,0,0,0,0,0,0,0,0,1000,1000,1000,1000,0,0,0,0,0
2025-12-15 00:51:18.785,SERVO_OUTPUT_RAW,1034009790,SERVO_OUTPUT_RAW,0,0,0,0,0,0,0,0,1000,1000,1000,1000,0,0,0,0,0
2025-12-15 00:51:18.885,SERVO_OUTPUT_RAW,1034109942,SERVO_OUTPUT_RAW,0,0,0,0,0,0,0,0,1000,1000,1000,1000,0,0,0,0,0
2025-12-15 00:51:18.985,SERVO_OUTPUT_RAW,1034209825,SERVO_OUTPUT_RAW,0,0,0,0,0,0,0,0,1000,1000,1000,1000,0,0,0,0,0
2025-12-15 00:51:19.085,SERVO_OUTPUT_RAW,1034309873,SERVO_OUTPUT_RAW,0,0,0,0,0,0,0,0,1000,1000,1000,1000,0,0,0,0,0
2025-12-15 00:51:19.185,SERVO_OUTPUT_RAW,1034409777,SERVO_OUTPUT_RAW,0,0,0,0,0,0,0,0,1000,1000,1000,1000,0,0,0,0,0
2025-12-15 00:51:19.285,SERVO_OUTPUT_RAW,1034509782,SERVO_OUTPUT_RAW,0,0,0,0,0,0,0,0,1000,1000,1000,1000,0,0,0,0,0
2025-12-15 00:51:19.385,SERVO_OUTPUT_RAW,1034609778,SERVO_OUTPUT_RAW,0,0,0,0,0,0,0,0,1000,1000,1000,1000,0,0,0,0,0
2025-12-15 00:51:19.485,SERVO_OUTPUT_RAW,1034709780,SERVO_OUTPUT_RAW,0,0,0,0,0,0,0,0,1000,1000,1000,1000,0,0,0,0,0
2025-12-15 00:51:19.585,SERVO_OUTPUT_RAW,1034809795,SERVO_OUTPUT_RAW,0,0,0,0,0,0,0,0,1000,1000,1000,1000,0,0,0,0,0
2025-12-15 00:51:19.685,SERVO_OUTPUT_RAW,1034909823,SERVO_OUTPUT_RAW,0,0,0,0,0,0,0,0,1000,1000,1000,1000,0,0,0,0,0
2025-12-15 00:51:19.785,SERVO_OUTPUT_RAW,1035009848,SERVO_OUTPUT_RAW,0,0,0,0,0,0,0,0,1000,1000,1000,1000,0,0,0,0,0
2025-12-15 00:51:19.885,SERVO_OUTPUT_RAW,1035109861,SERVO_OUTPUT_RAW,0,0,0,0,0,0,0,0,1000,1000,1000,1000,0,0,0,0,0
2025-12-15 00:51:19.985,SERVO_OUTPUT_RAW,1035209838,SERVO_OUTPUT_RAW,0,0,0,0,0,0,0,0,1000,1000,1000,1000,0,0,0,0,0
2025-12-15 00:51:20.085,SERVO_OUTPUT_RAW,1035309827,SERVO_OUTPUT_RAW,0,0,0,0,0,0,0,0,1000,1000,1000,1000,0,0,0,0,0
2025-12-15 00:51:20.185,SERVO_OUTPUT_RAW,1035409848,SERVO_OUTPUT_RAW,0,0,0,0,0,0,0,0,1000,1000,1000,1000,0,0,0,0,0
2025-12-15 00:51:20.285,SERVO_OUTPUT_RAW,1035509787,SERVO_OUTPUT_RAW,0,0,0,0,0,0,0,0,1000,1000,1000,1000,0,0,0,0,0
2025-12-15 00:51:20.385,SERVO_OUTPUT_RAW,1035609828,SERVO_OUTPUT_RAW,0,0,0,0,0,0,0,0,1000,1000,1000,1000,0,0,0,0,0
2025-12-15 00:51:20.485,SERVO_OUTPUT_RAW,1035709808,SERVO_OUTPUT_RAW,0,0,0,0,0,0,0,0,1000,1000,1000,1000,0,0,0,0,0
2025-12-15 00:51:20.585,SERVO_OUTPUT_RAW,1035809806,SERVO_OUTPUT_RAW,0,0,0,0,0,0,0,0,1000,1000,1000,1000,0,0,0,0,0
2025-12-15 00:51:20.685,SERVO_OUTPUT_RAW,1035909788,SERVO_OUTPUT_RAW,0,0,0,0,0,0,0,0,1000,1000,1000,1000,0,0,0,0,0
2025-12-15 00:51:20.785,SERVO_OUTPUT_RAW,1036009778,SERVO_OUTPUT_RAW,0,0,0,0,0,0,0,0,1000,1000,1000,1000,0,0,0,0,0
2025-12-15 00:51:20.885,SERVO_OUTPUT_RAW,1036109809,SERVO_OUTPUT_RAW,0,0,0,0,0,0,0,0,1000,1000,1000,1000,0,0,0,0,0
2025-12-15 00:51:20.985,SERVO_OUTPUT_RAW,1036209868,SERVO_OUTPUT_RAW,0,0,0,0,0,0,0,0,1000,1000,1000,1000,0,0,0,0,0
2025-12-15 00:51:21.085,SERVO_OUTPUT_RAW,1036309788,SERVO_OUTPUT_RAW,0,0,0,0,0,0,0,0,1000,1000,1000,1000,0,0,0,0,0
2025-12-15 00:51:21.185,SERVO_OUTPUT_RAW,1036409826,SERVO_OUTPUT_RAW,0,0,0,0,0,0,0,0,1000,1000,1000,1000,0,0,0,0,0
2025-12-15 00:51:21.285,SERVO_OUTPUT_RAW,1036509850,SERVO_OUTPUT_RAW,0,0,0,0,0,0,0,0,1000,1000,1000,1000,0,0,0,0,0
2025-12-15 00:51:21.385,SERVO_OUTPUT_RAW,1036609881,SERVO_OUTPUT_RAW,0,0,0,0,0,0,0,0,1000,1000,1000,1000,0,0,0,0,0
2025-12-15 00:51:21.485,SERVO_OUTPUT_RAW,1036709803,SERVO_OUTPUT_RAW,0,0,0,0,0,0,0,0,1000,1000,1000,1000,0,0,0,0,0
2025-12-15 00:51:21.585,SERVO_OUTPUT_RAW,1036809816,SERVO_OUTPUT_RAW,0,0,0,0,0,0,0,0,1000,1000,1000,1000,0,0,0,0,0
2025-12-15 00:51:21.685,SERVO_OUTPUT_RAW,1036909831,SERVO_OUTPUT_RAW,0,0,0,0,0,0,0,0,1000,1000,1000,1000,0,0,0,0,0
2025-12-15 00:51:21.785,SERVO_OUTPUT_RAW,1037009847,SERVO_OUTPUT_RAW,0,0,0,0,0,0,0,0,1000,1000,1000,1000,0,0,0,0,0
2025-12-15 00:51:21.885,SERVO_OUTPUT_RAW,1037109789,SERVO_OUTPUT_RAW,0,0,0,0,0,0,0,0,1000,1000,1000,1000,0,0,0,0,0
2025-12-15 00:51:21.985,SERVO_OUTPUT_RAW,1037209815,SERVO_OUTPUT_RAW,0,0,0,0,0,0,0,0,1000,1000,1000,1000,0,0,0,0,0
2025-12-15 00:51:22.085,SERVO_OUTPUT_RAW,1037309820,SERVO_OUTPUT_RAW,0,0,0,0,0,0,0,0,1000,1000,1000,1000,0,0,0,0,0
2025-12-15 00:51:22.185,SERVO_OUTPUT_RAW,1037409825,SERVO_OUTPUT_RAW,0,0,0,0,0,0,0,0,1000,1000,1000,1000,0,0,0,0,0
2025-12-15 00:51:22.285,SERVO_OUTPUT_RAW,1037509778,SERVO_OUTPUT_RAW,0,0,0,0,0,0,0,0,1000,1000,1000,1000,0,0,0,0,0
2025-12-15 00:51:22.385,SERVO_OUTPUT_RAW,1037609796,SERVO_OUTPUT_RAW,0,0,0,0,0,0,0,0,1000,1000,1000,1000,0,0,0,0,0
2025-12-15 00:51:22.486,SERVO_OUTPUT_RAW,1037709794,SERVO_OUTPUT_RAW,0,0,0,0,0,0,0,0,1000,1000,1000,1000,0,0,0,0,0
2025-12-15 00:51:22.585,SERVO_OUTPUT_RAW,1037809784,SERVO_OUTPUT_RAW,0,0,0,0,0,0,0,0,1000,1000,1000,1000,0,0,0,0,0
2025-12-15 00:51:22.685,SERVO_OUTPUT_RAW,1037909802,SERVO_OUTPUT_RAW,0,0,0,0,0,0,0,0,1000,1000,1000,1000,0,0,0,0,0
2025-12-15 00:51:22.786,SERVO_OUTPUT_RAW,1038009821,SERVO_OUTPUT_RAW,0,0,0,0,0,0,0,0,1000,1000,1000,1000,0,0,0,0,0
2025-12-15 00:51:22.885,SERVO_OUTPUT_RAW,1038109842,SERVO_OUTPUT_RAW,0,0,0,0,0,0,0,0,1000,1000,1000,1000,0,0,0,0,0
2025-12-15 00:51:22.985,SERVO_OUTPUT_RAW,1038209847,SERVO_OUTPUT_RAW,0,0,0,0,0,0,0,0,1000,1000,1000,1000,0,0,0,0,0
2025-12-15 00:51:23.085,SERVO_OUTPUT_RAW,1038312155,SERVO_OUTPUT_RAW,0,0,0,0,0,0,0,0,1000,1000,1000,1000,0,0,0,0,0
2025-12-15 00:51:23.185,SERVO_OUTPUT_RAW,1038409815,SERVO_OUTPUT_RAW,0,0,0,0,0,0,0,0,1000,1000,1000,1000,0,0,0,0,0
2025-12-15 00:51:23.285,SERVO_OUTPUT_RAW,1038509868,SERVO_OUTPUT_RAW,0,0,0,0,0,0,0,0,1000,1000,1000,1000,0,0,0,0,0
2025-12-15 00:51:23.385,SERVO_OUTPUT_RAW,1038609858,SERVO_OUTPUT_RAW,0,0,0,0,0,0,0,0,1000,1000,1000,1000,0,0,0,0,0
2025-12-15 00:51:23.485,SERVO_OUTPUT_RAW,1038709783,SERVO_OUTPUT_RAW,0,0,0,0,0,0,0,0,1000,1000,1000,1000,0,0,0,0,0
2025-12-15 00:51:23.585,SERVO_OUTPUT_RAW,1038809830,SERVO_OUTPUT_RAW,0,0,0,0,0,0,0,0,1000,1000,1000,1000,0,0,0,0,0
2025-12-15 00:51:23.685,SERVO_OUTPUT_RAW,1038909807,SERVO_OUTPUT_RAW,0,0,0,0,0,0,0,0,1000,1000,1000,1000,0,0,0,0,0
2025-12-15 00:51:23.785,SERVO_OUTPUT_RAW,1039009793,SERVO_OUTPUT_RAW,0,0,0,0,0,0,0,0,1000,1000,1000,1000,0,0,0,0,0
2025-12-15 00:51:23.884,SERVO_OUTPUT_RAW,1039109811,SERVO_OUTPUT_RAW,0,0,0,0,0,0,0,0,1000,1000,1000,1000,0,0,0,0,0
2025-12-15 00:51:23.984,SERVO_OUTPUT_RAW,1039209783,SERVO_OUTPUT_RAW,0,0,0,0,0,0,0,0,1000,1000,1000,1000,0,0,0,0,0
2025-12-15 00:51:24.084,SERVO_OUTPUT_RAW,1039309796,SERVO_OUTPUT_RAW,0,0,0,0,0,0,0,0,1000,1000,1000,1000,0,0,0,0,0
2025-12-15 00:51:24.184,SERVO_OUTPUT_RAW,1039409789,SERVO_OUTPUT_RAW,0,0,0,0,0,0,0,0,1000,1000,1000,1000,0,0,0,0,0
2025-12-15 00:51:24.284,SERVO_OUTPUT_RAW,1039509829,SERVO_OUTPUT_RAW,0,0,0,0,0,0,0,0,1000,1000,1000,1000,0,0,0,0,0
2025-12-15 00:51:24.384,SERVO_OUTPUT_RAW,1039609850,SERVO_OUTPUT_RAW,0,0,0,0,0,0,0,0,1000,1000,1000,1000,0,0,0,0,0
2025-12-15 00:51:24.484,SERVO_OUTPUT_RAW,1039709856,SERVO_OUTPUT_RAW,0,0,0,0,0,0,0,0,1000,1000,1000,1000,0,0,0,0,0
2025-12-15 00:51:24.584,SERVO_OUTPUT_RAW,1039809803,SERVO_OUTPUT_RAW,0,0,0,0,0,0,0,0,1000,1000,1000,1000,0,0,0,0,0
2025-12-15 00:51:24.684,SERVO_OUTPUT_RAW,1039909800,SERVO_OUTPUT_RAW,0,0,0,0,0,0,0,0,1000,1000,1000,1000,0,0,0,0,0
2025-12-15 00:51:24.784,SERVO_OUTPUT_RAW,1040009815,SERVO_OUTPUT_RAW,0,0,0,0,0,0,0,0,1000,1000,1000,1000,0,0,0,0,0
2025-12-15 00:51:24.886,SERVO_OUTPUT_RAW,1040109858,SERVO_OUTPUT_RAW,0,0,0,0,0,0,0,0,1000,1000,1000,1000,0,0,0,0,0
2025-12-15 00:51:24.985,SERVO_OUTPUT_RAW,1040209773,SERVO_OUTPUT_RAW,0,0,0,0,0,0,0,0,1000,1000,1000,1000,0,0,0,0,0
2025-12-15 00:51:25.084,SERVO_OUTPUT_RAW,1040309790,SERVO_OUTPUT_RAW,0,0,0,0,0,0,0,0,1000,1000,1000,1000,0,0,0,0,0
2025-12-15 00:51:25.184,SERVO_OUTPUT_RAW,1040409935,SERVO_OUTPUT_RAW,0,0,0,0,0,0,0,0,1000,1000,1000,1000,0,0,0,0,0
2025-12-15 00:51:25.284,SERVO_OUTPUT_RAW,1040509810,SERVO_OUTPUT_RAW,0,0,0,0,0,0,0,0,1000,1000,1000,1000,0,0,0,0,0
2025-12-15 00:51:25.384,SERVO_OUTPUT_RAW,1040609806,SERVO_OUTPUT_RAW,0,0,0,0,0,0,0,0,1000,1000,1000,1000,0,0,0,0,0
2025-12-15 00:51:25.484,SERVO_OUTPUT_RAW,1040709800,SERVO_OUTPUT_RAW,0,0,0,0,0,0,0,0,1000,1000,1000,1000,0,0,0,0,0
2025-12-15 00:51:25.584,SERVO_OUTPUT_RAW,1040809788,SERVO_OUTPUT_RAW,0,0,0,0,0,0,0,0,1000,1000,1000,1000,0,0,0,0,0
2025-12-15 00:51:25.684,SERVO_OUTPUT_RAW,1040909777,SERVO_OUTPUT_RAW,0,0,0,0,0,0,0,0,1000,1000,1000,1000,0,0,0,0,0
2025-12-15 00:51:25.785,SERVO_OUTPUT_RAW,1041009805,SERVO_OUTPUT_RAW,0,0,0,0,0,0,0,0,1000,1000,1000,1000,0,0,0,0,0
2025-12-15 00:51:25.884,SERVO_OUTPUT_RAW,1041112147,SERVO_OUTPUT_RAW,0,0,0,0,0,0,0,0,1000,1000,1000,1000,0,0,0,0,0
2025-12-15 00:51:25.985,SERVO_OUTPUT_RAW,1041209826,SERVO_OUTPUT_RAW,0,0,0,0,0,0,0,0,1000,1000,1000,1000,0,0,0,0,0
2025-12-15 00:51:26.085,SERVO_OUTPUT_RAW,1041309807,SERVO_OUTPUT_RAW,0,0,0,0,0,0,0,0,1000,1000,1000,1000,0,0,0,0,0
2025-12-15 00:51:26.185,SERVO_OUTPUT_RAW,1041409790,SERVO_OUTPUT_RAW,0,0,0,0,0,0,0,0,1000,1000,1000,1000,0,0,0,0,0
2025-12-15 00:51:26.284,SERVO_OUTPUT_RAW,1041512103,SERVO_OUTPUT_RAW,0,0,0,0,0,0,0,0,1000,1000,1000,1000,0,0,0,0,0
2025-12-15 00:51:26.385,SERVO_OUTPUT_RAW,1041609855,SERVO_OUTPUT_RAW,0,0,0,0,0,0,0,0,1000,1000,1000,1000,0,0,0,0,0
2025-12-15 00:51:26.485,SERVO_OUTPUT_RAW,1041709850,SERVO_OUTPUT_RAW,0,0,0,0,0,0,0,0,1000,1000,1000,1000,0,0,0,0,0
2025-12-15 00:51:26.585,SERVO_OUTPUT_RAW,1041809788,SERVO_OUTPUT_RAW,0,0,0,0,0,0,0,0,1000,1000,1000,1000,0,0,0,0,0
2025-12-15 00:51:26.685,SERVO_OUTPUT_RAW,1041909806,SERVO_OUTPUT_RAW,0,0,0,0,0,0,0,0,1000,1000,1000,1000,0,0,0,0,0
2025-12-15 00:51:26.785,SERVO_OUTPUT_RAW,1042009844,SERVO_OUTPUT_RAW,0,0,0,0,0,0,0,0,1000,1000,1000,1000,0,0,0,0,0
2025-12-15 00:51:26.885,SERVO_OUTPUT_RAW,1042109786,SERVO_OUTPUT_RAW,0,0,0,0,0,0,0,0,1000,1000,1000,1000,0,0,0,0,0
2025-12-15 00:51:26.985,SERVO_OUTPUT_RAW,1042209788,SERVO_OUTPUT_RAW,0,0,0,0,0,0,0,0,1000,1000,1000,1000,0,0,0,0,0
2025-12-15 00:51:27.085,SERVO_OUTPUT_RAW,1042309788,SERVO_OUTPUT_RAW,0,0,0,0,0,0,0,0,1000,1000,1000,1000,0,0,0,0,0
2025-12-15 00:51:27.185,SERVO_OUTPUT_RAW,1042409811,SERVO_OUTPUT_RAW,0,0,0,0,0,0,0,0,1000,1000,1000,1000,0,0,0,0,0
2025-12-15 00:51:27.285,SERVO_OUTPUT_RAW,1042509841,SERVO_OUTPUT_RAW,0,0,0,0,0,0,0,0,1000,1000,1000,1000,0,0,0,0,0
2025-12-15 00:51:27.388,SERVO_OUTPUT_RAW,1042609808,SERVO_OUTPUT_RAW,0,0,0,0,0,0,0,0,1000,1000,1000,1000,0,0,0,0,0
2025-12-15 00:51:27.485,SERVO_OUTPUT_RAW,1042709832,SERVO_OUTPUT_RAW,0,0,0,0,0,0,0,0,1000,1000,1000,1000,0,0,0,0,0
2025-12-15 00:51:27.583,SERVO_OUTPUT_RAW,1042809844,SERVO_OUTPUT_RAW,0,0,0,0,0,0,0,0,1000,1000,1000,1000,0,0,0,0,0
2025-12-15 00:51:27.686,SERVO_OUTPUT_RAW,1042909803,SERVO_OUTPUT_RAW,0,0,0,0,0,0,0,0,1000,1000,1000,1000,0,0,0,0,0
2025-12-15 00:51:27.785,SERVO_OUTPUT_RAW,1043009812,SERVO_OUTPUT_RAW,0,0,0,0,0,0,0,0,1000,1000,1000,1000,0,0,0,0,0
2025-12-15 00:51:27.885,SERVO_OUTPUT_RAW,1043109824,SERVO_OUTPUT_RAW,0,0,0,0,0,0,0,0,1000,1000,1000,1000,0,0,0,0,0
2025-12-15 00:51:27.986,SERVO_OUTPUT_RAW,1043209844,SERVO_OUTPUT_RAW,0,0,0,0,0,0,0,0,1000,1000,1000,1000,0,0,0,0,0
2025-12-15 00:51:28.085,SERVO_OUTPUT_RAW,1043309860,SERVO_OUTPUT_RAW,0,0,0,0,0,0,0,0,1000,1000,1000,1000,0,0,0,0,0
2025-12-15 00:51:28.185,SERVO_OUTPUT_RAW,1043409780,SERVO_OUTPUT_RAW,0,0,0,0,0,0,0,0,1000,1000,1000,1000,0,0,0,0,0
2025-12-15 00:51:28.285,SERVO_OUTPUT_RAW,1043509819,SERVO_OUTPUT_RAW,0,0,0,0,0,0,0,0,1000,1000,1000,1000,0,0,0,0,0
2025-12-15 00:51:28.385,SERVO_OUTPUT_RAW,1043609814,SERVO_OUTPUT_RAW,0,0,0,0,0,0,0,0,1000,1000,1000,1000,0,0,0,0,0
2025-12-15 00:51:28.485,SERVO_OUTPUT_RAW,1043709780,SERVO_OUTPUT_RAW,0,0,0,0,0,0,0,0,1000,1000,1000,1000,0,0,0,0,0
2025-12-15 00:51:28.585,SERVO_OUTPUT_RAW,1043809771,SERVO_OUTPUT_RAW,0,0,0,0,0,0,0,0,1000,1000,1000,1000,0,0,0,0,0
2025-12-15 00:51:28.685,SERVO_OUTPUT_RAW,1043909795,SERVO_OUTPUT_RAW,0,0,0,0,0,0,0,0,1000,1000,1000,1000,0,0,0,0,0
2025-12-15 00:51:28.785,SERVO_OUTPUT_RAW,1044009816,SERVO_OUTPUT_RAW,0,0,0,0,0,0,0,0,1000,1000,1000,1000,0,0,0,0,0
2025-12-15 00:51:28.885,SERVO_OUTPUT_RAW,1044109787,SERVO_OUTPUT_RAW,0,0,0,0,0,0,0,0,1000,1000,1000,1000,0,0,0,0,0
2025-12-15 00:51:28.986,SERVO_OUTPUT_RAW,1044209827,SERVO_OUTPUT_RAW,0,0,0,0,0,0,0,0,1000,1000,1000,1000,0,0,0,0,0
2025-12-15 00:51:29.086,SERVO_OUTPUT_RAW,1044309864,SERVO_OUTPUT_RAW,0,0,0,0,0,0,0,0,1000,1000,1000,1000,0,0,0,0,0
2025-12-15 00:51:29.185,SERVO_OUTPUT_RAW,1044409841,SERVO_OUTPUT_RAW,0,0,0,0,0,0,0,0,1000,1000,1000,1000,0,0,0,0,0
2025-12-15 00:51:29.286,SERVO_OUTPUT_RAW,1044509818,SERVO_OUTPUT_RAW,0,0,0,0,0,0,0,0,1000,1000,1000,1000,0,0,0,0,0
2025-12-15 00:51:29.385,SERVO_OUTPUT_RAW,1044612191,SERVO_OUTPUT_RAW,0,0,0,0,0,0,0,0,1000,1000,1000,1000,0,0,0,0,0
2025-12-15 00:51:29.486,SERVO_OUTPUT_RAW,1044709833,SERVO_OUTPUT_RAW,0,0,0,0,0,0,0,0,1000,1000,1000,1000,0,0,0,0,0
2025-12-15 00:51:29.585,SERVO_OUTPUT_RAW,1044809842,SERVO_OUTPUT_RAW,0,0,0,0,0,0,0,0,1000,1000,1000,1000,0,0,0,0,0
2025-12-15 00:51:29.685,SERVO_OUTPUT_RAW,1044909786,SERVO_OUTPUT_RAW,0,0,0,0,0,0,0,0,1000,1000,1000,1000,0,0,0,0,0
2025-12-15 00:51:29.785,SERVO_OUTPUT_RAW,1045009805,SERVO_OUTPUT_RAW,0,0,0,0,0,0,0,0,1000,1000,1000,1000,0,0,0,0,0
2025-12-15 00:51:29.885,SERVO_OUTPUT_RAW,1045109834,SERVO_OUTPUT_RAW,0,0,0,0,0,0,0,0,1000,1000,1000,1000,0,0,0,0,0
2025-12-15 00:51:29.985,SERVO_OUTPUT_RAW,1045209778,SERVO_OUTPUT_RAW,0,0,0,0,0,0,0,0,1000,1000,1000,1000,0,0,0,0,0
2025-12-15 00:51:30.085,SERVO_OUTPUT_RAW,1045309810,SERVO_OUTPUT_RAW,0,0,0,0,0,0,0,0,1000,1000,1000,1000,0,0,0,0,0
2025-12-15 00:51:30.185,SERVO_OUTPUT_RAW,1045409799,SERVO_OUTPUT_RAW,0,0,0,0,0,0,0,0,1000,1000,1000,1000,0,0,0,0,0
2025-12-15 00:51:30.285,SERVO_OUTPUT_RAW,1045509801,SERVO_OUTPUT_RAW,0,0,0,0,0,0,0,0,1000,1000,1000,1000,0,0,0,0,0
2025-12-15 00:51:30.385,SERVO_OUTPUT_RAW,1045609792,SERVO_OUTPUT_RAW,0,0,0,0,0,0,0,0,1000,1000,1000,1000,0,0,0,0,0
2025-12-15 00:51:30.485,SERVO_OUTPUT_RAW,1045709809,SERVO_OUTPUT_RAW,0,0,0,0,0,0,0,0,1000,1000,1000,1000,0,0,0,0,0
2025-12-15 00:51:30.585,SERVO_OUTPUT_RAW,1045809858,SERVO_OUTPUT_RAW,0,0,0,0,0,0,0,0,1000,1000,1000,1000,0,0,0,0,0
2025-12-15 00:51:30.685,SERVO_OUTPUT_RAW,1045909840,SERVO_OUTPUT_RAW,0,0,0,0,0,0,0,0,1000,1000,1000,1000,0,0,0,0,0
2025-12-15 00:51:30.785,SERVO_OUTPUT_RAW,1046012127,SERVO_OUTPUT_RAW,0,0,0,0,0,0,0,0,1000,1000,1000,1000,0,0,0,0,0
2025-12-15 00:51:30.885,SERVO_OUTPUT_RAW,1046109785,SERVO_OUTPUT_RAW,0,0,0,0,0,0,0,0,1000,1000,1000,1000,0,0,0,0,0
2025-12-15 00:51:30.985,SERVO_OUTPUT_RAW,1046209803,SERVO_OUTPUT_RAW,0,0,0,0,0,0,0,0,1000,1000,1000,1000,0,0,0,0,0
2025-12-15 00:51:31.086,SERVO_OUTPUT_RAW,1046309848,SERVO_OUTPUT_RAW,0,0,0,0,0,0,0,0,1000,1000,1000,1000,0,0,0,0,0
2025-12-15 00:51:31.186,SERVO_OUTPUT_RAW,1046409840,SERVO_OUTPUT_RAW,0,0,0,0,0,0,0,0,1000,1000,1000,1000,0,0,0,0,0
2025-12-15 00:51:31.286,SERVO_OUTPUT_RAW,1046509788,SERVO_OUTPUT_RAW,0,0,0,0,0,0,0,0,1000,1000,1000,1000,0,0,0,0,0
2025-12-15 00:51:31.386,SERVO_OUTPUT_RAW,1046609818,SERVO_OUTPUT_RAW,0,0,0,0,0,0,0,0,1000,1000,1000,1000,0,0,0,0,0
2025-12-15 00:51:31.486,SERVO_OUTPUT_RAW,1046709878,SERVO_OUTPUT_RAW,0,0,0,0,0,0,0,0,1000,1000,1000,1000,0,0,0,0,0
2025-12-15 00:51:31.587,SERVO_OUTPUT_RAW,1046809783,SERVO_OUTPUT_RAW,0,0,0,0,0,0,0,0,1000,1000,1000,1000,0,0,0,0,0
2025-12-15 00:51:31.686,SERVO_OUTPUT_RAW,1046909814,SERVO_OUTPUT_RAW,0,0,0,0,0,0,0,0,1000,1000,1000,1000,0,0,0,0,0
2025-12-15 00:51:31.786,SERVO_OUTPUT_RAW,1047009797,SERVO_OUTPUT_RAW,0,0,0,0,0,0,0,0,1000,1000,1000,1000,0,0,0,0,0
2025-12-15 00:51:31.886,SERVO_OUTPUT_RAW,1047109787,SERVO_OUTPUT_RAW,0,0,0,0,0,0,0,0,1000,1000,1000,1000,0,0,0,0,0
2025-12-15 00:51:31.985,SERVO_OUTPUT_RAW,1047209793,SERVO_OUTPUT_RAW,0,0,0,0,0,0,0,0,1000,1000,1000,1000,0,0,0,0,0
2025-12-15 00:51:32.085,SERVO_OUTPUT_RAW,1047309766,SERVO_OUTPUT_RAW,0,0,0,0,0,0,0,0,1000,1000,1000,1000,0,0,0,0,0
2025-12-15 00:51:32.185,SERVO_OUTPUT_RAW,1047409851,SERVO_OUTPUT_RAW,0,0,0,0,0,0,0,0,1000,1000,1000,1000,0,0,0,0,0
2025-12-15 00:51:32.285,SERVO_OUTPUT_RAW,1047509861,SERVO_OUTPUT_RAW,0,0,0,0,0,0,0,0,1000,1000,1000,1000,0,0,0,0,0
2025-12-15 00:51:32.390,SERVO_OUTPUT_RAW,1047609797,SERVO_OUTPUT_RAW,0,0,0,0,0,0,0,0,1000,1000,1000,1000,0,0,0,0,0
2025-12-15 00:51:32.485,SERVO_OUTPUT_RAW,1047709803,SERVO_OUTPUT_RAW,0,0,0,0,0,0,0,0,1000,1000,1000,1000,0,0,0,0,0
2025-12-15 00:51:32.585,SERVO_OUTPUT_RAW,1047809848,SERVO_OUTPUT_RAW,0,0,0,0,0,0,0,0,1000,1000,1000,1000,0,0,0,0,0
2025-12-15 00:51:32.685,SERVO_OUTPUT_RAW,1047909838,SERVO_OUTPUT_RAW,0,0,0,0,0,0,0,0,1000,1000,1000,1000,0,0,0,0,0
2025-12-15 00:51:32.785,SERVO_OUTPUT_RAW,1048009834,SERVO_OUTPUT_RAW,0,0,0,0,0,0,0,0,1000,1000,1000,1000,0,0,0,0,0
2025-12-15 00:51:32.885,SERVO_OUTPUT_RAW,1048109790,SERVO_OUTPUT_RAW,0,0,0,0,0,0,0,0,1000,1000,1000,1000,0,0,0,0,0
2025-12-15 00:51:32.985,SERVO_OUTPUT_RAW,1048209843,SERVO_OUTPUT_RAW,0,0,0,0,0,0,0,0,1000,1000,1000,1000,0,0,0,0,0
2025-12-15 00:51:33.086,SERVO_OUTPUT_RAW,1048309814,SERVO_OUTPUT_RAW,0,0,0,0,0,0,0,0,1000,1000,1000,1000,0,0,0,0,0
2025-12-15 00:51:33.186,SERVO_OUTPUT_RAW,1048409781,SERVO_OUTPUT_RAW,0,0,0,0,0,0,0,0,1000,1000,1000,1000,0,0,0,0,0
2025-12-15 00:51:33.285,SERVO_OUTPUT_RAW,1048509819,SERVO_OUTPUT_RAW,0,0,0,0,0,0,0,0,1000,1000,1000,1000,0,0,0,0,0
2025-12-15 00:51:33.384,SERVO_OUTPUT_RAW,1048609788,SERVO_OUTPUT_RAW,0,0,0,0,0,0,0,0,1000,1000,1000,1000,0,0,0,0,0
2025-12-15 00:51:33.485,SERVO_OUTPUT_RAW,1048709791,SERVO_OUTPUT_RAW,0,0,0,0,0,0,0,0,1000,1000,1000,1000,0,0,0,0,0
2025-12-15 00:51:33.585,SERVO_OUTPUT_RAW,1048812167,SERVO_OUTPUT_RAW,0,0,0,0,0,0,0,0,1000,1000,1000,1000,0,0,0,0,0
2025-12-15 00:51:33.685,SERVO_OUTPUT_RAW,1048909821,SERVO_OUTPUT_RAW,0,0,0,0,0,0,0,0,1000,1000,1000,1000,0,0,0,0,0
2025-12-15 00:51:33.785,SERVO_OUTPUT_RAW,1049009842,SERVO_OUTPUT_RAW,0,0,0,0,0,0,0,0,1000,1000,1000,1000,0,0,0,0,0
2025-12-15 00:51:33.885,SERVO_OUTPUT_RAW,1049109851,SERVO_OUTPUT_RAW,0,0,0,0,0,0,0,0,1000,1000,1000,1000,0,0,0,0,0
2025-12-15 00:51:33.985,SERVO_OUTPUT_RAW,1049209785,SERVO_OUTPUT_RAW,0,0,0,0,0,0,0,0,1000,1000,1000,1000,0,0,0,0,0
2025-12-15 00:51:34.085,SERVO_OUTPUT_RAW,1049309814,SERVO_OUTPUT_RAW,0,0,0,0,0,0,0,0,1000,1000,1000,1000,0,0,0,0,0
2025-12-15 00:51:34.185,SERVO_OUTPUT_RAW,1049409835,SERVO_OUTPUT_RAW,0,0,0,0,0,0,0,0,1000,1000,1000,1000,0,0,0,0,0
2025-12-15 00:51:34.285,SERVO_OUTPUT_RAW,1049509845,SERVO_OUTPUT_RAW,0,0,0,0,0,0,0,0,1000,1000,1000,1000,0,0,0,0,0
2025-12-15 00:51:34.385,SERVO_OUTPUT_RAW,1049609827,SERVO_OUTPUT_RAW,0,0,0,0,0,0,0,0,1000,1000,1000,1000,0,0,0,0,0
2025-12-15 00:51:34.485,SERVO_OUTPUT_RAW,1049709801,SERVO_OUTPUT_RAW,0,0,0,0,0,0,0,0,1000,1000,1000,1000,0,0,0,0,0
2025-12-15 00:51:34.585,SERVO_OUTPUT_RAW,1049809828,SERVO_OUTPUT_RAW,0,0,0,0,0,0,0,0,1000,1000,1000,1000,0,0,0,0,0
2025-12-15 00:51:34.685,SERVO_OUTPUT_RAW,1049909776,SERVO_OUTPUT_RAW,0,0,0,0,0,0,0,0,1000,1000,1000,1000,0,0,0,0,0
2025-12-15 00:51:34.785,SERVO_OUTPUT_RAW,1050009787,SERVO_OUTPUT_RAW,0,0,0,0,0,0,0,0,1000,1000,1000,1000,0,0,0,0,0
2025-12-15 00:51:34.885,SERVO_OUTPUT_RAW,1050109795,SERVO_OUTPUT_RAW,0,0,0,0,0,0,0,0,1000,1000,1000,1000,0,0,0,0,0
2025-12-15 00:51:34.985,SERVO_OUTPUT_RAW,1050209777,SERVO_OUTPUT_RAW,0,0,0,0,0,0,0,0,1000,1000,1000,1000,0,0,0,0,0
2025-12-15 00:51:35.085,SERVO_OUTPUT_RAW,1050309775,SERVO_OUTPUT_RAW,0,0,0,0,0,0,0,0,1000,1000,1000,1000,0,0,0,0,0
2025-12-15 00:51:35.185,SERVO_OUTPUT_RAW,1050409808,SERVO_OUTPUT_RAW,0,0,0,0,0,0,0,0,1000,1000,1000,1000,0,0,0,0,0
2025-12-15 00:51:35.285,SERVO_OUTPUT_RAW,1050512139,SERVO_OUTPUT_RAW,0,0,0,0,0,0,0,0,1000,1000,1000,1000,0,0,0,0,0
2025-12-15 00:51:35.385,SERVO_OUTPUT_RAW,1050609833,SERVO_OUTPUT_RAW,0,0,0,0,0,0,0,0,1000,1000,1000,1000,0,0,0,0,0
2025-12-15 00:51:35.485,SERVO_OUTPUT_RAW,1050709849,SERVO_OUTPUT_RAW,0,0,0,0,0,0,0,0,1000,1000,1000,1000,0,0,0,0,0
2025-12-15 00:51:35.585,SERVO_OUTPUT_RAW,1050809812,SERVO_OUTPUT_RAW,0,0,0,0,0,0,0,0,1000,1000,1000,1000,0,0,0,0,0
2025-12-15 00:51:35.685,SERVO_OUTPUT_RAW,1050912116,SERVO_OUTPUT_RAW,0,0,0,0,0,0,0,0,1000,1000,1000,1000,0,0,0,0,0
2025-12-15 00:51:35.785,SERVO_OUTPUT_RAW,1051009860,SERVO_OUTPUT_RAW,0,0,0,0,0,0,0,0,1000,1000,1000,1000,0,0,0,0,0
2025-12-15 00:51:35.885,SERVO_OUTPUT_RAW,1051109868,SERVO_OUTPUT_RAW,0,0,0,0,0,0,0,0,1000,1000,1000,1000,0,0,0,0,0
2025-12-15 00:51:35.985,SERVO_OUTPUT_RAW,1051209787,SERVO_OUTPUT_RAW,0,0,0,0,0,0,0,0,1000,1000,1000,1000,0,0,0,0,0
2025-12-15 00:51:36.086,SERVO_OUTPUT_RAW,1051309808,SERVO_OUTPUT_RAW,0,0,0,0,0,0,0,0,1000,1000,1000,1000,0,0,0,0,0
2025-12-15 00:51:36.185,SERVO_OUTPUT_RAW,1051409818,SERVO_OUTPUT_RAW,0,0,0,0,0,0,0,0,1000,1000,1000,1000,0,0,0,0,0
2025-12-15 00:51:36.285,SERVO_OUTPUT_RAW,1051509791,SERVO_OUTPUT_RAW,0,0,0,0,0,0,0,0,1000,1000,1000,1000,0,0,0,0,0
2025-12-15 00:51:36.385,SERVO_OUTPUT_RAW,1051609785,SERVO_OUTPUT_RAW,0,0,0,0,0,0,0,0,1000,1000,1000,1000,0,0,0,0,0
2025-12-15 00:51:36.485,SERVO_OUTPUT_RAW,1051709793,SERVO_OUTPUT_RAW,0,0,0,0,0,0,0,0,1000,1000,1000,1000,0,0,0,0,0
2025-12-15 00:51:36.585,SERVO_OUTPUT_RAW,1051809787,SERVO_OUTPUT_RAW,0,0,0,0,0,0,0,0,1000,1000,1000,1000,0,0,0,0,0
2025-12-15 00:51:36.685,SERVO_OUTPUT_RAW,1051909789,SERVO_OUTPUT_RAW,0,0,0,0,0,0,0,0,1000,1000,1000,1000,0,0,0,0,0
2025-12-15 00:51:36.785,SERVO_OUTPUT_RAW,1052009809,SERVO_OUTPUT_RAW,0,0,0,0,0,0,0,0,1000,1000,1000,1000,0,0,0,0,0
2025-12-15 00:51:36.885,SERVO_OUTPUT_RAW,1052109848,SERVO_OUTPUT_RAW,0,0,0,0,0,0,0,0,1000,1000,1000,1000,0,0,0,0,0
2025-12-15 00:51:36.985,SERVO_OUTPUT_RAW,1052209811,SERVO_OUTPUT_RAW,0,0,0,0,0,0,0,0,1000,1000,1000,1000,0,0,0,0,0
2025-12-15 00:51:37.085,SERVO_OUTPUT_RAW,1052309812,SERVO_OUTPUT_RAW,0,0,0,0,0,0,0,0,1000,1000,1000,1000,0,0,0,0,0
2025-12-15 00:51:37.185,SERVO_OUTPUT_RAW,1052409803,SERVO_OUTPUT_RAW,0,0,0,0,0,0,0,0,1000,1000,1000,1000,0,0,0,0,0
2025-12-15 00:51:37.285,SERVO_OUTPUT_RAW,1052509843,SERVO_OUTPUT_RAW,0,0,0,0,0,0,0,0,1000,1000,1000,1000,0,0,0,0,0
2025-12-15 00:51:37.385,SERVO_OUTPUT_RAW,1052609836,SERVO_OUTPUT_RAW,0,0,0,0,0,0,0,0,1000,1000,1000,1000,0,0,0,0,0
2025-12-15 00:51:37.486,SERVO_OUTPUT_RAW,1052709820,SERVO_OUTPUT_RAW,0,0,0,0,0,0,0,0,1000,1000,1000,1000,0,0,0,0,0
2025-12-15 00:51:37.585,SERVO_OUTPUT_RAW,1052809798,SERVO_OUTPUT_RAW,0,0,0,0,0,0,0,0,1000,1000,1000,1000,0,0,0,0,0
2025-12-15 00:51:37.685,SERVO_OUTPUT_RAW,1052909828,SERVO_OUTPUT_RAW,0,0,0,0,0,0,0,0,1000,1000,1000,1000,0,0,0,0,0
2025-12-15 00:51:37.785,SERVO_OUTPUT_RAW,1053009895,SERVO_OUTPUT_RAW,0,0,0,0,0,0,0,0,1000,1000,1000,1000,0,0,0,0,0
2025-12-15 00:51:37.885,SERVO_OUTPUT_RAW,1053109791,SERVO_OUTPUT_RAW,0,0,0,0,0,0,0,0,1000,1000,1000,1000,0,0,0,0,0
2025-12-15 00:51:37.985,SERVO_OUTPUT_RAW,1053209794,SERVO_OUTPUT_RAW,0,0,0,0,0,0,0,0,1000,1000,1000,1000,0,0,0,0,0
2025-12-15 00:51:38.085,SERVO_OUTPUT_RAW,1053309780,SERVO_OUTPUT_RAW,0,0,0,0,0,0,0,0,1000,1000,1000,1000,0,0,0,0,0
2025-12-15 00:51:38.185,SERVO_OUTPUT_RAW,1053409783,SERVO_OUTPUT_RAW,0,0,0,0,0,0,0,0,1000,1000,1000,1000,0,0,0,0,0
2025-12-15 00:51:38.285,SERVO_OUTPUT_RAW,1053509779,SERVO_OUTPUT_RAW,0,0,0,0,0,0,0,0,1000,1000,1000,1000,0,0,0,0,0
2025-12-15 00:51:38.385,SERVO_OUTPUT_RAW,1053609813,SERVO_OUTPUT_RAW,0,0,0,0,0,0,0,0,1000,1000,1000,1000,0,0,0,0,0
2025-12-15 00:51:38.486,SERVO_OUTPUT_RAW,1053709850,SERVO_OUTPUT_RAW,0,0,0,0,0,0,0,0,1000,1000,1000,1000,0,0,0,0,0
2025-12-15 00:51:38.586,SERVO_OUTPUT_RAW,1053809840,SERVO_OUTPUT_RAW,0,0,0,0,0,0,0,0,1000,1000,1000,1000,0,0,0,0,0
2025-12-15 00:51:38.686,SERVO_OUTPUT_RAW,1053909786,SERVO_OUTPUT_RAW,0,0,0,0,0,0,0,0,1000,1000,1000,1000,0,0,0,0,0
2025-12-15 00:51:38.786,SERVO_OUTPUT_RAW,1054009835,SERVO_OUTPUT_RAW,0,0,0,0,0,0,0,0,1000,1000,1000,1000,0,0,0,0,0
2025-12-15 00:51:38.885,SERVO_OUTPUT_RAW,1054109860,SERVO_OUTPUT_RAW,0,0,0,0,0,0,0,0,1000,1000,1000,1000,0,0,0,0,0
2025-12-15 00:51:38.986,SERVO_OUTPUT_RAW,1054209846,SERVO_OUTPUT_RAW,0,0,0,0,0,0,0,0,1000,1000,1000,1000,0,0,0,0,0
2025-12-15 00:51:39.086,SERVO_OUTPUT_RAW,1054309786,SERVO_OUTPUT_RAW,0,0,0,0,0,0,0,0,1000,1000,1000,1000,0,0,0,0,0
2025-12-15 00:51:39.185,SERVO_OUTPUT_RAW,1054409822,SERVO_OUTPUT_RAW,0,0,0,0,0,0,0,0,1000,1000,1000,1000,0,0,0,0,0
2025-12-15 00:51:39.285,SERVO_OUTPUT_RAW,1054509819,SERVO_OUTPUT_RAW,0,0,0,0,0,0,0,0,1000,1000,1000,1000,0,0,0,0,0
2025-12-15 00:51:39.385,SERVO_OUTPUT_RAW,1054609783,SERVO_OUTPUT_RAW,0,0,0,0,0,0,0,0,1000,1000,1000,1000,0,0,0,0,0
2025-12-15 00:51:39.485,SERVO_OUTPUT_RAW,1054709780,SERVO_OUTPUT_RAW,0,0,0,0,0,0,0,0,1000,1000,1000,1000,0,0,0,0,0
2025-12-15 00:51:39.585,SERVO_OUTPUT_RAW,1054809792,SERVO_OUTPUT_RAW,0,0,0,0,0,0,0,0,1000,1000,1000,1000,0,0,0,0,0
2025-12-15 00:51:39.685,SERVO_OUTPUT_RAW,1054909787,SERVO_OUTPUT_RAW,0,0,0,0,0,0,0,0,1000,1000,1000,1000,0,0,0,0,0
2025-12-15 00:51:39.785,SERVO_OUTPUT_RAW,1055009813,SERVO_OUTPUT_RAW,0,0,0,0,0,0,0,0,1000,1000,1000,1000,0,0,0,0,0
2025-12-15 00:51:39.887,SERVO_OUTPUT_RAW,1055112149,SERVO_OUTPUT_RAW,0,0,0,0,0,0,0,0,1000,1000,1000,1000,0,0,0,0,0
2025-12-15 00:51:39.985,SERVO_OUTPUT_RAW,1055209834,SERVO_OUTPUT_RAW,0,0,0,0,0,0,0,0,1000,1000,1000,1000,0,0,0,0,0
2025-12-15 00:51:40.085,SERVO_OUTPUT_RAW,1055309801,SERVO_OUTPUT_RAW,0,0,0,0,0,0,0,0,1000,1000,1000,1000,0,0,0,0,0
2025-12-15 00:51:40.185,SERVO_OUTPUT_RAW,1055409811,SERVO_OUTPUT_RAW,0,0,0,0,0,0,0,0,1000,1000,1000,1000,0,0,0,0,0
2025-12-15 00:51:40.286,SERVO_OUTPUT_RAW,1055509801,SERVO_OUTPUT_RAW,0,0,0,0,0,0,0,0,1000,1000,1000,1000,0,0,0,0,0
2025-12-15 00:51:40.385,SERVO_OUTPUT_RAW,1055609855,SERVO_OUTPUT_RAW,0,0,0,0,0,0,0,0,1000,1000,1000,1000,0,0,0,0,0
2025-12-15 00:51:40.485,SERVO_OUTPUT_RAW,1055709839,SERVO_OUTPUT_RAW,0,0,0,0,0,0,0,0,1000,1000,1000,1000,0,0,0,0,0
2025-12-15 00:51:40.585,SERVO_OUTPUT_RAW,1055809777,SERVO_OUTPUT_RAW,0,0,0,0,0,0,0,0,1000,1000,1000,1000,0,0,0,0,0
2025-12-15 00:51:40.685,SERVO_OUTPUT_RAW,1055909804,SERVO_OUTPUT_RAW,0,0,0,0,0,0,0,0,1000,1000,1000,1000,0,0,0,0,0
2025-12-15 00:51:40.786,SERVO_OUTPUT_RAW,1056009830,SERVO_OUTPUT_RAW,0,0,0,0,0,0,0,0,1000,1000,1000,1000,0,0,0,0,0
2025-12-15 00:51:40.886,SERVO_OUTPUT_RAW,1056109806,SERVO_OUTPUT_RAW,0,0,0,0,0,0,0,0,1000,1000,1000,1000,0,0,0,0,0
2025-12-15 00:51:40.986,SERVO_OUTPUT_RAW,1056209788,SERVO_OUTPUT_RAW,0,0,0,0,0,0,0,0,1000,1000,1000,1000,0,0,0,0,0
2025-12-15 00:51:41.086,SERVO_OUTPUT_RAW,1056309800,SERVO_OUTPUT_RAW,0,0,0,0,0,0,0,0,1000,1000,1000,1000,0,0,0,0,0
2025-12-15 00:51:41.186,SERVO_OUTPUT_RAW,1056409799,SERVO_OUTPUT_RAW,0,0,0,0,0,0,0,0,1000,1000,1000,1000,0,0,0,0,0
2025-12-15 00:51:41.286,SERVO_OUTPUT_RAW,1056509786,SERVO_OUTPUT_RAW,0,0,0,0,0,0,0,0,1000,1000,1000,1000,0,0,0,0,0
2025-12-15 00:51:41.386,SERVO_OUTPUT_RAW,1056612149,SERVO_OUTPUT_RAW,0,0,0,0,0,0,0,0,1000,1000,1000,1000,0,0,0,0,0
2025-12-15 00:51:41.486,SERVO_OUTPUT_RAW,1056709801,SERVO_OUTPUT_RAW,0,0,0,0,0,0,0,0,1000,1000,1000,1000,0,0,0,0,0
2025-12-15 00:51:41.586,SERVO_OUTPUT_RAW,1056809835,SERVO_OUTPUT_RAW,0,0,0,0,0,0,0,0,1000,1000,1000,1000,0,0,0,0,0
2025-12-15 00:51:41.686,SERVO_OUTPUT_RAW,1056909870,SERVO_OUTPUT_RAW,0,0,0,0,0,0,0,0,1000,1000,1000,1000,0,0,0,0,0
2025-12-15 00:51:41.786,SERVO_OUTPUT_RAW,1057009778,SERVO_OUTPUT_RAW,0,0,0,0,0,0,0,0,1000,1000,1000,1000,0,0,0,0,0
2025-12-15 00:51:41.886,SERVO_OUTPUT_RAW,1057109806,SERVO_OUTPUT_RAW,0,0,0,0,0,0,0,0,1000,1000,1000,1000,0,0,0,0,0
2025-12-15 00:51:41.986,SERVO_OUTPUT_RAW,1057212073,SERVO_OUTPUT_RAW,0,0,0,0,0,0,0,0,1000,1000,1000,1000,0,0,0,0,0
2025-12-15 00:51:42.086,SERVO_OUTPUT_RAW,1057309841,SERVO_OUTPUT_RAW,0,0,0,0,0,0,0,0,1000,1000,1000,1000,0,0,0,0,0
2025-12-15 00:51:42.186,SERVO_OUTPUT_RAW,1057409797,SERVO_OUTPUT_RAW,0,0,0,0,0,0,0,0,1000,1000,1000,1000,0,0,0,0,0
2025-12-15 00:51:42.286,SERVO_OUTPUT_RAW,1057509812,SERVO_OUTPUT_RAW,0,0,0,0,0,0,0,0,1000,1000,1000,1000,0,0,0,0,0
2025-12-15 00:51:42.388,SERVO_OUTPUT_RAW,1057609818,SERVO_OUTPUT_RAW,0,0,0,0,0,0,0,0,1000,1000,1000,1000,0,0,0,0,0
2025-12-15 00:51:42.485,SERVO_OUTPUT_RAW,1057709835,SERVO_OUTPUT_RAW,0,0,0,0,0,0,0,0,1000,1000,1000,1000,0,0,0,0,0
2025-12-15 00:51:42.585,SERVO_OUTPUT_RAW,1057809780,SERVO_OUTPUT_RAW,0,0,0,0,0,0,0,0,1000,1000,1000,1000,0,0,0,0,0
2025-12-15 00:51:42.686,SERVO_OUTPUT_RAW,1057909809,SERVO_OUTPUT_RAW,0,0,0,0,0,0,0,0,1000,1000,1000,1000,0,0,0,0,0
2025-12-15 00:51:42.786,SERVO_OUTPUT_RAW,1058009791,SERVO_OUTPUT_RAW,0,0,0,0,0,0,0,0,1000,1000,1000,1000,0,0,0,0,0
2025-12-15 00:51:42.886,SERVO_OUTPUT_RAW,1058109784,SERVO_OUTPUT_RAW,0,0,0,0,0,0,0,0,1000,1000,1000,1000,0,0,0,0,0
2025-12-15 00:51:42.985,SERVO_OUTPUT_RAW,1058209791,SERVO_OUTPUT_RAW,0,0,0,0,0,0,0,0,1000,1000,1000,1000,0,0,0,0,0
2025-12-15 00:51:43.085,SERVO_OUTPUT_RAW,1058309830,SERVO_OUTPUT_RAW,0,0,0,0,0,0,0,0,1000,1000,1000,1000,0,0,0,0,0
2025-12-15 00:51:43.185,SERVO_OUTPUT_RAW,1058409828,SERVO_OUTPUT_RAW,0,0,0,0,0,0,0,0,1000,1000,1000,1000,0,0,0,0,0
2025-12-15 00:51:43.285,SERVO_OUTPUT_RAW,1058509801,SERVO_OUTPUT_RAW,0,0,0,0,0,0,0,0,1000,1000,1000,1000,0,0,0,0,0
2025-12-15 00:51:43.385,SERVO_OUTPUT_RAW,1058609831,SERVO_OUTPUT_RAW,0,0,0,0,0,0,0,0,1000,1000,1000,1000,0,0,0,0,0
2025-12-15 00:51:43.485,SERVO_OUTPUT_RAW,1058709824,SERVO_OUTPUT_RAW,0,0,0,0,0,0,0,0,1000,1000,1000,1000,0,0,0,0,0
2025-12-15 00:51:43.585,SERVO_OUTPUT_RAW,1058809843,SERVO_OUTPUT_RAW,0,0,0,0,0,0,0,0,1000,1000,1000,1000,0,0,0,0,0
2025-12-15 00:51:43.685,SERVO_OUTPUT_RAW,1058909858,SERVO_OUTPUT_RAW,0,0,0,0,0,0,0,0,1000,1000,1000,1000,0,0,0,0,0
2025-12-15 00:51:43.785,SERVO_OUTPUT_RAW,1059009787,SERVO_OUTPUT_RAW,0,0,0,0,0,0,0,0,1000,1000,1000,1000,0,0,0,0,0
2025-12-15 00:51:43.885,SERVO_OUTPUT_RAW,1059109806,SERVO_OUTPUT_RAW,0,0,0,0,0,0,0,0,1000,1000,1000,1000,0,0,0,0,0
2025-12-15 00:51:43.985,SERVO_OUTPUT_RAW,1059209802,SERVO_OUTPUT_RAW,0,0,0,0,0,0,0,0,1000,1000,1000,1000,0,0,0,0,0
2025-12-15 00:51:44.086,SERVO_OUTPUT_RAW,1059309878,SERVO_OUTPUT_RAW,0,0,0,0,0,0,0,0,1000,1000,1000,1000,0,0,0,0,0
2025-12-15 00:51:44.186,SERVO_OUTPUT_RAW,1059409781,SERVO_OUTPUT_RAW,0,0,0,0,0,0,0,0,1000,1000,1000,1000,0,0,0,0,0
2025-12-15 00:51:44.285,SERVO_OUTPUT_RAW,1059509820,SERVO_OUTPUT_RAW,0,0,0,0,0,0,0,0,1000,1000,1000,1000,0,0,0,0,0
2025-12-15 00:51:44.385,SERVO_OUTPUT_RAW,1059609783,SERVO_OUTPUT_RAW,0,0,0,0,0,0,0,0,1000,1000,1000,1000,0,0,0,0,0
2025-12-15 00:51:44.485,SERVO_OUTPUT_RAW,1059709791,SERVO_OUTPUT_RAW,0,0,0,0,0,0,0,0,1000,1000,1000,1000,0,0,0,0,0
2025-12-15 00:51:44.585,SERVO_OUTPUT_RAW,1059809839,SERVO_OUTPUT_RAW,0,0,0,0,0,0,0,0,1000,1000,1000,1000,0,0,0,0,0
2025-12-15 00:51:44.685,SERVO_OUTPUT_RAW,1059909845,SERVO_OUTPUT_RAW,0,0,0,0,0,0,0,0,1000,1000,1000,1000,0,0,0,0,0
2025-12-15 00:51:44.785,SERVO_OUTPUT_RAW,1060009846,SERVO_OUTPUT_RAW,0,0,0,0,0,0,0,0,1000,1000,1000,1000,0,0,0,0,0
2025-12-15 00:51:44.885,SERVO_OUTPUT_RAW,1060109798,SERVO_OUTPUT_RAW,0,0,0,0,0,0,0,0,1000,1000,1000,1000,0,0,0,0,0
2025-12-15 00:51:44.985,SERVO_OUTPUT_RAW,1060209801,SERVO_OUTPUT_RAW,0,0,0,0,0,0,0,0,1000,1000,1000,1000,0,0,0,0,0
2025-12-15 00:51:45.085,SERVO_OUTPUT_RAW,1060309834,SERVO_OUTPUT_RAW,0,0,0,0,0,0,0,0,1000,1000,1000,1000,0,0,0,0,0
2025-12-15 00:51:45.185,SERVO_OUTPUT_RAW,1060409899,SERVO_OUTPUT_RAW,0,0,0,0,0,0,0,0,1000,1000,1000,1000,0,0,0,0,0
2025-12-15 00:51:45.285,SERVO_OUTPUT_RAW,1060509781,SERVO_OUTPUT_RAW,0,0,0,0,0,0,0,0,1000,1000,1000,1000,0,0,0,0,0
2025-12-15 00:51:45.385,SERVO_OUTPUT_RAW,1060609800,SERVO_OUTPUT_RAW,0,0,0,0,0,0,0,0,1000,1000,1000,1000,0,0,0,0,0
2025-12-15 00:51:45.485,SERVO_OUTPUT_RAW,1060709816,SERVO_OUTPUT_RAW,0,0,0,0,0,0,0,0,1000,1000,1000,1000,0,0,0,0,0
2025-12-15 00:51:45.585,SERVO_OUTPUT_RAW,1060809824,SERVO_OUTPUT_RAW,0,0,0,0,0,0,0,0,1000,1000,1000,1000,0,0,0,0,0
2025-12-15 00:51:45.685,SERVO_OUTPUT_RAW,1060909800,SERVO_OUTPUT_RAW,0,0,0,0,0,0,0,0,1000,1000,1000,1000,0,0,0,0,0
2025-12-15 00:51:45.785,SERVO_OUTPUT_RAW,1061009793,SERVO_OUTPUT_RAW,0,0,0,0,0,0,0,0,1000,1000,1000,1000,0,0,0,0,0
2025-12-15 00:51:45.885,SERVO_OUTPUT_RAW,1061109794,SERVO_OUTPUT_RAW,0,0,0,0,0,0,0,0,1000,1000,1000,1000,0,0,0,0,0
2025-12-15 00:51:45.985,SERVO_OUTPUT_RAW,1061209787,SERVO_OUTPUT_RAW,0,0,0,0,0,0,0,0,1000,1000,1000,1000,0,0,0,0,0
2025-12-15 00:51:46.085,SERVO_OUTPUT_RAW,1061309803,SERVO_OUTPUT_RAW,0,0,0,0,0,0,0,0,1000,1000,1000,1000,0,0,0,0,0
2025-12-15 00:51:46.186,SERVO_OUTPUT_RAW,1061412196,SERVO_OUTPUT_RAW,0,0,0,0,0,0,0,0,1000,1000,1000,1000,0,0,0,0,0
2025-12-15 00:51:46.286,SERVO_OUTPUT_RAW,1061509813,SERVO_OUTPUT_RAW,0,0,0,0,0,0,0,0,1000,1000,1000,1000,0,0,0,0,0
2025-12-15 00:51:46.385,SERVO_OUTPUT_RAW,1061609790,SERVO_OUTPUT_RAW,0,0,0,0,0,0,0,0,1000,1000,1000,1000,0,0,0,0,0
2025-12-15 00:51:46.485,SERVO_OUTPUT_RAW,1061709782,SERVO_OUTPUT_RAW,0,0,0,0,0,0,0,0,1000,1000,1000,1000,0,0,0,0,0
2025-12-15 00:51:46.586,SERVO_OUTPUT_RAW,1061809822,SERVO_OUTPUT_RAW,0,0,0,0,0,0,0,0,1000,1000,1000,1000,0,0,0,0,0
2025-12-15 00:51:46.685,SERVO_OUTPUT_RAW,1061909849,SERVO_OUTPUT_RAW,0,0,0,0,0,0,0,0,1000,1000,1000,1000,0,0,0,0,0
2025-12-15 00:51:46.785,SERVO_OUTPUT_RAW,1062009844,SERVO_OUTPUT_RAW,0,0,0,0,0,0,0,0,1000,1000,1000,1000,0,0,0,0,0
2025-12-15 00:51:46.885,SERVO_OUTPUT_RAW,1062109789,SERVO_OUTPUT_RAW,0,0,0,0,0,0,0,0,1000,1000,1000,1000,0,0,0,0,0
2025-12-15 00:51:46.985,SERVO_OUTPUT_RAW,1062209822,SERVO_OUTPUT_RAW,0,0,0,0,0,0,0,0,1000,1000,1000,1000,0,0,0,0,0
2025-12-15 00:51:47.085,SERVO_OUTPUT_RAW,1062309818,SERVO_OUTPUT_RAW,0,0,0,0,0,0,0,0,1000,1000,1000,1000,0,0,0,0,0
2025-12-15 00:51:47.185,SERVO_OUTPUT_RAW,1062409835,SERVO_OUTPUT_RAW,0,0,0,0,0,0,0,0,1000,1000,1000,1000,0,0,0,0,0
2025-12-15 00:51:47.285,SERVO_OUTPUT_RAW,1062509785,SERVO_OUTPUT_RAW,0,0,0,0,0,0,0,0,1000,1000,1000,1000,0,0,0,0,0
2025-12-15 00:51:47.391,SERVO_OUTPUT_RAW,1062609787,SERVO_OUTPUT_RAW,0,0,0,0,0,0,0,0,1000,1000,1000,1000,0,0,0,0,0
2025-12-15 00:51:47.486,SERVO_OUTPUT_RAW,1062709795,SERVO_OUTPUT_RAW,0,0,0,0,0,0,0,0,1000,1000,1000,1000,0,0,0,0,0
2025-12-15 00:51:47.585,SERVO_OUTPUT_RAW,1062809785,SERVO_OUTPUT_RAW,0,0,0,0,0,0,0,0,1000,1000,1000,1000,0,0,0,0,0
2025-12-15 00:51:47.686,SERVO_OUTPUT_RAW,1062909794,SERVO_OUTPUT_RAW,0,0,0,0,0,0,0,0,1000,1000,1000,1000,0,0,0,0,0
2025-12-15 00:51:47.786,SERVO_OUTPUT_RAW,1063009821,SERVO_OUTPUT_RAW,0,0,0,0,0,0,0,0,1000,1000,1000,1000,0,0,0,0,0
2025-12-15 00:51:47.886,SERVO_OUTPUT_RAW,1063112152,SERVO_OUTPUT_RAW,0,0,0,0,0,0,0,0,1000,1000,1000,1000,0,0,0,0,0
2025-12-15 00:51:47.985,SERVO_OUTPUT_RAW,1063209804,SERVO_OUTPUT_RAW,0,0,0,0,0,0,0,0,1000,1000,1000,1000,0,0,0,0,0
2025-12-15 00:51:48.085,SERVO_OUTPUT_RAW,1063309828,SERVO_OUTPUT_RAW,0,0,0,0,0,0,0,0,1000,1000,1000,1000,0,0,0,0,0
2025-12-15 00:51:48.185,SERVO_OUTPUT_RAW,1063409823,SERVO_OUTPUT_RAW,0,0,0,0,0,0,0,0,1000,1000,1000,1000,0,0,0,0,0
2025-12-15 00:51:48.286,SERVO_OUTPUT_RAW,1063512079,SERVO_OUTPUT_RAW,0,0,0,0,0,0,0,0,1000,1000,1000,1000,0,0,0,0,0
2025-12-15 00:51:48.385,SERVO_OUTPUT_RAW,1063609842,SERVO_OUTPUT_RAW,0,0,0,0,0,0,0,0,1000,1000,1000,1000,0,0,0,0,0
2025-12-15 00:51:48.486,SERVO_OUTPUT_RAW,1063709788,SERVO_OUTPUT_RAW,0,0,0,0,0,0,0,0,1000,1000,1000,1000,0,0,0,0,0
2025-12-15 00:51:48.586,SERVO_OUTPUT_RAW,1063809826,SERVO_OUTPUT_RAW,0,0,0,0,0,0,0,0,1000,1000,1000,1000,0,0,0,0,0
2025-12-15 00:51:48.686,SERVO_OUTPUT_RAW,1063909803,SERVO_OUTPUT_RAW,0,0,0,0,0,0,0,0,1000,1000,1000,1000,0,0,0,0,0
2025-12-15 00:51:48.786,SERVO_OUTPUT_RAW,1064009790,SERVO_OUTPUT_RAW,0,0,0,0,0,0,0,0,1000,1000,1000,1000,0,0,0,0,0
2025-12-15 00:51:48.886,SERVO_OUTPUT_RAW,1064109788,SERVO_OUTPUT_RAW,0,0,0,0,0,0,0,0,1000,1000,1000,1000,0,0,0,0,0
2025-12-15 00:51:48.986,SERVO_OUTPUT_RAW,1064209791,SERVO_OUTPUT_RAW,0,0,0,0,0,0,0,0,1000,1000,1000,1000,0,0,0,0,0
2025-12-15 00:51:49.086,SERVO_OUTPUT_RAW,1064309790,SERVO_OUTPUT_RAW,0,0,0,0,0,0,0,0,1000,1000,1000,1000,0,0,0,0,0
2025-12-15 00:51:49.186,SERVO_OUTPUT_RAW,1064409799,SERVO_OUTPUT_RAW,0,0,0,0,0,0,0,0,1000,1000,1000,1000,0,0,0,0,0
2025-12-15 00:51:49.286,SERVO_OUTPUT_RAW,1064509822,SERVO_OUTPUT_RAW,0,0,0,0,0,0,0,0,1000,1000,1000,1000,0,0,0,0,0
2025-12-15 00:51:49.386,SERVO_OUTPUT_RAW,1064609836,SERVO_OUTPUT_RAW,0,0,0,0,0,0,0,0,1000,1000,1000,1000,0,0,0,0,0
2025-12-15 00:51:49.486,SERVO_OUTPUT_RAW,1064709858,SERVO_OUTPUT_RAW,0,0,0,0,0,0,0,0,1000,1000,1000,1000,0,0,0,0,0
2025-12-15 00:51:49.586,SERVO_OUTPUT_RAW,1064809809,SERVO_OUTPUT_RAW,0,0,0,0,0,0,0,0,1000,1000,1000,1000,0,0,0,0,0
2025-12-15 00:51:49.686,SERVO_OUTPUT_RAW,1064909827,SERVO_OUTPUT_RAW,0,0,0,0,0,0,0,0,1000,1000,1000,1000,0,0,0,0,0
2025-12-15 00:51:49.786,SERVO_OUTPUT_RAW,1065009828,SERVO_OUTPUT_RAW,0,0,0,0,0,0,0,0,1000,1000,1000,1000,0,0,0,0,0
2025-12-15 00:51:49.887,SERVO_OUTPUT_RAW,1065109829,SERVO_OUTPUT_RAW,0,0,0,0,0,0,0,0,1000,1000,1000,1000,0,0,0,0,0
2025-12-15 00:51:49.986,SERVO_OUTPUT_RAW,1065209785,SERVO_OUTPUT_RAW,0,0,0,0,0,0,0,0,1000,1000,1000,1000,0,0,0,0,0
2025-12-15 00:51:50.086,SERVO_OUTPUT_RAW,1065309826,SERVO_OUTPUT_RAW,0,0,0,0,0,0,0,0,1000,1000,1000,1000,0,0,0,0,0
2025-12-15 00:51:50.186,SERVO_OUTPUT_RAW,1065409816,SERVO_OUTPUT_RAW,0,0,0,0,0,0,0,0,1000,1000,1000,1000,0,0,0,0,0
2025-12-15 00:51:50.286,SERVO_OUTPUT_RAW,1065509824,SERVO_OUTPUT_RAW,0,0,0,0,0,0,0,0,1000,1000,1000,1000,0,0,0,0,0
2025-12-15 00:51:50.386,SERVO_OUTPUT_RAW,1065609884,SERVO_OUTPUT_RAW,0,0,0,0,0,0,0,0,1000,1000,1000,1000,0,0,0,0,0
2025-12-15 00:51:50.486,SERVO_OUTPUT_RAW,1065709797,SERVO_OUTPUT_RAW,0,0,0,0,0,0,0,0,1000,1000,1000,1000,0,0,0,0,0
2025-12-15 00:51:50.586,SERVO_OUTPUT_RAW,1065809812,SERVO_OUTPUT_RAW,0,0,0,0,0,0,0,0,1000,1000,1000,1000,0,0,0,0,0
2025-12-15 00:51:50.686,SERVO_OUTPUT_RAW,1065909778,SERVO_OUTPUT_RAW,0,0,0,0,0,0,0,0,1000,1000,1000,1000,0,0,0,0,0
2025-12-15 00:51:50.786,SERVO_OUTPUT_RAW,1066009784,SERVO_OUTPUT_RAW,0,0,0,0,0,0,0,0,1000,1000,1000,1000,0,0,0,0,0
2025-12-15 00:51:50.886,SERVO_OUTPUT_RAW,1066109807,SERVO_OUTPUT_RAW,0,0,0,0,0,0,0,0,1000,1000,1000,1000,0,0,0,0,0
2025-12-15 00:51:50.986,SERVO_OUTPUT_RAW,1066209793,SERVO_OUTPUT_RAW,0,0,0,0,0,0,0,0,1000,1000,1000,1000,0,0,0,0,0
2025-12-15 00:51:51.086,SERVO_OUTPUT_RAW,1066309868,SERVO_OUTPUT_RAW,0,0,0,0,0,0,0,0,1000,1000,1000,1000,0,0,0,0,0
2025-12-15 00:51:51.186,SERVO_OUTPUT_RAW,1066409786,SERVO_OUTPUT_RAW,0,0,0,0,0,0,0,0,1000,1000,1000,1000,0,0,0,0,0
2025-12-15 00:51:51.286,SERVO_OUTPUT_RAW,1066509831,SERVO_OUTPUT_RAW,0,0,0,0,0,0,0,0,1000,1000,1000,1000,0,0,0,0,0
2025-12-15 00:51:51.386,SERVO_OUTPUT_RAW,1066609854,SERVO_OUTPUT_RAW,0,0,0,0,0,0,0,0,1000,1000,1000,1000,0,0,0,0,0
2025-12-15 00:51:51.486,SERVO_OUTPUT_RAW,1066709859,SERVO_OUTPUT_RAW,0,0,0,0,0,0,0,0,1000,1000,1000,1000,0,0,0,0,0
2025-12-15 00:51:51.586,SERVO_OUTPUT_RAW,1066809800,SERVO_OUTPUT_RAW,0,0,0,0,0,0,0,0,1000,1000,1000,1000,0,0,0,0,0
2025-12-15 00:51:51.686,SERVO_OUTPUT_RAW,1066909808,SERVO_OUTPUT_RAW,0,0,0,0,0,0,0,0,1000,1000,1000,1000,0,0,0,0,0
2025-12-15 00:51:51.786,SERVO_OUTPUT_RAW,1067009811,SERVO_OUTPUT_RAW,0,0,0,0,0,0,0,0,1000,1000,1000,1000,0,0,0,0,0
2025-12-15 00:51:51.886,SERVO_OUTPUT_RAW,1067109788,SERVO_OUTPUT_RAW,0,0,0,0,0,0,0,0,1000,1000,1000,1000,0,0,0,0,0
2025-12-15 00:51:51.987,SERVO_OUTPUT_RAW,1067209777,SERVO_OUTPUT_RAW,0,0,0,0,0,0,0,0,1000,1000,1000,1000,0,0,0,0,0
2025-12-15 00:51:52.086,SERVO_OUTPUT_RAW,1067309792,SERVO_OUTPUT_RAW,0,0,0,0,0,0,0,0,1000,1000,1000,1000,0,0,0,0,0
2025-12-15 00:51:52.186,SERVO_OUTPUT_RAW,1067409779,SERVO_OUTPUT_RAW,0,0,0,0,0,0,0,0,1000,1000,1000,1000,0,0,0,0,0
2025-12-15 00:51:52.286,SERVO_OUTPUT_RAW,1067509773,SERVO_OUTPUT_RAW,0,0,0,0,0,0,0,0,1000,1000,1000,1000,0,0,0,0,0
2025-12-15 00:51:52.386,SERVO_OUTPUT_RAW,1067609838,SERVO_OUTPUT_RAW,0,0,0,0,0,0,0,0,1000,1000,1000,1000,0,0,0,0,0
2025-12-15 00:51:52.487,SERVO_OUTPUT_RAW,1067712165,SERVO_OUTPUT_RAW,0,0,0,0,0,0,0,0,1000,1000,1000,1000,0,0,0,0,0
2025-12-15 00:51:52.585,SERVO_OUTPUT_RAW,1067809852,SERVO_OUTPUT_RAW,0,0,0,0,0,0,0,0,1000,1000,1000,1000,0,0,0,0,0
2025-12-15 00:51:52.686,SERVO_OUTPUT_RAW,1067909787,SERVO_OUTPUT_RAW,0,0,0,0,0,0,0,0,1000,1000,1000,1000,0,0,0,0,0
2025-12-15 00:51:52.787,SERVO_OUTPUT_RAW,1068009805,SERVO_OUTPUT_RAW,0,0,0,0,0,0,0,0,1000,1000,1000,1000,0,0,0,0,0
2025-12-15 00:51:52.886,SERVO_OUTPUT_RAW,1068109826,SERVO_OUTPUT_RAW,0,0,0,0,0,0,0,0,1000,1000,1000,1000,0,0,0,0,0
2025-12-15 00:51:52.986,SERVO_OUTPUT_RAW,1068209877,SERVO_OUTPUT_RAW,0,0,0,0,0,0,0,0,1000,1000,1000,1000,0,0,0,0,0
2025-12-15 00:51:53.086,SERVO_OUTPUT_RAW,1068309789,SERVO_OUTPUT_RAW,0,0,0,0,0,0,0,0,1000,1000,1000,1000,0,0,0,0,0
2025-12-15 00:51:53.185,SERVO_OUTPUT_RAW,1068409795,SERVO_OUTPUT_RAW,0,0,0,0,0,0,0,0,1000,1000,1000,1000,0,0,0,0,0
2025-12-15 00:51:53.287,SERVO_OUTPUT_RAW,1068509830,SERVO_OUTPUT_RAW,0,0,0,0,0,0,0,0,1000,1000,1000,1000,0,0,0,0,0
2025-12-15 00:51:53.386,SERVO_OUTPUT_RAW,1068609789,SERVO_OUTPUT_RAW,0,0,0,0,0,0,0,0,1000,1000,1000,1000,0,0,0,0,0
2025-12-15 00:51:53.486,SERVO_OUTPUT_RAW,1068709790,SERVO_OUTPUT_RAW,0,0,0,0,0,0,0,0,1000,1000,1000,1000,0,0,0,0,0
2025-12-15 00:51:53.585,SERVO_OUTPUT_RAW,1068809806,SERVO_OUTPUT_RAW,0,0,0,0,0,0,0,0,1000,1000,1000,1000,0,0,0,0,0
2025-12-15 00:51:53.685,SERVO_OUTPUT_RAW,1068909785,SERVO_OUTPUT_RAW,0,0,0,0,0,0,0,0,1000,1000,1000,1000,0,0,0,0,0
2025-12-15 00:51:53.785,SERVO_OUTPUT_RAW,1069009789,SERVO_OUTPUT_RAW,0,0,0,0,0,0,0,0,1000,1000,1000,1000,0,0,0,0,0
2025-12-15 00:51:53.885,SERVO_OUTPUT_RAW,1069109788,SERVO_OUTPUT_RAW,0,0,0,0,0,0,0,0,1000,1000,1000,1000,0,0,0,0,0
2025-12-15 00:51:53.985,SERVO_OUTPUT_RAW,1069209822,SERVO_OUTPUT_RAW,0,0,0,0,0,0,0,0,1000,1000,1000,1000,0,0,0,0,0
2025-12-15 00:51:54.086,SERVO_OUTPUT_RAW,1069309789,SERVO_OUTPUT_RAW,0,0,0,0,0,0,0,0,1000,1000,1000,1000,0,0,0,0,0
2025-12-15 00:51:54.185,SERVO_OUTPUT_RAW,1069412147,SERVO_OUTPUT_RAW,0,0,0,0,0,0,0,0,1000,1000,1000,1000,0,0,0,0,0
2025-12-15 00:51:54.285,SERVO_OUTPUT_RAW,1069509811,SERVO_OUTPUT_RAW,0,0,0,0,0,0,0,0,1000,1000,1000,1000,0,0,0,0,0
2025-12-15 00:51:54.385,SERVO_OUTPUT_RAW,1069609819,SERVO_OUTPUT_RAW,0,0,0,0,0,0,0,0,1000,1000,1000,1000,0,0,0,0,0
2025-12-15 00:51:54.486,SERVO_OUTPUT_RAW,1069709830,SERVO_OUTPUT_RAW,0,0,0,0,0,0,0,0,1000,1000,1000,1000,0,0,0,0,0
2025-12-15 00:51:54.585,SERVO_OUTPUT_RAW,1069812040,SERVO_OUTPUT_RAW,0,0,0,0,0,0,0,0,1000,1000,1000,1000,0,0,0,0,0
2025-12-15 00:51:54.685,SERVO_OUTPUT_RAW,1069909780,SERVO_OUTPUT_RAW,0,0,0,0,0,0,0,0,1000,1000,1000,1000,0,0,0,0,0
2025-12-15 00:51:54.786,SERVO_OUTPUT_RAW,1070009816,SERVO_OUTPUT_RAW,0,0,0,0,0,0,0,0,1000,1000,1000,1000,0,0,0,0,0
2025-12-15 00:51:54.887,SERVO_OUTPUT_RAW,1070109817,SERVO_OUTPUT_RAW,0,0,0,0,0,0,0,0,1000,1000,1000,1000,0,0,0,0,0
2025-12-15 00:51:54.985,SERVO_OUTPUT_RAW,1070209785,SERVO_OUTPUT_RAW,0,0,0,0,0,0,0,0,1000,1000,1000,1000,0,0,0,0,0
2025-12-15 00:51:55.086,SERVO_OUTPUT_RAW,1070309811,SERVO_OUTPUT_RAW,0,0,0,0,0,0,0,0,1000,1000,1000,1000,0,0,0,0,0
2025-12-15 00:51:55.185,SERVO_OUTPUT_RAW,1070409788,SERVO_OUTPUT_RAW,0,0,0,0,0,0,0,0,1000,1000,1000,1000,0,0,0,0,0
2025-12-15 00:51:55.285,SERVO_OUTPUT_RAW,1070509787,SERVO_OUTPUT_RAW,0,0,0,0,0,0,0,0,1000,1000,1000,1000,0,0,0,0,0
2025-12-15 00:51:55.385,SERVO_OUTPUT_RAW,1070609779,SERVO_OUTPUT_RAW,0,0,0,0,0,0,0,0,1000,1000,1000,1000,0,0,0,0,0
2025-12-15 00:51:55.486,SERVO_OUTPUT_RAW,1070709802,SERVO_OUTPUT_RAW,0,0,0,0,0,0,0,0,1000,1000,1000,1000,0,0,0,0,0
2025-12-15 00:51:55.586,SERVO_OUTPUT_RAW,1070809833,SERVO_OUTPUT_RAW,0,0,0,0,0,0,0,0,1000,1000,1000,1000,0,0,0,0,0
2025-12-15 00:51:55.685,SERVO_OUTPUT_RAW,1070909834,SERVO_OUTPUT_RAW,0,0,0,0,0,0,0,0,1000,1000,1000,1000,0,0,0,0,0
2025-12-15 00:51:55.785,SERVO_OUTPUT_RAW,1071009798,SERVO_OUTPUT_RAW,0,0,0,0,0,0,0,0,1000,1000,1000,1000,0,0,0,0,0
2025-12-15 00:51:55.886,SERVO_OUTPUT_RAW,1071109903,SERVO_OUTPUT_RAW,0,0,0,0,0,0,0,0,1000,1000,1000,1000,0,0,0,0,0
2025-12-15 00:51:55.986,SERVO_OUTPUT_RAW,1071209836,SERVO_OUTPUT_RAW,0,0,0,0,0,0,0,0,1000,1000,1000,1000,0,0,0,0,0
2025-12-15 00:51:56.086,SERVO_OUTPUT_RAW,1071309853,SERVO_OUTPUT_RAW,0,0,0,0,0,0,0,0,1000,1000,1000,1000,0,0,0,0,0
2025-12-15 00:51:56.186,SERVO_OUTPUT_RAW,1071409827,SERVO_OUTPUT_RAW,0,0,0,0,0,0,0,0,1000,1000,1000,1000,0,0,0,0,0
2025-12-15 00:51:56.286,SERVO_OUTPUT_RAW,1071509786,SERVO_OUTPUT_RAW,0,0,0,0,0,0,0,0,1000,1000,1000,1000,0,0,0,0,0
2025-12-15 00:51:56.386,SERVO_OUTPUT_RAW,1071609805,SERVO_OUTPUT_RAW,0,0,0,0,0,0,0,0,1000,1000,1000,1000,0,0,0,0,0
2025-12-15 00:51:56.486,SERVO_OUTPUT_RAW,1071709811,SERVO_OUTPUT_RAW,0,0,0,0,0,0,0,0,1000,1000,1000,1000,0,0,0,0,0
2025-12-15 00:51:56.586,SERVO_OUTPUT_RAW,1071809783,SERVO_OUTPUT_RAW,0,0,0,0,0,0,0,0,1000,1000,1000,1000,0,0,0,0,0
2025-12-15 00:51:56.686,SERVO_OUTPUT_RAW,1071909884,SERVO_OUTPUT_RAW,0,0,0,0,0,0,0,0,1000,1000,1000,1000,0,0,0,0,0
2025-12-15 00:51:56.786,SERVO_OUTPUT_RAW,1072009796,SERVO_OUTPUT_RAW,0,0,0,0,0,0,0,0,1000,1000,1000,1000,0,0,0,0,0
2025-12-15 00:51:56.886,SERVO_OUTPUT_RAW,1072109811,SERVO_OUTPUT_RAW,0,0,0,0,0,0,0,0,1000,1000,1000,1000,0,0,0,0,0
2025-12-15 00:51:56.986,SERVO_OUTPUT_RAW,1072209790,SERVO_OUTPUT_RAW,0,0,0,0,0,0,0,0,1000,1000,1000,1000,0,0,0,0,0
2025-12-15 00:51:57.086,SERVO_OUTPUT_RAW,1072309829,SERVO_OUTPUT_RAW,0,0,0,0,0,0,0,0,1000,1000,1000,1000,0,0,0,0,0
2025-12-15 00:51:57.186,SERVO_OUTPUT_RAW,1072409837,SERVO_OUTPUT_RAW,0,0,0,0,0,0,0,0,1000,1000,1000,1000,0,0,0,0,0
2025-12-15 00:51:57.286,SERVO_OUTPUT_RAW,1072509849,SERVO_OUTPUT_RAW,0,0,0,0,0,0,0,0,1000,1000,1000,1000,0,0,0,0,0
2025-12-15 00:51:57.388,SERVO_OUTPUT_RAW,1072609810,SERVO_OUTPUT_RAW,0,0,0,0,0,0,0,0,1000,1000,1000,1000,0,0,0,0,0
2025-12-15 00:51:57.487,SERVO_OUTPUT_RAW,1072709814,SERVO_OUTPUT_RAW,0,0,0,0,0,0,0,0,1000,1000,1000,1000,0,0,0,0,0
2025-12-15 00:51:57.585,SERVO_OUTPUT_RAW,1072809845,SERVO_OUTPUT_RAW,0,0,0,0,0,0,0,0,1000,1000,1000,1000,0,0,0,0,0
2025-12-15 00:51:57.686,SERVO_OUTPUT_RAW,1072909843,SERVO_OUTPUT_RAW,0,0,0,0,0,0,0,0,1000,1000,1000,1000,0,0,0,0,0
2025-12-15 00:51:57.786,SERVO_OUTPUT_RAW,1073009895,SERVO_OUTPUT_RAW,0,0,0,0,0,0,0,0,1000,1000,1000,1000,0,0,0,0,0
2025-12-15 00:51:57.886,SERVO_OUTPUT_RAW,1073109807,SERVO_OUTPUT_RAW,0,0,0,0,0,0,0,0,1000,1000,1000,1000,0,0,0,0,0
2025-12-15 00:51:57.986,SERVO_OUTPUT_RAW,1073209847,SERVO_OUTPUT_RAW,0,0,0,0,0,0,0,0,1000,1000,1000,1000,0,0,0,0,0
2025-12-15 00:51:58.086,SERVO_OUTPUT_RAW,1073309820,SERVO_OUTPUT_RAW,0,0,0,0,0,0,0,0,1000,1000,1000,1000,0,0,0,0,0
2025-12-15 00:51:58.186,SERVO_OUTPUT_RAW,1073409791,SERVO_OUTPUT_RAW,0,0,0,0,0,0,0,0,1000,1000,1000,1000,0,0,0,0,0
2025-12-15 00:51:58.286,SERVO_OUTPUT_RAW,1073509785,SERVO_OUTPUT_RAW,0,0,0,0,0,0,0,0,1000,1000,1000,1000,0,0,0,0,0
2025-12-15 00:51:58.386,SERVO_OUTPUT_RAW,1073609791,SERVO_OUTPUT_RAW,0,0,0,0,0,0,0,0,1000,1000,1000,1000,0,0,0,0,0
2025-12-15 00:51:58.486,SERVO_OUTPUT_RAW,1073709780,SERVO_OUTPUT_RAW,0,0,0,0,0,0,0,0,1000,1000,1000,1000,0,0,0,0,0
2025-12-15 00:51:58.586,SERVO_OUTPUT_RAW,1073809792,SERVO_OUTPUT_RAW,0,0,0,0,0,0,0,0,1000,1000,1000,1000,0,0,0,0,0
2025-12-15 00:51:58.686,SERVO_OUTPUT_RAW,1073909821,SERVO_OUTPUT_RAW,0,0,0,0,0,0,0,0,1000,1000,1000,1000,0,0,0,0,0
2025-12-15 00:51:58.786,SERVO_OUTPUT_RAW,1074012169,SERVO_OUTPUT_RAW,0,0,0,0,0,0,0,0,1000,1000,1000,1000,0,0,0,0,0
2025-12-15 00:51:58.886,SERVO_OUTPUT_RAW,1074109780,SERVO_OUTPUT_RAW,0,0,0,0,0,0,0,0,1000,1000,1000,1000,0,0,0,0,0
2025-12-15 00:51:58.986,SERVO_OUTPUT_RAW,1074209795,SERVO_OUTPUT_RAW,0,0,0,0,0,0,0,0,1000,1000,1000,1000,0,0,0,0,0
2025-12-15 00:51:59.086,SERVO_OUTPUT_RAW,1074309836,SERVO_OUTPUT_RAW,0,0,0,0,0,0,0,0,1000,1000,1000,1000,0,0,0,0,0
2025-12-15 00:51:59.186,SERVO_OUTPUT_RAW,1074409860,SERVO_OUTPUT_RAW,0,0,0,0,0,0,0,0,1000,1000,1000,1000,0,0,0,0,0
2025-12-15 00:51:59.286,SERVO_OUTPUT_RAW,1074509846,SERVO_OUTPUT_RAW,0,0,0,0,0,0,0,0,1000,1000,1000,1000,0,0,0,0,0
2025-12-15 00:51:59.386,SERVO_OUTPUT_RAW,1074609794,SERVO_OUTPUT_RAW,0,0,0,0,0,0,0,0,1000,1000,1000,1000,0,0,0,0,0
2025-12-15 00:51:59.486,SERVO_OUTPUT_RAW,1074709824,SERVO_OUTPUT_RAW,0,0,0,0,0,0,0,0,1000,1000,1000,1000,0,0,0,0,0
2025-12-15 00:51:59.586,SERVO_OUTPUT_RAW,1074809843,SERVO_OUTPUT_RAW,0,0,0,0,0,0,0,0,1000,1000,1000,1000,0,0,0,0,0
2025-12-15 00:51:59.686,SERVO_OUTPUT_RAW,1074909787,SERVO_OUTPUT_RAW,0,0,0,0,0,0,0,0,1000,1000,1000,1000,0,0,0,0,0
2025-12-15 00:51:59.786,SERVO_OUTPUT_RAW,1075009795,SERVO_OUTPUT_RAW,0,0,0,0,0,0,0,0,1000,1000,1000,1000,0,0,0,0,0
2025-12-15 00:51:59.886,SERVO_OUTPUT_RAW,1075109778,SERVO_OUTPUT_RAW,0,0,0,0,0,0,0,0,1000,1000,1000,1000,0,0,0,0,0
2025-12-15 00:51:59.986,SERVO_OUTPUT_RAW,1075209794,SERVO_OUTPUT_RAW,0,0,0,0,0,0,0,0,1000,1000,1000,1000,0,0,0,0,0
2025-12-15 00:52:00.086,SERVO_OUTPUT_RAW,1075309782,SERVO_OUTPUT_RAW,0,0,0,0,0,0,0,0,1000,1000,1000,1000,0,0,0,0,0
2025-12-15 00:52:00.186,SERVO_OUTPUT_RAW,1075409786,SERVO_OUTPUT_RAW,0,0,0,0,0,0,0,0,1000,1000,1000,1000,0,0,0,0,0
2025-12-15 00:52:00.287,SERVO_OUTPUT_RAW,1075509837,SERVO_OUTPUT_RAW,0,0,0,0,0,0,0,0,1000,1000,1000,1000,0,0,0,0,0
2025-12-15 00:52:00.386,SERVO_OUTPUT_RAW,1075609848,SERVO_OUTPUT_RAW,0,0,0,0,0,0,0,0,1000,1000,1000,1000,0,0,0,0,0
2025-12-15 00:52:00.486,SERVO_OUTPUT_RAW,1075712135,SERVO_OUTPUT_RAW,0,0,0,0,0,0,0,0,1000,1000,1000,1000,0,0,0,0,0
2025-12-15 00:52:00.586,SERVO_OUTPUT_RAW,1075809808,SERVO_OUTPUT_RAW,0,0,0,0,0,0,0,0,1000,1000,1000,1000,0,0,0,0,0
2025-12-15 00:52:00.686,SERVO_OUTPUT_RAW,1075909814,SERVO_OUTPUT_RAW,0,0,0,0,0,0,0,0,1000,1000,1000,1000,0,0,0,0,0
2025-12-15 00:52:00.786,SERVO_OUTPUT_RAW,1076009847,SERVO_OUTPUT_RAW,0,0,0,0,0,0,0,0,1000,1000,1000,1000,0,0,0,0,0
2025-12-15 00:52:00.886,SERVO_OUTPUT_RAW,1076109895,SERVO_OUTPUT_RAW,0,0,0,0,0,0,0,0,1000,1000,1000,1000,0,0,0,0,0
2025-12-15 00:52:00.987,SERVO_OUTPUT_RAW,1076209792,SERVO_OUTPUT_RAW,0,0,0,0,0,0,0,0,1000,1000,1000,1000,0,0,0,0,0
2025-12-15 00:52:01.086,SERVO_OUTPUT_RAW,1076309828,SERVO_OUTPUT_RAW,0,0,0,0,0,0,0,0,1000,1000,1000,1000,0,0,0,0,0
2025-12-15 00:52:01.186,SERVO_OUTPUT_RAW,1076409773,SERVO_OUTPUT_RAW,0,0,0,0,0,0,0,0,1000,1000,1000,1000,0,0,0,0,0
2025-12-15 00:52:01.286,SERVO_OUTPUT_RAW,1076509781,SERVO_OUTPUT_RAW,0,0,0,0,0,0,0,0,1000,1000,1000,1000,0,0,0,0,0
2025-12-15 00:52:01.386,SERVO_OUTPUT_RAW,1076609797,SERVO_OUTPUT_RAW,0,0,0,0,0,0,0,0,1000,1000,1000,1000,0,0,0,0,0
2025-12-15 00:52:01.486,SERVO_OUTPUT_RAW,1076709794,SERVO_OUTPUT_RAW,0,0,0,0,0,0,0,0,1000,1000,1000,1000,0,0,0,0,0
2025-12-15 00:52:01.586,SERVO_OUTPUT_RAW,1076809791,SERVO_OUTPUT_RAW,0,0,0,0,0,0,0,0,1000,1000,1000,1000,0,0,0,0,0
2025-12-15 00:52:01.686,SERVO_OUTPUT_RAW,1076909799,SERVO_OUTPUT_RAW,0,0,0,0,0,0,0,0,1000,1000,1000,1000,0,0,0,0,0
2025-12-15 00:52:01.786,SERVO_OUTPUT_RAW,1077009805,SERVO_OUTPUT_RAW,0,0,0,0,0,0,0,0,1000,1000,1000,1000,0,0,0,0,0
2025-12-15 00:52:01.886,SERVO_OUTPUT_RAW,1077109841,SERVO_OUTPUT_RAW,0,0,0,0,0,0,0,0,1000,1000,1000,1000,0,0,0,0,0
2025-12-15 00:52:01.987,SERVO_OUTPUT_RAW,1077209849,SERVO_OUTPUT_RAW,0,0,0,0,0,0,0,0,1000,1000,1000,1000,0,0,0,0,0
2025-12-15 00:52:02.086,SERVO_OUTPUT_RAW,1077309795,SERVO_OUTPUT_RAW,0,0,0,0,0,0,0,0,1000,1000,1000,1000,0,0,0,0,0
2025-12-15 00:52:02.186,SERVO_OUTPUT_RAW,1077409811,SERVO_OUTPUT_RAW,0,0,0,0,0,0,0,0,1000,1000,1000,1000,0,0,0,0,0
2025-12-15 00:52:02.286,SERVO_OUTPUT_RAW,1077509844,SERVO_OUTPUT_RAW,0,0,0,0,0,0,0,0,1000,1000,1000,1000,0,0,0,0,0
2025-12-15 00:52:02.392,SERVO_OUTPUT_RAW,1077609852,SERVO_OUTPUT_RAW,0,0,0,0,0,0,0,0,1000,1000,1000,1000,0,0,0,0,0
2025-12-15 00:52:02.487,SERVO_OUTPUT_RAW,1077709797,SERVO_OUTPUT_RAW,0,0,0,0,0,0,0,0,1000,1000,1000,1000,0,0,0,0,0
2025-12-15 00:52:02.586,SERVO_OUTPUT_RAW,1077809805,SERVO_OUTPUT_RAW,0,0,0,0,0,0,0,0,1000,1000,1000,1000,0,0,0,0,0
2025-12-15 00:52:02.687,SERVO_OUTPUT_RAW,1077909833,SERVO_OUTPUT_RAW,0,0,0,0,0,0,0,0,1000,1000,1000,1000,0,0,0,0,0
2025-12-15 00:52:02.786,SERVO_OUTPUT_RAW,1078009782,SERVO_OUTPUT_RAW,0,0,0,0,0,0,0,0,1000,1000,1000,1000,0,0,0,0,0
2025-12-15 00:52:02.886,SERVO_OUTPUT_RAW,1078109782,SERVO_OUTPUT_RAW,0,0,0,0,0,0,0,0,1000,1000,1000,1000,0,0,0,0,0
2025-12-15 00:52:02.985,SERVO_OUTPUT_RAW,1078209860,SERVO_OUTPUT_RAW,0,0,0,0,0,0,0,0,1000,1000,1000,1000,0,0,0,0,0
2025-12-15 00:52:03.086,SERVO_OUTPUT_RAW,1078309776,SERVO_OUTPUT_RAW,0,0,0,0,0,0,0,0,1000,1000,1000,1000,0,0,0,0,0
2025-12-15 00:52:03.186,SERVO_OUTPUT_RAW,1078409796,SERVO_OUTPUT_RAW,0,0,0,0,0,0,0,0,1000,1000,1000,1000,0,0,0,0,0
2025-12-15 00:52:03.286,SERVO_OUTPUT_RAW,1078509784,SERVO_OUTPUT_RAW,0,0,0,0,0,0,0,0,1000,1000,1000,1000,0,0,0,0,0
2025-12-15 00:52:03.385,SERVO_OUTPUT_RAW,1078609821,SERVO_OUTPUT_RAW,0,0,0,0,0,0,0,0,1000,1000,1000,1000,0,0,0,0,0
2025-12-15 00:52:03.485,SERVO_OUTPUT_RAW,1078709848,SERVO_OUTPUT_RAW,0,0,0,0,0,0,0,0,1000,1000,1000,1000,0,0,0,0,0
2025-12-15 00:52:03.586,SERVO_OUTPUT_RAW,1078809795,SERVO_OUTPUT_RAW,0,0,0,0,0,0,0,0,1000,1000,1000,1000,0,0,0,0,0
2025-12-15 00:52:03.686,SERVO_OUTPUT_RAW,1078909796,SERVO_OUTPUT_RAW,0,0,0,0,0,0,0,0,1000,1000,1000,1000,0,0,0,0,0
2025-12-15 00:52:03.786,SERVO_OUTPUT_RAW,1079009826,SERVO_OUTPUT_RAW,0,0,0,0,0,0,0,0,1000,1000,1000,1000,0,0,0,0,0
2025-12-15 00:52:03.886,SERVO_OUTPUT_RAW,1079109838,SERVO_OUTPUT_RAW,0,0,0,0,0,0,0,0,1000,1000,1000,1000,0,0,0,0,0
2025-12-15 00:52:03.986,SERVO_OUTPUT_RAW,1079209866,SERVO_OUTPUT_RAW,0,0,0,0,0,0,0,0,1000,1000,1000,1000,0,0,0,0,0
2025-12-15 00:52:04.086,SERVO_OUTPUT_RAW,1079309797,SERVO_OUTPUT_RAW,0,0,0,0,0,0,0,0,1000,1000,1000,1000,0,0,0,0,0
2025-12-15 00:52:04.186,SERVO_OUTPUT_RAW,1079409812,SERVO_OUTPUT_RAW,0,0,0,0,0,0,0,0,1000,1000,1000,1000,0,0,0,0,0
2025-12-15 00:52:04.286,SERVO_OUTPUT_RAW,1079509815,SERVO_OUTPUT_RAW,0,0,0,0,0,0,0,0,1000,1000,1000,1000,0,0,0,0,0
2025-12-15 00:52:04.386,SERVO_OUTPUT_RAW,1079609790,SERVO_OUTPUT_RAW,0,0,0,0,0,0,0,0,1000,1000,1000,1000,0,0,0,0,0
2025-12-15 00:52:04.486,SERVO_OUTPUT_RAW,1079709789,SERVO_OUTPUT_RAW,0,0,0,0,0,0,0,0,1000,1000,1000,1000,0,0,0,0,0
2025-12-15 00:52:04.586,SERVO_OUTPUT_RAW,1079809788,SERVO_OUTPUT_RAW,0,0,0,0,0,0,0,0,1000,1000,1000,1000,0,0,0,0,0
2025-12-15 00:52:04.686,SERVO_OUTPUT_RAW,1079909781,SERVO_OUTPUT_RAW,0,0,0,0,0,0,0,0,1000,1000,1000,1000,0,0,0,0,0
2025-12-15 00:52:04.786,SERVO_OUTPUT_RAW,1080009795,SERVO_OUTPUT_RAW,0,0,0,0,0,0,0,0,1000,1000,1000,1000,0,0,0,0,0
2025-12-15 00:52:04.886,SERVO_OUTPUT_RAW,1080109818,SERVO_OUTPUT_RAW,0,0,0,0,0,0,0,0,1000,1000,1000,1000,0,0,0,0,0
2025-12-15 00:52:04.986,SERVO_OUTPUT_RAW,1080212138,SERVO_OUTPUT_RAW,0,0,0,0,0,0,0,0,1000,1000,1000,1000,0,0,0,0,0
2025-12-15 00:52:05.086,SERVO_OUTPUT_RAW,1080312130,SERVO_OUTPUT_RAW,0,0,0,0,0,0,0,0,1000,1000,1000,1000,0,0,0,0,0
2025-12-15 00:52:05.186,SERVO_OUTPUT_RAW,1080409803,SERVO_OUTPUT_RAW,0,0,0,0,0,0,0,0,1000,1000,1000,1000,0,0,0,0,0
2025-12-15 00:52:05.286,SERVO_OUTPUT_RAW,1080509837,SERVO_OUTPUT_RAW,0,0,0,0,0,0,0,0,1000,1000,1000,1000,0,0,0,0,0
2025-12-15 00:52:05.386,SERVO_OUTPUT_RAW,1080609821,SERVO_OUTPUT_RAW,0,0,0,0,0,0,0,0,1000,1000,1000,1000,0,0,0,0,0
2025-12-15 00:52:05.486,SERVO_OUTPUT_RAW,1080709847,SERVO_OUTPUT_RAW,0,0,0,0,0,0,0,0,1000,1000,1000,1000,0,0,0,0,0
2025-12-15 00:52:05.586,SERVO_OUTPUT_RAW,1080809819,SERVO_OUTPUT_RAW,0,0,0,0,0,0,0,0,1000,1000,1000,1000,0,0,0,0,0
2025-12-15 00:52:05.686,SERVO_OUTPUT_RAW,1080909800,SERVO_OUTPUT_RAW,0,0,0,0,0,0,0,0,1000,1000,1000,1000,0,0,0,0,0
2025-12-15 00:52:05.786,SERVO_OUTPUT_RAW,1081009817,SERVO_OUTPUT_RAW,0,0,0,0,0,0,0,0,1000,1000,1000,1000,0,0,0,0,0
2025-12-15 00:52:05.886,SERVO_OUTPUT_RAW,1081109835,SERVO_OUTPUT_RAW,0,0,0,0,0,0,0,0,1000,1000,1000,1000,0,0,0,0,0
2025-12-15 00:52:05.986,SERVO_OUTPUT_RAW,1081209803,SERVO_OUTPUT_RAW,0,0,0,0,0,0,0,0,1000,1000,1000,1000,0,0,0,0,0
2025-12-15 00:52:06.086,SERVO_OUTPUT_RAW,1081309786,SERVO_OUTPUT_RAW,0,0,0,0,0,0,0,0,1000,1000,1000,1000,0,0,0,0,0
2025-12-15 00:52:06.186,SERVO_OUTPUT_RAW,1081409802,SERVO_OUTPUT_RAW,0,0,0,0,0,0,0,0,1000,1000,1000,1000,0,0,0,0,0
2025-12-15 00:52:06.286,SERVO_OUTPUT_RAW,1081509786,SERVO_OUTPUT_RAW,0,0,0,0,0,0,0,0,1000,1000,1000,1000,0,0,0,0,0
2025-12-15 00:52:06.386,SERVO_OUTPUT_RAW,1081609798,SERVO_OUTPUT_RAW,0,0,0,0,0,0,0,0,1000,1000,1000,1000,0,0,0,0,0
2025-12-15 00:52:06.486,SERVO_OUTPUT_RAW,1081709827,SERVO_OUTPUT_RAW,0,0,0,0,0,0,0,0,1000,1000,1000,1000,0,0,0,0,0
2025-12-15 00:52:06.586,SERVO_OUTPUT_RAW,1081809779,SERVO_OUTPUT_RAW,0,0,0,0,0,0,0,0,1000,1000,1000,1000,0,0,0,0,0
2025-12-15 00:52:06.686,SERVO_OUTPUT_RAW,1081909794,SERVO_OUTPUT_RAW,0,0,0,0,0,0,0,0,1000,1000,1000,1000,0,0,0,0,0
2025-12-15 00:52:06.786,SERVO_OUTPUT_RAW,1082009816,SERVO_OUTPUT_RAW,0,0,0,0,0,0,0,0,1000,1000,1000,1000,0,0,0,0,0
2025-12-15 00:52:06.886,SERVO_OUTPUT_RAW,1082109829,SERVO_OUTPUT_RAW,0,0,0,0,0,0,0,0,1000,1000,1000,1000,0,0,0,0,0
2025-12-15 00:52:06.986,SERVO_OUTPUT_RAW,1082209855,SERVO_OUTPUT_RAW,0,0,0,0,0,0,0,0,1000,1000,1000,1000,0,0,0,0,0
2025-12-15 00:52:07.086,SERVO_OUTPUT_RAW,1082309837,SERVO_OUTPUT_RAW,0,0,0,0,0,0,0,0,1000,1000,1000,1000,0,0,0,0,0
2025-12-15 00:52:07.186,SERVO_OUTPUT_RAW,1082409908,SERVO_OUTPUT_RAW,0,0,0,0,0,0,0,0,1000,1000,1000,1000,0,0,0,0,0
2025-12-15 00:52:07.286,SERVO_OUTPUT_RAW,1082509808,SERVO_OUTPUT_RAW,0,0,0,0,0,0,0,0,1000,1000,1000,1000,0,0,0,0,0
2025-12-15 00:52:07.387,SERVO_OUTPUT_RAW,1082609815,SERVO_OUTPUT_RAW,0,0,0,0,0,0,0,0,1000,1000,1000,1000,0,0,0,0,0
2025-12-15 00:52:07.489,SERVO_OUTPUT_RAW,1082709827,SERVO_OUTPUT_RAW,0,0,0,0,0,0,0,0,1000,1000,1000,1000,0,0,0,0,0
2025-12-15 00:52:07.586,SERVO_OUTPUT_RAW,1082809793,SERVO_OUTPUT_RAW,0,0,0,0,0,0,0,0,1000,1000,1000,1000,0,0,0,0,0
2025-12-15 00:52:07.687,SERVO_OUTPUT_RAW,1082909803,SERVO_OUTPUT_RAW,0,0,0,0,0,0,0,0,1000,1000,1000,1000,0,0,0,0,0
2025-12-15 00:52:07.786,SERVO_OUTPUT_RAW,1083009788,SERVO_OUTPUT_RAW,0,0,0,0,0,0,0,0,1000,1000,1000,1000,0,0,0,0,0
2025-12-15 00:52:07.886,SERVO_OUTPUT_RAW,1083109799,SERVO_OUTPUT_RAW,0,0,0,0,0,0,0,0,1000,1000,1000,1000,0,0,0,0,0
2025-12-15 00:52:07.986,SERVO_OUTPUT_RAW,1083209788,SERVO_OUTPUT_RAW,0,0,0,0,0,0,0,0,1000,1000,1000,1000,0,0,0,0,0
2025-12-15 00:52:08.087,SERVO_OUTPUT_RAW,1083309836,SERVO_OUTPUT_RAW,0,0,0,0,0,0,0,0,1000,1000,1000,1000,0,0,0,0,0
2025-12-15 00:52:08.186,SERVO_OUTPUT_RAW,1083409833,SERVO_OUTPUT_RAW,0,0,0,0,0,0,0,0,1000,1000,1000,1000,0,0,0,0,0
2025-12-15 00:52:08.286,SERVO_OUTPUT_RAW,1083509807,SERVO_OUTPUT_RAW,0,0,0,0,0,0,0,0,1000,1000,1000,1000,0,0,0,0,0
2025-12-15 00:52:08.387,SERVO_OUTPUT_RAW,1083609813,SERVO_OUTPUT_RAW,0,0,0,0,0,0,0,0,1000,1000,1000,1000,0,0,0,0,0
2025-12-15 00:52:08.486,SERVO_OUTPUT_RAW,1083709828,SERVO_OUTPUT_RAW,0,0,0,0,0,0,0,0,1000,1000,1000,1000,0,0,0,0,0
2025-12-15 00:52:08.586,SERVO_OUTPUT_RAW,1083809862,SERVO_OUTPUT_RAW,0,0,0,0,0,0,0,0,1000,1000,1000,1000,0,0,0,0,0
2025-12-15 00:52:08.686,SERVO_OUTPUT_RAW,1083909781,SERVO_OUTPUT_RAW,0,0,0,0,0,0,0,0,1000,1000,1000,1000,0,0,0,0,0
2025-12-15 00:52:08.786,SERVO_OUTPUT_RAW,1084009784,SERVO_OUTPUT_RAW,0,0,0,0,0,0,0,0,1000,1000,1000,1000,0,0,0,0,0
2025-12-15 00:52:08.886,SERVO_OUTPUT_RAW,1084109826,SERVO_OUTPUT_RAW,0,0,0,0,0,0,0,0,1000,1000,1000,1000,0,0,0,0,0
2025-12-15 00:52:08.986,SERVO_OUTPUT_RAW,1084209812,SERVO_OUTPUT_RAW,0,0,0,0,0,0,0,0,1000,1000,1000,1000,0,0,0,0,0
2025-12-15 00:52:09.086,SERVO_OUTPUT_RAW,1084309790,SERVO_OUTPUT_RAW,0,0,0,0,0,0,0,0,1000,1000,1000,1000,0,0,0,0,0
2025-12-15 00:52:09.186,SERVO_OUTPUT_RAW,1084409784,SERVO_OUTPUT_RAW,0,0,0,0,0,0,0,0,1000,1000,1000,1000,0,0,0,0,0
2025-12-15 00:52:09.287,SERVO_OUTPUT_RAW,1084509857,SERVO_OUTPUT_RAW,0,0,0,0,0,0,0,0,1000,1000,1000,1000,0,0,0,0,0
2025-12-15 00:52:09.386,SERVO_OUTPUT_RAW,1084609783,SERVO_OUTPUT_RAW,0,0,0,0,0,0,0,0,1000,1000,1000,1000,0,0,0,0,0
2025-12-15 00:52:09.486,SERVO_OUTPUT_RAW,1084712123,SERVO_OUTPUT_RAW,0,0,0,0,0,0,0,0,1000,1000,1000,1000,0,0,0,0,0
2025-12-15 00:52:09.586,SERVO_OUTPUT_RAW,1084809813,SERVO_OUTPUT_RAW,0,0,0,0,0,0,0,0,1000,1000,1000,1000,0,0,0,0,0
2025-12-15 00:52:09.686,SERVO_OUTPUT_RAW,1084909831,SERVO_OUTPUT_RAW,0,0,0,0,0,0,0,0,1000,1000,1000,1000,0,0,0,0,0
2025-12-15 00:52:09.786,SERVO_OUTPUT_RAW,1085009806,SERVO_OUTPUT_RAW,0,0,0,0,0,0,0,0,1000,1000,1000,1000,0,0,0,0,0
2025-12-15 00:52:09.888,SERVO_OUTPUT_RAW,1085109820,SERVO_OUTPUT_RAW,0,0,0,0,0,0,0,0,1000,1000,1000,1000,0,0,0,0,0
2025-12-15 00:52:09.986,SERVO_OUTPUT_RAW,1085209815,SERVO_OUTPUT_RAW,0,0,0,0,0,0,0,0,1000,1000,1000,1000,0,0,0,0,0
2025-12-15 00:52:10.086,SERVO_OUTPUT_RAW,1085309840,SERVO_OUTPUT_RAW,0,0,0,0,0,0,0,0,1000,1000,1000,1000,0,0,0,0,0
2025-12-15 00:52:10.186,SERVO_OUTPUT_RAW,1085409843,SERVO_OUTPUT_RAW,0,0,0,0,0,0,0,0,1000,1000,1000,1000,0,0,0,0,0
2025-12-15 00:52:10.286,SERVO_OUTPUT_RAW,1085509780,SERVO_OUTPUT_RAW,0,0,0,0,0,0,0,0,1000,1000,1000,1000,0,0,0,0,0
2025-12-15 00:52:10.386,SERVO_OUTPUT_RAW,1085609832,SERVO_OUTPUT_RAW,0,0,0,0,0,0,0,0,1000,1000,1000,1000,0,0,0,0,0
2025-12-15 00:52:10.487,SERVO_OUTPUT_RAW,1085709843,SERVO_OUTPUT_RAW,0,0,0,0,0,0,0,0,1000,1000,1000,1000,0,0,0,0,0
2025-12-15 00:52:10.586,SERVO_OUTPUT_RAW,1085809811,SERVO_OUTPUT_RAW,0,0,0,0,0,0,0,0,1000,1000,1000,1000,0,0,0,0,0
2025-12-15 00:52:10.686,SERVO_OUTPUT_RAW,1085909776,SERVO_OUTPUT_RAW,0,0,0,0,0,0,0,0,1000,1000,1000,1000,0,0,0,0,0
2025-12-15 00:52:10.786,SERVO_OUTPUT_RAW,1086009815,SERVO_OUTPUT_RAW,0,0,0,0,0,0,0,0,1000,1000,1000,1000,0,0,0,0,0
2025-12-15 00:52:10.886,SERVO_OUTPUT_RAW,1086109801,SERVO_OUTPUT_RAW,0,0,0,0,0,0,0,0,1000,1000,1000,1000,0,0,0,0,0
2025-12-15 00:52:10.985,SERVO_OUTPUT_RAW,1086209787,SERVO_OUTPUT_RAW,0,0,0,0,0,0,0,0,1000,1000,1000,1000,0,0,0,0,0
2025-12-15 00:52:11.084,SERVO_OUTPUT_RAW,1086309805,SERVO_OUTPUT_RAW,0,0,0,0,0,0,0,0,1000,1000,1000,1000,0,0,0,0,0
2025-12-15 00:52:11.185,SERVO_OUTPUT_RAW,1086409826,SERVO_OUTPUT_RAW,0,0,0,0,0,0,0,0,1000,1000,1000,1000,0,0,0,0,0
2025-12-15 00:52:11.285,SERVO_OUTPUT_RAW,1086509849,SERVO_OUTPUT_RAW,0,0,0,0,0,0,0,0,1000,1000,1000,1000,0,0,0,0,0
2025-12-15 00:52:11.385,SERVO_OUTPUT_RAW,1086612207,SERVO_OUTPUT_RAW,0,0,0,0,0,0,0,0,1000,1000,1000,1000,0,0,0,0,0
2025-12-15 00:52:11.485,SERVO_OUTPUT_RAW,1086709796,SERVO_OUTPUT_RAW,0,0,0,0,0,0,0,0,1000,1000,1000,1000,0,0,0,0,0
2025-12-15 00:52:11.585,SERVO_OUTPUT_RAW,1086809819,SERVO_OUTPUT_RAW,0,0,0,0,0,0,0,0,1000,1000,1000,1000,0,0,0,0,0
2025-12-15 00:52:11.685,SERVO_OUTPUT_RAW,1086909838,SERVO_OUTPUT_RAW,0,0,0,0,0,0,0,0,1000,1000,1000,1000,0,0,0,0,0
2025-12-15 00:52:11.785,SERVO_OUTPUT_RAW,1087009857,SERVO_OUTPUT_RAW,0,0,0,0,0,0,0,0,1000,1000,1000,1000,0,0,0,0,0
2025-12-15 00:52:11.885,SERVO_OUTPUT_RAW,1087109795,SERVO_OUTPUT_RAW,0,0,0,0,0,0,0,0,1000,1000,1000,1000,0,0,0,0,0
2025-12-15 00:52:11.985,SERVO_OUTPUT_RAW,1087209825,SERVO_OUTPUT_RAW,0,0,0,0,0,0,0,0,1000,1000,1000,1000,0,0,0,0,0
2025-12-15 00:52:12.085,SERVO_OUTPUT_RAW,1087309815,SERVO_OUTPUT_RAW,0,0,0,0,0,0,0,0,1000,1000,1000,1000,0,0,0,0,0
2025-12-15 00:52:12.185,SERVO_OUTPUT_RAW,1087409793,SERVO_OUTPUT_RAW,0,0,0,0,0,0,0,0,1000,1000,1000,1000,0,0,0,0,0
2025-12-15 00:52:12.285,SERVO_OUTPUT_RAW,1087509778,SERVO_OUTPUT_RAW,0,0,0,0,0,0,0,0,1000,1000,1000,1000,0,0,0,0,0
2025-12-15 00:52:12.384,SERVO_OUTPUT_RAW,1087609822,SERVO_OUTPUT_RAW,0,0,0,0,0,0,0,0,1000,1000,1000,1000,0,0,0,0,0
2025-12-15 00:52:12.484,SERVO_OUTPUT_RAW,1087709784,SERVO_OUTPUT_RAW,0,0,0,0,0,0,0,0,1000,1000,1000,1000,0,0,0,0,0
2025-12-15 00:52:12.584,SERVO_OUTPUT_RAW,1087809783,SERVO_OUTPUT_RAW,0,0,0,0,0,0,0,0,1000,1000,1000,1000,0,0,0,0,0
2025-12-15 00:52:12.684,SERVO_OUTPUT_RAW,1087909818,SERVO_OUTPUT_RAW,0,0,0,0,0,0,0,0,1000,1000,1000,1000,0,0,0,0,0
2025-12-15 00:52:12.784,SERVO_OUTPUT_RAW,1088009823,SERVO_OUTPUT_RAW,0,0,0,0,0,0,0,0,1000,1000,1000,1000,0,0,0,0,0
2025-12-15 00:52:12.884,SERVO_OUTPUT_RAW,1088109815,SERVO_OUTPUT_RAW,0,0,0,0,0,0,0,0,1000,1000,1000,1000,0,0,0,0,0
2025-12-15 00:52:12.984,SERVO_OUTPUT_RAW,1088209799,SERVO_OUTPUT_RAW,0,0,0,0,0,0,0,0,1000,1000,1000,1000,0,0,0,0,0
2025-12-15 00:52:13.084,SERVO_OUTPUT_RAW,1088309845,SERVO_OUTPUT_RAW,0,0,0,0,0,0,0,0,1000,1000,1000,1000,0,0,0,0,0
2025-12-15 00:52:13.184,SERVO_OUTPUT_RAW,1088409832,SERVO_OUTPUT_RAW,0,0,0,0,0,0,0,0,1000,1000,1000,1000,0,0,0,0,0
2025-12-15 00:52:13.284,SERVO_OUTPUT_RAW,1088509844,SERVO_OUTPUT_RAW,0,0,0,0,0,0,0,0,1000,1000,1000,1000,0,0,0,0,0
2025-12-15 00:52:13.384,SERVO_OUTPUT_RAW,1088609792,SERVO_OUTPUT_RAW,0,0,0,0,0,0,0,0,1000,1000,1000,1000,0,0,0,0,0
2025-12-15 00:52:13.484,SERVO_OUTPUT_RAW,1088709924,SERVO_OUTPUT_RAW,0,0,0,0,0,0,0,0,1000,1000,1000,1000,0,0,0,0,0
2025-12-15 00:52:13.584,SERVO_OUTPUT_RAW,1088809822,SERVO_OUTPUT_RAW,0,0,0,0,0,0,0,0,1000,1000,1000,1000,0,0,0,0,0
2025-12-15 00:52:13.684,SERVO_OUTPUT_RAW,1088909835,SERVO_OUTPUT_RAW,0,0,0,0,0,0,0,0,1000,1000,1000,1000,0,0,0,0,0
2025-12-15 00:52:13.784,SERVO_OUTPUT_RAW,1089009777,SERVO_OUTPUT_RAW,0,0,0,0,0,0,0,0,1000,1000,1000,1000,0,0,0,0,0
2025-12-15 00:52:13.884,SERVO_OUTPUT_RAW,1089109785,SERVO_OUTPUT_RAW,0,0,0,0,0,0,0,0,1000,1000,1000,1000,0,0,0,0,0
2025-12-15 00:52:13.984,SERVO_OUTPUT_RAW,1089209797,SERVO_OUTPUT_RAW,0,0,0,0,0,0,0,0,1000,1000,1000,1000,0,0,0,0,0
2025-12-15 00:52:14.084,SERVO_OUTPUT_RAW,1089309778,SERVO_OUTPUT_RAW,0,0,0,0,0,0,0,0,1000,1000,1000,1000,0,0,0,0,0
2025-12-15 00:52:14.184,SERVO_OUTPUT_RAW,1089409778,SERVO_OUTPUT_RAW,0,0,0,0,0,0,0,0,1000,1000,1000,1000,0,0,0,0,0
2025-12-15 00:52:14.284,SERVO_OUTPUT_RAW,1089509827,SERVO_OUTPUT_RAW,0,0,0,0,0,0,0,0,1000,1000,1000,1000,0,0,0,0,0
2025-12-15 00:52:14.384,SERVO_OUTPUT_RAW,1089609821,SERVO_OUTPUT_RAW,0,0,0,0,0,0,0,0,1000,1000,1000,1000,0,0,0,0,0
2025-12-15 00:52:14.484,SERVO_OUTPUT_RAW,1089709852,SERVO_OUTPUT_RAW,0,0,0,0,0,0,0,0,1000,1000,1000,1000,0,0,0,0,0
2025-12-15 00:52:14.584,SERVO_OUTPUT_RAW,1089809784,SERVO_OUTPUT_RAW,0,0,0,0,0,0,0,0,1000,1000,1000,1000,0,0,0,0,0
2025-12-15 00:52:14.684,SERVO_OUTPUT_RAW,1089909824,SERVO_OUTPUT_RAW,0,0,0,0,0,0,0,0,1000,1000,1000,1000,0,0,0,0,0
2025-12-15 00:52:14.784,SERVO_OUTPUT_RAW,1090009843,SERVO_OUTPUT_RAW,0,0,0,0,0,0,0,0,1000,1000,1000,1000,0,0,0,0,0
2025-12-15 00:52:14.884,SERVO_OUTPUT_RAW,1090109858,SERVO_OUTPUT_RAW,0,0,0,0,0,0,0,0,1000,1000,1000,1000,0,0,0,0,0
2025-12-15 00:52:14.984,SERVO_OUTPUT_RAW,1090209787,SERVO_OUTPUT_RAW,0,0,0,0,0,0,0,0,1000,1000,1000,1000,0,0,0,0,0
2025-12-15 00:52:15.084,SERVO_OUTPUT_RAW,1090309802,SERVO_OUTPUT_RAW,0,0,0,0,0,0,0,0,1000,1000,1000,1000,0,0,0,0,0
2025-12-15 00:52:15.184,SERVO_OUTPUT_RAW,1090409811,SERVO_OUTPUT_RAW,0,0,0,0,0,0,0,0,1000,1000,1000,1000,0,0,0,0,0
2025-12-15 00:52:15.284,SERVO_OUTPUT_RAW,1090509831,SERVO_OUTPUT_RAW,0,0,0,0,0,0,0,0,1000,1000,1000,1000,0,0,0,0,0
2025-12-15 00:52:15.384,SERVO_OUTPUT_RAW,1090609784,SERVO_OUTPUT_RAW,0,0,0,0,0,0,0,0,1000,1000,1000,1000,0,0,0,0,0
2025-12-15 00:52:15.484,SERVO_OUTPUT_RAW,1090709782,SERVO_OUTPUT_RAW,0,0,0,0,0,0,0,0,1000,1000,1000,1000,0,0,0,0,0
2025-12-15 00:52:15.584,SERVO_OUTPUT_RAW,1090809850,SERVO_OUTPUT_RAW,0,0,0,0,0,0,0,0,1000,1000,1000,1000,0,0,0,0,0
2025-12-15 00:52:15.684,SERVO_OUTPUT_RAW,1090909777,SERVO_OUTPUT_RAW,0,0,0,0,0,0,0,0,1000,1000,1000,1000,0,0,0,0,0
2025-12-15 00:52:15.784,SERVO_OUTPUT_RAW,1091009789,SERVO_OUTPUT_RAW,0,0,0,0,0,0,0,0,1000,1000,1000,1000,0,0,0,0,0
2025-12-15 00:52:15.884,SERVO_OUTPUT_RAW,1091109840,SERVO_OUTPUT_RAW,0,0,0,0,0,0,0,0,1000,1000,1000,1000,0,0,0,0,0
2025-12-15 00:52:15.987,SERVO_OUTPUT_RAW,1091209843,SERVO_OUTPUT_RAW,0,0,0,0,0,0,0,0,1000,1000,1000,1000,0,0,0,0,0
2025-12-15 00:52:16.086,SERVO_OUTPUT_RAW,1091309811,SERVO_OUTPUT_RAW,0,0,0,0,0,0,0,0,1000,1000,1000,1000,0,0,0,0,0
2025-12-15 00:52:16.186,SERVO_OUTPUT_RAW,1091409836,SERVO_OUTPUT_RAW,0,0,0,0,0,0,0,0,1000,1000,1000,1000,0,0,0,0,0
2025-12-15 00:52:16.286,SERVO_OUTPUT_RAW,1091509820,SERVO_OUTPUT_RAW,0,0,0,0,0,0,0,0,1000,1000,1000,1000,0,0,0,0,0
2025-12-15 00:52:16.386,SERVO_OUTPUT_RAW,1091609879,SERVO_OUTPUT_RAW,0,0,0,0,0,0,0,0,1000,1000,1000,1000,0,0,0,0,0
2025-12-15 00:52:16.486,SERVO_OUTPUT_RAW,1091709813,SERVO_OUTPUT_RAW,0,0,0,0,0,0,0,0,1000,1000,1000,1000,0,0,0,0,0
2025-12-15 00:52:16.586,SERVO_OUTPUT_RAW,1091809813,SERVO_OUTPUT_RAW,0,0,0,0,0,0,0,0,1000,1000,1000,1000,0,0,0,0,0
2025-12-15 00:52:16.686,SERVO_OUTPUT_RAW,1091909826,SERVO_OUTPUT_RAW,0,0,0,0,0,0,0,0,1000,1000,1000,1000,0,0,0,0,0
2025-12-15 00:52:16.786,SERVO_OUTPUT_RAW,1092009795,SERVO_OUTPUT_RAW,0,0,0,0,0,0,0,0,1000,1000,1000,1000,0,0,0,0,0
2025-12-15 00:52:16.886,SERVO_OUTPUT_RAW,1092109775,SERVO_OUTPUT_RAW,0,0,0,0,0,0,0,0,1000,1000,1000,1000,0,0,0,0,0
2025-12-15 00:52:16.986,SERVO_OUTPUT_RAW,1092209785,SERVO_OUTPUT_RAW,0,0,0,0,0,0,0,0,1000,1000,1000,1000,0,0,0,0,0
2025-12-15 00:52:17.086,SERVO_OUTPUT_RAW,1092309782,SERVO_OUTPUT_RAW,0,0,0,0,0,0,0,0,1000,1000,1000,1000,0,0,0,0,0
2025-12-15 00:52:17.186,SERVO_OUTPUT_RAW,1092409791,SERVO_OUTPUT_RAW,0,0,0,0,0,0,0,0,1000,1000,1000,1000,0,0,0,0,0
2025-12-15 00:52:17.286,SERVO_OUTPUT_RAW,1092509794,SERVO_OUTPUT_RAW,0,0,0,0,0,0,0,0,1000,1000,1000,1000,0,0,0,0,0
2025-12-15 00:52:17.388,SERVO_OUTPUT_RAW,1092609816,SERVO_OUTPUT_RAW,0,0,0,0,0,0,0,0,1000,1000,1000,1000,0,0,0,0,0
2025-12-15 00:52:17.486,SERVO_OUTPUT_RAW,1092709830,SERVO_OUTPUT_RAW,0,0,0,0,0,0,0,0,1000,1000,1000,1000,0,0,0,0,0
2025-12-15 00:52:17.586,SERVO_OUTPUT_RAW,1092812141,SERVO_OUTPUT_RAW,0,0,0,0,0,0,0,0,1000,1000,1000,1000,0,0,0,0,0
2025-12-15 00:52:17.686,SERVO_OUTPUT_RAW,1092912153,SERVO_OUTPUT_RAW,0,0,0,0,0,0,0,0,1000,1000,1000,1000,0,0,0,0,0
2025-12-15 00:52:17.787,SERVO_OUTPUT_RAW,1093009812,SERVO_OUTPUT_RAW,0,0,0,0,0,0,0,0,1000,1000,1000,1000,0,0,0,0,0
2025-12-15 00:52:17.887,SERVO_OUTPUT_RAW,1093109838,SERVO_OUTPUT_RAW,0,0,0,0,0,0,0,0,1000,1000,1000,1000,0,0,0,0,0
2025-12-15 00:52:17.987,SERVO_OUTPUT_RAW,1093209842,SERVO_OUTPUT_RAW,0,0,0,0,0,0,0,0,1000,1000,1000,1000,0,0,0,0,0
2025-12-15 00:52:18.086,SERVO_OUTPUT_RAW,1093309793,SERVO_OUTPUT_RAW,0,0,0,0,0,0,0,0,1000,1000,1000,1000,0,0,0,0,0
2025-12-15 00:52:18.186,SERVO_OUTPUT_RAW,1093409816,SERVO_OUTPUT_RAW,0,0,0,0,0,0,0,0,1000,1000,1000,1000,0,0,0,0,0
2025-12-15 00:52:18.286,SERVO_OUTPUT_RAW,1093509828,SERVO_OUTPUT_RAW,0,0,0,0,0,0,0,0,1000,1000,1000,1000,0,0,0,0,0
2025-12-15 00:52:18.387,SERVO_OUTPUT_RAW,1093609783,SERVO_OUTPUT_RAW,0,0,0,0,0,0,0,0,1000,1000,1000,1000,0,0,0,0,0
2025-12-15 00:52:18.487,SERVO_OUTPUT_RAW,1093709787,SERVO_OUTPUT_RAW,0,0,0,0,0,0,0,0,1000,1000,1000,1000,0,0,0,0,0
2025-12-15 00:52:18.587,SERVO_OUTPUT_RAW,1093809791,SERVO_OUTPUT_RAW,0,0,0,0,0,0,0,0,1000,1000,1000,1000,0,0,0,0,0
2025-12-15 00:52:18.687,SERVO_OUTPUT_RAW,1093909788,SERVO_OUTPUT_RAW,0,0,0,0,0,0,0,0,1000,1000,1000,1000,0,0,0,0,0
2025-12-15 00:52:18.787,SERVO_OUTPUT_RAW,1094009791,SERVO_OUTPUT_RAW,0,0,0,0,0,0,0,0,1000,1000,1000,1000,0,0,0,0,0
2025-12-15 00:52:18.887,SERVO_OUTPUT_RAW,1094109790,SERVO_OUTPUT_RAW,0,0,0,0,0,0,0,0,1000,1000,1000,1000,0,0,0,0,0
2025-12-15 00:52:18.987,SERVO_OUTPUT_RAW,1094209828,SERVO_OUTPUT_RAW,0,0,0,0,0,0,0,0,1000,1000,1000,1000,0,0,0,0,0
2025-12-15 00:52:19.087,SERVO_OUTPUT_RAW,1094309839,SERVO_OUTPUT_RAW,0,0,0,0,0,0,0,0,1000,1000,1000,1000,0,0,0,0,0
2025-12-15 00:52:19.187,SERVO_OUTPUT_RAW,1094409804,SERVO_OUTPUT_RAW,0,0,0,0,0,0,0,0,1000,1000,1000,1000,0,0,0,0,0
2025-12-15 00:52:19.287,SERVO_OUTPUT_RAW,1094509819,SERVO_OUTPUT_RAW,0,0,0,0,0,0,0,0,1000,1000,1000,1000,0,0,0,0,0
2025-12-15 00:52:19.387,SERVO_OUTPUT_RAW,1094609911,SERVO_OUTPUT_RAW,0,0,0,0,0,0,0,0,1000,1000,1000,1000,0,0,0,0,0
2025-12-15 00:52:19.487,SERVO_OUTPUT_RAW,1094709862,SERVO_OUTPUT_RAW,0,0,0,0,0,0,0,0,1000,1000,1000,1000,0,0,0,0,0
2025-12-15 00:52:19.587,SERVO_OUTPUT_RAW,1094809842,SERVO_OUTPUT_RAW,0,0,0,0,0,0,0,0,1000,1000,1000,1000,0,0,0,0,0
2025-12-15 00:52:19.687,SERVO_OUTPUT_RAW,1094909784,SERVO_OUTPUT_RAW,0,0,0,0,0,0,0,0,1000,1000,1000,1000,0,0,0,0,0
2025-12-15 00:52:19.787,SERVO_OUTPUT_RAW,1095012093,SERVO_OUTPUT_RAW,0,0,0,0,0,0,0,0,1000,1000,1000,1000,0,0,0,0,0
2025-12-15 00:52:19.887,SERVO_OUTPUT_RAW,1095109831,SERVO_OUTPUT_RAW,0,0,0,0,0,0,0,0,1000,1000,1000,1000,0,0,0,0,0
2025-12-15 00:52:19.987,SERVO_OUTPUT_RAW,1095209777,SERVO_OUTPUT_RAW,0,0,0,0,0,0,0,0,1000,1000,1000,1000,0,0,0,0,0
2025-12-15 00:52:20.087,SERVO_OUTPUT_RAW,1095309780,SERVO_OUTPUT_RAW,0,0,0,0,0,0,0,0,1000,1000,1000,1000,0,0,0,0,0
2025-12-15 00:52:20.187,SERVO_OUTPUT_RAW,1095409791,SERVO_OUTPUT_RAW,0,0,0,0,0,0,0,0,1000,1000,1000,1000,0,0,0,0,0
2025-12-15 00:52:20.287,SERVO_OUTPUT_RAW,1095509794,SERVO_OUTPUT_RAW,0,0,0,0,0,0,0,0,1000,1000,1000,1000,0,0,0,0,0
2025-12-15 00:52:20.387,SERVO_OUTPUT_RAW,1095609790,SERVO_OUTPUT_RAW,0,0,0,0,0,0,0,0,1000,1000,1000,1000,0,0,0,0,0
2025-12-15 00:52:20.487,SERVO_OUTPUT_RAW,1095712153,SERVO_OUTPUT_RAW,0,0,0,0,0,0,0,0,1000,1000,1000,1000,0,0,0,0,0
2025-12-15 00:52:20.587,SERVO_OUTPUT_RAW,1095809832,SERVO_OUTPUT_RAW,0,0,0,0,0,0,0,0,1000,1000,1000,1000,0,0,0,0,0
2025-12-15 00:52:20.687,SERVO_OUTPUT_RAW,1095909866,SERVO_OUTPUT_RAW,0,0,0,0,0,0,0,0,1000,1000,1000,1000,0,0,0,0,0
2025-12-15 00:52:20.787,SERVO_OUTPUT_RAW,1096009818,SERVO_OUTPUT_RAW,0,0,0,0,0,0,0,0,1000,1000,1000,1000,0,0,0,0,0
2025-12-15 00:52:20.887,SERVO_OUTPUT_RAW,1096109805,SERVO_OUTPUT_RAW,0,0,0,0,0,0,0,0,1000,1000,1000,1000,0,0,0,0,0
2025-12-15 00:52:20.987,SERVO_OUTPUT_RAW,1096209852,SERVO_OUTPUT_RAW,0,0,0,0,0,0,0,0,1000,1000,1000,1000,0,0,0,0,0
2025-12-15 00:52:21.087,SERVO_OUTPUT_RAW,1096309869,SERVO_OUTPUT_RAW,0,0,0,0,0,0,0,0,1000,1000,1000,1000,0,0,0,0,0
2025-12-15 00:52:21.187,SERVO_OUTPUT_RAW,1096409787,SERVO_OUTPUT_RAW,0,0,0,0,0,0,0,0,1000,1000,1000,1000,0,0,0,0,0
2025-12-15 00:52:21.287,SERVO_OUTPUT_RAW,1096509797,SERVO_OUTPUT_RAW,0,0,0,0,0,0,0,0,1000,1000,1000,1000,0,0,0,0,0
2025-12-15 00:52:21.387,SERVO_OUTPUT_RAW,1096609821,SERVO_OUTPUT_RAW,0,0,0,0,0,0,0,0,1000,1000,1000,1000,0,0,0,0,0
2025-12-15 00:52:21.487,SERVO_OUTPUT_RAW,1096709802,SERVO_OUTPUT_RAW,0,0,0,0,0,0,0,0,1000,1000,1000,1000,0,0,0,0,0
2025-12-15 00:52:21.587,SERVO_OUTPUT_RAW,1096809783,SERVO_OUTPUT_RAW,0,0,0,0,0,0,0,0,1000,1000,1000,1000,0,0,0,0,0
2025-12-15 00:52:21.687,SERVO_OUTPUT_RAW,1096909788,SERVO_OUTPUT_RAW,0,0,0,0,0,0,0,0,1000,1000,1000,1000,0,0,0,0,0
2025-12-15 00:52:21.787,SERVO_OUTPUT_RAW,1097009797,SERVO_OUTPUT_RAW,0,0,0,0,0,0,0,0,1000,1000,1000,1000,0,0,0,0,0
2025-12-15 00:52:21.887,SERVO_OUTPUT_RAW,1097109853,SERVO_OUTPUT_RAW,0,0,0,0,0,0,0,0,1000,1000,1000,1000,0,0,0,0,0
2025-12-15 00:52:21.987,SERVO_OUTPUT_RAW,1097209784,SERVO_OUTPUT_RAW,0,0,0,0,0,0,0,0,1000,1000,1000,1000,0,0,0,0,0
2025-12-15 00:52:22.086,SERVO_OUTPUT_RAW,1097312152,SERVO_OUTPUT_RAW,0,0,0,0,0,0,0,0,1000,1000,1000,1000,0,0,0,0,0
2025-12-15 00:52:22.186,SERVO_OUTPUT_RAW,1097409819,SERVO_OUTPUT_RAW,0,0,0,0,0,0,0,0,1000,1000,1000,1000,0,0,0,0,0
2025-12-15 00:52:22.286,SERVO_OUTPUT_RAW,1097509860,SERVO_OUTPUT_RAW,0,0,0,0,0,0,0,0,1000,1000,1000,1000,0,0,0,0,0
2025-12-15 00:52:22.386,SERVO_OUTPUT_RAW,1097609793,SERVO_OUTPUT_RAW,0,0,0,0,0,0,0,0,1000,1000,1000,1000,0,0,0,0,0
2025-12-15 00:52:22.489,SERVO_OUTPUT_RAW,1097709810,SERVO_OUTPUT_RAW,0,0,0,0,0,0,0,0,1000,1000,1000,1000,0,0,0,0,0
2025-12-15 00:52:22.587,SERVO_OUTPUT_RAW,1097809846,SERVO_OUTPUT_RAW,0,0,0,0,0,0,0,0,1000,1000,1000,1000,0,0,0,0,0
2025-12-15 00:52:22.686,SERVO_OUTPUT_RAW,1097909835,SERVO_OUTPUT_RAW,0,0,0,0,0,0,0,0,1000,1000,1000,1000,0,0,0,0,0
2025-12-15 00:52:22.787,SERVO_OUTPUT_RAW,1098009788,SERVO_OUTPUT_RAW,0,0,0,0,0,0,0,0,1000,1000,1000,1000,0,0,0,0,0
2025-12-15 00:52:22.886,SERVO_OUTPUT_RAW,1098109807,SERVO_OUTPUT_RAW,0,0,0,0,0,0,0,0,1000,1000,1000,1000,0,0,0,0,0
2025-12-15 00:52:22.986,SERVO_OUTPUT_RAW,1098209829,SERVO_OUTPUT_RAW,0,0,0,0,0,0,0,0,1000,1000,1000,1000,0,0,0,0,0
2025-12-15 00:52:23.086,SERVO_OUTPUT_RAW,1098309833,SERVO_OUTPUT_RAW,0,0,0,0,0,0,0,0,1000,1000,1000,1000,0,0,0,0,0
2025-12-15 00:52:23.186,SERVO_OUTPUT_RAW,1098409782,SERVO_OUTPUT_RAW,0,0,0,0,0,0,0,0,1000,1000,1000,1000,0,0,0,0,0
2025-12-15 00:52:23.286,SERVO_OUTPUT_RAW,1098509795,SERVO_OUTPUT_RAW,0,0,0,0,0,0,0,0,1000,1000,1000,1000,0,0,0,0,0
2025-12-15 00:52:23.386,SERVO_OUTPUT_RAW,1098609799,SERVO_OUTPUT_RAW,0,0,0,0,0,0,0,0,1000,1000,1000,1000,0,0,0,0,0
2025-12-15 00:52:23.486,SERVO_OUTPUT_RAW,1098709778,SERVO_OUTPUT_RAW,0,0,0,0,0,0,0,0,1000,1000,1000,1000,0,0,0,0,0
2025-12-15 00:52:23.586,SERVO_OUTPUT_RAW,1098809797,SERVO_OUTPUT_RAW,0,0,0,0,0,0,0,0,1000,1000,1000,1000,0,0,0,0,0
2025-12-15 00:52:23.686,SERVO_OUTPUT_RAW,1098909828,SERVO_OUTPUT_RAW,0,0,0,0,0,0,0,0,1000,1000,1000,1000,0,0,0,0,0
2025-12-15 00:52:23.786,SERVO_OUTPUT_RAW,1099009801,SERVO_OUTPUT_RAW,0,0,0,0,0,0,0,0,1000,1000,1000,1000,0,0,0,0,0
2025-12-15 00:52:23.886,SERVO_OUTPUT_RAW,1099109881,SERVO_OUTPUT_RAW,0,0,0,0,0,0,0,0,1000,1000,1000,1000,0,0,0,0,0
2025-12-15 00:52:23.986,SERVO_OUTPUT_RAW,1099212172,SERVO_OUTPUT_RAW,0,0,0,0,0,0,0,0,1000,1000,1000,1000,0,0,0,0,0
2025-12-15 00:52:24.086,SERVO_OUTPUT_RAW,1099309818,SERVO_OUTPUT_RAW,0,0,0,0,0,0,0,0,1000,1000,1000,1000,0,0,0,0,0
2025-12-15 00:52:24.186,SERVO_OUTPUT_RAW,1099409836,SERVO_OUTPUT_RAW,0,0,0,0,0,0,0,0,1000,1000,1000,1000,0,0,0,0,0
2025-12-15 00:52:24.286,SERVO_OUTPUT_RAW,1099509831,SERVO_OUTPUT_RAW,0,0,0,0,0,0,0,0,1000,1000,1000,1000,0,0,0,0,0
2025-12-15 00:52:24.386,SERVO_OUTPUT_RAW,1099609787,SERVO_OUTPUT_RAW,0,0,0,0,0,0,0,0,1000,1000,1000,1000,0,0,0,0,0
2025-12-15 00:52:24.486,SERVO_OUTPUT_RAW,1099709826,SERVO_OUTPUT_RAW,0,0,0,0,0,0,0,0,1000,1000,1000,1000,0,0,0,0,0
2025-12-15 00:52:24.586,SERVO_OUTPUT_RAW,1099809808,SERVO_OUTPUT_RAW,0,0,0,0,0,0,0,0,1000,1000,1000,1000,0,0,0,0,0
2025-12-15 00:52:24.686,SERVO_OUTPUT_RAW,1099909782,SERVO_OUTPUT_RAW,0,0,0,0,0,0,0,0,1000,1000,1000,1000,0,0,0,0,0
2025-12-15 00:52:24.787,SERVO_OUTPUT_RAW,1100009825,SERVO_OUTPUT_RAW,0,0,0,0,0,0,0,0,1000,1000,1000,1000,0,0,0,0,0
2025-12-15 00:52:24.888,SERVO_OUTPUT_RAW,1100109790,SERVO_OUTPUT_RAW,0,0,0,0,0,0,0,0,1000,1000,1000,1000,0,0,0,0,0
2025-12-15 00:52:24.986,SERVO_OUTPUT_RAW,1100209815,SERVO_OUTPUT_RAW,0,0,0,0,0,0,0,0,1000,1000,1000,1000,0,0,0,0,0
2025-12-15 00:52:25.086,SERVO_OUTPUT_RAW,1100309788,SERVO_OUTPUT_RAW,0,0,0,0,0,0,0,0,1000,1000,1000,1000,0,0,0,0,0
2025-12-15 00:52:25.186,SERVO_OUTPUT_RAW,1100409807,SERVO_OUTPUT_RAW,0,0,0,0,0,0,0,0,1000,1000,1000,1000,0,0,0,0,0
2025-12-15 00:52:25.286,SERVO_OUTPUT_RAW,1100509873,SERVO_OUTPUT_RAW,0,0,0,0,0,0,0,0,1000,1000,1000,1000,0,0,0,0,0
2025-12-15 00:52:25.386,SERVO_OUTPUT_RAW,1100609842,SERVO_OUTPUT_RAW,0,0,0,0,0,0,0,0,1000,1000,1000,1000,0,0,0,0,0
2025-12-15 00:52:25.486,SERVO_OUTPUT_RAW,1100709783,SERVO_OUTPUT_RAW,0,0,0,0,0,0,0,0,1000,1000,1000,1000,0,0,0,0,0
2025-12-15 00:52:25.586,SERVO_OUTPUT_RAW,1100809841,SERVO_OUTPUT_RAW,0,0,0,0,0,0,0,0,1000,1000,1000,1000,0,0,0,0,0
2025-12-15 00:52:25.686,SERVO_OUTPUT_RAW,1100909840,SERVO_OUTPUT_RAW,0,0,0,0,0,0,0,0,1000,1000,1000,1000,0,0,0,0,0
2025-12-15 00:52:25.787,SERVO_OUTPUT_RAW,1101009858,SERVO_OUTPUT_RAW,0,0,0,0,0,0,0,0,1000,1000,1000,1000,0,0,0,0,0
2025-12-15 00:52:25.887,SERVO_OUTPUT_RAW,1101109788,SERVO_OUTPUT_RAW,0,0,0,0,0,0,0,0,1000,1000,1000,1000,0,0,0,0,0
2025-12-15 00:52:25.987,SERVO_OUTPUT_RAW,1101209800,SERVO_OUTPUT_RAW,0,0,0,0,0,0,0,0,1000,1000,1000,1000,0,0,0,0,0
2025-12-15 00:52:26.087,SERVO_OUTPUT_RAW,1101309883,SERVO_OUTPUT_RAW,0,0,0,0,0,0,0,0,1000,1000,1000,1000,0,0,0,0,0
2025-12-15 00:52:26.187,SERVO_OUTPUT_RAW,1101409823,SERVO_OUTPUT_RAW,0,0,0,0,0,0,0,0,1000,1000,1000,1000,0,0,0,0,0
2025-12-15 00:52:26.286,SERVO_OUTPUT_RAW,1101509803,SERVO_OUTPUT_RAW,0,0,0,0,0,0,0,0,1000,1000,1000,1000,0,0,0,0,0
2025-12-15 00:52:26.387,SERVO_OUTPUT_RAW,1101609785,SERVO_OUTPUT_RAW,0,0,0,0,0,0,0,0,1000,1000,1000,1000,0,0,0,0,0
2025-12-15 00:52:26.487,SERVO_OUTPUT_RAW,1101709783,SERVO_OUTPUT_RAW,0,0,0,0,0,0,0,0,1000,1000,1000,1000,0,0,0,0,0
2025-12-15 00:52:26.587,SERVO_OUTPUT_RAW,1101809791,SERVO_OUTPUT_RAW,0,0,0,0,0,0,0,0,1000,1000,1000,1000,0,0,0,0,0
2025-12-15 00:52:26.687,SERVO_OUTPUT_RAW,1101909795,SERVO_OUTPUT_RAW,0,0,0,0,0,0,0,0,1000,1000,1000,1000,0,0,0,0,0
2025-12-15 00:52:26.787,SERVO_OUTPUT_RAW,1102009836,SERVO_OUTPUT_RAW,0,0,0,0,0,0,0,0,1000,1000,1000,1000,0,0,0,0,0
2025-12-15 00:52:26.887,SERVO_OUTPUT_RAW,1102112139,SERVO_OUTPUT_RAW,0,0,0,0,0,0,0,0,1000,1000,1000,1000,0,0,0,0,0
2025-12-15 00:52:26.987,SERVO_OUTPUT_RAW,1102209805,SERVO_OUTPUT_RAW,0,0,0,0,0,0,0,0,1000,1000,1000,1000,0,0,0,0,0
2025-12-15 00:52:27.087,SERVO_OUTPUT_RAW,1102309783,SERVO_OUTPUT_RAW,0,0,0,0,0,0,0,0,1000,1000,1000,1000,0,0,0,0,0
2025-12-15 00:52:27.187,SERVO_OUTPUT_RAW,1102409826,SERVO_OUTPUT_RAW,0,0,0,0,0,0,0,0,1000,1000,1000,1000,0,0,0,0,0
2025-12-15 00:52:27.287,SERVO_OUTPUT_RAW,1102509871,SERVO_OUTPUT_RAW,0,0,0,0,0,0,0,0,1000,1000,1000,1000,0,0,0,0,0
2025-12-15 00:52:27.392,SERVO_OUTPUT_RAW,1102609859,SERVO_OUTPUT_RAW,0,0,0,0,0,0,0,0,1000,1000,1000,1000,0,0,0,0,0
2025-12-15 00:52:27.488,SERVO_OUTPUT_RAW,1102709802,SERVO_OUTPUT_RAW,0,0,0,0,0,0,0,0,1000,1000,1000,1000,0,0,0,0,0
2025-12-15 00:52:27.586,SERVO_OUTPUT_RAW,1102809853,SERVO_OUTPUT_RAW,0,0,0,0,0,0,0,0,1000,1000,1000,1000,0,0,0,0,0
2025-12-15 00:52:27.687,SERVO_OUTPUT_RAW,1102909819,SERVO_OUTPUT_RAW,0,0,0,0,0,0,0,0,1000,1000,1000,1000,0,0,0,0,0
2025-12-15 00:52:27.787,SERVO_OUTPUT_RAW,1103009787,SERVO_OUTPUT_RAW,0,0,0,0,0,0,0,0,1000,1000,1000,1000,0,0,0,0,0
2025-12-15 00:52:27.888,SERVO_OUTPUT_RAW,1103109800,SERVO_OUTPUT_RAW,0,0,0,0,0,0,0,0,1000,1000,1000,1000,0,0,0,0,0
2025-12-15 00:52:27.987,SERVO_OUTPUT_RAW,1103209790,SERVO_OUTPUT_RAW,0,0,0,0,0,0,0,0,1000,1000,1000,1000,0,0,0,0,0
2025-12-15 00:52:28.087,SERVO_OUTPUT_RAW,1103309775,SERVO_OUTPUT_RAW,0,0,0,0,0,0,0,0,1000,1000,1000,1000,0,0,0,0,0
2025-12-15 00:52:28.187,SERVO_OUTPUT_RAW,1103412142,SERVO_OUTPUT_RAW,0,0,0,0,0,0,0,0,1000,1000,1000,1000,0,0,0,0,0
2025-12-15 00:52:28.287,SERVO_OUTPUT_RAW,1103509827,SERVO_OUTPUT_RAW,0,0,0,0,0,0,0,0,1000,1000,1000,1000,0,0,0,0,0
2025-12-15 00:52:28.387,SERVO_OUTPUT_RAW,1103609839,SERVO_OUTPUT_RAW,0,0,0,0,0,0,0,0,1000,1000,1000,1000,0,0,0,0,0
2025-12-15 00:52:28.487,SERVO_OUTPUT_RAW,1103709848,SERVO_OUTPUT_RAW,0,0,0,0,0,0,0,0,1000,1000,1000,1000,0,0,0,0,0
2025-12-15 00:52:28.587,SERVO_OUTPUT_RAW,1103809814,SERVO_OUTPUT_RAW,0,0,0,0,0,0,0,0,1000,1000,1000,1000,0,0,0,0,0
2025-12-15 00:52:28.687,SERVO_OUTPUT_RAW,1103909808,SERVO_OUTPUT_RAW,0,0,0,0,0,0,0,0,1000,1000,1000,1000,0,0,0,0,0
2025-12-15 00:52:28.787,SERVO_OUTPUT_RAW,1104009836,SERVO_OUTPUT_RAW,0,0,0,0,0,0,0,0,1000,1000,1000,1000,0,0,0,0,0
2025-12-15 00:52:28.887,SERVO_OUTPUT_RAW,1104109835,SERVO_OUTPUT_RAW,0,0,0,0,0,0,0,0,1000,1000,1000,1000,0,0,0,0,0
2025-12-15 00:52:28.987,SERVO_OUTPUT_RAW,1104209780,SERVO_OUTPUT_RAW,0,0,0,0,0,0,0,0,1000,1000,1000,1000,0,0,0,0,0
2025-12-15 00:52:29.087,SERVO_OUTPUT_RAW,1104309787,SERVO_OUTPUT_RAW,0,0,0,0,0,0,0,0,1000,1000,1000,1000,0,0,0,0,0
2025-12-15 00:52:29.188,SERVO_OUTPUT_RAW,1104409828,SERVO_OUTPUT_RAW,0,0,0,0,0,0,0,0,1000,1000,1000,1000,0,0,0,0,0
2025-12-15 00:52:29.287,SERVO_OUTPUT_RAW,1104509847,SERVO_OUTPUT_RAW,0,0,0,0,0,0,0,0,1000,1000,1000,1000,0,0,0,0,0
2025-12-15 00:52:29.387,SERVO_OUTPUT_RAW,1104609791,SERVO_OUTPUT_RAW,0,0,0,0,0,0,0,0,1000,1000,1000,1000,0,0,0,0,0
2025-12-15 00:52:29.488,SERVO_OUTPUT_RAW,1104709783,SERVO_OUTPUT_RAW,0,0,0,0,0,0,0,0,1000,1000,1000,1000,0,0,0,0,0
2025-12-15 00:52:29.587,SERVO_OUTPUT_RAW,1104809781,SERVO_OUTPUT_RAW,0,0,0,0,0,0,0,0,1000,1000,1000,1000,0,0,0,0,0
2025-12-15 00:52:29.688,SERVO_OUTPUT_RAW,1104909784,SERVO_OUTPUT_RAW,0,0,0,0,0,0,0,0,1000,1000,1000,1000,0,0,0,0,0
2025-12-15 00:52:29.787,SERVO_OUTPUT_RAW,1105012121,SERVO_OUTPUT_RAW,0,0,0,0,0,0,0,0,1000,1000,1000,1000,0,0,0,0,0
2025-12-15 00:52:29.887,SERVO_OUTPUT_RAW,1105109807,SERVO_OUTPUT_RAW,0,0,0,0,0,0,0,0,1000,1000,1000,1000,0,0,0,0,0
2025-12-15 00:52:29.987,SERVO_OUTPUT_RAW,1105209824,SERVO_OUTPUT_RAW,0,0,0,0,0,0,0,0,1000,1000,1000,1000,0,0,0,0,0
2025-12-15 00:52:30.087,SERVO_OUTPUT_RAW,1105309829,SERVO_OUTPUT_RAW,0,0,0,0,0,0,0,0,1000,1000,1000,1000,0,0,0,0,0
2025-12-15 00:52:30.187,SERVO_OUTPUT_RAW,1105409815,SERVO_OUTPUT_RAW,0,0,0,0,0,0,0,0,1000,1000,1000,1000,0,0,0,0,0
2025-12-15 00:52:30.287,SERVO_OUTPUT_RAW,1105512124,SERVO_OUTPUT_RAW,0,0,0,0,0,0,0,0,1000,1000,1000,1000,0,0,0,0,0
2025-12-15 00:52:30.387,SERVO_OUTPUT_RAW,1105609843,SERVO_OUTPUT_RAW,0,0,0,0,0,0,0,0,1000,1000,1000,1000,0,0,0,0,0
2025-12-15 00:52:30.487,SERVO_OUTPUT_RAW,1105709847,SERVO_OUTPUT_RAW,0,0,0,0,0,0,0,0,1000,1000,1000,1000,0,0,0,0,0
2025-12-15 00:52:30.587,SERVO_OUTPUT_RAW,1105809779,SERVO_OUTPUT_RAW,0,0,0,0,0,0,0,0,1000,1000,1000,1000,0,0,0,0,0
2025-12-15 00:52:30.687,SERVO_OUTPUT_RAW,1105909816,SERVO_OUTPUT_RAW,0,0,0,0,0,0,0,0,1000,1000,1000,1000,0,0,0,0,0
2025-12-15 00:52:30.787,SERVO_OUTPUT_RAW,1106009849,SERVO_OUTPUT_RAW,0,0,0,0,0,0,0,0,1000,1000,1000,1000,0,0,0,0,0
2025-12-15 00:52:30.887,SERVO_OUTPUT_RAW,1106109774,SERVO_OUTPUT_RAW,0,0,0,0,0,0,0,0,1000,1000,1000,1000,0,0,0,0,0
2025-12-15 00:52:30.987,SERVO_OUTPUT_RAW,1106209774,SERVO_OUTPUT_RAW,0,0,0,0,0,0,0,0,1000,1000,1000,1000,0,0,0,0,0
2025-12-15 00:52:31.087,SERVO_OUTPUT_RAW,1106309803,SERVO_OUTPUT_RAW,0,0,0,0,0,0,0,0,1000,1000,1000,1000,0,0,0,0,0
2025-12-15 00:52:31.187,SERVO_OUTPUT_RAW,1106409798,SERVO_OUTPUT_RAW,0,0,0,0,0,0,0,0,1000,1000,1000,1000,0,0,0,0,0
2025-12-15 00:52:31.286,SERVO_OUTPUT_RAW,1106509788,SERVO_OUTPUT_RAW,0,0,0,0,0,0,0,0,1000,1000,1000,1000,0,0,0,0,0
2025-12-15 00:52:31.386,SERVO_OUTPUT_RAW,1106609813,SERVO_OUTPUT_RAW,0,0,0,0,0,0,0,0,1000,1000,1000,1000,0,0,0,0,0
2025-12-15 00:52:31.487,SERVO_OUTPUT_RAW,1106709825,SERVO_OUTPUT_RAW,0,0,0,0,0,0,0,0,1000,1000,1000,1000,0,0,0,0,0
2025-12-15 00:52:31.587,SERVO_OUTPUT_RAW,1106809825,SERVO_OUTPUT_RAW,0,0,0,0,0,0,0,0,1000,1000,1000,1000,0,0,0,0,0
2025-12-15 00:52:31.687,SERVO_OUTPUT_RAW,1106909866,SERVO_OUTPUT_RAW,0,0,0,0,0,0,0,0,1000,1000,1000,1000,0,0,0,0,0
2025-12-15 00:52:31.787,SERVO_OUTPUT_RAW,1107009825,SERVO_OUTPUT_RAW,0,0,0,0,0,0,0,0,1000,1000,1000,1000,0,0,0,0,0
2025-12-15 00:52:31.887,SERVO_OUTPUT_RAW,1107109821,SERVO_OUTPUT_RAW,0,0,0,0,0,0,0,0,1000,1000,1000,1000,0,0,0,0,0
2025-12-15 00:52:31.987,SERVO_OUTPUT_RAW,1107209850,SERVO_OUTPUT_RAW,0,0,0,0,0,0,0,0,1000,1000,1000,1000,0,0,0,0,0
2025-12-15 00:52:32.087,SERVO_OUTPUT_RAW,1107309826,SERVO_OUTPUT_RAW,0,0,0,0,0,0,0,0,1000,1000,1000,1000,0,0,0,0,0
2025-12-15 00:52:32.186,SERVO_OUTPUT_RAW,1107409785,SERVO_OUTPUT_RAW,0,0,0,0,0,0,0,0,1000,1000,1000,1000,0,0,0,0,0
2025-12-15 00:52:32.286,SERVO_OUTPUT_RAW,1107509820,SERVO_OUTPUT_RAW,0,0,0,0,0,0,0,0,1000,1000,1000,1000,0,0,0,0,0
2025-12-15 00:52:32.389,SERVO_OUTPUT_RAW,1107609874,SERVO_OUTPUT_RAW,0,0,0,0,0,0,0,0,1000,1000,1000,1000,0,0,0,0,0
2025-12-15 00:52:32.487,SERVO_OUTPUT_RAW,1107709773,SERVO_OUTPUT_RAW,0,0,0,0,0,0,0,0,1000,1000,1000,1000,0,0,0,0,0
2025-12-15 00:52:32.586,SERVO_OUTPUT_RAW,1107809784,SERVO_OUTPUT_RAW,0,0,0,0,0,0,0,0,1000,1000,1000,1000,0,0,0,0,0
2025-12-15 00:52:32.687,SERVO_OUTPUT_RAW,1107909810,SERVO_OUTPUT_RAW,0,0,0,0,0,0,0,0,1000,1000,1000,1000,0,0,0,0,0
2025-12-15 00:52:32.787,SERVO_OUTPUT_RAW,1108009788,SERVO_OUTPUT_RAW,0,0,0,0,0,0,0,0,1000,1000,1000,1000,0,0,0,0,0
2025-12-15 00:52:32.887,SERVO_OUTPUT_RAW,1108109802,SERVO_OUTPUT_RAW,0,0,0,0,0,0,0,0,1000,1000,1000,1000,0,0,0,0,0
2025-12-15 00:52:32.987,SERVO_OUTPUT_RAW,1108209799,SERVO_OUTPUT_RAW,0,0,0,0,0,0,0,0,1000,1000,1000,1000,0,0,0,0,0
2025-12-15 00:52:33.086,SERVO_OUTPUT_RAW,1108312149,SERVO_OUTPUT_RAW,0,0,0,0,0,0,0,0,1000,1000,1000,1000,0,0,0,0,0
2025-12-15 00:52:33.186,SERVO_OUTPUT_RAW,1108409855,SERVO_OUTPUT_RAW,0,0,0,0,0,0,0,0,1000,1000,1000,1000,0,0,0,0,0
2025-12-15 00:52:33.287,SERVO_OUTPUT_RAW,1108509809,SERVO_OUTPUT_RAW,0,0,0,0,0,0,0,0,1000,1000,1000,1000,0,0,0,0,0
2025-12-15 00:52:33.386,SERVO_OUTPUT_RAW,1108609807,SERVO_OUTPUT_RAW,0,0,0,0,0,0,0,0,1000,1000,1000,1000,0,0,0,0,0
2025-12-15 00:52:33.487,SERVO_OUTPUT_RAW,1108709824,SERVO_OUTPUT_RAW,0,0,0,0,0,0,0,0,1000,1000,1000,1000,0,0,0,0,0
2025-12-15 00:52:33.587,SERVO_OUTPUT_RAW,1108809841,SERVO_OUTPUT_RAW,0,0,0,0,0,0,0,0,1000,1000,1000,1000,0,0,0,0,0
2025-12-15 00:52:33.687,SERVO_OUTPUT_RAW,1108909865,SERVO_OUTPUT_RAW,0,0,0,0,0,0,0,0,1000,1000,1000,1000,0,0,0,0,0
2025-12-15 00:52:33.787,SERVO_OUTPUT_RAW,1109009823,SERVO_OUTPUT_RAW,0,0,0,0,0,0,0,0,1000,1000,1000,1000,0,0,0,0,0
2025-12-15 00:52:33.887,SERVO_OUTPUT_RAW,1109109814,SERVO_OUTPUT_RAW,0,0,0,0,0,0,0,0,1000,1000,1000,1000,0,0,0,0,0
2025-12-15 00:52:33.987,SERVO_OUTPUT_RAW,1109209824,SERVO_OUTPUT_RAW,0,0,0,0,0,0,0,0,1000,1000,1000,1000,0,0,0,0,0
2025-12-15 00:52:34.087,SERVO_OUTPUT_RAW,1109309779,SERVO_OUTPUT_RAW,0,0,0,0,0,0,0,0,1000,1000,1000,1000,0,0,0,0,0
2025-12-15 00:52:34.187,SERVO_OUTPUT_RAW,1109409795,SERVO_OUTPUT_RAW,0,0,0,0,0,0,0,0,1000,1000,1000,1000,0,0,0,0,0
2025-12-15 00:52:34.287,SERVO_OUTPUT_RAW,1109509783,SERVO_OUTPUT_RAW,0,0,0,0,0,0,0,0,1000,1000,1000,1000,0,0,0,0,0
2025-12-15 00:52:34.387,SERVO_OUTPUT_RAW,1109609775,SERVO_OUTPUT_RAW,0,0,0,0,0,0,0,0,1000,1000,1000,1000,0,0,0,0,0
2025-12-15 00:52:34.487,SERVO_OUTPUT_RAW,1109712174,SERVO_OUTPUT_RAW,0,0,0,0,0,0,0,0,1000,1000,1000,1000,0,0,0,0,0
2025-12-15 00:52:34.587,SERVO_OUTPUT_RAW,1109809809,SERVO_OUTPUT_RAW,0,0,0,0,0,0,0,0,1000,1000,1000,1000,0,0,0,0,0
2025-12-15 00:52:34.687,SERVO_OUTPUT_RAW,1109912132,SERVO_OUTPUT_RAW,0,0,0,0,0,0,0,0,1000,1000,1000,1000,0,0,0,0,0
2025-12-15 00:52:34.787,SERVO_OUTPUT_RAW,1110009792,SERVO_OUTPUT_RAW,0,0,0,0,0,0,0,0,1000,1000,1000,1000,0,0,0,0,0
2025-12-15 00:52:34.887,SERVO_OUTPUT_RAW,1110109786,SERVO_OUTPUT_RAW,0,0,0,0,0,0,0,0,1000,1000,1000,1000,0,0,0,0,0
2025-12-15 00:52:34.987,SERVO_OUTPUT_RAW,1110209852,SERVO_OUTPUT_RAW,0,0,0,0,0,0,0,0,1000,1000,1000,1000,0,0,0,0,0
2025-12-15 00:52:35.087,SERVO_OUTPUT_RAW,1110309843,SERVO_OUTPUT_RAW,0,0,0,0,0,0,0,0,1000,1000,1000,1000,0,0,0,0,0
2025-12-15 00:52:35.187,SERVO_OUTPUT_RAW,1110409859,SERVO_OUTPUT_RAW,0,0,0,0,0,0,0,0,1000,1000,1000,1000,0,0,0,0,0
2025-12-15 00:52:35.287,SERVO_OUTPUT_RAW,1110509782,SERVO_OUTPUT_RAW,0,0,0,0,0,0,0,0,1000,1000,1000,1000,0,0,0,0,0
2025-12-15 00:52:35.387,SERVO_OUTPUT_RAW,1110609801,SERVO_OUTPUT_RAW,0,0,0,0,0,0,0,0,1000,1000,1000,1000,0,0,0,0,0
2025-12-15 00:52:35.487,SERVO_OUTPUT_RAW,1110709815,SERVO_OUTPUT_RAW,0,0,0,0,0,0,0,0,1000,1000,1000,1000,0,0,0,0,0
2025-12-15 00:52:35.587,SERVO_OUTPUT_RAW,1110809831,SERVO_OUTPUT_RAW,0,0,0,0,0,0,0,0,1000,1000,1000,1000,0,0,0,0,0
2025-12-15 00:52:35.687,SERVO_OUTPUT_RAW,1110909785,SERVO_OUTPUT_RAW,0,0,0,0,0,0,0,0,1000,1000,1000,1000,0,0,0,0,0
2025-12-15 00:52:35.787,SERVO_OUTPUT_RAW,1111009795,SERVO_OUTPUT_RAW,0,0,0,0,0,0,0,0,1000,1000,1000,1000,0,0,0,0,0
2025-12-15 00:52:35.887,SERVO_OUTPUT_RAW,1111109788,SERVO_OUTPUT_RAW,0,0,0,0,0,0,0,0,1000,1000,1000,1000,0,0,0,0,0
2025-12-15 00:52:35.987,SERVO_OUTPUT_RAW,1111209796,SERVO_OUTPUT_RAW,0,0,0,0,0,0,0,0,1000,1000,1000,1000,0,0,0,0,0
2025-12-15 00:52:36.087,SERVO_OUTPUT_RAW,1111309822,SERVO_OUTPUT_RAW,0,0,0,0,0,0,0,0,1000,1000,1000,1000,0,0,0,0,0
2025-12-15 00:52:36.187,SERVO_OUTPUT_RAW,1111409845,SERVO_OUTPUT_RAW,0,0,0,0,0,0,0,0,1000,1000,1000,1000,0,0,0,0,0
2025-12-15 00:52:36.287,SERVO_OUTPUT_RAW,1111509841,SERVO_OUTPUT_RAW,0,0,0,0,0,0,0,0,1000,1000,1000,1000,0,0,0,0,0
2025-12-15 00:52:36.387,SERVO_OUTPUT_RAW,1111609784,SERVO_OUTPUT_RAW,0,0,0,0,0,0,0,0,1000,1000,1000,1000,0,0,0,0,0
2025-12-15 00:52:36.487,SERVO_OUTPUT_RAW,1111709829,SERVO_OUTPUT_RAW,0,0,0,0,0,0,0,0,1000,1000,1000,1000,0,0,0,0,0
2025-12-15 00:52:36.587,SERVO_OUTPUT_RAW,1111812124,SERVO_OUTPUT_RAW,0,0,0,0,0,0,0,0,1000,1000,1000,1000,0,0,0,0,0
2025-12-15 00:52:36.687,SERVO_OUTPUT_RAW,1111909848,SERVO_OUTPUT_RAW,0,0,0,0,0,0,0,0,1000,1000,1000,1000,0,0,0,0,0
2025-12-15 00:52:36.787,SERVO_OUTPUT_RAW,1112009777,SERVO_OUTPUT_RAW,0,0,0,0,0,0,0,0,1000,1000,1000,1000,0,0,0,0,0
2025-12-15 00:52:36.887,SERVO_OUTPUT_RAW,1112109802,SERVO_OUTPUT_RAW,0,0,0,0,0,0,0,0,1000,1000,1000,1000,0,0,0,0,0
2025-12-15 00:52:36.987,SERVO_OUTPUT_RAW,1112209809,SERVO_OUTPUT_RAW,0,0,0,0,0,0,0,0,1000,1000,1000,1000,0,0,0,0,0
2025-12-15 00:52:37.088,SERVO_OUTPUT_RAW,1112309820,SERVO_OUTPUT_RAW,0,0,0,0,0,0,0,0,1000,1000,1000,1000,0,0,0,0,0
2025-12-15 00:52:37.187,SERVO_OUTPUT_RAW,1112409795,SERVO_OUTPUT_RAW,0,0,0,0,0,0,0,0,1000,1000,1000,1000,0,0,0,0,0
2025-12-15 00:52:37.287,SERVO_OUTPUT_RAW,1112509800,SERVO_OUTPUT_RAW,0,0,0,0,0,0,0,0,1000,1000,1000,1000,0,0,0,0,0
2025-12-15 00:52:37.388,SERVO_OUTPUT_RAW,1112609808,SERVO_OUTPUT_RAW,0,0,0,0,0,0,0,0,1000,1000,1000,1000,0,0,0,0,0
2025-12-15 00:52:37.490,SERVO_OUTPUT_RAW,1112709790,SERVO_OUTPUT_RAW,0,0,0,0,0,0,0,0,1000,1000,1000,1000,0,0,0,0,0
2025-12-15 00:52:37.587,SERVO_OUTPUT_RAW,1112809807,SERVO_OUTPUT_RAW,0,0,0,0,0,0,0,0,1000,1000,1000,1000,0,0,0,0,0
2025-12-15 00:52:37.687,SERVO_OUTPUT_RAW,1112909812,SERVO_OUTPUT_RAW,0,0,0,0,0,0,0,0,1000,1000,1000,1000,0,0,0,0,0
2025-12-15 00:52:37.788,SERVO_OUTPUT_RAW,1113009819,SERVO_OUTPUT_RAW,0,0,0,0,0,0,0,0,1000,1000,1000,1000,0,0,0,0,0
2025-12-15 00:52:37.887,SERVO_OUTPUT_RAW,1113109852,SERVO_OUTPUT_RAW,0,0,0,0,0,0,0,0,1000,1000,1000,1000,0,0,0,0,0
2025-12-15 00:52:37.987,SERVO_OUTPUT_RAW,1113209810,SERVO_OUTPUT_RAW,0,0,0,0,0,0,0,0,1000,1000,1000,1000,0,0,0,0,0
2025-12-15 00:52:38.087,SERVO_OUTPUT_RAW,1113309808,SERVO_OUTPUT_RAW,0,0,0,0,0,0,0,0,1000,1000,1000,1000,0,0,0,0,0
2025-12-15 00:52:38.187,SERVO_OUTPUT_RAW,1113409852,SERVO_OUTPUT_RAW,0,0,0,0,0,0,0,0,1000,1000,1000,1000,0,0,0,0,0
2025-12-15 00:52:38.287,SERVO_OUTPUT_RAW,1113509860,SERVO_OUTPUT_RAW,0,0,0,0,0,0,0,0,1000,1000,1000,1000,0,0,0,0,0
2025-12-15 00:52:38.387,SERVO_OUTPUT_RAW,1113609789,SERVO_OUTPUT_RAW,0,0,0,0,0,0,0,0,1000,1000,1000,1000,0,0,0,0,0
2025-12-15 00:52:38.487,SERVO_OUTPUT_RAW,1113709815,SERVO_OUTPUT_RAW,0,0,0,0,0,0,0,0,1000,1000,1000,1000,0,0,0,0,0
2025-12-15 00:52:38.587,SERVO_OUTPUT_RAW,1113809820,SERVO_OUTPUT_RAW,0,0,0,0,0,0,0,0,1000,1000,1000,1000,0,0,0,0,0
2025-12-15 00:52:38.687,SERVO_OUTPUT_RAW,1113909888,SERVO_OUTPUT_RAW,0,0,0,0,0,0,0,0,1000,1000,1000,1000,0,0,0,0,0
2025-12-15 00:52:38.788,SERVO_OUTPUT_RAW,1114009798,SERVO_OUTPUT_RAW,0,0,0,0,0,0,0,0,1000,1000,1000,1000,0,0,0,0,0
2025-12-15 00:52:38.887,SERVO_OUTPUT_RAW,1114109801,SERVO_OUTPUT_RAW,0,0,0,0,0,0,0,0,1000,1000,1000,1000,0,0,0,0,0
2025-12-15 00:52:38.987,SERVO_OUTPUT_RAW,1114209785,SERVO_OUTPUT_RAW,0,0,0,0,0,0,0,0,1000,1000,1000,1000,0,0,0,0,0
2025-12-15 00:52:39.087,SERVO_OUTPUT_RAW,1114309784,SERVO_OUTPUT_RAW,0,0,0,0,0,0,0,0,1000,1000,1000,1000,0,0,0,0,0
2025-12-15 00:52:39.187,SERVO_OUTPUT_RAW,1114409802,SERVO_OUTPUT_RAW,0,0,0,0,0,0,0,0,1000,1000,1000,1000,0,0,0,0,0
2025-12-15 00:52:39.288,SERVO_OUTPUT_RAW,1114509825,SERVO_OUTPUT_RAW,0,0,0,0,0,0,0,0,1000,1000,1000,1000,0,0,0,0,0
2025-12-15 00:52:39.388,SERVO_OUTPUT_RAW,1114609831,SERVO_OUTPUT_RAW,0,0,0,0,0,0,0,0,1000,1000,1000,1000,0,0,0,0,0
2025-12-15 00:52:39.487,SERVO_OUTPUT_RAW,1114709886,SERVO_OUTPUT_RAW,0,0,0,0,0,0,0,0,1000,1000,1000,1000,0,0,0,0,0
2025-12-15 00:52:39.587,SERVO_OUTPUT_RAW,1114809829,SERVO_OUTPUT_RAW,0,0,0,0,0,0,0,0,1000,1000,1000,1000,0,0,0,0,0
2025-12-15 00:52:39.687,SERVO_OUTPUT_RAW,1114909816,SERVO_OUTPUT_RAW,0,0,0,0,0,0,0,0,1000,1000,1000,1000,0,0,0,0,0
2025-12-15 00:52:39.788,SERVO_OUTPUT_RAW,1115009850,SERVO_OUTPUT_RAW,0,0,0,0,0,0,0,0,1000,1000,1000,1000,0,0,0,0,0
2025-12-15 00:52:39.889,SERVO_OUTPUT_RAW,1115109856,SERVO_OUTPUT_RAW,0,0,0,0,0,0,0,0,1000,1000,1000,1000,0,0,0,0,0
2025-12-15 00:52:39.988,SERVO_OUTPUT_RAW,1115209778,SERVO_OUTPUT_RAW,0,0,0,0,0,0,0,0,1000,1000,1000,1000,0,0,0,0,0
2025-12-15 00:52:40.088,SERVO_OUTPUT_RAW,1115309825,SERVO_OUTPUT_RAW,0,0,0,0,0,0,0,0,1000,1000,1000,1000,0,0,0,0,0
2025-12-15 00:52:40.188,SERVO_OUTPUT_RAW,1115409829,SERVO_OUTPUT_RAW,0,0,0,0,0,0,0,0,1000,1000,1000,1000,0,0,0,0,0
2025-12-15 00:52:40.287,SERVO_OUTPUT_RAW,1115509773,SERVO_OUTPUT_RAW,0,0,0,0,0,0,0,0,1000,1000,1000,1000,0,0,0,0,0
2025-12-15 00:52:40.388,SERVO_OUTPUT_RAW,1115609770,SERVO_OUTPUT_RAW,0,0,0,0,0,0,0,0,1000,1000,1000,1000,0,0,0,0,0
2025-12-15 00:52:40.488,SERVO_OUTPUT_RAW,1115709801,SERVO_OUTPUT_RAW,0,0,0,0,0,0,0,0,1000,1000,1000,1000,0,0,0,0,0
2025-12-15 00:52:40.587,SERVO_OUTPUT_RAW,1115809781,SERVO_OUTPUT_RAW,0,0,0,0,0,0,0,0,1000,1000,1000,1000,0,0,0,0,0
2025-12-15 00:52:40.687,SERVO_OUTPUT_RAW,1115909789,SERVO_OUTPUT_RAW,0,0,0,0,0,0,0,0,1000,1000,1000,1000,0,0,0,0,0
2025-12-15 00:52:40.788,SERVO_OUTPUT_RAW,1116009892,SERVO_OUTPUT_RAW,0,0,0,0,0,0,0,0,1000,1000,1000,1000,0,0,0,0,0
2025-12-15 00:52:40.888,SERVO_OUTPUT_RAW,1116109831,SERVO_OUTPUT_RAW,0,0,0,0,0,0,0,0,1000,1000,1000,1000,0,0,0,0,0
2025-12-15 00:52:40.988,SERVO_OUTPUT_RAW,1116209855,SERVO_OUTPUT_RAW,0,0,0,0,0,0,0,0,1000,1000,1000,1000,0,0,0,0,0
2025-12-15 00:52:41.088,SERVO_OUTPUT_RAW,1116309812,SERVO_OUTPUT_RAW,0,0,0,0,0,0,0,0,1000,1000,1000,1000,0,0,0,0,0
2025-12-15 00:52:41.188,SERVO_OUTPUT_RAW,1116409812,SERVO_OUTPUT_RAW,0,0,0,0,0,0,0,0,1000,1000,1000,1000,0,0,0,0,0
2025-12-15 00:52:41.288,SERVO_OUTPUT_RAW,1116509822,SERVO_OUTPUT_RAW,0,0,0,0,0,0,0,0,1000,1000,1000,1000,0,0,0,0,0
2025-12-15 00:52:41.388,SERVO_OUTPUT_RAW,1116609847,SERVO_OUTPUT_RAW,0,0,0,0,0,0,0,0,1000,1000,1000,1000,0,0,0,0,0
2025-12-15 00:52:41.488,SERVO_OUTPUT_RAW,1116709787,SERVO_OUTPUT_RAW,0,0,0,0,0,0,0,0,1000,1000,1000,1000,0,0,0,0,0
2025-12-15 00:52:41.588,SERVO_OUTPUT_RAW,1116809806,SERVO_OUTPUT_RAW,0,0,0,0,0,0,0,0,1000,1000,1000,1000,0,0,0,0,0
2025-12-15 00:52:41.688,SERVO_OUTPUT_RAW,1116909823,SERVO_OUTPUT_RAW,0,0,0,0,0,0,0,0,1000,1000,1000,1000,0,0,0,0,0
2025-12-15 00:52:41.788,SERVO_OUTPUT_RAW,1117009840,SERVO_OUTPUT_RAW,0,0,0,0,0,0,0,0,1000,1000,1000,1000,0,0,0,0,0
2025-12-15 00:52:41.888,SERVO_OUTPUT_RAW,1117109795,SERVO_OUTPUT_RAW,0,0,0,0,0,0,0,0,1000,1000,1000,1000,0,0,0,0,0
2025-12-15 00:52:41.987,SERVO_OUTPUT_RAW,1117209778,SERVO_OUTPUT_RAW,0,0,0,0,0,0,0,0,1000,1000,1000,1000,0,0,0,0,0
2025-12-15 00:52:42.088,SERVO_OUTPUT_RAW,1117309804,SERVO_OUTPUT_RAW,0,0,0,0,0,0,0,0,1000,1000,1000,1000,0,0,0,0,0
2025-12-15 00:52:42.187,SERVO_OUTPUT_RAW,1117409789,SERVO_OUTPUT_RAW,0,0,0,0,0,0,0,0,1000,1000,1000,1000,0,0,0,0,0
2025-12-15 00:52:42.287,SERVO_OUTPUT_RAW,1117509825,SERVO_OUTPUT_RAW,0,0,0,0,0,0,0,0,1000,1000,1000,1000,0,0,0,0,0
2025-12-15 00:52:42.391,SERVO_OUTPUT_RAW,1117609832,SERVO_OUTPUT_RAW,0,0,0,0,0,0,0,0,1000,1000,1000,1000,0,0,0,0,0
2025-12-15 00:52:42.489,SERVO_OUTPUT_RAW,1117709855,SERVO_OUTPUT_RAW,0,0,0,0,0,0,0,0,1000,1000,1000,1000,0,0,0,0,0
2025-12-15 00:52:42.586,SERVO_OUTPUT_RAW,1117809821,SERVO_OUTPUT_RAW,0,0,0,0,0,0,0,0,1000,1000,1000,1000,0,0,0,0,0
2025-12-15 00:52:42.687,SERVO_OUTPUT_RAW,1117909781,SERVO_OUTPUT_RAW,0,0,0,0,0,0,0,0,1000,1000,1000,1000,0,0,0,0,0
2025-12-15 00:52:42.787,SERVO_OUTPUT_RAW,1118009925,SERVO_OUTPUT_RAW,0,0,0,0,0,0,0,0,1000,1000,1000,1000,0,0,0,0,0
2025-12-15 00:52:42.887,SERVO_OUTPUT_RAW,1118112065,SERVO_OUTPUT_RAW,0,0,0,0,0,0,0,0,1000,1000,1000,1000,0,0,0,0,0
2025-12-15 00:52:42.987,SERVO_OUTPUT_RAW,1118209820,SERVO_OUTPUT_RAW,0,0,0,0,0,0,0,0,1000,1000,1000,1000,0,0,0,0,0
2025-12-15 00:52:43.087,SERVO_OUTPUT_RAW,1118309792,SERVO_OUTPUT_RAW,0,0,0,0,0,0,0,0,1000,1000,1000,1000,0,0,0,0,0
2025-12-15 00:52:43.187,SERVO_OUTPUT_RAW,1118409809,SERVO_OUTPUT_RAW,0,0,0,0,0,0,0,0,1000,1000,1000,1000,0,0,0,0,0
2025-12-15 00:52:43.287,SERVO_OUTPUT_RAW,1118509824,SERVO_OUTPUT_RAW,0,0,0,0,0,0,0,0,1000,1000,1000,1000,0,0,0,0,0
2025-12-15 00:52:43.387,SERVO_OUTPUT_RAW,1118609791,SERVO_OUTPUT_RAW,0,0,0,0,0,0,0,0,1000,1000,1000,1000,0,0,0,0,0
2025-12-15 00:52:43.487,SERVO_OUTPUT_RAW,1118709781,SERVO_OUTPUT_RAW,0,0,0,0,0,0,0,0,1000,1000,1000,1000,0,0,0,0,0
2025-12-15 00:52:43.587,SERVO_OUTPUT_RAW,1118809799,SERVO_OUTPUT_RAW,0,0,0,0,0,0,0,0,1000,1000,1000,1000,0,0,0,0,0
2025-12-15 00:52:43.687,SERVO_OUTPUT_RAW,1118909794,SERVO_OUTPUT_RAW,0,0,0,0,0,0,0,0,1000,1000,1000,1000,0,0,0,0,0
2025-12-15 00:52:43.787,SERVO_OUTPUT_RAW,1119009789,SERVO_OUTPUT_RAW,0,0,0,0,0,0,0,0,1000,1000,1000,1000,0,0,0,0,0
2025-12-15 00:52:43.887,SERVO_OUTPUT_RAW,1119109797,SERVO_OUTPUT_RAW,0,0,0,0,0,0,0,0,1000,1000,1000,1000,0,0,0,0,0
2025-12-15 00:52:43.987,SERVO_OUTPUT_RAW,1119209835,SERVO_OUTPUT_RAW,0,0,0,0,0,0,0,0,1000,1000,1000,1000,0,0,0,0,0
2025-12-15 00:52:44.087,SERVO_OUTPUT_RAW,1119309858,SERVO_OUTPUT_RAW,0,0,0,0,0,0,0,0,1000,1000,1000,1000,0,0,0,0,0
2025-12-15 00:52:44.187,SERVO_OUTPUT_RAW,1119409813,SERVO_OUTPUT_RAW,0,0,0,0,0,0,0,0,1000,1000,1000,1000,0,0,0,0,0
2025-12-15 00:52:44.287,SERVO_OUTPUT_RAW,1119509802,SERVO_OUTPUT_RAW,0,0,0,0,0,0,0,0,1000,1000,1000,1000,0,0,0,0,0
2025-12-15 00:52:44.387,SERVO_OUTPUT_RAW,1119609827,SERVO_OUTPUT_RAW,0,0,0,0,0,0,0,0,1000,1000,1000,1000,0,0,0,0,0
2025-12-15 00:52:44.487,SERVO_OUTPUT_RAW,1119709837,SERVO_OUTPUT_RAW,0,0,0,0,0,0,0,0,1000,1000,1000,1000,0,0,0,0,0
2025-12-15 00:52:44.587,SERVO_OUTPUT_RAW,1119809795,SERVO_OUTPUT_RAW,0,0,0,0,0,0,0,0,1000,1000,1000,1000,0,0,0,0,0
2025-12-15 00:52:44.687,SERVO_OUTPUT_RAW,1119909802,SERVO_OUTPUT_RAW,0,0,0,0,0,0,0,0,1000,1000,1000,1000,0,0,0,0,0
2025-12-15 00:52:44.788,SERVO_OUTPUT_RAW,1120009805,SERVO_OUTPUT_RAW,0,0,0,0,0,0,0,0,1000,1000,1000,1000,0,0,0,0,0
2025-12-15 00:52:44.887,SERVO_OUTPUT_RAW,1120109814,SERVO_OUTPUT_RAW,0,0,0,0,0,0,0,0,1000,1000,1000,1000,0,0,0,0,0
2025-12-15 00:52:44.987,SERVO_OUTPUT_RAW,1120209885,SERVO_OUTPUT_RAW,0,0,0,0,0,0,0,0,1000,1000,1000,1000,0,0,0,0,0
2025-12-15 00:52:45.087,SERVO_OUTPUT_RAW,1120309794,SERVO_OUTPUT_RAW,0,0,0,0,0,0,0,0,1000,1000,1000,1000,0,0,0,0,0
2025-12-15 00:52:45.187,SERVO_OUTPUT_RAW,1120409796,SERVO_OUTPUT_RAW,0,0,0,0,0,0,0,0,1000,1000,1000,1000,0,0,0,0,0
2025-12-15 00:52:45.288,SERVO_OUTPUT_RAW,1120509809,SERVO_OUTPUT_RAW,0,0,0,0,0,0,0,0,1000,1000,1000,1000,0,0,0,0,0
2025-12-15 00:52:45.387,SERVO_OUTPUT_RAW,1120609788,SERVO_OUTPUT_RAW,0,0,0,0,0,0,0,0,1000,1000,1000,1000,0,0,0,0,0
2025-12-15 00:52:45.487,SERVO_OUTPUT_RAW,1120709819,SERVO_OUTPUT_RAW,0,0,0,0,0,0,0,0,1000,1000,1000,1000,0,0,0,0,0
2025-12-15 00:52:45.587,SERVO_OUTPUT_RAW,1120809851,SERVO_OUTPUT_RAW,0,0,0,0,0,0,0,0,1000,1000,1000,1000,0,0,0,0,0
2025-12-15 00:52:45.687,SERVO_OUTPUT_RAW,1120909867,SERVO_OUTPUT_RAW,0,0,0,0,0,0,0,0,1000,1000,1000,1000,0,0,0,0,0
2025-12-15 00:52:45.788,SERVO_OUTPUT_RAW,1121009787,SERVO_OUTPUT_RAW,0,0,0,0,0,0,0,0,1000,1000,1000,1000,0,0,0,0,0
2025-12-15 00:52:45.887,SERVO_OUTPUT_RAW,1121109809,SERVO_OUTPUT_RAW,0,0,0,0,0,0,0,0,1000,1000,1000,1000,0,0,0,0,0
2025-12-15 00:52:45.987,SERVO_OUTPUT_RAW,1121209842,SERVO_OUTPUT_RAW,0,0,0,0,0,0,0,0,1000,1000,1000,1000,0,0,0,0,0
2025-12-15 00:52:46.087,SERVO_OUTPUT_RAW,1121309849,SERVO_OUTPUT_RAW,0,0,0,0,0,0,0,0,1000,1000,1000,1000,0,0,0,0,0
2025-12-15 00:52:46.187,SERVO_OUTPUT_RAW,1121409786,SERVO_OUTPUT_RAW,0,0,0,0,0,0,0,0,1000,1000,1000,1000,0,0,0,0,0
2025-12-15 00:52:46.288,SERVO_OUTPUT_RAW,1121509821,SERVO_OUTPUT_RAW,0,0,0,0,0,0,0,0,1000,1000,1000,1000,0,0,0,0,0
2025-12-15 00:52:46.387,SERVO_OUTPUT_RAW,1121609839,SERVO_OUTPUT_RAW,0,0,0,0,0,0,0,0,1000,1000,1000,1000,0,0,0,0,0
2025-12-15 00:52:46.487,SERVO_OUTPUT_RAW,1121709781,SERVO_OUTPUT_RAW,0,0,0,0,0,0,0,0,1000,1000,1000,1000,0,0,0,0,0
2025-12-15 00:52:46.587,SERVO_OUTPUT_RAW,1121809792,SERVO_OUTPUT_RAW,0,0,0,0,0,0,0,0,1000,1000,1000,1000,0,0,0,0,0
2025-12-15 00:52:46.687,SERVO_OUTPUT_RAW,1121909775,SERVO_OUTPUT_RAW,0,0,0,0,0,0,0,0,1000,1000,1000,1000,0,0,0,0,0
2025-12-15 00:52:46.787,SERVO_OUTPUT_RAW,1122009779,SERVO_OUTPUT_RAW,0,0,0,0,0,0,0,0,1000,1000,1000,1000,0,0,0,0,0
2025-12-15 00:52:46.888,SERVO_OUTPUT_RAW,1122109781,SERVO_OUTPUT_RAW,0,0,0,0,0,0,0,0,1000,1000,1000,1000,0,0,0,0,0
2025-12-15 00:52:46.987,SERVO_OUTPUT_RAW,1122209790,SERVO_OUTPUT_RAW,0,0,0,0,0,0,0,0,1000,1000,1000,1000,0,0,0,0,0
2025-12-15 00:52:47.087,SERVO_OUTPUT_RAW,1122312169,SERVO_OUTPUT_RAW,0,0,0,0,0,0,0,0,1000,1000,1000,1000,0,0,0,0,0
2025-12-15 00:52:47.187,SERVO_OUTPUT_RAW,1122409834,SERVO_OUTPUT_RAW,0,0,0,0,0,0,0,0,1000,1000,1000,1000,0,0,0,0,0
2025-12-15 00:52:47.288,SERVO_OUTPUT_RAW,1122512126,SERVO_OUTPUT_RAW,0,0,0,0,0,0,0,0,1000,1000,1000,1000,0,0,0,0,0
2025-12-15 00:52:47.389,SERVO_OUTPUT_RAW,1122609791,SERVO_OUTPUT_RAW,0,0,0,0,0,0,0,0,1000,1000,1000,1000,0,0,0,0,0
2025-12-15 00:52:47.487,SERVO_OUTPUT_RAW,1122709819,SERVO_OUTPUT_RAW,0,0,0,0,0,0,0,0,1000,1000,1000,1000,0,0,0,0,0
2025-12-15 00:52:47.587,SERVO_OUTPUT_RAW,1122809883,SERVO_OUTPUT_RAW,0,0,0,0,0,0,0,0,1000,1000,1000,1000,0,0,0,0,0
2025-12-15 00:52:47.687,SERVO_OUTPUT_RAW,1122909783,SERVO_OUTPUT_RAW,0,0,0,0,0,0,0,0,1000,1000,1000,1000,0,0,0,0,0
2025-12-15 00:52:47.788,SERVO_OUTPUT_RAW,1123009791,SERVO_OUTPUT_RAW,0,0,0,0,0,0,0,0,1000,1000,1000,1000,0,0,0,0,0
2025-12-15 00:52:47.887,SERVO_OUTPUT_RAW,1123109807,SERVO_OUTPUT_RAW,0,0,0,0,0,0,0,0,1000,1000,1000,1000,0,0,0,0,0
2025-12-15 00:52:47.987,SERVO_OUTPUT_RAW,1123209817,SERVO_OUTPUT_RAW,0,0,0,0,0,0,0,0,1000,1000,1000,1000,0,0,0,0,0
2025-12-15 00:52:48.087,SERVO_OUTPUT_RAW,1123309779,SERVO_OUTPUT_RAW,0,0,0,0,0,0,0,0,1000,1000,1000,1000,0,0,0,0,0
2025-12-15 00:52:48.187,SERVO_OUTPUT_RAW,1123409803,SERVO_OUTPUT_RAW,0,0,0,0,0,0,0,0,1000,1000,1000,1000,0,0,0,0,0
2025-12-15 00:52:48.288,SERVO_OUTPUT_RAW,1123509786,SERVO_OUTPUT_RAW,0,0,0,0,0,0,0,0,1000,1000,1000,1000,0,0,0,0,0
2025-12-15 00:52:48.388,SERVO_OUTPUT_RAW,1123609784,SERVO_OUTPUT_RAW,0,0,0,0,0,0,0,0,1000,1000,1000,1000,0,0,0,0,0
2025-12-15 00:52:48.487,SERVO_OUTPUT_RAW,1123709798,SERVO_OUTPUT_RAW,0,0,0,0,0,0,0,0,1000,1000,1000,1000,0,0,0,0,0
2025-12-15 00:52:48.587,SERVO_OUTPUT_RAW,1123809776,SERVO_OUTPUT_RAW,0,0,0,0,0,0,0,0,1000,1000,1000,1000,0,0,0,0,0
2025-12-15 00:52:48.688,SERVO_OUTPUT_RAW,1123909840,SERVO_OUTPUT_RAW,0,0,0,0,0,0,0,0,1000,1000,1000,1000,0,0,0,0,0
2025-12-15 00:52:48.788,SERVO_OUTPUT_RAW,1124009852,SERVO_OUTPUT_RAW,0,0,0,0,0,0,0,0,1000,1000,1000,1000,0,0,0,0,0
2025-12-15 00:52:48.888,SERVO_OUTPUT_RAW,1124109806,SERVO_OUTPUT_RAW,0,0,0,0,0,0,0,0,1000,1000,1000,1000,0,0,0,0,0
2025-12-15 00:52:48.988,SERVO_OUTPUT_RAW,1124209822,SERVO_OUTPUT_RAW,0,0,0,0,0,0,0,0,1000,1000,1000,1000,0,0,0,0,0
2025-12-15 00:52:49.088,SERVO_OUTPUT_RAW,1124309841,SERVO_OUTPUT_RAW,0,0,0,0,0,0,0,0,1000,1000,1000,1000,0,0,0,0,0
2025-12-15 00:52:49.188,SERVO_OUTPUT_RAW,1124412005,SERVO_OUTPUT_RAW,0,0,0,0,0,0,0,0,1000,1000,1000,1000,0,0,0,0,0
2025-12-15 00:52:49.288,SERVO_OUTPUT_RAW,1124509784,SERVO_OUTPUT_RAW,0,0,0,0,0,0,0,0,1000,1000,1000,1000,0,0,0,0,0
2025-12-15 00:52:49.388,SERVO_OUTPUT_RAW,1124609789,SERVO_OUTPUT_RAW,0,0,0,0,0,0,0,0,1000,1000,1000,1000,0,0,0,0,0
2025-12-15 00:52:49.488,SERVO_OUTPUT_RAW,1124709815,SERVO_OUTPUT_RAW,0,0,0,0,0,0,0,0,1000,1000,1000,1000,0,0,0,0,0
2025-12-15 00:52:49.588,SERVO_OUTPUT_RAW,1124809824,SERVO_OUTPUT_RAW,0,0,0,0,0,0,0,0,1000,1000,1000,1000,0,0,0,0,0
2025-12-15 00:52:49.688,SERVO_OUTPUT_RAW,1124909776,SERVO_OUTPUT_RAW,0,0,0,0,0,0,0,0,1000,1000,1000,1000,0,0,0,0,0
2025-12-15 00:52:49.788,SERVO_OUTPUT_RAW,1125009786,SERVO_OUTPUT_RAW,0,0,0,0,0,0,0,0,1000,1000,1000,1000,0,0,0,0,0
2025-12-15 00:52:49.926,SERVO_OUTPUT_RAW,1125109786,SERVO_OUTPUT_RAW,0,0,0,0,0,0,0,0,1000,1000,1000,1000,0,0,0,0,0
2025-12-15 00:52:49.988,SERVO_OUTPUT_RAW,1125209799,SERVO_OUTPUT_RAW,0,0,0,0,0,0,0,0,1000,1000,1000,1000,0,0,0,0,0
2025-12-15 00:52:50.088,SERVO_OUTPUT_RAW,1125309798,SERVO_OUTPUT_RAW,0,0,0,0,0,0,0,0,1000,1000,1000,1000,0,0,0,0,0
2025-12-15 00:52:50.188,SERVO_OUTPUT_RAW,1125409826,SERVO_OUTPUT_RAW,0,0,0,0,0,0,0,0,1000,1000,1000,1000,0,0,0,0,0
2025-12-15 00:52:50.288,SERVO_OUTPUT_RAW,1125509827,SERVO_OUTPUT_RAW,0,0,0,0,0,0,0,0,1000,1000,1000,1000,0,0,0,0,0
2025-12-15 00:52:50.388,SERVO_OUTPUT_RAW,1125609805,SERVO_OUTPUT_RAW,0,0,0,0,0,0,0,0,1000,1000,1000,1000,0,0,0,0,0
2025-12-15 00:52:50.488,SERVO_OUTPUT_RAW,1125709809,SERVO_OUTPUT_RAW,0,0,0,0,0,0,0,0,1000,1000,1000,1000,0,0,0,0,0
2025-12-15 00:52:50.588,SERVO_OUTPUT_RAW,1125809808,SERVO_OUTPUT_RAW,0,0,0,0,0,0,0,0,1000,1000,1000,1000,0,0,0,0,0
2025-12-15 00:52:50.688,SERVO_OUTPUT_RAW,1125909842,SERVO_OUTPUT_RAW,0,0,0,0,0,0,0,0,1000,1000,1000,1000,0,0,0,0,0
2025-12-15 00:52:50.788,SERVO_OUTPUT_RAW,1126009838,SERVO_OUTPUT_RAW,0,0,0,0,0,0,0,0,1000,1000,1000,1000,0,0,0,0,0
2025-12-15 00:52:50.888,SERVO_OUTPUT_RAW,1126109801,SERVO_OUTPUT_RAW,0,0,0,0,0,0,0,0,1000,1000,1000,1000,0,0,0,0,0
2025-12-15 00:52:50.988,SERVO_OUTPUT_RAW,1126209809,SERVO_OUTPUT_RAW,0,0,0,0,0,0,0,0,1000,1000,1000,1000,0,0,0,0,0
2025-12-15 00:52:51.088,SERVO_OUTPUT_RAW,1126309822,SERVO_OUTPUT_RAW,0,0,0,0,0,0,0,0,1000,1000,1000,1000,0,0,0,0,0
2025-12-15 00:52:51.188,SERVO_OUTPUT_RAW,1126409774,SERVO_OUTPUT_RAW,0,0,0,0,0,0,0,0,1000,1000,1000,1000,0,0,0,0,0
2025-12-15 00:52:51.288,SERVO_OUTPUT_RAW,1126509872,SERVO_OUTPUT_RAW,0,0,0,0,0,0,0,0,1000,1000,1000,1000,0,0,0,0,0
2025-12-15 00:52:51.387,SERVO_OUTPUT_RAW,1126609773,SERVO_OUTPUT_RAW,0,0,0,0,0,0,0,0,1000,1000,1000,1000,0,0,0,0,0
2025-12-15 00:52:51.487,SERVO_OUTPUT_RAW,1126709795,SERVO_OUTPUT_RAW,0,0,0,0,0,0,0,0,1000,1000,1000,1000,0,0,0,0,0
2025-12-15 00:52:51.587,SERVO_OUTPUT_RAW,1126809777,SERVO_OUTPUT_RAW,0,0,0,0,0,0,0,0,1000,1000,1000,1000,0,0,0,0,0
2025-12-15 00:52:51.687,SERVO_OUTPUT_RAW,1126909799,SERVO_OUTPUT_RAW,0,0,0,0,0,0,0,0,1000,1000,1000,1000,0,0,0,0,0
2025-12-15 00:52:51.787,SERVO_OUTPUT_RAW,1127009840,SERVO_OUTPUT_RAW,0,0,0,0,0,0,0,0,1000,1000,1000,1000,0,0,0,0,0
2025-12-15 00:52:51.887,SERVO_OUTPUT_RAW,1127109845,SERVO_OUTPUT_RAW,0,0,0,0,0,0,0,0,1000,1000,1000,1000,0,0,0,0,0
2025-12-15 00:52:51.987,SERVO_OUTPUT_RAW,1127209865,SERVO_OUTPUT_RAW,0,0,0,0,0,0,0,0,1000,1000,1000,1000,0,0,0,0,0
2025-12-15 00:52:52.087,SERVO_OUTPUT_RAW,1127309840,SERVO_OUTPUT_RAW,0,0,0,0,0,0,0,0,1000,1000,1000,1000,0,0,0,0,0
2025-12-15 00:52:52.187,SERVO_OUTPUT_RAW,1127409819,SERVO_OUTPUT_RAW,0,0,0,0,0,0,0,0,1000,1000,1000,1000,0,0,0,0,0
2025-12-15 00:52:52.287,SERVO_OUTPUT_RAW,1127509846,SERVO_OUTPUT_RAW,0,0,0,0,0,0,0,0,1000,1000,1000,1000,0,0,0,0,0
2025-12-15 00:52:52.387,SERVO_OUTPUT_RAW,1127609780,SERVO_OUTPUT_RAW,0,0,0,0,0,0,0,0,1000,1000,1000,1000,0,0,0,0,0
2025-12-15 00:52:52.488,SERVO_OUTPUT_RAW,1127709798,SERVO_OUTPUT_RAW,0,0,0,0,0,0,0,0,1000,1000,1000,1000,0,0,0,0,0
2025-12-15 00:52:52.587,SERVO_OUTPUT_RAW,1127809820,SERVO_OUTPUT_RAW,0,0,0,0,0,0,0,0,1000,1000,1000,1000,0,0,0,0,0
2025-12-15 00:52:52.687,SERVO_OUTPUT_RAW,1127909812,SERVO_OUTPUT_RAW,0,0,0,0,0,0,0,0,1000,1000,1000,1000,0,0,0,0,0
2025-12-15 00:52:52.787,SERVO_OUTPUT_RAW,1128009784,SERVO_OUTPUT_RAW,0,0,0,0,0,0,0,0,1000,1000,1000,1000,0,0,0,0,0
2025-12-15 00:52:52.888,SERVO_OUTPUT_RAW,1128109782,SERVO_OUTPUT_RAW,0,0,0,0,0,0,0,0,1000,1000,1000,1000,0,0,0,0,0
2025-12-15 00:52:52.987,SERVO_OUTPUT_RAW,1128209796,SERVO_OUTPUT_RAW,0,0,0,0,0,0,0,0,1000,1000,1000,1000,0,0,0,0,0
2025-12-15 00:52:53.087,SERVO_OUTPUT_RAW,1128309790,SERVO_OUTPUT_RAW,0,0,0,0,0,0,0,0,1000,1000,1000,1000,0,0,0,0,0
2025-12-15 00:52:53.188,SERVO_OUTPUT_RAW,1128409781,SERVO_OUTPUT_RAW,0,0,0,0,0,0,0,0,1000,1000,1000,1000,0,0,0,0,0
2025-12-15 00:52:53.287,SERVO_OUTPUT_RAW,1128509809,SERVO_OUTPUT_RAW,0,0,0,0,0,0,0,0,1000,1000,1000,1000,0,0,0,0,0
2025-12-15 00:52:53.387,SERVO_OUTPUT_RAW,1128612215,SERVO_OUTPUT_RAW,0,0,0,0,0,0,0,0,1000,1000,1000,1000,0,0,0,0,0
2025-12-15 00:52:53.487,SERVO_OUTPUT_RAW,1128709865,SERVO_OUTPUT_RAW,0,0,0,0,0,0,0,0,1000,1000,1000,1000,0,0,0,0,0
2025-12-15 00:52:53.587,SERVO_OUTPUT_RAW,1128809820,SERVO_OUTPUT_RAW,0,0,0,0,0,0,0,0,1000,1000,1000,1000,0,0,0,0,0
2025-12-15 00:52:53.688,SERVO_OUTPUT_RAW,1128909809,SERVO_OUTPUT_RAW,0,0,0,0,0,0,0,0,1000,1000,1000,1000,0,0,0,0,0
2025-12-15 00:52:53.787,SERVO_OUTPUT_RAW,1129009842,SERVO_OUTPUT_RAW,0,0,0,0,0,0,0,0,1000,1000,1000,1000,0,0,0,0,0
2025-12-15 00:52:53.887,SERVO_OUTPUT_RAW,1129109837,SERVO_OUTPUT_RAW,0,0,0,0,0,0,0,0,1000,1000,1000,1000,0,0,0,0,0
2025-12-15 00:52:53.987,SERVO_OUTPUT_RAW,1129209820,SERVO_OUTPUT_RAW,0,0,0,0,0,0,0,0,1000,1000,1000,1000,0,0,0,0,0
2025-12-15 00:52:54.088,SERVO_OUTPUT_RAW,1129309805,SERVO_OUTPUT_RAW,0,0,0,0,0,0,0,0,1000,1000,1000,1000,0,0,0,0,0
2025-12-15 00:52:54.187,SERVO_OUTPUT_RAW,1129409834,SERVO_OUTPUT_RAW,0,0,0,0,0,0,0,0,1000,1000,1000,1000,0,0,0,0,0
2025-12-15 00:52:54.287,SERVO_OUTPUT_RAW,1129509809,SERVO_OUTPUT_RAW,0,0,0,0,0,0,0,0,1000,1000,1000,1000,0,0,0,0,0
2025-12-15 00:52:54.387,SERVO_OUTPUT_RAW,1129609806,SERVO_OUTPUT_RAW,0,0,0,0,0,0,0,0,1000,1000,1000,1000,0,0,0,0,0
2025-12-15 00:52:54.487,SERVO_OUTPUT_RAW,1129709814,SERVO_OUTPUT_RAW,0,0,0,0,0,0,0,0,1000,1000,1000,1000,0,0,0,0,0
2025-12-15 00:52:54.587,SERVO_OUTPUT_RAW,1129809789,SERVO_OUTPUT_RAW,0,0,0,0,0,0,0,0,1000,1000,1000,1000,0,0,0,0,0
2025-12-15 00:52:54.687,SERVO_OUTPUT_RAW,1129909788,SERVO_OUTPUT_RAW,0,0,0,0,0,0,0,0,1000,1000,1000,1000,0,0,0,0,0
2025-12-15 00:52:54.788,SERVO_OUTPUT_RAW,1130009795,SERVO_OUTPUT_RAW,0,0,0,0,0,0,0,0,1000,1000,1000,1000,0,0,0,0,0
2025-12-15 00:52:54.887,SERVO_OUTPUT_RAW,1130109826,SERVO_OUTPUT_RAW,0,0,0,0,0,0,0,0,1000,1000,1000,1000,0,0,0,0,0
2025-12-15 00:52:54.987,SERVO_OUTPUT_RAW,1130209859,SERVO_OUTPUT_RAW,0,0,0,0,0,0,0,0,1000,1000,1000,1000,0,0,0,0,0
2025-12-15 00:52:55.087,SERVO_OUTPUT_RAW,1130309807,SERVO_OUTPUT_RAW,0,0,0,0,0,0,0,0,1000,1000,1000,1000,0,0,0,0,0
2025-12-15 00:52:55.187,SERVO_OUTPUT_RAW,1130409791,SERVO_OUTPUT_RAW,0,0,0,0,0,0,0,0,1000,1000,1000,1000,0,0,0,0,0
2025-12-15 00:52:55.287,SERVO_OUTPUT_RAW,1130509824,SERVO_OUTPUT_RAW,0,0,0,0,0,0,0,0,1000,1000,1000,1000,0,0,0,0,0
2025-12-15 00:52:55.387,SERVO_OUTPUT_RAW,1130609862,SERVO_OUTPUT_RAW,0,0,0,0,0,0,0,0,1000,1000,1000,1000,0,0,0,0,0
2025-12-15 00:52:55.487,SERVO_OUTPUT_RAW,1130709915,SERVO_OUTPUT_RAW,0,0,0,0,0,0,0,0,1000,1000,1000,1000,0,0,0,0,0
2025-12-15 00:52:55.587,SERVO_OUTPUT_RAW,1130809776,SERVO_OUTPUT_RAW,0,0,0,0,0,0,0,0,1000,1000,1000,1000,0,0,0,0,0
2025-12-15 00:52:55.688,SERVO_OUTPUT_RAW,1130909807,SERVO_OUTPUT_RAW,0,0,0,0,0,0,0,0,1000,1000,1000,1000,0,0,0,0,0
2025-12-15 00:52:55.787,SERVO_OUTPUT_RAW,1131009809,SERVO_OUTPUT_RAW,0,0,0,0,0,0,0,0,1000,1000,1000,1000,0,0,0,0,0
2025-12-15 00:52:55.888,SERVO_OUTPUT_RAW,1131109773,SERVO_OUTPUT_RAW,0,0,0,0,0,0,0,0,1000,1000,1000,1000,0,0,0,0,0
2025-12-15 00:52:55.987,SERVO_OUTPUT_RAW,1131209811,SERVO_OUTPUT_RAW,0,0,0,0,0,0,0,0,1000,1000,1000,1000,0,0,0,0,0
2025-12-15 00:52:56.088,SERVO_OUTPUT_RAW,1131309791,SERVO_OUTPUT_RAW,0,0,0,0,0,0,0,0,1000,1000,1000,1000,0,0,0,0,0
2025-12-15 00:52:56.188,SERVO_OUTPUT_RAW,1131409791,SERVO_OUTPUT_RAW,0,0,0,0,0,0,0,0,1000,1000,1000,1000,0,0,0,0,0
2025-12-15 00:52:56.287,SERVO_OUTPUT_RAW,1131509814,SERVO_OUTPUT_RAW,0,0,0,0,0,0,0,0,1000,1000,1000,1000,0,0,0,0,0
2025-12-15 00:52:56.388,SERVO_OUTPUT_RAW,1131609795,SERVO_OUTPUT_RAW,0,0,0,0,0,0,0,0,1000,1000,1000,1000,0,0,0,0,0
2025-12-15 00:52:56.488,SERVO_OUTPUT_RAW,1131709841,SERVO_OUTPUT_RAW,0,0,0,0,0,0,0,0,1000,1000,1000,1000,0,0,0,0,0
2025-12-15 00:52:56.588,SERVO_OUTPUT_RAW,1131809848,SERVO_OUTPUT_RAW,0,0,0,0,0,0,0,0,1000,1000,1000,1000,0,0,0,0,0
2025-12-15 00:52:56.688,SERVO_OUTPUT_RAW,1131909808,SERVO_OUTPUT_RAW,0,0,0,0,0,0,0,0,1000,1000,1000,1000,0,0,0,0,0
2025-12-15 00:52:56.788,SERVO_OUTPUT_RAW,1132009805,SERVO_OUTPUT_RAW,0,0,0,0,0,0,0,0,1000,1000,1000,1000,0,0,0,0,0
2025-12-15 00:52:56.888,SERVO_OUTPUT_RAW,1132109823,SERVO_OUTPUT_RAW,0,0,0,0,0,0,0,0,1000,1000,1000,1000,0,0,0,0,0
2025-12-15 00:52:56.988,SERVO_OUTPUT_RAW,1132209844,SERVO_OUTPUT_RAW,0,0,0,0,0,0,0,0,1000,1000,1000,1000,0,0,0,0,0
2025-12-15 00:52:57.088,SERVO_OUTPUT_RAW,1132309786,SERVO_OUTPUT_RAW,0,0,0,0,0,0,0,0,1000,1000,1000,1000,0,0,0,0,0
2025-12-15 00:52:57.188,SERVO_OUTPUT_RAW,1132409788,SERVO_OUTPUT_RAW,0,0,0,0,0,0,0,0,1000,1000,1000,1000,0,0,0,0,0
2025-12-15 00:52:57.288,SERVO_OUTPUT_RAW,1132509850,SERVO_OUTPUT_RAW,0,0,0,0,0,0,0,0,1000,1000,1000,1000,0,0,0,0,0
2025-12-15 00:52:57.390,SERVO_OUTPUT_RAW,1132609863,SERVO_OUTPUT_RAW,0,0,0,0,0,0,0,0,1000,1000,1000,1000,0,0,0,0,0
2025-12-15 00:52:57.487,SERVO_OUTPUT_RAW,1132709793,SERVO_OUTPUT_RAW,0,0,0,0,0,0,0,0,1000,1000,1000,1000,0,0,0,0,0
2025-12-15 00:52:57.587,SERVO_OUTPUT_RAW,1132809889,SERVO_OUTPUT_RAW,0,0,0,0,0,0,0,0,1000,1000,1000,1000,0,0,0,0,0
2025-12-15 00:52:57.688,SERVO_OUTPUT_RAW,1132909792,SERVO_OUTPUT_RAW,0,0,0,0,0,0,0,0,1000,1000,1000,1000,0,0,0,0,0
2025-12-15 00:52:57.788,SERVO_OUTPUT_RAW,1133009795,SERVO_OUTPUT_RAW,0,0,0,0,0,0,0,0,1000,1000,1000,1000,0,0,0,0,0
2025-12-15 00:52:57.888,SERVO_OUTPUT_RAW,1133109809,SERVO_OUTPUT_RAW,0,0,0,0,0,0,0,0,1000,1000,1000,1000,0,0,0,0,0
2025-12-15 00:52:57.988,SERVO_OUTPUT_RAW,1133209814,SERVO_OUTPUT_RAW,0,0,0,0,0,0,0,0,1000,1000,1000,1000,0,0,0,0,0
2025-12-15 00:52:58.088,SERVO_OUTPUT_RAW,1133309837,SERVO_OUTPUT_RAW,0,0,0,0,0,0,0,0,1000,1000,1000,1000,0,0,0,0,0
2025-12-15 00:52:58.188,SERVO_OUTPUT_RAW,1133409792,SERVO_OUTPUT_RAW,0,0,0,0,0,0,0,0,1000,1000,1000,1000,0,0,0,0,0
2025-12-15 00:52:58.288,SERVO_OUTPUT_RAW,1133509787,SERVO_OUTPUT_RAW,0,0,0,0,0,0,0,0,1000,1000,1000,1000,0,0,0,0,0
2025-12-15 00:52:58.388,SERVO_OUTPUT_RAW,1133609809,SERVO_OUTPUT_RAW,0,0,0,0,0,0,0,0,1000,1000,1000,1000,0,0,0,0,0
2025-12-15 00:52:58.488,SERVO_OUTPUT_RAW,1133709873,SERVO_OUTPUT_RAW,0,0,0,0,0,0,0,0,1000,1000,1000,1000,0,0,0,0,0
2025-12-15 00:52:58.588,SERVO_OUTPUT_RAW,1133809825,SERVO_OUTPUT_RAW,0,0,0,0,0,0,0,0,1000,1000,1000,1000,0,0,0,0,0
2025-12-15 00:52:58.688,SERVO_OUTPUT_RAW,1133909793,SERVO_OUTPUT_RAW,0,0,0,0,0,0,0,0,1000,1000,1000,1000,0,0,0,0,0
2025-12-15 00:52:58.788,SERVO_OUTPUT_RAW,1134009808,SERVO_OUTPUT_RAW,0,0,0,0,0,0,0,0,1000,1000,1000,1000,0,0,0,0,0
2025-12-15 00:52:58.888,SERVO_OUTPUT_RAW,1134109826,SERVO_OUTPUT_RAW,0,0,0,0,0,0,0,0,1000,1000,1000,1000,0,0,0,0,0
2025-12-15 00:52:58.988,SERVO_OUTPUT_RAW,1134209843,SERVO_OUTPUT_RAW,0,0,0,0,0,0,0,0,1000,1000,1000,1000,0,0,0,0,0
2025-12-15 00:52:59.088,SERVO_OUTPUT_RAW,1134309788,SERVO_OUTPUT_RAW,0,0,0,0,0,0,0,0,1000,1000,1000,1000,0,0,0,0,0
2025-12-15 00:52:59.188,SERVO_OUTPUT_RAW,1134409792,SERVO_OUTPUT_RAW,0,0,0,0,0,0,0,0,1000,1000,1000,1000,0,0,0,0,0
2025-12-15 00:52:59.288,SERVO_OUTPUT_RAW,1134509792,SERVO_OUTPUT_RAW,0,0,0,0,0,0,0,0,1000,1000,1000,1000,0,0,0,0,0
2025-12-15 00:52:59.388,SERVO_OUTPUT_RAW,1134609778,SERVO_OUTPUT_RAW,0,0,0,0,0,0,0,0,1000,1000,1000,1000,0,0,0,0,0
2025-12-15 00:52:59.488,SERVO_OUTPUT_RAW,1134709793,SERVO_OUTPUT_RAW,0,0,0,0,0,0,0,0,1000,1000,1000,1000,0,0,0,0,0
2025-12-15 00:52:59.588,SERVO_OUTPUT_RAW,1134809820,SERVO_OUTPUT_RAW,0,0,0,0,0,0,0,0,1000,1000,1000,1000,0,0,0,0,0
2025-12-15 00:52:59.688,SERVO_OUTPUT_RAW,1134912177,SERVO_OUTPUT_RAW,0,0,0,0,0,0,0,0,1000,1000,1000,1000,0,0,0,0,0
2025-12-15 00:52:59.788,SERVO_OUTPUT_RAW,1135009809,SERVO_OUTPUT_RAW,0,0,0,0,0,0,0,0,1000,1000,1000,1000,0,0,0,0,0
2025-12-15 00:52:59.888,SERVO_OUTPUT_RAW,1135109830,SERVO_OUTPUT_RAW,0,0,0,0,0,0,0,0,1000,1000,1000,1000,0,0,0,0,0
2025-12-15 00:52:59.988,SERVO_OUTPUT_RAW,1135209831,SERVO_OUTPUT_RAW,0,0,0,0,0,0,0,0,1000,1000,1000,1000,0,0,0,0,0
2025-12-15 00:53:00.088,SERVO_OUTPUT_RAW,1135309851,SERVO_OUTPUT_RAW,0,0,0,0,0,0,0,0,1000,1000,1000,1000,0,0,0,0,0
2025-12-15 00:53:00.188,SERVO_OUTPUT_RAW,1135409861,SERVO_OUTPUT_RAW,0,0,0,0,0,0,0,0,1000,1000,1000,1000,0,0,0,0,0
2025-12-15 00:53:00.289,SERVO_OUTPUT_RAW,1135509787,SERVO_OUTPUT_RAW,0,0,0,0,0,0,0,0,1000,1000,1000,1000,0,0,0,0,0
2025-12-15 00:53:00.388,SERVO_OUTPUT_RAW,1135609815,SERVO_OUTPUT_RAW,0,0,0,0,0,0,0,0,1000,1000,1000,1000,0,0,0,0,0
2025-12-15 00:53:00.488,SERVO_OUTPUT_RAW,1135709814,SERVO_OUTPUT_RAW,0,0,0,0,0,0,0,0,1000,1000,1000,1000,0,0,0,0,0
2025-12-15 00:53:00.588,SERVO_OUTPUT_RAW,1135809779,SERVO_OUTPUT_RAW,0,0,0,0,0,0,0,0,1000,1000,1000,1000,0,0,0,0,0
2025-12-15 00:53:00.688,SERVO_OUTPUT_RAW,1135909779,SERVO_OUTPUT_RAW,0,0,0,0,0,0,0,0,1000,1000,1000,1000,0,0,0,0,0
2025-12-15 00:53:00.788,SERVO_OUTPUT_RAW,1136009796,SERVO_OUTPUT_RAW,0,0,0,0,0,0,0,0,1000,1000,1000,1000,0,0,0,0,0
2025-12-15 00:53:00.888,SERVO_OUTPUT_RAW,1136109788,SERVO_OUTPUT_RAW,0,0,0,0,0,0,0,0,1000,1000,1000,1000,0,0,0,0,0
2025-12-15 00:53:00.987,SERVO_OUTPUT_RAW,1136209795,SERVO_OUTPUT_RAW,0,0,0,0,0,0,0,0,1000,1000,1000,1000,0,0,0,0,0
2025-12-15 00:53:01.087,SERVO_OUTPUT_RAW,1136309807,SERVO_OUTPUT_RAW,0,0,0,0,0,0,0,0,1000,1000,1000,1000,0,0,0,0,0
2025-12-15 00:53:01.187,SERVO_OUTPUT_RAW,1136409835,SERVO_OUTPUT_RAW,0,0,0,0,0,0,0,0,1000,1000,1000,1000,0,0,0,0,0
2025-12-15 00:53:01.287,SERVO_OUTPUT_RAW,1136509835,SERVO_OUTPUT_RAW,0,0,0,0,0,0,0,0,1000,1000,1000,1000,0,0,0,0,0
2025-12-15 00:53:01.387,SERVO_OUTPUT_RAW,1136609838,SERVO_OUTPUT_RAW,0,0,0,0,0,0,0,0,1000,1000,1000,1000,0,0,0,0,0
2025-12-15 00:53:01.487,SERVO_OUTPUT_RAW,1136709804,SERVO_OUTPUT_RAW,0,0,0,0,0,0,0,0,1000,1000,1000,1000,0,0,0,0,0
2025-12-15 00:53:01.587,SERVO_OUTPUT_RAW,1136809823,SERVO_OUTPUT_RAW,0,0,0,0,0,0,0,0,1000,1000,1000,1000,0,0,0,0,0
2025-12-15 00:53:01.688,SERVO_OUTPUT_RAW,1136909861,SERVO_OUTPUT_RAW,0,0,0,0,0,0,0,0,1000,1000,1000,1000,0,0,0,0,0
2025-12-15 00:53:01.788,SERVO_OUTPUT_RAW,1137009914,SERVO_OUTPUT_RAW,0,0,0,0,0,0,0,0,1000,1000,1000,1000,0,0,0,0,0
2025-12-15 00:53:01.887,SERVO_OUTPUT_RAW,1137109803,SERVO_OUTPUT_RAW,0,0,0,0,0,0,0,0,1000,1000,1000,1000,0,0,0,0,0
2025-12-15 00:53:01.987,SERVO_OUTPUT_RAW,1137209830,SERVO_OUTPUT_RAW,0,0,0,0,0,0,0,0,1000,1000,1000,1000,0,0,0,0,0
2025-12-15 00:53:02.087,SERVO_OUTPUT_RAW,1137309822,SERVO_OUTPUT_RAW,0,0,0,0,0,0,0,0,1000,1000,1000,1000,0,0,0,0,0
2025-12-15 00:53:02.187,SERVO_OUTPUT_RAW,1137409777,SERVO_OUTPUT_RAW,0,0,0,0,0,0,0,0,1000,1000,1000,1000,0,0,0,0,0
2025-12-15 00:53:02.287,SERVO_OUTPUT_RAW,1137509776,SERVO_OUTPUT_RAW,0,0,0,0,0,0,0,0,1000,1000,1000,1000,0,0,0,0,0
2025-12-15 00:53:02.388,SERVO_OUTPUT_RAW,1137609787,SERVO_OUTPUT_RAW,0,0,0,0,0,0,0,0,1000,1000,1000,1000,0,0,0,0,0
2025-12-15 00:53:02.487,SERVO_OUTPUT_RAW,1137709788,SERVO_OUTPUT_RAW,0,0,0,0,0,0,0,0,1000,1000,1000,1000,0,0,0,0,0
2025-12-15 00:53:02.587,SERVO_OUTPUT_RAW,1137809799,SERVO_OUTPUT_RAW,0,0,0,0,0,0,0,0,1000,1000,1000,1000,0,0,0,0,0
2025-12-15 00:53:02.687,SERVO_OUTPUT_RAW,1137909824,SERVO_OUTPUT_RAW,0,0,0,0,0,0,0,0,1000,1000,1000,1000,0,0,0,0,0
2025-12-15 00:53:02.787,SERVO_OUTPUT_RAW,1138009848,SERVO_OUTPUT_RAW,0,0,0,0,0,0,0,0,1000,1000,1000,1000,0,0,0,0,0
2025-12-15 00:53:02.887,SERVO_OUTPUT_RAW,1138109850,SERVO_OUTPUT_RAW,0,0,0,0,0,0,0,0,1000,1000,1000,1000,0,0,0,0,0
2025-12-15 00:53:02.988,SERVO_OUTPUT_RAW,1138209821,SERVO_OUTPUT_RAW,0,0,0,0,0,0,0,0,1000,1000,1000,1000,0,0,0,0,0
2025-12-15 00:53:03.087,SERVO_OUTPUT_RAW,1138309839,SERVO_OUTPUT_RAW,0,0,0,0,0,0,0,0,1000,1000,1000,1000,0,0,0,0,0
2025-12-15 00:53:03.187,SERVO_OUTPUT_RAW,1138409836,SERVO_OUTPUT_RAW,0,0,0,0,0,0,0,0,1000,1000,1000,1000,0,0,0,0,0
2025-12-15 00:53:03.287,SERVO_OUTPUT_RAW,1138509846,SERVO_OUTPUT_RAW,0,0,0,0,0,0,0,0,1000,1000,1000,1000,0,0,0,0,0
2025-12-15 00:53:03.388,SERVO_OUTPUT_RAW,1138609789,SERVO_OUTPUT_RAW,0,0,0,0,0,0,0,0,1000,1000,1000,1000,0,0,0,0,0
2025-12-15 00:53:03.488,SERVO_OUTPUT_RAW,1138709827,SERVO_OUTPUT_RAW,0,0,0,0,0,0,0,0,1000,1000,1000,1000,0,0,0,0,0
2025-12-15 00:53:03.588,SERVO_OUTPUT_RAW,1138809806,SERVO_OUTPUT_RAW,0,0,0,0,0,0,0,0,1000,1000,1000,1000,0,0,0,0,0
2025-12-15 00:53:03.688,SERVO_OUTPUT_RAW,1138909786,SERVO_OUTPUT_RAW,0,0,0,0,0,0,0,0,1000,1000,1000,1000,0,0,0,0,0
2025-12-15 00:53:03.788,SERVO_OUTPUT_RAW,1139009784,SERVO_OUTPUT_RAW,0,0,0,0,0,0,0,0,1000,1000,1000,1000,0,0,0,0,0
2025-12-15 00:53:03.888,SERVO_OUTPUT_RAW,1139109860,SERVO_OUTPUT_RAW,0,0,0,0,0,0,0,0,1000,1000,1000,1000,0,0,0,0,0
2025-12-15 00:53:03.988,SERVO_OUTPUT_RAW,1139209788,SERVO_OUTPUT_RAW,0,0,0,0,0,0,0,0,1000,1000,1000,1000,0,0,0,0,0
2025-12-15 00:53:04.088,SERVO_OUTPUT_RAW,1139309806,SERVO_OUTPUT_RAW,0,0,0,0,0,0,0,0,1000,1000,1000,1000,0,0,0,0,0
2025-12-15 00:53:04.188,SERVO_OUTPUT_RAW,1139409806,SERVO_OUTPUT_RAW,0,0,0,0,0,0,0,0,1000,1000,1000,1000,0,0,0,0,0
2025-12-15 00:53:04.288,SERVO_OUTPUT_RAW,1139509833,SERVO_OUTPUT_RAW,0,0,0,0,0,0,0,0,1000,1000,1000,1000,0,0,0,0,0
2025-12-15 00:53:04.388,SERVO_OUTPUT_RAW,1139609845,SERVO_OUTPUT_RAW,0,0,0,0,0,0,0,0,1000,1000,1000,1000,0,0,0,0,0
2025-12-15 00:53:04.488,SERVO_OUTPUT_RAW,1139709799,SERVO_OUTPUT_RAW,0,0,0,0,0,0,0,0,1000,1000,1000,1000,0,0,0,0,0
2025-12-15 00:53:04.588,SERVO_OUTPUT_RAW,1139809804,SERVO_OUTPUT_RAW,0,0,0,0,0,0,0,0,1000,1000,1000,1000,0,0,0,0,0
2025-12-15 00:53:04.688,SERVO_OUTPUT_RAW,1139909831,SERVO_OUTPUT_RAW,0,0,0,0,0,0,0,0,1000,1000,1000,1000,0,0,0,0,0
2025-12-15 00:53:04.788,SERVO_OUTPUT_RAW,1140009836,SERVO_OUTPUT_RAW,0,0,0,0,0,0,0,0,1000,1000,1000,1000,0,0,0,0,0
2025-12-15 00:53:04.888,SERVO_OUTPUT_RAW,1140109814,SERVO_OUTPUT_RAW,0,0,0,0,0,0,0,0,1000,1000,1000,1000,0,0,0,0,0
2025-12-15 00:53:04.988,SERVO_OUTPUT_RAW,1140209804,SERVO_OUTPUT_RAW,0,0,0,0,0,0,0,0,1000,1000,1000,1000,0,0,0,0,0
2025-12-15 00:53:05.088,SERVO_OUTPUT_RAW,1140309815,SERVO_OUTPUT_RAW,0,0,0,0,0,0,0,0,1000,1000,1000,1000,0,0,0,0,0
2025-12-15 00:53:05.188,SERVO_OUTPUT_RAW,1140409831,SERVO_OUTPUT_RAW,0,0,0,0,0,0,0,0,1000,1000,1000,1000,0,0,0,0,0
2025-12-15 00:53:05.288,SERVO_OUTPUT_RAW,1140509797,SERVO_OUTPUT_RAW,0,0,0,0,0,0,0,0,1000,1000,1000,1000,0,0,0,0,0
2025-12-15 00:53:05.388,SERVO_OUTPUT_RAW,1140609799,SERVO_OUTPUT_RAW,0,0,0,0,0,0,0,0,1000,1000,1000,1000,0,0,0,0,0
2025-12-15 00:53:05.488,SERVO_OUTPUT_RAW,1140709793,SERVO_OUTPUT_RAW,0,0,0,0,0,0,0,0,1000,1000,1000,1000,0,0,0,0,0
2025-12-15 00:53:05.588,SERVO_OUTPUT_RAW,1140809784,SERVO_OUTPUT_RAW,0,0,0,0,0,0,0,0,1000,1000,1000,1000,0,0,0,0,0
2025-12-15 00:53:05.688,SERVO_OUTPUT_RAW,1140912109,SERVO_OUTPUT_RAW,0,0,0,0,0,0,0,0,1000,1000,1000,1000,0,0,0,0,0
2025-12-15 00:53:05.788,SERVO_OUTPUT_RAW,1141009809,SERVO_OUTPUT_RAW,0,0,0,0,0,0,0,0,1000,1000,1000,1000,0,0,0,0,0
2025-12-15 00:53:05.888,SERVO_OUTPUT_RAW,1141109841,SERVO_OUTPUT_RAW,0,0,0,0,0,0,0,0,1000,1000,1000,1000,0,0,0,0,0
2025-12-15 00:53:05.988,SERVO_OUTPUT_RAW,1141212137,SERVO_OUTPUT_RAW,0,0,0,0,0,0,0,0,1000,1000,1000,1000,0,0,0,0,0
2025-12-15 00:53:06.088,SERVO_OUTPUT_RAW,1141309780,SERVO_OUTPUT_RAW,0,0,0,0,0,0,0,0,1000,1000,1000,1000,0,0,0,0,0
2025-12-15 00:53:06.188,SERVO_OUTPUT_RAW,1141409844,SERVO_OUTPUT_RAW,0,0,0,0,0,0,0,0,1000,1000,1000,1000,0,0,0,0,0
2025-12-15 00:53:06.288,SERVO_OUTPUT_RAW,1141509834,SERVO_OUTPUT_RAW,0,0,0,0,0,0,0,0,1000,1000,1000,1000,0,0,0,0,0
2025-12-15 00:53:06.388,SERVO_OUTPUT_RAW,1141609846,SERVO_OUTPUT_RAW,0,0,0,0,0,0,0,0,1000,1000,1000,1000,0,0,0,0,0
2025-12-15 00:53:06.488,SERVO_OUTPUT_RAW,1141709797,SERVO_OUTPUT_RAW,0,0,0,0,0,0,0,0,1000,1000,1000,1000,0,0,0,0,0
2025-12-15 00:53:06.589,SERVO_OUTPUT_RAW,1141809813,SERVO_OUTPUT_RAW,0,0,0,0,0,0,0,0,1000,1000,1000,1000,0,0,0,0,0
2025-12-15 00:53:06.688,SERVO_OUTPUT_RAW,1141909812,SERVO_OUTPUT_RAW,0,0,0,0,0,0,0,0,1000,1000,1000,1000,0,0,0,0,0
2025-12-15 00:53:06.788,SERVO_OUTPUT_RAW,1142009801,SERVO_OUTPUT_RAW,0,0,0,0,0,0,0,0,1000,1000,1000,1000,0,0,0,0,0
2025-12-15 00:53:06.888,SERVO_OUTPUT_RAW,1142109792,SERVO_OUTPUT_RAW,0,0,0,0,0,0,0,0,1000,1000,1000,1000,0,0,0,0,0
2025-12-15 00:53:06.989,SERVO_OUTPUT_RAW,1142209786,SERVO_OUTPUT_RAW,0,0,0,0,0,0,0,0,1000,1000,1000,1000,0,0,0,0,0
2025-12-15 00:53:07.088,SERVO_OUTPUT_RAW,1142309800,SERVO_OUTPUT_RAW,0,0,0,0,0,0,0,0,1000,1000,1000,1000,0,0,0,0,0
2025-12-15 00:53:07.188,SERVO_OUTPUT_RAW,1142409778,SERVO_OUTPUT_RAW,0,0,0,0,0,0,0,0,1000,1000,1000,1000,0,0,0,0,0
2025-12-15 00:53:07.289,SERVO_OUTPUT_RAW,1142509803,SERVO_OUTPUT_RAW,0,0,0,0,0,0,0,0,1000,1000,1000,1000,0,0,0,0,0
2025-12-15 00:53:07.388,SERVO_OUTPUT_RAW,1142609829,SERVO_OUTPUT_RAW,0,0,0,0,0,0,0,0,1000,1000,1000,1000,0,0,0,0,0
2025-12-15 00:53:07.489,SERVO_OUTPUT_RAW,1142709793,SERVO_OUTPUT_RAW,0,0,0,0,0,0,0,0,1000,1000,1000,1000,0,0,0,0,0
2025-12-15 00:53:07.588,SERVO_OUTPUT_RAW,1142809822,SERVO_OUTPUT_RAW,0,0,0,0,0,0,0,0,1000,1000,1000,1000,0,0,0,0,0
2025-12-15 00:53:07.688,SERVO_OUTPUT_RAW,1142909791,SERVO_OUTPUT_RAW,0,0,0,0,0,0,0,0,1000,1000,1000,1000,0,0,0,0,0
2025-12-15 00:53:07.788,SERVO_OUTPUT_RAW,1143009842,SERVO_OUTPUT_RAW,0,0,0,0,0,0,0,0,1000,1000,1000,1000,0,0,0,0,0
2025-12-15 00:53:07.889,SERVO_OUTPUT_RAW,1143109855,SERVO_OUTPUT_RAW,0,0,0,0,0,0,0,0,1000,1000,1000,1000,0,0,0,0,0
2025-12-15 00:53:07.989,SERVO_OUTPUT_RAW,1143209857,SERVO_OUTPUT_RAW,0,0,0,0,0,0,0,0,1000,1000,1000,1000,0,0,0,0,0
2025-12-15 00:53:08.088,SERVO_OUTPUT_RAW,1143309903,SERVO_OUTPUT_RAW,0,0,0,0,0,0,0,0,1000,1000,1000,1000,0,0,0,0,0
2025-12-15 00:53:08.188,SERVO_OUTPUT_RAW,1143409814,SERVO_OUTPUT_RAW,0,0,0,0,0,0,0,0,1000,1000,1000,1000,0,0,0,0,0
2025-12-15 00:53:08.288,SERVO_OUTPUT_RAW,1143509802,SERVO_OUTPUT_RAW,0,0,0,0,0,0,0,0,1000,1000,1000,1000,0,0,0,0,0
2025-12-15 00:53:08.388,SERVO_OUTPUT_RAW,1143609789,SERVO_OUTPUT_RAW,0,0,0,0,0,0,0,0,1000,1000,1000,1000,0,0,0,0,0
2025-12-15 00:53:08.488,SERVO_OUTPUT_RAW,1143709785,SERVO_OUTPUT_RAW,0,0,0,0,0,0,0,0,1000,1000,1000,1000,0,0,0,0,0
2025-12-15 00:53:08.588,SERVO_OUTPUT_RAW,1143809808,SERVO_OUTPUT_RAW,0,0,0,0,0,0,0,0,1000,1000,1000,1000,0,0,0,0,0
2025-12-15 00:53:08.688,SERVO_OUTPUT_RAW,1143909834,SERVO_OUTPUT_RAW,0,0,0,0,0,0,0,0,1000,1000,1000,1000,0,0,0,0,0
2025-12-15 00:53:08.788,SERVO_OUTPUT_RAW,1144009787,SERVO_OUTPUT_RAW,0,0,0,0,0,0,0,0,1000,1000,1000,1000,0,0,0,0,0
2025-12-15 00:53:08.888,SERVO_OUTPUT_RAW,1144109854,SERVO_OUTPUT_RAW,0,0,0,0,0,0,0,0,1000,1000,1000,1000,0,0,0,0,0
2025-12-15 00:53:08.988,SERVO_OUTPUT_RAW,1144209839,SERVO_OUTPUT_RAW,0,0,0,0,0,0,0,0,1000,1000,1000,1000,0,0,0,0,0
2025-12-15 00:53:09.088,SERVO_OUTPUT_RAW,1144309847,SERVO_OUTPUT_RAW,0,0,0,0,0,0,0,0,1000,1000,1000,1000,0,0,0,0,0
2025-12-15 00:53:09.188,SERVO_OUTPUT_RAW,1144409791,SERVO_OUTPUT_RAW,0,0,0,0,0,0,0,0,1000,1000,1000,1000,0,0,0,0,0
2025-12-15 00:53:09.288,SERVO_OUTPUT_RAW,1144509801,SERVO_OUTPUT_RAW,0,0,0,0,0,0,0,0,1000,1000,1000,1000,0,0,0,0,0
2025-12-15 00:53:09.388,SERVO_OUTPUT_RAW,1144609829,SERVO_OUTPUT_RAW,0,0,0,0,0,0,0,0,1000,1000,1000,1000,0,0,0,0,0
2025-12-15 00:53:09.488,SERVO_OUTPUT_RAW,1144709849,SERVO_OUTPUT_RAW,0,0,0,0,0,0,0,0,1000,1000,1000,1000,0,0,0,0,0
2025-12-15 00:53:09.588,SERVO_OUTPUT_RAW,1144809782,SERVO_OUTPUT_RAW,0,0,0,0,0,0,0,0,1000,1000,1000,1000,0,0,0,0,0
2025-12-15 00:53:09.689,SERVO_OUTPUT_RAW,1144909790,SERVO_OUTPUT_RAW,0,0,0,0,0,0,0,0,1000,1000,1000,1000,0,0,0,0,0
2025-12-15 00:53:09.788,SERVO_OUTPUT_RAW,1145009826,SERVO_OUTPUT_RAW,0,0,0,0,0,0,0,0,1000,1000,1000,1000,0,0,0,0,0
2025-12-15 00:53:09.890,SERVO_OUTPUT_RAW,1145109832,SERVO_OUTPUT_RAW,0,0,0,0,0,0,0,0,1000,1000,1000,1000,0,0,0,0,0
2025-12-15 00:53:09.988,SERVO_OUTPUT_RAW,1145209776,SERVO_OUTPUT_RAW,0,0,0,0,0,0,0,0,1000,1000,1000,1000,0,0,0,0,0
2025-12-15 00:53:10.088,SERVO_OUTPUT_RAW,1145309779,SERVO_OUTPUT_RAW,0,0,0,0,0,0,0,0,1000,1000,1000,1000,0,0,0,0,0
2025-12-15 00:53:10.188,SERVO_OUTPUT_RAW,1145409844,SERVO_OUTPUT_RAW,0,0,0,0,0,0,0,0,1000,1000,1000,1000,0,0,0,0,0
2025-12-15 00:53:10.288,SERVO_OUTPUT_RAW,1145509785,SERVO_OUTPUT_RAW,0,0,0,0,0,0,0,0,1000,1000,1000,1000,0,0,0,0,0
2025-12-15 00:53:10.387,SERVO_OUTPUT_RAW,1145609796,SERVO_OUTPUT_RAW,0,0,0,0,0,0,0,0,1000,1000,1000,1000,0,0,0,0,0
2025-12-15 00:53:10.487,SERVO_OUTPUT_RAW,1145709822,SERVO_OUTPUT_RAW,0,0,0,0,0,0,0,0,1000,1000,1000,1000,0,0,0,0,0
2025-12-15 00:53:10.587,SERVO_OUTPUT_RAW,1145809785,SERVO_OUTPUT_RAW,0,0,0,0,0,0,0,0,1000,1000,1000,1000,0,0,0,0,0
2025-12-15 00:53:10.689,SERVO_OUTPUT_RAW,1145912129,SERVO_OUTPUT_RAW,0,0,0,0,0,0,0,0,1000,1000,1000,1000,0,0,0,0,0
2025-12-15 00:53:10.787,SERVO_OUTPUT_RAW,1146009799,SERVO_OUTPUT_RAW,0,0,0,0,0,0,0,0,1000,1000,1000,1000,0,0,0,0,0
2025-12-15 00:53:10.888,SERVO_OUTPUT_RAW,1146109831,SERVO_OUTPUT_RAW,0,0,0,0,0,0,0,0,1000,1000,1000,1000,0,0,0,0,0
2025-12-15 00:53:10.989,SERVO_OUTPUT_RAW,1146209841,SERVO_OUTPUT_RAW,0,0,0,0,0,0,0,0,1000,1000,1000,1000,0,0,0,0,0
2025-12-15 00:53:11.089,SERVO_OUTPUT_RAW,1146309844,SERVO_OUTPUT_RAW,0,0,0,0,0,0,0,0,1000,1000,1000,1000,0,0,0,0,0
2025-12-15 00:53:11.189,SERVO_OUTPUT_RAW,1146409794,SERVO_OUTPUT_RAW,0,0,0,0,0,0,0,0,1000,1000,1000,1000,0,0,0,0,0
2025-12-15 00:53:11.288,SERVO_OUTPUT_RAW,1146509798,SERVO_OUTPUT_RAW,0,0,0,0,0,0,0,0,1000,1000,1000,1000,0,0,0,0,0
2025-12-15 00:53:11.389,SERVO_OUTPUT_RAW,1146609830,SERVO_OUTPUT_RAW,0,0,0,0,0,0,0,0,1000,1000,1000,1000,0,0,0,0,0
2025-12-15 00:53:11.489,SERVO_OUTPUT_RAW,1146709831,SERVO_OUTPUT_RAW,0,0,0,0,0,0,0,0,1000,1000,1000,1000,0,0,0,0,0
2025-12-15 00:53:11.587,SERVO_OUTPUT_RAW,1146809787,SERVO_OUTPUT_RAW,0,0,0,0,0,0,0,0,1000,1000,1000,1000,0,0,0,0,0
2025-12-15 00:53:11.688,SERVO_OUTPUT_RAW,1146909777,SERVO_OUTPUT_RAW,0,0,0,0,0,0,0,0,1000,1000,1000,1000,0,0,0,0,0
2025-12-15 00:53:11.786,SERVO_OUTPUT_RAW,1147009788,SERVO_OUTPUT_RAW,0,0,0,0,0,0,0,0,1000,1000,1000,1000,0,0,0,0,0
2025-12-15 00:53:11.885,SERVO_OUTPUT_RAW,1147109784,SERVO_OUTPUT_RAW,0,0,0,0,0,0,0,0,1000,1000,1000,1000,0,0,0,0,0
2025-12-15 00:53:11.985,SERVO_OUTPUT_RAW,1147209781,SERVO_OUTPUT_RAW,0,0,0,0,0,0,0,0,1000,1000,1000,1000,0,0,0,0,0
2025-12-15 00:53:12.086,SERVO_OUTPUT_RAW,1147309832,SERVO_OUTPUT_RAW,0,0,0,0,0,0,0,0,1000,1000,1000,1000,0,0,0,0,0
2025-12-15 00:53:12.186,SERVO_OUTPUT_RAW,1147409844,SERVO_OUTPUT_RAW,0,0,0,0,0,0,0,0,1000,1000,1000,1000,0,0,0,0,0
2025-12-15 00:53:12.287,SERVO_OUTPUT_RAW,1147512178,SERVO_OUTPUT_RAW,0,0,0,0,0,0,0,0,1000,1000,1000,1000,0,0,0,0,0
2025-12-15 00:53:12.386,SERVO_OUTPUT_RAW,1147609815,SERVO_OUTPUT_RAW,0,0,0,0,0,0,0,0,1000,1000,1000,1000,0,0,0,0,0
2025-12-15 00:53:12.486,SERVO_OUTPUT_RAW,1147709829,SERVO_OUTPUT_RAW,0,0,0,0,0,0,0,0,1000,1000,1000,1000,0,0,0,0,0
2025-12-15 00:53:12.586,SERVO_OUTPUT_RAW,1147809839,SERVO_OUTPUT_RAW,0,0,0,0,0,0,0,0,1000,1000,1000,1000,0,0,0,0,0
2025-12-15 00:53:12.686,SERVO_OUTPUT_RAW,1147909781,SERVO_OUTPUT_RAW,0,0,0,0,0,0,0,0,1000,1000,1000,1000,0,0,0,0,0
2025-12-15 00:53:12.786,SERVO_OUTPUT_RAW,1148009804,SERVO_OUTPUT_RAW,0,0,0,0,0,0,0,0,1000,1000,1000,1000,0,0,0,0,0
2025-12-15 00:53:12.886,SERVO_OUTPUT_RAW,1148109819,SERVO_OUTPUT_RAW,0,0,0,0,0,0,0,0,1000,1000,1000,1000,0,0,0,0,0
2025-12-15 00:53:12.986,SERVO_OUTPUT_RAW,1148209821,SERVO_OUTPUT_RAW,0,0,0,0,0,0,0,0,1000,1000,1000,1000,0,0,0,0,0
2025-12-15 00:53:13.086,SERVO_OUTPUT_RAW,1148309785,SERVO_OUTPUT_RAW,0,0,0,0,0,0,0,0,1000,1000,1000,1000,0,0,0,0,0
2025-12-15 00:53:13.186,SERVO_OUTPUT_RAW,1148409781,SERVO_OUTPUT_RAW,0,0,0,0,0,0,0,0,1000,1000,1000,1000,0,0,0,0,0
2025-12-15 00:53:13.286,SERVO_OUTPUT_RAW,1148509796,SERVO_OUTPUT_RAW,0,0,0,0,0,0,0,0,1000,1000,1000,1000,0,0,0,0,0
2025-12-15 00:53:13.386,SERVO_OUTPUT_RAW,1148609796,SERVO_OUTPUT_RAW,0,0,0,0,0,0,0,0,1000,1000,1000,1000,0,0,0,0,0
2025-12-15 00:53:13.486,SERVO_OUTPUT_RAW,1148709789,SERVO_OUTPUT_RAW,0,0,0,0,0,0,0,0,1000,1000,1000,1000,0,0,0,0,0
2025-12-15 00:53:13.586,SERVO_OUTPUT_RAW,1148809805,SERVO_OUTPUT_RAW,0,0,0,0,0,0,0,0,1000,1000,1000,1000,0,0,0,0,0
2025-12-15 00:53:13.686,SERVO_OUTPUT_RAW,1148909823,SERVO_OUTPUT_RAW,0,0,0,0,0,0,0,0,1000,1000,1000,1000,0,0,0,0,0
2025-12-15 00:53:13.786,SERVO_OUTPUT_RAW,1149009869,SERVO_OUTPUT_RAW,0,0,0,0,0,0,0,0,1000,1000,1000,1000,0,0,0,0,0
2025-12-15 00:53:13.886,SERVO_OUTPUT_RAW,1149109815,SERVO_OUTPUT_RAW,0,0,0,0,0,0,0,0,1000,1000,1000,1000,0,0,0,0,0
2025-12-15 00:53:13.986,SERVO_OUTPUT_RAW,1149209814,SERVO_OUTPUT_RAW,0,0,0,0,0,0,0,0,1000,1000,1000,1000,0,0,0,0,0
2025-12-15 00:53:14.086,SERVO_OUTPUT_RAW,1149309844,SERVO_OUTPUT_RAW,0,0,0,0,0,0,0,0,1000,1000,1000,1000,0,0,0,0,0
2025-12-15 00:53:14.186,SERVO_OUTPUT_RAW,1149409843,SERVO_OUTPUT_RAW,0,0,0,0,0,0,0,0,1000,1000,1000,1000,0,0,0,0,0
2025-12-15 00:53:14.286,SERVO_OUTPUT_RAW,1149509867,SERVO_OUTPUT_RAW,0,0,0,0,0,0,0,0,1000,1000,1000,1000,0,0,0,0,0
2025-12-15 00:53:14.387,SERVO_OUTPUT_RAW,1149612092,SERVO_OUTPUT_RAW,0,0,0,0,0,0,0,0,1000,1000,1000,1000,0,0,0,0,0
2025-12-15 00:53:14.486,SERVO_OUTPUT_RAW,1149709818,SERVO_OUTPUT_RAW,0,0,0,0,0,0,0,0,1000,1000,1000,1000,0,0,0,0,0
2025-12-15 00:53:14.586,SERVO_OUTPUT_RAW,1149809789,SERVO_OUTPUT_RAW,0,0,0,0,0,0,0,0,1000,1000,1000,1000,0,0,0,0,0
2025-12-15 00:53:14.686,SERVO_OUTPUT_RAW,1149909864,SERVO_OUTPUT_RAW,0,0,0,0,0,0,0,0,1000,1000,1000,1000,0,0,0,0,0
2025-12-15 00:53:14.786,SERVO_OUTPUT_RAW,1150009795,SERVO_OUTPUT_RAW,0,0,0,0,0,0,0,0,1000,1000,1000,1000,0,0,0,0,0
2025-12-15 00:53:14.886,SERVO_OUTPUT_RAW,1150109789,SERVO_OUTPUT_RAW,0,0,0,0,0,0,0,0,1000,1000,1000,1000,0,0,0,0,0
2025-12-15 00:53:14.986,SERVO_OUTPUT_RAW,1150209787,SERVO_OUTPUT_RAW,0,0,0,0,0,0,0,0,1000,1000,1000,1000,0,0,0,0,0
2025-12-15 00:53:15.086,SERVO_OUTPUT_RAW,1150309779,SERVO_OUTPUT_RAW,0,0,0,0,0,0,0,0,1000,1000,1000,1000,0,0,0,0,0
2025-12-15 00:53:15.186,SERVO_OUTPUT_RAW,1150409836,SERVO_OUTPUT_RAW,0,0,0,0,0,0,0,0,1000,1000,1000,1000,0,0,0,0,0
2025-12-15 00:53:15.286,SERVO_OUTPUT_RAW,1150509838,SERVO_OUTPUT_RAW,0,0,0,0,0,0,0,0,1000,1000,1000,1000,0,0,0,0,0
2025-12-15 00:53:15.386,SERVO_OUTPUT_RAW,1150609798,SERVO_OUTPUT_RAW,0,0,0,0,0,0,0,0,1000,1000,1000,1000,0,0,0,0,0
2025-12-15 00:53:15.486,SERVO_OUTPUT_RAW,1150709819,SERVO_OUTPUT_RAW,0,0,0,0,0,0,0,0,1000,1000,1000,1000,0,0,0,0,0
2025-12-15 00:53:15.586,SERVO_OUTPUT_RAW,1150809819,SERVO_OUTPUT_RAW,0,0,0,0,0,0,0,0,1000,1000,1000,1000,0,0,0,0,0
2025-12-15 00:53:15.686,SERVO_OUTPUT_RAW,1150909861,SERVO_OUTPUT_RAW,0,0,0,0,0,0,0,0,1000,1000,1000,1000,0,0,0,0,0
2025-12-15 00:53:15.786,SERVO_OUTPUT_RAW,1151009849,SERVO_OUTPUT_RAW,0,0,0,0,0,0,0,0,1000,1000,1000,1000,0,0,0,0,0
2025-12-15 00:53:15.886,SERVO_OUTPUT_RAW,1151109793,SERVO_OUTPUT_RAW,0,0,0,0,0,0,0,0,1000,1000,1000,1000,0,0,0,0,0
2025-12-15 00:53:15.986,SERVO_OUTPUT_RAW,1151209812,SERVO_OUTPUT_RAW,0,0,0,0,0,0,0,0,1000,1000,1000,1000,0,0,0,0,0
2025-12-15 00:53:16.086,SERVO_OUTPUT_RAW,1151309829,SERVO_OUTPUT_RAW,0,0,0,0,0,0,0,0,1000,1000,1000,1000,0,0,0,0,0
2025-12-15 00:53:16.186,SERVO_OUTPUT_RAW,1151409789,SERVO_OUTPUT_RAW,0,0,0,0,0,0,0,0,1000,1000,1000,1000,0,0,0,0,0
2025-12-15 00:53:16.286,SERVO_OUTPUT_RAW,1151509796,SERVO_OUTPUT_RAW,0,0,0,0,0,0,0,0,1000,1000,1000,1000,0,0,0,0,0
2025-12-15 00:53:16.386,SERVO_OUTPUT_RAW,1151609786,SERVO_OUTPUT_RAW,0,0,0,0,0,0,0,0,1000,1000,1000,1000,0,0,0,0,0
2025-12-15 00:53:16.486,SERVO_OUTPUT_RAW,1151709852,SERVO_OUTPUT_RAW,0,0,0,0,0,0,0,0,1000,1000,1000,1000,0,0,0,0,0
2025-12-15 00:53:16.586,SERVO_OUTPUT_RAW,1151809787,SERVO_OUTPUT_RAW,0,0,0,0,0,0,0,0,1000,1000,1000,1000,0,0,0,0,0
2025-12-15 00:53:16.686,SERVO_OUTPUT_RAW,1151909810,SERVO_OUTPUT_RAW,0,0,0,0,0,0,0,0,1000,1000,1000,1000,0,0,0,0,0
2025-12-15 00:53:16.789,SERVO_OUTPUT_RAW,1152009838,SERVO_OUTPUT_RAW,0,0,0,0,0,0,0,0,1000,1000,1000,1000,0,0,0,0,0
2025-12-15 00:53:16.889,SERVO_OUTPUT_RAW,1152109823,SERVO_OUTPUT_RAW,0,0,0,0,0,0,0,0,1000,1000,1000,1000,0,0,0,0,0
2025-12-15 00:53:16.988,SERVO_OUTPUT_RAW,1152212135,SERVO_OUTPUT_RAW,0,0,0,0,0,0,0,0,1000,1000,1000,1000,0,0,0,0,0
2025-12-15 00:53:17.089,SERVO_OUTPUT_RAW,1152309804,SERVO_OUTPUT_RAW,0,0,0,0,0,0,0,0,1000,1000,1000,1000,0,0,0,0,0
2025-12-15 00:53:17.189,SERVO_OUTPUT_RAW,1152409826,SERVO_OUTPUT_RAW,0,0,0,0,0,0,0,0,1000,1000,1000,1000,0,0,0,0,0
2025-12-15 00:53:17.288,SERVO_OUTPUT_RAW,1152509893,SERVO_OUTPUT_RAW,0,0,0,0,0,0,0,0,1000,1000,1000,1000,0,0,0,0,0
2025-12-15 00:53:17.390,SERVO_OUTPUT_RAW,1152609789,SERVO_OUTPUT_RAW,0,0,0,0,0,0,0,0,1000,1000,1000,1000,0,0,0,0,0
2025-12-15 00:53:17.488,SERVO_OUTPUT_RAW,1152709792,SERVO_OUTPUT_RAW,0,0,0,0,0,0,0,0,1000,1000,1000,1000,0,0,0,0,0
2025-12-15 00:53:17.588,SERVO_OUTPUT_RAW,1152809829,SERVO_OUTPUT_RAW,0,0,0,0,0,0,0,0,1000,1000,1000,1000,0,0,0,0,0
2025-12-15 00:53:17.688,SERVO_OUTPUT_RAW,1152909818,SERVO_OUTPUT_RAW,0,0,0,0,0,0,0,0,1000,1000,1000,1000,0,0,0,0,0
2025-12-15 00:53:17.788,SERVO_OUTPUT_RAW,1153009798,SERVO_OUTPUT_RAW,0,0,0,0,0,0,0,0,1000,1000,1000,1000,0,0,0,0,0
2025-12-15 00:53:17.888,SERVO_OUTPUT_RAW,1153109793,SERVO_OUTPUT_RAW,0,0,0,0,0,0,0,0,1000,1000,1000,1000,0,0,0,0,0
2025-12-15 00:53:17.988,SERVO_OUTPUT_RAW,1153209810,SERVO_OUTPUT_RAW,0,0,0,0,0,0,0,0,1000,1000,1000,1000,0,0,0,0,0
2025-12-15 00:53:18.089,SERVO_OUTPUT_RAW,1153309788,SERVO_OUTPUT_RAW,0,0,0,0,0,0,0,0,1000,1000,1000,1000,0,0,0,0,0
2025-12-15 00:53:18.189,SERVO_OUTPUT_RAW,1153409784,SERVO_OUTPUT_RAW,0,0,0,0,0,0,0,0,1000,1000,1000,1000,0,0,0,0,0
2025-12-15 00:53:18.289,SERVO_OUTPUT_RAW,1153512144,SERVO_OUTPUT_RAW,0,0,0,0,0,0,0,0,1000,1000,1000,1000,0,0,0,0,0
2025-12-15 00:53:18.389,SERVO_OUTPUT_RAW,1153609851,SERVO_OUTPUT_RAW,0,0,0,0,0,0,0,0,1000,1000,1000,1000,0,0,0,0,0
2025-12-15 00:53:18.489,SERVO_OUTPUT_RAW,1153709842,SERVO_OUTPUT_RAW,0,0,0,0,0,0,0,0,1000,1000,1000,1000,0,0,0,0,0
2025-12-15 00:53:18.589,SERVO_OUTPUT_RAW,1153812164,SERVO_OUTPUT_RAW,0,0,0,0,0,0,0,0,1000,1000,1000,1000,0,0,0,0,0
2025-12-15 00:53:18.689,SERVO_OUTPUT_RAW,1153909816,SERVO_OUTPUT_RAW,0,0,0,0,0,0,0,0,1000,1000,1000,1000,0,0,0,0,0
2025-12-15 00:53:18.789,SERVO_OUTPUT_RAW,1154009861,SERVO_OUTPUT_RAW,0,0,0,0,0,0,0,0,1000,1000,1000,1000,0,0,0,0,0
2025-12-15 00:53:18.889,SERVO_OUTPUT_RAW,1154109848,SERVO_OUTPUT_RAW,0,0,0,0,0,0,0,0,1000,1000,1000,1000,0,0,0,0,0
2025-12-15 00:53:18.989,SERVO_OUTPUT_RAW,1154209796,SERVO_OUTPUT_RAW,0,0,0,0,0,0,0,0,1000,1000,1000,1000,0,0,0,0,0
2025-12-15 00:53:19.089,SERVO_OUTPUT_RAW,1154309802,SERVO_OUTPUT_RAW,0,0,0,0,0,0,0,0,1000,1000,1000,1000,0,0,0,0,0
2025-12-15 00:53:19.189,SERVO_OUTPUT_RAW,1154409822,SERVO_OUTPUT_RAW,0,0,0,0,0,0,0,0,1000,1000,1000,1000,0,0,0,0,0
2025-12-15 00:53:19.289,SERVO_OUTPUT_RAW,1154509785,SERVO_OUTPUT_RAW,0,0,0,0,0,0,0,0,1000,1000,1000,1000,0,0,0,0,0
2025-12-15 00:53:19.389,SERVO_OUTPUT_RAW,1154609767,SERVO_OUTPUT_RAW,0,0,0,0,0,0,0,0,1000,1000,1000,1000,0,0,0,0,0
2025-12-15 00:53:19.489,SERVO_OUTPUT_RAW,1154709787,SERVO_OUTPUT_RAW,0,0,0,0,0,0,0,0,1000,1000,1000,1000,0,0,0,0,0
2025-12-15 00:53:19.589,SERVO_OUTPUT_RAW,1154809793,SERVO_OUTPUT_RAW,0,0,0,0,0,0,0,0,1000,1000,1000,1000,0,0,0,0,0
2025-12-15 00:53:19.689,SERVO_OUTPUT_RAW,1154909793,SERVO_OUTPUT_RAW,0,0,0,0,0,0,0,0,1000,1000,1000,1000,0,0,0,0,0
2025-12-15 00:53:19.788,SERVO_OUTPUT_RAW,1155009800,SERVO_OUTPUT_RAW,0,0,0,0,0,0,0,0,1000,1000,1000,1000,0,0,0,0,0
2025-12-15 00:53:19.889,SERVO_OUTPUT_RAW,1155109826,SERVO_OUTPUT_RAW,0,0,0,0,0,0,0,0,1000,1000,1000,1000,0,0,0,0,0
2025-12-15 00:53:19.989,SERVO_OUTPUT_RAW,1155209847,SERVO_OUTPUT_RAW,0,0,0,0,0,0,0,0,1000,1000,1000,1000,0,0,0,0,0
2025-12-15 00:53:20.089,SERVO_OUTPUT_RAW,1155309801,SERVO_OUTPUT_RAW,0,0,0,0,0,0,0,0,1000,1000,1000,1000,0,0,0,0,0
2025-12-15 00:53:20.189,SERVO_OUTPUT_RAW,1155409873,SERVO_OUTPUT_RAW,0,0,0,0,0,0,0,0,1000,1000,1000,1000,0,0,0,0,0
2025-12-15 00:53:20.289,SERVO_OUTPUT_RAW,1155509826,SERVO_OUTPUT_RAW,0,0,0,0,0,0,0,0,1000,1000,1000,1000,0,0,0,0,0
2025-12-15 00:53:20.389,SERVO_OUTPUT_RAW,1155609839,SERVO_OUTPUT_RAW,0,0,0,0,0,0,0,0,1000,1000,1000,1000,0,0,0,0,0
2025-12-15 00:53:20.489,SERVO_OUTPUT_RAW,1155709812,SERVO_OUTPUT_RAW,0,0,0,0,0,0,0,0,1000,1000,1000,1000,0,0,0,0,0
2025-12-15 00:53:20.589,SERVO_OUTPUT_RAW,1155809792,SERVO_OUTPUT_RAW,0,0,0,0,0,0,0,0,1000,1000,1000,1000,0,0,0,0,0
2025-12-15 00:53:20.689,SERVO_OUTPUT_RAW,1155909901,SERVO_OUTPUT_RAW,0,0,0,0,0,0,0,0,1000,1000,1000,1000,0,0,0,0,0
2025-12-15 00:53:20.789,SERVO_OUTPUT_RAW,1156009828,SERVO_OUTPUT_RAW,0,0,0,0,0,0,0,0,1000,1000,1000,1000,0,0,0,0,0
2025-12-15 00:53:20.889,SERVO_OUTPUT_RAW,1156109787,SERVO_OUTPUT_RAW,0,0,0,0,0,0,0,0,1000,1000,1000,1000,0,0,0,0,0
2025-12-15 00:53:20.988,SERVO_OUTPUT_RAW,1156209788,SERVO_OUTPUT_RAW,0,0,0,0,0,0,0,0,1000,1000,1000,1000,0,0,0,0,0
2025-12-15 00:53:21.088,SERVO_OUTPUT_RAW,1156309791,SERVO_OUTPUT_RAW,0,0,0,0,0,0,0,0,1000,1000,1000,1000,0,0,0,0,0
2025-12-15 00:53:21.188,SERVO_OUTPUT_RAW,1156409797,SERVO_OUTPUT_RAW,0,0,0,0,0,0,0,0,1000,1000,1000,1000,0,0,0,0,0
2025-12-15 00:53:21.288,SERVO_OUTPUT_RAW,1156512115,SERVO_OUTPUT_RAW,0,0,0,0,0,0,0,0,1000,1000,1000,1000,0,0,0,0,0
2025-12-15 00:53:21.388,SERVO_OUTPUT_RAW,1156609810,SERVO_OUTPUT_RAW,0,0,0,0,0,0,0,0,1000,1000,1000,1000,0,0,0,0,0
2025-12-15 00:53:21.488,SERVO_OUTPUT_RAW,1156709848,SERVO_OUTPUT_RAW,0,0,0,0,0,0,0,0,1000,1000,1000,1000,0,0,0,0,0
2025-12-15 00:53:21.588,SERVO_OUTPUT_RAW,1156809845,SERVO_OUTPUT_RAW,0,0,0,0,0,0,0,0,1000,1000,1000,1000,0,0,0,0,0
2025-12-15 00:53:21.689,SERVO_OUTPUT_RAW,1156909805,SERVO_OUTPUT_RAW,0,0,0,0,0,0,0,0,1000,1000,1000,1000,0,0,0,0,0
2025-12-15 00:53:21.788,SERVO_OUTPUT_RAW,1157009802,SERVO_OUTPUT_RAW,0,0,0,0,0,0,0,0,1000,1000,1000,1000,0,0,0,0,0
2025-12-15 00:53:21.888,SERVO_OUTPUT_RAW,1157109832,SERVO_OUTPUT_RAW,0,0,0,0,0,0,0,0,1000,1000,1000,1000,0,0,0,0,0
2025-12-15 00:53:21.988,SERVO_OUTPUT_RAW,1157209828,SERVO_OUTPUT_RAW,0,0,0,0,0,0,0,0,1000,1000,1000,1000,0,0,0,0,0
2025-12-15 00:53:22.088,SERVO_OUTPUT_RAW,1157309781,SERVO_OUTPUT_RAW,0,0,0,0,0,0,0,0,1000,1000,1000,1000,0,0,0,0,0
2025-12-15 00:53:22.188,SERVO_OUTPUT_RAW,1157409797,SERVO_OUTPUT_RAW,0,0,0,0,0,0,0,0,1000,1000,1000,1000,0,0,0,0,0
2025-12-15 00:53:22.288,SERVO_OUTPUT_RAW,1157509829,SERVO_OUTPUT_RAW,0,0,0,0,0,0,0,0,1000,1000,1000,1000,0,0,0,0,0
2025-12-15 00:53:22.389,SERVO_OUTPUT_RAW,1157609829,SERVO_OUTPUT_RAW,0,0,0,0,0,0,0,0,1000,1000,1000,1000,0,0,0,0,0
2025-12-15 00:53:22.488,SERVO_OUTPUT_RAW,1157709798,SERVO_OUTPUT_RAW,0,0,0,0,0,0,0,0,1000,1000,1000,1000,0,0,0,0,0
2025-12-15 00:53:22.588,SERVO_OUTPUT_RAW,1157809789,SERVO_OUTPUT_RAW,0,0,0,0,0,0,0,0,1000,1000,1000,1000,0,0,0,0,0
2025-12-15 00:53:22.688,SERVO_OUTPUT_RAW,1157909787,SERVO_OUTPUT_RAW,0,0,0,0,0,0,0,0,1000,1000,1000,1000,0,0,0,0,0
2025-12-15 00:53:22.788,SERVO_OUTPUT_RAW,1158009843,SERVO_OUTPUT_RAW,0,0,0,0,0,0,0,0,1000,1000,1000,1000,0,0,0,0,0
2025-12-15 00:53:22.888,SERVO_OUTPUT_RAW,1158109782,SERVO_OUTPUT_RAW,0,0,0,0,0,0,0,0,1000,1000,1000,1000,0,0,0,0,0
2025-12-15 00:53:22.988,SERVO_OUTPUT_RAW,1158209825,SERVO_OUTPUT_RAW,0,0,0,0,0,0,0,0,1000,1000,1000,1000,0,0,0,0,0
2025-12-15 00:53:23.088,SERVO_OUTPUT_RAW,1158309857,SERVO_OUTPUT_RAW,0,0,0,0,0,0,0,0,1000,1000,1000,1000,0,0,0,0,0
2025-12-15 00:53:23.188,SERVO_OUTPUT_RAW,1158409856,SERVO_OUTPUT_RAW,0,0,0,0,0,0,0,0,1000,1000,1000,1000,0,0,0,0,0
2025-12-15 00:53:23.289,SERVO_OUTPUT_RAW,1158509807,SERVO_OUTPUT_RAW,0,0,0,0,0,0,0,0,1000,1000,1000,1000,0,0,0,0,0
2025-12-15 00:53:23.388,SERVO_OUTPUT_RAW,1158609820,SERVO_OUTPUT_RAW,0,0,0,0,0,0,0,0,1000,1000,1000,1000,0,0,0,0,0
2025-12-15 00:53:23.488,SERVO_OUTPUT_RAW,1158709861,SERVO_OUTPUT_RAW,0,0,0,0,0,0,0,0,1000,1000,1000,1000,0,0,0,0,0
2025-12-15 00:53:23.588,SERVO_OUTPUT_RAW,1158809822,SERVO_OUTPUT_RAW,0,0,0,0,0,0,0,0,1000,1000,1000,1000,0,0,0,0,0
2025-12-15 00:53:23.688,SERVO_OUTPUT_RAW,1158909793,SERVO_OUTPUT_RAW,0,0,0,0,0,0,0,0,1000,1000,1000,1000,0,0,0,0,0
2025-12-15 00:53:23.788,SERVO_OUTPUT_RAW,1159009815,SERVO_OUTPUT_RAW,0,0,0,0,0,0,0,0,1000,1000,1000,1000,0,0,0,0,0
2025-12-15 00:53:23.888,SERVO_OUTPUT_RAW,1159109815,SERVO_OUTPUT_RAW,0,0,0,0,0,0,0,0,1000,1000,1000,1000,0,0,0,0,0
2025-12-15 00:53:23.988,SERVO_OUTPUT_RAW,1159209788,SERVO_OUTPUT_RAW,0,0,0,0,0,0,0,0,1000,1000,1000,1000,0,0,0,0,0
2025-12-15 00:53:24.088,SERVO_OUTPUT_RAW,1159309794,SERVO_OUTPUT_RAW,0,0,0,0,0,0,0,0,1000,1000,1000,1000,0,0,0,0,0
2025-12-15 00:53:24.188,SERVO_OUTPUT_RAW,1159409801,SERVO_OUTPUT_RAW,0,0,0,0,0,0,0,0,1000,1000,1000,1000,0,0,0,0,0
2025-12-15 00:53:24.288,SERVO_OUTPUT_RAW,1159509791,SERVO_OUTPUT_RAW,0,0,0,0,0,0,0,0,1000,1000,1000,1000,0,0,0,0,0
2025-12-15 00:53:24.388,SERVO_OUTPUT_RAW,1159609782,SERVO_OUTPUT_RAW,0,0,0,0,0,0,0,0,1000,1000,1000,1000,0,0,0,0,0
2025-12-15 00:53:24.488,SERVO_OUTPUT_RAW,1159709795,SERVO_OUTPUT_RAW,0,0,0,0,0,0,0,0,1000,1000,1000,1000,0,0,0,0,0
2025-12-15 00:53:24.588,SERVO_OUTPUT_RAW,1159809834,SERVO_OUTPUT_RAW,0,0,0,0,0,0,0,0,1000,1000,1000,1000,0,0,0,0,0
2025-12-15 00:53:24.688,SERVO_OUTPUT_RAW,1159909855,SERVO_OUTPUT_RAW,0,0,0,0,0,0,0,0,1000,1000,1000,1000,0,0,0,0,0
2025-12-15 00:53:24.788,SERVO_OUTPUT_RAW,1160009801,SERVO_OUTPUT_RAW,0,0,0,0,0,0,0,0,1000,1000,1000,1000,0,0,0,0,0
2025-12-15 00:53:24.890,SERVO_OUTPUT_RAW,1160112170,SERVO_OUTPUT_RAW,0,0,0,0,0,0,0,0,1000,1000,1000,1000,0,0,0,0,0
2025-12-15 00:53:24.988,SERVO_OUTPUT_RAW,1160209822,SERVO_OUTPUT_RAW,0,0,0,0,0,0,0,0,1000,1000,1000,1000,0,0,0,0,0
2025-12-15 00:53:25.088,SERVO_OUTPUT_RAW,1160309854,SERVO_OUTPUT_RAW,0,0,0,0,0,0,0,0,1000,1000,1000,1000,0,0,0,0,0
2025-12-15 00:53:25.189,SERVO_OUTPUT_RAW,1160409820,SERVO_OUTPUT_RAW,0,0,0,0,0,0,0,0,1000,1000,1000,1000,0,0,0,0,0
2025-12-15 00:53:25.289,SERVO_OUTPUT_RAW,1160509804,SERVO_OUTPUT_RAW,0,0,0,0,0,0,0,0,1000,1000,1000,1000,0,0,0,0,0
2025-12-15 00:53:25.389,SERVO_OUTPUT_RAW,1160609834,SERVO_OUTPUT_RAW,0,0,0,0,0,0,0,0,1000,1000,1000,1000,0,0,0,0,0
2025-12-15 00:53:25.489,SERVO_OUTPUT_RAW,1160709819,SERVO_OUTPUT_RAW,0,0,0,0,0,0,0,0,1000,1000,1000,1000,0,0,0,0,0
2025-12-15 00:53:25.589,SERVO_OUTPUT_RAW,1160809786,SERVO_OUTPUT_RAW,0,0,0,0,0,0,0,0,1000,1000,1000,1000,0,0,0,0,0
2025-12-15 00:53:25.689,SERVO_OUTPUT_RAW,1160909802,SERVO_OUTPUT_RAW,0,0,0,0,0,0,0,0,1000,1000,1000,1000,0,0,0,0,0
2025-12-15 00:53:25.789,SERVO_OUTPUT_RAW,1161009795,SERVO_OUTPUT_RAW,0,0,0,0,0,0,0,0,1000,1000,1000,1000,0,0,0,0,0
2025-12-15 00:53:25.889,SERVO_OUTPUT_RAW,1161109789,SERVO_OUTPUT_RAW,0,0,0,0,0,0,0,0,1000,1000,1000,1000,0,0,0,0,0
2025-12-15 00:53:25.989,SERVO_OUTPUT_RAW,1161209814,SERVO_OUTPUT_RAW,0,0,0,0,0,0,0,0,1000,1000,1000,1000,0,0,0,0,0
2025-12-15 00:53:26.089,SERVO_OUTPUT_RAW,1161309803,SERVO_OUTPUT_RAW,0,0,0,0,0,0,0,0,1000,1000,1000,1000,0,0,0,0,0
2025-12-15 00:53:26.189,SERVO_OUTPUT_RAW,1161409842,SERVO_OUTPUT_RAW,0,0,0,0,0,0,0,0,1000,1000,1000,1000,0,0,0,0,0
2025-12-15 00:53:26.289,SERVO_OUTPUT_RAW,1161509799,SERVO_OUTPUT_RAW,0,0,0,0,0,0,0,0,1000,1000,1000,1000,0,0,0,0,0
2025-12-15 00:53:26.389,SERVO_OUTPUT_RAW,1161609796,SERVO_OUTPUT_RAW,0,0,0,0,0,0,0,0,1000,1000,1000,1000,0,0,0,0,0
2025-12-15 00:53:26.489,SERVO_OUTPUT_RAW,1161709829,SERVO_OUTPUT_RAW,0,0,0,0,0,0,0,0,1000,1000,1000,1000,0,0,0,0,0
2025-12-15 00:53:26.589,SERVO_OUTPUT_RAW,1161809845,SERVO_OUTPUT_RAW,0,0,0,0,0,0,0,0,1000,1000,1000,1000,0,0,0,0,0
2025-12-15 00:53:26.689,SERVO_OUTPUT_RAW,1161909855,SERVO_OUTPUT_RAW,0,0,0,0,0,0,0,0,1000,1000,1000,1000,0,0,0,0,0
2025-12-15 00:53:26.789,SERVO_OUTPUT_RAW,1162009786,SERVO_OUTPUT_RAW,0,0,0,0,0,0,0,0,1000,1000,1000,1000,0,0,0,0,0
2025-12-15 00:53:26.889,SERVO_OUTPUT_RAW,1162109820,SERVO_OUTPUT_RAW,0,0,0,0,0,0,0,0,1000,1000,1000,1000,0,0,0,0,0
2025-12-15 00:53:26.989,SERVO_OUTPUT_RAW,1162209887,SERVO_OUTPUT_RAW,0,0,0,0,0,0,0,0,1000,1000,1000,1000,0,0,0,0,0
2025-12-15 00:53:27.089,SERVO_OUTPUT_RAW,1162309778,SERVO_OUTPUT_RAW,0,0,0,0,0,0,0,0,1000,1000,1000,1000,0,0,0,0,0
2025-12-15 00:53:27.189,SERVO_OUTPUT_RAW,1162409790,SERVO_OUTPUT_RAW,0,0,0,0,0,0,0,0,1000,1000,1000,1000,0,0,0,0,0
2025-12-15 00:53:27.289,SERVO_OUTPUT_RAW,1162509787,SERVO_OUTPUT_RAW,0,0,0,0,0,0,0,0,1000,1000,1000,1000,0,0,0,0,0
2025-12-15 00:53:27.391,SERVO_OUTPUT_RAW,1162609777,SERVO_OUTPUT_RAW,0,0,0,0,0,0,0,0,1000,1000,1000,1000,0,0,0,0,0
2025-12-15 00:53:27.489,SERVO_OUTPUT_RAW,1162709785,SERVO_OUTPUT_RAW,0,0,0,0,0,0,0,0,1000,1000,1000,1000,0,0,0,0,0
2025-12-15 00:53:27.589,SERVO_OUTPUT_RAW,1162809811,SERVO_OUTPUT_RAW,0,0,0,0,0,0,0,0,1000,1000,1000,1000,0,0,0,0,0
2025-12-15 00:53:27.689,SERVO_OUTPUT_RAW,1162909832,SERVO_OUTPUT_RAW,0,0,0,0,0,0,0,0,1000,1000,1000,1000,0,0,0,0,0
2025-12-15 00:53:27.789,SERVO_OUTPUT_RAW,1163009861,SERVO_OUTPUT_RAW,0,0,0,0,0,0,0,0,1000,1000,1000,1000,0,0,0,0,0
2025-12-15 00:53:27.889,SERVO_OUTPUT_RAW,1163109850,SERVO_OUTPUT_RAW,0,0,0,0,0,0,0,0,1000,1000,1000,1000,0,0,0,0,0
2025-12-15 00:53:27.989,SERVO_OUTPUT_RAW,1163209812,SERVO_OUTPUT_RAW,0,0,0,0,0,0,0,0,1000,1000,1000,1000,0,0,0,0,0
2025-12-15 00:53:28.089,SERVO_OUTPUT_RAW,1163309822,SERVO_OUTPUT_RAW,0,0,0,0,0,0,0,0,1000,1000,1000,1000,0,0,0,0,0
2025-12-15 00:53:28.189,SERVO_OUTPUT_RAW,1163409848,SERVO_OUTPUT_RAW,0,0,0,0,0,0,0,0,1000,1000,1000,1000,0,0,0,0,0
2025-12-15 00:53:28.289,SERVO_OUTPUT_RAW,1163509853,SERVO_OUTPUT_RAW,0,0,0,0,0,0,0,0,1000,1000,1000,1000,0,0,0,0,0
2025-12-15 00:53:28.389,SERVO_OUTPUT_RAW,1163609777,SERVO_OUTPUT_RAW,0,0,0,0,0,0,0,0,1000,1000,1000,1000,0,0,0,0,0
2025-12-15 00:53:28.489,SERVO_OUTPUT_RAW,1163709810,SERVO_OUTPUT_RAW,0,0,0,0,0,0,0,0,1000,1000,1000,1000,0,0,0,0,0
2025-12-15 00:53:28.589,SERVO_OUTPUT_RAW,1163809812,SERVO_OUTPUT_RAW,0,0,0,0,0,0,0,0,1000,1000,1000,1000,0,0,0,0,0
2025-12-15 00:53:28.689,SERVO_OUTPUT_RAW,1163909837,SERVO_OUTPUT_RAW,0,0,0,0,0,0,0,0,1000,1000,1000,1000,0,0,0,0,0
2025-12-15 00:53:28.789,SERVO_OUTPUT_RAW,1164009779,SERVO_OUTPUT_RAW,0,0,0,0,0,0,0,0,1000,1000,1000,1000,0,0,0,0,0
2025-12-15 00:53:28.889,SERVO_OUTPUT_RAW,1164109796,SERVO_OUTPUT_RAW,0,0,0,0,0,0,0,0,1000,1000,1000,1000,0,0,0,0,0
2025-12-15 00:53:28.989,SERVO_OUTPUT_RAW,1164209791,SERVO_OUTPUT_RAW,0,0,0,0,0,0,0,0,1000,1000,1000,1000,0,0,0,0,0
2025-12-15 00:53:29.089,SERVO_OUTPUT_RAW,1164312147,SERVO_OUTPUT_RAW,0,0,0,0,0,0,0,0,1000,1000,1000,1000,0,0,0,0,0
2025-12-15 00:53:29.189,SERVO_OUTPUT_RAW,1164412149,SERVO_OUTPUT_RAW,0,0,0,0,0,0,0,0,1000,1000,1000,1000,0,0,0,0,0
2025-12-15 00:53:29.289,SERVO_OUTPUT_RAW,1164509845,SERVO_OUTPUT_RAW,0,0,0,0,0,0,0,0,1000,1000,1000,1000,0,0,0,0,0
2025-12-15 00:53:29.389,SERVO_OUTPUT_RAW,1164609812,SERVO_OUTPUT_RAW,0,0,0,0,0,0,0,0,1000,1000,1000,1000,0,0,0,0,0
2025-12-15 00:53:29.489,SERVO_OUTPUT_RAW,1164709802,SERVO_OUTPUT_RAW,0,0,0,0,0,0,0,0,1000,1000,1000,1000,0,0,0,0,0
2025-12-15 00:53:29.589,SERVO_OUTPUT_RAW,1164809827,SERVO_OUTPUT_RAW,0,0,0,0,0,0,0,0,1000,1000,1000,1000,0,0,0,0,0
2025-12-15 00:53:29.689,SERVO_OUTPUT_RAW,1164909844,SERVO_OUTPUT_RAW,0,0,0,0,0,0,0,0,1000,1000,1000,1000,0,0,0,0,0
2025-12-15 00:53:29.789,SERVO_OUTPUT_RAW,1165009839,SERVO_OUTPUT_RAW,0,0,0,0,0,0,0,0,1000,1000,1000,1000,0,0,0,0,0
2025-12-15 00:53:29.889,SERVO_OUTPUT_RAW,1165109820,SERVO_OUTPUT_RAW,0,0,0,0,0,0,0,0,1000,1000,1000,1000,0,0,0,0,0
2025-12-15 00:53:29.989,SERVO_OUTPUT_RAW,1165209798,SERVO_OUTPUT_RAW,0,0,0,0,0,0,0,0,1000,1000,1000,1000,0,0,0,0,0
2025-12-15 00:53:30.089,SERVO_OUTPUT_RAW,1165309821,SERVO_OUTPUT_RAW,0,0,0,0,0,0,0,0,1000,1000,1000,1000,0,0,0,0,0
2025-12-15 00:53:30.189,SERVO_OUTPUT_RAW,1165409820,SERVO_OUTPUT_RAW,0,0,0,0,0,0,0,0,1000,1000,1000,1000,0,0,0,0,0
2025-12-15 00:53:30.289,SERVO_OUTPUT_RAW,1165509779,SERVO_OUTPUT_RAW,0,0,0,0,0,0,0,0,1000,1000,1000,1000,0,0,0,0,0
2025-12-15 00:53:30.388,SERVO_OUTPUT_RAW,1165609771,SERVO_OUTPUT_RAW,0,0,0,0,0,0,0,0,1000,1000,1000,1000,0,0,0,0,0
2025-12-15 00:53:30.489,SERVO_OUTPUT_RAW,1165709795,SERVO_OUTPUT_RAW,0,0,0,0,0,0,0,0,1000,1000,1000,1000,0,0,0,0,0
2025-12-15 00:53:30.589,SERVO_OUTPUT_RAW,1165809778,SERVO_OUTPUT_RAW,0,0,0,0,0,0,0,0,1000,1000,1000,1000,0,0,0,0,0
2025-12-15 00:53:30.688,SERVO_OUTPUT_RAW,1165909806,SERVO_OUTPUT_RAW,0,0,0,0,0,0,0,0,1000,1000,1000,1000,0,0,0,0,0
2025-12-15 00:53:30.788,SERVO_OUTPUT_RAW,1166009830,SERVO_OUTPUT_RAW,0,0,0,0,0,0,0,0,1000,1000,1000,1000,0,0,0,0,0
2025-12-15 00:53:30.888,SERVO_OUTPUT_RAW,1166112152,SERVO_OUTPUT_RAW,0,0,0,0,0,0,0,0,1000,1000,1000,1000,0,0,0,0,0
2025-12-15 00:53:30.988,SERVO_OUTPUT_RAW,1166209806,SERVO_OUTPUT_RAW,0,0,0,0,0,0,0,0,1000,1000,1000,1000,0,0,0,0,0
2025-12-15 00:53:31.088,SERVO_OUTPUT_RAW,1166309788,SERVO_OUTPUT_RAW,0,0,0,0,0,0,0,0,1000,1000,1000,1000,0,0,0,0,0
2025-12-15 00:53:31.188,SERVO_OUTPUT_RAW,1166412107,SERVO_OUTPUT_RAW,0,0,0,0,0,0,0,0,1000,1000,1000,1000,0,0,0,0,0
2025-12-15 00:53:31.288,SERVO_OUTPUT_RAW,1166509847,SERVO_OUTPUT_RAW,0,0,0,0,0,0,0,0,1000,1000,1000,1000,0,0,0,0,0
2025-12-15 00:53:31.388,SERVO_OUTPUT_RAW,1166609860,SERVO_OUTPUT_RAW,0,0,0,0,0,0,0,0,1000,1000,1000,1000,0,0,0,0,0
2025-12-15 00:53:31.488,SERVO_OUTPUT_RAW,1166709779,SERVO_OUTPUT_RAW,0,0,0,0,0,0,0,0,1000,1000,1000,1000,0,0,0,0,0
2025-12-15 00:53:31.589,SERVO_OUTPUT_RAW,1166809809,SERVO_OUTPUT_RAW,0,0,0,0,0,0,0,0,1000,1000,1000,1000,0,0,0,0,0
2025-12-15 00:53:31.688,SERVO_OUTPUT_RAW,1166909819,SERVO_OUTPUT_RAW,0,0,0,0,0,0,0,0,1000,1000,1000,1000,0,0,0,0,0
2025-12-15 00:53:31.788,SERVO_OUTPUT_RAW,1167009781,SERVO_OUTPUT_RAW,0,0,0,0,0,0,0,0,1000,1000,1000,1000,0,0,0,0,0
2025-12-15 00:53:31.888,SERVO_OUTPUT_RAW,1167109774,SERVO_OUTPUT_RAW,0,0,0,0,0,0,0,0,1000,1000,1000,1000,0,0,0,0,0
2025-12-15 00:53:31.988,SERVO_OUTPUT_RAW,1167209778,SERVO_OUTPUT_RAW,0,0,0,0,0,0,0,0,1000,1000,1000,1000,0,0,0,0,0
2025-12-15 00:53:32.088,SERVO_OUTPUT_RAW,1167309788,SERVO_OUTPUT_RAW,0,0,0,0,0,0,0,0,1000,1000,1000,1000,0,0,0,0,0
2025-12-15 00:53:32.188,SERVO_OUTPUT_RAW,1167412116,SERVO_OUTPUT_RAW,0,0,0,0,0,0,0,0,1000,1000,1000,1000,0,0,0,0,0
2025-12-15 00:53:32.288,SERVO_OUTPUT_RAW,1167509810,SERVO_OUTPUT_RAW,0,0,0,0,0,0,0,0,1000,1000,1000,1000,0,0,0,0,0
2025-12-15 00:53:32.390,SERVO_OUTPUT_RAW,1167609839,SERVO_OUTPUT_RAW,0,0,0,0,0,0,0,0,1000,1000,1000,1000,0,0,0,0,0
2025-12-15 00:53:32.488,SERVO_OUTPUT_RAW,1167709838,SERVO_OUTPUT_RAW,0,0,0,0,0,0,0,0,1000,1000,1000,1000,0,0,0,0,0
2025-12-15 00:53:32.589,SERVO_OUTPUT_RAW,1167809839,SERVO_OUTPUT_RAW,0,0,0,0,0,0,0,0,1000,1000,1000,1000,0,0,0,0,0
2025-12-15 00:53:32.688,SERVO_OUTPUT_RAW,1167909819,SERVO_OUTPUT_RAW,0,0,0,0,0,0,0,0,1000,1000,1000,1000,0,0,0,0,0
2025-12-15 00:53:32.788,SERVO_OUTPUT_RAW,1168009822,SERVO_OUTPUT_RAW,0,0,0,0,0,0,0,0,1000,1000,1000,1000,0,0,0,0,0
2025-12-15 00:53:32.888,SERVO_OUTPUT_RAW,1168109834,SERVO_OUTPUT_RAW,0,0,0,0,0,0,0,0,1000,1000,1000,1000,0,0,0,0,0
2025-12-15 00:53:32.989,SERVO_OUTPUT_RAW,1168209782,SERVO_OUTPUT_RAW,0,0,0,0,0,0,0,0,1000,1000,1000,1000,0,0,0,0,0
2025-12-15 00:53:33.088,SERVO_OUTPUT_RAW,1168309775,SERVO_OUTPUT_RAW,0,0,0,0,0,0,0,0,1000,1000,1000,1000,0,0,0,0,0
2025-12-15 00:53:33.189,SERVO_OUTPUT_RAW,1168409836,SERVO_OUTPUT_RAW,0,0,0,0,0,0,0,0,1000,1000,1000,1000,0,0,0,0,0
2025-12-15 00:53:33.289,SERVO_OUTPUT_RAW,1168509884,SERVO_OUTPUT_RAW,0,0,0,0,0,0,0,0,1000,1000,1000,1000,0,0,0,0,0
2025-12-15 00:53:33.388,SERVO_OUTPUT_RAW,1168609789,SERVO_OUTPUT_RAW,0,0,0,0,0,0,0,0,1000,1000,1000,1000,0,0,0,0,0
2025-12-15 00:53:33.489,SERVO_OUTPUT_RAW,1168709783,SERVO_OUTPUT_RAW,0,0,0,0,0,0,0,0,1000,1000,1000,1000,0,0,0,0,0
2025-12-15 00:53:33.589,SERVO_OUTPUT_RAW,1168809793,SERVO_OUTPUT_RAW,0,0,0,0,0,0,0,0,1000,1000,1000,1000,0,0,0,0,0
2025-12-15 00:53:33.689,SERVO_OUTPUT_RAW,1168909780,SERVO_OUTPUT_RAW,0,0,0,0,0,0,0,0,1000,1000,1000,1000,0,0,0,0,0
2025-12-15 00:53:33.789,SERVO_OUTPUT_RAW,1169012117,SERVO_OUTPUT_RAW,0,0,0,0,0,0,0,0,1000,1000,1000,1000,0,0,0,0,0
2025-12-15 00:53:33.889,SERVO_OUTPUT_RAW,1169109797,SERVO_OUTPUT_RAW,0,0,0,0,0,0,0,0,1000,1000,1000,1000,0,0,0,0,0
2025-12-15 00:53:33.989,SERVO_OUTPUT_RAW,1169209834,SERVO_OUTPUT_RAW,0,0,0,0,0,0,0,0,1000,1000,1000,1000,0,0,0,0,0
2025-12-15 00:53:34.089,SERVO_OUTPUT_RAW,1169312136,SERVO_OUTPUT_RAW,0,0,0,0,0,0,0,0,1000,1000,1000,1000,0,0,0,0,0
2025-12-15 00:53:34.189,SERVO_OUTPUT_RAW,1169409790,SERVO_OUTPUT_RAW,0,0,0,0,0,0,0,0,1000,1000,1000,1000,0,0,0,0,0
2025-12-15 00:53:34.289,SERVO_OUTPUT_RAW,1169509813,SERVO_OUTPUT_RAW,0,0,0,0,0,0,0,0,1000,1000,1000,1000,0,0,0,0,0
2025-12-15 00:53:34.389,SERVO_OUTPUT_RAW,1169609841,SERVO_OUTPUT_RAW,0,0,0,0,0,0,0,0,1000,1000,1000,1000,0,0,0,0,0
2025-12-15 00:53:34.489,SERVO_OUTPUT_RAW,1169709846,SERVO_OUTPUT_RAW,0,0,0,0,0,0,0,0,1000,1000,1000,1000,0,0,0,0,0
2025-12-15 00:53:34.589,SERVO_OUTPUT_RAW,1169809831,SERVO_OUTPUT_RAW,0,0,0,0,0,0,0,0,1000,1000,1000,1000,0,0,0,0,0
2025-12-15 00:53:34.689,SERVO_OUTPUT_RAW,1169909824,SERVO_OUTPUT_RAW,0,0,0,0,0,0,0,0,1000,1000,1000,1000,0,0,0,0,0
2025-12-15 00:53:34.789,SERVO_OUTPUT_RAW,1170009821,SERVO_OUTPUT_RAW,0,0,0,0,0,0,0,0,1000,1000,1000,1000,0,0,0,0,0
2025-12-15 00:53:34.889,SERVO_OUTPUT_RAW,1170109780,SERVO_OUTPUT_RAW,0,0,0,0,0,0,0,0,1000,1000,1000,1000,0,0,0,0,0
2025-12-15 00:53:34.989,SERVO_OUTPUT_RAW,1170209791,SERVO_OUTPUT_RAW,0,0,0,0,0,0,0,0,1000,1000,1000,1000,0,0,0,0,0
2025-12-15 00:53:35.089,SERVO_OUTPUT_RAW,1170309801,SERVO_OUTPUT_RAW,0,0,0,0,0,0,0,0,1000,1000,1000,1000,0,0,0,0,0
2025-12-15 00:53:35.189,SERVO_OUTPUT_RAW,1170409786,SERVO_OUTPUT_RAW,0,0,0,0,0,0,0,0,1000,1000,1000,1000,0,0,0,0,0
2025-12-15 00:53:35.289,SERVO_OUTPUT_RAW,1170509776,SERVO_OUTPUT_RAW,0,0,0,0,0,0,0,0,1000,1000,1000,1000,0,0,0,0,0
2025-12-15 00:53:35.389,SERVO_OUTPUT_RAW,1170612196,SERVO_OUTPUT_RAW,0,0,0,0,0,0,0,0,1000,1000,1000,1000,0,0,0,0,0
2025-12-15 00:53:35.489,SERVO_OUTPUT_RAW,1170709827,SERVO_OUTPUT_RAW,0,0,0,0,0,0,0,0,1000,1000,1000,1000,0,0,0,0,0
2025-12-15 00:53:35.589,SERVO_OUTPUT_RAW,1170809848,SERVO_OUTPUT_RAW,0,0,0,0,0,0,0,0,1000,1000,1000,1000,0,0,0,0,0
2025-12-15 00:53:35.690,SERVO_OUTPUT_RAW,1170909824,SERVO_OUTPUT_RAW,0,0,0,0,0,0,0,0,1000,1000,1000,1000,0,0,0,0,0
2025-12-15 00:53:35.789,SERVO_OUTPUT_RAW,1171009794,SERVO_OUTPUT_RAW,0,0,0,0,0,0,0,0,1000,1000,1000,1000,0,0,0,0,0
2025-12-15 00:53:35.889,SERVO_OUTPUT_RAW,1171112070,SERVO_OUTPUT_RAW,0,0,0,0,0,0,0,0,1000,1000,1000,1000,0,0,0,0,0
2025-12-15 00:53:35.989,SERVO_OUTPUT_RAW,1171209845,SERVO_OUTPUT_RAW,0,0,0,0,0,0,0,0,1000,1000,1000,1000,0,0,0,0,0
2025-12-15 00:53:36.089,SERVO_OUTPUT_RAW,1171309855,SERVO_OUTPUT_RAW,0,0,0,0,0,0,0,0,1000,1000,1000,1000,0,0,0,0,0
2025-12-15 00:53:36.189,SERVO_OUTPUT_RAW,1171409789,SERVO_OUTPUT_RAW,0,0,0,0,0,0,0,0,1000,1000,1000,1000,0,0,0,0,0
2025-12-15 00:53:36.289,SERVO_OUTPUT_RAW,1171509802,SERVO_OUTPUT_RAW,0,0,0,0,0,0,0,0,1000,1000,1000,1000,0,0,0,0,0
2025-12-15 00:53:36.389,SERVO_OUTPUT_RAW,1171609812,SERVO_OUTPUT_RAW,0,0,0,0,0,0,0,0,1000,1000,1000,1000,0,0,0,0,0
2025-12-15 00:53:36.489,SERVO_OUTPUT_RAW,1171709774,SERVO_OUTPUT_RAW,0,0,0,0,0,0,0,0,1000,1000,1000,1000,0,0,0,0,0
2025-12-15 00:53:36.590,SERVO_OUTPUT_RAW,1171809793,SERVO_OUTPUT_RAW,0,0,0,0,0,0,0,0,1000,1000,1000,1000,0,0,0,0,0
2025-12-15 00:53:36.689,SERVO_OUTPUT_RAW,1171909822,SERVO_OUTPUT_RAW,0,0,0,0,0,0,0,0,1000,1000,1000,1000,0,0,0,0,0
2025-12-15 00:53:36.789,SERVO_OUTPUT_RAW,1172009801,SERVO_OUTPUT_RAW,0,0,0,0,0,0,0,0,1000,1000,1000,1000,0,0,0,0,0
2025-12-15 00:53:36.889,SERVO_OUTPUT_RAW,1172109797,SERVO_OUTPUT_RAW,0,0,0,0,0,0,0,0,1000,1000,1000,1000,0,0,0,0,0
2025-12-15 00:53:36.989,SERVO_OUTPUT_RAW,1172212159,SERVO_OUTPUT_RAW,0,0,0,0,0,0,0,0,1000,1000,1000,1000,0,0,0,0,0
2025-12-15 00:53:37.089,SERVO_OUTPUT_RAW,1172309839,SERVO_OUTPUT_RAW,0,0,0,0,0,0,0,0,1000,1000,1000,1000,0,0,0,0,0
2025-12-15 00:53:37.189,SERVO_OUTPUT_RAW,1172409841,SERVO_OUTPUT_RAW,0,0,0,0,0,0,0,0,1000,1000,1000,1000,0,0,0,0,0
2025-12-15 00:53:37.289,SERVO_OUTPUT_RAW,1172509804,SERVO_OUTPUT_RAW,0,0,0,0,0,0,0,0,1000,1000,1000,1000,0,0,0,0,0
2025-12-15 00:53:37.389,SERVO_OUTPUT_RAW,1172609804,SERVO_OUTPUT_RAW,0,0,0,0,0,0,0,0,1000,1000,1000,1000,0,0,0,0,0
2025-12-15 00:53:37.490,SERVO_OUTPUT_RAW,1172712070,SERVO_OUTPUT_RAW,0,0,0,0,0,0,0,0,1000,1000,1000,1000,0,0,0,0,0
2025-12-15 00:53:37.589,SERVO_OUTPUT_RAW,1172809855,SERVO_OUTPUT_RAW,0,0,0,0,0,0,0,0,1000,1000,1000,1000,0,0,0,0,0
2025-12-15 00:53:37.689,SERVO_OUTPUT_RAW,1172909821,SERVO_OUTPUT_RAW,0,0,0,0,0,0,0,0,1000,1000,1000,1000,0,0,0,0,0
2025-12-15 00:53:37.789,SERVO_OUTPUT_RAW,1173009795,SERVO_OUTPUT_RAW,0,0,0,0,0,0,0,0,1000,1000,1000,1000,0,0,0,0,0
2025-12-15 00:53:37.889,SERVO_OUTPUT_RAW,1173109819,SERVO_OUTPUT_RAW,0,0,0,0,0,0,0,0,1000,1000,1000,1000,0,0,0,0,0
2025-12-15 00:53:37.989,SERVO_OUTPUT_RAW,1173209836,SERVO_OUTPUT_RAW,0,0,0,0,0,0,0,0,1000,1000,1000,1000,0,0,0,0,0
2025-12-15 00:53:38.090,SERVO_OUTPUT_RAW,1173309798,SERVO_OUTPUT_RAW,0,0,0,0,0,0,0,0,1000,1000,1000,1000,0,0,0,0,0
2025-12-15 00:53:38.189,SERVO_OUTPUT_RAW,1173409791,SERVO_OUTPUT_RAW,0,0,0,0,0,0,0,0,1000,1000,1000,1000,0,0,0,0,0
2025-12-15 00:53:38.289,SERVO_OUTPUT_RAW,1173509804,SERVO_OUTPUT_RAW,0,0,0,0,0,0,0,0,1000,1000,1000,1000,0,0,0,0,0
2025-12-15 00:53:38.389,SERVO_OUTPUT_RAW,1173609794,SERVO_OUTPUT_RAW,0,0,0,0,0,0,0,0,1000,1000,1000,1000,0,0,0,0,0
2025-12-15 00:53:38.490,SERVO_OUTPUT_RAW,1173709785,SERVO_OUTPUT_RAW,0,0,0,0,0,0,0,0,1000,1000,1000,1000,0,0,0,0,0
2025-12-15 00:53:38.589,SERVO_OUTPUT_RAW,1173809856,SERVO_OUTPUT_RAW,0,0,0,0,0,0,0,0,1000,1000,1000,1000,0,0,0,0,0
2025-12-15 00:53:38.690,SERVO_OUTPUT_RAW,1173909832,SERVO_OUTPUT_RAW,0,0,0,0,0,0,0,0,1000,1000,1000,1000,0,0,0,0,0
2025-12-15 00:53:38.789,SERVO_OUTPUT_RAW,1174009777,SERVO_OUTPUT_RAW,0,0,0,0,0,0,0,0,1000,1000,1000,1000,0,0,0,0,0
2025-12-15 00:53:38.890,SERVO_OUTPUT_RAW,1174109808,SERVO_OUTPUT_RAW,0,0,0,0,0,0,0,0,1000,1000,1000,1000,0,0,0,0,0
2025-12-15 00:53:38.989,SERVO_OUTPUT_RAW,1174209818,SERVO_OUTPUT_RAW,0,0,0,0,0,0,0,0,1000,1000,1000,1000,0,0,0,0,0
2025-12-15 00:53:39.089,SERVO_OUTPUT_RAW,1174309857,SERVO_OUTPUT_RAW,0,0,0,0,0,0,0,0,1000,1000,1000,1000,0,0,0,0,0
2025-12-15 00:53:39.189,SERVO_OUTPUT_RAW,1174409839,SERVO_OUTPUT_RAW,0,0,0,0,0,0,0,0,1000,1000,1000,1000,0,0,0,0,0
2025-12-15 00:53:39.290,SERVO_OUTPUT_RAW,1174509785,SERVO_OUTPUT_RAW,0,0,0,0,0,0,0,0,1000,1000,1000,1000,0,0,0,0,0
2025-12-15 00:53:39.390,SERVO_OUTPUT_RAW,1174609808,SERVO_OUTPUT_RAW,0,0,0,0,0,0,0,0,1000,1000,1000,1000,0,0,0,0,0
2025-12-15 00:53:39.490,SERVO_OUTPUT_RAW,1174709827,SERVO_OUTPUT_RAW,0,0,0,0,0,0,0,0,1000,1000,1000,1000,0,0,0,0,0
2025-12-15 00:53:39.589,SERVO_OUTPUT_RAW,1174809895,SERVO_OUTPUT_RAW,0,0,0,0,0,0,0,0,1000,1000,1000,1000,0,0,0,0,0
2025-12-15 00:53:39.689,SERVO_OUTPUT_RAW,1174909783,SERVO_OUTPUT_RAW,0,0,0,0,0,0,0,0,1000,1000,1000,1000,0,0,0,0,0
2025-12-15 00:53:39.789,SERVO_OUTPUT_RAW,1175009781,SERVO_OUTPUT_RAW,0,0,0,0,0,0,0,0,1000,1000,1000,1000,0,0,0,0,0
2025-12-15 00:53:39.891,SERVO_OUTPUT_RAW,1175109773,SERVO_OUTPUT_RAW,0,0,0,0,0,0,0,0,1000,1000,1000,1000,0,0,0,0,0
2025-12-15 00:53:39.988,SERVO_OUTPUT_RAW,1175209784,SERVO_OUTPUT_RAW,0,0,0,0,0,0,0,0,1000,1000,1000,1000,0,0,0,0,0
2025-12-15 00:53:40.089,SERVO_OUTPUT_RAW,1175309789,SERVO_OUTPUT_RAW,0,0,0,0,0,0,0,0,1000,1000,1000,1000,0,0,0,0,0
2025-12-15 00:53:40.188,SERVO_OUTPUT_RAW,1175409825,SERVO_OUTPUT_RAW,0,0,0,0,0,0,0,0,1000,1000,1000,1000,0,0,0,0,0
2025-12-15 00:53:40.289,SERVO_OUTPUT_RAW,1175509795,SERVO_OUTPUT_RAW,0,0,0,0,0,0,0,0,1000,1000,1000,1000,0,0,0,0,0
2025-12-15 00:53:40.388,SERVO_OUTPUT_RAW,1175612173,SERVO_OUTPUT_RAW,0,0,0,0,0,0,0,0,1000,1000,1000,1000,0,0,0,0,0
2025-12-15 00:53:40.488,SERVO_OUTPUT_RAW,1175709883,SERVO_OUTPUT_RAW,0,0,0,0,0,0,0,0,1000,1000,1000,1000,0,0,0,0,0
2025-12-15 00:53:40.590,SERVO_OUTPUT_RAW,1175809873,SERVO_OUTPUT_RAW,0,0,0,0,0,0,0,0,1000,1000,1000,1000,0,0,0,0,0
2025-12-15 00:53:40.689,SERVO_OUTPUT_RAW,1175909841,SERVO_OUTPUT_RAW,0,0,0,0,0,0,0,0,1000,1000,1000,1000,0,0,0,0,0
2025-12-15 00:53:40.789,SERVO_OUTPUT_RAW,1176009810,SERVO_OUTPUT_RAW,0,0,0,0,0,0,0,0,1000,1000,1000,1000,0,0,0,0,0
2025-12-15 00:53:40.889,SERVO_OUTPUT_RAW,1176109805,SERVO_OUTPUT_RAW,0,0,0,0,0,0,0,0,1000,1000,1000,1000,0,0,0,0,0
2025-12-15 00:53:40.989,SERVO_OUTPUT_RAW,1176209824,SERVO_OUTPUT_RAW,0,0,0,0,0,0,0,0,1000,1000,1000,1000,0,0,0,0,0
2025-12-15 00:53:41.089,SERVO_OUTPUT_RAW,1176309828,SERVO_OUTPUT_RAW,0,0,0,0,0,0,0,0,1000,1000,1000,1000,0,0,0,0,0
2025-12-15 00:53:41.189,SERVO_OUTPUT_RAW,1176409784,SERVO_OUTPUT_RAW,0,0,0,0,0,0,0,0,1000,1000,1000,1000,0,0,0,0,0
2025-12-15 00:53:41.289,SERVO_OUTPUT_RAW,1176509807,SERVO_OUTPUT_RAW,0,0,0,0,0,0,0,0,1000,1000,1000,1000,0,0,0,0,0
2025-12-15 00:53:41.389,SERVO_OUTPUT_RAW,1176609789,SERVO_OUTPUT_RAW,0,0,0,0,0,0,0,0,1000,1000,1000,1000,0,0,0,0,0
2025-12-15 00:53:41.489,SERVO_OUTPUT_RAW,1176709781,SERVO_OUTPUT_RAW,0,0,0,0,0,0,0,0,1000,1000,1000,1000,0,0,0,0,0
2025-12-15 00:53:41.589,SERVO_OUTPUT_RAW,1176809789,SERVO_OUTPUT_RAW,0,0,0,0,0,0,0,0,1000,1000,1000,1000,0,0,0,0,0
2025-12-15 00:53:41.689,SERVO_OUTPUT_RAW,1176912158,SERVO_OUTPUT_RAW,0,0,0,0,0,0,0,0,1000,1000,1000,1000,0,0,0,0,0
2025-12-15 00:53:41.789,SERVO_OUTPUT_RAW,1177009828,SERVO_OUTPUT_RAW,0,0,0,0,0,0,0,0,1000,1000,1000,1000,0,0,0,0,0
2025-12-15 00:53:41.889,SERVO_OUTPUT_RAW,1177109814,SERVO_OUTPUT_RAW,0,0,0,0,0,0,0,0,1000,1000,1000,1000,0,0,0,0,0
2025-12-15 00:53:41.989,SERVO_OUTPUT_RAW,1177209786,SERVO_OUTPUT_RAW,0,0,0,0,0,0,0,0,1000,1000,1000,1000,0,0,0,0,0
2025-12-15 00:53:42.089,SERVO_OUTPUT_RAW,1177309813,SERVO_OUTPUT_RAW,0,0,0,0,0,0,0,0,1000,1000,1000,1000,0,0,0,0,0
2025-12-15 00:53:42.189,SERVO_OUTPUT_RAW,1177409850,SERVO_OUTPUT_RAW,0,0,0,0,0,0,0,0,1000,1000,1000,1000,0,0,0,0,0
2025-12-15 00:53:42.289,SERVO_OUTPUT_RAW,1177509835,SERVO_OUTPUT_RAW,0,0,0,0,0,0,0,0,1000,1000,1000,1000,0,0,0,0,0
2025-12-15 00:53:42.392,SERVO_OUTPUT_RAW,1177609792,SERVO_OUTPUT_RAW,0,0,0,0,0,0,0,0,1000,1000,1000,1000,0,0,0,0,0
2025-12-15 00:53:42.489,SERVO_OUTPUT_RAW,1177709812,SERVO_OUTPUT_RAW,0,0,0,0,0,0,0,0,1000,1000,1000,1000,0,0,0,0,0
2025-12-15 00:53:42.589,SERVO_OUTPUT_RAW,1177809823,SERVO_OUTPUT_RAW,0,0,0,0,0,0,0,0,1000,1000,1000,1000,0,0,0,0,0
2025-12-15 00:53:42.690,SERVO_OUTPUT_RAW,1177909798,SERVO_OUTPUT_RAW,0,0,0,0,0,0,0,0,1000,1000,1000,1000,0,0,0,0,0
2025-12-15 00:53:42.789,SERVO_OUTPUT_RAW,1178009771,SERVO_OUTPUT_RAW,0,0,0,0,0,0,0,0,1000,1000,1000,1000,0,0,0,0,0
2025-12-15 00:53:42.889,SERVO_OUTPUT_RAW,1178109780,SERVO_OUTPUT_RAW,0,0,0,0,0,0,0,0,1000,1000,1000,1000,0,0,0,0,0
2025-12-15 00:53:42.989,SERVO_OUTPUT_RAW,1178209792,SERVO_OUTPUT_RAW,0,0,0,0,0,0,0,0,1000,1000,1000,1000,0,0,0,0,0
2025-12-15 00:53:43.089,SERVO_OUTPUT_RAW,1178309799,SERVO_OUTPUT_RAW,0,0,0,0,0,0,0,0,1000,1000,1000,1000,0,0,0,0,0
2025-12-15 00:53:43.190,SERVO_OUTPUT_RAW,1178409790,SERVO_OUTPUT_RAW,0,0,0,0,0,0,0,0,1000,1000,1000,1000,0,0,0,0,0
2025-12-15 00:53:43.289,SERVO_OUTPUT_RAW,1178509816,SERVO_OUTPUT_RAW,0,0,0,0,0,0,0,0,1000,1000,1000,1000,0,0,0,0,0
2025-12-15 00:53:43.389,SERVO_OUTPUT_RAW,1178609793,SERVO_OUTPUT_RAW,0,0,0,0,0,0,0,0,1000,1000,1000,1000,0,0,0,0,0
2025-12-15 00:53:43.489,SERVO_OUTPUT_RAW,1178709873,SERVO_OUTPUT_RAW,0,0,0,0,0,0,0,0,1000,1000,1000,1000,0,0,0,0,0
2025-12-15 00:53:43.589,SERVO_OUTPUT_RAW,1178809788,SERVO_OUTPUT_RAW,0,0,0,0,0,0,0,0,1000,1000,1000,1000,0,0,0,0,0
2025-12-15 00:53:43.689,SERVO_OUTPUT_RAW,1178909821,SERVO_OUTPUT_RAW,0,0,0,0,0,0,0,0,1000,1000,1000,1000,0,0,0,0,0
2025-12-15 00:53:43.789,SERVO_OUTPUT_RAW,1179012076,SERVO_OUTPUT_RAW,0,0,0,0,0,0,0,0,1000,1000,1000,1000,0,0,0,0,0
2025-12-15 00:53:43.889,SERVO_OUTPUT_RAW,1179109808,SERVO_OUTPUT_RAW,0,0,0,0,0,0,0,0,1000,1000,1000,1000,0,0,0,0,0
2025-12-15 00:53:43.990,SERVO_OUTPUT_RAW,1179209796,SERVO_OUTPUT_RAW,0,0,0,0,0,0,0,0,1000,1000,1000,1000,0,0,0,0,0
2025-12-15 00:53:44.089,SERVO_OUTPUT_RAW,1179309821,SERVO_OUTPUT_RAW,0,0,0,0,0,0,0,0,1000,1000,1000,1000,0,0,0,0,0
2025-12-15 00:53:44.189,SERVO_OUTPUT_RAW,1179409810,SERVO_OUTPUT_RAW,0,0,0,0,0,0,0,0,1000,1000,1000,1000,0,0,0,0,0
2025-12-15 00:53:44.290,SERVO_OUTPUT_RAW,1179509797,SERVO_OUTPUT_RAW,0,0,0,0,0,0,0,0,1000,1000,1000,1000,0,0,0,0,0
2025-12-15 00:53:44.390,SERVO_OUTPUT_RAW,1179609790,SERVO_OUTPUT_RAW,0,0,0,0,0,0,0,0,1000,1000,1000,1000,0,0,0,0,0
2025-12-15 00:53:44.489,SERVO_OUTPUT_RAW,1179709793,SERVO_OUTPUT_RAW,0,0,0,0,0,0,0,0,1000,1000,1000,1000,0,0,0,0,0
2025-12-15 00:53:44.590,SERVO_OUTPUT_RAW,1179809789,SERVO_OUTPUT_RAW,0,0,0,0,0,0,0,0,1000,1000,1000,1000,0,0,0,0,0
2025-12-15 00:53:44.690,SERVO_OUTPUT_RAW,1179909794,SERVO_OUTPUT_RAW,0,0,0,0,0,0,0,0,1000,1000,1000,1000,0,0,0,0,0
2025-12-15 00:53:44.789,SERVO_OUTPUT_RAW,1180009812,SERVO_OUTPUT_RAW,0,0,0,0,0,0,0,0,1000,1000,1000,1000,0,0,0,0,0
2025-12-15 00:53:44.889,SERVO_OUTPUT_RAW,1180109843,SERVO_OUTPUT_RAW,0,0,0,0,0,0,0,0,1000,1000,1000,1000,0,0,0,0,0
2025-12-15 00:53:44.989,SERVO_OUTPUT_RAW,1180209858,SERVO_OUTPUT_RAW,0,0,0,0,0,0,0,0,1000,1000,1000,1000,0,0,0,0,0
2025-12-15 00:53:45.089,SERVO_OUTPUT_RAW,1180309782,SERVO_OUTPUT_RAW,0,0,0,0,0,0,0,0,1000,1000,1000,1000,0,0,0,0,0
2025-12-15 00:53:45.190,SERVO_OUTPUT_RAW,1180409797,SERVO_OUTPUT_RAW,0,0,0,0,0,0,0,0,1000,1000,1000,1000,0,0,0,0,0
2025-12-15 00:53:45.289,SERVO_OUTPUT_RAW,1180509831,SERVO_OUTPUT_RAW,0,0,0,0,0,0,0,0,1000,1000,1000,1000,0,0,0,0,0
2025-12-15 00:53:45.389,SERVO_OUTPUT_RAW,1180609875,SERVO_OUTPUT_RAW,0,0,0,0,0,0,0,0,1000,1000,1000,1000,0,0,0,0,0
2025-12-15 00:53:45.489,SERVO_OUTPUT_RAW,1180709819,SERVO_OUTPUT_RAW,0,0,0,0,0,0,0,0,1000,1000,1000,1000,0,0,0,0,0
2025-12-15 00:53:45.590,SERVO_OUTPUT_RAW,1180809811,SERVO_OUTPUT_RAW,0,0,0,0,0,0,0,0,1000,1000,1000,1000,0,0,0,0,0
2025-12-15 00:53:45.689,SERVO_OUTPUT_RAW,1180909824,SERVO_OUTPUT_RAW,0,0,0,0,0,0,0,0,1000,1000,1000,1000,0,0,0,0,0
2025-12-15 00:53:45.789,SERVO_OUTPUT_RAW,1181009828,SERVO_OUTPUT_RAW,0,0,0,0,0,0,0,0,1000,1000,1000,1000,0,0,0,0,0
2025-12-15 00:53:45.889,SERVO_OUTPUT_RAW,1181109873,SERVO_OUTPUT_RAW,0,0,0,0,0,0,0,0,1000,1000,1000,1000,0,0,0,0,0
2025-12-15 00:53:45.990,SERVO_OUTPUT_RAW,1181209790,SERVO_OUTPUT_RAW,0,0,0,0,0,0,0,0,1000,1000,1000,1000,0,0,0,0,0
2025-12-15 00:53:46.089,SERVO_OUTPUT_RAW,1181309780,SERVO_OUTPUT_RAW,0,0,0,0,0,0,0,0,1000,1000,1000,1000,0,0,0,0,0
2025-12-15 00:53:46.189,SERVO_OUTPUT_RAW,1181409779,SERVO_OUTPUT_RAW,0,0,0,0,0,0,0,0,1000,1000,1000,1000,0,0,0,0,0
2025-12-15 00:53:46.290,SERVO_OUTPUT_RAW,1181509790,SERVO_OUTPUT_RAW,0,0,0,0,0,0,0,0,1000,1000,1000,1000,0,0,0,0,0
2025-12-15 00:53:46.389,SERVO_OUTPUT_RAW,1181612175,SERVO_OUTPUT_RAW,0,0,0,0,0,0,0,0,1000,1000,1000,1000,0,0,0,0,0
2025-12-15 00:53:46.489,SERVO_OUTPUT_RAW,1181709838,SERVO_OUTPUT_RAW,0,0,0,0,0,0,0,0,1000,1000,1000,1000,0,0,0,0,0
2025-12-15 00:53:46.590,SERVO_OUTPUT_RAW,1181809827,SERVO_OUTPUT_RAW,0,0,0,0,0,0,0,0,1000,1000,1000,1000,0,0,0,0,0
2025-12-15 00:53:46.689,SERVO_OUTPUT_RAW,1181909833,SERVO_OUTPUT_RAW,0,0,0,0,0,0,0,0,1000,1000,1000,1000,0,0,0,0,0
2025-12-15 00:53:46.789,SERVO_OUTPUT_RAW,1182009815,SERVO_OUTPUT_RAW,0,0,0,0,0,0,0,0,1000,1000,1000,1000,0,0,0,0,0
2025-12-15 00:53:46.890,SERVO_OUTPUT_RAW,1182109850,SERVO_OUTPUT_RAW,0,0,0,0,0,0,0,0,1000,1000,1000,1000,0,0,0,0,0
2025-12-15 00:53:46.989,SERVO_OUTPUT_RAW,1182209856,SERVO_OUTPUT_RAW,0,0,0,0,0,0,0,0,1000,1000,1000,1000,0,0,0,0,0
2025-12-15 00:53:47.089,SERVO_OUTPUT_RAW,1182309784,SERVO_OUTPUT_RAW,0,0,0,0,0,0,0,0,1000,1000,1000,1000,0,0,0,0,0
2025-12-15 00:53:47.190,SERVO_OUTPUT_RAW,1182409821,SERVO_OUTPUT_RAW,0,0,0,0,0,0,0,0,1000,1000,1000,1000,0,0,0,0,0
2025-12-15 00:53:47.289,SERVO_OUTPUT_RAW,1182509816,SERVO_OUTPUT_RAW,0,0,0,0,0,0,0,0,1000,1000,1000,1000,0,0,0,0,0
2025-12-15 00:53:47.391,SERVO_OUTPUT_RAW,1182609776,SERVO_OUTPUT_RAW,0,0,0,0,0,0,0,0,1000,1000,1000,1000,0,0,0,0,0
2025-12-15 00:53:47.489,SERVO_OUTPUT_RAW,1182709785,SERVO_OUTPUT_RAW,0,0,0,0,0,0,0,0,1000,1000,1000,1000,0,0,0,0,0
2025-12-15 00:53:47.589,SERVO_OUTPUT_RAW,1182809796,SERVO_OUTPUT_RAW,0,0,0,0,0,0,0,0,1000,1000,1000,1000,0,0,0,0,0
2025-12-15 00:53:47.690,SERVO_OUTPUT_RAW,1182909787,SERVO_OUTPUT_RAW,0,0,0,0,0,0,0,0,1000,1000,1000,1000,0,0,0,0,0
2025-12-15 00:53:47.790,SERVO_OUTPUT_RAW,1183009789,SERVO_OUTPUT_RAW,0,0,0,0,0,0,0,0,1000,1000,1000,1000,0,0,0,0,0
2025-12-15 00:53:47.890,SERVO_OUTPUT_RAW,1183109791,SERVO_OUTPUT_RAW,0,0,0,0,0,0,0,0,1000,1000,1000,1000,0,0,0,0,0
2025-12-15 00:53:47.990,SERVO_OUTPUT_RAW,1183212172,SERVO_OUTPUT_RAW,0,0,0,0,0,0,0,0,1000,1000,1000,1000,0,0,0,0,0
2025-12-15 00:53:48.090,SERVO_OUTPUT_RAW,1183309851,SERVO_OUTPUT_RAW,0,0,0,0,0,0,0,0,1000,1000,1000,1000,0,0,0,0,0
2025-12-15 00:53:48.190,SERVO_OUTPUT_RAW,1183409801,SERVO_OUTPUT_RAW,0,0,0,0,0,0,0,0,1000,1000,1000,1000,0,0,0,0,0
2025-12-15 00:53:48.290,SERVO_OUTPUT_RAW,1183509900,SERVO_OUTPUT_RAW,0,0,0,0,0,0,0,0,1000,1000,1000,1000,0,0,0,0,0
2025-12-15 00:53:48.389,SERVO_OUTPUT_RAW,1183609822,SERVO_OUTPUT_RAW,0,0,0,0,0,0,0,0,1000,1000,1000,1000,0,0,0,0,0
2025-12-15 00:53:48.490,SERVO_OUTPUT_RAW,1183709864,SERVO_OUTPUT_RAW,0,0,0,0,0,0,0,0,1000,1000,1000,1000,0,0,0,0,0
2025-12-15 00:53:48.590,SERVO_OUTPUT_RAW,1183809781,SERVO_OUTPUT_RAW,0,0,0,0,0,0,0,0,1000,1000,1000,1000,0,0,0,0,0
2025-12-15 00:53:48.690,SERVO_OUTPUT_RAW,1183909781,SERVO_OUTPUT_RAW,0,0,0,0,0,0,0,0,1000,1000,1000,1000,0,0,0,0,0
2025-12-15 00:53:48.790,SERVO_OUTPUT_RAW,1184009805,SERVO_OUTPUT_RAW,0,0,0,0,0,0,0,0,1000,1000,1000,1000,0,0,0,0,0
2025-12-15 00:53:48.890,SERVO_OUTPUT_RAW,1184109814,SERVO_OUTPUT_RAW,0,0,0,0,0,0,0,0,1000,1000,1000,1000,0,0,0,0,0
2025-12-15 00:53:48.990,SERVO_OUTPUT_RAW,1184209799,SERVO_OUTPUT_RAW,0,0,0,0,0,0,0,0,1000,1000,1000,1000,0,0,0,0,0
2025-12-15 00:53:49.090,SERVO_OUTPUT_RAW,1184309786,SERVO_OUTPUT_RAW,0,0,0,0,0,0,0,0,1000,1000,1000,1000,0,0,0,0,0
2025-12-15 00:53:49.190,SERVO_OUTPUT_RAW,1184409793,SERVO_OUTPUT_RAW,0,0,0,0,0,0,0,0,1000,1000,1000,1000,0,0,0,0,0
2025-12-15 00:53:49.290,SERVO_OUTPUT_RAW,1184509806,SERVO_OUTPUT_RAW,0,0,0,0,0,0,0,0,1000,1000,1000,1000,0,0,0,0,0
2025-12-15 00:53:49.390,SERVO_OUTPUT_RAW,1184609805,SERVO_OUTPUT_RAW,0,0,0,0,0,0,0,0,1000,1000,1000,1000,0,0,0,0,0
2025-12-15 00:53:49.489,SERVO_OUTPUT_RAW,1184709809,SERVO_OUTPUT_RAW,0,0,0,0,0,0,0,0,1000,1000,1000,1000,0,0,0,0,0
2025-12-15 00:53:49.589,SERVO_OUTPUT_RAW,1184809845,SERVO_OUTPUT_RAW,0,0,0,0,0,0,0,0,1000,1000,1000,1000,0,0,0,0,0
2025-12-15 00:53:49.689,SERVO_OUTPUT_RAW,1184909792,SERVO_OUTPUT_RAW,0,0,0,0,0,0,0,0,1000,1000,1000,1000,0,0,0,0,0
2025-12-15 00:53:49.789,SERVO_OUTPUT_RAW,1185009773,SERVO_OUTPUT_RAW,0,0,0,0,0,0,0,0,1000,1000,1000,1000,0,0,0,0,0
2025-12-15 00:53:49.889,SERVO_OUTPUT_RAW,1185109822,SERVO_OUTPUT_RAW,0,0,0,0,0,0,0,0,1000,1000,1000,1000,0,0,0,0,0
2025-12-15 00:53:49.990,SERVO_OUTPUT_RAW,1185209844,SERVO_OUTPUT_RAW,0,0,0,0,0,0,0,0,1000,1000,1000,1000,0,0,0,0,0
2025-12-15 00:53:50.090,SERVO_OUTPUT_RAW,1185312037,SERVO_OUTPUT_RAW,0,0,0,0,0,0,0,0,1000,1000,1000,1000,0,0,0,0,0
2025-12-15 00:53:50.190,SERVO_OUTPUT_RAW,1185409793,SERVO_OUTPUT_RAW,0,0,0,0,0,0,0,0,1000,1000,1000,1000,0,0,0,0,0
2025-12-15 00:53:50.289,SERVO_OUTPUT_RAW,1185509812,SERVO_OUTPUT_RAW,0,0,0,0,0,0,0,0,1000,1000,1000,1000,0,0,0,0,0
2025-12-15 00:53:50.389,SERVO_OUTPUT_RAW,1185609813,SERVO_OUTPUT_RAW,0,0,0,0,0,0,0,0,1000,1000,1000,1000,0,0,0,0,0
2025-12-15 00:53:50.489,SERVO_OUTPUT_RAW,1185709823,SERVO_OUTPUT_RAW,0,0,0,0,0,0,0,0,1000,1000,1000,1000,0,0,0,0,0
2025-12-15 00:53:50.589,SERVO_OUTPUT_RAW,1185809793,SERVO_OUTPUT_RAW,0,0,0,0,0,0,0,0,1000,1000,1000,1000,0,0,0,0,0
2025-12-15 00:53:50.689,SERVO_OUTPUT_RAW,1185909792,SERVO_OUTPUT_RAW,0,0,0,0,0,0,0,0,1000,1000,1000,1000,0,0,0,0,0
2025-12-15 00:53:50.789,SERVO_OUTPUT_RAW,1186009785,SERVO_OUTPUT_RAW,0,0,0,0,0,0,0,0,1000,1000,1000,1000,0,0,0,0,0
2025-12-15 00:53:50.889,SERVO_OUTPUT_RAW,1186109779,SERVO_OUTPUT_RAW,0,0,0,0,0,0,0,0,1000,1000,1000,1000,0,0,0,0,0
2025-12-15 00:53:50.989,SERVO_OUTPUT_RAW,1186209790,SERVO_OUTPUT_RAW,0,0,0,0,0,0,0,0,1000,1000,1000,1000,0,0,0,0,0
2025-12-15 00:53:51.089,SERVO_OUTPUT_RAW,1186309812,SERVO_OUTPUT_RAW,0,0,0,0,0,0,0,0,1000,1000,1000,1000,0,0,0,0,0
2025-12-15 00:53:51.189,SERVO_OUTPUT_RAW,1186409882,SERVO_OUTPUT_RAW,0,0,0,0,0,0,0,0,1000,1000,1000,1000,0,0,0,0,0
2025-12-15 00:53:51.289,SERVO_OUTPUT_RAW,1186509805,SERVO_OUTPUT_RAW,0,0,0,0,0,0,0,0,1000,1000,1000,1000,0,0,0,0,0
2025-12-15 00:53:51.389,SERVO_OUTPUT_RAW,1186609792,SERVO_OUTPUT_RAW,0,0,0,0,0,0,0,0,1000,1000,1000,1000,0,0,0,0,0
2025-12-15 00:53:51.490,SERVO_OUTPUT_RAW,1186709816,SERVO_OUTPUT_RAW,0,0,0,0,0,0,0,0,1000,1000,1000,1000,0,0,0,0,0
2025-12-15 00:53:51.589,SERVO_OUTPUT_RAW,1186809863,SERVO_OUTPUT_RAW,0,0,0,0,0,0,0,0,1000,1000,1000,1000,0,0,0,0,0
2025-12-15 00:53:51.689,SERVO_OUTPUT_RAW,1186909820,SERVO_OUTPUT_RAW,0,0,0,0,0,0,0,0,1000,1000,1000,1000,0,0,0,0,0
2025-12-15 00:53:51.790,SERVO_OUTPUT_RAW,1187009788,SERVO_OUTPUT_RAW,0,0,0,0,0,0,0,0,1000,1000,1000,1000,0,0,0,0,0
2025-12-15 00:53:51.889,SERVO_OUTPUT_RAW,1187109806,SERVO_OUTPUT_RAW,0,0,0,0,0,0,0,0,1000,1000,1000,1000,0,0,0,0,0
2025-12-15 00:53:51.989,SERVO_OUTPUT_RAW,1187209821,SERVO_OUTPUT_RAW,0,0,0,0,0,0,0,0,1000,1000,1000,1000,0,0,0,0,0
2025-12-15 00:53:52.090,SERVO_OUTPUT_RAW,1187309837,SERVO_OUTPUT_RAW,0,0,0,0,0,0,0,0,1000,1000,1000,1000,0,0,0,0,0
2025-12-15 00:53:52.189,SERVO_OUTPUT_RAW,1187409883,SERVO_OUTPUT_RAW,0,0,0,0,0,0,0,0,1000,1000,1000,1000,0,0,0,0,0
2025-12-15 00:53:52.289,SERVO_OUTPUT_RAW,1187509790,SERVO_OUTPUT_RAW,0,0,0,0,0,0,0,0,1000,1000,1000,1000,0,0,0,0,0
2025-12-15 00:53:52.389,SERVO_OUTPUT_RAW,1187609786,SERVO_OUTPUT_RAW,0,0,0,0,0,0,0,0,1000,1000,1000,1000,0,0,0,0,0
2025-12-15 00:53:52.490,SERVO_OUTPUT_RAW,1187709798,SERVO_OUTPUT_RAW,0,0,0,0,0,0,0,0,1000,1000,1000,1000,0,0,0,0,0
2025-12-15 00:53:52.589,SERVO_OUTPUT_RAW,1187809823,SERVO_OUTPUT_RAW,0,0,0,0,0,0,0,0,1000,1000,1000,1000,0,0,0,0,0
2025-12-15 00:53:52.689,SERVO_OUTPUT_RAW,1187909826,SERVO_OUTPUT_RAW,0,0,0,0,0,0,0,0,1000,1000,1000,1000,0,0,0,0,0
2025-12-15 00:53:52.790,SERVO_OUTPUT_RAW,1188009836,SERVO_OUTPUT_RAW,0,0,0,0,0,0,0,0,1000,1000,1000,1000,0,0,0,0,0
2025-12-15 00:53:52.890,SERVO_OUTPUT_RAW,1188109806,SERVO_OUTPUT_RAW,0,0,0,0,0,0,0,0,1000,1000,1000,1000,0,0,0,0,0
2025-12-15 00:53:52.989,SERVO_OUTPUT_RAW,1188209841,SERVO_OUTPUT_RAW,0,0,0,0,0,0,0,0,1000,1000,1000,1000,0,0,0,0,0
2025-12-15 00:53:53.089,SERVO_OUTPUT_RAW,1188309822,SERVO_OUTPUT_RAW,0,0,0,0,0,0,0,0,1000,1000,1000,1000,0,0,0,0,0
2025-12-15 00:53:53.189,SERVO_OUTPUT_RAW,1188409843,SERVO_OUTPUT_RAW,0,0,0,0,0,0,0,0,1000,1000,1000,1000,0,0,0,0,0
2025-12-15 00:53:53.289,SERVO_OUTPUT_RAW,1188509791,SERVO_OUTPUT_RAW,0,0,0,0,0,0,0,0,1000,1000,1000,1000,0,0,0,0,0
2025-12-15 00:53:53.389,SERVO_OUTPUT_RAW,1188609799,SERVO_OUTPUT_RAW,0,0,0,0,0,0,0,0,1000,1000,1000,1000,0,0,0,0,0
2025-12-15 00:53:53.489,SERVO_OUTPUT_RAW,1188709841,SERVO_OUTPUT_RAW,0,0,0,0,0,0,0,0,1000,1000,1000,1000,0,0,0,0,0
2025-12-15 00:53:53.590,SERVO_OUTPUT_RAW,1188809808,SERVO_OUTPUT_RAW,0,0,0,0,0,0,0,0,1000,1000,1000,1000,0,0,0,0,0
2025-12-15 00:53:53.689,SERVO_OUTPUT_RAW,1188909782,SERVO_OUTPUT_RAW,0,0,0,0,0,0,0,0,1000,1000,1000,1000,0,0,0,0,0
2025-12-15 00:53:53.790,SERVO_OUTPUT_RAW,1189009795,SERVO_OUTPUT_RAW,0,0,0,0,0,0,0,0,1000,1000,1000,1000,0,0,0,0,0
2025-12-15 00:53:53.890,SERVO_OUTPUT_RAW,1189109794,SERVO_OUTPUT_RAW,0,0,0,0,0,0,0,0,1000,1000,1000,1000,0,0,0,0,0
2025-12-15 00:53:53.989,SERVO_OUTPUT_RAW,1189209781,SERVO_OUTPUT_RAW,0,0,0,0,0,0,0,0,1000,1000,1000,1000,0,0,0,0,0
2025-12-15 00:53:54.089,SERVO_OUTPUT_RAW,1189309797,SERVO_OUTPUT_RAW,0,0,0,0,0,0,0,0,1000,1000,1000,1000,0,0,0,0,0
2025-12-15 00:53:54.189,SERVO_OUTPUT_RAW,1189409811,SERVO_OUTPUT_RAW,0,0,0,0,0,0,0,0,1000,1000,1000,1000,0,0,0,0,0
2025-12-15 00:53:54.289,SERVO_OUTPUT_RAW,1189509794,SERVO_OUTPUT_RAW,0,0,0,0,0,0,0,0,1000,1000,1000,1000,0,0,0,0,0
2025-12-15 00:53:54.390,SERVO_OUTPUT_RAW,1189609792,SERVO_OUTPUT_RAW,0,0,0,0,0,0,0,0,1000,1000,1000,1000,0,0,0,0,0
2025-12-15 00:53:54.489,SERVO_OUTPUT_RAW,1189709819,SERVO_OUTPUT_RAW,0,0,0,0,0,0,0,0,1000,1000,1000,1000,0,0,0,0,0
2025-12-15 00:53:54.589,SERVO_OUTPUT_RAW,1189809813,SERVO_OUTPUT_RAW,0,0,0,0,0,0,0,0,1000,1000,1000,1000,0,0,0,0,0
2025-12-15 00:53:54.689,SERVO_OUTPUT_RAW,1189909840,SERVO_OUTPUT_RAW,0,0,0,0,0,0,0,0,1000,1000,1000,1000,0,0,0,0,0
2025-12-15 00:53:54.789,SERVO_OUTPUT_RAW,1190009944,SERVO_OUTPUT_RAW,0,0,0,0,0,0,0,0,1000,1000,1000,1000,0,0,0,0,0
2025-12-15 00:53:54.891,SERVO_OUTPUT_RAW,1190109785,SERVO_OUTPUT_RAW,0,0,0,0,0,0,0,0,1000,1000,1000,1000,0,0,0,0,0
2025-12-15 00:53:54.990,SERVO_OUTPUT_RAW,1190209820,SERVO_OUTPUT_RAW,0,0,0,0,0,0,0,0,1000,1000,1000,1000,0,0,0,0,0
2025-12-15 00:53:55.089,SERVO_OUTPUT_RAW,1190309849,SERVO_OUTPUT_RAW,0,0,0,0,0,0,0,0,1000,1000,1000,1000,0,0,0,0,0
2025-12-15 00:53:55.189,SERVO_OUTPUT_RAW,1190409769,SERVO_OUTPUT_RAW,0,0,0,0,0,0,0,0,1000,1000,1000,1000,0,0,0,0,0
2025-12-15 00:53:55.290,SERVO_OUTPUT_RAW,1190509774,SERVO_OUTPUT_RAW,0,0,0,0,0,0,0,0,1000,1000,1000,1000,0,0,0,0,0
2025-12-15 00:53:55.389,SERVO_OUTPUT_RAW,1190609795,SERVO_OUTPUT_RAW,0,0,0,0,0,0,0,0,1000,1000,1000,1000,0,0,0,0,0
2025-12-15 00:53:55.490,SERVO_OUTPUT_RAW,1190709785,SERVO_OUTPUT_RAW,0,0,0,0,0,0,0,0,1000,1000,1000,1000,0,0,0,0,0
2025-12-15 00:53:55.589,SERVO_OUTPUT_RAW,1190809780,SERVO_OUTPUT_RAW,0,0,0,0,0,0,0,0,1000,1000,1000,1000,0,0,0,0,0
2025-12-15 00:53:55.689,SERVO_OUTPUT_RAW,1190909821,SERVO_OUTPUT_RAW,0,0,0,0,0,0,0,0,1000,1000,1000,1000,0,0,0,0,0
2025-12-15 00:53:55.790,SERVO_OUTPUT_RAW,1191009831,SERVO_OUTPUT_RAW,0,0,0,0,0,0,0,0,1000,1000,1000,1000,0,0,0,0,0
2025-12-15 00:53:55.890,SERVO_OUTPUT_RAW,1191109858,SERVO_OUTPUT_RAW,0,0,0,0,0,0,0,0,1000,1000,1000,1000,0,0,0,0,0
2025-12-15 00:53:55.990,SERVO_OUTPUT_RAW,1191209806,SERVO_OUTPUT_RAW,0,0,0,0,0,0,0,0,1000,1000,1000,1000,0,0,0,0,0
2025-12-15 00:53:56.090,SERVO_OUTPUT_RAW,1191309802,SERVO_OUTPUT_RAW,0,0,0,0,0,0,0,0,1000,1000,1000,1000,0,0,0,0,0
2025-12-15 00:53:56.190,SERVO_OUTPUT_RAW,1191409814,SERVO_OUTPUT_RAW,0,0,0,0,0,0,0,0,1000,1000,1000,1000,0,0,0,0,0
2025-12-15 00:53:56.290,SERVO_OUTPUT_RAW,1191509832,SERVO_OUTPUT_RAW,0,0,0,0,0,0,0,0,1000,1000,1000,1000,0,0,0,0,0
2025-12-15 00:53:56.390,SERVO_OUTPUT_RAW,1191612110,SERVO_OUTPUT_RAW,0,0,0,0,0,0,0,0,1000,1000,1000,1000,0,0,0,0,0
2025-12-15 00:53:56.490,SERVO_OUTPUT_RAW,1191709773,SERVO_OUTPUT_RAW,0,0,0,0,0,0,0,0,1000,1000,1000,1000,0,0,0,0,0
2025-12-15 00:53:56.590,SERVO_OUTPUT_RAW,1191809816,SERVO_OUTPUT_RAW,0,0,0,0,0,0,0,0,1000,1000,1000,1000,0,0,0,0,0
2025-12-15 00:53:56.690,SERVO_OUTPUT_RAW,1191909810,SERVO_OUTPUT_RAW,0,0,0,0,0,0,0,0,1000,1000,1000,1000,0,0,0,0,0
2025-12-15 00:53:56.790,SERVO_OUTPUT_RAW,1192009790,SERVO_OUTPUT_RAW,0,0,0,0,0,0,0,0,1000,1000,1000,1000,0,0,0,0,0
2025-12-15 00:53:56.890,SERVO_OUTPUT_RAW,1192109801,SERVO_OUTPUT_RAW,0,0,0,0,0,0,0,0,1000,1000,1000,1000,0,0,0,0,0
2025-12-15 00:53:56.990,SERVO_OUTPUT_RAW,1192209803,SERVO_OUTPUT_RAW,0,0,0,0,0,0,0,0,1000,1000,1000,1000,0,0,0,0,0
2025-12-15 00:53:57.090,SERVO_OUTPUT_RAW,1192309788,SERVO_OUTPUT_RAW,0,0,0,0,0,0,0,0,1000,1000,1000,1000,0,0,0,0,0
2025-12-15 00:53:57.190,SERVO_OUTPUT_RAW,1192409795,SERVO_OUTPUT_RAW,0,0,0,0,0,0,0,0,1000,1000,1000,1000,0,0,0,0,0
2025-12-15 00:53:57.290,SERVO_OUTPUT_RAW,1192509802,SERVO_OUTPUT_RAW,0,0,0,0,0,0,0,0,1000,1000,1000,1000,0,0,0,0,0
2025-12-15 00:53:57.393,SERVO_OUTPUT_RAW,1192609857,SERVO_OUTPUT_RAW,0,0,0,0,0,0,0,0,1000,1000,1000,1000,0,0,0,0,0
2025-12-15 00:53:57.490,SERVO_OUTPUT_RAW,1192709868,SERVO_OUTPUT_RAW,0,0,0,0,0,0,0,0,1000,1000,1000,1000,0,0,0,0,0
2025-12-15 00:53:57.589,SERVO_OUTPUT_RAW,1192809803,SERVO_OUTPUT_RAW,0,0,0,0,0,0,0,0,1000,1000,1000,1000,0,0,0,0,0
2025-12-15 00:53:57.690,SERVO_OUTPUT_RAW,1192909836,SERVO_OUTPUT_RAW,0,0,0,0,0,0,0,0,1000,1000,1000,1000,0,0,0,0,0
2025-12-15 00:53:57.790,SERVO_OUTPUT_RAW,1193009830,SERVO_OUTPUT_RAW,0,0,0,0,0,0,0,0,1000,1000,1000,1000,0,0,0,0,0
2025-12-15 00:53:57.890,SERVO_OUTPUT_RAW,1193109841,SERVO_OUTPUT_RAW,0,0,0,0,0,0,0,0,1000,1000,1000,1000,0,0,0,0,0
2025-12-15 00:53:57.990,SERVO_OUTPUT_RAW,1193209871,SERVO_OUTPUT_RAW,0,0,0,0,0,0,0,0,1000,1000,1000,1000,0,0,0,0,0
2025-12-15 00:53:58.090,SERVO_OUTPUT_RAW,1193309797,SERVO_OUTPUT_RAW,0,0,0,0,0,0,0,0,1000,1000,1000,1000,0,0,0,0,0
2025-12-15 00:53:58.190,SERVO_OUTPUT_RAW,1193409813,SERVO_OUTPUT_RAW,0,0,0,0,0,0,0,0,1000,1000,1000,1000,0,0,0,0,0
2025-12-15 00:53:58.290,SERVO_OUTPUT_RAW,1193509822,SERVO_OUTPUT_RAW,0,0,0,0,0,0,0,0,1000,1000,1000,1000,0,0,0,0,0
2025-12-15 00:53:58.390,SERVO_OUTPUT_RAW,1193609808,SERVO_OUTPUT_RAW,0,0,0,0,0,0,0,0,1000,1000,1000,1000,0,0,0,0,0
2025-12-15 00:53:58.490,SERVO_OUTPUT_RAW,1193709844,SERVO_OUTPUT_RAW,0,0,0,0,0,0,0,0,1000,1000,1000,1000,0,0,0,0,0
2025-12-15 00:53:58.590,SERVO_OUTPUT_RAW,1193809784,SERVO_OUTPUT_RAW,0,0,0,0,0,0,0,0,1000,1000,1000,1000,0,0,0,0,0
2025-12-15 00:53:58.690,SERVO_OUTPUT_RAW,1193909781,SERVO_OUTPUT_RAW,0,0,0,0,0,0,0,0,1000,1000,1000,1000,0,0,0,0,0
2025-12-15 00:53:58.789,SERVO_OUTPUT_RAW,1194009793,SERVO_OUTPUT_RAW,0,0,0,0,0,0,0,0,1000,1000,1000,1000,0,0,0,0,0
2025-12-15 00:53:58.890,SERVO_OUTPUT_RAW,1194109825,SERVO_OUTPUT_RAW,0,0,0,0,0,0,0,0,1000,1000,1000,1000,0,0,0,0,0
2025-12-15 00:53:58.990,SERVO_OUTPUT_RAW,1194209832,SERVO_OUTPUT_RAW,0,0,0,0,0,0,0,0,1000,1000,1000,1000,0,0,0,0,0
2025-12-15 00:53:59.090,SERVO_OUTPUT_RAW,1194309887,SERVO_OUTPUT_RAW,0,0,0,0,0,0,0,0,1000,1000,1000,1000,0,0,0,0,0
2025-12-15 00:53:59.190,SERVO_OUTPUT_RAW,1194409777,SERVO_OUTPUT_RAW,0,0,0,0,0,0,0,0,1000,1000,1000,1000,0,0,0,0,0
2025-12-15 00:53:59.291,SERVO_OUTPUT_RAW,1194509836,SERVO_OUTPUT_RAW,0,0,0,0,0,0,0,0,1000,1000,1000,1000,0,0,0,0,0
2025-12-15 00:53:59.390,SERVO_OUTPUT_RAW,1194609862,SERVO_OUTPUT_RAW,0,0,0,0,0,0,0,0,1000,1000,1000,1000,0,0,0,0,0
2025-12-15 00:53:59.489,SERVO_OUTPUT_RAW,1194709801,SERVO_OUTPUT_RAW,0,0,0,0,0,0,0,0,1000,1000,1000,1000,0,0,0,0,0
2025-12-15 00:53:59.591,SERVO_OUTPUT_RAW,1194809788,SERVO_OUTPUT_RAW,0,0,0,0,0,0,0,0,1000,1000,1000,1000,0,0,0,0,0
2025-12-15 00:53:59.690,SERVO_OUTPUT_RAW,1194909811,SERVO_OUTPUT_RAW,0,0,0,0,0,0,0,0,1000,1000,1000,1000,0,0,0,0,0
2025-12-15 00:53:59.790,SERVO_OUTPUT_RAW,1195009810,SERVO_OUTPUT_RAW,0,0,0,0,0,0,0,0,1000,1000,1000,1000,0,0,0,0,0
2025-12-15 00:53:59.891,SERVO_OUTPUT_RAW,1195109827,SERVO_OUTPUT_RAW,0,0,0,0,0,0,0,0,1000,1000,1000,1000,0,0,0,0,0
2025-12-15 00:53:59.989,SERVO_OUTPUT_RAW,1195209784,SERVO_OUTPUT_RAW,0,0,0,0,0,0,0,0,1000,1000,1000,1000,0,0,0,0,0
2025-12-15 00:54:00.089,SERVO_OUTPUT_RAW,1195309785,SERVO_OUTPUT_RAW,0,0,0,0,0,0,0,0,1000,1000,1000,1000,0,0,0,0,0
2025-12-15 00:54:00.190,SERVO_OUTPUT_RAW,1195409804,SERVO_OUTPUT_RAW,0,0,0,0,0,0,0,0,1000,1000,1000,1000,0,0,0,0,0
2025-12-15 00:54:00.289,SERVO_OUTPUT_RAW,1195509800,SERVO_OUTPUT_RAW,0,0,0,0,0,0,0,0,1000,1000,1000,1000,0,0,0,0,0
2025-12-15 00:54:00.389,SERVO_OUTPUT_RAW,1195609804,SERVO_OUTPUT_RAW,0,0,0,0,0,0,0,0,1000,1000,1000,1000,0,0,0,0,0
2025-12-15 00:54:00.490,SERVO_OUTPUT_RAW,1195709826,SERVO_OUTPUT_RAW,0,0,0,0,0,0,0,0,1000,1000,1000,1000,0,0,0,0,0
2025-12-15 00:54:00.589,SERVO_OUTPUT_RAW,1195812147,SERVO_OUTPUT_RAW,0,0,0,0,0,0,0,0,1000,1000,1000,1000,0,0,0,0,0
2025-12-15 00:54:00.689,SERVO_OUTPUT_RAW,1195909809,SERVO_OUTPUT_RAW,0,0,0,0,0,0,0,0,1000,1000,1000,1000,0,0,0,0,0
2025-12-15 00:54:00.790,SERVO_OUTPUT_RAW,1196009796,SERVO_OUTPUT_RAW,0,0,0,0,0,0,0,0,1000,1000,1000,1000,0,0,0,0,0
2025-12-15 00:54:00.890,SERVO_OUTPUT_RAW,1196109849,SERVO_OUTPUT_RAW,0,0,0,0,0,0,0,0,1000,1000,1000,1000,0,0,0,0,0
2025-12-15 00:54:00.990,SERVO_OUTPUT_RAW,1196209843,SERVO_OUTPUT_RAW,0,0,0,0,0,0,0,0,1000,1000,1000,1000,0,0,0,0,0
2025-12-15 00:54:01.089,SERVO_OUTPUT_RAW,1196309833,SERVO_OUTPUT_RAW,0,0,0,0,0,0,0,0,1000,1000,1000,1000,0,0,0,0,0
2025-12-15 00:54:01.189,SERVO_OUTPUT_RAW,1196409793,SERVO_OUTPUT_RAW,0,0,0,0,0,0,0,0,1000,1000,1000,1000,0,0,0,0,0
2025-12-15 00:54:01.289,SERVO_OUTPUT_RAW,1196509814,SERVO_OUTPUT_RAW,0,0,0,0,0,0,0,0,1000,1000,1000,1000,0,0,0,0,0
2025-12-15 00:54:01.389,SERVO_OUTPUT_RAW,1196609827,SERVO_OUTPUT_RAW,0,0,0,0,0,0,0,0,1000,1000,1000,1000,0,0,0,0,0
2025-12-15 00:54:01.489,SERVO_OUTPUT_RAW,1196709789,SERVO_OUTPUT_RAW,0,0,0,0,0,0,0,0,1000,1000,1000,1000,0,0,0,0,0
2025-12-15 00:54:01.589,SERVO_OUTPUT_RAW,1196809786,SERVO_OUTPUT_RAW,0,0,0,0,0,0,0,0,1000,1000,1000,1000,0,0,0,0,0
2025-12-15 00:54:01.689,SERVO_OUTPUT_RAW,1196909787,SERVO_OUTPUT_RAW,0,0,0,0,0,0,0,0,1000,1000,1000,1000,0,0,0,0,0
2025-12-15 00:54:01.789,SERVO_OUTPUT_RAW,1197009794,SERVO_OUTPUT_RAW,0,0,0,0,0,0,0,0,1000,1000,1000,1000,0,0,0,0,0
2025-12-15 00:54:01.889,SERVO_OUTPUT_RAW,1197112111,SERVO_OUTPUT_RAW,0,0,0,0,0,0,0,0,1000,1000,1000,1000,0,0,0,0,0
2025-12-15 00:54:01.989,SERVO_OUTPUT_RAW,1197209820,SERVO_OUTPUT_RAW,0,0,0,0,0,0,0,0,1000,1000,1000,1000,0,0,0,0,0
2025-12-15 00:54:02.090,SERVO_OUTPUT_RAW,1197309835,SERVO_OUTPUT_RAW,0,0,0,0,0,0,0,0,1000,1000,1000,1000,0,0,0,0,0
2025-12-15 00:54:02.190,SERVO_OUTPUT_RAW,1197409779,SERVO_OUTPUT_RAW,0,0,0,0,0,0,0,0,1000,1000,1000,1000,0,0,0,0,0
2025-12-15 00:54:02.289,SERVO_OUTPUT_RAW,1197509791,SERVO_OUTPUT_RAW,0,0,0,0,0,0,0,0,1000,1000,1000,1000,0,0,0,0,0
2025-12-15 00:54:02.391,SERVO_OUTPUT_RAW,1197609808,SERVO_OUTPUT_RAW,0,0,0,0,0,0,0,0,1000,1000,1000,1000,0,0,0,0,0
2025-12-15 00:54:02.489,SERVO_OUTPUT_RAW,1197709843,SERVO_OUTPUT_RAW,0,0,0,0,0,0,0,0,1000,1000,1000,1000,0,0,0,0,0
2025-12-15 00:54:02.589,SERVO_OUTPUT_RAW,1197809854,SERVO_OUTPUT_RAW,0,0,0,0,0,0,0,0,1000,1000,1000,1000,0,0,0,0,0
2025-12-15 00:54:02.690,SERVO_OUTPUT_RAW,1197909908,SERVO_OUTPUT_RAW,0,0,0,0,0,0,0,0,1000,1000,1000,1000,0,0,0,0,0
2025-12-15 00:54:02.790,SERVO_OUTPUT_RAW,1198009815,SERVO_OUTPUT_RAW,0,0,0,0,0,0,0,0,1000,1000,1000,1000,0,0,0,0,0
2025-12-15 00:54:02.890,SERVO_OUTPUT_RAW,1198109840,SERVO_OUTPUT_RAW,0,0,0,0,0,0,0,0,1000,1000,1000,1000,0,0,0,0,0
2025-12-15 00:54:02.990,SERVO_OUTPUT_RAW,1198209786,SERVO_OUTPUT_RAW,0,0,0,0,0,0,0,0,1000,1000,1000,1000,0,0,0,0,0
2025-12-15 00:54:03.090,SERVO_OUTPUT_RAW,1198309787,SERVO_OUTPUT_RAW,0,0,0,0,0,0,0,0,1000,1000,1000,1000,0,0,0,0,0
2025-12-15 00:54:03.190,SERVO_OUTPUT_RAW,1198409803,SERVO_OUTPUT_RAW,0,0,0,0,0,0,0,0,1000,1000,1000,1000,0,0,0,0,0
2025-12-15 00:54:03.290,SERVO_OUTPUT_RAW,1198509785,SERVO_OUTPUT_RAW,0,0,0,0,0,0,0,0,1000,1000,1000,1000,0,0,0,0,0
2025-12-15 00:54:03.390,SERVO_OUTPUT_RAW,1198609792,SERVO_OUTPUT_RAW,0,0,0,0,0,0,0,0,1000,1000,1000,1000,0,0,0,0,0
2025-12-15 00:54:03.490,SERVO_OUTPUT_RAW,1198709804,SERVO_OUTPUT_RAW,0,0,0,0,0,0,0,0,1000,1000,1000,1000,0,0,0,0,0
2025-12-15 00:54:03.590,SERVO_OUTPUT_RAW,1198809822,SERVO_OUTPUT_RAW,0,0,0,0,0,0,0,0,1000,1000,1000,1000,0,0,0,0,0
2025-12-15 00:54:03.690,SERVO_OUTPUT_RAW,1198909852,SERVO_OUTPUT_RAW,0,0,0,0,0,0,0,0,1000,1000,1000,1000,0,0,0,0,0
2025-12-15 00:54:03.790,SERVO_OUTPUT_RAW,1199012184,SERVO_OUTPUT_RAW,0,0,0,0,0,0,0,0,1000,1000,1000,1000,0,0,0,0,0
2025-12-15 00:54:03.890,SERVO_OUTPUT_RAW,1199109806,SERVO_OUTPUT_RAW,0,0,0,0,0,0,0,0,1000,1000,1000,1000,0,0,0,0,0
2025-12-15 00:54:03.990,SERVO_OUTPUT_RAW,1199209817,SERVO_OUTPUT_RAW,0,0,0,0,0,0,0,0,1000,1000,1000,1000,0,0,0,0,0
2025-12-15 00:54:04.090,SERVO_OUTPUT_RAW,1199309845,SERVO_OUTPUT_RAW,0,0,0,0,0,0,0,0,1000,1000,1000,1000,0,0,0,0,0
2025-12-15 00:54:04.190,SERVO_OUTPUT_RAW,1199409860,SERVO_OUTPUT_RAW,0,0,0,0,0,0,0,0,1000,1000,1000,1000,0,0,0,0,0
2025-12-15 00:54:04.290,SERVO_OUTPUT_RAW,1199509778,SERVO_OUTPUT_RAW,0,0,0,0,0,0,0,0,1000,1000,1000,1000,0,0,0,0,0
2025-12-15 00:54:04.390,SERVO_OUTPUT_RAW,1199609822,SERVO_OUTPUT_RAW,0,0,0,0,0,0,0,0,1000,1000,1000,1000,0,0,0,0,0
2025-12-15 00:54:04.490,SERVO_OUTPUT_RAW,1199709818,SERVO_OUTPUT_RAW,0,0,0,0,0,0,0,0,1000,1000,1000,1000,0,0,0,0,0
2025-12-15 00:54:04.590,SERVO_OUTPUT_RAW,1199809782,SERVO_OUTPUT_RAW,0,0,0,0,0,0,0,0,1000,1000,1000,1000,0,0,0,0,0
2025-12-15 00:54:04.690,SERVO_OUTPUT_RAW,1199909803,SERVO_OUTPUT_RAW,0,0,0,0,0,0,0,0,1000,1000,1000,1000,0,0,0,0,0
2025-12-15 00:54:04.790,SERVO_OUTPUT_RAW,1200009871,SERVO_OUTPUT_RAW,0,0,0,0,0,0,0,0,1000,1000,1000,1000,0,0,0,0,0
2025-12-15 00:54:04.890,SERVO_OUTPUT_RAW,1200109802,SERVO_OUTPUT_RAW,0,0,0,0,0,0,0,0,1000,1000,1000,1000,0,0,0,0,0
2025-12-15 00:54:04.990,SERVO_OUTPUT_RAW,1200209790,SERVO_OUTPUT_RAW,0,0,0,0,0,0,0,0,1000,1000,1000,1000,0,0,0,0,0
2025-12-15 00:54:05.090,SERVO_OUTPUT_RAW,1200309816,SERVO_OUTPUT_RAW,0,0,0,0,0,0,0,0,1000,1000,1000,1000,0,0,0,0,0
2025-12-15 00:54:05.190,SERVO_OUTPUT_RAW,1200409820,SERVO_OUTPUT_RAW,0,0,0,0,0,0,0,0,1000,1000,1000,1000,0,0,0,0,0
2025-12-15 00:54:05.290,SERVO_OUTPUT_RAW,1200509861,SERVO_OUTPUT_RAW,0,0,0,0,0,0,0,0,1000,1000,1000,1000,0,0,0,0,0
2025-12-15 00:54:05.390,SERVO_OUTPUT_RAW,1200609806,SERVO_OUTPUT_RAW,0,0,0,0,0,0,0,0,1000,1000,1000,1000,0,0,0,0,0
2025-12-15 00:54:05.490,SERVO_OUTPUT_RAW,1200709807,SERVO_OUTPUT_RAW,0,0,0,0,0,0,0,0,1000,1000,1000,1000,0,0,0,0,0
2025-12-15 00:54:05.590,SERVO_OUTPUT_RAW,1200809847,SERVO_OUTPUT_RAW,0,0,0,0,0,0,0,0,1000,1000,1000,1000,0,0,0,0,0
2025-12-15 00:54:05.690,SERVO_OUTPUT_RAW,1200909852,SERVO_OUTPUT_RAW,0,0,0,0,0,0,0,0,1000,1000,1000,1000,0,0,0,0,0
2025-12-15 00:54:05.790,SERVO_OUTPUT_RAW,1201009840,SERVO_OUTPUT_RAW,0,0,0,0,0,0,0,0,1000,1000,1000,1000,0,0,0,0,0
2025-12-15 00:54:05.890,SERVO_OUTPUT_RAW,1201109811,SERVO_OUTPUT_RAW,0,0,0,0,0,0,0,0,1000,1000,1000,1000,0,0,0,0,0
2025-12-15 00:54:05.990,SERVO_OUTPUT_RAW,1201209826,SERVO_OUTPUT_RAW,0,0,0,0,0,0,0,0,1000,1000,1000,1000,0,0,0,0,0
2025-12-15 00:54:06.090,SERVO_OUTPUT_RAW,1201309844,SERVO_OUTPUT_RAW,0,0,0,0,0,0,0,0,1000,1000,1000,1000,0,0,0,0,0
2025-12-15 00:54:06.191,SERVO_OUTPUT_RAW,1201409788,SERVO_OUTPUT_RAW,0,0,0,0,0,0,0,0,1000,1000,1000,1000,0,0,0,0,0
2025-12-15 00:54:06.290,SERVO_OUTPUT_RAW,1201509784,SERVO_OUTPUT_RAW,0,0,0,0,0,0,0,0,1000,1000,1000,1000,0,0,0,0,0
2025-12-15 00:54:06.390,SERVO_OUTPUT_RAW,1201609797,SERVO_OUTPUT_RAW,0,0,0,0,0,0,0,0,1000,1000,1000,1000,0,0,0,0,0
2025-12-15 00:54:06.490,SERVO_OUTPUT_RAW,1201709791,SERVO_OUTPUT_RAW,0,0,0,0,0,0,0,0,1000,1000,1000,1000,0,0,0,0,0
2025-12-15 00:54:06.590,SERVO_OUTPUT_RAW,1201809780,SERVO_OUTPUT_RAW,0,0,0,0,0,0,0,0,1000,1000,1000,1000,0,0,0,0,0
2025-12-15 00:54:06.690,SERVO_OUTPUT_RAW,1201909829,SERVO_OUTPUT_RAW,0,0,0,0,0,0,0,0,1000,1000,1000,1000,0,0,0,0,0
2025-12-15 00:54:06.791,SERVO_OUTPUT_RAW,1202009838,SERVO_OUTPUT_RAW,0,0,0,0,0,0,0,0,1000,1000,1000,1000,0,0,0,0,0
2025-12-15 00:54:06.890,SERVO_OUTPUT_RAW,1202112165,SERVO_OUTPUT_RAW,0,0,0,0,0,0,0,0,1000,1000,1000,1000,0,0,0,0,0
2025-12-15 00:54:06.990,SERVO_OUTPUT_RAW,1202209784,SERVO_OUTPUT_RAW,0,0,0,0,0,0,0,0,1000,1000,1000,1000,0,0,0,0,0
2025-12-15 00:54:07.090,SERVO_OUTPUT_RAW,1202309840,SERVO_OUTPUT_RAW,0,0,0,0,0,0,0,0,1000,1000,1000,1000,0,0,0,0,0
2025-12-15 00:54:07.191,SERVO_OUTPUT_RAW,1202409851,SERVO_OUTPUT_RAW,0,0,0,0,0,0,0,0,1000,1000,1000,1000,0,0,0,0,0
2025-12-15 00:54:07.290,SERVO_OUTPUT_RAW,1202509853,SERVO_OUTPUT_RAW,0,0,0,0,0,0,0,0,1000,1000,1000,1000,0,0,0,0,0
2025-12-15 00:54:07.391,SERVO_OUTPUT_RAW,1202609834,SERVO_OUTPUT_RAW,0,0,0,0,0,0,0,0,1000,1000,1000,1000,0,0,0,0,0
2025-12-15 00:54:07.491,SERVO_OUTPUT_RAW,1202709806,SERVO_OUTPUT_RAW,0,0,0,0,0,0,0,0,1000,1000,1000,1000,0,0,0,0,0
2025-12-15 00:54:07.590,SERVO_OUTPUT_RAW,1202809812,SERVO_OUTPUT_RAW,0,0,0,0,0,0,0,0,1000,1000,1000,1000,0,0,0,0,0
2025-12-15 00:54:07.691,SERVO_OUTPUT_RAW,1202909824,SERVO_OUTPUT_RAW,0,0,0,0,0,0,0,0,1000,1000,1000,1000,0,0,0,0,0
2025-12-15 00:54:07.790,SERVO_OUTPUT_RAW,1203009795,SERVO_OUTPUT_RAW,0,0,0,0,0,0,0,0,1000,1000,1000,1000,0,0,0,0,0
2025-12-15 00:54:07.890,SERVO_OUTPUT_RAW,1203109790,SERVO_OUTPUT_RAW,0,0,0,0,0,0,0,0,1000,1000,1000,1000,0,0,0,0,0
2025-12-15 00:54:07.990,SERVO_OUTPUT_RAW,1203209795,SERVO_OUTPUT_RAW,0,0,0,0,0,0,0,0,1000,1000,1000,1000,0,0,0,0,0
2025-12-15 00:54:08.090,SERVO_OUTPUT_RAW,1203309836,SERVO_OUTPUT_RAW,0,0,0,0,0,0,0,0,1000,1000,1000,1000,0,0,0,0,0
2025-12-15 00:54:08.190,SERVO_OUTPUT_RAW,1203409776,SERVO_OUTPUT_RAW,0,0,0,0,0,0,0,0,1000,1000,1000,1000,0,0,0,0,0
2025-12-15 00:54:08.290,SERVO_OUTPUT_RAW,1203509858,SERVO_OUTPUT_RAW,0,0,0,0,0,0,0,0,1000,1000,1000,1000,0,0,0,0,0
2025-12-15 00:54:08.390,SERVO_OUTPUT_RAW,1203609834,SERVO_OUTPUT_RAW,0,0,0,0,0,0,0,0,1000,1000,1000,1000,0,0,0,0,0
2025-12-15 00:54:08.490,SERVO_OUTPUT_RAW,1203709802,SERVO_OUTPUT_RAW,0,0,0,0,0,0,0,0,1000,1000,1000,1000,0,0,0,0,0
2025-12-15 00:54:08.590,SERVO_OUTPUT_RAW,1203809801,SERVO_OUTPUT_RAW,0,0,0,0,0,0,0,0,1000,1000,1000,1000,0,0,0,0,0
2025-12-15 00:54:08.691,SERVO_OUTPUT_RAW,1203909814,SERVO_OUTPUT_RAW,0,0,0,0,0,0,0,0,1000,1000,1000,1000,0,0,0,0,0
2025-12-15 00:54:08.790,SERVO_OUTPUT_RAW,1204009852,SERVO_OUTPUT_RAW,0,0,0,0,0,0,0,0,1000,1000,1000,1000,0,0,0,0,0
2025-12-15 00:54:08.890,SERVO_OUTPUT_RAW,1204109781,SERVO_OUTPUT_RAW,0,0,0,0,0,0,0,0,1000,1000,1000,1000,0,0,0,0,0
2025-12-15 00:54:08.990,SERVO_OUTPUT_RAW,1204212048,SERVO_OUTPUT_RAW,0,0,0,0,0,0,0,0,1000,1000,1000,1000,0,0,0,0,0
2025-12-15 00:54:09.090,SERVO_OUTPUT_RAW,1204309820,SERVO_OUTPUT_RAW,0,0,0,0,0,0,0,0,1000,1000,1000,1000,0,0,0,0,0
2025-12-15 00:54:09.190,SERVO_OUTPUT_RAW,1204409828,SERVO_OUTPUT_RAW,0,0,0,0,0,0,0,0,1000,1000,1000,1000,0,0,0,0,0
2025-12-15 00:54:09.290,SERVO_OUTPUT_RAW,1204509799,SERVO_OUTPUT_RAW,0,0,0,0,0,0,0,0,1000,1000,1000,1000,0,0,0,0,0
2025-12-15 00:54:09.390,SERVO_OUTPUT_RAW,1204609786,SERVO_OUTPUT_RAW,0,0,0,0,0,0,0,0,1000,1000,1000,1000,0,0,0,0,0
2025-12-15 00:54:09.489,SERVO_OUTPUT_RAW,1204709785,SERVO_OUTPUT_RAW,0,0,0,0,0,0,0,0,1000,1000,1000,1000,0,0,0,0,0
2025-12-15 00:54:09.589,SERVO_OUTPUT_RAW,1204809788,SERVO_OUTPUT_RAW,0,0,0,0,0,0,0,0,1000,1000,1000,1000,0,0,0,0,0
2025-12-15 00:54:09.689,SERVO_OUTPUT_RAW,1204909783,SERVO_OUTPUT_RAW,0,0,0,0,0,0,0,0,1000,1000,1000,1000,0,0,0,0,0
2025-12-15 00:54:09.789,SERVO_OUTPUT_RAW,1205009806,SERVO_OUTPUT_RAW,0,0,0,0,0,0,0,0,1000,1000,1000,1000,0,0,0,0,0
2025-12-15 00:54:09.894,SERVO_OUTPUT_RAW,1205109835,SERVO_OUTPUT_RAW,0,0,0,0,0,0,0,0,1000,1000,1000,1000,0,0,0,0,0
2025-12-15 00:54:09.990,SERVO_OUTPUT_RAW,1205209859,SERVO_OUTPUT_RAW,0,0,0,0,0,0,0,0,1000,1000,1000,1000,0,0,0,0,0
2025-12-15 00:54:10.089,SERVO_OUTPUT_RAW,1205309897,SERVO_OUTPUT_RAW,0,0,0,0,0,0,0,0,1000,1000,1000,1000,0,0,0,0,0
2025-12-15 00:54:10.190,SERVO_OUTPUT_RAW,1205409808,SERVO_OUTPUT_RAW,0,0,0,0,0,0,0,0,1000,1000,1000,1000,0,0,0,0,0
2025-12-15 00:54:10.289,SERVO_OUTPUT_RAW,1205509838,SERVO_OUTPUT_RAW,0,0,0,0,0,0,0,0,1000,1000,1000,1000,0,0,0,0,0
2025-12-15 00:54:10.390,SERVO_OUTPUT_RAW,1205609848,SERVO_OUTPUT_RAW,0,0,0,0,0,0,0,0,1000,1000,1000,1000,0,0,0,0,0
2025-12-15 00:54:10.490,SERVO_OUTPUT_RAW,1205709790,SERVO_OUTPUT_RAW,0,0,0,0,0,0,0,0,1000,1000,1000,1000,0,0,0,0,0
2025-12-15 00:54:10.590,SERVO_OUTPUT_RAW,1205809805,SERVO_OUTPUT_RAW,0,0,0,0,0,0,0,0,1000,1000,1000,1000,0,0,0,0,0
2025-12-15 00:54:10.690,SERVO_OUTPUT_RAW,1205909824,SERVO_OUTPUT_RAW,0,0,0,0,0,0,0,0,1000,1000,1000,1000,0,0,0,0,0
2025-12-15 00:54:10.790,SERVO_OUTPUT_RAW,1206009783,SERVO_OUTPUT_RAW,0,0,0,0,0,0,0,0,1000,1000,1000,1000,0,0,0,0,0
2025-12-15 00:54:10.890,SERVO_OUTPUT_RAW,1206109772,SERVO_OUTPUT_RAW,0,0,0,0,0,0,0,0,1000,1000,1000,1000,0,0,0,0,0
2025-12-15 00:54:10.990,SERVO_OUTPUT_RAW,1206209798,SERVO_OUTPUT_RAW,0,0,0,0,0,0,0,0,1000,1000,1000,1000,0,0,0,0,0
2025-12-15 00:54:11.090,SERVO_OUTPUT_RAW,1206309841,SERVO_OUTPUT_RAW,0,0,0,0,0,0,0,0,1000,1000,1000,1000,0,0,0,0,0
2025-12-15 00:54:11.190,SERVO_OUTPUT_RAW,1206409783,SERVO_OUTPUT_RAW,0,0,0,0,0,0,0,0,1000,1000,1000,1000,0,0,0,0,0
2025-12-15 00:54:11.290,SERVO_OUTPUT_RAW,1206509793,SERVO_OUTPUT_RAW,0,0,0,0,0,0,0,0,1000,1000,1000,1000,0,0,0,0,0
2025-12-15 00:54:11.390,SERVO_OUTPUT_RAW,1206609822,SERVO_OUTPUT_RAW,0,0,0,0,0,0,0,0,1000,1000,1000,1000,0,0,0,0,0
2025-12-15 00:54:11.490,SERVO_OUTPUT_RAW,1206709844,SERVO_OUTPUT_RAW,0,0,0,0,0,0,0,0,1000,1000,1000,1000,0,0,0,0,0
2025-12-15 00:54:11.590,SERVO_OUTPUT_RAW,1206809858,SERVO_OUTPUT_RAW,0,0,0,0,0,0,0,0,1000,1000,1000,1000,0,0,0,0,0
2025-12-15 00:54:11.690,SERVO_OUTPUT_RAW,1206909831,SERVO_OUTPUT_RAW,0,0,0,0,0,0,0,0,1000,1000,1000,1000,0,0,0,0,0
2025-12-15 00:54:11.790,SERVO_OUTPUT_RAW,1207009827,SERVO_OUTPUT_RAW,0,0,0,0,0,0,0,0,1000,1000,1000,1000,0,0,0,0,0
2025-12-15 00:54:11.890,SERVO_OUTPUT_RAW,1207109886,SERVO_OUTPUT_RAW,0,0,0,0,0,0,0,0,1000,1000,1000,1000,0,0,0,0,0
2025-12-15 00:54:11.990,SERVO_OUTPUT_RAW,1207209807,SERVO_OUTPUT_RAW,0,0,0,0,0,0,0,0,1000,1000,1000,1000,0,0,0,0,0
2025-12-15 00:54:12.090,SERVO_OUTPUT_RAW,1207309783,SERVO_OUTPUT_RAW,0,0,0,0,0,0,0,0,1000,1000,1000,1000,0,0,0,0,0
2025-12-15 00:54:12.190,SERVO_OUTPUT_RAW,1207409808,SERVO_OUTPUT_RAW,0,0,0,0,0,0,0,0,1000,1000,1000,1000,0,0,0,0,0
2025-12-15 00:54:12.290,SERVO_OUTPUT_RAW,1207509828,SERVO_OUTPUT_RAW,0,0,0,0,0,0,0,0,1000,1000,1000,1000,0,0,0,0,0
2025-12-15 00:54:12.390,SERVO_OUTPUT_RAW,1207609791,SERVO_OUTPUT_RAW,0,0,0,0,0,0,0,0,1000,1000,1000,1000,0,0,0,0,0
2025-12-15 00:54:12.490,SERVO_OUTPUT_RAW,1207709795,SERVO_OUTPUT_RAW,0,0,0,0,0,0,0,0,1000,1000,1000,1000,0,0,0,0,0
2025-12-15 00:54:12.589,SERVO_OUTPUT_RAW,1207809795,SERVO_OUTPUT_RAW,0,0,0,0,0,0,0,0,1000,1000,1000,1000,0,0,0,0,0
2025-12-15 00:54:12.688,SERVO_OUTPUT_RAW,1207909795,SERVO_OUTPUT_RAW,0,0,0,0,0,0,0,0,1000,1000,1000,1000,0,0,0,0,0
2025-12-15 00:54:12.788,SERVO_OUTPUT_RAW,1208009802,SERVO_OUTPUT_RAW,0,0,0,0,0,0,0,0,1000,1000,1000,1000,0,0,0,0,0
2025-12-15 00:54:12.889,SERVO_OUTPUT_RAW,1208112151,SERVO_OUTPUT_RAW,0,0,0,0,0,0,0,0,1000,1000,1000,1000,0,0,0,0,0
2025-12-15 00:54:12.988,SERVO_OUTPUT_RAW,1208209818,SERVO_OUTPUT_RAW,0,0,0,0,0,0,0,0,1000,1000,1000,1000,0,0,0,0,0
2025-12-15 00:54:13.088,SERVO_OUTPUT_RAW,1208309848,SERVO_OUTPUT_RAW,0,0,0,0,0,0,0,0,1000,1000,1000,1000,0,0,0,0,0
2025-12-15 00:54:13.189,SERVO_OUTPUT_RAW,1208412145,SERVO_OUTPUT_RAW,0,0,0,0,0,0,0,0,1000,1000,1000,1000,0,0,0,0,0
2025-12-15 00:54:13.288,SERVO_OUTPUT_RAW,1208509797,SERVO_OUTPUT_RAW,0,0,0,0,0,0,0,0,1000,1000,1000,1000,0,0,0,0,0
2025-12-15 00:54:13.388,SERVO_OUTPUT_RAW,1208609824,SERVO_OUTPUT_RAW,0,0,0,0,0,0,0,0,1000,1000,1000,1000,0,0,0,0,0
2025-12-15 00:54:13.488,SERVO_OUTPUT_RAW,1208709853,SERVO_OUTPUT_RAW,0,0,0,0,0,0,0,0,1000,1000,1000,1000,0,0,0,0,0
2025-12-15 00:54:13.588,SERVO_OUTPUT_RAW,1208809792,SERVO_OUTPUT_RAW,0,0,0,0,0,0,0,0,1000,1000,1000,1000,0,0,0,0,0
2025-12-15 00:54:13.688,SERVO_OUTPUT_RAW,1208909815,SERVO_OUTPUT_RAW,0,0,0,0,0,0,0,0,1000,1000,1000,1000,0,0,0,0,0
2025-12-15 00:54:13.788,SERVO_OUTPUT_RAW,1209009835,SERVO_OUTPUT_RAW,0,0,0,0,0,0,0,0,1000,1000,1000,1000,0,0,0,0,0
2025-12-15 00:54:13.888,SERVO_OUTPUT_RAW,1209109816,SERVO_OUTPUT_RAW,0,0,0,0,0,0,0,0,1000,1000,1000,1000,0,0,0,0,0
2025-12-15 00:54:13.988,SERVO_OUTPUT_RAW,1209209785,SERVO_OUTPUT_RAW,0,0,0,0,0,0,0,0,1000,1000,1000,1000,0,0,0,0,0
2025-12-15 00:54:14.088,SERVO_OUTPUT_RAW,1209309788,SERVO_OUTPUT_RAW,0,0,0,0,0,0,0,0,1000,1000,1000,1000,0,0,0,0,0
2025-12-15 00:54:14.188,SERVO_OUTPUT_RAW,1209409793,SERVO_OUTPUT_RAW,0,0,0,0,0,0,0,0,1000,1000,1000,1000,0,0,0,0,0
2025-12-15 00:54:14.288,SERVO_OUTPUT_RAW,1209509795,SERVO_OUTPUT_RAW,0,0,0,0,0,0,0,0,1000,1000,1000,1000,0,0,0,0,0
2025-12-15 00:54:14.388,SERVO_OUTPUT_RAW,1209609793,SERVO_OUTPUT_RAW,0,0,0,0,0,0,0,0,1000,1000,1000,1000,0,0,0,0,0
2025-12-15 00:54:14.488,SERVO_OUTPUT_RAW,1209709826,SERVO_OUTPUT_RAW,0,0,0,0,0,0,0,0,1000,1000,1000,1000,0,0,0,0,0
2025-12-15 00:54:14.588,SERVO_OUTPUT_RAW,1209809831,SERVO_OUTPUT_RAW,0,0,0,0,0,0,0,0,1000,1000,1000,1000,0,0,0,0,0
2025-12-15 00:54:14.688,SERVO_OUTPUT_RAW,1209909796,SERVO_OUTPUT_RAW,0,0,0,0,0,0,0,0,1000,1000,1000,1000,0,0,0,0,0
2025-12-15 00:54:14.788,SERVO_OUTPUT_RAW,1210009820,SERVO_OUTPUT_RAW,0,0,0,0,0,0,0,0,1000,1000,1000,1000,0,0,0,0,0
2025-12-15 00:54:14.888,SERVO_OUTPUT_RAW,1210109810,SERVO_OUTPUT_RAW,0,0,0,0,0,0,0,0,1000,1000,1000,1000,0,0,0,0,0
2025-12-15 00:54:14.988,SERVO_OUTPUT_RAW,1210209846,SERVO_OUTPUT_RAW,0,0,0,0,0,0,0,0,1000,1000,1000,1000,0,0,0,0,0
2025-12-15 00:54:15.088,SERVO_OUTPUT_RAW,1210309844,SERVO_OUTPUT_RAW,0,0,0,0,0,0,0,0,1000,1000,1000,1000,0,0,0,0,0
2025-12-15 00:54:15.188,SERVO_OUTPUT_RAW,1210409782,SERVO_OUTPUT_RAW,0,0,0,0,0,0,0,0,1000,1000,1000,1000,0,0,0,0,0
2025-12-15 00:54:15.288,SERVO_OUTPUT_RAW,1210509930,SERVO_OUTPUT_RAW,0,0,0,0,0,0,0,0,1000,1000,1000,1000,0,0,0,0,0
2025-12-15 00:54:15.388,SERVO_OUTPUT_RAW,1210609824,SERVO_OUTPUT_RAW,0,0,0,0,0,0,0,0,1000,1000,1000,1000,0,0,0,0,0
2025-12-15 00:54:15.488,SERVO_OUTPUT_RAW,1210709830,SERVO_OUTPUT_RAW,0,0,0,0,0,0,0,0,1000,1000,1000,1000,0,0,0,0,0
2025-12-15 00:54:15.588,SERVO_OUTPUT_RAW,1210809782,SERVO_OUTPUT_RAW,0,0,0,0,0,0,0,0,1000,1000,1000,1000,0,0,0,0,0
2025-12-15 00:54:15.688,SERVO_OUTPUT_RAW,1210909776,SERVO_OUTPUT_RAW,0,0,0,0,0,0,0,0,1000,1000,1000,1000,0,0,0,0,0
2025-12-15 00:54:15.788,SERVO_OUTPUT_RAW,1211009810,SERVO_OUTPUT_RAW,0,0,0,0,0,0,0,0,1000,1000,1000,1000,0,0,0,0,0
2025-12-15 00:54:15.888,SERVO_OUTPUT_RAW,1211109787,SERVO_OUTPUT_RAW,0,0,0,0,0,0,0,0,1000,1000,1000,1000,0,0,0,0,0
2025-12-15 00:54:15.988,SERVO_OUTPUT_RAW,1211209783,SERVO_OUTPUT_RAW,0,0,0,0,0,0,0,0,1000,1000,1000,1000,0,0,0,0,0
2025-12-15 00:54:16.088,SERVO_OUTPUT_RAW,1211309831,SERVO_OUTPUT_RAW,0,0,0,0,0,0,0,0,1000,1000,1000,1000,0,0,0,0,0
2025-12-15 00:54:16.188,SERVO_OUTPUT_RAW,1211409851,SERVO_OUTPUT_RAW,0,0,0,0,0,0,0,0,1000,1000,1000,1000,0,0,0,0,0
2025-12-15 00:54:16.288,SERVO_OUTPUT_RAW,1211509808,SERVO_OUTPUT_RAW,0,0,0,0,0,0,0,0,1000,1000,1000,1000,0,0,0,0,0
2025-12-15 00:54:16.388,SERVO_OUTPUT_RAW,1211609925,SERVO_OUTPUT_RAW,0,0,0,0,0,0,0,0,1000,1000,1000,1000,0,0,0,0,0
2025-12-15 00:54:16.488,SERVO_OUTPUT_RAW,1211709835,SERVO_OUTPUT_RAW,0,0,0,0,0,0,0,0,1000,1000,1000,1000,0,0,0,0,0
2025-12-15 00:54:16.588,SERVO_OUTPUT_RAW,1211809846,SERVO_OUTPUT_RAW,0,0,0,0,0,0,0,0,1000,1000,1000,1000,0,0,0,0,0
2025-12-15 00:54:16.688,SERVO_OUTPUT_RAW,1211909807,SERVO_OUTPUT_RAW,0,0,0,0,0,0,0,0,1000,1000,1000,1000,0,0,0,0,0
2025-12-15 00:54:16.788,SERVO_OUTPUT_RAW,1212009784,SERVO_OUTPUT_RAW,0,0,0,0,0,0,0,0,1000,1000,1000,1000,0,0,0,0,0
2025-12-15 00:54:16.888,SERVO_OUTPUT_RAW,1212109819,SERVO_OUTPUT_RAW,0,0,0,0,0,0,0,0,1000,1000,1000,1000,0,0,0,0,0
2025-12-15 00:54:16.988,SERVO_OUTPUT_RAW,1212209812,SERVO_OUTPUT_RAW,0,0,0,0,0,0,0,0,1000,1000,1000,1000,0,0,0,0,0
2025-12-15 00:54:17.088,SERVO_OUTPUT_RAW,1212309779,SERVO_OUTPUT_RAW,0,0,0,0,0,0,0,0,1000,1000,1000,1000,0,0,0,0,0
2025-12-15 00:54:17.188,SERVO_OUTPUT_RAW,1212409801,SERVO_OUTPUT_RAW,0,0,0,0,0,0,0,0,1000,1000,1000,1000,0,0,0,0,0
2025-12-15 00:54:17.288,SERVO_OUTPUT_RAW,1212509793,SERVO_OUTPUT_RAW,0,0,0,0,0,0,0,0,1000,1000,1000,1000,0,0,0,0,0
2025-12-15 00:54:17.390,SERVO_OUTPUT_RAW,1212609863,SERVO_OUTPUT_RAW,0,0,0,0,0,0,0,0,1000,1000,1000,1000,0,0,0,0,0
2025-12-15 00:54:17.488,SERVO_OUTPUT_RAW,1212709784,SERVO_OUTPUT_RAW,0,0,0,0,0,0,0,0,1000,1000,1000,1000,0,0,0,0,0
2025-12-15 00:54:17.588,SERVO_OUTPUT_RAW,1212809790,SERVO_OUTPUT_RAW,0,0,0,0,0,0,0,0,1000,1000,1000,1000,0,0,0,0,0
2025-12-15 00:54:17.691,SERVO_OUTPUT_RAW,1212909870,SERVO_OUTPUT_RAW,0,0,0,0,0,0,0,0,1000,1000,1000,1000,0,0,0,0,0
2025-12-15 00:54:17.791,SERVO_OUTPUT_RAW,1213009777,SERVO_OUTPUT_RAW,0,0,0,0,0,0,0,0,1000,1000,1000,1000,0,0,0,0,0
2025-12-15 00:54:17.890,SERVO_OUTPUT_RAW,1213109784,SERVO_OUTPUT_RAW,0,0,0,0,0,0,0,0,1000,1000,1000,1000,0,0,0,0,0
2025-12-15 00:54:17.990,SERVO_OUTPUT_RAW,1213209804,SERVO_OUTPUT_RAW,0,0,0,0,0,0,0,0,1000,1000,1000,1000,0,0,0,0,0
2025-12-15 00:54:18.091,SERVO_OUTPUT_RAW,1213309831,SERVO_OUTPUT_RAW,0,0,0,0,0,0,0,0,1000,1000,1000,1000,0,0,0,0,0
2025-12-15 00:54:18.191,SERVO_OUTPUT_RAW,1213409873,SERVO_OUTPUT_RAW,0,0,0,0,0,0,0,0,1000,1000,1000,1000,0,0,0,0,0
2025-12-15 00:54:18.291,SERVO_OUTPUT_RAW,1213509823,SERVO_OUTPUT_RAW,0,0,0,0,0,0,0,0,1000,1000,1000,1000,0,0,0,0,0
2025-12-15 00:54:18.391,SERVO_OUTPUT_RAW,1213609796,SERVO_OUTPUT_RAW,0,0,0,0,0,0,0,0,1000,1000,1000,1000,0,0,0,0,0
2025-12-15 00:54:18.491,SERVO_OUTPUT_RAW,1213709809,SERVO_OUTPUT_RAW,0,0,0,0,0,0,0,0,1000,1000,1000,1000,0,0,0,0,0
2025-12-15 00:54:18.591,SERVO_OUTPUT_RAW,1213809794,SERVO_OUTPUT_RAW,0,0,0,0,0,0,0,0,1000,1000,1000,1000,0,0,0,0,0
2025-12-15 00:54:18.691,SERVO_OUTPUT_RAW,1213909797,SERVO_OUTPUT_RAW,0,0,0,0,0,0,0,0,1000,1000,1000,1000,0,0,0,0,0
2025-12-15 00:54:18.791,SERVO_OUTPUT_RAW,1214009774,SERVO_OUTPUT_RAW,0,0,0,0,0,0,0,0,1000,1000,1000,1000,0,0,0,0,0
2025-12-15 00:54:18.891,SERVO_OUTPUT_RAW,1214109783,SERVO_OUTPUT_RAW,0,0,0,0,0,0,0,0,1000,1000,1000,1000,0,0,0,0,0
2025-12-15 00:54:18.990,SERVO_OUTPUT_RAW,1214209780,SERVO_OUTPUT_RAW,0,0,0,0,0,0,0,0,1000,1000,1000,1000,0,0,0,0,0
2025-12-15 00:54:19.090,SERVO_OUTPUT_RAW,1214309793,SERVO_OUTPUT_RAW,0,0,0,0,0,0,0,0,1000,1000,1000,1000,0,0,0,0,0
2025-12-15 00:54:19.190,SERVO_OUTPUT_RAW,1214409834,SERVO_OUTPUT_RAW,0,0,0,0,0,0,0,0,1000,1000,1000,1000,0,0,0,0,0
2025-12-15 00:54:19.290,SERVO_OUTPUT_RAW,1214509853,SERVO_OUTPUT_RAW,0,0,0,0,0,0,0,0,1000,1000,1000,1000,0,0,0,0,0
2025-12-15 00:54:19.390,SERVO_OUTPUT_RAW,1214609804,SERVO_OUTPUT_RAW,0,0,0,0,0,0,0,0,1000,1000,1000,1000,0,0,0,0,0
2025-12-15 00:54:19.490,SERVO_OUTPUT_RAW,1214712164,SERVO_OUTPUT_RAW,0,0,0,0,0,0,0,0,1000,1000,1000,1000,0,0,0,0,0
2025-12-15 00:54:19.590,SERVO_OUTPUT_RAW,1214809831,SERVO_OUTPUT_RAW,0,0,0,0,0,0,0,0,1000,1000,1000,1000,0,0,0,0,0
2025-12-15 00:54:19.691,SERVO_OUTPUT_RAW,1214909854,SERVO_OUTPUT_RAW,0,0,0,0,0,0,0,0,1000,1000,1000,1000,0,0,0,0,0
2025-12-15 00:54:19.790,SERVO_OUTPUT_RAW,1215009845,SERVO_OUTPUT_RAW,0,0,0,0,0,0,0,0,1000,1000,1000,1000,0,0,0,0,0
2025-12-15 00:54:19.890,SERVO_OUTPUT_RAW,1215109780,SERVO_OUTPUT_RAW,0,0,0,0,0,0,0,0,1000,1000,1000,1000,0,0,0,0,0
2025-12-15 00:54:19.990,SERVO_OUTPUT_RAW,1215209814,SERVO_OUTPUT_RAW,0,0,0,0,0,0,0,0,1000,1000,1000,1000,0,0,0,0,0
2025-12-15 00:54:20.090,SERVO_OUTPUT_RAW,1215309806,SERVO_OUTPUT_RAW,0,0,0,0,0,0,0,0,1000,1000,1000,1000,0,0,0,0,0
2025-12-15 00:54:20.190,SERVO_OUTPUT_RAW,1215409788,SERVO_OUTPUT_RAW,0,0,0,0,0,0,0,0,1000,1000,1000,1000,0,0,0,0,0
2025-12-15 00:54:20.290,SERVO_OUTPUT_RAW,1215509796,SERVO_OUTPUT_RAW,0,0,0,0,0,0,0,0,1000,1000,1000,1000,0,0,0,0,0
2025-12-15 00:54:20.390,SERVO_OUTPUT_RAW,1215609801,SERVO_OUTPUT_RAW,0,0,0,0,0,0,0,0,1000,1000,1000,1000,0,0,0,0,0
2025-12-15 00:54:20.490,SERVO_OUTPUT_RAW,1215709795,SERVO_OUTPUT_RAW,0,0,0,0,0,0,0,0,1000,1000,1000,1000,0,0,0,0,0
2025-12-15 00:54:20.590,SERVO_OUTPUT_RAW,1215809802,SERVO_OUTPUT_RAW,0,0,0,0,0,0,0,0,1000,1000,1000,1000,0,0,0,0,0
2025-12-15 00:54:20.690,SERVO_OUTPUT_RAW,1215912145,SERVO_OUTPUT_RAW,0,0,0,0,0,0,0,0,1000,1000,1000,1000,0,0,0,0,0
2025-12-15 00:54:20.790,SERVO_OUTPUT_RAW,1216009828,SERVO_OUTPUT_RAW,0,0,0,0,0,0,0,0,1000,1000,1000,1000,0,0,0,0,0
2025-12-15 00:54:20.890,SERVO_OUTPUT_RAW,1216109857,SERVO_OUTPUT_RAW,0,0,0,0,0,0,0,0,1000,1000,1000,1000,0,0,0,0,0
2025-12-15 00:54:20.990,SERVO_OUTPUT_RAW,1216209801,SERVO_OUTPUT_RAW,0,0,0,0,0,0,0,0,1000,1000,1000,1000,0,0,0,0,0
2025-12-15 00:54:21.090,SERVO_OUTPUT_RAW,1216309801,SERVO_OUTPUT_RAW,0,0,0,0,0,0,0,0,1000,1000,1000,1000,0,0,0,0,0
2025-12-15 00:54:21.190,SERVO_OUTPUT_RAW,1216409830,SERVO_OUTPUT_RAW,0,0,0,0,0,0,0,0,1000,1000,1000,1000,0,0,0,0,0
2025-12-15 00:54:21.290,SERVO_OUTPUT_RAW,1216509840,SERVO_OUTPUT_RAW,0,0,0,0,0,0,0,0,1000,1000,1000,1000,0,0,0,0,0
2025-12-15 00:54:21.390,SERVO_OUTPUT_RAW,1216609779,SERVO_OUTPUT_RAW,0,0,0,0,0,0,0,0,1000,1000,1000,1000,0,0,0,0,0
2025-12-15 00:54:21.490,SERVO_OUTPUT_RAW,1216709787,SERVO_OUTPUT_RAW,0,0,0,0,0,0,0,0,1000,1000,1000,1000,0,0,0,0,0
2025-12-15 00:54:21.590,SERVO_OUTPUT_RAW,1216812082,SERVO_OUTPUT_RAW,0,0,0,0,0,0,0,0,1000,1000,1000,1000,0,0,0,0,0
2025-12-15 00:54:21.690,SERVO_OUTPUT_RAW,1216909819,SERVO_OUTPUT_RAW,0,0,0,0,0,0,0,0,1000,1000,1000,1000,0,0,0,0,0
2025-12-15 00:54:21.790,SERVO_OUTPUT_RAW,1217009795,SERVO_OUTPUT_RAW,0,0,0,0,0,0,0,0,1000,1000,1000,1000,0,0,0,0,0
2025-12-15 00:54:21.890,SERVO_OUTPUT_RAW,1217109783,SERVO_OUTPUT_RAW,0,0,0,0,0,0,0,0,1000,1000,1000,1000,0,0,0,0,0
2025-12-15 00:54:21.990,SERVO_OUTPUT_RAW,1217209799,SERVO_OUTPUT_RAW,0,0,0,0,0,0,0,0,1000,1000,1000,1000,0,0,0,0,0
2025-12-15 00:54:22.090,SERVO_OUTPUT_RAW,1217309785,SERVO_OUTPUT_RAW,0,0,0,0,0,0,0,0,1000,1000,1000,1000,0,0,0,0,0
2025-12-15 00:54:22.190,SERVO_OUTPUT_RAW,1217409774,SERVO_OUTPUT_RAW,0,0,0,0,0,0,0,0,1000,1000,1000,1000,0,0,0,0,0
2025-12-15 00:54:22.290,SERVO_OUTPUT_RAW,1217509814,SERVO_OUTPUT_RAW,0,0,0,0,0,0,0,0,1000,1000,1000,1000,0,0,0,0,0
2025-12-15 00:54:22.390,SERVO_OUTPUT_RAW,1217609827,SERVO_OUTPUT_RAW,0,0,0,0,0,0,0,0,1000,1000,1000,1000,0,0,0,0,0
2025-12-15 00:54:22.490,SERVO_OUTPUT_RAW,1217709832,SERVO_OUTPUT_RAW,0,0,0,0,0,0,0,0,1000,1000,1000,1000,0,0,0,0,0
2025-12-15 00:54:22.591,SERVO_OUTPUT_RAW,1217809797,SERVO_OUTPUT_RAW,0,0,0,0,0,0,0,0,1000,1000,1000,1000,0,0,0,0,0
2025-12-15 00:54:22.690,SERVO_OUTPUT_RAW,1217909826,SERVO_OUTPUT_RAW,0,0,0,0,0,0,0,0,1000,1000,1000,1000,0,0,0,0,0
2025-12-15 00:54:22.790,SERVO_OUTPUT_RAW,1218009843,SERVO_OUTPUT_RAW,0,0,0,0,0,0,0,0,1000,1000,1000,1000,0,0,0,0,0
2025-12-15 00:54:22.890,SERVO_OUTPUT_RAW,1218109841,SERVO_OUTPUT_RAW,0,0,0,0,0,0,0,0,1000,1000,1000,1000,0,0,0,0,0
2025-12-15 00:54:22.990,SERVO_OUTPUT_RAW,1218209784,SERVO_OUTPUT_RAW,0,0,0,0,0,0,0,0,1000,1000,1000,1000,0,0,0,0,0
2025-12-15 00:54:23.090,SERVO_OUTPUT_RAW,1218309798,SERVO_OUTPUT_RAW,0,0,0,0,0,0,0,0,1000,1000,1000,1000,0,0,0,0,0
2025-12-15 00:54:23.191,SERVO_OUTPUT_RAW,1218409827,SERVO_OUTPUT_RAW,0,0,0,0,0,0,0,0,1000,1000,1000,1000,0,0,0,0,0
2025-12-15 00:54:23.290,SERVO_OUTPUT_RAW,1218509776,SERVO_OUTPUT_RAW,0,0,0,0,0,0,0,0,1000,1000,1000,1000,0,0,0,0,0
2025-12-15 00:54:23.390,SERVO_OUTPUT_RAW,1218609781,SERVO_OUTPUT_RAW,0,0,0,0,0,0,0,0,1000,1000,1000,1000,0,0,0,0,0
2025-12-15 00:54:23.490,SERVO_OUTPUT_RAW,1218709794,SERVO_OUTPUT_RAW,0,0,0,0,0,0,0,0,1000,1000,1000,1000,0,0,0,0,0
2025-12-15 00:54:23.590,SERVO_OUTPUT_RAW,1218809799,SERVO_OUTPUT_RAW,0,0,0,0,0,0,0,0,1000,1000,1000,1000,0,0,0,0,0
2025-12-15 00:54:23.691,SERVO_OUTPUT_RAW,1218912180,SERVO_OUTPUT_RAW,0,0,0,0,0,0,0,0,1000,1000,1000,1000,0,0,0,0,0
2025-12-15 00:54:23.790,SERVO_OUTPUT_RAW,1219009789,SERVO_OUTPUT_RAW,0,0,0,0,0,0,0,0,1000,1000,1000,1000,0,0,0,0,0
2025-12-15 00:54:23.890,SERVO_OUTPUT_RAW,1219109839,SERVO_OUTPUT_RAW,0,0,0,0,0,0,0,0,1000,1000,1000,1000,0,0,0,0,0
2025-12-15 00:54:23.990,SERVO_OUTPUT_RAW,1219209842,SERVO_OUTPUT_RAW,0,0,0,0,0,0,0,0,1000,1000,1000,1000,0,0,0,0,0
2025-12-15 00:54:24.090,SERVO_OUTPUT_RAW,1219309850,SERVO_OUTPUT_RAW,0,0,0,0,0,0,0,0,1000,1000,1000,1000,0,0,0,0,0
2025-12-15 00:54:24.190,SERVO_OUTPUT_RAW,1219409796,SERVO_OUTPUT_RAW,0,0,0,0,0,0,0,0,1000,1000,1000,1000,0,0,0,0,0
2025-12-15 00:54:24.290,SERVO_OUTPUT_RAW,1219509816,SERVO_OUTPUT_RAW,0,0,0,0,0,0,0,0,1000,1000,1000,1000,0,0,0,0,0
2025-12-15 00:54:24.391,SERVO_OUTPUT_RAW,1219609835,SERVO_OUTPUT_RAW,0,0,0,0,0,0,0,0,1000,1000,1000,1000,0,0,0,0,0
2025-12-15 00:54:24.491,SERVO_OUTPUT_RAW,1219709904,SERVO_OUTPUT_RAW,0,0,0,0,0,0,0,0,1000,1000,1000,1000,0,0,0,0,0
2025-12-15 00:54:24.591,SERVO_OUTPUT_RAW,1219809778,SERVO_OUTPUT_RAW,0,0,0,0,0,0,0,0,1000,1000,1000,1000,0,0,0,0,0
2025-12-15 00:54:24.690,SERVO_OUTPUT_RAW,1219909815,SERVO_OUTPUT_RAW,0,0,0,0,0,0,0,0,1000,1000,1000,1000,0,0,0,0,0
2025-12-15 00:54:24.790,SERVO_OUTPUT_RAW,1220009810,SERVO_OUTPUT_RAW,0,0,0,0,0,0,0,0,1000,1000,1000,1000,0,0,0,0,0
2025-12-15 00:54:24.892,SERVO_OUTPUT_RAW,1220109790,SERVO_OUTPUT_RAW,0,0,0,0,0,0,0,0,1000,1000,1000,1000,0,0,0,0,0
2025-12-15 00:54:24.991,SERVO_OUTPUT_RAW,1220209788,SERVO_OUTPUT_RAW,0,0,0,0,0,0,0,0,1000,1000,1000,1000,0,0,0,0,0
2025-12-15 00:54:25.091,SERVO_OUTPUT_RAW,1220309812,SERVO_OUTPUT_RAW,0,0,0,0,0,0,0,0,1000,1000,1000,1000,0,0,0,0,0
2025-12-15 00:54:25.191,SERVO_OUTPUT_RAW,1220409801,SERVO_OUTPUT_RAW,0,0,0,0,0,0,0,0,1000,1000,1000,1000,0,0,0,0,0
2025-12-15 00:54:25.290,SERVO_OUTPUT_RAW,1220512116,SERVO_OUTPUT_RAW,0,0,0,0,0,0,0,0,1000,1000,1000,1000,0,0,0,0,0
2025-12-15 00:54:25.391,SERVO_OUTPUT_RAW,1220609807,SERVO_OUTPUT_RAW,0,0,0,0,0,0,0,0,1000,1000,1000,1000,0,0,0,0,0
2025-12-15 00:54:25.490,SERVO_OUTPUT_RAW,1220709840,SERVO_OUTPUT_RAW,0,0,0,0,0,0,0,0,1000,1000,1000,1000,0,0,0,0,0
2025-12-15 00:54:25.590,SERVO_OUTPUT_RAW,1220809842,SERVO_OUTPUT_RAW,0,0,0,0,0,0,0,0,1000,1000,1000,1000,0,0,0,0,0
2025-12-15 00:54:25.691,SERVO_OUTPUT_RAW,1220909803,SERVO_OUTPUT_RAW,0,0,0,0,0,0,0,0,1000,1000,1000,1000,0,0,0,0,0
2025-12-15 00:54:25.791,SERVO_OUTPUT_RAW,1221012114,SERVO_OUTPUT_RAW,0,0,0,0,0,0,0,0,1000,1000,1000,1000,0,0,0,0,0
2025-12-15 00:54:25.891,SERVO_OUTPUT_RAW,1221109832,SERVO_OUTPUT_RAW,0,0,0,0,0,0,0,0,1000,1000,1000,1000,0,0,0,0,0
2025-12-15 00:54:25.991,SERVO_OUTPUT_RAW,1221209832,SERVO_OUTPUT_RAW,0,0,0,0,0,0,0,0,1000,1000,1000,1000,0,0,0,0,0
2025-12-15 00:54:26.091,SERVO_OUTPUT_RAW,1221309793,SERVO_OUTPUT_RAW,0,0,0,0,0,0,0,0,1000,1000,1000,1000,0,0,0,0,0
2025-12-15 00:54:26.191,SERVO_OUTPUT_RAW,1221409801,SERVO_OUTPUT_RAW,0,0,0,0,0,0,0,0,1000,1000,1000,1000,0,0,0,0,0
2025-12-15 00:54:26.291,SERVO_OUTPUT_RAW,1221509826,SERVO_OUTPUT_RAW,0,0,0,0,0,0,0,0,1000,1000,1000,1000,0,0,0,0,0
2025-12-15 00:54:26.391,SERVO_OUTPUT_RAW,1221609815,SERVO_OUTPUT_RAW,0,0,0,0,0,0,0,0,1000,1000,1000,1000,0,0,0,0,0
2025-12-15 00:54:26.491,SERVO_OUTPUT_RAW,1221709779,SERVO_OUTPUT_RAW,0,0,0,0,0,0,0,0,1000,1000,1000,1000,0,0,0,0,0
2025-12-15 00:54:26.591,SERVO_OUTPUT_RAW,1221809790,SERVO_OUTPUT_RAW,0,0,0,0,0,0,0,0,1000,1000,1000,1000,0,0,0,0,0
2025-12-15 00:54:26.691,SERVO_OUTPUT_RAW,1221909785,SERVO_OUTPUT_RAW,0,0,0,0,0,0,0,0,1000,1000,1000,1000,0,0,0,0,0
2025-12-15 00:54:26.791,SERVO_OUTPUT_RAW,1222009787,SERVO_OUTPUT_RAW,0,0,0,0,0,0,0,0,1000,1000,1000,1000,0,0,0,0,0
2025-12-15 00:54:26.891,SERVO_OUTPUT_RAW,1222109790,SERVO_OUTPUT_RAW,0,0,0,0,0,0,0,0,1000,1000,1000,1000,0,0,0,0,0
2025-12-15 00:54:26.991,SERVO_OUTPUT_RAW,1222209822,SERVO_OUTPUT_RAW,0,0,0,0,0,0,0,0,1000,1000,1000,1000,0,0,0,0,0
2025-12-15 00:54:27.091,SERVO_OUTPUT_RAW,1222309845,SERVO_OUTPUT_RAW,0,0,0,0,0,0,0,0,1000,1000,1000,1000,0,0,0,0,0
2025-12-15 00:54:27.191,SERVO_OUTPUT_RAW,1222409821,SERVO_OUTPUT_RAW,0,0,0,0,0,0,0,0,1000,1000,1000,1000,0,0,0,0,0
2025-12-15 00:54:27.291,SERVO_OUTPUT_RAW,1222509783,SERVO_OUTPUT_RAW,0,0,0,0,0,0,0,0,1000,1000,1000,1000,0,0,0,0,0
2025-12-15 00:54:27.394,SERVO_OUTPUT_RAW,1222609843,SERVO_OUTPUT_RAW,0,0,0,0,0,0,0,0,1000,1000,1000,1000,0,0,0,0,0
2025-12-15 00:54:27.491,SERVO_OUTPUT_RAW,1222709848,SERVO_OUTPUT_RAW,0,0,0,0,0,0,0,0,1000,1000,1000,1000,0,0,0,0,0
2025-12-15 00:54:27.589,SERVO_OUTPUT_RAW,1222809848,SERVO_OUTPUT_RAW,0,0,0,0,0,0,0,0,1000,1000,1000,1000,0,0,0,0,0
2025-12-15 00:54:27.689,SERVO_OUTPUT_RAW,1222909784,SERVO_OUTPUT_RAW,0,0,0,0,0,0,0,0,1000,1000,1000,1000,0,0,0,0,0
2025-12-15 00:54:27.789,SERVO_OUTPUT_RAW,1223009806,SERVO_OUTPUT_RAW,0,0,0,0,0,0,0,0,1000,1000,1000,1000,0,0,0,0,0
2025-12-15 00:54:27.889,SERVO_OUTPUT_RAW,1223109883,SERVO_OUTPUT_RAW,0,0,0,0,0,0,0,0,1000,1000,1000,1000,0,0,0,0,0
2025-12-15 00:54:27.989,SERVO_OUTPUT_RAW,1223209776,SERVO_OUTPUT_RAW,0,0,0,0,0,0,0,0,1000,1000,1000,1000,0,0,0,0,0
2025-12-15 00:54:28.089,SERVO_OUTPUT_RAW,1223309797,SERVO_OUTPUT_RAW,0,0,0,0,0,0,0,0,1000,1000,1000,1000,0,0,0,0,0
2025-12-15 00:54:28.189,SERVO_OUTPUT_RAW,1223409797,SERVO_OUTPUT_RAW,0,0,0,0,0,0,0,0,1000,1000,1000,1000,0,0,0,0,0
2025-12-15 00:54:28.289,SERVO_OUTPUT_RAW,1223509789,SERVO_OUTPUT_RAW,0,0,0,0,0,0,0,0,1000,1000,1000,1000,0,0,0,0,0
2025-12-15 00:54:28.388,SERVO_OUTPUT_RAW,1223609792,SERVO_OUTPUT_RAW,0,0,0,0,0,0,0,0,1000,1000,1000,1000,0,0,0,0,0
2025-12-15 00:54:28.488,SERVO_OUTPUT_RAW,1223709818,SERVO_OUTPUT_RAW,0,0,0,0,0,0,0,0,1000,1000,1000,1000,0,0,0,0,0
2025-12-15 00:54:28.588,SERVO_OUTPUT_RAW,1223809835,SERVO_OUTPUT_RAW,0,0,0,0,0,0,0,0,1000,1000,1000,1000,0,0,0,0,0
2025-12-15 00:54:28.688,SERVO_OUTPUT_RAW,1223909840,SERVO_OUTPUT_RAW,0,0,0,0,0,0,0,0,1000,1000,1000,1000,0,0,0,0,0
2025-12-15 00:54:28.788,SERVO_OUTPUT_RAW,1224009804,SERVO_OUTPUT_RAW,0,0,0,0,0,0,0,0,1000,1000,1000,1000,0,0,0,0,0
2025-12-15 00:54:28.888,SERVO_OUTPUT_RAW,1224109796,SERVO_OUTPUT_RAW,0,0,0,0,0,0,0,0,1000,1000,1000,1000,0,0,0,0,0
2025-12-15 00:54:28.989,SERVO_OUTPUT_RAW,1224209835,SERVO_OUTPUT_RAW,0,0,0,0,0,0,0,0,1000,1000,1000,1000,0,0,0,0,0
2025-12-15 00:54:29.089,SERVO_OUTPUT_RAW,1224309837,SERVO_OUTPUT_RAW,0,0,0,0,0,0,0,0,1000,1000,1000,1000,0,0,0,0,0
2025-12-15 00:54:29.188,SERVO_OUTPUT_RAW,1224409785,SERVO_OUTPUT_RAW,0,0,0,0,0,0,0,0,1000,1000,1000,1000,0,0,0,0,0
2025-12-15 00:54:29.288,SERVO_OUTPUT_RAW,1224509803,SERVO_OUTPUT_RAW,0,0,0,0,0,0,0,0,1000,1000,1000,1000,0,0,0,0,0
2025-12-15 00:54:29.388,SERVO_OUTPUT_RAW,1224609808,SERVO_OUTPUT_RAW,0,0,0,0,0,0,0,0,1000,1000,1000,1000,0,0,0,0,0
2025-12-15 00:54:29.488,SERVO_OUTPUT_RAW,1224709821,SERVO_OUTPUT_RAW,0,0,0,0,0,0,0,0,1000,1000,1000,1000,0,0,0,0,0
2025-12-15 00:54:29.589,SERVO_OUTPUT_RAW,1224809803,SERVO_OUTPUT_RAW,0,0,0,0,0,0,0,0,1000,1000,1000,1000,0,0,0,0,0
2025-12-15 00:54:29.688,SERVO_OUTPUT_RAW,1224909783,SERVO_OUTPUT_RAW,0,0,0,0,0,0,0,0,1000,1000,1000,1000,0,0,0,0,0
2025-12-15 00:54:29.788,SERVO_OUTPUT_RAW,1225009791,SERVO_OUTPUT_RAW,0,0,0,0,0,0,0,0,1000,1000,1000,1000,0,0,0,0,0
2025-12-15 00:54:29.888,SERVO_OUTPUT_RAW,1225109790,SERVO_OUTPUT_RAW,0,0,0,0,0,0,0,0,1000,1000,1000,1000,0,0,0,0,0
2025-12-15 00:54:29.990,SERVO_OUTPUT_RAW,1225212156,SERVO_OUTPUT_RAW,0,0,0,0,0,0,0,0,1000,1000,1000,1000,0,0,0,0,0
2025-12-15 00:54:30.088,SERVO_OUTPUT_RAW,1225309818,SERVO_OUTPUT_RAW,0,0,0,0,0,0,0,0,1000,1000,1000,1000,0,0,0,0,0
2025-12-15 00:54:30.188,SERVO_OUTPUT_RAW,1225409783,SERVO_OUTPUT_RAW,0,0,0,0,0,0,0,0,1000,1000,1000,1000,0,0,0,0,0
2025-12-15 00:54:30.288,SERVO_OUTPUT_RAW,1225509853,SERVO_OUTPUT_RAW,0,0,0,0,0,0,0,0,1000,1000,1000,1000,0,0,0,0,0
2025-12-15 00:54:30.388,SERVO_OUTPUT_RAW,1225609804,SERVO_OUTPUT_RAW,0,0,0,0,0,0,0,0,1000,1000,1000,1000,0,0,0,0,0
2025-12-15 00:54:30.488,SERVO_OUTPUT_RAW,1225709810,SERVO_OUTPUT_RAW,0,0,0,0,0,0,0,0,1000,1000,1000,1000,0,0,0,0,0
2025-12-15 00:54:30.588,SERVO_OUTPUT_RAW,1225809854,SERVO_OUTPUT_RAW,0,0,0,0,0,0,0,0,1000,1000,1000,1000,0,0,0,0,0
2025-12-15 00:54:30.688,SERVO_OUTPUT_RAW,1225909847,SERVO_OUTPUT_RAW,0,0,0,0,0,0,0,0,1000,1000,1000,1000,0,0,0,0,0
2025-12-15 00:54:30.788,SERVO_OUTPUT_RAW,1226009794,SERVO_OUTPUT_RAW,0,0,0,0,0,0,0,0,1000,1000,1000,1000,0,0,0,0,0
2025-12-15 00:54:30.888,SERVO_OUTPUT_RAW,1226109804,SERVO_OUTPUT_RAW,0,0,0,0,0,0,0,0,1000,1000,1000,1000,0,0,0,0,0
2025-12-15 00:54:30.988,SERVO_OUTPUT_RAW,1226209824,SERVO_OUTPUT_RAW,0,0,0,0,0,0,0,0,1000,1000,1000,1000,0,0,0,0,0
2025-12-15 00:54:31.088,SERVO_OUTPUT_RAW,1226309812,SERVO_OUTPUT_RAW,0,0,0,0,0,0,0,0,1000,1000,1000,1000,0,0,0,0,0
2025-12-15 00:54:31.188,SERVO_OUTPUT_RAW,1226409778,SERVO_OUTPUT_RAW,0,0,0,0,0,0,0,0,1000,1000,1000,1000,0,0,0,0,0
2025-12-15 00:54:31.288,SERVO_OUTPUT_RAW,1226509786,SERVO_OUTPUT_RAW,0,0,0,0,0,0,0,0,1000,1000,1000,1000,0,0,0,0,0
2025-12-15 00:54:31.388,SERVO_OUTPUT_RAW,1226609776,SERVO_OUTPUT_RAW,0,0,0,0,0,0,0,0,1000,1000,1000,1000,0,0,0,0,0
2025-12-15 00:54:31.488,SERVO_OUTPUT_RAW,1226709786,SERVO_OUTPUT_RAW,0,0,0,0,0,0,0,0,1000,1000,1000,1000,0,0,0,0,0
2025-12-15 00:54:31.588,SERVO_OUTPUT_RAW,1226809793,SERVO_OUTPUT_RAW,0,0,0,0,0,0,0,0,1000,1000,1000,1000,0,0,0,0,0
2025-12-15 00:54:31.688,SERVO_OUTPUT_RAW,1226909846,SERVO_OUTPUT_RAW,0,0,0,0,0,0,0,0,1000,1000,1000,1000,0,0,0,0,0
2025-12-15 00:54:31.788,SERVO_OUTPUT_RAW,1227009838,SERVO_OUTPUT_RAW,0,0,0,0,0,0,0,0,1000,1000,1000,1000,0,0,0,0,0
2025-12-15 00:54:31.888,SERVO_OUTPUT_RAW,1227109824,SERVO_OUTPUT_RAW,0,0,0,0,0,0,0,0,1000,1000,1000,1000,0,0,0,0,0
2025-12-15 00:54:31.988,SERVO_OUTPUT_RAW,1227209824,SERVO_OUTPUT_RAW,0,0,0,0,0,0,0,0,1000,1000,1000,1000,0,0,0,0,0
2025-12-15 00:54:32.090,SERVO_OUTPUT_RAW,1227312113,SERVO_OUTPUT_RAW,0,0,0,0,0,0,0,0,1000,1000,1000,1000,0,0,0,0,0
2025-12-15 00:54:32.188,SERVO_OUTPUT_RAW,1227409837,SERVO_OUTPUT_RAW,0,0,0,0,0,0,0,0,1000,1000,1000,1000,0,0,0,0,0
2025-12-15 00:54:32.288,SERVO_OUTPUT_RAW,1227509846,SERVO_OUTPUT_RAW,0,0,0,0,0,0,0,0,1000,1000,1000,1000,0,0,0,0,0
2025-12-15 00:54:32.390,SERVO_OUTPUT_RAW,1227609780,SERVO_OUTPUT_RAW,0,0,0,0,0,0,0,0,1000,1000,1000,1000,0,0,0,0,0
2025-12-15 00:54:32.488,SERVO_OUTPUT_RAW,1227709809,SERVO_OUTPUT_RAW,0,0,0,0,0,0,0,0,1000,1000,1000,1000,0,0,0,0,0
2025-12-15 00:54:32.591,SERVO_OUTPUT_RAW,1227809840,SERVO_OUTPUT_RAW,0,0,0,0,0,0,0,0,1000,1000,1000,1000,0,0,0,0,0
2025-12-15 00:54:32.691,SERVO_OUTPUT_RAW,1227909782,SERVO_OUTPUT_RAW,0,0,0,0,0,0,0,0,1000,1000,1000,1000,0,0,0,0,0
2025-12-15 00:54:32.791,SERVO_OUTPUT_RAW,1228009782,SERVO_OUTPUT_RAW,0,0,0,0,0,0,0,0,1000,1000,1000,1000,0,0,0,0,0
2025-12-15 00:54:32.891,SERVO_OUTPUT_RAW,1228109819,SERVO_OUTPUT_RAW,0,0,0,0,0,0,0,0,1000,1000,1000,1000,0,0,0,0,0
2025-12-15 00:54:32.990,SERVO_OUTPUT_RAW,1228209785,SERVO_OUTPUT_RAW,0,0,0,0,0,0,0,0,1000,1000,1000,1000,0,0,0,0,0
2025-12-15 00:54:33.090,SERVO_OUTPUT_RAW,1228309802,SERVO_OUTPUT_RAW,0,0,0,0,0,0,0,0,1000,1000,1000,1000,0,0,0,0,0
2025-12-15 00:54:33.191,SERVO_OUTPUT_RAW,1228409827,SERVO_OUTPUT_RAW,0,0,0,0,0,0,0,0,1000,1000,1000,1000,0,0,0,0,0
2025-12-15 00:54:33.290,SERVO_OUTPUT_RAW,1228509836,SERVO_OUTPUT_RAW,0,0,0,0,0,0,0,0,1000,1000,1000,1000,0,0,0,0,0
2025-12-15 00:54:33.391,SERVO_OUTPUT_RAW,1228609850,SERVO_OUTPUT_RAW,0,0,0,0,0,0,0,0,1000,1000,1000,1000,0,0,0,0,0
2025-12-15 00:54:33.491,SERVO_OUTPUT_RAW,1228709811,SERVO_OUTPUT_RAW,0,0,0,0,0,0,0,0,1000,1000,1000,1000,0,0,0,0,0
2025-12-15 00:54:33.591,SERVO_OUTPUT_RAW,1228809840,SERVO_OUTPUT_RAW,0,0,0,0,0,0,0,0,1000,1000,1000,1000,0,0,0,0,0
2025-12-15 00:54:33.691,SERVO_OUTPUT_RAW,1228909832,SERVO_OUTPUT_RAW,0,0,0,0,0,0,0,0,1000,1000,1000,1000,0,0,0,0,0
2025-12-15 00:54:33.791,SERVO_OUTPUT_RAW,1229009836,SERVO_OUTPUT_RAW,0,0,0,0,0,0,0,0,1000,1000,1000,1000,0,0,0,0,0
2025-12-15 00:54:33.891,SERVO_OUTPUT_RAW,1229109816,SERVO_OUTPUT_RAW,0,0,0,0,0,0,0,0,1000,1000,1000,1000,0,0,0,0,0
2025-12-15 00:54:33.991,SERVO_OUTPUT_RAW,1229209790,SERVO_OUTPUT_RAW,0,0,0,0,0,0,0,0,1000,1000,1000,1000,0,0,0,0,0
2025-12-15 00:54:34.091,SERVO_OUTPUT_RAW,1229309837,SERVO_OUTPUT_RAW,0,0,0,0,0,0,0,0,1000,1000,1000,1000,0,0,0,0,0
2025-12-15 00:54:34.191,SERVO_OUTPUT_RAW,1229409885,SERVO_OUTPUT_RAW,0,0,0,0,0,0,0,0,1000,1000,1000,1000,0,0,0,0,0
2025-12-15 00:54:34.291,SERVO_OUTPUT_RAW,1229509786,SERVO_OUTPUT_RAW,0,0,0,0,0,0,0,0,1000,1000,1000,1000,0,0,0,0,0
2025-12-15 00:54:34.391,SERVO_OUTPUT_RAW,1229609809,SERVO_OUTPUT_RAW,0,0,0,0,0,0,0,0,1000,1000,1000,1000,0,0,0,0,0
2025-12-15 00:54:34.491,SERVO_OUTPUT_RAW,1229709785,SERVO_OUTPUT_RAW,0,0,0,0,0,0,0,0,1000,1000,1000,1000,0,0,0,0,0
2025-12-15 00:54:34.591,SERVO_OUTPUT_RAW,1229809795,SERVO_OUTPUT_RAW,0,0,0,0,0,0,0,0,1000,1000,1000,1000,0,0,0,0,0
2025-12-15 00:54:34.691,SERVO_OUTPUT_RAW,1229909792,SERVO_OUTPUT_RAW,0,0,0,0,0,0,0,0,1000,1000,1000,1000,0,0,0,0,0
2025-12-15 00:54:34.791,SERVO_OUTPUT_RAW,1230009809,SERVO_OUTPUT_RAW,0,0,0,0,0,0,0,0,1000,1000,1000,1000,0,0,0,0,0
2025-12-15 00:54:34.892,SERVO_OUTPUT_RAW,1230109832,SERVO_OUTPUT_RAW,0,0,0,0,0,0,0,0,1000,1000,1000,1000,0,0,0,0,0
2025-12-15 00:54:34.990,SERVO_OUTPUT_RAW,1230209807,SERVO_OUTPUT_RAW,0,0,0,0,0,0,0,0,1000,1000,1000,1000,0,0,0,0,0
2025-12-15 00:54:35.091,SERVO_OUTPUT_RAW,1230309785,SERVO_OUTPUT_RAW,0,0,0,0,0,0,0,0,1000,1000,1000,1000,0,0,0,0,0
2025-12-15 00:54:35.191,SERVO_OUTPUT_RAW,1230409822,SERVO_OUTPUT_RAW,0,0,0,0,0,0,0,0,1000,1000,1000,1000,0,0,0,0,0
2025-12-15 00:54:35.291,SERVO_OUTPUT_RAW,1230509861,SERVO_OUTPUT_RAW,0,0,0,0,0,0,0,0,1000,1000,1000,1000,0,0,0,0,0
2025-12-15 00:54:35.391,SERVO_OUTPUT_RAW,1230609839,SERVO_OUTPUT_RAW,0,0,0,0,0,0,0,0,1000,1000,1000,1000,0,0,0,0,0
2025-12-15 00:54:35.491,SERVO_OUTPUT_RAW,1230709789,SERVO_OUTPUT_RAW,0,0,0,0,0,0,0,0,1000,1000,1000,1000,0,0,0,0,0
2025-12-15 00:54:35.591,SERVO_OUTPUT_RAW,1230809814,SERVO_OUTPUT_RAW,0,0,0,0,0,0,0,0,1000,1000,1000,1000,0,0,0,0,0
2025-12-15 00:54:35.691,SERVO_OUTPUT_RAW,1230909812,SERVO_OUTPUT_RAW,0,0,0,0,0,0,0,0,1000,1000,1000,1000,0,0,0,0,0
2025-12-15 00:54:35.791,SERVO_OUTPUT_RAW,1231009829,SERVO_OUTPUT_RAW,0,0,0,0,0,0,0,0,1000,1000,1000,1000,0,0,0,0,0
2025-12-15 00:54:35.891,SERVO_OUTPUT_RAW,1231109779,SERVO_OUTPUT_RAW,0,0,0,0,0,0,0,0,1000,1000,1000,1000,0,0,0,0,0
2025-12-15 00:54:35.991,SERVO_OUTPUT_RAW,1231209783,SERVO_OUTPUT_RAW,0,0,0,0,0,0,0,0,1000,1000,1000,1000,0,0,0,0,0
2025-12-15 00:54:36.091,SERVO_OUTPUT_RAW,1231309805,SERVO_OUTPUT_RAW,0,0,0,0,0,0,0,0,1000,1000,1000,1000,0,0,0,0,0
2025-12-15 00:54:36.191,SERVO_OUTPUT_RAW,1231409802,SERVO_OUTPUT_RAW,0,0,0,0,0,0,0,0,1000,1000,1000,1000,0,0,0,0,0
2025-12-15 00:54:36.291,SERVO_OUTPUT_RAW,1231512167,SERVO_OUTPUT_RAW,0,0,0,0,0,0,0,0,1000,1000,1000,1000,0,0,0,0,0
2025-12-15 00:54:36.391,SERVO_OUTPUT_RAW,1231609822,SERVO_OUTPUT_RAW,0,0,0,0,0,0,0,0,1000,1000,1000,1000,0,0,0,0,0
2025-12-15 00:54:36.491,SERVO_OUTPUT_RAW,1231709848,SERVO_OUTPUT_RAW,0,0,0,0,0,0,0,0,1000,1000,1000,1000,0,0,0,0,0
2025-12-15 00:54:36.591,SERVO_OUTPUT_RAW,1231809804,SERVO_OUTPUT_RAW,0,0,0,0,0,0,0,0,1000,1000,1000,1000,0,0,0,0,0
2025-12-15 00:54:36.691,SERVO_OUTPUT_RAW,1231909800,SERVO_OUTPUT_RAW,0,0,0,0,0,0,0,0,1000,1000,1000,1000,0,0,0,0,0
2025-12-15 00:54:36.792,SERVO_OUTPUT_RAW,1232009821,SERVO_OUTPUT_RAW,0,0,0,0,0,0,0,0,1000,1000,1000,1000,0,0,0,0,0
2025-12-15 00:54:36.892,SERVO_OUTPUT_RAW,1232109838,SERVO_OUTPUT_RAW,0,0,0,0,0,0,0,0,1000,1000,1000,1000,0,0,0,0,0
2025-12-15 00:54:36.992,SERVO_OUTPUT_RAW,1232209776,SERVO_OUTPUT_RAW,0,0,0,0,0,0,0,0,1000,1000,1000,1000,0,0,0,0,0
2025-12-15 00:54:37.091,SERVO_OUTPUT_RAW,1232309817,SERVO_OUTPUT_RAW,0,0,0,0,0,0,0,0,1000,1000,1000,1000,0,0,0,0,0
2025-12-15 00:54:37.191,SERVO_OUTPUT_RAW,1232409820,SERVO_OUTPUT_RAW,0,0,0,0,0,0,0,0,1000,1000,1000,1000,0,0,0,0,0
2025-12-15 00:54:37.291,SERVO_OUTPUT_RAW,1232509814,SERVO_OUTPUT_RAW,0,0,0,0,0,0,0,0,1000,1000,1000,1000,0,0,0,0,0
2025-12-15 00:54:37.391,SERVO_OUTPUT_RAW,1232609789,SERVO_OUTPUT_RAW,0,0,0,0,0,0,0,0,1000,1000,1000,1000,0,0,0,0,0
2025-12-15 00:54:37.493,SERVO_OUTPUT_RAW,1232709786,SERVO_OUTPUT_RAW,0,0,0,0,0,0,0,0,1000,1000,1000,1000,0,0,0,0,0
2025-12-15 00:54:37.591,SERVO_OUTPUT_RAW,1232809798,SERVO_OUTPUT_RAW,0,0,0,0,0,0,0,0,1000,1000,1000,1000,0,0,0,0,0
2025-12-15 00:54:37.691,SERVO_OUTPUT_RAW,1232909797,SERVO_OUTPUT_RAW,0,0,0,0,0,0,0,0,1000,1000,1000,1000,0,0,0,0,0
2025-12-15 00:54:37.790,SERVO_OUTPUT_RAW,1233009782,SERVO_OUTPUT_RAW,0,0,0,0,0,0,0,0,1000,1000,1000,1000,0,0,0,0,0
2025-12-15 00:54:37.890,SERVO_OUTPUT_RAW,1233109803,SERVO_OUTPUT_RAW,0,0,0,0,0,0,0,0,1000,1000,1000,1000,0,0,0,0,0
2025-12-15 00:54:37.992,SERVO_OUTPUT_RAW,1233209846,SERVO_OUTPUT_RAW,0,0,0,0,0,0,0,0,1000,1000,1000,1000,0,0,0,0,0
2025-12-15 00:54:38.091,SERVO_OUTPUT_RAW,1233309867,SERVO_OUTPUT_RAW,0,0,0,0,0,0,0,0,1000,1000,1000,1000,0,0,0,0,0
2025-12-15 00:54:38.191,SERVO_OUTPUT_RAW,1233409807,SERVO_OUTPUT_RAW,0,0,0,0,0,0,0,0,1000,1000,1000,1000,0,0,0,0,0
2025-12-15 00:54:38.291,SERVO_OUTPUT_RAW,1233509804,SERVO_OUTPUT_RAW,0,0,0,0,0,0,0,0,1000,1000,1000,1000,0,0,0,0,0
2025-12-15 00:54:38.391,SERVO_OUTPUT_RAW,1233612112,SERVO_OUTPUT_RAW,0,0,0,0,0,0,0,0,1000,1000,1000,1000,0,0,0,0,0
2025-12-15 00:54:38.491,SERVO_OUTPUT_RAW,1233709859,SERVO_OUTPUT_RAW,0,0,0,0,0,0,0,0,1000,1000,1000,1000,0,0,0,0,0
2025-12-15 00:54:38.591,SERVO_OUTPUT_RAW,1233809781,SERVO_OUTPUT_RAW,0,0,0,0,0,0,0,0,1000,1000,1000,1000,0,0,0,0,0
2025-12-15 00:54:38.691,SERVO_OUTPUT_RAW,1233909822,SERVO_OUTPUT_RAW,0,0,0,0,0,0,0,0,1000,1000,1000,1000,0,0,0,0,0
2025-12-15 00:54:38.791,SERVO_OUTPUT_RAW,1234009820,SERVO_OUTPUT_RAW,0,0,0,0,0,0,0,0,1000,1000,1000,1000,0,0,0,0,0
2025-12-15 00:54:38.891,SERVO_OUTPUT_RAW,1234109827,SERVO_OUTPUT_RAW,0,0,0,0,0,0,0,0,1000,1000,1000,1000,0,0,0,0,0
2025-12-15 00:54:38.991,SERVO_OUTPUT_RAW,1234209786,SERVO_OUTPUT_RAW,0,0,0,0,0,0,0,0,1000,1000,1000,1000,0,0,0,0,0
2025-12-15 00:54:39.090,SERVO_OUTPUT_RAW,1234309794,SERVO_OUTPUT_RAW,0,0,0,0,0,0,0,0,1000,1000,1000,1000,0,0,0,0,0
2025-12-15 00:54:39.190,SERVO_OUTPUT_RAW,1234409773,SERVO_OUTPUT_RAW,0,0,0,0,0,0,0,0,1000,1000,1000,1000,0,0,0,0,0
2025-12-15 00:54:39.290,SERVO_OUTPUT_RAW,1234509791,SERVO_OUTPUT_RAW,0,0,0,0,0,0,0,0,1000,1000,1000,1000,0,0,0,0,0
2025-12-15 00:54:39.390,SERVO_OUTPUT_RAW,1234609799,SERVO_OUTPUT_RAW,0,0,0,0,0,0,0,0,1000,1000,1000,1000,0,0,0,0,0
2025-12-15 00:54:39.490,SERVO_OUTPUT_RAW,1234709842,SERVO_OUTPUT_RAW,0,0,0,0,0,0,0,0,1000,1000,1000,1000,0,0,0,0,0
2025-12-15 00:54:39.590,SERVO_OUTPUT_RAW,1234809841,SERVO_OUTPUT_RAW,0,0,0,0,0,0,0,0,1000,1000,1000,1000,0,0,0,0,0
2025-12-15 00:54:39.691,SERVO_OUTPUT_RAW,1234909859,SERVO_OUTPUT_RAW,0,0,0,0,0,0,0,0,1000,1000,1000,1000,0,0,0,0,0
2025-12-15 00:54:39.790,SERVO_OUTPUT_RAW,1235009817,SERVO_OUTPUT_RAW,0,0,0,0,0,0,0,0,1000,1000,1000,1000,0,0,0,0,0
2025-12-15 00:54:39.896,SERVO_OUTPUT_RAW,1235109816,SERVO_OUTPUT_RAW,0,0,0,0,0,0,0,0,1000,1000,1000,1000,0,0,0,0,0
2025-12-15 00:54:39.991,SERVO_OUTPUT_RAW,1235209859,SERVO_OUTPUT_RAW,0,0,0,0,0,0,0,0,1000,1000,1000,1000,0,0,0,0,0
2025-12-15 00:54:40.090,SERVO_OUTPUT_RAW,1235309851,SERVO_OUTPUT_RAW,0,0,0,0,0,0,0,0,1000,1000,1000,1000,0,0,0,0,0
2025-12-15 00:54:40.191,SERVO_OUTPUT_RAW,1235409774,SERVO_OUTPUT_RAW,0,0,0,0,0,0,0,0,1000,1000,1000,1000,0,0,0,0,0
2025-12-15 00:54:40.291,SERVO_OUTPUT_RAW,1235509806,SERVO_OUTPUT_RAW,0,0,0,0,0,0,0,0,1000,1000,1000,1000,0,0,0,0,0
2025-12-15 00:54:40.391,SERVO_OUTPUT_RAW,1235609810,SERVO_OUTPUT_RAW,0,0,0,0,0,0,0,0,1000,1000,1000,1000,0,0,0,0,0
2025-12-15 00:54:40.491,SERVO_OUTPUT_RAW,1235709882,SERVO_OUTPUT_RAW,0,0,0,0,0,0,0,0,1000,1000,1000,1000,0,0,0,0,0
2025-12-15 00:54:40.590,SERVO_OUTPUT_RAW,1235809777,SERVO_OUTPUT_RAW,0,0,0,0,0,0,0,0,1000,1000,1000,1000,0,0,0,0,0
2025-12-15 00:54:40.690,SERVO_OUTPUT_RAW,1235909811,SERVO_OUTPUT_RAW,0,0,0,0,0,0,0,0,1000,1000,1000,1000,0,0,0,0,0
2025-12-15 00:54:40.791,SERVO_OUTPUT_RAW,1236009795,SERVO_OUTPUT_RAW,0,0,0,0,0,0,0,0,1000,1000,1000,1000,0,0,0,0,0
2025-12-15 00:54:40.891,SERVO_OUTPUT_RAW,1236109791,SERVO_OUTPUT_RAW,0,0,0,0,0,0,0,0,1000,1000,1000,1000,0,0,0,0,0
2025-12-15 00:54:40.991,SERVO_OUTPUT_RAW,1236212133,SERVO_OUTPUT_RAW,0,0,0,0,0,0,0,0,1000,1000,1000,1000,0,0,0,0,0
2025-12-15 00:54:41.091,SERVO_OUTPUT_RAW,1236309834,SERVO_OUTPUT_RAW,0,0,0,0,0,0,0,0,1000,1000,1000,1000,0,0,0,0,0
2025-12-15 00:54:41.191,SERVO_OUTPUT_RAW,1236409805,SERVO_OUTPUT_RAW,0,0,0,0,0,0,0,0,1000,1000,1000,1000,0,0,0,0,0
2025-12-15 00:54:41.291,SERVO_OUTPUT_RAW,1236509770,SERVO_OUTPUT_RAW,0,0,0,0,0,0,0,0,1000,1000,1000,1000,0,0,0,0,0
2025-12-15 00:54:41.391,SERVO_OUTPUT_RAW,1236609804,SERVO_OUTPUT_RAW,0,0,0,0,0,0,0,0,1000,1000,1000,1000,0,0,0,0,0
2025-12-15 00:54:41.491,SERVO_OUTPUT_RAW,1236709839,SERVO_OUTPUT_RAW,0,0,0,0,0,0,0,0,1000,1000,1000,1000,0,0,0,0,0
2025-12-15 00:54:41.591,SERVO_OUTPUT_RAW,1236809959,SERVO_OUTPUT_RAW,0,0,0,0,0,0,0,0,1000,1000,1000,1000,0,0,0,0,0
2025-12-15 00:54:41.691,SERVO_OUTPUT_RAW,1236909789,SERVO_OUTPUT_RAW,0,0,0,0,0,0,0,0,1000,1000,1000,1000,0,0,0,0,0
2025-12-15 00:54:41.791,SERVO_OUTPUT_RAW,1237009799,SERVO_OUTPUT_RAW,0,0,0,0,0,0,0,0,1000,1000,1000,1000,0,0,0,0,0
2025-12-15 00:54:41.891,SERVO_OUTPUT_RAW,1237109821,SERVO_OUTPUT_RAW,0,0,0,0,0,0,0,0,1000,1000,1000,1000,0,0,0,0,0
2025-12-15 00:54:41.991,SERVO_OUTPUT_RAW,1237209830,SERVO_OUTPUT_RAW,0,0,0,0,0,0,0,0,1000,1000,1000,1000,0,0,0,0,0
2025-12-15 00:54:42.091,SERVO_OUTPUT_RAW,1237309791,SERVO_OUTPUT_RAW,0,0,0,0,0,0,0,0,1000,1000,1000,1000,0,0,0,0,0
2025-12-15 00:54:42.191,SERVO_OUTPUT_RAW,1237409783,SERVO_OUTPUT_RAW,0,0,0,0,0,0,0,0,1000,1000,1000,1000,0,0,0,0,0
2025-12-15 00:54:42.291,SERVO_OUTPUT_RAW,1237509786,SERVO_OUTPUT_RAW,0,0,0,0,0,0,0,0,1000,1000,1000,1000,0,0,0,0,0
2025-12-15 00:54:42.394,SERVO_OUTPUT_RAW,1237609787,SERVO_OUTPUT_RAW,0,0,0,0,0,0,0,0,1000,1000,1000,1000,0,0,0,0,0
2025-12-15 00:54:42.491,SERVO_OUTPUT_RAW,1237709819,SERVO_OUTPUT_RAW,0,0,0,0,0,0,0,0,1000,1000,1000,1000,0,0,0,0,0
2025-12-15 00:54:42.591,SERVO_OUTPUT_RAW,1237812166,SERVO_OUTPUT_RAW,0,0,0,0,0,0,0,0,1000,1000,1000,1000,0,0,0,0,0
2025-12-15 00:54:42.691,SERVO_OUTPUT_RAW,1237909827,SERVO_OUTPUT_RAW,0,0,0,0,0,0,0,0,1000,1000,1000,1000,0,0,0,0,0
2025-12-15 00:54:42.791,SERVO_OUTPUT_RAW,1238009846,SERVO_OUTPUT_RAW,0,0,0,0,0,0,0,0,1000,1000,1000,1000,0,0,0,0,0
2025-12-15 00:54:42.891,SERVO_OUTPUT_RAW,1238109781,SERVO_OUTPUT_RAW,0,0,0,0,0,0,0,0,1000,1000,1000,1000,0,0,0,0,0
2025-12-15 00:54:42.991,SERVO_OUTPUT_RAW,1238209822,SERVO_OUTPUT_RAW,0,0,0,0,0,0,0,0,1000,1000,1000,1000,0,0,0,0,0
2025-12-15 00:54:43.091,SERVO_OUTPUT_RAW,1238309840,SERVO_OUTPUT_RAW,0,0,0,0,0,0,0,0,1000,1000,1000,1000,0,0,0,0,0
2025-12-15 00:54:43.191,SERVO_OUTPUT_RAW,1238409782,SERVO_OUTPUT_RAW,0,0,0,0,0,0,0,0,1000,1000,1000,1000,0,0,0,0,0
2025-12-15 00:54:43.291,SERVO_OUTPUT_RAW,1238509783,SERVO_OUTPUT_RAW,0,0,0,0,0,0,0,0,1000,1000,1000,1000,0,0,0,0,0
2025-12-15 00:54:43.391,SERVO_OUTPUT_RAW,1238609817,SERVO_OUTPUT_RAW,0,0,0,0,0,0,0,0,1000,1000,1000,1000,0,0,0,0,0
2025-12-15 00:54:43.491,SERVO_OUTPUT_RAW,1238709823,SERVO_OUTPUT_RAW,0,0,0,0,0,0,0,0,1000,1000,1000,1000,0,0,0,0,0
2025-12-15 00:54:43.591,SERVO_OUTPUT_RAW,1238809782,SERVO_OUTPUT_RAW,0,0,0,0,0,0,0,0,1000,1000,1000,1000,0,0,0,0,0
2025-12-15 00:54:43.691,SERVO_OUTPUT_RAW,1238909781,SERVO_OUTPUT_RAW,0,0,0,0,0,0,0,0,1000,1000,1000,1000,0,0,0,0,0
2025-12-15 00:54:43.791,SERVO_OUTPUT_RAW,1239009782,SERVO_OUTPUT_RAW,0,0,0,0,0,0,0,0,1000,1000,1000,1000,0,0,0,0,0
2025-12-15 00:54:43.891,SERVO_OUTPUT_RAW,1239109809,SERVO_OUTPUT_RAW,0,0,0,0,0,0,0,0,1000,1000,1000,1000,0,0,0,0,0
2025-12-15 00:54:43.991,SERVO_OUTPUT_RAW,1239209797,SERVO_OUTPUT_RAW,0,0,0,0,0,0,0,0,1000,1000,1000,1000,0,0,0,0,0
2025-12-15 00:54:44.092,SERVO_OUTPUT_RAW,1239309799,SERVO_OUTPUT_RAW,0,0,0,0,0,0,0,0,1000,1000,1000,1000,0,0,0,0,0
2025-12-15 00:54:44.191,SERVO_OUTPUT_RAW,1239409836,SERVO_OUTPUT_RAW,0,0,0,0,0,0,0,0,1000,1000,1000,1000,0,0,0,0,0
2025-12-15 00:54:44.291,SERVO_OUTPUT_RAW,1239509842,SERVO_OUTPUT_RAW,0,0,0,0,0,0,0,0,1000,1000,1000,1000,0,0,0,0,0
2025-12-15 00:54:44.391,SERVO_OUTPUT_RAW,1239609803,SERVO_OUTPUT_RAW,0,0,0,0,0,0,0,0,1000,1000,1000,1000,0,0,0,0,0
2025-12-15 00:54:44.491,SERVO_OUTPUT_RAW,1239709850,SERVO_OUTPUT_RAW,0,0,0,0,0,0,0,0,1000,1000,1000,1000,0,0,0,0,0
2025-12-15 00:54:44.591,SERVO_OUTPUT_RAW,1239809811,SERVO_OUTPUT_RAW,0,0,0,0,0,0,0,0,1000,1000,1000,1000,0,0,0,0,0
2025-12-15 00:54:44.691,SERVO_OUTPUT_RAW,1239912006,SERVO_OUTPUT_RAW,0,0,0,0,0,0,0,0,1000,1000,1000,1000,0,0,0,0,0
2025-12-15 00:54:44.792,SERVO_OUTPUT_RAW,1240009810,SERVO_OUTPUT_RAW,0,0,0,0,0,0,0,0,1000,1000,1000,1000,0,0,0,0,0
2025-12-15 00:54:44.891,SERVO_OUTPUT_RAW,1240109791,SERVO_OUTPUT_RAW,0,0,0,0,0,0,0,0,1000,1000,1000,1000,0,0,0,0,0
2025-12-15 00:54:44.991,SERVO_OUTPUT_RAW,1240209832,SERVO_OUTPUT_RAW,0,0,0,0,0,0,0,0,1000,1000,1000,1000,0,0,0,0,0
2025-12-15 00:54:45.092,SERVO_OUTPUT_RAW,1240309838,SERVO_OUTPUT_RAW,0,0,0,0,0,0,0,0,1000,1000,1000,1000,0,0,0,0,0
2025-12-15 00:54:45.191,SERVO_OUTPUT_RAW,1240409802,SERVO_OUTPUT_RAW,0,0,0,0,0,0,0,0,1000,1000,1000,1000,0,0,0,0,0
2025-12-15 00:54:45.291,SERVO_OUTPUT_RAW,1240509786,SERVO_OUTPUT_RAW,0,0,0,0,0,0,0,0,1000,1000,1000,1000,0,0,0,0,0
2025-12-15 00:54:45.392,SERVO_OUTPUT_RAW,1240609798,SERVO_OUTPUT_RAW,0,0,0,0,0,0,0,0,1000,1000,1000,1000,0,0,0,0,0
2025-12-15 00:54:45.491,SERVO_OUTPUT_RAW,1240709820,SERVO_OUTPUT_RAW,0,0,0,0,0,0,0,0,1000,1000,1000,1000,0,0,0,0,0
2025-12-15 00:54:45.591,SERVO_OUTPUT_RAW,1240809795,SERVO_OUTPUT_RAW,0,0,0,0,0,0,0,0,1000,1000,1000,1000,0,0,0,0,0
2025-12-15 00:54:45.692,SERVO_OUTPUT_RAW,1240909807,SERVO_OUTPUT_RAW,0,0,0,0,0,0,0,0,1000,1000,1000,1000,0,0,0,0,0
2025-12-15 00:54:45.791,SERVO_OUTPUT_RAW,1241009836,SERVO_OUTPUT_RAW,0,0,0,0,0,0,0,0,1000,1000,1000,1000,0,0,0,0,0
2025-12-15 00:54:45.891,SERVO_OUTPUT_RAW,1241109827,SERVO_OUTPUT_RAW,0,0,0,0,0,0,0,0,1000,1000,1000,1000,0,0,0,0,0
2025-12-15 00:54:45.991,SERVO_OUTPUT_RAW,1241209813,SERVO_OUTPUT_RAW,0,0,0,0,0,0,0,0,1000,1000,1000,1000,0,0,0,0,0
2025-12-15 00:54:46.091,SERVO_OUTPUT_RAW,1241309837,SERVO_OUTPUT_RAW,0,0,0,0,0,0,0,0,1000,1000,1000,1000,0,0,0,0,0
2025-12-15 00:54:46.191,SERVO_OUTPUT_RAW,1241409830,SERVO_OUTPUT_RAW,0,0,0,0,0,0,0,0,1000,1000,1000,1000,0,0,0,0,0
2025-12-15 00:54:46.291,SERVO_OUTPUT_RAW,1241509844,SERVO_OUTPUT_RAW,0,0,0,0,0,0,0,0,1000,1000,1000,1000,0,0,0,0,0
2025-12-15 00:54:46.391,SERVO_OUTPUT_RAW,1241609789,SERVO_OUTPUT_RAW,0,0,0,0,0,0,0,0,1000,1000,1000,1000,0,0,0,0,0
2025-12-15 00:54:46.492,SERVO_OUTPUT_RAW,1241709817,SERVO_OUTPUT_RAW,0,0,0,0,0,0,0,0,1000,1000,1000,1000,0,0,0,0,0
2025-12-15 00:54:46.591,SERVO_OUTPUT_RAW,1241809816,SERVO_OUTPUT_RAW,0,0,0,0,0,0,0,0,1000,1000,1000,1000,0,0,0,0,0
2025-12-15 00:54:46.692,SERVO_OUTPUT_RAW,1241909825,SERVO_OUTPUT_RAW,0,0,0,0,0,0,0,0,1000,1000,1000,1000,0,0,0,0,0
2025-12-15 00:54:46.791,SERVO_OUTPUT_RAW,1242009885,SERVO_OUTPUT_RAW,0,0,0,0,0,0,0,0,1000,1000,1000,1000,0,0,0,0,0
2025-12-15 00:54:46.891,SERVO_OUTPUT_RAW,1242109775,SERVO_OUTPUT_RAW,0,0,0,0,0,0,0,0,1000,1000,1000,1000,0,0,0,0,0
2025-12-15 00:54:46.991,SERVO_OUTPUT_RAW,1242209803,SERVO_OUTPUT_RAW,0,0,0,0,0,0,0,0,1000,1000,1000,1000,0,0,0,0,0
2025-12-15 00:54:47.091,SERVO_OUTPUT_RAW,1242309781,SERVO_OUTPUT_RAW,0,0,0,0,0,0,0,0,1000,1000,1000,1000,0,0,0,0,0
2025-12-15 00:54:47.192,SERVO_OUTPUT_RAW,1242409786,SERVO_OUTPUT_RAW,0,0,0,0,0,0,0,0,1000,1000,1000,1000,0,0,0,0,0
2025-12-15 00:54:47.292,SERVO_OUTPUT_RAW,1242509819,SERVO_OUTPUT_RAW,0,0,0,0,0,0,0,0,1000,1000,1000,1000,0,0,0,0,0
2025-12-15 00:54:47.393,SERVO_OUTPUT_RAW,1242612178,SERVO_OUTPUT_RAW,0,0,0,0,0,0,0,0,1000,1000,1000,1000,0,0,0,0,0
2025-12-15 00:54:47.491,SERVO_OUTPUT_RAW,1242709814,SERVO_OUTPUT_RAW,0,0,0,0,0,0,0,0,1000,1000,1000,1000,0,0,0,0,0
2025-12-15 00:54:47.591,SERVO_OUTPUT_RAW,1242809820,SERVO_OUTPUT_RAW,0,0,0,0,0,0,0,0,1000,1000,1000,1000,0,0,0,0,0
2025-12-15 00:54:47.691,SERVO_OUTPUT_RAW,1242909820,SERVO_OUTPUT_RAW,0,0,0,0,0,0,0,0,1000,1000,1000,1000,0,0,0,0,0
2025-12-15 00:54:47.792,SERVO_OUTPUT_RAW,1243009856,SERVO_OUTPUT_RAW,0,0,0,0,0,0,0,0,1000,1000,1000,1000,0,0,0,0,0
2025-12-15 00:54:47.892,SERVO_OUTPUT_RAW,1243109857,SERVO_OUTPUT_RAW,0,0,0,0,0,0,0,0,1000,1000,1000,1000,0,0,0,0,0
2025-12-15 00:54:47.991,SERVO_OUTPUT_RAW,1243209779,SERVO_OUTPUT_RAW,0,0,0,0,0,0,0,0,1000,1000,1000,1000,0,0,0,0,0
2025-12-15 00:54:48.092,SERVO_OUTPUT_RAW,1243309806,SERVO_OUTPUT_RAW,0,0,0,0,0,0,0,0,1000,1000,1000,1000,0,0,0,0,0
2025-12-15 00:54:48.192,SERVO_OUTPUT_RAW,1243409814,SERVO_OUTPUT_RAW,0,0,0,0,0,0,0,0,1000,1000,1000,1000,0,0,0,0,0
2025-12-15 00:54:48.292,SERVO_OUTPUT_RAW,1243509778,SERVO_OUTPUT_RAW,0,0,0,0,0,0,0,0,1000,1000,1000,1000,0,0,0,0,0
2025-12-15 00:54:48.392,SERVO_OUTPUT_RAW,1243609787,SERVO_OUTPUT_RAW,0,0,0,0,0,0,0,0,1000,1000,1000,1000,0,0,0,0,0
2025-12-15 00:54:48.491,SERVO_OUTPUT_RAW,1243709797,SERVO_OUTPUT_RAW,0,0,0,0,0,0,0,0,1000,1000,1000,1000,0,0,0,0,0
2025-12-15 00:54:48.591,SERVO_OUTPUT_RAW,1243809779,SERVO_OUTPUT_RAW,0,0,0,0,0,0,0,0,1000,1000,1000,1000,0,0,0,0,0
2025-12-15 00:54:48.691,SERVO_OUTPUT_RAW,1243909783,SERVO_OUTPUT_RAW,0,0,0,0,0,0,0,0,1000,1000,1000,1000,0,0,0,0,0
2025-12-15 00:54:48.791,SERVO_OUTPUT_RAW,1244009796,SERVO_OUTPUT_RAW,0,0,0,0,0,0,0,0,1000,1000,1000,1000,0,0,0,0,0
2025-12-15 00:54:48.891,SERVO_OUTPUT_RAW,1244112180,SERVO_OUTPUT_RAW,0,0,0,0,0,0,0,0,1000,1000,1000,1000,0,0,0,0,0
2025-12-15 00:54:48.991,SERVO_OUTPUT_RAW,1244209790,SERVO_OUTPUT_RAW,0,0,0,0,0,0,0,0,1000,1000,1000,1000,0,0,0,0,0
2025-12-15 00:54:49.091,SERVO_OUTPUT_RAW,1244309805,SERVO_OUTPUT_RAW,0,0,0,0,0,0,0,0,1000,1000,1000,1000,0,0,0,0,0
2025-12-15 00:54:49.191,SERVO_OUTPUT_RAW,1244409806,SERVO_OUTPUT_RAW,0,0,0,0,0,0,0,0,1000,1000,1000,1000,0,0,0,0,0
2025-12-15 00:54:49.291,SERVO_OUTPUT_RAW,1244509819,SERVO_OUTPUT_RAW,0,0,0,0,0,0,0,0,1000,1000,1000,1000,0,0,0,0,0
2025-12-15 00:54:49.391,SERVO_OUTPUT_RAW,1244609845,SERVO_OUTPUT_RAW,0,0,0,0,0,0,0,0,1000,1000,1000,1000,0,0,0,0,0
2025-12-15 00:54:49.491,SERVO_OUTPUT_RAW,1244709817,SERVO_OUTPUT_RAW,0,0,0,0,0,0,0,0,1000,1000,1000,1000,0,0,0,0,0
2025-12-15 00:54:49.591,SERVO_OUTPUT_RAW,1244809797,SERVO_OUTPUT_RAW,0,0,0,0,0,0,0,0,1000,1000,1000,1000,0,0,0,0,0
2025-12-15 00:54:49.691,SERVO_OUTPUT_RAW,1244909841,SERVO_OUTPUT_RAW,0,0,0,0,0,0,0,0,1000,1000,1000,1000,0,0,0,0,0
2025-12-15 00:54:49.791,SERVO_OUTPUT_RAW,1245009843,SERVO_OUTPUT_RAW,0,0,0,0,0,0,0,0,1000,1000,1000,1000,0,0,0,0,0
2025-12-15 00:54:49.891,SERVO_OUTPUT_RAW,1245109782,SERVO_OUTPUT_RAW,0,0,0,0,0,0,0,0,1000,1000,1000,1000,0,0,0,0,0
2025-12-15 00:54:49.991,SERVO_OUTPUT_RAW,1245209780,SERVO_OUTPUT_RAW,0,0,0,0,0,0,0,0,1000,1000,1000,1000,0,0,0,0,0
2025-12-15 00:54:50.091,SERVO_OUTPUT_RAW,1245309794,SERVO_OUTPUT_RAW,0,0,0,0,0,0,0,0,1000,1000,1000,1000,0,0,0,0,0
2025-12-15 00:54:50.191,SERVO_OUTPUT_RAW,1245409786,SERVO_OUTPUT_RAW,0,0,0,0,0,0,0,0,1000,1000,1000,1000,0,0,0,0,0
2025-12-15 00:54:50.291,SERVO_OUTPUT_RAW,1245509801,SERVO_OUTPUT_RAW,0,0,0,0,0,0,0,0,1000,1000,1000,1000,0,0,0,0,0
2025-12-15 00:54:50.391,SERVO_OUTPUT_RAW,1245609825,SERVO_OUTPUT_RAW,0,0,0,0,0,0,0,0,1000,1000,1000,1000,0,0,0,0,0
2025-12-15 00:54:50.491,SERVO_OUTPUT_RAW,1245709823,SERVO_OUTPUT_RAW,0,0,0,0,0,0,0,0,1000,1000,1000,1000,0,0,0,0,0
2025-12-15 00:54:50.591,SERVO_OUTPUT_RAW,1245809818,SERVO_OUTPUT_RAW,0,0,0,0,0,0,0,0,1000,1000,1000,1000,0,0,0,0,0
2025-12-15 00:54:50.691,SERVO_OUTPUT_RAW,1245909792,SERVO_OUTPUT_RAW,0,0,0,0,0,0,0,0,1000,1000,1000,1000,0,0,0,0,0
2025-12-15 00:54:50.791,SERVO_OUTPUT_RAW,1246009834,SERVO_OUTPUT_RAW,0,0,0,0,0,0,0,0,1000,1000,1000,1000,0,0,0,0,0
2025-12-15 00:54:50.891,SERVO_OUTPUT_RAW,1246109854,SERVO_OUTPUT_RAW,0,0,0,0,0,0,0,0,1000,1000,1000,1000,0,0,0,0,0
2025-12-15 00:54:50.991,SERVO_OUTPUT_RAW,1246212012,SERVO_OUTPUT_RAW,0,0,0,0,0,0,0,0,1000,1000,1000,1000,0,0,0,0,0
2025-12-15 00:54:51.091,SERVO_OUTPUT_RAW,1246309789,SERVO_OUTPUT_RAW,0,0,0,0,0,0,0,0,1000,1000,1000,1000,0,0,0,0,0
2025-12-15 00:54:51.191,SERVO_OUTPUT_RAW,1246409803,SERVO_OUTPUT_RAW,0,0,0,0,0,0,0,0,1000,1000,1000,1000,0,0,0,0,0
2025-12-15 00:54:51.291,SERVO_OUTPUT_RAW,1246509826,SERVO_OUTPUT_RAW,0,0,0,0,0,0,0,0,1000,1000,1000,1000,0,0,0,0,0
2025-12-15 00:54:51.391,SERVO_OUTPUT_RAW,1246609780,SERVO_OUTPUT_RAW,0,0,0,0,0,0,0,0,1000,1000,1000,1000,0,0,0,0,0
2025-12-15 00:54:51.491,SERVO_OUTPUT_RAW,1246709792,SERVO_OUTPUT_RAW,0,0,0,0,0,0,0,0,1000,1000,1000,1000,0,0,0,0,0
2025-12-15 00:54:51.591,SERVO_OUTPUT_RAW,1246809780,SERVO_OUTPUT_RAW,0,0,0,0,0,0,0,0,1000,1000,1000,1000,0,0,0,0,0
2025-12-15 00:54:51.691,SERVO_OUTPUT_RAW,1246909778,SERVO_OUTPUT_RAW,0,0,0,0,0,0,0,0,1000,1000,1000,1000,0,0,0,0,0
2025-12-15 00:54:51.791,SERVO_OUTPUT_RAW,1247009779,SERVO_OUTPUT_RAW,0,0,0,0,0,0,0,0,1000,1000,1000,1000,0,0,0,0,0
2025-12-15 00:54:51.891,SERVO_OUTPUT_RAW,1247109789,SERVO_OUTPUT_RAW,0,0,0,0,0,0,0,0,1000,1000,1000,1000,0,0,0,0,0
2025-12-15 00:54:51.991,SERVO_OUTPUT_RAW,1247209829,SERVO_OUTPUT_RAW,0,0,0,0,0,0,0,0,1000,1000,1000,1000,0,0,0,0,0
2025-12-15 00:54:52.091,SERVO_OUTPUT_RAW,1247309793,SERVO_OUTPUT_RAW,0,0,0,0,0,0,0,0,1000,1000,1000,1000,0,0,0,0,0
2025-12-15 00:54:52.191,SERVO_OUTPUT_RAW,1247409852,SERVO_OUTPUT_RAW,0,0,0,0,0,0,0,0,1000,1000,1000,1000,0,0,0,0,0
2025-12-15 00:54:52.291,SERVO_OUTPUT_RAW,1247509798,SERVO_OUTPUT_RAW,0,0,0,0,0,0,0,0,1000,1000,1000,1000,0,0,0,0,0
2025-12-15 00:54:52.391,SERVO_OUTPUT_RAW,1247609850,SERVO_OUTPUT_RAW,0,0,0,0,0,0,0,0,1000,1000,1000,1000,0,0,0,0,0
2025-12-15 00:54:52.493,SERVO_OUTPUT_RAW,1247709845,SERVO_OUTPUT_RAW,0,0,0,0,0,0,0,0,1000,1000,1000,1000,0,0,0,0,0
2025-12-15 00:54:52.591,SERVO_OUTPUT_RAW,1247809839,SERVO_OUTPUT_RAW,0,0,0,0,0,0,0,0,1000,1000,1000,1000,0,0,0,0,0
2025-12-15 00:54:52.691,SERVO_OUTPUT_RAW,1247909782,SERVO_OUTPUT_RAW,0,0,0,0,0,0,0,0,1000,1000,1000,1000,0,0,0,0,0
2025-12-15 00:54:52.792,SERVO_OUTPUT_RAW,1248009817,SERVO_OUTPUT_RAW,0,0,0,0,0,0,0,0,1000,1000,1000,1000,0,0,0,0,0
2025-12-15 00:54:52.891,SERVO_OUTPUT_RAW,1248109829,SERVO_OUTPUT_RAW,0,0,0,0,0,0,0,0,1000,1000,1000,1000,0,0,0,0,0
2025-12-15 00:54:52.992,SERVO_OUTPUT_RAW,1248209796,SERVO_OUTPUT_RAW,0,0,0,0,0,0,0,0,1000,1000,1000,1000,0,0,0,0,0
2025-12-15 00:54:53.091,SERVO_OUTPUT_RAW,1248309883,SERVO_OUTPUT_RAW,0,0,0,0,0,0,0,0,1000,1000,1000,1000,0,0,0,0,0
2025-12-15 00:54:53.191,SERVO_OUTPUT_RAW,1248409795,SERVO_OUTPUT_RAW,0,0,0,0,0,0,0,0,1000,1000,1000,1000,0,0,0,0,0
2025-12-15 00:54:53.291,SERVO_OUTPUT_RAW,1248509800,SERVO_OUTPUT_RAW,0,0,0,0,0,0,0,0,1000,1000,1000,1000,0,0,0,0,0
2025-12-15 00:54:53.391,SERVO_OUTPUT_RAW,1248609782,SERVO_OUTPUT_RAW,0,0,0,0,0,0,0,0,1000,1000,1000,1000,0,0,0,0,0
2025-12-15 00:54:53.491,SERVO_OUTPUT_RAW,1248709803,SERVO_OUTPUT_RAW,0,0,0,0,0,0,0,0,1000,1000,1000,1000,0,0,0,0,0
2025-12-15 00:54:53.591,SERVO_OUTPUT_RAW,1248809839,SERVO_OUTPUT_RAW,0,0,0,0,0,0,0,0,1000,1000,1000,1000,0,0,0,0,0
2025-12-15 00:54:53.691,SERVO_OUTPUT_RAW,1248909841,SERVO_OUTPUT_RAW,0,0,0,0,0,0,0,0,1000,1000,1000,1000,0,0,0,0,0
2025-12-15 00:54:53.791,SERVO_OUTPUT_RAW,1249009778,SERVO_OUTPUT_RAW,0,0,0,0,0,0,0,0,1000,1000,1000,1000,0,0,0,0,0
2025-12-15 00:54:53.891,SERVO_OUTPUT_RAW,1249109840,SERVO_OUTPUT_RAW,0,0,0,0,0,0,0,0,1000,1000,1000,1000,0,0,0,0,0
2025-12-15 00:54:53.992,SERVO_OUTPUT_RAW,1249209832,SERVO_OUTPUT_RAW,0,0,0,0,0,0,0,0,1000,1000,1000,1000,0,0,0,0,0
2025-12-15 00:54:54.092,SERVO_OUTPUT_RAW,1249309848,SERVO_OUTPUT_RAW,0,0,0,0,0,0,0,0,1000,1000,1000,1000,0,0,0,0,0
2025-12-15 00:54:54.191,SERVO_OUTPUT_RAW,1249409905,SERVO_OUTPUT_RAW,0,0,0,0,0,0,0,0,1000,1000,1000,1000,0,0,0,0,0
2025-12-15 00:54:54.291,SERVO_OUTPUT_RAW,1249509795,SERVO_OUTPUT_RAW,0,0,0,0,0,0,0,0,1000,1000,1000,1000,0,0,0,0,0
2025-12-15 00:54:54.391,SERVO_OUTPUT_RAW,1249609832,SERVO_OUTPUT_RAW,0,0,0,0,0,0,0,0,1000,1000,1000,1000,0,0,0,0,0
2025-12-15 00:54:54.491,SERVO_OUTPUT_RAW,1249709780,SERVO_OUTPUT_RAW,0,0,0,0,0,0,0,0,1000,1000,1000,1000,0,0,0,0,0
2025-12-15 00:54:54.591,SERVO_OUTPUT_RAW,1249809786,SERVO_OUTPUT_RAW,0,0,0,0,0,0,0,0,1000,1000,1000,1000,0,0,0,0,0
2025-12-15 00:54:54.691,SERVO_OUTPUT_RAW,1249909788,SERVO_OUTPUT_RAW,0,0,0,0,0,0,0,0,1000,1000,1000,1000,0,0,0,0,0
2025-12-15 00:54:54.791,SERVO_OUTPUT_RAW,1250009782,SERVO_OUTPUT_RAW,0,0,0,0,0,0,0,0,1000,1000,1000,1000,0,0,0,0,0
2025-12-15 00:54:54.893,SERVO_OUTPUT_RAW,1250109792,SERVO_OUTPUT_RAW,0,0,0,0,0,0,0,0,1000,1000,1000,1000,0,0,0,0,0
2025-12-15 00:54:54.991,SERVO_OUTPUT_RAW,1250209782,SERVO_OUTPUT_RAW,0,0,0,0,0,0,0,0,1000,1000,1000,1000,0,0,0,0,0
2025-12-15 00:54:55.091,SERVO_OUTPUT_RAW,1250309834,SERVO_OUTPUT_RAW,0,0,0,0,0,0,0,0,1000,1000,1000,1000,0,0,0,0,0
2025-12-15 00:54:55.191,SERVO_OUTPUT_RAW,1250412145,SERVO_OUTPUT_RAW,0,0,0,0,0,0,0,0,1000,1000,1000,1000,0,0,0,0,0
2025-12-15 00:54:55.292,SERVO_OUTPUT_RAW,1250509803,SERVO_OUTPUT_RAW,0,0,0,0,0,0,0,0,1000,1000,1000,1000,0,0,0,0,0
2025-12-15 00:54:55.392,SERVO_OUTPUT_RAW,1250609792,SERVO_OUTPUT_RAW,0,0,0,0,0,0,0,0,1000,1000,1000,1000,0,0,0,0,0
2025-12-15 00:54:55.492,SERVO_OUTPUT_RAW,1250709835,SERVO_OUTPUT_RAW,0,0,0,0,0,0,0,0,1000,1000,1000,1000,0,0,0,0,0
2025-12-15 00:54:55.593,SERVO_OUTPUT_RAW,1250809841,SERVO_OUTPUT_RAW,0,0,0,0,0,0,0,0,1000,1000,1000,1000,0,0,0,0,0
2025-12-15 00:54:55.692,SERVO_OUTPUT_RAW,1250909840,SERVO_OUTPUT_RAW,0,0,0,0,0,0,0,0,1000,1000,1000,1000,0,0,0,0,0
2025-12-15 00:54:55.792,SERVO_OUTPUT_RAW,1251009783,SERVO_OUTPUT_RAW,0,0,0,0,0,0,0,0,1000,1000,1000,1000,0,0,0,0,0
2025-12-15 00:54:55.892,SERVO_OUTPUT_RAW,1251109815,SERVO_OUTPUT_RAW,0,0,0,0,0,0,0,0,1000,1000,1000,1000,0,0,0,0,0
2025-12-15 00:54:55.992,SERVO_OUTPUT_RAW,1251209821,SERVO_OUTPUT_RAW,0,0,0,0,0,0,0,0,1000,1000,1000,1000,0,0,0,0,0
2025-12-15 00:54:56.092,SERVO_OUTPUT_RAW,1251309785,SERVO_OUTPUT_RAW,0,0,0,0,0,0,0,0,1000,1000,1000,1000,0,0,0,0,0
2025-12-15 00:54:56.192,SERVO_OUTPUT_RAW,1251409778,SERVO_OUTPUT_RAW,0,0,0,0,0,0,0,0,1000,1000,1000,1000,0,0,0,0,0
2025-12-15 00:54:56.292,SERVO_OUTPUT_RAW,1251509798,SERVO_OUTPUT_RAW,0,0,0,0,0,0,0,0,1000,1000,1000,1000,0,0,0,0,0
2025-12-15 00:54:56.392,SERVO_OUTPUT_RAW,1251609788,SERVO_OUTPUT_RAW,0,0,0,0,0,0,0,0,1000,1000,1000,1000,0,0,0,0,0
2025-12-15 00:54:56.492,SERVO_OUTPUT_RAW,1251712117,SERVO_OUTPUT_RAW,0,0,0,0,0,0,0,0,1000,1000,1000,1000,0,0,0,0,0
2025-12-15 00:54:56.592,SERVO_OUTPUT_RAW,1251809790,SERVO_OUTPUT_RAW,0,0,0,0,0,0,0,0,1000,1000,1000,1000,0,0,0,0,0
2025-12-15 00:54:56.692,SERVO_OUTPUT_RAW,1251909827,SERVO_OUTPUT_RAW,0,0,0,0,0,0,0,0,1000,1000,1000,1000,0,0,0,0,0
2025-12-15 00:54:56.792,SERVO_OUTPUT_RAW,1252009840,SERVO_OUTPUT_RAW,0,0,0,0,0,0,0,0,1000,1000,1000,1000,0,0,0,0,0
2025-12-15 00:54:56.893,SERVO_OUTPUT_RAW,1252109833,SERVO_OUTPUT_RAW,0,0,0,0,0,0,0,0,1000,1000,1000,1000,0,0,0,0,0
2025-12-15 00:54:56.993,SERVO_OUTPUT_RAW,1252209827,SERVO_OUTPUT_RAW,0,0,0,0,0,0,0,0,1000,1000,1000,1000,0,0,0,0,0
2025-12-15 00:54:57.092,SERVO_OUTPUT_RAW,1252309836,SERVO_OUTPUT_RAW,0,0,0,0,0,0,0,0,1000,1000,1000,1000,0,0,0,0,0
2025-12-15 00:54:57.192,SERVO_OUTPUT_RAW,1252409830,SERVO_OUTPUT_RAW,0,0,0,0,0,0,0,0,1000,1000,1000,1000,0,0,0,0,0
2025-12-15 00:54:57.292,SERVO_OUTPUT_RAW,1252509901,SERVO_OUTPUT_RAW,0,0,0,0,0,0,0,0,1000,1000,1000,1000,0,0,0,0,0
2025-12-15 00:54:57.395,SERVO_OUTPUT_RAW,1252609787,SERVO_OUTPUT_RAW,0,0,0,0,0,0,0,0,1000,1000,1000,1000,0,0,0,0,0
2025-12-15 00:54:57.492,SERVO_OUTPUT_RAW,1252709811,SERVO_OUTPUT_RAW,0,0,0,0,0,0,0,0,1000,1000,1000,1000,0,0,0,0,0
2025-12-15 00:54:57.591,SERVO_OUTPUT_RAW,1252809824,SERVO_OUTPUT_RAW,0,0,0,0,0,0,0,0,1000,1000,1000,1000,0,0,0,0,0
2025-12-15 00:54:57.692,SERVO_OUTPUT_RAW,1252909786,SERVO_OUTPUT_RAW,0,0,0,0,0,0,0,0,1000,1000,1000,1000,0,0,0,0,0
2025-12-15 00:54:57.792,SERVO_OUTPUT_RAW,1253009794,SERVO_OUTPUT_RAW,0,0,0,0,0,0,0,0,1000,1000,1000,1000,0,0,0,0,0
2025-12-15 00:54:57.892,SERVO_OUTPUT_RAW,1253109802,SERVO_OUTPUT_RAW,0,0,0,0,0,0,0,0,1000,1000,1000,1000,0,0,0,0,0
2025-12-15 00:54:57.991,SERVO_OUTPUT_RAW,1253209785,SERVO_OUTPUT_RAW,0,0,0,0,0,0,0,0,1000,1000,1000,1000,0,0,0,0,0
2025-12-15 00:54:58.091,SERVO_OUTPUT_RAW,1253312111,SERVO_OUTPUT_RAW,0,0,0,0,0,0,0,0,1000,1000,1000,1000,0,0,0,0,0
2025-12-15 00:54:58.191,SERVO_OUTPUT_RAW,1253409808,SERVO_OUTPUT_RAW,0,0,0,0,0,0,0,0,1000,1000,1000,1000,0,0,0,0,0
2025-12-15 00:54:58.291,SERVO_OUTPUT_RAW,1253509819,SERVO_OUTPUT_RAW,0,0,0,0,0,0,0,0,1000,1000,1000,1000,0,0,0,0,0
2025-12-15 00:54:58.391,SERVO_OUTPUT_RAW,1253609853,SERVO_OUTPUT_RAW,0,0,0,0,0,0,0,0,1000,1000,1000,1000,0,0,0,0,0
2025-12-15 00:54:58.491,SERVO_OUTPUT_RAW,1253709775,SERVO_OUTPUT_RAW,0,0,0,0,0,0,0,0,1000,1000,1000,1000,0,0,0,0,0
2025-12-15 00:54:58.591,SERVO_OUTPUT_RAW,1253809808,SERVO_OUTPUT_RAW,0,0,0,0,0,0,0,0,1000,1000,1000,1000,0,0,0,0,0
2025-12-15 00:54:58.692,SERVO_OUTPUT_RAW,1253909851,SERVO_OUTPUT_RAW,0,0,0,0,0,0,0,0,1000,1000,1000,1000,0,0,0,0,0
2025-12-15 00:54:58.791,SERVO_OUTPUT_RAW,1254009839,SERVO_OUTPUT_RAW,0,0,0,0,0,0,0,0,1000,1000,1000,1000,0,0,0,0,0
2025-12-15 00:54:58.891,SERVO_OUTPUT_RAW,1254109774,SERVO_OUTPUT_RAW,0,0,0,0,0,0,0,0,1000,1000,1000,1000,0,0,0,0,0
2025-12-15 00:54:58.991,SERVO_OUTPUT_RAW,1254209817,SERVO_OUTPUT_RAW,0,0,0,0,0,0,0,0,1000,1000,1000,1000,0,0,0,0,0
2025-12-15 00:54:59.091,SERVO_OUTPUT_RAW,1254309813,SERVO_OUTPUT_RAW,0,0,0,0,0,0,0,0,1000,1000,1000,1000,0,0,0,0,0
2025-12-15 00:54:59.191,SERVO_OUTPUT_RAW,1254409784,SERVO_OUTPUT_RAW,0,0,0,0,0,0,0,0,1000,1000,1000,1000,0,0,0,0,0
2025-12-15 00:54:59.291,SERVO_OUTPUT_RAW,1254509783,SERVO_OUTPUT_RAW,0,0,0,0,0,0,0,0,1000,1000,1000,1000,0,0,0,0,0
2025-12-15 00:54:59.391,SERVO_OUTPUT_RAW,1254612176,SERVO_OUTPUT_RAW,0,0,0,0,0,0,0,0,1000,1000,1000,1000,0,0,0,0,0
2025-12-15 00:54:59.491,SERVO_OUTPUT_RAW,1254709784,SERVO_OUTPUT_RAW,0,0,0,0,0,0,0,0,1000,1000,1000,1000,0,0,0,0,0
2025-12-15 00:54:59.591,SERVO_OUTPUT_RAW,1254809798,SERVO_OUTPUT_RAW,0,0,0,0,0,0,0,0,1000,1000,1000,1000,0,0,0,0,0
2025-12-15 00:54:59.691,SERVO_OUTPUT_RAW,1254909789,SERVO_OUTPUT_RAW,0,0,0,0,0,0,0,0,1000,1000,1000,1000,0,0,0,0,0
2025-12-15 00:54:59.791,SERVO_OUTPUT_RAW,1255009827,SERVO_OUTPUT_RAW,0,0,0,0,0,0,0,0,1000,1000,1000,1000,0,0,0,0,0
2025-12-15 00:54:59.891,SERVO_OUTPUT_RAW,1255109861,SERVO_OUTPUT_RAW,0,0,0,0,0,0,0,0,1000,1000,1000,1000,0,0,0,0,0
2025-12-15 00:54:59.991,SERVO_OUTPUT_RAW,1255209859,SERVO_OUTPUT_RAW,0,0,0,0,0,0,0,0,1000,1000,1000,1000,0,0,0,0,0
2025-12-15 00:55:00.091,SERVO_OUTPUT_RAW,1255309810,SERVO_OUTPUT_RAW,0,0,0,0,0,0,0,0,1000,1000,1000,1000,0,0,0,0,0
2025-12-15 00:55:00.191,SERVO_OUTPUT_RAW,1255409813,SERVO_OUTPUT_RAW,0,0,0,0,0,0,0,0,1000,1000,1000,1000,0,0,0,0,0
2025-12-15 00:55:00.291,SERVO_OUTPUT_RAW,1255509851,SERVO_OUTPUT_RAW,0,0,0,0,0,0,0,0,1000,1000,1000,1000,0,0,0,0,0
2025-12-15 00:55:00.391,SERVO_OUTPUT_RAW,1255609846,SERVO_OUTPUT_RAW,0,0,0,0,0,0,0,0,1000,1000,1000,1000,0,0,0,0,0
2025-12-15 00:55:00.491,SERVO_OUTPUT_RAW,1255709796,SERVO_OUTPUT_RAW,0,0,0,0,0,0,0,0,1000,1000,1000,1000,0,0,0,0,0
2025-12-15 00:55:00.591,SERVO_OUTPUT_RAW,1255809812,SERVO_OUTPUT_RAW,0,0,0,0,0,0,0,0,1000,1000,1000,1000,0,0,0,0,0
2025-12-15 00:55:00.691,SERVO_OUTPUT_RAW,1255909811,SERVO_OUTPUT_RAW,0,0,0,0,0,0,0,0,1000,1000,1000,1000,0,0,0,0,0
2025-12-15 00:55:00.791,SERVO_OUTPUT_RAW,1256009790,SERVO_OUTPUT_RAW,0,0,0,0,0,0,0,0,1000,1000,1000,1000,0,0,0,0,0
2025-12-15 00:55:00.891,SERVO_OUTPUT_RAW,1256109777,SERVO_OUTPUT_RAW,0,0,0,0,0,0,0,0,1000,1000,1000,1000,0,0,0,0,0
2025-12-15 00:55:00.991,SERVO_OUTPUT_RAW,1256209805,SERVO_OUTPUT_RAW,0,0,0,0,0,0,0,0,1000,1000,1000,1000,0,0,0,0,0
2025-12-15 00:55:01.091,SERVO_OUTPUT_RAW,1256309786,SERVO_OUTPUT_RAW,0,0,0,0,0,0,0,0,1000,1000,1000,1000,0,0,0,0,0
2025-12-15 00:55:01.191,SERVO_OUTPUT_RAW,1256409781,SERVO_OUTPUT_RAW,0,0,0,0,0,0,0,0,1000,1000,1000,1000,0,0,0,0,0
2025-12-15 00:55:01.291,SERVO_OUTPUT_RAW,1256509835,SERVO_OUTPUT_RAW,0,0,0,0,0,0,0,0,1000,1000,1000,1000,0,0,0,0,0
2025-12-15 00:55:01.391,SERVO_OUTPUT_RAW,1256609854,SERVO_OUTPUT_RAW,0,0,0,0,0,0,0,0,1000,1000,1000,1000,0,0,0,0,0
2025-12-15 00:55:01.491,SERVO_OUTPUT_RAW,1256712138,SERVO_OUTPUT_RAW,0,0,0,0,0,0,0,0,1000,1000,1000,1000,0,0,0,0,0
2025-12-15 00:55:01.591,SERVO_OUTPUT_RAW,1256809809,SERVO_OUTPUT_RAW,0,0,0,0,0,0,0,0,1000,1000,1000,1000,0,0,0,0,0
2025-12-15 00:55:01.691,SERVO_OUTPUT_RAW,1256909818,SERVO_OUTPUT_RAW,0,0,0,0,0,0,0,0,1000,1000,1000,1000,0,0,0,0,0
2025-12-15 00:55:01.791,SERVO_OUTPUT_RAW,1257009840,SERVO_OUTPUT_RAW,0,0,0,0,0,0,0,0,1000,1000,1000,1000,0,0,0,0,0
2025-12-15 00:55:01.891,SERVO_OUTPUT_RAW,1257109858,SERVO_OUTPUT_RAW,0,0,0,0,0,0,0,0,1000,1000,1000,1000,0,0,0,0,0
2025-12-15 00:55:01.992,SERVO_OUTPUT_RAW,1257209788,SERVO_OUTPUT_RAW,0,0,0,0,0,0,0,0,1000,1000,1000,1000,0,0,0,0,0
2025-12-15 00:55:02.091,SERVO_OUTPUT_RAW,1257309793,SERVO_OUTPUT_RAW,0,0,0,0,0,0,0,0,1000,1000,1000,1000,0,0,0,0,0
2025-12-15 00:55:02.191,SERVO_OUTPUT_RAW,1257409818,SERVO_OUTPUT_RAW,0,0,0,0,0,0,0,0,1000,1000,1000,1000,0,0,0,0,0
2025-12-15 00:55:02.291,SERVO_OUTPUT_RAW,1257509883,SERVO_OUTPUT_RAW,0,0,0,0,0,0,0,0,1000,1000,1000,1000,0,0,0,0,0
2025-12-15 00:55:02.393,SERVO_OUTPUT_RAW,1257609776,SERVO_OUTPUT_RAW,0,0,0,0,0,0,0,0,1000,1000,1000,1000,0,0,0,0,0
2025-12-15 00:55:02.492,SERVO_OUTPUT_RAW,1257709787,SERVO_OUTPUT_RAW,0,0,0,0,0,0,0,0,1000,1000,1000,1000,0,0,0,0,0
2025-12-15 00:55:02.591,SERVO_OUTPUT_RAW,1257809778,SERVO_OUTPUT_RAW,0,0,0,0,0,0,0,0,1000,1000,1000,1000,0,0,0,0,0
2025-12-15 00:55:02.691,SERVO_OUTPUT_RAW,1257909778,SERVO_OUTPUT_RAW,0,0,0,0,0,0,0,0,1000,1000,1000,1000,0,0,0,0,0
2025-12-15 00:55:02.791,SERVO_OUTPUT_RAW,1258009792,SERVO_OUTPUT_RAW,0,0,0,0,0,0,0,0,1000,1000,1000,1000,0,0,0,0,0
2025-12-15 00:55:02.892,SERVO_OUTPUT_RAW,1258109823,SERVO_OUTPUT_RAW,0,0,0,0,0,0,0,0,1000,1000,1000,1000,0,0,0,0,0
2025-12-15 00:55:02.992,SERVO_OUTPUT_RAW,1258209865,SERVO_OUTPUT_RAW,0,0,0,0,0,0,0,0,1000,1000,1000,1000,0,0,0,0,0
2025-12-15 00:55:03.091,SERVO_OUTPUT_RAW,1258309850,SERVO_OUTPUT_RAW,0,0,0,0,0,0,0,0,1000,1000,1000,1000,0,0,0,0,0
2025-12-15 00:55:03.191,SERVO_OUTPUT_RAW,1258409829,SERVO_OUTPUT_RAW,0,0,0,0,0,0,0,0,1000,1000,1000,1000,0,0,0,0,0
2025-12-15 00:55:03.292,SERVO_OUTPUT_RAW,1258509839,SERVO_OUTPUT_RAW,0,0,0,0,0,0,0,0,1000,1000,1000,1000,0,0,0,0,0
2025-12-15 00:55:03.392,SERVO_OUTPUT_RAW,1258609845,SERVO_OUTPUT_RAW,0,0,0,0,0,0,0,0,1000,1000,1000,1000,0,0,0,0,0
2025-12-15 00:55:03.492,SERVO_OUTPUT_RAW,1258709848,SERVO_OUTPUT_RAW,0,0,0,0,0,0,0,0,1000,1000,1000,1000,0,0,0,0,0
2025-12-15 00:55:03.592,SERVO_OUTPUT_RAW,1258809899,SERVO_OUTPUT_RAW,0,0,0,0,0,0,0,0,1000,1000,1000,1000,0,0,0,0,0
2025-12-15 00:55:03.692,SERVO_OUTPUT_RAW,1258909796,SERVO_OUTPUT_RAW,0,0,0,0,0,0,0,0,1000,1000,1000,1000,0,0,0,0,0
2025-12-15 00:55:03.792,SERVO_OUTPUT_RAW,1259009849,SERVO_OUTPUT_RAW,0,0,0,0,0,0,0,0,1000,1000,1000,1000,0,0,0,0,0
2025-12-15 00:55:03.892,SERVO_OUTPUT_RAW,1259109825,SERVO_OUTPUT_RAW,0,0,0,0,0,0,0,0,1000,1000,1000,1000,0,0,0,0,0
2025-12-15 00:55:03.992,SERVO_OUTPUT_RAW,1259209776,SERVO_OUTPUT_RAW,0,0,0,0,0,0,0,0,1000,1000,1000,1000,0,0,0,0,0
2025-12-15 00:55:04.092,SERVO_OUTPUT_RAW,1259309804,SERVO_OUTPUT_RAW,0,0,0,0,0,0,0,0,1000,1000,1000,1000,0,0,0,0,0
2025-12-15 00:55:04.192,SERVO_OUTPUT_RAW,1259409783,SERVO_OUTPUT_RAW,0,0,0,0,0,0,0,0,1000,1000,1000,1000,0,0,0,0,0
2025-12-15 00:55:04.292,SERVO_OUTPUT_RAW,1259509790,SERVO_OUTPUT_RAW,0,0,0,0,0,0,0,0,1000,1000,1000,1000,0,0,0,0,0
2025-12-15 00:55:04.392,SERVO_OUTPUT_RAW,1259609820,SERVO_OUTPUT_RAW,0,0,0,0,0,0,0,0,1000,1000,1000,1000,0,0,0,0,0
2025-12-15 00:55:04.492,SERVO_OUTPUT_RAW,1259709818,SERVO_OUTPUT_RAW,0,0,0,0,0,0,0,0,1000,1000,1000,1000,0,0,0,0,0
2025-12-15 00:55:04.592,SERVO_OUTPUT_RAW,1259809831,SERVO_OUTPUT_RAW,0,0,0,0,0,0,0,0,1000,1000,1000,1000,0,0,0,0,0
2025-12-15 00:55:04.692,SERVO_OUTPUT_RAW,1259909806,SERVO_OUTPUT_RAW,0,0,0,0,0,0,0,0,1000,1000,1000,1000,0,0,0,0,0
2025-12-15 00:55:04.792,SERVO_OUTPUT_RAW,1260009835,SERVO_OUTPUT_RAW,0,0,0,0,0,0,0,0,1000,1000,1000,1000,0,0,0,0,0
2025-12-15 00:55:04.892,SERVO_OUTPUT_RAW,1260109818,SERVO_OUTPUT_RAW,0,0,0,0,0,0,0,0,1000,1000,1000,1000,0,0,0,0,0
2025-12-15 00:55:04.992,SERVO_OUTPUT_RAW,1260209857,SERVO_OUTPUT_RAW,0,0,0,0,0,0,0,0,1000,1000,1000,1000,0,0,0,0,0
2025-12-15 00:55:05.092,SERVO_OUTPUT_RAW,1260309788,SERVO_OUTPUT_RAW,0,0,0,0,0,0,0,0,1000,1000,1000,1000,0,0,0,0,0
2025-12-15 00:55:05.192,SERVO_OUTPUT_RAW,1260409813,SERVO_OUTPUT_RAW,0,0,0,0,0,0,0,0,1000,1000,1000,1000,0,0,0,0,0
2025-12-15 00:55:05.292,SERVO_OUTPUT_RAW,1260509819,SERVO_OUTPUT_RAW,0,0,0,0,0,0,0,0,1000,1000,1000,1000,0,0,0,0,0
2025-12-15 00:55:05.392,SERVO_OUTPUT_RAW,1260609820,SERVO_OUTPUT_RAW,0,0,0,0,0,0,0,0,1000,1000,1000,1000,0,0,0,0,0
2025-12-15 00:55:05.492,SERVO_OUTPUT_RAW,1260709784,SERVO_OUTPUT_RAW,0,0,0,0,0,0,0,0,1000,1000,1000,1000,0,0,0,0,0
2025-12-15 00:55:05.592,SERVO_OUTPUT_RAW,1260809784,SERVO_OUTPUT_RAW,0,0,0,0,0,0,0,0,1000,1000,1000,1000,0,0,0,0,0
2025-12-15 00:55:05.692,SERVO_OUTPUT_RAW,1260909860,SERVO_OUTPUT_RAW,0,0,0,0,0,0,0,0,1000,1000,1000,1000,0,0,0,0,0
2025-12-15 00:55:05.792,SERVO_OUTPUT_RAW,1261009797,SERVO_OUTPUT_RAW,0,0,0,0,0,0,0,0,1000,1000,1000,1000,0,0,0,0,0
2025-12-15 00:55:05.892,SERVO_OUTPUT_RAW,1261109795,SERVO_OUTPUT_RAW,0,0,0,0,0,0,0,0,1000,1000,1000,1000,0,0,0,0,0
2025-12-15 00:55:05.992,SERVO_OUTPUT_RAW,1261209807,SERVO_OUTPUT_RAW,0,0,0,0,0,0,0,0,1000,1000,1000,1000,0,0,0,0,0
2025-12-15 00:55:06.092,SERVO_OUTPUT_RAW,1261309828,SERVO_OUTPUT_RAW,0,0,0,0,0,0,0,0,1000,1000,1000,1000,0,0,0,0,0
2025-12-15 00:55:06.192,SERVO_OUTPUT_RAW,1261409843,SERVO_OUTPUT_RAW,0,0,0,0,0,0,0,0,1000,1000,1000,1000,0,0,0,0,0
2025-12-15 00:55:06.292,SERVO_OUTPUT_RAW,1261509817,SERVO_OUTPUT_RAW,0,0,0,0,0,0,0,0,1000,1000,1000,1000,0,0,0,0,0
2025-12-15 00:55:06.392,SERVO_OUTPUT_RAW,1261609801,SERVO_OUTPUT_RAW,0,0,0,0,0,0,0,0,1000,1000,1000,1000,0,0,0,0,0
2025-12-15 00:55:06.493,SERVO_OUTPUT_RAW,1261709838,SERVO_OUTPUT_RAW,0,0,0,0,0,0,0,0,1000,1000,1000,1000,0,0,0,0,0
2025-12-15 00:55:06.593,SERVO_OUTPUT_RAW,1261809843,SERVO_OUTPUT_RAW,0,0,0,0,0,0,0,0,1000,1000,1000,1000,0,0,0,0,0
2025-12-15 00:55:06.693,SERVO_OUTPUT_RAW,1261909777,SERVO_OUTPUT_RAW,0,0,0,0,0,0,0,0,1000,1000,1000,1000,0,0,0,0,0
2025-12-15 00:55:06.792,SERVO_OUTPUT_RAW,1262009837,SERVO_OUTPUT_RAW,0,0,0,0,0,0,0,0,1000,1000,1000,1000,0,0,0,0,0
2025-12-15 00:55:06.892,SERVO_OUTPUT_RAW,1262109805,SERVO_OUTPUT_RAW,0,0,0,0,0,0,0,0,1000,1000,1000,1000,0,0,0,0,0
2025-12-15 00:55:06.992,SERVO_OUTPUT_RAW,1262209769,SERVO_OUTPUT_RAW,0,0,0,0,0,0,0,0,1000,1000,1000,1000,0,0,0,0,0
2025-12-15 00:55:07.092,SERVO_OUTPUT_RAW,1262309773,SERVO_OUTPUT_RAW,0,0,0,0,0,0,0,0,1000,1000,1000,1000,0,0,0,0,0
2025-12-15 00:55:07.192,SERVO_OUTPUT_RAW,1262409777,SERVO_OUTPUT_RAW,0,0,0,0,0,0,0,0,1000,1000,1000,1000,0,0,0,0,0
2025-12-15 00:55:07.292,SERVO_OUTPUT_RAW,1262509787,SERVO_OUTPUT_RAW,0,0,0,0,0,0,0,0,1000,1000,1000,1000,0,0,0,0,0
2025-12-15 00:55:07.391,SERVO_OUTPUT_RAW,1262609787,SERVO_OUTPUT_RAW,0,0,0,0,0,0,0,0,1000,1000,1000,1000,0,0,0,0,0
2025-12-15 00:55:07.492,SERVO_OUTPUT_RAW,1262709813,SERVO_OUTPUT_RAW,0,0,0,0,0,0,0,0,1000,1000,1000,1000,0,0,0,0,0
2025-12-15 00:55:07.591,SERVO_OUTPUT_RAW,1262809828,SERVO_OUTPUT_RAW,0,0,0,0,0,0,0,0,1000,1000,1000,1000,0,0,0,0,0
2025-12-15 00:55:07.692,SERVO_OUTPUT_RAW,1262909853,SERVO_OUTPUT_RAW,0,0,0,0,0,0,0,0,1000,1000,1000,1000,0,0,0,0,0
2025-12-15 00:55:07.793,SERVO_OUTPUT_RAW,1263012161,SERVO_OUTPUT_RAW,0,0,0,0,0,0,0,0,1000,1000,1000,1000,0,0,0,0,0
2025-12-15 00:55:07.891,SERVO_OUTPUT_RAW,1263109790,SERVO_OUTPUT_RAW,0,0,0,0,0,0,0,0,1000,1000,1000,1000,0,0,0,0,0
2025-12-15 00:55:07.991,SERVO_OUTPUT_RAW,1263209804,SERVO_OUTPUT_RAW,0,0,0,0,0,0,0,0,1000,1000,1000,1000,0,0,0,0,0
2025-12-15 00:55:08.092,SERVO_OUTPUT_RAW,1263309859,SERVO_OUTPUT_RAW,0,0,0,0,0,0,0,0,1000,1000,1000,1000,0,0,0,0,0
2025-12-15 00:55:08.193,SERVO_OUTPUT_RAW,1263409802,SERVO_OUTPUT_RAW,0,0,0,0,0,0,0,0,1000,1000,1000,1000,0,0,0,0,0
2025-12-15 00:55:08.291,SERVO_OUTPUT_RAW,1263509771,SERVO_OUTPUT_RAW,0,0,0,0,0,0,0,0,1000,1000,1000,1000,0,0,0,0,0
2025-12-15 00:55:08.391,SERVO_OUTPUT_RAW,1263609817,SERVO_OUTPUT_RAW,0,0,0,0,0,0,0,0,1000,1000,1000,1000,0,0,0,0,0
2025-12-15 00:55:08.491,SERVO_OUTPUT_RAW,1263709818,SERVO_OUTPUT_RAW,0,0,0,0,0,0,0,0,1000,1000,1000,1000,0,0,0,0,0
2025-12-15 00:55:08.591,SERVO_OUTPUT_RAW,1263809796,SERVO_OUTPUT_RAW,0,0,0,0,0,0,0,0,1000,1000,1000,1000,0,0,0,0,0
2025-12-15 00:55:08.691,SERVO_OUTPUT_RAW,1263909795,SERVO_OUTPUT_RAW,0,0,0,0,0,0,0,0,1000,1000,1000,1000,0,0,0,0,0
2025-12-15 00:55:08.791,SERVO_OUTPUT_RAW,1264009799,SERVO_OUTPUT_RAW,0,0,0,0,0,0,0,0,1000,1000,1000,1000,0,0,0,0,0
2025-12-15 00:55:08.891,SERVO_OUTPUT_RAW,1264109782,SERVO_OUTPUT_RAW,0,0,0,0,0,0,0,0,1000,1000,1000,1000,0,0,0,0,0
2025-12-15 00:55:08.991,SERVO_OUTPUT_RAW,1264209791,SERVO_OUTPUT_RAW,0,0,0,0,0,0,0,0,1000,1000,1000,1000,0,0,0,0,0
2025-12-15 00:55:09.091,SERVO_OUTPUT_RAW,1264309793,SERVO_OUTPUT_RAW,0,0,0,0,0,0,0,0,1000,1000,1000,1000,0,0,0,0,0
2025-12-15 00:55:09.191,SERVO_OUTPUT_RAW,1264409835,SERVO_OUTPUT_RAW,0,0,0,0,0,0,0,0,1000,1000,1000,1000,0,0,0,0,0
2025-12-15 00:55:09.291,SERVO_OUTPUT_RAW,1264509838,SERVO_OUTPUT_RAW,0,0,0,0,0,0,0,0,1000,1000,1000,1000,0,0,0,0,0
2025-12-15 00:55:09.391,SERVO_OUTPUT_RAW,1264609804,SERVO_OUTPUT_RAW,0,0,0,0,0,0,0,0,1000,1000,1000,1000,0,0,0,0,0
2025-12-15 00:55:09.492,SERVO_OUTPUT_RAW,1264709847,SERVO_OUTPUT_RAW,0,0,0,0,0,0,0,0,1000,1000,1000,1000,0,0,0,0,0
2025-12-15 00:55:09.591,SERVO_OUTPUT_RAW,1264809821,SERVO_OUTPUT_RAW,0,0,0,0,0,0,0,0,1000,1000,1000,1000,0,0,0,0,0
2025-12-15 00:55:09.691,SERVO_OUTPUT_RAW,1264909877,SERVO_OUTPUT_RAW,0,0,0,0,0,0,0,0,1000,1000,1000,1000,0,0,0,0,0
2025-12-15 00:55:09.791,SERVO_OUTPUT_RAW,1265009814,SERVO_OUTPUT_RAW,0,0,0,0,0,0,0,0,1000,1000,1000,1000,0,0,0,0,0
2025-12-15 00:55:09.949,SERVO_OUTPUT_RAW,1265112082,SERVO_OUTPUT_RAW,0,0,0,0,0,0,0,0,1000,1000,1000,1000,0,0,0,0,0
2025-12-15 00:55:09.992,SERVO_OUTPUT_RAW,1265209825,SERVO_OUTPUT_RAW,0,0,0,0,0,0,0,0,1000,1000,1000,1000,0,0,0,0,0
2025-12-15 00:55:10.091,SERVO_OUTPUT_RAW,1265309819,SERVO_OUTPUT_RAW,0,0,0,0,0,0,0,0,1000,1000,1000,1000,0,0,0,0,0
2025-12-15 00:55:10.191,SERVO_OUTPUT_RAW,1265409788,SERVO_OUTPUT_RAW,0,0,0,0,0,0,0,0,1000,1000,1000,1000,0,0,0,0,0
2025-12-15 00:55:10.291,SERVO_OUTPUT_RAW,1265509790,SERVO_OUTPUT_RAW,0,0,0,0,0,0,0,0,1000,1000,1000,1000,0,0,0,0,0
2025-12-15 00:55:10.392,SERVO_OUTPUT_RAW,1265609808,SERVO_OUTPUT_RAW,0,0,0,0,0,0,0,0,1000,1000,1000,1000,0,0,0,0,0
2025-12-15 00:55:10.492,SERVO_OUTPUT_RAW,1265709789,SERVO_OUTPUT_RAW,0,0,0,0,0,0,0,0,1000,1000,1000,1000,0,0,0,0,0
2025-12-15 00:55:10.592,SERVO_OUTPUT_RAW,1265809801,SERVO_OUTPUT_RAW,0,0,0,0,0,0,0,0,1000,1000,1000,1000,0,0,0,0,0
2025-12-15 00:55:10.692,SERVO_OUTPUT_RAW,1265909846,SERVO_OUTPUT_RAW,0,0,0,0,0,0,0,0,1000,1000,1000,1000,0,0,0,0,0
2025-12-15 00:55:10.792,SERVO_OUTPUT_RAW,1266009832,SERVO_OUTPUT_RAW,0,0,0,0,0,0,0,0,1000,1000,1000,1000,0,0,0,0,0
2025-12-15 00:55:10.892,SERVO_OUTPUT_RAW,1266109779,SERVO_OUTPUT_RAW,0,0,0,0,0,0,0,0,1000,1000,1000,1000,0,0,0,0,0
2025-12-15 00:55:10.992,SERVO_OUTPUT_RAW,1266209796,SERVO_OUTPUT_RAW,0,0,0,0,0,0,0,0,1000,1000,1000,1000,0,0,0,0,0
2025-12-15 00:55:11.092,SERVO_OUTPUT_RAW,1266309823,SERVO_OUTPUT_RAW,0,0,0,0,0,0,0,0,1000,1000,1000,1000,0,0,0,0,0
2025-12-15 00:55:11.192,SERVO_OUTPUT_RAW,1266409852,SERVO_OUTPUT_RAW,0,0,0,0,0,0,0,0,1000,1000,1000,1000,0,0,0,0,0
2025-12-15 00:55:11.292,SERVO_OUTPUT_RAW,1266509853,SERVO_OUTPUT_RAW,0,0,0,0,0,0,0,0,1000,1000,1000,1000,0,0,0,0,0
2025-12-15 00:55:11.392,SERVO_OUTPUT_RAW,1266609787,SERVO_OUTPUT_RAW,0,0,0,0,0,0,0,0,1000,1000,1000,1000,0,0,0,0,0
2025-12-15 00:55:11.492,SERVO_OUTPUT_RAW,1266709809,SERVO_OUTPUT_RAW,0,0,0,0,0,0,0,0,1000,1000,1000,1000,0,0,0,0,0
2025-12-15 00:55:11.592,SERVO_OUTPUT_RAW,1266809818,SERVO_OUTPUT_RAW,0,0,0,0,0,0,0,0,1000,1000,1000,1000,0,0,0,0,0
2025-12-15 00:55:11.692,SERVO_OUTPUT_RAW,1266909788,SERVO_OUTPUT_RAW,0,0,0,0,0,0,0,0,1000,1000,1000,1000,0,0,0,0,0
2025-12-15 00:55:11.792,SERVO_OUTPUT_RAW,1267009785,SERVO_OUTPUT_RAW,0,0,0,0,0,0,0,0,1000,1000,1000,1000,0,0,0,0,0
2025-12-15 00:55:11.892,SERVO_OUTPUT_RAW,1267109792,SERVO_OUTPUT_RAW,0,0,0,0,0,0,0,0,1000,1000,1000,1000,0,0,0,0,0
2025-12-15 00:55:11.992,SERVO_OUTPUT_RAW,1267209868,SERVO_OUTPUT_RAW,0,0,0,0,0,0,0,0,1000,1000,1000,1000,0,0,0,0,0
2025-12-15 00:55:12.092,SERVO_OUTPUT_RAW,1267309782,SERVO_OUTPUT_RAW,0,0,0,0,0,0,0,0,1000,1000,1000,1000,0,0,0,0,0
2025-12-15 00:55:12.192,SERVO_OUTPUT_RAW,1267409824,SERVO_OUTPUT_RAW,0,0,0,0,0,0,0,0,1000,1000,1000,1000,0,0,0,0,0
2025-12-15 00:55:12.292,SERVO_OUTPUT_RAW,1267509820,SERVO_OUTPUT_RAW,0,0,0,0,0,0,0,0,1000,1000,1000,1000,0,0,0,0,0
2025-12-15 00:55:12.394,SERVO_OUTPUT_RAW,1267609843,SERVO_OUTPUT_RAW,0,0,0,0,0,0,0,0,1000,1000,1000,1000,0,0,0,0,0
2025-12-15 00:55:12.492,SERVO_OUTPUT_RAW,1267709808,SERVO_OUTPUT_RAW,0,0,0,0,0,0,0,0,1000,1000,1000,1000,0,0,0,0,0
2025-12-15 00:55:12.590,SERVO_OUTPUT_RAW,1267809838,SERVO_OUTPUT_RAW,0,0,0,0,0,0,0,0,1000,1000,1000,1000,0,0,0,0,0
2025-12-15 00:55:12.692,SERVO_OUTPUT_RAW,1267909829,SERVO_OUTPUT_RAW,0,0,0,0,0,0,0,0,1000,1000,1000,1000,0,0,0,0,0
2025-12-15 00:55:12.792,SERVO_OUTPUT_RAW,1268009845,SERVO_OUTPUT_RAW,0,0,0,0,0,0,0,0,1000,1000,1000,1000,0,0,0,0,0
2025-12-15 00:55:12.892,SERVO_OUTPUT_RAW,1268109807,SERVO_OUTPUT_RAW,0,0,0,0,0,0,0,0,1000,1000,1000,1000,0,0,0,0,0
2025-12-15 00:55:12.992,SERVO_OUTPUT_RAW,1268209801,SERVO_OUTPUT_RAW,0,0,0,0,0,0,0,0,1000,1000,1000,1000,0,0,0,0,0
2025-12-15 00:55:13.092,SERVO_OUTPUT_RAW,1268309824,SERVO_OUTPUT_RAW,0,0,0,0,0,0,0,0,1000,1000,1000,1000,0,0,0,0,0
2025-12-15 00:55:13.192,SERVO_OUTPUT_RAW,1268409823,SERVO_OUTPUT_RAW,0,0,0,0,0,0,0,0,1000,1000,1000,1000,0,0,0,0,0
2025-12-15 00:55:13.292,SERVO_OUTPUT_RAW,1268509778,SERVO_OUTPUT_RAW,0,0,0,0,0,0,0,0,1000,1000,1000,1000,0,0,0,0,0
2025-12-15 00:55:13.391,SERVO_OUTPUT_RAW,1268609782,SERVO_OUTPUT_RAW,0,0,0,0,0,0,0,0,1000,1000,1000,1000,0,0,0,0,0
2025-12-15 00:55:13.490,SERVO_OUTPUT_RAW,1268709793,SERVO_OUTPUT_RAW,0,0,0,0,0,0,0,0,1000,1000,1000,1000,0,0,0,0,0
2025-12-15 00:55:13.590,SERVO_OUTPUT_RAW,1268809816,SERVO_OUTPUT_RAW,0,0,0,0,0,0,0,0,1000,1000,1000,1000,0,0,0,0,0
2025-12-15 00:55:13.690,SERVO_OUTPUT_RAW,1268909796,SERVO_OUTPUT_RAW,0,0,0,0,0,0,0,0,1000,1000,1000,1000,0,0,0,0,0
2025-12-15 00:55:13.790,SERVO_OUTPUT_RAW,1269009814,SERVO_OUTPUT_RAW,0,0,0,0,0,0,0,0,1000,1000,1000,1000,0,0,0,0,0
2025-12-15 00:55:13.890,SERVO_OUTPUT_RAW,1269109858,SERVO_OUTPUT_RAW,0,0,0,0,0,0,0,0,1000,1000,1000,1000,0,0,0,0,0
2025-12-15 00:55:13.990,SERVO_OUTPUT_RAW,1269209823,SERVO_OUTPUT_RAW,0,0,0,0,0,0,0,0,1000,1000,1000,1000,0,0,0,0,0
2025-12-15 00:55:14.090,SERVO_OUTPUT_RAW,1269312099,SERVO_OUTPUT_RAW,0,0,0,0,0,0,0,0,1000,1000,1000,1000,0,0,0,0,0
2025-12-15 00:55:14.190,SERVO_OUTPUT_RAW,1269409812,SERVO_OUTPUT_RAW,0,0,0,0,0,0,0,0,1000,1000,1000,1000,0,0,0,0,0
2025-12-15 00:55:14.290,SERVO_OUTPUT_RAW,1269509847,SERVO_OUTPUT_RAW,0,0,0,0,0,0,0,0,1000,1000,1000,1000,0,0,0,0,0
2025-12-15 00:55:14.390,SERVO_OUTPUT_RAW,1269609846,SERVO_OUTPUT_RAW,0,0,0,0,0,0,0,0,1000,1000,1000,1000,0,0,0,0,0
2025-12-15 00:55:14.490,SERVO_OUTPUT_RAW,1269709787,SERVO_OUTPUT_RAW,0,0,0,0,0,0,0,0,1000,1000,1000,1000,0,0,0,0,0
2025-12-15 00:55:14.590,SERVO_OUTPUT_RAW,1269809802,SERVO_OUTPUT_RAW,0,0,0,0,0,0,0,0,1000,1000,1000,1000,0,0,0,0,0
2025-12-15 00:55:14.690,SERVO_OUTPUT_RAW,1269909830,SERVO_OUTPUT_RAW,0,0,0,0,0,0,0,0,1000,1000,1000,1000,0,0,0,0,0
2025-12-15 00:55:14.790,SERVO_OUTPUT_RAW,1270009797,SERVO_OUTPUT_RAW,0,0,0,0,0,0,0,0,1000,1000,1000,1000,0,0,0,0,0
2025-12-15 00:55:14.890,SERVO_OUTPUT_RAW,1270109809,SERVO_OUTPUT_RAW,0,0,0,0,0,0,0,0,1000,1000,1000,1000,0,0,0,0,0
2025-12-15 00:55:14.990,SERVO_OUTPUT_RAW,1270209790,SERVO_OUTPUT_RAW,0,0,0,0,0,0,0,0,1000,1000,1000,1000,0,0,0,0,0
2025-12-15 00:55:15.090,SERVO_OUTPUT_RAW,1270309778,SERVO_OUTPUT_RAW,0,0,0,0,0,0,0,0,1000,1000,1000,1000,0,0,0,0,0
2025-12-15 00:55:15.190,SERVO_OUTPUT_RAW,1270409789,SERVO_OUTPUT_RAW,0,0,0,0,0,0,0,0,1000,1000,1000,1000,0,0,0,0,0
2025-12-15 00:55:15.290,SERVO_OUTPUT_RAW,1270509794,SERVO_OUTPUT_RAW,0,0,0,0,0,0,0,0,1000,1000,1000,1000,0,0,0,0,0
2025-12-15 00:55:15.390,SERVO_OUTPUT_RAW,1270609823,SERVO_OUTPUT_RAW,0,0,0,0,0,0,0,0,1000,1000,1000,1000,0,0,0,0,0
2025-12-15 00:55:15.490,SERVO_OUTPUT_RAW,1270709869,SERVO_OUTPUT_RAW,0,0,0,0,0,0,0,0,1000,1000,1000,1000,0,0,0,0,0
2025-12-15 00:55:15.590,SERVO_OUTPUT_RAW,1270809800,SERVO_OUTPUT_RAW,0,0,0,0,0,0,0,0,1000,1000,1000,1000,0,0,0,0,0
2025-12-15 00:55:15.690,SERVO_OUTPUT_RAW,1270909808,SERVO_OUTPUT_RAW,0,0,0,0,0,0,0,0,1000,1000,1000,1000,0,0,0,0,0
2025-12-15 00:55:15.790,SERVO_OUTPUT_RAW,1271009926,SERVO_OUTPUT_RAW,0,0,0,0,0,0,0,0,1000,1000,1000,1000,0,0,0,0,0
2025-12-15 00:55:15.890,SERVO_OUTPUT_RAW,1271109862,SERVO_OUTPUT_RAW,0,0,0,0,0,0,0,0,1000,1000,1000,1000,0,0,0,0,0
2025-12-15 00:55:15.990,SERVO_OUTPUT_RAW,1271209841,SERVO_OUTPUT_RAW,0,0,0,0,0,0,0,0,1000,1000,1000,1000,0,0,0,0,0
2025-12-15 00:55:16.090,SERVO_OUTPUT_RAW,1271309778,SERVO_OUTPUT_RAW,0,0,0,0,0,0,0,0,1000,1000,1000,1000,0,0,0,0,0
2025-12-15 00:55:16.190,SERVO_OUTPUT_RAW,1271409928,SERVO_OUTPUT_RAW,0,0,0,0,0,0,0,0,1000,1000,1000,1000,0,0,0,0,0
2025-12-15 00:55:16.290,SERVO_OUTPUT_RAW,1271509804,SERVO_OUTPUT_RAW,0,0,0,0,0,0,0,0,1000,1000,1000,1000,0,0,0,0,0
2025-12-15 00:55:16.390,SERVO_OUTPUT_RAW,1271609776,SERVO_OUTPUT_RAW,0,0,0,0,0,0,0,0,1000,1000,1000,1000,0,0,0,0,0
2025-12-15 00:55:16.490,SERVO_OUTPUT_RAW,1271709803,SERVO_OUTPUT_RAW,0,0,0,0,0,0,0,0,1000,1000,1000,1000,0,0,0,0,0
2025-12-15 00:55:16.590,SERVO_OUTPUT_RAW,1271809791,SERVO_OUTPUT_RAW,0,0,0,0,0,0,0,0,1000,1000,1000,1000,0,0,0,0,0
2025-12-15 00:55:16.690,SERVO_OUTPUT_RAW,1271909804,SERVO_OUTPUT_RAW,0,0,0,0,0,0,0,0,1000,1000,1000,1000,0,0,0,0,0
2025-12-15 00:55:16.790,SERVO_OUTPUT_RAW,1272009800,SERVO_OUTPUT_RAW,0,0,0,0,0,0,0,0,1000,1000,1000,1000,0,0,0,0,0
2025-12-15 00:55:16.889,SERVO_OUTPUT_RAW,1272109790,SERVO_OUTPUT_RAW,0,0,0,0,0,0,0,0,1000,1000,1000,1000,0,0,0,0,0
2025-12-15 00:55:16.990,SERVO_OUTPUT_RAW,1272209828,SERVO_OUTPUT_RAW,0,0,0,0,0,0,0,0,1000,1000,1000,1000,0,0,0,0,0
2025-12-15 00:55:17.090,SERVO_OUTPUT_RAW,1272309802,SERVO_OUTPUT_RAW,0,0,0,0,0,0,0,0,1000,1000,1000,1000,0,0,0,0,0
2025-12-15 00:55:17.190,SERVO_OUTPUT_RAW,1272409858,SERVO_OUTPUT_RAW,0,0,0,0,0,0,0,0,1000,1000,1000,1000,0,0,0,0,0
2025-12-15 00:55:17.290,SERVO_OUTPUT_RAW,1272509828,SERVO_OUTPUT_RAW,0,0,0,0,0,0,0,0,1000,1000,1000,1000,0,0,0,0,0
2025-12-15 00:55:17.448,SERVO_OUTPUT_RAW,1272609828,SERVO_OUTPUT_RAW,0,0,0,0,0,0,0,0,1000,1000,1000,1000,0,0,0,0,0
2025-12-15 00:55:17.490,SERVO_OUTPUT_RAW,1272709840,SERVO_OUTPUT_RAW,0,0,0,0,0,0,0,0,1000,1000,1000,1000,0,0,0,0,0
2025-12-15 00:55:17.590,SERVO_OUTPUT_RAW,1272809831,SERVO_OUTPUT_RAW,0,0,0,0,0,0,0,0,1000,1000,1000,1000,0,0,0,0,0
2025-12-15 00:55:17.690,SERVO_OUTPUT_RAW,1272909785,SERVO_OUTPUT_RAW,0,0,0,0,0,0,0,0,1000,1000,1000,1000,0,0,0,0,0
2025-12-15 00:55:17.790,SERVO_OUTPUT_RAW,1273009872,SERVO_OUTPUT_RAW,0,0,0,0,0,0,0,0,1000,1000,1000,1000,0,0,0,0,0
2025-12-15 00:55:17.890,SERVO_OUTPUT_RAW,1273109817,SERVO_OUTPUT_RAW,0,0,0,0,0,0,0,0,1000,1000,1000,1000,0,0,0,0,0
2025-12-15 00:55:17.990,SERVO_OUTPUT_RAW,1273209783,SERVO_OUTPUT_RAW,0,0,0,0,0,0,0,0,1000,1000,1000,1000,0,0,0,0,0
2025-12-15 00:55:18.089,SERVO_OUTPUT_RAW,1273309786,SERVO_OUTPUT_RAW,0,0,0,0,0,0,0,0,1000,1000,1000,1000,0,0,0,0,0
2025-12-15 00:55:18.189,SERVO_OUTPUT_RAW,1273409801,SERVO_OUTPUT_RAW,0,0,0,0,0,0,0,0,1000,1000,1000,1000,0,0,0,0,0
2025-12-15 00:55:18.289,SERVO_OUTPUT_RAW,1273509848,SERVO_OUTPUT_RAW,0,0,0,0,0,0,0,0,1000,1000,1000,1000,0,0,0,0,0
2025-12-15 00:55:18.389,SERVO_OUTPUT_RAW,1273609807,SERVO_OUTPUT_RAW,0,0,0,0,0,0,0,0,1000,1000,1000,1000,0,0,0,0,0
2025-12-15 00:55:18.492,SERVO_OUTPUT_RAW,1273709826,SERVO_OUTPUT_RAW,0,0,0,0,0,0,0,0,1000,1000,1000,1000,0,0,0,0,0
2025-12-15 00:55:18.592,SERVO_OUTPUT_RAW,1273809825,SERVO_OUTPUT_RAW,0,0,0,0,0,0,0,0,1000,1000,1000,1000,0,0,0,0,0
2025-12-15 00:55:18.692,SERVO_OUTPUT_RAW,1273909851,SERVO_OUTPUT_RAW,0,0,0,0,0,0,0,0,1000,1000,1000,1000,0,0,0,0,0
2025-12-15 00:55:18.792,SERVO_OUTPUT_RAW,1274009794,SERVO_OUTPUT_RAW,0,0,0,0,0,0,0,0,1000,1000,1000,1000,0,0,0,0,0
2025-12-15 00:55:18.892,SERVO_OUTPUT_RAW,1274109814,SERVO_OUTPUT_RAW,0,0,0,0,0,0,0,0,1000,1000,1000,1000,0,0,0,0,0
2025-12-15 00:55:18.992,SERVO_OUTPUT_RAW,1274209839,SERVO_OUTPUT_RAW,0,0,0,0,0,0,0,0,1000,1000,1000,1000,0,0,0,0,0
2025-12-15 00:55:19.092,SERVO_OUTPUT_RAW,1274309772,SERVO_OUTPUT_RAW,0,0,0,0,0,0,0,0,1000,1000,1000,1000,0,0,0,0,0
2025-12-15 00:55:19.192,SERVO_OUTPUT_RAW,1274409796,SERVO_OUTPUT_RAW,0,0,0,0,0,0,0,0,1000,1000,1000,1000,0,0,0,0,0
2025-12-15 00:55:19.292,SERVO_OUTPUT_RAW,1274509810,SERVO_OUTPUT_RAW,0,0,0,0,0,0,0,0,1000,1000,1000,1000,0,0,0,0,0
2025-12-15 00:55:19.392,SERVO_OUTPUT_RAW,1274609840,SERVO_OUTPUT_RAW,0,0,0,0,0,0,0,0,1000,1000,1000,1000,0,0,0,0,0
2025-12-15 00:55:19.492,SERVO_OUTPUT_RAW,1274709785,SERVO_OUTPUT_RAW,0,0,0,0,0,0,0,0,1000,1000,1000,1000,0,0,0,0,0
2025-12-15 00:55:19.592,SERVO_OUTPUT_RAW,1274809781,SERVO_OUTPUT_RAW,0,0,0,0,0,0,0,0,1000,1000,1000,1000,0,0,0,0,0
2025-12-15 00:55:19.692,SERVO_OUTPUT_RAW,1274909808,SERVO_OUTPUT_RAW,0,0,0,0,0,0,0,0,1000,1000,1000,1000,0,0,0,0,0
2025-12-15 00:55:19.792,SERVO_OUTPUT_RAW,1275009787,SERVO_OUTPUT_RAW,0,0,0,0,0,0,0,0,1000,1000,1000,1000,0,0,0,0,0
2025-12-15 00:55:19.892,SERVO_OUTPUT_RAW,1275109785,SERVO_OUTPUT_RAW,0,0,0,0,0,0,0,0,1000,1000,1000,1000,0,0,0,0,0
2025-12-15 00:55:19.992,SERVO_OUTPUT_RAW,1275209792,SERVO_OUTPUT_RAW,0,0,0,0,0,0,0,0,1000,1000,1000,1000,0,0,0,0,0
2025-12-15 00:55:20.092,SERVO_OUTPUT_RAW,1275309827,SERVO_OUTPUT_RAW,0,0,0,0,0,0,0,0,1000,1000,1000,1000,0,0,0,0,0
2025-12-15 00:55:20.192,SERVO_OUTPUT_RAW,1275409798,SERVO_OUTPUT_RAW,0,0,0,0,0,0,0,0,1000,1000,1000,1000,0,0,0,0,0
2025-12-15 00:55:20.292,SERVO_OUTPUT_RAW,1275512142,SERVO_OUTPUT_RAW,0,0,0,0,0,0,0,0,1000,1000,1000,1000,0,0,0,0,0
2025-12-15 00:55:20.392,SERVO_OUTPUT_RAW,1275612213,SERVO_OUTPUT_RAW,0,0,0,0,0,0,0,0,1000,1000,1000,1000,0,0,0,0,0
2025-12-15 00:55:20.492,SERVO_OUTPUT_RAW,1275709820,SERVO_OUTPUT_RAW,0,0,0,0,0,0,0,0,1000,1000,1000,1000,0,0,0,0,0
2025-12-15 00:55:20.592,SERVO_OUTPUT_RAW,1275809839,SERVO_OUTPUT_RAW,0,0,0,0,0,0,0,0,1000,1000,1000,1000,0,0,0,0,0
2025-12-15 00:55:20.693,SERVO_OUTPUT_RAW,1275909856,SERVO_OUTPUT_RAW,0,0,0,0,0,0,0,0,1000,1000,1000,1000,0,0,0,0,0
2025-12-15 00:55:20.793,SERVO_OUTPUT_RAW,1276009789,SERVO_OUTPUT_RAW,0,0,0,0,0,0,0,0,1000,1000,1000,1000,0,0,0,0,0
2025-12-15 00:55:20.892,SERVO_OUTPUT_RAW,1276109826,SERVO_OUTPUT_RAW,0,0,0,0,0,0,0,0,1000,1000,1000,1000,0,0,0,0,0
2025-12-15 00:55:20.992,SERVO_OUTPUT_RAW,1276209818,SERVO_OUTPUT_RAW,0,0,0,0,0,0,0,0,1000,1000,1000,1000,0,0,0,0,0
2025-12-15 00:55:21.092,SERVO_OUTPUT_RAW,1276309788,SERVO_OUTPUT_RAW,0,0,0,0,0,0,0,0,1000,1000,1000,1000,0,0,0,0,0
2025-12-15 00:55:21.192,SERVO_OUTPUT_RAW,1276409804,SERVO_OUTPUT_RAW,0,0,0,0,0,0,0,0,1000,1000,1000,1000,0,0,0,0,0
2025-12-15 00:55:21.292,SERVO_OUTPUT_RAW,1276509799,SERVO_OUTPUT_RAW,0,0,0,0,0,0,0,0,1000,1000,1000,1000,0,0,0,0,0
2025-12-15 00:55:21.392,SERVO_OUTPUT_RAW,1276609812,SERVO_OUTPUT_RAW,0,0,0,0,0,0,0,0,1000,1000,1000,1000,0,0,0,0,0
2025-12-15 00:55:21.493,SERVO_OUTPUT_RAW,1276709792,SERVO_OUTPUT_RAW,0,0,0,0,0,0,0,0,1000,1000,1000,1000,0,0,0,0,0
2025-12-15 00:55:21.592,SERVO_OUTPUT_RAW,1276809809,SERVO_OUTPUT_RAW,0,0,0,0,0,0,0,0,1000,1000,1000,1000,0,0,0,0,0
2025-12-15 00:55:21.692,SERVO_OUTPUT_RAW,1276912137,SERVO_OUTPUT_RAW,0,0,0,0,0,0,0,0,1000,1000,1000,1000,0,0,0,0,0
2025-12-15 00:55:21.792,SERVO_OUTPUT_RAW,1277009787,SERVO_OUTPUT_RAW,0,0,0,0,0,0,0,0,1000,1000,1000,1000,0,0,0,0,0
2025-12-15 00:55:21.892,SERVO_OUTPUT_RAW,1277109802,SERVO_OUTPUT_RAW,0,0,0,0,0,0,0,0,1000,1000,1000,1000,0,0,0,0,0
2025-12-15 00:55:21.992,SERVO_OUTPUT_RAW,1277209801,SERVO_OUTPUT_RAW,0,0,0,0,0,0,0,0,1000,1000,1000,1000,0,0,0,0,0
2025-12-15 00:55:22.092,SERVO_OUTPUT_RAW,1277309848,SERVO_OUTPUT_RAW,0,0,0,0,0,0,0,0,1000,1000,1000,1000,0,0,0,0,0
2025-12-15 00:55:22.192,SERVO_OUTPUT_RAW,1277409840,SERVO_OUTPUT_RAW,0,0,0,0,0,0,0,0,1000,1000,1000,1000,0,0,0,0,0
2025-12-15 00:55:22.292,SERVO_OUTPUT_RAW,1277509876,SERVO_OUTPUT_RAW,0,0,0,0,0,0,0,0,1000,1000,1000,1000,0,0,0,0,0
2025-12-15 00:55:22.393,SERVO_OUTPUT_RAW,1277609797,SERVO_OUTPUT_RAW,0,0,0,0,0,0,0,0,1000,1000,1000,1000,0,0,0,0,0
2025-12-15 00:55:22.493,SERVO_OUTPUT_RAW,1277709876,SERVO_OUTPUT_RAW,0,0,0,0,0,0,0,0,1000,1000,1000,1000,0,0,0,0,0
2025-12-15 00:55:22.592,SERVO_OUTPUT_RAW,1277809812,SERVO_OUTPUT_RAW,0,0,0,0,0,0,0,0,1000,1000,1000,1000,0,0,0,0,0
2025-12-15 00:55:22.692,SERVO_OUTPUT_RAW,1277909778,SERVO_OUTPUT_RAW,0,0,0,0,0,0,0,0,1000,1000,1000,1000,0,0,0,0,0
2025-12-15 00:55:22.792,SERVO_OUTPUT_RAW,1278009788,SERVO_OUTPUT_RAW,0,0,0,0,0,0,0,0,1000,1000,1000,1000,0,0,0,0,0
2025-12-15 00:55:22.892,SERVO_OUTPUT_RAW,1278109787,SERVO_OUTPUT_RAW,0,0,0,0,0,0,0,0,1000,1000,1000,1000,0,0,0,0,0
2025-12-15 00:55:22.992,SERVO_OUTPUT_RAW,1278209800,SERVO_OUTPUT_RAW,0,0,0,0,0,0,0,0,1000,1000,1000,1000,0,0,0,0,0
2025-12-15 00:55:23.092,SERVO_OUTPUT_RAW,1278309787,SERVO_OUTPUT_RAW,0,0,0,0,0,0,0,0,1000,1000,1000,1000,0,0,0,0,0
2025-12-15 00:55:23.192,SERVO_OUTPUT_RAW,1278409807,SERVO_OUTPUT_RAW,0,0,0,0,0,0,0,0,1000,1000,1000,1000,0,0,0,0,0
2025-12-15 00:55:23.293,SERVO_OUTPUT_RAW,1278512133,SERVO_OUTPUT_RAW,0,0,0,0,0,0,0,0,1000,1000,1000,1000,0,0,0,0,0
2025-12-15 00:55:23.392,SERVO_OUTPUT_RAW,1278609848,SERVO_OUTPUT_RAW,0,0,0,0,0,0,0,0,1000,1000,1000,1000,0,0,0,0,0
2025-12-15 00:55:23.492,SERVO_OUTPUT_RAW,1278709822,SERVO_OUTPUT_RAW,0,0,0,0,0,0,0,0,1000,1000,1000,1000,0,0,0,0,0
2025-12-15 00:55:23.592,SERVO_OUTPUT_RAW,1278809840,SERVO_OUTPUT_RAW,0,0,0,0,0,0,0,0,1000,1000,1000,1000,0,0,0,0,0
2025-12-15 00:55:23.693,SERVO_OUTPUT_RAW,1278909850,SERVO_OUTPUT_RAW,0,0,0,0,0,0,0,0,1000,1000,1000,1000,0,0,0,0,0
2025-12-15 00:55:23.792,SERVO_OUTPUT_RAW,1279009844,SERVO_OUTPUT_RAW,0,0,0,0,0,0,0,0,1000,1000,1000,1000,0,0,0,0,0
2025-12-15 00:55:23.892,SERVO_OUTPUT_RAW,1279109799,SERVO_OUTPUT_RAW,0,0,0,0,0,0,0,0,1000,1000,1000,1000,0,0,0,0,0
2025-12-15 00:55:23.992,SERVO_OUTPUT_RAW,1279209805,SERVO_OUTPUT_RAW,0,0,0,0,0,0,0,0,1000,1000,1000,1000,0,0,0,0,0
2025-12-15 00:55:24.093,SERVO_OUTPUT_RAW,1279309816,SERVO_OUTPUT_RAW,0,0,0,0,0,0,0,0,1000,1000,1000,1000,0,0,0,0,0
2025-12-15 00:55:24.192,SERVO_OUTPUT_RAW,1279409782,SERVO_OUTPUT_RAW,0,0,0,0,0,0,0,0,1000,1000,1000,1000,0,0,0,0,0
2025-12-15 00:55:24.292,SERVO_OUTPUT_RAW,1279509784,SERVO_OUTPUT_RAW,0,0,0,0,0,0,0,0,1000,1000,1000,1000,0,0,0,0,0
2025-12-15 00:55:24.392,SERVO_OUTPUT_RAW,1279609788,SERVO_OUTPUT_RAW,0,0,0,0,0,0,0,0,1000,1000,1000,1000,0,0,0,0,0
2025-12-15 00:55:24.492,SERVO_OUTPUT_RAW,1279709786,SERVO_OUTPUT_RAW,0,0,0,0,0,0,0,0,1000,1000,1000,1000,0,0,0,0,0
2025-12-15 00:55:24.593,SERVO_OUTPUT_RAW,1279809883,SERVO_OUTPUT_RAW,0,0,0,0,0,0,0,0,1000,1000,1000,1000,0,0,0,0,0
2025-12-15 00:55:24.693,SERVO_OUTPUT_RAW,1279909817,SERVO_OUTPUT_RAW,0,0,0,0,0,0,0,0,1000,1000,1000,1000,0,0,0,0,0
2025-12-15 00:55:24.792,SERVO_OUTPUT_RAW,1280009843,SERVO_OUTPUT_RAW,0,0,0,0,0,0,0,0,1000,1000,1000,1000,0,0,0,0,0
2025-12-15 00:55:24.893,SERVO_OUTPUT_RAW,1280109843,SERVO_OUTPUT_RAW,0,0,0,0,0,0,0,0,1000,1000,1000,1000,0,0,0,0,0
2025-12-15 00:55:24.992,SERVO_OUTPUT_RAW,1280209803,SERVO_OUTPUT_RAW,0,0,0,0,0,0,0,0,1000,1000,1000,1000,0,0,0,0,0
2025-12-15 00:55:25.093,SERVO_OUTPUT_RAW,1280309824,SERVO_OUTPUT_RAW,0,0,0,0,0,0,0,0,1000,1000,1000,1000,0,0,0,0,0
2025-12-15 00:55:25.193,SERVO_OUTPUT_RAW,1280409875,SERVO_OUTPUT_RAW,0,0,0,0,0,0,0,0,1000,1000,1000,1000,0,0,0,0,0
2025-12-15 00:55:25.292,SERVO_OUTPUT_RAW,1280509841,SERVO_OUTPUT_RAW,0,0,0,0,0,0,0,0,1000,1000,1000,1000,0,0,0,0,0
2025-12-15 00:55:25.393,SERVO_OUTPUT_RAW,1280609817,SERVO_OUTPUT_RAW,0,0,0,0,0,0,0,0,1000,1000,1000,1000,0,0,0,0,0
2025-12-15 00:55:25.493,SERVO_OUTPUT_RAW,1280709803,SERVO_OUTPUT_RAW,0,0,0,0,0,0,0,0,1000,1000,1000,1000,0,0,0,0,0
2025-12-15 00:55:25.593,SERVO_OUTPUT_RAW,1280809828,SERVO_OUTPUT_RAW,0,0,0,0,0,0,0,0,1000,1000,1000,1000,0,0,0,0,0
2025-12-15 00:55:25.693,SERVO_OUTPUT_RAW,1280909826,SERVO_OUTPUT_RAW,0,0,0,0,0,0,0,0,1000,1000,1000,1000,0,0,0,0,0
2025-12-15 00:55:25.793,SERVO_OUTPUT_RAW,1281009773,SERVO_OUTPUT_RAW,0,0,0,0,0,0,0,0,1000,1000,1000,1000,0,0,0,0,0
2025-12-15 00:55:25.893,SERVO_OUTPUT_RAW,1281109794,SERVO_OUTPUT_RAW,0,0,0,0,0,0,0,0,1000,1000,1000,1000,0,0,0,0,0
2025-12-15 00:55:25.993,SERVO_OUTPUT_RAW,1281209786,SERVO_OUTPUT_RAW,0,0,0,0,0,0,0,0,1000,1000,1000,1000,0,0,0,0,0
2025-12-15 00:55:26.093,SERVO_OUTPUT_RAW,1281309790,SERVO_OUTPUT_RAW,0,0,0,0,0,0,0,0,1000,1000,1000,1000,0,0,0,0,0
2025-12-15 00:55:26.193,SERVO_OUTPUT_RAW,1281409797,SERVO_OUTPUT_RAW,0,0,0,0,0,0,0,0,1000,1000,1000,1000,0,0,0,0,0
2025-12-15 00:55:26.293,SERVO_OUTPUT_RAW,1281509805,SERVO_OUTPUT_RAW,0,0,0,0,0,0,0,0,1000,1000,1000,1000,0,0,0,0,0
2025-12-15 00:55:26.393,SERVO_OUTPUT_RAW,1281609823,SERVO_OUTPUT_RAW,0,0,0,0,0,0,0,0,1000,1000,1000,1000,0,0,0,0,0
2025-12-15 00:55:26.493,SERVO_OUTPUT_RAW,1281709850,SERVO_OUTPUT_RAW,0,0,0,0,0,0,0,0,1000,1000,1000,1000,0,0,0,0,0
2025-12-15 00:55:26.593,SERVO_OUTPUT_RAW,1281812132,SERVO_OUTPUT_RAW,0,0,0,0,0,0,0,0,1000,1000,1000,1000,0,0,0,0,0
2025-12-15 00:55:26.693,SERVO_OUTPUT_RAW,1281912117,SERVO_OUTPUT_RAW,0,0,0,0,0,0,0,0,1000,1000,1000,1000,0,0,0,0,0
2025-12-15 00:55:26.793,SERVO_OUTPUT_RAW,1282009837,SERVO_OUTPUT_RAW,0,0,0,0,0,0,0,0,1000,1000,1000,1000,0,0,0,0,0
2025-12-15 00:55:26.893,SERVO_OUTPUT_RAW,1282109840,SERVO_OUTPUT_RAW,0,0,0,0,0,0,0,0,1000,1000,1000,1000,0,0,0,0,0
2025-12-15 00:55:26.993,SERVO_OUTPUT_RAW,1282209782,SERVO_OUTPUT_RAW,0,0,0,0,0,0,0,0,1000,1000,1000,1000,0,0,0,0,0
2025-12-15 00:55:27.093,SERVO_OUTPUT_RAW,1282309811,SERVO_OUTPUT_RAW,0,0,0,0,0,0,0,0,1000,1000,1000,1000,0,0,0,0,0
2025-12-15 00:55:27.193,SERVO_OUTPUT_RAW,1282409803,SERVO_OUTPUT_RAW,0,0,0,0,0,0,0,0,1000,1000,1000,1000,0,0,0,0,0
2025-12-15 00:55:27.293,SERVO_OUTPUT_RAW,1282509775,SERVO_OUTPUT_RAW,0,0,0,0,0,0,0,0,1000,1000,1000,1000,0,0,0,0,0
2025-12-15 00:55:27.395,SERVO_OUTPUT_RAW,1282609772,SERVO_OUTPUT_RAW,0,0,0,0,0,0,0,0,1000,1000,1000,1000,0,0,0,0,0
2025-12-15 00:55:27.493,SERVO_OUTPUT_RAW,1282709810,SERVO_OUTPUT_RAW,0,0,0,0,0,0,0,0,1000,1000,1000,1000,0,0,0,0,0
2025-12-15 00:55:27.590,SERVO_OUTPUT_RAW,1282809797,SERVO_OUTPUT_RAW,0,0,0,0,0,0,0,0,1000,1000,1000,1000,0,0,0,0,0
2025-12-15 00:55:27.690,SERVO_OUTPUT_RAW,1282909788,SERVO_OUTPUT_RAW,0,0,0,0,0,0,0,0,1000,1000,1000,1000,0,0,0,0,0
2025-12-15 00:55:27.790,SERVO_OUTPUT_RAW,1283009811,SERVO_OUTPUT_RAW,0,0,0,0,0,0,0,0,1000,1000,1000,1000,0,0,0,0,0
2025-12-15 00:55:27.890,SERVO_OUTPUT_RAW,1283109823,SERVO_OUTPUT_RAW,0,0,0,0,0,0,0,0,1000,1000,1000,1000,0,0,0,0,0
2025-12-15 00:55:27.990,SERVO_OUTPUT_RAW,1283209802,SERVO_OUTPUT_RAW,0,0,0,0,0,0,0,0,1000,1000,1000,1000,0,0,0,0,0
2025-12-15 00:55:28.090,SERVO_OUTPUT_RAW,1283309891,SERVO_OUTPUT_RAW,0,0,0,0,0,0,0,0,1000,1000,1000,1000,0,0,0,0,0
2025-12-15 00:55:28.190,SERVO_OUTPUT_RAW,1283409807,SERVO_OUTPUT_RAW,0,0,0,0,0,0,0,0,1000,1000,1000,1000,0,0,0,0,0
2025-12-15 00:55:28.290,SERVO_OUTPUT_RAW,1283509831,SERVO_OUTPUT_RAW,0,0,0,0,0,0,0,0,1000,1000,1000,1000,0,0,0,0,0
2025-12-15 00:55:28.390,SERVO_OUTPUT_RAW,1283609853,SERVO_OUTPUT_RAW,0,0,0,0,0,0,0,0,1000,1000,1000,1000,0,0,0,0,0
2025-12-15 00:55:28.490,SERVO_OUTPUT_RAW,1283709777,SERVO_OUTPUT_RAW,0,0,0,0,0,0,0,0,1000,1000,1000,1000,0,0,0,0,0
2025-12-15 00:55:28.590,SERVO_OUTPUT_RAW,1283809788,SERVO_OUTPUT_RAW,0,0,0,0,0,0,0,0,1000,1000,1000,1000,0,0,0,0,0
2025-12-15 00:55:28.690,SERVO_OUTPUT_RAW,1283909812,SERVO_OUTPUT_RAW,0,0,0,0,0,0,0,0,1000,1000,1000,1000,0,0,0,0,0
2025-12-15 00:55:28.790,SERVO_OUTPUT_RAW,1284009866,SERVO_OUTPUT_RAW,0,0,0,0,0,0,0,0,1000,1000,1000,1000,0,0,0,0,0
2025-12-15 00:55:28.890,SERVO_OUTPUT_RAW,1284109784,SERVO_OUTPUT_RAW,0,0,0,0,0,0,0,0,1000,1000,1000,1000,0,0,0,0,0
2025-12-15 00:55:28.990,SERVO_OUTPUT_RAW,1284209791,SERVO_OUTPUT_RAW,0,0,0,0,0,0,0,0,1000,1000,1000,1000,0,0,0,0,0
2025-12-15 00:55:29.090,SERVO_OUTPUT_RAW,1284309804,SERVO_OUTPUT_RAW,0,0,0,0,0,0,0,0,1000,1000,1000,1000,0,0,0,0,0
2025-12-15 00:55:29.190,SERVO_OUTPUT_RAW,1284409794,SERVO_OUTPUT_RAW,0,0,0,0,0,0,0,0,1000,1000,1000,1000,0,0,0,0,0
2025-12-15 00:55:29.290,SERVO_OUTPUT_RAW,1284509800,SERVO_OUTPUT_RAW,0,0,0,0,0,0,0,0,1000,1000,1000,1000,0,0,0,0,0
2025-12-15 00:55:29.390,SERVO_OUTPUT_RAW,1284609810,SERVO_OUTPUT_RAW,0,0,0,0,0,0,0,0,1000,1000,1000,1000,0,0,0,0,0
2025-12-15 00:55:29.490,SERVO_OUTPUT_RAW,1284709833,SERVO_OUTPUT_RAW,0,0,0,0,0,0,0,0,1000,1000,1000,1000,0,0,0,0,0
2025-12-15 00:55:29.590,SERVO_OUTPUT_RAW,1284809837,SERVO_OUTPUT_RAW,0,0,0,0,0,0,0,0,1000,1000,1000,1000,0,0,0,0,0
2025-12-15 00:55:29.690,SERVO_OUTPUT_RAW,1284909783,SERVO_OUTPUT_RAW,0,0,0,0,0,0,0,0,1000,1000,1000,1000,0,0,0,0,0
2025-12-15 00:55:29.790,SERVO_OUTPUT_RAW,1285009806,SERVO_OUTPUT_RAW,0,0,0,0,0,0,0,0,1000,1000,1000,1000,0,0,0,0,0
2025-12-15 00:55:29.890,SERVO_OUTPUT_RAW,1285109830,SERVO_OUTPUT_RAW,0,0,0,0,0,0,0,0,1000,1000,1000,1000,0,0,0,0,0
2025-12-15 00:55:29.990,SERVO_OUTPUT_RAW,1285209860,SERVO_OUTPUT_RAW,0,0,0,0,0,0,0,0,1000,1000,1000,1000,0,0,0,0,0
2025-12-15 00:55:30.090,SERVO_OUTPUT_RAW,1285309822,SERVO_OUTPUT_RAW,0,0,0,0,0,0,0,0,1000,1000,1000,1000,0,0,0,0,0
2025-12-15 00:55:30.190,SERVO_OUTPUT_RAW,1285409810,SERVO_OUTPUT_RAW,0,0,0,0,0,0,0,0,1000,1000,1000,1000,0,0,0,0,0
2025-12-15 00:55:30.290,SERVO_OUTPUT_RAW,1285509818,SERVO_OUTPUT_RAW,0,0,0,0,0,0,0,0,1000,1000,1000,1000,0,0,0,0,0
2025-12-15 00:55:30.390,SERVO_OUTPUT_RAW,1285609843,SERVO_OUTPUT_RAW,0,0,0,0,0,0,0,0,1000,1000,1000,1000,0,0,0,0,0
2025-12-15 00:55:30.490,SERVO_OUTPUT_RAW,1285709787,SERVO_OUTPUT_RAW,0,0,0,0,0,0,0,0,1000,1000,1000,1000,0,0,0,0,0
2025-12-15 00:55:30.590,SERVO_OUTPUT_RAW,1285809796,SERVO_OUTPUT_RAW,0,0,0,0,0,0,0,0,1000,1000,1000,1000,0,0,0,0,0
2025-12-15 00:55:30.690,SERVO_OUTPUT_RAW,1285909778,SERVO_OUTPUT_RAW,0,0,0,0,0,0,0,0,1000,1000,1000,1000,0,0,0,0,0
2025-12-15 00:55:30.790,SERVO_OUTPUT_RAW,1286009783,SERVO_OUTPUT_RAW,0,0,0,0,0,0,0,0,1000,1000,1000,1000,0,0,0,0,0
2025-12-15 00:55:30.892,SERVO_OUTPUT_RAW,1286112145,SERVO_OUTPUT_RAW,0,0,0,0,0,0,0,0,1000,1000,1000,1000,0,0,0,0,0
2025-12-15 00:55:30.990,SERVO_OUTPUT_RAW,1286209855,SERVO_OUTPUT_RAW,0,0,0,0,0,0,0,0,1000,1000,1000,1000,0,0,0,0,0
2025-12-15 00:55:31.090,SERVO_OUTPUT_RAW,1286309857,SERVO_OUTPUT_RAW,0,0,0,0,0,0,0,0,1000,1000,1000,1000,0,0,0,0,0
2025-12-15 00:55:31.190,SERVO_OUTPUT_RAW,1286409849,SERVO_OUTPUT_RAW,0,0,0,0,0,0,0,0,1000,1000,1000,1000,0,0,0,0,0
2025-12-15 00:55:31.290,SERVO_OUTPUT_RAW,1286509795,SERVO_OUTPUT_RAW,0,0,0,0,0,0,0,0,1000,1000,1000,1000,0,0,0,0,0
2025-12-15 00:55:31.390,SERVO_OUTPUT_RAW,1286609839,SERVO_OUTPUT_RAW,0,0,0,0,0,0,0,0,1000,1000,1000,1000,0,0,0,0,0
2025-12-15 00:55:31.490,SERVO_OUTPUT_RAW,1286709841,SERVO_OUTPUT_RAW,0,0,0,0,0,0,0,0,1000,1000,1000,1000,0,0,0,0,0
2025-12-15 00:55:31.590,SERVO_OUTPUT_RAW,1286809844,SERVO_OUTPUT_RAW,0,0,0,0,0,0,0,0,1000,1000,1000,1000,0,0,0,0,0
2025-12-15 00:55:31.690,SERVO_OUTPUT_RAW,1286909782,SERVO_OUTPUT_RAW,0,0,0,0,0,0,0,0,1000,1000,1000,1000,0,0,0,0,0
2025-12-15 00:55:31.790,SERVO_OUTPUT_RAW,1287009800,SERVO_OUTPUT_RAW,0,0,0,0,0,0,0,0,1000,1000,1000,1000,0,0,0,0,0
2025-12-15 00:55:31.890,SERVO_OUTPUT_RAW,1287109816,SERVO_OUTPUT_RAW,0,0,0,0,0,0,0,0,1000,1000,1000,1000,0,0,0,0,0
2025-12-15 00:55:31.990,SERVO_OUTPUT_RAW,1287209840,SERVO_OUTPUT_RAW,0,0,0,0,0,0,0,0,1000,1000,1000,1000,0,0,0,0,0
2025-12-15 00:55:32.091,SERVO_OUTPUT_RAW,1287309803,SERVO_OUTPUT_RAW,0,0,0,0,0,0,0,0,1000,1000,1000,1000,0,0,0,0,0
2025-12-15 00:55:32.190,SERVO_OUTPUT_RAW,1287409790,SERVO_OUTPUT_RAW,0,0,0,0,0,0,0,0,1000,1000,1000,1000,0,0,0,0,0
2025-12-15 00:55:32.290,SERVO_OUTPUT_RAW,1287509784,SERVO_OUTPUT_RAW,0,0,0,0,0,0,0,0,1000,1000,1000,1000,0,0,0,0,0
2025-12-15 00:55:32.395,SERVO_OUTPUT_RAW,1287609785,SERVO_OUTPUT_RAW,0,0,0,0,0,0,0,0,1000,1000,1000,1000,0,0,0,0,0
2025-12-15 00:55:32.490,SERVO_OUTPUT_RAW,1287709809,SERVO_OUTPUT_RAW,0,0,0,0,0,0,0,0,1000,1000,1000,1000,0,0,0,0,0
2025-12-15 00:55:32.593,SERVO_OUTPUT_RAW,1287809843,SERVO_OUTPUT_RAW,0,0,0,0,0,0,0,0,1000,1000,1000,1000,0,0,0,0,0
2025-12-15 00:55:32.693,SERVO_OUTPUT_RAW,1287909841,SERVO_OUTPUT_RAW,0,0,0,0,0,0,0,0,1000,1000,1000,1000,0,0,0,0,0
2025-12-15 00:55:32.793,SERVO_OUTPUT_RAW,1288009783,SERVO_OUTPUT_RAW,0,0,0,0,0,0,0,0,1000,1000,1000,1000,0,0,0,0,0
2025-12-15 00:55:32.893,SERVO_OUTPUT_RAW,1288109919,SERVO_OUTPUT_RAW,0,0,0,0,0,0,0,0,1000,1000,1000,1000,0,0,0,0,0
2025-12-15 00:55:32.993,SERVO_OUTPUT_RAW,1288212099,SERVO_OUTPUT_RAW,0,0,0,0,0,0,0,0,1000,1000,1000,1000,0,0,0,0,0
2025-12-15 00:55:33.093,SERVO_OUTPUT_RAW,1288309852,SERVO_OUTPUT_RAW,0,0,0,0,0,0,0,0,1000,1000,1000,1000,0,0,0,0,0
2025-12-15 00:55:33.193,SERVO_OUTPUT_RAW,1288409829,SERVO_OUTPUT_RAW,0,0,0,0,0,0,0,0,1000,1000,1000,1000,0,0,0,0,0
2025-12-15 00:55:33.293,SERVO_OUTPUT_RAW,1288509822,SERVO_OUTPUT_RAW,0,0,0,0,0,0,0,0,1000,1000,1000,1000,0,0,0,0,0
2025-12-15 00:55:33.393,SERVO_OUTPUT_RAW,1288609809,SERVO_OUTPUT_RAW,0,0,0,0,0,0,0,0,1000,1000,1000,1000,0,0,0,0,0
2025-12-15 00:55:33.493,SERVO_OUTPUT_RAW,1288709823,SERVO_OUTPUT_RAW,0,0,0,0,0,0,0,0,1000,1000,1000,1000,0,0,0,0,0
2025-12-15 00:55:33.593,SERVO_OUTPUT_RAW,1288809779,SERVO_OUTPUT_RAW,0,0,0,0,0,0,0,0,1000,1000,1000,1000,0,0,0,0,0
2025-12-15 00:55:33.693,SERVO_OUTPUT_RAW,1288909779,SERVO_OUTPUT_RAW,0,0,0,0,0,0,0,0,1000,1000,1000,1000,0,0,0,0,0
2025-12-15 00:55:33.793,SERVO_OUTPUT_RAW,1289009802,SERVO_OUTPUT_RAW,0,0,0,0,0,0,0,0,1000,1000,1000,1000,0,0,0,0,0
2025-12-15 00:55:33.893,SERVO_OUTPUT_RAW,1289109794,SERVO_OUTPUT_RAW,0,0,0,0,0,0,0,0,1000,1000,1000,1000,0,0,0,0,0
2025-12-15 00:55:33.993,SERVO_OUTPUT_RAW,1289209797,SERVO_OUTPUT_RAW,0,0,0,0,0,0,0,0,1000,1000,1000,1000,0,0,0,0,0
2025-12-15 00:55:34.093,SERVO_OUTPUT_RAW,1289309821,SERVO_OUTPUT_RAW,0,0,0,0,0,0,0,0,1000,1000,1000,1000,0,0,0,0,0
2025-12-15 00:55:34.193,SERVO_OUTPUT_RAW,1289409836,SERVO_OUTPUT_RAW,0,0,0,0,0,0,0,0,1000,1000,1000,1000,0,0,0,0,0
2025-12-15 00:55:34.293,SERVO_OUTPUT_RAW,1289509872,SERVO_OUTPUT_RAW,0,0,0,0,0,0,0,0,1000,1000,1000,1000,0,0,0,0,0
2025-12-15 00:55:34.393,SERVO_OUTPUT_RAW,1289609806,SERVO_OUTPUT_RAW,0,0,0,0,0,0,0,0,1000,1000,1000,1000,0,0,0,0,0
2025-12-15 00:55:34.493,SERVO_OUTPUT_RAW,1289709829,SERVO_OUTPUT_RAW,0,0,0,0,0,0,0,0,1000,1000,1000,1000,0,0,0,0,0
2025-12-15 00:55:34.593,SERVO_OUTPUT_RAW,1289809852,SERVO_OUTPUT_RAW,0,0,0,0,0,0,0,0,1000,1000,1000,1000,0,0,0,0,0
2025-12-15 00:55:34.693,SERVO_OUTPUT_RAW,1289909860,SERVO_OUTPUT_RAW,0,0,0,0,0,0,0,0,1000,1000,1000,1000,0,0,0,0,0
2025-12-15 00:55:34.793,SERVO_OUTPUT_RAW,1290009793,SERVO_OUTPUT_RAW,0,0,0,0,0,0,0,0,1000,1000,1000,1000,0,0,0,0,0
2025-12-15 00:55:34.893,SERVO_OUTPUT_RAW,1290109814,SERVO_OUTPUT_RAW,0,0,0,0,0,0,0,0,1000,1000,1000,1000,0,0,0,0,0
2025-12-15 00:55:34.993,SERVO_OUTPUT_RAW,1290209816,SERVO_OUTPUT_RAW,0,0,0,0,0,0,0,0,1000,1000,1000,1000,0,0,0,0,0
2025-12-15 00:55:35.093,SERVO_OUTPUT_RAW,1290309869,SERVO_OUTPUT_RAW,0,0,0,0,0,0,0,0,1000,1000,1000,1000,0,0,0,0,0
2025-12-15 00:55:35.193,SERVO_OUTPUT_RAW,1290409780,SERVO_OUTPUT_RAW,0,0,0,0,0,0,0,0,1000,1000,1000,1000,0,0,0,0,0
2025-12-15 00:55:35.293,SERVO_OUTPUT_RAW,1290509777,SERVO_OUTPUT_RAW,0,0,0,0,0,0,0,0,1000,1000,1000,1000,0,0,0,0,0
2025-12-15 00:55:35.393,SERVO_OUTPUT_RAW,1290609778,SERVO_OUTPUT_RAW,0,0,0,0,0,0,0,0,1000,1000,1000,1000,0,0,0,0,0
2025-12-15 00:55:35.493,SERVO_OUTPUT_RAW,1290712111,SERVO_OUTPUT_RAW,0,0,0,0,0,0,0,0,1000,1000,1000,1000,0,0,0,0,0
2025-12-15 00:55:35.593,SERVO_OUTPUT_RAW,1290809801,SERVO_OUTPUT_RAW,0,0,0,0,0,0,0,0,1000,1000,1000,1000,0,0,0,0,0
2025-12-15 00:55:35.693,SERVO_OUTPUT_RAW,1290912147,SERVO_OUTPUT_RAW,0,0,0,0,0,0,0,0,1000,1000,1000,1000,0,0,0,0,0
2025-12-15 00:55:35.793,SERVO_OUTPUT_RAW,1291009839,SERVO_OUTPUT_RAW,0,0,0,0,0,0,0,0,1000,1000,1000,1000,0,0,0,0,0
2025-12-15 00:55:35.893,SERVO_OUTPUT_RAW,1291109862,SERVO_OUTPUT_RAW,0,0,0,0,0,0,0,0,1000,1000,1000,1000,0,0,0,0,0
2025-12-15 00:55:35.993,SERVO_OUTPUT_RAW,1291209820,SERVO_OUTPUT_RAW,0,0,0,0,0,0,0,0,1000,1000,1000,1000,0,0,0,0,0
2025-12-15 00:55:36.093,SERVO_OUTPUT_RAW,1291309812,SERVO_OUTPUT_RAW,0,0,0,0,0,0,0,0,1000,1000,1000,1000,0,0,0,0,0
2025-12-15 00:55:36.193,SERVO_OUTPUT_RAW,1291409871,SERVO_OUTPUT_RAW,0,0,0,0,0,0,0,0,1000,1000,1000,1000,0,0,0,0,0
2025-12-15 00:55:36.293,SERVO_OUTPUT_RAW,1291509804,SERVO_OUTPUT_RAW,0,0,0,0,0,0,0,0,1000,1000,1000,1000,0,0,0,0,0
2025-12-15 00:55:36.393,SERVO_OUTPUT_RAW,1291609786,SERVO_OUTPUT_RAW,0,0,0,0,0,0,0,0,1000,1000,1000,1000,0,0,0,0,0
2025-12-15 00:55:36.493,SERVO_OUTPUT_RAW,1291709834,SERVO_OUTPUT_RAW,0,0,0,0,0,0,0,0,1000,1000,1000,1000,0,0,0,0,0
2025-12-15 00:55:36.593,SERVO_OUTPUT_RAW,1291809817,SERVO_OUTPUT_RAW,0,0,0,0,0,0,0,0,1000,1000,1000,1000,0,0,0,0,0
2025-12-15 00:55:36.693,SERVO_OUTPUT_RAW,1291909790,SERVO_OUTPUT_RAW,0,0,0,0,0,0,0,0,1000,1000,1000,1000,0,0,0,0,0
2025-12-15 00:55:36.793,SERVO_OUTPUT_RAW,1292009794,SERVO_OUTPUT_RAW,0,0,0,0,0,0,0,0,1000,1000,1000,1000,0,0,0,0,0
2025-12-15 00:55:36.893,SERVO_OUTPUT_RAW,1292109791,SERVO_OUTPUT_RAW,0,0,0,0,0,0,0,0,1000,1000,1000,1000,0,0,0,0,0
2025-12-15 00:55:36.992,SERVO_OUTPUT_RAW,1292209794,SERVO_OUTPUT_RAW,0,0,0,0,0,0,0,0,1000,1000,1000,1000,0,0,0,0,0
2025-12-15 00:55:37.093,SERVO_OUTPUT_RAW,1292309781,SERVO_OUTPUT_RAW,0,0,0,0,0,0,0,0,1000,1000,1000,1000,0,0,0,0,0
2025-12-15 00:55:37.193,SERVO_OUTPUT_RAW,1292409897,SERVO_OUTPUT_RAW,0,0,0,0,0,0,0,0,1000,1000,1000,1000,0,0,0,0,0
2025-12-15 00:55:37.292,SERVO_OUTPUT_RAW,1292509834,SERVO_OUTPUT_RAW,0,0,0,0,0,0,0,0,1000,1000,1000,1000,0,0,0,0,0
2025-12-15 00:55:37.392,SERVO_OUTPUT_RAW,1292609853,SERVO_OUTPUT_RAW,0,0,0,0,0,0,0,0,1000,1000,1000,1000,0,0,0,0,0
2025-12-15 00:55:37.493,SERVO_OUTPUT_RAW,1292709818,SERVO_OUTPUT_RAW,0,0,0,0,0,0,0,0,1000,1000,1000,1000,0,0,0,0,0
2025-12-15 00:55:37.592,SERVO_OUTPUT_RAW,1292809809,SERVO_OUTPUT_RAW,0,0,0,0,0,0,0,0,1000,1000,1000,1000,0,0,0,0,0
2025-12-15 00:55:37.693,SERVO_OUTPUT_RAW,1292909823,SERVO_OUTPUT_RAW,0,0,0,0,0,0,0,0,1000,1000,1000,1000,0,0,0,0,0
2025-12-15 00:55:37.792,SERVO_OUTPUT_RAW,1293009853,SERVO_OUTPUT_RAW,0,0,0,0,0,0,0,0,1000,1000,1000,1000,0,0,0,0,0
2025-12-15 00:55:37.892,SERVO_OUTPUT_RAW,1293109836,SERVO_OUTPUT_RAW,0,0,0,0,0,0,0,0,1000,1000,1000,1000,0,0,0,0,0
2025-12-15 00:55:37.992,SERVO_OUTPUT_RAW,1293209794,SERVO_OUTPUT_RAW,0,0,0,0,0,0,0,0,1000,1000,1000,1000,0,0,0,0,0
2025-12-15 00:55:38.092,SERVO_OUTPUT_RAW,1293309813,SERVO_OUTPUT_RAW,0,0,0,0,0,0,0,0,1000,1000,1000,1000,0,0,0,0,0
2025-12-15 00:55:38.192,SERVO_OUTPUT_RAW,1293409791,SERVO_OUTPUT_RAW,0,0,0,0,0,0,0,0,1000,1000,1000,1000,0,0,0,0,0
2025-12-15 00:55:38.292,SERVO_OUTPUT_RAW,1293509787,SERVO_OUTPUT_RAW,0,0,0,0,0,0,0,0,1000,1000,1000,1000,0,0,0,0,0
2025-12-15 00:55:38.392,SERVO_OUTPUT_RAW,1293609774,SERVO_OUTPUT_RAW,0,0,0,0,0,0,0,0,1000,1000,1000,1000,0,0,0,0,0
2025-12-15 00:55:38.492,SERVO_OUTPUT_RAW,1293709785,SERVO_OUTPUT_RAW,0,0,0,0,0,0,0,0,1000,1000,1000,1000,0,0,0,0,0
2025-12-15 00:55:38.592,SERVO_OUTPUT_RAW,1293809792,SERVO_OUTPUT_RAW,0,0,0,0,0,0,0,0,1000,1000,1000,1000,0,0,0,0,0
2025-12-15 00:55:38.692,SERVO_OUTPUT_RAW,1293909787,SERVO_OUTPUT_RAW,0,0,0,0,0,0,0,0,1000,1000,1000,1000,0,0,0,0,0
2025-12-15 00:55:38.792,SERVO_OUTPUT_RAW,1294009747,SERVO_OUTPUT_RAW,0,0,0,0,0,0,0,0,1000,1000,1000,1000,0,0,0,0,0
2025-12-15 00:55:38.892,SERVO_OUTPUT_RAW,1294109856,SERVO_OUTPUT_RAW,0,0,0,0,0,0,0,0,1000,1000,1000,1000,0,0,0,0,0
2025-12-15 00:55:38.992,SERVO_OUTPUT_RAW,1294209855,SERVO_OUTPUT_RAW,0,0,0,0,0,0,0,0,1000,1000,1000,1000,0,0,0,0,0
2025-12-15 00:55:39.092,SERVO_OUTPUT_RAW,1294309790,SERVO_OUTPUT_RAW,0,0,0,0,0,0,0,0,1000,1000,1000,1000,0,0,0,0,0
2025-12-15 00:55:39.192,SERVO_OUTPUT_RAW,1294409918,SERVO_OUTPUT_RAW,0,0,0,0,0,0,0,0,1000,1000,1000,1000,0,0,0,0,0
2025-12-15 00:55:39.292,SERVO_OUTPUT_RAW,1294512088,SERVO_OUTPUT_RAW,0,0,0,0,0,0,0,0,1000,1000,1000,1000,0,0,0,0,0
2025-12-15 00:55:39.392,SERVO_OUTPUT_RAW,1294609838,SERVO_OUTPUT_RAW,0,0,0,0,0,0,0,0,1000,1000,1000,1000,0,0,0,0,0
2025-12-15 00:55:39.492,SERVO_OUTPUT_RAW,1294709787,SERVO_OUTPUT_RAW,0,0,0,0,0,0,0,0,1000,1000,1000,1000,0,0,0,0,0
2025-12-15 00:55:39.592,SERVO_OUTPUT_RAW,1294809798,SERVO_OUTPUT_RAW,0,0,0,0,0,0,0,0,1000,1000,1000,1000,0,0,0,0,0
2025-12-15 00:55:39.692,SERVO_OUTPUT_RAW,1294909830,SERVO_OUTPUT_RAW,0,0,0,0,0,0,0,0,1000,1000,1000,1000,0,0,0,0,0
2025-12-15 00:55:39.792,SERVO_OUTPUT_RAW,1295009781,SERVO_OUTPUT_RAW,0,0,0,0,0,0,0,0,1000,1000,1000,1000,0,0,0,0,0
2025-12-15 00:55:39.894,SERVO_OUTPUT_RAW,1295109781,SERVO_OUTPUT_RAW,0,0,0,0,0,0,0,0,1000,1000,1000,1000,0,0,0,0,0
2025-12-15 00:55:39.993,SERVO_OUTPUT_RAW,1295209807,SERVO_OUTPUT_RAW,0,0,0,0,0,0,0,0,1000,1000,1000,1000,0,0,0,0,0
2025-12-15 00:55:40.093,SERVO_OUTPUT_RAW,1295309823,SERVO_OUTPUT_RAW,0,0,0,0,0,0,0,0,1000,1000,1000,1000,0,0,0,0,0
2025-12-15 00:55:40.193,SERVO_OUTPUT_RAW,1295409791,SERVO_OUTPUT_RAW,0,0,0,0,0,0,0,0,1000,1000,1000,1000,0,0,0,0,0
2025-12-15 00:55:40.293,SERVO_OUTPUT_RAW,1295509806,SERVO_OUTPUT_RAW,0,0,0,0,0,0,0,0,1000,1000,1000,1000,0,0,0,0,0
2025-12-15 00:55:40.393,SERVO_OUTPUT_RAW,1295609828,SERVO_OUTPUT_RAW,0,0,0,0,0,0,0,0,1000,1000,1000,1000,0,0,0,0,0
2025-12-15 00:55:40.493,SERVO_OUTPUT_RAW,1295709800,SERVO_OUTPUT_RAW,0,0,0,0,0,0,0,0,1000,1000,1000,1000,0,0,0,0,0
2025-12-15 00:55:40.593,SERVO_OUTPUT_RAW,1295809800,SERVO_OUTPUT_RAW,0,0,0,0,0,0,0,0,1000,1000,1000,1000,0,0,0,0,0
2025-12-15 00:55:40.693,SERVO_OUTPUT_RAW,1295909831,SERVO_OUTPUT_RAW,0,0,0,0,0,0,0,0,1000,1000,1000,1000,0,0,0,0,0
2025-12-15 00:55:40.793,SERVO_OUTPUT_RAW,1296009820,SERVO_OUTPUT_RAW,0,0,0,0,0,0,0,0,1000,1000,1000,1000,0,0,0,0,0
2025-12-15 00:55:40.893,SERVO_OUTPUT_RAW,1296109829,SERVO_OUTPUT_RAW,0,0,0,0,0,0,0,0,1000,1000,1000,1000,0,0,0,0,0
2025-12-15 00:55:40.993,SERVO_OUTPUT_RAW,1296209901,SERVO_OUTPUT_RAW,0,0,0,0,0,0,0,0,1000,1000,1000,1000,0,0,0,0,0
2025-12-15 00:55:41.093,SERVO_OUTPUT_RAW,1296309793,SERVO_OUTPUT_RAW,0,0,0,0,0,0,0,0,1000,1000,1000,1000,0,0,0,0,0
2025-12-15 00:55:41.193,SERVO_OUTPUT_RAW,1296409818,SERVO_OUTPUT_RAW,0,0,0,0,0,0,0,0,1000,1000,1000,1000,0,0,0,0,0
2025-12-15 00:55:41.293,SERVO_OUTPUT_RAW,1296509828,SERVO_OUTPUT_RAW,0,0,0,0,0,0,0,0,1000,1000,1000,1000,0,0,0,0,0
2025-12-15 00:55:41.393,SERVO_OUTPUT_RAW,1296609883,SERVO_OUTPUT_RAW,0,0,0,0,0,0,0,0,1000,1000,1000,1000,0,0,0,0,0
2025-12-15 00:55:41.493,SERVO_OUTPUT_RAW,1296709795,SERVO_OUTPUT_RAW,0,0,0,0,0,0,0,0,1000,1000,1000,1000,0,0,0,0,0
2025-12-15 00:55:41.593,SERVO_OUTPUT_RAW,1296809794,SERVO_OUTPUT_RAW,0,0,0,0,0,0,0,0,1000,1000,1000,1000,0,0,0,0,0
2025-12-15 00:55:41.693,SERVO_OUTPUT_RAW,1296909796,SERVO_OUTPUT_RAW,0,0,0,0,0,0,0,0,1000,1000,1000,1000,0,0,0,0,0
2025-12-15 00:55:41.793,SERVO_OUTPUT_RAW,1297009778,SERVO_OUTPUT_RAW,0,0,0,0,0,0,0,0,1000,1000,1000,1000,0,0,0,0,0
2025-12-15 00:55:41.893,SERVO_OUTPUT_RAW,1297109842,SERVO_OUTPUT_RAW,0,0,0,0,0,0,0,0,1000,1000,1000,1000,0,0,0,0,0
2025-12-15 00:55:41.993,SERVO_OUTPUT_RAW,1297209862,SERVO_OUTPUT_RAW,0,0,0,0,0,0,0,0,1000,1000,1000,1000,0,0,0,0,0
2025-12-15 00:55:42.093,SERVO_OUTPUT_RAW,1297309830,SERVO_OUTPUT_RAW,0,0,0,0,0,0,0,0,1000,1000,1000,1000,0,0,0,0,0
2025-12-15 00:55:42.193,SERVO_OUTPUT_RAW,1297409801,SERVO_OUTPUT_RAW,0,0,0,0,0,0,0,0,1000,1000,1000,1000,0,0,0,0,0
2025-12-15 00:55:42.293,SERVO_OUTPUT_RAW,1297509806,SERVO_OUTPUT_RAW,0,0,0,0,0,0,0,0,1000,1000,1000,1000,0,0,0,0,0
2025-12-15 00:55:42.396,SERVO_OUTPUT_RAW,1297609846,SERVO_OUTPUT_RAW,0,0,0,0,0,0,0,0,1000,1000,1000,1000,0,0,0,0,0
2025-12-15 00:55:42.493,SERVO_OUTPUT_RAW,1297709852,SERVO_OUTPUT_RAW,0,0,0,0,0,0,0,0,1000,1000,1000,1000,0,0,0,0,0
2025-12-15 00:55:42.592,SERVO_OUTPUT_RAW,1297809792,SERVO_OUTPUT_RAW,0,0,0,0,0,0,0,0,1000,1000,1000,1000,0,0,0,0,0
2025-12-15 00:55:42.693,SERVO_OUTPUT_RAW,1297909798,SERVO_OUTPUT_RAW,0,0,0,0,0,0,0,0,1000,1000,1000,1000,0,0,0,0,0
2025-12-15 00:55:42.793,SERVO_OUTPUT_RAW,1298009829,SERVO_OUTPUT_RAW,0,0,0,0,0,0,0,0,1000,1000,1000,1000,0,0,0,0,0
2025-12-15 00:55:42.893,SERVO_OUTPUT_RAW,1298109820,SERVO_OUTPUT_RAW,0,0,0,0,0,0,0,0,1000,1000,1000,1000,0,0,0,0,0
2025-12-15 00:55:42.993,SERVO_OUTPUT_RAW,1298209868,SERVO_OUTPUT_RAW,0,0,0,0,0,0,0,0,1000,1000,1000,1000,0,0,0,0,0
2025-12-15 00:55:43.093,SERVO_OUTPUT_RAW,1298309789,SERVO_OUTPUT_RAW,0,0,0,0,0,0,0,0,1000,1000,1000,1000,0,0,0,0,0
2025-12-15 00:55:43.193,SERVO_OUTPUT_RAW,1298409782,SERVO_OUTPUT_RAW,0,0,0,0,0,0,0,0,1000,1000,1000,1000,0,0,0,0,0
2025-12-15 00:55:43.293,SERVO_OUTPUT_RAW,1298509788,SERVO_OUTPUT_RAW,0,0,0,0,0,0,0,0,1000,1000,1000,1000,0,0,0,0,0
2025-12-15 00:55:43.393,SERVO_OUTPUT_RAW,1298609817,SERVO_OUTPUT_RAW,0,0,0,0,0,0,0,0,1000,1000,1000,1000,0,0,0,0,0
2025-12-15 00:55:43.493,SERVO_OUTPUT_RAW,1298712185,SERVO_OUTPUT_RAW,0,0,0,0,0,0,0,0,1000,1000,1000,1000,0,0,0,0,0
2025-12-15 00:55:43.594,SERVO_OUTPUT_RAW,1298809836,SERVO_OUTPUT_RAW,0,0,0,0,0,0,0,0,1000,1000,1000,1000,0,0,0,0,0
2025-12-15 00:55:43.693,SERVO_OUTPUT_RAW,1298912148,SERVO_OUTPUT_RAW,0,0,0,0,0,0,0,0,1000,1000,1000,1000,0,0,0,0,0
2025-12-15 00:55:43.793,SERVO_OUTPUT_RAW,1299009802,SERVO_OUTPUT_RAW,0,0,0,0,0,0,0,0,1000,1000,1000,1000,0,0,0,0,0
2025-12-15 00:55:43.894,SERVO_OUTPUT_RAW,1299109815,SERVO_OUTPUT_RAW,0,0,0,0,0,0,0,0,1000,1000,1000,1000,0,0,0,0,0
2025-12-15 00:55:43.993,SERVO_OUTPUT_RAW,1299209862,SERVO_OUTPUT_RAW,0,0,0,0,0,0,0,0,1000,1000,1000,1000,0,0,0,0,0
2025-12-15 00:55:44.093,SERVO_OUTPUT_RAW,1299309783,SERVO_OUTPUT_RAW,0,0,0,0,0,0,0,0,1000,1000,1000,1000,0,0,0,0,0
2025-12-15 00:55:44.193,SERVO_OUTPUT_RAW,1299409782,SERVO_OUTPUT_RAW,0,0,0,0,0,0,0,0,1000,1000,1000,1000,0,0,0,0,0
2025-12-15 00:55:44.293,SERVO_OUTPUT_RAW,1299509816,SERVO_OUTPUT_RAW,0,0,0,0,0,0,0,0,1000,1000,1000,1000,0,0,0,0,0
2025-12-15 00:55:44.393,SERVO_OUTPUT_RAW,1299609819,SERVO_OUTPUT_RAW,0,0,0,0,0,0,0,0,1000,1000,1000,1000,0,0,0,0,0
2025-12-15 00:55:44.493,SERVO_OUTPUT_RAW,1299709779,SERVO_OUTPUT_RAW,0,0,0,0,0,0,0,0,1000,1000,1000,1000,0,0,0,0,0
2025-12-15 00:55:44.593,SERVO_OUTPUT_RAW,1299809815,SERVO_OUTPUT_RAW,0,0,0,0,0,0,0,0,1000,1000,1000,1000,0,0,0,0,0
2025-12-15 00:55:44.693,SERVO_OUTPUT_RAW,1299909792,SERVO_OUTPUT_RAW,0,0,0,0,0,0,0,0,1000,1000,1000,1000,0,0,0,0,0
2025-12-15 00:55:44.793,SERVO_OUTPUT_RAW,1300009799,SERVO_OUTPUT_RAW,0,0,0,0,0,0,0,0,1000,1000,1000,1000,0,0,0,0,0
2025-12-15 00:55:44.893,SERVO_OUTPUT_RAW,1300109807,SERVO_OUTPUT_RAW,0,0,0,0,0,0,0,0,1000,1000,1000,1000,0,0,0,0,0
2025-12-15 00:55:44.993,SERVO_OUTPUT_RAW,1300209815,SERVO_OUTPUT_RAW,0,0,0,0,0,0,0,0,1000,1000,1000,1000,0,0,0,0,0
2025-12-15 00:55:45.093,SERVO_OUTPUT_RAW,1300309830,SERVO_OUTPUT_RAW,0,0,0,0,0,0,0,0,1000,1000,1000,1000,0,0,0,0,0
2025-12-15 00:55:45.193,SERVO_OUTPUT_RAW,1300409786,SERVO_OUTPUT_RAW,0,0,0,0,0,0,0,0,1000,1000,1000,1000,0,0,0,0,0
2025-12-15 00:55:45.293,SERVO_OUTPUT_RAW,1300509804,SERVO_OUTPUT_RAW,0,0,0,0,0,0,0,0,1000,1000,1000,1000,0,0,0,0,0
2025-12-15 00:55:45.393,SERVO_OUTPUT_RAW,1300609801,SERVO_OUTPUT_RAW,0,0,0,0,0,0,0,0,1000,1000,1000,1000,0,0,0,0,0
2025-12-15 00:55:45.493,SERVO_OUTPUT_RAW,1300709849,SERVO_OUTPUT_RAW,0,0,0,0,0,0,0,0,1000,1000,1000,1000,0,0,0,0,0
2025-12-15 00:55:45.593,SERVO_OUTPUT_RAW,1300812103,SERVO_OUTPUT_RAW,0,0,0,0,0,0,0,0,1000,1000,1000,1000,0,0,0,0,0
2025-12-15 00:55:45.693,SERVO_OUTPUT_RAW,1300909814,SERVO_OUTPUT_RAW,0,0,0,0,0,0,0,0,1000,1000,1000,1000,0,0,0,0,0
2025-12-15 00:55:45.793,SERVO_OUTPUT_RAW,1301009786,SERVO_OUTPUT_RAW,0,0,0,0,0,0,0,0,1000,1000,1000,1000,0,0,0,0,0
2025-12-15 00:55:45.893,SERVO_OUTPUT_RAW,1301109885,SERVO_OUTPUT_RAW,0,0,0,0,0,0,0,0,1000,1000,1000,1000,0,0,0,0,0
2025-12-15 00:55:45.993,SERVO_OUTPUT_RAW,1301209818,SERVO_OUTPUT_RAW,0,0,0,0,0,0,0,0,1000,1000,1000,1000,0,0,0,0,0
2025-12-15 00:55:46.093,SERVO_OUTPUT_RAW,1301309789,SERVO_OUTPUT_RAW,0,0,0,0,0,0,0,0,1000,1000,1000,1000,0,0,0,0,0
2025-12-15 00:55:46.193,SERVO_OUTPUT_RAW,1301409784,SERVO_OUTPUT_RAW,0,0,0,0,0,0,0,0,1000,1000,1000,1000,0,0,0,0,0
2025-12-15 00:55:46.293,SERVO_OUTPUT_RAW,1301509788,SERVO_OUTPUT_RAW,0,0,0,0,0,0,0,0,1000,1000,1000,1000,0,0,0,0,0
2025-12-15 00:55:46.393,SERVO_OUTPUT_RAW,1301609806,SERVO_OUTPUT_RAW,0,0,0,0,0,0,0,0,1000,1000,1000,1000,0,0,0,0,0
2025-12-15 00:55:46.492,SERVO_OUTPUT_RAW,1301709781,SERVO_OUTPUT_RAW,0,0,0,0,0,0,0,0,1000,1000,1000,1000,0,0,0,0,0
2025-12-15 00:55:46.592,SERVO_OUTPUT_RAW,1301809796,SERVO_OUTPUT_RAW,0,0,0,0,0,0,0,0,1000,1000,1000,1000,0,0,0,0,0
2025-12-15 00:55:46.692,SERVO_OUTPUT_RAW,1301909824,SERVO_OUTPUT_RAW,0,0,0,0,0,0,0,0,1000,1000,1000,1000,0,0,0,0,0
2025-12-15 00:55:46.792,SERVO_OUTPUT_RAW,1302009804,SERVO_OUTPUT_RAW,0,0,0,0,0,0,0,0,1000,1000,1000,1000,0,0,0,0,0
2025-12-15 00:55:46.892,SERVO_OUTPUT_RAW,1302112138,SERVO_OUTPUT_RAW,0,0,0,0,0,0,0,0,1000,1000,1000,1000,0,0,0,0,0
2025-12-15 00:55:46.992,SERVO_OUTPUT_RAW,1302209813,SERVO_OUTPUT_RAW,0,0,0,0,0,0,0,0,1000,1000,1000,1000,0,0,0,0,0
2025-12-15 00:55:47.094,SERVO_OUTPUT_RAW,1302309837,SERVO_OUTPUT_RAW,0,0,0,0,0,0,0,0,1000,1000,1000,1000,0,0,0,0,0
2025-12-15 00:55:47.194,SERVO_OUTPUT_RAW,1302409845,SERVO_OUTPUT_RAW,0,0,0,0,0,0,0,0,1000,1000,1000,1000,0,0,0,0,0
2025-12-15 00:55:47.293,SERVO_OUTPUT_RAW,1302509828,SERVO_OUTPUT_RAW,0,0,0,0,0,0,0,0,1000,1000,1000,1000,0,0,0,0,0
2025-12-15 00:55:47.394,SERVO_OUTPUT_RAW,1302609809,SERVO_OUTPUT_RAW,0,0,0,0,0,0,0,0,1000,1000,1000,1000,0,0,0,0,0
2025-12-15 00:55:47.492,SERVO_OUTPUT_RAW,1302709838,SERVO_OUTPUT_RAW,0,0,0,0,0,0,0,0,1000,1000,1000,1000,0,0,0,0,0
2025-12-15 00:55:47.593,SERVO_OUTPUT_RAW,1302809782,SERVO_OUTPUT_RAW,0,0,0,0,0,0,0,0,1000,1000,1000,1000,0,0,0,0,0
2025-12-15 00:55:47.694,SERVO_OUTPUT_RAW,1302909873,SERVO_OUTPUT_RAW,0,0,0,0,0,0,0,0,1000,1000,1000,1000,0,0,0,0,0
2025-12-15 00:55:47.793,SERVO_OUTPUT_RAW,1303009792,SERVO_OUTPUT_RAW,0,0,0,0,0,0,0,0,1000,1000,1000,1000,0,0,0,0,0
2025-12-15 00:55:47.892,SERVO_OUTPUT_RAW,1303109793,SERVO_OUTPUT_RAW,0,0,0,0,0,0,0,0,1000,1000,1000,1000,0,0,0,0,0
2025-12-15 00:55:47.992,SERVO_OUTPUT_RAW,1303209784,SERVO_OUTPUT_RAW,0,0,0,0,0,0,0,0,1000,1000,1000,1000,0,0,0,0,0
2025-12-15 00:55:48.093,SERVO_OUTPUT_RAW,1303309786,SERVO_OUTPUT_RAW,0,0,0,0,0,0,0,0,1000,1000,1000,1000,0,0,0,0,0
2025-12-15 00:55:48.193,SERVO_OUTPUT_RAW,1303409828,SERVO_OUTPUT_RAW,0,0,0,0,0,0,0,0,1000,1000,1000,1000,0,0,0,0,0
2025-12-15 00:55:48.293,SERVO_OUTPUT_RAW,1303509834,SERVO_OUTPUT_RAW,0,0,0,0,0,0,0,0,1000,1000,1000,1000,0,0,0,0,0
2025-12-15 00:55:48.393,SERVO_OUTPUT_RAW,1303609867,SERVO_OUTPUT_RAW,0,0,0,0,0,0,0,0,1000,1000,1000,1000,0,0,0,0,0
2025-12-15 00:55:48.493,SERVO_OUTPUT_RAW,1303709808,SERVO_OUTPUT_RAW,0,0,0,0,0,0,0,0,1000,1000,1000,1000,0,0,0,0,0
2025-12-15 00:55:48.593,SERVO_OUTPUT_RAW,1303809820,SERVO_OUTPUT_RAW,0,0,0,0,0,0,0,0,1000,1000,1000,1000,0,0,0,0,0
2025-12-15 00:55:48.693,SERVO_OUTPUT_RAW,1303909842,SERVO_OUTPUT_RAW,0,0,0,0,0,0,0,0,1000,1000,1000,1000,0,0,0,0,0
2025-12-15 00:55:48.793,SERVO_OUTPUT_RAW,1304009857,SERVO_OUTPUT_RAW,0,0,0,0,0,0,0,0,1000,1000,1000,1000,0,0,0,0,0
2025-12-15 00:55:48.893,SERVO_OUTPUT_RAW,1304109799,SERVO_OUTPUT_RAW,0,0,0,0,0,0,0,0,1000,1000,1000,1000,0,0,0,0,0
2025-12-15 00:55:48.993,SERVO_OUTPUT_RAW,1304209821,SERVO_OUTPUT_RAW,0,0,0,0,0,0,0,0,1000,1000,1000,1000,0,0,0,0,0
2025-12-15 00:55:49.093,SERVO_OUTPUT_RAW,1304309836,SERVO_OUTPUT_RAW,0,0,0,0,0,0,0,0,1000,1000,1000,1000,0,0,0,0,0
2025-12-15 00:55:49.193,SERVO_OUTPUT_RAW,1304409794,SERVO_OUTPUT_RAW,0,0,0,0,0,0,0,0,1000,1000,1000,1000,0,0,0,0,0
2025-12-15 00:55:49.293,SERVO_OUTPUT_RAW,1304509788,SERVO_OUTPUT_RAW,0,0,0,0,0,0,0,0,1000,1000,1000,1000,0,0,0,0,0
2025-12-15 00:55:49.393,SERVO_OUTPUT_RAW,1304609797,SERVO_OUTPUT_RAW,0,0,0,0,0,0,0,0,1000,1000,1000,1000,0,0,0,0,0
2025-12-15 00:55:49.493,SERVO_OUTPUT_RAW,1304709788,SERVO_OUTPUT_RAW,0,0,0,0,0,0,0,0,1000,1000,1000,1000,0,0,0,0,0
2025-12-15 00:55:49.593,SERVO_OUTPUT_RAW,1304809778,SERVO_OUTPUT_RAW,0,0,0,0,0,0,0,0,1000,1000,1000,1000,0,0,0,0,0
2025-12-15 00:55:49.693,SERVO_OUTPUT_RAW,1304909804,SERVO_OUTPUT_RAW,0,0,0,0,0,0,0,0,1000,1000,1000,1000,0,0,0,0,0
2025-12-15 00:55:49.793,SERVO_OUTPUT_RAW,1305012139,SERVO_OUTPUT_RAW,0,0,0,0,0,0,0,0,1000,1000,1000,1000,0,0,0,0,0
2025-12-15 00:55:49.893,SERVO_OUTPUT_RAW,1305109860,SERVO_OUTPUT_RAW,0,0,0,0,0,0,0,0,1000,1000,1000,1000,0,0,0,0,0
2025-12-15 00:55:49.993,SERVO_OUTPUT_RAW,1305209815,SERVO_OUTPUT_RAW,0,0,0,0,0,0,0,0,1000,1000,1000,1000,0,0,0,0,0
2025-12-15 00:55:50.093,SERVO_OUTPUT_RAW,1305309805,SERVO_OUTPUT_RAW,0,0,0,0,0,0,0,0,1000,1000,1000,1000,0,0,0,0,0
2025-12-15 00:55:50.193,SERVO_OUTPUT_RAW,1305409851,SERVO_OUTPUT_RAW,0,0,0,0,0,0,0,0,1000,1000,1000,1000,0,0,0,0,0
2025-12-15 00:55:50.293,SERVO_OUTPUT_RAW,1305509847,SERVO_OUTPUT_RAW,0,0,0,0,0,0,0,0,1000,1000,1000,1000,0,0,0,0,0
2025-12-15 00:55:50.393,SERVO_OUTPUT_RAW,1305609839,SERVO_OUTPUT_RAW,0,0,0,0,0,0,0,0,1000,1000,1000,1000,0,0,0,0,0
2025-12-15 00:55:50.493,SERVO_OUTPUT_RAW,1305709806,SERVO_OUTPUT_RAW,0,0,0,0,0,0,0,0,1000,1000,1000,1000,0,0,0,0,0
2025-12-15 00:55:50.593,SERVO_OUTPUT_RAW,1305809816,SERVO_OUTPUT_RAW,0,0,0,0,0,0,0,0,1000,1000,1000,1000,0,0,0,0,0
2025-12-15 00:55:50.693,SERVO_OUTPUT_RAW,1305909818,SERVO_OUTPUT_RAW,0,0,0,0,0,0,0,0,1000,1000,1000,1000,0,0,0,0,0
2025-12-15 00:55:50.793,SERVO_OUTPUT_RAW,1306009783,SERVO_OUTPUT_RAW,0,0,0,0,0,0,0,0,1000,1000,1000,1000,0,0,0,0,0
2025-12-15 00:55:50.893,SERVO_OUTPUT_RAW,1306109808,SERVO_OUTPUT_RAW,0,0,0,0,0,0,0,0,1000,1000,1000,1000,0,0,0,0,0
2025-12-15 00:55:50.993,SERVO_OUTPUT_RAW,1306209787,SERVO_OUTPUT_RAW,0,0,0,0,0,0,0,0,1000,1000,1000,1000,0,0,0,0,0
2025-12-15 00:55:51.093,SERVO_OUTPUT_RAW,1306309787,SERVO_OUTPUT_RAW,0,0,0,0,0,0,0,0,1000,1000,1000,1000,0,0,0,0,0
2025-12-15 00:55:51.193,SERVO_OUTPUT_RAW,1306409785,SERVO_OUTPUT_RAW,0,0,0,0,0,0,0,0,1000,1000,1000,1000,0,0,0,0,0
2025-12-15 00:55:51.293,SERVO_OUTPUT_RAW,1306509820,SERVO_OUTPUT_RAW,0,0,0,0,0,0,0,0,1000,1000,1000,1000,0,0,0,0,0
2025-12-15 00:55:51.393,SERVO_OUTPUT_RAW,1306612177,SERVO_OUTPUT_RAW,0,0,0,0,0,0,0,0,1000,1000,1000,1000,0,0,0,0,0
2025-12-15 00:55:51.493,SERVO_OUTPUT_RAW,1306709812,SERVO_OUTPUT_RAW,0,0,0,0,0,0,0,0,1000,1000,1000,1000,0,0,0,0,0
2025-12-15 00:55:51.593,SERVO_OUTPUT_RAW,1306809788,SERVO_OUTPUT_RAW,0,0,0,0,0,0,0,0,1000,1000,1000,1000,0,0,0,0,0
2025-12-15 00:55:51.693,SERVO_OUTPUT_RAW,1306909829,SERVO_OUTPUT_RAW,0,0,0,0,0,0,0,0,1000,1000,1000,1000,0,0,0,0,0
2025-12-15 00:55:51.793,SERVO_OUTPUT_RAW,1307009860,SERVO_OUTPUT_RAW,0,0,0,0,0,0,0,0,1000,1000,1000,1000,0,0,0,0,0
2025-12-15 00:55:51.894,SERVO_OUTPUT_RAW,1307112107,SERVO_OUTPUT_RAW,0,0,0,0,0,0,0,0,1000,1000,1000,1000,0,0,0,0,0
2025-12-15 00:55:51.993,SERVO_OUTPUT_RAW,1307209782,SERVO_OUTPUT_RAW,0,0,0,0,0,0,0,0,1000,1000,1000,1000,0,0,0,0,0
2025-12-15 00:55:52.093,SERVO_OUTPUT_RAW,1307309814,SERVO_OUTPUT_RAW,0,0,0,0,0,0,0,0,1000,1000,1000,1000,0,0,0,0,0
2025-12-15 00:55:52.193,SERVO_OUTPUT_RAW,1307409817,SERVO_OUTPUT_RAW,0,0,0,0,0,0,0,0,1000,1000,1000,1000,0,0,0,0,0
2025-12-15 00:55:52.293,SERVO_OUTPUT_RAW,1307509782,SERVO_OUTPUT_RAW,0,0,0,0,0,0,0,0,1000,1000,1000,1000,0,0,0,0,0
2025-12-15 00:55:52.393,SERVO_OUTPUT_RAW,1307609869,SERVO_OUTPUT_RAW,0,0,0,0,0,0,0,0,1000,1000,1000,1000,0,0,0,0,0
2025-12-15 00:55:52.494,SERVO_OUTPUT_RAW,1307709795,SERVO_OUTPUT_RAW,0,0,0,0,0,0,0,0,1000,1000,1000,1000,0,0,0,0,0
2025-12-15 00:55:52.593,SERVO_OUTPUT_RAW,1307809790,SERVO_OUTPUT_RAW,0,0,0,0,0,0,0,0,1000,1000,1000,1000,0,0,0,0,0
2025-12-15 00:55:52.694,SERVO_OUTPUT_RAW,1307909809,SERVO_OUTPUT_RAW,0,0,0,0,0,0,0,0,1000,1000,1000,1000,0,0,0,0,0
2025-12-15 00:55:52.793,SERVO_OUTPUT_RAW,1308009811,SERVO_OUTPUT_RAW,0,0,0,0,0,0,0,0,1000,1000,1000,1000,0,0,0,0,0
2025-12-15 00:55:52.893,SERVO_OUTPUT_RAW,1308109842,SERVO_OUTPUT_RAW,0,0,0,0,0,0,0,0,1000,1000,1000,1000,0,0,0,0,0
2025-12-15 00:55:52.994,SERVO_OUTPUT_RAW,1308209800,SERVO_OUTPUT_RAW,0,0,0,0,0,0,0,0,1000,1000,1000,1000,0,0,0,0,0
2025-12-15 00:55:53.093,SERVO_OUTPUT_RAW,1308309797,SERVO_OUTPUT_RAW,0,0,0,0,0,0,0,0,1000,1000,1000,1000,0,0,0,0,0
2025-12-15 00:55:53.193,SERVO_OUTPUT_RAW,1308409815,SERVO_OUTPUT_RAW,0,0,0,0,0,0,0,0,1000,1000,1000,1000,0,0,0,0,0
2025-12-15 00:55:53.293,SERVO_OUTPUT_RAW,1308509832,SERVO_OUTPUT_RAW,0,0,0,0,0,0,0,0,1000,1000,1000,1000,0,0,0,0,0
2025-12-15 00:55:53.393,SERVO_OUTPUT_RAW,1308609855,SERVO_OUTPUT_RAW,0,0,0,0,0,0,0,0,1000,1000,1000,1000,0,0,0,0,0
2025-12-15 00:55:53.493,SERVO_OUTPUT_RAW,1308709818,SERVO_OUTPUT_RAW,0,0,0,0,0,0,0,0,1000,1000,1000,1000,0,0,0,0,0
2025-12-15 00:55:53.593,SERVO_OUTPUT_RAW,1308809813,SERVO_OUTPUT_RAW,0,0,0,0,0,0,0,0,1000,1000,1000,1000,0,0,0,0,0
2025-12-15 00:55:53.693,SERVO_OUTPUT_RAW,1308909827,SERVO_OUTPUT_RAW,0,0,0,0,0,0,0,0,1000,1000,1000,1000,0,0,0,0,0
2025-12-15 00:55:53.794,SERVO_OUTPUT_RAW,1309009821,SERVO_OUTPUT_RAW,0,0,0,0,0,0,0,0,1000,1000,1000,1000,0,0,0,0,0
2025-12-15 00:55:53.894,SERVO_OUTPUT_RAW,1309109800,SERVO_OUTPUT_RAW,0,0,0,0,0,0,0,0,1000,1000,1000,1000,0,0,0,0,0
2025-12-15 00:55:53.994,SERVO_OUTPUT_RAW,1309212107,SERVO_OUTPUT_RAW,0,0,0,0,0,0,0,0,1000,1000,1000,1000,0,0,0,0,0
2025-12-15 00:55:54.093,SERVO_OUTPUT_RAW,1309309792,SERVO_OUTPUT_RAW,0,0,0,0,0,0,0,0,1000,1000,1000,1000,0,0,0,0,0
2025-12-15 00:55:54.193,SERVO_OUTPUT_RAW,1309409776,SERVO_OUTPUT_RAW,0,0,0,0,0,0,0,0,1000,1000,1000,1000,0,0,0,0,0
2025-12-15 00:55:54.293,SERVO_OUTPUT_RAW,1309512126,SERVO_OUTPUT_RAW,0,0,0,0,0,0,0,0,1000,1000,1000,1000,0,0,0,0,0
2025-12-15 00:55:54.393,SERVO_OUTPUT_RAW,1309609801,SERVO_OUTPUT_RAW,0,0,0,0,0,0,0,0,1000,1000,1000,1000,0,0,0,0,0
2025-12-15 00:55:54.493,SERVO_OUTPUT_RAW,1309709836,SERVO_OUTPUT_RAW,0,0,0,0,0,0,0,0,1000,1000,1000,1000,0,0,0,0,0
2025-12-15 00:55:54.593,SERVO_OUTPUT_RAW,1309809856,SERVO_OUTPUT_RAW,0,0,0,0,0,0,0,0,1000,1000,1000,1000,0,0,0,0,0
2025-12-15 00:55:54.694,SERVO_OUTPUT_RAW,1309909780,SERVO_OUTPUT_RAW,0,0,0,0,0,0,0,0,1000,1000,1000,1000,0,0,0,0,0
2025-12-15 00:55:54.793,SERVO_OUTPUT_RAW,1310009811,SERVO_OUTPUT_RAW,0,0,0,0,0,0,0,0,1000,1000,1000,1000,0,0,0,0,0
2025-12-15 00:55:54.895,SERVO_OUTPUT_RAW,1310109848,SERVO_OUTPUT_RAW,0,0,0,0,0,0,0,0,1000,1000,1000,1000,0,0,0,0,0
2025-12-15 00:55:54.994,SERVO_OUTPUT_RAW,1310209836,SERVO_OUTPUT_RAW,0,0,0,0,0,0,0,0,1000,1000,1000,1000,0,0,0,0,0
2025-12-15 00:55:55.094,SERVO_OUTPUT_RAW,1310309788,SERVO_OUTPUT_RAW,0,0,0,0,0,0,0,0,1000,1000,1000,1000,0,0,0,0,0
2025-12-15 00:55:55.194,SERVO_OUTPUT_RAW,1310409804,SERVO_OUTPUT_RAW,0,0,0,0,0,0,0,0,1000,1000,1000,1000,0,0,0,0,0
2025-12-15 00:55:55.294,SERVO_OUTPUT_RAW,1310509809,SERVO_OUTPUT_RAW,0,0,0,0,0,0,0,0,1000,1000,1000,1000,0,0,0,0,0
2025-12-15 00:55:55.394,SERVO_OUTPUT_RAW,1310609830,SERVO_OUTPUT_RAW,0,0,0,0,0,0,0,0,1000,1000,1000,1000,0,0,0,0,0
2025-12-15 00:55:55.494,SERVO_OUTPUT_RAW,1310709777,SERVO_OUTPUT_RAW,0,0,0,0,0,0,0,0,1000,1000,1000,1000,0,0,0,0,0
2025-12-15 00:55:55.594,SERVO_OUTPUT_RAW,1310809793,SERVO_OUTPUT_RAW,0,0,0,0,0,0,0,0,1000,1000,1000,1000,0,0,0,0,0
2025-12-15 00:55:55.694,SERVO_OUTPUT_RAW,1310909791,SERVO_OUTPUT_RAW,0,0,0,0,0,0,0,0,1000,1000,1000,1000,0,0,0,0,0
2025-12-15 00:55:55.794,SERVO_OUTPUT_RAW,1311009793,SERVO_OUTPUT_RAW,0,0,0,0,0,0,0,0,1000,1000,1000,1000,0,0,0,0,0
2025-12-15 00:55:55.893,SERVO_OUTPUT_RAW,1311112140,SERVO_OUTPUT_RAW,0,0,0,0,0,0,0,0,1000,1000,1000,1000,0,0,0,0,0
2025-12-15 00:55:55.993,SERVO_OUTPUT_RAW,1311209826,SERVO_OUTPUT_RAW,0,0,0,0,0,0,0,0,1000,1000,1000,1000,0,0,0,0,0
2025-12-15 00:55:56.094,SERVO_OUTPUT_RAW,1311309890,SERVO_OUTPUT_RAW,0,0,0,0,0,0,0,0,1000,1000,1000,1000,0,0,0,0,0
2025-12-15 00:55:56.194,SERVO_OUTPUT_RAW,1311409854,SERVO_OUTPUT_RAW,0,0,0,0,0,0,0,0,1000,1000,1000,1000,0,0,0,0,0
2025-12-15 00:55:56.294,SERVO_OUTPUT_RAW,1311509798,SERVO_OUTPUT_RAW,0,0,0,0,0,0,0,0,1000,1000,1000,1000,0,0,0,0,0
2025-12-15 00:55:56.394,SERVO_OUTPUT_RAW,1311609809,SERVO_OUTPUT_RAW,0,0,0,0,0,0,0,0,1000,1000,1000,1000,0,0,0,0,0
2025-12-15 00:55:56.494,SERVO_OUTPUT_RAW,1311709838,SERVO_OUTPUT_RAW,0,0,0,0,0,0,0,0,1000,1000,1000,1000,0,0,0,0,0
2025-12-15 00:55:56.593,SERVO_OUTPUT_RAW,1311809826,SERVO_OUTPUT_RAW,0,0,0,0,0,0,0,0,1000,1000,1000,1000,0,0,0,0,0
2025-12-15 00:55:56.693,SERVO_OUTPUT_RAW,1311909789,SERVO_OUTPUT_RAW,0,0,0,0,0,0,0,0,1000,1000,1000,1000,0,0,0,0,0
2025-12-15 00:55:56.794,SERVO_OUTPUT_RAW,1312009822,SERVO_OUTPUT_RAW,0,0,0,0,0,0,0,0,1000,1000,1000,1000,0,0,0,0,0
2025-12-15 00:55:56.894,SERVO_OUTPUT_RAW,1312109818,SERVO_OUTPUT_RAW,0,0,0,0,0,0,0,0,1000,1000,1000,1000,0,0,0,0,0
2025-12-15 00:55:56.994,SERVO_OUTPUT_RAW,1312209790,SERVO_OUTPUT_RAW,0,0,0,0,0,0,0,0,1000,1000,1000,1000,0,0,0,0,0
2025-12-15 00:55:57.093,SERVO_OUTPUT_RAW,1312309781,SERVO_OUTPUT_RAW,0,0,0,0,0,0,0,0,1000,1000,1000,1000,0,0,0,0,0
2025-12-15 00:55:57.193,SERVO_OUTPUT_RAW,1312409825,SERVO_OUTPUT_RAW,0,0,0,0,0,0,0,0,1000,1000,1000,1000,0,0,0,0,0
2025-12-15 00:55:57.293,SERVO_OUTPUT_RAW,1312509797,SERVO_OUTPUT_RAW,0,0,0,0,0,0,0,0,1000,1000,1000,1000,0,0,0,0,0
2025-12-15 00:55:57.395,SERVO_OUTPUT_RAW,1312609791,SERVO_OUTPUT_RAW,0,0,0,0,0,0,0,0,1000,1000,1000,1000,0,0,0,0,0
2025-12-15 00:55:57.493,SERVO_OUTPUT_RAW,1312709827,SERVO_OUTPUT_RAW,0,0,0,0,0,0,0,0,1000,1000,1000,1000,0,0,0,0,0
2025-12-15 00:55:57.592,SERVO_OUTPUT_RAW,1312809823,SERVO_OUTPUT_RAW,0,0,0,0,0,0,0,0,1000,1000,1000,1000,0,0,0,0,0
2025-12-15 00:55:57.693,SERVO_OUTPUT_RAW,1312909837,SERVO_OUTPUT_RAW,0,0,0,0,0,0,0,0,1000,1000,1000,1000,0,0,0,0,0
2025-12-15 00:55:57.793,SERVO_OUTPUT_RAW,1313009807,SERVO_OUTPUT_RAW,0,0,0,0,0,0,0,0,1000,1000,1000,1000,0,0,0,0,0
2025-12-15 00:55:57.893,SERVO_OUTPUT_RAW,1313109797,SERVO_OUTPUT_RAW,0,0,0,0,0,0,0,0,1000,1000,1000,1000,0,0,0,0,0
2025-12-15 00:55:57.993,SERVO_OUTPUT_RAW,1313209835,SERVO_OUTPUT_RAW,0,0,0,0,0,0,0,0,1000,1000,1000,1000,0,0,0,0,0
2025-12-15 00:55:58.093,SERVO_OUTPUT_RAW,1313309857,SERVO_OUTPUT_RAW,0,0,0,0,0,0,0,0,1000,1000,1000,1000,0,0,0,0,0
2025-12-15 00:55:58.193,SERVO_OUTPUT_RAW,1313412074,SERVO_OUTPUT_RAW,0,0,0,0,0,0,0,0,1000,1000,1000,1000,0,0,0,0,0
2025-12-15 00:55:58.293,SERVO_OUTPUT_RAW,1313509809,SERVO_OUTPUT_RAW,0,0,0,0,0,0,0,0,1000,1000,1000,1000,0,0,0,0,0
2025-12-15 00:55:58.393,SERVO_OUTPUT_RAW,1313609816,SERVO_OUTPUT_RAW,0,0,0,0,0,0,0,0,1000,1000,1000,1000,0,0,0,0,0
2025-12-15 00:55:58.493,SERVO_OUTPUT_RAW,1313709816,SERVO_OUTPUT_RAW,0,0,0,0,0,0,0,0,1000,1000,1000,1000,0,0,0,0,0
2025-12-15 00:55:58.593,SERVO_OUTPUT_RAW,1313809791,SERVO_OUTPUT_RAW,0,0,0,0,0,0,0,0,1000,1000,1000,1000,0,0,0,0,0
2025-12-15 00:55:58.693,SERVO_OUTPUT_RAW,1313909781,SERVO_OUTPUT_RAW,0,0,0,0,0,0,0,0,1000,1000,1000,1000,0,0,0,0,0
2025-12-15 00:55:58.793,SERVO_OUTPUT_RAW,1314009793,SERVO_OUTPUT_RAW,0,0,0,0,0,0,0,0,1000,1000,1000,1000,0,0,0,0,0
2025-12-15 00:55:58.893,SERVO_OUTPUT_RAW,1314109796,SERVO_OUTPUT_RAW,0,0,0,0,0,0,0,0,1000,1000,1000,1000,0,0,0,0,0
2025-12-15 00:55:58.993,SERVO_OUTPUT_RAW,1314209792,SERVO_OUTPUT_RAW,0,0,0,0,0,0,0,0,1000,1000,1000,1000,0,0,0,0,0
2025-12-15 00:55:59.093,SERVO_OUTPUT_RAW,1314309831,SERVO_OUTPUT_RAW,0,0,0,0,0,0,0,0,1000,1000,1000,1000,0,0,0,0,0
2025-12-15 00:55:59.193,SERVO_OUTPUT_RAW,1314409825,SERVO_OUTPUT_RAW,0,0,0,0,0,0,0,0,1000,1000,1000,1000,0,0,0,0,0
2025-12-15 00:55:59.293,SERVO_OUTPUT_RAW,1314509849,SERVO_OUTPUT_RAW,0,0,0,0,0,0,0,0,1000,1000,1000,1000,0,0,0,0,0
2025-12-15 00:55:59.393,SERVO_OUTPUT_RAW,1314609782,SERVO_OUTPUT_RAW,0,0,0,0,0,0,0,0,1000,1000,1000,1000,0,0,0,0,0
2025-12-15 00:55:59.493,SERVO_OUTPUT_RAW,1314709818,SERVO_OUTPUT_RAW,0,0,0,0,0,0,0,0,1000,1000,1000,1000,0,0,0,0,0
2025-12-15 00:55:59.593,SERVO_OUTPUT_RAW,1314809843,SERVO_OUTPUT_RAW,0,0,0,0,0,0,0,0,1000,1000,1000,1000,0,0,0,0,0
2025-12-15 00:55:59.693,SERVO_OUTPUT_RAW,1314909816,SERVO_OUTPUT_RAW,0,0,0,0,0,0,0,0,1000,1000,1000,1000,0,0,0,0,0
2025-12-15 00:55:59.793,SERVO_OUTPUT_RAW,1315009795,SERVO_OUTPUT_RAW,0,0,0,0,0,0,0,0,1000,1000,1000,1000,0,0,0,0,0
2025-12-15 00:55:59.893,SERVO_OUTPUT_RAW,1315109832,SERVO_OUTPUT_RAW,0,0,0,0,0,0,0,0,1000,1000,1000,1000,0,0,0,0,0
2025-12-15 00:55:59.993,SERVO_OUTPUT_RAW,1315209812,SERVO_OUTPUT_RAW,0,0,0,0,0,0,0,0,1000,1000,1000,1000,0,0,0,0,0
2025-12-15 00:56:00.093,SERVO_OUTPUT_RAW,1315309830,SERVO_OUTPUT_RAW,0,0,0,0,0,0,0,0,1000,1000,1000,1000,0,0,0,0,0
2025-12-15 00:56:00.193,SERVO_OUTPUT_RAW,1315409787,SERVO_OUTPUT_RAW,0,0,0,0,0,0,0,0,1000,1000,1000,1000,0,0,0,0,0
2025-12-15 00:56:00.293,SERVO_OUTPUT_RAW,1315509883,SERVO_OUTPUT_RAW,0,0,0,0,0,0,0,0,1000,1000,1000,1000,0,0,0,0,0
2025-12-15 00:56:00.393,SERVO_OUTPUT_RAW,1315609795,SERVO_OUTPUT_RAW,0,0,0,0,0,0,0,0,1000,1000,1000,1000,0,0,0,0,0
2025-12-15 00:56:00.493,SERVO_OUTPUT_RAW,1315709803,SERVO_OUTPUT_RAW,0,0,0,0,0,0,0,0,1000,1000,1000,1000,0,0,0,0,0
2025-12-15 00:56:00.593,SERVO_OUTPUT_RAW,1315809787,SERVO_OUTPUT_RAW,0,0,0,0,0,0,0,0,1000,1000,1000,1000,0,0,0,0,0
2025-12-15 00:56:00.693,SERVO_OUTPUT_RAW,1315909818,SERVO_OUTPUT_RAW,0,0,0,0,0,0,0,0,1000,1000,1000,1000,0,0,0,0,0
2025-12-15 00:56:00.794,SERVO_OUTPUT_RAW,1316012137,SERVO_OUTPUT_RAW,0,0,0,0,0,0,0,0,1000,1000,1000,1000,0,0,0,0,0
2025-12-15 00:56:00.893,SERVO_OUTPUT_RAW,1316109798,SERVO_OUTPUT_RAW,0,0,0,0,0,0,0,0,1000,1000,1000,1000,0,0,0,0,0
2025-12-15 00:56:00.993,SERVO_OUTPUT_RAW,1316209793,SERVO_OUTPUT_RAW,0,0,0,0,0,0,0,0,1000,1000,1000,1000,0,0,0,0,0
2025-12-15 00:56:01.094,SERVO_OUTPUT_RAW,1316309820,SERVO_OUTPUT_RAW,0,0,0,0,0,0,0,0,1000,1000,1000,1000,0,0,0,0,0
2025-12-15 00:56:01.193,SERVO_OUTPUT_RAW,1316409844,SERVO_OUTPUT_RAW,0,0,0,0,0,0,0,0,1000,1000,1000,1000,0,0,0,0,0
2025-12-15 00:56:01.294,SERVO_OUTPUT_RAW,1316509856,SERVO_OUTPUT_RAW,0,0,0,0,0,0,0,0,1000,1000,1000,1000,0,0,0,0,0
2025-12-15 00:56:01.393,SERVO_OUTPUT_RAW,1316609800,SERVO_OUTPUT_RAW,0,0,0,0,0,0,0,0,1000,1000,1000,1000,0,0,0,0,0
2025-12-15 00:56:01.493,SERVO_OUTPUT_RAW,1316709821,SERVO_OUTPUT_RAW,0,0,0,0,0,0,0,0,1000,1000,1000,1000,0,0,0,0,0
2025-12-15 00:56:01.593,SERVO_OUTPUT_RAW,1316809822,SERVO_OUTPUT_RAW,0,0,0,0,0,0,0,0,1000,1000,1000,1000,0,0,0,0,0
2025-12-15 00:56:01.693,SERVO_OUTPUT_RAW,1316909795,SERVO_OUTPUT_RAW,0,0,0,0,0,0,0,0,1000,1000,1000,1000,0,0,0,0,0
2025-12-15 00:56:01.793,SERVO_OUTPUT_RAW,1317009801,SERVO_OUTPUT_RAW,0,0,0,0,0,0,0,0,1000,1000,1000,1000,0,0,0,0,0
2025-12-15 00:56:01.893,SERVO_OUTPUT_RAW,1317109794,SERVO_OUTPUT_RAW,0,0,0,0,0,0,0,0,1000,1000,1000,1000,0,0,0,0,0
2025-12-15 00:56:01.993,SERVO_OUTPUT_RAW,1317209785,SERVO_OUTPUT_RAW,0,0,0,0,0,0,0,0,1000,1000,1000,1000,0,0,0,0,0
2025-12-15 00:56:02.093,SERVO_OUTPUT_RAW,1317309783,SERVO_OUTPUT_RAW,0,0,0,0,0,0,0,0,1000,1000,1000,1000,0,0,0,0,0
2025-12-15 00:56:02.193,SERVO_OUTPUT_RAW,1317409798,SERVO_OUTPUT_RAW,0,0,0,0,0,0,0,0,1000,1000,1000,1000,0,0,0,0,0
2025-12-15 00:56:02.293,SERVO_OUTPUT_RAW,1317509832,SERVO_OUTPUT_RAW,0,0,0,0,0,0,0,0,1000,1000,1000,1000,0,0,0,0,0
2025-12-15 00:56:02.395,SERVO_OUTPUT_RAW,1317612199,SERVO_OUTPUT_RAW,0,0,0,0,0,0,0,0,1000,1000,1000,1000,0,0,0,0,0
2025-12-15 00:56:02.494,SERVO_OUTPUT_RAW,1317709788,SERVO_OUTPUT_RAW,0,0,0,0,0,0,0,0,1000,1000,1000,1000,0,0,0,0,0
2025-12-15 00:56:02.593,SERVO_OUTPUT_RAW,1317809927,SERVO_OUTPUT_RAW,0,0,0,0,0,0,0,0,1000,1000,1000,1000,0,0,0,0,0
2025-12-15 00:56:02.693,SERVO_OUTPUT_RAW,1317909838,SERVO_OUTPUT_RAW,0,0,0,0,0,0,0,0,1000,1000,1000,1000,0,0,0,0,0
2025-12-15 00:56:02.794,SERVO_OUTPUT_RAW,1318009855,SERVO_OUTPUT_RAW,0,0,0,0,0,0,0,0,1000,1000,1000,1000,0,0,0,0,0
2025-12-15 00:56:02.894,SERVO_OUTPUT_RAW,1318109788,SERVO_OUTPUT_RAW,0,0,0,0,0,0,0,0,1000,1000,1000,1000,0,0,0,0,0
2025-12-15 00:56:02.994,SERVO_OUTPUT_RAW,1318209811,SERVO_OUTPUT_RAW,0,0,0,0,0,0,0,0,1000,1000,1000,1000,0,0,0,0,0
2025-12-15 00:56:03.094,SERVO_OUTPUT_RAW,1318309810,SERVO_OUTPUT_RAW,0,0,0,0,0,0,0,0,1000,1000,1000,1000,0,0,0,0,0
2025-12-15 00:56:03.194,SERVO_OUTPUT_RAW,1318409822,SERVO_OUTPUT_RAW,0,0,0,0,0,0,0,0,1000,1000,1000,1000,0,0,0,0,0
2025-12-15 00:56:03.294,SERVO_OUTPUT_RAW,1318509798,SERVO_OUTPUT_RAW,0,0,0,0,0,0,0,0,1000,1000,1000,1000,0,0,0,0,0
2025-12-15 00:56:03.394,SERVO_OUTPUT_RAW,1318609780,SERVO_OUTPUT_RAW,0,0,0,0,0,0,0,0,1000,1000,1000,1000,0,0,0,0,0
2025-12-15 00:56:03.494,SERVO_OUTPUT_RAW,1318709800,SERVO_OUTPUT_RAW,0,0,0,0,0,0,0,0,1000,1000,1000,1000,0,0,0,0,0
2025-12-15 00:56:03.594,SERVO_OUTPUT_RAW,1318809782,SERVO_OUTPUT_RAW,0,0,0,0,0,0,0,0,1000,1000,1000,1000,0,0,0,0,0
2025-12-15 00:56:03.694,SERVO_OUTPUT_RAW,1318909811,SERVO_OUTPUT_RAW,0,0,0,0,0,0,0,0,1000,1000,1000,1000,0,0,0,0,0
2025-12-15 00:56:03.794,SERVO_OUTPUT_RAW,1319009825,SERVO_OUTPUT_RAW,0,0,0,0,0,0,0,0,1000,1000,1000,1000,0,0,0,0,0
2025-12-15 00:56:03.894,SERVO_OUTPUT_RAW,1319109837,SERVO_OUTPUT_RAW,0,0,0,0,0,0,0,0,1000,1000,1000,1000,0,0,0,0,0
2025-12-15 00:56:03.994,SERVO_OUTPUT_RAW,1319209794,SERVO_OUTPUT_RAW,0,0,0,0,0,0,0,0,1000,1000,1000,1000,0,0,0,0,0
2025-12-15 00:56:04.094,SERVO_OUTPUT_RAW,1319309789,SERVO_OUTPUT_RAW,0,0,0,0,0,0,0,0,1000,1000,1000,1000,0,0,0,0,0
2025-12-15 00:56:04.194,SERVO_OUTPUT_RAW,1319409817,SERVO_OUTPUT_RAW,0,0,0,0,0,0,0,0,1000,1000,1000,1000,0,0,0,0,0
2025-12-15 00:56:04.294,SERVO_OUTPUT_RAW,1319509857,SERVO_OUTPUT_RAW,0,0,0,0,0,0,0,0,1000,1000,1000,1000,0,0,0,0,0
2025-12-15 00:56:04.394,SERVO_OUTPUT_RAW,1319609856,SERVO_OUTPUT_RAW,0,0,0,0,0,0,0,0,1000,1000,1000,1000,0,0,0,0,0
2025-12-15 00:56:04.494,SERVO_OUTPUT_RAW,1319709904,SERVO_OUTPUT_RAW,0,0,0,0,0,0,0,0,1000,1000,1000,1000,0,0,0,0,0
2025-12-15 00:56:04.594,SERVO_OUTPUT_RAW,1319809820,SERVO_OUTPUT_RAW,0,0,0,0,0,0,0,0,1000,1000,1000,1000,0,0,0,0,0
2025-12-15 00:56:04.694,SERVO_OUTPUT_RAW,1319909812,SERVO_OUTPUT_RAW,0,0,0,0,0,0,0,0,1000,1000,1000,1000,0,0,0,0,0
2025-12-15 00:56:04.794,SERVO_OUTPUT_RAW,1320009790,SERVO_OUTPUT_RAW,0,0,0,0,0,0,0,0,1000,1000,1000,1000,0,0,0,0,0
2025-12-15 00:56:04.894,SERVO_OUTPUT_RAW,1320109793,SERVO_OUTPUT_RAW,0,0,0,0,0,0,0,0,1000,1000,1000,1000,0,0,0,0,0
2025-12-15 00:56:04.994,SERVO_OUTPUT_RAW,1320209786,SERVO_OUTPUT_RAW,0,0,0,0,0,0,0,0,1000,1000,1000,1000,0,0,0,0,0
2025-12-15 00:56:05.094,SERVO_OUTPUT_RAW,1320309789,SERVO_OUTPUT_RAW,0,0,0,0,0,0,0,0,1000,1000,1000,1000,0,0,0,0,0
2025-12-15 00:56:05.194,SERVO_OUTPUT_RAW,1320409788,SERVO_OUTPUT_RAW,0,0,0,0,0,0,0,0,1000,1000,1000,1000,0,0,0,0,0
2025-12-15 00:56:05.294,SERVO_OUTPUT_RAW,1320512135,SERVO_OUTPUT_RAW,0,0,0,0,0,0,0,0,1000,1000,1000,1000,0,0,0,0,0
2025-12-15 00:56:05.394,SERVO_OUTPUT_RAW,1320609824,SERVO_OUTPUT_RAW,0,0,0,0,0,0,0,0,1000,1000,1000,1000,0,0,0,0,0
2025-12-15 00:56:05.494,SERVO_OUTPUT_RAW,1320709831,SERVO_OUTPUT_RAW,0,0,0,0,0,0,0,0,1000,1000,1000,1000,0,0,0,0,0
2025-12-15 00:56:05.594,SERVO_OUTPUT_RAW,1320809807,SERVO_OUTPUT_RAW,0,0,0,0,0,0,0,0,1000,1000,1000,1000,0,0,0,0,0
2025-12-15 00:56:05.694,SERVO_OUTPUT_RAW,1320909792,SERVO_OUTPUT_RAW,0,0,0,0,0,0,0,0,1000,1000,1000,1000,0,0,0,0,0
2025-12-15 00:56:05.794,SERVO_OUTPUT_RAW,1321009830,SERVO_OUTPUT_RAW,0,0,0,0,0,0,0,0,1000,1000,1000,1000,0,0,0,0,0
2025-12-15 00:56:05.894,SERVO_OUTPUT_RAW,1321109871,SERVO_OUTPUT_RAW,0,0,0,0,0,0,0,0,1000,1000,1000,1000,0,0,0,0,0
2025-12-15 00:56:05.994,SERVO_OUTPUT_RAW,1321209785,SERVO_OUTPUT_RAW,0,0,0,0,0,0,0,0,1000,1000,1000,1000,0,0,0,0,0
2025-12-15 00:56:06.094,SERVO_OUTPUT_RAW,1321309795,SERVO_OUTPUT_RAW,0,0,0,0,0,0,0,0,1000,1000,1000,1000,0,0,0,0,0
2025-12-15 00:56:06.194,SERVO_OUTPUT_RAW,1321409838,SERVO_OUTPUT_RAW,0,0,0,0,0,0,0,0,1000,1000,1000,1000,0,0,0,0,0
2025-12-15 00:56:06.294,SERVO_OUTPUT_RAW,1321509821,SERVO_OUTPUT_RAW,0,0,0,0,0,0,0,0,1000,1000,1000,1000,0,0,0,0,0
2025-12-15 00:56:06.394,SERVO_OUTPUT_RAW,1321609783,SERVO_OUTPUT_RAW,0,0,0,0,0,0,0,0,1000,1000,1000,1000,0,0,0,0,0
2025-12-15 00:56:06.493,SERVO_OUTPUT_RAW,1321709787,SERVO_OUTPUT_RAW,0,0,0,0,0,0,0,0,1000,1000,1000,1000,0,0,0,0,0
2025-12-15 00:56:06.593,SERVO_OUTPUT_RAW,1321809853,SERVO_OUTPUT_RAW,0,0,0,0,0,0,0,0,1000,1000,1000,1000,0,0,0,0,0
2025-12-15 00:56:06.694,SERVO_OUTPUT_RAW,1321909784,SERVO_OUTPUT_RAW,0,0,0,0,0,0,0,0,1000,1000,1000,1000,0,0,0,0,0
2025-12-15 00:56:06.793,SERVO_OUTPUT_RAW,1322009792,SERVO_OUTPUT_RAW,0,0,0,0,0,0,0,0,1000,1000,1000,1000,0,0,0,0,0
2025-12-15 00:56:06.893,SERVO_OUTPUT_RAW,1322109827,SERVO_OUTPUT_RAW,0,0,0,0,0,0,0,0,1000,1000,1000,1000,0,0,0,0,0
2025-12-15 00:56:06.994,SERVO_OUTPUT_RAW,1322209792,SERVO_OUTPUT_RAW,0,0,0,0,0,0,0,0,1000,1000,1000,1000,0,0,0,0,0
2025-12-15 00:56:07.093,SERVO_OUTPUT_RAW,1322312142,SERVO_OUTPUT_RAW,0,0,0,0,0,0,0,0,1000,1000,1000,1000,0,0,0,0,0
2025-12-15 00:56:07.193,SERVO_OUTPUT_RAW,1322409826,SERVO_OUTPUT_RAW,0,0,0,0,0,0,0,0,1000,1000,1000,1000,0,0,0,0,0
2025-12-15 00:56:07.293,SERVO_OUTPUT_RAW,1322509837,SERVO_OUTPUT_RAW,0,0,0,0,0,0,0,0,1000,1000,1000,1000,0,0,0,0,0
2025-12-15 00:56:07.393,SERVO_OUTPUT_RAW,1322609836,SERVO_OUTPUT_RAW,0,0,0,0,0,0,0,0,1000,1000,1000,1000,0,0,0,0,0
2025-12-15 00:56:07.494,SERVO_OUTPUT_RAW,1322709850,SERVO_OUTPUT_RAW,0,0,0,0,0,0,0,0,1000,1000,1000,1000,0,0,0,0,0
2025-12-15 00:56:07.593,SERVO_OUTPUT_RAW,1322809777,SERVO_OUTPUT_RAW,0,0,0,0,0,0,0,0,1000,1000,1000,1000,0,0,0,0,0
2025-12-15 00:56:07.693,SERVO_OUTPUT_RAW,1322909799,SERVO_OUTPUT_RAW,0,0,0,0,0,0,0,0,1000,1000,1000,1000,0,0,0,0,0
2025-12-15 00:56:07.793,SERVO_OUTPUT_RAW,1323009817,SERVO_OUTPUT_RAW,0,0,0,0,0,0,0,0,1000,1000,1000,1000,0,0,0,0,0
2025-12-15 00:56:07.893,SERVO_OUTPUT_RAW,1323109787,SERVO_OUTPUT_RAW,0,0,0,0,0,0,0,0,1000,1000,1000,1000,0,0,0,0,0
2025-12-15 00:56:07.993,SERVO_OUTPUT_RAW,1323209805,SERVO_OUTPUT_RAW,0,0,0,0,0,0,0,0,1000,1000,1000,1000,0,0,0,0,0
2025-12-15 00:56:08.093,SERVO_OUTPUT_RAW,1323309789,SERVO_OUTPUT_RAW,0,0,0,0,0,0,0,0,1000,1000,1000,1000,0,0,0,0,0
2025-12-15 00:56:08.193,SERVO_OUTPUT_RAW,1323409805,SERVO_OUTPUT_RAW,0,0,0,0,0,0,0,0,1000,1000,1000,1000,0,0,0,0,0
2025-12-15 00:56:08.293,SERVO_OUTPUT_RAW,1323509795,SERVO_OUTPUT_RAW,0,0,0,0,0,0,0,0,1000,1000,1000,1000,0,0,0,0,0
2025-12-15 00:56:08.393,SERVO_OUTPUT_RAW,1323609787,SERVO_OUTPUT_RAW,0,0,0,0,0,0,0,0,1000,1000,1000,1000,0,0,0,0,0
2025-12-15 00:56:08.493,SERVO_OUTPUT_RAW,1323709824,SERVO_OUTPUT_RAW,0,0,0,0,0,0,0,0,1000,1000,1000,1000,0,0,0,0,0
2025-12-15 00:56:08.593,SERVO_OUTPUT_RAW,1323809844,SERVO_OUTPUT_RAW,0,0,0,0,0,0,0,0,1000,1000,1000,1000,0,0,0,0,0
2025-12-15 00:56:08.693,SERVO_OUTPUT_RAW,1323912161,SERVO_OUTPUT_RAW,0,0,0,0,0,0,0,0,1000,1000,1000,1000,0,0,0,0,0
2025-12-15 00:56:08.793,SERVO_OUTPUT_RAW,1324009887,SERVO_OUTPUT_RAW,0,0,0,0,0,0,0,0,1000,1000,1000,1000,0,0,0,0,0
2025-12-15 00:56:08.893,SERVO_OUTPUT_RAW,1324109832,SERVO_OUTPUT_RAW,0,0,0,0,0,0,0,0,1000,1000,1000,1000,0,0,0,0,0
2025-12-15 00:56:08.993,SERVO_OUTPUT_RAW,1324209839,SERVO_OUTPUT_RAW,0,0,0,0,0,0,0,0,1000,1000,1000,1000,0,0,0,0,0
2025-12-15 00:56:09.093,SERVO_OUTPUT_RAW,1324309826,SERVO_OUTPUT_RAW,0,0,0,0,0,0,0,0,1000,1000,1000,1000,0,0,0,0,0
2025-12-15 00:56:09.193,SERVO_OUTPUT_RAW,1324409795,SERVO_OUTPUT_RAW,0,0,0,0,0,0,0,0,1000,1000,1000,1000,0,0,0,0,0
2025-12-15 00:56:09.293,SERVO_OUTPUT_RAW,1324509823,SERVO_OUTPUT_RAW,0,0,0,0,0,0,0,0,1000,1000,1000,1000,0,0,0,0,0
2025-12-15 00:56:09.393,SERVO_OUTPUT_RAW,1324609817,SERVO_OUTPUT_RAW,0,0,0,0,0,0,0,0,1000,1000,1000,1000,0,0,0,0,0
2025-12-15 00:56:09.493,SERVO_OUTPUT_RAW,1324709783,SERVO_OUTPUT_RAW,0,0,0,0,0,0,0,0,1000,1000,1000,1000,0,0,0,0,0
2025-12-15 00:56:09.593,SERVO_OUTPUT_RAW,1324809783,SERVO_OUTPUT_RAW,0,0,0,0,0,0,0,0,1000,1000,1000,1000,0,0,0,0,0
2025-12-15 00:56:09.694,SERVO_OUTPUT_RAW,1324909803,SERVO_OUTPUT_RAW,0,0,0,0,0,0,0,0,1000,1000,1000,1000,0,0,0,0,0
2025-12-15 00:56:09.793,SERVO_OUTPUT_RAW,1325009814,SERVO_OUTPUT_RAW,0,0,0,0,0,0,0,0,1000,1000,1000,1000,0,0,0,0,0
2025-12-15 00:56:09.895,SERVO_OUTPUT_RAW,1325109795,SERVO_OUTPUT_RAW,0,0,0,0,0,0,0,0,1000,1000,1000,1000,0,0,0,0,0
2025-12-15 00:56:09.994,SERVO_OUTPUT_RAW,1325209797,SERVO_OUTPUT_RAW,0,0,0,0,0,0,0,0,1000,1000,1000,1000,0,0,0,0,0
2025-12-15 00:56:10.093,SERVO_OUTPUT_RAW,1325309833,SERVO_OUTPUT_RAW,0,0,0,0,0,0,0,0,1000,1000,1000,1000,0,0,0,0,0
2025-12-15 00:56:10.193,SERVO_OUTPUT_RAW,1325409862,SERVO_OUTPUT_RAW,0,0,0,0,0,0,0,0,1000,1000,1000,1000,0,0,0,0,0
2025-12-15 00:56:10.293,SERVO_OUTPUT_RAW,1325509790,SERVO_OUTPUT_RAW,0,0,0,0,0,0,0,0,1000,1000,1000,1000,0,0,0,0,0
2025-12-15 00:56:10.393,SERVO_OUTPUT_RAW,1325609816,SERVO_OUTPUT_RAW,0,0,0,0,0,0,0,0,1000,1000,1000,1000,0,0,0,0,0
2025-12-15 00:56:10.494,SERVO_OUTPUT_RAW,1325709844,SERVO_OUTPUT_RAW,0,0,0,0,0,0,0,0,1000,1000,1000,1000,0,0,0,0,0
2025-12-15 00:56:10.594,SERVO_OUTPUT_RAW,1325809846,SERVO_OUTPUT_RAW,0,0,0,0,0,0,0,0,1000,1000,1000,1000,0,0,0,0,0
2025-12-15 00:56:10.693,SERVO_OUTPUT_RAW,1325909894,SERVO_OUTPUT_RAW,0,0,0,0,0,0,0,0,1000,1000,1000,1000,0,0,0,0,0
2025-12-15 00:56:10.794,SERVO_OUTPUT_RAW,1326009923,SERVO_OUTPUT_RAW,0,0,0,0,0,0,0,0,1000,1000,1000,1000,0,0,0,0,0
2025-12-15 00:56:10.894,SERVO_OUTPUT_RAW,1326109816,SERVO_OUTPUT_RAW,0,0,0,0,0,0,0,0,1000,1000,1000,1000,0,0,0,0,0
2025-12-15 00:56:10.994,SERVO_OUTPUT_RAW,1326209822,SERVO_OUTPUT_RAW,0,0,0,0,0,0,0,0,1000,1000,1000,1000,0,0,0,0,0
2025-12-15 00:56:11.094,SERVO_OUTPUT_RAW,1326309795,SERVO_OUTPUT_RAW,0,0,0,0,0,0,0,0,1000,1000,1000,1000,0,0,0,0,0
2025-12-15 00:56:11.194,SERVO_OUTPUT_RAW,1326409793,SERVO_OUTPUT_RAW,0,0,0,0,0,0,0,0,1000,1000,1000,1000,0,0,0,0,0
2025-12-15 00:56:11.294,SERVO_OUTPUT_RAW,1326509792,SERVO_OUTPUT_RAW,0,0,0,0,0,0,0,0,1000,1000,1000,1000,0,0,0,0,0
2025-12-15 00:56:11.394,SERVO_OUTPUT_RAW,1326609781,SERVO_OUTPUT_RAW,0,0,0,0,0,0,0,0,1000,1000,1000,1000,0,0,0,0,0
2025-12-15 00:56:11.494,SERVO_OUTPUT_RAW,1326709790,SERVO_OUTPUT_RAW,0,0,0,0,0,0,0,0,1000,1000,1000,1000,0,0,0,0,0
2025-12-15 00:56:11.594,SERVO_OUTPUT_RAW,1326809841,SERVO_OUTPUT_RAW,0,0,0,0,0,0,0,0,1000,1000,1000,1000,0,0,0,0,0
2025-12-15 00:56:11.694,SERVO_OUTPUT_RAW,1326909868,SERVO_OUTPUT_RAW,0,0,0,0,0,0,0,0,1000,1000,1000,1000,0,0,0,0,0
2025-12-15 00:56:11.794,SERVO_OUTPUT_RAW,1327009821,SERVO_OUTPUT_RAW,0,0,0,0,0,0,0,0,1000,1000,1000,1000,0,0,0,0,0
2025-12-15 00:56:11.894,SERVO_OUTPUT_RAW,1327109802,SERVO_OUTPUT_RAW,0,0,0,0,0,0,0,0,1000,1000,1000,1000,0,0,0,0,0
2025-12-15 00:56:11.994,SERVO_OUTPUT_RAW,1327209813,SERVO_OUTPUT_RAW,0,0,0,0,0,0,0,0,1000,1000,1000,1000,0,0,0,0,0
2025-12-15 00:56:12.094,SERVO_OUTPUT_RAW,1327309864,SERVO_OUTPUT_RAW,0,0,0,0,0,0,0,0,1000,1000,1000,1000,0,0,0,0,0
2025-12-15 00:56:12.194,SERVO_OUTPUT_RAW,1327409842,SERVO_OUTPUT_RAW,0,0,0,0,0,0,0,0,1000,1000,1000,1000,0,0,0,0,0
2025-12-15 00:56:12.294,SERVO_OUTPUT_RAW,1327509781,SERVO_OUTPUT_RAW,0,0,0,0,0,0,0,0,1000,1000,1000,1000,0,0,0,0,0
2025-12-15 00:56:12.397,SERVO_OUTPUT_RAW,1327609801,SERVO_OUTPUT_RAW,0,0,0,0,0,0,0,0,1000,1000,1000,1000,0,0,0,0,0
2025-12-15 00:56:12.494,SERVO_OUTPUT_RAW,1327709823,SERVO_OUTPUT_RAW,0,0,0,0,0,0,0,0,1000,1000,1000,1000,0,0,0,0,0
2025-12-15 00:56:12.594,SERVO_OUTPUT_RAW,1327809788,SERVO_OUTPUT_RAW,0,0,0,0,0,0,0,0,1000,1000,1000,1000,0,0,0,0,0
2025-12-15 00:56:12.694,SERVO_OUTPUT_RAW,1327909799,SERVO_OUTPUT_RAW,0,0,0,0,0,0,0,0,1000,1000,1000,1000,0,0,0,0,0
2025-12-15 00:56:12.794,SERVO_OUTPUT_RAW,1328009797,SERVO_OUTPUT_RAW,0,0,0,0,0,0,0,0,1000,1000,1000,1000,0,0,0,0,0
2025-12-15 00:56:12.894,SERVO_OUTPUT_RAW,1328109860,SERVO_OUTPUT_RAW,0,0,0,0,0,0,0,0,1000,1000,1000,1000,0,0,0,0,0
2025-12-15 00:56:12.994,SERVO_OUTPUT_RAW,1328209789,SERVO_OUTPUT_RAW,0,0,0,0,0,0,0,0,1000,1000,1000,1000,0,0,0,0,0
2025-12-15 00:56:13.094,SERVO_OUTPUT_RAW,1328309797,SERVO_OUTPUT_RAW,0,0,0,0,0,0,0,0,1000,1000,1000,1000,0,0,0,0,0
2025-12-15 00:56:13.194,SERVO_OUTPUT_RAW,1328409847,SERVO_OUTPUT_RAW,0,0,0,0,0,0,0,0,1000,1000,1000,1000,0,0,0,0,0
2025-12-15 00:56:13.294,SERVO_OUTPUT_RAW,1328509828,SERVO_OUTPUT_RAW,0,0,0,0,0,0,0,0,1000,1000,1000,1000,0,0,0,0,0
2025-12-15 00:56:13.394,SERVO_OUTPUT_RAW,1328609889,SERVO_OUTPUT_RAW,0,0,0,0,0,0,0,0,1000,1000,1000,1000,0,0,0,0,0
2025-12-15 00:56:13.494,SERVO_OUTPUT_RAW,1328709805,SERVO_OUTPUT_RAW,0,0,0,0,0,0,0,0,1000,1000,1000,1000,0,0,0,0,0
2025-12-15 00:56:13.594,SERVO_OUTPUT_RAW,1328809825,SERVO_OUTPUT_RAW,0,0,0,0,0,0,0,0,1000,1000,1000,1000,0,0,0,0,0
2025-12-15 00:56:13.694,SERVO_OUTPUT_RAW,1328909854,SERVO_OUTPUT_RAW,0,0,0,0,0,0,0,0,1000,1000,1000,1000,0,0,0,0,0
2025-12-15 00:56:13.795,SERVO_OUTPUT_RAW,1329009788,SERVO_OUTPUT_RAW,0,0,0,0,0,0,0,0,1000,1000,1000,1000,0,0,0,0,0
2025-12-15 00:56:13.894,SERVO_OUTPUT_RAW,1329109788,SERVO_OUTPUT_RAW,0,0,0,0,0,0,0,0,1000,1000,1000,1000,0,0,0,0,0
2025-12-15 00:56:13.994,SERVO_OUTPUT_RAW,1329209826,SERVO_OUTPUT_RAW,0,0,0,0,0,0,0,0,1000,1000,1000,1000,0,0,0,0,0
2025-12-15 00:56:14.093,SERVO_OUTPUT_RAW,1329309788,SERVO_OUTPUT_RAW,0,0,0,0,0,0,0,0,1000,1000,1000,1000,0,0,0,0,0
2025-12-15 00:56:14.192,SERVO_OUTPUT_RAW,1329409788,SERVO_OUTPUT_RAW,0,0,0,0,0,0,0,0,1000,1000,1000,1000,0,0,0,0,0
2025-12-15 00:56:14.292,SERVO_OUTPUT_RAW,1329509797,SERVO_OUTPUT_RAW,0,0,0,0,0,0,0,0,1000,1000,1000,1000,0,0,0,0,0
2025-12-15 00:56:14.392,SERVO_OUTPUT_RAW,1329609781,SERVO_OUTPUT_RAW,0,0,0,0,0,0,0,0,1000,1000,1000,1000,0,0,0,0,0
2025-12-15 00:56:14.492,SERVO_OUTPUT_RAW,1329709790,SERVO_OUTPUT_RAW,0,0,0,0,0,0,0,0,1000,1000,1000,1000,0,0,0,0,0
2025-12-15 00:56:14.592,SERVO_OUTPUT_RAW,1329809819,SERVO_OUTPUT_RAW,0,0,0,0,0,0,0,0,1000,1000,1000,1000,0,0,0,0,0
2025-12-15 00:56:14.692,SERVO_OUTPUT_RAW,1329909820,SERVO_OUTPUT_RAW,0,0,0,0,0,0,0,0,1000,1000,1000,1000,0,0,0,0,0
2025-12-15 00:56:14.792,SERVO_OUTPUT_RAW,1330009831,SERVO_OUTPUT_RAW,0,0,0,0,0,0,0,0,1000,1000,1000,1000,0,0,0,0,0
2025-12-15 00:56:14.892,SERVO_OUTPUT_RAW,1330109853,SERVO_OUTPUT_RAW,0,0,0,0,0,0,0,0,1000,1000,1000,1000,0,0,0,0,0
2025-12-15 00:56:14.993,SERVO_OUTPUT_RAW,1330212183,SERVO_OUTPUT_RAW,0,0,0,0,0,0,0,0,1000,1000,1000,1000,0,0,0,0,0
2025-12-15 00:56:15.092,SERVO_OUTPUT_RAW,1330309809,SERVO_OUTPUT_RAW,0,0,0,0,0,0,0,0,1000,1000,1000,1000,0,0,0,0,0
2025-12-15 00:56:15.192,SERVO_OUTPUT_RAW,1330409859,SERVO_OUTPUT_RAW,0,0,0,0,0,0,0,0,1000,1000,1000,1000,0,0,0,0,0
2025-12-15 00:56:15.292,SERVO_OUTPUT_RAW,1330509834,SERVO_OUTPUT_RAW,0,0,0,0,0,0,0,0,1000,1000,1000,1000,0,0,0,0,0
2025-12-15 00:56:15.392,SERVO_OUTPUT_RAW,1330609782,SERVO_OUTPUT_RAW,0,0,0,0,0,0,0,0,1000,1000,1000,1000,0,0,0,0,0
2025-12-15 00:56:15.492,SERVO_OUTPUT_RAW,1330709795,SERVO_OUTPUT_RAW,0,0,0,0,0,0,0,0,1000,1000,1000,1000,0,0,0,0,0
2025-12-15 00:56:15.592,SERVO_OUTPUT_RAW,1330809828,SERVO_OUTPUT_RAW,0,0,0,0,0,0,0,0,1000,1000,1000,1000,0,0,0,0,0
2025-12-15 00:56:15.692,SERVO_OUTPUT_RAW,1330909774,SERVO_OUTPUT_RAW,0,0,0,0,0,0,0,0,1000,1000,1000,1000,0,0,0,0,0
2025-12-15 00:56:15.792,SERVO_OUTPUT_RAW,1331009781,SERVO_OUTPUT_RAW,0,0,0,0,0,0,0,0,1000,1000,1000,1000,0,0,0,0,0
2025-12-15 00:56:15.892,SERVO_OUTPUT_RAW,1331109800,SERVO_OUTPUT_RAW,0,0,0,0,0,0,0,0,1000,1000,1000,1000,0,0,0,0,0
2025-12-15 00:56:15.992,SERVO_OUTPUT_RAW,1331209784,SERVO_OUTPUT_RAW,0,0,0,0,0,0,0,0,1000,1000,1000,1000,0,0,0,0,0
2025-12-15 00:56:16.091,SERVO_OUTPUT_RAW,1331309807,SERVO_OUTPUT_RAW,0,0,0,0,0,0,0,0,1000,1000,1000,1000,0,0,0,0,0
2025-12-15 00:56:16.191,SERVO_OUTPUT_RAW,1331409817,SERVO_OUTPUT_RAW,0,0,0,0,0,0,0,0,1000,1000,1000,1000,0,0,0,0,0
2025-12-15 00:56:16.291,SERVO_OUTPUT_RAW,1331509811,SERVO_OUTPUT_RAW,0,0,0,0,0,0,0,0,1000,1000,1000,1000,0,0,0,0,0
2025-12-15 00:56:16.391,SERVO_OUTPUT_RAW,1331609832,SERVO_OUTPUT_RAW,0,0,0,0,0,0,0,0,1000,1000,1000,1000,0,0,0,0,0
2025-12-15 00:56:16.491,SERVO_OUTPUT_RAW,1331709802,SERVO_OUTPUT_RAW,0,0,0,0,0,0,0,0,1000,1000,1000,1000,0,0,0,0,0
2025-12-15 00:56:16.591,SERVO_OUTPUT_RAW,1331809797,SERVO_OUTPUT_RAW,0,0,0,0,0,0,0,0,1000,1000,1000,1000,0,0,0,0,0
2025-12-15 00:56:16.691,SERVO_OUTPUT_RAW,1331909812,SERVO_OUTPUT_RAW,0,0,0,0,0,0,0,0,1000,1000,1000,1000,0,0,0,0,0
2025-12-15 00:56:16.791,SERVO_OUTPUT_RAW,1332009832,SERVO_OUTPUT_RAW,0,0,0,0,0,0,0,0,1000,1000,1000,1000,0,0,0,0,0
2025-12-15 00:56:16.891,SERVO_OUTPUT_RAW,1332109857,SERVO_OUTPUT_RAW,0,0,0,0,0,0,0,0,1000,1000,1000,1000,0,0,0,0,0
2025-12-15 00:56:16.991,SERVO_OUTPUT_RAW,1332209799,SERVO_OUTPUT_RAW,0,0,0,0,0,0,0,0,1000,1000,1000,1000,0,0,0,0,0
2025-12-15 00:56:17.091,SERVO_OUTPUT_RAW,1332309936,SERVO_OUTPUT_RAW,0,0,0,0,0,0,0,0,1000,1000,1000,1000,0,0,0,0,0
2025-12-15 00:56:17.191,SERVO_OUTPUT_RAW,1332409833,SERVO_OUTPUT_RAW,0,0,0,0,0,0,0,0,1000,1000,1000,1000,0,0,0,0,0
2025-12-15 00:56:17.291,SERVO_OUTPUT_RAW,1332509786,SERVO_OUTPUT_RAW,0,0,0,0,0,0,0,0,1000,1000,1000,1000,0,0,0,0,0
2025-12-15 00:56:17.393,SERVO_OUTPUT_RAW,1332609777,SERVO_OUTPUT_RAW,0,0,0,0,0,0,0,0,1000,1000,1000,1000,0,0,0,0,0
2025-12-15 00:56:17.491,SERVO_OUTPUT_RAW,1332709804,SERVO_OUTPUT_RAW,0,0,0,0,0,0,0,0,1000,1000,1000,1000,0,0,0,0,0
2025-12-15 00:56:17.591,SERVO_OUTPUT_RAW,1332809795,SERVO_OUTPUT_RAW,0,0,0,0,0,0,0,0,1000,1000,1000,1000,0,0,0,0,0
2025-12-15 00:56:17.691,SERVO_OUTPUT_RAW,1332909783,SERVO_OUTPUT_RAW,0,0,0,0,0,0,0,0,1000,1000,1000,1000,0,0,0,0,0
2025-12-15 00:56:17.791,SERVO_OUTPUT_RAW,1333009817,SERVO_OUTPUT_RAW,0,0,0,0,0,0,0,0,1000,1000,1000,1000,0,0,0,0,0
2025-12-15 00:56:17.891,SERVO_OUTPUT_RAW,1333109844,SERVO_OUTPUT_RAW,0,0,0,0,0,0,0,0,1000,1000,1000,1000,0,0,0,0,0
2025-12-15 00:56:17.991,SERVO_OUTPUT_RAW,1333209779,SERVO_OUTPUT_RAW,0,0,0,0,0,0,0,0,1000,1000,1000,1000,0,0,0,0,0
2025-12-15 00:56:18.091,SERVO_OUTPUT_RAW,1333309805,SERVO_OUTPUT_RAW,0,0,0,0,0,0,0,0,1000,1000,1000,1000,0,0,0,0,0
2025-12-15 00:56:18.191,SERVO_OUTPUT_RAW,1333409805,SERVO_OUTPUT_RAW,0,0,0,0,0,0,0,0,1000,1000,1000,1000,0,0,0,0,0
2025-12-15 00:56:18.291,SERVO_OUTPUT_RAW,1333509843,SERVO_OUTPUT_RAW,0,0,0,0,0,0,0,0,1000,1000,1000,1000,0,0,0,0,0
2025-12-15 00:56:18.391,SERVO_OUTPUT_RAW,1333609839,SERVO_OUTPUT_RAW,0,0,0,0,0,0,0,0,1000,1000,1000,1000,0,0,0,0,0
2025-12-15 00:56:18.491,SERVO_OUTPUT_RAW,1333709841,SERVO_OUTPUT_RAW,0,0,0,0,0,0,0,0,1000,1000,1000,1000,0,0,0,0,0
2025-12-15 00:56:18.591,SERVO_OUTPUT_RAW,1333809815,SERVO_OUTPUT_RAW,0,0,0,0,0,0,0,0,1000,1000,1000,1000,0,0,0,0,0
2025-12-15 00:56:18.691,SERVO_OUTPUT_RAW,1333909823,SERVO_OUTPUT_RAW,0,0,0,0,0,0,0,0,1000,1000,1000,1000,0,0,0,0,0
2025-12-15 00:56:18.791,SERVO_OUTPUT_RAW,1334009823,SERVO_OUTPUT_RAW,0,0,0,0,0,0,0,0,1000,1000,1000,1000,0,0,0,0,0
2025-12-15 00:56:18.891,SERVO_OUTPUT_RAW,1334109789,SERVO_OUTPUT_RAW,0,0,0,0,0,0,0,0,1000,1000,1000,1000,0,0,0,0,0
2025-12-15 00:56:18.991,SERVO_OUTPUT_RAW,1334209786,SERVO_OUTPUT_RAW,0,0,0,0,0,0,0,0,1000,1000,1000,1000,0,0,0,0,0
2025-12-15 00:56:19.092,SERVO_OUTPUT_RAW,1334309794,SERVO_OUTPUT_RAW,0,0,0,0,0,0,0,0,1000,1000,1000,1000,0,0,0,0,0
2025-12-15 00:56:19.194,SERVO_OUTPUT_RAW,1334409845,SERVO_OUTPUT_RAW,0,0,0,0,0,0,0,0,1000,1000,1000,1000,0,0,0,0,0
2025-12-15 00:56:19.294,SERVO_OUTPUT_RAW,1334509786,SERVO_OUTPUT_RAW,0,0,0,0,0,0,0,0,1000,1000,1000,1000,0,0,0,0,0
2025-12-15 00:56:19.394,SERVO_OUTPUT_RAW,1334609823,SERVO_OUTPUT_RAW,0,0,0,0,0,0,0,0,1000,1000,1000,1000,0,0,0,0,0
2025-12-15 00:56:19.494,SERVO_OUTPUT_RAW,1334709846,SERVO_OUTPUT_RAW,0,0,0,0,0,0,0,0,1000,1000,1000,1000,0,0,0,0,0
2025-12-15 00:56:19.594,SERVO_OUTPUT_RAW,1334809866,SERVO_OUTPUT_RAW,0,0,0,0,0,0,0,0,1000,1000,1000,1000,0,0,0,0,0
2025-12-15 00:56:19.694,SERVO_OUTPUT_RAW,1334909829,SERVO_OUTPUT_RAW,0,0,0,0,0,0,0,0,1000,1000,1000,1000,0,0,0,0,0
2025-12-15 00:56:19.794,SERVO_OUTPUT_RAW,1335009814,SERVO_OUTPUT_RAW,0,0,0,0,0,0,0,0,1000,1000,1000,1000,0,0,0,0,0
2025-12-15 00:56:19.894,SERVO_OUTPUT_RAW,1335109844,SERVO_OUTPUT_RAW,0,0,0,0,0,0,0,0,1000,1000,1000,1000,0,0,0,0,0
2025-12-15 00:56:19.994,SERVO_OUTPUT_RAW,1335209787,SERVO_OUTPUT_RAW,0,0,0,0,0,0,0,0,1000,1000,1000,1000,0,0,0,0,0
2025-12-15 00:56:20.094,SERVO_OUTPUT_RAW,1335309795,SERVO_OUTPUT_RAW,0,0,0,0,0,0,0,0,1000,1000,1000,1000,0,0,0,0,0
2025-12-15 00:56:20.194,SERVO_OUTPUT_RAW,1335409824,SERVO_OUTPUT_RAW,0,0,0,0,0,0,0,0,1000,1000,1000,1000,0,0,0,0,0
2025-12-15 00:56:20.294,SERVO_OUTPUT_RAW,1335509809,SERVO_OUTPUT_RAW,0,0,0,0,0,0,0,0,1000,1000,1000,1000,0,0,0,0,0
2025-12-15 00:56:20.394,SERVO_OUTPUT_RAW,1335609785,SERVO_OUTPUT_RAW,0,0,0,0,0,0,0,0,1000,1000,1000,1000,0,0,0,0,0
2025-12-15 00:56:20.494,SERVO_OUTPUT_RAW,1335709777,SERVO_OUTPUT_RAW,0,0,0,0,0,0,0,0,1000,1000,1000,1000,0,0,0,0,0
2025-12-15 00:56:20.594,SERVO_OUTPUT_RAW,1335809810,SERVO_OUTPUT_RAW,0,0,0,0,0,0,0,0,1000,1000,1000,1000,0,0,0,0,0
2025-12-15 00:56:20.694,SERVO_OUTPUT_RAW,1335909783,SERVO_OUTPUT_RAW,0,0,0,0,0,0,0,0,1000,1000,1000,1000,0,0,0,0,0
2025-12-15 00:56:20.794,SERVO_OUTPUT_RAW,1336009795,SERVO_OUTPUT_RAW,0,0,0,0,0,0,0,0,1000,1000,1000,1000,0,0,0,0,0
2025-12-15 00:56:20.894,SERVO_OUTPUT_RAW,1336109823,SERVO_OUTPUT_RAW,0,0,0,0,0,0,0,0,1000,1000,1000,1000,0,0,0,0,0
2025-12-15 00:56:20.994,SERVO_OUTPUT_RAW,1336209831,SERVO_OUTPUT_RAW,0,0,0,0,0,0,0,0,1000,1000,1000,1000,0,0,0,0,0
2025-12-15 00:56:21.094,SERVO_OUTPUT_RAW,1336309842,SERVO_OUTPUT_RAW,0,0,0,0,0,0,0,0,1000,1000,1000,1000,0,0,0,0,0
2025-12-15 00:56:21.194,SERVO_OUTPUT_RAW,1336409849,SERVO_OUTPUT_RAW,0,0,0,0,0,0,0,0,1000,1000,1000,1000,0,0,0,0,0
2025-12-15 00:56:21.294,SERVO_OUTPUT_RAW,1336512113,SERVO_OUTPUT_RAW,0,0,0,0,0,0,0,0,1000,1000,1000,1000,0,0,0,0,0
2025-12-15 00:56:21.394,SERVO_OUTPUT_RAW,1336609833,SERVO_OUTPUT_RAW,0,0,0,0,0,0,0,0,1000,1000,1000,1000,0,0,0,0,0
2025-12-15 00:56:21.494,SERVO_OUTPUT_RAW,1336709857,SERVO_OUTPUT_RAW,0,0,0,0,0,0,0,0,1000,1000,1000,1000,0,0,0,0,0
2025-12-15 00:56:21.594,SERVO_OUTPUT_RAW,1336809830,SERVO_OUTPUT_RAW,0,0,0,0,0,0,0,0,1000,1000,1000,1000,0,0,0,0,0
2025-12-15 00:56:21.694,SERVO_OUTPUT_RAW,1336909781,SERVO_OUTPUT_RAW,0,0,0,0,0,0,0,0,1000,1000,1000,1000,0,0,0,0,0
2025-12-15 00:56:21.794,SERVO_OUTPUT_RAW,1337009822,SERVO_OUTPUT_RAW,0,0,0,0,0,0,0,0,1000,1000,1000,1000,0,0,0,0,0
2025-12-15 00:56:21.894,SERVO_OUTPUT_RAW,1337109826,SERVO_OUTPUT_RAW,0,0,0,0,0,0,0,0,1000,1000,1000,1000,0,0,0,0,0
2025-12-15 00:56:21.995,SERVO_OUTPUT_RAW,1337209784,SERVO_OUTPUT_RAW,0,0,0,0,0,0,0,0,1000,1000,1000,1000,0,0,0,0,0
2025-12-15 00:56:22.095,SERVO_OUTPUT_RAW,1337309799,SERVO_OUTPUT_RAW,0,0,0,0,0,0,0,0,1000,1000,1000,1000,0,0,0,0,0
2025-12-15 00:56:22.194,SERVO_OUTPUT_RAW,1337409799,SERVO_OUTPUT_RAW,0,0,0,0,0,0,0,0,1000,1000,1000,1000,0,0,0,0,0
2025-12-15 00:56:22.294,SERVO_OUTPUT_RAW,1337509786,SERVO_OUTPUT_RAW,0,0,0,0,0,0,0,0,1000,1000,1000,1000,0,0,0,0,0
2025-12-15 00:56:22.395,SERVO_OUTPUT_RAW,1337612161,SERVO_OUTPUT_RAW,0,0,0,0,0,0,0,0,1000,1000,1000,1000,0,0,0,0,0
2025-12-15 00:56:22.495,SERVO_OUTPUT_RAW,1337709801,SERVO_OUTPUT_RAW,0,0,0,0,0,0,0,0,1000,1000,1000,1000,0,0,0,0,0
2025-12-15 00:56:22.594,SERVO_OUTPUT_RAW,1337809784,SERVO_OUTPUT_RAW,0,0,0,0,0,0,0,0,1000,1000,1000,1000,0,0,0,0,0
2025-12-15 00:56:22.695,SERVO_OUTPUT_RAW,1337909845,SERVO_OUTPUT_RAW,0,0,0,0,0,0,0,0,1000,1000,1000,1000,0,0,0,0,0
2025-12-15 00:56:22.795,SERVO_OUTPUT_RAW,1338009780,SERVO_OUTPUT_RAW,0,0,0,0,0,0,0,0,1000,1000,1000,1000,0,0,0,0,0
2025-12-15 00:56:22.894,SERVO_OUTPUT_RAW,1338109813,SERVO_OUTPUT_RAW,0,0,0,0,0,0,0,0,1000,1000,1000,1000,0,0,0,0,0
2025-12-15 00:56:22.994,SERVO_OUTPUT_RAW,1338209832,SERVO_OUTPUT_RAW,0,0,0,0,0,0,0,0,1000,1000,1000,1000,0,0,0,0,0
2025-12-15 00:56:23.095,SERVO_OUTPUT_RAW,1338309849,SERVO_OUTPUT_RAW,0,0,0,0,0,0,0,0,1000,1000,1000,1000,0,0,0,0,0
2025-12-15 00:56:23.195,SERVO_OUTPUT_RAW,1338409784,SERVO_OUTPUT_RAW,0,0,0,0,0,0,0,0,1000,1000,1000,1000,0,0,0,0,0
2025-12-15 00:56:23.294,SERVO_OUTPUT_RAW,1338509814,SERVO_OUTPUT_RAW,0,0,0,0,0,0,0,0,1000,1000,1000,1000,0,0,0,0,0
2025-12-15 00:56:23.394,SERVO_OUTPUT_RAW,1338609882,SERVO_OUTPUT_RAW,0,0,0,0,0,0,0,0,1000,1000,1000,1000,0,0,0,0,0
2025-12-15 00:56:23.495,SERVO_OUTPUT_RAW,1338709778,SERVO_OUTPUT_RAW,0,0,0,0,0,0,0,0,1000,1000,1000,1000,0,0,0,0,0
2025-12-15 00:56:23.595,SERVO_OUTPUT_RAW,1338809790,SERVO_OUTPUT_RAW,0,0,0,0,0,0,0,0,1000,1000,1000,1000,0,0,0,0,0
2025-12-15 00:56:23.694,SERVO_OUTPUT_RAW,1338909808,SERVO_OUTPUT_RAW,0,0,0,0,0,0,0,0,1000,1000,1000,1000,0,0,0,0,0
2025-12-15 00:56:23.794,SERVO_OUTPUT_RAW,1339009797,SERVO_OUTPUT_RAW,0,0,0,0,0,0,0,0,1000,1000,1000,1000,0,0,0,0,0
2025-12-15 00:56:23.894,SERVO_OUTPUT_RAW,1339109790,SERVO_OUTPUT_RAW,0,0,0,0,0,0,0,0,1000,1000,1000,1000,0,0,0,0,0
2025-12-15 00:56:23.995,SERVO_OUTPUT_RAW,1339209816,SERVO_OUTPUT_RAW,0,0,0,0,0,0,0,0,1000,1000,1000,1000,0,0,0,0,0
2025-12-15 00:56:24.095,SERVO_OUTPUT_RAW,1339309778,SERVO_OUTPUT_RAW,0,0,0,0,0,0,0,0,1000,1000,1000,1000,0,0,0,0,0
2025-12-15 00:56:24.194,SERVO_OUTPUT_RAW,1339409848,SERVO_OUTPUT_RAW,0,0,0,0,0,0,0,0,1000,1000,1000,1000,0,0,0,0,0
2025-12-15 00:56:24.295,SERVO_OUTPUT_RAW,1339509854,SERVO_OUTPUT_RAW,0,0,0,0,0,0,0,0,1000,1000,1000,1000,0,0,0,0,0
2025-12-15 00:56:24.395,SERVO_OUTPUT_RAW,1339609794,SERVO_OUTPUT_RAW,0,0,0,0,0,0,0,0,1000,1000,1000,1000,0,0,0,0,0
2025-12-15 00:56:24.494,SERVO_OUTPUT_RAW,1339709810,SERVO_OUTPUT_RAW,0,0,0,0,0,0,0,0,1000,1000,1000,1000,0,0,0,0,0
2025-12-15 00:56:24.594,SERVO_OUTPUT_RAW,1339809847,SERVO_OUTPUT_RAW,0,0,0,0,0,0,0,0,1000,1000,1000,1000,0,0,0,0,0
2025-12-15 00:56:24.695,SERVO_OUTPUT_RAW,1339909775,SERVO_OUTPUT_RAW,0,0,0,0,0,0,0,0,1000,1000,1000,1000,0,0,0,0,0
2025-12-15 00:56:24.794,SERVO_OUTPUT_RAW,1340009782,SERVO_OUTPUT_RAW,0,0,0,0,0,0,0,0,1000,1000,1000,1000,0,0,0,0,0
2025-12-15 00:56:24.895,SERVO_OUTPUT_RAW,1340109819,SERVO_OUTPUT_RAW,0,0,0,0,0,0,0,0,1000,1000,1000,1000,0,0,0,0,0
2025-12-15 00:56:24.995,SERVO_OUTPUT_RAW,1340209820,SERVO_OUTPUT_RAW,0,0,0,0,0,0,0,0,1000,1000,1000,1000,0,0,0,0,0
2025-12-15 00:56:25.094,SERVO_OUTPUT_RAW,1340309826,SERVO_OUTPUT_RAW,0,0,0,0,0,0,0,0,1000,1000,1000,1000,0,0,0,0,0
2025-12-15 00:56:25.195,SERVO_OUTPUT_RAW,1340409790,SERVO_OUTPUT_RAW,0,0,0,0,0,0,0,0,1000,1000,1000,1000,0,0,0,0,0
2025-12-15 00:56:25.295,SERVO_OUTPUT_RAW,1340509814,SERVO_OUTPUT_RAW,0,0,0,0,0,0,0,0,1000,1000,1000,1000,0,0,0,0,0
2025-12-15 00:56:25.394,SERVO_OUTPUT_RAW,1340609789,SERVO_OUTPUT_RAW,0,0,0,0,0,0,0,0,1000,1000,1000,1000,0,0,0,0,0
2025-12-15 00:56:25.494,SERVO_OUTPUT_RAW,1340712159,SERVO_OUTPUT_RAW,0,0,0,0,0,0,0,0,1000,1000,1000,1000,0,0,0,0,0
2025-12-15 00:56:25.594,SERVO_OUTPUT_RAW,1340809822,SERVO_OUTPUT_RAW,0,0,0,0,0,0,0,0,1000,1000,1000,1000,0,0,0,0,0
2025-12-15 00:56:25.694,SERVO_OUTPUT_RAW,1340909830,SERVO_OUTPUT_RAW,0,0,0,0,0,0,0,0,1000,1000,1000,1000,0,0,0,0,0
2025-12-15 00:56:25.794,SERVO_OUTPUT_RAW,1341009781,SERVO_OUTPUT_RAW,0,0,0,0,0,0,0,0,1000,1000,1000,1000,0,0,0,0,0
2025-12-15 00:56:25.894,SERVO_OUTPUT_RAW,1341109782,SERVO_OUTPUT_RAW,0,0,0,0,0,0,0,0,1000,1000,1000,1000,0,0,0,0,0
2025-12-15 00:56:25.995,SERVO_OUTPUT_RAW,1341209819,SERVO_OUTPUT_RAW,0,0,0,0,0,0,0,0,1000,1000,1000,1000,0,0,0,0,0
2025-12-15 00:56:26.095,SERVO_OUTPUT_RAW,1341309839,SERVO_OUTPUT_RAW,0,0,0,0,0,0,0,0,1000,1000,1000,1000,0,0,0,0,0
2025-12-15 00:56:26.195,SERVO_OUTPUT_RAW,1341409848,SERVO_OUTPUT_RAW,0,0,0,0,0,0,0,0,1000,1000,1000,1000,0,0,0,0,0
2025-12-15 00:56:26.294,SERVO_OUTPUT_RAW,1341509780,SERVO_OUTPUT_RAW,0,0,0,0,0,0,0,0,1000,1000,1000,1000,0,0,0,0,0
2025-12-15 00:56:26.394,SERVO_OUTPUT_RAW,1341609797,SERVO_OUTPUT_RAW,0,0,0,0,0,0,0,0,1000,1000,1000,1000,0,0,0,0,0
2025-12-15 00:56:26.494,SERVO_OUTPUT_RAW,1341709808,SERVO_OUTPUT_RAW,0,0,0,0,0,0,0,0,1000,1000,1000,1000,0,0,0,0,0
2025-12-15 00:56:26.594,SERVO_OUTPUT_RAW,1341809837,SERVO_OUTPUT_RAW,0,0,0,0,0,0,0,0,1000,1000,1000,1000,0,0,0,0,0
2025-12-15 00:56:26.694,SERVO_OUTPUT_RAW,1341909777,SERVO_OUTPUT_RAW,0,0,0,0,0,0,0,0,1000,1000,1000,1000,0,0,0,0,0
2025-12-15 00:56:26.794,SERVO_OUTPUT_RAW,1342009777,SERVO_OUTPUT_RAW,0,0,0,0,0,0,0,0,1000,1000,1000,1000,0,0,0,0,0
2025-12-15 00:56:26.894,SERVO_OUTPUT_RAW,1342109801,SERVO_OUTPUT_RAW,0,0,0,0,0,0,0,0,1000,1000,1000,1000,0,0,0,0,0
2025-12-15 00:56:26.994,SERVO_OUTPUT_RAW,1342209788,SERVO_OUTPUT_RAW,0,0,0,0,0,0,0,0,1000,1000,1000,1000,0,0,0,0,0
2025-12-15 00:56:27.094,SERVO_OUTPUT_RAW,1342309792,SERVO_OUTPUT_RAW,0,0,0,0,0,0,0,0,1000,1000,1000,1000,0,0,0,0,0
2025-12-15 00:56:27.194,SERVO_OUTPUT_RAW,1342409832,SERVO_OUTPUT_RAW,0,0,0,0,0,0,0,0,1000,1000,1000,1000,0,0,0,0,0
2025-12-15 00:56:27.294,SERVO_OUTPUT_RAW,1342509836,SERVO_OUTPUT_RAW,0,0,0,0,0,0,0,0,1000,1000,1000,1000,0,0,0,0,0
2025-12-15 00:56:27.396,SERVO_OUTPUT_RAW,1342609823,SERVO_OUTPUT_RAW,0,0,0,0,0,0,0,0,1000,1000,1000,1000,0,0,0,0,0
2025-12-15 00:56:27.494,SERVO_OUTPUT_RAW,1342709785,SERVO_OUTPUT_RAW,0,0,0,0,0,0,0,0,1000,1000,1000,1000,0,0,0,0,0
2025-12-15 00:56:27.593,SERVO_OUTPUT_RAW,1342812122,SERVO_OUTPUT_RAW,0,0,0,0,0,0,0,0,1000,1000,1000,1000,0,0,0,0,0
2025-12-15 00:56:27.692,SERVO_OUTPUT_RAW,1342909836,SERVO_OUTPUT_RAW,0,0,0,0,0,0,0,0,1000,1000,1000,1000,0,0,0,0,0
2025-12-15 00:56:27.792,SERVO_OUTPUT_RAW,1343009850,SERVO_OUTPUT_RAW,0,0,0,0,0,0,0,0,1000,1000,1000,1000,0,0,0,0,0
2025-12-15 00:56:27.892,SERVO_OUTPUT_RAW,1343109773,SERVO_OUTPUT_RAW,0,0,0,0,0,0,0,0,1000,1000,1000,1000,0,0,0,0,0
2025-12-15 00:56:27.992,SERVO_OUTPUT_RAW,1343209802,SERVO_OUTPUT_RAW,0,0,0,0,0,0,0,0,1000,1000,1000,1000,0,0,0,0,0
2025-12-15 00:56:28.092,SERVO_OUTPUT_RAW,1343309821,SERVO_OUTPUT_RAW,0,0,0,0,0,0,0,0,1000,1000,1000,1000,0,0,0,0,0
2025-12-15 00:56:28.192,SERVO_OUTPUT_RAW,1343409806,SERVO_OUTPUT_RAW,0,0,0,0,0,0,0,0,1000,1000,1000,1000,0,0,0,0,0
2025-12-15 00:56:28.292,SERVO_OUTPUT_RAW,1343509784,SERVO_OUTPUT_RAW,0,0,0,0,0,0,0,0,1000,1000,1000,1000,0,0,0,0,0
2025-12-15 00:56:28.392,SERVO_OUTPUT_RAW,1343609785,SERVO_OUTPUT_RAW,0,0,0,0,0,0,0,0,1000,1000,1000,1000,0,0,0,0,0
2025-12-15 00:56:28.492,SERVO_OUTPUT_RAW,1343709789,SERVO_OUTPUT_RAW,0,0,0,0,0,0,0,0,1000,1000,1000,1000,0,0,0,0,0
2025-12-15 00:56:28.592,SERVO_OUTPUT_RAW,1343809799,SERVO_OUTPUT_RAW,0,0,0,0,0,0,0,0,1000,1000,1000,1000,0,0,0,0,0
2025-12-15 00:56:28.692,SERVO_OUTPUT_RAW,1343909800,SERVO_OUTPUT_RAW,0,0,0,0,0,0,0,0,1000,1000,1000,1000,0,0,0,0,0
2025-12-15 00:56:28.792,SERVO_OUTPUT_RAW,1344009835,SERVO_OUTPUT_RAW,0,0,0,0,0,0,0,0,1000,1000,1000,1000,0,0,0,0,0
2025-12-15 00:56:28.892,SERVO_OUTPUT_RAW,1344109795,SERVO_OUTPUT_RAW,0,0,0,0,0,0,0,0,1000,1000,1000,1000,0,0,0,0,0
2025-12-15 00:56:28.992,SERVO_OUTPUT_RAW,1344209878,SERVO_OUTPUT_RAW,0,0,0,0,0,0,0,0,1000,1000,1000,1000,0,0,0,0,0
2025-12-15 00:56:29.092,SERVO_OUTPUT_RAW,1344309871,SERVO_OUTPUT_RAW,0,0,0,0,0,0,0,0,1000,1000,1000,1000,0,0,0,0,0
2025-12-15 00:56:29.192,SERVO_OUTPUT_RAW,1344409841,SERVO_OUTPUT_RAW,0,0,0,0,0,0,0,0,1000,1000,1000,1000,0,0,0,0,0
2025-12-15 00:56:29.292,SERVO_OUTPUT_RAW,1344509846,SERVO_OUTPUT_RAW,0,0,0,0,0,0,0,0,1000,1000,1000,1000,0,0,0,0,0
2025-12-15 00:56:29.392,SERVO_OUTPUT_RAW,1344609783,SERVO_OUTPUT_RAW,0,0,0,0,0,0,0,0,1000,1000,1000,1000,0,0,0,0,0
2025-12-15 00:56:29.492,SERVO_OUTPUT_RAW,1344709814,SERVO_OUTPUT_RAW,0,0,0,0,0,0,0,0,1000,1000,1000,1000,0,0,0,0,0
2025-12-15 00:56:29.592,SERVO_OUTPUT_RAW,1344809840,SERVO_OUTPUT_RAW,0,0,0,0,0,0,0,0,1000,1000,1000,1000,0,0,0,0,0
2025-12-15 00:56:29.692,SERVO_OUTPUT_RAW,1344909871,SERVO_OUTPUT_RAW,0,0,0,0,0,0,0,0,1000,1000,1000,1000,0,0,0,0,0
2025-12-15 00:56:29.792,SERVO_OUTPUT_RAW,1345009782,SERVO_OUTPUT_RAW,0,0,0,0,0,0,0,0,1000,1000,1000,1000,0,0,0,0,0
2025-12-15 00:56:29.892,SERVO_OUTPUT_RAW,1345109784,SERVO_OUTPUT_RAW,0,0,0,0,0,0,0,0,1000,1000,1000,1000,0,0,0,0,0
2025-12-15 00:56:29.992,SERVO_OUTPUT_RAW,1345209800,SERVO_OUTPUT_RAW,0,0,0,0,0,0,0,0,1000,1000,1000,1000,0,0,0,0,0
2025-12-15 00:56:30.092,SERVO_OUTPUT_RAW,1345309785,SERVO_OUTPUT_RAW,0,0,0,0,0,0,0,0,1000,1000,1000,1000,0,0,0,0,0
2025-12-15 00:56:30.192,SERVO_OUTPUT_RAW,1345409791,SERVO_OUTPUT_RAW,0,0,0,0,0,0,0,0,1000,1000,1000,1000,0,0,0,0,0
2025-12-15 00:56:30.292,SERVO_OUTPUT_RAW,1345509809,SERVO_OUTPUT_RAW,0,0,0,0,0,0,0,0,1000,1000,1000,1000,0,0,0,0,0
2025-12-15 00:56:30.392,SERVO_OUTPUT_RAW,1345609831,SERVO_OUTPUT_RAW,0,0,0,0,0,0,0,0,1000,1000,1000,1000,0,0,0,0,0
2025-12-15 00:56:30.493,SERVO_OUTPUT_RAW,1345712135,SERVO_OUTPUT_RAW,0,0,0,0,0,0,0,0,1000,1000,1000,1000,0,0,0,0,0
2025-12-15 00:56:30.592,SERVO_OUTPUT_RAW,1345809786,SERVO_OUTPUT_RAW,0,0,0,0,0,0,0,0,1000,1000,1000,1000,0,0,0,0,0
2025-12-15 00:56:30.692,SERVO_OUTPUT_RAW,1345909830,SERVO_OUTPUT_RAW,0,0,0,0,0,0,0,0,1000,1000,1000,1000,0,0,0,0,0
2025-12-15 00:56:30.792,SERVO_OUTPUT_RAW,1346009844,SERVO_OUTPUT_RAW,0,0,0,0,0,0,0,0,1000,1000,1000,1000,0,0,0,0,0
2025-12-15 00:56:30.892,SERVO_OUTPUT_RAW,1346109842,SERVO_OUTPUT_RAW,0,0,0,0,0,0,0,0,1000,1000,1000,1000,0,0,0,0,0
2025-12-15 00:56:30.992,SERVO_OUTPUT_RAW,1346209793,SERVO_OUTPUT_RAW,0,0,0,0,0,0,0,0,1000,1000,1000,1000,0,0,0,0,0
2025-12-15 00:56:31.092,SERVO_OUTPUT_RAW,1346309823,SERVO_OUTPUT_RAW,0,0,0,0,0,0,0,0,1000,1000,1000,1000,0,0,0,0,0
2025-12-15 00:56:31.192,SERVO_OUTPUT_RAW,1346409809,SERVO_OUTPUT_RAW,0,0,0,0,0,0,0,0,1000,1000,1000,1000,0,0,0,0,0
2025-12-15 00:56:31.292,SERVO_OUTPUT_RAW,1346509774,SERVO_OUTPUT_RAW,0,0,0,0,0,0,0,0,1000,1000,1000,1000,0,0,0,0,0
2025-12-15 00:56:31.392,SERVO_OUTPUT_RAW,1346609790,SERVO_OUTPUT_RAW,0,0,0,0,0,0,0,0,1000,1000,1000,1000,0,0,0,0,0
2025-12-15 00:56:31.492,SERVO_OUTPUT_RAW,1346709794,SERVO_OUTPUT_RAW,0,0,0,0,0,0,0,0,1000,1000,1000,1000,0,0,0,0,0
2025-12-15 00:56:31.592,SERVO_OUTPUT_RAW,1346809779,SERVO_OUTPUT_RAW,0,0,0,0,0,0,0,0,1000,1000,1000,1000,0,0,0,0,0
2025-12-15 00:56:31.692,SERVO_OUTPUT_RAW,1346909787,SERVO_OUTPUT_RAW,0,0,0,0,0,0,0,0,1000,1000,1000,1000,0,0,0,0,0
2025-12-15 00:56:31.793,SERVO_OUTPUT_RAW,1347012171,SERVO_OUTPUT_RAW,0,0,0,0,0,0,0,0,1000,1000,1000,1000,0,0,0,0,0
2025-12-15 00:56:31.892,SERVO_OUTPUT_RAW,1347109823,SERVO_OUTPUT_RAW,0,0,0,0,0,0,0,0,1000,1000,1000,1000,0,0,0,0,0
2025-12-15 00:56:31.992,SERVO_OUTPUT_RAW,1347209842,SERVO_OUTPUT_RAW,0,0,0,0,0,0,0,0,1000,1000,1000,1000,0,0,0,0,0
2025-12-15 00:56:32.092,SERVO_OUTPUT_RAW,1347309878,SERVO_OUTPUT_RAW,0,0,0,0,0,0,0,0,1000,1000,1000,1000,0,0,0,0,0
2025-12-15 00:56:32.192,SERVO_OUTPUT_RAW,1347409818,SERVO_OUTPUT_RAW,0,0,0,0,0,0,0,0,1000,1000,1000,1000,0,0,0,0,0
2025-12-15 00:56:32.292,SERVO_OUTPUT_RAW,1347509833,SERVO_OUTPUT_RAW,0,0,0,0,0,0,0,0,1000,1000,1000,1000,0,0,0,0,0
2025-12-15 00:56:32.394,SERVO_OUTPUT_RAW,1347609866,SERVO_OUTPUT_RAW,0,0,0,0,0,0,0,0,1000,1000,1000,1000,0,0,0,0,0
2025-12-15 00:56:32.492,SERVO_OUTPUT_RAW,1347709846,SERVO_OUTPUT_RAW,0,0,0,0,0,0,0,0,1000,1000,1000,1000,0,0,0,0,0
2025-12-15 00:56:32.595,SERVO_OUTPUT_RAW,1347809785,SERVO_OUTPUT_RAW,0,0,0,0,0,0,0,0,1000,1000,1000,1000,0,0,0,0,0
2025-12-15 00:56:32.695,SERVO_OUTPUT_RAW,1347909806,SERVO_OUTPUT_RAW,0,0,0,0,0,0,0,0,1000,1000,1000,1000,0,0,0,0,0
2025-12-15 00:56:32.795,SERVO_OUTPUT_RAW,1348009810,SERVO_OUTPUT_RAW,0,0,0,0,0,0,0,0,1000,1000,1000,1000,0,0,0,0,0
2025-12-15 00:56:32.895,SERVO_OUTPUT_RAW,1348109795,SERVO_OUTPUT_RAW,0,0,0,0,0,0,0,0,1000,1000,1000,1000,0,0,0,0,0
2025-12-15 00:56:32.995,SERVO_OUTPUT_RAW,1348209791,SERVO_OUTPUT_RAW,0,0,0,0,0,0,0,0,1000,1000,1000,1000,0,0,0,0,0
2025-12-15 00:56:33.095,SERVO_OUTPUT_RAW,1348309789,SERVO_OUTPUT_RAW,0,0,0,0,0,0,0,0,1000,1000,1000,1000,0,0,0,0,0
2025-12-15 00:56:33.195,SERVO_OUTPUT_RAW,1348409796,SERVO_OUTPUT_RAW,0,0,0,0,0,0,0,0,1000,1000,1000,1000,0,0,0,0,0
2025-12-15 00:56:33.295,SERVO_OUTPUT_RAW,1348509788,SERVO_OUTPUT_RAW,0,0,0,0,0,0,0,0,1000,1000,1000,1000,0,0,0,0,0
2025-12-15 00:56:33.395,SERVO_OUTPUT_RAW,1348612179,SERVO_OUTPUT_RAW,0,0,0,0,0,0,0,0,1000,1000,1000,1000,0,0,0,0,0
2025-12-15 00:56:33.495,SERVO_OUTPUT_RAW,1348709844,SERVO_OUTPUT_RAW,0,0,0,0,0,0,0,0,1000,1000,1000,1000,0,0,0,0,0
2025-12-15 00:56:33.596,SERVO_OUTPUT_RAW,1348809846,SERVO_OUTPUT_RAW,0,0,0,0,0,0,0,0,1000,1000,1000,1000,0,0,0,0,0
2025-12-15 00:56:33.695,SERVO_OUTPUT_RAW,1348909782,SERVO_OUTPUT_RAW,0,0,0,0,0,0,0,0,1000,1000,1000,1000,0,0,0,0,0
2025-12-15 00:56:33.796,SERVO_OUTPUT_RAW,1349009803,SERVO_OUTPUT_RAW,0,0,0,0,0,0,0,0,1000,1000,1000,1000,0,0,0,0,0
2025-12-15 00:56:33.895,SERVO_OUTPUT_RAW,1349112068,SERVO_OUTPUT_RAW,0,0,0,0,0,0,0,0,1000,1000,1000,1000,0,0,0,0,0
2025-12-15 00:56:33.995,SERVO_OUTPUT_RAW,1349209885,SERVO_OUTPUT_RAW,0,0,0,0,0,0,0,0,1000,1000,1000,1000,0,0,0,0,0
2025-12-15 00:56:34.095,SERVO_OUTPUT_RAW,1349309839,SERVO_OUTPUT_RAW,0,0,0,0,0,0,0,0,1000,1000,1000,1000,0,0,0,0,0
2025-12-15 00:56:34.195,SERVO_OUTPUT_RAW,1349409790,SERVO_OUTPUT_RAW,0,0,0,0,0,0,0,0,1000,1000,1000,1000,0,0,0,0,0
2025-12-15 00:56:34.295,SERVO_OUTPUT_RAW,1349509808,SERVO_OUTPUT_RAW,0,0,0,0,0,0,0,0,1000,1000,1000,1000,0,0,0,0,0
2025-12-15 00:56:34.395,SERVO_OUTPUT_RAW,1349609776,SERVO_OUTPUT_RAW,0,0,0,0,0,0,0,0,1000,1000,1000,1000,0,0,0,0,0
2025-12-15 00:56:34.495,SERVO_OUTPUT_RAW,1349709787,SERVO_OUTPUT_RAW,0,0,0,0,0,0,0,0,1000,1000,1000,1000,0,0,0,0,0
2025-12-15 00:56:34.595,SERVO_OUTPUT_RAW,1349809792,SERVO_OUTPUT_RAW,0,0,0,0,0,0,0,0,1000,1000,1000,1000,0,0,0,0,0
2025-12-15 00:56:34.695,SERVO_OUTPUT_RAW,1349909791,SERVO_OUTPUT_RAW,0,0,0,0,0,0,0,0,1000,1000,1000,1000,0,0,0,0,0
2025-12-15 00:56:34.795,SERVO_OUTPUT_RAW,1350009787,SERVO_OUTPUT_RAW,0,0,0,0,0,0,0,0,1000,1000,1000,1000,0,0,0,0,0
2025-12-15 00:56:34.894,SERVO_OUTPUT_RAW,1350109788,SERVO_OUTPUT_RAW,0,0,0,0,0,0,0,0,1000,1000,1000,1000,0,0,0,0,0
2025-12-15 00:56:34.995,SERVO_OUTPUT_RAW,1350212150,SERVO_OUTPUT_RAW,0,0,0,0,0,0,0,0,1000,1000,1000,1000,0,0,0,0,0
2025-12-15 00:56:35.095,SERVO_OUTPUT_RAW,1350309837,SERVO_OUTPUT_RAW,0,0,0,0,0,0,0,0,1000,1000,1000,1000,0,0,0,0,0
2025-12-15 00:56:35.195,SERVO_OUTPUT_RAW,1350409802,SERVO_OUTPUT_RAW,0,0,0,0,0,0,0,0,1000,1000,1000,1000,0,0,0,0,0
2025-12-15 00:56:35.294,SERVO_OUTPUT_RAW,1350509788,SERVO_OUTPUT_RAW,0,0,0,0,0,0,0,0,1000,1000,1000,1000,0,0,0,0,0
2025-12-15 00:56:35.395,SERVO_OUTPUT_RAW,1350609810,SERVO_OUTPUT_RAW,0,0,0,0,0,0,0,0,1000,1000,1000,1000,0,0,0,0,0
2025-12-15 00:56:35.495,SERVO_OUTPUT_RAW,1350709838,SERVO_OUTPUT_RAW,0,0,0,0,0,0,0,0,1000,1000,1000,1000,0,0,0,0,0
2025-12-15 00:56:35.595,SERVO_OUTPUT_RAW,1350809814,SERVO_OUTPUT_RAW,0,0,0,0,0,0,0,0,1000,1000,1000,1000,0,0,0,0,0
2025-12-15 00:56:35.694,SERVO_OUTPUT_RAW,1350909775,SERVO_OUTPUT_RAW,0,0,0,0,0,0,0,0,1000,1000,1000,1000,0,0,0,0,0
2025-12-15 00:56:35.794,SERVO_OUTPUT_RAW,1351009799,SERVO_OUTPUT_RAW,0,0,0,0,0,0,0,0,1000,1000,1000,1000,0,0,0,0,0
2025-12-15 00:56:35.895,SERVO_OUTPUT_RAW,1351109828,SERVO_OUTPUT_RAW,0,0,0,0,0,0,0,0,1000,1000,1000,1000,0,0,0,0,0
2025-12-15 00:56:35.995,SERVO_OUTPUT_RAW,1351209880,SERVO_OUTPUT_RAW,0,0,0,0,0,0,0,0,1000,1000,1000,1000,0,0,0,0,0
2025-12-15 00:56:36.095,SERVO_OUTPUT_RAW,1351309785,SERVO_OUTPUT_RAW,0,0,0,0,0,0,0,0,1000,1000,1000,1000,0,0,0,0,0
2025-12-15 00:56:36.194,SERVO_OUTPUT_RAW,1351409803,SERVO_OUTPUT_RAW,0,0,0,0,0,0,0,0,1000,1000,1000,1000,0,0,0,0,0
2025-12-15 00:56:36.294,SERVO_OUTPUT_RAW,1351509802,SERVO_OUTPUT_RAW,0,0,0,0,0,0,0,0,1000,1000,1000,1000,0,0,0,0,0
2025-12-15 00:56:36.394,SERVO_OUTPUT_RAW,1351609797,SERVO_OUTPUT_RAW,0,0,0,0,0,0,0,0,1000,1000,1000,1000,0,0,0,0,0
2025-12-15 00:56:36.494,SERVO_OUTPUT_RAW,1351709802,SERVO_OUTPUT_RAW,0,0,0,0,0,0,0,0,1000,1000,1000,1000,0,0,0,0,0
2025-12-15 00:56:36.594,SERVO_OUTPUT_RAW,1351809833,SERVO_OUTPUT_RAW,0,0,0,0,0,0,0,0,1000,1000,1000,1000,0,0,0,0,0
2025-12-15 00:56:36.694,SERVO_OUTPUT_RAW,1351909854,SERVO_OUTPUT_RAW,0,0,0,0,0,0,0,0,1000,1000,1000,1000,0,0,0,0,0
2025-12-15 00:56:36.794,SERVO_OUTPUT_RAW,1352009882,SERVO_OUTPUT_RAW,0,0,0,0,0,0,0,0,1000,1000,1000,1000,0,0,0,0,0
2025-12-15 00:56:36.895,SERVO_OUTPUT_RAW,1352109892,SERVO_OUTPUT_RAW,0,0,0,0,0,0,0,0,1000,1000,1000,1000,0,0,0,0,0
2025-12-15 00:56:36.994,SERVO_OUTPUT_RAW,1352209811,SERVO_OUTPUT_RAW,0,0,0,0,0,0,0,0,1000,1000,1000,1000,0,0,0,0,0
2025-12-15 00:56:37.094,SERVO_OUTPUT_RAW,1352309826,SERVO_OUTPUT_RAW,0,0,0,0,0,0,0,0,1000,1000,1000,1000,0,0,0,0,0
2025-12-15 00:56:37.194,SERVO_OUTPUT_RAW,1352409814,SERVO_OUTPUT_RAW,0,0,0,0,0,0,0,0,1000,1000,1000,1000,0,0,0,0,0
2025-12-15 00:56:37.294,SERVO_OUTPUT_RAW,1352509782,SERVO_OUTPUT_RAW,0,0,0,0,0,0,0,0,1000,1000,1000,1000,0,0,0,0,0
2025-12-15 00:56:37.394,SERVO_OUTPUT_RAW,1352609805,SERVO_OUTPUT_RAW,0,0,0,0,0,0,0,0,1000,1000,1000,1000,0,0,0,0,0
2025-12-15 00:56:37.495,SERVO_OUTPUT_RAW,1352709842,SERVO_OUTPUT_RAW,0,0,0,0,0,0,0,0,1000,1000,1000,1000,0,0,0,0,0
2025-12-15 00:56:37.594,SERVO_OUTPUT_RAW,1352809784,SERVO_OUTPUT_RAW,0,0,0,0,0,0,0,0,1000,1000,1000,1000,0,0,0,0,0
2025-12-15 00:56:37.694,SERVO_OUTPUT_RAW,1352909812,SERVO_OUTPUT_RAW,0,0,0,0,0,0,0,0,1000,1000,1000,1000,0,0,0,0,0
2025-12-15 00:56:37.794,SERVO_OUTPUT_RAW,1353009796,SERVO_OUTPUT_RAW,0,0,0,0,0,0,0,0,1000,1000,1000,1000,0,0,0,0,0
2025-12-15 00:56:37.895,SERVO_OUTPUT_RAW,1353109802,SERVO_OUTPUT_RAW,0,0,0,0,0,0,0,0,1000,1000,1000,1000,0,0,0,0,0
2025-12-15 00:56:37.994,SERVO_OUTPUT_RAW,1353209801,SERVO_OUTPUT_RAW,0,0,0,0,0,0,0,0,1000,1000,1000,1000,0,0,0,0,0
2025-12-15 00:56:38.094,SERVO_OUTPUT_RAW,1353312186,SERVO_OUTPUT_RAW,0,0,0,0,0,0,0,0,1000,1000,1000,1000,0,0,0,0,0
2025-12-15 00:56:38.194,SERVO_OUTPUT_RAW,1353409847,SERVO_OUTPUT_RAW,0,0,0,0,0,0,0,0,1000,1000,1000,1000,0,0,0,0,0
2025-12-15 00:56:38.294,SERVO_OUTPUT_RAW,1353509841,SERVO_OUTPUT_RAW,0,0,0,0,0,0,0,0,1000,1000,1000,1000,0,0,0,0,0
2025-12-15 00:56:38.394,SERVO_OUTPUT_RAW,1353609803,SERVO_OUTPUT_RAW,0,0,0,0,0,0,0,0,1000,1000,1000,1000,0,0,0,0,0
2025-12-15 00:56:38.494,SERVO_OUTPUT_RAW,1353709814,SERVO_OUTPUT_RAW,0,0,0,0,0,0,0,0,1000,1000,1000,1000,0,0,0,0,0
2025-12-15 00:56:38.594,SERVO_OUTPUT_RAW,1353809845,SERVO_OUTPUT_RAW,0,0,0,0,0,0,0,0,1000,1000,1000,1000,0,0,0,0,0
2025-12-15 00:56:38.694,SERVO_OUTPUT_RAW,1353909837,SERVO_OUTPUT_RAW,0,0,0,0,0,0,0,0,1000,1000,1000,1000,0,0,0,0,0
2025-12-15 00:56:38.794,SERVO_OUTPUT_RAW,1354009786,SERVO_OUTPUT_RAW,0,0,0,0,0,0,0,0,1000,1000,1000,1000,0,0,0,0,0
2025-12-15 00:56:38.894,SERVO_OUTPUT_RAW,1354109794,SERVO_OUTPUT_RAW,0,0,0,0,0,0,0,0,1000,1000,1000,1000,0,0,0,0,0
2025-12-15 00:56:38.994,SERVO_OUTPUT_RAW,1354209824,SERVO_OUTPUT_RAW,0,0,0,0,0,0,0,0,1000,1000,1000,1000,0,0,0,0,0
2025-12-15 00:56:39.094,SERVO_OUTPUT_RAW,1354309810,SERVO_OUTPUT_RAW,0,0,0,0,0,0,0,0,1000,1000,1000,1000,0,0,0,0,0
2025-12-15 00:56:39.195,SERVO_OUTPUT_RAW,1354409789,SERVO_OUTPUT_RAW,0,0,0,0,0,0,0,0,1000,1000,1000,1000,0,0,0,0,0
2025-12-15 00:56:39.294,SERVO_OUTPUT_RAW,1354509783,SERVO_OUTPUT_RAW,0,0,0,0,0,0,0,0,1000,1000,1000,1000,0,0,0,0,0
2025-12-15 00:56:39.394,SERVO_OUTPUT_RAW,1354609786,SERVO_OUTPUT_RAW,0,0,0,0,0,0,0,0,1000,1000,1000,1000,0,0,0,0,0
2025-12-15 00:56:39.495,SERVO_OUTPUT_RAW,1354709812,SERVO_OUTPUT_RAW,0,0,0,0,0,0,0,0,1000,1000,1000,1000,0,0,0,0,0
2025-12-15 00:56:39.594,SERVO_OUTPUT_RAW,1354809797,SERVO_OUTPUT_RAW,0,0,0,0,0,0,0,0,1000,1000,1000,1000,0,0,0,0,0
2025-12-15 00:56:39.694,SERVO_OUTPUT_RAW,1354909825,SERVO_OUTPUT_RAW,0,0,0,0,0,0,0,0,1000,1000,1000,1000,0,0,0,0,0
2025-12-15 00:56:39.795,SERVO_OUTPUT_RAW,1355009872,SERVO_OUTPUT_RAW,0,0,0,0,0,0,0,0,1000,1000,1000,1000,0,0,0,0,0
2025-12-15 00:56:39.896,SERVO_OUTPUT_RAW,1355109855,SERVO_OUTPUT_RAW,0,0,0,0,0,0,0,0,1000,1000,1000,1000,0,0,0,0,0
2025-12-15 00:56:39.994,SERVO_OUTPUT_RAW,1355209783,SERVO_OUTPUT_RAW,0,0,0,0,0,0,0,0,1000,1000,1000,1000,0,0,0,0,0
2025-12-15 00:56:40.094,SERVO_OUTPUT_RAW,1355309817,SERVO_OUTPUT_RAW,0,0,0,0,0,0,0,0,1000,1000,1000,1000,0,0,0,0,0
2025-12-15 00:56:40.195,SERVO_OUTPUT_RAW,1355412082,SERVO_OUTPUT_RAW,0,0,0,0,0,0,0,0,1000,1000,1000,1000,0,0,0,0,0
2025-12-15 00:56:40.295,SERVO_OUTPUT_RAW,1355509774,SERVO_OUTPUT_RAW,0,0,0,0,0,0,0,0,1000,1000,1000,1000,0,0,0,0,0
2025-12-15 00:56:40.395,SERVO_OUTPUT_RAW,1355609807,SERVO_OUTPUT_RAW,0,0,0,0,0,0,0,0,1000,1000,1000,1000,0,0,0,0,0
2025-12-15 00:56:40.495,SERVO_OUTPUT_RAW,1355709815,SERVO_OUTPUT_RAW,0,0,0,0,0,0,0,0,1000,1000,1000,1000,0,0,0,0,0
2025-12-15 00:56:40.595,SERVO_OUTPUT_RAW,1355809807,SERVO_OUTPUT_RAW,0,0,0,0,0,0,0,0,1000,1000,1000,1000,0,0,0,0,0
2025-12-15 00:56:40.695,SERVO_OUTPUT_RAW,1355909788,SERVO_OUTPUT_RAW,0,0,0,0,0,0,0,0,1000,1000,1000,1000,0,0,0,0,0
2025-12-15 00:56:40.795,SERVO_OUTPUT_RAW,1356009815,SERVO_OUTPUT_RAW,0,0,0,0,0,0,0,0,1000,1000,1000,1000,0,0,0,0,0
2025-12-15 00:56:40.895,SERVO_OUTPUT_RAW,1356109796,SERVO_OUTPUT_RAW,0,0,0,0,0,0,0,0,1000,1000,1000,1000,0,0,0,0,0
2025-12-15 00:56:40.995,SERVO_OUTPUT_RAW,1356209796,SERVO_OUTPUT_RAW,0,0,0,0,0,0,0,0,1000,1000,1000,1000,0,0,0,0,0
2025-12-15 00:56:41.095,SERVO_OUTPUT_RAW,1356309801,SERVO_OUTPUT_RAW,0,0,0,0,0,0,0,0,1000,1000,1000,1000,0,0,0,0,0
2025-12-15 00:56:41.195,SERVO_OUTPUT_RAW,1356409798,SERVO_OUTPUT_RAW,0,0,0,0,0,0,0,0,1000,1000,1000,1000,0,0,0,0,0
2025-12-15 00:56:41.295,SERVO_OUTPUT_RAW,1356509842,SERVO_OUTPUT_RAW,0,0,0,0,0,0,0,0,1000,1000,1000,1000,0,0,0,0,0
2025-12-15 00:56:41.395,SERVO_OUTPUT_RAW,1356609844,SERVO_OUTPUT_RAW,0,0,0,0,0,0,0,0,1000,1000,1000,1000,0,0,0,0,0
2025-12-15 00:56:41.495,SERVO_OUTPUT_RAW,1356709799,SERVO_OUTPUT_RAW,0,0,0,0,0,0,0,0,1000,1000,1000,1000,0,0,0,0,0
2025-12-15 00:56:41.595,SERVO_OUTPUT_RAW,1356809794,SERVO_OUTPUT_RAW,0,0,0,0,0,0,0,0,1000,1000,1000,1000,0,0,0,0,0
2025-12-15 00:56:41.695,SERVO_OUTPUT_RAW,1356909825,SERVO_OUTPUT_RAW,0,0,0,0,0,0,0,0,1000,1000,1000,1000,0,0,0,0,0
2025-12-15 00:56:41.795,SERVO_OUTPUT_RAW,1357009851,SERVO_OUTPUT_RAW,0,0,0,0,0,0,0,0,1000,1000,1000,1000,0,0,0,0,0
2025-12-15 00:56:41.895,SERVO_OUTPUT_RAW,1357109791,SERVO_OUTPUT_RAW,0,0,0,0,0,0,0,0,1000,1000,1000,1000,0,0,0,0,0
2025-12-15 00:56:41.995,SERVO_OUTPUT_RAW,1357209810,SERVO_OUTPUT_RAW,0,0,0,0,0,0,0,0,1000,1000,1000,1000,0,0,0,0,0
2025-12-15 00:56:42.095,SERVO_OUTPUT_RAW,1357309829,SERVO_OUTPUT_RAW,0,0,0,0,0,0,0,0,1000,1000,1000,1000,0,0,0,0,0
2025-12-15 00:56:42.195,SERVO_OUTPUT_RAW,1357409828,SERVO_OUTPUT_RAW,0,0,0,0,0,0,0,0,1000,1000,1000,1000,0,0,0,0,0
2025-12-15 00:56:42.295,SERVO_OUTPUT_RAW,1357509880,SERVO_OUTPUT_RAW,0,0,0,0,0,0,0,0,1000,1000,1000,1000,0,0,0,0,0
2025-12-15 00:56:42.397,SERVO_OUTPUT_RAW,1357609800,SERVO_OUTPUT_RAW,0,0,0,0,0,0,0,0,1000,1000,1000,1000,0,0,0,0,0
2025-12-15 00:56:42.495,SERVO_OUTPUT_RAW,1357709784,SERVO_OUTPUT_RAW,0,0,0,0,0,0,0,0,1000,1000,1000,1000,0,0,0,0,0
2025-12-15 00:56:42.594,SERVO_OUTPUT_RAW,1357809788,SERVO_OUTPUT_RAW,0,0,0,0,0,0,0,0,1000,1000,1000,1000,0,0,0,0,0
2025-12-15 00:56:42.695,SERVO_OUTPUT_RAW,1357909820,SERVO_OUTPUT_RAW,0,0,0,0,0,0,0,0,1000,1000,1000,1000,0,0,0,0,0
2025-12-15 00:56:42.795,SERVO_OUTPUT_RAW,1358009810,SERVO_OUTPUT_RAW,0,0,0,0,0,0,0,0,1000,1000,1000,1000,0,0,0,0,0
2025-12-15 00:56:42.895,SERVO_OUTPUT_RAW,1358109863,SERVO_OUTPUT_RAW,0,0,0,0,0,0,0,0,1000,1000,1000,1000,0,0,0,0,0
2025-12-15 00:56:42.995,SERVO_OUTPUT_RAW,1358209831,SERVO_OUTPUT_RAW,0,0,0,0,0,0,0,0,1000,1000,1000,1000,0,0,0,0,0
2025-12-15 00:56:43.095,SERVO_OUTPUT_RAW,1358309820,SERVO_OUTPUT_RAW,0,0,0,0,0,0,0,0,1000,1000,1000,1000,0,0,0,0,0
2025-12-15 00:56:43.195,SERVO_OUTPUT_RAW,1358409814,SERVO_OUTPUT_RAW,0,0,0,0,0,0,0,0,1000,1000,1000,1000,0,0,0,0,0
2025-12-15 00:56:43.295,SERVO_OUTPUT_RAW,1358509837,SERVO_OUTPUT_RAW,0,0,0,0,0,0,0,0,1000,1000,1000,1000,0,0,0,0,0
2025-12-15 00:56:43.395,SERVO_OUTPUT_RAW,1358609852,SERVO_OUTPUT_RAW,0,0,0,0,0,0,0,0,1000,1000,1000,1000,0,0,0,0,0
2025-12-15 00:56:43.495,SERVO_OUTPUT_RAW,1358709787,SERVO_OUTPUT_RAW,0,0,0,0,0,0,0,0,1000,1000,1000,1000,0,0,0,0,0
2025-12-15 00:56:43.595,SERVO_OUTPUT_RAW,1358809800,SERVO_OUTPUT_RAW,0,0,0,0,0,0,0,0,1000,1000,1000,1000,0,0,0,0,0
2025-12-15 00:56:43.695,SERVO_OUTPUT_RAW,1358909834,SERVO_OUTPUT_RAW,0,0,0,0,0,0,0,0,1000,1000,1000,1000,0,0,0,0,0
2025-12-15 00:56:43.795,SERVO_OUTPUT_RAW,1359009780,SERVO_OUTPUT_RAW,0,0,0,0,0,0,0,0,1000,1000,1000,1000,0,0,0,0,0
2025-12-15 00:56:43.895,SERVO_OUTPUT_RAW,1359109786,SERVO_OUTPUT_RAW,0,0,0,0,0,0,0,0,1000,1000,1000,1000,0,0,0,0,0
2025-12-15 00:56:43.995,SERVO_OUTPUT_RAW,1359209812,SERVO_OUTPUT_RAW,0,0,0,0,0,0,0,0,1000,1000,1000,1000,0,0,0,0,0
2025-12-15 00:56:44.095,SERVO_OUTPUT_RAW,1359309782,SERVO_OUTPUT_RAW,0,0,0,0,0,0,0,0,1000,1000,1000,1000,0,0,0,0,0
2025-12-15 00:56:44.195,SERVO_OUTPUT_RAW,1359409786,SERVO_OUTPUT_RAW,0,0,0,0,0,0,0,0,1000,1000,1000,1000,0,0,0,0,0
2025-12-15 00:56:44.295,SERVO_OUTPUT_RAW,1359509783,SERVO_OUTPUT_RAW,0,0,0,0,0,0,0,0,1000,1000,1000,1000,0,0,0,0,0
2025-12-15 00:56:44.395,SERVO_OUTPUT_RAW,1359612211,SERVO_OUTPUT_RAW,0,0,0,0,0,0,0,0,1000,1000,1000,1000,0,0,0,0,0
2025-12-15 00:56:44.495,SERVO_OUTPUT_RAW,1359709842,SERVO_OUTPUT_RAW,0,0,0,0,0,0,0,0,1000,1000,1000,1000,0,0,0,0,0
2025-12-15 00:56:44.595,SERVO_OUTPUT_RAW,1359809791,SERVO_OUTPUT_RAW,0,0,0,0,0,0,0,0,1000,1000,1000,1000,0,0,0,0,0
2025-12-15 00:56:44.695,SERVO_OUTPUT_RAW,1359909807,SERVO_OUTPUT_RAW,0,0,0,0,0,0,0,0,1000,1000,1000,1000,0,0,0,0,0
2025-12-15 00:56:44.795,SERVO_OUTPUT_RAW,1360009819,SERVO_OUTPUT_RAW,0,0,0,0,0,0,0,0,1000,1000,1000,1000,0,0,0,0,0
2025-12-15 00:56:44.895,SERVO_OUTPUT_RAW,1360109858,SERVO_OUTPUT_RAW,0,0,0,0,0,0,0,0,1000,1000,1000,1000,0,0,0,0,0
2025-12-15 00:56:44.995,SERVO_OUTPUT_RAW,1360209836,SERVO_OUTPUT_RAW,0,0,0,0,0,0,0,0,1000,1000,1000,1000,0,0,0,0,0
2025-12-15 00:56:45.096,SERVO_OUTPUT_RAW,1360309795,SERVO_OUTPUT_RAW,0,0,0,0,0,0,0,0,1000,1000,1000,1000,0,0,0,0,0
2025-12-15 00:56:45.195,SERVO_OUTPUT_RAW,1360409816,SERVO_OUTPUT_RAW,0,0,0,0,0,0,0,0,1000,1000,1000,1000,0,0,0,0,0
2025-12-15 00:56:45.295,SERVO_OUTPUT_RAW,1360509824,SERVO_OUTPUT_RAW,0,0,0,0,0,0,0,0,1000,1000,1000,1000,0,0,0,0,0
2025-12-15 00:56:45.395,SERVO_OUTPUT_RAW,1360609790,SERVO_OUTPUT_RAW,0,0,0,0,0,0,0,0,1000,1000,1000,1000,0,0,0,0,0
2025-12-15 00:56:45.495,SERVO_OUTPUT_RAW,1360709782,SERVO_OUTPUT_RAW,0,0,0,0,0,0,0,0,1000,1000,1000,1000,0,0,0,0,0
2025-12-15 00:56:45.594,SERVO_OUTPUT_RAW,1360809810,SERVO_OUTPUT_RAW,0,0,0,0,0,0,0,0,1000,1000,1000,1000,0,0,0,0,0
2025-12-15 00:56:45.694,SERVO_OUTPUT_RAW,1360909778,SERVO_OUTPUT_RAW,0,0,0,0,0,0,0,0,1000,1000,1000,1000,0,0,0,0,0
2025-12-15 00:56:45.795,SERVO_OUTPUT_RAW,1361009798,SERVO_OUTPUT_RAW,0,0,0,0,0,0,0,0,1000,1000,1000,1000,0,0,0,0,0
2025-12-15 00:56:45.894,SERVO_OUTPUT_RAW,1361109799,SERVO_OUTPUT_RAW,0,0,0,0,0,0,0,0,1000,1000,1000,1000,0,0,0,0,0
2025-12-15 00:56:45.994,SERVO_OUTPUT_RAW,1361209767,SERVO_OUTPUT_RAW,0,0,0,0,0,0,0,0,1000,1000,1000,1000,0,0,0,0,0
2025-12-15 00:56:46.095,SERVO_OUTPUT_RAW,1361309791,SERVO_OUTPUT_RAW,0,0,0,0,0,0,0,0,1000,1000,1000,1000,0,0,0,0,0
2025-12-15 00:56:46.194,SERVO_OUTPUT_RAW,1361409785,SERVO_OUTPUT_RAW,0,0,0,0,0,0,0,0,1000,1000,1000,1000,0,0,0,0,0
2025-12-15 00:56:46.294,SERVO_OUTPUT_RAW,1361509793,SERVO_OUTPUT_RAW,0,0,0,0,0,0,0,0,1000,1000,1000,1000,0,0,0,0,0
2025-12-15 00:56:46.394,SERVO_OUTPUT_RAW,1361609843,SERVO_OUTPUT_RAW,0,0,0,0,0,0,0,0,1000,1000,1000,1000,0,0,0,0,0
2025-12-15 00:56:46.494,SERVO_OUTPUT_RAW,1361712015,SERVO_OUTPUT_RAW,0,0,0,0,0,0,0,0,1000,1000,1000,1000,0,0,0,0,0
2025-12-15 00:56:46.594,SERVO_OUTPUT_RAW,1361809865,SERVO_OUTPUT_RAW,0,0,0,0,0,0,0,0,1000,1000,1000,1000,0,0,0,0,0
2025-12-15 00:56:46.695,SERVO_OUTPUT_RAW,1361909805,SERVO_OUTPUT_RAW,0,0,0,0,0,0,0,0,1000,1000,1000,1000,0,0,0,0,0
2025-12-15 00:56:46.794,SERVO_OUTPUT_RAW,1362009819,SERVO_OUTPUT_RAW,0,0,0,0,0,0,0,0,1000,1000,1000,1000,0,0,0,0,0
2025-12-15 00:56:46.894,SERVO_OUTPUT_RAW,1362109838,SERVO_OUTPUT_RAW,0,0,0,0,0,0,0,0,1000,1000,1000,1000,0,0,0,0,0
2025-12-15 00:56:46.994,SERVO_OUTPUT_RAW,1362209780,SERVO_OUTPUT_RAW,0,0,0,0,0,0,0,0,1000,1000,1000,1000,0,0,0,0,0
2025-12-15 00:56:47.095,SERVO_OUTPUT_RAW,1362309783,SERVO_OUTPUT_RAW,0,0,0,0,0,0,0,0,1000,1000,1000,1000,0,0,0,0,0
2025-12-15 00:56:47.194,SERVO_OUTPUT_RAW,1362409793,SERVO_OUTPUT_RAW,0,0,0,0,0,0,0,0,1000,1000,1000,1000,0,0,0,0,0
2025-12-15 00:56:47.295,SERVO_OUTPUT_RAW,1362509786,SERVO_OUTPUT_RAW,0,0,0,0,0,0,0,0,1000,1000,1000,1000,0,0,0,0,0
2025-12-15 00:56:47.395,SERVO_OUTPUT_RAW,1362609803,SERVO_OUTPUT_RAW,0,0,0,0,0,0,0,0,1000,1000,1000,1000,0,0,0,0,0
2025-12-15 00:56:47.494,SERVO_OUTPUT_RAW,1362709829,SERVO_OUTPUT_RAW,0,0,0,0,0,0,0,0,1000,1000,1000,1000,0,0,0,0,0
2025-12-15 00:56:47.595,SERVO_OUTPUT_RAW,1362809855,SERVO_OUTPUT_RAW,0,0,0,0,0,0,0,0,1000,1000,1000,1000,0,0,0,0,0
2025-12-15 00:56:47.694,SERVO_OUTPUT_RAW,1362909839,SERVO_OUTPUT_RAW,0,0,0,0,0,0,0,0,1000,1000,1000,1000,0,0,0,0,0
2025-12-15 00:56:47.795,SERVO_OUTPUT_RAW,1363009780,SERVO_OUTPUT_RAW,0,0,0,0,0,0,0,0,1000,1000,1000,1000,0,0,0,0,0
2025-12-15 00:56:47.895,SERVO_OUTPUT_RAW,1363109823,SERVO_OUTPUT_RAW,0,0,0,0,0,0,0,0,1000,1000,1000,1000,0,0,0,0,0
2025-12-15 00:56:47.995,SERVO_OUTPUT_RAW,1363209841,SERVO_OUTPUT_RAW,0,0,0,0,0,0,0,0,1000,1000,1000,1000,0,0,0,0,0
2025-12-15 00:56:48.095,SERVO_OUTPUT_RAW,1363309769,SERVO_OUTPUT_RAW,0,0,0,0,0,0,0,0,1000,1000,1000,1000,0,0,0,0,0
2025-12-15 00:56:48.195,SERVO_OUTPUT_RAW,1363409779,SERVO_OUTPUT_RAW,0,0,0,0,0,0,0,0,1000,1000,1000,1000,0,0,0,0,0
2025-12-15 00:56:48.295,SERVO_OUTPUT_RAW,1363509805,SERVO_OUTPUT_RAW,0,0,0,0,0,0,0,0,1000,1000,1000,1000,0,0,0,0,0
2025-12-15 00:56:48.395,SERVO_OUTPUT_RAW,1363609818,SERVO_OUTPUT_RAW,0,0,0,0,0,0,0,0,1000,1000,1000,1000,0,0,0,0,0
2025-12-15 00:56:48.495,SERVO_OUTPUT_RAW,1363709877,SERVO_OUTPUT_RAW,0,0,0,0,0,0,0,0,1000,1000,1000,1000,0,0,0,0,0
2025-12-15 00:56:48.595,SERVO_OUTPUT_RAW,1363809887,SERVO_OUTPUT_RAW,0,0,0,0,0,0,0,0,1000,1000,1000,1000,0,0,0,0,0
2025-12-15 00:56:48.695,SERVO_OUTPUT_RAW,1363909795,SERVO_OUTPUT_RAW,0,0,0,0,0,0,0,0,1000,1000,1000,1000,0,0,0,0,0
2025-12-15 00:56:48.795,SERVO_OUTPUT_RAW,1364009788,SERVO_OUTPUT_RAW,0,0,0,0,0,0,0,0,1000,1000,1000,1000,0,0,0,0,0
2025-12-15 00:56:48.895,SERVO_OUTPUT_RAW,1364112114,SERVO_OUTPUT_RAW,0,0,0,0,0,0,0,0,1000,1000,1000,1000,0,0,0,0,0
2025-12-15 00:56:48.995,SERVO_OUTPUT_RAW,1364209790,SERVO_OUTPUT_RAW,0,0,0,0,0,0,0,0,1000,1000,1000,1000,0,0,0,0,0
2025-12-15 00:56:49.095,SERVO_OUTPUT_RAW,1364309833,SERVO_OUTPUT_RAW,0,0,0,0,0,0,0,0,1000,1000,1000,1000,0,0,0,0,0
2025-12-15 00:56:49.195,SERVO_OUTPUT_RAW,1364409841,SERVO_OUTPUT_RAW,0,0,0,0,0,0,0,0,1000,1000,1000,1000,0,0,0,0,0
2025-12-15 00:56:49.295,SERVO_OUTPUT_RAW,1364509810,SERVO_OUTPUT_RAW,0,0,0,0,0,0,0,0,1000,1000,1000,1000,0,0,0,0,0
2025-12-15 00:56:49.395,SERVO_OUTPUT_RAW,1364609845,SERVO_OUTPUT_RAW,0,0,0,0,0,0,0,0,1000,1000,1000,1000,0,0,0,0,0
2025-12-15 00:56:49.495,SERVO_OUTPUT_RAW,1364709850,SERVO_OUTPUT_RAW,0,0,0,0,0,0,0,0,1000,1000,1000,1000,0,0,0,0,0
2025-12-15 00:56:49.595,SERVO_OUTPUT_RAW,1364809857,SERVO_OUTPUT_RAW,0,0,0,0,0,0,0,0,1000,1000,1000,1000,0,0,0,0,0
2025-12-15 00:56:49.695,SERVO_OUTPUT_RAW,1364909812,SERVO_OUTPUT_RAW,0,0,0,0,0,0,0,0,1000,1000,1000,1000,0,0,0,0,0
2025-12-15 00:56:49.795,SERVO_OUTPUT_RAW,1365009812,SERVO_OUTPUT_RAW,0,0,0,0,0,0,0,0,1000,1000,1000,1000,0,0,0,0,0
2025-12-15 00:56:49.896,SERVO_OUTPUT_RAW,1365109837,SERVO_OUTPUT_RAW,0,0,0,0,0,0,0,0,1000,1000,1000,1000,0,0,0,0,0
2025-12-15 00:56:49.995,SERVO_OUTPUT_RAW,1365209809,SERVO_OUTPUT_RAW,0,0,0,0,0,0,0,0,1000,1000,1000,1000,0,0,0,0,0
2025-12-15 00:56:50.095,SERVO_OUTPUT_RAW,1365309775,SERVO_OUTPUT_RAW,0,0,0,0,0,0,0,0,1000,1000,1000,1000,0,0,0,0,0
2025-12-15 00:56:50.195,SERVO_OUTPUT_RAW,1365409786,SERVO_OUTPUT_RAW,0,0,0,0,0,0,0,0,1000,1000,1000,1000,0,0,0,0,0
2025-12-15 00:56:50.295,SERVO_OUTPUT_RAW,1365509794,SERVO_OUTPUT_RAW,0,0,0,0,0,0,0,0,1000,1000,1000,1000,0,0,0,0,0
2025-12-15 00:56:50.395,SERVO_OUTPUT_RAW,1365609787,SERVO_OUTPUT_RAW,0,0,0,0,0,0,0,0,1000,1000,1000,1000,0,0,0,0,0
2025-12-15 00:56:50.495,SERVO_OUTPUT_RAW,1365709806,SERVO_OUTPUT_RAW,0,0,0,0,0,0,0,0,1000,1000,1000,1000,0,0,0,0,0
2025-12-15 00:56:50.595,SERVO_OUTPUT_RAW,1365809808,SERVO_OUTPUT_RAW,0,0,0,0,0,0,0,0,1000,1000,1000,1000,0,0,0,0,0
2025-12-15 00:56:50.695,SERVO_OUTPUT_RAW,1365912162,SERVO_OUTPUT_RAW,0,0,0,0,0,0,0,0,1000,1000,1000,1000,0,0,0,0,0
2025-12-15 00:56:50.795,SERVO_OUTPUT_RAW,1366009811,SERVO_OUTPUT_RAW,0,0,0,0,0,0,0,0,1000,1000,1000,1000,0,0,0,0,0
2025-12-15 00:56:50.895,SERVO_OUTPUT_RAW,1366109814,SERVO_OUTPUT_RAW,0,0,0,0,0,0,0,0,1000,1000,1000,1000,0,0,0,0,0
2025-12-15 00:56:50.995,SERVO_OUTPUT_RAW,1366209813,SERVO_OUTPUT_RAW,0,0,0,0,0,0,0,0,1000,1000,1000,1000,0,0,0,0,0
2025-12-15 00:56:51.095,SERVO_OUTPUT_RAW,1366309833,SERVO_OUTPUT_RAW,0,0,0,0,0,0,0,0,1000,1000,1000,1000,0,0,0,0,0
2025-12-15 00:56:51.195,SERVO_OUTPUT_RAW,1366409858,SERVO_OUTPUT_RAW,0,0,0,0,0,0,0,0,1000,1000,1000,1000,0,0,0,0,0
2025-12-15 00:56:51.296,SERVO_OUTPUT_RAW,1366509796,SERVO_OUTPUT_RAW,0,0,0,0,0,0,0,0,1000,1000,1000,1000,0,0,0,0,0
2025-12-15 00:56:51.395,SERVO_OUTPUT_RAW,1366609814,SERVO_OUTPUT_RAW,0,0,0,0,0,0,0,0,1000,1000,1000,1000,0,0,0,0,0
2025-12-15 00:56:51.495,SERVO_OUTPUT_RAW,1366709821,SERVO_OUTPUT_RAW,0,0,0,0,0,0,0,0,1000,1000,1000,1000,0,0,0,0,0
2025-12-15 00:56:51.595,SERVO_OUTPUT_RAW,1366809827,SERVO_OUTPUT_RAW,0,0,0,0,0,0,0,0,1000,1000,1000,1000,0,0,0,0,0
2025-12-15 00:56:51.695,SERVO_OUTPUT_RAW,1366909776,SERVO_OUTPUT_RAW,0,0,0,0,0,0,0,0,1000,1000,1000,1000,0,0,0,0,0
2025-12-15 00:56:51.795,SERVO_OUTPUT_RAW,1367009819,SERVO_OUTPUT_RAW,0,0,0,0,0,0,0,0,1000,1000,1000,1000,0,0,0,0,0
2025-12-15 00:56:51.895,SERVO_OUTPUT_RAW,1367109798,SERVO_OUTPUT_RAW,0,0,0,0,0,0,0,0,1000,1000,1000,1000,0,0,0,0,0
2025-12-15 00:56:51.995,SERVO_OUTPUT_RAW,1367209787,SERVO_OUTPUT_RAW,0,0,0,0,0,0,0,0,1000,1000,1000,1000,0,0,0,0,0
2025-12-15 00:56:52.096,SERVO_OUTPUT_RAW,1367309800,SERVO_OUTPUT_RAW,0,0,0,0,0,0,0,0,1000,1000,1000,1000,0,0,0,0,0
2025-12-15 00:56:52.196,SERVO_OUTPUT_RAW,1367409817,SERVO_OUTPUT_RAW,0,0,0,0,0,0,0,0,1000,1000,1000,1000,0,0,0,0,0
2025-12-15 00:56:52.295,SERVO_OUTPUT_RAW,1367509847,SERVO_OUTPUT_RAW,0,0,0,0,0,0,0,0,1000,1000,1000,1000,0,0,0,0,0
2025-12-15 00:56:52.395,SERVO_OUTPUT_RAW,1367609877,SERVO_OUTPUT_RAW,0,0,0,0,0,0,0,0,1000,1000,1000,1000,0,0,0,0,0
2025-12-15 00:56:52.496,SERVO_OUTPUT_RAW,1367709794,SERVO_OUTPUT_RAW,0,0,0,0,0,0,0,0,1000,1000,1000,1000,0,0,0,0,0
2025-12-15 00:56:52.595,SERVO_OUTPUT_RAW,1367809827,SERVO_OUTPUT_RAW,0,0,0,0,0,0,0,0,1000,1000,1000,1000,0,0,0,0,0
2025-12-15 00:56:52.695,SERVO_OUTPUT_RAW,1367909841,SERVO_OUTPUT_RAW,0,0,0,0,0,0,0,0,1000,1000,1000,1000,0,0,0,0,0
2025-12-15 00:56:52.795,SERVO_OUTPUT_RAW,1368012019,SERVO_OUTPUT_RAW,0,0,0,0,0,0,0,0,1000,1000,1000,1000,0,0,0,0,0
2025-12-15 00:56:52.895,SERVO_OUTPUT_RAW,1368109794,SERVO_OUTPUT_RAW,0,0,0,0,0,0,0,0,1000,1000,1000,1000,0,0,0,0,0
2025-12-15 00:56:52.995,SERVO_OUTPUT_RAW,1368209829,SERVO_OUTPUT_RAW,0,0,0,0,0,0,0,0,1000,1000,1000,1000,0,0,0,0,0
2025-12-15 00:56:53.095,SERVO_OUTPUT_RAW,1368309819,SERVO_OUTPUT_RAW,0,0,0,0,0,0,0,0,1000,1000,1000,1000,0,0,0,0,0
2025-12-15 00:56:53.195,SERVO_OUTPUT_RAW,1368409798,SERVO_OUTPUT_RAW,0,0,0,0,0,0,0,0,1000,1000,1000,1000,0,0,0,0,0
2025-12-15 00:56:53.295,SERVO_OUTPUT_RAW,1368509798,SERVO_OUTPUT_RAW,0,0,0,0,0,0,0,0,1000,1000,1000,1000,0,0,0,0,0
2025-12-15 00:56:53.395,SERVO_OUTPUT_RAW,1368609796,SERVO_OUTPUT_RAW,0,0,0,0,0,0,0,0,1000,1000,1000,1000,0,0,0,0,0
2025-12-15 00:56:53.495,SERVO_OUTPUT_RAW,1368709780,SERVO_OUTPUT_RAW,0,0,0,0,0,0,0,0,1000,1000,1000,1000,0,0,0,0,0
2025-12-15 00:56:53.595,SERVO_OUTPUT_RAW,1368809778,SERVO_OUTPUT_RAW,0,0,0,0,0,0,0,0,1000,1000,1000,1000,0,0,0,0,0
2025-12-15 00:56:53.695,SERVO_OUTPUT_RAW,1368909815,SERVO_OUTPUT_RAW,0,0,0,0,0,0,0,0,1000,1000,1000,1000,0,0,0,0,0
2025-12-15 00:56:53.795,SERVO_OUTPUT_RAW,1369009830,SERVO_OUTPUT_RAW,0,0,0,0,0,0,0,0,1000,1000,1000,1000,0,0,0,0,0
2025-12-15 00:56:53.895,SERVO_OUTPUT_RAW,1369109846,SERVO_OUTPUT_RAW,0,0,0,0,0,0,0,0,1000,1000,1000,1000,0,0,0,0,0
2025-12-15 00:56:53.995,SERVO_OUTPUT_RAW,1369209810,SERVO_OUTPUT_RAW,0,0,0,0,0,0,0,0,1000,1000,1000,1000,0,0,0,0,0
2025-12-15 00:56:54.096,SERVO_OUTPUT_RAW,1369309800,SERVO_OUTPUT_RAW,0,0,0,0,0,0,0,0,1000,1000,1000,1000,0,0,0,0,0
2025-12-15 00:56:54.195,SERVO_OUTPUT_RAW,1369409848,SERVO_OUTPUT_RAW,0,0,0,0,0,0,0,0,1000,1000,1000,1000,0,0,0,0,0
2025-12-15 00:56:54.295,SERVO_OUTPUT_RAW,1369509864,SERVO_OUTPUT_RAW,0,0,0,0,0,0,0,0,1000,1000,1000,1000,0,0,0,0,0
2025-12-15 00:56:54.395,SERVO_OUTPUT_RAW,1369609787,SERVO_OUTPUT_RAW,0,0,0,0,0,0,0,0,1000,1000,1000,1000,0,0,0,0,0
2025-12-15 00:56:54.495,SERVO_OUTPUT_RAW,1369709794,SERVO_OUTPUT_RAW,0,0,0,0,0,0,0,0,1000,1000,1000,1000,0,0,0,0,0
2025-12-15 00:56:54.595,SERVO_OUTPUT_RAW,1369809822,SERVO_OUTPUT_RAW,0,0,0,0,0,0,0,0,1000,1000,1000,1000,0,0,0,0,0
2025-12-15 00:56:54.695,SERVO_OUTPUT_RAW,1369909832,SERVO_OUTPUT_RAW,0,0,0,0,0,0,0,0,1000,1000,1000,1000,0,0,0,0,0
2025-12-15 00:56:54.795,SERVO_OUTPUT_RAW,1370009797,SERVO_OUTPUT_RAW,0,0,0,0,0,0,0,0,1000,1000,1000,1000,0,0,0,0,0
2025-12-15 00:56:54.900,SERVO_OUTPUT_RAW,1370109843,SERVO_OUTPUT_RAW,0,0,0,0,0,0,0,0,1000,1000,1000,1000,0,0,0,0,0
2025-12-15 00:56:54.995,SERVO_OUTPUT_RAW,1370209782,SERVO_OUTPUT_RAW,0,0,0,0,0,0,0,0,1000,1000,1000,1000,0,0,0,0,0
2025-12-15 00:56:55.095,SERVO_OUTPUT_RAW,1370309775,SERVO_OUTPUT_RAW,0,0,0,0,0,0,0,0,1000,1000,1000,1000,0,0,0,0,0
2025-12-15 00:56:55.195,SERVO_OUTPUT_RAW,1370409797,SERVO_OUTPUT_RAW,0,0,0,0,0,0,0,0,1000,1000,1000,1000,0,0,0,0,0
2025-12-15 00:56:55.295,SERVO_OUTPUT_RAW,1370512143,SERVO_OUTPUT_RAW,0,0,0,0,0,0,0,0,1000,1000,1000,1000,0,0,0,0,0
2025-12-15 00:56:55.395,SERVO_OUTPUT_RAW,1370609826,SERVO_OUTPUT_RAW,0,0,0,0,0,0,0,0,1000,1000,1000,1000,0,0,0,0,0
2025-12-15 00:56:55.495,SERVO_OUTPUT_RAW,1370709794,SERVO_OUTPUT_RAW,0,0,0,0,0,0,0,0,1000,1000,1000,1000,0,0,0,0,0
2025-12-15 00:56:55.595,SERVO_OUTPUT_RAW,1370809824,SERVO_OUTPUT_RAW,0,0,0,0,0,0,0,0,1000,1000,1000,1000,0,0,0,0,0
2025-12-15 00:56:55.695,SERVO_OUTPUT_RAW,1370909840,SERVO_OUTPUT_RAW,0,0,0,0,0,0,0,0,1000,1000,1000,1000,0,0,0,0,0
2025-12-15 00:56:55.795,SERVO_OUTPUT_RAW,1371009844,SERVO_OUTPUT_RAW,0,0,0,0,0,0,0,0,1000,1000,1000,1000,0,0,0,0,0
2025-12-15 00:56:55.895,SERVO_OUTPUT_RAW,1371109844,SERVO_OUTPUT_RAW,0,0,0,0,0,0,0,0,1000,1000,1000,1000,0,0,0,0,0
2025-12-15 00:56:55.995,SERVO_OUTPUT_RAW,1371209785,SERVO_OUTPUT_RAW,0,0,0,0,0,0,0,0,1000,1000,1000,1000,0,0,0,0,0
2025-12-15 00:56:56.095,SERVO_OUTPUT_RAW,1371309813,SERVO_OUTPUT_RAW,0,0,0,0,0,0,0,0,1000,1000,1000,1000,0,0,0,0,0
2025-12-15 00:56:56.195,SERVO_OUTPUT_RAW,1371409808,SERVO_OUTPUT_RAW,0,0,0,0,0,0,0,0,1000,1000,1000,1000,0,0,0,0,0
2025-12-15 00:56:56.295,SERVO_OUTPUT_RAW,1371509834,SERVO_OUTPUT_RAW,0,0,0,0,0,0,0,0,1000,1000,1000,1000,0,0,0,0,0
2025-12-15 00:56:56.395,SERVO_OUTPUT_RAW,1371609797,SERVO_OUTPUT_RAW,0,0,0,0,0,0,0,0,1000,1000,1000,1000,0,0,0,0,0
2025-12-15 00:56:56.495,SERVO_OUTPUT_RAW,1371709787,SERVO_OUTPUT_RAW,0,0,0,0,0,0,0,0,1000,1000,1000,1000,0,0,0,0,0
2025-12-15 00:56:56.595,SERVO_OUTPUT_RAW,1371809807,SERVO_OUTPUT_RAW,0,0,0,0,0,0,0,0,1000,1000,1000,1000,0,0,0,0,0
2025-12-15 00:56:56.695,SERVO_OUTPUT_RAW,1371909791,SERVO_OUTPUT_RAW,0,0,0,0,0,0,0,0,1000,1000,1000,1000,0,0,0,0,0
2025-12-15 00:56:56.795,SERVO_OUTPUT_RAW,1372009796,SERVO_OUTPUT_RAW,0,0,0,0,0,0,0,0,1000,1000,1000,1000,0,0,0,0,0
2025-12-15 00:56:56.895,SERVO_OUTPUT_RAW,1372109829,SERVO_OUTPUT_RAW,0,0,0,0,0,0,0,0,1000,1000,1000,1000,0,0,0,0,0
2025-12-15 00:56:56.995,SERVO_OUTPUT_RAW,1372209805,SERVO_OUTPUT_RAW,0,0,0,0,0,0,0,0,1000,1000,1000,1000,0,0,0,0,0
2025-12-15 00:56:57.095,SERVO_OUTPUT_RAW,1372309801,SERVO_OUTPUT_RAW,0,0,0,0,0,0,0,0,1000,1000,1000,1000,0,0,0,0,0
2025-12-15 00:56:57.195,SERVO_OUTPUT_RAW,1372409828,SERVO_OUTPUT_RAW,0,0,0,0,0,0,0,0,1000,1000,1000,1000,0,0,0,0,0
2025-12-15 00:56:57.295,SERVO_OUTPUT_RAW,1372509818,SERVO_OUTPUT_RAW,0,0,0,0,0,0,0,0,1000,1000,1000,1000,0,0,0,0,0
2025-12-15 00:56:57.398,SERVO_OUTPUT_RAW,1372609843,SERVO_OUTPUT_RAW,0,0,0,0,0,0,0,0,1000,1000,1000,1000,0,0,0,0,0
2025-12-15 00:56:57.495,SERVO_OUTPUT_RAW,1372709857,SERVO_OUTPUT_RAW,0,0,0,0,0,0,0,0,1000,1000,1000,1000,0,0,0,0,0
2025-12-15 00:56:57.594,SERVO_OUTPUT_RAW,1372809813,SERVO_OUTPUT_RAW,0,0,0,0,0,0,0,0,1000,1000,1000,1000,0,0,0,0,0
2025-12-15 00:56:57.695,SERVO_OUTPUT_RAW,1372909831,SERVO_OUTPUT_RAW,0,0,0,0,0,0,0,0,1000,1000,1000,1000,0,0,0,0,0
2025-12-15 00:56:57.795,SERVO_OUTPUT_RAW,1373009830,SERVO_OUTPUT_RAW,0,0,0,0,0,0,0,0,1000,1000,1000,1000,0,0,0,0,0
2025-12-15 00:56:57.896,SERVO_OUTPUT_RAW,1373109785,SERVO_OUTPUT_RAW,0,0,0,0,0,0,0,0,1000,1000,1000,1000,0,0,0,0,0
2025-12-15 00:56:57.995,SERVO_OUTPUT_RAW,1373209777,SERVO_OUTPUT_RAW,0,0,0,0,0,0,0,0,1000,1000,1000,1000,0,0,0,0,0
2025-12-15 00:56:58.095,SERVO_OUTPUT_RAW,1373309787,SERVO_OUTPUT_RAW,0,0,0,0,0,0,0,0,1000,1000,1000,1000,0,0,0,0,0
2025-12-15 00:56:58.195,SERVO_OUTPUT_RAW,1373409788,SERVO_OUTPUT_RAW,0,0,0,0,0,0,0,0,1000,1000,1000,1000,0,0,0,0,0
2025-12-15 00:56:58.295,SERVO_OUTPUT_RAW,1373509809,SERVO_OUTPUT_RAW,0,0,0,0,0,0,0,0,1000,1000,1000,1000,0,0,0,0,0
2025-12-15 00:56:58.395,SERVO_OUTPUT_RAW,1373609809,SERVO_OUTPUT_RAW,0,0,0,0,0,0,0,0,1000,1000,1000,1000,0,0,0,0,0
2025-12-15 00:56:58.495,SERVO_OUTPUT_RAW,1373709832,SERVO_OUTPUT_RAW,0,0,0,0,0,0,0,0,1000,1000,1000,1000,0,0,0,0,0
2025-12-15 00:56:58.595,SERVO_OUTPUT_RAW,1373809850,SERVO_OUTPUT_RAW,0,0,0,0,0,0,0,0,1000,1000,1000,1000,0,0,0,0,0
2025-12-15 00:56:58.695,SERVO_OUTPUT_RAW,1373909795,SERVO_OUTPUT_RAW,0,0,0,0,0,0,0,0,1000,1000,1000,1000,0,0,0,0,0
2025-12-15 00:56:58.796,SERVO_OUTPUT_RAW,1374009828,SERVO_OUTPUT_RAW,0,0,0,0,0,0,0,0,1000,1000,1000,1000,0,0,0,0,0
2025-12-15 00:56:58.895,SERVO_OUTPUT_RAW,1374109841,SERVO_OUTPUT_RAW,0,0,0,0,0,0,0,0,1000,1000,1000,1000,0,0,0,0,0
2025-12-15 00:56:58.995,SERVO_OUTPUT_RAW,1374209839,SERVO_OUTPUT_RAW,0,0,0,0,0,0,0,0,1000,1000,1000,1000,0,0,0,0,0
2025-12-15 00:56:59.095,SERVO_OUTPUT_RAW,1374309908,SERVO_OUTPUT_RAW,0,0,0,0,0,0,0,0,1000,1000,1000,1000,0,0,0,0,0
2025-12-15 00:56:59.195,SERVO_OUTPUT_RAW,1374409806,SERVO_OUTPUT_RAW,0,0,0,0,0,0,0,0,1000,1000,1000,1000,0,0,0,0,0
2025-12-15 00:56:59.295,SERVO_OUTPUT_RAW,1374509835,SERVO_OUTPUT_RAW,0,0,0,0,0,0,0,0,1000,1000,1000,1000,0,0,0,0,0
2025-12-15 00:56:59.395,SERVO_OUTPUT_RAW,1374609782,SERVO_OUTPUT_RAW,0,0,0,0,0,0,0,0,1000,1000,1000,1000,0,0,0,0,0
2025-12-15 00:56:59.495,SERVO_OUTPUT_RAW,1374709786,SERVO_OUTPUT_RAW,0,0,0,0,0,0,0,0,1000,1000,1000,1000,0,0,0,0,0
2025-12-15 00:56:59.595,SERVO_OUTPUT_RAW,1374809782,SERVO_OUTPUT_RAW,0,0,0,0,0,0,0,0,1000,1000,1000,1000,0,0,0,0,0
2025-12-15 00:56:59.695,SERVO_OUTPUT_RAW,1374909795,SERVO_OUTPUT_RAW,0,0,0,0,0,0,0,0,1000,1000,1000,1000,0,0,0,0,0
2025-12-15 00:56:59.795,SERVO_OUTPUT_RAW,1375009796,SERVO_OUTPUT_RAW,0,0,0,0,0,0,0,0,1000,1000,1000,1000,0,0,0,0,0
2025-12-15 00:56:59.895,SERVO_OUTPUT_RAW,1375109792,SERVO_OUTPUT_RAW,0,0,0,0,0,0,0,0,1000,1000,1000,1000,0,0,0,0,0
2025-12-15 00:56:59.995,SERVO_OUTPUT_RAW,1375209830,SERVO_OUTPUT_RAW,0,0,0,0,0,0,0,0,1000,1000,1000,1000,0,0,0,0,0
2025-12-15 00:57:00.095,SERVO_OUTPUT_RAW,1375309788,SERVO_OUTPUT_RAW,0,0,0,0,0,0,0,0,1000,1000,1000,1000,0,0,0,0,0
2025-12-15 00:57:00.195,SERVO_OUTPUT_RAW,1375412163,SERVO_OUTPUT_RAW,0,0,0,0,0,0,0,0,1000,1000,1000,1000,0,0,0,0,0
2025-12-15 00:57:00.295,SERVO_OUTPUT_RAW,1375509799,SERVO_OUTPUT_RAW,0,0,0,0,0,0,0,0,1000,1000,1000,1000,0,0,0,0,0
2025-12-15 00:57:00.395,SERVO_OUTPUT_RAW,1375609819,SERVO_OUTPUT_RAW,0,0,0,0,0,0,0,0,1000,1000,1000,1000,0,0,0,0,0
2025-12-15 00:57:00.496,SERVO_OUTPUT_RAW,1375709870,SERVO_OUTPUT_RAW,0,0,0,0,0,0,0,0,1000,1000,1000,1000,0,0,0,0,0
2025-12-15 00:57:00.595,SERVO_OUTPUT_RAW,1375809840,SERVO_OUTPUT_RAW,0,0,0,0,0,0,0,0,1000,1000,1000,1000,0,0,0,0,0
2025-12-15 00:57:00.695,SERVO_OUTPUT_RAW,1375909795,SERVO_OUTPUT_RAW,0,0,0,0,0,0,0,0,1000,1000,1000,1000,0,0,0,0,0
2025-12-15 00:57:00.795,SERVO_OUTPUT_RAW,1376009824,SERVO_OUTPUT_RAW,0,0,0,0,0,0,0,0,1000,1000,1000,1000,0,0,0,0,0
2025-12-15 00:57:00.895,SERVO_OUTPUT_RAW,1376109817,SERVO_OUTPUT_RAW,0,0,0,0,0,0,0,0,1000,1000,1000,1000,0,0,0,0,0
2025-12-15 00:57:00.996,SERVO_OUTPUT_RAW,1376209785,SERVO_OUTPUT_RAW,0,0,0,0,0,0,0,0,1000,1000,1000,1000,0,0,0,0,0
2025-12-15 00:57:01.095,SERVO_OUTPUT_RAW,1376309803,SERVO_OUTPUT_RAW,0,0,0,0,0,0,0,0,1000,1000,1000,1000,0,0,0,0,0
2025-12-15 00:57:01.195,SERVO_OUTPUT_RAW,1376409864,SERVO_OUTPUT_RAW,0,0,0,0,0,0,0,0,1000,1000,1000,1000,0,0,0,0,0
2025-12-15 00:57:01.296,SERVO_OUTPUT_RAW,1376509800,SERVO_OUTPUT_RAW,0,0,0,0,0,0,0,0,1000,1000,1000,1000,0,0,0,0,0
2025-12-15 00:57:01.395,SERVO_OUTPUT_RAW,1376609780,SERVO_OUTPUT_RAW,0,0,0,0,0,0,0,0,1000,1000,1000,1000,0,0,0,0,0
2025-12-15 00:57:01.495,SERVO_OUTPUT_RAW,1376709808,SERVO_OUTPUT_RAW,0,0,0,0,0,0,0,0,1000,1000,1000,1000,0,0,0,0,0
2025-12-15 00:57:01.596,SERVO_OUTPUT_RAW,1376809825,SERVO_OUTPUT_RAW,0,0,0,0,0,0,0,0,1000,1000,1000,1000,0,0,0,0,0
2025-12-15 00:57:01.695,SERVO_OUTPUT_RAW,1376909846,SERVO_OUTPUT_RAW,0,0,0,0,0,0,0,0,1000,1000,1000,1000,0,0,0,0,0
2025-12-15 00:57:01.796,SERVO_OUTPUT_RAW,1377009808,SERVO_OUTPUT_RAW,0,0,0,0,0,0,0,0,1000,1000,1000,1000,0,0,0,0,0
2025-12-15 00:57:01.896,SERVO_OUTPUT_RAW,1377109818,SERVO_OUTPUT_RAW,0,0,0,0,0,0,0,0,1000,1000,1000,1000,0,0,0,0,0
2025-12-15 00:57:01.996,SERVO_OUTPUT_RAW,1377209847,SERVO_OUTPUT_RAW,0,0,0,0,0,0,0,0,1000,1000,1000,1000,0,0,0,0,0
2025-12-15 00:57:02.095,SERVO_OUTPUT_RAW,1377309854,SERVO_OUTPUT_RAW,0,0,0,0,0,0,0,0,1000,1000,1000,1000,0,0,0,0,0
2025-12-15 00:57:02.195,SERVO_OUTPUT_RAW,1377409837,SERVO_OUTPUT_RAW,0,0,0,0,0,0,0,0,1000,1000,1000,1000,0,0,0,0,0
2025-12-15 00:57:02.295,SERVO_OUTPUT_RAW,1377509811,SERVO_OUTPUT_RAW,0,0,0,0,0,0,0,0,1000,1000,1000,1000,0,0,0,0,0
2025-12-15 00:57:02.397,SERVO_OUTPUT_RAW,1377609812,SERVO_OUTPUT_RAW,0,0,0,0,0,0,0,0,1000,1000,1000,1000,0,0,0,0,0
2025-12-15 00:57:02.495,SERVO_OUTPUT_RAW,1377709790,SERVO_OUTPUT_RAW,0,0,0,0,0,0,0,0,1000,1000,1000,1000,0,0,0,0,0
2025-12-15 00:57:02.595,SERVO_OUTPUT_RAW,1377809784,SERVO_OUTPUT_RAW,0,0,0,0,0,0,0,0,1000,1000,1000,1000,0,0,0,0,0
2025-12-15 00:57:02.696,SERVO_OUTPUT_RAW,1377909780,SERVO_OUTPUT_RAW,0,0,0,0,0,0,0,0,1000,1000,1000,1000,0,0,0,0,0
2025-12-15 00:57:02.795,SERVO_OUTPUT_RAW,1378009786,SERVO_OUTPUT_RAW,0,0,0,0,0,0,0,0,1000,1000,1000,1000,0,0,0,0,0
2025-12-15 00:57:02.896,SERVO_OUTPUT_RAW,1378109798,SERVO_OUTPUT_RAW,0,0,0,0,0,0,0,0,1000,1000,1000,1000,0,0,0,0,0
2025-12-15 00:57:02.996,SERVO_OUTPUT_RAW,1378209783,SERVO_OUTPUT_RAW,0,0,0,0,0,0,0,0,1000,1000,1000,1000,0,0,0,0,0
2025-12-15 00:57:03.096,SERVO_OUTPUT_RAW,1378309842,SERVO_OUTPUT_RAW,0,0,0,0,0,0,0,0,1000,1000,1000,1000,0,0,0,0,0
2025-12-15 00:57:03.196,SERVO_OUTPUT_RAW,1378409846,SERVO_OUTPUT_RAW,0,0,0,0,0,0,0,0,1000,1000,1000,1000,0,0,0,0,0
2025-12-15 00:57:03.296,SERVO_OUTPUT_RAW,1378512156,SERVO_OUTPUT_RAW,0,0,0,0,0,0,0,0,1000,1000,1000,1000,0,0,0,0,0
2025-12-15 00:57:03.396,SERVO_OUTPUT_RAW,1378609789,SERVO_OUTPUT_RAW,0,0,0,0,0,0,0,0,1000,1000,1000,1000,0,0,0,0,0
2025-12-15 00:57:03.496,SERVO_OUTPUT_RAW,1378709811,SERVO_OUTPUT_RAW,0,0,0,0,0,0,0,0,1000,1000,1000,1000,0,0,0,0,0
2025-12-15 00:57:03.596,SERVO_OUTPUT_RAW,1378809838,SERVO_OUTPUT_RAW,0,0,0,0,0,0,0,0,1000,1000,1000,1000,0,0,0,0,0
2025-12-15 00:57:03.696,SERVO_OUTPUT_RAW,1378909839,SERVO_OUTPUT_RAW,0,0,0,0,0,0,0,0,1000,1000,1000,1000,0,0,0,0,0
2025-12-15 00:57:03.796,SERVO_OUTPUT_RAW,1379009798,SERVO_OUTPUT_RAW,0,0,0,0,0,0,0,0,1000,1000,1000,1000,0,0,0,0,0
2025-12-15 00:57:03.896,SERVO_OUTPUT_RAW,1379109807,SERVO_OUTPUT_RAW,0,0,0,0,0,0,0,0,1000,1000,1000,1000,0,0,0,0,0
2025-12-15 00:57:03.996,SERVO_OUTPUT_RAW,1379209820,SERVO_OUTPUT_RAW,0,0,0,0,0,0,0,0,1000,1000,1000,1000,0,0,0,0,0
2025-12-15 00:57:04.097,SERVO_OUTPUT_RAW,1379309781,SERVO_OUTPUT_RAW,0,0,0,0,0,0,0,0,1000,1000,1000,1000,0,0,0,0,0
2025-12-15 00:57:04.196,SERVO_OUTPUT_RAW,1379409800,SERVO_OUTPUT_RAW,0,0,0,0,0,0,0,0,1000,1000,1000,1000,0,0,0,0,0
2025-12-15 00:57:04.296,SERVO_OUTPUT_RAW,1379509798,SERVO_OUTPUT_RAW,0,0,0,0,0,0,0,0,1000,1000,1000,1000,0,0,0,0,0
2025-12-15 00:57:04.395,SERVO_OUTPUT_RAW,1379609806,SERVO_OUTPUT_RAW,0,0,0,0,0,0,0,0,1000,1000,1000,1000,0,0,0,0,0
2025-12-15 00:57:04.495,SERVO_OUTPUT_RAW,1379709801,SERVO_OUTPUT_RAW,0,0,0,0,0,0,0,0,1000,1000,1000,1000,0,0,0,0,0
2025-12-15 00:57:04.595,SERVO_OUTPUT_RAW,1379809783,SERVO_OUTPUT_RAW,0,0,0,0,0,0,0,0,1000,1000,1000,1000,0,0,0,0,0
2025-12-15 00:57:04.696,SERVO_OUTPUT_RAW,1379909842,SERVO_OUTPUT_RAW,0,0,0,0,0,0,0,0,1000,1000,1000,1000,0,0,0,0,0
2025-12-15 00:57:04.795,SERVO_OUTPUT_RAW,1380009837,SERVO_OUTPUT_RAW,0,0,0,0,0,0,0,0,1000,1000,1000,1000,0,0,0,0,0
2025-12-15 00:57:04.895,SERVO_OUTPUT_RAW,1380109793,SERVO_OUTPUT_RAW,0,0,0,0,0,0,0,0,1000,1000,1000,1000,0,0,0,0,0
2025-12-15 00:57:04.994,SERVO_OUTPUT_RAW,1380209828,SERVO_OUTPUT_RAW,0,0,0,0,0,0,0,0,1000,1000,1000,1000,0,0,0,0,0
2025-12-15 00:57:05.095,SERVO_OUTPUT_RAW,1380309806,SERVO_OUTPUT_RAW,0,0,0,0,0,0,0,0,1000,1000,1000,1000,0,0,0,0,0
2025-12-15 00:57:05.196,SERVO_OUTPUT_RAW,1380409843,SERVO_OUTPUT_RAW,0,0,0,0,0,0,0,0,1000,1000,1000,1000,0,0,0,0,0
2025-12-15 00:57:05.295,SERVO_OUTPUT_RAW,1380509814,SERVO_OUTPUT_RAW,0,0,0,0,0,0,0,0,1000,1000,1000,1000,0,0,0,0,0
2025-12-15 00:57:05.395,SERVO_OUTPUT_RAW,1380612142,SERVO_OUTPUT_RAW,0,0,0,0,0,0,0,0,1000,1000,1000,1000,0,0,0,0,0
2025-12-15 00:57:05.495,SERVO_OUTPUT_RAW,1380709828,SERVO_OUTPUT_RAW,0,0,0,0,0,0,0,0,1000,1000,1000,1000,0,0,0,0,0
2025-12-15 00:57:05.595,SERVO_OUTPUT_RAW,1380809838,SERVO_OUTPUT_RAW,0,0,0,0,0,0,0,0,1000,1000,1000,1000,0,0,0,0,0
2025-12-15 00:57:05.695,SERVO_OUTPUT_RAW,1380909789,SERVO_OUTPUT_RAW,0,0,0,0,0,0,0,0,1000,1000,1000,1000,0,0,0,0,0
2025-12-15 00:57:05.795,SERVO_OUTPUT_RAW,1381009797,SERVO_OUTPUT_RAW,0,0,0,0,0,0,0,0,1000,1000,1000,1000,0,0,0,0,0
2025-12-15 00:57:05.895,SERVO_OUTPUT_RAW,1381109788,SERVO_OUTPUT_RAW,0,0,0,0,0,0,0,0,1000,1000,1000,1000,0,0,0,0,0
2025-12-15 00:57:05.995,SERVO_OUTPUT_RAW,1381209795,SERVO_OUTPUT_RAW,0,0,0,0,0,0,0,0,1000,1000,1000,1000,0,0,0,0,0
2025-12-15 00:57:06.095,SERVO_OUTPUT_RAW,1381309786,SERVO_OUTPUT_RAW,0,0,0,0,0,0,0,0,1000,1000,1000,1000,0,0,0,0,0
2025-12-15 00:57:06.195,SERVO_OUTPUT_RAW,1381409814,SERVO_OUTPUT_RAW,0,0,0,0,0,0,0,0,1000,1000,1000,1000,0,0,0,0,0
2025-12-15 00:57:06.295,SERVO_OUTPUT_RAW,1381509839,SERVO_OUTPUT_RAW,0,0,0,0,0,0,0,0,1000,1000,1000,1000,0,0,0,0,0
2025-12-15 00:57:06.395,SERVO_OUTPUT_RAW,1381609774,SERVO_OUTPUT_RAW,0,0,0,0,0,0,0,0,1000,1000,1000,1000,0,0,0,0,0
2025-12-15 00:57:06.495,SERVO_OUTPUT_RAW,1381709810,SERVO_OUTPUT_RAW,0,0,0,0,0,0,0,0,1000,1000,1000,1000,0,0,0,0,0
2025-12-15 00:57:06.595,SERVO_OUTPUT_RAW,1381809809,SERVO_OUTPUT_RAW,0,0,0,0,0,0,0,0,1000,1000,1000,1000,0,0,0,0,0
2025-12-15 00:57:06.695,SERVO_OUTPUT_RAW,1381909842,SERVO_OUTPUT_RAW,0,0,0,0,0,0,0,0,1000,1000,1000,1000,0,0,0,0,0
2025-12-15 00:57:06.795,SERVO_OUTPUT_RAW,1382009838,SERVO_OUTPUT_RAW,0,0,0,0,0,0,0,0,1000,1000,1000,1000,0,0,0,0,0
2025-12-15 00:57:06.895,SERVO_OUTPUT_RAW,1382109797,SERVO_OUTPUT_RAW,0,0,0,0,0,0,0,0,1000,1000,1000,1000,0,0,0,0,0
2025-12-15 00:57:06.995,SERVO_OUTPUT_RAW,1382209797,SERVO_OUTPUT_RAW,0,0,0,0,0,0,0,0,1000,1000,1000,1000,0,0,0,0,0
2025-12-15 00:57:07.095,SERVO_OUTPUT_RAW,1382309805,SERVO_OUTPUT_RAW,0,0,0,0,0,0,0,0,1000,1000,1000,1000,0,0,0,0,0
2025-12-15 00:57:07.195,SERVO_OUTPUT_RAW,1382409828,SERVO_OUTPUT_RAW,0,0,0,0,0,0,0,0,1000,1000,1000,1000,0,0,0,0,0
2025-12-15 00:57:07.295,SERVO_OUTPUT_RAW,1382509798,SERVO_OUTPUT_RAW,0,0,0,0,0,0,0,0,1000,1000,1000,1000,0,0,0,0,0
2025-12-15 00:57:07.395,SERVO_OUTPUT_RAW,1382609793,SERVO_OUTPUT_RAW,0,0,0,0,0,0,0,0,1000,1000,1000,1000,0,0,0,0,0
2025-12-15 00:57:07.496,SERVO_OUTPUT_RAW,1382709853,SERVO_OUTPUT_RAW,0,0,0,0,0,0,0,0,1000,1000,1000,1000,0,0,0,0,0
2025-12-15 00:57:07.595,SERVO_OUTPUT_RAW,1382809788,SERVO_OUTPUT_RAW,0,0,0,0,0,0,0,0,1000,1000,1000,1000,0,0,0,0,0
2025-12-15 00:57:07.695,SERVO_OUTPUT_RAW,1382909796,SERVO_OUTPUT_RAW,0,0,0,0,0,0,0,0,1000,1000,1000,1000,0,0,0,0,0
2025-12-15 00:57:07.795,SERVO_OUTPUT_RAW,1383009821,SERVO_OUTPUT_RAW,0,0,0,0,0,0,0,0,1000,1000,1000,1000,0,0,0,0,0
2025-12-15 00:57:07.895,SERVO_OUTPUT_RAW,1383109850,SERVO_OUTPUT_RAW,0,0,0,0,0,0,0,0,1000,1000,1000,1000,0,0,0,0,0
2025-12-15 00:57:07.995,SERVO_OUTPUT_RAW,1383209792,SERVO_OUTPUT_RAW,0,0,0,0,0,0,0,0,1000,1000,1000,1000,0,0,0,0,0
2025-12-15 00:57:08.095,SERVO_OUTPUT_RAW,1383309787,SERVO_OUTPUT_RAW,0,0,0,0,0,0,0,0,1000,1000,1000,1000,0,0,0,0,0
2025-12-15 00:57:08.195,SERVO_OUTPUT_RAW,1383409825,SERVO_OUTPUT_RAW,0,0,0,0,0,0,0,0,1000,1000,1000,1000,0,0,0,0,0
2025-12-15 00:57:08.295,SERVO_OUTPUT_RAW,1383509865,SERVO_OUTPUT_RAW,0,0,0,0,0,0,0,0,1000,1000,1000,1000,0,0,0,0,0
2025-12-15 00:57:08.395,SERVO_OUTPUT_RAW,1383609819,SERVO_OUTPUT_RAW,0,0,0,0,0,0,0,0,1000,1000,1000,1000,0,0,0,0,0
2025-12-15 00:57:08.495,SERVO_OUTPUT_RAW,1383709791,SERVO_OUTPUT_RAW,0,0,0,0,0,0,0,0,1000,1000,1000,1000,0,0,0,0,0
2025-12-15 00:57:08.595,SERVO_OUTPUT_RAW,1383809819,SERVO_OUTPUT_RAW,0,0,0,0,0,0,0,0,1000,1000,1000,1000,0,0,0,0,0
2025-12-15 00:57:08.695,SERVO_OUTPUT_RAW,1383909826,SERVO_OUTPUT_RAW,0,0,0,0,0,0,0,0,1000,1000,1000,1000,0,0,0,0,0
2025-12-15 00:57:08.795,SERVO_OUTPUT_RAW,1384009790,SERVO_OUTPUT_RAW,0,0,0,0,0,0,0,0,1000,1000,1000,1000,0,0,0,0,0
2025-12-15 00:57:08.895,SERVO_OUTPUT_RAW,1384109793,SERVO_OUTPUT_RAW,0,0,0,0,0,0,0,0,1000,1000,1000,1000,0,0,0,0,0
2025-12-15 00:57:08.995,SERVO_OUTPUT_RAW,1384209778,SERVO_OUTPUT_RAW,0,0,0,0,0,0,0,0,1000,1000,1000,1000,0,0,0,0,0
2025-12-15 00:57:09.095,SERVO_OUTPUT_RAW,1384309790,SERVO_OUTPUT_RAW,0,0,0,0,0,0,0,0,1000,1000,1000,1000,0,0,0,0,0
2025-12-15 00:57:09.195,SERVO_OUTPUT_RAW,1384409810,SERVO_OUTPUT_RAW,0,0,0,0,0,0,0,0,1000,1000,1000,1000,0,0,0,0,0
2025-12-15 00:57:09.295,SERVO_OUTPUT_RAW,1384509795,SERVO_OUTPUT_RAW,0,0,0,0,0,0,0,0,1000,1000,1000,1000,0,0,0,0,0
2025-12-15 00:57:09.396,SERVO_OUTPUT_RAW,1384609826,SERVO_OUTPUT_RAW,0,0,0,0,0,0,0,0,1000,1000,1000,1000,0,0,0,0,0
2025-12-15 00:57:09.495,SERVO_OUTPUT_RAW,1384709836,SERVO_OUTPUT_RAW,0,0,0,0,0,0,0,0,1000,1000,1000,1000,0,0,0,0,0
2025-12-15 00:57:09.595,SERVO_OUTPUT_RAW,1384812147,SERVO_OUTPUT_RAW,0,0,0,0,0,0,0,0,1000,1000,1000,1000,0,0,0,0,0
2025-12-15 00:57:09.695,SERVO_OUTPUT_RAW,1384909802,SERVO_OUTPUT_RAW,0,0,0,0,0,0,0,0,1000,1000,1000,1000,0,0,0,0,0
2025-12-15 00:57:09.795,SERVO_OUTPUT_RAW,1385009835,SERVO_OUTPUT_RAW,0,0,0,0,0,0,0,0,1000,1000,1000,1000,0,0,0,0,0
2025-12-15 00:57:09.897,SERVO_OUTPUT_RAW,1385109855,SERVO_OUTPUT_RAW,0,0,0,0,0,0,0,0,1000,1000,1000,1000,0,0,0,0,0
2025-12-15 00:57:09.996,SERVO_OUTPUT_RAW,1385209784,SERVO_OUTPUT_RAW,0,0,0,0,0,0,0,0,1000,1000,1000,1000,0,0,0,0,0
2025-12-15 00:57:10.095,SERVO_OUTPUT_RAW,1385309803,SERVO_OUTPUT_RAW,0,0,0,0,0,0,0,0,1000,1000,1000,1000,0,0,0,0,0
2025-12-15 00:57:10.196,SERVO_OUTPUT_RAW,1385409849,SERVO_OUTPUT_RAW,0,0,0,0,0,0,0,0,1000,1000,1000,1000,0,0,0,0,0
2025-12-15 00:57:10.296,SERVO_OUTPUT_RAW,1385509810,SERVO_OUTPUT_RAW,0,0,0,0,0,0,0,0,1000,1000,1000,1000,0,0,0,0,0
2025-12-15 00:57:10.396,SERVO_OUTPUT_RAW,1385609779,SERVO_OUTPUT_RAW,0,0,0,0,0,0,0,0,1000,1000,1000,1000,0,0,0,0,0
2025-12-15 00:57:10.495,SERVO_OUTPUT_RAW,1385709781,SERVO_OUTPUT_RAW,0,0,0,0,0,0,0,0,1000,1000,1000,1000,0,0,0,0,0
2025-12-15 00:57:10.596,SERVO_OUTPUT_RAW,1385809792,SERVO_OUTPUT_RAW,0,0,0,0,0,0,0,0,1000,1000,1000,1000,0,0,0,0,0
2025-12-15 00:57:10.696,SERVO_OUTPUT_RAW,1385909794,SERVO_OUTPUT_RAW,0,0,0,0,0,0,0,0,1000,1000,1000,1000,0,0,0,0,0
2025-12-15 00:57:10.796,SERVO_OUTPUT_RAW,1386009803,SERVO_OUTPUT_RAW,0,0,0,0,0,0,0,0,1000,1000,1000,1000,0,0,0,0,0
2025-12-15 00:57:10.896,SERVO_OUTPUT_RAW,1386109810,SERVO_OUTPUT_RAW,0,0,0,0,0,0,0,0,1000,1000,1000,1000,0,0,0,0,0
2025-12-15 00:57:10.996,SERVO_OUTPUT_RAW,1386209844,SERVO_OUTPUT_RAW,0,0,0,0,0,0,0,0,1000,1000,1000,1000,0,0,0,0,0
2025-12-15 00:57:11.096,SERVO_OUTPUT_RAW,1386309864,SERVO_OUTPUT_RAW,0,0,0,0,0,0,0,0,1000,1000,1000,1000,0,0,0,0,0
2025-12-15 00:57:11.196,SERVO_OUTPUT_RAW,1386409795,SERVO_OUTPUT_RAW,0,0,0,0,0,0,0,0,1000,1000,1000,1000,0,0,0,0,0
2025-12-15 00:57:11.296,SERVO_OUTPUT_RAW,1386509824,SERVO_OUTPUT_RAW,0,0,0,0,0,0,0,0,1000,1000,1000,1000,0,0,0,0,0
2025-12-15 00:57:11.396,SERVO_OUTPUT_RAW,1386609828,SERVO_OUTPUT_RAW,0,0,0,0,0,0,0,0,1000,1000,1000,1000,0,0,0,0,0
2025-12-15 00:57:11.496,SERVO_OUTPUT_RAW,1386709841,SERVO_OUTPUT_RAW,0,0,0,0,0,0,0,0,1000,1000,1000,1000,0,0,0,0,0
2025-12-15 00:57:11.596,SERVO_OUTPUT_RAW,1386809778,SERVO_OUTPUT_RAW,0,0,0,0,0,0,0,0,1000,1000,1000,1000,0,0,0,0,0
2025-12-15 00:57:11.696,SERVO_OUTPUT_RAW,1386912065,SERVO_OUTPUT_RAW,0,0,0,0,0,0,0,0,1000,1000,1000,1000,0,0,0,0,0
2025-12-15 00:57:11.796,SERVO_OUTPUT_RAW,1387009821,SERVO_OUTPUT_RAW,0,0,0,0,0,0,0,0,1000,1000,1000,1000,0,0,0,0,0
2025-12-15 00:57:11.896,SERVO_OUTPUT_RAW,1387109787,SERVO_OUTPUT_RAW,0,0,0,0,0,0,0,0,1000,1000,1000,1000,0,0,0,0,0
2025-12-15 00:57:11.996,SERVO_OUTPUT_RAW,1387209793,SERVO_OUTPUT_RAW,0,0,0,0,0,0,0,0,1000,1000,1000,1000,0,0,0,0,0
2025-12-15 00:57:12.096,SERVO_OUTPUT_RAW,1387309804,SERVO_OUTPUT_RAW,0,0,0,0,0,0,0,0,1000,1000,1000,1000,0,0,0,0,0
2025-12-15 00:57:12.196,SERVO_OUTPUT_RAW,1387409799,SERVO_OUTPUT_RAW,0,0,0,0,0,0,0,0,1000,1000,1000,1000,0,0,0,0,0
2025-12-15 00:57:12.296,SERVO_OUTPUT_RAW,1387509795,SERVO_OUTPUT_RAW,0,0,0,0,0,0,0,0,1000,1000,1000,1000,0,0,0,0,0
2025-12-15 00:57:12.399,SERVO_OUTPUT_RAW,1387609795,SERVO_OUTPUT_RAW,0,0,0,0,0,0,0,0,1000,1000,1000,1000,0,0,0,0,0
2025-12-15 00:57:12.496,SERVO_OUTPUT_RAW,1387709831,SERVO_OUTPUT_RAW,0,0,0,0,0,0,0,0,1000,1000,1000,1000,0,0,0,0,0
2025-12-15 00:57:12.596,SERVO_OUTPUT_RAW,1387809856,SERVO_OUTPUT_RAW,0,0,0,0,0,0,0,0,1000,1000,1000,1000,0,0,0,0,0
2025-12-15 00:57:12.697,SERVO_OUTPUT_RAW,1387909808,SERVO_OUTPUT_RAW,0,0,0,0,0,0,0,0,1000,1000,1000,1000,0,0,0,0,0
2025-12-15 00:57:12.796,SERVO_OUTPUT_RAW,1388009827,SERVO_OUTPUT_RAW,0,0,0,0,0,0,0,0,1000,1000,1000,1000,0,0,0,0,0
2025-12-15 00:57:12.896,SERVO_OUTPUT_RAW,1388109813,SERVO_OUTPUT_RAW,0,0,0,0,0,0,0,0,1000,1000,1000,1000,0,0,0,0,0
2025-12-15 00:57:12.996,SERVO_OUTPUT_RAW,1388209826,SERVO_OUTPUT_RAW,0,0,0,0,0,0,0,0,1000,1000,1000,1000,0,0,0,0,0
2025-12-15 00:57:13.096,SERVO_OUTPUT_RAW,1388309875,SERVO_OUTPUT_RAW,0,0,0,0,0,0,0,0,1000,1000,1000,1000,0,0,0,0,0
2025-12-15 00:57:13.196,SERVO_OUTPUT_RAW,1388409786,SERVO_OUTPUT_RAW,0,0,0,0,0,0,0,0,1000,1000,1000,1000,0,0,0,0,0
2025-12-15 00:57:13.296,SERVO_OUTPUT_RAW,1388509818,SERVO_OUTPUT_RAW,0,0,0,0,0,0,0,0,1000,1000,1000,1000,0,0,0,0,0
2025-12-15 00:57:13.397,SERVO_OUTPUT_RAW,1388609828,SERVO_OUTPUT_RAW,0,0,0,0,0,0,0,0,1000,1000,1000,1000,0,0,0,0,0
2025-12-15 00:57:13.497,SERVO_OUTPUT_RAW,1388709785,SERVO_OUTPUT_RAW,0,0,0,0,0,0,0,0,1000,1000,1000,1000,0,0,0,0,0
2025-12-15 00:57:13.596,SERVO_OUTPUT_RAW,1388809781,SERVO_OUTPUT_RAW,0,0,0,0,0,0,0,0,1000,1000,1000,1000,0,0,0,0,0
2025-12-15 00:57:13.696,SERVO_OUTPUT_RAW,1388909821,SERVO_OUTPUT_RAW,0,0,0,0,0,0,0,0,1000,1000,1000,1000,0,0,0,0,0
2025-12-15 00:57:13.796,SERVO_OUTPUT_RAW,1389009850,SERVO_OUTPUT_RAW,0,0,0,0,0,0,0,0,1000,1000,1000,1000,0,0,0,0,0
2025-12-15 00:57:13.895,SERVO_OUTPUT_RAW,1389109784,SERVO_OUTPUT_RAW,0,0,0,0,0,0,0,0,1000,1000,1000,1000,0,0,0,0,0
2025-12-15 00:57:13.995,SERVO_OUTPUT_RAW,1389209786,SERVO_OUTPUT_RAW,0,0,0,0,0,0,0,0,1000,1000,1000,1000,0,0,0,0,0
2025-12-15 00:57:14.095,SERVO_OUTPUT_RAW,1389309838,SERVO_OUTPUT_RAW,0,0,0,0,0,0,0,0,1000,1000,1000,1000,0,0,0,0,0
2025-12-15 00:57:14.197,SERVO_OUTPUT_RAW,1389409791,SERVO_OUTPUT_RAW,0,0,0,0,0,0,0,0,1000,1000,1000,1000,0,0,0,0,0
2025-12-15 00:57:14.296,SERVO_OUTPUT_RAW,1389509772,SERVO_OUTPUT_RAW,0,0,0,0,0,0,0,0,1000,1000,1000,1000,0,0,0,0,0
2025-12-15 00:57:14.397,SERVO_OUTPUT_RAW,1389609838,SERVO_OUTPUT_RAW,0,0,0,0,0,0,0,0,1000,1000,1000,1000,0,0,0,0,0
2025-12-15 00:57:14.496,SERVO_OUTPUT_RAW,1389709840,SERVO_OUTPUT_RAW,0,0,0,0,0,0,0,0,1000,1000,1000,1000,0,0,0,0,0
2025-12-15 00:57:14.596,SERVO_OUTPUT_RAW,1389812055,SERVO_OUTPUT_RAW,0,0,0,0,0,0,0,0,1000,1000,1000,1000,0,0,0,0,0
2025-12-15 00:57:14.696,SERVO_OUTPUT_RAW,1389909839,SERVO_OUTPUT_RAW,0,0,0,0,0,0,0,0,1000,1000,1000,1000,0,0,0,0,0
2025-12-15 00:57:14.796,SERVO_OUTPUT_RAW,1390009796,SERVO_OUTPUT_RAW,0,0,0,0,0,0,0,0,1000,1000,1000,1000,0,0,0,0,0
2025-12-15 00:57:14.896,SERVO_OUTPUT_RAW,1390109820,SERVO_OUTPUT_RAW,0,0,0,0,0,0,0,0,1000,1000,1000,1000,0,0,0,0,0
2025-12-15 00:57:14.996,SERVO_OUTPUT_RAW,1390209820,SERVO_OUTPUT_RAW,0,0,0,0,0,0,0,0,1000,1000,1000,1000,0,0,0,0,0
2025-12-15 00:57:15.094,SERVO_OUTPUT_RAW,1390309872,SERVO_OUTPUT_RAW,0,0,0,0,0,0,0,0,1000,1000,1000,1000,0,0,0,0,0
2025-12-15 00:57:15.193,SERVO_OUTPUT_RAW,1390409782,SERVO_OUTPUT_RAW,0,0,0,0,0,0,0,0,1000,1000,1000,1000,0,0,0,0,0
2025-12-15 00:57:15.293,SERVO_OUTPUT_RAW,1390509776,SERVO_OUTPUT_RAW,0,0,0,0,0,0,0,0,1000,1000,1000,1000,0,0,0,0,0
2025-12-15 00:57:15.393,SERVO_OUTPUT_RAW,1390609775,SERVO_OUTPUT_RAW,0,0,0,0,0,0,0,0,1000,1000,1000,1000,0,0,0,0,0
2025-12-15 00:57:15.493,SERVO_OUTPUT_RAW,1390709796,SERVO_OUTPUT_RAW,0,0,0,0,0,0,0,0,1000,1000,1000,1000,0,0,0,0,0
2025-12-15 00:57:15.593,SERVO_OUTPUT_RAW,1390809840,SERVO_OUTPUT_RAW,0,0,0,0,0,0,0,0,1000,1000,1000,1000,0,0,0,0,0
2025-12-15 00:57:15.693,SERVO_OUTPUT_RAW,1390909844,SERVO_OUTPUT_RAW,0,0,0,0,0,0,0,0,1000,1000,1000,1000,0,0,0,0,0
2025-12-15 00:57:15.793,SERVO_OUTPUT_RAW,1391009813,SERVO_OUTPUT_RAW,0,0,0,0,0,0,0,0,1000,1000,1000,1000,0,0,0,0,0
2025-12-15 00:57:15.895,SERVO_OUTPUT_RAW,1391112195,SERVO_OUTPUT_RAW,0,0,0,0,0,0,0,0,1000,1000,1000,1000,0,0,0,0,0
2025-12-15 00:57:15.993,SERVO_OUTPUT_RAW,1391209833,SERVO_OUTPUT_RAW,0,0,0,0,0,0,0,0,1000,1000,1000,1000,0,0,0,0,0
2025-12-15 00:57:16.093,SERVO_OUTPUT_RAW,1391309856,SERVO_OUTPUT_RAW,0,0,0,0,0,0,0,0,1000,1000,1000,1000,0,0,0,0,0
2025-12-15 00:57:16.193,SERVO_OUTPUT_RAW,1391409832,SERVO_OUTPUT_RAW,0,0,0,0,0,0,0,0,1000,1000,1000,1000,0,0,0,0,0
2025-12-15 00:57:16.293,SERVO_OUTPUT_RAW,1391509793,SERVO_OUTPUT_RAW,0,0,0,0,0,0,0,0,1000,1000,1000,1000,0,0,0,0,0
2025-12-15 00:57:16.393,SERVO_OUTPUT_RAW,1391609819,SERVO_OUTPUT_RAW,0,0,0,0,0,0,0,0,1000,1000,1000,1000,0,0,0,0,0
2025-12-15 00:57:16.493,SERVO_OUTPUT_RAW,1391709820,SERVO_OUTPUT_RAW,0,0,0,0,0,0,0,0,1000,1000,1000,1000,0,0,0,0,0
2025-12-15 00:57:16.593,SERVO_OUTPUT_RAW,1391809828,SERVO_OUTPUT_RAW,0,0,0,0,0,0,0,0,1000,1000,1000,1000,0,0,0,0,0
2025-12-15 00:57:16.693,SERVO_OUTPUT_RAW,1391909787,SERVO_OUTPUT_RAW,0,0,0,0,0,0,0,0,1000,1000,1000,1000,0,0,0,0,0
2025-12-15 00:57:16.793,SERVO_OUTPUT_RAW,1392009798,SERVO_OUTPUT_RAW,0,0,0,0,0,0,0,0,1000,1000,1000,1000,0,0,0,0,0
2025-12-15 00:57:16.893,SERVO_OUTPUT_RAW,1392109795,SERVO_OUTPUT_RAW,0,0,0,0,0,0,0,0,1000,1000,1000,1000,0,0,0,0,0
2025-12-15 00:57:16.993,SERVO_OUTPUT_RAW,1392209796,SERVO_OUTPUT_RAW,0,0,0,0,0,0,0,0,1000,1000,1000,1000,0,0,0,0,0
2025-12-15 00:57:17.093,SERVO_OUTPUT_RAW,1392309821,SERVO_OUTPUT_RAW,0,0,0,0,0,0,0,0,1000,1000,1000,1000,0,0,0,0,0
2025-12-15 00:57:17.193,SERVO_OUTPUT_RAW,1392409824,SERVO_OUTPUT_RAW,0,0,0,0,0,0,0,0,1000,1000,1000,1000,0,0,0,0,0
2025-12-15 00:57:17.293,SERVO_OUTPUT_RAW,1392509849,SERVO_OUTPUT_RAW,0,0,0,0,0,0,0,0,1000,1000,1000,1000,0,0,0,0,0
2025-12-15 00:57:17.395,SERVO_OUTPUT_RAW,1392609801,SERVO_OUTPUT_RAW,0,0,0,0,0,0,0,0,1000,1000,1000,1000,0,0,0,0,0
2025-12-15 00:57:17.493,SERVO_OUTPUT_RAW,1392709808,SERVO_OUTPUT_RAW,0,0,0,0,0,0,0,0,1000,1000,1000,1000,0,0,0,0,0
2025-12-15 00:57:17.593,SERVO_OUTPUT_RAW,1392809839,SERVO_OUTPUT_RAW,0,0,0,0,0,0,0,0,1000,1000,1000,1000,0,0,0,0,0
2025-12-15 00:57:17.693,SERVO_OUTPUT_RAW,1392909845,SERVO_OUTPUT_RAW,0,0,0,0,0,0,0,0,1000,1000,1000,1000,0,0,0,0,0
2025-12-15 00:57:17.793,SERVO_OUTPUT_RAW,1393009851,SERVO_OUTPUT_RAW,0,0,0,0,0,0,0,0,1000,1000,1000,1000,0,0,0,0,0
2025-12-15 00:57:17.893,SERVO_OUTPUT_RAW,1393109795,SERVO_OUTPUT_RAW,0,0,0,0,0,0,0,0,1000,1000,1000,1000,0,0,0,0,0
2025-12-15 00:57:17.995,SERVO_OUTPUT_RAW,1393212075,SERVO_OUTPUT_RAW,0,0,0,0,0,0,0,0,1000,1000,1000,1000,0,0,0,0,0
2025-12-15 00:57:18.093,SERVO_OUTPUT_RAW,1393309816,SERVO_OUTPUT_RAW,0,0,0,0,0,0,0,0,1000,1000,1000,1000,0,0,0,0,0
2025-12-15 00:57:18.193,SERVO_OUTPUT_RAW,1393409794,SERVO_OUTPUT_RAW,0,0,0,0,0,0,0,0,1000,1000,1000,1000,0,0,0,0,0
2025-12-15 00:57:18.293,SERVO_OUTPUT_RAW,1393509779,SERVO_OUTPUT_RAW,0,0,0,0,0,0,0,0,1000,1000,1000,1000,0,0,0,0,0
2025-12-15 00:57:18.393,SERVO_OUTPUT_RAW,1393609777,SERVO_OUTPUT_RAW,0,0,0,0,0,0,0,0,1000,1000,1000,1000,0,0,0,0,0
2025-12-15 00:57:18.493,SERVO_OUTPUT_RAW,1393709797,SERVO_OUTPUT_RAW,0,0,0,0,0,0,0,0,1000,1000,1000,1000,0,0,0,0,0
2025-12-15 00:57:18.595,SERVO_OUTPUT_RAW,1393812131,SERVO_OUTPUT_RAW,0,0,0,0,0,0,0,0,1000,1000,1000,1000,0,0,0,0,0
2025-12-15 00:57:18.694,SERVO_OUTPUT_RAW,1393909814,SERVO_OUTPUT_RAW,0,0,0,0,0,0,0,0,1000,1000,1000,1000,0,0,0,0,0
2025-12-15 00:57:18.793,SERVO_OUTPUT_RAW,1394009831,SERVO_OUTPUT_RAW,0,0,0,0,0,0,0,0,1000,1000,1000,1000,0,0,0,0,0
2025-12-15 00:57:18.893,SERVO_OUTPUT_RAW,1394109823,SERVO_OUTPUT_RAW,0,0,0,0,0,0,0,0,1000,1000,1000,1000,0,0,0,0,0
2025-12-15 00:57:18.994,SERVO_OUTPUT_RAW,1394209820,SERVO_OUTPUT_RAW,0,0,0,0,0,0,0,0,1000,1000,1000,1000,0,0,0,0,0
2025-12-15 00:57:19.094,SERVO_OUTPUT_RAW,1394309857,SERVO_OUTPUT_RAW,0,0,0,0,0,0,0,0,1000,1000,1000,1000,0,0,0,0,0
2025-12-15 00:57:19.194,SERVO_OUTPUT_RAW,1394409838,SERVO_OUTPUT_RAW,0,0,0,0,0,0,0,0,1000,1000,1000,1000,0,0,0,0,0
2025-12-15 00:57:19.294,SERVO_OUTPUT_RAW,1394509843,SERVO_OUTPUT_RAW,0,0,0,0,0,0,0,0,1000,1000,1000,1000,0,0,0,0,0
2025-12-15 00:57:19.394,SERVO_OUTPUT_RAW,1394609782,SERVO_OUTPUT_RAW,0,0,0,0,0,0,0,0,1000,1000,1000,1000,0,0,0,0,0
2025-12-15 00:57:19.494,SERVO_OUTPUT_RAW,1394709795,SERVO_OUTPUT_RAW,0,0,0,0,0,0,0,0,1000,1000,1000,1000,0,0,0,0,0
2025-12-15 00:57:19.594,SERVO_OUTPUT_RAW,1394809821,SERVO_OUTPUT_RAW,0,0,0,0,0,0,0,0,1000,1000,1000,1000,0,0,0,0,0
2025-12-15 00:57:19.694,SERVO_OUTPUT_RAW,1394909779,SERVO_OUTPUT_RAW,0,0,0,0,0,0,0,0,1000,1000,1000,1000,0,0,0,0,0
2025-12-15 00:57:19.794,SERVO_OUTPUT_RAW,1395009769,SERVO_OUTPUT_RAW,0,0,0,0,0,0,0,0,1000,1000,1000,1000,0,0,0,0,0
2025-12-15 00:57:19.930,SERVO_OUTPUT_RAW,1395109810,SERVO_OUTPUT_RAW,0,0,0,0,0,0,0,0,1000,1000,1000,1000,0,0,0,0,0
2025-12-15 00:57:19.994,SERVO_OUTPUT_RAW,1395209798,SERVO_OUTPUT_RAW,0,0,0,0,0,0,0,0,1000,1000,1000,1000,0,0,0,0,0
2025-12-15 00:57:20.097,SERVO_OUTPUT_RAW,1395309862,SERVO_OUTPUT_RAW,0,0,0,0,0,0,0,0,1000,1000,1000,1000,0,0,0,0,0
2025-12-15 00:57:20.196,SERVO_OUTPUT_RAW,1395409801,SERVO_OUTPUT_RAW,0,0,0,0,0,0,0,0,1000,1000,1000,1000,0,0,0,0,0
2025-12-15 00:57:20.296,SERVO_OUTPUT_RAW,1395509821,SERVO_OUTPUT_RAW,0,0,0,0,0,0,0,0,1000,1000,1000,1000,0,0,0,0,0
2025-12-15 00:57:20.396,SERVO_OUTPUT_RAW,1395609843,SERVO_OUTPUT_RAW,0,0,0,0,0,0,0,0,1000,1000,1000,1000,0,0,0,0,0
2025-12-15 00:57:20.496,SERVO_OUTPUT_RAW,1395709852,SERVO_OUTPUT_RAW,0,0,0,0,0,0,0,0,1000,1000,1000,1000,0,0,0,0,0
2025-12-15 00:57:20.596,SERVO_OUTPUT_RAW,1395809807,SERVO_OUTPUT_RAW,0,0,0,0,0,0,0,0,1000,1000,1000,1000,0,0,0,0,0
2025-12-15 00:57:20.696,SERVO_OUTPUT_RAW,1395909822,SERVO_OUTPUT_RAW,0,0,0,0,0,0,0,0,1000,1000,1000,1000,0,0,0,0,0
2025-12-15 00:57:20.796,SERVO_OUTPUT_RAW,1396009834,SERVO_OUTPUT_RAW,0,0,0,0,0,0,0,0,1000,1000,1000,1000,0,0,0,0,0
2025-12-15 00:57:20.896,SERVO_OUTPUT_RAW,1396109898,SERVO_OUTPUT_RAW,0,0,0,0,0,0,0,0,1000,1000,1000,1000,0,0,0,0,0
2025-12-15 00:57:20.996,SERVO_OUTPUT_RAW,1396209786,SERVO_OUTPUT_RAW,0,0,0,0,0,0,0,0,1000,1000,1000,1000,0,0,0,0,0
2025-12-15 00:57:21.096,SERVO_OUTPUT_RAW,1396309822,SERVO_OUTPUT_RAW,0,0,0,0,0,0,0,0,1000,1000,1000,1000,0,0,0,0,0
2025-12-15 00:57:21.196,SERVO_OUTPUT_RAW,1396409827,SERVO_OUTPUT_RAW,0,0,0,0,0,0,0,0,1000,1000,1000,1000,0,0,0,0,0
2025-12-15 00:57:21.296,SERVO_OUTPUT_RAW,1396509789,SERVO_OUTPUT_RAW,0,0,0,0,0,0,0,0,1000,1000,1000,1000,0,0,0,0,0
2025-12-15 00:57:21.397,SERVO_OUTPUT_RAW,1396609779,SERVO_OUTPUT_RAW,0,0,0,0,0,0,0,0,1000,1000,1000,1000,0,0,0,0,0
2025-12-15 00:57:21.496,SERVO_OUTPUT_RAW,1396709810,SERVO_OUTPUT_RAW,0,0,0,0,0,0,0,0,1000,1000,1000,1000,0,0,0,0,0
2025-12-15 00:57:21.596,SERVO_OUTPUT_RAW,1396809806,SERVO_OUTPUT_RAW,0,0,0,0,0,0,0,0,1000,1000,1000,1000,0,0,0,0,0
2025-12-15 00:57:21.697,SERVO_OUTPUT_RAW,1396909784,SERVO_OUTPUT_RAW,0,0,0,0,0,0,0,0,1000,1000,1000,1000,0,0,0,0,0
2025-12-15 00:57:21.796,SERVO_OUTPUT_RAW,1397009840,SERVO_OUTPUT_RAW,0,0,0,0,0,0,0,0,1000,1000,1000,1000,0,0,0,0,0
2025-12-15 00:57:21.896,SERVO_OUTPUT_RAW,1397109834,SERVO_OUTPUT_RAW,0,0,0,0,0,0,0,0,1000,1000,1000,1000,0,0,0,0,0
2025-12-15 00:57:21.997,SERVO_OUTPUT_RAW,1397209782,SERVO_OUTPUT_RAW,0,0,0,0,0,0,0,0,1000,1000,1000,1000,0,0,0,0,0
2025-12-15 00:57:22.096,SERVO_OUTPUT_RAW,1397309783,SERVO_OUTPUT_RAW,0,0,0,0,0,0,0,0,1000,1000,1000,1000,0,0,0,0,0
2025-12-15 00:57:22.196,SERVO_OUTPUT_RAW,1397412106,SERVO_OUTPUT_RAW,0,0,0,0,0,0,0,0,1000,1000,1000,1000,0,0,0,0,0
2025-12-15 00:57:22.297,SERVO_OUTPUT_RAW,1397509846,SERVO_OUTPUT_RAW,0,0,0,0,0,0,0,0,1000,1000,1000,1000,0,0,0,0,0
2025-12-15 00:57:22.396,SERVO_OUTPUT_RAW,1397609848,SERVO_OUTPUT_RAW,0,0,0,0,0,0,0,0,1000,1000,1000,1000,0,0,0,0,0
2025-12-15 00:57:22.497,SERVO_OUTPUT_RAW,1397709822,SERVO_OUTPUT_RAW,0,0,0,0,0,0,0,0,1000,1000,1000,1000,0,0,0,0,0
2025-12-15 00:57:22.596,SERVO_OUTPUT_RAW,1397809812,SERVO_OUTPUT_RAW,0,0,0,0,0,0,0,0,1000,1000,1000,1000,0,0,0,0,0
2025-12-15 00:57:22.697,SERVO_OUTPUT_RAW,1397909829,SERVO_OUTPUT_RAW,0,0,0,0,0,0,0,0,1000,1000,1000,1000,0,0,0,0,0
2025-12-15 00:57:22.796,SERVO_OUTPUT_RAW,1398009824,SERVO_OUTPUT_RAW,0,0,0,0,0,0,0,0,1000,1000,1000,1000,0,0,0,0,0
2025-12-15 00:57:22.896,SERVO_OUTPUT_RAW,1398109789,SERVO_OUTPUT_RAW,0,0,0,0,0,0,0,0,1000,1000,1000,1000,0,0,0,0,0
2025-12-15 00:57:22.997,SERVO_OUTPUT_RAW,1398209782,SERVO_OUTPUT_RAW,0,0,0,0,0,0,0,0,1000,1000,1000,1000,0,0,0,0,0
2025-12-15 00:57:23.096,SERVO_OUTPUT_RAW,1398309802,SERVO_OUTPUT_RAW,0,0,0,0,0,0,0,0,1000,1000,1000,1000,0,0,0,0,0
2025-12-15 00:57:23.197,SERVO_OUTPUT_RAW,1398409779,SERVO_OUTPUT_RAW,0,0,0,0,0,0,0,0,1000,1000,1000,1000,0,0,0,0,0
2025-12-15 00:57:23.296,SERVO_OUTPUT_RAW,1398509789,SERVO_OUTPUT_RAW,0,0,0,0,0,0,0,0,1000,1000,1000,1000,0,0,0,0,0
2025-12-15 00:57:23.396,SERVO_OUTPUT_RAW,1398609828,SERVO_OUTPUT_RAW,0,0,0,0,0,0,0,0,1000,1000,1000,1000,0,0,0,0,0
2025-12-15 00:57:23.497,SERVO_OUTPUT_RAW,1398709834,SERVO_OUTPUT_RAW,0,0,0,0,0,0,0,0,1000,1000,1000,1000,0,0,0,0,0
2025-12-15 00:57:23.596,SERVO_OUTPUT_RAW,1398812140,SERVO_OUTPUT_RAW,0,0,0,0,0,0,0,0,1000,1000,1000,1000,0,0,0,0,0
2025-12-15 00:57:23.696,SERVO_OUTPUT_RAW,1398909780,SERVO_OUTPUT_RAW,0,0,0,0,0,0,0,0,1000,1000,1000,1000,0,0,0,0,0
2025-12-15 00:57:23.797,SERVO_OUTPUT_RAW,1399009816,SERVO_OUTPUT_RAW,0,0,0,0,0,0,0,0,1000,1000,1000,1000,0,0,0,0,0
2025-12-15 00:57:23.896,SERVO_OUTPUT_RAW,1399109832,SERVO_OUTPUT_RAW,0,0,0,0,0,0,0,0,1000,1000,1000,1000,0,0,0,0,0
2025-12-15 00:57:23.997,SERVO_OUTPUT_RAW,1399209781,SERVO_OUTPUT_RAW,0,0,0,0,0,0,0,0,1000,1000,1000,1000,0,0,0,0,0
2025-12-15 00:57:24.096,SERVO_OUTPUT_RAW,1399309774,SERVO_OUTPUT_RAW,0,0,0,0,0,0,0,0,1000,1000,1000,1000,0,0,0,0,0
2025-12-15 00:57:24.197,SERVO_OUTPUT_RAW,1399409794,SERVO_OUTPUT_RAW,0,0,0,0,0,0,0,0,1000,1000,1000,1000,0,0,0,0,0
2025-12-15 00:57:24.296,SERVO_OUTPUT_RAW,1399509875,SERVO_OUTPUT_RAW,0,0,0,0,0,0,0,0,1000,1000,1000,1000,0,0,0,0,0
2025-12-15 00:57:24.396,SERVO_OUTPUT_RAW,1399609879,SERVO_OUTPUT_RAW,0,0,0,0,0,0,0,0,1000,1000,1000,1000,0,0,0,0,0
2025-12-15 00:57:24.495,SERVO_OUTPUT_RAW,1399709807,SERVO_OUTPUT_RAW,0,0,0,0,0,0,0,0,1000,1000,1000,1000,0,0,0,0,0
2025-12-15 00:57:24.595,SERVO_OUTPUT_RAW,1399809787,SERVO_OUTPUT_RAW,0,0,0,0,0,0,0,0,1000,1000,1000,1000,0,0,0,0,0
2025-12-15 00:57:24.695,SERVO_OUTPUT_RAW,1399909798,SERVO_OUTPUT_RAW,0,0,0,0,0,0,0,0,1000,1000,1000,1000,0,0,0,0,0
2025-12-15 00:57:24.796,SERVO_OUTPUT_RAW,1400009790,SERVO_OUTPUT_RAW,0,0,0,0,0,0,0,0,1000,1000,1000,1000,0,0,0,0,0
2025-12-15 00:57:24.896,SERVO_OUTPUT_RAW,1400109787,SERVO_OUTPUT_RAW,0,0,0,0,0,0,0,0,1000,1000,1000,1000,0,0,0,0,0
2025-12-15 00:57:24.996,SERVO_OUTPUT_RAW,1400209850,SERVO_OUTPUT_RAW,0,0,0,0,0,0,0,0,1000,1000,1000,1000,0,0,0,0,0
2025-12-15 00:57:25.095,SERVO_OUTPUT_RAW,1400309835,SERVO_OUTPUT_RAW,0,0,0,0,0,0,0,0,1000,1000,1000,1000,0,0,0,0,0
2025-12-15 00:57:25.195,SERVO_OUTPUT_RAW,1400409800,SERVO_OUTPUT_RAW,0,0,0,0,0,0,0,0,1000,1000,1000,1000,0,0,0,0,0
2025-12-15 00:57:25.296,SERVO_OUTPUT_RAW,1400509808,SERVO_OUTPUT_RAW,0,0,0,0,0,0,0,0,1000,1000,1000,1000,0,0,0,0,0
2025-12-15 00:57:25.395,SERVO_OUTPUT_RAW,1400609829,SERVO_OUTPUT_RAW,0,0,0,0,0,0,0,0,1000,1000,1000,1000,0,0,0,0,0
2025-12-15 00:57:25.496,SERVO_OUTPUT_RAW,1400709846,SERVO_OUTPUT_RAW,0,0,0,0,0,0,0,0,1000,1000,1000,1000,0,0,0,0,0
2025-12-15 00:57:25.596,SERVO_OUTPUT_RAW,1400809813,SERVO_OUTPUT_RAW,0,0,0,0,0,0,0,0,1000,1000,1000,1000,0,0,0,0,0
2025-12-15 00:57:25.696,SERVO_OUTPUT_RAW,1400909799,SERVO_OUTPUT_RAW,0,0,0,0,0,0,0,0,1000,1000,1000,1000,0,0,0,0,0
2025-12-15 00:57:25.796,SERVO_OUTPUT_RAW,1401009823,SERVO_OUTPUT_RAW,0,0,0,0,0,0,0,0,1000,1000,1000,1000,0,0,0,0,0
2025-12-15 00:57:25.896,SERVO_OUTPUT_RAW,1401109819,SERVO_OUTPUT_RAW,0,0,0,0,0,0,0,0,1000,1000,1000,1000,0,0,0,0,0
2025-12-15 00:57:25.996,SERVO_OUTPUT_RAW,1401209786,SERVO_OUTPUT_RAW,0,0,0,0,0,0,0,0,1000,1000,1000,1000,0,0,0,0,0
2025-12-15 00:57:26.096,SERVO_OUTPUT_RAW,1401309788,SERVO_OUTPUT_RAW,0,0,0,0,0,0,0,0,1000,1000,1000,1000,0,0,0,0,0
2025-12-15 00:57:26.196,SERVO_OUTPUT_RAW,1401409781,SERVO_OUTPUT_RAW,0,0,0,0,0,0,0,0,1000,1000,1000,1000,0,0,0,0,0
2025-12-15 00:57:26.296,SERVO_OUTPUT_RAW,1401509798,SERVO_OUTPUT_RAW,0,0,0,0,0,0,0,0,1000,1000,1000,1000,0,0,0,0,0
2025-12-15 00:57:26.396,SERVO_OUTPUT_RAW,1401612177,SERVO_OUTPUT_RAW,0,0,0,0,0,0,0,0,1000,1000,1000,1000,0,0,0,0,0
2025-12-15 00:57:26.496,SERVO_OUTPUT_RAW,1401709824,SERVO_OUTPUT_RAW,0,0,0,0,0,0,0,0,1000,1000,1000,1000,0,0,0,0,0
2025-12-15 00:57:26.596,SERVO_OUTPUT_RAW,1401809844,SERVO_OUTPUT_RAW,0,0,0,0,0,0,0,0,1000,1000,1000,1000,0,0,0,0,0
2025-12-15 00:57:26.696,SERVO_OUTPUT_RAW,1401909854,SERVO_OUTPUT_RAW,0,0,0,0,0,0,0,0,1000,1000,1000,1000,0,0,0,0,0
2025-12-15 00:57:26.796,SERVO_OUTPUT_RAW,1402009779,SERVO_OUTPUT_RAW,0,0,0,0,0,0,0,0,1000,1000,1000,1000,0,0,0,0,0
2025-12-15 00:57:26.896,SERVO_OUTPUT_RAW,1402109810,SERVO_OUTPUT_RAW,0,0,0,0,0,0,0,0,1000,1000,1000,1000,0,0,0,0,0
2025-12-15 00:57:26.996,SERVO_OUTPUT_RAW,1402209846,SERVO_OUTPUT_RAW,0,0,0,0,0,0,0,0,1000,1000,1000,1000,0,0,0,0,0
2025-12-15 00:57:27.096,SERVO_OUTPUT_RAW,1402309828,SERVO_OUTPUT_RAW,0,0,0,0,0,0,0,0,1000,1000,1000,1000,0,0,0,0,0
2025-12-15 00:57:27.196,SERVO_OUTPUT_RAW,1402409791,SERVO_OUTPUT_RAW,0,0,0,0,0,0,0,0,1000,1000,1000,1000,0,0,0,0,0
2025-12-15 00:57:27.296,SERVO_OUTPUT_RAW,1402509810,SERVO_OUTPUT_RAW,0,0,0,0,0,0,0,0,1000,1000,1000,1000,0,0,0,0,0
2025-12-15 00:57:27.397,SERVO_OUTPUT_RAW,1402609813,SERVO_OUTPUT_RAW,0,0,0,0,0,0,0,0,1000,1000,1000,1000,0,0,0,0,0
2025-12-15 00:57:27.496,SERVO_OUTPUT_RAW,1402709876,SERVO_OUTPUT_RAW,0,0,0,0,0,0,0,0,1000,1000,1000,1000,0,0,0,0,0
2025-12-15 00:57:27.595,SERVO_OUTPUT_RAW,1402809788,SERVO_OUTPUT_RAW,0,0,0,0,0,0,0,0,1000,1000,1000,1000,0,0,0,0,0
2025-12-15 00:57:27.696,SERVO_OUTPUT_RAW,1402909792,SERVO_OUTPUT_RAW,0,0,0,0,0,0,0,0,1000,1000,1000,1000,0,0,0,0,0
2025-12-15 00:57:27.797,SERVO_OUTPUT_RAW,1403009791,SERVO_OUTPUT_RAW,0,0,0,0,0,0,0,0,1000,1000,1000,1000,0,0,0,0,0
2025-12-15 00:57:27.897,SERVO_OUTPUT_RAW,1403109789,SERVO_OUTPUT_RAW,0,0,0,0,0,0,0,0,1000,1000,1000,1000,0,0,0,0,0
2025-12-15 00:57:27.996,SERVO_OUTPUT_RAW,1403209799,SERVO_OUTPUT_RAW,0,0,0,0,0,0,0,0,1000,1000,1000,1000,0,0,0,0,0
2025-12-15 00:57:28.096,SERVO_OUTPUT_RAW,1403312143,SERVO_OUTPUT_RAW,0,0,0,0,0,0,0,0,1000,1000,1000,1000,0,0,0,0,0
2025-12-15 00:57:28.196,SERVO_OUTPUT_RAW,1403409836,SERVO_OUTPUT_RAW,0,0,0,0,0,0,0,0,1000,1000,1000,1000,0,0,0,0,0
2025-12-15 00:57:28.296,SERVO_OUTPUT_RAW,1403509869,SERVO_OUTPUT_RAW,0,0,0,0,0,0,0,0,1000,1000,1000,1000,0,0,0,0,0
2025-12-15 00:57:28.396,SERVO_OUTPUT_RAW,1403609792,SERVO_OUTPUT_RAW,0,0,0,0,0,0,0,0,1000,1000,1000,1000,0,0,0,0,0
2025-12-15 00:57:28.496,SERVO_OUTPUT_RAW,1403712118,SERVO_OUTPUT_RAW,0,0,0,0,0,0,0,0,1000,1000,1000,1000,0,0,0,0,0
2025-12-15 00:57:28.596,SERVO_OUTPUT_RAW,1403809858,SERVO_OUTPUT_RAW,0,0,0,0,0,0,0,0,1000,1000,1000,1000,0,0,0,0,0
2025-12-15 00:57:28.696,SERVO_OUTPUT_RAW,1403909809,SERVO_OUTPUT_RAW,0,0,0,0,0,0,0,0,1000,1000,1000,1000,0,0,0,0,0
2025-12-15 00:57:28.796,SERVO_OUTPUT_RAW,1404009795,SERVO_OUTPUT_RAW,0,0,0,0,0,0,0,0,1000,1000,1000,1000,0,0,0,0,0
2025-12-15 00:57:28.896,SERVO_OUTPUT_RAW,1404109817,SERVO_OUTPUT_RAW,0,0,0,0,0,0,0,0,1000,1000,1000,1000,0,0,0,0,0
2025-12-15 00:57:28.996,SERVO_OUTPUT_RAW,1404209840,SERVO_OUTPUT_RAW,0,0,0,0,0,0,0,0,1000,1000,1000,1000,0,0,0,0,0
2025-12-15 00:57:29.096,SERVO_OUTPUT_RAW,1404309786,SERVO_OUTPUT_RAW,0,0,0,0,0,0,0,0,1000,1000,1000,1000,0,0,0,0,0
2025-12-15 00:57:29.197,SERVO_OUTPUT_RAW,1404409774,SERVO_OUTPUT_RAW,0,0,0,0,0,0,0,0,1000,1000,1000,1000,0,0,0,0,0
2025-12-15 00:57:29.296,SERVO_OUTPUT_RAW,1404509792,SERVO_OUTPUT_RAW,0,0,0,0,0,0,0,0,1000,1000,1000,1000,0,0,0,0,0
2025-12-15 00:57:29.397,SERVO_OUTPUT_RAW,1404609783,SERVO_OUTPUT_RAW,0,0,0,0,0,0,0,0,1000,1000,1000,1000,0,0,0,0,0
2025-12-15 00:57:29.496,SERVO_OUTPUT_RAW,1404709802,SERVO_OUTPUT_RAW,0,0,0,0,0,0,0,0,1000,1000,1000,1000,0,0,0,0,0
2025-12-15 00:57:29.596,SERVO_OUTPUT_RAW,1404809826,SERVO_OUTPUT_RAW,0,0,0,0,0,0,0,0,1000,1000,1000,1000,0,0,0,0,0
2025-12-15 00:57:29.696,SERVO_OUTPUT_RAW,1404909831,SERVO_OUTPUT_RAW,0,0,0,0,0,0,0,0,1000,1000,1000,1000,0,0,0,0,0
2025-12-15 00:57:29.797,SERVO_OUTPUT_RAW,1405009804,SERVO_OUTPUT_RAW,0,0,0,0,0,0,0,0,1000,1000,1000,1000,0,0,0,0,0
2025-12-15 00:57:29.897,SERVO_OUTPUT_RAW,1405109814,SERVO_OUTPUT_RAW,0,0,0,0,0,0,0,0,1000,1000,1000,1000,0,0,0,0,0
2025-12-15 00:57:29.997,SERVO_OUTPUT_RAW,1405209835,SERVO_OUTPUT_RAW,0,0,0,0,0,0,0,0,1000,1000,1000,1000,0,0,0,0,0
2025-12-15 00:57:30.096,SERVO_OUTPUT_RAW,1405309830,SERVO_OUTPUT_RAW,0,0,0,0,0,0,0,0,1000,1000,1000,1000,0,0,0,0,0
2025-12-15 00:57:30.196,SERVO_OUTPUT_RAW,1405409874,SERVO_OUTPUT_RAW,0,0,0,0,0,0,0,0,1000,1000,1000,1000,0,0,0,0,0
2025-12-15 00:57:30.296,SERVO_OUTPUT_RAW,1405509822,SERVO_OUTPUT_RAW,0,0,0,0,0,0,0,0,1000,1000,1000,1000,0,0,0,0,0
2025-12-15 00:57:30.396,SERVO_OUTPUT_RAW,1405609798,SERVO_OUTPUT_RAW,0,0,0,0,0,0,0,0,1000,1000,1000,1000,0,0,0,0,0
2025-12-15 00:57:30.496,SERVO_OUTPUT_RAW,1405709824,SERVO_OUTPUT_RAW,0,0,0,0,0,0,0,0,1000,1000,1000,1000,0,0,0,0,0
2025-12-15 00:57:30.596,SERVO_OUTPUT_RAW,1405809864,SERVO_OUTPUT_RAW,0,0,0,0,0,0,0,0,1000,1000,1000,1000,0,0,0,0,0
2025-12-15 00:57:30.696,SERVO_OUTPUT_RAW,1405909779,SERVO_OUTPUT_RAW,0,0,0,0,0,0,0,0,1000,1000,1000,1000,0,0,0,0,0
2025-12-15 00:57:30.796,SERVO_OUTPUT_RAW,1406009792,SERVO_OUTPUT_RAW,0,0,0,0,0,0,0,0,1000,1000,1000,1000,0,0,0,0,0
2025-12-15 00:57:30.896,SERVO_OUTPUT_RAW,1406109776,SERVO_OUTPUT_RAW,0,0,0,0,0,0,0,0,1000,1000,1000,1000,0,0,0,0,0
2025-12-15 00:57:30.996,SERVO_OUTPUT_RAW,1406209789,SERVO_OUTPUT_RAW,0,0,0,0,0,0,0,0,1000,1000,1000,1000,0,0,0,0,0
2025-12-15 00:57:31.096,SERVO_OUTPUT_RAW,1406309776,SERVO_OUTPUT_RAW,0,0,0,0,0,0,0,0,1000,1000,1000,1000,0,0,0,0,0
2025-12-15 00:57:31.196,SERVO_OUTPUT_RAW,1406409812,SERVO_OUTPUT_RAW,0,0,0,0,0,0,0,0,1000,1000,1000,1000,0,0,0,0,0
2025-12-15 00:57:31.296,SERVO_OUTPUT_RAW,1406509837,SERVO_OUTPUT_RAW,0,0,0,0,0,0,0,0,1000,1000,1000,1000,0,0,0,0,0
2025-12-15 00:57:31.396,SERVO_OUTPUT_RAW,1406609852,SERVO_OUTPUT_RAW,0,0,0,0,0,0,0,0,1000,1000,1000,1000,0,0,0,0,0
2025-12-15 00:57:31.496,SERVO_OUTPUT_RAW,1406709834,SERVO_OUTPUT_RAW,0,0,0,0,0,0,0,0,1000,1000,1000,1000,0,0,0,0,0
2025-12-15 00:57:31.596,SERVO_OUTPUT_RAW,1406809810,SERVO_OUTPUT_RAW,0,0,0,0,0,0,0,0,1000,1000,1000,1000,0,0,0,0,0
2025-12-15 00:57:31.697,SERVO_OUTPUT_RAW,1406909859,SERVO_OUTPUT_RAW,0,0,0,0,0,0,0,0,1000,1000,1000,1000,0,0,0,0,0
2025-12-15 00:57:31.796,SERVO_OUTPUT_RAW,1407009842,SERVO_OUTPUT_RAW,0,0,0,0,0,0,0,0,1000,1000,1000,1000,0,0,0,0,0
2025-12-15 00:57:31.897,SERVO_OUTPUT_RAW,1407109782,SERVO_OUTPUT_RAW,0,0,0,0,0,0,0,0,1000,1000,1000,1000,0,0,0,0,0
2025-12-15 00:57:31.996,SERVO_OUTPUT_RAW,1407209810,SERVO_OUTPUT_RAW,0,0,0,0,0,0,0,0,1000,1000,1000,1000,0,0,0,0,0
2025-12-15 00:57:32.096,SERVO_OUTPUT_RAW,1407309812,SERVO_OUTPUT_RAW,0,0,0,0,0,0,0,0,1000,1000,1000,1000,0,0,0,0,0
2025-12-15 00:57:32.197,SERVO_OUTPUT_RAW,1407409774,SERVO_OUTPUT_RAW,0,0,0,0,0,0,0,0,1000,1000,1000,1000,0,0,0,0,0
2025-12-15 00:57:32.296,SERVO_OUTPUT_RAW,1407509790,SERVO_OUTPUT_RAW,0,0,0,0,0,0,0,0,1000,1000,1000,1000,0,0,0,0,0
2025-12-15 00:57:32.398,SERVO_OUTPUT_RAW,1407609791,SERVO_OUTPUT_RAW,0,0,0,0,0,0,0,0,1000,1000,1000,1000,0,0,0,0,0
2025-12-15 00:57:32.497,SERVO_OUTPUT_RAW,1407709801,SERVO_OUTPUT_RAW,0,0,0,0,0,0,0,0,1000,1000,1000,1000,0,0,0,0,0
2025-12-15 00:57:32.597,SERVO_OUTPUT_RAW,1407809795,SERVO_OUTPUT_RAW,0,0,0,0,0,0,0,0,1000,1000,1000,1000,0,0,0,0,0
2025-12-15 00:57:32.696,SERVO_OUTPUT_RAW,1407912183,SERVO_OUTPUT_RAW,0,0,0,0,0,0,0,0,1000,1000,1000,1000,0,0,0,0,0
2025-12-15 00:57:32.797,SERVO_OUTPUT_RAW,1408009819,SERVO_OUTPUT_RAW,0,0,0,0,0,0,0,0,1000,1000,1000,1000,0,0,0,0,0
2025-12-15 00:57:32.897,SERVO_OUTPUT_RAW,1408109788,SERVO_OUTPUT_RAW,0,0,0,0,0,0,0,0,1000,1000,1000,1000,0,0,0,0,0
2025-12-15 00:57:32.997,SERVO_OUTPUT_RAW,1408209843,SERVO_OUTPUT_RAW,0,0,0,0,0,0,0,0,1000,1000,1000,1000,0,0,0,0,0
2025-12-15 00:57:33.097,SERVO_OUTPUT_RAW,1408309898,SERVO_OUTPUT_RAW,0,0,0,0,0,0,0,0,1000,1000,1000,1000,0,0,0,0,0
2025-12-15 00:57:33.197,SERVO_OUTPUT_RAW,1408409839,SERVO_OUTPUT_RAW,0,0,0,0,0,0,0,0,1000,1000,1000,1000,0,0,0,0,0
2025-12-15 00:57:33.297,SERVO_OUTPUT_RAW,1408509840,SERVO_OUTPUT_RAW,0,0,0,0,0,0,0,0,1000,1000,1000,1000,0,0,0,0,0
2025-12-15 00:57:33.397,SERVO_OUTPUT_RAW,1408609851,SERVO_OUTPUT_RAW,0,0,0,0,0,0,0,0,1000,1000,1000,1000,0,0,0,0,0
2025-12-15 00:57:33.497,SERVO_OUTPUT_RAW,1408709799,SERVO_OUTPUT_RAW,0,0,0,0,0,0,0,0,1000,1000,1000,1000,0,0,0,0,0
2025-12-15 00:57:33.597,SERVO_OUTPUT_RAW,1408809825,SERVO_OUTPUT_RAW,0,0,0,0,0,0,0,0,1000,1000,1000,1000,0,0,0,0,0
2025-12-15 00:57:33.697,SERVO_OUTPUT_RAW,1408909816,SERVO_OUTPUT_RAW,0,0,0,0,0,0,0,0,1000,1000,1000,1000,0,0,0,0,0
2025-12-15 00:57:33.797,SERVO_OUTPUT_RAW,1409009858,SERVO_OUTPUT_RAW,0,0,0,0,0,0,0,0,1000,1000,1000,1000,0,0,0,0,0
2025-12-15 00:57:33.896,SERVO_OUTPUT_RAW,1409109791,SERVO_OUTPUT_RAW,0,0,0,0,0,0,0,0,1000,1000,1000,1000,0,0,0,0,0
2025-12-15 00:57:33.996,SERVO_OUTPUT_RAW,1409209801,SERVO_OUTPUT_RAW,0,0,0,0,0,0,0,0,1000,1000,1000,1000,0,0,0,0,0
2025-12-15 00:57:34.096,SERVO_OUTPUT_RAW,1409309802,SERVO_OUTPUT_RAW,0,0,0,0,0,0,0,0,1000,1000,1000,1000,0,0,0,0,0
2025-12-15 00:57:34.196,SERVO_OUTPUT_RAW,1409409780,SERVO_OUTPUT_RAW,0,0,0,0,0,0,0,0,1000,1000,1000,1000,0,0,0,0,0
2025-12-15 00:57:34.296,SERVO_OUTPUT_RAW,1409509804,SERVO_OUTPUT_RAW,0,0,0,0,0,0,0,0,1000,1000,1000,1000,0,0,0,0,0
2025-12-15 00:57:34.396,SERVO_OUTPUT_RAW,1409609855,SERVO_OUTPUT_RAW,0,0,0,0,0,0,0,0,1000,1000,1000,1000,0,0,0,0,0
2025-12-15 00:57:34.496,SERVO_OUTPUT_RAW,1409709843,SERVO_OUTPUT_RAW,0,0,0,0,0,0,0,0,1000,1000,1000,1000,0,0,0,0,0
2025-12-15 00:57:34.596,SERVO_OUTPUT_RAW,1409809776,SERVO_OUTPUT_RAW,0,0,0,0,0,0,0,0,1000,1000,1000,1000,0,0,0,0,0
2025-12-15 00:57:34.696,SERVO_OUTPUT_RAW,1409909808,SERVO_OUTPUT_RAW,0,0,0,0,0,0,0,0,1000,1000,1000,1000,0,0,0,0,0
2025-12-15 00:57:34.796,SERVO_OUTPUT_RAW,1410012135,SERVO_OUTPUT_RAW,0,0,0,0,0,0,0,0,1000,1000,1000,1000,0,0,0,0,0
2025-12-15 00:57:34.896,SERVO_OUTPUT_RAW,1410109832,SERVO_OUTPUT_RAW,0,0,0,0,0,0,0,0,1000,1000,1000,1000,0,0,0,0,0
2025-12-15 00:57:34.996,SERVO_OUTPUT_RAW,1410209781,SERVO_OUTPUT_RAW,0,0,0,0,0,0,0,0,1000,1000,1000,1000,0,0,0,0,0
2025-12-15 00:57:35.096,SERVO_OUTPUT_RAW,1410309791,SERVO_OUTPUT_RAW,0,0,0,0,0,0,0,0,1000,1000,1000,1000,0,0,0,0,0
2025-12-15 00:57:35.196,SERVO_OUTPUT_RAW,1410409803,SERVO_OUTPUT_RAW,0,0,0,0,0,0,0,0,1000,1000,1000,1000,0,0,0,0,0
2025-12-15 00:57:35.296,SERVO_OUTPUT_RAW,1410509833,SERVO_OUTPUT_RAW,0,0,0,0,0,0,0,0,1000,1000,1000,1000,0,0,0,0,0
2025-12-15 00:57:35.396,SERVO_OUTPUT_RAW,1410609786,SERVO_OUTPUT_RAW,0,0,0,0,0,0,0,0,1000,1000,1000,1000,0,0,0,0,0
2025-12-15 00:57:35.496,SERVO_OUTPUT_RAW,1410709783,SERVO_OUTPUT_RAW,0,0,0,0,0,0,0,0,1000,1000,1000,1000,0,0,0,0,0
2025-12-15 00:57:35.596,SERVO_OUTPUT_RAW,1410809785,SERVO_OUTPUT_RAW,0,0,0,0,0,0,0,0,1000,1000,1000,1000,0,0,0,0,0
2025-12-15 00:57:35.696,SERVO_OUTPUT_RAW,1410909789,SERVO_OUTPUT_RAW,0,0,0,0,0,0,0,0,1000,1000,1000,1000,0,0,0,0,0
2025-12-15 00:57:35.796,SERVO_OUTPUT_RAW,1411009800,SERVO_OUTPUT_RAW,0,0,0,0,0,0,0,0,1000,1000,1000,1000,0,0,0,0,0
2025-12-15 00:57:35.896,SERVO_OUTPUT_RAW,1411109833,SERVO_OUTPUT_RAW,0,0,0,0,0,0,0,0,1000,1000,1000,1000,0,0,0,0,0
2025-12-15 00:57:35.996,SERVO_OUTPUT_RAW,1411209832,SERVO_OUTPUT_RAW,0,0,0,0,0,0,0,0,1000,1000,1000,1000,0,0,0,0,0
2025-12-15 00:57:36.096,SERVO_OUTPUT_RAW,1411309802,SERVO_OUTPUT_RAW,0,0,0,0,0,0,0,0,1000,1000,1000,1000,0,0,0,0,0
2025-12-15 00:57:36.196,SERVO_OUTPUT_RAW,1411409803,SERVO_OUTPUT_RAW,0,0,0,0,0,0,0,0,1000,1000,1000,1000,0,0,0,0,0
2025-12-15 00:57:36.296,SERVO_OUTPUT_RAW,1411509836,SERVO_OUTPUT_RAW,0,0,0,0,0,0,0,0,1000,1000,1000,1000,0,0,0,0,0
2025-12-15 00:57:36.396,SERVO_OUTPUT_RAW,1411609860,SERVO_OUTPUT_RAW,0,0,0,0,0,0,0,0,1000,1000,1000,1000,0,0,0,0,0
2025-12-15 00:57:36.496,SERVO_OUTPUT_RAW,1411709806,SERVO_OUTPUT_RAW,0,0,0,0,0,0,0,0,1000,1000,1000,1000,0,0,0,0,0
2025-12-15 00:57:36.596,SERVO_OUTPUT_RAW,1411809780,SERVO_OUTPUT_RAW,0,0,0,0,0,0,0,0,1000,1000,1000,1000,0,0,0,0,0
2025-12-15 00:57:36.696,SERVO_OUTPUT_RAW,1411909810,SERVO_OUTPUT_RAW,0,0,0,0,0,0,0,0,1000,1000,1000,1000,0,0,0,0,0
2025-12-15 00:57:36.796,SERVO_OUTPUT_RAW,1412009818,SERVO_OUTPUT_RAW,0,0,0,0,0,0,0,0,1000,1000,1000,1000,0,0,0,0,0
2025-12-15 00:57:36.897,SERVO_OUTPUT_RAW,1412109887,SERVO_OUTPUT_RAW,0,0,0,0,0,0,0,0,1000,1000,1000,1000,0,0,0,0,0
2025-12-15 00:57:36.996,SERVO_OUTPUT_RAW,1412209819,SERVO_OUTPUT_RAW,0,0,0,0,0,0,0,0,1000,1000,1000,1000,0,0,0,0,0
2025-12-15 00:57:37.096,SERVO_OUTPUT_RAW,1412309800,SERVO_OUTPUT_RAW,0,0,0,0,0,0,0,0,1000,1000,1000,1000,0,0,0,0,0
2025-12-15 00:57:37.196,SERVO_OUTPUT_RAW,1412409795,SERVO_OUTPUT_RAW,0,0,0,0,0,0,0,0,1000,1000,1000,1000,0,0,0,0,0
2025-12-15 00:57:37.296,SERVO_OUTPUT_RAW,1412509790,SERVO_OUTPUT_RAW,0,0,0,0,0,0,0,0,1000,1000,1000,1000,0,0,0,0,0
2025-12-15 00:57:37.396,SERVO_OUTPUT_RAW,1412609818,SERVO_OUTPUT_RAW,0,0,0,0,0,0,0,0,1000,1000,1000,1000,0,0,0,0,0
2025-12-15 00:57:37.497,SERVO_OUTPUT_RAW,1412709833,SERVO_OUTPUT_RAW,0,0,0,0,0,0,0,0,1000,1000,1000,1000,0,0,0,0,0
2025-12-15 00:57:37.596,SERVO_OUTPUT_RAW,1412809833,SERVO_OUTPUT_RAW,0,0,0,0,0,0,0,0,1000,1000,1000,1000,0,0,0,0,0
2025-12-15 00:57:37.696,SERVO_OUTPUT_RAW,1412909779,SERVO_OUTPUT_RAW,0,0,0,0,0,0,0,0,1000,1000,1000,1000,0,0,0,0,0
2025-12-15 00:57:37.796,SERVO_OUTPUT_RAW,1413009811,SERVO_OUTPUT_RAW,0,0,0,0,0,0,0,0,1000,1000,1000,1000,0,0,0,0,0
2025-12-15 00:57:37.897,SERVO_OUTPUT_RAW,1413109830,SERVO_OUTPUT_RAW,0,0,0,0,0,0,0,0,1000,1000,1000,1000,0,0,0,0,0
2025-12-15 00:57:37.996,SERVO_OUTPUT_RAW,1413209869,SERVO_OUTPUT_RAW,0,0,0,0,0,0,0,0,1000,1000,1000,1000,0,0,0,0,0
2025-12-15 00:57:38.096,SERVO_OUTPUT_RAW,1413309787,SERVO_OUTPUT_RAW,0,0,0,0,0,0,0,0,1000,1000,1000,1000,0,0,0,0,0
2025-12-15 00:57:38.196,SERVO_OUTPUT_RAW,1413409789,SERVO_OUTPUT_RAW,0,0,0,0,0,0,0,0,1000,1000,1000,1000,0,0,0,0,0
2025-12-15 00:57:38.296,SERVO_OUTPUT_RAW,1413509830,SERVO_OUTPUT_RAW,0,0,0,0,0,0,0,0,1000,1000,1000,1000,0,0,0,0,0
2025-12-15 00:57:38.396,SERVO_OUTPUT_RAW,1413609828,SERVO_OUTPUT_RAW,0,0,0,0,0,0,0,0,1000,1000,1000,1000,0,0,0,0,0
2025-12-15 00:57:38.496,SERVO_OUTPUT_RAW,1413709778,SERVO_OUTPUT_RAW,0,0,0,0,0,0,0,0,1000,1000,1000,1000,0,0,0,0,0
2025-12-15 00:57:38.596,SERVO_OUTPUT_RAW,1413809777,SERVO_OUTPUT_RAW,0,0,0,0,0,0,0,0,1000,1000,1000,1000,0,0,0,0,0
2025-12-15 00:57:38.696,SERVO_OUTPUT_RAW,1413909780,SERVO_OUTPUT_RAW,0,0,0,0,0,0,0,0,1000,1000,1000,1000,0,0,0,0,0
2025-12-15 00:57:38.796,SERVO_OUTPUT_RAW,1414009782,SERVO_OUTPUT_RAW,0,0,0,0,0,0,0,0,1000,1000,1000,1000,0,0,0,0,0
2025-12-15 00:57:38.897,SERVO_OUTPUT_RAW,1414109829,SERVO_OUTPUT_RAW,0,0,0,0,0,0,0,0,1000,1000,1000,1000,0,0,0,0,0
2025-12-15 00:57:38.996,SERVO_OUTPUT_RAW,1414212171,SERVO_OUTPUT_RAW,0,0,0,0,0,0,0,0,1000,1000,1000,1000,0,0,0,0,0
2025-12-15 00:57:39.096,SERVO_OUTPUT_RAW,1414309835,SERVO_OUTPUT_RAW,0,0,0,0,0,0,0,0,1000,1000,1000,1000,0,0,0,0,0
2025-12-15 00:57:39.196,SERVO_OUTPUT_RAW,1414409840,SERVO_OUTPUT_RAW,0,0,0,0,0,0,0,0,1000,1000,1000,1000,0,0,0,0,0
2025-12-15 00:57:39.296,SERVO_OUTPUT_RAW,1414509809,SERVO_OUTPUT_RAW,0,0,0,0,0,0,0,0,1000,1000,1000,1000,0,0,0,0,0
2025-12-15 00:57:39.396,SERVO_OUTPUT_RAW,1414609827,SERVO_OUTPUT_RAW,0,0,0,0,0,0,0,0,1000,1000,1000,1000,0,0,0,0,0
2025-12-15 00:57:39.496,SERVO_OUTPUT_RAW,1414709837,SERVO_OUTPUT_RAW,0,0,0,0,0,0,0,0,1000,1000,1000,1000,0,0,0,0,0
2025-12-15 00:57:39.597,SERVO_OUTPUT_RAW,1414809848,SERVO_OUTPUT_RAW,0,0,0,0,0,0,0,0,1000,1000,1000,1000,0,0,0,0,0
2025-12-15 00:57:39.697,SERVO_OUTPUT_RAW,1414909785,SERVO_OUTPUT_RAW,0,0,0,0,0,0,0,0,1000,1000,1000,1000,0,0,0,0,0
2025-12-15 00:57:39.796,SERVO_OUTPUT_RAW,1415009817,SERVO_OUTPUT_RAW,0,0,0,0,0,0,0,0,1000,1000,1000,1000,0,0,0,0,0
2025-12-15 00:57:39.898,SERVO_OUTPUT_RAW,1415109831,SERVO_OUTPUT_RAW,0,0,0,0,0,0,0,0,1000,1000,1000,1000,0,0,0,0,0
2025-12-15 00:57:39.997,SERVO_OUTPUT_RAW,1415209775,SERVO_OUTPUT_RAW,0,0,0,0,0,0,0,0,1000,1000,1000,1000,0,0,0,0,0
2025-12-15 00:57:40.097,SERVO_OUTPUT_RAW,1415309789,SERVO_OUTPUT_RAW,0,0,0,0,0,0,0,0,1000,1000,1000,1000,0,0,0,0,0
2025-12-15 00:57:40.197,SERVO_OUTPUT_RAW,1415409786,SERVO_OUTPUT_RAW,0,0,0,0,0,0,0,0,1000,1000,1000,1000,0,0,0,0,0
2025-12-15 00:57:40.296,SERVO_OUTPUT_RAW,1415509788,SERVO_OUTPUT_RAW,0,0,0,0,0,0,0,0,1000,1000,1000,1000,0,0,0,0,0
2025-12-15 00:57:40.397,SERVO_OUTPUT_RAW,1415609789,SERVO_OUTPUT_RAW,0,0,0,0,0,0,0,0,1000,1000,1000,1000,0,0,0,0,0
2025-12-15 00:57:40.497,SERVO_OUTPUT_RAW,1415709793,SERVO_OUTPUT_RAW,0,0,0,0,0,0,0,0,1000,1000,1000,1000,0,0,0,0,0
2025-12-15 00:57:40.597,SERVO_OUTPUT_RAW,1415809824,SERVO_OUTPUT_RAW,0,0,0,0,0,0,0,0,1000,1000,1000,1000,0,0,0,0,0
2025-12-15 00:57:40.697,SERVO_OUTPUT_RAW,1415909851,SERVO_OUTPUT_RAW,0,0,0,0,0,0,0,0,1000,1000,1000,1000,0,0,0,0,0
2025-12-15 00:57:40.797,SERVO_OUTPUT_RAW,1416009808,SERVO_OUTPUT_RAW,0,0,0,0,0,0,0,0,1000,1000,1000,1000,0,0,0,0,0
2025-12-15 00:57:40.897,SERVO_OUTPUT_RAW,1416109828,SERVO_OUTPUT_RAW,0,0,0,0,0,0,0,0,1000,1000,1000,1000,0,0,0,0,0
2025-12-15 00:57:40.997,SERVO_OUTPUT_RAW,1416209819,SERVO_OUTPUT_RAW,0,0,0,0,0,0,0,0,1000,1000,1000,1000,0,0,0,0,0
2025-12-15 00:57:41.097,SERVO_OUTPUT_RAW,1416312094,SERVO_OUTPUT_RAW,0,0,0,0,0,0,0,0,1000,1000,1000,1000,0,0,0,0,0
2025-12-15 00:57:41.197,SERVO_OUTPUT_RAW,1416409854,SERVO_OUTPUT_RAW,0,0,0,0,0,0,0,0,1000,1000,1000,1000,0,0,0,0,0
2025-12-15 00:57:41.297,SERVO_OUTPUT_RAW,1416509782,SERVO_OUTPUT_RAW,0,0,0,0,0,0,0,0,1000,1000,1000,1000,0,0,0,0,0
2025-12-15 00:57:41.397,SERVO_OUTPUT_RAW,1416609820,SERVO_OUTPUT_RAW,0,0,0,0,0,0,0,0,1000,1000,1000,1000,0,0,0,0,0
2025-12-15 00:57:41.497,SERVO_OUTPUT_RAW,1416709820,SERVO_OUTPUT_RAW,0,0,0,0,0,0,0,0,1000,1000,1000,1000,0,0,0,0,0
2025-12-15 00:57:41.597,SERVO_OUTPUT_RAW,1416809790,SERVO_OUTPUT_RAW,0,0,0,0,0,0,0,0,1000,1000,1000,1000,0,0,0,0,0
2025-12-15 00:57:41.697,SERVO_OUTPUT_RAW,1416909787,SERVO_OUTPUT_RAW,0,0,0,0,0,0,0,0,1000,1000,1000,1000,0,0,0,0,0
2025-12-15 00:57:41.797,SERVO_OUTPUT_RAW,1417009813,SERVO_OUTPUT_RAW,0,0,0,0,0,0,0,0,1000,1000,1000,1000,0,0,0,0,0
2025-12-15 00:57:41.897,SERVO_OUTPUT_RAW,1417109790,SERVO_OUTPUT_RAW,0,0,0,0,0,0,0,0,1000,1000,1000,1000,0,0,0,0,0
2025-12-15 00:57:41.997,SERVO_OUTPUT_RAW,1417209795,SERVO_OUTPUT_RAW,0,0,0,0,0,0,0,0,1000,1000,1000,1000,0,0,0,0,0
2025-12-15 00:57:42.097,SERVO_OUTPUT_RAW,1417309827,SERVO_OUTPUT_RAW,0,0,0,0,0,0,0,0,1000,1000,1000,1000,0,0,0,0,0
2025-12-15 00:57:42.197,SERVO_OUTPUT_RAW,1417409838,SERVO_OUTPUT_RAW,0,0,0,0,0,0,0,0,1000,1000,1000,1000,0,0,0,0,0
2025-12-15 00:57:42.297,SERVO_OUTPUT_RAW,1417509783,SERVO_OUTPUT_RAW,0,0,0,0,0,0,0,0,1000,1000,1000,1000,0,0,0,0,0
2025-12-15 00:57:42.399,SERVO_OUTPUT_RAW,1417609812,SERVO_OUTPUT_RAW,0,0,0,0,0,0,0,0,1000,1000,1000,1000,0,0,0,0,0
2025-12-15 00:57:42.497,SERVO_OUTPUT_RAW,1417709825,SERVO_OUTPUT_RAW,0,0,0,0,0,0,0,0,1000,1000,1000,1000,0,0,0,0,0
2025-12-15 00:57:42.597,SERVO_OUTPUT_RAW,1417809838,SERVO_OUTPUT_RAW,0,0,0,0,0,0,0,0,1000,1000,1000,1000,0,0,0,0,0
2025-12-15 00:57:42.697,SERVO_OUTPUT_RAW,1417909834,SERVO_OUTPUT_RAW,0,0,0,0,0,0,0,0,1000,1000,1000,1000,0,0,0,0,0
2025-12-15 00:57:42.797,SERVO_OUTPUT_RAW,1418009839,SERVO_OUTPUT_RAW,0,0,0,0,0,0,0,0,1000,1000,1000,1000,0,0,0,0,0
2025-12-15 00:57:42.897,SERVO_OUTPUT_RAW,1418109795,SERVO_OUTPUT_RAW,0,0,0,0,0,0,0,0,1000,1000,1000,1000,0,0,0,0,0
2025-12-15 00:57:42.997,SERVO_OUTPUT_RAW,1418209802,SERVO_OUTPUT_RAW,0,0,0,0,0,0,0,0,1000,1000,1000,1000,0,0,0,0,0
2025-12-15 00:57:43.097,SERVO_OUTPUT_RAW,1418309806,SERVO_OUTPUT_RAW,0,0,0,0,0,0,0,0,1000,1000,1000,1000,0,0,0,0,0
2025-12-15 00:57:43.197,SERVO_OUTPUT_RAW,1418409880,SERVO_OUTPUT_RAW,0,0,0,0,0,0,0,0,1000,1000,1000,1000,0,0,0,0,0
2025-12-15 00:57:43.297,SERVO_OUTPUT_RAW,1418509778,SERVO_OUTPUT_RAW,0,0,0,0,0,0,0,0,1000,1000,1000,1000,0,0,0,0,0
2025-12-15 00:57:43.397,SERVO_OUTPUT_RAW,1418609813,SERVO_OUTPUT_RAW,0,0,0,0,0,0,0,0,1000,1000,1000,1000,0,0,0,0,0
2025-12-15 00:57:43.496,SERVO_OUTPUT_RAW,1418709794,SERVO_OUTPUT_RAW,0,0,0,0,0,0,0,0,1000,1000,1000,1000,0,0,0,0,0
2025-12-15 00:57:43.597,SERVO_OUTPUT_RAW,1418809783,SERVO_OUTPUT_RAW,0,0,0,0,0,0,0,0,1000,1000,1000,1000,0,0,0,0,0
2025-12-15 00:57:43.697,SERVO_OUTPUT_RAW,1418909752,SERVO_OUTPUT_RAW,0,0,0,0,0,0,0,0,1000,1000,1000,1000,0,0,0,0,0
2025-12-15 00:57:43.796,SERVO_OUTPUT_RAW,1419012142,SERVO_OUTPUT_RAW,0,0,0,0,0,0,0,0,1000,1000,1000,1000,0,0,0,0,0
2025-12-15 00:57:43.896,SERVO_OUTPUT_RAW,1419109860,SERVO_OUTPUT_RAW,0,0,0,0,0,0,0,0,1000,1000,1000,1000,0,0,0,0,0
2025-12-15 00:57:43.996,SERVO_OUTPUT_RAW,1419209784,SERVO_OUTPUT_RAW,0,0,0,0,0,0,0,0,1000,1000,1000,1000,0,0,0,0,0
2025-12-15 00:57:44.096,SERVO_OUTPUT_RAW,1419309816,SERVO_OUTPUT_RAW,0,0,0,0,0,0,0,0,1000,1000,1000,1000,0,0,0,0,0
2025-12-15 00:57:44.197,SERVO_OUTPUT_RAW,1419409843,SERVO_OUTPUT_RAW,0,0,0,0,0,0,0,0,1000,1000,1000,1000,0,0,0,0,0
2025-12-15 00:57:44.297,SERVO_OUTPUT_RAW,1419509841,SERVO_OUTPUT_RAW,0,0,0,0,0,0,0,0,1000,1000,1000,1000,0,0,0,0,0
2025-12-15 00:57:44.396,SERVO_OUTPUT_RAW,1419609782,SERVO_OUTPUT_RAW,0,0,0,0,0,0,0,0,1000,1000,1000,1000,0,0,0,0,0
2025-12-15 00:57:44.496,SERVO_OUTPUT_RAW,1419709800,SERVO_OUTPUT_RAW,0,0,0,0,0,0,0,0,1000,1000,1000,1000,0,0,0,0,0
2025-12-15 00:57:44.597,SERVO_OUTPUT_RAW,1419809813,SERVO_OUTPUT_RAW,0,0,0,0,0,0,0,0,1000,1000,1000,1000,0,0,0,0,0
2025-12-15 00:57:44.696,SERVO_OUTPUT_RAW,1419909832,SERVO_OUTPUT_RAW,0,0,0,0,0,0,0,0,1000,1000,1000,1000,0,0,0,0,0
2025-12-15 00:57:44.796,SERVO_OUTPUT_RAW,1420009787,SERVO_OUTPUT_RAW,0,0,0,0,0,0,0,0,1000,1000,1000,1000,0,0,0,0,0
2025-12-15 00:57:44.896,SERVO_OUTPUT_RAW,1420109799,SERVO_OUTPUT_RAW,0,0,0,0,0,0,0,0,1000,1000,1000,1000,0,0,0,0,0
2025-12-15 00:57:44.996,SERVO_OUTPUT_RAW,1420209795,SERVO_OUTPUT_RAW,0,0,0,0,0,0,0,0,1000,1000,1000,1000,0,0,0,0,0
2025-12-15 00:57:45.096,SERVO_OUTPUT_RAW,1420309808,SERVO_OUTPUT_RAW,0,0,0,0,0,0,0,0,1000,1000,1000,1000,0,0,0,0,0
2025-12-15 00:57:45.196,SERVO_OUTPUT_RAW,1420409805,SERVO_OUTPUT_RAW,0,0,0,0,0,0,0,0,1000,1000,1000,1000,0,0,0,0,0
2025-12-15 00:57:45.296,SERVO_OUTPUT_RAW,1420512195,SERVO_OUTPUT_RAW,0,0,0,0,0,0,0,0,1000,1000,1000,1000,0,0,0,0,0
2025-12-15 00:57:45.396,SERVO_OUTPUT_RAW,1420609794,SERVO_OUTPUT_RAW,0,0,0,0,0,0,0,0,1000,1000,1000,1000,0,0,0,0,0
2025-12-15 00:57:45.496,SERVO_OUTPUT_RAW,1420709803,SERVO_OUTPUT_RAW,0,0,0,0,0,0,0,0,1000,1000,1000,1000,0,0,0,0,0
2025-12-15 00:57:45.596,SERVO_OUTPUT_RAW,1420809794,SERVO_OUTPUT_RAW,0,0,0,0,0,0,0,0,1000,1000,1000,1000,0,0,0,0,0
2025-12-15 00:57:45.696,SERVO_OUTPUT_RAW,1420909843,SERVO_OUTPUT_RAW,0,0,0,0,0,0,0,0,1000,1000,1000,1000,0,0,0,0,0
2025-12-15 00:57:45.796,SERVO_OUTPUT_RAW,1421009847,SERVO_OUTPUT_RAW,0,0,0,0,0,0,0,0,1000,1000,1000,1000,0,0,0,0,0
2025-12-15 00:57:45.896,SERVO_OUTPUT_RAW,1421109783,SERVO_OUTPUT_RAW,0,0,0,0,0,0,0,0,1000,1000,1000,1000,0,0,0,0,0
2025-12-15 00:57:45.996,SERVO_OUTPUT_RAW,1421209788,SERVO_OUTPUT_RAW,0,0,0,0,0,0,0,0,1000,1000,1000,1000,0,0,0,0,0
2025-12-15 00:57:46.096,SERVO_OUTPUT_RAW,1421309835,SERVO_OUTPUT_RAW,0,0,0,0,0,0,0,0,1000,1000,1000,1000,0,0,0,0,0
2025-12-15 00:57:46.196,SERVO_OUTPUT_RAW,1421409817,SERVO_OUTPUT_RAW,0,0,0,0,0,0,0,0,1000,1000,1000,1000,0,0,0,0,0
2025-12-15 00:57:46.296,SERVO_OUTPUT_RAW,1421509783,SERVO_OUTPUT_RAW,0,0,0,0,0,0,0,0,1000,1000,1000,1000,0,0,0,0,0
2025-12-15 00:57:46.396,SERVO_OUTPUT_RAW,1421609791,SERVO_OUTPUT_RAW,0,0,0,0,0,0,0,0,1000,1000,1000,1000,0,0,0,0,0
2025-12-15 00:57:46.496,SERVO_OUTPUT_RAW,1421709788,SERVO_OUTPUT_RAW,0,0,0,0,0,0,0,0,1000,1000,1000,1000,0,0,0,0,0
2025-12-15 00:57:46.596,SERVO_OUTPUT_RAW,1421809791,SERVO_OUTPUT_RAW,0,0,0,0,0,0,0,0,1000,1000,1000,1000,0,0,0,0,0
2025-12-15 00:57:46.696,SERVO_OUTPUT_RAW,1421909804,SERVO_OUTPUT_RAW,0,0,0,0,0,0,0,0,1000,1000,1000,1000,0,0,0,0,0
2025-12-15 00:57:46.796,SERVO_OUTPUT_RAW,1422009832,SERVO_OUTPUT_RAW,0,0,0,0,0,0,0,0,1000,1000,1000,1000,0,0,0,0,0
2025-12-15 00:57:46.896,SERVO_OUTPUT_RAW,1422109835,SERVO_OUTPUT_RAW,0,0,0,0,0,0,0,0,1000,1000,1000,1000,0,0,0,0,0
2025-12-15 00:57:46.996,SERVO_OUTPUT_RAW,1422212140,SERVO_OUTPUT_RAW,0,0,0,0,0,0,0,0,1000,1000,1000,1000,0,0,0,0,0
2025-12-15 00:57:47.097,SERVO_OUTPUT_RAW,1422309808,SERVO_OUTPUT_RAW,0,0,0,0,0,0,0,0,1000,1000,1000,1000,0,0,0,0,0
2025-12-15 00:57:47.196,SERVO_OUTPUT_RAW,1422409816,SERVO_OUTPUT_RAW,0,0,0,0,0,0,0,0,1000,1000,1000,1000,0,0,0,0,0
2025-12-15 00:57:47.296,SERVO_OUTPUT_RAW,1422509848,SERVO_OUTPUT_RAW,0,0,0,0,0,0,0,0,1000,1000,1000,1000,0,0,0,0,0
2025-12-15 00:57:47.398,SERVO_OUTPUT_RAW,1422612115,SERVO_OUTPUT_RAW,0,0,0,0,0,0,0,0,1000,1000,1000,1000,0,0,0,0,0
2025-12-15 00:57:47.497,SERVO_OUTPUT_RAW,1422709793,SERVO_OUTPUT_RAW,0,0,0,0,0,0,0,0,1000,1000,1000,1000,0,0,0,0,0
2025-12-15 00:57:47.597,SERVO_OUTPUT_RAW,1422809809,SERVO_OUTPUT_RAW,0,0,0,0,0,0,0,0,1000,1000,1000,1000,0,0,0,0,0
2025-12-15 00:57:47.697,SERVO_OUTPUT_RAW,1422909818,SERVO_OUTPUT_RAW,0,0,0,0,0,0,0,0,1000,1000,1000,1000,0,0,0,0,0
2025-12-15 00:57:47.796,SERVO_OUTPUT_RAW,1423009821,SERVO_OUTPUT_RAW,0,0,0,0,0,0,0,0,1000,1000,1000,1000,0,0,0,0,0
2025-12-15 00:57:47.897,SERVO_OUTPUT_RAW,1423109799,SERVO_OUTPUT_RAW,0,0,0,0,0,0,0,0,1000,1000,1000,1000,0,0,0,0,0
2025-12-15 00:57:47.997,SERVO_OUTPUT_RAW,1423209809,SERVO_OUTPUT_RAW,0,0,0,0,0,0,0,0,1000,1000,1000,1000,0,0,0,0,0
2025-12-15 00:57:48.097,SERVO_OUTPUT_RAW,1423309785,SERVO_OUTPUT_RAW,0,0,0,0,0,0,0,0,1000,1000,1000,1000,0,0,0,0,0
2025-12-15 00:57:48.197,SERVO_OUTPUT_RAW,1423409784,SERVO_OUTPUT_RAW,0,0,0,0,0,0,0,0,1000,1000,1000,1000,0,0,0,0,0
2025-12-15 00:57:48.297,SERVO_OUTPUT_RAW,1423509814,SERVO_OUTPUT_RAW,0,0,0,0,0,0,0,0,1000,1000,1000,1000,0,0,0,0,0
2025-12-15 00:57:48.397,SERVO_OUTPUT_RAW,1423609817,SERVO_OUTPUT_RAW,0,0,0,0,0,0,0,0,1000,1000,1000,1000,0,0,0,0,0
2025-12-15 00:57:48.497,SERVO_OUTPUT_RAW,1423709846,SERVO_OUTPUT_RAW,0,0,0,0,0,0,0,0,1000,1000,1000,1000,0,0,0,0,0
2025-12-15 00:57:48.597,SERVO_OUTPUT_RAW,1423809864,SERVO_OUTPUT_RAW,0,0,0,0,0,0,0,0,1000,1000,1000,1000,0,0,0,0,0
2025-12-15 00:57:48.697,SERVO_OUTPUT_RAW,1423909804,SERVO_OUTPUT_RAW,0,0,0,0,0,0,0,0,1000,1000,1000,1000,0,0,0,0,0
2025-12-15 00:57:48.797,SERVO_OUTPUT_RAW,1424012075,SERVO_OUTPUT_RAW,0,0,0,0,0,0,0,0,1000,1000,1000,1000,0,0,0,0,0
2025-12-15 00:57:48.897,SERVO_OUTPUT_RAW,1424109836,SERVO_OUTPUT_RAW,0,0,0,0,0,0,0,0,1000,1000,1000,1000,0,0,0,0,0
2025-12-15 00:57:48.997,SERVO_OUTPUT_RAW,1424209789,SERVO_OUTPUT_RAW,0,0,0,0,0,0,0,0,1000,1000,1000,1000,0,0,0,0,0
2025-12-15 00:57:49.097,SERVO_OUTPUT_RAW,1424309784,SERVO_OUTPUT_RAW,0,0,0,0,0,0,0,0,1000,1000,1000,1000,0,0,0,0,0
2025-12-15 00:57:49.197,SERVO_OUTPUT_RAW,1424409813,SERVO_OUTPUT_RAW,0,0,0,0,0,0,0,0,1000,1000,1000,1000,0,0,0,0,0
2025-12-15 00:57:49.297,SERVO_OUTPUT_RAW,1424509824,SERVO_OUTPUT_RAW,0,0,0,0,0,0,0,0,1000,1000,1000,1000,0,0,0,0,0
2025-12-15 00:57:49.397,SERVO_OUTPUT_RAW,1424609789,SERVO_OUTPUT_RAW,0,0,0,0,0,0,0,0,1000,1000,1000,1000,0,0,0,0,0
2025-12-15 00:57:49.497,SERVO_OUTPUT_RAW,1424709955,SERVO_OUTPUT_RAW,0,0,0,0,0,0,0,0,1000,1000,1000,1000,0,0,0,0,0
2025-12-15 00:57:49.597,SERVO_OUTPUT_RAW,1424809811,SERVO_OUTPUT_RAW,0,0,0,0,0,0,0,0,1000,1000,1000,1000,0,0,0,0,0
2025-12-15 00:57:49.697,SERVO_OUTPUT_RAW,1424909806,SERVO_OUTPUT_RAW,0,0,0,0,0,0,0,0,1000,1000,1000,1000,0,0,0,0,0
2025-12-15 00:57:49.797,SERVO_OUTPUT_RAW,1425009797,SERVO_OUTPUT_RAW,0,0,0,0,0,0,0,0,1000,1000,1000,1000,0,0,0,0,0
2025-12-15 00:57:49.898,SERVO_OUTPUT_RAW,1425109811,SERVO_OUTPUT_RAW,0,0,0,0,0,0,0,0,1000,1000,1000,1000,0,0,0,0,0
2025-12-15 00:57:49.997,SERVO_OUTPUT_RAW,1425209775,SERVO_OUTPUT_RAW,0,0,0,0,0,0,0,0,1000,1000,1000,1000,0,0,0,0,0
2025-12-15 00:57:50.097,SERVO_OUTPUT_RAW,1425309832,SERVO_OUTPUT_RAW,0,0,0,0,0,0,0,0,1000,1000,1000,1000,0,0,0,0,0
2025-12-15 00:57:50.197,SERVO_OUTPUT_RAW,1425409786,SERVO_OUTPUT_RAW,0,0,0,0,0,0,0,0,1000,1000,1000,1000,0,0,0,0,0
2025-12-15 00:57:50.297,SERVO_OUTPUT_RAW,1425509832,SERVO_OUTPUT_RAW,0,0,0,0,0,0,0,0,1000,1000,1000,1000,0,0,0,0,0
2025-12-15 00:57:50.398,SERVO_OUTPUT_RAW,1425609841,SERVO_OUTPUT_RAW,0,0,0,0,0,0,0,0,1000,1000,1000,1000,0,0,0,0,0
2025-12-15 00:57:50.497,SERVO_OUTPUT_RAW,1425709859,SERVO_OUTPUT_RAW,0,0,0,0,0,0,0,0,1000,1000,1000,1000,0,0,0,0,0
2025-12-15 00:57:50.597,SERVO_OUTPUT_RAW,1425809836,SERVO_OUTPUT_RAW,0,0,0,0,0,0,0,0,1000,1000,1000,1000,0,0,0,0,0
2025-12-15 00:57:50.697,SERVO_OUTPUT_RAW,1425909797,SERVO_OUTPUT_RAW,0,0,0,0,0,0,0,0,1000,1000,1000,1000,0,0,0,0,0
2025-12-15 00:57:50.797,SERVO_OUTPUT_RAW,1426009832,SERVO_OUTPUT_RAW,0,0,0,0,0,0,0,0,1000,1000,1000,1000,0,0,0,0,0
2025-12-15 00:57:50.897,SERVO_OUTPUT_RAW,1426109855,SERVO_OUTPUT_RAW,0,0,0,0,0,0,0,0,1000,1000,1000,1000,0,0,0,0,0
2025-12-15 00:57:50.997,SERVO_OUTPUT_RAW,1426209781,SERVO_OUTPUT_RAW,0,0,0,0,0,0,0,0,1000,1000,1000,1000,0,0,0,0,0
2025-12-15 00:57:51.097,SERVO_OUTPUT_RAW,1426309785,SERVO_OUTPUT_RAW,0,0,0,0,0,0,0,0,1000,1000,1000,1000,0,0,0,0,0
2025-12-15 00:57:51.197,SERVO_OUTPUT_RAW,1426409785,SERVO_OUTPUT_RAW,0,0,0,0,0,0,0,0,1000,1000,1000,1000,0,0,0,0,0
2025-12-15 00:57:51.297,SERVO_OUTPUT_RAW,1426509786,SERVO_OUTPUT_RAW,0,0,0,0,0,0,0,0,1000,1000,1000,1000,0,0,0,0,0
2025-12-15 00:57:51.397,SERVO_OUTPUT_RAW,1426609787,SERVO_OUTPUT_RAW,0,0,0,0,0,0,0,0,1000,1000,1000,1000,0,0,0,0,0
2025-12-15 00:57:51.497,SERVO_OUTPUT_RAW,1426709842,SERVO_OUTPUT_RAW,0,0,0,0,0,0,0,0,1000,1000,1000,1000,0,0,0,0,0
2025-12-15 00:57:51.597,SERVO_OUTPUT_RAW,1426812156,SERVO_OUTPUT_RAW,0,0,0,0,0,0,0,0,1000,1000,1000,1000,0,0,0,0,0
2025-12-15 00:57:51.697,SERVO_OUTPUT_RAW,1426909784,SERVO_OUTPUT_RAW,0,0,0,0,0,0,0,0,1000,1000,1000,1000,0,0,0,0,0
2025-12-15 00:57:51.797,SERVO_OUTPUT_RAW,1427009819,SERVO_OUTPUT_RAW,0,0,0,0,0,0,0,0,1000,1000,1000,1000,0,0,0,0,0
2025-12-15 00:57:51.898,SERVO_OUTPUT_RAW,1427109825,SERVO_OUTPUT_RAW,0,0,0,0,0,0,0,0,1000,1000,1000,1000,0,0,0,0,0
2025-12-15 00:57:51.997,SERVO_OUTPUT_RAW,1427209845,SERVO_OUTPUT_RAW,0,0,0,0,0,0,0,0,1000,1000,1000,1000,0,0,0,0,0
2025-12-15 00:57:52.097,SERVO_OUTPUT_RAW,1427309841,SERVO_OUTPUT_RAW,0,0,0,0,0,0,0,0,1000,1000,1000,1000,0,0,0,0,0
2025-12-15 00:57:52.198,SERVO_OUTPUT_RAW,1427409783,SERVO_OUTPUT_RAW,0,0,0,0,0,0,0,0,1000,1000,1000,1000,0,0,0,0,0
2025-12-15 00:57:52.297,SERVO_OUTPUT_RAW,1427509816,SERVO_OUTPUT_RAW,0,0,0,0,0,0,0,0,1000,1000,1000,1000,0,0,0,0,0
2025-12-15 00:57:52.397,SERVO_OUTPUT_RAW,1427609818,SERVO_OUTPUT_RAW,0,0,0,0,0,0,0,0,1000,1000,1000,1000,0,0,0,0,0
2025-12-15 00:57:52.498,SERVO_OUTPUT_RAW,1427709839,SERVO_OUTPUT_RAW,0,0,0,0,0,0,0,0,1000,1000,1000,1000,0,0,0,0,0
2025-12-15 00:57:52.597,SERVO_OUTPUT_RAW,1427809795,SERVO_OUTPUT_RAW,0,0,0,0,0,0,0,0,1000,1000,1000,1000,0,0,0,0,0
2025-12-15 00:57:52.697,SERVO_OUTPUT_RAW,1427909783,SERVO_OUTPUT_RAW,0,0,0,0,0,0,0,0,1000,1000,1000,1000,0,0,0,0,0
2025-12-15 00:57:52.798,SERVO_OUTPUT_RAW,1428009783,SERVO_OUTPUT_RAW,0,0,0,0,0,0,0,0,1000,1000,1000,1000,0,0,0,0,0
2025-12-15 00:57:52.896,SERVO_OUTPUT_RAW,1428109785,SERVO_OUTPUT_RAW,0,0,0,0,0,0,0,0,1000,1000,1000,1000,0,0,0,0,0
2025-12-15 00:57:52.997,SERVO_OUTPUT_RAW,1428209786,SERVO_OUTPUT_RAW,0,0,0,0,0,0,0,0,1000,1000,1000,1000,0,0,0,0,0
2025-12-15 00:57:53.096,SERVO_OUTPUT_RAW,1428309838,SERVO_OUTPUT_RAW,0,0,0,0,0,0,0,0,1000,1000,1000,1000,0,0,0,0,0
2025-12-15 00:57:53.197,SERVO_OUTPUT_RAW,1428409843,SERVO_OUTPUT_RAW,0,0,0,0,0,0,0,0,1000,1000,1000,1000,0,0,0,0,0
2025-12-15 00:57:53.297,SERVO_OUTPUT_RAW,1428512133,SERVO_OUTPUT_RAW,0,0,0,0,0,0,0,0,1000,1000,1000,1000,0,0,0,0,0
2025-12-15 00:57:53.397,SERVO_OUTPUT_RAW,1428609873,SERVO_OUTPUT_RAW,0,0,0,0,0,0,0,0,1000,1000,1000,1000,0,0,0,0,0
2025-12-15 00:57:53.498,SERVO_OUTPUT_RAW,1428709814,SERVO_OUTPUT_RAW,0,0,0,0,0,0,0,0,1000,1000,1000,1000,0,0,0,0,0
2025-12-15 00:57:53.597,SERVO_OUTPUT_RAW,1428809847,SERVO_OUTPUT_RAW,0,0,0,0,0,0,0,0,1000,1000,1000,1000,0,0,0,0,0
2025-12-15 00:57:53.698,SERVO_OUTPUT_RAW,1428909906,SERVO_OUTPUT_RAW,0,0,0,0,0,0,0,0,1000,1000,1000,1000,0,0,0,0,0
2025-12-15 00:57:53.797,SERVO_OUTPUT_RAW,1429009827,SERVO_OUTPUT_RAW,0,0,0,0,0,0,0,0,1000,1000,1000,1000,0,0,0,0,0
2025-12-15 00:57:53.897,SERVO_OUTPUT_RAW,1429109827,SERVO_OUTPUT_RAW,0,0,0,0,0,0,0,0,1000,1000,1000,1000,0,0,0,0,0
2025-12-15 00:57:53.998,SERVO_OUTPUT_RAW,1429209815,SERVO_OUTPUT_RAW,0,0,0,0,0,0,0,0,1000,1000,1000,1000,0,0,0,0,0
2025-12-15 00:57:54.098,SERVO_OUTPUT_RAW,1429309770,SERVO_OUTPUT_RAW,0,0,0,0,0,0,0,0,1000,1000,1000,1000,0,0,0,0,0
2025-12-15 00:57:54.196,SERVO_OUTPUT_RAW,1429409791,SERVO_OUTPUT_RAW,0,0,0,0,0,0,0,0,1000,1000,1000,1000,0,0,0,0,0
2025-12-15 00:57:54.296,SERVO_OUTPUT_RAW,1429509794,SERVO_OUTPUT_RAW,0,0,0,0,0,0,0,0,1000,1000,1000,1000,0,0,0,0,0
2025-12-15 00:57:54.396,SERVO_OUTPUT_RAW,1429609781,SERVO_OUTPUT_RAW,0,0,0,0,0,0,0,0,1000,1000,1000,1000,0,0,0,0,0
2025-12-15 00:57:54.497,SERVO_OUTPUT_RAW,1429709797,SERVO_OUTPUT_RAW,0,0,0,0,0,0,0,0,1000,1000,1000,1000,0,0,0,0,0
2025-12-15 00:57:54.596,SERVO_OUTPUT_RAW,1429809803,SERVO_OUTPUT_RAW,0,0,0,0,0,0,0,0,1000,1000,1000,1000,0,0,0,0,0
2025-12-15 00:57:54.697,SERVO_OUTPUT_RAW,1429909822,SERVO_OUTPUT_RAW,0,0,0,0,0,0,0,0,1000,1000,1000,1000,0,0,0,0,0
2025-12-15 00:57:54.796,SERVO_OUTPUT_RAW,1430009832,SERVO_OUTPUT_RAW,0,0,0,0,0,0,0,0,1000,1000,1000,1000,0,0,0,0,0
2025-12-15 00:57:54.953,SERVO_OUTPUT_RAW,1430109814,SERVO_OUTPUT_RAW,0,0,0,0,0,0,0,0,1000,1000,1000,1000,0,0,0,0,0
2025-12-15 00:57:54.997,SERVO_OUTPUT_RAW,1430209814,SERVO_OUTPUT_RAW,0,0,0,0,0,0,0,0,1000,1000,1000,1000,0,0,0,0,0
2025-12-15 00:57:55.096,SERVO_OUTPUT_RAW,1430309860,SERVO_OUTPUT_RAW,0,0,0,0,0,0,0,0,1000,1000,1000,1000,0,0,0,0,0
2025-12-15 00:57:55.197,SERVO_OUTPUT_RAW,1430409843,SERVO_OUTPUT_RAW,0,0,0,0,0,0,0,0,1000,1000,1000,1000,0,0,0,0,0
2025-12-15 00:57:55.297,SERVO_OUTPUT_RAW,1430509796,SERVO_OUTPUT_RAW,0,0,0,0,0,0,0,0,1000,1000,1000,1000,0,0,0,0,0
2025-12-15 00:57:55.397,SERVO_OUTPUT_RAW,1430609802,SERVO_OUTPUT_RAW,0,0,0,0,0,0,0,0,1000,1000,1000,1000,0,0,0,0,0
2025-12-15 00:57:55.497,SERVO_OUTPUT_RAW,1430709811,SERVO_OUTPUT_RAW,0,0,0,0,0,0,0,0,1000,1000,1000,1000,0,0,0,0,0
2025-12-15 00:57:55.597,SERVO_OUTPUT_RAW,1430809783,SERVO_OUTPUT_RAW,0,0,0,0,0,0,0,0,1000,1000,1000,1000,0,0,0,0,0
2025-12-15 00:57:55.697,SERVO_OUTPUT_RAW,1430909776,SERVO_OUTPUT_RAW,0,0,0,0,0,0,0,0,1000,1000,1000,1000,0,0,0,0,0
2025-12-15 00:57:55.797,SERVO_OUTPUT_RAW,1431009852,SERVO_OUTPUT_RAW,0,0,0,0,0,0,0,0,1000,1000,1000,1000,0,0,0,0,0
2025-12-15 00:57:55.897,SERVO_OUTPUT_RAW,1431109788,SERVO_OUTPUT_RAW,0,0,0,0,0,0,0,0,1000,1000,1000,1000,0,0,0,0,0
2025-12-15 00:57:55.997,SERVO_OUTPUT_RAW,1431209798,SERVO_OUTPUT_RAW,0,0,0,0,0,0,0,0,1000,1000,1000,1000,0,0,0,0,0
2025-12-15 00:57:56.097,SERVO_OUTPUT_RAW,1431309783,SERVO_OUTPUT_RAW,0,0,0,0,0,0,0,0,1000,1000,1000,1000,0,0,0,0,0
2025-12-15 00:57:56.197,SERVO_OUTPUT_RAW,1431409826,SERVO_OUTPUT_RAW,0,0,0,0,0,0,0,0,1000,1000,1000,1000,0,0,0,0,0
2025-12-15 00:57:56.297,SERVO_OUTPUT_RAW,1431509842,SERVO_OUTPUT_RAW,0,0,0,0,0,0,0,0,1000,1000,1000,1000,0,0,0,0,0
2025-12-15 00:57:56.397,SERVO_OUTPUT_RAW,1431612170,SERVO_OUTPUT_RAW,0,0,0,0,0,0,0,0,1000,1000,1000,1000,0,0,0,0,0
2025-12-15 00:57:56.497,SERVO_OUTPUT_RAW,1431709791,SERVO_OUTPUT_RAW,0,0,0,0,0,0,0,0,1000,1000,1000,1000,0,0,0,0,0
2025-12-15 00:57:56.597,SERVO_OUTPUT_RAW,1431809827,SERVO_OUTPUT_RAW,0,0,0,0,0,0,0,0,1000,1000,1000,1000,0,0,0,0,0
2025-12-15 00:57:56.697,SERVO_OUTPUT_RAW,1431909867,SERVO_OUTPUT_RAW,0,0,0,0,0,0,0,0,1000,1000,1000,1000,0,0,0,0,0
2025-12-15 00:57:56.797,SERVO_OUTPUT_RAW,1432009806,SERVO_OUTPUT_RAW,0,0,0,0,0,0,0,0,1000,1000,1000,1000,0,0,0,0,0
2025-12-15 00:57:56.897,SERVO_OUTPUT_RAW,1432109812,SERVO_OUTPUT_RAW,0,0,0,0,0,0,0,0,1000,1000,1000,1000,0,0,0,0,0
2025-12-15 00:57:56.997,SERVO_OUTPUT_RAW,1432209817,SERVO_OUTPUT_RAW,0,0,0,0,0,0,0,0,1000,1000,1000,1000,0,0,0,0,0
2025-12-15 00:57:57.097,SERVO_OUTPUT_RAW,1432309815,SERVO_OUTPUT_RAW,0,0,0,0,0,0,0,0,1000,1000,1000,1000,0,0,0,0,0
2025-12-15 00:57:57.197,SERVO_OUTPUT_RAW,1432409794,SERVO_OUTPUT_RAW,0,0,0,0,0,0,0,0,1000,1000,1000,1000,0,0,0,0,0
2025-12-15 00:57:57.297,SERVO_OUTPUT_RAW,1432509782,SERVO_OUTPUT_RAW,0,0,0,0,0,0,0,0,1000,1000,1000,1000,0,0,0,0,0
2025-12-15 00:57:57.398,SERVO_OUTPUT_RAW,1432609787,SERVO_OUTPUT_RAW,0,0,0,0,0,0,0,0,1000,1000,1000,1000,0,0,0,0,0
2025-12-15 00:57:57.496,SERVO_OUTPUT_RAW,1432709792,SERVO_OUTPUT_RAW,0,0,0,0,0,0,0,0,1000,1000,1000,1000,0,0,0,0,0
2025-12-15 00:57:57.596,SERVO_OUTPUT_RAW,1432809788,SERVO_OUTPUT_RAW,0,0,0,0,0,0,0,0,1000,1000,1000,1000,0,0,0,0,0
2025-12-15 00:57:57.697,SERVO_OUTPUT_RAW,1432909834,SERVO_OUTPUT_RAW,0,0,0,0,0,0,0,0,1000,1000,1000,1000,0,0,0,0,0
2025-12-15 00:57:57.797,SERVO_OUTPUT_RAW,1433009850,SERVO_OUTPUT_RAW,0,0,0,0,0,0,0,0,1000,1000,1000,1000,0,0,0,0,0
2025-12-15 00:57:57.897,SERVO_OUTPUT_RAW,1433112137,SERVO_OUTPUT_RAW,0,0,0,0,0,0,0,0,1000,1000,1000,1000,0,0,0,0,0
2025-12-15 00:57:57.997,SERVO_OUTPUT_RAW,1433209804,SERVO_OUTPUT_RAW,0,0,0,0,0,0,0,0,1000,1000,1000,1000,0,0,0,0,0
2025-12-15 00:57:58.097,SERVO_OUTPUT_RAW,1433309794,SERVO_OUTPUT_RAW,0,0,0,0,0,0,0,0,1000,1000,1000,1000,0,0,0,0,0
2025-12-15 00:57:58.197,SERVO_OUTPUT_RAW,1433409847,SERVO_OUTPUT_RAW,0,0,0,0,0,0,0,0,1000,1000,1000,1000,0,0,0,0,0
2025-12-15 00:57:58.297,SERVO_OUTPUT_RAW,1433509887,SERVO_OUTPUT_RAW,0,0,0,0,0,0,0,0,1000,1000,1000,1000,0,0,0,0,0
2025-12-15 00:57:58.397,SERVO_OUTPUT_RAW,1433609786,SERVO_OUTPUT_RAW,0,0,0,0,0,0,0,0,1000,1000,1000,1000,0,0,0,0,0
2025-12-15 00:57:58.497,SERVO_OUTPUT_RAW,1433709801,SERVO_OUTPUT_RAW,0,0,0,0,0,0,0,0,1000,1000,1000,1000,0,0,0,0,0
2025-12-15 00:57:58.597,SERVO_OUTPUT_RAW,1433809822,SERVO_OUTPUT_RAW,0,0,0,0,0,0,0,0,1000,1000,1000,1000,0,0,0,0,0
2025-12-15 00:57:58.697,SERVO_OUTPUT_RAW,1433909830,SERVO_OUTPUT_RAW,0,0,0,0,0,0,0,0,1000,1000,1000,1000,0,0,0,0,0
2025-12-15 00:57:58.797,SERVO_OUTPUT_RAW,1434009788,SERVO_OUTPUT_RAW,0,0,0,0,0,0,0,0,1000,1000,1000,1000,0,0,0,0,0
2025-12-15 00:57:58.897,SERVO_OUTPUT_RAW,1434109794,SERVO_OUTPUT_RAW,0,0,0,0,0,0,0,0,1000,1000,1000,1000,0,0,0,0,0
2025-12-15 00:57:58.997,SERVO_OUTPUT_RAW,1434209785,SERVO_OUTPUT_RAW,0,0,0,0,0,0,0,0,1000,1000,1000,1000,0,0,0,0,0
2025-12-15 00:57:59.097,SERVO_OUTPUT_RAW,1434309783,SERVO_OUTPUT_RAW,0,0,0,0,0,0,0,0,1000,1000,1000,1000,0,0,0,0,0
2025-12-15 00:57:59.197,SERVO_OUTPUT_RAW,1434409808,SERVO_OUTPUT_RAW,0,0,0,0,0,0,0,0,1000,1000,1000,1000,0,0,0,0,0
2025-12-15 00:57:59.298,SERVO_OUTPUT_RAW,1434512127,SERVO_OUTPUT_RAW,0,0,0,0,0,0,0,0,1000,1000,1000,1000,0,0,0,0,0
2025-12-15 00:57:59.397,SERVO_OUTPUT_RAW,1434609826,SERVO_OUTPUT_RAW,0,0,0,0,0,0,0,0,1000,1000,1000,1000,0,0,0,0,0
2025-12-15 00:57:59.497,SERVO_OUTPUT_RAW,1434709842,SERVO_OUTPUT_RAW,0,0,0,0,0,0,0,0,1000,1000,1000,1000,0,0,0,0,0
2025-12-15 00:57:59.597,SERVO_OUTPUT_RAW,1434809810,SERVO_OUTPUT_RAW,0,0,0,0,0,0,0,0,1000,1000,1000,1000,0,0,0,0,0
2025-12-15 00:57:59.697,SERVO_OUTPUT_RAW,1434909818,SERVO_OUTPUT_RAW,0,0,0,0,0,0,0,0,1000,1000,1000,1000,0,0,0,0,0
2025-12-15 00:57:59.797,SERVO_OUTPUT_RAW,1435009846,SERVO_OUTPUT_RAW,0,0,0,0,0,0,0,0,1000,1000,1000,1000,0,0,0,0,0
2025-12-15 00:57:59.897,SERVO_OUTPUT_RAW,1435109836,SERVO_OUTPUT_RAW,0,0,0,0,0,0,0,0,1000,1000,1000,1000,0,0,0,0,0
2025-12-15 00:57:59.997,SERVO_OUTPUT_RAW,1435209894,SERVO_OUTPUT_RAW,0,0,0,0,0,0,0,0,1000,1000,1000,1000,0,0,0,0,0
2025-12-15 00:58:00.098,SERVO_OUTPUT_RAW,1435309798,SERVO_OUTPUT_RAW,0,0,0,0,0,0,0,0,1000,1000,1000,1000,0,0,0,0,0
2025-12-15 00:58:00.198,SERVO_OUTPUT_RAW,1435409826,SERVO_OUTPUT_RAW,0,0,0,0,0,0,0,0,1000,1000,1000,1000,0,0,0,0,0
2025-12-15 00:58:00.298,SERVO_OUTPUT_RAW,1435509843,SERVO_OUTPUT_RAW,0,0,0,0,0,0,0,0,1000,1000,1000,1000,0,0,0,0,0
2025-12-15 00:58:00.398,SERVO_OUTPUT_RAW,1435609790,SERVO_OUTPUT_RAW,0,0,0,0,0,0,0,0,1000,1000,1000,1000,0,0,0,0,0
2025-12-15 00:58:00.497,SERVO_OUTPUT_RAW,1435709808,SERVO_OUTPUT_RAW,0,0,0,0,0,0,0,0,1000,1000,1000,1000,0,0,0,0,0
2025-12-15 00:58:00.597,SERVO_OUTPUT_RAW,1435809805,SERVO_OUTPUT_RAW,0,0,0,0,0,0,0,0,1000,1000,1000,1000,0,0,0,0,0
2025-12-15 00:58:00.697,SERVO_OUTPUT_RAW,1435909796,SERVO_OUTPUT_RAW,0,0,0,0,0,0,0,0,1000,1000,1000,1000,0,0,0,0,0
2025-12-15 00:58:00.797,SERVO_OUTPUT_RAW,1436009814,SERVO_OUTPUT_RAW,0,0,0,0,0,0,0,0,1000,1000,1000,1000,0,0,0,0,0
2025-12-15 00:58:00.897,SERVO_OUTPUT_RAW,1436109829,SERVO_OUTPUT_RAW,0,0,0,0,0,0,0,0,1000,1000,1000,1000,0,0,0,0,0
2025-12-15 00:58:00.997,SERVO_OUTPUT_RAW,1436209770,SERVO_OUTPUT_RAW,0,0,0,0,0,0,0,0,1000,1000,1000,1000,0,0,0,0,0
2025-12-15 00:58:01.097,SERVO_OUTPUT_RAW,1436309795,SERVO_OUTPUT_RAW,0,0,0,0,0,0,0,0,1000,1000,1000,1000,0,0,0,0,0
2025-12-15 00:58:01.197,SERVO_OUTPUT_RAW,1436409899,SERVO_OUTPUT_RAW,0,0,0,0,0,0,0,0,1000,1000,1000,1000,0,0,0,0,0
2025-12-15 00:58:01.297,SERVO_OUTPUT_RAW,1436509811,SERVO_OUTPUT_RAW,0,0,0,0,0,0,0,0,1000,1000,1000,1000,0,0,0,0,0
2025-12-15 00:58:01.397,SERVO_OUTPUT_RAW,1436609850,SERVO_OUTPUT_RAW,0,0,0,0,0,0,0,0,1000,1000,1000,1000,0,0,0,0,0
2025-12-15 00:58:01.497,SERVO_OUTPUT_RAW,1436709842,SERVO_OUTPUT_RAW,0,0,0,0,0,0,0,0,1000,1000,1000,1000,0,0,0,0,0
2025-12-15 00:58:01.597,SERVO_OUTPUT_RAW,1436809793,SERVO_OUTPUT_RAW,0,0,0,0,0,0,0,0,1000,1000,1000,1000,0,0,0,0,0
2025-12-15 00:58:01.697,SERVO_OUTPUT_RAW,1436909864,SERVO_OUTPUT_RAW,0,0,0,0,0,0,0,0,1000,1000,1000,1000,0,0,0,0,0
2025-12-15 00:58:01.797,SERVO_OUTPUT_RAW,1437009815,SERVO_OUTPUT_RAW,0,0,0,0,0,0,0,0,1000,1000,1000,1000,0,0,0,0,0
2025-12-15 00:58:01.897,SERVO_OUTPUT_RAW,1437109787,SERVO_OUTPUT_RAW,0,0,0,0,0,0,0,0,1000,1000,1000,1000,0,0,0,0,0
2025-12-15 00:58:01.998,SERVO_OUTPUT_RAW,1437209794,SERVO_OUTPUT_RAW,0,0,0,0,0,0,0,0,1000,1000,1000,1000,0,0,0,0,0
2025-12-15 00:58:02.097,SERVO_OUTPUT_RAW,1437309853,SERVO_OUTPUT_RAW,0,0,0,0,0,0,0,0,1000,1000,1000,1000,0,0,0,0,0
2025-12-15 00:58:02.197,SERVO_OUTPUT_RAW,1437409813,SERVO_OUTPUT_RAW,0,0,0,0,0,0,0,0,1000,1000,1000,1000,0,0,0,0,0
2025-12-15 00:58:02.298,SERVO_OUTPUT_RAW,1437509800,SERVO_OUTPUT_RAW,0,0,0,0,0,0,0,0,1000,1000,1000,1000,0,0,0,0,0
2025-12-15 00:58:02.399,SERVO_OUTPUT_RAW,1437609801,SERVO_OUTPUT_RAW,0,0,0,0,0,0,0,0,1000,1000,1000,1000,0,0,0,0,0
2025-12-15 00:58:02.498,SERVO_OUTPUT_RAW,1437709834,SERVO_OUTPUT_RAW,0,0,0,0,0,0,0,0,1000,1000,1000,1000,0,0,0,0,0
2025-12-15 00:58:02.598,SERVO_OUTPUT_RAW,1437809793,SERVO_OUTPUT_RAW,0,0,0,0,0,0,0,0,1000,1000,1000,1000,0,0,0,0,0
2025-12-15 00:58:02.698,SERVO_OUTPUT_RAW,1437909787,SERVO_OUTPUT_RAW,0,0,0,0,0,0,0,0,1000,1000,1000,1000,0,0,0,0,0
2025-12-15 00:58:02.798,SERVO_OUTPUT_RAW,1438009812,SERVO_OUTPUT_RAW,0,0,0,0,0,0,0,0,1000,1000,1000,1000,0,0,0,0,0
2025-12-15 00:58:02.898,SERVO_OUTPUT_RAW,1438109840,SERVO_OUTPUT_RAW,0,0,0,0,0,0,0,0,1000,1000,1000,1000,0,0,0,0,0
2025-12-15 00:58:02.998,SERVO_OUTPUT_RAW,1438209844,SERVO_OUTPUT_RAW,0,0,0,0,0,0,0,0,1000,1000,1000,1000,0,0,0,0,0
2025-12-15 00:58:03.098,SERVO_OUTPUT_RAW,1438309786,SERVO_OUTPUT_RAW,0,0,0,0,0,0,0,0,1000,1000,1000,1000,0,0,0,0,0
2025-12-15 00:58:03.198,SERVO_OUTPUT_RAW,1438409813,SERVO_OUTPUT_RAW,0,0,0,0,0,0,0,0,1000,1000,1000,1000,0,0,0,0,0
2025-12-15 00:58:03.298,SERVO_OUTPUT_RAW,1438509813,SERVO_OUTPUT_RAW,0,0,0,0,0,0,0,0,1000,1000,1000,1000,0,0,0,0,0
2025-12-15 00:58:03.398,SERVO_OUTPUT_RAW,1438609816,SERVO_OUTPUT_RAW,0,0,0,0,0,0,0,0,1000,1000,1000,1000,0,0,0,0,0
2025-12-15 00:58:03.498,SERVO_OUTPUT_RAW,1438709787,SERVO_OUTPUT_RAW,0,0,0,0,0,0,0,0,1000,1000,1000,1000,0,0,0,0,0
2025-12-15 00:58:03.597,SERVO_OUTPUT_RAW,1438809781,SERVO_OUTPUT_RAW,0,0,0,0,0,0,0,0,1000,1000,1000,1000,0,0,0,0,0
2025-12-15 00:58:03.697,SERVO_OUTPUT_RAW,1438909794,SERVO_OUTPUT_RAW,0,0,0,0,0,0,0,0,1000,1000,1000,1000,0,0,0,0,0
2025-12-15 00:58:03.797,SERVO_OUTPUT_RAW,1439009777,SERVO_OUTPUT_RAW,0,0,0,0,0,0,0,0,1000,1000,1000,1000,0,0,0,0,0
2025-12-15 00:58:03.897,SERVO_OUTPUT_RAW,1439109783,SERVO_OUTPUT_RAW,0,0,0,0,0,0,0,0,1000,1000,1000,1000,0,0,0,0,0
2025-12-15 00:58:03.997,SERVO_OUTPUT_RAW,1439209828,SERVO_OUTPUT_RAW,0,0,0,0,0,0,0,0,1000,1000,1000,1000,0,0,0,0,0
2025-12-15 00:58:04.097,SERVO_OUTPUT_RAW,1439309919,SERVO_OUTPUT_RAW,0,0,0,0,0,0,0,0,1000,1000,1000,1000,0,0,0,0,0
2025-12-15 00:58:04.197,SERVO_OUTPUT_RAW,1439412166,SERVO_OUTPUT_RAW,0,0,0,0,0,0,0,0,1000,1000,1000,1000,0,0,0,0,0
2025-12-15 00:58:04.297,SERVO_OUTPUT_RAW,1439509790,SERVO_OUTPUT_RAW,0,0,0,0,0,0,0,0,1000,1000,1000,1000,0,0,0,0,0
2025-12-15 00:58:04.397,SERVO_OUTPUT_RAW,1439609819,SERVO_OUTPUT_RAW,0,0,0,0,0,0,0,0,1000,1000,1000,1000,0,0,0,0,0
2025-12-15 00:58:04.497,SERVO_OUTPUT_RAW,1439709851,SERVO_OUTPUT_RAW,0,0,0,0,0,0,0,0,1000,1000,1000,1000,0,0,0,0,0
2025-12-15 00:58:04.597,SERVO_OUTPUT_RAW,1439809820,SERVO_OUTPUT_RAW,0,0,0,0,0,0,0,0,1000,1000,1000,1000,0,0,0,0,0
2025-12-15 00:58:04.697,SERVO_OUTPUT_RAW,1439909802,SERVO_OUTPUT_RAW,0,0,0,0,0,0,0,0,1000,1000,1000,1000,0,0,0,0,0
2025-12-15 00:58:04.797,SERVO_OUTPUT_RAW,1440009824,SERVO_OUTPUT_RAW,0,0,0,0,0,0,0,0,1000,1000,1000,1000,0,0,0,0,0
2025-12-15 00:58:04.897,SERVO_OUTPUT_RAW,1440109811,SERVO_OUTPUT_RAW,0,0,0,0,0,0,0,0,1000,1000,1000,1000,0,0,0,0,0
2025-12-15 00:58:04.997,SERVO_OUTPUT_RAW,1440209796,SERVO_OUTPUT_RAW,0,0,0,0,0,0,0,0,1000,1000,1000,1000,0,0,0,0,0
2025-12-15 00:58:05.097,SERVO_OUTPUT_RAW,1440309795,SERVO_OUTPUT_RAW,0,0,0,0,0,0,0,0,1000,1000,1000,1000,0,0,0,0,0
2025-12-15 00:58:05.197,SERVO_OUTPUT_RAW,1440409788,SERVO_OUTPUT_RAW,0,0,0,0,0,0,0,0,1000,1000,1000,1000,0,0,0,0,0
2025-12-15 00:58:05.297,SERVO_OUTPUT_RAW,1440509792,SERVO_OUTPUT_RAW,0,0,0,0,0,0,0,0,1000,1000,1000,1000,0,0,0,0,0
2025-12-15 00:58:05.397,SERVO_OUTPUT_RAW,1440609794,SERVO_OUTPUT_RAW,0,0,0,0,0,0,0,0,1000,1000,1000,1000,0,0,0,0,0
2025-12-15 00:58:05.497,SERVO_OUTPUT_RAW,1440709787,SERVO_OUTPUT_RAW,0,0,0,0,0,0,0,0,1000,1000,1000,1000,0,0,0,0,0
2025-12-15 00:58:05.597,SERVO_OUTPUT_RAW,1440809828,SERVO_OUTPUT_RAW,0,0,0,0,0,0,0,0,1000,1000,1000,1000,0,0,0,0,0
2025-12-15 00:58:05.697,SERVO_OUTPUT_RAW,1440909848,SERVO_OUTPUT_RAW,0,0,0,0,0,0,0,0,1000,1000,1000,1000,0,0,0,0,0
2025-12-15 00:58:05.797,SERVO_OUTPUT_RAW,1441009805,SERVO_OUTPUT_RAW,0,0,0,0,0,0,0,0,1000,1000,1000,1000,0,0,0,0,0
2025-12-15 00:58:05.897,SERVO_OUTPUT_RAW,1441109839,SERVO_OUTPUT_RAW,0,0,0,0,0,0,0,0,1000,1000,1000,1000,0,0,0,0,0
2025-12-15 00:58:05.997,SERVO_OUTPUT_RAW,1441209827,SERVO_OUTPUT_RAW,0,0,0,0,0,0,0,0,1000,1000,1000,1000,0,0,0,0,0
2025-12-15 00:58:06.097,SERVO_OUTPUT_RAW,1441309855,SERVO_OUTPUT_RAW,0,0,0,0,0,0,0,0,1000,1000,1000,1000,0,0,0,0,0
2025-12-15 00:58:06.197,SERVO_OUTPUT_RAW,1441409819,SERVO_OUTPUT_RAW,0,0,0,0,0,0,0,0,1000,1000,1000,1000,0,0,0,0,0
2025-12-15 00:58:06.297,SERVO_OUTPUT_RAW,1441509906,SERVO_OUTPUT_RAW,0,0,0,0,0,0,0,0,1000,1000,1000,1000,0,0,0,0,0
2025-12-15 00:58:06.397,SERVO_OUTPUT_RAW,1441609823,SERVO_OUTPUT_RAW,0,0,0,0,0,0,0,0,1000,1000,1000,1000,0,0,0,0,0
2025-12-15 00:58:06.498,SERVO_OUTPUT_RAW,1441709819,SERVO_OUTPUT_RAW,0,0,0,0,0,0,0,0,1000,1000,1000,1000,0,0,0,0,0
2025-12-15 00:58:06.597,SERVO_OUTPUT_RAW,1441809784,SERVO_OUTPUT_RAW,0,0,0,0,0,0,0,0,1000,1000,1000,1000,0,0,0,0,0
2025-12-15 00:58:06.697,SERVO_OUTPUT_RAW,1441909794,SERVO_OUTPUT_RAW,0,0,0,0,0,0,0,0,1000,1000,1000,1000,0,0,0,0,0
2025-12-15 00:58:06.797,SERVO_OUTPUT_RAW,1442009802,SERVO_OUTPUT_RAW,0,0,0,0,0,0,0,0,1000,1000,1000,1000,0,0,0,0,0
2025-12-15 00:58:06.897,SERVO_OUTPUT_RAW,1442109785,SERVO_OUTPUT_RAW,0,0,0,0,0,0,0,0,1000,1000,1000,1000,0,0,0,0,0
2025-12-15 00:58:06.997,SERVO_OUTPUT_RAW,1442209809,SERVO_OUTPUT_RAW,0,0,0,0,0,0,0,0,1000,1000,1000,1000,0,0,0,0,0
2025-12-15 00:58:07.098,SERVO_OUTPUT_RAW,1442309844,SERVO_OUTPUT_RAW,0,0,0,0,0,0,0,0,1000,1000,1000,1000,0,0,0,0,0
2025-12-15 00:58:07.197,SERVO_OUTPUT_RAW,1442409844,SERVO_OUTPUT_RAW,0,0,0,0,0,0,0,0,1000,1000,1000,1000,0,0,0,0,0
2025-12-15 00:58:07.297,SERVO_OUTPUT_RAW,1442509866,SERVO_OUTPUT_RAW,0,0,0,0,0,0,0,0,1000,1000,1000,1000,0,0,0,0,0
2025-12-15 00:58:07.397,SERVO_OUTPUT_RAW,1442609806,SERVO_OUTPUT_RAW,0,0,0,0,0,0,0,0,1000,1000,1000,1000,0,0,0,0,0
2025-12-15 00:58:07.498,SERVO_OUTPUT_RAW,1442709817,SERVO_OUTPUT_RAW,0,0,0,0,0,0,0,0,1000,1000,1000,1000,0,0,0,0,0
2025-12-15 00:58:07.597,SERVO_OUTPUT_RAW,1442809836,SERVO_OUTPUT_RAW,0,0,0,0,0,0,0,0,1000,1000,1000,1000,0,0,0,0,0
2025-12-15 00:58:07.697,SERVO_OUTPUT_RAW,1442909875,SERVO_OUTPUT_RAW,0,0,0,0,0,0,0,0,1000,1000,1000,1000,0,0,0,0,0
2025-12-15 00:58:07.797,SERVO_OUTPUT_RAW,1443009792,SERVO_OUTPUT_RAW,0,0,0,0,0,0,0,0,1000,1000,1000,1000,0,0,0,0,0
2025-12-15 00:58:07.897,SERVO_OUTPUT_RAW,1443109799,SERVO_OUTPUT_RAW,0,0,0,0,0,0,0,0,1000,1000,1000,1000,0,0,0,0,0
2025-12-15 00:58:07.997,SERVO_OUTPUT_RAW,1443209831,SERVO_OUTPUT_RAW,0,0,0,0,0,0,0,0,1000,1000,1000,1000,0,0,0,0,0
2025-12-15 00:58:08.097,SERVO_OUTPUT_RAW,1443309773,SERVO_OUTPUT_RAW,0,0,0,0,0,0,0,0,1000,1000,1000,1000,0,0,0,0,0
2025-12-15 00:58:08.197,SERVO_OUTPUT_RAW,1443409785,SERVO_OUTPUT_RAW,0,0,0,0,0,0,0,0,1000,1000,1000,1000,0,0,0,0,0
2025-12-15 00:58:08.297,SERVO_OUTPUT_RAW,1443509793,SERVO_OUTPUT_RAW,0,0,0,0,0,0,0,0,1000,1000,1000,1000,0,0,0,0,0
2025-12-15 00:58:08.397,SERVO_OUTPUT_RAW,1443609797,SERVO_OUTPUT_RAW,0,0,0,0,0,0,0,0,1000,1000,1000,1000,0,0,0,0,0
2025-12-15 00:58:08.497,SERVO_OUTPUT_RAW,1443709794,SERVO_OUTPUT_RAW,0,0,0,0,0,0,0,0,1000,1000,1000,1000,0,0,0,0,0
2025-12-15 00:58:08.597,SERVO_OUTPUT_RAW,1443809812,SERVO_OUTPUT_RAW,0,0,0,0,0,0,0,0,1000,1000,1000,1000,0,0,0,0,0
2025-12-15 00:58:08.697,SERVO_OUTPUT_RAW,1443909838,SERVO_OUTPUT_RAW,0,0,0,0,0,0,0,0,1000,1000,1000,1000,0,0,0,0,0
2025-12-15 00:58:08.797,SERVO_OUTPUT_RAW,1444009843,SERVO_OUTPUT_RAW,0,0,0,0,0,0,0,0,1000,1000,1000,1000,0,0,0,0,0
2025-12-15 00:58:08.897,SERVO_OUTPUT_RAW,1444109803,SERVO_OUTPUT_RAW,0,0,0,0,0,0,0,0,1000,1000,1000,1000,0,0,0,0,0
2025-12-15 00:58:08.997,SERVO_OUTPUT_RAW,1444209795,SERVO_OUTPUT_RAW,0,0,0,0,0,0,0,0,1000,1000,1000,1000,0,0,0,0,0
2025-12-15 00:58:09.097,SERVO_OUTPUT_RAW,1444309825,SERVO_OUTPUT_RAW,0,0,0,0,0,0,0,0,1000,1000,1000,1000,0,0,0,0,0
2025-12-15 00:58:09.197,SERVO_OUTPUT_RAW,1444409852,SERVO_OUTPUT_RAW,0,0,0,0,0,0,0,0,1000,1000,1000,1000,0,0,0,0,0
2025-12-15 00:58:09.297,SERVO_OUTPUT_RAW,1444509853,SERVO_OUTPUT_RAW,0,0,0,0,0,0,0,0,1000,1000,1000,1000,0,0,0,0,0
2025-12-15 00:58:09.397,SERVO_OUTPUT_RAW,1444609784,SERVO_OUTPUT_RAW,0,0,0,0,0,0,0,0,1000,1000,1000,1000,0,0,0,0,0
2025-12-15 00:58:09.497,SERVO_OUTPUT_RAW,1444709830,SERVO_OUTPUT_RAW,0,0,0,0,0,0,0,0,1000,1000,1000,1000,0,0,0,0,0
2025-12-15 00:58:09.598,SERVO_OUTPUT_RAW,1444809814,SERVO_OUTPUT_RAW,0,0,0,0,0,0,0,0,1000,1000,1000,1000,0,0,0,0,0
2025-12-15 00:58:09.697,SERVO_OUTPUT_RAW,1444909787,SERVO_OUTPUT_RAW,0,0,0,0,0,0,0,0,1000,1000,1000,1000,0,0,0,0,0
2025-12-15 00:58:09.797,SERVO_OUTPUT_RAW,1445009797,SERVO_OUTPUT_RAW,0,0,0,0,0,0,0,0,1000,1000,1000,1000,0,0,0,0,0
2025-12-15 00:58:09.899,SERVO_OUTPUT_RAW,1445109802,SERVO_OUTPUT_RAW,0,0,0,0,0,0,0,0,1000,1000,1000,1000,0,0,0,0,0
2025-12-15 00:58:09.998,SERVO_OUTPUT_RAW,1445209789,SERVO_OUTPUT_RAW,0,0,0,0,0,0,0,0,1000,1000,1000,1000,0,0,0,0,0
2025-12-15 00:58:10.097,SERVO_OUTPUT_RAW,1445309797,SERVO_OUTPUT_RAW,0,0,0,0,0,0,0,0,1000,1000,1000,1000,0,0,0,0,0
2025-12-15 00:58:10.197,SERVO_OUTPUT_RAW,1445409812,SERVO_OUTPUT_RAW,0,0,0,0,0,0,0,0,1000,1000,1000,1000,0,0,0,0,0
2025-12-15 00:58:10.298,SERVO_OUTPUT_RAW,1445509839,SERVO_OUTPUT_RAW,0,0,0,0,0,0,0,0,1000,1000,1000,1000,0,0,0,0,0
2025-12-15 00:58:10.398,SERVO_OUTPUT_RAW,1445609897,SERVO_OUTPUT_RAW,0,0,0,0,0,0,0,0,1000,1000,1000,1000,0,0,0,0,0
2025-12-15 00:58:10.498,SERVO_OUTPUT_RAW,1445712161,SERVO_OUTPUT_RAW,0,0,0,0,0,0,0,0,1000,1000,1000,1000,0,0,0,0,0
2025-12-15 00:58:10.598,SERVO_OUTPUT_RAW,1445809806,SERVO_OUTPUT_RAW,0,0,0,0,0,0,0,0,1000,1000,1000,1000,0,0,0,0,0
2025-12-15 00:58:10.698,SERVO_OUTPUT_RAW,1445909851,SERVO_OUTPUT_RAW,0,0,0,0,0,0,0,0,1000,1000,1000,1000,0,0,0,0,0
2025-12-15 00:58:10.798,SERVO_OUTPUT_RAW,1446009845,SERVO_OUTPUT_RAW,0,0,0,0,0,0,0,0,1000,1000,1000,1000,0,0,0,0,0
2025-12-15 00:58:10.898,SERVO_OUTPUT_RAW,1446109807,SERVO_OUTPUT_RAW,0,0,0,0,0,0,0,0,1000,1000,1000,1000,0,0,0,0,0
2025-12-15 00:58:10.998,SERVO_OUTPUT_RAW,1446209803,SERVO_OUTPUT_RAW,0,0,0,0,0,0,0,0,1000,1000,1000,1000,0,0,0,0,0
2025-12-15 00:58:11.098,SERVO_OUTPUT_RAW,1446309822,SERVO_OUTPUT_RAW,0,0,0,0,0,0,0,0,1000,1000,1000,1000,0,0,0,0,0
2025-12-15 00:58:11.198,SERVO_OUTPUT_RAW,1446409826,SERVO_OUTPUT_RAW,0,0,0,0,0,0,0,0,1000,1000,1000,1000,0,0,0,0,0
2025-12-15 00:58:11.298,SERVO_OUTPUT_RAW,1446509795,SERVO_OUTPUT_RAW,0,0,0,0,0,0,0,0,1000,1000,1000,1000,0,0,0,0,0
2025-12-15 00:58:11.398,SERVO_OUTPUT_RAW,1446609781,SERVO_OUTPUT_RAW,0,0,0,0,0,0,0,0,1000,1000,1000,1000,0,0,0,0,0
2025-12-15 00:58:11.498,SERVO_OUTPUT_RAW,1446709786,SERVO_OUTPUT_RAW,0,0,0,0,0,0,0,0,1000,1000,1000,1000,0,0,0,0,0
2025-12-15 00:58:11.598,SERVO_OUTPUT_RAW,1446809785,SERVO_OUTPUT_RAW,0,0,0,0,0,0,0,0,1000,1000,1000,1000,0,0,0,0,0
2025-12-15 00:58:11.698,SERVO_OUTPUT_RAW,1446909788,SERVO_OUTPUT_RAW,0,0,0,0,0,0,0,0,1000,1000,1000,1000,0,0,0,0,0
2025-12-15 00:58:11.798,SERVO_OUTPUT_RAW,1447009835,SERVO_OUTPUT_RAW,0,0,0,0,0,0,0,0,1000,1000,1000,1000,0,0,0,0,0
2025-12-15 00:58:11.898,SERVO_OUTPUT_RAW,1447109790,SERVO_OUTPUT_RAW,0,0,0,0,0,0,0,0,1000,1000,1000,1000,0,0,0,0,0
2025-12-15 00:58:11.998,SERVO_OUTPUT_RAW,1447209847,SERVO_OUTPUT_RAW,0,0,0,0,0,0,0,0,1000,1000,1000,1000,0,0,0,0,0
2025-12-15 00:58:12.098,SERVO_OUTPUT_RAW,1447309804,SERVO_OUTPUT_RAW,0,0,0,0,0,0,0,0,1000,1000,1000,1000,0,0,0,0,0
2025-12-15 00:58:12.198,SERVO_OUTPUT_RAW,1447409840,SERVO_OUTPUT_RAW,0,0,0,0,0,0,0,0,1000,1000,1000,1000,0,0,0,0,0
2025-12-15 00:58:12.298,SERVO_OUTPUT_RAW,1447509842,SERVO_OUTPUT_RAW,0,0,0,0,0,0,0,0,1000,1000,1000,1000,0,0,0,0,0
2025-12-15 00:58:12.400,SERVO_OUTPUT_RAW,1447609840,SERVO_OUTPUT_RAW,0,0,0,0,0,0,0,0,1000,1000,1000,1000,0,0,0,0,0
2025-12-15 00:58:12.497,SERVO_OUTPUT_RAW,1447709786,SERVO_OUTPUT_RAW,0,0,0,0,0,0,0,0,1000,1000,1000,1000,0,0,0,0,0
2025-12-15 00:58:12.596,SERVO_OUTPUT_RAW,1447809938,SERVO_OUTPUT_RAW,0,0,0,0,0,0,0,0,1000,1000,1000,1000,0,0,0,0,0
2025-12-15 00:58:12.696,SERVO_OUTPUT_RAW,1447909828,SERVO_OUTPUT_RAW,0,0,0,0,0,0,0,0,1000,1000,1000,1000,0,0,0,0,0
2025-12-15 00:58:12.796,SERVO_OUTPUT_RAW,1448009829,SERVO_OUTPUT_RAW,0,0,0,0,0,0,0,0,1000,1000,1000,1000,0,0,0,0,0
2025-12-15 00:58:12.896,SERVO_OUTPUT_RAW,1448109782,SERVO_OUTPUT_RAW,0,0,0,0,0,0,0,0,1000,1000,1000,1000,0,0,0,0,0
2025-12-15 00:58:12.995,SERVO_OUTPUT_RAW,1448209781,SERVO_OUTPUT_RAW,0,0,0,0,0,0,0,0,1000,1000,1000,1000,0,0,0,0,0
2025-12-15 00:58:13.095,SERVO_OUTPUT_RAW,1448309807,SERVO_OUTPUT_RAW,0,0,0,0,0,0,0,0,1000,1000,1000,1000,0,0,0,0,0
2025-12-15 00:58:13.196,SERVO_OUTPUT_RAW,1448412124,SERVO_OUTPUT_RAW,0,0,0,0,0,0,0,0,1000,1000,1000,1000,0,0,0,0,0
2025-12-15 00:58:13.295,SERVO_OUTPUT_RAW,1448509790,SERVO_OUTPUT_RAW,0,0,0,0,0,0,0,0,1000,1000,1000,1000,0,0,0,0,0
2025-12-15 00:58:13.395,SERVO_OUTPUT_RAW,1448609822,SERVO_OUTPUT_RAW,0,0,0,0,0,0,0,0,1000,1000,1000,1000,0,0,0,0,0
2025-12-15 00:58:13.495,SERVO_OUTPUT_RAW,1448709812,SERVO_OUTPUT_RAW,0,0,0,0,0,0,0,0,1000,1000,1000,1000,0,0,0,0,0
2025-12-15 00:58:13.595,SERVO_OUTPUT_RAW,1448809850,SERVO_OUTPUT_RAW,0,0,0,0,0,0,0,0,1000,1000,1000,1000,0,0,0,0,0
2025-12-15 00:58:13.695,SERVO_OUTPUT_RAW,1448909811,SERVO_OUTPUT_RAW,0,0,0,0,0,0,0,0,1000,1000,1000,1000,0,0,0,0,0
2025-12-15 00:58:13.795,SERVO_OUTPUT_RAW,1449009850,SERVO_OUTPUT_RAW,0,0,0,0,0,0,0,0,1000,1000,1000,1000,0,0,0,0,0
2025-12-15 00:58:13.895,SERVO_OUTPUT_RAW,1449109843,SERVO_OUTPUT_RAW,0,0,0,0,0,0,0,0,1000,1000,1000,1000,0,0,0,0,0
2025-12-15 00:58:13.995,SERVO_OUTPUT_RAW,1449209796,SERVO_OUTPUT_RAW,0,0,0,0,0,0,0,0,1000,1000,1000,1000,0,0,0,0,0
2025-12-15 00:58:14.095,SERVO_OUTPUT_RAW,1449309806,SERVO_OUTPUT_RAW,0,0,0,0,0,0,0,0,1000,1000,1000,1000,0,0,0,0,0
2025-12-15 00:58:14.195,SERVO_OUTPUT_RAW,1449409822,SERVO_OUTPUT_RAW,0,0,0,0,0,0,0,0,1000,1000,1000,1000,0,0,0,0,0
2025-12-15 00:58:14.295,SERVO_OUTPUT_RAW,1449509807,SERVO_OUTPUT_RAW,0,0,0,0,0,0,0,0,1000,1000,1000,1000,0,0,0,0,0
2025-12-15 00:58:14.395,SERVO_OUTPUT_RAW,1449609780,SERVO_OUTPUT_RAW,0,0,0,0,0,0,0,0,1000,1000,1000,1000,0,0,0,0,0
2025-12-15 00:58:14.495,SERVO_OUTPUT_RAW,1449709777,SERVO_OUTPUT_RAW,0,0,0,0,0,0,0,0,1000,1000,1000,1000,0,0,0,0,0
2025-12-15 00:58:14.595,SERVO_OUTPUT_RAW,1449809804,SERVO_OUTPUT_RAW,0,0,0,0,0,0,0,0,1000,1000,1000,1000,0,0,0,0,0
2025-12-15 00:58:14.695,SERVO_OUTPUT_RAW,1449909853,SERVO_OUTPUT_RAW,0,0,0,0,0,0,0,0,1000,1000,1000,1000,0,0,0,0,0
2025-12-15 00:58:14.795,SERVO_OUTPUT_RAW,1450009801,SERVO_OUTPUT_RAW,0,0,0,0,0,0,0,0,1000,1000,1000,1000,0,0,0,0,0
2025-12-15 00:58:14.895,SERVO_OUTPUT_RAW,1450109827,SERVO_OUTPUT_RAW,0,0,0,0,0,0,0,0,1000,1000,1000,1000,0,0,0,0,0
2025-12-15 00:58:14.995,SERVO_OUTPUT_RAW,1450209832,SERVO_OUTPUT_RAW,0,0,0,0,0,0,0,0,1000,1000,1000,1000,0,0,0,0,0
2025-12-15 00:58:15.095,SERVO_OUTPUT_RAW,1450309853,SERVO_OUTPUT_RAW,0,0,0,0,0,0,0,0,1000,1000,1000,1000,0,0,0,0,0
2025-12-15 00:58:15.195,SERVO_OUTPUT_RAW,1450409813,SERVO_OUTPUT_RAW,0,0,0,0,0,0,0,0,1000,1000,1000,1000,0,0,0,0,0
2025-12-15 00:58:15.295,SERVO_OUTPUT_RAW,1450509818,SERVO_OUTPUT_RAW,0,0,0,0,0,0,0,0,1000,1000,1000,1000,0,0,0,0,0
2025-12-15 00:58:15.395,SERVO_OUTPUT_RAW,1450609827,SERVO_OUTPUT_RAW,0,0,0,0,0,0,0,0,1000,1000,1000,1000,0,0,0,0,0
2025-12-15 00:58:15.495,SERVO_OUTPUT_RAW,1450709839,SERVO_OUTPUT_RAW,0,0,0,0,0,0,0,0,1000,1000,1000,1000,0,0,0,0,0
2025-12-15 00:58:15.596,SERVO_OUTPUT_RAW,1450809789,SERVO_OUTPUT_RAW,0,0,0,0,0,0,0,0,1000,1000,1000,1000,0,0,0,0,0
2025-12-15 00:58:15.696,SERVO_OUTPUT_RAW,1450909809,SERVO_OUTPUT_RAW,0,0,0,0,0,0,0,0,1000,1000,1000,1000,0,0,0,0,0
2025-12-15 00:58:15.795,SERVO_OUTPUT_RAW,1451009834,SERVO_OUTPUT_RAW,0,0,0,0,0,0,0,0,1000,1000,1000,1000,0,0,0,0,0
2025-12-15 00:58:15.895,SERVO_OUTPUT_RAW,1451109786,SERVO_OUTPUT_RAW,0,0,0,0,0,0,0,0,1000,1000,1000,1000,0,0,0,0,0
2025-12-15 00:58:15.995,SERVO_OUTPUT_RAW,1451209780,SERVO_OUTPUT_RAW,0,0,0,0,0,0,0,0,1000,1000,1000,1000,0,0,0,0,0
2025-12-15 00:58:16.095,SERVO_OUTPUT_RAW,1451309821,SERVO_OUTPUT_RAW,0,0,0,0,0,0,0,0,1000,1000,1000,1000,0,0,0,0,0
2025-12-15 00:58:16.196,SERVO_OUTPUT_RAW,1451409795,SERVO_OUTPUT_RAW,0,0,0,0,0,0,0,0,1000,1000,1000,1000,0,0,0,0,0
2025-12-15 00:58:16.295,SERVO_OUTPUT_RAW,1451509788,SERVO_OUTPUT_RAW,0,0,0,0,0,0,0,0,1000,1000,1000,1000,0,0,0,0,0
2025-12-15 00:58:16.395,SERVO_OUTPUT_RAW,1451609793,SERVO_OUTPUT_RAW,0,0,0,0,0,0,0,0,1000,1000,1000,1000,0,0,0,0,0
2025-12-15 00:58:16.495,SERVO_OUTPUT_RAW,1451709822,SERVO_OUTPUT_RAW,0,0,0,0,0,0,0,0,1000,1000,1000,1000,0,0,0,0,0
2025-12-15 00:58:16.595,SERVO_OUTPUT_RAW,1451809791,SERVO_OUTPUT_RAW,0,0,0,0,0,0,0,0,1000,1000,1000,1000,0,0,0,0,0
2025-12-15 00:58:16.697,SERVO_OUTPUT_RAW,1451912155,SERVO_OUTPUT_RAW,0,0,0,0,0,0,0,0,1000,1000,1000,1000,0,0,0,0,0
2025-12-15 00:58:16.797,SERVO_OUTPUT_RAW,1452012149,SERVO_OUTPUT_RAW,0,0,0,0,0,0,0,0,1000,1000,1000,1000,0,0,0,0,0
2025-12-15 00:58:16.895,SERVO_OUTPUT_RAW,1452109819,SERVO_OUTPUT_RAW,0,0,0,0,0,0,0,0,1000,1000,1000,1000,0,0,0,0,0
2025-12-15 00:58:16.995,SERVO_OUTPUT_RAW,1452209827,SERVO_OUTPUT_RAW,0,0,0,0,0,0,0,0,1000,1000,1000,1000,0,0,0,0,0
2025-12-15 00:58:17.095,SERVO_OUTPUT_RAW,1452309867,SERVO_OUTPUT_RAW,0,0,0,0,0,0,0,0,1000,1000,1000,1000,0,0,0,0,0
2025-12-15 00:58:17.195,SERVO_OUTPUT_RAW,1452409788,SERVO_OUTPUT_RAW,0,0,0,0,0,0,0,0,1000,1000,1000,1000,0,0,0,0,0
2025-12-15 00:58:17.295,SERVO_OUTPUT_RAW,1452509819,SERVO_OUTPUT_RAW,0,0,0,0,0,0,0,0,1000,1000,1000,1000,0,0,0,0,0
2025-12-15 00:58:17.397,SERVO_OUTPUT_RAW,1452609819,SERVO_OUTPUT_RAW,0,0,0,0,0,0,0,0,1000,1000,1000,1000,0,0,0,0,0
2025-12-15 00:58:17.495,SERVO_OUTPUT_RAW,1452709790,SERVO_OUTPUT_RAW,0,0,0,0,0,0,0,0,1000,1000,1000,1000,0,0,0,0,0
2025-12-15 00:58:17.598,SERVO_OUTPUT_RAW,1452809807,SERVO_OUTPUT_RAW,0,0,0,0,0,0,0,0,1000,1000,1000,1000,0,0,0,0,0
2025-12-15 00:58:17.698,SERVO_OUTPUT_RAW,1452909809,SERVO_OUTPUT_RAW,0,0,0,0,0,0,0,0,1000,1000,1000,1000,0,0,0,0,0
2025-12-15 00:58:17.798,SERVO_OUTPUT_RAW,1453009795,SERVO_OUTPUT_RAW,0,0,0,0,0,0,0,0,1000,1000,1000,1000,0,0,0,0,0
2025-12-15 00:58:17.898,SERVO_OUTPUT_RAW,1453109785,SERVO_OUTPUT_RAW,0,0,0,0,0,0,0,0,1000,1000,1000,1000,0,0,0,0,0
2025-12-15 00:58:17.998,SERVO_OUTPUT_RAW,1453209808,SERVO_OUTPUT_RAW,0,0,0,0,0,0,0,0,1000,1000,1000,1000,0,0,0,0,0
2025-12-15 00:58:18.098,SERVO_OUTPUT_RAW,1453309802,SERVO_OUTPUT_RAW,0,0,0,0,0,0,0,0,1000,1000,1000,1000,0,0,0,0,0
2025-12-15 00:58:18.198,SERVO_OUTPUT_RAW,1453409835,SERVO_OUTPUT_RAW,0,0,0,0,0,0,0,0,1000,1000,1000,1000,0,0,0,0,0
2025-12-15 00:58:18.298,SERVO_OUTPUT_RAW,1453509802,SERVO_OUTPUT_RAW,0,0,0,0,0,0,0,0,1000,1000,1000,1000,0,0,0,0,0
2025-12-15 00:58:18.398,SERVO_OUTPUT_RAW,1453609882,SERVO_OUTPUT_RAW,0,0,0,0,0,0,0,0,1000,1000,1000,1000,0,0,0,0,0
2025-12-15 00:58:18.498,SERVO_OUTPUT_RAW,1453709845,SERVO_OUTPUT_RAW,0,0,0,0,0,0,0,0,1000,1000,1000,1000,0,0,0,0,0
2025-12-15 00:58:18.598,SERVO_OUTPUT_RAW,1453809861,SERVO_OUTPUT_RAW,0,0,0,0,0,0,0,0,1000,1000,1000,1000,0,0,0,0,0
2025-12-15 00:58:18.698,SERVO_OUTPUT_RAW,1453909777,SERVO_OUTPUT_RAW,0,0,0,0,0,0,0,0,1000,1000,1000,1000,0,0,0,0,0
2025-12-15 00:58:18.798,SERVO_OUTPUT_RAW,1454009789,SERVO_OUTPUT_RAW,0,0,0,0,0,0,0,0,1000,1000,1000,1000,0,0,0,0,0
2025-12-15 00:58:18.898,SERVO_OUTPUT_RAW,1454109885,SERVO_OUTPUT_RAW,0,0,0,0,0,0,0,0,1000,1000,1000,1000,0,0,0,0,0
2025-12-15 00:58:18.998,SERVO_OUTPUT_RAW,1454209843,SERVO_OUTPUT_RAW,0,0,0,0,0,0,0,0,1000,1000,1000,1000,0,0,0,0,0
2025-12-15 00:58:19.098,SERVO_OUTPUT_RAW,1454309790,SERVO_OUTPUT_RAW,0,0,0,0,0,0,0,0,1000,1000,1000,1000,0,0,0,0,0
2025-12-15 00:58:19.198,SERVO_OUTPUT_RAW,1454409784,SERVO_OUTPUT_RAW,0,0,0,0,0,0,0,0,1000,1000,1000,1000,0,0,0,0,0
2025-12-15 00:58:19.298,SERVO_OUTPUT_RAW,1454509790,SERVO_OUTPUT_RAW,0,0,0,0,0,0,0,0,1000,1000,1000,1000,0,0,0,0,0
2025-12-15 00:58:19.398,SERVO_OUTPUT_RAW,1454609798,SERVO_OUTPUT_RAW,0,0,0,0,0,0,0,0,1000,1000,1000,1000,0,0,0,0,0
2025-12-15 00:58:19.498,SERVO_OUTPUT_RAW,1454709806,SERVO_OUTPUT_RAW,0,0,0,0,0,0,0,0,1000,1000,1000,1000,0,0,0,0,0
2025-12-15 00:58:19.598,SERVO_OUTPUT_RAW,1454809837,SERVO_OUTPUT_RAW,0,0,0,0,0,0,0,0,1000,1000,1000,1000,0,0,0,0,0
2025-12-15 00:58:19.698,SERVO_OUTPUT_RAW,1454909837,SERVO_OUTPUT_RAW,0,0,0,0,0,0,0,0,1000,1000,1000,1000,0,0,0,0,0
2025-12-15 00:58:19.798,SERVO_OUTPUT_RAW,1455009820,SERVO_OUTPUT_RAW,0,0,0,0,0,0,0,0,1000,1000,1000,1000,0,0,0,0,0
2025-12-15 00:58:19.899,SERVO_OUTPUT_RAW,1455109814,SERVO_OUTPUT_RAW,0,0,0,0,0,0,0,0,1000,1000,1000,1000,0,0,0,0,0
2025-12-15 00:58:19.997,SERVO_OUTPUT_RAW,1455209841,SERVO_OUTPUT_RAW,0,0,0,0,0,0,0,0,1000,1000,1000,1000,0,0,0,0,0
2025-12-15 00:58:20.098,SERVO_OUTPUT_RAW,1455309852,SERVO_OUTPUT_RAW,0,0,0,0,0,0,0,0,1000,1000,1000,1000,0,0,0,0,0
2025-12-15 00:58:20.198,SERVO_OUTPUT_RAW,1455409839,SERVO_OUTPUT_RAW,0,0,0,0,0,0,0,0,1000,1000,1000,1000,0,0,0,0,0
2025-12-15 00:58:20.298,SERVO_OUTPUT_RAW,1455509793,SERVO_OUTPUT_RAW,0,0,0,0,0,0,0,0,1000,1000,1000,1000,0,0,0,0,0
2025-12-15 00:58:20.398,SERVO_OUTPUT_RAW,1455609799,SERVO_OUTPUT_RAW,0,0,0,0,0,0,0,0,1000,1000,1000,1000,0,0,0,0,0
2025-12-15 00:58:20.498,SERVO_OUTPUT_RAW,1455709809,SERVO_OUTPUT_RAW,0,0,0,0,0,0,0,0,1000,1000,1000,1000,0,0,0,0,0
2025-12-15 00:58:20.598,SERVO_OUTPUT_RAW,1455809791,SERVO_OUTPUT_RAW,0,0,0,0,0,0,0,0,1000,1000,1000,1000,0,0,0,0,0
2025-12-15 00:58:20.698,SERVO_OUTPUT_RAW,1455909791,SERVO_OUTPUT_RAW,0,0,0,0,0,0,0,0,1000,1000,1000,1000,0,0,0,0,0
2025-12-15 00:58:20.798,SERVO_OUTPUT_RAW,1456009787,SERVO_OUTPUT_RAW,0,0,0,0,0,0,0,0,1000,1000,1000,1000,0,0,0,0,0
2025-12-15 00:58:20.898,SERVO_OUTPUT_RAW,1456109784,SERVO_OUTPUT_RAW,0,0,0,0,0,0,0,0,1000,1000,1000,1000,0,0,0,0,0
2025-12-15 00:58:20.998,SERVO_OUTPUT_RAW,1456209859,SERVO_OUTPUT_RAW,0,0,0,0,0,0,0,0,1000,1000,1000,1000,0,0,0,0,0
2025-12-15 00:58:21.098,SERVO_OUTPUT_RAW,1456309788,SERVO_OUTPUT_RAW,0,0,0,0,0,0,0,0,1000,1000,1000,1000,0,0,0,0,0
2025-12-15 00:58:21.198,SERVO_OUTPUT_RAW,1456409841,SERVO_OUTPUT_RAW,0,0,0,0,0,0,0,0,1000,1000,1000,1000,0,0,0,0,0
2025-12-15 00:58:21.299,SERVO_OUTPUT_RAW,1456509839,SERVO_OUTPUT_RAW,0,0,0,0,0,0,0,0,1000,1000,1000,1000,0,0,0,0,0
2025-12-15 00:58:21.399,SERVO_OUTPUT_RAW,1456609800,SERVO_OUTPUT_RAW,0,0,0,0,0,0,0,0,1000,1000,1000,1000,0,0,0,0,0
2025-12-15 00:58:21.498,SERVO_OUTPUT_RAW,1456709872,SERVO_OUTPUT_RAW,0,0,0,0,0,0,0,0,1000,1000,1000,1000,0,0,0,0,0
2025-12-15 00:58:21.599,SERVO_OUTPUT_RAW,1456809818,SERVO_OUTPUT_RAW,0,0,0,0,0,0,0,0,1000,1000,1000,1000,0,0,0,0,0
2025-12-15 00:58:21.698,SERVO_OUTPUT_RAW,1456909838,SERVO_OUTPUT_RAW,0,0,0,0,0,0,0,0,1000,1000,1000,1000,0,0,0,0,0
2025-12-15 00:58:21.798,SERVO_OUTPUT_RAW,1457009781,SERVO_OUTPUT_RAW,0,0,0,0,0,0,0,0,1000,1000,1000,1000,0,0,0,0,0
2025-12-15 00:58:21.898,SERVO_OUTPUT_RAW,1457109798,SERVO_OUTPUT_RAW,0,0,0,0,0,0,0,0,1000,1000,1000,1000,0,0,0,0,0
2025-12-15 00:58:21.998,SERVO_OUTPUT_RAW,1457209834,SERVO_OUTPUT_RAW,0,0,0,0,0,0,0,0,1000,1000,1000,1000,0,0,0,0,0
2025-12-15 00:58:22.098,SERVO_OUTPUT_RAW,1457309833,SERVO_OUTPUT_RAW,0,0,0,0,0,0,0,0,1000,1000,1000,1000,0,0,0,0,0
2025-12-15 00:58:22.198,SERVO_OUTPUT_RAW,1457409782,SERVO_OUTPUT_RAW,0,0,0,0,0,0,0,0,1000,1000,1000,1000,0,0,0,0,0
2025-12-15 00:58:22.298,SERVO_OUTPUT_RAW,1457509785,SERVO_OUTPUT_RAW,0,0,0,0,0,0,0,0,1000,1000,1000,1000,0,0,0,0,0
2025-12-15 00:58:22.398,SERVO_OUTPUT_RAW,1457609785,SERVO_OUTPUT_RAW,0,0,0,0,0,0,0,0,1000,1000,1000,1000,0,0,0,0,0
2025-12-15 00:58:22.499,SERVO_OUTPUT_RAW,1457709794,SERVO_OUTPUT_RAW,0,0,0,0,0,0,0,0,1000,1000,1000,1000,0,0,0,0,0
2025-12-15 00:58:22.597,SERVO_OUTPUT_RAW,1457809783,SERVO_OUTPUT_RAW,0,0,0,0,0,0,0,0,1000,1000,1000,1000,0,0,0,0,0
2025-12-15 00:58:22.697,SERVO_OUTPUT_RAW,1457909792,SERVO_OUTPUT_RAW,0,0,0,0,0,0,0,0,1000,1000,1000,1000,0,0,0,0,0
2025-12-15 00:58:22.797,SERVO_OUTPUT_RAW,1458009831,SERVO_OUTPUT_RAW,0,0,0,0,0,0,0,0,1000,1000,1000,1000,0,0,0,0,0
2025-12-15 00:58:22.897,SERVO_OUTPUT_RAW,1458109795,SERVO_OUTPUT_RAW,0,0,0,0,0,0,0,0,1000,1000,1000,1000,0,0,0,0,0
2025-12-15 00:58:22.997,SERVO_OUTPUT_RAW,1458209901,SERVO_OUTPUT_RAW,0,0,0,0,0,0,0,0,1000,1000,1000,1000,0,0,0,0,0
2025-12-15 00:58:23.099,SERVO_OUTPUT_RAW,1458312099,SERVO_OUTPUT_RAW,0,0,0,0,0,0,0,0,1000,1000,1000,1000,0,0,0,0,0
2025-12-15 00:58:23.198,SERVO_OUTPUT_RAW,1458409848,SERVO_OUTPUT_RAW,0,0,0,0,0,0,0,0,1000,1000,1000,1000,0,0,0,0,0
2025-12-15 00:58:23.297,SERVO_OUTPUT_RAW,1458509840,SERVO_OUTPUT_RAW,0,0,0,0,0,0,0,0,1000,1000,1000,1000,0,0,0,0,0
2025-12-15 00:58:23.398,SERVO_OUTPUT_RAW,1458609784,SERVO_OUTPUT_RAW,0,0,0,0,0,0,0,0,1000,1000,1000,1000,0,0,0,0,0
2025-12-15 00:58:23.497,SERVO_OUTPUT_RAW,1458709819,SERVO_OUTPUT_RAW,0,0,0,0,0,0,0,0,1000,1000,1000,1000,0,0,0,0,0
2025-12-15 00:58:23.597,SERVO_OUTPUT_RAW,1458809822,SERVO_OUTPUT_RAW,0,0,0,0,0,0,0,0,1000,1000,1000,1000,0,0,0,0,0
2025-12-15 00:58:23.697,SERVO_OUTPUT_RAW,1458909818,SERVO_OUTPUT_RAW,0,0,0,0,0,0,0,0,1000,1000,1000,1000,0,0,0,0,0
2025-12-15 00:58:23.798,SERVO_OUTPUT_RAW,1459009778,SERVO_OUTPUT_RAW,0,0,0,0,0,0,0,0,1000,1000,1000,1000,0,0,0,0,0
2025-12-15 00:58:23.898,SERVO_OUTPUT_RAW,1459109800,SERVO_OUTPUT_RAW,0,0,0,0,0,0,0,0,1000,1000,1000,1000,0,0,0,0,0
2025-12-15 00:58:23.997,SERVO_OUTPUT_RAW,1459209797,SERVO_OUTPUT_RAW,0,0,0,0,0,0,0,0,1000,1000,1000,1000,0,0,0,0,0
2025-12-15 00:58:24.097,SERVO_OUTPUT_RAW,1459309782,SERVO_OUTPUT_RAW,0,0,0,0,0,0,0,0,1000,1000,1000,1000,0,0,0,0,0
2025-12-15 00:58:24.197,SERVO_OUTPUT_RAW,1459409806,SERVO_OUTPUT_RAW,0,0,0,0,0,0,0,0,1000,1000,1000,1000,0,0,0,0,0
2025-12-15 00:58:24.297,SERVO_OUTPUT_RAW,1459509816,SERVO_OUTPUT_RAW,0,0,0,0,0,0,0,0,1000,1000,1000,1000,0,0,0,0,0
2025-12-15 00:58:24.397,SERVO_OUTPUT_RAW,1459609835,SERVO_OUTPUT_RAW,0,0,0,0,0,0,0,0,1000,1000,1000,1000,0,0,0,0,0
2025-12-15 00:58:24.497,SERVO_OUTPUT_RAW,1459712150,SERVO_OUTPUT_RAW,0,0,0,0,0,0,0,0,1000,1000,1000,1000,0,0,0,0,0
2025-12-15 00:58:24.597,SERVO_OUTPUT_RAW,1459809794,SERVO_OUTPUT_RAW,0,0,0,0,0,0,0,0,1000,1000,1000,1000,0,0,0,0,0
2025-12-15 00:58:24.698,SERVO_OUTPUT_RAW,1459909816,SERVO_OUTPUT_RAW,0,0,0,0,0,0,0,0,1000,1000,1000,1000,0,0,0,0,0
2025-12-15 00:58:24.797,SERVO_OUTPUT_RAW,1460009915,SERVO_OUTPUT_RAW,0,0,0,0,0,0,0,0,1000,1000,1000,1000,0,0,0,0,0
2025-12-15 00:58:24.903,SERVO_OUTPUT_RAW,1460109823,SERVO_OUTPUT_RAW,0,0,0,0,0,0,0,0,1000,1000,1000,1000,0,0,0,0,0
2025-12-15 00:58:24.998,SERVO_OUTPUT_RAW,1460209806,SERVO_OUTPUT_RAW,0,0,0,0,0,0,0,0,1000,1000,1000,1000,0,0,0,0,0
2025-12-15 00:58:25.098,SERVO_OUTPUT_RAW,1460309823,SERVO_OUTPUT_RAW,0,0,0,0,0,0,0,0,1000,1000,1000,1000,0,0,0,0,0
2025-12-15 00:58:25.198,SERVO_OUTPUT_RAW,1460409878,SERVO_OUTPUT_RAW,0,0,0,0,0,0,0,0,1000,1000,1000,1000,0,0,0,0,0
2025-12-15 00:58:25.298,SERVO_OUTPUT_RAW,1460509788,SERVO_OUTPUT_RAW,0,0,0,0,0,0,0,0,1000,1000,1000,1000,0,0,0,0,0
2025-12-15 00:58:25.398,SERVO_OUTPUT_RAW,1460609788,SERVO_OUTPUT_RAW,0,0,0,0,0,0,0,0,1000,1000,1000,1000,0,0,0,0,0
2025-12-15 00:58:25.498,SERVO_OUTPUT_RAW,1460709800,SERVO_OUTPUT_RAW,0,0,0,0,0,0,0,0,1000,1000,1000,1000,0,0,0,0,0
2025-12-15 00:58:25.598,SERVO_OUTPUT_RAW,1460809781,SERVO_OUTPUT_RAW,0,0,0,0,0,0,0,0,1000,1000,1000,1000,0,0,0,0,0
2025-12-15 00:58:25.698,SERVO_OUTPUT_RAW,1460909795,SERVO_OUTPUT_RAW,0,0,0,0,0,0,0,0,1000,1000,1000,1000,0,0,0,0,0
2025-12-15 00:58:25.798,SERVO_OUTPUT_RAW,1461012142,SERVO_OUTPUT_RAW,0,0,0,0,0,0,0,0,1000,1000,1000,1000,0,0,0,0,0
2025-12-15 00:58:25.898,SERVO_OUTPUT_RAW,1461109819,SERVO_OUTPUT_RAW,0,0,0,0,0,0,0,0,1000,1000,1000,1000,0,0,0,0,0
2025-12-15 00:58:25.998,SERVO_OUTPUT_RAW,1461209794,SERVO_OUTPUT_RAW,0,0,0,0,0,0,0,0,1000,1000,1000,1000,0,0,0,0,0
2025-12-15 00:58:26.098,SERVO_OUTPUT_RAW,1461309804,SERVO_OUTPUT_RAW,0,0,0,0,0,0,0,0,1000,1000,1000,1000,0,0,0,0,0
2025-12-15 00:58:26.198,SERVO_OUTPUT_RAW,1461409815,SERVO_OUTPUT_RAW,0,0,0,0,0,0,0,0,1000,1000,1000,1000,0,0,0,0,0
2025-12-15 00:58:26.298,SERVO_OUTPUT_RAW,1461509828,SERVO_OUTPUT_RAW,0,0,0,0,0,0,0,0,1000,1000,1000,1000,0,0,0,0,0
2025-12-15 00:58:26.398,SERVO_OUTPUT_RAW,1461609863,SERVO_OUTPUT_RAW,0,0,0,0,0,0,0,0,1000,1000,1000,1000,0,0,0,0,0
2025-12-15 00:58:26.498,SERVO_OUTPUT_RAW,1461709836,SERVO_OUTPUT_RAW,0,0,0,0,0,0,0,0,1000,1000,1000,1000,0,0,0,0,0
2025-12-15 00:58:26.598,SERVO_OUTPUT_RAW,1461809808,SERVO_OUTPUT_RAW,0,0,0,0,0,0,0,0,1000,1000,1000,1000,0,0,0,0,0
2025-12-15 00:58:26.698,SERVO_OUTPUT_RAW,1461909818,SERVO_OUTPUT_RAW,0,0,0,0,0,0,0,0,1000,1000,1000,1000,0,0,0,0,0
2025-12-15 00:58:26.798,SERVO_OUTPUT_RAW,1462009809,SERVO_OUTPUT_RAW,0,0,0,0,0,0,0,0,1000,1000,1000,1000,0,0,0,0,0
2025-12-15 00:58:26.898,SERVO_OUTPUT_RAW,1462109790,SERVO_OUTPUT_RAW,0,0,0,0,0,0,0,0,1000,1000,1000,1000,0,0,0,0,0
2025-12-15 00:58:26.998,SERVO_OUTPUT_RAW,1462209789,SERVO_OUTPUT_RAW,0,0,0,0,0,0,0,0,1000,1000,1000,1000,0,0,0,0,0
2025-12-15 00:58:27.098,SERVO_OUTPUT_RAW,1462309786,SERVO_OUTPUT_RAW,0,0,0,0,0,0,0,0,1000,1000,1000,1000,0,0,0,0,0
2025-12-15 00:58:27.198,SERVO_OUTPUT_RAW,1462409781,SERVO_OUTPUT_RAW,0,0,0,0,0,0,0,0,1000,1000,1000,1000,0,0,0,0,0
2025-12-15 00:58:27.298,SERVO_OUTPUT_RAW,1462509851,SERVO_OUTPUT_RAW,0,0,0,0,0,0,0,0,1000,1000,1000,1000,0,0,0,0,0
2025-12-15 00:58:27.399,SERVO_OUTPUT_RAW,1462609827,SERVO_OUTPUT_RAW,0,0,0,0,0,0,0,0,1000,1000,1000,1000,0,0,0,0,0
2025-12-15 00:58:27.498,SERVO_OUTPUT_RAW,1462709846,SERVO_OUTPUT_RAW,0,0,0,0,0,0,0,0,1000,1000,1000,1000,0,0,0,0,0
2025-12-15 00:58:27.598,SERVO_OUTPUT_RAW,1462809844,SERVO_OUTPUT_RAW,0,0,0,0,0,0,0,0,1000,1000,1000,1000,0,0,0,0,0
2025-12-15 00:58:27.698,SERVO_OUTPUT_RAW,1462909799,SERVO_OUTPUT_RAW,0,0,0,0,0,0,0,0,1000,1000,1000,1000,0,0,0,0,0
2025-12-15 00:58:27.799,SERVO_OUTPUT_RAW,1463009807,SERVO_OUTPUT_RAW,0,0,0,0,0,0,0,0,1000,1000,1000,1000,0,0,0,0,0
2025-12-15 00:58:27.898,SERVO_OUTPUT_RAW,1463109845,SERVO_OUTPUT_RAW,0,0,0,0,0,0,0,0,1000,1000,1000,1000,0,0,0,0,0
2025-12-15 00:58:27.998,SERVO_OUTPUT_RAW,1463209848,SERVO_OUTPUT_RAW,0,0,0,0,0,0,0,0,1000,1000,1000,1000,0,0,0,0,0
2025-12-15 00:58:28.098,SERVO_OUTPUT_RAW,1463309779,SERVO_OUTPUT_RAW,0,0,0,0,0,0,0,0,1000,1000,1000,1000,0,0,0,0,0
2025-12-15 00:58:28.198,SERVO_OUTPUT_RAW,1463409811,SERVO_OUTPUT_RAW,0,0,0,0,0,0,0,0,1000,1000,1000,1000,0,0,0,0,0
2025-12-15 00:58:28.298,SERVO_OUTPUT_RAW,1463509821,SERVO_OUTPUT_RAW,0,0,0,0,0,0,0,0,1000,1000,1000,1000,0,0,0,0,0
2025-12-15 00:58:28.398,SERVO_OUTPUT_RAW,1463609825,SERVO_OUTPUT_RAW,0,0,0,0,0,0,0,0,1000,1000,1000,1000,0,0,0,0,0
2025-12-15 00:58:28.498,SERVO_OUTPUT_RAW,1463709803,SERVO_OUTPUT_RAW,0,0,0,0,0,0,0,0,1000,1000,1000,1000,0,0,0,0,0
2025-12-15 00:58:28.598,SERVO_OUTPUT_RAW,1463809798,SERVO_OUTPUT_RAW,0,0,0,0,0,0,0,0,1000,1000,1000,1000,0,0,0,0,0
2025-12-15 00:58:28.698,SERVO_OUTPUT_RAW,1463909806,SERVO_OUTPUT_RAW,0,0,0,0,0,0,0,0,1000,1000,1000,1000,0,0,0,0,0
2025-12-15 00:58:28.798,SERVO_OUTPUT_RAW,1464009790,SERVO_OUTPUT_RAW,0,0,0,0,0,0,0,0,1000,1000,1000,1000,0,0,0,0,0
2025-12-15 00:58:28.898,SERVO_OUTPUT_RAW,1464109810,SERVO_OUTPUT_RAW,0,0,0,0,0,0,0,0,1000,1000,1000,1000,0,0,0,0,0
2025-12-15 00:58:28.998,SERVO_OUTPUT_RAW,1464209834,SERVO_OUTPUT_RAW,0,0,0,0,0,0,0,0,1000,1000,1000,1000,0,0,0,0,0
2025-12-15 00:58:29.098,SERVO_OUTPUT_RAW,1464309859,SERVO_OUTPUT_RAW,0,0,0,0,0,0,0,0,1000,1000,1000,1000,0,0,0,0,0
2025-12-15 00:58:29.198,SERVO_OUTPUT_RAW,1464409798,SERVO_OUTPUT_RAW,0,0,0,0,0,0,0,0,1000,1000,1000,1000,0,0,0,0,0
2025-12-15 00:58:29.298,SERVO_OUTPUT_RAW,1464512094,SERVO_OUTPUT_RAW,0,0,0,0,0,0,0,0,1000,1000,1000,1000,0,0,0,0,0
2025-12-15 00:58:29.398,SERVO_OUTPUT_RAW,1464612175,SERVO_OUTPUT_RAW,0,0,0,0,0,0,0,0,1000,1000,1000,1000,0,0,0,0,0
2025-12-15 00:58:29.499,SERVO_OUTPUT_RAW,1464709841,SERVO_OUTPUT_RAW,0,0,0,0,0,0,0,0,1000,1000,1000,1000,0,0,0,0,0
2025-12-15 00:58:29.598,SERVO_OUTPUT_RAW,1464809814,SERVO_OUTPUT_RAW,0,0,0,0,0,0,0,0,1000,1000,1000,1000,0,0,0,0,0
2025-12-15 00:58:29.698,SERVO_OUTPUT_RAW,1464909789,SERVO_OUTPUT_RAW,0,0,0,0,0,0,0,0,1000,1000,1000,1000,0,0,0,0,0
2025-12-15 00:58:29.798,SERVO_OUTPUT_RAW,1465009827,SERVO_OUTPUT_RAW,0,0,0,0,0,0,0,0,1000,1000,1000,1000,0,0,0,0,0
2025-12-15 00:58:29.898,SERVO_OUTPUT_RAW,1465109820,SERVO_OUTPUT_RAW,0,0,0,0,0,0,0,0,1000,1000,1000,1000,0,0,0,0,0
2025-12-15 00:58:29.998,SERVO_OUTPUT_RAW,1465209791,SERVO_OUTPUT_RAW,0,0,0,0,0,0,0,0,1000,1000,1000,1000,0,0,0,0,0
2025-12-15 00:58:30.098,SERVO_OUTPUT_RAW,1465309788,SERVO_OUTPUT_RAW,0,0,0,0,0,0,0,0,1000,1000,1000,1000,0,0,0,0,0
2025-12-15 00:58:30.198,SERVO_OUTPUT_RAW,1465409806,SERVO_OUTPUT_RAW,0,0,0,0,0,0,0,0,1000,1000,1000,1000,0,0,0,0,0
2025-12-15 00:58:30.298,SERVO_OUTPUT_RAW,1465509798,SERVO_OUTPUT_RAW,0,0,0,0,0,0,0,0,1000,1000,1000,1000,0,0,0,0,0
2025-12-15 00:58:30.399,SERVO_OUTPUT_RAW,1465609789,SERVO_OUTPUT_RAW,0,0,0,0,0,0,0,0,1000,1000,1000,1000,0,0,0,0,0
2025-12-15 00:58:30.498,SERVO_OUTPUT_RAW,1465709827,SERVO_OUTPUT_RAW,0,0,0,0,0,0,0,0,1000,1000,1000,1000,0,0,0,0,0
2025-12-15 00:58:30.598,SERVO_OUTPUT_RAW,1465809850,SERVO_OUTPUT_RAW,0,0,0,0,0,0,0,0,1000,1000,1000,1000,0,0,0,0,0
2025-12-15 00:58:30.698,SERVO_OUTPUT_RAW,1465909837,SERVO_OUTPUT_RAW,0,0,0,0,0,0,0,0,1000,1000,1000,1000,0,0,0,0,0
2025-12-15 00:58:30.798,SERVO_OUTPUT_RAW,1466009793,SERVO_OUTPUT_RAW,0,0,0,0,0,0,0,0,1000,1000,1000,1000,0,0,0,0,0
2025-12-15 00:58:30.898,SERVO_OUTPUT_RAW,1466109811,SERVO_OUTPUT_RAW,0,0,0,0,0,0,0,0,1000,1000,1000,1000,0,0,0,0,0
2025-12-15 00:58:30.998,SERVO_OUTPUT_RAW,1466209845,SERVO_OUTPUT_RAW,0,0,0,0,0,0,0,0,1000,1000,1000,1000,0,0,0,0,0
2025-12-15 00:58:31.098,SERVO_OUTPUT_RAW,1466309850,SERVO_OUTPUT_RAW,0,0,0,0,0,0,0,0,1000,1000,1000,1000,0,0,0,0,0
2025-12-15 00:58:31.198,SERVO_OUTPUT_RAW,1466409792,SERVO_OUTPUT_RAW,0,0,0,0,0,0,0,0,1000,1000,1000,1000,0,0,0,0,0
2025-12-15 00:58:31.298,SERVO_OUTPUT_RAW,1466509789,SERVO_OUTPUT_RAW,0,0,0,0,0,0,0,0,1000,1000,1000,1000,0,0,0,0,0
2025-12-15 00:58:31.398,SERVO_OUTPUT_RAW,1466609799,SERVO_OUTPUT_RAW,0,0,0,0,0,0,0,0,1000,1000,1000,1000,0,0,0,0,0
2025-12-15 00:58:31.499,SERVO_OUTPUT_RAW,1466709875,SERVO_OUTPUT_RAW,0,0,0,0,0,0,0,0,1000,1000,1000,1000,0,0,0,0,0
2025-12-15 00:58:31.598,SERVO_OUTPUT_RAW,1466809789,SERVO_OUTPUT_RAW,0,0,0,0,0,0,0,0,1000,1000,1000,1000,0,0,0,0,0
2025-12-15 00:58:31.698,SERVO_OUTPUT_RAW,1466909784,SERVO_OUTPUT_RAW,0,0,0,0,0,0,0,0,1000,1000,1000,1000,0,0,0,0,0
2025-12-15 00:58:31.798,SERVO_OUTPUT_RAW,1467009788,SERVO_OUTPUT_RAW,0,0,0,0,0,0,0,0,1000,1000,1000,1000,0,0,0,0,0
2025-12-15 00:58:31.898,SERVO_OUTPUT_RAW,1467109788,SERVO_OUTPUT_RAW,0,0,0,0,0,0,0,0,1000,1000,1000,1000,0,0,0,0,0
2025-12-15 00:58:31.997,SERVO_OUTPUT_RAW,1467212120,SERVO_OUTPUT_RAW,0,0,0,0,0,0,0,0,1000,1000,1000,1000,0,0,0,0,0
2025-12-15 00:58:32.097,SERVO_OUTPUT_RAW,1467309829,SERVO_OUTPUT_RAW,0,0,0,0,0,0,0,0,1000,1000,1000,1000,0,0,0,0,0
2025-12-15 00:58:32.198,SERVO_OUTPUT_RAW,1467409848,SERVO_OUTPUT_RAW,0,0,0,0,0,0,0,0,1000,1000,1000,1000,0,0,0,0,0
2025-12-15 00:58:32.298,SERVO_OUTPUT_RAW,1467509807,SERVO_OUTPUT_RAW,0,0,0,0,0,0,0,0,1000,1000,1000,1000,0,0,0,0,0
2025-12-15 00:58:32.399,SERVO_OUTPUT_RAW,1467609782,SERVO_OUTPUT_RAW,0,0,0,0,0,0,0,0,1000,1000,1000,1000,0,0,0,0,0
2025-12-15 00:58:32.499,SERVO_OUTPUT_RAW,1467709823,SERVO_OUTPUT_RAW,0,0,0,0,0,0,0,0,1000,1000,1000,1000,0,0,0,0,0
2025-12-15 00:58:32.599,SERVO_OUTPUT_RAW,1467809847,SERVO_OUTPUT_RAW,0,0,0,0,0,0,0,0,1000,1000,1000,1000,0,0,0,0,0
2025-12-15 00:58:32.698,SERVO_OUTPUT_RAW,1467909805,SERVO_OUTPUT_RAW,0,0,0,0,0,0,0,0,1000,1000,1000,1000,0,0,0,0,0
2025-12-15 00:58:32.798,SERVO_OUTPUT_RAW,1468009790,SERVO_OUTPUT_RAW,0,0,0,0,0,0,0,0,1000,1000,1000,1000,0,0,0,0,0
2025-12-15 00:58:32.899,SERVO_OUTPUT_RAW,1468109836,SERVO_OUTPUT_RAW,0,0,0,0,0,0,0,0,1000,1000,1000,1000,0,0,0,0,0
2025-12-15 00:58:32.998,SERVO_OUTPUT_RAW,1468209820,SERVO_OUTPUT_RAW,0,0,0,0,0,0,0,0,1000,1000,1000,1000,0,0,0,0,0
2025-12-15 00:58:33.099,SERVO_OUTPUT_RAW,1468309786,SERVO_OUTPUT_RAW,0,0,0,0,0,0,0,0,1000,1000,1000,1000,0,0,0,0,0
2025-12-15 00:58:33.199,SERVO_OUTPUT_RAW,1468409786,SERVO_OUTPUT_RAW,0,0,0,0,0,0,0,0,1000,1000,1000,1000,0,0,0,0,0
2025-12-15 00:58:33.298,SERVO_OUTPUT_RAW,1468509786,SERVO_OUTPUT_RAW,0,0,0,0,0,0,0,0,1000,1000,1000,1000,0,0,0,0,0
2025-12-15 00:58:33.398,SERVO_OUTPUT_RAW,1468609786,SERVO_OUTPUT_RAW,0,0,0,0,0,0,0,0,1000,1000,1000,1000,0,0,0,0,0
2025-12-15 00:58:33.498,SERVO_OUTPUT_RAW,1468709801,SERVO_OUTPUT_RAW,0,0,0,0,0,0,0,0,1000,1000,1000,1000,0,0,0,0,0
2025-12-15 00:58:33.598,SERVO_OUTPUT_RAW,1468812153,SERVO_OUTPUT_RAW,0,0,0,0,0,0,0,0,1000,1000,1000,1000,0,0,0,0,0
2025-12-15 00:58:33.698,SERVO_OUTPUT_RAW,1468909831,SERVO_OUTPUT_RAW,0,0,0,0,0,0,0,0,1000,1000,1000,1000,0,0,0,0,0
2025-12-15 00:58:33.798,SERVO_OUTPUT_RAW,1469009892,SERVO_OUTPUT_RAW,0,0,0,0,0,0,0,0,1000,1000,1000,1000,0,0,0,0,0
2025-12-15 00:58:33.898,SERVO_OUTPUT_RAW,1469109830,SERVO_OUTPUT_RAW,0,0,0,0,0,0,0,0,1000,1000,1000,1000,0,0,0,0,0
2025-12-15 00:58:33.998,SERVO_OUTPUT_RAW,1469209814,SERVO_OUTPUT_RAW,0,0,0,0,0,0,0,0,1000,1000,1000,1000,0,0,0,0,0
2025-12-15 00:58:34.098,SERVO_OUTPUT_RAW,1469309831,SERVO_OUTPUT_RAW,0,0,0,0,0,0,0,0,1000,1000,1000,1000,0,0,0,0,0
2025-12-15 00:58:34.198,SERVO_OUTPUT_RAW,1469409847,SERVO_OUTPUT_RAW,0,0,0,0,0,0,0,0,1000,1000,1000,1000,0,0,0,0,0
2025-12-15 00:58:34.298,SERVO_OUTPUT_RAW,1469509779,SERVO_OUTPUT_RAW,0,0,0,0,0,0,0,0,1000,1000,1000,1000,0,0,0,0,0
2025-12-15 00:58:34.398,SERVO_OUTPUT_RAW,1469609789,SERVO_OUTPUT_RAW,0,0,0,0,0,0,0,0,1000,1000,1000,1000,0,0,0,0,0
2025-12-15 00:58:34.498,SERVO_OUTPUT_RAW,1469709851,SERVO_OUTPUT_RAW,0,0,0,0,0,0,0,0,1000,1000,1000,1000,0,0,0,0,0
2025-12-15 00:58:34.598,SERVO_OUTPUT_RAW,1469809810,SERVO_OUTPUT_RAW,0,0,0,0,0,0,0,0,1000,1000,1000,1000,0,0,0,0,0
2025-12-15 00:58:34.698,SERVO_OUTPUT_RAW,1469909802,SERVO_OUTPUT_RAW,0,0,0,0,0,0,0,0,1000,1000,1000,1000,0,0,0,0,0
2025-12-15 00:58:34.798,SERVO_OUTPUT_RAW,1470009794,SERVO_OUTPUT_RAW,0,0,0,0,0,0,0,0,1000,1000,1000,1000,0,0,0,0,0
2025-12-15 00:58:34.898,SERVO_OUTPUT_RAW,1470109797,SERVO_OUTPUT_RAW,0,0,0,0,0,0,0,0,1000,1000,1000,1000,0,0,0,0,0
2025-12-15 00:58:34.997,SERVO_OUTPUT_RAW,1470209784,SERVO_OUTPUT_RAW,0,0,0,0,0,0,0,0,1000,1000,1000,1000,0,0,0,0,0
2025-12-15 00:58:35.098,SERVO_OUTPUT_RAW,1470309790,SERVO_OUTPUT_RAW,0,0,0,0,0,0,0,0,1000,1000,1000,1000,0,0,0,0,0
2025-12-15 00:58:35.198,SERVO_OUTPUT_RAW,1470409811,SERVO_OUTPUT_RAW,0,0,0,0,0,0,0,0,1000,1000,1000,1000,0,0,0,0,0
2025-12-15 00:58:35.298,SERVO_OUTPUT_RAW,1470509840,SERVO_OUTPUT_RAW,0,0,0,0,0,0,0,0,1000,1000,1000,1000,0,0,0,0,0
2025-12-15 00:58:35.398,SERVO_OUTPUT_RAW,1470609852,SERVO_OUTPUT_RAW,0,0,0,0,0,0,0,0,1000,1000,1000,1000,0,0,0,0,0
2025-12-15 00:58:35.498,SERVO_OUTPUT_RAW,1470709796,SERVO_OUTPUT_RAW,0,0,0,0,0,0,0,0,1000,1000,1000,1000,0,0,0,0,0
2025-12-15 00:58:35.598,SERVO_OUTPUT_RAW,1470809832,SERVO_OUTPUT_RAW,0,0,0,0,0,0,0,0,1000,1000,1000,1000,0,0,0,0,0
2025-12-15 00:58:35.698,SERVO_OUTPUT_RAW,1470912093,SERVO_OUTPUT_RAW,0,0,0,0,0,0,0,0,1000,1000,1000,1000,0,0,0,0,0
2025-12-15 00:58:35.798,SERVO_OUTPUT_RAW,1471009850,SERVO_OUTPUT_RAW,0,0,0,0,0,0,0,0,1000,1000,1000,1000,0,0,0,0,0
2025-12-15 00:58:35.898,SERVO_OUTPUT_RAW,1471109789,SERVO_OUTPUT_RAW,0,0,0,0,0,0,0,0,1000,1000,1000,1000,0,0,0,0,0
2025-12-15 00:58:35.998,SERVO_OUTPUT_RAW,1471209813,SERVO_OUTPUT_RAW,0,0,0,0,0,0,0,0,1000,1000,1000,1000,0,0,0,0,0
2025-12-15 00:58:36.098,SERVO_OUTPUT_RAW,1471309822,SERVO_OUTPUT_RAW,0,0,0,0,0,0,0,0,1000,1000,1000,1000,0,0,0,0,0
2025-12-15 00:58:36.198,SERVO_OUTPUT_RAW,1471409784,SERVO_OUTPUT_RAW,0,0,0,0,0,0,0,0,1000,1000,1000,1000,0,0,0,0,0
2025-12-15 00:58:36.298,SERVO_OUTPUT_RAW,1471509817,SERVO_OUTPUT_RAW,0,0,0,0,0,0,0,0,1000,1000,1000,1000,0,0,0,0,0
2025-12-15 00:58:36.398,SERVO_OUTPUT_RAW,1471609802,SERVO_OUTPUT_RAW,0,0,0,0,0,0,0,0,1000,1000,1000,1000,0,0,0,0,0
2025-12-15 00:58:36.498,SERVO_OUTPUT_RAW,1471709803,SERVO_OUTPUT_RAW,0,0,0,0,0,0,0,0,1000,1000,1000,1000,0,0,0,0,0
2025-12-15 00:58:36.599,SERVO_OUTPUT_RAW,1471809801,SERVO_OUTPUT_RAW,0,0,0,0,0,0,0,0,1000,1000,1000,1000,0,0,0,0,0
2025-12-15 00:58:36.698,SERVO_OUTPUT_RAW,1471909790,SERVO_OUTPUT_RAW,0,0,0,0,0,0,0,0,1000,1000,1000,1000,0,0,0,0,0
2025-12-15 00:58:36.798,SERVO_OUTPUT_RAW,1472009828,SERVO_OUTPUT_RAW,0,0,0,0,0,0,0,0,1000,1000,1000,1000,0,0,0,0,0
2025-12-15 00:58:36.898,SERVO_OUTPUT_RAW,1472109853,SERVO_OUTPUT_RAW,0,0,0,0,0,0,0,0,1000,1000,1000,1000,0,0,0,0,0
2025-12-15 00:58:36.998,SERVO_OUTPUT_RAW,1472209795,SERVO_OUTPUT_RAW,0,0,0,0,0,0,0,0,1000,1000,1000,1000,0,0,0,0,0
2025-12-15 00:58:37.098,SERVO_OUTPUT_RAW,1472309791,SERVO_OUTPUT_RAW,0,0,0,0,0,0,0,0,1000,1000,1000,1000,0,0,0,0,0
2025-12-15 00:58:37.198,SERVO_OUTPUT_RAW,1472409820,SERVO_OUTPUT_RAW,0,0,0,0,0,0,0,0,1000,1000,1000,1000,0,0,0,0,0
2025-12-15 00:58:37.298,SERVO_OUTPUT_RAW,1472509833,SERVO_OUTPUT_RAW,0,0,0,0,0,0,0,0,1000,1000,1000,1000,0,0,0,0,0
2025-12-15 00:58:37.398,SERVO_OUTPUT_RAW,1472609887,SERVO_OUTPUT_RAW,0,0,0,0,0,0,0,0,1000,1000,1000,1000,0,0,0,0,0
2025-12-15 00:58:37.501,SERVO_OUTPUT_RAW,1472709788,SERVO_OUTPUT_RAW,0,0,0,0,0,0,0,0,1000,1000,1000,1000,0,0,0,0,0
2025-12-15 00:58:37.598,SERVO_OUTPUT_RAW,1472809817,SERVO_OUTPUT_RAW,0,0,0,0,0,0,0,0,1000,1000,1000,1000,0,0,0,0,0
2025-12-15 00:58:37.698,SERVO_OUTPUT_RAW,1472909823,SERVO_OUTPUT_RAW,0,0,0,0,0,0,0,0,1000,1000,1000,1000,0,0,0,0,0
2025-12-15 00:58:37.798,SERVO_OUTPUT_RAW,1473009881,SERVO_OUTPUT_RAW,0,0,0,0,0,0,0,0,1000,1000,1000,1000,0,0,0,0,0
2025-12-15 00:58:37.898,SERVO_OUTPUT_RAW,1473109795,SERVO_OUTPUT_RAW,0,0,0,0,0,0,0,0,1000,1000,1000,1000,0,0,0,0,0
2025-12-15 00:58:37.999,SERVO_OUTPUT_RAW,1473209798,SERVO_OUTPUT_RAW,0,0,0,0,0,0,0,0,1000,1000,1000,1000,0,0,0,0,0
2025-12-15 00:58:38.099,SERVO_OUTPUT_RAW,1473309781,SERVO_OUTPUT_RAW,0,0,0,0,0,0,0,0,1000,1000,1000,1000,0,0,0,0,0
2025-12-15 00:58:38.198,SERVO_OUTPUT_RAW,1473409786,SERVO_OUTPUT_RAW,0,0,0,0,0,0,0,0,1000,1000,1000,1000,0,0,0,0,0
2025-12-15 00:58:38.299,SERVO_OUTPUT_RAW,1473509813,SERVO_OUTPUT_RAW,0,0,0,0,0,0,0,0,1000,1000,1000,1000,0,0,0,0,0
2025-12-15 00:58:38.399,SERVO_OUTPUT_RAW,1473609832,SERVO_OUTPUT_RAW,0,0,0,0,0,0,0,0,1000,1000,1000,1000,0,0,0,0,0
2025-12-15 00:58:38.498,SERVO_OUTPUT_RAW,1473709834,SERVO_OUTPUT_RAW,0,0,0,0,0,0,0,0,1000,1000,1000,1000,0,0,0,0,0
2025-12-15 00:58:38.599,SERVO_OUTPUT_RAW,1473809777,SERVO_OUTPUT_RAW,0,0,0,0,0,0,0,0,1000,1000,1000,1000,0,0,0,0,0
2025-12-15 00:58:38.699,SERVO_OUTPUT_RAW,1473909807,SERVO_OUTPUT_RAW,0,0,0,0,0,0,0,0,1000,1000,1000,1000,0,0,0,0,0
2025-12-15 00:58:38.798,SERVO_OUTPUT_RAW,1474009842,SERVO_OUTPUT_RAW,0,0,0,0,0,0,0,0,1000,1000,1000,1000,0,0,0,0,0
2025-12-15 00:58:38.898,SERVO_OUTPUT_RAW,1474109856,SERVO_OUTPUT_RAW,0,0,0,0,0,0,0,0,1000,1000,1000,1000,0,0,0,0,0
2025-12-15 00:58:38.998,SERVO_OUTPUT_RAW,1474209801,SERVO_OUTPUT_RAW,0,0,0,0,0,0,0,0,1000,1000,1000,1000,0,0,0,0,0
2025-12-15 00:58:39.098,SERVO_OUTPUT_RAW,1474309795,SERVO_OUTPUT_RAW,0,0,0,0,0,0,0,0,1000,1000,1000,1000,0,0,0,0,0
2025-12-15 00:58:39.198,SERVO_OUTPUT_RAW,1474409829,SERVO_OUTPUT_RAW,0,0,0,0,0,0,0,0,1000,1000,1000,1000,0,0,0,0,0
2025-12-15 00:58:39.298,SERVO_OUTPUT_RAW,1474509825,SERVO_OUTPUT_RAW,0,0,0,0,0,0,0,0,1000,1000,1000,1000,0,0,0,0,0
2025-12-15 00:58:39.398,SERVO_OUTPUT_RAW,1474609792,SERVO_OUTPUT_RAW,0,0,0,0,0,0,0,0,1000,1000,1000,1000,0,0,0,0,0
2025-12-15 00:58:39.499,SERVO_OUTPUT_RAW,1474709786,SERVO_OUTPUT_RAW,0,0,0,0,0,0,0,0,1000,1000,1000,1000,0,0,0,0,0
2025-12-15 00:58:39.599,SERVO_OUTPUT_RAW,1474809791,SERVO_OUTPUT_RAW,0,0,0,0,0,0,0,0,1000,1000,1000,1000,0,0,0,0,0
2025-12-15 00:58:39.698,SERVO_OUTPUT_RAW,1474909788,SERVO_OUTPUT_RAW,0,0,0,0,0,0,0,0,1000,1000,1000,1000,0,0,0,0,0
2025-12-15 00:58:39.798,SERVO_OUTPUT_RAW,1475009787,SERVO_OUTPUT_RAW,0,0,0,0,0,0,0,0,1000,1000,1000,1000,0,0,0,0,0
2025-12-15 00:58:39.900,SERVO_OUTPUT_RAW,1475112194,SERVO_OUTPUT_RAW,0,0,0,0,0,0,0,0,1000,1000,1000,1000,0,0,0,0,0
2025-12-15 00:58:39.999,SERVO_OUTPUT_RAW,1475209787,SERVO_OUTPUT_RAW,0,0,0,0,0,0,0,0,1000,1000,1000,1000,0,0,0,0,0
2025-12-15 00:58:40.098,SERVO_OUTPUT_RAW,1475312141,SERVO_OUTPUT_RAW,0,0,0,0,0,0,0,0,1000,1000,1000,1000,0,0,0,0,0
2025-12-15 00:58:40.198,SERVO_OUTPUT_RAW,1475409783,SERVO_OUTPUT_RAW,0,0,0,0,0,0,0,0,1000,1000,1000,1000,0,0,0,0,0
2025-12-15 00:58:40.298,SERVO_OUTPUT_RAW,1475509828,SERVO_OUTPUT_RAW,0,0,0,0,0,0,0,0,1000,1000,1000,1000,0,0,0,0,0
2025-12-15 00:58:40.399,SERVO_OUTPUT_RAW,1475609849,SERVO_OUTPUT_RAW,0,0,0,0,0,0,0,0,1000,1000,1000,1000,0,0,0,0,0
2025-12-15 00:58:40.499,SERVO_OUTPUT_RAW,1475709769,SERVO_OUTPUT_RAW,0,0,0,0,0,0,0,0,1000,1000,1000,1000,0,0,0,0,0
2025-12-15 00:58:40.599,SERVO_OUTPUT_RAW,1475809783,SERVO_OUTPUT_RAW,0,0,0,0,0,0,0,0,1000,1000,1000,1000,0,0,0,0,0
2025-12-15 00:58:40.699,SERVO_OUTPUT_RAW,1475909814,SERVO_OUTPUT_RAW,0,0,0,0,0,0,0,0,1000,1000,1000,1000,0,0,0,0,0
2025-12-15 00:58:40.799,SERVO_OUTPUT_RAW,1476009816,SERVO_OUTPUT_RAW,0,0,0,0,0,0,0,0,1000,1000,1000,1000,0,0,0,0,0
2025-12-15 00:58:40.899,SERVO_OUTPUT_RAW,1476109810,SERVO_OUTPUT_RAW,0,0,0,0,0,0,0,0,1000,1000,1000,1000,0,0,0,0,0
2025-12-15 00:58:40.999,SERVO_OUTPUT_RAW,1476209806,SERVO_OUTPUT_RAW,0,0,0,0,0,0,0,0,1000,1000,1000,1000,0,0,0,0,0
2025-12-15 00:58:41.099,SERVO_OUTPUT_RAW,1476309783,SERVO_OUTPUT_RAW,0,0,0,0,0,0,0,0,1000,1000,1000,1000,0,0,0,0,0
2025-12-15 00:58:41.199,SERVO_OUTPUT_RAW,1476409780,SERVO_OUTPUT_RAW,0,0,0,0,0,0,0,0,1000,1000,1000,1000,0,0,0,0,0
2025-12-15 00:58:41.299,SERVO_OUTPUT_RAW,1476509798,SERVO_OUTPUT_RAW,0,0,0,0,0,0,0,0,1000,1000,1000,1000,0,0,0,0,0
2025-12-15 00:58:41.398,SERVO_OUTPUT_RAW,1476609795,SERVO_OUTPUT_RAW,0,0,0,0,0,0,0,0,1000,1000,1000,1000,0,0,0,0,0
2025-12-15 00:58:41.499,SERVO_OUTPUT_RAW,1476709823,SERVO_OUTPUT_RAW,0,0,0,0,0,0,0,0,1000,1000,1000,1000,0,0,0,0,0
2025-12-15 00:58:41.599,SERVO_OUTPUT_RAW,1476809837,SERVO_OUTPUT_RAW,0,0,0,0,0,0,0,0,1000,1000,1000,1000,0,0,0,0,0
2025-12-15 00:58:41.699,SERVO_OUTPUT_RAW,1476909806,SERVO_OUTPUT_RAW,0,0,0,0,0,0,0,0,1000,1000,1000,1000,0,0,0,0,0
2025-12-15 00:58:41.799,SERVO_OUTPUT_RAW,1477009793,SERVO_OUTPUT_RAW,0,0,0,0,0,0,0,0,1000,1000,1000,1000,0,0,0,0,0
2025-12-15 00:58:41.899,SERVO_OUTPUT_RAW,1477109845,SERVO_OUTPUT_RAW,0,0,0,0,0,0,0,0,1000,1000,1000,1000,0,0,0,0,0
2025-12-15 00:58:41.999,SERVO_OUTPUT_RAW,1477212072,SERVO_OUTPUT_RAW,0,0,0,0,0,0,0,0,1000,1000,1000,1000,0,0,0,0,0
2025-12-15 00:58:42.099,SERVO_OUTPUT_RAW,1477309782,SERVO_OUTPUT_RAW,0,0,0,0,0,0,0,0,1000,1000,1000,1000,0,0,0,0,0
2025-12-15 00:58:42.199,SERVO_OUTPUT_RAW,1477409798,SERVO_OUTPUT_RAW,0,0,0,0,0,0,0,0,1000,1000,1000,1000,0,0,0,0,0
2025-12-15 00:58:42.299,SERVO_OUTPUT_RAW,1477509821,SERVO_OUTPUT_RAW,0,0,0,0,0,0,0,0,1000,1000,1000,1000,0,0,0,0,0
2025-12-15 00:58:42.401,SERVO_OUTPUT_RAW,1477609826,SERVO_OUTPUT_RAW,0,0,0,0,0,0,0,0,1000,1000,1000,1000,0,0,0,0,0
2025-12-15 00:58:42.499,SERVO_OUTPUT_RAW,1477709779,SERVO_OUTPUT_RAW,0,0,0,0,0,0,0,0,1000,1000,1000,1000,0,0,0,0,0
2025-12-15 00:58:42.597,SERVO_OUTPUT_RAW,1477809798,SERVO_OUTPUT_RAW,0,0,0,0,0,0,0,0,1000,1000,1000,1000,0,0,0,0,0
2025-12-15 00:58:42.699,SERVO_OUTPUT_RAW,1477909784,SERVO_OUTPUT_RAW,0,0,0,0,0,0,0,0,1000,1000,1000,1000,0,0,0,0,0
2025-12-15 00:58:42.799,SERVO_OUTPUT_RAW,1478009789,SERVO_OUTPUT_RAW,0,0,0,0,0,0,0,0,1000,1000,1000,1000,0,0,0,0,0
2025-12-15 00:58:42.898,SERVO_OUTPUT_RAW,1478112113,SERVO_OUTPUT_RAW,0,0,0,0,0,0,0,0,1000,1000,1000,1000,0,0,0,0,0
2025-12-15 00:58:42.998,SERVO_OUTPUT_RAW,1478209804,SERVO_OUTPUT_RAW,0,0,0,0,0,0,0,0,1000,1000,1000,1000,0,0,0,0,0
2025-12-15 00:58:43.098,SERVO_OUTPUT_RAW,1478309838,SERVO_OUTPUT_RAW,0,0,0,0,0,0,0,0,1000,1000,1000,1000,0,0,0,0,0
2025-12-15 00:58:43.199,SERVO_OUTPUT_RAW,1478409859,SERVO_OUTPUT_RAW,0,0,0,0,0,0,0,0,1000,1000,1000,1000,0,0,0,0,0
2025-12-15 00:58:43.298,SERVO_OUTPUT_RAW,1478509868,SERVO_OUTPUT_RAW,0,0,0,0,0,0,0,0,1000,1000,1000,1000,0,0,0,0,0
2025-12-15 00:58:43.398,SERVO_OUTPUT_RAW,1478609872,SERVO_OUTPUT_RAW,0,0,0,0,0,0,0,0,1000,1000,1000,1000,0,0,0,0,0
2025-12-15 00:58:43.498,SERVO_OUTPUT_RAW,1478709835,SERVO_OUTPUT_RAW,0,0,0,0,0,0,0,0,1000,1000,1000,1000,0,0,0,0,0
2025-12-15 00:58:43.599,SERVO_OUTPUT_RAW,1478809841,SERVO_OUTPUT_RAW,0,0,0,0,0,0,0,0,1000,1000,1000,1000,0,0,0,0,0
2025-12-15 00:58:43.698,SERVO_OUTPUT_RAW,1478909828,SERVO_OUTPUT_RAW,0,0,0,0,0,0,0,0,1000,1000,1000,1000,0,0,0,0,0
2025-12-15 00:58:43.798,SERVO_OUTPUT_RAW,1479009796,SERVO_OUTPUT_RAW,0,0,0,0,0,0,0,0,1000,1000,1000,1000,0,0,0,0,0
2025-12-15 00:58:43.898,SERVO_OUTPUT_RAW,1479109823,SERVO_OUTPUT_RAW,0,0,0,0,0,0,0,0,1000,1000,1000,1000,0,0,0,0,0
2025-12-15 00:58:43.999,SERVO_OUTPUT_RAW,1479209779,SERVO_OUTPUT_RAW,0,0,0,0,0,0,0,0,1000,1000,1000,1000,0,0,0,0,0
2025-12-15 00:58:44.099,SERVO_OUTPUT_RAW,1479309875,SERVO_OUTPUT_RAW,0,0,0,0,0,0,0,0,1000,1000,1000,1000,0,0,0,0,0
2025-12-15 00:58:44.198,SERVO_OUTPUT_RAW,1479409795,SERVO_OUTPUT_RAW,0,0,0,0,0,0,0,0,1000,1000,1000,1000,0,0,0,0,0
2025-12-15 00:58:44.299,SERVO_OUTPUT_RAW,1479509780,SERVO_OUTPUT_RAW,0,0,0,0,0,0,0,0,1000,1000,1000,1000,0,0,0,0,0
2025-12-15 00:58:44.399,SERVO_OUTPUT_RAW,1479609791,SERVO_OUTPUT_RAW,0,0,0,0,0,0,0,0,1000,1000,1000,1000,0,0,0,0,0
2025-12-15 00:58:44.498,SERVO_OUTPUT_RAW,1479709788,SERVO_OUTPUT_RAW,0,0,0,0,0,0,0,0,1000,1000,1000,1000,0,0,0,0,0
2025-12-15 00:58:44.599,SERVO_OUTPUT_RAW,1479809833,SERVO_OUTPUT_RAW,0,0,0,0,0,0,0,0,1000,1000,1000,1000,0,0,0,0,0
2025-12-15 00:58:44.699,SERVO_OUTPUT_RAW,1479909835,SERVO_OUTPUT_RAW,0,0,0,0,0,0,0,0,1000,1000,1000,1000,0,0,0,0,0
2025-12-15 00:58:44.799,SERVO_OUTPUT_RAW,1480009818,SERVO_OUTPUT_RAW,0,0,0,0,0,0,0,0,1000,1000,1000,1000,0,0,0,0,0
2025-12-15 00:58:44.898,SERVO_OUTPUT_RAW,1480109783,SERVO_OUTPUT_RAW,0,0,0,0,0,0,0,0,1000,1000,1000,1000,0,0,0,0,0
2025-12-15 00:58:44.999,SERVO_OUTPUT_RAW,1480209818,SERVO_OUTPUT_RAW,0,0,0,0,0,0,0,0,1000,1000,1000,1000,0,0,0,0,0
2025-12-15 00:58:45.099,SERVO_OUTPUT_RAW,1480309844,SERVO_OUTPUT_RAW,0,0,0,0,0,0,0,0,1000,1000,1000,1000,0,0,0,0,0
2025-12-15 00:58:45.199,SERVO_OUTPUT_RAW,1480409846,SERVO_OUTPUT_RAW,0,0,0,0,0,0,0,0,1000,1000,1000,1000,0,0,0,0,0
2025-12-15 00:58:45.299,SERVO_OUTPUT_RAW,1480509796,SERVO_OUTPUT_RAW,0,0,0,0,0,0,0,0,1000,1000,1000,1000,0,0,0,0,0
2025-12-15 00:58:45.399,SERVO_OUTPUT_RAW,1480609819,SERVO_OUTPUT_RAW,0,0,0,0,0,0,0,0,1000,1000,1000,1000,0,0,0,0,0
2025-12-15 00:58:45.499,SERVO_OUTPUT_RAW,1480709829,SERVO_OUTPUT_RAW,0,0,0,0,0,0,0,0,1000,1000,1000,1000,0,0,0,0,0
2025-12-15 00:58:45.599,SERVO_OUTPUT_RAW,1480809790,SERVO_OUTPUT_RAW,0,0,0,0,0,0,0,0,1000,1000,1000,1000,0,0,0,0,0
2025-12-15 00:58:45.699,SERVO_OUTPUT_RAW,1480909795,SERVO_OUTPUT_RAW,0,0,0,0,0,0,0,0,1000,1000,1000,1000,0,0,0,0,0
2025-12-15 00:58:45.799,SERVO_OUTPUT_RAW,1481009827,SERVO_OUTPUT_RAW,0,0,0,0,0,0,0,0,1000,1000,1000,1000,0,0,0,0,0
2025-12-15 00:58:45.899,SERVO_OUTPUT_RAW,1481109788,SERVO_OUTPUT_RAW,0,0,0,0,0,0,0,0,1000,1000,1000,1000,0,0,0,0,0
2025-12-15 00:58:45.999,SERVO_OUTPUT_RAW,1481209783,SERVO_OUTPUT_RAW,0,0,0,0,0,0,0,0,1000,1000,1000,1000,0,0,0,0,0
2025-12-15 00:58:46.099,SERVO_OUTPUT_RAW,1481309826,SERVO_OUTPUT_RAW,0,0,0,0,0,0,0,0,1000,1000,1000,1000,0,0,0,0,0
2025-12-15 00:58:46.199,SERVO_OUTPUT_RAW,1481412136,SERVO_OUTPUT_RAW,0,0,0,0,0,0,0,0,1000,1000,1000,1000,0,0,0,0,0
2025-12-15 00:58:46.299,SERVO_OUTPUT_RAW,1481509841,SERVO_OUTPUT_RAW,0,0,0,0,0,0,0,0,1000,1000,1000,1000,0,0,0,0,0
2025-12-15 00:58:46.399,SERVO_OUTPUT_RAW,1481609817,SERVO_OUTPUT_RAW,0,0,0,0,0,0,0,0,1000,1000,1000,1000,0,0,0,0,0
2025-12-15 00:58:46.499,SERVO_OUTPUT_RAW,1481709799,SERVO_OUTPUT_RAW,0,0,0,0,0,0,0,0,1000,1000,1000,1000,0,0,0,0,0
2025-12-15 00:58:46.599,SERVO_OUTPUT_RAW,1481809835,SERVO_OUTPUT_RAW,0,0,0,0,0,0,0,0,1000,1000,1000,1000,0,0,0,0,0
2025-12-15 00:58:46.699,SERVO_OUTPUT_RAW,1481909852,SERVO_OUTPUT_RAW,0,0,0,0,0,0,0,0,1000,1000,1000,1000,0,0,0,0,0
2025-12-15 00:58:46.799,SERVO_OUTPUT_RAW,1482009851,SERVO_OUTPUT_RAW,0,0,0,0,0,0,0,0,1000,1000,1000,1000,0,0,0,0,0
2025-12-15 00:58:46.899,SERVO_OUTPUT_RAW,1482109801,SERVO_OUTPUT_RAW,0,0,0,0,0,0,0,0,1000,1000,1000,1000,0,0,0,0,0
2025-12-15 00:58:46.999,SERVO_OUTPUT_RAW,1482209825,SERVO_OUTPUT_RAW,0,0,0,0,0,0,0,0,1000,1000,1000,1000,0,0,0,0,0
2025-12-15 00:58:47.099,SERVO_OUTPUT_RAW,1482309827,SERVO_OUTPUT_RAW,0,0,0,0,0,0,0,0,1000,1000,1000,1000,0,0,0,0,0
2025-12-15 00:58:47.199,SERVO_OUTPUT_RAW,1482409778,SERVO_OUTPUT_RAW,0,0,0,0,0,0,0,0,1000,1000,1000,1000,0,0,0,0,0
2025-12-15 00:58:47.299,SERVO_OUTPUT_RAW,1482509801,SERVO_OUTPUT_RAW,0,0,0,0,0,0,0,0,1000,1000,1000,1000,0,0,0,0,0
2025-12-15 00:58:47.401,SERVO_OUTPUT_RAW,1482609786,SERVO_OUTPUT_RAW,0,0,0,0,0,0,0,0,1000,1000,1000,1000,0,0,0,0,0
2025-12-15 00:58:47.499,SERVO_OUTPUT_RAW,1482709780,SERVO_OUTPUT_RAW,0,0,0,0,0,0,0,0,1000,1000,1000,1000,0,0,0,0,0
2025-12-15 00:58:47.599,SERVO_OUTPUT_RAW,1482809782,SERVO_OUTPUT_RAW,0,0,0,0,0,0,0,0,1000,1000,1000,1000,0,0,0,0,0
2025-12-15 00:58:47.699,SERVO_OUTPUT_RAW,1482909838,SERVO_OUTPUT_RAW,0,0,0,0,0,0,0,0,1000,1000,1000,1000,0,0,0,0,0
2025-12-15 00:58:47.799,SERVO_OUTPUT_RAW,1483009833,SERVO_OUTPUT_RAW,0,0,0,0,0,0,0,0,1000,1000,1000,1000,0,0,0,0,0
2025-12-15 00:58:47.899,SERVO_OUTPUT_RAW,1483109809,SERVO_OUTPUT_RAW,0,0,0,0,0,0,0,0,1000,1000,1000,1000,0,0,0,0,0
2025-12-15 00:58:47.999,SERVO_OUTPUT_RAW,1483209788,SERVO_OUTPUT_RAW,0,0,0,0,0,0,0,0,1000,1000,1000,1000,0,0,0,0,0
2025-12-15 00:58:48.099,SERVO_OUTPUT_RAW,1483309822,SERVO_OUTPUT_RAW,0,0,0,0,0,0,0,0,1000,1000,1000,1000,0,0,0,0,0
2025-12-15 00:58:48.199,SERVO_OUTPUT_RAW,1483409854,SERVO_OUTPUT_RAW,0,0,0,0,0,0,0,0,1000,1000,1000,1000,0,0,0,0,0
2025-12-15 00:58:48.299,SERVO_OUTPUT_RAW,1483509907,SERVO_OUTPUT_RAW,0,0,0,0,0,0,0,0,1000,1000,1000,1000,0,0,0,0,0
2025-12-15 00:58:48.399,SERVO_OUTPUT_RAW,1483609785,SERVO_OUTPUT_RAW,0,0,0,0,0,0,0,0,1000,1000,1000,1000,0,0,0,0,0
2025-12-15 00:58:48.499,SERVO_OUTPUT_RAW,1483709805,SERVO_OUTPUT_RAW,0,0,0,0,0,0,0,0,1000,1000,1000,1000,0,0,0,0,0
2025-12-15 00:58:48.599,SERVO_OUTPUT_RAW,1483809820,SERVO_OUTPUT_RAW,0,0,0,0,0,0,0,0,1000,1000,1000,1000,0,0,0,0,0
2025-12-15 00:58:48.699,SERVO_OUTPUT_RAW,1483909830,SERVO_OUTPUT_RAW,0,0,0,0,0,0,0,0,1000,1000,1000,1000,0,0,0,0,0
2025-12-15 00:58:48.799,SERVO_OUTPUT_RAW,1484009807,SERVO_OUTPUT_RAW,0,0,0,0,0,0,0,0,1000,1000,1000,1000,0,0,0,0,0
2025-12-15 00:58:48.899,SERVO_OUTPUT_RAW,1484109789,SERVO_OUTPUT_RAW,0,0,0,0,0,0,0,0,1000,1000,1000,1000,0,0,0,0,0
2025-12-15 00:58:48.999,SERVO_OUTPUT_RAW,1484209799,SERVO_OUTPUT_RAW,0,0,0,0,0,0,0,0,1000,1000,1000,1000,0,0,0,0,0
2025-12-15 00:58:49.099,SERVO_OUTPUT_RAW,1484309803,SERVO_OUTPUT_RAW,0,0,0,0,0,0,0,0,1000,1000,1000,1000,0,0,0,0,0
2025-12-15 00:58:49.199,SERVO_OUTPUT_RAW,1484409803,SERVO_OUTPUT_RAW,0,0,0,0,0,0,0,0,1000,1000,1000,1000,0,0,0,0,0
2025-12-15 00:58:49.299,SERVO_OUTPUT_RAW,1484509841,SERVO_OUTPUT_RAW,0,0,0,0,0,0,0,0,1000,1000,1000,1000,0,0,0,0,0
2025-12-15 00:58:49.399,SERVO_OUTPUT_RAW,1484609828,SERVO_OUTPUT_RAW,0,0,0,0,0,0,0,0,1000,1000,1000,1000,0,0,0,0,0
2025-12-15 00:58:49.499,SERVO_OUTPUT_RAW,1484709799,SERVO_OUTPUT_RAW,0,0,0,0,0,0,0,0,1000,1000,1000,1000,0,0,0,0,0
2025-12-15 00:58:49.599,SERVO_OUTPUT_RAW,1484809796,SERVO_OUTPUT_RAW,0,0,0,0,0,0,0,0,1000,1000,1000,1000,0,0,0,0,0
2025-12-15 00:58:49.699,SERVO_OUTPUT_RAW,1484909809,SERVO_OUTPUT_RAW,0,0,0,0,0,0,0,0,1000,1000,1000,1000,0,0,0,0,0
2025-12-15 00:58:49.799,SERVO_OUTPUT_RAW,1485009846,SERVO_OUTPUT_RAW,0,0,0,0,0,0,0,0,1000,1000,1000,1000,0,0,0,0,0
2025-12-15 00:58:49.899,SERVO_OUTPUT_RAW,1485109809,SERVO_OUTPUT_RAW,0,0,0,0,0,0,0,0,1000,1000,1000,1000,0,0,0,0,0
2025-12-15 00:58:49.999,SERVO_OUTPUT_RAW,1485209815,SERVO_OUTPUT_RAW,0,0,0,0,0,0,0,0,1000,1000,1000,1000,0,0,0,0,0
2025-12-15 00:58:50.099,SERVO_OUTPUT_RAW,1485309829,SERVO_OUTPUT_RAW,0,0,0,0,0,0,0,0,1000,1000,1000,1000,0,0,0,0,0
2025-12-15 00:58:50.199,SERVO_OUTPUT_RAW,1485409814,SERVO_OUTPUT_RAW,0,0,0,0,0,0,0,0,1000,1000,1000,1000,0,0,0,0,0
2025-12-15 00:58:50.299,SERVO_OUTPUT_RAW,1485509801,SERVO_OUTPUT_RAW,0,0,0,0,0,0,0,0,1000,1000,1000,1000,0,0,0,0,0
2025-12-15 00:58:50.399,SERVO_OUTPUT_RAW,1485609877,SERVO_OUTPUT_RAW,0,0,0,0,0,0,0,0,1000,1000,1000,1000,0,0,0,0,0
2025-12-15 00:58:50.499,SERVO_OUTPUT_RAW,1485709790,SERVO_OUTPUT_RAW,0,0,0,0,0,0,0,0,1000,1000,1000,1000,0,0,0,0,0
2025-12-15 00:58:50.599,SERVO_OUTPUT_RAW,1485809785,SERVO_OUTPUT_RAW,0,0,0,0,0,0,0,0,1000,1000,1000,1000,0,0,0,0,0
2025-12-15 00:58:50.699,SERVO_OUTPUT_RAW,1485909792,SERVO_OUTPUT_RAW,0,0,0,0,0,0,0,0,1000,1000,1000,1000,0,0,0,0,0
2025-12-15 00:58:50.799,SERVO_OUTPUT_RAW,1486009811,SERVO_OUTPUT_RAW,0,0,0,0,0,0,0,0,1000,1000,1000,1000,0,0,0,0,0
2025-12-15 00:58:50.899,SERVO_OUTPUT_RAW,1486109846,SERVO_OUTPUT_RAW,0,0,0,0,0,0,0,0,1000,1000,1000,1000,0,0,0,0,0
2025-12-15 00:58:50.999,SERVO_OUTPUT_RAW,1486209857,SERVO_OUTPUT_RAW,0,0,0,0,0,0,0,0,1000,1000,1000,1000,0,0,0,0,0
2025-12-15 00:58:51.099,SERVO_OUTPUT_RAW,1486309791,SERVO_OUTPUT_RAW,0,0,0,0,0,0,0,0,1000,1000,1000,1000,0,0,0,0,0
2025-12-15 00:58:51.199,SERVO_OUTPUT_RAW,1486409815,SERVO_OUTPUT_RAW,0,0,0,0,0,0,0,0,1000,1000,1000,1000,0,0,0,0,0
2025-12-15 00:58:51.299,SERVO_OUTPUT_RAW,1486509846,SERVO_OUTPUT_RAW,0,0,0,0,0,0,0,0,1000,1000,1000,1000,0,0,0,0,0
2025-12-15 00:58:51.399,SERVO_OUTPUT_RAW,1486609841,SERVO_OUTPUT_RAW,0,0,0,0,0,0,0,0,1000,1000,1000,1000,0,0,0,0,0
2025-12-15 00:58:51.500,SERVO_OUTPUT_RAW,1486709785,SERVO_OUTPUT_RAW,0,0,0,0,0,0,0,0,1000,1000,1000,1000,0,0,0,0,0
2025-12-15 00:58:51.599,SERVO_OUTPUT_RAW,1486809811,SERVO_OUTPUT_RAW,0,0,0,0,0,0,0,0,1000,1000,1000,1000,0,0,0,0,0
2025-12-15 00:58:51.699,SERVO_OUTPUT_RAW,1486909818,SERVO_OUTPUT_RAW,0,0,0,0,0,0,0,0,1000,1000,1000,1000,0,0,0,0,0
2025-12-15 00:58:51.800,SERVO_OUTPUT_RAW,1487009831,SERVO_OUTPUT_RAW,0,0,0,0,0,0,0,0,1000,1000,1000,1000,0,0,0,0,0
2025-12-15 00:58:51.899,SERVO_OUTPUT_RAW,1487109776,SERVO_OUTPUT_RAW,0,0,0,0,0,0,0,0,1000,1000,1000,1000,0,0,0,0,0
2025-12-15 00:58:51.998,SERVO_OUTPUT_RAW,1487209787,SERVO_OUTPUT_RAW,0,0,0,0,0,0,0,0,1000,1000,1000,1000,0,0,0,0,0
2025-12-15 00:58:52.098,SERVO_OUTPUT_RAW,1487309785,SERVO_OUTPUT_RAW,0,0,0,0,0,0,0,0,1000,1000,1000,1000,0,0,0,0,0
2025-12-15 00:58:52.198,SERVO_OUTPUT_RAW,1487409779,SERVO_OUTPUT_RAW,0,0,0,0,0,0,0,0,1000,1000,1000,1000,0,0,0,0,0
2025-12-15 00:58:52.298,SERVO_OUTPUT_RAW,1487509806,SERVO_OUTPUT_RAW,0,0,0,0,0,0,0,0,1000,1000,1000,1000,0,0,0,0,0
2025-12-15 00:58:52.398,SERVO_OUTPUT_RAW,1487609827,SERVO_OUTPUT_RAW,0,0,0,0,0,0,0,0,1000,1000,1000,1000,0,0,0,0,0
2025-12-15 00:58:52.500,SERVO_OUTPUT_RAW,1487712149,SERVO_OUTPUT_RAW,0,0,0,0,0,0,0,0,1000,1000,1000,1000,0,0,0,0,0
2025-12-15 00:58:52.599,SERVO_OUTPUT_RAW,1487809807,SERVO_OUTPUT_RAW,0,0,0,0,0,0,0,0,1000,1000,1000,1000,0,0,0,0,0
2025-12-15 00:58:52.699,SERVO_OUTPUT_RAW,1487909803,SERVO_OUTPUT_RAW,0,0,0,0,0,0,0,0,1000,1000,1000,1000,0,0,0,0,0
2025-12-15 00:58:52.799,SERVO_OUTPUT_RAW,1488009816,SERVO_OUTPUT_RAW,0,0,0,0,0,0,0,0,1000,1000,1000,1000,0,0,0,0,0
2025-12-15 00:58:52.899,SERVO_OUTPUT_RAW,1488109848,SERVO_OUTPUT_RAW,0,0,0,0,0,0,0,0,1000,1000,1000,1000,0,0,0,0,0
2025-12-15 00:58:52.999,SERVO_OUTPUT_RAW,1488209822,SERVO_OUTPUT_RAW,0,0,0,0,0,0,0,0,1000,1000,1000,1000,0,0,0,0,0
2025-12-15 00:58:53.099,SERVO_OUTPUT_RAW,1488309793,SERVO_OUTPUT_RAW,0,0,0,0,0,0,0,0,1000,1000,1000,1000,0,0,0,0,0
2025-12-15 00:58:53.199,SERVO_OUTPUT_RAW,1488409806,SERVO_OUTPUT_RAW,0,0,0,0,0,0,0,0,1000,1000,1000,1000,0,0,0,0,0
2025-12-15 00:58:53.299,SERVO_OUTPUT_RAW,1488509812,SERVO_OUTPUT_RAW,0,0,0,0,0,0,0,0,1000,1000,1000,1000,0,0,0,0,0
2025-12-15 00:58:53.399,SERVO_OUTPUT_RAW,1488609782,SERVO_OUTPUT_RAW,0,0,0,0,0,0,0,0,1000,1000,1000,1000,0,0,0,0,0
2025-12-15 00:58:53.499,SERVO_OUTPUT_RAW,1488709775,SERVO_OUTPUT_RAW,0,0,0,0,0,0,0,0,1000,1000,1000,1000,0,0,0,0,0
2025-12-15 00:58:53.599,SERVO_OUTPUT_RAW,1488809811,SERVO_OUTPUT_RAW,0,0,0,0,0,0,0,0,1000,1000,1000,1000,0,0,0,0,0
2025-12-15 00:58:53.699,SERVO_OUTPUT_RAW,1488909789,SERVO_OUTPUT_RAW,0,0,0,0,0,0,0,0,1000,1000,1000,1000,0,0,0,0,0
2025-12-15 00:58:53.798,SERVO_OUTPUT_RAW,1489009792,SERVO_OUTPUT_RAW,0,0,0,0,0,0,0,0,1000,1000,1000,1000,0,0,0,0,0
2025-12-15 00:58:53.898,SERVO_OUTPUT_RAW,1489109809,SERVO_OUTPUT_RAW,0,0,0,0,0,0,0,0,1000,1000,1000,1000,0,0,0,0,0
2025-12-15 00:58:53.999,SERVO_OUTPUT_RAW,1489209825,SERVO_OUTPUT_RAW,0,0,0,0,0,0,0,0,1000,1000,1000,1000,0,0,0,0,0
2025-12-15 00:58:54.098,SERVO_OUTPUT_RAW,1489309812,SERVO_OUTPUT_RAW,0,0,0,0,0,0,0,0,1000,1000,1000,1000,0,0,0,0,0
2025-12-15 00:58:54.198,SERVO_OUTPUT_RAW,1489409810,SERVO_OUTPUT_RAW,0,0,0,0,0,0,0,0,1000,1000,1000,1000,0,0,0,0,0
2025-12-15 00:58:54.299,SERVO_OUTPUT_RAW,1489509797,SERVO_OUTPUT_RAW,0,0,0,0,0,0,0,0,1000,1000,1000,1000,0,0,0,0,0
2025-12-15 00:58:54.399,SERVO_OUTPUT_RAW,1489609837,SERVO_OUTPUT_RAW,0,0,0,0,0,0,0,0,1000,1000,1000,1000,0,0,0,0,0
2025-12-15 00:58:54.498,SERVO_OUTPUT_RAW,1489712080,SERVO_OUTPUT_RAW,0,0,0,0,0,0,0,0,1000,1000,1000,1000,0,0,0,0,0
2025-12-15 00:58:54.598,SERVO_OUTPUT_RAW,1489812027,SERVO_OUTPUT_RAW,0,0,0,0,0,0,0,0,1000,1000,1000,1000,0,0,0,0,0
2025-12-15 00:58:54.698,SERVO_OUTPUT_RAW,1489909790,SERVO_OUTPUT_RAW,0,0,0,0,0,0,0,0,1000,1000,1000,1000,0,0,0,0,0
2025-12-15 00:58:54.799,SERVO_OUTPUT_RAW,1490009837,SERVO_OUTPUT_RAW,0,0,0,0,0,0,0,0,1000,1000,1000,1000,0,0,0,0,0
2025-12-15 00:58:54.900,SERVO_OUTPUT_RAW,1490109811,SERVO_OUTPUT_RAW,0,0,0,0,0,0,0,0,1000,1000,1000,1000,0,0,0,0,0
2025-12-15 00:58:54.998,SERVO_OUTPUT_RAW,1490209787,SERVO_OUTPUT_RAW,0,0,0,0,0,0,0,0,1000,1000,1000,1000,0,0,0,0,0
2025-12-15 00:58:55.099,SERVO_OUTPUT_RAW,1490309785,SERVO_OUTPUT_RAW,0,0,0,0,0,0,0,0,1000,1000,1000,1000,0,0,0,0,0
2025-12-15 00:58:55.199,SERVO_OUTPUT_RAW,1490409786,SERVO_OUTPUT_RAW,0,0,0,0,0,0,0,0,1000,1000,1000,1000,0,0,0,0,0
2025-12-15 00:58:55.299,SERVO_OUTPUT_RAW,1490509788,SERVO_OUTPUT_RAW,0,0,0,0,0,0,0,0,1000,1000,1000,1000,0,0,0,0,0
2025-12-15 00:58:55.399,SERVO_OUTPUT_RAW,1490609811,SERVO_OUTPUT_RAW,0,0,0,0,0,0,0,0,1000,1000,1000,1000,0,0,0,0,0
2025-12-15 00:58:55.499,SERVO_OUTPUT_RAW,1490709828,SERVO_OUTPUT_RAW,0,0,0,0,0,0,0,0,1000,1000,1000,1000,0,0,0,0,0
2025-12-15 00:58:55.599,SERVO_OUTPUT_RAW,1490809828,SERVO_OUTPUT_RAW,0,0,0,0,0,0,0,0,1000,1000,1000,1000,0,0,0,0,0
2025-12-15 00:58:55.699,SERVO_OUTPUT_RAW,1490909855,SERVO_OUTPUT_RAW,0,0,0,0,0,0,0,0,1000,1000,1000,1000,0,0,0,0,0
2025-12-15 00:58:55.799,SERVO_OUTPUT_RAW,1491009787,SERVO_OUTPUT_RAW,0,0,0,0,0,0,0,0,1000,1000,1000,1000,0,0,0,0,0
2025-12-15 00:58:55.899,SERVO_OUTPUT_RAW,1491109810,SERVO_OUTPUT_RAW,0,0,0,0,0,0,0,0,1000,1000,1000,1000,0,0,0,0,0
2025-12-15 00:58:55.999,SERVO_OUTPUT_RAW,1491209833,SERVO_OUTPUT_RAW,0,0,0,0,0,0,0,0,1000,1000,1000,1000,0,0,0,0,0
2025-12-15 00:58:56.099,SERVO_OUTPUT_RAW,1491309776,SERVO_OUTPUT_RAW,0,0,0,0,0,0,0,0,1000,1000,1000,1000,0,0,0,0,0
2025-12-15 00:58:56.199,SERVO_OUTPUT_RAW,1491409790,SERVO_OUTPUT_RAW,0,0,0,0,0,0,0,0,1000,1000,1000,1000,0,0,0,0,0
2025-12-15 00:58:56.299,SERVO_OUTPUT_RAW,1491509820,SERVO_OUTPUT_RAW,0,0,0,0,0,0,0,0,1000,1000,1000,1000,0,0,0,0,0
2025-12-15 00:58:56.399,SERVO_OUTPUT_RAW,1491609804,SERVO_OUTPUT_RAW,0,0,0,0,0,0,0,0,1000,1000,1000,1000,0,0,0,0,0
2025-12-15 00:58:56.499,SERVO_OUTPUT_RAW,1491709780,SERVO_OUTPUT_RAW,0,0,0,0,0,0,0,0,1000,1000,1000,1000,0,0,0,0,0
2025-12-15 00:58:56.599,SERVO_OUTPUT_RAW,1491809785,SERVO_OUTPUT_RAW,0,0,0,0,0,0,0,0,1000,1000,1000,1000,0,0,0,0,0
2025-12-15 00:58:56.699,SERVO_OUTPUT_RAW,1491909855,SERVO_OUTPUT_RAW,0,0,0,0,0,0,0,0,1000,1000,1000,1000,0,0,0,0,0
2025-12-15 00:58:56.799,SERVO_OUTPUT_RAW,1492009812,SERVO_OUTPUT_RAW,0,0,0,0,0,0,0,0,1000,1000,1000,1000,0,0,0,0,0
2025-12-15 00:58:56.899,SERVO_OUTPUT_RAW,1492109791,SERVO_OUTPUT_RAW,0,0,0,0,0,0,0,0,1000,1000,1000,1000,0,0,0,0,0
2025-12-15 00:58:56.999,SERVO_OUTPUT_RAW,1492209794,SERVO_OUTPUT_RAW,0,0,0,0,0,0,0,0,1000,1000,1000,1000,0,0,0,0,0
2025-12-15 00:58:57.099,SERVO_OUTPUT_RAW,1492309839,SERVO_OUTPUT_RAW,0,0,0,0,0,0,0,0,1000,1000,1000,1000,0,0,0,0,0
2025-12-15 00:58:57.199,SERVO_OUTPUT_RAW,1492409871,SERVO_OUTPUT_RAW,0,0,0,0,0,0,0,0,1000,1000,1000,1000,0,0,0,0,0
2025-12-15 00:58:57.299,SERVO_OUTPUT_RAW,1492509781,SERVO_OUTPUT_RAW,0,0,0,0,0,0,0,0,1000,1000,1000,1000,0,0,0,0,0
2025-12-15 00:58:57.401,SERVO_OUTPUT_RAW,1492609890,SERVO_OUTPUT_RAW,0,0,0,0,0,0,0,0,1000,1000,1000,1000,0,0,0,0,0
2025-12-15 00:58:57.499,SERVO_OUTPUT_RAW,1492709815,SERVO_OUTPUT_RAW,0,0,0,0,0,0,0,0,1000,1000,1000,1000,0,0,0,0,0
2025-12-15 00:58:57.598,SERVO_OUTPUT_RAW,1492809833,SERVO_OUTPUT_RAW,0,0,0,0,0,0,0,0,1000,1000,1000,1000,0,0,0,0,0
2025-12-15 00:58:57.699,SERVO_OUTPUT_RAW,1492909810,SERVO_OUTPUT_RAW,0,0,0,0,0,0,0,0,1000,1000,1000,1000,0,0,0,0,0
2025-12-15 00:58:57.799,SERVO_OUTPUT_RAW,1493009785,SERVO_OUTPUT_RAW,0,0,0,0,0,0,0,0,1000,1000,1000,1000,0,0,0,0,0
2025-12-15 00:58:57.899,SERVO_OUTPUT_RAW,1493109827,SERVO_OUTPUT_RAW,0,0,0,0,0,0,0,0,1000,1000,1000,1000,0,0,0,0,0
2025-12-15 00:58:57.999,SERVO_OUTPUT_RAW,1493209818,SERVO_OUTPUT_RAW,0,0,0,0,0,0,0,0,1000,1000,1000,1000,0,0,0,0,0
2025-12-15 00:58:58.099,SERVO_OUTPUT_RAW,1493309802,SERVO_OUTPUT_RAW,0,0,0,0,0,0,0,0,1000,1000,1000,1000,0,0,0,0,0
2025-12-15 00:58:58.199,SERVO_OUTPUT_RAW,1493409799,SERVO_OUTPUT_RAW,0,0,0,0,0,0,0,0,1000,1000,1000,1000,0,0,0,0,0
2025-12-15 00:58:58.299,SERVO_OUTPUT_RAW,1493509788,SERVO_OUTPUT_RAW,0,0,0,0,0,0,0,0,1000,1000,1000,1000,0,0,0,0,0
2025-12-15 00:58:58.399,SERVO_OUTPUT_RAW,1493609800,SERVO_OUTPUT_RAW,0,0,0,0,0,0,0,0,1000,1000,1000,1000,0,0,0,0,0
2025-12-15 00:58:58.499,SERVO_OUTPUT_RAW,1493709797,SERVO_OUTPUT_RAW,0,0,0,0,0,0,0,0,1000,1000,1000,1000,0,0,0,0,0
2025-12-15 00:58:58.599,SERVO_OUTPUT_RAW,1493809795,SERVO_OUTPUT_RAW,0,0,0,0,0,0,0,0,1000,1000,1000,1000,0,0,0,0,0
2025-12-15 00:58:58.699,SERVO_OUTPUT_RAW,1493909841,SERVO_OUTPUT_RAW,0,0,0,0,0,0,0,0,1000,1000,1000,1000,0,0,0,0,0
2025-12-15 00:58:58.799,SERVO_OUTPUT_RAW,1494012140,SERVO_OUTPUT_RAW,0,0,0,0,0,0,0,0,1000,1000,1000,1000,0,0,0,0,0
2025-12-15 00:58:58.899,SERVO_OUTPUT_RAW,1494109813,SERVO_OUTPUT_RAW,0,0,0,0,0,0,0,0,1000,1000,1000,1000,0,0,0,0,0
2025-12-15 00:58:58.999,SERVO_OUTPUT_RAW,1494209920,SERVO_OUTPUT_RAW,0,0,0,0,0,0,0,0,1000,1000,1000,1000,0,0,0,0,0
2025-12-15 00:58:59.099,SERVO_OUTPUT_RAW,1494309842,SERVO_OUTPUT_RAW,0,0,0,0,0,0,0,0,1000,1000,1000,1000,0,0,0,0,0
2025-12-15 00:58:59.199,SERVO_OUTPUT_RAW,1494409853,SERVO_OUTPUT_RAW,0,0,0,0,0,0,0,0,1000,1000,1000,1000,0,0,0,0,0
2025-12-15 00:58:59.299,SERVO_OUTPUT_RAW,1494509785,SERVO_OUTPUT_RAW,0,0,0,0,0,0,0,0,1000,1000,1000,1000,0,0,0,0,0
2025-12-15 00:58:59.399,SERVO_OUTPUT_RAW,1494609797,SERVO_OUTPUT_RAW,0,0,0,0,0,0,0,0,1000,1000,1000,1000,0,0,0,0,0
2025-12-15 00:58:59.499,SERVO_OUTPUT_RAW,1494709809,SERVO_OUTPUT_RAW,0,0,0,0,0,0,0,0,1000,1000,1000,1000,0,0,0,0,0
2025-12-15 00:58:59.599,SERVO_OUTPUT_RAW,1494809809,SERVO_OUTPUT_RAW,0,0,0,0,0,0,0,0,1000,1000,1000,1000,0,0,0,0,0
2025-12-15 00:58:59.699,SERVO_OUTPUT_RAW,1494909799,SERVO_OUTPUT_RAW,0,0,0,0,0,0,0,0,1000,1000,1000,1000,0,0,0,0,0
2025-12-15 00:58:59.799,SERVO_OUTPUT_RAW,1495009778,SERVO_OUTPUT_RAW,0,0,0,0,0,0,0,0,1000,1000,1000,1000,0,0,0,0,0
2025-12-15 00:58:59.899,SERVO_OUTPUT_RAW,1495109805,SERVO_OUTPUT_RAW,0,0,0,0,0,0,0,0,1000,1000,1000,1000,0,0,0,0,0
2025-12-15 00:58:59.999,SERVO_OUTPUT_RAW,1495209791,SERVO_OUTPUT_RAW,0,0,0,0,0,0,0,0,1000,1000,1000,1000,0,0,0,0,0
2025-12-15 00:59:00.099,SERVO_OUTPUT_RAW,1495309799,SERVO_OUTPUT_RAW,0,0,0,0,0,0,0,0,1000,1000,1000,1000,0,0,0,0,0
2025-12-15 00:59:00.199,SERVO_OUTPUT_RAW,1495412149,SERVO_OUTPUT_RAW,0,0,0,0,0,0,0,0,1000,1000,1000,1000,0,0,0,0,0
2025-12-15 00:59:00.299,SERVO_OUTPUT_RAW,1495509863,SERVO_OUTPUT_RAW,0,0,0,0,0,0,0,0,1000,1000,1000,1000,0,0,0,0,0
2025-12-15 00:59:00.399,SERVO_OUTPUT_RAW,1495609859,SERVO_OUTPUT_RAW,0,0,0,0,0,0,0,0,1000,1000,1000,1000,0,0,0,0,0
2025-12-15 00:59:00.499,SERVO_OUTPUT_RAW,1495709787,SERVO_OUTPUT_RAW,0,0,0,0,0,0,0,0,1000,1000,1000,1000,0,0,0,0,0
2025-12-15 00:59:00.599,SERVO_OUTPUT_RAW,1495809839,SERVO_OUTPUT_RAW,0,0,0,0,0,0,0,0,1000,1000,1000,1000,0,0,0,0,0
2025-12-15 00:59:00.699,SERVO_OUTPUT_RAW,1495909869,SERVO_OUTPUT_RAW,0,0,0,0,0,0,0,0,1000,1000,1000,1000,0,0,0,0,0
2025-12-15 00:59:00.799,SERVO_OUTPUT_RAW,1496009851,SERVO_OUTPUT_RAW,0,0,0,0,0,0,0,0,1000,1000,1000,1000,0,0,0,0,0
2025-12-15 00:59:00.899,SERVO_OUTPUT_RAW,1496109905,SERVO_OUTPUT_RAW,0,0,0,0,0,0,0,0,1000,1000,1000,1000,0,0,0,0,0
2025-12-15 00:59:00.999,SERVO_OUTPUT_RAW,1496209803,SERVO_OUTPUT_RAW,0,0,0,0,0,0,0,0,1000,1000,1000,1000,0,0,0,0,0
2025-12-15 00:59:01.099,SERVO_OUTPUT_RAW,1496309807,SERVO_OUTPUT_RAW,0,0,0,0,0,0,0,0,1000,1000,1000,1000,0,0,0,0,0
2025-12-15 00:59:01.199,SERVO_OUTPUT_RAW,1496409792,SERVO_OUTPUT_RAW,0,0,0,0,0,0,0,0,1000,1000,1000,1000,0,0,0,0,0
2025-12-15 00:59:01.299,SERVO_OUTPUT_RAW,1496509791,SERVO_OUTPUT_RAW,0,0,0,0,0,0,0,0,1000,1000,1000,1000,0,0,0,0,0
2025-12-15 00:59:01.400,SERVO_OUTPUT_RAW,1496609784,SERVO_OUTPUT_RAW,0,0,0,0,0,0,0,0,1000,1000,1000,1000,0,0,0,0,0
2025-12-15 00:59:01.499,SERVO_OUTPUT_RAW,1496709788,SERVO_OUTPUT_RAW,0,0,0,0,0,0,0,0,1000,1000,1000,1000,0,0,0,0,0
2025-12-15 00:59:01.598,SERVO_OUTPUT_RAW,1496809789,SERVO_OUTPUT_RAW,0,0,0,0,0,0,0,0,1000,1000,1000,1000,0,0,0,0,0
2025-12-15 00:59:01.698,SERVO_OUTPUT_RAW,1496909816,SERVO_OUTPUT_RAW,0,0,0,0,0,0,0,0,1000,1000,1000,1000,0,0,0,0,0
2025-12-15 00:59:01.798,SERVO_OUTPUT_RAW,1497012138,SERVO_OUTPUT_RAW,0,0,0,0,0,0,0,0,1000,1000,1000,1000,0,0,0,0,0
2025-12-15 00:59:01.898,SERVO_OUTPUT_RAW,1497109823,SERVO_OUTPUT_RAW,0,0,0,0,0,0,0,0,1000,1000,1000,1000,0,0,0,0,0
2025-12-15 00:59:01.998,SERVO_OUTPUT_RAW,1497209808,SERVO_OUTPUT_RAW,0,0,0,0,0,0,0,0,1000,1000,1000,1000,0,0,0,0,0
2025-12-15 00:59:02.098,SERVO_OUTPUT_RAW,1497309801,SERVO_OUTPUT_RAW,0,0,0,0,0,0,0,0,1000,1000,1000,1000,0,0,0,0,0
2025-12-15 00:59:02.199,SERVO_OUTPUT_RAW,1497409828,SERVO_OUTPUT_RAW,0,0,0,0,0,0,0,0,1000,1000,1000,1000,0,0,0,0,0
2025-12-15 00:59:02.299,SERVO_OUTPUT_RAW,1497509849,SERVO_OUTPUT_RAW,0,0,0,0,0,0,0,0,1000,1000,1000,1000,0,0,0,0,0
2025-12-15 00:59:02.399,SERVO_OUTPUT_RAW,1497609817,SERVO_OUTPUT_RAW,0,0,0,0,0,0,0,0,1000,1000,1000,1000,0,0,0,0,0
2025-12-15 00:59:02.498,SERVO_OUTPUT_RAW,1497709784,SERVO_OUTPUT_RAW,0,0,0,0,0,0,0,0,1000,1000,1000,1000,0,0,0,0,0
2025-12-15 00:59:02.598,SERVO_OUTPUT_RAW,1497809833,SERVO_OUTPUT_RAW,0,0,0,0,0,0,0,0,1000,1000,1000,1000,0,0,0,0,0
2025-12-15 00:59:02.698,SERVO_OUTPUT_RAW,1497909815,SERVO_OUTPUT_RAW,0,0,0,0,0,0,0,0,1000,1000,1000,1000,0,0,0,0,0
2025-12-15 00:59:02.798,SERVO_OUTPUT_RAW,1498009788,SERVO_OUTPUT_RAW,0,0,0,0,0,0,0,0,1000,1000,1000,1000,0,0,0,0,0
2025-12-15 00:59:02.899,SERVO_OUTPUT_RAW,1498109784,SERVO_OUTPUT_RAW,0,0,0,0,0,0,0,0,1000,1000,1000,1000,0,0,0,0,0
2025-12-15 00:59:02.999,SERVO_OUTPUT_RAW,1498209848,SERVO_OUTPUT_RAW,0,0,0,0,0,0,0,0,1000,1000,1000,1000,0,0,0,0,0
2025-12-15 00:59:03.099,SERVO_OUTPUT_RAW,1498309786,SERVO_OUTPUT_RAW,0,0,0,0,0,0,0,0,1000,1000,1000,1000,0,0,0,0,0
2025-12-15 00:59:03.199,SERVO_OUTPUT_RAW,1498412115,SERVO_OUTPUT_RAW,0,0,0,0,0,0,0,0,1000,1000,1000,1000,0,0,0,0,0
2025-12-15 00:59:03.299,SERVO_OUTPUT_RAW,1498509819,SERVO_OUTPUT_RAW,0,0,0,0,0,0,0,0,1000,1000,1000,1000,0,0,0,0,0
2025-12-15 00:59:03.399,SERVO_OUTPUT_RAW,1498609840,SERVO_OUTPUT_RAW,0,0,0,0,0,0,0,0,1000,1000,1000,1000,0,0,0,0,0
2025-12-15 00:59:03.499,SERVO_OUTPUT_RAW,1498712141,SERVO_OUTPUT_RAW,0,0,0,0,0,0,0,0,1000,1000,1000,1000,0,0,0,0,0
2025-12-15 00:59:03.599,SERVO_OUTPUT_RAW,1498809806,SERVO_OUTPUT_RAW,0,0,0,0,0,0,0,0,1000,1000,1000,1000,0,0,0,0,0
2025-12-15 00:59:03.699,SERVO_OUTPUT_RAW,1498909806,SERVO_OUTPUT_RAW,0,0,0,0,0,0,0,0,1000,1000,1000,1000,0,0,0,0,0
2025-12-15 00:59:03.799,SERVO_OUTPUT_RAW,1499009833,SERVO_OUTPUT_RAW,0,0,0,0,0,0,0,0,1000,1000,1000,1000,0,0,0,0,0
2025-12-15 00:59:03.899,SERVO_OUTPUT_RAW,1499109837,SERVO_OUTPUT_RAW,0,0,0,0,0,0,0,0,1000,1000,1000,1000,0,0,0,0,0
2025-12-15 00:59:03.999,SERVO_OUTPUT_RAW,1499209777,SERVO_OUTPUT_RAW,0,0,0,0,0,0,0,0,1000,1000,1000,1000,0,0,0,0,0
2025-12-15 00:59:04.099,SERVO_OUTPUT_RAW,1499309797,SERVO_OUTPUT_RAW,0,0,0,0,0,0,0,0,1000,1000,1000,1000,0,0,0,0,0
2025-12-15 00:59:04.199,SERVO_OUTPUT_RAW,1499409831,SERVO_OUTPUT_RAW,0,0,0,0,0,0,0,0,1000,1000,1000,1000,0,0,0,0,0
2025-12-15 00:59:04.299,SERVO_OUTPUT_RAW,1499509774,SERVO_OUTPUT_RAW,0,0,0,0,0,0,0,0,1000,1000,1000,1000,0,0,0,0,0
2025-12-15 00:59:04.399,SERVO_OUTPUT_RAW,1499609796,SERVO_OUTPUT_RAW,0,0,0,0,0,0,0,0,1000,1000,1000,1000,0,0,0,0,0
2025-12-15 00:59:04.499,SERVO_OUTPUT_RAW,1499709796,SERVO_OUTPUT_RAW,0,0,0,0,0,0,0,0,1000,1000,1000,1000,0,0,0,0,0
2025-12-15 00:59:04.599,SERVO_OUTPUT_RAW,1499809787,SERVO_OUTPUT_RAW,0,0,0,0,0,0,0,0,1000,1000,1000,1000,0,0,0,0,0
2025-12-15 00:59:04.699,SERVO_OUTPUT_RAW,1499909802,SERVO_OUTPUT_RAW,0,0,0,0,0,0,0,0,1000,1000,1000,1000,0,0,0,0,0
2025-12-15 00:59:04.799,SERVO_OUTPUT_RAW,1500009792,SERVO_OUTPUT_RAW,0,0,0,0,0,0,0,0,1000,1000,1000,1000,0,0,0,0,0
2025-12-15 00:59:04.899,SERVO_OUTPUT_RAW,1500109827,SERVO_OUTPUT_RAW,0,0,0,0,0,0,0,0,1000,1000,1000,1000,0,0,0,0,0
2025-12-15 00:59:04.999,SERVO_OUTPUT_RAW,1500209797,SERVO_OUTPUT_RAW,0,0,0,0,0,0,0,0,1000,1000,1000,1000,0,0,0,0,0
2025-12-15 00:59:05.099,SERVO_OUTPUT_RAW,1500312129,SERVO_OUTPUT_RAW,0,0,0,0,0,0,0,0,1000,1000,1000,1000,0,0,0,0,0
2025-12-15 00:59:05.199,SERVO_OUTPUT_RAW,1500409820,SERVO_OUTPUT_RAW,0,0,0,0,0,0,0,0,1000,1000,1000,1000,0,0,0,0,0
2025-12-15 00:59:05.299,SERVO_OUTPUT_RAW,1500509826,SERVO_OUTPUT_RAW,0,0,0,0,0,0,0,0,1000,1000,1000,1000,0,0,0,0,0
2025-12-15 00:59:05.399,SERVO_OUTPUT_RAW,1500609838,SERVO_OUTPUT_RAW,0,0,0,0,0,0,0,0,1000,1000,1000,1000,0,0,0,0,0
2025-12-15 00:59:05.499,SERVO_OUTPUT_RAW,1500709851,SERVO_OUTPUT_RAW,0,0,0,0,0,0,0,0,1000,1000,1000,1000,0,0,0,0,0
2025-12-15 00:59:05.599,SERVO_OUTPUT_RAW,1500809783,SERVO_OUTPUT_RAW,0,0,0,0,0,0,0,0,1000,1000,1000,1000,0,0,0,0,0
2025-12-15 00:59:05.699,SERVO_OUTPUT_RAW,1500909821,SERVO_OUTPUT_RAW,0,0,0,0,0,0,0,0,1000,1000,1000,1000,0,0,0,0,0
2025-12-15 00:59:05.799,SERVO_OUTPUT_RAW,1501009822,SERVO_OUTPUT_RAW,0,0,0,0,0,0,0,0,1000,1000,1000,1000,0,0,0,0,0
2025-12-15 00:59:05.899,SERVO_OUTPUT_RAW,1501109789,SERVO_OUTPUT_RAW,0,0,0,0,0,0,0,0,1000,1000,1000,1000,0,0,0,0,0
2025-12-15 00:59:05.999,SERVO_OUTPUT_RAW,1501209784,SERVO_OUTPUT_RAW,0,0,0,0,0,0,0,0,1000,1000,1000,1000,0,0,0,0,0
2025-12-15 00:59:06.099,SERVO_OUTPUT_RAW,1501309811,SERVO_OUTPUT_RAW,0,0,0,0,0,0,0,0,1000,1000,1000,1000,0,0,0,0,0
2025-12-15 00:59:06.199,SERVO_OUTPUT_RAW,1501409799,SERVO_OUTPUT_RAW,0,0,0,0,0,0,0,0,1000,1000,1000,1000,0,0,0,0,0
2025-12-15 00:59:06.299,SERVO_OUTPUT_RAW,1501509779,SERVO_OUTPUT_RAW,0,0,0,0,0,0,0,0,1000,1000,1000,1000,0,0,0,0,0
2025-12-15 00:59:06.399,SERVO_OUTPUT_RAW,1501609806,SERVO_OUTPUT_RAW,0,0,0,0,0,0,0,0,1000,1000,1000,1000,0,0,0,0,0
2025-12-15 00:59:06.499,SERVO_OUTPUT_RAW,1501709835,SERVO_OUTPUT_RAW,0,0,0,0,0,0,0,0,1000,1000,1000,1000,0,0,0,0,0
2025-12-15 00:59:06.599,SERVO_OUTPUT_RAW,1501809865,SERVO_OUTPUT_RAW,0,0,0,0,0,0,0,0,1000,1000,1000,1000,0,0,0,0,0
2025-12-15 00:59:06.699,SERVO_OUTPUT_RAW,1501909807,SERVO_OUTPUT_RAW,0,0,0,0,0,0,0,0,1000,1000,1000,1000,0,0,0,0,0
2025-12-15 00:59:06.799,SERVO_OUTPUT_RAW,1502009813,SERVO_OUTPUT_RAW,0,0,0,0,0,0,0,0,1000,1000,1000,1000,0,0,0,0,0
2025-12-15 00:59:06.899,SERVO_OUTPUT_RAW,1502109844,SERVO_OUTPUT_RAW,0,0,0,0,0,0,0,0,1000,1000,1000,1000,0,0,0,0,0
2025-12-15 00:59:06.999,SERVO_OUTPUT_RAW,1502209843,SERVO_OUTPUT_RAW,0,0,0,0,0,0,0,0,1000,1000,1000,1000,0,0,0,0,0
2025-12-15 00:59:07.099,SERVO_OUTPUT_RAW,1502309919,SERVO_OUTPUT_RAW,0,0,0,0,0,0,0,0,1000,1000,1000,1000,0,0,0,0,0
2025-12-15 00:59:07.199,SERVO_OUTPUT_RAW,1502409927,SERVO_OUTPUT_RAW,0,0,0,0,0,0,0,0,1000,1000,1000,1000,0,0,0,0,0
2025-12-15 00:59:07.300,SERVO_OUTPUT_RAW,1502509808,SERVO_OUTPUT_RAW,0,0,0,0,0,0,0,0,1000,1000,1000,1000,0,0,0,0,0
2025-12-15 00:59:07.399,SERVO_OUTPUT_RAW,1502609818,SERVO_OUTPUT_RAW,0,0,0,0,0,0,0,0,1000,1000,1000,1000,0,0,0,0,0
2025-12-15 00:59:07.500,SERVO_OUTPUT_RAW,1502709790,SERVO_OUTPUT_RAW,0,0,0,0,0,0,0,0,1000,1000,1000,1000,0,0,0,0,0
2025-12-15 00:59:07.599,SERVO_OUTPUT_RAW,1502809780,SERVO_OUTPUT_RAW,0,0,0,0,0,0,0,0,1000,1000,1000,1000,0,0,0,0,0
2025-12-15 00:59:07.699,SERVO_OUTPUT_RAW,1502909790,SERVO_OUTPUT_RAW,0,0,0,0,0,0,0,0,1000,1000,1000,1000,0,0,0,0,0
2025-12-15 00:59:07.799,SERVO_OUTPUT_RAW,1503009790,SERVO_OUTPUT_RAW,0,0,0,0,0,0,0,0,1000,1000,1000,1000,0,0,0,0,0
2025-12-15 00:59:07.900,SERVO_OUTPUT_RAW,1503109784,SERVO_OUTPUT_RAW,0,0,0,0,0,0,0,0,1000,1000,1000,1000,0,0,0,0,0
2025-12-15 00:59:08.000,SERVO_OUTPUT_RAW,1503209830,SERVO_OUTPUT_RAW,0,0,0,0,0,0,0,0,1000,1000,1000,1000,0,0,0,0,0
2025-12-15 00:59:08.099,SERVO_OUTPUT_RAW,1503309800,SERVO_OUTPUT_RAW,0,0,0,0,0,0,0,0,1000,1000,1000,1000,0,0,0,0,0
2025-12-15 00:59:08.199,SERVO_OUTPUT_RAW,1503409831,SERVO_OUTPUT_RAW,0,0,0,0,0,0,0,0,1000,1000,1000,1000,0,0,0,0,0
2025-12-15 00:59:08.299,SERVO_OUTPUT_RAW,1503509783,SERVO_OUTPUT_RAW,0,0,0,0,0,0,0,0,1000,1000,1000,1000,0,0,0,0,0
2025-12-15 00:59:08.400,SERVO_OUTPUT_RAW,1503609827,SERVO_OUTPUT_RAW,0,0,0,0,0,0,0,0,1000,1000,1000,1000,0,0,0,0,0
2025-12-15 00:59:08.499,SERVO_OUTPUT_RAW,1503709847,SERVO_OUTPUT_RAW,0,0,0,0,0,0,0,0,1000,1000,1000,1000,0,0,0,0,0
2025-12-15 00:59:08.599,SERVO_OUTPUT_RAW,1503809844,SERVO_OUTPUT_RAW,0,0,0,0,0,0,0,0,1000,1000,1000,1000,0,0,0,0,0
2025-12-15 00:59:08.699,SERVO_OUTPUT_RAW,1503909785,SERVO_OUTPUT_RAW,0,0,0,0,0,0,0,0,1000,1000,1000,1000,0,0,0,0,0
2025-12-15 00:59:08.799,SERVO_OUTPUT_RAW,1504009815,SERVO_OUTPUT_RAW,0,0,0,0,0,0,0,0,1000,1000,1000,1000,0,0,0,0,0
2025-12-15 00:59:08.899,SERVO_OUTPUT_RAW,1504109831,SERVO_OUTPUT_RAW,0,0,0,0,0,0,0,0,1000,1000,1000,1000,0,0,0,0,0
2025-12-15 00:59:08.999,SERVO_OUTPUT_RAW,1504209828,SERVO_OUTPUT_RAW,0,0,0,0,0,0,0,0,1000,1000,1000,1000,0,0,0,0,0
2025-12-15 00:59:09.099,SERVO_OUTPUT_RAW,1504309805,SERVO_OUTPUT_RAW,0,0,0,0,0,0,0,0,1000,1000,1000,1000,0,0,0,0,0
2025-12-15 00:59:09.200,SERVO_OUTPUT_RAW,1504409788,SERVO_OUTPUT_RAW,0,0,0,0,0,0,0,0,1000,1000,1000,1000,0,0,0,0,0
2025-12-15 00:59:09.299,SERVO_OUTPUT_RAW,1504509845,SERVO_OUTPUT_RAW,0,0,0,0,0,0,0,0,1000,1000,1000,1000,0,0,0,0,0
2025-12-15 00:59:09.399,SERVO_OUTPUT_RAW,1504609802,SERVO_OUTPUT_RAW,0,0,0,0,0,0,0,0,1000,1000,1000,1000,0,0,0,0,0
2025-12-15 00:59:09.500,SERVO_OUTPUT_RAW,1504709784,SERVO_OUTPUT_RAW,0,0,0,0,0,0,0,0,1000,1000,1000,1000,0,0,0,0,0
2025-12-15 00:59:09.599,SERVO_OUTPUT_RAW,1504809840,SERVO_OUTPUT_RAW,0,0,0,0,0,0,0,0,1000,1000,1000,1000,0,0,0,0,0
2025-12-15 00:59:09.699,SERVO_OUTPUT_RAW,1504909786,SERVO_OUTPUT_RAW,0,0,0,0,0,0,0,0,1000,1000,1000,1000,0,0,0,0,0
2025-12-15 00:59:09.799,SERVO_OUTPUT_RAW,1505009814,SERVO_OUTPUT_RAW,0,0,0,0,0,0,0,0,1000,1000,1000,1000,0,0,0,0,0
2025-12-15 00:59:09.901,SERVO_OUTPUT_RAW,1505109811,SERVO_OUTPUT_RAW,0,0,0,0,0,0,0,0,1000,1000,1000,1000,0,0,0,0,0
2025-12-15 00:59:09.999,SERVO_OUTPUT_RAW,1505209826,SERVO_OUTPUT_RAW,0,0,0,0,0,0,0,0,1000,1000,1000,1000,0,0,0,0,0
2025-12-15 00:59:10.099,SERVO_OUTPUT_RAW,1505309848,SERVO_OUTPUT_RAW,0,0,0,0,0,0,0,0,1000,1000,1000,1000,0,0,0,0,0
2025-12-15 00:59:10.199,SERVO_OUTPUT_RAW,1505409818,SERVO_OUTPUT_RAW,0,0,0,0,0,0,0,0,1000,1000,1000,1000,0,0,0,0,0
2025-12-15 00:59:10.299,SERVO_OUTPUT_RAW,1505509781,SERVO_OUTPUT_RAW,0,0,0,0,0,0,0,0,1000,1000,1000,1000,0,0,0,0,0
2025-12-15 00:59:10.400,SERVO_OUTPUT_RAW,1505609822,SERVO_OUTPUT_RAW,0,0,0,0,0,0,0,0,1000,1000,1000,1000,0,0,0,0,0
2025-12-15 00:59:10.500,SERVO_OUTPUT_RAW,1505709815,SERVO_OUTPUT_RAW,0,0,0,0,0,0,0,0,1000,1000,1000,1000,0,0,0,0,0
2025-12-15 00:59:10.600,SERVO_OUTPUT_RAW,1505809798,SERVO_OUTPUT_RAW,0,0,0,0,0,0,0,0,1000,1000,1000,1000,0,0,0,0,0
2025-12-15 00:59:10.700,SERVO_OUTPUT_RAW,1505909802,SERVO_OUTPUT_RAW,0,0,0,0,0,0,0,0,1000,1000,1000,1000,0,0,0,0,0
2025-12-15 00:59:10.800,SERVO_OUTPUT_RAW,1506009788,SERVO_OUTPUT_RAW,0,0,0,0,0,0,0,0,1000,1000,1000,1000,0,0,0,0,0
2025-12-15 00:59:10.900,SERVO_OUTPUT_RAW,1506109789,SERVO_OUTPUT_RAW,0,0,0,0,0,0,0,0,1000,1000,1000,1000,0,0,0,0,0
2025-12-15 00:59:10.999,SERVO_OUTPUT_RAW,1506209796,SERVO_OUTPUT_RAW,0,0,0,0,0,0,0,0,1000,1000,1000,1000,0,0,0,0,0
2025-12-15 00:59:11.099,SERVO_OUTPUT_RAW,1506309812,SERVO_OUTPUT_RAW,0,0,0,0,0,0,0,0,1000,1000,1000,1000,0,0,0,0,0
2025-12-15 00:59:11.199,SERVO_OUTPUT_RAW,1506409772,SERVO_OUTPUT_RAW,0,0,0,0,0,0,0,0,1000,1000,1000,1000,0,0,0,0,0
2025-12-15 00:59:11.299,SERVO_OUTPUT_RAW,1506509791,SERVO_OUTPUT_RAW,0,0,0,0,0,0,0,0,1000,1000,1000,1000,0,0,0,0,0
2025-12-15 00:59:11.400,SERVO_OUTPUT_RAW,1506612193,SERVO_OUTPUT_RAW,0,0,0,0,0,0,0,0,1000,1000,1000,1000,0,0,0,0,0
2025-12-15 00:59:11.500,SERVO_OUTPUT_RAW,1506709898,SERVO_OUTPUT_RAW,0,0,0,0,0,0,0,0,1000,1000,1000,1000,0,0,0,0,0
2025-12-15 00:59:11.600,SERVO_OUTPUT_RAW,1506809855,SERVO_OUTPUT_RAW,0,0,0,0,0,0,0,0,1000,1000,1000,1000,0,0,0,0,0
2025-12-15 00:59:11.700,SERVO_OUTPUT_RAW,1506909840,SERVO_OUTPUT_RAW,0,0,0,0,0,0,0,0,1000,1000,1000,1000,0,0,0,0,0
2025-12-15 00:59:11.800,SERVO_OUTPUT_RAW,1507009787,SERVO_OUTPUT_RAW,0,0,0,0,0,0,0,0,1000,1000,1000,1000,0,0,0,0,0
2025-12-15 00:59:11.899,SERVO_OUTPUT_RAW,1507109805,SERVO_OUTPUT_RAW,0,0,0,0,0,0,0,0,1000,1000,1000,1000,0,0,0,0,0
2025-12-15 00:59:11.999,SERVO_OUTPUT_RAW,1507209816,SERVO_OUTPUT_RAW,0,0,0,0,0,0,0,0,1000,1000,1000,1000,0,0,0,0,0
2025-12-15 00:59:12.099,SERVO_OUTPUT_RAW,1507309819,SERVO_OUTPUT_RAW,0,0,0,0,0,0,0,0,1000,1000,1000,1000,0,0,0,0,0
2025-12-15 00:59:12.199,SERVO_OUTPUT_RAW,1507409770,SERVO_OUTPUT_RAW,0,0,0,0,0,0,0,0,1000,1000,1000,1000,0,0,0,0,0
2025-12-15 00:59:12.299,SERVO_OUTPUT_RAW,1507509802,SERVO_OUTPUT_RAW,0,0,0,0,0,0,0,0,1000,1000,1000,1000,0,0,0,0,0
2025-12-15 00:59:12.401,SERVO_OUTPUT_RAW,1507609778,SERVO_OUTPUT_RAW,0,0,0,0,0,0,0,0,1000,1000,1000,1000,0,0,0,0,0
2025-12-15 00:59:12.499,SERVO_OUTPUT_RAW,1507709796,SERVO_OUTPUT_RAW,0,0,0,0,0,0,0,0,1000,1000,1000,1000,0,0,0,0,0
2025-12-15 00:59:12.598,SERVO_OUTPUT_RAW,1507809798,SERVO_OUTPUT_RAW,0,0,0,0,0,0,0,0,1000,1000,1000,1000,0,0,0,0,0
2025-12-15 00:59:12.699,SERVO_OUTPUT_RAW,1507909807,SERVO_OUTPUT_RAW,0,0,0,0,0,0,0,0,1000,1000,1000,1000,0,0,0,0,0
2025-12-15 00:59:12.799,SERVO_OUTPUT_RAW,1508009845,SERVO_OUTPUT_RAW,0,0,0,0,0,0,0,0,1000,1000,1000,1000,0,0,0,0,0
2025-12-15 00:59:12.899,SERVO_OUTPUT_RAW,1508109796,SERVO_OUTPUT_RAW,0,0,0,0,0,0,0,0,1000,1000,1000,1000,0,0,0,0,0
2025-12-15 00:59:12.999,SERVO_OUTPUT_RAW,1508209791,SERVO_OUTPUT_RAW,0,0,0,0,0,0,0,0,1000,1000,1000,1000,0,0,0,0,0
2025-12-15 00:59:13.099,SERVO_OUTPUT_RAW,1508309817,SERVO_OUTPUT_RAW,0,0,0,0,0,0,0,0,1000,1000,1000,1000,0,0,0,0,0
2025-12-15 00:59:13.199,SERVO_OUTPUT_RAW,1508409840,SERVO_OUTPUT_RAW,0,0,0,0,0,0,0,0,1000,1000,1000,1000,0,0,0,0,0
2025-12-15 00:59:13.300,SERVO_OUTPUT_RAW,1508509853,SERVO_OUTPUT_RAW,0,0,0,0,0,0,0,0,1000,1000,1000,1000,0,0,0,0,0
2025-12-15 00:59:13.399,SERVO_OUTPUT_RAW,1508609806,SERVO_OUTPUT_RAW,0,0,0,0,0,0,0,0,1000,1000,1000,1000,0,0,0,0,0
2025-12-15 00:59:13.499,SERVO_OUTPUT_RAW,1508709927,SERVO_OUTPUT_RAW,0,0,0,0,0,0,0,0,1000,1000,1000,1000,0,0,0,0,0
2025-12-15 00:59:13.599,SERVO_OUTPUT_RAW,1508809840,SERVO_OUTPUT_RAW,0,0,0,0,0,0,0,0,1000,1000,1000,1000,0,0,0,0,0
2025-12-15 00:59:13.699,SERVO_OUTPUT_RAW,1508909794,SERVO_OUTPUT_RAW,0,0,0,0,0,0,0,0,1000,1000,1000,1000,0,0,0,0,0
2025-12-15 00:59:13.799,SERVO_OUTPUT_RAW,1509009792,SERVO_OUTPUT_RAW,0,0,0,0,0,0,0,0,1000,1000,1000,1000,0,0,0,0,0
2025-12-15 00:59:13.899,SERVO_OUTPUT_RAW,1509109821,SERVO_OUTPUT_RAW,0,0,0,0,0,0,0,0,1000,1000,1000,1000,0,0,0,0,0
2025-12-15 00:59:13.999,SERVO_OUTPUT_RAW,1509209785,SERVO_OUTPUT_RAW,0,0,0,0,0,0,0,0,1000,1000,1000,1000,0,0,0,0,0
2025-12-15 00:59:14.099,SERVO_OUTPUT_RAW,1509309788,SERVO_OUTPUT_RAW,0,0,0,0,0,0,0,0,1000,1000,1000,1000,0,0,0,0,0
2025-12-15 00:59:14.199,SERVO_OUTPUT_RAW,1509409813,SERVO_OUTPUT_RAW,0,0,0,0,0,0,0,0,1000,1000,1000,1000,0,0,0,0,0
2025-12-15 00:59:14.300,SERVO_OUTPUT_RAW,1509509836,SERVO_OUTPUT_RAW,0,0,0,0,0,0,0,0,1000,1000,1000,1000,0,0,0,0,0
2025-12-15 00:59:14.399,SERVO_OUTPUT_RAW,1509609783,SERVO_OUTPUT_RAW,0,0,0,0,0,0,0,0,1000,1000,1000,1000,0,0,0,0,0
2025-12-15 00:59:14.499,SERVO_OUTPUT_RAW,1509709804,SERVO_OUTPUT_RAW,0,0,0,0,0,0,0,0,1000,1000,1000,1000,0,0,0,0,0
2025-12-15 00:59:14.599,SERVO_OUTPUT_RAW,1509809801,SERVO_OUTPUT_RAW,0,0,0,0,0,0,0,0,1000,1000,1000,1000,0,0,0,0,0
2025-12-15 00:59:14.699,SERVO_OUTPUT_RAW,1509909838,SERVO_OUTPUT_RAW,0,0,0,0,0,0,0,0,1000,1000,1000,1000,0,0,0,0,0
2025-12-15 00:59:14.799,SERVO_OUTPUT_RAW,1510009858,SERVO_OUTPUT_RAW,0,0,0,0,0,0,0,0,1000,1000,1000,1000,0,0,0,0,0
2025-12-15 00:59:14.899,SERVO_OUTPUT_RAW,1510109788,SERVO_OUTPUT_RAW,0,0,0,0,0,0,0,0,1000,1000,1000,1000,0,0,0,0,0
2025-12-15 00:59:14.999,SERVO_OUTPUT_RAW,1510209797,SERVO_OUTPUT_RAW,0,0,0,0,0,0,0,0,1000,1000,1000,1000,0,0,0,0,0
2025-12-15 00:59:15.100,SERVO_OUTPUT_RAW,1510309828,SERVO_OUTPUT_RAW,0,0,0,0,0,0,0,0,1000,1000,1000,1000,0,0,0,0,0
2025-12-15 00:59:15.199,SERVO_OUTPUT_RAW,1510409891,SERVO_OUTPUT_RAW,0,0,0,0,0,0,0,0,1000,1000,1000,1000,0,0,0,0,0
2025-12-15 00:59:15.299,SERVO_OUTPUT_RAW,1510509787,SERVO_OUTPUT_RAW,0,0,0,0,0,0,0,0,1000,1000,1000,1000,0,0,0,0,0
2025-12-15 00:59:15.399,SERVO_OUTPUT_RAW,1510609783,SERVO_OUTPUT_RAW,0,0,0,0,0,0,0,0,1000,1000,1000,1000,0,0,0,0,0
2025-12-15 00:59:15.499,SERVO_OUTPUT_RAW,1510709789,SERVO_OUTPUT_RAW,0,0,0,0,0,0,0,0,1000,1000,1000,1000,0,0,0,0,0
2025-12-15 00:59:15.599,SERVO_OUTPUT_RAW,1510809859,SERVO_OUTPUT_RAW,0,0,0,0,0,0,0,0,1000,1000,1000,1000,0,0,0,0,0
2025-12-15 00:59:15.699,SERVO_OUTPUT_RAW,1510909787,SERVO_OUTPUT_RAW,0,0,0,0,0,0,0,0,1000,1000,1000,1000,0,0,0,0,0
2025-12-15 00:59:15.799,SERVO_OUTPUT_RAW,1511009825,SERVO_OUTPUT_RAW,0,0,0,0,0,0,0,0,1000,1000,1000,1000,0,0,0,0,0
2025-12-15 00:59:15.899,SERVO_OUTPUT_RAW,1511109826,SERVO_OUTPUT_RAW,0,0,0,0,0,0,0,0,1000,1000,1000,1000,0,0,0,0,0
2025-12-15 00:59:15.999,SERVO_OUTPUT_RAW,1511209824,SERVO_OUTPUT_RAW,0,0,0,0,0,0,0,0,1000,1000,1000,1000,0,0,0,0,0
2025-12-15 00:59:16.100,SERVO_OUTPUT_RAW,1511309821,SERVO_OUTPUT_RAW,0,0,0,0,0,0,0,0,1000,1000,1000,1000,0,0,0,0,0
2025-12-15 00:59:16.199,SERVO_OUTPUT_RAW,1511409823,SERVO_OUTPUT_RAW,0,0,0,0,0,0,0,0,1000,1000,1000,1000,0,0,0,0,0
2025-12-15 00:59:16.299,SERVO_OUTPUT_RAW,1511509845,SERVO_OUTPUT_RAW,0,0,0,0,0,0,0,0,1000,1000,1000,1000,0,0,0,0,0
2025-12-15 00:59:16.400,SERVO_OUTPUT_RAW,1511609829,SERVO_OUTPUT_RAW,0,0,0,0,0,0,0,0,1000,1000,1000,1000,0,0,0,0,0
2025-12-15 00:59:16.499,SERVO_OUTPUT_RAW,1511709781,SERVO_OUTPUT_RAW,0,0,0,0,0,0,0,0,1000,1000,1000,1000,0,0,0,0,0
2025-12-15 00:59:16.597,SERVO_OUTPUT_RAW,1511809818,SERVO_OUTPUT_RAW,0,0,0,0,0,0,0,0,1000,1000,1000,1000,0,0,0,0,0
2025-12-15 00:59:16.697,SERVO_OUTPUT_RAW,1511909819,SERVO_OUTPUT_RAW,0,0,0,0,0,0,0,0,1000,1000,1000,1000,0,0,0,0,0
2025-12-15 00:59:16.797,SERVO_OUTPUT_RAW,1512009837,SERVO_OUTPUT_RAW,0,0,0,0,0,0,0,0,1000,1000,1000,1000,0,0,0,0,0
2025-12-15 00:59:16.897,SERVO_OUTPUT_RAW,1512109799,SERVO_OUTPUT_RAW,0,0,0,0,0,0,0,0,1000,1000,1000,1000,0,0,0,0,0
2025-12-15 00:59:16.998,SERVO_OUTPUT_RAW,1512209809,SERVO_OUTPUT_RAW,0,0,0,0,0,0,0,0,1000,1000,1000,1000,0,0,0,0,0
2025-12-15 00:59:17.097,SERVO_OUTPUT_RAW,1512309780,SERVO_OUTPUT_RAW,0,0,0,0,0,0,0,0,1000,1000,1000,1000,0,0,0,0,0
2025-12-15 00:59:17.197,SERVO_OUTPUT_RAW,1512409787,SERVO_OUTPUT_RAW,0,0,0,0,0,0,0,0,1000,1000,1000,1000,0,0,0,0,0
2025-12-15 00:59:17.297,SERVO_OUTPUT_RAW,1512509793,SERVO_OUTPUT_RAW,0,0,0,0,0,0,0,0,1000,1000,1000,1000,0,0,0,0,0
2025-12-15 00:59:17.399,SERVO_OUTPUT_RAW,1512612178,SERVO_OUTPUT_RAW,0,0,0,0,0,0,0,0,1000,1000,1000,1000,0,0,0,0,0
2025-12-15 00:59:17.497,SERVO_OUTPUT_RAW,1512709840,SERVO_OUTPUT_RAW,0,0,0,0,0,0,0,0,1000,1000,1000,1000,0,0,0,0,0
2025-12-15 00:59:17.597,SERVO_OUTPUT_RAW,1512809798,SERVO_OUTPUT_RAW,0,0,0,0,0,0,0,0,1000,1000,1000,1000,0,0,0,0,0
2025-12-15 00:59:17.698,SERVO_OUTPUT_RAW,1512912158,SERVO_OUTPUT_RAW,0,0,0,0,0,0,0,0,1000,1000,1000,1000,0,0,0,0,0
2025-12-15 00:59:17.797,SERVO_OUTPUT_RAW,1513009814,SERVO_OUTPUT_RAW,0,0,0,0,0,0,0,0,1000,1000,1000,1000,0,0,0,0,0
2025-12-15 00:59:17.897,SERVO_OUTPUT_RAW,1513109859,SERVO_OUTPUT_RAW,0,0,0,0,0,0,0,0,1000,1000,1000,1000,0,0,0,0,0
2025-12-15 00:59:17.997,SERVO_OUTPUT_RAW,1513209828,SERVO_OUTPUT_RAW,0,0,0,0,0,0,0,0,1000,1000,1000,1000,0,0,0,0,0
2025-12-15 00:59:18.097,SERVO_OUTPUT_RAW,1513309817,SERVO_OUTPUT_RAW,0,0,0,0,0,0,0,0,1000,1000,1000,1000,0,0,0,0,0
2025-12-15 00:59:18.197,SERVO_OUTPUT_RAW,1513409824,SERVO_OUTPUT_RAW,0,0,0,0,0,0,0,0,1000,1000,1000,1000,0,0,0,0,0
2025-12-15 00:59:18.297,SERVO_OUTPUT_RAW,1513509821,SERVO_OUTPUT_RAW,0,0,0,0,0,0,0,0,1000,1000,1000,1000,0,0,0,0,0
2025-12-15 00:59:18.397,SERVO_OUTPUT_RAW,1513609786,SERVO_OUTPUT_RAW,0,0,0,0,0,0,0,0,1000,1000,1000,1000,0,0,0,0,0
2025-12-15 00:59:18.498,SERVO_OUTPUT_RAW,1513709784,SERVO_OUTPUT_RAW,0,0,0,0,0,0,0,0,1000,1000,1000,1000,0,0,0,0,0
2025-12-15 00:59:18.598,SERVO_OUTPUT_RAW,1513809792,SERVO_OUTPUT_RAW,0,0,0,0,0,0,0,0,1000,1000,1000,1000,0,0,0,0,0
2025-12-15 00:59:18.697,SERVO_OUTPUT_RAW,1513909784,SERVO_OUTPUT_RAW,0,0,0,0,0,0,0,0,1000,1000,1000,1000,0,0,0,0,0
2025-12-15 00:59:18.798,SERVO_OUTPUT_RAW,1514009799,SERVO_OUTPUT_RAW,0,0,0,0,0,0,0,0,1000,1000,1000,1000,0,0,0,0,0
2025-12-15 00:59:18.898,SERVO_OUTPUT_RAW,1514109800,SERVO_OUTPUT_RAW,0,0,0,0,0,0,0,0,1000,1000,1000,1000,0,0,0,0,0
2025-12-15 00:59:18.998,SERVO_OUTPUT_RAW,1514209821,SERVO_OUTPUT_RAW,0,0,0,0,0,0,0,0,1000,1000,1000,1000,0,0,0,0,0
2025-12-15 00:59:19.098,SERVO_OUTPUT_RAW,1514309811,SERVO_OUTPUT_RAW,0,0,0,0,0,0,0,0,1000,1000,1000,1000,0,0,0,0,0
2025-12-15 00:59:19.198,SERVO_OUTPUT_RAW,1514409777,SERVO_OUTPUT_RAW,0,0,0,0,0,0,0,0,1000,1000,1000,1000,0,0,0,0,0
2025-12-15 00:59:19.298,SERVO_OUTPUT_RAW,1514509816,SERVO_OUTPUT_RAW,0,0,0,0,0,0,0,0,1000,1000,1000,1000,0,0,0,0,0
2025-12-15 00:59:19.398,SERVO_OUTPUT_RAW,1514609844,SERVO_OUTPUT_RAW,0,0,0,0,0,0,0,0,1000,1000,1000,1000,0,0,0,0,0
2025-12-15 00:59:19.498,SERVO_OUTPUT_RAW,1514709850,SERVO_OUTPUT_RAW,0,0,0,0,0,0,0,0,1000,1000,1000,1000,0,0,0,0,0
2025-12-15 00:59:19.598,SERVO_OUTPUT_RAW,1514809783,SERVO_OUTPUT_RAW,0,0,0,0,0,0,0,0,1000,1000,1000,1000,0,0,0,0,0
2025-12-15 00:59:19.698,SERVO_OUTPUT_RAW,1514909828,SERVO_OUTPUT_RAW,0,0,0,0,0,0,0,0,1000,1000,1000,1000,0,0,0,0,0
2025-12-15 00:59:19.798,SERVO_OUTPUT_RAW,1515009882,SERVO_OUTPUT_RAW,0,0,0,0,0,0,0,0,1000,1000,1000,1000,0,0,0,0,0
2025-12-15 00:59:19.930,SERVO_OUTPUT_RAW,1515109799,SERVO_OUTPUT_RAW,0,0,0,0,0,0,0,0,1000,1000,1000,1000,0,0,0,0,0
2025-12-15 00:59:19.998,SERVO_OUTPUT_RAW,1515209772,SERVO_OUTPUT_RAW,0,0,0,0,0,0,0,0,1000,1000,1000,1000,0,0,0,0,0
2025-12-15 00:59:20.098,SERVO_OUTPUT_RAW,1515309782,SERVO_OUTPUT_RAW,0,0,0,0,0,0,0,0,1000,1000,1000,1000,0,0,0,0,0
2025-12-15 00:59:20.198,SERVO_OUTPUT_RAW,1515409780,SERVO_OUTPUT_RAW,0,0,0,0,0,0,0,0,1000,1000,1000,1000,0,0,0,0,0
2025-12-15 00:59:20.298,SERVO_OUTPUT_RAW,1515509784,SERVO_OUTPUT_RAW,0,0,0,0,0,0,0,0,1000,1000,1000,1000,0,0,0,0,0
2025-12-15 00:59:20.398,SERVO_OUTPUT_RAW,1515612182,SERVO_OUTPUT_RAW,0,0,0,0,0,0,0,0,1000,1000,1000,1000,0,0,0,0,0
2025-12-15 00:59:20.498,SERVO_OUTPUT_RAW,1515709838,SERVO_OUTPUT_RAW,0,0,0,0,0,0,0,0,1000,1000,1000,1000,0,0,0,0,0
2025-12-15 00:59:20.598,SERVO_OUTPUT_RAW,1515809859,SERVO_OUTPUT_RAW,0,0,0,0,0,0,0,0,1000,1000,1000,1000,0,0,0,0,0
2025-12-15 00:59:20.698,SERVO_OUTPUT_RAW,1515909867,SERVO_OUTPUT_RAW,0,0,0,0,0,0,0,0,1000,1000,1000,1000,0,0,0,0,0
2025-12-15 00:59:20.798,SERVO_OUTPUT_RAW,1516009778,SERVO_OUTPUT_RAW,0,0,0,0,0,0,0,0,1000,1000,1000,1000,0,0,0,0,0
2025-12-15 00:59:20.898,SERVO_OUTPUT_RAW,1516109817,SERVO_OUTPUT_RAW,0,0,0,0,0,0,0,0,1000,1000,1000,1000,0,0,0,0,0
2025-12-15 00:59:20.998,SERVO_OUTPUT_RAW,1516209873,SERVO_OUTPUT_RAW,0,0,0,0,0,0,0,0,1000,1000,1000,1000,0,0,0,0,0
2025-12-15 00:59:21.098,SERVO_OUTPUT_RAW,1516309783,SERVO_OUTPUT_RAW,0,0,0,0,0,0,0,0,1000,1000,1000,1000,0,0,0,0,0
2025-12-15 00:59:21.198,SERVO_OUTPUT_RAW,1516409787,SERVO_OUTPUT_RAW,0,0,0,0,0,0,0,0,1000,1000,1000,1000,0,0,0,0,0
2025-12-15 00:59:21.298,SERVO_OUTPUT_RAW,1516509809,SERVO_OUTPUT_RAW,0,0,0,0,0,0,0,0,1000,1000,1000,1000,0,0,0,0,0
2025-12-15 00:59:21.398,SERVO_OUTPUT_RAW,1516609813,SERVO_OUTPUT_RAW,0,0,0,0,0,0,0,0,1000,1000,1000,1000,0,0,0,0,0
2025-12-15 00:59:21.498,SERVO_OUTPUT_RAW,1516709813,SERVO_OUTPUT_RAW,0,0,0,0,0,0,0,0,1000,1000,1000,1000,0,0,0,0,0
2025-12-15 00:59:21.600,SERVO_OUTPUT_RAW,1516809775,SERVO_OUTPUT_RAW,0,0,0,0,0,0,0,0,1000,1000,1000,1000,0,0,0,0,0
2025-12-15 00:59:21.700,SERVO_OUTPUT_RAW,1516909793,SERVO_OUTPUT_RAW,0,0,0,0,0,0,0,0,1000,1000,1000,1000,0,0,0,0,0
2025-12-15 00:59:21.799,SERVO_OUTPUT_RAW,1517009782,SERVO_OUTPUT_RAW,0,0,0,0,0,0,0,0,1000,1000,1000,1000,0,0,0,0,0
2025-12-15 00:59:21.899,SERVO_OUTPUT_RAW,1517109844,SERVO_OUTPUT_RAW,0,0,0,0,0,0,0,0,1000,1000,1000,1000,0,0,0,0,0
2025-12-15 00:59:21.999,SERVO_OUTPUT_RAW,1517212135,SERVO_OUTPUT_RAW,0,0,0,0,0,0,0,0,1000,1000,1000,1000,0,0,0,0,0
2025-12-15 00:59:22.099,SERVO_OUTPUT_RAW,1517309825,SERVO_OUTPUT_RAW,0,0,0,0,0,0,0,0,1000,1000,1000,1000,0,0,0,0,0
2025-12-15 00:59:22.199,SERVO_OUTPUT_RAW,1517409806,SERVO_OUTPUT_RAW,0,0,0,0,0,0,0,0,1000,1000,1000,1000,0,0,0,0,0
2025-12-15 00:59:22.299,SERVO_OUTPUT_RAW,1517509805,SERVO_OUTPUT_RAW,0,0,0,0,0,0,0,0,1000,1000,1000,1000,0,0,0,0,0
2025-12-15 00:59:22.400,SERVO_OUTPUT_RAW,1517609834,SERVO_OUTPUT_RAW,0,0,0,0,0,0,0,0,1000,1000,1000,1000,0,0,0,0,0
2025-12-15 00:59:22.500,SERVO_OUTPUT_RAW,1517709838,SERVO_OUTPUT_RAW,0,0,0,0,0,0,0,0,1000,1000,1000,1000,0,0,0,0,0
2025-12-15 00:59:22.599,SERVO_OUTPUT_RAW,1517809874,SERVO_OUTPUT_RAW,0,0,0,0,0,0,0,0,1000,1000,1000,1000,0,0,0,0,0
2025-12-15 00:59:22.700,SERVO_OUTPUT_RAW,1517909782,SERVO_OUTPUT_RAW,0,0,0,0,0,0,0,0,1000,1000,1000,1000,0,0,0,0,0
2025-12-15 00:59:22.800,SERVO_OUTPUT_RAW,1518009791,SERVO_OUTPUT_RAW,0,0,0,0,0,0,0,0,1000,1000,1000,1000,0,0,0,0,0
2025-12-15 00:59:22.899,SERVO_OUTPUT_RAW,1518109816,SERVO_OUTPUT_RAW,0,0,0,0,0,0,0,0,1000,1000,1000,1000,0,0,0,0,0
2025-12-15 00:59:22.999,SERVO_OUTPUT_RAW,1518209810,SERVO_OUTPUT_RAW,0,0,0,0,0,0,0,0,1000,1000,1000,1000,0,0,0,0,0
2025-12-15 00:59:23.099,SERVO_OUTPUT_RAW,1518309778,SERVO_OUTPUT_RAW,0,0,0,0,0,0,0,0,1000,1000,1000,1000,0,0,0,0,0
2025-12-15 00:59:23.199,SERVO_OUTPUT_RAW,1518409775,SERVO_OUTPUT_RAW,0,0,0,0,0,0,0,0,1000,1000,1000,1000,0,0,0,0,0
2025-12-15 00:59:23.299,SERVO_OUTPUT_RAW,1518509791,SERVO_OUTPUT_RAW,0,0,0,0,0,0,0,0,1000,1000,1000,1000,0,0,0,0,0
2025-12-15 00:59:23.399,SERVO_OUTPUT_RAW,1518609796,SERVO_OUTPUT_RAW,0,0,0,0,0,0,0,0,1000,1000,1000,1000,0,0,0,0,0
2025-12-15 00:59:23.499,SERVO_OUTPUT_RAW,1518709797,SERVO_OUTPUT_RAW,0,0,0,0,0,0,0,0,1000,1000,1000,1000,0,0,0,0,0
2025-12-15 00:59:23.599,SERVO_OUTPUT_RAW,1518812125,SERVO_OUTPUT_RAW,0,0,0,0,0,0,0,0,1000,1000,1000,1000,0,0,0,0,0
2025-12-15 00:59:23.699,SERVO_OUTPUT_RAW,1518909832,SERVO_OUTPUT_RAW,0,0,0,0,0,0,0,0,1000,1000,1000,1000,0,0,0,0,0
2025-12-15 00:59:23.799,SERVO_OUTPUT_RAW,1519009854,SERVO_OUTPUT_RAW,0,0,0,0,0,0,0,0,1000,1000,1000,1000,0,0,0,0,0
2025-12-15 00:59:23.899,SERVO_OUTPUT_RAW,1519109814,SERVO_OUTPUT_RAW,0,0,0,0,0,0,0,0,1000,1000,1000,1000,0,0,0,0,0
2025-12-15 00:59:23.999,SERVO_OUTPUT_RAW,1519212139,SERVO_OUTPUT_RAW,0,0,0,0,0,0,0,0,1000,1000,1000,1000,0,0,0,0,0
2025-12-15 00:59:24.099,SERVO_OUTPUT_RAW,1519309838,SERVO_OUTPUT_RAW,0,0,0,0,0,0,0,0,1000,1000,1000,1000,0,0,0,0,0
2025-12-15 00:59:24.199,SERVO_OUTPUT_RAW,1519409861,SERVO_OUTPUT_RAW,0,0,0,0,0,0,0,0,1000,1000,1000,1000,0,0,0,0,0
2025-12-15 00:59:24.299,SERVO_OUTPUT_RAW,1519509780,SERVO_OUTPUT_RAW,0,0,0,0,0,0,0,0,1000,1000,1000,1000,0,0,0,0,0
2025-12-15 00:59:24.400,SERVO_OUTPUT_RAW,1519609799,SERVO_OUTPUT_RAW,0,0,0,0,0,0,0,0,1000,1000,1000,1000,0,0,0,0,0
2025-12-15 00:59:24.499,SERVO_OUTPUT_RAW,1519709821,SERVO_OUTPUT_RAW,0,0,0,0,0,0,0,0,1000,1000,1000,1000,0,0,0,0,0
2025-12-15 00:59:24.600,SERVO_OUTPUT_RAW,1519809789,SERVO_OUTPUT_RAW,0,0,0,0,0,0,0,0,1000,1000,1000,1000,0,0,0,0,0
2025-12-15 00:59:24.700,SERVO_OUTPUT_RAW,1519909789,SERVO_OUTPUT_RAW,0,0,0,0,0,0,0,0,1000,1000,1000,1000,0,0,0,0,0
2025-12-15 00:59:24.800,SERVO_OUTPUT_RAW,1520009790,SERVO_OUTPUT_RAW,0,0,0,0,0,0,0,0,1000,1000,1000,1000,0,0,0,0,0
2025-12-15 00:59:24.899,SERVO_OUTPUT_RAW,1520109800,SERVO_OUTPUT_RAW,0,0,0,0,0,0,0,0,1000,1000,1000,1000,0,0,0,0,0
2025-12-15 00:59:25.000,SERVO_OUTPUT_RAW,1520212112,SERVO_OUTPUT_RAW,0,0,0,0,0,0,0,0,1000,1000,1000,1000,0,0,0,0,0
2025-12-15 00:59:25.100,SERVO_OUTPUT_RAW,1520309809,SERVO_OUTPUT_RAW,0,0,0,0,0,0,0,0,1000,1000,1000,1000,0,0,0,0,0
2025-12-15 00:59:25.200,SERVO_OUTPUT_RAW,1520409824,SERVO_OUTPUT_RAW,0,0,0,0,0,0,0,0,1000,1000,1000,1000,0,0,0,0,0
2025-12-15 00:59:25.300,SERVO_OUTPUT_RAW,1520509844,SERVO_OUTPUT_RAW,0,0,0,0,0,0,0,0,1000,1000,1000,1000,0,0,0,0,0
2025-12-15 00:59:25.400,SERVO_OUTPUT_RAW,1520609797,SERVO_OUTPUT_RAW,0,0,0,0,0,0,0,0,1000,1000,1000,1000,0,0,0,0,0
2025-12-15 00:59:25.500,SERVO_OUTPUT_RAW,1520709843,SERVO_OUTPUT_RAW,0,0,0,0,0,0,0,0,1000,1000,1000,1000,0,0,0,0,0
2025-12-15 00:59:25.600,SERVO_OUTPUT_RAW,1520809813,SERVO_OUTPUT_RAW,0,0,0,0,0,0,0,0,1000,1000,1000,1000,0,0,0,0,0
2025-12-15 00:59:25.700,SERVO_OUTPUT_RAW,1520909834,SERVO_OUTPUT_RAW,0,0,0,0,0,0,0,0,1000,1000,1000,1000,0,0,0,0,0
2025-12-15 00:59:25.800,SERVO_OUTPUT_RAW,1521009834,SERVO_OUTPUT_RAW,0,0,0,0,0,0,0,0,1000,1000,1000,1000,0,0,0,0,0
2025-12-15 00:59:25.900,SERVO_OUTPUT_RAW,1521109787,SERVO_OUTPUT_RAW,0,0,0,0,0,0,0,0,1000,1000,1000,1000,0,0,0,0,0
2025-12-15 00:59:26.000,SERVO_OUTPUT_RAW,1521209866,SERVO_OUTPUT_RAW,0,0,0,0,0,0,0,0,1000,1000,1000,1000,0,0,0,0,0
2025-12-15 00:59:26.100,SERVO_OUTPUT_RAW,1521309887,SERVO_OUTPUT_RAW,0,0,0,0,0,0,0,0,1000,1000,1000,1000,0,0,0,0,0
2025-12-15 00:59:26.201,SERVO_OUTPUT_RAW,1521409782,SERVO_OUTPUT_RAW,0,0,0,0,0,0,0,0,1000,1000,1000,1000,0,0,0,0,0
2025-12-15 00:59:26.301,SERVO_OUTPUT_RAW,1521509810,SERVO_OUTPUT_RAW,0,0,0,0,0,0,0,0,1000,1000,1000,1000,0,0,0,0,0
2025-12-15 00:59:26.401,SERVO_OUTPUT_RAW,1521609787,SERVO_OUTPUT_RAW,0,0,0,0,0,0,0,0,1000,1000,1000,1000,0,0,0,0,0
2025-12-15 00:59:26.500,SERVO_OUTPUT_RAW,1521709815,SERVO_OUTPUT_RAW,0,0,0,0,0,0,0,0,1000,1000,1000,1000,0,0,0,0,0
2025-12-15 00:59:26.600,SERVO_OUTPUT_RAW,1521809789,SERVO_OUTPUT_RAW,0,0,0,0,0,0,0,0,1000,1000,1000,1000,0,0,0,0,0
2025-12-15 00:59:26.700,SERVO_OUTPUT_RAW,1521909805,SERVO_OUTPUT_RAW,0,0,0,0,0,0,0,0,1000,1000,1000,1000,0,0,0,0,0
2025-12-15 00:59:26.800,SERVO_OUTPUT_RAW,1522009849,SERVO_OUTPUT_RAW,0,0,0,0,0,0,0,0,1000,1000,1000,1000,0,0,0,0,0
2025-12-15 00:59:26.900,SERVO_OUTPUT_RAW,1522112142,SERVO_OUTPUT_RAW,0,0,0,0,0,0,0,0,1000,1000,1000,1000,0,0,0,0,0
2025-12-15 00:59:27.000,SERVO_OUTPUT_RAW,1522209793,SERVO_OUTPUT_RAW,0,0,0,0,0,0,0,0,1000,1000,1000,1000,0,0,0,0,0
2025-12-15 00:59:27.100,SERVO_OUTPUT_RAW,1522309820,SERVO_OUTPUT_RAW,0,0,0,0,0,0,0,0,1000,1000,1000,1000,0,0,0,0,0
2025-12-15 00:59:27.201,SERVO_OUTPUT_RAW,1522409838,SERVO_OUTPUT_RAW,0,0,0,0,0,0,0,0,1000,1000,1000,1000,0,0,0,0,0
2025-12-15 00:59:27.300,SERVO_OUTPUT_RAW,1522509846,SERVO_OUTPUT_RAW,0,0,0,0,0,0,0,0,1000,1000,1000,1000,0,0,0,0,0
2025-12-15 00:59:27.403,SERVO_OUTPUT_RAW,1522609793,SERVO_OUTPUT_RAW,0,0,0,0,0,0,0,0,1000,1000,1000,1000,0,0,0,0,0
2025-12-15 00:59:27.501,SERVO_OUTPUT_RAW,1522709806,SERVO_OUTPUT_RAW,0,0,0,0,0,0,0,0,1000,1000,1000,1000,0,0,0,0,0
2025-12-15 00:59:27.599,SERVO_OUTPUT_RAW,1522809814,SERVO_OUTPUT_RAW,0,0,0,0,0,0,0,0,1000,1000,1000,1000,0,0,0,0,0
2025-12-15 00:59:27.701,SERVO_OUTPUT_RAW,1522909799,SERVO_OUTPUT_RAW,0,0,0,0,0,0,0,0,1000,1000,1000,1000,0,0,0,0,0
2025-12-15 00:59:27.800,SERVO_OUTPUT_RAW,1523009795,SERVO_OUTPUT_RAW,0,0,0,0,0,0,0,0,1000,1000,1000,1000,0,0,0,0,0
2025-12-15 00:59:27.901,SERVO_OUTPUT_RAW,1523109775,SERVO_OUTPUT_RAW,0,0,0,0,0,0,0,0,1000,1000,1000,1000,0,0,0,0,0
2025-12-15 00:59:28.001,SERVO_OUTPUT_RAW,1523209805,SERVO_OUTPUT_RAW,0,0,0,0,0,0,0,0,1000,1000,1000,1000,0,0,0,0,0
2025-12-15 00:59:28.100,SERVO_OUTPUT_RAW,1523309789,SERVO_OUTPUT_RAW,0,0,0,0,0,0,0,0,1000,1000,1000,1000,0,0,0,0,0
2025-12-15 00:59:28.200,SERVO_OUTPUT_RAW,1523412162,SERVO_OUTPUT_RAW,0,0,0,0,0,0,0,0,1000,1000,1000,1000,0,0,0,0,0
2025-12-15 00:59:28.300,SERVO_OUTPUT_RAW,1523509829,SERVO_OUTPUT_RAW,0,0,0,0,0,0,0,0,1000,1000,1000,1000,0,0,0,0,0
2025-12-15 00:59:28.400,SERVO_OUTPUT_RAW,1523609869,SERVO_OUTPUT_RAW,0,0,0,0,0,0,0,0,1000,1000,1000,1000,0,0,0,0,0
2025-12-15 00:59:28.501,SERVO_OUTPUT_RAW,1523709872,SERVO_OUTPUT_RAW,0,0,0,0,0,0,0,0,1000,1000,1000,1000,0,0,0,0,0
2025-12-15 00:59:28.601,SERVO_OUTPUT_RAW,1523809777,SERVO_OUTPUT_RAW,0,0,0,0,0,0,0,0,1000,1000,1000,1000,0,0,0,0,0
2025-12-15 00:59:28.701,SERVO_OUTPUT_RAW,1523909839,SERVO_OUTPUT_RAW,0,0,0,0,0,0,0,0,1000,1000,1000,1000,0,0,0,0,0
2025-12-15 00:59:28.800,SERVO_OUTPUT_RAW,1524009852,SERVO_OUTPUT_RAW,0,0,0,0,0,0,0,0,1000,1000,1000,1000,0,0,0,0,0
2025-12-15 00:59:28.901,SERVO_OUTPUT_RAW,1524109773,SERVO_OUTPUT_RAW,0,0,0,0,0,0,0,0,1000,1000,1000,1000,0,0,0,0,0
2025-12-15 00:59:29.000,SERVO_OUTPUT_RAW,1524209789,SERVO_OUTPUT_RAW,0,0,0,0,0,0,0,0,1000,1000,1000,1000,0,0,0,0,0
2025-12-15 00:59:29.100,SERVO_OUTPUT_RAW,1524309819,SERVO_OUTPUT_RAW,0,0,0,0,0,0,0,0,1000,1000,1000,1000,0,0,0,0,0
2025-12-15 00:59:29.200,SERVO_OUTPUT_RAW,1524409815,SERVO_OUTPUT_RAW,0,0,0,0,0,0,0,0,1000,1000,1000,1000,0,0,0,0,0
2025-12-15 00:59:29.300,SERVO_OUTPUT_RAW,1524509792,SERVO_OUTPUT_RAW,0,0,0,0,0,0,0,0,1000,1000,1000,1000,0,0,0,0,0
2025-12-15 00:59:29.400,SERVO_OUTPUT_RAW,1524609817,SERVO_OUTPUT_RAW,0,0,0,0,0,0,0,0,1000,1000,1000,1000,0,0,0,0,0
2025-12-15 00:59:29.500,SERVO_OUTPUT_RAW,1524709799,SERVO_OUTPUT_RAW,0,0,0,0,0,0,0,0,1000,1000,1000,1000,0,0,0,0,0
2025-12-15 00:59:29.600,SERVO_OUTPUT_RAW,1524809804,SERVO_OUTPUT_RAW,0,0,0,0,0,0,0,0,1000,1000,1000,1000,0,0,0,0,0
2025-12-15 00:59:29.700,SERVO_OUTPUT_RAW,1524909802,SERVO_OUTPUT_RAW,0,0,0,0,0,0,0,0,1000,1000,1000,1000,0,0,0,0,0
2025-12-15 00:59:29.800,SERVO_OUTPUT_RAW,1525009793,SERVO_OUTPUT_RAW,0,0,0,0,0,0,0,0,1000,1000,1000,1000,0,0,0,0,0
2025-12-15 00:59:29.900,SERVO_OUTPUT_RAW,1525109828,SERVO_OUTPUT_RAW,0,0,0,0,0,0,0,0,1000,1000,1000,1000,0,0,0,0,0
2025-12-15 00:59:30.000,SERVO_OUTPUT_RAW,1525209789,SERVO_OUTPUT_RAW,0,0,0,0,0,0,0,0,1000,1000,1000,1000,0,0,0,0,0
2025-12-15 00:59:30.100,SERVO_OUTPUT_RAW,1525309805,SERVO_OUTPUT_RAW,0,0,0,0,0,0,0,0,1000,1000,1000,1000,0,0,0,0,0
2025-12-15 00:59:30.200,SERVO_OUTPUT_RAW,1525409795,SERVO_OUTPUT_RAW,0,0,0,0,0,0,0,0,1000,1000,1000,1000,0,0,0,0,0
2025-12-15 00:59:30.300,SERVO_OUTPUT_RAW,1525512083,SERVO_OUTPUT_RAW,0,0,0,0,0,0,0,0,1000,1000,1000,1000,0,0,0,0,0
2025-12-15 00:59:30.400,SERVO_OUTPUT_RAW,1525609859,SERVO_OUTPUT_RAW,0,0,0,0,0,0,0,0,1000,1000,1000,1000,0,0,0,0,0
2025-12-15 00:59:30.500,SERVO_OUTPUT_RAW,1525709856,SERVO_OUTPUT_RAW,0,0,0,0,0,0,0,0,1000,1000,1000,1000,0,0,0,0,0
2025-12-15 00:59:30.600,SERVO_OUTPUT_RAW,1525809793,SERVO_OUTPUT_RAW,0,0,0,0,0,0,0,0,1000,1000,1000,1000,0,0,0,0,0
2025-12-15 00:59:30.701,SERVO_OUTPUT_RAW,1525909833,SERVO_OUTPUT_RAW,0,0,0,0,0,0,0,0,1000,1000,1000,1000,0,0,0,0,0
2025-12-15 00:59:30.801,SERVO_OUTPUT_RAW,1526009789,SERVO_OUTPUT_RAW,0,0,0,0,0,0,0,0,1000,1000,1000,1000,0,0,0,0,0
2025-12-15 00:59:30.900,SERVO_OUTPUT_RAW,1526109798,SERVO_OUTPUT_RAW,0,0,0,0,0,0,0,0,1000,1000,1000,1000,0,0,0,0,0
2025-12-15 00:59:30.999,SERVO_OUTPUT_RAW,1526209782,SERVO_OUTPUT_RAW,0,0,0,0,0,0,0,0,1000,1000,1000,1000,0,0,0,0,0
2025-12-15 00:59:31.100,SERVO_OUTPUT_RAW,1526309810,SERVO_OUTPUT_RAW,0,0,0,0,0,0,0,0,1000,1000,1000,1000,0,0,0,0,0
2025-12-15 00:59:31.200,SERVO_OUTPUT_RAW,1526409791,SERVO_OUTPUT_RAW,0,0,0,0,0,0,0,0,1000,1000,1000,1000,0,0,0,0,0
2025-12-15 00:59:31.299,SERVO_OUTPUT_RAW,1526509797,SERVO_OUTPUT_RAW,0,0,0,0,0,0,0,0,1000,1000,1000,1000,0,0,0,0,0
2025-12-15 00:59:31.400,SERVO_OUTPUT_RAW,1526609849,SERVO_OUTPUT_RAW,0,0,0,0,0,0,0,0,1000,1000,1000,1000,0,0,0,0,0
2025-12-15 00:59:31.499,SERVO_OUTPUT_RAW,1526709840,SERVO_OUTPUT_RAW,0,0,0,0,0,0,0,0,1000,1000,1000,1000,0,0,0,0,0
2025-12-15 00:59:31.599,SERVO_OUTPUT_RAW,1526809775,SERVO_OUTPUT_RAW,0,0,0,0,0,0,0,0,1000,1000,1000,1000,0,0,0,0,0
2025-12-15 00:59:31.700,SERVO_OUTPUT_RAW,1526909801,SERVO_OUTPUT_RAW,0,0,0,0,0,0,0,0,1000,1000,1000,1000,0,0,0,0,0
2025-12-15 00:59:31.799,SERVO_OUTPUT_RAW,1527009814,SERVO_OUTPUT_RAW,0,0,0,0,0,0,0,0,1000,1000,1000,1000,0,0,0,0,0
2025-12-15 00:59:31.899,SERVO_OUTPUT_RAW,1527109843,SERVO_OUTPUT_RAW,0,0,0,0,0,0,0,0,1000,1000,1000,1000,0,0,0,0,0
2025-12-15 00:59:32.000,SERVO_OUTPUT_RAW,1527209845,SERVO_OUTPUT_RAW,0,0,0,0,0,0,0,0,1000,1000,1000,1000,0,0,0,0,0
2025-12-15 00:59:32.099,SERVO_OUTPUT_RAW,1527309786,SERVO_OUTPUT_RAW,0,0,0,0,0,0,0,0,1000,1000,1000,1000,0,0,0,0,0
2025-12-15 00:59:32.199,SERVO_OUTPUT_RAW,1527409797,SERVO_OUTPUT_RAW,0,0,0,0,0,0,0,0,1000,1000,1000,1000,0,0,0,0,0
2025-12-15 00:59:32.299,SERVO_OUTPUT_RAW,1527509843,SERVO_OUTPUT_RAW,0,0,0,0,0,0,0,0,1000,1000,1000,1000,0,0,0,0,0
2025-12-15 00:59:32.405,SERVO_OUTPUT_RAW,1527609875,SERVO_OUTPUT_RAW,0,0,0,0,0,0,0,0,1000,1000,1000,1000,0,0,0,0,0
2025-12-15 00:59:32.500,SERVO_OUTPUT_RAW,1527709783,SERVO_OUTPUT_RAW,0,0,0,0,0,0,0,0,1000,1000,1000,1000,0,0,0,0,0
2025-12-15 00:59:32.600,SERVO_OUTPUT_RAW,1527809793,SERVO_OUTPUT_RAW,0,0,0,0,0,0,0,0,1000,1000,1000,1000,0,0,0,0,0
2025-12-15 00:59:32.700,SERVO_OUTPUT_RAW,1527909782,SERVO_OUTPUT_RAW,0,0,0,0,0,0,0,0,1000,1000,1000,1000,0,0,0,0,0
2025-12-15 00:59:32.800,SERVO_OUTPUT_RAW,1528009783,SERVO_OUTPUT_RAW,0,0,0,0,0,0,0,0,1000,1000,1000,1000,0,0,0,0,0
2025-12-15 00:59:32.900,SERVO_OUTPUT_RAW,1528109790,SERVO_OUTPUT_RAW,0,0,0,0,0,0,0,0,1000,1000,1000,1000,0,0,0,0,0
2025-12-15 00:59:33.000,SERVO_OUTPUT_RAW,1528209818,SERVO_OUTPUT_RAW,0,0,0,0,0,0,0,0,1000,1000,1000,1000,0,0,0,0,0
2025-12-15 00:59:33.100,SERVO_OUTPUT_RAW,1528309797,SERVO_OUTPUT_RAW,0,0,0,0,0,0,0,0,1000,1000,1000,1000,0,0,0,0,0
2025-12-15 00:59:33.200,SERVO_OUTPUT_RAW,1528409812,SERVO_OUTPUT_RAW,0,0,0,0,0,0,0,0,1000,1000,1000,1000,0,0,0,0,0
2025-12-15 00:59:33.300,SERVO_OUTPUT_RAW,1528509800,SERVO_OUTPUT_RAW,0,0,0,0,0,0,0,0,1000,1000,1000,1000,0,0,0,0,0
2025-12-15 00:59:33.400,SERVO_OUTPUT_RAW,1528609850,SERVO_OUTPUT_RAW,0,0,0,0,0,0,0,0,1000,1000,1000,1000,0,0,0,0,0
2025-12-15 00:59:33.500,SERVO_OUTPUT_RAW,1528709838,SERVO_OUTPUT_RAW,0,0,0,0,0,0,0,0,1000,1000,1000,1000,0,0,0,0,0
2025-12-15 00:59:33.600,SERVO_OUTPUT_RAW,1528809850,SERVO_OUTPUT_RAW,0,0,0,0,0,0,0,0,1000,1000,1000,1000,0,0,0,0,0
2025-12-15 00:59:33.700,SERVO_OUTPUT_RAW,1528909794,SERVO_OUTPUT_RAW,0,0,0,0,0,0,0,0,1000,1000,1000,1000,0,0,0,0,0
2025-12-15 00:59:33.800,SERVO_OUTPUT_RAW,1529009824,SERVO_OUTPUT_RAW,0,0,0,0,0,0,0,0,1000,1000,1000,1000,0,0,0,0,0
2025-12-15 00:59:33.900,SERVO_OUTPUT_RAW,1529109826,SERVO_OUTPUT_RAW,0,0,0,0,0,0,0,0,1000,1000,1000,1000,0,0,0,0,0
2025-12-15 00:59:34.000,SERVO_OUTPUT_RAW,1529209789,SERVO_OUTPUT_RAW,0,0,0,0,0,0,0,0,1000,1000,1000,1000,0,0,0,0,0
2025-12-15 00:59:34.100,SERVO_OUTPUT_RAW,1529309797,SERVO_OUTPUT_RAW,0,0,0,0,0,0,0,0,1000,1000,1000,1000,0,0,0,0,0
2025-12-15 00:59:34.200,SERVO_OUTPUT_RAW,1529409802,SERVO_OUTPUT_RAW,0,0,0,0,0,0,0,0,1000,1000,1000,1000,0,0,0,0,0
2025-12-15 00:59:34.300,SERVO_OUTPUT_RAW,1529509776,SERVO_OUTPUT_RAW,0,0,0,0,0,0,0,0,1000,1000,1000,1000,0,0,0,0,0
2025-12-15 00:59:34.400,SERVO_OUTPUT_RAW,1529609788,SERVO_OUTPUT_RAW,0,0,0,0,0,0,0,0,1000,1000,1000,1000,0,0,0,0,0
2025-12-15 00:59:34.500,SERVO_OUTPUT_RAW,1529712174,SERVO_OUTPUT_RAW,0,0,0,0,0,0,0,0,1000,1000,1000,1000,0,0,0,0,0
2025-12-15 00:59:34.600,SERVO_OUTPUT_RAW,1529809827,SERVO_OUTPUT_RAW,0,0,0,0,0,0,0,0,1000,1000,1000,1000,0,0,0,0,0
2025-12-15 00:59:34.700,SERVO_OUTPUT_RAW,1529909864,SERVO_OUTPUT_RAW,0,0,0,0,0,0,0,0,1000,1000,1000,1000,0,0,0,0,0
2025-12-15 00:59:34.800,SERVO_OUTPUT_RAW,1530009791,SERVO_OUTPUT_RAW,0,0,0,0,0,0,0,0,1000,1000,1000,1000,0,0,0,0,0
2025-12-15 00:59:34.901,SERVO_OUTPUT_RAW,1530109834,SERVO_OUTPUT_RAW,0,0,0,0,0,0,0,0,1000,1000,1000,1000,0,0,0,0,0
2025-12-15 00:59:35.000,SERVO_OUTPUT_RAW,1530209852,SERVO_OUTPUT_RAW,0,0,0,0,0,0,0,0,1000,1000,1000,1000,0,0,0,0,0
2025-12-15 00:59:35.100,SERVO_OUTPUT_RAW,1530309847,SERVO_OUTPUT_RAW,0,0,0,0,0,0,0,0,1000,1000,1000,1000,0,0,0,0,0
2025-12-15 00:59:35.200,SERVO_OUTPUT_RAW,1530409877,SERVO_OUTPUT_RAW,0,0,0,0,0,0,0,0,1000,1000,1000,1000,0,0,0,0,0
2025-12-15 00:59:35.300,SERVO_OUTPUT_RAW,1530509796,SERVO_OUTPUT_RAW,0,0,0,0,0,0,0,0,1000,1000,1000,1000,0,0,0,0,0
2025-12-15 00:59:35.400,SERVO_OUTPUT_RAW,1530609826,SERVO_OUTPUT_RAW,0,0,0,0,0,0,0,0,1000,1000,1000,1000,0,0,0,0,0
2025-12-15 00:59:35.500,SERVO_OUTPUT_RAW,1530709821,SERVO_OUTPUT_RAW,0,0,0,0,0,0,0,0,1000,1000,1000,1000,0,0,0,0,0
2025-12-15 00:59:35.600,SERVO_OUTPUT_RAW,1530809775,SERVO_OUTPUT_RAW,0,0,0,0,0,0,0,0,1000,1000,1000,1000,0,0,0,0,0
2025-12-15 00:59:35.700,SERVO_OUTPUT_RAW,1530909779,SERVO_OUTPUT_RAW,0,0,0,0,0,0,0,0,1000,1000,1000,1000,0,0,0,0,0
2025-12-15 00:59:35.800,SERVO_OUTPUT_RAW,1531009780,SERVO_OUTPUT_RAW,0,0,0,0,0,0,0,0,1000,1000,1000,1000,0,0,0,0,0
2025-12-15 00:59:35.900,SERVO_OUTPUT_RAW,1531109815,SERVO_OUTPUT_RAW,0,0,0,0,0,0,0,0,1000,1000,1000,1000,0,0,0,0,0
2025-12-15 00:59:36.001,SERVO_OUTPUT_RAW,1531209786,SERVO_OUTPUT_RAW,0,0,0,0,0,0,0,0,1000,1000,1000,1000,0,0,0,0,0
2025-12-15 00:59:36.100,SERVO_OUTPUT_RAW,1531309825,SERVO_OUTPUT_RAW,0,0,0,0,0,0,0,0,1000,1000,1000,1000,0,0,0,0,0
2025-12-15 00:59:36.201,SERVO_OUTPUT_RAW,1531409794,SERVO_OUTPUT_RAW,0,0,0,0,0,0,0,0,1000,1000,1000,1000,0,0,0,0,0
2025-12-15 00:59:36.300,SERVO_OUTPUT_RAW,1531509848,SERVO_OUTPUT_RAW,0,0,0,0,0,0,0,0,1000,1000,1000,1000,0,0,0,0,0
2025-12-15 00:59:36.400,SERVO_OUTPUT_RAW,1531609786,SERVO_OUTPUT_RAW,0,0,0,0,0,0,0,0,1000,1000,1000,1000,0,0,0,0,0
2025-12-15 00:59:36.500,SERVO_OUTPUT_RAW,1531709835,SERVO_OUTPUT_RAW,0,0,0,0,0,0,0,0,1000,1000,1000,1000,0,0,0,0,0
2025-12-15 00:59:36.600,SERVO_OUTPUT_RAW,1531812068,SERVO_OUTPUT_RAW,0,0,0,0,0,0,0,0,1000,1000,1000,1000,0,0,0,0,0
2025-12-15 00:59:36.700,SERVO_OUTPUT_RAW,1531909801,SERVO_OUTPUT_RAW,0,0,0,0,0,0,0,0,1000,1000,1000,1000,0,0,0,0,0
2025-12-15 00:59:36.801,SERVO_OUTPUT_RAW,1532009792,SERVO_OUTPUT_RAW,0,0,0,0,0,0,0,0,1000,1000,1000,1000,0,0,0,0,0
2025-12-15 00:59:36.900,SERVO_OUTPUT_RAW,1532109816,SERVO_OUTPUT_RAW,0,0,0,0,0,0,0,0,1000,1000,1000,1000,0,0,0,0,0
2025-12-15 00:59:37.001,SERVO_OUTPUT_RAW,1532209810,SERVO_OUTPUT_RAW,0,0,0,0,0,0,0,0,1000,1000,1000,1000,0,0,0,0,0
2025-12-15 00:59:37.100,SERVO_OUTPUT_RAW,1532309845,SERVO_OUTPUT_RAW,0,0,0,0,0,0,0,0,1000,1000,1000,1000,0,0,0,0,0
2025-12-15 00:59:37.200,SERVO_OUTPUT_RAW,1532409788,SERVO_OUTPUT_RAW,0,0,0,0,0,0,0,0,1000,1000,1000,1000,0,0,0,0,0
2025-12-15 00:59:37.301,SERVO_OUTPUT_RAW,1532509783,SERVO_OUTPUT_RAW,0,0,0,0,0,0,0,0,1000,1000,1000,1000,0,0,0,0,0
2025-12-15 00:59:37.400,SERVO_OUTPUT_RAW,1532609807,SERVO_OUTPUT_RAW,0,0,0,0,0,0,0,0,1000,1000,1000,1000,0,0,0,0,0
2025-12-15 00:59:37.501,SERVO_OUTPUT_RAW,1532709809,SERVO_OUTPUT_RAW,0,0,0,0,0,0,0,0,1000,1000,1000,1000,0,0,0,0,0
2025-12-15 00:59:37.600,SERVO_OUTPUT_RAW,1532809791,SERVO_OUTPUT_RAW,0,0,0,0,0,0,0,0,1000,1000,1000,1000,0,0,0,0,0
2025-12-15 00:59:37.700,SERVO_OUTPUT_RAW,1532909844,SERVO_OUTPUT_RAW,0,0,0,0,0,0,0,0,1000,1000,1000,1000,0,0,0,0,0
2025-12-15 00:59:37.801,SERVO_OUTPUT_RAW,1533009839,SERVO_OUTPUT_RAW,0,0,0,0,0,0,0,0,1000,1000,1000,1000,0,0,0,0,0
2025-12-15 00:59:37.900,SERVO_OUTPUT_RAW,1533109822,SERVO_OUTPUT_RAW,0,0,0,0,0,0,0,0,1000,1000,1000,1000,0,0,0,0,0
2025-12-15 00:59:38.000,SERVO_OUTPUT_RAW,1533209799,SERVO_OUTPUT_RAW,0,0,0,0,0,0,0,0,1000,1000,1000,1000,0,0,0,0,0
2025-12-15 00:59:38.100,SERVO_OUTPUT_RAW,1533309853,SERVO_OUTPUT_RAW,0,0,0,0,0,0,0,0,1000,1000,1000,1000,0,0,0,0,0
2025-12-15 00:59:38.200,SERVO_OUTPUT_RAW,1533409851,SERVO_OUTPUT_RAW,0,0,0,0,0,0,0,0,1000,1000,1000,1000,0,0,0,0,0
2025-12-15 00:59:38.301,SERVO_OUTPUT_RAW,1533509783,SERVO_OUTPUT_RAW,0,0,0,0,0,0,0,0,1000,1000,1000,1000,0,0,0,0,0
2025-12-15 00:59:38.401,SERVO_OUTPUT_RAW,1533609805,SERVO_OUTPUT_RAW,0,0,0,0,0,0,0,0,1000,1000,1000,1000,0,0,0,0,0
2025-12-15 00:59:38.500,SERVO_OUTPUT_RAW,1533709812,SERVO_OUTPUT_RAW,0,0,0,0,0,0,0,0,1000,1000,1000,1000,0,0,0,0,0
2025-12-15 00:59:38.600,SERVO_OUTPUT_RAW,1533809827,SERVO_OUTPUT_RAW,0,0,0,0,0,0,0,0,1000,1000,1000,1000,0,0,0,0,0
2025-12-15 00:59:38.701,SERVO_OUTPUT_RAW,1533909871,SERVO_OUTPUT_RAW,0,0,0,0,0,0,0,0,1000,1000,1000,1000,0,0,0,0,0
2025-12-15 00:59:38.801,SERVO_OUTPUT_RAW,1534009798,SERVO_OUTPUT_RAW,0,0,0,0,0,0,0,0,1000,1000,1000,1000,0,0,0,0,0
2025-12-15 00:59:38.900,SERVO_OUTPUT_RAW,1534109798,SERVO_OUTPUT_RAW,0,0,0,0,0,0,0,0,1000,1000,1000,1000,0,0,0,0,0
2025-12-15 00:59:39.000,SERVO_OUTPUT_RAW,1534209782,SERVO_OUTPUT_RAW,0,0,0,0,0,0,0,0,1000,1000,1000,1000,0,0,0,0,0
2025-12-15 00:59:39.100,SERVO_OUTPUT_RAW,1534312114,SERVO_OUTPUT_RAW,0,0,0,0,0,0,0,0,1000,1000,1000,1000,0,0,0,0,0
2025-12-15 00:59:39.200,SERVO_OUTPUT_RAW,1534409805,SERVO_OUTPUT_RAW,0,0,0,0,0,0,0,0,1000,1000,1000,1000,0,0,0,0,0
2025-12-15 00:59:39.301,SERVO_OUTPUT_RAW,1534509850,SERVO_OUTPUT_RAW,0,0,0,0,0,0,0,0,1000,1000,1000,1000,0,0,0,0,0
2025-12-15 00:59:39.400,SERVO_OUTPUT_RAW,1534609858,SERVO_OUTPUT_RAW,0,0,0,0,0,0,0,0,1000,1000,1000,1000,0,0,0,0,0
2025-12-15 00:59:39.500,SERVO_OUTPUT_RAW,1534709827,SERVO_OUTPUT_RAW,0,0,0,0,0,0,0,0,1000,1000,1000,1000,0,0,0,0,0
2025-12-15 00:59:39.600,SERVO_OUTPUT_RAW,1534809822,SERVO_OUTPUT_RAW,0,0,0,0,0,0,0,0,1000,1000,1000,1000,0,0,0,0,0
2025-12-15 00:59:39.700,SERVO_OUTPUT_RAW,1534909830,SERVO_OUTPUT_RAW,0,0,0,0,0,0,0,0,1000,1000,1000,1000,0,0,0,0,0
2025-12-15 00:59:39.801,SERVO_OUTPUT_RAW,1535009832,SERVO_OUTPUT_RAW,0,0,0,0,0,0,0,0,1000,1000,1000,1000,0,0,0,0,0
2025-12-15 00:59:39.902,SERVO_OUTPUT_RAW,1535109778,SERVO_OUTPUT_RAW,0,0,0,0,0,0,0,0,1000,1000,1000,1000,0,0,0,0,0
2025-12-15 00:59:40.001,SERVO_OUTPUT_RAW,1535209802,SERVO_OUTPUT_RAW,0,0,0,0,0,0,0,0,1000,1000,1000,1000,0,0,0,0,0
2025-12-15 00:59:40.101,SERVO_OUTPUT_RAW,1535309813,SERVO_OUTPUT_RAW,0,0,0,0,0,0,0,0,1000,1000,1000,1000,0,0,0,0,0
2025-12-15 00:59:40.201,SERVO_OUTPUT_RAW,1535409781,SERVO_OUTPUT_RAW,0,0,0,0,0,0,0,0,1000,1000,1000,1000,0,0,0,0,0
2025-12-15 00:59:40.301,SERVO_OUTPUT_RAW,1535509787,SERVO_OUTPUT_RAW,0,0,0,0,0,0,0,0,1000,1000,1000,1000,0,0,0,0,0
2025-12-15 00:59:40.401,SERVO_OUTPUT_RAW,1535609831,SERVO_OUTPUT_RAW,0,0,0,0,0,0,0,0,1000,1000,1000,1000,0,0,0,0,0
2025-12-15 00:59:40.501,SERVO_OUTPUT_RAW,1535709792,SERVO_OUTPUT_RAW,0,0,0,0,0,0,0,0,1000,1000,1000,1000,0,0,0,0,0
2025-12-15 00:59:40.600,SERVO_OUTPUT_RAW,1535809791,SERVO_OUTPUT_RAW,0,0,0,0,0,0,0,0,1000,1000,1000,1000,0,0,0,0,0
2025-12-15 00:59:40.700,SERVO_OUTPUT_RAW,1535909789,SERVO_OUTPUT_RAW,0,0,0,0,0,0,0,0,1000,1000,1000,1000,0,0,0,0,0
2025-12-15 00:59:40.800,SERVO_OUTPUT_RAW,1536012173,SERVO_OUTPUT_RAW,0,0,0,0,0,0,0,0,1000,1000,1000,1000,0,0,0,0,0
2025-12-15 00:59:40.900,SERVO_OUTPUT_RAW,1536109833,SERVO_OUTPUT_RAW,0,0,0,0,0,0,0,0,1000,1000,1000,1000,0,0,0,0,0
2025-12-15 00:59:41.000,SERVO_OUTPUT_RAW,1536209826,SERVO_OUTPUT_RAW,0,0,0,0,0,0,0,0,1000,1000,1000,1000,0,0,0,0,0
2025-12-15 00:59:41.100,SERVO_OUTPUT_RAW,1536309785,SERVO_OUTPUT_RAW,0,0,0,0,0,0,0,0,1000,1000,1000,1000,0,0,0,0,0
2025-12-15 00:59:41.200,SERVO_OUTPUT_RAW,1536409824,SERVO_OUTPUT_RAW,0,0,0,0,0,0,0,0,1000,1000,1000,1000,0,0,0,0,0
2025-12-15 00:59:41.301,SERVO_OUTPUT_RAW,1536509850,SERVO_OUTPUT_RAW,0,0,0,0,0,0,0,0,1000,1000,1000,1000,0,0,0,0,0
2025-12-15 00:59:41.400,SERVO_OUTPUT_RAW,1536609858,SERVO_OUTPUT_RAW,0,0,0,0,0,0,0,0,1000,1000,1000,1000,0,0,0,0,0
2025-12-15 00:59:41.500,SERVO_OUTPUT_RAW,1536709786,SERVO_OUTPUT_RAW,0,0,0,0,0,0,0,0,1000,1000,1000,1000,0,0,0,0,0
2025-12-15 00:59:41.600,SERVO_OUTPUT_RAW,1536809812,SERVO_OUTPUT_RAW,0,0,0,0,0,0,0,0,1000,1000,1000,1000,0,0,0,0,0
2025-12-15 00:59:41.700,SERVO_OUTPUT_RAW,1536909826,SERVO_OUTPUT_RAW,0,0,0,0,0,0,0,0,1000,1000,1000,1000,0,0,0,0,0
2025-12-15 00:59:41.800,SERVO_OUTPUT_RAW,1537009794,SERVO_OUTPUT_RAW,0,0,0,0,0,0,0,0,1000,1000,1000,1000,0,0,0,0,0
2025-12-15 00:59:41.900,SERVO_OUTPUT_RAW,1537109783,SERVO_OUTPUT_RAW,0,0,0,0,0,0,0,0,1000,1000,1000,1000,0,0,0,0,0
2025-12-15 00:59:42.000,SERVO_OUTPUT_RAW,1537209798,SERVO_OUTPUT_RAW,0,0,0,0,0,0,0,0,1000,1000,1000,1000,0,0,0,0,0
2025-12-15 00:59:42.100,SERVO_OUTPUT_RAW,1537309778,SERVO_OUTPUT_RAW,0,0,0,0,0,0,0,0,1000,1000,1000,1000,0,0,0,0,0
2025-12-15 00:59:42.200,SERVO_OUTPUT_RAW,1537409795,SERVO_OUTPUT_RAW,0,0,0,0,0,0,0,0,1000,1000,1000,1000,0,0,0,0,0
2025-12-15 00:59:42.300,SERVO_OUTPUT_RAW,1537509831,SERVO_OUTPUT_RAW,0,0,0,0,0,0,0,0,1000,1000,1000,1000,0,0,0,0,0
2025-12-15 00:59:42.402,SERVO_OUTPUT_RAW,1537609823,SERVO_OUTPUT_RAW,0,0,0,0,0,0,0,0,1000,1000,1000,1000,0,0,0,0,0
2025-12-15 00:59:42.500,SERVO_OUTPUT_RAW,1537709831,SERVO_OUTPUT_RAW,0,0,0,0,0,0,0,0,1000,1000,1000,1000,0,0,0,0,0
2025-12-15 00:59:42.599,SERVO_OUTPUT_RAW,1537809803,SERVO_OUTPUT_RAW,0,0,0,0,0,0,0,0,1000,1000,1000,1000,0,0,0,0,0
2025-12-15 00:59:42.700,SERVO_OUTPUT_RAW,1537909808,SERVO_OUTPUT_RAW,0,0,0,0,0,0,0,0,1000,1000,1000,1000,0,0,0,0,0
2025-12-15 00:59:42.800,SERVO_OUTPUT_RAW,1538009842,SERVO_OUTPUT_RAW,0,0,0,0,0,0,0,0,1000,1000,1000,1000,0,0,0,0,0
2025-12-15 00:59:42.900,SERVO_OUTPUT_RAW,1538112088,SERVO_OUTPUT_RAW,0,0,0,0,0,0,0,0,1000,1000,1000,1000,0,0,0,0,0
2025-12-15 00:59:43.000,SERVO_OUTPUT_RAW,1538209782,SERVO_OUTPUT_RAW,0,0,0,0,0,0,0,0,1000,1000,1000,1000,0,0,0,0,0
2025-12-15 00:59:43.100,SERVO_OUTPUT_RAW,1538309804,SERVO_OUTPUT_RAW,0,0,0,0,0,0,0,0,1000,1000,1000,1000,0,0,0,0,0
2025-12-15 00:59:43.200,SERVO_OUTPUT_RAW,1538409811,SERVO_OUTPUT_RAW,0,0,0,0,0,0,0,0,1000,1000,1000,1000,0,0,0,0,0
2025-12-15 00:59:43.301,SERVO_OUTPUT_RAW,1538509837,SERVO_OUTPUT_RAW,0,0,0,0,0,0,0,0,1000,1000,1000,1000,0,0,0,0,0
2025-12-15 00:59:43.400,SERVO_OUTPUT_RAW,1538609783,SERVO_OUTPUT_RAW,0,0,0,0,0,0,0,0,1000,1000,1000,1000,0,0,0,0,0
2025-12-15 00:59:43.500,SERVO_OUTPUT_RAW,1538709787,SERVO_OUTPUT_RAW,0,0,0,0,0,0,0,0,1000,1000,1000,1000,0,0,0,0,0
2025-12-15 00:59:43.600,SERVO_OUTPUT_RAW,1538809787,SERVO_OUTPUT_RAW,0,0,0,0,0,0,0,0,1000,1000,1000,1000,0,0,0,0,0
2025-12-15 00:59:43.701,SERVO_OUTPUT_RAW,1538909798,SERVO_OUTPUT_RAW,0,0,0,0,0,0,0,0,1000,1000,1000,1000,0,0,0,0,0
2025-12-15 00:59:43.801,SERVO_OUTPUT_RAW,1539009803,SERVO_OUTPUT_RAW,0,0,0,0,0,0,0,0,1000,1000,1000,1000,0,0,0,0,0
2025-12-15 00:59:43.900,SERVO_OUTPUT_RAW,1539109853,SERVO_OUTPUT_RAW,0,0,0,0,0,0,0,0,1000,1000,1000,1000,0,0,0,0,0
2025-12-15 00:59:44.000,SERVO_OUTPUT_RAW,1539209845,SERVO_OUTPUT_RAW,0,0,0,0,0,0,0,0,1000,1000,1000,1000,0,0,0,0,0
2025-12-15 00:59:44.100,SERVO_OUTPUT_RAW,1539309855,SERVO_OUTPUT_RAW,0,0,0,0,0,0,0,0,1000,1000,1000,1000,0,0,0,0,0
2025-12-15 00:59:44.200,SERVO_OUTPUT_RAW,1539409781,SERVO_OUTPUT_RAW,0,0,0,0,0,0,0,0,1000,1000,1000,1000,0,0,0,0,0
2025-12-15 00:59:44.300,SERVO_OUTPUT_RAW,1539509837,SERVO_OUTPUT_RAW,0,0,0,0,0,0,0,0,1000,1000,1000,1000,0,0,0,0,0
2025-12-15 00:59:44.400,SERVO_OUTPUT_RAW,1539609841,SERVO_OUTPUT_RAW,0,0,0,0,0,0,0,0,1000,1000,1000,1000,0,0,0,0,0
2025-12-15 00:59:44.500,SERVO_OUTPUT_RAW,1539709817,SERVO_OUTPUT_RAW,0,0,0,0,0,0,0,0,1000,1000,1000,1000,0,0,0,0,0
2025-12-15 00:59:44.600,SERVO_OUTPUT_RAW,1539809774,SERVO_OUTPUT_RAW,0,0,0,0,0,0,0,0,1000,1000,1000,1000,0,0,0,0,0
2025-12-15 00:59:44.700,SERVO_OUTPUT_RAW,1539909801,SERVO_OUTPUT_RAW,0,0,0,0,0,0,0,0,1000,1000,1000,1000,0,0,0,0,0
2025-12-15 00:59:44.800,SERVO_OUTPUT_RAW,1540009824,SERVO_OUTPUT_RAW,0,0,0,0,0,0,0,0,1000,1000,1000,1000,0,0,0,0,0
2025-12-15 00:59:44.900,SERVO_OUTPUT_RAW,1540109835,SERVO_OUTPUT_RAW,0,0,0,0,0,0,0,0,1000,1000,1000,1000,0,0,0,0,0
2025-12-15 00:59:45.000,SERVO_OUTPUT_RAW,1540209894,SERVO_OUTPUT_RAW,0,0,0,0,0,0,0,0,1000,1000,1000,1000,0,0,0,0,0
2025-12-15 00:59:45.100,SERVO_OUTPUT_RAW,1540309793,SERVO_OUTPUT_RAW,0,0,0,0,0,0,0,0,1000,1000,1000,1000,0,0,0,0,0
2025-12-15 00:59:45.200,SERVO_OUTPUT_RAW,1540409786,SERVO_OUTPUT_RAW,0,0,0,0,0,0,0,0,1000,1000,1000,1000,0,0,0,0,0
2025-12-15 00:59:45.300,SERVO_OUTPUT_RAW,1540509800,SERVO_OUTPUT_RAW,0,0,0,0,0,0,0,0,1000,1000,1000,1000,0,0,0,0,0
2025-12-15 00:59:45.401,SERVO_OUTPUT_RAW,1540609804,SERVO_OUTPUT_RAW,0,0,0,0,0,0,0,0,1000,1000,1000,1000,0,0,0,0,0
2025-12-15 00:59:45.501,SERVO_OUTPUT_RAW,1540709833,SERVO_OUTPUT_RAW,0,0,0,0,0,0,0,0,1000,1000,1000,1000,0,0,0,0,0
2025-12-15 00:59:45.601,SERVO_OUTPUT_RAW,1540809843,SERVO_OUTPUT_RAW,0,0,0,0,0,0,0,0,1000,1000,1000,1000,0,0,0,0,0
2025-12-15 00:59:45.700,SERVO_OUTPUT_RAW,1540909799,SERVO_OUTPUT_RAW,0,0,0,0,0,0,0,0,1000,1000,1000,1000,0,0,0,0,0
2025-12-15 00:59:45.801,SERVO_OUTPUT_RAW,1541012139,SERVO_OUTPUT_RAW,0,0,0,0,0,0,0,0,1000,1000,1000,1000,0,0,0,0,0
2025-12-15 00:59:45.901,SERVO_OUTPUT_RAW,1541109817,SERVO_OUTPUT_RAW,0,0,0,0,0,0,0,0,1000,1000,1000,1000,0,0,0,0,0
2025-12-15 00:59:46.000,SERVO_OUTPUT_RAW,1541209843,SERVO_OUTPUT_RAW,0,0,0,0,0,0,0,0,1000,1000,1000,1000,0,0,0,0,0
2025-12-15 00:59:46.100,SERVO_OUTPUT_RAW,1541309811,SERVO_OUTPUT_RAW,0,0,0,0,0,0,0,0,1000,1000,1000,1000,0,0,0,0,0
2025-12-15 00:59:46.200,SERVO_OUTPUT_RAW,1541409809,SERVO_OUTPUT_RAW,0,0,0,0,0,0,0,0,1000,1000,1000,1000,0,0,0,0,0
2025-12-15 00:59:46.300,SERVO_OUTPUT_RAW,1541509836,SERVO_OUTPUT_RAW,0,0,0,0,0,0,0,0,1000,1000,1000,1000,0,0,0,0,0
2025-12-15 00:59:46.400,SERVO_OUTPUT_RAW,1541609818,SERVO_OUTPUT_RAW,0,0,0,0,0,0,0,0,1000,1000,1000,1000,0,0,0,0,0
2025-12-15 00:59:46.500,SERVO_OUTPUT_RAW,1541709779,SERVO_OUTPUT_RAW,0,0,0,0,0,0,0,0,1000,1000,1000,1000,0,0,0,0,0
2025-12-15 00:59:46.601,SERVO_OUTPUT_RAW,1541809785,SERVO_OUTPUT_RAW,0,0,0,0,0,0,0,0,1000,1000,1000,1000,0,0,0,0,0
2025-12-15 00:59:46.701,SERVO_OUTPUT_RAW,1541909808,SERVO_OUTPUT_RAW,0,0,0,0,0,0,0,0,1000,1000,1000,1000,0,0,0,0,0
2025-12-15 00:59:46.800,SERVO_OUTPUT_RAW,1542009798,SERVO_OUTPUT_RAW,0,0,0,0,0,0,0,0,1000,1000,1000,1000,0,0,0,0,0
2025-12-15 00:59:46.901,SERVO_OUTPUT_RAW,1542109782,SERVO_OUTPUT_RAW,0,0,0,0,0,0,0,0,1000,1000,1000,1000,0,0,0,0,0
2025-12-15 00:59:47.001,SERVO_OUTPUT_RAW,1542209797,SERVO_OUTPUT_RAW,0,0,0,0,0,0,0,0,1000,1000,1000,1000,0,0,0,0,0
2025-12-15 00:59:47.101,SERVO_OUTPUT_RAW,1542312173,SERVO_OUTPUT_RAW,0,0,0,0,0,0,0,0,1000,1000,1000,1000,0,0,0,0,0
2025-12-15 00:59:47.201,SERVO_OUTPUT_RAW,1542412142,SERVO_OUTPUT_RAW,0,0,0,0,0,0,0,0,1000,1000,1000,1000,0,0,0,0,0
2025-12-15 00:59:47.300,SERVO_OUTPUT_RAW,1542509818,SERVO_OUTPUT_RAW,0,0,0,0,0,0,0,0,1000,1000,1000,1000,0,0,0,0,0
2025-12-15 00:59:47.401,SERVO_OUTPUT_RAW,1542609844,SERVO_OUTPUT_RAW,0,0,0,0,0,0,0,0,1000,1000,1000,1000,0,0,0,0,0
2025-12-15 00:59:47.501,SERVO_OUTPUT_RAW,1542709842,SERVO_OUTPUT_RAW,0,0,0,0,0,0,0,0,1000,1000,1000,1000,0,0,0,0,0
2025-12-15 00:59:47.601,SERVO_OUTPUT_RAW,1542809848,SERVO_OUTPUT_RAW,0,0,0,0,0,0,0,0,1000,1000,1000,1000,0,0,0,0,0
2025-12-15 00:59:47.701,SERVO_OUTPUT_RAW,1542909788,SERVO_OUTPUT_RAW,0,0,0,0,0,0,0,0,1000,1000,1000,1000,0,0,0,0,0
2025-12-15 00:59:47.801,SERVO_OUTPUT_RAW,1543009819,SERVO_OUTPUT_RAW,0,0,0,0,0,0,0,0,1000,1000,1000,1000,0,0,0,0,0
2025-12-15 00:59:47.901,SERVO_OUTPUT_RAW,1543109816,SERVO_OUTPUT_RAW,0,0,0,0,0,0,0,0,1000,1000,1000,1000,0,0,0,0,0
2025-12-15 00:59:48.001,SERVO_OUTPUT_RAW,1543209776,SERVO_OUTPUT_RAW,0,0,0,0,0,0,0,0,1000,1000,1000,1000,0,0,0,0,0
2025-12-15 00:59:48.101,SERVO_OUTPUT_RAW,1543309778,SERVO_OUTPUT_RAW,0,0,0,0,0,0,0,0,1000,1000,1000,1000,0,0,0,0,0
2025-12-15 00:59:48.201,SERVO_OUTPUT_RAW,1543409788,SERVO_OUTPUT_RAW,0,0,0,0,0,0,0,0,1000,1000,1000,1000,0,0,0,0,0
2025-12-15 00:59:48.301,SERVO_OUTPUT_RAW,1543509794,SERVO_OUTPUT_RAW,0,0,0,0,0,0,0,0,1000,1000,1000,1000,0,0,0,0,0
2025-12-15 00:59:48.401,SERVO_OUTPUT_RAW,1543609784,SERVO_OUTPUT_RAW,0,0,0,0,0,0,0,0,1000,1000,1000,1000,0,0,0,0,0
2025-12-15 00:59:48.501,SERVO_OUTPUT_RAW,1543709804,SERVO_OUTPUT_RAW,0,0,0,0,0,0,0,0,1000,1000,1000,1000,0,0,0,0,0
2025-12-15 00:59:48.601,SERVO_OUTPUT_RAW,1543809823,SERVO_OUTPUT_RAW,0,0,0,0,0,0,0,0,1000,1000,1000,1000,0,0,0,0,0
2025-12-15 00:59:48.701,SERVO_OUTPUT_RAW,1543909839,SERVO_OUTPUT_RAW,0,0,0,0,0,0,0,0,1000,1000,1000,1000,0,0,0,0,0
2025-12-15 00:59:48.801,SERVO_OUTPUT_RAW,1544009878,SERVO_OUTPUT_RAW,0,0,0,0,0,0,0,0,1000,1000,1000,1000,0,0,0,0,0
2025-12-15 00:59:48.901,SERVO_OUTPUT_RAW,1544109781,SERVO_OUTPUT_RAW,0,0,0,0,0,0,0,0,1000,1000,1000,1000,0,0,0,0,0
2025-12-15 00:59:49.001,SERVO_OUTPUT_RAW,1544209823,SERVO_OUTPUT_RAW,0,0,0,0,0,0,0,0,1000,1000,1000,1000,0,0,0,0,0
2025-12-15 00:59:49.101,SERVO_OUTPUT_RAW,1544309868,SERVO_OUTPUT_RAW,0,0,0,0,0,0,0,0,1000,1000,1000,1000,0,0,0,0,0
2025-12-15 00:59:49.201,SERVO_OUTPUT_RAW,1544409909,SERVO_OUTPUT_RAW,0,0,0,0,0,0,0,0,1000,1000,1000,1000,0,0,0,0,0
2025-12-15 00:59:49.301,SERVO_OUTPUT_RAW,1544509805,SERVO_OUTPUT_RAW,0,0,0,0,0,0,0,0,1000,1000,1000,1000,0,0,0,0,0
2025-12-15 00:59:49.401,SERVO_OUTPUT_RAW,1544609823,SERVO_OUTPUT_RAW,0,0,0,0,0,0,0,0,1000,1000,1000,1000,0,0,0,0,0
2025-12-15 00:59:49.501,SERVO_OUTPUT_RAW,1544709805,SERVO_OUTPUT_RAW,0,0,0,0,0,0,0,0,1000,1000,1000,1000,0,0,0,0,0
2025-12-15 00:59:49.601,SERVO_OUTPUT_RAW,1544809777,SERVO_OUTPUT_RAW,0,0,0,0,0,0,0,0,1000,1000,1000,1000,0,0,0,0,0
2025-12-15 00:59:49.701,SERVO_OUTPUT_RAW,1544909784,SERVO_OUTPUT_RAW,0,0,0,0,0,0,0,0,1000,1000,1000,1000,0,0,0,0,0
2025-12-15 00:59:49.801,SERVO_OUTPUT_RAW,1545009795,SERVO_OUTPUT_RAW,0,0,0,0,0,0,0,0,1000,1000,1000,1000,0,0,0,0,0
2025-12-15 00:59:49.901,SERVO_OUTPUT_RAW,1545109778,SERVO_OUTPUT_RAW,0,0,0,0,0,0,0,0,1000,1000,1000,1000,0,0,0,0,0
2025-12-15 00:59:50.000,SERVO_OUTPUT_RAW,1545209783,SERVO_OUTPUT_RAW,0,0,0,0,0,0,0,0,1000,1000,1000,1000,0,0,0,0,0
2025-12-15 00:59:50.100,SERVO_OUTPUT_RAW,1545312136,SERVO_OUTPUT_RAW,0,0,0,0,0,0,0,0,1000,1000,1000,1000,0,0,0,0,0
2025-12-15 00:59:50.200,SERVO_OUTPUT_RAW,1545409834,SERVO_OUTPUT_RAW,0,0,0,0,0,0,0,0,1000,1000,1000,1000,0,0,0,0,0
2025-12-15 00:59:50.301,SERVO_OUTPUT_RAW,1545509866,SERVO_OUTPUT_RAW,0,0,0,0,0,0,0,0,1000,1000,1000,1000,0,0,0,0,0
2025-12-15 00:59:50.400,SERVO_OUTPUT_RAW,1545609799,SERVO_OUTPUT_RAW,0,0,0,0,0,0,0,0,1000,1000,1000,1000,0,0,0,0,0
2025-12-15 00:59:50.500,SERVO_OUTPUT_RAW,1545709798,SERVO_OUTPUT_RAW,0,0,0,0,0,0,0,0,1000,1000,1000,1000,0,0,0,0,0
2025-12-15 00:59:50.601,SERVO_OUTPUT_RAW,1545809833,SERVO_OUTPUT_RAW,0,0,0,0,0,0,0,0,1000,1000,1000,1000,0,0,0,0,0
2025-12-15 00:59:50.701,SERVO_OUTPUT_RAW,1545909856,SERVO_OUTPUT_RAW,0,0,0,0,0,0,0,0,1000,1000,1000,1000,0,0,0,0,0
2025-12-15 00:59:50.800,SERVO_OUTPUT_RAW,1546009784,SERVO_OUTPUT_RAW,0,0,0,0,0,0,0,0,1000,1000,1000,1000,0,0,0,0,0
2025-12-15 00:59:50.900,SERVO_OUTPUT_RAW,1546109791,SERVO_OUTPUT_RAW,0,0,0,0,0,0,0,0,1000,1000,1000,1000,0,0,0,0,0
2025-12-15 00:59:51.001,SERVO_OUTPUT_RAW,1546209821,SERVO_OUTPUT_RAW,0,0,0,0,0,0,0,0,1000,1000,1000,1000,0,0,0,0,0
2025-12-15 00:59:51.101,SERVO_OUTPUT_RAW,1546309812,SERVO_OUTPUT_RAW,0,0,0,0,0,0,0,0,1000,1000,1000,1000,0,0,0,0,0
2025-12-15 00:59:51.201,SERVO_OUTPUT_RAW,1546409798,SERVO_OUTPUT_RAW,0,0,0,0,0,0,0,0,1000,1000,1000,1000,0,0,0,0,0
2025-12-15 00:59:51.300,SERVO_OUTPUT_RAW,1546509842,SERVO_OUTPUT_RAW,0,0,0,0,0,0,0,0,1000,1000,1000,1000,0,0,0,0,0
2025-12-15 00:59:51.400,SERVO_OUTPUT_RAW,1546609791,SERVO_OUTPUT_RAW,0,0,0,0,0,0,0,0,1000,1000,1000,1000,0,0,0,0,0
2025-12-15 00:59:51.500,SERVO_OUTPUT_RAW,1546709787,SERVO_OUTPUT_RAW,0,0,0,0,0,0,0,0,1000,1000,1000,1000,0,0,0,0,0
2025-12-15 00:59:51.600,SERVO_OUTPUT_RAW,1546809782,SERVO_OUTPUT_RAW,0,0,0,0,0,0,0,0,1000,1000,1000,1000,0,0,0,0,0
2025-12-15 00:59:51.700,SERVO_OUTPUT_RAW,1546909849,SERVO_OUTPUT_RAW,0,0,0,0,0,0,0,0,1000,1000,1000,1000,0,0,0,0,0
2025-12-15 00:59:51.800,SERVO_OUTPUT_RAW,1547009840,SERVO_OUTPUT_RAW,0,0,0,0,0,0,0,0,1000,1000,1000,1000,0,0,0,0,0
2025-12-15 00:59:51.900,SERVO_OUTPUT_RAW,1547109844,SERVO_OUTPUT_RAW,0,0,0,0,0,0,0,0,1000,1000,1000,1000,0,0,0,0,0
2025-12-15 00:59:52.000,SERVO_OUTPUT_RAW,1547209810,SERVO_OUTPUT_RAW,0,0,0,0,0,0,0,0,1000,1000,1000,1000,0,0,0,0,0
2025-12-15 00:59:52.100,SERVO_OUTPUT_RAW,1547309823,SERVO_OUTPUT_RAW,0,0,0,0,0,0,0,0,1000,1000,1000,1000,0,0,0,0,0
2025-12-15 00:59:52.200,SERVO_OUTPUT_RAW,1547409843,SERVO_OUTPUT_RAW,0,0,0,0,0,0,0,0,1000,1000,1000,1000,0,0,0,0,0
2025-12-15 00:59:52.300,SERVO_OUTPUT_RAW,1547509782,SERVO_OUTPUT_RAW,0,0,0,0,0,0,0,0,1000,1000,1000,1000,0,0,0,0,0
2025-12-15 00:59:52.400,SERVO_OUTPUT_RAW,1547609784,SERVO_OUTPUT_RAW,0,0,0,0,0,0,0,0,1000,1000,1000,1000,0,0,0,0,0
2025-12-15 00:59:52.501,SERVO_OUTPUT_RAW,1547709805,SERVO_OUTPUT_RAW,0,0,0,0,0,0,0,0,1000,1000,1000,1000,0,0,0,0,0
2025-12-15 00:59:52.600,SERVO_OUTPUT_RAW,1547809831,SERVO_OUTPUT_RAW,0,0,0,0,0,0,0,0,1000,1000,1000,1000,0,0,0,0,0
2025-12-15 00:59:52.700,SERVO_OUTPUT_RAW,1547909789,SERVO_OUTPUT_RAW,0,0,0,0,0,0,0,0,1000,1000,1000,1000,0,0,0,0,0
2025-12-15 00:59:52.801,SERVO_OUTPUT_RAW,1548009794,SERVO_OUTPUT_RAW,0,0,0,0,0,0,0,0,1000,1000,1000,1000,0,0,0,0,0
2025-12-15 00:59:52.900,SERVO_OUTPUT_RAW,1548109800,SERVO_OUTPUT_RAW,0,0,0,0,0,0,0,0,1000,1000,1000,1000,0,0,0,0,0
2025-12-15 00:59:53.000,SERVO_OUTPUT_RAW,1548209807,SERVO_OUTPUT_RAW,0,0,0,0,0,0,0,0,1000,1000,1000,1000,0,0,0,0,0
2025-12-15 00:59:53.100,SERVO_OUTPUT_RAW,1548309786,SERVO_OUTPUT_RAW,0,0,0,0,0,0,0,0,1000,1000,1000,1000,0,0,0,0,0
2025-12-15 00:59:53.200,SERVO_OUTPUT_RAW,1548409804,SERVO_OUTPUT_RAW,0,0,0,0,0,0,0,0,1000,1000,1000,1000,0,0,0,0,0
2025-12-15 00:59:53.300,SERVO_OUTPUT_RAW,1548509828,SERVO_OUTPUT_RAW,0,0,0,0,0,0,0,0,1000,1000,1000,1000,0,0,0,0,0
2025-12-15 00:59:53.400,SERVO_OUTPUT_RAW,1548612175,SERVO_OUTPUT_RAW,0,0,0,0,0,0,0,0,1000,1000,1000,1000,0,0,0,0,0
2025-12-15 00:59:53.501,SERVO_OUTPUT_RAW,1548709804,SERVO_OUTPUT_RAW,0,0,0,0,0,0,0,0,1000,1000,1000,1000,0,0,0,0,0
2025-12-15 00:59:53.600,SERVO_OUTPUT_RAW,1548809831,SERVO_OUTPUT_RAW,0,0,0,0,0,0,0,0,1000,1000,1000,1000,0,0,0,0,0
2025-12-15 00:59:53.700,SERVO_OUTPUT_RAW,1548909826,SERVO_OUTPUT_RAW,0,0,0,0,0,0,0,0,1000,1000,1000,1000,0,0,0,0,0
2025-12-15 00:59:53.800,SERVO_OUTPUT_RAW,1549009838,SERVO_OUTPUT_RAW,0,0,0,0,0,0,0,0,1000,1000,1000,1000,0,0,0,0,0
2025-12-15 00:59:53.900,SERVO_OUTPUT_RAW,1549109897,SERVO_OUTPUT_RAW,0,0,0,0,0,0,0,0,1000,1000,1000,1000,0,0,0,0,0
2025-12-15 00:59:54.000,SERVO_OUTPUT_RAW,1549209785,SERVO_OUTPUT_RAW,0,0,0,0,0,0,0,0,1000,1000,1000,1000,0,0,0,0,0
2025-12-15 00:59:54.100,SERVO_OUTPUT_RAW,1549309820,SERVO_OUTPUT_RAW,0,0,0,0,0,0,0,0,1000,1000,1000,1000,0,0,0,0,0
2025-12-15 00:59:54.200,SERVO_OUTPUT_RAW,1549409841,SERVO_OUTPUT_RAW,0,0,0,0,0,0,0,0,1000,1000,1000,1000,0,0,0,0,0
2025-12-15 00:59:54.300,SERVO_OUTPUT_RAW,1549509776,SERVO_OUTPUT_RAW,0,0,0,0,0,0,0,0,1000,1000,1000,1000,0,0,0,0,0
2025-12-15 00:59:54.400,SERVO_OUTPUT_RAW,1549609780,SERVO_OUTPUT_RAW,0,0,0,0,0,0,0,0,1000,1000,1000,1000,0,0,0,0,0
2025-12-15 00:59:54.500,SERVO_OUTPUT_RAW,1549709794,SERVO_OUTPUT_RAW,0,0,0,0,0,0,0,0,1000,1000,1000,1000,0,0,0,0,0
2025-12-15 00:59:54.601,SERVO_OUTPUT_RAW,1549809802,SERVO_OUTPUT_RAW,0,0,0,0,0,0,0,0,1000,1000,1000,1000,0,0,0,0,0
2025-12-15 00:59:54.700,SERVO_OUTPUT_RAW,1549909790,SERVO_OUTPUT_RAW,0,0,0,0,0,0,0,0,1000,1000,1000,1000,0,0,0,0,0
2025-12-15 00:59:54.800,SERVO_OUTPUT_RAW,1550009822,SERVO_OUTPUT_RAW,0,0,0,0,0,0,0,0,1000,1000,1000,1000,0,0,0,0,0
2025-12-15 00:59:54.902,SERVO_OUTPUT_RAW,1550109865,SERVO_OUTPUT_RAW,0,0,0,0,0,0,0,0,1000,1000,1000,1000,0,0,0,0,0
2025-12-15 00:59:55.001,SERVO_OUTPUT_RAW,1550209857,SERVO_OUTPUT_RAW,0,0,0,0,0,0,0,0,1000,1000,1000,1000,0,0,0,0,0
2025-12-15 00:59:55.101,SERVO_OUTPUT_RAW,1550309810,SERVO_OUTPUT_RAW,0,0,0,0,0,0,0,0,1000,1000,1000,1000,0,0,0,0,0
2025-12-15 00:59:55.201,SERVO_OUTPUT_RAW,1550409848,SERVO_OUTPUT_RAW,0,0,0,0,0,0,0,0,1000,1000,1000,1000,0,0,0,0,0
2025-12-15 00:59:55.301,SERVO_OUTPUT_RAW,1550509852,SERVO_OUTPUT_RAW,0,0,0,0,0,0,0,0,1000,1000,1000,1000,0,0,0,0,0
2025-12-15 00:59:55.401,SERVO_OUTPUT_RAW,1550609837,SERVO_OUTPUT_RAW,0,0,0,0,0,0,0,0,1000,1000,1000,1000,0,0,0,0,0
2025-12-15 00:59:55.501,SERVO_OUTPUT_RAW,1550709918,SERVO_OUTPUT_RAW,0,0,0,0,0,0,0,0,1000,1000,1000,1000,0,0,0,0,0
2025-12-15 00:59:55.601,SERVO_OUTPUT_RAW,1550809796,SERVO_OUTPUT_RAW,0,0,0,0,0,0,0,0,1000,1000,1000,1000,0,0,0,0,0
2025-12-15 00:59:55.701,SERVO_OUTPUT_RAW,1550909835,SERVO_OUTPUT_RAW,0,0,0,0,0,0,0,0,1000,1000,1000,1000,0,0,0,0,0
2025-12-15 00:59:55.801,SERVO_OUTPUT_RAW,1551009824,SERVO_OUTPUT_RAW,0,0,0,0,0,0,0,0,1000,1000,1000,1000,0,0,0,0,0
2025-12-15 00:59:55.901,SERVO_OUTPUT_RAW,1551109799,SERVO_OUTPUT_RAW,0,0,0,0,0,0,0,0,1000,1000,1000,1000,0,0,0,0,0
2025-12-15 00:59:56.001,SERVO_OUTPUT_RAW,1551209776,SERVO_OUTPUT_RAW,0,0,0,0,0,0,0,0,1000,1000,1000,1000,0,0,0,0,0
2025-12-15 00:59:56.101,SERVO_OUTPUT_RAW,1551309783,SERVO_OUTPUT_RAW,0,0,0,0,0,0,0,0,1000,1000,1000,1000,0,0,0,0,0
2025-12-15 00:59:56.201,SERVO_OUTPUT_RAW,1551409790,SERVO_OUTPUT_RAW,0,0,0,0,0,0,0,0,1000,1000,1000,1000,0,0,0,0,0
2025-12-15 00:59:56.301,SERVO_OUTPUT_RAW,1551509787,SERVO_OUTPUT_RAW,0,0,0,0,0,0,0,0,1000,1000,1000,1000,0,0,0,0,0
2025-12-15 00:59:56.401,SERVO_OUTPUT_RAW,1551609789,SERVO_OUTPUT_RAW,0,0,0,0,0,0,0,0,1000,1000,1000,1000,0,0,0,0,0
2025-12-15 00:59:56.501,SERVO_OUTPUT_RAW,1551709847,SERVO_OUTPUT_RAW,0,0,0,0,0,0,0,0,1000,1000,1000,1000,0,0,0,0,0
2025-12-15 00:59:56.601,SERVO_OUTPUT_RAW,1551812141,SERVO_OUTPUT_RAW,0,0,0,0,0,0,0,0,1000,1000,1000,1000,0,0,0,0,0
2025-12-15 00:59:56.701,SERVO_OUTPUT_RAW,1551909821,SERVO_OUTPUT_RAW,0,0,0,0,0,0,0,0,1000,1000,1000,1000,0,0,0,0,0
2025-12-15 00:59:56.801,SERVO_OUTPUT_RAW,1552009817,SERVO_OUTPUT_RAW,0,0,0,0,0,0,0,0,1000,1000,1000,1000,0,0,0,0,0
2025-12-15 00:59:56.901,SERVO_OUTPUT_RAW,1552109849,SERVO_OUTPUT_RAW,0,0,0,0,0,0,0,0,1000,1000,1000,1000,0,0,0,0,0
2025-12-15 00:59:57.001,SERVO_OUTPUT_RAW,1552209821,SERVO_OUTPUT_RAW,0,0,0,0,0,0,0,0,1000,1000,1000,1000,0,0,0,0,0
2025-12-15 00:59:57.101,SERVO_OUTPUT_RAW,1552309787,SERVO_OUTPUT_RAW,0,0,0,0,0,0,0,0,1000,1000,1000,1000,0,0,0,0,0
2025-12-15 00:59:57.201,SERVO_OUTPUT_RAW,1552409819,SERVO_OUTPUT_RAW,0,0,0,0,0,0,0,0,1000,1000,1000,1000,0,0,0,0,0
2025-12-15 00:59:57.301,SERVO_OUTPUT_RAW,1552509809,SERVO_OUTPUT_RAW,0,0,0,0,0,0,0,0,1000,1000,1000,1000,0,0,0,0,0
2025-12-15 00:59:57.403,SERVO_OUTPUT_RAW,1552609783,SERVO_OUTPUT_RAW,0,0,0,0,0,0,0,0,1000,1000,1000,1000,0,0,0,0,0
2025-12-15 00:59:57.500,SERVO_OUTPUT_RAW,1552709804,SERVO_OUTPUT_RAW,0,0,0,0,0,0,0,0,1000,1000,1000,1000,0,0,0,0,0
2025-12-15 00:59:57.601,SERVO_OUTPUT_RAW,1552809857,SERVO_OUTPUT_RAW,0,0,0,0,0,0,0,0,1000,1000,1000,1000,0,0,0,0,0
2025-12-15 00:59:57.701,SERVO_OUTPUT_RAW,1552909807,SERVO_OUTPUT_RAW,0,0,0,0,0,0,0,0,1000,1000,1000,1000,0,0,0,0,0
2025-12-15 00:59:57.801,SERVO_OUTPUT_RAW,1553009795,SERVO_OUTPUT_RAW,0,0,0,0,0,0,0,0,1000,1000,1000,1000,0,0,0,0,0
2025-12-15 00:59:57.901,SERVO_OUTPUT_RAW,1553109791,SERVO_OUTPUT_RAW,0,0,0,0,0,0,0,0,1000,1000,1000,1000,0,0,0,0,0
2025-12-15 00:59:58.001,SERVO_OUTPUT_RAW,1553209832,SERVO_OUTPUT_RAW,0,0,0,0,0,0,0,0,1000,1000,1000,1000,0,0,0,0,0
2025-12-15 00:59:58.102,SERVO_OUTPUT_RAW,1553309798,SERVO_OUTPUT_RAW,0,0,0,0,0,0,0,0,1000,1000,1000,1000,0,0,0,0,0
2025-12-15 00:59:58.201,SERVO_OUTPUT_RAW,1553409834,SERVO_OUTPUT_RAW,0,0,0,0,0,0,0,0,1000,1000,1000,1000,0,0,0,0,0
2025-12-15 00:59:58.301,SERVO_OUTPUT_RAW,1553509816,SERVO_OUTPUT_RAW,0,0,0,0,0,0,0,0,1000,1000,1000,1000,0,0,0,0,0
2025-12-15 00:59:58.402,SERVO_OUTPUT_RAW,1553609867,SERVO_OUTPUT_RAW,0,0,0,0,0,0,0,0,1000,1000,1000,1000,0,0,0,0,0
2025-12-15 00:59:58.501,SERVO_OUTPUT_RAW,1553709841,SERVO_OUTPUT_RAW,0,0,0,0,0,0,0,0,1000,1000,1000,1000,0,0,0,0,0
2025-12-15 00:59:58.601,SERVO_OUTPUT_RAW,1553809782,SERVO_OUTPUT_RAW,0,0,0,0,0,0,0,0,1000,1000,1000,1000,0,0,0,0,0
2025-12-15 00:59:58.702,SERVO_OUTPUT_RAW,1553909798,SERVO_OUTPUT_RAW,0,0,0,0,0,0,0,0,1000,1000,1000,1000,0,0,0,0,0
2025-12-15 00:59:58.801,SERVO_OUTPUT_RAW,1554009853,SERVO_OUTPUT_RAW,0,0,0,0,0,0,0,0,1000,1000,1000,1000,0,0,0,0,0
2025-12-15 00:59:58.901,SERVO_OUTPUT_RAW,1554109811,SERVO_OUTPUT_RAW,0,0,0,0,0,0,0,0,1000,1000,1000,1000,0,0,0,0,0
2025-12-15 00:59:59.001,SERVO_OUTPUT_RAW,1554209784,SERVO_OUTPUT_RAW,0,0,0,0,0,0,0,0,1000,1000,1000,1000,0,0,0,0,0
2025-12-15 00:59:59.101,SERVO_OUTPUT_RAW,1554309789,SERVO_OUTPUT_RAW,0,0,0,0,0,0,0,0,1000,1000,1000,1000,0,0,0,0,0
2025-12-15 00:59:59.201,SERVO_OUTPUT_RAW,1554409791,SERVO_OUTPUT_RAW,0,0,0,0,0,0,0,0,1000,1000,1000,1000,0,0,0,0,0
2025-12-15 00:59:59.301,SERVO_OUTPUT_RAW,1554509800,SERVO_OUTPUT_RAW,0,0,0,0,0,0,0,0,1000,1000,1000,1000,0,0,0,0,0
2025-12-15 00:59:59.401,SERVO_OUTPUT_RAW,1554609789,SERVO_OUTPUT_RAW,0,0,0,0,0,0,0,0,1000,1000,1000,1000,0,0,0,0,0
2025-12-15 00:59:59.501,SERVO_OUTPUT_RAW,1554709814,SERVO_OUTPUT_RAW,0,0,0,0,0,0,0,0,1000,1000,1000,1000,0,0,0,0,0
2025-12-15 00:59:59.601,SERVO_OUTPUT_RAW,1554809831,SERVO_OUTPUT_RAW,0,0,0,0,0,0,0,0,1000,1000,1000,1000,0,0,0,0,0
2025-12-15 00:59:59.702,SERVO_OUTPUT_RAW,1554912144,SERVO_OUTPUT_RAW,0,0,0,0,0,0,0,0,1000,1000,1000,1000,0,0,0,0,0
2025-12-15 00:59:59.801,SERVO_OUTPUT_RAW,1555009794,SERVO_OUTPUT_RAW,0,0,0,0,0,0,0,0,1000,1000,1000,1000,0,0,0,0,0
2025-12-15 00:59:59.901,SERVO_OUTPUT_RAW,1555109806,SERVO_OUTPUT_RAW,0,0,0,0,0,0,0,0,1000,1000,1000,1000,0,0,0,0,0
2025-12-15 01:00:00.001,SERVO_OUTPUT_RAW,1555209831,SERVO_OUTPUT_RAW,0,0,0,0,0,0,0,0,1000,1000,1000,1000,0,0,0,0,0
2025-12-15 01:00:00.102,SERVO_OUTPUT_RAW,1555309834,SERVO_OUTPUT_RAW,0,0,0,0,0,0,0,0,1000,1000,1000,1000,0,0,0,0,0
2025-12-15 01:00:00.201,SERVO_OUTPUT_RAW,1555409786,SERVO_OUTPUT_RAW,0,0,0,0,0,0,0,0,1000,1000,1000,1000,0,0,0,0,0
2025-12-15 01:00:00.300,SERVO_OUTPUT_RAW,1555509802,SERVO_OUTPUT_RAW,0,0,0,0,0,0,0,0,1000,1000,1000,1000,0,0,0,0,0
2025-12-15 01:00:00.401,SERVO_OUTPUT_RAW,1555609825,SERVO_OUTPUT_RAW,0,0,0,0,0,0,0,0,1000,1000,1000,1000,0,0,0,0,0
2025-12-15 01:00:00.501,SERVO_OUTPUT_RAW,1555709778,SERVO_OUTPUT_RAW,0,0,0,0,0,0,0,0,1000,1000,1000,1000,0,0,0,0,0
2025-12-15 01:00:00.601,SERVO_OUTPUT_RAW,1555809788,SERVO_OUTPUT_RAW,0,0,0,0,0,0,0,0,1000,1000,1000,1000,0,0,0,0,0
2025-12-15 01:00:00.700,SERVO_OUTPUT_RAW,1555909812,SERVO_OUTPUT_RAW,0,0,0,0,0,0,0,0,1000,1000,1000,1000,0,0,0,0,0
2025-12-15 01:00:00.801,SERVO_OUTPUT_RAW,1556009791,SERVO_OUTPUT_RAW,0,0,0,0,0,0,0,0,1000,1000,1000,1000,0,0,0,0,0
2025-12-15 01:00:00.901,SERVO_OUTPUT_RAW,1556109786,SERVO_OUTPUT_RAW,0,0,0,0,0,0,0,0,1000,1000,1000,1000,0,0,0,0,0
2025-12-15 01:00:01.001,SERVO_OUTPUT_RAW,1556209783,SERVO_OUTPUT_RAW,0,0,0,0,0,0,0,0,1000,1000,1000,1000,0,0,0,0,0
2025-12-15 01:00:01.100,SERVO_OUTPUT_RAW,1556309828,SERVO_OUTPUT_RAW,0,0,0,0,0,0,0,0,1000,1000,1000,1000,0,0,0,0,0
2025-12-15 01:00:01.200,SERVO_OUTPUT_RAW,1556409797,SERVO_OUTPUT_RAW,0,0,0,0,0,0,0,0,1000,1000,1000,1000,0,0,0,0,0
2025-12-15 01:00:01.300,SERVO_OUTPUT_RAW,1556509799,SERVO_OUTPUT_RAW,0,0,0,0,0,0,0,0,1000,1000,1000,1000,0,0,0,0,0
2025-12-15 01:00:01.400,SERVO_OUTPUT_RAW,1556609822,SERVO_OUTPUT_RAW,0,0,0,0,0,0,0,0,1000,1000,1000,1000,0,0,0,0,0
2025-12-15 01:00:01.500,SERVO_OUTPUT_RAW,1556709858,SERVO_OUTPUT_RAW,0,0,0,0,0,0,0,0,1000,1000,1000,1000,0,0,0,0,0
2025-12-15 01:00:01.600,SERVO_OUTPUT_RAW,1556809838,SERVO_OUTPUT_RAW,0,0,0,0,0,0,0,0,1000,1000,1000,1000,0,0,0,0,0
2025-12-15 01:00:01.700,SERVO_OUTPUT_RAW,1556909881,SERVO_OUTPUT_RAW,0,0,0,0,0,0,0,0,1000,1000,1000,1000,0,0,0,0,0
2025-12-15 01:00:01.800,SERVO_OUTPUT_RAW,1557009906,SERVO_OUTPUT_RAW,0,0,0,0,0,0,0,0,1000,1000,1000,1000,0,0,0,0,0
2025-12-15 01:00:01.901,SERVO_OUTPUT_RAW,1557109817,SERVO_OUTPUT_RAW,0,0,0,0,0,0,0,0,1000,1000,1000,1000,0,0,0,0,0
2025-12-15 01:00:02.001,SERVO_OUTPUT_RAW,1557209834,SERVO_OUTPUT_RAW,0,0,0,0,0,0,0,0,1000,1000,1000,1000,0,0,0,0,0
2025-12-15 01:00:02.100,SERVO_OUTPUT_RAW,1557309776,SERVO_OUTPUT_RAW,0,0,0,0,0,0,0,0,1000,1000,1000,1000,0,0,0,0,0
2025-12-15 01:00:02.201,SERVO_OUTPUT_RAW,1557409790,SERVO_OUTPUT_RAW,0,0,0,0,0,0,0,0,1000,1000,1000,1000,0,0,0,0,0
2025-12-15 01:00:02.300,SERVO_OUTPUT_RAW,1557509790,SERVO_OUTPUT_RAW,0,0,0,0,0,0,0,0,1000,1000,1000,1000,0,0,0,0,0
2025-12-15 01:00:02.406,SERVO_OUTPUT_RAW,1557609779,SERVO_OUTPUT_RAW,0,0,0,0,0,0,0,0,1000,1000,1000,1000,0,0,0,0,0
2025-12-15 01:00:02.501,SERVO_OUTPUT_RAW,1557709789,SERVO_OUTPUT_RAW,0,0,0,0,0,0,0,0,1000,1000,1000,1000,0,0,0,0,0
2025-12-15 01:00:02.601,SERVO_OUTPUT_RAW,1557809816,SERVO_OUTPUT_RAW,0,0,0,0,0,0,0,0,1000,1000,1000,1000,0,0,0,0,0
2025-12-15 01:00:02.701,SERVO_OUTPUT_RAW,1557909843,SERVO_OUTPUT_RAW,0,0,0,0,0,0,0,0,1000,1000,1000,1000,0,0,0,0,0
2025-12-15 01:00:02.801,SERVO_OUTPUT_RAW,1558009793,SERVO_OUTPUT_RAW,0,0,0,0,0,0,0,0,1000,1000,1000,1000,0,0,0,0,0
2025-12-15 01:00:02.901,SERVO_OUTPUT_RAW,1558109796,SERVO_OUTPUT_RAW,0,0,0,0,0,0,0,0,1000,1000,1000,1000,0,0,0,0,0
2025-12-15 01:00:03.001,SERVO_OUTPUT_RAW,1558209825,SERVO_OUTPUT_RAW,0,0,0,0,0,0,0,0,1000,1000,1000,1000,0,0,0,0,0
2025-12-15 01:00:03.101,SERVO_OUTPUT_RAW,1558309841,SERVO_OUTPUT_RAW,0,0,0,0,0,0,0,0,1000,1000,1000,1000,0,0,0,0,0
2025-12-15 01:00:03.201,SERVO_OUTPUT_RAW,1558409852,SERVO_OUTPUT_RAW,0,0,0,0,0,0,0,0,1000,1000,1000,1000,0,0,0,0,0
2025-12-15 01:00:03.301,SERVO_OUTPUT_RAW,1558509842,SERVO_OUTPUT_RAW,0,0,0,0,0,0,0,0,1000,1000,1000,1000,0,0,0,0,0
2025-12-15 01:00:03.401,SERVO_OUTPUT_RAW,1558609798,SERVO_OUTPUT_RAW,0,0,0,0,0,0,0,0,1000,1000,1000,1000,0,0,0,0,0
2025-12-15 01:00:03.501,SERVO_OUTPUT_RAW,1558709806,SERVO_OUTPUT_RAW,0,0,0,0,0,0,0,0,1000,1000,1000,1000,0,0,0,0,0
2025-12-15 01:00:03.601,SERVO_OUTPUT_RAW,1558809817,SERVO_OUTPUT_RAW,0,0,0,0,0,0,0,0,1000,1000,1000,1000,0,0,0,0,0
2025-12-15 01:00:03.701,SERVO_OUTPUT_RAW,1558909783,SERVO_OUTPUT_RAW,0,0,0,0,0,0,0,0,1000,1000,1000,1000,0,0,0,0,0
2025-12-15 01:00:03.801,SERVO_OUTPUT_RAW,1559009791,SERVO_OUTPUT_RAW,0,0,0,0,0,0,0,0,1000,1000,1000,1000,0,0,0,0,0
2025-12-15 01:00:03.901,SERVO_OUTPUT_RAW,1559109853,SERVO_OUTPUT_RAW,0,0,0,0,0,0,0,0,1000,1000,1000,1000,0,0,0,0,0
2025-12-15 01:00:04.001,SERVO_OUTPUT_RAW,1559209785,SERVO_OUTPUT_RAW,0,0,0,0,0,0,0,0,1000,1000,1000,1000,0,0,0,0,0
2025-12-15 01:00:04.101,SERVO_OUTPUT_RAW,1559309806,SERVO_OUTPUT_RAW,0,0,0,0,0,0,0,0,1000,1000,1000,1000,0,0,0,0,0
2025-12-15 01:00:04.201,SERVO_OUTPUT_RAW,1559412147,SERVO_OUTPUT_RAW,0,0,0,0,0,0,0,0,1000,1000,1000,1000,0,0,0,0,0
2025-12-15 01:00:04.301,SERVO_OUTPUT_RAW,1559512137,SERVO_OUTPUT_RAW,0,0,0,0,0,0,0,0,1000,1000,1000,1000,0,0,0,0,0
2025-12-15 01:00:04.401,SERVO_OUTPUT_RAW,1559609857,SERVO_OUTPUT_RAW,0,0,0,0,0,0,0,0,1000,1000,1000,1000,0,0,0,0,0
2025-12-15 01:00:04.501,SERVO_OUTPUT_RAW,1559709801,SERVO_OUTPUT_RAW,0,0,0,0,0,0,0,0,1000,1000,1000,1000,0,0,0,0,0
2025-12-15 01:00:04.601,SERVO_OUTPUT_RAW,1559809845,SERVO_OUTPUT_RAW,0,0,0,0,0,0,0,0,1000,1000,1000,1000,0,0,0,0,0
2025-12-15 01:00:04.701,SERVO_OUTPUT_RAW,1559909865,SERVO_OUTPUT_RAW,0,0,0,0,0,0,0,0,1000,1000,1000,1000,0,0,0,0,0
2025-12-15 01:00:04.801,SERVO_OUTPUT_RAW,1560009837,SERVO_OUTPUT_RAW,0,0,0,0,0,0,0,0,1000,1000,1000,1000,0,0,0,0,0
2025-12-15 01:00:04.902,SERVO_OUTPUT_RAW,1560109783,SERVO_OUTPUT_RAW,0,0,0,0,0,0,0,0,1000,1000,1000,1000,0,0,0,0,0
2025-12-15 01:00:05.001,SERVO_OUTPUT_RAW,1560209813,SERVO_OUTPUT_RAW,0,0,0,0,0,0,0,0,1000,1000,1000,1000,0,0,0,0,0
2025-12-15 01:00:05.101,SERVO_OUTPUT_RAW,1560309830,SERVO_OUTPUT_RAW,0,0,0,0,0,0,0,0,1000,1000,1000,1000,0,0,0,0,0
2025-12-15 01:00:05.201,SERVO_OUTPUT_RAW,1560409782,SERVO_OUTPUT_RAW,0,0,0,0,0,0,0,0,1000,1000,1000,1000,0,0,0,0,0
2025-12-15 01:00:05.301,SERVO_OUTPUT_RAW,1560509781,SERVO_OUTPUT_RAW,0,0,0,0,0,0,0,0,1000,1000,1000,1000,0,0,0,0,0
2025-12-15 01:00:05.401,SERVO_OUTPUT_RAW,1560609786,SERVO_OUTPUT_RAW,0,0,0,0,0,0,0,0,1000,1000,1000,1000,0,0,0,0,0
2025-12-15 01:00:05.501,SERVO_OUTPUT_RAW,1560709790,SERVO_OUTPUT_RAW,0,0,0,0,0,0,0,0,1000,1000,1000,1000,0,0,0,0,0
2025-12-15 01:00:05.601,SERVO_OUTPUT_RAW,1560809825,SERVO_OUTPUT_RAW,0,0,0,0,0,0,0,0,1000,1000,1000,1000,0,0,0,0,0
2025-12-15 01:00:05.701,SERVO_OUTPUT_RAW,1560909795,SERVO_OUTPUT_RAW,0,0,0,0,0,0,0,0,1000,1000,1000,1000,0,0,0,0,0
2025-12-15 01:00:05.801,SERVO_OUTPUT_RAW,1561009826,SERVO_OUTPUT_RAW,0,0,0,0,0,0,0,0,1000,1000,1000,1000,0,0,0,0,0
2025-12-15 01:00:05.901,SERVO_OUTPUT_RAW,1561109826,SERVO_OUTPUT_RAW,0,0,0,0,0,0,0,0,1000,1000,1000,1000,0,0,0,0,0
2025-12-15 01:00:06.001,SERVO_OUTPUT_RAW,1561212128,SERVO_OUTPUT_RAW,0,0,0,0,0,0,0,0,1000,1000,1000,1000,0,0,0,0,0
2025-12-15 01:00:06.101,SERVO_OUTPUT_RAW,1561309797,SERVO_OUTPUT_RAW,0,0,0,0,0,0,0,0,1000,1000,1000,1000,0,0,0,0,0
2025-12-15 01:00:06.201,SERVO_OUTPUT_RAW,1561409841,SERVO_OUTPUT_RAW,0,0,0,0,0,0,0,0,1000,1000,1000,1000,0,0,0,0,0
2025-12-15 01:00:06.301,SERVO_OUTPUT_RAW,1561509851,SERVO_OUTPUT_RAW,0,0,0,0,0,0,0,0,1000,1000,1000,1000,0,0,0,0,0
2025-12-15 01:00:06.401,SERVO_OUTPUT_RAW,1561609816,SERVO_OUTPUT_RAW,0,0,0,0,0,0,0,0,1000,1000,1000,1000,0,0,0,0,0
2025-12-15 01:00:06.501,SERVO_OUTPUT_RAW,1561709811,SERVO_OUTPUT_RAW,0,0,0,0,0,0,0,0,1000,1000,1000,1000,0,0,0,0,0
2025-12-15 01:00:06.601,SERVO_OUTPUT_RAW,1561809826,SERVO_OUTPUT_RAW,0,0,0,0,0,0,0,0,1000,1000,1000,1000,0,0,0,0,0
2025-12-15 01:00:06.701,SERVO_OUTPUT_RAW,1561909808,SERVO_OUTPUT_RAW,0,0,0,0,0,0,0,0,1000,1000,1000,1000,0,0,0,0,0
2025-12-15 01:00:06.801,SERVO_OUTPUT_RAW,1562009785,SERVO_OUTPUT_RAW,0,0,0,0,0,0,0,0,1000,1000,1000,1000,0,0,0,0,0
2025-12-15 01:00:06.901,SERVO_OUTPUT_RAW,1562109780,SERVO_OUTPUT_RAW,0,0,0,0,0,0,0,0,1000,1000,1000,1000,0,0,0,0,0
2025-12-15 01:00:07.001,SERVO_OUTPUT_RAW,1562209789,SERVO_OUTPUT_RAW,0,0,0,0,0,0,0,0,1000,1000,1000,1000,0,0,0,0,0
2025-12-15 01:00:07.102,SERVO_OUTPUT_RAW,1562309801,SERVO_OUTPUT_RAW,0,0,0,0,0,0,0,0,1000,1000,1000,1000,0,0,0,0,0
2025-12-15 01:00:07.202,SERVO_OUTPUT_RAW,1562409847,SERVO_OUTPUT_RAW,0,0,0,0,0,0,0,0,1000,1000,1000,1000,0,0,0,0,0
2025-12-15 01:00:07.301,SERVO_OUTPUT_RAW,1562509835,SERVO_OUTPUT_RAW,0,0,0,0,0,0,0,0,1000,1000,1000,1000,0,0,0,0,0
2025-12-15 01:00:07.401,SERVO_OUTPUT_RAW,1562609855,SERVO_OUTPUT_RAW,0,0,0,0,0,0,0,0,1000,1000,1000,1000,0,0,0,0,0
2025-12-15 01:00:07.501,SERVO_OUTPUT_RAW,1562709856,SERVO_OUTPUT_RAW,0,0,0,0,0,0,0,0,1000,1000,1000,1000,0,0,0,0,0
2025-12-15 01:00:07.601,SERVO_OUTPUT_RAW,1562809823,SERVO_OUTPUT_RAW,0,0,0,0,0,0,0,0,1000,1000,1000,1000,0,0,0,0,0
2025-12-15 01:00:07.701,SERVO_OUTPUT_RAW,1562909818,SERVO_OUTPUT_RAW,0,0,0,0,0,0,0,0,1000,1000,1000,1000,0,0,0,0,0
2025-12-15 01:00:07.801,SERVO_OUTPUT_RAW,1563009828,SERVO_OUTPUT_RAW,0,0,0,0,0,0,0,0,1000,1000,1000,1000,0,0,0,0,0
2025-12-15 01:00:07.901,SERVO_OUTPUT_RAW,1563109836,SERVO_OUTPUT_RAW,0,0,0,0,0,0,0,0,1000,1000,1000,1000,0,0,0,0,0
2025-12-15 01:00:08.001,SERVO_OUTPUT_RAW,1563209783,SERVO_OUTPUT_RAW,0,0,0,0,0,0,0,0,1000,1000,1000,1000,0,0,0,0,0
2025-12-15 01:00:08.101,SERVO_OUTPUT_RAW,1563309919,SERVO_OUTPUT_RAW,0,0,0,0,0,0,0,0,1000,1000,1000,1000,0,0,0,0,0
2025-12-15 01:00:08.201,SERVO_OUTPUT_RAW,1563409806,SERVO_OUTPUT_RAW,0,0,0,0,0,0,0,0,1000,1000,1000,1000,0,0,0,0,0
2025-12-15 01:00:08.301,SERVO_OUTPUT_RAW,1563509819,SERVO_OUTPUT_RAW,0,0,0,0,0,0,0,0,1000,1000,1000,1000,0,0,0,0,0
2025-12-15 01:00:08.401,SERVO_OUTPUT_RAW,1563609778,SERVO_OUTPUT_RAW,0,0,0,0,0,0,0,0,1000,1000,1000,1000,0,0,0,0,0
2025-12-15 01:00:08.501,SERVO_OUTPUT_RAW,1563709810,SERVO_OUTPUT_RAW,0,0,0,0,0,0,0,0,1000,1000,1000,1000,0,0,0,0,0
2025-12-15 01:00:08.602,SERVO_OUTPUT_RAW,1563809795,SERVO_OUTPUT_RAW,0,0,0,0,0,0,0,0,1000,1000,1000,1000,0,0,0,0,0
2025-12-15 01:00:08.702,SERVO_OUTPUT_RAW,1563909791,SERVO_OUTPUT_RAW,0,0,0,0,0,0,0,0,1000,1000,1000,1000,0,0,0,0,0
2025-12-15 01:00:08.801,SERVO_OUTPUT_RAW,1564009791,SERVO_OUTPUT_RAW,0,0,0,0,0,0,0,0,1000,1000,1000,1000,0,0,0,0,0
2025-12-15 01:00:08.902,SERVO_OUTPUT_RAW,1564109813,SERVO_OUTPUT_RAW,0,0,0,0,0,0,0,0,1000,1000,1000,1000,0,0,0,0,0
2025-12-15 01:00:09.001,SERVO_OUTPUT_RAW,1564209839,SERVO_OUTPUT_RAW,0,0,0,0,0,0,0,0,1000,1000,1000,1000,0,0,0,0,0
2025-12-15 01:00:09.102,SERVO_OUTPUT_RAW,1564309871,SERVO_OUTPUT_RAW,0,0,0,0,0,0,0,0,1000,1000,1000,1000,0,0,0,0,0
2025-12-15 01:00:09.202,SERVO_OUTPUT_RAW,1564409827,SERVO_OUTPUT_RAW,0,0,0,0,0,0,0,0,1000,1000,1000,1000,0,0,0,0,0
2025-12-15 01:00:09.302,SERVO_OUTPUT_RAW,1564509818,SERVO_OUTPUT_RAW,0,0,0,0,0,0,0,0,1000,1000,1000,1000,0,0,0,0,0
2025-12-15 01:00:09.402,SERVO_OUTPUT_RAW,1564609832,SERVO_OUTPUT_RAW,0,0,0,0,0,0,0,0,1000,1000,1000,1000,0,0,0,0,0
2025-12-15 01:00:09.501,SERVO_OUTPUT_RAW,1564709835,SERVO_OUTPUT_RAW,0,0,0,0,0,0,0,0,1000,1000,1000,1000,0,0,0,0,0
2025-12-15 01:00:09.602,SERVO_OUTPUT_RAW,1564809794,SERVO_OUTPUT_RAW,0,0,0,0,0,0,0,0,1000,1000,1000,1000,0,0,0,0,0
2025-12-15 01:00:09.702,SERVO_OUTPUT_RAW,1564909810,SERVO_OUTPUT_RAW,0,0,0,0,0,0,0,0,1000,1000,1000,1000,0,0,0,0,0
2025-12-15 01:00:09.802,SERVO_OUTPUT_RAW,1565009817,SERVO_OUTPUT_RAW,0,0,0,0,0,0,0,0,1000,1000,1000,1000,0,0,0,0,0
2025-12-15 01:00:09.903,SERVO_OUTPUT_RAW,1565109777,SERVO_OUTPUT_RAW,0,0,0,0,0,0,0,0,1000,1000,1000,1000,0,0,0,0,0
2025-12-15 01:00:10.001,SERVO_OUTPUT_RAW,1565209783,SERVO_OUTPUT_RAW,0,0,0,0,0,0,0,0,1000,1000,1000,1000,0,0,0,0,0
2025-12-15 01:00:10.102,SERVO_OUTPUT_RAW,1565309831,SERVO_OUTPUT_RAW,0,0,0,0,0,0,0,0,1000,1000,1000,1000,0,0,0,0,0
2025-12-15 01:00:10.201,SERVO_OUTPUT_RAW,1565409847,SERVO_OUTPUT_RAW,0,0,0,0,0,0,0,0,1000,1000,1000,1000,0,0,0,0,0
2025-12-15 01:00:10.301,SERVO_OUTPUT_RAW,1565509785,SERVO_OUTPUT_RAW,0,0,0,0,0,0,0,0,1000,1000,1000,1000,0,0,0,0,0
2025-12-15 01:00:10.401,SERVO_OUTPUT_RAW,1565609843,SERVO_OUTPUT_RAW,0,0,0,0,0,0,0,0,1000,1000,1000,1000,0,0,0,0,0
2025-12-15 01:00:10.501,SERVO_OUTPUT_RAW,1565709825,SERVO_OUTPUT_RAW,0,0,0,0,0,0,0,0,1000,1000,1000,1000,0,0,0,0,0
2025-12-15 01:00:10.601,SERVO_OUTPUT_RAW,1565809840,SERVO_OUTPUT_RAW,0,0,0,0,0,0,0,0,1000,1000,1000,1000,0,0,0,0,0
2025-12-15 01:00:10.701,SERVO_OUTPUT_RAW,1565909811,SERVO_OUTPUT_RAW,0,0,0,0,0,0,0,0,1000,1000,1000,1000,0,0,0,0,0
2025-12-15 01:00:10.801,SERVO_OUTPUT_RAW,1566009813,SERVO_OUTPUT_RAW,0,0,0,0,0,0,0,0,1000,1000,1000,1000,0,0,0,0,0
2025-12-15 01:00:10.901,SERVO_OUTPUT_RAW,1566109832,SERVO_OUTPUT_RAW,0,0,0,0,0,0,0,0,1000,1000,1000,1000,0,0,0,0,0
2025-12-15 01:00:11.001,SERVO_OUTPUT_RAW,1566209850,SERVO_OUTPUT_RAW,0,0,0,0,0,0,0,0,1000,1000,1000,1000,0,0,0,0,0
2025-12-15 01:00:11.101,SERVO_OUTPUT_RAW,1566309791,SERVO_OUTPUT_RAW,0,0,0,0,0,0,0,0,1000,1000,1000,1000,0,0,0,0,0
2025-12-15 01:00:11.201,SERVO_OUTPUT_RAW,1566409794,SERVO_OUTPUT_RAW,0,0,0,0,0,0,0,0,1000,1000,1000,1000,0,0,0,0,0
2025-12-15 01:00:11.301,SERVO_OUTPUT_RAW,1566509811,SERVO_OUTPUT_RAW,0,0,0,0,0,0,0,0,1000,1000,1000,1000,0,0,0,0,0
2025-12-15 01:00:11.401,SERVO_OUTPUT_RAW,1566609827,SERVO_OUTPUT_RAW,0,0,0,0,0,0,0,0,1000,1000,1000,1000,0,0,0,0,0
2025-12-15 01:00:11.501,SERVO_OUTPUT_RAW,1566709783,SERVO_OUTPUT_RAW,0,0,0,0,0,0,0,0,1000,1000,1000,1000,0,0,0,0,0
2025-12-15 01:00:11.601,SERVO_OUTPUT_RAW,1566809789,SERVO_OUTPUT_RAW,0,0,0,0,0,0,0,0,1000,1000,1000,1000,0,0,0,0,0
2025-12-15 01:00:11.701,SERVO_OUTPUT_RAW,1566909790,SERVO_OUTPUT_RAW,0,0,0,0,0,0,0,0,1000,1000,1000,1000,0,0,0,0,0
2025-12-15 01:00:11.801,SERVO_OUTPUT_RAW,1567009794,SERVO_OUTPUT_RAW,0,0,0,0,0,0,0,0,1000,1000,1000,1000,0,0,0,0,0
2025-12-15 01:00:11.901,SERVO_OUTPUT_RAW,1567109795,SERVO_OUTPUT_RAW,0,0,0,0,0,0,0,0,1000,1000,1000,1000,0,0,0,0,0
2025-12-15 01:00:12.001,SERVO_OUTPUT_RAW,1567209855,SERVO_OUTPUT_RAW,0,0,0,0,0,0,0,0,1000,1000,1000,1000,0,0,0,0,0
2025-12-15 01:00:12.101,SERVO_OUTPUT_RAW,1567309861,SERVO_OUTPUT_RAW,0,0,0,0,0,0,0,0,1000,1000,1000,1000,0,0,0,0,0
2025-12-15 01:00:12.201,SERVO_OUTPUT_RAW,1567409798,SERVO_OUTPUT_RAW,0,0,0,0,0,0,0,0,1000,1000,1000,1000,0,0,0,0,0
2025-12-15 01:00:12.301,SERVO_OUTPUT_RAW,1567512088,SERVO_OUTPUT_RAW,0,0,0,0,0,0,0,0,1000,1000,1000,1000,0,0,0,0,0
2025-12-15 01:00:12.401,SERVO_OUTPUT_RAW,1567609819,SERVO_OUTPUT_RAW,0,0,0,0,0,0,0,0,1000,1000,1000,1000,0,0,0,0,0
2025-12-15 01:00:12.501,SERVO_OUTPUT_RAW,1567709841,SERVO_OUTPUT_RAW,0,0,0,0,0,0,0,0,1000,1000,1000,1000,0,0,0,0,0
2025-12-15 01:00:12.601,SERVO_OUTPUT_RAW,1567809838,SERVO_OUTPUT_RAW,0,0,0,0,0,0,0,0,1000,1000,1000,1000,0,0,0,0,0
2025-12-15 01:00:12.701,SERVO_OUTPUT_RAW,1567909776,SERVO_OUTPUT_RAW,0,0,0,0,0,0,0,0,1000,1000,1000,1000,0,0,0,0,0
2025-12-15 01:00:12.801,SERVO_OUTPUT_RAW,1568009830,SERVO_OUTPUT_RAW,0,0,0,0,0,0,0,0,1000,1000,1000,1000,0,0,0,0,0
2025-12-15 01:00:12.901,SERVO_OUTPUT_RAW,1568109808,SERVO_OUTPUT_RAW,0,0,0,0,0,0,0,0,1000,1000,1000,1000,0,0,0,0,0
2025-12-15 01:00:13.001,SERVO_OUTPUT_RAW,1568209884,SERVO_OUTPUT_RAW,0,0,0,0,0,0,0,0,1000,1000,1000,1000,0,0,0,0,0
2025-12-15 01:00:13.101,SERVO_OUTPUT_RAW,1568309790,SERVO_OUTPUT_RAW,0,0,0,0,0,0,0,0,1000,1000,1000,1000,0,0,0,0,0
2025-12-15 01:00:13.201,SERVO_OUTPUT_RAW,1568409777,SERVO_OUTPUT_RAW,0,0,0,0,0,0,0,0,1000,1000,1000,1000,0,0,0,0,0
2025-12-15 01:00:13.301,SERVO_OUTPUT_RAW,1568509805,SERVO_OUTPUT_RAW,0,0,0,0,0,0,0,0,1000,1000,1000,1000,0,0,0,0,0
2025-12-15 01:00:13.401,SERVO_OUTPUT_RAW,1568609790,SERVO_OUTPUT_RAW,0,0,0,0,0,0,0,0,1000,1000,1000,1000,0,0,0,0,0
2025-12-15 01:00:13.501,SERVO_OUTPUT_RAW,1568709813,SERVO_OUTPUT_RAW,0,0,0,0,0,0,0,0,1000,1000,1000,1000,0,0,0,0,0
2025-12-15 01:00:13.601,SERVO_OUTPUT_RAW,1568809838,SERVO_OUTPUT_RAW,0,0,0,0,0,0,0,0,1000,1000,1000,1000,0,0,0,0,0
2025-12-15 01:00:13.701,SERVO_OUTPUT_RAW,1568909850,SERVO_OUTPUT_RAW,0,0,0,0,0,0,0,0,1000,1000,1000,1000,0,0,0,0,0
2025-12-15 01:00:13.801,SERVO_OUTPUT_RAW,1569009808,SERVO_OUTPUT_RAW,0,0,0,0,0,0,0,0,1000,1000,1000,1000,0,0,0,0,0
2025-12-15 01:00:13.901,SERVO_OUTPUT_RAW,1569109798,SERVO_OUTPUT_RAW,0,0,0,0,0,0,0,0,1000,1000,1000,1000,0,0,0,0,0
2025-12-15 01:00:14.002,SERVO_OUTPUT_RAW,1569209825,SERVO_OUTPUT_RAW,0,0,0,0,0,0,0,0,1000,1000,1000,1000,0,0,0,0,0
2025-12-15 01:00:14.101,SERVO_OUTPUT_RAW,1569309853,SERVO_OUTPUT_RAW,0,0,0,0,0,0,0,0,1000,1000,1000,1000,0,0,0,0,0
2025-12-15 01:00:14.201,SERVO_OUTPUT_RAW,1569409777,SERVO_OUTPUT_RAW,0,0,0,0,0,0,0,0,1000,1000,1000,1000,0,0,0,0,0
2025-12-15 01:00:14.301,SERVO_OUTPUT_RAW,1569509789,SERVO_OUTPUT_RAW,0,0,0,0,0,0,0,0,1000,1000,1000,1000,0,0,0,0,0
2025-12-15 01:00:14.401,SERVO_OUTPUT_RAW,1569609940,SERVO_OUTPUT_RAW,0,0,0,0,0,0,0,0,1000,1000,1000,1000,0,0,0,0,0
2025-12-15 01:00:14.501,SERVO_OUTPUT_RAW,1569709818,SERVO_OUTPUT_RAW,0,0,0,0,0,0,0,0,1000,1000,1000,1000,0,0,0,0,0
2025-12-15 01:00:14.601,SERVO_OUTPUT_RAW,1569809789,SERVO_OUTPUT_RAW,0,0,0,0,0,0,0,0,1000,1000,1000,1000,0,0,0,0,0
2025-12-15 01:00:14.701,SERVO_OUTPUT_RAW,1569909793,SERVO_OUTPUT_RAW,0,0,0,0,0,0,0,0,1000,1000,1000,1000,0,0,0,0,0
2025-12-15 01:00:14.801,SERVO_OUTPUT_RAW,1570009790,SERVO_OUTPUT_RAW,0,0,0,0,0,0,0,0,1000,1000,1000,1000,0,0,0,0,0
2025-12-15 01:00:14.902,SERVO_OUTPUT_RAW,1570109778,SERVO_OUTPUT_RAW,0,0,0,0,0,0,0,0,1000,1000,1000,1000,0,0,0,0,0
2025-12-15 01:00:15.001,SERVO_OUTPUT_RAW,1570209793,SERVO_OUTPUT_RAW,0,0,0,0,0,0,0,0,1000,1000,1000,1000,0,0,0,0,0
2025-12-15 01:00:15.101,SERVO_OUTPUT_RAW,1570309806,SERVO_OUTPUT_RAW,0,0,0,0,0,0,0,0,1000,1000,1000,1000,0,0,0,0,0
2025-12-15 01:00:15.201,SERVO_OUTPUT_RAW,1570409862,SERVO_OUTPUT_RAW,0,0,0,0,0,0,0,0,1000,1000,1000,1000,0,0,0,0,0
2025-12-15 01:00:15.301,SERVO_OUTPUT_RAW,1570509856,SERVO_OUTPUT_RAW,0,0,0,0,0,0,0,0,1000,1000,1000,1000,0,0,0,0,0
2025-12-15 01:00:15.402,SERVO_OUTPUT_RAW,1570609800,SERVO_OUTPUT_RAW,0,0,0,0,0,0,0,0,1000,1000,1000,1000,0,0,0,0,0
2025-12-15 01:00:15.502,SERVO_OUTPUT_RAW,1570709929,SERVO_OUTPUT_RAW,0,0,0,0,0,0,0,0,1000,1000,1000,1000,0,0,0,0,0
2025-12-15 01:00:15.601,SERVO_OUTPUT_RAW,1570809840,SERVO_OUTPUT_RAW,0,0,0,0,0,0,0,0,1000,1000,1000,1000,0,0,0,0,0
2025-12-15 01:00:15.701,SERVO_OUTPUT_RAW,1570909842,SERVO_OUTPUT_RAW,0,0,0,0,0,0,0,0,1000,1000,1000,1000,0,0,0,0,0
2025-12-15 01:00:15.801,SERVO_OUTPUT_RAW,1571009780,SERVO_OUTPUT_RAW,0,0,0,0,0,0,0,0,1000,1000,1000,1000,0,0,0,0,0
2025-12-15 01:00:15.901,SERVO_OUTPUT_RAW,1571109812,SERVO_OUTPUT_RAW,0,0,0,0,0,0,0,0,1000,1000,1000,1000,0,0,0,0,0
2025-12-15 01:00:16.001,SERVO_OUTPUT_RAW,1571209820,SERVO_OUTPUT_RAW,0,0,0,0,0,0,0,0,1000,1000,1000,1000,0,0,0,0,0
2025-12-15 01:00:16.101,SERVO_OUTPUT_RAW,1571309798,SERVO_OUTPUT_RAW,0,0,0,0,0,0,0,0,1000,1000,1000,1000,0,0,0,0,0
2025-12-15 01:00:16.201,SERVO_OUTPUT_RAW,1571409790,SERVO_OUTPUT_RAW,0,0,0,0,0,0,0,0,1000,1000,1000,1000,0,0,0,0,0
2025-12-15 01:00:16.301,SERVO_OUTPUT_RAW,1571509792,SERVO_OUTPUT_RAW,0,0,0,0,0,0,0,0,1000,1000,1000,1000,0,0,0,0,0
2025-12-15 01:00:16.401,SERVO_OUTPUT_RAW,1571609812,SERVO_OUTPUT_RAW,0,0,0,0,0,0,0,0,1000,1000,1000,1000,0,0,0,0,0
2025-12-15 01:00:16.501,SERVO_OUTPUT_RAW,1571709858,SERVO_OUTPUT_RAW,0,0,0,0,0,0,0,0,1000,1000,1000,1000,0,0,0,0,0
2025-12-15 01:00:16.602,SERVO_OUTPUT_RAW,1571812140,SERVO_OUTPUT_RAW,0,0,0,0,0,0,0,0,1000,1000,1000,1000,0,0,0,0,0
2025-12-15 01:00:16.701,SERVO_OUTPUT_RAW,1571909814,SERVO_OUTPUT_RAW,0,0,0,0,0,0,0,0,1000,1000,1000,1000,0,0,0,0,0
2025-12-15 01:00:16.802,SERVO_OUTPUT_RAW,1572009829,SERVO_OUTPUT_RAW,0,0,0,0,0,0,0,0,1000,1000,1000,1000,0,0,0,0,0
2025-12-15 01:00:16.902,SERVO_OUTPUT_RAW,1572109804,SERVO_OUTPUT_RAW,0,0,0,0,0,0,0,0,1000,1000,1000,1000,0,0,0,0,0
2025-12-15 01:00:17.001,SERVO_OUTPUT_RAW,1572209782,SERVO_OUTPUT_RAW,0,0,0,0,0,0,0,0,1000,1000,1000,1000,0,0,0,0,0
2025-12-15 01:00:17.101,SERVO_OUTPUT_RAW,1572309819,SERVO_OUTPUT_RAW,0,0,0,0,0,0,0,0,1000,1000,1000,1000,0,0,0,0,0
2025-12-15 01:00:17.202,SERVO_OUTPUT_RAW,1572409852,SERVO_OUTPUT_RAW,0,0,0,0,0,0,0,0,1000,1000,1000,1000,0,0,0,0,0
2025-12-15 01:00:17.301,SERVO_OUTPUT_RAW,1572509854,SERVO_OUTPUT_RAW,0,0,0,0,0,0,0,0,1000,1000,1000,1000,0,0,0,0,0
2025-12-15 01:00:17.402,SERVO_OUTPUT_RAW,1572609791,SERVO_OUTPUT_RAW,0,0,0,0,0,0,0,0,1000,1000,1000,1000,0,0,0,0,0
2025-12-15 01:00:17.500,SERVO_OUTPUT_RAW,1572709828,SERVO_OUTPUT_RAW,0,0,0,0,0,0,0,0,1000,1000,1000,1000,0,0,0,0,0
2025-12-15 01:00:17.600,SERVO_OUTPUT_RAW,1572809836,SERVO_OUTPUT_RAW,0,0,0,0,0,0,0,0,1000,1000,1000,1000,0,0,0,0,0
2025-12-15 01:00:17.700,SERVO_OUTPUT_RAW,1572909789,SERVO_OUTPUT_RAW,0,0,0,0,0,0,0,0,1000,1000,1000,1000,0,0,0,0,0
2025-12-15 01:00:17.800,SERVO_OUTPUT_RAW,1573009795,SERVO_OUTPUT_RAW,0,0,0,0,0,0,0,0,1000,1000,1000,1000,0,0,0,0,0
2025-12-15 01:00:17.899,SERVO_OUTPUT_RAW,1573109796,SERVO_OUTPUT_RAW,0,0,0,0,0,0,0,0,1000,1000,1000,1000,0,0,0,0,0
2025-12-15 01:00:18.000,SERVO_OUTPUT_RAW,1573209791,SERVO_OUTPUT_RAW,0,0,0,0,0,0,0,0,1000,1000,1000,1000,0,0,0,0,0
2025-12-15 01:00:18.099,SERVO_OUTPUT_RAW,1573309783,SERVO_OUTPUT_RAW,0,0,0,0,0,0,0,0,1000,1000,1000,1000,0,0,0,0,0
2025-12-15 01:00:18.199,SERVO_OUTPUT_RAW,1573409823,SERVO_OUTPUT_RAW,0,0,0,0,0,0,0,0,1000,1000,1000,1000,0,0,0,0,0
2025-12-15 01:00:18.300,SERVO_OUTPUT_RAW,1573509822,SERVO_OUTPUT_RAW,0,0,0,0,0,0,0,0,1000,1000,1000,1000,0,0,0,0,0
2025-12-15 01:00:18.400,SERVO_OUTPUT_RAW,1573609828,SERVO_OUTPUT_RAW,0,0,0,0,0,0,0,0,1000,1000,1000,1000,0,0,0,0,0
2025-12-15 01:00:18.499,SERVO_OUTPUT_RAW,1573709815,SERVO_OUTPUT_RAW,0,0,0,0,0,0,0,0,1000,1000,1000,1000,0,0,0,0,0
2025-12-15 01:00:18.600,SERVO_OUTPUT_RAW,1573812113,SERVO_OUTPUT_RAW,0,0,0,0,0,0,0,0,1000,1000,1000,1000,0,0,0,0,0
2025-12-15 01:00:18.700,SERVO_OUTPUT_RAW,1573909825,SERVO_OUTPUT_RAW,0,0,0,0,0,0,0,0,1000,1000,1000,1000,0,0,0,0,0
2025-12-15 01:00:18.800,SERVO_OUTPUT_RAW,1574009876,SERVO_OUTPUT_RAW,0,0,0,0,0,0,0,0,1000,1000,1000,1000,0,0,0,0,0
2025-12-15 01:00:18.900,SERVO_OUTPUT_RAW,1574109785,SERVO_OUTPUT_RAW,0,0,0,0,0,0,0,0,1000,1000,1000,1000,0,0,0,0,0
2025-12-15 01:00:19.000,SERVO_OUTPUT_RAW,1574209797,SERVO_OUTPUT_RAW,0,0,0,0,0,0,0,0,1000,1000,1000,1000,0,0,0,0,0
2025-12-15 01:00:19.100,SERVO_OUTPUT_RAW,1574309834,SERVO_OUTPUT_RAW,0,0,0,0,0,0,0,0,1000,1000,1000,1000,0,0,0,0,0
2025-12-15 01:00:19.200,SERVO_OUTPUT_RAW,1574409790,SERVO_OUTPUT_RAW,0,0,0,0,0,0,0,0,1000,1000,1000,1000,0,0,0,0,0
2025-12-15 01:00:19.300,SERVO_OUTPUT_RAW,1574509780,SERVO_OUTPUT_RAW,0,0,0,0,0,0,0,0,1000,1000,1000,1000,0,0,0,0,0
2025-12-15 01:00:19.400,SERVO_OUTPUT_RAW,1574609772,SERVO_OUTPUT_RAW,0,0,0,0,0,0,0,0,1000,1000,1000,1000,0,0,0,0,0
2025-12-15 01:00:19.500,SERVO_OUTPUT_RAW,1574709788,SERVO_OUTPUT_RAW,0,0,0,0,0,0,0,0,1000,1000,1000,1000,0,0,0,0,0
2025-12-15 01:00:19.599,SERVO_OUTPUT_RAW,1574809787,SERVO_OUTPUT_RAW,0,0,0,0,0,0,0,0,1000,1000,1000,1000,0,0,0,0,0
2025-12-15 01:00:19.699,SERVO_OUTPUT_RAW,1574909790,SERVO_OUTPUT_RAW,0,0,0,0,0,0,0,0,1000,1000,1000,1000,0,0,0,0,0
2025-12-15 01:00:19.799,SERVO_OUTPUT_RAW,1575009828,SERVO_OUTPUT_RAW,0,0,0,0,0,0,0,0,1000,1000,1000,1000,0,0,0,0,0
2025-12-15 01:00:19.899,SERVO_OUTPUT_RAW,1575109832,SERVO_OUTPUT_RAW,0,0,0,0,0,0,0,0,1000,1000,1000,1000,0,0,0,0,0
2025-12-15 01:00:20.000,SERVO_OUTPUT_RAW,1575212145,SERVO_OUTPUT_RAW,0,0,0,0,0,0,0,0,1000,1000,1000,1000,0,0,0,0,0
2025-12-15 01:00:20.099,SERVO_OUTPUT_RAW,1575309782,SERVO_OUTPUT_RAW,0,0,0,0,0,0,0,0,1000,1000,1000,1000,0,0,0,0,0
2025-12-15 01:00:20.199,SERVO_OUTPUT_RAW,1575409808,SERVO_OUTPUT_RAW,0,0,0,0,0,0,0,0,1000,1000,1000,1000,0,0,0,0,0
2025-12-15 01:00:20.299,SERVO_OUTPUT_RAW,1575509833,SERVO_OUTPUT_RAW,0,0,0,0,0,0,0,0,1000,1000,1000,1000,0,0,0,0,0
2025-12-15 01:00:20.399,SERVO_OUTPUT_RAW,1575609815,SERVO_OUTPUT_RAW,0,0,0,0,0,0,0,0,1000,1000,1000,1000,0,0,0,0,0
2025-12-15 01:00:20.499,SERVO_OUTPUT_RAW,1575709782,SERVO_OUTPUT_RAW,0,0,0,0,0,0,0,0,1000,1000,1000,1000,0,0,0,0,0
2025-12-15 01:00:20.599,SERVO_OUTPUT_RAW,1575809809,SERVO_OUTPUT_RAW,0,0,0,0,0,0,0,0,1000,1000,1000,1000,0,0,0,0,0
2025-12-15 01:00:20.699,SERVO_OUTPUT_RAW,1575909886,SERVO_OUTPUT_RAW,0,0,0,0,0,0,0,0,1000,1000,1000,1000,0,0,0,0,0
2025-12-15 01:00:20.799,SERVO_OUTPUT_RAW,1576009774,SERVO_OUTPUT_RAW,0,0,0,0,0,0,0,0,1000,1000,1000,1000,0,0,0,0,0
2025-12-15 01:00:20.899,SERVO_OUTPUT_RAW,1576109804,SERVO_OUTPUT_RAW,0,0,0,0,0,0,0,0,1000,1000,1000,1000,0,0,0,0,0
2025-12-15 01:00:20.999,SERVO_OUTPUT_RAW,1576209798,SERVO_OUTPUT_RAW,0,0,0,0,0,0,0,0,1000,1000,1000,1000,0,0,0,0,0
2025-12-15 01:00:21.099,SERVO_OUTPUT_RAW,1576309792,SERVO_OUTPUT_RAW,0,0,0,0,0,0,0,0,1000,1000,1000,1000,0,0,0,0,0
2025-12-15 01:00:21.199,SERVO_OUTPUT_RAW,1576409796,SERVO_OUTPUT_RAW,0,0,0,0,0,0,0,0,1000,1000,1000,1000,0,0,0,0,0
2025-12-15 01:00:21.299,SERVO_OUTPUT_RAW,1576509787,SERVO_OUTPUT_RAW,0,0,0,0,0,0,0,0,1000,1000,1000,1000,0,0,0,0,0
2025-12-15 01:00:21.399,SERVO_OUTPUT_RAW,1576609821,SERVO_OUTPUT_RAW,0,0,0,0,0,0,0,0,1000,1000,1000,1000,0,0,0,0,0
2025-12-15 01:00:21.499,SERVO_OUTPUT_RAW,1576709842,SERVO_OUTPUT_RAW,0,0,0,0,0,0,0,0,1000,1000,1000,1000,0,0,0,0,0
2025-12-15 01:00:21.599,SERVO_OUTPUT_RAW,1576809796,SERVO_OUTPUT_RAW,0,0,0,0,0,0,0,0,1000,1000,1000,1000,0,0,0,0,0
2025-12-15 01:00:21.699,SERVO_OUTPUT_RAW,1576909878,SERVO_OUTPUT_RAW,0,0,0,0,0,0,0,0,1000,1000,1000,1000,0,0,0,0,0
2025-12-15 01:00:21.799,SERVO_OUTPUT_RAW,1577009826,SERVO_OUTPUT_RAW,0,0,0,0,0,0,0,0,1000,1000,1000,1000,0,0,0,0,0
2025-12-15 01:00:21.899,SERVO_OUTPUT_RAW,1577109845,SERVO_OUTPUT_RAW,0,0,0,0,0,0,0,0,1000,1000,1000,1000,0,0,0,0,0
2025-12-15 01:00:21.999,SERVO_OUTPUT_RAW,1577209849,SERVO_OUTPUT_RAW,0,0,0,0,0,0,0,0,1000,1000,1000,1000,0,0,0,0,0
2025-12-15 01:00:22.099,SERVO_OUTPUT_RAW,1577309778,SERVO_OUTPUT_RAW,0,0,0,0,0,0,0,0,1000,1000,1000,1000,0,0,0,0,0
2025-12-15 01:00:22.199,SERVO_OUTPUT_RAW,1577409820,SERVO_OUTPUT_RAW,0,0,0,0,0,0,0,0,1000,1000,1000,1000,0,0,0,0,0
2025-12-15 01:00:22.299,SERVO_OUTPUT_RAW,1577509820,SERVO_OUTPUT_RAW,0,0,0,0,0,0,0,0,1000,1000,1000,1000,0,0,0,0,0
2025-12-15 01:00:22.399,SERVO_OUTPUT_RAW,1577609789,SERVO_OUTPUT_RAW,0,0,0,0,0,0,0,0,1000,1000,1000,1000,0,0,0,0,0
2025-12-15 01:00:22.502,SERVO_OUTPUT_RAW,1577709795,SERVO_OUTPUT_RAW,0,0,0,0,0,0,0,0,1000,1000,1000,1000,0,0,0,0,0
2025-12-15 01:00:22.602,SERVO_OUTPUT_RAW,1577809792,SERVO_OUTPUT_RAW,0,0,0,0,0,0,0,0,1000,1000,1000,1000,0,0,0,0,0
2025-12-15 01:00:22.701,SERVO_OUTPUT_RAW,1577909809,SERVO_OUTPUT_RAW,0,0,0,0,0,0,0,0,1000,1000,1000,1000,0,0,0,0,0
2025-12-15 01:00:22.801,SERVO_OUTPUT_RAW,1578012127,SERVO_OUTPUT_RAW,0,0,0,0,0,0,0,0,1000,1000,1000,1000,0,0,0,0,0
2025-12-15 01:00:22.901,SERVO_OUTPUT_RAW,1578109812,SERVO_OUTPUT_RAW,0,0,0,0,0,0,0,0,1000,1000,1000,1000,0,0,0,0,0
2025-12-15 01:00:23.001,SERVO_OUTPUT_RAW,1578209849,SERVO_OUTPUT_RAW,0,0,0,0,0,0,0,0,1000,1000,1000,1000,0,0,0,0,0
2025-12-15 01:00:23.101,SERVO_OUTPUT_RAW,1578309803,SERVO_OUTPUT_RAW,0,0,0,0,0,0,0,0,1000,1000,1000,1000,0,0,0,0,0
2025-12-15 01:00:23.201,SERVO_OUTPUT_RAW,1578409778,SERVO_OUTPUT_RAW,0,0,0,0,0,0,0,0,1000,1000,1000,1000,0,0,0,0,0
2025-12-15 01:00:23.301,SERVO_OUTPUT_RAW,1578509829,SERVO_OUTPUT_RAW,0,0,0,0,0,0,0,0,1000,1000,1000,1000,0,0,0,0,0
2025-12-15 01:00:23.401,SERVO_OUTPUT_RAW,1578609848,SERVO_OUTPUT_RAW,0,0,0,0,0,0,0,0,1000,1000,1000,1000,0,0,0,0,0
2025-12-15 01:00:23.501,SERVO_OUTPUT_RAW,1578709848,SERVO_OUTPUT_RAW,0,0,0,0,0,0,0,0,1000,1000,1000,1000,0,0,0,0,0
2025-12-15 01:00:23.601,SERVO_OUTPUT_RAW,1578809898,SERVO_OUTPUT_RAW,0,0,0,0,0,0,0,0,1000,1000,1000,1000,0,0,0,0,0
2025-12-15 01:00:23.702,SERVO_OUTPUT_RAW,1578909798,SERVO_OUTPUT_RAW,0,0,0,0,0,0,0,0,1000,1000,1000,1000,0,0,0,0,0
2025-12-15 01:00:23.801,SERVO_OUTPUT_RAW,1579009810,SERVO_OUTPUT_RAW,0,0,0,0,0,0,0,0,1000,1000,1000,1000,0,0,0,0,0
2025-12-15 01:00:23.901,SERVO_OUTPUT_RAW,1579109856,SERVO_OUTPUT_RAW,0,0,0,0,0,0,0,0,1000,1000,1000,1000,0,0,0,0,0
2025-12-15 01:00:24.001,SERVO_OUTPUT_RAW,1579209800,SERVO_OUTPUT_RAW,0,0,0,0,0,0,0,0,1000,1000,1000,1000,0,0,0,0,0
2025-12-15 01:00:24.101,SERVO_OUTPUT_RAW,1579309800,SERVO_OUTPUT_RAW,0,0,0,0,0,0,0,0,1000,1000,1000,1000,0,0,0,0,0
2025-12-15 01:00:24.201,SERVO_OUTPUT_RAW,1579409794,SERVO_OUTPUT_RAW,0,0,0,0,0,0,0,0,1000,1000,1000,1000,0,0,0,0,0
2025-12-15 01:00:24.302,SERVO_OUTPUT_RAW,1579509795,SERVO_OUTPUT_RAW,0,0,0,0,0,0,0,0,1000,1000,1000,1000,0,0,0,0,0
2025-12-15 01:00:24.401,SERVO_OUTPUT_RAW,1579609791,SERVO_OUTPUT_RAW,0,0,0,0,0,0,0,0,1000,1000,1000,1000,0,0,0,0,0
2025-12-15 01:00:24.501,SERVO_OUTPUT_RAW,1579709835,SERVO_OUTPUT_RAW,0,0,0,0,0,0,0,0,1000,1000,1000,1000,0,0,0,0,0
2025-12-15 01:00:24.602,SERVO_OUTPUT_RAW,1579809861,SERVO_OUTPUT_RAW,0,0,0,0,0,0,0,0,1000,1000,1000,1000,0,0,0,0,0
2025-12-15 01:00:24.702,SERVO_OUTPUT_RAW,1579909860,SERVO_OUTPUT_RAW,0,0,0,0,0,0,0,0,1000,1000,1000,1000,0,0,0,0,0
2025-12-15 01:00:24.801,SERVO_OUTPUT_RAW,1580009786,SERVO_OUTPUT_RAW,0,0,0,0,0,0,0,0,1000,1000,1000,1000,0,0,0,0,0
2025-12-15 01:00:24.903,SERVO_OUTPUT_RAW,1580112189,SERVO_OUTPUT_RAW,0,0,0,0,0,0,0,0,1000,1000,1000,1000,0,0,0,0,0
2025-12-15 01:00:25.002,SERVO_OUTPUT_RAW,1580209865,SERVO_OUTPUT_RAW,0,0,0,0,0,0,0,0,1000,1000,1000,1000,0,0,0,0,0
2025-12-15 01:00:25.102,SERVO_OUTPUT_RAW,1580309819,SERVO_OUTPUT_RAW,0,0,0,0,0,0,0,0,1000,1000,1000,1000,0,0,0,0,0
2025-12-15 01:00:25.202,SERVO_OUTPUT_RAW,1580409793,SERVO_OUTPUT_RAW,0,0,0,0,0,0,0,0,1000,1000,1000,1000,0,0,0,0,0
2025-12-15 01:00:25.302,SERVO_OUTPUT_RAW,1580509812,SERVO_OUTPUT_RAW,0,0,0,0,0,0,0,0,1000,1000,1000,1000,0,0,0,0,0
2025-12-15 01:00:25.402,SERVO_OUTPUT_RAW,1580609831,SERVO_OUTPUT_RAW,0,0,0,0,0,0,0,0,1000,1000,1000,1000,0,0,0,0,0
2025-12-15 01:00:25.502,SERVO_OUTPUT_RAW,1580709795,SERVO_OUTPUT_RAW,0,0,0,0,0,0,0,0,1000,1000,1000,1000,0,0,0,0,0
2025-12-15 01:00:25.602,SERVO_OUTPUT_RAW,1580809793,SERVO_OUTPUT_RAW,0,0,0,0,0,0,0,0,1000,1000,1000,1000,0,0,0,0,0
2025-12-15 01:00:25.702,SERVO_OUTPUT_RAW,1580909782,SERVO_OUTPUT_RAW,0,0,0,0,0,0,0,0,1000,1000,1000,1000,0,0,0,0,0
2025-12-15 01:00:25.802,SERVO_OUTPUT_RAW,1581009798,SERVO_OUTPUT_RAW,0,0,0,0,0,0,0,0,1000,1000,1000,1000,0,0,0,0,0
2025-12-15 01:00:25.902,SERVO_OUTPUT_RAW,1581109788,SERVO_OUTPUT_RAW,0,0,0,0,0,0,0,0,1000,1000,1000,1000,0,0,0,0,0
2025-12-15 01:00:26.002,SERVO_OUTPUT_RAW,1581209801,SERVO_OUTPUT_RAW,0,0,0,0,0,0,0,0,1000,1000,1000,1000,0,0,0,0,0
2025-12-15 01:00:26.102,SERVO_OUTPUT_RAW,1581309832,SERVO_OUTPUT_RAW,0,0,0,0,0,0,0,0,1000,1000,1000,1000,0,0,0,0,0
2025-12-15 01:00:26.202,SERVO_OUTPUT_RAW,1581409846,SERVO_OUTPUT_RAW,0,0,0,0,0,0,0,0,1000,1000,1000,1000,0,0,0,0,0
2025-12-15 01:00:26.302,SERVO_OUTPUT_RAW,1581512129,SERVO_OUTPUT_RAW,0,0,0,0,0,0,0,0,1000,1000,1000,1000,0,0,0,0,0
2025-12-15 01:00:26.402,SERVO_OUTPUT_RAW,1581609831,SERVO_OUTPUT_RAW,0,0,0,0,0,0,0,0,1000,1000,1000,1000,0,0,0,0,0
2025-12-15 01:00:26.502,SERVO_OUTPUT_RAW,1581709847,SERVO_OUTPUT_RAW,0,0,0,0,0,0,0,0,1000,1000,1000,1000,0,0,0,0,0
2025-12-15 01:00:26.602,SERVO_OUTPUT_RAW,1581809837,SERVO_OUTPUT_RAW,0,0,0,0,0,0,0,0,1000,1000,1000,1000,0,0,0,0,0
2025-12-15 01:00:26.702,SERVO_OUTPUT_RAW,1581909783,SERVO_OUTPUT_RAW,0,0,0,0,0,0,0,0,1000,1000,1000,1000,0,0,0,0,0
2025-12-15 01:00:26.802,SERVO_OUTPUT_RAW,1582009794,SERVO_OUTPUT_RAW,0,0,0,0,0,0,0,0,1000,1000,1000,1000,0,0,0,0,0
2025-12-15 01:00:26.902,SERVO_OUTPUT_RAW,1582109835,SERVO_OUTPUT_RAW,0,0,0,0,0,0,0,0,1000,1000,1000,1000,0,0,0,0,0
2025-12-15 01:00:27.002,SERVO_OUTPUT_RAW,1582209874,SERVO_OUTPUT_RAW,0,0,0,0,0,0,0,0,1000,1000,1000,1000,0,0,0,0,0
2025-12-15 01:00:27.102,SERVO_OUTPUT_RAW,1582309784,SERVO_OUTPUT_RAW,0,0,0,0,0,0,0,0,1000,1000,1000,1000,0,0,0,0,0
2025-12-15 01:00:27.202,SERVO_OUTPUT_RAW,1582409802,SERVO_OUTPUT_RAW,0,0,0,0,0,0,0,0,1000,1000,1000,1000,0,0,0,0,0
2025-12-15 01:00:27.302,SERVO_OUTPUT_RAW,1582509792,SERVO_OUTPUT_RAW,0,0,0,0,0,0,0,0,1000,1000,1000,1000,0,0,0,0,0
2025-12-15 01:00:27.404,SERVO_OUTPUT_RAW,1582609788,SERVO_OUTPUT_RAW,0,0,0,0,0,0,0,0,1000,1000,1000,1000,0,0,0,0,0
2025-12-15 01:00:27.502,SERVO_OUTPUT_RAW,1582709810,SERVO_OUTPUT_RAW,0,0,0,0,0,0,0,0,1000,1000,1000,1000,0,0,0,0,0
2025-12-15 01:00:27.602,SERVO_OUTPUT_RAW,1582809824,SERVO_OUTPUT_RAW,0,0,0,0,0,0,0,0,1000,1000,1000,1000,0,0,0,0,0
2025-12-15 01:00:27.702,SERVO_OUTPUT_RAW,1582909839,SERVO_OUTPUT_RAW,0,0,0,0,0,0,0,0,1000,1000,1000,1000,0,0,0,0,0
2025-12-15 01:00:27.803,SERVO_OUTPUT_RAW,1583009838,SERVO_OUTPUT_RAW,0,0,0,0,0,0,0,0,1000,1000,1000,1000,0,0,0,0,0
2025-12-15 01:00:27.902,SERVO_OUTPUT_RAW,1583109816,SERVO_OUTPUT_RAW,0,0,0,0,0,0,0,0,1000,1000,1000,1000,0,0,0,0,0
2025-12-15 01:00:28.002,SERVO_OUTPUT_RAW,1583209810,SERVO_OUTPUT_RAW,0,0,0,0,0,0,0,0,1000,1000,1000,1000,0,0,0,0,0
2025-12-15 01:00:28.102,SERVO_OUTPUT_RAW,1583309845,SERVO_OUTPUT_RAW,0,0,0,0,0,0,0,0,1000,1000,1000,1000,0,0,0,0,0
2025-12-15 01:00:28.202,SERVO_OUTPUT_RAW,1583409847,SERVO_OUTPUT_RAW,0,0,0,0,0,0,0,0,1000,1000,1000,1000,0,0,0,0,0
2025-12-15 01:00:28.302,SERVO_OUTPUT_RAW,1583509772,SERVO_OUTPUT_RAW,0,0,0,0,0,0,0,0,1000,1000,1000,1000,0,0,0,0,0
2025-12-15 01:00:28.402,SERVO_OUTPUT_RAW,1583609816,SERVO_OUTPUT_RAW,0,0,0,0,0,0,0,0,1000,1000,1000,1000,0,0,0,0,0
2025-12-15 01:00:28.502,SERVO_OUTPUT_RAW,1583709836,SERVO_OUTPUT_RAW,0,0,0,0,0,0,0,0,1000,1000,1000,1000,0,0,0,0,0
2025-12-15 01:00:28.602,SERVO_OUTPUT_RAW,1583809780,SERVO_OUTPUT_RAW,0,0,0,0,0,0,0,0,1000,1000,1000,1000,0,0,0,0,0
2025-12-15 01:00:28.702,SERVO_OUTPUT_RAW,1583909791,SERVO_OUTPUT_RAW,0,0,0,0,0,0,0,0,1000,1000,1000,1000,0,0,0,0,0
2025-12-15 01:00:28.802,SERVO_OUTPUT_RAW,1584009792,SERVO_OUTPUT_RAW,0,0,0,0,0,0,0,0,1000,1000,1000,1000,0,0,0,0,0
2025-12-15 01:00:28.902,SERVO_OUTPUT_RAW,1584109793,SERVO_OUTPUT_RAW,0,0,0,0,0,0,0,0,1000,1000,1000,1000,0,0,0,0,0
2025-12-15 01:00:29.002,SERVO_OUTPUT_RAW,1584209798,SERVO_OUTPUT_RAW,0,0,0,0,0,0,0,0,1000,1000,1000,1000,0,0,0,0,0
2025-12-15 01:00:29.101,SERVO_OUTPUT_RAW,1584312166,SERVO_OUTPUT_RAW,0,0,0,0,0,0,0,0,1000,1000,1000,1000,0,0,0,0,0
2025-12-15 01:00:29.201,SERVO_OUTPUT_RAW,1584409817,SERVO_OUTPUT_RAW,0,0,0,0,0,0,0,0,1000,1000,1000,1000,0,0,0,0,0
2025-12-15 01:00:29.301,SERVO_OUTPUT_RAW,1584509793,SERVO_OUTPUT_RAW,0,0,0,0,0,0,0,0,1000,1000,1000,1000,0,0,0,0,0
2025-12-15 01:00:29.401,SERVO_OUTPUT_RAW,1584609858,SERVO_OUTPUT_RAW,0,0,0,0,0,0,0,0,1000,1000,1000,1000,0,0,0,0,0
2025-12-15 01:00:29.501,SERVO_OUTPUT_RAW,1584709798,SERVO_OUTPUT_RAW,0,0,0,0,0,0,0,0,1000,1000,1000,1000,0,0,0,0,0
2025-12-15 01:00:29.603,SERVO_OUTPUT_RAW,1584809839,SERVO_OUTPUT_RAW,0,0,0,0,0,0,0,0,1000,1000,1000,1000,0,0,0,0,0
2025-12-15 01:00:29.702,SERVO_OUTPUT_RAW,1584909838,SERVO_OUTPUT_RAW,0,0,0,0,0,0,0,0,1000,1000,1000,1000,0,0,0,0,0
2025-12-15 01:00:29.802,SERVO_OUTPUT_RAW,1585009857,SERVO_OUTPUT_RAW,0,0,0,0,0,0,0,0,1000,1000,1000,1000,0,0,0,0,0
2025-12-15 01:00:29.902,SERVO_OUTPUT_RAW,1585109809,SERVO_OUTPUT_RAW,0,0,0,0,0,0,0,0,1000,1000,1000,1000,0,0,0,0,0
2025-12-15 01:00:30.001,SERVO_OUTPUT_RAW,1585209833,SERVO_OUTPUT_RAW,0,0,0,0,0,0,0,0,1000,1000,1000,1000,0,0,0,0,0
2025-12-15 01:00:30.101,SERVO_OUTPUT_RAW,1585309821,SERVO_OUTPUT_RAW,0,0,0,0,0,0,0,0,1000,1000,1000,1000,0,0,0,0,0
2025-12-15 01:00:30.202,SERVO_OUTPUT_RAW,1585409787,SERVO_OUTPUT_RAW,0,0,0,0,0,0,0,0,1000,1000,1000,1000,0,0,0,0,0
2025-12-15 01:00:30.302,SERVO_OUTPUT_RAW,1585509787,SERVO_OUTPUT_RAW,0,0,0,0,0,0,0,0,1000,1000,1000,1000,0,0,0,0,0
2025-12-15 01:00:30.401,SERVO_OUTPUT_RAW,1585609810,SERVO_OUTPUT_RAW,0,0,0,0,0,0,0,0,1000,1000,1000,1000,0,0,0,0,0
2025-12-15 01:00:30.501,SERVO_OUTPUT_RAW,1585709776,SERVO_OUTPUT_RAW,0,0,0,0,0,0,0,0,1000,1000,1000,1000,0,0,0,0,0
2025-12-15 01:00:30.601,SERVO_OUTPUT_RAW,1585809785,SERVO_OUTPUT_RAW,0,0,0,0,0,0,0,0,1000,1000,1000,1000,0,0,0,0,0
2025-12-15 01:00:30.701,SERVO_OUTPUT_RAW,1585909807,SERVO_OUTPUT_RAW,0,0,0,0,0,0,0,0,1000,1000,1000,1000,0,0,0,0,0
2025-12-15 01:00:30.801,SERVO_OUTPUT_RAW,1586009847,SERVO_OUTPUT_RAW,0,0,0,0,0,0,0,0,1000,1000,1000,1000,0,0,0,0,0
2025-12-15 01:00:30.901,SERVO_OUTPUT_RAW,1586109843,SERVO_OUTPUT_RAW,0,0,0,0,0,0,0,0,1000,1000,1000,1000,0,0,0,0,0
2025-12-15 01:00:31.001,SERVO_OUTPUT_RAW,1586209777,SERVO_OUTPUT_RAW,0,0,0,0,0,0,0,0,1000,1000,1000,1000,0,0,0,0,0
2025-12-15 01:00:31.101,SERVO_OUTPUT_RAW,1586309807,SERVO_OUTPUT_RAW,0,0,0,0,0,0,0,0,1000,1000,1000,1000,0,0,0,0,0
2025-12-15 01:00:31.201,SERVO_OUTPUT_RAW,1586412069,SERVO_OUTPUT_RAW,0,0,0,0,0,0,0,0,1000,1000,1000,1000,0,0,0,0,0
2025-12-15 01:00:31.301,SERVO_OUTPUT_RAW,1586509844,SERVO_OUTPUT_RAW,0,0,0,0,0,0,0,0,1000,1000,1000,1000,0,0,0,0,0
2025-12-15 01:00:31.401,SERVO_OUTPUT_RAW,1586609863,SERVO_OUTPUT_RAW,0,0,0,0,0,0,0,0,1000,1000,1000,1000,0,0,0,0,0
2025-12-15 01:00:31.501,SERVO_OUTPUT_RAW,1586709802,SERVO_OUTPUT_RAW,0,0,0,0,0,0,0,0,1000,1000,1000,1000,0,0,0,0,0
2025-12-15 01:00:31.601,SERVO_OUTPUT_RAW,1586809807,SERVO_OUTPUT_RAW,0,0,0,0,0,0,0,0,1000,1000,1000,1000,0,0,0,0,0
2025-12-15 01:00:31.701,SERVO_OUTPUT_RAW,1586909829,SERVO_OUTPUT_RAW,0,0,0,0,0,0,0,0,1000,1000,1000,1000,0,0,0,0,0
2025-12-15 01:00:31.801,SERVO_OUTPUT_RAW,1587009780,SERVO_OUTPUT_RAW,0,0,0,0,0,0,0,0,1000,1000,1000,1000,0,0,0,0,0
2025-12-15 01:00:31.901,SERVO_OUTPUT_RAW,1587109787,SERVO_OUTPUT_RAW,0,0,0,0,0,0,0,0,1000,1000,1000,1000,0,0,0,0,0
2025-12-15 01:00:32.001,SERVO_OUTPUT_RAW,1587209792,SERVO_OUTPUT_RAW,0,0,0,0,0,0,0,0,1000,1000,1000,1000,0,0,0,0,0
2025-12-15 01:00:32.102,SERVO_OUTPUT_RAW,1587309790,SERVO_OUTPUT_RAW,0,0,0,0,0,0,0,0,1000,1000,1000,1000,0,0,0,0,0
2025-12-15 01:00:32.202,SERVO_OUTPUT_RAW,1587409805,SERVO_OUTPUT_RAW,0,0,0,0,0,0,0,0,1000,1000,1000,1000,0,0,0,0,0
2025-12-15 01:00:32.301,SERVO_OUTPUT_RAW,1587509825,SERVO_OUTPUT_RAW,0,0,0,0,0,0,0,0,1000,1000,1000,1000,0,0,0,0,0
2025-12-15 01:00:32.407,SERVO_OUTPUT_RAW,1587609781,SERVO_OUTPUT_RAW,0,0,0,0,0,0,0,0,1000,1000,1000,1000,0,0,0,0,0
2025-12-15 01:00:32.502,SERVO_OUTPUT_RAW,1587709854,SERVO_OUTPUT_RAW,0,0,0,0,0,0,0,0,1000,1000,1000,1000,0,0,0,0,0
2025-12-15 01:00:32.602,SERVO_OUTPUT_RAW,1587809821,SERVO_OUTPUT_RAW,0,0,0,0,0,0,0,0,1000,1000,1000,1000,0,0,0,0,0
2025-12-15 01:00:32.702,SERVO_OUTPUT_RAW,1587909826,SERVO_OUTPUT_RAW,0,0,0,0,0,0,0,0,1000,1000,1000,1000,0,0,0,0,0
2025-12-15 01:00:32.802,SERVO_OUTPUT_RAW,1588009849,SERVO_OUTPUT_RAW,0,0,0,0,0,0,0,0,1000,1000,1000,1000,0,0,0,0,0
2025-12-15 01:00:32.902,SERVO_OUTPUT_RAW,1588109843,SERVO_OUTPUT_RAW,0,0,0,0,0,0,0,0,1000,1000,1000,1000,0,0,0,0,0
2025-12-15 01:00:33.002,SERVO_OUTPUT_RAW,1588209790,SERVO_OUTPUT_RAW,0,0,0,0,0,0,0,0,1000,1000,1000,1000,0,0,0,0,0
2025-12-15 01:00:33.102,SERVO_OUTPUT_RAW,1588309808,SERVO_OUTPUT_RAW,0,0,0,0,0,0,0,0,1000,1000,1000,1000,0,0,0,0,0
2025-12-15 01:00:33.202,SERVO_OUTPUT_RAW,1588409815,SERVO_OUTPUT_RAW,0,0,0,0,0,0,0,0,1000,1000,1000,1000,0,0,0,0,0
2025-12-15 01:00:33.302,SERVO_OUTPUT_RAW,1588509882,SERVO_OUTPUT_RAW,0,0,0,0,0,0,0,0,1000,1000,1000,1000,0,0,0,0,0
2025-12-15 01:00:33.402,SERVO_OUTPUT_RAW,1588609792,SERVO_OUTPUT_RAW,0,0,0,0,0,0,0,0,1000,1000,1000,1000,0,0,0,0,0
2025-12-15 01:00:33.502,SERVO_OUTPUT_RAW,1588709804,SERVO_OUTPUT_RAW,0,0,0,0,0,0,0,0,1000,1000,1000,1000,0,0,0,0,0
2025-12-15 01:00:33.602,SERVO_OUTPUT_RAW,1588809786,SERVO_OUTPUT_RAW,0,0,0,0,0,0,0,0,1000,1000,1000,1000,0,0,0,0,0
2025-12-15 01:00:33.702,SERVO_OUTPUT_RAW,1588912129,SERVO_OUTPUT_RAW,0,0,0,0,0,0,0,0,1000,1000,1000,1000,0,0,0,0,0
2025-12-15 01:00:33.802,SERVO_OUTPUT_RAW,1589009794,SERVO_OUTPUT_RAW,0,0,0,0,0,0,0,0,1000,1000,1000,1000,0,0,0,0,0
2025-12-15 01:00:33.902,SERVO_OUTPUT_RAW,1589112158,SERVO_OUTPUT_RAW,0,0,0,0,0,0,0,0,1000,1000,1000,1000,0,0,0,0,0
2025-12-15 01:00:34.002,SERVO_OUTPUT_RAW,1589209839,SERVO_OUTPUT_RAW,0,0,0,0,0,0,0,0,1000,1000,1000,1000,0,0,0,0,0
2025-12-15 01:00:34.102,SERVO_OUTPUT_RAW,1589309807,SERVO_OUTPUT_RAW,0,0,0,0,0,0,0,0,1000,1000,1000,1000,0,0,0,0,0
2025-12-15 01:00:34.202,SERVO_OUTPUT_RAW,1589409828,SERVO_OUTPUT_RAW,0,0,0,0,0,0,0,0,1000,1000,1000,1000,0,0,0,0,0
2025-12-15 01:00:34.302,SERVO_OUTPUT_RAW,1589509828,SERVO_OUTPUT_RAW,0,0,0,0,0,0,0,0,1000,1000,1000,1000,0,0,0,0,0
2025-12-15 01:00:34.402,SERVO_OUTPUT_RAW,1589609918,SERVO_OUTPUT_RAW,0,0,0,0,0,0,0,0,1000,1000,1000,1000,0,0,0,0,0
2025-12-15 01:00:34.502,SERVO_OUTPUT_RAW,1589709814,SERVO_OUTPUT_RAW,0,0,0,0,0,0,0,0,1000,1000,1000,1000,0,0,0,0,0
2025-12-15 01:00:34.602,SERVO_OUTPUT_RAW,1589809787,SERVO_OUTPUT_RAW,0,0,0,0,0,0,0,0,1000,1000,1000,1000,0,0,0,0,0
2025-12-15 01:00:34.702,SERVO_OUTPUT_RAW,1589909810,SERVO_OUTPUT_RAW,0,0,0,0,0,0,0,0,1000,1000,1000,1000,0,0,0,0,0
2025-12-15 01:00:34.802,SERVO_OUTPUT_RAW,1590009805,SERVO_OUTPUT_RAW,0,0,0,0,0,0,0,0,1000,1000,1000,1000,0,0,0,0,0
2025-12-15 01:00:34.902,SERVO_OUTPUT_RAW,1590109788,SERVO_OUTPUT_RAW,0,0,0,0,0,0,0,0,1000,1000,1000,1000,0,0,0,0,0
2025-12-15 01:00:35.002,SERVO_OUTPUT_RAW,1590209777,SERVO_OUTPUT_RAW,0,0,0,0,0,0,0,0,1000,1000,1000,1000,0,0,0,0,0
2025-12-15 01:00:35.102,SERVO_OUTPUT_RAW,1590309782,SERVO_OUTPUT_RAW,0,0,0,0,0,0,0,0,1000,1000,1000,1000,0,0,0,0,0
2025-12-15 01:00:35.202,SERVO_OUTPUT_RAW,1590409790,SERVO_OUTPUT_RAW,0,0,0,0,0,0,0,0,1000,1000,1000,1000,0,0,0,0,0
2025-12-15 01:00:35.302,SERVO_OUTPUT_RAW,1590512108,SERVO_OUTPUT_RAW,0,0,0,0,0,0,0,0,1000,1000,1000,1000,0,0,0,0,0
2025-12-15 01:00:35.402,SERVO_OUTPUT_RAW,1590609901,SERVO_OUTPUT_RAW,0,0,0,0,0,0,0,0,1000,1000,1000,1000,0,0,0,0,0
2025-12-15 01:00:35.502,SERVO_OUTPUT_RAW,1590709839,SERVO_OUTPUT_RAW,0,0,0,0,0,0,0,0,1000,1000,1000,1000,0,0,0,0,0
2025-12-15 01:00:35.602,SERVO_OUTPUT_RAW,1590809853,SERVO_OUTPUT_RAW,0,0,0,0,0,0,0,0,1000,1000,1000,1000,0,0,0,0,0
2025-12-15 01:00:35.702,SERVO_OUTPUT_RAW,1590909810,SERVO_OUTPUT_RAW,0,0,0,0,0,0,0,0,1000,1000,1000,1000,0,0,0,0,0
2025-12-15 01:00:35.802,SERVO_OUTPUT_RAW,1591009812,SERVO_OUTPUT_RAW,0,0,0,0,0,0,0,0,1000,1000,1000,1000,0,0,0,0,0
2025-12-15 01:00:35.902,SERVO_OUTPUT_RAW,1591109838,SERVO_OUTPUT_RAW,0,0,0,0,0,0,0,0,1000,1000,1000,1000,0,0,0,0,0
2025-12-15 01:00:36.003,SERVO_OUTPUT_RAW,1591209838,SERVO_OUTPUT_RAW,0,0,0,0,0,0,0,0,1000,1000,1000,1000,0,0,0,0,0
2025-12-15 01:00:36.102,SERVO_OUTPUT_RAW,1591309784,SERVO_OUTPUT_RAW,0,0,0,0,0,0,0,0,1000,1000,1000,1000,0,0,0,0,0
2025-12-15 01:00:36.202,SERVO_OUTPUT_RAW,1591409828,SERVO_OUTPUT_RAW,0,0,0,0,0,0,0,0,1000,1000,1000,1000,0,0,0,0,0
2025-12-15 01:00:36.303,SERVO_OUTPUT_RAW,1591509821,SERVO_OUTPUT_RAW,0,0,0,0,0,0,0,0,1000,1000,1000,1000,0,0,0,0,0
2025-12-15 01:00:36.402,SERVO_OUTPUT_RAW,1591609826,SERVO_OUTPUT_RAW,0,0,0,0,0,0,0,0,1000,1000,1000,1000,0,0,0,0,0
2025-12-15 01:00:36.502,SERVO_OUTPUT_RAW,1591709787,SERVO_OUTPUT_RAW,0,0,0,0,0,0,0,0,1000,1000,1000,1000,0,0,0,0,0
2025-12-15 01:00:36.603,SERVO_OUTPUT_RAW,1591809802,SERVO_OUTPUT_RAW,0,0,0,0,0,0,0,0,1000,1000,1000,1000,0,0,0,0,0
2025-12-15 01:00:36.702,SERVO_OUTPUT_RAW,1591909788,SERVO_OUTPUT_RAW,0,0,0,0,0,0,0,0,1000,1000,1000,1000,0,0,0,0,0
2025-12-15 01:00:36.803,SERVO_OUTPUT_RAW,1592009799,SERVO_OUTPUT_RAW,0,0,0,0,0,0,0,0,1000,1000,1000,1000,0,0,0,0,0
2025-12-15 01:00:36.902,SERVO_OUTPUT_RAW,1592109797,SERVO_OUTPUT_RAW,0,0,0,0,0,0,0,0,1000,1000,1000,1000,0,0,0,0,0
2025-12-15 01:00:37.002,SERVO_OUTPUT_RAW,1592209819,SERVO_OUTPUT_RAW,0,0,0,0,0,0,0,0,1000,1000,1000,1000,0,0,0,0,0
2025-12-15 01:00:37.102,SERVO_OUTPUT_RAW,1592309867,SERVO_OUTPUT_RAW,0,0,0,0,0,0,0,0,1000,1000,1000,1000,0,0,0,0,0
2025-12-15 01:00:37.202,SERVO_OUTPUT_RAW,1592409810,SERVO_OUTPUT_RAW,0,0,0,0,0,0,0,0,1000,1000,1000,1000,0,0,0,0,0
2025-12-15 01:00:37.302,SERVO_OUTPUT_RAW,1592509803,SERVO_OUTPUT_RAW,0,0,0,0,0,0,0,0,1000,1000,1000,1000,0,0,0,0,0
2025-12-15 01:00:37.403,SERVO_OUTPUT_RAW,1592609812,SERVO_OUTPUT_RAW,0,0,0,0,0,0,0,0,1000,1000,1000,1000,0,0,0,0,0
2025-12-15 01:00:37.503,SERVO_OUTPUT_RAW,1592712074,SERVO_OUTPUT_RAW,0,0,0,0,0,0,0,0,1000,1000,1000,1000,0,0,0,0,0
2025-12-15 01:00:37.602,SERVO_OUTPUT_RAW,1592809852,SERVO_OUTPUT_RAW,0,0,0,0,0,0,0,0,1000,1000,1000,1000,0,0,0,0,0
2025-12-15 01:00:37.702,SERVO_OUTPUT_RAW,1592909793,SERVO_OUTPUT_RAW,0,0,0,0,0,0,0,0,1000,1000,1000,1000,0,0,0,0,0
2025-12-15 01:00:37.803,SERVO_OUTPUT_RAW,1593009830,SERVO_OUTPUT_RAW,0,0,0,0,0,0,0,0,1000,1000,1000,1000,0,0,0,0,0
2025-12-15 01:00:37.903,SERVO_OUTPUT_RAW,1593109854,SERVO_OUTPUT_RAW,0,0,0,0,0,0,0,0,1000,1000,1000,1000,0,0,0,0,0
2025-12-15 01:00:38.002,SERVO_OUTPUT_RAW,1593209795,SERVO_OUTPUT_RAW,0,0,0,0,0,0,0,0,1000,1000,1000,1000,0,0,0,0,0
2025-12-15 01:00:38.102,SERVO_OUTPUT_RAW,1593309783,SERVO_OUTPUT_RAW,0,0,0,0,0,0,0,0,1000,1000,1000,1000,0,0,0,0,0
2025-12-15 01:00:38.202,SERVO_OUTPUT_RAW,1593409819,SERVO_OUTPUT_RAW,0,0,0,0,0,0,0,0,1000,1000,1000,1000,0,0,0,0,0
2025-12-15 01:00:38.303,SERVO_OUTPUT_RAW,1593509784,SERVO_OUTPUT_RAW,0,0,0,0,0,0,0,0,1000,1000,1000,1000,0,0,0,0,0
2025-12-15 01:00:38.402,SERVO_OUTPUT_RAW,1593609779,SERVO_OUTPUT_RAW,0,0,0,0,0,0,0,0,1000,1000,1000,1000,0,0,0,0,0
2025-12-15 01:00:38.503,SERVO_OUTPUT_RAW,1593709810,SERVO_OUTPUT_RAW,0,0,0,0,0,0,0,0,1000,1000,1000,1000,0,0,0,0,0
2025-12-15 01:00:38.603,SERVO_OUTPUT_RAW,1593809814,SERVO_OUTPUT_RAW,0,0,0,0,0,0,0,0,1000,1000,1000,1000,0,0,0,0,0
2025-12-15 01:00:38.702,SERVO_OUTPUT_RAW,1593909810,SERVO_OUTPUT_RAW,0,0,0,0,0,0,0,0,1000,1000,1000,1000,0,0,0,0,0
2025-12-15 01:00:38.803,SERVO_OUTPUT_RAW,1594009809,SERVO_OUTPUT_RAW,0,0,0,0,0,0,0,0,1000,1000,1000,1000,0,0,0,0,0
2025-12-15 01:00:38.902,SERVO_OUTPUT_RAW,1594109935,SERVO_OUTPUT_RAW,0,0,0,0,0,0,0,0,1000,1000,1000,1000,0,0,0,0,0
2025-12-15 01:00:39.002,SERVO_OUTPUT_RAW,1594209835,SERVO_OUTPUT_RAW,0,0,0,0,0,0,0,0,1000,1000,1000,1000,0,0,0,0,0
2025-12-15 01:00:39.103,SERVO_OUTPUT_RAW,1594309855,SERVO_OUTPUT_RAW,0,0,0,0,0,0,0,0,1000,1000,1000,1000,0,0,0,0,0
2025-12-15 01:00:39.201,SERVO_OUTPUT_RAW,1594409788,SERVO_OUTPUT_RAW,0,0,0,0,0,0,0,0,1000,1000,1000,1000,0,0,0,0,0
2025-12-15 01:00:39.302,SERVO_OUTPUT_RAW,1594509798,SERVO_OUTPUT_RAW,0,0,0,0,0,0,0,0,1000,1000,1000,1000,0,0,0,0,0
2025-12-15 01:00:39.403,SERVO_OUTPUT_RAW,1594609822,SERVO_OUTPUT_RAW,0,0,0,0,0,0,0,0,1000,1000,1000,1000,0,0,0,0,0
2025-12-15 01:00:39.502,SERVO_OUTPUT_RAW,1594709835,SERVO_OUTPUT_RAW,0,0,0,0,0,0,0,0,1000,1000,1000,1000,0,0,0,0,0
2025-12-15 01:00:39.602,SERVO_OUTPUT_RAW,1594809866,SERVO_OUTPUT_RAW,0,0,0,0,0,0,0,0,1000,1000,1000,1000,0,0,0,0,0
2025-12-15 01:00:39.701,SERVO_OUTPUT_RAW,1594909774,SERVO_OUTPUT_RAW,0,0,0,0,0,0,0,0,1000,1000,1000,1000,0,0,0,0,0
2025-12-15 01:00:39.802,SERVO_OUTPUT_RAW,1595009804,SERVO_OUTPUT_RAW,0,0,0,0,0,0,0,0,1000,1000,1000,1000,0,0,0,0,0
2025-12-15 01:00:39.903,SERVO_OUTPUT_RAW,1595109787,SERVO_OUTPUT_RAW,0,0,0,0,0,0,0,0,1000,1000,1000,1000,0,0,0,0,0
2025-12-15 01:00:40.002,SERVO_OUTPUT_RAW,1595209782,SERVO_OUTPUT_RAW,0,0,0,0,0,0,0,0,1000,1000,1000,1000,0,0,0,0,0
2025-12-15 01:00:40.102,SERVO_OUTPUT_RAW,1595309837,SERVO_OUTPUT_RAW,0,0,0,0,0,0,0,0,1000,1000,1000,1000,0,0,0,0,0
2025-12-15 01:00:40.202,SERVO_OUTPUT_RAW,1595409792,SERVO_OUTPUT_RAW,0,0,0,0,0,0,0,0,1000,1000,1000,1000,0,0,0,0,0
2025-12-15 01:00:40.302,SERVO_OUTPUT_RAW,1595509859,SERVO_OUTPUT_RAW,0,0,0,0,0,0,0,0,1000,1000,1000,1000,0,0,0,0,0
2025-12-15 01:00:40.401,SERVO_OUTPUT_RAW,1595609800,SERVO_OUTPUT_RAW,0,0,0,0,0,0,0,0,1000,1000,1000,1000,0,0,0,0,0
2025-12-15 01:00:40.502,SERVO_OUTPUT_RAW,1595709826,SERVO_OUTPUT_RAW,0,0,0,0,0,0,0,0,1000,1000,1000,1000,0,0,0,0,0
2025-12-15 01:00:40.602,SERVO_OUTPUT_RAW,1595809845,SERVO_OUTPUT_RAW,0,0,0,0,0,0,0,0,1000,1000,1000,1000,0,0,0,0,0
2025-12-15 01:00:40.702,SERVO_OUTPUT_RAW,1595909849,SERVO_OUTPUT_RAW,0,0,0,0,0,0,0,0,1000,1000,1000,1000,0,0,0,0,0
2025-12-15 01:00:40.802,SERVO_OUTPUT_RAW,1596009790,SERVO_OUTPUT_RAW,0,0,0,0,0,0,0,0,1000,1000,1000,1000,0,0,0,0,0
2025-12-15 01:00:40.902,SERVO_OUTPUT_RAW,1596109819,SERVO_OUTPUT_RAW,0,0,0,0,0,0,0,0,1000,1000,1000,1000,0,0,0,0,0
2025-12-15 01:00:41.002,SERVO_OUTPUT_RAW,1596209808,SERVO_OUTPUT_RAW,0,0,0,0,0,0,0,0,1000,1000,1000,1000,0,0,0,0,0
2025-12-15 01:00:41.102,SERVO_OUTPUT_RAW,1596309840,SERVO_OUTPUT_RAW,0,0,0,0,0,0,0,0,1000,1000,1000,1000,0,0,0,0,0
2025-12-15 01:00:41.202,SERVO_OUTPUT_RAW,1596409777,SERVO_OUTPUT_RAW,0,0,0,0,0,0,0,0,1000,1000,1000,1000,0,0,0,0,0
2025-12-15 01:00:41.302,SERVO_OUTPUT_RAW,1596509791,SERVO_OUTPUT_RAW,0,0,0,0,0,0,0,0,1000,1000,1000,1000,0,0,0,0,0
2025-12-15 01:00:41.402,SERVO_OUTPUT_RAW,1596609798,SERVO_OUTPUT_RAW,0,0,0,0,0,0,0,0,1000,1000,1000,1000,0,0,0,0,0
2025-12-15 01:00:41.502,SERVO_OUTPUT_RAW,1596709788,SERVO_OUTPUT_RAW,0,0,0,0,0,0,0,0,1000,1000,1000,1000,0,0,0,0,0
2025-12-15 01:00:41.602,SERVO_OUTPUT_RAW,1596809801,SERVO_OUTPUT_RAW,0,0,0,0,0,0,0,0,1000,1000,1000,1000,0,0,0,0,0
2025-12-15 01:00:41.702,SERVO_OUTPUT_RAW,1596912173,SERVO_OUTPUT_RAW,0,0,0,0,0,0,0,0,1000,1000,1000,1000,0,0,0,0,0
2025-12-15 01:00:41.802,SERVO_OUTPUT_RAW,1597009794,SERVO_OUTPUT_RAW,0,0,0,0,0,0,0,0,1000,1000,1000,1000,0,0,0,0,0
2025-12-15 01:00:41.902,SERVO_OUTPUT_RAW,1597109802,SERVO_OUTPUT_RAW,0,0,0,0,0,0,0,0,1000,1000,1000,1000,0,0,0,0,0
2025-12-15 01:00:42.002,SERVO_OUTPUT_RAW,1597209823,SERVO_OUTPUT_RAW,0,0,0,0,0,0,0,0,1000,1000,1000,1000,0,0,0,0,0
2025-12-15 01:00:42.102,SERVO_OUTPUT_RAW,1597309813,SERVO_OUTPUT_RAW,0,0,0,0,0,0,0,0,1000,1000,1000,1000,0,0,0,0,0
2025-12-15 01:00:42.202,SERVO_OUTPUT_RAW,1597409843,SERVO_OUTPUT_RAW,0,0,0,0,0,0,0,0,1000,1000,1000,1000,0,0,0,0,0
2025-12-15 01:00:42.302,SERVO_OUTPUT_RAW,1597509787,SERVO_OUTPUT_RAW,0,0,0,0,0,0,0,0,1000,1000,1000,1000,0,0,0,0,0
2025-12-15 01:00:42.403,SERVO_OUTPUT_RAW,1597609811,SERVO_OUTPUT_RAW,0,0,0,0,0,0,0,0,1000,1000,1000,1000,0,0,0,0,0
2025-12-15 01:00:42.502,SERVO_OUTPUT_RAW,1597709836,SERVO_OUTPUT_RAW,0,0,0,0,0,0,0,0,1000,1000,1000,1000,0,0,0,0,0
2025-12-15 01:00:42.602,SERVO_OUTPUT_RAW,1597809815,SERVO_OUTPUT_RAW,0,0,0,0,0,0,0,0,1000,1000,1000,1000,0,0,0,0,0
2025-12-15 01:00:42.702,SERVO_OUTPUT_RAW,1597909779,SERVO_OUTPUT_RAW,0,0,0,0,0,0,0,0,1000,1000,1000,1000,0,0,0,0,0
2025-12-15 01:00:42.802,SERVO_OUTPUT_RAW,1598009801,SERVO_OUTPUT_RAW,0,0,0,0,0,0,0,0,1000,1000,1000,1000,0,0,0,0,0
2025-12-15 01:00:42.902,SERVO_OUTPUT_RAW,1598109787,SERVO_OUTPUT_RAW,0,0,0,0,0,0,0,0,1000,1000,1000,1000,0,0,0,0,0
2025-12-15 01:00:43.002,SERVO_OUTPUT_RAW,1598209793,SERVO_OUTPUT_RAW,0,0,0,0,0,0,0,0,1000,1000,1000,1000,0,0,0,0,0
2025-12-15 01:00:43.102,SERVO_OUTPUT_RAW,1598309783,SERVO_OUTPUT_RAW,0,0,0,0,0,0,0,0,1000,1000,1000,1000,0,0,0,0,0
2025-12-15 01:00:43.202,SERVO_OUTPUT_RAW,1598409813,SERVO_OUTPUT_RAW,0,0,0,0,0,0,0,0,1000,1000,1000,1000,0,0,0,0,0
2025-12-15 01:00:43.302,SERVO_OUTPUT_RAW,1598509787,SERVO_OUTPUT_RAW,0,0,0,0,0,0,0,0,1000,1000,1000,1000,0,0,0,0,0
2025-12-15 01:00:43.402,SERVO_OUTPUT_RAW,1598612178,SERVO_OUTPUT_RAW,0,0,0,0,0,0,0,0,1000,1000,1000,1000,0,0,0,0,0
2025-12-15 01:00:43.502,SERVO_OUTPUT_RAW,1598709809,SERVO_OUTPUT_RAW,0,0,0,0,0,0,0,0,1000,1000,1000,1000,0,0,0,0,0
2025-12-15 01:00:43.602,SERVO_OUTPUT_RAW,1598809907,SERVO_OUTPUT_RAW,0,0,0,0,0,0,0,0,1000,1000,1000,1000,0,0,0,0,0
2025-12-15 01:00:43.702,SERVO_OUTPUT_RAW,1598909824,SERVO_OUTPUT_RAW,0,0,0,0,0,0,0,0,1000,1000,1000,1000,0,0,0,0,0
2025-12-15 01:00:43.802,SERVO_OUTPUT_RAW,1599009914,SERVO_OUTPUT_RAW,0,0,0,0,0,0,0,0,1000,1000,1000,1000,0,0,0,0,0
2025-12-15 01:00:43.902,SERVO_OUTPUT_RAW,1599109790,SERVO_OUTPUT_RAW,0,0,0,0,0,0,0,0,1000,1000,1000,1000,0,0,0,0,0
2025-12-15 01:00:44.002,SERVO_OUTPUT_RAW,1599209810,SERVO_OUTPUT_RAW,0,0,0,0,0,0,0,0,1000,1000,1000,1000,0,0,0,0,0
2025-12-15 01:00:44.102,SERVO_OUTPUT_RAW,1599309819,SERVO_OUTPUT_RAW,0,0,0,0,0,0,0,0,1000,1000,1000,1000,0,0,0,0,0
2025-12-15 01:00:44.202,SERVO_OUTPUT_RAW,1599409814,SERVO_OUTPUT_RAW,0,0,0,0,0,0,0,0,1000,1000,1000,1000,0,0,0,0,0
2025-12-15 01:00:44.302,SERVO_OUTPUT_RAW,1599509807,SERVO_OUTPUT_RAW,0,0,0,0,0,0,0,0,1000,1000,1000,1000,0,0,0,0,0
2025-12-15 01:00:44.402,SERVO_OUTPUT_RAW,1599609789,SERVO_OUTPUT_RAW,0,0,0,0,0,0,0,0,1000,1000,1000,1000,0,0,0,0,0
2025-12-15 01:00:44.502,SERVO_OUTPUT_RAW,1599709798,SERVO_OUTPUT_RAW,0,0,0,0,0,0,0,0,1000,1000,1000,1000,0,0,0,0,0
2025-12-15 01:00:44.602,SERVO_OUTPUT_RAW,1599809788,SERVO_OUTPUT_RAW,0,0,0,0,0,0,0,0,1000,1000,1000,1000,0,0,0,0,0
2025-12-15 01:00:44.702,SERVO_OUTPUT_RAW,1599909799,SERVO_OUTPUT_RAW,0,0,0,0,0,0,0,0,1000,1000,1000,1000,0,0,0,0,0
2025-12-15 01:00:44.802,SERVO_OUTPUT_RAW,1600009839,SERVO_OUTPUT_RAW,0,0,0,0,0,0,0,0,1000,1000,1000,1000,0,0,0,0,0
2025-12-15 01:00:44.902,SERVO_OUTPUT_RAW,1600109843,SERVO_OUTPUT_RAW,0,0,0,0,0,0,0,0,1000,1000,1000,1000,0,0,0,0,0
2025-12-15 01:00:45.002,SERVO_OUTPUT_RAW,1600209812,SERVO_OUTPUT_RAW,0,0,0,0,0,0,0,0,1000,1000,1000,1000,0,0,0,0,0
2025-12-15 01:00:45.102,SERVO_OUTPUT_RAW,1600309783,SERVO_OUTPUT_RAW,0,0,0,0,0,0,0,0,1000,1000,1000,1000,0,0,0,0,0
2025-12-15 01:00:45.202,SERVO_OUTPUT_RAW,1600409826,SERVO_OUTPUT_RAW,0,0,0,0,0,0,0,0,1000,1000,1000,1000,0,0,0,0,0
2025-12-15 01:00:45.302,SERVO_OUTPUT_RAW,1600509873,SERVO_OUTPUT_RAW,0,0,0,0,0,0,0,0,1000,1000,1000,1000,0,0,0,0,0
2025-12-15 01:00:45.402,SERVO_OUTPUT_RAW,1600609843,SERVO_OUTPUT_RAW,0,0,0,0,0,0,0,0,1000,1000,1000,1000,0,0,0,0,0
2025-12-15 01:00:45.503,SERVO_OUTPUT_RAW,1600709792,SERVO_OUTPUT_RAW,0,0,0,0,0,0,0,0,1000,1000,1000,1000,0,0,0,0,0
2025-12-15 01:00:45.603,SERVO_OUTPUT_RAW,1600809821,SERVO_OUTPUT_RAW,0,0,0,0,0,0,0,0,1000,1000,1000,1000,0,0,0,0,0
2025-12-15 01:00:45.702,SERVO_OUTPUT_RAW,1600909823,SERVO_OUTPUT_RAW,0,0,0,0,0,0,0,0,1000,1000,1000,1000,0,0,0,0,0
2025-12-15 01:00:45.802,SERVO_OUTPUT_RAW,1601009795,SERVO_OUTPUT_RAW,0,0,0,0,0,0,0,0,1000,1000,1000,1000,0,0,0,0,0
2025-12-15 01:00:45.902,SERVO_OUTPUT_RAW,1601109881,SERVO_OUTPUT_RAW,0,0,0,0,0,0,0,0,1000,1000,1000,1000,0,0,0,0,0
2025-12-15 01:00:46.002,SERVO_OUTPUT_RAW,1601209792,SERVO_OUTPUT_RAW,0,0,0,0,0,0,0,0,1000,1000,1000,1000,0,0,0,0,0
2025-12-15 01:00:46.103,SERVO_OUTPUT_RAW,1601309808,SERVO_OUTPUT_RAW,0,0,0,0,0,0,0,0,1000,1000,1000,1000,0,0,0,0,0
2025-12-15 01:00:46.202,SERVO_OUTPUT_RAW,1601409779,SERVO_OUTPUT_RAW,0,0,0,0,0,0,0,0,1000,1000,1000,1000,0,0,0,0,0
2025-12-15 01:00:46.303,SERVO_OUTPUT_RAW,1601512154,SERVO_OUTPUT_RAW,0,0,0,0,0,0,0,0,1000,1000,1000,1000,0,0,0,0,0
2025-12-15 01:00:46.403,SERVO_OUTPUT_RAW,1601609775,SERVO_OUTPUT_RAW,0,0,0,0,0,0,0,0,1000,1000,1000,1000,0,0,0,0,0
2025-12-15 01:00:46.503,SERVO_OUTPUT_RAW,1601709837,SERVO_OUTPUT_RAW,0,0,0,0,0,0,0,0,1000,1000,1000,1000,0,0,0,0,0
2025-12-15 01:00:46.603,SERVO_OUTPUT_RAW,1601809806,SERVO_OUTPUT_RAW,0,0,0,0,0,0,0,0,1000,1000,1000,1000,0,0,0,0,0
2025-12-15 01:00:46.702,SERVO_OUTPUT_RAW,1601909815,SERVO_OUTPUT_RAW,0,0,0,0,0,0,0,0,1000,1000,1000,1000,0,0,0,0,0
2025-12-15 01:00:46.802,SERVO_OUTPUT_RAW,1602009848,SERVO_OUTPUT_RAW,0,0,0,0,0,0,0,0,1000,1000,1000,1000,0,0,0,0,0
2025-12-15 01:00:46.903,SERVO_OUTPUT_RAW,1602109879,SERVO_OUTPUT_RAW,0,0,0,0,0,0,0,0,1000,1000,1000,1000,0,0,0,0,0
2025-12-15 01:00:47.003,SERVO_OUTPUT_RAW,1602209892,SERVO_OUTPUT_RAW,0,0,0,0,0,0,0,0,1000,1000,1000,1000,0,0,0,0,0
2025-12-15 01:00:47.103,SERVO_OUTPUT_RAW,1602309792,SERVO_OUTPUT_RAW,0,0,0,0,0,0,0,0,1000,1000,1000,1000,0,0,0,0,0
2025-12-15 01:00:47.202,SERVO_OUTPUT_RAW,1602409814,SERVO_OUTPUT_RAW,0,0,0,0,0,0,0,0,1000,1000,1000,1000,0,0,0,0,0
2025-12-15 01:00:47.303,SERVO_OUTPUT_RAW,1602509819,SERVO_OUTPUT_RAW,0,0,0,0,0,0,0,0,1000,1000,1000,1000,0,0,0,0,0
2025-12-15 01:00:47.404,SERVO_OUTPUT_RAW,1602609771,SERVO_OUTPUT_RAW,0,0,0,0,0,0,0,0,1000,1000,1000,1000,0,0,0,0,0
2025-12-15 01:00:47.503,SERVO_OUTPUT_RAW,1602709776,SERVO_OUTPUT_RAW,0,0,0,0,0,0,0,0,1000,1000,1000,1000,0,0,0,0,0
2025-12-15 01:00:47.603,SERVO_OUTPUT_RAW,1602809781,SERVO_OUTPUT_RAW,0,0,0,0,0,0,0,0,1000,1000,1000,1000,0,0,0,0,0
2025-12-15 01:00:47.703,SERVO_OUTPUT_RAW,1602909778,SERVO_OUTPUT_RAW,0,0,0,0,0,0,0,0,1000,1000,1000,1000,0,0,0,0,0
2025-12-15 01:00:47.803,SERVO_OUTPUT_RAW,1603009804,SERVO_OUTPUT_RAW,0,0,0,0,0,0,0,0,1000,1000,1000,1000,0,0,0,0,0
2025-12-15 01:00:47.903,SERVO_OUTPUT_RAW,1603112148,SERVO_OUTPUT_RAW,0,0,0,0,0,0,0,0,1000,1000,1000,1000,0,0,0,0,0
2025-12-15 01:00:48.003,SERVO_OUTPUT_RAW,1603212151,SERVO_OUTPUT_RAW,0,0,0,0,0,0,0,0,1000,1000,1000,1000,0,0,0,0,0
2025-12-15 01:00:48.103,SERVO_OUTPUT_RAW,1603309812,SERVO_OUTPUT_RAW,0,0,0,0,0,0,0,0,1000,1000,1000,1000,0,0,0,0,0
2025-12-15 01:00:48.203,SERVO_OUTPUT_RAW,1603409831,SERVO_OUTPUT_RAW,0,0,0,0,0,0,0,0,1000,1000,1000,1000,0,0,0,0,0
2025-12-15 01:00:48.303,SERVO_OUTPUT_RAW,1603509812,SERVO_OUTPUT_RAW,0,0,0,0,0,0,0,0,1000,1000,1000,1000,0,0,0,0,0
2025-12-15 01:00:48.403,SERVO_OUTPUT_RAW,1603609840,SERVO_OUTPUT_RAW,0,0,0,0,0,0,0,0,1000,1000,1000,1000,0,0,0,0,0
2025-12-15 01:00:48.503,SERVO_OUTPUT_RAW,1603709840,SERVO_OUTPUT_RAW,0,0,0,0,0,0,0,0,1000,1000,1000,1000,0,0,0,0,0
2025-12-15 01:00:48.603,SERVO_OUTPUT_RAW,1603809777,SERVO_OUTPUT_RAW,0,0,0,0,0,0,0,0,1000,1000,1000,1000,0,0,0,0,0
2025-12-15 01:00:48.703,SERVO_OUTPUT_RAW,1603909793,SERVO_OUTPUT_RAW,0,0,0,0,0,0,0,0,1000,1000,1000,1000,0,0,0,0,0
2025-12-15 01:00:48.803,SERVO_OUTPUT_RAW,1604009841,SERVO_OUTPUT_RAW,0,0,0,0,0,0,0,0,1000,1000,1000,1000,0,0,0,0,0
2025-12-15 01:00:48.903,SERVO_OUTPUT_RAW,1604109776,SERVO_OUTPUT_RAW,0,0,0,0,0,0,0,0,1000,1000,1000,1000,0,0,0,0,0
2025-12-15 01:00:49.003,SERVO_OUTPUT_RAW,1604209781,SERVO_OUTPUT_RAW,0,0,0,0,0,0,0,0,1000,1000,1000,1000,0,0,0,0,0
2025-12-15 01:00:49.102,SERVO_OUTPUT_RAW,1604309789,SERVO_OUTPUT_RAW,0,0,0,0,0,0,0,0,1000,1000,1000,1000,0,0,0,0,0
2025-12-15 01:00:49.202,SERVO_OUTPUT_RAW,1604409794,SERVO_OUTPUT_RAW,0,0,0,0,0,0,0,0,1000,1000,1000,1000,0,0,0,0,0
2025-12-15 01:00:49.302,SERVO_OUTPUT_RAW,1604509790,SERVO_OUTPUT_RAW,0,0,0,0,0,0,0,0,1000,1000,1000,1000,0,0,0,0,0
2025-12-15 01:00:49.402,SERVO_OUTPUT_RAW,1604609797,SERVO_OUTPUT_RAW,0,0,0,0,0,0,0,0,1000,1000,1000,1000,0,0,0,0,0
2025-12-15 01:00:49.502,SERVO_OUTPUT_RAW,1604709826,SERVO_OUTPUT_RAW,0,0,0,0,0,0,0,0,1000,1000,1000,1000,0,0,0,0,0
2025-12-15 01:00:49.602,SERVO_OUTPUT_RAW,1604809834,SERVO_OUTPUT_RAW,0,0,0,0,0,0,0,0,1000,1000,1000,1000,0,0,0,0,0
2025-12-15 01:00:49.702,SERVO_OUTPUT_RAW,1604912131,SERVO_OUTPUT_RAW,0,0,0,0,0,0,0,0,1000,1000,1000,1000,0,0,0,0,0
2025-12-15 01:00:49.802,SERVO_OUTPUT_RAW,1605009848,SERVO_OUTPUT_RAW,0,0,0,0,0,0,0,0,1000,1000,1000,1000,0,0,0,0,0
2025-12-15 01:00:49.902,SERVO_OUTPUT_RAW,1605109813,SERVO_OUTPUT_RAW,0,0,0,0,0,0,0,0,1000,1000,1000,1000,0,0,0,0,0
2025-12-15 01:00:50.002,SERVO_OUTPUT_RAW,1605209844,SERVO_OUTPUT_RAW,0,0,0,0,0,0,0,0,1000,1000,1000,1000,0,0,0,0,0
2025-12-15 01:00:50.102,SERVO_OUTPUT_RAW,1605309894,SERVO_OUTPUT_RAW,0,0,0,0,0,0,0,0,1000,1000,1000,1000,0,0,0,0,0
2025-12-15 01:00:50.202,SERVO_OUTPUT_RAW,1605409790,SERVO_OUTPUT_RAW,0,0,0,0,0,0,0,0,1000,1000,1000,1000,0,0,0,0,0
2025-12-15 01:00:50.302,SERVO_OUTPUT_RAW,1605509829,SERVO_OUTPUT_RAW,0,0,0,0,0,0,0,0,1000,1000,1000,1000,0,0,0,0,0
2025-12-15 01:00:50.403,SERVO_OUTPUT_RAW,1605609814,SERVO_OUTPUT_RAW,0,0,0,0,0,0,0,0,1000,1000,1000,1000,0,0,0,0,0
2025-12-15 01:00:50.502,SERVO_OUTPUT_RAW,1605709780,SERVO_OUTPUT_RAW,0,0,0,0,0,0,0,0,1000,1000,1000,1000,0,0,0,0,0
2025-12-15 01:00:50.602,SERVO_OUTPUT_RAW,1605809800,SERVO_OUTPUT_RAW,0,0,0,0,0,0,0,0,1000,1000,1000,1000,0,0,0,0,0
2025-12-15 01:00:50.702,SERVO_OUTPUT_RAW,1605909790,SERVO_OUTPUT_RAW,0,0,0,0,0,0,0,0,1000,1000,1000,1000,0,0,0,0,0
2025-12-15 01:00:50.803,SERVO_OUTPUT_RAW,1606009804,SERVO_OUTPUT_RAW,0,0,0,0,0,0,0,0,1000,1000,1000,1000,0,0,0,0,0
2025-12-15 01:00:50.902,SERVO_OUTPUT_RAW,1606109792,SERVO_OUTPUT_RAW,0,0,0,0,0,0,0,0,1000,1000,1000,1000,0,0,0,0,0
2025-12-15 01:00:51.002,SERVO_OUTPUT_RAW,1606209795,SERVO_OUTPUT_RAW,0,0,0,0,0,0,0,0,1000,1000,1000,1000,0,0,0,0,0
2025-12-15 01:00:51.102,SERVO_OUTPUT_RAW,1606309840,SERVO_OUTPUT_RAW,0,0,0,0,0,0,0,0,1000,1000,1000,1000,0,0,0,0,0
2025-12-15 01:00:51.202,SERVO_OUTPUT_RAW,1606409867,SERVO_OUTPUT_RAW,0,0,0,0,0,0,0,0,1000,1000,1000,1000,0,0,0,0,0
2025-12-15 01:00:51.302,SERVO_OUTPUT_RAW,1606509803,SERVO_OUTPUT_RAW,0,0,0,0,0,0,0,0,1000,1000,1000,1000,0,0,0,0,0
2025-12-15 01:00:51.402,SERVO_OUTPUT_RAW,1606609812,SERVO_OUTPUT_RAW,0,0,0,0,0,0,0,0,1000,1000,1000,1000,0,0,0,0,0
2025-12-15 01:00:51.502,SERVO_OUTPUT_RAW,1606709862,SERVO_OUTPUT_RAW,0,0,0,0,0,0,0,0,1000,1000,1000,1000,0,0,0,0,0
2025-12-15 01:00:51.602,SERVO_OUTPUT_RAW,1606809851,SERVO_OUTPUT_RAW,0,0,0,0,0,0,0,0,1000,1000,1000,1000,0,0,0,0,0
2025-12-15 01:00:51.702,SERVO_OUTPUT_RAW,1606909793,SERVO_OUTPUT_RAW,0,0,0,0,0,0,0,0,1000,1000,1000,1000,0,0,0,0,0
2025-12-15 01:00:51.802,SERVO_OUTPUT_RAW,1607009802,SERVO_OUTPUT_RAW,0,0,0,0,0,0,0,0,1000,1000,1000,1000,0,0,0,0,0
2025-12-15 01:00:51.903,SERVO_OUTPUT_RAW,1607109824,SERVO_OUTPUT_RAW,0,0,0,0,0,0,0,0,1000,1000,1000,1000,0,0,0,0,0
2025-12-15 01:00:52.002,SERVO_OUTPUT_RAW,1607209781,SERVO_OUTPUT_RAW,0,0,0,0,0,0,0,0,1000,1000,1000,1000,0,0,0,0,0
2025-12-15 01:00:52.102,SERVO_OUTPUT_RAW,1607309782,SERVO_OUTPUT_RAW,0,0,0,0,0,0,0,0,1000,1000,1000,1000,0,0,0,0,0
2025-12-15 01:00:52.202,SERVO_OUTPUT_RAW,1607409892,SERVO_OUTPUT_RAW,0,0,0,0,0,0,0,0,1000,1000,1000,1000,0,0,0,0,0
2025-12-15 01:00:52.302,SERVO_OUTPUT_RAW,1607509784,SERVO_OUTPUT_RAW,0,0,0,0,0,0,0,0,1000,1000,1000,1000,0,0,0,0,0
2025-12-15 01:00:52.402,SERVO_OUTPUT_RAW,1607609791,SERVO_OUTPUT_RAW,0,0,0,0,0,0,0,0,1000,1000,1000,1000,0,0,0,0,0
2025-12-15 01:00:52.503,SERVO_OUTPUT_RAW,1607709803,SERVO_OUTPUT_RAW,0,0,0,0,0,0,0,0,1000,1000,1000,1000,0,0,0,0,0
2025-12-15 01:00:52.602,SERVO_OUTPUT_RAW,1607809820,SERVO_OUTPUT_RAW,0,0,0,0,0,0,0,0,1000,1000,1000,1000,0,0,0,0,0
2025-12-15 01:00:52.702,SERVO_OUTPUT_RAW,1607912140,SERVO_OUTPUT_RAW,0,0,0,0,0,0,0,0,1000,1000,1000,1000,0,0,0,0,0
2025-12-15 01:00:52.802,SERVO_OUTPUT_RAW,1608009809,SERVO_OUTPUT_RAW,0,0,0,0,0,0,0,0,1000,1000,1000,1000,0,0,0,0,0
2025-12-15 01:00:52.902,SERVO_OUTPUT_RAW,1608109789,SERVO_OUTPUT_RAW,0,0,0,0,0,0,0,0,1000,1000,1000,1000,0,0,0,0,0
2025-12-15 01:00:53.002,SERVO_OUTPUT_RAW,1608209820,SERVO_OUTPUT_RAW,0,0,0,0,0,0,0,0,1000,1000,1000,1000,0,0,0,0,0
2025-12-15 01:00:53.102,SERVO_OUTPUT_RAW,1608309846,SERVO_OUTPUT_RAW,0,0,0,0,0,0,0,0,1000,1000,1000,1000,0,0,0,0,0
2025-12-15 01:00:53.202,SERVO_OUTPUT_RAW,1608409846,SERVO_OUTPUT_RAW,0,0,0,0,0,0,0,0,1000,1000,1000,1000,0,0,0,0,0
2025-12-15 01:00:53.302,SERVO_OUTPUT_RAW,1608509799,SERVO_OUTPUT_RAW,0,0,0,0,0,0,0,0,1000,1000,1000,1000,0,0,0,0,0
2025-12-15 01:00:53.403,SERVO_OUTPUT_RAW,1608609804,SERVO_OUTPUT_RAW,0,0,0,0,0,0,0,0,1000,1000,1000,1000,0,0,0,0,0
2025-12-15 01:00:53.502,SERVO_OUTPUT_RAW,1608709819,SERVO_OUTPUT_RAW,0,0,0,0,0,0,0,0,1000,1000,1000,1000,0,0,0,0,0
2025-12-15 01:00:53.602,SERVO_OUTPUT_RAW,1608809787,SERVO_OUTPUT_RAW,0,0,0,0,0,0,0,0,1000,1000,1000,1000,0,0,0,0,0
2025-12-15 01:00:53.702,SERVO_OUTPUT_RAW,1608909818,SERVO_OUTPUT_RAW,0,0,0,0,0,0,0,0,1000,1000,1000,1000,0,0,0,0,0
2025-12-15 01:00:53.803,SERVO_OUTPUT_RAW,1609009794,SERVO_OUTPUT_RAW,0,0,0,0,0,0,0,0,1000,1000,1000,1000,0,0,0,0,0
2025-12-15 01:00:53.902,SERVO_OUTPUT_RAW,1609109793,SERVO_OUTPUT_RAW,0,0,0,0,0,0,0,0,1000,1000,1000,1000,0,0,0,0,0
2025-12-15 01:00:54.003,SERVO_OUTPUT_RAW,1609209799,SERVO_OUTPUT_RAW,0,0,0,0,0,0,0,0,1000,1000,1000,1000,0,0,0,0,0
2025-12-15 01:00:54.103,SERVO_OUTPUT_RAW,1609309796,SERVO_OUTPUT_RAW,0,0,0,0,0,0,0,0,1000,1000,1000,1000,0,0,0,0,0
2025-12-15 01:00:54.202,SERVO_OUTPUT_RAW,1609409845,SERVO_OUTPUT_RAW,0,0,0,0,0,0,0,0,1000,1000,1000,1000,0,0,0,0,0
2025-12-15 01:00:54.302,SERVO_OUTPUT_RAW,1609512134,SERVO_OUTPUT_RAW,0,0,0,0,0,0,0,0,1000,1000,1000,1000,0,0,0,0,0
2025-12-15 01:00:54.402,SERVO_OUTPUT_RAW,1609609800,SERVO_OUTPUT_RAW,0,0,0,0,0,0,0,0,1000,1000,1000,1000,0,0,0,0,0
2025-12-15 01:00:54.502,SERVO_OUTPUT_RAW,1609709794,SERVO_OUTPUT_RAW,0,0,0,0,0,0,0,0,1000,1000,1000,1000,0,0,0,0,0
2025-12-15 01:00:54.602,SERVO_OUTPUT_RAW,1609809833,SERVO_OUTPUT_RAW,0,0,0,0,0,0,0,0,1000,1000,1000,1000,0,0,0,0,0
2025-12-15 01:00:54.702,SERVO_OUTPUT_RAW,1609909858,SERVO_OUTPUT_RAW,0,0,0,0,0,0,0,0,1000,1000,1000,1000,0,0,0,0,0
2025-12-15 01:00:54.803,SERVO_OUTPUT_RAW,1610009780,SERVO_OUTPUT_RAW,0,0,0,0,0,0,0,0,1000,1000,1000,1000,0,0,0,0,0
2025-12-15 01:00:54.904,SERVO_OUTPUT_RAW,1610109790,SERVO_OUTPUT_RAW,0,0,0,0,0,0,0,0,1000,1000,1000,1000,0,0,0,0,0
2025-12-15 01:00:55.003,SERVO_OUTPUT_RAW,1610209833,SERVO_OUTPUT_RAW,0,0,0,0,0,0,0,0,1000,1000,1000,1000,0,0,0,0,0
2025-12-15 01:00:55.103,SERVO_OUTPUT_RAW,1610309820,SERVO_OUTPUT_RAW,0,0,0,0,0,0,0,0,1000,1000,1000,1000,0,0,0,0,0
2025-12-15 01:00:55.203,SERVO_OUTPUT_RAW,1610409805,SERVO_OUTPUT_RAW,0,0,0,0,0,0,0,0,1000,1000,1000,1000,0,0,0,0,0
2025-12-15 01:00:55.303,SERVO_OUTPUT_RAW,1610509783,SERVO_OUTPUT_RAW,0,0,0,0,0,0,0,0,1000,1000,1000,1000,0,0,0,0,0
2025-12-15 01:00:55.403,SERVO_OUTPUT_RAW,1610609774,SERVO_OUTPUT_RAW,0,0,0,0,0,0,0,0,1000,1000,1000,1000,0,0,0,0,0
2025-12-15 01:00:55.503,SERVO_OUTPUT_RAW,1610709784,SERVO_OUTPUT_RAW,0,0,0,0,0,0,0,0,1000,1000,1000,1000,0,0,0,0,0
2025-12-15 01:00:55.603,SERVO_OUTPUT_RAW,1610809813,SERVO_OUTPUT_RAW,0,0,0,0,0,0,0,0,1000,1000,1000,1000,0,0,0,0,0
2025-12-15 01:00:55.703,SERVO_OUTPUT_RAW,1610909820,SERVO_OUTPUT_RAW,0,0,0,0,0,0,0,0,1000,1000,1000,1000,0,0,0,0,0
2025-12-15 01:00:55.803,SERVO_OUTPUT_RAW,1611009829,SERVO_OUTPUT_RAW,0,0,0,0,0,0,0,0,1000,1000,1000,1000,0,0,0,0,0
2025-12-15 01:00:55.903,SERVO_OUTPUT_RAW,1611109848,SERVO_OUTPUT_RAW,0,0,0,0,0,0,0,0,1000,1000,1000,1000,0,0,0,0,0
2025-12-15 01:00:56.003,SERVO_OUTPUT_RAW,1611209819,SERVO_OUTPUT_RAW,0,0,0,0,0,0,0,0,1000,1000,1000,1000,0,0,0,0,0
2025-12-15 01:00:56.103,SERVO_OUTPUT_RAW,1611309813,SERVO_OUTPUT_RAW,0,0,0,0,0,0,0,0,1000,1000,1000,1000,0,0,0,0,0
2025-12-15 01:00:56.203,SERVO_OUTPUT_RAW,1611409841,SERVO_OUTPUT_RAW,0,0,0,0,0,0,0,0,1000,1000,1000,1000,0,0,0,0,0
2025-12-15 01:00:56.303,SERVO_OUTPUT_RAW,1611509841,SERVO_OUTPUT_RAW,0,0,0,0,0,0,0,0,1000,1000,1000,1000,0,0,0,0,0
2025-12-15 01:00:56.403,SERVO_OUTPUT_RAW,1611612162,SERVO_OUTPUT_RAW,0,0,0,0,0,0,0,0,1000,1000,1000,1000,0,0,0,0,0
2025-12-15 01:00:56.504,SERVO_OUTPUT_RAW,1611709797,SERVO_OUTPUT_RAW,0,0,0,0,0,0,0,0,1000,1000,1000,1000,0,0,0,0,0
2025-12-15 01:00:56.603,SERVO_OUTPUT_RAW,1611809856,SERVO_OUTPUT_RAW,0,0,0,0,0,0,0,0,1000,1000,1000,1000,0,0,0,0,0
2025-12-15 01:00:56.703,SERVO_OUTPUT_RAW,1611909829,SERVO_OUTPUT_RAW,0,0,0,0,0,0,0,0,1000,1000,1000,1000,0,0,0,0,0
2025-12-15 01:00:56.803,SERVO_OUTPUT_RAW,1612009783,SERVO_OUTPUT_RAW,0,0,0,0,0,0,0,0,1000,1000,1000,1000,0,0,0,0,0
2025-12-15 01:00:56.903,SERVO_OUTPUT_RAW,1612109822,SERVO_OUTPUT_RAW,0,0,0,0,0,0,0,0,1000,1000,1000,1000,0,0,0,0,0
2025-12-15 01:00:57.003,SERVO_OUTPUT_RAW,1612209793,SERVO_OUTPUT_RAW,0,0,0,0,0,0,0,0,1000,1000,1000,1000,0,0,0,0,0
2025-12-15 01:00:57.103,SERVO_OUTPUT_RAW,1612309791,SERVO_OUTPUT_RAW,0,0,0,0,0,0,0,0,1000,1000,1000,1000,0,0,0,0,0
2025-12-15 01:00:57.203,SERVO_OUTPUT_RAW,1612409806,SERVO_OUTPUT_RAW,0,0,0,0,0,0,0,0,1000,1000,1000,1000,0,0,0,0,0
2025-12-15 01:00:57.303,SERVO_OUTPUT_RAW,1612509823,SERVO_OUTPUT_RAW,0,0,0,0,0,0,0,0,1000,1000,1000,1000,0,0,0,0,0
2025-12-15 01:00:57.405,SERVO_OUTPUT_RAW,1612609768,SERVO_OUTPUT_RAW,0,0,0,0,0,0,0,0,1000,1000,1000,1000,0,0,0,0,0
2025-12-15 01:00:57.502,SERVO_OUTPUT_RAW,1612709792,SERVO_OUTPUT_RAW,0,0,0,0,0,0,0,0,1000,1000,1000,1000,0,0,0,0,0
2025-12-15 01:00:57.603,SERVO_OUTPUT_RAW,1612809792,SERVO_OUTPUT_RAW,0,0,0,0,0,0,0,0,1000,1000,1000,1000,0,0,0,0,0
2025-12-15 01:00:57.703,SERVO_OUTPUT_RAW,1612909832,SERVO_OUTPUT_RAW,0,0,0,0,0,0,0,0,1000,1000,1000,1000,0,0,0,0,0
2025-12-15 01:00:57.803,SERVO_OUTPUT_RAW,1613009848,SERVO_OUTPUT_RAW,0,0,0,0,0,0,0,0,1000,1000,1000,1000,0,0,0,0,0
2025-12-15 01:00:57.904,SERVO_OUTPUT_RAW,1613109857,SERVO_OUTPUT_RAW,0,0,0,0,0,0,0,0,1000,1000,1000,1000,0,0,0,0,0
2025-12-15 01:00:58.003,SERVO_OUTPUT_RAW,1613209793,SERVO_OUTPUT_RAW,0,0,0,0,0,0,0,0,1000,1000,1000,1000,0,0,0,0,0
2025-12-15 01:00:58.103,SERVO_OUTPUT_RAW,1613309816,SERVO_OUTPUT_RAW,0,0,0,0,0,0,0,0,1000,1000,1000,1000,0,0,0,0,0
2025-12-15 01:00:58.203,SERVO_OUTPUT_RAW,1613409829,SERVO_OUTPUT_RAW,0,0,0,0,0,0,0,0,1000,1000,1000,1000,0,0,0,0,0
2025-12-15 01:00:58.303,SERVO_OUTPUT_RAW,1613509788,SERVO_OUTPUT_RAW,0,0,0,0,0,0,0,0,1000,1000,1000,1000,0,0,0,0,0
2025-12-15 01:00:58.403,SERVO_OUTPUT_RAW,1613609779,SERVO_OUTPUT_RAW,0,0,0,0,0,0,0,0,1000,1000,1000,1000,0,0,0,0,0
2025-12-15 01:00:58.503,SERVO_OUTPUT_RAW,1613709868,SERVO_OUTPUT_RAW,0,0,0,0,0,0,0,0,1000,1000,1000,1000,0,0,0,0,0
2025-12-15 01:00:58.602,SERVO_OUTPUT_RAW,1613809782,SERVO_OUTPUT_RAW,0,0,0,0,0,0,0,0,1000,1000,1000,1000,0,0,0,0,0
2025-12-15 01:00:58.702,SERVO_OUTPUT_RAW,1613909802,SERVO_OUTPUT_RAW,0,0,0,0,0,0,0,0,1000,1000,1000,1000,0,0,0,0,0
2025-12-15 01:00:58.803,SERVO_OUTPUT_RAW,1614009801,SERVO_OUTPUT_RAW,0,0,0,0,0,0,0,0,1000,1000,1000,1000,0,0,0,0,0
2025-12-15 01:00:58.902,SERVO_OUTPUT_RAW,1614109828,SERVO_OUTPUT_RAW,0,0,0,0,0,0,0,0,1000,1000,1000,1000,0,0,0,0,0
2025-12-15 01:00:59.002,SERVO_OUTPUT_RAW,1614209795,SERVO_OUTPUT_RAW,0,0,0,0,0,0,0,0,1000,1000,1000,1000,0,0,0,0,0
2025-12-15 01:00:59.102,SERVO_OUTPUT_RAW,1614309809,SERVO_OUTPUT_RAW,0,0,0,0,0,0,0,0,1000,1000,1000,1000,0,0,0,0,0
2025-12-15 01:00:59.202,SERVO_OUTPUT_RAW,1614409811,SERVO_OUTPUT_RAW,0,0,0,0,0,0,0,0,1000,1000,1000,1000,0,0,0,0,0
2025-12-15 01:00:59.302,SERVO_OUTPUT_RAW,1614509841,SERVO_OUTPUT_RAW,0,0,0,0,0,0,0,0,1000,1000,1000,1000,0,0,0,0,0
2025-12-15 01:00:59.402,SERVO_OUTPUT_RAW,1614609846,SERVO_OUTPUT_RAW,0,0,0,0,0,0,0,0,1000,1000,1000,1000,0,0,0,0,0
2025-12-15 01:00:59.502,SERVO_OUTPUT_RAW,1614709874,SERVO_OUTPUT_RAW,0,0,0,0,0,0,0,0,1000,1000,1000,1000,0,0,0,0,0
2025-12-15 01:00:59.602,SERVO_OUTPUT_RAW,1614809812,SERVO_OUTPUT_RAW,0,0,0,0,0,0,0,0,1000,1000,1000,1000,0,0,0,0,0
2025-12-15 01:00:59.702,SERVO_OUTPUT_RAW,1614909825,SERVO_OUTPUT_RAW,0,0,0,0,0,0,0,0,1000,1000,1000,1000,0,0,0,0,0
2025-12-15 01:00:59.802,SERVO_OUTPUT_RAW,1615009821,SERVO_OUTPUT_RAW,0,0,0,0,0,0,0,0,1000,1000,1000,1000,0,0,0,0,0
2025-12-15 01:00:59.902,SERVO_OUTPUT_RAW,1615109795,SERVO_OUTPUT_RAW,0,0,0,0,0,0,0,0,1000,1000,1000,1000,0,0,0,0,0
2025-12-15 01:01:00.002,SERVO_OUTPUT_RAW,1615209779,SERVO_OUTPUT_RAW,0,0,0,0,0,0,0,0,1000,1000,1000,1000,0,0,0,0,0
2025-12-15 01:01:00.102,SERVO_OUTPUT_RAW,1615309784,SERVO_OUTPUT_RAW,0,0,0,0,0,0,0,0,1000,1000,1000,1000,0,0,0,0,0
2025-12-15 01:01:00.202,SERVO_OUTPUT_RAW,1615409799,SERVO_OUTPUT_RAW,0,0,0,0,0,0,0,0,1000,1000,1000,1000,0,0,0,0,0
2025-12-15 01:01:00.303,SERVO_OUTPUT_RAW,1615509789,SERVO_OUTPUT_RAW,0,0,0,0,0,0,0,0,1000,1000,1000,1000,0,0,0,0,0
2025-12-15 01:01:00.403,SERVO_OUTPUT_RAW,1615609834,SERVO_OUTPUT_RAW,0,0,0,0,0,0,0,0,1000,1000,1000,1000,0,0,0,0,0
2025-12-15 01:01:00.502,SERVO_OUTPUT_RAW,1615712135,SERVO_OUTPUT_RAW,0,0,0,0,0,0,0,0,1000,1000,1000,1000,0,0,0,0,0
2025-12-15 01:01:00.602,SERVO_OUTPUT_RAW,1615812147,SERVO_OUTPUT_RAW,0,0,0,0,0,0,0,0,1000,1000,1000,1000,0,0,0,0,0
2025-12-15 01:01:00.702,SERVO_OUTPUT_RAW,1615909787,SERVO_OUTPUT_RAW,0,0,0,0,0,0,0,0,1000,1000,1000,1000,0,0,0,0,0
2025-12-15 01:01:00.802,SERVO_OUTPUT_RAW,1616009818,SERVO_OUTPUT_RAW,0,0,0,0,0,0,0,0,1000,1000,1000,1000,0,0,0,0,0
2025-12-15 01:01:00.902,SERVO_OUTPUT_RAW,1616109842,SERVO_OUTPUT_RAW,0,0,0,0,0,0,0,0,1000,1000,1000,1000,0,0,0,0,0
2025-12-15 01:01:01.002,SERVO_OUTPUT_RAW,1616209815,SERVO_OUTPUT_RAW,0,0,0,0,0,0,0,0,1000,1000,1000,1000,0,0,0,0,0
2025-12-15 01:01:01.102,SERVO_OUTPUT_RAW,1616309789,SERVO_OUTPUT_RAW,0,0,0,0,0,0,0,0,1000,1000,1000,1000,0,0,0,0,0
2025-12-15 01:01:01.202,SERVO_OUTPUT_RAW,1616409824,SERVO_OUTPUT_RAW,0,0,0,0,0,0,0,0,1000,1000,1000,1000,0,0,0,0,0
2025-12-15 01:01:01.302,SERVO_OUTPUT_RAW,1616509818,SERVO_OUTPUT_RAW,0,0,0,0,0,0,0,0,1000,1000,1000,1000,0,0,0,0,0
2025-12-15 01:01:01.402,SERVO_OUTPUT_RAW,1616609831,SERVO_OUTPUT_RAW,0,0,0,0,0,0,0,0,1000,1000,1000,1000,0,0,0,0,0
2025-12-15 01:01:01.502,SERVO_OUTPUT_RAW,1616709790,SERVO_OUTPUT_RAW,0,0,0,0,0,0,0,0,1000,1000,1000,1000,0,0,0,0,0
2025-12-15 01:01:01.602,SERVO_OUTPUT_RAW,1616809791,SERVO_OUTPUT_RAW,0,0,0,0,0,0,0,0,1000,1000,1000,1000,0,0,0,0,0
2025-12-15 01:01:01.702,SERVO_OUTPUT_RAW,1616909782,SERVO_OUTPUT_RAW,0,0,0,0,0,0,0,0,1000,1000,1000,1000,0,0,0,0,0
2025-12-15 01:01:01.802,SERVO_OUTPUT_RAW,1617009798,SERVO_OUTPUT_RAW,0,0,0,0,0,0,0,0,1000,1000,1000,1000,0,0,0,0,0
2025-12-15 01:01:01.902,SERVO_OUTPUT_RAW,1617109785,SERVO_OUTPUT_RAW,0,0,0,0,0,0,0,0,1000,1000,1000,1000,0,0,0,0,0
2025-12-15 01:01:02.003,SERVO_OUTPUT_RAW,1617209830,SERVO_OUTPUT_RAW,0,0,0,0,0,0,0,0,1000,1000,1000,1000,0,0,0,0,0
2025-12-15 01:01:02.103,SERVO_OUTPUT_RAW,1617309835,SERVO_OUTPUT_RAW,0,0,0,0,0,0,0,0,1000,1000,1000,1000,0,0,0,0,0
2025-12-15 01:01:02.203,SERVO_OUTPUT_RAW,1617409809,SERVO_OUTPUT_RAW,0,0,0,0,0,0,0,0,1000,1000,1000,1000,0,0,0,0,0
2025-12-15 01:01:02.303,SERVO_OUTPUT_RAW,1617509837,SERVO_OUTPUT_RAW,0,0,0,0,0,0,0,0,1000,1000,1000,1000,0,0,0,0,0
2025-12-15 01:01:02.408,SERVO_OUTPUT_RAW,1617609848,SERVO_OUTPUT_RAW,0,0,0,0,0,0,0,0,1000,1000,1000,1000,0,0,0,0,0
2025-12-15 01:01:02.503,SERVO_OUTPUT_RAW,1617709852,SERVO_OUTPUT_RAW,0,0,0,0,0,0,0,0,1000,1000,1000,1000,0,0,0,0,0
2025-12-15 01:01:02.603,SERVO_OUTPUT_RAW,1617809857,SERVO_OUTPUT_RAW,0,0,0,0,0,0,0,0,1000,1000,1000,1000,0,0,0,0,0
2025-12-15 01:01:02.703,SERVO_OUTPUT_RAW,1617912058,SERVO_OUTPUT_RAW,0,0,0,0,0,0,0,0,1000,1000,1000,1000,0,0,0,0,0
2025-12-15 01:01:02.803,SERVO_OUTPUT_RAW,1618009820,SERVO_OUTPUT_RAW,0,0,0,0,0,0,0,0,1000,1000,1000,1000,0,0,0,0,0
2025-12-15 01:01:02.903,SERVO_OUTPUT_RAW,1618109811,SERVO_OUTPUT_RAW,0,0,0,0,0,0,0,0,1000,1000,1000,1000,0,0,0,0,0
2025-12-15 01:01:03.003,SERVO_OUTPUT_RAW,1618209775,SERVO_OUTPUT_RAW,0,0,0,0,0,0,0,0,1000,1000,1000,1000,0,0,0,0,0
2025-12-15 01:01:03.103,SERVO_OUTPUT_RAW,1618309797,SERVO_OUTPUT_RAW,0,0,0,0,0,0,0,0,1000,1000,1000,1000,0,0,0,0,0
2025-12-15 01:01:03.203,SERVO_OUTPUT_RAW,1618409799,SERVO_OUTPUT_RAW,0,0,0,0,0,0,0,0,1000,1000,1000,1000,0,0,0,0,0
2025-12-15 01:01:03.303,SERVO_OUTPUT_RAW,1618509774,SERVO_OUTPUT_RAW,0,0,0,0,0,0,0,0,1000,1000,1000,1000,0,0,0,0,0
2025-12-15 01:01:03.403,SERVO_OUTPUT_RAW,1618609791,SERVO_OUTPUT_RAW,0,0,0,0,0,0,0,0,1000,1000,1000,1000,0,0,0,0,0
2025-12-15 01:01:03.503,SERVO_OUTPUT_RAW,1618709789,SERVO_OUTPUT_RAW,0,0,0,0,0,0,0,0,1000,1000,1000,1000,0,0,0,0,0
2025-12-15 01:01:03.603,SERVO_OUTPUT_RAW,1618809853,SERVO_OUTPUT_RAW,0,0,0,0,0,0,0,0,1000,1000,1000,1000,0,0,0,0,0
2025-12-15 01:01:03.703,SERVO_OUTPUT_RAW,1618909844,SERVO_OUTPUT_RAW,0,0,0,0,0,0,0,0,1000,1000,1000,1000,0,0,0,0,0
2025-12-15 01:01:03.803,SERVO_OUTPUT_RAW,1619009790,SERVO_OUTPUT_RAW,0,0,0,0,0,0,0,0,1000,1000,1000,1000,0,0,0,0,0
2025-12-15 01:01:03.903,SERVO_OUTPUT_RAW,1619109829,SERVO_OUTPUT_RAW,0,0,0,0,0,0,0,0,1000,1000,1000,1000,0,0,0,0,0
2025-12-15 01:01:04.003,SERVO_OUTPUT_RAW,1619209840,SERVO_OUTPUT_RAW,0,0,0,0,0,0,0,0,1000,1000,1000,1000,0,0,0,0,0
2025-12-15 01:01:04.103,SERVO_OUTPUT_RAW,1619309865,SERVO_OUTPUT_RAW,0,0,0,0,0,0,0,0,1000,1000,1000,1000,0,0,0,0,0
2025-12-15 01:01:04.203,SERVO_OUTPUT_RAW,1619409789,SERVO_OUTPUT_RAW,0,0,0,0,0,0,0,0,1000,1000,1000,1000,0,0,0,0,0
2025-12-15 01:01:04.303,SERVO_OUTPUT_RAW,1619509811,SERVO_OUTPUT_RAW,0,0,0,0,0,0,0,0,1000,1000,1000,1000,0,0,0,0,0
2025-12-15 01:01:04.403,SERVO_OUTPUT_RAW,1619609808,SERVO_OUTPUT_RAW,0,0,0,0,0,0,0,0,1000,1000,1000,1000,0,0,0,0,0
2025-12-15 01:01:04.503,SERVO_OUTPUT_RAW,1619709776,SERVO_OUTPUT_RAW,0,0,0,0,0,0,0,0,1000,1000,1000,1000,0,0,0,0,0
2025-12-15 01:01:04.603,SERVO_OUTPUT_RAW,1619809788,SERVO_OUTPUT_RAW,0,0,0,0,0,0,0,0,1000,1000,1000,1000,0,0,0,0,0
2025-12-15 01:01:04.703,SERVO_OUTPUT_RAW,1619909818,SERVO_OUTPUT_RAW,0,0,0,0,0,0,0,0,1000,1000,1000,1000,0,0,0,0,0
2025-12-15 01:01:04.803,SERVO_OUTPUT_RAW,1620009849,SERVO_OUTPUT_RAW,0,0,0,0,0,0,0,0,1000,1000,1000,1000,0,0,0,0,0
2025-12-15 01:01:04.903,SERVO_OUTPUT_RAW,1620109789,SERVO_OUTPUT_RAW,0,0,0,0,0,0,0,0,1000,1000,1000,1000,0,0,0,0,0
2025-12-15 01:01:05.003,SERVO_OUTPUT_RAW,1620209804,SERVO_OUTPUT_RAW,0,0,0,0,0,0,0,0,1000,1000,1000,1000,0,0,0,0,0
2025-12-15 01:01:05.103,SERVO_OUTPUT_RAW,1620309827,SERVO_OUTPUT_RAW,0,0,0,0,0,0,0,0,1000,1000,1000,1000,0,0,0,0,0
2025-12-15 01:01:05.203,SERVO_OUTPUT_RAW,1620409842,SERVO_OUTPUT_RAW,0,0,0,0,0,0,0,0,1000,1000,1000,1000,0,0,0,0,0
2025-12-15 01:01:05.303,SERVO_OUTPUT_RAW,1620509885,SERVO_OUTPUT_RAW,0,0,0,0,0,0,0,0,1000,1000,1000,1000,0,0,0,0,0
2025-12-15 01:01:05.403,SERVO_OUTPUT_RAW,1620609792,SERVO_OUTPUT_RAW,0,0,0,0,0,0,0,0,1000,1000,1000,1000,0,0,0,0,0
2025-12-15 01:01:05.503,SERVO_OUTPUT_RAW,1620709819,SERVO_OUTPUT_RAW,0,0,0,0,0,0,0,0,1000,1000,1000,1000,0,0,0,0,0
2025-12-15 01:01:05.603,SERVO_OUTPUT_RAW,1620809858,SERVO_OUTPUT_RAW,0,0,0,0,0,0,0,0,1000,1000,1000,1000,0,0,0,0,0
2025-12-15 01:01:05.703,SERVO_OUTPUT_RAW,1620909854,SERVO_OUTPUT_RAW,0,0,0,0,0,0,0,0,1000,1000,1000,1000,0,0,0,0,0
2025-12-15 01:01:05.803,SERVO_OUTPUT_RAW,1621009784,SERVO_OUTPUT_RAW,0,0,0,0,0,0,0,0,1000,1000,1000,1000,0,0,0,0,0
2025-12-15 01:01:05.903,SERVO_OUTPUT_RAW,1621109830,SERVO_OUTPUT_RAW,0,0,0,0,0,0,0,0,1000,1000,1000,1000,0,0,0,0,0
2025-12-15 01:01:06.003,SERVO_OUTPUT_RAW,1621209820,SERVO_OUTPUT_RAW,0,0,0,0,0,0,0,0,1000,1000,1000,1000,0,0,0,0,0
2025-12-15 01:01:06.103,SERVO_OUTPUT_RAW,1621309799,SERVO_OUTPUT_RAW,0,0,0,0,0,0,0,0,1000,1000,1000,1000,0,0,0,0,0
2025-12-15 01:01:06.203,SERVO_OUTPUT_RAW,1621409789,SERVO_OUTPUT_RAW,0,0,0,0,0,0,0,0,1000,1000,1000,1000,0,0,0,0,0
2025-12-15 01:01:06.303,SERVO_OUTPUT_RAW,1621509808,SERVO_OUTPUT_RAW,0,0,0,0,0,0,0,0,1000,1000,1000,1000,0,0,0,0,0
2025-12-15 01:01:06.403,SERVO_OUTPUT_RAW,1621609791,SERVO_OUTPUT_RAW,0,0,0,0,0,0,0,0,1000,1000,1000,1000,0,0,0,0,0
2025-12-15 01:01:06.503,SERVO_OUTPUT_RAW,1621709783,SERVO_OUTPUT_RAW,0,0,0,0,0,0,0,0,1000,1000,1000,1000,0,0,0,0,0
2025-12-15 01:01:06.603,SERVO_OUTPUT_RAW,1621809832,SERVO_OUTPUT_RAW,0,0,0,0,0,0,0,0,1000,1000,1000,1000,0,0,0,0,0
2025-12-15 01:01:06.704,SERVO_OUTPUT_RAW,1621909825,SERVO_OUTPUT_RAW,0,0,0,0,0,0,0,0,1000,1000,1000,1000,0,0,0,0,0
2025-12-15 01:01:06.803,SERVO_OUTPUT_RAW,1622009841,SERVO_OUTPUT_RAW,0,0,0,0,0,0,0,0,1000,1000,1000,1000,0,0,0,0,0
2025-12-15 01:01:06.903,SERVO_OUTPUT_RAW,1622112165,SERVO_OUTPUT_RAW,0,0,0,0,0,0,0,0,1000,1000,1000,1000,0,0,0,0,0
2025-12-15 01:01:07.003,SERVO_OUTPUT_RAW,1622209802,SERVO_OUTPUT_RAW,0,0,0,0,0,0,0,0,1000,1000,1000,1000,0,0,0,0,0
2025-12-15 01:01:07.103,SERVO_OUTPUT_RAW,1622309841,SERVO_OUTPUT_RAW,0,0,0,0,0,0,0,0,1000,1000,1000,1000,0,0,0,0,0
2025-12-15 01:01:07.203,SERVO_OUTPUT_RAW,1622409849,SERVO_OUTPUT_RAW,0,0,0,0,0,0,0,0,1000,1000,1000,1000,0,0,0,0,0
2025-12-15 01:01:07.303,SERVO_OUTPUT_RAW,1622509776,SERVO_OUTPUT_RAW,0,0,0,0,0,0,0,0,1000,1000,1000,1000,0,0,0,0,0
2025-12-15 01:01:07.403,SERVO_OUTPUT_RAW,1622609793,SERVO_OUTPUT_RAW,0,0,0,0,0,0,0,0,1000,1000,1000,1000,0,0,0,0,0
2025-12-15 01:01:07.504,SERVO_OUTPUT_RAW,1622709810,SERVO_OUTPUT_RAW,0,0,0,0,0,0,0,0,1000,1000,1000,1000,0,0,0,0,0
2025-12-15 01:01:07.603,SERVO_OUTPUT_RAW,1622809845,SERVO_OUTPUT_RAW,0,0,0,0,0,0,0,0,1000,1000,1000,1000,0,0,0,0,0
2025-12-15 01:01:07.704,SERVO_OUTPUT_RAW,1622909796,SERVO_OUTPUT_RAW,0,0,0,0,0,0,0,0,1000,1000,1000,1000,0,0,0,0,0
2025-12-15 01:01:07.803,SERVO_OUTPUT_RAW,1623009783,SERVO_OUTPUT_RAW,0,0,0,0,0,0,0,0,1000,1000,1000,1000,0,0,0,0,0
2025-12-15 01:01:07.903,SERVO_OUTPUT_RAW,1623109788,SERVO_OUTPUT_RAW,0,0,0,0,0,0,0,0,1000,1000,1000,1000,0,0,0,0,0
2025-12-15 01:01:08.003,SERVO_OUTPUT_RAW,1623209792,SERVO_OUTPUT_RAW,0,0,0,0,0,0,0,0,1000,1000,1000,1000,0,0,0,0,0
2025-12-15 01:01:08.102,SERVO_OUTPUT_RAW,1623309799,SERVO_OUTPUT_RAW,0,0,0,0,0,0,0,0,1000,1000,1000,1000,0,0,0,0,0
2025-12-15 01:01:08.202,SERVO_OUTPUT_RAW,1623409833,SERVO_OUTPUT_RAW,0,0,0,0,0,0,0,0,1000,1000,1000,1000,0,0,0,0,0
2025-12-15 01:01:08.302,SERVO_OUTPUT_RAW,1623509796,SERVO_OUTPUT_RAW,0,0,0,0,0,0,0,0,1000,1000,1000,1000,0,0,0,0,0
2025-12-15 01:01:08.402,SERVO_OUTPUT_RAW,1623609852,SERVO_OUTPUT_RAW,0,0,0,0,0,0,0,0,1000,1000,1000,1000,0,0,0,0,0
2025-12-15 01:01:08.502,SERVO_OUTPUT_RAW,1623709786,SERVO_OUTPUT_RAW,0,0,0,0,0,0,0,0,1000,1000,1000,1000,0,0,0,0,0
2025-12-15 01:01:08.603,SERVO_OUTPUT_RAW,1623809832,SERVO_OUTPUT_RAW,0,0,0,0,0,0,0,0,1000,1000,1000,1000,0,0,0,0,0
2025-12-15 01:01:08.704,SERVO_OUTPUT_RAW,1623909837,SERVO_OUTPUT_RAW,0,0,0,0,0,0,0,0,1000,1000,1000,1000,0,0,0,0,0
2025-12-15 01:01:08.803,SERVO_OUTPUT_RAW,1624009799,SERVO_OUTPUT_RAW,0,0,0,0,0,0,0,0,1000,1000,1000,1000,0,0,0,0,0
2025-12-15 01:01:08.902,SERVO_OUTPUT_RAW,1624109769,SERVO_OUTPUT_RAW,0,0,0,0,0,0,0,0,1000,1000,1000,1000,0,0,0,0,0
2025-12-15 01:01:09.003,SERVO_OUTPUT_RAW,1624209926,SERVO_OUTPUT_RAW,0,0,0,0,0,0,0,0,1000,1000,1000,1000,0,0,0,0,0
2025-12-15 01:01:09.102,SERVO_OUTPUT_RAW,1624309821,SERVO_OUTPUT_RAW,0,0,0,0,0,0,0,0,1000,1000,1000,1000,0,0,0,0,0
2025-12-15 01:01:09.203,SERVO_OUTPUT_RAW,1624409786,SERVO_OUTPUT_RAW,0,0,0,0,0,0,0,0,1000,1000,1000,1000,0,0,0,0,0
2025-12-15 01:01:09.303,SERVO_OUTPUT_RAW,1624509790,SERVO_OUTPUT_RAW,0,0,0,0,0,0,0,0,1000,1000,1000,1000,0,0,0,0,0
2025-12-15 01:01:09.403,SERVO_OUTPUT_RAW,1624609788,SERVO_OUTPUT_RAW,0,0,0,0,0,0,0,0,1000,1000,1000,1000,0,0,0,0,0
2025-12-15 01:01:09.503,SERVO_OUTPUT_RAW,1624709801,SERVO_OUTPUT_RAW,0,0,0,0,0,0,0,0,1000,1000,1000,1000,0,0,0,0,0
2025-12-15 01:01:09.602,SERVO_OUTPUT_RAW,1624809792,SERVO_OUTPUT_RAW,0,0,0,0,0,0,0,0,1000,1000,1000,1000,0,0,0,0,0
2025-12-15 01:01:09.703,SERVO_OUTPUT_RAW,1624909789,SERVO_OUTPUT_RAW,0,0,0,0,0,0,0,0,1000,1000,1000,1000,0,0,0,0,0
2025-12-15 01:01:09.803,SERVO_OUTPUT_RAW,1625009832,SERVO_OUTPUT_RAW,0,0,0,0,0,0,0,0,1000,1000,1000,1000,0,0,0,0,0
2025-12-15 01:01:09.904,SERVO_OUTPUT_RAW,1625109832,SERVO_OUTPUT_RAW,0,0,0,0,0,0,0,0,1000,1000,1000,1000,0,0,0,0,0
2025-12-15 01:01:10.003,SERVO_OUTPUT_RAW,1625209800,SERVO_OUTPUT_RAW,0,0,0,0,0,0,0,0,1000,1000,1000,1000,0,0,0,0,0
2025-12-15 01:01:10.103,SERVO_OUTPUT_RAW,1625309854,SERVO_OUTPUT_RAW,0,0,0,0,0,0,0,0,1000,1000,1000,1000,0,0,0,0,0
2025-12-15 01:01:10.203,SERVO_OUTPUT_RAW,1625409818,SERVO_OUTPUT_RAW,0,0,0,0,0,0,0,0,1000,1000,1000,1000,0,0,0,0,0
2025-12-15 01:01:10.303,SERVO_OUTPUT_RAW,1625509836,SERVO_OUTPUT_RAW,0,0,0,0,0,0,0,0,1000,1000,1000,1000,0,0,0,0,0
2025-12-15 01:01:10.403,SERVO_OUTPUT_RAW,1625609792,SERVO_OUTPUT_RAW,0,0,0,0,0,0,0,0,1000,1000,1000,1000,0,0,0,0,0
2025-12-15 01:01:10.503,SERVO_OUTPUT_RAW,1625709804,SERVO_OUTPUT_RAW,0,0,0,0,0,0,0,0,1000,1000,1000,1000,0,0,0,0,0
2025-12-15 01:01:10.603,SERVO_OUTPUT_RAW,1625809820,SERVO_OUTPUT_RAW,0,0,0,0,0,0,0,0,1000,1000,1000,1000,0,0,0,0,0
2025-12-15 01:01:10.703,SERVO_OUTPUT_RAW,1625909821,SERVO_OUTPUT_RAW,0,0,0,0,0,0,0,0,1000,1000,1000,1000,0,0,0,0,0
2025-12-15 01:01:10.803,SERVO_OUTPUT_RAW,1626009782,SERVO_OUTPUT_RAW,0,0,0,0,0,0,0,0,1000,1000,1000,1000,0,0,0,0,0
2025-12-15 01:01:10.903,SERVO_OUTPUT_RAW,1626109784,SERVO_OUTPUT_RAW,0,0,0,0,0,0,0,0,1000,1000,1000,1000,0,0,0,0,0
2025-12-15 01:01:11.003,SERVO_OUTPUT_RAW,1626209788,SERVO_OUTPUT_RAW,0,0,0,0,0,0,0,0,1000,1000,1000,1000,0,0,0,0,0
2025-12-15 01:01:11.103,SERVO_OUTPUT_RAW,1626309868,SERVO_OUTPUT_RAW,0,0,0,0,0,0,0,0,1000,1000,1000,1000,0,0,0,0,0
2025-12-15 01:01:11.203,SERVO_OUTPUT_RAW,1626409796,SERVO_OUTPUT_RAW,0,0,0,0,0,0,0,0,1000,1000,1000,1000,0,0,0,0,0
2025-12-15 01:01:11.303,SERVO_OUTPUT_RAW,1626509803,SERVO_OUTPUT_RAW,0,0,0,0,0,0,0,0,1000,1000,1000,1000,0,0,0,0,0
2025-12-15 01:01:11.403,SERVO_OUTPUT_RAW,1626609831,SERVO_OUTPUT_RAW,0,0,0,0,0,0,0,0,1000,1000,1000,1000,0,0,0,0,0
2025-12-15 01:01:11.503,SERVO_OUTPUT_RAW,1626709874,SERVO_OUTPUT_RAW,0,0,0,0,0,0,0,0,1000,1000,1000,1000,0,0,0,0,0
2025-12-15 01:01:11.603,SERVO_OUTPUT_RAW,1626809792,SERVO_OUTPUT_RAW,0,0,0,0,0,0,0,0,1000,1000,1000,1000,0,0,0,0,0
2025-12-15 01:01:11.703,SERVO_OUTPUT_RAW,1626909830,SERVO_OUTPUT_RAW,0,0,0,0,0,0,0,0,1000,1000,1000,1000,0,0,0,0,0
2025-12-15 01:01:11.803,SERVO_OUTPUT_RAW,1627009832,SERVO_OUTPUT_RAW,0,0,0,0,0,0,0,0,1000,1000,1000,1000,0,0,0,0,0
2025-12-15 01:01:11.903,SERVO_OUTPUT_RAW,1627109835,SERVO_OUTPUT_RAW,0,0,0,0,0,0,0,0,1000,1000,1000,1000,0,0,0,0,0
2025-12-15 01:01:12.003,SERVO_OUTPUT_RAW,1627209788,SERVO_OUTPUT_RAW,0,0,0,0,0,0,0,0,1000,1000,1000,1000,0,0,0,0,0
2025-12-15 01:01:12.103,SERVO_OUTPUT_RAW,1627309813,SERVO_OUTPUT_RAW,0,0,0,0,0,0,0,0,1000,1000,1000,1000,0,0,0,0,0
2025-12-15 01:01:12.203,SERVO_OUTPUT_RAW,1627409828,SERVO_OUTPUT_RAW,0,0,0,0,0,0,0,0,1000,1000,1000,1000,0,0,0,0,0
2025-12-15 01:01:12.303,SERVO_OUTPUT_RAW,1627509775,SERVO_OUTPUT_RAW,0,0,0,0,0,0,0,0,1000,1000,1000,1000,0,0,0,0,0
2025-12-15 01:01:12.405,SERVO_OUTPUT_RAW,1627609787,SERVO_OUTPUT_RAW,0,0,0,0,0,0,0,0,1000,1000,1000,1000,0,0,0,0,0
2025-12-15 01:01:12.503,SERVO_OUTPUT_RAW,1627709793,SERVO_OUTPUT_RAW,0,0,0,0,0,0,0,0,1000,1000,1000,1000,0,0,0,0,0
2025-12-15 01:01:12.601,SERVO_OUTPUT_RAW,1627809797,SERVO_OUTPUT_RAW,0,0,0,0,0,0,0,0,1000,1000,1000,1000,0,0,0,0,0
2025-12-15 01:01:12.701,SERVO_OUTPUT_RAW,1627909791,SERVO_OUTPUT_RAW,0,0,0,0,0,0,0,0,1000,1000,1000,1000,0,0,0,0,0
2025-12-15 01:01:12.801,SERVO_OUTPUT_RAW,1628009798,SERVO_OUTPUT_RAW,0,0,0,0,0,0,0,0,1000,1000,1000,1000,0,0,0,0,0
2025-12-15 01:01:12.901,SERVO_OUTPUT_RAW,1628109825,SERVO_OUTPUT_RAW,0,0,0,0,0,0,0,0,1000,1000,1000,1000,0,0,0,0,0
2025-12-15 01:01:13.001,SERVO_OUTPUT_RAW,1628209837,SERVO_OUTPUT_RAW,0,0,0,0,0,0,0,0,1000,1000,1000,1000,0,0,0,0,0
2025-12-15 01:01:13.101,SERVO_OUTPUT_RAW,1628309819,SERVO_OUTPUT_RAW,0,0,0,0,0,0,0,0,1000,1000,1000,1000,0,0,0,0,0
2025-12-15 01:01:13.202,SERVO_OUTPUT_RAW,1628412140,SERVO_OUTPUT_RAW,0,0,0,0,0,0,0,0,1000,1000,1000,1000,0,0,0,0,0
2025-12-15 01:01:13.301,SERVO_OUTPUT_RAW,1628509816,SERVO_OUTPUT_RAW,0,0,0,0,0,0,0,0,1000,1000,1000,1000,0,0,0,0,0
2025-12-15 01:01:13.401,SERVO_OUTPUT_RAW,1628609855,SERVO_OUTPUT_RAW,0,0,0,0,0,0,0,0,1000,1000,1000,1000,0,0,0,0,0
2025-12-15 01:01:13.501,SERVO_OUTPUT_RAW,1628709847,SERVO_OUTPUT_RAW,0,0,0,0,0,0,0,0,1000,1000,1000,1000,0,0,0,0,0
2025-12-15 01:01:13.601,SERVO_OUTPUT_RAW,1628809803,SERVO_OUTPUT_RAW,0,0,0,0,0,0,0,0,1000,1000,1000,1000,0,0,0,0,0
2025-12-15 01:01:13.701,SERVO_OUTPUT_RAW,1628909815,SERVO_OUTPUT_RAW,0,0,0,0,0,0,0,0,1000,1000,1000,1000,0,0,0,0,0
2025-12-15 01:01:13.801,SERVO_OUTPUT_RAW,1629009823,SERVO_OUTPUT_RAW,0,0,0,0,0,0,0,0,1000,1000,1000,1000,0,0,0,0,0
2025-12-15 01:01:13.901,SERVO_OUTPUT_RAW,1629109789,SERVO_OUTPUT_RAW,0,0,0,0,0,0,0,0,1000,1000,1000,1000,0,0,0,0,0
2025-12-15 01:01:14.001,SERVO_OUTPUT_RAW,1629209816,SERVO_OUTPUT_RAW,0,0,0,0,0,0,0,0,1000,1000,1000,1000,0,0,0,0,0
2025-12-15 01:01:14.101,SERVO_OUTPUT_RAW,1629309796,SERVO_OUTPUT_RAW,0,0,0,0,0,0,0,0,1000,1000,1000,1000,0,0,0,0,0
2025-12-15 01:01:14.201,SERVO_OUTPUT_RAW,1629409788,SERVO_OUTPUT_RAW,0,0,0,0,0,0,0,0,1000,1000,1000,1000,0,0,0,0,0
2025-12-15 01:01:14.301,SERVO_OUTPUT_RAW,1629509779,SERVO_OUTPUT_RAW,0,0,0,0,0,0,0,0,1000,1000,1000,1000,0,0,0,0,0
2025-12-15 01:01:14.401,SERVO_OUTPUT_RAW,1629609808,SERVO_OUTPUT_RAW,0,0,0,0,0,0,0,0,1000,1000,1000,1000,0,0,0,0,0
2025-12-15 01:01:14.501,SERVO_OUTPUT_RAW,1629709834,SERVO_OUTPUT_RAW,0,0,0,0,0,0,0,0,1000,1000,1000,1000,0,0,0,0,0
2025-12-15 01:01:14.601,SERVO_OUTPUT_RAW,1629809808,SERVO_OUTPUT_RAW,0,0,0,0,0,0,0,0,1000,1000,1000,1000,0,0,0,0,0
2025-12-15 01:01:14.701,SERVO_OUTPUT_RAW,1629909795,SERVO_OUTPUT_RAW,0,0,0,0,0,0,0,0,1000,1000,1000,1000,0,0,0,0,0
2025-12-15 01:01:14.801,SERVO_OUTPUT_RAW,1630009837,SERVO_OUTPUT_RAW,0,0,0,0,0,0,0,0,1000,1000,1000,1000,0,0,0,0,0
2025-12-15 01:01:14.901,SERVO_OUTPUT_RAW,1630109849,SERVO_OUTPUT_RAW,0,0,0,0,0,0,0,0,1000,1000,1000,1000,0,0,0,0,0
2025-12-15 01:01:15.001,SERVO_OUTPUT_RAW,1630209868,SERVO_OUTPUT_RAW,0,0,0,0,0,0,0,0,1000,1000,1000,1000,0,0,0,0,0
2025-12-15 01:01:15.101,SERVO_OUTPUT_RAW,1630309784,SERVO_OUTPUT_RAW,0,0,0,0,0,0,0,0,1000,1000,1000,1000,0,0,0,0,0
2025-12-15 01:01:15.201,SERVO_OUTPUT_RAW,1630409800,SERVO_OUTPUT_RAW,0,0,0,0,0,0,0,0,1000,1000,1000,1000,0,0,0,0,0
2025-12-15 01:01:15.301,SERVO_OUTPUT_RAW,1630509924,SERVO_OUTPUT_RAW,0,0,0,0,0,0,0,0,1000,1000,1000,1000,0,0,0,0,0
2025-12-15 01:01:15.401,SERVO_OUTPUT_RAW,1630609810,SERVO_OUTPUT_RAW,0,0,0,0,0,0,0,0,1000,1000,1000,1000,0,0,0,0,0
2025-12-15 01:01:15.501,SERVO_OUTPUT_RAW,1630709795,SERVO_OUTPUT_RAW,0,0,0,0,0,0,0,0,1000,1000,1000,1000,0,0,0,0,0
2025-12-15 01:01:15.601,SERVO_OUTPUT_RAW,1630809786,SERVO_OUTPUT_RAW,0,0,0,0,0,0,0,0,1000,1000,1000,1000,0,0,0,0,0
2025-12-15 01:01:15.701,SERVO_OUTPUT_RAW,1630909782,SERVO_OUTPUT_RAW,0,0,0,0,0,0,0,0,1000,1000,1000,1000,0,0,0,0,0
2025-12-15 01:01:15.801,SERVO_OUTPUT_RAW,1631009803,SERVO_OUTPUT_RAW,0,0,0,0,0,0,0,0,1000,1000,1000,1000,0,0,0,0,0
2025-12-15 01:01:15.901,SERVO_OUTPUT_RAW,1631109788,SERVO_OUTPUT_RAW,0,0,0,0,0,0,0,0,1000,1000,1000,1000,0,0,0,0,0
2025-12-15 01:01:16.001,SERVO_OUTPUT_RAW,1631209847,SERVO_OUTPUT_RAW,0,0,0,0,0,0,0,0,1000,1000,1000,1000,0,0,0,0,0
2025-12-15 01:01:16.101,SERVO_OUTPUT_RAW,1631309825,SERVO_OUTPUT_RAW,0,0,0,0,0,0,0,0,1000,1000,1000,1000,0,0,0,0,0
2025-12-15 01:01:16.201,SERVO_OUTPUT_RAW,1631409805,SERVO_OUTPUT_RAW,0,0,0,0,0,0,0,0,1000,1000,1000,1000,0,0,0,0,0
2025-12-15 01:01:16.301,SERVO_OUTPUT_RAW,1631509790,SERVO_OUTPUT_RAW,0,0,0,0,0,0,0,0,1000,1000,1000,1000,0,0,0,0,0
2025-12-15 01:01:16.401,SERVO_OUTPUT_RAW,1631609811,SERVO_OUTPUT_RAW,0,0,0,0,0,0,0,0,1000,1000,1000,1000,0,0,0,0,0
2025-12-15 01:01:16.501,SERVO_OUTPUT_RAW,1631709860,SERVO_OUTPUT_RAW,0,0,0,0,0,0,0,0,1000,1000,1000,1000,0,0,0,0,0
2025-12-15 01:01:16.601,SERVO_OUTPUT_RAW,1631809837,SERVO_OUTPUT_RAW,0,0,0,0,0,0,0,0,1000,1000,1000,1000,0,0,0,0,0
2025-12-15 01:01:16.701,SERVO_OUTPUT_RAW,1631909793,SERVO_OUTPUT_RAW,0,0,0,0,0,0,0,0,1000,1000,1000,1000,0,0,0,0,0
2025-12-15 01:01:16.801,SERVO_OUTPUT_RAW,1632009807,SERVO_OUTPUT_RAW,0,0,0,0,0,0,0,0,1000,1000,1000,1000,0,0,0,0,0
2025-12-15 01:01:16.901,SERVO_OUTPUT_RAW,1632109832,SERVO_OUTPUT_RAW,0,0,0,0,0,0,0,0,1000,1000,1000,1000,0,0,0,0,0
2025-12-15 01:01:17.001,SERVO_OUTPUT_RAW,1632209806,SERVO_OUTPUT_RAW,0,0,0,0,0,0,0,0,1000,1000,1000,1000,0,0,0,0,0
2025-12-15 01:01:17.101,SERVO_OUTPUT_RAW,1632309791,SERVO_OUTPUT_RAW,0,0,0,0,0,0,0,0,1000,1000,1000,1000,0,0,0,0,0
2025-12-15 01:01:17.201,SERVO_OUTPUT_RAW,1632409791,SERVO_OUTPUT_RAW,0,0,0,0,0,0,0,0,1000,1000,1000,1000,0,0,0,0,0
2025-12-15 01:01:17.301,SERVO_OUTPUT_RAW,1632509798,SERVO_OUTPUT_RAW,0,0,0,0,0,0,0,0,1000,1000,1000,1000,0,0,0,0,0
2025-12-15 01:01:17.403,SERVO_OUTPUT_RAW,1632609842,SERVO_OUTPUT_RAW,0,0,0,0,0,0,0,0,1000,1000,1000,1000,0,0,0,0,0
2025-12-15 01:01:17.500,SERVO_OUTPUT_RAW,1632709789,SERVO_OUTPUT_RAW,0,0,0,0,0,0,0,0,1000,1000,1000,1000,0,0,0,0,0
2025-12-15 01:01:17.604,SERVO_OUTPUT_RAW,1632809835,SERVO_OUTPUT_RAW,0,0,0,0,0,0,0,0,1000,1000,1000,1000,0,0,0,0,0
2025-12-15 01:01:17.703,SERVO_OUTPUT_RAW,1632909783,SERVO_OUTPUT_RAW,0,0,0,0,0,0,0,0,1000,1000,1000,1000,0,0,0,0,0
2025-12-15 01:01:17.804,SERVO_OUTPUT_RAW,1633009795,SERVO_OUTPUT_RAW,0,0,0,0,0,0,0,0,1000,1000,1000,1000,0,0,0,0,0
2025-12-15 01:01:17.904,SERVO_OUTPUT_RAW,1633109831,SERVO_OUTPUT_RAW,0,0,0,0,0,0,0,0,1000,1000,1000,1000,0,0,0,0,0
2025-12-15 01:01:18.004,SERVO_OUTPUT_RAW,1633209815,SERVO_OUTPUT_RAW,0,0,0,0,0,0,0,0,1000,1000,1000,1000,0,0,0,0,0
2025-12-15 01:01:18.104,SERVO_OUTPUT_RAW,1633309839,SERVO_OUTPUT_RAW,0,0,0,0,0,0,0,0,1000,1000,1000,1000,0,0,0,0,0
2025-12-15 01:01:18.202,SERVO_OUTPUT_RAW,1633409851,SERVO_OUTPUT_RAW,0,0,0,0,0,0,0,0,1000,1000,1000,1000,0,0,0,0,0
2025-12-15 01:01:18.301,SERVO_OUTPUT_RAW,1633509783,SERVO_OUTPUT_RAW,0,0,0,0,0,0,0,0,1000,1000,1000,1000,0,0,0,0,0
2025-12-15 01:01:18.402,SERVO_OUTPUT_RAW,1633609833,SERVO_OUTPUT_RAW,0,0,0,0,0,0,0,0,1000,1000,1000,1000,0,0,0,0,0
2025-12-15 01:01:18.502,SERVO_OUTPUT_RAW,1633709830,SERVO_OUTPUT_RAW,0,0,0,0,0,0,0,0,1000,1000,1000,1000,0,0,0,0,0
2025-12-15 01:01:18.602,SERVO_OUTPUT_RAW,1633809774,SERVO_OUTPUT_RAW,0,0,0,0,0,0,0,0,1000,1000,1000,1000,0,0,0,0,0
2025-12-15 01:01:18.702,SERVO_OUTPUT_RAW,1633909823,SERVO_OUTPUT_RAW,0,0,0,0,0,0,0,0,1000,1000,1000,1000,0,0,0,0,0
2025-12-15 01:01:18.801,SERVO_OUTPUT_RAW,1634009783,SERVO_OUTPUT_RAW,0,0,0,0,0,0,0,0,1000,1000,1000,1000,0,0,0,0,0
2025-12-15 01:01:18.901,SERVO_OUTPUT_RAW,1634109790,SERVO_OUTPUT_RAW,0,0,0,0,0,0,0,0,1000,1000,1000,1000,0,0,0,0,0
2025-12-15 01:01:19.001,SERVO_OUTPUT_RAW,1634209790,SERVO_OUTPUT_RAW,0,0,0,0,0,0,0,0,1000,1000,1000,1000,0,0,0,0,0
2025-12-15 01:01:19.101,SERVO_OUTPUT_RAW,1634309806,SERVO_OUTPUT_RAW,0,0,0,0,0,0,0,0,1000,1000,1000,1000,0,0,0,0,0
2025-12-15 01:01:19.201,SERVO_OUTPUT_RAW,1634409862,SERVO_OUTPUT_RAW,0,0,0,0,0,0,0,0,1000,1000,1000,1000,0,0,0,0,0
2025-12-15 01:01:19.301,SERVO_OUTPUT_RAW,1634509859,SERVO_OUTPUT_RAW,0,0,0,0,0,0,0,0,1000,1000,1000,1000,0,0,0,0,0
2025-12-15 01:01:19.401,SERVO_OUTPUT_RAW,1634609820,SERVO_OUTPUT_RAW,0,0,0,0,0,0,0,0,1000,1000,1000,1000,0,0,0,0,0
2025-12-15 01:01:19.502,SERVO_OUTPUT_RAW,1634712144,SERVO_OUTPUT_RAW,0,0,0,0,0,0,0,0,1000,1000,1000,1000,0,0,0,0,0
2025-12-15 01:01:19.601,SERVO_OUTPUT_RAW,1634809853,SERVO_OUTPUT_RAW,0,0,0,0,0,0,0,0,1000,1000,1000,1000,0,0,0,0,0
2025-12-15 01:01:19.701,SERVO_OUTPUT_RAW,1634909836,SERVO_OUTPUT_RAW,0,0,0,0,0,0,0,0,1000,1000,1000,1000,0,0,0,0,0
2025-12-15 01:01:19.801,SERVO_OUTPUT_RAW,1635009793,SERVO_OUTPUT_RAW,0,0,0,0,0,0,0,0,1000,1000,1000,1000,0,0,0,0,0
2025-12-15 01:01:19.901,SERVO_OUTPUT_RAW,1635109793,SERVO_OUTPUT_RAW,0,0,0,0,0,0,0,0,1000,1000,1000,1000,0,0,0,0,0
2025-12-15 01:01:20.001,SERVO_OUTPUT_RAW,1635209814,SERVO_OUTPUT_RAW,0,0,0,0,0,0,0,0,1000,1000,1000,1000,0,0,0,0,0
2025-12-15 01:01:20.101,SERVO_OUTPUT_RAW,1635309777,SERVO_OUTPUT_RAW,0,0,0,0,0,0,0,0,1000,1000,1000,1000,0,0,0,0,0
2025-12-15 01:01:20.201,SERVO_OUTPUT_RAW,1635409792,SERVO_OUTPUT_RAW,0,0,0,0,0,0,0,0,1000,1000,1000,1000,0,0,0,0,0
2025-12-15 01:01:20.301,SERVO_OUTPUT_RAW,1635509798,SERVO_OUTPUT_RAW,0,0,0,0,0,0,0,0,1000,1000,1000,1000,0,0,0,0,0
2025-12-15 01:01:20.401,SERVO_OUTPUT_RAW,1635609783,SERVO_OUTPUT_RAW,0,0,0,0,0,0,0,0,1000,1000,1000,1000,0,0,0,0,0
2025-12-15 01:01:20.501,SERVO_OUTPUT_RAW,1635709792,SERVO_OUTPUT_RAW,0,0,0,0,0,0,0,0,1000,1000,1000,1000,0,0,0,0,0
2025-12-15 01:01:20.601,SERVO_OUTPUT_RAW,1635809807,SERVO_OUTPUT_RAW,0,0,0,0,0,0,0,0,1000,1000,1000,1000,0,0,0,0,0
2025-12-15 01:01:20.701,SERVO_OUTPUT_RAW,1635909820,SERVO_OUTPUT_RAW,0,0,0,0,0,0,0,0,1000,1000,1000,1000,0,0,0,0,0
2025-12-15 01:01:20.801,SERVO_OUTPUT_RAW,1636009846,SERVO_OUTPUT_RAW,0,0,0,0,0,0,0,0,1000,1000,1000,1000,0,0,0,0,0
2025-12-15 01:01:20.901,SERVO_OUTPUT_RAW,1636109854,SERVO_OUTPUT_RAW,0,0,0,0,0,0,0,0,1000,1000,1000,1000,0,0,0,0,0
2025-12-15 01:01:21.001,SERVO_OUTPUT_RAW,1636209797,SERVO_OUTPUT_RAW,0,0,0,0,0,0,0,0,1000,1000,1000,1000,0,0,0,0,0
2025-12-15 01:01:21.101,SERVO_OUTPUT_RAW,1636309810,SERVO_OUTPUT_RAW,0,0,0,0,0,0,0,0,1000,1000,1000,1000,0,0,0,0,0
2025-12-15 01:01:21.201,SERVO_OUTPUT_RAW,1636409852,SERVO_OUTPUT_RAW,0,0,0,0,0,0,0,0,1000,1000,1000,1000,0,0,0,0,0
2025-12-15 01:01:21.301,SERVO_OUTPUT_RAW,1636509821,SERVO_OUTPUT_RAW,0,0,0,0,0,0,0,0,1000,1000,1000,1000,0,0,0,0,0
2025-12-15 01:01:21.401,SERVO_OUTPUT_RAW,1636609786,SERVO_OUTPUT_RAW,0,0,0,0,0,0,0,0,1000,1000,1000,1000,0,0,0,0,0
2025-12-15 01:01:21.501,SERVO_OUTPUT_RAW,1636709826,SERVO_OUTPUT_RAW,0,0,0,0,0,0,0,0,1000,1000,1000,1000,0,0,0,0,0
2025-12-15 01:01:21.601,SERVO_OUTPUT_RAW,1636809882,SERVO_OUTPUT_RAW,0,0,0,0,0,0,0,0,1000,1000,1000,1000,0,0,0,0,0
2025-12-15 01:01:21.701,SERVO_OUTPUT_RAW,1636909786,SERVO_OUTPUT_RAW,0,0,0,0,0,0,0,0,1000,1000,1000,1000,0,0,0,0,0
2025-12-15 01:01:21.801,SERVO_OUTPUT_RAW,1637009801,SERVO_OUTPUT_RAW,0,0,0,0,0,0,0,0,1000,1000,1000,1000,0,0,0,0,0
2025-12-15 01:01:21.901,SERVO_OUTPUT_RAW,1637109796,SERVO_OUTPUT_RAW,0,0,0,0,0,0,0,0,1000,1000,1000,1000,0,0,0,0,0
2025-12-15 01:01:22.001,SERVO_OUTPUT_RAW,1637209805,SERVO_OUTPUT_RAW,0,0,0,0,0,0,0,0,1000,1000,1000,1000,0,0,0,0,0
2025-12-15 01:01:22.101,SERVO_OUTPUT_RAW,1637309805,SERVO_OUTPUT_RAW,0,0,0,0,0,0,0,0,1000,1000,1000,1000,0,0,0,0,0
2025-12-15 01:01:22.201,SERVO_OUTPUT_RAW,1637409817,SERVO_OUTPUT_RAW,0,0,0,0,0,0,0,0,1000,1000,1000,1000,0,0,0,0,0
2025-12-15 01:01:22.301,SERVO_OUTPUT_RAW,1637509828,SERVO_OUTPUT_RAW,0,0,0,0,0,0,0,0,1000,1000,1000,1000,0,0,0,0,0
2025-12-15 01:01:22.401,SERVO_OUTPUT_RAW,1637609804,SERVO_OUTPUT_RAW,0,0,0,0,0,0,0,0,1000,1000,1000,1000,0,0,0,0,0
2025-12-15 01:01:22.501,SERVO_OUTPUT_RAW,1637709810,SERVO_OUTPUT_RAW,0,0,0,0,0,0,0,0,1000,1000,1000,1000,0,0,0,0,0
2025-12-15 01:01:22.601,SERVO_OUTPUT_RAW,1637809797,SERVO_OUTPUT_RAW,0,0,0,0,0,0,0,0,1000,1000,1000,1000,0,0,0,0,0
2025-12-15 01:01:22.701,SERVO_OUTPUT_RAW,1637909838,SERVO_OUTPUT_RAW,0,0,0,0,0,0,0,0,1000,1000,1000,1000,0,0,0,0,0
2025-12-15 01:01:22.801,SERVO_OUTPUT_RAW,1638009845,SERVO_OUTPUT_RAW,0,0,0,0,0,0,0,0,1000,1000,1000,1000,0,0,0,0,0
2025-12-15 01:01:22.901,SERVO_OUTPUT_RAW,1638109786,SERVO_OUTPUT_RAW,0,0,0,0,0,0,0,0,1000,1000,1000,1000,0,0,0,0,0
2025-12-15 01:01:23.001,SERVO_OUTPUT_RAW,1638209816,SERVO_OUTPUT_RAW,0,0,0,0,0,0,0,0,1000,1000,1000,1000,0,0,0,0,0
2025-12-15 01:01:23.101,SERVO_OUTPUT_RAW,1638309851,SERVO_OUTPUT_RAW,0,0,0,0,0,0,0,0,1000,1000,1000,1000,0,0,0,0,0
2025-12-15 01:01:23.204,SERVO_OUTPUT_RAW,1638409812,SERVO_OUTPUT_RAW,0,0,0,0,0,0,0,0,1000,1000,1000,1000,0,0,0,0,0
2025-12-15 01:01:23.304,SERVO_OUTPUT_RAW,1638509782,SERVO_OUTPUT_RAW,0,0,0,0,0,0,0,0,1000,1000,1000,1000,0,0,0,0,0
2025-12-15 01:01:23.403,SERVO_OUTPUT_RAW,1638609781,SERVO_OUTPUT_RAW,0,0,0,0,0,0,0,0,1000,1000,1000,1000,0,0,0,0,0
2025-12-15 01:01:23.503,SERVO_OUTPUT_RAW,1638709787,SERVO_OUTPUT_RAW,0,0,0,0,0,0,0,0,1000,1000,1000,1000,0,0,0,0,0
2025-12-15 01:01:23.603,SERVO_OUTPUT_RAW,1638809781,SERVO_OUTPUT_RAW,0,0,0,0,0,0,0,0,1000,1000,1000,1000,0,0,0,0,0
2025-12-15 01:01:23.703,SERVO_OUTPUT_RAW,1638912128,SERVO_OUTPUT_RAW,0,0,0,0,0,0,0,0,1000,1000,1000,1000,0,0,0,0,0
2025-12-15 01:01:23.803,SERVO_OUTPUT_RAW,1639009821,SERVO_OUTPUT_RAW,0,0,0,0,0,0,0,0,1000,1000,1000,1000,0,0,0,0,0
2025-12-15 01:01:23.903,SERVO_OUTPUT_RAW,1639109863,SERVO_OUTPUT_RAW,0,0,0,0,0,0,0,0,1000,1000,1000,1000,0,0,0,0,0
2025-12-15 01:01:24.003,SERVO_OUTPUT_RAW,1639209830,SERVO_OUTPUT_RAW,0,0,0,0,0,0,0,0,1000,1000,1000,1000,0,0,0,0,0
2025-12-15 01:01:24.103,SERVO_OUTPUT_RAW,1639309802,SERVO_OUTPUT_RAW,0,0,0,0,0,0,0,0,1000,1000,1000,1000,0,0,0,0,0
2025-12-15 01:01:24.203,SERVO_OUTPUT_RAW,1639409817,SERVO_OUTPUT_RAW,0,0,0,0,0,0,0,0,1000,1000,1000,1000,0,0,0,0,0
2025-12-15 01:01:24.303,SERVO_OUTPUT_RAW,1639509832,SERVO_OUTPUT_RAW,0,0,0,0,0,0,0,0,1000,1000,1000,1000,0,0,0,0,0
2025-12-15 01:01:24.403,SERVO_OUTPUT_RAW,1639609857,SERVO_OUTPUT_RAW,0,0,0,0,0,0,0,0,1000,1000,1000,1000,0,0,0,0,0
2025-12-15 01:01:24.504,SERVO_OUTPUT_RAW,1639709778,SERVO_OUTPUT_RAW,0,0,0,0,0,0,0,0,1000,1000,1000,1000,0,0,0,0,0
2025-12-15 01:01:24.604,SERVO_OUTPUT_RAW,1639809799,SERVO_OUTPUT_RAW,0,0,0,0,0,0,0,0,1000,1000,1000,1000,0,0,0,0,0
2025-12-15 01:01:24.703,SERVO_OUTPUT_RAW,1639909839,SERVO_OUTPUT_RAW,0,0,0,0,0,0,0,0,1000,1000,1000,1000,0,0,0,0,0
2025-12-15 01:01:24.804,SERVO_OUTPUT_RAW,1640009824,SERVO_OUTPUT_RAW,0,0,0,0,0,0,0,0,1000,1000,1000,1000,0,0,0,0,0
2025-12-15 01:01:24.905,SERVO_OUTPUT_RAW,1640109794,SERVO_OUTPUT_RAW,0,0,0,0,0,0,0,0,1000,1000,1000,1000,0,0,0,0,0
2025-12-15 01:01:25.004,SERVO_OUTPUT_RAW,1640209802,SERVO_OUTPUT_RAW,0,0,0,0,0,0,0,0,1000,1000,1000,1000,0,0,0,0,0
2025-12-15 01:01:25.104,SERVO_OUTPUT_RAW,1640309791,SERVO_OUTPUT_RAW,0,0,0,0,0,0,0,0,1000,1000,1000,1000,0,0,0,0,0
2025-12-15 01:01:25.204,SERVO_OUTPUT_RAW,1640409803,SERVO_OUTPUT_RAW,0,0,0,0,0,0,0,0,1000,1000,1000,1000,0,0,0,0,0
2025-12-15 01:01:25.304,SERVO_OUTPUT_RAW,1640509788,SERVO_OUTPUT_RAW,0,0,0,0,0,0,0,0,1000,1000,1000,1000,0,0,0,0,0
2025-12-15 01:01:25.404,SERVO_OUTPUT_RAW,1640609838,SERVO_OUTPUT_RAW,0,0,0,0,0,0,0,0,1000,1000,1000,1000,0,0,0,0,0
2025-12-15 01:01:25.504,SERVO_OUTPUT_RAW,1640709795,SERVO_OUTPUT_RAW,0,0,0,0,0,0,0,0,1000,1000,1000,1000,0,0,0,0,0
2025-12-15 01:01:25.604,SERVO_OUTPUT_RAW,1640809848,SERVO_OUTPUT_RAW,0,0,0,0,0,0,0,0,1000,1000,1000,1000,0,0,0,0,0
2025-12-15 01:01:25.704,SERVO_OUTPUT_RAW,1640909830,SERVO_OUTPUT_RAW,0,0,0,0,0,0,0,0,1000,1000,1000,1000,0,0,0,0,0
2025-12-15 01:01:25.804,SERVO_OUTPUT_RAW,1641012066,SERVO_OUTPUT_RAW,0,0,0,0,0,0,0,0,1000,1000,1000,1000,0,0,0,0,0
2025-12-15 01:01:25.904,SERVO_OUTPUT_RAW,1641109853,SERVO_OUTPUT_RAW,0,0,0,0,0,0,0,0,1000,1000,1000,1000,0,0,0,0,0
2025-12-15 01:01:26.004,SERVO_OUTPUT_RAW,1641209883,SERVO_OUTPUT_RAW,0,0,0,0,0,0,0,0,1000,1000,1000,1000,0,0,0,0,0
2025-12-15 01:01:26.104,SERVO_OUTPUT_RAW,1641309792,SERVO_OUTPUT_RAW,0,0,0,0,0,0,0,0,1000,1000,1000,1000,0,0,0,0,0
2025-12-15 01:01:26.204,SERVO_OUTPUT_RAW,1641409820,SERVO_OUTPUT_RAW,0,0,0,0,0,0,0,0,1000,1000,1000,1000,0,0,0,0,0
2025-12-15 01:01:26.304,SERVO_OUTPUT_RAW,1641509826,SERVO_OUTPUT_RAW,0,0,0,0,0,0,0,0,1000,1000,1000,1000,0,0,0,0,0
2025-12-15 01:01:26.404,SERVO_OUTPUT_RAW,1641609787,SERVO_OUTPUT_RAW,0,0,0,0,0,0,0,0,1000,1000,1000,1000,0,0,0,0,0
2025-12-15 01:01:26.504,SERVO_OUTPUT_RAW,1641709781,SERVO_OUTPUT_RAW,0,0,0,0,0,0,0,0,1000,1000,1000,1000,0,0,0,0,0
2025-12-15 01:01:26.604,SERVO_OUTPUT_RAW,1641809795,SERVO_OUTPUT_RAW,0,0,0,0,0,0,0,0,1000,1000,1000,1000,0,0,0,0,0
2025-12-15 01:01:26.704,SERVO_OUTPUT_RAW,1641909772,SERVO_OUTPUT_RAW,0,0,0,0,0,0,0,0,1000,1000,1000,1000,0,0,0,0,0
2025-12-15 01:01:26.804,SERVO_OUTPUT_RAW,1642009783,SERVO_OUTPUT_RAW,0,0,0,0,0,0,0,0,1000,1000,1000,1000,0,0,0,0,0
2025-12-15 01:01:26.904,SERVO_OUTPUT_RAW,1642109816,SERVO_OUTPUT_RAW,0,0,0,0,0,0,0,0,1000,1000,1000,1000,0,0,0,0,0
2025-12-15 01:01:27.004,SERVO_OUTPUT_RAW,1642209834,SERVO_OUTPUT_RAW,0,0,0,0,0,0,0,0,1000,1000,1000,1000,0,0,0,0,0
2025-12-15 01:01:27.104,SERVO_OUTPUT_RAW,1642309776,SERVO_OUTPUT_RAW,0,0,0,0,0,0,0,0,1000,1000,1000,1000,0,0,0,0,0
2025-12-15 01:01:27.204,SERVO_OUTPUT_RAW,1642409808,SERVO_OUTPUT_RAW,0,0,0,0,0,0,0,0,1000,1000,1000,1000,0,0,0,0,0
2025-12-15 01:01:27.305,SERVO_OUTPUT_RAW,1642509811,SERVO_OUTPUT_RAW,0,0,0,0,0,0,0,0,1000,1000,1000,1000,0,0,0,0,0
2025-12-15 01:01:27.405,SERVO_OUTPUT_RAW,1642609841,SERVO_OUTPUT_RAW,0,0,0,0,0,0,0,0,1000,1000,1000,1000,0,0,0,0,0
2025-12-15 01:01:27.504,SERVO_OUTPUT_RAW,1642709856,SERVO_OUTPUT_RAW,0,0,0,0,0,0,0,0,1000,1000,1000,1000,0,0,0,0,0
2025-12-15 01:01:27.604,SERVO_OUTPUT_RAW,1642809853,SERVO_OUTPUT_RAW,0,0,0,0,0,0,0,0,1000,1000,1000,1000,0,0,0,0,0
2025-12-15 01:01:27.704,SERVO_OUTPUT_RAW,1642909795,SERVO_OUTPUT_RAW,0,0,0,0,0,0,0,0,1000,1000,1000,1000,0,0,0,0,0
2025-12-15 01:01:27.804,SERVO_OUTPUT_RAW,1643009803,SERVO_OUTPUT_RAW,0,0,0,0,0,0,0,0,1000,1000,1000,1000,0,0,0,0,0
2025-12-15 01:01:27.904,SERVO_OUTPUT_RAW,1643109885,SERVO_OUTPUT_RAW,0,0,0,0,0,0,0,0,1000,1000,1000,1000,0,0,0,0,0
2025-12-15 01:01:28.004,SERVO_OUTPUT_RAW,1643209783,SERVO_OUTPUT_RAW,0,0,0,0,0,0,0,0,1000,1000,1000,1000,0,0,0,0,0
2025-12-15 01:01:28.103,SERVO_OUTPUT_RAW,1643309783,SERVO_OUTPUT_RAW,0,0,0,0,0,0,0,0,1000,1000,1000,1000,0,0,0,0,0
2025-12-15 01:01:28.203,SERVO_OUTPUT_RAW,1643409791,SERVO_OUTPUT_RAW,0,0,0,0,0,0,0,0,1000,1000,1000,1000,0,0,0,0,0
2025-12-15 01:01:28.303,SERVO_OUTPUT_RAW,1643509783,SERVO_OUTPUT_RAW,0,0,0,0,0,0,0,0,1000,1000,1000,1000,0,0,0,0,0
2025-12-15 01:01:28.403,SERVO_OUTPUT_RAW,1643609800,SERVO_OUTPUT_RAW,0,0,0,0,0,0,0,0,1000,1000,1000,1000,0,0,0,0,0
2025-12-15 01:01:28.503,SERVO_OUTPUT_RAW,1643709832,SERVO_OUTPUT_RAW,0,0,0,0,0,0,0,0,1000,1000,1000,1000,0,0,0,0,0
2025-12-15 01:01:28.603,SERVO_OUTPUT_RAW,1643809837,SERVO_OUTPUT_RAW,0,0,0,0,0,0,0,0,1000,1000,1000,1000,0,0,0,0,0
2025-12-15 01:01:28.703,SERVO_OUTPUT_RAW,1643909804,SERVO_OUTPUT_RAW,0,0,0,0,0,0,0,0,1000,1000,1000,1000,0,0,0,0,0
2025-12-15 01:01:28.803,SERVO_OUTPUT_RAW,1644009788,SERVO_OUTPUT_RAW,0,0,0,0,0,0,0,0,1000,1000,1000,1000,0,0,0,0,0
2025-12-15 01:01:28.903,SERVO_OUTPUT_RAW,1644109843,SERVO_OUTPUT_RAW,0,0,0,0,0,0,0,0,1000,1000,1000,1000,0,0,0,0,0
2025-12-15 01:01:29.003,SERVO_OUTPUT_RAW,1644209842,SERVO_OUTPUT_RAW,0,0,0,0,0,0,0,0,1000,1000,1000,1000,0,0,0,0,0
2025-12-15 01:01:29.103,SERVO_OUTPUT_RAW,1644309804,SERVO_OUTPUT_RAW,0,0,0,0,0,0,0,0,1000,1000,1000,1000,0,0,0,0,0
2025-12-15 01:01:29.203,SERVO_OUTPUT_RAW,1644409792,SERVO_OUTPUT_RAW,0,0,0,0,0,0,0,0,1000,1000,1000,1000,0,0,0,0,0
2025-12-15 01:01:29.303,SERVO_OUTPUT_RAW,1644509822,SERVO_OUTPUT_RAW,0,0,0,0,0,0,0,0,1000,1000,1000,1000,0,0,0,0,0
2025-12-15 01:01:29.403,SERVO_OUTPUT_RAW,1644609822,SERVO_OUTPUT_RAW,0,0,0,0,0,0,0,0,1000,1000,1000,1000,0,0,0,0,0
2025-12-15 01:01:29.503,SERVO_OUTPUT_RAW,1644709778,SERVO_OUTPUT_RAW,0,0,0,0,0,0,0,0,1000,1000,1000,1000,0,0,0,0,0
2025-12-15 01:01:29.603,SERVO_OUTPUT_RAW,1644809778,SERVO_OUTPUT_RAW,0,0,0,0,0,0,0,0,1000,1000,1000,1000,0,0,0,0,0
2025-12-15 01:01:29.703,SERVO_OUTPUT_RAW,1644909782,SERVO_OUTPUT_RAW,0,0,0,0,0,0,0,0,1000,1000,1000,1000,0,0,0,0,0
2025-12-15 01:01:29.803,SERVO_OUTPUT_RAW,1645009782,SERVO_OUTPUT_RAW,0,0,0,0,0,0,0,0,1000,1000,1000,1000,0,0,0,0,0
2025-12-15 01:01:29.903,SERVO_OUTPUT_RAW,1645112110,SERVO_OUTPUT_RAW,0,0,0,0,0,0,0,0,1000,1000,1000,1000,0,0,0,0,0
2025-12-15 01:01:30.003,SERVO_OUTPUT_RAW,1645212156,SERVO_OUTPUT_RAW,0,0,0,0,0,0,0,0,1000,1000,1000,1000,0,0,0,0,0
2025-12-15 01:01:30.103,SERVO_OUTPUT_RAW,1645309822,SERVO_OUTPUT_RAW,0,0,0,0,0,0,0,0,1000,1000,1000,1000,0,0,0,0,0
2025-12-15 01:01:30.203,SERVO_OUTPUT_RAW,1645409841,SERVO_OUTPUT_RAW,0,0,0,0,0,0,0,0,1000,1000,1000,1000,0,0,0,0,0
2025-12-15 01:01:30.303,SERVO_OUTPUT_RAW,1645509812,SERVO_OUTPUT_RAW,0,0,0,0,0,0,0,0,1000,1000,1000,1000,0,0,0,0,0
2025-12-15 01:01:30.403,SERVO_OUTPUT_RAW,1645609827,SERVO_OUTPUT_RAW,0,0,0,0,0,0,0,0,1000,1000,1000,1000,0,0,0,0,0
2025-12-15 01:01:30.503,SERVO_OUTPUT_RAW,1645709828,SERVO_OUTPUT_RAW,0,0,0,0,0,0,0,0,1000,1000,1000,1000,0,0,0,0,0
2025-12-15 01:01:30.603,SERVO_OUTPUT_RAW,1645809851,SERVO_OUTPUT_RAW,0,0,0,0,0,0,0,0,1000,1000,1000,1000,0,0,0,0,0
2025-12-15 01:01:30.704,SERVO_OUTPUT_RAW,1645909817,SERVO_OUTPUT_RAW,0,0,0,0,0,0,0,0,1000,1000,1000,1000,0,0,0,0,0
2025-12-15 01:01:30.803,SERVO_OUTPUT_RAW,1646009796,SERVO_OUTPUT_RAW,0,0,0,0,0,0,0,0,1000,1000,1000,1000,0,0,0,0,0
2025-12-15 01:01:30.903,SERVO_OUTPUT_RAW,1646109831,SERVO_OUTPUT_RAW,0,0,0,0,0,0,0,0,1000,1000,1000,1000,0,0,0,0,0
2025-12-15 01:01:31.004,SERVO_OUTPUT_RAW,1646209808,SERVO_OUTPUT_RAW,0,0,0,0,0,0,0,0,1000,1000,1000,1000,0,0,0,0,0
2025-12-15 01:01:31.104,SERVO_OUTPUT_RAW,1646309793,SERVO_OUTPUT_RAW,0,0,0,0,0,0,0,0,1000,1000,1000,1000,0,0,0,0,0
2025-12-15 01:01:31.203,SERVO_OUTPUT_RAW,1646409780,SERVO_OUTPUT_RAW,0,0,0,0,0,0,0,0,1000,1000,1000,1000,0,0,0,0,0
2025-12-15 01:01:31.303,SERVO_OUTPUT_RAW,1646509782,SERVO_OUTPUT_RAW,0,0,0,0,0,0,0,0,1000,1000,1000,1000,0,0,0,0,0
2025-12-15 01:01:31.403,SERVO_OUTPUT_RAW,1646609790,SERVO_OUTPUT_RAW,0,0,0,0,0,0,0,0,1000,1000,1000,1000,0,0,0,0,0
2025-12-15 01:01:31.504,SERVO_OUTPUT_RAW,1646709799,SERVO_OUTPUT_RAW,0,0,0,0,0,0,0,0,1000,1000,1000,1000,0,0,0,0,0
2025-12-15 01:01:31.603,SERVO_OUTPUT_RAW,1646809832,SERVO_OUTPUT_RAW,0,0,0,0,0,0,0,0,1000,1000,1000,1000,0,0,0,0,0
2025-12-15 01:01:31.703,SERVO_OUTPUT_RAW,1646909838,SERVO_OUTPUT_RAW,0,0,0,0,0,0,0,0,1000,1000,1000,1000,0,0,0,0,0
2025-12-15 01:01:31.803,SERVO_OUTPUT_RAW,1647009864,SERVO_OUTPUT_RAW,0,0,0,0,0,0,0,0,1000,1000,1000,1000,0,0,0,0,0
2025-12-15 01:01:31.903,SERVO_OUTPUT_RAW,1647109816,SERVO_OUTPUT_RAW,0,0,0,0,0,0,0,0,1000,1000,1000,1000,0,0,0,0,0
2025-12-15 01:01:32.003,SERVO_OUTPUT_RAW,1647209837,SERVO_OUTPUT_RAW,0,0,0,0,0,0,0,0,1000,1000,1000,1000,0,0,0,0,0
2025-12-15 01:01:32.103,SERVO_OUTPUT_RAW,1647312072,SERVO_OUTPUT_RAW,0,0,0,0,0,0,0,0,1000,1000,1000,1000,0,0,0,0,0
2025-12-15 01:01:32.204,SERVO_OUTPUT_RAW,1647409844,SERVO_OUTPUT_RAW,0,0,0,0,0,0,0,0,1000,1000,1000,1000,0,0,0,0,0
2025-12-15 01:01:32.304,SERVO_OUTPUT_RAW,1647509780,SERVO_OUTPUT_RAW,0,0,0,0,0,0,0,0,1000,1000,1000,1000,0,0,0,0,0
2025-12-15 01:01:32.409,SERVO_OUTPUT_RAW,1647609802,SERVO_OUTPUT_RAW,0,0,0,0,0,0,0,0,1000,1000,1000,1000,0,0,0,0,0
2025-12-15 01:01:32.504,SERVO_OUTPUT_RAW,1647709807,SERVO_OUTPUT_RAW,0,0,0,0,0,0,0,0,1000,1000,1000,1000,0,0,0,0,0
2025-12-15 01:01:32.603,SERVO_OUTPUT_RAW,1647809777,SERVO_OUTPUT_RAW,0,0,0,0,0,0,0,0,1000,1000,1000,1000,0,0,0,0,0
2025-12-15 01:01:32.704,SERVO_OUTPUT_RAW,1647909779,SERVO_OUTPUT_RAW,0,0,0,0,0,0,0,0,1000,1000,1000,1000,0,0,0,0,0
2025-12-15 01:01:32.804,SERVO_OUTPUT_RAW,1648009801,SERVO_OUTPUT_RAW,0,0,0,0,0,0,0,0,1000,1000,1000,1000,0,0,0,0,0
2025-12-15 01:01:32.904,SERVO_OUTPUT_RAW,1648109807,SERVO_OUTPUT_RAW,0,0,0,0,0,0,0,0,1000,1000,1000,1000,0,0,0,0,0
2025-12-15 01:01:33.004,SERVO_OUTPUT_RAW,1648209800,SERVO_OUTPUT_RAW,0,0,0,0,0,0,0,0,1000,1000,1000,1000,0,0,0,0,0
2025-12-15 01:01:33.104,SERVO_OUTPUT_RAW,1648309792,SERVO_OUTPUT_RAW,0,0,0,0,0,0,0,0,1000,1000,1000,1000,0,0,0,0,0
2025-12-15 01:01:33.204,SERVO_OUTPUT_RAW,1648409819,SERVO_OUTPUT_RAW,0,0,0,0,0,0,0,0,1000,1000,1000,1000,0,0,0,0,0
2025-12-15 01:01:33.304,SERVO_OUTPUT_RAW,1648509846,SERVO_OUTPUT_RAW,0,0,0,0,0,0,0,0,1000,1000,1000,1000,0,0,0,0,0
2025-12-15 01:01:33.404,SERVO_OUTPUT_RAW,1648609808,SERVO_OUTPUT_RAW,0,0,0,0,0,0,0,0,1000,1000,1000,1000,0,0,0,0,0
2025-12-15 01:01:33.504,SERVO_OUTPUT_RAW,1648709805,SERVO_OUTPUT_RAW,0,0,0,0,0,0,0,0,1000,1000,1000,1000,0,0,0,0,0
2025-12-15 01:01:33.604,SERVO_OUTPUT_RAW,1648809817,SERVO_OUTPUT_RAW,0,0,0,0,0,0,0,0,1000,1000,1000,1000,0,0,0,0,0
2025-12-15 01:01:33.704,SERVO_OUTPUT_RAW,1648909845,SERVO_OUTPUT_RAW,0,0,0,0,0,0,0,0,1000,1000,1000,1000,0,0,0,0,0
2025-12-15 01:01:33.804,SERVO_OUTPUT_RAW,1649009905,SERVO_OUTPUT_RAW,0,0,0,0,0,0,0,0,1000,1000,1000,1000,0,0,0,0,0
2025-12-15 01:01:33.904,SERVO_OUTPUT_RAW,1649109797,SERVO_OUTPUT_RAW,0,0,0,0,0,0,0,0,1000,1000,1000,1000,0,0,0,0,0
2025-12-15 01:01:34.004,SERVO_OUTPUT_RAW,1649209830,SERVO_OUTPUT_RAW,0,0,0,0,0,0,0,0,1000,1000,1000,1000,0,0,0,0,0
2025-12-15 01:01:34.104,SERVO_OUTPUT_RAW,1649309820,SERVO_OUTPUT_RAW,0,0,0,0,0,0,0,0,1000,1000,1000,1000,0,0,0,0,0
2025-12-15 01:01:34.204,SERVO_OUTPUT_RAW,1649409885,SERVO_OUTPUT_RAW,0,0,0,0,0,0,0,0,1000,1000,1000,1000,0,0,0,0,0
2025-12-15 01:01:34.304,SERVO_OUTPUT_RAW,1649509783,SERVO_OUTPUT_RAW,0,0,0,0,0,0,0,0,1000,1000,1000,1000,0,0,0,0,0
2025-12-15 01:01:34.404,SERVO_OUTPUT_RAW,1649609823,SERVO_OUTPUT_RAW,0,0,0,0,0,0,0,0,1000,1000,1000,1000,0,0,0,0,0
2025-12-15 01:01:34.504,SERVO_OUTPUT_RAW,1649709786,SERVO_OUTPUT_RAW,0,0,0,0,0,0,0,0,1000,1000,1000,1000,0,0,0,0,0
2025-12-15 01:01:34.604,SERVO_OUTPUT_RAW,1649809779,SERVO_OUTPUT_RAW,0,0,0,0,0,0,0,0,1000,1000,1000,1000,0,0,0,0,0
2025-12-15 01:01:34.704,SERVO_OUTPUT_RAW,1649909844,SERVO_OUTPUT_RAW,0,0,0,0,0,0,0,0,1000,1000,1000,1000,0,0,0,0,0
2025-12-15 01:01:34.804,SERVO_OUTPUT_RAW,1650009827,SERVO_OUTPUT_RAW,0,0,0,0,0,0,0,0,1000,1000,1000,1000,0,0,0,0,0
2025-12-15 01:01:34.904,SERVO_OUTPUT_RAW,1650109868,SERVO_OUTPUT_RAW,0,0,0,0,0,0,0,0,1000,1000,1000,1000,0,0,0,0,0
2025-12-15 01:01:35.004,SERVO_OUTPUT_RAW,1650209803,SERVO_OUTPUT_RAW,0,0,0,0,0,0,0,0,1000,1000,1000,1000,0,0,0,0,0
2025-12-15 01:01:35.104,SERVO_OUTPUT_RAW,1650309806,SERVO_OUTPUT_RAW,0,0,0,0,0,0,0,0,1000,1000,1000,1000,0,0,0,0,0
2025-12-15 01:01:35.204,SERVO_OUTPUT_RAW,1650409846,SERVO_OUTPUT_RAW,0,0,0,0,0,0,0,0,1000,1000,1000,1000,0,0,0,0,0
2025-12-15 01:01:35.304,SERVO_OUTPUT_RAW,1650509858,SERVO_OUTPUT_RAW,0,0,0,0,0,0,0,0,1000,1000,1000,1000,0,0,0,0,0
2025-12-15 01:01:35.404,SERVO_OUTPUT_RAW,1650609788,SERVO_OUTPUT_RAW,0,0,0,0,0,0,0,0,1000,1000,1000,1000,0,0,0,0,0
2025-12-15 01:01:35.504,SERVO_OUTPUT_RAW,1650709797,SERVO_OUTPUT_RAW,0,0,0,0,0,0,0,0,1000,1000,1000,1000,0,0,0,0,0
2025-12-15 01:01:35.604,SERVO_OUTPUT_RAW,1650809827,SERVO_OUTPUT_RAW,0,0,0,0,0,0,0,0,1000,1000,1000,1000,0,0,0,0,0
2025-12-15 01:01:35.705,SERVO_OUTPUT_RAW,1650909824,SERVO_OUTPUT_RAW,0,0,0,0,0,0,0,0,1000,1000,1000,1000,0,0,0,0,0
2025-12-15 01:01:35.804,SERVO_OUTPUT_RAW,1651009780,SERVO_OUTPUT_RAW,0,0,0,0,0,0,0,0,1000,1000,1000,1000,0,0,0,0,0
2025-12-15 01:01:35.904,SERVO_OUTPUT_RAW,1651109786,SERVO_OUTPUT_RAW,0,0,0,0,0,0,0,0,1000,1000,1000,1000,0,0,0,0,0
2025-12-15 01:01:36.004,SERVO_OUTPUT_RAW,1651209778,SERVO_OUTPUT_RAW,0,0,0,0,0,0,0,0,1000,1000,1000,1000,0,0,0,0,0
2025-12-15 01:01:36.104,SERVO_OUTPUT_RAW,1651309781,SERVO_OUTPUT_RAW,0,0,0,0,0,0,0,0,1000,1000,1000,1000,0,0,0,0,0
2025-12-15 01:01:36.204,SERVO_OUTPUT_RAW,1651409781,SERVO_OUTPUT_RAW,0,0,0,0,0,0,0,0,1000,1000,1000,1000,0,0,0,0,0
2025-12-15 01:01:36.304,SERVO_OUTPUT_RAW,1651509913,SERVO_OUTPUT_RAW,0,0,0,0,0,0,0,0,1000,1000,1000,1000,0,0,0,0,0
2025-12-15 01:01:36.404,SERVO_OUTPUT_RAW,1651609782,SERVO_OUTPUT_RAW,0,0,0,0,0,0,0,0,1000,1000,1000,1000,0,0,0,0,0
2025-12-15 01:01:36.504,SERVO_OUTPUT_RAW,1651712142,SERVO_OUTPUT_RAW,0,0,0,0,0,0,0,0,1000,1000,1000,1000,0,0,0,0,0
2025-12-15 01:01:36.605,SERVO_OUTPUT_RAW,1651809788,SERVO_OUTPUT_RAW,0,0,0,0,0,0,0,0,1000,1000,1000,1000,0,0,0,0,0
2025-12-15 01:01:36.705,SERVO_OUTPUT_RAW,1651909821,SERVO_OUTPUT_RAW,0,0,0,0,0,0,0,0,1000,1000,1000,1000,0,0,0,0,0
2025-12-15 01:01:36.804,SERVO_OUTPUT_RAW,1652009847,SERVO_OUTPUT_RAW,0,0,0,0,0,0,0,0,1000,1000,1000,1000,0,0,0,0,0
2025-12-15 01:01:36.904,SERVO_OUTPUT_RAW,1652109816,SERVO_OUTPUT_RAW,0,0,0,0,0,0,0,0,1000,1000,1000,1000,0,0,0,0,0
2025-12-15 01:01:37.004,SERVO_OUTPUT_RAW,1652209780,SERVO_OUTPUT_RAW,0,0,0,0,0,0,0,0,1000,1000,1000,1000,0,0,0,0,0
2025-12-15 01:01:37.104,SERVO_OUTPUT_RAW,1652309802,SERVO_OUTPUT_RAW,0,0,0,0,0,0,0,0,1000,1000,1000,1000,0,0,0,0,0
2025-12-15 01:01:37.205,SERVO_OUTPUT_RAW,1652409809,SERVO_OUTPUT_RAW,0,0,0,0,0,0,0,0,1000,1000,1000,1000,0,0,0,0,0
2025-12-15 01:01:37.305,SERVO_OUTPUT_RAW,1652509832,SERVO_OUTPUT_RAW,0,0,0,0,0,0,0,0,1000,1000,1000,1000,0,0,0,0,0
2025-12-15 01:01:37.405,SERVO_OUTPUT_RAW,1652609806,SERVO_OUTPUT_RAW,0,0,0,0,0,0,0,0,1000,1000,1000,1000,0,0,0,0,0
2025-12-15 01:01:37.505,SERVO_OUTPUT_RAW,1652709785,SERVO_OUTPUT_RAW,0,0,0,0,0,0,0,0,1000,1000,1000,1000,0,0,0,0,0
2025-12-15 01:01:37.603,SERVO_OUTPUT_RAW,1652809807,SERVO_OUTPUT_RAW,0,0,0,0,0,0,0,0,1000,1000,1000,1000,0,0,0,0,0
2025-12-15 01:01:37.703,SERVO_OUTPUT_RAW,1652909789,SERVO_OUTPUT_RAW,0,0,0,0,0,0,0,0,1000,1000,1000,1000,0,0,0,0,0
2025-12-15 01:01:37.804,SERVO_OUTPUT_RAW,1653009807,SERVO_OUTPUT_RAW,0,0,0,0,0,0,0,0,1000,1000,1000,1000,0,0,0,0,0
2025-12-15 01:01:37.903,SERVO_OUTPUT_RAW,1653109824,SERVO_OUTPUT_RAW,0,0,0,0,0,0,0,0,1000,1000,1000,1000,0,0,0,0,0
2025-12-15 01:01:38.003,SERVO_OUTPUT_RAW,1653209833,SERVO_OUTPUT_RAW,0,0,0,0,0,0,0,0,1000,1000,1000,1000,0,0,0,0,0
2025-12-15 01:01:38.103,SERVO_OUTPUT_RAW,1653309803,SERVO_OUTPUT_RAW,0,0,0,0,0,0,0,0,1000,1000,1000,1000,0,0,0,0,0
2025-12-15 01:01:38.203,SERVO_OUTPUT_RAW,1653409798,SERVO_OUTPUT_RAW,0,0,0,0,0,0,0,0,1000,1000,1000,1000,0,0,0,0,0
2025-12-15 01:01:38.303,SERVO_OUTPUT_RAW,1653509837,SERVO_OUTPUT_RAW,0,0,0,0,0,0,0,0,1000,1000,1000,1000,0,0,0,0,0
2025-12-15 01:01:38.403,SERVO_OUTPUT_RAW,1653612111,SERVO_OUTPUT_RAW,0,0,0,0,0,0,0,0,1000,1000,1000,1000,0,0,0,0,0
2025-12-15 01:01:38.503,SERVO_OUTPUT_RAW,1653709788,SERVO_OUTPUT_RAW,0,0,0,0,0,0,0,0,1000,1000,1000,1000,0,0,0,0,0
2025-12-15 01:01:38.603,SERVO_OUTPUT_RAW,1653809791,SERVO_OUTPUT_RAW,0,0,0,0,0,0,0,0,1000,1000,1000,1000,0,0,0,0,0
2025-12-15 01:01:38.703,SERVO_OUTPUT_RAW,1653909815,SERVO_OUTPUT_RAW,0,0,0,0,0,0,0,0,1000,1000,1000,1000,0,0,0,0,0
2025-12-15 01:01:38.803,SERVO_OUTPUT_RAW,1654009823,SERVO_OUTPUT_RAW,0,0,0,0,0,0,0,0,1000,1000,1000,1000,0,0,0,0,0
2025-12-15 01:01:38.903,SERVO_OUTPUT_RAW,1654109780,SERVO_OUTPUT_RAW,0,0,0,0,0,0,0,0,1000,1000,1000,1000,0,0,0,0,0
2025-12-15 01:01:39.003,SERVO_OUTPUT_RAW,1654209793,SERVO_OUTPUT_RAW,0,0,0,0,0,0,0,0,1000,1000,1000,1000,0,0,0,0,0
2025-12-15 01:01:39.103,SERVO_OUTPUT_RAW,1654309795,SERVO_OUTPUT_RAW,0,0,0,0,0,0,0,0,1000,1000,1000,1000,0,0,0,0,0
2025-12-15 01:01:39.203,SERVO_OUTPUT_RAW,1654409780,SERVO_OUTPUT_RAW,0,0,0,0,0,0,0,0,1000,1000,1000,1000,0,0,0,0,0
2025-12-15 01:01:39.303,SERVO_OUTPUT_RAW,1654509798,SERVO_OUTPUT_RAW,0,0,0,0,0,0,0,0,1000,1000,1000,1000,0,0,0,0,0
2025-12-15 01:01:39.403,SERVO_OUTPUT_RAW,1654609802,SERVO_OUTPUT_RAW,0,0,0,0,0,0,0,0,1000,1000,1000,1000,0,0,0,0,0
2025-12-15 01:01:39.503,SERVO_OUTPUT_RAW,1654709835,SERVO_OUTPUT_RAW,0,0,0,0,0,0,0,0,1000,1000,1000,1000,0,0,0,0,0
2025-12-15 01:01:39.604,SERVO_OUTPUT_RAW,1654809861,SERVO_OUTPUT_RAW,0,0,0,0,0,0,0,0,1000,1000,1000,1000,0,0,0,0,0
2025-12-15 01:01:39.703,SERVO_OUTPUT_RAW,1654909802,SERVO_OUTPUT_RAW,0,0,0,0,0,0,0,0,1000,1000,1000,1000,0,0,0,0,0
2025-12-15 01:01:39.804,SERVO_OUTPUT_RAW,1655009842,SERVO_OUTPUT_RAW,0,0,0,0,0,0,0,0,1000,1000,1000,1000,0,0,0,0,0
2025-12-15 01:01:39.905,SERVO_OUTPUT_RAW,1655109836,SERVO_OUTPUT_RAW,0,0,0,0,0,0,0,0,1000,1000,1000,1000,0,0,0,0,0
2025-12-15 01:01:40.004,SERVO_OUTPUT_RAW,1655209846,SERVO_OUTPUT_RAW,0,0,0,0,0,0,0,0,1000,1000,1000,1000,0,0,0,0,0
2025-12-15 01:01:40.104,SERVO_OUTPUT_RAW,1655309795,SERVO_OUTPUT_RAW,0,0,0,0,0,0,0,0,1000,1000,1000,1000,0,0,0,0,0
2025-12-15 01:01:40.203,SERVO_OUTPUT_RAW,1655409813,SERVO_OUTPUT_RAW,0,0,0,0,0,0,0,0,1000,1000,1000,1000,0,0,0,0,0
2025-12-15 01:01:40.304,SERVO_OUTPUT_RAW,1655509822,SERVO_OUTPUT_RAW,0,0,0,0,0,0,0,0,1000,1000,1000,1000,0,0,0,0,0
2025-12-15 01:01:40.404,SERVO_OUTPUT_RAW,1655609782,SERVO_OUTPUT_RAW,0,0,0,0,0,0,0,0,1000,1000,1000,1000,0,0,0,0,0
2025-12-15 01:01:40.504,SERVO_OUTPUT_RAW,1655709874,SERVO_OUTPUT_RAW,0,0,0,0,0,0,0,0,1000,1000,1000,1000,0,0,0,0,0
2025-12-15 01:01:40.604,SERVO_OUTPUT_RAW,1655809791,SERVO_OUTPUT_RAW,0,0,0,0,0,0,0,0,1000,1000,1000,1000,0,0,0,0,0
2025-12-15 01:01:40.704,SERVO_OUTPUT_RAW,1655909785,SERVO_OUTPUT_RAW,0,0,0,0,0,0,0,0,1000,1000,1000,1000,0,0,0,0,0
2025-12-15 01:01:40.804,SERVO_OUTPUT_RAW,1656009790,SERVO_OUTPUT_RAW,0,0,0,0,0,0,0,0,1000,1000,1000,1000,0,0,0,0,0
2025-12-15 01:01:40.904,SERVO_OUTPUT_RAW,1656109797,SERVO_OUTPUT_RAW,0,0,0,0,0,0,0,0,1000,1000,1000,1000,0,0,0,0,0
2025-12-15 01:01:41.004,SERVO_OUTPUT_RAW,1656209833,SERVO_OUTPUT_RAW,0,0,0,0,0,0,0,0,1000,1000,1000,1000,0,0,0,0,0
2025-12-15 01:01:41.104,SERVO_OUTPUT_RAW,1656309833,SERVO_OUTPUT_RAW,0,0,0,0,0,0,0,0,1000,1000,1000,1000,0,0,0,0,0
2025-12-15 01:01:41.204,SERVO_OUTPUT_RAW,1656409807,SERVO_OUTPUT_RAW,0,0,0,0,0,0,0,0,1000,1000,1000,1000,0,0,0,0,0
2025-12-15 01:01:41.304,SERVO_OUTPUT_RAW,1656509789,SERVO_OUTPUT_RAW,0,0,0,0,0,0,0,0,1000,1000,1000,1000,0,0,0,0,0
2025-12-15 01:01:41.404,SERVO_OUTPUT_RAW,1656609822,SERVO_OUTPUT_RAW,0,0,0,0,0,0,0,0,1000,1000,1000,1000,0,0,0,0,0
2025-12-15 01:01:41.504,SERVO_OUTPUT_RAW,1656709845,SERVO_OUTPUT_RAW,0,0,0,0,0,0,0,0,1000,1000,1000,1000,0,0,0,0,0
2025-12-15 01:01:41.604,SERVO_OUTPUT_RAW,1656809850,SERVO_OUTPUT_RAW,0,0,0,0,0,0,0,0,1000,1000,1000,1000,0,0,0,0,0
2025-12-15 01:01:41.704,SERVO_OUTPUT_RAW,1656909797,SERVO_OUTPUT_RAW,0,0,0,0,0,0,0,0,1000,1000,1000,1000,0,0,0,0,0
2025-12-15 01:01:41.804,SERVO_OUTPUT_RAW,1657009818,SERVO_OUTPUT_RAW,0,0,0,0,0,0,0,0,1000,1000,1000,1000,0,0,0,0,0
2025-12-15 01:01:41.904,SERVO_OUTPUT_RAW,1657109832,SERVO_OUTPUT_RAW,0,0,0,0,0,0,0,0,1000,1000,1000,1000,0,0,0,0,0
2025-12-15 01:01:42.004,SERVO_OUTPUT_RAW,1657209791,SERVO_OUTPUT_RAW,0,0,0,0,0,0,0,0,1000,1000,1000,1000,0,0,0,0,0
2025-12-15 01:01:42.104,SERVO_OUTPUT_RAW,1657309785,SERVO_OUTPUT_RAW,0,0,0,0,0,0,0,0,1000,1000,1000,1000,0,0,0,0,0
2025-12-15 01:01:42.204,SERVO_OUTPUT_RAW,1657409796,SERVO_OUTPUT_RAW,0,0,0,0,0,0,0,0,1000,1000,1000,1000,0,0,0,0,0
2025-12-15 01:01:42.304,SERVO_OUTPUT_RAW,1657509793,SERVO_OUTPUT_RAW,0,0,0,0,0,0,0,0,1000,1000,1000,1000,0,0,0,0,0
2025-12-15 01:01:42.405,SERVO_OUTPUT_RAW,1657609788,SERVO_OUTPUT_RAW,0,0,0,0,0,0,0,0,1000,1000,1000,1000,0,0,0,0,0
2025-12-15 01:01:42.504,SERVO_OUTPUT_RAW,1657709803,SERVO_OUTPUT_RAW,0,0,0,0,0,0,0,0,1000,1000,1000,1000,0,0,0,0,0
2025-12-15 01:01:42.604,SERVO_OUTPUT_RAW,1657812160,SERVO_OUTPUT_RAW,0,0,0,0,0,0,0,0,1000,1000,1000,1000,0,0,0,0,0
2025-12-15 01:01:42.704,SERVO_OUTPUT_RAW,1657909844,SERVO_OUTPUT_RAW,0,0,0,0,0,0,0,0,1000,1000,1000,1000,0,0,0,0,0
2025-12-15 01:01:42.804,SERVO_OUTPUT_RAW,1658012135,SERVO_OUTPUT_RAW,0,0,0,0,0,0,0,0,1000,1000,1000,1000,0,0,0,0,0
2025-12-15 01:01:42.904,SERVO_OUTPUT_RAW,1658109829,SERVO_OUTPUT_RAW,0,0,0,0,0,0,0,0,1000,1000,1000,1000,0,0,0,0,0
2025-12-15 01:01:43.005,SERVO_OUTPUT_RAW,1658209834,SERVO_OUTPUT_RAW,0,0,0,0,0,0,0,0,1000,1000,1000,1000,0,0,0,0,0
2025-12-15 01:01:43.104,SERVO_OUTPUT_RAW,1658309878,SERVO_OUTPUT_RAW,0,0,0,0,0,0,0,0,1000,1000,1000,1000,0,0,0,0,0
2025-12-15 01:01:43.204,SERVO_OUTPUT_RAW,1658409780,SERVO_OUTPUT_RAW,0,0,0,0,0,0,0,0,1000,1000,1000,1000,0,0,0,0,0
2025-12-15 01:01:43.304,SERVO_OUTPUT_RAW,1658509804,SERVO_OUTPUT_RAW,0,0,0,0,0,0,0,0,1000,1000,1000,1000,0,0,0,0,0
2025-12-15 01:01:43.404,SERVO_OUTPUT_RAW,1658609822,SERVO_OUTPUT_RAW,0,0,0,0,0,0,0,0,1000,1000,1000,1000,0,0,0,0,0
2025-12-15 01:01:43.504,SERVO_OUTPUT_RAW,1658709789,SERVO_OUTPUT_RAW,0,0,0,0,0,0,0,0,1000,1000,1000,1000,0,0,0,0,0
2025-12-15 01:01:43.604,SERVO_OUTPUT_RAW,1658809777,SERVO_OUTPUT_RAW,0,0,0,0,0,0,0,0,1000,1000,1000,1000,0,0,0,0,0
2025-12-15 01:01:43.704,SERVO_OUTPUT_RAW,1658909797,SERVO_OUTPUT_RAW,0,0,0,0,0,0,0,0,1000,1000,1000,1000,0,0,0,0,0
2025-12-15 01:01:43.804,SERVO_OUTPUT_RAW,1659009799,SERVO_OUTPUT_RAW,0,0,0,0,0,0,0,0,1000,1000,1000,1000,0,0,0,0,0
2025-12-15 01:01:43.904,SERVO_OUTPUT_RAW,1659109788,SERVO_OUTPUT_RAW,0,0,0,0,0,0,0,0,1000,1000,1000,1000,0,0,0,0,0
2025-12-15 01:01:44.004,SERVO_OUTPUT_RAW,1659209793,SERVO_OUTPUT_RAW,0,0,0,0,0,0,0,0,1000,1000,1000,1000,0,0,0,0,0
2025-12-15 01:01:44.104,SERVO_OUTPUT_RAW,1659312145,SERVO_OUTPUT_RAW,0,0,0,0,0,0,0,0,1000,1000,1000,1000,0,0,0,0,0
2025-12-15 01:01:44.204,SERVO_OUTPUT_RAW,1659409833,SERVO_OUTPUT_RAW,0,0,0,0,0,0,0,0,1000,1000,1000,1000,0,0,0,0,0
2025-12-15 01:01:44.304,SERVO_OUTPUT_RAW,1659509824,SERVO_OUTPUT_RAW,0,0,0,0,0,0,0,0,1000,1000,1000,1000,0,0,0,0,0
2025-12-15 01:01:44.404,SERVO_OUTPUT_RAW,1659609785,SERVO_OUTPUT_RAW,0,0,0,0,0,0,0,0,1000,1000,1000,1000,0,0,0,0,0
2025-12-15 01:01:44.504,SERVO_OUTPUT_RAW,1659709809,SERVO_OUTPUT_RAW,0,0,0,0,0,0,0,0,1000,1000,1000,1000,0,0,0,0,0
2025-12-15 01:01:44.604,SERVO_OUTPUT_RAW,1659809847,SERVO_OUTPUT_RAW,0,0,0,0,0,0,0,0,1000,1000,1000,1000,0,0,0,0,0
2025-12-15 01:01:44.704,SERVO_OUTPUT_RAW,1659912022,SERVO_OUTPUT_RAW,0,0,0,0,0,0,0,0,1000,1000,1000,1000,0,0,0,0,0
2025-12-15 01:01:44.804,SERVO_OUTPUT_RAW,1660009776,SERVO_OUTPUT_RAW,0,0,0,0,0,0,0,0,1000,1000,1000,1000,0,0,0,0,0
2025-12-15 01:01:44.904,SERVO_OUTPUT_RAW,1660109814,SERVO_OUTPUT_RAW,0,0,0,0,0,0,0,0,1000,1000,1000,1000,0,0,0,0,0
2025-12-15 01:01:45.004,SERVO_OUTPUT_RAW,1660209820,SERVO_OUTPUT_RAW,0,0,0,0,0,0,0,0,1000,1000,1000,1000,0,0,0,0,0
2025-12-15 01:01:45.104,SERVO_OUTPUT_RAW,1660309854,SERVO_OUTPUT_RAW,0,0,0,0,0,0,0,0,1000,1000,1000,1000,0,0,0,0,0
2025-12-15 01:01:45.204,SERVO_OUTPUT_RAW,1660409804,SERVO_OUTPUT_RAW,0,0,0,0,0,0,0,0,1000,1000,1000,1000,0,0,0,0,0
2025-12-15 01:01:45.304,SERVO_OUTPUT_RAW,1660509804,SERVO_OUTPUT_RAW,0,0,0,0,0,0,0,0,1000,1000,1000,1000,0,0,0,0,0
2025-12-15 01:01:45.404,SERVO_OUTPUT_RAW,1660609793,SERVO_OUTPUT_RAW,0,0,0,0,0,0,0,0,1000,1000,1000,1000,0,0,0,0,0
2025-12-15 01:01:45.504,SERVO_OUTPUT_RAW,1660709806,SERVO_OUTPUT_RAW,0,0,0,0,0,0,0,0,1000,1000,1000,1000,0,0,0,0,0
2025-12-15 01:01:45.605,SERVO_OUTPUT_RAW,1660809788,SERVO_OUTPUT_RAW,0,0,0,0,0,0,0,0,1000,1000,1000,1000,0,0,0,0,0
2025-12-15 01:01:45.704,SERVO_OUTPUT_RAW,1660909833,SERVO_OUTPUT_RAW,0,0,0,0,0,0,0,0,1000,1000,1000,1000,0,0,0,0,0
2025-12-15 01:01:45.804,SERVO_OUTPUT_RAW,1661009838,SERVO_OUTPUT_RAW,0,0,0,0,0,0,0,0,1000,1000,1000,1000,0,0,0,0,0
2025-12-15 01:01:45.904,SERVO_OUTPUT_RAW,1661109777,SERVO_OUTPUT_RAW,0,0,0,0,0,0,0,0,1000,1000,1000,1000,0,0,0,0,0
2025-12-15 01:01:46.004,SERVO_OUTPUT_RAW,1661209905,SERVO_OUTPUT_RAW,0,0,0,0,0,0,0,0,1000,1000,1000,1000,0,0,0,0,0
2025-12-15 01:01:46.105,SERVO_OUTPUT_RAW,1661309809,SERVO_OUTPUT_RAW,0,0,0,0,0,0,0,0,1000,1000,1000,1000,0,0,0,0,0
2025-12-15 01:01:46.204,SERVO_OUTPUT_RAW,1661409855,SERVO_OUTPUT_RAW,0,0,0,0,0,0,0,0,1000,1000,1000,1000,0,0,0,0,0
2025-12-15 01:01:46.305,SERVO_OUTPUT_RAW,1661509853,SERVO_OUTPUT_RAW,0,0,0,0,0,0,0,0,1000,1000,1000,1000,0,0,0,0,0
2025-12-15 01:01:46.405,SERVO_OUTPUT_RAW,1661609801,SERVO_OUTPUT_RAW,0,0,0,0,0,0,0,0,1000,1000,1000,1000,0,0,0,0,0
2025-12-15 01:01:46.504,SERVO_OUTPUT_RAW,1661709820,SERVO_OUTPUT_RAW,0,0,0,0,0,0,0,0,1000,1000,1000,1000,0,0,0,0,0
2025-12-15 01:01:46.605,SERVO_OUTPUT_RAW,1661809806,SERVO_OUTPUT_RAW,0,0,0,0,0,0,0,0,1000,1000,1000,1000,0,0,0,0,0
2025-12-15 01:01:46.705,SERVO_OUTPUT_RAW,1661909773,SERVO_OUTPUT_RAW,0,0,0,0,0,0,0,0,1000,1000,1000,1000,0,0,0,0,0
2025-12-15 01:01:46.805,SERVO_OUTPUT_RAW,1662009881,SERVO_OUTPUT_RAW,0,0,0,0,0,0,0,0,1000,1000,1000,1000,0,0,0,0,0
2025-12-15 01:01:46.905,SERVO_OUTPUT_RAW,1662109786,SERVO_OUTPUT_RAW,0,0,0,0,0,0,0,0,1000,1000,1000,1000,0,0,0,0,0
2025-12-15 01:01:47.003,SERVO_OUTPUT_RAW,1662209793,SERVO_OUTPUT_RAW,0,0,0,0,0,0,0,0,1000,1000,1000,1000,0,0,0,0,0
2025-12-15 01:01:47.103,SERVO_OUTPUT_RAW,1662309793,SERVO_OUTPUT_RAW,0,0,0,0,0,0,0,0,1000,1000,1000,1000,0,0,0,0,0
2025-12-15 01:01:47.203,SERVO_OUTPUT_RAW,1662409814,SERVO_OUTPUT_RAW,0,0,0,0,0,0,0,0,1000,1000,1000,1000,0,0,0,0,0
2025-12-15 01:01:47.305,SERVO_OUTPUT_RAW,1662509857,SERVO_OUTPUT_RAW,0,0,0,0,0,0,0,0,1000,1000,1000,1000,0,0,0,0,0
2025-12-15 01:01:47.405,SERVO_OUTPUT_RAW,1662609801,SERVO_OUTPUT_RAW,0,0,0,0,0,0,0,0,1000,1000,1000,1000,0,0,0,0,0
2025-12-15 01:01:47.504,SERVO_OUTPUT_RAW,1662709781,SERVO_OUTPUT_RAW,0,0,0,0,0,0,0,0,1000,1000,1000,1000,0,0,0,0,0
2025-12-15 01:01:47.604,SERVO_OUTPUT_RAW,1662809805,SERVO_OUTPUT_RAW,0,0,0,0,0,0,0,0,1000,1000,1000,1000,0,0,0,0,0
2025-12-15 01:01:47.705,SERVO_OUTPUT_RAW,1662909855,SERVO_OUTPUT_RAW,0,0,0,0,0,0,0,0,1000,1000,1000,1000,0,0,0,0,0
2025-12-15 01:01:47.805,SERVO_OUTPUT_RAW,1663009835,SERVO_OUTPUT_RAW,0,0,0,0,0,0,0,0,1000,1000,1000,1000,0,0,0,0,0
2025-12-15 01:01:47.904,SERVO_OUTPUT_RAW,1663109776,SERVO_OUTPUT_RAW,0,0,0,0,0,0,0,0,1000,1000,1000,1000,0,0,0,0,0
2025-12-15 01:01:48.004,SERVO_OUTPUT_RAW,1663209796,SERVO_OUTPUT_RAW,0,0,0,0,0,0,0,0,1000,1000,1000,1000,0,0,0,0,0
2025-12-15 01:01:48.104,SERVO_OUTPUT_RAW,1663309818,SERVO_OUTPUT_RAW,0,0,0,0,0,0,0,0,1000,1000,1000,1000,0,0,0,0,0
2025-12-15 01:01:48.204,SERVO_OUTPUT_RAW,1663409831,SERVO_OUTPUT_RAW,0,0,0,0,0,0,0,0,1000,1000,1000,1000,0,0,0,0,0
2025-12-15 01:01:48.304,SERVO_OUTPUT_RAW,1663509790,SERVO_OUTPUT_RAW,0,0,0,0,0,0,0,0,1000,1000,1000,1000,0,0,0,0,0
2025-12-15 01:01:48.404,SERVO_OUTPUT_RAW,1663609795,SERVO_OUTPUT_RAW,0,0,0,0,0,0,0,0,1000,1000,1000,1000,0,0,0,0,0
2025-12-15 01:01:48.504,SERVO_OUTPUT_RAW,1663709797,SERVO_OUTPUT_RAW,0,0,0,0,0,0,0,0,1000,1000,1000,1000,0,0,0,0,0
2025-12-15 01:01:48.604,SERVO_OUTPUT_RAW,1663809777,SERVO_OUTPUT_RAW,0,0,0,0,0,0,0,0,1000,1000,1000,1000,0,0,0,0,0
2025-12-15 01:01:48.704,SERVO_OUTPUT_RAW,1663909802,SERVO_OUTPUT_RAW,0,0,0,0,0,0,0,0,1000,1000,1000,1000,0,0,0,0,0
2025-12-15 01:01:48.804,SERVO_OUTPUT_RAW,1664009817,SERVO_OUTPUT_RAW,0,0,0,0,0,0,0,0,1000,1000,1000,1000,0,0,0,0,0
2025-12-15 01:01:48.904,SERVO_OUTPUT_RAW,1664112181,SERVO_OUTPUT_RAW,0,0,0,0,0,0,0,0,1000,1000,1000,1000,0,0,0,0,0
2025-12-15 01:01:49.004,SERVO_OUTPUT_RAW,1664209796,SERVO_OUTPUT_RAW,0,0,0,0,0,0,0,0,1000,1000,1000,1000,0,0,0,0,0
2025-12-15 01:01:49.104,SERVO_OUTPUT_RAW,1664309799,SERVO_OUTPUT_RAW,0,0,0,0,0,0,0,0,1000,1000,1000,1000,0,0,0,0,0
2025-12-15 01:01:49.204,SERVO_OUTPUT_RAW,1664409814,SERVO_OUTPUT_RAW,0,0,0,0,0,0,0,0,1000,1000,1000,1000,0,0,0,0,0
2025-12-15 01:01:49.304,SERVO_OUTPUT_RAW,1664509855,SERVO_OUTPUT_RAW,0,0,0,0,0,0,0,0,1000,1000,1000,1000,0,0,0,0,0
2025-12-15 01:01:49.404,SERVO_OUTPUT_RAW,1664609818,SERVO_OUTPUT_RAW,0,0,0,0,0,0,0,0,1000,1000,1000,1000,0,0,0,0,0
2025-12-15 01:01:49.504,SERVO_OUTPUT_RAW,1664709800,SERVO_OUTPUT_RAW,0,0,0,0,0,0,0,0,1000,1000,1000,1000,0,0,0,0,0
2025-12-15 01:01:49.604,SERVO_OUTPUT_RAW,1664809812,SERVO_OUTPUT_RAW,0,0,0,0,0,0,0,0,1000,1000,1000,1000,0,0,0,0,0
2025-12-15 01:01:49.704,SERVO_OUTPUT_RAW,1664909832,SERVO_OUTPUT_RAW,0,0,0,0,0,0,0,0,1000,1000,1000,1000,0,0,0,0,0
2025-12-15 01:01:49.804,SERVO_OUTPUT_RAW,1665009794,SERVO_OUTPUT_RAW,0,0,0,0,0,0,0,0,1000,1000,1000,1000,0,0,0,0,0
2025-12-15 01:01:49.904,SERVO_OUTPUT_RAW,1665109788,SERVO_OUTPUT_RAW,0,0,0,0,0,0,0,0,1000,1000,1000,1000,0,0,0,0,0
2025-12-15 01:01:50.004,SERVO_OUTPUT_RAW,1665209806,SERVO_OUTPUT_RAW,0,0,0,0,0,0,0,0,1000,1000,1000,1000,0,0,0,0,0
2025-12-15 01:01:50.104,SERVO_OUTPUT_RAW,1665309784,SERVO_OUTPUT_RAW,0,0,0,0,0,0,0,0,1000,1000,1000,1000,0,0,0,0,0
2025-12-15 01:01:50.204,SERVO_OUTPUT_RAW,1665409799,SERVO_OUTPUT_RAW,0,0,0,0,0,0,0,0,1000,1000,1000,1000,0,0,0,0,0
2025-12-15 01:01:50.304,SERVO_OUTPUT_RAW,1665509794,SERVO_OUTPUT_RAW,0,0,0,0,0,0,0,0,1000,1000,1000,1000,0,0,0,0,0
2025-12-15 01:01:50.404,SERVO_OUTPUT_RAW,1665609832,SERVO_OUTPUT_RAW,0,0,0,0,0,0,0,0,1000,1000,1000,1000,0,0,0,0,0
2025-12-15 01:01:50.504,SERVO_OUTPUT_RAW,1665709806,SERVO_OUTPUT_RAW,0,0,0,0,0,0,0,0,1000,1000,1000,1000,0,0,0,0,0
2025-12-15 01:01:50.604,SERVO_OUTPUT_RAW,1665809803,SERVO_OUTPUT_RAW,0,0,0,0,0,0,0,0,1000,1000,1000,1000,0,0,0,0,0
2025-12-15 01:01:50.704,SERVO_OUTPUT_RAW,1665909834,SERVO_OUTPUT_RAW,0,0,0,0,0,0,0,0,1000,1000,1000,1000,0,0,0,0,0
2025-12-15 01:01:50.804,SERVO_OUTPUT_RAW,1666009857,SERVO_OUTPUT_RAW,0,0,0,0,0,0,0,0,1000,1000,1000,1000,0,0,0,0,0
2025-12-15 01:01:50.905,SERVO_OUTPUT_RAW,1666109852,SERVO_OUTPUT_RAW,0,0,0,0,0,0,0,0,1000,1000,1000,1000,0,0,0,0,0
2025-12-15 01:01:51.005,SERVO_OUTPUT_RAW,1666209901,SERVO_OUTPUT_RAW,0,0,0,0,0,0,0,0,1000,1000,1000,1000,0,0,0,0,0
2025-12-15 01:01:51.104,SERVO_OUTPUT_RAW,1666309785,SERVO_OUTPUT_RAW,0,0,0,0,0,0,0,0,1000,1000,1000,1000,0,0,0,0,0
2025-12-15 01:01:51.204,SERVO_OUTPUT_RAW,1666409834,SERVO_OUTPUT_RAW,0,0,0,0,0,0,0,0,1000,1000,1000,1000,0,0,0,0,0
2025-12-15 01:01:51.304,SERVO_OUTPUT_RAW,1666509788,SERVO_OUTPUT_RAW,0,0,0,0,0,0,0,0,1000,1000,1000,1000,0,0,0,0,0
2025-12-15 01:01:51.404,SERVO_OUTPUT_RAW,1666609786,SERVO_OUTPUT_RAW,0,0,0,0,0,0,0,0,1000,1000,1000,1000,0,0,0,0,0
2025-12-15 01:01:51.505,SERVO_OUTPUT_RAW,1666709788,SERVO_OUTPUT_RAW,0,0,0,0,0,0,0,0,1000,1000,1000,1000,0,0,0,0,0
2025-12-15 01:01:51.604,SERVO_OUTPUT_RAW,1666809783,SERVO_OUTPUT_RAW,0,0,0,0,0,0,0,0,1000,1000,1000,1000,0,0,0,0,0
2025-12-15 01:01:51.704,SERVO_OUTPUT_RAW,1666909796,SERVO_OUTPUT_RAW,0,0,0,0,0,0,0,0,1000,1000,1000,1000,0,0,0,0,0
2025-12-15 01:01:51.805,SERVO_OUTPUT_RAW,1667009826,SERVO_OUTPUT_RAW,0,0,0,0,0,0,0,0,1000,1000,1000,1000,0,0,0,0,0
2025-12-15 01:01:51.904,SERVO_OUTPUT_RAW,1667109821,SERVO_OUTPUT_RAW,0,0,0,0,0,0,0,0,1000,1000,1000,1000,0,0,0,0,0
2025-12-15 01:01:52.004,SERVO_OUTPUT_RAW,1667209831,SERVO_OUTPUT_RAW,0,0,0,0,0,0,0,0,1000,1000,1000,1000,0,0,0,0,0
2025-12-15 01:01:52.104,SERVO_OUTPUT_RAW,1667309839,SERVO_OUTPUT_RAW,0,0,0,0,0,0,0,0,1000,1000,1000,1000,0,0,0,0,0
2025-12-15 01:01:52.204,SERVO_OUTPUT_RAW,1667409813,SERVO_OUTPUT_RAW,0,0,0,0,0,0,0,0,1000,1000,1000,1000,0,0,0,0,0
2025-12-15 01:01:52.304,SERVO_OUTPUT_RAW,1667509808,SERVO_OUTPUT_RAW,0,0,0,0,0,0,0,0,1000,1000,1000,1000,0,0,0,0,0
2025-12-15 01:01:52.404,SERVO_OUTPUT_RAW,1667609841,SERVO_OUTPUT_RAW,0,0,0,0,0,0,0,0,1000,1000,1000,1000,0,0,0,0,0
2025-12-15 01:01:52.505,SERVO_OUTPUT_RAW,1667709844,SERVO_OUTPUT_RAW,0,0,0,0,0,0,0,0,1000,1000,1000,1000,0,0,0,0,0
2025-12-15 01:01:52.604,SERVO_OUTPUT_RAW,1667809792,SERVO_OUTPUT_RAW,0,0,0,0,0,0,0,0,1000,1000,1000,1000,0,0,0,0,0
2025-12-15 01:01:52.704,SERVO_OUTPUT_RAW,1667909829,SERVO_OUTPUT_RAW,0,0,0,0,0,0,0,0,1000,1000,1000,1000,0,0,0,0,0
2025-12-15 01:01:52.805,SERVO_OUTPUT_RAW,1668009823,SERVO_OUTPUT_RAW,0,0,0,0,0,0,0,0,1000,1000,1000,1000,0,0,0,0,0
2025-12-15 01:01:52.904,SERVO_OUTPUT_RAW,1668109785,SERVO_OUTPUT_RAW,0,0,0,0,0,0,0,0,1000,1000,1000,1000,0,0,0,0,0
2025-12-15 01:01:53.004,SERVO_OUTPUT_RAW,1668209789,SERVO_OUTPUT_RAW,0,0,0,0,0,0,0,0,1000,1000,1000,1000,0,0,0,0,0
2025-12-15 01:01:53.105,SERVO_OUTPUT_RAW,1668309853,SERVO_OUTPUT_RAW,0,0,0,0,0,0,0,0,1000,1000,1000,1000,0,0,0,0,0
2025-12-15 01:01:53.204,SERVO_OUTPUT_RAW,1668409797,SERVO_OUTPUT_RAW,0,0,0,0,0,0,0,0,1000,1000,1000,1000,0,0,0,0,0
2025-12-15 01:01:53.304,SERVO_OUTPUT_RAW,1668509782,SERVO_OUTPUT_RAW,0,0,0,0,0,0,0,0,1000,1000,1000,1000,0,0,0,0,0
2025-12-15 01:01:53.404,SERVO_OUTPUT_RAW,1668609784,SERVO_OUTPUT_RAW,0,0,0,0,0,0,0,0,1000,1000,1000,1000,0,0,0,0,0
2025-12-15 01:01:53.504,SERVO_OUTPUT_RAW,1668709825,SERVO_OUTPUT_RAW,0,0,0,0,0,0,0,0,1000,1000,1000,1000,0,0,0,0,0
2025-12-15 01:01:53.605,SERVO_OUTPUT_RAW,1668809808,SERVO_OUTPUT_RAW,0,0,0,0,0,0,0,0,1000,1000,1000,1000,0,0,0,0,0
2025-12-15 01:01:53.704,SERVO_OUTPUT_RAW,1668909855,SERVO_OUTPUT_RAW,0,0,0,0,0,0,0,0,1000,1000,1000,1000,0,0,0,0,0
2025-12-15 01:01:53.804,SERVO_OUTPUT_RAW,1669009825,SERVO_OUTPUT_RAW,0,0,0,0,0,0,0,0,1000,1000,1000,1000,0,0,0,0,0
2025-12-15 01:01:53.904,SERVO_OUTPUT_RAW,1669109817,SERVO_OUTPUT_RAW,0,0,0,0,0,0,0,0,1000,1000,1000,1000,0,0,0,0,0
2025-12-15 01:01:54.004,SERVO_OUTPUT_RAW,1669209838,SERVO_OUTPUT_RAW,0,0,0,0,0,0,0,0,1000,1000,1000,1000,0,0,0,0,0
2025-12-15 01:01:54.104,SERVO_OUTPUT_RAW,1669309859,SERVO_OUTPUT_RAW,0,0,0,0,0,0,0,0,1000,1000,1000,1000,0,0,0,0,0
2025-12-15 01:01:54.204,SERVO_OUTPUT_RAW,1669409796,SERVO_OUTPUT_RAW,0,0,0,0,0,0,0,0,1000,1000,1000,1000,0,0,0,0,0
2025-12-15 01:01:54.305,SERVO_OUTPUT_RAW,1669509856,SERVO_OUTPUT_RAW,0,0,0,0,0,0,0,0,1000,1000,1000,1000,0,0,0,0,0
2025-12-15 01:01:54.404,SERVO_OUTPUT_RAW,1669609812,SERVO_OUTPUT_RAW,0,0,0,0,0,0,0,0,1000,1000,1000,1000,0,0,0,0,0
2025-12-15 01:01:54.504,SERVO_OUTPUT_RAW,1669709795,SERVO_OUTPUT_RAW,0,0,0,0,0,0,0,0,1000,1000,1000,1000,0,0,0,0,0
2025-12-15 01:01:54.605,SERVO_OUTPUT_RAW,1669809776,SERVO_OUTPUT_RAW,0,0,0,0,0,0,0,0,1000,1000,1000,1000,0,0,0,0,0
2025-12-15 01:01:54.705,SERVO_OUTPUT_RAW,1669909800,SERVO_OUTPUT_RAW,0,0,0,0,0,0,0,0,1000,1000,1000,1000,0,0,0,0,0
2025-12-15 01:01:54.805,SERVO_OUTPUT_RAW,1670009779,SERVO_OUTPUT_RAW,0,0,0,0,0,0,0,0,1000,1000,1000,1000,0,0,0,0,0
2025-12-15 01:01:54.910,SERVO_OUTPUT_RAW,1670109791,SERVO_OUTPUT_RAW,0,0,0,0,0,0,0,0,1000,1000,1000,1000,0,0,0,0,0
2025-12-15 01:01:55.005,SERVO_OUTPUT_RAW,1670209829,SERVO_OUTPUT_RAW,0,0,0,0,0,0,0,0,1000,1000,1000,1000,0,0,0,0,0
2025-12-15 01:01:55.105,SERVO_OUTPUT_RAW,1670312132,SERVO_OUTPUT_RAW,0,0,0,0,0,0,0,0,1000,1000,1000,1000,0,0,0,0,0
2025-12-15 01:01:55.205,SERVO_OUTPUT_RAW,1670412174,SERVO_OUTPUT_RAW,0,0,0,0,0,0,0,0,1000,1000,1000,1000,0,0,0,0,0
2025-12-15 01:01:55.305,SERVO_OUTPUT_RAW,1670509786,SERVO_OUTPUT_RAW,0,0,0,0,0,0,0,0,1000,1000,1000,1000,0,0,0,0,0
2025-12-15 01:01:55.405,SERVO_OUTPUT_RAW,1670609921,SERVO_OUTPUT_RAW,0,0,0,0,0,0,0,0,1000,1000,1000,1000,0,0,0,0,0
2025-12-15 01:01:55.505,SERVO_OUTPUT_RAW,1670709837,SERVO_OUTPUT_RAW,0,0,0,0,0,0,0,0,1000,1000,1000,1000,0,0,0,0,0
2025-12-15 01:01:55.605,SERVO_OUTPUT_RAW,1670809848,SERVO_OUTPUT_RAW,0,0,0,0,0,0,0,0,1000,1000,1000,1000,0,0,0,0,0
2025-12-15 01:01:55.705,SERVO_OUTPUT_RAW,1670909790,SERVO_OUTPUT_RAW,0,0,0,0,0,0,0,0,1000,1000,1000,1000,0,0,0,0,0
2025-12-15 01:01:55.805,SERVO_OUTPUT_RAW,1671009785,SERVO_OUTPUT_RAW,0,0,0,0,0,0,0,0,1000,1000,1000,1000,0,0,0,0,0
2025-12-15 01:01:55.905,SERVO_OUTPUT_RAW,1671109806,SERVO_OUTPUT_RAW,0,0,0,0,0,0,0,0,1000,1000,1000,1000,0,0,0,0,0
2025-12-15 01:01:56.005,SERVO_OUTPUT_RAW,1671209773,SERVO_OUTPUT_RAW,0,0,0,0,0,0,0,0,1000,1000,1000,1000,0,0,0,0,0
2025-12-15 01:01:56.105,SERVO_OUTPUT_RAW,1671309774,SERVO_OUTPUT_RAW,0,0,0,0,0,0,0,0,1000,1000,1000,1000,0,0,0,0,0
2025-12-15 01:01:56.205,SERVO_OUTPUT_RAW,1671409787,SERVO_OUTPUT_RAW,0,0,0,0,0,0,0,0,1000,1000,1000,1000,0,0,0,0,0
2025-12-15 01:01:56.305,SERVO_OUTPUT_RAW,1671509801,SERVO_OUTPUT_RAW,0,0,0,0,0,0,0,0,1000,1000,1000,1000,0,0,0,0,0
2025-12-15 01:01:56.405,SERVO_OUTPUT_RAW,1671609786,SERVO_OUTPUT_RAW,0,0,0,0,0,0,0,0,1000,1000,1000,1000,0,0,0,0,0
2025-12-15 01:01:56.504,SERVO_OUTPUT_RAW,1671709792,SERVO_OUTPUT_RAW,0,0,0,0,0,0,0,0,1000,1000,1000,1000,0,0,0,0,0
2025-12-15 01:01:56.605,SERVO_OUTPUT_RAW,1671809843,SERVO_OUTPUT_RAW,0,0,0,0,0,0,0,0,1000,1000,1000,1000,0,0,0,0,0
2025-12-15 01:01:56.704,SERVO_OUTPUT_RAW,1671909791,SERVO_OUTPUT_RAW,0,0,0,0,0,0,0,0,1000,1000,1000,1000,0,0,0,0,0
2025-12-15 01:01:56.805,SERVO_OUTPUT_RAW,1672009853,SERVO_OUTPUT_RAW,0,0,0,0,0,0,0,0,1000,1000,1000,1000,0,0,0,0,0
2025-12-15 01:01:56.904,SERVO_OUTPUT_RAW,1672109785,SERVO_OUTPUT_RAW,0,0,0,0,0,0,0,0,1000,1000,1000,1000,0,0,0,0,0
2025-12-15 01:01:57.005,SERVO_OUTPUT_RAW,1672209816,SERVO_OUTPUT_RAW,0,0,0,0,0,0,0,0,1000,1000,1000,1000,0,0,0,0,0
2025-12-15 01:01:57.105,SERVO_OUTPUT_RAW,1672309825,SERVO_OUTPUT_RAW,0,0,0,0,0,0,0,0,1000,1000,1000,1000,0,0,0,0,0
2025-12-15 01:01:57.205,SERVO_OUTPUT_RAW,1672409853,SERVO_OUTPUT_RAW,0,0,0,0,0,0,0,0,1000,1000,1000,1000,0,0,0,0,0
2025-12-15 01:01:57.305,SERVO_OUTPUT_RAW,1672509903,SERVO_OUTPUT_RAW,0,0,0,0,0,0,0,0,1000,1000,1000,1000,0,0,0,0,0
2025-12-15 01:01:57.405,SERVO_OUTPUT_RAW,1672609806,SERVO_OUTPUT_RAW,0,0,0,0,0,0,0,0,1000,1000,1000,1000,0,0,0,0,0
2025-12-15 01:01:57.505,SERVO_OUTPUT_RAW,1672709810,SERVO_OUTPUT_RAW,0,0,0,0,0,0,0,0,1000,1000,1000,1000,0,0,0,0,0
2025-12-15 01:01:57.605,SERVO_OUTPUT_RAW,1672809808,SERVO_OUTPUT_RAW,0,0,0,0,0,0,0,0,1000,1000,1000,1000,0,0,0,0,0
2025-12-15 01:01:57.705,SERVO_OUTPUT_RAW,1672909781,SERVO_OUTPUT_RAW,0,0,0,0,0,0,0,0,1000,1000,1000,1000,0,0,0,0,0
2025-12-15 01:01:57.804,SERVO_OUTPUT_RAW,1673009788,SERVO_OUTPUT_RAW,0,0,0,0,0,0,0,0,1000,1000,1000,1000,0,0,0,0,0
2025-12-15 01:01:57.904,SERVO_OUTPUT_RAW,1673109797,SERVO_OUTPUT_RAW,0,0,0,0,0,0,0,0,1000,1000,1000,1000,0,0,0,0,0
2025-12-15 01:01:58.004,SERVO_OUTPUT_RAW,1673212114,SERVO_OUTPUT_RAW,0,0,0,0,0,0,0,0,1000,1000,1000,1000,0,0,0,0,0
2025-12-15 01:01:58.104,SERVO_OUTPUT_RAW,1673309834,SERVO_OUTPUT_RAW,0,0,0,0,0,0,0,0,1000,1000,1000,1000,0,0,0,0,0
2025-12-15 01:01:58.204,SERVO_OUTPUT_RAW,1673409841,SERVO_OUTPUT_RAW,0,0,0,0,0,0,0,0,1000,1000,1000,1000,0,0,0,0,0
2025-12-15 01:01:58.304,SERVO_OUTPUT_RAW,1673509828,SERVO_OUTPUT_RAW,0,0,0,0,0,0,0,0,1000,1000,1000,1000,0,0,0,0,0
2025-12-15 01:01:58.404,SERVO_OUTPUT_RAW,1673609797,SERVO_OUTPUT_RAW,0,0,0,0,0,0,0,0,1000,1000,1000,1000,0,0,0,0,0
2025-12-15 01:01:58.504,SERVO_OUTPUT_RAW,1673709795,SERVO_OUTPUT_RAW,0,0,0,0,0,0,0,0,1000,1000,1000,1000,0,0,0,0,0
2025-12-15 01:01:58.604,SERVO_OUTPUT_RAW,1673809839,SERVO_OUTPUT_RAW,0,0,0,0,0,0,0,0,1000,1000,1000,1000,0,0,0,0,0
2025-12-15 01:01:58.704,SERVO_OUTPUT_RAW,1673909844,SERVO_OUTPUT_RAW,0,0,0,0,0,0,0,0,1000,1000,1000,1000,0,0,0,0,0
2025-12-15 01:01:58.804,SERVO_OUTPUT_RAW,1674009774,SERVO_OUTPUT_RAW,0,0,0,0,0,0,0,0,1000,1000,1000,1000,0,0,0,0,0
2025-12-15 01:01:58.904,SERVO_OUTPUT_RAW,1674109783,SERVO_OUTPUT_RAW,0,0,0,0,0,0,0,0,1000,1000,1000,1000,0,0,0,0,0
2025-12-15 01:01:59.004,SERVO_OUTPUT_RAW,1674209827,SERVO_OUTPUT_RAW,0,0,0,0,0,0,0,0,1000,1000,1000,1000,0,0,0,0,0
2025-12-15 01:01:59.104,SERVO_OUTPUT_RAW,1674309823,SERVO_OUTPUT_RAW,0,0,0,0,0,0,0,0,1000,1000,1000,1000,0,0,0,0,0
2025-12-15 01:01:59.204,SERVO_OUTPUT_RAW,1674409786,SERVO_OUTPUT_RAW,0,0,0,0,0,0,0,0,1000,1000,1000,1000,0,0,0,0,0
2025-12-15 01:01:59.304,SERVO_OUTPUT_RAW,1674509783,SERVO_OUTPUT_RAW,0,0,0,0,0,0,0,0,1000,1000,1000,1000,0,0,0,0,0
2025-12-15 01:01:59.404,SERVO_OUTPUT_RAW,1674609852,SERVO_OUTPUT_RAW,0,0,0,0,0,0,0,0,1000,1000,1000,1000,0,0,0,0,0
2025-12-15 01:01:59.504,SERVO_OUTPUT_RAW,1674709782,SERVO_OUTPUT_RAW,0,0,0,0,0,0,0,0,1000,1000,1000,1000,0,0,0,0,0
2025-12-15 01:01:59.604,SERVO_OUTPUT_RAW,1674809806,SERVO_OUTPUT_RAW,0,0,0,0,0,0,0,0,1000,1000,1000,1000,0,0,0,0,0
2025-12-15 01:01:59.704,SERVO_OUTPUT_RAW,1674909824,SERVO_OUTPUT_RAW,0,0,0,0,0,0,0,0,1000,1000,1000,1000,0,0,0,0,0
2025-12-15 01:01:59.804,SERVO_OUTPUT_RAW,1675009833,SERVO_OUTPUT_RAW,0,0,0,0,0,0,0,0,1000,1000,1000,1000,0,0,0,0,0
2025-12-15 01:01:59.904,SERVO_OUTPUT_RAW,1675112149,SERVO_OUTPUT_RAW,0,0,0,0,0,0,0,0,1000,1000,1000,1000,0,0,0,0,0
2025-12-15 01:02:00.004,SERVO_OUTPUT_RAW,1675209812,SERVO_OUTPUT_RAW,0,0,0,0,0,0,0,0,1000,1000,1000,1000,0,0,0,0,0
2025-12-15 01:02:00.104,SERVO_OUTPUT_RAW,1675309819,SERVO_OUTPUT_RAW,0,0,0,0,0,0,0,0,1000,1000,1000,1000,0,0,0,0,0
2025-12-15 01:02:00.204,SERVO_OUTPUT_RAW,1675409846,SERVO_OUTPUT_RAW,0,0,0,0,0,0,0,0,1000,1000,1000,1000,0,0,0,0,0
2025-12-15 01:02:00.304,SERVO_OUTPUT_RAW,1675509847,SERVO_OUTPUT_RAW,0,0,0,0,0,0,0,0,1000,1000,1000,1000,0,0,0,0,0
2025-12-15 01:02:00.404,SERVO_OUTPUT_RAW,1675609785,SERVO_OUTPUT_RAW,0,0,0,0,0,0,0,0,1000,1000,1000,1000,0,0,0,0,0
2025-12-15 01:02:00.504,SERVO_OUTPUT_RAW,1675709805,SERVO_OUTPUT_RAW,0,0,0,0,0,0,0,0,1000,1000,1000,1000,0,0,0,0,0
2025-12-15 01:02:00.604,SERVO_OUTPUT_RAW,1675809826,SERVO_OUTPUT_RAW,0,0,0,0,0,0,0,0,1000,1000,1000,1000,0,0,0,0,0
2025-12-15 01:02:00.704,SERVO_OUTPUT_RAW,1675909779,SERVO_OUTPUT_RAW,0,0,0,0,0,0,0,0,1000,1000,1000,1000,0,0,0,0,0
2025-12-15 01:02:00.804,SERVO_OUTPUT_RAW,1676009802,SERVO_OUTPUT_RAW,0,0,0,0,0,0,0,0,1000,1000,1000,1000,0,0,0,0,0
2025-12-15 01:02:00.904,SERVO_OUTPUT_RAW,1676109805,SERVO_OUTPUT_RAW,0,0,0,0,0,0,0,0,1000,1000,1000,1000,0,0,0,0,0
2025-12-15 01:02:01.004,SERVO_OUTPUT_RAW,1676209781,SERVO_OUTPUT_RAW,0,0,0,0,0,0,0,0,1000,1000,1000,1000,0,0,0,0,0
2025-12-15 01:02:01.105,SERVO_OUTPUT_RAW,1676309791,SERVO_OUTPUT_RAW,0,0,0,0,0,0,0,0,1000,1000,1000,1000,0,0,0,0,0
2025-12-15 01:02:01.204,SERVO_OUTPUT_RAW,1676409784,SERVO_OUTPUT_RAW,0,0,0,0,0,0,0,0,1000,1000,1000,1000,0,0,0,0,0
2025-12-15 01:02:01.304,SERVO_OUTPUT_RAW,1676509820,SERVO_OUTPUT_RAW,0,0,0,0,0,0,0,0,1000,1000,1000,1000,0,0,0,0,0
2025-12-15 01:02:01.404,SERVO_OUTPUT_RAW,1676609838,SERVO_OUTPUT_RAW,0,0,0,0,0,0,0,0,1000,1000,1000,1000,0,0,0,0,0
2025-12-15 01:02:01.504,SERVO_OUTPUT_RAW,1676712163,SERVO_OUTPUT_RAW,0,0,0,0,0,0,0,0,1000,1000,1000,1000,0,0,0,0,0
2025-12-15 01:02:01.604,SERVO_OUTPUT_RAW,1676809829,SERVO_OUTPUT_RAW,0,0,0,0,0,0,0,0,1000,1000,1000,1000,0,0,0,0,0
2025-12-15 01:02:01.704,SERVO_OUTPUT_RAW,1676909826,SERVO_OUTPUT_RAW,0,0,0,0,0,0,0,0,1000,1000,1000,1000,0,0,0,0,0
2025-12-15 01:02:01.804,SERVO_OUTPUT_RAW,1677009843,SERVO_OUTPUT_RAW,0,0,0,0,0,0,0,0,1000,1000,1000,1000,0,0,0,0,0
2025-12-15 01:02:01.904,SERVO_OUTPUT_RAW,1677109856,SERVO_OUTPUT_RAW,0,0,0,0,0,0,0,0,1000,1000,1000,1000,0,0,0,0,0
2025-12-15 01:02:02.005,SERVO_OUTPUT_RAW,1677209785,SERVO_OUTPUT_RAW,0,0,0,0,0,0,0,0,1000,1000,1000,1000,0,0,0,0,0
2025-12-15 01:02:02.105,SERVO_OUTPUT_RAW,1677309820,SERVO_OUTPUT_RAW,0,0,0,0,0,0,0,0,1000,1000,1000,1000,0,0,0,0,0
2025-12-15 01:02:02.205,SERVO_OUTPUT_RAW,1677409837,SERVO_OUTPUT_RAW,0,0,0,0,0,0,0,0,1000,1000,1000,1000,0,0,0,0,0
2025-12-15 01:02:02.304,SERVO_OUTPUT_RAW,1677509781,SERVO_OUTPUT_RAW,0,0,0,0,0,0,0,0,1000,1000,1000,1000,0,0,0,0,0
2025-12-15 01:02:02.406,SERVO_OUTPUT_RAW,1677609780,SERVO_OUTPUT_RAW,0,0,0,0,0,0,0,0,1000,1000,1000,1000,0,0,0,0,0
2025-12-15 01:02:02.505,SERVO_OUTPUT_RAW,1677709811,SERVO_OUTPUT_RAW,0,0,0,0,0,0,0,0,1000,1000,1000,1000,0,0,0,0,0
2025-12-15 01:02:02.605,SERVO_OUTPUT_RAW,1677809804,SERVO_OUTPUT_RAW,0,0,0,0,0,0,0,0,1000,1000,1000,1000,0,0,0,0,0
2025-12-15 01:02:02.705,SERVO_OUTPUT_RAW,1677909782,SERVO_OUTPUT_RAW,0,0,0,0,0,0,0,0,1000,1000,1000,1000,0,0,0,0,0
2025-12-15 01:02:02.805,SERVO_OUTPUT_RAW,1678009812,SERVO_OUTPUT_RAW,0,0,0,0,0,0,0,0,1000,1000,1000,1000,0,0,0,0,0
2025-12-15 01:02:02.905,SERVO_OUTPUT_RAW,1678109823,SERVO_OUTPUT_RAW,0,0,0,0,0,0,0,0,1000,1000,1000,1000,0,0,0,0,0
2025-12-15 01:02:03.005,SERVO_OUTPUT_RAW,1678209840,SERVO_OUTPUT_RAW,0,0,0,0,0,0,0,0,1000,1000,1000,1000,0,0,0,0,0
2025-12-15 01:02:03.105,SERVO_OUTPUT_RAW,1678309813,SERVO_OUTPUT_RAW,0,0,0,0,0,0,0,0,1000,1000,1000,1000,0,0,0,0,0
2025-12-15 01:02:03.205,SERVO_OUTPUT_RAW,1678409821,SERVO_OUTPUT_RAW,0,0,0,0,0,0,0,0,1000,1000,1000,1000,0,0,0,0,0
2025-12-15 01:02:03.305,SERVO_OUTPUT_RAW,1678509833,SERVO_OUTPUT_RAW,0,0,0,0,0,0,0,0,1000,1000,1000,1000,0,0,0,0,0
2025-12-15 01:02:03.405,SERVO_OUTPUT_RAW,1678609860,SERVO_OUTPUT_RAW,0,0,0,0,0,0,0,0,1000,1000,1000,1000,0,0,0,0,0
2025-12-15 01:02:03.505,SERVO_OUTPUT_RAW,1678709793,SERVO_OUTPUT_RAW,0,0,0,0,0,0,0,0,1000,1000,1000,1000,0,0,0,0,0
2025-12-15 01:02:03.605,SERVO_OUTPUT_RAW,1678809920,SERVO_OUTPUT_RAW,0,0,0,0,0,0,0,0,1000,1000,1000,1000,0,0,0,0,0
2025-12-15 01:02:03.705,SERVO_OUTPUT_RAW,1678909805,SERVO_OUTPUT_RAW,0,0,0,0,0,0,0,0,1000,1000,1000,1000,0,0,0,0,0
2025-12-15 01:02:03.805,SERVO_OUTPUT_RAW,1679009841,SERVO_OUTPUT_RAW,0,0,0,0,0,0,0,0,1000,1000,1000,1000,0,0,0,0,0
2025-12-15 01:02:03.905,SERVO_OUTPUT_RAW,1679109806,SERVO_OUTPUT_RAW,0,0,0,0,0,0,0,0,1000,1000,1000,1000,0,0,0,0,0
2025-12-15 01:02:04.005,SERVO_OUTPUT_RAW,1679209787,SERVO_OUTPUT_RAW,0,0,0,0,0,0,0,0,1000,1000,1000,1000,0,0,0,0,0
2025-12-15 01:02:04.105,SERVO_OUTPUT_RAW,1679309804,SERVO_OUTPUT_RAW,0,0,0,0,0,0,0,0,1000,1000,1000,1000,0,0,0,0,0
2025-12-15 01:02:04.205,SERVO_OUTPUT_RAW,1679409791,SERVO_OUTPUT_RAW,0,0,0,0,0,0,0,0,1000,1000,1000,1000,0,0,0,0,0
2025-12-15 01:02:04.305,SERVO_OUTPUT_RAW,1679509785,SERVO_OUTPUT_RAW,0,0,0,0,0,0,0,0,1000,1000,1000,1000,0,0,0,0,0
2025-12-15 01:02:04.405,SERVO_OUTPUT_RAW,1679609834,SERVO_OUTPUT_RAW,0,0,0,0,0,0,0,0,1000,1000,1000,1000,0,0,0,0,0
2025-12-15 01:02:04.505,SERVO_OUTPUT_RAW,1679709827,SERVO_OUTPUT_RAW,0,0,0,0,0,0,0,0,1000,1000,1000,1000,0,0,0,0,0
2025-12-15 01:02:04.605,SERVO_OUTPUT_RAW,1679809820,SERVO_OUTPUT_RAW,0,0,0,0,0,0,0,0,1000,1000,1000,1000,0,0,0,0,0
2025-12-15 01:02:04.705,SERVO_OUTPUT_RAW,1679909787,SERVO_OUTPUT_RAW,0,0,0,0,0,0,0,0,1000,1000,1000,1000,0,0,0,0,0
2025-12-15 01:02:04.805,SERVO_OUTPUT_RAW,1680009822,SERVO_OUTPUT_RAW,0,0,0,0,0,0,0,0,1000,1000,1000,1000,0,0,0,0,0
2025-12-15 01:02:04.905,SERVO_OUTPUT_RAW,1680109851,SERVO_OUTPUT_RAW,0,0,0,0,0,0,0,0,1000,1000,1000,1000,0,0,0,0,0
2025-12-15 01:02:05.005,SERVO_OUTPUT_RAW,1680209818,SERVO_OUTPUT_RAW,0,0,0,0,0,0,0,0,1000,1000,1000,1000,0,0,0,0,0
2025-12-15 01:02:05.105,SERVO_OUTPUT_RAW,1680309799,SERVO_OUTPUT_RAW,0,0,0,0,0,0,0,0,1000,1000,1000,1000,0,0,0,0,0
2025-12-15 01:02:05.205,SERVO_OUTPUT_RAW,1680409821,SERVO_OUTPUT_RAW,0,0,0,0,0,0,0,0,1000,1000,1000,1000,0,0,0,0,0
2025-12-15 01:02:05.305,SERVO_OUTPUT_RAW,1680509831,SERVO_OUTPUT_RAW,0,0,0,0,0,0,0,0,1000,1000,1000,1000,0,0,0,0,0
2025-12-15 01:02:05.405,SERVO_OUTPUT_RAW,1680609836,SERVO_OUTPUT_RAW,0,0,0,0,0,0,0,0,1000,1000,1000,1000,0,0,0,0,0
2025-12-15 01:02:05.505,SERVO_OUTPUT_RAW,1680709787,SERVO_OUTPUT_RAW,0,0,0,0,0,0,0,0,1000,1000,1000,1000,0,0,0,0,0
2025-12-15 01:02:05.605,SERVO_OUTPUT_RAW,1680809796,SERVO_OUTPUT_RAW,0,0,0,0,0,0,0,0,1000,1000,1000,1000,0,0,0,0,0
2025-12-15 01:02:05.705,SERVO_OUTPUT_RAW,1680909857,SERVO_OUTPUT_RAW,0,0,0,0,0,0,0,0,1000,1000,1000,1000,0,0,0,0,0
2025-12-15 01:02:05.805,SERVO_OUTPUT_RAW,1681009781,SERVO_OUTPUT_RAW,0,0,0,0,0,0,0,0,1000,1000,1000,1000,0,0,0,0,0
2025-12-15 01:02:05.905,SERVO_OUTPUT_RAW,1681109805,SERVO_OUTPUT_RAW,0,0,0,0,0,0,0,0,1000,1000,1000,1000,0,0,0,0,0
2025-12-15 01:02:06.005,SERVO_OUTPUT_RAW,1681209838,SERVO_OUTPUT_RAW,0,0,0,0,0,0,0,0,1000,1000,1000,1000,0,0,0,0,0
2025-12-15 01:02:06.105,SERVO_OUTPUT_RAW,1681309843,SERVO_OUTPUT_RAW,0,0,0,0,0,0,0,0,1000,1000,1000,1000,0,0,0,0,0
2025-12-15 01:02:06.205,SERVO_OUTPUT_RAW,1681412129,SERVO_OUTPUT_RAW,0,0,0,0,0,0,0,0,1000,1000,1000,1000,0,0,0,0,0
2025-12-15 01:02:06.305,SERVO_OUTPUT_RAW,1681509825,SERVO_OUTPUT_RAW,0,0,0,0,0,0,0,0,1000,1000,1000,1000,0,0,0,0,0
2025-12-15 01:02:06.405,SERVO_OUTPUT_RAW,1681609814,SERVO_OUTPUT_RAW,0,0,0,0,0,0,0,0,1000,1000,1000,1000,0,0,0,0,0
2025-12-15 01:02:06.505,SERVO_OUTPUT_RAW,1681709841,SERVO_OUTPUT_RAW,0,0,0,0,0,0,0,0,1000,1000,1000,1000,0,0,0,0,0
2025-12-15 01:02:06.605,SERVO_OUTPUT_RAW,1681809788,SERVO_OUTPUT_RAW,0,0,0,0,0,0,0,0,1000,1000,1000,1000,0,0,0,0,0
2025-12-15 01:02:06.705,SERVO_OUTPUT_RAW,1681909796,SERVO_OUTPUT_RAW,0,0,0,0,0,0,0,0,1000,1000,1000,1000,0,0,0,0,0
2025-12-15 01:02:06.805,SERVO_OUTPUT_RAW,1682009835,SERVO_OUTPUT_RAW,0,0,0,0,0,0,0,0,1000,1000,1000,1000,0,0,0,0,0
2025-12-15 01:02:06.905,SERVO_OUTPUT_RAW,1682109809,SERVO_OUTPUT_RAW,0,0,0,0,0,0,0,0,1000,1000,1000,1000,0,0,0,0,0
2025-12-15 01:02:07.005,SERVO_OUTPUT_RAW,1682209784,SERVO_OUTPUT_RAW,0,0,0,0,0,0,0,0,1000,1000,1000,1000,0,0,0,0,0
2025-12-15 01:02:07.104,SERVO_OUTPUT_RAW,1682309808,SERVO_OUTPUT_RAW,0,0,0,0,0,0,0,0,1000,1000,1000,1000,0,0,0,0,0
2025-12-15 01:02:07.204,SERVO_OUTPUT_RAW,1682409789,SERVO_OUTPUT_RAW,0,0,0,0,0,0,0,0,1000,1000,1000,1000,0,0,0,0,0
2025-12-15 01:02:07.304,SERVO_OUTPUT_RAW,1682509787,SERVO_OUTPUT_RAW,0,0,0,0,0,0,0,0,1000,1000,1000,1000,0,0,0,0,0
2025-12-15 01:02:07.404,SERVO_OUTPUT_RAW,1682609782,SERVO_OUTPUT_RAW,0,0,0,0,0,0,0,0,1000,1000,1000,1000,0,0,0,0,0
2025-12-15 01:02:07.507,SERVO_OUTPUT_RAW,1682709831,SERVO_OUTPUT_RAW,0,0,0,0,0,0,0,0,1000,1000,1000,1000,0,0,0,0,0
2025-12-15 01:02:07.604,SERVO_OUTPUT_RAW,1682812135,SERVO_OUTPUT_RAW,0,0,0,0,0,0,0,0,1000,1000,1000,1000,0,0,0,0,0
2025-12-15 01:02:07.704,SERVO_OUTPUT_RAW,1682909814,SERVO_OUTPUT_RAW,0,0,0,0,0,0,0,0,1000,1000,1000,1000,0,0,0,0,0
2025-12-15 01:02:07.805,SERVO_OUTPUT_RAW,1683012189,SERVO_OUTPUT_RAW,0,0,0,0,0,0,0,0,1000,1000,1000,1000,0,0,0,0,0
2025-12-15 01:02:07.904,SERVO_OUTPUT_RAW,1683109815,SERVO_OUTPUT_RAW,0,0,0,0,0,0,0,0,1000,1000,1000,1000,0,0,0,0,0
2025-12-15 01:02:08.004,SERVO_OUTPUT_RAW,1683209844,SERVO_OUTPUT_RAW,0,0,0,0,0,0,0,0,1000,1000,1000,1000,0,0,0,0,0
2025-12-15 01:02:08.104,SERVO_OUTPUT_RAW,1683309841,SERVO_OUTPUT_RAW,0,0,0,0,0,0,0,0,1000,1000,1000,1000,0,0,0,0,0
2025-12-15 01:02:08.204,SERVO_OUTPUT_RAW,1683409773,SERVO_OUTPUT_RAW,0,0,0,0,0,0,0,0,1000,1000,1000,1000,0,0,0,0,0
2025-12-15 01:02:08.304,SERVO_OUTPUT_RAW,1683509811,SERVO_OUTPUT_RAW,0,0,0,0,0,0,0,0,1000,1000,1000,1000,0,0,0,0,0
2025-12-15 01:02:08.404,SERVO_OUTPUT_RAW,1683609815,SERVO_OUTPUT_RAW,0,0,0,0,0,0,0,0,1000,1000,1000,1000,0,0,0,0,0
2025-12-15 01:02:08.504,SERVO_OUTPUT_RAW,1683709798,SERVO_OUTPUT_RAW,0,0,0,0,0,0,0,0,1000,1000,1000,1000,0,0,0,0,0
2025-12-15 01:02:08.604,SERVO_OUTPUT_RAW,1683809780,SERVO_OUTPUT_RAW,0,0,0,0,0,0,0,0,1000,1000,1000,1000,0,0,0,0,0
2025-12-15 01:02:08.704,SERVO_OUTPUT_RAW,1683909797,SERVO_OUTPUT_RAW,0,0,0,0,0,0,0,0,1000,1000,1000,1000,0,0,0,0,0
2025-12-15 01:02:08.804,SERVO_OUTPUT_RAW,1684009791,SERVO_OUTPUT_RAW,0,0,0,0,0,0,0,0,1000,1000,1000,1000,0,0,0,0,0
2025-12-15 01:02:08.904,SERVO_OUTPUT_RAW,1684109812,SERVO_OUTPUT_RAW,0,0,0,0,0,0,0,0,1000,1000,1000,1000,0,0,0,0,0
2025-12-15 01:02:09.005,SERVO_OUTPUT_RAW,1684209815,SERVO_OUTPUT_RAW,0,0,0,0,0,0,0,0,1000,1000,1000,1000,0,0,0,0,0
2025-12-15 01:02:09.105,SERVO_OUTPUT_RAW,1684309817,SERVO_OUTPUT_RAW,0,0,0,0,0,0,0,0,1000,1000,1000,1000,0,0,0,0,0
2025-12-15 01:02:09.205,SERVO_OUTPUT_RAW,1684409828,SERVO_OUTPUT_RAW,0,0,0,0,0,0,0,0,1000,1000,1000,1000,0,0,0,0,0
2025-12-15 01:02:09.304,SERVO_OUTPUT_RAW,1684509780,SERVO_OUTPUT_RAW,0,0,0,0,0,0,0,0,1000,1000,1000,1000,0,0,0,0,0
2025-12-15 01:02:09.404,SERVO_OUTPUT_RAW,1684609790,SERVO_OUTPUT_RAW,0,0,0,0,0,0,0,0,1000,1000,1000,1000,0,0,0,0,0
2025-12-15 01:02:09.504,SERVO_OUTPUT_RAW,1684709816,SERVO_OUTPUT_RAW,0,0,0,0,0,0,0,0,1000,1000,1000,1000,0,0,0,0,0
2025-12-15 01:02:09.604,SERVO_OUTPUT_RAW,1684809867,SERVO_OUTPUT_RAW,0,0,0,0,0,0,0,0,1000,1000,1000,1000,0,0,0,0,0
2025-12-15 01:02:09.705,SERVO_OUTPUT_RAW,1684909791,SERVO_OUTPUT_RAW,0,0,0,0,0,0,0,0,1000,1000,1000,1000,0,0,0,0,0
2025-12-15 01:02:09.805,SERVO_OUTPUT_RAW,1685009805,SERVO_OUTPUT_RAW,0,0,0,0,0,0,0,0,1000,1000,1000,1000,0,0,0,0,0
2025-12-15 01:02:09.906,SERVO_OUTPUT_RAW,1685109929,SERVO_OUTPUT_RAW,0,0,0,0,0,0,0,0,1000,1000,1000,1000,0,0,0,0,0
2025-12-15 01:02:10.005,SERVO_OUTPUT_RAW,1685209842,SERVO_OUTPUT_RAW,0,0,0,0,0,0,0,0,1000,1000,1000,1000,0,0,0,0,0
2025-12-15 01:02:10.105,SERVO_OUTPUT_RAW,1685309791,SERVO_OUTPUT_RAW,0,0,0,0,0,0,0,0,1000,1000,1000,1000,0,0,0,0,0
2025-12-15 01:02:10.205,SERVO_OUTPUT_RAW,1685409785,SERVO_OUTPUT_RAW,0,0,0,0,0,0,0,0,1000,1000,1000,1000,0,0,0,0,0
2025-12-15 01:02:10.304,SERVO_OUTPUT_RAW,1685509798,SERVO_OUTPUT_RAW,0,0,0,0,0,0,0,0,1000,1000,1000,1000,0,0,0,0,0
2025-12-15 01:02:10.405,SERVO_OUTPUT_RAW,1685609775,SERVO_OUTPUT_RAW,0,0,0,0,0,0,0,0,1000,1000,1000,1000,0,0,0,0,0
2025-12-15 01:02:10.505,SERVO_OUTPUT_RAW,1685709780,SERVO_OUTPUT_RAW,0,0,0,0,0,0,0,0,1000,1000,1000,1000,0,0,0,0,0
2025-12-15 01:02:10.605,SERVO_OUTPUT_RAW,1685812143,SERVO_OUTPUT_RAW,0,0,0,0,0,0,0,0,1000,1000,1000,1000,0,0,0,0,0
2025-12-15 01:02:10.705,SERVO_OUTPUT_RAW,1685909830,SERVO_OUTPUT_RAW,0,0,0,0,0,0,0,0,1000,1000,1000,1000,0,0,0,0,0
2025-12-15 01:02:10.805,SERVO_OUTPUT_RAW,1686009825,SERVO_OUTPUT_RAW,0,0,0,0,0,0,0,0,1000,1000,1000,1000,0,0,0,0,0
2025-12-15 01:02:10.905,SERVO_OUTPUT_RAW,1686109805,SERVO_OUTPUT_RAW,0,0,0,0,0,0,0,0,1000,1000,1000,1000,0,0,0,0,0
2025-12-15 01:02:11.005,SERVO_OUTPUT_RAW,1686209803,SERVO_OUTPUT_RAW,0,0,0,0,0,0,0,0,1000,1000,1000,1000,0,0,0,0,0
2025-12-15 01:02:11.105,SERVO_OUTPUT_RAW,1686309848,SERVO_OUTPUT_RAW,0,0,0,0,0,0,0,0,1000,1000,1000,1000,0,0,0,0,0
2025-12-15 01:02:11.205,SERVO_OUTPUT_RAW,1686409874,SERVO_OUTPUT_RAW,0,0,0,0,0,0,0,0,1000,1000,1000,1000,0,0,0,0,0
2025-12-15 01:02:11.305,SERVO_OUTPUT_RAW,1686509788,SERVO_OUTPUT_RAW,0,0,0,0,0,0,0,0,1000,1000,1000,1000,0,0,0,0,0
2025-12-15 01:02:11.405,SERVO_OUTPUT_RAW,1686609792,SERVO_OUTPUT_RAW,0,0,0,0,0,0,0,0,1000,1000,1000,1000,0,0,0,0,0
2025-12-15 01:02:11.505,SERVO_OUTPUT_RAW,1686709818,SERVO_OUTPUT_RAW,0,0,0,0,0,0,0,0,1000,1000,1000,1000,0,0,0,0,0
2025-12-15 01:02:11.605,SERVO_OUTPUT_RAW,1686809834,SERVO_OUTPUT_RAW,0,0,0,0,0,0,0,0,1000,1000,1000,1000,0,0,0,0,0
2025-12-15 01:02:11.705,SERVO_OUTPUT_RAW,1686909776,SERVO_OUTPUT_RAW,0,0,0,0,0,0,0,0,1000,1000,1000,1000,0,0,0,0,0
2025-12-15 01:02:11.805,SERVO_OUTPUT_RAW,1687009778,SERVO_OUTPUT_RAW,0,0,0,0,0,0,0,0,1000,1000,1000,1000,0,0,0,0,0
2025-12-15 01:02:11.905,SERVO_OUTPUT_RAW,1687109784,SERVO_OUTPUT_RAW,0,0,0,0,0,0,0,0,1000,1000,1000,1000,0,0,0,0,0
2025-12-15 01:02:12.005,SERVO_OUTPUT_RAW,1687209849,SERVO_OUTPUT_RAW,0,0,0,0,0,0,0,0,1000,1000,1000,1000,0,0,0,0,0
2025-12-15 01:02:12.105,SERVO_OUTPUT_RAW,1687309799,SERVO_OUTPUT_RAW,0,0,0,0,0,0,0,0,1000,1000,1000,1000,0,0,0,0,0
2025-12-15 01:02:12.205,SERVO_OUTPUT_RAW,1687412142,SERVO_OUTPUT_RAW,0,0,0,0,0,0,0,0,1000,1000,1000,1000,0,0,0,0,0
2025-12-15 01:02:12.305,SERVO_OUTPUT_RAW,1687509830,SERVO_OUTPUT_RAW,0,0,0,0,0,0,0,0,1000,1000,1000,1000,0,0,0,0,0
2025-12-15 01:02:12.406,SERVO_OUTPUT_RAW,1687609852,SERVO_OUTPUT_RAW,0,0,0,0,0,0,0,0,1000,1000,1000,1000,0,0,0,0,0
2025-12-15 01:02:12.505,SERVO_OUTPUT_RAW,1687709919,SERVO_OUTPUT_RAW,0,0,0,0,0,0,0,0,1000,1000,1000,1000,0,0,0,0,0
2025-12-15 01:02:12.605,SERVO_OUTPUT_RAW,1687809808,SERVO_OUTPUT_RAW,0,0,0,0,0,0,0,0,1000,1000,1000,1000,0,0,0,0,0
2025-12-15 01:02:12.705,SERVO_OUTPUT_RAW,1687909835,SERVO_OUTPUT_RAW,0,0,0,0,0,0,0,0,1000,1000,1000,1000,0,0,0,0,0
2025-12-15 01:02:12.805,SERVO_OUTPUT_RAW,1688009773,SERVO_OUTPUT_RAW,0,0,0,0,0,0,0,0,1000,1000,1000,1000,0,0,0,0,0
2025-12-15 01:02:12.905,SERVO_OUTPUT_RAW,1688109775,SERVO_OUTPUT_RAW,0,0,0,0,0,0,0,0,1000,1000,1000,1000,0,0,0,0,0
2025-12-15 01:02:13.005,SERVO_OUTPUT_RAW,1688209812,SERVO_OUTPUT_RAW,0,0,0,0,0,0,0,0,1000,1000,1000,1000,0,0,0,0,0
2025-12-15 01:02:13.105,SERVO_OUTPUT_RAW,1688309829,SERVO_OUTPUT_RAW,0,0,0,0,0,0,0,0,1000,1000,1000,1000,0,0,0,0,0
2025-12-15 01:02:13.205,SERVO_OUTPUT_RAW,1688409789,SERVO_OUTPUT_RAW,0,0,0,0,0,0,0,0,1000,1000,1000,1000,0,0,0,0,0
2025-12-15 01:02:13.305,SERVO_OUTPUT_RAW,1688509793,SERVO_OUTPUT_RAW,0,0,0,0,0,0,0,0,1000,1000,1000,1000,0,0,0,0,0
2025-12-15 01:02:13.405,SERVO_OUTPUT_RAW,1688609800,SERVO_OUTPUT_RAW,0,0,0,0,0,0,0,0,1000,1000,1000,1000,0,0,0,0,0
2025-12-15 01:02:13.505,SERVO_OUTPUT_RAW,1688709810,SERVO_OUTPUT_RAW,0,0,0,0,0,0,0,0,1000,1000,1000,1000,0,0,0,0,0
2025-12-15 01:02:13.605,SERVO_OUTPUT_RAW,1688809794,SERVO_OUTPUT_RAW,0,0,0,0,0,0,0,0,1000,1000,1000,1000,0,0,0,0,0
2025-12-15 01:02:13.705,SERVO_OUTPUT_RAW,1688909787,SERVO_OUTPUT_RAW,0,0,0,0,0,0,0,0,1000,1000,1000,1000,0,0,0,0,0
2025-12-15 01:02:13.805,SERVO_OUTPUT_RAW,1689009833,SERVO_OUTPUT_RAW,0,0,0,0,0,0,0,0,1000,1000,1000,1000,0,0,0,0,0
2025-12-15 01:02:13.905,SERVO_OUTPUT_RAW,1689109839,SERVO_OUTPUT_RAW,0,0,0,0,0,0,0,0,1000,1000,1000,1000,0,0,0,0,0
2025-12-15 01:02:14.005,SERVO_OUTPUT_RAW,1689209851,SERVO_OUTPUT_RAW,0,0,0,0,0,0,0,0,1000,1000,1000,1000,0,0,0,0,0
2025-12-15 01:02:14.105,SERVO_OUTPUT_RAW,1689312171,SERVO_OUTPUT_RAW,0,0,0,0,0,0,0,0,1000,1000,1000,1000,0,0,0,0,0
2025-12-15 01:02:14.205,SERVO_OUTPUT_RAW,1689409818,SERVO_OUTPUT_RAW,0,0,0,0,0,0,0,0,1000,1000,1000,1000,0,0,0,0,0
2025-12-15 01:02:14.305,SERVO_OUTPUT_RAW,1689509849,SERVO_OUTPUT_RAW,0,0,0,0,0,0,0,0,1000,1000,1000,1000,0,0,0,0,0
2025-12-15 01:02:14.405,SERVO_OUTPUT_RAW,1689609781,SERVO_OUTPUT_RAW,0,0,0,0,0,0,0,0,1000,1000,1000,1000,0,0,0,0,0
2025-12-15 01:02:14.505,SERVO_OUTPUT_RAW,1689709791,SERVO_OUTPUT_RAW,0,0,0,0,0,0,0,0,1000,1000,1000,1000,0,0,0,0,0
2025-12-15 01:02:14.605,SERVO_OUTPUT_RAW,1689809829,SERVO_OUTPUT_RAW,0,0,0,0,0,0,0,0,1000,1000,1000,1000,0,0,0,0,0
2025-12-15 01:02:14.705,SERVO_OUTPUT_RAW,1689909821,SERVO_OUTPUT_RAW,0,0,0,0,0,0,0,0,1000,1000,1000,1000,0,0,0,0,0
2025-12-15 01:02:14.805,SERVO_OUTPUT_RAW,1690009792,SERVO_OUTPUT_RAW,0,0,0,0,0,0,0,0,1000,1000,1000,1000,0,0,0,0,0
2025-12-15 01:02:14.905,SERVO_OUTPUT_RAW,1690109788,SERVO_OUTPUT_RAW,0,0,0,0,0,0,0,0,1000,1000,1000,1000,0,0,0,0,0
2025-12-15 01:02:15.005,SERVO_OUTPUT_RAW,1690209794,SERVO_OUTPUT_RAW,0,0,0,0,0,0,0,0,1000,1000,1000,1000,0,0,0,0,0
2025-12-15 01:02:15.105,SERVO_OUTPUT_RAW,1690309801,SERVO_OUTPUT_RAW,0,0,0,0,0,0,0,0,1000,1000,1000,1000,0,0,0,0,0
2025-12-15 01:02:15.205,SERVO_OUTPUT_RAW,1690409796,SERVO_OUTPUT_RAW,0,0,0,0,0,0,0,0,1000,1000,1000,1000,0,0,0,0,0
2025-12-15 01:02:15.309,SERVO_OUTPUT_RAW,1690509801,SERVO_OUTPUT_RAW,0,0,0,0,0,0,0,0,1000,1000,1000,1000,0,0,0,0,0
2025-12-15 01:02:15.405,SERVO_OUTPUT_RAW,1690609863,SERVO_OUTPUT_RAW,0,0,0,0,0,0,0,0,1000,1000,1000,1000,0,0,0,0,0
2025-12-15 01:02:15.505,SERVO_OUTPUT_RAW,1690709868,SERVO_OUTPUT_RAW,0,0,0,0,0,0,0,0,1000,1000,1000,1000,0,0,0,0,0
2025-12-15 01:02:15.605,SERVO_OUTPUT_RAW,1690809816,SERVO_OUTPUT_RAW,0,0,0,0,0,0,0,0,1000,1000,1000,1000,0,0,0,0,0
2025-12-15 01:02:15.705,SERVO_OUTPUT_RAW,1690909814,SERVO_OUTPUT_RAW,0,0,0,0,0,0,0,0,1000,1000,1000,1000,0,0,0,0,0
2025-12-15 01:02:15.805,SERVO_OUTPUT_RAW,1691009829,SERVO_OUTPUT_RAW,0,0,0,0,0,0,0,0,1000,1000,1000,1000,0,0,0,0,0
2025-12-15 01:02:15.905,SERVO_OUTPUT_RAW,1691109843,SERVO_OUTPUT_RAW,0,0,0,0,0,0,0,0,1000,1000,1000,1000,0,0,0,0,0
2025-12-15 01:02:16.005,SERVO_OUTPUT_RAW,1691209787,SERVO_OUTPUT_RAW,0,0,0,0,0,0,0,0,1000,1000,1000,1000,0,0,0,0,0
2025-12-15 01:02:16.105,SERVO_OUTPUT_RAW,1691309805,SERVO_OUTPUT_RAW,0,0,0,0,0,0,0,0,1000,1000,1000,1000,0,0,0,0,0
2025-12-15 01:02:16.205,SERVO_OUTPUT_RAW,1691409875,SERVO_OUTPUT_RAW,0,0,0,0,0,0,0,0,1000,1000,1000,1000,0,0,0,0,0
2025-12-15 01:02:16.305,SERVO_OUTPUT_RAW,1691509777,SERVO_OUTPUT_RAW,0,0,0,0,0,0,0,0,1000,1000,1000,1000,0,0,0,0,0
2025-12-15 01:02:16.404,SERVO_OUTPUT_RAW,1691609773,SERVO_OUTPUT_RAW,0,0,0,0,0,0,0,0,1000,1000,1000,1000,0,0,0,0,0
2025-12-15 01:02:16.505,SERVO_OUTPUT_RAW,1691709789,SERVO_OUTPUT_RAW,0,0,0,0,0,0,0,0,1000,1000,1000,1000,0,0,0,0,0
2025-12-15 01:02:16.606,SERVO_OUTPUT_RAW,1691809806,SERVO_OUTPUT_RAW,0,0,0,0,0,0,0,0,1000,1000,1000,1000,0,0,0,0,0
2025-12-15 01:02:16.705,SERVO_OUTPUT_RAW,1691909787,SERVO_OUTPUT_RAW,0,0,0,0,0,0,0,0,1000,1000,1000,1000,0,0,0,0,0
2025-12-15 01:02:16.804,SERVO_OUTPUT_RAW,1692012144,SERVO_OUTPUT_RAW,0,0,0,0,0,0,0,0,1000,1000,1000,1000,0,0,0,0,0
2025-12-15 01:02:16.905,SERVO_OUTPUT_RAW,1692109801,SERVO_OUTPUT_RAW,0,0,0,0,0,0,0,0,1000,1000,1000,1000,0,0,0,0,0
2025-12-15 01:02:17.005,SERVO_OUTPUT_RAW,1692212136,SERVO_OUTPUT_RAW,0,0,0,0,0,0,0,0,1000,1000,1000,1000,0,0,0,0,0
2025-12-15 01:02:17.105,SERVO_OUTPUT_RAW,1692309805,SERVO_OUTPUT_RAW,0,0,0,0,0,0,0,0,1000,1000,1000,1000,0,0,0,0,0
2025-12-15 01:02:17.205,SERVO_OUTPUT_RAW,1692409786,SERVO_OUTPUT_RAW,0,0,0,0,0,0,0,0,1000,1000,1000,1000,0,0,0,0,0
2025-12-15 01:02:17.305,SERVO_OUTPUT_RAW,1692509821,SERVO_OUTPUT_RAW,0,0,0,0,0,0,0,0,1000,1000,1000,1000,0,0,0,0,0
2025-12-15 01:02:17.405,SERVO_OUTPUT_RAW,1692609841,SERVO_OUTPUT_RAW,0,0,0,0,0,0,0,0,1000,1000,1000,1000,0,0,0,0,0
2025-12-15 01:02:17.505,SERVO_OUTPUT_RAW,1692709833,SERVO_OUTPUT_RAW,0,0,0,0,0,0,0,0,1000,1000,1000,1000,0,0,0,0,0
2025-12-15 01:02:17.605,SERVO_OUTPUT_RAW,1692809789,SERVO_OUTPUT_RAW,0,0,0,0,0,0,0,0,1000,1000,1000,1000,0,0,0,0,0
2025-12-15 01:02:17.705,SERVO_OUTPUT_RAW,1692909805,SERVO_OUTPUT_RAW,0,0,0,0,0,0,0,0,1000,1000,1000,1000,0,0,0,0,0
2025-12-15 01:02:17.805,SERVO_OUTPUT_RAW,1693009810,SERVO_OUTPUT_RAW,0,0,0,0,0,0,0,0,1000,1000,1000,1000,0,0,0,0,0
2025-12-15 01:02:17.905,SERVO_OUTPUT_RAW,1693109811,SERVO_OUTPUT_RAW,0,0,0,0,0,0,0,0,1000,1000,1000,1000,0,0,0,0,0
2025-12-15 01:02:18.005,SERVO_OUTPUT_RAW,1693209808,SERVO_OUTPUT_RAW,0,0,0,0,0,0,0,0,1000,1000,1000,1000,0,0,0,0,0
2025-12-15 01:02:18.105,SERVO_OUTPUT_RAW,1693309788,SERVO_OUTPUT_RAW,0,0,0,0,0,0,0,0,1000,1000,1000,1000,0,0,0,0,0
2025-12-15 01:02:18.205,SERVO_OUTPUT_RAW,1693409786,SERVO_OUTPUT_RAW,0,0,0,0,0,0,0,0,1000,1000,1000,1000,0,0,0,0,0
2025-12-15 01:02:18.305,SERVO_OUTPUT_RAW,1693512139,SERVO_OUTPUT_RAW,0,0,0,0,0,0,0,0,1000,1000,1000,1000,0,0,0,0,0
2025-12-15 01:02:18.405,SERVO_OUTPUT_RAW,1693609793,SERVO_OUTPUT_RAW,0,0,0,0,0,0,0,0,1000,1000,1000,1000,0,0,0,0,0
2025-12-15 01:02:18.505,SERVO_OUTPUT_RAW,1693709834,SERVO_OUTPUT_RAW,0,0,0,0,0,0,0,0,1000,1000,1000,1000,0,0,0,0,0
2025-12-15 01:02:18.605,SERVO_OUTPUT_RAW,1693809803,SERVO_OUTPUT_RAW,0,0,0,0,0,0,0,0,1000,1000,1000,1000,0,0,0,0,0
2025-12-15 01:02:18.705,SERVO_OUTPUT_RAW,1693909806,SERVO_OUTPUT_RAW,0,0,0,0,0,0,0,0,1000,1000,1000,1000,0,0,0,0,0
2025-12-15 01:02:18.805,SERVO_OUTPUT_RAW,1694009834,SERVO_OUTPUT_RAW,0,0,0,0,0,0,0,0,1000,1000,1000,1000,0,0,0,0,0
2025-12-15 01:02:18.905,SERVO_OUTPUT_RAW,1694109847,SERVO_OUTPUT_RAW,0,0,0,0,0,0,0,0,1000,1000,1000,1000,0,0,0,0,0
2025-12-15 01:02:19.005,SERVO_OUTPUT_RAW,1694209852,SERVO_OUTPUT_RAW,0,0,0,0,0,0,0,0,1000,1000,1000,1000,0,0,0,0,0
2025-12-15 01:02:19.106,SERVO_OUTPUT_RAW,1694309778,SERVO_OUTPUT_RAW,0,0,0,0,0,0,0,0,1000,1000,1000,1000,0,0,0,0,0
2025-12-15 01:02:19.205,SERVO_OUTPUT_RAW,1694409799,SERVO_OUTPUT_RAW,0,0,0,0,0,0,0,0,1000,1000,1000,1000,0,0,0,0,0
2025-12-15 01:02:19.305,SERVO_OUTPUT_RAW,1694509827,SERVO_OUTPUT_RAW,0,0,0,0,0,0,0,0,1000,1000,1000,1000,0,0,0,0,0
2025-12-15 01:02:19.405,SERVO_OUTPUT_RAW,1694609806,SERVO_OUTPUT_RAW,0,0,0,0,0,0,0,0,1000,1000,1000,1000,0,0,0,0,0
2025-12-15 01:02:19.505,SERVO_OUTPUT_RAW,1694709786,SERVO_OUTPUT_RAW,0,0,0,0,0,0,0,0,1000,1000,1000,1000,0,0,0,0,0
2025-12-15 01:02:19.605,SERVO_OUTPUT_RAW,1694809779,SERVO_OUTPUT_RAW,0,0,0,0,0,0,0,0,1000,1000,1000,1000,0,0,0,0,0
2025-12-15 01:02:19.705,SERVO_OUTPUT_RAW,1694909805,SERVO_OUTPUT_RAW,0,0,0,0,0,0,0,0,1000,1000,1000,1000,0,0,0,0,0
2025-12-15 01:02:19.805,SERVO_OUTPUT_RAW,1695009786,SERVO_OUTPUT_RAW,0,0,0,0,0,0,0,0,1000,1000,1000,1000,0,0,0,0,0
2025-12-15 01:02:19.906,SERVO_OUTPUT_RAW,1695109803,SERVO_OUTPUT_RAW,0,0,0,0,0,0,0,0,1000,1000,1000,1000,0,0,0,0,0
2025-12-15 01:02:20.005,SERVO_OUTPUT_RAW,1695212128,SERVO_OUTPUT_RAW,0,0,0,0,0,0,0,0,1000,1000,1000,1000,0,0,0,0,0
2025-12-15 01:02:20.105,SERVO_OUTPUT_RAW,1695309826,SERVO_OUTPUT_RAW,0,0,0,0,0,0,0,0,1000,1000,1000,1000,0,0,0,0,0
2025-12-15 01:02:20.205,SERVO_OUTPUT_RAW,1695409856,SERVO_OUTPUT_RAW,0,0,0,0,0,0,0,0,1000,1000,1000,1000,0,0,0,0,0
2025-12-15 01:02:20.305,SERVO_OUTPUT_RAW,1695509810,SERVO_OUTPUT_RAW,0,0,0,0,0,0,0,0,1000,1000,1000,1000,0,0,0,0,0
2025-12-15 01:02:20.405,SERVO_OUTPUT_RAW,1695612200,SERVO_OUTPUT_RAW,0,0,0,0,0,0,0,0,1000,1000,1000,1000,0,0,0,0,0
2025-12-15 01:02:20.505,SERVO_OUTPUT_RAW,1695709845,SERVO_OUTPUT_RAW,0,0,0,0,0,0,0,0,1000,1000,1000,1000,0,0,0,0,0
2025-12-15 01:02:20.605,SERVO_OUTPUT_RAW,1695809848,SERVO_OUTPUT_RAW,0,0,0,0,0,0,0,0,1000,1000,1000,1000,0,0,0,0,0
2025-12-15 01:02:20.705,SERVO_OUTPUT_RAW,1695909778,SERVO_OUTPUT_RAW,0,0,0,0,0,0,0,0,1000,1000,1000,1000,0,0,0,0,0
2025-12-15 01:02:20.805,SERVO_OUTPUT_RAW,1696009798,SERVO_OUTPUT_RAW,0,0,0,0,0,0,0,0,1000,1000,1000,1000,0,0,0,0,0
2025-12-15 01:02:20.905,SERVO_OUTPUT_RAW,1696109826,SERVO_OUTPUT_RAW,0,0,0,0,0,0,0,0,1000,1000,1000,1000,0,0,0,0,0
2025-12-15 01:02:21.005,SERVO_OUTPUT_RAW,1696209787,SERVO_OUTPUT_RAW,0,0,0,0,0,0,0,0,1000,1000,1000,1000,0,0,0,0,0
2025-12-15 01:02:21.105,SERVO_OUTPUT_RAW,1696309787,SERVO_OUTPUT_RAW,0,0,0,0,0,0,0,0,1000,1000,1000,1000,0,0,0,0,0
2025-12-15 01:02:21.205,SERVO_OUTPUT_RAW,1696409800,SERVO_OUTPUT_RAW,0,0,0,0,0,0,0,0,1000,1000,1000,1000,0,0,0,0,0
2025-12-15 01:02:21.305,SERVO_OUTPUT_RAW,1696509791,SERVO_OUTPUT_RAW,0,0,0,0,0,0,0,0,1000,1000,1000,1000,0,0,0,0,0
2025-12-15 01:02:21.405,SERVO_OUTPUT_RAW,1696609791,SERVO_OUTPUT_RAW,0,0,0,0,0,0,0,0,1000,1000,1000,1000,0,0,0,0,0
2025-12-15 01:02:21.506,SERVO_OUTPUT_RAW,1696709807,SERVO_OUTPUT_RAW,0,0,0,0,0,0,0,0,1000,1000,1000,1000,0,0,0,0,0
2025-12-15 01:02:21.605,SERVO_OUTPUT_RAW,1696809835,SERVO_OUTPUT_RAW,0,0,0,0,0,0,0,0,1000,1000,1000,1000,0,0,0,0,0
2025-12-15 01:02:21.706,SERVO_OUTPUT_RAW,1696909796,SERVO_OUTPUT_RAW,0,0,0,0,0,0,0,0,1000,1000,1000,1000,0,0,0,0,0
2025-12-15 01:02:21.805,SERVO_OUTPUT_RAW,1697009795,SERVO_OUTPUT_RAW,0,0,0,0,0,0,0,0,1000,1000,1000,1000,0,0,0,0,0
2025-12-15 01:02:21.905,SERVO_OUTPUT_RAW,1697109794,SERVO_OUTPUT_RAW,0,0,0,0,0,0,0,0,1000,1000,1000,1000,0,0,0,0,0
2025-12-15 01:02:22.005,SERVO_OUTPUT_RAW,1697209841,SERVO_OUTPUT_RAW,0,0,0,0,0,0,0,0,1000,1000,1000,1000,0,0,0,0,0
2025-12-15 01:02:22.105,SERVO_OUTPUT_RAW,1697309835,SERVO_OUTPUT_RAW,0,0,0,0,0,0,0,0,1000,1000,1000,1000,0,0,0,0,0
2025-12-15 01:02:22.206,SERVO_OUTPUT_RAW,1697409846,SERVO_OUTPUT_RAW,0,0,0,0,0,0,0,0,1000,1000,1000,1000,0,0,0,0,0
2025-12-15 01:02:22.305,SERVO_OUTPUT_RAW,1697509783,SERVO_OUTPUT_RAW,0,0,0,0,0,0,0,0,1000,1000,1000,1000,0,0,0,0,0
2025-12-15 01:02:22.405,SERVO_OUTPUT_RAW,1697609828,SERVO_OUTPUT_RAW,0,0,0,0,0,0,0,0,1000,1000,1000,1000,0,0,0,0,0
2025-12-15 01:02:22.506,SERVO_OUTPUT_RAW,1697709880,SERVO_OUTPUT_RAW,0,0,0,0,0,0,0,0,1000,1000,1000,1000,0,0,0,0,0
2025-12-15 01:02:22.605,SERVO_OUTPUT_RAW,1697809778,SERVO_OUTPUT_RAW,0,0,0,0,0,0,0,0,1000,1000,1000,1000,0,0,0,0,0
2025-12-15 01:02:22.705,SERVO_OUTPUT_RAW,1697909785,SERVO_OUTPUT_RAW,0,0,0,0,0,0,0,0,1000,1000,1000,1000,0,0,0,0,0
2025-12-15 01:02:22.805,SERVO_OUTPUT_RAW,1698009799,SERVO_OUTPUT_RAW,0,0,0,0,0,0,0,0,1000,1000,1000,1000,0,0,0,0,0
2025-12-15 01:02:22.905,SERVO_OUTPUT_RAW,1698109787,SERVO_OUTPUT_RAW,0,0,0,0,0,0,0,0,1000,1000,1000,1000,0,0,0,0,0
2025-12-15 01:02:23.005,SERVO_OUTPUT_RAW,1698209790,SERVO_OUTPUT_RAW,0,0,0,0,0,0,0,0,1000,1000,1000,1000,0,0,0,0,0
2025-12-15 01:02:23.106,SERVO_OUTPUT_RAW,1698309800,SERVO_OUTPUT_RAW,0,0,0,0,0,0,0,0,1000,1000,1000,1000,0,0,0,0,0
2025-12-15 01:02:23.205,SERVO_OUTPUT_RAW,1698409848,SERVO_OUTPUT_RAW,0,0,0,0,0,0,0,0,1000,1000,1000,1000,0,0,0,0,0
2025-12-15 01:02:23.306,SERVO_OUTPUT_RAW,1698509875,SERVO_OUTPUT_RAW,0,0,0,0,0,0,0,0,1000,1000,1000,1000,0,0,0,0,0
2025-12-15 01:02:23.405,SERVO_OUTPUT_RAW,1698609812,SERVO_OUTPUT_RAW,0,0,0,0,0,0,0,0,1000,1000,1000,1000,0,0,0,0,0
2025-12-15 01:02:23.505,SERVO_OUTPUT_RAW,1698709824,SERVO_OUTPUT_RAW,0,0,0,0,0,0,0,0,1000,1000,1000,1000,0,0,0,0,0
2025-12-15 01:02:23.605,SERVO_OUTPUT_RAW,1698809838,SERVO_OUTPUT_RAW,0,0,0,0,0,0,0,0,1000,1000,1000,1000,0,0,0,0,0
2025-12-15 01:02:23.705,SERVO_OUTPUT_RAW,1698909845,SERVO_OUTPUT_RAW,0,0,0,0,0,0,0,0,1000,1000,1000,1000,0,0,0,0,0
2025-12-15 01:02:23.805,SERVO_OUTPUT_RAW,1699009854,SERVO_OUTPUT_RAW,0,0,0,0,0,0,0,0,1000,1000,1000,1000,0,0,0,0,0
2025-12-15 01:02:23.906,SERVO_OUTPUT_RAW,1699109785,SERVO_OUTPUT_RAW,0,0,0,0,0,0,0,0,1000,1000,1000,1000,0,0,0,0,0
2025-12-15 01:02:24.006,SERVO_OUTPUT_RAW,1699209823,SERVO_OUTPUT_RAW,0,0,0,0,0,0,0,0,1000,1000,1000,1000,0,0,0,0,0
2025-12-15 01:02:24.106,SERVO_OUTPUT_RAW,1699309806,SERVO_OUTPUT_RAW,0,0,0,0,0,0,0,0,1000,1000,1000,1000,0,0,0,0,0
2025-12-15 01:02:24.205,SERVO_OUTPUT_RAW,1699409783,SERVO_OUTPUT_RAW,0,0,0,0,0,0,0,0,1000,1000,1000,1000,0,0,0,0,0
2025-12-15 01:02:24.306,SERVO_OUTPUT_RAW,1699509790,SERVO_OUTPUT_RAW,0,0,0,0,0,0,0,0,1000,1000,1000,1000,0,0,0,0,0
2025-12-15 01:02:24.405,SERVO_OUTPUT_RAW,1699609800,SERVO_OUTPUT_RAW,0,0,0,0,0,0,0,0,1000,1000,1000,1000,0,0,0,0,0
2025-12-15 01:02:24.505,SERVO_OUTPUT_RAW,1699709784,SERVO_OUTPUT_RAW,0,0,0,0,0,0,0,0,1000,1000,1000,1000,0,0,0,0,0
2025-12-15 01:02:24.605,SERVO_OUTPUT_RAW,1699812153,SERVO_OUTPUT_RAW,0,0,0,0,0,0,0,0,1000,1000,1000,1000,0,0,0,0,0
2025-12-15 01:02:24.706,SERVO_OUTPUT_RAW,1699909826,SERVO_OUTPUT_RAW,0,0,0,0,0,0,0,0,1000,1000,1000,1000,0,0,0,0,0
2025-12-15 01:02:24.806,SERVO_OUTPUT_RAW,1700009801,SERVO_OUTPUT_RAW,0,0,0,0,0,0,0,0,1000,1000,1000,1000,0,0,0,0,0
2025-12-15 01:02:24.911,SERVO_OUTPUT_RAW,1700109871,SERVO_OUTPUT_RAW,0,0,0,0,0,0,0,0,1000,1000,1000,1000,0,0,0,0,0
2025-12-15 01:02:25.006,SERVO_OUTPUT_RAW,1700209787,SERVO_OUTPUT_RAW,0,0,0,0,0,0,0,0,1000,1000,1000,1000,0,0,0,0,0
2025-12-15 01:02:25.106,SERVO_OUTPUT_RAW,1700309831,SERVO_OUTPUT_RAW,0,0,0,0,0,0,0,0,1000,1000,1000,1000,0,0,0,0,0
2025-12-15 01:02:25.206,SERVO_OUTPUT_RAW,1700409830,SERVO_OUTPUT_RAW,0,0,0,0,0,0,0,0,1000,1000,1000,1000,0,0,0,0,0
2025-12-15 01:02:25.306,SERVO_OUTPUT_RAW,1700509798,SERVO_OUTPUT_RAW,0,0,0,0,0,0,0,0,1000,1000,1000,1000,0,0,0,0,0
2025-12-15 01:02:25.406,SERVO_OUTPUT_RAW,1700609791,SERVO_OUTPUT_RAW,0,0,0,0,0,0,0,0,1000,1000,1000,1000,0,0,0,0,0
2025-12-15 01:02:25.506,SERVO_OUTPUT_RAW,1700709818,SERVO_OUTPUT_RAW,0,0,0,0,0,0,0,0,1000,1000,1000,1000,0,0,0,0,0
2025-12-15 01:02:25.606,SERVO_OUTPUT_RAW,1700809814,SERVO_OUTPUT_RAW,0,0,0,0,0,0,0,0,1000,1000,1000,1000,0,0,0,0,0
2025-12-15 01:02:25.706,SERVO_OUTPUT_RAW,1700909833,SERVO_OUTPUT_RAW,0,0,0,0,0,0,0,0,1000,1000,1000,1000,0,0,0,0,0
2025-12-15 01:02:25.806,SERVO_OUTPUT_RAW,1701009792,SERVO_OUTPUT_RAW,0,0,0,0,0,0,0,0,1000,1000,1000,1000,0,0,0,0,0
2025-12-15 01:02:25.906,SERVO_OUTPUT_RAW,1701109803,SERVO_OUTPUT_RAW,0,0,0,0,0,0,0,0,1000,1000,1000,1000,0,0,0,0,0
2025-12-15 01:02:26.006,SERVO_OUTPUT_RAW,1701209803,SERVO_OUTPUT_RAW,0,0,0,0,0,0,0,0,1000,1000,1000,1000,0,0,0,0,0
2025-12-15 01:02:26.105,SERVO_OUTPUT_RAW,1701309807,SERVO_OUTPUT_RAW,0,0,0,0,0,0,0,0,1000,1000,1000,1000,0,0,0,0,0
2025-12-15 01:02:26.205,SERVO_OUTPUT_RAW,1701409787,SERVO_OUTPUT_RAW,0,0,0,0,0,0,0,0,1000,1000,1000,1000,0,0,0,0,0
2025-12-15 01:02:26.305,SERVO_OUTPUT_RAW,1701509820,SERVO_OUTPUT_RAW,0,0,0,0,0,0,0,0,1000,1000,1000,1000,0,0,0,0,0
2025-12-15 01:02:26.405,SERVO_OUTPUT_RAW,1701609797,SERVO_OUTPUT_RAW,0,0,0,0,0,0,0,0,1000,1000,1000,1000,0,0,0,0,0
2025-12-15 01:02:26.505,SERVO_OUTPUT_RAW,1701709780,SERVO_OUTPUT_RAW,0,0,0,0,0,0,0,0,1000,1000,1000,1000,0,0,0,0,0
2025-12-15 01:02:26.605,SERVO_OUTPUT_RAW,1701809786,SERVO_OUTPUT_RAW,0,0,0,0,0,0,0,0,1000,1000,1000,1000,0,0,0,0,0
2025-12-15 01:02:26.706,SERVO_OUTPUT_RAW,1701912114,SERVO_OUTPUT_RAW,0,0,0,0,0,0,0,0,1000,1000,1000,1000,0,0,0,0,0
2025-12-15 01:02:26.806,SERVO_OUTPUT_RAW,1702009842,SERVO_OUTPUT_RAW,0,0,0,0,0,0,0,0,1000,1000,1000,1000,0,0,0,0,0
2025-12-15 01:02:26.907,SERVO_OUTPUT_RAW,1702109860,SERVO_OUTPUT_RAW,0,0,0,0,0,0,0,0,1000,1000,1000,1000,0,0,0,0,0
2025-12-15 01:02:27.005,SERVO_OUTPUT_RAW,1702209815,SERVO_OUTPUT_RAW,0,0,0,0,0,0,0,0,1000,1000,1000,1000,0,0,0,0,0
2025-12-15 01:02:27.105,SERVO_OUTPUT_RAW,1702309819,SERVO_OUTPUT_RAW,0,0,0,0,0,0,0,0,1000,1000,1000,1000,0,0,0,0,0
2025-12-15 01:02:27.205,SERVO_OUTPUT_RAW,1702409816,SERVO_OUTPUT_RAW,0,0,0,0,0,0,0,0,1000,1000,1000,1000,0,0,0,0,0
2025-12-15 01:02:27.305,SERVO_OUTPUT_RAW,1702509785,SERVO_OUTPUT_RAW,0,0,0,0,0,0,0,0,1000,1000,1000,1000,0,0,0,0,0
2025-12-15 01:02:27.406,SERVO_OUTPUT_RAW,1702609794,SERVO_OUTPUT_RAW,0,0,0,0,0,0,0,0,1000,1000,1000,1000,0,0,0,0,0
2025-12-15 01:02:27.505,SERVO_OUTPUT_RAW,1702709786,SERVO_OUTPUT_RAW,0,0,0,0,0,0,0,0,1000,1000,1000,1000,0,0,0,0,0
2025-12-15 01:02:27.605,SERVO_OUTPUT_RAW,1702809789,SERVO_OUTPUT_RAW,0,0,0,0,0,0,0,0,1000,1000,1000,1000,0,0,0,0,0
2025-12-15 01:02:27.706,SERVO_OUTPUT_RAW,1702909791,SERVO_OUTPUT_RAW,0,0,0,0,0,0,0,0,1000,1000,1000,1000,0,0,0,0,0
2025-12-15 01:02:27.805,SERVO_OUTPUT_RAW,1703009854,SERVO_OUTPUT_RAW,0,0,0,0,0,0,0,0,1000,1000,1000,1000,0,0,0,0,0
2025-12-15 01:02:27.905,SERVO_OUTPUT_RAW,1703109839,SERVO_OUTPUT_RAW,0,0,0,0,0,0,0,0,1000,1000,1000,1000,0,0,0,0,0
2025-12-15 01:02:28.005,SERVO_OUTPUT_RAW,1703209848,SERVO_OUTPUT_RAW,0,0,0,0,0,0,0,0,1000,1000,1000,1000,0,0,0,0,0
2025-12-15 01:02:28.105,SERVO_OUTPUT_RAW,1703309824,SERVO_OUTPUT_RAW,0,0,0,0,0,0,0,0,1000,1000,1000,1000,0,0,0,0,0
2025-12-15 01:02:28.205,SERVO_OUTPUT_RAW,1703409818,SERVO_OUTPUT_RAW,0,0,0,0,0,0,0,0,1000,1000,1000,1000,0,0,0,0,0
2025-12-15 01:02:28.305,SERVO_OUTPUT_RAW,1703509840,SERVO_OUTPUT_RAW,0,0,0,0,0,0,0,0,1000,1000,1000,1000,0,0,0,0,0
2025-12-15 01:02:28.405,SERVO_OUTPUT_RAW,1703609853,SERVO_OUTPUT_RAW,0,0,0,0,0,0,0,0,1000,1000,1000,1000,0,0,0,0,0
2025-12-15 01:02:28.505,SERVO_OUTPUT_RAW,1703709785,SERVO_OUTPUT_RAW,0,0,0,0,0,0,0,0,1000,1000,1000,1000,0,0,0,0,0
2025-12-15 01:02:28.605,SERVO_OUTPUT_RAW,1703809807,SERVO_OUTPUT_RAW,0,0,0,0,0,0,0,0,1000,1000,1000,1000,0,0,0,0,0
2025-12-15 01:02:28.705,SERVO_OUTPUT_RAW,1703909824,SERVO_OUTPUT_RAW,0,0,0,0,0,0,0,0,1000,1000,1000,1000,0,0,0,0,0
2025-12-15 01:02:28.805,SERVO_OUTPUT_RAW,1704009868,SERVO_OUTPUT_RAW,0,0,0,0,0,0,0,0,1000,1000,1000,1000,0,0,0,0,0
2025-12-15 01:02:28.905,SERVO_OUTPUT_RAW,1704109796,SERVO_OUTPUT_RAW,0,0,0,0,0,0,0,0,1000,1000,1000,1000,0,0,0,0,0
2025-12-15 01:02:29.005,SERVO_OUTPUT_RAW,1704209797,SERVO_OUTPUT_RAW,0,0,0,0,0,0,0,0,1000,1000,1000,1000,0,0,0,0,0
2025-12-15 01:02:29.105,SERVO_OUTPUT_RAW,1704309783,SERVO_OUTPUT_RAW,0,0,0,0,0,0,0,0,1000,1000,1000,1000,0,0,0,0,0
2025-12-15 01:02:29.205,SERVO_OUTPUT_RAW,1704409787,SERVO_OUTPUT_RAW,0,0,0,0,0,0,0,0,1000,1000,1000,1000,0,0,0,0,0
2025-12-15 01:02:29.305,SERVO_OUTPUT_RAW,1704509790,SERVO_OUTPUT_RAW,0,0,0,0,0,0,0,0,1000,1000,1000,1000,0,0,0,0,0
2025-12-15 01:02:29.405,SERVO_OUTPUT_RAW,1704609825,SERVO_OUTPUT_RAW,0,0,0,0,0,0,0,0,1000,1000,1000,1000,0,0,0,0,0
2025-12-15 01:02:29.506,SERVO_OUTPUT_RAW,1704709827,SERVO_OUTPUT_RAW,0,0,0,0,0,0,0,0,1000,1000,1000,1000,0,0,0,0,0
2025-12-15 01:02:29.605,SERVO_OUTPUT_RAW,1704812146,SERVO_OUTPUT_RAW,0,0,0,0,0,0,0,0,1000,1000,1000,1000,0,0,0,0,0
2025-12-15 01:02:29.705,SERVO_OUTPUT_RAW,1704909817,SERVO_OUTPUT_RAW,0,0,0,0,0,0,0,0,1000,1000,1000,1000,0,0,0,0,0
2025-12-15 01:02:29.805,SERVO_OUTPUT_RAW,1705009819,SERVO_OUTPUT_RAW,0,0,0,0,0,0,0,0,1000,1000,1000,1000,0,0,0,0,0
2025-12-15 01:02:29.906,SERVO_OUTPUT_RAW,1705109853,SERVO_OUTPUT_RAW,0,0,0,0,0,0,0,0,1000,1000,1000,1000,0,0,0,0,0
2025-12-15 01:02:30.005,SERVO_OUTPUT_RAW,1705209863,SERVO_OUTPUT_RAW,0,0,0,0,0,0,0,0,1000,1000,1000,1000,0,0,0,0,0
2025-12-15 01:02:30.105,SERVO_OUTPUT_RAW,1705309792,SERVO_OUTPUT_RAW,0,0,0,0,0,0,0,0,1000,1000,1000,1000,0,0,0,0,0
2025-12-15 01:02:30.205,SERVO_OUTPUT_RAW,1705409812,SERVO_OUTPUT_RAW,0,0,0,0,0,0,0,0,1000,1000,1000,1000,0,0,0,0,0
2025-12-15 01:02:30.305,SERVO_OUTPUT_RAW,1705509822,SERVO_OUTPUT_RAW,0,0,0,0,0,0,0,0,1000,1000,1000,1000,0,0,0,0,0
2025-12-15 01:02:30.405,SERVO_OUTPUT_RAW,1705609785,SERVO_OUTPUT_RAW,0,0,0,0,0,0,0,0,1000,1000,1000,1000,0,0,0,0,0
2025-12-15 01:02:30.505,SERVO_OUTPUT_RAW,1705709798,SERVO_OUTPUT_RAW,0,0,0,0,0,0,0,0,1000,1000,1000,1000,0,0,0,0,0
2025-12-15 01:02:30.605,SERVO_OUTPUT_RAW,1705809806,SERVO_OUTPUT_RAW,0,0,0,0,0,0,0,0,1000,1000,1000,1000,0,0,0,0,0
2025-12-15 01:02:30.705,SERVO_OUTPUT_RAW,1705909778,SERVO_OUTPUT_RAW,0,0,0,0,0,0,0,0,1000,1000,1000,1000,0,0,0,0,0
2025-12-15 01:02:30.805,SERVO_OUTPUT_RAW,1706009785,SERVO_OUTPUT_RAW,0,0,0,0,0,0,0,0,1000,1000,1000,1000,0,0,0,0,0
2025-12-15 01:02:30.905,SERVO_OUTPUT_RAW,1706109918,SERVO_OUTPUT_RAW,0,0,0,0,0,0,0,0,1000,1000,1000,1000,0,0,0,0,0
2025-12-15 01:02:31.005,SERVO_OUTPUT_RAW,1706209831,SERVO_OUTPUT_RAW,0,0,0,0,0,0,0,0,1000,1000,1000,1000,0,0,0,0,0
2025-12-15 01:02:31.105,SERVO_OUTPUT_RAW,1706309842,SERVO_OUTPUT_RAW,0,0,0,0,0,0,0,0,1000,1000,1000,1000,0,0,0,0,0
2025-12-15 01:02:31.205,SERVO_OUTPUT_RAW,1706409805,SERVO_OUTPUT_RAW,0,0,0,0,0,0,0,0,1000,1000,1000,1000,0,0,0,0,0
2025-12-15 01:02:31.305,SERVO_OUTPUT_RAW,1706509812,SERVO_OUTPUT_RAW,0,0,0,0,0,0,0,0,1000,1000,1000,1000,0,0,0,0,0
2025-12-15 01:02:31.406,SERVO_OUTPUT_RAW,1706609855,SERVO_OUTPUT_RAW,0,0,0,0,0,0,0,0,1000,1000,1000,1000,0,0,0,0,0
2025-12-15 01:02:31.505,SERVO_OUTPUT_RAW,1706709855,SERVO_OUTPUT_RAW,0,0,0,0,0,0,0,0,1000,1000,1000,1000,0,0,0,0,0
2025-12-15 01:02:31.605,SERVO_OUTPUT_RAW,1706809790,SERVO_OUTPUT_RAW,0,0,0,0,0,0,0,0,1000,1000,1000,1000,0,0,0,0,0
2025-12-15 01:02:31.705,SERVO_OUTPUT_RAW,1706909790,SERVO_OUTPUT_RAW,0,0,0,0,0,0,0,0,1000,1000,1000,1000,0,0,0,0,0
2025-12-15 01:02:31.806,SERVO_OUTPUT_RAW,1707009804,SERVO_OUTPUT_RAW,0,0,0,0,0,0,0,0,1000,1000,1000,1000,0,0,0,0,0
2025-12-15 01:02:31.905,SERVO_OUTPUT_RAW,1707109849,SERVO_OUTPUT_RAW,0,0,0,0,0,0,0,0,1000,1000,1000,1000,0,0,0,0,0
2025-12-15 01:02:32.005,SERVO_OUTPUT_RAW,1707209771,SERVO_OUTPUT_RAW,0,0,0,0,0,0,0,0,1000,1000,1000,1000,0,0,0,0,0
2025-12-15 01:02:32.106,SERVO_OUTPUT_RAW,1707309775,SERVO_OUTPUT_RAW,0,0,0,0,0,0,0,0,1000,1000,1000,1000,0,0,0,0,0
2025-12-15 01:02:32.205,SERVO_OUTPUT_RAW,1707409788,SERVO_OUTPUT_RAW,0,0,0,0,0,0,0,0,1000,1000,1000,1000,0,0,0,0,0
2025-12-15 01:02:32.305,SERVO_OUTPUT_RAW,1707509797,SERVO_OUTPUT_RAW,0,0,0,0,0,0,0,0,1000,1000,1000,1000,0,0,0,0,0
2025-12-15 01:02:32.407,SERVO_OUTPUT_RAW,1707612152,SERVO_OUTPUT_RAW,0,0,0,0,0,0,0,0,1000,1000,1000,1000,0,0,0,0,0
2025-12-15 01:02:32.506,SERVO_OUTPUT_RAW,1707712162,SERVO_OUTPUT_RAW,0,0,0,0,0,0,0,0,1000,1000,1000,1000,0,0,0,0,0
2025-12-15 01:02:32.606,SERVO_OUTPUT_RAW,1707809835,SERVO_OUTPUT_RAW,0,0,0,0,0,0,0,0,1000,1000,1000,1000,0,0,0,0,0
2025-12-15 01:02:32.706,SERVO_OUTPUT_RAW,1707909848,SERVO_OUTPUT_RAW,0,0,0,0,0,0,0,0,1000,1000,1000,1000,0,0,0,0,0
2025-12-15 01:02:32.806,SERVO_OUTPUT_RAW,1708009800,SERVO_OUTPUT_RAW,0,0,0,0,0,0,0,0,1000,1000,1000,1000,0,0,0,0,0
2025-12-15 01:02:32.906,SERVO_OUTPUT_RAW,1708109837,SERVO_OUTPUT_RAW,0,0,0,0,0,0,0,0,1000,1000,1000,1000,0,0,0,0,0
2025-12-15 01:02:33.006,SERVO_OUTPUT_RAW,1708212067,SERVO_OUTPUT_RAW,0,0,0,0,0,0,0,0,1000,1000,1000,1000,0,0,0,0,0
2025-12-15 01:02:33.106,SERVO_OUTPUT_RAW,1708309837,SERVO_OUTPUT_RAW,0,0,0,0,0,0,0,0,1000,1000,1000,1000,0,0,0,0,0
2025-12-15 01:02:33.206,SERVO_OUTPUT_RAW,1708409794,SERVO_OUTPUT_RAW,0,0,0,0,0,0,0,0,1000,1000,1000,1000,0,0,0,0,0
2025-12-15 01:02:33.306,SERVO_OUTPUT_RAW,1708509801,SERVO_OUTPUT_RAW,0,0,0,0,0,0,0,0,1000,1000,1000,1000,0,0,0,0,0
2025-12-15 01:02:33.406,SERVO_OUTPUT_RAW,1708609825,SERVO_OUTPUT_RAW,0,0,0,0,0,0,0,0,1000,1000,1000,1000,0,0,0,0,0
2025-12-15 01:02:33.506,SERVO_OUTPUT_RAW,1708709808,SERVO_OUTPUT_RAW,0,0,0,0,0,0,0,0,1000,1000,1000,1000,0,0,0,0,0
2025-12-15 01:02:33.606,SERVO_OUTPUT_RAW,1708809787,SERVO_OUTPUT_RAW,0,0,0,0,0,0,0,0,1000,1000,1000,1000,0,0,0,0,0
2025-12-15 01:02:33.706,SERVO_OUTPUT_RAW,1708909782,SERVO_OUTPUT_RAW,0,0,0,0,0,0,0,0,1000,1000,1000,1000,0,0,0,0,0
2025-12-15 01:02:33.806,SERVO_OUTPUT_RAW,1709009795,SERVO_OUTPUT_RAW,0,0,0,0,0,0,0,0,1000,1000,1000,1000,0,0,0,0,0
2025-12-15 01:02:33.906,SERVO_OUTPUT_RAW,1709109786,SERVO_OUTPUT_RAW,0,0,0,0,0,0,0,0,1000,1000,1000,1000,0,0,0,0,0
2025-12-15 01:02:34.007,SERVO_OUTPUT_RAW,1709209801,SERVO_OUTPUT_RAW,0,0,0,0,0,0,0,0,1000,1000,1000,1000,0,0,0,0,0
2025-12-15 01:02:34.106,SERVO_OUTPUT_RAW,1709309841,SERVO_OUTPUT_RAW,0,0,0,0,0,0,0,0,1000,1000,1000,1000,0,0,0,0,0
2025-12-15 01:02:34.207,SERVO_OUTPUT_RAW,1709409836,SERVO_OUTPUT_RAW,0,0,0,0,0,0,0,0,1000,1000,1000,1000,0,0,0,0,0
2025-12-15 01:02:34.306,SERVO_OUTPUT_RAW,1709509805,SERVO_OUTPUT_RAW,0,0,0,0,0,0,0,0,1000,1000,1000,1000,0,0,0,0,0
2025-12-15 01:02:34.407,SERVO_OUTPUT_RAW,1709609811,SERVO_OUTPUT_RAW,0,0,0,0,0,0,0,0,1000,1000,1000,1000,0,0,0,0,0
2025-12-15 01:02:34.507,SERVO_OUTPUT_RAW,1709709823,SERVO_OUTPUT_RAW,0,0,0,0,0,0,0,0,1000,1000,1000,1000,0,0,0,0,0
2025-12-15 01:02:34.606,SERVO_OUTPUT_RAW,1709809848,SERVO_OUTPUT_RAW,0,0,0,0,0,0,0,0,1000,1000,1000,1000,0,0,0,0,0
2025-12-15 01:02:34.706,SERVO_OUTPUT_RAW,1709909811,SERVO_OUTPUT_RAW,0,0,0,0,0,0,0,0,1000,1000,1000,1000,0,0,0,0,0
2025-12-15 01:02:34.806,SERVO_OUTPUT_RAW,1710009826,SERVO_OUTPUT_RAW,0,0,0,0,0,0,0,0,1000,1000,1000,1000,0,0,0,0,0
2025-12-15 01:02:34.907,SERVO_OUTPUT_RAW,1710109829,SERVO_OUTPUT_RAW,0,0,0,0,0,0,0,0,1000,1000,1000,1000,0,0,0,0,0
2025-12-15 01:02:35.006,SERVO_OUTPUT_RAW,1710209820,SERVO_OUTPUT_RAW,0,0,0,0,0,0,0,0,1000,1000,1000,1000,0,0,0,0,0
2025-12-15 01:02:35.106,SERVO_OUTPUT_RAW,1710309874,SERVO_OUTPUT_RAW,0,0,0,0,0,0,0,0,1000,1000,1000,1000,0,0,0,0,0
2025-12-15 01:02:35.207,SERVO_OUTPUT_RAW,1710409778,SERVO_OUTPUT_RAW,0,0,0,0,0,0,0,0,1000,1000,1000,1000,0,0,0,0,0
2025-12-15 01:02:35.306,SERVO_OUTPUT_RAW,1710509790,SERVO_OUTPUT_RAW,0,0,0,0,0,0,0,0,1000,1000,1000,1000,0,0,0,0,0
2025-12-15 01:02:35.405,SERVO_OUTPUT_RAW,1710609792,SERVO_OUTPUT_RAW,0,0,0,0,0,0,0,0,1000,1000,1000,1000,0,0,0,0,0
2025-12-15 01:02:35.505,SERVO_OUTPUT_RAW,1710709786,SERVO_OUTPUT_RAW,0,0,0,0,0,0,0,0,1000,1000,1000,1000,0,0,0,0,0
2025-12-15 01:02:35.605,SERVO_OUTPUT_RAW,1710809808,SERVO_OUTPUT_RAW,0,0,0,0,0,0,0,0,1000,1000,1000,1000,0,0,0,0,0
2025-12-15 01:02:35.705,SERVO_OUTPUT_RAW,1710909840,SERVO_OUTPUT_RAW,0,0,0,0,0,0,0,0,1000,1000,1000,1000,0,0,0,0,0
2025-12-15 01:02:35.805,SERVO_OUTPUT_RAW,1711012140,SERVO_OUTPUT_RAW,0,0,0,0,0,0,0,0,1000,1000,1000,1000,0,0,0,0,0
2025-12-15 01:02:35.906,SERVO_OUTPUT_RAW,1711109827,SERVO_OUTPUT_RAW,0,0,0,0,0,0,0,0,1000,1000,1000,1000,0,0,0,0,0
2025-12-15 01:02:36.007,SERVO_OUTPUT_RAW,1711209812,SERVO_OUTPUT_RAW,0,0,0,0,0,0,0,0,1000,1000,1000,1000,0,0,0,0,0
2025-12-15 01:02:36.106,SERVO_OUTPUT_RAW,1711309833,SERVO_OUTPUT_RAW,0,0,0,0,0,0,0,0,1000,1000,1000,1000,0,0,0,0,0
2025-12-15 01:02:36.206,SERVO_OUTPUT_RAW,1711409845,SERVO_OUTPUT_RAW,0,0,0,0,0,0,0,0,1000,1000,1000,1000,0,0,0,0,0
2025-12-15 01:02:36.307,SERVO_OUTPUT_RAW,1711509792,SERVO_OUTPUT_RAW,0,0,0,0,0,0,0,0,1000,1000,1000,1000,0,0,0,0,0
2025-12-15 01:02:36.406,SERVO_OUTPUT_RAW,1711609811,SERVO_OUTPUT_RAW,0,0,0,0,0,0,0,0,1000,1000,1000,1000,0,0,0,0,0
2025-12-15 01:02:36.506,SERVO_OUTPUT_RAW,1711709819,SERVO_OUTPUT_RAW,0,0,0,0,0,0,0,0,1000,1000,1000,1000,0,0,0,0,0
2025-12-15 01:02:36.606,SERVO_OUTPUT_RAW,1711809774,SERVO_OUTPUT_RAW,0,0,0,0,0,0,0,0,1000,1000,1000,1000,0,0,0,0,0
2025-12-15 01:02:36.706,SERVO_OUTPUT_RAW,1711909777,SERVO_OUTPUT_RAW,0,0,0,0,0,0,0,0,1000,1000,1000,1000,0,0,0,0,0
2025-12-15 01:02:36.806,SERVO_OUTPUT_RAW,1712009804,SERVO_OUTPUT_RAW,0,0,0,0,0,0,0,0,1000,1000,1000,1000,0,0,0,0,0
2025-12-15 01:02:36.905,SERVO_OUTPUT_RAW,1712109792,SERVO_OUTPUT_RAW,0,0,0,0,0,0,0,0,1000,1000,1000,1000,0,0,0,0,0
2025-12-15 01:02:37.005,SERVO_OUTPUT_RAW,1712209792,SERVO_OUTPUT_RAW,0,0,0,0,0,0,0,0,1000,1000,1000,1000,0,0,0,0,0
2025-12-15 01:02:37.105,SERVO_OUTPUT_RAW,1712309793,SERVO_OUTPUT_RAW,0,0,0,0,0,0,0,0,1000,1000,1000,1000,0,0,0,0,0
2025-12-15 01:02:37.205,SERVO_OUTPUT_RAW,1712412154,SERVO_OUTPUT_RAW,0,0,0,0,0,0,0,0,1000,1000,1000,1000,0,0,0,0,0
2025-12-15 01:02:37.305,SERVO_OUTPUT_RAW,1712509847,SERVO_OUTPUT_RAW,0,0,0,0,0,0,0,0,1000,1000,1000,1000,0,0,0,0,0
2025-12-15 01:02:37.405,SERVO_OUTPUT_RAW,1712609774,SERVO_OUTPUT_RAW,0,0,0,0,0,0,0,0,1000,1000,1000,1000,0,0,0,0,0
2025-12-15 01:02:37.506,SERVO_OUTPUT_RAW,1712709791,SERVO_OUTPUT_RAW,0,0,0,0,0,0,0,0,1000,1000,1000,1000,0,0,0,0,0
2025-12-15 01:02:37.605,SERVO_OUTPUT_RAW,1712809813,SERVO_OUTPUT_RAW,0,0,0,0,0,0,0,0,1000,1000,1000,1000,0,0,0,0,0
2025-12-15 01:02:37.705,SERVO_OUTPUT_RAW,1712909870,SERVO_OUTPUT_RAW,0,0,0,0,0,0,0,0,1000,1000,1000,1000,0,0,0,0,0
2025-12-15 01:02:37.806,SERVO_OUTPUT_RAW,1713009786,SERVO_OUTPUT_RAW,0,0,0,0,0,0,0,0,1000,1000,1000,1000,0,0,0,0,0
2025-12-15 01:02:37.905,SERVO_OUTPUT_RAW,1713109784,SERVO_OUTPUT_RAW,0,0,0,0,0,0,0,0,1000,1000,1000,1000,0,0,0,0,0
2025-12-15 01:02:38.006,SERVO_OUTPUT_RAW,1713209806,SERVO_OUTPUT_RAW,0,0,0,0,0,0,0,0,1000,1000,1000,1000,0,0,0,0,0
2025-12-15 01:02:38.105,SERVO_OUTPUT_RAW,1713309810,SERVO_OUTPUT_RAW,0,0,0,0,0,0,0,0,1000,1000,1000,1000,0,0,0,0,0
2025-12-15 01:02:38.206,SERVO_OUTPUT_RAW,1713409786,SERVO_OUTPUT_RAW,0,0,0,0,0,0,0,0,1000,1000,1000,1000,0,0,0,0,0
2025-12-15 01:02:38.305,SERVO_OUTPUT_RAW,1713509806,SERVO_OUTPUT_RAW,0,0,0,0,0,0,0,0,1000,1000,1000,1000,0,0,0,0,0
2025-12-15 01:02:38.405,SERVO_OUTPUT_RAW,1713609799,SERVO_OUTPUT_RAW,0,0,0,0,0,0,0,0,1000,1000,1000,1000,0,0,0,0,0
2025-12-15 01:02:38.506,SERVO_OUTPUT_RAW,1713709788,SERVO_OUTPUT_RAW,0,0,0,0,0,0,0,0,1000,1000,1000,1000,0,0,0,0,0
2025-12-15 01:02:38.605,SERVO_OUTPUT_RAW,1713809806,SERVO_OUTPUT_RAW,0,0,0,0,0,0,0,0,1000,1000,1000,1000,0,0,0,0,0
2025-12-15 01:02:38.706,SERVO_OUTPUT_RAW,1713909807,SERVO_OUTPUT_RAW,0,0,0,0,0,0,0,0,1000,1000,1000,1000,0,0,0,0,0
2025-12-15 01:02:38.806,SERVO_OUTPUT_RAW,1714009825,SERVO_OUTPUT_RAW,0,0,0,0,0,0,0,0,1000,1000,1000,1000,0,0,0,0,0
2025-12-15 01:02:38.906,SERVO_OUTPUT_RAW,1714109847,SERVO_OUTPUT_RAW,0,0,0,0,0,0,0,0,1000,1000,1000,1000,0,0,0,0,0
2025-12-15 01:02:39.005,SERVO_OUTPUT_RAW,1714209781,SERVO_OUTPUT_RAW,0,0,0,0,0,0,0,0,1000,1000,1000,1000,0,0,0,0,0
2025-12-15 01:02:39.105,SERVO_OUTPUT_RAW,1714309801,SERVO_OUTPUT_RAW,0,0,0,0,0,0,0,0,1000,1000,1000,1000,0,0,0,0,0
2025-12-15 01:02:39.205,SERVO_OUTPUT_RAW,1714409841,SERVO_OUTPUT_RAW,0,0,0,0,0,0,0,0,1000,1000,1000,1000,0,0,0,0,0
2025-12-15 01:02:39.306,SERVO_OUTPUT_RAW,1714512110,SERVO_OUTPUT_RAW,0,0,0,0,0,0,0,0,1000,1000,1000,1000,0,0,0,0,0
2025-12-15 01:02:39.405,SERVO_OUTPUT_RAW,1714609785,SERVO_OUTPUT_RAW,0,0,0,0,0,0,0,0,1000,1000,1000,1000,0,0,0,0,0
2025-12-15 01:02:39.505,SERVO_OUTPUT_RAW,1714709807,SERVO_OUTPUT_RAW,0,0,0,0,0,0,0,0,1000,1000,1000,1000,0,0,0,0,0
2025-12-15 01:02:39.606,SERVO_OUTPUT_RAW,1714809813,SERVO_OUTPUT_RAW,0,0,0,0,0,0,0,0,1000,1000,1000,1000,0,0,0,0,0
2025-12-15 01:02:39.706,SERVO_OUTPUT_RAW,1714909792,SERVO_OUTPUT_RAW,0,0,0,0,0,0,0,0,1000,1000,1000,1000,0,0,0,0,0
2025-12-15 01:02:39.805,SERVO_OUTPUT_RAW,1715009798,SERVO_OUTPUT_RAW,0,0,0,0,0,0,0,0,1000,1000,1000,1000,0,0,0,0,0
2025-12-15 01:02:39.907,SERVO_OUTPUT_RAW,1715109785,SERVO_OUTPUT_RAW,0,0,0,0,0,0,0,0,1000,1000,1000,1000,0,0,0,0,0
2025-12-15 01:02:40.006,SERVO_OUTPUT_RAW,1715209793,SERVO_OUTPUT_RAW,0,0,0,0,0,0,0,0,1000,1000,1000,1000,0,0,0,0,0
2025-12-15 01:02:40.106,SERVO_OUTPUT_RAW,1715309783,SERVO_OUTPUT_RAW,0,0,0,0,0,0,0,0,1000,1000,1000,1000,0,0,0,0,0
2025-12-15 01:02:40.206,SERVO_OUTPUT_RAW,1715409795,SERVO_OUTPUT_RAW,0,0,0,0,0,0,0,0,1000,1000,1000,1000,0,0,0,0,0
2025-12-15 01:02:40.306,SERVO_OUTPUT_RAW,1715509814,SERVO_OUTPUT_RAW,0,0,0,0,0,0,0,0,1000,1000,1000,1000,0,0,0,0,0
2025-12-15 01:02:40.406,SERVO_OUTPUT_RAW,1715609844,SERVO_OUTPUT_RAW,0,0,0,0,0,0,0,0,1000,1000,1000,1000,0,0,0,0,0
2025-12-15 01:02:40.506,SERVO_OUTPUT_RAW,1715709856,SERVO_OUTPUT_RAW,0,0,0,0,0,0,0,0,1000,1000,1000,1000,0,0,0,0,0
2025-12-15 01:02:40.606,SERVO_OUTPUT_RAW,1715809795,SERVO_OUTPUT_RAW,0,0,0,0,0,0,0,0,1000,1000,1000,1000,0,0,0,0,0
2025-12-15 01:02:40.706,SERVO_OUTPUT_RAW,1715909808,SERVO_OUTPUT_RAW,0,0,0,0,0,0,0,0,1000,1000,1000,1000,0,0,0,0,0
2025-12-15 01:02:40.806,SERVO_OUTPUT_RAW,1716009843,SERVO_OUTPUT_RAW,0,0,0,0,0,0,0,0,1000,1000,1000,1000,0,0,0,0,0
2025-12-15 01:02:40.906,SERVO_OUTPUT_RAW,1716109777,SERVO_OUTPUT_RAW,0,0,0,0,0,0,0,0,1000,1000,1000,1000,0,0,0,0,0
2025-12-15 01:02:41.006,SERVO_OUTPUT_RAW,1716209786,SERVO_OUTPUT_RAW,0,0,0,0,0,0,0,0,1000,1000,1000,1000,0,0,0,0,0
2025-12-15 01:02:41.106,SERVO_OUTPUT_RAW,1716309795,SERVO_OUTPUT_RAW,0,0,0,0,0,0,0,0,1000,1000,1000,1000,0,0,0,0,0
2025-12-15 01:02:41.206,SERVO_OUTPUT_RAW,1716409829,SERVO_OUTPUT_RAW,0,0,0,0,0,0,0,0,1000,1000,1000,1000,0,0,0,0,0
2025-12-15 01:02:41.306,SERVO_OUTPUT_RAW,1716509878,SERVO_OUTPUT_RAW,0,0,0,0,0,0,0,0,1000,1000,1000,1000,0,0,0,0,0
2025-12-15 01:02:41.406,SERVO_OUTPUT_RAW,1716609882,SERVO_OUTPUT_RAW,0,0,0,0,0,0,0,0,1000,1000,1000,1000,0,0,0,0,0
2025-12-15 01:02:41.506,SERVO_OUTPUT_RAW,1716709792,SERVO_OUTPUT_RAW,0,0,0,0,0,0,0,0,1000,1000,1000,1000,0,0,0,0,0
2025-12-15 01:02:41.606,SERVO_OUTPUT_RAW,1716809807,SERVO_OUTPUT_RAW,0,0,0,0,0,0,0,0,1000,1000,1000,1000,0,0,0,0,0
2025-12-15 01:02:41.706,SERVO_OUTPUT_RAW,1716909790,SERVO_OUTPUT_RAW,0,0,0,0,0,0,0,0,1000,1000,1000,1000,0,0,0,0,0
2025-12-15 01:02:41.806,SERVO_OUTPUT_RAW,1717009794,SERVO_OUTPUT_RAW,0,0,0,0,0,0,0,0,1000,1000,1000,1000,0,0,0,0,0
2025-12-15 01:02:41.906,SERVO_OUTPUT_RAW,1717109834,SERVO_OUTPUT_RAW,0,0,0,0,0,0,0,0,1000,1000,1000,1000,0,0,0,0,0
2025-12-15 01:02:42.006,SERVO_OUTPUT_RAW,1717209786,SERVO_OUTPUT_RAW,0,0,0,0,0,0,0,0,1000,1000,1000,1000,0,0,0,0,0
2025-12-15 01:02:42.106,SERVO_OUTPUT_RAW,1717309800,SERVO_OUTPUT_RAW,0,0,0,0,0,0,0,0,1000,1000,1000,1000,0,0,0,0,0
2025-12-15 01:02:42.206,SERVO_OUTPUT_RAW,1717409834,SERVO_OUTPUT_RAW,0,0,0,0,0,0,0,0,1000,1000,1000,1000,0,0,0,0,0
2025-12-15 01:02:42.306,SERVO_OUTPUT_RAW,1717509816,SERVO_OUTPUT_RAW,0,0,0,0,0,0,0,0,1000,1000,1000,1000,0,0,0,0,0
2025-12-15 01:02:42.408,SERVO_OUTPUT_RAW,1717609840,SERVO_OUTPUT_RAW,0,0,0,0,0,0,0,0,1000,1000,1000,1000,0,0,0,0,0
2025-12-15 01:02:42.506,SERVO_OUTPUT_RAW,1717709778,SERVO_OUTPUT_RAW,0,0,0,0,0,0,0,0,1000,1000,1000,1000,0,0,0,0,0
2025-12-15 01:02:42.606,SERVO_OUTPUT_RAW,1717809780,SERVO_OUTPUT_RAW,0,0,0,0,0,0,0,0,1000,1000,1000,1000,0,0,0,0,0
2025-12-15 01:02:42.706,SERVO_OUTPUT_RAW,1717909819,SERVO_OUTPUT_RAW,0,0,0,0,0,0,0,0,1000,1000,1000,1000,0,0,0,0,0
2025-12-15 01:02:42.806,SERVO_OUTPUT_RAW,1718009814,SERVO_OUTPUT_RAW,0,0,0,0,0,0,0,0,1000,1000,1000,1000,0,0,0,0,0
2025-12-15 01:02:42.906,SERVO_OUTPUT_RAW,1718109780,SERVO_OUTPUT_RAW,0,0,0,0,0,0,0,0,1000,1000,1000,1000,0,0,0,0,0
2025-12-15 01:02:43.006,SERVO_OUTPUT_RAW,1718209780,SERVO_OUTPUT_RAW,0,0,0,0,0,0,0,0,1000,1000,1000,1000,0,0,0,0,0
2025-12-15 01:02:43.106,SERVO_OUTPUT_RAW,1718309798,SERVO_OUTPUT_RAW,0,0,0,0,0,0,0,0,1000,1000,1000,1000,0,0,0,0,0
2025-12-15 01:02:43.206,SERVO_OUTPUT_RAW,1718409798,SERVO_OUTPUT_RAW,0,0,0,0,0,0,0,0,1000,1000,1000,1000,0,0,0,0,0
2025-12-15 01:02:43.306,SERVO_OUTPUT_RAW,1718509804,SERVO_OUTPUT_RAW,0,0,0,0,0,0,0,0,1000,1000,1000,1000,0,0,0,0,0
2025-12-15 01:02:43.406,SERVO_OUTPUT_RAW,1718609808,SERVO_OUTPUT_RAW,0,0,0,0,0,0,0,0,1000,1000,1000,1000,0,0,0,0,0
2025-12-15 01:02:43.507,SERVO_OUTPUT_RAW,1718712143,SERVO_OUTPUT_RAW,0,0,0,0,0,0,0,0,1000,1000,1000,1000,0,0,0,0,0
2025-12-15 01:02:43.606,SERVO_OUTPUT_RAW,1718809844,SERVO_OUTPUT_RAW,0,0,0,0,0,0,0,0,1000,1000,1000,1000,0,0,0,0,0
2025-12-15 01:02:43.706,SERVO_OUTPUT_RAW,1718909819,SERVO_OUTPUT_RAW,0,0,0,0,0,0,0,0,1000,1000,1000,1000,0,0,0,0,0
2025-12-15 01:02:43.807,SERVO_OUTPUT_RAW,1719009801,SERVO_OUTPUT_RAW,0,0,0,0,0,0,0,0,1000,1000,1000,1000,0,0,0,0,0
2025-12-15 01:02:43.906,SERVO_OUTPUT_RAW,1719109829,SERVO_OUTPUT_RAW,0,0,0,0,0,0,0,0,1000,1000,1000,1000,0,0,0,0,0
2025-12-15 01:02:44.006,SERVO_OUTPUT_RAW,1719209899,SERVO_OUTPUT_RAW,0,0,0,0,0,0,0,0,1000,1000,1000,1000,0,0,0,0,0
2025-12-15 01:02:44.106,SERVO_OUTPUT_RAW,1719309793,SERVO_OUTPUT_RAW,0,0,0,0,0,0,0,0,1000,1000,1000,1000,0,0,0,0,0
2025-12-15 01:02:44.206,SERVO_OUTPUT_RAW,1719409800,SERVO_OUTPUT_RAW,0,0,0,0,0,0,0,0,1000,1000,1000,1000,0,0,0,0,0
2025-12-15 01:02:44.306,SERVO_OUTPUT_RAW,1719509831,SERVO_OUTPUT_RAW,0,0,0,0,0,0,0,0,1000,1000,1000,1000,0,0,0,0,0
2025-12-15 01:02:44.406,SERVO_OUTPUT_RAW,1719609816,SERVO_OUTPUT_RAW,0,0,0,0,0,0,0,0,1000,1000,1000,1000,0,0,0,0,0
2025-12-15 01:02:44.506,SERVO_OUTPUT_RAW,1719709790,SERVO_OUTPUT_RAW,0,0,0,0,0,0,0,0,1000,1000,1000,1000,0,0,0,0,0
2025-12-15 01:02:44.606,SERVO_OUTPUT_RAW,1719809793,SERVO_OUTPUT_RAW,0,0,0,0,0,0,0,0,1000,1000,1000,1000,0,0,0,0,0
2025-12-15 01:02:44.706,SERVO_OUTPUT_RAW,1719909807,SERVO_OUTPUT_RAW,0,0,0,0,0,0,0,0,1000,1000,1000,1000,0,0,0,0,0
2025-12-15 01:02:44.806,SERVO_OUTPUT_RAW,1720009792,SERVO_OUTPUT_RAW,0,0,0,0,0,0,0,0,1000,1000,1000,1000,0,0,0,0,0
2025-12-15 01:02:44.907,SERVO_OUTPUT_RAW,1720109806,SERVO_OUTPUT_RAW,0,0,0,0,0,0,0,0,1000,1000,1000,1000,0,0,0,0,0
2025-12-15 01:02:45.006,SERVO_OUTPUT_RAW,1720209770,SERVO_OUTPUT_RAW,0,0,0,0,0,0,0,0,1000,1000,1000,1000,0,0,0,0,0
2025-12-15 01:02:45.106,SERVO_OUTPUT_RAW,1720309841,SERVO_OUTPUT_RAW,0,0,0,0,0,0,0,0,1000,1000,1000,1000,0,0,0,0,0
2025-12-15 01:02:45.206,SERVO_OUTPUT_RAW,1720409848,SERVO_OUTPUT_RAW,0,0,0,0,0,0,0,0,1000,1000,1000,1000,0,0,0,0,0
2025-12-15 01:02:45.306,SERVO_OUTPUT_RAW,1720509779,SERVO_OUTPUT_RAW,0,0,0,0,0,0,0,0,1000,1000,1000,1000,0,0,0,0,0
2025-12-15 01:02:45.406,SERVO_OUTPUT_RAW,1720609814,SERVO_OUTPUT_RAW,0,0,0,0,0,0,0,0,1000,1000,1000,1000,0,0,0,0,0
2025-12-15 01:02:45.507,SERVO_OUTPUT_RAW,1720709841,SERVO_OUTPUT_RAW,0,0,0,0,0,0,0,0,1000,1000,1000,1000,0,0,0,0,0
2025-12-15 01:02:45.606,SERVO_OUTPUT_RAW,1720812016,SERVO_OUTPUT_RAW,0,0,0,0,0,0,0,0,1000,1000,1000,1000,0,0,0,0,0
2025-12-15 01:02:45.706,SERVO_OUTPUT_RAW,1720909792,SERVO_OUTPUT_RAW,0,0,0,0,0,0,0,0,1000,1000,1000,1000,0,0,0,0,0
2025-12-15 01:02:45.806,SERVO_OUTPUT_RAW,1721009836,SERVO_OUTPUT_RAW,0,0,0,0,0,0,0,0,1000,1000,1000,1000,0,0,0,0,0
2025-12-15 01:02:45.907,SERVO_OUTPUT_RAW,1721109824,SERVO_OUTPUT_RAW,0,0,0,0,0,0,0,0,1000,1000,1000,1000,0,0,0,0,0
2025-12-15 01:02:46.006,SERVO_OUTPUT_RAW,1721209790,SERVO_OUTPUT_RAW,0,0,0,0,0,0,0,0,1000,1000,1000,1000,0,0,0,0,0
2025-12-15 01:02:46.106,SERVO_OUTPUT_RAW,1721309797,SERVO_OUTPUT_RAW,0,0,0,0,0,0,0,0,1000,1000,1000,1000,0,0,0,0,0
2025-12-15 01:02:46.205,SERVO_OUTPUT_RAW,1721409789,SERVO_OUTPUT_RAW,0,0,0,0,0,0,0,0,1000,1000,1000,1000,0,0,0,0,0
2025-12-15 01:02:46.305,SERVO_OUTPUT_RAW,1721509785,SERVO_OUTPUT_RAW,0,0,0,0,0,0,0,0,1000,1000,1000,1000,0,0,0,0,0
2025-12-15 01:02:46.405,SERVO_OUTPUT_RAW,1721609797,SERVO_OUTPUT_RAW,0,0,0,0,0,0,0,0,1000,1000,1000,1000,0,0,0,0,0
2025-12-15 01:02:46.506,SERVO_OUTPUT_RAW,1721709798,SERVO_OUTPUT_RAW,0,0,0,0,0,0,0,0,1000,1000,1000,1000,0,0,0,0,0
2025-12-15 01:02:46.605,SERVO_OUTPUT_RAW,1721809822,SERVO_OUTPUT_RAW,0,0,0,0,0,0,0,0,1000,1000,1000,1000,0,0,0,0,0
2025-12-15 01:02:46.705,SERVO_OUTPUT_RAW,1721912142,SERVO_OUTPUT_RAW,0,0,0,0,0,0,0,0,1000,1000,1000,1000,0,0,0,0,0
2025-12-15 01:02:46.805,SERVO_OUTPUT_RAW,1722009802,SERVO_OUTPUT_RAW,0,0,0,0,0,0,0,0,1000,1000,1000,1000,0,0,0,0,0
2025-12-15 01:02:46.906,SERVO_OUTPUT_RAW,1722109792,SERVO_OUTPUT_RAW,0,0,0,0,0,0,0,0,1000,1000,1000,1000,0,0,0,0,0
2025-12-15 01:02:47.005,SERVO_OUTPUT_RAW,1722209837,SERVO_OUTPUT_RAW,0,0,0,0,0,0,0,0,1000,1000,1000,1000,0,0,0,0,0
2025-12-15 01:02:47.106,SERVO_OUTPUT_RAW,1722309837,SERVO_OUTPUT_RAW,0,0,0,0,0,0,0,0,1000,1000,1000,1000,0,0,0,0,0
2025-12-15 01:02:47.206,SERVO_OUTPUT_RAW,1722409782,SERVO_OUTPUT_RAW,0,0,0,0,0,0,0,0,1000,1000,1000,1000,0,0,0,0,0
2025-12-15 01:02:47.306,SERVO_OUTPUT_RAW,1722509798,SERVO_OUTPUT_RAW,0,0,0,0,0,0,0,0,1000,1000,1000,1000,0,0,0,0,0
2025-12-15 01:02:47.407,SERVO_OUTPUT_RAW,1722609848,SERVO_OUTPUT_RAW,0,0,0,0,0,0,0,0,1000,1000,1000,1000,0,0,0,0,0
2025-12-15 01:02:47.506,SERVO_OUTPUT_RAW,1722709817,SERVO_OUTPUT_RAW,0,0,0,0,0,0,0,0,1000,1000,1000,1000,0,0,0,0,0
2025-12-15 01:02:47.606,SERVO_OUTPUT_RAW,1722809794,SERVO_OUTPUT_RAW,0,0,0,0,0,0,0,0,1000,1000,1000,1000,0,0,0,0,0
2025-12-15 01:02:47.706,SERVO_OUTPUT_RAW,1722909872,SERVO_OUTPUT_RAW,0,0,0,0,0,0,0,0,1000,1000,1000,1000,0,0,0,0,0
2025-12-15 01:02:47.806,SERVO_OUTPUT_RAW,1723009794,SERVO_OUTPUT_RAW,0,0,0,0,0,0,0,0,1000,1000,1000,1000,0,0,0,0,0
2025-12-15 01:02:47.906,SERVO_OUTPUT_RAW,1723109783,SERVO_OUTPUT_RAW,0,0,0,0,0,0,0,0,1000,1000,1000,1000,0,0,0,0,0
2025-12-15 01:02:48.006,SERVO_OUTPUT_RAW,1723209788,SERVO_OUTPUT_RAW,0,0,0,0,0,0,0,0,1000,1000,1000,1000,0,0,0,0,0
2025-12-15 01:02:48.106,SERVO_OUTPUT_RAW,1723309812,SERVO_OUTPUT_RAW,0,0,0,0,0,0,0,0,1000,1000,1000,1000,0,0,0,0,0
2025-12-15 01:02:48.206,SERVO_OUTPUT_RAW,1723409838,SERVO_OUTPUT_RAW,0,0,0,0,0,0,0,0,1000,1000,1000,1000,0,0,0,0,0
2025-12-15 01:02:48.306,SERVO_OUTPUT_RAW,1723509786,SERVO_OUTPUT_RAW,0,0,0,0,0,0,0,0,1000,1000,1000,1000,0,0,0,0,0
2025-12-15 01:02:48.406,SERVO_OUTPUT_RAW,1723609799,SERVO_OUTPUT_RAW,0,0,0,0,0,0,0,0,1000,1000,1000,1000,0,0,0,0,0
2025-12-15 01:02:48.506,SERVO_OUTPUT_RAW,1723709857,SERVO_OUTPUT_RAW,0,0,0,0,0,0,0,0,1000,1000,1000,1000,0,0,0,0,0
2025-12-15 01:02:48.606,SERVO_OUTPUT_RAW,1723809844,SERVO_OUTPUT_RAW,0,0,0,0,0,0,0,0,1000,1000,1000,1000,0,0,0,0,0
2025-12-15 01:02:48.706,SERVO_OUTPUT_RAW,1723909859,SERVO_OUTPUT_RAW,0,0,0,0,0,0,0,0,1000,1000,1000,1000,0,0,0,0,0
2025-12-15 01:02:48.806,SERVO_OUTPUT_RAW,1724009785,SERVO_OUTPUT_RAW,0,0,0,0,0,0,0,0,1000,1000,1000,1000,0,0,0,0,0
2025-12-15 01:02:48.906,SERVO_OUTPUT_RAW,1724109828,SERVO_OUTPUT_RAW,0,0,0,0,0,0,0,0,1000,1000,1000,1000,0,0,0,0,0
2025-12-15 01:02:49.006,SERVO_OUTPUT_RAW,1724209824,SERVO_OUTPUT_RAW,0,0,0,0,0,0,0,0,1000,1000,1000,1000,0,0,0,0,0
2025-12-15 01:02:49.106,SERVO_OUTPUT_RAW,1724309786,SERVO_OUTPUT_RAW,0,0,0,0,0,0,0,0,1000,1000,1000,1000,0,0,0,0,0
2025-12-15 01:02:49.206,SERVO_OUTPUT_RAW,1724409798,SERVO_OUTPUT_RAW,0,0,0,0,0,0,0,0,1000,1000,1000,1000,0,0,0,0,0
2025-12-15 01:02:49.306,SERVO_OUTPUT_RAW,1724509798,SERVO_OUTPUT_RAW,0,0,0,0,0,0,0,0,1000,1000,1000,1000,0,0,0,0,0
2025-12-15 01:02:49.406,SERVO_OUTPUT_RAW,1724609801,SERVO_OUTPUT_RAW,0,0,0,0,0,0,0,0,1000,1000,1000,1000,0,0,0,0,0
2025-12-15 01:02:49.506,SERVO_OUTPUT_RAW,1724709781,SERVO_OUTPUT_RAW,0,0,0,0,0,0,0,0,1000,1000,1000,1000,0,0,0,0,0
2025-12-15 01:02:49.606,SERVO_OUTPUT_RAW,1724809806,SERVO_OUTPUT_RAW,0,0,0,0,0,0,0,0,1000,1000,1000,1000,0,0,0,0,0
2025-12-15 01:02:49.706,SERVO_OUTPUT_RAW,1724909839,SERVO_OUTPUT_RAW,0,0,0,0,0,0,0,0,1000,1000,1000,1000,0,0,0,0,0
2025-12-15 01:02:49.806,SERVO_OUTPUT_RAW,1725009904,SERVO_OUTPUT_RAW,0,0,0,0,0,0,0,0,1000,1000,1000,1000,0,0,0,0,0
2025-12-15 01:02:49.906,SERVO_OUTPUT_RAW,1725109797,SERVO_OUTPUT_RAW,0,0,0,0,0,0,0,0,1000,1000,1000,1000,0,0,0,0,0
2025-12-15 01:02:50.006,SERVO_OUTPUT_RAW,1725209809,SERVO_OUTPUT_RAW,0,0,0,0,0,0,0,0,1000,1000,1000,1000,0,0,0,0,0
2025-12-15 01:02:50.106,SERVO_OUTPUT_RAW,1725309821,SERVO_OUTPUT_RAW,0,0,0,0,0,0,0,0,1000,1000,1000,1000,0,0,0,0,0
2025-12-15 01:02:50.206,SERVO_OUTPUT_RAW,1725409850,SERVO_OUTPUT_RAW,0,0,0,0,0,0,0,0,1000,1000,1000,1000,0,0,0,0,0
2025-12-15 01:02:50.306,SERVO_OUTPUT_RAW,1725509913,SERVO_OUTPUT_RAW,0,0,0,0,0,0,0,0,1000,1000,1000,1000,0,0,0,0,0
2025-12-15 01:02:50.406,SERVO_OUTPUT_RAW,1725609789,SERVO_OUTPUT_RAW,0,0,0,0,0,0,0,0,1000,1000,1000,1000,0,0,0,0,0
2025-12-15 01:02:50.506,SERVO_OUTPUT_RAW,1725709825,SERVO_OUTPUT_RAW,0,0,0,0,0,0,0,0,1000,1000,1000,1000,0,0,0,0,0
2025-12-15 01:02:50.606,SERVO_OUTPUT_RAW,1725809820,SERVO_OUTPUT_RAW,0,0,0,0,0,0,0,0,1000,1000,1000,1000,0,0,0,0,0
2025-12-15 01:02:50.706,SERVO_OUTPUT_RAW,1725909795,SERVO_OUTPUT_RAW,0,0,0,0,0,0,0,0,1000,1000,1000,1000,0,0,0,0,0
2025-12-15 01:02:50.806,SERVO_OUTPUT_RAW,1726009791,SERVO_OUTPUT_RAW,0,0,0,0,0,0,0,0,1000,1000,1000,1000,0,0,0,0,0
2025-12-15 01:02:50.906,SERVO_OUTPUT_RAW,1726109785,SERVO_OUTPUT_RAW,0,0,0,0,0,0,0,0,1000,1000,1000,1000,0,0,0,0,0
2025-12-15 01:02:51.007,SERVO_OUTPUT_RAW,1726209784,SERVO_OUTPUT_RAW,0,0,0,0,0,0,0,0,1000,1000,1000,1000,0,0,0,0,0
2025-12-15 01:02:51.106,SERVO_OUTPUT_RAW,1726309790,SERVO_OUTPUT_RAW,0,0,0,0,0,0,0,0,1000,1000,1000,1000,0,0,0,0,0
2025-12-15 01:02:51.206,SERVO_OUTPUT_RAW,1726409815,SERVO_OUTPUT_RAW,0,0,0,0,0,0,0,0,1000,1000,1000,1000,0,0,0,0,0
2025-12-15 01:02:51.306,SERVO_OUTPUT_RAW,1726509838,SERVO_OUTPUT_RAW,0,0,0,0,0,0,0,0,1000,1000,1000,1000,0,0,0,0,0
2025-12-15 01:02:51.407,SERVO_OUTPUT_RAW,1726609828,SERVO_OUTPUT_RAW,0,0,0,0,0,0,0,0,1000,1000,1000,1000,0,0,0,0,0
2025-12-15 01:02:51.506,SERVO_OUTPUT_RAW,1726709772,SERVO_OUTPUT_RAW,0,0,0,0,0,0,0,0,1000,1000,1000,1000,0,0,0,0,0
2025-12-15 01:02:51.606,SERVO_OUTPUT_RAW,1726809807,SERVO_OUTPUT_RAW,0,0,0,0,0,0,0,0,1000,1000,1000,1000,0,0,0,0,0
2025-12-15 01:02:51.707,SERVO_OUTPUT_RAW,1726909840,SERVO_OUTPUT_RAW,0,0,0,0,0,0,0,0,1000,1000,1000,1000,0,0,0,0,0
2025-12-15 01:02:51.806,SERVO_OUTPUT_RAW,1727009845,SERVO_OUTPUT_RAW,0,0,0,0,0,0,0,0,1000,1000,1000,1000,0,0,0,0,0
2025-12-15 01:02:51.906,SERVO_OUTPUT_RAW,1727109909,SERVO_OUTPUT_RAW,0,0,0,0,0,0,0,0,1000,1000,1000,1000,0,0,0,0,0
2025-12-15 01:02:52.007,SERVO_OUTPUT_RAW,1727209788,SERVO_OUTPUT_RAW,0,0,0,0,0,0,0,0,1000,1000,1000,1000,0,0,0,0,0
2025-12-15 01:02:52.106,SERVO_OUTPUT_RAW,1727309827,SERVO_OUTPUT_RAW,0,0,0,0,0,0,0,0,1000,1000,1000,1000,0,0,0,0,0
2025-12-15 01:02:52.206,SERVO_OUTPUT_RAW,1727409836,SERVO_OUTPUT_RAW,0,0,0,0,0,0,0,0,1000,1000,1000,1000,0,0,0,0,0
2025-12-15 01:02:52.307,SERVO_OUTPUT_RAW,1727509781,SERVO_OUTPUT_RAW,0,0,0,0,0,0,0,0,1000,1000,1000,1000,0,0,0,0,0
2025-12-15 01:02:52.406,SERVO_OUTPUT_RAW,1727609790,SERVO_OUTPUT_RAW,0,0,0,0,0,0,0,0,1000,1000,1000,1000,0,0,0,0,0
2025-12-15 01:02:52.507,SERVO_OUTPUT_RAW,1727709791,SERVO_OUTPUT_RAW,0,0,0,0,0,0,0,0,1000,1000,1000,1000,0,0,0,0,0
2025-12-15 01:02:52.606,SERVO_OUTPUT_RAW,1727809786,SERVO_OUTPUT_RAW,0,0,0,0,0,0,0,0,1000,1000,1000,1000,0,0,0,0,0
2025-12-15 01:02:52.707,SERVO_OUTPUT_RAW,1727909805,SERVO_OUTPUT_RAW,0,0,0,0,0,0,0,0,1000,1000,1000,1000,0,0,0,0,0
2025-12-15 01:02:52.806,SERVO_OUTPUT_RAW,1728009822,SERVO_OUTPUT_RAW,0,0,0,0,0,0,0,0,1000,1000,1000,1000,0,0,0,0,0
2025-12-15 01:02:52.906,SERVO_OUTPUT_RAW,1728109794,SERVO_OUTPUT_RAW,0,0,0,0,0,0,0,0,1000,1000,1000,1000,0,0,0,0,0
2025-12-15 01:02:53.007,SERVO_OUTPUT_RAW,1728209910,SERVO_OUTPUT_RAW,0,0,0,0,0,0,0,0,1000,1000,1000,1000,0,0,0,0,0
2025-12-15 01:02:53.106,SERVO_OUTPUT_RAW,1728309783,SERVO_OUTPUT_RAW,0,0,0,0,0,0,0,0,1000,1000,1000,1000,0,0,0,0,0
2025-12-15 01:02:53.207,SERVO_OUTPUT_RAW,1728409856,SERVO_OUTPUT_RAW,0,0,0,0,0,0,0,0,1000,1000,1000,1000,0,0,0,0,0
2025-12-15 01:02:53.306,SERVO_OUTPUT_RAW,1728509833,SERVO_OUTPUT_RAW,0,0,0,0,0,0,0,0,1000,1000,1000,1000,0,0,0,0,0
2025-12-15 01:02:53.407,SERVO_OUTPUT_RAW,1728609802,SERVO_OUTPUT_RAW,0,0,0,0,0,0,0,0,1000,1000,1000,1000,0,0,0,0,0
2025-12-15 01:02:53.507,SERVO_OUTPUT_RAW,1728709782,SERVO_OUTPUT_RAW,0,0,0,0,0,0,0,0,1000,1000,1000,1000,0,0,0,0,0
2025-12-15 01:02:53.606,SERVO_OUTPUT_RAW,1728809803,SERVO_OUTPUT_RAW,0,0,0,0,0,0,0,0,1000,1000,1000,1000,0,0,0,0,0
2025-12-15 01:02:53.706,SERVO_OUTPUT_RAW,1728909827,SERVO_OUTPUT_RAW,0,0,0,0,0,0,0,0,1000,1000,1000,1000,0,0,0,0,0
2025-12-15 01:02:53.806,SERVO_OUTPUT_RAW,1729009788,SERVO_OUTPUT_RAW,0,0,0,0,0,0,0,0,1000,1000,1000,1000,0,0,0,0,0
2025-12-15 01:02:53.906,SERVO_OUTPUT_RAW,1729109797,SERVO_OUTPUT_RAW,0,0,0,0,0,0,0,0,1000,1000,1000,1000,0,0,0,0,0
2025-12-15 01:02:54.007,SERVO_OUTPUT_RAW,1729209878,SERVO_OUTPUT_RAW,0,0,0,0,0,0,0,0,1000,1000,1000,1000,0,0,0,0,0
2025-12-15 01:02:54.106,SERVO_OUTPUT_RAW,1729309790,SERVO_OUTPUT_RAW,0,0,0,0,0,0,0,0,1000,1000,1000,1000,0,0,0,0,0
2025-12-15 01:02:54.207,SERVO_OUTPUT_RAW,1729412111,SERVO_OUTPUT_RAW,0,0,0,0,0,0,0,0,1000,1000,1000,1000,0,0,0,0,0
2025-12-15 01:02:54.307,SERVO_OUTPUT_RAW,1729509762,SERVO_OUTPUT_RAW,0,0,0,0,0,0,0,0,1000,1000,1000,1000,0,0,0,0,0
2025-12-15 01:02:54.407,SERVO_OUTPUT_RAW,1729609826,SERVO_OUTPUT_RAW,0,0,0,0,0,0,0,0,1000,1000,1000,1000,0,0,0,0,0
2025-12-15 01:02:54.507,SERVO_OUTPUT_RAW,1729709837,SERVO_OUTPUT_RAW,0,0,0,0,0,0,0,0,1000,1000,1000,1000,0,0,0,0,0
2025-12-15 01:02:54.607,SERVO_OUTPUT_RAW,1729809781,SERVO_OUTPUT_RAW,0,0,0,0,0,0,0,0,1000,1000,1000,1000,0,0,0,0,0
2025-12-15 01:02:54.707,SERVO_OUTPUT_RAW,1729909792,SERVO_OUTPUT_RAW,0,0,0,0,0,0,0,0,1000,1000,1000,1000,0,0,0,0,0
2025-12-15 01:02:54.807,SERVO_OUTPUT_RAW,1730009844,SERVO_OUTPUT_RAW,0,0,0,0,0,0,0,0,1000,1000,1000,1000,0,0,0,0,0
2025-12-15 01:02:54.912,SERVO_OUTPUT_RAW,1730109831,SERVO_OUTPUT_RAW,0,0,0,0,0,0,0,0,1000,1000,1000,1000,0,0,0,0,0
2025-12-15 01:02:55.007,SERVO_OUTPUT_RAW,1730209777,SERVO_OUTPUT_RAW,0,0,0,0,0,0,0,0,1000,1000,1000,1000,0,0,0,0,0
2025-12-15 01:02:55.107,SERVO_OUTPUT_RAW,1730309805,SERVO_OUTPUT_RAW,0,0,0,0,0,0,0,0,1000,1000,1000,1000,0,0,0,0,0
2025-12-15 01:02:55.207,SERVO_OUTPUT_RAW,1730409824,SERVO_OUTPUT_RAW,0,0,0,0,0,0,0,0,1000,1000,1000,1000,0,0,0,0,0
2025-12-15 01:02:55.307,SERVO_OUTPUT_RAW,1730509812,SERVO_OUTPUT_RAW,0,0,0,0,0,0,0,0,1000,1000,1000,1000,0,0,0,0,0
2025-12-15 01:02:55.407,SERVO_OUTPUT_RAW,1730609793,SERVO_OUTPUT_RAW,0,0,0,0,0,0,0,0,1000,1000,1000,1000,0,0,0,0,0
2025-12-15 01:02:55.507,SERVO_OUTPUT_RAW,1730709789,SERVO_OUTPUT_RAW,0,0,0,0,0,0,0,0,1000,1000,1000,1000,0,0,0,0,0
2025-12-15 01:02:55.607,SERVO_OUTPUT_RAW,1730809794,SERVO_OUTPUT_RAW,0,0,0,0,0,0,0,0,1000,1000,1000,1000,0,0,0,0,0
2025-12-15 01:02:55.706,SERVO_OUTPUT_RAW,1730909799,SERVO_OUTPUT_RAW,0,0,0,0,0,0,0,0,1000,1000,1000,1000,0,0,0,0,0
2025-12-15 01:02:55.806,SERVO_OUTPUT_RAW,1731009797,SERVO_OUTPUT_RAW,0,0,0,0,0,0,0,0,1000,1000,1000,1000,0,0,0,0,0
2025-12-15 01:02:55.906,SERVO_OUTPUT_RAW,1731109800,SERVO_OUTPUT_RAW,0,0,0,0,0,0,0,0,1000,1000,1000,1000,0,0,0,0,0
2025-12-15 01:02:56.006,SERVO_OUTPUT_RAW,1731209771,SERVO_OUTPUT_RAW,0,0,0,0,0,0,0,0,1000,1000,1000,1000,0,0,0,0,0
2025-12-15 01:02:56.106,SERVO_OUTPUT_RAW,1731312156,SERVO_OUTPUT_RAW,0,0,0,0,0,0,0,0,1000,1000,1000,1000,0,0,0,0,0
2025-12-15 01:02:56.206,SERVO_OUTPUT_RAW,1731409778,SERVO_OUTPUT_RAW,0,0,0,0,0,0,0,0,1000,1000,1000,1000,0,0,0,0,0
2025-12-15 01:02:56.306,SERVO_OUTPUT_RAW,1731509817,SERVO_OUTPUT_RAW,0,0,0,0,0,0,0,0,1000,1000,1000,1000,0,0,0,0,0
2025-12-15 01:02:56.406,SERVO_OUTPUT_RAW,1731609838,SERVO_OUTPUT_RAW,0,0,0,0,0,0,0,0,1000,1000,1000,1000,0,0,0,0,0
2025-12-15 01:02:56.506,SERVO_OUTPUT_RAW,1731709839,SERVO_OUTPUT_RAW,0,0,0,0,0,0,0,0,1000,1000,1000,1000,0,0,0,0,0
2025-12-15 01:02:56.606,SERVO_OUTPUT_RAW,1731809791,SERVO_OUTPUT_RAW,0,0,0,0,0,0,0,0,1000,1000,1000,1000,0,0,0,0,0
2025-12-15 01:02:56.706,SERVO_OUTPUT_RAW,1731909813,SERVO_OUTPUT_RAW,0,0,0,0,0,0,0,0,1000,1000,1000,1000,0,0,0,0,0
2025-12-15 01:02:56.806,SERVO_OUTPUT_RAW,1732009818,SERVO_OUTPUT_RAW,0,0,0,0,0,0,0,0,1000,1000,1000,1000,0,0,0,0,0
2025-12-15 01:02:56.906,SERVO_OUTPUT_RAW,1732109776,SERVO_OUTPUT_RAW,0,0,0,0,0,0,0,0,1000,1000,1000,1000,0,0,0,0,0
2025-12-15 01:02:57.006,SERVO_OUTPUT_RAW,1732209794,SERVO_OUTPUT_RAW,0,0,0,0,0,0,0,0,1000,1000,1000,1000,0,0,0,0,0
2025-12-15 01:02:57.106,SERVO_OUTPUT_RAW,1732309803,SERVO_OUTPUT_RAW,0,0,0,0,0,0,0,0,1000,1000,1000,1000,0,0,0,0,0
2025-12-15 01:02:57.206,SERVO_OUTPUT_RAW,1732409791,SERVO_OUTPUT_RAW,0,0,0,0,0,0,0,0,1000,1000,1000,1000,0,0,0,0,0
2025-12-15 01:02:57.306,SERVO_OUTPUT_RAW,1732509794,SERVO_OUTPUT_RAW,0,0,0,0,0,0,0,0,1000,1000,1000,1000,0,0,0,0,0
2025-12-15 01:02:57.407,SERVO_OUTPUT_RAW,1732609785,SERVO_OUTPUT_RAW,0,0,0,0,0,0,0,0,1000,1000,1000,1000,0,0,0,0,0
2025-12-15 01:02:57.506,SERVO_OUTPUT_RAW,1732709830,SERVO_OUTPUT_RAW,0,0,0,0,0,0,0,0,1000,1000,1000,1000,0,0,0,0,0
2025-12-15 01:02:57.606,SERVO_OUTPUT_RAW,1732809841,SERVO_OUTPUT_RAW,0,0,0,0,0,0,0,0,1000,1000,1000,1000,0,0,0,0,0
2025-12-15 01:02:57.706,SERVO_OUTPUT_RAW,1732909807,SERVO_OUTPUT_RAW,0,0,0,0,0,0,0,0,1000,1000,1000,1000,0,0,0,0,0
2025-12-15 01:02:57.806,SERVO_OUTPUT_RAW,1733009792,SERVO_OUTPUT_RAW,0,0,0,0,0,0,0,0,1000,1000,1000,1000,0,0,0,0,0
2025-12-15 01:02:57.906,SERVO_OUTPUT_RAW,1733109809,SERVO_OUTPUT_RAW,0,0,0,0,0,0,0,0,1000,1000,1000,1000,0,0,0,0,0
2025-12-15 01:02:58.006,SERVO_OUTPUT_RAW,1733209843,SERVO_OUTPUT_RAW,0,0,0,0,0,0,0,0,1000,1000,1000,1000,0,0,0,0,0
2025-12-15 01:02:58.106,SERVO_OUTPUT_RAW,1733309851,SERVO_OUTPUT_RAW,0,0,0,0,0,0,0,0,1000,1000,1000,1000,0,0,0,0,0
2025-12-15 01:02:58.206,SERVO_OUTPUT_RAW,1733409906,SERVO_OUTPUT_RAW,0,0,0,0,0,0,0,0,1000,1000,1000,1000,0,0,0,0,0
2025-12-15 01:02:58.306,SERVO_OUTPUT_RAW,1733509816,SERVO_OUTPUT_RAW,0,0,0,0,0,0,0,0,1000,1000,1000,1000,0,0,0,0,0
2025-12-15 01:02:58.406,SERVO_OUTPUT_RAW,1733609837,SERVO_OUTPUT_RAW,0,0,0,0,0,0,0,0,1000,1000,1000,1000,0,0,0,0,0
2025-12-15 01:02:58.506,SERVO_OUTPUT_RAW,1733709784,SERVO_OUTPUT_RAW,0,0,0,0,0,0,0,0,1000,1000,1000,1000,0,0,0,0,0
2025-12-15 01:02:58.606,SERVO_OUTPUT_RAW,1733809779,SERVO_OUTPUT_RAW,0,0,0,0,0,0,0,0,1000,1000,1000,1000,0,0,0,0,0
2025-12-15 01:02:58.707,SERVO_OUTPUT_RAW,1733909821,SERVO_OUTPUT_RAW,0,0,0,0,0,0,0,0,1000,1000,1000,1000,0,0,0,0,0
2025-12-15 01:02:58.806,SERVO_OUTPUT_RAW,1734009779,SERVO_OUTPUT_RAW,0,0,0,0,0,0,0,0,1000,1000,1000,1000,0,0,0,0,0
2025-12-15 01:02:58.906,SERVO_OUTPUT_RAW,1734109782,SERVO_OUTPUT_RAW,0,0,0,0,0,0,0,0,1000,1000,1000,1000,0,0,0,0,0
2025-12-15 01:02:59.006,SERVO_OUTPUT_RAW,1734209819,SERVO_OUTPUT_RAW,0,0,0,0,0,0,0,0,1000,1000,1000,1000,0,0,0,0,0
2025-12-15 01:02:59.106,SERVO_OUTPUT_RAW,1734309836,SERVO_OUTPUT_RAW,0,0,0,0,0,0,0,0,1000,1000,1000,1000,0,0,0,0,0
2025-12-15 01:02:59.206,SERVO_OUTPUT_RAW,1734409832,SERVO_OUTPUT_RAW,0,0,0,0,0,0,0,0,1000,1000,1000,1000,0,0,0,0,0
2025-12-15 01:02:59.306,SERVO_OUTPUT_RAW,1734509812,SERVO_OUTPUT_RAW,0,0,0,0,0,0,0,0,1000,1000,1000,1000,0,0,0,0,0
2025-12-15 01:02:59.406,SERVO_OUTPUT_RAW,1734609819,SERVO_OUTPUT_RAW,0,0,0,0,0,0,0,0,1000,1000,1000,1000,0,0,0,0,0
2025-12-15 01:02:59.506,SERVO_OUTPUT_RAW,1734709836,SERVO_OUTPUT_RAW,0,0,0,0,0,0,0,0,1000,1000,1000,1000,0,0,0,0,0
2025-12-15 01:02:59.606,SERVO_OUTPUT_RAW,1734809857,SERVO_OUTPUT_RAW,0,0,0,0,0,0,0,0,1000,1000,1000,1000,0,0,0,0,0
2025-12-15 01:02:59.706,SERVO_OUTPUT_RAW,1734909841,SERVO_OUTPUT_RAW,0,0,0,0,0,0,0,0,1000,1000,1000,1000,0,0,0,0,0
2025-12-15 01:02:59.806,SERVO_OUTPUT_RAW,1735009792,SERVO_OUTPUT_RAW,0,0,0,0,0,0,0,0,1000,1000,1000,1000,0,0,0,0,0
2025-12-15 01:02:59.906,SERVO_OUTPUT_RAW,1735109811,SERVO_OUTPUT_RAW,0,0,0,0,0,0,0,0,1000,1000,1000,1000,0,0,0,0,0
2025-12-15 01:03:00.006,SERVO_OUTPUT_RAW,1735209813,SERVO_OUTPUT_RAW,0,0,0,0,0,0,0,0,1000,1000,1000,1000,0,0,0,0,0
2025-12-15 01:03:00.106,SERVO_OUTPUT_RAW,1735309784,SERVO_OUTPUT_RAW,0,0,0,0,0,0,0,0,1000,1000,1000,1000,0,0,0,0,0
2025-12-15 01:03:00.206,SERVO_OUTPUT_RAW,1735409797,SERVO_OUTPUT_RAW,0,0,0,0,0,0,0,0,1000,1000,1000,1000,0,0,0,0,0
2025-12-15 01:03:00.306,SERVO_OUTPUT_RAW,1735509842,SERVO_OUTPUT_RAW,0,0,0,0,0,0,0,0,1000,1000,1000,1000,0,0,0,0,0
2025-12-15 01:03:00.406,SERVO_OUTPUT_RAW,1735609780,SERVO_OUTPUT_RAW,0,0,0,0,0,0,0,0,1000,1000,1000,1000,0,0,0,0,0
2025-12-15 01:03:00.506,SERVO_OUTPUT_RAW,1735712116,SERVO_OUTPUT_RAW,0,0,0,0,0,0,0,0,1000,1000,1000,1000,0,0,0,0,0
2025-12-15 01:03:00.607,SERVO_OUTPUT_RAW,1735809852,SERVO_OUTPUT_RAW,0,0,0,0,0,0,0,0,1000,1000,1000,1000,0,0,0,0,0
2025-12-15 01:03:00.706,SERVO_OUTPUT_RAW,1735909840,SERVO_OUTPUT_RAW,0,0,0,0,0,0,0,0,1000,1000,1000,1000,0,0,0,0,0
2025-12-15 01:03:00.806,SERVO_OUTPUT_RAW,1736009820,SERVO_OUTPUT_RAW,0,0,0,0,0,0,0,0,1000,1000,1000,1000,0,0,0,0,0
2025-12-15 01:03:00.906,SERVO_OUTPUT_RAW,1736109784,SERVO_OUTPUT_RAW,0,0,0,0,0,0,0,0,1000,1000,1000,1000,0,0,0,0,0
2025-12-15 01:03:01.006,SERVO_OUTPUT_RAW,1736209824,SERVO_OUTPUT_RAW,0,0,0,0,0,0,0,0,1000,1000,1000,1000,0,0,0,0,0
2025-12-15 01:03:01.106,SERVO_OUTPUT_RAW,1736309857,SERVO_OUTPUT_RAW,0,0,0,0,0,0,0,0,1000,1000,1000,1000,0,0,0,0,0
2025-12-15 01:03:01.206,SERVO_OUTPUT_RAW,1736409801,SERVO_OUTPUT_RAW,0,0,0,0,0,0,0,0,1000,1000,1000,1000,0,0,0,0,0
2025-12-15 01:03:01.306,SERVO_OUTPUT_RAW,1736509782,SERVO_OUTPUT_RAW,0,0,0,0,0,0,0,0,1000,1000,1000,1000,0,0,0,0,0
2025-12-15 01:03:01.407,SERVO_OUTPUT_RAW,1736609799,SERVO_OUTPUT_RAW,0,0,0,0,0,0,0,0,1000,1000,1000,1000,0,0,0,0,0
2025-12-15 01:03:01.506,SERVO_OUTPUT_RAW,1736709810,SERVO_OUTPUT_RAW,0,0,0,0,0,0,0,0,1000,1000,1000,1000,0,0,0,0,0
2025-12-15 01:03:01.607,SERVO_OUTPUT_RAW,1736809843,SERVO_OUTPUT_RAW,0,0,0,0,0,0,0,0,1000,1000,1000,1000,0,0,0,0,0
2025-12-15 01:03:01.706,SERVO_OUTPUT_RAW,1736909783,SERVO_OUTPUT_RAW,0,0,0,0,0,0,0,0,1000,1000,1000,1000,0,0,0,0,0
2025-12-15 01:03:01.806,SERVO_OUTPUT_RAW,1737009786,SERVO_OUTPUT_RAW,0,0,0,0,0,0,0,0,1000,1000,1000,1000,0,0,0,0,0
2025-12-15 01:03:01.907,SERVO_OUTPUT_RAW,1737109793,SERVO_OUTPUT_RAW,0,0,0,0,0,0,0,0,1000,1000,1000,1000,0,0,0,0,0
2025-12-15 01:03:02.006,SERVO_OUTPUT_RAW,1737209801,SERVO_OUTPUT_RAW,0,0,0,0,0,0,0,0,1000,1000,1000,1000,0,0,0,0,0
2025-12-15 01:03:02.107,SERVO_OUTPUT_RAW,1737312144,SERVO_OUTPUT_RAW,0,0,0,0,0,0,0,0,1000,1000,1000,1000,0,0,0,0,0
2025-12-15 01:03:02.207,SERVO_OUTPUT_RAW,1737409826,SERVO_OUTPUT_RAW,0,0,0,0,0,0,0,0,1000,1000,1000,1000,0,0,0,0,0
2025-12-15 01:03:02.307,SERVO_OUTPUT_RAW,1737509829,SERVO_OUTPUT_RAW,0,0,0,0,0,0,0,0,1000,1000,1000,1000,0,0,0,0,0
2025-12-15 01:03:02.408,SERVO_OUTPUT_RAW,1737612161,SERVO_OUTPUT_RAW,0,0,0,0,0,0,0,0,1000,1000,1000,1000,0,0,0,0,0
2025-12-15 01:03:02.507,SERVO_OUTPUT_RAW,1737709800,SERVO_OUTPUT_RAW,0,0,0,0,0,0,0,0,1000,1000,1000,1000,0,0,0,0,0
2025-12-15 01:03:02.607,SERVO_OUTPUT_RAW,1737809836,SERVO_OUTPUT_RAW,0,0,0,0,0,0,0,0,1000,1000,1000,1000,0,0,0,0,0
2025-12-15 01:03:02.707,SERVO_OUTPUT_RAW,1737909839,SERVO_OUTPUT_RAW,0,0,0,0,0,0,0,0,1000,1000,1000,1000,0,0,0,0,0
2025-12-15 01:03:02.807,SERVO_OUTPUT_RAW,1738009812,SERVO_OUTPUT_RAW,0,0,0,0,0,0,0,0,1000,1000,1000,1000,0,0,0,0,0
2025-12-15 01:03:02.907,SERVO_OUTPUT_RAW,1738109809,SERVO_OUTPUT_RAW,0,0,0,0,0,0,0,0,1000,1000,1000,1000,0,0,0,0,0
2025-12-15 01:03:03.007,SERVO_OUTPUT_RAW,1738209819,SERVO_OUTPUT_RAW,0,0,0,0,0,0,0,0,1000,1000,1000,1000,0,0,0,0,0
2025-12-15 01:03:03.107,SERVO_OUTPUT_RAW,1738309821,SERVO_OUTPUT_RAW,0,0,0,0,0,0,0,0,1000,1000,1000,1000,0,0,0,0,0
2025-12-15 01:03:03.207,SERVO_OUTPUT_RAW,1738409801,SERVO_OUTPUT_RAW,0,0,0,0,0,0,0,0,1000,1000,1000,1000,0,0,0,0,0
2025-12-15 01:03:03.307,SERVO_OUTPUT_RAW,1738509787,SERVO_OUTPUT_RAW,0,0,0,0,0,0,0,0,1000,1000,1000,1000,0,0,0,0,0
2025-12-15 01:03:03.407,SERVO_OUTPUT_RAW,1738609790,SERVO_OUTPUT_RAW,0,0,0,0,0,0,0,0,1000,1000,1000,1000,0,0,0,0,0
2025-12-15 01:03:03.507,SERVO_OUTPUT_RAW,1738709791,SERVO_OUTPUT_RAW,0,0,0,0,0,0,0,0,1000,1000,1000,1000,0,0,0,0,0
2025-12-15 01:03:03.607,SERVO_OUTPUT_RAW,1738809794,SERVO_OUTPUT_RAW,0,0,0,0,0,0,0,0,1000,1000,1000,1000,0,0,0,0,0
2025-12-15 01:03:03.707,SERVO_OUTPUT_RAW,1738909805,SERVO_OUTPUT_RAW,0,0,0,0,0,0,0,0,1000,1000,1000,1000,0,0,0,0,0
2025-12-15 01:03:03.807,SERVO_OUTPUT_RAW,1739009858,SERVO_OUTPUT_RAW,0,0,0,0,0,0,0,0,1000,1000,1000,1000,0,0,0,0,0
2025-12-15 01:03:03.907,SERVO_OUTPUT_RAW,1739109845,SERVO_OUTPUT_RAW,0,0,0,0,0,0,0,0,1000,1000,1000,1000,0,0,0,0,0
2025-12-15 01:03:04.007,SERVO_OUTPUT_RAW,1739209795,SERVO_OUTPUT_RAW,0,0,0,0,0,0,0,0,1000,1000,1000,1000,0,0,0,0,0
2025-12-15 01:03:04.107,SERVO_OUTPUT_RAW,1739309807,SERVO_OUTPUT_RAW,0,0,0,0,0,0,0,0,1000,1000,1000,1000,0,0,0,0,0
2025-12-15 01:03:04.207,SERVO_OUTPUT_RAW,1739409830,SERVO_OUTPUT_RAW,0,0,0,0,0,0,0,0,1000,1000,1000,1000,0,0,0,0,0
2025-12-15 01:03:04.307,SERVO_OUTPUT_RAW,1739509838,SERVO_OUTPUT_RAW,0,0,0,0,0,0,0,0,1000,1000,1000,1000,0,0,0,0,0
2025-12-15 01:03:04.407,SERVO_OUTPUT_RAW,1739609775,SERVO_OUTPUT_RAW,0,0,0,0,0,0,0,0,1000,1000,1000,1000,0,0,0,0,0
2025-12-15 01:03:04.507,SERVO_OUTPUT_RAW,1739712066,SERVO_OUTPUT_RAW,0,0,0,0,0,0,0,0,1000,1000,1000,1000,0,0,0,0,0
2025-12-15 01:03:04.607,SERVO_OUTPUT_RAW,1739809822,SERVO_OUTPUT_RAW,0,0,0,0,0,0,0,0,1000,1000,1000,1000,0,0,0,0,0
2025-12-15 01:03:04.707,SERVO_OUTPUT_RAW,1739909827,SERVO_OUTPUT_RAW,0,0,0,0,0,0,0,0,1000,1000,1000,1000,0,0,0,0,0
2025-12-15 01:03:04.807,SERVO_OUTPUT_RAW,1740009794,SERVO_OUTPUT_RAW,0,0,0,0,0,0,0,0,1000,1000,1000,1000,0,0,0,0,0
2025-12-15 01:03:04.907,SERVO_OUTPUT_RAW,1740109789,SERVO_OUTPUT_RAW,0,0,0,0,0,0,0,0,1000,1000,1000,1000,0,0,0,0,0
2025-12-15 01:03:05.007,SERVO_OUTPUT_RAW,1740209798,SERVO_OUTPUT_RAW,0,0,0,0,0,0,0,0,1000,1000,1000,1000,0,0,0,0,0
2025-12-15 01:03:05.106,SERVO_OUTPUT_RAW,1740309803,SERVO_OUTPUT_RAW,0,0,0,0,0,0,0,0,1000,1000,1000,1000,0,0,0,0,0
2025-12-15 01:03:05.206,SERVO_OUTPUT_RAW,1740409809,SERVO_OUTPUT_RAW,0,0,0,0,0,0,0,0,1000,1000,1000,1000,0,0,0,0,0
2025-12-15 01:03:05.307,SERVO_OUTPUT_RAW,1740509791,SERVO_OUTPUT_RAW,0,0,0,0,0,0,0,0,1000,1000,1000,1000,0,0,0,0,0
2025-12-15 01:03:05.406,SERVO_OUTPUT_RAW,1740609832,SERVO_OUTPUT_RAW,0,0,0,0,0,0,0,0,1000,1000,1000,1000,0,0,0,0,0
2025-12-15 01:03:05.506,SERVO_OUTPUT_RAW,1740709800,SERVO_OUTPUT_RAW,0,0,0,0,0,0,0,0,1000,1000,1000,1000,0,0,0,0,0
2025-12-15 01:03:05.607,SERVO_OUTPUT_RAW,1740809811,SERVO_OUTPUT_RAW,0,0,0,0,0,0,0,0,1000,1000,1000,1000,0,0,0,0,0
2025-12-15 01:03:05.707,SERVO_OUTPUT_RAW,1740909810,SERVO_OUTPUT_RAW,0,0,0,0,0,0,0,0,1000,1000,1000,1000,0,0,0,0,0
2025-12-15 01:03:05.807,SERVO_OUTPUT_RAW,1741009844,SERVO_OUTPUT_RAW,0,0,0,0,0,0,0,0,1000,1000,1000,1000,0,0,0,0,0
2025-12-15 01:03:05.907,SERVO_OUTPUT_RAW,1741109846,SERVO_OUTPUT_RAW,0,0,0,0,0,0,0,0,1000,1000,1000,1000,0,0,0,0,0
2025-12-15 01:03:06.006,SERVO_OUTPUT_RAW,1741209785,SERVO_OUTPUT_RAW,0,0,0,0,0,0,0,0,1000,1000,1000,1000,0,0,0,0,0
2025-12-15 01:03:06.106,SERVO_OUTPUT_RAW,1741309820,SERVO_OUTPUT_RAW,0,0,0,0,0,0,0,0,1000,1000,1000,1000,0,0,0,0,0
2025-12-15 01:03:06.206,SERVO_OUTPUT_RAW,1741409826,SERVO_OUTPUT_RAW,0,0,0,0,0,0,0,0,1000,1000,1000,1000,0,0,0,0,0
2025-12-15 01:03:06.306,SERVO_OUTPUT_RAW,1741509776,SERVO_OUTPUT_RAW,0,0,0,0,0,0,0,0,1000,1000,1000,1000,0,0,0,0,0
2025-12-15 01:03:06.406,SERVO_OUTPUT_RAW,1741609784,SERVO_OUTPUT_RAW,0,0,0,0,0,0,0,0,1000,1000,1000,1000,0,0,0,0,0
2025-12-15 01:03:06.506,SERVO_OUTPUT_RAW,1741709803,SERVO_OUTPUT_RAW,0,0,0,0,0,0,0,0,1000,1000,1000,1000,0,0,0,0,0
2025-12-15 01:03:06.606,SERVO_OUTPUT_RAW,1741809855,SERVO_OUTPUT_RAW,0,0,0,0,0,0,0,0,1000,1000,1000,1000,0,0,0,0,0
2025-12-15 01:03:06.706,SERVO_OUTPUT_RAW,1741909779,SERVO_OUTPUT_RAW,0,0,0,0,0,0,0,0,1000,1000,1000,1000,0,0,0,0,0
2025-12-15 01:03:06.806,SERVO_OUTPUT_RAW,1742009785,SERVO_OUTPUT_RAW,0,0,0,0,0,0,0,0,1000,1000,1000,1000,0,0,0,0,0
2025-12-15 01:03:06.906,SERVO_OUTPUT_RAW,1742109830,SERVO_OUTPUT_RAW,0,0,0,0,0,0,0,0,1000,1000,1000,1000,0,0,0,0,0
2025-12-15 01:03:07.006,SERVO_OUTPUT_RAW,1742209834,SERVO_OUTPUT_RAW,0,0,0,0,0,0,0,0,1000,1000,1000,1000,0,0,0,0,0
2025-12-15 01:03:07.106,SERVO_OUTPUT_RAW,1742309802,SERVO_OUTPUT_RAW,0,0,0,0,0,0,0,0,1000,1000,1000,1000,0,0,0,0,0
2025-12-15 01:03:07.206,SERVO_OUTPUT_RAW,1742409829,SERVO_OUTPUT_RAW,0,0,0,0,0,0,0,0,1000,1000,1000,1000,0,0,0,0,0
2025-12-15 01:03:07.306,SERVO_OUTPUT_RAW,1742509830,SERVO_OUTPUT_RAW,0,0,0,0,0,0,0,0,1000,1000,1000,1000,0,0,0,0,0
2025-12-15 01:03:07.406,SERVO_OUTPUT_RAW,1742612107,SERVO_OUTPUT_RAW,0,0,0,0,0,0,0,0,1000,1000,1000,1000,0,0,0,0,0
2025-12-15 01:03:07.507,SERVO_OUTPUT_RAW,1742709821,SERVO_OUTPUT_RAW,0,0,0,0,0,0,0,0,1000,1000,1000,1000,0,0,0,0,0
2025-12-15 01:03:07.606,SERVO_OUTPUT_RAW,1742809804,SERVO_OUTPUT_RAW,0,0,0,0,0,0,0,0,1000,1000,1000,1000,0,0,0,0,0
2025-12-15 01:03:07.706,SERVO_OUTPUT_RAW,1742909822,SERVO_OUTPUT_RAW,0,0,0,0,0,0,0,0,1000,1000,1000,1000,0,0,0,0,0
2025-12-15 01:03:07.806,SERVO_OUTPUT_RAW,1743009816,SERVO_OUTPUT_RAW,0,0,0,0,0,0,0,0,1000,1000,1000,1000,0,0,0,0,0
2025-12-15 01:03:07.906,SERVO_OUTPUT_RAW,1743109781,SERVO_OUTPUT_RAW,0,0,0,0,0,0,0,0,1000,1000,1000,1000,0,0,0,0,0
2025-12-15 01:03:08.006,SERVO_OUTPUT_RAW,1743209773,SERVO_OUTPUT_RAW,0,0,0,0,0,0,0,0,1000,1000,1000,1000,0,0,0,0,0
2025-12-15 01:03:08.106,SERVO_OUTPUT_RAW,1743309798,SERVO_OUTPUT_RAW,0,0,0,0,0,0,0,0,1000,1000,1000,1000,0,0,0,0,0
2025-12-15 01:03:08.206,SERVO_OUTPUT_RAW,1743409778,SERVO_OUTPUT_RAW,0,0,0,0,0,0,0,0,1000,1000,1000,1000,0,0,0,0,0
2025-12-15 01:03:08.307,SERVO_OUTPUT_RAW,1743509794,SERVO_OUTPUT_RAW,0,0,0,0,0,0,0,0,1000,1000,1000,1000,0,0,0,0,0
2025-12-15 01:03:08.406,SERVO_OUTPUT_RAW,1743609818,SERVO_OUTPUT_RAW,0,0,0,0,0,0,0,0,1000,1000,1000,1000,0,0,0,0,0
2025-12-15 01:03:08.506,SERVO_OUTPUT_RAW,1743709834,SERVO_OUTPUT_RAW,0,0,0,0,0,0,0,0,1000,1000,1000,1000,0,0,0,0,0
2025-12-15 01:03:08.606,SERVO_OUTPUT_RAW,1743809822,SERVO_OUTPUT_RAW,0,0,0,0,0,0,0,0,1000,1000,1000,1000,0,0,0,0,0
2025-12-15 01:03:08.706,SERVO_OUTPUT_RAW,1743912171,SERVO_OUTPUT_RAW,0,0,0,0,0,0,0,0,1000,1000,1000,1000,0,0,0,0,0
2025-12-15 01:03:08.806,SERVO_OUTPUT_RAW,1744009834,SERVO_OUTPUT_RAW,0,0,0,0,0,0,0,0,1000,1000,1000,1000,0,0,0,0,0
2025-12-15 01:03:08.906,SERVO_OUTPUT_RAW,1744109843,SERVO_OUTPUT_RAW,0,0,0,0,0,0,0,0,1000,1000,1000,1000,0,0,0,0,0
2025-12-15 01:03:09.006,SERVO_OUTPUT_RAW,1744209782,SERVO_OUTPUT_RAW,0,0,0,0,0,0,0,0,1000,1000,1000,1000,0,0,0,0,0
2025-12-15 01:03:09.107,SERVO_OUTPUT_RAW,1744309790,SERVO_OUTPUT_RAW,0,0,0,0,0,0,0,0,1000,1000,1000,1000,0,0,0,0,0
2025-12-15 01:03:09.207,SERVO_OUTPUT_RAW,1744409815,SERVO_OUTPUT_RAW,0,0,0,0,0,0,0,0,1000,1000,1000,1000,0,0,0,0,0
2025-12-15 01:03:09.306,SERVO_OUTPUT_RAW,1744509801,SERVO_OUTPUT_RAW,0,0,0,0,0,0,0,0,1000,1000,1000,1000,0,0,0,0,0
2025-12-15 01:03:09.407,SERVO_OUTPUT_RAW,1744609777,SERVO_OUTPUT_RAW,0,0,0,0,0,0,0,0,1000,1000,1000,1000,0,0,0,0,0
2025-12-15 01:03:09.506,SERVO_OUTPUT_RAW,1744709787,SERVO_OUTPUT_RAW,0,0,0,0,0,0,0,0,1000,1000,1000,1000,0,0,0,0,0
2025-12-15 01:03:09.607,SERVO_OUTPUT_RAW,1744809784,SERVO_OUTPUT_RAW,0,0,0,0,0,0,0,0,1000,1000,1000,1000,0,0,0,0,0
2025-12-15 01:03:09.707,SERVO_OUTPUT_RAW,1744909799,SERVO_OUTPUT_RAW,0,0,0,0,0,0,0,0,1000,1000,1000,1000,0,0,0,0,0
2025-12-15 01:03:09.806,SERVO_OUTPUT_RAW,1745009782,SERVO_OUTPUT_RAW,0,0,0,0,0,0,0,0,1000,1000,1000,1000,0,0,0,0,0
2025-12-15 01:03:09.912,SERVO_OUTPUT_RAW,1745109785,SERVO_OUTPUT_RAW,0,0,0,0,0,0,0,0,1000,1000,1000,1000,0,0,0,0,0
2025-12-15 01:03:10.007,SERVO_OUTPUT_RAW,1745209842,SERVO_OUTPUT_RAW,0,0,0,0,0,0,0,0,1000,1000,1000,1000,0,0,0,0,0
2025-12-15 01:03:10.106,SERVO_OUTPUT_RAW,1745309830,SERVO_OUTPUT_RAW,0,0,0,0,0,0,0,0,1000,1000,1000,1000,0,0,0,0,0
2025-12-15 01:03:10.207,SERVO_OUTPUT_RAW,1745409813,SERVO_OUTPUT_RAW,0,0,0,0,0,0,0,0,1000,1000,1000,1000,0,0,0,0,0
2025-12-15 01:03:10.307,SERVO_OUTPUT_RAW,1745509871,SERVO_OUTPUT_RAW,0,0,0,0,0,0,0,0,1000,1000,1000,1000,0,0,0,0,0
2025-12-15 01:03:10.407,SERVO_OUTPUT_RAW,1745609814,SERVO_OUTPUT_RAW,0,0,0,0,0,0,0,0,1000,1000,1000,1000,0,0,0,0,0
2025-12-15 01:03:10.507,SERVO_OUTPUT_RAW,1745709858,SERVO_OUTPUT_RAW,0,0,0,0,0,0,0,0,1000,1000,1000,1000,0,0,0,0,0
2025-12-15 01:03:10.607,SERVO_OUTPUT_RAW,1745809827,SERVO_OUTPUT_RAW,0,0,0,0,0,0,0,0,1000,1000,1000,1000,0,0,0,0,0
2025-12-15 01:03:10.707,SERVO_OUTPUT_RAW,1745909782,SERVO_OUTPUT_RAW,0,0,0,0,0,0,0,0,1000,1000,1000,1000,0,0,0,0,0
2025-12-15 01:03:10.807,SERVO_OUTPUT_RAW,1746009930,SERVO_OUTPUT_RAW,0,0,0,0,0,0,0,0,1000,1000,1000,1000,0,0,0,0,0
2025-12-15 01:03:10.907,SERVO_OUTPUT_RAW,1746109809,SERVO_OUTPUT_RAW,0,0,0,0,0,0,0,0,1000,1000,1000,1000,0,0,0,0,0
2025-12-15 01:03:11.007,SERVO_OUTPUT_RAW,1746209802,SERVO_OUTPUT_RAW,0,0,0,0,0,0,0,0,1000,1000,1000,1000,0,0,0,0,0
2025-12-15 01:03:11.107,SERVO_OUTPUT_RAW,1746309787,SERVO_OUTPUT_RAW,0,0,0,0,0,0,0,0,1000,1000,1000,1000,0,0,0,0,0
2025-12-15 01:03:11.207,SERVO_OUTPUT_RAW,1746409792,SERVO_OUTPUT_RAW,0,0,0,0,0,0,0,0,1000,1000,1000,1000,0,0,0,0,0
2025-12-15 01:03:11.307,SERVO_OUTPUT_RAW,1746509806,SERVO_OUTPUT_RAW,0,0,0,0,0,0,0,0,1000,1000,1000,1000,0,0,0,0,0
2025-12-15 01:03:11.407,SERVO_OUTPUT_RAW,1746609786,SERVO_OUTPUT_RAW,0,0,0,0,0,0,0,0,1000,1000,1000,1000,0,0,0,0,0
2025-12-15 01:03:11.507,SERVO_OUTPUT_RAW,1746709825,SERVO_OUTPUT_RAW,0,0,0,0,0,0,0,0,1000,1000,1000,1000,0,0,0,0,0
2025-12-15 01:03:11.607,SERVO_OUTPUT_RAW,1746809853,SERVO_OUTPUT_RAW,0,0,0,0,0,0,0,0,1000,1000,1000,1000,0,0,0,0,0
2025-12-15 01:03:11.707,SERVO_OUTPUT_RAW,1746909844,SERVO_OUTPUT_RAW,0,0,0,0,0,0,0,0,1000,1000,1000,1000,0,0,0,0,0
2025-12-15 01:03:11.807,SERVO_OUTPUT_RAW,1747009809,SERVO_OUTPUT_RAW,0,0,0,0,0,0,0,0,1000,1000,1000,1000,0,0,0,0,0
2025-12-15 01:03:11.907,SERVO_OUTPUT_RAW,1747109927,SERVO_OUTPUT_RAW,0,0,0,0,0,0,0,0,1000,1000,1000,1000,0,0,0,0,0
2025-12-15 01:03:12.007,SERVO_OUTPUT_RAW,1747209840,SERVO_OUTPUT_RAW,0,0,0,0,0,0,0,0,1000,1000,1000,1000,0,0,0,0,0
2025-12-15 01:03:12.107,SERVO_OUTPUT_RAW,1747309776,SERVO_OUTPUT_RAW,0,0,0,0,0,0,0,0,1000,1000,1000,1000,0,0,0,0,0
2025-12-15 01:03:12.207,SERVO_OUTPUT_RAW,1747409778,SERVO_OUTPUT_RAW,0,0,0,0,0,0,0,0,1000,1000,1000,1000,0,0,0,0,0
2025-12-15 01:03:12.307,SERVO_OUTPUT_RAW,1747509794,SERVO_OUTPUT_RAW,0,0,0,0,0,0,0,0,1000,1000,1000,1000,0,0,0,0,0
2025-12-15 01:03:12.408,SERVO_OUTPUT_RAW,1747609827,SERVO_OUTPUT_RAW,0,0,0,0,0,0,0,0,1000,1000,1000,1000,0,0,0,0,0
2025-12-15 01:03:12.507,SERVO_OUTPUT_RAW,1747709819,SERVO_OUTPUT_RAW,0,0,0,0,0,0,0,0,1000,1000,1000,1000,0,0,0,0,0
2025-12-15 01:03:12.607,SERVO_OUTPUT_RAW,1747809791,SERVO_OUTPUT_RAW,0,0,0,0,0,0,0,0,1000,1000,1000,1000,0,0,0,0,0
2025-12-15 01:03:12.707,SERVO_OUTPUT_RAW,1747909790,SERVO_OUTPUT_RAW,0,0,0,0,0,0,0,0,1000,1000,1000,1000,0,0,0,0,0
2025-12-15 01:03:12.807,SERVO_OUTPUT_RAW,1748009803,SERVO_OUTPUT_RAW,0,0,0,0,0,0,0,0,1000,1000,1000,1000,0,0,0,0,0
2025-12-15 01:03:12.907,SERVO_OUTPUT_RAW,1748109855,SERVO_OUTPUT_RAW,0,0,0,0,0,0,0,0,1000,1000,1000,1000,0,0,0,0,0
2025-12-15 01:03:13.008,SERVO_OUTPUT_RAW,1748209802,SERVO_OUTPUT_RAW,0,0,0,0,0,0,0,0,1000,1000,1000,1000,0,0,0,0,0
2025-12-15 01:03:13.107,SERVO_OUTPUT_RAW,1748309813,SERVO_OUTPUT_RAW,0,0,0,0,0,0,0,0,1000,1000,1000,1000,0,0,0,0,0
2025-12-15 01:03:13.208,SERVO_OUTPUT_RAW,1748409865,SERVO_OUTPUT_RAW,0,0,0,0,0,0,0,0,1000,1000,1000,1000,0,0,0,0,0
2025-12-15 01:03:13.307,SERVO_OUTPUT_RAW,1748509804,SERVO_OUTPUT_RAW,0,0,0,0,0,0,0,0,1000,1000,1000,1000,0,0,0,0,0
2025-12-15 01:03:13.407,SERVO_OUTPUT_RAW,1748609789,SERVO_OUTPUT_RAW,0,0,0,0,0,0,0,0,1000,1000,1000,1000,0,0,0,0,0
2025-12-15 01:03:13.507,SERVO_OUTPUT_RAW,1748709836,SERVO_OUTPUT_RAW,0,0,0,0,0,0,0,0,1000,1000,1000,1000,0,0,0,0,0
2025-12-15 01:03:13.607,SERVO_OUTPUT_RAW,1748809853,SERVO_OUTPUT_RAW,0,0,0,0,0,0,0,0,1000,1000,1000,1000,0,0,0,0,0
2025-12-15 01:03:13.707,SERVO_OUTPUT_RAW,1748909856,SERVO_OUTPUT_RAW,0,0,0,0,0,0,0,0,1000,1000,1000,1000,0,0,0,0,0
2025-12-15 01:03:13.807,SERVO_OUTPUT_RAW,1749009787,SERVO_OUTPUT_RAW,0,0,0,0,0,0,0,0,1000,1000,1000,1000,0,0,0,0,0
2025-12-15 01:03:13.907,SERVO_OUTPUT_RAW,1749109810,SERVO_OUTPUT_RAW,0,0,0,0,0,0,0,0,1000,1000,1000,1000,0,0,0,0,0
2025-12-15 01:03:14.007,SERVO_OUTPUT_RAW,1749209825,SERVO_OUTPUT_RAW,0,0,0,0,0,0,0,0,1000,1000,1000,1000,0,0,0,0,0
2025-12-15 01:03:14.107,SERVO_OUTPUT_RAW,1749309780,SERVO_OUTPUT_RAW,0,0,0,0,0,0,0,0,1000,1000,1000,1000,0,0,0,0,0
2025-12-15 01:03:14.207,SERVO_OUTPUT_RAW,1749409789,SERVO_OUTPUT_RAW,0,0,0,0,0,0,0,0,1000,1000,1000,1000,0,0,0,0,0
2025-12-15 01:03:14.307,SERVO_OUTPUT_RAW,1749509793,SERVO_OUTPUT_RAW,0,0,0,0,0,0,0,0,1000,1000,1000,1000,0,0,0,0,0
2025-12-15 01:03:14.407,SERVO_OUTPUT_RAW,1749609782,SERVO_OUTPUT_RAW,0,0,0,0,0,0,0,0,1000,1000,1000,1000,0,0,0,0,0
2025-12-15 01:03:14.506,SERVO_OUTPUT_RAW,1749709789,SERVO_OUTPUT_RAW,0,0,0,0,0,0,0,0,1000,1000,1000,1000,0,0,0,0,0
2025-12-15 01:03:14.608,SERVO_OUTPUT_RAW,1749809804,SERVO_OUTPUT_RAW,0,0,0,0,0,0,0,0,1000,1000,1000,1000,0,0,0,0,0
2025-12-15 01:03:14.707,SERVO_OUTPUT_RAW,1749909822,SERVO_OUTPUT_RAW,0,0,0,0,0,0,0,0,1000,1000,1000,1000,0,0,0,0,0
2025-12-15 01:03:14.807,SERVO_OUTPUT_RAW,1750009842,SERVO_OUTPUT_RAW,0,0,0,0,0,0,0,0,1000,1000,1000,1000,0,0,0,0,0
2025-12-15 01:03:14.906,SERVO_OUTPUT_RAW,1750109803,SERVO_OUTPUT_RAW,0,0,0,0,0,0,0,0,1000,1000,1000,1000,0,0,0,0,0
2025-12-15 01:03:15.007,SERVO_OUTPUT_RAW,1750212110,SERVO_OUTPUT_RAW,0,0,0,0,0,0,0,0,1000,1000,1000,1000,0,0,0,0,0
2025-12-15 01:03:15.108,SERVO_OUTPUT_RAW,1750309826,SERVO_OUTPUT_RAW,0,0,0,0,0,0,0,0,1000,1000,1000,1000,0,0,0,0,0
2025-12-15 01:03:15.207,SERVO_OUTPUT_RAW,1750409838,SERVO_OUTPUT_RAW,0,0,0,0,0,0,0,0,1000,1000,1000,1000,0,0,0,0,0
2025-12-15 01:03:15.307,SERVO_OUTPUT_RAW,1750509820,SERVO_OUTPUT_RAW,0,0,0,0,0,0,0,0,1000,1000,1000,1000,0,0,0,0,0
2025-12-15 01:03:15.406,SERVO_OUTPUT_RAW,1750609789,SERVO_OUTPUT_RAW,0,0,0,0,0,0,0,0,1000,1000,1000,1000,0,0,0,0,0
2025-12-15 01:03:15.507,SERVO_OUTPUT_RAW,1750709838,SERVO_OUTPUT_RAW,0,0,0,0,0,0,0,0,1000,1000,1000,1000,0,0,0,0,0
2025-12-15 01:03:15.608,SERVO_OUTPUT_RAW,1750809812,SERVO_OUTPUT_RAW,0,0,0,0,0,0,0,0,1000,1000,1000,1000,0,0,0,0,0
2025-12-15 01:03:15.707,SERVO_OUTPUT_RAW,1750909779,SERVO_OUTPUT_RAW,0,0,0,0,0,0,0,0,1000,1000,1000,1000,0,0,0,0,0
2025-12-15 01:03:15.806,SERVO_OUTPUT_RAW,1751009785,SERVO_OUTPUT_RAW,0,0,0,0,0,0,0,0,1000,1000,1000,1000,0,0,0,0,0
2025-12-15 01:03:15.906,SERVO_OUTPUT_RAW,1751109789,SERVO_OUTPUT_RAW,0,0,0,0,0,0,0,0,1000,1000,1000,1000,0,0,0,0,0
2025-12-15 01:03:16.006,SERVO_OUTPUT_RAW,1751209791,SERVO_OUTPUT_RAW,0,0,0,0,0,0,0,0,1000,1000,1000,1000,0,0,0,0,0
2025-12-15 01:03:16.106,SERVO_OUTPUT_RAW,1751309804,SERVO_OUTPUT_RAW,0,0,0,0,0,0,0,0,1000,1000,1000,1000,0,0,0,0,0
2025-12-15 01:03:16.206,SERVO_OUTPUT_RAW,1751409814,SERVO_OUTPUT_RAW,0,0,0,0,0,0,0,0,1000,1000,1000,1000,0,0,0,0,0
2025-12-15 01:03:16.306,SERVO_OUTPUT_RAW,1751509839,SERVO_OUTPUT_RAW,0,0,0,0,0,0,0,0,1000,1000,1000,1000,0,0,0,0,0
2025-12-15 01:03:16.406,SERVO_OUTPUT_RAW,1751612172,SERVO_OUTPUT_RAW,0,0,0,0,0,0,0,0,1000,1000,1000,1000,0,0,0,0,0
2025-12-15 01:03:16.506,SERVO_OUTPUT_RAW,1751709811,SERVO_OUTPUT_RAW,0,0,0,0,0,0,0,0,1000,1000,1000,1000,0,0,0,0,0
2025-12-15 01:03:16.606,SERVO_OUTPUT_RAW,1751809814,SERVO_OUTPUT_RAW,0,0,0,0,0,0,0,0,1000,1000,1000,1000,0,0,0,0,0
2025-12-15 01:03:16.706,SERVO_OUTPUT_RAW,1751909844,SERVO_OUTPUT_RAW,0,0,0,0,0,0,0,0,1000,1000,1000,1000,0,0,0,0,0
2025-12-15 01:03:16.806,SERVO_OUTPUT_RAW,1752009831,SERVO_OUTPUT_RAW,0,0,0,0,0,0,0,0,1000,1000,1000,1000,0,0,0,0,0
2025-12-15 01:03:16.907,SERVO_OUTPUT_RAW,1752109782,SERVO_OUTPUT_RAW,0,0,0,0,0,0,0,0,1000,1000,1000,1000,0,0,0,0,0
2025-12-15 01:03:17.006,SERVO_OUTPUT_RAW,1752209813,SERVO_OUTPUT_RAW,0,0,0,0,0,0,0,0,1000,1000,1000,1000,0,0,0,0,0
2025-12-15 01:03:17.107,SERVO_OUTPUT_RAW,1752309882,SERVO_OUTPUT_RAW,0,0,0,0,0,0,0,0,1000,1000,1000,1000,0,0,0,0,0
2025-12-15 01:03:17.207,SERVO_OUTPUT_RAW,1752409768,SERVO_OUTPUT_RAW,0,0,0,0,0,0,0,0,1000,1000,1000,1000,0,0,0,0,0
2025-12-15 01:03:17.307,SERVO_OUTPUT_RAW,1752509797,SERVO_OUTPUT_RAW,0,0,0,0,0,0,0,0,1000,1000,1000,1000,0,0,0,0,0
2025-12-15 01:03:17.408,SERVO_OUTPUT_RAW,1752609789,SERVO_OUTPUT_RAW,0,0,0,0,0,0,0,0,1000,1000,1000,1000,0,0,0,0,0
2025-12-15 01:03:17.507,SERVO_OUTPUT_RAW,1752709795,SERVO_OUTPUT_RAW,0,0,0,0,0,0,0,0,1000,1000,1000,1000,0,0,0,0,0
2025-12-15 01:03:17.607,SERVO_OUTPUT_RAW,1752809787,SERVO_OUTPUT_RAW,0,0,0,0,0,0,0,0,1000,1000,1000,1000,0,0,0,0,0
2025-12-15 01:03:17.707,SERVO_OUTPUT_RAW,1752909784,SERVO_OUTPUT_RAW,0,0,0,0,0,0,0,0,1000,1000,1000,1000,0,0,0,0,0
2025-12-15 01:03:17.807,SERVO_OUTPUT_RAW,1753009836,SERVO_OUTPUT_RAW,0,0,0,0,0,0,0,0,1000,1000,1000,1000,0,0,0,0,0
2025-12-15 01:03:17.907,SERVO_OUTPUT_RAW,1753109837,SERVO_OUTPUT_RAW,0,0,0,0,0,0,0,0,1000,1000,1000,1000,0,0,0,0,0
2025-12-15 01:03:18.007,SERVO_OUTPUT_RAW,1753209865,SERVO_OUTPUT_RAW,0,0,0,0,0,0,0,0,1000,1000,1000,1000,0,0,0,0,0
2025-12-15 01:03:18.107,SERVO_OUTPUT_RAW,1753309798,SERVO_OUTPUT_RAW,0,0,0,0,0,0,0,0,1000,1000,1000,1000,0,0,0,0,0
2025-12-15 01:03:18.207,SERVO_OUTPUT_RAW,1753409827,SERVO_OUTPUT_RAW,0,0,0,0,0,0,0,0,1000,1000,1000,1000,0,0,0,0,0
2025-12-15 01:03:18.307,SERVO_OUTPUT_RAW,1753509845,SERVO_OUTPUT_RAW,0,0,0,0,0,0,0,0,1000,1000,1000,1000,0,0,0,0,0
2025-12-15 01:03:18.407,SERVO_OUTPUT_RAW,1753609859,SERVO_OUTPUT_RAW,0,0,0,0,0,0,0,0,1000,1000,1000,1000,0,0,0,0,0
2025-12-15 01:03:18.507,SERVO_OUTPUT_RAW,1753709785,SERVO_OUTPUT_RAW,0,0,0,0,0,0,0,0,1000,1000,1000,1000,0,0,0,0,0
2025-12-15 01:03:18.607,SERVO_OUTPUT_RAW,1753809824,SERVO_OUTPUT_RAW,0,0,0,0,0,0,0,0,1000,1000,1000,1000,0,0,0,0,0
2025-12-15 01:03:18.707,SERVO_OUTPUT_RAW,1753909823,SERVO_OUTPUT_RAW,0,0,0,0,0,0,0,0,1000,1000,1000,1000,0,0,0,0,0
2025-12-15 01:03:18.807,SERVO_OUTPUT_RAW,1754009792,SERVO_OUTPUT_RAW,0,0,0,0,0,0,0,0,1000,1000,1000,1000,0,0,0,0,0
2025-12-15 01:03:18.907,SERVO_OUTPUT_RAW,1754109797,SERVO_OUTPUT_RAW,0,0,0,0,0,0,0,0,1000,1000,1000,1000,0,0,0,0,0
2025-12-15 01:03:19.007,SERVO_OUTPUT_RAW,1754209806,SERVO_OUTPUT_RAW,0,0,0,0,0,0,0,0,1000,1000,1000,1000,0,0,0,0,0
2025-12-15 01:03:19.107,SERVO_OUTPUT_RAW,1754309803,SERVO_OUTPUT_RAW,0,0,0,0,0,0,0,0,1000,1000,1000,1000,0,0,0,0,0
2025-12-15 01:03:19.207,SERVO_OUTPUT_RAW,1754412136,SERVO_OUTPUT_RAW,0,0,0,0,0,0,0,0,1000,1000,1000,1000,0,0,0,0,0
2025-12-15 01:03:19.307,SERVO_OUTPUT_RAW,1754509820,SERVO_OUTPUT_RAW,0,0,0,0,0,0,0,0,1000,1000,1000,1000,0,0,0,0,0
2025-12-15 01:03:19.407,SERVO_OUTPUT_RAW,1754612172,SERVO_OUTPUT_RAW,0,0,0,0,0,0,0,0,1000,1000,1000,1000,0,0,0,0,0
2025-12-15 01:03:19.507,SERVO_OUTPUT_RAW,1754709842,SERVO_OUTPUT_RAW,0,0,0,0,0,0,0,0,1000,1000,1000,1000,0,0,0,0,0
2025-12-15 01:03:19.607,SERVO_OUTPUT_RAW,1754809801,SERVO_OUTPUT_RAW,0,0,0,0,0,0,0,0,1000,1000,1000,1000,0,0,0,0,0
2025-12-15 01:03:19.707,SERVO_OUTPUT_RAW,1754909810,SERVO_OUTPUT_RAW,0,0,0,0,0,0,0,0,1000,1000,1000,1000,0,0,0,0,0
2025-12-15 01:03:19.807,SERVO_OUTPUT_RAW,1755009830,SERVO_OUTPUT_RAW,0,0,0,0,0,0,0,0,1000,1000,1000,1000,0,0,0,0,0
2025-12-15 01:03:19.908,SERVO_OUTPUT_RAW,1755109840,SERVO_OUTPUT_RAW,0,0,0,0,0,0,0,0,1000,1000,1000,1000,0,0,0,0,0
2025-12-15 01:03:20.007,SERVO_OUTPUT_RAW,1755209804,SERVO_OUTPUT_RAW,0,0,0,0,0,0,0,0,1000,1000,1000,1000,0,0,0,0,0
2025-12-15 01:03:20.107,SERVO_OUTPUT_RAW,1755309794,SERVO_OUTPUT_RAW,0,0,0,0,0,0,0,0,1000,1000,1000,1000,0,0,0,0,0
2025-12-15 01:03:20.207,SERVO_OUTPUT_RAW,1755409815,SERVO_OUTPUT_RAW,0,0,0,0,0,0,0,0,1000,1000,1000,1000,0,0,0,0,0
2025-12-15 01:03:20.307,SERVO_OUTPUT_RAW,1755509819,SERVO_OUTPUT_RAW,0,0,0,0,0,0,0,0,1000,1000,1000,1000,0,0,0,0,0
2025-12-15 01:03:20.407,SERVO_OUTPUT_RAW,1755609781,SERVO_OUTPUT_RAW,0,0,0,0,0,0,0,0,1000,1000,1000,1000,0,0,0,0,0
2025-12-15 01:03:20.507,SERVO_OUTPUT_RAW,1755709783,SERVO_OUTPUT_RAW,0,0,0,0,0,0,0,0,1000,1000,1000,1000,0,0,0,0,0
2025-12-15 01:03:20.607,SERVO_OUTPUT_RAW,1755809786,SERVO_OUTPUT_RAW,0,0,0,0,0,0,0,0,1000,1000,1000,1000,0,0,0,0,0
2025-12-15 01:03:20.707,SERVO_OUTPUT_RAW,1755909794,SERVO_OUTPUT_RAW,0,0,0,0,0,0,0,0,1000,1000,1000,1000,0,0,0,0,0
2025-12-15 01:03:20.807,SERVO_OUTPUT_RAW,1756009804,SERVO_OUTPUT_RAW,0,0,0,0,0,0,0,0,1000,1000,1000,1000,0,0,0,0,0
2025-12-15 01:03:20.908,SERVO_OUTPUT_RAW,1756109840,SERVO_OUTPUT_RAW,0,0,0,0,0,0,0,0,1000,1000,1000,1000,0,0,0,0,0
2025-12-15 01:03:21.007,SERVO_OUTPUT_RAW,1756209792,SERVO_OUTPUT_RAW,0,0,0,0,0,0,0,0,1000,1000,1000,1000,0,0,0,0,0
2025-12-15 01:03:21.107,SERVO_OUTPUT_RAW,1756309789,SERVO_OUTPUT_RAW,0,0,0,0,0,0,0,0,1000,1000,1000,1000,0,0,0,0,0
2025-12-15 01:03:21.207,SERVO_OUTPUT_RAW,1756409775,SERVO_OUTPUT_RAW,0,0,0,0,0,0,0,0,1000,1000,1000,1000,0,0,0,0,0
2025-12-15 01:03:21.307,SERVO_OUTPUT_RAW,1756512077,SERVO_OUTPUT_RAW,0,0,0,0,0,0,0,0,1000,1000,1000,1000,0,0,0,0,0
2025-12-15 01:03:21.407,SERVO_OUTPUT_RAW,1756609844,SERVO_OUTPUT_RAW,0,0,0,0,0,0,0,0,1000,1000,1000,1000,0,0,0,0,0
2025-12-15 01:03:21.507,SERVO_OUTPUT_RAW,1756709771,SERVO_OUTPUT_RAW,0,0,0,0,0,0,0,0,1000,1000,1000,1000,0,0,0,0,0
2025-12-15 01:03:21.607,SERVO_OUTPUT_RAW,1756809784,SERVO_OUTPUT_RAW,0,0,0,0,0,0,0,0,1000,1000,1000,1000,0,0,0,0,0
2025-12-15 01:03:21.707,SERVO_OUTPUT_RAW,1756909813,SERVO_OUTPUT_RAW,0,0,0,0,0,0,0,0,1000,1000,1000,1000,0,0,0,0,0
2025-12-15 01:03:21.807,SERVO_OUTPUT_RAW,1757009833,SERVO_OUTPUT_RAW,0,0,0,0,0,0,0,0,1000,1000,1000,1000,0,0,0,0,0
2025-12-15 01:03:21.907,SERVO_OUTPUT_RAW,1757109827,SERVO_OUTPUT_RAW,0,0,0,0,0,0,0,0,1000,1000,1000,1000,0,0,0,0,0
2025-12-15 01:03:22.007,SERVO_OUTPUT_RAW,1757209791,SERVO_OUTPUT_RAW,0,0,0,0,0,0,0,0,1000,1000,1000,1000,0,0,0,0,0
2025-12-15 01:03:22.107,SERVO_OUTPUT_RAW,1757309790,SERVO_OUTPUT_RAW,0,0,0,0,0,0,0,0,1000,1000,1000,1000,0,0,0,0,0
2025-12-15 01:03:22.208,SERVO_OUTPUT_RAW,1757409799,SERVO_OUTPUT_RAW,0,0,0,0,0,0,0,0,1000,1000,1000,1000,0,0,0,0,0
2025-12-15 01:03:22.307,SERVO_OUTPUT_RAW,1757509808,SERVO_OUTPUT_RAW,0,0,0,0,0,0,0,0,1000,1000,1000,1000,0,0,0,0,0
2025-12-15 01:03:22.407,SERVO_OUTPUT_RAW,1757609830,SERVO_OUTPUT_RAW,0,0,0,0,0,0,0,0,1000,1000,1000,1000,0,0,0,0,0
2025-12-15 01:03:22.508,SERVO_OUTPUT_RAW,1757709778,SERVO_OUTPUT_RAW,0,0,0,0,0,0,0,0,1000,1000,1000,1000,0,0,0,0,0
2025-12-15 01:03:22.607,SERVO_OUTPUT_RAW,1757809850,SERVO_OUTPUT_RAW,0,0,0,0,0,0,0,0,1000,1000,1000,1000,0,0,0,0,0
2025-12-15 01:03:22.707,SERVO_OUTPUT_RAW,1757912142,SERVO_OUTPUT_RAW,0,0,0,0,0,0,0,0,1000,1000,1000,1000,0,0,0,0,0
2025-12-15 01:03:22.807,SERVO_OUTPUT_RAW,1758009793,SERVO_OUTPUT_RAW,0,0,0,0,0,0,0,0,1000,1000,1000,1000,0,0,0,0,0
2025-12-15 01:03:22.907,SERVO_OUTPUT_RAW,1758109843,SERVO_OUTPUT_RAW,0,0,0,0,0,0,0,0,1000,1000,1000,1000,0,0,0,0,0
2025-12-15 01:03:23.007,SERVO_OUTPUT_RAW,1758209837,SERVO_OUTPUT_RAW,0,0,0,0,0,0,0,0,1000,1000,1000,1000,0,0,0,0,0
2025-12-15 01:03:23.107,SERVO_OUTPUT_RAW,1758309779,SERVO_OUTPUT_RAW,0,0,0,0,0,0,0,0,1000,1000,1000,1000,0,0,0,0,0
2025-12-15 01:03:23.208,SERVO_OUTPUT_RAW,1758409787,SERVO_OUTPUT_RAW,0,0,0,0,0,0,0,0,1000,1000,1000,1000,0,0,0,0,0
2025-12-15 01:03:23.307,SERVO_OUTPUT_RAW,1758509816,SERVO_OUTPUT_RAW,0,0,0,0,0,0,0,0,1000,1000,1000,1000,0,0,0,0,0
2025-12-15 01:03:23.407,SERVO_OUTPUT_RAW,1758609882,SERVO_OUTPUT_RAW,0,0,0,0,0,0,0,0,1000,1000,1000,1000,0,0,0,0,0
2025-12-15 01:03:23.508,SERVO_OUTPUT_RAW,1758709776,SERVO_OUTPUT_RAW,0,0,0,0,0,0,0,0,1000,1000,1000,1000,0,0,0,0,0
2025-12-15 01:03:23.607,SERVO_OUTPUT_RAW,1758809793,SERVO_OUTPUT_RAW,0,0,0,0,0,0,0,0,1000,1000,1000,1000,0,0,0,0,0
2025-12-15 01:03:23.707,SERVO_OUTPUT_RAW,1758909787,SERVO_OUTPUT_RAW,0,0,0,0,0,0,0,0,1000,1000,1000,1000,0,0,0,0,0
2025-12-15 01:03:23.808,SERVO_OUTPUT_RAW,1759009785,SERVO_OUTPUT_RAW,0,0,0,0,0,0,0,0,1000,1000,1000,1000,0,0,0,0,0
2025-12-15 01:03:23.906,SERVO_OUTPUT_RAW,1759112108,SERVO_OUTPUT_RAW,0,0,0,0,0,0,0,0,1000,1000,1000,1000,0,0,0,0,0
2025-12-15 01:03:24.007,SERVO_OUTPUT_RAW,1759209811,SERVO_OUTPUT_RAW,0,0,0,0,0,0,0,0,1000,1000,1000,1000,0,0,0,0,0
2025-12-15 01:03:24.108,SERVO_OUTPUT_RAW,1759309833,SERVO_OUTPUT_RAW,0,0,0,0,0,0,0,0,1000,1000,1000,1000,0,0,0,0,0
2025-12-15 01:03:24.208,SERVO_OUTPUT_RAW,1759409813,SERVO_OUTPUT_RAW,0,0,0,0,0,0,0,0,1000,1000,1000,1000,0,0,0,0,0
2025-12-15 01:03:24.307,SERVO_OUTPUT_RAW,1759509810,SERVO_OUTPUT_RAW,0,0,0,0,0,0,0,0,1000,1000,1000,1000,0,0,0,0,0
2025-12-15 01:03:24.407,SERVO_OUTPUT_RAW,1759609846,SERVO_OUTPUT_RAW,0,0,0,0,0,0,0,0,1000,1000,1000,1000,0,0,0,0,0
2025-12-15 01:03:24.507,SERVO_OUTPUT_RAW,1759709846,SERVO_OUTPUT_RAW,0,0,0,0,0,0,0,0,1000,1000,1000,1000,0,0,0,0,0
2025-12-15 01:03:24.607,SERVO_OUTPUT_RAW,1759809829,SERVO_OUTPUT_RAW,0,0,0,0,0,0,0,0,1000,1000,1000,1000,0,0,0,0,0
2025-12-15 01:03:24.708,SERVO_OUTPUT_RAW,1759909774,SERVO_OUTPUT_RAW,0,0,0,0,0,0,0,0,1000,1000,1000,1000,0,0,0,0,0
2025-12-15 01:03:24.808,SERVO_OUTPUT_RAW,1760009802,SERVO_OUTPUT_RAW,0,0,0,0,0,0,0,0,1000,1000,1000,1000,0,0,0,0,0
2025-12-15 01:03:24.909,SERVO_OUTPUT_RAW,1760109812,SERVO_OUTPUT_RAW,0,0,0,0,0,0,0,0,1000,1000,1000,1000,0,0,0,0,0
2025-12-15 01:03:25.008,SERVO_OUTPUT_RAW,1760209784,SERVO_OUTPUT_RAW,0,0,0,0,0,0,0,0,1000,1000,1000,1000,0,0,0,0,0
2025-12-15 01:03:25.108,SERVO_OUTPUT_RAW,1760309786,SERVO_OUTPUT_RAW,0,0,0,0,0,0,0,0,1000,1000,1000,1000,0,0,0,0,0
2025-12-15 01:03:25.207,SERVO_OUTPUT_RAW,1760409806,SERVO_OUTPUT_RAW,0,0,0,0,0,0,0,0,1000,1000,1000,1000,0,0,0,0,0
2025-12-15 01:03:25.307,SERVO_OUTPUT_RAW,1760509793,SERVO_OUTPUT_RAW,0,0,0,0,0,0,0,0,1000,1000,1000,1000,0,0,0,0,0
2025-12-15 01:03:25.407,SERVO_OUTPUT_RAW,1760609816,SERVO_OUTPUT_RAW,0,0,0,0,0,0,0,0,1000,1000,1000,1000,0,0,0,0,0
2025-12-15 01:03:25.507,SERVO_OUTPUT_RAW,1760712150,SERVO_OUTPUT_RAW,0,0,0,0,0,0,0,0,1000,1000,1000,1000,0,0,0,0,0
2025-12-15 01:03:25.607,SERVO_OUTPUT_RAW,1760809828,SERVO_OUTPUT_RAW,0,0,0,0,0,0,0,0,1000,1000,1000,1000,0,0,0,0,0
2025-12-15 01:03:25.707,SERVO_OUTPUT_RAW,1760909843,SERVO_OUTPUT_RAW,0,0,0,0,0,0,0,0,1000,1000,1000,1000,0,0,0,0,0
2025-12-15 01:03:25.807,SERVO_OUTPUT_RAW,1761009798,SERVO_OUTPUT_RAW,0,0,0,0,0,0,0,0,1000,1000,1000,1000,0,0,0,0,0
2025-12-15 01:03:25.907,SERVO_OUTPUT_RAW,1761109806,SERVO_OUTPUT_RAW,0,0,0,0,0,0,0,0,1000,1000,1000,1000,0,0,0,0,0
2025-12-15 01:03:26.007,SERVO_OUTPUT_RAW,1761209808,SERVO_OUTPUT_RAW,0,0,0,0,0,0,0,0,1000,1000,1000,1000,0,0,0,0,0
2025-12-15 01:03:26.107,SERVO_OUTPUT_RAW,1761309831,SERVO_OUTPUT_RAW,0,0,0,0,0,0,0,0,1000,1000,1000,1000,0,0,0,0,0
2025-12-15 01:03:26.207,SERVO_OUTPUT_RAW,1761409810,SERVO_OUTPUT_RAW,0,0,0,0,0,0,0,0,1000,1000,1000,1000,0,0,0,0,0
2025-12-15 01:03:26.307,SERVO_OUTPUT_RAW,1761509793,SERVO_OUTPUT_RAW,0,0,0,0,0,0,0,0,1000,1000,1000,1000,0,0,0,0,0
2025-12-15 01:03:26.407,SERVO_OUTPUT_RAW,1761609823,SERVO_OUTPUT_RAW,0,0,0,0,0,0,0,0,1000,1000,1000,1000,0,0,0,0,0
2025-12-15 01:03:26.507,SERVO_OUTPUT_RAW,1761709819,SERVO_OUTPUT_RAW,0,0,0,0,0,0,0,0,1000,1000,1000,1000,0,0,0,0,0
2025-12-15 01:03:26.607,SERVO_OUTPUT_RAW,1761809772,SERVO_OUTPUT_RAW,0,0,0,0,0,0,0,0,1000,1000,1000,1000,0,0,0,0,0
2025-12-15 01:03:26.707,SERVO_OUTPUT_RAW,1761909783,SERVO_OUTPUT_RAW,0,0,0,0,0,0,0,0,1000,1000,1000,1000,0,0,0,0,0
2025-12-15 01:03:26.807,SERVO_OUTPUT_RAW,1762009810,SERVO_OUTPUT_RAW,0,0,0,0,0,0,0,0,1000,1000,1000,1000,0,0,0,0,0
2025-12-15 01:03:26.907,SERVO_OUTPUT_RAW,1762109789,SERVO_OUTPUT_RAW,0,0,0,0,0,0,0,0,1000,1000,1000,1000,0,0,0,0,0
2025-12-15 01:03:27.007,SERVO_OUTPUT_RAW,1762209793,SERVO_OUTPUT_RAW,0,0,0,0,0,0,0,0,1000,1000,1000,1000,0,0,0,0,0
2025-12-15 01:03:27.107,SERVO_OUTPUT_RAW,1762309812,SERVO_OUTPUT_RAW,0,0,0,0,0,0,0,0,1000,1000,1000,1000,0,0,0,0,0
2025-12-15 01:03:27.207,SERVO_OUTPUT_RAW,1762409844,SERVO_OUTPUT_RAW,0,0,0,0,0,0,0,0,1000,1000,1000,1000,0,0,0,0,0
2025-12-15 01:03:27.307,SERVO_OUTPUT_RAW,1762509859,SERVO_OUTPUT_RAW,0,0,0,0,0,0,0,0,1000,1000,1000,1000,0,0,0,0,0
2025-12-15 01:03:27.408,SERVO_OUTPUT_RAW,1762609810,SERVO_OUTPUT_RAW,0,0,0,0,0,0,0,0,1000,1000,1000,1000,0,0,0,0,0
2025-12-15 01:03:27.507,SERVO_OUTPUT_RAW,1762709811,SERVO_OUTPUT_RAW,0,0,0,0,0,0,0,0,1000,1000,1000,1000,0,0,0,0,0
2025-12-15 01:03:27.607,SERVO_OUTPUT_RAW,1762812076,SERVO_OUTPUT_RAW,0,0,0,0,0,0,0,0,1000,1000,1000,1000,0,0,0,0,0
2025-12-15 01:03:27.707,SERVO_OUTPUT_RAW,1762909848,SERVO_OUTPUT_RAW,0,0,0,0,0,0,0,0,1000,1000,1000,1000,0,0,0,0,0
2025-12-15 01:03:27.807,SERVO_OUTPUT_RAW,1763009839,SERVO_OUTPUT_RAW,0,0,0,0,0,0,0,0,1000,1000,1000,1000,0,0,0,0,0
2025-12-15 01:03:27.907,SERVO_OUTPUT_RAW,1763109796,SERVO_OUTPUT_RAW,0,0,0,0,0,0,0,0,1000,1000,1000,1000,0,0,0,0,0
2025-12-15 01:03:28.007,SERVO_OUTPUT_RAW,1763209822,SERVO_OUTPUT_RAW,0,0,0,0,0,0,0,0,1000,1000,1000,1000,0,0,0,0,0
2025-12-15 01:03:28.107,SERVO_OUTPUT_RAW,1763309891,SERVO_OUTPUT_RAW,0,0,0,0,0,0,0,0,1000,1000,1000,1000,0,0,0,0,0
2025-12-15 01:03:28.207,SERVO_OUTPUT_RAW,1763409781,SERVO_OUTPUT_RAW,0,0,0,0,0,0,0,0,1000,1000,1000,1000,0,0,0,0,0
2025-12-15 01:03:28.307,SERVO_OUTPUT_RAW,1763509789,SERVO_OUTPUT_RAW,0,0,0,0,0,0,0,0,1000,1000,1000,1000,0,0,0,0,0
2025-12-15 01:03:28.407,SERVO_OUTPUT_RAW,1763609799,SERVO_OUTPUT_RAW,0,0,0,0,0,0,0,0,1000,1000,1000,1000,0,0,0,0,0
2025-12-15 01:03:28.507,SERVO_OUTPUT_RAW,1763709787,SERVO_OUTPUT_RAW,0,0,0,0,0,0,0,0,1000,1000,1000,1000,0,0,0,0,0
2025-12-15 01:03:28.607,SERVO_OUTPUT_RAW,1763809795,SERVO_OUTPUT_RAW,0,0,0,0,0,0,0,0,1000,1000,1000,1000,0,0,0,0,0
2025-12-15 01:03:28.707,SERVO_OUTPUT_RAW,1763909834,SERVO_OUTPUT_RAW,0,0,0,0,0,0,0,0,1000,1000,1000,1000,0,0,0,0,0
2025-12-15 01:03:28.807,SERVO_OUTPUT_RAW,1764009833,SERVO_OUTPUT_RAW,0,0,0,0,0,0,0,0,1000,1000,1000,1000,0,0,0,0,0
2025-12-15 01:03:28.907,SERVO_OUTPUT_RAW,1764109818,SERVO_OUTPUT_RAW,0,0,0,0,0,0,0,0,1000,1000,1000,1000,0,0,0,0,0
2025-12-15 01:03:29.007,SERVO_OUTPUT_RAW,1764209824,SERVO_OUTPUT_RAW,0,0,0,0,0,0,0,0,1000,1000,1000,1000,0,0,0,0,0
2025-12-15 01:03:29.107,SERVO_OUTPUT_RAW,1764309825,SERVO_OUTPUT_RAW,0,0,0,0,0,0,0,0,1000,1000,1000,1000,0,0,0,0,0
2025-12-15 01:03:29.207,SERVO_OUTPUT_RAW,1764409840,SERVO_OUTPUT_RAW,0,0,0,0,0,0,0,0,1000,1000,1000,1000,0,0,0,0,0
2025-12-15 01:03:29.307,SERVO_OUTPUT_RAW,1764509796,SERVO_OUTPUT_RAW,0,0,0,0,0,0,0,0,1000,1000,1000,1000,0,0,0,0,0
2025-12-15 01:03:29.407,SERVO_OUTPUT_RAW,1764609786,SERVO_OUTPUT_RAW,0,0,0,0,0,0,0,0,1000,1000,1000,1000,0,0,0,0,0
2025-12-15 01:03:29.508,SERVO_OUTPUT_RAW,1764709798,SERVO_OUTPUT_RAW,0,0,0,0,0,0,0,0,1000,1000,1000,1000,0,0,0,0,0
2025-12-15 01:03:29.607,SERVO_OUTPUT_RAW,1764809816,SERVO_OUTPUT_RAW,0,0,0,0,0,0,0,0,1000,1000,1000,1000,0,0,0,0,0
2025-12-15 01:03:29.707,SERVO_OUTPUT_RAW,1764909902,SERVO_OUTPUT_RAW,0,0,0,0,0,0,0,0,1000,1000,1000,1000,0,0,0,0,0
2025-12-15 01:03:29.807,SERVO_OUTPUT_RAW,1765009781,SERVO_OUTPUT_RAW,0,0,0,0,0,0,0,0,1000,1000,1000,1000,0,0,0,0,0
2025-12-15 01:03:29.907,SERVO_OUTPUT_RAW,1765109824,SERVO_OUTPUT_RAW,0,0,0,0,0,0,0,0,1000,1000,1000,1000,0,0,0,0,0
2025-12-15 01:03:30.007,SERVO_OUTPUT_RAW,1765209790,SERVO_OUTPUT_RAW,0,0,0,0,0,0,0,0,1000,1000,1000,1000,0,0,0,0,0
2025-12-15 01:03:30.107,SERVO_OUTPUT_RAW,1765309791,SERVO_OUTPUT_RAW,0,0,0,0,0,0,0,0,1000,1000,1000,1000,0,0,0,0,0
2025-12-15 01:03:30.208,SERVO_OUTPUT_RAW,1765409800,SERVO_OUTPUT_RAW,0,0,0,0,0,0,0,0,1000,1000,1000,1000,0,0,0,0,0
2025-12-15 01:03:30.307,SERVO_OUTPUT_RAW,1765509825,SERVO_OUTPUT_RAW,0,0,0,0,0,0,0,0,1000,1000,1000,1000,0,0,0,0,0
2025-12-15 01:03:30.407,SERVO_OUTPUT_RAW,1765609850,SERVO_OUTPUT_RAW,0,0,0,0,0,0,0,0,1000,1000,1000,1000,0,0,0,0,0
2025-12-15 01:03:30.507,SERVO_OUTPUT_RAW,1765709811,SERVO_OUTPUT_RAW,0,0,0,0,0,0,0,0,1000,1000,1000,1000,0,0,0,0,0
2025-12-15 01:03:30.608,SERVO_OUTPUT_RAW,1765809874,SERVO_OUTPUT_RAW,0,0,0,0,0,0,0,0,1000,1000,1000,1000,0,0,0,0,0
2025-12-15 01:03:30.707,SERVO_OUTPUT_RAW,1765909820,SERVO_OUTPUT_RAW,0,0,0,0,0,0,0,0,1000,1000,1000,1000,0,0,0,0,0
2025-12-15 01:03:30.807,SERVO_OUTPUT_RAW,1766009854,SERVO_OUTPUT_RAW,0,0,0,0,0,0,0,0,1000,1000,1000,1000,0,0,0,0,0
2025-12-15 01:03:30.908,SERVO_OUTPUT_RAW,1766109780,SERVO_OUTPUT_RAW,0,0,0,0,0,0,0,0,1000,1000,1000,1000,0,0,0,0,0
2025-12-15 01:03:31.007,SERVO_OUTPUT_RAW,1766209807,SERVO_OUTPUT_RAW,0,0,0,0,0,0,0,0,1000,1000,1000,1000,0,0,0,0,0
2025-12-15 01:03:31.107,SERVO_OUTPUT_RAW,1766309824,SERVO_OUTPUT_RAW,0,0,0,0,0,0,0,0,1000,1000,1000,1000,0,0,0,0,0
2025-12-15 01:03:31.207,SERVO_OUTPUT_RAW,1766409819,SERVO_OUTPUT_RAW,0,0,0,0,0,0,0,0,1000,1000,1000,1000,0,0,0,0,0
2025-12-15 01:03:31.307,SERVO_OUTPUT_RAW,1766509786,SERVO_OUTPUT_RAW,0,0,0,0,0,0,0,0,1000,1000,1000,1000,0,0,0,0,0
2025-12-15 01:03:31.407,SERVO_OUTPUT_RAW,1766609786,SERVO_OUTPUT_RAW,0,0,0,0,0,0,0,0,1000,1000,1000,1000,0,0,0,0,0
2025-12-15 01:03:31.507,SERVO_OUTPUT_RAW,1766709785,SERVO_OUTPUT_RAW,0,0,0,0,0,0,0,0,1000,1000,1000,1000,0,0,0,0,0
2025-12-15 01:03:31.608,SERVO_OUTPUT_RAW,1766809791,SERVO_OUTPUT_RAW,0,0,0,0,0,0,0,0,1000,1000,1000,1000,0,0,0,0,0
2025-12-15 01:03:31.707,SERVO_OUTPUT_RAW,1766909795,SERVO_OUTPUT_RAW,0,0,0,0,0,0,0,0,1000,1000,1000,1000,0,0,0,0,0
2025-12-15 01:03:31.808,SERVO_OUTPUT_RAW,1767009899,SERVO_OUTPUT_RAW,0,0,0,0,0,0,0,0,1000,1000,1000,1000,0,0,0,0,0
2025-12-15 01:03:31.907,SERVO_OUTPUT_RAW,1767109833,SERVO_OUTPUT_RAW,0,0,0,0,0,0,0,0,1000,1000,1000,1000,0,0,0,0,0
2025-12-15 01:03:32.007,SERVO_OUTPUT_RAW,1767212145,SERVO_OUTPUT_RAW,0,0,0,0,0,0,0,0,1000,1000,1000,1000,0,0,0,0,0
2025-12-15 01:03:32.108,SERVO_OUTPUT_RAW,1767309815,SERVO_OUTPUT_RAW,0,0,0,0,0,0,0,0,1000,1000,1000,1000,0,0,0,0,0
2025-12-15 01:03:32.208,SERVO_OUTPUT_RAW,1767409807,SERVO_OUTPUT_RAW,0,0,0,0,0,0,0,0,1000,1000,1000,1000,0,0,0,0,0
2025-12-15 01:03:32.308,SERVO_OUTPUT_RAW,1767509853,SERVO_OUTPUT_RAW,0,0,0,0,0,0,0,0,1000,1000,1000,1000,0,0,0,0,0
2025-12-15 01:03:32.409,SERVO_OUTPUT_RAW,1767609859,SERVO_OUTPUT_RAW,0,0,0,0,0,0,0,0,1000,1000,1000,1000,0,0,0,0,0
2025-12-15 01:03:32.508,SERVO_OUTPUT_RAW,1767709783,SERVO_OUTPUT_RAW,0,0,0,0,0,0,0,0,1000,1000,1000,1000,0,0,0,0,0
2025-12-15 01:03:32.608,SERVO_OUTPUT_RAW,1767809830,SERVO_OUTPUT_RAW,0,0,0,0,0,0,0,0,1000,1000,1000,1000,0,0,0,0,0
2025-12-15 01:03:32.708,SERVO_OUTPUT_RAW,1767909818,SERVO_OUTPUT_RAW,0,0,0,0,0,0,0,0,1000,1000,1000,1000,0,0,0,0,0
2025-12-15 01:03:32.808,SERVO_OUTPUT_RAW,1768009796,SERVO_OUTPUT_RAW,0,0,0,0,0,0,0,0,1000,1000,1000,1000,0,0,0,0,0
2025-12-15 01:03:32.908,SERVO_OUTPUT_RAW,1768109788,SERVO_OUTPUT_RAW,0,0,0,0,0,0,0,0,1000,1000,1000,1000,0,0,0,0,0
2025-12-15 01:03:33.008,SERVO_OUTPUT_RAW,1768209791,SERVO_OUTPUT_RAW,0,0,0,0,0,0,0,0,1000,1000,1000,1000,0,0,0,0,0
2025-12-15 01:03:33.108,SERVO_OUTPUT_RAW,1768309791,SERVO_OUTPUT_RAW,0,0,0,0,0,0,0,0,1000,1000,1000,1000,0,0,0,0,0
2025-12-15 01:03:33.208,SERVO_OUTPUT_RAW,1768409790,SERVO_OUTPUT_RAW,0,0,0,0,0,0,0,0,1000,1000,1000,1000,0,0,0,0,0
2025-12-15 01:03:33.308,SERVO_OUTPUT_RAW,1768509827,SERVO_OUTPUT_RAW,0,0,0,0,0,0,0,0,1000,1000,1000,1000,0,0,0,0,0
2025-12-15 01:03:33.408,SERVO_OUTPUT_RAW,1768609816,SERVO_OUTPUT_RAW,0,0,0,0,0,0,0,0,1000,1000,1000,1000,0,0,0,0,0
2025-12-15 01:03:33.508,SERVO_OUTPUT_RAW,1768709843,SERVO_OUTPUT_RAW,0,0,0,0,0,0,0,0,1000,1000,1000,1000,0,0,0,0,0
2025-12-15 01:03:33.608,SERVO_OUTPUT_RAW,1768809788,SERVO_OUTPUT_RAW,0,0,0,0,0,0,0,0,1000,1000,1000,1000,0,0,0,0,0
2025-12-15 01:03:33.708,SERVO_OUTPUT_RAW,1768909791,SERVO_OUTPUT_RAW,0,0,0,0,0,0,0,0,1000,1000,1000,1000,0,0,0,0,0
2025-12-15 01:03:33.808,SERVO_OUTPUT_RAW,1769009816,SERVO_OUTPUT_RAW,0,0,0,0,0,0,0,0,1000,1000,1000,1000,0,0,0,0,0
2025-12-15 01:03:33.908,SERVO_OUTPUT_RAW,1769112096,SERVO_OUTPUT_RAW,0,0,0,0,0,0,0,0,1000,1000,1000,1000,0,0,0,0,0
2025-12-15 01:03:34.008,SERVO_OUTPUT_RAW,1769209834,SERVO_OUTPUT_RAW,0,0,0,0,0,0,0,0,1000,1000,1000,1000,0,0,0,0,0
2025-12-15 01:03:34.108,SERVO_OUTPUT_RAW,1769309786,SERVO_OUTPUT_RAW,0,0,0,0,0,0,0,0,1000,1000,1000,1000,0,0,0,0,0
2025-12-15 01:03:34.208,SERVO_OUTPUT_RAW,1769409814,SERVO_OUTPUT_RAW,0,0,0,0,0,0,0,0,1000,1000,1000,1000,0,0,0,0,0
2025-12-15 01:03:34.308,SERVO_OUTPUT_RAW,1769509824,SERVO_OUTPUT_RAW,0,0,0,0,0,0,0,0,1000,1000,1000,1000,0,0,0,0,0
2025-12-15 01:03:34.408,SERVO_OUTPUT_RAW,1769609793,SERVO_OUTPUT_RAW,0,0,0,0,0,0,0,0,1000,1000,1000,1000,0,0,0,0,0
2025-12-15 01:03:34.507,SERVO_OUTPUT_RAW,1769709794,SERVO_OUTPUT_RAW,0,0,0,0,0,0,0,0,1000,1000,1000,1000,0,0,0,0,0
2025-12-15 01:03:34.607,SERVO_OUTPUT_RAW,1769809795,SERVO_OUTPUT_RAW,0,0,0,0,0,0,0,0,1000,1000,1000,1000,0,0,0,0,0
2025-12-15 01:03:34.707,SERVO_OUTPUT_RAW,1769909787,SERVO_OUTPUT_RAW,0,0,0,0,0,0,0,0,1000,1000,1000,1000,0,0,0,0,0
2025-12-15 01:03:34.807,SERVO_OUTPUT_RAW,1770009789,SERVO_OUTPUT_RAW,0,0,0,0,0,0,0,0,1000,1000,1000,1000,0,0,0,0,0
2025-12-15 01:03:34.907,SERVO_OUTPUT_RAW,1770112142,SERVO_OUTPUT_RAW,0,0,0,0,0,0,0,0,1000,1000,1000,1000,0,0,0,0,0
2025-12-15 01:03:35.007,SERVO_OUTPUT_RAW,1770209822,SERVO_OUTPUT_RAW,0,0,0,0,0,0,0,0,1000,1000,1000,1000,0,0,0,0,0
2025-12-15 01:03:35.108,SERVO_OUTPUT_RAW,1770309778,SERVO_OUTPUT_RAW,0,0,0,0,0,0,0,0,1000,1000,1000,1000,0,0,0,0,0
2025-12-15 01:03:35.207,SERVO_OUTPUT_RAW,1770409795,SERVO_OUTPUT_RAW,0,0,0,0,0,0,0,0,1000,1000,1000,1000,0,0,0,0,0
2025-12-15 01:03:35.307,SERVO_OUTPUT_RAW,1770509839,SERVO_OUTPUT_RAW,0,0,0,0,0,0,0,0,1000,1000,1000,1000,0,0,0,0,0
2025-12-15 01:03:35.407,SERVO_OUTPUT_RAW,1770609857,SERVO_OUTPUT_RAW,0,0,0,0,0,0,0,0,1000,1000,1000,1000,0,0,0,0,0
2025-12-15 01:03:35.507,SERVO_OUTPUT_RAW,1770709874,SERVO_OUTPUT_RAW,0,0,0,0,0,0,0,0,1000,1000,1000,1000,0,0,0,0,0
2025-12-15 01:03:35.607,SERVO_OUTPUT_RAW,1770809783,SERVO_OUTPUT_RAW,0,0,0,0,0,0,0,0,1000,1000,1000,1000,0,0,0,0,0
2025-12-15 01:03:35.707,SERVO_OUTPUT_RAW,1770909793,SERVO_OUTPUT_RAW,0,0,0,0,0,0,0,0,1000,1000,1000,1000,0,0,0,0,0
2025-12-15 01:03:35.807,SERVO_OUTPUT_RAW,1771009824,SERVO_OUTPUT_RAW,0,0,0,0,0,0,0,0,1000,1000,1000,1000,0,0,0,0,0
2025-12-15 01:03:35.907,SERVO_OUTPUT_RAW,1771109820,SERVO_OUTPUT_RAW,0,0,0,0,0,0,0,0,1000,1000,1000,1000,0,0,0,0,0
2025-12-15 01:03:36.007,SERVO_OUTPUT_RAW,1771209868,SERVO_OUTPUT_RAW,0,0,0,0,0,0,0,0,1000,1000,1000,1000,0,0,0,0,0
2025-12-15 01:03:36.108,SERVO_OUTPUT_RAW,1771309781,SERVO_OUTPUT_RAW,0,0,0,0,0,0,0,0,1000,1000,1000,1000,0,0,0,0,0
2025-12-15 01:03:36.207,SERVO_OUTPUT_RAW,1771409800,SERVO_OUTPUT_RAW,0,0,0,0,0,0,0,0,1000,1000,1000,1000,0,0,0,0,0
2025-12-15 01:03:36.307,SERVO_OUTPUT_RAW,1771509782,SERVO_OUTPUT_RAW,0,0,0,0,0,0,0,0,1000,1000,1000,1000,0,0,0,0,0
2025-12-15 01:03:36.408,SERVO_OUTPUT_RAW,1771609805,SERVO_OUTPUT_RAW,0,0,0,0,0,0,0,0,1000,1000,1000,1000,0,0,0,0,0
2025-12-15 01:03:36.507,SERVO_OUTPUT_RAW,1771712139,SERVO_OUTPUT_RAW,0,0,0,0,0,0,0,0,1000,1000,1000,1000,0,0,0,0,0
2025-12-15 01:03:36.608,SERVO_OUTPUT_RAW,1771809824,SERVO_OUTPUT_RAW,0,0,0,0,0,0,0,0,1000,1000,1000,1000,0,0,0,0,0
2025-12-15 01:03:36.707,SERVO_OUTPUT_RAW,1771909854,SERVO_OUTPUT_RAW,0,0,0,0,0,0,0,0,1000,1000,1000,1000,0,0,0,0,0
2025-12-15 01:03:36.807,SERVO_OUTPUT_RAW,1772009804,SERVO_OUTPUT_RAW,0,0,0,0,0,0,0,0,1000,1000,1000,1000,0,0,0,0,0
2025-12-15 01:03:36.907,SERVO_OUTPUT_RAW,1772109820,SERVO_OUTPUT_RAW,0,0,0,0,0,0,0,0,1000,1000,1000,1000,0,0,0,0,0
2025-12-15 01:03:37.007,SERVO_OUTPUT_RAW,1772209844,SERVO_OUTPUT_RAW,0,0,0,0,0,0,0,0,1000,1000,1000,1000,0,0,0,0,0
2025-12-15 01:03:37.107,SERVO_OUTPUT_RAW,1772309851,SERVO_OUTPUT_RAW,0,0,0,0,0,0,0,0,1000,1000,1000,1000,0,0,0,0,0
2025-12-15 01:03:37.207,SERVO_OUTPUT_RAW,1772409789,SERVO_OUTPUT_RAW,0,0,0,0,0,0,0,0,1000,1000,1000,1000,0,0,0,0,0
2025-12-15 01:03:37.307,SERVO_OUTPUT_RAW,1772509814,SERVO_OUTPUT_RAW,0,0,0,0,0,0,0,0,1000,1000,1000,1000,0,0,0,0,0
2025-12-15 01:03:37.407,SERVO_OUTPUT_RAW,1772609811,SERVO_OUTPUT_RAW,0,0,0,0,0,0,0,0,1000,1000,1000,1000,0,0,0,0,0
2025-12-15 01:03:37.508,SERVO_OUTPUT_RAW,1772709805,SERVO_OUTPUT_RAW,0,0,0,0,0,0,0,0,1000,1000,1000,1000,0,0,0,0,0
2025-12-15 01:03:37.607,SERVO_OUTPUT_RAW,1772809806,SERVO_OUTPUT_RAW,0,0,0,0,0,0,0,0,1000,1000,1000,1000,0,0,0,0,0
2025-12-15 01:03:37.707,SERVO_OUTPUT_RAW,1772909789,SERVO_OUTPUT_RAW,0,0,0,0,0,0,0,0,1000,1000,1000,1000,0,0,0,0,0
2025-12-15 01:03:37.807,SERVO_OUTPUT_RAW,1773009813,SERVO_OUTPUT_RAW,0,0,0,0,0,0,0,0,1000,1000,1000,1000,0,0,0,0,0
2025-12-15 01:03:37.907,SERVO_OUTPUT_RAW,1773109783,SERVO_OUTPUT_RAW,0,0,0,0,0,0,0,0,1000,1000,1000,1000,0,0,0,0,0
2025-12-15 01:03:38.007,SERVO_OUTPUT_RAW,1773209794,SERVO_OUTPUT_RAW,0,0,0,0,0,0,0,0,1000,1000,1000,1000,0,0,0,0,0
2025-12-15 01:03:38.107,SERVO_OUTPUT_RAW,1773312186,SERVO_OUTPUT_RAW,0,0,0,0,0,0,0,0,1000,1000,1000,1000,0,0,0,0,0
2025-12-15 01:03:38.207,SERVO_OUTPUT_RAW,1773409792,SERVO_OUTPUT_RAW,0,0,0,0,0,0,0,0,1000,1000,1000,1000,0,0,0,0,0
2025-12-15 01:03:38.307,SERVO_OUTPUT_RAW,1773509856,SERVO_OUTPUT_RAW,0,0,0,0,0,0,0,0,1000,1000,1000,1000,0,0,0,0,0
2025-12-15 01:03:38.407,SERVO_OUTPUT_RAW,1773609869,SERVO_OUTPUT_RAW,0,0,0,0,0,0,0,0,1000,1000,1000,1000,0,0,0,0,0
2025-12-15 01:03:38.507,SERVO_OUTPUT_RAW,1773709811,SERVO_OUTPUT_RAW,0,0,0,0,0,0,0,0,1000,1000,1000,1000,0,0,0,0,0
2025-12-15 01:03:38.607,SERVO_OUTPUT_RAW,1773809853,SERVO_OUTPUT_RAW,0,0,0,0,0,0,0,0,1000,1000,1000,1000,0,0,0,0,0
2025-12-15 01:03:38.707,SERVO_OUTPUT_RAW,1773909813,SERVO_OUTPUT_RAW,0,0,0,0,0,0,0,0,1000,1000,1000,1000,0,0,0,0,0
2025-12-15 01:03:38.807,SERVO_OUTPUT_RAW,1774009799,SERVO_OUTPUT_RAW,0,0,0,0,0,0,0,0,1000,1000,1000,1000,0,0,0,0,0
2025-12-15 01:03:38.907,SERVO_OUTPUT_RAW,1774109934,SERVO_OUTPUT_RAW,0,0,0,0,0,0,0,0,1000,1000,1000,1000,0,0,0,0,0
2025-12-15 01:03:39.008,SERVO_OUTPUT_RAW,1774209820,SERVO_OUTPUT_RAW,0,0,0,0,0,0,0,0,1000,1000,1000,1000,0,0,0,0,0
2025-12-15 01:03:39.108,SERVO_OUTPUT_RAW,1774309793,SERVO_OUTPUT_RAW,0,0,0,0,0,0,0,0,1000,1000,1000,1000,0,0,0,0,0
2025-12-15 01:03:39.208,SERVO_OUTPUT_RAW,1774409785,SERVO_OUTPUT_RAW,0,0,0,0,0,0,0,0,1000,1000,1000,1000,0,0,0,0,0
2025-12-15 01:03:39.307,SERVO_OUTPUT_RAW,1774509796,SERVO_OUTPUT_RAW,0,0,0,0,0,0,0,0,1000,1000,1000,1000,0,0,0,0,0
2025-12-15 01:03:39.408,SERVO_OUTPUT_RAW,1774609809,SERVO_OUTPUT_RAW,0,0,0,0,0,0,0,0,1000,1000,1000,1000,0,0,0,0,0
2025-12-15 01:03:39.508,SERVO_OUTPUT_RAW,1774709783,SERVO_OUTPUT_RAW,0,0,0,0,0,0,0,0,1000,1000,1000,1000,0,0,0,0,0
2025-12-15 01:03:39.608,SERVO_OUTPUT_RAW,1774809801,SERVO_OUTPUT_RAW,0,0,0,0,0,0,0,0,1000,1000,1000,1000,0,0,0,0,0
2025-12-15 01:03:39.708,SERVO_OUTPUT_RAW,1774909840,SERVO_OUTPUT_RAW,0,0,0,0,0,0,0,0,1000,1000,1000,1000,0,0,0,0,0
2025-12-15 01:03:39.808,SERVO_OUTPUT_RAW,1775012136,SERVO_OUTPUT_RAW,0,0,0,0,0,0,0,0,1000,1000,1000,1000,0,0,0,0,0
2025-12-15 01:03:39.964,SERVO_OUTPUT_RAW,1775109807,SERVO_OUTPUT_RAW,0,0,0,0,0,0,0,0,1000,1000,1000,1000,0,0,0,0,0
2025-12-15 01:03:40.008,SERVO_OUTPUT_RAW,1775209810,SERVO_OUTPUT_RAW,0,0,0,0,0,0,0,0,1000,1000,1000,1000,0,0,0,0,0
2025-12-15 01:03:40.108,SERVO_OUTPUT_RAW,1775309825,SERVO_OUTPUT_RAW,0,0,0,0,0,0,0,0,1000,1000,1000,1000,0,0,0,0,0
2025-12-15 01:03:40.208,SERVO_OUTPUT_RAW,1775412082,SERVO_OUTPUT_RAW,0,0,0,0,0,0,0,0,1000,1000,1000,1000,0,0,0,0,0
2025-12-15 01:03:40.309,SERVO_OUTPUT_RAW,1775509823,SERVO_OUTPUT_RAW,0,0,0,0,0,0,0,0,1000,1000,1000,1000,0,0,0,0,0
2025-12-15 01:03:40.408,SERVO_OUTPUT_RAW,1775609793,SERVO_OUTPUT_RAW,0,0,0,0,0,0,0,0,1000,1000,1000,1000,0,0,0,0,0
2025-12-15 01:03:40.508,SERVO_OUTPUT_RAW,1775709817,SERVO_OUTPUT_RAW,0,0,0,0,0,0,0,0,1000,1000,1000,1000,0,0,0,0,0
2025-12-15 01:03:40.608,SERVO_OUTPUT_RAW,1775809798,SERVO_OUTPUT_RAW,0,0,0,0,0,0,0,0,1000,1000,1000,1000,0,0,0,0,0
2025-12-15 01:03:40.708,SERVO_OUTPUT_RAW,1775909805,SERVO_OUTPUT_RAW,0,0,0,0,0,0,0,0,1000,1000,1000,1000,0,0,0,0,0
2025-12-15 01:03:40.808,SERVO_OUTPUT_RAW,1776009788,SERVO_OUTPUT_RAW,0,0,0,0,0,0,0,0,1000,1000,1000,1000,0,0,0,0,0
2025-12-15 01:03:40.908,SERVO_OUTPUT_RAW,1776109792,SERVO_OUTPUT_RAW,0,0,0,0,0,0,0,0,1000,1000,1000,1000,0,0,0,0,0
2025-12-15 01:03:41.008,SERVO_OUTPUT_RAW,1776209796,SERVO_OUTPUT_RAW,0,0,0,0,0,0,0,0,1000,1000,1000,1000,0,0,0,0,0
2025-12-15 01:03:41.108,SERVO_OUTPUT_RAW,1776309786,SERVO_OUTPUT_RAW,0,0,0,0,0,0,0,0,1000,1000,1000,1000,0,0,0,0,0
2025-12-15 01:03:41.208,SERVO_OUTPUT_RAW,1776409829,SERVO_OUTPUT_RAW,0,0,0,0,0,0,0,0,1000,1000,1000,1000,0,0,0,0,0
2025-12-15 01:03:41.308,SERVO_OUTPUT_RAW,1776512149,SERVO_OUTPUT_RAW,0,0,0,0,0,0,0,0,1000,1000,1000,1000,0,0,0,0,0
2025-12-15 01:03:41.408,SERVO_OUTPUT_RAW,1776609854,SERVO_OUTPUT_RAW,0,0,0,0,0,0,0,0,1000,1000,1000,1000,0,0,0,0,0
2025-12-15 01:03:41.508,SERVO_OUTPUT_RAW,1776709786,SERVO_OUTPUT_RAW,0,0,0,0,0,0,0,0,1000,1000,1000,1000,0,0,0,0,0
2025-12-15 01:03:41.608,SERVO_OUTPUT_RAW,1776809842,SERVO_OUTPUT_RAW,0,0,0,0,0,0,0,0,1000,1000,1000,1000,0,0,0,0,0
2025-12-15 01:03:41.708,SERVO_OUTPUT_RAW,1776909856,SERVO_OUTPUT_RAW,0,0,0,0,0,0,0,0,1000,1000,1000,1000,0,0,0,0,0
2025-12-15 01:03:41.808,SERVO_OUTPUT_RAW,1777009843,SERVO_OUTPUT_RAW,0,0,0,0,0,0,0,0,1000,1000,1000,1000,0,0,0,0,0
2025-12-15 01:03:41.908,SERVO_OUTPUT_RAW,1777109791,SERVO_OUTPUT_RAW,0,0,0,0,0,0,0,0,1000,1000,1000,1000,0,0,0,0,0
2025-12-15 01:03:42.008,SERVO_OUTPUT_RAW,1777209813,SERVO_OUTPUT_RAW,0,0,0,0,0,0,0,0,1000,1000,1000,1000,0,0,0,0,0
2025-12-15 01:03:42.108,SERVO_OUTPUT_RAW,1777309845,SERVO_OUTPUT_RAW,0,0,0,0,0,0,0,0,1000,1000,1000,1000,0,0,0,0,0
2025-12-15 01:03:42.209,SERVO_OUTPUT_RAW,1777409778,SERVO_OUTPUT_RAW,0,0,0,0,0,0,0,0,1000,1000,1000,1000,0,0,0,0,0
2025-12-15 01:03:42.308,SERVO_OUTPUT_RAW,1777512115,SERVO_OUTPUT_RAW,0,0,0,0,0,0,0,0,1000,1000,1000,1000,0,0,0,0,0
2025-12-15 01:03:42.409,SERVO_OUTPUT_RAW,1777609790,SERVO_OUTPUT_RAW,0,0,0,0,0,0,0,0,1000,1000,1000,1000,0,0,0,0,0
2025-12-15 01:03:42.508,SERVO_OUTPUT_RAW,1777709793,SERVO_OUTPUT_RAW,0,0,0,0,0,0,0,0,1000,1000,1000,1000,0,0,0,0,0
2025-12-15 01:03:42.608,SERVO_OUTPUT_RAW,1777809802,SERVO_OUTPUT_RAW,0,0,0,0,0,0,0,0,1000,1000,1000,1000,0,0,0,0,0
2025-12-15 01:03:42.709,SERVO_OUTPUT_RAW,1777909783,SERVO_OUTPUT_RAW,0,0,0,0,0,0,0,0,1000,1000,1000,1000,0,0,0,0,0
2025-12-15 01:03:42.808,SERVO_OUTPUT_RAW,1778009831,SERVO_OUTPUT_RAW,0,0,0,0,0,0,0,0,1000,1000,1000,1000,0,0,0,0,0
2025-12-15 01:03:42.908,SERVO_OUTPUT_RAW,1778109846,SERVO_OUTPUT_RAW,0,0,0,0,0,0,0,0,1000,1000,1000,1000,0,0,0,0,0
2025-12-15 01:03:43.008,SERVO_OUTPUT_RAW,1778209801,SERVO_OUTPUT_RAW,0,0,0,0,0,0,0,0,1000,1000,1000,1000,0,0,0,0,0
2025-12-15 01:03:43.108,SERVO_OUTPUT_RAW,1778309798,SERVO_OUTPUT_RAW,0,0,0,0,0,0,0,0,1000,1000,1000,1000,0,0,0,0,0
2025-12-15 01:03:43.209,SERVO_OUTPUT_RAW,1778409827,SERVO_OUTPUT_RAW,0,0,0,0,0,0,0,0,1000,1000,1000,1000,0,0,0,0,0
2025-12-15 01:03:43.309,SERVO_OUTPUT_RAW,1778509852,SERVO_OUTPUT_RAW,0,0,0,0,0,0,0,0,1000,1000,1000,1000,0,0,0,0,0
2025-12-15 01:03:43.408,SERVO_OUTPUT_RAW,1778609899,SERVO_OUTPUT_RAW,0,0,0,0,0,0,0,0,1000,1000,1000,1000,0,0,0,0,0
2025-12-15 01:03:43.508,SERVO_OUTPUT_RAW,1778709787,SERVO_OUTPUT_RAW,0,0,0,0,0,0,0,0,1000,1000,1000,1000,0,0,0,0,0
2025-12-15 01:03:43.608,SERVO_OUTPUT_RAW,1778809813,SERVO_OUTPUT_RAW,0,0,0,0,0,0,0,0,1000,1000,1000,1000,0,0,0,0,0
2025-12-15 01:03:43.708,SERVO_OUTPUT_RAW,1778909812,SERVO_OUTPUT_RAW,0,0,0,0,0,0,0,0,1000,1000,1000,1000,0,0,0,0,0
2025-12-15 01:03:43.808,SERVO_OUTPUT_RAW,1779009772,SERVO_OUTPUT_RAW,0,0,0,0,0,0,0,0,1000,1000,1000,1000,0,0,0,0,0
2025-12-15 01:03:43.908,SERVO_OUTPUT_RAW,1779109773,SERVO_OUTPUT_RAW,0,0,0,0,0,0,0,0,1000,1000,1000,1000,0,0,0,0,0
2025-12-15 01:03:44.008,SERVO_OUTPUT_RAW,1779209780,SERVO_OUTPUT_RAW,0,0,0,0,0,0,0,0,1000,1000,1000,1000,0,0,0,0,0
2025-12-15 01:03:44.108,SERVO_OUTPUT_RAW,1779309783,SERVO_OUTPUT_RAW,0,0,0,0,0,0,0,0,1000,1000,1000,1000,0,0,0,0,0
2025-12-15 01:03:44.208,SERVO_OUTPUT_RAW,1779409827,SERVO_OUTPUT_RAW,0,0,0,0,0,0,0,0,1000,1000,1000,1000,0,0,0,0,0
2025-12-15 01:03:44.307,SERVO_OUTPUT_RAW,1779512138,SERVO_OUTPUT_RAW,0,0,0,0,0,0,0,0,1000,1000,1000,1000,0,0,0,0,0
2025-12-15 01:03:44.407,SERVO_OUTPUT_RAW,1779612182,SERVO_OUTPUT_RAW,0,0,0,0,0,0,0,0,1000,1000,1000,1000,0,0,0,0,0
2025-12-15 01:03:44.507,SERVO_OUTPUT_RAW,1779709855,SERVO_OUTPUT_RAW,0,0,0,0,0,0,0,0,1000,1000,1000,1000,0,0,0,0,0
2025-12-15 01:03:44.608,SERVO_OUTPUT_RAW,1779809811,SERVO_OUTPUT_RAW,0,0,0,0,0,0,0,0,1000,1000,1000,1000,0,0,0,0,0
2025-12-15 01:03:44.708,SERVO_OUTPUT_RAW,1779909820,SERVO_OUTPUT_RAW,0,0,0,0,0,0,0,0,1000,1000,1000,1000,0,0,0,0,0
2025-12-15 01:03:44.807,SERVO_OUTPUT_RAW,1780009843,SERVO_OUTPUT_RAW,0,0,0,0,0,0,0,0,1000,1000,1000,1000,0,0,0,0,0
2025-12-15 01:03:44.907,SERVO_OUTPUT_RAW,1780109844,SERVO_OUTPUT_RAW,0,0,0,0,0,0,0,0,1000,1000,1000,1000,0,0,0,0,0
2025-12-15 01:03:45.007,SERVO_OUTPUT_RAW,1780209782,SERVO_OUTPUT_RAW,0,0,0,0,0,0,0,0,1000,1000,1000,1000,0,0,0,0,0
2025-12-15 01:03:45.107,SERVO_OUTPUT_RAW,1780309808,SERVO_OUTPUT_RAW,0,0,0,0,0,0,0,0,1000,1000,1000,1000,0,0,0,0,0
2025-12-15 01:03:45.207,SERVO_OUTPUT_RAW,1780409831,SERVO_OUTPUT_RAW,0,0,0,0,0,0,0,0,1000,1000,1000,1000,0,0,0,0,0
2025-12-15 01:03:45.307,SERVO_OUTPUT_RAW,1780509783,SERVO_OUTPUT_RAW,0,0,0,0,0,0,0,0,1000,1000,1000,1000,0,0,0,0,0
2025-12-15 01:03:45.407,SERVO_OUTPUT_RAW,1780609785,SERVO_OUTPUT_RAW,0,0,0,0,0,0,0,0,1000,1000,1000,1000,0,0,0,0,0
2025-12-15 01:03:45.507,SERVO_OUTPUT_RAW,1780709794,SERVO_OUTPUT_RAW,0,0,0,0,0,0,0,0,1000,1000,1000,1000,0,0,0,0,0
2025-12-15 01:03:45.607,SERVO_OUTPUT_RAW,1780809795,SERVO_OUTPUT_RAW,0,0,0,0,0,0,0,0,1000,1000,1000,1000,0,0,0,0,0
2025-12-15 01:03:45.707,SERVO_OUTPUT_RAW,1780909795,SERVO_OUTPUT_RAW,0,0,0,0,0,0,0,0,1000,1000,1000,1000,0,0,0,0,0
2025-12-15 01:03:45.807,SERVO_OUTPUT_RAW,1781009787,SERVO_OUTPUT_RAW,0,0,0,0,0,0,0,0,1000,1000,1000,1000,0,0,0,0,0
2025-12-15 01:03:45.908,SERVO_OUTPUT_RAW,1781109830,SERVO_OUTPUT_RAW,0,0,0,0,0,0,0,0,1000,1000,1000,1000,0,0,0,0,0
2025-12-15 01:03:46.007,SERVO_OUTPUT_RAW,1781209829,SERVO_OUTPUT_RAW,0,0,0,0,0,0,0,0,1000,1000,1000,1000,0,0,0,0,0
2025-12-15 01:03:46.107,SERVO_OUTPUT_RAW,1781309891,SERVO_OUTPUT_RAW,0,0,0,0,0,0,0,0,1000,1000,1000,1000,0,0,0,0,0
2025-12-15 01:03:46.207,SERVO_OUTPUT_RAW,1781409790,SERVO_OUTPUT_RAW,0,0,0,0,0,0,0,0,1000,1000,1000,1000,0,0,0,0,0
2025-12-15 01:03:46.307,SERVO_OUTPUT_RAW,1781509806,SERVO_OUTPUT_RAW,0,0,0,0,0,0,0,0,1000,1000,1000,1000,0,0,0,0,0
2025-12-15 01:03:46.407,SERVO_OUTPUT_RAW,1781609842,SERVO_OUTPUT_RAW,0,0,0,0,0,0,0,0,1000,1000,1000,1000,0,0,0,0,0
2025-12-15 01:03:46.507,SERVO_OUTPUT_RAW,1781712025,SERVO_OUTPUT_RAW,0,0,0,0,0,0,0,0,1000,1000,1000,1000,0,0,0,0,0
2025-12-15 01:03:46.607,SERVO_OUTPUT_RAW,1781809787,SERVO_OUTPUT_RAW,0,0,0,0,0,0,0,0,1000,1000,1000,1000,0,0,0,0,0
2025-12-15 01:03:46.707,SERVO_OUTPUT_RAW,1781909836,SERVO_OUTPUT_RAW,0,0,0,0,0,0,0,0,1000,1000,1000,1000,0,0,0,0,0
2025-12-15 01:03:46.807,SERVO_OUTPUT_RAW,1782009831,SERVO_OUTPUT_RAW,0,0,0,0,0,0,0,0,1000,1000,1000,1000,0,0,0,0,0
2025-12-15 01:03:46.907,SERVO_OUTPUT_RAW,1782109783,SERVO_OUTPUT_RAW,0,0,0,0,0,0,0,0,1000,1000,1000,1000,0,0,0,0,0
2025-12-15 01:03:47.007,SERVO_OUTPUT_RAW,1782209815,SERVO_OUTPUT_RAW,0,0,0,0,0,0,0,0,1000,1000,1000,1000,0,0,0,0,0
2025-12-15 01:03:47.107,SERVO_OUTPUT_RAW,1782309798,SERVO_OUTPUT_RAW,0,0,0,0,0,0,0,0,1000,1000,1000,1000,0,0,0,0,0
2025-12-15 01:03:47.207,SERVO_OUTPUT_RAW,1782409791,SERVO_OUTPUT_RAW,0,0,0,0,0,0,0,0,1000,1000,1000,1000,0,0,0,0,0
2025-12-15 01:03:47.308,SERVO_OUTPUT_RAW,1782509791,SERVO_OUTPUT_RAW,0,0,0,0,0,0,0,0,1000,1000,1000,1000,0,0,0,0,0
2025-12-15 01:03:47.409,SERVO_OUTPUT_RAW,1782609796,SERVO_OUTPUT_RAW,0,0,0,0,0,0,0,0,1000,1000,1000,1000,0,0,0,0,0
2025-12-15 01:03:47.508,SERVO_OUTPUT_RAW,1782709849,SERVO_OUTPUT_RAW,0,0,0,0,0,0,0,0,1000,1000,1000,1000,0,0,0,0,0
2025-12-15 01:03:47.608,SERVO_OUTPUT_RAW,1782809788,SERVO_OUTPUT_RAW,0,0,0,0,0,0,0,0,1000,1000,1000,1000,0,0,0,0,0
2025-12-15 01:03:47.708,SERVO_OUTPUT_RAW,1782909812,SERVO_OUTPUT_RAW,0,0,0,0,0,0,0,0,1000,1000,1000,1000,0,0,0,0,0
2025-12-15 01:03:47.808,SERVO_OUTPUT_RAW,1783009807,SERVO_OUTPUT_RAW,0,0,0,0,0,0,0,0,1000,1000,1000,1000,0,0,0,0,0
2025-12-15 01:03:47.908,SERVO_OUTPUT_RAW,1783109835,SERVO_OUTPUT_RAW,0,0,0,0,0,0,0,0,1000,1000,1000,1000,0,0,0,0,0
2025-12-15 01:03:48.008,SERVO_OUTPUT_RAW,1783209843,SERVO_OUTPUT_RAW,0,0,0,0,0,0,0,0,1000,1000,1000,1000,0,0,0,0,0
2025-12-15 01:03:48.108,SERVO_OUTPUT_RAW,1783309809,SERVO_OUTPUT_RAW,0,0,0,0,0,0,0,0,1000,1000,1000,1000,0,0,0,0,0
2025-12-15 01:03:48.208,SERVO_OUTPUT_RAW,1783409798,SERVO_OUTPUT_RAW,0,0,0,0,0,0,0,0,1000,1000,1000,1000,0,0,0,0,0
2025-12-15 01:03:48.308,SERVO_OUTPUT_RAW,1783509831,SERVO_OUTPUT_RAW,0,0,0,0,0,0,0,0,1000,1000,1000,1000,0,0,0,0,0
2025-12-15 01:03:48.408,SERVO_OUTPUT_RAW,1783609832,SERVO_OUTPUT_RAW,0,0,0,0,0,0,0,0,1000,1000,1000,1000,0,0,0,0,0
2025-12-15 01:03:48.508,SERVO_OUTPUT_RAW,1783709783,SERVO_OUTPUT_RAW,0,0,0,0,0,0,0,0,1000,1000,1000,1000,0,0,0,0,0
2025-12-15 01:03:48.608,SERVO_OUTPUT_RAW,1783809849,SERVO_OUTPUT_RAW,0,0,0,0,0,0,0,0,1000,1000,1000,1000,0,0,0,0,0
2025-12-15 01:03:48.708,SERVO_OUTPUT_RAW,1783909804,SERVO_OUTPUT_RAW,0,0,0,0,0,0,0,0,1000,1000,1000,1000,0,0,0,0,0
2025-12-15 01:03:48.808,SERVO_OUTPUT_RAW,1784009805,SERVO_OUTPUT_RAW,0,0,0,0,0,0,0,0,1000,1000,1000,1000,0,0,0,0,0
2025-12-15 01:03:48.908,SERVO_OUTPUT_RAW,1784109808,SERVO_OUTPUT_RAW,0,0,0,0,0,0,0,0,1000,1000,1000,1000,0,0,0,0,0
2025-12-15 01:03:49.008,SERVO_OUTPUT_RAW,1784209812,SERVO_OUTPUT_RAW,0,0,0,0,0,0,0,0,1000,1000,1000,1000,0,0,0,0,0
2025-12-15 01:03:49.108,SERVO_OUTPUT_RAW,1784309842,SERVO_OUTPUT_RAW,0,0,0,0,0,0,0,0,1000,1000,1000,1000,0,0,0,0,0
2025-12-15 01:03:49.208,SERVO_OUTPUT_RAW,1784409853,SERVO_OUTPUT_RAW,0,0,0,0,0,0,0,0,1000,1000,1000,1000,0,0,0,0,0
2025-12-15 01:03:49.308,SERVO_OUTPUT_RAW,1784509776,SERVO_OUTPUT_RAW,0,0,0,0,0,0,0,0,1000,1000,1000,1000,0,0,0,0,0
2025-12-15 01:03:49.408,SERVO_OUTPUT_RAW,1784609822,SERVO_OUTPUT_RAW,0,0,0,0,0,0,0,0,1000,1000,1000,1000,0,0,0,0,0
2025-12-15 01:03:49.508,SERVO_OUTPUT_RAW,1784709838,SERVO_OUTPUT_RAW,0,0,0,0,0,0,0,0,1000,1000,1000,1000,0,0,0,0,0
2025-12-15 01:03:49.608,SERVO_OUTPUT_RAW,1784809817,SERVO_OUTPUT_RAW,0,0,0,0,0,0,0,0,1000,1000,1000,1000,0,0,0,0,0
2025-12-15 01:03:49.708,SERVO_OUTPUT_RAW,1784909835,SERVO_OUTPUT_RAW,0,0,0,0,0,0,0,0,1000,1000,1000,1000,0,0,0,0,0
2025-12-15 01:03:49.808,SERVO_OUTPUT_RAW,1785009823,SERVO_OUTPUT_RAW,0,0,0,0,0,0,0,0,1000,1000,1000,1000,0,0,0,0,0
2025-12-15 01:03:49.908,SERVO_OUTPUT_RAW,1785109827,SERVO_OUTPUT_RAW,0,0,0,0,0,0,0,0,1000,1000,1000,1000,0,0,0,0,0
2025-12-15 01:03:50.008,SERVO_OUTPUT_RAW,1785209794,SERVO_OUTPUT_RAW,0,0,0,0,0,0,0,0,1000,1000,1000,1000,0,0,0,0,0
2025-12-15 01:03:50.108,SERVO_OUTPUT_RAW,1785309788,SERVO_OUTPUT_RAW,0,0,0,0,0,0,0,0,1000,1000,1000,1000,0,0,0,0,0
2025-12-15 01:03:50.208,SERVO_OUTPUT_RAW,1785409809,SERVO_OUTPUT_RAW,0,0,0,0,0,0,0,0,1000,1000,1000,1000,0,0,0,0,0
2025-12-15 01:03:50.308,SERVO_OUTPUT_RAW,1785509784,SERVO_OUTPUT_RAW,0,0,0,0,0,0,0,0,1000,1000,1000,1000,0,0,0,0,0
2025-12-15 01:03:50.408,SERVO_OUTPUT_RAW,1785609799,SERVO_OUTPUT_RAW,0,0,0,0,0,0,0,0,1000,1000,1000,1000,0,0,0,0,0
2025-12-15 01:03:50.509,SERVO_OUTPUT_RAW,1785709784,SERVO_OUTPUT_RAW,0,0,0,0,0,0,0,0,1000,1000,1000,1000,0,0,0,0,0
2025-12-15 01:03:50.608,SERVO_OUTPUT_RAW,1785809835,SERVO_OUTPUT_RAW,0,0,0,0,0,0,0,0,1000,1000,1000,1000,0,0,0,0,0
2025-12-15 01:03:50.708,SERVO_OUTPUT_RAW,1785912134,SERVO_OUTPUT_RAW,0,0,0,0,0,0,0,0,1000,1000,1000,1000,0,0,0,0,0
2025-12-15 01:03:50.808,SERVO_OUTPUT_RAW,1786009802,SERVO_OUTPUT_RAW,0,0,0,0,0,0,0,0,1000,1000,1000,1000,0,0,0,0,0
2025-12-15 01:03:50.908,SERVO_OUTPUT_RAW,1786109791,SERVO_OUTPUT_RAW,0,0,0,0,0,0,0,0,1000,1000,1000,1000,0,0,0,0,0
2025-12-15 01:03:51.008,SERVO_OUTPUT_RAW,1786209859,SERVO_OUTPUT_RAW,0,0,0,0,0,0,0,0,1000,1000,1000,1000,0,0,0,0,0
2025-12-15 01:03:51.109,SERVO_OUTPUT_RAW,1786309847,SERVO_OUTPUT_RAW,0,0,0,0,0,0,0,0,1000,1000,1000,1000,0,0,0,0,0
2025-12-15 01:03:51.208,SERVO_OUTPUT_RAW,1786409796,SERVO_OUTPUT_RAW,0,0,0,0,0,0,0,0,1000,1000,1000,1000,0,0,0,0,0
2025-12-15 01:03:51.308,SERVO_OUTPUT_RAW,1786509810,SERVO_OUTPUT_RAW,0,0,0,0,0,0,0,0,1000,1000,1000,1000,0,0,0,0,0
2025-12-15 01:03:51.409,SERVO_OUTPUT_RAW,1786609817,SERVO_OUTPUT_RAW,0,0,0,0,0,0,0,0,1000,1000,1000,1000,0,0,0,0,0
2025-12-15 01:03:51.508,SERVO_OUTPUT_RAW,1786709827,SERVO_OUTPUT_RAW,0,0,0,0,0,0,0,0,1000,1000,1000,1000,0,0,0,0,0
2025-12-15 01:03:51.608,SERVO_OUTPUT_RAW,1786809783,SERVO_OUTPUT_RAW,0,0,0,0,0,0,0,0,1000,1000,1000,1000,0,0,0,0,0
2025-12-15 01:03:51.708,SERVO_OUTPUT_RAW,1786909792,SERVO_OUTPUT_RAW,0,0,0,0,0,0,0,0,1000,1000,1000,1000,0,0,0,0,0
2025-12-15 01:03:51.808,SERVO_OUTPUT_RAW,1787009787,SERVO_OUTPUT_RAW,0,0,0,0,0,0,0,0,1000,1000,1000,1000,0,0,0,0,0
2025-12-15 01:03:51.908,SERVO_OUTPUT_RAW,1787109777,SERVO_OUTPUT_RAW,0,0,0,0,0,0,0,0,1000,1000,1000,1000,0,0,0,0,0
2025-12-15 01:03:52.008,SERVO_OUTPUT_RAW,1787209788,SERVO_OUTPUT_RAW,0,0,0,0,0,0,0,0,1000,1000,1000,1000,0,0,0,0,0
2025-12-15 01:03:52.108,SERVO_OUTPUT_RAW,1787309811,SERVO_OUTPUT_RAW,0,0,0,0,0,0,0,0,1000,1000,1000,1000,0,0,0,0,0
2025-12-15 01:03:52.209,SERVO_OUTPUT_RAW,1787409788,SERVO_OUTPUT_RAW,0,0,0,0,0,0,0,0,1000,1000,1000,1000,0,0,0,0,0
2025-12-15 01:03:52.308,SERVO_OUTPUT_RAW,1787509860,SERVO_OUTPUT_RAW,0,0,0,0,0,0,0,0,1000,1000,1000,1000,0,0,0,0,0
2025-12-15 01:03:52.408,SERVO_OUTPUT_RAW,1787609828,SERVO_OUTPUT_RAW,0,0,0,0,0,0,0,0,1000,1000,1000,1000,0,0,0,0,0
2025-12-15 01:03:52.509,SERVO_OUTPUT_RAW,1787709814,SERVO_OUTPUT_RAW,0,0,0,0,0,0,0,0,1000,1000,1000,1000,0,0,0,0,0
2025-12-15 01:03:52.608,SERVO_OUTPUT_RAW,1787809835,SERVO_OUTPUT_RAW,0,0,0,0,0,0,0,0,1000,1000,1000,1000,0,0,0,0,0
2025-12-15 01:03:52.708,SERVO_OUTPUT_RAW,1787909844,SERVO_OUTPUT_RAW,0,0,0,0,0,0,0,0,1000,1000,1000,1000,0,0,0,0,0
2025-12-15 01:03:52.808,SERVO_OUTPUT_RAW,1788009896,SERVO_OUTPUT_RAW,0,0,0,0,0,0,0,0,1000,1000,1000,1000,0,0,0,0,0
2025-12-15 01:03:52.909,SERVO_OUTPUT_RAW,1788109802,SERVO_OUTPUT_RAW,0,0,0,0,0,0,0,0,1000,1000,1000,1000,0,0,0,0,0
2025-12-15 01:03:53.008,SERVO_OUTPUT_RAW,1788209809,SERVO_OUTPUT_RAW,0,0,0,0,0,0,0,0,1000,1000,1000,1000,0,0,0,0,0
2025-12-15 01:03:53.108,SERVO_OUTPUT_RAW,1788309779,SERVO_OUTPUT_RAW,0,0,0,0,0,0,0,0,1000,1000,1000,1000,0,0,0,0,0
2025-12-15 01:03:53.209,SERVO_OUTPUT_RAW,1788409796,SERVO_OUTPUT_RAW,0,0,0,0,0,0,0,0,1000,1000,1000,1000,0,0,0,0,0
2025-12-15 01:03:53.308,SERVO_OUTPUT_RAW,1788509820,SERVO_OUTPUT_RAW,0,0,0,0,0,0,0,0,1000,1000,1000,1000,0,0,0,0,0
2025-12-15 01:03:53.408,SERVO_OUTPUT_RAW,1788609787,SERVO_OUTPUT_RAW,0,0,0,0,0,0,0,0,1000,1000,1000,1000,0,0,0,0,0
2025-12-15 01:03:53.508,SERVO_OUTPUT_RAW,1788709795,SERVO_OUTPUT_RAW,0,0,0,0,0,0,0,0,1000,1000,1000,1000,0,0,0,0,0
2025-12-15 01:03:53.608,SERVO_OUTPUT_RAW,1788809802,SERVO_OUTPUT_RAW,0,0,0,0,0,0,0,0,1000,1000,1000,1000,0,0,0,0,0
2025-12-15 01:03:53.708,SERVO_OUTPUT_RAW,1788909850,SERVO_OUTPUT_RAW,0,0,0,0,0,0,0,0,1000,1000,1000,1000,0,0,0,0,0
2025-12-15 01:03:53.807,SERVO_OUTPUT_RAW,1789009837,SERVO_OUTPUT_RAW,0,0,0,0,0,0,0,0,1000,1000,1000,1000,0,0,0,0,0
2025-12-15 01:03:53.908,SERVO_OUTPUT_RAW,1789109872,SERVO_OUTPUT_RAW,0,0,0,0,0,0,0,0,1000,1000,1000,1000,0,0,0,0,0
2025-12-15 01:03:54.008,SERVO_OUTPUT_RAW,1789209804,SERVO_OUTPUT_RAW,0,0,0,0,0,0,0,0,1000,1000,1000,1000,0,0,0,0,0
2025-12-15 01:03:54.108,SERVO_OUTPUT_RAW,1789309809,SERVO_OUTPUT_RAW,0,0,0,0,0,0,0,0,1000,1000,1000,1000,0,0,0,0,0
2025-12-15 01:03:54.209,SERVO_OUTPUT_RAW,1789409850,SERVO_OUTPUT_RAW,0,0,0,0,0,0,0,0,1000,1000,1000,1000,0,0,0,0,0
2025-12-15 01:03:54.308,SERVO_OUTPUT_RAW,1789509776,SERVO_OUTPUT_RAW,0,0,0,0,0,0,0,0,1000,1000,1000,1000,0,0,0,0,0
2025-12-15 01:03:54.408,SERVO_OUTPUT_RAW,1789609781,SERVO_OUTPUT_RAW,0,0,0,0,0,0,0,0,1000,1000,1000,1000,0,0,0,0,0
2025-12-15 01:03:54.508,SERVO_OUTPUT_RAW,1789709817,SERVO_OUTPUT_RAW,0,0,0,0,0,0,0,0,1000,1000,1000,1000,0,0,0,0,0
2025-12-15 01:03:54.609,SERVO_OUTPUT_RAW,1789809819,SERVO_OUTPUT_RAW,0,0,0,0,0,0,0,0,1000,1000,1000,1000,0,0,0,0,0
2025-12-15 01:03:54.709,SERVO_OUTPUT_RAW,1789909788,SERVO_OUTPUT_RAW,0,0,0,0,0,0,0,0,1000,1000,1000,1000,0,0,0,0,0
2025-12-15 01:03:54.808,SERVO_OUTPUT_RAW,1790009789,SERVO_OUTPUT_RAW,0,0,0,0,0,0,0,0,1000,1000,1000,1000,0,0,0,0,0
2025-12-15 01:03:54.913,SERVO_OUTPUT_RAW,1790109868,SERVO_OUTPUT_RAW,0,0,0,0,0,0,0,0,1000,1000,1000,1000,0,0,0,0,0
2025-12-15 01:03:55.008,SERVO_OUTPUT_RAW,1790209779,SERVO_OUTPUT_RAW,0,0,0,0,0,0,0,0,1000,1000,1000,1000,0,0,0,0,0
2025-12-15 01:03:55.108,SERVO_OUTPUT_RAW,1790309795,SERVO_OUTPUT_RAW,0,0,0,0,0,0,0,0,1000,1000,1000,1000,0,0,0,0,0
2025-12-15 01:03:55.208,SERVO_OUTPUT_RAW,1790409810,SERVO_OUTPUT_RAW,0,0,0,0,0,0,0,0,1000,1000,1000,1000,0,0,0,0,0
2025-12-15 01:03:55.308,SERVO_OUTPUT_RAW,1790509819,SERVO_OUTPUT_RAW,0,0,0,0,0,0,0,0,1000,1000,1000,1000,0,0,0,0,0
2025-12-15 01:03:55.408,SERVO_OUTPUT_RAW,1790609831,SERVO_OUTPUT_RAW,0,0,0,0,0,0,0,0,1000,1000,1000,1000,0,0,0,0,0
2025-12-15 01:03:55.508,SERVO_OUTPUT_RAW,1790709803,SERVO_OUTPUT_RAW,0,0,0,0,0,0,0,0,1000,1000,1000,1000,0,0,0,0,0
2025-12-15 01:03:55.608,SERVO_OUTPUT_RAW,1790809817,SERVO_OUTPUT_RAW,0,0,0,0,0,0,0,0,1000,1000,1000,1000,0,0,0,0,0
2025-12-15 01:03:55.708,SERVO_OUTPUT_RAW,1790909840,SERVO_OUTPUT_RAW,0,0,0,0,0,0,0,0,1000,1000,1000,1000,0,0,0,0,0
2025-12-15 01:03:55.808,SERVO_OUTPUT_RAW,1791009853,SERVO_OUTPUT_RAW,0,0,0,0,0,0,0,0,1000,1000,1000,1000,0,0,0,0,0
2025-12-15 01:03:55.908,SERVO_OUTPUT_RAW,1791109823,SERVO_OUTPUT_RAW,0,0,0,0,0,0,0,0,1000,1000,1000,1000,0,0,0,0,0
2025-12-15 01:03:56.008,SERVO_OUTPUT_RAW,1791209802,SERVO_OUTPUT_RAW,0,0,0,0,0,0,0,0,1000,1000,1000,1000,0,0,0,0,0
2025-12-15 01:03:56.108,SERVO_OUTPUT_RAW,1791309819,SERVO_OUTPUT_RAW,0,0,0,0,0,0,0,0,1000,1000,1000,1000,0,0,0,0,0
2025-12-15 01:03:56.208,SERVO_OUTPUT_RAW,1791409861,SERVO_OUTPUT_RAW,0,0,0,0,0,0,0,0,1000,1000,1000,1000,0,0,0,0,0
2025-12-15 01:03:56.308,SERVO_OUTPUT_RAW,1791509778,SERVO_OUTPUT_RAW,0,0,0,0,0,0,0,0,1000,1000,1000,1000,0,0,0,0,0
2025-12-15 01:03:56.408,SERVO_OUTPUT_RAW,1791609791,SERVO_OUTPUT_RAW,0,0,0,0,0,0,0,0,1000,1000,1000,1000,0,0,0,0,0
2025-12-15 01:03:56.508,SERVO_OUTPUT_RAW,1791709783,SERVO_OUTPUT_RAW,0,0,0,0,0,0,0,0,1000,1000,1000,1000,0,0,0,0,0
2025-12-15 01:03:56.608,SERVO_OUTPUT_RAW,1791809775,SERVO_OUTPUT_RAW,0,0,0,0,0,0,0,0,1000,1000,1000,1000,0,0,0,0,0
2025-12-15 01:03:56.708,SERVO_OUTPUT_RAW,1791909831,SERVO_OUTPUT_RAW,0,0,0,0,0,0,0,0,1000,1000,1000,1000,0,0,0,0,0
2025-12-15 01:03:56.808,SERVO_OUTPUT_RAW,1792009845,SERVO_OUTPUT_RAW,0,0,0,0,0,0,0,0,1000,1000,1000,1000,0,0,0,0,0
2025-12-15 01:03:56.908,SERVO_OUTPUT_RAW,1792109844,SERVO_OUTPUT_RAW,0,0,0,0,0,0,0,0,1000,1000,1000,1000,0,0,0,0,0
2025-12-15 01:03:57.008,SERVO_OUTPUT_RAW,1792212171,SERVO_OUTPUT_RAW,0,0,0,0,0,0,0,0,1000,1000,1000,1000,0,0,0,0,0
2025-12-15 01:03:57.108,SERVO_OUTPUT_RAW,1792309782,SERVO_OUTPUT_RAW,0,0,0,0,0,0,0,0,1000,1000,1000,1000,0,0,0,0,0
2025-12-15 01:03:57.208,SERVO_OUTPUT_RAW,1792409831,SERVO_OUTPUT_RAW,0,0,0,0,0,0,0,0,1000,1000,1000,1000,0,0,0,0,0
2025-12-15 01:03:57.308,SERVO_OUTPUT_RAW,1792509837,SERVO_OUTPUT_RAW,0,0,0,0,0,0,0,0,1000,1000,1000,1000,0,0,0,0,0
2025-12-15 01:03:57.409,SERVO_OUTPUT_RAW,1792609817,SERVO_OUTPUT_RAW,0,0,0,0,0,0,0,0,1000,1000,1000,1000,0,0,0,0,0
2025-12-15 01:03:57.508,SERVO_OUTPUT_RAW,1792709790,SERVO_OUTPUT_RAW,0,0,0,0,0,0,0,0,1000,1000,1000,1000,0,0,0,0,0
2025-12-15 01:03:57.608,SERVO_OUTPUT_RAW,1792809812,SERVO_OUTPUT_RAW,0,0,0,0,0,0,0,0,1000,1000,1000,1000,0,0,0,0,0
2025-12-15 01:03:57.709,SERVO_OUTPUT_RAW,1792909824,SERVO_OUTPUT_RAW,0,0,0,0,0,0,0,0,1000,1000,1000,1000,0,0,0,0,0
2025-12-15 01:03:57.808,SERVO_OUTPUT_RAW,1793009887,SERVO_OUTPUT_RAW,0,0,0,0,0,0,0,0,1000,1000,1000,1000,0,0,0,0,0
2025-12-15 01:03:57.908,SERVO_OUTPUT_RAW,1793109783,SERVO_OUTPUT_RAW,0,0,0,0,0,0,0,0,1000,1000,1000,1000,0,0,0,0,0
2025-12-15 01:03:58.008,SERVO_OUTPUT_RAW,1793209780,SERVO_OUTPUT_RAW,0,0,0,0,0,0,0,0,1000,1000,1000,1000,0,0,0,0,0
2025-12-15 01:03:58.108,SERVO_OUTPUT_RAW,1793309787,SERVO_OUTPUT_RAW,0,0,0,0,0,0,0,0,1000,1000,1000,1000,0,0,0,0,0
2025-12-15 01:03:58.208,SERVO_OUTPUT_RAW,1793409781,SERVO_OUTPUT_RAW,0,0,0,0,0,0,0,0,1000,1000,1000,1000,0,0,0,0,0
2025-12-15 01:03:58.308,SERVO_OUTPUT_RAW,1793509787,SERVO_OUTPUT_RAW,0,0,0,0,0,0,0,0,1000,1000,1000,1000,0,0,0,0,0
2025-12-15 01:03:58.408,SERVO_OUTPUT_RAW,1793609828,SERVO_OUTPUT_RAW,0,0,0,0,0,0,0,0,1000,1000,1000,1000,0,0,0,0,0
2025-12-15 01:03:58.508,SERVO_OUTPUT_RAW,1793709834,SERVO_OUTPUT_RAW,0,0,0,0,0,0,0,0,1000,1000,1000,1000,0,0,0,0,0
2025-12-15 01:03:58.608,SERVO_OUTPUT_RAW,1793809861,SERVO_OUTPUT_RAW,0,0,0,0,0,0,0,0,1000,1000,1000,1000,0,0,0,0,0
2025-12-15 01:03:58.709,SERVO_OUTPUT_RAW,1793912093,SERVO_OUTPUT_RAW,0,0,0,0,0,0,0,0,1000,1000,1000,1000,0,0,0,0,0
2025-12-15 01:03:58.808,SERVO_OUTPUT_RAW,1794009823,SERVO_OUTPUT_RAW,0,0,0,0,0,0,0,0,1000,1000,1000,1000,0,0,0,0,0
2025-12-15 01:03:58.908,SERVO_OUTPUT_RAW,1794109844,SERVO_OUTPUT_RAW,0,0,0,0,0,0,0,0,1000,1000,1000,1000,0,0,0,0,0
2025-12-15 01:03:59.008,SERVO_OUTPUT_RAW,1794209809,SERVO_OUTPUT_RAW,0,0,0,0,0,0,0,0,1000,1000,1000,1000,0,0,0,0,0
2025-12-15 01:03:59.108,SERVO_OUTPUT_RAW,1794312050,SERVO_OUTPUT_RAW,0,0,0,0,0,0,0,0,1000,1000,1000,1000,0,0,0,0,0
2025-12-15 01:03:59.208,SERVO_OUTPUT_RAW,1794409827,SERVO_OUTPUT_RAW,0,0,0,0,0,0,0,0,1000,1000,1000,1000,0,0,0,0,0
2025-12-15 01:03:59.308,SERVO_OUTPUT_RAW,1794509814,SERVO_OUTPUT_RAW,0,0,0,0,0,0,0,0,1000,1000,1000,1000,0,0,0,0,0
2025-12-15 01:03:59.408,SERVO_OUTPUT_RAW,1794609779,SERVO_OUTPUT_RAW,0,0,0,0,0,0,0,0,1000,1000,1000,1000,0,0,0,0,0
2025-12-15 01:03:59.508,SERVO_OUTPUT_RAW,1794709792,SERVO_OUTPUT_RAW,0,0,0,0,0,0,0,0,1000,1000,1000,1000,0,0,0,0,0
2025-12-15 01:03:59.608,SERVO_OUTPUT_RAW,1794809811,SERVO_OUTPUT_RAW,0,0,0,0,0,0,0,0,1000,1000,1000,1000,0,0,0,0,0
2025-12-15 01:03:59.708,SERVO_OUTPUT_RAW,1794909794,SERVO_OUTPUT_RAW,0,0,0,0,0,0,0,0,1000,1000,1000,1000,0,0,0,0,0
2025-12-15 01:03:59.808,SERVO_OUTPUT_RAW,1795009788,SERVO_OUTPUT_RAW,0,0,0,0,0,0,0,0,1000,1000,1000,1000,0,0,0,0,0
2025-12-15 01:03:59.908,SERVO_OUTPUT_RAW,1795109805,SERVO_OUTPUT_RAW,0,0,0,0,0,0,0,0,1000,1000,1000,1000,0,0,0,0,0
2025-12-15 01:04:00.008,SERVO_OUTPUT_RAW,1795209835,SERVO_OUTPUT_RAW,0,0,0,0,0,0,0,0,1000,1000,1000,1000,0,0,0,0,0
2025-12-15 01:04:00.108,SERVO_OUTPUT_RAW,1795309808,SERVO_OUTPUT_RAW,0,0,0,0,0,0,0,0,1000,1000,1000,1000,0,0,0,0,0
2025-12-15 01:04:00.209,SERVO_OUTPUT_RAW,1795409813,SERVO_OUTPUT_RAW,0,0,0,0,0,0,0,0,1000,1000,1000,1000,0,0,0,0,0
2025-12-15 01:04:00.308,SERVO_OUTPUT_RAW,1795509808,SERVO_OUTPUT_RAW,0,0,0,0,0,0,0,0,1000,1000,1000,1000,0,0,0,0,0
2025-12-15 01:04:00.408,SERVO_OUTPUT_RAW,1795609834,SERVO_OUTPUT_RAW,0,0,0,0,0,0,0,0,1000,1000,1000,1000,0,0,0,0,0
2025-12-15 01:04:00.508,SERVO_OUTPUT_RAW,1795709916,SERVO_OUTPUT_RAW,0,0,0,0,0,0,0,0,1000,1000,1000,1000,0,0,0,0,0
2025-12-15 01:04:00.608,SERVO_OUTPUT_RAW,1795809789,SERVO_OUTPUT_RAW,0,0,0,0,0,0,0,0,1000,1000,1000,1000,0,0,0,0,0
2025-12-15 01:04:00.708,SERVO_OUTPUT_RAW,1795909823,SERVO_OUTPUT_RAW,0,0,0,0,0,0,0,0,1000,1000,1000,1000,0,0,0,0,0
2025-12-15 01:04:00.808,SERVO_OUTPUT_RAW,1796009824,SERVO_OUTPUT_RAW,0,0,0,0,0,0,0,0,1000,1000,1000,1000,0,0,0,0,0
2025-12-15 01:04:00.908,SERVO_OUTPUT_RAW,1796109798,SERVO_OUTPUT_RAW,0,0,0,0,0,0,0,0,1000,1000,1000,1000,0,0,0,0,0
2025-12-15 01:04:01.009,SERVO_OUTPUT_RAW,1796209782,SERVO_OUTPUT_RAW,0,0,0,0,0,0,0,0,1000,1000,1000,1000,0,0,0,0,0
2025-12-15 01:04:01.108,SERVO_OUTPUT_RAW,1796309798,SERVO_OUTPUT_RAW,0,0,0,0,0,0,0,0,1000,1000,1000,1000,0,0,0,0,0
2025-12-15 01:04:01.208,SERVO_OUTPUT_RAW,1796409863,SERVO_OUTPUT_RAW,0,0,0,0,0,0,0,0,1000,1000,1000,1000,0,0,0,0,0
2025-12-15 01:04:01.308,SERVO_OUTPUT_RAW,1796509785,SERVO_OUTPUT_RAW,0,0,0,0,0,0,0,0,1000,1000,1000,1000,0,0,0,0,0
2025-12-15 01:04:01.408,SERVO_OUTPUT_RAW,1796609809,SERVO_OUTPUT_RAW,0,0,0,0,0,0,0,0,1000,1000,1000,1000,0,0,0,0,0
2025-12-15 01:04:01.508,SERVO_OUTPUT_RAW,1796709819,SERVO_OUTPUT_RAW,0,0,0,0,0,0,0,0,1000,1000,1000,1000,0,0,0,0,0
2025-12-15 01:04:01.608,SERVO_OUTPUT_RAW,1796809842,SERVO_OUTPUT_RAW,0,0,0,0,0,0,0,0,1000,1000,1000,1000,0,0,0,0,0
2025-12-15 01:04:01.708,SERVO_OUTPUT_RAW,1796909802,SERVO_OUTPUT_RAW,0,0,0,0,0,0,0,0,1000,1000,1000,1000,0,0,0,0,0
2025-12-15 01:04:01.809,SERVO_OUTPUT_RAW,1797009801,SERVO_OUTPUT_RAW,0,0,0,0,0,0,0,0,1000,1000,1000,1000,0,0,0,0,0
2025-12-15 01:04:01.909,SERVO_OUTPUT_RAW,1797109821,SERVO_OUTPUT_RAW,0,0,0,0,0,0,0,0,1000,1000,1000,1000,0,0,0,0,0
2025-12-15 01:04:02.008,SERVO_OUTPUT_RAW,1797209858,SERVO_OUTPUT_RAW,0,0,0,0,0,0,0,0,1000,1000,1000,1000,0,0,0,0,0
2025-12-15 01:04:02.109,SERVO_OUTPUT_RAW,1797309848,SERVO_OUTPUT_RAW,0,0,0,0,0,0,0,0,1000,1000,1000,1000,0,0,0,0,0
2025-12-15 01:04:02.209,SERVO_OUTPUT_RAW,1797409792,SERVO_OUTPUT_RAW,0,0,0,0,0,0,0,0,1000,1000,1000,1000,0,0,0,0,0
2025-12-15 01:04:02.309,SERVO_OUTPUT_RAW,1797509829,SERVO_OUTPUT_RAW,0,0,0,0,0,0,0,0,1000,1000,1000,1000,0,0,0,0,0
2025-12-15 01:04:02.410,SERVO_OUTPUT_RAW,1797609824,SERVO_OUTPUT_RAW,0,0,0,0,0,0,0,0,1000,1000,1000,1000,0,0,0,0,0
2025-12-15 01:04:02.509,SERVO_OUTPUT_RAW,1797709792,SERVO_OUTPUT_RAW,0,0,0,0,0,0,0,0,1000,1000,1000,1000,0,0,0,0,0
2025-12-15 01:04:02.609,SERVO_OUTPUT_RAW,1797809802,SERVO_OUTPUT_RAW,0,0,0,0,0,0,0,0,1000,1000,1000,1000,0,0,0,0,0
2025-12-15 01:04:02.709,SERVO_OUTPUT_RAW,1797909789,SERVO_OUTPUT_RAW,0,0,0,0,0,0,0,0,1000,1000,1000,1000,0,0,0,0,0
2025-12-15 01:04:02.809,SERVO_OUTPUT_RAW,1798009781,SERVO_OUTPUT_RAW,0,0,0,0,0,0,0,0,1000,1000,1000,1000,0,0,0,0,0
2025-12-15 01:04:02.909,SERVO_OUTPUT_RAW,1798109785,SERVO_OUTPUT_RAW,0,0,0,0,0,0,0,0,1000,1000,1000,1000,0,0,0,0,0
2025-12-15 01:04:03.008,SERVO_OUTPUT_RAW,1798209797,SERVO_OUTPUT_RAW,0,0,0,0,0,0,0,0,1000,1000,1000,1000,0,0,0,0,0
2025-12-15 01:04:03.109,SERVO_OUTPUT_RAW,1798309833,SERVO_OUTPUT_RAW,0,0,0,0,0,0,0,0,1000,1000,1000,1000,0,0,0,0,0
2025-12-15 01:04:03.209,SERVO_OUTPUT_RAW,1798409849,SERVO_OUTPUT_RAW,0,0,0,0,0,0,0,0,1000,1000,1000,1000,0,0,0,0,0
2025-12-15 01:04:03.309,SERVO_OUTPUT_RAW,1798512140,SERVO_OUTPUT_RAW,0,0,0,0,0,0,0,0,1000,1000,1000,1000,0,0,0,0,0
2025-12-15 01:04:03.409,SERVO_OUTPUT_RAW,1798609805,SERVO_OUTPUT_RAW,0,0,0,0,0,0,0,0,1000,1000,1000,1000,0,0,0,0,0
2025-12-15 01:04:03.509,SERVO_OUTPUT_RAW,1798709848,SERVO_OUTPUT_RAW,0,0,0,0,0,0,0,0,1000,1000,1000,1000,0,0,0,0,0
2025-12-15 01:04:03.609,SERVO_OUTPUT_RAW,1798809859,SERVO_OUTPUT_RAW,0,0,0,0,0,0,0,0,1000,1000,1000,1000,0,0,0,0,0
2025-12-15 01:04:03.709,SERVO_OUTPUT_RAW,1798909787,SERVO_OUTPUT_RAW,0,0,0,0,0,0,0,0,1000,1000,1000,1000,0,0,0,0,0
2025-12-15 01:04:03.809,SERVO_OUTPUT_RAW,1799009793,SERVO_OUTPUT_RAW,0,0,0,0,0,0,0,0,1000,1000,1000,1000,0,0,0,0,0
2025-12-15 01:04:03.909,SERVO_OUTPUT_RAW,1799109815,SERVO_OUTPUT_RAW,0,0,0,0,0,0,0,0,1000,1000,1000,1000,0,0,0,0,0
2025-12-15 01:04:04.009,SERVO_OUTPUT_RAW,1799209773,SERVO_OUTPUT_RAW,0,0,0,0,0,0,0,0,1000,1000,1000,1000,0,0,0,0,0
2025-12-15 01:04:04.109,SERVO_OUTPUT_RAW,1799309810,SERVO_OUTPUT_RAW,0,0,0,0,0,0,0,0,1000,1000,1000,1000,0,0,0,0,0
2025-12-15 01:04:04.208,SERVO_OUTPUT_RAW,1799409777,SERVO_OUTPUT_RAW,0,0,0,0,0,0,0,0,1000,1000,1000,1000,0,0,0,0,0
2025-12-15 01:04:04.308,SERVO_OUTPUT_RAW,1799509788,SERVO_OUTPUT_RAW,0,0,0,0,0,0,0,0,1000,1000,1000,1000,0,0,0,0,0
2025-12-15 01:04:04.408,SERVO_OUTPUT_RAW,1799609771,SERVO_OUTPUT_RAW,0,0,0,0,0,0,0,0,1000,1000,1000,1000,0,0,0,0,0
2025-12-15 01:04:04.508,SERVO_OUTPUT_RAW,1799709812,SERVO_OUTPUT_RAW,0,0,0,0,0,0,0,0,1000,1000,1000,1000,0,0,0,0,0
2025-12-15 01:04:04.608,SERVO_OUTPUT_RAW,1799812145,SERVO_OUTPUT_RAW,0,0,0,0,0,0,0,0,1000,1000,1000,1000,0,0,0,0,0
2025-12-15 01:04:04.708,SERVO_OUTPUT_RAW,1799909822,SERVO_OUTPUT_RAW,0,0,0,0,0,0,0,0,1000,1000,1000,1000,0,0,0,0,0
2025-12-15 01:04:04.808,SERVO_OUTPUT_RAW,1800009795,SERVO_OUTPUT_RAW,0,0,0,0,0,0,0,0,1000,1000,1000,1000,0,0,0,0,0
2025-12-15 01:04:04.908,SERVO_OUTPUT_RAW,1800109799,SERVO_OUTPUT_RAW,0,0,0,0,0,0,0,0,1000,1000,1000,1000,0,0,0,0,0
2025-12-15 01:04:05.008,SERVO_OUTPUT_RAW,1800209849,SERVO_OUTPUT_RAW,0,0,0,0,0,0,0,0,1000,1000,1000,1000,0,0,0,0,0
2025-12-15 01:04:05.108,SERVO_OUTPUT_RAW,1800309851,SERVO_OUTPUT_RAW,0,0,0,0,0,0,0,0,1000,1000,1000,1000,0,0,0,0,0
2025-12-15 01:04:05.208,SERVO_OUTPUT_RAW,1800409835,SERVO_OUTPUT_RAW,0,0,0,0,0,0,0,0,1000,1000,1000,1000,0,0,0,0,0
2025-12-15 01:04:05.308,SERVO_OUTPUT_RAW,1800509785,SERVO_OUTPUT_RAW,0,0,0,0,0,0,0,0,1000,1000,1000,1000,0,0,0,0,0
2025-12-15 01:04:05.408,SERVO_OUTPUT_RAW,1800609907,SERVO_OUTPUT_RAW,0,0,0,0,0,0,0,0,1000,1000,1000,1000,0,0,0,0,0
2025-12-15 01:04:05.508,SERVO_OUTPUT_RAW,1800709811,SERVO_OUTPUT_RAW,0,0,0,0,0,0,0,0,1000,1000,1000,1000,0,0,0,0,0
2025-12-15 01:04:05.608,SERVO_OUTPUT_RAW,1800809845,SERVO_OUTPUT_RAW,0,0,0,0,0,0,0,0,1000,1000,1000,1000,0,0,0,0,0
2025-12-15 01:04:05.708,SERVO_OUTPUT_RAW,1800909779,SERVO_OUTPUT_RAW,0,0,0,0,0,0,0,0,1000,1000,1000,1000,0,0,0,0,0
2025-12-15 01:04:05.808,SERVO_OUTPUT_RAW,1801009786,SERVO_OUTPUT_RAW,0,0,0,0,0,0,0,0,1000,1000,1000,1000,0,0,0,0,0
2025-12-15 01:04:05.908,SERVO_OUTPUT_RAW,1801109819,SERVO_OUTPUT_RAW,0,0,0,0,0,0,0,0,1000,1000,1000,1000,0,0,0,0,0
2025-12-15 01:04:06.008,SERVO_OUTPUT_RAW,1801209797,SERVO_OUTPUT_RAW,0,0,0,0,0,0,0,0,1000,1000,1000,1000,0,0,0,0,0
2025-12-15 01:04:06.108,SERVO_OUTPUT_RAW,1801309796,SERVO_OUTPUT_RAW,0,0,0,0,0,0,0,0,1000,1000,1000,1000,0,0,0,0,0
2025-12-15 01:04:06.208,SERVO_OUTPUT_RAW,1801409834,SERVO_OUTPUT_RAW,0,0,0,0,0,0,0,0,1000,1000,1000,1000,0,0,0,0,0
2025-12-15 01:04:06.308,SERVO_OUTPUT_RAW,1801509793,SERVO_OUTPUT_RAW,0,0,0,0,0,0,0,0,1000,1000,1000,1000,0,0,0,0,0
2025-12-15 01:04:06.408,SERVO_OUTPUT_RAW,1801609812,SERVO_OUTPUT_RAW,0,0,0,0,0,0,0,0,1000,1000,1000,1000,0,0,0,0,0
2025-12-15 01:04:06.508,SERVO_OUTPUT_RAW,1801709830,SERVO_OUTPUT_RAW,0,0,0,0,0,0,0,0,1000,1000,1000,1000,0,0,0,0,0
2025-12-15 01:04:06.608,SERVO_OUTPUT_RAW,1801809817,SERVO_OUTPUT_RAW,0,0,0,0,0,0,0,0,1000,1000,1000,1000,0,0,0,0,0
2025-12-15 01:04:06.708,SERVO_OUTPUT_RAW,1801909851,SERVO_OUTPUT_RAW,0,0,0,0,0,0,0,0,1000,1000,1000,1000,0,0,0,0,0
2025-12-15 01:04:06.808,SERVO_OUTPUT_RAW,1802009849,SERVO_OUTPUT_RAW,0,0,0,0,0,0,0,0,1000,1000,1000,1000,0,0,0,0,0
2025-12-15 01:04:06.908,SERVO_OUTPUT_RAW,1802109782,SERVO_OUTPUT_RAW,0,0,0,0,0,0,0,0,1000,1000,1000,1000,0,0,0,0,0
2025-12-15 01:04:07.008,SERVO_OUTPUT_RAW,1802209819,SERVO_OUTPUT_RAW,0,0,0,0,0,0,0,0,1000,1000,1000,1000,0,0,0,0,0
2025-12-15 01:04:07.109,SERVO_OUTPUT_RAW,1802309814,SERVO_OUTPUT_RAW,0,0,0,0,0,0,0,0,1000,1000,1000,1000,0,0,0,0,0
2025-12-15 01:04:07.208,SERVO_OUTPUT_RAW,1802409796,SERVO_OUTPUT_RAW,0,0,0,0,0,0,0,0,1000,1000,1000,1000,0,0,0,0,0
2025-12-15 01:04:07.308,SERVO_OUTPUT_RAW,1802509794,SERVO_OUTPUT_RAW,0,0,0,0,0,0,0,0,1000,1000,1000,1000,0,0,0,0,0
2025-12-15 01:04:07.408,SERVO_OUTPUT_RAW,1802609784,SERVO_OUTPUT_RAW,0,0,0,0,0,0,0,0,1000,1000,1000,1000,0,0,0,0,0
2025-12-15 01:04:07.509,SERVO_OUTPUT_RAW,1802709868,SERVO_OUTPUT_RAW,0,0,0,0,0,0,0,0,1000,1000,1000,1000,0,0,0,0,0
2025-12-15 01:04:07.608,SERVO_OUTPUT_RAW,1802809787,SERVO_OUTPUT_RAW,0,0,0,0,0,0,0,0,1000,1000,1000,1000,0,0,0,0,0
2025-12-15 01:04:07.708,SERVO_OUTPUT_RAW,1802909818,SERVO_OUTPUT_RAW,0,0,0,0,0,0,0,0,1000,1000,1000,1000,0,0,0,0,0
2025-12-15 01:04:07.808,SERVO_OUTPUT_RAW,1803009869,SERVO_OUTPUT_RAW,0,0,0,0,0,0,0,0,1000,1000,1000,1000,0,0,0,0,0
2025-12-15 01:04:07.908,SERVO_OUTPUT_RAW,1803109831,SERVO_OUTPUT_RAW,0,0,0,0,0,0,0,0,1000,1000,1000,1000,0,0,0,0,0
2025-12-15 01:04:08.008,SERVO_OUTPUT_RAW,1803209794,SERVO_OUTPUT_RAW,0,0,0,0,0,0,0,0,1000,1000,1000,1000,0,0,0,0,0
2025-12-15 01:04:08.108,SERVO_OUTPUT_RAW,1803309808,SERVO_OUTPUT_RAW,0,0,0,0,0,0,0,0,1000,1000,1000,1000,0,0,0,0,0
2025-12-15 01:04:08.208,SERVO_OUTPUT_RAW,1803409831,SERVO_OUTPUT_RAW,0,0,0,0,0,0,0,0,1000,1000,1000,1000,0,0,0,0,0
2025-12-15 01:04:08.308,SERVO_OUTPUT_RAW,1803509841,SERVO_OUTPUT_RAW,0,0,0,0,0,0,0,0,1000,1000,1000,1000,0,0,0,0,0
2025-12-15 01:04:08.409,SERVO_OUTPUT_RAW,1803609793,SERVO_OUTPUT_RAW,0,0,0,0,0,0,0,0,1000,1000,1000,1000,0,0,0,0,0
2025-12-15 01:04:08.508,SERVO_OUTPUT_RAW,1803709798,SERVO_OUTPUT_RAW,0,0,0,0,0,0,0,0,1000,1000,1000,1000,0,0,0,0,0
2025-12-15 01:04:08.608,SERVO_OUTPUT_RAW,1803809841,SERVO_OUTPUT_RAW,0,0,0,0,0,0,0,0,1000,1000,1000,1000,0,0,0,0,0
2025-12-15 01:04:08.708,SERVO_OUTPUT_RAW,1803909795,SERVO_OUTPUT_RAW,0,0,0,0,0,0,0,0,1000,1000,1000,1000,0,0,0,0,0
2025-12-15 01:04:08.808,SERVO_OUTPUT_RAW,1804009797,SERVO_OUTPUT_RAW,0,0,0,0,0,0,0,0,1000,1000,1000,1000,0,0,0,0,0
2025-12-15 01:04:08.908,SERVO_OUTPUT_RAW,1804109793,SERVO_OUTPUT_RAW,0,0,0,0,0,0,0,0,1000,1000,1000,1000,0,0,0,0,0
2025-12-15 01:04:09.008,SERVO_OUTPUT_RAW,1804209792,SERVO_OUTPUT_RAW,0,0,0,0,0,0,0,0,1000,1000,1000,1000,0,0,0,0,0
2025-12-15 01:04:09.109,SERVO_OUTPUT_RAW,1804309787,SERVO_OUTPUT_RAW,0,0,0,0,0,0,0,0,1000,1000,1000,1000,0,0,0,0,0
2025-12-15 01:04:09.208,SERVO_OUTPUT_RAW,1804409783,SERVO_OUTPUT_RAW,0,0,0,0,0,0,0,0,1000,1000,1000,1000,0,0,0,0,0
2025-12-15 01:04:09.308,SERVO_OUTPUT_RAW,1804509816,SERVO_OUTPUT_RAW,0,0,0,0,0,0,0,0,1000,1000,1000,1000,0,0,0,0,0
2025-12-15 01:04:09.408,SERVO_OUTPUT_RAW,1804609842,SERVO_OUTPUT_RAW,0,0,0,0,0,0,0,0,1000,1000,1000,1000,0,0,0,0,0
2025-12-15 01:04:09.508,SERVO_OUTPUT_RAW,1804712153,SERVO_OUTPUT_RAW,0,0,0,0,0,0,0,0,1000,1000,1000,1000,0,0,0,0,0
2025-12-15 01:04:09.609,SERVO_OUTPUT_RAW,1804812137,SERVO_OUTPUT_RAW,0,0,0,0,0,0,0,0,1000,1000,1000,1000,0,0,0,0,0
2025-12-15 01:04:09.709,SERVO_OUTPUT_RAW,1804909819,SERVO_OUTPUT_RAW,0,0,0,0,0,0,0,0,1000,1000,1000,1000,0,0,0,0,0
2025-12-15 01:04:09.809,SERVO_OUTPUT_RAW,1805009844,SERVO_OUTPUT_RAW,0,0,0,0,0,0,0,0,1000,1000,1000,1000,0,0,0,0,0
2025-12-15 01:04:09.914,SERVO_OUTPUT_RAW,1805109823,SERVO_OUTPUT_RAW,0,0,0,0,0,0,0,0,1000,1000,1000,1000,0,0,0,0,0
2025-12-15 01:04:10.009,SERVO_OUTPUT_RAW,1805209789,SERVO_OUTPUT_RAW,0,0,0,0,0,0,0,0,1000,1000,1000,1000,0,0,0,0,0
2025-12-15 01:04:10.109,SERVO_OUTPUT_RAW,1805309824,SERVO_OUTPUT_RAW,0,0,0,0,0,0,0,0,1000,1000,1000,1000,0,0,0,0,0
2025-12-15 01:04:10.209,SERVO_OUTPUT_RAW,1805409821,SERVO_OUTPUT_RAW,0,0,0,0,0,0,0,0,1000,1000,1000,1000,0,0,0,0,0
2025-12-15 01:04:10.309,SERVO_OUTPUT_RAW,1805509794,SERVO_OUTPUT_RAW,0,0,0,0,0,0,0,0,1000,1000,1000,1000,0,0,0,0,0
2025-12-15 01:04:10.409,SERVO_OUTPUT_RAW,1805609814,SERVO_OUTPUT_RAW,0,0,0,0,0,0,0,0,1000,1000,1000,1000,0,0,0,0,0
2025-12-15 01:04:10.509,SERVO_OUTPUT_RAW,1805709793,SERVO_OUTPUT_RAW,0,0,0,0,0,0,0,0,1000,1000,1000,1000,0,0,0,0,0
2025-12-15 01:04:10.609,SERVO_OUTPUT_RAW,1805809782,SERVO_OUTPUT_RAW,0,0,0,0,0,0,0,0,1000,1000,1000,1000,0,0,0,0,0
2025-12-15 01:04:10.709,SERVO_OUTPUT_RAW,1805909799,SERVO_OUTPUT_RAW,0,0,0,0,0,0,0,0,1000,1000,1000,1000,0,0,0,0,0
2025-12-15 01:04:10.809,SERVO_OUTPUT_RAW,1806009794,SERVO_OUTPUT_RAW,0,0,0,0,0,0,0,0,1000,1000,1000,1000,0,0,0,0,0
2025-12-15 01:04:10.909,SERVO_OUTPUT_RAW,1806109827,SERVO_OUTPUT_RAW,0,0,0,0,0,0,0,0,1000,1000,1000,1000,0,0,0,0,0
2025-12-15 01:04:11.009,SERVO_OUTPUT_RAW,1806209851,SERVO_OUTPUT_RAW,0,0,0,0,0,0,0,0,1000,1000,1000,1000,0,0,0,0,0
2025-12-15 01:04:11.109,SERVO_OUTPUT_RAW,1806309807,SERVO_OUTPUT_RAW,0,0,0,0,0,0,0,0,1000,1000,1000,1000,0,0,0,0,0
2025-12-15 01:04:11.209,SERVO_OUTPUT_RAW,1806409801,SERVO_OUTPUT_RAW,0,0,0,0,0,0,0,0,1000,1000,1000,1000,0,0,0,0,0
2025-12-15 01:04:11.309,SERVO_OUTPUT_RAW,1806509851,SERVO_OUTPUT_RAW,0,0,0,0,0,0,0,0,1000,1000,1000,1000,0,0,0,0,0
2025-12-15 01:04:11.409,SERVO_OUTPUT_RAW,1806609845,SERVO_OUTPUT_RAW,0,0,0,0,0,0,0,0,1000,1000,1000,1000,0,0,0,0,0
2025-12-15 01:04:11.509,SERVO_OUTPUT_RAW,1806709856,SERVO_OUTPUT_RAW,0,0,0,0,0,0,0,0,1000,1000,1000,1000,0,0,0,0,0
2025-12-15 01:04:11.609,SERVO_OUTPUT_RAW,1806809806,SERVO_OUTPUT_RAW,0,0,0,0,0,0,0,0,1000,1000,1000,1000,0,0,0,0,0
2025-12-15 01:04:11.709,SERVO_OUTPUT_RAW,1806909959,SERVO_OUTPUT_RAW,0,0,0,0,0,0,0,0,1000,1000,1000,1000,0,0,0,0,0
2025-12-15 01:04:11.809,SERVO_OUTPUT_RAW,1807009809,SERVO_OUTPUT_RAW,0,0,0,0,0,0,0,0,1000,1000,1000,1000,0,0,0,0,0
2025-12-15 01:04:11.909,SERVO_OUTPUT_RAW,1807109773,SERVO_OUTPUT_RAW,0,0,0,0,0,0,0,0,1000,1000,1000,1000,0,0,0,0,0
2025-12-15 01:04:12.009,SERVO_OUTPUT_RAW,1807209789,SERVO_OUTPUT_RAW,0,0,0,0,0,0,0,0,1000,1000,1000,1000,0,0,0,0,0
2025-12-15 01:04:12.109,SERVO_OUTPUT_RAW,1807309786,SERVO_OUTPUT_RAW,0,0,0,0,0,0,0,0,1000,1000,1000,1000,0,0,0,0,0
2025-12-15 01:04:12.209,SERVO_OUTPUT_RAW,1807409795,SERVO_OUTPUT_RAW,0,0,0,0,0,0,0,0,1000,1000,1000,1000,0,0,0,0,0
2025-12-15 01:04:12.309,SERVO_OUTPUT_RAW,1807509782,SERVO_OUTPUT_RAW,0,0,0,0,0,0,0,0,1000,1000,1000,1000,0,0,0,0,0
2025-12-15 01:04:12.411,SERVO_OUTPUT_RAW,1807609814,SERVO_OUTPUT_RAW,0,0,0,0,0,0,0,0,1000,1000,1000,1000,0,0,0,0,0
2025-12-15 01:04:12.509,SERVO_OUTPUT_RAW,1807709782,SERVO_OUTPUT_RAW,0,0,0,0,0,0,0,0,1000,1000,1000,1000,0,0,0,0,0
2025-12-15 01:04:12.609,SERVO_OUTPUT_RAW,1807809845,SERVO_OUTPUT_RAW,0,0,0,0,0,0,0,0,1000,1000,1000,1000,0,0,0,0,0
2025-12-15 01:04:12.710,SERVO_OUTPUT_RAW,1807909804,SERVO_OUTPUT_RAW,0,0,0,0,0,0,0,0,1000,1000,1000,1000,0,0,0,0,0
2025-12-15 01:04:12.809,SERVO_OUTPUT_RAW,1808009821,SERVO_OUTPUT_RAW,0,0,0,0,0,0,0,0,1000,1000,1000,1000,0,0,0,0,0
2025-12-15 01:04:12.909,SERVO_OUTPUT_RAW,1808109837,SERVO_OUTPUT_RAW,0,0,0,0,0,0,0,0,1000,1000,1000,1000,0,0,0,0,0
2025-12-15 01:04:13.010,SERVO_OUTPUT_RAW,1808209848,SERVO_OUTPUT_RAW,0,0,0,0,0,0,0,0,1000,1000,1000,1000,0,0,0,0,0
2025-12-15 01:04:13.110,SERVO_OUTPUT_RAW,1808309797,SERVO_OUTPUT_RAW,0,0,0,0,0,0,0,0,1000,1000,1000,1000,0,0,0,0,0
2025-12-15 01:04:13.209,SERVO_OUTPUT_RAW,1808409799,SERVO_OUTPUT_RAW,0,0,0,0,0,0,0,0,1000,1000,1000,1000,0,0,0,0,0
2025-12-15 01:04:13.309,SERVO_OUTPUT_RAW,1808509812,SERVO_OUTPUT_RAW,0,0,0,0,0,0,0,0,1000,1000,1000,1000,0,0,0,0,0
2025-12-15 01:04:13.409,SERVO_OUTPUT_RAW,1808609773,SERVO_OUTPUT_RAW,0,0,0,0,0,0,0,0,1000,1000,1000,1000,0,0,0,0,0
2025-12-15 01:04:13.508,SERVO_OUTPUT_RAW,1808709790,SERVO_OUTPUT_RAW,0,0,0,0,0,0,0,0,1000,1000,1000,1000,0,0,0,0,0
2025-12-15 01:04:13.609,SERVO_OUTPUT_RAW,1808809790,SERVO_OUTPUT_RAW,0,0,0,0,0,0,0,0,1000,1000,1000,1000,0,0,0,0,0
2025-12-15 01:04:13.709,SERVO_OUTPUT_RAW,1808909791,SERVO_OUTPUT_RAW,0,0,0,0,0,0,0,0,1000,1000,1000,1000,0,0,0,0,0
2025-12-15 01:04:13.808,SERVO_OUTPUT_RAW,1809012152,SERVO_OUTPUT_RAW,0,0,0,0,0,0,0,0,1000,1000,1000,1000,0,0,0,0,0
2025-12-15 01:04:13.909,SERVO_OUTPUT_RAW,1809109800,SERVO_OUTPUT_RAW,0,0,0,0,0,0,0,0,1000,1000,1000,1000,0,0,0,0,0
2025-12-15 01:04:14.008,SERVO_OUTPUT_RAW,1809209849,SERVO_OUTPUT_RAW,0,0,0,0,0,0,0,0,1000,1000,1000,1000,0,0,0,0,0
2025-12-15 01:04:14.108,SERVO_OUTPUT_RAW,1809309837,SERVO_OUTPUT_RAW,0,0,0,0,0,0,0,0,1000,1000,1000,1000,0,0,0,0,0
2025-12-15 01:04:14.209,SERVO_OUTPUT_RAW,1809409802,SERVO_OUTPUT_RAW,0,0,0,0,0,0,0,0,1000,1000,1000,1000,0,0,0,0,0
2025-12-15 01:04:14.308,SERVO_OUTPUT_RAW,1809509793,SERVO_OUTPUT_RAW,0,0,0,0,0,0,0,0,1000,1000,1000,1000,0,0,0,0,0
2025-12-15 01:04:14.408,SERVO_OUTPUT_RAW,1809609814,SERVO_OUTPUT_RAW,0,0,0,0,0,0,0,0,1000,1000,1000,1000,0,0,0,0,0
2025-12-15 01:04:14.508,SERVO_OUTPUT_RAW,1809709843,SERVO_OUTPUT_RAW,0,0,0,0,0,0,0,0,1000,1000,1000,1000,0,0,0,0,0
2025-12-15 01:04:14.608,SERVO_OUTPUT_RAW,1809809855,SERVO_OUTPUT_RAW,0,0,0,0,0,0,0,0,1000,1000,1000,1000,0,0,0,0,0
2025-12-15 01:04:14.709,SERVO_OUTPUT_RAW,1809909782,SERVO_OUTPUT_RAW,0,0,0,0,0,0,0,0,1000,1000,1000,1000,0,0,0,0,0
2025-12-15 01:04:14.809,SERVO_OUTPUT_RAW,1810009821,SERVO_OUTPUT_RAW,0,0,0,0,0,0,0,0,1000,1000,1000,1000,0,0,0,0,0
2025-12-15 01:04:14.909,SERVO_OUTPUT_RAW,1810109834,SERVO_OUTPUT_RAW,0,0,0,0,0,0,0,0,1000,1000,1000,1000,0,0,0,0,0
2025-12-15 01:04:15.009,SERVO_OUTPUT_RAW,1810209794,SERVO_OUTPUT_RAW,0,0,0,0,0,0,0,0,1000,1000,1000,1000,0,0,0,0,0
2025-12-15 01:04:15.109,SERVO_OUTPUT_RAW,1810309816,SERVO_OUTPUT_RAW,0,0,0,0,0,0,0,0,1000,1000,1000,1000,0,0,0,0,0
2025-12-15 01:04:15.209,SERVO_OUTPUT_RAW,1810409791,SERVO_OUTPUT_RAW,0,0,0,0,0,0,0,0,1000,1000,1000,1000,0,0,0,0,0
2025-12-15 01:04:15.309,SERVO_OUTPUT_RAW,1810509783,SERVO_OUTPUT_RAW,0,0,0,0,0,0,0,0,1000,1000,1000,1000,0,0,0,0,0
2025-12-15 01:04:15.409,SERVO_OUTPUT_RAW,1810609783,SERVO_OUTPUT_RAW,0,0,0,0,0,0,0,0,1000,1000,1000,1000,0,0,0,0,0
2025-12-15 01:04:15.509,SERVO_OUTPUT_RAW,1810709822,SERVO_OUTPUT_RAW,0,0,0,0,0,0,0,0,1000,1000,1000,1000,0,0,0,0,0
2025-12-15 01:04:15.609,SERVO_OUTPUT_RAW,1810809832,SERVO_OUTPUT_RAW,0,0,0,0,0,0,0,0,1000,1000,1000,1000,0,0,0,0,0
2025-12-15 01:04:15.709,SERVO_OUTPUT_RAW,1810909779,SERVO_OUTPUT_RAW,0,0,0,0,0,0,0,0,1000,1000,1000,1000,0,0,0,0,0
2025-12-15 01:04:15.809,SERVO_OUTPUT_RAW,1811009813,SERVO_OUTPUT_RAW,0,0,0,0,0,0,0,0,1000,1000,1000,1000,0,0,0,0,0
2025-12-15 01:04:15.909,SERVO_OUTPUT_RAW,1811112115,SERVO_OUTPUT_RAW,0,0,0,0,0,0,0,0,1000,1000,1000,1000,0,0,0,0,0
2025-12-15 01:04:16.009,SERVO_OUTPUT_RAW,1811209846,SERVO_OUTPUT_RAW,0,0,0,0,0,0,0,0,1000,1000,1000,1000,0,0,0,0,0
2025-12-15 01:04:16.109,SERVO_OUTPUT_RAW,1811309854,SERVO_OUTPUT_RAW,0,0,0,0,0,0,0,0,1000,1000,1000,1000,0,0,0,0,0
2025-12-15 01:04:16.209,SERVO_OUTPUT_RAW,1811409859,SERVO_OUTPUT_RAW,0,0,0,0,0,0,0,0,1000,1000,1000,1000,0,0,0,0,0
2025-12-15 01:04:16.309,SERVO_OUTPUT_RAW,1811509792,SERVO_OUTPUT_RAW,0,0,0,0,0,0,0,0,1000,1000,1000,1000,0,0,0,0,0
2025-12-15 01:04:16.409,SERVO_OUTPUT_RAW,1811609815,SERVO_OUTPUT_RAW,0,0,0,0,0,0,0,0,1000,1000,1000,1000,0,0,0,0,0
2025-12-15 01:04:16.509,SERVO_OUTPUT_RAW,1811709871,SERVO_OUTPUT_RAW,0,0,0,0,0,0,0,0,1000,1000,1000,1000,0,0,0,0,0
2025-12-15 01:04:16.609,SERVO_OUTPUT_RAW,1811809777,SERVO_OUTPUT_RAW,0,0,0,0,0,0,0,0,1000,1000,1000,1000,0,0,0,0,0
2025-12-15 01:04:16.709,SERVO_OUTPUT_RAW,1811909795,SERVO_OUTPUT_RAW,0,0,0,0,0,0,0,0,1000,1000,1000,1000,0,0,0,0,0
2025-12-15 01:04:16.809,SERVO_OUTPUT_RAW,1812009786,SERVO_OUTPUT_RAW,0,0,0,0,0,0,0,0,1000,1000,1000,1000,0,0,0,0,0
2025-12-15 01:04:16.909,SERVO_OUTPUT_RAW,1812109787,SERVO_OUTPUT_RAW,0,0,0,0,0,0,0,0,1000,1000,1000,1000,0,0,0,0,0
2025-12-15 01:04:17.009,SERVO_OUTPUT_RAW,1812209796,SERVO_OUTPUT_RAW,0,0,0,0,0,0,0,0,1000,1000,1000,1000,0,0,0,0,0
2025-12-15 01:04:17.109,SERVO_OUTPUT_RAW,1812309831,SERVO_OUTPUT_RAW,0,0,0,0,0,0,0,0,1000,1000,1000,1000,0,0,0,0,0
2025-12-15 01:04:17.209,SERVO_OUTPUT_RAW,1812412140,SERVO_OUTPUT_RAW,0,0,0,0,0,0,0,0,1000,1000,1000,1000,0,0,0,0,0
2025-12-15 01:04:17.309,SERVO_OUTPUT_RAW,1812509806,SERVO_OUTPUT_RAW,0,0,0,0,0,0,0,0,1000,1000,1000,1000,0,0,0,0,0
2025-12-15 01:04:17.411,SERVO_OUTPUT_RAW,1812609784,SERVO_OUTPUT_RAW,0,0,0,0,0,0,0,0,1000,1000,1000,1000,0,0,0,0,0
2025-12-15 01:04:17.509,SERVO_OUTPUT_RAW,1812709852,SERVO_OUTPUT_RAW,0,0,0,0,0,0,0,0,1000,1000,1000,1000,0,0,0,0,0
2025-12-15 01:04:17.609,SERVO_OUTPUT_RAW,1812809855,SERVO_OUTPUT_RAW,0,0,0,0,0,0,0,0,1000,1000,1000,1000,0,0,0,0,0
2025-12-15 01:04:17.709,SERVO_OUTPUT_RAW,1812909819,SERVO_OUTPUT_RAW,0,0,0,0,0,0,0,0,1000,1000,1000,1000,0,0,0,0,0
2025-12-15 01:04:17.809,SERVO_OUTPUT_RAW,1813009784,SERVO_OUTPUT_RAW,0,0,0,0,0,0,0,0,1000,1000,1000,1000,0,0,0,0,0
2025-12-15 01:04:17.909,SERVO_OUTPUT_RAW,1813109809,SERVO_OUTPUT_RAW,0,0,0,0,0,0,0,0,1000,1000,1000,1000,0,0,0,0,0
2025-12-15 01:04:18.009,SERVO_OUTPUT_RAW,1813209890,SERVO_OUTPUT_RAW,0,0,0,0,0,0,0,0,1000,1000,1000,1000,0,0,0,0,0
2025-12-15 01:04:18.109,SERVO_OUTPUT_RAW,1813309783,SERVO_OUTPUT_RAW,0,0,0,0,0,0,0,0,1000,1000,1000,1000,0,0,0,0,0
2025-12-15 01:04:18.209,SERVO_OUTPUT_RAW,1813409782,SERVO_OUTPUT_RAW,0,0,0,0,0,0,0,0,1000,1000,1000,1000,0,0,0,0,0
2025-12-15 01:04:18.309,SERVO_OUTPUT_RAW,1813509796,SERVO_OUTPUT_RAW,0,0,0,0,0,0,0,0,1000,1000,1000,1000,0,0,0,0,0
2025-12-15 01:04:18.409,SERVO_OUTPUT_RAW,1813609794,SERVO_OUTPUT_RAW,0,0,0,0,0,0,0,0,1000,1000,1000,1000,0,0,0,0,0
2025-12-15 01:04:18.509,SERVO_OUTPUT_RAW,1813709820,SERVO_OUTPUT_RAW,0,0,0,0,0,0,0,0,1000,1000,1000,1000,0,0,0,0,0
2025-12-15 01:04:18.609,SERVO_OUTPUT_RAW,1813809791,SERVO_OUTPUT_RAW,0,0,0,0,0,0,0,0,1000,1000,1000,1000,0,0,0,0,0
2025-12-15 01:04:18.709,SERVO_OUTPUT_RAW,1813909833,SERVO_OUTPUT_RAW,0,0,0,0,0,0,0,0,1000,1000,1000,1000,0,0,0,0,0
2025-12-15 01:04:18.809,SERVO_OUTPUT_RAW,1814009849,SERVO_OUTPUT_RAW,0,0,0,0,0,0,0,0,1000,1000,1000,1000,0,0,0,0,0
2025-12-15 01:04:18.909,SERVO_OUTPUT_RAW,1814109862,SERVO_OUTPUT_RAW,0,0,0,0,0,0,0,0,1000,1000,1000,1000,0,0,0,0,0
2025-12-15 01:04:19.009,SERVO_OUTPUT_RAW,1814209799,SERVO_OUTPUT_RAW,0,0,0,0,0,0,0,0,1000,1000,1000,1000,0,0,0,0,0
2025-12-15 01:04:19.109,SERVO_OUTPUT_RAW,1814309828,SERVO_OUTPUT_RAW,0,0,0,0,0,0,0,0,1000,1000,1000,1000,0,0,0,0,0
2025-12-15 01:04:19.209,SERVO_OUTPUT_RAW,1814409846,SERVO_OUTPUT_RAW,0,0,0,0,0,0,0,0,1000,1000,1000,1000,0,0,0,0,0
2025-12-15 01:04:19.309,SERVO_OUTPUT_RAW,1814509775,SERVO_OUTPUT_RAW,0,0,0,0,0,0,0,0,1000,1000,1000,1000,0,0,0,0,0
2025-12-15 01:04:19.409,SERVO_OUTPUT_RAW,1814609809,SERVO_OUTPUT_RAW,0,0,0,0,0,0,0,0,1000,1000,1000,1000,0,0,0,0,0
2025-12-15 01:04:19.509,SERVO_OUTPUT_RAW,1814709820,SERVO_OUTPUT_RAW,0,0,0,0,0,0,0,0,1000,1000,1000,1000,0,0,0,0,0
2025-12-15 01:04:19.609,SERVO_OUTPUT_RAW,1814809813,SERVO_OUTPUT_RAW,0,0,0,0,0,0,0,0,1000,1000,1000,1000,0,0,0,0,0
2025-12-15 01:04:19.709,SERVO_OUTPUT_RAW,1814909791,SERVO_OUTPUT_RAW,0,0,0,0,0,0,0,0,1000,1000,1000,1000,0,0,0,0,0
2025-12-15 01:04:19.809,SERVO_OUTPUT_RAW,1815009783,SERVO_OUTPUT_RAW,0,0,0,0,0,0,0,0,1000,1000,1000,1000,0,0,0,0,0
2025-12-15 01:04:19.909,SERVO_OUTPUT_RAW,1815109783,SERVO_OUTPUT_RAW,0,0,0,0,0,0,0,0,1000,1000,1000,1000,0,0,0,0,0
2025-12-15 01:04:20.009,SERVO_OUTPUT_RAW,1815209795,SERVO_OUTPUT_RAW,0,0,0,0,0,0,0,0,1000,1000,1000,1000,0,0,0,0,0
2025-12-15 01:04:20.109,SERVO_OUTPUT_RAW,1815312117,SERVO_OUTPUT_RAW,0,0,0,0,0,0,0,0,1000,1000,1000,1000,0,0,0,0,0
2025-12-15 01:04:20.209,SERVO_OUTPUT_RAW,1815409813,SERVO_OUTPUT_RAW,0,0,0,0,0,0,0,0,1000,1000,1000,1000,0,0,0,0,0
2025-12-15 01:04:20.309,SERVO_OUTPUT_RAW,1815509840,SERVO_OUTPUT_RAW,0,0,0,0,0,0,0,0,1000,1000,1000,1000,0,0,0,0,0
2025-12-15 01:04:20.409,SERVO_OUTPUT_RAW,1815609869,SERVO_OUTPUT_RAW,0,0,0,0,0,0,0,0,1000,1000,1000,1000,0,0,0,0,0
2025-12-15 01:04:20.509,SERVO_OUTPUT_RAW,1815709783,SERVO_OUTPUT_RAW,0,0,0,0,0,0,0,0,1000,1000,1000,1000,0,0,0,0,0
2025-12-15 01:04:20.609,SERVO_OUTPUT_RAW,1815809808,SERVO_OUTPUT_RAW,0,0,0,0,0,0,0,0,1000,1000,1000,1000,0,0,0,0,0
2025-12-15 01:04:20.709,SERVO_OUTPUT_RAW,1815909847,SERVO_OUTPUT_RAW,0,0,0,0,0,0,0,0,1000,1000,1000,1000,0,0,0,0,0
2025-12-15 01:04:20.810,SERVO_OUTPUT_RAW,1816009842,SERVO_OUTPUT_RAW,0,0,0,0,0,0,0,0,1000,1000,1000,1000,0,0,0,0,0
2025-12-15 01:04:20.909,SERVO_OUTPUT_RAW,1816109789,SERVO_OUTPUT_RAW,0,0,0,0,0,0,0,0,1000,1000,1000,1000,0,0,0,0,0
2025-12-15 01:04:21.009,SERVO_OUTPUT_RAW,1816209818,SERVO_OUTPUT_RAW,0,0,0,0,0,0,0,0,1000,1000,1000,1000,0,0,0,0,0
2025-12-15 01:04:21.109,SERVO_OUTPUT_RAW,1816309817,SERVO_OUTPUT_RAW,0,0,0,0,0,0,0,0,1000,1000,1000,1000,0,0,0,0,0
2025-12-15 01:04:21.209,SERVO_OUTPUT_RAW,1816409823,SERVO_OUTPUT_RAW,0,0,0,0,0,0,0,0,1000,1000,1000,1000,0,0,0,0,0
2025-12-15 01:04:21.309,SERVO_OUTPUT_RAW,1816509781,SERVO_OUTPUT_RAW,0,0,0,0,0,0,0,0,1000,1000,1000,1000,0,0,0,0,0
2025-12-15 01:04:21.409,SERVO_OUTPUT_RAW,1816609797,SERVO_OUTPUT_RAW,0,0,0,0,0,0,0,0,1000,1000,1000,1000,0,0,0,0,0
2025-12-15 01:04:21.509,SERVO_OUTPUT_RAW,1816709780,SERVO_OUTPUT_RAW,0,0,0,0,0,0,0,0,1000,1000,1000,1000,0,0,0,0,0
2025-12-15 01:04:21.609,SERVO_OUTPUT_RAW,1816809785,SERVO_OUTPUT_RAW,0,0,0,0,0,0,0,0,1000,1000,1000,1000,0,0,0,0,0
2025-12-15 01:04:21.709,SERVO_OUTPUT_RAW,1816909783,SERVO_OUTPUT_RAW,0,0,0,0,0,0,0,0,1000,1000,1000,1000,0,0,0,0,0
2025-12-15 01:04:21.809,SERVO_OUTPUT_RAW,1817009823,SERVO_OUTPUT_RAW,0,0,0,0,0,0,0,0,1000,1000,1000,1000,0,0,0,0,0
2025-12-15 01:04:21.909,SERVO_OUTPUT_RAW,1817109846,SERVO_OUTPUT_RAW,0,0,0,0,0,0,0,0,1000,1000,1000,1000,0,0,0,0,0
2025-12-15 01:04:22.009,SERVO_OUTPUT_RAW,1817209810,SERVO_OUTPUT_RAW,0,0,0,0,0,0,0,0,1000,1000,1000,1000,0,0,0,0,0
2025-12-15 01:04:22.109,SERVO_OUTPUT_RAW,1817309914,SERVO_OUTPUT_RAW,0,0,0,0,0,0,0,0,1000,1000,1000,1000,0,0,0,0,0
2025-12-15 01:04:22.209,SERVO_OUTPUT_RAW,1817412120,SERVO_OUTPUT_RAW,0,0,0,0,0,0,0,0,1000,1000,1000,1000,0,0,0,0,0
2025-12-15 01:04:22.309,SERVO_OUTPUT_RAW,1817509834,SERVO_OUTPUT_RAW,0,0,0,0,0,0,0,0,1000,1000,1000,1000,0,0,0,0,0
2025-12-15 01:04:22.409,SERVO_OUTPUT_RAW,1817609853,SERVO_OUTPUT_RAW,0,0,0,0,0,0,0,0,1000,1000,1000,1000,0,0,0,0,0
2025-12-15 01:04:22.510,SERVO_OUTPUT_RAW,1817709789,SERVO_OUTPUT_RAW,0,0,0,0,0,0,0,0,1000,1000,1000,1000,0,0,0,0,0
2025-12-15 01:04:22.609,SERVO_OUTPUT_RAW,1817809814,SERVO_OUTPUT_RAW,0,0,0,0,0,0,0,0,1000,1000,1000,1000,0,0,0,0,0
2025-12-15 01:04:22.709,SERVO_OUTPUT_RAW,1817909820,SERVO_OUTPUT_RAW,0,0,0,0,0,0,0,0,1000,1000,1000,1000,0,0,0,0,0
2025-12-15 01:04:22.809,SERVO_OUTPUT_RAW,1818009775,SERVO_OUTPUT_RAW,0,0,0,0,0,0,0,0,1000,1000,1000,1000,0,0,0,0,0
2025-12-15 01:04:22.909,SERVO_OUTPUT_RAW,1818109788,SERVO_OUTPUT_RAW,0,0,0,0,0,0,0,0,1000,1000,1000,1000,0,0,0,0,0
2025-12-15 01:04:23.009,SERVO_OUTPUT_RAW,1818209817,SERVO_OUTPUT_RAW,0,0,0,0,0,0,0,0,1000,1000,1000,1000,0,0,0,0,0
2025-12-15 01:04:23.109,SERVO_OUTPUT_RAW,1818309778,SERVO_OUTPUT_RAW,0,0,0,0,0,0,0,0,1000,1000,1000,1000,0,0,0,0,0
2025-12-15 01:04:23.208,SERVO_OUTPUT_RAW,1818409781,SERVO_OUTPUT_RAW,0,0,0,0,0,0,0,0,1000,1000,1000,1000,0,0,0,0,0
2025-12-15 01:04:23.309,SERVO_OUTPUT_RAW,1818509836,SERVO_OUTPUT_RAW,0,0,0,0,0,0,0,0,1000,1000,1000,1000,0,0,0,0,0
2025-12-15 01:04:23.409,SERVO_OUTPUT_RAW,1818609837,SERVO_OUTPUT_RAW,0,0,0,0,0,0,0,0,1000,1000,1000,1000,0,0,0,0,0
2025-12-15 01:04:23.508,SERVO_OUTPUT_RAW,1818709834,SERVO_OUTPUT_RAW,0,0,0,0,0,0,0,0,1000,1000,1000,1000,0,0,0,0,0
2025-12-15 01:04:23.608,SERVO_OUTPUT_RAW,1818809803,SERVO_OUTPUT_RAW,0,0,0,0,0,0,0,0,1000,1000,1000,1000,0,0,0,0,0
2025-12-15 01:04:23.709,SERVO_OUTPUT_RAW,1818909821,SERVO_OUTPUT_RAW,0,0,0,0,0,0,0,0,1000,1000,1000,1000,0,0,0,0,0
2025-12-15 01:04:23.808,SERVO_OUTPUT_RAW,1819009831,SERVO_OUTPUT_RAW,0,0,0,0,0,0,0,0,1000,1000,1000,1000,0,0,0,0,0
2025-12-15 01:04:23.909,SERVO_OUTPUT_RAW,1819109858,SERVO_OUTPUT_RAW,0,0,0,0,0,0,0,0,1000,1000,1000,1000,0,0,0,0,0
2025-12-15 01:04:24.009,SERVO_OUTPUT_RAW,1819209786,SERVO_OUTPUT_RAW,0,0,0,0,0,0,0,0,1000,1000,1000,1000,0,0,0,0,0
2025-12-15 01:04:24.109,SERVO_OUTPUT_RAW,1819309794,SERVO_OUTPUT_RAW,0,0,0,0,0,0,0,0,1000,1000,1000,1000,0,0,0,0,0
2025-12-15 01:04:24.209,SERVO_OUTPUT_RAW,1819409806,SERVO_OUTPUT_RAW,0,0,0,0,0,0,0,0,1000,1000,1000,1000,0,0,0,0,0
2025-12-15 01:04:24.310,SERVO_OUTPUT_RAW,1819509889,SERVO_OUTPUT_RAW,0,0,0,0,0,0,0,0,1000,1000,1000,1000,0,0,0,0,0
2025-12-15 01:04:24.408,SERVO_OUTPUT_RAW,1819609783,SERVO_OUTPUT_RAW,0,0,0,0,0,0,0,0,1000,1000,1000,1000,0,0,0,0,0
2025-12-15 01:04:24.508,SERVO_OUTPUT_RAW,1819709794,SERVO_OUTPUT_RAW,0,0,0,0,0,0,0,0,1000,1000,1000,1000,0,0,0,0,0
2025-12-15 01:04:24.608,SERVO_OUTPUT_RAW,1819809783,SERVO_OUTPUT_RAW,0,0,0,0,0,0,0,0,1000,1000,1000,1000,0,0,0,0,0
2025-12-15 01:04:24.708,SERVO_OUTPUT_RAW,1819909781,SERVO_OUTPUT_RAW,0,0,0,0,0,0,0,0,1000,1000,1000,1000,0,0,0,0,0
2025-12-15 01:04:24.809,SERVO_OUTPUT_RAW,1820012116,SERVO_OUTPUT_RAW,0,0,0,0,0,0,0,0,1000,1000,1000,1000,0,0,0,0,0
2025-12-15 01:04:24.910,SERVO_OUTPUT_RAW,1820109838,SERVO_OUTPUT_RAW,0,0,0,0,0,0,0,0,1000,1000,1000,1000,0,0,0,0,0
2025-12-15 01:04:25.009,SERVO_OUTPUT_RAW,1820209837,SERVO_OUTPUT_RAW,0,0,0,0,0,0,0,0,1000,1000,1000,1000,0,0,0,0,0
2025-12-15 01:04:25.112,SERVO_OUTPUT_RAW,1820309855,SERVO_OUTPUT_RAW,0,0,0,0,0,0,0,0,1000,1000,1000,1000,0,0,0,0,0
2025-12-15 01:04:25.210,SERVO_OUTPUT_RAW,1820409783,SERVO_OUTPUT_RAW,0,0,0,0,0,0,0,0,1000,1000,1000,1000,0,0,0,0,0
2025-12-15 01:04:25.309,SERVO_OUTPUT_RAW,1820509830,SERVO_OUTPUT_RAW,0,0,0,0,0,0,0,0,1000,1000,1000,1000,0,0,0,0,0
2025-12-15 01:04:25.409,SERVO_OUTPUT_RAW,1820609852,SERVO_OUTPUT_RAW,0,0,0,0,0,0,0,0,1000,1000,1000,1000,0,0,0,0,0
2025-12-15 01:04:25.509,SERVO_OUTPUT_RAW,1820709775,SERVO_OUTPUT_RAW,0,0,0,0,0,0,0,0,1000,1000,1000,1000,0,0,0,0,0
2025-12-15 01:04:25.609,SERVO_OUTPUT_RAW,1820809787,SERVO_OUTPUT_RAW,0,0,0,0,0,0,0,0,1000,1000,1000,1000,0,0,0,0,0
2025-12-15 01:04:25.709,SERVO_OUTPUT_RAW,1820909815,SERVO_OUTPUT_RAW,0,0,0,0,0,0,0,0,1000,1000,1000,1000,0,0,0,0,0
2025-12-15 01:04:25.809,SERVO_OUTPUT_RAW,1821009813,SERVO_OUTPUT_RAW,0,0,0,0,0,0,0,0,1000,1000,1000,1000,0,0,0,0,0
2025-12-15 01:04:25.909,SERVO_OUTPUT_RAW,1821109839,SERVO_OUTPUT_RAW,0,0,0,0,0,0,0,0,1000,1000,1000,1000,0,0,0,0,0
2025-12-15 01:04:26.009,SERVO_OUTPUT_RAW,1821209786,SERVO_OUTPUT_RAW,0,0,0,0,0,0,0,0,1000,1000,1000,1000,0,0,0,0,0
2025-12-15 01:04:26.109,SERVO_OUTPUT_RAW,1821309794,SERVO_OUTPUT_RAW,0,0,0,0,0,0,0,0,1000,1000,1000,1000,0,0,0,0,0
2025-12-15 01:04:26.209,SERVO_OUTPUT_RAW,1821409812,SERVO_OUTPUT_RAW,0,0,0,0,0,0,0,0,1000,1000,1000,1000,0,0,0,0,0
2025-12-15 01:04:26.309,SERVO_OUTPUT_RAW,1821509791,SERVO_OUTPUT_RAW,0,0,0,0,0,0,0,0,1000,1000,1000,1000,0,0,0,0,0
2025-12-15 01:04:26.409,SERVO_OUTPUT_RAW,1821612206,SERVO_OUTPUT_RAW,0,0,0,0,0,0,0,0,1000,1000,1000,1000,0,0,0,0,0
2025-12-15 01:04:26.509,SERVO_OUTPUT_RAW,1821709828,SERVO_OUTPUT_RAW,0,0,0,0,0,0,0,0,1000,1000,1000,1000,0,0,0,0,0
2025-12-15 01:04:26.609,SERVO_OUTPUT_RAW,1821809837,SERVO_OUTPUT_RAW,0,0,0,0,0,0,0,0,1000,1000,1000,1000,0,0,0,0,0
2025-12-15 01:04:26.709,SERVO_OUTPUT_RAW,1821909802,SERVO_OUTPUT_RAW,0,0,0,0,0,0,0,0,1000,1000,1000,1000,0,0,0,0,0
2025-12-15 01:04:26.809,SERVO_OUTPUT_RAW,1822009798,SERVO_OUTPUT_RAW,0,0,0,0,0,0,0,0,1000,1000,1000,1000,0,0,0,0,0
2025-12-15 01:04:26.909,SERVO_OUTPUT_RAW,1822109834,SERVO_OUTPUT_RAW,0,0,0,0,0,0,0,0,1000,1000,1000,1000,0,0,0,0,0
2025-12-15 01:04:27.009,SERVO_OUTPUT_RAW,1822209851,SERVO_OUTPUT_RAW,0,0,0,0,0,0,0,0,1000,1000,1000,1000,0,0,0,0,0
2025-12-15 01:04:27.109,SERVO_OUTPUT_RAW,1822309812,SERVO_OUTPUT_RAW,0,0,0,0,0,0,0,0,1000,1000,1000,1000,0,0,0,0,0
2025-12-15 01:04:27.209,SERVO_OUTPUT_RAW,1822409799,SERVO_OUTPUT_RAW,0,0,0,0,0,0,0,0,1000,1000,1000,1000,0,0,0,0,0
2025-12-15 01:04:27.309,SERVO_OUTPUT_RAW,1822509825,SERVO_OUTPUT_RAW,0,0,0,0,0,0,0,0,1000,1000,1000,1000,0,0,0,0,0
2025-12-15 01:04:27.410,SERVO_OUTPUT_RAW,1822609820,SERVO_OUTPUT_RAW,0,0,0,0,0,0,0,0,1000,1000,1000,1000,0,0,0,0,0
2025-12-15 01:04:27.509,SERVO_OUTPUT_RAW,1822709792,SERVO_OUTPUT_RAW,0,0,0,0,0,0,0,0,1000,1000,1000,1000,0,0,0,0,0
2025-12-15 01:04:27.608,SERVO_OUTPUT_RAW,1822809786,SERVO_OUTPUT_RAW,0,0,0,0,0,0,0,0,1000,1000,1000,1000,0,0,0,0,0
2025-12-15 01:04:27.709,SERVO_OUTPUT_RAW,1822909779,SERVO_OUTPUT_RAW,0,0,0,0,0,0,0,0,1000,1000,1000,1000,0,0,0,0,0
2025-12-15 01:04:27.810,SERVO_OUTPUT_RAW,1823009791,SERVO_OUTPUT_RAW,0,0,0,0,0,0,0,0,1000,1000,1000,1000,0,0,0,0,0
2025-12-15 01:04:27.909,SERVO_OUTPUT_RAW,1823109799,SERVO_OUTPUT_RAW,0,0,0,0,0,0,0,0,1000,1000,1000,1000,0,0,0,0,0
2025-12-15 01:04:28.009,SERVO_OUTPUT_RAW,1823209813,SERVO_OUTPUT_RAW,0,0,0,0,0,0,0,0,1000,1000,1000,1000,0,0,0,0,0
2025-12-15 01:04:28.109,SERVO_OUTPUT_RAW,1823309843,SERVO_OUTPUT_RAW,0,0,0,0,0,0,0,0,1000,1000,1000,1000,0,0,0,0,0
2025-12-15 01:04:28.209,SERVO_OUTPUT_RAW,1823409853,SERVO_OUTPUT_RAW,0,0,0,0,0,0,0,0,1000,1000,1000,1000,0,0,0,0,0
2025-12-15 01:04:28.309,SERVO_OUTPUT_RAW,1823509813,SERVO_OUTPUT_RAW,0,0,0,0,0,0,0,0,1000,1000,1000,1000,0,0,0,0,0
2025-12-15 01:04:28.409,SERVO_OUTPUT_RAW,1823609843,SERVO_OUTPUT_RAW,0,0,0,0,0,0,0,0,1000,1000,1000,1000,0,0,0,0,0
2025-12-15 01:04:28.509,SERVO_OUTPUT_RAW,1823712075,SERVO_OUTPUT_RAW,0,0,0,0,0,0,0,0,1000,1000,1000,1000,0,0,0,0,0
2025-12-15 01:04:28.609,SERVO_OUTPUT_RAW,1823809826,SERVO_OUTPUT_RAW,0,0,0,0,0,0,0,0,1000,1000,1000,1000,0,0,0,0,0
2025-12-15 01:04:28.709,SERVO_OUTPUT_RAW,1823909778,SERVO_OUTPUT_RAW,0,0,0,0,0,0,0,0,1000,1000,1000,1000,0,0,0,0,0
2025-12-15 01:04:28.809,SERVO_OUTPUT_RAW,1824009811,SERVO_OUTPUT_RAW,0,0,0,0,0,0,0,0,1000,1000,1000,1000,0,0,0,0,0
2025-12-15 01:04:28.910,SERVO_OUTPUT_RAW,1824109826,SERVO_OUTPUT_RAW,0,0,0,0,0,0,0,0,1000,1000,1000,1000,0,0,0,0,0
2025-12-15 01:04:29.009,SERVO_OUTPUT_RAW,1824209780,SERVO_OUTPUT_RAW,0,0,0,0,0,0,0,0,1000,1000,1000,1000,0,0,0,0,0
2025-12-15 01:04:29.109,SERVO_OUTPUT_RAW,1824309795,SERVO_OUTPUT_RAW,0,0,0,0,0,0,0,0,1000,1000,1000,1000,0,0,0,0,0
2025-12-15 01:04:29.209,SERVO_OUTPUT_RAW,1824409781,SERVO_OUTPUT_RAW,0,0,0,0,0,0,0,0,1000,1000,1000,1000,0,0,0,0,0
2025-12-15 01:04:29.310,SERVO_OUTPUT_RAW,1824509798,SERVO_OUTPUT_RAW,0,0,0,0,0,0,0,0,1000,1000,1000,1000,0,0,0,0,0
2025-12-15 01:04:29.409,SERVO_OUTPUT_RAW,1824609803,SERVO_OUTPUT_RAW,0,0,0,0,0,0,0,0,1000,1000,1000,1000,0,0,0,0,0
2025-12-15 01:04:29.509,SERVO_OUTPUT_RAW,1824709796,SERVO_OUTPUT_RAW,0,0,0,0,0,0,0,0,1000,1000,1000,1000,0,0,0,0,0
2025-12-15 01:04:29.609,SERVO_OUTPUT_RAW,1824809832,SERVO_OUTPUT_RAW,0,0,0,0,0,0,0,0,1000,1000,1000,1000,0,0,0,0,0
2025-12-15 01:04:29.709,SERVO_OUTPUT_RAW,1824909840,SERVO_OUTPUT_RAW,0,0,0,0,0,0,0,0,1000,1000,1000,1000,0,0,0,0,0
2025-12-15 01:04:29.809,SERVO_OUTPUT_RAW,1825009876,SERVO_OUTPUT_RAW,0,0,0,0,0,0,0,0,1000,1000,1000,1000,0,0,0,0,0
2025-12-15 01:04:29.909,SERVO_OUTPUT_RAW,1825109820,SERVO_OUTPUT_RAW,0,0,0,0,0,0,0,0,1000,1000,1000,1000,0,0,0,0,0
2025-12-15 01:04:30.010,SERVO_OUTPUT_RAW,1825209818,SERVO_OUTPUT_RAW,0,0,0,0,0,0,0,0,1000,1000,1000,1000,0,0,0,0,0
2025-12-15 01:04:30.109,SERVO_OUTPUT_RAW,1825309851,SERVO_OUTPUT_RAW,0,0,0,0,0,0,0,0,1000,1000,1000,1000,0,0,0,0,0
2025-12-15 01:04:30.209,SERVO_OUTPUT_RAW,1825409853,SERVO_OUTPUT_RAW,0,0,0,0,0,0,0,0,1000,1000,1000,1000,0,0,0,0,0
2025-12-15 01:04:30.309,SERVO_OUTPUT_RAW,1825509788,SERVO_OUTPUT_RAW,0,0,0,0,0,0,0,0,1000,1000,1000,1000,0,0,0,0,0
2025-12-15 01:04:30.409,SERVO_OUTPUT_RAW,1825609818,SERVO_OUTPUT_RAW,0,0,0,0,0,0,0,0,1000,1000,1000,1000,0,0,0,0,0
2025-12-15 01:04:30.510,SERVO_OUTPUT_RAW,1825709815,SERVO_OUTPUT_RAW,0,0,0,0,0,0,0,0,1000,1000,1000,1000,0,0,0,0,0
2025-12-15 01:04:30.609,SERVO_OUTPUT_RAW,1825809870,SERVO_OUTPUT_RAW,0,0,0,0,0,0,0,0,1000,1000,1000,1000,0,0,0,0,0
2025-12-15 01:04:30.709,SERVO_OUTPUT_RAW,1825909779,SERVO_OUTPUT_RAW,0,0,0,0,0,0,0,0,1000,1000,1000,1000,0,0,0,0,0
2025-12-15 01:04:30.810,SERVO_OUTPUT_RAW,1826009795,SERVO_OUTPUT_RAW,0,0,0,0,0,0,0,0,1000,1000,1000,1000,0,0,0,0,0
2025-12-15 01:04:30.910,SERVO_OUTPUT_RAW,1826109792,SERVO_OUTPUT_RAW,0,0,0,0,0,0,0,0,1000,1000,1000,1000,0,0,0,0,0
2025-12-15 01:04:31.009,SERVO_OUTPUT_RAW,1826209784,SERVO_OUTPUT_RAW,0,0,0,0,0,0,0,0,1000,1000,1000,1000,0,0,0,0,0
2025-12-15 01:04:31.110,SERVO_OUTPUT_RAW,1826309807,SERVO_OUTPUT_RAW,0,0,0,0,0,0,0,0,1000,1000,1000,1000,0,0,0,0,0
2025-12-15 01:04:31.209,SERVO_OUTPUT_RAW,1826409827,SERVO_OUTPUT_RAW,0,0,0,0,0,0,0,0,1000,1000,1000,1000,0,0,0,0,0
2025-12-15 01:04:31.309,SERVO_OUTPUT_RAW,1826509818,SERVO_OUTPUT_RAW,0,0,0,0,0,0,0,0,1000,1000,1000,1000,0,0,0,0,0
2025-12-15 01:04:31.410,SERVO_OUTPUT_RAW,1826609808,SERVO_OUTPUT_RAW,0,0,0,0,0,0,0,0,1000,1000,1000,1000,0,0,0,0,0
2025-12-15 01:04:31.509,SERVO_OUTPUT_RAW,1826709820,SERVO_OUTPUT_RAW,0,0,0,0,0,0,0,0,1000,1000,1000,1000,0,0,0,0,0
2025-12-15 01:04:31.610,SERVO_OUTPUT_RAW,1826809834,SERVO_OUTPUT_RAW,0,0,0,0,0,0,0,0,1000,1000,1000,1000,0,0,0,0,0
2025-12-15 01:04:31.709,SERVO_OUTPUT_RAW,1826909871,SERVO_OUTPUT_RAW,0,0,0,0,0,0,0,0,1000,1000,1000,1000,0,0,0,0,0
2025-12-15 01:04:31.810,SERVO_OUTPUT_RAW,1827009866,SERVO_OUTPUT_RAW,0,0,0,0,0,0,0,0,1000,1000,1000,1000,0,0,0,0,0
2025-12-15 01:04:31.910,SERVO_OUTPUT_RAW,1827109802,SERVO_OUTPUT_RAW,0,0,0,0,0,0,0,0,1000,1000,1000,1000,0,0,0,0,0
2025-12-15 01:04:32.010,SERVO_OUTPUT_RAW,1827209832,SERVO_OUTPUT_RAW,0,0,0,0,0,0,0,0,1000,1000,1000,1000,0,0,0,0,0
2025-12-15 01:04:32.110,SERVO_OUTPUT_RAW,1827309814,SERVO_OUTPUT_RAW,0,0,0,0,0,0,0,0,1000,1000,1000,1000,0,0,0,0,0
2025-12-15 01:04:32.210,SERVO_OUTPUT_RAW,1827409789,SERVO_OUTPUT_RAW,0,0,0,0,0,0,0,0,1000,1000,1000,1000,0,0,0,0,0
2025-12-15 01:04:32.310,SERVO_OUTPUT_RAW,1827509770,SERVO_OUTPUT_RAW,0,0,0,0,0,0,0,0,1000,1000,1000,1000,0,0,0,0,0
2025-12-15 01:04:32.411,SERVO_OUTPUT_RAW,1827609781,SERVO_OUTPUT_RAW,0,0,0,0,0,0,0,0,1000,1000,1000,1000,0,0,0,0,0
2025-12-15 01:04:32.509,SERVO_OUTPUT_RAW,1827709773,SERVO_OUTPUT_RAW,0,0,0,0,0,0,0,0,1000,1000,1000,1000,0,0,0,0,0
2025-12-15 01:04:32.609,SERVO_OUTPUT_RAW,1827809777,SERVO_OUTPUT_RAW,0,0,0,0,0,0,0,0,1000,1000,1000,1000,0,0,0,0,0
2025-12-15 01:04:32.710,SERVO_OUTPUT_RAW,1827912164,SERVO_OUTPUT_RAW,0,0,0,0,0,0,0,0,1000,1000,1000,1000,0,0,0,0,0
2025-12-15 01:04:32.809,SERVO_OUTPUT_RAW,1828009829,SERVO_OUTPUT_RAW,0,0,0,0,0,0,0,0,1000,1000,1000,1000,0,0,0,0,0
2025-12-15 01:04:32.910,SERVO_OUTPUT_RAW,1828112156,SERVO_OUTPUT_RAW,0,0,0,0,0,0,0,0,1000,1000,1000,1000,0,0,0,0,0
2025-12-15 01:04:33.009,SERVO_OUTPUT_RAW,1828209814,SERVO_OUTPUT_RAW,0,0,0,0,0,0,0,0,1000,1000,1000,1000,0,0,0,0,0
2025-12-15 01:04:33.110,SERVO_OUTPUT_RAW,1828309818,SERVO_OUTPUT_RAW,0,0,0,0,0,0,0,0,1000,1000,1000,1000,0,0,0,0,0
2025-12-15 01:04:33.210,SERVO_OUTPUT_RAW,1828409844,SERVO_OUTPUT_RAW,0,0,0,0,0,0,0,0,1000,1000,1000,1000,0,0,0,0,0
2025-12-15 01:04:33.310,SERVO_OUTPUT_RAW,1828509836,SERVO_OUTPUT_RAW,0,0,0,0,0,0,0,0,1000,1000,1000,1000,0,0,0,0,0
2025-12-15 01:04:33.409,SERVO_OUTPUT_RAW,1828609789,SERVO_OUTPUT_RAW,0,0,0,0,0,0,0,0,1000,1000,1000,1000,0,0,0,0,0
2025-12-15 01:04:33.509,SERVO_OUTPUT_RAW,1828709802,SERVO_OUTPUT_RAW,0,0,0,0,0,0,0,0,1000,1000,1000,1000,0,0,0,0,0
2025-12-15 01:04:33.609,SERVO_OUTPUT_RAW,1828809805,SERVO_OUTPUT_RAW,0,0,0,0,0,0,0,0,1000,1000,1000,1000,0,0,0,0,0
2025-12-15 01:04:33.709,SERVO_OUTPUT_RAW,1828909776,SERVO_OUTPUT_RAW,0,0,0,0,0,0,0,0,1000,1000,1000,1000,0,0,0,0,0
2025-12-15 01:04:33.810,SERVO_OUTPUT_RAW,1829009807,SERVO_OUTPUT_RAW,0,0,0,0,0,0,0,0,1000,1000,1000,1000,0,0,0,0,0
2025-12-15 01:04:33.909,SERVO_OUTPUT_RAW,1829109785,SERVO_OUTPUT_RAW,0,0,0,0,0,0,0,0,1000,1000,1000,1000,0,0,0,0,0
2025-12-15 01:04:34.009,SERVO_OUTPUT_RAW,1829209801,SERVO_OUTPUT_RAW,0,0,0,0,0,0,0,0,1000,1000,1000,1000,0,0,0,0,0
2025-12-15 01:04:34.109,SERVO_OUTPUT_RAW,1829309794,SERVO_OUTPUT_RAW,0,0,0,0,0,0,0,0,1000,1000,1000,1000,0,0,0,0,0
2025-12-15 01:04:34.209,SERVO_OUTPUT_RAW,1829409813,SERVO_OUTPUT_RAW,0,0,0,0,0,0,0,0,1000,1000,1000,1000,0,0,0,0,0
2025-12-15 01:04:34.309,SERVO_OUTPUT_RAW,1829509839,SERVO_OUTPUT_RAW,0,0,0,0,0,0,0,0,1000,1000,1000,1000,0,0,0,0,0
2025-12-15 01:04:34.409,SERVO_OUTPUT_RAW,1829609799,SERVO_OUTPUT_RAW,0,0,0,0,0,0,0,0,1000,1000,1000,1000,0,0,0,0,0
2025-12-15 01:04:34.509,SERVO_OUTPUT_RAW,1829709848,SERVO_OUTPUT_RAW,0,0,0,0,0,0,0,0,1000,1000,1000,1000,0,0,0,0,0
2025-12-15 01:04:34.609,SERVO_OUTPUT_RAW,1829809895,SERVO_OUTPUT_RAW,0,0,0,0,0,0,0,0,1000,1000,1000,1000,0,0,0,0,0
2025-12-15 01:04:34.709,SERVO_OUTPUT_RAW,1829909848,SERVO_OUTPUT_RAW,0,0,0,0,0,0,0,0,1000,1000,1000,1000,0,0,0,0,0
2025-12-15 01:04:34.809,SERVO_OUTPUT_RAW,1830012051,SERVO_OUTPUT_RAW,0,0,0,0,0,0,0,0,1000,1000,1000,1000,0,0,0,0,0
2025-12-15 01:04:34.910,SERVO_OUTPUT_RAW,1830109811,SERVO_OUTPUT_RAW,0,0,0,0,0,0,0,0,1000,1000,1000,1000,0,0,0,0,0
2025-12-15 01:04:35.009,SERVO_OUTPUT_RAW,1830209776,SERVO_OUTPUT_RAW,0,0,0,0,0,0,0,0,1000,1000,1000,1000,0,0,0,0,0
2025-12-15 01:04:35.109,SERVO_OUTPUT_RAW,1830309820,SERVO_OUTPUT_RAW,0,0,0,0,0,0,0,0,1000,1000,1000,1000,0,0,0,0,0
2025-12-15 01:04:35.209,SERVO_OUTPUT_RAW,1830409808,SERVO_OUTPUT_RAW,0,0,0,0,0,0,0,0,1000,1000,1000,1000,0,0,0,0,0
2025-12-15 01:04:35.312,SERVO_OUTPUT_RAW,1830509784,SERVO_OUTPUT_RAW,0,0,0,0,0,0,0,0,1000,1000,1000,1000,0,0,0,0,0
2025-12-15 01:04:35.410,SERVO_OUTPUT_RAW,1830609800,SERVO_OUTPUT_RAW,0,0,0,0,0,0,0,0,1000,1000,1000,1000,0,0,0,0,0
2025-12-15 01:04:35.509,SERVO_OUTPUT_RAW,1830709790,SERVO_OUTPUT_RAW,0,0,0,0,0,0,0,0,1000,1000,1000,1000,0,0,0,0,0
2025-12-15 01:04:35.609,SERVO_OUTPUT_RAW,1830809817,SERVO_OUTPUT_RAW,0,0,0,0,0,0,0,0,1000,1000,1000,1000,0,0,0,0,0
2025-12-15 01:04:35.709,SERVO_OUTPUT_RAW,1830909782,SERVO_OUTPUT_RAW,0,0,0,0,0,0,0,0,1000,1000,1000,1000,0,0,0,0,0
2025-12-15 01:04:35.809,SERVO_OUTPUT_RAW,1831009813,SERVO_OUTPUT_RAW,0,0,0,0,0,0,0,0,1000,1000,1000,1000,0,0,0,0,0
2025-12-15 01:04:35.909,SERVO_OUTPUT_RAW,1831109844,SERVO_OUTPUT_RAW,0,0,0,0,0,0,0,0,1000,1000,1000,1000,0,0,0,0,0
2025-12-15 01:04:36.009,SERVO_OUTPUT_RAW,1831209845,SERVO_OUTPUT_RAW,0,0,0,0,0,0,0,0,1000,1000,1000,1000,0,0,0,0,0
2025-12-15 01:04:36.109,SERVO_OUTPUT_RAW,1831309798,SERVO_OUTPUT_RAW,0,0,0,0,0,0,0,0,1000,1000,1000,1000,0,0,0,0,0
2025-12-15 01:04:36.209,SERVO_OUTPUT_RAW,1831409808,SERVO_OUTPUT_RAW,0,0,0,0,0,0,0,0,1000,1000,1000,1000,0,0,0,0,0
2025-12-15 01:04:36.309,SERVO_OUTPUT_RAW,1831509834,SERVO_OUTPUT_RAW,0,0,0,0,0,0,0,0,1000,1000,1000,1000,0,0,0,0,0
2025-12-15 01:04:36.409,SERVO_OUTPUT_RAW,1831609844,SERVO_OUTPUT_RAW,0,0,0,0,0,0,0,0,1000,1000,1000,1000,0,0,0,0,0
2025-12-15 01:04:36.509,SERVO_OUTPUT_RAW,1831709795,SERVO_OUTPUT_RAW,0,0,0,0,0,0,0,0,1000,1000,1000,1000,0,0,0,0,0
2025-12-15 01:04:36.609,SERVO_OUTPUT_RAW,1831809800,SERVO_OUTPUT_RAW,0,0,0,0,0,0,0,0,1000,1000,1000,1000,0,0,0,0,0
2025-12-15 01:04:36.709,SERVO_OUTPUT_RAW,1831909817,SERVO_OUTPUT_RAW,0,0,0,0,0,0,0,0,1000,1000,1000,1000,0,0,0,0,0
2025-12-15 01:04:36.809,SERVO_OUTPUT_RAW,1832009828,SERVO_OUTPUT_RAW,0,0,0,0,0,0,0,0,1000,1000,1000,1000,0,0,0,0,0
2025-12-15 01:04:36.909,SERVO_OUTPUT_RAW,1832109885,SERVO_OUTPUT_RAW,0,0,0,0,0,0,0,0,1000,1000,1000,1000,0,0,0,0,0
2025-12-15 01:04:37.009,SERVO_OUTPUT_RAW,1832209784,SERVO_OUTPUT_RAW,0,0,0,0,0,0,0,0,1000,1000,1000,1000,0,0,0,0,0
2025-12-15 01:04:37.109,SERVO_OUTPUT_RAW,1832309790,SERVO_OUTPUT_RAW,0,0,0,0,0,0,0,0,1000,1000,1000,1000,0,0,0,0,0
2025-12-15 01:04:37.209,SERVO_OUTPUT_RAW,1832409791,SERVO_OUTPUT_RAW,0,0,0,0,0,0,0,0,1000,1000,1000,1000,0,0,0,0,0
2025-12-15 01:04:37.309,SERVO_OUTPUT_RAW,1832509802,SERVO_OUTPUT_RAW,0,0,0,0,0,0,0,0,1000,1000,1000,1000,0,0,0,0,0
2025-12-15 01:04:37.409,SERVO_OUTPUT_RAW,1832609831,SERVO_OUTPUT_RAW,0,0,0,0,0,0,0,0,1000,1000,1000,1000,0,0,0,0,0
2025-12-15 01:04:37.510,SERVO_OUTPUT_RAW,1832709866,SERVO_OUTPUT_RAW,0,0,0,0,0,0,0,0,1000,1000,1000,1000,0,0,0,0,0
2025-12-15 01:04:37.609,SERVO_OUTPUT_RAW,1832809803,SERVO_OUTPUT_RAW,0,0,0,0,0,0,0,0,1000,1000,1000,1000,0,0,0,0,0
2025-12-15 01:04:37.709,SERVO_OUTPUT_RAW,1832909777,SERVO_OUTPUT_RAW,0,0,0,0,0,0,0,0,1000,1000,1000,1000,0,0,0,0,0
2025-12-15 01:04:37.809,SERVO_OUTPUT_RAW,1833009851,SERVO_OUTPUT_RAW,0,0,0,0,0,0,0,0,1000,1000,1000,1000,0,0,0,0,0
2025-12-15 01:04:37.909,SERVO_OUTPUT_RAW,1833109856,SERVO_OUTPUT_RAW,0,0,0,0,0,0,0,0,1000,1000,1000,1000,0,0,0,0,0
2025-12-15 01:04:38.010,SERVO_OUTPUT_RAW,1833209833,SERVO_OUTPUT_RAW,0,0,0,0,0,0,0,0,1000,1000,1000,1000,0,0,0,0,0
2025-12-15 01:04:38.109,SERVO_OUTPUT_RAW,1833309787,SERVO_OUTPUT_RAW,0,0,0,0,0,0,0,0,1000,1000,1000,1000,0,0,0,0,0
2025-12-15 01:04:38.209,SERVO_OUTPUT_RAW,1833409815,SERVO_OUTPUT_RAW,0,0,0,0,0,0,0,0,1000,1000,1000,1000,0,0,0,0,0
2025-12-15 01:04:38.309,SERVO_OUTPUT_RAW,1833509877,SERVO_OUTPUT_RAW,0,0,0,0,0,0,0,0,1000,1000,1000,1000,0,0,0,0,0
2025-12-15 01:04:38.409,SERVO_OUTPUT_RAW,1833609789,SERVO_OUTPUT_RAW,0,0,0,0,0,0,0,0,1000,1000,1000,1000,0,0,0,0,0
2025-12-15 01:04:38.509,SERVO_OUTPUT_RAW,1833709811,SERVO_OUTPUT_RAW,0,0,0,0,0,0,0,0,1000,1000,1000,1000,0,0,0,0,0
2025-12-15 01:04:38.609,SERVO_OUTPUT_RAW,1833809797,SERVO_OUTPUT_RAW,0,0,0,0,0,0,0,0,1000,1000,1000,1000,0,0,0,0,0
2025-12-15 01:04:38.709,SERVO_OUTPUT_RAW,1833909806,SERVO_OUTPUT_RAW,0,0,0,0,0,0,0,0,1000,1000,1000,1000,0,0,0,0,0
2025-12-15 01:04:38.809,SERVO_OUTPUT_RAW,1834009796,SERVO_OUTPUT_RAW,0,0,0,0,0,0,0,0,1000,1000,1000,1000,0,0,0,0,0
2025-12-15 01:04:38.909,SERVO_OUTPUT_RAW,1834109774,SERVO_OUTPUT_RAW,0,0,0,0,0,0,0,0,1000,1000,1000,1000,0,0,0,0,0
2025-12-15 01:04:39.009,SERVO_OUTPUT_RAW,1834212150,SERVO_OUTPUT_RAW,0,0,0,0,0,0,0,0,1000,1000,1000,1000,0,0,0,0,0
2025-12-15 01:04:39.109,SERVO_OUTPUT_RAW,1834309847,SERVO_OUTPUT_RAW,0,0,0,0,0,0,0,0,1000,1000,1000,1000,0,0,0,0,0
2025-12-15 01:04:39.209,SERVO_OUTPUT_RAW,1834409802,SERVO_OUTPUT_RAW,0,0,0,0,0,0,0,0,1000,1000,1000,1000,0,0,0,0,0
2025-12-15 01:04:39.310,SERVO_OUTPUT_RAW,1834509799,SERVO_OUTPUT_RAW,0,0,0,0,0,0,0,0,1000,1000,1000,1000,0,0,0,0,0
2025-12-15 01:04:39.410,SERVO_OUTPUT_RAW,1834609824,SERVO_OUTPUT_RAW,0,0,0,0,0,0,0,0,1000,1000,1000,1000,0,0,0,0,0
2025-12-15 01:04:39.509,SERVO_OUTPUT_RAW,1834709842,SERVO_OUTPUT_RAW,0,0,0,0,0,0,0,0,1000,1000,1000,1000,0,0,0,0,0
2025-12-15 01:04:39.609,SERVO_OUTPUT_RAW,1834809815,SERVO_OUTPUT_RAW,0,0,0,0,0,0,0,0,1000,1000,1000,1000,0,0,0,0,0
2025-12-15 01:04:39.709,SERVO_OUTPUT_RAW,1834909791,SERVO_OUTPUT_RAW,0,0,0,0,0,0,0,0,1000,1000,1000,1000,0,0,0,0,0
2025-12-15 01:04:39.810,SERVO_OUTPUT_RAW,1835009841,SERVO_OUTPUT_RAW,0,0,0,0,0,0,0,0,1000,1000,1000,1000,0,0,0,0,0
2025-12-15 01:04:39.915,SERVO_OUTPUT_RAW,1835109818,SERVO_OUTPUT_RAW,0,0,0,0,0,0,0,0,1000,1000,1000,1000,0,0,0,0,0
2025-12-15 01:04:40.010,SERVO_OUTPUT_RAW,1835209784,SERVO_OUTPUT_RAW,0,0,0,0,0,0,0,0,1000,1000,1000,1000,0,0,0,0,0
2025-12-15 01:04:40.110,SERVO_OUTPUT_RAW,1835309795,SERVO_OUTPUT_RAW,0,0,0,0,0,0,0,0,1000,1000,1000,1000,0,0,0,0,0
2025-12-15 01:04:40.210,SERVO_OUTPUT_RAW,1835409795,SERVO_OUTPUT_RAW,0,0,0,0,0,0,0,0,1000,1000,1000,1000,0,0,0,0,0
2025-12-15 01:04:40.310,SERVO_OUTPUT_RAW,1835509795,SERVO_OUTPUT_RAW,0,0,0,0,0,0,0,0,1000,1000,1000,1000,0,0,0,0,0
2025-12-15 01:04:40.410,SERVO_OUTPUT_RAW,1835609806,SERVO_OUTPUT_RAW,0,0,0,0,0,0,0,0,1000,1000,1000,1000,0,0,0,0,0
2025-12-15 01:04:40.510,SERVO_OUTPUT_RAW,1835709808,SERVO_OUTPUT_RAW,0,0,0,0,0,0,0,0,1000,1000,1000,1000,0,0,0,0,0
2025-12-15 01:04:40.610,SERVO_OUTPUT_RAW,1835809782,SERVO_OUTPUT_RAW,0,0,0,0,0,0,0,0,1000,1000,1000,1000,0,0,0,0,0
2025-12-15 01:04:40.710,SERVO_OUTPUT_RAW,1835909828,SERVO_OUTPUT_RAW,0,0,0,0,0,0,0,0,1000,1000,1000,1000,0,0,0,0,0
2025-12-15 01:04:40.810,SERVO_OUTPUT_RAW,1836009799,SERVO_OUTPUT_RAW,0,0,0,0,0,0,0,0,1000,1000,1000,1000,0,0,0,0,0
2025-12-15 01:04:40.910,SERVO_OUTPUT_RAW,1836109817,SERVO_OUTPUT_RAW,0,0,0,0,0,0,0,0,1000,1000,1000,1000,0,0,0,0,0
2025-12-15 01:04:41.010,SERVO_OUTPUT_RAW,1836209846,SERVO_OUTPUT_RAW,0,0,0,0,0,0,0,0,1000,1000,1000,1000,0,0,0,0,0
2025-12-15 01:04:41.110,SERVO_OUTPUT_RAW,1836312087,SERVO_OUTPUT_RAW,0,0,0,0,0,0,0,0,1000,1000,1000,1000,0,0,0,0,0
2025-12-15 01:04:41.210,SERVO_OUTPUT_RAW,1836409774,SERVO_OUTPUT_RAW,0,0,0,0,0,0,0,0,1000,1000,1000,1000,0,0,0,0,0
2025-12-15 01:04:41.310,SERVO_OUTPUT_RAW,1836509823,SERVO_OUTPUT_RAW,0,0,0,0,0,0,0,0,1000,1000,1000,1000,0,0,0,0,0
2025-12-15 01:04:41.410,SERVO_OUTPUT_RAW,1836609818,SERVO_OUTPUT_RAW,0,0,0,0,0,0,0,0,1000,1000,1000,1000,0,0,0,0,0
2025-12-15 01:04:41.510,SERVO_OUTPUT_RAW,1836709783,SERVO_OUTPUT_RAW,0,0,0,0,0,0,0,0,1000,1000,1000,1000,0,0,0,0,0
2025-12-15 01:04:41.610,SERVO_OUTPUT_RAW,1836809793,SERVO_OUTPUT_RAW,0,0,0,0,0,0,0,0,1000,1000,1000,1000,0,0,0,0,0
2025-12-15 01:04:41.710,SERVO_OUTPUT_RAW,1836909787,SERVO_OUTPUT_RAW,0,0,0,0,0,0,0,0,1000,1000,1000,1000,0,0,0,0,0
2025-12-15 01:04:41.810,SERVO_OUTPUT_RAW,1837009787,SERVO_OUTPUT_RAW,0,0,0,0,0,0,0,0,1000,1000,1000,1000,0,0,0,0,0
2025-12-15 01:04:41.910,SERVO_OUTPUT_RAW,1837109797,SERVO_OUTPUT_RAW,0,0,0,0,0,0,0,0,1000,1000,1000,1000,0,0,0,0,0
2025-12-15 01:04:42.009,SERVO_OUTPUT_RAW,1837209779,SERVO_OUTPUT_RAW,0,0,0,0,0,0,0,0,1000,1000,1000,1000,0,0,0,0,0
2025-12-15 01:04:42.110,SERVO_OUTPUT_RAW,1837309817,SERVO_OUTPUT_RAW,0,0,0,0,0,0,0,0,1000,1000,1000,1000,0,0,0,0,0
2025-12-15 01:04:42.210,SERVO_OUTPUT_RAW,1837409830,SERVO_OUTPUT_RAW,0,0,0,0,0,0,0,0,1000,1000,1000,1000,0,0,0,0,0
2025-12-15 01:04:42.310,SERVO_OUTPUT_RAW,1837509794,SERVO_OUTPUT_RAW,0,0,0,0,0,0,0,0,1000,1000,1000,1000,0,0,0,0,0
2025-12-15 01:04:42.411,SERVO_OUTPUT_RAW,1837609788,SERVO_OUTPUT_RAW,0,0,0,0,0,0,0,0,1000,1000,1000,1000,0,0,0,0,0
2025-12-15 01:04:42.510,SERVO_OUTPUT_RAW,1837709809,SERVO_OUTPUT_RAW,0,0,0,0,0,0,0,0,1000,1000,1000,1000,0,0,0,0,0
2025-12-15 01:04:42.609,SERVO_OUTPUT_RAW,1837809839,SERVO_OUTPUT_RAW,0,0,0,0,0,0,0,0,1000,1000,1000,1000,0,0,0,0,0
2025-12-15 01:04:42.710,SERVO_OUTPUT_RAW,1837909853,SERVO_OUTPUT_RAW,0,0,0,0,0,0,0,0,1000,1000,1000,1000,0,0,0,0,0
2025-12-15 01:04:42.810,SERVO_OUTPUT_RAW,1838009798,SERVO_OUTPUT_RAW,0,0,0,0,0,0,0,0,1000,1000,1000,1000,0,0,0,0,0
2025-12-15 01:04:42.910,SERVO_OUTPUT_RAW,1838109817,SERVO_OUTPUT_RAW,0,0,0,0,0,0,0,0,1000,1000,1000,1000,0,0,0,0,0
2025-12-15 01:04:43.010,SERVO_OUTPUT_RAW,1838209822,SERVO_OUTPUT_RAW,0,0,0,0,0,0,0,0,1000,1000,1000,1000,0,0,0,0,0
2025-12-15 01:04:43.110,SERVO_OUTPUT_RAW,1838309780,SERVO_OUTPUT_RAW,0,0,0,0,0,0,0,0,1000,1000,1000,1000,0,0,0,0,0
2025-12-15 01:04:43.211,SERVO_OUTPUT_RAW,1838409871,SERVO_OUTPUT_RAW,0,0,0,0,0,0,0,0,1000,1000,1000,1000,0,0,0,0,0
2025-12-15 01:04:43.310,SERVO_OUTPUT_RAW,1838509803,SERVO_OUTPUT_RAW,0,0,0,0,0,0,0,0,1000,1000,1000,1000,0,0,0,0,0
2025-12-15 01:04:43.409,SERVO_OUTPUT_RAW,1838609774,SERVO_OUTPUT_RAW,0,0,0,0,0,0,0,0,1000,1000,1000,1000,0,0,0,0,0
2025-12-15 01:04:43.509,SERVO_OUTPUT_RAW,1838709781,SERVO_OUTPUT_RAW,0,0,0,0,0,0,0,0,1000,1000,1000,1000,0,0,0,0,0
2025-12-15 01:04:43.610,SERVO_OUTPUT_RAW,1838809812,SERVO_OUTPUT_RAW,0,0,0,0,0,0,0,0,1000,1000,1000,1000,0,0,0,0,0
2025-12-15 01:04:43.709,SERVO_OUTPUT_RAW,1838909864,SERVO_OUTPUT_RAW,0,0,0,0,0,0,0,0,1000,1000,1000,1000,0,0,0,0,0
2025-12-15 01:04:43.810,SERVO_OUTPUT_RAW,1839009840,SERVO_OUTPUT_RAW,0,0,0,0,0,0,0,0,1000,1000,1000,1000,0,0,0,0,0
2025-12-15 01:04:43.909,SERVO_OUTPUT_RAW,1839109778,SERVO_OUTPUT_RAW,0,0,0,0,0,0,0,0,1000,1000,1000,1000,0,0,0,0,0
2025-12-15 01:04:44.009,SERVO_OUTPUT_RAW,1839209817,SERVO_OUTPUT_RAW,0,0,0,0,0,0,0,0,1000,1000,1000,1000,0,0,0,0,0
2025-12-15 01:04:44.109,SERVO_OUTPUT_RAW,1839309840,SERVO_OUTPUT_RAW,0,0,0,0,0,0,0,0,1000,1000,1000,1000,0,0,0,0,0
2025-12-15 01:04:44.209,SERVO_OUTPUT_RAW,1839409853,SERVO_OUTPUT_RAW,0,0,0,0,0,0,0,0,1000,1000,1000,1000,0,0,0,0,0
2025-12-15 01:04:44.309,SERVO_OUTPUT_RAW,1839509823,SERVO_OUTPUT_RAW,0,0,0,0,0,0,0,0,1000,1000,1000,1000,0,0,0,0,0
2025-12-15 01:04:44.410,SERVO_OUTPUT_RAW,1839609792,SERVO_OUTPUT_RAW,0,0,0,0,0,0,0,0,1000,1000,1000,1000,0,0,0,0,0
2025-12-15 01:04:44.509,SERVO_OUTPUT_RAW,1839709811,SERVO_OUTPUT_RAW,0,0,0,0,0,0,0,0,1000,1000,1000,1000,0,0,0,0,0
2025-12-15 01:04:44.609,SERVO_OUTPUT_RAW,1839809820,SERVO_OUTPUT_RAW,0,0,0,0,0,0,0,0,1000,1000,1000,1000,0,0,0,0,0
2025-12-15 01:04:44.710,SERVO_OUTPUT_RAW,1839909773,SERVO_OUTPUT_RAW,0,0,0,0,0,0,0,0,1000,1000,1000,1000,0,0,0,0,0
2025-12-15 01:04:44.809,SERVO_OUTPUT_RAW,1840009778,SERVO_OUTPUT_RAW,0,0,0,0,0,0,0,0,1000,1000,1000,1000,0,0,0,0,0
2025-12-15 01:04:44.909,SERVO_OUTPUT_RAW,1840109790,SERVO_OUTPUT_RAW,0,0,0,0,0,0,0,0,1000,1000,1000,1000,0,0,0,0,0
2025-12-15 01:04:45.009,SERVO_OUTPUT_RAW,1840209785,SERVO_OUTPUT_RAW,0,0,0,0,0,0,0,0,1000,1000,1000,1000,0,0,0,0,0
2025-12-15 01:04:45.109,SERVO_OUTPUT_RAW,1840309794,SERVO_OUTPUT_RAW,0,0,0,0,0,0,0,0,1000,1000,1000,1000,0,0,0,0,0
2025-12-15 01:04:45.209,SERVO_OUTPUT_RAW,1840409845,SERVO_OUTPUT_RAW,0,0,0,0,0,0,0,0,1000,1000,1000,1000,0,0,0,0,0
2025-12-15 01:04:45.309,SERVO_OUTPUT_RAW,1840512135,SERVO_OUTPUT_RAW,0,0,0,0,0,0,0,0,1000,1000,1000,1000,0,0,0,0,0
2025-12-15 01:04:45.409,SERVO_OUTPUT_RAW,1840609863,SERVO_OUTPUT_RAW,0,0,0,0,0,0,0,0,1000,1000,1000,1000,0,0,0,0,0
2025-12-15 01:04:45.509,SERVO_OUTPUT_RAW,1840709827,SERVO_OUTPUT_RAW,0,0,0,0,0,0,0,0,1000,1000,1000,1000,0,0,0,0,0
2025-12-15 01:04:45.609,SERVO_OUTPUT_RAW,1840809826,SERVO_OUTPUT_RAW,0,0,0,0,0,0,0,0,1000,1000,1000,1000,0,0,0,0,0
2025-12-15 01:04:45.709,SERVO_OUTPUT_RAW,1840909851,SERVO_OUTPUT_RAW,0,0,0,0,0,0,0,0,1000,1000,1000,1000,0,0,0,0,0
2025-12-15 01:04:45.809,SERVO_OUTPUT_RAW,1841009769,SERVO_OUTPUT_RAW,0,0,0,0,0,0,0,0,1000,1000,1000,1000,0,0,0,0,0
2025-12-15 01:04:45.909,SERVO_OUTPUT_RAW,1841109783,SERVO_OUTPUT_RAW,0,0,0,0,0,0,0,0,1000,1000,1000,1000,0,0,0,0,0
2025-12-15 01:04:46.009,SERVO_OUTPUT_RAW,1841209798,SERVO_OUTPUT_RAW,0,0,0,0,0,0,0,0,1000,1000,1000,1000,0,0,0,0,0
2025-12-15 01:04:46.109,SERVO_OUTPUT_RAW,1841309813,SERVO_OUTPUT_RAW,0,0,0,0,0,0,0,0,1000,1000,1000,1000,0,0,0,0,0
2025-12-15 01:04:46.209,SERVO_OUTPUT_RAW,1841409832,SERVO_OUTPUT_RAW,0,0,0,0,0,0,0,0,1000,1000,1000,1000,0,0,0,0,0
2025-12-15 01:04:46.309,SERVO_OUTPUT_RAW,1841509782,SERVO_OUTPUT_RAW,0,0,0,0,0,0,0,0,1000,1000,1000,1000,0,0,0,0,0
2025-12-15 01:04:46.409,SERVO_OUTPUT_RAW,1841609817,SERVO_OUTPUT_RAW,0,0,0,0,0,0,0,0,1000,1000,1000,1000,0,0,0,0,0
2025-12-15 01:04:46.510,SERVO_OUTPUT_RAW,1841709787,SERVO_OUTPUT_RAW,0,0,0,0,0,0,0,0,1000,1000,1000,1000,0,0,0,0,0
2025-12-15 01:04:46.609,SERVO_OUTPUT_RAW,1841809805,SERVO_OUTPUT_RAW,0,0,0,0,0,0,0,0,1000,1000,1000,1000,0,0,0,0,0
2025-12-15 01:04:46.709,SERVO_OUTPUT_RAW,1841909803,SERVO_OUTPUT_RAW,0,0,0,0,0,0,0,0,1000,1000,1000,1000,0,0,0,0,0
2025-12-15 01:04:46.809,SERVO_OUTPUT_RAW,1842009825,SERVO_OUTPUT_RAW,0,0,0,0,0,0,0,0,1000,1000,1000,1000,0,0,0,0,0
2025-12-15 01:04:46.909,SERVO_OUTPUT_RAW,1842109840,SERVO_OUTPUT_RAW,0,0,0,0,0,0,0,0,1000,1000,1000,1000,0,0,0,0,0
2025-12-15 01:04:47.010,SERVO_OUTPUT_RAW,1842209804,SERVO_OUTPUT_RAW,0,0,0,0,0,0,0,0,1000,1000,1000,1000,0,0,0,0,0
2025-12-15 01:04:47.110,SERVO_OUTPUT_RAW,1842309797,SERVO_OUTPUT_RAW,0,0,0,0,0,0,0,0,1000,1000,1000,1000,0,0,0,0,0
2025-12-15 01:04:47.209,SERVO_OUTPUT_RAW,1842409836,SERVO_OUTPUT_RAW,0,0,0,0,0,0,0,0,1000,1000,1000,1000,0,0,0,0,0
2025-12-15 01:04:47.310,SERVO_OUTPUT_RAW,1842509850,SERVO_OUTPUT_RAW,0,0,0,0,0,0,0,0,1000,1000,1000,1000,0,0,0,0,0
2025-12-15 01:04:47.411,SERVO_OUTPUT_RAW,1842609914,SERVO_OUTPUT_RAW,0,0,0,0,0,0,0,0,1000,1000,1000,1000,0,0,0,0,0
2025-12-15 01:04:47.510,SERVO_OUTPUT_RAW,1842709787,SERVO_OUTPUT_RAW,0,0,0,0,0,0,0,0,1000,1000,1000,1000,0,0,0,0,0
2025-12-15 01:04:47.610,SERVO_OUTPUT_RAW,1842809831,SERVO_OUTPUT_RAW,0,0,0,0,0,0,0,0,1000,1000,1000,1000,0,0,0,0,0
2025-12-15 01:04:47.710,SERVO_OUTPUT_RAW,1842909827,SERVO_OUTPUT_RAW,0,0,0,0,0,0,0,0,1000,1000,1000,1000,0,0,0,0,0
2025-12-15 01:04:47.810,SERVO_OUTPUT_RAW,1843009784,SERVO_OUTPUT_RAW,0,0,0,0,0,0,0,0,1000,1000,1000,1000,0,0,0,0,0
2025-12-15 01:04:47.910,SERVO_OUTPUT_RAW,1843109783,SERVO_OUTPUT_RAW,0,0,0,0,0,0,0,0,1000,1000,1000,1000,0,0,0,0,0
2025-12-15 01:04:48.010,SERVO_OUTPUT_RAW,1843209800,SERVO_OUTPUT_RAW,0,0,0,0,0,0,0,0,1000,1000,1000,1000,0,0,0,0,0
2025-12-15 01:04:48.110,SERVO_OUTPUT_RAW,1843309800,SERVO_OUTPUT_RAW,0,0,0,0,0,0,0,0,1000,1000,1000,1000,0,0,0,0,0
2025-12-15 01:04:48.210,SERVO_OUTPUT_RAW,1843412111,SERVO_OUTPUT_RAW,0,0,0,0,0,0,0,0,1000,1000,1000,1000,0,0,0,0,0
2025-12-15 01:04:48.310,SERVO_OUTPUT_RAW,1843509811,SERVO_OUTPUT_RAW,0,0,0,0,0,0,0,0,1000,1000,1000,1000,0,0,0,0,0
2025-12-15 01:04:48.410,SERVO_OUTPUT_RAW,1843609826,SERVO_OUTPUT_RAW,0,0,0,0,0,0,0,0,1000,1000,1000,1000,0,0,0,0,0
2025-12-15 01:04:48.510,SERVO_OUTPUT_RAW,1843709831,SERVO_OUTPUT_RAW,0,0,0,0,0,0,0,0,1000,1000,1000,1000,0,0,0,0,0
2025-12-15 01:04:48.610,SERVO_OUTPUT_RAW,1843809784,SERVO_OUTPUT_RAW,0,0,0,0,0,0,0,0,1000,1000,1000,1000,0,0,0,0,0
2025-12-15 01:04:48.710,SERVO_OUTPUT_RAW,1843909818,SERVO_OUTPUT_RAW,0,0,0,0,0,0,0,0,1000,1000,1000,1000,0,0,0,0,0
2025-12-15 01:04:48.810,SERVO_OUTPUT_RAW,1844009842,SERVO_OUTPUT_RAW,0,0,0,0,0,0,0,0,1000,1000,1000,1000,0,0,0,0,0
2025-12-15 01:04:48.910,SERVO_OUTPUT_RAW,1844109839,SERVO_OUTPUT_RAW,0,0,0,0,0,0,0,0,1000,1000,1000,1000,0,0,0,0,0
2025-12-15 01:04:49.010,SERVO_OUTPUT_RAW,1844209779,SERVO_OUTPUT_RAW,0,0,0,0,0,0,0,0,1000,1000,1000,1000,0,0,0,0,0
2025-12-15 01:04:49.110,SERVO_OUTPUT_RAW,1844309819,SERVO_OUTPUT_RAW,0,0,0,0,0,0,0,0,1000,1000,1000,1000,0,0,0,0,0
2025-12-15 01:04:49.210,SERVO_OUTPUT_RAW,1844409816,SERVO_OUTPUT_RAW,0,0,0,0,0,0,0,0,1000,1000,1000,1000,0,0,0,0,0
2025-12-15 01:04:49.310,SERVO_OUTPUT_RAW,1844509777,SERVO_OUTPUT_RAW,0,0,0,0,0,0,0,0,1000,1000,1000,1000,0,0,0,0,0
2025-12-15 01:04:49.410,SERVO_OUTPUT_RAW,1844609777,SERVO_OUTPUT_RAW,0,0,0,0,0,0,0,0,1000,1000,1000,1000,0,0,0,0,0
2025-12-15 01:04:49.510,SERVO_OUTPUT_RAW,1844712154,SERVO_OUTPUT_RAW,0,0,0,0,0,0,0,0,1000,1000,1000,1000,0,0,0,0,0
2025-12-15 01:04:49.610,SERVO_OUTPUT_RAW,1844809794,SERVO_OUTPUT_RAW,0,0,0,0,0,0,0,0,1000,1000,1000,1000,0,0,0,0,0
2025-12-15 01:04:49.710,SERVO_OUTPUT_RAW,1844912127,SERVO_OUTPUT_RAW,0,0,0,0,0,0,0,0,1000,1000,1000,1000,0,0,0,0,0
2025-12-15 01:04:49.810,SERVO_OUTPUT_RAW,1845009814,SERVO_OUTPUT_RAW,0,0,0,0,0,0,0,0,1000,1000,1000,1000,0,0,0,0,0
2025-12-15 01:04:49.911,SERVO_OUTPUT_RAW,1845109820,SERVO_OUTPUT_RAW,0,0,0,0,0,0,0,0,1000,1000,1000,1000,0,0,0,0,0
2025-12-15 01:04:50.010,SERVO_OUTPUT_RAW,1845212153,SERVO_OUTPUT_RAW,0,0,0,0,0,0,0,0,1000,1000,1000,1000,0,0,0,0,0
2025-12-15 01:04:50.110,SERVO_OUTPUT_RAW,1845309855,SERVO_OUTPUT_RAW,0,0,0,0,0,0,0,0,1000,1000,1000,1000,0,0,0,0,0
2025-12-15 01:04:50.210,SERVO_OUTPUT_RAW,1845409811,SERVO_OUTPUT_RAW,0,0,0,0,0,0,0,0,1000,1000,1000,1000,0,0,0,0,0
2025-12-15 01:04:50.310,SERVO_OUTPUT_RAW,1845509813,SERVO_OUTPUT_RAW,0,0,0,0,0,0,0,0,1000,1000,1000,1000,0,0,0,0,0
2025-12-15 01:04:50.410,SERVO_OUTPUT_RAW,1845609827,SERVO_OUTPUT_RAW,0,0,0,0,0,0,0,0,1000,1000,1000,1000,0,0,0,0,0
2025-12-15 01:04:50.510,SERVO_OUTPUT_RAW,1845709848,SERVO_OUTPUT_RAW,0,0,0,0,0,0,0,0,1000,1000,1000,1000,0,0,0,0,0
2025-12-15 01:04:50.610,SERVO_OUTPUT_RAW,1845809782,SERVO_OUTPUT_RAW,0,0,0,0,0,0,0,0,1000,1000,1000,1000,0,0,0,0,0
2025-12-15 01:04:50.710,SERVO_OUTPUT_RAW,1845909822,SERVO_OUTPUT_RAW,0,0,0,0,0,0,0,0,1000,1000,1000,1000,0,0,0,0,0
2025-12-15 01:04:50.810,SERVO_OUTPUT_RAW,1846009822,SERVO_OUTPUT_RAW,0,0,0,0,0,0,0,0,1000,1000,1000,1000,0,0,0,0,0
2025-12-15 01:04:50.910,SERVO_OUTPUT_RAW,1846109796,SERVO_OUTPUT_RAW,0,0,0,0,0,0,0,0,1000,1000,1000,1000,0,0,0,0,0
2025-12-15 01:04:51.010,SERVO_OUTPUT_RAW,1846209797,SERVO_OUTPUT_RAW,0,0,0,0,0,0,0,0,1000,1000,1000,1000,0,0,0,0,0
2025-12-15 01:04:51.110,SERVO_OUTPUT_RAW,1846309816,SERVO_OUTPUT_RAW,0,0,0,0,0,0,0,0,1000,1000,1000,1000,0,0,0,0,0
2025-12-15 01:04:51.210,SERVO_OUTPUT_RAW,1846409794,SERVO_OUTPUT_RAW,0,0,0,0,0,0,0,0,1000,1000,1000,1000,0,0,0,0,0
2025-12-15 01:04:51.310,SERVO_OUTPUT_RAW,1846509788,SERVO_OUTPUT_RAW,0,0,0,0,0,0,0,0,1000,1000,1000,1000,0,0,0,0,0
2025-12-15 01:04:51.411,SERVO_OUTPUT_RAW,1846609810,SERVO_OUTPUT_RAW,0,0,0,0,0,0,0,0,1000,1000,1000,1000,0,0,0,0,0
2025-12-15 01:04:51.510,SERVO_OUTPUT_RAW,1846709825,SERVO_OUTPUT_RAW,0,0,0,0,0,0,0,0,1000,1000,1000,1000,0,0,0,0,0
2025-12-15 01:04:51.610,SERVO_OUTPUT_RAW,1846812142,SERVO_OUTPUT_RAW,0,0,0,0,0,0,0,0,1000,1000,1000,1000,0,0,0,0,0
2025-12-15 01:04:51.710,SERVO_OUTPUT_RAW,1846909806,SERVO_OUTPUT_RAW,0,0,0,0,0,0,0,0,1000,1000,1000,1000,0,0,0,0,0
2025-12-15 01:04:51.811,SERVO_OUTPUT_RAW,1847009838,SERVO_OUTPUT_RAW,0,0,0,0,0,0,0,0,1000,1000,1000,1000,0,0,0,0,0
2025-12-15 01:04:51.910,SERVO_OUTPUT_RAW,1847109830,SERVO_OUTPUT_RAW,0,0,0,0,0,0,0,0,1000,1000,1000,1000,0,0,0,0,0
2025-12-15 01:04:52.010,SERVO_OUTPUT_RAW,1847209852,SERVO_OUTPUT_RAW,0,0,0,0,0,0,0,0,1000,1000,1000,1000,0,0,0,0,0
2025-12-15 01:04:52.110,SERVO_OUTPUT_RAW,1847309788,SERVO_OUTPUT_RAW,0,0,0,0,0,0,0,0,1000,1000,1000,1000,0,0,0,0,0
2025-12-15 01:04:52.210,SERVO_OUTPUT_RAW,1847409801,SERVO_OUTPUT_RAW,0,0,0,0,0,0,0,0,1000,1000,1000,1000,0,0,0,0,0
2025-12-15 01:04:52.310,SERVO_OUTPUT_RAW,1847509821,SERVO_OUTPUT_RAW,0,0,0,0,0,0,0,0,1000,1000,1000,1000,0,0,0,0,0
2025-12-15 01:04:52.411,SERVO_OUTPUT_RAW,1847609846,SERVO_OUTPUT_RAW,0,0,0,0,0,0,0,0,1000,1000,1000,1000,0,0,0,0,0
2025-12-15 01:04:52.511,SERVO_OUTPUT_RAW,1847709776,SERVO_OUTPUT_RAW,0,0,0,0,0,0,0,0,1000,1000,1000,1000,0,0,0,0,0
2025-12-15 01:04:52.609,SERVO_OUTPUT_RAW,1847809777,SERVO_OUTPUT_RAW,0,0,0,0,0,0,0,0,1000,1000,1000,1000,0,0,0,0,0
2025-12-15 01:04:52.709,SERVO_OUTPUT_RAW,1847909821,SERVO_OUTPUT_RAW,0,0,0,0,0,0,0,0,1000,1000,1000,1000,0,0,0,0,0
2025-12-15 01:04:52.809,SERVO_OUTPUT_RAW,1848009785,SERVO_OUTPUT_RAW,0,0,0,0,0,0,0,0,1000,1000,1000,1000,0,0,0,0,0
2025-12-15 01:04:52.909,SERVO_OUTPUT_RAW,1848109804,SERVO_OUTPUT_RAW,0,0,0,0,0,0,0,0,1000,1000,1000,1000,0,0,0,0,0
2025-12-15 01:04:53.009,SERVO_OUTPUT_RAW,1848209823,SERVO_OUTPUT_RAW,0,0,0,0,0,0,0,0,1000,1000,1000,1000,0,0,0,0,0
2025-12-15 01:04:53.109,SERVO_OUTPUT_RAW,1848309833,SERVO_OUTPUT_RAW,0,0,0,0,0,0,0,0,1000,1000,1000,1000,0,0,0,0,0
2025-12-15 01:04:53.209,SERVO_OUTPUT_RAW,1848409854,SERVO_OUTPUT_RAW,0,0,0,0,0,0,0,0,1000,1000,1000,1000,0,0,0,0,0
2025-12-15 01:04:53.309,SERVO_OUTPUT_RAW,1848509777,SERVO_OUTPUT_RAW,0,0,0,0,0,0,0,0,1000,1000,1000,1000,0,0,0,0,0
2025-12-15 01:04:53.409,SERVO_OUTPUT_RAW,1848609818,SERVO_OUTPUT_RAW,0,0,0,0,0,0,0,0,1000,1000,1000,1000,0,0,0,0,0
2025-12-15 01:04:53.510,SERVO_OUTPUT_RAW,1848709849,SERVO_OUTPUT_RAW,0,0,0,0,0,0,0,0,1000,1000,1000,1000,0,0,0,0,0
2025-12-15 01:04:53.609,SERVO_OUTPUT_RAW,1848809857,SERVO_OUTPUT_RAW,0,0,0,0,0,0,0,0,1000,1000,1000,1000,0,0,0,0,0
2025-12-15 01:04:53.709,SERVO_OUTPUT_RAW,1848909905,SERVO_OUTPUT_RAW,0,0,0,0,0,0,0,0,1000,1000,1000,1000,0,0,0,0,0
2025-12-15 01:04:53.809,SERVO_OUTPUT_RAW,1849009809,SERVO_OUTPUT_RAW,0,0,0,0,0,0,0,0,1000,1000,1000,1000,0,0,0,0,0
2025-12-15 01:04:53.909,SERVO_OUTPUT_RAW,1849109808,SERVO_OUTPUT_RAW,0,0,0,0,0,0,0,0,1000,1000,1000,1000,0,0,0,0,0
2025-12-15 01:04:54.009,SERVO_OUTPUT_RAW,1849209869,SERVO_OUTPUT_RAW,0,0,0,0,0,0,0,0,1000,1000,1000,1000,0,0,0,0,0
2025-12-15 01:04:54.109,SERVO_OUTPUT_RAW,1849309793,SERVO_OUTPUT_RAW,0,0,0,0,0,0,0,0,1000,1000,1000,1000,0,0,0,0,0
2025-12-15 01:04:54.209,SERVO_OUTPUT_RAW,1849409795,SERVO_OUTPUT_RAW,0,0,0,0,0,0,0,0,1000,1000,1000,1000,0,0,0,0,0
2025-12-15 01:04:54.310,SERVO_OUTPUT_RAW,1849509863,SERVO_OUTPUT_RAW,0,0,0,0,0,0,0,0,1000,1000,1000,1000,0,0,0,0,0
2025-12-15 01:04:54.409,SERVO_OUTPUT_RAW,1849609783,SERVO_OUTPUT_RAW,0,0,0,0,0,0,0,0,1000,1000,1000,1000,0,0,0,0,0
2025-12-15 01:04:54.509,SERVO_OUTPUT_RAW,1849709800,SERVO_OUTPUT_RAW,0,0,0,0,0,0,0,0,1000,1000,1000,1000,0,0,0,0,0
2025-12-15 01:04:54.610,SERVO_OUTPUT_RAW,1849809844,SERVO_OUTPUT_RAW,0,0,0,0,0,0,0,0,1000,1000,1000,1000,0,0,0,0,0
2025-12-15 01:04:54.710,SERVO_OUTPUT_RAW,1849909844,SERVO_OUTPUT_RAW,0,0,0,0,0,0,0,0,1000,1000,1000,1000,0,0,0,0,0
2025-12-15 01:04:54.810,SERVO_OUTPUT_RAW,1850009807,SERVO_OUTPUT_RAW,0,0,0,0,0,0,0,0,1000,1000,1000,1000,0,0,0,0,0
2025-12-15 01:04:54.911,SERVO_OUTPUT_RAW,1850109832,SERVO_OUTPUT_RAW,0,0,0,0,0,0,0,0,1000,1000,1000,1000,0,0,0,0,0
2025-12-15 01:04:55.010,SERVO_OUTPUT_RAW,1850209816,SERVO_OUTPUT_RAW,0,0,0,0,0,0,0,0,1000,1000,1000,1000,0,0,0,0,0
2025-12-15 01:04:55.110,SERVO_OUTPUT_RAW,1850309852,SERVO_OUTPUT_RAW,0,0,0,0,0,0,0,0,1000,1000,1000,1000,0,0,0,0,0
2025-12-15 01:04:55.210,SERVO_OUTPUT_RAW,1850409781,SERVO_OUTPUT_RAW,0,0,0,0,0,0,0,0,1000,1000,1000,1000,0,0,0,0,0
2025-12-15 01:04:55.310,SERVO_OUTPUT_RAW,1850509813,SERVO_OUTPUT_RAW,0,0,0,0,0,0,0,0,1000,1000,1000,1000,0,0,0,0,0
2025-12-15 01:04:55.410,SERVO_OUTPUT_RAW,1850609833,SERVO_OUTPUT_RAW,0,0,0,0,0,0,0,0,1000,1000,1000,1000,0,0,0,0,0
2025-12-15 01:04:55.510,SERVO_OUTPUT_RAW,1850709813,SERVO_OUTPUT_RAW,0,0,0,0,0,0,0,0,1000,1000,1000,1000,0,0,0,0,0
2025-12-15 01:04:55.610,SERVO_OUTPUT_RAW,1850809782,SERVO_OUTPUT_RAW,0,0,0,0,0,0,0,0,1000,1000,1000,1000,0,0,0,0,0
2025-12-15 01:04:55.710,SERVO_OUTPUT_RAW,1850909780,SERVO_OUTPUT_RAW,0,0,0,0,0,0,0,0,1000,1000,1000,1000,0,0,0,0,0
2025-12-15 01:04:55.810,SERVO_OUTPUT_RAW,1851009856,SERVO_OUTPUT_RAW,0,0,0,0,0,0,0,0,1000,1000,1000,1000,0,0,0,0,0
2025-12-15 01:04:55.910,SERVO_OUTPUT_RAW,1851109788,SERVO_OUTPUT_RAW,0,0,0,0,0,0,0,0,1000,1000,1000,1000,0,0,0,0,0
2025-12-15 01:04:56.010,SERVO_OUTPUT_RAW,1851209796,SERVO_OUTPUT_RAW,0,0,0,0,0,0,0,0,1000,1000,1000,1000,0,0,0,0,0
2025-12-15 01:04:56.110,SERVO_OUTPUT_RAW,1851309828,SERVO_OUTPUT_RAW,0,0,0,0,0,0,0,0,1000,1000,1000,1000,0,0,0,0,0
2025-12-15 01:04:56.210,SERVO_OUTPUT_RAW,1851409844,SERVO_OUTPUT_RAW,0,0,0,0,0,0,0,0,1000,1000,1000,1000,0,0,0,0,0
2025-12-15 01:04:56.310,SERVO_OUTPUT_RAW,1851512130,SERVO_OUTPUT_RAW,0,0,0,0,0,0,0,0,1000,1000,1000,1000,0,0,0,0,0
2025-12-15 01:04:56.410,SERVO_OUTPUT_RAW,1851609815,SERVO_OUTPUT_RAW,0,0,0,0,0,0,0,0,1000,1000,1000,1000,0,0,0,0,0
2025-12-15 01:04:56.510,SERVO_OUTPUT_RAW,1851709817,SERVO_OUTPUT_RAW,0,0,0,0,0,0,0,0,1000,1000,1000,1000,0,0,0,0,0
2025-12-15 01:04:56.610,SERVO_OUTPUT_RAW,1851809837,SERVO_OUTPUT_RAW,0,0,0,0,0,0,0,0,1000,1000,1000,1000,0,0,0,0,0
2025-12-15 01:04:56.710,SERVO_OUTPUT_RAW,1851909840,SERVO_OUTPUT_RAW,0,0,0,0,0,0,0,0,1000,1000,1000,1000,0,0,0,0,0
2025-12-15 01:04:56.810,SERVO_OUTPUT_RAW,1852009779,SERVO_OUTPUT_RAW,0,0,0,0,0,0,0,0,1000,1000,1000,1000,0,0,0,0,0
2025-12-15 01:04:56.910,SERVO_OUTPUT_RAW,1852109803,SERVO_OUTPUT_RAW,0,0,0,0,0,0,0,0,1000,1000,1000,1000,0,0,0,0,0
2025-12-15 01:04:57.010,SERVO_OUTPUT_RAW,1852209810,SERVO_OUTPUT_RAW,0,0,0,0,0,0,0,0,1000,1000,1000,1000,0,0,0,0,0
2025-12-15 01:04:57.110,SERVO_OUTPUT_RAW,1852309784,SERVO_OUTPUT_RAW,0,0,0,0,0,0,0,0,1000,1000,1000,1000,0,0,0,0,0
2025-12-15 01:04:57.210,SERVO_OUTPUT_RAW,1852409783,SERVO_OUTPUT_RAW,0,0,0,0,0,0,0,0,1000,1000,1000,1000,0,0,0,0,0
2025-12-15 01:04:57.310,SERVO_OUTPUT_RAW,1852509790,SERVO_OUTPUT_RAW,0,0,0,0,0,0,0,0,1000,1000,1000,1000,0,0,0,0,0
2025-12-15 01:04:57.413,SERVO_OUTPUT_RAW,1852609794,SERVO_OUTPUT_RAW,0,0,0,0,0,0,0,0,1000,1000,1000,1000,0,0,0,0,0
2025-12-15 01:04:57.510,SERVO_OUTPUT_RAW,1852709792,SERVO_OUTPUT_RAW,0,0,0,0,0,0,0,0,1000,1000,1000,1000,0,0,0,0,0
2025-12-15 01:04:57.610,SERVO_OUTPUT_RAW,1852809808,SERVO_OUTPUT_RAW,0,0,0,0,0,0,0,0,1000,1000,1000,1000,0,0,0,0,0
2025-12-15 01:04:57.711,SERVO_OUTPUT_RAW,1852909842,SERVO_OUTPUT_RAW,0,0,0,0,0,0,0,0,1000,1000,1000,1000,0,0,0,0,0
2025-12-15 01:04:57.810,SERVO_OUTPUT_RAW,1853009840,SERVO_OUTPUT_RAW,0,0,0,0,0,0,0,0,1000,1000,1000,1000,0,0,0,0,0
2025-12-15 01:04:57.910,SERVO_OUTPUT_RAW,1853112161,SERVO_OUTPUT_RAW,0,0,0,0,0,0,0,0,1000,1000,1000,1000,0,0,0,0,0
2025-12-15 01:04:58.010,SERVO_OUTPUT_RAW,1853209806,SERVO_OUTPUT_RAW,0,0,0,0,0,0,0,0,1000,1000,1000,1000,0,0,0,0,0
2025-12-15 01:04:58.110,SERVO_OUTPUT_RAW,1853309848,SERVO_OUTPUT_RAW,0,0,0,0,0,0,0,0,1000,1000,1000,1000,0,0,0,0,0
2025-12-15 01:04:58.211,SERVO_OUTPUT_RAW,1853409865,SERVO_OUTPUT_RAW,0,0,0,0,0,0,0,0,1000,1000,1000,1000,0,0,0,0,0
2025-12-15 01:04:58.310,SERVO_OUTPUT_RAW,1853509821,SERVO_OUTPUT_RAW,0,0,0,0,0,0,0,0,1000,1000,1000,1000,0,0,0,0,0
2025-12-15 01:04:58.410,SERVO_OUTPUT_RAW,1853609787,SERVO_OUTPUT_RAW,0,0,0,0,0,0,0,0,1000,1000,1000,1000,0,0,0,0,0
2025-12-15 01:04:58.510,SERVO_OUTPUT_RAW,1853709806,SERVO_OUTPUT_RAW,0,0,0,0,0,0,0,0,1000,1000,1000,1000,0,0,0,0,0
2025-12-15 01:04:58.610,SERVO_OUTPUT_RAW,1853809830,SERVO_OUTPUT_RAW,0,0,0,0,0,0,0,0,1000,1000,1000,1000,0,0,0,0,0
2025-12-15 01:04:58.710,SERVO_OUTPUT_RAW,1853909795,SERVO_OUTPUT_RAW,0,0,0,0,0,0,0,0,1000,1000,1000,1000,0,0,0,0,0
2025-12-15 01:04:58.810,SERVO_OUTPUT_RAW,1854009792,SERVO_OUTPUT_RAW,0,0,0,0,0,0,0,0,1000,1000,1000,1000,0,0,0,0,0
2025-12-15 01:04:58.910,SERVO_OUTPUT_RAW,1854109793,SERVO_OUTPUT_RAW,0,0,0,0,0,0,0,0,1000,1000,1000,1000,0,0,0,0,0
2025-12-15 01:04:59.010,SERVO_OUTPUT_RAW,1854209801,SERVO_OUTPUT_RAW,0,0,0,0,0,0,0,0,1000,1000,1000,1000,0,0,0,0,0
2025-12-15 01:04:59.111,SERVO_OUTPUT_RAW,1854309800,SERVO_OUTPUT_RAW,0,0,0,0,0,0,0,0,1000,1000,1000,1000,0,0,0,0,0
2025-12-15 01:04:59.210,SERVO_OUTPUT_RAW,1854409781,SERVO_OUTPUT_RAW,0,0,0,0,0,0,0,0,1000,1000,1000,1000,0,0,0,0,0
2025-12-15 01:04:59.310,SERVO_OUTPUT_RAW,1854509822,SERVO_OUTPUT_RAW,0,0,0,0,0,0,0,0,1000,1000,1000,1000,0,0,0,0,0
2025-12-15 01:04:59.410,SERVO_OUTPUT_RAW,1854609847,SERVO_OUTPUT_RAW,0,0,0,0,0,0,0,0,1000,1000,1000,1000,0,0,0,0,0
2025-12-15 01:04:59.511,SERVO_OUTPUT_RAW,1854709770,SERVO_OUTPUT_RAW,0,0,0,0,0,0,0,0,1000,1000,1000,1000,0,0,0,0,0
2025-12-15 01:04:59.610,SERVO_OUTPUT_RAW,1854809815,SERVO_OUTPUT_RAW,0,0,0,0,0,0,0,0,1000,1000,1000,1000,0,0,0,0,0
2025-12-15 01:04:59.710,SERVO_OUTPUT_RAW,1854909836,SERVO_OUTPUT_RAW,0,0,0,0,0,0,0,0,1000,1000,1000,1000,0,0,0,0,0
2025-12-15 01:04:59.810,SERVO_OUTPUT_RAW,1855009876,SERVO_OUTPUT_RAW,0,0,0,0,0,0,0,0,1000,1000,1000,1000,0,0,0,0,0
2025-12-15 01:04:59.910,SERVO_OUTPUT_RAW,1855109892,SERVO_OUTPUT_RAW,0,0,0,0,0,0,0,0,1000,1000,1000,1000,0,0,0,0,0
2025-12-15 01:05:00.010,SERVO_OUTPUT_RAW,1855209917,SERVO_OUTPUT_RAW,0,0,0,0,0,0,0,0,1000,1000,1000,1000,0,0,0,0,0
2025-12-15 01:05:00.110,SERVO_OUTPUT_RAW,1855309832,SERVO_OUTPUT_RAW,0,0,0,0,0,0,0,0,1000,1000,1000,1000,0,0,0,0,0
2025-12-15 01:05:00.210,SERVO_OUTPUT_RAW,1855409791,SERVO_OUTPUT_RAW,0,0,0,0,0,0,0,0,1000,1000,1000,1000,0,0,0,0,0
2025-12-15 01:05:00.310,SERVO_OUTPUT_RAW,1855509781,SERVO_OUTPUT_RAW,0,0,0,0,0,0,0,0,1000,1000,1000,1000,0,0,0,0,0
2025-12-15 01:05:00.410,SERVO_OUTPUT_RAW,1855609782,SERVO_OUTPUT_RAW,0,0,0,0,0,0,0,0,1000,1000,1000,1000,0,0,0,0,0
2025-12-15 01:05:00.511,SERVO_OUTPUT_RAW,1855709783,SERVO_OUTPUT_RAW,0,0,0,0,0,0,0,0,1000,1000,1000,1000,0,0,0,0,0
2025-12-15 01:05:00.610,SERVO_OUTPUT_RAW,1855809786,SERVO_OUTPUT_RAW,0,0,0,0,0,0,0,0,1000,1000,1000,1000,0,0,0,0,0
2025-12-15 01:05:00.710,SERVO_OUTPUT_RAW,1855909775,SERVO_OUTPUT_RAW,0,0,0,0,0,0,0,0,1000,1000,1000,1000,0,0,0,0,0
2025-12-15 01:05:00.810,SERVO_OUTPUT_RAW,1856012142,SERVO_OUTPUT_RAW,0,0,0,0,0,0,0,0,1000,1000,1000,1000,0,0,0,0,0
2025-12-15 01:05:00.910,SERVO_OUTPUT_RAW,1856109816,SERVO_OUTPUT_RAW,0,0,0,0,0,0,0,0,1000,1000,1000,1000,0,0,0,0,0
2025-12-15 01:05:01.011,SERVO_OUTPUT_RAW,1856209797,SERVO_OUTPUT_RAW,0,0,0,0,0,0,0,0,1000,1000,1000,1000,0,0,0,0,0
2025-12-15 01:05:01.110,SERVO_OUTPUT_RAW,1856309833,SERVO_OUTPUT_RAW,0,0,0,0,0,0,0,0,1000,1000,1000,1000,0,0,0,0,0
2025-12-15 01:05:01.210,SERVO_OUTPUT_RAW,1856409813,SERVO_OUTPUT_RAW,0,0,0,0,0,0,0,0,1000,1000,1000,1000,0,0,0,0,0
2025-12-15 01:05:01.310,SERVO_OUTPUT_RAW,1856509843,SERVO_OUTPUT_RAW,0,0,0,0,0,0,0,0,1000,1000,1000,1000,0,0,0,0,0
2025-12-15 01:05:01.411,SERVO_OUTPUT_RAW,1856609838,SERVO_OUTPUT_RAW,0,0,0,0,0,0,0,0,1000,1000,1000,1000,0,0,0,0,0
2025-12-15 01:05:01.510,SERVO_OUTPUT_RAW,1856709779,SERVO_OUTPUT_RAW,0,0,0,0,0,0,0,0,1000,1000,1000,1000,0,0,0,0,0
2025-12-15 01:05:01.611,SERVO_OUTPUT_RAW,1856809813,SERVO_OUTPUT_RAW,0,0,0,0,0,0,0,0,1000,1000,1000,1000,0,0,0,0,0
2025-12-15 01:05:01.710,SERVO_OUTPUT_RAW,1856909815,SERVO_OUTPUT_RAW,0,0,0,0,0,0,0,0,1000,1000,1000,1000,0,0,0,0,0
2025-12-15 01:05:01.811,SERVO_OUTPUT_RAW,1857009776,SERVO_OUTPUT_RAW,0,0,0,0,0,0,0,0,1000,1000,1000,1000,0,0,0,0,0
2025-12-15 01:05:01.911,SERVO_OUTPUT_RAW,1857109775,SERVO_OUTPUT_RAW,0,0,0,0,0,0,0,0,1000,1000,1000,1000,0,0,0,0,0
2025-12-15 01:05:02.011,SERVO_OUTPUT_RAW,1857209785,SERVO_OUTPUT_RAW,0,0,0,0,0,0,0,0,1000,1000,1000,1000,0,0,0,0,0
2025-12-15 01:05:02.111,SERVO_OUTPUT_RAW,1857309873,SERVO_OUTPUT_RAW,0,0,0,0,0,0,0,0,1000,1000,1000,1000,0,0,0,0,0
2025-12-15 01:05:02.210,SERVO_OUTPUT_RAW,1857409797,SERVO_OUTPUT_RAW,0,0,0,0,0,0,0,0,1000,1000,1000,1000,0,0,0,0,0
2025-12-15 01:05:02.310,SERVO_OUTPUT_RAW,1857509789,SERVO_OUTPUT_RAW,0,0,0,0,0,0,0,0,1000,1000,1000,1000,0,0,0,0,0
2025-12-15 01:05:02.412,SERVO_OUTPUT_RAW,1857609835,SERVO_OUTPUT_RAW,0,0,0,0,0,0,0,0,1000,1000,1000,1000,0,0,0,0,0
2025-12-15 01:05:02.510,SERVO_OUTPUT_RAW,1857709861,SERVO_OUTPUT_RAW,0,0,0,0,0,0,0,0,1000,1000,1000,1000,0,0,0,0,0
2025-12-15 01:05:02.610,SERVO_OUTPUT_RAW,1857812139,SERVO_OUTPUT_RAW,0,0,0,0,0,0,0,0,1000,1000,1000,1000,0,0,0,0,0
2025-12-15 01:05:02.710,SERVO_OUTPUT_RAW,1857909900,SERVO_OUTPUT_RAW,0,0,0,0,0,0,0,0,1000,1000,1000,1000,0,0,0,0,0
2025-12-15 01:05:02.810,SERVO_OUTPUT_RAW,1858009814,SERVO_OUTPUT_RAW,0,0,0,0,0,0,0,0,1000,1000,1000,1000,0,0,0,0,0
2025-12-15 01:05:02.910,SERVO_OUTPUT_RAW,1858109835,SERVO_OUTPUT_RAW,0,0,0,0,0,0,0,0,1000,1000,1000,1000,0,0,0,0,0
2025-12-15 01:05:03.010,SERVO_OUTPUT_RAW,1858209781,SERVO_OUTPUT_RAW,0,0,0,0,0,0,0,0,1000,1000,1000,1000,0,0,0,0,0
2025-12-15 01:05:03.110,SERVO_OUTPUT_RAW,1858309790,SERVO_OUTPUT_RAW,0,0,0,0,0,0,0,0,1000,1000,1000,1000,0,0,0,0,0
2025-12-15 01:05:03.210,SERVO_OUTPUT_RAW,1858409816,SERVO_OUTPUT_RAW,0,0,0,0,0,0,0,0,1000,1000,1000,1000,0,0,0,0,0
2025-12-15 01:05:03.310,SERVO_OUTPUT_RAW,1858509813,SERVO_OUTPUT_RAW,0,0,0,0,0,0,0,0,1000,1000,1000,1000,0,0,0,0,0
2025-12-15 01:05:03.410,SERVO_OUTPUT_RAW,1858609776,SERVO_OUTPUT_RAW,0,0,0,0,0,0,0,0,1000,1000,1000,1000,0,0,0,0,0
2025-12-15 01:05:03.510,SERVO_OUTPUT_RAW,1858709806,SERVO_OUTPUT_RAW,0,0,0,0,0,0,0,0,1000,1000,1000,1000,0,0,0,0,0
2025-12-15 01:05:03.610,SERVO_OUTPUT_RAW,1858809786,SERVO_OUTPUT_RAW,0,0,0,0,0,0,0,0,1000,1000,1000,1000,0,0,0,0,0
2025-12-15 01:05:03.710,SERVO_OUTPUT_RAW,1858909804,SERVO_OUTPUT_RAW,0,0,0,0,0,0,0,0,1000,1000,1000,1000,0,0,0,0,0
2025-12-15 01:05:03.810,SERVO_OUTPUT_RAW,1859009791,SERVO_OUTPUT_RAW,0,0,0,0,0,0,0,0,1000,1000,1000,1000,0,0,0,0,0
2025-12-15 01:05:03.910,SERVO_OUTPUT_RAW,1859109795,SERVO_OUTPUT_RAW,0,0,0,0,0,0,0,0,1000,1000,1000,1000,0,0,0,0,0
2025-12-15 01:05:04.010,SERVO_OUTPUT_RAW,1859209848,SERVO_OUTPUT_RAW,0,0,0,0,0,0,0,0,1000,1000,1000,1000,0,0,0,0,0
2025-12-15 01:05:04.110,SERVO_OUTPUT_RAW,1859309857,SERVO_OUTPUT_RAW,0,0,0,0,0,0,0,0,1000,1000,1000,1000,0,0,0,0,0
2025-12-15 01:05:04.210,SERVO_OUTPUT_RAW,1859412140,SERVO_OUTPUT_RAW,0,0,0,0,0,0,0,0,1000,1000,1000,1000,0,0,0,0,0
2025-12-15 01:05:04.310,SERVO_OUTPUT_RAW,1859509809,SERVO_OUTPUT_RAW,0,0,0,0,0,0,0,0,1000,1000,1000,1000,0,0,0,0,0
2025-12-15 01:05:04.410,SERVO_OUTPUT_RAW,1859609842,SERVO_OUTPUT_RAW,0,0,0,0,0,0,0,0,1000,1000,1000,1000,0,0,0,0,0
2025-12-15 01:05:04.510,SERVO_OUTPUT_RAW,1859709844,SERVO_OUTPUT_RAW,0,0,0,0,0,0,0,0,1000,1000,1000,1000,0,0,0,0,0
2025-12-15 01:05:04.610,SERVO_OUTPUT_RAW,1859809781,SERVO_OUTPUT_RAW,0,0,0,0,0,0,0,0,1000,1000,1000,1000,0,0,0,0,0
2025-12-15 01:05:04.710,SERVO_OUTPUT_RAW,1859909800,SERVO_OUTPUT_RAW,0,0,0,0,0,0,0,0,1000,1000,1000,1000,0,0,0,0,0
2025-12-15 01:05:04.810,SERVO_OUTPUT_RAW,1860009820,SERVO_OUTPUT_RAW,0,0,0,0,0,0,0,0,1000,1000,1000,1000,0,0,0,0,0
2025-12-15 01:05:04.910,SERVO_OUTPUT_RAW,1860109782,SERVO_OUTPUT_RAW,0,0,0,0,0,0,0,0,1000,1000,1000,1000,0,0,0,0,0
2025-12-15 01:05:05.010,SERVO_OUTPUT_RAW,1860209789,SERVO_OUTPUT_RAW,0,0,0,0,0,0,0,0,1000,1000,1000,1000,0,0,0,0,0
2025-12-15 01:05:05.110,SERVO_OUTPUT_RAW,1860309787,SERVO_OUTPUT_RAW,0,0,0,0,0,0,0,0,1000,1000,1000,1000,0,0,0,0,0
2025-12-15 01:05:05.211,SERVO_OUTPUT_RAW,1860409790,SERVO_OUTPUT_RAW,0,0,0,0,0,0,0,0,1000,1000,1000,1000,0,0,0,0,0
2025-12-15 01:05:05.310,SERVO_OUTPUT_RAW,1860509798,SERVO_OUTPUT_RAW,0,0,0,0,0,0,0,0,1000,1000,1000,1000,0,0,0,0,0
2025-12-15 01:05:05.410,SERVO_OUTPUT_RAW,1860609811,SERVO_OUTPUT_RAW,0,0,0,0,0,0,0,0,1000,1000,1000,1000,0,0,0,0,0
2025-12-15 01:05:05.510,SERVO_OUTPUT_RAW,1860709839,SERVO_OUTPUT_RAW,0,0,0,0,0,0,0,0,1000,1000,1000,1000,0,0,0,0,0
2025-12-15 01:05:05.611,SERVO_OUTPUT_RAW,1860812138,SERVO_OUTPUT_RAW,0,0,0,0,0,0,0,0,1000,1000,1000,1000,0,0,0,0,0
2025-12-15 01:05:05.710,SERVO_OUTPUT_RAW,1860909811,SERVO_OUTPUT_RAW,0,0,0,0,0,0,0,0,1000,1000,1000,1000,0,0,0,0,0
2025-12-15 01:05:05.810,SERVO_OUTPUT_RAW,1861009789,SERVO_OUTPUT_RAW,0,0,0,0,0,0,0,0,1000,1000,1000,1000,0,0,0,0,0
2025-12-15 01:05:05.910,SERVO_OUTPUT_RAW,1861109815,SERVO_OUTPUT_RAW,0,0,0,0,0,0,0,0,1000,1000,1000,1000,0,0,0,0,0
2025-12-15 01:05:06.010,SERVO_OUTPUT_RAW,1861209844,SERVO_OUTPUT_RAW,0,0,0,0,0,0,0,0,1000,1000,1000,1000,0,0,0,0,0
2025-12-15 01:05:06.110,SERVO_OUTPUT_RAW,1861309800,SERVO_OUTPUT_RAW,0,0,0,0,0,0,0,0,1000,1000,1000,1000,0,0,0,0,0
2025-12-15 01:05:06.210,SERVO_OUTPUT_RAW,1861409794,SERVO_OUTPUT_RAW,0,0,0,0,0,0,0,0,1000,1000,1000,1000,0,0,0,0,0
2025-12-15 01:05:06.311,SERVO_OUTPUT_RAW,1861509927,SERVO_OUTPUT_RAW,0,0,0,0,0,0,0,0,1000,1000,1000,1000,0,0,0,0,0
2025-12-15 01:05:06.411,SERVO_OUTPUT_RAW,1861609826,SERVO_OUTPUT_RAW,0,0,0,0,0,0,0,0,1000,1000,1000,1000,0,0,0,0,0
2025-12-15 01:05:06.510,SERVO_OUTPUT_RAW,1861709792,SERVO_OUTPUT_RAW,0,0,0,0,0,0,0,0,1000,1000,1000,1000,0,0,0,0,0
2025-12-15 01:05:06.610,SERVO_OUTPUT_RAW,1861809803,SERVO_OUTPUT_RAW,0,0,0,0,0,0,0,0,1000,1000,1000,1000,0,0,0,0,0
2025-12-15 01:05:06.710,SERVO_OUTPUT_RAW,1861909796,SERVO_OUTPUT_RAW,0,0,0,0,0,0,0,0,1000,1000,1000,1000,0,0,0,0,0
2025-12-15 01:05:06.810,SERVO_OUTPUT_RAW,1862009792,SERVO_OUTPUT_RAW,0,0,0,0,0,0,0,0,1000,1000,1000,1000,0,0,0,0,0
2025-12-15 01:05:06.910,SERVO_OUTPUT_RAW,1862109792,SERVO_OUTPUT_RAW,0,0,0,0,0,0,0,0,1000,1000,1000,1000,0,0,0,0,0
2025-12-15 01:05:07.010,SERVO_OUTPUT_RAW,1862209822,SERVO_OUTPUT_RAW,0,0,0,0,0,0,0,0,1000,1000,1000,1000,0,0,0,0,0
2025-12-15 01:05:07.110,SERVO_OUTPUT_RAW,1862309836,SERVO_OUTPUT_RAW,0,0,0,0,0,0,0,0,1000,1000,1000,1000,0,0,0,0,0
2025-12-15 01:05:07.210,SERVO_OUTPUT_RAW,1862409843,SERVO_OUTPUT_RAW,0,0,0,0,0,0,0,0,1000,1000,1000,1000,0,0,0,0,0
2025-12-15 01:05:07.311,SERVO_OUTPUT_RAW,1862509802,SERVO_OUTPUT_RAW,0,0,0,0,0,0,0,0,1000,1000,1000,1000,0,0,0,0,0
2025-12-15 01:05:07.411,SERVO_OUTPUT_RAW,1862609803,SERVO_OUTPUT_RAW,0,0,0,0,0,0,0,0,1000,1000,1000,1000,0,0,0,0,0
2025-12-15 01:05:07.512,SERVO_OUTPUT_RAW,1862709840,SERVO_OUTPUT_RAW,0,0,0,0,0,0,0,0,1000,1000,1000,1000,0,0,0,0,0
2025-12-15 01:05:07.610,SERVO_OUTPUT_RAW,1862809855,SERVO_OUTPUT_RAW,0,0,0,0,0,0,0,0,1000,1000,1000,1000,0,0,0,0,0
2025-12-15 01:05:07.711,SERVO_OUTPUT_RAW,1862909784,SERVO_OUTPUT_RAW,0,0,0,0,0,0,0,0,1000,1000,1000,1000,0,0,0,0,0
2025-12-15 01:05:07.811,SERVO_OUTPUT_RAW,1863009801,SERVO_OUTPUT_RAW,0,0,0,0,0,0,0,0,1000,1000,1000,1000,0,0,0,0,0
2025-12-15 01:05:07.910,SERVO_OUTPUT_RAW,1863109820,SERVO_OUTPUT_RAW,0,0,0,0,0,0,0,0,1000,1000,1000,1000,0,0,0,0,0
2025-12-15 01:05:08.010,SERVO_OUTPUT_RAW,1863209827,SERVO_OUTPUT_RAW,0,0,0,0,0,0,0,0,1000,1000,1000,1000,0,0,0,0,0
2025-12-15 01:05:08.110,SERVO_OUTPUT_RAW,1863309785,SERVO_OUTPUT_RAW,0,0,0,0,0,0,0,0,1000,1000,1000,1000,0,0,0,0,0
2025-12-15 01:05:08.210,SERVO_OUTPUT_RAW,1863409780,SERVO_OUTPUT_RAW,0,0,0,0,0,0,0,0,1000,1000,1000,1000,0,0,0,0,0
2025-12-15 01:05:08.311,SERVO_OUTPUT_RAW,1863509776,SERVO_OUTPUT_RAW,0,0,0,0,0,0,0,0,1000,1000,1000,1000,0,0,0,0,0
2025-12-15 01:05:08.411,SERVO_OUTPUT_RAW,1863609840,SERVO_OUTPUT_RAW,0,0,0,0,0,0,0,0,1000,1000,1000,1000,0,0,0,0,0
2025-12-15 01:05:08.510,SERVO_OUTPUT_RAW,1863709811,SERVO_OUTPUT_RAW,0,0,0,0,0,0,0,0,1000,1000,1000,1000,0,0,0,0,0
2025-12-15 01:05:08.610,SERVO_OUTPUT_RAW,1863809820,SERVO_OUTPUT_RAW,0,0,0,0,0,0,0,0,1000,1000,1000,1000,0,0,0,0,0
2025-12-15 01:05:08.710,SERVO_OUTPUT_RAW,1863909774,SERVO_OUTPUT_RAW,0,0,0,0,0,0,0,0,1000,1000,1000,1000,0,0,0,0,0
2025-12-15 01:05:08.810,SERVO_OUTPUT_RAW,1864009816,SERVO_OUTPUT_RAW,0,0,0,0,0,0,0,0,1000,1000,1000,1000,0,0,0,0,0
2025-12-15 01:05:08.911,SERVO_OUTPUT_RAW,1864109816,SERVO_OUTPUT_RAW,0,0,0,0,0,0,0,0,1000,1000,1000,1000,0,0,0,0,0
2025-12-15 01:05:09.010,SERVO_OUTPUT_RAW,1864209845,SERVO_OUTPUT_RAW,0,0,0,0,0,0,0,0,1000,1000,1000,1000,0,0,0,0,0
2025-12-15 01:05:09.111,SERVO_OUTPUT_RAW,1864309852,SERVO_OUTPUT_RAW,0,0,0,0,0,0,0,0,1000,1000,1000,1000,0,0,0,0,0
2025-12-15 01:05:09.211,SERVO_OUTPUT_RAW,1864409845,SERVO_OUTPUT_RAW,0,0,0,0,0,0,0,0,1000,1000,1000,1000,0,0,0,0,0
2025-12-15 01:05:09.311,SERVO_OUTPUT_RAW,1864509778,SERVO_OUTPUT_RAW,0,0,0,0,0,0,0,0,1000,1000,1000,1000,0,0,0,0,0
2025-12-15 01:05:09.411,SERVO_OUTPUT_RAW,1864609819,SERVO_OUTPUT_RAW,0,0,0,0,0,0,0,0,1000,1000,1000,1000,0,0,0,0,0
2025-12-15 01:05:09.511,SERVO_OUTPUT_RAW,1864709846,SERVO_OUTPUT_RAW,0,0,0,0,0,0,0,0,1000,1000,1000,1000,0,0,0,0,0
2025-12-15 01:05:09.611,SERVO_OUTPUT_RAW,1864809779,SERVO_OUTPUT_RAW,0,0,0,0,0,0,0,0,1000,1000,1000,1000,0,0,0,0,0
2025-12-15 01:05:09.711,SERVO_OUTPUT_RAW,1864909786,SERVO_OUTPUT_RAW,0,0,0,0,0,0,0,0,1000,1000,1000,1000,0,0,0,0,0
2025-12-15 01:05:09.811,SERVO_OUTPUT_RAW,1865009817,SERVO_OUTPUT_RAW,0,0,0,0,0,0,0,0,1000,1000,1000,1000,0,0,0,0,0
2025-12-15 01:05:09.968,SERVO_OUTPUT_RAW,1865109786,SERVO_OUTPUT_RAW,0,0,0,0,0,0,0,0,1000,1000,1000,1000,0,0,0,0,0
2025-12-15 01:05:10.011,SERVO_OUTPUT_RAW,1865209798,SERVO_OUTPUT_RAW,0,0,0,0,0,0,0,0,1000,1000,1000,1000,0,0,0,0,0
2025-12-15 01:05:10.111,SERVO_OUTPUT_RAW,1865309798,SERVO_OUTPUT_RAW,0,0,0,0,0,0,0,0,1000,1000,1000,1000,0,0,0,0,0
2025-12-15 01:05:10.211,SERVO_OUTPUT_RAW,1865409823,SERVO_OUTPUT_RAW,0,0,0,0,0,0,0,0,1000,1000,1000,1000,0,0,0,0,0
2025-12-15 01:05:10.311,SERVO_OUTPUT_RAW,1865509829,SERVO_OUTPUT_RAW,0,0,0,0,0,0,0,0,1000,1000,1000,1000,0,0,0,0,0
2025-12-15 01:05:10.411,SERVO_OUTPUT_RAW,1865609795,SERVO_OUTPUT_RAW,0,0,0,0,0,0,0,0,1000,1000,1000,1000,0,0,0,0,0
2025-12-15 01:05:10.511,SERVO_OUTPUT_RAW,1865712103,SERVO_OUTPUT_RAW,0,0,0,0,0,0,0,0,1000,1000,1000,1000,0,0,0,0,0
2025-12-15 01:05:10.611,SERVO_OUTPUT_RAW,1865809814,SERVO_OUTPUT_RAW,0,0,0,0,0,0,0,0,1000,1000,1000,1000,0,0,0,0,0
2025-12-15 01:05:10.711,SERVO_OUTPUT_RAW,1865909845,SERVO_OUTPUT_RAW,0,0,0,0,0,0,0,0,1000,1000,1000,1000,0,0,0,0,0
2025-12-15 01:05:10.811,SERVO_OUTPUT_RAW,1866009852,SERVO_OUTPUT_RAW,0,0,0,0,0,0,0,0,1000,1000,1000,1000,0,0,0,0,0
2025-12-15 01:05:10.911,SERVO_OUTPUT_RAW,1866109789,SERVO_OUTPUT_RAW,0,0,0,0,0,0,0,0,1000,1000,1000,1000,0,0,0,0,0
2025-12-15 01:05:11.011,SERVO_OUTPUT_RAW,1866209825,SERVO_OUTPUT_RAW,0,0,0,0,0,0,0,0,1000,1000,1000,1000,0,0,0,0,0
2025-12-15 01:05:11.111,SERVO_OUTPUT_RAW,1866309822,SERVO_OUTPUT_RAW,0,0,0,0,0,0,0,0,1000,1000,1000,1000,0,0,0,0,0
2025-12-15 01:05:11.211,SERVO_OUTPUT_RAW,1866409781,SERVO_OUTPUT_RAW,0,0,0,0,0,0,0,0,1000,1000,1000,1000,0,0,0,0,0
2025-12-15 01:05:11.311,SERVO_OUTPUT_RAW,1866509789,SERVO_OUTPUT_RAW,0,0,0,0,0,0,0,0,1000,1000,1000,1000,0,0,0,0,0
2025-12-15 01:05:11.411,SERVO_OUTPUT_RAW,1866609796,SERVO_OUTPUT_RAW,0,0,0,0,0,0,0,0,1000,1000,1000,1000,0,0,0,0,0
2025-12-15 01:05:11.511,SERVO_OUTPUT_RAW,1866709792,SERVO_OUTPUT_RAW,0,0,0,0,0,0,0,0,1000,1000,1000,1000,0,0,0,0,0
2025-12-15 01:05:11.611,SERVO_OUTPUT_RAW,1866809803,SERVO_OUTPUT_RAW,0,0,0,0,0,0,0,0,1000,1000,1000,1000,0,0,0,0,0
2025-12-15 01:05:11.710,SERVO_OUTPUT_RAW,1866909788,SERVO_OUTPUT_RAW,0,0,0,0,0,0,0,0,1000,1000,1000,1000,0,0,0,0,0
2025-12-15 01:05:11.810,SERVO_OUTPUT_RAW,1867009825,SERVO_OUTPUT_RAW,0,0,0,0,0,0,0,0,1000,1000,1000,1000,0,0,0,0,0
2025-12-15 01:05:11.910,SERVO_OUTPUT_RAW,1867109782,SERVO_OUTPUT_RAW,0,0,0,0,0,0,0,0,1000,1000,1000,1000,0,0,0,0,0
2025-12-15 01:05:12.010,SERVO_OUTPUT_RAW,1867209806,SERVO_OUTPUT_RAW,0,0,0,0,0,0,0,0,1000,1000,1000,1000,0,0,0,0,0
2025-12-15 01:05:12.111,SERVO_OUTPUT_RAW,1867309825,SERVO_OUTPUT_RAW,0,0,0,0,0,0,0,0,1000,1000,1000,1000,0,0,0,0,0
2025-12-15 01:05:12.211,SERVO_OUTPUT_RAW,1867409843,SERVO_OUTPUT_RAW,0,0,0,0,0,0,0,0,1000,1000,1000,1000,0,0,0,0,0
2025-12-15 01:05:12.311,SERVO_OUTPUT_RAW,1867509846,SERVO_OUTPUT_RAW,0,0,0,0,0,0,0,0,1000,1000,1000,1000,0,0,0,0,0
2025-12-15 01:05:12.412,SERVO_OUTPUT_RAW,1867609877,SERVO_OUTPUT_RAW,0,0,0,0,0,0,0,0,1000,1000,1000,1000,0,0,0,0,0
2025-12-15 01:05:12.511,SERVO_OUTPUT_RAW,1867709814,SERVO_OUTPUT_RAW,0,0,0,0,0,0,0,0,1000,1000,1000,1000,0,0,0,0,0
2025-12-15 01:05:12.610,SERVO_OUTPUT_RAW,1867809924,SERVO_OUTPUT_RAW,0,0,0,0,0,0,0,0,1000,1000,1000,1000,0,0,0,0,0
2025-12-15 01:05:12.710,SERVO_OUTPUT_RAW,1867909831,SERVO_OUTPUT_RAW,0,0,0,0,0,0,0,0,1000,1000,1000,1000,0,0,0,0,0
2025-12-15 01:05:12.811,SERVO_OUTPUT_RAW,1868009776,SERVO_OUTPUT_RAW,0,0,0,0,0,0,0,0,1000,1000,1000,1000,0,0,0,0,0
2025-12-15 01:05:12.910,SERVO_OUTPUT_RAW,1868109790,SERVO_OUTPUT_RAW,0,0,0,0,0,0,0,0,1000,1000,1000,1000,0,0,0,0,0
2025-12-15 01:05:13.010,SERVO_OUTPUT_RAW,1868209801,SERVO_OUTPUT_RAW,0,0,0,0,0,0,0,0,1000,1000,1000,1000,0,0,0,0,0
2025-12-15 01:05:13.110,SERVO_OUTPUT_RAW,1868309779,SERVO_OUTPUT_RAW,0,0,0,0,0,0,0,0,1000,1000,1000,1000,0,0,0,0,0
2025-12-15 01:05:13.210,SERVO_OUTPUT_RAW,1868409790,SERVO_OUTPUT_RAW,0,0,0,0,0,0,0,0,1000,1000,1000,1000,0,0,0,0,0
2025-12-15 01:05:13.310,SERVO_OUTPUT_RAW,1868509793,SERVO_OUTPUT_RAW,0,0,0,0,0,0,0,0,1000,1000,1000,1000,0,0,0,0,0
2025-12-15 01:05:13.410,SERVO_OUTPUT_RAW,1868609862,SERVO_OUTPUT_RAW,0,0,0,0,0,0,0,0,1000,1000,1000,1000,0,0,0,0,0
2025-12-15 01:05:13.510,SERVO_OUTPUT_RAW,1868709818,SERVO_OUTPUT_RAW,0,0,0,0,0,0,0,0,1000,1000,1000,1000,0,0,0,0,0
2025-12-15 01:05:13.610,SERVO_OUTPUT_RAW,1868809790,SERVO_OUTPUT_RAW,0,0,0,0,0,0,0,0,1000,1000,1000,1000,0,0,0,0,0
2025-12-15 01:05:13.710,SERVO_OUTPUT_RAW,1868909822,SERVO_OUTPUT_RAW,0,0,0,0,0,0,0,0,1000,1000,1000,1000,0,0,0,0,0
2025-12-15 01:05:13.810,SERVO_OUTPUT_RAW,1869009840,SERVO_OUTPUT_RAW,0,0,0,0,0,0,0,0,1000,1000,1000,1000,0,0,0,0,0
2025-12-15 01:05:13.910,SERVO_OUTPUT_RAW,1869109831,SERVO_OUTPUT_RAW,0,0,0,0,0,0,0,0,1000,1000,1000,1000,0,0,0,0,0
2025-12-15 01:05:14.010,SERVO_OUTPUT_RAW,1869209797,SERVO_OUTPUT_RAW,0,0,0,0,0,0,0,0,1000,1000,1000,1000,0,0,0,0,0
2025-12-15 01:05:14.110,SERVO_OUTPUT_RAW,1869309818,SERVO_OUTPUT_RAW,0,0,0,0,0,0,0,0,1000,1000,1000,1000,0,0,0,0,0
2025-12-15 01:05:14.210,SERVO_OUTPUT_RAW,1869409819,SERVO_OUTPUT_RAW,0,0,0,0,0,0,0,0,1000,1000,1000,1000,0,0,0,0,0
2025-12-15 01:05:14.310,SERVO_OUTPUT_RAW,1869509834,SERVO_OUTPUT_RAW,0,0,0,0,0,0,0,0,1000,1000,1000,1000,0,0,0,0,0
2025-12-15 01:05:14.410,SERVO_OUTPUT_RAW,1869609778,SERVO_OUTPUT_RAW,0,0,0,0,0,0,0,0,1000,1000,1000,1000,0,0,0,0,0
2025-12-15 01:05:14.510,SERVO_OUTPUT_RAW,1869709795,SERVO_OUTPUT_RAW,0,0,0,0,0,0,0,0,1000,1000,1000,1000,0,0,0,0,0
2025-12-15 01:05:14.610,SERVO_OUTPUT_RAW,1869809793,SERVO_OUTPUT_RAW,0,0,0,0,0,0,0,0,1000,1000,1000,1000,0,0,0,0,0
2025-12-15 01:05:14.710,SERVO_OUTPUT_RAW,1869909862,SERVO_OUTPUT_RAW,0,0,0,0,0,0,0,0,1000,1000,1000,1000,0,0,0,0,0
2025-12-15 01:05:14.810,SERVO_OUTPUT_RAW,1870009785,SERVO_OUTPUT_RAW,0,0,0,0,0,0,0,0,1000,1000,1000,1000,0,0,0,0,0
2025-12-15 01:05:14.910,SERVO_OUTPUT_RAW,1870109823,SERVO_OUTPUT_RAW,0,0,0,0,0,0,0,0,1000,1000,1000,1000,0,0,0,0,0
2025-12-15 01:05:15.011,SERVO_OUTPUT_RAW,1870209848,SERVO_OUTPUT_RAW,0,0,0,0,0,0,0,0,1000,1000,1000,1000,0,0,0,0,0
2025-12-15 01:05:15.110,SERVO_OUTPUT_RAW,1870309805,SERVO_OUTPUT_RAW,0,0,0,0,0,0,0,0,1000,1000,1000,1000,0,0,0,0,0
2025-12-15 01:05:15.210,SERVO_OUTPUT_RAW,1870409842,SERVO_OUTPUT_RAW,0,0,0,0,0,0,0,0,1000,1000,1000,1000,0,0,0,0,0
2025-12-15 01:05:15.310,SERVO_OUTPUT_RAW,1870509853,SERVO_OUTPUT_RAW,0,0,0,0,0,0,0,0,1000,1000,1000,1000,0,0,0,0,0
2025-12-15 01:05:15.410,SERVO_OUTPUT_RAW,1870609845,SERVO_OUTPUT_RAW,0,0,0,0,0,0,0,0,1000,1000,1000,1000,0,0,0,0,0
2025-12-15 01:05:15.510,SERVO_OUTPUT_RAW,1870709832,SERVO_OUTPUT_RAW,0,0,0,0,0,0,0,0,1000,1000,1000,1000,0,0,0,0,0
2025-12-15 01:05:15.611,SERVO_OUTPUT_RAW,1870809805,SERVO_OUTPUT_RAW,0,0,0,0,0,0,0,0,1000,1000,1000,1000,0,0,0,0,0
2025-12-15 01:05:15.710,SERVO_OUTPUT_RAW,1870909821,SERVO_OUTPUT_RAW,0,0,0,0,0,0,0,0,1000,1000,1000,1000,0,0,0,0,0
2025-12-15 01:05:15.810,SERVO_OUTPUT_RAW,1871009806,SERVO_OUTPUT_RAW,0,0,0,0,0,0,0,0,1000,1000,1000,1000,0,0,0,0,0
2025-12-15 01:05:15.910,SERVO_OUTPUT_RAW,1871109782,SERVO_OUTPUT_RAW,0,0,0,0,0,0,0,0,1000,1000,1000,1000,0,0,0,0,0
2025-12-15 01:05:16.010,SERVO_OUTPUT_RAW,1871209792,SERVO_OUTPUT_RAW,0,0,0,0,0,0,0,0,1000,1000,1000,1000,0,0,0,0,0
2025-12-15 01:05:16.111,SERVO_OUTPUT_RAW,1871309792,SERVO_OUTPUT_RAW,0,0,0,0,0,0,0,0,1000,1000,1000,1000,0,0,0,0,0
2025-12-15 01:05:16.210,SERVO_OUTPUT_RAW,1871409782,SERVO_OUTPUT_RAW,0,0,0,0,0,0,0,0,1000,1000,1000,1000,0,0,0,0,0
2025-12-15 01:05:16.310,SERVO_OUTPUT_RAW,1871509793,SERVO_OUTPUT_RAW,0,0,0,0,0,0,0,0,1000,1000,1000,1000,0,0,0,0,0
2025-12-15 01:05:16.410,SERVO_OUTPUT_RAW,1871609824,SERVO_OUTPUT_RAW,0,0,0,0,0,0,0,0,1000,1000,1000,1000,0,0,0,0,0
2025-12-15 01:05:16.510,SERVO_OUTPUT_RAW,1871709842,SERVO_OUTPUT_RAW,0,0,0,0,0,0,0,0,1000,1000,1000,1000,0,0,0,0,0
2025-12-15 01:05:16.610,SERVO_OUTPUT_RAW,1871809808,SERVO_OUTPUT_RAW,0,0,0,0,0,0,0,0,1000,1000,1000,1000,0,0,0,0,0
2025-12-15 01:05:16.710,SERVO_OUTPUT_RAW,1871909815,SERVO_OUTPUT_RAW,0,0,0,0,0,0,0,0,1000,1000,1000,1000,0,0,0,0,0
2025-12-15 01:05:16.811,SERVO_OUTPUT_RAW,1872012119,SERVO_OUTPUT_RAW,0,0,0,0,0,0,0,0,1000,1000,1000,1000,0,0,0,0,0
2025-12-15 01:05:16.911,SERVO_OUTPUT_RAW,1872109850,SERVO_OUTPUT_RAW,0,0,0,0,0,0,0,0,1000,1000,1000,1000,0,0,0,0,0
2025-12-15 01:05:17.011,SERVO_OUTPUT_RAW,1872209870,SERVO_OUTPUT_RAW,0,0,0,0,0,0,0,0,1000,1000,1000,1000,0,0,0,0,0
2025-12-15 01:05:17.111,SERVO_OUTPUT_RAW,1872309778,SERVO_OUTPUT_RAW,0,0,0,0,0,0,0,0,1000,1000,1000,1000,0,0,0,0,0
2025-12-15 01:05:17.211,SERVO_OUTPUT_RAW,1872409798,SERVO_OUTPUT_RAW,0,0,0,0,0,0,0,0,1000,1000,1000,1000,0,0,0,0,0
2025-12-15 01:05:17.311,SERVO_OUTPUT_RAW,1872509813,SERVO_OUTPUT_RAW,0,0,0,0,0,0,0,0,1000,1000,1000,1000,0,0,0,0,0
2025-12-15 01:05:17.412,SERVO_OUTPUT_RAW,1872609778,SERVO_OUTPUT_RAW,0,0,0,0,0,0,0,0,1000,1000,1000,1000,0,0,0,0,0
2025-12-15 01:05:17.511,SERVO_OUTPUT_RAW,1872709782,SERVO_OUTPUT_RAW,0,0,0,0,0,0,0,0,1000,1000,1000,1000,0,0,0,0,0
2025-12-15 01:05:17.611,SERVO_OUTPUT_RAW,1872809802,SERVO_OUTPUT_RAW,0,0,0,0,0,0,0,0,1000,1000,1000,1000,0,0,0,0,0
2025-12-15 01:05:17.711,SERVO_OUTPUT_RAW,1872909786,SERVO_OUTPUT_RAW,0,0,0,0,0,0,0,0,1000,1000,1000,1000,0,0,0,0,0
2025-12-15 01:05:17.811,SERVO_OUTPUT_RAW,1873012129,SERVO_OUTPUT_RAW,0,0,0,0,0,0,0,0,1000,1000,1000,1000,0,0,0,0,0
2025-12-15 01:05:17.911,SERVO_OUTPUT_RAW,1873109818,SERVO_OUTPUT_RAW,0,0,0,0,0,0,0,0,1000,1000,1000,1000,0,0,0,0,0
2025-12-15 01:05:18.011,SERVO_OUTPUT_RAW,1873209833,SERVO_OUTPUT_RAW,0,0,0,0,0,0,0,0,1000,1000,1000,1000,0,0,0,0,0
2025-12-15 01:05:18.111,SERVO_OUTPUT_RAW,1873309840,SERVO_OUTPUT_RAW,0,0,0,0,0,0,0,0,1000,1000,1000,1000,0,0,0,0,0
2025-12-15 01:05:18.211,SERVO_OUTPUT_RAW,1873409875,SERVO_OUTPUT_RAW,0,0,0,0,0,0,0,0,1000,1000,1000,1000,0,0,0,0,0
2025-12-15 01:05:18.311,SERVO_OUTPUT_RAW,1873509803,SERVO_OUTPUT_RAW,0,0,0,0,0,0,0,0,1000,1000,1000,1000,0,0,0,0,0
2025-12-15 01:05:18.411,SERVO_OUTPUT_RAW,1873609824,SERVO_OUTPUT_RAW,0,0,0,0,0,0,0,0,1000,1000,1000,1000,0,0,0,0,0
2025-12-15 01:05:18.511,SERVO_OUTPUT_RAW,1873709848,SERVO_OUTPUT_RAW,0,0,0,0,0,0,0,0,1000,1000,1000,1000,0,0,0,0,0
2025-12-15 01:05:18.611,SERVO_OUTPUT_RAW,1873809862,SERVO_OUTPUT_RAW,0,0,0,0,0,0,0,0,1000,1000,1000,1000,0,0,0,0,0
2025-12-15 01:05:18.711,SERVO_OUTPUT_RAW,1873909785,SERVO_OUTPUT_RAW,0,0,0,0,0,0,0,0,1000,1000,1000,1000,0,0,0,0,0
2025-12-15 01:05:18.811,SERVO_OUTPUT_RAW,1874009822,SERVO_OUTPUT_RAW,0,0,0,0,0,0,0,0,1000,1000,1000,1000,0,0,0,0,0
2025-12-15 01:05:18.911,SERVO_OUTPUT_RAW,1874109881,SERVO_OUTPUT_RAW,0,0,0,0,0,0,0,0,1000,1000,1000,1000,0,0,0,0,0
2025-12-15 01:05:19.011,SERVO_OUTPUT_RAW,1874209777,SERVO_OUTPUT_RAW,0,0,0,0,0,0,0,0,1000,1000,1000,1000,0,0,0,0,0
2025-12-15 01:05:19.111,SERVO_OUTPUT_RAW,1874309785,SERVO_OUTPUT_RAW,0,0,0,0,0,0,0,0,1000,1000,1000,1000,0,0,0,0,0
2025-12-15 01:05:19.211,SERVO_OUTPUT_RAW,1874409802,SERVO_OUTPUT_RAW,0,0,0,0,0,0,0,0,1000,1000,1000,1000,0,0,0,0,0
2025-12-15 01:05:19.311,SERVO_OUTPUT_RAW,1874509784,SERVO_OUTPUT_RAW,0,0,0,0,0,0,0,0,1000,1000,1000,1000,0,0,0,0,0
2025-12-15 01:05:19.411,SERVO_OUTPUT_RAW,1874609790,SERVO_OUTPUT_RAW,0,0,0,0,0,0,0,0,1000,1000,1000,1000,0,0,0,0,0
2025-12-15 01:05:19.511,SERVO_OUTPUT_RAW,1874709818,SERVO_OUTPUT_RAW,0,0,0,0,0,0,0,0,1000,1000,1000,1000,0,0,0,0,0
2025-12-15 01:05:19.611,SERVO_OUTPUT_RAW,1874809819,SERVO_OUTPUT_RAW,0,0,0,0,0,0,0,0,1000,1000,1000,1000,0,0,0,0,0
2025-12-15 01:05:19.711,SERVO_OUTPUT_RAW,1874912136,SERVO_OUTPUT_RAW,0,0,0,0,0,0,0,0,1000,1000,1000,1000,0,0,0,0,0
2025-12-15 01:05:19.811,SERVO_OUTPUT_RAW,1875009803,SERVO_OUTPUT_RAW,0,0,0,0,0,0,0,0,1000,1000,1000,1000,0,0,0,0,0
2025-12-15 01:05:19.912,SERVO_OUTPUT_RAW,1875109818,SERVO_OUTPUT_RAW,0,0,0,0,0,0,0,0,1000,1000,1000,1000,0,0,0,0,0
2025-12-15 01:05:20.011,SERVO_OUTPUT_RAW,1875209855,SERVO_OUTPUT_RAW,0,0,0,0,0,0,0,0,1000,1000,1000,1000,0,0,0,0,0
2025-12-15 01:05:20.112,SERVO_OUTPUT_RAW,1875309853,SERVO_OUTPUT_RAW,0,0,0,0,0,0,0,0,1000,1000,1000,1000,0,0,0,0,0
2025-12-15 01:05:20.212,SERVO_OUTPUT_RAW,1875409784,SERVO_OUTPUT_RAW,0,0,0,0,0,0,0,0,1000,1000,1000,1000,0,0,0,0,0
2025-12-15 01:05:20.311,SERVO_OUTPUT_RAW,1875509786,SERVO_OUTPUT_RAW,0,0,0,0,0,0,0,0,1000,1000,1000,1000,0,0,0,0,0
2025-12-15 01:05:20.411,SERVO_OUTPUT_RAW,1875609822,SERVO_OUTPUT_RAW,0,0,0,0,0,0,0,0,1000,1000,1000,1000,0,0,0,0,0
2025-12-15 01:05:20.511,SERVO_OUTPUT_RAW,1875709843,SERVO_OUTPUT_RAW,0,0,0,0,0,0,0,0,1000,1000,1000,1000,0,0,0,0,0
2025-12-15 01:05:20.611,SERVO_OUTPUT_RAW,1875809789,SERVO_OUTPUT_RAW,0,0,0,0,0,0,0,0,1000,1000,1000,1000,0,0,0,0,0
2025-12-15 01:05:20.711,SERVO_OUTPUT_RAW,1875909779,SERVO_OUTPUT_RAW,0,0,0,0,0,0,0,0,1000,1000,1000,1000,0,0,0,0,0
2025-12-15 01:05:20.811,SERVO_OUTPUT_RAW,1876009789,SERVO_OUTPUT_RAW,0,0,0,0,0,0,0,0,1000,1000,1000,1000,0,0,0,0,0
2025-12-15 01:05:20.911,SERVO_OUTPUT_RAW,1876109777,SERVO_OUTPUT_RAW,0,0,0,0,0,0,0,0,1000,1000,1000,1000,0,0,0,0,0
2025-12-15 01:05:21.011,SERVO_OUTPUT_RAW,1876212136,SERVO_OUTPUT_RAW,0,0,0,0,0,0,0,0,1000,1000,1000,1000,0,0,0,0,0
2025-12-15 01:05:21.111,SERVO_OUTPUT_RAW,1876309838,SERVO_OUTPUT_RAW,0,0,0,0,0,0,0,0,1000,1000,1000,1000,0,0,0,0,0
2025-12-15 01:05:21.211,SERVO_OUTPUT_RAW,1876409833,SERVO_OUTPUT_RAW,0,0,0,0,0,0,0,0,1000,1000,1000,1000,0,0,0,0,0
2025-12-15 01:05:21.311,SERVO_OUTPUT_RAW,1876509848,SERVO_OUTPUT_RAW,0,0,0,0,0,0,0,0,1000,1000,1000,1000,0,0,0,0,0
2025-12-15 01:05:21.412,SERVO_OUTPUT_RAW,1876609826,SERVO_OUTPUT_RAW,0,0,0,0,0,0,0,0,1000,1000,1000,1000,0,0,0,0,0
2025-12-15 01:05:21.512,SERVO_OUTPUT_RAW,1876709837,SERVO_OUTPUT_RAW,0,0,0,0,0,0,0,0,1000,1000,1000,1000,0,0,0,0,0
2025-12-15 01:05:21.611,SERVO_OUTPUT_RAW,1876809847,SERVO_OUTPUT_RAW,0,0,0,0,0,0,0,0,1000,1000,1000,1000,0,0,0,0,0
2025-12-15 01:05:21.710,SERVO_OUTPUT_RAW,1876909799,SERVO_OUTPUT_RAW,0,0,0,0,0,0,0,0,1000,1000,1000,1000,0,0,0,0,0
2025-12-15 01:05:21.812,SERVO_OUTPUT_RAW,1877009781,SERVO_OUTPUT_RAW,0,0,0,0,0,0,0,0,1000,1000,1000,1000,0,0,0,0,0
2025-12-15 01:05:21.911,SERVO_OUTPUT_RAW,1877109809,SERVO_OUTPUT_RAW,0,0,0,0,0,0,0,0,1000,1000,1000,1000,0,0,0,0,0
2025-12-15 01:05:22.011,SERVO_OUTPUT_RAW,1877209808,SERVO_OUTPUT_RAW,0,0,0,0,0,0,0,0,1000,1000,1000,1000,0,0,0,0,0
2025-12-15 01:05:22.112,SERVO_OUTPUT_RAW,1877309827,SERVO_OUTPUT_RAW,0,0,0,0,0,0,0,0,1000,1000,1000,1000,0,0,0,0,0
2025-12-15 01:05:22.212,SERVO_OUTPUT_RAW,1877409900,SERVO_OUTPUT_RAW,0,0,0,0,0,0,0,0,1000,1000,1000,1000,0,0,0,0,0
2025-12-15 01:05:22.310,SERVO_OUTPUT_RAW,1877509793,SERVO_OUTPUT_RAW,0,0,0,0,0,0,0,0,1000,1000,1000,1000,0,0,0,0,0
2025-12-15 01:05:22.410,SERVO_OUTPUT_RAW,1877609810,SERVO_OUTPUT_RAW,0,0,0,0,0,0,0,0,1000,1000,1000,1000,0,0,0,0,0
2025-12-15 01:05:22.511,SERVO_OUTPUT_RAW,1877709789,SERVO_OUTPUT_RAW,0,0,0,0,0,0,0,0,1000,1000,1000,1000,0,0,0,0,0
2025-12-15 01:05:22.611,SERVO_OUTPUT_RAW,1877809783,SERVO_OUTPUT_RAW,0,0,0,0,0,0,0,0,1000,1000,1000,1000,0,0,0,0,0
2025-12-15 01:05:22.710,SERVO_OUTPUT_RAW,1877909833,SERVO_OUTPUT_RAW,0,0,0,0,0,0,0,0,1000,1000,1000,1000,0,0,0,0,0
2025-12-15 01:05:22.810,SERVO_OUTPUT_RAW,1878009795,SERVO_OUTPUT_RAW,0,0,0,0,0,0,0,0,1000,1000,1000,1000,0,0,0,0,0
2025-12-15 01:05:22.910,SERVO_OUTPUT_RAW,1878109851,SERVO_OUTPUT_RAW,0,0,0,0,0,0,0,0,1000,1000,1000,1000,0,0,0,0,0
2025-12-15 01:05:23.010,SERVO_OUTPUT_RAW,1878209795,SERVO_OUTPUT_RAW,0,0,0,0,0,0,0,0,1000,1000,1000,1000,0,0,0,0,0
2025-12-15 01:05:23.110,SERVO_OUTPUT_RAW,1878312074,SERVO_OUTPUT_RAW,0,0,0,0,0,0,0,0,1000,1000,1000,1000,0,0,0,0,0
2025-12-15 01:05:23.210,SERVO_OUTPUT_RAW,1878409839,SERVO_OUTPUT_RAW,0,0,0,0,0,0,0,0,1000,1000,1000,1000,0,0,0,0,0
2025-12-15 01:05:23.311,SERVO_OUTPUT_RAW,1878509815,SERVO_OUTPUT_RAW,0,0,0,0,0,0,0,0,1000,1000,1000,1000,0,0,0,0,0
2025-12-15 01:05:23.410,SERVO_OUTPUT_RAW,1878609813,SERVO_OUTPUT_RAW,0,0,0,0,0,0,0,0,1000,1000,1000,1000,0,0,0,0,0
2025-12-15 01:05:23.510,SERVO_OUTPUT_RAW,1878709867,SERVO_OUTPUT_RAW,0,0,0,0,0,0,0,0,1000,1000,1000,1000,0,0,0,0,0
2025-12-15 01:05:23.610,SERVO_OUTPUT_RAW,1878809785,SERVO_OUTPUT_RAW,0,0,0,0,0,0,0,0,1000,1000,1000,1000,0,0,0,0,0
2025-12-15 01:05:23.710,SERVO_OUTPUT_RAW,1878909783,SERVO_OUTPUT_RAW,0,0,0,0,0,0,0,0,1000,1000,1000,1000,0,0,0,0,0
2025-12-15 01:05:23.811,SERVO_OUTPUT_RAW,1879009789,SERVO_OUTPUT_RAW,0,0,0,0,0,0,0,0,1000,1000,1000,1000,0,0,0,0,0
2025-12-15 01:05:23.910,SERVO_OUTPUT_RAW,1879109798,SERVO_OUTPUT_RAW,0,0,0,0,0,0,0,0,1000,1000,1000,1000,0,0,0,0,0
2025-12-15 01:05:24.010,SERVO_OUTPUT_RAW,1879209792,SERVO_OUTPUT_RAW,0,0,0,0,0,0,0,0,1000,1000,1000,1000,0,0,0,0,0
2025-12-15 01:05:24.110,SERVO_OUTPUT_RAW,1879309784,SERVO_OUTPUT_RAW,0,0,0,0,0,0,0,0,1000,1000,1000,1000,0,0,0,0,0
2025-12-15 01:05:24.211,SERVO_OUTPUT_RAW,1879409819,SERVO_OUTPUT_RAW,0,0,0,0,0,0,0,0,1000,1000,1000,1000,0,0,0,0,0
2025-12-15 01:05:24.311,SERVO_OUTPUT_RAW,1879509830,SERVO_OUTPUT_RAW,0,0,0,0,0,0,0,0,1000,1000,1000,1000,0,0,0,0,0
2025-12-15 01:05:24.411,SERVO_OUTPUT_RAW,1879612192,SERVO_OUTPUT_RAW,0,0,0,0,0,0,0,0,1000,1000,1000,1000,0,0,0,0,0
2025-12-15 01:05:24.511,SERVO_OUTPUT_RAW,1879709795,SERVO_OUTPUT_RAW,0,0,0,0,0,0,0,0,1000,1000,1000,1000,0,0,0,0,0
2025-12-15 01:05:24.611,SERVO_OUTPUT_RAW,1879809830,SERVO_OUTPUT_RAW,0,0,0,0,0,0,0,0,1000,1000,1000,1000,0,0,0,0,0
2025-12-15 01:05:24.711,SERVO_OUTPUT_RAW,1879909835,SERVO_OUTPUT_RAW,0,0,0,0,0,0,0,0,1000,1000,1000,1000,0,0,0,0,0
2025-12-15 01:05:24.811,SERVO_OUTPUT_RAW,1880009852,SERVO_OUTPUT_RAW,0,0,0,0,0,0,0,0,1000,1000,1000,1000,0,0,0,0,0
2025-12-15 01:05:24.912,SERVO_OUTPUT_RAW,1880109795,SERVO_OUTPUT_RAW,0,0,0,0,0,0,0,0,1000,1000,1000,1000,0,0,0,0,0
2025-12-15 01:05:25.011,SERVO_OUTPUT_RAW,1880209816,SERVO_OUTPUT_RAW,0,0,0,0,0,0,0,0,1000,1000,1000,1000,0,0,0,0,0
2025-12-15 01:05:25.111,SERVO_OUTPUT_RAW,1880309834,SERVO_OUTPUT_RAW,0,0,0,0,0,0,0,0,1000,1000,1000,1000,0,0,0,0,0
2025-12-15 01:05:25.211,SERVO_OUTPUT_RAW,1880409876,SERVO_OUTPUT_RAW,0,0,0,0,0,0,0,0,1000,1000,1000,1000,0,0,0,0,0
2025-12-15 01:05:25.311,SERVO_OUTPUT_RAW,1880509780,SERVO_OUTPUT_RAW,0,0,0,0,0,0,0,0,1000,1000,1000,1000,0,0,0,0,0
2025-12-15 01:05:25.411,SERVO_OUTPUT_RAW,1880609805,SERVO_OUTPUT_RAW,0,0,0,0,0,0,0,0,1000,1000,1000,1000,0,0,0,0,0
2025-12-15 01:05:25.511,SERVO_OUTPUT_RAW,1880709788,SERVO_OUTPUT_RAW,0,0,0,0,0,0,0,0,1000,1000,1000,1000,0,0,0,0,0
2025-12-15 01:05:25.611,SERVO_OUTPUT_RAW,1880809783,SERVO_OUTPUT_RAW,0,0,0,0,0,0,0,0,1000,1000,1000,1000,0,0,0,0,0
2025-12-15 01:05:25.711,SERVO_OUTPUT_RAW,1880909782,SERVO_OUTPUT_RAW,0,0,0,0,0,0,0,0,1000,1000,1000,1000,0,0,0,0,0
2025-12-15 01:05:25.811,SERVO_OUTPUT_RAW,1881009826,SERVO_OUTPUT_RAW,0,0,0,0,0,0,0,0,1000,1000,1000,1000,0,0,0,0,0
2025-12-15 01:05:25.911,SERVO_OUTPUT_RAW,1881109851,SERVO_OUTPUT_RAW,0,0,0,0,0,0,0,0,1000,1000,1000,1000,0,0,0,0,0
2025-12-15 01:05:26.011,SERVO_OUTPUT_RAW,1881212148,SERVO_OUTPUT_RAW,0,0,0,0,0,0,0,0,1000,1000,1000,1000,0,0,0,0,0
2025-12-15 01:05:26.111,SERVO_OUTPUT_RAW,1881309794,SERVO_OUTPUT_RAW,0,0,0,0,0,0,0,0,1000,1000,1000,1000,0,0,0,0,0
2025-12-15 01:05:26.211,SERVO_OUTPUT_RAW,1881409831,SERVO_OUTPUT_RAW,0,0,0,0,0,0,0,0,1000,1000,1000,1000,0,0,0,0,0
2025-12-15 01:05:26.311,SERVO_OUTPUT_RAW,1881509864,SERVO_OUTPUT_RAW,0,0,0,0,0,0,0,0,1000,1000,1000,1000,0,0,0,0,0
2025-12-15 01:05:26.411,SERVO_OUTPUT_RAW,1881609845,SERVO_OUTPUT_RAW,0,0,0,0,0,0,0,0,1000,1000,1000,1000,0,0,0,0,0
2025-12-15 01:05:26.511,SERVO_OUTPUT_RAW,1881709788,SERVO_OUTPUT_RAW,0,0,0,0,0,0,0,0,1000,1000,1000,1000,0,0,0,0,0
2025-12-15 01:05:26.611,SERVO_OUTPUT_RAW,1881809812,SERVO_OUTPUT_RAW,0,0,0,0,0,0,0,0,1000,1000,1000,1000,0,0,0,0,0
2025-12-15 01:05:26.711,SERVO_OUTPUT_RAW,1881909814,SERVO_OUTPUT_RAW,0,0,0,0,0,0,0,0,1000,1000,1000,1000,0,0,0,0,0
2025-12-15 01:05:26.811,SERVO_OUTPUT_RAW,1882009786,SERVO_OUTPUT_RAW,0,0,0,0,0,0,0,0,1000,1000,1000,1000,0,0,0,0,0
2025-12-15 01:05:26.911,SERVO_OUTPUT_RAW,1882109810,SERVO_OUTPUT_RAW,0,0,0,0,0,0,0,0,1000,1000,1000,1000,0,0,0,0,0
2025-12-15 01:05:27.011,SERVO_OUTPUT_RAW,1882209785,SERVO_OUTPUT_RAW,0,0,0,0,0,0,0,0,1000,1000,1000,1000,0,0,0,0,0
2025-12-15 01:05:27.111,SERVO_OUTPUT_RAW,1882309787,SERVO_OUTPUT_RAW,0,0,0,0,0,0,0,0,1000,1000,1000,1000,0,0,0,0,0
2025-12-15 01:05:27.211,SERVO_OUTPUT_RAW,1882409793,SERVO_OUTPUT_RAW,0,0,0,0,0,0,0,0,1000,1000,1000,1000,0,0,0,0,0
2025-12-15 01:05:27.311,SERVO_OUTPUT_RAW,1882512171,SERVO_OUTPUT_RAW,0,0,0,0,0,0,0,0,1000,1000,1000,1000,0,0,0,0,0
2025-12-15 01:05:27.412,SERVO_OUTPUT_RAW,1882609833,SERVO_OUTPUT_RAW,0,0,0,0,0,0,0,0,1000,1000,1000,1000,0,0,0,0,0
2025-12-15 01:05:27.511,SERVO_OUTPUT_RAW,1882709847,SERVO_OUTPUT_RAW,0,0,0,0,0,0,0,0,1000,1000,1000,1000,0,0,0,0,0
2025-12-15 01:05:27.611,SERVO_OUTPUT_RAW,1882809809,SERVO_OUTPUT_RAW,0,0,0,0,0,0,0,0,1000,1000,1000,1000,0,0,0,0,0
2025-12-15 01:05:27.711,SERVO_OUTPUT_RAW,1882909797,SERVO_OUTPUT_RAW,0,0,0,0,0,0,0,0,1000,1000,1000,1000,0,0,0,0,0
2025-12-15 01:05:27.811,SERVO_OUTPUT_RAW,1883009837,SERVO_OUTPUT_RAW,0,0,0,0,0,0,0,0,1000,1000,1000,1000,0,0,0,0,0
2025-12-15 01:05:27.911,SERVO_OUTPUT_RAW,1883109860,SERVO_OUTPUT_RAW,0,0,0,0,0,0,0,0,1000,1000,1000,1000,0,0,0,0,0
2025-12-15 01:05:28.011,SERVO_OUTPUT_RAW,1883209779,SERVO_OUTPUT_RAW,0,0,0,0,0,0,0,0,1000,1000,1000,1000,0,0,0,0,0
2025-12-15 01:05:28.111,SERVO_OUTPUT_RAW,1883309794,SERVO_OUTPUT_RAW,0,0,0,0,0,0,0,0,1000,1000,1000,1000,0,0,0,0,0
2025-12-15 01:05:28.211,SERVO_OUTPUT_RAW,1883409817,SERVO_OUTPUT_RAW,0,0,0,0,0,0,0,0,1000,1000,1000,1000,0,0,0,0,0
2025-12-15 01:05:28.311,SERVO_OUTPUT_RAW,1883509822,SERVO_OUTPUT_RAW,0,0,0,0,0,0,0,0,1000,1000,1000,1000,0,0,0,0,0
2025-12-15 01:05:28.411,SERVO_OUTPUT_RAW,1883609874,SERVO_OUTPUT_RAW,0,0,0,0,0,0,0,0,1000,1000,1000,1000,0,0,0,0,0
2025-12-15 01:05:28.511,SERVO_OUTPUT_RAW,1883709785,SERVO_OUTPUT_RAW,0,0,0,0,0,0,0,0,1000,1000,1000,1000,0,0,0,0,0
2025-12-15 01:05:28.612,SERVO_OUTPUT_RAW,1883809794,SERVO_OUTPUT_RAW,0,0,0,0,0,0,0,0,1000,1000,1000,1000,0,0,0,0,0
2025-12-15 01:05:28.712,SERVO_OUTPUT_RAW,1883909796,SERVO_OUTPUT_RAW,0,0,0,0,0,0,0,0,1000,1000,1000,1000,0,0,0,0,0
2025-12-15 01:05:28.811,SERVO_OUTPUT_RAW,1884009807,SERVO_OUTPUT_RAW,0,0,0,0,0,0,0,0,1000,1000,1000,1000,0,0,0,0,0
2025-12-15 01:05:28.912,SERVO_OUTPUT_RAW,1884112158,SERVO_OUTPUT_RAW,0,0,0,0,0,0,0,0,1000,1000,1000,1000,0,0,0,0,0
2025-12-15 01:05:29.012,SERVO_OUTPUT_RAW,1884209828,SERVO_OUTPUT_RAW,0,0,0,0,0,0,0,0,1000,1000,1000,1000,0,0,0,0,0
2025-12-15 01:05:29.112,SERVO_OUTPUT_RAW,1884309854,SERVO_OUTPUT_RAW,0,0,0,0,0,0,0,0,1000,1000,1000,1000,0,0,0,0,0
2025-12-15 01:05:29.212,SERVO_OUTPUT_RAW,1884409808,SERVO_OUTPUT_RAW,0,0,0,0,0,0,0,0,1000,1000,1000,1000,0,0,0,0,0
2025-12-15 01:05:29.311,SERVO_OUTPUT_RAW,1884509829,SERVO_OUTPUT_RAW,0,0,0,0,0,0,0,0,1000,1000,1000,1000,0,0,0,0,0
2025-12-15 01:05:29.411,SERVO_OUTPUT_RAW,1884612147,SERVO_OUTPUT_RAW,0,0,0,0,0,0,0,0,1000,1000,1000,1000,0,0,0,0,0
2025-12-15 01:05:29.511,SERVO_OUTPUT_RAW,1884709846,SERVO_OUTPUT_RAW,0,0,0,0,0,0,0,0,1000,1000,1000,1000,0,0,0,0,0
2025-12-15 01:05:29.612,SERVO_OUTPUT_RAW,1884809800,SERVO_OUTPUT_RAW,0,0,0,0,0,0,0,0,1000,1000,1000,1000,0,0,0,0,0
2025-12-15 01:05:29.712,SERVO_OUTPUT_RAW,1884909807,SERVO_OUTPUT_RAW,0,0,0,0,0,0,0,0,1000,1000,1000,1000,0,0,0,0,0
2025-12-15 01:05:29.812,SERVO_OUTPUT_RAW,1885009824,SERVO_OUTPUT_RAW,0,0,0,0,0,0,0,0,1000,1000,1000,1000,0,0,0,0,0
2025-12-15 01:05:29.912,SERVO_OUTPUT_RAW,1885109780,SERVO_OUTPUT_RAW,0,0,0,0,0,0,0,0,1000,1000,1000,1000,0,0,0,0,0
2025-12-15 01:05:30.011,SERVO_OUTPUT_RAW,1885209799,SERVO_OUTPUT_RAW,0,0,0,0,0,0,0,0,1000,1000,1000,1000,0,0,0,0,0
2025-12-15 01:05:30.112,SERVO_OUTPUT_RAW,1885309786,SERVO_OUTPUT_RAW,0,0,0,0,0,0,0,0,1000,1000,1000,1000,0,0,0,0,0
2025-12-15 01:05:30.212,SERVO_OUTPUT_RAW,1885409792,SERVO_OUTPUT_RAW,0,0,0,0,0,0,0,0,1000,1000,1000,1000,0,0,0,0,0
2025-12-15 01:05:30.311,SERVO_OUTPUT_RAW,1885509802,SERVO_OUTPUT_RAW,0,0,0,0,0,0,0,0,1000,1000,1000,1000,0,0,0,0,0
2025-12-15 01:05:30.411,SERVO_OUTPUT_RAW,1885609793,SERVO_OUTPUT_RAW,0,0,0,0,0,0,0,0,1000,1000,1000,1000,0,0,0,0,0
2025-12-15 01:05:30.511,SERVO_OUTPUT_RAW,1885709835,SERVO_OUTPUT_RAW,0,0,0,0,0,0,0,0,1000,1000,1000,1000,0,0,0,0,0
2025-12-15 01:05:30.611,SERVO_OUTPUT_RAW,1885809836,SERVO_OUTPUT_RAW,0,0,0,0,0,0,0,0,1000,1000,1000,1000,0,0,0,0,0
2025-12-15 01:05:30.711,SERVO_OUTPUT_RAW,1885909809,SERVO_OUTPUT_RAW,0,0,0,0,0,0,0,0,1000,1000,1000,1000,0,0,0,0,0
2025-12-15 01:05:30.811,SERVO_OUTPUT_RAW,1886009826,SERVO_OUTPUT_RAW,0,0,0,0,0,0,0,0,1000,1000,1000,1000,0,0,0,0,0
2025-12-15 01:05:30.912,SERVO_OUTPUT_RAW,1886109815,SERVO_OUTPUT_RAW,0,0,0,0,0,0,0,0,1000,1000,1000,1000,0,0,0,0,0
2025-12-15 01:05:31.012,SERVO_OUTPUT_RAW,1886209847,SERVO_OUTPUT_RAW,0,0,0,0,0,0,0,0,1000,1000,1000,1000,0,0,0,0,0
2025-12-15 01:05:31.112,SERVO_OUTPUT_RAW,1886309809,SERVO_OUTPUT_RAW,0,0,0,0,0,0,0,0,1000,1000,1000,1000,0,0,0,0,0
2025-12-15 01:05:31.212,SERVO_OUTPUT_RAW,1886409785,SERVO_OUTPUT_RAW,0,0,0,0,0,0,0,0,1000,1000,1000,1000,0,0,0,0,0
2025-12-15 01:05:31.311,SERVO_OUTPUT_RAW,1886509812,SERVO_OUTPUT_RAW,0,0,0,0,0,0,0,0,1000,1000,1000,1000,0,0,0,0,0
2025-12-15 01:05:31.411,SERVO_OUTPUT_RAW,1886609836,SERVO_OUTPUT_RAW,0,0,0,0,0,0,0,0,1000,1000,1000,1000,0,0,0,0,0
2025-12-15 01:05:31.511,SERVO_OUTPUT_RAW,1886709864,SERVO_OUTPUT_RAW,0,0,0,0,0,0,0,0,1000,1000,1000,1000,0,0,0,0,0
2025-12-15 01:05:31.610,SERVO_OUTPUT_RAW,1886809782,SERVO_OUTPUT_RAW,0,0,0,0,0,0,0,0,1000,1000,1000,1000,0,0,0,0,0
2025-12-15 01:05:31.711,SERVO_OUTPUT_RAW,1886909788,SERVO_OUTPUT_RAW,0,0,0,0,0,0,0,0,1000,1000,1000,1000,0,0,0,0,0
2025-12-15 01:05:31.810,SERVO_OUTPUT_RAW,1887009783,SERVO_OUTPUT_RAW,0,0,0,0,0,0,0,0,1000,1000,1000,1000,0,0,0,0,0
2025-12-15 01:05:31.911,SERVO_OUTPUT_RAW,1887109792,SERVO_OUTPUT_RAW,0,0,0,0,0,0,0,0,1000,1000,1000,1000,0,0,0,0,0
2025-12-15 01:05:32.011,SERVO_OUTPUT_RAW,1887209820,SERVO_OUTPUT_RAW,0,0,0,0,0,0,0,0,1000,1000,1000,1000,0,0,0,0,0
2025-12-15 01:05:32.111,SERVO_OUTPUT_RAW,1887309841,SERVO_OUTPUT_RAW,0,0,0,0,0,0,0,0,1000,1000,1000,1000,0,0,0,0,0
2025-12-15 01:05:32.211,SERVO_OUTPUT_RAW,1887409842,SERVO_OUTPUT_RAW,0,0,0,0,0,0,0,0,1000,1000,1000,1000,0,0,0,0,0
2025-12-15 01:05:32.311,SERVO_OUTPUT_RAW,1887509900,SERVO_OUTPUT_RAW,0,0,0,0,0,0,0,0,1000,1000,1000,1000,0,0,0,0,0
2025-12-15 01:05:32.412,SERVO_OUTPUT_RAW,1887609819,SERVO_OUTPUT_RAW,0,0,0,0,0,0,0,0,1000,1000,1000,1000,0,0,0,0,0
2025-12-15 01:05:32.511,SERVO_OUTPUT_RAW,1887709835,SERVO_OUTPUT_RAW,0,0,0,0,0,0,0,0,1000,1000,1000,1000,0,0,0,0,0
2025-12-15 01:05:32.611,SERVO_OUTPUT_RAW,1887809844,SERVO_OUTPUT_RAW,0,0,0,0,0,0,0,0,1000,1000,1000,1000,0,0,0,0,0
2025-12-15 01:05:32.711,SERVO_OUTPUT_RAW,1887909861,SERVO_OUTPUT_RAW,0,0,0,0,0,0,0,0,1000,1000,1000,1000,0,0,0,0,0
2025-12-15 01:05:32.811,SERVO_OUTPUT_RAW,1888009801,SERVO_OUTPUT_RAW,0,0,0,0,0,0,0,0,1000,1000,1000,1000,0,0,0,0,0
2025-12-15 01:05:32.911,SERVO_OUTPUT_RAW,1888109825,SERVO_OUTPUT_RAW,0,0,0,0,0,0,0,0,1000,1000,1000,1000,0,0,0,0,0
2025-12-15 01:05:33.011,SERVO_OUTPUT_RAW,1888209798,SERVO_OUTPUT_RAW,0,0,0,0,0,0,0,0,1000,1000,1000,1000,0,0,0,0,0
2025-12-15 01:05:33.111,SERVO_OUTPUT_RAW,1888309786,SERVO_OUTPUT_RAW,0,0,0,0,0,0,0,0,1000,1000,1000,1000,0,0,0,0,0
2025-12-15 01:05:33.211,SERVO_OUTPUT_RAW,1888409792,SERVO_OUTPUT_RAW,0,0,0,0,0,0,0,0,1000,1000,1000,1000,0,0,0,0,0
2025-12-15 01:05:33.311,SERVO_OUTPUT_RAW,1888509785,SERVO_OUTPUT_RAW,0,0,0,0,0,0,0,0,1000,1000,1000,1000,0,0,0,0,0
2025-12-15 01:05:33.411,SERVO_OUTPUT_RAW,1888609793,SERVO_OUTPUT_RAW,0,0,0,0,0,0,0,0,1000,1000,1000,1000,0,0,0,0,0
2025-12-15 01:05:33.511,SERVO_OUTPUT_RAW,1888709793,SERVO_OUTPUT_RAW,0,0,0,0,0,0,0,0,1000,1000,1000,1000,0,0,0,0,0
2025-12-15 01:05:33.611,SERVO_OUTPUT_RAW,1888812188,SERVO_OUTPUT_RAW,0,0,0,0,0,0,0,0,1000,1000,1000,1000,0,0,0,0,0
2025-12-15 01:05:33.711,SERVO_OUTPUT_RAW,1888909849,SERVO_OUTPUT_RAW,0,0,0,0,0,0,0,0,1000,1000,1000,1000,0,0,0,0,0
2025-12-15 01:05:33.811,SERVO_OUTPUT_RAW,1889009863,SERVO_OUTPUT_RAW,0,0,0,0,0,0,0,0,1000,1000,1000,1000,0,0,0,0,0
2025-12-15 01:05:33.911,SERVO_OUTPUT_RAW,1889109789,SERVO_OUTPUT_RAW,0,0,0,0,0,0,0,0,1000,1000,1000,1000,0,0,0,0,0
2025-12-15 01:05:34.011,SERVO_OUTPUT_RAW,1889209828,SERVO_OUTPUT_RAW,0,0,0,0,0,0,0,0,1000,1000,1000,1000,0,0,0,0,0
2025-12-15 01:05:34.111,SERVO_OUTPUT_RAW,1889309866,SERVO_OUTPUT_RAW,0,0,0,0,0,0,0,0,1000,1000,1000,1000,0,0,0,0,0
2025-12-15 01:05:34.211,SERVO_OUTPUT_RAW,1889409804,SERVO_OUTPUT_RAW,0,0,0,0,0,0,0,0,1000,1000,1000,1000,0,0,0,0,0
2025-12-15 01:05:34.311,SERVO_OUTPUT_RAW,1889509793,SERVO_OUTPUT_RAW,0,0,0,0,0,0,0,0,1000,1000,1000,1000,0,0,0,0,0
2025-12-15 01:05:34.411,SERVO_OUTPUT_RAW,1889609819,SERVO_OUTPUT_RAW,0,0,0,0,0,0,0,0,1000,1000,1000,1000,0,0,0,0,0
2025-12-15 01:05:34.511,SERVO_OUTPUT_RAW,1889709806,SERVO_OUTPUT_RAW,0,0,0,0,0,0,0,0,1000,1000,1000,1000,0,0,0,0,0
2025-12-15 01:05:34.611,SERVO_OUTPUT_RAW,1889809790,SERVO_OUTPUT_RAW,0,0,0,0,0,0,0,0,1000,1000,1000,1000,0,0,0,0,0
2025-12-15 01:05:34.711,SERVO_OUTPUT_RAW,1889909796,SERVO_OUTPUT_RAW,0,0,0,0,0,0,0,0,1000,1000,1000,1000,0,0,0,0,0
2025-12-15 01:05:34.811,SERVO_OUTPUT_RAW,1890009801,SERVO_OUTPUT_RAW,0,0,0,0,0,0,0,0,1000,1000,1000,1000,0,0,0,0,0
2025-12-15 01:05:34.911,SERVO_OUTPUT_RAW,1890109794,SERVO_OUTPUT_RAW,0,0,0,0,0,0,0,0,1000,1000,1000,1000,0,0,0,0,0
2025-12-15 01:05:35.011,SERVO_OUTPUT_RAW,1890209810,SERVO_OUTPUT_RAW,0,0,0,0,0,0,0,0,1000,1000,1000,1000,0,0,0,0,0
2025-12-15 01:05:35.111,SERVO_OUTPUT_RAW,1890309802,SERVO_OUTPUT_RAW,0,0,0,0,0,0,0,0,1000,1000,1000,1000,0,0,0,0,0
2025-12-15 01:05:35.211,SERVO_OUTPUT_RAW,1890409832,SERVO_OUTPUT_RAW,0,0,0,0,0,0,0,0,1000,1000,1000,1000,0,0,0,0,0
2025-12-15 01:05:35.311,SERVO_OUTPUT_RAW,1890509801,SERVO_OUTPUT_RAW,0,0,0,0,0,0,0,0,1000,1000,1000,1000,0,0,0,0,0
2025-12-15 01:05:35.411,SERVO_OUTPUT_RAW,1890609805,SERVO_OUTPUT_RAW,0,0,0,0,0,0,0,0,1000,1000,1000,1000,0,0,0,0,0
2025-12-15 01:05:35.511,SERVO_OUTPUT_RAW,1890709800,SERVO_OUTPUT_RAW,0,0,0,0,0,0,0,0,1000,1000,1000,1000,0,0,0,0,0
2025-12-15 01:05:35.611,SERVO_OUTPUT_RAW,1890809836,SERVO_OUTPUT_RAW,0,0,0,0,0,0,0,0,1000,1000,1000,1000,0,0,0,0,0
2025-12-15 01:05:35.712,SERVO_OUTPUT_RAW,1890912048,SERVO_OUTPUT_RAW,0,0,0,0,0,0,0,0,1000,1000,1000,1000,0,0,0,0,0
2025-12-15 01:05:35.812,SERVO_OUTPUT_RAW,1891009786,SERVO_OUTPUT_RAW,0,0,0,0,0,0,0,0,1000,1000,1000,1000,0,0,0,0,0
2025-12-15 01:05:35.911,SERVO_OUTPUT_RAW,1891109813,SERVO_OUTPUT_RAW,0,0,0,0,0,0,0,0,1000,1000,1000,1000,0,0,0,0,0
2025-12-15 01:05:36.011,SERVO_OUTPUT_RAW,1891209841,SERVO_OUTPUT_RAW,0,0,0,0,0,0,0,0,1000,1000,1000,1000,0,0,0,0,0
2025-12-15 01:05:36.111,SERVO_OUTPUT_RAW,1891309813,SERVO_OUTPUT_RAW,0,0,0,0,0,0,0,0,1000,1000,1000,1000,0,0,0,0,0
2025-12-15 01:05:36.211,SERVO_OUTPUT_RAW,1891409787,SERVO_OUTPUT_RAW,0,0,0,0,0,0,0,0,1000,1000,1000,1000,0,0,0,0,0
2025-12-15 01:05:36.311,SERVO_OUTPUT_RAW,1891509798,SERVO_OUTPUT_RAW,0,0,0,0,0,0,0,0,1000,1000,1000,1000,0,0,0,0,0
2025-12-15 01:05:36.411,SERVO_OUTPUT_RAW,1891609785,SERVO_OUTPUT_RAW,0,0,0,0,0,0,0,0,1000,1000,1000,1000,0,0,0,0,0
2025-12-15 01:05:36.511,SERVO_OUTPUT_RAW,1891709791,SERVO_OUTPUT_RAW,0,0,0,0,0,0,0,0,1000,1000,1000,1000,0,0,0,0,0
2025-12-15 01:05:36.611,SERVO_OUTPUT_RAW,1891809789,SERVO_OUTPUT_RAW,0,0,0,0,0,0,0,0,1000,1000,1000,1000,0,0,0,0,0
2025-12-15 01:05:36.711,SERVO_OUTPUT_RAW,1891909813,SERVO_OUTPUT_RAW,0,0,0,0,0,0,0,0,1000,1000,1000,1000,0,0,0,0,0
2025-12-15 01:05:36.811,SERVO_OUTPUT_RAW,1892009870,SERVO_OUTPUT_RAW,0,0,0,0,0,0,0,0,1000,1000,1000,1000,0,0,0,0,0
2025-12-15 01:05:36.911,SERVO_OUTPUT_RAW,1892109850,SERVO_OUTPUT_RAW,0,0,0,0,0,0,0,0,1000,1000,1000,1000,0,0,0,0,0
2025-12-15 01:05:37.012,SERVO_OUTPUT_RAW,1892209792,SERVO_OUTPUT_RAW,0,0,0,0,0,0,0,0,1000,1000,1000,1000,0,0,0,0,0
2025-12-15 01:05:37.112,SERVO_OUTPUT_RAW,1892309810,SERVO_OUTPUT_RAW,0,0,0,0,0,0,0,0,1000,1000,1000,1000,0,0,0,0,0
2025-12-15 01:05:37.211,SERVO_OUTPUT_RAW,1892409836,SERVO_OUTPUT_RAW,0,0,0,0,0,0,0,0,1000,1000,1000,1000,0,0,0,0,0
2025-12-15 01:05:37.312,SERVO_OUTPUT_RAW,1892509843,SERVO_OUTPUT_RAW,0,0,0,0,0,0,0,0,1000,1000,1000,1000,0,0,0,0,0
2025-12-15 01:05:37.411,SERVO_OUTPUT_RAW,1892609780,SERVO_OUTPUT_RAW,0,0,0,0,0,0,0,0,1000,1000,1000,1000,0,0,0,0,0
2025-12-15 01:05:37.512,SERVO_OUTPUT_RAW,1892709804,SERVO_OUTPUT_RAW,0,0,0,0,0,0,0,0,1000,1000,1000,1000,0,0,0,0,0
2025-12-15 01:05:37.611,SERVO_OUTPUT_RAW,1892809820,SERVO_OUTPUT_RAW,0,0,0,0,0,0,0,0,1000,1000,1000,1000,0,0,0,0,0
2025-12-15 01:05:37.712,SERVO_OUTPUT_RAW,1892909803,SERVO_OUTPUT_RAW,0,0,0,0,0,0,0,0,1000,1000,1000,1000,0,0,0,0,0
2025-12-15 01:05:37.811,SERVO_OUTPUT_RAW,1893009888,SERVO_OUTPUT_RAW,0,0,0,0,0,0,0,0,1000,1000,1000,1000,0,0,0,0,0
2025-12-15 01:05:37.911,SERVO_OUTPUT_RAW,1893109801,SERVO_OUTPUT_RAW,0,0,0,0,0,0,0,0,1000,1000,1000,1000,0,0,0,0,0
2025-12-15 01:05:38.012,SERVO_OUTPUT_RAW,1893209795,SERVO_OUTPUT_RAW,0,0,0,0,0,0,0,0,1000,1000,1000,1000,0,0,0,0,0
2025-12-15 01:05:38.111,SERVO_OUTPUT_RAW,1893309794,SERVO_OUTPUT_RAW,0,0,0,0,0,0,0,0,1000,1000,1000,1000,0,0,0,0,0
2025-12-15 01:05:38.211,SERVO_OUTPUT_RAW,1893409797,SERVO_OUTPUT_RAW,0,0,0,0,0,0,0,0,1000,1000,1000,1000,0,0,0,0,0
2025-12-15 01:05:38.312,SERVO_OUTPUT_RAW,1893509833,SERVO_OUTPUT_RAW,0,0,0,0,0,0,0,0,1000,1000,1000,1000,0,0,0,0,0
2025-12-15 01:05:38.412,SERVO_OUTPUT_RAW,1893609838,SERVO_OUTPUT_RAW,0,0,0,0,0,0,0,0,1000,1000,1000,1000,0,0,0,0,0
2025-12-15 01:05:38.512,SERVO_OUTPUT_RAW,1893709796,SERVO_OUTPUT_RAW,0,0,0,0,0,0,0,0,1000,1000,1000,1000,0,0,0,0,0
2025-12-15 01:05:38.611,SERVO_OUTPUT_RAW,1893809830,SERVO_OUTPUT_RAW,0,0,0,0,0,0,0,0,1000,1000,1000,1000,0,0,0,0,0
2025-12-15 01:05:38.711,SERVO_OUTPUT_RAW,1893909820,SERVO_OUTPUT_RAW,0,0,0,0,0,0,0,0,1000,1000,1000,1000,0,0,0,0,0
2025-12-15 01:05:38.812,SERVO_OUTPUT_RAW,1894009841,SERVO_OUTPUT_RAW,0,0,0,0,0,0,0,0,1000,1000,1000,1000,0,0,0,0,0
2025-12-15 01:05:38.911,SERVO_OUTPUT_RAW,1894109850,SERVO_OUTPUT_RAW,0,0,0,0,0,0,0,0,1000,1000,1000,1000,0,0,0,0,0
2025-12-15 01:05:39.012,SERVO_OUTPUT_RAW,1894209782,SERVO_OUTPUT_RAW,0,0,0,0,0,0,0,0,1000,1000,1000,1000,0,0,0,0,0
2025-12-15 01:05:39.112,SERVO_OUTPUT_RAW,1894309819,SERVO_OUTPUT_RAW,0,0,0,0,0,0,0,0,1000,1000,1000,1000,0,0,0,0,0
2025-12-15 01:05:39.212,SERVO_OUTPUT_RAW,1894409822,SERVO_OUTPUT_RAW,0,0,0,0,0,0,0,0,1000,1000,1000,1000,0,0,0,0,0
2025-12-15 01:05:39.312,SERVO_OUTPUT_RAW,1894509848,SERVO_OUTPUT_RAW,0,0,0,0,0,0,0,0,1000,1000,1000,1000,0,0,0,0,0
2025-12-15 01:05:39.412,SERVO_OUTPUT_RAW,1894609793,SERVO_OUTPUT_RAW,0,0,0,0,0,0,0,0,1000,1000,1000,1000,0,0,0,0,0
2025-12-15 01:05:39.512,SERVO_OUTPUT_RAW,1894709812,SERVO_OUTPUT_RAW,0,0,0,0,0,0,0,0,1000,1000,1000,1000,0,0,0,0,0
2025-12-15 01:05:39.612,SERVO_OUTPUT_RAW,1894809782,SERVO_OUTPUT_RAW,0,0,0,0,0,0,0,0,1000,1000,1000,1000,0,0,0,0,0
2025-12-15 01:05:39.712,SERVO_OUTPUT_RAW,1894909784,SERVO_OUTPUT_RAW,0,0,0,0,0,0,0,0,1000,1000,1000,1000,0,0,0,0,0
2025-12-15 01:05:39.812,SERVO_OUTPUT_RAW,1895009805,SERVO_OUTPUT_RAW,0,0,0,0,0,0,0,0,1000,1000,1000,1000,0,0,0,0,0
2025-12-15 01:05:39.969,SERVO_OUTPUT_RAW,1895112142,SERVO_OUTPUT_RAW,0,0,0,0,0,0,0,0,1000,1000,1000,1000,0,0,0,0,0
2025-12-15 01:05:40.012,SERVO_OUTPUT_RAW,1895209842,SERVO_OUTPUT_RAW,0,0,0,0,0,0,0,0,1000,1000,1000,1000,0,0,0,0,0
2025-12-15 01:05:40.112,SERVO_OUTPUT_RAW,1895309786,SERVO_OUTPUT_RAW,0,0,0,0,0,0,0,0,1000,1000,1000,1000,0,0,0,0,0
2025-12-15 01:05:40.212,SERVO_OUTPUT_RAW,1895409798,SERVO_OUTPUT_RAW,0,0,0,0,0,0,0,0,1000,1000,1000,1000,0,0,0,0,0
2025-12-15 01:05:40.312,SERVO_OUTPUT_RAW,1895509843,SERVO_OUTPUT_RAW,0,0,0,0,0,0,0,0,1000,1000,1000,1000,0,0,0,0,0
2025-12-15 01:05:40.412,SERVO_OUTPUT_RAW,1895609859,SERVO_OUTPUT_RAW,0,0,0,0,0,0,0,0,1000,1000,1000,1000,0,0,0,0,0
2025-12-15 01:05:40.512,SERVO_OUTPUT_RAW,1895709852,SERVO_OUTPUT_RAW,0,0,0,0,0,0,0,0,1000,1000,1000,1000,0,0,0,0,0
2025-12-15 01:05:40.612,SERVO_OUTPUT_RAW,1895809803,SERVO_OUTPUT_RAW,0,0,0,0,0,0,0,0,1000,1000,1000,1000,0,0,0,0,0
2025-12-15 01:05:40.712,SERVO_OUTPUT_RAW,1895909814,SERVO_OUTPUT_RAW,0,0,0,0,0,0,0,0,1000,1000,1000,1000,0,0,0,0,0
2025-12-15 01:05:40.812,SERVO_OUTPUT_RAW,1896009836,SERVO_OUTPUT_RAW,0,0,0,0,0,0,0,0,1000,1000,1000,1000,0,0,0,0,0
2025-12-15 01:05:40.912,SERVO_OUTPUT_RAW,1896109779,SERVO_OUTPUT_RAW,0,0,0,0,0,0,0,0,1000,1000,1000,1000,0,0,0,0,0
2025-12-15 01:05:41.012,SERVO_OUTPUT_RAW,1896209775,SERVO_OUTPUT_RAW,0,0,0,0,0,0,0,0,1000,1000,1000,1000,0,0,0,0,0
2025-12-15 01:05:41.112,SERVO_OUTPUT_RAW,1896309785,SERVO_OUTPUT_RAW,0,0,0,0,0,0,0,0,1000,1000,1000,1000,0,0,0,0,0
2025-12-15 01:05:41.211,SERVO_OUTPUT_RAW,1896409772,SERVO_OUTPUT_RAW,0,0,0,0,0,0,0,0,1000,1000,1000,1000,0,0,0,0,0
2025-12-15 01:05:41.311,SERVO_OUTPUT_RAW,1896509830,SERVO_OUTPUT_RAW,0,0,0,0,0,0,0,0,1000,1000,1000,1000,0,0,0,0,0
2025-12-15 01:05:41.411,SERVO_OUTPUT_RAW,1896609782,SERVO_OUTPUT_RAW,0,0,0,0,0,0,0,0,1000,1000,1000,1000,0,0,0,0,0
2025-12-15 01:05:41.511,SERVO_OUTPUT_RAW,1896709840,SERVO_OUTPUT_RAW,0,0,0,0,0,0,0,0,1000,1000,1000,1000,0,0,0,0,0
2025-12-15 01:05:41.611,SERVO_OUTPUT_RAW,1896809804,SERVO_OUTPUT_RAW,0,0,0,0,0,0,0,0,1000,1000,1000,1000,0,0,0,0,0
2025-12-15 01:05:41.711,SERVO_OUTPUT_RAW,1896909789,SERVO_OUTPUT_RAW,0,0,0,0,0,0,0,0,1000,1000,1000,1000,0,0,0,0,0
2025-12-15 01:05:41.812,SERVO_OUTPUT_RAW,1897009850,SERVO_OUTPUT_RAW,0,0,0,0,0,0,0,0,1000,1000,1000,1000,0,0,0,0,0
2025-12-15 01:05:41.911,SERVO_OUTPUT_RAW,1897109844,SERVO_OUTPUT_RAW,0,0,0,0,0,0,0,0,1000,1000,1000,1000,0,0,0,0,0
2025-12-15 01:05:42.011,SERVO_OUTPUT_RAW,1897209903,SERVO_OUTPUT_RAW,0,0,0,0,0,0,0,0,1000,1000,1000,1000,0,0,0,0,0
2025-12-15 01:05:42.111,SERVO_OUTPUT_RAW,1897309790,SERVO_OUTPUT_RAW,0,0,0,0,0,0,0,0,1000,1000,1000,1000,0,0,0,0,0
2025-12-15 01:05:42.211,SERVO_OUTPUT_RAW,1897409814,SERVO_OUTPUT_RAW,0,0,0,0,0,0,0,0,1000,1000,1000,1000,0,0,0,0,0
2025-12-15 01:05:42.311,SERVO_OUTPUT_RAW,1897509831,SERVO_OUTPUT_RAW,0,0,0,0,0,0,0,0,1000,1000,1000,1000,0,0,0,0,0
2025-12-15 01:05:42.412,SERVO_OUTPUT_RAW,1897609790,SERVO_OUTPUT_RAW,0,0,0,0,0,0,0,0,1000,1000,1000,1000,0,0,0,0,0
2025-12-15 01:05:42.511,SERVO_OUTPUT_RAW,1897709781,SERVO_OUTPUT_RAW,0,0,0,0,0,0,0,0,1000,1000,1000,1000,0,0,0,0,0
2025-12-15 01:05:42.611,SERVO_OUTPUT_RAW,1897809782,SERVO_OUTPUT_RAW,0,0,0,0,0,0,0,0,1000,1000,1000,1000,0,0,0,0,0
2025-12-15 01:05:42.711,SERVO_OUTPUT_RAW,1897909785,SERVO_OUTPUT_RAW,0,0,0,0,0,0,0,0,1000,1000,1000,1000,0,0,0,0,0
2025-12-15 01:05:42.812,SERVO_OUTPUT_RAW,1898012123,SERVO_OUTPUT_RAW,0,0,0,0,0,0,0,0,1000,1000,1000,1000,0,0,0,0,0
2025-12-15 01:05:42.911,SERVO_OUTPUT_RAW,1898109789,SERVO_OUTPUT_RAW,0,0,0,0,0,0,0,0,1000,1000,1000,1000,0,0,0,0,0
2025-12-15 01:05:43.011,SERVO_OUTPUT_RAW,1898209831,SERVO_OUTPUT_RAW,0,0,0,0,0,0,0,0,1000,1000,1000,1000,0,0,0,0,0
2025-12-15 01:05:43.111,SERVO_OUTPUT_RAW,1898309837,SERVO_OUTPUT_RAW,0,0,0,0,0,0,0,0,1000,1000,1000,1000,0,0,0,0,0
2025-12-15 01:05:43.211,SERVO_OUTPUT_RAW,1898409808,SERVO_OUTPUT_RAW,0,0,0,0,0,0,0,0,1000,1000,1000,1000,0,0,0,0,0
2025-12-15 01:05:43.311,SERVO_OUTPUT_RAW,1898509792,SERVO_OUTPUT_RAW,0,0,0,0,0,0,0,0,1000,1000,1000,1000,0,0,0,0,0
2025-12-15 01:05:43.411,SERVO_OUTPUT_RAW,1898609832,SERVO_OUTPUT_RAW,0,0,0,0,0,0,0,0,1000,1000,1000,1000,0,0,0,0,0
2025-12-15 01:05:43.511,SERVO_OUTPUT_RAW,1898709851,SERVO_OUTPUT_RAW,0,0,0,0,0,0,0,0,1000,1000,1000,1000,0,0,0,0,0
2025-12-15 01:05:43.611,SERVO_OUTPUT_RAW,1898809785,SERVO_OUTPUT_RAW,0,0,0,0,0,0,0,0,1000,1000,1000,1000,0,0,0,0,0
2025-12-15 01:05:43.711,SERVO_OUTPUT_RAW,1898909806,SERVO_OUTPUT_RAW,0,0,0,0,0,0,0,0,1000,1000,1000,1000,0,0,0,0,0
2025-12-15 01:05:43.811,SERVO_OUTPUT_RAW,1899009836,SERVO_OUTPUT_RAW,0,0,0,0,0,0,0,0,1000,1000,1000,1000,0,0,0,0,0
2025-12-15 01:05:43.911,SERVO_OUTPUT_RAW,1899109813,SERVO_OUTPUT_RAW,0,0,0,0,0,0,0,0,1000,1000,1000,1000,0,0,0,0,0
2025-12-15 01:05:44.011,SERVO_OUTPUT_RAW,1899209805,SERVO_OUTPUT_RAW,0,0,0,0,0,0,0,0,1000,1000,1000,1000,0,0,0,0,0
2025-12-15 01:05:44.111,SERVO_OUTPUT_RAW,1899309876,SERVO_OUTPUT_RAW,0,0,0,0,0,0,0,0,1000,1000,1000,1000,0,0,0,0,0
2025-12-15 01:05:44.211,SERVO_OUTPUT_RAW,1899409783,SERVO_OUTPUT_RAW,0,0,0,0,0,0,0,0,1000,1000,1000,1000,0,0,0,0,0
2025-12-15 01:05:44.312,SERVO_OUTPUT_RAW,1899509789,SERVO_OUTPUT_RAW,0,0,0,0,0,0,0,0,1000,1000,1000,1000,0,0,0,0,0
2025-12-15 01:05:44.411,SERVO_OUTPUT_RAW,1899612147,SERVO_OUTPUT_RAW,0,0,0,0,0,0,0,0,1000,1000,1000,1000,0,0,0,0,0
2025-12-15 01:05:44.511,SERVO_OUTPUT_RAW,1899709805,SERVO_OUTPUT_RAW,0,0,0,0,0,0,0,0,1000,1000,1000,1000,0,0,0,0,0
2025-12-15 01:05:44.611,SERVO_OUTPUT_RAW,1899809822,SERVO_OUTPUT_RAW,0,0,0,0,0,0,0,0,1000,1000,1000,1000,0,0,0,0,0
2025-12-15 01:05:44.711,SERVO_OUTPUT_RAW,1899909867,SERVO_OUTPUT_RAW,0,0,0,0,0,0,0,0,1000,1000,1000,1000,0,0,0,0,0
2025-12-15 01:05:44.812,SERVO_OUTPUT_RAW,1900009825,SERVO_OUTPUT_RAW,0,0,0,0,0,0,0,0,1000,1000,1000,1000,0,0,0,0,0
2025-12-15 01:05:44.911,SERVO_OUTPUT_RAW,1900109855,SERVO_OUTPUT_RAW,0,0,0,0,0,0,0,0,1000,1000,1000,1000,0,0,0,0,0
2025-12-15 01:05:45.011,SERVO_OUTPUT_RAW,1900209837,SERVO_OUTPUT_RAW,0,0,0,0,0,0,0,0,1000,1000,1000,1000,0,0,0,0,0
2025-12-15 01:05:45.111,SERVO_OUTPUT_RAW,1900309845,SERVO_OUTPUT_RAW,0,0,0,0,0,0,0,0,1000,1000,1000,1000,0,0,0,0,0
2025-12-15 01:05:45.211,SERVO_OUTPUT_RAW,1900409827,SERVO_OUTPUT_RAW,0,0,0,0,0,0,0,0,1000,1000,1000,1000,0,0,0,0,0
2025-12-15 01:05:45.311,SERVO_OUTPUT_RAW,1900509808,SERVO_OUTPUT_RAW,0,0,0,0,0,0,0,0,1000,1000,1000,1000,0,0,0,0,0
2025-12-15 01:05:45.411,SERVO_OUTPUT_RAW,1900609817,SERVO_OUTPUT_RAW,0,0,0,0,0,0,0,0,1000,1000,1000,1000,0,0,0,0,0
2025-12-15 01:05:45.511,SERVO_OUTPUT_RAW,1900709778,SERVO_OUTPUT_RAW,0,0,0,0,0,0,0,0,1000,1000,1000,1000,0,0,0,0,0
2025-12-15 01:05:45.612,SERVO_OUTPUT_RAW,1900809769,SERVO_OUTPUT_RAW,0,0,0,0,0,0,0,0,1000,1000,1000,1000,0,0,0,0,0
2025-12-15 01:05:45.712,SERVO_OUTPUT_RAW,1900909799,SERVO_OUTPUT_RAW,0,0,0,0,0,0,0,0,1000,1000,1000,1000,0,0,0,0,0
2025-12-15 01:05:45.811,SERVO_OUTPUT_RAW,1901009799,SERVO_OUTPUT_RAW,0,0,0,0,0,0,0,0,1000,1000,1000,1000,0,0,0,0,0
2025-12-15 01:05:45.911,SERVO_OUTPUT_RAW,1901109786,SERVO_OUTPUT_RAW,0,0,0,0,0,0,0,0,1000,1000,1000,1000,0,0,0,0,0
2025-12-15 01:05:46.011,SERVO_OUTPUT_RAW,1901209792,SERVO_OUTPUT_RAW,0,0,0,0,0,0,0,0,1000,1000,1000,1000,0,0,0,0,0
2025-12-15 01:05:46.111,SERVO_OUTPUT_RAW,1901309818,SERVO_OUTPUT_RAW,0,0,0,0,0,0,0,0,1000,1000,1000,1000,0,0,0,0,0
2025-12-15 01:05:46.211,SERVO_OUTPUT_RAW,1901412158,SERVO_OUTPUT_RAW,0,0,0,0,0,0,0,0,1000,1000,1000,1000,0,0,0,0,0
2025-12-15 01:05:46.311,SERVO_OUTPUT_RAW,1901509855,SERVO_OUTPUT_RAW,0,0,0,0,0,0,0,0,1000,1000,1000,1000,0,0,0,0,0
2025-12-15 01:05:46.411,SERVO_OUTPUT_RAW,1901609824,SERVO_OUTPUT_RAW,0,0,0,0,0,0,0,0,1000,1000,1000,1000,0,0,0,0,0
2025-12-15 01:05:46.511,SERVO_OUTPUT_RAW,1901709827,SERVO_OUTPUT_RAW,0,0,0,0,0,0,0,0,1000,1000,1000,1000,0,0,0,0,0
2025-12-15 01:05:46.612,SERVO_OUTPUT_RAW,1901809826,SERVO_OUTPUT_RAW,0,0,0,0,0,0,0,0,1000,1000,1000,1000,0,0,0,0,0
2025-12-15 01:05:46.711,SERVO_OUTPUT_RAW,1901909894,SERVO_OUTPUT_RAW,0,0,0,0,0,0,0,0,1000,1000,1000,1000,0,0,0,0,0
2025-12-15 01:05:46.811,SERVO_OUTPUT_RAW,1902009787,SERVO_OUTPUT_RAW,0,0,0,0,0,0,0,0,1000,1000,1000,1000,0,0,0,0,0
2025-12-15 01:05:46.911,SERVO_OUTPUT_RAW,1902109810,SERVO_OUTPUT_RAW,0,0,0,0,0,0,0,0,1000,1000,1000,1000,0,0,0,0,0
2025-12-15 01:05:47.011,SERVO_OUTPUT_RAW,1902209819,SERVO_OUTPUT_RAW,0,0,0,0,0,0,0,0,1000,1000,1000,1000,0,0,0,0,0
2025-12-15 01:05:47.112,SERVO_OUTPUT_RAW,1902309787,SERVO_OUTPUT_RAW,0,0,0,0,0,0,0,0,1000,1000,1000,1000,0,0,0,0,0
2025-12-15 01:05:47.212,SERVO_OUTPUT_RAW,1902409800,SERVO_OUTPUT_RAW,0,0,0,0,0,0,0,0,1000,1000,1000,1000,0,0,0,0,0
2025-12-15 01:05:47.312,SERVO_OUTPUT_RAW,1902509813,SERVO_OUTPUT_RAW,0,0,0,0,0,0,0,0,1000,1000,1000,1000,0,0,0,0,0
2025-12-15 01:05:47.413,SERVO_OUTPUT_RAW,1902609791,SERVO_OUTPUT_RAW,0,0,0,0,0,0,0,0,1000,1000,1000,1000,0,0,0,0,0
2025-12-15 01:05:47.512,SERVO_OUTPUT_RAW,1902709787,SERVO_OUTPUT_RAW,0,0,0,0,0,0,0,0,1000,1000,1000,1000,0,0,0,0,0
2025-12-15 01:05:47.612,SERVO_OUTPUT_RAW,1902809838,SERVO_OUTPUT_RAW,0,0,0,0,0,0,0,0,1000,1000,1000,1000,0,0,0,0,0
2025-12-15 01:05:47.712,SERVO_OUTPUT_RAW,1902909838,SERVO_OUTPUT_RAW,0,0,0,0,0,0,0,0,1000,1000,1000,1000,0,0,0,0,0
2025-12-15 01:05:47.812,SERVO_OUTPUT_RAW,1903009833,SERVO_OUTPUT_RAW,0,0,0,0,0,0,0,0,1000,1000,1000,1000,0,0,0,0,0
2025-12-15 01:05:47.912,SERVO_OUTPUT_RAW,1903109800,SERVO_OUTPUT_RAW,0,0,0,0,0,0,0,0,1000,1000,1000,1000,0,0,0,0,0
2025-12-15 01:05:48.012,SERVO_OUTPUT_RAW,1903209795,SERVO_OUTPUT_RAW,0,0,0,0,0,0,0,0,1000,1000,1000,1000,0,0,0,0,0
2025-12-15 01:05:48.112,SERVO_OUTPUT_RAW,1903309838,SERVO_OUTPUT_RAW,0,0,0,0,0,0,0,0,1000,1000,1000,1000,0,0,0,0,0
2025-12-15 01:05:48.212,SERVO_OUTPUT_RAW,1903409856,SERVO_OUTPUT_RAW,0,0,0,0,0,0,0,0,1000,1000,1000,1000,0,0,0,0,0
2025-12-15 01:05:48.312,SERVO_OUTPUT_RAW,1903509918,SERVO_OUTPUT_RAW,0,0,0,0,0,0,0,0,1000,1000,1000,1000,0,0,0,0,0
2025-12-15 01:05:48.412,SERVO_OUTPUT_RAW,1903609798,SERVO_OUTPUT_RAW,0,0,0,0,0,0,0,0,1000,1000,1000,1000,0,0,0,0,0
2025-12-15 01:05:48.512,SERVO_OUTPUT_RAW,1903709831,SERVO_OUTPUT_RAW,0,0,0,0,0,0,0,0,1000,1000,1000,1000,0,0,0,0,0
2025-12-15 01:05:48.612,SERVO_OUTPUT_RAW,1903809816,SERVO_OUTPUT_RAW,0,0,0,0,0,0,0,0,1000,1000,1000,1000,0,0,0,0,0
2025-12-15 01:05:48.712,SERVO_OUTPUT_RAW,1903909783,SERVO_OUTPUT_RAW,0,0,0,0,0,0,0,0,1000,1000,1000,1000,0,0,0,0,0
2025-12-15 01:05:48.812,SERVO_OUTPUT_RAW,1904009781,SERVO_OUTPUT_RAW,0,0,0,0,0,0,0,0,1000,1000,1000,1000,0,0,0,0,0
2025-12-15 01:05:48.913,SERVO_OUTPUT_RAW,1904109783,SERVO_OUTPUT_RAW,0,0,0,0,0,0,0,0,1000,1000,1000,1000,0,0,0,0,0
2025-12-15 01:05:49.013,SERVO_OUTPUT_RAW,1904209778,SERVO_OUTPUT_RAW,0,0,0,0,0,0,0,0,1000,1000,1000,1000,0,0,0,0,0
2025-12-15 01:05:49.112,SERVO_OUTPUT_RAW,1904309777,SERVO_OUTPUT_RAW,0,0,0,0,0,0,0,0,1000,1000,1000,1000,0,0,0,0,0
2025-12-15 01:05:49.212,SERVO_OUTPUT_RAW,1904412135,SERVO_OUTPUT_RAW,0,0,0,0,0,0,0,0,1000,1000,1000,1000,0,0,0,0,0
2025-12-15 01:05:49.312,SERVO_OUTPUT_RAW,1904509784,SERVO_OUTPUT_RAW,0,0,0,0,0,0,0,0,1000,1000,1000,1000,0,0,0,0,0
2025-12-15 01:05:49.412,SERVO_OUTPUT_RAW,1904612188,SERVO_OUTPUT_RAW,0,0,0,0,0,0,0,0,1000,1000,1000,1000,0,0,0,0,0
2025-12-15 01:05:49.512,SERVO_OUTPUT_RAW,1904709827,SERVO_OUTPUT_RAW,0,0,0,0,0,0,0,0,1000,1000,1000,1000,0,0,0,0,0
2025-12-15 01:05:49.612,SERVO_OUTPUT_RAW,1904809825,SERVO_OUTPUT_RAW,0,0,0,0,0,0,0,0,1000,1000,1000,1000,0,0,0,0,0
2025-12-15 01:05:49.712,SERVO_OUTPUT_RAW,1904909850,SERVO_OUTPUT_RAW,0,0,0,0,0,0,0,0,1000,1000,1000,1000,0,0,0,0,0
2025-12-15 01:05:49.812,SERVO_OUTPUT_RAW,1905009845,SERVO_OUTPUT_RAW,0,0,0,0,0,0,0,0,1000,1000,1000,1000,0,0,0,0,0
2025-12-15 01:05:49.914,SERVO_OUTPUT_RAW,1905109775,SERVO_OUTPUT_RAW,0,0,0,0,0,0,0,0,1000,1000,1000,1000,0,0,0,0,0
2025-12-15 01:05:50.012,SERVO_OUTPUT_RAW,1905209800,SERVO_OUTPUT_RAW,0,0,0,0,0,0,0,0,1000,1000,1000,1000,0,0,0,0,0
2025-12-15 01:05:50.112,SERVO_OUTPUT_RAW,1905309804,SERVO_OUTPUT_RAW,0,0,0,0,0,0,0,0,1000,1000,1000,1000,0,0,0,0,0
2025-12-15 01:05:50.212,SERVO_OUTPUT_RAW,1905409834,SERVO_OUTPUT_RAW,0,0,0,0,0,0,0,0,1000,1000,1000,1000,0,0,0,0,0
2025-12-15 01:05:50.312,SERVO_OUTPUT_RAW,1905509791,SERVO_OUTPUT_RAW,0,0,0,0,0,0,0,0,1000,1000,1000,1000,0,0,0,0,0
2025-12-15 01:05:50.413,SERVO_OUTPUT_RAW,1905609854,SERVO_OUTPUT_RAW,0,0,0,0,0,0,0,0,1000,1000,1000,1000,0,0,0,0,0
2025-12-15 01:05:50.512,SERVO_OUTPUT_RAW,1905709804,SERVO_OUTPUT_RAW,0,0,0,0,0,0,0,0,1000,1000,1000,1000,0,0,0,0,0
2025-12-15 01:05:50.611,SERVO_OUTPUT_RAW,1905809788,SERVO_OUTPUT_RAW,0,0,0,0,0,0,0,0,1000,1000,1000,1000,0,0,0,0,0
2025-12-15 01:05:50.711,SERVO_OUTPUT_RAW,1905909819,SERVO_OUTPUT_RAW,0,0,0,0,0,0,0,0,1000,1000,1000,1000,0,0,0,0,0
2025-12-15 01:05:50.811,SERVO_OUTPUT_RAW,1906009830,SERVO_OUTPUT_RAW,0,0,0,0,0,0,0,0,1000,1000,1000,1000,0,0,0,0,0
2025-12-15 01:05:50.911,SERVO_OUTPUT_RAW,1906109800,SERVO_OUTPUT_RAW,0,0,0,0,0,0,0,0,1000,1000,1000,1000,0,0,0,0,0
2025-12-15 01:05:51.012,SERVO_OUTPUT_RAW,1906209847,SERVO_OUTPUT_RAW,0,0,0,0,0,0,0,0,1000,1000,1000,1000,0,0,0,0,0
2025-12-15 01:05:51.111,SERVO_OUTPUT_RAW,1906309798,SERVO_OUTPUT_RAW,0,0,0,0,0,0,0,0,1000,1000,1000,1000,0,0,0,0,0
2025-12-15 01:05:51.212,SERVO_OUTPUT_RAW,1906409855,SERVO_OUTPUT_RAW,0,0,0,0,0,0,0,0,1000,1000,1000,1000,0,0,0,0,0
2025-12-15 01:05:51.312,SERVO_OUTPUT_RAW,1906509833,SERVO_OUTPUT_RAW,0,0,0,0,0,0,0,0,1000,1000,1000,1000,0,0,0,0,0
2025-12-15 01:05:51.412,SERVO_OUTPUT_RAW,1906609778,SERVO_OUTPUT_RAW,0,0,0,0,0,0,0,0,1000,1000,1000,1000,0,0,0,0,0
2025-12-15 01:05:51.511,SERVO_OUTPUT_RAW,1906709788,SERVO_OUTPUT_RAW,0,0,0,0,0,0,0,0,1000,1000,1000,1000,0,0,0,0,0
2025-12-15 01:05:51.611,SERVO_OUTPUT_RAW,1906809818,SERVO_OUTPUT_RAW,0,0,0,0,0,0,0,0,1000,1000,1000,1000,0,0,0,0,0
2025-12-15 01:05:51.712,SERVO_OUTPUT_RAW,1906909817,SERVO_OUTPUT_RAW,0,0,0,0,0,0,0,0,1000,1000,1000,1000,0,0,0,0,0
2025-12-15 01:05:51.812,SERVO_OUTPUT_RAW,1907009780,SERVO_OUTPUT_RAW,0,0,0,0,0,0,0,0,1000,1000,1000,1000,0,0,0,0,0
2025-12-15 01:05:51.911,SERVO_OUTPUT_RAW,1907109785,SERVO_OUTPUT_RAW,0,0,0,0,0,0,0,0,1000,1000,1000,1000,0,0,0,0,0
2025-12-15 01:05:52.011,SERVO_OUTPUT_RAW,1907209790,SERVO_OUTPUT_RAW,0,0,0,0,0,0,0,0,1000,1000,1000,1000,0,0,0,0,0
2025-12-15 01:05:52.112,SERVO_OUTPUT_RAW,1907309793,SERVO_OUTPUT_RAW,0,0,0,0,0,0,0,0,1000,1000,1000,1000,0,0,0,0,0
2025-12-15 01:05:52.212,SERVO_OUTPUT_RAW,1907409793,SERVO_OUTPUT_RAW,0,0,0,0,0,0,0,0,1000,1000,1000,1000,0,0,0,0,0
2025-12-15 01:05:52.312,SERVO_OUTPUT_RAW,1907509799,SERVO_OUTPUT_RAW,0,0,0,0,0,0,0,0,1000,1000,1000,1000,0,0,0,0,0
2025-12-15 01:05:52.412,SERVO_OUTPUT_RAW,1907609833,SERVO_OUTPUT_RAW,0,0,0,0,0,0,0,0,1000,1000,1000,1000,0,0,0,0,0
2025-12-15 01:05:52.513,SERVO_OUTPUT_RAW,1907712155,SERVO_OUTPUT_RAW,0,0,0,0,0,0,0,0,1000,1000,1000,1000,0,0,0,0,0
2025-12-15 01:05:52.612,SERVO_OUTPUT_RAW,1907809801,SERVO_OUTPUT_RAW,0,0,0,0,0,0,0,0,1000,1000,1000,1000,0,0,0,0,0
2025-12-15 01:05:52.712,SERVO_OUTPUT_RAW,1907909809,SERVO_OUTPUT_RAW,0,0,0,0,0,0,0,0,1000,1000,1000,1000,0,0,0,0,0
2025-12-15 01:05:52.812,SERVO_OUTPUT_RAW,1908009836,SERVO_OUTPUT_RAW,0,0,0,0,0,0,0,0,1000,1000,1000,1000,0,0,0,0,0
2025-12-15 01:05:52.912,SERVO_OUTPUT_RAW,1908109844,SERVO_OUTPUT_RAW,0,0,0,0,0,0,0,0,1000,1000,1000,1000,0,0,0,0,0
2025-12-15 01:05:53.012,SERVO_OUTPUT_RAW,1908209794,SERVO_OUTPUT_RAW,0,0,0,0,0,0,0,0,1000,1000,1000,1000,0,0,0,0,0
2025-12-15 01:05:53.112,SERVO_OUTPUT_RAW,1908309807,SERVO_OUTPUT_RAW,0,0,0,0,0,0,0,0,1000,1000,1000,1000,0,0,0,0,0
2025-12-15 01:05:53.212,SERVO_OUTPUT_RAW,1908409825,SERVO_OUTPUT_RAW,0,0,0,0,0,0,0,0,1000,1000,1000,1000,0,0,0,0,0
2025-12-15 01:05:53.312,SERVO_OUTPUT_RAW,1908509781,SERVO_OUTPUT_RAW,0,0,0,0,0,0,0,0,1000,1000,1000,1000,0,0,0,0,0
2025-12-15 01:05:53.412,SERVO_OUTPUT_RAW,1908609792,SERVO_OUTPUT_RAW,0,0,0,0,0,0,0,0,1000,1000,1000,1000,0,0,0,0,0
2025-12-15 01:05:53.512,SERVO_OUTPUT_RAW,1908709789,SERVO_OUTPUT_RAW,0,0,0,0,0,0,0,0,1000,1000,1000,1000,0,0,0,0,0
2025-12-15 01:05:53.612,SERVO_OUTPUT_RAW,1908809786,SERVO_OUTPUT_RAW,0,0,0,0,0,0,0,0,1000,1000,1000,1000,0,0,0,0,0
2025-12-15 01:05:53.712,SERVO_OUTPUT_RAW,1908909795,SERVO_OUTPUT_RAW,0,0,0,0,0,0,0,0,1000,1000,1000,1000,0,0,0,0,0
2025-12-15 01:05:53.812,SERVO_OUTPUT_RAW,1909009796,SERVO_OUTPUT_RAW,0,0,0,0,0,0,0,0,1000,1000,1000,1000,0,0,0,0,0
2025-12-15 01:05:53.912,SERVO_OUTPUT_RAW,1909109830,SERVO_OUTPUT_RAW,0,0,0,0,0,0,0,0,1000,1000,1000,1000,0,0,0,0,0
2025-12-15 01:05:54.012,SERVO_OUTPUT_RAW,1909209793,SERVO_OUTPUT_RAW,0,0,0,0,0,0,0,0,1000,1000,1000,1000,0,0,0,0,0
2025-12-15 01:05:54.112,SERVO_OUTPUT_RAW,1909309809,SERVO_OUTPUT_RAW,0,0,0,0,0,0,0,0,1000,1000,1000,1000,0,0,0,0,0
2025-12-15 01:05:54.212,SERVO_OUTPUT_RAW,1909409788,SERVO_OUTPUT_RAW,0,0,0,0,0,0,0,0,1000,1000,1000,1000,0,0,0,0,0
2025-12-15 01:05:54.312,SERVO_OUTPUT_RAW,1909509836,SERVO_OUTPUT_RAW,0,0,0,0,0,0,0,0,1000,1000,1000,1000,0,0,0,0,0
2025-12-15 01:05:54.412,SERVO_OUTPUT_RAW,1909609851,SERVO_OUTPUT_RAW,0,0,0,0,0,0,0,0,1000,1000,1000,1000,0,0,0,0,0
2025-12-15 01:05:54.512,SERVO_OUTPUT_RAW,1909709802,SERVO_OUTPUT_RAW,0,0,0,0,0,0,0,0,1000,1000,1000,1000,0,0,0,0,0
2025-12-15 01:05:54.612,SERVO_OUTPUT_RAW,1909809915,SERVO_OUTPUT_RAW,0,0,0,0,0,0,0,0,1000,1000,1000,1000,0,0,0,0,0
2025-12-15 01:05:54.712,SERVO_OUTPUT_RAW,1909909826,SERVO_OUTPUT_RAW,0,0,0,0,0,0,0,0,1000,1000,1000,1000,0,0,0,0,0
2025-12-15 01:05:54.812,SERVO_OUTPUT_RAW,1910009831,SERVO_OUTPUT_RAW,0,0,0,0,0,0,0,0,1000,1000,1000,1000,0,0,0,0,0
2025-12-15 01:05:54.913,SERVO_OUTPUT_RAW,1910109788,SERVO_OUTPUT_RAW,0,0,0,0,0,0,0,0,1000,1000,1000,1000,0,0,0,0,0
2025-12-15 01:05:55.013,SERVO_OUTPUT_RAW,1910209791,SERVO_OUTPUT_RAW,0,0,0,0,0,0,0,0,1000,1000,1000,1000,0,0,0,0,0
2025-12-15 01:05:55.112,SERVO_OUTPUT_RAW,1910309788,SERVO_OUTPUT_RAW,0,0,0,0,0,0,0,0,1000,1000,1000,1000,0,0,0,0,0
2025-12-15 01:05:55.212,SERVO_OUTPUT_RAW,1910409783,SERVO_OUTPUT_RAW,0,0,0,0,0,0,0,0,1000,1000,1000,1000,0,0,0,0,0
2025-12-15 01:05:55.312,SERVO_OUTPUT_RAW,1910509800,SERVO_OUTPUT_RAW,0,0,0,0,0,0,0,0,1000,1000,1000,1000,0,0,0,0,0
2025-12-15 01:05:55.412,SERVO_OUTPUT_RAW,1910612178,SERVO_OUTPUT_RAW,0,0,0,0,0,0,0,0,1000,1000,1000,1000,0,0,0,0,0
2025-12-15 01:05:55.512,SERVO_OUTPUT_RAW,1910709825,SERVO_OUTPUT_RAW,0,0,0,0,0,0,0,0,1000,1000,1000,1000,0,0,0,0,0
2025-12-15 01:05:55.612,SERVO_OUTPUT_RAW,1910809876,SERVO_OUTPUT_RAW,0,0,0,0,0,0,0,0,1000,1000,1000,1000,0,0,0,0,0
2025-12-15 01:05:55.712,SERVO_OUTPUT_RAW,1910909821,SERVO_OUTPUT_RAW,0,0,0,0,0,0,0,0,1000,1000,1000,1000,0,0,0,0,0
2025-12-15 01:05:55.812,SERVO_OUTPUT_RAW,1911009801,SERVO_OUTPUT_RAW,0,0,0,0,0,0,0,0,1000,1000,1000,1000,0,0,0,0,0
2025-12-15 01:05:55.912,SERVO_OUTPUT_RAW,1911109829,SERVO_OUTPUT_RAW,0,0,0,0,0,0,0,0,1000,1000,1000,1000,0,0,0,0,0
2025-12-15 01:05:56.012,SERVO_OUTPUT_RAW,1911209871,SERVO_OUTPUT_RAW,0,0,0,0,0,0,0,0,1000,1000,1000,1000,0,0,0,0,0
2025-12-15 01:05:56.112,SERVO_OUTPUT_RAW,1911309790,SERVO_OUTPUT_RAW,0,0,0,0,0,0,0,0,1000,1000,1000,1000,0,0,0,0,0
2025-12-15 01:05:56.212,SERVO_OUTPUT_RAW,1911409801,SERVO_OUTPUT_RAW,0,0,0,0,0,0,0,0,1000,1000,1000,1000,0,0,0,0,0
2025-12-15 01:05:56.312,SERVO_OUTPUT_RAW,1911509817,SERVO_OUTPUT_RAW,0,0,0,0,0,0,0,0,1000,1000,1000,1000,0,0,0,0,0
2025-12-15 01:05:56.412,SERVO_OUTPUT_RAW,1911609801,SERVO_OUTPUT_RAW,0,0,0,0,0,0,0,0,1000,1000,1000,1000,0,0,0,0,0
2025-12-15 01:05:56.512,SERVO_OUTPUT_RAW,1911709781,SERVO_OUTPUT_RAW,0,0,0,0,0,0,0,0,1000,1000,1000,1000,0,0,0,0,0
2025-12-15 01:05:56.612,SERVO_OUTPUT_RAW,1911809796,SERVO_OUTPUT_RAW,0,0,0,0,0,0,0,0,1000,1000,1000,1000,0,0,0,0,0
2025-12-15 01:05:56.712,SERVO_OUTPUT_RAW,1911909845,SERVO_OUTPUT_RAW,0,0,0,0,0,0,0,0,1000,1000,1000,1000,0,0,0,0,0
2025-12-15 01:05:56.812,SERVO_OUTPUT_RAW,1912009784,SERVO_OUTPUT_RAW,0,0,0,0,0,0,0,0,1000,1000,1000,1000,0,0,0,0,0
2025-12-15 01:05:56.912,SERVO_OUTPUT_RAW,1912109788,SERVO_OUTPUT_RAW,0,0,0,0,0,0,0,0,1000,1000,1000,1000,0,0,0,0,0
2025-12-15 01:05:57.012,SERVO_OUTPUT_RAW,1912212131,SERVO_OUTPUT_RAW,0,0,0,0,0,0,0,0,1000,1000,1000,1000,0,0,0,0,0
2025-12-15 01:05:57.112,SERVO_OUTPUT_RAW,1912309839,SERVO_OUTPUT_RAW,0,0,0,0,0,0,0,0,1000,1000,1000,1000,0,0,0,0,0
2025-12-15 01:05:57.212,SERVO_OUTPUT_RAW,1912409854,SERVO_OUTPUT_RAW,0,0,0,0,0,0,0,0,1000,1000,1000,1000,0,0,0,0,0
2025-12-15 01:05:57.313,SERVO_OUTPUT_RAW,1912509826,SERVO_OUTPUT_RAW,0,0,0,0,0,0,0,0,1000,1000,1000,1000,0,0,0,0,0
2025-12-15 01:05:57.413,SERVO_OUTPUT_RAW,1912609822,SERVO_OUTPUT_RAW,0,0,0,0,0,0,0,0,1000,1000,1000,1000,0,0,0,0,0
2025-12-15 01:05:57.512,SERVO_OUTPUT_RAW,1912709857,SERVO_OUTPUT_RAW,0,0,0,0,0,0,0,0,1000,1000,1000,1000,0,0,0,0,0
2025-12-15 01:05:57.612,SERVO_OUTPUT_RAW,1912809853,SERVO_OUTPUT_RAW,0,0,0,0,0,0,0,0,1000,1000,1000,1000,0,0,0,0,0
2025-12-15 01:05:57.713,SERVO_OUTPUT_RAW,1912909786,SERVO_OUTPUT_RAW,0,0,0,0,0,0,0,0,1000,1000,1000,1000,0,0,0,0,0
2025-12-15 01:05:57.812,SERVO_OUTPUT_RAW,1913009797,SERVO_OUTPUT_RAW,0,0,0,0,0,0,0,0,1000,1000,1000,1000,0,0,0,0,0
2025-12-15 01:05:57.912,SERVO_OUTPUT_RAW,1913109811,SERVO_OUTPUT_RAW,0,0,0,0,0,0,0,0,1000,1000,1000,1000,0,0,0,0,0
2025-12-15 01:05:58.013,SERVO_OUTPUT_RAW,1913209776,SERVO_OUTPUT_RAW,0,0,0,0,0,0,0,0,1000,1000,1000,1000,0,0,0,0,0
2025-12-15 01:05:58.112,SERVO_OUTPUT_RAW,1913309797,SERVO_OUTPUT_RAW,0,0,0,0,0,0,0,0,1000,1000,1000,1000,0,0,0,0,0
2025-12-15 01:05:58.212,SERVO_OUTPUT_RAW,1913409800,SERVO_OUTPUT_RAW,0,0,0,0,0,0,0,0,1000,1000,1000,1000,0,0,0,0,0
2025-12-15 01:05:58.312,SERVO_OUTPUT_RAW,1913509798,SERVO_OUTPUT_RAW,0,0,0,0,0,0,0,0,1000,1000,1000,1000,0,0,0,0,0
2025-12-15 01:05:58.412,SERVO_OUTPUT_RAW,1913609804,SERVO_OUTPUT_RAW,0,0,0,0,0,0,0,0,1000,1000,1000,1000,0,0,0,0,0
2025-12-15 01:05:58.513,SERVO_OUTPUT_RAW,1913709787,SERVO_OUTPUT_RAW,0,0,0,0,0,0,0,0,1000,1000,1000,1000,0,0,0,0,0
2025-12-15 01:05:58.612,SERVO_OUTPUT_RAW,1913809840,SERVO_OUTPUT_RAW,0,0,0,0,0,0,0,0,1000,1000,1000,1000,0,0,0,0,0
2025-12-15 01:05:58.712,SERVO_OUTPUT_RAW,1913909784,SERVO_OUTPUT_RAW,0,0,0,0,0,0,0,0,1000,1000,1000,1000,0,0,0,0,0
2025-12-15 01:05:58.812,SERVO_OUTPUT_RAW,1914012145,SERVO_OUTPUT_RAW,0,0,0,0,0,0,0,0,1000,1000,1000,1000,0,0,0,0,0
2025-12-15 01:05:58.912,SERVO_OUTPUT_RAW,1914109897,SERVO_OUTPUT_RAW,0,0,0,0,0,0,0,0,1000,1000,1000,1000,0,0,0,0,0
2025-12-15 01:05:59.012,SERVO_OUTPUT_RAW,1914209818,SERVO_OUTPUT_RAW,0,0,0,0,0,0,0,0,1000,1000,1000,1000,0,0,0,0,0
2025-12-15 01:05:59.112,SERVO_OUTPUT_RAW,1914309846,SERVO_OUTPUT_RAW,0,0,0,0,0,0,0,0,1000,1000,1000,1000,0,0,0,0,0
2025-12-15 01:05:59.212,SERVO_OUTPUT_RAW,1914409829,SERVO_OUTPUT_RAW,0,0,0,0,0,0,0,0,1000,1000,1000,1000,0,0,0,0,0
2025-12-15 01:05:59.312,SERVO_OUTPUT_RAW,1914509802,SERVO_OUTPUT_RAW,0,0,0,0,0,0,0,0,1000,1000,1000,1000,0,0,0,0,0
2025-12-15 01:05:59.412,SERVO_OUTPUT_RAW,1914609821,SERVO_OUTPUT_RAW,0,0,0,0,0,0,0,0,1000,1000,1000,1000,0,0,0,0,0
2025-12-15 01:05:59.512,SERVO_OUTPUT_RAW,1914709841,SERVO_OUTPUT_RAW,0,0,0,0,0,0,0,0,1000,1000,1000,1000,0,0,0,0,0
2025-12-15 01:05:59.612,SERVO_OUTPUT_RAW,1914809794,SERVO_OUTPUT_RAW,0,0,0,0,0,0,0,0,1000,1000,1000,1000,0,0,0,0,0
2025-12-15 01:05:59.712,SERVO_OUTPUT_RAW,1914909790,SERVO_OUTPUT_RAW,0,0,0,0,0,0,0,0,1000,1000,1000,1000,0,0,0,0,0
2025-12-15 01:05:59.812,SERVO_OUTPUT_RAW,1915009788,SERVO_OUTPUT_RAW,0,0,0,0,0,0,0,0,1000,1000,1000,1000,0,0,0,0,0
2025-12-15 01:05:59.912,SERVO_OUTPUT_RAW,1915109793,SERVO_OUTPUT_RAW,0,0,0,0,0,0,0,0,1000,1000,1000,1000,0,0,0,0,0
2025-12-15 01:06:00.011,SERVO_OUTPUT_RAW,1915209790,SERVO_OUTPUT_RAW,0,0,0,0,0,0,0,0,1000,1000,1000,1000,0,0,0,0,0
2025-12-15 01:06:00.111,SERVO_OUTPUT_RAW,1915309803,SERVO_OUTPUT_RAW,0,0,0,0,0,0,0,0,1000,1000,1000,1000,0,0,0,0,0
2025-12-15 01:06:00.212,SERVO_OUTPUT_RAW,1915409845,SERVO_OUTPUT_RAW,0,0,0,0,0,0,0,0,1000,1000,1000,1000,0,0,0,0,0
2025-12-15 01:06:00.313,SERVO_OUTPUT_RAW,1915509793,SERVO_OUTPUT_RAW,0,0,0,0,0,0,0,0,1000,1000,1000,1000,0,0,0,0,0
2025-12-15 01:06:00.411,SERVO_OUTPUT_RAW,1915609793,SERVO_OUTPUT_RAW,0,0,0,0,0,0,0,0,1000,1000,1000,1000,0,0,0,0,0
2025-12-15 01:06:00.512,SERVO_OUTPUT_RAW,1915709811,SERVO_OUTPUT_RAW,0,0,0,0,0,0,0,0,1000,1000,1000,1000,0,0,0,0,0
2025-12-15 01:06:00.613,SERVO_OUTPUT_RAW,1915809842,SERVO_OUTPUT_RAW,0,0,0,0,0,0,0,0,1000,1000,1000,1000,0,0,0,0,0
2025-12-15 01:06:00.712,SERVO_OUTPUT_RAW,1915909841,SERVO_OUTPUT_RAW,0,0,0,0,0,0,0,0,1000,1000,1000,1000,0,0,0,0,0
2025-12-15 01:06:00.812,SERVO_OUTPUT_RAW,1916009789,SERVO_OUTPUT_RAW,0,0,0,0,0,0,0,0,1000,1000,1000,1000,0,0,0,0,0
2025-12-15 01:06:00.912,SERVO_OUTPUT_RAW,1916109907,SERVO_OUTPUT_RAW,0,0,0,0,0,0,0,0,1000,1000,1000,1000,0,0,0,0,0
2025-12-15 01:06:01.012,SERVO_OUTPUT_RAW,1916209810,SERVO_OUTPUT_RAW,0,0,0,0,0,0,0,0,1000,1000,1000,1000,0,0,0,0,0
2025-12-15 01:06:01.113,SERVO_OUTPUT_RAW,1916309835,SERVO_OUTPUT_RAW,0,0,0,0,0,0,0,0,1000,1000,1000,1000,0,0,0,0,0
2025-12-15 01:06:01.211,SERVO_OUTPUT_RAW,1916409782,SERVO_OUTPUT_RAW,0,0,0,0,0,0,0,0,1000,1000,1000,1000,0,0,0,0,0
2025-12-15 01:06:01.311,SERVO_OUTPUT_RAW,1916509786,SERVO_OUTPUT_RAW,0,0,0,0,0,0,0,0,1000,1000,1000,1000,0,0,0,0,0
2025-12-15 01:06:01.412,SERVO_OUTPUT_RAW,1916609786,SERVO_OUTPUT_RAW,0,0,0,0,0,0,0,0,1000,1000,1000,1000,0,0,0,0,0
2025-12-15 01:06:01.511,SERVO_OUTPUT_RAW,1916709781,SERVO_OUTPUT_RAW,0,0,0,0,0,0,0,0,1000,1000,1000,1000,0,0,0,0,0
2025-12-15 01:06:01.611,SERVO_OUTPUT_RAW,1916809800,SERVO_OUTPUT_RAW,0,0,0,0,0,0,0,0,1000,1000,1000,1000,0,0,0,0,0
2025-12-15 01:06:01.712,SERVO_OUTPUT_RAW,1916909824,SERVO_OUTPUT_RAW,0,0,0,0,0,0,0,0,1000,1000,1000,1000,0,0,0,0,0
2025-12-15 01:06:01.811,SERVO_OUTPUT_RAW,1917009869,SERVO_OUTPUT_RAW,0,0,0,0,0,0,0,0,1000,1000,1000,1000,0,0,0,0,0
2025-12-15 01:06:01.911,SERVO_OUTPUT_RAW,1917109787,SERVO_OUTPUT_RAW,0,0,0,0,0,0,0,0,1000,1000,1000,1000,0,0,0,0,0
2025-12-15 01:06:02.012,SERVO_OUTPUT_RAW,1917209803,SERVO_OUTPUT_RAW,0,0,0,0,0,0,0,0,1000,1000,1000,1000,0,0,0,0,0
2025-12-15 01:06:02.112,SERVO_OUTPUT_RAW,1917309815,SERVO_OUTPUT_RAW,0,0,0,0,0,0,0,0,1000,1000,1000,1000,0,0,0,0,0
2025-12-15 01:06:02.212,SERVO_OUTPUT_RAW,1917409847,SERVO_OUTPUT_RAW,0,0,0,0,0,0,0,0,1000,1000,1000,1000,0,0,0,0,0
2025-12-15 01:06:02.312,SERVO_OUTPUT_RAW,1917509802,SERVO_OUTPUT_RAW,0,0,0,0,0,0,0,0,1000,1000,1000,1000,0,0,0,0,0
2025-12-15 01:06:02.417,SERVO_OUTPUT_RAW,1917609781,SERVO_OUTPUT_RAW,0,0,0,0,0,0,0,0,1000,1000,1000,1000,0,0,0,0,0
2025-12-15 01:06:02.512,SERVO_OUTPUT_RAW,1917709802,SERVO_OUTPUT_RAW,0,0,0,0,0,0,0,0,1000,1000,1000,1000,0,0,0,0,0
2025-12-15 01:06:02.612,SERVO_OUTPUT_RAW,1917809826,SERVO_OUTPUT_RAW,0,0,0,0,0,0,0,0,1000,1000,1000,1000,0,0,0,0,0
2025-12-15 01:06:02.712,SERVO_OUTPUT_RAW,1917909790,SERVO_OUTPUT_RAW,0,0,0,0,0,0,0,0,1000,1000,1000,1000,0,0,0,0,0
2025-12-15 01:06:02.812,SERVO_OUTPUT_RAW,1918009806,SERVO_OUTPUT_RAW,0,0,0,0,0,0,0,0,1000,1000,1000,1000,0,0,0,0,0
2025-12-15 01:06:02.912,SERVO_OUTPUT_RAW,1918109806,SERVO_OUTPUT_RAW,0,0,0,0,0,0,0,0,1000,1000,1000,1000,0,0,0,0,0
2025-12-15 01:06:03.012,SERVO_OUTPUT_RAW,1918209869,SERVO_OUTPUT_RAW,0,0,0,0,0,0,0,0,1000,1000,1000,1000,0,0,0,0,0
2025-12-15 01:06:03.112,SERVO_OUTPUT_RAW,1918309798,SERVO_OUTPUT_RAW,0,0,0,0,0,0,0,0,1000,1000,1000,1000,0,0,0,0,0
2025-12-15 01:06:03.212,SERVO_OUTPUT_RAW,1918409807,SERVO_OUTPUT_RAW,0,0,0,0,0,0,0,0,1000,1000,1000,1000,0,0,0,0,0
2025-12-15 01:06:03.312,SERVO_OUTPUT_RAW,1918509823,SERVO_OUTPUT_RAW,0,0,0,0,0,0,0,0,1000,1000,1000,1000,0,0,0,0,0
2025-12-15 01:06:03.412,SERVO_OUTPUT_RAW,1918609830,SERVO_OUTPUT_RAW,0,0,0,0,0,0,0,0,1000,1000,1000,1000,0,0,0,0,0
2025-12-15 01:06:03.512,SERVO_OUTPUT_RAW,1918709802,SERVO_OUTPUT_RAW,0,0,0,0,0,0,0,0,1000,1000,1000,1000,0,0,0,0,0
2025-12-15 01:06:03.612,SERVO_OUTPUT_RAW,1918809804,SERVO_OUTPUT_RAW,0,0,0,0,0,0,0,0,1000,1000,1000,1000,0,0,0,0,0
2025-12-15 01:06:03.712,SERVO_OUTPUT_RAW,1918909823,SERVO_OUTPUT_RAW,0,0,0,0,0,0,0,0,1000,1000,1000,1000,0,0,0,0,0
2025-12-15 01:06:03.812,SERVO_OUTPUT_RAW,1919009864,SERVO_OUTPUT_RAW,0,0,0,0,0,0,0,0,1000,1000,1000,1000,0,0,0,0,0
2025-12-15 01:06:03.912,SERVO_OUTPUT_RAW,1919109783,SERVO_OUTPUT_RAW,0,0,0,0,0,0,0,0,1000,1000,1000,1000,0,0,0,0,0
2025-12-15 01:06:04.012,SERVO_OUTPUT_RAW,1919209792,SERVO_OUTPUT_RAW,0,0,0,0,0,0,0,0,1000,1000,1000,1000,0,0,0,0,0
2025-12-15 01:06:04.112,SERVO_OUTPUT_RAW,1919309876,SERVO_OUTPUT_RAW,0,0,0,0,0,0,0,0,1000,1000,1000,1000,0,0,0,0,0
2025-12-15 01:06:04.212,SERVO_OUTPUT_RAW,1919409816,SERVO_OUTPUT_RAW,0,0,0,0,0,0,0,0,1000,1000,1000,1000,0,0,0,0,0
2025-12-15 01:06:04.312,SERVO_OUTPUT_RAW,1919509790,SERVO_OUTPUT_RAW,0,0,0,0,0,0,0,0,1000,1000,1000,1000,0,0,0,0,0
2025-12-15 01:06:04.412,SERVO_OUTPUT_RAW,1919609788,SERVO_OUTPUT_RAW,0,0,0,0,0,0,0,0,1000,1000,1000,1000,0,0,0,0,0
2025-12-15 01:06:04.512,SERVO_OUTPUT_RAW,1919709783,SERVO_OUTPUT_RAW,0,0,0,0,0,0,0,0,1000,1000,1000,1000,0,0,0,0,0
2025-12-15 01:06:04.612,SERVO_OUTPUT_RAW,1919809805,SERVO_OUTPUT_RAW,0,0,0,0,0,0,0,0,1000,1000,1000,1000,0,0,0,0,0
2025-12-15 01:06:04.712,SERVO_OUTPUT_RAW,1919909813,SERVO_OUTPUT_RAW,0,0,0,0,0,0,0,0,1000,1000,1000,1000,0,0,0,0,0
2025-12-15 01:06:04.813,SERVO_OUTPUT_RAW,1920009804,SERVO_OUTPUT_RAW,0,0,0,0,0,0,0,0,1000,1000,1000,1000,0,0,0,0,0
2025-12-15 01:06:04.912,SERVO_OUTPUT_RAW,1920109829,SERVO_OUTPUT_RAW,0,0,0,0,0,0,0,0,1000,1000,1000,1000,0,0,0,0,0
2025-12-15 01:06:05.012,SERVO_OUTPUT_RAW,1920209839,SERVO_OUTPUT_RAW,0,0,0,0,0,0,0,0,1000,1000,1000,1000,0,0,0,0,0
2025-12-15 01:06:05.112,SERVO_OUTPUT_RAW,1920312170,SERVO_OUTPUT_RAW,0,0,0,0,0,0,0,0,1000,1000,1000,1000,0,0,0,0,0
2025-12-15 01:06:05.212,SERVO_OUTPUT_RAW,1920409817,SERVO_OUTPUT_RAW,0,0,0,0,0,0,0,0,1000,1000,1000,1000,0,0,0,0,0
2025-12-15 01:06:05.312,SERVO_OUTPUT_RAW,1920509845,SERVO_OUTPUT_RAW,0,0,0,0,0,0,0,0,1000,1000,1000,1000,0,0,0,0,0
2025-12-15 01:06:05.412,SERVO_OUTPUT_RAW,1920609850,SERVO_OUTPUT_RAW,0,0,0,0,0,0,0,0,1000,1000,1000,1000,0,0,0,0,0
2025-12-15 01:06:05.512,SERVO_OUTPUT_RAW,1920709781,SERVO_OUTPUT_RAW,0,0,0,0,0,0,0,0,1000,1000,1000,1000,0,0,0,0,0
2025-12-15 01:06:05.613,SERVO_OUTPUT_RAW,1920809822,SERVO_OUTPUT_RAW,0,0,0,0,0,0,0,0,1000,1000,1000,1000,0,0,0,0,0
2025-12-15 01:06:05.712,SERVO_OUTPUT_RAW,1920909827,SERVO_OUTPUT_RAW,0,0,0,0,0,0,0,0,1000,1000,1000,1000,0,0,0,0,0
2025-12-15 01:06:05.812,SERVO_OUTPUT_RAW,1921009782,SERVO_OUTPUT_RAW,0,0,0,0,0,0,0,0,1000,1000,1000,1000,0,0,0,0,0
2025-12-15 01:06:05.912,SERVO_OUTPUT_RAW,1921109856,SERVO_OUTPUT_RAW,0,0,0,0,0,0,0,0,1000,1000,1000,1000,0,0,0,0,0
2025-12-15 01:06:06.012,SERVO_OUTPUT_RAW,1921209799,SERVO_OUTPUT_RAW,0,0,0,0,0,0,0,0,1000,1000,1000,1000,0,0,0,0,0
2025-12-15 01:06:06.112,SERVO_OUTPUT_RAW,1921309810,SERVO_OUTPUT_RAW,0,0,0,0,0,0,0,0,1000,1000,1000,1000,0,0,0,0,0
2025-12-15 01:06:06.213,SERVO_OUTPUT_RAW,1921409794,SERVO_OUTPUT_RAW,0,0,0,0,0,0,0,0,1000,1000,1000,1000,0,0,0,0,0
2025-12-15 01:06:06.312,SERVO_OUTPUT_RAW,1921509823,SERVO_OUTPUT_RAW,0,0,0,0,0,0,0,0,1000,1000,1000,1000,0,0,0,0,0
2025-12-15 01:06:06.412,SERVO_OUTPUT_RAW,1921609831,SERVO_OUTPUT_RAW,0,0,0,0,0,0,0,0,1000,1000,1000,1000,0,0,0,0,0
2025-12-15 01:06:06.512,SERVO_OUTPUT_RAW,1921709860,SERVO_OUTPUT_RAW,0,0,0,0,0,0,0,0,1000,1000,1000,1000,0,0,0,0,0
2025-12-15 01:06:06.612,SERVO_OUTPUT_RAW,1921809799,SERVO_OUTPUT_RAW,0,0,0,0,0,0,0,0,1000,1000,1000,1000,0,0,0,0,0
2025-12-15 01:06:06.712,SERVO_OUTPUT_RAW,1921909801,SERVO_OUTPUT_RAW,0,0,0,0,0,0,0,0,1000,1000,1000,1000,0,0,0,0,0
2025-12-15 01:06:06.812,SERVO_OUTPUT_RAW,1922009819,SERVO_OUTPUT_RAW,0,0,0,0,0,0,0,0,1000,1000,1000,1000,0,0,0,0,0
2025-12-15 01:06:06.912,SERVO_OUTPUT_RAW,1922109838,SERVO_OUTPUT_RAW,0,0,0,0,0,0,0,0,1000,1000,1000,1000,0,0,0,0,0
2025-12-15 01:06:07.012,SERVO_OUTPUT_RAW,1922209860,SERVO_OUTPUT_RAW,0,0,0,0,0,0,0,0,1000,1000,1000,1000,0,0,0,0,0
2025-12-15 01:06:07.112,SERVO_OUTPUT_RAW,1922309797,SERVO_OUTPUT_RAW,0,0,0,0,0,0,0,0,1000,1000,1000,1000,0,0,0,0,0
2025-12-15 01:06:07.213,SERVO_OUTPUT_RAW,1922409934,SERVO_OUTPUT_RAW,0,0,0,0,0,0,0,0,1000,1000,1000,1000,0,0,0,0,0
2025-12-15 01:06:07.312,SERVO_OUTPUT_RAW,1922509844,SERVO_OUTPUT_RAW,0,0,0,0,0,0,0,0,1000,1000,1000,1000,0,0,0,0,0
2025-12-15 01:06:07.412,SERVO_OUTPUT_RAW,1922609816,SERVO_OUTPUT_RAW,0,0,0,0,0,0,0,0,1000,1000,1000,1000,0,0,0,0,0
2025-12-15 01:06:07.514,SERVO_OUTPUT_RAW,1922709789,SERVO_OUTPUT_RAW,0,0,0,0,0,0,0,0,1000,1000,1000,1000,0,0,0,0,0
2025-12-15 01:06:07.612,SERVO_OUTPUT_RAW,1922809807,SERVO_OUTPUT_RAW,0,0,0,0,0,0,0,0,1000,1000,1000,1000,0,0,0,0,0
2025-12-15 01:06:07.712,SERVO_OUTPUT_RAW,1922909793,SERVO_OUTPUT_RAW,0,0,0,0,0,0,0,0,1000,1000,1000,1000,0,0,0,0,0
2025-12-15 01:06:07.812,SERVO_OUTPUT_RAW,1923009781,SERVO_OUTPUT_RAW,0,0,0,0,0,0,0,0,1000,1000,1000,1000,0,0,0,0,0
2025-12-15 01:06:07.912,SERVO_OUTPUT_RAW,1923109806,SERVO_OUTPUT_RAW,0,0,0,0,0,0,0,0,1000,1000,1000,1000,0,0,0,0,0
2025-12-15 01:06:08.012,SERVO_OUTPUT_RAW,1923209840,SERVO_OUTPUT_RAW,0,0,0,0,0,0,0,0,1000,1000,1000,1000,0,0,0,0,0
2025-12-15 01:06:08.112,SERVO_OUTPUT_RAW,1923309818,SERVO_OUTPUT_RAW,0,0,0,0,0,0,0,0,1000,1000,1000,1000,0,0,0,0,0
2025-12-15 01:06:08.212,SERVO_OUTPUT_RAW,1923409808,SERVO_OUTPUT_RAW,0,0,0,0,0,0,0,0,1000,1000,1000,1000,0,0,0,0,0
2025-12-15 01:06:08.312,SERVO_OUTPUT_RAW,1923509845,SERVO_OUTPUT_RAW,0,0,0,0,0,0,0,0,1000,1000,1000,1000,0,0,0,0,0
2025-12-15 01:06:08.412,SERVO_OUTPUT_RAW,1923609849,SERVO_OUTPUT_RAW,0,0,0,0,0,0,0,0,1000,1000,1000,1000,0,0,0,0,0
2025-12-15 01:06:08.512,SERVO_OUTPUT_RAW,1923709855,SERVO_OUTPUT_RAW,0,0,0,0,0,0,0,0,1000,1000,1000,1000,0,0,0,0,0
2025-12-15 01:06:08.612,SERVO_OUTPUT_RAW,1923809853,SERVO_OUTPUT_RAW,0,0,0,0,0,0,0,0,1000,1000,1000,1000,0,0,0,0,0
2025-12-15 01:06:08.712,SERVO_OUTPUT_RAW,1923909802,SERVO_OUTPUT_RAW,0,0,0,0,0,0,0,0,1000,1000,1000,1000,0,0,0,0,0
2025-12-15 01:06:08.812,SERVO_OUTPUT_RAW,1924009819,SERVO_OUTPUT_RAW,0,0,0,0,0,0,0,0,1000,1000,1000,1000,0,0,0,0,0
2025-12-15 01:06:08.912,SERVO_OUTPUT_RAW,1924109804,SERVO_OUTPUT_RAW,0,0,0,0,0,0,0,0,1000,1000,1000,1000,0,0,0,0,0
2025-12-15 01:06:09.012,SERVO_OUTPUT_RAW,1924209791,SERVO_OUTPUT_RAW,0,0,0,0,0,0,0,0,1000,1000,1000,1000,0,0,0,0,0
2025-12-15 01:06:09.113,SERVO_OUTPUT_RAW,1924309782,SERVO_OUTPUT_RAW,0,0,0,0,0,0,0,0,1000,1000,1000,1000,0,0,0,0,0
2025-12-15 01:06:09.213,SERVO_OUTPUT_RAW,1924409796,SERVO_OUTPUT_RAW,0,0,0,0,0,0,0,0,1000,1000,1000,1000,0,0,0,0,0
2025-12-15 01:06:09.313,SERVO_OUTPUT_RAW,1924509838,SERVO_OUTPUT_RAW,0,0,0,0,0,0,0,0,1000,1000,1000,1000,0,0,0,0,0
2025-12-15 01:06:09.413,SERVO_OUTPUT_RAW,1924609793,SERVO_OUTPUT_RAW,0,0,0,0,0,0,0,0,1000,1000,1000,1000,0,0,0,0,0
2025-12-15 01:06:09.513,SERVO_OUTPUT_RAW,1924709841,SERVO_OUTPUT_RAW,0,0,0,0,0,0,0,0,1000,1000,1000,1000,0,0,0,0,0
2025-12-15 01:06:09.613,SERVO_OUTPUT_RAW,1924809833,SERVO_OUTPUT_RAW,0,0,0,0,0,0,0,0,1000,1000,1000,1000,0,0,0,0,0
2025-12-15 01:06:09.713,SERVO_OUTPUT_RAW,1924909847,SERVO_OUTPUT_RAW,0,0,0,0,0,0,0,0,1000,1000,1000,1000,0,0,0,0,0
2025-12-15 01:06:09.813,SERVO_OUTPUT_RAW,1925009784,SERVO_OUTPUT_RAW,0,0,0,0,0,0,0,0,1000,1000,1000,1000,0,0,0,0,0
2025-12-15 01:06:09.914,SERVO_OUTPUT_RAW,1925109816,SERVO_OUTPUT_RAW,0,0,0,0,0,0,0,0,1000,1000,1000,1000,0,0,0,0,0
2025-12-15 01:06:10.013,SERVO_OUTPUT_RAW,1925209849,SERVO_OUTPUT_RAW,0,0,0,0,0,0,0,0,1000,1000,1000,1000,0,0,0,0,0
2025-12-15 01:06:10.113,SERVO_OUTPUT_RAW,1925309885,SERVO_OUTPUT_RAW,0,0,0,0,0,0,0,0,1000,1000,1000,1000,0,0,0,0,0
2025-12-15 01:06:10.213,SERVO_OUTPUT_RAW,1925409783,SERVO_OUTPUT_RAW,0,0,0,0,0,0,0,0,1000,1000,1000,1000,0,0,0,0,0
2025-12-15 01:06:10.313,SERVO_OUTPUT_RAW,1925509804,SERVO_OUTPUT_RAW,0,0,0,0,0,0,0,0,1000,1000,1000,1000,0,0,0,0,0
2025-12-15 01:06:10.413,SERVO_OUTPUT_RAW,1925609808,SERVO_OUTPUT_RAW,0,0,0,0,0,0,0,0,1000,1000,1000,1000,0,0,0,0,0
2025-12-15 01:06:10.513,SERVO_OUTPUT_RAW,1925709828,SERVO_OUTPUT_RAW,0,0,0,0,0,0,0,0,1000,1000,1000,1000,0,0,0,0,0
2025-12-15 01:06:10.613,SERVO_OUTPUT_RAW,1925809782,SERVO_OUTPUT_RAW,0,0,0,0,0,0,0,0,1000,1000,1000,1000,0,0,0,0,0
2025-12-15 01:06:10.712,SERVO_OUTPUT_RAW,1925909783,SERVO_OUTPUT_RAW,0,0,0,0,0,0,0,0,1000,1000,1000,1000,0,0,0,0,0
2025-12-15 01:06:10.812,SERVO_OUTPUT_RAW,1926009789,SERVO_OUTPUT_RAW,0,0,0,0,0,0,0,0,1000,1000,1000,1000,0,0,0,0,0
2025-12-15 01:06:10.912,SERVO_OUTPUT_RAW,1926109796,SERVO_OUTPUT_RAW,0,0,0,0,0,0,0,0,1000,1000,1000,1000,0,0,0,0,0
2025-12-15 01:06:11.012,SERVO_OUTPUT_RAW,1926209817,SERVO_OUTPUT_RAW,0,0,0,0,0,0,0,0,1000,1000,1000,1000,0,0,0,0,0
2025-12-15 01:06:11.112,SERVO_OUTPUT_RAW,1926309833,SERVO_OUTPUT_RAW,0,0,0,0,0,0,0,0,1000,1000,1000,1000,0,0,0,0,0
2025-12-15 01:06:11.212,SERVO_OUTPUT_RAW,1926409803,SERVO_OUTPUT_RAW,0,0,0,0,0,0,0,0,1000,1000,1000,1000,0,0,0,0,0
2025-12-15 01:06:11.312,SERVO_OUTPUT_RAW,1926509808,SERVO_OUTPUT_RAW,0,0,0,0,0,0,0,0,1000,1000,1000,1000,0,0,0,0,0
2025-12-15 01:06:11.412,SERVO_OUTPUT_RAW,1926612197,SERVO_OUTPUT_RAW,0,0,0,0,0,0,0,0,1000,1000,1000,1000,0,0,0,0,0
2025-12-15 01:06:11.512,SERVO_OUTPUT_RAW,1926709838,SERVO_OUTPUT_RAW,0,0,0,0,0,0,0,0,1000,1000,1000,1000,0,0,0,0,0
2025-12-15 01:06:11.612,SERVO_OUTPUT_RAW,1926809850,SERVO_OUTPUT_RAW,0,0,0,0,0,0,0,0,1000,1000,1000,1000,0,0,0,0,0
2025-12-15 01:06:11.712,SERVO_OUTPUT_RAW,1926909814,SERVO_OUTPUT_RAW,0,0,0,0,0,0,0,0,1000,1000,1000,1000,0,0,0,0,0
2025-12-15 01:06:11.812,SERVO_OUTPUT_RAW,1927009793,SERVO_OUTPUT_RAW,0,0,0,0,0,0,0,0,1000,1000,1000,1000,0,0,0,0,0
2025-12-15 01:06:11.912,SERVO_OUTPUT_RAW,1927109830,SERVO_OUTPUT_RAW,0,0,0,0,0,0,0,0,1000,1000,1000,1000,0,0,0,0,0
2025-12-15 01:06:12.012,SERVO_OUTPUT_RAW,1927209814,SERVO_OUTPUT_RAW,0,0,0,0,0,0,0,0,1000,1000,1000,1000,0,0,0,0,0
2025-12-15 01:06:12.112,SERVO_OUTPUT_RAW,1927309775,SERVO_OUTPUT_RAW,0,0,0,0,0,0,0,0,1000,1000,1000,1000,0,0,0,0,0
2025-12-15 01:06:12.212,SERVO_OUTPUT_RAW,1927409793,SERVO_OUTPUT_RAW,0,0,0,0,0,0,0,0,1000,1000,1000,1000,0,0,0,0,0
2025-12-15 01:06:12.312,SERVO_OUTPUT_RAW,1927509786,SERVO_OUTPUT_RAW,0,0,0,0,0,0,0,0,1000,1000,1000,1000,0,0,0,0,0
2025-12-15 01:06:12.413,SERVO_OUTPUT_RAW,1927609787,SERVO_OUTPUT_RAW,0,0,0,0,0,0,0,0,1000,1000,1000,1000,0,0,0,0,0
2025-12-15 01:06:12.512,SERVO_OUTPUT_RAW,1927712120,SERVO_OUTPUT_RAW,0,0,0,0,0,0,0,0,1000,1000,1000,1000,0,0,0,0,0
2025-12-15 01:06:12.612,SERVO_OUTPUT_RAW,1927809805,SERVO_OUTPUT_RAW,0,0,0,0,0,0,0,0,1000,1000,1000,1000,0,0,0,0,0
2025-12-15 01:06:12.712,SERVO_OUTPUT_RAW,1927909823,SERVO_OUTPUT_RAW,0,0,0,0,0,0,0,0,1000,1000,1000,1000,0,0,0,0,0
2025-12-15 01:06:12.812,SERVO_OUTPUT_RAW,1928009885,SERVO_OUTPUT_RAW,0,0,0,0,0,0,0,0,1000,1000,1000,1000,0,0,0,0,0
2025-12-15 01:06:12.913,SERVO_OUTPUT_RAW,1928109800,SERVO_OUTPUT_RAW,0,0,0,0,0,0,0,0,1000,1000,1000,1000,0,0,0,0,0
2025-12-15 01:06:13.013,SERVO_OUTPUT_RAW,1928209831,SERVO_OUTPUT_RAW,0,0,0,0,0,0,0,0,1000,1000,1000,1000,0,0,0,0,0
2025-12-15 01:06:13.113,SERVO_OUTPUT_RAW,1928309835,SERVO_OUTPUT_RAW,0,0,0,0,0,0,0,0,1000,1000,1000,1000,0,0,0,0,0
2025-12-15 01:06:13.212,SERVO_OUTPUT_RAW,1928409846,SERVO_OUTPUT_RAW,0,0,0,0,0,0,0,0,1000,1000,1000,1000,0,0,0,0,0
2025-12-15 01:06:13.312,SERVO_OUTPUT_RAW,1928509781,SERVO_OUTPUT_RAW,0,0,0,0,0,0,0,0,1000,1000,1000,1000,0,0,0,0,0
2025-12-15 01:06:13.412,SERVO_OUTPUT_RAW,1928609799,SERVO_OUTPUT_RAW,0,0,0,0,0,0,0,0,1000,1000,1000,1000,0,0,0,0,0
2025-12-15 01:06:13.512,SERVO_OUTPUT_RAW,1928709893,SERVO_OUTPUT_RAW,0,0,0,0,0,0,0,0,1000,1000,1000,1000,0,0,0,0,0
2025-12-15 01:06:13.612,SERVO_OUTPUT_RAW,1928809798,SERVO_OUTPUT_RAW,0,0,0,0,0,0,0,0,1000,1000,1000,1000,0,0,0,0,0
2025-12-15 01:06:13.712,SERVO_OUTPUT_RAW,1928909790,SERVO_OUTPUT_RAW,0,0,0,0,0,0,0,0,1000,1000,1000,1000,0,0,0,0,0
2025-12-15 01:06:13.812,SERVO_OUTPUT_RAW,1929009804,SERVO_OUTPUT_RAW,0,0,0,0,0,0,0,0,1000,1000,1000,1000,0,0,0,0,0
2025-12-15 01:06:13.912,SERVO_OUTPUT_RAW,1929109799,SERVO_OUTPUT_RAW,0,0,0,0,0,0,0,0,1000,1000,1000,1000,0,0,0,0,0
2025-12-15 01:06:14.012,SERVO_OUTPUT_RAW,1929209800,SERVO_OUTPUT_RAW,0,0,0,0,0,0,0,0,1000,1000,1000,1000,0,0,0,0,0
2025-12-15 01:06:14.112,SERVO_OUTPUT_RAW,1929309799,SERVO_OUTPUT_RAW,0,0,0,0,0,0,0,0,1000,1000,1000,1000,0,0,0,0,0
2025-12-15 01:06:14.212,SERVO_OUTPUT_RAW,1929409828,SERVO_OUTPUT_RAW,0,0,0,0,0,0,0,0,1000,1000,1000,1000,0,0,0,0,0
2025-12-15 01:06:14.312,SERVO_OUTPUT_RAW,1929509840,SERVO_OUTPUT_RAW,0,0,0,0,0,0,0,0,1000,1000,1000,1000,0,0,0,0,0
2025-12-15 01:06:14.412,SERVO_OUTPUT_RAW,1929609861,SERVO_OUTPUT_RAW,0,0,0,0,0,0,0,0,1000,1000,1000,1000,0,0,0,0,0
2025-12-15 01:06:14.512,SERVO_OUTPUT_RAW,1929709796,SERVO_OUTPUT_RAW,0,0,0,0,0,0,0,0,1000,1000,1000,1000,0,0,0,0,0
2025-12-15 01:06:14.612,SERVO_OUTPUT_RAW,1929809836,SERVO_OUTPUT_RAW,0,0,0,0,0,0,0,0,1000,1000,1000,1000,0,0,0,0,0
2025-12-15 01:06:14.713,SERVO_OUTPUT_RAW,1929909826,SERVO_OUTPUT_RAW,0,0,0,0,0,0,0,0,1000,1000,1000,1000,0,0,0,0,0
2025-12-15 01:06:14.812,SERVO_OUTPUT_RAW,1930009847,SERVO_OUTPUT_RAW,0,0,0,0,0,0,0,0,1000,1000,1000,1000,0,0,0,0,0
2025-12-15 01:06:14.912,SERVO_OUTPUT_RAW,1930109785,SERVO_OUTPUT_RAW,0,0,0,0,0,0,0,0,1000,1000,1000,1000,0,0,0,0,0
2025-12-15 01:06:15.013,SERVO_OUTPUT_RAW,1930209831,SERVO_OUTPUT_RAW,0,0,0,0,0,0,0,0,1000,1000,1000,1000,0,0,0,0,0
2025-12-15 01:06:15.113,SERVO_OUTPUT_RAW,1930309819,SERVO_OUTPUT_RAW,0,0,0,0,0,0,0,0,1000,1000,1000,1000,0,0,0,0,0
2025-12-15 01:06:15.212,SERVO_OUTPUT_RAW,1930409793,SERVO_OUTPUT_RAW,0,0,0,0,0,0,0,0,1000,1000,1000,1000,0,0,0,0,0
2025-12-15 01:06:15.312,SERVO_OUTPUT_RAW,1930509788,SERVO_OUTPUT_RAW,0,0,0,0,0,0,0,0,1000,1000,1000,1000,0,0,0,0,0
2025-12-15 01:06:15.412,SERVO_OUTPUT_RAW,1930609812,SERVO_OUTPUT_RAW,0,0,0,0,0,0,0,0,1000,1000,1000,1000,0,0,0,0,0
2025-12-15 01:06:15.512,SERVO_OUTPUT_RAW,1930709815,SERVO_OUTPUT_RAW,0,0,0,0,0,0,0,0,1000,1000,1000,1000,0,0,0,0,0
2025-12-15 01:06:15.612,SERVO_OUTPUT_RAW,1930812157,SERVO_OUTPUT_RAW,0,0,0,0,0,0,0,0,1000,1000,1000,1000,0,0,0,0,0
2025-12-15 01:06:15.713,SERVO_OUTPUT_RAW,1930909811,SERVO_OUTPUT_RAW,0,0,0,0,0,0,0,0,1000,1000,1000,1000,0,0,0,0,0
2025-12-15 01:06:15.813,SERVO_OUTPUT_RAW,1931009826,SERVO_OUTPUT_RAW,0,0,0,0,0,0,0,0,1000,1000,1000,1000,0,0,0,0,0
2025-12-15 01:06:15.913,SERVO_OUTPUT_RAW,1931109838,SERVO_OUTPUT_RAW,0,0,0,0,0,0,0,0,1000,1000,1000,1000,0,0,0,0,0
2025-12-15 01:06:16.013,SERVO_OUTPUT_RAW,1931209808,SERVO_OUTPUT_RAW,0,0,0,0,0,0,0,0,1000,1000,1000,1000,0,0,0,0,0
2025-12-15 01:06:16.112,SERVO_OUTPUT_RAW,1931309792,SERVO_OUTPUT_RAW,0,0,0,0,0,0,0,0,1000,1000,1000,1000,0,0,0,0,0
2025-12-15 01:06:16.213,SERVO_OUTPUT_RAW,1931409832,SERVO_OUTPUT_RAW,0,0,0,0,0,0,0,0,1000,1000,1000,1000,0,0,0,0,0
2025-12-15 01:06:16.313,SERVO_OUTPUT_RAW,1931509854,SERVO_OUTPUT_RAW,0,0,0,0,0,0,0,0,1000,1000,1000,1000,0,0,0,0,0
2025-12-15 01:06:16.413,SERVO_OUTPUT_RAW,1931609838,SERVO_OUTPUT_RAW,0,0,0,0,0,0,0,0,1000,1000,1000,1000,0,0,0,0,0
2025-12-15 01:06:16.513,SERVO_OUTPUT_RAW,1931709813,SERVO_OUTPUT_RAW,0,0,0,0,0,0,0,0,1000,1000,1000,1000,0,0,0,0,0
2025-12-15 01:06:16.613,SERVO_OUTPUT_RAW,1931809812,SERVO_OUTPUT_RAW,0,0,0,0,0,0,0,0,1000,1000,1000,1000,0,0,0,0,0
2025-12-15 01:06:16.713,SERVO_OUTPUT_RAW,1931909836,SERVO_OUTPUT_RAW,0,0,0,0,0,0,0,0,1000,1000,1000,1000,0,0,0,0,0
2025-12-15 01:06:16.813,SERVO_OUTPUT_RAW,1932009781,SERVO_OUTPUT_RAW,0,0,0,0,0,0,0,0,1000,1000,1000,1000,0,0,0,0,0
2025-12-15 01:06:16.913,SERVO_OUTPUT_RAW,1932109784,SERVO_OUTPUT_RAW,0,0,0,0,0,0,0,0,1000,1000,1000,1000,0,0,0,0,0
2025-12-15 01:06:17.013,SERVO_OUTPUT_RAW,1932209803,SERVO_OUTPUT_RAW,0,0,0,0,0,0,0,0,1000,1000,1000,1000,0,0,0,0,0
2025-12-15 01:06:17.113,SERVO_OUTPUT_RAW,1932309784,SERVO_OUTPUT_RAW,0,0,0,0,0,0,0,0,1000,1000,1000,1000,0,0,0,0,0
2025-12-15 01:06:17.213,SERVO_OUTPUT_RAW,1932409798,SERVO_OUTPUT_RAW,0,0,0,0,0,0,0,0,1000,1000,1000,1000,0,0,0,0,0
2025-12-15 01:06:17.313,SERVO_OUTPUT_RAW,1932509842,SERVO_OUTPUT_RAW,0,0,0,0,0,0,0,0,1000,1000,1000,1000,0,0,0,0,0
2025-12-15 01:06:17.414,SERVO_OUTPUT_RAW,1932609837,SERVO_OUTPUT_RAW,0,0,0,0,0,0,0,0,1000,1000,1000,1000,0,0,0,0,0
2025-12-15 01:06:17.513,SERVO_OUTPUT_RAW,1932709829,SERVO_OUTPUT_RAW,0,0,0,0,0,0,0,0,1000,1000,1000,1000,0,0,0,0,0
2025-12-15 01:06:17.613,SERVO_OUTPUT_RAW,1932809817,SERVO_OUTPUT_RAW,0,0,0,0,0,0,0,0,1000,1000,1000,1000,0,0,0,0,0
2025-12-15 01:06:17.713,SERVO_OUTPUT_RAW,1932912133,SERVO_OUTPUT_RAW,0,0,0,0,0,0,0,0,1000,1000,1000,1000,0,0,0,0,0
2025-12-15 01:06:17.813,SERVO_OUTPUT_RAW,1933009833,SERVO_OUTPUT_RAW,0,0,0,0,0,0,0,0,1000,1000,1000,1000,0,0,0,0,0
2025-12-15 01:06:17.913,SERVO_OUTPUT_RAW,1933109843,SERVO_OUTPUT_RAW,0,0,0,0,0,0,0,0,1000,1000,1000,1000,0,0,0,0,0
2025-12-15 01:06:18.013,SERVO_OUTPUT_RAW,1933209780,SERVO_OUTPUT_RAW,0,0,0,0,0,0,0,0,1000,1000,1000,1000,0,0,0,0,0
2025-12-15 01:06:18.113,SERVO_OUTPUT_RAW,1933309797,SERVO_OUTPUT_RAW,0,0,0,0,0,0,0,0,1000,1000,1000,1000,0,0,0,0,0
2025-12-15 01:06:18.213,SERVO_OUTPUT_RAW,1933409825,SERVO_OUTPUT_RAW,0,0,0,0,0,0,0,0,1000,1000,1000,1000,0,0,0,0,0
2025-12-15 01:06:18.313,SERVO_OUTPUT_RAW,1933509827,SERVO_OUTPUT_RAW,0,0,0,0,0,0,0,0,1000,1000,1000,1000,0,0,0,0,0
2025-12-15 01:06:18.413,SERVO_OUTPUT_RAW,1933609799,SERVO_OUTPUT_RAW,0,0,0,0,0,0,0,0,1000,1000,1000,1000,0,0,0,0,0
2025-12-15 01:06:18.513,SERVO_OUTPUT_RAW,1933709788,SERVO_OUTPUT_RAW,0,0,0,0,0,0,0,0,1000,1000,1000,1000,0,0,0,0,0
2025-12-15 01:06:18.613,SERVO_OUTPUT_RAW,1933809808,SERVO_OUTPUT_RAW,0,0,0,0,0,0,0,0,1000,1000,1000,1000,0,0,0,0,0
2025-12-15 01:06:18.713,SERVO_OUTPUT_RAW,1933912122,SERVO_OUTPUT_RAW,0,0,0,0,0,0,0,0,1000,1000,1000,1000,0,0,0,0,0
2025-12-15 01:06:18.813,SERVO_OUTPUT_RAW,1934009777,SERVO_OUTPUT_RAW,0,0,0,0,0,0,0,0,1000,1000,1000,1000,0,0,0,0,0
2025-12-15 01:06:18.913,SERVO_OUTPUT_RAW,1934109837,SERVO_OUTPUT_RAW,0,0,0,0,0,0,0,0,1000,1000,1000,1000,0,0,0,0,0
2025-12-15 01:06:19.013,SERVO_OUTPUT_RAW,1934209846,SERVO_OUTPUT_RAW,0,0,0,0,0,0,0,0,1000,1000,1000,1000,0,0,0,0,0
2025-12-15 01:06:19.113,SERVO_OUTPUT_RAW,1934309807,SERVO_OUTPUT_RAW,0,0,0,0,0,0,0,0,1000,1000,1000,1000,0,0,0,0,0
2025-12-15 01:06:19.213,SERVO_OUTPUT_RAW,1934409871,SERVO_OUTPUT_RAW,0,0,0,0,0,0,0,0,1000,1000,1000,1000,0,0,0,0,0
2025-12-15 01:06:19.313,SERVO_OUTPUT_RAW,1934509810,SERVO_OUTPUT_RAW,0,0,0,0,0,0,0,0,1000,1000,1000,1000,0,0,0,0,0
2025-12-15 01:06:19.413,SERVO_OUTPUT_RAW,1934609854,SERVO_OUTPUT_RAW,0,0,0,0,0,0,0,0,1000,1000,1000,1000,0,0,0,0,0
2025-12-15 01:06:19.513,SERVO_OUTPUT_RAW,1934709784,SERVO_OUTPUT_RAW,0,0,0,0,0,0,0,0,1000,1000,1000,1000,0,0,0,0,0
2025-12-15 01:06:19.613,SERVO_OUTPUT_RAW,1934809808,SERVO_OUTPUT_RAW,0,0,0,0,0,0,0,0,1000,1000,1000,1000,0,0,0,0,0
2025-12-15 01:06:19.713,SERVO_OUTPUT_RAW,1934909823,SERVO_OUTPUT_RAW,0,0,0,0,0,0,0,0,1000,1000,1000,1000,0,0,0,0,0
2025-12-15 01:06:19.813,SERVO_OUTPUT_RAW,1935009876,SERVO_OUTPUT_RAW,0,0,0,0,0,0,0,0,1000,1000,1000,1000,0,0,0,0,0
2025-12-15 01:06:19.938,SERVO_OUTPUT_RAW,1935109790,SERVO_OUTPUT_RAW,0,0,0,0,0,0,0,0,1000,1000,1000,1000,0,0,0,0,0
2025-12-15 01:06:20.014,SERVO_OUTPUT_RAW,1935209804,SERVO_OUTPUT_RAW,0,0,0,0,0,0,0,0,1000,1000,1000,1000,0,0,0,0,0
2025-12-15 01:06:20.113,SERVO_OUTPUT_RAW,1935309785,SERVO_OUTPUT_RAW,0,0,0,0,0,0,0,0,1000,1000,1000,1000,0,0,0,0,0
2025-12-15 01:06:20.212,SERVO_OUTPUT_RAW,1935409771,SERVO_OUTPUT_RAW,0,0,0,0,0,0,0,0,1000,1000,1000,1000,0,0,0,0,0
2025-12-15 01:06:20.312,SERVO_OUTPUT_RAW,1935509784,SERVO_OUTPUT_RAW,0,0,0,0,0,0,0,0,1000,1000,1000,1000,0,0,0,0,0
2025-12-15 01:06:20.412,SERVO_OUTPUT_RAW,1935609831,SERVO_OUTPUT_RAW,0,0,0,0,0,0,0,0,1000,1000,1000,1000,0,0,0,0,0
2025-12-15 01:06:20.512,SERVO_OUTPUT_RAW,1935709816,SERVO_OUTPUT_RAW,0,0,0,0,0,0,0,0,1000,1000,1000,1000,0,0,0,0,0
2025-12-15 01:06:20.612,SERVO_OUTPUT_RAW,1935809813,SERVO_OUTPUT_RAW,0,0,0,0,0,0,0,0,1000,1000,1000,1000,0,0,0,0,0
2025-12-15 01:06:20.712,SERVO_OUTPUT_RAW,1935909806,SERVO_OUTPUT_RAW,0,0,0,0,0,0,0,0,1000,1000,1000,1000,0,0,0,0,0
2025-12-15 01:06:20.812,SERVO_OUTPUT_RAW,1936009815,SERVO_OUTPUT_RAW,0,0,0,0,0,0,0,0,1000,1000,1000,1000,0,0,0,0,0
2025-12-15 01:06:20.912,SERVO_OUTPUT_RAW,1936109860,SERVO_OUTPUT_RAW,0,0,0,0,0,0,0,0,1000,1000,1000,1000,0,0,0,0,0
2025-12-15 01:06:21.012,SERVO_OUTPUT_RAW,1936209841,SERVO_OUTPUT_RAW,0,0,0,0,0,0,0,0,1000,1000,1000,1000,0,0,0,0,0
2025-12-15 01:06:21.112,SERVO_OUTPUT_RAW,1936309785,SERVO_OUTPUT_RAW,0,0,0,0,0,0,0,0,1000,1000,1000,1000,0,0,0,0,0
2025-12-15 01:06:21.212,SERVO_OUTPUT_RAW,1936409810,SERVO_OUTPUT_RAW,0,0,0,0,0,0,0,0,1000,1000,1000,1000,0,0,0,0,0
2025-12-15 01:06:21.312,SERVO_OUTPUT_RAW,1936509805,SERVO_OUTPUT_RAW,0,0,0,0,0,0,0,0,1000,1000,1000,1000,0,0,0,0,0
2025-12-15 01:06:21.412,SERVO_OUTPUT_RAW,1936609843,SERVO_OUTPUT_RAW,0,0,0,0,0,0,0,0,1000,1000,1000,1000,0,0,0,0,0
2025-12-15 01:06:21.512,SERVO_OUTPUT_RAW,1936709770,SERVO_OUTPUT_RAW,0,0,0,0,0,0,0,0,1000,1000,1000,1000,0,0,0,0,0
2025-12-15 01:06:21.612,SERVO_OUTPUT_RAW,1936809783,SERVO_OUTPUT_RAW,0,0,0,0,0,0,0,0,1000,1000,1000,1000,0,0,0,0,0
2025-12-15 01:06:21.712,SERVO_OUTPUT_RAW,1936909777,SERVO_OUTPUT_RAW,0,0,0,0,0,0,0,0,1000,1000,1000,1000,0,0,0,0,0
2025-12-15 01:06:21.812,SERVO_OUTPUT_RAW,1937009801,SERVO_OUTPUT_RAW,0,0,0,0,0,0,0,0,1000,1000,1000,1000,0,0,0,0,0
2025-12-15 01:06:21.913,SERVO_OUTPUT_RAW,1937112181,SERVO_OUTPUT_RAW,0,0,0,0,0,0,0,0,1000,1000,1000,1000,0,0,0,0,0
2025-12-15 01:06:22.013,SERVO_OUTPUT_RAW,1937209828,SERVO_OUTPUT_RAW,0,0,0,0,0,0,0,0,1000,1000,1000,1000,0,0,0,0,0
2025-12-15 01:06:22.112,SERVO_OUTPUT_RAW,1937309823,SERVO_OUTPUT_RAW,0,0,0,0,0,0,0,0,1000,1000,1000,1000,0,0,0,0,0
2025-12-15 01:06:22.212,SERVO_OUTPUT_RAW,1937409805,SERVO_OUTPUT_RAW,0,0,0,0,0,0,0,0,1000,1000,1000,1000,0,0,0,0,0
2025-12-15 01:06:22.312,SERVO_OUTPUT_RAW,1937509806,SERVO_OUTPUT_RAW,0,0,0,0,0,0,0,0,1000,1000,1000,1000,0,0,0,0,0
2025-12-15 01:06:22.412,SERVO_OUTPUT_RAW,1937609843,SERVO_OUTPUT_RAW,0,0,0,0,0,0,0,0,1000,1000,1000,1000,0,0,0,0,0
2025-12-15 01:06:22.513,SERVO_OUTPUT_RAW,1937709874,SERVO_OUTPUT_RAW,0,0,0,0,0,0,0,0,1000,1000,1000,1000,0,0,0,0,0
2025-12-15 01:06:22.612,SERVO_OUTPUT_RAW,1937809773,SERVO_OUTPUT_RAW,0,0,0,0,0,0,0,0,1000,1000,1000,1000,0,0,0,0,0
2025-12-15 01:06:22.712,SERVO_OUTPUT_RAW,1937909797,SERVO_OUTPUT_RAW,0,0,0,0,0,0,0,0,1000,1000,1000,1000,0,0,0,0,0
2025-12-15 01:06:22.812,SERVO_OUTPUT_RAW,1938009807,SERVO_OUTPUT_RAW,0,0,0,0,0,0,0,0,1000,1000,1000,1000,0,0,0,0,0
2025-12-15 01:06:22.912,SERVO_OUTPUT_RAW,1938109832,SERVO_OUTPUT_RAW,0,0,0,0,0,0,0,0,1000,1000,1000,1000,0,0,0,0,0
2025-12-15 01:06:23.012,SERVO_OUTPUT_RAW,1938209792,SERVO_OUTPUT_RAW,0,0,0,0,0,0,0,0,1000,1000,1000,1000,0,0,0,0,0
2025-12-15 01:06:23.112,SERVO_OUTPUT_RAW,1938309782,SERVO_OUTPUT_RAW,0,0,0,0,0,0,0,0,1000,1000,1000,1000,0,0,0,0,0
2025-12-15 01:06:23.212,SERVO_OUTPUT_RAW,1938409790,SERVO_OUTPUT_RAW,0,0,0,0,0,0,0,0,1000,1000,1000,1000,0,0,0,0,0
2025-12-15 01:06:23.312,SERVO_OUTPUT_RAW,1938509787,SERVO_OUTPUT_RAW,0,0,0,0,0,0,0,0,1000,1000,1000,1000,0,0,0,0,0
2025-12-15 01:06:23.412,SERVO_OUTPUT_RAW,1938609796,SERVO_OUTPUT_RAW,0,0,0,0,0,0,0,0,1000,1000,1000,1000,0,0,0,0,0
2025-12-15 01:06:23.512,SERVO_OUTPUT_RAW,1938709816,SERVO_OUTPUT_RAW,0,0,0,0,0,0,0,0,1000,1000,1000,1000,0,0,0,0,0
2025-12-15 01:06:23.613,SERVO_OUTPUT_RAW,1938809842,SERVO_OUTPUT_RAW,0,0,0,0,0,0,0,0,1000,1000,1000,1000,0,0,0,0,0
2025-12-15 01:06:23.712,SERVO_OUTPUT_RAW,1938909835,SERVO_OUTPUT_RAW,0,0,0,0,0,0,0,0,1000,1000,1000,1000,0,0,0,0,0
2025-12-15 01:06:23.812,SERVO_OUTPUT_RAW,1939009797,SERVO_OUTPUT_RAW,0,0,0,0,0,0,0,0,1000,1000,1000,1000,0,0,0,0,0
2025-12-15 01:06:23.912,SERVO_OUTPUT_RAW,1939109817,SERVO_OUTPUT_RAW,0,0,0,0,0,0,0,0,1000,1000,1000,1000,0,0,0,0,0
2025-12-15 01:06:24.012,SERVO_OUTPUT_RAW,1939212074,SERVO_OUTPUT_RAW,0,0,0,0,0,0,0,0,1000,1000,1000,1000,0,0,0,0,0
2025-12-15 01:06:24.113,SERVO_OUTPUT_RAW,1939309877,SERVO_OUTPUT_RAW,0,0,0,0,0,0,0,0,1000,1000,1000,1000,0,0,0,0,0
2025-12-15 01:06:24.213,SERVO_OUTPUT_RAW,1939409786,SERVO_OUTPUT_RAW,0,0,0,0,0,0,0,0,1000,1000,1000,1000,0,0,0,0,0
2025-12-15 01:06:24.313,SERVO_OUTPUT_RAW,1939509793,SERVO_OUTPUT_RAW,0,0,0,0,0,0,0,0,1000,1000,1000,1000,0,0,0,0,0
2025-12-15 01:06:24.413,SERVO_OUTPUT_RAW,1939609832,SERVO_OUTPUT_RAW,0,0,0,0,0,0,0,0,1000,1000,1000,1000,0,0,0,0,0
2025-12-15 01:06:24.513,SERVO_OUTPUT_RAW,1939709826,SERVO_OUTPUT_RAW,0,0,0,0,0,0,0,0,1000,1000,1000,1000,0,0,0,0,0
2025-12-15 01:06:24.613,SERVO_OUTPUT_RAW,1939809791,SERVO_OUTPUT_RAW,0,0,0,0,0,0,0,0,1000,1000,1000,1000,0,0,0,0,0
2025-12-15 01:06:24.713,SERVO_OUTPUT_RAW,1939909793,SERVO_OUTPUT_RAW,0,0,0,0,0,0,0,0,1000,1000,1000,1000,0,0,0,0,0
2025-12-15 01:06:24.813,SERVO_OUTPUT_RAW,1940009783,SERVO_OUTPUT_RAW,0,0,0,0,0,0,0,0,1000,1000,1000,1000,0,0,0,0,0
2025-12-15 01:06:24.913,SERVO_OUTPUT_RAW,1940109802,SERVO_OUTPUT_RAW,0,0,0,0,0,0,0,0,1000,1000,1000,1000,0,0,0,0,0
2025-12-15 01:06:25.013,SERVO_OUTPUT_RAW,1940209789,SERVO_OUTPUT_RAW,0,0,0,0,0,0,0,0,1000,1000,1000,1000,0,0,0,0,0
2025-12-15 01:06:25.113,SERVO_OUTPUT_RAW,1940312151,SERVO_OUTPUT_RAW,0,0,0,0,0,0,0,0,1000,1000,1000,1000,0,0,0,0,0
2025-12-15 01:06:25.213,SERVO_OUTPUT_RAW,1940409786,SERVO_OUTPUT_RAW,0,0,0,0,0,0,0,0,1000,1000,1000,1000,0,0,0,0,0
2025-12-15 01:06:25.313,SERVO_OUTPUT_RAW,1940509841,SERVO_OUTPUT_RAW,0,0,0,0,0,0,0,0,1000,1000,1000,1000,0,0,0,0,0
2025-12-15 01:06:25.413,SERVO_OUTPUT_RAW,1940612179,SERVO_OUTPUT_RAW,0,0,0,0,0,0,0,0,1000,1000,1000,1000,0,0,0,0,0
2025-12-15 01:06:25.513,SERVO_OUTPUT_RAW,1940709819,SERVO_OUTPUT_RAW,0,0,0,0,0,0,0,0,1000,1000,1000,1000,0,0,0,0,0
2025-12-15 01:06:25.613,SERVO_OUTPUT_RAW,1940809834,SERVO_OUTPUT_RAW,0,0,0,0,0,0,0,0,1000,1000,1000,1000,0,0,0,0,0
2025-12-15 01:06:25.713,SERVO_OUTPUT_RAW,1940909852,SERVO_OUTPUT_RAW,0,0,0,0,0,0,0,0,1000,1000,1000,1000,0,0,0,0,0
2025-12-15 01:06:25.813,SERVO_OUTPUT_RAW,1941009777,SERVO_OUTPUT_RAW,0,0,0,0,0,0,0,0,1000,1000,1000,1000,0,0,0,0,0
2025-12-15 01:06:25.913,SERVO_OUTPUT_RAW,1941109819,SERVO_OUTPUT_RAW,0,0,0,0,0,0,0,0,1000,1000,1000,1000,0,0,0,0,0
2025-12-15 01:06:26.013,SERVO_OUTPUT_RAW,1941209813,SERVO_OUTPUT_RAW,0,0,0,0,0,0,0,0,1000,1000,1000,1000,0,0,0,0,0
2025-12-15 01:06:26.113,SERVO_OUTPUT_RAW,1941309874,SERVO_OUTPUT_RAW,0,0,0,0,0,0,0,0,1000,1000,1000,1000,0,0,0,0,0
2025-12-15 01:06:26.213,SERVO_OUTPUT_RAW,1941409796,SERVO_OUTPUT_RAW,0,0,0,0,0,0,0,0,1000,1000,1000,1000,0,0,0,0,0
2025-12-15 01:06:26.313,SERVO_OUTPUT_RAW,1941509806,SERVO_OUTPUT_RAW,0,0,0,0,0,0,0,0,1000,1000,1000,1000,0,0,0,0,0
2025-12-15 01:06:26.413,SERVO_OUTPUT_RAW,1941609804,SERVO_OUTPUT_RAW,0,0,0,0,0,0,0,0,1000,1000,1000,1000,0,0,0,0,0
2025-12-15 01:06:26.513,SERVO_OUTPUT_RAW,1941709787,SERVO_OUTPUT_RAW,0,0,0,0,0,0,0,0,1000,1000,1000,1000,0,0,0,0,0
2025-12-15 01:06:26.613,SERVO_OUTPUT_RAW,1941809816,SERVO_OUTPUT_RAW,0,0,0,0,0,0,0,0,1000,1000,1000,1000,0,0,0,0,0
2025-12-15 01:06:26.713,SERVO_OUTPUT_RAW,1941909832,SERVO_OUTPUT_RAW,0,0,0,0,0,0,0,0,1000,1000,1000,1000,0,0,0,0,0
2025-12-15 01:06:26.813,SERVO_OUTPUT_RAW,1942009845,SERVO_OUTPUT_RAW,0,0,0,0,0,0,0,0,1000,1000,1000,1000,0,0,0,0,0
2025-12-15 01:06:26.913,SERVO_OUTPUT_RAW,1942109818,SERVO_OUTPUT_RAW,0,0,0,0,0,0,0,0,1000,1000,1000,1000,0,0,0,0,0
2025-12-15 01:06:27.013,SERVO_OUTPUT_RAW,1942209892,SERVO_OUTPUT_RAW,0,0,0,0,0,0,0,0,1000,1000,1000,1000,0,0,0,0,0
2025-12-15 01:06:27.113,SERVO_OUTPUT_RAW,1942309820,SERVO_OUTPUT_RAW,0,0,0,0,0,0,0,0,1000,1000,1000,1000,0,0,0,0,0
2025-12-15 01:06:27.213,SERVO_OUTPUT_RAW,1942409842,SERVO_OUTPUT_RAW,0,0,0,0,0,0,0,0,1000,1000,1000,1000,0,0,0,0,0
2025-12-15 01:06:27.313,SERVO_OUTPUT_RAW,1942509828,SERVO_OUTPUT_RAW,0,0,0,0,0,0,0,0,1000,1000,1000,1000,0,0,0,0,0
2025-12-15 01:06:27.414,SERVO_OUTPUT_RAW,1942609793,SERVO_OUTPUT_RAW,0,0,0,0,0,0,0,0,1000,1000,1000,1000,0,0,0,0,0
2025-12-15 01:06:27.513,SERVO_OUTPUT_RAW,1942709815,SERVO_OUTPUT_RAW,0,0,0,0,0,0,0,0,1000,1000,1000,1000,0,0,0,0,0
2025-12-15 01:06:27.613,SERVO_OUTPUT_RAW,1942809816,SERVO_OUTPUT_RAW,0,0,0,0,0,0,0,0,1000,1000,1000,1000,0,0,0,0,0
2025-12-15 01:06:27.713,SERVO_OUTPUT_RAW,1942909780,SERVO_OUTPUT_RAW,0,0,0,0,0,0,0,0,1000,1000,1000,1000,0,0,0,0,0
2025-12-15 01:06:27.813,SERVO_OUTPUT_RAW,1943009782,SERVO_OUTPUT_RAW,0,0,0,0,0,0,0,0,1000,1000,1000,1000,0,0,0,0,0
2025-12-15 01:06:27.913,SERVO_OUTPUT_RAW,1943109800,SERVO_OUTPUT_RAW,0,0,0,0,0,0,0,0,1000,1000,1000,1000,0,0,0,0,0
2025-12-15 01:06:28.014,SERVO_OUTPUT_RAW,1943209809,SERVO_OUTPUT_RAW,0,0,0,0,0,0,0,0,1000,1000,1000,1000,0,0,0,0,0
2025-12-15 01:06:28.113,SERVO_OUTPUT_RAW,1943309802,SERVO_OUTPUT_RAW,0,0,0,0,0,0,0,0,1000,1000,1000,1000,0,0,0,0,0
2025-12-15 01:06:28.214,SERVO_OUTPUT_RAW,1943412204,SERVO_OUTPUT_RAW,0,0,0,0,0,0,0,0,1000,1000,1000,1000,0,0,0,0,0
2025-12-15 01:06:28.314,SERVO_OUTPUT_RAW,1943509880,SERVO_OUTPUT_RAW,0,0,0,0,0,0,0,0,1000,1000,1000,1000,0,0,0,0,0
2025-12-15 01:06:28.413,SERVO_OUTPUT_RAW,1943609841,SERVO_OUTPUT_RAW,0,0,0,0,0,0,0,0,1000,1000,1000,1000,0,0,0,0,0
2025-12-15 01:06:28.513,SERVO_OUTPUT_RAW,1943709804,SERVO_OUTPUT_RAW,0,0,0,0,0,0,0,0,1000,1000,1000,1000,0,0,0,0,0
2025-12-15 01:06:28.613,SERVO_OUTPUT_RAW,1943809816,SERVO_OUTPUT_RAW,0,0,0,0,0,0,0,0,1000,1000,1000,1000,0,0,0,0,0
2025-12-15 01:06:28.713,SERVO_OUTPUT_RAW,1943909840,SERVO_OUTPUT_RAW,0,0,0,0,0,0,0,0,1000,1000,1000,1000,0,0,0,0,0
2025-12-15 01:06:28.813,SERVO_OUTPUT_RAW,1944009847,SERVO_OUTPUT_RAW,0,0,0,0,0,0,0,0,1000,1000,1000,1000,0,0,0,0,0
2025-12-15 01:06:28.914,SERVO_OUTPUT_RAW,1944109790,SERVO_OUTPUT_RAW,0,0,0,0,0,0,0,0,1000,1000,1000,1000,0,0,0,0,0
2025-12-15 01:06:29.013,SERVO_OUTPUT_RAW,1944209814,SERVO_OUTPUT_RAW,0,0,0,0,0,0,0,0,1000,1000,1000,1000,0,0,0,0,0
2025-12-15 01:06:29.114,SERVO_OUTPUT_RAW,1944309818,SERVO_OUTPUT_RAW,0,0,0,0,0,0,0,0,1000,1000,1000,1000,0,0,0,0,0
2025-12-15 01:06:29.214,SERVO_OUTPUT_RAW,1944409797,SERVO_OUTPUT_RAW,0,0,0,0,0,0,0,0,1000,1000,1000,1000,0,0,0,0,0
2025-12-15 01:06:29.313,SERVO_OUTPUT_RAW,1944509794,SERVO_OUTPUT_RAW,0,0,0,0,0,0,0,0,1000,1000,1000,1000,0,0,0,0,0
2025-12-15 01:06:29.413,SERVO_OUTPUT_RAW,1944609781,SERVO_OUTPUT_RAW,0,0,0,0,0,0,0,0,1000,1000,1000,1000,0,0,0,0,0
2025-12-15 01:06:29.514,SERVO_OUTPUT_RAW,1944709787,SERVO_OUTPUT_RAW,0,0,0,0,0,0,0,0,1000,1000,1000,1000,0,0,0,0,0
2025-12-15 01:06:29.614,SERVO_OUTPUT_RAW,1944809781,SERVO_OUTPUT_RAW,0,0,0,0,0,0,0,0,1000,1000,1000,1000,0,0,0,0,0
2025-12-15 01:06:29.712,SERVO_OUTPUT_RAW,1944909792,SERVO_OUTPUT_RAW,0,0,0,0,0,0,0,0,1000,1000,1000,1000,0,0,0,0,0
2025-12-15 01:06:29.812,SERVO_OUTPUT_RAW,1945009841,SERVO_OUTPUT_RAW,0,0,0,0,0,0,0,0,1000,1000,1000,1000,0,0,0,0,0
2025-12-15 01:06:29.913,SERVO_OUTPUT_RAW,1945112145,SERVO_OUTPUT_RAW,0,0,0,0,0,0,0,0,1000,1000,1000,1000,0,0,0,0,0
2025-12-15 01:06:30.013,SERVO_OUTPUT_RAW,1945209818,SERVO_OUTPUT_RAW,0,0,0,0,0,0,0,0,1000,1000,1000,1000,0,0,0,0,0
2025-12-15 01:06:30.112,SERVO_OUTPUT_RAW,1945309787,SERVO_OUTPUT_RAW,0,0,0,0,0,0,0,0,1000,1000,1000,1000,0,0,0,0,0
2025-12-15 01:06:30.212,SERVO_OUTPUT_RAW,1945409805,SERVO_OUTPUT_RAW,0,0,0,0,0,0,0,0,1000,1000,1000,1000,0,0,0,0,0
2025-12-15 01:06:30.313,SERVO_OUTPUT_RAW,1945512075,SERVO_OUTPUT_RAW,0,0,0,0,0,0,0,0,1000,1000,1000,1000,0,0,0,0,0
2025-12-15 01:06:30.414,SERVO_OUTPUT_RAW,1945609801,SERVO_OUTPUT_RAW,0,0,0,0,0,0,0,0,1000,1000,1000,1000,0,0,0,0,0
2025-12-15 01:06:30.512,SERVO_OUTPUT_RAW,1945709777,SERVO_OUTPUT_RAW,0,0,0,0,0,0,0,0,1000,1000,1000,1000,0,0,0,0,0
2025-12-15 01:06:30.612,SERVO_OUTPUT_RAW,1945809800,SERVO_OUTPUT_RAW,0,0,0,0,0,0,0,0,1000,1000,1000,1000,0,0,0,0,0
2025-12-15 01:06:30.712,SERVO_OUTPUT_RAW,1945909808,SERVO_OUTPUT_RAW,0,0,0,0,0,0,0,0,1000,1000,1000,1000,0,0,0,0,0
2025-12-15 01:06:30.812,SERVO_OUTPUT_RAW,1946009832,SERVO_OUTPUT_RAW,0,0,0,0,0,0,0,0,1000,1000,1000,1000,0,0,0,0,0
2025-12-15 01:06:30.912,SERVO_OUTPUT_RAW,1946109807,SERVO_OUTPUT_RAW,0,0,0,0,0,0,0,0,1000,1000,1000,1000,0,0,0,0,0
2025-12-15 01:06:31.012,SERVO_OUTPUT_RAW,1946209790,SERVO_OUTPUT_RAW,0,0,0,0,0,0,0,0,1000,1000,1000,1000,0,0,0,0,0
2025-12-15 01:06:31.112,SERVO_OUTPUT_RAW,1946309793,SERVO_OUTPUT_RAW,0,0,0,0,0,0,0,0,1000,1000,1000,1000,0,0,0,0,0
2025-12-15 01:06:31.213,SERVO_OUTPUT_RAW,1946409796,SERVO_OUTPUT_RAW,0,0,0,0,0,0,0,0,1000,1000,1000,1000,0,0,0,0,0
2025-12-15 01:06:31.312,SERVO_OUTPUT_RAW,1946509818,SERVO_OUTPUT_RAW,0,0,0,0,0,0,0,0,1000,1000,1000,1000,0,0,0,0,0
2025-12-15 01:06:31.413,SERVO_OUTPUT_RAW,1946609845,SERVO_OUTPUT_RAW,0,0,0,0,0,0,0,0,1000,1000,1000,1000,0,0,0,0,0
2025-12-15 01:06:31.512,SERVO_OUTPUT_RAW,1946709827,SERVO_OUTPUT_RAW,0,0,0,0,0,0,0,0,1000,1000,1000,1000,0,0,0,0,0
2025-12-15 01:06:31.612,SERVO_OUTPUT_RAW,1946809798,SERVO_OUTPUT_RAW,0,0,0,0,0,0,0,0,1000,1000,1000,1000,0,0,0,0,0
2025-12-15 01:06:31.712,SERVO_OUTPUT_RAW,1946909834,SERVO_OUTPUT_RAW,0,0,0,0,0,0,0,0,1000,1000,1000,1000,0,0,0,0,0
2025-12-15 01:06:31.813,SERVO_OUTPUT_RAW,1947009828,SERVO_OUTPUT_RAW,0,0,0,0,0,0,0,0,1000,1000,1000,1000,0,0,0,0,0
2025-12-15 01:06:31.913,SERVO_OUTPUT_RAW,1947109838,SERVO_OUTPUT_RAW,0,0,0,0,0,0,0,0,1000,1000,1000,1000,0,0,0,0,0
2025-12-15 01:06:32.013,SERVO_OUTPUT_RAW,1947209779,SERVO_OUTPUT_RAW,0,0,0,0,0,0,0,0,1000,1000,1000,1000,0,0,0,0,0
2025-12-15 01:06:32.113,SERVO_OUTPUT_RAW,1947309795,SERVO_OUTPUT_RAW,0,0,0,0,0,0,0,0,1000,1000,1000,1000,0,0,0,0,0
2025-12-15 01:06:32.213,SERVO_OUTPUT_RAW,1947409838,SERVO_OUTPUT_RAW,0,0,0,0,0,0,0,0,1000,1000,1000,1000,0,0,0,0,0
2025-12-15 01:06:32.313,SERVO_OUTPUT_RAW,1947509826,SERVO_OUTPUT_RAW,0,0,0,0,0,0,0,0,1000,1000,1000,1000,0,0,0,0,0
2025-12-15 01:06:32.418,SERVO_OUTPUT_RAW,1947609884,SERVO_OUTPUT_RAW,0,0,0,0,0,0,0,0,1000,1000,1000,1000,0,0,0,0,0
2025-12-15 01:06:32.513,SERVO_OUTPUT_RAW,1947709785,SERVO_OUTPUT_RAW,0,0,0,0,0,0,0,0,1000,1000,1000,1000,0,0,0,0,0
2025-12-15 01:06:32.613,SERVO_OUTPUT_RAW,1947809797,SERVO_OUTPUT_RAW,0,0,0,0,0,0,0,0,1000,1000,1000,1000,0,0,0,0,0
2025-12-15 01:06:32.713,SERVO_OUTPUT_RAW,1947909789,SERVO_OUTPUT_RAW,0,0,0,0,0,0,0,0,1000,1000,1000,1000,0,0,0,0,0
2025-12-15 01:06:32.813,SERVO_OUTPUT_RAW,1948009823,SERVO_OUTPUT_RAW,0,0,0,0,0,0,0,0,1000,1000,1000,1000,0,0,0,0,0
2025-12-15 01:06:32.913,SERVO_OUTPUT_RAW,1948109816,SERVO_OUTPUT_RAW,0,0,0,0,0,0,0,0,1000,1000,1000,1000,0,0,0,0,0
2025-12-15 01:06:33.013,SERVO_OUTPUT_RAW,1948209828,SERVO_OUTPUT_RAW,0,0,0,0,0,0,0,0,1000,1000,1000,1000,0,0,0,0,0
2025-12-15 01:06:33.113,SERVO_OUTPUT_RAW,1948309807,SERVO_OUTPUT_RAW,0,0,0,0,0,0,0,0,1000,1000,1000,1000,0,0,0,0,0
2025-12-15 01:06:33.213,SERVO_OUTPUT_RAW,1948409806,SERVO_OUTPUT_RAW,0,0,0,0,0,0,0,0,1000,1000,1000,1000,0,0,0,0,0
2025-12-15 01:06:33.313,SERVO_OUTPUT_RAW,1948509855,SERVO_OUTPUT_RAW,0,0,0,0,0,0,0,0,1000,1000,1000,1000,0,0,0,0,0
2025-12-15 01:06:33.413,SERVO_OUTPUT_RAW,1948609855,SERVO_OUTPUT_RAW,0,0,0,0,0,0,0,0,1000,1000,1000,1000,0,0,0,0,0
2025-12-15 01:06:33.513,SERVO_OUTPUT_RAW,1948709904,SERVO_OUTPUT_RAW,0,0,0,0,0,0,0,0,1000,1000,1000,1000,0,0,0,0,0
2025-12-15 01:06:33.613,SERVO_OUTPUT_RAW,1948809787,SERVO_OUTPUT_RAW,0,0,0,0,0,0,0,0,1000,1000,1000,1000,0,0,0,0,0
2025-12-15 01:06:33.713,SERVO_OUTPUT_RAW,1948909806,SERVO_OUTPUT_RAW,0,0,0,0,0,0,0,0,1000,1000,1000,1000,0,0,0,0,0
2025-12-15 01:06:33.813,SERVO_OUTPUT_RAW,1949009852,SERVO_OUTPUT_RAW,0,0,0,0,0,0,0,0,1000,1000,1000,1000,0,0,0,0,0
2025-12-15 01:06:33.913,SERVO_OUTPUT_RAW,1949109786,SERVO_OUTPUT_RAW,0,0,0,0,0,0,0,0,1000,1000,1000,1000,0,0,0,0,0
2025-12-15 01:06:34.013,SERVO_OUTPUT_RAW,1949209780,SERVO_OUTPUT_RAW,0,0,0,0,0,0,0,0,1000,1000,1000,1000,0,0,0,0,0
2025-12-15 01:06:34.113,SERVO_OUTPUT_RAW,1949309808,SERVO_OUTPUT_RAW,0,0,0,0,0,0,0,0,1000,1000,1000,1000,0,0,0,0,0
2025-12-15 01:06:34.213,SERVO_OUTPUT_RAW,1949409781,SERVO_OUTPUT_RAW,0,0,0,0,0,0,0,0,1000,1000,1000,1000,0,0,0,0,0
2025-12-15 01:06:34.313,SERVO_OUTPUT_RAW,1949509793,SERVO_OUTPUT_RAW,0,0,0,0,0,0,0,0,1000,1000,1000,1000,0,0,0,0,0
2025-12-15 01:06:34.413,SERVO_OUTPUT_RAW,1949609810,SERVO_OUTPUT_RAW,0,0,0,0,0,0,0,0,1000,1000,1000,1000,0,0,0,0,0
2025-12-15 01:06:34.513,SERVO_OUTPUT_RAW,1949712170,SERVO_OUTPUT_RAW,0,0,0,0,0,0,0,0,1000,1000,1000,1000,0,0,0,0,0
2025-12-15 01:06:34.613,SERVO_OUTPUT_RAW,1949809844,SERVO_OUTPUT_RAW,0,0,0,0,0,0,0,0,1000,1000,1000,1000,0,0,0,0,0
2025-12-15 01:06:34.713,SERVO_OUTPUT_RAW,1949909804,SERVO_OUTPUT_RAW,0,0,0,0,0,0,0,0,1000,1000,1000,1000,0,0,0,0,0
2025-12-15 01:06:34.813,SERVO_OUTPUT_RAW,1950009814,SERVO_OUTPUT_RAW,0,0,0,0,0,0,0,0,1000,1000,1000,1000,0,0,0,0,0
2025-12-15 01:06:34.913,SERVO_OUTPUT_RAW,1950109822,SERVO_OUTPUT_RAW,0,0,0,0,0,0,0,0,1000,1000,1000,1000,0,0,0,0,0
2025-12-15 01:06:35.013,SERVO_OUTPUT_RAW,1950209832,SERVO_OUTPUT_RAW,0,0,0,0,0,0,0,0,1000,1000,1000,1000,0,0,0,0,0
2025-12-15 01:06:35.113,SERVO_OUTPUT_RAW,1950309849,SERVO_OUTPUT_RAW,0,0,0,0,0,0,0,0,1000,1000,1000,1000,0,0,0,0,0
2025-12-15 01:06:35.213,SERVO_OUTPUT_RAW,1950409792,SERVO_OUTPUT_RAW,0,0,0,0,0,0,0,0,1000,1000,1000,1000,0,0,0,0,0
2025-12-15 01:06:35.313,SERVO_OUTPUT_RAW,1950509904,SERVO_OUTPUT_RAW,0,0,0,0,0,0,0,0,1000,1000,1000,1000,0,0,0,0,0
2025-12-15 01:06:35.413,SERVO_OUTPUT_RAW,1950609825,SERVO_OUTPUT_RAW,0,0,0,0,0,0,0,0,1000,1000,1000,1000,0,0,0,0,0
2025-12-15 01:06:35.513,SERVO_OUTPUT_RAW,1950709783,SERVO_OUTPUT_RAW,0,0,0,0,0,0,0,0,1000,1000,1000,1000,0,0,0,0,0
2025-12-15 01:06:35.613,SERVO_OUTPUT_RAW,1950809782,SERVO_OUTPUT_RAW,0,0,0,0,0,0,0,0,1000,1000,1000,1000,0,0,0,0,0
2025-12-15 01:06:35.714,SERVO_OUTPUT_RAW,1950909797,SERVO_OUTPUT_RAW,0,0,0,0,0,0,0,0,1000,1000,1000,1000,0,0,0,0,0
2025-12-15 01:06:35.813,SERVO_OUTPUT_RAW,1951009795,SERVO_OUTPUT_RAW,0,0,0,0,0,0,0,0,1000,1000,1000,1000,0,0,0,0,0
2025-12-15 01:06:35.913,SERVO_OUTPUT_RAW,1951109788,SERVO_OUTPUT_RAW,0,0,0,0,0,0,0,0,1000,1000,1000,1000,0,0,0,0,0
2025-12-15 01:06:36.013,SERVO_OUTPUT_RAW,1951209816,SERVO_OUTPUT_RAW,0,0,0,0,0,0,0,0,1000,1000,1000,1000,0,0,0,0,0
2025-12-15 01:06:36.113,SERVO_OUTPUT_RAW,1951312140,SERVO_OUTPUT_RAW,0,0,0,0,0,0,0,0,1000,1000,1000,1000,0,0,0,0,0
2025-12-15 01:06:36.213,SERVO_OUTPUT_RAW,1951412127,SERVO_OUTPUT_RAW,0,0,0,0,0,0,0,0,1000,1000,1000,1000,0,0,0,0,0
2025-12-15 01:06:36.313,SERVO_OUTPUT_RAW,1951509811,SERVO_OUTPUT_RAW,0,0,0,0,0,0,0,0,1000,1000,1000,1000,0,0,0,0,0
2025-12-15 01:06:36.413,SERVO_OUTPUT_RAW,1951609807,SERVO_OUTPUT_RAW,0,0,0,0,0,0,0,0,1000,1000,1000,1000,0,0,0,0,0
2025-12-15 01:06:36.513,SERVO_OUTPUT_RAW,1951709856,SERVO_OUTPUT_RAW,0,0,0,0,0,0,0,0,1000,1000,1000,1000,0,0,0,0,0
2025-12-15 01:06:36.614,SERVO_OUTPUT_RAW,1951812005,SERVO_OUTPUT_RAW,0,0,0,0,0,0,0,0,1000,1000,1000,1000,0,0,0,0,0
2025-12-15 01:06:36.713,SERVO_OUTPUT_RAW,1951909838,SERVO_OUTPUT_RAW,0,0,0,0,0,0,0,0,1000,1000,1000,1000,0,0,0,0,0
2025-12-15 01:06:36.814,SERVO_OUTPUT_RAW,1952009800,SERVO_OUTPUT_RAW,0,0,0,0,0,0,0,0,1000,1000,1000,1000,0,0,0,0,0
2025-12-15 01:06:36.914,SERVO_OUTPUT_RAW,1952109817,SERVO_OUTPUT_RAW,0,0,0,0,0,0,0,0,1000,1000,1000,1000,0,0,0,0,0
2025-12-15 01:06:37.013,SERVO_OUTPUT_RAW,1952209806,SERVO_OUTPUT_RAW,0,0,0,0,0,0,0,0,1000,1000,1000,1000,0,0,0,0,0
2025-12-15 01:06:37.113,SERVO_OUTPUT_RAW,1952309800,SERVO_OUTPUT_RAW,0,0,0,0,0,0,0,0,1000,1000,1000,1000,0,0,0,0,0
2025-12-15 01:06:37.213,SERVO_OUTPUT_RAW,1952409788,SERVO_OUTPUT_RAW,0,0,0,0,0,0,0,0,1000,1000,1000,1000,0,0,0,0,0
2025-12-15 01:06:37.313,SERVO_OUTPUT_RAW,1952509796,SERVO_OUTPUT_RAW,0,0,0,0,0,0,0,0,1000,1000,1000,1000,0,0,0,0,0
2025-12-15 01:06:37.413,SERVO_OUTPUT_RAW,1952609784,SERVO_OUTPUT_RAW,0,0,0,0,0,0,0,0,1000,1000,1000,1000,0,0,0,0,0
2025-12-15 01:06:37.514,SERVO_OUTPUT_RAW,1952709802,SERVO_OUTPUT_RAW,0,0,0,0,0,0,0,0,1000,1000,1000,1000,0,0,0,0,0
2025-12-15 01:06:37.613,SERVO_OUTPUT_RAW,1952812149,SERVO_OUTPUT_RAW,0,0,0,0,0,0,0,0,1000,1000,1000,1000,0,0,0,0,0
2025-12-15 01:06:37.714,SERVO_OUTPUT_RAW,1952909849,SERVO_OUTPUT_RAW,0,0,0,0,0,0,0,0,1000,1000,1000,1000,0,0,0,0,0
2025-12-15 01:06:37.814,SERVO_OUTPUT_RAW,1953009874,SERVO_OUTPUT_RAW,0,0,0,0,0,0,0,0,1000,1000,1000,1000,0,0,0,0,0
2025-12-15 01:06:37.914,SERVO_OUTPUT_RAW,1953109794,SERVO_OUTPUT_RAW,0,0,0,0,0,0,0,0,1000,1000,1000,1000,0,0,0,0,0
2025-12-15 01:06:38.014,SERVO_OUTPUT_RAW,1953209832,SERVO_OUTPUT_RAW,0,0,0,0,0,0,0,0,1000,1000,1000,1000,0,0,0,0,0
2025-12-15 01:06:38.114,SERVO_OUTPUT_RAW,1953309835,SERVO_OUTPUT_RAW,0,0,0,0,0,0,0,0,1000,1000,1000,1000,0,0,0,0,0
2025-12-15 01:06:38.214,SERVO_OUTPUT_RAW,1953409838,SERVO_OUTPUT_RAW,0,0,0,0,0,0,0,0,1000,1000,1000,1000,0,0,0,0,0
2025-12-15 01:06:38.314,SERVO_OUTPUT_RAW,1953509775,SERVO_OUTPUT_RAW,0,0,0,0,0,0,0,0,1000,1000,1000,1000,0,0,0,0,0
2025-12-15 01:06:38.414,SERVO_OUTPUT_RAW,1953609803,SERVO_OUTPUT_RAW,0,0,0,0,0,0,0,0,1000,1000,1000,1000,0,0,0,0,0
2025-12-15 01:06:38.514,SERVO_OUTPUT_RAW,1953709804,SERVO_OUTPUT_RAW,0,0,0,0,0,0,0,0,1000,1000,1000,1000,0,0,0,0,0
2025-12-15 01:06:38.614,SERVO_OUTPUT_RAW,1953809783,SERVO_OUTPUT_RAW,0,0,0,0,0,0,0,0,1000,1000,1000,1000,0,0,0,0,0
2025-12-15 01:06:38.714,SERVO_OUTPUT_RAW,1953909887,SERVO_OUTPUT_RAW,0,0,0,0,0,0,0,0,1000,1000,1000,1000,0,0,0,0,0
2025-12-15 01:06:38.814,SERVO_OUTPUT_RAW,1954009797,SERVO_OUTPUT_RAW,0,0,0,0,0,0,0,0,1000,1000,1000,1000,0,0,0,0,0
2025-12-15 01:06:38.914,SERVO_OUTPUT_RAW,1954109805,SERVO_OUTPUT_RAW,0,0,0,0,0,0,0,0,1000,1000,1000,1000,0,0,0,0,0
2025-12-15 01:06:39.014,SERVO_OUTPUT_RAW,1954209816,SERVO_OUTPUT_RAW,0,0,0,0,0,0,0,0,1000,1000,1000,1000,0,0,0,0,0
2025-12-15 01:06:39.113,SERVO_OUTPUT_RAW,1954309783,SERVO_OUTPUT_RAW,0,0,0,0,0,0,0,0,1000,1000,1000,1000,0,0,0,0,0
2025-12-15 01:06:39.214,SERVO_OUTPUT_RAW,1954409842,SERVO_OUTPUT_RAW,0,0,0,0,0,0,0,0,1000,1000,1000,1000,0,0,0,0,0
2025-12-15 01:06:39.313,SERVO_OUTPUT_RAW,1954509799,SERVO_OUTPUT_RAW,0,0,0,0,0,0,0,0,1000,1000,1000,1000,0,0,0,0,0
2025-12-15 01:06:39.414,SERVO_OUTPUT_RAW,1954609803,SERVO_OUTPUT_RAW,0,0,0,0,0,0,0,0,1000,1000,1000,1000,0,0,0,0,0
2025-12-15 01:06:39.514,SERVO_OUTPUT_RAW,1954709825,SERVO_OUTPUT_RAW,0,0,0,0,0,0,0,0,1000,1000,1000,1000,0,0,0,0,0
2025-12-15 01:06:39.614,SERVO_OUTPUT_RAW,1954809872,SERVO_OUTPUT_RAW,0,0,0,0,0,0,0,0,1000,1000,1000,1000,0,0,0,0,0
2025-12-15 01:06:39.714,SERVO_OUTPUT_RAW,1954909846,SERVO_OUTPUT_RAW,0,0,0,0,0,0,0,0,1000,1000,1000,1000,0,0,0,0,0
2025-12-15 01:06:39.814,SERVO_OUTPUT_RAW,1955009858,SERVO_OUTPUT_RAW,0,0,0,0,0,0,0,0,1000,1000,1000,1000,0,0,0,0,0
2025-12-15 01:06:39.914,SERVO_OUTPUT_RAW,1955109791,SERVO_OUTPUT_RAW,0,0,0,0,0,0,0,0,1000,1000,1000,1000,0,0,0,0,0
2025-12-15 01:06:40.014,SERVO_OUTPUT_RAW,1955209817,SERVO_OUTPUT_RAW,0,0,0,0,0,0,0,0,1000,1000,1000,1000,0,0,0,0,0
2025-12-15 01:06:40.114,SERVO_OUTPUT_RAW,1955309850,SERVO_OUTPUT_RAW,0,0,0,0,0,0,0,0,1000,1000,1000,1000,0,0,0,0,0
2025-12-15 01:06:40.214,SERVO_OUTPUT_RAW,1955409786,SERVO_OUTPUT_RAW,0,0,0,0,0,0,0,0,1000,1000,1000,1000,0,0,0,0,0
2025-12-15 01:06:40.313,SERVO_OUTPUT_RAW,1955509801,SERVO_OUTPUT_RAW,0,0,0,0,0,0,0,0,1000,1000,1000,1000,0,0,0,0,0
2025-12-15 01:06:40.413,SERVO_OUTPUT_RAW,1955609784,SERVO_OUTPUT_RAW,0,0,0,0,0,0,0,0,1000,1000,1000,1000,0,0,0,0,0
2025-12-15 01:06:40.513,SERVO_OUTPUT_RAW,1955709780,SERVO_OUTPUT_RAW,0,0,0,0,0,0,0,0,1000,1000,1000,1000,0,0,0,0,0
2025-12-15 01:06:40.613,SERVO_OUTPUT_RAW,1955809814,SERVO_OUTPUT_RAW,0,0,0,0,0,0,0,0,1000,1000,1000,1000,0,0,0,0,0
2025-12-15 01:06:40.713,SERVO_OUTPUT_RAW,1955909838,SERVO_OUTPUT_RAW,0,0,0,0,0,0,0,0,1000,1000,1000,1000,0,0,0,0,0
2025-12-15 01:06:40.813,SERVO_OUTPUT_RAW,1956012167,SERVO_OUTPUT_RAW,0,0,0,0,0,0,0,0,1000,1000,1000,1000,0,0,0,0,0
2025-12-15 01:06:40.913,SERVO_OUTPUT_RAW,1956109793,SERVO_OUTPUT_RAW,0,0,0,0,0,0,0,0,1000,1000,1000,1000,0,0,0,0,0
2025-12-15 01:06:41.013,SERVO_OUTPUT_RAW,1956209778,SERVO_OUTPUT_RAW,0,0,0,0,0,0,0,0,1000,1000,1000,1000,0,0,0,0,0
2025-12-15 01:06:41.115,SERVO_OUTPUT_RAW,1956309808,SERVO_OUTPUT_RAW,0,0,0,0,0,0,0,0,1000,1000,1000,1000,0,0,0,0,0
2025-12-15 01:06:41.214,SERVO_OUTPUT_RAW,1956409849,SERVO_OUTPUT_RAW,0,0,0,0,0,0,0,0,1000,1000,1000,1000,0,0,0,0,0
2025-12-15 01:06:41.313,SERVO_OUTPUT_RAW,1956509855,SERVO_OUTPUT_RAW,0,0,0,0,0,0,0,0,1000,1000,1000,1000,0,0,0,0,0
2025-12-15 01:06:41.413,SERVO_OUTPUT_RAW,1956609781,SERVO_OUTPUT_RAW,0,0,0,0,0,0,0,0,1000,1000,1000,1000,0,0,0,0,0
2025-12-15 01:06:41.513,SERVO_OUTPUT_RAW,1956709803,SERVO_OUTPUT_RAW,0,0,0,0,0,0,0,0,1000,1000,1000,1000,0,0,0,0,0
2025-12-15 01:06:41.613,SERVO_OUTPUT_RAW,1956809828,SERVO_OUTPUT_RAW,0,0,0,0,0,0,0,0,1000,1000,1000,1000,0,0,0,0,0
2025-12-15 01:06:41.713,SERVO_OUTPUT_RAW,1956909774,SERVO_OUTPUT_RAW,0,0,0,0,0,0,0,0,1000,1000,1000,1000,0,0,0,0,0
2025-12-15 01:06:41.813,SERVO_OUTPUT_RAW,1957009771,SERVO_OUTPUT_RAW,0,0,0,0,0,0,0,0,1000,1000,1000,1000,0,0,0,0,0
2025-12-15 01:06:41.913,SERVO_OUTPUT_RAW,1957109798,SERVO_OUTPUT_RAW,0,0,0,0,0,0,0,0,1000,1000,1000,1000,0,0,0,0,0
2025-12-15 01:06:42.013,SERVO_OUTPUT_RAW,1957209783,SERVO_OUTPUT_RAW,0,0,0,0,0,0,0,0,1000,1000,1000,1000,0,0,0,0,0
2025-12-15 01:06:42.113,SERVO_OUTPUT_RAW,1957309779,SERVO_OUTPUT_RAW,0,0,0,0,0,0,0,0,1000,1000,1000,1000,0,0,0,0,0
2025-12-15 01:06:42.213,SERVO_OUTPUT_RAW,1957409807,SERVO_OUTPUT_RAW,0,0,0,0,0,0,0,0,1000,1000,1000,1000,0,0,0,0,0
2025-12-15 01:06:42.313,SERVO_OUTPUT_RAW,1957509833,SERVO_OUTPUT_RAW,0,0,0,0,0,0,0,0,1000,1000,1000,1000,0,0,0,0,0
2025-12-15 01:06:42.414,SERVO_OUTPUT_RAW,1957609795,SERVO_OUTPUT_RAW,0,0,0,0,0,0,0,0,1000,1000,1000,1000,0,0,0,0,0
2025-12-15 01:06:42.513,SERVO_OUTPUT_RAW,1957712175,SERVO_OUTPUT_RAW,0,0,0,0,0,0,0,0,1000,1000,1000,1000,0,0,0,0,0
2025-12-15 01:06:42.613,SERVO_OUTPUT_RAW,1957809809,SERVO_OUTPUT_RAW,0,0,0,0,0,0,0,0,1000,1000,1000,1000,0,0,0,0,0
2025-12-15 01:06:42.714,SERVO_OUTPUT_RAW,1957909824,SERVO_OUTPUT_RAW,0,0,0,0,0,0,0,0,1000,1000,1000,1000,0,0,0,0,0
2025-12-15 01:06:42.814,SERVO_OUTPUT_RAW,1958009850,SERVO_OUTPUT_RAW,0,0,0,0,0,0,0,0,1000,1000,1000,1000,0,0,0,0,0
2025-12-15 01:06:42.913,SERVO_OUTPUT_RAW,1958112013,SERVO_OUTPUT_RAW,0,0,0,0,0,0,0,0,1000,1000,1000,1000,0,0,0,0,0
2025-12-15 01:06:43.014,SERVO_OUTPUT_RAW,1958209791,SERVO_OUTPUT_RAW,0,0,0,0,0,0,0,0,1000,1000,1000,1000,0,0,0,0,0
2025-12-15 01:06:43.114,SERVO_OUTPUT_RAW,1958309815,SERVO_OUTPUT_RAW,0,0,0,0,0,0,0,0,1000,1000,1000,1000,0,0,0,0,0
2025-12-15 01:06:43.213,SERVO_OUTPUT_RAW,1958409829,SERVO_OUTPUT_RAW,0,0,0,0,0,0,0,0,1000,1000,1000,1000,0,0,0,0,0
2025-12-15 01:06:43.314,SERVO_OUTPUT_RAW,1958509791,SERVO_OUTPUT_RAW,0,0,0,0,0,0,0,0,1000,1000,1000,1000,0,0,0,0,0
2025-12-15 01:06:43.413,SERVO_OUTPUT_RAW,1958609786,SERVO_OUTPUT_RAW,0,0,0,0,0,0,0,0,1000,1000,1000,1000,0,0,0,0,0
2025-12-15 01:06:43.513,SERVO_OUTPUT_RAW,1958709804,SERVO_OUTPUT_RAW,0,0,0,0,0,0,0,0,1000,1000,1000,1000,0,0,0,0,0
2025-12-15 01:06:43.613,SERVO_OUTPUT_RAW,1958809782,SERVO_OUTPUT_RAW,0,0,0,0,0,0,0,0,1000,1000,1000,1000,0,0,0,0,0
2025-12-15 01:06:43.713,SERVO_OUTPUT_RAW,1958909779,SERVO_OUTPUT_RAW,0,0,0,0,0,0,0,0,1000,1000,1000,1000,0,0,0,0,0
2025-12-15 01:06:43.814,SERVO_OUTPUT_RAW,1959009808,SERVO_OUTPUT_RAW,0,0,0,0,0,0,0,0,1000,1000,1000,1000,0,0,0,0,0
2025-12-15 01:06:43.914,SERVO_OUTPUT_RAW,1959109824,SERVO_OUTPUT_RAW,0,0,0,0,0,0,0,0,1000,1000,1000,1000,0,0,0,0,0
2025-12-15 01:06:44.014,SERVO_OUTPUT_RAW,1959209846,SERVO_OUTPUT_RAW,0,0,0,0,0,0,0,0,1000,1000,1000,1000,0,0,0,0,0
2025-12-15 01:06:44.114,SERVO_OUTPUT_RAW,1959309789,SERVO_OUTPUT_RAW,0,0,0,0,0,0,0,0,1000,1000,1000,1000,0,0,0,0,0
2025-12-15 01:06:44.213,SERVO_OUTPUT_RAW,1959409838,SERVO_OUTPUT_RAW,0,0,0,0,0,0,0,0,1000,1000,1000,1000,0,0,0,0,0
2025-12-15 01:06:44.314,SERVO_OUTPUT_RAW,1959509856,SERVO_OUTPUT_RAW,0,0,0,0,0,0,0,0,1000,1000,1000,1000,0,0,0,0,0
2025-12-15 01:06:44.414,SERVO_OUTPUT_RAW,1959609852,SERVO_OUTPUT_RAW,0,0,0,0,0,0,0,0,1000,1000,1000,1000,0,0,0,0,0
2025-12-15 01:06:44.514,SERVO_OUTPUT_RAW,1959709785,SERVO_OUTPUT_RAW,0,0,0,0,0,0,0,0,1000,1000,1000,1000,0,0,0,0,0
2025-12-15 01:06:44.614,SERVO_OUTPUT_RAW,1959809801,SERVO_OUTPUT_RAW,0,0,0,0,0,0,0,0,1000,1000,1000,1000,0,0,0,0,0
2025-12-15 01:06:44.714,SERVO_OUTPUT_RAW,1959909826,SERVO_OUTPUT_RAW,0,0,0,0,0,0,0,0,1000,1000,1000,1000,0,0,0,0,0
2025-12-15 01:06:44.814,SERVO_OUTPUT_RAW,1960009842,SERVO_OUTPUT_RAW,0,0,0,0,0,0,0,0,1000,1000,1000,1000,0,0,0,0,0
2025-12-15 01:06:44.914,SERVO_OUTPUT_RAW,1960109783,SERVO_OUTPUT_RAW,0,0,0,0,0,0,0,0,1000,1000,1000,1000,0,0,0,0,0
2025-12-15 01:06:45.014,SERVO_OUTPUT_RAW,1960209848,SERVO_OUTPUT_RAW,0,0,0,0,0,0,0,0,1000,1000,1000,1000,0,0,0,0,0
2025-12-15 01:06:45.114,SERVO_OUTPUT_RAW,1960309777,SERVO_OUTPUT_RAW,0,0,0,0,0,0,0,0,1000,1000,1000,1000,0,0,0,0,0
2025-12-15 01:06:45.214,SERVO_OUTPUT_RAW,1960409813,SERVO_OUTPUT_RAW,0,0,0,0,0,0,0,0,1000,1000,1000,1000,0,0,0,0,0
2025-12-15 01:06:45.314,SERVO_OUTPUT_RAW,1960509778,SERVO_OUTPUT_RAW,0,0,0,0,0,0,0,0,1000,1000,1000,1000,0,0,0,0,0
2025-12-15 01:06:45.414,SERVO_OUTPUT_RAW,1960609838,SERVO_OUTPUT_RAW,0,0,0,0,0,0,0,0,1000,1000,1000,1000,0,0,0,0,0
2025-12-15 01:06:45.514,SERVO_OUTPUT_RAW,1960709831,SERVO_OUTPUT_RAW,0,0,0,0,0,0,0,0,1000,1000,1000,1000,0,0,0,0,0
2025-12-15 01:06:45.614,SERVO_OUTPUT_RAW,1960809847,SERVO_OUTPUT_RAW,0,0,0,0,0,0,0,0,1000,1000,1000,1000,0,0,0,0,0
2025-12-15 01:06:45.714,SERVO_OUTPUT_RAW,1960909818,SERVO_OUTPUT_RAW,0,0,0,0,0,0,0,0,1000,1000,1000,1000,0,0,0,0,0
2025-12-15 01:06:45.814,SERVO_OUTPUT_RAW,1961009835,SERVO_OUTPUT_RAW,0,0,0,0,0,0,0,0,1000,1000,1000,1000,0,0,0,0,0
2025-12-15 01:06:45.914,SERVO_OUTPUT_RAW,1961109845,SERVO_OUTPUT_RAW,0,0,0,0,0,0,0,0,1000,1000,1000,1000,0,0,0,0,0
2025-12-15 01:06:46.014,SERVO_OUTPUT_RAW,1961209845,SERVO_OUTPUT_RAW,0,0,0,0,0,0,0,0,1000,1000,1000,1000,0,0,0,0,0
2025-12-15 01:06:46.114,SERVO_OUTPUT_RAW,1961309797,SERVO_OUTPUT_RAW,0,0,0,0,0,0,0,0,1000,1000,1000,1000,0,0,0,0,0
2025-12-15 01:06:46.214,SERVO_OUTPUT_RAW,1961409813,SERVO_OUTPUT_RAW,0,0,0,0,0,0,0,0,1000,1000,1000,1000,0,0,0,0,0
2025-12-15 01:06:46.314,SERVO_OUTPUT_RAW,1961509810,SERVO_OUTPUT_RAW,0,0,0,0,0,0,0,0,1000,1000,1000,1000,0,0,0,0,0
2025-12-15 01:06:46.414,SERVO_OUTPUT_RAW,1961609787,SERVO_OUTPUT_RAW,0,0,0,0,0,0,0,0,1000,1000,1000,1000,0,0,0,0,0
2025-12-15 01:06:46.514,SERVO_OUTPUT_RAW,1961709783,SERVO_OUTPUT_RAW,0,0,0,0,0,0,0,0,1000,1000,1000,1000,0,0,0,0,0
2025-12-15 01:06:46.614,SERVO_OUTPUT_RAW,1961809791,SERVO_OUTPUT_RAW,0,0,0,0,0,0,0,0,1000,1000,1000,1000,0,0,0,0,0
2025-12-15 01:06:46.714,SERVO_OUTPUT_RAW,1961909799,SERVO_OUTPUT_RAW,0,0,0,0,0,0,0,0,1000,1000,1000,1000,0,0,0,0,0
2025-12-15 01:06:46.814,SERVO_OUTPUT_RAW,1962009799,SERVO_OUTPUT_RAW,0,0,0,0,0,0,0,0,1000,1000,1000,1000,0,0,0,0,0
2025-12-15 01:06:46.914,SERVO_OUTPUT_RAW,1962109789,SERVO_OUTPUT_RAW,0,0,0,0,0,0,0,0,1000,1000,1000,1000,0,0,0,0,0
2025-12-15 01:06:47.014,SERVO_OUTPUT_RAW,1962209844,SERVO_OUTPUT_RAW,0,0,0,0,0,0,0,0,1000,1000,1000,1000,0,0,0,0,0
2025-12-15 01:06:47.114,SERVO_OUTPUT_RAW,1962312139,SERVO_OUTPUT_RAW,0,0,0,0,0,0,0,0,1000,1000,1000,1000,0,0,0,0,0
2025-12-15 01:06:47.214,SERVO_OUTPUT_RAW,1962409853,SERVO_OUTPUT_RAW,0,0,0,0,0,0,0,0,1000,1000,1000,1000,0,0,0,0,0
2025-12-15 01:06:47.314,SERVO_OUTPUT_RAW,1962509813,SERVO_OUTPUT_RAW,0,0,0,0,0,0,0,0,1000,1000,1000,1000,0,0,0,0,0
2025-12-15 01:06:47.468,SERVO_OUTPUT_RAW,1962609808,SERVO_OUTPUT_RAW,0,0,0,0,0,0,0,0,1000,1000,1000,1000,0,0,0,0,0
2025-12-15 01:06:47.514,SERVO_OUTPUT_RAW,1962709834,SERVO_OUTPUT_RAW,0,0,0,0,0,0,0,0,1000,1000,1000,1000,0,0,0,0,0
2025-12-15 01:06:47.614,SERVO_OUTPUT_RAW,1962809827,SERVO_OUTPUT_RAW,0,0,0,0,0,0,0,0,1000,1000,1000,1000,0,0,0,0,0
2025-12-15 01:06:47.714,SERVO_OUTPUT_RAW,1962909822,SERVO_OUTPUT_RAW,0,0,0,0,0,0,0,0,1000,1000,1000,1000,0,0,0,0,0
2025-12-15 01:06:47.814,SERVO_OUTPUT_RAW,1963009812,SERVO_OUTPUT_RAW,0,0,0,0,0,0,0,0,1000,1000,1000,1000,0,0,0,0,0
2025-12-15 01:06:47.914,SERVO_OUTPUT_RAW,1963109831,SERVO_OUTPUT_RAW,0,0,0,0,0,0,0,0,1000,1000,1000,1000,0,0,0,0,0
2025-12-15 01:06:48.014,SERVO_OUTPUT_RAW,1963209779,SERVO_OUTPUT_RAW,0,0,0,0,0,0,0,0,1000,1000,1000,1000,0,0,0,0,0
2025-12-15 01:06:48.114,SERVO_OUTPUT_RAW,1963309789,SERVO_OUTPUT_RAW,0,0,0,0,0,0,0,0,1000,1000,1000,1000,0,0,0,0,0
2025-12-15 01:06:48.214,SERVO_OUTPUT_RAW,1963409802,SERVO_OUTPUT_RAW,0,0,0,0,0,0,0,0,1000,1000,1000,1000,0,0,0,0,0
2025-12-15 01:06:48.314,SERVO_OUTPUT_RAW,1963509793,SERVO_OUTPUT_RAW,0,0,0,0,0,0,0,0,1000,1000,1000,1000,0,0,0,0,0
2025-12-15 01:06:48.414,SERVO_OUTPUT_RAW,1963609795,SERVO_OUTPUT_RAW,0,0,0,0,0,0,0,0,1000,1000,1000,1000,0,0,0,0,0
2025-12-15 01:06:48.514,SERVO_OUTPUT_RAW,1963709817,SERVO_OUTPUT_RAW,0,0,0,0,0,0,0,0,1000,1000,1000,1000,0,0,0,0,0
2025-12-15 01:06:48.614,SERVO_OUTPUT_RAW,1963809840,SERVO_OUTPUT_RAW,0,0,0,0,0,0,0,0,1000,1000,1000,1000,0,0,0,0,0
2025-12-15 01:06:48.714,SERVO_OUTPUT_RAW,1963909875,SERVO_OUTPUT_RAW,0,0,0,0,0,0,0,0,1000,1000,1000,1000,0,0,0,0,0
2025-12-15 01:06:48.814,SERVO_OUTPUT_RAW,1964009810,SERVO_OUTPUT_RAW,0,0,0,0,0,0,0,0,1000,1000,1000,1000,0,0,0,0,0
2025-12-15 01:06:48.914,SERVO_OUTPUT_RAW,1964109814,SERVO_OUTPUT_RAW,0,0,0,0,0,0,0,0,1000,1000,1000,1000,0,0,0,0,0
2025-12-15 01:06:49.014,SERVO_OUTPUT_RAW,1964209838,SERVO_OUTPUT_RAW,0,0,0,0,0,0,0,0,1000,1000,1000,1000,0,0,0,0,0
2025-12-15 01:06:49.114,SERVO_OUTPUT_RAW,1964309845,SERVO_OUTPUT_RAW,0,0,0,0,0,0,0,0,1000,1000,1000,1000,0,0,0,0,0
2025-12-15 01:06:49.214,SERVO_OUTPUT_RAW,1964409912,SERVO_OUTPUT_RAW,0,0,0,0,0,0,0,0,1000,1000,1000,1000,0,0,0,0,0
2025-12-15 01:06:49.314,SERVO_OUTPUT_RAW,1964509810,SERVO_OUTPUT_RAW,0,0,0,0,0,0,0,0,1000,1000,1000,1000,0,0,0,0,0
2025-12-15 01:06:49.414,SERVO_OUTPUT_RAW,1964609802,SERVO_OUTPUT_RAW,0,0,0,0,0,0,0,0,1000,1000,1000,1000,0,0,0,0,0
2025-12-15 01:06:49.514,SERVO_OUTPUT_RAW,1964709782,SERVO_OUTPUT_RAW,0,0,0,0,0,0,0,0,1000,1000,1000,1000,0,0,0,0,0
2025-12-15 01:06:49.613,SERVO_OUTPUT_RAW,1964809771,SERVO_OUTPUT_RAW,0,0,0,0,0,0,0,0,1000,1000,1000,1000,0,0,0,0,0
2025-12-15 01:06:49.714,SERVO_OUTPUT_RAW,1964909801,SERVO_OUTPUT_RAW,0,0,0,0,0,0,0,0,1000,1000,1000,1000,0,0,0,0,0
2025-12-15 01:06:49.813,SERVO_OUTPUT_RAW,1965009785,SERVO_OUTPUT_RAW,0,0,0,0,0,0,0,0,1000,1000,1000,1000,0,0,0,0,0
2025-12-15 01:06:49.914,SERVO_OUTPUT_RAW,1965109776,SERVO_OUTPUT_RAW,0,0,0,0,0,0,0,0,1000,1000,1000,1000,0,0,0,0,0
2025-12-15 01:06:50.013,SERVO_OUTPUT_RAW,1965209795,SERVO_OUTPUT_RAW,0,0,0,0,0,0,0,0,1000,1000,1000,1000,0,0,0,0,0
2025-12-15 01:06:50.113,SERVO_OUTPUT_RAW,1965309826,SERVO_OUTPUT_RAW,0,0,0,0,0,0,0,0,1000,1000,1000,1000,0,0,0,0,0
2025-12-15 01:06:50.213,SERVO_OUTPUT_RAW,1965409833,SERVO_OUTPUT_RAW,0,0,0,0,0,0,0,0,1000,1000,1000,1000,0,0,0,0,0
2025-12-15 01:06:50.313,SERVO_OUTPUT_RAW,1965509793,SERVO_OUTPUT_RAW,0,0,0,0,0,0,0,0,1000,1000,1000,1000,0,0,0,0,0
2025-12-15 01:06:50.413,SERVO_OUTPUT_RAW,1965609789,SERVO_OUTPUT_RAW,0,0,0,0,0,0,0,0,1000,1000,1000,1000,0,0,0,0,0
2025-12-15 01:06:50.513,SERVO_OUTPUT_RAW,1965709812,SERVO_OUTPUT_RAW,0,0,0,0,0,0,0,0,1000,1000,1000,1000,0,0,0,0,0
2025-12-15 01:06:50.613,SERVO_OUTPUT_RAW,1965809919,SERVO_OUTPUT_RAW,0,0,0,0,0,0,0,0,1000,1000,1000,1000,0,0,0,0,0
2025-12-15 01:06:50.713,SERVO_OUTPUT_RAW,1965909842,SERVO_OUTPUT_RAW,0,0,0,0,0,0,0,0,1000,1000,1000,1000,0,0,0,0,0
2025-12-15 01:06:50.813,SERVO_OUTPUT_RAW,1966009783,SERVO_OUTPUT_RAW,0,0,0,0,0,0,0,0,1000,1000,1000,1000,0,0,0,0,0
2025-12-15 01:06:50.913,SERVO_OUTPUT_RAW,1966109804,SERVO_OUTPUT_RAW,0,0,0,0,0,0,0,0,1000,1000,1000,1000,0,0,0,0,0
2025-12-15 01:06:51.013,SERVO_OUTPUT_RAW,1966209811,SERVO_OUTPUT_RAW,0,0,0,0,0,0,0,0,1000,1000,1000,1000,0,0,0,0,0
2025-12-15 01:06:51.113,SERVO_OUTPUT_RAW,1966309790,SERVO_OUTPUT_RAW,0,0,0,0,0,0,0,0,1000,1000,1000,1000,0,0,0,0,0
2025-12-15 01:06:51.213,SERVO_OUTPUT_RAW,1966409803,SERVO_OUTPUT_RAW,0,0,0,0,0,0,0,0,1000,1000,1000,1000,0,0,0,0,0
2025-12-15 01:06:51.313,SERVO_OUTPUT_RAW,1966509852,SERVO_OUTPUT_RAW,0,0,0,0,0,0,0,0,1000,1000,1000,1000,0,0,0,0,0
2025-12-15 01:06:51.413,SERVO_OUTPUT_RAW,1966609792,SERVO_OUTPUT_RAW,0,0,0,0,0,0,0,0,1000,1000,1000,1000,0,0,0,0,0
2025-12-15 01:06:51.514,SERVO_OUTPUT_RAW,1966709794,SERVO_OUTPUT_RAW,0,0,0,0,0,0,0,0,1000,1000,1000,1000,0,0,0,0,0
2025-12-15 01:06:51.613,SERVO_OUTPUT_RAW,1966809815,SERVO_OUTPUT_RAW,0,0,0,0,0,0,0,0,1000,1000,1000,1000,0,0,0,0,0
2025-12-15 01:06:51.713,SERVO_OUTPUT_RAW,1966909837,SERVO_OUTPUT_RAW,0,0,0,0,0,0,0,0,1000,1000,1000,1000,0,0,0,0,0
2025-12-15 01:06:51.814,SERVO_OUTPUT_RAW,1967009831,SERVO_OUTPUT_RAW,0,0,0,0,0,0,0,0,1000,1000,1000,1000,0,0,0,0,0
2025-12-15 01:06:51.914,SERVO_OUTPUT_RAW,1967109801,SERVO_OUTPUT_RAW,0,0,0,0,0,0,0,0,1000,1000,1000,1000,0,0,0,0,0
2025-12-15 01:06:52.014,SERVO_OUTPUT_RAW,1967209816,SERVO_OUTPUT_RAW,0,0,0,0,0,0,0,0,1000,1000,1000,1000,0,0,0,0,0
2025-12-15 01:06:52.114,SERVO_OUTPUT_RAW,1967309830,SERVO_OUTPUT_RAW,0,0,0,0,0,0,0,0,1000,1000,1000,1000,0,0,0,0,0
2025-12-15 01:06:52.214,SERVO_OUTPUT_RAW,1967409866,SERVO_OUTPUT_RAW,0,0,0,0,0,0,0,0,1000,1000,1000,1000,0,0,0,0,0
2025-12-15 01:06:52.314,SERVO_OUTPUT_RAW,1967509817,SERVO_OUTPUT_RAW,0,0,0,0,0,0,0,0,1000,1000,1000,1000,0,0,0,0,0
2025-12-15 01:06:52.414,SERVO_OUTPUT_RAW,1967609813,SERVO_OUTPUT_RAW,0,0,0,0,0,0,0,0,1000,1000,1000,1000,0,0,0,0,0
2025-12-15 01:06:52.514,SERVO_OUTPUT_RAW,1967709810,SERVO_OUTPUT_RAW,0,0,0,0,0,0,0,0,1000,1000,1000,1000,0,0,0,0,0
2025-12-15 01:06:52.614,SERVO_OUTPUT_RAW,1967809821,SERVO_OUTPUT_RAW,0,0,0,0,0,0,0,0,1000,1000,1000,1000,0,0,0,0,0
2025-12-15 01:06:52.714,SERVO_OUTPUT_RAW,1967909782,SERVO_OUTPUT_RAW,0,0,0,0,0,0,0,0,1000,1000,1000,1000,0,0,0,0,0
2025-12-15 01:06:52.814,SERVO_OUTPUT_RAW,1968009785,SERVO_OUTPUT_RAW,0,0,0,0,0,0,0,0,1000,1000,1000,1000,0,0,0,0,0
2025-12-15 01:06:52.914,SERVO_OUTPUT_RAW,1968109781,SERVO_OUTPUT_RAW,0,0,0,0,0,0,0,0,1000,1000,1000,1000,0,0,0,0,0
2025-12-15 01:06:53.014,SERVO_OUTPUT_RAW,1968209786,SERVO_OUTPUT_RAW,0,0,0,0,0,0,0,0,1000,1000,1000,1000,0,0,0,0,0
2025-12-15 01:06:53.114,SERVO_OUTPUT_RAW,1968309801,SERVO_OUTPUT_RAW,0,0,0,0,0,0,0,0,1000,1000,1000,1000,0,0,0,0,0
2025-12-15 01:06:53.214,SERVO_OUTPUT_RAW,1968409832,SERVO_OUTPUT_RAW,0,0,0,0,0,0,0,0,1000,1000,1000,1000,0,0,0,0,0
2025-12-15 01:06:53.314,SERVO_OUTPUT_RAW,1968509856,SERVO_OUTPUT_RAW,0,0,0,0,0,0,0,0,1000,1000,1000,1000,0,0,0,0,0
2025-12-15 01:06:53.414,SERVO_OUTPUT_RAW,1968612201,SERVO_OUTPUT_RAW,0,0,0,0,0,0,0,0,1000,1000,1000,1000,0,0,0,0,0
2025-12-15 01:06:53.514,SERVO_OUTPUT_RAW,1968709798,SERVO_OUTPUT_RAW,0,0,0,0,0,0,0,0,1000,1000,1000,1000,0,0,0,0,0
2025-12-15 01:06:53.614,SERVO_OUTPUT_RAW,1968809821,SERVO_OUTPUT_RAW,0,0,0,0,0,0,0,0,1000,1000,1000,1000,0,0,0,0,0
2025-12-15 01:06:53.714,SERVO_OUTPUT_RAW,1968909857,SERVO_OUTPUT_RAW,0,0,0,0,0,0,0,0,1000,1000,1000,1000,0,0,0,0,0
2025-12-15 01:06:53.814,SERVO_OUTPUT_RAW,1969009846,SERVO_OUTPUT_RAW,0,0,0,0,0,0,0,0,1000,1000,1000,1000,0,0,0,0,0
2025-12-15 01:06:53.914,SERVO_OUTPUT_RAW,1969109782,SERVO_OUTPUT_RAW,0,0,0,0,0,0,0,0,1000,1000,1000,1000,0,0,0,0,0
2025-12-15 01:06:54.014,SERVO_OUTPUT_RAW,1969209800,SERVO_OUTPUT_RAW,0,0,0,0,0,0,0,0,1000,1000,1000,1000,0,0,0,0,0
2025-12-15 01:06:54.114,SERVO_OUTPUT_RAW,1969309825,SERVO_OUTPUT_RAW,0,0,0,0,0,0,0,0,1000,1000,1000,1000,0,0,0,0,0
2025-12-15 01:06:54.214,SERVO_OUTPUT_RAW,1969409783,SERVO_OUTPUT_RAW,0,0,0,0,0,0,0,0,1000,1000,1000,1000,0,0,0,0,0
2025-12-15 01:06:54.314,SERVO_OUTPUT_RAW,1969509784,SERVO_OUTPUT_RAW,0,0,0,0,0,0,0,0,1000,1000,1000,1000,0,0,0,0,0
2025-12-15 01:06:54.414,SERVO_OUTPUT_RAW,1969609791,SERVO_OUTPUT_RAW,0,0,0,0,0,0,0,0,1000,1000,1000,1000,0,0,0,0,0
2025-12-15 01:06:54.514,SERVO_OUTPUT_RAW,1969709804,SERVO_OUTPUT_RAW,0,0,0,0,0,0,0,0,1000,1000,1000,1000,0,0,0,0,0
2025-12-15 01:06:54.614,SERVO_OUTPUT_RAW,1969809793,SERVO_OUTPUT_RAW,0,0,0,0,0,0,0,0,1000,1000,1000,1000,0,0,0,0,0
2025-12-15 01:06:54.714,SERVO_OUTPUT_RAW,1969912153,SERVO_OUTPUT_RAW,0,0,0,0,0,0,0,0,1000,1000,1000,1000,0,0,0,0,0
2025-12-15 01:06:54.814,SERVO_OUTPUT_RAW,1970009826,SERVO_OUTPUT_RAW,0,0,0,0,0,0,0,0,1000,1000,1000,1000,0,0,0,0,0
2025-12-15 01:06:54.915,SERVO_OUTPUT_RAW,1970109846,SERVO_OUTPUT_RAW,0,0,0,0,0,0,0,0,1000,1000,1000,1000,0,0,0,0,0
2025-12-15 01:06:55.014,SERVO_OUTPUT_RAW,1970209802,SERVO_OUTPUT_RAW,0,0,0,0,0,0,0,0,1000,1000,1000,1000,0,0,0,0,0
2025-12-15 01:06:55.114,SERVO_OUTPUT_RAW,1970312095,SERVO_OUTPUT_RAW,0,0,0,0,0,0,0,0,1000,1000,1000,1000,0,0,0,0,0
2025-12-15 01:06:55.214,SERVO_OUTPUT_RAW,1970409816,SERVO_OUTPUT_RAW,0,0,0,0,0,0,0,0,1000,1000,1000,1000,0,0,0,0,0
2025-12-15 01:06:55.314,SERVO_OUTPUT_RAW,1970509825,SERVO_OUTPUT_RAW,0,0,0,0,0,0,0,0,1000,1000,1000,1000,0,0,0,0,0
2025-12-15 01:06:55.414,SERVO_OUTPUT_RAW,1970609786,SERVO_OUTPUT_RAW,0,0,0,0,0,0,0,0,1000,1000,1000,1000,0,0,0,0,0
2025-12-15 01:06:55.514,SERVO_OUTPUT_RAW,1970712064,SERVO_OUTPUT_RAW,0,0,0,0,0,0,0,0,1000,1000,1000,1000,0,0,0,0,0
2025-12-15 01:06:55.614,SERVO_OUTPUT_RAW,1970809815,SERVO_OUTPUT_RAW,0,0,0,0,0,0,0,0,1000,1000,1000,1000,0,0,0,0,0
2025-12-15 01:06:55.714,SERVO_OUTPUT_RAW,1970909815,SERVO_OUTPUT_RAW,0,0,0,0,0,0,0,0,1000,1000,1000,1000,0,0,0,0,0
2025-12-15 01:06:55.814,SERVO_OUTPUT_RAW,1971009788,SERVO_OUTPUT_RAW,0,0,0,0,0,0,0,0,1000,1000,1000,1000,0,0,0,0,0
2025-12-15 01:06:55.914,SERVO_OUTPUT_RAW,1971109788,SERVO_OUTPUT_RAW,0,0,0,0,0,0,0,0,1000,1000,1000,1000,0,0,0,0,0
2025-12-15 01:06:56.014,SERVO_OUTPUT_RAW,1971209804,SERVO_OUTPUT_RAW,0,0,0,0,0,0,0,0,1000,1000,1000,1000,0,0,0,0,0
2025-12-15 01:06:56.114,SERVO_OUTPUT_RAW,1971309797,SERVO_OUTPUT_RAW,0,0,0,0,0,0,0,0,1000,1000,1000,1000,0,0,0,0,0
2025-12-15 01:06:56.214,SERVO_OUTPUT_RAW,1971409793,SERVO_OUTPUT_RAW,0,0,0,0,0,0,0,0,1000,1000,1000,1000,0,0,0,0,0
2025-12-15 01:06:56.314,SERVO_OUTPUT_RAW,1971509797,SERVO_OUTPUT_RAW,0,0,0,0,0,0,0,0,1000,1000,1000,1000,0,0,0,0,0
2025-12-15 01:06:56.414,SERVO_OUTPUT_RAW,1971609859,SERVO_OUTPUT_RAW,0,0,0,0,0,0,0,0,1000,1000,1000,1000,0,0,0,0,0
2025-12-15 01:06:56.514,SERVO_OUTPUT_RAW,1971709850,SERVO_OUTPUT_RAW,0,0,0,0,0,0,0,0,1000,1000,1000,1000,0,0,0,0,0
2025-12-15 01:06:56.614,SERVO_OUTPUT_RAW,1971809813,SERVO_OUTPUT_RAW,0,0,0,0,0,0,0,0,1000,1000,1000,1000,0,0,0,0,0
2025-12-15 01:06:56.714,SERVO_OUTPUT_RAW,1971909803,SERVO_OUTPUT_RAW,0,0,0,0,0,0,0,0,1000,1000,1000,1000,0,0,0,0,0
2025-12-15 01:06:56.814,SERVO_OUTPUT_RAW,1972009844,SERVO_OUTPUT_RAW,0,0,0,0,0,0,0,0,1000,1000,1000,1000,0,0,0,0,0
2025-12-15 01:06:56.914,SERVO_OUTPUT_RAW,1972109853,SERVO_OUTPUT_RAW,0,0,0,0,0,0,0,0,1000,1000,1000,1000,0,0,0,0,0
2025-12-15 01:06:57.014,SERVO_OUTPUT_RAW,1972209793,SERVO_OUTPUT_RAW,0,0,0,0,0,0,0,0,1000,1000,1000,1000,0,0,0,0,0
2025-12-15 01:06:57.114,SERVO_OUTPUT_RAW,1972309808,SERVO_OUTPUT_RAW,0,0,0,0,0,0,0,0,1000,1000,1000,1000,0,0,0,0,0
2025-12-15 01:06:57.214,SERVO_OUTPUT_RAW,1972409831,SERVO_OUTPUT_RAW,0,0,0,0,0,0,0,0,1000,1000,1000,1000,0,0,0,0,0
2025-12-15 01:06:57.314,SERVO_OUTPUT_RAW,1972509817,SERVO_OUTPUT_RAW,0,0,0,0,0,0,0,0,1000,1000,1000,1000,0,0,0,0,0
2025-12-15 01:06:57.415,SERVO_OUTPUT_RAW,1972609798,SERVO_OUTPUT_RAW,0,0,0,0,0,0,0,0,1000,1000,1000,1000,0,0,0,0,0
2025-12-15 01:06:57.514,SERVO_OUTPUT_RAW,1972709790,SERVO_OUTPUT_RAW,0,0,0,0,0,0,0,0,1000,1000,1000,1000,0,0,0,0,0
2025-12-15 01:06:57.614,SERVO_OUTPUT_RAW,1972809861,SERVO_OUTPUT_RAW,0,0,0,0,0,0,0,0,1000,1000,1000,1000,0,0,0,0,0
2025-12-15 01:06:57.714,SERVO_OUTPUT_RAW,1972909785,SERVO_OUTPUT_RAW,0,0,0,0,0,0,0,0,1000,1000,1000,1000,0,0,0,0,0
2025-12-15 01:06:57.814,SERVO_OUTPUT_RAW,1973009795,SERVO_OUTPUT_RAW,0,0,0,0,0,0,0,0,1000,1000,1000,1000,0,0,0,0,0
2025-12-15 01:06:57.915,SERVO_OUTPUT_RAW,1973109822,SERVO_OUTPUT_RAW,0,0,0,0,0,0,0,0,1000,1000,1000,1000,0,0,0,0,0
2025-12-15 01:06:58.014,SERVO_OUTPUT_RAW,1973209840,SERVO_OUTPUT_RAW,0,0,0,0,0,0,0,0,1000,1000,1000,1000,0,0,0,0,0
2025-12-15 01:06:58.114,SERVO_OUTPUT_RAW,1973309854,SERVO_OUTPUT_RAW,0,0,0,0,0,0,0,0,1000,1000,1000,1000,0,0,0,0,0
2025-12-15 01:06:58.214,SERVO_OUTPUT_RAW,1973409780,SERVO_OUTPUT_RAW,0,0,0,0,0,0,0,0,1000,1000,1000,1000,0,0,0,0,0
2025-12-15 01:06:58.315,SERVO_OUTPUT_RAW,1973509812,SERVO_OUTPUT_RAW,0,0,0,0,0,0,0,0,1000,1000,1000,1000,0,0,0,0,0
2025-12-15 01:06:58.415,SERVO_OUTPUT_RAW,1973609852,SERVO_OUTPUT_RAW,0,0,0,0,0,0,0,0,1000,1000,1000,1000,0,0,0,0,0
2025-12-15 01:06:58.514,SERVO_OUTPUT_RAW,1973709788,SERVO_OUTPUT_RAW,0,0,0,0,0,0,0,0,1000,1000,1000,1000,0,0,0,0,0
2025-12-15 01:06:58.614,SERVO_OUTPUT_RAW,1973809790,SERVO_OUTPUT_RAW,0,0,0,0,0,0,0,0,1000,1000,1000,1000,0,0,0,0,0
2025-12-15 01:06:58.714,SERVO_OUTPUT_RAW,1973909857,SERVO_OUTPUT_RAW,0,0,0,0,0,0,0,0,1000,1000,1000,1000,0,0,0,0,0
2025-12-15 01:06:58.814,SERVO_OUTPUT_RAW,1974009810,SERVO_OUTPUT_RAW,0,0,0,0,0,0,0,0,1000,1000,1000,1000,0,0,0,0,0
2025-12-15 01:06:58.914,SERVO_OUTPUT_RAW,1974109780,SERVO_OUTPUT_RAW,0,0,0,0,0,0,0,0,1000,1000,1000,1000,0,0,0,0,0
2025-12-15 01:06:59.013,SERVO_OUTPUT_RAW,1974209787,SERVO_OUTPUT_RAW,0,0,0,0,0,0,0,0,1000,1000,1000,1000,0,0,0,0,0
2025-12-15 01:06:59.114,SERVO_OUTPUT_RAW,1974309796,SERVO_OUTPUT_RAW,0,0,0,0,0,0,0,0,1000,1000,1000,1000,0,0,0,0,0
2025-12-15 01:06:59.214,SERVO_OUTPUT_RAW,1974409785,SERVO_OUTPUT_RAW,0,0,0,0,0,0,0,0,1000,1000,1000,1000,0,0,0,0,0
2025-12-15 01:06:59.313,SERVO_OUTPUT_RAW,1974509801,SERVO_OUTPUT_RAW,0,0,0,0,0,0,0,0,1000,1000,1000,1000,0,0,0,0,0
2025-12-15 01:06:59.414,SERVO_OUTPUT_RAW,1974609813,SERVO_OUTPUT_RAW,0,0,0,0,0,0,0,0,1000,1000,1000,1000,0,0,0,0,0
2025-12-15 01:06:59.513,SERVO_OUTPUT_RAW,1974709836,SERVO_OUTPUT_RAW,0,0,0,0,0,0,0,0,1000,1000,1000,1000,0,0,0,0,0
2025-12-15 01:06:59.613,SERVO_OUTPUT_RAW,1974809861,SERVO_OUTPUT_RAW,0,0,0,0,0,0,0,0,1000,1000,1000,1000,0,0,0,0,0
2025-12-15 01:06:59.713,SERVO_OUTPUT_RAW,1974912134,SERVO_OUTPUT_RAW,0,0,0,0,0,0,0,0,1000,1000,1000,1000,0,0,0,0,0
2025-12-15 01:06:59.813,SERVO_OUTPUT_RAW,1975009836,SERVO_OUTPUT_RAW,0,0,0,0,0,0,0,0,1000,1000,1000,1000,0,0,0,0,0
2025-12-15 01:06:59.913,SERVO_OUTPUT_RAW,1975109831,SERVO_OUTPUT_RAW,0,0,0,0,0,0,0,0,1000,1000,1000,1000,0,0,0,0,0
2025-12-15 01:07:00.014,SERVO_OUTPUT_RAW,1975209844,SERVO_OUTPUT_RAW,0,0,0,0,0,0,0,0,1000,1000,1000,1000,0,0,0,0,0
2025-12-15 01:07:00.114,SERVO_OUTPUT_RAW,1975309837,SERVO_OUTPUT_RAW,0,0,0,0,0,0,0,0,1000,1000,1000,1000,0,0,0,0,0
2025-12-15 01:07:00.213,SERVO_OUTPUT_RAW,1975409799,SERVO_OUTPUT_RAW,0,0,0,0,0,0,0,0,1000,1000,1000,1000,0,0,0,0,0
2025-12-15 01:07:00.313,SERVO_OUTPUT_RAW,1975509877,SERVO_OUTPUT_RAW,0,0,0,0,0,0,0,0,1000,1000,1000,1000,0,0,0,0,0
2025-12-15 01:07:00.413,SERVO_OUTPUT_RAW,1975609808,SERVO_OUTPUT_RAW,0,0,0,0,0,0,0,0,1000,1000,1000,1000,0,0,0,0,0
2025-12-15 01:07:00.513,SERVO_OUTPUT_RAW,1975709792,SERVO_OUTPUT_RAW,0,0,0,0,0,0,0,0,1000,1000,1000,1000,0,0,0,0,0
2025-12-15 01:07:00.613,SERVO_OUTPUT_RAW,1975809799,SERVO_OUTPUT_RAW,0,0,0,0,0,0,0,0,1000,1000,1000,1000,0,0,0,0,0
2025-12-15 01:07:00.713,SERVO_OUTPUT_RAW,1975909782,SERVO_OUTPUT_RAW,0,0,0,0,0,0,0,0,1000,1000,1000,1000,0,0,0,0,0
2025-12-15 01:07:00.813,SERVO_OUTPUT_RAW,1976009778,SERVO_OUTPUT_RAW,0,0,0,0,0,0,0,0,1000,1000,1000,1000,0,0,0,0,0
2025-12-15 01:07:00.913,SERVO_OUTPUT_RAW,1976109794,SERVO_OUTPUT_RAW,0,0,0,0,0,0,0,0,1000,1000,1000,1000,0,0,0,0,0
2025-12-15 01:07:01.013,SERVO_OUTPUT_RAW,1976209807,SERVO_OUTPUT_RAW,0,0,0,0,0,0,0,0,1000,1000,1000,1000,0,0,0,0,0
2025-12-15 01:07:01.114,SERVO_OUTPUT_RAW,1976309784,SERVO_OUTPUT_RAW,0,0,0,0,0,0,0,0,1000,1000,1000,1000,0,0,0,0,0
2025-12-15 01:07:01.213,SERVO_OUTPUT_RAW,1976409787,SERVO_OUTPUT_RAW,0,0,0,0,0,0,0,0,1000,1000,1000,1000,0,0,0,0,0
2025-12-15 01:07:01.313,SERVO_OUTPUT_RAW,1976509786,SERVO_OUTPUT_RAW,0,0,0,0,0,0,0,0,1000,1000,1000,1000,0,0,0,0,0
2025-12-15 01:07:01.414,SERVO_OUTPUT_RAW,1976609917,SERVO_OUTPUT_RAW,0,0,0,0,0,0,0,0,1000,1000,1000,1000,0,0,0,0,0
2025-12-15 01:07:01.514,SERVO_OUTPUT_RAW,1976709838,SERVO_OUTPUT_RAW,0,0,0,0,0,0,0,0,1000,1000,1000,1000,0,0,0,0,0
2025-12-15 01:07:01.614,SERVO_OUTPUT_RAW,1976809849,SERVO_OUTPUT_RAW,0,0,0,0,0,0,0,0,1000,1000,1000,1000,0,0,0,0,0
2025-12-15 01:07:01.714,SERVO_OUTPUT_RAW,1976909779,SERVO_OUTPUT_RAW,0,0,0,0,0,0,0,0,1000,1000,1000,1000,0,0,0,0,0
2025-12-15 01:07:01.813,SERVO_OUTPUT_RAW,1977009915,SERVO_OUTPUT_RAW,0,0,0,0,0,0,0,0,1000,1000,1000,1000,0,0,0,0,0
2025-12-15 01:07:01.914,SERVO_OUTPUT_RAW,1977109822,SERVO_OUTPUT_RAW,0,0,0,0,0,0,0,0,1000,1000,1000,1000,0,0,0,0,0
2025-12-15 01:07:02.014,SERVO_OUTPUT_RAW,1977209784,SERVO_OUTPUT_RAW,0,0,0,0,0,0,0,0,1000,1000,1000,1000,0,0,0,0,0
2025-12-15 01:07:02.114,SERVO_OUTPUT_RAW,1977309788,SERVO_OUTPUT_RAW,0,0,0,0,0,0,0,0,1000,1000,1000,1000,0,0,0,0,0
2025-12-15 01:07:02.214,SERVO_OUTPUT_RAW,1977409800,SERVO_OUTPUT_RAW,0,0,0,0,0,0,0,0,1000,1000,1000,1000,0,0,0,0,0
2025-12-15 01:07:02.314,SERVO_OUTPUT_RAW,1977509810,SERVO_OUTPUT_RAW,0,0,0,0,0,0,0,0,1000,1000,1000,1000,0,0,0,0,0
2025-12-15 01:07:02.419,SERVO_OUTPUT_RAW,1977609787,SERVO_OUTPUT_RAW,0,0,0,0,0,0,0,0,1000,1000,1000,1000,0,0,0,0,0
2025-12-15 01:07:02.515,SERVO_OUTPUT_RAW,1977709825,SERVO_OUTPUT_RAW,0,0,0,0,0,0,0,0,1000,1000,1000,1000,0,0,0,0,0
2025-12-15 01:07:02.614,SERVO_OUTPUT_RAW,1977809842,SERVO_OUTPUT_RAW,0,0,0,0,0,0,0,0,1000,1000,1000,1000,0,0,0,0,0
2025-12-15 01:07:02.714,SERVO_OUTPUT_RAW,1977909831,SERVO_OUTPUT_RAW,0,0,0,0,0,0,0,0,1000,1000,1000,1000,0,0,0,0,0
2025-12-15 01:07:02.814,SERVO_OUTPUT_RAW,1978009804,SERVO_OUTPUT_RAW,0,0,0,0,0,0,0,0,1000,1000,1000,1000,0,0,0,0,0
2025-12-15 01:07:02.914,SERVO_OUTPUT_RAW,1978109810,SERVO_OUTPUT_RAW,0,0,0,0,0,0,0,0,1000,1000,1000,1000,0,0,0,0,0
2025-12-15 01:07:03.014,SERVO_OUTPUT_RAW,1978209814,SERVO_OUTPUT_RAW,0,0,0,0,0,0,0,0,1000,1000,1000,1000,0,0,0,0,0
2025-12-15 01:07:03.114,SERVO_OUTPUT_RAW,1978309839,SERVO_OUTPUT_RAW,0,0,0,0,0,0,0,0,1000,1000,1000,1000,0,0,0,0,0
2025-12-15 01:07:03.214,SERVO_OUTPUT_RAW,1978409908,SERVO_OUTPUT_RAW,0,0,0,0,0,0,0,0,1000,1000,1000,1000,0,0,0,0,0
2025-12-15 01:07:03.314,SERVO_OUTPUT_RAW,1978509787,SERVO_OUTPUT_RAW,0,0,0,0,0,0,0,0,1000,1000,1000,1000,0,0,0,0,0
2025-12-15 01:07:03.414,SERVO_OUTPUT_RAW,1978609809,SERVO_OUTPUT_RAW,0,0,0,0,0,0,0,0,1000,1000,1000,1000,0,0,0,0,0
2025-12-15 01:07:03.514,SERVO_OUTPUT_RAW,1978709850,SERVO_OUTPUT_RAW,0,0,0,0,0,0,0,0,1000,1000,1000,1000,0,0,0,0,0
2025-12-15 01:07:03.614,SERVO_OUTPUT_RAW,1978809818,SERVO_OUTPUT_RAW,0,0,0,0,0,0,0,0,1000,1000,1000,1000,0,0,0,0,0
2025-12-15 01:07:03.714,SERVO_OUTPUT_RAW,1978909784,SERVO_OUTPUT_RAW,0,0,0,0,0,0,0,0,1000,1000,1000,1000,0,0,0,0,0
2025-12-15 01:07:03.814,SERVO_OUTPUT_RAW,1979009791,SERVO_OUTPUT_RAW,0,0,0,0,0,0,0,0,1000,1000,1000,1000,0,0,0,0,0
2025-12-15 01:07:03.914,SERVO_OUTPUT_RAW,1979109856,SERVO_OUTPUT_RAW,0,0,0,0,0,0,0,0,1000,1000,1000,1000,0,0,0,0,0
2025-12-15 01:07:04.014,SERVO_OUTPUT_RAW,1979209788,SERVO_OUTPUT_RAW,0,0,0,0,0,0,0,0,1000,1000,1000,1000,0,0,0,0,0
2025-12-15 01:07:04.114,SERVO_OUTPUT_RAW,1979309827,SERVO_OUTPUT_RAW,0,0,0,0,0,0,0,0,1000,1000,1000,1000,0,0,0,0,0
2025-12-15 01:07:04.214,SERVO_OUTPUT_RAW,1979409842,SERVO_OUTPUT_RAW,0,0,0,0,0,0,0,0,1000,1000,1000,1000,0,0,0,0,0
2025-12-15 01:07:04.314,SERVO_OUTPUT_RAW,1979509855,SERVO_OUTPUT_RAW,0,0,0,0,0,0,0,0,1000,1000,1000,1000,0,0,0,0,0
2025-12-15 01:07:04.414,SERVO_OUTPUT_RAW,1979609785,SERVO_OUTPUT_RAW,0,0,0,0,0,0,0,0,1000,1000,1000,1000,0,0,0,0,0
2025-12-15 01:07:04.514,SERVO_OUTPUT_RAW,1979709803,SERVO_OUTPUT_RAW,0,0,0,0,0,0,0,0,1000,1000,1000,1000,0,0,0,0,0
2025-12-15 01:07:04.614,SERVO_OUTPUT_RAW,1979809844,SERVO_OUTPUT_RAW,0,0,0,0,0,0,0,0,1000,1000,1000,1000,0,0,0,0,0
2025-12-15 01:07:04.714,SERVO_OUTPUT_RAW,1979909842,SERVO_OUTPUT_RAW,0,0,0,0,0,0,0,0,1000,1000,1000,1000,0,0,0,0,0
2025-12-15 01:07:04.814,SERVO_OUTPUT_RAW,1980009788,SERVO_OUTPUT_RAW,0,0,0,0,0,0,0,0,1000,1000,1000,1000,0,0,0,0,0
2025-12-15 01:07:04.915,SERVO_OUTPUT_RAW,1980109794,SERVO_OUTPUT_RAW,0,0,0,0,0,0,0,0,1000,1000,1000,1000,0,0,0,0,0
2025-12-15 01:07:05.014,SERVO_OUTPUT_RAW,1980209825,SERVO_OUTPUT_RAW,0,0,0,0,0,0,0,0,1000,1000,1000,1000,0,0,0,0,0
2025-12-15 01:07:05.114,SERVO_OUTPUT_RAW,1980309823,SERVO_OUTPUT_RAW,0,0,0,0,0,0,0,0,1000,1000,1000,1000,0,0,0,0,0
2025-12-15 01:07:05.214,SERVO_OUTPUT_RAW,1980409792,SERVO_OUTPUT_RAW,0,0,0,0,0,0,0,0,1000,1000,1000,1000,0,0,0,0,0
2025-12-15 01:07:05.314,SERVO_OUTPUT_RAW,1980509783,SERVO_OUTPUT_RAW,0,0,0,0,0,0,0,0,1000,1000,1000,1000,0,0,0,0,0
2025-12-15 01:07:05.414,SERVO_OUTPUT_RAW,1980609779,SERVO_OUTPUT_RAW,0,0,0,0,0,0,0,0,1000,1000,1000,1000,0,0,0,0,0
2025-12-15 01:07:05.514,SERVO_OUTPUT_RAW,1980709784,SERVO_OUTPUT_RAW,0,0,0,0,0,0,0,0,1000,1000,1000,1000,0,0,0,0,0
2025-12-15 01:07:05.614,SERVO_OUTPUT_RAW,1980809785,SERVO_OUTPUT_RAW,0,0,0,0,0,0,0,0,1000,1000,1000,1000,0,0,0,0,0
2025-12-15 01:07:05.714,SERVO_OUTPUT_RAW,1980909821,SERVO_OUTPUT_RAW,0,0,0,0,0,0,0,0,1000,1000,1000,1000,0,0,0,0,0
2025-12-15 01:07:05.814,SERVO_OUTPUT_RAW,1981009840,SERVO_OUTPUT_RAW,0,0,0,0,0,0,0,0,1000,1000,1000,1000,0,0,0,0,0
2025-12-15 01:07:05.915,SERVO_OUTPUT_RAW,1981112131,SERVO_OUTPUT_RAW,0,0,0,0,0,0,0,0,1000,1000,1000,1000,0,0,0,0,0
2025-12-15 01:07:06.014,SERVO_OUTPUT_RAW,1981212169,SERVO_OUTPUT_RAW,0,0,0,0,0,0,0,0,1000,1000,1000,1000,0,0,0,0,0
2025-12-15 01:07:06.114,SERVO_OUTPUT_RAW,1981309841,SERVO_OUTPUT_RAW,0,0,0,0,0,0,0,0,1000,1000,1000,1000,0,0,0,0,0
2025-12-15 01:07:06.214,SERVO_OUTPUT_RAW,1981409840,SERVO_OUTPUT_RAW,0,0,0,0,0,0,0,0,1000,1000,1000,1000,0,0,0,0,0
2025-12-15 01:07:06.315,SERVO_OUTPUT_RAW,1981509845,SERVO_OUTPUT_RAW,0,0,0,0,0,0,0,0,1000,1000,1000,1000,0,0,0,0,0
2025-12-15 01:07:06.414,SERVO_OUTPUT_RAW,1981609777,SERVO_OUTPUT_RAW,0,0,0,0,0,0,0,0,1000,1000,1000,1000,0,0,0,0,0
2025-12-15 01:07:06.514,SERVO_OUTPUT_RAW,1981709813,SERVO_OUTPUT_RAW,0,0,0,0,0,0,0,0,1000,1000,1000,1000,0,0,0,0,0
2025-12-15 01:07:06.615,SERVO_OUTPUT_RAW,1981809823,SERVO_OUTPUT_RAW,0,0,0,0,0,0,0,0,1000,1000,1000,1000,0,0,0,0,0
2025-12-15 01:07:06.714,SERVO_OUTPUT_RAW,1981909777,SERVO_OUTPUT_RAW,0,0,0,0,0,0,0,0,1000,1000,1000,1000,0,0,0,0,0
2025-12-15 01:07:06.815,SERVO_OUTPUT_RAW,1982009794,SERVO_OUTPUT_RAW,0,0,0,0,0,0,0,0,1000,1000,1000,1000,0,0,0,0,0
2025-12-15 01:07:06.914,SERVO_OUTPUT_RAW,1982109790,SERVO_OUTPUT_RAW,0,0,0,0,0,0,0,0,1000,1000,1000,1000,0,0,0,0,0
2025-12-15 01:07:07.014,SERVO_OUTPUT_RAW,1982209791,SERVO_OUTPUT_RAW,0,0,0,0,0,0,0,0,1000,1000,1000,1000,0,0,0,0,0
2025-12-15 01:07:07.114,SERVO_OUTPUT_RAW,1982312131,SERVO_OUTPUT_RAW,0,0,0,0,0,0,0,0,1000,1000,1000,1000,0,0,0,0,0
2025-12-15 01:07:07.214,SERVO_OUTPUT_RAW,1982409784,SERVO_OUTPUT_RAW,0,0,0,0,0,0,0,0,1000,1000,1000,1000,0,0,0,0,0
2025-12-15 01:07:07.314,SERVO_OUTPUT_RAW,1982509831,SERVO_OUTPUT_RAW,0,0,0,0,0,0,0,0,1000,1000,1000,1000,0,0,0,0,0
2025-12-15 01:07:07.414,SERVO_OUTPUT_RAW,1982609804,SERVO_OUTPUT_RAW,0,0,0,0,0,0,0,0,1000,1000,1000,1000,0,0,0,0,0
2025-12-15 01:07:07.515,SERVO_OUTPUT_RAW,1982709855,SERVO_OUTPUT_RAW,0,0,0,0,0,0,0,0,1000,1000,1000,1000,0,0,0,0,0
2025-12-15 01:07:07.614,SERVO_OUTPUT_RAW,1982809829,SERVO_OUTPUT_RAW,0,0,0,0,0,0,0,0,1000,1000,1000,1000,0,0,0,0,0
2025-12-15 01:07:07.714,SERVO_OUTPUT_RAW,1982909929,SERVO_OUTPUT_RAW,0,0,0,0,0,0,0,0,1000,1000,1000,1000,0,0,0,0,0
2025-12-15 01:07:07.814,SERVO_OUTPUT_RAW,1983009844,SERVO_OUTPUT_RAW,0,0,0,0,0,0,0,0,1000,1000,1000,1000,0,0,0,0,0
2025-12-15 01:07:07.915,SERVO_OUTPUT_RAW,1983109810,SERVO_OUTPUT_RAW,0,0,0,0,0,0,0,0,1000,1000,1000,1000,0,0,0,0,0
2025-12-15 01:07:08.014,SERVO_OUTPUT_RAW,1983209801,SERVO_OUTPUT_RAW,0,0,0,0,0,0,0,0,1000,1000,1000,1000,0,0,0,0,0
2025-12-15 01:07:08.114,SERVO_OUTPUT_RAW,1983309951,SERVO_OUTPUT_RAW,0,0,0,0,0,0,0,0,1000,1000,1000,1000,0,0,0,0,0
2025-12-15 01:07:08.214,SERVO_OUTPUT_RAW,1983409805,SERVO_OUTPUT_RAW,0,0,0,0,0,0,0,0,1000,1000,1000,1000,0,0,0,0,0
2025-12-15 01:07:08.314,SERVO_OUTPUT_RAW,1983509779,SERVO_OUTPUT_RAW,0,0,0,0,0,0,0,0,1000,1000,1000,1000,0,0,0,0,0
2025-12-15 01:07:08.414,SERVO_OUTPUT_RAW,1983609783,SERVO_OUTPUT_RAW,0,0,0,0,0,0,0,0,1000,1000,1000,1000,0,0,0,0,0
2025-12-15 01:07:08.514,SERVO_OUTPUT_RAW,1983709787,SERVO_OUTPUT_RAW,0,0,0,0,0,0,0,0,1000,1000,1000,1000,0,0,0,0,0
2025-12-15 01:07:08.614,SERVO_OUTPUT_RAW,1983809791,SERVO_OUTPUT_RAW,0,0,0,0,0,0,0,0,1000,1000,1000,1000,0,0,0,0,0
2025-12-15 01:07:08.714,SERVO_OUTPUT_RAW,1983912114,SERVO_OUTPUT_RAW,0,0,0,0,0,0,0,0,1000,1000,1000,1000,0,0,0,0,0
2025-12-15 01:07:08.813,SERVO_OUTPUT_RAW,1984009753,SERVO_OUTPUT_RAW,0,0,0,0,0,0,0,0,1000,1000,1000,1000,0,0,0,0,0
2025-12-15 01:07:08.914,SERVO_OUTPUT_RAW,1984109827,SERVO_OUTPUT_RAW,0,0,0,0,0,0,0,0,1000,1000,1000,1000,0,0,0,0,0
2025-12-15 01:07:09.014,SERVO_OUTPUT_RAW,1984209866,SERVO_OUTPUT_RAW,0,0,0,0,0,0,0,0,1000,1000,1000,1000,0,0,0,0,0
2025-12-15 01:07:09.114,SERVO_OUTPUT_RAW,1984309788,SERVO_OUTPUT_RAW,0,0,0,0,0,0,0,0,1000,1000,1000,1000,0,0,0,0,0
2025-12-15 01:07:09.214,SERVO_OUTPUT_RAW,1984409815,SERVO_OUTPUT_RAW,0,0,0,0,0,0,0,0,1000,1000,1000,1000,0,0,0,0,0
2025-12-15 01:07:09.315,SERVO_OUTPUT_RAW,1984509841,SERVO_OUTPUT_RAW,0,0,0,0,0,0,0,0,1000,1000,1000,1000,0,0,0,0,0
2025-12-15 01:07:09.415,SERVO_OUTPUT_RAW,1984609839,SERVO_OUTPUT_RAW,0,0,0,0,0,0,0,0,1000,1000,1000,1000,0,0,0,0,0
2025-12-15 01:07:09.515,SERVO_OUTPUT_RAW,1984709847,SERVO_OUTPUT_RAW,0,0,0,0,0,0,0,0,1000,1000,1000,1000,0,0,0,0,0
2025-12-15 01:07:09.614,SERVO_OUTPUT_RAW,1984809804,SERVO_OUTPUT_RAW,0,0,0,0,0,0,0,0,1000,1000,1000,1000,0,0,0,0,0
2025-12-15 01:07:09.714,SERVO_OUTPUT_RAW,1984909803,SERVO_OUTPUT_RAW,0,0,0,0,0,0,0,0,1000,1000,1000,1000,0,0,0,0,0
2025-12-15 01:07:09.814,SERVO_OUTPUT_RAW,1985009769,SERVO_OUTPUT_RAW,0,0,0,0,0,0,0,0,1000,1000,1000,1000,0,0,0,0,0
2025-12-15 01:07:09.915,SERVO_OUTPUT_RAW,1985109773,SERVO_OUTPUT_RAW,0,0,0,0,0,0,0,0,1000,1000,1000,1000,0,0,0,0,0
2025-12-15 01:07:10.014,SERVO_OUTPUT_RAW,1985209799,SERVO_OUTPUT_RAW,0,0,0,0,0,0,0,0,1000,1000,1000,1000,0,0,0,0,0
2025-12-15 01:07:10.114,SERVO_OUTPUT_RAW,1985309780,SERVO_OUTPUT_RAW,0,0,0,0,0,0,0,0,1000,1000,1000,1000,0,0,0,0,0
2025-12-15 01:07:10.214,SERVO_OUTPUT_RAW,1985409850,SERVO_OUTPUT_RAW,0,0,0,0,0,0,0,0,1000,1000,1000,1000,0,0,0,0,0
2025-12-15 01:07:10.314,SERVO_OUTPUT_RAW,1985509787,SERVO_OUTPUT_RAW,0,0,0,0,0,0,0,0,1000,1000,1000,1000,0,0,0,0,0
2025-12-15 01:07:10.414,SERVO_OUTPUT_RAW,1985609834,SERVO_OUTPUT_RAW,0,0,0,0,0,0,0,0,1000,1000,1000,1000,0,0,0,0,0
2025-12-15 01:07:10.514,SERVO_OUTPUT_RAW,1985709800,SERVO_OUTPUT_RAW,0,0,0,0,0,0,0,0,1000,1000,1000,1000,0,0,0,0,0
2025-12-15 01:07:10.614,SERVO_OUTPUT_RAW,1985809858,SERVO_OUTPUT_RAW,0,0,0,0,0,0,0,0,1000,1000,1000,1000,0,0,0,0,0
2025-12-15 01:07:10.714,SERVO_OUTPUT_RAW,1985909794,SERVO_OUTPUT_RAW,0,0,0,0,0,0,0,0,1000,1000,1000,1000,0,0,0,0,0
2025-12-15 01:07:10.814,SERVO_OUTPUT_RAW,1986009833,SERVO_OUTPUT_RAW,0,0,0,0,0,0,0,0,1000,1000,1000,1000,0,0,0,0,0
2025-12-15 01:07:10.914,SERVO_OUTPUT_RAW,1986109836,SERVO_OUTPUT_RAW,0,0,0,0,0,0,0,0,1000,1000,1000,1000,0,0,0,0,0
2025-12-15 01:07:11.014,SERVO_OUTPUT_RAW,1986209852,SERVO_OUTPUT_RAW,0,0,0,0,0,0,0,0,1000,1000,1000,1000,0,0,0,0,0
2025-12-15 01:07:11.114,SERVO_OUTPUT_RAW,1986309791,SERVO_OUTPUT_RAW,0,0,0,0,0,0,0,0,1000,1000,1000,1000,0,0,0,0,0
2025-12-15 01:07:11.214,SERVO_OUTPUT_RAW,1986409820,SERVO_OUTPUT_RAW,0,0,0,0,0,0,0,0,1000,1000,1000,1000,0,0,0,0,0
2025-12-15 01:07:11.314,SERVO_OUTPUT_RAW,1986509829,SERVO_OUTPUT_RAW,0,0,0,0,0,0,0,0,1000,1000,1000,1000,0,0,0,0,0
2025-12-15 01:07:11.414,SERVO_OUTPUT_RAW,1986609794,SERVO_OUTPUT_RAW,0,0,0,0,0,0,0,0,1000,1000,1000,1000,0,0,0,0,0
2025-12-15 01:07:11.514,SERVO_OUTPUT_RAW,1986709804,SERVO_OUTPUT_RAW,0,0,0,0,0,0,0,0,1000,1000,1000,1000,0,0,0,0,0
2025-12-15 01:07:11.614,SERVO_OUTPUT_RAW,1986809801,SERVO_OUTPUT_RAW,0,0,0,0,0,0,0,0,1000,1000,1000,1000,0,0,0,0,0
2025-12-15 01:07:11.714,SERVO_OUTPUT_RAW,1986909790,SERVO_OUTPUT_RAW,0,0,0,0,0,0,0,0,1000,1000,1000,1000,0,0,0,0,0
2025-12-15 01:07:11.814,SERVO_OUTPUT_RAW,1987009789,SERVO_OUTPUT_RAW,0,0,0,0,0,0,0,0,1000,1000,1000,1000,0,0,0,0,0
2025-12-15 01:07:11.914,SERVO_OUTPUT_RAW,1987109820,SERVO_OUTPUT_RAW,0,0,0,0,0,0,0,0,1000,1000,1000,1000,0,0,0,0,0
2025-12-15 01:07:12.014,SERVO_OUTPUT_RAW,1987209844,SERVO_OUTPUT_RAW,0,0,0,0,0,0,0,0,1000,1000,1000,1000,0,0,0,0,0
2025-12-15 01:07:12.114,SERVO_OUTPUT_RAW,1987309840,SERVO_OUTPUT_RAW,0,0,0,0,0,0,0,0,1000,1000,1000,1000,0,0,0,0,0
2025-12-15 01:07:12.214,SERVO_OUTPUT_RAW,1987409795,SERVO_OUTPUT_RAW,0,0,0,0,0,0,0,0,1000,1000,1000,1000,0,0,0,0,0
2025-12-15 01:07:12.314,SERVO_OUTPUT_RAW,1987512111,SERVO_OUTPUT_RAW,0,0,0,0,0,0,0,0,1000,1000,1000,1000,0,0,0,0,0
2025-12-15 01:07:12.414,SERVO_OUTPUT_RAW,1987609830,SERVO_OUTPUT_RAW,0,0,0,0,0,0,0,0,1000,1000,1000,1000,0,0,0,0,0
2025-12-15 01:07:12.516,SERVO_OUTPUT_RAW,1987709857,SERVO_OUTPUT_RAW,0,0,0,0,0,0,0,0,1000,1000,1000,1000,0,0,0,0,0
2025-12-15 01:07:12.613,SERVO_OUTPUT_RAW,1987809784,SERVO_OUTPUT_RAW,0,0,0,0,0,0,0,0,1000,1000,1000,1000,0,0,0,0,0
2025-12-15 01:07:12.715,SERVO_OUTPUT_RAW,1987909798,SERVO_OUTPUT_RAW,0,0,0,0,0,0,0,0,1000,1000,1000,1000,0,0,0,0,0
2025-12-15 01:07:12.815,SERVO_OUTPUT_RAW,1988009812,SERVO_OUTPUT_RAW,0,0,0,0,0,0,0,0,1000,1000,1000,1000,0,0,0,0,0
2025-12-15 01:07:12.914,SERVO_OUTPUT_RAW,1988109811,SERVO_OUTPUT_RAW,0,0,0,0,0,0,0,0,1000,1000,1000,1000,0,0,0,0,0
2025-12-15 01:07:13.014,SERVO_OUTPUT_RAW,1988209789,SERVO_OUTPUT_RAW,0,0,0,0,0,0,0,0,1000,1000,1000,1000,0,0,0,0,0
2025-12-15 01:07:13.114,SERVO_OUTPUT_RAW,1988309802,SERVO_OUTPUT_RAW,0,0,0,0,0,0,0,0,1000,1000,1000,1000,0,0,0,0,0
2025-12-15 01:07:13.214,SERVO_OUTPUT_RAW,1988409787,SERVO_OUTPUT_RAW,0,0,0,0,0,0,0,0,1000,1000,1000,1000,0,0,0,0,0
2025-12-15 01:07:13.314,SERVO_OUTPUT_RAW,1988509786,SERVO_OUTPUT_RAW,0,0,0,0,0,0,0,0,1000,1000,1000,1000,0,0,0,0,0
2025-12-15 01:07:13.414,SERVO_OUTPUT_RAW,1988609794,SERVO_OUTPUT_RAW,0,0,0,0,0,0,0,0,1000,1000,1000,1000,0,0,0,0,0
2025-12-15 01:07:13.514,SERVO_OUTPUT_RAW,1988709835,SERVO_OUTPUT_RAW,0,0,0,0,0,0,0,0,1000,1000,1000,1000,0,0,0,0,0
2025-12-15 01:07:13.614,SERVO_OUTPUT_RAW,1988809787,SERVO_OUTPUT_RAW,0,0,0,0,0,0,0,0,1000,1000,1000,1000,0,0,0,0,0
2025-12-15 01:07:13.714,SERVO_OUTPUT_RAW,1988909855,SERVO_OUTPUT_RAW,0,0,0,0,0,0,0,0,1000,1000,1000,1000,0,0,0,0,0
2025-12-15 01:07:13.815,SERVO_OUTPUT_RAW,1989009830,SERVO_OUTPUT_RAW,0,0,0,0,0,0,0,0,1000,1000,1000,1000,0,0,0,0,0
2025-12-15 01:07:13.914,SERVO_OUTPUT_RAW,1989109837,SERVO_OUTPUT_RAW,0,0,0,0,0,0,0,0,1000,1000,1000,1000,0,0,0,0,0
2025-12-15 01:07:14.014,SERVO_OUTPUT_RAW,1989209861,SERVO_OUTPUT_RAW,0,0,0,0,0,0,0,0,1000,1000,1000,1000,0,0,0,0,0
2025-12-15 01:07:14.115,SERVO_OUTPUT_RAW,1989309838,SERVO_OUTPUT_RAW,0,0,0,0,0,0,0,0,1000,1000,1000,1000,0,0,0,0,0
2025-12-15 01:07:14.214,SERVO_OUTPUT_RAW,1989409779,SERVO_OUTPUT_RAW,0,0,0,0,0,0,0,0,1000,1000,1000,1000,0,0,0,0,0
2025-12-15 01:07:14.314,SERVO_OUTPUT_RAW,1989509797,SERVO_OUTPUT_RAW,0,0,0,0,0,0,0,0,1000,1000,1000,1000,0,0,0,0,0
2025-12-15 01:07:14.414,SERVO_OUTPUT_RAW,1989609879,SERVO_OUTPUT_RAW,0,0,0,0,0,0,0,0,1000,1000,1000,1000,0,0,0,0,0
2025-12-15 01:07:14.514,SERVO_OUTPUT_RAW,1989709841,SERVO_OUTPUT_RAW,0,0,0,0,0,0,0,0,1000,1000,1000,1000,0,0,0,0,0
2025-12-15 01:07:14.614,SERVO_OUTPUT_RAW,1989809794,SERVO_OUTPUT_RAW,0,0,0,0,0,0,0,0,1000,1000,1000,1000,0,0,0,0,0
2025-12-15 01:07:14.714,SERVO_OUTPUT_RAW,1989909796,SERVO_OUTPUT_RAW,0,0,0,0,0,0,0,0,1000,1000,1000,1000,0,0,0,0,0
2025-12-15 01:07:14.814,SERVO_OUTPUT_RAW,1990009798,SERVO_OUTPUT_RAW,0,0,0,0,0,0,0,0,1000,1000,1000,1000,0,0,0,0,0
2025-12-15 01:07:14.914,SERVO_OUTPUT_RAW,1990109806,SERVO_OUTPUT_RAW,0,0,0,0,0,0,0,0,1000,1000,1000,1000,0,0,0,0,0
2025-12-15 01:07:15.014,SERVO_OUTPUT_RAW,1990209806,SERVO_OUTPUT_RAW,0,0,0,0,0,0,0,0,1000,1000,1000,1000,0,0,0,0,0
2025-12-15 01:07:15.114,SERVO_OUTPUT_RAW,1990309824,SERVO_OUTPUT_RAW,0,0,0,0,0,0,0,0,1000,1000,1000,1000,0,0,0,0,0
2025-12-15 01:07:15.214,SERVO_OUTPUT_RAW,1990409840,SERVO_OUTPUT_RAW,0,0,0,0,0,0,0,0,1000,1000,1000,1000,0,0,0,0,0
2025-12-15 01:07:15.314,SERVO_OUTPUT_RAW,1990509778,SERVO_OUTPUT_RAW,0,0,0,0,0,0,0,0,1000,1000,1000,1000,0,0,0,0,0
2025-12-15 01:07:15.415,SERVO_OUTPUT_RAW,1990609810,SERVO_OUTPUT_RAW,0,0,0,0,0,0,0,0,1000,1000,1000,1000,0,0,0,0,0
2025-12-15 01:07:15.514,SERVO_OUTPUT_RAW,1990709809,SERVO_OUTPUT_RAW,0,0,0,0,0,0,0,0,1000,1000,1000,1000,0,0,0,0,0
2025-12-15 01:07:15.615,SERVO_OUTPUT_RAW,1990809839,SERVO_OUTPUT_RAW,0,0,0,0,0,0,0,0,1000,1000,1000,1000,0,0,0,0,0
2025-12-15 01:07:15.714,SERVO_OUTPUT_RAW,1990909816,SERVO_OUTPUT_RAW,0,0,0,0,0,0,0,0,1000,1000,1000,1000,0,0,0,0,0
2025-12-15 01:07:15.814,SERVO_OUTPUT_RAW,1991009816,SERVO_OUTPUT_RAW,0,0,0,0,0,0,0,0,1000,1000,1000,1000,0,0,0,0,0
2025-12-15 01:07:15.915,SERVO_OUTPUT_RAW,1991109810,SERVO_OUTPUT_RAW,0,0,0,0,0,0,0,0,1000,1000,1000,1000,0,0,0,0,0
2025-12-15 01:07:16.014,SERVO_OUTPUT_RAW,1991209842,SERVO_OUTPUT_RAW,0,0,0,0,0,0,0,0,1000,1000,1000,1000,0,0,0,0,0
2025-12-15 01:07:16.114,SERVO_OUTPUT_RAW,1991309790,SERVO_OUTPUT_RAW,0,0,0,0,0,0,0,0,1000,1000,1000,1000,0,0,0,0,0
2025-12-15 01:07:16.214,SERVO_OUTPUT_RAW,1991409786,SERVO_OUTPUT_RAW,0,0,0,0,0,0,0,0,1000,1000,1000,1000,0,0,0,0,0
2025-12-15 01:07:16.314,SERVO_OUTPUT_RAW,1991509804,SERVO_OUTPUT_RAW,0,0,0,0,0,0,0,0,1000,1000,1000,1000,0,0,0,0,0
2025-12-15 01:07:16.415,SERVO_OUTPUT_RAW,1991609785,SERVO_OUTPUT_RAW,0,0,0,0,0,0,0,0,1000,1000,1000,1000,0,0,0,0,0
2025-12-15 01:07:16.514,SERVO_OUTPUT_RAW,1991712110,SERVO_OUTPUT_RAW,0,0,0,0,0,0,0,0,1000,1000,1000,1000,0,0,0,0,0
2025-12-15 01:07:16.614,SERVO_OUTPUT_RAW,1991809803,SERVO_OUTPUT_RAW,0,0,0,0,0,0,0,0,1000,1000,1000,1000,0,0,0,0,0
2025-12-15 01:07:16.715,SERVO_OUTPUT_RAW,1991909847,SERVO_OUTPUT_RAW,0,0,0,0,0,0,0,0,1000,1000,1000,1000,0,0,0,0,0
2025-12-15 01:07:16.815,SERVO_OUTPUT_RAW,1992009855,SERVO_OUTPUT_RAW,0,0,0,0,0,0,0,0,1000,1000,1000,1000,0,0,0,0,0
2025-12-15 01:07:16.915,SERVO_OUTPUT_RAW,1992109812,SERVO_OUTPUT_RAW,0,0,0,0,0,0,0,0,1000,1000,1000,1000,0,0,0,0,0
2025-12-15 01:07:17.015,SERVO_OUTPUT_RAW,1992209816,SERVO_OUTPUT_RAW,0,0,0,0,0,0,0,0,1000,1000,1000,1000,0,0,0,0,0
2025-12-15 01:07:17.115,SERVO_OUTPUT_RAW,1992309848,SERVO_OUTPUT_RAW,0,0,0,0,0,0,0,0,1000,1000,1000,1000,0,0,0,0,0
2025-12-15 01:07:17.215,SERVO_OUTPUT_RAW,1992409844,SERVO_OUTPUT_RAW,0,0,0,0,0,0,0,0,1000,1000,1000,1000,0,0,0,0,0
2025-12-15 01:07:17.315,SERVO_OUTPUT_RAW,1992509785,SERVO_OUTPUT_RAW,0,0,0,0,0,0,0,0,1000,1000,1000,1000,0,0,0,0,0
2025-12-15 01:07:17.416,SERVO_OUTPUT_RAW,1992609825,SERVO_OUTPUT_RAW,0,0,0,0,0,0,0,0,1000,1000,1000,1000,0,0,0,0,0
2025-12-15 01:07:17.515,SERVO_OUTPUT_RAW,1992709824,SERVO_OUTPUT_RAW,0,0,0,0,0,0,0,0,1000,1000,1000,1000,0,0,0,0,0
2025-12-15 01:07:17.615,SERVO_OUTPUT_RAW,1992809823,SERVO_OUTPUT_RAW,0,0,0,0,0,0,0,0,1000,1000,1000,1000,0,0,0,0,0
2025-12-15 01:07:17.715,SERVO_OUTPUT_RAW,1992909791,SERVO_OUTPUT_RAW,0,0,0,0,0,0,0,0,1000,1000,1000,1000,0,0,0,0,0
2025-12-15 01:07:17.815,SERVO_OUTPUT_RAW,1993009780,SERVO_OUTPUT_RAW,0,0,0,0,0,0,0,0,1000,1000,1000,1000,0,0,0,0,0
2025-12-15 01:07:17.915,SERVO_OUTPUT_RAW,1993109792,SERVO_OUTPUT_RAW,0,0,0,0,0,0,0,0,1000,1000,1000,1000,0,0,0,0,0
2025-12-15 01:07:18.015,SERVO_OUTPUT_RAW,1993209773,SERVO_OUTPUT_RAW,0,0,0,0,0,0,0,0,1000,1000,1000,1000,0,0,0,0,0
2025-12-15 01:07:18.114,SERVO_OUTPUT_RAW,1993309782,SERVO_OUTPUT_RAW,0,0,0,0,0,0,0,0,1000,1000,1000,1000,0,0,0,0,0
2025-12-15 01:07:18.214,SERVO_OUTPUT_RAW,1993409830,SERVO_OUTPUT_RAW,0,0,0,0,0,0,0,0,1000,1000,1000,1000,0,0,0,0,0
2025-12-15 01:07:18.314,SERVO_OUTPUT_RAW,1993509828,SERVO_OUTPUT_RAW,0,0,0,0,0,0,0,0,1000,1000,1000,1000,0,0,0,0,0
2025-12-15 01:07:18.415,SERVO_OUTPUT_RAW,1993609874,SERVO_OUTPUT_RAW,0,0,0,0,0,0,0,0,1000,1000,1000,1000,0,0,0,0,0
2025-12-15 01:07:18.515,SERVO_OUTPUT_RAW,1993709818,SERVO_OUTPUT_RAW,0,0,0,0,0,0,0,0,1000,1000,1000,1000,0,0,0,0,0
2025-12-15 01:07:18.615,SERVO_OUTPUT_RAW,1993812117,SERVO_OUTPUT_RAW,0,0,0,0,0,0,0,0,1000,1000,1000,1000,0,0,0,0,0
2025-12-15 01:07:18.715,SERVO_OUTPUT_RAW,1993909852,SERVO_OUTPUT_RAW,0,0,0,0,0,0,0,0,1000,1000,1000,1000,0,0,0,0,0
2025-12-15 01:07:18.815,SERVO_OUTPUT_RAW,1994009808,SERVO_OUTPUT_RAW,0,0,0,0,0,0,0,0,1000,1000,1000,1000,0,0,0,0,0
2025-12-15 01:07:18.915,SERVO_OUTPUT_RAW,1994109790,SERVO_OUTPUT_RAW,0,0,0,0,0,0,0,0,1000,1000,1000,1000,0,0,0,0,0
2025-12-15 01:07:19.015,SERVO_OUTPUT_RAW,1994209817,SERVO_OUTPUT_RAW,0,0,0,0,0,0,0,0,1000,1000,1000,1000,0,0,0,0,0
2025-12-15 01:07:19.115,SERVO_OUTPUT_RAW,1994309815,SERVO_OUTPUT_RAW,0,0,0,0,0,0,0,0,1000,1000,1000,1000,0,0,0,0,0
2025-12-15 01:07:19.215,SERVO_OUTPUT_RAW,1994409793,SERVO_OUTPUT_RAW,0,0,0,0,0,0,0,0,1000,1000,1000,1000,0,0,0,0,0
2025-12-15 01:07:19.315,SERVO_OUTPUT_RAW,1994509784,SERVO_OUTPUT_RAW,0,0,0,0,0,0,0,0,1000,1000,1000,1000,0,0,0,0,0
2025-12-15 01:07:19.414,SERVO_OUTPUT_RAW,1994609819,SERVO_OUTPUT_RAW,0,0,0,0,0,0,0,0,1000,1000,1000,1000,0,0,0,0,0
2025-12-15 01:07:19.514,SERVO_OUTPUT_RAW,1994709785,SERVO_OUTPUT_RAW,0,0,0,0,0,0,0,0,1000,1000,1000,1000,0,0,0,0,0
2025-12-15 01:07:19.614,SERVO_OUTPUT_RAW,1994809783,SERVO_OUTPUT_RAW,0,0,0,0,0,0,0,0,1000,1000,1000,1000,0,0,0,0,0
2025-12-15 01:07:19.714,SERVO_OUTPUT_RAW,1994909812,SERVO_OUTPUT_RAW,0,0,0,0,0,0,0,0,1000,1000,1000,1000,0,0,0,0,0
2025-12-15 01:07:19.814,SERVO_OUTPUT_RAW,1995009821,SERVO_OUTPUT_RAW,0,0,0,0,0,0,0,0,1000,1000,1000,1000,0,0,0,0,0
2025-12-15 01:07:19.915,SERVO_OUTPUT_RAW,1995109851,SERVO_OUTPUT_RAW,0,0,0,0,0,0,0,0,1000,1000,1000,1000,0,0,0,0,0
2025-12-15 01:07:20.014,SERVO_OUTPUT_RAW,1995209790,SERVO_OUTPUT_RAW,0,0,0,0,0,0,0,0,1000,1000,1000,1000,0,0,0,0,0
2025-12-15 01:07:20.114,SERVO_OUTPUT_RAW,1995309808,SERVO_OUTPUT_RAW,0,0,0,0,0,0,0,0,1000,1000,1000,1000,0,0,0,0,0
2025-12-15 01:07:20.214,SERVO_OUTPUT_RAW,1995409826,SERVO_OUTPUT_RAW,0,0,0,0,0,0,0,0,1000,1000,1000,1000,0,0,0,0,0
2025-12-15 01:07:20.314,SERVO_OUTPUT_RAW,1995512003,SERVO_OUTPUT_RAW,0,0,0,0,0,0,0,0,1000,1000,1000,1000,0,0,0,0,0
2025-12-15 01:07:20.414,SERVO_OUTPUT_RAW,1995609837,SERVO_OUTPUT_RAW,0,0,0,0,0,0,0,0,1000,1000,1000,1000,0,0,0,0,0
2025-12-15 01:07:20.514,SERVO_OUTPUT_RAW,1995709801,SERVO_OUTPUT_RAW,0,0,0,0,0,0,0,0,1000,1000,1000,1000,0,0,0,0,0
2025-12-15 01:07:20.614,SERVO_OUTPUT_RAW,1995809840,SERVO_OUTPUT_RAW,0,0,0,0,0,0,0,0,1000,1000,1000,1000,0,0,0,0,0
2025-12-15 01:07:20.714,SERVO_OUTPUT_RAW,1995909868,SERVO_OUTPUT_RAW,0,0,0,0,0,0,0,0,1000,1000,1000,1000,0,0,0,0,0
2025-12-15 01:07:20.814,SERVO_OUTPUT_RAW,1996009774,SERVO_OUTPUT_RAW,0,0,0,0,0,0,0,0,1000,1000,1000,1000,0,0,0,0,0
2025-12-15 01:07:20.914,SERVO_OUTPUT_RAW,1996109798,SERVO_OUTPUT_RAW,0,0,0,0,0,0,0,0,1000,1000,1000,1000,0,0,0,0,0
2025-12-15 01:07:21.014,SERVO_OUTPUT_RAW,1996209783,SERVO_OUTPUT_RAW,0,0,0,0,0,0,0,0,1000,1000,1000,1000,0,0,0,0,0
2025-12-15 01:07:21.114,SERVO_OUTPUT_RAW,1996309789,SERVO_OUTPUT_RAW,0,0,0,0,0,0,0,0,1000,1000,1000,1000,0,0,0,0,0
2025-12-15 01:07:21.214,SERVO_OUTPUT_RAW,1996409801,SERVO_OUTPUT_RAW,0,0,0,0,0,0,0,0,1000,1000,1000,1000,0,0,0,0,0
2025-12-15 01:07:21.314,SERVO_OUTPUT_RAW,1996512134,SERVO_OUTPUT_RAW,0,0,0,0,0,0,0,0,1000,1000,1000,1000,0,0,0,0,0
2025-12-15 01:07:21.414,SERVO_OUTPUT_RAW,1996609841,SERVO_OUTPUT_RAW,0,0,0,0,0,0,0,0,1000,1000,1000,1000,0,0,0,0,0
2025-12-15 01:07:21.514,SERVO_OUTPUT_RAW,1996709838,SERVO_OUTPUT_RAW,0,0,0,0,0,0,0,0,1000,1000,1000,1000,0,0,0,0,0
2025-12-15 01:07:21.614,SERVO_OUTPUT_RAW,1996809806,SERVO_OUTPUT_RAW,0,0,0,0,0,0,0,0,1000,1000,1000,1000,0,0,0,0,0
2025-12-15 01:07:21.715,SERVO_OUTPUT_RAW,1996909820,SERVO_OUTPUT_RAW,0,0,0,0,0,0,0,0,1000,1000,1000,1000,0,0,0,0,0
2025-12-15 01:07:21.814,SERVO_OUTPUT_RAW,1997009846,SERVO_OUTPUT_RAW,0,0,0,0,0,0,0,0,1000,1000,1000,1000,0,0,0,0,0
2025-12-15 01:07:21.914,SERVO_OUTPUT_RAW,1997109853,SERVO_OUTPUT_RAW,0,0,0,0,0,0,0,0,1000,1000,1000,1000,0,0,0,0,0
2025-12-15 01:07:22.015,SERVO_OUTPUT_RAW,1997209778,SERVO_OUTPUT_RAW,0,0,0,0,0,0,0,0,1000,1000,1000,1000,0,0,0,0,0
2025-12-15 01:07:22.114,SERVO_OUTPUT_RAW,1997309806,SERVO_OUTPUT_RAW,0,0,0,0,0,0,0,0,1000,1000,1000,1000,0,0,0,0,0
2025-12-15 01:07:22.214,SERVO_OUTPUT_RAW,1997409811,SERVO_OUTPUT_RAW,0,0,0,0,0,0,0,0,1000,1000,1000,1000,0,0,0,0,0
2025-12-15 01:07:22.314,SERVO_OUTPUT_RAW,1997509785,SERVO_OUTPUT_RAW,0,0,0,0,0,0,0,0,1000,1000,1000,1000,0,0,0,0,0
2025-12-15 01:07:22.414,SERVO_OUTPUT_RAW,1997609791,SERVO_OUTPUT_RAW,0,0,0,0,0,0,0,0,1000,1000,1000,1000,0,0,0,0,0
2025-12-15 01:07:22.514,SERVO_OUTPUT_RAW,1997709796,SERVO_OUTPUT_RAW,0,0,0,0,0,0,0,0,1000,1000,1000,1000,0,0,0,0,0
2025-12-15 01:07:22.615,SERVO_OUTPUT_RAW,1997809797,SERVO_OUTPUT_RAW,0,0,0,0,0,0,0,0,1000,1000,1000,1000,0,0,0,0,0
2025-12-15 01:07:22.714,SERVO_OUTPUT_RAW,1997909783,SERVO_OUTPUT_RAW,0,0,0,0,0,0,0,0,1000,1000,1000,1000,0,0,0,0,0
2025-12-15 01:07:22.815,SERVO_OUTPUT_RAW,1998009891,SERVO_OUTPUT_RAW,0,0,0,0,0,0,0,0,1000,1000,1000,1000,0,0,0,0,0
2025-12-15 01:07:22.914,SERVO_OUTPUT_RAW,1998109839,SERVO_OUTPUT_RAW,0,0,0,0,0,0,0,0,1000,1000,1000,1000,0,0,0,0,0
2025-12-15 01:07:23.014,SERVO_OUTPUT_RAW,1998212136,SERVO_OUTPUT_RAW,0,0,0,0,0,0,0,0,1000,1000,1000,1000,0,0,0,0,0
2025-12-15 01:07:23.115,SERVO_OUTPUT_RAW,1998309796,SERVO_OUTPUT_RAW,0,0,0,0,0,0,0,0,1000,1000,1000,1000,0,0,0,0,0
2025-12-15 01:07:23.214,SERVO_OUTPUT_RAW,1998409853,SERVO_OUTPUT_RAW,0,0,0,0,0,0,0,0,1000,1000,1000,1000,0,0,0,0,0
2025-12-15 01:07:23.314,SERVO_OUTPUT_RAW,1998509819,SERVO_OUTPUT_RAW,0,0,0,0,0,0,0,0,1000,1000,1000,1000,0,0,0,0,0
2025-12-15 01:07:23.414,SERVO_OUTPUT_RAW,1998609837,SERVO_OUTPUT_RAW,0,0,0,0,0,0,0,0,1000,1000,1000,1000,0,0,0,0,0
2025-12-15 01:07:23.514,SERVO_OUTPUT_RAW,1998709827,SERVO_OUTPUT_RAW,0,0,0,0,0,0,0,0,1000,1000,1000,1000,0,0,0,0,0
2025-12-15 01:07:23.615,SERVO_OUTPUT_RAW,1998809785,SERVO_OUTPUT_RAW,0,0,0,0,0,0,0,0,1000,1000,1000,1000,0,0,0,0,0
2025-12-15 01:07:23.714,SERVO_OUTPUT_RAW,1998909810,SERVO_OUTPUT_RAW,0,0,0,0,0,0,0,0,1000,1000,1000,1000,0,0,0,0,0
2025-12-15 01:07:23.814,SERVO_OUTPUT_RAW,1999009817,SERVO_OUTPUT_RAW,0,0,0,0,0,0,0,0,1000,1000,1000,1000,0,0,0,0,0
2025-12-15 01:07:23.914,SERVO_OUTPUT_RAW,1999109818,SERVO_OUTPUT_RAW,0,0,0,0,0,0,0,0,1000,1000,1000,1000,0,0,0,0,0
2025-12-15 01:07:24.014,SERVO_OUTPUT_RAW,1999209789,SERVO_OUTPUT_RAW,0,0,0,0,0,0,0,0,1000,1000,1000,1000,0,0,0,0,0
2025-12-15 01:07:24.115,SERVO_OUTPUT_RAW,1999309795,SERVO_OUTPUT_RAW,0,0,0,0,0,0,0,0,1000,1000,1000,1000,0,0,0,0,0
2025-12-15 01:07:24.215,SERVO_OUTPUT_RAW,1999409802,SERVO_OUTPUT_RAW,0,0,0,0,0,0,0,0,1000,1000,1000,1000,0,0,0,0,0
2025-12-15 01:07:24.315,SERVO_OUTPUT_RAW,1999509788,SERVO_OUTPUT_RAW,0,0,0,0,0,0,0,0,1000,1000,1000,1000,0,0,0,0,0
2025-12-15 01:07:24.415,SERVO_OUTPUT_RAW,1999612187,SERVO_OUTPUT_RAW,0,0,0,0,0,0,0,0,1000,1000,1000,1000,0,0,0,0,0
2025-12-15 01:07:24.515,SERVO_OUTPUT_RAW,1999709825,SERVO_OUTPUT_RAW,0,0,0,0,0,0,0,0,1000,1000,1000,1000,0,0,0,0,0
2025-12-15 01:07:24.615,SERVO_OUTPUT_RAW,1999809841,SERVO_OUTPUT_RAW,0,0,0,0,0,0,0,0,1000,1000,1000,1000,0,0,0,0,0
2025-12-15 01:07:24.715,SERVO_OUTPUT_RAW,1999909805,SERVO_OUTPUT_RAW,0,0,0,0,0,0,0,0,1000,1000,1000,1000,0,0,0,0,0
2025-12-15 01:07:24.815,SERVO_OUTPUT_RAW,2000009825,SERVO_OUTPUT_RAW,0,0,0,0,0,0,0,0,1000,1000,1000,1000,0,0,0,0,0
2025-12-15 01:07:24.916,SERVO_OUTPUT_RAW,2000112086,SERVO_OUTPUT_RAW,0,0,0,0,0,0,0,0,1000,1000,1000,1000,0,0,0,0,0
2025-12-15 01:07:25.015,SERVO_OUTPUT_RAW,2000209844,SERVO_OUTPUT_RAW,0,0,0,0,0,0,0,0,1000,1000,1000,1000,0,0,0,0,0
2025-12-15 01:07:25.115,SERVO_OUTPUT_RAW,2000309790,SERVO_OUTPUT_RAW,0,0,0,0,0,0,0,0,1000,1000,1000,1000,0,0,0,0,0
2025-12-15 01:07:25.215,SERVO_OUTPUT_RAW,2000409804,SERVO_OUTPUT_RAW,0,0,0,0,0,0,0,0,1000,1000,1000,1000,0,0,0,0,0
2025-12-15 01:07:25.315,SERVO_OUTPUT_RAW,2000509812,SERVO_OUTPUT_RAW,0,0,0,0,0,0,0,0,1000,1000,1000,1000,0,0,0,0,0
2025-12-15 01:07:25.415,SERVO_OUTPUT_RAW,2000609818,SERVO_OUTPUT_RAW,0,0,0,0,0,0,0,0,1000,1000,1000,1000,0,0,0,0,0
2025-12-15 01:07:25.515,SERVO_OUTPUT_RAW,2000709794,SERVO_OUTPUT_RAW,0,0,0,0,0,0,0,0,1000,1000,1000,1000,0,0,0,0,0
2025-12-15 01:07:25.615,SERVO_OUTPUT_RAW,2000809785,SERVO_OUTPUT_RAW,0,0,0,0,0,0,0,0,1000,1000,1000,1000,0,0,0,0,0
2025-12-15 01:07:25.715,SERVO_OUTPUT_RAW,2000909802,SERVO_OUTPUT_RAW,0,0,0,0,0,0,0,0,1000,1000,1000,1000,0,0,0,0,0
2025-12-15 01:07:25.815,SERVO_OUTPUT_RAW,2001009786,SERVO_OUTPUT_RAW,0,0,0,0,0,0,0,0,1000,1000,1000,1000,0,0,0,0,0
2025-12-15 01:07:25.915,SERVO_OUTPUT_RAW,2001109821,SERVO_OUTPUT_RAW,0,0,0,0,0,0,0,0,1000,1000,1000,1000,0,0,0,0,0
2025-12-15 01:07:26.015,SERVO_OUTPUT_RAW,2001209819,SERVO_OUTPUT_RAW,0,0,0,0,0,0,0,0,1000,1000,1000,1000,0,0,0,0,0
2025-12-15 01:07:26.117,SERVO_OUTPUT_RAW,2001309865,SERVO_OUTPUT_RAW,0,0,0,0,0,0,0,0,1000,1000,1000,1000,0,0,0,0,0
2025-12-15 01:07:26.215,SERVO_OUTPUT_RAW,2001409845,SERVO_OUTPUT_RAW,0,0,0,0,0,0,0,0,1000,1000,1000,1000,0,0,0,0,0
2025-12-15 01:07:26.315,SERVO_OUTPUT_RAW,2001509789,SERVO_OUTPUT_RAW,0,0,0,0,0,0,0,0,1000,1000,1000,1000,0,0,0,0,0
2025-12-15 01:07:26.415,SERVO_OUTPUT_RAW,2001609822,SERVO_OUTPUT_RAW,0,0,0,0,0,0,0,0,1000,1000,1000,1000,0,0,0,0,0
2025-12-15 01:07:26.515,SERVO_OUTPUT_RAW,2001709856,SERVO_OUTPUT_RAW,0,0,0,0,0,0,0,0,1000,1000,1000,1000,0,0,0,0,0
2025-12-15 01:07:26.615,SERVO_OUTPUT_RAW,2001809891,SERVO_OUTPUT_RAW,0,0,0,0,0,0,0,0,1000,1000,1000,1000,0,0,0,0,0
2025-12-15 01:07:26.715,SERVO_OUTPUT_RAW,2001909781,SERVO_OUTPUT_RAW,0,0,0,0,0,0,0,0,1000,1000,1000,1000,0,0,0,0,0
2025-12-15 01:07:26.815,SERVO_OUTPUT_RAW,2002009811,SERVO_OUTPUT_RAW,0,0,0,0,0,0,0,0,1000,1000,1000,1000,0,0,0,0,0
2025-12-15 01:07:26.915,SERVO_OUTPUT_RAW,2002109824,SERVO_OUTPUT_RAW,0,0,0,0,0,0,0,0,1000,1000,1000,1000,0,0,0,0,0
2025-12-15 01:07:27.015,SERVO_OUTPUT_RAW,2002209877,SERVO_OUTPUT_RAW,0,0,0,0,0,0,0,0,1000,1000,1000,1000,0,0,0,0,0
2025-12-15 01:07:27.115,SERVO_OUTPUT_RAW,2002309796,SERVO_OUTPUT_RAW,0,0,0,0,0,0,0,0,1000,1000,1000,1000,0,0,0,0,0
2025-12-15 01:07:27.215,SERVO_OUTPUT_RAW,2002409794,SERVO_OUTPUT_RAW,0,0,0,0,0,0,0,0,1000,1000,1000,1000,0,0,0,0,0
2025-12-15 01:07:27.315,SERVO_OUTPUT_RAW,2002509785,SERVO_OUTPUT_RAW,0,0,0,0,0,0,0,0,1000,1000,1000,1000,0,0,0,0,0
2025-12-15 01:07:27.416,SERVO_OUTPUT_RAW,2002609789,SERVO_OUTPUT_RAW,0,0,0,0,0,0,0,0,1000,1000,1000,1000,0,0,0,0,0
2025-12-15 01:07:27.515,SERVO_OUTPUT_RAW,2002709794,SERVO_OUTPUT_RAW,0,0,0,0,0,0,0,0,1000,1000,1000,1000,0,0,0,0,0
2025-12-15 01:07:27.615,SERVO_OUTPUT_RAW,2002809831,SERVO_OUTPUT_RAW,0,0,0,0,0,0,0,0,1000,1000,1000,1000,0,0,0,0,0
2025-12-15 01:07:27.716,SERVO_OUTPUT_RAW,2002909833,SERVO_OUTPUT_RAW,0,0,0,0,0,0,0,0,1000,1000,1000,1000,0,0,0,0,0
2025-12-15 01:07:27.815,SERVO_OUTPUT_RAW,2003009779,SERVO_OUTPUT_RAW,0,0,0,0,0,0,0,0,1000,1000,1000,1000,0,0,0,0,0
2025-12-15 01:07:27.916,SERVO_OUTPUT_RAW,2003109829,SERVO_OUTPUT_RAW,0,0,0,0,0,0,0,0,1000,1000,1000,1000,0,0,0,0,0
2025-12-15 01:07:28.015,SERVO_OUTPUT_RAW,2003209830,SERVO_OUTPUT_RAW,0,0,0,0,0,0,0,0,1000,1000,1000,1000,0,0,0,0,0
2025-12-15 01:07:28.115,SERVO_OUTPUT_RAW,2003309846,SERVO_OUTPUT_RAW,0,0,0,0,0,0,0,0,1000,1000,1000,1000,0,0,0,0,0
2025-12-15 01:07:28.216,SERVO_OUTPUT_RAW,2003409818,SERVO_OUTPUT_RAW,0,0,0,0,0,0,0,0,1000,1000,1000,1000,0,0,0,0,0
2025-12-15 01:07:28.315,SERVO_OUTPUT_RAW,2003509799,SERVO_OUTPUT_RAW,0,0,0,0,0,0,0,0,1000,1000,1000,1000,0,0,0,0,0
2025-12-15 01:07:28.416,SERVO_OUTPUT_RAW,2003609941,SERVO_OUTPUT_RAW,0,0,0,0,0,0,0,0,1000,1000,1000,1000,0,0,0,0,0
2025-12-15 01:07:28.516,SERVO_OUTPUT_RAW,2003709812,SERVO_OUTPUT_RAW,0,0,0,0,0,0,0,0,1000,1000,1000,1000,0,0,0,0,0
2025-12-15 01:07:28.616,SERVO_OUTPUT_RAW,2003809780,SERVO_OUTPUT_RAW,0,0,0,0,0,0,0,0,1000,1000,1000,1000,0,0,0,0,0
2025-12-15 01:07:28.715,SERVO_OUTPUT_RAW,2003909781,SERVO_OUTPUT_RAW,0,0,0,0,0,0,0,0,1000,1000,1000,1000,0,0,0,0,0
2025-12-15 01:07:28.814,SERVO_OUTPUT_RAW,2004009780,SERVO_OUTPUT_RAW,0,0,0,0,0,0,0,0,1000,1000,1000,1000,0,0,0,0,0
2025-12-15 01:07:28.914,SERVO_OUTPUT_RAW,2004109775,SERVO_OUTPUT_RAW,0,0,0,0,0,0,0,0,1000,1000,1000,1000,0,0,0,0,0
2025-12-15 01:07:29.014,SERVO_OUTPUT_RAW,2004209807,SERVO_OUTPUT_RAW,0,0,0,0,0,0,0,0,1000,1000,1000,1000,0,0,0,0,0
2025-12-15 01:07:29.114,SERVO_OUTPUT_RAW,2004312172,SERVO_OUTPUT_RAW,0,0,0,0,0,0,0,0,1000,1000,1000,1000,0,0,0,0,0
2025-12-15 01:07:29.214,SERVO_OUTPUT_RAW,2004409824,SERVO_OUTPUT_RAW,0,0,0,0,0,0,0,0,1000,1000,1000,1000,0,0,0,0,0
2025-12-15 01:07:29.314,SERVO_OUTPUT_RAW,2004509814,SERVO_OUTPUT_RAW,0,0,0,0,0,0,0,0,1000,1000,1000,1000,0,0,0,0,0
2025-12-15 01:07:29.414,SERVO_OUTPUT_RAW,2004609803,SERVO_OUTPUT_RAW,0,0,0,0,0,0,0,0,1000,1000,1000,1000,0,0,0,0,0
2025-12-15 01:07:29.514,SERVO_OUTPUT_RAW,2004709834,SERVO_OUTPUT_RAW,0,0,0,0,0,0,0,0,1000,1000,1000,1000,0,0,0,0,0
2025-12-15 01:07:29.614,SERVO_OUTPUT_RAW,2004809844,SERVO_OUTPUT_RAW,0,0,0,0,0,0,0,0,1000,1000,1000,1000,0,0,0,0,0
2025-12-15 01:07:29.715,SERVO_OUTPUT_RAW,2004909778,SERVO_OUTPUT_RAW,0,0,0,0,0,0,0,0,1000,1000,1000,1000,0,0,0,0,0
2025-12-15 01:07:29.814,SERVO_OUTPUT_RAW,2005009788,SERVO_OUTPUT_RAW,0,0,0,0,0,0,0,0,1000,1000,1000,1000,0,0,0,0,0
2025-12-15 01:07:29.914,SERVO_OUTPUT_RAW,2005109804,SERVO_OUTPUT_RAW,0,0,0,0,0,0,0,0,1000,1000,1000,1000,0,0,0,0,0
2025-12-15 01:07:30.015,SERVO_OUTPUT_RAW,2005209814,SERVO_OUTPUT_RAW,0,0,0,0,0,0,0,0,1000,1000,1000,1000,0,0,0,0,0
2025-12-15 01:07:30.114,SERVO_OUTPUT_RAW,2005309771,SERVO_OUTPUT_RAW,0,0,0,0,0,0,0,0,1000,1000,1000,1000,0,0,0,0,0
2025-12-15 01:07:30.214,SERVO_OUTPUT_RAW,2005409786,SERVO_OUTPUT_RAW,0,0,0,0,0,0,0,0,1000,1000,1000,1000,0,0,0,0,0
2025-12-15 01:07:30.314,SERVO_OUTPUT_RAW,2005509784,SERVO_OUTPUT_RAW,0,0,0,0,0,0,0,0,1000,1000,1000,1000,0,0,0,0,0
2025-12-15 01:07:30.414,SERVO_OUTPUT_RAW,2005609790,SERVO_OUTPUT_RAW,0,0,0,0,0,0,0,0,1000,1000,1000,1000,0,0,0,0,0
2025-12-15 01:07:30.515,SERVO_OUTPUT_RAW,2005709792,SERVO_OUTPUT_RAW,0,0,0,0,0,0,0,0,1000,1000,1000,1000,0,0,0,0,0
2025-12-15 01:07:30.614,SERVO_OUTPUT_RAW,2005809797,SERVO_OUTPUT_RAW,0,0,0,0,0,0,0,0,1000,1000,1000,1000,0,0,0,0,0
2025-12-15 01:07:30.714,SERVO_OUTPUT_RAW,2005909838,SERVO_OUTPUT_RAW,0,0,0,0,0,0,0,0,1000,1000,1000,1000,0,0,0,0,0
2025-12-15 01:07:30.814,SERVO_OUTPUT_RAW,2006009851,SERVO_OUTPUT_RAW,0,0,0,0,0,0,0,0,1000,1000,1000,1000,0,0,0,0,0
2025-12-15 01:07:30.914,SERVO_OUTPUT_RAW,2006109845,SERVO_OUTPUT_RAW,0,0,0,0,0,0,0,0,1000,1000,1000,1000,0,0,0,0,0
2025-12-15 01:07:31.014,SERVO_OUTPUT_RAW,2006209799,SERVO_OUTPUT_RAW,0,0,0,0,0,0,0,0,1000,1000,1000,1000,0,0,0,0,0
2025-12-15 01:07:31.114,SERVO_OUTPUT_RAW,2006309833,SERVO_OUTPUT_RAW,0,0,0,0,0,0,0,0,1000,1000,1000,1000,0,0,0,0,0
2025-12-15 01:07:31.215,SERVO_OUTPUT_RAW,2006412069,SERVO_OUTPUT_RAW,0,0,0,0,0,0,0,0,1000,1000,1000,1000,0,0,0,0,0
2025-12-15 01:07:31.314,SERVO_OUTPUT_RAW,2006509848,SERVO_OUTPUT_RAW,0,0,0,0,0,0,0,0,1000,1000,1000,1000,0,0,0,0,0
2025-12-15 01:07:31.414,SERVO_OUTPUT_RAW,2006609781,SERVO_OUTPUT_RAW,0,0,0,0,0,0,0,0,1000,1000,1000,1000,0,0,0,0,0
2025-12-15 01:07:31.514,SERVO_OUTPUT_RAW,2006709810,SERVO_OUTPUT_RAW,0,0,0,0,0,0,0,0,1000,1000,1000,1000,0,0,0,0,0
2025-12-15 01:07:31.615,SERVO_OUTPUT_RAW,2006809813,SERVO_OUTPUT_RAW,0,0,0,0,0,0,0,0,1000,1000,1000,1000,0,0,0,0,0
2025-12-15 01:07:31.715,SERVO_OUTPUT_RAW,2006909794,SERVO_OUTPUT_RAW,0,0,0,0,0,0,0,0,1000,1000,1000,1000,0,0,0,0,0
2025-12-15 01:07:31.814,SERVO_OUTPUT_RAW,2007009789,SERVO_OUTPUT_RAW,0,0,0,0,0,0,0,0,1000,1000,1000,1000,0,0,0,0,0
2025-12-15 01:07:31.915,SERVO_OUTPUT_RAW,2007109800,SERVO_OUTPUT_RAW,0,0,0,0,0,0,0,0,1000,1000,1000,1000,0,0,0,0,0
2025-12-15 01:07:32.015,SERVO_OUTPUT_RAW,2007209807,SERVO_OUTPUT_RAW,0,0,0,0,0,0,0,0,1000,1000,1000,1000,0,0,0,0,0
2025-12-15 01:07:32.115,SERVO_OUTPUT_RAW,2007309788,SERVO_OUTPUT_RAW,0,0,0,0,0,0,0,0,1000,1000,1000,1000,0,0,0,0,0
2025-12-15 01:07:32.215,SERVO_OUTPUT_RAW,2007409817,SERVO_OUTPUT_RAW,0,0,0,0,0,0,0,0,1000,1000,1000,1000,0,0,0,0,0
2025-12-15 01:07:32.315,SERVO_OUTPUT_RAW,2007509854,SERVO_OUTPUT_RAW,0,0,0,0,0,0,0,0,1000,1000,1000,1000,0,0,0,0,0
2025-12-15 01:07:32.420,SERVO_OUTPUT_RAW,2007609837,SERVO_OUTPUT_RAW,0,0,0,0,0,0,0,0,1000,1000,1000,1000,0,0,0,0,0
2025-12-15 01:07:32.515,SERVO_OUTPUT_RAW,2007709803,SERVO_OUTPUT_RAW,0,0,0,0,0,0,0,0,1000,1000,1000,1000,0,0,0,0,0
2025-12-15 01:07:32.615,SERVO_OUTPUT_RAW,2007809801,SERVO_OUTPUT_RAW,0,0,0,0,0,0,0,0,1000,1000,1000,1000,0,0,0,0,0
2025-12-15 01:07:32.715,SERVO_OUTPUT_RAW,2007909833,SERVO_OUTPUT_RAW,0,0,0,0,0,0,0,0,1000,1000,1000,1000,0,0,0,0,0
2025-12-15 01:07:32.815,SERVO_OUTPUT_RAW,2008009848,SERVO_OUTPUT_RAW,0,0,0,0,0,0,0,0,1000,1000,1000,1000,0,0,0,0,0
2025-12-15 01:07:32.915,SERVO_OUTPUT_RAW,2008109912,SERVO_OUTPUT_RAW,0,0,0,0,0,0,0,0,1000,1000,1000,1000,0,0,0,0,0
2025-12-15 01:07:33.015,SERVO_OUTPUT_RAW,2008209796,SERVO_OUTPUT_RAW,0,0,0,0,0,0,0,0,1000,1000,1000,1000,0,0,0,0,0
2025-12-15 01:07:33.115,SERVO_OUTPUT_RAW,2008309818,SERVO_OUTPUT_RAW,0,0,0,0,0,0,0,0,1000,1000,1000,1000,0,0,0,0,0
2025-12-15 01:07:33.215,SERVO_OUTPUT_RAW,2008409776,SERVO_OUTPUT_RAW,0,0,0,0,0,0,0,0,1000,1000,1000,1000,0,0,0,0,0
2025-12-15 01:07:33.315,SERVO_OUTPUT_RAW,2008509887,SERVO_OUTPUT_RAW,0,0,0,0,0,0,0,0,1000,1000,1000,1000,0,0,0,0,0
2025-12-15 01:07:33.415,SERVO_OUTPUT_RAW,2008609787,SERVO_OUTPUT_RAW,0,0,0,0,0,0,0,0,1000,1000,1000,1000,0,0,0,0,0
2025-12-15 01:07:33.515,SERVO_OUTPUT_RAW,2008709781,SERVO_OUTPUT_RAW,0,0,0,0,0,0,0,0,1000,1000,1000,1000,0,0,0,0,0
2025-12-15 01:07:33.615,SERVO_OUTPUT_RAW,2008809788,SERVO_OUTPUT_RAW,0,0,0,0,0,0,0,0,1000,1000,1000,1000,0,0,0,0,0
2025-12-15 01:07:33.715,SERVO_OUTPUT_RAW,2008909791,SERVO_OUTPUT_RAW,0,0,0,0,0,0,0,0,1000,1000,1000,1000,0,0,0,0,0
2025-12-15 01:07:33.815,SERVO_OUTPUT_RAW,2009009848,SERVO_OUTPUT_RAW,0,0,0,0,0,0,0,0,1000,1000,1000,1000,0,0,0,0,0
2025-12-15 01:07:33.915,SERVO_OUTPUT_RAW,2009109857,SERVO_OUTPUT_RAW,0,0,0,0,0,0,0,0,1000,1000,1000,1000,0,0,0,0,0
2025-12-15 01:07:34.015,SERVO_OUTPUT_RAW,2009209807,SERVO_OUTPUT_RAW,0,0,0,0,0,0,0,0,1000,1000,1000,1000,0,0,0,0,0
2025-12-15 01:07:34.115,SERVO_OUTPUT_RAW,2009309778,SERVO_OUTPUT_RAW,0,0,0,0,0,0,0,0,1000,1000,1000,1000,0,0,0,0,0
2025-12-15 01:07:34.215,SERVO_OUTPUT_RAW,2009409817,SERVO_OUTPUT_RAW,0,0,0,0,0,0,0,0,1000,1000,1000,1000,0,0,0,0,0
2025-12-15 01:07:34.315,SERVO_OUTPUT_RAW,2009509853,SERVO_OUTPUT_RAW,0,0,0,0,0,0,0,0,1000,1000,1000,1000,0,0,0,0,0
2025-12-15 01:07:34.416,SERVO_OUTPUT_RAW,2009609844,SERVO_OUTPUT_RAW,0,0,0,0,0,0,0,0,1000,1000,1000,1000,0,0,0,0,0
2025-12-15 01:07:34.515,SERVO_OUTPUT_RAW,2009709783,SERVO_OUTPUT_RAW,0,0,0,0,0,0,0,0,1000,1000,1000,1000,0,0,0,0,0
2025-12-15 01:07:34.615,SERVO_OUTPUT_RAW,2009809813,SERVO_OUTPUT_RAW,0,0,0,0,0,0,0,0,1000,1000,1000,1000,0,0,0,0,0
2025-12-15 01:07:34.715,SERVO_OUTPUT_RAW,2009909827,SERVO_OUTPUT_RAW,0,0,0,0,0,0,0,0,1000,1000,1000,1000,0,0,0,0,0
2025-12-15 01:07:34.815,SERVO_OUTPUT_RAW,2010009830,SERVO_OUTPUT_RAW,0,0,0,0,0,0,0,0,1000,1000,1000,1000,0,0,0,0,0
2025-12-15 01:07:34.915,SERVO_OUTPUT_RAW,2010109789,SERVO_OUTPUT_RAW,0,0,0,0,0,0,0,0,1000,1000,1000,1000,0,0,0,0,0
2025-12-15 01:07:35.015,SERVO_OUTPUT_RAW,2010209794,SERVO_OUTPUT_RAW,0,0,0,0,0,0,0,0,1000,1000,1000,1000,0,0,0,0,0
2025-12-15 01:07:35.115,SERVO_OUTPUT_RAW,2010309782,SERVO_OUTPUT_RAW,0,0,0,0,0,0,0,0,1000,1000,1000,1000,0,0,0,0,0
2025-12-15 01:07:35.215,SERVO_OUTPUT_RAW,2010412123,SERVO_OUTPUT_RAW,0,0,0,0,0,0,0,0,1000,1000,1000,1000,0,0,0,0,0
2025-12-15 01:07:35.315,SERVO_OUTPUT_RAW,2010509795,SERVO_OUTPUT_RAW,0,0,0,0,0,0,0,0,1000,1000,1000,1000,0,0,0,0,0
2025-12-15 01:07:35.415,SERVO_OUTPUT_RAW,2010612229,SERVO_OUTPUT_RAW,0,0,0,0,0,0,0,0,1000,1000,1000,1000,0,0,0,0,0
2025-12-15 01:07:35.515,SERVO_OUTPUT_RAW,2010709829,SERVO_OUTPUT_RAW,0,0,0,0,0,0,0,0,1000,1000,1000,1000,0,0,0,0,0
2025-12-15 01:07:35.615,SERVO_OUTPUT_RAW,2010809884,SERVO_OUTPUT_RAW,0,0,0,0,0,0,0,0,1000,1000,1000,1000,0,0,0,0,0
2025-12-15 01:07:35.715,SERVO_OUTPUT_RAW,2010909816,SERVO_OUTPUT_RAW,0,0,0,0,0,0,0,0,1000,1000,1000,1000,0,0,0,0,0
2025-12-15 01:07:35.815,SERVO_OUTPUT_RAW,2011009829,SERVO_OUTPUT_RAW,0,0,0,0,0,0,0,0,1000,1000,1000,1000,0,0,0,0,0
2025-12-15 01:07:35.915,SERVO_OUTPUT_RAW,2011109839,SERVO_OUTPUT_RAW,0,0,0,0,0,0,0,0,1000,1000,1000,1000,0,0,0,0,0
2025-12-15 01:07:36.015,SERVO_OUTPUT_RAW,2011209816,SERVO_OUTPUT_RAW,0,0,0,0,0,0,0,0,1000,1000,1000,1000,0,0,0,0,0
2025-12-15 01:07:36.115,SERVO_OUTPUT_RAW,2011309790,SERVO_OUTPUT_RAW,0,0,0,0,0,0,0,0,1000,1000,1000,1000,0,0,0,0,0
2025-12-15 01:07:36.215,SERVO_OUTPUT_RAW,2011409814,SERVO_OUTPUT_RAW,0,0,0,0,0,0,0,0,1000,1000,1000,1000,0,0,0,0,0
2025-12-15 01:07:36.315,SERVO_OUTPUT_RAW,2011509829,SERVO_OUTPUT_RAW,0,0,0,0,0,0,0,0,1000,1000,1000,1000,0,0,0,0,0
2025-12-15 01:07:36.415,SERVO_OUTPUT_RAW,2011609780,SERVO_OUTPUT_RAW,0,0,0,0,0,0,0,0,1000,1000,1000,1000,0,0,0,0,0
2025-12-15 01:07:36.515,SERVO_OUTPUT_RAW,2011709795,SERVO_OUTPUT_RAW,0,0,0,0,0,0,0,0,1000,1000,1000,1000,0,0,0,0,0
2025-12-15 01:07:36.615,SERVO_OUTPUT_RAW,2011809777,SERVO_OUTPUT_RAW,0,0,0,0,0,0,0,0,1000,1000,1000,1000,0,0,0,0,0
2025-12-15 01:07:36.715,SERVO_OUTPUT_RAW,2011909780,SERVO_OUTPUT_RAW,0,0,0,0,0,0,0,0,1000,1000,1000,1000,0,0,0,0,0
2025-12-15 01:07:36.815,SERVO_OUTPUT_RAW,2012012132,SERVO_OUTPUT_RAW,0,0,0,0,0,0,0,0,1000,1000,1000,1000,0,0,0,0,0
2025-12-15 01:07:36.915,SERVO_OUTPUT_RAW,2012109812,SERVO_OUTPUT_RAW,0,0,0,0,0,0,0,0,1000,1000,1000,1000,0,0,0,0,0
2025-12-15 01:07:37.015,SERVO_OUTPUT_RAW,2012209837,SERVO_OUTPUT_RAW,0,0,0,0,0,0,0,0,1000,1000,1000,1000,0,0,0,0,0
2025-12-15 01:07:37.116,SERVO_OUTPUT_RAW,2012309853,SERVO_OUTPUT_RAW,0,0,0,0,0,0,0,0,1000,1000,1000,1000,0,0,0,0,0
2025-12-15 01:07:37.216,SERVO_OUTPUT_RAW,2012409779,SERVO_OUTPUT_RAW,0,0,0,0,0,0,0,0,1000,1000,1000,1000,0,0,0,0,0
2025-12-15 01:07:37.315,SERVO_OUTPUT_RAW,2012509815,SERVO_OUTPUT_RAW,0,0,0,0,0,0,0,0,1000,1000,1000,1000,0,0,0,0,0
2025-12-15 01:07:37.415,SERVO_OUTPUT_RAW,2012609855,SERVO_OUTPUT_RAW,0,0,0,0,0,0,0,0,1000,1000,1000,1000,0,0,0,0,0
2025-12-15 01:07:37.516,SERVO_OUTPUT_RAW,2012712072,SERVO_OUTPUT_RAW,0,0,0,0,0,0,0,0,1000,1000,1000,1000,0,0,0,0,0
2025-12-15 01:07:37.615,SERVO_OUTPUT_RAW,2012809783,SERVO_OUTPUT_RAW,0,0,0,0,0,0,0,0,1000,1000,1000,1000,0,0,0,0,0
2025-12-15 01:07:37.715,SERVO_OUTPUT_RAW,2012909804,SERVO_OUTPUT_RAW,0,0,0,0,0,0,0,0,1000,1000,1000,1000,0,0,0,0,0
2025-12-15 01:07:37.816,SERVO_OUTPUT_RAW,2013009814,SERVO_OUTPUT_RAW,0,0,0,0,0,0,0,0,1000,1000,1000,1000,0,0,0,0,0
2025-12-15 01:07:37.915,SERVO_OUTPUT_RAW,2013109779,SERVO_OUTPUT_RAW,0,0,0,0,0,0,0,0,1000,1000,1000,1000,0,0,0,0,0
2025-12-15 01:07:38.015,SERVO_OUTPUT_RAW,2013209770,SERVO_OUTPUT_RAW,0,0,0,0,0,0,0,0,1000,1000,1000,1000,0,0,0,0,0
2025-12-15 01:07:38.116,SERVO_OUTPUT_RAW,2013309793,SERVO_OUTPUT_RAW,0,0,0,0,0,0,0,0,1000,1000,1000,1000,0,0,0,0,0
2025-12-15 01:07:38.215,SERVO_OUTPUT_RAW,2013409789,SERVO_OUTPUT_RAW,0,0,0,0,0,0,0,0,1000,1000,1000,1000,0,0,0,0,0
2025-12-15 01:07:38.314,SERVO_OUTPUT_RAW,2013509814,SERVO_OUTPUT_RAW,0,0,0,0,0,0,0,0,1000,1000,1000,1000,0,0,0,0,0
2025-12-15 01:07:38.415,SERVO_OUTPUT_RAW,2013609820,SERVO_OUTPUT_RAW,0,0,0,0,0,0,0,0,1000,1000,1000,1000,0,0,0,0,0
2025-12-15 01:07:38.514,SERVO_OUTPUT_RAW,2013709822,SERVO_OUTPUT_RAW,0,0,0,0,0,0,0,0,1000,1000,1000,1000,0,0,0,0,0
2025-12-15 01:07:38.614,SERVO_OUTPUT_RAW,2013809838,SERVO_OUTPUT_RAW,0,0,0,0,0,0,0,0,1000,1000,1000,1000,0,0,0,0,0
2025-12-15 01:07:38.715,SERVO_OUTPUT_RAW,2013909823,SERVO_OUTPUT_RAW,0,0,0,0,0,0,0,0,1000,1000,1000,1000,0,0,0,0,0
2025-12-15 01:07:38.814,SERVO_OUTPUT_RAW,2014009796,SERVO_OUTPUT_RAW,0,0,0,0,0,0,0,0,1000,1000,1000,1000,0,0,0,0,0
2025-12-15 01:07:38.915,SERVO_OUTPUT_RAW,2014109813,SERVO_OUTPUT_RAW,0,0,0,0,0,0,0,0,1000,1000,1000,1000,0,0,0,0,0
2025-12-15 01:07:39.014,SERVO_OUTPUT_RAW,2014209844,SERVO_OUTPUT_RAW,0,0,0,0,0,0,0,0,1000,1000,1000,1000,0,0,0,0,0
2025-12-15 01:07:39.115,SERVO_OUTPUT_RAW,2014309826,SERVO_OUTPUT_RAW,0,0,0,0,0,0,0,0,1000,1000,1000,1000,0,0,0,0,0
2025-12-15 01:07:39.215,SERVO_OUTPUT_RAW,2014409792,SERVO_OUTPUT_RAW,0,0,0,0,0,0,0,0,1000,1000,1000,1000,0,0,0,0,0
2025-12-15 01:07:39.315,SERVO_OUTPUT_RAW,2014509822,SERVO_OUTPUT_RAW,0,0,0,0,0,0,0,0,1000,1000,1000,1000,0,0,0,0,0
2025-12-15 01:07:39.415,SERVO_OUTPUT_RAW,2014609810,SERVO_OUTPUT_RAW,0,0,0,0,0,0,0,0,1000,1000,1000,1000,0,0,0,0,0
2025-12-15 01:07:39.515,SERVO_OUTPUT_RAW,2014709779,SERVO_OUTPUT_RAW,0,0,0,0,0,0,0,0,1000,1000,1000,1000,0,0,0,0,0
2025-12-15 01:07:39.615,SERVO_OUTPUT_RAW,2014809858,SERVO_OUTPUT_RAW,0,0,0,0,0,0,0,0,1000,1000,1000,1000,0,0,0,0,0
2025-12-15 01:07:39.715,SERVO_OUTPUT_RAW,2014909813,SERVO_OUTPUT_RAW,0,0,0,0,0,0,0,0,1000,1000,1000,1000,0,0,0,0,0
2025-12-15 01:07:39.815,SERVO_OUTPUT_RAW,2015009803,SERVO_OUTPUT_RAW,0,0,0,0,0,0,0,0,1000,1000,1000,1000,0,0,0,0,0
2025-12-15 01:07:39.916,SERVO_OUTPUT_RAW,2015109791,SERVO_OUTPUT_RAW,0,0,0,0,0,0,0,0,1000,1000,1000,1000,0,0,0,0,0
2025-12-15 01:07:40.015,SERVO_OUTPUT_RAW,2015209817,SERVO_OUTPUT_RAW,0,0,0,0,0,0,0,0,1000,1000,1000,1000,0,0,0,0,0
2025-12-15 01:07:40.115,SERVO_OUTPUT_RAW,2015309848,SERVO_OUTPUT_RAW,0,0,0,0,0,0,0,0,1000,1000,1000,1000,0,0,0,0,0
2025-12-15 01:07:40.215,SERVO_OUTPUT_RAW,2015409848,SERVO_OUTPUT_RAW,0,0,0,0,0,0,0,0,1000,1000,1000,1000,0,0,0,0,0
2025-12-15 01:07:40.315,SERVO_OUTPUT_RAW,2015509807,SERVO_OUTPUT_RAW,0,0,0,0,0,0,0,0,1000,1000,1000,1000,0,0,0,0,0
2025-12-15 01:07:40.415,SERVO_OUTPUT_RAW,2015609801,SERVO_OUTPUT_RAW,0,0,0,0,0,0,0,0,1000,1000,1000,1000,0,0,0,0,0
2025-12-15 01:07:40.515,SERVO_OUTPUT_RAW,2015709825,SERVO_OUTPUT_RAW,0,0,0,0,0,0,0,0,1000,1000,1000,1000,0,0,0,0,0
2025-12-15 01:07:40.615,SERVO_OUTPUT_RAW,2015809853,SERVO_OUTPUT_RAW,0,0,0,0,0,0,0,0,1000,1000,1000,1000,0,0,0,0,0
2025-12-15 01:07:40.715,SERVO_OUTPUT_RAW,2015909785,SERVO_OUTPUT_RAW,0,0,0,0,0,0,0,0,1000,1000,1000,1000,0,0,0,0,0
2025-12-15 01:07:40.815,SERVO_OUTPUT_RAW,2016009805,SERVO_OUTPUT_RAW,0,0,0,0,0,0,0,0,1000,1000,1000,1000,0,0,0,0,0
2025-12-15 01:07:40.915,SERVO_OUTPUT_RAW,2016109813,SERVO_OUTPUT_RAW,0,0,0,0,0,0,0,0,1000,1000,1000,1000,0,0,0,0,0
2025-12-15 01:07:41.015,SERVO_OUTPUT_RAW,2016209894,SERVO_OUTPUT_RAW,0,0,0,0,0,0,0,0,1000,1000,1000,1000,0,0,0,0,0
2025-12-15 01:07:41.115,SERVO_OUTPUT_RAW,2016309791,SERVO_OUTPUT_RAW,0,0,0,0,0,0,0,0,1000,1000,1000,1000,0,0,0,0,0
2025-12-15 01:07:41.215,SERVO_OUTPUT_RAW,2016409778,SERVO_OUTPUT_RAW,0,0,0,0,0,0,0,0,1000,1000,1000,1000,0,0,0,0,0
2025-12-15 01:07:41.315,SERVO_OUTPUT_RAW,2016509795,SERVO_OUTPUT_RAW,0,0,0,0,0,0,0,0,1000,1000,1000,1000,0,0,0,0,0
2025-12-15 01:07:41.415,SERVO_OUTPUT_RAW,2016609784,SERVO_OUTPUT_RAW,0,0,0,0,0,0,0,0,1000,1000,1000,1000,0,0,0,0,0
2025-12-15 01:07:41.515,SERVO_OUTPUT_RAW,2016709786,SERVO_OUTPUT_RAW,0,0,0,0,0,0,0,0,1000,1000,1000,1000,0,0,0,0,0
2025-12-15 01:07:41.615,SERVO_OUTPUT_RAW,2016809809,SERVO_OUTPUT_RAW,0,0,0,0,0,0,0,0,1000,1000,1000,1000,0,0,0,0,0
2025-12-15 01:07:41.715,SERVO_OUTPUT_RAW,2016912156,SERVO_OUTPUT_RAW,0,0,0,0,0,0,0,0,1000,1000,1000,1000,0,0,0,0,0
2025-12-15 01:07:41.815,SERVO_OUTPUT_RAW,2017012127,SERVO_OUTPUT_RAW,0,0,0,0,0,0,0,0,1000,1000,1000,1000,0,0,0,0,0
2025-12-15 01:07:41.915,SERVO_OUTPUT_RAW,2017109823,SERVO_OUTPUT_RAW,0,0,0,0,0,0,0,0,1000,1000,1000,1000,0,0,0,0,0
2025-12-15 01:07:42.015,SERVO_OUTPUT_RAW,2017209836,SERVO_OUTPUT_RAW,0,0,0,0,0,0,0,0,1000,1000,1000,1000,0,0,0,0,0
2025-12-15 01:07:42.115,SERVO_OUTPUT_RAW,2017309841,SERVO_OUTPUT_RAW,0,0,0,0,0,0,0,0,1000,1000,1000,1000,0,0,0,0,0
2025-12-15 01:07:42.215,SERVO_OUTPUT_RAW,2017409855,SERVO_OUTPUT_RAW,0,0,0,0,0,0,0,0,1000,1000,1000,1000,0,0,0,0,0
2025-12-15 01:07:42.315,SERVO_OUTPUT_RAW,2017509785,SERVO_OUTPUT_RAW,0,0,0,0,0,0,0,0,1000,1000,1000,1000,0,0,0,0,0
2025-12-15 01:07:42.417,SERVO_OUTPUT_RAW,2017609801,SERVO_OUTPUT_RAW,0,0,0,0,0,0,0,0,1000,1000,1000,1000,0,0,0,0,0
2025-12-15 01:07:42.515,SERVO_OUTPUT_RAW,2017709810,SERVO_OUTPUT_RAW,0,0,0,0,0,0,0,0,1000,1000,1000,1000,0,0,0,0,0
2025-12-15 01:07:42.615,SERVO_OUTPUT_RAW,2017809806,SERVO_OUTPUT_RAW,0,0,0,0,0,0,0,0,1000,1000,1000,1000,0,0,0,0,0
2025-12-15 01:07:42.715,SERVO_OUTPUT_RAW,2017909775,SERVO_OUTPUT_RAW,0,0,0,0,0,0,0,0,1000,1000,1000,1000,0,0,0,0,0
2025-12-15 01:07:42.815,SERVO_OUTPUT_RAW,2018009808,SERVO_OUTPUT_RAW,0,0,0,0,0,0,0,0,1000,1000,1000,1000,0,0,0,0,0
2025-12-15 01:07:42.915,SERVO_OUTPUT_RAW,2018109784,SERVO_OUTPUT_RAW,0,0,0,0,0,0,0,0,1000,1000,1000,1000,0,0,0,0,0
2025-12-15 01:07:43.016,SERVO_OUTPUT_RAW,2018209797,SERVO_OUTPUT_RAW,0,0,0,0,0,0,0,0,1000,1000,1000,1000,0,0,0,0,0
2025-12-15 01:07:43.115,SERVO_OUTPUT_RAW,2018309802,SERVO_OUTPUT_RAW,0,0,0,0,0,0,0,0,1000,1000,1000,1000,0,0,0,0,0
2025-12-15 01:07:43.215,SERVO_OUTPUT_RAW,2018409844,SERVO_OUTPUT_RAW,0,0,0,0,0,0,0,0,1000,1000,1000,1000,0,0,0,0,0
2025-12-15 01:07:43.315,SERVO_OUTPUT_RAW,2018509850,SERVO_OUTPUT_RAW,0,0,0,0,0,0,0,0,1000,1000,1000,1000,0,0,0,0,0
2025-12-15 01:07:43.415,SERVO_OUTPUT_RAW,2018609807,SERVO_OUTPUT_RAW,0,0,0,0,0,0,0,0,1000,1000,1000,1000,0,0,0,0,0
2025-12-15 01:07:43.515,SERVO_OUTPUT_RAW,2018709834,SERVO_OUTPUT_RAW,0,0,0,0,0,0,0,0,1000,1000,1000,1000,0,0,0,0,0
2025-12-15 01:07:43.615,SERVO_OUTPUT_RAW,2018809823,SERVO_OUTPUT_RAW,0,0,0,0,0,0,0,0,1000,1000,1000,1000,0,0,0,0,0
2025-12-15 01:07:43.715,SERVO_OUTPUT_RAW,2018909850,SERVO_OUTPUT_RAW,0,0,0,0,0,0,0,0,1000,1000,1000,1000,0,0,0,0,0
2025-12-15 01:07:43.815,SERVO_OUTPUT_RAW,2019009909,SERVO_OUTPUT_RAW,0,0,0,0,0,0,0,0,1000,1000,1000,1000,0,0,0,0,0
2025-12-15 01:07:43.915,SERVO_OUTPUT_RAW,2019109820,SERVO_OUTPUT_RAW,0,0,0,0,0,0,0,0,1000,1000,1000,1000,0,0,0,0,0
2025-12-15 01:07:44.015,SERVO_OUTPUT_RAW,2019209821,SERVO_OUTPUT_RAW,0,0,0,0,0,0,0,0,1000,1000,1000,1000,0,0,0,0,0
2025-12-15 01:07:44.115,SERVO_OUTPUT_RAW,2019309818,SERVO_OUTPUT_RAW,0,0,0,0,0,0,0,0,1000,1000,1000,1000,0,0,0,0,0
2025-12-15 01:07:44.215,SERVO_OUTPUT_RAW,2019409795,SERVO_OUTPUT_RAW,0,0,0,0,0,0,0,0,1000,1000,1000,1000,0,0,0,0,0
2025-12-15 01:07:44.316,SERVO_OUTPUT_RAW,2019509777,SERVO_OUTPUT_RAW,0,0,0,0,0,0,0,0,1000,1000,1000,1000,0,0,0,0,0
2025-12-15 01:07:44.415,SERVO_OUTPUT_RAW,2019609793,SERVO_OUTPUT_RAW,0,0,0,0,0,0,0,0,1000,1000,1000,1000,0,0,0,0,0
2025-12-15 01:07:44.515,SERVO_OUTPUT_RAW,2019709782,SERVO_OUTPUT_RAW,0,0,0,0,0,0,0,0,1000,1000,1000,1000,0,0,0,0,0
2025-12-15 01:07:44.615,SERVO_OUTPUT_RAW,2019809802,SERVO_OUTPUT_RAW,0,0,0,0,0,0,0,0,1000,1000,1000,1000,0,0,0,0,0
2025-12-15 01:07:44.715,SERVO_OUTPUT_RAW,2019909815,SERVO_OUTPUT_RAW,0,0,0,0,0,0,0,0,1000,1000,1000,1000,0,0,0,0,0
2025-12-15 01:07:44.816,SERVO_OUTPUT_RAW,2020009812,SERVO_OUTPUT_RAW,0,0,0,0,0,0,0,0,1000,1000,1000,1000,0,0,0,0,0
2025-12-15 01:07:44.915,SERVO_OUTPUT_RAW,2020109843,SERVO_OUTPUT_RAW,0,0,0,0,0,0,0,0,1000,1000,1000,1000,0,0,0,0,0
2025-12-15 01:07:45.016,SERVO_OUTPUT_RAW,2020209804,SERVO_OUTPUT_RAW,0,0,0,0,0,0,0,0,1000,1000,1000,1000,0,0,0,0,0
2025-12-15 01:07:45.115,SERVO_OUTPUT_RAW,2020309839,SERVO_OUTPUT_RAW,0,0,0,0,0,0,0,0,1000,1000,1000,1000,0,0,0,0,0
2025-12-15 01:07:45.215,SERVO_OUTPUT_RAW,2020409846,SERVO_OUTPUT_RAW,0,0,0,0,0,0,0,0,1000,1000,1000,1000,0,0,0,0,0
2025-12-15 01:07:45.315,SERVO_OUTPUT_RAW,2020509841,SERVO_OUTPUT_RAW,0,0,0,0,0,0,0,0,1000,1000,1000,1000,0,0,0,0,0
2025-12-15 01:07:45.415,SERVO_OUTPUT_RAW,2020609780,SERVO_OUTPUT_RAW,0,0,0,0,0,0,0,0,1000,1000,1000,1000,0,0,0,0,0
2025-12-15 01:07:45.515,SERVO_OUTPUT_RAW,2020709827,SERVO_OUTPUT_RAW,0,0,0,0,0,0,0,0,1000,1000,1000,1000,0,0,0,0,0
2025-12-15 01:07:45.616,SERVO_OUTPUT_RAW,2020809809,SERVO_OUTPUT_RAW,0,0,0,0,0,0,0,0,1000,1000,1000,1000,0,0,0,0,0
2025-12-15 01:07:45.715,SERVO_OUTPUT_RAW,2020909816,SERVO_OUTPUT_RAW,0,0,0,0,0,0,0,0,1000,1000,1000,1000,0,0,0,0,0
2025-12-15 01:07:45.815,SERVO_OUTPUT_RAW,2021009779,SERVO_OUTPUT_RAW,0,0,0,0,0,0,0,0,1000,1000,1000,1000,0,0,0,0,0
2025-12-15 01:07:45.915,SERVO_OUTPUT_RAW,2021109851,SERVO_OUTPUT_RAW,0,0,0,0,0,0,0,0,1000,1000,1000,1000,0,0,0,0,0
2025-12-15 01:07:46.015,SERVO_OUTPUT_RAW,2021209791,SERVO_OUTPUT_RAW,0,0,0,0,0,0,0,0,1000,1000,1000,1000,0,0,0,0,0
2025-12-15 01:07:46.115,SERVO_OUTPUT_RAW,2021309786,SERVO_OUTPUT_RAW,0,0,0,0,0,0,0,0,1000,1000,1000,1000,0,0,0,0,0
2025-12-15 01:07:46.215,SERVO_OUTPUT_RAW,2021412116,SERVO_OUTPUT_RAW,0,0,0,0,0,0,0,0,1000,1000,1000,1000,0,0,0,0,0
2025-12-15 01:07:46.315,SERVO_OUTPUT_RAW,2021509835,SERVO_OUTPUT_RAW,0,0,0,0,0,0,0,0,1000,1000,1000,1000,0,0,0,0,0
2025-12-15 01:07:46.415,SERVO_OUTPUT_RAW,2021609853,SERVO_OUTPUT_RAW,0,0,0,0,0,0,0,0,1000,1000,1000,1000,0,0,0,0,0
2025-12-15 01:07:46.515,SERVO_OUTPUT_RAW,2021709820,SERVO_OUTPUT_RAW,0,0,0,0,0,0,0,0,1000,1000,1000,1000,0,0,0,0,0
2025-12-15 01:07:46.615,SERVO_OUTPUT_RAW,2021809841,SERVO_OUTPUT_RAW,0,0,0,0,0,0,0,0,1000,1000,1000,1000,0,0,0,0,0
2025-12-15 01:07:46.716,SERVO_OUTPUT_RAW,2021909814,SERVO_OUTPUT_RAW,0,0,0,0,0,0,0,0,1000,1000,1000,1000,0,0,0,0,0
2025-12-15 01:07:46.816,SERVO_OUTPUT_RAW,2022009873,SERVO_OUTPUT_RAW,0,0,0,0,0,0,0,0,1000,1000,1000,1000,0,0,0,0,0
2025-12-15 01:07:46.916,SERVO_OUTPUT_RAW,2022109773,SERVO_OUTPUT_RAW,0,0,0,0,0,0,0,0,1000,1000,1000,1000,0,0,0,0,0
2025-12-15 01:07:47.016,SERVO_OUTPUT_RAW,2022209779,SERVO_OUTPUT_RAW,0,0,0,0,0,0,0,0,1000,1000,1000,1000,0,0,0,0,0
2025-12-15 01:07:47.116,SERVO_OUTPUT_RAW,2022309820,SERVO_OUTPUT_RAW,0,0,0,0,0,0,0,0,1000,1000,1000,1000,0,0,0,0,0
2025-12-15 01:07:47.216,SERVO_OUTPUT_RAW,2022409830,SERVO_OUTPUT_RAW,0,0,0,0,0,0,0,0,1000,1000,1000,1000,0,0,0,0,0
2025-12-15 01:07:47.316,SERVO_OUTPUT_RAW,2022509792,SERVO_OUTPUT_RAW,0,0,0,0,0,0,0,0,1000,1000,1000,1000,0,0,0,0,0
2025-12-15 01:07:47.417,SERVO_OUTPUT_RAW,2022609793,SERVO_OUTPUT_RAW,0,0,0,0,0,0,0,0,1000,1000,1000,1000,0,0,0,0,0
2025-12-15 01:07:47.516,SERVO_OUTPUT_RAW,2022709791,SERVO_OUTPUT_RAW,0,0,0,0,0,0,0,0,1000,1000,1000,1000,0,0,0,0,0
2025-12-15 01:07:47.615,SERVO_OUTPUT_RAW,2022809793,SERVO_OUTPUT_RAW,0,0,0,0,0,0,0,0,1000,1000,1000,1000,0,0,0,0,0
2025-12-15 01:07:47.715,SERVO_OUTPUT_RAW,2022909797,SERVO_OUTPUT_RAW,0,0,0,0,0,0,0,0,1000,1000,1000,1000,0,0,0,0,0
2025-12-15 01:07:47.815,SERVO_OUTPUT_RAW,2023009817,SERVO_OUTPUT_RAW,0,0,0,0,0,0,0,0,1000,1000,1000,1000,0,0,0,0,0
2025-12-15 01:07:47.915,SERVO_OUTPUT_RAW,2023109829,SERVO_OUTPUT_RAW,0,0,0,0,0,0,0,0,1000,1000,1000,1000,0,0,0,0,0
2025-12-15 01:07:48.015,SERVO_OUTPUT_RAW,2023209898,SERVO_OUTPUT_RAW,0,0,0,0,0,0,0,0,1000,1000,1000,1000,0,0,0,0,0
2025-12-15 01:07:48.115,SERVO_OUTPUT_RAW,2023309796,SERVO_OUTPUT_RAW,0,0,0,0,0,0,0,0,1000,1000,1000,1000,0,0,0,0,0
2025-12-15 01:07:48.216,SERVO_OUTPUT_RAW,2023409849,SERVO_OUTPUT_RAW,0,0,0,0,0,0,0,0,1000,1000,1000,1000,0,0,0,0,0
2025-12-15 01:07:48.316,SERVO_OUTPUT_RAW,2023509828,SERVO_OUTPUT_RAW,0,0,0,0,0,0,0,0,1000,1000,1000,1000,0,0,0,0,0
2025-12-15 01:07:48.416,SERVO_OUTPUT_RAW,2023609864,SERVO_OUTPUT_RAW,0,0,0,0,0,0,0,0,1000,1000,1000,1000,0,0,0,0,0
2025-12-15 01:07:48.516,SERVO_OUTPUT_RAW,2023709784,SERVO_OUTPUT_RAW,0,0,0,0,0,0,0,0,1000,1000,1000,1000,0,0,0,0,0
2025-12-15 01:07:48.615,SERVO_OUTPUT_RAW,2023809785,SERVO_OUTPUT_RAW,0,0,0,0,0,0,0,0,1000,1000,1000,1000,0,0,0,0,0
2025-12-15 01:07:48.715,SERVO_OUTPUT_RAW,2023909824,SERVO_OUTPUT_RAW,0,0,0,0,0,0,0,0,1000,1000,1000,1000,0,0,0,0,0
2025-12-15 01:07:48.815,SERVO_OUTPUT_RAW,2024009814,SERVO_OUTPUT_RAW,0,0,0,0,0,0,0,0,1000,1000,1000,1000,0,0,0,0,0
2025-12-15 01:07:48.915,SERVO_OUTPUT_RAW,2024109783,SERVO_OUTPUT_RAW,0,0,0,0,0,0,0,0,1000,1000,1000,1000,0,0,0,0,0
2025-12-15 01:07:49.015,SERVO_OUTPUT_RAW,2024209787,SERVO_OUTPUT_RAW,0,0,0,0,0,0,0,0,1000,1000,1000,1000,0,0,0,0,0
2025-12-15 01:07:49.115,SERVO_OUTPUT_RAW,2024309800,SERVO_OUTPUT_RAW,0,0,0,0,0,0,0,0,1000,1000,1000,1000,0,0,0,0,0
2025-12-15 01:07:49.215,SERVO_OUTPUT_RAW,2024409791,SERVO_OUTPUT_RAW,0,0,0,0,0,0,0,0,1000,1000,1000,1000,0,0,0,0,0
2025-12-15 01:07:49.315,SERVO_OUTPUT_RAW,2024509788,SERVO_OUTPUT_RAW,0,0,0,0,0,0,0,0,1000,1000,1000,1000,0,0,0,0,0
2025-12-15 01:07:49.415,SERVO_OUTPUT_RAW,2024609827,SERVO_OUTPUT_RAW,0,0,0,0,0,0,0,0,1000,1000,1000,1000,0,0,0,0,0
2025-12-15 01:07:49.515,SERVO_OUTPUT_RAW,2024709832,SERVO_OUTPUT_RAW,0,0,0,0,0,0,0,0,1000,1000,1000,1000,0,0,0,0,0
2025-12-15 01:07:49.616,SERVO_OUTPUT_RAW,2024809803,SERVO_OUTPUT_RAW,0,0,0,0,0,0,0,0,1000,1000,1000,1000,0,0,0,0,0
2025-12-15 01:07:49.715,SERVO_OUTPUT_RAW,2024909801,SERVO_OUTPUT_RAW,0,0,0,0,0,0,0,0,1000,1000,1000,1000,0,0,0,0,0
2025-12-15 01:07:49.815,SERVO_OUTPUT_RAW,2025009816,SERVO_OUTPUT_RAW,0,0,0,0,0,0,0,0,1000,1000,1000,1000,0,0,0,0,0
2025-12-15 01:07:49.915,SERVO_OUTPUT_RAW,2025109843,SERVO_OUTPUT_RAW,0,0,0,0,0,0,0,0,1000,1000,1000,1000,0,0,0,0,0
2025-12-15 01:07:50.015,SERVO_OUTPUT_RAW,2025209860,SERVO_OUTPUT_RAW,0,0,0,0,0,0,0,0,1000,1000,1000,1000,0,0,0,0,0
2025-12-15 01:07:50.116,SERVO_OUTPUT_RAW,2025309908,SERVO_OUTPUT_RAW,0,0,0,0,0,0,0,0,1000,1000,1000,1000,0,0,0,0,0
2025-12-15 01:07:50.215,SERVO_OUTPUT_RAW,2025409814,SERVO_OUTPUT_RAW,0,0,0,0,0,0,0,0,1000,1000,1000,1000,0,0,0,0,0
2025-12-15 01:07:50.315,SERVO_OUTPUT_RAW,2025509819,SERVO_OUTPUT_RAW,0,0,0,0,0,0,0,0,1000,1000,1000,1000,0,0,0,0,0
2025-12-15 01:07:50.416,SERVO_OUTPUT_RAW,2025609782,SERVO_OUTPUT_RAW,0,0,0,0,0,0,0,0,1000,1000,1000,1000,0,0,0,0,0
2025-12-15 01:07:50.515,SERVO_OUTPUT_RAW,2025709777,SERVO_OUTPUT_RAW,0,0,0,0,0,0,0,0,1000,1000,1000,1000,0,0,0,0,0
2025-12-15 01:07:50.615,SERVO_OUTPUT_RAW,2025809782,SERVO_OUTPUT_RAW,0,0,0,0,0,0,0,0,1000,1000,1000,1000,0,0,0,0,0
2025-12-15 01:07:50.715,SERVO_OUTPUT_RAW,2025909804,SERVO_OUTPUT_RAW,0,0,0,0,0,0,0,0,1000,1000,1000,1000,0,0,0,0,0
2025-12-15 01:07:50.815,SERVO_OUTPUT_RAW,2026009783,SERVO_OUTPUT_RAW,0,0,0,0,0,0,0,0,1000,1000,1000,1000,0,0,0,0,0
2025-12-15 01:07:50.915,SERVO_OUTPUT_RAW,2026109797,SERVO_OUTPUT_RAW,0,0,0,0,0,0,0,0,1000,1000,1000,1000,0,0,0,0,0
2025-12-15 01:07:51.015,SERVO_OUTPUT_RAW,2026209833,SERVO_OUTPUT_RAW,0,0,0,0,0,0,0,0,1000,1000,1000,1000,0,0,0,0,0
2025-12-15 01:07:51.115,SERVO_OUTPUT_RAW,2026309845,SERVO_OUTPUT_RAW,0,0,0,0,0,0,0,0,1000,1000,1000,1000,0,0,0,0,0
2025-12-15 01:07:51.215,SERVO_OUTPUT_RAW,2026409811,SERVO_OUTPUT_RAW,0,0,0,0,0,0,0,0,1000,1000,1000,1000,0,0,0,0,0
2025-12-15 01:07:51.315,SERVO_OUTPUT_RAW,2026509888,SERVO_OUTPUT_RAW,0,0,0,0,0,0,0,0,1000,1000,1000,1000,0,0,0,0,0
2025-12-15 01:07:51.415,SERVO_OUTPUT_RAW,2026609818,SERVO_OUTPUT_RAW,0,0,0,0,0,0,0,0,1000,1000,1000,1000,0,0,0,0,0
2025-12-15 01:07:51.515,SERVO_OUTPUT_RAW,2026709843,SERVO_OUTPUT_RAW,0,0,0,0,0,0,0,0,1000,1000,1000,1000,0,0,0,0,0
2025-12-15 01:07:51.615,SERVO_OUTPUT_RAW,2026809776,SERVO_OUTPUT_RAW,0,0,0,0,0,0,0,0,1000,1000,1000,1000,0,0,0,0,0
2025-12-15 01:07:51.715,SERVO_OUTPUT_RAW,2026909788,SERVO_OUTPUT_RAW,0,0,0,0,0,0,0,0,1000,1000,1000,1000,0,0,0,0,0
2025-12-15 01:07:51.815,SERVO_OUTPUT_RAW,2027009821,SERVO_OUTPUT_RAW,0,0,0,0,0,0,0,0,1000,1000,1000,1000,0,0,0,0,0
2025-12-15 01:07:51.915,SERVO_OUTPUT_RAW,2027109814,SERVO_OUTPUT_RAW,0,0,0,0,0,0,0,0,1000,1000,1000,1000,0,0,0,0,0
2025-12-15 01:07:52.015,SERVO_OUTPUT_RAW,2027209781,SERVO_OUTPUT_RAW,0,0,0,0,0,0,0,0,1000,1000,1000,1000,0,0,0,0,0
2025-12-15 01:07:52.115,SERVO_OUTPUT_RAW,2027309781,SERVO_OUTPUT_RAW,0,0,0,0,0,0,0,0,1000,1000,1000,1000,0,0,0,0,0
2025-12-15 01:07:52.215,SERVO_OUTPUT_RAW,2027409876,SERVO_OUTPUT_RAW,0,0,0,0,0,0,0,0,1000,1000,1000,1000,0,0,0,0,0
2025-12-15 01:07:52.315,SERVO_OUTPUT_RAW,2027509808,SERVO_OUTPUT_RAW,0,0,0,0,0,0,0,0,1000,1000,1000,1000,0,0,0,0,0
2025-12-15 01:07:52.415,SERVO_OUTPUT_RAW,2027609789,SERVO_OUTPUT_RAW,0,0,0,0,0,0,0,0,1000,1000,1000,1000,0,0,0,0,0
2025-12-15 01:07:52.516,SERVO_OUTPUT_RAW,2027709805,SERVO_OUTPUT_RAW,0,0,0,0,0,0,0,0,1000,1000,1000,1000,0,0,0,0,0
2025-12-15 01:07:52.615,SERVO_OUTPUT_RAW,2027809869,SERVO_OUTPUT_RAW,0,0,0,0,0,0,0,0,1000,1000,1000,1000,0,0,0,0,0
2025-12-15 01:07:52.715,SERVO_OUTPUT_RAW,2027912130,SERVO_OUTPUT_RAW,0,0,0,0,0,0,0,0,1000,1000,1000,1000,0,0,0,0,0
2025-12-15 01:07:52.815,SERVO_OUTPUT_RAW,2028009811,SERVO_OUTPUT_RAW,0,0,0,0,0,0,0,0,1000,1000,1000,1000,0,0,0,0,0
2025-12-15 01:07:52.915,SERVO_OUTPUT_RAW,2028109805,SERVO_OUTPUT_RAW,0,0,0,0,0,0,0,0,1000,1000,1000,1000,0,0,0,0,0
2025-12-15 01:07:53.016,SERVO_OUTPUT_RAW,2028209847,SERVO_OUTPUT_RAW,0,0,0,0,0,0,0,0,1000,1000,1000,1000,0,0,0,0,0
2025-12-15 01:07:53.116,SERVO_OUTPUT_RAW,2028309845,SERVO_OUTPUT_RAW,0,0,0,0,0,0,0,0,1000,1000,1000,1000,0,0,0,0,0
2025-12-15 01:07:53.216,SERVO_OUTPUT_RAW,2028409779,SERVO_OUTPUT_RAW,0,0,0,0,0,0,0,0,1000,1000,1000,1000,0,0,0,0,0
2025-12-15 01:07:53.316,SERVO_OUTPUT_RAW,2028509798,SERVO_OUTPUT_RAW,0,0,0,0,0,0,0,0,1000,1000,1000,1000,0,0,0,0,0
2025-12-15 01:07:53.415,SERVO_OUTPUT_RAW,2028609810,SERVO_OUTPUT_RAW,0,0,0,0,0,0,0,0,1000,1000,1000,1000,0,0,0,0,0
2025-12-15 01:07:53.516,SERVO_OUTPUT_RAW,2028709781,SERVO_OUTPUT_RAW,0,0,0,0,0,0,0,0,1000,1000,1000,1000,0,0,0,0,0
2025-12-15 01:07:53.616,SERVO_OUTPUT_RAW,2028809805,SERVO_OUTPUT_RAW,0,0,0,0,0,0,0,0,1000,1000,1000,1000,0,0,0,0,0
2025-12-15 01:07:53.715,SERVO_OUTPUT_RAW,2028909787,SERVO_OUTPUT_RAW,0,0,0,0,0,0,0,0,1000,1000,1000,1000,0,0,0,0,0
2025-12-15 01:07:53.815,SERVO_OUTPUT_RAW,2029009785,SERVO_OUTPUT_RAW,0,0,0,0,0,0,0,0,1000,1000,1000,1000,0,0,0,0,0
2025-12-15 01:07:53.916,SERVO_OUTPUT_RAW,2029109785,SERVO_OUTPUT_RAW,0,0,0,0,0,0,0,0,1000,1000,1000,1000,0,0,0,0,0
2025-12-15 01:07:54.016,SERVO_OUTPUT_RAW,2029209788,SERVO_OUTPUT_RAW,0,0,0,0,0,0,0,0,1000,1000,1000,1000,0,0,0,0,0
2025-12-15 01:07:54.115,SERVO_OUTPUT_RAW,2029309847,SERVO_OUTPUT_RAW,0,0,0,0,0,0,0,0,1000,1000,1000,1000,0,0,0,0,0
2025-12-15 01:07:54.216,SERVO_OUTPUT_RAW,2029412140,SERVO_OUTPUT_RAW,0,0,0,0,0,0,0,0,1000,1000,1000,1000,0,0,0,0,0
2025-12-15 01:07:54.316,SERVO_OUTPUT_RAW,2029512158,SERVO_OUTPUT_RAW,0,0,0,0,0,0,0,0,1000,1000,1000,1000,0,0,0,0,0
2025-12-15 01:07:54.416,SERVO_OUTPUT_RAW,2029609794,SERVO_OUTPUT_RAW,0,0,0,0,0,0,0,0,1000,1000,1000,1000,0,0,0,0,0
2025-12-15 01:07:54.516,SERVO_OUTPUT_RAW,2029709841,SERVO_OUTPUT_RAW,0,0,0,0,0,0,0,0,1000,1000,1000,1000,0,0,0,0,0
2025-12-15 01:07:54.616,SERVO_OUTPUT_RAW,2029809867,SERVO_OUTPUT_RAW,0,0,0,0,0,0,0,0,1000,1000,1000,1000,0,0,0,0,0
2025-12-15 01:07:54.716,SERVO_OUTPUT_RAW,2029909839,SERVO_OUTPUT_RAW,0,0,0,0,0,0,0,0,1000,1000,1000,1000,0,0,0,0,0
2025-12-15 01:07:54.816,SERVO_OUTPUT_RAW,2030009786,SERVO_OUTPUT_RAW,0,0,0,0,0,0,0,0,1000,1000,1000,1000,0,0,0,0,0
2025-12-15 01:07:54.921,SERVO_OUTPUT_RAW,2030109813,SERVO_OUTPUT_RAW,0,0,0,0,0,0,0,0,1000,1000,1000,1000,0,0,0,0,0
2025-12-15 01:07:55.016,SERVO_OUTPUT_RAW,2030209805,SERVO_OUTPUT_RAW,0,0,0,0,0,0,0,0,1000,1000,1000,1000,0,0,0,0,0
2025-12-15 01:07:55.116,SERVO_OUTPUT_RAW,2030309775,SERVO_OUTPUT_RAW,0,0,0,0,0,0,0,0,1000,1000,1000,1000,0,0,0,0,0
2025-12-15 01:07:55.216,SERVO_OUTPUT_RAW,2030409809,SERVO_OUTPUT_RAW,0,0,0,0,0,0,0,0,1000,1000,1000,1000,0,0,0,0,0
2025-12-15 01:07:55.316,SERVO_OUTPUT_RAW,2030509796,SERVO_OUTPUT_RAW,0,0,0,0,0,0,0,0,1000,1000,1000,1000,0,0,0,0,0
2025-12-15 01:07:55.416,SERVO_OUTPUT_RAW,2030609792,SERVO_OUTPUT_RAW,0,0,0,0,0,0,0,0,1000,1000,1000,1000,0,0,0,0,0
2025-12-15 01:07:55.516,SERVO_OUTPUT_RAW,2030712119,SERVO_OUTPUT_RAW,0,0,0,0,0,0,0,0,1000,1000,1000,1000,0,0,0,0,0
2025-12-15 01:07:55.616,SERVO_OUTPUT_RAW,2030809816,SERVO_OUTPUT_RAW,0,0,0,0,0,0,0,0,1000,1000,1000,1000,0,0,0,0,0
2025-12-15 01:07:55.716,SERVO_OUTPUT_RAW,2030909844,SERVO_OUTPUT_RAW,0,0,0,0,0,0,0,0,1000,1000,1000,1000,0,0,0,0,0
2025-12-15 01:07:55.816,SERVO_OUTPUT_RAW,2031009799,SERVO_OUTPUT_RAW,0,0,0,0,0,0,0,0,1000,1000,1000,1000,0,0,0,0,0
2025-12-15 01:07:55.917,SERVO_OUTPUT_RAW,2031109805,SERVO_OUTPUT_RAW,0,0,0,0,0,0,0,0,1000,1000,1000,1000,0,0,0,0,0
2025-12-15 01:07:56.016,SERVO_OUTPUT_RAW,2031209840,SERVO_OUTPUT_RAW,0,0,0,0,0,0,0,0,1000,1000,1000,1000,0,0,0,0,0
2025-12-15 01:07:56.116,SERVO_OUTPUT_RAW,2031309846,SERVO_OUTPUT_RAW,0,0,0,0,0,0,0,0,1000,1000,1000,1000,0,0,0,0,0
2025-12-15 01:07:56.216,SERVO_OUTPUT_RAW,2031409831,SERVO_OUTPUT_RAW,0,0,0,0,0,0,0,0,1000,1000,1000,1000,0,0,0,0,0
2025-12-15 01:07:56.316,SERVO_OUTPUT_RAW,2031509833,SERVO_OUTPUT_RAW,0,0,0,0,0,0,0,0,1000,1000,1000,1000,0,0,0,0,0
2025-12-15 01:07:56.416,SERVO_OUTPUT_RAW,2031612148,SERVO_OUTPUT_RAW,0,0,0,0,0,0,0,0,1000,1000,1000,1000,0,0,0,0,0
2025-12-15 01:07:56.516,SERVO_OUTPUT_RAW,2031709837,SERVO_OUTPUT_RAW,0,0,0,0,0,0,0,0,1000,1000,1000,1000,0,0,0,0,0
2025-12-15 01:07:56.617,SERVO_OUTPUT_RAW,2031809825,SERVO_OUTPUT_RAW,0,0,0,0,0,0,0,0,1000,1000,1000,1000,0,0,0,0,0
2025-12-15 01:07:56.716,SERVO_OUTPUT_RAW,2031909775,SERVO_OUTPUT_RAW,0,0,0,0,0,0,0,0,1000,1000,1000,1000,0,0,0,0,0
2025-12-15 01:07:56.816,SERVO_OUTPUT_RAW,2032009793,SERVO_OUTPUT_RAW,0,0,0,0,0,0,0,0,1000,1000,1000,1000,0,0,0,0,0
2025-12-15 01:07:56.916,SERVO_OUTPUT_RAW,2032109785,SERVO_OUTPUT_RAW,0,0,0,0,0,0,0,0,1000,1000,1000,1000,0,0,0,0,0
2025-12-15 01:07:57.016,SERVO_OUTPUT_RAW,2032209786,SERVO_OUTPUT_RAW,0,0,0,0,0,0,0,0,1000,1000,1000,1000,0,0,0,0,0
2025-12-15 01:07:57.116,SERVO_OUTPUT_RAW,2032309824,SERVO_OUTPUT_RAW,0,0,0,0,0,0,0,0,1000,1000,1000,1000,0,0,0,0,0
2025-12-15 01:07:57.216,SERVO_OUTPUT_RAW,2032409824,SERVO_OUTPUT_RAW,0,0,0,0,0,0,0,0,1000,1000,1000,1000,0,0,0,0,0
2025-12-15 01:07:57.316,SERVO_OUTPUT_RAW,2032509831,SERVO_OUTPUT_RAW,0,0,0,0,0,0,0,0,1000,1000,1000,1000,0,0,0,0,0
2025-12-15 01:07:57.418,SERVO_OUTPUT_RAW,2032609777,SERVO_OUTPUT_RAW,0,0,0,0,0,0,0,0,1000,1000,1000,1000,0,0,0,0,0
2025-12-15 01:07:57.514,SERVO_OUTPUT_RAW,2032709795,SERVO_OUTPUT_RAW,0,0,0,0,0,0,0,0,1000,1000,1000,1000,0,0,0,0,0
2025-12-15 01:07:57.614,SERVO_OUTPUT_RAW,2032809822,SERVO_OUTPUT_RAW,0,0,0,0,0,0,0,0,1000,1000,1000,1000,0,0,0,0,0
2025-12-15 01:07:57.714,SERVO_OUTPUT_RAW,2032909843,SERVO_OUTPUT_RAW,0,0,0,0,0,0,0,0,1000,1000,1000,1000,0,0,0,0,0
2025-12-15 01:07:57.814,SERVO_OUTPUT_RAW,2033009834,SERVO_OUTPUT_RAW,0,0,0,0,0,0,0,0,1000,1000,1000,1000,0,0,0,0,0
2025-12-15 01:07:57.913,SERVO_OUTPUT_RAW,2033109783,SERVO_OUTPUT_RAW,0,0,0,0,0,0,0,0,1000,1000,1000,1000,0,0,0,0,0
2025-12-15 01:07:58.013,SERVO_OUTPUT_RAW,2033209797,SERVO_OUTPUT_RAW,0,0,0,0,0,0,0,0,1000,1000,1000,1000,0,0,0,0,0
2025-12-15 01:07:58.114,SERVO_OUTPUT_RAW,2033309840,SERVO_OUTPUT_RAW,0,0,0,0,0,0,0,0,1000,1000,1000,1000,0,0,0,0,0
2025-12-15 01:07:58.214,SERVO_OUTPUT_RAW,2033409800,SERVO_OUTPUT_RAW,0,0,0,0,0,0,0,0,1000,1000,1000,1000,0,0,0,0,0
2025-12-15 01:07:58.314,SERVO_OUTPUT_RAW,2033509782,SERVO_OUTPUT_RAW,0,0,0,0,0,0,0,0,1000,1000,1000,1000,0,0,0,0,0
2025-12-15 01:07:58.413,SERVO_OUTPUT_RAW,2033609791,SERVO_OUTPUT_RAW,0,0,0,0,0,0,0,0,1000,1000,1000,1000,0,0,0,0,0
2025-12-15 01:07:58.513,SERVO_OUTPUT_RAW,2033709851,SERVO_OUTPUT_RAW,0,0,0,0,0,0,0,0,1000,1000,1000,1000,0,0,0,0,0
2025-12-15 01:07:58.613,SERVO_OUTPUT_RAW,2033809800,SERVO_OUTPUT_RAW,0,0,0,0,0,0,0,0,1000,1000,1000,1000,0,0,0,0,0
2025-12-15 01:07:58.713,SERVO_OUTPUT_RAW,2033909793,SERVO_OUTPUT_RAW,0,0,0,0,0,0,0,0,1000,1000,1000,1000,0,0,0,0,0
2025-12-15 01:07:58.813,SERVO_OUTPUT_RAW,2034009826,SERVO_OUTPUT_RAW,0,0,0,0,0,0,0,0,1000,1000,1000,1000,0,0,0,0,0
2025-12-15 01:07:58.913,SERVO_OUTPUT_RAW,2034109806,SERVO_OUTPUT_RAW,0,0,0,0,0,0,0,0,1000,1000,1000,1000,0,0,0,0,0
2025-12-15 01:07:59.014,SERVO_OUTPUT_RAW,2034212138,SERVO_OUTPUT_RAW,0,0,0,0,0,0,0,0,1000,1000,1000,1000,0,0,0,0,0
2025-12-15 01:07:59.113,SERVO_OUTPUT_RAW,2034309797,SERVO_OUTPUT_RAW,0,0,0,0,0,0,0,0,1000,1000,1000,1000,0,0,0,0,0
2025-12-15 01:07:59.213,SERVO_OUTPUT_RAW,2034409828,SERVO_OUTPUT_RAW,0,0,0,0,0,0,0,0,1000,1000,1000,1000,0,0,0,0,0
2025-12-15 01:07:59.313,SERVO_OUTPUT_RAW,2034509828,SERVO_OUTPUT_RAW,0,0,0,0,0,0,0,0,1000,1000,1000,1000,0,0,0,0,0
2025-12-15 01:07:59.413,SERVO_OUTPUT_RAW,2034609781,SERVO_OUTPUT_RAW,0,0,0,0,0,0,0,0,1000,1000,1000,1000,0,0,0,0,0
2025-12-15 01:07:59.513,SERVO_OUTPUT_RAW,2034709774,SERVO_OUTPUT_RAW,0,0,0,0,0,0,0,0,1000,1000,1000,1000,0,0,0,0,0
2025-12-15 01:07:59.613,SERVO_OUTPUT_RAW,2034809822,SERVO_OUTPUT_RAW,0,0,0,0,0,0,0,0,1000,1000,1000,1000,0,0,0,0,0
2025-12-15 01:07:59.713,SERVO_OUTPUT_RAW,2034909808,SERVO_OUTPUT_RAW,0,0,0,0,0,0,0,0,1000,1000,1000,1000,0,0,0,0,0
2025-12-15 01:07:59.813,SERVO_OUTPUT_RAW,2035009786,SERVO_OUTPUT_RAW,0,0,0,0,0,0,0,0,1000,1000,1000,1000,0,0,0,0,0
2025-12-15 01:07:59.913,SERVO_OUTPUT_RAW,2035109809,SERVO_OUTPUT_RAW,0,0,0,0,0,0,0,0,1000,1000,1000,1000,0,0,0,0,0
2025-12-15 01:08:00.013,SERVO_OUTPUT_RAW,2035209801,SERVO_OUTPUT_RAW,0,0,0,0,0,0,0,0,1000,1000,1000,1000,0,0,0,0,0
2025-12-15 01:08:00.113,SERVO_OUTPUT_RAW,2035309809,SERVO_OUTPUT_RAW,0,0,0,0,0,0,0,0,1000,1000,1000,1000,0,0,0,0,0
2025-12-15 01:08:00.213,SERVO_OUTPUT_RAW,2035409788,SERVO_OUTPUT_RAW,0,0,0,0,0,0,0,0,1000,1000,1000,1000,0,0,0,0,0
2025-12-15 01:08:00.313,SERVO_OUTPUT_RAW,2035509802,SERVO_OUTPUT_RAW,0,0,0,0,0,0,0,0,1000,1000,1000,1000,0,0,0,0,0
2025-12-15 01:08:00.413,SERVO_OUTPUT_RAW,2035609836,SERVO_OUTPUT_RAW,0,0,0,0,0,0,0,0,1000,1000,1000,1000,0,0,0,0,0
2025-12-15 01:08:00.513,SERVO_OUTPUT_RAW,2035709833,SERVO_OUTPUT_RAW,0,0,0,0,0,0,0,0,1000,1000,1000,1000,0,0,0,0,0
2025-12-15 01:08:00.615,SERVO_OUTPUT_RAW,2035812136,SERVO_OUTPUT_RAW,0,0,0,0,0,0,0,0,1000,1000,1000,1000,0,0,0,0,0
2025-12-15 01:08:00.713,SERVO_OUTPUT_RAW,2035909802,SERVO_OUTPUT_RAW,0,0,0,0,0,0,0,0,1000,1000,1000,1000,0,0,0,0,0
2025-12-15 01:08:00.813,SERVO_OUTPUT_RAW,2036009855,SERVO_OUTPUT_RAW,0,0,0,0,0,0,0,0,1000,1000,1000,1000,0,0,0,0,0
2025-12-15 01:08:00.913,SERVO_OUTPUT_RAW,2036109852,SERVO_OUTPUT_RAW,0,0,0,0,0,0,0,0,1000,1000,1000,1000,0,0,0,0,0
2025-12-15 01:08:01.013,SERVO_OUTPUT_RAW,2036209873,SERVO_OUTPUT_RAW,0,0,0,0,0,0,0,0,1000,1000,1000,1000,0,0,0,0,0
2025-12-15 01:08:01.114,SERVO_OUTPUT_RAW,2036309810,SERVO_OUTPUT_RAW,0,0,0,0,0,0,0,0,1000,1000,1000,1000,0,0,0,0,0
2025-12-15 01:08:01.213,SERVO_OUTPUT_RAW,2036409817,SERVO_OUTPUT_RAW,0,0,0,0,0,0,0,0,1000,1000,1000,1000,0,0,0,0,0
2025-12-15 01:08:01.313,SERVO_OUTPUT_RAW,2036509828,SERVO_OUTPUT_RAW,0,0,0,0,0,0,0,0,1000,1000,1000,1000,0,0,0,0,0
2025-12-15 01:08:01.413,SERVO_OUTPUT_RAW,2036609788,SERVO_OUTPUT_RAW,0,0,0,0,0,0,0,0,1000,1000,1000,1000,0,0,0,0,0
2025-12-15 01:08:01.513,SERVO_OUTPUT_RAW,2036709789,SERVO_OUTPUT_RAW,0,0,0,0,0,0,0,0,1000,1000,1000,1000,0,0,0,0,0
2025-12-15 01:08:01.613,SERVO_OUTPUT_RAW,2036809797,SERVO_OUTPUT_RAW,0,0,0,0,0,0,0,0,1000,1000,1000,1000,0,0,0,0,0
2025-12-15 01:08:01.713,SERVO_OUTPUT_RAW,2036909796,SERVO_OUTPUT_RAW,0,0,0,0,0,0,0,0,1000,1000,1000,1000,0,0,0,0,0
2025-12-15 01:08:01.813,SERVO_OUTPUT_RAW,2037009793,SERVO_OUTPUT_RAW,0,0,0,0,0,0,0,0,1000,1000,1000,1000,0,0,0,0,0
2025-12-15 01:08:01.913,SERVO_OUTPUT_RAW,2037109812,SERVO_OUTPUT_RAW,0,0,0,0,0,0,0,0,1000,1000,1000,1000,0,0,0,0,0
2025-12-15 01:08:02.013,SERVO_OUTPUT_RAW,2037209844,SERVO_OUTPUT_RAW,0,0,0,0,0,0,0,0,1000,1000,1000,1000,0,0,0,0,0
2025-12-15 01:08:02.113,SERVO_OUTPUT_RAW,2037309860,SERVO_OUTPUT_RAW,0,0,0,0,0,0,0,0,1000,1000,1000,1000,0,0,0,0,0
2025-12-15 01:08:02.213,SERVO_OUTPUT_RAW,2037409789,SERVO_OUTPUT_RAW,0,0,0,0,0,0,0,0,1000,1000,1000,1000,0,0,0,0,0
2025-12-15 01:08:02.313,SERVO_OUTPUT_RAW,2037509831,SERVO_OUTPUT_RAW,0,0,0,0,0,0,0,0,1000,1000,1000,1000,0,0,0,0,0
2025-12-15 01:08:02.415,SERVO_OUTPUT_RAW,2037609840,SERVO_OUTPUT_RAW,0,0,0,0,0,0,0,0,1000,1000,1000,1000,0,0,0,0,0
2025-12-15 01:08:02.516,SERVO_OUTPUT_RAW,2037709846,SERVO_OUTPUT_RAW,0,0,0,0,0,0,0,0,1000,1000,1000,1000,0,0,0,0,0
2025-12-15 01:08:02.616,SERVO_OUTPUT_RAW,2037809794,SERVO_OUTPUT_RAW,0,0,0,0,0,0,0,0,1000,1000,1000,1000,0,0,0,0,0
2025-12-15 01:08:02.716,SERVO_OUTPUT_RAW,2037909921,SERVO_OUTPUT_RAW,0,0,0,0,0,0,0,0,1000,1000,1000,1000,0,0,0,0,0
2025-12-15 01:08:02.816,SERVO_OUTPUT_RAW,2038009816,SERVO_OUTPUT_RAW,0,0,0,0,0,0,0,0,1000,1000,1000,1000,0,0,0,0,0
2025-12-15 01:08:02.916,SERVO_OUTPUT_RAW,2038109791,SERVO_OUTPUT_RAW,0,0,0,0,0,0,0,0,1000,1000,1000,1000,0,0,0,0,0
2025-12-15 01:08:03.016,SERVO_OUTPUT_RAW,2038209795,SERVO_OUTPUT_RAW,0,0,0,0,0,0,0,0,1000,1000,1000,1000,0,0,0,0,0
2025-12-15 01:08:03.116,SERVO_OUTPUT_RAW,2038309803,SERVO_OUTPUT_RAW,0,0,0,0,0,0,0,0,1000,1000,1000,1000,0,0,0,0,0
2025-12-15 01:08:03.216,SERVO_OUTPUT_RAW,2038409790,SERVO_OUTPUT_RAW,0,0,0,0,0,0,0,0,1000,1000,1000,1000,0,0,0,0,0
2025-12-15 01:08:03.316,SERVO_OUTPUT_RAW,2038512123,SERVO_OUTPUT_RAW,0,0,0,0,0,0,0,0,1000,1000,1000,1000,0,0,0,0,0
2025-12-15 01:08:03.416,SERVO_OUTPUT_RAW,2038609789,SERVO_OUTPUT_RAW,0,0,0,0,0,0,0,0,1000,1000,1000,1000,0,0,0,0,0
2025-12-15 01:08:03.516,SERVO_OUTPUT_RAW,2038709840,SERVO_OUTPUT_RAW,0,0,0,0,0,0,0,0,1000,1000,1000,1000,0,0,0,0,0
2025-12-15 01:08:03.616,SERVO_OUTPUT_RAW,2038809843,SERVO_OUTPUT_RAW,0,0,0,0,0,0,0,0,1000,1000,1000,1000,0,0,0,0,0
2025-12-15 01:08:03.716,SERVO_OUTPUT_RAW,2038909786,SERVO_OUTPUT_RAW,0,0,0,0,0,0,0,0,1000,1000,1000,1000,0,0,0,0,0
2025-12-15 01:08:03.816,SERVO_OUTPUT_RAW,2039009802,SERVO_OUTPUT_RAW,0,0,0,0,0,0,0,0,1000,1000,1000,1000,0,0,0,0,0
2025-12-15 01:08:03.916,SERVO_OUTPUT_RAW,2039109864,SERVO_OUTPUT_RAW,0,0,0,0,0,0,0,0,1000,1000,1000,1000,0,0,0,0,0
2025-12-15 01:08:04.016,SERVO_OUTPUT_RAW,2039209845,SERVO_OUTPUT_RAW,0,0,0,0,0,0,0,0,1000,1000,1000,1000,0,0,0,0,0
2025-12-15 01:08:04.116,SERVO_OUTPUT_RAW,2039309829,SERVO_OUTPUT_RAW,0,0,0,0,0,0,0,0,1000,1000,1000,1000,0,0,0,0,0
2025-12-15 01:08:04.216,SERVO_OUTPUT_RAW,2039409803,SERVO_OUTPUT_RAW,0,0,0,0,0,0,0,0,1000,1000,1000,1000,0,0,0,0,0
2025-12-15 01:08:04.316,SERVO_OUTPUT_RAW,2039509816,SERVO_OUTPUT_RAW,0,0,0,0,0,0,0,0,1000,1000,1000,1000,0,0,0,0,0
2025-12-15 01:08:04.416,SERVO_OUTPUT_RAW,2039609830,SERVO_OUTPUT_RAW,0,0,0,0,0,0,0,0,1000,1000,1000,1000,0,0,0,0,0
2025-12-15 01:08:04.516,SERVO_OUTPUT_RAW,2039709778,SERVO_OUTPUT_RAW,0,0,0,0,0,0,0,0,1000,1000,1000,1000,0,0,0,0,0
2025-12-15 01:08:04.616,SERVO_OUTPUT_RAW,2039809779,SERVO_OUTPUT_RAW,0,0,0,0,0,0,0,0,1000,1000,1000,1000,0,0,0,0,0
2025-12-15 01:08:04.716,SERVO_OUTPUT_RAW,2039909796,SERVO_OUTPUT_RAW,0,0,0,0,0,0,0,0,1000,1000,1000,1000,0,0,0,0,0
2025-12-15 01:08:04.816,SERVO_OUTPUT_RAW,2040009849,SERVO_OUTPUT_RAW,0,0,0,0,0,0,0,0,1000,1000,1000,1000,0,0,0,0,0
2025-12-15 01:08:04.917,SERVO_OUTPUT_RAW,2040109803,SERVO_OUTPUT_RAW,0,0,0,0,0,0,0,0,1000,1000,1000,1000,0,0,0,0,0
2025-12-15 01:08:05.016,SERVO_OUTPUT_RAW,2040209837,SERVO_OUTPUT_RAW,0,0,0,0,0,0,0,0,1000,1000,1000,1000,0,0,0,0,0
2025-12-15 01:08:05.117,SERVO_OUTPUT_RAW,2040309840,SERVO_OUTPUT_RAW,0,0,0,0,0,0,0,0,1000,1000,1000,1000,0,0,0,0,0
2025-12-15 01:08:05.216,SERVO_OUTPUT_RAW,2040409854,SERVO_OUTPUT_RAW,0,0,0,0,0,0,0,0,1000,1000,1000,1000,0,0,0,0,0
2025-12-15 01:08:05.316,SERVO_OUTPUT_RAW,2040509898,SERVO_OUTPUT_RAW,0,0,0,0,0,0,0,0,1000,1000,1000,1000,0,0,0,0,0
2025-12-15 01:08:05.416,SERVO_OUTPUT_RAW,2040609821,SERVO_OUTPUT_RAW,0,0,0,0,0,0,0,0,1000,1000,1000,1000,0,0,0,0,0
2025-12-15 01:08:05.517,SERVO_OUTPUT_RAW,2040709853,SERVO_OUTPUT_RAW,0,0,0,0,0,0,0,0,1000,1000,1000,1000,0,0,0,0,0
2025-12-15 01:08:05.616,SERVO_OUTPUT_RAW,2040809830,SERVO_OUTPUT_RAW,0,0,0,0,0,0,0,0,1000,1000,1000,1000,0,0,0,0,0
2025-12-15 01:08:05.716,SERVO_OUTPUT_RAW,2040909787,SERVO_OUTPUT_RAW,0,0,0,0,0,0,0,0,1000,1000,1000,1000,0,0,0,0,0
2025-12-15 01:08:05.816,SERVO_OUTPUT_RAW,2041009804,SERVO_OUTPUT_RAW,0,0,0,0,0,0,0,0,1000,1000,1000,1000,0,0,0,0,0
2025-12-15 01:08:05.916,SERVO_OUTPUT_RAW,2041109804,SERVO_OUTPUT_RAW,0,0,0,0,0,0,0,0,1000,1000,1000,1000,0,0,0,0,0
2025-12-15 01:08:06.016,SERVO_OUTPUT_RAW,2041209782,SERVO_OUTPUT_RAW,0,0,0,0,0,0,0,0,1000,1000,1000,1000,0,0,0,0,0
2025-12-15 01:08:06.116,SERVO_OUTPUT_RAW,2041309782,SERVO_OUTPUT_RAW,0,0,0,0,0,0,0,0,1000,1000,1000,1000,0,0,0,0,0
2025-12-15 01:08:06.216,SERVO_OUTPUT_RAW,2041409813,SERVO_OUTPUT_RAW,0,0,0,0,0,0,0,0,1000,1000,1000,1000,0,0,0,0,0
2025-12-15 01:08:06.316,SERVO_OUTPUT_RAW,2041509794,SERVO_OUTPUT_RAW,0,0,0,0,0,0,0,0,1000,1000,1000,1000,0,0,0,0,0
2025-12-15 01:08:06.415,SERVO_OUTPUT_RAW,2041609787,SERVO_OUTPUT_RAW,0,0,0,0,0,0,0,0,1000,1000,1000,1000,0,0,0,0,0
2025-12-15 01:08:06.517,SERVO_OUTPUT_RAW,2041709812,SERVO_OUTPUT_RAW,0,0,0,0,0,0,0,0,1000,1000,1000,1000,0,0,0,0,0
2025-12-15 01:08:06.616,SERVO_OUTPUT_RAW,2041812145,SERVO_OUTPUT_RAW,0,0,0,0,0,0,0,0,1000,1000,1000,1000,0,0,0,0,0
2025-12-15 01:08:06.716,SERVO_OUTPUT_RAW,2041909832,SERVO_OUTPUT_RAW,0,0,0,0,0,0,0,0,1000,1000,1000,1000,0,0,0,0,0
2025-12-15 01:08:06.816,SERVO_OUTPUT_RAW,2042009892,SERVO_OUTPUT_RAW,0,0,0,0,0,0,0,0,1000,1000,1000,1000,0,0,0,0,0
2025-12-15 01:08:06.916,SERVO_OUTPUT_RAW,2042112124,SERVO_OUTPUT_RAW,0,0,0,0,0,0,0,0,1000,1000,1000,1000,0,0,0,0,0
2025-12-15 01:08:07.016,SERVO_OUTPUT_RAW,2042209821,SERVO_OUTPUT_RAW,0,0,0,0,0,0,0,0,1000,1000,1000,1000,0,0,0,0,0
2025-12-15 01:08:07.116,SERVO_OUTPUT_RAW,2042309864,SERVO_OUTPUT_RAW,0,0,0,0,0,0,0,0,1000,1000,1000,1000,0,0,0,0,0
2025-12-15 01:08:07.216,SERVO_OUTPUT_RAW,2042409809,SERVO_OUTPUT_RAW,0,0,0,0,0,0,0,0,1000,1000,1000,1000,0,0,0,0,0
2025-12-15 01:08:07.316,SERVO_OUTPUT_RAW,2042509780,SERVO_OUTPUT_RAW,0,0,0,0,0,0,0,0,1000,1000,1000,1000,0,0,0,0,0
2025-12-15 01:08:07.416,SERVO_OUTPUT_RAW,2042609808,SERVO_OUTPUT_RAW,0,0,0,0,0,0,0,0,1000,1000,1000,1000,0,0,0,0,0
2025-12-15 01:08:07.517,SERVO_OUTPUT_RAW,2042709827,SERVO_OUTPUT_RAW,0,0,0,0,0,0,0,0,1000,1000,1000,1000,0,0,0,0,0
2025-12-15 01:08:07.616,SERVO_OUTPUT_RAW,2042809777,SERVO_OUTPUT_RAW,0,0,0,0,0,0,0,0,1000,1000,1000,1000,0,0,0,0,0
2025-12-15 01:08:07.716,SERVO_OUTPUT_RAW,2042909785,SERVO_OUTPUT_RAW,0,0,0,0,0,0,0,0,1000,1000,1000,1000,0,0,0,0,0
2025-12-15 01:08:07.815,SERVO_OUTPUT_RAW,2043009798,SERVO_OUTPUT_RAW,0,0,0,0,0,0,0,0,1000,1000,1000,1000,0,0,0,0,0
2025-12-15 01:08:07.915,SERVO_OUTPUT_RAW,2043109780,SERVO_OUTPUT_RAW,0,0,0,0,0,0,0,0,1000,1000,1000,1000,0,0,0,0,0
2025-12-15 01:08:08.015,SERVO_OUTPUT_RAW,2043209797,SERVO_OUTPUT_RAW,0,0,0,0,0,0,0,0,1000,1000,1000,1000,0,0,0,0,0
2025-12-15 01:08:08.115,SERVO_OUTPUT_RAW,2043309825,SERVO_OUTPUT_RAW,0,0,0,0,0,0,0,0,1000,1000,1000,1000,0,0,0,0,0
2025-12-15 01:08:08.215,SERVO_OUTPUT_RAW,2043409828,SERVO_OUTPUT_RAW,0,0,0,0,0,0,0,0,1000,1000,1000,1000,0,0,0,0,0
2025-12-15 01:08:08.315,SERVO_OUTPUT_RAW,2043509842,SERVO_OUTPUT_RAW,0,0,0,0,0,0,0,0,1000,1000,1000,1000,0,0,0,0,0
2025-12-15 01:08:08.415,SERVO_OUTPUT_RAW,2043609807,SERVO_OUTPUT_RAW,0,0,0,0,0,0,0,0,1000,1000,1000,1000,0,0,0,0,0
2025-12-15 01:08:08.515,SERVO_OUTPUT_RAW,2043709814,SERVO_OUTPUT_RAW,0,0,0,0,0,0,0,0,1000,1000,1000,1000,0,0,0,0,0
2025-12-15 01:08:08.615,SERVO_OUTPUT_RAW,2043809836,SERVO_OUTPUT_RAW,0,0,0,0,0,0,0,0,1000,1000,1000,1000,0,0,0,0,0
2025-12-15 01:08:08.715,SERVO_OUTPUT_RAW,2043909849,SERVO_OUTPUT_RAW,0,0,0,0,0,0,0,0,1000,1000,1000,1000,0,0,0,0,0
2025-12-15 01:08:08.815,SERVO_OUTPUT_RAW,2044009822,SERVO_OUTPUT_RAW,0,0,0,0,0,0,0,0,1000,1000,1000,1000,0,0,0,0,0
2025-12-15 01:08:08.915,SERVO_OUTPUT_RAW,2044109799,SERVO_OUTPUT_RAW,0,0,0,0,0,0,0,0,1000,1000,1000,1000,0,0,0,0,0
2025-12-15 01:08:09.015,SERVO_OUTPUT_RAW,2044209947,SERVO_OUTPUT_RAW,0,0,0,0,0,0,0,0,1000,1000,1000,1000,0,0,0,0,0
2025-12-15 01:08:09.116,SERVO_OUTPUT_RAW,2044309843,SERVO_OUTPUT_RAW,0,0,0,0,0,0,0,0,1000,1000,1000,1000,0,0,0,0,0
2025-12-15 01:08:09.216,SERVO_OUTPUT_RAW,2044409772,SERVO_OUTPUT_RAW,0,0,0,0,0,0,0,0,1000,1000,1000,1000,0,0,0,0,0
2025-12-15 01:08:09.316,SERVO_OUTPUT_RAW,2044509774,SERVO_OUTPUT_RAW,0,0,0,0,0,0,0,0,1000,1000,1000,1000,0,0,0,0,0
2025-12-15 01:08:09.416,SERVO_OUTPUT_RAW,2044609788,SERVO_OUTPUT_RAW,0,0,0,0,0,0,0,0,1000,1000,1000,1000,0,0,0,0,0
2025-12-15 01:08:09.516,SERVO_OUTPUT_RAW,2044712105,SERVO_OUTPUT_RAW,0,0,0,0,0,0,0,0,1000,1000,1000,1000,0,0,0,0,0
2025-12-15 01:08:09.616,SERVO_OUTPUT_RAW,2044809790,SERVO_OUTPUT_RAW,0,0,0,0,0,0,0,0,1000,1000,1000,1000,0,0,0,0,0
2025-12-15 01:08:09.716,SERVO_OUTPUT_RAW,2044909848,SERVO_OUTPUT_RAW,0,0,0,0,0,0,0,0,1000,1000,1000,1000,0,0,0,0,0
2025-12-15 01:08:09.816,SERVO_OUTPUT_RAW,2045009842,SERVO_OUTPUT_RAW,0,0,0,0,0,0,0,0,1000,1000,1000,1000,0,0,0,0,0
2025-12-15 01:08:09.921,SERVO_OUTPUT_RAW,2045109848,SERVO_OUTPUT_RAW,0,0,0,0,0,0,0,0,1000,1000,1000,1000,0,0,0,0,0
2025-12-15 01:08:10.016,SERVO_OUTPUT_RAW,2045209829,SERVO_OUTPUT_RAW,0,0,0,0,0,0,0,0,1000,1000,1000,1000,0,0,0,0,0
2025-12-15 01:08:10.116,SERVO_OUTPUT_RAW,2045309841,SERVO_OUTPUT_RAW,0,0,0,0,0,0,0,0,1000,1000,1000,1000,0,0,0,0,0
2025-12-15 01:08:10.216,SERVO_OUTPUT_RAW,2045409844,SERVO_OUTPUT_RAW,0,0,0,0,0,0,0,0,1000,1000,1000,1000,0,0,0,0,0
2025-12-15 01:08:10.316,SERVO_OUTPUT_RAW,2045509838,SERVO_OUTPUT_RAW,0,0,0,0,0,0,0,0,1000,1000,1000,1000,0,0,0,0,0
2025-12-15 01:08:10.416,SERVO_OUTPUT_RAW,2045609789,SERVO_OUTPUT_RAW,0,0,0,0,0,0,0,0,1000,1000,1000,1000,0,0,0,0,0
2025-12-15 01:08:10.516,SERVO_OUTPUT_RAW,2045709812,SERVO_OUTPUT_RAW,0,0,0,0,0,0,0,0,1000,1000,1000,1000,0,0,0,0,0
2025-12-15 01:08:10.616,SERVO_OUTPUT_RAW,2045809811,SERVO_OUTPUT_RAW,0,0,0,0,0,0,0,0,1000,1000,1000,1000,0,0,0,0,0
2025-12-15 01:08:10.716,SERVO_OUTPUT_RAW,2045909837,SERVO_OUTPUT_RAW,0,0,0,0,0,0,0,0,1000,1000,1000,1000,0,0,0,0,0
2025-12-15 01:08:10.816,SERVO_OUTPUT_RAW,2046009775,SERVO_OUTPUT_RAW,0,0,0,0,0,0,0,0,1000,1000,1000,1000,0,0,0,0,0
2025-12-15 01:08:10.916,SERVO_OUTPUT_RAW,2046109790,SERVO_OUTPUT_RAW,0,0,0,0,0,0,0,0,1000,1000,1000,1000,0,0,0,0,0
2025-12-15 01:08:11.016,SERVO_OUTPUT_RAW,2046209788,SERVO_OUTPUT_RAW,0,0,0,0,0,0,0,0,1000,1000,1000,1000,0,0,0,0,0
2025-12-15 01:08:11.116,SERVO_OUTPUT_RAW,2046309855,SERVO_OUTPUT_RAW,0,0,0,0,0,0,0,0,1000,1000,1000,1000,0,0,0,0,0
2025-12-15 01:08:11.216,SERVO_OUTPUT_RAW,2046412141,SERVO_OUTPUT_RAW,0,0,0,0,0,0,0,0,1000,1000,1000,1000,0,0,0,0,0
2025-12-15 01:08:11.316,SERVO_OUTPUT_RAW,2046509821,SERVO_OUTPUT_RAW,0,0,0,0,0,0,0,0,1000,1000,1000,1000,0,0,0,0,0
2025-12-15 01:08:11.416,SERVO_OUTPUT_RAW,2046609848,SERVO_OUTPUT_RAW,0,0,0,0,0,0,0,0,1000,1000,1000,1000,0,0,0,0,0
2025-12-15 01:08:11.516,SERVO_OUTPUT_RAW,2046709861,SERVO_OUTPUT_RAW,0,0,0,0,0,0,0,0,1000,1000,1000,1000,0,0,0,0,0
2025-12-15 01:08:11.616,SERVO_OUTPUT_RAW,2046809819,SERVO_OUTPUT_RAW,0,0,0,0,0,0,0,0,1000,1000,1000,1000,0,0,0,0,0
2025-12-15 01:08:11.716,SERVO_OUTPUT_RAW,2046909822,SERVO_OUTPUT_RAW,0,0,0,0,0,0,0,0,1000,1000,1000,1000,0,0,0,0,0
2025-12-15 01:08:11.816,SERVO_OUTPUT_RAW,2047009835,SERVO_OUTPUT_RAW,0,0,0,0,0,0,0,0,1000,1000,1000,1000,0,0,0,0,0
2025-12-15 01:08:11.916,SERVO_OUTPUT_RAW,2047109830,SERVO_OUTPUT_RAW,0,0,0,0,0,0,0,0,1000,1000,1000,1000,0,0,0,0,0
2025-12-15 01:08:12.016,SERVO_OUTPUT_RAW,2047209866,SERVO_OUTPUT_RAW,0,0,0,0,0,0,0,0,1000,1000,1000,1000,0,0,0,0,0
2025-12-15 01:08:12.116,SERVO_OUTPUT_RAW,2047309821,SERVO_OUTPUT_RAW,0,0,0,0,0,0,0,0,1000,1000,1000,1000,0,0,0,0,0
2025-12-15 01:08:12.216,SERVO_OUTPUT_RAW,2047409821,SERVO_OUTPUT_RAW,0,0,0,0,0,0,0,0,1000,1000,1000,1000,0,0,0,0,0
2025-12-15 01:08:12.316,SERVO_OUTPUT_RAW,2047509779,SERVO_OUTPUT_RAW,0,0,0,0,0,0,0,0,1000,1000,1000,1000,0,0,0,0,0
2025-12-15 01:08:12.421,SERVO_OUTPUT_RAW,2047609783,SERVO_OUTPUT_RAW,0,0,0,0,0,0,0,0,1000,1000,1000,1000,0,0,0,0,0
2025-12-15 01:08:12.516,SERVO_OUTPUT_RAW,2047709814,SERVO_OUTPUT_RAW,0,0,0,0,0,0,0,0,1000,1000,1000,1000,0,0,0,0,0
2025-12-15 01:08:12.615,SERVO_OUTPUT_RAW,2047809800,SERVO_OUTPUT_RAW,0,0,0,0,0,0,0,0,1000,1000,1000,1000,0,0,0,0,0
2025-12-15 01:08:12.717,SERVO_OUTPUT_RAW,2047909783,SERVO_OUTPUT_RAW,0,0,0,0,0,0,0,0,1000,1000,1000,1000,0,0,0,0,0
2025-12-15 01:08:12.817,SERVO_OUTPUT_RAW,2048009807,SERVO_OUTPUT_RAW,0,0,0,0,0,0,0,0,1000,1000,1000,1000,0,0,0,0,0
2025-12-15 01:08:12.917,SERVO_OUTPUT_RAW,2048109846,SERVO_OUTPUT_RAW,0,0,0,0,0,0,0,0,1000,1000,1000,1000,0,0,0,0,0
2025-12-15 01:08:13.016,SERVO_OUTPUT_RAW,2048209866,SERVO_OUTPUT_RAW,0,0,0,0,0,0,0,0,1000,1000,1000,1000,0,0,0,0,0
2025-12-15 01:08:13.116,SERVO_OUTPUT_RAW,2048309802,SERVO_OUTPUT_RAW,0,0,0,0,0,0,0,0,1000,1000,1000,1000,0,0,0,0,0
2025-12-15 01:08:13.216,SERVO_OUTPUT_RAW,2048412089,SERVO_OUTPUT_RAW,0,0,0,0,0,0,0,0,1000,1000,1000,1000,0,0,0,0,0
2025-12-15 01:08:13.316,SERVO_OUTPUT_RAW,2048509835,SERVO_OUTPUT_RAW,0,0,0,0,0,0,0,0,1000,1000,1000,1000,0,0,0,0,0
2025-12-15 01:08:13.417,SERVO_OUTPUT_RAW,2048609860,SERVO_OUTPUT_RAW,0,0,0,0,0,0,0,0,1000,1000,1000,1000,0,0,0,0,0
2025-12-15 01:08:13.516,SERVO_OUTPUT_RAW,2048709789,SERVO_OUTPUT_RAW,0,0,0,0,0,0,0,0,1000,1000,1000,1000,0,0,0,0,0
2025-12-15 01:08:13.616,SERVO_OUTPUT_RAW,2048809802,SERVO_OUTPUT_RAW,0,0,0,0,0,0,0,0,1000,1000,1000,1000,0,0,0,0,0
2025-12-15 01:08:13.716,SERVO_OUTPUT_RAW,2048909823,SERVO_OUTPUT_RAW,0,0,0,0,0,0,0,0,1000,1000,1000,1000,0,0,0,0,0
2025-12-15 01:08:13.816,SERVO_OUTPUT_RAW,2049009799,SERVO_OUTPUT_RAW,0,0,0,0,0,0,0,0,1000,1000,1000,1000,0,0,0,0,0
2025-12-15 01:08:13.916,SERVO_OUTPUT_RAW,2049109780,SERVO_OUTPUT_RAW,0,0,0,0,0,0,0,0,1000,1000,1000,1000,0,0,0,0,0
2025-12-15 01:08:14.016,SERVO_OUTPUT_RAW,2049209790,SERVO_OUTPUT_RAW,0,0,0,0,0,0,0,0,1000,1000,1000,1000,0,0,0,0,0
2025-12-15 01:08:14.116,SERVO_OUTPUT_RAW,2049309794,SERVO_OUTPUT_RAW,0,0,0,0,0,0,0,0,1000,1000,1000,1000,0,0,0,0,0
2025-12-15 01:08:14.216,SERVO_OUTPUT_RAW,2049409790,SERVO_OUTPUT_RAW,0,0,0,0,0,0,0,0,1000,1000,1000,1000,0,0,0,0,0
2025-12-15 01:08:14.317,SERVO_OUTPUT_RAW,2049509821,SERVO_OUTPUT_RAW,0,0,0,0,0,0,0,0,1000,1000,1000,1000,0,0,0,0,0
2025-12-15 01:08:14.416,SERVO_OUTPUT_RAW,2049609829,SERVO_OUTPUT_RAW,0,0,0,0,0,0,0,0,1000,1000,1000,1000,0,0,0,0,0
2025-12-15 01:08:14.516,SERVO_OUTPUT_RAW,2049709850,SERVO_OUTPUT_RAW,0,0,0,0,0,0,0,0,1000,1000,1000,1000,0,0,0,0,0
2025-12-15 01:08:14.616,SERVO_OUTPUT_RAW,2049809860,SERVO_OUTPUT_RAW,0,0,0,0,0,0,0,0,1000,1000,1000,1000,0,0,0,0,0
2025-12-15 01:08:14.717,SERVO_OUTPUT_RAW,2049909805,SERVO_OUTPUT_RAW,0,0,0,0,0,0,0,0,1000,1000,1000,1000,0,0,0,0,0
2025-12-15 01:08:14.816,SERVO_OUTPUT_RAW,2050009814,SERVO_OUTPUT_RAW,0,0,0,0,0,0,0,0,1000,1000,1000,1000,0,0,0,0,0
2025-12-15 01:08:14.916,SERVO_OUTPUT_RAW,2050109865,SERVO_OUTPUT_RAW,0,0,0,0,0,0,0,0,1000,1000,1000,1000,0,0,0,0,0
2025-12-15 01:08:15.017,SERVO_OUTPUT_RAW,2050209848,SERVO_OUTPUT_RAW,0,0,0,0,0,0,0,0,1000,1000,1000,1000,0,0,0,0,0
2025-12-15 01:08:15.116,SERVO_OUTPUT_RAW,2050309789,SERVO_OUTPUT_RAW,0,0,0,0,0,0,0,0,1000,1000,1000,1000,0,0,0,0,0
2025-12-15 01:08:15.216,SERVO_OUTPUT_RAW,2050409833,SERVO_OUTPUT_RAW,0,0,0,0,0,0,0,0,1000,1000,1000,1000,0,0,0,0,0
2025-12-15 01:08:15.317,SERVO_OUTPUT_RAW,2050509885,SERVO_OUTPUT_RAW,0,0,0,0,0,0,0,0,1000,1000,1000,1000,0,0,0,0,0
2025-12-15 01:08:15.416,SERVO_OUTPUT_RAW,2050609864,SERVO_OUTPUT_RAW,0,0,0,0,0,0,0,0,1000,1000,1000,1000,0,0,0,0,0
2025-12-15 01:08:15.517,SERVO_OUTPUT_RAW,2050709817,SERVO_OUTPUT_RAW,0,0,0,0,0,0,0,0,1000,1000,1000,1000,0,0,0,0,0
2025-12-15 01:08:15.617,SERVO_OUTPUT_RAW,2050809791,SERVO_OUTPUT_RAW,0,0,0,0,0,0,0,0,1000,1000,1000,1000,0,0,0,0,0
2025-12-15 01:08:15.717,SERVO_OUTPUT_RAW,2050909800,SERVO_OUTPUT_RAW,0,0,0,0,0,0,0,0,1000,1000,1000,1000,0,0,0,0,0
2025-12-15 01:08:15.817,SERVO_OUTPUT_RAW,2051009783,SERVO_OUTPUT_RAW,0,0,0,0,0,0,0,0,1000,1000,1000,1000,0,0,0,0,0
2025-12-15 01:08:15.917,SERVO_OUTPUT_RAW,2051109829,SERVO_OUTPUT_RAW,0,0,0,0,0,0,0,0,1000,1000,1000,1000,0,0,0,0,0
2025-12-15 01:08:16.017,SERVO_OUTPUT_RAW,2051209834,SERVO_OUTPUT_RAW,0,0,0,0,0,0,0,0,1000,1000,1000,1000,0,0,0,0,0
2025-12-15 01:08:16.116,SERVO_OUTPUT_RAW,2051309794,SERVO_OUTPUT_RAW,0,0,0,0,0,0,0,0,1000,1000,1000,1000,0,0,0,0,0
2025-12-15 01:08:16.216,SERVO_OUTPUT_RAW,2051409800,SERVO_OUTPUT_RAW,0,0,0,0,0,0,0,0,1000,1000,1000,1000,0,0,0,0,0
2025-12-15 01:08:16.316,SERVO_OUTPUT_RAW,2051509803,SERVO_OUTPUT_RAW,0,0,0,0,0,0,0,0,1000,1000,1000,1000,0,0,0,0,0
2025-12-15 01:08:16.417,SERVO_OUTPUT_RAW,2051609824,SERVO_OUTPUT_RAW,0,0,0,0,0,0,0,0,1000,1000,1000,1000,0,0,0,0,0
2025-12-15 01:08:16.517,SERVO_OUTPUT_RAW,2051709861,SERVO_OUTPUT_RAW,0,0,0,0,0,0,0,0,1000,1000,1000,1000,0,0,0,0,0
2025-12-15 01:08:16.617,SERVO_OUTPUT_RAW,2051809789,SERVO_OUTPUT_RAW,0,0,0,0,0,0,0,0,1000,1000,1000,1000,0,0,0,0,0
2025-12-15 01:08:16.717,SERVO_OUTPUT_RAW,2051909795,SERVO_OUTPUT_RAW,0,0,0,0,0,0,0,0,1000,1000,1000,1000,0,0,0,0,0
2025-12-15 01:08:16.817,SERVO_OUTPUT_RAW,2052009827,SERVO_OUTPUT_RAW,0,0,0,0,0,0,0,0,1000,1000,1000,1000,0,0,0,0,0
2025-12-15 01:08:16.917,SERVO_OUTPUT_RAW,2052109822,SERVO_OUTPUT_RAW,0,0,0,0,0,0,0,0,1000,1000,1000,1000,0,0,0,0,0
2025-12-15 01:08:17.017,SERVO_OUTPUT_RAW,2052209786,SERVO_OUTPUT_RAW,0,0,0,0,0,0,0,0,1000,1000,1000,1000,0,0,0,0,0
2025-12-15 01:08:17.117,SERVO_OUTPUT_RAW,2052309779,SERVO_OUTPUT_RAW,0,0,0,0,0,0,0,0,1000,1000,1000,1000,0,0,0,0,0
2025-12-15 01:08:17.216,SERVO_OUTPUT_RAW,2052409783,SERVO_OUTPUT_RAW,0,0,0,0,0,0,0,0,1000,1000,1000,1000,0,0,0,0,0
2025-12-15 01:08:17.316,SERVO_OUTPUT_RAW,2052509775,SERVO_OUTPUT_RAW,0,0,0,0,0,0,0,0,1000,1000,1000,1000,0,0,0,0,0
2025-12-15 01:08:17.416,SERVO_OUTPUT_RAW,2052612180,SERVO_OUTPUT_RAW,0,0,0,0,0,0,0,0,1000,1000,1000,1000,0,0,0,0,0
2025-12-15 01:08:17.516,SERVO_OUTPUT_RAW,2052709820,SERVO_OUTPUT_RAW,0,0,0,0,0,0,0,0,1000,1000,1000,1000,0,0,0,0,0
2025-12-15 01:08:17.616,SERVO_OUTPUT_RAW,2052809821,SERVO_OUTPUT_RAW,0,0,0,0,0,0,0,0,1000,1000,1000,1000,0,0,0,0,0
2025-12-15 01:08:17.716,SERVO_OUTPUT_RAW,2052909804,SERVO_OUTPUT_RAW,0,0,0,0,0,0,0,0,1000,1000,1000,1000,0,0,0,0,0
2025-12-15 01:08:17.816,SERVO_OUTPUT_RAW,2053009796,SERVO_OUTPUT_RAW,0,0,0,0,0,0,0,0,1000,1000,1000,1000,0,0,0,0,0
2025-12-15 01:08:17.916,SERVO_OUTPUT_RAW,2053112077,SERVO_OUTPUT_RAW,0,0,0,0,0,0,0,0,1000,1000,1000,1000,0,0,0,0,0
2025-12-15 01:08:18.016,SERVO_OUTPUT_RAW,2053209851,SERVO_OUTPUT_RAW,0,0,0,0,0,0,0,0,1000,1000,1000,1000,0,0,0,0,0
2025-12-15 01:08:18.116,SERVO_OUTPUT_RAW,2053309782,SERVO_OUTPUT_RAW,0,0,0,0,0,0,0,0,1000,1000,1000,1000,0,0,0,0,0
2025-12-15 01:08:18.216,SERVO_OUTPUT_RAW,2053409788,SERVO_OUTPUT_RAW,0,0,0,0,0,0,0,0,1000,1000,1000,1000,0,0,0,0,0
2025-12-15 01:08:18.316,SERVO_OUTPUT_RAW,2053509807,SERVO_OUTPUT_RAW,0,0,0,0,0,0,0,0,1000,1000,1000,1000,0,0,0,0,0
2025-12-15 01:08:18.416,SERVO_OUTPUT_RAW,2053609824,SERVO_OUTPUT_RAW,0,0,0,0,0,0,0,0,1000,1000,1000,1000,0,0,0,0,0
2025-12-15 01:08:18.516,SERVO_OUTPUT_RAW,2053709806,SERVO_OUTPUT_RAW,0,0,0,0,0,0,0,0,1000,1000,1000,1000,0,0,0,0,0
2025-12-15 01:08:18.616,SERVO_OUTPUT_RAW,2053809781,SERVO_OUTPUT_RAW,0,0,0,0,0,0,0,0,1000,1000,1000,1000,0,0,0,0,0
2025-12-15 01:08:18.716,SERVO_OUTPUT_RAW,2053909785,SERVO_OUTPUT_RAW,0,0,0,0,0,0,0,0,1000,1000,1000,1000,0,0,0,0,0
2025-12-15 01:08:18.816,SERVO_OUTPUT_RAW,2054009813,SERVO_OUTPUT_RAW,0,0,0,0,0,0,0,0,1000,1000,1000,1000,0,0,0,0,0
2025-12-15 01:08:18.916,SERVO_OUTPUT_RAW,2054109785,SERVO_OUTPUT_RAW,0,0,0,0,0,0,0,0,1000,1000,1000,1000,0,0,0,0,0
2025-12-15 01:08:19.016,SERVO_OUTPUT_RAW,2054209785,SERVO_OUTPUT_RAW,0,0,0,0,0,0,0,0,1000,1000,1000,1000,0,0,0,0,0
2025-12-15 01:08:19.116,SERVO_OUTPUT_RAW,2054309827,SERVO_OUTPUT_RAW,0,0,0,0,0,0,0,0,1000,1000,1000,1000,0,0,0,0,0
2025-12-15 01:08:19.216,SERVO_OUTPUT_RAW,2054409804,SERVO_OUTPUT_RAW,0,0,0,0,0,0,0,0,1000,1000,1000,1000,0,0,0,0,0
2025-12-15 01:08:19.316,SERVO_OUTPUT_RAW,2054509796,SERVO_OUTPUT_RAW,0,0,0,0,0,0,0,0,1000,1000,1000,1000,0,0,0,0,0
2025-12-15 01:08:19.416,SERVO_OUTPUT_RAW,2054609812,SERVO_OUTPUT_RAW,0,0,0,0,0,0,0,0,1000,1000,1000,1000,0,0,0,0,0
2025-12-15 01:08:19.516,SERVO_OUTPUT_RAW,2054712119,SERVO_OUTPUT_RAW,0,0,0,0,0,0,0,0,1000,1000,1000,1000,0,0,0,0,0
2025-12-15 01:08:19.616,SERVO_OUTPUT_RAW,2054809842,SERVO_OUTPUT_RAW,0,0,0,0,0,0,0,0,1000,1000,1000,1000,0,0,0,0,0
2025-12-15 01:08:19.716,SERVO_OUTPUT_RAW,2054909847,SERVO_OUTPUT_RAW,0,0,0,0,0,0,0,0,1000,1000,1000,1000,0,0,0,0,0
2025-12-15 01:08:19.816,SERVO_OUTPUT_RAW,2055009797,SERVO_OUTPUT_RAW,0,0,0,0,0,0,0,0,1000,1000,1000,1000,0,0,0,0,0
2025-12-15 01:08:19.917,SERVO_OUTPUT_RAW,2055109829,SERVO_OUTPUT_RAW,0,0,0,0,0,0,0,0,1000,1000,1000,1000,0,0,0,0,0
2025-12-15 01:08:20.016,SERVO_OUTPUT_RAW,2055209817,SERVO_OUTPUT_RAW,0,0,0,0,0,0,0,0,1000,1000,1000,1000,0,0,0,0,0
2025-12-15 01:08:20.116,SERVO_OUTPUT_RAW,2055309802,SERVO_OUTPUT_RAW,0,0,0,0,0,0,0,0,1000,1000,1000,1000,0,0,0,0,0
2025-12-15 01:08:20.217,SERVO_OUTPUT_RAW,2055409784,SERVO_OUTPUT_RAW,0,0,0,0,0,0,0,0,1000,1000,1000,1000,0,0,0,0,0
2025-12-15 01:08:20.316,SERVO_OUTPUT_RAW,2055509790,SERVO_OUTPUT_RAW,0,0,0,0,0,0,0,0,1000,1000,1000,1000,0,0,0,0,0
2025-12-15 01:08:20.416,SERVO_OUTPUT_RAW,2055609815,SERVO_OUTPUT_RAW,0,0,0,0,0,0,0,0,1000,1000,1000,1000,0,0,0,0,0
2025-12-15 01:08:20.516,SERVO_OUTPUT_RAW,2055709792,SERVO_OUTPUT_RAW,0,0,0,0,0,0,0,0,1000,1000,1000,1000,0,0,0,0,0
2025-12-15 01:08:20.616,SERVO_OUTPUT_RAW,2055809817,SERVO_OUTPUT_RAW,0,0,0,0,0,0,0,0,1000,1000,1000,1000,0,0,0,0,0
2025-12-15 01:08:20.716,SERVO_OUTPUT_RAW,2055909851,SERVO_OUTPUT_RAW,0,0,0,0,0,0,0,0,1000,1000,1000,1000,0,0,0,0,0
2025-12-15 01:08:20.816,SERVO_OUTPUT_RAW,2056009817,SERVO_OUTPUT_RAW,0,0,0,0,0,0,0,0,1000,1000,1000,1000,0,0,0,0,0
2025-12-15 01:08:20.916,SERVO_OUTPUT_RAW,2056109811,SERVO_OUTPUT_RAW,0,0,0,0,0,0,0,0,1000,1000,1000,1000,0,0,0,0,0
2025-12-15 01:08:21.016,SERVO_OUTPUT_RAW,2056209795,SERVO_OUTPUT_RAW,0,0,0,0,0,0,0,0,1000,1000,1000,1000,0,0,0,0,0
2025-12-15 01:08:21.116,SERVO_OUTPUT_RAW,2056309830,SERVO_OUTPUT_RAW,0,0,0,0,0,0,0,0,1000,1000,1000,1000,0,0,0,0,0
2025-12-15 01:08:21.216,SERVO_OUTPUT_RAW,2056409822,SERVO_OUTPUT_RAW,0,0,0,0,0,0,0,0,1000,1000,1000,1000,0,0,0,0,0
2025-12-15 01:08:21.316,SERVO_OUTPUT_RAW,2056509826,SERVO_OUTPUT_RAW,0,0,0,0,0,0,0,0,1000,1000,1000,1000,0,0,0,0,0
2025-12-15 01:08:21.417,SERVO_OUTPUT_RAW,2056609811,SERVO_OUTPUT_RAW,0,0,0,0,0,0,0,0,1000,1000,1000,1000,0,0,0,0,0
2025-12-15 01:08:21.516,SERVO_OUTPUT_RAW,2056709830,SERVO_OUTPUT_RAW,0,0,0,0,0,0,0,0,1000,1000,1000,1000,0,0,0,0,0
2025-12-15 01:08:21.616,SERVO_OUTPUT_RAW,2056809873,SERVO_OUTPUT_RAW,0,0,0,0,0,0,0,0,1000,1000,1000,1000,0,0,0,0,0
2025-12-15 01:08:21.716,SERVO_OUTPUT_RAW,2056909806,SERVO_OUTPUT_RAW,0,0,0,0,0,0,0,0,1000,1000,1000,1000,0,0,0,0,0
2025-12-15 01:08:21.816,SERVO_OUTPUT_RAW,2057009784,SERVO_OUTPUT_RAW,0,0,0,0,0,0,0,0,1000,1000,1000,1000,0,0,0,0,0
2025-12-15 01:08:21.916,SERVO_OUTPUT_RAW,2057109796,SERVO_OUTPUT_RAW,0,0,0,0,0,0,0,0,1000,1000,1000,1000,0,0,0,0,0
2025-12-15 01:08:22.016,SERVO_OUTPUT_RAW,2057209786,SERVO_OUTPUT_RAW,0,0,0,0,0,0,0,0,1000,1000,1000,1000,0,0,0,0,0
2025-12-15 01:08:22.116,SERVO_OUTPUT_RAW,2057309786,SERVO_OUTPUT_RAW,0,0,0,0,0,0,0,0,1000,1000,1000,1000,0,0,0,0,0
2025-12-15 01:08:22.216,SERVO_OUTPUT_RAW,2057409822,SERVO_OUTPUT_RAW,0,0,0,0,0,0,0,0,1000,1000,1000,1000,0,0,0,0,0
2025-12-15 01:08:22.316,SERVO_OUTPUT_RAW,2057509850,SERVO_OUTPUT_RAW,0,0,0,0,0,0,0,0,1000,1000,1000,1000,0,0,0,0,0
2025-12-15 01:08:22.417,SERVO_OUTPUT_RAW,2057612177,SERVO_OUTPUT_RAW,0,0,0,0,0,0,0,0,1000,1000,1000,1000,0,0,0,0,0
2025-12-15 01:08:22.517,SERVO_OUTPUT_RAW,2057709784,SERVO_OUTPUT_RAW,0,0,0,0,0,0,0,0,1000,1000,1000,1000,0,0,0,0,0
2025-12-15 01:08:22.616,SERVO_OUTPUT_RAW,2057809815,SERVO_OUTPUT_RAW,0,0,0,0,0,0,0,0,1000,1000,1000,1000,0,0,0,0,0
2025-12-15 01:08:22.716,SERVO_OUTPUT_RAW,2057909841,SERVO_OUTPUT_RAW,0,0,0,0,0,0,0,0,1000,1000,1000,1000,0,0,0,0,0
2025-12-15 01:08:22.816,SERVO_OUTPUT_RAW,2058009805,SERVO_OUTPUT_RAW,0,0,0,0,0,0,0,0,1000,1000,1000,1000,0,0,0,0,0
2025-12-15 01:08:22.916,SERVO_OUTPUT_RAW,2058109790,SERVO_OUTPUT_RAW,0,0,0,0,0,0,0,0,1000,1000,1000,1000,0,0,0,0,0
2025-12-15 01:08:23.016,SERVO_OUTPUT_RAW,2058209814,SERVO_OUTPUT_RAW,0,0,0,0,0,0,0,0,1000,1000,1000,1000,0,0,0,0,0
2025-12-15 01:08:23.116,SERVO_OUTPUT_RAW,2058309816,SERVO_OUTPUT_RAW,0,0,0,0,0,0,0,0,1000,1000,1000,1000,0,0,0,0,0
2025-12-15 01:08:23.216,SERVO_OUTPUT_RAW,2058409782,SERVO_OUTPUT_RAW,0,0,0,0,0,0,0,0,1000,1000,1000,1000,0,0,0,0,0
2025-12-15 01:08:23.316,SERVO_OUTPUT_RAW,2058509818,SERVO_OUTPUT_RAW,0,0,0,0,0,0,0,0,1000,1000,1000,1000,0,0,0,0,0
2025-12-15 01:08:23.416,SERVO_OUTPUT_RAW,2058609806,SERVO_OUTPUT_RAW,0,0,0,0,0,0,0,0,1000,1000,1000,1000,0,0,0,0,0
2025-12-15 01:08:23.516,SERVO_OUTPUT_RAW,2058709789,SERVO_OUTPUT_RAW,0,0,0,0,0,0,0,0,1000,1000,1000,1000,0,0,0,0,0
2025-12-15 01:08:23.616,SERVO_OUTPUT_RAW,2058809807,SERVO_OUTPUT_RAW,0,0,0,0,0,0,0,0,1000,1000,1000,1000,0,0,0,0,0
2025-12-15 01:08:23.717,SERVO_OUTPUT_RAW,2058912177,SERVO_OUTPUT_RAW,0,0,0,0,0,0,0,0,1000,1000,1000,1000,0,0,0,0,0
2025-12-15 01:08:23.817,SERVO_OUTPUT_RAW,2059009831,SERVO_OUTPUT_RAW,0,0,0,0,0,0,0,0,1000,1000,1000,1000,0,0,0,0,0
2025-12-15 01:08:23.916,SERVO_OUTPUT_RAW,2059109869,SERVO_OUTPUT_RAW,0,0,0,0,0,0,0,0,1000,1000,1000,1000,0,0,0,0,0
2025-12-15 01:08:24.017,SERVO_OUTPUT_RAW,2059209800,SERVO_OUTPUT_RAW,0,0,0,0,0,0,0,0,1000,1000,1000,1000,0,0,0,0,0
2025-12-15 01:08:24.117,SERVO_OUTPUT_RAW,2059309800,SERVO_OUTPUT_RAW,0,0,0,0,0,0,0,0,1000,1000,1000,1000,0,0,0,0,0
2025-12-15 01:08:24.217,SERVO_OUTPUT_RAW,2059409831,SERVO_OUTPUT_RAW,0,0,0,0,0,0,0,0,1000,1000,1000,1000,0,0,0,0,0
2025-12-15 01:08:24.317,SERVO_OUTPUT_RAW,2059509833,SERVO_OUTPUT_RAW,0,0,0,0,0,0,0,0,1000,1000,1000,1000,0,0,0,0,0
2025-12-15 01:08:24.417,SERVO_OUTPUT_RAW,2059609835,SERVO_OUTPUT_RAW,0,0,0,0,0,0,0,0,1000,1000,1000,1000,0,0,0,0,0
2025-12-15 01:08:24.517,SERVO_OUTPUT_RAW,2059709780,SERVO_OUTPUT_RAW,0,0,0,0,0,0,0,0,1000,1000,1000,1000,0,0,0,0,0
2025-12-15 01:08:24.617,SERVO_OUTPUT_RAW,2059809848,SERVO_OUTPUT_RAW,0,0,0,0,0,0,0,0,1000,1000,1000,1000,0,0,0,0,0
2025-12-15 01:08:24.717,SERVO_OUTPUT_RAW,2059909819,SERVO_OUTPUT_RAW,0,0,0,0,0,0,0,0,1000,1000,1000,1000,0,0,0,0,0
2025-12-15 01:08:24.817,SERVO_OUTPUT_RAW,2060009777,SERVO_OUTPUT_RAW,0,0,0,0,0,0,0,0,1000,1000,1000,1000,0,0,0,0,0
2025-12-15 01:08:24.918,SERVO_OUTPUT_RAW,2060109793,SERVO_OUTPUT_RAW,0,0,0,0,0,0,0,0,1000,1000,1000,1000,0,0,0,0,0
2025-12-15 01:08:25.017,SERVO_OUTPUT_RAW,2060209782,SERVO_OUTPUT_RAW,0,0,0,0,0,0,0,0,1000,1000,1000,1000,0,0,0,0,0
2025-12-15 01:08:25.117,SERVO_OUTPUT_RAW,2060309799,SERVO_OUTPUT_RAW,0,0,0,0,0,0,0,0,1000,1000,1000,1000,0,0,0,0,0
2025-12-15 01:08:25.217,SERVO_OUTPUT_RAW,2060409787,SERVO_OUTPUT_RAW,0,0,0,0,0,0,0,0,1000,1000,1000,1000,0,0,0,0,0
2025-12-15 01:08:25.317,SERVO_OUTPUT_RAW,2060509822,SERVO_OUTPUT_RAW,0,0,0,0,0,0,0,0,1000,1000,1000,1000,0,0,0,0,0
2025-12-15 01:08:25.417,SERVO_OUTPUT_RAW,2060609848,SERVO_OUTPUT_RAW,0,0,0,0,0,0,0,0,1000,1000,1000,1000,0,0,0,0,0
2025-12-15 01:08:25.517,SERVO_OUTPUT_RAW,2060709791,SERVO_OUTPUT_RAW,0,0,0,0,0,0,0,0,1000,1000,1000,1000,0,0,0,0,0
2025-12-15 01:08:25.617,SERVO_OUTPUT_RAW,2060809784,SERVO_OUTPUT_RAW,0,0,0,0,0,0,0,0,1000,1000,1000,1000,0,0,0,0,0
2025-12-15 01:08:25.717,SERVO_OUTPUT_RAW,2060909818,SERVO_OUTPUT_RAW,0,0,0,0,0,0,0,0,1000,1000,1000,1000,0,0,0,0,0
2025-12-15 01:08:25.817,SERVO_OUTPUT_RAW,2061012089,SERVO_OUTPUT_RAW,0,0,0,0,0,0,0,0,1000,1000,1000,1000,0,0,0,0,0
2025-12-15 01:08:25.917,SERVO_OUTPUT_RAW,2061109847,SERVO_OUTPUT_RAW,0,0,0,0,0,0,0,0,1000,1000,1000,1000,0,0,0,0,0
2025-12-15 01:08:26.017,SERVO_OUTPUT_RAW,2061209803,SERVO_OUTPUT_RAW,0,0,0,0,0,0,0,0,1000,1000,1000,1000,0,0,0,0,0
2025-12-15 01:08:26.117,SERVO_OUTPUT_RAW,2061309807,SERVO_OUTPUT_RAW,0,0,0,0,0,0,0,0,1000,1000,1000,1000,0,0,0,0,0
2025-12-15 01:08:26.217,SERVO_OUTPUT_RAW,2061409819,SERVO_OUTPUT_RAW,0,0,0,0,0,0,0,0,1000,1000,1000,1000,0,0,0,0,0
2025-12-15 01:08:26.317,SERVO_OUTPUT_RAW,2061509782,SERVO_OUTPUT_RAW,0,0,0,0,0,0,0,0,1000,1000,1000,1000,0,0,0,0,0
2025-12-15 01:08:26.417,SERVO_OUTPUT_RAW,2061609794,SERVO_OUTPUT_RAW,0,0,0,0,0,0,0,0,1000,1000,1000,1000,0,0,0,0,0
2025-12-15 01:08:26.517,SERVO_OUTPUT_RAW,2061709792,SERVO_OUTPUT_RAW,0,0,0,0,0,0,0,0,1000,1000,1000,1000,0,0,0,0,0
2025-12-15 01:08:26.617,SERVO_OUTPUT_RAW,2061809794,SERVO_OUTPUT_RAW,0,0,0,0,0,0,0,0,1000,1000,1000,1000,0,0,0,0,0
2025-12-15 01:08:26.716,SERVO_OUTPUT_RAW,2061909790,SERVO_OUTPUT_RAW,0,0,0,0,0,0,0,0,1000,1000,1000,1000,0,0,0,0,0
2025-12-15 01:08:26.816,SERVO_OUTPUT_RAW,2062009815,SERVO_OUTPUT_RAW,0,0,0,0,0,0,0,0,1000,1000,1000,1000,0,0,0,0,0
2025-12-15 01:08:26.916,SERVO_OUTPUT_RAW,2062109849,SERVO_OUTPUT_RAW,0,0,0,0,0,0,0,0,1000,1000,1000,1000,0,0,0,0,0
2025-12-15 01:08:27.017,SERVO_OUTPUT_RAW,2062209834,SERVO_OUTPUT_RAW,0,0,0,0,0,0,0,0,1000,1000,1000,1000,0,0,0,0,0
2025-12-15 01:08:27.116,SERVO_OUTPUT_RAW,2062309802,SERVO_OUTPUT_RAW,0,0,0,0,0,0,0,0,1000,1000,1000,1000,0,0,0,0,0
2025-12-15 01:08:27.217,SERVO_OUTPUT_RAW,2062409793,SERVO_OUTPUT_RAW,0,0,0,0,0,0,0,0,1000,1000,1000,1000,0,0,0,0,0
2025-12-15 01:08:27.316,SERVO_OUTPUT_RAW,2062509816,SERVO_OUTPUT_RAW,0,0,0,0,0,0,0,0,1000,1000,1000,1000,0,0,0,0,0
2025-12-15 01:08:27.421,SERVO_OUTPUT_RAW,2062609854,SERVO_OUTPUT_RAW,0,0,0,0,0,0,0,0,1000,1000,1000,1000,0,0,0,0,0
2025-12-15 01:08:27.517,SERVO_OUTPUT_RAW,2062709856,SERVO_OUTPUT_RAW,0,0,0,0,0,0,0,0,1000,1000,1000,1000,0,0,0,0,0
2025-12-15 01:08:27.616,SERVO_OUTPUT_RAW,2062809783,SERVO_OUTPUT_RAW,0,0,0,0,0,0,0,0,1000,1000,1000,1000,0,0,0,0,0
2025-12-15 01:08:27.716,SERVO_OUTPUT_RAW,2062909819,SERVO_OUTPUT_RAW,0,0,0,0,0,0,0,0,1000,1000,1000,1000,0,0,0,0,0
2025-12-15 01:08:27.817,SERVO_OUTPUT_RAW,2063009818,SERVO_OUTPUT_RAW,0,0,0,0,0,0,0,0,1000,1000,1000,1000,0,0,0,0,0
2025-12-15 01:08:27.917,SERVO_OUTPUT_RAW,2063109885,SERVO_OUTPUT_RAW,0,0,0,0,0,0,0,0,1000,1000,1000,1000,0,0,0,0,0
2025-12-15 01:08:28.017,SERVO_OUTPUT_RAW,2063209782,SERVO_OUTPUT_RAW,0,0,0,0,0,0,0,0,1000,1000,1000,1000,0,0,0,0,0
2025-12-15 01:08:28.116,SERVO_OUTPUT_RAW,2063309785,SERVO_OUTPUT_RAW,0,0,0,0,0,0,0,0,1000,1000,1000,1000,0,0,0,0,0
2025-12-15 01:08:28.216,SERVO_OUTPUT_RAW,2063409787,SERVO_OUTPUT_RAW,0,0,0,0,0,0,0,0,1000,1000,1000,1000,0,0,0,0,0
2025-12-15 01:08:28.316,SERVO_OUTPUT_RAW,2063509787,SERVO_OUTPUT_RAW,0,0,0,0,0,0,0,0,1000,1000,1000,1000,0,0,0,0,0
2025-12-15 01:08:28.416,SERVO_OUTPUT_RAW,2063609814,SERVO_OUTPUT_RAW,0,0,0,0,0,0,0,0,1000,1000,1000,1000,0,0,0,0,0
2025-12-15 01:08:28.517,SERVO_OUTPUT_RAW,2063709837,SERVO_OUTPUT_RAW,0,0,0,0,0,0,0,0,1000,1000,1000,1000,0,0,0,0,0
2025-12-15 01:08:28.617,SERVO_OUTPUT_RAW,2063809844,SERVO_OUTPUT_RAW,0,0,0,0,0,0,0,0,1000,1000,1000,1000,0,0,0,0,0
2025-12-15 01:08:28.717,SERVO_OUTPUT_RAW,2063909889,SERVO_OUTPUT_RAW,0,0,0,0,0,0,0,0,1000,1000,1000,1000,0,0,0,0,0
2025-12-15 01:08:28.816,SERVO_OUTPUT_RAW,2064009794,SERVO_OUTPUT_RAW,0,0,0,0,0,0,0,0,1000,1000,1000,1000,0,0,0,0,0
2025-12-15 01:08:28.916,SERVO_OUTPUT_RAW,2064109839,SERVO_OUTPUT_RAW,0,0,0,0,0,0,0,0,1000,1000,1000,1000,0,0,0,0,0
2025-12-15 01:08:29.016,SERVO_OUTPUT_RAW,2064209848,SERVO_OUTPUT_RAW,0,0,0,0,0,0,0,0,1000,1000,1000,1000,0,0,0,0,0
2025-12-15 01:08:29.116,SERVO_OUTPUT_RAW,2064309797,SERVO_OUTPUT_RAW,0,0,0,0,0,0,0,0,1000,1000,1000,1000,0,0,0,0,0
2025-12-15 01:08:29.216,SERVO_OUTPUT_RAW,2064409795,SERVO_OUTPUT_RAW,0,0,0,0,0,0,0,0,1000,1000,1000,1000,0,0,0,0,0
2025-12-15 01:08:29.316,SERVO_OUTPUT_RAW,2064509817,SERVO_OUTPUT_RAW,0,0,0,0,0,0,0,0,1000,1000,1000,1000,0,0,0,0,0
2025-12-15 01:08:29.416,SERVO_OUTPUT_RAW,2064609839,SERVO_OUTPUT_RAW,0,0,0,0,0,0,0,0,1000,1000,1000,1000,0,0,0,0,0
2025-12-15 01:08:29.516,SERVO_OUTPUT_RAW,2064709786,SERVO_OUTPUT_RAW,0,0,0,0,0,0,0,0,1000,1000,1000,1000,0,0,0,0,0
2025-12-15 01:08:29.616,SERVO_OUTPUT_RAW,2064809801,SERVO_OUTPUT_RAW,0,0,0,0,0,0,0,0,1000,1000,1000,1000,0,0,0,0,0
2025-12-15 01:08:29.716,SERVO_OUTPUT_RAW,2064909810,SERVO_OUTPUT_RAW,0,0,0,0,0,0,0,0,1000,1000,1000,1000,0,0,0,0,0
2025-12-15 01:08:29.816,SERVO_OUTPUT_RAW,2065009777,SERVO_OUTPUT_RAW,0,0,0,0,0,0,0,0,1000,1000,1000,1000,0,0,0,0,0
2025-12-15 01:08:29.916,SERVO_OUTPUT_RAW,2065109787,SERVO_OUTPUT_RAW,0,0,0,0,0,0,0,0,1000,1000,1000,1000,0,0,0,0,0
2025-12-15 01:08:30.016,SERVO_OUTPUT_RAW,2065212162,SERVO_OUTPUT_RAW,0,0,0,0,0,0,0,0,1000,1000,1000,1000,0,0,0,0,0
2025-12-15 01:08:30.116,SERVO_OUTPUT_RAW,2065309859,SERVO_OUTPUT_RAW,0,0,0,0,0,0,0,0,1000,1000,1000,1000,0,0,0,0,0
2025-12-15 01:08:30.216,SERVO_OUTPUT_RAW,2065409802,SERVO_OUTPUT_RAW,0,0,0,0,0,0,0,0,1000,1000,1000,1000,0,0,0,0,0
2025-12-15 01:08:30.316,SERVO_OUTPUT_RAW,2065509825,SERVO_OUTPUT_RAW,0,0,0,0,0,0,0,0,1000,1000,1000,1000,0,0,0,0,0
2025-12-15 01:08:30.416,SERVO_OUTPUT_RAW,2065609855,SERVO_OUTPUT_RAW,0,0,0,0,0,0,0,0,1000,1000,1000,1000,0,0,0,0,0
2025-12-15 01:08:30.516,SERVO_OUTPUT_RAW,2065709850,SERVO_OUTPUT_RAW,0,0,0,0,0,0,0,0,1000,1000,1000,1000,0,0,0,0,0
2025-12-15 01:08:30.616,SERVO_OUTPUT_RAW,2065809842,SERVO_OUTPUT_RAW,0,0,0,0,0,0,0,0,1000,1000,1000,1000,0,0,0,0,0
2025-12-15 01:08:30.716,SERVO_OUTPUT_RAW,2065909781,SERVO_OUTPUT_RAW,0,0,0,0,0,0,0,0,1000,1000,1000,1000,0,0,0,0,0
2025-12-15 01:08:30.816,SERVO_OUTPUT_RAW,2066009810,SERVO_OUTPUT_RAW,0,0,0,0,0,0,0,0,1000,1000,1000,1000,0,0,0,0,0
2025-12-15 01:08:30.916,SERVO_OUTPUT_RAW,2066109821,SERVO_OUTPUT_RAW,0,0,0,0,0,0,0,0,1000,1000,1000,1000,0,0,0,0,0
2025-12-15 01:08:31.016,SERVO_OUTPUT_RAW,2066209776,SERVO_OUTPUT_RAW,0,0,0,0,0,0,0,0,1000,1000,1000,1000,0,0,0,0,0
2025-12-15 01:08:31.116,SERVO_OUTPUT_RAW,2066309775,SERVO_OUTPUT_RAW,0,0,0,0,0,0,0,0,1000,1000,1000,1000,0,0,0,0,0
2025-12-15 01:08:31.217,SERVO_OUTPUT_RAW,2066409797,SERVO_OUTPUT_RAW,0,0,0,0,0,0,0,0,1000,1000,1000,1000,0,0,0,0,0
2025-12-15 01:08:31.316,SERVO_OUTPUT_RAW,2066509791,SERVO_OUTPUT_RAW,0,0,0,0,0,0,0,0,1000,1000,1000,1000,0,0,0,0,0
2025-12-15 01:08:31.417,SERVO_OUTPUT_RAW,2066612142,SERVO_OUTPUT_RAW,0,0,0,0,0,0,0,0,1000,1000,1000,1000,0,0,0,0,0
2025-12-15 01:08:31.516,SERVO_OUTPUT_RAW,2066709797,SERVO_OUTPUT_RAW,0,0,0,0,0,0,0,0,1000,1000,1000,1000,0,0,0,0,0
2025-12-15 01:08:31.617,SERVO_OUTPUT_RAW,2066809833,SERVO_OUTPUT_RAW,0,0,0,0,0,0,0,0,1000,1000,1000,1000,0,0,0,0,0
2025-12-15 01:08:31.717,SERVO_OUTPUT_RAW,2066909848,SERVO_OUTPUT_RAW,0,0,0,0,0,0,0,0,1000,1000,1000,1000,0,0,0,0,0
2025-12-15 01:08:31.817,SERVO_OUTPUT_RAW,2067009855,SERVO_OUTPUT_RAW,0,0,0,0,0,0,0,0,1000,1000,1000,1000,0,0,0,0,0
2025-12-15 01:08:31.917,SERVO_OUTPUT_RAW,2067109828,SERVO_OUTPUT_RAW,0,0,0,0,0,0,0,0,1000,1000,1000,1000,0,0,0,0,0
2025-12-15 01:08:32.017,SERVO_OUTPUT_RAW,2067209836,SERVO_OUTPUT_RAW,0,0,0,0,0,0,0,0,1000,1000,1000,1000,0,0,0,0,0
2025-12-15 01:08:32.117,SERVO_OUTPUT_RAW,2067312067,SERVO_OUTPUT_RAW,0,0,0,0,0,0,0,0,1000,1000,1000,1000,0,0,0,0,0
2025-12-15 01:08:32.217,SERVO_OUTPUT_RAW,2067409786,SERVO_OUTPUT_RAW,0,0,0,0,0,0,0,0,1000,1000,1000,1000,0,0,0,0,0
2025-12-15 01:08:32.317,SERVO_OUTPUT_RAW,2067509812,SERVO_OUTPUT_RAW,0,0,0,0,0,0,0,0,1000,1000,1000,1000,0,0,0,0,0
2025-12-15 01:08:32.418,SERVO_OUTPUT_RAW,2067609829,SERVO_OUTPUT_RAW,0,0,0,0,0,0,0,0,1000,1000,1000,1000,0,0,0,0,0
2025-12-15 01:08:32.517,SERVO_OUTPUT_RAW,2067709813,SERVO_OUTPUT_RAW,0,0,0,0,0,0,0,0,1000,1000,1000,1000,0,0,0,0,0
2025-12-15 01:08:32.617,SERVO_OUTPUT_RAW,2067809783,SERVO_OUTPUT_RAW,0,0,0,0,0,0,0,0,1000,1000,1000,1000,0,0,0,0,0
2025-12-15 01:08:32.717,SERVO_OUTPUT_RAW,2067909782,SERVO_OUTPUT_RAW,0,0,0,0,0,0,0,0,1000,1000,1000,1000,0,0,0,0,0
2025-12-15 01:08:32.817,SERVO_OUTPUT_RAW,2068009796,SERVO_OUTPUT_RAW,0,0,0,0,0,0,0,0,1000,1000,1000,1000,0,0,0,0,0
2025-12-15 01:08:32.917,SERVO_OUTPUT_RAW,2068109775,SERVO_OUTPUT_RAW,0,0,0,0,0,0,0,0,1000,1000,1000,1000,0,0,0,0,0
2025-12-15 01:08:33.017,SERVO_OUTPUT_RAW,2068212115,SERVO_OUTPUT_RAW,0,0,0,0,0,0,0,0,1000,1000,1000,1000,0,0,0,0,0
2025-12-15 01:08:33.117,SERVO_OUTPUT_RAW,2068309811,SERVO_OUTPUT_RAW,0,0,0,0,0,0,0,0,1000,1000,1000,1000,0,0,0,0,0
2025-12-15 01:08:33.217,SERVO_OUTPUT_RAW,2068409840,SERVO_OUTPUT_RAW,0,0,0,0,0,0,0,0,1000,1000,1000,1000,0,0,0,0,0
2025-12-15 01:08:33.317,SERVO_OUTPUT_RAW,2068509868,SERVO_OUTPUT_RAW,0,0,0,0,0,0,0,0,1000,1000,1000,1000,0,0,0,0,0
2025-12-15 01:08:33.417,SERVO_OUTPUT_RAW,2068609810,SERVO_OUTPUT_RAW,0,0,0,0,0,0,0,0,1000,1000,1000,1000,0,0,0,0,0
2025-12-15 01:08:33.517,SERVO_OUTPUT_RAW,2068709809,SERVO_OUTPUT_RAW,0,0,0,0,0,0,0,0,1000,1000,1000,1000,0,0,0,0,0
2025-12-15 01:08:33.617,SERVO_OUTPUT_RAW,2068809843,SERVO_OUTPUT_RAW,0,0,0,0,0,0,0,0,1000,1000,1000,1000,0,0,0,0,0
2025-12-15 01:08:33.717,SERVO_OUTPUT_RAW,2068909839,SERVO_OUTPUT_RAW,0,0,0,0,0,0,0,0,1000,1000,1000,1000,0,0,0,0,0
2025-12-15 01:08:33.817,SERVO_OUTPUT_RAW,2069009796,SERVO_OUTPUT_RAW,0,0,0,0,0,0,0,0,1000,1000,1000,1000,0,0,0,0,0
2025-12-15 01:08:33.917,SERVO_OUTPUT_RAW,2069109806,SERVO_OUTPUT_RAW,0,0,0,0,0,0,0,0,1000,1000,1000,1000,0,0,0,0,0
2025-12-15 01:08:34.017,SERVO_OUTPUT_RAW,2069209809,SERVO_OUTPUT_RAW,0,0,0,0,0,0,0,0,1000,1000,1000,1000,0,0,0,0,0
2025-12-15 01:08:34.117,SERVO_OUTPUT_RAW,2069309821,SERVO_OUTPUT_RAW,0,0,0,0,0,0,0,0,1000,1000,1000,1000,0,0,0,0,0
2025-12-15 01:08:34.217,SERVO_OUTPUT_RAW,2069409890,SERVO_OUTPUT_RAW,0,0,0,0,0,0,0,0,1000,1000,1000,1000,0,0,0,0,0
2025-12-15 01:08:34.317,SERVO_OUTPUT_RAW,2069509803,SERVO_OUTPUT_RAW,0,0,0,0,0,0,0,0,1000,1000,1000,1000,0,0,0,0,0
2025-12-15 01:08:34.417,SERVO_OUTPUT_RAW,2069609795,SERVO_OUTPUT_RAW,0,0,0,0,0,0,0,0,1000,1000,1000,1000,0,0,0,0,0
2025-12-15 01:08:34.517,SERVO_OUTPUT_RAW,2069709787,SERVO_OUTPUT_RAW,0,0,0,0,0,0,0,0,1000,1000,1000,1000,0,0,0,0,0
2025-12-15 01:08:34.617,SERVO_OUTPUT_RAW,2069809783,SERVO_OUTPUT_RAW,0,0,0,0,0,0,0,0,1000,1000,1000,1000,0,0,0,0,0
2025-12-15 01:08:34.717,SERVO_OUTPUT_RAW,2069909829,SERVO_OUTPUT_RAW,0,0,0,0,0,0,0,0,1000,1000,1000,1000,0,0,0,0,0
2025-12-15 01:08:34.817,SERVO_OUTPUT_RAW,2070009799,SERVO_OUTPUT_RAW,0,0,0,0,0,0,0,0,1000,1000,1000,1000,0,0,0,0,0
2025-12-15 01:08:34.917,SERVO_OUTPUT_RAW,2070109866,SERVO_OUTPUT_RAW,0,0,0,0,0,0,0,0,1000,1000,1000,1000,0,0,0,0,0
2025-12-15 01:08:35.017,SERVO_OUTPUT_RAW,2070209836,SERVO_OUTPUT_RAW,0,0,0,0,0,0,0,0,1000,1000,1000,1000,0,0,0,0,0
2025-12-15 01:08:35.118,SERVO_OUTPUT_RAW,2070309819,SERVO_OUTPUT_RAW,0,0,0,0,0,0,0,0,1000,1000,1000,1000,0,0,0,0,0
2025-12-15 01:08:35.217,SERVO_OUTPUT_RAW,2070409849,SERVO_OUTPUT_RAW,0,0,0,0,0,0,0,0,1000,1000,1000,1000,0,0,0,0,0
2025-12-15 01:08:35.317,SERVO_OUTPUT_RAW,2070509785,SERVO_OUTPUT_RAW,0,0,0,0,0,0,0,0,1000,1000,1000,1000,0,0,0,0,0
2025-12-15 01:08:35.417,SERVO_OUTPUT_RAW,2070609779,SERVO_OUTPUT_RAW,0,0,0,0,0,0,0,0,1000,1000,1000,1000,0,0,0,0,0
2025-12-15 01:08:35.518,SERVO_OUTPUT_RAW,2070709815,SERVO_OUTPUT_RAW,0,0,0,0,0,0,0,0,1000,1000,1000,1000,0,0,0,0,0
2025-12-15 01:08:35.617,SERVO_OUTPUT_RAW,2070809809,SERVO_OUTPUT_RAW,0,0,0,0,0,0,0,0,1000,1000,1000,1000,0,0,0,0,0
2025-12-15 01:08:35.717,SERVO_OUTPUT_RAW,2070909772,SERVO_OUTPUT_RAW,0,0,0,0,0,0,0,0,1000,1000,1000,1000,0,0,0,0,0
2025-12-15 01:08:35.817,SERVO_OUTPUT_RAW,2071009790,SERVO_OUTPUT_RAW,0,0,0,0,0,0,0,0,1000,1000,1000,1000,0,0,0,0,0
2025-12-15 01:08:35.917,SERVO_OUTPUT_RAW,2071109824,SERVO_OUTPUT_RAW,0,0,0,0,0,0,0,0,1000,1000,1000,1000,0,0,0,0,0
2025-12-15 01:08:36.018,SERVO_OUTPUT_RAW,2071209789,SERVO_OUTPUT_RAW,0,0,0,0,0,0,0,0,1000,1000,1000,1000,0,0,0,0,0
2025-12-15 01:08:36.117,SERVO_OUTPUT_RAW,2071309789,SERVO_OUTPUT_RAW,0,0,0,0,0,0,0,0,1000,1000,1000,1000,0,0,0,0,0
2025-12-15 01:08:36.218,SERVO_OUTPUT_RAW,2071409839,SERVO_OUTPUT_RAW,0,0,0,0,0,0,0,0,1000,1000,1000,1000,0,0,0,0,0
2025-12-15 01:08:36.317,SERVO_OUTPUT_RAW,2071512157,SERVO_OUTPUT_RAW,0,0,0,0,0,0,0,0,1000,1000,1000,1000,0,0,0,0,0
2025-12-15 01:08:36.416,SERVO_OUTPUT_RAW,2071609834,SERVO_OUTPUT_RAW,0,0,0,0,0,0,0,0,1000,1000,1000,1000,0,0,0,0,0
2025-12-15 01:08:36.516,SERVO_OUTPUT_RAW,2071709803,SERVO_OUTPUT_RAW,0,0,0,0,0,0,0,0,1000,1000,1000,1000,0,0,0,0,0
2025-12-15 01:08:36.617,SERVO_OUTPUT_RAW,2071809796,SERVO_OUTPUT_RAW,0,0,0,0,0,0,0,0,1000,1000,1000,1000,0,0,0,0,0
2025-12-15 01:08:36.718,SERVO_OUTPUT_RAW,2071909817,SERVO_OUTPUT_RAW,0,0,0,0,0,0,0,0,1000,1000,1000,1000,0,0,0,0,0
2025-12-15 01:08:36.817,SERVO_OUTPUT_RAW,2072009868,SERVO_OUTPUT_RAW,0,0,0,0,0,0,0,0,1000,1000,1000,1000,0,0,0,0,0
2025-12-15 01:08:36.917,SERVO_OUTPUT_RAW,2072109792,SERVO_OUTPUT_RAW,0,0,0,0,0,0,0,0,1000,1000,1000,1000,0,0,0,0,0
2025-12-15 01:08:37.016,SERVO_OUTPUT_RAW,2072209793,SERVO_OUTPUT_RAW,0,0,0,0,0,0,0,0,1000,1000,1000,1000,0,0,0,0,0
2025-12-15 01:08:37.117,SERVO_OUTPUT_RAW,2072309828,SERVO_OUTPUT_RAW,0,0,0,0,0,0,0,0,1000,1000,1000,1000,0,0,0,0,0
2025-12-15 01:08:37.217,SERVO_OUTPUT_RAW,2072409826,SERVO_OUTPUT_RAW,0,0,0,0,0,0,0,0,1000,1000,1000,1000,0,0,0,0,0
2025-12-15 01:08:37.317,SERVO_OUTPUT_RAW,2072509788,SERVO_OUTPUT_RAW,0,0,0,0,0,0,0,0,1000,1000,1000,1000,0,0,0,0,0
2025-12-15 01:08:37.416,SERVO_OUTPUT_RAW,2072609787,SERVO_OUTPUT_RAW,0,0,0,0,0,0,0,0,1000,1000,1000,1000,0,0,0,0,0
2025-12-15 01:08:37.517,SERVO_OUTPUT_RAW,2072709788,SERVO_OUTPUT_RAW,0,0,0,0,0,0,0,0,1000,1000,1000,1000,0,0,0,0,0
2025-12-15 01:08:37.616,SERVO_OUTPUT_RAW,2072809780,SERVO_OUTPUT_RAW,0,0,0,0,0,0,0,0,1000,1000,1000,1000,0,0,0,0,0
2025-12-15 01:08:37.716,SERVO_OUTPUT_RAW,2072909794,SERVO_OUTPUT_RAW,0,0,0,0,0,0,0,0,1000,1000,1000,1000,0,0,0,0,0
2025-12-15 01:08:37.816,SERVO_OUTPUT_RAW,2073009824,SERVO_OUTPUT_RAW,0,0,0,0,0,0,0,0,1000,1000,1000,1000,0,0,0,0,0
2025-12-15 01:08:37.916,SERVO_OUTPUT_RAW,2073109825,SERVO_OUTPUT_RAW,0,0,0,0,0,0,0,0,1000,1000,1000,1000,0,0,0,0,0
2025-12-15 01:08:38.016,SERVO_OUTPUT_RAW,2073209773,SERVO_OUTPUT_RAW,0,0,0,0,0,0,0,0,1000,1000,1000,1000,0,0,0,0,0
2025-12-15 01:08:38.116,SERVO_OUTPUT_RAW,2073309781,SERVO_OUTPUT_RAW,0,0,0,0,0,0,0,0,1000,1000,1000,1000,0,0,0,0,0
2025-12-15 01:08:38.216,SERVO_OUTPUT_RAW,2073409827,SERVO_OUTPUT_RAW,0,0,0,0,0,0,0,0,1000,1000,1000,1000,0,0,0,0,0
2025-12-15 01:08:38.316,SERVO_OUTPUT_RAW,2073509850,SERVO_OUTPUT_RAW,0,0,0,0,0,0,0,0,1000,1000,1000,1000,0,0,0,0,0
2025-12-15 01:08:38.417,SERVO_OUTPUT_RAW,2073609910,SERVO_OUTPUT_RAW,0,0,0,0,0,0,0,0,1000,1000,1000,1000,0,0,0,0,0
2025-12-15 01:08:38.516,SERVO_OUTPUT_RAW,2073709788,SERVO_OUTPUT_RAW,0,0,0,0,0,0,0,0,1000,1000,1000,1000,0,0,0,0,0
2025-12-15 01:08:38.617,SERVO_OUTPUT_RAW,2073809809,SERVO_OUTPUT_RAW,0,0,0,0,0,0,0,0,1000,1000,1000,1000,0,0,0,0,0
2025-12-15 01:08:38.716,SERVO_OUTPUT_RAW,2073909815,SERVO_OUTPUT_RAW,0,0,0,0,0,0,0,0,1000,1000,1000,1000,0,0,0,0,0
2025-12-15 01:08:38.816,SERVO_OUTPUT_RAW,2074009844,SERVO_OUTPUT_RAW,0,0,0,0,0,0,0,0,1000,1000,1000,1000,0,0,0,0,0
2025-12-15 01:08:38.917,SERVO_OUTPUT_RAW,2074109788,SERVO_OUTPUT_RAW,0,0,0,0,0,0,0,0,1000,1000,1000,1000,0,0,0,0,0
2025-12-15 01:08:39.017,SERVO_OUTPUT_RAW,2074209781,SERVO_OUTPUT_RAW,0,0,0,0,0,0,0,0,1000,1000,1000,1000,0,0,0,0,0
2025-12-15 01:08:39.117,SERVO_OUTPUT_RAW,2074309799,SERVO_OUTPUT_RAW,0,0,0,0,0,0,0,0,1000,1000,1000,1000,0,0,0,0,0
2025-12-15 01:08:39.217,SERVO_OUTPUT_RAW,2074409784,SERVO_OUTPUT_RAW,0,0,0,0,0,0,0,0,1000,1000,1000,1000,0,0,0,0,0
2025-12-15 01:08:39.317,SERVO_OUTPUT_RAW,2074509799,SERVO_OUTPUT_RAW,0,0,0,0,0,0,0,0,1000,1000,1000,1000,0,0,0,0,0
2025-12-15 01:08:39.417,SERVO_OUTPUT_RAW,2074609835,SERVO_OUTPUT_RAW,0,0,0,0,0,0,0,0,1000,1000,1000,1000,0,0,0,0,0
2025-12-15 01:08:39.517,SERVO_OUTPUT_RAW,2074709860,SERVO_OUTPUT_RAW,0,0,0,0,0,0,0,0,1000,1000,1000,1000,0,0,0,0,0
2025-12-15 01:08:39.617,SERVO_OUTPUT_RAW,2074809805,SERVO_OUTPUT_RAW,0,0,0,0,0,0,0,0,1000,1000,1000,1000,0,0,0,0,0
2025-12-15 01:08:39.717,SERVO_OUTPUT_RAW,2074909800,SERVO_OUTPUT_RAW,0,0,0,0,0,0,0,0,1000,1000,1000,1000,0,0,0,0,0
2025-12-15 01:08:39.817,SERVO_OUTPUT_RAW,2075009817,SERVO_OUTPUT_RAW,0,0,0,0,0,0,0,0,1000,1000,1000,1000,0,0,0,0,0
2025-12-15 01:08:39.922,SERVO_OUTPUT_RAW,2075109841,SERVO_OUTPUT_RAW,0,0,0,0,0,0,0,0,1000,1000,1000,1000,0,0,0,0,0
2025-12-15 01:08:40.017,SERVO_OUTPUT_RAW,2075209779,SERVO_OUTPUT_RAW,0,0,0,0,0,0,0,0,1000,1000,1000,1000,0,0,0,0,0
2025-12-15 01:08:40.117,SERVO_OUTPUT_RAW,2075309800,SERVO_OUTPUT_RAW,0,0,0,0,0,0,0,0,1000,1000,1000,1000,0,0,0,0,0
2025-12-15 01:08:40.217,SERVO_OUTPUT_RAW,2075409818,SERVO_OUTPUT_RAW,0,0,0,0,0,0,0,0,1000,1000,1000,1000,0,0,0,0,0
2025-12-15 01:08:40.317,SERVO_OUTPUT_RAW,2075509830,SERVO_OUTPUT_RAW,0,0,0,0,0,0,0,0,1000,1000,1000,1000,0,0,0,0,0
2025-12-15 01:08:40.417,SERVO_OUTPUT_RAW,2075609800,SERVO_OUTPUT_RAW,0,0,0,0,0,0,0,0,1000,1000,1000,1000,0,0,0,0,0
2025-12-15 01:08:40.517,SERVO_OUTPUT_RAW,2075709857,SERVO_OUTPUT_RAW,0,0,0,0,0,0,0,0,1000,1000,1000,1000,0,0,0,0,0
2025-12-15 01:08:40.617,SERVO_OUTPUT_RAW,2075809791,SERVO_OUTPUT_RAW,0,0,0,0,0,0,0,0,1000,1000,1000,1000,0,0,0,0,0
2025-12-15 01:08:40.717,SERVO_OUTPUT_RAW,2075909777,SERVO_OUTPUT_RAW,0,0,0,0,0,0,0,0,1000,1000,1000,1000,0,0,0,0,0
2025-12-15 01:08:40.817,SERVO_OUTPUT_RAW,2076009795,SERVO_OUTPUT_RAW,0,0,0,0,0,0,0,0,1000,1000,1000,1000,0,0,0,0,0
2025-12-15 01:08:40.917,SERVO_OUTPUT_RAW,2076109815,SERVO_OUTPUT_RAW,0,0,0,0,0,0,0,0,1000,1000,1000,1000,0,0,0,0,0
2025-12-15 01:08:41.017,SERVO_OUTPUT_RAW,2076209826,SERVO_OUTPUT_RAW,0,0,0,0,0,0,0,0,1000,1000,1000,1000,0,0,0,0,0
2025-12-15 01:08:41.117,SERVO_OUTPUT_RAW,2076309880,SERVO_OUTPUT_RAW,0,0,0,0,0,0,0,0,1000,1000,1000,1000,0,0,0,0,0
2025-12-15 01:08:41.217,SERVO_OUTPUT_RAW,2076409810,SERVO_OUTPUT_RAW,0,0,0,0,0,0,0,0,1000,1000,1000,1000,0,0,0,0,0
2025-12-15 01:08:41.317,SERVO_OUTPUT_RAW,2076509839,SERVO_OUTPUT_RAW,0,0,0,0,0,0,0,0,1000,1000,1000,1000,0,0,0,0,0
2025-12-15 01:08:41.417,SERVO_OUTPUT_RAW,2076609835,SERVO_OUTPUT_RAW,0,0,0,0,0,0,0,0,1000,1000,1000,1000,0,0,0,0,0
2025-12-15 01:08:41.517,SERVO_OUTPUT_RAW,2076709849,SERVO_OUTPUT_RAW,0,0,0,0,0,0,0,0,1000,1000,1000,1000,0,0,0,0,0
2025-12-15 01:08:41.617,SERVO_OUTPUT_RAW,2076809781,SERVO_OUTPUT_RAW,0,0,0,0,0,0,0,0,1000,1000,1000,1000,0,0,0,0,0
2025-12-15 01:08:41.717,SERVO_OUTPUT_RAW,2076909817,SERVO_OUTPUT_RAW,0,0,0,0,0,0,0,0,1000,1000,1000,1000,0,0,0,0,0
2025-12-15 01:08:41.817,SERVO_OUTPUT_RAW,2077009824,SERVO_OUTPUT_RAW,0,0,0,0,0,0,0,0,1000,1000,1000,1000,0,0,0,0,0
2025-12-15 01:08:41.917,SERVO_OUTPUT_RAW,2077109799,SERVO_OUTPUT_RAW,0,0,0,0,0,0,0,0,1000,1000,1000,1000,0,0,0,0,0
2025-12-15 01:08:42.017,SERVO_OUTPUT_RAW,2077209797,SERVO_OUTPUT_RAW,0,0,0,0,0,0,0,0,1000,1000,1000,1000,0,0,0,0,0
2025-12-15 01:08:42.117,SERVO_OUTPUT_RAW,2077309785,SERVO_OUTPUT_RAW,0,0,0,0,0,0,0,0,1000,1000,1000,1000,0,0,0,0,0
2025-12-15 01:08:42.217,SERVO_OUTPUT_RAW,2077409801,SERVO_OUTPUT_RAW,0,0,0,0,0,0,0,0,1000,1000,1000,1000,0,0,0,0,0
2025-12-15 01:08:42.317,SERVO_OUTPUT_RAW,2077509789,SERVO_OUTPUT_RAW,0,0,0,0,0,0,0,0,1000,1000,1000,1000,0,0,0,0,0
2025-12-15 01:08:42.419,SERVO_OUTPUT_RAW,2077609785,SERVO_OUTPUT_RAW,0,0,0,0,0,0,0,0,1000,1000,1000,1000,0,0,0,0,0
2025-12-15 01:08:42.517,SERVO_OUTPUT_RAW,2077709833,SERVO_OUTPUT_RAW,0,0,0,0,0,0,0,0,1000,1000,1000,1000,0,0,0,0,0
2025-12-15 01:08:42.617,SERVO_OUTPUT_RAW,2077812141,SERVO_OUTPUT_RAW,0,0,0,0,0,0,0,0,1000,1000,1000,1000,0,0,0,0,0
2025-12-15 01:08:42.717,SERVO_OUTPUT_RAW,2077909864,SERVO_OUTPUT_RAW,0,0,0,0,0,0,0,0,1000,1000,1000,1000,0,0,0,0,0
2025-12-15 01:08:42.817,SERVO_OUTPUT_RAW,2078009794,SERVO_OUTPUT_RAW,0,0,0,0,0,0,0,0,1000,1000,1000,1000,0,0,0,0,0
2025-12-15 01:08:42.917,SERVO_OUTPUT_RAW,2078109811,SERVO_OUTPUT_RAW,0,0,0,0,0,0,0,0,1000,1000,1000,1000,0,0,0,0,0
2025-12-15 01:08:43.017,SERVO_OUTPUT_RAW,2078209848,SERVO_OUTPUT_RAW,0,0,0,0,0,0,0,0,1000,1000,1000,1000,0,0,0,0,0
2025-12-15 01:08:43.118,SERVO_OUTPUT_RAW,2078309855,SERVO_OUTPUT_RAW,0,0,0,0,0,0,0,0,1000,1000,1000,1000,0,0,0,0,0
2025-12-15 01:08:43.217,SERVO_OUTPUT_RAW,2078409790,SERVO_OUTPUT_RAW,0,0,0,0,0,0,0,0,1000,1000,1000,1000,0,0,0,0,0
2025-12-15 01:08:43.317,SERVO_OUTPUT_RAW,2078509826,SERVO_OUTPUT_RAW,0,0,0,0,0,0,0,0,1000,1000,1000,1000,0,0,0,0,0
2025-12-15 01:08:43.418,SERVO_OUTPUT_RAW,2078609813,SERVO_OUTPUT_RAW,0,0,0,0,0,0,0,0,1000,1000,1000,1000,0,0,0,0,0
2025-12-15 01:08:43.518,SERVO_OUTPUT_RAW,2078709784,SERVO_OUTPUT_RAW,0,0,0,0,0,0,0,0,1000,1000,1000,1000,0,0,0,0,0
2025-12-15 01:08:43.617,SERVO_OUTPUT_RAW,2078809790,SERVO_OUTPUT_RAW,0,0,0,0,0,0,0,0,1000,1000,1000,1000,0,0,0,0,0
2025-12-15 01:08:43.717,SERVO_OUTPUT_RAW,2078909797,SERVO_OUTPUT_RAW,0,0,0,0,0,0,0,0,1000,1000,1000,1000,0,0,0,0,0
2025-12-15 01:08:43.818,SERVO_OUTPUT_RAW,2079009792,SERVO_OUTPUT_RAW,0,0,0,0,0,0,0,0,1000,1000,1000,1000,0,0,0,0,0
2025-12-15 01:08:43.918,SERVO_OUTPUT_RAW,2079109790,SERVO_OUTPUT_RAW,0,0,0,0,0,0,0,0,1000,1000,1000,1000,0,0,0,0,0
2025-12-15 01:08:44.017,SERVO_OUTPUT_RAW,2079209815,SERVO_OUTPUT_RAW,0,0,0,0,0,0,0,0,1000,1000,1000,1000,0,0,0,0,0
2025-12-15 01:08:44.117,SERVO_OUTPUT_RAW,2079309824,SERVO_OUTPUT_RAW,0,0,0,0,0,0,0,0,1000,1000,1000,1000,0,0,0,0,0
2025-12-15 01:08:44.218,SERVO_OUTPUT_RAW,2079409807,SERVO_OUTPUT_RAW,0,0,0,0,0,0,0,0,1000,1000,1000,1000,0,0,0,0,0
2025-12-15 01:08:44.317,SERVO_OUTPUT_RAW,2079509796,SERVO_OUTPUT_RAW,0,0,0,0,0,0,0,0,1000,1000,1000,1000,0,0,0,0,0
2025-12-15 01:08:44.418,SERVO_OUTPUT_RAW,2079609833,SERVO_OUTPUT_RAW,0,0,0,0,0,0,0,0,1000,1000,1000,1000,0,0,0,0,0
2025-12-15 01:08:44.518,SERVO_OUTPUT_RAW,2079709825,SERVO_OUTPUT_RAW,0,0,0,0,0,0,0,0,1000,1000,1000,1000,0,0,0,0,0
2025-12-15 01:08:44.618,SERVO_OUTPUT_RAW,2079809874,SERVO_OUTPUT_RAW,0,0,0,0,0,0,0,0,1000,1000,1000,1000,0,0,0,0,0
2025-12-15 01:08:44.718,SERVO_OUTPUT_RAW,2079909921,SERVO_OUTPUT_RAW,0,0,0,0,0,0,0,0,1000,1000,1000,1000,0,0,0,0,0
2025-12-15 01:08:44.818,SERVO_OUTPUT_RAW,2080009800,SERVO_OUTPUT_RAW,0,0,0,0,0,0,0,0,1000,1000,1000,1000,0,0,0,0,0
2025-12-15 01:08:44.918,SERVO_OUTPUT_RAW,2080109935,SERVO_OUTPUT_RAW,0,0,0,0,0,0,0,0,1000,1000,1000,1000,0,0,0,0,0
2025-12-15 01:08:45.018,SERVO_OUTPUT_RAW,2080209818,SERVO_OUTPUT_RAW,0,0,0,0,0,0,0,0,1000,1000,1000,1000,0,0,0,0,0
2025-12-15 01:08:45.118,SERVO_OUTPUT_RAW,2080309782,SERVO_OUTPUT_RAW,0,0,0,0,0,0,0,0,1000,1000,1000,1000,0,0,0,0,0
2025-12-15 01:08:45.218,SERVO_OUTPUT_RAW,2080409802,SERVO_OUTPUT_RAW,0,0,0,0,0,0,0,0,1000,1000,1000,1000,0,0,0,0,0
2025-12-15 01:08:45.318,SERVO_OUTPUT_RAW,2080509779,SERVO_OUTPUT_RAW,0,0,0,0,0,0,0,0,1000,1000,1000,1000,0,0,0,0,0
2025-12-15 01:08:45.418,SERVO_OUTPUT_RAW,2080609778,SERVO_OUTPUT_RAW,0,0,0,0,0,0,0,0,1000,1000,1000,1000,0,0,0,0,0
2025-12-15 01:08:45.518,SERVO_OUTPUT_RAW,2080709776,SERVO_OUTPUT_RAW,0,0,0,0,0,0,0,0,1000,1000,1000,1000,0,0,0,0,0
2025-12-15 01:08:45.618,SERVO_OUTPUT_RAW,2080809823,SERVO_OUTPUT_RAW,0,0,0,0,0,0,0,0,1000,1000,1000,1000,0,0,0,0,0
2025-12-15 01:08:45.718,SERVO_OUTPUT_RAW,2080909840,SERVO_OUTPUT_RAW,0,0,0,0,0,0,0,0,1000,1000,1000,1000,0,0,0,0,0
2025-12-15 01:08:45.818,SERVO_OUTPUT_RAW,2081009910,SERVO_OUTPUT_RAW,0,0,0,0,0,0,0,0,1000,1000,1000,1000,0,0,0,0,0
2025-12-15 01:08:45.918,SERVO_OUTPUT_RAW,2081109813,SERVO_OUTPUT_RAW,0,0,0,0,0,0,0,0,1000,1000,1000,1000,0,0,0,0,0
2025-12-15 01:08:46.018,SERVO_OUTPUT_RAW,2081209823,SERVO_OUTPUT_RAW,0,0,0,0,0,0,0,0,1000,1000,1000,1000,0,0,0,0,0
2025-12-15 01:08:46.118,SERVO_OUTPUT_RAW,2081309844,SERVO_OUTPUT_RAW,0,0,0,0,0,0,0,0,1000,1000,1000,1000,0,0,0,0,0
2025-12-15 01:08:46.218,SERVO_OUTPUT_RAW,2081409844,SERVO_OUTPUT_RAW,0,0,0,0,0,0,0,0,1000,1000,1000,1000,0,0,0,0,0
2025-12-15 01:08:46.317,SERVO_OUTPUT_RAW,2081509789,SERVO_OUTPUT_RAW,0,0,0,0,0,0,0,0,1000,1000,1000,1000,0,0,0,0,0
2025-12-15 01:08:46.418,SERVO_OUTPUT_RAW,2081609796,SERVO_OUTPUT_RAW,0,0,0,0,0,0,0,0,1000,1000,1000,1000,0,0,0,0,0
2025-12-15 01:08:46.518,SERVO_OUTPUT_RAW,2081709800,SERVO_OUTPUT_RAW,0,0,0,0,0,0,0,0,1000,1000,1000,1000,0,0,0,0,0
2025-12-15 01:08:46.618,SERVO_OUTPUT_RAW,2081809783,SERVO_OUTPUT_RAW,0,0,0,0,0,0,0,0,1000,1000,1000,1000,0,0,0,0,0
2025-12-15 01:08:46.718,SERVO_OUTPUT_RAW,2081909796,SERVO_OUTPUT_RAW,0,0,0,0,0,0,0,0,1000,1000,1000,1000,0,0,0,0,0
2025-12-15 01:08:46.817,SERVO_OUTPUT_RAW,2082009844,SERVO_OUTPUT_RAW,0,0,0,0,0,0,0,0,1000,1000,1000,1000,0,0,0,0,0
2025-12-15 01:08:46.917,SERVO_OUTPUT_RAW,2082109782,SERVO_OUTPUT_RAW,0,0,0,0,0,0,0,0,1000,1000,1000,1000,0,0,0,0,0
2025-12-15 01:08:47.017,SERVO_OUTPUT_RAW,2082209782,SERVO_OUTPUT_RAW,0,0,0,0,0,0,0,0,1000,1000,1000,1000,0,0,0,0,0
2025-12-15 01:08:47.117,SERVO_OUTPUT_RAW,2082309783,SERVO_OUTPUT_RAW,0,0,0,0,0,0,0,0,1000,1000,1000,1000,0,0,0,0,0
2025-12-15 01:08:47.217,SERVO_OUTPUT_RAW,2082409831,SERVO_OUTPUT_RAW,0,0,0,0,0,0,0,0,1000,1000,1000,1000,0,0,0,0,0
2025-12-15 01:08:47.317,SERVO_OUTPUT_RAW,2082509803,SERVO_OUTPUT_RAW,0,0,0,0,0,0,0,0,1000,1000,1000,1000,0,0,0,0,0
2025-12-15 01:08:47.418,SERVO_OUTPUT_RAW,2082609859,SERVO_OUTPUT_RAW,0,0,0,0,0,0,0,0,1000,1000,1000,1000,0,0,0,0,0
2025-12-15 01:08:47.517,SERVO_OUTPUT_RAW,2082709845,SERVO_OUTPUT_RAW,0,0,0,0,0,0,0,0,1000,1000,1000,1000,0,0,0,0,0
2025-12-15 01:08:47.617,SERVO_OUTPUT_RAW,2082809850,SERVO_OUTPUT_RAW,0,0,0,0,0,0,0,0,1000,1000,1000,1000,0,0,0,0,0
2025-12-15 01:08:47.717,SERVO_OUTPUT_RAW,2082909850,SERVO_OUTPUT_RAW,0,0,0,0,0,0,0,0,1000,1000,1000,1000,0,0,0,0,0
2025-12-15 01:08:47.817,SERVO_OUTPUT_RAW,2083009778,SERVO_OUTPUT_RAW,0,0,0,0,0,0,0,0,1000,1000,1000,1000,0,0,0,0,0
2025-12-15 01:08:47.917,SERVO_OUTPUT_RAW,2083109780,SERVO_OUTPUT_RAW,0,0,0,0,0,0,0,0,1000,1000,1000,1000,0,0,0,0,0
2025-12-15 01:08:48.017,SERVO_OUTPUT_RAW,2083209815,SERVO_OUTPUT_RAW,0,0,0,0,0,0,0,0,1000,1000,1000,1000,0,0,0,0,0
2025-12-15 01:08:48.117,SERVO_OUTPUT_RAW,2083309806,SERVO_OUTPUT_RAW,0,0,0,0,0,0,0,0,1000,1000,1000,1000,0,0,0,0,0
2025-12-15 01:08:48.217,SERVO_OUTPUT_RAW,2083409789,SERVO_OUTPUT_RAW,0,0,0,0,0,0,0,0,1000,1000,1000,1000,0,0,0,0,0
2025-12-15 01:08:48.317,SERVO_OUTPUT_RAW,2083509792,SERVO_OUTPUT_RAW,0,0,0,0,0,0,0,0,1000,1000,1000,1000,0,0,0,0,0
2025-12-15 01:08:48.417,SERVO_OUTPUT_RAW,2083609790,SERVO_OUTPUT_RAW,0,0,0,0,0,0,0,0,1000,1000,1000,1000,0,0,0,0,0
2025-12-15 01:08:48.517,SERVO_OUTPUT_RAW,2083709818,SERVO_OUTPUT_RAW,0,0,0,0,0,0,0,0,1000,1000,1000,1000,0,0,0,0,0
2025-12-15 01:08:48.617,SERVO_OUTPUT_RAW,2083809788,SERVO_OUTPUT_RAW,0,0,0,0,0,0,0,0,1000,1000,1000,1000,0,0,0,0,0
2025-12-15 01:08:48.717,SERVO_OUTPUT_RAW,2083909815,SERVO_OUTPUT_RAW,0,0,0,0,0,0,0,0,1000,1000,1000,1000,0,0,0,0,0
2025-12-15 01:08:48.817,SERVO_OUTPUT_RAW,2084009830,SERVO_OUTPUT_RAW,0,0,0,0,0,0,0,0,1000,1000,1000,1000,0,0,0,0,0
2025-12-15 01:08:48.917,SERVO_OUTPUT_RAW,2084112128,SERVO_OUTPUT_RAW,0,0,0,0,0,0,0,0,1000,1000,1000,1000,0,0,0,0,0
2025-12-15 01:08:49.017,SERVO_OUTPUT_RAW,2084209790,SERVO_OUTPUT_RAW,0,0,0,0,0,0,0,0,1000,1000,1000,1000,0,0,0,0,0
2025-12-15 01:08:49.117,SERVO_OUTPUT_RAW,2084309810,SERVO_OUTPUT_RAW,0,0,0,0,0,0,0,0,1000,1000,1000,1000,0,0,0,0,0
2025-12-15 01:08:49.217,SERVO_OUTPUT_RAW,2084409845,SERVO_OUTPUT_RAW,0,0,0,0,0,0,0,0,1000,1000,1000,1000,0,0,0,0,0
2025-12-15 01:08:49.317,SERVO_OUTPUT_RAW,2084509849,SERVO_OUTPUT_RAW,0,0,0,0,0,0,0,0,1000,1000,1000,1000,0,0,0,0,0
2025-12-15 01:08:49.417,SERVO_OUTPUT_RAW,2084609798,SERVO_OUTPUT_RAW,0,0,0,0,0,0,0,0,1000,1000,1000,1000,0,0,0,0,0
2025-12-15 01:08:49.517,SERVO_OUTPUT_RAW,2084709796,SERVO_OUTPUT_RAW,0,0,0,0,0,0,0,0,1000,1000,1000,1000,0,0,0,0,0
2025-12-15 01:08:49.617,SERVO_OUTPUT_RAW,2084809816,SERVO_OUTPUT_RAW,0,0,0,0,0,0,0,0,1000,1000,1000,1000,0,0,0,0,0
2025-12-15 01:08:49.717,SERVO_OUTPUT_RAW,2084909824,SERVO_OUTPUT_RAW,0,0,0,0,0,0,0,0,1000,1000,1000,1000,0,0,0,0,0
2025-12-15 01:08:49.817,SERVO_OUTPUT_RAW,2085009786,SERVO_OUTPUT_RAW,0,0,0,0,0,0,0,0,1000,1000,1000,1000,0,0,0,0,0
2025-12-15 01:08:49.917,SERVO_OUTPUT_RAW,2085109789,SERVO_OUTPUT_RAW,0,0,0,0,0,0,0,0,1000,1000,1000,1000,0,0,0,0,0
2025-12-15 01:08:50.018,SERVO_OUTPUT_RAW,2085209785,SERVO_OUTPUT_RAW,0,0,0,0,0,0,0,0,1000,1000,1000,1000,0,0,0,0,0
2025-12-15 01:08:50.117,SERVO_OUTPUT_RAW,2085309788,SERVO_OUTPUT_RAW,0,0,0,0,0,0,0,0,1000,1000,1000,1000,0,0,0,0,0
2025-12-15 01:08:50.217,SERVO_OUTPUT_RAW,2085409798,SERVO_OUTPUT_RAW,0,0,0,0,0,0,0,0,1000,1000,1000,1000,0,0,0,0,0
2025-12-15 01:08:50.315,SERVO_OUTPUT_RAW,2085509837,SERVO_OUTPUT_RAW,0,0,0,0,0,0,0,0,1000,1000,1000,1000,0,0,0,0,0
2025-12-15 01:08:50.415,SERVO_OUTPUT_RAW,2085609865,SERVO_OUTPUT_RAW,0,0,0,0,0,0,0,0,1000,1000,1000,1000,0,0,0,0,0
2025-12-15 01:08:50.515,SERVO_OUTPUT_RAW,2085709802,SERVO_OUTPUT_RAW,0,0,0,0,0,0,0,0,1000,1000,1000,1000,0,0,0,0,0
2025-12-15 01:08:50.615,SERVO_OUTPUT_RAW,2085809789,SERVO_OUTPUT_RAW,0,0,0,0,0,0,0,0,1000,1000,1000,1000,0,0,0,0,0
2025-12-15 01:08:50.715,SERVO_OUTPUT_RAW,2085909848,SERVO_OUTPUT_RAW,0,0,0,0,0,0,0,0,1000,1000,1000,1000,0,0,0,0,0
2025-12-15 01:08:50.815,SERVO_OUTPUT_RAW,2086009852,SERVO_OUTPUT_RAW,0,0,0,0,0,0,0,0,1000,1000,1000,1000,0,0,0,0,0
2025-12-15 01:08:50.915,SERVO_OUTPUT_RAW,2086109844,SERVO_OUTPUT_RAW,0,0,0,0,0,0,0,0,1000,1000,1000,1000,0,0,0,0,0
2025-12-15 01:08:51.015,SERVO_OUTPUT_RAW,2086212053,SERVO_OUTPUT_RAW,0,0,0,0,0,0,0,0,1000,1000,1000,1000,0,0,0,0,0
2025-12-15 01:08:51.115,SERVO_OUTPUT_RAW,2086309809,SERVO_OUTPUT_RAW,0,0,0,0,0,0,0,0,1000,1000,1000,1000,0,0,0,0,0
2025-12-15 01:08:51.215,SERVO_OUTPUT_RAW,2086409835,SERVO_OUTPUT_RAW,0,0,0,0,0,0,0,0,1000,1000,1000,1000,0,0,0,0,0
2025-12-15 01:08:51.315,SERVO_OUTPUT_RAW,2086509785,SERVO_OUTPUT_RAW,0,0,0,0,0,0,0,0,1000,1000,1000,1000,0,0,0,0,0
2025-12-15 01:08:51.415,SERVO_OUTPUT_RAW,2086609820,SERVO_OUTPUT_RAW,0,0,0,0,0,0,0,0,1000,1000,1000,1000,0,0,0,0,0
2025-12-15 01:08:51.515,SERVO_OUTPUT_RAW,2086709794,SERVO_OUTPUT_RAW,0,0,0,0,0,0,0,0,1000,1000,1000,1000,0,0,0,0,0
2025-12-15 01:08:51.615,SERVO_OUTPUT_RAW,2086809781,SERVO_OUTPUT_RAW,0,0,0,0,0,0,0,0,1000,1000,1000,1000,0,0,0,0,0
2025-12-15 01:08:51.715,SERVO_OUTPUT_RAW,2086909799,SERVO_OUTPUT_RAW,0,0,0,0,0,0,0,0,1000,1000,1000,1000,0,0,0,0,0
2025-12-15 01:08:51.815,SERVO_OUTPUT_RAW,2087009792,SERVO_OUTPUT_RAW,0,0,0,0,0,0,0,0,1000,1000,1000,1000,0,0,0,0,0
2025-12-15 01:08:51.915,SERVO_OUTPUT_RAW,2087109827,SERVO_OUTPUT_RAW,0,0,0,0,0,0,0,0,1000,1000,1000,1000,0,0,0,0,0
2025-12-15 01:08:52.015,SERVO_OUTPUT_RAW,2087209847,SERVO_OUTPUT_RAW,0,0,0,0,0,0,0,0,1000,1000,1000,1000,0,0,0,0,0
2025-12-15 01:08:52.115,SERVO_OUTPUT_RAW,2087309822,SERVO_OUTPUT_RAW,0,0,0,0,0,0,0,0,1000,1000,1000,1000,0,0,0,0,0
2025-12-15 01:08:52.215,SERVO_OUTPUT_RAW,2087409828,SERVO_OUTPUT_RAW,0,0,0,0,0,0,0,0,1000,1000,1000,1000,0,0,0,0,0
2025-12-15 01:08:52.315,SERVO_OUTPUT_RAW,2087509820,SERVO_OUTPUT_RAW,0,0,0,0,0,0,0,0,1000,1000,1000,1000,0,0,0,0,0
2025-12-15 01:08:52.415,SERVO_OUTPUT_RAW,2087609845,SERVO_OUTPUT_RAW,0,0,0,0,0,0,0,0,1000,1000,1000,1000,0,0,0,0,0
2025-12-15 01:08:52.516,SERVO_OUTPUT_RAW,2087709814,SERVO_OUTPUT_RAW,0,0,0,0,0,0,0,0,1000,1000,1000,1000,0,0,0,0,0
2025-12-15 01:08:52.615,SERVO_OUTPUT_RAW,2087809787,SERVO_OUTPUT_RAW,0,0,0,0,0,0,0,0,1000,1000,1000,1000,0,0,0,0,0
2025-12-15 01:08:52.715,SERVO_OUTPUT_RAW,2087909835,SERVO_OUTPUT_RAW,0,0,0,0,0,0,0,0,1000,1000,1000,1000,0,0,0,0,0
2025-12-15 01:08:52.815,SERVO_OUTPUT_RAW,2088009828,SERVO_OUTPUT_RAW,0,0,0,0,0,0,0,0,1000,1000,1000,1000,0,0,0,0,0
2025-12-15 01:08:52.915,SERVO_OUTPUT_RAW,2088109776,SERVO_OUTPUT_RAW,0,0,0,0,0,0,0,0,1000,1000,1000,1000,0,0,0,0,0
2025-12-15 01:08:53.015,SERVO_OUTPUT_RAW,2088209791,SERVO_OUTPUT_RAW,0,0,0,0,0,0,0,0,1000,1000,1000,1000,0,0,0,0,0
2025-12-15 01:08:53.115,SERVO_OUTPUT_RAW,2088309859,SERVO_OUTPUT_RAW,0,0,0,0,0,0,0,0,1000,1000,1000,1000,0,0,0,0,0
2025-12-15 01:08:53.215,SERVO_OUTPUT_RAW,2088409787,SERVO_OUTPUT_RAW,0,0,0,0,0,0,0,0,1000,1000,1000,1000,0,0,0,0,0
2025-12-15 01:08:53.315,SERVO_OUTPUT_RAW,2088509821,SERVO_OUTPUT_RAW,0,0,0,0,0,0,0,0,1000,1000,1000,1000,0,0,0,0,0
2025-12-15 01:08:53.415,SERVO_OUTPUT_RAW,2088609801,SERVO_OUTPUT_RAW,0,0,0,0,0,0,0,0,1000,1000,1000,1000,0,0,0,0,0
2025-12-15 01:08:53.515,SERVO_OUTPUT_RAW,2088709824,SERVO_OUTPUT_RAW,0,0,0,0,0,0,0,0,1000,1000,1000,1000,0,0,0,0,0
2025-12-15 01:08:53.615,SERVO_OUTPUT_RAW,2088809850,SERVO_OUTPUT_RAW,0,0,0,0,0,0,0,0,1000,1000,1000,1000,0,0,0,0,0
2025-12-15 01:08:53.715,SERVO_OUTPUT_RAW,2088909804,SERVO_OUTPUT_RAW,0,0,0,0,0,0,0,0,1000,1000,1000,1000,0,0,0,0,0
2025-12-15 01:08:53.815,SERVO_OUTPUT_RAW,2089009824,SERVO_OUTPUT_RAW,0,0,0,0,0,0,0,0,1000,1000,1000,1000,0,0,0,0,0
2025-12-15 01:08:53.915,SERVO_OUTPUT_RAW,2089109856,SERVO_OUTPUT_RAW,0,0,0,0,0,0,0,0,1000,1000,1000,1000,0,0,0,0,0
2025-12-15 01:08:54.015,SERVO_OUTPUT_RAW,2089209841,SERVO_OUTPUT_RAW,0,0,0,0,0,0,0,0,1000,1000,1000,1000,0,0,0,0,0
2025-12-15 01:08:54.115,SERVO_OUTPUT_RAW,2089309794,SERVO_OUTPUT_RAW,0,0,0,0,0,0,0,0,1000,1000,1000,1000,0,0,0,0,0
2025-12-15 01:08:54.215,SERVO_OUTPUT_RAW,2089409807,SERVO_OUTPUT_RAW,0,0,0,0,0,0,0,0,1000,1000,1000,1000,0,0,0,0,0
2025-12-15 01:08:54.315,SERVO_OUTPUT_RAW,2089509821,SERVO_OUTPUT_RAW,0,0,0,0,0,0,0,0,1000,1000,1000,1000,0,0,0,0,0
2025-12-15 01:08:54.415,SERVO_OUTPUT_RAW,2089609777,SERVO_OUTPUT_RAW,0,0,0,0,0,0,0,0,1000,1000,1000,1000,0,0,0,0,0
2025-12-15 01:08:54.515,SERVO_OUTPUT_RAW,2089709813,SERVO_OUTPUT_RAW,0,0,0,0,0,0,0,0,1000,1000,1000,1000,0,0,0,0,0
2025-12-15 01:08:54.615,SERVO_OUTPUT_RAW,2089809773,SERVO_OUTPUT_RAW,0,0,0,0,0,0,0,0,1000,1000,1000,1000,0,0,0,0,0
2025-12-15 01:08:54.715,SERVO_OUTPUT_RAW,2089909783,SERVO_OUTPUT_RAW,0,0,0,0,0,0,0,0,1000,1000,1000,1000,0,0,0,0,0
2025-12-15 01:08:54.815,SERVO_OUTPUT_RAW,2090009790,SERVO_OUTPUT_RAW,0,0,0,0,0,0,0,0,1000,1000,1000,1000,0,0,0,0,0
2025-12-15 01:08:54.918,SERVO_OUTPUT_RAW,2090109784,SERVO_OUTPUT_RAW,0,0,0,0,0,0,0,0,1000,1000,1000,1000,0,0,0,0,0
2025-12-15 01:08:55.015,SERVO_OUTPUT_RAW,2090209837,SERVO_OUTPUT_RAW,0,0,0,0,0,0,0,0,1000,1000,1000,1000,0,0,0,0,0
2025-12-15 01:08:55.116,SERVO_OUTPUT_RAW,2090309853,SERVO_OUTPUT_RAW,0,0,0,0,0,0,0,0,1000,1000,1000,1000,0,0,0,0,0
2025-12-15 01:08:55.216,SERVO_OUTPUT_RAW,2090412156,SERVO_OUTPUT_RAW,0,0,0,0,0,0,0,0,1000,1000,1000,1000,0,0,0,0,0
2025-12-15 01:08:55.318,SERVO_OUTPUT_RAW,2090509793,SERVO_OUTPUT_RAW,0,0,0,0,0,0,0,0,1000,1000,1000,1000,0,0,0,0,0
2025-12-15 01:08:55.418,SERVO_OUTPUT_RAW,2090609819,SERVO_OUTPUT_RAW,0,0,0,0,0,0,0,0,1000,1000,1000,1000,0,0,0,0,0
2025-12-15 01:08:55.518,SERVO_OUTPUT_RAW,2090709846,SERVO_OUTPUT_RAW,0,0,0,0,0,0,0,0,1000,1000,1000,1000,0,0,0,0,0
2025-12-15 01:08:55.618,SERVO_OUTPUT_RAW,2090809851,SERVO_OUTPUT_RAW,0,0,0,0,0,0,0,0,1000,1000,1000,1000,0,0,0,0,0
2025-12-15 01:08:55.718,SERVO_OUTPUT_RAW,2090909805,SERVO_OUTPUT_RAW,0,0,0,0,0,0,0,0,1000,1000,1000,1000,0,0,0,0,0
2025-12-15 01:08:55.818,SERVO_OUTPUT_RAW,2091009805,SERVO_OUTPUT_RAW,0,0,0,0,0,0,0,0,1000,1000,1000,1000,0,0,0,0,0
2025-12-15 01:08:55.918,SERVO_OUTPUT_RAW,2091109809,SERVO_OUTPUT_RAW,0,0,0,0,0,0,0,0,1000,1000,1000,1000,0,0,0,0,0
2025-12-15 01:08:56.018,SERVO_OUTPUT_RAW,2091209778,SERVO_OUTPUT_RAW,0,0,0,0,0,0,0,0,1000,1000,1000,1000,0,0,0,0,0
2025-12-15 01:08:56.119,SERVO_OUTPUT_RAW,2091309789,SERVO_OUTPUT_RAW,0,0,0,0,0,0,0,0,1000,1000,1000,1000,0,0,0,0,0
2025-12-15 01:08:56.218,SERVO_OUTPUT_RAW,2091409806,SERVO_OUTPUT_RAW,0,0,0,0,0,0,0,0,1000,1000,1000,1000,0,0,0,0,0
2025-12-15 01:08:56.317,SERVO_OUTPUT_RAW,2091509780,SERVO_OUTPUT_RAW,0,0,0,0,0,0,0,0,1000,1000,1000,1000,0,0,0,0,0
2025-12-15 01:08:56.417,SERVO_OUTPUT_RAW,2091609786,SERVO_OUTPUT_RAW,0,0,0,0,0,0,0,0,1000,1000,1000,1000,0,0,0,0,0
2025-12-15 01:08:56.517,SERVO_OUTPUT_RAW,2091709826,SERVO_OUTPUT_RAW,0,0,0,0,0,0,0,0,1000,1000,1000,1000,0,0,0,0,0
2025-12-15 01:08:56.617,SERVO_OUTPUT_RAW,2091812142,SERVO_OUTPUT_RAW,0,0,0,0,0,0,0,0,1000,1000,1000,1000,0,0,0,0,0
2025-12-15 01:08:56.718,SERVO_OUTPUT_RAW,2091909843,SERVO_OUTPUT_RAW,0,0,0,0,0,0,0,0,1000,1000,1000,1000,0,0,0,0,0
2025-12-15 01:08:56.817,SERVO_OUTPUT_RAW,2092009810,SERVO_OUTPUT_RAW,0,0,0,0,0,0,0,0,1000,1000,1000,1000,0,0,0,0,0
2025-12-15 01:08:56.917,SERVO_OUTPUT_RAW,2092109805,SERVO_OUTPUT_RAW,0,0,0,0,0,0,0,0,1000,1000,1000,1000,0,0,0,0,0
2025-12-15 01:08:57.017,SERVO_OUTPUT_RAW,2092209829,SERVO_OUTPUT_RAW,0,0,0,0,0,0,0,0,1000,1000,1000,1000,0,0,0,0,0
2025-12-15 01:08:57.117,SERVO_OUTPUT_RAW,2092309855,SERVO_OUTPUT_RAW,0,0,0,0,0,0,0,0,1000,1000,1000,1000,0,0,0,0,0
2025-12-15 01:08:57.217,SERVO_OUTPUT_RAW,2092409822,SERVO_OUTPUT_RAW,0,0,0,0,0,0,0,0,1000,1000,1000,1000,0,0,0,0,0
2025-12-15 01:08:57.317,SERVO_OUTPUT_RAW,2092509909,SERVO_OUTPUT_RAW,0,0,0,0,0,0,0,0,1000,1000,1000,1000,0,0,0,0,0
2025-12-15 01:08:57.418,SERVO_OUTPUT_RAW,2092609826,SERVO_OUTPUT_RAW,0,0,0,0,0,0,0,0,1000,1000,1000,1000,0,0,0,0,0
2025-12-15 01:08:57.517,SERVO_OUTPUT_RAW,2092709822,SERVO_OUTPUT_RAW,0,0,0,0,0,0,0,0,1000,1000,1000,1000,0,0,0,0,0
2025-12-15 01:08:57.617,SERVO_OUTPUT_RAW,2092809782,SERVO_OUTPUT_RAW,0,0,0,0,0,0,0,0,1000,1000,1000,1000,0,0,0,0,0
2025-12-15 01:08:57.717,SERVO_OUTPUT_RAW,2092909780,SERVO_OUTPUT_RAW,0,0,0,0,0,0,0,0,1000,1000,1000,1000,0,0,0,0,0
2025-12-15 01:08:57.817,SERVO_OUTPUT_RAW,2093009777,SERVO_OUTPUT_RAW,0,0,0,0,0,0,0,0,1000,1000,1000,1000,0,0,0,0,0
2025-12-15 01:08:57.917,SERVO_OUTPUT_RAW,2093109781,SERVO_OUTPUT_RAW,0,0,0,0,0,0,0,0,1000,1000,1000,1000,0,0,0,0,0
2025-12-15 01:08:58.017,SERVO_OUTPUT_RAW,2093209779,SERVO_OUTPUT_RAW,0,0,0,0,0,0,0,0,1000,1000,1000,1000,0,0,0,0,0
2025-12-15 01:08:58.117,SERVO_OUTPUT_RAW,2093309828,SERVO_OUTPUT_RAW,0,0,0,0,0,0,0,0,1000,1000,1000,1000,0,0,0,0,0
2025-12-15 01:08:58.217,SERVO_OUTPUT_RAW,2093412131,SERVO_OUTPUT_RAW,0,0,0,0,0,0,0,0,1000,1000,1000,1000,0,0,0,0,0
2025-12-15 01:08:58.317,SERVO_OUTPUT_RAW,2093509810,SERVO_OUTPUT_RAW,0,0,0,0,0,0,0,0,1000,1000,1000,1000,0,0,0,0,0
2025-12-15 01:08:58.417,SERVO_OUTPUT_RAW,2093609827,SERVO_OUTPUT_RAW,0,0,0,0,0,0,0,0,1000,1000,1000,1000,0,0,0,0,0
2025-12-15 01:08:58.517,SERVO_OUTPUT_RAW,2093709834,SERVO_OUTPUT_RAW,0,0,0,0,0,0,0,0,1000,1000,1000,1000,0,0,0,0,0
2025-12-15 01:08:58.617,SERVO_OUTPUT_RAW,2093809852,SERVO_OUTPUT_RAW,0,0,0,0,0,0,0,0,1000,1000,1000,1000,0,0,0,0,0
2025-12-15 01:08:58.717,SERVO_OUTPUT_RAW,2093909838,SERVO_OUTPUT_RAW,0,0,0,0,0,0,0,0,1000,1000,1000,1000,0,0,0,0,0
2025-12-15 01:08:58.817,SERVO_OUTPUT_RAW,2094009782,SERVO_OUTPUT_RAW,0,0,0,0,0,0,0,0,1000,1000,1000,1000,0,0,0,0,0
2025-12-15 01:08:58.917,SERVO_OUTPUT_RAW,2094109797,SERVO_OUTPUT_RAW,0,0,0,0,0,0,0,0,1000,1000,1000,1000,0,0,0,0,0
2025-12-15 01:08:59.017,SERVO_OUTPUT_RAW,2094209809,SERVO_OUTPUT_RAW,0,0,0,0,0,0,0,0,1000,1000,1000,1000,0,0,0,0,0
2025-12-15 01:08:59.117,SERVO_OUTPUT_RAW,2094309829,SERVO_OUTPUT_RAW,0,0,0,0,0,0,0,0,1000,1000,1000,1000,0,0,0,0,0
2025-12-15 01:08:59.217,SERVO_OUTPUT_RAW,2094409783,SERVO_OUTPUT_RAW,0,0,0,0,0,0,0,0,1000,1000,1000,1000,0,0,0,0,0
2025-12-15 01:08:59.317,SERVO_OUTPUT_RAW,2094509806,SERVO_OUTPUT_RAW,0,0,0,0,0,0,0,0,1000,1000,1000,1000,0,0,0,0,0
2025-12-15 01:08:59.417,SERVO_OUTPUT_RAW,2094609855,SERVO_OUTPUT_RAW,0,0,0,0,0,0,0,0,1000,1000,1000,1000,0,0,0,0,0
2025-12-15 01:08:59.517,SERVO_OUTPUT_RAW,2094712118,SERVO_OUTPUT_RAW,0,0,0,0,0,0,0,0,1000,1000,1000,1000,0,0,0,0,0
2025-12-15 01:08:59.618,SERVO_OUTPUT_RAW,2094812135,SERVO_OUTPUT_RAW,0,0,0,0,0,0,0,0,1000,1000,1000,1000,0,0,0,0,0
2025-12-15 01:08:59.717,SERVO_OUTPUT_RAW,2094909825,SERVO_OUTPUT_RAW,0,0,0,0,0,0,0,0,1000,1000,1000,1000,0,0,0,0,0
2025-12-15 01:08:59.818,SERVO_OUTPUT_RAW,2095009853,SERVO_OUTPUT_RAW,0,0,0,0,0,0,0,0,1000,1000,1000,1000,0,0,0,0,0
2025-12-15 01:08:59.918,SERVO_OUTPUT_RAW,2095109808,SERVO_OUTPUT_RAW,0,0,0,0,0,0,0,0,1000,1000,1000,1000,0,0,0,0,0
2025-12-15 01:09:00.018,SERVO_OUTPUT_RAW,2095209806,SERVO_OUTPUT_RAW,0,0,0,0,0,0,0,0,1000,1000,1000,1000,0,0,0,0,0
2025-12-15 01:09:00.118,SERVO_OUTPUT_RAW,2095309833,SERVO_OUTPUT_RAW,0,0,0,0,0,0,0,0,1000,1000,1000,1000,0,0,0,0,0
2025-12-15 01:09:00.217,SERVO_OUTPUT_RAW,2095409849,SERVO_OUTPUT_RAW,0,0,0,0,0,0,0,0,1000,1000,1000,1000,0,0,0,0,0
2025-12-15 01:09:00.317,SERVO_OUTPUT_RAW,2095509815,SERVO_OUTPUT_RAW,0,0,0,0,0,0,0,0,1000,1000,1000,1000,0,0,0,0,0
2025-12-15 01:09:00.417,SERVO_OUTPUT_RAW,2095609796,SERVO_OUTPUT_RAW,0,0,0,0,0,0,0,0,1000,1000,1000,1000,0,0,0,0,0
2025-12-15 01:09:00.518,SERVO_OUTPUT_RAW,2095709813,SERVO_OUTPUT_RAW,0,0,0,0,0,0,0,0,1000,1000,1000,1000,0,0,0,0,0
2025-12-15 01:09:00.617,SERVO_OUTPUT_RAW,2095809834,SERVO_OUTPUT_RAW,0,0,0,0,0,0,0,0,1000,1000,1000,1000,0,0,0,0,0
2025-12-15 01:09:00.717,SERVO_OUTPUT_RAW,2095909781,SERVO_OUTPUT_RAW,0,0,0,0,0,0,0,0,1000,1000,1000,1000,0,0,0,0,0
2025-12-15 01:09:00.817,SERVO_OUTPUT_RAW,2096009789,SERVO_OUTPUT_RAW,0,0,0,0,0,0,0,0,1000,1000,1000,1000,0,0,0,0,0
2025-12-15 01:09:00.918,SERVO_OUTPUT_RAW,2096109798,SERVO_OUTPUT_RAW,0,0,0,0,0,0,0,0,1000,1000,1000,1000,0,0,0,0,0
2025-12-15 01:09:01.018,SERVO_OUTPUT_RAW,2096209788,SERVO_OUTPUT_RAW,0,0,0,0,0,0,0,0,1000,1000,1000,1000,0,0,0,0,0
2025-12-15 01:09:01.118,SERVO_OUTPUT_RAW,2096312105,SERVO_OUTPUT_RAW,0,0,0,0,0,0,0,0,1000,1000,1000,1000,0,0,0,0,0
2025-12-15 01:09:01.218,SERVO_OUTPUT_RAW,2096409809,SERVO_OUTPUT_RAW,0,0,0,0,0,0,0,0,1000,1000,1000,1000,0,0,0,0,0
2025-12-15 01:09:01.318,SERVO_OUTPUT_RAW,2096509821,SERVO_OUTPUT_RAW,0,0,0,0,0,0,0,0,1000,1000,1000,1000,0,0,0,0,0
2025-12-15 01:09:01.418,SERVO_OUTPUT_RAW,2096609836,SERVO_OUTPUT_RAW,0,0,0,0,0,0,0,0,1000,1000,1000,1000,0,0,0,0,0
2025-12-15 01:09:01.518,SERVO_OUTPUT_RAW,2096712090,SERVO_OUTPUT_RAW,0,0,0,0,0,0,0,0,1000,1000,1000,1000,0,0,0,0,0
2025-12-15 01:09:01.618,SERVO_OUTPUT_RAW,2096809808,SERVO_OUTPUT_RAW,0,0,0,0,0,0,0,0,1000,1000,1000,1000,0,0,0,0,0
2025-12-15 01:09:01.718,SERVO_OUTPUT_RAW,2096909841,SERVO_OUTPUT_RAW,0,0,0,0,0,0,0,0,1000,1000,1000,1000,0,0,0,0,0
2025-12-15 01:09:01.818,SERVO_OUTPUT_RAW,2097009856,SERVO_OUTPUT_RAW,0,0,0,0,0,0,0,0,1000,1000,1000,1000,0,0,0,0,0
2025-12-15 01:09:01.918,SERVO_OUTPUT_RAW,2097109778,SERVO_OUTPUT_RAW,0,0,0,0,0,0,0,0,1000,1000,1000,1000,0,0,0,0,0
2025-12-15 01:09:02.018,SERVO_OUTPUT_RAW,2097209821,SERVO_OUTPUT_RAW,0,0,0,0,0,0,0,0,1000,1000,1000,1000,0,0,0,0,0
2025-12-15 01:09:02.118,SERVO_OUTPUT_RAW,2097309821,SERVO_OUTPUT_RAW,0,0,0,0,0,0,0,0,1000,1000,1000,1000,0,0,0,0,0
2025-12-15 01:09:02.218,SERVO_OUTPUT_RAW,2097409781,SERVO_OUTPUT_RAW,0,0,0,0,0,0,0,0,1000,1000,1000,1000,0,0,0,0,0
2025-12-15 01:09:02.318,SERVO_OUTPUT_RAW,2097509781,SERVO_OUTPUT_RAW,0,0,0,0,0,0,0,0,1000,1000,1000,1000,0,0,0,0,0
2025-12-15 01:09:02.419,SERVO_OUTPUT_RAW,2097609799,SERVO_OUTPUT_RAW,0,0,0,0,0,0,0,0,1000,1000,1000,1000,0,0,0,0,0
2025-12-15 01:09:02.518,SERVO_OUTPUT_RAW,2097709789,SERVO_OUTPUT_RAW,0,0,0,0,0,0,0,0,1000,1000,1000,1000,0,0,0,0,0
2025-12-15 01:09:02.618,SERVO_OUTPUT_RAW,2097809794,SERVO_OUTPUT_RAW,0,0,0,0,0,0,0,0,1000,1000,1000,1000,0,0,0,0,0
2025-12-15 01:09:02.718,SERVO_OUTPUT_RAW,2097909811,SERVO_OUTPUT_RAW,0,0,0,0,0,0,0,0,1000,1000,1000,1000,0,0,0,0,0
2025-12-15 01:09:02.818,SERVO_OUTPUT_RAW,2098009832,SERVO_OUTPUT_RAW,0,0,0,0,0,0,0,0,1000,1000,1000,1000,0,0,0,0,0
2025-12-15 01:09:02.918,SERVO_OUTPUT_RAW,2098109851,SERVO_OUTPUT_RAW,0,0,0,0,0,0,0,0,1000,1000,1000,1000,0,0,0,0,0
2025-12-15 01:09:03.018,SERVO_OUTPUT_RAW,2098209850,SERVO_OUTPUT_RAW,0,0,0,0,0,0,0,0,1000,1000,1000,1000,0,0,0,0,0
2025-12-15 01:09:03.118,SERVO_OUTPUT_RAW,2098309804,SERVO_OUTPUT_RAW,0,0,0,0,0,0,0,0,1000,1000,1000,1000,0,0,0,0,0
2025-12-15 01:09:03.218,SERVO_OUTPUT_RAW,2098409820,SERVO_OUTPUT_RAW,0,0,0,0,0,0,0,0,1000,1000,1000,1000,0,0,0,0,0
2025-12-15 01:09:03.318,SERVO_OUTPUT_RAW,2098509834,SERVO_OUTPUT_RAW,0,0,0,0,0,0,0,0,1000,1000,1000,1000,0,0,0,0,0
2025-12-15 01:09:03.418,SERVO_OUTPUT_RAW,2098609843,SERVO_OUTPUT_RAW,0,0,0,0,0,0,0,0,1000,1000,1000,1000,0,0,0,0,0
2025-12-15 01:09:03.518,SERVO_OUTPUT_RAW,2098709776,SERVO_OUTPUT_RAW,0,0,0,0,0,0,0,0,1000,1000,1000,1000,0,0,0,0,0
2025-12-15 01:09:03.618,SERVO_OUTPUT_RAW,2098809937,SERVO_OUTPUT_RAW,0,0,0,0,0,0,0,0,1000,1000,1000,1000,0,0,0,0,0
2025-12-15 01:09:03.718,SERVO_OUTPUT_RAW,2098909821,SERVO_OUTPUT_RAW,0,0,0,0,0,0,0,0,1000,1000,1000,1000,0,0,0,0,0
2025-12-15 01:09:03.818,SERVO_OUTPUT_RAW,2099009791,SERVO_OUTPUT_RAW,0,0,0,0,0,0,0,0,1000,1000,1000,1000,0,0,0,0,0
2025-12-15 01:09:03.918,SERVO_OUTPUT_RAW,2099109795,SERVO_OUTPUT_RAW,0,0,0,0,0,0,0,0,1000,1000,1000,1000,0,0,0,0,0
2025-12-15 01:09:04.018,SERVO_OUTPUT_RAW,2099209809,SERVO_OUTPUT_RAW,0,0,0,0,0,0,0,0,1000,1000,1000,1000,0,0,0,0,0
2025-12-15 01:09:04.118,SERVO_OUTPUT_RAW,2099309802,SERVO_OUTPUT_RAW,0,0,0,0,0,0,0,0,1000,1000,1000,1000,0,0,0,0,0
2025-12-15 01:09:04.218,SERVO_OUTPUT_RAW,2099409791,SERVO_OUTPUT_RAW,0,0,0,0,0,0,0,0,1000,1000,1000,1000,0,0,0,0,0
2025-12-15 01:09:04.318,SERVO_OUTPUT_RAW,2099509806,SERVO_OUTPUT_RAW,0,0,0,0,0,0,0,0,1000,1000,1000,1000,0,0,0,0,0
2025-12-15 01:09:04.418,SERVO_OUTPUT_RAW,2099609838,SERVO_OUTPUT_RAW,0,0,0,0,0,0,0,0,1000,1000,1000,1000,0,0,0,0,0
2025-12-15 01:09:04.518,SERVO_OUTPUT_RAW,2099709864,SERVO_OUTPUT_RAW,0,0,0,0,0,0,0,0,1000,1000,1000,1000,0,0,0,0,0
2025-12-15 01:09:04.618,SERVO_OUTPUT_RAW,2099809807,SERVO_OUTPUT_RAW,0,0,0,0,0,0,0,0,1000,1000,1000,1000,0,0,0,0,0
2025-12-15 01:09:04.718,SERVO_OUTPUT_RAW,2099909835,SERVO_OUTPUT_RAW,0,0,0,0,0,0,0,0,1000,1000,1000,1000,0,0,0,0,0
2025-12-15 01:09:04.818,SERVO_OUTPUT_RAW,2100009824,SERVO_OUTPUT_RAW,0,0,0,0,0,0,0,0,1000,1000,1000,1000,0,0,0,0,0
2025-12-15 01:09:04.919,SERVO_OUTPUT_RAW,2100109852,SERVO_OUTPUT_RAW,0,0,0,0,0,0,0,0,1000,1000,1000,1000,0,0,0,0,0
2025-12-15 01:09:05.019,SERVO_OUTPUT_RAW,2100209782,SERVO_OUTPUT_RAW,0,0,0,0,0,0,0,0,1000,1000,1000,1000,0,0,0,0,0
2025-12-15 01:09:05.118,SERVO_OUTPUT_RAW,2100309797,SERVO_OUTPUT_RAW,0,0,0,0,0,0,0,0,1000,1000,1000,1000,0,0,0,0,0
2025-12-15 01:09:05.218,SERVO_OUTPUT_RAW,2100409823,SERVO_OUTPUT_RAW,0,0,0,0,0,0,0,0,1000,1000,1000,1000,0,0,0,0,0
2025-12-15 01:09:05.318,SERVO_OUTPUT_RAW,2100509830,SERVO_OUTPUT_RAW,0,0,0,0,0,0,0,0,1000,1000,1000,1000,0,0,0,0,0
2025-12-15 01:09:05.418,SERVO_OUTPUT_RAW,2100609790,SERVO_OUTPUT_RAW,0,0,0,0,0,0,0,0,1000,1000,1000,1000,0,0,0,0,0
2025-12-15 01:09:05.518,SERVO_OUTPUT_RAW,2100709791,SERVO_OUTPUT_RAW,0,0,0,0,0,0,0,0,1000,1000,1000,1000,0,0,0,0,0
2025-12-15 01:09:05.618,SERVO_OUTPUT_RAW,2100809808,SERVO_OUTPUT_RAW,0,0,0,0,0,0,0,0,1000,1000,1000,1000,0,0,0,0,0
2025-12-15 01:09:05.717,SERVO_OUTPUT_RAW,2100909847,SERVO_OUTPUT_RAW,0,0,0,0,0,0,0,0,1000,1000,1000,1000,0,0,0,0,0
2025-12-15 01:09:05.817,SERVO_OUTPUT_RAW,2101009806,SERVO_OUTPUT_RAW,0,0,0,0,0,0,0,0,1000,1000,1000,1000,0,0,0,0,0
2025-12-15 01:09:05.917,SERVO_OUTPUT_RAW,2101109822,SERVO_OUTPUT_RAW,0,0,0,0,0,0,0,0,1000,1000,1000,1000,0,0,0,0,0
2025-12-15 01:09:06.017,SERVO_OUTPUT_RAW,2101209835,SERVO_OUTPUT_RAW,0,0,0,0,0,0,0,0,1000,1000,1000,1000,0,0,0,0,0
2025-12-15 01:09:06.118,SERVO_OUTPUT_RAW,2101309788,SERVO_OUTPUT_RAW,0,0,0,0,0,0,0,0,1000,1000,1000,1000,0,0,0,0,0
2025-12-15 01:09:06.217,SERVO_OUTPUT_RAW,2101409777,SERVO_OUTPUT_RAW,0,0,0,0,0,0,0,0,1000,1000,1000,1000,0,0,0,0,0
2025-12-15 01:09:06.317,SERVO_OUTPUT_RAW,2101509824,SERVO_OUTPUT_RAW,0,0,0,0,0,0,0,0,1000,1000,1000,1000,0,0,0,0,0
2025-12-15 01:09:06.418,SERVO_OUTPUT_RAW,2101609841,SERVO_OUTPUT_RAW,0,0,0,0,0,0,0,0,1000,1000,1000,1000,0,0,0,0,0
2025-12-15 01:09:06.519,SERVO_OUTPUT_RAW,2101712015,SERVO_OUTPUT_RAW,0,0,0,0,0,0,0,0,1000,1000,1000,1000,0,0,0,0,0
2025-12-15 01:09:06.617,SERVO_OUTPUT_RAW,2101809784,SERVO_OUTPUT_RAW,0,0,0,0,0,0,0,0,1000,1000,1000,1000,0,0,0,0,0
2025-12-15 01:09:06.717,SERVO_OUTPUT_RAW,2101909803,SERVO_OUTPUT_RAW,0,0,0,0,0,0,0,0,1000,1000,1000,1000,0,0,0,0,0
2025-12-15 01:09:06.817,SERVO_OUTPUT_RAW,2102009820,SERVO_OUTPUT_RAW,0,0,0,0,0,0,0,0,1000,1000,1000,1000,0,0,0,0,0
2025-12-15 01:09:06.917,SERVO_OUTPUT_RAW,2102109830,SERVO_OUTPUT_RAW,0,0,0,0,0,0,0,0,1000,1000,1000,1000,0,0,0,0,0
2025-12-15 01:09:07.018,SERVO_OUTPUT_RAW,2102209774,SERVO_OUTPUT_RAW,0,0,0,0,0,0,0,0,1000,1000,1000,1000,0,0,0,0,0
2025-12-15 01:09:07.117,SERVO_OUTPUT_RAW,2102309781,SERVO_OUTPUT_RAW,0,0,0,0,0,0,0,0,1000,1000,1000,1000,0,0,0,0,0
2025-12-15 01:09:07.217,SERVO_OUTPUT_RAW,2102409787,SERVO_OUTPUT_RAW,0,0,0,0,0,0,0,0,1000,1000,1000,1000,0,0,0,0,0
2025-12-15 01:09:07.317,SERVO_OUTPUT_RAW,2102509780,SERVO_OUTPUT_RAW,0,0,0,0,0,0,0,0,1000,1000,1000,1000,0,0,0,0,0
2025-12-15 01:09:07.418,SERVO_OUTPUT_RAW,2102609778,SERVO_OUTPUT_RAW,0,0,0,0,0,0,0,0,1000,1000,1000,1000,0,0,0,0,0
2025-12-15 01:09:07.518,SERVO_OUTPUT_RAW,2102709832,SERVO_OUTPUT_RAW,0,0,0,0,0,0,0,0,1000,1000,1000,1000,0,0,0,0,0
2025-12-15 01:09:07.617,SERVO_OUTPUT_RAW,2102809806,SERVO_OUTPUT_RAW,0,0,0,0,0,0,0,0,1000,1000,1000,1000,0,0,0,0,0
2025-12-15 01:09:07.717,SERVO_OUTPUT_RAW,2102909804,SERVO_OUTPUT_RAW,0,0,0,0,0,0,0,0,1000,1000,1000,1000,0,0,0,0,0
2025-12-15 01:09:07.817,SERVO_OUTPUT_RAW,2103012165,SERVO_OUTPUT_RAW,0,0,0,0,0,0,0,0,1000,1000,1000,1000,0,0,0,0,0
2025-12-15 01:09:07.917,SERVO_OUTPUT_RAW,2103109819,SERVO_OUTPUT_RAW,0,0,0,0,0,0,0,0,1000,1000,1000,1000,0,0,0,0,0
2025-12-15 01:09:08.017,SERVO_OUTPUT_RAW,2103209846,SERVO_OUTPUT_RAW,0,0,0,0,0,0,0,0,1000,1000,1000,1000,0,0,0,0,0
2025-12-15 01:09:08.117,SERVO_OUTPUT_RAW,2103309781,SERVO_OUTPUT_RAW,0,0,0,0,0,0,0,0,1000,1000,1000,1000,0,0,0,0,0
2025-12-15 01:09:08.217,SERVO_OUTPUT_RAW,2103409815,SERVO_OUTPUT_RAW,0,0,0,0,0,0,0,0,1000,1000,1000,1000,0,0,0,0,0
2025-12-15 01:09:08.317,SERVO_OUTPUT_RAW,2103509821,SERVO_OUTPUT_RAW,0,0,0,0,0,0,0,0,1000,1000,1000,1000,0,0,0,0,0
2025-12-15 01:09:08.418,SERVO_OUTPUT_RAW,2103609809,SERVO_OUTPUT_RAW,0,0,0,0,0,0,0,0,1000,1000,1000,1000,0,0,0,0,0
2025-12-15 01:09:08.517,SERVO_OUTPUT_RAW,2103709797,SERVO_OUTPUT_RAW,0,0,0,0,0,0,0,0,1000,1000,1000,1000,0,0,0,0,0
2025-12-15 01:09:08.617,SERVO_OUTPUT_RAW,2103809777,SERVO_OUTPUT_RAW,0,0,0,0,0,0,0,0,1000,1000,1000,1000,0,0,0,0,0
2025-12-15 01:09:08.717,SERVO_OUTPUT_RAW,2103909792,SERVO_OUTPUT_RAW,0,0,0,0,0,0,0,0,1000,1000,1000,1000,0,0,0,0,0
2025-12-15 01:09:08.817,SERVO_OUTPUT_RAW,2104009791,SERVO_OUTPUT_RAW,0,0,0,0,0,0,0,0,1000,1000,1000,1000,0,0,0,0,0
2025-12-15 01:09:08.917,SERVO_OUTPUT_RAW,2104109785,SERVO_OUTPUT_RAW,0,0,0,0,0,0,0,0,1000,1000,1000,1000,0,0,0,0,0
2025-12-15 01:09:09.018,SERVO_OUTPUT_RAW,2104209822,SERVO_OUTPUT_RAW,0,0,0,0,0,0,0,0,1000,1000,1000,1000,0,0,0,0,0
2025-12-15 01:09:09.118,SERVO_OUTPUT_RAW,2104309834,SERVO_OUTPUT_RAW,0,0,0,0,0,0,0,0,1000,1000,1000,1000,0,0,0,0,0
2025-12-15 01:09:09.218,SERVO_OUTPUT_RAW,2104412133,SERVO_OUTPUT_RAW,0,0,0,0,0,0,0,0,1000,1000,1000,1000,0,0,0,0,0
2025-12-15 01:09:09.318,SERVO_OUTPUT_RAW,2104509808,SERVO_OUTPUT_RAW,0,0,0,0,0,0,0,0,1000,1000,1000,1000,0,0,0,0,0
2025-12-15 01:09:09.418,SERVO_OUTPUT_RAW,2104609805,SERVO_OUTPUT_RAW,0,0,0,0,0,0,0,0,1000,1000,1000,1000,0,0,0,0,0
2025-12-15 01:09:09.518,SERVO_OUTPUT_RAW,2104709842,SERVO_OUTPUT_RAW,0,0,0,0,0,0,0,0,1000,1000,1000,1000,0,0,0,0,0
2025-12-15 01:09:09.618,SERVO_OUTPUT_RAW,2104809780,SERVO_OUTPUT_RAW,0,0,0,0,0,0,0,0,1000,1000,1000,1000,0,0,0,0,0
2025-12-15 01:09:09.718,SERVO_OUTPUT_RAW,2104909779,SERVO_OUTPUT_RAW,0,0,0,0,0,0,0,0,1000,1000,1000,1000,0,0,0,0,0
2025-12-15 01:09:09.818,SERVO_OUTPUT_RAW,2105009826,SERVO_OUTPUT_RAW,0,0,0,0,0,0,0,0,1000,1000,1000,1000,0,0,0,0,0
2025-12-15 01:09:09.919,SERVO_OUTPUT_RAW,2105109880,SERVO_OUTPUT_RAW,0,0,0,0,0,0,0,0,1000,1000,1000,1000,0,0,0,0,0
2025-12-15 01:09:10.018,SERVO_OUTPUT_RAW,2105209819,SERVO_OUTPUT_RAW,0,0,0,0,0,0,0,0,1000,1000,1000,1000,0,0,0,0,0
2025-12-15 01:09:10.118,SERVO_OUTPUT_RAW,2105309804,SERVO_OUTPUT_RAW,0,0,0,0,0,0,0,0,1000,1000,1000,1000,0,0,0,0,0
2025-12-15 01:09:10.218,SERVO_OUTPUT_RAW,2105409780,SERVO_OUTPUT_RAW,0,0,0,0,0,0,0,0,1000,1000,1000,1000,0,0,0,0,0
2025-12-15 01:09:10.318,SERVO_OUTPUT_RAW,2105509785,SERVO_OUTPUT_RAW,0,0,0,0,0,0,0,0,1000,1000,1000,1000,0,0,0,0,0
2025-12-15 01:09:10.418,SERVO_OUTPUT_RAW,2105609787,SERVO_OUTPUT_RAW,0,0,0,0,0,0,0,0,1000,1000,1000,1000,0,0,0,0,0
2025-12-15 01:09:10.518,SERVO_OUTPUT_RAW,2105709787,SERVO_OUTPUT_RAW,0,0,0,0,0,0,0,0,1000,1000,1000,1000,0,0,0,0,0
2025-12-15 01:09:10.618,SERVO_OUTPUT_RAW,2105809820,SERVO_OUTPUT_RAW,0,0,0,0,0,0,0,0,1000,1000,1000,1000,0,0,0,0,0
2025-12-15 01:09:10.718,SERVO_OUTPUT_RAW,2105909841,SERVO_OUTPUT_RAW,0,0,0,0,0,0,0,0,1000,1000,1000,1000,0,0,0,0,0
2025-12-15 01:09:10.818,SERVO_OUTPUT_RAW,2106012147,SERVO_OUTPUT_RAW,0,0,0,0,0,0,0,0,1000,1000,1000,1000,0,0,0,0,0
2025-12-15 01:09:10.918,SERVO_OUTPUT_RAW,2106109792,SERVO_OUTPUT_RAW,0,0,0,0,0,0,0,0,1000,1000,1000,1000,0,0,0,0,0
2025-12-15 01:09:11.018,SERVO_OUTPUT_RAW,2106209845,SERVO_OUTPUT_RAW,0,0,0,0,0,0,0,0,1000,1000,1000,1000,0,0,0,0,0
2025-12-15 01:09:11.118,SERVO_OUTPUT_RAW,2106309882,SERVO_OUTPUT_RAW,0,0,0,0,0,0,0,0,1000,1000,1000,1000,0,0,0,0,0
2025-12-15 01:09:11.218,SERVO_OUTPUT_RAW,2106409844,SERVO_OUTPUT_RAW,0,0,0,0,0,0,0,0,1000,1000,1000,1000,0,0,0,0,0
2025-12-15 01:09:11.318,SERVO_OUTPUT_RAW,2106509773,SERVO_OUTPUT_RAW,0,0,0,0,0,0,0,0,1000,1000,1000,1000,0,0,0,0,0
2025-12-15 01:09:11.418,SERVO_OUTPUT_RAW,2106609810,SERVO_OUTPUT_RAW,0,0,0,0,0,0,0,0,1000,1000,1000,1000,0,0,0,0,0
2025-12-15 01:09:11.518,SERVO_OUTPUT_RAW,2106709824,SERVO_OUTPUT_RAW,0,0,0,0,0,0,0,0,1000,1000,1000,1000,0,0,0,0,0
2025-12-15 01:09:11.618,SERVO_OUTPUT_RAW,2106809771,SERVO_OUTPUT_RAW,0,0,0,0,0,0,0,0,1000,1000,1000,1000,0,0,0,0,0
2025-12-15 01:09:11.718,SERVO_OUTPUT_RAW,2106909790,SERVO_OUTPUT_RAW,0,0,0,0,0,0,0,0,1000,1000,1000,1000,0,0,0,0,0
2025-12-15 01:09:11.818,SERVO_OUTPUT_RAW,2107009798,SERVO_OUTPUT_RAW,0,0,0,0,0,0,0,0,1000,1000,1000,1000,0,0,0,0,0
2025-12-15 01:09:11.919,SERVO_OUTPUT_RAW,2107109799,SERVO_OUTPUT_RAW,0,0,0,0,0,0,0,0,1000,1000,1000,1000,0,0,0,0,0
2025-12-15 01:09:12.018,SERVO_OUTPUT_RAW,2107212111,SERVO_OUTPUT_RAW,0,0,0,0,0,0,0,0,1000,1000,1000,1000,0,0,0,0,0
2025-12-15 01:09:12.118,SERVO_OUTPUT_RAW,2107309807,SERVO_OUTPUT_RAW,0,0,0,0,0,0,0,0,1000,1000,1000,1000,0,0,0,0,0
2025-12-15 01:09:12.219,SERVO_OUTPUT_RAW,2107409839,SERVO_OUTPUT_RAW,0,0,0,0,0,0,0,0,1000,1000,1000,1000,0,0,0,0,0
2025-12-15 01:09:12.318,SERVO_OUTPUT_RAW,2107509850,SERVO_OUTPUT_RAW,0,0,0,0,0,0,0,0,1000,1000,1000,1000,0,0,0,0,0
2025-12-15 01:09:12.419,SERVO_OUTPUT_RAW,2107609807,SERVO_OUTPUT_RAW,0,0,0,0,0,0,0,0,1000,1000,1000,1000,0,0,0,0,0
2025-12-15 01:09:12.518,SERVO_OUTPUT_RAW,2107709831,SERVO_OUTPUT_RAW,0,0,0,0,0,0,0,0,1000,1000,1000,1000,0,0,0,0,0
2025-12-15 01:09:12.618,SERVO_OUTPUT_RAW,2107809817,SERVO_OUTPUT_RAW,0,0,0,0,0,0,0,0,1000,1000,1000,1000,0,0,0,0,0
2025-12-15 01:09:12.718,SERVO_OUTPUT_RAW,2107909873,SERVO_OUTPUT_RAW,0,0,0,0,0,0,0,0,1000,1000,1000,1000,0,0,0,0,0
2025-12-15 01:09:12.819,SERVO_OUTPUT_RAW,2108009899,SERVO_OUTPUT_RAW,0,0,0,0,0,0,0,0,1000,1000,1000,1000,0,0,0,0,0
2025-12-15 01:09:12.919,SERVO_OUTPUT_RAW,2108109793,SERVO_OUTPUT_RAW,0,0,0,0,0,0,0,0,1000,1000,1000,1000,0,0,0,0,0
2025-12-15 01:09:13.018,SERVO_OUTPUT_RAW,2108209834,SERVO_OUTPUT_RAW,0,0,0,0,0,0,0,0,1000,1000,1000,1000,0,0,0,0,0
2025-12-15 01:09:13.118,SERVO_OUTPUT_RAW,2108309832,SERVO_OUTPUT_RAW,0,0,0,0,0,0,0,0,1000,1000,1000,1000,0,0,0,0,0
2025-12-15 01:09:13.218,SERVO_OUTPUT_RAW,2108409780,SERVO_OUTPUT_RAW,0,0,0,0,0,0,0,0,1000,1000,1000,1000,0,0,0,0,0
2025-12-15 01:09:13.318,SERVO_OUTPUT_RAW,2108509794,SERVO_OUTPUT_RAW,0,0,0,0,0,0,0,0,1000,1000,1000,1000,0,0,0,0,0
2025-12-15 01:09:13.418,SERVO_OUTPUT_RAW,2108609789,SERVO_OUTPUT_RAW,0,0,0,0,0,0,0,0,1000,1000,1000,1000,0,0,0,0,0
2025-12-15 01:09:13.518,SERVO_OUTPUT_RAW,2108709792,SERVO_OUTPUT_RAW,0,0,0,0,0,0,0,0,1000,1000,1000,1000,0,0,0,0,0
2025-12-15 01:09:13.618,SERVO_OUTPUT_RAW,2108809787,SERVO_OUTPUT_RAW,0,0,0,0,0,0,0,0,1000,1000,1000,1000,0,0,0,0,0
2025-12-15 01:09:13.718,SERVO_OUTPUT_RAW,2108909834,SERVO_OUTPUT_RAW,0,0,0,0,0,0,0,0,1000,1000,1000,1000,0,0,0,0,0
2025-12-15 01:09:13.818,SERVO_OUTPUT_RAW,2109009821,SERVO_OUTPUT_RAW,0,0,0,0,0,0,0,0,1000,1000,1000,1000,0,0,0,0,0
2025-12-15 01:09:13.918,SERVO_OUTPUT_RAW,2109109790,SERVO_OUTPUT_RAW,0,0,0,0,0,0,0,0,1000,1000,1000,1000,0,0,0,0,0
2025-12-15 01:09:14.018,SERVO_OUTPUT_RAW,2109209825,SERVO_OUTPUT_RAW,0,0,0,0,0,0,0,0,1000,1000,1000,1000,0,0,0,0,0
2025-12-15 01:09:14.118,SERVO_OUTPUT_RAW,2109312125,SERVO_OUTPUT_RAW,0,0,0,0,0,0,0,0,1000,1000,1000,1000,0,0,0,0,0
2025-12-15 01:09:14.218,SERVO_OUTPUT_RAW,2109409842,SERVO_OUTPUT_RAW,0,0,0,0,0,0,0,0,1000,1000,1000,1000,0,0,0,0,0
2025-12-15 01:09:14.318,SERVO_OUTPUT_RAW,2109509848,SERVO_OUTPUT_RAW,0,0,0,0,0,0,0,0,1000,1000,1000,1000,0,0,0,0,0
2025-12-15 01:09:14.419,SERVO_OUTPUT_RAW,2109609793,SERVO_OUTPUT_RAW,0,0,0,0,0,0,0,0,1000,1000,1000,1000,0,0,0,0,0
2025-12-15 01:09:14.519,SERVO_OUTPUT_RAW,2109709813,SERVO_OUTPUT_RAW,0,0,0,0,0,0,0,0,1000,1000,1000,1000,0,0,0,0,0
2025-12-15 01:09:14.618,SERVO_OUTPUT_RAW,2109809817,SERVO_OUTPUT_RAW,0,0,0,0,0,0,0,0,1000,1000,1000,1000,0,0,0,0,0
2025-12-15 01:09:14.718,SERVO_OUTPUT_RAW,2109909827,SERVO_OUTPUT_RAW,0,0,0,0,0,0,0,0,1000,1000,1000,1000,0,0,0,0,0
2025-12-15 01:09:14.818,SERVO_OUTPUT_RAW,2110009780,SERVO_OUTPUT_RAW,0,0,0,0,0,0,0,0,1000,1000,1000,1000,0,0,0,0,0
2025-12-15 01:09:14.919,SERVO_OUTPUT_RAW,2110109780,SERVO_OUTPUT_RAW,0,0,0,0,0,0,0,0,1000,1000,1000,1000,0,0,0,0,0
2025-12-15 01:09:15.019,SERVO_OUTPUT_RAW,2110209812,SERVO_OUTPUT_RAW,0,0,0,0,0,0,0,0,1000,1000,1000,1000,0,0,0,0,0
2025-12-15 01:09:15.117,SERVO_OUTPUT_RAW,2110309793,SERVO_OUTPUT_RAW,0,0,0,0,0,0,0,0,1000,1000,1000,1000,0,0,0,0,0
2025-12-15 01:09:15.219,SERVO_OUTPUT_RAW,2110409818,SERVO_OUTPUT_RAW,0,0,0,0,0,0,0,0,1000,1000,1000,1000,0,0,0,0,0
2025-12-15 01:09:15.318,SERVO_OUTPUT_RAW,2110509831,SERVO_OUTPUT_RAW,0,0,0,0,0,0,0,0,1000,1000,1000,1000,0,0,0,0,0
2025-12-15 01:09:15.419,SERVO_OUTPUT_RAW,2110609834,SERVO_OUTPUT_RAW,0,0,0,0,0,0,0,0,1000,1000,1000,1000,0,0,0,0,0
2025-12-15 01:09:15.519,SERVO_OUTPUT_RAW,2110709812,SERVO_OUTPUT_RAW,0,0,0,0,0,0,0,0,1000,1000,1000,1000,0,0,0,0,0
2025-12-15 01:09:15.618,SERVO_OUTPUT_RAW,2110809864,SERVO_OUTPUT_RAW,0,0,0,0,0,0,0,0,1000,1000,1000,1000,0,0,0,0,0
2025-12-15 01:09:15.717,SERVO_OUTPUT_RAW,2110909821,SERVO_OUTPUT_RAW,0,0,0,0,0,0,0,0,1000,1000,1000,1000,0,0,0,0,0
2025-12-15 01:09:15.818,SERVO_OUTPUT_RAW,2111009832,SERVO_OUTPUT_RAW,0,0,0,0,0,0,0,0,1000,1000,1000,1000,0,0,0,0,0
2025-12-15 01:09:15.918,SERVO_OUTPUT_RAW,2111109769,SERVO_OUTPUT_RAW,0,0,0,0,0,0,0,0,1000,1000,1000,1000,0,0,0,0,0
2025-12-15 01:09:16.017,SERVO_OUTPUT_RAW,2111209782,SERVO_OUTPUT_RAW,0,0,0,0,0,0,0,0,1000,1000,1000,1000,0,0,0,0,0
2025-12-15 01:09:16.117,SERVO_OUTPUT_RAW,2111309819,SERVO_OUTPUT_RAW,0,0,0,0,0,0,0,0,1000,1000,1000,1000,0,0,0,0,0
2025-12-15 01:09:16.218,SERVO_OUTPUT_RAW,2111409881,SERVO_OUTPUT_RAW,0,0,0,0,0,0,0,0,1000,1000,1000,1000,0,0,0,0,0
2025-12-15 01:09:16.318,SERVO_OUTPUT_RAW,2111509788,SERVO_OUTPUT_RAW,0,0,0,0,0,0,0,0,1000,1000,1000,1000,0,0,0,0,0
2025-12-15 01:09:16.419,SERVO_OUTPUT_RAW,2111609801,SERVO_OUTPUT_RAW,0,0,0,0,0,0,0,0,1000,1000,1000,1000,0,0,0,0,0
2025-12-15 01:09:16.518,SERVO_OUTPUT_RAW,2111709797,SERVO_OUTPUT_RAW,0,0,0,0,0,0,0,0,1000,1000,1000,1000,0,0,0,0,0
2025-12-15 01:09:16.618,SERVO_OUTPUT_RAW,2111809809,SERVO_OUTPUT_RAW,0,0,0,0,0,0,0,0,1000,1000,1000,1000,0,0,0,0,0
2025-12-15 01:09:16.718,SERVO_OUTPUT_RAW,2111909788,SERVO_OUTPUT_RAW,0,0,0,0,0,0,0,0,1000,1000,1000,1000,0,0,0,0,0
2025-12-15 01:09:16.818,SERVO_OUTPUT_RAW,2112009800,SERVO_OUTPUT_RAW,0,0,0,0,0,0,0,0,1000,1000,1000,1000,0,0,0,0,0
2025-12-15 01:09:16.918,SERVO_OUTPUT_RAW,2112109867,SERVO_OUTPUT_RAW,0,0,0,0,0,0,0,0,1000,1000,1000,1000,0,0,0,0,0
2025-12-15 01:09:17.018,SERVO_OUTPUT_RAW,2112209852,SERVO_OUTPUT_RAW,0,0,0,0,0,0,0,0,1000,1000,1000,1000,0,0,0,0,0
2025-12-15 01:09:17.118,SERVO_OUTPUT_RAW,2112309805,SERVO_OUTPUT_RAW,0,0,0,0,0,0,0,0,1000,1000,1000,1000,0,0,0,0,0
2025-12-15 01:09:17.218,SERVO_OUTPUT_RAW,2112409802,SERVO_OUTPUT_RAW,0,0,0,0,0,0,0,0,1000,1000,1000,1000,0,0,0,0,0
2025-12-15 01:09:17.318,SERVO_OUTPUT_RAW,2112509840,SERVO_OUTPUT_RAW,0,0,0,0,0,0,0,0,1000,1000,1000,1000,0,0,0,0,0
2025-12-15 01:09:17.419,SERVO_OUTPUT_RAW,2112609858,SERVO_OUTPUT_RAW,0,0,0,0,0,0,0,0,1000,1000,1000,1000,0,0,0,0,0
2025-12-15 01:09:17.518,SERVO_OUTPUT_RAW,2112709789,SERVO_OUTPUT_RAW,0,0,0,0,0,0,0,0,1000,1000,1000,1000,0,0,0,0,0
2025-12-15 01:09:17.618,SERVO_OUTPUT_RAW,2112809796,SERVO_OUTPUT_RAW,0,0,0,0,0,0,0,0,1000,1000,1000,1000,0,0,0,0,0
2025-12-15 01:09:17.718,SERVO_OUTPUT_RAW,2112909816,SERVO_OUTPUT_RAW,0,0,0,0,0,0,0,0,1000,1000,1000,1000,0,0,0,0,0
2025-12-15 01:09:17.818,SERVO_OUTPUT_RAW,2113009816,SERVO_OUTPUT_RAW,0,0,0,0,0,0,0,0,1000,1000,1000,1000,0,0,0,0,0
2025-12-15 01:09:17.918,SERVO_OUTPUT_RAW,2113109795,SERVO_OUTPUT_RAW,0,0,0,0,0,0,0,0,1000,1000,1000,1000,0,0,0,0,0
2025-12-15 01:09:18.018,SERVO_OUTPUT_RAW,2113209787,SERVO_OUTPUT_RAW,0,0,0,0,0,0,0,0,1000,1000,1000,1000,0,0,0,0,0
2025-12-15 01:09:18.118,SERVO_OUTPUT_RAW,2113309791,SERVO_OUTPUT_RAW,0,0,0,0,0,0,0,0,1000,1000,1000,1000,0,0,0,0,0
2025-12-15 01:09:18.218,SERVO_OUTPUT_RAW,2113409801,SERVO_OUTPUT_RAW,0,0,0,0,0,0,0,0,1000,1000,1000,1000,0,0,0,0,0
2025-12-15 01:09:18.318,SERVO_OUTPUT_RAW,2113512147,SERVO_OUTPUT_RAW,0,0,0,0,0,0,0,0,1000,1000,1000,1000,0,0,0,0,0
2025-12-15 01:09:18.418,SERVO_OUTPUT_RAW,2113609831,SERVO_OUTPUT_RAW,0,0,0,0,0,0,0,0,1000,1000,1000,1000,0,0,0,0,0
2025-12-15 01:09:18.518,SERVO_OUTPUT_RAW,2113709890,SERVO_OUTPUT_RAW,0,0,0,0,0,0,0,0,1000,1000,1000,1000,0,0,0,0,0
2025-12-15 01:09:18.618,SERVO_OUTPUT_RAW,2113809789,SERVO_OUTPUT_RAW,0,0,0,0,0,0,0,0,1000,1000,1000,1000,0,0,0,0,0
2025-12-15 01:09:18.718,SERVO_OUTPUT_RAW,2113909788,SERVO_OUTPUT_RAW,0,0,0,0,0,0,0,0,1000,1000,1000,1000,0,0,0,0,0
2025-12-15 01:09:18.818,SERVO_OUTPUT_RAW,2114009827,SERVO_OUTPUT_RAW,0,0,0,0,0,0,0,0,1000,1000,1000,1000,0,0,0,0,0
2025-12-15 01:09:18.918,SERVO_OUTPUT_RAW,2114109859,SERVO_OUTPUT_RAW,0,0,0,0,0,0,0,0,1000,1000,1000,1000,0,0,0,0,0
2025-12-15 01:09:19.018,SERVO_OUTPUT_RAW,2114209844,SERVO_OUTPUT_RAW,0,0,0,0,0,0,0,0,1000,1000,1000,1000,0,0,0,0,0
2025-12-15 01:09:19.118,SERVO_OUTPUT_RAW,2114309800,SERVO_OUTPUT_RAW,0,0,0,0,0,0,0,0,1000,1000,1000,1000,0,0,0,0,0
2025-12-15 01:09:19.218,SERVO_OUTPUT_RAW,2114409812,SERVO_OUTPUT_RAW,0,0,0,0,0,0,0,0,1000,1000,1000,1000,0,0,0,0,0
2025-12-15 01:09:19.318,SERVO_OUTPUT_RAW,2114509817,SERVO_OUTPUT_RAW,0,0,0,0,0,0,0,0,1000,1000,1000,1000,0,0,0,0,0
2025-12-15 01:09:19.418,SERVO_OUTPUT_RAW,2114609795,SERVO_OUTPUT_RAW,0,0,0,0,0,0,0,0,1000,1000,1000,1000,0,0,0,0,0
2025-12-15 01:09:19.518,SERVO_OUTPUT_RAW,2114709797,SERVO_OUTPUT_RAW,0,0,0,0,0,0,0,0,1000,1000,1000,1000,0,0,0,0,0
2025-12-15 01:09:19.618,SERVO_OUTPUT_RAW,2114809783,SERVO_OUTPUT_RAW,0,0,0,0,0,0,0,0,1000,1000,1000,1000,0,0,0,0,0
2025-12-15 01:09:19.718,SERVO_OUTPUT_RAW,2114909785,SERVO_OUTPUT_RAW,0,0,0,0,0,0,0,0,1000,1000,1000,1000,0,0,0,0,0
2025-12-15 01:09:19.819,SERVO_OUTPUT_RAW,2115009803,SERVO_OUTPUT_RAW,0,0,0,0,0,0,0,0,1000,1000,1000,1000,0,0,0,0,0
2025-12-15 01:09:19.919,SERVO_OUTPUT_RAW,2115109816,SERVO_OUTPUT_RAW,0,0,0,0,0,0,0,0,1000,1000,1000,1000,0,0,0,0,0
2025-12-15 01:09:20.018,SERVO_OUTPUT_RAW,2115209844,SERVO_OUTPUT_RAW,0,0,0,0,0,0,0,0,1000,1000,1000,1000,0,0,0,0,0
2025-12-15 01:09:20.118,SERVO_OUTPUT_RAW,2115309846,SERVO_OUTPUT_RAW,0,0,0,0,0,0,0,0,1000,1000,1000,1000,0,0,0,0,0
2025-12-15 01:09:20.218,SERVO_OUTPUT_RAW,2115409801,SERVO_OUTPUT_RAW,0,0,0,0,0,0,0,0,1000,1000,1000,1000,0,0,0,0,0
2025-12-15 01:09:20.320,SERVO_OUTPUT_RAW,2115509814,SERVO_OUTPUT_RAW,0,0,0,0,0,0,0,0,1000,1000,1000,1000,0,0,0,0,0
2025-12-15 01:09:20.418,SERVO_OUTPUT_RAW,2115612152,SERVO_OUTPUT_RAW,0,0,0,0,0,0,0,0,1000,1000,1000,1000,0,0,0,0,0
2025-12-15 01:09:20.518,SERVO_OUTPUT_RAW,2115709836,SERVO_OUTPUT_RAW,0,0,0,0,0,0,0,0,1000,1000,1000,1000,0,0,0,0,0
2025-12-15 01:09:20.618,SERVO_OUTPUT_RAW,2115809793,SERVO_OUTPUT_RAW,0,0,0,0,0,0,0,0,1000,1000,1000,1000,0,0,0,0,0
2025-12-15 01:09:20.718,SERVO_OUTPUT_RAW,2115909791,SERVO_OUTPUT_RAW,0,0,0,0,0,0,0,0,1000,1000,1000,1000,0,0,0,0,0
2025-12-15 01:09:20.818,SERVO_OUTPUT_RAW,2116009826,SERVO_OUTPUT_RAW,0,0,0,0,0,0,0,0,1000,1000,1000,1000,0,0,0,0,0
2025-12-15 01:09:20.918,SERVO_OUTPUT_RAW,2116109837,SERVO_OUTPUT_RAW,0,0,0,0,0,0,0,0,1000,1000,1000,1000,0,0,0,0,0
2025-12-15 01:09:21.018,SERVO_OUTPUT_RAW,2116209783,SERVO_OUTPUT_RAW,0,0,0,0,0,0,0,0,1000,1000,1000,1000,0,0,0,0,0
2025-12-15 01:09:21.119,SERVO_OUTPUT_RAW,2116309793,SERVO_OUTPUT_RAW,0,0,0,0,0,0,0,0,1000,1000,1000,1000,0,0,0,0,0
2025-12-15 01:09:21.218,SERVO_OUTPUT_RAW,2116409794,SERVO_OUTPUT_RAW,0,0,0,0,0,0,0,0,1000,1000,1000,1000,0,0,0,0,0
2025-12-15 01:09:21.318,SERVO_OUTPUT_RAW,2116509786,SERVO_OUTPUT_RAW,0,0,0,0,0,0,0,0,1000,1000,1000,1000,0,0,0,0,0
2025-12-15 01:09:21.418,SERVO_OUTPUT_RAW,2116609814,SERVO_OUTPUT_RAW,0,0,0,0,0,0,0,0,1000,1000,1000,1000,0,0,0,0,0
2025-12-15 01:09:21.518,SERVO_OUTPUT_RAW,2116709795,SERVO_OUTPUT_RAW,0,0,0,0,0,0,0,0,1000,1000,1000,1000,0,0,0,0,0
2025-12-15 01:09:21.618,SERVO_OUTPUT_RAW,2116809826,SERVO_OUTPUT_RAW,0,0,0,0,0,0,0,0,1000,1000,1000,1000,0,0,0,0,0
2025-12-15 01:09:21.718,SERVO_OUTPUT_RAW,2116909853,SERVO_OUTPUT_RAW,0,0,0,0,0,0,0,0,1000,1000,1000,1000,0,0,0,0,0
2025-12-15 01:09:21.818,SERVO_OUTPUT_RAW,2117009803,SERVO_OUTPUT_RAW,0,0,0,0,0,0,0,0,1000,1000,1000,1000,0,0,0,0,0
2025-12-15 01:09:21.918,SERVO_OUTPUT_RAW,2117109808,SERVO_OUTPUT_RAW,0,0,0,0,0,0,0,0,1000,1000,1000,1000,0,0,0,0,0
2025-12-15 01:09:22.018,SERVO_OUTPUT_RAW,2117209843,SERVO_OUTPUT_RAW,0,0,0,0,0,0,0,0,1000,1000,1000,1000,0,0,0,0,0
2025-12-15 01:09:22.118,SERVO_OUTPUT_RAW,2117309834,SERVO_OUTPUT_RAW,0,0,0,0,0,0,0,0,1000,1000,1000,1000,0,0,0,0,0
2025-12-15 01:09:22.218,SERVO_OUTPUT_RAW,2117409784,SERVO_OUTPUT_RAW,0,0,0,0,0,0,0,0,1000,1000,1000,1000,0,0,0,0,0
2025-12-15 01:09:22.318,SERVO_OUTPUT_RAW,2117509797,SERVO_OUTPUT_RAW,0,0,0,0,0,0,0,0,1000,1000,1000,1000,0,0,0,0,0
2025-12-15 01:09:22.418,SERVO_OUTPUT_RAW,2117609848,SERVO_OUTPUT_RAW,0,0,0,0,0,0,0,0,1000,1000,1000,1000,0,0,0,0,0
2025-12-15 01:09:22.519,SERVO_OUTPUT_RAW,2117709877,SERVO_OUTPUT_RAW,0,0,0,0,0,0,0,0,1000,1000,1000,1000,0,0,0,0,0
2025-12-15 01:09:22.618,SERVO_OUTPUT_RAW,2117809789,SERVO_OUTPUT_RAW,0,0,0,0,0,0,0,0,1000,1000,1000,1000,0,0,0,0,0
2025-12-15 01:09:22.718,SERVO_OUTPUT_RAW,2117909809,SERVO_OUTPUT_RAW,0,0,0,0,0,0,0,0,1000,1000,1000,1000,0,0,0,0,0
2025-12-15 01:09:22.819,SERVO_OUTPUT_RAW,2118009793,SERVO_OUTPUT_RAW,0,0,0,0,0,0,0,0,1000,1000,1000,1000,0,0,0,0,0
2025-12-15 01:09:22.918,SERVO_OUTPUT_RAW,2118109801,SERVO_OUTPUT_RAW,0,0,0,0,0,0,0,0,1000,1000,1000,1000,0,0,0,0,0
2025-12-15 01:09:23.018,SERVO_OUTPUT_RAW,2118209800,SERVO_OUTPUT_RAW,0,0,0,0,0,0,0,0,1000,1000,1000,1000,0,0,0,0,0
2025-12-15 01:09:23.119,SERVO_OUTPUT_RAW,2118309838,SERVO_OUTPUT_RAW,0,0,0,0,0,0,0,0,1000,1000,1000,1000,0,0,0,0,0
2025-12-15 01:09:23.218,SERVO_OUTPUT_RAW,2118409824,SERVO_OUTPUT_RAW,0,0,0,0,0,0,0,0,1000,1000,1000,1000,0,0,0,0,0
2025-12-15 01:09:23.319,SERVO_OUTPUT_RAW,2118509810,SERVO_OUTPUT_RAW,0,0,0,0,0,0,0,0,1000,1000,1000,1000,0,0,0,0,0
2025-12-15 01:09:23.419,SERVO_OUTPUT_RAW,2118609824,SERVO_OUTPUT_RAW,0,0,0,0,0,0,0,0,1000,1000,1000,1000,0,0,0,0,0
2025-12-15 01:09:23.518,SERVO_OUTPUT_RAW,2118709804,SERVO_OUTPUT_RAW,0,0,0,0,0,0,0,0,1000,1000,1000,1000,0,0,0,0,0
2025-12-15 01:09:23.619,SERVO_OUTPUT_RAW,2118809844,SERVO_OUTPUT_RAW,0,0,0,0,0,0,0,0,1000,1000,1000,1000,0,0,0,0,0
2025-12-15 01:09:23.718,SERVO_OUTPUT_RAW,2118909785,SERVO_OUTPUT_RAW,0,0,0,0,0,0,0,0,1000,1000,1000,1000,0,0,0,0,0
2025-12-15 01:09:23.819,SERVO_OUTPUT_RAW,2119009778,SERVO_OUTPUT_RAW,0,0,0,0,0,0,0,0,1000,1000,1000,1000,0,0,0,0,0
2025-12-15 01:09:23.919,SERVO_OUTPUT_RAW,2119109816,SERVO_OUTPUT_RAW,0,0,0,0,0,0,0,0,1000,1000,1000,1000,0,0,0,0,0
2025-12-15 01:09:24.019,SERVO_OUTPUT_RAW,2119209814,SERVO_OUTPUT_RAW,0,0,0,0,0,0,0,0,1000,1000,1000,1000,0,0,0,0,0
2025-12-15 01:09:24.119,SERVO_OUTPUT_RAW,2119309783,SERVO_OUTPUT_RAW,0,0,0,0,0,0,0,0,1000,1000,1000,1000,0,0,0,0,0
2025-12-15 01:09:24.219,SERVO_OUTPUT_RAW,2119409778,SERVO_OUTPUT_RAW,0,0,0,0,0,0,0,0,1000,1000,1000,1000,0,0,0,0,0
2025-12-15 01:09:24.319,SERVO_OUTPUT_RAW,2119509794,SERVO_OUTPUT_RAW,0,0,0,0,0,0,0,0,1000,1000,1000,1000,0,0,0,0,0
2025-12-15 01:09:24.419,SERVO_OUTPUT_RAW,2119609795,SERVO_OUTPUT_RAW,0,0,0,0,0,0,0,0,1000,1000,1000,1000,0,0,0,0,0
2025-12-15 01:09:24.519,SERVO_OUTPUT_RAW,2119709797,SERVO_OUTPUT_RAW,0,0,0,0,0,0,0,0,1000,1000,1000,1000,0,0,0,0,0
2025-12-15 01:09:24.619,SERVO_OUTPUT_RAW,2119812172,SERVO_OUTPUT_RAW,0,0,0,0,0,0,0,0,1000,1000,1000,1000,0,0,0,0,0
2025-12-15 01:09:24.719,SERVO_OUTPUT_RAW,2119909844,SERVO_OUTPUT_RAW,0,0,0,0,0,0,0,0,1000,1000,1000,1000,0,0,0,0,0
2025-12-15 01:09:24.819,SERVO_OUTPUT_RAW,2120009839,SERVO_OUTPUT_RAW,0,0,0,0,0,0,0,0,1000,1000,1000,1000,0,0,0,0,0
2025-12-15 01:09:24.920,SERVO_OUTPUT_RAW,2120109815,SERVO_OUTPUT_RAW,0,0,0,0,0,0,0,0,1000,1000,1000,1000,0,0,0,0,0
2025-12-15 01:09:25.019,SERVO_OUTPUT_RAW,2120209823,SERVO_OUTPUT_RAW,0,0,0,0,0,0,0,0,1000,1000,1000,1000,0,0,0,0,0
2025-12-15 01:09:25.119,SERVO_OUTPUT_RAW,2120309831,SERVO_OUTPUT_RAW,0,0,0,0,0,0,0,0,1000,1000,1000,1000,0,0,0,0,0
2025-12-15 01:09:25.219,SERVO_OUTPUT_RAW,2120409851,SERVO_OUTPUT_RAW,0,0,0,0,0,0,0,0,1000,1000,1000,1000,0,0,0,0,0
2025-12-15 01:09:25.319,SERVO_OUTPUT_RAW,2120509852,SERVO_OUTPUT_RAW,0,0,0,0,0,0,0,0,1000,1000,1000,1000,0,0,0,0,0
2025-12-15 01:09:25.419,SERVO_OUTPUT_RAW,2120609820,SERVO_OUTPUT_RAW,0,0,0,0,0,0,0,0,1000,1000,1000,1000,0,0,0,0,0
2025-12-15 01:09:25.519,SERVO_OUTPUT_RAW,2120709822,SERVO_OUTPUT_RAW,0,0,0,0,0,0,0,0,1000,1000,1000,1000,0,0,0,0,0
2025-12-15 01:09:25.619,SERVO_OUTPUT_RAW,2120809813,SERVO_OUTPUT_RAW,0,0,0,0,0,0,0,0,1000,1000,1000,1000,0,0,0,0,0
2025-12-15 01:09:25.719,SERVO_OUTPUT_RAW,2120909784,SERVO_OUTPUT_RAW,0,0,0,0,0,0,0,0,1000,1000,1000,1000,0,0,0,0,0
2025-12-15 01:09:25.818,SERVO_OUTPUT_RAW,2121009792,SERVO_OUTPUT_RAW,0,0,0,0,0,0,0,0,1000,1000,1000,1000,0,0,0,0,0
2025-12-15 01:09:25.918,SERVO_OUTPUT_RAW,2121109796,SERVO_OUTPUT_RAW,0,0,0,0,0,0,0,0,1000,1000,1000,1000,0,0,0,0,0
2025-12-15 01:09:26.018,SERVO_OUTPUT_RAW,2121209777,SERVO_OUTPUT_RAW,0,0,0,0,0,0,0,0,1000,1000,1000,1000,0,0,0,0,0
2025-12-15 01:09:26.119,SERVO_OUTPUT_RAW,2121309780,SERVO_OUTPUT_RAW,0,0,0,0,0,0,0,0,1000,1000,1000,1000,0,0,0,0,0
2025-12-15 01:09:26.218,SERVO_OUTPUT_RAW,2121409811,SERVO_OUTPUT_RAW,0,0,0,0,0,0,0,0,1000,1000,1000,1000,0,0,0,0,0
2025-12-15 01:09:26.318,SERVO_OUTPUT_RAW,2121509855,SERVO_OUTPUT_RAW,0,0,0,0,0,0,0,0,1000,1000,1000,1000,0,0,0,0,0
2025-12-15 01:09:26.418,SERVO_OUTPUT_RAW,2121609813,SERVO_OUTPUT_RAW,0,0,0,0,0,0,0,0,1000,1000,1000,1000,0,0,0,0,0
2025-12-15 01:09:26.518,SERVO_OUTPUT_RAW,2121709786,SERVO_OUTPUT_RAW,0,0,0,0,0,0,0,0,1000,1000,1000,1000,0,0,0,0,0
2025-12-15 01:09:26.618,SERVO_OUTPUT_RAW,2121809830,SERVO_OUTPUT_RAW,0,0,0,0,0,0,0,0,1000,1000,1000,1000,0,0,0,0,0
2025-12-15 01:09:26.718,SERVO_OUTPUT_RAW,2121912074,SERVO_OUTPUT_RAW,0,0,0,0,0,0,0,0,1000,1000,1000,1000,0,0,0,0,0
2025-12-15 01:09:26.818,SERVO_OUTPUT_RAW,2122009789,SERVO_OUTPUT_RAW,0,0,0,0,0,0,0,0,1000,1000,1000,1000,0,0,0,0,0
2025-12-15 01:09:26.918,SERVO_OUTPUT_RAW,2122109782,SERVO_OUTPUT_RAW,0,0,0,0,0,0,0,0,1000,1000,1000,1000,0,0,0,0,0
2025-12-15 01:09:27.018,SERVO_OUTPUT_RAW,2122209814,SERVO_OUTPUT_RAW,0,0,0,0,0,0,0,0,1000,1000,1000,1000,0,0,0,0,0
2025-12-15 01:09:27.118,SERVO_OUTPUT_RAW,2122309819,SERVO_OUTPUT_RAW,0,0,0,0,0,0,0,0,1000,1000,1000,1000,0,0,0,0,0
2025-12-15 01:09:27.218,SERVO_OUTPUT_RAW,2122409833,SERVO_OUTPUT_RAW,0,0,0,0,0,0,0,0,1000,1000,1000,1000,0,0,0,0,0
2025-12-15 01:09:27.318,SERVO_OUTPUT_RAW,2122509775,SERVO_OUTPUT_RAW,0,0,0,0,0,0,0,0,1000,1000,1000,1000,0,0,0,0,0
2025-12-15 01:09:27.421,SERVO_OUTPUT_RAW,2122609801,SERVO_OUTPUT_RAW,0,0,0,0,0,0,0,0,1000,1000,1000,1000,0,0,0,0,0
2025-12-15 01:09:27.518,SERVO_OUTPUT_RAW,2122709791,SERVO_OUTPUT_RAW,0,0,0,0,0,0,0,0,1000,1000,1000,1000,0,0,0,0,0
2025-12-15 01:09:27.618,SERVO_OUTPUT_RAW,2122809804,SERVO_OUTPUT_RAW,0,0,0,0,0,0,0,0,1000,1000,1000,1000,0,0,0,0,0
2025-12-15 01:09:27.718,SERVO_OUTPUT_RAW,2122909799,SERVO_OUTPUT_RAW,0,0,0,0,0,0,0,0,1000,1000,1000,1000,0,0,0,0,0
2025-12-15 01:09:27.819,SERVO_OUTPUT_RAW,2123009826,SERVO_OUTPUT_RAW,0,0,0,0,0,0,0,0,1000,1000,1000,1000,0,0,0,0,0
2025-12-15 01:09:27.918,SERVO_OUTPUT_RAW,2123109838,SERVO_OUTPUT_RAW,0,0,0,0,0,0,0,0,1000,1000,1000,1000,0,0,0,0,0
2025-12-15 01:09:28.018,SERVO_OUTPUT_RAW,2123209798,SERVO_OUTPUT_RAW,0,0,0,0,0,0,0,0,1000,1000,1000,1000,0,0,0,0,0
2025-12-15 01:09:28.118,SERVO_OUTPUT_RAW,2123309833,SERVO_OUTPUT_RAW,0,0,0,0,0,0,0,0,1000,1000,1000,1000,0,0,0,0,0
2025-12-15 01:09:28.218,SERVO_OUTPUT_RAW,2123409872,SERVO_OUTPUT_RAW,0,0,0,0,0,0,0,0,1000,1000,1000,1000,0,0,0,0,0
2025-12-15 01:09:28.319,SERVO_OUTPUT_RAW,2123509825,SERVO_OUTPUT_RAW,0,0,0,0,0,0,0,0,1000,1000,1000,1000,0,0,0,0,0
2025-12-15 01:09:28.419,SERVO_OUTPUT_RAW,2123609772,SERVO_OUTPUT_RAW,0,0,0,0,0,0,0,0,1000,1000,1000,1000,0,0,0,0,0
2025-12-15 01:09:28.519,SERVO_OUTPUT_RAW,2123709807,SERVO_OUTPUT_RAW,0,0,0,0,0,0,0,0,1000,1000,1000,1000,0,0,0,0,0
2025-12-15 01:09:28.619,SERVO_OUTPUT_RAW,2123809817,SERVO_OUTPUT_RAW,0,0,0,0,0,0,0,0,1000,1000,1000,1000,0,0,0,0,0
2025-12-15 01:09:28.719,SERVO_OUTPUT_RAW,2123909825,SERVO_OUTPUT_RAW,0,0,0,0,0,0,0,0,1000,1000,1000,1000,0,0,0,0,0
2025-12-15 01:09:28.819,SERVO_OUTPUT_RAW,2124009887,SERVO_OUTPUT_RAW,0,0,0,0,0,0,0,0,1000,1000,1000,1000,0,0,0,0,0
2025-12-15 01:09:28.919,SERVO_OUTPUT_RAW,2124109780,SERVO_OUTPUT_RAW,0,0,0,0,0,0,0,0,1000,1000,1000,1000,0,0,0,0,0
2025-12-15 01:09:29.019,SERVO_OUTPUT_RAW,2124209809,SERVO_OUTPUT_RAW,0,0,0,0,0,0,0,0,1000,1000,1000,1000,0,0,0,0,0
2025-12-15 01:09:29.119,SERVO_OUTPUT_RAW,2124309790,SERVO_OUTPUT_RAW,0,0,0,0,0,0,0,0,1000,1000,1000,1000,0,0,0,0,0
2025-12-15 01:09:29.219,SERVO_OUTPUT_RAW,2124409795,SERVO_OUTPUT_RAW,0,0,0,0,0,0,0,0,1000,1000,1000,1000,0,0,0,0,0
2025-12-15 01:09:29.319,SERVO_OUTPUT_RAW,2124509827,SERVO_OUTPUT_RAW,0,0,0,0,0,0,0,0,1000,1000,1000,1000,0,0,0,0,0
2025-12-15 01:09:29.419,SERVO_OUTPUT_RAW,2124609781,SERVO_OUTPUT_RAW,0,0,0,0,0,0,0,0,1000,1000,1000,1000,0,0,0,0,0
2025-12-15 01:09:29.519,SERVO_OUTPUT_RAW,2124709805,SERVO_OUTPUT_RAW,0,0,0,0,0,0,0,0,1000,1000,1000,1000,0,0,0,0,0
2025-12-15 01:09:29.619,SERVO_OUTPUT_RAW,2124809788,SERVO_OUTPUT_RAW,0,0,0,0,0,0,0,0,1000,1000,1000,1000,0,0,0,0,0
2025-12-15 01:09:29.719,SERVO_OUTPUT_RAW,2124909812,SERVO_OUTPUT_RAW,0,0,0,0,0,0,0,0,1000,1000,1000,1000,0,0,0,0,0
2025-12-15 01:09:29.819,SERVO_OUTPUT_RAW,2125009841,SERVO_OUTPUT_RAW,0,0,0,0,0,0,0,0,1000,1000,1000,1000,0,0,0,0,0
2025-12-15 01:09:29.919,SERVO_OUTPUT_RAW,2125109862,SERVO_OUTPUT_RAW,0,0,0,0,0,0,0,0,1000,1000,1000,1000,0,0,0,0,0
2025-12-15 01:09:30.019,SERVO_OUTPUT_RAW,2125209784,SERVO_OUTPUT_RAW,0,0,0,0,0,0,0,0,1000,1000,1000,1000,0,0,0,0,0
2025-12-15 01:09:30.119,SERVO_OUTPUT_RAW,2125309813,SERVO_OUTPUT_RAW,0,0,0,0,0,0,0,0,1000,1000,1000,1000,0,0,0,0,0
2025-12-15 01:09:30.219,SERVO_OUTPUT_RAW,2125409818,SERVO_OUTPUT_RAW,0,0,0,0,0,0,0,0,1000,1000,1000,1000,0,0,0,0,0
2025-12-15 01:09:30.319,SERVO_OUTPUT_RAW,2125509800,SERVO_OUTPUT_RAW,0,0,0,0,0,0,0,0,1000,1000,1000,1000,0,0,0,0,0
2025-12-15 01:09:30.419,SERVO_OUTPUT_RAW,2125609788,SERVO_OUTPUT_RAW,0,0,0,0,0,0,0,0,1000,1000,1000,1000,0,0,0,0,0
2025-12-15 01:09:30.519,SERVO_OUTPUT_RAW,2125709802,SERVO_OUTPUT_RAW,0,0,0,0,0,0,0,0,1000,1000,1000,1000,0,0,0,0,0
2025-12-15 01:09:30.619,SERVO_OUTPUT_RAW,2125809782,SERVO_OUTPUT_RAW,0,0,0,0,0,0,0,0,1000,1000,1000,1000,0,0,0,0,0
2025-12-15 01:09:30.719,SERVO_OUTPUT_RAW,2125909779,SERVO_OUTPUT_RAW,0,0,0,0,0,0,0,0,1000,1000,1000,1000,0,0,0,0,0
2025-12-15 01:09:30.819,SERVO_OUTPUT_RAW,2126009808,SERVO_OUTPUT_RAW,0,0,0,0,0,0,0,0,1000,1000,1000,1000,0,0,0,0,0
2025-12-15 01:09:30.919,SERVO_OUTPUT_RAW,2126112138,SERVO_OUTPUT_RAW,0,0,0,0,0,0,0,0,1000,1000,1000,1000,0,0,0,0,0
2025-12-15 01:09:31.019,SERVO_OUTPUT_RAW,2126209837,SERVO_OUTPUT_RAW,0,0,0,0,0,0,0,0,1000,1000,1000,1000,0,0,0,0,0
2025-12-15 01:09:31.119,SERVO_OUTPUT_RAW,2126309888,SERVO_OUTPUT_RAW,0,0,0,0,0,0,0,0,1000,1000,1000,1000,0,0,0,0,0
2025-12-15 01:09:31.219,SERVO_OUTPUT_RAW,2126409802,SERVO_OUTPUT_RAW,0,0,0,0,0,0,0,0,1000,1000,1000,1000,0,0,0,0,0
2025-12-15 01:09:31.319,SERVO_OUTPUT_RAW,2126509825,SERVO_OUTPUT_RAW,0,0,0,0,0,0,0,0,1000,1000,1000,1000,0,0,0,0,0
2025-12-15 01:09:31.419,SERVO_OUTPUT_RAW,2126609843,SERVO_OUTPUT_RAW,0,0,0,0,0,0,0,0,1000,1000,1000,1000,0,0,0,0,0
2025-12-15 01:09:31.519,SERVO_OUTPUT_RAW,2126709854,SERVO_OUTPUT_RAW,0,0,0,0,0,0,0,0,1000,1000,1000,1000,0,0,0,0,0
2025-12-15 01:09:31.619,SERVO_OUTPUT_RAW,2126809775,SERVO_OUTPUT_RAW,0,0,0,0,0,0,0,0,1000,1000,1000,1000,0,0,0,0,0
2025-12-15 01:09:31.719,SERVO_OUTPUT_RAW,2126909825,SERVO_OUTPUT_RAW,0,0,0,0,0,0,0,0,1000,1000,1000,1000,0,0,0,0,0
2025-12-15 01:09:31.819,SERVO_OUTPUT_RAW,2127009818,SERVO_OUTPUT_RAW,0,0,0,0,0,0,0,0,1000,1000,1000,1000,0,0,0,0,0
2025-12-15 01:09:31.919,SERVO_OUTPUT_RAW,2127109781,SERVO_OUTPUT_RAW,0,0,0,0,0,0,0,0,1000,1000,1000,1000,0,0,0,0,0
2025-12-15 01:09:32.019,SERVO_OUTPUT_RAW,2127209790,SERVO_OUTPUT_RAW,0,0,0,0,0,0,0,0,1000,1000,1000,1000,0,0,0,0,0
2025-12-15 01:09:32.119,SERVO_OUTPUT_RAW,2127309804,SERVO_OUTPUT_RAW,0,0,0,0,0,0,0,0,1000,1000,1000,1000,0,0,0,0,0
2025-12-15 01:09:32.219,SERVO_OUTPUT_RAW,2127409790,SERVO_OUTPUT_RAW,0,0,0,0,0,0,0,0,1000,1000,1000,1000,0,0,0,0,0
2025-12-15 01:09:32.319,SERVO_OUTPUT_RAW,2127509795,SERVO_OUTPUT_RAW,0,0,0,0,0,0,0,0,1000,1000,1000,1000,0,0,0,0,0
2025-12-15 01:09:32.474,SERVO_OUTPUT_RAW,2127609818,SERVO_OUTPUT_RAW,0,0,0,0,0,0,0,0,1000,1000,1000,1000,0,0,0,0,0
2025-12-15 01:09:32.519,SERVO_OUTPUT_RAW,2127709838,SERVO_OUTPUT_RAW,0,0,0,0,0,0,0,0,1000,1000,1000,1000,0,0,0,0,0
2025-12-15 01:09:32.619,SERVO_OUTPUT_RAW,2127809794,SERVO_OUTPUT_RAW,0,0,0,0,0,0,0,0,1000,1000,1000,1000,0,0,0,0,0
2025-12-15 01:09:32.719,SERVO_OUTPUT_RAW,2127909798,SERVO_OUTPUT_RAW,0,0,0,0,0,0,0,0,1000,1000,1000,1000,0,0,0,0,0
2025-12-15 01:09:32.819,SERVO_OUTPUT_RAW,2128009833,SERVO_OUTPUT_RAW,0,0,0,0,0,0,0,0,1000,1000,1000,1000,0,0,0,0,0
2025-12-15 01:09:32.919,SERVO_OUTPUT_RAW,2128109855,SERVO_OUTPUT_RAW,0,0,0,0,0,0,0,0,1000,1000,1000,1000,0,0,0,0,0
2025-12-15 01:09:33.019,SERVO_OUTPUT_RAW,2128212004,SERVO_OUTPUT_RAW,0,0,0,0,0,0,0,0,1000,1000,1000,1000,0,0,0,0,0
2025-12-15 01:09:33.119,SERVO_OUTPUT_RAW,2128309818,SERVO_OUTPUT_RAW,0,0,0,0,0,0,0,0,1000,1000,1000,1000,0,0,0,0,0
2025-12-15 01:09:33.219,SERVO_OUTPUT_RAW,2128409803,SERVO_OUTPUT_RAW,0,0,0,0,0,0,0,0,1000,1000,1000,1000,0,0,0,0,0
2025-12-15 01:09:33.319,SERVO_OUTPUT_RAW,2128509835,SERVO_OUTPUT_RAW,0,0,0,0,0,0,0,0,1000,1000,1000,1000,0,0,0,0,0
2025-12-15 01:09:33.419,SERVO_OUTPUT_RAW,2128609855,SERVO_OUTPUT_RAW,0,0,0,0,0,0,0,0,1000,1000,1000,1000,0,0,0,0,0
2025-12-15 01:09:33.519,SERVO_OUTPUT_RAW,2128709795,SERVO_OUTPUT_RAW,0,0,0,0,0,0,0,0,1000,1000,1000,1000,0,0,0,0,0
2025-12-15 01:09:33.619,SERVO_OUTPUT_RAW,2128809785,SERVO_OUTPUT_RAW,0,0,0,0,0,0,0,0,1000,1000,1000,1000,0,0,0,0,0
2025-12-15 01:09:33.719,SERVO_OUTPUT_RAW,2128909782,SERVO_OUTPUT_RAW,0,0,0,0,0,0,0,0,1000,1000,1000,1000,0,0,0,0,0
2025-12-15 01:09:33.819,SERVO_OUTPUT_RAW,2129009787,SERVO_OUTPUT_RAW,0,0,0,0,0,0,0,0,1000,1000,1000,1000,0,0,0,0,0
2025-12-15 01:09:33.919,SERVO_OUTPUT_RAW,2129109777,SERVO_OUTPUT_RAW,0,0,0,0,0,0,0,0,1000,1000,1000,1000,0,0,0,0,0
2025-12-15 01:09:34.019,SERVO_OUTPUT_RAW,2129209839,SERVO_OUTPUT_RAW,0,0,0,0,0,0,0,0,1000,1000,1000,1000,0,0,0,0,0
2025-12-15 01:09:34.119,SERVO_OUTPUT_RAW,2129309821,SERVO_OUTPUT_RAW,0,0,0,0,0,0,0,0,1000,1000,1000,1000,0,0,0,0,0
2025-12-15 01:09:34.219,SERVO_OUTPUT_RAW,2129409848,SERVO_OUTPUT_RAW,0,0,0,0,0,0,0,0,1000,1000,1000,1000,0,0,0,0,0
2025-12-15 01:09:34.319,SERVO_OUTPUT_RAW,2129509828,SERVO_OUTPUT_RAW,0,0,0,0,0,0,0,0,1000,1000,1000,1000,0,0,0,0,0
2025-12-15 01:09:34.419,SERVO_OUTPUT_RAW,2129612170,SERVO_OUTPUT_RAW,0,0,0,0,0,0,0,0,1000,1000,1000,1000,0,0,0,0,0
2025-12-15 01:09:34.519,SERVO_OUTPUT_RAW,2129709847,SERVO_OUTPUT_RAW,0,0,0,0,0,0,0,0,1000,1000,1000,1000,0,0,0,0,0
2025-12-15 01:09:34.619,SERVO_OUTPUT_RAW,2129809836,SERVO_OUTPUT_RAW,0,0,0,0,0,0,0,0,1000,1000,1000,1000,0,0,0,0,0
2025-12-15 01:09:34.719,SERVO_OUTPUT_RAW,2129909792,SERVO_OUTPUT_RAW,0,0,0,0,0,0,0,0,1000,1000,1000,1000,0,0,0,0,0
2025-12-15 01:09:34.819,SERVO_OUTPUT_RAW,2130009816,SERVO_OUTPUT_RAW,0,0,0,0,0,0,0,0,1000,1000,1000,1000,0,0,0,0,0
2025-12-15 01:09:34.920,SERVO_OUTPUT_RAW,2130109801,SERVO_OUTPUT_RAW,0,0,0,0,0,0,0,0,1000,1000,1000,1000,0,0,0,0,0
2025-12-15 01:09:35.020,SERVO_OUTPUT_RAW,2130209781,SERVO_OUTPUT_RAW,0,0,0,0,0,0,0,0,1000,1000,1000,1000,0,0,0,0,0
2025-12-15 01:09:35.120,SERVO_OUTPUT_RAW,2130309866,SERVO_OUTPUT_RAW,0,0,0,0,0,0,0,0,1000,1000,1000,1000,0,0,0,0,0
2025-12-15 01:09:35.219,SERVO_OUTPUT_RAW,2130409784,SERVO_OUTPUT_RAW,0,0,0,0,0,0,0,0,1000,1000,1000,1000,0,0,0,0,0
2025-12-15 01:09:35.319,SERVO_OUTPUT_RAW,2130509788,SERVO_OUTPUT_RAW,0,0,0,0,0,0,0,0,1000,1000,1000,1000,0,0,0,0,0
2025-12-15 01:09:35.419,SERVO_OUTPUT_RAW,2130609792,SERVO_OUTPUT_RAW,0,0,0,0,0,0,0,0,1000,1000,1000,1000,0,0,0,0,0
2025-12-15 01:09:35.518,SERVO_OUTPUT_RAW,2130709790,SERVO_OUTPUT_RAW,0,0,0,0,0,0,0,0,1000,1000,1000,1000,0,0,0,0,0
2025-12-15 01:09:35.619,SERVO_OUTPUT_RAW,2130809829,SERVO_OUTPUT_RAW,0,0,0,0,0,0,0,0,1000,1000,1000,1000,0,0,0,0,0
2025-12-15 01:09:35.718,SERVO_OUTPUT_RAW,2130909811,SERVO_OUTPUT_RAW,0,0,0,0,0,0,0,0,1000,1000,1000,1000,0,0,0,0,0
2025-12-15 01:09:35.818,SERVO_OUTPUT_RAW,2131009809,SERVO_OUTPUT_RAW,0,0,0,0,0,0,0,0,1000,1000,1000,1000,0,0,0,0,0
2025-12-15 01:09:35.918,SERVO_OUTPUT_RAW,2131109802,SERVO_OUTPUT_RAW,0,0,0,0,0,0,0,0,1000,1000,1000,1000,0,0,0,0,0
2025-12-15 01:09:36.018,SERVO_OUTPUT_RAW,2131209835,SERVO_OUTPUT_RAW,0,0,0,0,0,0,0,0,1000,1000,1000,1000,0,0,0,0,0
2025-12-15 01:09:36.118,SERVO_OUTPUT_RAW,2131309838,SERVO_OUTPUT_RAW,0,0,0,0,0,0,0,0,1000,1000,1000,1000,0,0,0,0,0
2025-12-15 01:09:36.219,SERVO_OUTPUT_RAW,2131409830,SERVO_OUTPUT_RAW,0,0,0,0,0,0,0,0,1000,1000,1000,1000,0,0,0,0,0
2025-12-15 01:09:36.318,SERVO_OUTPUT_RAW,2131509821,SERVO_OUTPUT_RAW,0,0,0,0,0,0,0,0,1000,1000,1000,1000,0,0,0,0,0
2025-12-15 01:09:36.418,SERVO_OUTPUT_RAW,2131609827,SERVO_OUTPUT_RAW,0,0,0,0,0,0,0,0,1000,1000,1000,1000,0,0,0,0,0
2025-12-15 01:09:36.518,SERVO_OUTPUT_RAW,2131709817,SERVO_OUTPUT_RAW,0,0,0,0,0,0,0,0,1000,1000,1000,1000,0,0,0,0,0
2025-12-15 01:09:36.618,SERVO_OUTPUT_RAW,2131809794,SERVO_OUTPUT_RAW,0,0,0,0,0,0,0,0,1000,1000,1000,1000,0,0,0,0,0
2025-12-15 01:09:36.718,SERVO_OUTPUT_RAW,2131909796,SERVO_OUTPUT_RAW,0,0,0,0,0,0,0,0,1000,1000,1000,1000,0,0,0,0,0
2025-12-15 01:09:36.819,SERVO_OUTPUT_RAW,2132009802,SERVO_OUTPUT_RAW,0,0,0,0,0,0,0,0,1000,1000,1000,1000,0,0,0,0,0
2025-12-15 01:09:36.918,SERVO_OUTPUT_RAW,2132109796,SERVO_OUTPUT_RAW,0,0,0,0,0,0,0,0,1000,1000,1000,1000,0,0,0,0,0
2025-12-15 01:09:37.018,SERVO_OUTPUT_RAW,2132209777,SERVO_OUTPUT_RAW,0,0,0,0,0,0,0,0,1000,1000,1000,1000,0,0,0,0,0
2025-12-15 01:09:37.118,SERVO_OUTPUT_RAW,2132309818,SERVO_OUTPUT_RAW,0,0,0,0,0,0,0,0,1000,1000,1000,1000,0,0,0,0,0
2025-12-15 01:09:37.219,SERVO_OUTPUT_RAW,2132412147,SERVO_OUTPUT_RAW,0,0,0,0,0,0,0,0,1000,1000,1000,1000,0,0,0,0,0
2025-12-15 01:09:37.318,SERVO_OUTPUT_RAW,2132509875,SERVO_OUTPUT_RAW,0,0,0,0,0,0,0,0,1000,1000,1000,1000,0,0,0,0,0
2025-12-15 01:09:37.418,SERVO_OUTPUT_RAW,2132609787,SERVO_OUTPUT_RAW,0,0,0,0,0,0,0,0,1000,1000,1000,1000,0,0,0,0,0
2025-12-15 01:09:37.519,SERVO_OUTPUT_RAW,2132709810,SERVO_OUTPUT_RAW,0,0,0,0,0,0,0,0,1000,1000,1000,1000,0,0,0,0,0
2025-12-15 01:09:37.618,SERVO_OUTPUT_RAW,2132809838,SERVO_OUTPUT_RAW,0,0,0,0,0,0,0,0,1000,1000,1000,1000,0,0,0,0,0
2025-12-15 01:09:37.718,SERVO_OUTPUT_RAW,2132909841,SERVO_OUTPUT_RAW,0,0,0,0,0,0,0,0,1000,1000,1000,1000,0,0,0,0,0
2025-12-15 01:09:37.818,SERVO_OUTPUT_RAW,2133009826,SERVO_OUTPUT_RAW,0,0,0,0,0,0,0,0,1000,1000,1000,1000,0,0,0,0,0
2025-12-15 01:09:37.918,SERVO_OUTPUT_RAW,2133109827,SERVO_OUTPUT_RAW,0,0,0,0,0,0,0,0,1000,1000,1000,1000,0,0,0,0,0
2025-12-15 01:09:38.018,SERVO_OUTPUT_RAW,2133209828,SERVO_OUTPUT_RAW,0,0,0,0,0,0,0,0,1000,1000,1000,1000,0,0,0,0,0
2025-12-15 01:09:38.118,SERVO_OUTPUT_RAW,2133309820,SERVO_OUTPUT_RAW,0,0,0,0,0,0,0,0,1000,1000,1000,1000,0,0,0,0,0
2025-12-15 01:09:38.218,SERVO_OUTPUT_RAW,2133409788,SERVO_OUTPUT_RAW,0,0,0,0,0,0,0,0,1000,1000,1000,1000,0,0,0,0,0
2025-12-15 01:09:38.318,SERVO_OUTPUT_RAW,2133509795,SERVO_OUTPUT_RAW,0,0,0,0,0,0,0,0,1000,1000,1000,1000,0,0,0,0,0
2025-12-15 01:09:38.419,SERVO_OUTPUT_RAW,2133609779,SERVO_OUTPUT_RAW,0,0,0,0,0,0,0,0,1000,1000,1000,1000,0,0,0,0,0
2025-12-15 01:09:38.518,SERVO_OUTPUT_RAW,2133709788,SERVO_OUTPUT_RAW,0,0,0,0,0,0,0,0,1000,1000,1000,1000,0,0,0,0,0
2025-12-15 01:09:38.618,SERVO_OUTPUT_RAW,2133809784,SERVO_OUTPUT_RAW,0,0,0,0,0,0,0,0,1000,1000,1000,1000,0,0,0,0,0
2025-12-15 01:09:38.719,SERVO_OUTPUT_RAW,2133909818,SERVO_OUTPUT_RAW,0,0,0,0,0,0,0,0,1000,1000,1000,1000,0,0,0,0,0
2025-12-15 01:09:38.819,SERVO_OUTPUT_RAW,2134009798,SERVO_OUTPUT_RAW,0,0,0,0,0,0,0,0,1000,1000,1000,1000,0,0,0,0,0
2025-12-15 01:09:38.919,SERVO_OUTPUT_RAW,2134109901,SERVO_OUTPUT_RAW,0,0,0,0,0,0,0,0,1000,1000,1000,1000,0,0,0,0,0
2025-12-15 01:09:39.019,SERVO_OUTPUT_RAW,2134209795,SERVO_OUTPUT_RAW,0,0,0,0,0,0,0,0,1000,1000,1000,1000,0,0,0,0,0
2025-12-15 01:09:39.119,SERVO_OUTPUT_RAW,2134309824,SERVO_OUTPUT_RAW,0,0,0,0,0,0,0,0,1000,1000,1000,1000,0,0,0,0,0
2025-12-15 01:09:39.219,SERVO_OUTPUT_RAW,2134409860,SERVO_OUTPUT_RAW,0,0,0,0,0,0,0,0,1000,1000,1000,1000,0,0,0,0,0
2025-12-15 01:09:39.319,SERVO_OUTPUT_RAW,2134512024,SERVO_OUTPUT_RAW,0,0,0,0,0,0,0,0,1000,1000,1000,1000,0,0,0,0,0
2025-12-15 01:09:39.419,SERVO_OUTPUT_RAW,2134609780,SERVO_OUTPUT_RAW,0,0,0,0,0,0,0,0,1000,1000,1000,1000,0,0,0,0,0
2025-12-15 01:09:39.519,SERVO_OUTPUT_RAW,2134709810,SERVO_OUTPUT_RAW,0,0,0,0,0,0,0,0,1000,1000,1000,1000,0,0,0,0,0
2025-12-15 01:09:39.619,SERVO_OUTPUT_RAW,2134809814,SERVO_OUTPUT_RAW,0,0,0,0,0,0,0,0,1000,1000,1000,1000,0,0,0,0,0
2025-12-15 01:09:39.719,SERVO_OUTPUT_RAW,2134909779,SERVO_OUTPUT_RAW,0,0,0,0,0,0,0,0,1000,1000,1000,1000,0,0,0,0,0
2025-12-15 01:09:39.819,SERVO_OUTPUT_RAW,2135009828,SERVO_OUTPUT_RAW,0,0,0,0,0,0,0,0,1000,1000,1000,1000,0,0,0,0,0
2025-12-15 01:09:39.920,SERVO_OUTPUT_RAW,2135109800,SERVO_OUTPUT_RAW,0,0,0,0,0,0,0,0,1000,1000,1000,1000,0,0,0,0,0
2025-12-15 01:09:40.019,SERVO_OUTPUT_RAW,2135209790,SERVO_OUTPUT_RAW,0,0,0,0,0,0,0,0,1000,1000,1000,1000,0,0,0,0,0
2025-12-15 01:09:40.119,SERVO_OUTPUT_RAW,2135309793,SERVO_OUTPUT_RAW,0,0,0,0,0,0,0,0,1000,1000,1000,1000,0,0,0,0,0
2025-12-15 01:09:40.219,SERVO_OUTPUT_RAW,2135409841,SERVO_OUTPUT_RAW,0,0,0,0,0,0,0,0,1000,1000,1000,1000,0,0,0,0,0
2025-12-15 01:09:40.319,SERVO_OUTPUT_RAW,2135509839,SERVO_OUTPUT_RAW,0,0,0,0,0,0,0,0,1000,1000,1000,1000,0,0,0,0,0
2025-12-15 01:09:40.419,SERVO_OUTPUT_RAW,2135609837,SERVO_OUTPUT_RAW,0,0,0,0,0,0,0,0,1000,1000,1000,1000,0,0,0,0,0
2025-12-15 01:09:40.519,SERVO_OUTPUT_RAW,2135709781,SERVO_OUTPUT_RAW,0,0,0,0,0,0,0,0,1000,1000,1000,1000,0,0,0,0,0
2025-12-15 01:09:40.619,SERVO_OUTPUT_RAW,2135809816,SERVO_OUTPUT_RAW,0,0,0,0,0,0,0,0,1000,1000,1000,1000,0,0,0,0,0
2025-12-15 01:09:40.719,SERVO_OUTPUT_RAW,2135909841,SERVO_OUTPUT_RAW,0,0,0,0,0,0,0,0,1000,1000,1000,1000,0,0,0,0,0
2025-12-15 01:09:40.819,SERVO_OUTPUT_RAW,2136009864,SERVO_OUTPUT_RAW,0,0,0,0,0,0,0,0,1000,1000,1000,1000,0,0,0,0,0
2025-12-15 01:09:40.919,SERVO_OUTPUT_RAW,2136109819,SERVO_OUTPUT_RAW,0,0,0,0,0,0,0,0,1000,1000,1000,1000,0,0,0,0,0
2025-12-15 01:09:41.019,SERVO_OUTPUT_RAW,2136209795,SERVO_OUTPUT_RAW,0,0,0,0,0,0,0,0,1000,1000,1000,1000,0,0,0,0,0
2025-12-15 01:09:41.119,SERVO_OUTPUT_RAW,2136309819,SERVO_OUTPUT_RAW,0,0,0,0,0,0,0,0,1000,1000,1000,1000,0,0,0,0,0
2025-12-15 01:09:41.219,SERVO_OUTPUT_RAW,2136409829,SERVO_OUTPUT_RAW,0,0,0,0,0,0,0,0,1000,1000,1000,1000,0,0,0,0,0
2025-12-15 01:09:41.320,SERVO_OUTPUT_RAW,2136509782,SERVO_OUTPUT_RAW,0,0,0,0,0,0,0,0,1000,1000,1000,1000,0,0,0,0,0
2025-12-15 01:09:41.419,SERVO_OUTPUT_RAW,2136609860,SERVO_OUTPUT_RAW,0,0,0,0,0,0,0,0,1000,1000,1000,1000,0,0,0,0,0
2025-12-15 01:09:41.519,SERVO_OUTPUT_RAW,2136709786,SERVO_OUTPUT_RAW,0,0,0,0,0,0,0,0,1000,1000,1000,1000,0,0,0,0,0
2025-12-15 01:09:41.619,SERVO_OUTPUT_RAW,2136809798,SERVO_OUTPUT_RAW,0,0,0,0,0,0,0,0,1000,1000,1000,1000,0,0,0,0,0
2025-12-15 01:09:41.719,SERVO_OUTPUT_RAW,2136909802,SERVO_OUTPUT_RAW,0,0,0,0,0,0,0,0,1000,1000,1000,1000,0,0,0,0,0
2025-12-15 01:09:41.819,SERVO_OUTPUT_RAW,2137009827,SERVO_OUTPUT_RAW,0,0,0,0,0,0,0,0,1000,1000,1000,1000,0,0,0,0,0
2025-12-15 01:09:41.919,SERVO_OUTPUT_RAW,2137109824,SERVO_OUTPUT_RAW,0,0,0,0,0,0,0,0,1000,1000,1000,1000,0,0,0,0,0
2025-12-15 01:09:42.019,SERVO_OUTPUT_RAW,2137209779,SERVO_OUTPUT_RAW,0,0,0,0,0,0,0,0,1000,1000,1000,1000,0,0,0,0,0
2025-12-15 01:09:42.119,SERVO_OUTPUT_RAW,2137309780,SERVO_OUTPUT_RAW,0,0,0,0,0,0,0,0,1000,1000,1000,1000,0,0,0,0,0
2025-12-15 01:09:42.219,SERVO_OUTPUT_RAW,2137409823,SERVO_OUTPUT_RAW,0,0,0,0,0,0,0,0,1000,1000,1000,1000,0,0,0,0,0
2025-12-15 01:09:42.319,SERVO_OUTPUT_RAW,2137509851,SERVO_OUTPUT_RAW,0,0,0,0,0,0,0,0,1000,1000,1000,1000,0,0,0,0,0
2025-12-15 01:09:42.421,SERVO_OUTPUT_RAW,2137609835,SERVO_OUTPUT_RAW,0,0,0,0,0,0,0,0,1000,1000,1000,1000,0,0,0,0,0
2025-12-15 01:09:42.519,SERVO_OUTPUT_RAW,2137709797,SERVO_OUTPUT_RAW,0,0,0,0,0,0,0,0,1000,1000,1000,1000,0,0,0,0,0
2025-12-15 01:09:42.619,SERVO_OUTPUT_RAW,2137809801,SERVO_OUTPUT_RAW,0,0,0,0,0,0,0,0,1000,1000,1000,1000,0,0,0,0,0
2025-12-15 01:09:42.719,SERVO_OUTPUT_RAW,2137909819,SERVO_OUTPUT_RAW,0,0,0,0,0,0,0,0,1000,1000,1000,1000,0,0,0,0,0
2025-12-15 01:09:42.819,SERVO_OUTPUT_RAW,2138009783,SERVO_OUTPUT_RAW,0,0,0,0,0,0,0,0,1000,1000,1000,1000,0,0,0,0,0
2025-12-15 01:09:42.919,SERVO_OUTPUT_RAW,2138109784,SERVO_OUTPUT_RAW,0,0,0,0,0,0,0,0,1000,1000,1000,1000,0,0,0,0,0
2025-12-15 01:09:43.019,SERVO_OUTPUT_RAW,2138209784,SERVO_OUTPUT_RAW,0,0,0,0,0,0,0,0,1000,1000,1000,1000,0,0,0,0,0
2025-12-15 01:09:43.120,SERVO_OUTPUT_RAW,2138309808,SERVO_OUTPUT_RAW,0,0,0,0,0,0,0,0,1000,1000,1000,1000,0,0,0,0,0
2025-12-15 01:09:43.220,SERVO_OUTPUT_RAW,2138409792,SERVO_OUTPUT_RAW,0,0,0,0,0,0,0,0,1000,1000,1000,1000,0,0,0,0,0
2025-12-15 01:09:43.319,SERVO_OUTPUT_RAW,2138509786,SERVO_OUTPUT_RAW,0,0,0,0,0,0,0,0,1000,1000,1000,1000,0,0,0,0,0
2025-12-15 01:09:43.419,SERVO_OUTPUT_RAW,2138609846,SERVO_OUTPUT_RAW,0,0,0,0,0,0,0,0,1000,1000,1000,1000,0,0,0,0,0
2025-12-15 01:09:43.519,SERVO_OUTPUT_RAW,2138712148,SERVO_OUTPUT_RAW,0,0,0,0,0,0,0,0,1000,1000,1000,1000,0,0,0,0,0
2025-12-15 01:09:43.619,SERVO_OUTPUT_RAW,2138809800,SERVO_OUTPUT_RAW,0,0,0,0,0,0,0,0,1000,1000,1000,1000,0,0,0,0,0
2025-12-15 01:09:43.720,SERVO_OUTPUT_RAW,2138909815,SERVO_OUTPUT_RAW,0,0,0,0,0,0,0,0,1000,1000,1000,1000,0,0,0,0,0
2025-12-15 01:09:43.819,SERVO_OUTPUT_RAW,2139009813,SERVO_OUTPUT_RAW,0,0,0,0,0,0,0,0,1000,1000,1000,1000,0,0,0,0,0
2025-12-15 01:09:43.919,SERVO_OUTPUT_RAW,2139109842,SERVO_OUTPUT_RAW,0,0,0,0,0,0,0,0,1000,1000,1000,1000,0,0,0,0,0
2025-12-15 01:09:44.019,SERVO_OUTPUT_RAW,2139209768,SERVO_OUTPUT_RAW,0,0,0,0,0,0,0,0,1000,1000,1000,1000,0,0,0,0,0
2025-12-15 01:09:44.120,SERVO_OUTPUT_RAW,2139309781,SERVO_OUTPUT_RAW,0,0,0,0,0,0,0,0,1000,1000,1000,1000,0,0,0,0,0
2025-12-15 01:09:44.220,SERVO_OUTPUT_RAW,2139409813,SERVO_OUTPUT_RAW,0,0,0,0,0,0,0,0,1000,1000,1000,1000,0,0,0,0,0
2025-12-15 01:09:44.319,SERVO_OUTPUT_RAW,2139509843,SERVO_OUTPUT_RAW,0,0,0,0,0,0,0,0,1000,1000,1000,1000,0,0,0,0,0
2025-12-15 01:09:44.420,SERVO_OUTPUT_RAW,2139609787,SERVO_OUTPUT_RAW,0,0,0,0,0,0,0,0,1000,1000,1000,1000,0,0,0,0,0
2025-12-15 01:09:44.520,SERVO_OUTPUT_RAW,2139709787,SERVO_OUTPUT_RAW,0,0,0,0,0,0,0,0,1000,1000,1000,1000,0,0,0,0,0
2025-12-15 01:09:44.619,SERVO_OUTPUT_RAW,2139809794,SERVO_OUTPUT_RAW,0,0,0,0,0,0,0,0,1000,1000,1000,1000,0,0,0,0,0
2025-12-15 01:09:44.718,SERVO_OUTPUT_RAW,2139909807,SERVO_OUTPUT_RAW,0,0,0,0,0,0,0,0,1000,1000,1000,1000,0,0,0,0,0
2025-12-15 01:09:44.818,SERVO_OUTPUT_RAW,2140009794,SERVO_OUTPUT_RAW,0,0,0,0,0,0,0,0,1000,1000,1000,1000,0,0,0,0,0
2025-12-15 01:09:44.918,SERVO_OUTPUT_RAW,2140109826,SERVO_OUTPUT_RAW,0,0,0,0,0,0,0,0,1000,1000,1000,1000,0,0,0,0,0
2025-12-15 01:09:45.018,SERVO_OUTPUT_RAW,2140209849,SERVO_OUTPUT_RAW,0,0,0,0,0,0,0,0,1000,1000,1000,1000,0,0,0,0,0
2025-12-15 01:09:45.118,SERVO_OUTPUT_RAW,2140309775,SERVO_OUTPUT_RAW,0,0,0,0,0,0,0,0,1000,1000,1000,1000,0,0,0,0,0
2025-12-15 01:09:45.218,SERVO_OUTPUT_RAW,2140409894,SERVO_OUTPUT_RAW,0,0,0,0,0,0,0,0,1000,1000,1000,1000,0,0,0,0,0
2025-12-15 01:09:45.318,SERVO_OUTPUT_RAW,2140509802,SERVO_OUTPUT_RAW,0,0,0,0,0,0,0,0,1000,1000,1000,1000,0,0,0,0,0
2025-12-15 01:09:45.418,SERVO_OUTPUT_RAW,2140609822,SERVO_OUTPUT_RAW,0,0,0,0,0,0,0,0,1000,1000,1000,1000,0,0,0,0,0
2025-12-15 01:09:45.518,SERVO_OUTPUT_RAW,2140709839,SERVO_OUTPUT_RAW,0,0,0,0,0,0,0,0,1000,1000,1000,1000,0,0,0,0,0
2025-12-15 01:09:45.618,SERVO_OUTPUT_RAW,2140812072,SERVO_OUTPUT_RAW,0,0,0,0,0,0,0,0,1000,1000,1000,1000,0,0,0,0,0
2025-12-15 01:09:45.719,SERVO_OUTPUT_RAW,2140909805,SERVO_OUTPUT_RAW,0,0,0,0,0,0,0,0,1000,1000,1000,1000,0,0,0,0,0
2025-12-15 01:09:45.819,SERVO_OUTPUT_RAW,2141009825,SERVO_OUTPUT_RAW,0,0,0,0,0,0,0,0,1000,1000,1000,1000,0,0,0,0,0
2025-12-15 01:09:45.918,SERVO_OUTPUT_RAW,2141109778,SERVO_OUTPUT_RAW,0,0,0,0,0,0,0,0,1000,1000,1000,1000,0,0,0,0,0
2025-12-15 01:09:46.018,SERVO_OUTPUT_RAW,2141209795,SERVO_OUTPUT_RAW,0,0,0,0,0,0,0,0,1000,1000,1000,1000,0,0,0,0,0
2025-12-15 01:09:46.118,SERVO_OUTPUT_RAW,2141309790,SERVO_OUTPUT_RAW,0,0,0,0,0,0,0,0,1000,1000,1000,1000,0,0,0,0,0
2025-12-15 01:09:46.219,SERVO_OUTPUT_RAW,2141409787,SERVO_OUTPUT_RAW,0,0,0,0,0,0,0,0,1000,1000,1000,1000,0,0,0,0,0
2025-12-15 01:09:46.319,SERVO_OUTPUT_RAW,2141509786,SERVO_OUTPUT_RAW,0,0,0,0,0,0,0,0,1000,1000,1000,1000,0,0,0,0,0
2025-12-15 01:09:46.419,SERVO_OUTPUT_RAW,2141609789,SERVO_OUTPUT_RAW,0,0,0,0,0,0,0,0,1000,1000,1000,1000,0,0,0,0,0
2025-12-15 01:09:46.519,SERVO_OUTPUT_RAW,2141709828,SERVO_OUTPUT_RAW,0,0,0,0,0,0,0,0,1000,1000,1000,1000,0,0,0,0,0
2025-12-15 01:09:46.619,SERVO_OUTPUT_RAW,2141809847,SERVO_OUTPUT_RAW,0,0,0,0,0,0,0,0,1000,1000,1000,1000,0,0,0,0,0
2025-12-15 01:09:46.719,SERVO_OUTPUT_RAW,2141909860,SERVO_OUTPUT_RAW,0,0,0,0,0,0,0,0,1000,1000,1000,1000,0,0,0,0,0
2025-12-15 01:09:46.819,SERVO_OUTPUT_RAW,2142009807,SERVO_OUTPUT_RAW,0,0,0,0,0,0,0,0,1000,1000,1000,1000,0,0,0,0,0
2025-12-15 01:09:46.919,SERVO_OUTPUT_RAW,2142109817,SERVO_OUTPUT_RAW,0,0,0,0,0,0,0,0,1000,1000,1000,1000,0,0,0,0,0
2025-12-15 01:09:47.019,SERVO_OUTPUT_RAW,2142209858,SERVO_OUTPUT_RAW,0,0,0,0,0,0,0,0,1000,1000,1000,1000,0,0,0,0,0
2025-12-15 01:09:47.119,SERVO_OUTPUT_RAW,2142309823,SERVO_OUTPUT_RAW,0,0,0,0,0,0,0,0,1000,1000,1000,1000,0,0,0,0,0
2025-12-15 01:09:47.219,SERVO_OUTPUT_RAW,2142409791,SERVO_OUTPUT_RAW,0,0,0,0,0,0,0,0,1000,1000,1000,1000,0,0,0,0,0
2025-12-15 01:09:47.319,SERVO_OUTPUT_RAW,2142509811,SERVO_OUTPUT_RAW,0,0,0,0,0,0,0,0,1000,1000,1000,1000,0,0,0,0,0
2025-12-15 01:09:47.420,SERVO_OUTPUT_RAW,2142609812,SERVO_OUTPUT_RAW,0,0,0,0,0,0,0,0,1000,1000,1000,1000,0,0,0,0,0
2025-12-15 01:09:47.519,SERVO_OUTPUT_RAW,2142709782,SERVO_OUTPUT_RAW,0,0,0,0,0,0,0,0,1000,1000,1000,1000,0,0,0,0,0
2025-12-15 01:09:47.619,SERVO_OUTPUT_RAW,2142809794,SERVO_OUTPUT_RAW,0,0,0,0,0,0,0,0,1000,1000,1000,1000,0,0,0,0,0
2025-12-15 01:09:47.719,SERVO_OUTPUT_RAW,2142909882,SERVO_OUTPUT_RAW,0,0,0,0,0,0,0,0,1000,1000,1000,1000,0,0,0,0,0
2025-12-15 01:09:47.819,SERVO_OUTPUT_RAW,2143009789,SERVO_OUTPUT_RAW,0,0,0,0,0,0,0,0,1000,1000,1000,1000,0,0,0,0,0
2025-12-15 01:09:47.919,SERVO_OUTPUT_RAW,2143109817,SERVO_OUTPUT_RAW,0,0,0,0,0,0,0,0,1000,1000,1000,1000,0,0,0,0,0
2025-12-15 01:09:48.019,SERVO_OUTPUT_RAW,2143209820,SERVO_OUTPUT_RAW,0,0,0,0,0,0,0,0,1000,1000,1000,1000,0,0,0,0,0
2025-12-15 01:09:48.119,SERVO_OUTPUT_RAW,2143309827,SERVO_OUTPUT_RAW,0,0,0,0,0,0,0,0,1000,1000,1000,1000,0,0,0,0,0
2025-12-15 01:09:48.219,SERVO_OUTPUT_RAW,2143409859,SERVO_OUTPUT_RAW,0,0,0,0,0,0,0,0,1000,1000,1000,1000,0,0,0,0,0
2025-12-15 01:09:48.319,SERVO_OUTPUT_RAW,2143509804,SERVO_OUTPUT_RAW,0,0,0,0,0,0,0,0,1000,1000,1000,1000,0,0,0,0,0
2025-12-15 01:09:48.419,SERVO_OUTPUT_RAW,2143609803,SERVO_OUTPUT_RAW,0,0,0,0,0,0,0,0,1000,1000,1000,1000,0,0,0,0,0
2025-12-15 01:09:48.519,SERVO_OUTPUT_RAW,2143709830,SERVO_OUTPUT_RAW,0,0,0,0,0,0,0,0,1000,1000,1000,1000,0,0,0,0,0
2025-12-15 01:09:48.619,SERVO_OUTPUT_RAW,2143809830,SERVO_OUTPUT_RAW,0,0,0,0,0,0,0,0,1000,1000,1000,1000,0,0,0,0,0
2025-12-15 01:09:48.719,SERVO_OUTPUT_RAW,2143909846,SERVO_OUTPUT_RAW,0,0,0,0,0,0,0,0,1000,1000,1000,1000,0,0,0,0,0
2025-12-15 01:09:48.819,SERVO_OUTPUT_RAW,2144009812,SERVO_OUTPUT_RAW,0,0,0,0,0,0,0,0,1000,1000,1000,1000,0,0,0,0,0
2025-12-15 01:09:48.919,SERVO_OUTPUT_RAW,2144109851,SERVO_OUTPUT_RAW,0,0,0,0,0,0,0,0,1000,1000,1000,1000,0,0,0,0,0
2025-12-15 01:09:49.019,SERVO_OUTPUT_RAW,2144209826,SERVO_OUTPUT_RAW,0,0,0,0,0,0,0,0,1000,1000,1000,1000,0,0,0,0,0
2025-12-15 01:09:49.119,SERVO_OUTPUT_RAW,2144309786,SERVO_OUTPUT_RAW,0,0,0,0,0,0,0,0,1000,1000,1000,1000,0,0,0,0,0
2025-12-15 01:09:49.219,SERVO_OUTPUT_RAW,2144409794,SERVO_OUTPUT_RAW,0,0,0,0,0,0,0,0,1000,1000,1000,1000,0,0,0,0,0
2025-12-15 01:09:49.319,SERVO_OUTPUT_RAW,2144509796,SERVO_OUTPUT_RAW,0,0,0,0,0,0,0,0,1000,1000,1000,1000,0,0,0,0,0
2025-12-15 01:09:49.419,SERVO_OUTPUT_RAW,2144609793,SERVO_OUTPUT_RAW,0,0,0,0,0,0,0,0,1000,1000,1000,1000,0,0,0,0,0
2025-12-15 01:09:49.519,SERVO_OUTPUT_RAW,2144709785,SERVO_OUTPUT_RAW,0,0,0,0,0,0,0,0,1000,1000,1000,1000,0,0,0,0,0
2025-12-15 01:09:49.619,SERVO_OUTPUT_RAW,2144809817,SERVO_OUTPUT_RAW,0,0,0,0,0,0,0,0,1000,1000,1000,1000,0,0,0,0,0
2025-12-15 01:09:49.719,SERVO_OUTPUT_RAW,2144909855,SERVO_OUTPUT_RAW,0,0,0,0,0,0,0,0,1000,1000,1000,1000,0,0,0,0,0
2025-12-15 01:09:49.820,SERVO_OUTPUT_RAW,2145012133,SERVO_OUTPUT_RAW,0,0,0,0,0,0,0,0,1000,1000,1000,1000,0,0,0,0,0
2025-12-15 01:09:49.920,SERVO_OUTPUT_RAW,2145109794,SERVO_OUTPUT_RAW,0,0,0,0,0,0,0,0,1000,1000,1000,1000,0,0,0,0,0
2025-12-15 01:09:50.019,SERVO_OUTPUT_RAW,2145209807,SERVO_OUTPUT_RAW,0,0,0,0,0,0,0,0,1000,1000,1000,1000,0,0,0,0,0
2025-12-15 01:09:50.119,SERVO_OUTPUT_RAW,2145309846,SERVO_OUTPUT_RAW,0,0,0,0,0,0,0,0,1000,1000,1000,1000,0,0,0,0,0
2025-12-15 01:09:50.220,SERVO_OUTPUT_RAW,2145409853,SERVO_OUTPUT_RAW,0,0,0,0,0,0,0,0,1000,1000,1000,1000,0,0,0,0,0
2025-12-15 01:09:50.319,SERVO_OUTPUT_RAW,2145509788,SERVO_OUTPUT_RAW,0,0,0,0,0,0,0,0,1000,1000,1000,1000,0,0,0,0,0
2025-12-15 01:09:50.419,SERVO_OUTPUT_RAW,2145609808,SERVO_OUTPUT_RAW,0,0,0,0,0,0,0,0,1000,1000,1000,1000,0,0,0,0,0
2025-12-15 01:09:50.520,SERVO_OUTPUT_RAW,2145709839,SERVO_OUTPUT_RAW,0,0,0,0,0,0,0,0,1000,1000,1000,1000,0,0,0,0,0
2025-12-15 01:09:50.619,SERVO_OUTPUT_RAW,2145809829,SERVO_OUTPUT_RAW,0,0,0,0,0,0,0,0,1000,1000,1000,1000,0,0,0,0,0
2025-12-15 01:09:50.720,SERVO_OUTPUT_RAW,2145909797,SERVO_OUTPUT_RAW,0,0,0,0,0,0,0,0,1000,1000,1000,1000,0,0,0,0,0
2025-12-15 01:09:50.819,SERVO_OUTPUT_RAW,2146009795,SERVO_OUTPUT_RAW,0,0,0,0,0,0,0,0,1000,1000,1000,1000,0,0,0,0,0
2025-12-15 01:09:50.919,SERVO_OUTPUT_RAW,2146109793,SERVO_OUTPUT_RAW,0,0,0,0,0,0,0,0,1000,1000,1000,1000,0,0,0,0,0
2025-12-15 01:09:51.020,SERVO_OUTPUT_RAW,2146209784,SERVO_OUTPUT_RAW,0,0,0,0,0,0,0,0,1000,1000,1000,1000,0,0,0,0,0
2025-12-15 01:09:51.119,SERVO_OUTPUT_RAW,2146309816,SERVO_OUTPUT_RAW,0,0,0,0,0,0,0,0,1000,1000,1000,1000,0,0,0,0,0
2025-12-15 01:09:51.219,SERVO_OUTPUT_RAW,2146412132,SERVO_OUTPUT_RAW,0,0,0,0,0,0,0,0,1000,1000,1000,1000,0,0,0,0,0
2025-12-15 01:09:51.320,SERVO_OUTPUT_RAW,2146509843,SERVO_OUTPUT_RAW,0,0,0,0,0,0,0,0,1000,1000,1000,1000,0,0,0,0,0
2025-12-15 01:09:51.419,SERVO_OUTPUT_RAW,2146609847,SERVO_OUTPUT_RAW,0,0,0,0,0,0,0,0,1000,1000,1000,1000,0,0,0,0,0
2025-12-15 01:09:51.520,SERVO_OUTPUT_RAW,2146709833,SERVO_OUTPUT_RAW,0,0,0,0,0,0,0,0,1000,1000,1000,1000,0,0,0,0,0
2025-12-15 01:09:51.619,SERVO_OUTPUT_RAW,2146809822,SERVO_OUTPUT_RAW,0,0,0,0,0,0,0,0,1000,1000,1000,1000,0,0,0,0,0
2025-12-15 01:09:51.719,SERVO_OUTPUT_RAW,2146909850,SERVO_OUTPUT_RAW,0,0,0,0,0,0,0,0,1000,1000,1000,1000,0,0,0,0,0
2025-12-15 01:09:51.819,SERVO_OUTPUT_RAW,2147009796,SERVO_OUTPUT_RAW,0,0,0,0,0,0,0,0,1000,1000,1000,1000,0,0,0,0,0
2025-12-15 01:09:51.919,SERVO_OUTPUT_RAW,2147112048,SERVO_OUTPUT_RAW,0,0,0,0,0,0,0,0,1000,1000,1000,1000,0,0,0,0,0
2025-12-15 01:09:52.019,SERVO_OUTPUT_RAW,2147209825,SERVO_OUTPUT_RAW,0,0,0,0,0,0,0,0,1000,1000,1000,1000,0,0,0,0,0
2025-12-15 01:09:52.119,SERVO_OUTPUT_RAW,2147309809,SERVO_OUTPUT_RAW,0,0,0,0,0,0,0,0,1000,1000,1000,1000,0,0,0,0,0
2025-12-15 01:09:52.219,SERVO_OUTPUT_RAW,2147409786,SERVO_OUTPUT_RAW,0,0,0,0,0,0,0,0,1000,1000,1000,1000,0,0,0,0,0
2025-12-15 01:09:52.319,SERVO_OUTPUT_RAW,2147509786,SERVO_OUTPUT_RAW,0,0,0,0,0,0,0,0,1000,1000,1000,1000,0,0,0,0,0
2025-12-15 01:09:52.419,SERVO_OUTPUT_RAW,2147609804,SERVO_OUTPUT_RAW,0,0,0,0,0,0,0,0,1000,1000,1000,1000,0,0,0,0,0
2025-12-15 01:09:52.520,SERVO_OUTPUT_RAW,2147709798,SERVO_OUTPUT_RAW,0,0,0,0,0,0,0,0,1000,1000,1000,1000,0,0,0,0,0
2025-12-15 01:09:52.619,SERVO_OUTPUT_RAW,2147809790,SERVO_OUTPUT_RAW,0,0,0,0,0,0,0,0,1000,1000,1000,1000,0,0,0,0,0
2025-12-15 01:09:52.719,SERVO_OUTPUT_RAW,2147909823,SERVO_OUTPUT_RAW,0,0,0,0,0,0,0,0,1000,1000,1000,1000,0,0,0,0,0
2025-12-15 01:09:52.820,SERVO_OUTPUT_RAW,2148009836,SERVO_OUTPUT_RAW,0,0,0,0,0,0,0,0,1000,1000,1000,1000,0,0,0,0,0
2025-12-15 01:09:52.920,SERVO_OUTPUT_RAW,2148109779,SERVO_OUTPUT_RAW,0,0,0,0,0,0,0,0,1000,1000,1000,1000,0,0,0,0,0
2025-12-15 01:09:53.020,SERVO_OUTPUT_RAW,2148209805,SERVO_OUTPUT_RAW,0,0,0,0,0,0,0,0,1000,1000,1000,1000,0,0,0,0,0
2025-12-15 01:09:53.120,SERVO_OUTPUT_RAW,2148309807,SERVO_OUTPUT_RAW,0,0,0,0,0,0,0,0,1000,1000,1000,1000,0,0,0,0,0
2025-12-15 01:09:53.219,SERVO_OUTPUT_RAW,2148409836,SERVO_OUTPUT_RAW,0,0,0,0,0,0,0,0,1000,1000,1000,1000,0,0,0,0,0
2025-12-15 01:09:53.320,SERVO_OUTPUT_RAW,2148509859,SERVO_OUTPUT_RAW,0,0,0,0,0,0,0,0,1000,1000,1000,1000,0,0,0,0,0
2025-12-15 01:09:53.420,SERVO_OUTPUT_RAW,2148609840,SERVO_OUTPUT_RAW,0,0,0,0,0,0,0,0,1000,1000,1000,1000,0,0,0,0,0
2025-12-15 01:09:53.519,SERVO_OUTPUT_RAW,2148709797,SERVO_OUTPUT_RAW,0,0,0,0,0,0,0,0,1000,1000,1000,1000,0,0,0,0,0
2025-12-15 01:09:53.619,SERVO_OUTPUT_RAW,2148809832,SERVO_OUTPUT_RAW,0,0,0,0,0,0,0,0,1000,1000,1000,1000,0,0,0,0,0
2025-12-15 01:09:53.720,SERVO_OUTPUT_RAW,2148909835,SERVO_OUTPUT_RAW,0,0,0,0,0,0,0,0,1000,1000,1000,1000,0,0,0,0,0
2025-12-15 01:09:53.820,SERVO_OUTPUT_RAW,2149009772,SERVO_OUTPUT_RAW,0,0,0,0,0,0,0,0,1000,1000,1000,1000,0,0,0,0,0
2025-12-15 01:09:53.921,SERVO_OUTPUT_RAW,2149109801,SERVO_OUTPUT_RAW,0,0,0,0,0,0,0,0,1000,1000,1000,1000,0,0,0,0,0
2025-12-15 01:09:54.020,SERVO_OUTPUT_RAW,2149209933,SERVO_OUTPUT_RAW,0,0,0,0,0,0,0,0,1000,1000,1000,1000,0,0,0,0,0
2025-12-15 01:09:54.119,SERVO_OUTPUT_RAW,2149309776,SERVO_OUTPUT_RAW,0,0,0,0,0,0,0,0,1000,1000,1000,1000,0,0,0,0,0
2025-12-15 01:09:54.220,SERVO_OUTPUT_RAW,2149409806,SERVO_OUTPUT_RAW,0,0,0,0,0,0,0,0,1000,1000,1000,1000,0,0,0,0,0
2025-12-15 01:09:54.319,SERVO_OUTPUT_RAW,2149509809,SERVO_OUTPUT_RAW,0,0,0,0,0,0,0,0,1000,1000,1000,1000,0,0,0,0,0
2025-12-15 01:09:54.419,SERVO_OUTPUT_RAW,2149609843,SERVO_OUTPUT_RAW,0,0,0,0,0,0,0,0,1000,1000,1000,1000,0,0,0,0,0
2025-12-15 01:09:54.519,SERVO_OUTPUT_RAW,2149709777,SERVO_OUTPUT_RAW,0,0,0,0,0,0,0,0,1000,1000,1000,1000,0,0,0,0,0
2025-12-15 01:09:54.619,SERVO_OUTPUT_RAW,2149809817,SERVO_OUTPUT_RAW,0,0,0,0,0,0,0,0,1000,1000,1000,1000,0,0,0,0,0
2025-12-15 01:09:54.720,SERVO_OUTPUT_RAW,2149909854,SERVO_OUTPUT_RAW,0,0,0,0,0,0,0,0,1000,1000,1000,1000,0,0,0,0,0
2025-12-15 01:09:54.820,SERVO_OUTPUT_RAW,2150009841,SERVO_OUTPUT_RAW,0,0,0,0,0,0,0,0,1000,1000,1000,1000,0,0,0,0,0
2025-12-15 01:09:54.921,SERVO_OUTPUT_RAW,2150109786,SERVO_OUTPUT_RAW,0,0,0,0,0,0,0,0,1000,1000,1000,1000,0,0,0,0,0
2025-12-15 01:09:55.020,SERVO_OUTPUT_RAW,2150209797,SERVO_OUTPUT_RAW,0,0,0,0,0,0,0,0,1000,1000,1000,1000,0,0,0,0,0
2025-12-15 01:09:55.120,SERVO_OUTPUT_RAW,2150309828,SERVO_OUTPUT_RAW,0,0,0,0,0,0,0,0,1000,1000,1000,1000,0,0,0,0,0
2025-12-15 01:09:55.219,SERVO_OUTPUT_RAW,2150409819,SERVO_OUTPUT_RAW,0,0,0,0,0,0,0,0,1000,1000,1000,1000,0,0,0,0,0
2025-12-15 01:09:55.320,SERVO_OUTPUT_RAW,2150509775,SERVO_OUTPUT_RAW,0,0,0,0,0,0,0,0,1000,1000,1000,1000,0,0,0,0,0
2025-12-15 01:09:55.419,SERVO_OUTPUT_RAW,2150609772,SERVO_OUTPUT_RAW,0,0,0,0,0,0,0,0,1000,1000,1000,1000,0,0,0,0,0
2025-12-15 01:09:55.519,SERVO_OUTPUT_RAW,2150709777,SERVO_OUTPUT_RAW,0,0,0,0,0,0,0,0,1000,1000,1000,1000,0,0,0,0,0
2025-12-15 01:09:55.619,SERVO_OUTPUT_RAW,2150809783,SERVO_OUTPUT_RAW,0,0,0,0,0,0,0,0,1000,1000,1000,1000,0,0,0,0,0
2025-12-15 01:09:55.719,SERVO_OUTPUT_RAW,2150909789,SERVO_OUTPUT_RAW,0,0,0,0,0,0,0,0,1000,1000,1000,1000,0,0,0,0,0
2025-12-15 01:09:55.819,SERVO_OUTPUT_RAW,2151009798,SERVO_OUTPUT_RAW,0,0,0,0,0,0,0,0,1000,1000,1000,1000,0,0,0,0,0
2025-12-15 01:09:55.919,SERVO_OUTPUT_RAW,2151109833,SERVO_OUTPUT_RAW,0,0,0,0,0,0,0,0,1000,1000,1000,1000,0,0,0,0,0
2025-12-15 01:09:56.019,SERVO_OUTPUT_RAW,2151209863,SERVO_OUTPUT_RAW,0,0,0,0,0,0,0,0,1000,1000,1000,1000,0,0,0,0,0
2025-12-15 01:09:56.119,SERVO_OUTPUT_RAW,2151312174,SERVO_OUTPUT_RAW,0,0,0,0,0,0,0,0,1000,1000,1000,1000,0,0,0,0,0
2025-12-15 01:09:56.219,SERVO_OUTPUT_RAW,2151409801,SERVO_OUTPUT_RAW,0,0,0,0,0,0,0,0,1000,1000,1000,1000,0,0,0,0,0
2025-12-15 01:09:56.319,SERVO_OUTPUT_RAW,2151509838,SERVO_OUTPUT_RAW,0,0,0,0,0,0,0,0,1000,1000,1000,1000,0,0,0,0,0
2025-12-15 01:09:56.419,SERVO_OUTPUT_RAW,2151609841,SERVO_OUTPUT_RAW,0,0,0,0,0,0,0,0,1000,1000,1000,1000,0,0,0,0,0
2025-12-15 01:09:56.519,SERVO_OUTPUT_RAW,2151709776,SERVO_OUTPUT_RAW,0,0,0,0,0,0,0,0,1000,1000,1000,1000,0,0,0,0,0
2025-12-15 01:09:56.619,SERVO_OUTPUT_RAW,2151809808,SERVO_OUTPUT_RAW,0,0,0,0,0,0,0,0,1000,1000,1000,1000,0,0,0,0,0
2025-12-15 01:09:56.719,SERVO_OUTPUT_RAW,2151909827,SERVO_OUTPUT_RAW,0,0,0,0,0,0,0,0,1000,1000,1000,1000,0,0,0,0,0
2025-12-15 01:09:56.819,SERVO_OUTPUT_RAW,2152009815,SERVO_OUTPUT_RAW,0,0,0,0,0,0,0,0,1000,1000,1000,1000,0,0,0,0,0
2025-12-15 01:09:56.919,SERVO_OUTPUT_RAW,2152109791,SERVO_OUTPUT_RAW,0,0,0,0,0,0,0,0,1000,1000,1000,1000,0,0,0,0,0
2025-12-15 01:09:57.019,SERVO_OUTPUT_RAW,2152209781,SERVO_OUTPUT_RAW,0,0,0,0,0,0,0,0,1000,1000,1000,1000,0,0,0,0,0
2025-12-15 01:09:57.119,SERVO_OUTPUT_RAW,2152309797,SERVO_OUTPUT_RAW,0,0,0,0,0,0,0,0,1000,1000,1000,1000,0,0,0,0,0
2025-12-15 01:09:57.219,SERVO_OUTPUT_RAW,2152409780,SERVO_OUTPUT_RAW,0,0,0,0,0,0,0,0,1000,1000,1000,1000,0,0,0,0,0
2025-12-15 01:09:57.319,SERVO_OUTPUT_RAW,2152512112,SERVO_OUTPUT_RAW,0,0,0,0,0,0,0,0,1000,1000,1000,1000,0,0,0,0,0
2025-12-15 01:09:57.421,SERVO_OUTPUT_RAW,2152609806,SERVO_OUTPUT_RAW,0,0,0,0,0,0,0,0,1000,1000,1000,1000,0,0,0,0,0
2025-12-15 01:09:57.519,SERVO_OUTPUT_RAW,2152709819,SERVO_OUTPUT_RAW,0,0,0,0,0,0,0,0,1000,1000,1000,1000,0,0,0,0,0
2025-12-15 01:09:57.619,SERVO_OUTPUT_RAW,2152809871,SERVO_OUTPUT_RAW,0,0,0,0,0,0,0,0,1000,1000,1000,1000,0,0,0,0,0
2025-12-15 01:09:57.719,SERVO_OUTPUT_RAW,2152909808,SERVO_OUTPUT_RAW,0,0,0,0,0,0,0,0,1000,1000,1000,1000,0,0,0,0,0
2025-12-15 01:09:57.820,SERVO_OUTPUT_RAW,2153009839,SERVO_OUTPUT_RAW,0,0,0,0,0,0,0,0,1000,1000,1000,1000,0,0,0,0,0
2025-12-15 01:09:57.919,SERVO_OUTPUT_RAW,2153109838,SERVO_OUTPUT_RAW,0,0,0,0,0,0,0,0,1000,1000,1000,1000,0,0,0,0,0
2025-12-15 01:09:58.019,SERVO_OUTPUT_RAW,2153209846,SERVO_OUTPUT_RAW,0,0,0,0,0,0,0,0,1000,1000,1000,1000,0,0,0,0,0
2025-12-15 01:09:58.119,SERVO_OUTPUT_RAW,2153309793,SERVO_OUTPUT_RAW,0,0,0,0,0,0,0,0,1000,1000,1000,1000,0,0,0,0,0
2025-12-15 01:09:58.220,SERVO_OUTPUT_RAW,2153409937,SERVO_OUTPUT_RAW,0,0,0,0,0,0,0,0,1000,1000,1000,1000,0,0,0,0,0
2025-12-15 01:09:58.319,SERVO_OUTPUT_RAW,2153509832,SERVO_OUTPUT_RAW,0,0,0,0,0,0,0,0,1000,1000,1000,1000,0,0,0,0,0
2025-12-15 01:09:58.419,SERVO_OUTPUT_RAW,2153609776,SERVO_OUTPUT_RAW,0,0,0,0,0,0,0,0,1000,1000,1000,1000,0,0,0,0,0
2025-12-15 01:09:58.519,SERVO_OUTPUT_RAW,2153709785,SERVO_OUTPUT_RAW,0,0,0,0,0,0,0,0,1000,1000,1000,1000,0,0,0,0,0
2025-12-15 01:09:58.619,SERVO_OUTPUT_RAW,2153809801,SERVO_OUTPUT_RAW,0,0,0,0,0,0,0,0,1000,1000,1000,1000,0,0,0,0,0
2025-12-15 01:09:58.719,SERVO_OUTPUT_RAW,2153909792,SERVO_OUTPUT_RAW,0,0,0,0,0,0,0,0,1000,1000,1000,1000,0,0,0,0,0
2025-12-15 01:09:58.819,SERVO_OUTPUT_RAW,2154009782,SERVO_OUTPUT_RAW,0,0,0,0,0,0,0,0,1000,1000,1000,1000,0,0,0,0,0
2025-12-15 01:09:58.919,SERVO_OUTPUT_RAW,2154109784,SERVO_OUTPUT_RAW,0,0,0,0,0,0,0,0,1000,1000,1000,1000,0,0,0,0,0
2025-12-15 01:09:59.019,SERVO_OUTPUT_RAW,2154209828,SERVO_OUTPUT_RAW,0,0,0,0,0,0,0,0,1000,1000,1000,1000,0,0,0,0,0
2025-12-15 01:09:59.119,SERVO_OUTPUT_RAW,2154312154,SERVO_OUTPUT_RAW,0,0,0,0,0,0,0,0,1000,1000,1000,1000,0,0,0,0,0
2025-12-15 01:09:59.219,SERVO_OUTPUT_RAW,2154409862,SERVO_OUTPUT_RAW,0,0,0,0,0,0,0,0,1000,1000,1000,1000,0,0,0,0,0
2025-12-15 01:09:59.319,SERVO_OUTPUT_RAW,2154509825,SERVO_OUTPUT_RAW,0,0,0,0,0,0,0,0,1000,1000,1000,1000,0,0,0,0,0
2025-12-15 01:09:59.419,SERVO_OUTPUT_RAW,2154609823,SERVO_OUTPUT_RAW,0,0,0,0,0,0,0,0,1000,1000,1000,1000,0,0,0,0,0
2025-12-15 01:09:59.519,SERVO_OUTPUT_RAW,2154709843,SERVO_OUTPUT_RAW,0,0,0,0,0,0,0,0,1000,1000,1000,1000,0,0,0,0,0
2025-12-15 01:09:59.619,SERVO_OUTPUT_RAW,2154809905,SERVO_OUTPUT_RAW,0,0,0,0,0,0,0,0,1000,1000,1000,1000,0,0,0,0,0
2025-12-15 01:09:59.719,SERVO_OUTPUT_RAW,2154909784,SERVO_OUTPUT_RAW,0,0,0,0,0,0,0,0,1000,1000,1000,1000,0,0,0,0,0
2025-12-15 01:09:59.819,SERVO_OUTPUT_RAW,2155009812,SERVO_OUTPUT_RAW,0,0,0,0,0,0,0,0,1000,1000,1000,1000,0,0,0,0,0
2025-12-15 01:09:59.919,SERVO_OUTPUT_RAW,2155109823,SERVO_OUTPUT_RAW,0,0,0,0,0,0,0,0,1000,1000,1000,1000,0,0,0,0,0
2025-12-15 01:10:00.019,SERVO_OUTPUT_RAW,2155209784,SERVO_OUTPUT_RAW,0,0,0,0,0,0,0,0,1000,1000,1000,1000,0,0,0,0,0
2025-12-15 01:10:00.119,SERVO_OUTPUT_RAW,2155309803,SERVO_OUTPUT_RAW,0,0,0,0,0,0,0,0,1000,1000,1000,1000,0,0,0,0,0
2025-12-15 01:10:00.219,SERVO_OUTPUT_RAW,2155409811,SERVO_OUTPUT_RAW,0,0,0,0,0,0,0,0,1000,1000,1000,1000,0,0,0,0,0
2025-12-15 01:10:00.319,SERVO_OUTPUT_RAW,2155509849,SERVO_OUTPUT_RAW,0,0,0,0,0,0,0,0,1000,1000,1000,1000,0,0,0,0,0
2025-12-15 01:10:00.419,SERVO_OUTPUT_RAW,2155612174,SERVO_OUTPUT_RAW,0,0,0,0,0,0,0,0,1000,1000,1000,1000,0,0,0,0,0
2025-12-15 01:10:00.519,SERVO_OUTPUT_RAW,2155709831,SERVO_OUTPUT_RAW,0,0,0,0,0,0,0,0,1000,1000,1000,1000,0,0,0,0,0
2025-12-15 01:10:00.619,SERVO_OUTPUT_RAW,2155809834,SERVO_OUTPUT_RAW,0,0,0,0,0,0,0,0,1000,1000,1000,1000,0,0,0,0,0
2025-12-15 01:10:00.719,SERVO_OUTPUT_RAW,2155909833,SERVO_OUTPUT_RAW,0,0,0,0,0,0,0,0,1000,1000,1000,1000,0,0,0,0,0
2025-12-15 01:10:00.819,SERVO_OUTPUT_RAW,2156009800,SERVO_OUTPUT_RAW,0,0,0,0,0,0,0,0,1000,1000,1000,1000,0,0,0,0,0
2025-12-15 01:10:00.919,SERVO_OUTPUT_RAW,2156109800,SERVO_OUTPUT_RAW,0,0,0,0,0,0,0,0,1000,1000,1000,1000,0,0,0,0,0
2025-12-15 01:10:01.020,SERVO_OUTPUT_RAW,2156209817,SERVO_OUTPUT_RAW,0,0,0,0,0,0,0,0,1000,1000,1000,1000,0,0,0,0,0
2025-12-15 01:10:01.120,SERVO_OUTPUT_RAW,2156309850,SERVO_OUTPUT_RAW,0,0,0,0,0,0,0,0,1000,1000,1000,1000,0,0,0,0,0
2025-12-15 01:10:01.219,SERVO_OUTPUT_RAW,2156409790,SERVO_OUTPUT_RAW,0,0,0,0,0,0,0,0,1000,1000,1000,1000,0,0,0,0,0
2025-12-15 01:10:01.320,SERVO_OUTPUT_RAW,2156509794,SERVO_OUTPUT_RAW,0,0,0,0,0,0,0,0,1000,1000,1000,1000,0,0,0,0,0
2025-12-15 01:10:01.420,SERVO_OUTPUT_RAW,2156609837,SERVO_OUTPUT_RAW,0,0,0,0,0,0,0,0,1000,1000,1000,1000,0,0,0,0,0
2025-12-15 01:10:01.520,SERVO_OUTPUT_RAW,2156709829,SERVO_OUTPUT_RAW,0,0,0,0,0,0,0,0,1000,1000,1000,1000,0,0,0,0,0
2025-12-15 01:10:01.620,SERVO_OUTPUT_RAW,2156809795,SERVO_OUTPUT_RAW,0,0,0,0,0,0,0,0,1000,1000,1000,1000,0,0,0,0,0
2025-12-15 01:10:01.720,SERVO_OUTPUT_RAW,2156909791,SERVO_OUTPUT_RAW,0,0,0,0,0,0,0,0,1000,1000,1000,1000,0,0,0,0,0
2025-12-15 01:10:01.820,SERVO_OUTPUT_RAW,2157009788,SERVO_OUTPUT_RAW,0,0,0,0,0,0,0,0,1000,1000,1000,1000,0,0,0,0,0
2025-12-15 01:10:01.920,SERVO_OUTPUT_RAW,2157109774,SERVO_OUTPUT_RAW,0,0,0,0,0,0,0,0,1000,1000,1000,1000,0,0,0,0,0
2025-12-15 01:10:02.020,SERVO_OUTPUT_RAW,2157209801,SERVO_OUTPUT_RAW,0,0,0,0,0,0,0,0,1000,1000,1000,1000,0,0,0,0,0
2025-12-15 01:10:02.120,SERVO_OUTPUT_RAW,2157309834,SERVO_OUTPUT_RAW,0,0,0,0,0,0,0,0,1000,1000,1000,1000,0,0,0,0,0
2025-12-15 01:10:02.220,SERVO_OUTPUT_RAW,2157409826,SERVO_OUTPUT_RAW,0,0,0,0,0,0,0,0,1000,1000,1000,1000,0,0,0,0,0
2025-12-15 01:10:02.320,SERVO_OUTPUT_RAW,2157512139,SERVO_OUTPUT_RAW,0,0,0,0,0,0,0,0,1000,1000,1000,1000,0,0,0,0,0
2025-12-15 01:10:02.425,SERVO_OUTPUT_RAW,2157612179,SERVO_OUTPUT_RAW,0,0,0,0,0,0,0,0,1000,1000,1000,1000,0,0,0,0,0
2025-12-15 01:10:02.520,SERVO_OUTPUT_RAW,2157709834,SERVO_OUTPUT_RAW,0,0,0,0,0,0,0,0,1000,1000,1000,1000,0,0,0,0,0
2025-12-15 01:10:02.620,SERVO_OUTPUT_RAW,2157809853,SERVO_OUTPUT_RAW,0,0,0,0,0,0,0,0,1000,1000,1000,1000,0,0,0,0,0
2025-12-15 01:10:02.720,SERVO_OUTPUT_RAW,2157909841,SERVO_OUTPUT_RAW,0,0,0,0,0,0,0,0,1000,1000,1000,1000,0,0,0,0,0
2025-12-15 01:10:02.820,SERVO_OUTPUT_RAW,2158009800,SERVO_OUTPUT_RAW,0,0,0,0,0,0,0,0,1000,1000,1000,1000,0,0,0,0,0
2025-12-15 01:10:02.920,SERVO_OUTPUT_RAW,2158109800,SERVO_OUTPUT_RAW,0,0,0,0,0,0,0,0,1000,1000,1000,1000,0,0,0,0,0
2025-12-15 01:10:03.020,SERVO_OUTPUT_RAW,2158209818,SERVO_OUTPUT_RAW,0,0,0,0,0,0,0,0,1000,1000,1000,1000,0,0,0,0,0
2025-12-15 01:10:03.120,SERVO_OUTPUT_RAW,2158309890,SERVO_OUTPUT_RAW,0,0,0,0,0,0,0,0,1000,1000,1000,1000,0,0,0,0,0
2025-12-15 01:10:03.220,SERVO_OUTPUT_RAW,2158409793,SERVO_OUTPUT_RAW,0,0,0,0,0,0,0,0,1000,1000,1000,1000,0,0,0,0,0
2025-12-15 01:10:03.321,SERVO_OUTPUT_RAW,2158509789,SERVO_OUTPUT_RAW,0,0,0,0,0,0,0,0,1000,1000,1000,1000,0,0,0,0,0
2025-12-15 01:10:03.420,SERVO_OUTPUT_RAW,2158609798,SERVO_OUTPUT_RAW,0,0,0,0,0,0,0,0,1000,1000,1000,1000,0,0,0,0,0
2025-12-15 01:10:03.520,SERVO_OUTPUT_RAW,2158709789,SERVO_OUTPUT_RAW,0,0,0,0,0,0,0,0,1000,1000,1000,1000,0,0,0,0,0
2025-12-15 01:10:03.619,SERVO_OUTPUT_RAW,2158809796,SERVO_OUTPUT_RAW,0,0,0,0,0,0,0,0,1000,1000,1000,1000,0,0,0,0,0
2025-12-15 01:10:03.720,SERVO_OUTPUT_RAW,2158909825,SERVO_OUTPUT_RAW,0,0,0,0,0,0,0,0,1000,1000,1000,1000,0,0,0,0,0
2025-12-15 01:10:03.820,SERVO_OUTPUT_RAW,2159009809,SERVO_OUTPUT_RAW,0,0,0,0,0,0,0,0,1000,1000,1000,1000,0,0,0,0,0
2025-12-15 01:10:03.920,SERVO_OUTPUT_RAW,2159109798,SERVO_OUTPUT_RAW,0,0,0,0,0,0,0,0,1000,1000,1000,1000,0,0,0,0,0
2025-12-15 01:10:04.020,SERVO_OUTPUT_RAW,2159209794,SERVO_OUTPUT_RAW,0,0,0,0,0,0,0,0,1000,1000,1000,1000,0,0,0,0,0
2025-12-15 01:10:04.120,SERVO_OUTPUT_RAW,2159309831,SERVO_OUTPUT_RAW,0,0,0,0,0,0,0,0,1000,1000,1000,1000,0,0,0,0,0
2025-12-15 01:10:04.220,SERVO_OUTPUT_RAW,2159409836,SERVO_OUTPUT_RAW,0,0,0,0,0,0,0,0,1000,1000,1000,1000,0,0,0,0,0
2025-12-15 01:10:04.320,SERVO_OUTPUT_RAW,2159509777,SERVO_OUTPUT_RAW,0,0,0,0,0,0,0,0,1000,1000,1000,1000,0,0,0,0,0
2025-12-15 01:10:04.420,SERVO_OUTPUT_RAW,2159609795,SERVO_OUTPUT_RAW,0,0,0,0,0,0,0,0,1000,1000,1000,1000,0,0,0,0,0
2025-12-15 01:10:04.520,SERVO_OUTPUT_RAW,2159709941,SERVO_OUTPUT_RAW,0,0,0,0,0,0,0,0,1000,1000,1000,1000,0,0,0,0,0
2025-12-15 01:10:04.620,SERVO_OUTPUT_RAW,2159809821,SERVO_OUTPUT_RAW,0,0,0,0,0,0,0,0,1000,1000,1000,1000,0,0,0,0,0
2025-12-15 01:10:04.720,SERVO_OUTPUT_RAW,2159909795,SERVO_OUTPUT_RAW,0,0,0,0,0,0,0,0,1000,1000,1000,1000,0,0,0,0,0
2025-12-15 01:10:04.819,SERVO_OUTPUT_RAW,2160009788,SERVO_OUTPUT_RAW,0,0,0,0,0,0,0,0,1000,1000,1000,1000,0,0,0,0,0
2025-12-15 01:10:04.920,SERVO_OUTPUT_RAW,2160109779,SERVO_OUTPUT_RAW,0,0,0,0,0,0,0,0,1000,1000,1000,1000,0,0,0,0,0
2025-12-15 01:10:05.019,SERVO_OUTPUT_RAW,2160209795,SERVO_OUTPUT_RAW,0,0,0,0,0,0,0,0,1000,1000,1000,1000,0,0,0,0,0
2025-12-15 01:10:05.119,SERVO_OUTPUT_RAW,2160309790,SERVO_OUTPUT_RAW,0,0,0,0,0,0,0,0,1000,1000,1000,1000,0,0,0,0,0
2025-12-15 01:10:05.219,SERVO_OUTPUT_RAW,2160409817,SERVO_OUTPUT_RAW,0,0,0,0,0,0,0,0,1000,1000,1000,1000,0,0,0,0,0
2025-12-15 01:10:05.319,SERVO_OUTPUT_RAW,2160509817,SERVO_OUTPUT_RAW,0,0,0,0,0,0,0,0,1000,1000,1000,1000,0,0,0,0,0
2025-12-15 01:10:05.419,SERVO_OUTPUT_RAW,2160609854,SERVO_OUTPUT_RAW,0,0,0,0,0,0,0,0,1000,1000,1000,1000,0,0,0,0,0
2025-12-15 01:10:05.519,SERVO_OUTPUT_RAW,2160709806,SERVO_OUTPUT_RAW,0,0,0,0,0,0,0,0,1000,1000,1000,1000,0,0,0,0,0
2025-12-15 01:10:05.619,SERVO_OUTPUT_RAW,2160809804,SERVO_OUTPUT_RAW,0,0,0,0,0,0,0,0,1000,1000,1000,1000,0,0,0,0,0
2025-12-15 01:10:05.719,SERVO_OUTPUT_RAW,2160909842,SERVO_OUTPUT_RAW,0,0,0,0,0,0,0,0,1000,1000,1000,1000,0,0,0,0,0
2025-12-15 01:10:05.819,SERVO_OUTPUT_RAW,2161009843,SERVO_OUTPUT_RAW,0,0,0,0,0,0,0,0,1000,1000,1000,1000,0,0,0,0,0
2025-12-15 01:10:05.919,SERVO_OUTPUT_RAW,2161109790,SERVO_OUTPUT_RAW,0,0,0,0,0,0,0,0,1000,1000,1000,1000,0,0,0,0,0
2025-12-15 01:10:06.019,SERVO_OUTPUT_RAW,2161209820,SERVO_OUTPUT_RAW,0,0,0,0,0,0,0,0,1000,1000,1000,1000,0,0,0,0,0
2025-12-15 01:10:06.119,SERVO_OUTPUT_RAW,2161309821,SERVO_OUTPUT_RAW,0,0,0,0,0,0,0,0,1000,1000,1000,1000,0,0,0,0,0
2025-12-15 01:10:06.219,SERVO_OUTPUT_RAW,2161409782,SERVO_OUTPUT_RAW,0,0,0,0,0,0,0,0,1000,1000,1000,1000,0,0,0,0,0
2025-12-15 01:10:06.319,SERVO_OUTPUT_RAW,2161509792,SERVO_OUTPUT_RAW,0,0,0,0,0,0,0,0,1000,1000,1000,1000,0,0,0,0,0
2025-12-15 01:10:06.419,SERVO_OUTPUT_RAW,2161609789,SERVO_OUTPUT_RAW,0,0,0,0,0,0,0,0,1000,1000,1000,1000,0,0,0,0,0
2025-12-15 01:10:06.519,SERVO_OUTPUT_RAW,2161709794,SERVO_OUTPUT_RAW,0,0,0,0,0,0,0,0,1000,1000,1000,1000,0,0,0,0,0
2025-12-15 01:10:06.619,SERVO_OUTPUT_RAW,2161809849,SERVO_OUTPUT_RAW,0,0,0,0,0,0,0,0,1000,1000,1000,1000,0,0,0,0,0
2025-12-15 01:10:06.720,SERVO_OUTPUT_RAW,2161909796,SERVO_OUTPUT_RAW,0,0,0,0,0,0,0,0,1000,1000,1000,1000,0,0,0,0,0
2025-12-15 01:10:06.819,SERVO_OUTPUT_RAW,2162009837,SERVO_OUTPUT_RAW,0,0,0,0,0,0,0,0,1000,1000,1000,1000,0,0,0,0,0
2025-12-15 01:10:06.919,SERVO_OUTPUT_RAW,2162109798,SERVO_OUTPUT_RAW,0,0,0,0,0,0,0,0,1000,1000,1000,1000,0,0,0,0,0
2025-12-15 01:10:07.019,SERVO_OUTPUT_RAW,2162209858,SERVO_OUTPUT_RAW,0,0,0,0,0,0,0,0,1000,1000,1000,1000,0,0,0,0,0
2025-12-15 01:10:07.119,SERVO_OUTPUT_RAW,2162309797,SERVO_OUTPUT_RAW,0,0,0,0,0,0,0,0,1000,1000,1000,1000,0,0,0,0,0
2025-12-15 01:10:07.220,SERVO_OUTPUT_RAW,2162409816,SERVO_OUTPUT_RAW,0,0,0,0,0,0,0,0,1000,1000,1000,1000,0,0,0,0,0
2025-12-15 01:10:07.320,SERVO_OUTPUT_RAW,2162509838,SERVO_OUTPUT_RAW,0,0,0,0,0,0,0,0,1000,1000,1000,1000,0,0,0,0,0
2025-12-15 01:10:07.419,SERVO_OUTPUT_RAW,2162609841,SERVO_OUTPUT_RAW,0,0,0,0,0,0,0,0,1000,1000,1000,1000,0,0,0,0,0
2025-12-15 01:10:07.520,SERVO_OUTPUT_RAW,2162709790,SERVO_OUTPUT_RAW,0,0,0,0,0,0,0,0,1000,1000,1000,1000,0,0,0,0,0
2025-12-15 01:10:07.619,SERVO_OUTPUT_RAW,2162809816,SERVO_OUTPUT_RAW,0,0,0,0,0,0,0,0,1000,1000,1000,1000,0,0,0,0,0
2025-12-15 01:10:07.719,SERVO_OUTPUT_RAW,2162909831,SERVO_OUTPUT_RAW,0,0,0,0,0,0,0,0,1000,1000,1000,1000,0,0,0,0,0
2025-12-15 01:10:07.820,SERVO_OUTPUT_RAW,2163009786,SERVO_OUTPUT_RAW,0,0,0,0,0,0,0,0,1000,1000,1000,1000,0,0,0,0,0
2025-12-15 01:10:07.920,SERVO_OUTPUT_RAW,2163109787,SERVO_OUTPUT_RAW,0,0,0,0,0,0,0,0,1000,1000,1000,1000,0,0,0,0,0
2025-12-15 01:10:08.019,SERVO_OUTPUT_RAW,2163209808,SERVO_OUTPUT_RAW,0,0,0,0,0,0,0,0,1000,1000,1000,1000,0,0,0,0,0
2025-12-15 01:10:08.120,SERVO_OUTPUT_RAW,2163309789,SERVO_OUTPUT_RAW,0,0,0,0,0,0,0,0,1000,1000,1000,1000,0,0,0,0,0
2025-12-15 01:10:08.220,SERVO_OUTPUT_RAW,2163409790,SERVO_OUTPUT_RAW,0,0,0,0,0,0,0,0,1000,1000,1000,1000,0,0,0,0,0
2025-12-15 01:10:08.320,SERVO_OUTPUT_RAW,2163509794,SERVO_OUTPUT_RAW,0,0,0,0,0,0,0,0,1000,1000,1000,1000,0,0,0,0,0
2025-12-15 01:10:08.420,SERVO_OUTPUT_RAW,2163609827,SERVO_OUTPUT_RAW,0,0,0,0,0,0,0,0,1000,1000,1000,1000,0,0,0,0,0
2025-12-15 01:10:08.520,SERVO_OUTPUT_RAW,2163709861,SERVO_OUTPUT_RAW,0,0,0,0,0,0,0,0,1000,1000,1000,1000,0,0,0,0,0
2025-12-15 01:10:08.620,SERVO_OUTPUT_RAW,2163809809,SERVO_OUTPUT_RAW,0,0,0,0,0,0,0,0,1000,1000,1000,1000,0,0,0,0,0
2025-12-15 01:10:08.720,SERVO_OUTPUT_RAW,2163912162,SERVO_OUTPUT_RAW,0,0,0,0,0,0,0,0,1000,1000,1000,1000,0,0,0,0,0
2025-12-15 01:10:08.820,SERVO_OUTPUT_RAW,2164009823,SERVO_OUTPUT_RAW,0,0,0,0,0,0,0,0,1000,1000,1000,1000,0,0,0,0,0
2025-12-15 01:10:08.920,SERVO_OUTPUT_RAW,2164109866,SERVO_OUTPUT_RAW,0,0,0,0,0,0,0,0,1000,1000,1000,1000,0,0,0,0,0
2025-12-15 01:10:09.020,SERVO_OUTPUT_RAW,2164209803,SERVO_OUTPUT_RAW,0,0,0,0,0,0,0,0,1000,1000,1000,1000,0,0,0,0,0
2025-12-15 01:10:09.120,SERVO_OUTPUT_RAW,2164309806,SERVO_OUTPUT_RAW,0,0,0,0,0,0,0,0,1000,1000,1000,1000,0,0,0,0,0
2025-12-15 01:10:09.220,SERVO_OUTPUT_RAW,2164409823,SERVO_OUTPUT_RAW,0,0,0,0,0,0,0,0,1000,1000,1000,1000,0,0,0,0,0
2025-12-15 01:10:09.320,SERVO_OUTPUT_RAW,2164509863,SERVO_OUTPUT_RAW,0,0,0,0,0,0,0,0,1000,1000,1000,1000,0,0,0,0,0
2025-12-15 01:10:09.420,SERVO_OUTPUT_RAW,2164609777,SERVO_OUTPUT_RAW,0,0,0,0,0,0,0,0,1000,1000,1000,1000,0,0,0,0,0
2025-12-15 01:10:09.520,SERVO_OUTPUT_RAW,2164709804,SERVO_OUTPUT_RAW,0,0,0,0,0,0,0,0,1000,1000,1000,1000,0,0,0,0,0
2025-12-15 01:10:09.620,SERVO_OUTPUT_RAW,2164809783,SERVO_OUTPUT_RAW,0,0,0,0,0,0,0,0,1000,1000,1000,1000,0,0,0,0,0
2025-12-15 01:10:09.720,SERVO_OUTPUT_RAW,2164909780,SERVO_OUTPUT_RAW,0,0,0,0,0,0,0,0,1000,1000,1000,1000,0,0,0,0,0
2025-12-15 01:10:09.820,SERVO_OUTPUT_RAW,2165009785,SERVO_OUTPUT_RAW,0,0,0,0,0,0,0,0,1000,1000,1000,1000,0,0,0,0,0
2025-12-15 01:10:09.921,SERVO_OUTPUT_RAW,2165109821,SERVO_OUTPUT_RAW,0,0,0,0,0,0,0,0,1000,1000,1000,1000,0,0,0,0,0
2025-12-15 01:10:10.020,SERVO_OUTPUT_RAW,2165209841,SERVO_OUTPUT_RAW,0,0,0,0,0,0,0,0,1000,1000,1000,1000,0,0,0,0,0
2025-12-15 01:10:10.121,SERVO_OUTPUT_RAW,2165309852,SERVO_OUTPUT_RAW,0,0,0,0,0,0,0,0,1000,1000,1000,1000,0,0,0,0,0
2025-12-15 01:10:10.221,SERVO_OUTPUT_RAW,2165409785,SERVO_OUTPUT_RAW,0,0,0,0,0,0,0,0,1000,1000,1000,1000,0,0,0,0,0
2025-12-15 01:10:10.320,SERVO_OUTPUT_RAW,2165509816,SERVO_OUTPUT_RAW,0,0,0,0,0,0,0,0,1000,1000,1000,1000,0,0,0,0,0
2025-12-15 01:10:10.420,SERVO_OUTPUT_RAW,2165609856,SERVO_OUTPUT_RAW,0,0,0,0,0,0,0,0,1000,1000,1000,1000,0,0,0,0,0
2025-12-15 01:10:10.520,SERVO_OUTPUT_RAW,2165709853,SERVO_OUTPUT_RAW,0,0,0,0,0,0,0,0,1000,1000,1000,1000,0,0,0,0,0
2025-12-15 01:10:10.620,SERVO_OUTPUT_RAW,2165809790,SERVO_OUTPUT_RAW,0,0,0,0,0,0,0,0,1000,1000,1000,1000,0,0,0,0,0
2025-12-15 01:10:10.720,SERVO_OUTPUT_RAW,2165909803,SERVO_OUTPUT_RAW,0,0,0,0,0,0,0,0,1000,1000,1000,1000,0,0,0,0,0
2025-12-15 01:10:10.820,SERVO_OUTPUT_RAW,2166009876,SERVO_OUTPUT_RAW,0,0,0,0,0,0,0,0,1000,1000,1000,1000,0,0,0,0,0
2025-12-15 01:10:10.920,SERVO_OUTPUT_RAW,2166109777,SERVO_OUTPUT_RAW,0,0,0,0,0,0,0,0,1000,1000,1000,1000,0,0,0,0,0
2025-12-15 01:10:11.020,SERVO_OUTPUT_RAW,2166209788,SERVO_OUTPUT_RAW,0,0,0,0,0,0,0,0,1000,1000,1000,1000,0,0,0,0,0
2025-12-15 01:10:11.120,SERVO_OUTPUT_RAW,2166309779,SERVO_OUTPUT_RAW,0,0,0,0,0,0,0,0,1000,1000,1000,1000,0,0,0,0,0
2025-12-15 01:10:11.220,SERVO_OUTPUT_RAW,2166409791,SERVO_OUTPUT_RAW,0,0,0,0,0,0,0,0,1000,1000,1000,1000,0,0,0,0,0
2025-12-15 01:10:11.320,SERVO_OUTPUT_RAW,2166509797,SERVO_OUTPUT_RAW,0,0,0,0,0,0,0,0,1000,1000,1000,1000,0,0,0,0,0
2025-12-15 01:10:11.420,SERVO_OUTPUT_RAW,2166609793,SERVO_OUTPUT_RAW,0,0,0,0,0,0,0,0,1000,1000,1000,1000,0,0,0,0,0
2025-12-15 01:10:11.520,SERVO_OUTPUT_RAW,2166712154,SERVO_OUTPUT_RAW,0,0,0,0,0,0,0,0,1000,1000,1000,1000,0,0,0,0,0
2025-12-15 01:10:11.620,SERVO_OUTPUT_RAW,2166809841,SERVO_OUTPUT_RAW,0,0,0,0,0,0,0,0,1000,1000,1000,1000,0,0,0,0,0
2025-12-15 01:10:11.720,SERVO_OUTPUT_RAW,2166909850,SERVO_OUTPUT_RAW,0,0,0,0,0,0,0,0,1000,1000,1000,1000,0,0,0,0,0
2025-12-15 01:10:11.820,SERVO_OUTPUT_RAW,2167009898,SERVO_OUTPUT_RAW,0,0,0,0,0,0,0,0,1000,1000,1000,1000,0,0,0,0,0
2025-12-15 01:10:11.921,SERVO_OUTPUT_RAW,2167109819,SERVO_OUTPUT_RAW,0,0,0,0,0,0,0,0,1000,1000,1000,1000,0,0,0,0,0
2025-12-15 01:10:12.021,SERVO_OUTPUT_RAW,2167209848,SERVO_OUTPUT_RAW,0,0,0,0,0,0,0,0,1000,1000,1000,1000,0,0,0,0,0
2025-12-15 01:10:12.120,SERVO_OUTPUT_RAW,2167309779,SERVO_OUTPUT_RAW,0,0,0,0,0,0,0,0,1000,1000,1000,1000,0,0,0,0,0
2025-12-15 01:10:12.220,SERVO_OUTPUT_RAW,2167409797,SERVO_OUTPUT_RAW,0,0,0,0,0,0,0,0,1000,1000,1000,1000,0,0,0,0,0
2025-12-15 01:10:12.320,SERVO_OUTPUT_RAW,2167509812,SERVO_OUTPUT_RAW,0,0,0,0,0,0,0,0,1000,1000,1000,1000,0,0,0,0,0
2025-12-15 01:10:12.422,SERVO_OUTPUT_RAW,2167609810,SERVO_OUTPUT_RAW,0,0,0,0,0,0,0,0,1000,1000,1000,1000,0,0,0,0,0
2025-12-15 01:10:12.520,SERVO_OUTPUT_RAW,2167709800,SERVO_OUTPUT_RAW,0,0,0,0,0,0,0,0,1000,1000,1000,1000,0,0,0,0,0
2025-12-15 01:10:12.620,SERVO_OUTPUT_RAW,2167809783,SERVO_OUTPUT_RAW,0,0,0,0,0,0,0,0,1000,1000,1000,1000,0,0,0,0,0
2025-12-15 01:10:12.720,SERVO_OUTPUT_RAW,2167909792,SERVO_OUTPUT_RAW,0,0,0,0,0,0,0,0,1000,1000,1000,1000,0,0,0,0,0
2025-12-15 01:10:12.821,SERVO_OUTPUT_RAW,2168009803,SERVO_OUTPUT_RAW,0,0,0,0,0,0,0,0,1000,1000,1000,1000,0,0,0,0,0
2025-12-15 01:10:12.920,SERVO_OUTPUT_RAW,2168109856,SERVO_OUTPUT_RAW,0,0,0,0,0,0,0,0,1000,1000,1000,1000,0,0,0,0,0
2025-12-15 01:10:13.021,SERVO_OUTPUT_RAW,2168209815,SERVO_OUTPUT_RAW,0,0,0,0,0,0,0,0,1000,1000,1000,1000,0,0,0,0,0
2025-12-15 01:10:13.121,SERVO_OUTPUT_RAW,2168309850,SERVO_OUTPUT_RAW,0,0,0,0,0,0,0,0,1000,1000,1000,1000,0,0,0,0,0
2025-12-15 01:10:13.221,SERVO_OUTPUT_RAW,2168409786,SERVO_OUTPUT_RAW,0,0,0,0,0,0,0,0,1000,1000,1000,1000,0,0,0,0,0
2025-12-15 01:10:13.321,SERVO_OUTPUT_RAW,2168509801,SERVO_OUTPUT_RAW,0,0,0,0,0,0,0,0,1000,1000,1000,1000,0,0,0,0,0
2025-12-15 01:10:13.421,SERVO_OUTPUT_RAW,2168609810,SERVO_OUTPUT_RAW,0,0,0,0,0,0,0,0,1000,1000,1000,1000,0,0,0,0,0
2025-12-15 01:10:13.520,SERVO_OUTPUT_RAW,2168709836,SERVO_OUTPUT_RAW,0,0,0,0,0,0,0,0,1000,1000,1000,1000,0,0,0,0,0
2025-12-15 01:10:13.621,SERVO_OUTPUT_RAW,2168809844,SERVO_OUTPUT_RAW,0,0,0,0,0,0,0,0,1000,1000,1000,1000,0,0,0,0,0
2025-12-15 01:10:13.721,SERVO_OUTPUT_RAW,2168909785,SERVO_OUTPUT_RAW,0,0,0,0,0,0,0,0,1000,1000,1000,1000,0,0,0,0,0
2025-12-15 01:10:13.821,SERVO_OUTPUT_RAW,2169009792,SERVO_OUTPUT_RAW,0,0,0,0,0,0,0,0,1000,1000,1000,1000,0,0,0,0,0
2025-12-15 01:10:13.921,SERVO_OUTPUT_RAW,2169109816,SERVO_OUTPUT_RAW,0,0,0,0,0,0,0,0,1000,1000,1000,1000,0,0,0,0,0
2025-12-15 01:10:14.021,SERVO_OUTPUT_RAW,2169209825,SERVO_OUTPUT_RAW,0,0,0,0,0,0,0,0,1000,1000,1000,1000,0,0,0,0,0
2025-12-15 01:10:14.120,SERVO_OUTPUT_RAW,2169309785,SERVO_OUTPUT_RAW,0,0,0,0,0,0,0,0,1000,1000,1000,1000,0,0,0,0,0
2025-12-15 01:10:14.220,SERVO_OUTPUT_RAW,2169409786,SERVO_OUTPUT_RAW,0,0,0,0,0,0,0,0,1000,1000,1000,1000,0,0,0,0,0
2025-12-15 01:10:14.320,SERVO_OUTPUT_RAW,2169509779,SERVO_OUTPUT_RAW,0,0,0,0,0,0,0,0,1000,1000,1000,1000,0,0,0,0,0
2025-12-15 01:10:14.420,SERVO_OUTPUT_RAW,2169609788,SERVO_OUTPUT_RAW,0,0,0,0,0,0,0,0,1000,1000,1000,1000,0,0,0,0,0
2025-12-15 01:10:14.520,SERVO_OUTPUT_RAW,2169712115,SERVO_OUTPUT_RAW,0,0,0,0,0,0,0,0,1000,1000,1000,1000,0,0,0,0,0
2025-12-15 01:10:14.620,SERVO_OUTPUT_RAW,2169809823,SERVO_OUTPUT_RAW,0,0,0,0,0,0,0,0,1000,1000,1000,1000,0,0,0,0,0
2025-12-15 01:10:14.720,SERVO_OUTPUT_RAW,2169909864,SERVO_OUTPUT_RAW,0,0,0,0,0,0,0,0,1000,1000,1000,1000,0,0,0,0,0
2025-12-15 01:10:14.820,SERVO_OUTPUT_RAW,2170009808,SERVO_OUTPUT_RAW,0,0,0,0,0,0,0,0,1000,1000,1000,1000,0,0,0,0,0
2025-12-15 01:10:14.920,SERVO_OUTPUT_RAW,2170109820,SERVO_OUTPUT_RAW,0,0,0,0,0,0,0,0,1000,1000,1000,1000,0,0,0,0,0
2025-12-15 01:10:15.020,SERVO_OUTPUT_RAW,2170212084,SERVO_OUTPUT_RAW,0,0,0,0,0,0,0,0,1000,1000,1000,1000,0,0,0,0,0
2025-12-15 01:10:15.120,SERVO_OUTPUT_RAW,2170309851,SERVO_OUTPUT_RAW,0,0,0,0,0,0,0,0,1000,1000,1000,1000,0,0,0,0,0
2025-12-15 01:10:15.220,SERVO_OUTPUT_RAW,2170409806,SERVO_OUTPUT_RAW,0,0,0,0,0,0,0,0,1000,1000,1000,1000,0,0,0,0,0
2025-12-15 01:10:15.320,SERVO_OUTPUT_RAW,2170509778,SERVO_OUTPUT_RAW,0,0,0,0,0,0,0,0,1000,1000,1000,1000,0,0,0,0,0
2025-12-15 01:10:15.420,SERVO_OUTPUT_RAW,2170609807,SERVO_OUTPUT_RAW,0,0,0,0,0,0,0,0,1000,1000,1000,1000,0,0,0,0,0
2025-12-15 01:10:15.520,SERVO_OUTPUT_RAW,2170709826,SERVO_OUTPUT_RAW,0,0,0,0,0,0,0,0,1000,1000,1000,1000,0,0,0,0,0
2025-12-15 01:10:15.620,SERVO_OUTPUT_RAW,2170809777,SERVO_OUTPUT_RAW,0,0,0,0,0,0,0,0,1000,1000,1000,1000,0,0,0,0,0
2025-12-15 01:10:15.720,SERVO_OUTPUT_RAW,2170909787,SERVO_OUTPUT_RAW,0,0,0,0,0,0,0,0,1000,1000,1000,1000,0,0,0,0,0
2025-12-15 01:10:15.820,SERVO_OUTPUT_RAW,2171009807,SERVO_OUTPUT_RAW,0,0,0,0,0,0,0,0,1000,1000,1000,1000,0,0,0,0,0
2025-12-15 01:10:15.920,SERVO_OUTPUT_RAW,2171109792,SERVO_OUTPUT_RAW,0,0,0,0,0,0,0,0,1000,1000,1000,1000,0,0,0,0,0
2025-12-15 01:10:16.020,SERVO_OUTPUT_RAW,2171212123,SERVO_OUTPUT_RAW,0,0,0,0,0,0,0,0,1000,1000,1000,1000,0,0,0,0,0
2025-12-15 01:10:16.120,SERVO_OUTPUT_RAW,2171309769,SERVO_OUTPUT_RAW,0,0,0,0,0,0,0,0,1000,1000,1000,1000,0,0,0,0,0
2025-12-15 01:10:16.220,SERVO_OUTPUT_RAW,2171409834,SERVO_OUTPUT_RAW,0,0,0,0,0,0,0,0,1000,1000,1000,1000,0,0,0,0,0
2025-12-15 01:10:16.320,SERVO_OUTPUT_RAW,2171509849,SERVO_OUTPUT_RAW,0,0,0,0,0,0,0,0,1000,1000,1000,1000,0,0,0,0,0
2025-12-15 01:10:16.420,SERVO_OUTPUT_RAW,2171609808,SERVO_OUTPUT_RAW,0,0,0,0,0,0,0,0,1000,1000,1000,1000,0,0,0,0,0
2025-12-15 01:10:16.520,SERVO_OUTPUT_RAW,2171709831,SERVO_OUTPUT_RAW,0,0,0,0,0,0,0,0,1000,1000,1000,1000,0,0,0,0,0
2025-12-15 01:10:16.620,SERVO_OUTPUT_RAW,2171809819,SERVO_OUTPUT_RAW,0,0,0,0,0,0,0,0,1000,1000,1000,1000,0,0,0,0,0
2025-12-15 01:10:16.721,SERVO_OUTPUT_RAW,2171909837,SERVO_OUTPUT_RAW,0,0,0,0,0,0,0,0,1000,1000,1000,1000,0,0,0,0,0
2025-12-15 01:10:16.820,SERVO_OUTPUT_RAW,2172009782,SERVO_OUTPUT_RAW,0,0,0,0,0,0,0,0,1000,1000,1000,1000,0,0,0,0,0
2025-12-15 01:10:16.920,SERVO_OUTPUT_RAW,2172109790,SERVO_OUTPUT_RAW,0,0,0,0,0,0,0,0,1000,1000,1000,1000,0,0,0,0,0
2025-12-15 01:10:17.020,SERVO_OUTPUT_RAW,2172209837,SERVO_OUTPUT_RAW,0,0,0,0,0,0,0,0,1000,1000,1000,1000,0,0,0,0,0
2025-12-15 01:10:17.120,SERVO_OUTPUT_RAW,2172309885,SERVO_OUTPUT_RAW,0,0,0,0,0,0,0,0,1000,1000,1000,1000,0,0,0,0,0
2025-12-15 01:10:17.220,SERVO_OUTPUT_RAW,2172409789,SERVO_OUTPUT_RAW,0,0,0,0,0,0,0,0,1000,1000,1000,1000,0,0,0,0,0
2025-12-15 01:10:17.320,SERVO_OUTPUT_RAW,2172509785,SERVO_OUTPUT_RAW,0,0,0,0,0,0,0,0,1000,1000,1000,1000,0,0,0,0,0
2025-12-15 01:10:17.421,SERVO_OUTPUT_RAW,2172609794,SERVO_OUTPUT_RAW,0,0,0,0,0,0,0,0,1000,1000,1000,1000,0,0,0,0,0
2025-12-15 01:10:17.520,SERVO_OUTPUT_RAW,2172709790,SERVO_OUTPUT_RAW,0,0,0,0,0,0,0,0,1000,1000,1000,1000,0,0,0,0,0
2025-12-15 01:10:17.620,SERVO_OUTPUT_RAW,2172809812,SERVO_OUTPUT_RAW,0,0,0,0,0,0,0,0,1000,1000,1000,1000,0,0,0,0,0
2025-12-15 01:10:17.720,SERVO_OUTPUT_RAW,2172909818,SERVO_OUTPUT_RAW,0,0,0,0,0,0,0,0,1000,1000,1000,1000,0,0,0,0,0
2025-12-15 01:10:17.820,SERVO_OUTPUT_RAW,2173009829,SERVO_OUTPUT_RAW,0,0,0,0,0,0,0,0,1000,1000,1000,1000,0,0,0,0,0
2025-12-15 01:10:17.920,SERVO_OUTPUT_RAW,2173109849,SERVO_OUTPUT_RAW,0,0,0,0,0,0,0,0,1000,1000,1000,1000,0,0,0,0,0
2025-12-15 01:10:18.020,SERVO_OUTPUT_RAW,2173209803,SERVO_OUTPUT_RAW,0,0,0,0,0,0,0,0,1000,1000,1000,1000,0,0,0,0,0
2025-12-15 01:10:18.120,SERVO_OUTPUT_RAW,2173309814,SERVO_OUTPUT_RAW,0,0,0,0,0,0,0,0,1000,1000,1000,1000,0,0,0,0,0
2025-12-15 01:10:18.220,SERVO_OUTPUT_RAW,2173409855,SERVO_OUTPUT_RAW,0,0,0,0,0,0,0,0,1000,1000,1000,1000,0,0,0,0,0
2025-12-15 01:10:18.320,SERVO_OUTPUT_RAW,2173509833,SERVO_OUTPUT_RAW,0,0,0,0,0,0,0,0,1000,1000,1000,1000,0,0,0,0,0
2025-12-15 01:10:18.420,SERVO_OUTPUT_RAW,2173609791,SERVO_OUTPUT_RAW,0,0,0,0,0,0,0,0,1000,1000,1000,1000,0,0,0,0,0
2025-12-15 01:10:18.520,SERVO_OUTPUT_RAW,2173709835,SERVO_OUTPUT_RAW,0,0,0,0,0,0,0,0,1000,1000,1000,1000,0,0,0,0,0
2025-12-15 01:10:18.620,SERVO_OUTPUT_RAW,2173809832,SERVO_OUTPUT_RAW,0,0,0,0,0,0,0,0,1000,1000,1000,1000,0,0,0,0,0
2025-12-15 01:10:18.720,SERVO_OUTPUT_RAW,2173909779,SERVO_OUTPUT_RAW,0,0,0,0,0,0,0,0,1000,1000,1000,1000,0,0,0,0,0
2025-12-15 01:10:18.820,SERVO_OUTPUT_RAW,2174009795,SERVO_OUTPUT_RAW,0,0,0,0,0,0,0,0,1000,1000,1000,1000,0,0,0,0,0
2025-12-15 01:10:18.920,SERVO_OUTPUT_RAW,2174109792,SERVO_OUTPUT_RAW,0,0,0,0,0,0,0,0,1000,1000,1000,1000,0,0,0,0,0
2025-12-15 01:10:19.020,SERVO_OUTPUT_RAW,2174209787,SERVO_OUTPUT_RAW,0,0,0,0,0,0,0,0,1000,1000,1000,1000,0,0,0,0,0
2025-12-15 01:10:19.120,SERVO_OUTPUT_RAW,2174309788,SERVO_OUTPUT_RAW,0,0,0,0,0,0,0,0,1000,1000,1000,1000,0,0,0,0,0
2025-12-15 01:10:19.220,SERVO_OUTPUT_RAW,2174412148,SERVO_OUTPUT_RAW,0,0,0,0,0,0,0,0,1000,1000,1000,1000,0,0,0,0,0
2025-12-15 01:10:19.320,SERVO_OUTPUT_RAW,2174509834,SERVO_OUTPUT_RAW,0,0,0,0,0,0,0,0,1000,1000,1000,1000,0,0,0,0,0
2025-12-15 01:10:19.420,SERVO_OUTPUT_RAW,2174609866,SERVO_OUTPUT_RAW,0,0,0,0,0,0,0,0,1000,1000,1000,1000,0,0,0,0,0
2025-12-15 01:10:19.520,SERVO_OUTPUT_RAW,2174709808,SERVO_OUTPUT_RAW,0,0,0,0,0,0,0,0,1000,1000,1000,1000,0,0,0,0,0
2025-12-15 01:10:19.620,SERVO_OUTPUT_RAW,2174809808,SERVO_OUTPUT_RAW,0,0,0,0,0,0,0,0,1000,1000,1000,1000,0,0,0,0,0
2025-12-15 01:10:19.720,SERVO_OUTPUT_RAW,2174909811,SERVO_OUTPUT_RAW,0,0,0,0,0,0,0,0,1000,1000,1000,1000,0,0,0,0,0
2025-12-15 01:10:19.820,SERVO_OUTPUT_RAW,2175009835,SERVO_OUTPUT_RAW,0,0,0,0,0,0,0,0,1000,1000,1000,1000,0,0,0,0,0
2025-12-15 01:10:19.921,SERVO_OUTPUT_RAW,2175109862,SERVO_OUTPUT_RAW,0,0,0,0,0,0,0,0,1000,1000,1000,1000,0,0,0,0,0
2025-12-15 01:10:20.020,SERVO_OUTPUT_RAW,2175209786,SERVO_OUTPUT_RAW,0,0,0,0,0,0,0,0,1000,1000,1000,1000,0,0,0,0,0
2025-12-15 01:10:20.120,SERVO_OUTPUT_RAW,2175309818,SERVO_OUTPUT_RAW,0,0,0,0,0,0,0,0,1000,1000,1000,1000,0,0,0,0,0
2025-12-15 01:10:20.220,SERVO_OUTPUT_RAW,2175409816,SERVO_OUTPUT_RAW,0,0,0,0,0,0,0,0,1000,1000,1000,1000,0,0,0,0,0
2025-12-15 01:10:20.320,SERVO_OUTPUT_RAW,2175509799,SERVO_OUTPUT_RAW,0,0,0,0,0,0,0,0,1000,1000,1000,1000,0,0,0,0,0
2025-12-15 01:10:20.420,SERVO_OUTPUT_RAW,2175609796,SERVO_OUTPUT_RAW,0,0,0,0,0,0,0,0,1000,1000,1000,1000,0,0,0,0,0
2025-12-15 01:10:20.520,SERVO_OUTPUT_RAW,2175709803,SERVO_OUTPUT_RAW,0,0,0,0,0,0,0,0,1000,1000,1000,1000,0,0,0,0,0
2025-12-15 01:10:20.620,SERVO_OUTPUT_RAW,2175809785,SERVO_OUTPUT_RAW,0,0,0,0,0,0,0,0,1000,1000,1000,1000,0,0,0,0,0
2025-12-15 01:10:20.720,SERVO_OUTPUT_RAW,2175909786,SERVO_OUTPUT_RAW,0,0,0,0,0,0,0,0,1000,1000,1000,1000,0,0,0,0,0
2025-12-15 01:10:20.821,SERVO_OUTPUT_RAW,2176009796,SERVO_OUTPUT_RAW,0,0,0,0,0,0,0,0,1000,1000,1000,1000,0,0,0,0,0
2025-12-15 01:10:20.920,SERVO_OUTPUT_RAW,2176112135,SERVO_OUTPUT_RAW,0,0,0,0,0,0,0,0,1000,1000,1000,1000,0,0,0,0,0
2025-12-15 01:10:21.020,SERVO_OUTPUT_RAW,2176209807,SERVO_OUTPUT_RAW,0,0,0,0,0,0,0,0,1000,1000,1000,1000,0,0,0,0,0
2025-12-15 01:10:21.120,SERVO_OUTPUT_RAW,2176309789,SERVO_OUTPUT_RAW,0,0,0,0,0,0,0,0,1000,1000,1000,1000,0,0,0,0,0
2025-12-15 01:10:21.220,SERVO_OUTPUT_RAW,2176409839,SERVO_OUTPUT_RAW,0,0,0,0,0,0,0,0,1000,1000,1000,1000,0,0,0,0,0
2025-12-15 01:10:21.320,SERVO_OUTPUT_RAW,2176512072,SERVO_OUTPUT_RAW,0,0,0,0,0,0,0,0,1000,1000,1000,1000,0,0,0,0,0
2025-12-15 01:10:21.420,SERVO_OUTPUT_RAW,2176609854,SERVO_OUTPUT_RAW,0,0,0,0,0,0,0,0,1000,1000,1000,1000,0,0,0,0,0
2025-12-15 01:10:21.520,SERVO_OUTPUT_RAW,2176709824,SERVO_OUTPUT_RAW,0,0,0,0,0,0,0,0,1000,1000,1000,1000,0,0,0,0,0
2025-12-15 01:10:21.620,SERVO_OUTPUT_RAW,2176809798,SERVO_OUTPUT_RAW,0,0,0,0,0,0,0,0,1000,1000,1000,1000,0,0,0,0,0
2025-12-15 01:10:21.721,SERVO_OUTPUT_RAW,2176909829,SERVO_OUTPUT_RAW,0,0,0,0,0,0,0,0,1000,1000,1000,1000,0,0,0,0,0
2025-12-15 01:10:21.820,SERVO_OUTPUT_RAW,2177009815,SERVO_OUTPUT_RAW,0,0,0,0,0,0,0,0,1000,1000,1000,1000,0,0,0,0,0
2025-12-15 01:10:21.920,SERVO_OUTPUT_RAW,2177109792,SERVO_OUTPUT_RAW,0,0,0,0,0,0,0,0,1000,1000,1000,1000,0,0,0,0,0
2025-12-15 01:10:22.021,SERVO_OUTPUT_RAW,2177209798,SERVO_OUTPUT_RAW,0,0,0,0,0,0,0,0,1000,1000,1000,1000,0,0,0,0,0
2025-12-15 01:10:22.120,SERVO_OUTPUT_RAW,2177309798,SERVO_OUTPUT_RAW,0,0,0,0,0,0,0,0,1000,1000,1000,1000,0,0,0,0,0
2025-12-15 01:10:22.220,SERVO_OUTPUT_RAW,2177409782,SERVO_OUTPUT_RAW,0,0,0,0,0,0,0,0,1000,1000,1000,1000,0,0,0,0,0
2025-12-15 01:10:22.321,SERVO_OUTPUT_RAW,2177509794,SERVO_OUTPUT_RAW,0,0,0,0,0,0,0,0,1000,1000,1000,1000,0,0,0,0,0
2025-12-15 01:10:22.420,SERVO_OUTPUT_RAW,2177609818,SERVO_OUTPUT_RAW,0,0,0,0,0,0,0,0,1000,1000,1000,1000,0,0,0,0,0
2025-12-15 01:10:22.521,SERVO_OUTPUT_RAW,2177709848,SERVO_OUTPUT_RAW,0,0,0,0,0,0,0,0,1000,1000,1000,1000,0,0,0,0,0
2025-12-15 01:10:22.620,SERVO_OUTPUT_RAW,2177809788,SERVO_OUTPUT_RAW,0,0,0,0,0,0,0,0,1000,1000,1000,1000,0,0,0,0,0
2025-12-15 01:10:22.720,SERVO_OUTPUT_RAW,2177909782,SERVO_OUTPUT_RAW,0,0,0,0,0,0,0,0,1000,1000,1000,1000,0,0,0,0,0
2025-12-15 01:10:22.820,SERVO_OUTPUT_RAW,2178009825,SERVO_OUTPUT_RAW,0,0,0,0,0,0,0,0,1000,1000,1000,1000,0,0,0,0,0
2025-12-15 01:10:22.920,SERVO_OUTPUT_RAW,2178109856,SERVO_OUTPUT_RAW,0,0,0,0,0,0,0,0,1000,1000,1000,1000,0,0,0,0,0
2025-12-15 01:10:23.020,SERVO_OUTPUT_RAW,2178209898,SERVO_OUTPUT_RAW,0,0,0,0,0,0,0,0,1000,1000,1000,1000,0,0,0,0,0
2025-12-15 01:10:23.120,SERVO_OUTPUT_RAW,2178309789,SERVO_OUTPUT_RAW,0,0,0,0,0,0,0,0,1000,1000,1000,1000,0,0,0,0,0
2025-12-15 01:10:23.220,SERVO_OUTPUT_RAW,2178409807,SERVO_OUTPUT_RAW,0,0,0,0,0,0,0,0,1000,1000,1000,1000,0,0,0,0,0
2025-12-15 01:10:23.320,SERVO_OUTPUT_RAW,2178509819,SERVO_OUTPUT_RAW,0,0,0,0,0,0,0,0,1000,1000,1000,1000,0,0,0,0,0
2025-12-15 01:10:23.420,SERVO_OUTPUT_RAW,2178609888,SERVO_OUTPUT_RAW,0,0,0,0,0,0,0,0,1000,1000,1000,1000,0,0,0,0,0
2025-12-15 01:10:23.521,SERVO_OUTPUT_RAW,2178709778,SERVO_OUTPUT_RAW,0,0,0,0,0,0,0,0,1000,1000,1000,1000,0,0,0,0,0
2025-12-15 01:10:23.620,SERVO_OUTPUT_RAW,2178809788,SERVO_OUTPUT_RAW,0,0,0,0,0,0,0,0,1000,1000,1000,1000,0,0,0,0,0
2025-12-15 01:10:23.720,SERVO_OUTPUT_RAW,2178909789,SERVO_OUTPUT_RAW,0,0,0,0,0,0,0,0,1000,1000,1000,1000,0,0,0,0,0
2025-12-15 01:10:23.820,SERVO_OUTPUT_RAW,2179009804,SERVO_OUTPUT_RAW,0,0,0,0,0,0,0,0,1000,1000,1000,1000,0,0,0,0,0
2025-12-15 01:10:23.920,SERVO_OUTPUT_RAW,2179109788,SERVO_OUTPUT_RAW,0,0,0,0,0,0,0,0,1000,1000,1000,1000,0,0,0,0,0
2025-12-15 01:10:24.020,SERVO_OUTPUT_RAW,2179209825,SERVO_OUTPUT_RAW,0,0,0,0,0,0,0,0,1000,1000,1000,1000,0,0,0,0,0
2025-12-15 01:10:24.120,SERVO_OUTPUT_RAW,2179309795,SERVO_OUTPUT_RAW,0,0,0,0,0,0,0,0,1000,1000,1000,1000,0,0,0,0,0
2025-12-15 01:10:24.220,SERVO_OUTPUT_RAW,2179409801,SERVO_OUTPUT_RAW,0,0,0,0,0,0,0,0,1000,1000,1000,1000,0,0,0,0,0
2025-12-15 01:10:24.320,SERVO_OUTPUT_RAW,2179509793,SERVO_OUTPUT_RAW,0,0,0,0,0,0,0,0,1000,1000,1000,1000,0,0,0,0,0
2025-12-15 01:10:24.420,SERVO_OUTPUT_RAW,2179609860,SERVO_OUTPUT_RAW,0,0,0,0,0,0,0,0,1000,1000,1000,1000,0,0,0,0,0
2025-12-15 01:10:24.520,SERVO_OUTPUT_RAW,2179709834,SERVO_OUTPUT_RAW,0,0,0,0,0,0,0,0,1000,1000,1000,1000,0,0,0,0,0
2025-12-15 01:10:24.620,SERVO_OUTPUT_RAW,2179809781,SERVO_OUTPUT_RAW,0,0,0,0,0,0,0,0,1000,1000,1000,1000,0,0,0,0,0
2025-12-15 01:10:24.720,SERVO_OUTPUT_RAW,2179909783,SERVO_OUTPUT_RAW,0,0,0,0,0,0,0,0,1000,1000,1000,1000,0,0,0,0,0
2025-12-15 01:10:24.820,SERVO_OUTPUT_RAW,2180009828,SERVO_OUTPUT_RAW,0,0,0,0,0,0,0,0,1000,1000,1000,1000,0,0,0,0,0
2025-12-15 01:10:24.921,SERVO_OUTPUT_RAW,2180109823,SERVO_OUTPUT_RAW,0,0,0,0,0,0,0,0,1000,1000,1000,1000,0,0,0,0,0
2025-12-15 01:10:25.020,SERVO_OUTPUT_RAW,2180209787,SERVO_OUTPUT_RAW,0,0,0,0,0,0,0,0,1000,1000,1000,1000,0,0,0,0,0
2025-12-15 01:10:25.120,SERVO_OUTPUT_RAW,2180309784,SERVO_OUTPUT_RAW,0,0,0,0,0,0,0,0,1000,1000,1000,1000,0,0,0,0,0
2025-12-15 01:10:25.220,SERVO_OUTPUT_RAW,2180409782,SERVO_OUTPUT_RAW,0,0,0,0,0,0,0,0,1000,1000,1000,1000,0,0,0,0,0
2025-12-15 01:10:25.320,SERVO_OUTPUT_RAW,2180509781,SERVO_OUTPUT_RAW,0,0,0,0,0,0,0,0,1000,1000,1000,1000,0,0,0,0,0
2025-12-15 01:10:25.420,SERVO_OUTPUT_RAW,2180612153,SERVO_OUTPUT_RAW,0,0,0,0,0,0,0,0,1000,1000,1000,1000,0,0,0,0,0
2025-12-15 01:10:25.520,SERVO_OUTPUT_RAW,2180712164,SERVO_OUTPUT_RAW,0,0,0,0,0,0,0,0,1000,1000,1000,1000,0,0,0,0,0
2025-12-15 01:10:25.620,SERVO_OUTPUT_RAW,2180809823,SERVO_OUTPUT_RAW,0,0,0,0,0,0,0,0,1000,1000,1000,1000,0,0,0,0,0
2025-12-15 01:10:25.720,SERVO_OUTPUT_RAW,2180912136,SERVO_OUTPUT_RAW,0,0,0,0,0,0,0,0,1000,1000,1000,1000,0,0,0,0,0
2025-12-15 01:10:25.820,SERVO_OUTPUT_RAW,2181009782,SERVO_OUTPUT_RAW,0,0,0,0,0,0,0,0,1000,1000,1000,1000,0,0,0,0,0
2025-12-15 01:10:25.920,SERVO_OUTPUT_RAW,2181109806,SERVO_OUTPUT_RAW,0,0,0,0,0,0,0,0,1000,1000,1000,1000,0,0,0,0,0
2025-12-15 01:10:26.020,SERVO_OUTPUT_RAW,2181209841,SERVO_OUTPUT_RAW,0,0,0,0,0,0,0,0,1000,1000,1000,1000,0,0,0,0,0
2025-12-15 01:10:26.120,SERVO_OUTPUT_RAW,2181309845,SERVO_OUTPUT_RAW,0,0,0,0,0,0,0,0,1000,1000,1000,1000,0,0,0,0,0
2025-12-15 01:10:26.220,SERVO_OUTPUT_RAW,2181409787,SERVO_OUTPUT_RAW,0,0,0,0,0,0,0,0,1000,1000,1000,1000,0,0,0,0,0
2025-12-15 01:10:26.320,SERVO_OUTPUT_RAW,2181509816,SERVO_OUTPUT_RAW,0,0,0,0,0,0,0,0,1000,1000,1000,1000,0,0,0,0,0
2025-12-15 01:10:26.420,SERVO_OUTPUT_RAW,2181609829,SERVO_OUTPUT_RAW,0,0,0,0,0,0,0,0,1000,1000,1000,1000,0,0,0,0,0
2025-12-15 01:10:26.520,SERVO_OUTPUT_RAW,2181709786,SERVO_OUTPUT_RAW,0,0,0,0,0,0,0,0,1000,1000,1000,1000,0,0,0,0,0
2025-12-15 01:10:26.620,SERVO_OUTPUT_RAW,2181809805,SERVO_OUTPUT_RAW,0,0,0,0,0,0,0,0,1000,1000,1000,1000,0,0,0,0,0
2025-12-15 01:10:26.720,SERVO_OUTPUT_RAW,2181909799,SERVO_OUTPUT_RAW,0,0,0,0,0,0,0,0,1000,1000,1000,1000,0,0,0,0,0
2025-12-15 01:10:26.820,SERVO_OUTPUT_RAW,2182009789,SERVO_OUTPUT_RAW,0,0,0,0,0,0,0,0,1000,1000,1000,1000,0,0,0,0,0
2025-12-15 01:10:26.920,SERVO_OUTPUT_RAW,2182109788,SERVO_OUTPUT_RAW,0,0,0,0,0,0,0,0,1000,1000,1000,1000,0,0,0,0,0
2025-12-15 01:10:27.020,SERVO_OUTPUT_RAW,2182209781,SERVO_OUTPUT_RAW,0,0,0,0,0,0,0,0,1000,1000,1000,1000,0,0,0,0,0
2025-12-15 01:10:27.120,SERVO_OUTPUT_RAW,2182309825,SERVO_OUTPUT_RAW,0,0,0,0,0,0,0,0,1000,1000,1000,1000,0,0,0,0,0
2025-12-15 01:10:27.220,SERVO_OUTPUT_RAW,2182409790,SERVO_OUTPUT_RAW,0,0,0,0,0,0,0,0,1000,1000,1000,1000,0,0,0,0,0
2025-12-15 01:10:27.320,SERVO_OUTPUT_RAW,2182509874,SERVO_OUTPUT_RAW,0,0,0,0,0,0,0,0,1000,1000,1000,1000,0,0,0,0,0
2025-12-15 01:10:27.421,SERVO_OUTPUT_RAW,2182609825,SERVO_OUTPUT_RAW,0,0,0,0,0,0,0,0,1000,1000,1000,1000,0,0,0,0,0
2025-12-15 01:10:27.520,SERVO_OUTPUT_RAW,2182709832,SERVO_OUTPUT_RAW,0,0,0,0,0,0,0,0,1000,1000,1000,1000,0,0,0,0,0
2025-12-15 01:10:27.619,SERVO_OUTPUT_RAW,2182812094,SERVO_OUTPUT_RAW,0,0,0,0,0,0,0,0,1000,1000,1000,1000,0,0,0,0,0
2025-12-15 01:10:27.720,SERVO_OUTPUT_RAW,2182909854,SERVO_OUTPUT_RAW,0,0,0,0,0,0,0,0,1000,1000,1000,1000,0,0,0,0,0
2025-12-15 01:10:27.820,SERVO_OUTPUT_RAW,2183009785,SERVO_OUTPUT_RAW,0,0,0,0,0,0,0,0,1000,1000,1000,1000,0,0,0,0,0
2025-12-15 01:10:27.920,SERVO_OUTPUT_RAW,2183109822,SERVO_OUTPUT_RAW,0,0,0,0,0,0,0,0,1000,1000,1000,1000,0,0,0,0,0
2025-12-15 01:10:28.020,SERVO_OUTPUT_RAW,2183209816,SERVO_OUTPUT_RAW,0,0,0,0,0,0,0,0,1000,1000,1000,1000,0,0,0,0,0
2025-12-15 01:10:28.121,SERVO_OUTPUT_RAW,2183309779,SERVO_OUTPUT_RAW,0,0,0,0,0,0,0,0,1000,1000,1000,1000,0,0,0,0,0
2025-12-15 01:10:28.220,SERVO_OUTPUT_RAW,2183409784,SERVO_OUTPUT_RAW,0,0,0,0,0,0,0,0,1000,1000,1000,1000,0,0,0,0,0
2025-12-15 01:10:28.320,SERVO_OUTPUT_RAW,2183509812,SERVO_OUTPUT_RAW,0,0,0,0,0,0,0,0,1000,1000,1000,1000,0,0,0,0,0
2025-12-15 01:10:28.420,SERVO_OUTPUT_RAW,2183609805,SERVO_OUTPUT_RAW,0,0,0,0,0,0,0,0,1000,1000,1000,1000,0,0,0,0,0
2025-12-15 01:10:28.520,SERVO_OUTPUT_RAW,2183709787,SERVO_OUTPUT_RAW,0,0,0,0,0,0,0,0,1000,1000,1000,1000,0,0,0,0,0
2025-12-15 01:10:28.620,SERVO_OUTPUT_RAW,2183809809,SERVO_OUTPUT_RAW,0,0,0,0,0,0,0,0,1000,1000,1000,1000,0,0,0,0,0
2025-12-15 01:10:28.720,SERVO_OUTPUT_RAW,2183909830,SERVO_OUTPUT_RAW,0,0,0,0,0,0,0,0,1000,1000,1000,1000,0,0,0,0,0
2025-12-15 01:10:28.820,SERVO_OUTPUT_RAW,2184009854,SERVO_OUTPUT_RAW,0,0,0,0,0,0,0,0,1000,1000,1000,1000,0,0,0,0,0
2025-12-15 01:10:28.921,SERVO_OUTPUT_RAW,2184109776,SERVO_OUTPUT_RAW,0,0,0,0,0,0,0,0,1000,1000,1000,1000,0,0,0,0,0
2025-12-15 01:10:29.021,SERVO_OUTPUT_RAW,2184209835,SERVO_OUTPUT_RAW,0,0,0,0,0,0,0,0,1000,1000,1000,1000,0,0,0,0,0
2025-12-15 01:10:29.121,SERVO_OUTPUT_RAW,2184309827,SERVO_OUTPUT_RAW,0,0,0,0,0,0,0,0,1000,1000,1000,1000,0,0,0,0,0
2025-12-15 01:10:29.221,SERVO_OUTPUT_RAW,2184409846,SERVO_OUTPUT_RAW,0,0,0,0,0,0,0,0,1000,1000,1000,1000,0,0,0,0,0
2025-12-15 01:10:29.321,SERVO_OUTPUT_RAW,2184509867,SERVO_OUTPUT_RAW,0,0,0,0,0,0,0,0,1000,1000,1000,1000,0,0,0,0,0
2025-12-15 01:10:29.421,SERVO_OUTPUT_RAW,2184609805,SERVO_OUTPUT_RAW,0,0,0,0,0,0,0,0,1000,1000,1000,1000,0,0,0,0,0
2025-12-15 01:10:29.520,SERVO_OUTPUT_RAW,2184709816,SERVO_OUTPUT_RAW,0,0,0,0,0,0,0,0,1000,1000,1000,1000,0,0,0,0,0
2025-12-15 01:10:29.620,SERVO_OUTPUT_RAW,2184809836,SERVO_OUTPUT_RAW,0,0,0,0,0,0,0,0,1000,1000,1000,1000,0,0,0,0,0
2025-12-15 01:10:29.720,SERVO_OUTPUT_RAW,2184909885,SERVO_OUTPUT_RAW,0,0,0,0,0,0,0,0,1000,1000,1000,1000,0,0,0,0,0
2025-12-15 01:10:29.820,SERVO_OUTPUT_RAW,2185009790,SERVO_OUTPUT_RAW,0,0,0,0,0,0,0,0,1000,1000,1000,1000,0,0,0,0,0
2025-12-15 01:10:29.920,SERVO_OUTPUT_RAW,2185109794,SERVO_OUTPUT_RAW,0,0,0,0,0,0,0,0,1000,1000,1000,1000,0,0,0,0,0
2025-12-15 01:10:30.020,SERVO_OUTPUT_RAW,2185209778,SERVO_OUTPUT_RAW,0,0,0,0,0,0,0,0,1000,1000,1000,1000,0,0,0,0,0
2025-12-15 01:10:30.120,SERVO_OUTPUT_RAW,2185309786,SERVO_OUTPUT_RAW,0,0,0,0,0,0,0,0,1000,1000,1000,1000,0,0,0,0,0
2025-12-15 01:10:30.220,SERVO_OUTPUT_RAW,2185409838,SERVO_OUTPUT_RAW,0,0,0,0,0,0,0,0,1000,1000,1000,1000,0,0,0,0,0
2025-12-15 01:10:30.320,SERVO_OUTPUT_RAW,2185509840,SERVO_OUTPUT_RAW,0,0,0,0,0,0,0,0,1000,1000,1000,1000,0,0,0,0,0
2025-12-15 01:10:30.420,SERVO_OUTPUT_RAW,2185609839,SERVO_OUTPUT_RAW,0,0,0,0,0,0,0,0,1000,1000,1000,1000,0,0,0,0,0
2025-12-15 01:10:30.520,SERVO_OUTPUT_RAW,2185709797,SERVO_OUTPUT_RAW,0,0,0,0,0,0,0,0,1000,1000,1000,1000,0,0,0,0,0
2025-12-15 01:10:30.620,SERVO_OUTPUT_RAW,2185809832,SERVO_OUTPUT_RAW,0,0,0,0,0,0,0,0,1000,1000,1000,1000,0,0,0,0,0
2025-12-15 01:10:30.720,SERVO_OUTPUT_RAW,2185909848,SERVO_OUTPUT_RAW,0,0,0,0,0,0,0,0,1000,1000,1000,1000,0,0,0,0,0
2025-12-15 01:10:30.820,SERVO_OUTPUT_RAW,2186009856,SERVO_OUTPUT_RAW,0,0,0,0,0,0,0,0,1000,1000,1000,1000,0,0,0,0,0
2025-12-15 01:10:30.920,SERVO_OUTPUT_RAW,2186109784,SERVO_OUTPUT_RAW,0,0,0,0,0,0,0,0,1000,1000,1000,1000,0,0,0,0,0
2025-12-15 01:10:31.021,SERVO_OUTPUT_RAW,2186209796,SERVO_OUTPUT_RAW,0,0,0,0,0,0,0,0,1000,1000,1000,1000,0,0,0,0,0
2025-12-15 01:10:31.121,SERVO_OUTPUT_RAW,2186309820,SERVO_OUTPUT_RAW,0,0,0,0,0,0,0,0,1000,1000,1000,1000,0,0,0,0,0
2025-12-15 01:10:31.220,SERVO_OUTPUT_RAW,2186409841,SERVO_OUTPUT_RAW,0,0,0,0,0,0,0,0,1000,1000,1000,1000,0,0,0,0,0
2025-12-15 01:10:31.321,SERVO_OUTPUT_RAW,2186509797,SERVO_OUTPUT_RAW,0,0,0,0,0,0,0,0,1000,1000,1000,1000,0,0,0,0,0
2025-12-15 01:10:31.421,SERVO_OUTPUT_RAW,2186609783,SERVO_OUTPUT_RAW,0,0,0,0,0,0,0,0,1000,1000,1000,1000,0,0,0,0,0
2025-12-15 01:10:31.521,SERVO_OUTPUT_RAW,2186709789,SERVO_OUTPUT_RAW,0,0,0,0,0,0,0,0,1000,1000,1000,1000,0,0,0,0,0
2025-12-15 01:10:31.621,SERVO_OUTPUT_RAW,2186809782,SERVO_OUTPUT_RAW,0,0,0,0,0,0,0,0,1000,1000,1000,1000,0,0,0,0,0
2025-12-15 01:10:31.721,SERVO_OUTPUT_RAW,2186909795,SERVO_OUTPUT_RAW,0,0,0,0,0,0,0,0,1000,1000,1000,1000,0,0,0,0,0
2025-12-15 01:10:31.821,SERVO_OUTPUT_RAW,2187012169,SERVO_OUTPUT_RAW,0,0,0,0,0,0,0,0,1000,1000,1000,1000,0,0,0,0,0
2025-12-15 01:10:31.921,SERVO_OUTPUT_RAW,2187109848,SERVO_OUTPUT_RAW,0,0,0,0,0,0,0,0,1000,1000,1000,1000,0,0,0,0,0
2025-12-15 01:10:32.021,SERVO_OUTPUT_RAW,2187209896,SERVO_OUTPUT_RAW,0,0,0,0,0,0,0,0,1000,1000,1000,1000,0,0,0,0,0
2025-12-15 01:10:32.121,SERVO_OUTPUT_RAW,2187309834,SERVO_OUTPUT_RAW,0,0,0,0,0,0,0,0,1000,1000,1000,1000,0,0,0,0,0
2025-12-15 01:10:32.221,SERVO_OUTPUT_RAW,2187409819,SERVO_OUTPUT_RAW,0,0,0,0,0,0,0,0,1000,1000,1000,1000,0,0,0,0,0
2025-12-15 01:10:32.321,SERVO_OUTPUT_RAW,2187509845,SERVO_OUTPUT_RAW,0,0,0,0,0,0,0,0,1000,1000,1000,1000,0,0,0,0,0
2025-12-15 01:10:32.478,SERVO_OUTPUT_RAW,2187609772,SERVO_OUTPUT_RAW,0,0,0,0,0,0,0,0,1000,1000,1000,1000,0,0,0,0,0
2025-12-15 01:10:32.521,SERVO_OUTPUT_RAW,2187709809,SERVO_OUTPUT_RAW,0,0,0,0,0,0,0,0,1000,1000,1000,1000,0,0,0,0,0
2025-12-15 01:10:32.621,SERVO_OUTPUT_RAW,2187809802,SERVO_OUTPUT_RAW,0,0,0,0,0,0,0,0,1000,1000,1000,1000,0,0,0,0,0
2025-12-15 01:10:32.721,SERVO_OUTPUT_RAW,2187909784,SERVO_OUTPUT_RAW,0,0,0,0,0,0,0,0,1000,1000,1000,1000,0,0,0,0,0
2025-12-15 01:10:32.821,SERVO_OUTPUT_RAW,2188009803,SERVO_OUTPUT_RAW,0,0,0,0,0,0,0,0,1000,1000,1000,1000,0,0,0,0,0
2025-12-15 01:10:32.921,SERVO_OUTPUT_RAW,2188109808,SERVO_OUTPUT_RAW,0,0,0,0,0,0,0,0,1000,1000,1000,1000,0,0,0,0,0
2025-12-15 01:10:33.021,SERVO_OUTPUT_RAW,2188209788,SERVO_OUTPUT_RAW,0,0,0,0,0,0,0,0,1000,1000,1000,1000,0,0,0,0,0
2025-12-15 01:10:33.121,SERVO_OUTPUT_RAW,2188309799,SERVO_OUTPUT_RAW,0,0,0,0,0,0,0,0,1000,1000,1000,1000,0,0,0,0,0
2025-12-15 01:10:33.220,SERVO_OUTPUT_RAW,2188409788,SERVO_OUTPUT_RAW,0,0,0,0,0,0,0,0,1000,1000,1000,1000,0,0,0,0,0
2025-12-15 01:10:33.320,SERVO_OUTPUT_RAW,2188509815,SERVO_OUTPUT_RAW,0,0,0,0,0,0,0,0,1000,1000,1000,1000,0,0,0,0,0
2025-12-15 01:10:33.420,SERVO_OUTPUT_RAW,2188609827,SERVO_OUTPUT_RAW,0,0,0,0,0,0,0,0,1000,1000,1000,1000,0,0,0,0,0
2025-12-15 01:10:33.520,SERVO_OUTPUT_RAW,2188709841,SERVO_OUTPUT_RAW,0,0,0,0,0,0,0,0,1000,1000,1000,1000,0,0,0,0,0
2025-12-15 01:10:33.620,SERVO_OUTPUT_RAW,2188809775,SERVO_OUTPUT_RAW,0,0,0,0,0,0,0,0,1000,1000,1000,1000,0,0,0,0,0
2025-12-15 01:10:33.720,SERVO_OUTPUT_RAW,2188909800,SERVO_OUTPUT_RAW,0,0,0,0,0,0,0,0,1000,1000,1000,1000,0,0,0,0,0
2025-12-15 01:10:33.821,SERVO_OUTPUT_RAW,2189009855,SERVO_OUTPUT_RAW,0,0,0,0,0,0,0,0,1000,1000,1000,1000,0,0,0,0,0
2025-12-15 01:10:33.922,SERVO_OUTPUT_RAW,2189112055,SERVO_OUTPUT_RAW,0,0,0,0,0,0,0,0,1000,1000,1000,1000,0,0,0,0,0
2025-12-15 01:10:34.021,SERVO_OUTPUT_RAW,2189209780,SERVO_OUTPUT_RAW,0,0,0,0,0,0,0,0,1000,1000,1000,1000,0,0,0,0,0
2025-12-15 01:10:34.120,SERVO_OUTPUT_RAW,2189309822,SERVO_OUTPUT_RAW,0,0,0,0,0,0,0,0,1000,1000,1000,1000,0,0,0,0,0
2025-12-15 01:10:34.220,SERVO_OUTPUT_RAW,2189409820,SERVO_OUTPUT_RAW,0,0,0,0,0,0,0,0,1000,1000,1000,1000,0,0,0,0,0
2025-12-15 01:10:34.321,SERVO_OUTPUT_RAW,2189509784,SERVO_OUTPUT_RAW,0,0,0,0,0,0,0,0,1000,1000,1000,1000,0,0,0,0,0
2025-12-15 01:10:34.422,SERVO_OUTPUT_RAW,2189609784,SERVO_OUTPUT_RAW,0,0,0,0,0,0,0,0,1000,1000,1000,1000,0,0,0,0,0
2025-12-15 01:10:34.520,SERVO_OUTPUT_RAW,2189709791,SERVO_OUTPUT_RAW,0,0,0,0,0,0,0,0,1000,1000,1000,1000,0,0,0,0,0
2025-12-15 01:10:34.620,SERVO_OUTPUT_RAW,2189809780,SERVO_OUTPUT_RAW,0,0,0,0,0,0,0,0,1000,1000,1000,1000,0,0,0,0,0
2025-12-15 01:10:34.720,SERVO_OUTPUT_RAW,2189909797,SERVO_OUTPUT_RAW,0,0,0,0,0,0,0,0,1000,1000,1000,1000,0,0,0,0,0
2025-12-15 01:10:34.820,SERVO_OUTPUT_RAW,2190009796,SERVO_OUTPUT_RAW,0,0,0,0,0,0,0,0,1000,1000,1000,1000,0,0,0,0,0
2025-12-15 01:10:34.921,SERVO_OUTPUT_RAW,2190109829,SERVO_OUTPUT_RAW,0,0,0,0,0,0,0,0,1000,1000,1000,1000,0,0,0,0,0
2025-12-15 01:10:35.020,SERVO_OUTPUT_RAW,2190209859,SERVO_OUTPUT_RAW,0,0,0,0,0,0,0,0,1000,1000,1000,1000,0,0,0,0,0
2025-12-15 01:10:35.120,SERVO_OUTPUT_RAW,2190309782,SERVO_OUTPUT_RAW,0,0,0,0,0,0,0,0,1000,1000,1000,1000,0,0,0,0,0
2025-12-15 01:10:35.220,SERVO_OUTPUT_RAW,2190409792,SERVO_OUTPUT_RAW,0,0,0,0,0,0,0,0,1000,1000,1000,1000,0,0,0,0,0
2025-12-15 01:10:35.320,SERVO_OUTPUT_RAW,2190509810,SERVO_OUTPUT_RAW,0,0,0,0,0,0,0,0,1000,1000,1000,1000,0,0,0,0,0
2025-12-15 01:10:35.420,SERVO_OUTPUT_RAW,2190609869,SERVO_OUTPUT_RAW,0,0,0,0,0,0,0,0,1000,1000,1000,1000,0,0,0,0,0
2025-12-15 01:10:35.520,SERVO_OUTPUT_RAW,2190709824,SERVO_OUTPUT_RAW,0,0,0,0,0,0,0,0,1000,1000,1000,1000,0,0,0,0,0
2025-12-15 01:10:35.620,SERVO_OUTPUT_RAW,2190809789,SERVO_OUTPUT_RAW,0,0,0,0,0,0,0,0,1000,1000,1000,1000,0,0,0,0,0
2025-12-15 01:10:35.720,SERVO_OUTPUT_RAW,2190909797,SERVO_OUTPUT_RAW,0,0,0,0,0,0,0,0,1000,1000,1000,1000,0,0,0,0,0
2025-12-15 01:10:35.820,SERVO_OUTPUT_RAW,2191009823,SERVO_OUTPUT_RAW,0,0,0,0,0,0,0,0,1000,1000,1000,1000,0,0,0,0,0
2025-12-15 01:10:35.920,SERVO_OUTPUT_RAW,2191109778,SERVO_OUTPUT_RAW,0,0,0,0,0,0,0,0,1000,1000,1000,1000,0,0,0,0,0
2025-12-15 01:10:36.020,SERVO_OUTPUT_RAW,2191209887,SERVO_OUTPUT_RAW,0,0,0,0,0,0,0,0,1000,1000,1000,1000,0,0,0,0,0
2025-12-15 01:10:36.120,SERVO_OUTPUT_RAW,2191309800,SERVO_OUTPUT_RAW,0,0,0,0,0,0,0,0,1000,1000,1000,1000,0,0,0,0,0
2025-12-15 01:10:36.220,SERVO_OUTPUT_RAW,2191409790,SERVO_OUTPUT_RAW,0,0,0,0,0,0,0,0,1000,1000,1000,1000,0,0,0,0,0
2025-12-15 01:10:36.320,SERVO_OUTPUT_RAW,2191512108,SERVO_OUTPUT_RAW,0,0,0,0,0,0,0,0,1000,1000,1000,1000,0,0,0,0,0
2025-12-15 01:10:36.420,SERVO_OUTPUT_RAW,2191609822,SERVO_OUTPUT_RAW,0,0,0,0,0,0,0,0,1000,1000,1000,1000,0,0,0,0,0
2025-12-15 01:10:36.520,SERVO_OUTPUT_RAW,2191709849,SERVO_OUTPUT_RAW,0,0,0,0,0,0,0,0,1000,1000,1000,1000,0,0,0,0,0
2025-12-15 01:10:36.620,SERVO_OUTPUT_RAW,2191809854,SERVO_OUTPUT_RAW,0,0,0,0,0,0,0,0,1000,1000,1000,1000,0,0,0,0,0
2025-12-15 01:10:36.720,SERVO_OUTPUT_RAW,2191909806,SERVO_OUTPUT_RAW,0,0,0,0,0,0,0,0,1000,1000,1000,1000,0,0,0,0,0
2025-12-15 01:10:36.820,SERVO_OUTPUT_RAW,2192009817,SERVO_OUTPUT_RAW,0,0,0,0,0,0,0,0,1000,1000,1000,1000,0,0,0,0,0
2025-12-15 01:10:36.920,SERVO_OUTPUT_RAW,2192109823,SERVO_OUTPUT_RAW,0,0,0,0,0,0,0,0,1000,1000,1000,1000,0,0,0,0,0
2025-12-15 01:10:37.020,SERVO_OUTPUT_RAW,2192209874,SERVO_OUTPUT_RAW,0,0,0,0,0,0,0,0,1000,1000,1000,1000,0,0,0,0,0
2025-12-15 01:10:37.120,SERVO_OUTPUT_RAW,2192309786,SERVO_OUTPUT_RAW,0,0,0,0,0,0,0,0,1000,1000,1000,1000,0,0,0,0,0
2025-12-15 01:10:37.220,SERVO_OUTPUT_RAW,2192409791,SERVO_OUTPUT_RAW,0,0,0,0,0,0,0,0,1000,1000,1000,1000,0,0,0,0,0
2025-12-15 01:10:37.320,SERVO_OUTPUT_RAW,2192509819,SERVO_OUTPUT_RAW,0,0,0,0,0,0,0,0,1000,1000,1000,1000,0,0,0,0,0
2025-12-15 01:10:37.421,SERVO_OUTPUT_RAW,2192609823,SERVO_OUTPUT_RAW,0,0,0,0,0,0,0,0,1000,1000,1000,1000,0,0,0,0,0
2025-12-15 01:10:37.521,SERVO_OUTPUT_RAW,2192709785,SERVO_OUTPUT_RAW,0,0,0,0,0,0,0,0,1000,1000,1000,1000,0,0,0,0,0
2025-12-15 01:10:37.620,SERVO_OUTPUT_RAW,2192809796,SERVO_OUTPUT_RAW,0,0,0,0,0,0,0,0,1000,1000,1000,1000,0,0,0,0,0
2025-12-15 01:10:37.721,SERVO_OUTPUT_RAW,2192909805,SERVO_OUTPUT_RAW,0,0,0,0,0,0,0,0,1000,1000,1000,1000,0,0,0,0,0
2025-12-15 01:10:37.821,SERVO_OUTPUT_RAW,2193009797,SERVO_OUTPUT_RAW,0,0,0,0,0,0,0,0,1000,1000,1000,1000,0,0,0,0,0
2025-12-15 01:10:37.921,SERVO_OUTPUT_RAW,2193109810,SERVO_OUTPUT_RAW,0,0,0,0,0,0,0,0,1000,1000,1000,1000,0,0,0,0,0
2025-12-15 01:10:38.021,SERVO_OUTPUT_RAW,2193212153,SERVO_OUTPUT_RAW,0,0,0,0,0,0,0,0,1000,1000,1000,1000,0,0,0,0,0
2025-12-15 01:10:38.121,SERVO_OUTPUT_RAW,2193312154,SERVO_OUTPUT_RAW,0,0,0,0,0,0,0,0,1000,1000,1000,1000,0,0,0,0,0
2025-12-15 01:10:38.221,SERVO_OUTPUT_RAW,2193409853,SERVO_OUTPUT_RAW,0,0,0,0,0,0,0,0,1000,1000,1000,1000,0,0,0,0,0
2025-12-15 01:10:38.320,SERVO_OUTPUT_RAW,2193512097,SERVO_OUTPUT_RAW,0,0,0,0,0,0,0,0,1000,1000,1000,1000,0,0,0,0,0
2025-12-15 01:10:38.420,SERVO_OUTPUT_RAW,2193609816,SERVO_OUTPUT_RAW,0,0,0,0,0,0,0,0,1000,1000,1000,1000,0,0,0,0,0
2025-12-15 01:10:38.521,SERVO_OUTPUT_RAW,2193709852,SERVO_OUTPUT_RAW,0,0,0,0,0,0,0,0,1000,1000,1000,1000,0,0,0,0,0
2025-12-15 01:10:38.621,SERVO_OUTPUT_RAW,2193809837,SERVO_OUTPUT_RAW,0,0,0,0,0,0,0,0,1000,1000,1000,1000,0,0,0,0,0
2025-12-15 01:10:38.721,SERVO_OUTPUT_RAW,2193909785,SERVO_OUTPUT_RAW,0,0,0,0,0,0,0,0,1000,1000,1000,1000,0,0,0,0,0
2025-12-15 01:10:38.821,SERVO_OUTPUT_RAW,2194009810,SERVO_OUTPUT_RAW,0,0,0,0,0,0,0,0,1000,1000,1000,1000,0,0,0,0,0
2025-12-15 01:10:38.921,SERVO_OUTPUT_RAW,2194109813,SERVO_OUTPUT_RAW,0,0,0,0,0,0,0,0,1000,1000,1000,1000,0,0,0,0,0
2025-12-15 01:10:39.021,SERVO_OUTPUT_RAW,2194209785,SERVO_OUTPUT_RAW,0,0,0,0,0,0,0,0,1000,1000,1000,1000,0,0,0,0,0
2025-12-15 01:10:39.121,SERVO_OUTPUT_RAW,2194309786,SERVO_OUTPUT_RAW,0,0,0,0,0,0,0,0,1000,1000,1000,1000,0,0,0,0,0
2025-12-15 01:10:39.221,SERVO_OUTPUT_RAW,2194409797,SERVO_OUTPUT_RAW,0,0,0,0,0,0,0,0,1000,1000,1000,1000,0,0,0,0,0
2025-12-15 01:10:39.321,SERVO_OUTPUT_RAW,2194509809,SERVO_OUTPUT_RAW,0,0,0,0,0,0,0,0,1000,1000,1000,1000,0,0,0,0,0
2025-12-15 01:10:39.421,SERVO_OUTPUT_RAW,2194609782,SERVO_OUTPUT_RAW,0,0,0,0,0,0,0,0,1000,1000,1000,1000,0,0,0,0,0
2025-12-15 01:10:39.521,SERVO_OUTPUT_RAW,2194709814,SERVO_OUTPUT_RAW,0,0,0,0,0,0,0,0,1000,1000,1000,1000,0,0,0,0,0
2025-12-15 01:10:39.621,SERVO_OUTPUT_RAW,2194809840,SERVO_OUTPUT_RAW,0,0,0,0,0,0,0,0,1000,1000,1000,1000,0,0,0,0,0
2025-12-15 01:10:39.721,SERVO_OUTPUT_RAW,2194909839,SERVO_OUTPUT_RAW,0,0,0,0,0,0,0,0,1000,1000,1000,1000,0,0,0,0,0
2025-12-15 01:10:39.821,SERVO_OUTPUT_RAW,2195009803,SERVO_OUTPUT_RAW,0,0,0,0,0,0,0,0,1000,1000,1000,1000,0,0,0,0,0
2025-12-15 01:10:39.922,SERVO_OUTPUT_RAW,2195109895,SERVO_OUTPUT_RAW,0,0,0,0,0,0,0,0,1000,1000,1000,1000,0,0,0,0,0
2025-12-15 01:10:40.021,SERVO_OUTPUT_RAW,2195209818,SERVO_OUTPUT_RAW,0,0,0,0,0,0,0,0,1000,1000,1000,1000,0,0,0,0,0
2025-12-15 01:10:40.121,SERVO_OUTPUT_RAW,2195309857,SERVO_OUTPUT_RAW,0,0,0,0,0,0,0,0,1000,1000,1000,1000,0,0,0,0,0
2025-12-15 01:10:40.221,SERVO_OUTPUT_RAW,2195409897,SERVO_OUTPUT_RAW,0,0,0,0,0,0,0,0,1000,1000,1000,1000,0,0,0,0,0
2025-12-15 01:10:40.321,SERVO_OUTPUT_RAW,2195509781,SERVO_OUTPUT_RAW,0,0,0,0,0,0,0,0,1000,1000,1000,1000,0,0,0,0,0
2025-12-15 01:10:40.421,SERVO_OUTPUT_RAW,2195609820,SERVO_OUTPUT_RAW,0,0,0,0,0,0,0,0,1000,1000,1000,1000,0,0,0,0,0
2025-12-15 01:10:40.521,SERVO_OUTPUT_RAW,2195709805,SERVO_OUTPUT_RAW,0,0,0,0,0,0,0,0,1000,1000,1000,1000,0,0,0,0,0
2025-12-15 01:10:40.621,SERVO_OUTPUT_RAW,2195809786,SERVO_OUTPUT_RAW,0,0,0,0,0,0,0,0,1000,1000,1000,1000,0,0,0,0,0
2025-12-15 01:10:40.721,SERVO_OUTPUT_RAW,2195909788,SERVO_OUTPUT_RAW,0,0,0,0,0,0,0,0,1000,1000,1000,1000,0,0,0,0,0
2025-12-15 01:10:40.821,SERVO_OUTPUT_RAW,2196009798,SERVO_OUTPUT_RAW,0,0,0,0,0,0,0,0,1000,1000,1000,1000,0,0,0,0,0
2025-12-15 01:10:40.921,SERVO_OUTPUT_RAW,2196109821,SERVO_OUTPUT_RAW,0,0,0,0,0,0,0,0,1000,1000,1000,1000,0,0,0,0,0
2025-12-15 01:10:41.021,SERVO_OUTPUT_RAW,2196209803,SERVO_OUTPUT_RAW,0,0,0,0,0,0,0,0,1000,1000,1000,1000,0,0,0,0,0
2025-12-15 01:10:41.121,SERVO_OUTPUT_RAW,2196309802,SERVO_OUTPUT_RAW,0,0,0,0,0,0,0,0,1000,1000,1000,1000,0,0,0,0,0
2025-12-15 01:10:41.221,SERVO_OUTPUT_RAW,2196409878,SERVO_OUTPUT_RAW,0,0,0,0,0,0,0,0,1000,1000,1000,1000,0,0,0,0,0
2025-12-15 01:10:41.321,SERVO_OUTPUT_RAW,2196509812,SERVO_OUTPUT_RAW,0,0,0,0,0,0,0,0,1000,1000,1000,1000,0,0,0,0,0
2025-12-15 01:10:41.421,SERVO_OUTPUT_RAW,2196609790,SERVO_OUTPUT_RAW,0,0,0,0,0,0,0,0,1000,1000,1000,1000,0,0,0,0,0
2025-12-15 01:10:41.521,SERVO_OUTPUT_RAW,2196709806,SERVO_OUTPUT_RAW,0,0,0,0,0,0,0,0,1000,1000,1000,1000,0,0,0,0,0
2025-12-15 01:10:41.621,SERVO_OUTPUT_RAW,2196809827,SERVO_OUTPUT_RAW,0,0,0,0,0,0,0,0,1000,1000,1000,1000,0,0,0,0,0
2025-12-15 01:10:41.721,SERVO_OUTPUT_RAW,2196909852,SERVO_OUTPUT_RAW,0,0,0,0,0,0,0,0,1000,1000,1000,1000,0,0,0,0,0
2025-12-15 01:10:41.821,SERVO_OUTPUT_RAW,2197009777,SERVO_OUTPUT_RAW,0,0,0,0,0,0,0,0,1000,1000,1000,1000,0,0,0,0,0
2025-12-15 01:10:41.921,SERVO_OUTPUT_RAW,2197109814,SERVO_OUTPUT_RAW,0,0,0,0,0,0,0,0,1000,1000,1000,1000,0,0,0,0,0
2025-12-15 01:10:42.021,SERVO_OUTPUT_RAW,2197209826,SERVO_OUTPUT_RAW,0,0,0,0,0,0,0,0,1000,1000,1000,1000,0,0,0,0,0
2025-12-15 01:10:42.121,SERVO_OUTPUT_RAW,2197309772,SERVO_OUTPUT_RAW,0,0,0,0,0,0,0,0,1000,1000,1000,1000,0,0,0,0,0
2025-12-15 01:10:42.221,SERVO_OUTPUT_RAW,2197409793,SERVO_OUTPUT_RAW,0,0,0,0,0,0,0,0,1000,1000,1000,1000,0,0,0,0,0
2025-12-15 01:10:42.321,SERVO_OUTPUT_RAW,2197509850,SERVO_OUTPUT_RAW,0,0,0,0,0,0,0,0,1000,1000,1000,1000,0,0,0,0,0
2025-12-15 01:10:42.425,SERVO_OUTPUT_RAW,2197609786,SERVO_OUTPUT_RAW,0,0,0,0,0,0,0,0,1000,1000,1000,1000,0,0,0,0,0
2025-12-15 01:10:42.521,SERVO_OUTPUT_RAW,2197709786,SERVO_OUTPUT_RAW,0,0,0,0,0,0,0,0,1000,1000,1000,1000,0,0,0,0,0
2025-12-15 01:10:42.619,SERVO_OUTPUT_RAW,2197809788,SERVO_OUTPUT_RAW,0,0,0,0,0,0,0,0,1000,1000,1000,1000,0,0,0,0,0
2025-12-15 01:10:42.722,SERVO_OUTPUT_RAW,2197909836,SERVO_OUTPUT_RAW,0,0,0,0,0,0,0,0,1000,1000,1000,1000,0,0,0,0,0
2025-12-15 01:10:42.821,SERVO_OUTPUT_RAW,2198012129,SERVO_OUTPUT_RAW,0,0,0,0,0,0,0,0,1000,1000,1000,1000,0,0,0,0,0
2025-12-15 01:10:42.921,SERVO_OUTPUT_RAW,2198109804,SERVO_OUTPUT_RAW,0,0,0,0,0,0,0,0,1000,1000,1000,1000,0,0,0,0,0
2025-12-15 01:10:43.021,SERVO_OUTPUT_RAW,2198209794,SERVO_OUTPUT_RAW,0,0,0,0,0,0,0,0,1000,1000,1000,1000,0,0,0,0,0
2025-12-15 01:10:43.121,SERVO_OUTPUT_RAW,2198309810,SERVO_OUTPUT_RAW,0,0,0,0,0,0,0,0,1000,1000,1000,1000,0,0,0,0,0
2025-12-15 01:10:43.221,SERVO_OUTPUT_RAW,2198409856,SERVO_OUTPUT_RAW,0,0,0,0,0,0,0,0,1000,1000,1000,1000,0,0,0,0,0
2025-12-15 01:10:43.322,SERVO_OUTPUT_RAW,2198509781,SERVO_OUTPUT_RAW,0,0,0,0,0,0,0,0,1000,1000,1000,1000,0,0,0,0,0
2025-12-15 01:10:43.421,SERVO_OUTPUT_RAW,2198609785,SERVO_OUTPUT_RAW,0,0,0,0,0,0,0,0,1000,1000,1000,1000,0,0,0,0,0
2025-12-15 01:10:43.521,SERVO_OUTPUT_RAW,2198709799,SERVO_OUTPUT_RAW,0,0,0,0,0,0,0,0,1000,1000,1000,1000,0,0,0,0,0
2025-12-15 01:10:43.622,SERVO_OUTPUT_RAW,2198809815,SERVO_OUTPUT_RAW,0,0,0,0,0,0,0,0,1000,1000,1000,1000,0,0,0,0,0
2025-12-15 01:10:43.721,SERVO_OUTPUT_RAW,2198909870,SERVO_OUTPUT_RAW,0,0,0,0,0,0,0,0,1000,1000,1000,1000,0,0,0,0,0
2025-12-15 01:10:43.821,SERVO_OUTPUT_RAW,2199009797,SERVO_OUTPUT_RAW,0,0,0,0,0,0,0,0,1000,1000,1000,1000,0,0,0,0,0
2025-12-15 01:10:43.920,SERVO_OUTPUT_RAW,2199109788,SERVO_OUTPUT_RAW,0,0,0,0,0,0,0,0,1000,1000,1000,1000,0,0,0,0,0
2025-12-15 01:10:44.020,SERVO_OUTPUT_RAW,2199209795,SERVO_OUTPUT_RAW,0,0,0,0,0,0,0,0,1000,1000,1000,1000,0,0,0,0,0
2025-12-15 01:10:44.120,SERVO_OUTPUT_RAW,2199309795,SERVO_OUTPUT_RAW,0,0,0,0,0,0,0,0,1000,1000,1000,1000,0,0,0,0,0
2025-12-15 01:10:44.220,SERVO_OUTPUT_RAW,2199409817,SERVO_OUTPUT_RAW,0,0,0,0,0,0,0,0,1000,1000,1000,1000,0,0,0,0,0
2025-12-15 01:10:44.320,SERVO_OUTPUT_RAW,2199509829,SERVO_OUTPUT_RAW,0,0,0,0,0,0,0,0,1000,1000,1000,1000,0,0,0,0,0
2025-12-15 01:10:44.420,SERVO_OUTPUT_RAW,2199609797,SERVO_OUTPUT_RAW,0,0,0,0,0,0,0,0,1000,1000,1000,1000,0,0,0,0,0
2025-12-15 01:10:44.520,SERVO_OUTPUT_RAW,2199709793,SERVO_OUTPUT_RAW,0,0,0,0,0,0,0,0,1000,1000,1000,1000,0,0,0,0,0
2025-12-15 01:10:44.620,SERVO_OUTPUT_RAW,2199809838,SERVO_OUTPUT_RAW,0,0,0,0,0,0,0,0,1000,1000,1000,1000,0,0,0,0,0
2025-12-15 01:10:44.720,SERVO_OUTPUT_RAW,2199909832,SERVO_OUTPUT_RAW,0,0,0,0,0,0,0,0,1000,1000,1000,1000,0,0,0,0,0
2025-12-15 01:10:44.820,SERVO_OUTPUT_RAW,2200009831,SERVO_OUTPUT_RAW,0,0,0,0,0,0,0,0,1000,1000,1000,1000,0,0,0,0,0
2025-12-15 01:10:44.920,SERVO_OUTPUT_RAW,2200109784,SERVO_OUTPUT_RAW,0,0,0,0,0,0,0,0,1000,1000,1000,1000,0,0,0,0,0
2025-12-15 01:10:45.020,SERVO_OUTPUT_RAW,2200209798,SERVO_OUTPUT_RAW,0,0,0,0,0,0,0,0,1000,1000,1000,1000,0,0,0,0,0
2025-12-15 01:10:45.121,SERVO_OUTPUT_RAW,2200309829,SERVO_OUTPUT_RAW,0,0,0,0,0,0,0,0,1000,1000,1000,1000,0,0,0,0,0
2025-12-15 01:10:45.220,SERVO_OUTPUT_RAW,2200409827,SERVO_OUTPUT_RAW,0,0,0,0,0,0,0,0,1000,1000,1000,1000,0,0,0,0,0
2025-12-15 01:10:45.320,SERVO_OUTPUT_RAW,2200509790,SERVO_OUTPUT_RAW,0,0,0,0,0,0,0,0,1000,1000,1000,1000,0,0,0,0,0
2025-12-15 01:10:45.420,SERVO_OUTPUT_RAW,2200609789,SERVO_OUTPUT_RAW,0,0,0,0,0,0,0,0,1000,1000,1000,1000,0,0,0,0,0
2025-12-15 01:10:45.520,SERVO_OUTPUT_RAW,2200709808,SERVO_OUTPUT_RAW,0,0,0,0,0,0,0,0,1000,1000,1000,1000,0,0,0,0,0
2025-12-15 01:10:45.621,SERVO_OUTPUT_RAW,2200809784,SERVO_OUTPUT_RAW,0,0,0,0,0,0,0,0,1000,1000,1000,1000,0,0,0,0,0
2025-12-15 01:10:45.721,SERVO_OUTPUT_RAW,2200912129,SERVO_OUTPUT_RAW,0,0,0,0,0,0,0,0,1000,1000,1000,1000,0,0,0,0,0
2025-12-15 01:10:45.820,SERVO_OUTPUT_RAW,2201009808,SERVO_OUTPUT_RAW,0,0,0,0,0,0,0,0,1000,1000,1000,1000,0,0,0,0,0
2025-12-15 01:10:45.920,SERVO_OUTPUT_RAW,2201109822,SERVO_OUTPUT_RAW,0,0,0,0,0,0,0,0,1000,1000,1000,1000,0,0,0,0,0
2025-12-15 01:10:46.021,SERVO_OUTPUT_RAW,2201209796,SERVO_OUTPUT_RAW,0,0,0,0,0,0,0,0,1000,1000,1000,1000,0,0,0,0,0
2025-12-15 01:10:46.121,SERVO_OUTPUT_RAW,2201309789,SERVO_OUTPUT_RAW,0,0,0,0,0,0,0,0,1000,1000,1000,1000,0,0,0,0,0
2025-12-15 01:10:46.221,SERVO_OUTPUT_RAW,2201409842,SERVO_OUTPUT_RAW,0,0,0,0,0,0,0,0,1000,1000,1000,1000,0,0,0,0,0
2025-12-15 01:10:46.321,SERVO_OUTPUT_RAW,2201509846,SERVO_OUTPUT_RAW,0,0,0,0,0,0,0,0,1000,1000,1000,1000,0,0,0,0,0
2025-12-15 01:10:46.421,SERVO_OUTPUT_RAW,2201609860,SERVO_OUTPUT_RAW,0,0,0,0,0,0,0,0,1000,1000,1000,1000,0,0,0,0,0
2025-12-15 01:10:46.521,SERVO_OUTPUT_RAW,2201709907,SERVO_OUTPUT_RAW,0,0,0,0,0,0,0,0,1000,1000,1000,1000,0,0,0,0,0
2025-12-15 01:10:46.621,SERVO_OUTPUT_RAW,2201809804,SERVO_OUTPUT_RAW,0,0,0,0,0,0,0,0,1000,1000,1000,1000,0,0,0,0,0
2025-12-15 01:10:46.721,SERVO_OUTPUT_RAW,2201909850,SERVO_OUTPUT_RAW,0,0,0,0,0,0,0,0,1000,1000,1000,1000,0,0,0,0,0
2025-12-15 01:10:46.821,SERVO_OUTPUT_RAW,2202009788,SERVO_OUTPUT_RAW,0,0,0,0,0,0,0,0,1000,1000,1000,1000,0,0,0,0,0
2025-12-15 01:10:46.921,SERVO_OUTPUT_RAW,2202109783,SERVO_OUTPUT_RAW,0,0,0,0,0,0,0,0,1000,1000,1000,1000,0,0,0,0,0
2025-12-15 01:10:47.021,SERVO_OUTPUT_RAW,2202209797,SERVO_OUTPUT_RAW,0,0,0,0,0,0,0,0,1000,1000,1000,1000,0,0,0,0,0
2025-12-15 01:10:47.121,SERVO_OUTPUT_RAW,2202309788,SERVO_OUTPUT_RAW,0,0,0,0,0,0,0,0,1000,1000,1000,1000,0,0,0,0,0
2025-12-15 01:10:47.221,SERVO_OUTPUT_RAW,2202409789,SERVO_OUTPUT_RAW,0,0,0,0,0,0,0,0,1000,1000,1000,1000,0,0,0,0,0
2025-12-15 01:10:47.321,SERVO_OUTPUT_RAW,2202509796,SERVO_OUTPUT_RAW,0,0,0,0,0,0,0,0,1000,1000,1000,1000,0,0,0,0,0
2025-12-15 01:10:47.422,SERVO_OUTPUT_RAW,2202609829,SERVO_OUTPUT_RAW,0,0,0,0,0,0,0,0,1000,1000,1000,1000,0,0,0,0,0
2025-12-15 01:10:47.521,SERVO_OUTPUT_RAW,2202709837,SERVO_OUTPUT_RAW,0,0,0,0,0,0,0,0,1000,1000,1000,1000,0,0,0,0,0
2025-12-15 01:10:47.621,SERVO_OUTPUT_RAW,2202809803,SERVO_OUTPUT_RAW,0,0,0,0,0,0,0,0,1000,1000,1000,1000,0,0,0,0,0
2025-12-15 01:10:47.721,SERVO_OUTPUT_RAW,2202909829,SERVO_OUTPUT_RAW,0,0,0,0,0,0,0,0,1000,1000,1000,1000,0,0,0,0,0
2025-12-15 01:10:47.821,SERVO_OUTPUT_RAW,2203009824,SERVO_OUTPUT_RAW,0,0,0,0,0,0,0,0,1000,1000,1000,1000,0,0,0,0,0
2025-12-15 01:10:47.921,SERVO_OUTPUT_RAW,2203109842,SERVO_OUTPUT_RAW,0,0,0,0,0,0,0,0,1000,1000,1000,1000,0,0,0,0,0
2025-12-15 01:10:48.021,SERVO_OUTPUT_RAW,2203209856,SERVO_OUTPUT_RAW,0,0,0,0,0,0,0,0,1000,1000,1000,1000,0,0,0,0,0
2025-12-15 01:10:48.121,SERVO_OUTPUT_RAW,2203309784,SERVO_OUTPUT_RAW,0,0,0,0,0,0,0,0,1000,1000,1000,1000,0,0,0,0,0
2025-12-15 01:10:48.221,SERVO_OUTPUT_RAW,2203409867,SERVO_OUTPUT_RAW,0,0,0,0,0,0,0,0,1000,1000,1000,1000,0,0,0,0,0
2025-12-15 01:10:48.321,SERVO_OUTPUT_RAW,2203509813,SERVO_OUTPUT_RAW,0,0,0,0,0,0,0,0,1000,1000,1000,1000,0,0,0,0,0
2025-12-15 01:10:48.421,SERVO_OUTPUT_RAW,2203609775,SERVO_OUTPUT_RAW,0,0,0,0,0,0,0,0,1000,1000,1000,1000,0,0,0,0,0
2025-12-15 01:10:48.521,SERVO_OUTPUT_RAW,2203709793,SERVO_OUTPUT_RAW,0,0,0,0,0,0,0,0,1000,1000,1000,1000,0,0,0,0,0
2025-12-15 01:10:48.621,SERVO_OUTPUT_RAW,2203809856,SERVO_OUTPUT_RAW,0,0,0,0,0,0,0,0,1000,1000,1000,1000,0,0,0,0,0
2025-12-15 01:10:48.721,SERVO_OUTPUT_RAW,2203909792,SERVO_OUTPUT_RAW,0,0,0,0,0,0,0,0,1000,1000,1000,1000,0,0,0,0,0
2025-12-15 01:10:48.821,SERVO_OUTPUT_RAW,2204009791,SERVO_OUTPUT_RAW,0,0,0,0,0,0,0,0,1000,1000,1000,1000,0,0,0,0,0
2025-12-15 01:10:48.921,SERVO_OUTPUT_RAW,2204109790,SERVO_OUTPUT_RAW,0,0,0,0,0,0,0,0,1000,1000,1000,1000,0,0,0,0,0
2025-12-15 01:10:49.021,SERVO_OUTPUT_RAW,2204212155,SERVO_OUTPUT_RAW,0,0,0,0,0,0,0,0,1000,1000,1000,1000,0,0,0,0,0
2025-12-15 01:10:49.121,SERVO_OUTPUT_RAW,2204312148,SERVO_OUTPUT_RAW,0,0,0,0,0,0,0,0,1000,1000,1000,1000,0,0,0,0,0
2025-12-15 01:10:49.221,SERVO_OUTPUT_RAW,2204409816,SERVO_OUTPUT_RAW,0,0,0,0,0,0,0,0,1000,1000,1000,1000,0,0,0,0,0
2025-12-15 01:10:49.321,SERVO_OUTPUT_RAW,2204509834,SERVO_OUTPUT_RAW,0,0,0,0,0,0,0,0,1000,1000,1000,1000,0,0,0,0,0
2025-12-15 01:10:49.421,SERVO_OUTPUT_RAW,2204609822,SERVO_OUTPUT_RAW,0,0,0,0,0,0,0,0,1000,1000,1000,1000,0,0,0,0,0
2025-12-15 01:10:49.521,SERVO_OUTPUT_RAW,2204709849,SERVO_OUTPUT_RAW,0,0,0,0,0,0,0,0,1000,1000,1000,1000,0,0,0,0,0
2025-12-15 01:10:49.621,SERVO_OUTPUT_RAW,2204809874,SERVO_OUTPUT_RAW,0,0,0,0,0,0,0,0,1000,1000,1000,1000,0,0,0,0,0
2025-12-15 01:10:49.721,SERVO_OUTPUT_RAW,2204909807,SERVO_OUTPUT_RAW,0,0,0,0,0,0,0,0,1000,1000,1000,1000,0,0,0,0,0
2025-12-15 01:10:49.821,SERVO_OUTPUT_RAW,2205009824,SERVO_OUTPUT_RAW,0,0,0,0,0,0,0,0,1000,1000,1000,1000,0,0,0,0,0
2025-12-15 01:10:49.922,SERVO_OUTPUT_RAW,2205109838,SERVO_OUTPUT_RAW,0,0,0,0,0,0,0,0,1000,1000,1000,1000,0,0,0,0,0
2025-12-15 01:10:50.021,SERVO_OUTPUT_RAW,2205209797,SERVO_OUTPUT_RAW,0,0,0,0,0,0,0,0,1000,1000,1000,1000,0,0,0,0,0
2025-12-15 01:10:50.121,SERVO_OUTPUT_RAW,2205309786,SERVO_OUTPUT_RAW,0,0,0,0,0,0,0,0,1000,1000,1000,1000,0,0,0,0,0
2025-12-15 01:10:50.221,SERVO_OUTPUT_RAW,2205409796,SERVO_OUTPUT_RAW,0,0,0,0,0,0,0,0,1000,1000,1000,1000,0,0,0,0,0
2025-12-15 01:10:50.321,SERVO_OUTPUT_RAW,2205509774,SERVO_OUTPUT_RAW,0,0,0,0,0,0,0,0,1000,1000,1000,1000,0,0,0,0,0
2025-12-15 01:10:50.421,SERVO_OUTPUT_RAW,2205609793,SERVO_OUTPUT_RAW,0,0,0,0,0,0,0,0,1000,1000,1000,1000,0,0,0,0,0
2025-12-15 01:10:50.521,SERVO_OUTPUT_RAW,2205709810,SERVO_OUTPUT_RAW,0,0,0,0,0,0,0,0,1000,1000,1000,1000,0,0,0,0,0
2025-12-15 01:10:50.622,SERVO_OUTPUT_RAW,2205809836,SERVO_OUTPUT_RAW,0,0,0,0,0,0,0,0,1000,1000,1000,1000,0,0,0,0,0
2025-12-15 01:10:50.722,SERVO_OUTPUT_RAW,2205912159,SERVO_OUTPUT_RAW,0,0,0,0,0,0,0,0,1000,1000,1000,1000,0,0,0,0,0
2025-12-15 01:10:50.821,SERVO_OUTPUT_RAW,2206009784,SERVO_OUTPUT_RAW,0,0,0,0,0,0,0,0,1000,1000,1000,1000,0,0,0,0,0
2025-12-15 01:10:50.922,SERVO_OUTPUT_RAW,2206109846,SERVO_OUTPUT_RAW,0,0,0,0,0,0,0,0,1000,1000,1000,1000,0,0,0,0,0
2025-12-15 01:10:51.022,SERVO_OUTPUT_RAW,2206209847,SERVO_OUTPUT_RAW,0,0,0,0,0,0,0,0,1000,1000,1000,1000,0,0,0,0,0
2025-12-15 01:10:51.121,SERVO_OUTPUT_RAW,2206309849,SERVO_OUTPUT_RAW,0,0,0,0,0,0,0,0,1000,1000,1000,1000,0,0,0,0,0
2025-12-15 01:10:51.221,SERVO_OUTPUT_RAW,2206409791,SERVO_OUTPUT_RAW,0,0,0,0,0,0,0,0,1000,1000,1000,1000,0,0,0,0,0
2025-12-15 01:10:51.321,SERVO_OUTPUT_RAW,2206509810,SERVO_OUTPUT_RAW,0,0,0,0,0,0,0,0,1000,1000,1000,1000,0,0,0,0,0
2025-12-15 01:10:51.421,SERVO_OUTPUT_RAW,2206609809,SERVO_OUTPUT_RAW,0,0,0,0,0,0,0,0,1000,1000,1000,1000,0,0,0,0,0
2025-12-15 01:10:51.521,SERVO_OUTPUT_RAW,2206709793,SERVO_OUTPUT_RAW,0,0,0,0,0,0,0,0,1000,1000,1000,1000,0,0,0,0,0
2025-12-15 01:10:51.621,SERVO_OUTPUT_RAW,2206809773,SERVO_OUTPUT_RAW,0,0,0,0,0,0,0,0,1000,1000,1000,1000,0,0,0,0,0
2025-12-15 01:10:51.721,SERVO_OUTPUT_RAW,2206909790,SERVO_OUTPUT_RAW,0,0,0,0,0,0,0,0,1000,1000,1000,1000,0,0,0,0,0
2025-12-15 01:10:51.821,SERVO_OUTPUT_RAW,2207009788,SERVO_OUTPUT_RAW,0,0,0,0,0,0,0,0,1000,1000,1000,1000,0,0,0,0,0
2025-12-15 01:10:51.921,SERVO_OUTPUT_RAW,2207112120,SERVO_OUTPUT_RAW,0,0,0,0,0,0,0,0,1000,1000,1000,1000,0,0,0,0,0
2025-12-15 01:10:52.021,SERVO_OUTPUT_RAW,2207209800,SERVO_OUTPUT_RAW,0,0,0,0,0,0,0,0,1000,1000,1000,1000,0,0,0,0,0
2025-12-15 01:10:52.121,SERVO_OUTPUT_RAW,2207309840,SERVO_OUTPUT_RAW,0,0,0,0,0,0,0,0,1000,1000,1000,1000,0,0,0,0,0
2025-12-15 01:10:52.221,SERVO_OUTPUT_RAW,2207409870,SERVO_OUTPUT_RAW,0,0,0,0,0,0,0,0,1000,1000,1000,1000,0,0,0,0,0
2025-12-15 01:10:52.321,SERVO_OUTPUT_RAW,2207509808,SERVO_OUTPUT_RAW,0,0,0,0,0,0,0,0,1000,1000,1000,1000,0,0,0,0,0
2025-12-15 01:10:52.421,SERVO_OUTPUT_RAW,2207609798,SERVO_OUTPUT_RAW,0,0,0,0,0,0,0,0,1000,1000,1000,1000,0,0,0,0,0
2025-12-15 01:10:52.522,SERVO_OUTPUT_RAW,2207709856,SERVO_OUTPUT_RAW,0,0,0,0,0,0,0,0,1000,1000,1000,1000,0,0,0,0,0
2025-12-15 01:10:52.621,SERVO_OUTPUT_RAW,2207809835,SERVO_OUTPUT_RAW,0,0,0,0,0,0,0,0,1000,1000,1000,1000,0,0,0,0,0
2025-12-15 01:10:52.721,SERVO_OUTPUT_RAW,2207909783,SERVO_OUTPUT_RAW,0,0,0,0,0,0,0,0,1000,1000,1000,1000,0,0,0,0,0
2025-12-15 01:10:52.822,SERVO_OUTPUT_RAW,2208009906,SERVO_OUTPUT_RAW,0,0,0,0,0,0,0,0,1000,1000,1000,1000,0,0,0,0,0
2025-12-15 01:10:52.921,SERVO_OUTPUT_RAW,2208109814,SERVO_OUTPUT_RAW,0,0,0,0,0,0,0,0,1000,1000,1000,1000,0,0,0,0,0
2025-12-15 01:10:53.021,SERVO_OUTPUT_RAW,2208209817,SERVO_OUTPUT_RAW,0,0,0,0,0,0,0,0,1000,1000,1000,1000,0,0,0,0,0
2025-12-15 01:10:53.121,SERVO_OUTPUT_RAW,2208309791,SERVO_OUTPUT_RAW,0,0,0,0,0,0,0,0,1000,1000,1000,1000,0,0,0,0,0
2025-12-15 01:10:53.220,SERVO_OUTPUT_RAW,2208409788,SERVO_OUTPUT_RAW,0,0,0,0,0,0,0,0,1000,1000,1000,1000,0,0,0,0,0
2025-12-15 01:10:53.321,SERVO_OUTPUT_RAW,2208509797,SERVO_OUTPUT_RAW,0,0,0,0,0,0,0,0,1000,1000,1000,1000,0,0,0,0,0
2025-12-15 01:10:53.420,SERVO_OUTPUT_RAW,2208609785,SERVO_OUTPUT_RAW,0,0,0,0,0,0,0,0,1000,1000,1000,1000,0,0,0,0,0
2025-12-15 01:10:53.520,SERVO_OUTPUT_RAW,2208709803,SERVO_OUTPUT_RAW,0,0,0,0,0,0,0,0,1000,1000,1000,1000,0,0,0,0,0
2025-12-15 01:10:53.620,SERVO_OUTPUT_RAW,2208809843,SERVO_OUTPUT_RAW,0,0,0,0,0,0,0,0,1000,1000,1000,1000,0,0,0,0,0
2025-12-15 01:10:53.720,SERVO_OUTPUT_RAW,2208909825,SERVO_OUTPUT_RAW,0,0,0,0,0,0,0,0,1000,1000,1000,1000,0,0,0,0,0
2025-12-15 01:10:53.821,SERVO_OUTPUT_RAW,2209009797,SERVO_OUTPUT_RAW,0,0,0,0,0,0,0,0,1000,1000,1000,1000,0,0,0,0,0
2025-12-15 01:10:53.921,SERVO_OUTPUT_RAW,2209109779,SERVO_OUTPUT_RAW,0,0,0,0,0,0,0,0,1000,1000,1000,1000,0,0,0,0,0
2025-12-15 01:10:54.021,SERVO_OUTPUT_RAW,2209209801,SERVO_OUTPUT_RAW,0,0,0,0,0,0,0,0,1000,1000,1000,1000,0,0,0,0,0
2025-12-15 01:10:54.121,SERVO_OUTPUT_RAW,2209309848,SERVO_OUTPUT_RAW,0,0,0,0,0,0,0,0,1000,1000,1000,1000,0,0,0,0,0
2025-12-15 01:10:54.221,SERVO_OUTPUT_RAW,2209409845,SERVO_OUTPUT_RAW,0,0,0,0,0,0,0,0,1000,1000,1000,1000,0,0,0,0,0
2025-12-15 01:10:54.321,SERVO_OUTPUT_RAW,2209509789,SERVO_OUTPUT_RAW,0,0,0,0,0,0,0,0,1000,1000,1000,1000,0,0,0,0,0
2025-12-15 01:10:54.421,SERVO_OUTPUT_RAW,2209609808,SERVO_OUTPUT_RAW,0,0,0,0,0,0,0,0,1000,1000,1000,1000,0,0,0,0,0
2025-12-15 01:10:54.521,SERVO_OUTPUT_RAW,2209709829,SERVO_OUTPUT_RAW,0,0,0,0,0,0,0,0,1000,1000,1000,1000,0,0,0,0,0
2025-12-15 01:10:54.621,SERVO_OUTPUT_RAW,2209809784,SERVO_OUTPUT_RAW,0,0,0,0,0,0,0,0,1000,1000,1000,1000,0,0,0,0,0
2025-12-15 01:10:54.721,SERVO_OUTPUT_RAW,2209909779,SERVO_OUTPUT_RAW,0,0,0,0,0,0,0,0,1000,1000,1000,1000,0,0,0,0,0
2025-12-15 01:10:54.821,SERVO_OUTPUT_RAW,2210009792,SERVO_OUTPUT_RAW,0,0,0,0,0,0,0,0,1000,1000,1000,1000,0,0,0,0,0
2025-12-15 01:10:54.922,SERVO_OUTPUT_RAW,2210109837,SERVO_OUTPUT_RAW,0,0,0,0,0,0,0,0,1000,1000,1000,1000,0,0,0,0,0
2025-12-15 01:10:55.021,SERVO_OUTPUT_RAW,2210209777,SERVO_OUTPUT_RAW,0,0,0,0,0,0,0,0,1000,1000,1000,1000,0,0,0,0,0
2025-12-15 01:10:55.122,SERVO_OUTPUT_RAW,2210309796,SERVO_OUTPUT_RAW,0,0,0,0,0,0,0,0,1000,1000,1000,1000,0,0,0,0,0
2025-12-15 01:10:55.221,SERVO_OUTPUT_RAW,2210409821,SERVO_OUTPUT_RAW,0,0,0,0,0,0,0,0,1000,1000,1000,1000,0,0,0,0,0
2025-12-15 01:10:55.321,SERVO_OUTPUT_RAW,2210509794,SERVO_OUTPUT_RAW,0,0,0,0,0,0,0,0,1000,1000,1000,1000,0,0,0,0,0
2025-12-15 01:10:55.421,SERVO_OUTPUT_RAW,2210612183,SERVO_OUTPUT_RAW,0,0,0,0,0,0,0,0,1000,1000,1000,1000,0,0,0,0,0
2025-12-15 01:10:55.521,SERVO_OUTPUT_RAW,2210709794,SERVO_OUTPUT_RAW,0,0,0,0,0,0,0,0,1000,1000,1000,1000,0,0,0,0,0
2025-12-15 01:10:55.621,SERVO_OUTPUT_RAW,2210809826,SERVO_OUTPUT_RAW,0,0,0,0,0,0,0,0,1000,1000,1000,1000,0,0,0,0,0
2025-12-15 01:10:55.721,SERVO_OUTPUT_RAW,2210909846,SERVO_OUTPUT_RAW,0,0,0,0,0,0,0,0,1000,1000,1000,1000,0,0,0,0,0
2025-12-15 01:10:55.821,SERVO_OUTPUT_RAW,2211009857,SERVO_OUTPUT_RAW,0,0,0,0,0,0,0,0,1000,1000,1000,1000,0,0,0,0,0
2025-12-15 01:10:55.921,SERVO_OUTPUT_RAW,2211109788,SERVO_OUTPUT_RAW,0,0,0,0,0,0,0,0,1000,1000,1000,1000,0,0,0,0,0
2025-12-15 01:10:56.021,SERVO_OUTPUT_RAW,2211209817,SERVO_OUTPUT_RAW,0,0,0,0,0,0,0,0,1000,1000,1000,1000,0,0,0,0,0
2025-12-15 01:10:56.121,SERVO_OUTPUT_RAW,2211309826,SERVO_OUTPUT_RAW,0,0,0,0,0,0,0,0,1000,1000,1000,1000,0,0,0,0,0
2025-12-15 01:10:56.221,SERVO_OUTPUT_RAW,2211409789,SERVO_OUTPUT_RAW,0,0,0,0,0,0,0,0,1000,1000,1000,1000,0,0,0,0,0
2025-12-15 01:10:56.321,SERVO_OUTPUT_RAW,2211509798,SERVO_OUTPUT_RAW,0,0,0,0,0,0,0,0,1000,1000,1000,1000,0,0,0,0,0
2025-12-15 01:10:56.421,SERVO_OUTPUT_RAW,2211609805,SERVO_OUTPUT_RAW,0,0,0,0,0,0,0,0,1000,1000,1000,1000,0,0,0,0,0
2025-12-15 01:10:56.521,SERVO_OUTPUT_RAW,2211709783,SERVO_OUTPUT_RAW,0,0,0,0,0,0,0,0,1000,1000,1000,1000,0,0,0,0,0
2025-12-15 01:10:56.622,SERVO_OUTPUT_RAW,2211809799,SERVO_OUTPUT_RAW,0,0,0,0,0,0,0,0,1000,1000,1000,1000,0,0,0,0,0
2025-12-15 01:10:56.721,SERVO_OUTPUT_RAW,2211909812,SERVO_OUTPUT_RAW,0,0,0,0,0,0,0,0,1000,1000,1000,1000,0,0,0,0,0
2025-12-15 01:10:56.821,SERVO_OUTPUT_RAW,2212009827,SERVO_OUTPUT_RAW,0,0,0,0,0,0,0,0,1000,1000,1000,1000,0,0,0,0,0
2025-12-15 01:10:56.921,SERVO_OUTPUT_RAW,2212109854,SERVO_OUTPUT_RAW,0,0,0,0,0,0,0,0,1000,1000,1000,1000,0,0,0,0,0
2025-12-15 01:10:57.021,SERVO_OUTPUT_RAW,2212212138,SERVO_OUTPUT_RAW,0,0,0,0,0,0,0,0,1000,1000,1000,1000,0,0,0,0,0
2025-12-15 01:10:57.122,SERVO_OUTPUT_RAW,2212309834,SERVO_OUTPUT_RAW,0,0,0,0,0,0,0,0,1000,1000,1000,1000,0,0,0,0,0
2025-12-15 01:10:57.221,SERVO_OUTPUT_RAW,2212409841,SERVO_OUTPUT_RAW,0,0,0,0,0,0,0,0,1000,1000,1000,1000,0,0,0,0,0
2025-12-15 01:10:57.321,SERVO_OUTPUT_RAW,2212509847,SERVO_OUTPUT_RAW,0,0,0,0,0,0,0,0,1000,1000,1000,1000,0,0,0,0,0
2025-12-15 01:10:57.422,SERVO_OUTPUT_RAW,2212609782,SERVO_OUTPUT_RAW,0,0,0,0,0,0,0,0,1000,1000,1000,1000,0,0,0,0,0
2025-12-15 01:10:57.520,SERVO_OUTPUT_RAW,2212709794,SERVO_OUTPUT_RAW,0,0,0,0,0,0,0,0,1000,1000,1000,1000,0,0,0,0,0
2025-12-15 01:10:57.621,SERVO_OUTPUT_RAW,2212809826,SERVO_OUTPUT_RAW,0,0,0,0,0,0,0,0,1000,1000,1000,1000,0,0,0,0,0
2025-12-15 01:10:57.721,SERVO_OUTPUT_RAW,2212909847,SERVO_OUTPUT_RAW,0,0,0,0,0,0,0,0,1000,1000,1000,1000,0,0,0,0,0
2025-12-15 01:10:57.822,SERVO_OUTPUT_RAW,2213009779,SERVO_OUTPUT_RAW,0,0,0,0,0,0,0,0,1000,1000,1000,1000,0,0,0,0,0
2025-12-15 01:10:57.921,SERVO_OUTPUT_RAW,2213109796,SERVO_OUTPUT_RAW,0,0,0,0,0,0,0,0,1000,1000,1000,1000,0,0,0,0,0
2025-12-15 01:10:58.021,SERVO_OUTPUT_RAW,2213209783,SERVO_OUTPUT_RAW,0,0,0,0,0,0,0,0,1000,1000,1000,1000,0,0,0,0,0
2025-12-15 01:10:58.121,SERVO_OUTPUT_RAW,2213309802,SERVO_OUTPUT_RAW,0,0,0,0,0,0,0,0,1000,1000,1000,1000,0,0,0,0,0
2025-12-15 01:10:58.221,SERVO_OUTPUT_RAW,2213409793,SERVO_OUTPUT_RAW,0,0,0,0,0,0,0,0,1000,1000,1000,1000,0,0,0,0,0
2025-12-15 01:10:58.321,SERVO_OUTPUT_RAW,2213509845,SERVO_OUTPUT_RAW,0,0,0,0,0,0,0,0,1000,1000,1000,1000,0,0,0,0,0
2025-12-15 01:10:58.421,SERVO_OUTPUT_RAW,2213609786,SERVO_OUTPUT_RAW,0,0,0,0,0,0,0,0,1000,1000,1000,1000,0,0,0,0,0
2025-12-15 01:10:58.521,SERVO_OUTPUT_RAW,2213709856,SERVO_OUTPUT_RAW,0,0,0,0,0,0,0,0,1000,1000,1000,1000,0,0,0,0,0
2025-12-15 01:10:58.621,SERVO_OUTPUT_RAW,2213809817,SERVO_OUTPUT_RAW,0,0,0,0,0,0,0,0,1000,1000,1000,1000,0,0,0,0,0
2025-12-15 01:10:58.721,SERVO_OUTPUT_RAW,2213909825,SERVO_OUTPUT_RAW,0,0,0,0,0,0,0,0,1000,1000,1000,1000,0,0,0,0,0
2025-12-15 01:10:58.822,SERVO_OUTPUT_RAW,2214009843,SERVO_OUTPUT_RAW,0,0,0,0,0,0,0,0,1000,1000,1000,1000,0,0,0,0,0
2025-12-15 01:10:58.922,SERVO_OUTPUT_RAW,2214109837,SERVO_OUTPUT_RAW,0,0,0,0,0,0,0,0,1000,1000,1000,1000,0,0,0,0,0
2025-12-15 01:10:59.021,SERVO_OUTPUT_RAW,2214209798,SERVO_OUTPUT_RAW,0,0,0,0,0,0,0,0,1000,1000,1000,1000,0,0,0,0,0
2025-12-15 01:10:59.121,SERVO_OUTPUT_RAW,2214312065,SERVO_OUTPUT_RAW,0,0,0,0,0,0,0,0,1000,1000,1000,1000,0,0,0,0,0
2025-12-15 01:10:59.221,SERVO_OUTPUT_RAW,2214409817,SERVO_OUTPUT_RAW,0,0,0,0,0,0,0,0,1000,1000,1000,1000,0,0,0,0,0
2025-12-15 01:10:59.321,SERVO_OUTPUT_RAW,2214509834,SERVO_OUTPUT_RAW,0,0,0,0,0,0,0,0,1000,1000,1000,1000,0,0,0,0,0
2025-12-15 01:10:59.421,SERVO_OUTPUT_RAW,2214609782,SERVO_OUTPUT_RAW,0,0,0,0,0,0,0,0,1000,1000,1000,1000,0,0,0,0,0
2025-12-15 01:10:59.521,SERVO_OUTPUT_RAW,2214709785,SERVO_OUTPUT_RAW,0,0,0,0,0,0,0,0,1000,1000,1000,1000,0,0,0,0,0
2025-12-15 01:10:59.622,SERVO_OUTPUT_RAW,2214809797,SERVO_OUTPUT_RAW,0,0,0,0,0,0,0,0,1000,1000,1000,1000,0,0,0,0,0
2025-12-15 01:10:59.722,SERVO_OUTPUT_RAW,2214909783,SERVO_OUTPUT_RAW,0,0,0,0,0,0,0,0,1000,1000,1000,1000,0,0,0,0,0
2025-12-15 01:10:59.821,SERVO_OUTPUT_RAW,2215009797,SERVO_OUTPUT_RAW,0,0,0,0,0,0,0,0,1000,1000,1000,1000,0,0,0,0,0
2025-12-15 01:10:59.921,SERVO_OUTPUT_RAW,2215109845,SERVO_OUTPUT_RAW,0,0,0,0,0,0,0,0,1000,1000,1000,1000,0,0,0,0,0
2025-12-15 01:11:00.021,SERVO_OUTPUT_RAW,2215209845,SERVO_OUTPUT_RAW,0,0,0,0,0,0,0,0,1000,1000,1000,1000,0,0,0,0,0
2025-12-15 01:11:00.121,SERVO_OUTPUT_RAW,2215309858,SERVO_OUTPUT_RAW,0,0,0,0,0,0,0,0,1000,1000,1000,1000,0,0,0,0,0
2025-12-15 01:11:00.221,SERVO_OUTPUT_RAW,2215409868,SERVO_OUTPUT_RAW,0,0,0,0,0,0,0,0,1000,1000,1000,1000,0,0,0,0,0
2025-12-15 01:11:00.321,SERVO_OUTPUT_RAW,2215509821,SERVO_OUTPUT_RAW,0,0,0,0,0,0,0,0,1000,1000,1000,1000,0,0,0,0,0
2025-12-15 01:11:00.421,SERVO_OUTPUT_RAW,2215609838,SERVO_OUTPUT_RAW,0,0,0,0,0,0,0,0,1000,1000,1000,1000,0,0,0,0,0
2025-12-15 01:11:00.521,SERVO_OUTPUT_RAW,2215709779,SERVO_OUTPUT_RAW,0,0,0,0,0,0,0,0,1000,1000,1000,1000,0,0,0,0,0
2025-12-15 01:11:00.621,SERVO_OUTPUT_RAW,2215809820,SERVO_OUTPUT_RAW,0,0,0,0,0,0,0,0,1000,1000,1000,1000,0,0,0,0,0
2025-12-15 01:11:00.722,SERVO_OUTPUT_RAW,2215909810,SERVO_OUTPUT_RAW,0,0,0,0,0,0,0,0,1000,1000,1000,1000,0,0,0,0,0
2025-12-15 01:11:00.821,SERVO_OUTPUT_RAW,2216009829,SERVO_OUTPUT_RAW,0,0,0,0,0,0,0,0,1000,1000,1000,1000,0,0,0,0,0
2025-12-15 01:11:00.922,SERVO_OUTPUT_RAW,2216109794,SERVO_OUTPUT_RAW,0,0,0,0,0,0,0,0,1000,1000,1000,1000,0,0,0,0,0
2025-12-15 01:11:01.022,SERVO_OUTPUT_RAW,2216209791,SERVO_OUTPUT_RAW,0,0,0,0,0,0,0,0,1000,1000,1000,1000,0,0,0,0,0
2025-12-15 01:11:01.122,SERVO_OUTPUT_RAW,2216309792,SERVO_OUTPUT_RAW,0,0,0,0,0,0,0,0,1000,1000,1000,1000,0,0,0,0,0
2025-12-15 01:11:01.222,SERVO_OUTPUT_RAW,2216409871,SERVO_OUTPUT_RAW,0,0,0,0,0,0,0,0,1000,1000,1000,1000,0,0,0,0,0
2025-12-15 01:11:01.322,SERVO_OUTPUT_RAW,2216509785,SERVO_OUTPUT_RAW,0,0,0,0,0,0,0,0,1000,1000,1000,1000,0,0,0,0,0
2025-12-15 01:11:01.422,SERVO_OUTPUT_RAW,2216609797,SERVO_OUTPUT_RAW,0,0,0,0,0,0,0,0,1000,1000,1000,1000,0,0,0,0,0
2025-12-15 01:11:01.522,SERVO_OUTPUT_RAW,2216709838,SERVO_OUTPUT_RAW,0,0,0,0,0,0,0,0,1000,1000,1000,1000,0,0,0,0,0
2025-12-15 01:11:01.622,SERVO_OUTPUT_RAW,2216809872,SERVO_OUTPUT_RAW,0,0,0,0,0,0,0,0,1000,1000,1000,1000,0,0,0,0,0
2025-12-15 01:11:01.722,SERVO_OUTPUT_RAW,2216909815,SERVO_OUTPUT_RAW,0,0,0,0,0,0,0,0,1000,1000,1000,1000,0,0,0,0,0
2025-12-15 01:11:01.822,SERVO_OUTPUT_RAW,2217009838,SERVO_OUTPUT_RAW,0,0,0,0,0,0,0,0,1000,1000,1000,1000,0,0,0,0,0
2025-12-15 01:11:01.922,SERVO_OUTPUT_RAW,2217109834,SERVO_OUTPUT_RAW,0,0,0,0,0,0,0,0,1000,1000,1000,1000,0,0,0,0,0
2025-12-15 01:11:02.022,SERVO_OUTPUT_RAW,2217209849,SERVO_OUTPUT_RAW,0,0,0,0,0,0,0,0,1000,1000,1000,1000,0,0,0,0,0
2025-12-15 01:11:02.122,SERVO_OUTPUT_RAW,2217309795,SERVO_OUTPUT_RAW,0,0,0,0,0,0,0,0,1000,1000,1000,1000,0,0,0,0,0
2025-12-15 01:11:02.222,SERVO_OUTPUT_RAW,2217409818,SERVO_OUTPUT_RAW,0,0,0,0,0,0,0,0,1000,1000,1000,1000,0,0,0,0,0
2025-12-15 01:11:02.322,SERVO_OUTPUT_RAW,2217509818,SERVO_OUTPUT_RAW,0,0,0,0,0,0,0,0,1000,1000,1000,1000,0,0,0,0,0
2025-12-15 01:11:02.479,SERVO_OUTPUT_RAW,2217609773,SERVO_OUTPUT_RAW,0,0,0,0,0,0,0,0,1000,1000,1000,1000,0,0,0,0,0
2025-12-15 01:11:02.522,SERVO_OUTPUT_RAW,2217709784,SERVO_OUTPUT_RAW,0,0,0,0,0,0,0,0,1000,1000,1000,1000,0,0,0,0,0
2025-12-15 01:11:02.622,SERVO_OUTPUT_RAW,2217809802,SERVO_OUTPUT_RAW,0,0,0,0,0,0,0,0,1000,1000,1000,1000,0,0,0,0,0
2025-12-15 01:11:02.721,SERVO_OUTPUT_RAW,2217909782,SERVO_OUTPUT_RAW,0,0,0,0,0,0,0,0,1000,1000,1000,1000,0,0,0,0,0
2025-12-15 01:11:02.821,SERVO_OUTPUT_RAW,2218009783,SERVO_OUTPUT_RAW,0,0,0,0,0,0,0,0,1000,1000,1000,1000,0,0,0,0,0
2025-12-15 01:11:02.921,SERVO_OUTPUT_RAW,2218109781,SERVO_OUTPUT_RAW,0,0,0,0,0,0,0,0,1000,1000,1000,1000,0,0,0,0,0
2025-12-15 01:11:03.022,SERVO_OUTPUT_RAW,2218209815,SERVO_OUTPUT_RAW,0,0,0,0,0,0,0,0,1000,1000,1000,1000,0,0,0,0,0
2025-12-15 01:11:03.121,SERVO_OUTPUT_RAW,2218309845,SERVO_OUTPUT_RAW,0,0,0,0,0,0,0,0,1000,1000,1000,1000,0,0,0,0,0
2025-12-15 01:11:03.221,SERVO_OUTPUT_RAW,2218409792,SERVO_OUTPUT_RAW,0,0,0,0,0,0,0,0,1000,1000,1000,1000,0,0,0,0,0
2025-12-15 01:11:03.321,SERVO_OUTPUT_RAW,2218512170,SERVO_OUTPUT_RAW,0,0,0,0,0,0,0,0,1000,1000,1000,1000,0,0,0,0,0
2025-12-15 01:11:03.421,SERVO_OUTPUT_RAW,2218609817,SERVO_OUTPUT_RAW,0,0,0,0,0,0,0,0,1000,1000,1000,1000,0,0,0,0,0
2025-12-15 01:11:03.522,SERVO_OUTPUT_RAW,2218709964,SERVO_OUTPUT_RAW,0,0,0,0,0,0,0,0,1000,1000,1000,1000,0,0,0,0,0
2025-12-15 01:11:03.622,SERVO_OUTPUT_RAW,2218809855,SERVO_OUTPUT_RAW,0,0,0,0,0,0,0,0,1000,1000,1000,1000,0,0,0,0,0
2025-12-15 01:11:03.721,SERVO_OUTPUT_RAW,2218909787,SERVO_OUTPUT_RAW,0,0,0,0,0,0,0,0,1000,1000,1000,1000,0,0,0,0,0
2025-12-15 01:11:03.821,SERVO_OUTPUT_RAW,2219009804,SERVO_OUTPUT_RAW,0,0,0,0,0,0,0,0,1000,1000,1000,1000,0,0,0,0,0
2025-12-15 01:11:03.921,SERVO_OUTPUT_RAW,2219109809,SERVO_OUTPUT_RAW,0,0,0,0,0,0,0,0,1000,1000,1000,1000,0,0,0,0,0
2025-12-15 01:11:04.021,SERVO_OUTPUT_RAW,2219209844,SERVO_OUTPUT_RAW,0,0,0,0,0,0,0,0,1000,1000,1000,1000,0,0,0,0,0
2025-12-15 01:11:04.121,SERVO_OUTPUT_RAW,2219309791,SERVO_OUTPUT_RAW,0,0,0,0,0,0,0,0,1000,1000,1000,1000,0,0,0,0,0
2025-12-15 01:11:04.221,SERVO_OUTPUT_RAW,2219409793,SERVO_OUTPUT_RAW,0,0,0,0,0,0,0,0,1000,1000,1000,1000,0,0,0,0,0
2025-12-15 01:11:04.321,SERVO_OUTPUT_RAW,2219509791,SERVO_OUTPUT_RAW,0,0,0,0,0,0,0,0,1000,1000,1000,1000,0,0,0,0,0
2025-12-15 01:11:04.421,SERVO_OUTPUT_RAW,2219609803,SERVO_OUTPUT_RAW,0,0,0,0,0,0,0,0,1000,1000,1000,1000,0,0,0,0,0
2025-12-15 01:11:04.521,SERVO_OUTPUT_RAW,2219709833,SERVO_OUTPUT_RAW,0,0,0,0,0,0,0,0,1000,1000,1000,1000,0,0,0,0,0
2025-12-15 01:11:04.622,SERVO_OUTPUT_RAW,2219809838,SERVO_OUTPUT_RAW,0,0,0,0,0,0,0,0,1000,1000,1000,1000,0,0,0,0,0
2025-12-15 01:11:04.722,SERVO_OUTPUT_RAW,2219909836,SERVO_OUTPUT_RAW,0,0,0,0,0,0,0,0,1000,1000,1000,1000,0,0,0,0,0
2025-12-15 01:11:04.821,SERVO_OUTPUT_RAW,2220009799,SERVO_OUTPUT_RAW,0,0,0,0,0,0,0,0,1000,1000,1000,1000,0,0,0,0,0
2025-12-15 01:11:04.922,SERVO_OUTPUT_RAW,2220109832,SERVO_OUTPUT_RAW,0,0,0,0,0,0,0,0,1000,1000,1000,1000,0,0,0,0,0
2025-12-15 01:11:05.021,SERVO_OUTPUT_RAW,2220209829,SERVO_OUTPUT_RAW,0,0,0,0,0,0,0,0,1000,1000,1000,1000,0,0,0,0,0
2025-12-15 01:11:05.121,SERVO_OUTPUT_RAW,2220309847,SERVO_OUTPUT_RAW,0,0,0,0,0,0,0,0,1000,1000,1000,1000,0,0,0,0,0
2025-12-15 01:11:05.221,SERVO_OUTPUT_RAW,2220409782,SERVO_OUTPUT_RAW,0,0,0,0,0,0,0,0,1000,1000,1000,1000,0,0,0,0,0
2025-12-15 01:11:05.321,SERVO_OUTPUT_RAW,2220509807,SERVO_OUTPUT_RAW,0,0,0,0,0,0,0,0,1000,1000,1000,1000,0,0,0,0,0
2025-12-15 01:11:05.421,SERVO_OUTPUT_RAW,2220612177,SERVO_OUTPUT_RAW,0,0,0,0,0,0,0,0,1000,1000,1000,1000,0,0,0,0,0
2025-12-15 01:11:05.521,SERVO_OUTPUT_RAW,2220709816,SERVO_OUTPUT_RAW,0,0,0,0,0,0,0,0,1000,1000,1000,1000,0,0,0,0,0
2025-12-15 01:11:05.621,SERVO_OUTPUT_RAW,2220809804,SERVO_OUTPUT_RAW,0,0,0,0,0,0,0,0,1000,1000,1000,1000,0,0,0,0,0
2025-12-15 01:11:05.721,SERVO_OUTPUT_RAW,2220909790,SERVO_OUTPUT_RAW,0,0,0,0,0,0,0,0,1000,1000,1000,1000,0,0,0,0,0
2025-12-15 01:11:05.821,SERVO_OUTPUT_RAW,2221009798,SERVO_OUTPUT_RAW,0,0,0,0,0,0,0,0,1000,1000,1000,1000,0,0,0,0,0
2025-12-15 01:11:05.921,SERVO_OUTPUT_RAW,2221109790,SERVO_OUTPUT_RAW,0,0,0,0,0,0,0,0,1000,1000,1000,1000,0,0,0,0,0
2025-12-15 01:11:06.021,SERVO_OUTPUT_RAW,2221209815,SERVO_OUTPUT_RAW,0,0,0,0,0,0,0,0,1000,1000,1000,1000,0,0,0,0,0
2025-12-15 01:11:06.121,SERVO_OUTPUT_RAW,2221309821,SERVO_OUTPUT_RAW,0,0,0,0,0,0,0,0,1000,1000,1000,1000,0,0,0,0,0
2025-12-15 01:11:06.221,SERVO_OUTPUT_RAW,2221409835,SERVO_OUTPUT_RAW,0,0,0,0,0,0,0,0,1000,1000,1000,1000,0,0,0,0,0
2025-12-15 01:11:06.322,SERVO_OUTPUT_RAW,2221509805,SERVO_OUTPUT_RAW,0,0,0,0,0,0,0,0,1000,1000,1000,1000,0,0,0,0,0
2025-12-15 01:11:06.421,SERVO_OUTPUT_RAW,2221609786,SERVO_OUTPUT_RAW,0,0,0,0,0,0,0,0,1000,1000,1000,1000,0,0,0,0,0
2025-12-15 01:11:06.521,SERVO_OUTPUT_RAW,2221709849,SERVO_OUTPUT_RAW,0,0,0,0,0,0,0,0,1000,1000,1000,1000,0,0,0,0,0
2025-12-15 01:11:06.621,SERVO_OUTPUT_RAW,2221809856,SERVO_OUTPUT_RAW,0,0,0,0,0,0,0,0,1000,1000,1000,1000,0,0,0,0,0
2025-12-15 01:11:06.721,SERVO_OUTPUT_RAW,2221909843,SERVO_OUTPUT_RAW,0,0,0,0,0,0,0,0,1000,1000,1000,1000,0,0,0,0,0
2025-12-15 01:11:06.821,SERVO_OUTPUT_RAW,2222009789,SERVO_OUTPUT_RAW,0,0,0,0,0,0,0,0,1000,1000,1000,1000,0,0,0,0,0
2025-12-15 01:11:06.921,SERVO_OUTPUT_RAW,2222109809,SERVO_OUTPUT_RAW,0,0,0,0,0,0,0,0,1000,1000,1000,1000,0,0,0,0,0
2025-12-15 01:11:07.021,SERVO_OUTPUT_RAW,2222209835,SERVO_OUTPUT_RAW,0,0,0,0,0,0,0,0,1000,1000,1000,1000,0,0,0,0,0
2025-12-15 01:11:07.121,SERVO_OUTPUT_RAW,2222309806,SERVO_OUTPUT_RAW,0,0,0,0,0,0,0,0,1000,1000,1000,1000,0,0,0,0,0
2025-12-15 01:11:07.221,SERVO_OUTPUT_RAW,2222409787,SERVO_OUTPUT_RAW,0,0,0,0,0,0,0,0,1000,1000,1000,1000,0,0,0,0,0
2025-12-15 01:11:07.321,SERVO_OUTPUT_RAW,2222509789,SERVO_OUTPUT_RAW,0,0,0,0,0,0,0,0,1000,1000,1000,1000,0,0,0,0,0
2025-12-15 01:11:07.421,SERVO_OUTPUT_RAW,2222609796,SERVO_OUTPUT_RAW,0,0,0,0,0,0,0,0,1000,1000,1000,1000,0,0,0,0,0
2025-12-15 01:11:07.522,SERVO_OUTPUT_RAW,2222709838,SERVO_OUTPUT_RAW,0,0,0,0,0,0,0,0,1000,1000,1000,1000,0,0,0,0,0
2025-12-15 01:11:07.621,SERVO_OUTPUT_RAW,2222809778,SERVO_OUTPUT_RAW,0,0,0,0,0,0,0,0,1000,1000,1000,1000,0,0,0,0,0
2025-12-15 01:11:07.721,SERVO_OUTPUT_RAW,2222909783,SERVO_OUTPUT_RAW,0,0,0,0,0,0,0,0,1000,1000,1000,1000,0,0,0,0,0
2025-12-15 01:11:07.822,SERVO_OUTPUT_RAW,2223009834,SERVO_OUTPUT_RAW,0,0,0,0,0,0,0,0,1000,1000,1000,1000,0,0,0,0,0
2025-12-15 01:11:07.921,SERVO_OUTPUT_RAW,2223109815,SERVO_OUTPUT_RAW,0,0,0,0,0,0,0,0,1000,1000,1000,1000,0,0,0,0,0
2025-12-15 01:11:08.021,SERVO_OUTPUT_RAW,2223212095,SERVO_OUTPUT_RAW,0,0,0,0,0,0,0,0,1000,1000,1000,1000,0,0,0,0,0
2025-12-15 01:11:08.121,SERVO_OUTPUT_RAW,2223309818,SERVO_OUTPUT_RAW,0,0,0,0,0,0,0,0,1000,1000,1000,1000,0,0,0,0,0
2025-12-15 01:11:08.221,SERVO_OUTPUT_RAW,2223409847,SERVO_OUTPUT_RAW,0,0,0,0,0,0,0,0,1000,1000,1000,1000,0,0,0,0,0
2025-12-15 01:11:08.321,SERVO_OUTPUT_RAW,2223509828,SERVO_OUTPUT_RAW,0,0,0,0,0,0,0,0,1000,1000,1000,1000,0,0,0,0,0
2025-12-15 01:11:08.421,SERVO_OUTPUT_RAW,2223609786,SERVO_OUTPUT_RAW,0,0,0,0,0,0,0,0,1000,1000,1000,1000,0,0,0,0,0
2025-12-15 01:11:08.522,SERVO_OUTPUT_RAW,2223709821,SERVO_OUTPUT_RAW,0,0,0,0,0,0,0,0,1000,1000,1000,1000,0,0,0,0,0
2025-12-15 01:11:08.622,SERVO_OUTPUT_RAW,2223809808,SERVO_OUTPUT_RAW,0,0,0,0,0,0,0,0,1000,1000,1000,1000,0,0,0,0,0
2025-12-15 01:11:08.722,SERVO_OUTPUT_RAW,2223909784,SERVO_OUTPUT_RAW,0,0,0,0,0,0,0,0,1000,1000,1000,1000,0,0,0,0,0
2025-12-15 01:11:08.822,SERVO_OUTPUT_RAW,2224009780,SERVO_OUTPUT_RAW,0,0,0,0,0,0,0,0,1000,1000,1000,1000,0,0,0,0,0
2025-12-15 01:11:08.922,SERVO_OUTPUT_RAW,2224109799,SERVO_OUTPUT_RAW,0,0,0,0,0,0,0,0,1000,1000,1000,1000,0,0,0,0,0
2025-12-15 01:11:09.022,SERVO_OUTPUT_RAW,2224209808,SERVO_OUTPUT_RAW,0,0,0,0,0,0,0,0,1000,1000,1000,1000,0,0,0,0,0
2025-12-15 01:11:09.122,SERVO_OUTPUT_RAW,2224309794,SERVO_OUTPUT_RAW,0,0,0,0,0,0,0,0,1000,1000,1000,1000,0,0,0,0,0
2025-12-15 01:11:09.222,SERVO_OUTPUT_RAW,2224409800,SERVO_OUTPUT_RAW,0,0,0,0,0,0,0,0,1000,1000,1000,1000,0,0,0,0,0
2025-12-15 01:11:09.322,SERVO_OUTPUT_RAW,2224509866,SERVO_OUTPUT_RAW,0,0,0,0,0,0,0,0,1000,1000,1000,1000,0,0,0,0,0
2025-12-15 01:11:09.422,SERVO_OUTPUT_RAW,2224609811,SERVO_OUTPUT_RAW,0,0,0,0,0,0,0,0,1000,1000,1000,1000,0,0,0,0,0
2025-12-15 01:11:09.522,SERVO_OUTPUT_RAW,2224709818,SERVO_OUTPUT_RAW,0,0,0,0,0,0,0,0,1000,1000,1000,1000,0,0,0,0,0
2025-12-15 01:11:09.622,SERVO_OUTPUT_RAW,2224812110,SERVO_OUTPUT_RAW,0,0,0,0,0,0,0,0,1000,1000,1000,1000,0,0,0,0,0
2025-12-15 01:11:09.722,SERVO_OUTPUT_RAW,2224909836,SERVO_OUTPUT_RAW,0,0,0,0,0,0,0,0,1000,1000,1000,1000,0,0,0,0,0
2025-12-15 01:11:09.822,SERVO_OUTPUT_RAW,2225009849,SERVO_OUTPUT_RAW,0,0,0,0,0,0,0,0,1000,1000,1000,1000,0,0,0,0,0
2025-12-15 01:11:09.923,SERVO_OUTPUT_RAW,2225109824,SERVO_OUTPUT_RAW,0,0,0,0,0,0,0,0,1000,1000,1000,1000,0,0,0,0,0
2025-12-15 01:11:10.022,SERVO_OUTPUT_RAW,2225209801,SERVO_OUTPUT_RAW,0,0,0,0,0,0,0,0,1000,1000,1000,1000,0,0,0,0,0
2025-12-15 01:11:10.122,SERVO_OUTPUT_RAW,2225309843,SERVO_OUTPUT_RAW,0,0,0,0,0,0,0,0,1000,1000,1000,1000,0,0,0,0,0
2025-12-15 01:11:10.222,SERVO_OUTPUT_RAW,2225409782,SERVO_OUTPUT_RAW,0,0,0,0,0,0,0,0,1000,1000,1000,1000,0,0,0,0,0
2025-12-15 01:11:10.322,SERVO_OUTPUT_RAW,2225509802,SERVO_OUTPUT_RAW,0,0,0,0,0,0,0,0,1000,1000,1000,1000,0,0,0,0,0
2025-12-15 01:11:10.422,SERVO_OUTPUT_RAW,2225609804,SERVO_OUTPUT_RAW,0,0,0,0,0,0,0,0,1000,1000,1000,1000,0,0,0,0,0
2025-12-15 01:11:10.522,SERVO_OUTPUT_RAW,2225709791,SERVO_OUTPUT_RAW,0,0,0,0,0,0,0,0,1000,1000,1000,1000,0,0,0,0,0
2025-12-15 01:11:10.622,SERVO_OUTPUT_RAW,2225809793,SERVO_OUTPUT_RAW,0,0,0,0,0,0,0,0,1000,1000,1000,1000,0,0,0,0,0
2025-12-15 01:11:10.722,SERVO_OUTPUT_RAW,2225909800,SERVO_OUTPUT_RAW,0,0,0,0,0,0,0,0,1000,1000,1000,1000,0,0,0,0,0
2025-12-15 01:11:10.822,SERVO_OUTPUT_RAW,2226009820,SERVO_OUTPUT_RAW,0,0,0,0,0,0,0,0,1000,1000,1000,1000,0,0,0,0,0
2025-12-15 01:11:10.922,SERVO_OUTPUT_RAW,2226109846,SERVO_OUTPUT_RAW,0,0,0,0,0,0,0,0,1000,1000,1000,1000,0,0,0,0,0
2025-12-15 01:11:11.022,SERVO_OUTPUT_RAW,2226209855,SERVO_OUTPUT_RAW,0,0,0,0,0,0,0,0,1000,1000,1000,1000,0,0,0,0,0
2025-12-15 01:11:11.122,SERVO_OUTPUT_RAW,2226309790,SERVO_OUTPUT_RAW,0,0,0,0,0,0,0,0,1000,1000,1000,1000,0,0,0,0,0
2025-12-15 01:11:11.222,SERVO_OUTPUT_RAW,2226409827,SERVO_OUTPUT_RAW,0,0,0,0,0,0,0,0,1000,1000,1000,1000,0,0,0,0,0
2025-12-15 01:11:11.322,SERVO_OUTPUT_RAW,2226509846,SERVO_OUTPUT_RAW,0,0,0,0,0,0,0,0,1000,1000,1000,1000,0,0,0,0,0
2025-12-15 01:11:11.422,SERVO_OUTPUT_RAW,2226609845,SERVO_OUTPUT_RAW,0,0,0,0,0,0,0,0,1000,1000,1000,1000,0,0,0,0,0
2025-12-15 01:11:11.522,SERVO_OUTPUT_RAW,2226709786,SERVO_OUTPUT_RAW,0,0,0,0,0,0,0,0,1000,1000,1000,1000,0,0,0,0,0
2025-12-15 01:11:11.622,SERVO_OUTPUT_RAW,2226809817,SERVO_OUTPUT_RAW,0,0,0,0,0,0,0,0,1000,1000,1000,1000,0,0,0,0,0
2025-12-15 01:11:11.722,SERVO_OUTPUT_RAW,2226909882,SERVO_OUTPUT_RAW,0,0,0,0,0,0,0,0,1000,1000,1000,1000,0,0,0,0,0
2025-12-15 01:11:11.822,SERVO_OUTPUT_RAW,2227009784,SERVO_OUTPUT_RAW,0,0,0,0,0,0,0,0,1000,1000,1000,1000,0,0,0,0,0
2025-12-15 01:11:11.922,SERVO_OUTPUT_RAW,2227109788,SERVO_OUTPUT_RAW,0,0,0,0,0,0,0,0,1000,1000,1000,1000,0,0,0,0,0
2025-12-15 01:11:12.022,SERVO_OUTPUT_RAW,2227209797,SERVO_OUTPUT_RAW,0,0,0,0,0,0,0,0,1000,1000,1000,1000,0,0,0,0,0
2025-12-15 01:11:12.122,SERVO_OUTPUT_RAW,2227309782,SERVO_OUTPUT_RAW,0,0,0,0,0,0,0,0,1000,1000,1000,1000,0,0,0,0,0
2025-12-15 01:11:12.221,SERVO_OUTPUT_RAW,2227409798,SERVO_OUTPUT_RAW,0,0,0,0,0,0,0,0,1000,1000,1000,1000,0,0,0,0,0
2025-12-15 01:11:12.322,SERVO_OUTPUT_RAW,2227509794,SERVO_OUTPUT_RAW,0,0,0,0,0,0,0,0,1000,1000,1000,1000,0,0,0,0,0
2025-12-15 01:11:12.422,SERVO_OUTPUT_RAW,2227609820,SERVO_OUTPUT_RAW,0,0,0,0,0,0,0,0,1000,1000,1000,1000,0,0,0,0,0
2025-12-15 01:11:12.522,SERVO_OUTPUT_RAW,2227712144,SERVO_OUTPUT_RAW,0,0,0,0,0,0,0,0,1000,1000,1000,1000,0,0,0,0,0
2025-12-15 01:11:12.621,SERVO_OUTPUT_RAW,2227809782,SERVO_OUTPUT_RAW,0,0,0,0,0,0,0,0,1000,1000,1000,1000,0,0,0,0,0
2025-12-15 01:11:12.721,SERVO_OUTPUT_RAW,2227909795,SERVO_OUTPUT_RAW,0,0,0,0,0,0,0,0,1000,1000,1000,1000,0,0,0,0,0
2025-12-15 01:11:12.822,SERVO_OUTPUT_RAW,2228009848,SERVO_OUTPUT_RAW,0,0,0,0,0,0,0,0,1000,1000,1000,1000,0,0,0,0,0
2025-12-15 01:11:12.922,SERVO_OUTPUT_RAW,2228109830,SERVO_OUTPUT_RAW,0,0,0,0,0,0,0,0,1000,1000,1000,1000,0,0,0,0,0
2025-12-15 01:11:13.022,SERVO_OUTPUT_RAW,2228209820,SERVO_OUTPUT_RAW,0,0,0,0,0,0,0,0,1000,1000,1000,1000,0,0,0,0,0
2025-12-15 01:11:13.121,SERVO_OUTPUT_RAW,2228309792,SERVO_OUTPUT_RAW,0,0,0,0,0,0,0,0,1000,1000,1000,1000,0,0,0,0,0
2025-12-15 01:11:13.221,SERVO_OUTPUT_RAW,2228409847,SERVO_OUTPUT_RAW,0,0,0,0,0,0,0,0,1000,1000,1000,1000,0,0,0,0,0
2025-12-15 01:11:13.322,SERVO_OUTPUT_RAW,2228509821,SERVO_OUTPUT_RAW,0,0,0,0,0,0,0,0,1000,1000,1000,1000,0,0,0,0,0
2025-12-15 01:11:13.422,SERVO_OUTPUT_RAW,2228609802,SERVO_OUTPUT_RAW,0,0,0,0,0,0,0,0,1000,1000,1000,1000,0,0,0,0,0
2025-12-15 01:11:13.521,SERVO_OUTPUT_RAW,2228709809,SERVO_OUTPUT_RAW,0,0,0,0,0,0,0,0,1000,1000,1000,1000,0,0,0,0,0
2025-12-15 01:11:13.621,SERVO_OUTPUT_RAW,2228809782,SERVO_OUTPUT_RAW,0,0,0,0,0,0,0,0,1000,1000,1000,1000,0,0,0,0,0
2025-12-15 01:11:13.722,SERVO_OUTPUT_RAW,2228909781,SERVO_OUTPUT_RAW,0,0,0,0,0,0,0,0,1000,1000,1000,1000,0,0,0,0,0
2025-12-15 01:11:13.821,SERVO_OUTPUT_RAW,2229009857,SERVO_OUTPUT_RAW,0,0,0,0,0,0,0,0,1000,1000,1000,1000,0,0,0,0,0
2025-12-15 01:11:13.921,SERVO_OUTPUT_RAW,2229109809,SERVO_OUTPUT_RAW,0,0,0,0,0,0,0,0,1000,1000,1000,1000,0,0,0,0,0
2025-12-15 01:11:14.022,SERVO_OUTPUT_RAW,2229209827,SERVO_OUTPUT_RAW,0,0,0,0,0,0,0,0,1000,1000,1000,1000,0,0,0,0,0
2025-12-15 01:11:14.121,SERVO_OUTPUT_RAW,2229309781,SERVO_OUTPUT_RAW,0,0,0,0,0,0,0,0,1000,1000,1000,1000,0,0,0,0,0
2025-12-15 01:11:14.221,SERVO_OUTPUT_RAW,2229409784,SERVO_OUTPUT_RAW,0,0,0,0,0,0,0,0,1000,1000,1000,1000,0,0,0,0,0
2025-12-15 01:11:14.321,SERVO_OUTPUT_RAW,2229509849,SERVO_OUTPUT_RAW,0,0,0,0,0,0,0,0,1000,1000,1000,1000,0,0,0,0,0
2025-12-15 01:11:14.421,SERVO_OUTPUT_RAW,2229609840,SERVO_OUTPUT_RAW,0,0,0,0,0,0,0,0,1000,1000,1000,1000,0,0,0,0,0
2025-12-15 01:11:14.522,SERVO_OUTPUT_RAW,2229709846,SERVO_OUTPUT_RAW,0,0,0,0,0,0,0,0,1000,1000,1000,1000,0,0,0,0,0
2025-12-15 01:11:14.621,SERVO_OUTPUT_RAW,2229809786,SERVO_OUTPUT_RAW,0,0,0,0,0,0,0,0,1000,1000,1000,1000,0,0,0,0,0
2025-12-15 01:11:14.721,SERVO_OUTPUT_RAW,2229909804,SERVO_OUTPUT_RAW,0,0,0,0,0,0,0,0,1000,1000,1000,1000,0,0,0,0,0
2025-12-15 01:11:14.821,SERVO_OUTPUT_RAW,2230009826,SERVO_OUTPUT_RAW,0,0,0,0,0,0,0,0,1000,1000,1000,1000,0,0,0,0,0
2025-12-15 01:11:14.921,SERVO_OUTPUT_RAW,2230109825,SERVO_OUTPUT_RAW,0,0,0,0,0,0,0,0,1000,1000,1000,1000,0,0,0,0,0
2025-12-15 01:11:15.021,SERVO_OUTPUT_RAW,2230209787,SERVO_OUTPUT_RAW,0,0,0,0,0,0,0,0,1000,1000,1000,1000,0,0,0,0,0
2025-12-15 01:11:15.121,SERVO_OUTPUT_RAW,2230309791,SERVO_OUTPUT_RAW,0,0,0,0,0,0,0,0,1000,1000,1000,1000,0,0,0,0,0
2025-12-15 01:11:15.221,SERVO_OUTPUT_RAW,2230409795,SERVO_OUTPUT_RAW,0,0,0,0,0,0,0,0,1000,1000,1000,1000,0,0,0,0,0
2025-12-15 01:11:15.321,SERVO_OUTPUT_RAW,2230509782,SERVO_OUTPUT_RAW,0,0,0,0,0,0,0,0,1000,1000,1000,1000,0,0,0,0,0
2025-12-15 01:11:15.422,SERVO_OUTPUT_RAW,2230609806,SERVO_OUTPUT_RAW,0,0,0,0,0,0,0,0,1000,1000,1000,1000,0,0,0,0,0
2025-12-15 01:11:15.521,SERVO_OUTPUT_RAW,2230709832,SERVO_OUTPUT_RAW,0,0,0,0,0,0,0,0,1000,1000,1000,1000,0,0,0,0,0
2025-12-15 01:11:15.621,SERVO_OUTPUT_RAW,2230809845,SERVO_OUTPUT_RAW,0,0,0,0,0,0,0,0,1000,1000,1000,1000,0,0,0,0,0
2025-12-15 01:11:15.721,SERVO_OUTPUT_RAW,2230909853,SERVO_OUTPUT_RAW,0,0,0,0,0,0,0,0,1000,1000,1000,1000,0,0,0,0,0
2025-12-15 01:11:15.822,SERVO_OUTPUT_RAW,2231009824,SERVO_OUTPUT_RAW,0,0,0,0,0,0,0,0,1000,1000,1000,1000,0,0,0,0,0
2025-12-15 01:11:15.921,SERVO_OUTPUT_RAW,2231112066,SERVO_OUTPUT_RAW,0,0,0,0,0,0,0,0,1000,1000,1000,1000,0,0,0,0,0
2025-12-15 01:11:16.021,SERVO_OUTPUT_RAW,2231209851,SERVO_OUTPUT_RAW,0,0,0,0,0,0,0,0,1000,1000,1000,1000,0,0,0,0,0
2025-12-15 01:11:16.121,SERVO_OUTPUT_RAW,2231309908,SERVO_OUTPUT_RAW,0,0,0,0,0,0,0,0,1000,1000,1000,1000,0,0,0,0,0
2025-12-15 01:11:16.222,SERVO_OUTPUT_RAW,2231409775,SERVO_OUTPUT_RAW,0,0,0,0,0,0,0,0,1000,1000,1000,1000,0,0,0,0,0
2025-12-15 01:11:16.322,SERVO_OUTPUT_RAW,2231509814,SERVO_OUTPUT_RAW,0,0,0,0,0,0,0,0,1000,1000,1000,1000,0,0,0,0,0
2025-12-15 01:11:16.422,SERVO_OUTPUT_RAW,2231609812,SERVO_OUTPUT_RAW,0,0,0,0,0,0,0,0,1000,1000,1000,1000,0,0,0,0,0
2025-12-15 01:11:16.522,SERVO_OUTPUT_RAW,2231709781,SERVO_OUTPUT_RAW,0,0,0,0,0,0,0,0,1000,1000,1000,1000,0,0,0,0,0
2025-12-15 01:11:16.622,SERVO_OUTPUT_RAW,2231809794,SERVO_OUTPUT_RAW,0,0,0,0,0,0,0,0,1000,1000,1000,1000,0,0,0,0,0
2025-12-15 01:11:16.722,SERVO_OUTPUT_RAW,2231909790,SERVO_OUTPUT_RAW,0,0,0,0,0,0,0,0,1000,1000,1000,1000,0,0,0,0,0
2025-12-15 01:11:16.822,SERVO_OUTPUT_RAW,2232009793,SERVO_OUTPUT_RAW,0,0,0,0,0,0,0,0,1000,1000,1000,1000,0,0,0,0,0
2025-12-15 01:11:16.922,SERVO_OUTPUT_RAW,2232112132,SERVO_OUTPUT_RAW,0,0,0,0,0,0,0,0,1000,1000,1000,1000,0,0,0,0,0
2025-12-15 01:11:17.022,SERVO_OUTPUT_RAW,2232209821,SERVO_OUTPUT_RAW,0,0,0,0,0,0,0,0,1000,1000,1000,1000,0,0,0,0,0
2025-12-15 01:11:17.122,SERVO_OUTPUT_RAW,2232309848,SERVO_OUTPUT_RAW,0,0,0,0,0,0,0,0,1000,1000,1000,1000,0,0,0,0,0
2025-12-15 01:11:17.222,SERVO_OUTPUT_RAW,2232409840,SERVO_OUTPUT_RAW,0,0,0,0,0,0,0,0,1000,1000,1000,1000,0,0,0,0,0
2025-12-15 01:11:17.322,SERVO_OUTPUT_RAW,2232509781,SERVO_OUTPUT_RAW,0,0,0,0,0,0,0,0,1000,1000,1000,1000,0,0,0,0,0
2025-12-15 01:11:17.423,SERVO_OUTPUT_RAW,2232609834,SERVO_OUTPUT_RAW,0,0,0,0,0,0,0,0,1000,1000,1000,1000,0,0,0,0,0
2025-12-15 01:11:17.522,SERVO_OUTPUT_RAW,2232709830,SERVO_OUTPUT_RAW,0,0,0,0,0,0,0,0,1000,1000,1000,1000,0,0,0,0,0
2025-12-15 01:11:17.622,SERVO_OUTPUT_RAW,2232809841,SERVO_OUTPUT_RAW,0,0,0,0,0,0,0,0,1000,1000,1000,1000,0,0,0,0,0
2025-12-15 01:11:17.722,SERVO_OUTPUT_RAW,2232909821,SERVO_OUTPUT_RAW,0,0,0,0,0,0,0,0,1000,1000,1000,1000,0,0,0,0,0
2025-12-15 01:11:17.822,SERVO_OUTPUT_RAW,2233009791,SERVO_OUTPUT_RAW,0,0,0,0,0,0,0,0,1000,1000,1000,1000,0,0,0,0,0
2025-12-15 01:11:17.922,SERVO_OUTPUT_RAW,2233109845,SERVO_OUTPUT_RAW,0,0,0,0,0,0,0,0,1000,1000,1000,1000,0,0,0,0,0
2025-12-15 01:11:18.022,SERVO_OUTPUT_RAW,2233209907,SERVO_OUTPUT_RAW,0,0,0,0,0,0,0,0,1000,1000,1000,1000,0,0,0,0,0
2025-12-15 01:11:18.122,SERVO_OUTPUT_RAW,2233309786,SERVO_OUTPUT_RAW,0,0,0,0,0,0,0,0,1000,1000,1000,1000,0,0,0,0,0
2025-12-15 01:11:18.222,SERVO_OUTPUT_RAW,2233409794,SERVO_OUTPUT_RAW,0,0,0,0,0,0,0,0,1000,1000,1000,1000,0,0,0,0,0
2025-12-15 01:11:18.322,SERVO_OUTPUT_RAW,2233509793,SERVO_OUTPUT_RAW,0,0,0,0,0,0,0,0,1000,1000,1000,1000,0,0,0,0,0
2025-12-15 01:11:18.422,SERVO_OUTPUT_RAW,2233609786,SERVO_OUTPUT_RAW,0,0,0,0,0,0,0,0,1000,1000,1000,1000,0,0,0,0,0
2025-12-15 01:11:18.522,SERVO_OUTPUT_RAW,2233709801,SERVO_OUTPUT_RAW,0,0,0,0,0,0,0,0,1000,1000,1000,1000,0,0,0,0,0
2025-12-15 01:11:18.622,SERVO_OUTPUT_RAW,2233809805,SERVO_OUTPUT_RAW,0,0,0,0,0,0,0,0,1000,1000,1000,1000,0,0,0,0,0
2025-12-15 01:11:18.722,SERVO_OUTPUT_RAW,2233909850,SERVO_OUTPUT_RAW,0,0,0,0,0,0,0,0,1000,1000,1000,1000,0,0,0,0,0
2025-12-15 01:11:18.822,SERVO_OUTPUT_RAW,2234012135,SERVO_OUTPUT_RAW,0,0,0,0,0,0,0,0,1000,1000,1000,1000,0,0,0,0,0
2025-12-15 01:11:18.922,SERVO_OUTPUT_RAW,2234109815,SERVO_OUTPUT_RAW,0,0,0,0,0,0,0,0,1000,1000,1000,1000,0,0,0,0,0
2025-12-15 01:11:19.022,SERVO_OUTPUT_RAW,2234209853,SERVO_OUTPUT_RAW,0,0,0,0,0,0,0,0,1000,1000,1000,1000,0,0,0,0,0
2025-12-15 01:11:19.122,SERVO_OUTPUT_RAW,2234309872,SERVO_OUTPUT_RAW,0,0,0,0,0,0,0,0,1000,1000,1000,1000,0,0,0,0,0
2025-12-15 01:11:19.222,SERVO_OUTPUT_RAW,2234409850,SERVO_OUTPUT_RAW,0,0,0,0,0,0,0,0,1000,1000,1000,1000,0,0,0,0,0
2025-12-15 01:11:19.322,SERVO_OUTPUT_RAW,2234509787,SERVO_OUTPUT_RAW,0,0,0,0,0,0,0,0,1000,1000,1000,1000,0,0,0,0,0
2025-12-15 01:11:19.422,SERVO_OUTPUT_RAW,2234609812,SERVO_OUTPUT_RAW,0,0,0,0,0,0,0,0,1000,1000,1000,1000,0,0,0,0,0
2025-12-15 01:11:19.523,SERVO_OUTPUT_RAW,2234709811,SERVO_OUTPUT_RAW,0,0,0,0,0,0,0,0,1000,1000,1000,1000,0,0,0,0,0
2025-12-15 01:11:19.622,SERVO_OUTPUT_RAW,2234809788,SERVO_OUTPUT_RAW,0,0,0,0,0,0,0,0,1000,1000,1000,1000,0,0,0,0,0
2025-12-15 01:11:19.722,SERVO_OUTPUT_RAW,2234909793,SERVO_OUTPUT_RAW,0,0,0,0,0,0,0,0,1000,1000,1000,1000,0,0,0,0,0
2025-12-15 01:11:19.822,SERVO_OUTPUT_RAW,2235009791,SERVO_OUTPUT_RAW,0,0,0,0,0,0,0,0,1000,1000,1000,1000,0,0,0,0,0
2025-12-15 01:11:19.923,SERVO_OUTPUT_RAW,2235109778,SERVO_OUTPUT_RAW,0,0,0,0,0,0,0,0,1000,1000,1000,1000,0,0,0,0,0
2025-12-15 01:11:20.022,SERVO_OUTPUT_RAW,2235209789,SERVO_OUTPUT_RAW,0,0,0,0,0,0,0,0,1000,1000,1000,1000,0,0,0,0,0
2025-12-15 01:11:20.122,SERVO_OUTPUT_RAW,2235312191,SERVO_OUTPUT_RAW,0,0,0,0,0,0,0,0,1000,1000,1000,1000,0,0,0,0,0
2025-12-15 01:11:20.222,SERVO_OUTPUT_RAW,2235409837,SERVO_OUTPUT_RAW,0,0,0,0,0,0,0,0,1000,1000,1000,1000,0,0,0,0,0
2025-12-15 01:11:20.322,SERVO_OUTPUT_RAW,2235509848,SERVO_OUTPUT_RAW,0,0,0,0,0,0,0,0,1000,1000,1000,1000,0,0,0,0,0
2025-12-15 01:11:20.422,SERVO_OUTPUT_RAW,2235609830,SERVO_OUTPUT_RAW,0,0,0,0,0,0,0,0,1000,1000,1000,1000,0,0,0,0,0
2025-12-15 01:11:20.522,SERVO_OUTPUT_RAW,2235709807,SERVO_OUTPUT_RAW,0,0,0,0,0,0,0,0,1000,1000,1000,1000,0,0,0,0,0
2025-12-15 01:11:20.622,SERVO_OUTPUT_RAW,2235809884,SERVO_OUTPUT_RAW,0,0,0,0,0,0,0,0,1000,1000,1000,1000,0,0,0,0,0
2025-12-15 01:11:20.722,SERVO_OUTPUT_RAW,2235909841,SERVO_OUTPUT_RAW,0,0,0,0,0,0,0,0,1000,1000,1000,1000,0,0,0,0,0
2025-12-15 01:11:20.822,SERVO_OUTPUT_RAW,2236009773,SERVO_OUTPUT_RAW,0,0,0,0,0,0,0,0,1000,1000,1000,1000,0,0,0,0,0
2025-12-15 01:11:20.922,SERVO_OUTPUT_RAW,2236109791,SERVO_OUTPUT_RAW,0,0,0,0,0,0,0,0,1000,1000,1000,1000,0,0,0,0,0
2025-12-15 01:11:21.022,SERVO_OUTPUT_RAW,2236209796,SERVO_OUTPUT_RAW,0,0,0,0,0,0,0,0,1000,1000,1000,1000,0,0,0,0,0
2025-12-15 01:11:21.122,SERVO_OUTPUT_RAW,2236309809,SERVO_OUTPUT_RAW,0,0,0,0,0,0,0,0,1000,1000,1000,1000,0,0,0,0,0
2025-12-15 01:11:21.222,SERVO_OUTPUT_RAW,2236409790,SERVO_OUTPUT_RAW,0,0,0,0,0,0,0,0,1000,1000,1000,1000,0,0,0,0,0
2025-12-15 01:11:21.324,SERVO_OUTPUT_RAW,2236509784,SERVO_OUTPUT_RAW,0,0,0,0,0,0,0,0,1000,1000,1000,1000,0,0,0,0,0
2025-12-15 01:11:21.422,SERVO_OUTPUT_RAW,2236609810,SERVO_OUTPUT_RAW,0,0,0,0,0,0,0,0,1000,1000,1000,1000,0,0,0,0,0
2025-12-15 01:11:21.522,SERVO_OUTPUT_RAW,2236709803,SERVO_OUTPUT_RAW,0,0,0,0,0,0,0,0,1000,1000,1000,1000,0,0,0,0,0
2025-12-15 01:11:21.621,SERVO_OUTPUT_RAW,2236812107,SERVO_OUTPUT_RAW,0,0,0,0,0,0,0,0,1000,1000,1000,1000,0,0,0,0,0
2025-12-15 01:11:21.722,SERVO_OUTPUT_RAW,2236909831,SERVO_OUTPUT_RAW,0,0,0,0,0,0,0,0,1000,1000,1000,1000,0,0,0,0,0
2025-12-15 01:11:21.822,SERVO_OUTPUT_RAW,2237009828,SERVO_OUTPUT_RAW,0,0,0,0,0,0,0,0,1000,1000,1000,1000,0,0,0,0,0
2025-12-15 01:11:21.923,SERVO_OUTPUT_RAW,2237109867,SERVO_OUTPUT_RAW,0,0,0,0,0,0,0,0,1000,1000,1000,1000,0,0,0,0,0
2025-12-15 01:11:22.022,SERVO_OUTPUT_RAW,2237209803,SERVO_OUTPUT_RAW,0,0,0,0,0,0,0,0,1000,1000,1000,1000,0,0,0,0,0
2025-12-15 01:11:22.122,SERVO_OUTPUT_RAW,2237309804,SERVO_OUTPUT_RAW,0,0,0,0,0,0,0,0,1000,1000,1000,1000,0,0,0,0,0
2025-12-15 01:11:22.223,SERVO_OUTPUT_RAW,2237412065,SERVO_OUTPUT_RAW,0,0,0,0,0,0,0,0,1000,1000,1000,1000,0,0,0,0,0
2025-12-15 01:11:22.322,SERVO_OUTPUT_RAW,2237509829,SERVO_OUTPUT_RAW,0,0,0,0,0,0,0,0,1000,1000,1000,1000,0,0,0,0,0
2025-12-15 01:11:22.422,SERVO_OUTPUT_RAW,2237609829,SERVO_OUTPUT_RAW,0,0,0,0,0,0,0,0,1000,1000,1000,1000,0,0,0,0,0
2025-12-15 01:11:22.523,SERVO_OUTPUT_RAW,2237709810,SERVO_OUTPUT_RAW,0,0,0,0,0,0,0,0,1000,1000,1000,1000,0,0,0,0,0
2025-12-15 01:11:22.622,SERVO_OUTPUT_RAW,2237809806,SERVO_OUTPUT_RAW,0,0,0,0,0,0,0,0,1000,1000,1000,1000,0,0,0,0,0
2025-12-15 01:11:22.722,SERVO_OUTPUT_RAW,2237909798,SERVO_OUTPUT_RAW,0,0,0,0,0,0,0,0,1000,1000,1000,1000,0,0,0,0,0
2025-12-15 01:11:22.823,SERVO_OUTPUT_RAW,2238009783,SERVO_OUTPUT_RAW,0,0,0,0,0,0,0,0,1000,1000,1000,1000,0,0,0,0,0
2025-12-15 01:11:22.922,SERVO_OUTPUT_RAW,2238109804,SERVO_OUTPUT_RAW,0,0,0,0,0,0,0,0,1000,1000,1000,1000,0,0,0,0,0
2025-12-15 01:11:23.022,SERVO_OUTPUT_RAW,2238209780,SERVO_OUTPUT_RAW,0,0,0,0,0,0,0,0,1000,1000,1000,1000,0,0,0,0,0
2025-12-15 01:11:23.121,SERVO_OUTPUT_RAW,2238309786,SERVO_OUTPUT_RAW,0,0,0,0,0,0,0,0,1000,1000,1000,1000,0,0,0,0,0
2025-12-15 01:11:23.221,SERVO_OUTPUT_RAW,2238409779,SERVO_OUTPUT_RAW,0,0,0,0,0,0,0,0,1000,1000,1000,1000,0,0,0,0,0
2025-12-15 01:11:23.322,SERVO_OUTPUT_RAW,2238509823,SERVO_OUTPUT_RAW,0,0,0,0,0,0,0,0,1000,1000,1000,1000,0,0,0,0,0
2025-12-15 01:11:23.422,SERVO_OUTPUT_RAW,2238609839,SERVO_OUTPUT_RAW,0,0,0,0,0,0,0,0,1000,1000,1000,1000,0,0,0,0,0
2025-12-15 01:11:23.522,SERVO_OUTPUT_RAW,2238709849,SERVO_OUTPUT_RAW,0,0,0,0,0,0,0,0,1000,1000,1000,1000,0,0,0,0,0
2025-12-15 01:11:23.622,SERVO_OUTPUT_RAW,2238809794,SERVO_OUTPUT_RAW,0,0,0,0,0,0,0,0,1000,1000,1000,1000,0,0,0,0,0
2025-12-15 01:11:23.722,SERVO_OUTPUT_RAW,2238909812,SERVO_OUTPUT_RAW,0,0,0,0,0,0,0,0,1000,1000,1000,1000,0,0,0,0,0
2025-12-15 01:11:23.822,SERVO_OUTPUT_RAW,2239009843,SERVO_OUTPUT_RAW,0,0,0,0,0,0,0,0,1000,1000,1000,1000,0,0,0,0,0
2025-12-15 01:11:23.922,SERVO_OUTPUT_RAW,2239109858,SERVO_OUTPUT_RAW,0,0,0,0,0,0,0,0,1000,1000,1000,1000,0,0,0,0,0
2025-12-15 01:11:24.022,SERVO_OUTPUT_RAW,2239209770,SERVO_OUTPUT_RAW,0,0,0,0,0,0,0,0,1000,1000,1000,1000,0,0,0,0,0
2025-12-15 01:11:24.122,SERVO_OUTPUT_RAW,2239309817,SERVO_OUTPUT_RAW,0,0,0,0,0,0,0,0,1000,1000,1000,1000,0,0,0,0,0
2025-12-15 01:11:24.222,SERVO_OUTPUT_RAW,2239409830,SERVO_OUTPUT_RAW,0,0,0,0,0,0,0,0,1000,1000,1000,1000,0,0,0,0,0
2025-12-15 01:11:24.322,SERVO_OUTPUT_RAW,2239509867,SERVO_OUTPUT_RAW,0,0,0,0,0,0,0,0,1000,1000,1000,1000,0,0,0,0,0
2025-12-15 01:11:24.422,SERVO_OUTPUT_RAW,2239609798,SERVO_OUTPUT_RAW,0,0,0,0,0,0,0,0,1000,1000,1000,1000,0,0,0,0,0
2025-12-15 01:11:24.522,SERVO_OUTPUT_RAW,2239709825,SERVO_OUTPUT_RAW,0,0,0,0,0,0,0,0,1000,1000,1000,1000,0,0,0,0,0
2025-12-15 01:11:24.622,SERVO_OUTPUT_RAW,2239809781,SERVO_OUTPUT_RAW,0,0,0,0,0,0,0,0,1000,1000,1000,1000,0,0,0,0,0
2025-12-15 01:11:24.722,SERVO_OUTPUT_RAW,2239909791,SERVO_OUTPUT_RAW,0,0,0,0,0,0,0,0,1000,1000,1000,1000,0,0,0,0,0
2025-12-15 01:11:24.822,SERVO_OUTPUT_RAW,2240009825,SERVO_OUTPUT_RAW,0,0,0,0,0,0,0,0,1000,1000,1000,1000,0,0,0,0,0
2025-12-15 01:11:24.927,SERVO_OUTPUT_RAW,2240109836,SERVO_OUTPUT_RAW,0,0,0,0,0,0,0,0,1000,1000,1000,1000,0,0,0,0,0
2025-12-15 01:11:25.022,SERVO_OUTPUT_RAW,2240209796,SERVO_OUTPUT_RAW,0,0,0,0,0,0,0,0,1000,1000,1000,1000,0,0,0,0,0
2025-12-15 01:11:25.122,SERVO_OUTPUT_RAW,2240309814,SERVO_OUTPUT_RAW,0,0,0,0,0,0,0,0,1000,1000,1000,1000,0,0,0,0,0
2025-12-15 01:11:25.222,SERVO_OUTPUT_RAW,2240409819,SERVO_OUTPUT_RAW,0,0,0,0,0,0,0,0,1000,1000,1000,1000,0,0,0,0,0
2025-12-15 01:11:25.322,SERVO_OUTPUT_RAW,2240509822,SERVO_OUTPUT_RAW,0,0,0,0,0,0,0,0,1000,1000,1000,1000,0,0,0,0,0
2025-12-15 01:11:25.422,SERVO_OUTPUT_RAW,2240609846,SERVO_OUTPUT_RAW,0,0,0,0,0,0,0,0,1000,1000,1000,1000,0,0,0,0,0
2025-12-15 01:11:25.522,SERVO_OUTPUT_RAW,2240709851,SERVO_OUTPUT_RAW,0,0,0,0,0,0,0,0,1000,1000,1000,1000,0,0,0,0,0
2025-12-15 01:11:25.622,SERVO_OUTPUT_RAW,2240809800,SERVO_OUTPUT_RAW,0,0,0,0,0,0,0,0,1000,1000,1000,1000,0,0,0,0,0
2025-12-15 01:11:25.722,SERVO_OUTPUT_RAW,2240909825,SERVO_OUTPUT_RAW,0,0,0,0,0,0,0,0,1000,1000,1000,1000,0,0,0,0,0
2025-12-15 01:11:25.822,SERVO_OUTPUT_RAW,2241009828,SERVO_OUTPUT_RAW,0,0,0,0,0,0,0,0,1000,1000,1000,1000,0,0,0,0,0
2025-12-15 01:11:25.922,SERVO_OUTPUT_RAW,2241109791,SERVO_OUTPUT_RAW,0,0,0,0,0,0,0,0,1000,1000,1000,1000,0,0,0,0,0
2025-12-15 01:11:26.022,SERVO_OUTPUT_RAW,2241209805,SERVO_OUTPUT_RAW,0,0,0,0,0,0,0,0,1000,1000,1000,1000,0,0,0,0,0
2025-12-15 01:11:26.122,SERVO_OUTPUT_RAW,2241309785,SERVO_OUTPUT_RAW,0,0,0,0,0,0,0,0,1000,1000,1000,1000,0,0,0,0,0
2025-12-15 01:11:26.222,SERVO_OUTPUT_RAW,2241409786,SERVO_OUTPUT_RAW,0,0,0,0,0,0,0,0,1000,1000,1000,1000,0,0,0,0,0
2025-12-15 01:11:26.322,SERVO_OUTPUT_RAW,2241509792,SERVO_OUTPUT_RAW,0,0,0,0,0,0,0,0,1000,1000,1000,1000,0,0,0,0,0
2025-12-15 01:11:26.422,SERVO_OUTPUT_RAW,2241612212,SERVO_OUTPUT_RAW,0,0,0,0,0,0,0,0,1000,1000,1000,1000,0,0,0,0,0
2025-12-15 01:11:26.522,SERVO_OUTPUT_RAW,2241709827,SERVO_OUTPUT_RAW,0,0,0,0,0,0,0,0,1000,1000,1000,1000,0,0,0,0,0
2025-12-15 01:11:26.622,SERVO_OUTPUT_RAW,2241809847,SERVO_OUTPUT_RAW,0,0,0,0,0,0,0,0,1000,1000,1000,1000,0,0,0,0,0
2025-12-15 01:11:26.722,SERVO_OUTPUT_RAW,2241909803,SERVO_OUTPUT_RAW,0,0,0,0,0,0,0,0,1000,1000,1000,1000,0,0,0,0,0
2025-12-15 01:11:26.822,SERVO_OUTPUT_RAW,2242009832,SERVO_OUTPUT_RAW,0,0,0,0,0,0,0,0,1000,1000,1000,1000,0,0,0,0,0
2025-12-15 01:11:26.922,SERVO_OUTPUT_RAW,2242109913,SERVO_OUTPUT_RAW,0,0,0,0,0,0,0,0,1000,1000,1000,1000,0,0,0,0,0
2025-12-15 01:11:27.022,SERVO_OUTPUT_RAW,2242209837,SERVO_OUTPUT_RAW,0,0,0,0,0,0,0,0,1000,1000,1000,1000,0,0,0,0,0
2025-12-15 01:11:27.122,SERVO_OUTPUT_RAW,2242309795,SERVO_OUTPUT_RAW,0,0,0,0,0,0,0,0,1000,1000,1000,1000,0,0,0,0,0
2025-12-15 01:11:27.222,SERVO_OUTPUT_RAW,2242409807,SERVO_OUTPUT_RAW,0,0,0,0,0,0,0,0,1000,1000,1000,1000,0,0,0,0,0
2025-12-15 01:11:27.322,SERVO_OUTPUT_RAW,2242509812,SERVO_OUTPUT_RAW,0,0,0,0,0,0,0,0,1000,1000,1000,1000,0,0,0,0,0
2025-12-15 01:11:27.423,SERVO_OUTPUT_RAW,2242609850,SERVO_OUTPUT_RAW,0,0,0,0,0,0,0,0,1000,1000,1000,1000,0,0,0,0,0
2025-12-15 01:11:27.522,SERVO_OUTPUT_RAW,2242709783,SERVO_OUTPUT_RAW,0,0,0,0,0,0,0,0,1000,1000,1000,1000,0,0,0,0,0
2025-12-15 01:11:27.622,SERVO_OUTPUT_RAW,2242809785,SERVO_OUTPUT_RAW,0,0,0,0,0,0,0,0,1000,1000,1000,1000,0,0,0,0,0
2025-12-15 01:11:27.723,SERVO_OUTPUT_RAW,2242909792,SERVO_OUTPUT_RAW,0,0,0,0,0,0,0,0,1000,1000,1000,1000,0,0,0,0,0
2025-12-15 01:11:27.822,SERVO_OUTPUT_RAW,2243009792,SERVO_OUTPUT_RAW,0,0,0,0,0,0,0,0,1000,1000,1000,1000,0,0,0,0,0
2025-12-15 01:11:27.923,SERVO_OUTPUT_RAW,2243109822,SERVO_OUTPUT_RAW,0,0,0,0,0,0,0,0,1000,1000,1000,1000,0,0,0,0,0
2025-12-15 01:11:28.022,SERVO_OUTPUT_RAW,2243209826,SERVO_OUTPUT_RAW,0,0,0,0,0,0,0,0,1000,1000,1000,1000,0,0,0,0,0
2025-12-15 01:11:28.122,SERVO_OUTPUT_RAW,2243309851,SERVO_OUTPUT_RAW,0,0,0,0,0,0,0,0,1000,1000,1000,1000,0,0,0,0,0
2025-12-15 01:11:28.222,SERVO_OUTPUT_RAW,2243409810,SERVO_OUTPUT_RAW,0,0,0,0,0,0,0,0,1000,1000,1000,1000,0,0,0,0,0
2025-12-15 01:11:28.322,SERVO_OUTPUT_RAW,2243509806,SERVO_OUTPUT_RAW,0,0,0,0,0,0,0,0,1000,1000,1000,1000,0,0,0,0,0
2025-12-15 01:11:28.422,SERVO_OUTPUT_RAW,2243609823,SERVO_OUTPUT_RAW,0,0,0,0,0,0,0,0,1000,1000,1000,1000,0,0,0,0,0
2025-12-15 01:11:28.522,SERVO_OUTPUT_RAW,2243712089,SERVO_OUTPUT_RAW,0,0,0,0,0,0,0,0,1000,1000,1000,1000,0,0,0,0,0
2025-12-15 01:11:28.622,SERVO_OUTPUT_RAW,2243809816,SERVO_OUTPUT_RAW,0,0,0,0,0,0,0,0,1000,1000,1000,1000,0,0,0,0,0
2025-12-15 01:11:28.722,SERVO_OUTPUT_RAW,2243909811,SERVO_OUTPUT_RAW,0,0,0,0,0,0,0,0,1000,1000,1000,1000,0,0,0,0,0
2025-12-15 01:11:28.823,SERVO_OUTPUT_RAW,2244009818,SERVO_OUTPUT_RAW,0,0,0,0,0,0,0,0,1000,1000,1000,1000,0,0,0,0,0
2025-12-15 01:11:28.922,SERVO_OUTPUT_RAW,2244109825,SERVO_OUTPUT_RAW,0,0,0,0,0,0,0,0,1000,1000,1000,1000,0,0,0,0,0
2025-12-15 01:11:29.022,SERVO_OUTPUT_RAW,2244209788,SERVO_OUTPUT_RAW,0,0,0,0,0,0,0,0,1000,1000,1000,1000,0,0,0,0,0
2025-12-15 01:11:29.122,SERVO_OUTPUT_RAW,2244309791,SERVO_OUTPUT_RAW,0,0,0,0,0,0,0,0,1000,1000,1000,1000,0,0,0,0,0
2025-12-15 01:11:29.222,SERVO_OUTPUT_RAW,2244409780,SERVO_OUTPUT_RAW,0,0,0,0,0,0,0,0,1000,1000,1000,1000,0,0,0,0,0
2025-12-15 01:11:29.322,SERVO_OUTPUT_RAW,2244509794,SERVO_OUTPUT_RAW,0,0,0,0,0,0,0,0,1000,1000,1000,1000,0,0,0,0,0
2025-12-15 01:11:29.422,SERVO_OUTPUT_RAW,2244609783,SERVO_OUTPUT_RAW,0,0,0,0,0,0,0,0,1000,1000,1000,1000,0,0,0,0,0
2025-12-15 01:11:29.522,SERVO_OUTPUT_RAW,2244709802,SERVO_OUTPUT_RAW,0,0,0,0,0,0,0,0,1000,1000,1000,1000,0,0,0,0,0
2025-12-15 01:11:29.623,SERVO_OUTPUT_RAW,2244809856,SERVO_OUTPUT_RAW,0,0,0,0,0,0,0,0,1000,1000,1000,1000,0,0,0,0,0
2025-12-15 01:11:29.722,SERVO_OUTPUT_RAW,2244909854,SERVO_OUTPUT_RAW,0,0,0,0,0,0,0,0,1000,1000,1000,1000,0,0,0,0,0
2025-12-15 01:11:29.822,SERVO_OUTPUT_RAW,2245009844,SERVO_OUTPUT_RAW,0,0,0,0,0,0,0,0,1000,1000,1000,1000,0,0,0,0,0
2025-12-15 01:11:29.922,SERVO_OUTPUT_RAW,2245109813,SERVO_OUTPUT_RAW,0,0,0,0,0,0,0,0,1000,1000,1000,1000,0,0,0,0,0
2025-12-15 01:11:30.022,SERVO_OUTPUT_RAW,2245209843,SERVO_OUTPUT_RAW,0,0,0,0,0,0,0,0,1000,1000,1000,1000,0,0,0,0,0
2025-12-15 01:11:30.122,SERVO_OUTPUT_RAW,2245309838,SERVO_OUTPUT_RAW,0,0,0,0,0,0,0,0,1000,1000,1000,1000,0,0,0,0,0
2025-12-15 01:11:30.222,SERVO_OUTPUT_RAW,2245409791,SERVO_OUTPUT_RAW,0,0,0,0,0,0,0,0,1000,1000,1000,1000,0,0,0,0,0
2025-12-15 01:11:30.323,SERVO_OUTPUT_RAW,2245509862,SERVO_OUTPUT_RAW,0,0,0,0,0,0,0,0,1000,1000,1000,1000,0,0,0,0,0
2025-12-15 01:11:30.423,SERVO_OUTPUT_RAW,2245609827,SERVO_OUTPUT_RAW,0,0,0,0,0,0,0,0,1000,1000,1000,1000,0,0,0,0,0
2025-12-15 01:11:30.522,SERVO_OUTPUT_RAW,2245709821,SERVO_OUTPUT_RAW,0,0,0,0,0,0,0,0,1000,1000,1000,1000,0,0,0,0,0
2025-12-15 01:11:30.622,SERVO_OUTPUT_RAW,2245809879,SERVO_OUTPUT_RAW,0,0,0,0,0,0,0,0,1000,1000,1000,1000,0,0,0,0,0
2025-12-15 01:11:30.723,SERVO_OUTPUT_RAW,2245909774,SERVO_OUTPUT_RAW,0,0,0,0,0,0,0,0,1000,1000,1000,1000,0,0,0,0,0
2025-12-15 01:11:30.822,SERVO_OUTPUT_RAW,2246009778,SERVO_OUTPUT_RAW,0,0,0,0,0,0,0,0,1000,1000,1000,1000,0,0,0,0,0
2025-12-15 01:11:30.922,SERVO_OUTPUT_RAW,2246109784,SERVO_OUTPUT_RAW,0,0,0,0,0,0,0,0,1000,1000,1000,1000,0,0,0,0,0
2025-12-15 01:11:31.023,SERVO_OUTPUT_RAW,2246209786,SERVO_OUTPUT_RAW,0,0,0,0,0,0,0,0,1000,1000,1000,1000,0,0,0,0,0
2025-12-15 01:11:31.123,SERVO_OUTPUT_RAW,2246309827,SERVO_OUTPUT_RAW,0,0,0,0,0,0,0,0,1000,1000,1000,1000,0,0,0,0,0
2025-12-15 01:11:31.223,SERVO_OUTPUT_RAW,2246409843,SERVO_OUTPUT_RAW,0,0,0,0,0,0,0,0,1000,1000,1000,1000,0,0,0,0,0
2025-12-15 01:11:31.323,SERVO_OUTPUT_RAW,2246509862,SERVO_OUTPUT_RAW,0,0,0,0,0,0,0,0,1000,1000,1000,1000,0,0,0,0,0
2025-12-15 01:11:31.423,SERVO_OUTPUT_RAW,2246609804,SERVO_OUTPUT_RAW,0,0,0,0,0,0,0,0,1000,1000,1000,1000,0,0,0,0,0
2025-12-15 01:11:31.523,SERVO_OUTPUT_RAW,2246709820,SERVO_OUTPUT_RAW,0,0,0,0,0,0,0,0,1000,1000,1000,1000,0,0,0,0,0
2025-12-15 01:11:31.623,SERVO_OUTPUT_RAW,2246809855,SERVO_OUTPUT_RAW,0,0,0,0,0,0,0,0,1000,1000,1000,1000,0,0,0,0,0
2025-12-15 01:11:31.723,SERVO_OUTPUT_RAW,2246909787,SERVO_OUTPUT_RAW,0,0,0,0,0,0,0,0,1000,1000,1000,1000,0,0,0,0,0
2025-12-15 01:11:31.823,SERVO_OUTPUT_RAW,2247009780,SERVO_OUTPUT_RAW,0,0,0,0,0,0,0,0,1000,1000,1000,1000,0,0,0,0,0
2025-12-15 01:11:31.923,SERVO_OUTPUT_RAW,2247109812,SERVO_OUTPUT_RAW,0,0,0,0,0,0,0,0,1000,1000,1000,1000,0,0,0,0,0
2025-12-15 01:11:32.023,SERVO_OUTPUT_RAW,2247209808,SERVO_OUTPUT_RAW,0,0,0,0,0,0,0,0,1000,1000,1000,1000,0,0,0,0,0
2025-12-15 01:11:32.123,SERVO_OUTPUT_RAW,2247309770,SERVO_OUTPUT_RAW,0,0,0,0,0,0,0,0,1000,1000,1000,1000,0,0,0,0,0
2025-12-15 01:11:32.222,SERVO_OUTPUT_RAW,2247409782,SERVO_OUTPUT_RAW,0,0,0,0,0,0,0,0,1000,1000,1000,1000,0,0,0,0,0
2025-12-15 01:11:32.322,SERVO_OUTPUT_RAW,2247509802,SERVO_OUTPUT_RAW,0,0,0,0,0,0,0,0,1000,1000,1000,1000,0,0,0,0,0
2025-12-15 01:11:32.423,SERVO_OUTPUT_RAW,2247609787,SERVO_OUTPUT_RAW,0,0,0,0,0,0,0,0,1000,1000,1000,1000,0,0,0,0,0
2025-12-15 01:11:32.522,SERVO_OUTPUT_RAW,2247709791,SERVO_OUTPUT_RAW,0,0,0,0,0,0,0,0,1000,1000,1000,1000,0,0,0,0,0
2025-12-15 01:11:32.622,SERVO_OUTPUT_RAW,2247809803,SERVO_OUTPUT_RAW,0,0,0,0,0,0,0,0,1000,1000,1000,1000,0,0,0,0,0
2025-12-15 01:11:32.722,SERVO_OUTPUT_RAW,2247912171,SERVO_OUTPUT_RAW,0,0,0,0,0,0,0,0,1000,1000,1000,1000,0,0,0,0,0
2025-12-15 01:11:32.822,SERVO_OUTPUT_RAW,2248009856,SERVO_OUTPUT_RAW,0,0,0,0,0,0,0,0,1000,1000,1000,1000,0,0,0,0,0
2025-12-15 01:11:32.922,SERVO_OUTPUT_RAW,2248109804,SERVO_OUTPUT_RAW,0,0,0,0,0,0,0,0,1000,1000,1000,1000,0,0,0,0,0
2025-12-15 01:11:33.022,SERVO_OUTPUT_RAW,2248209820,SERVO_OUTPUT_RAW,0,0,0,0,0,0,0,0,1000,1000,1000,1000,0,0,0,0,0
2025-12-15 01:11:33.122,SERVO_OUTPUT_RAW,2248309828,SERVO_OUTPUT_RAW,0,0,0,0,0,0,0,0,1000,1000,1000,1000,0,0,0,0,0
2025-12-15 01:11:33.222,SERVO_OUTPUT_RAW,2248412001,SERVO_OUTPUT_RAW,0,0,0,0,0,0,0,0,1000,1000,1000,1000,0,0,0,0,0
2025-12-15 01:11:33.322,SERVO_OUTPUT_RAW,2248509820,SERVO_OUTPUT_RAW,0,0,0,0,0,0,0,0,1000,1000,1000,1000,0,0,0,0,0
2025-12-15 01:11:33.422,SERVO_OUTPUT_RAW,2248609804,SERVO_OUTPUT_RAW,0,0,0,0,0,0,0,0,1000,1000,1000,1000,0,0,0,0,0
2025-12-15 01:11:33.522,SERVO_OUTPUT_RAW,2248709817,SERVO_OUTPUT_RAW,0,0,0,0,0,0,0,0,1000,1000,1000,1000,0,0,0,0,0
2025-12-15 01:11:33.622,SERVO_OUTPUT_RAW,2248809819,SERVO_OUTPUT_RAW,0,0,0,0,0,0,0,0,1000,1000,1000,1000,0,0,0,0,0
2025-12-15 01:11:33.722,SERVO_OUTPUT_RAW,2248909779,SERVO_OUTPUT_RAW,0,0,0,0,0,0,0,0,1000,1000,1000,1000,0,0,0,0,0
2025-12-15 01:11:33.822,SERVO_OUTPUT_RAW,2249009786,SERVO_OUTPUT_RAW,0,0,0,0,0,0,0,0,1000,1000,1000,1000,0,0,0,0,0
2025-12-15 01:11:33.922,SERVO_OUTPUT_RAW,2249109794,SERVO_OUTPUT_RAW,0,0,0,0,0,0,0,0,1000,1000,1000,1000,0,0,0,0,0
2025-12-15 01:11:34.022,SERVO_OUTPUT_RAW,2249209779,SERVO_OUTPUT_RAW,0,0,0,0,0,0,0,0,1000,1000,1000,1000,0,0,0,0,0
2025-12-15 01:11:34.122,SERVO_OUTPUT_RAW,2249309804,SERVO_OUTPUT_RAW,0,0,0,0,0,0,0,0,1000,1000,1000,1000,0,0,0,0,0
2025-12-15 01:11:34.222,SERVO_OUTPUT_RAW,2249412145,SERVO_OUTPUT_RAW,0,0,0,0,0,0,0,0,1000,1000,1000,1000,0,0,0,0,0
2025-12-15 01:11:34.322,SERVO_OUTPUT_RAW,2249509833,SERVO_OUTPUT_RAW,0,0,0,0,0,0,0,0,1000,1000,1000,1000,0,0,0,0,0
2025-12-15 01:11:34.422,SERVO_OUTPUT_RAW,2249609853,SERVO_OUTPUT_RAW,0,0,0,0,0,0,0,0,1000,1000,1000,1000,0,0,0,0,0
2025-12-15 01:11:34.523,SERVO_OUTPUT_RAW,2249709794,SERVO_OUTPUT_RAW,0,0,0,0,0,0,0,0,1000,1000,1000,1000,0,0,0,0,0
2025-12-15 01:11:34.622,SERVO_OUTPUT_RAW,2249809830,SERVO_OUTPUT_RAW,0,0,0,0,0,0,0,0,1000,1000,1000,1000,0,0,0,0,0
2025-12-15 01:11:34.722,SERVO_OUTPUT_RAW,2249909852,SERVO_OUTPUT_RAW,0,0,0,0,0,0,0,0,1000,1000,1000,1000,0,0,0,0,0
2025-12-15 01:11:34.822,SERVO_OUTPUT_RAW,2250012044,SERVO_OUTPUT_RAW,0,0,0,0,0,0,0,0,1000,1000,1000,1000,0,0,0,0,0
2025-12-15 01:11:34.923,SERVO_OUTPUT_RAW,2250109788,SERVO_OUTPUT_RAW,0,0,0,0,0,0,0,0,1000,1000,1000,1000,0,0,0,0,0
2025-12-15 01:11:35.022,SERVO_OUTPUT_RAW,2250209821,SERVO_OUTPUT_RAW,0,0,0,0,0,0,0,0,1000,1000,1000,1000,0,0,0,0,0
2025-12-15 01:11:35.122,SERVO_OUTPUT_RAW,2250309817,SERVO_OUTPUT_RAW,0,0,0,0,0,0,0,0,1000,1000,1000,1000,0,0,0,0,0
2025-12-15 01:11:35.222,SERVO_OUTPUT_RAW,2250409782,SERVO_OUTPUT_RAW,0,0,0,0,0,0,0,0,1000,1000,1000,1000,0,0,0,0,0
2025-12-15 01:11:35.322,SERVO_OUTPUT_RAW,2250509801,SERVO_OUTPUT_RAW,0,0,0,0,0,0,0,0,1000,1000,1000,1000,0,0,0,0,0
2025-12-15 01:11:35.423,SERVO_OUTPUT_RAW,2250609781,SERVO_OUTPUT_RAW,0,0,0,0,0,0,0,0,1000,1000,1000,1000,0,0,0,0,0
2025-12-15 01:11:35.523,SERVO_OUTPUT_RAW,2250709787,SERVO_OUTPUT_RAW,0,0,0,0,0,0,0,0,1000,1000,1000,1000,0,0,0,0,0
2025-12-15 01:11:35.622,SERVO_OUTPUT_RAW,2250809779,SERVO_OUTPUT_RAW,0,0,0,0,0,0,0,0,1000,1000,1000,1000,0,0,0,0,0
2025-12-15 01:11:35.722,SERVO_OUTPUT_RAW,2250909787,SERVO_OUTPUT_RAW,0,0,0,0,0,0,0,0,1000,1000,1000,1000,0,0,0,0,0
2025-12-15 01:11:35.823,SERVO_OUTPUT_RAW,2251009778,SERVO_OUTPUT_RAW,0,0,0,0,0,0,0,0,1000,1000,1000,1000,0,0,0,0,0
2025-12-15 01:11:35.923,SERVO_OUTPUT_RAW,2251109852,SERVO_OUTPUT_RAW,0,0,0,0,0,0,0,0,1000,1000,1000,1000,0,0,0,0,0
2025-12-15 01:11:36.022,SERVO_OUTPUT_RAW,2251209852,SERVO_OUTPUT_RAW,0,0,0,0,0,0,0,0,1000,1000,1000,1000,0,0,0,0,0
2025-12-15 01:11:36.122,SERVO_OUTPUT_RAW,2251309902,SERVO_OUTPUT_RAW,0,0,0,0,0,0,0,0,1000,1000,1000,1000,0,0,0,0,0
2025-12-15 01:11:36.222,SERVO_OUTPUT_RAW,2251409817,SERVO_OUTPUT_RAW,0,0,0,0,0,0,0,0,1000,1000,1000,1000,0,0,0,0,0
2025-12-15 01:11:36.322,SERVO_OUTPUT_RAW,2251509855,SERVO_OUTPUT_RAW,0,0,0,0,0,0,0,0,1000,1000,1000,1000,0,0,0,0,0
2025-12-15 01:11:36.422,SERVO_OUTPUT_RAW,2251609828,SERVO_OUTPUT_RAW,0,0,0,0,0,0,0,0,1000,1000,1000,1000,0,0,0,0,0
2025-12-15 01:11:36.522,SERVO_OUTPUT_RAW,2251709787,SERVO_OUTPUT_RAW,0,0,0,0,0,0,0,0,1000,1000,1000,1000,0,0,0,0,0
2025-12-15 01:11:36.622,SERVO_OUTPUT_RAW,2251809818,SERVO_OUTPUT_RAW,0,0,0,0,0,0,0,0,1000,1000,1000,1000,0,0,0,0,0
2025-12-15 01:11:36.722,SERVO_OUTPUT_RAW,2251909809,SERVO_OUTPUT_RAW,0,0,0,0,0,0,0,0,1000,1000,1000,1000,0,0,0,0,0
2025-12-15 01:11:36.822,SERVO_OUTPUT_RAW,2252009835,SERVO_OUTPUT_RAW,0,0,0,0,0,0,0,0,1000,1000,1000,1000,0,0,0,0,0
2025-12-15 01:11:36.923,SERVO_OUTPUT_RAW,2252109875,SERVO_OUTPUT_RAW,0,0,0,0,0,0,0,0,1000,1000,1000,1000,0,0,0,0,0
2025-12-15 01:11:37.023,SERVO_OUTPUT_RAW,2252209786,SERVO_OUTPUT_RAW,0,0,0,0,0,0,0,0,1000,1000,1000,1000,0,0,0,0,0
2025-12-15 01:11:37.122,SERVO_OUTPUT_RAW,2252309801,SERVO_OUTPUT_RAW,0,0,0,0,0,0,0,0,1000,1000,1000,1000,0,0,0,0,0
2025-12-15 01:11:37.222,SERVO_OUTPUT_RAW,2252409797,SERVO_OUTPUT_RAW,0,0,0,0,0,0,0,0,1000,1000,1000,1000,0,0,0,0,0
2025-12-15 01:11:37.322,SERVO_OUTPUT_RAW,2252509813,SERVO_OUTPUT_RAW,0,0,0,0,0,0,0,0,1000,1000,1000,1000,0,0,0,0,0
2025-12-15 01:11:37.422,SERVO_OUTPUT_RAW,2252609849,SERVO_OUTPUT_RAW,0,0,0,0,0,0,0,0,1000,1000,1000,1000,0,0,0,0,0
2025-12-15 01:11:37.523,SERVO_OUTPUT_RAW,2252709848,SERVO_OUTPUT_RAW,0,0,0,0,0,0,0,0,1000,1000,1000,1000,0,0,0,0,0
2025-12-15 01:11:37.622,SERVO_OUTPUT_RAW,2252809808,SERVO_OUTPUT_RAW,0,0,0,0,0,0,0,0,1000,1000,1000,1000,0,0,0,0,0
2025-12-15 01:11:37.723,SERVO_OUTPUT_RAW,2252909842,SERVO_OUTPUT_RAW,0,0,0,0,0,0,0,0,1000,1000,1000,1000,0,0,0,0,0
2025-12-15 01:11:37.823,SERVO_OUTPUT_RAW,2253009836,SERVO_OUTPUT_RAW,0,0,0,0,0,0,0,0,1000,1000,1000,1000,0,0,0,0,0
2025-12-15 01:11:37.922,SERVO_OUTPUT_RAW,2253109850,SERVO_OUTPUT_RAW,0,0,0,0,0,0,0,0,1000,1000,1000,1000,0,0,0,0,0
2025-12-15 01:11:38.022,SERVO_OUTPUT_RAW,2253209783,SERVO_OUTPUT_RAW,0,0,0,0,0,0,0,0,1000,1000,1000,1000,0,0,0,0,0
2025-12-15 01:11:38.122,SERVO_OUTPUT_RAW,2253309791,SERVO_OUTPUT_RAW,0,0,0,0,0,0,0,0,1000,1000,1000,1000,0,0,0,0,0
2025-12-15 01:11:38.223,SERVO_OUTPUT_RAW,2253409817,SERVO_OUTPUT_RAW,0,0,0,0,0,0,0,0,1000,1000,1000,1000,0,0,0,0,0
2025-12-15 01:11:38.323,SERVO_OUTPUT_RAW,2253509817,SERVO_OUTPUT_RAW,0,0,0,0,0,0,0,0,1000,1000,1000,1000,0,0,0,0,0
2025-12-15 01:11:38.422,SERVO_OUTPUT_RAW,2253609789,SERVO_OUTPUT_RAW,0,0,0,0,0,0,0,0,1000,1000,1000,1000,0,0,0,0,0
2025-12-15 01:11:38.523,SERVO_OUTPUT_RAW,2253709779,SERVO_OUTPUT_RAW,0,0,0,0,0,0,0,0,1000,1000,1000,1000,0,0,0,0,0
2025-12-15 01:11:38.623,SERVO_OUTPUT_RAW,2253809795,SERVO_OUTPUT_RAW,0,0,0,0,0,0,0,0,1000,1000,1000,1000,0,0,0,0,0
2025-12-15 01:11:38.723,SERVO_OUTPUT_RAW,2253909791,SERVO_OUTPUT_RAW,0,0,0,0,0,0,0,0,1000,1000,1000,1000,0,0,0,0,0
2025-12-15 01:11:38.823,SERVO_OUTPUT_RAW,2254009798,SERVO_OUTPUT_RAW,0,0,0,0,0,0,0,0,1000,1000,1000,1000,0,0,0,0,0
2025-12-15 01:11:38.923,SERVO_OUTPUT_RAW,2254109824,SERVO_OUTPUT_RAW,0,0,0,0,0,0,0,0,1000,1000,1000,1000,0,0,0,0,0
2025-12-15 01:11:39.023,SERVO_OUTPUT_RAW,2254212168,SERVO_OUTPUT_RAW,0,0,0,0,0,0,0,0,1000,1000,1000,1000,0,0,0,0,0
2025-12-15 01:11:39.123,SERVO_OUTPUT_RAW,2254309850,SERVO_OUTPUT_RAW,0,0,0,0,0,0,0,0,1000,1000,1000,1000,0,0,0,0,0
2025-12-15 01:11:39.223,SERVO_OUTPUT_RAW,2254409785,SERVO_OUTPUT_RAW,0,0,0,0,0,0,0,0,1000,1000,1000,1000,0,0,0,0,0
2025-12-15 01:11:39.323,SERVO_OUTPUT_RAW,2254509832,SERVO_OUTPUT_RAW,0,0,0,0,0,0,0,0,1000,1000,1000,1000,0,0,0,0,0
2025-12-15 01:11:39.423,SERVO_OUTPUT_RAW,2254609854,SERVO_OUTPUT_RAW,0,0,0,0,0,0,0,0,1000,1000,1000,1000,0,0,0,0,0
2025-12-15 01:11:39.523,SERVO_OUTPUT_RAW,2254709853,SERVO_OUTPUT_RAW,0,0,0,0,0,0,0,0,1000,1000,1000,1000,0,0,0,0,0
2025-12-15 01:11:39.623,SERVO_OUTPUT_RAW,2254809783,SERVO_OUTPUT_RAW,0,0,0,0,0,0,0,0,1000,1000,1000,1000,0,0,0,0,0
2025-12-15 01:11:39.723,SERVO_OUTPUT_RAW,2254909800,SERVO_OUTPUT_RAW,0,0,0,0,0,0,0,0,1000,1000,1000,1000,0,0,0,0,0
2025-12-15 01:11:39.823,SERVO_OUTPUT_RAW,2255009819,SERVO_OUTPUT_RAW,0,0,0,0,0,0,0,0,1000,1000,1000,1000,0,0,0,0,0
2025-12-15 01:11:39.924,SERVO_OUTPUT_RAW,2255109781,SERVO_OUTPUT_RAW,0,0,0,0,0,0,0,0,1000,1000,1000,1000,0,0,0,0,0
2025-12-15 01:11:40.023,SERVO_OUTPUT_RAW,2255209795,SERVO_OUTPUT_RAW,0,0,0,0,0,0,0,0,1000,1000,1000,1000,0,0,0,0,0
2025-12-15 01:11:40.123,SERVO_OUTPUT_RAW,2255309801,SERVO_OUTPUT_RAW,0,0,0,0,0,0,0,0,1000,1000,1000,1000,0,0,0,0,0
2025-12-15 01:11:40.223,SERVO_OUTPUT_RAW,2255409779,SERVO_OUTPUT_RAW,0,0,0,0,0,0,0,0,1000,1000,1000,1000,0,0,0,0,0
2025-12-15 01:11:40.323,SERVO_OUTPUT_RAW,2255509804,SERVO_OUTPUT_RAW,0,0,0,0,0,0,0,0,1000,1000,1000,1000,0,0,0,0,0
2025-12-15 01:11:40.423,SERVO_OUTPUT_RAW,2255609809,SERVO_OUTPUT_RAW,0,0,0,0,0,0,0,0,1000,1000,1000,1000,0,0,0,0,0
2025-12-15 01:11:40.523,SERVO_OUTPUT_RAW,2255709826,SERVO_OUTPUT_RAW,0,0,0,0,0,0,0,0,1000,1000,1000,1000,0,0,0,0,0
2025-12-15 01:11:40.623,SERVO_OUTPUT_RAW,2255809797,SERVO_OUTPUT_RAW,0,0,0,0,0,0,0,0,1000,1000,1000,1000,0,0,0,0,0
2025-12-15 01:11:40.723,SERVO_OUTPUT_RAW,2255909809,SERVO_OUTPUT_RAW,0,0,0,0,0,0,0,0,1000,1000,1000,1000,0,0,0,0,0
2025-12-15 01:11:40.823,SERVO_OUTPUT_RAW,2256009802,SERVO_OUTPUT_RAW,0,0,0,0,0,0,0,0,1000,1000,1000,1000,0,0,0,0,0
2025-12-15 01:11:40.923,SERVO_OUTPUT_RAW,2256109815,SERVO_OUTPUT_RAW,0,0,0,0,0,0,0,0,1000,1000,1000,1000,0,0,0,0,0
2025-12-15 01:11:41.023,SERVO_OUTPUT_RAW,2256209833,SERVO_OUTPUT_RAW,0,0,0,0,0,0,0,0,1000,1000,1000,1000,0,0,0,0,0
2025-12-15 01:11:41.123,SERVO_OUTPUT_RAW,2256309903,SERVO_OUTPUT_RAW,0,0,0,0,0,0,0,0,1000,1000,1000,1000,0,0,0,0,0
2025-12-15 01:11:41.223,SERVO_OUTPUT_RAW,2256409778,SERVO_OUTPUT_RAW,0,0,0,0,0,0,0,0,1000,1000,1000,1000,0,0,0,0,0
2025-12-15 01:11:41.323,SERVO_OUTPUT_RAW,2256509937,SERVO_OUTPUT_RAW,0,0,0,0,0,0,0,0,1000,1000,1000,1000,0,0,0,0,0
2025-12-15 01:11:41.424,SERVO_OUTPUT_RAW,2256609821,SERVO_OUTPUT_RAW,0,0,0,0,0,0,0,0,1000,1000,1000,1000,0,0,0,0,0
2025-12-15 01:11:41.524,SERVO_OUTPUT_RAW,2256709779,SERVO_OUTPUT_RAW,0,0,0,0,0,0,0,0,1000,1000,1000,1000,0,0,0,0,0
2025-12-15 01:11:41.623,SERVO_OUTPUT_RAW,2256809779,SERVO_OUTPUT_RAW,0,0,0,0,0,0,0,0,1000,1000,1000,1000,0,0,0,0,0
2025-12-15 01:11:41.722,SERVO_OUTPUT_RAW,2256909785,SERVO_OUTPUT_RAW,0,0,0,0,0,0,0,0,1000,1000,1000,1000,0,0,0,0,0
2025-12-15 01:11:41.822,SERVO_OUTPUT_RAW,2257009779,SERVO_OUTPUT_RAW,0,0,0,0,0,0,0,0,1000,1000,1000,1000,0,0,0,0,0
2025-12-15 01:11:41.922,SERVO_OUTPUT_RAW,2257109801,SERVO_OUTPUT_RAW,0,0,0,0,0,0,0,0,1000,1000,1000,1000,0,0,0,0,0
2025-12-15 01:11:42.022,SERVO_OUTPUT_RAW,2257209820,SERVO_OUTPUT_RAW,0,0,0,0,0,0,0,0,1000,1000,1000,1000,0,0,0,0,0
2025-12-15 01:11:42.122,SERVO_OUTPUT_RAW,2257309823,SERVO_OUTPUT_RAW,0,0,0,0,0,0,0,0,1000,1000,1000,1000,0,0,0,0,0
2025-12-15 01:11:42.222,SERVO_OUTPUT_RAW,2257412143,SERVO_OUTPUT_RAW,0,0,0,0,0,0,0,0,1000,1000,1000,1000,0,0,0,0,0
2025-12-15 01:11:42.323,SERVO_OUTPUT_RAW,2257509795,SERVO_OUTPUT_RAW,0,0,0,0,0,0,0,0,1000,1000,1000,1000,0,0,0,0,0
2025-12-15 01:11:42.424,SERVO_OUTPUT_RAW,2257609811,SERVO_OUTPUT_RAW,0,0,0,0,0,0,0,0,1000,1000,1000,1000,0,0,0,0,0
2025-12-15 01:11:42.522,SERVO_OUTPUT_RAW,2257709844,SERVO_OUTPUT_RAW,0,0,0,0,0,0,0,0,1000,1000,1000,1000,0,0,0,0,0
2025-12-15 01:11:42.622,SERVO_OUTPUT_RAW,2257809835,SERVO_OUTPUT_RAW,0,0,0,0,0,0,0,0,1000,1000,1000,1000,0,0,0,0,0
2025-12-15 01:11:42.722,SERVO_OUTPUT_RAW,2257909797,SERVO_OUTPUT_RAW,0,0,0,0,0,0,0,0,1000,1000,1000,1000,0,0,0,0,0
2025-12-15 01:11:42.823,SERVO_OUTPUT_RAW,2258009808,SERVO_OUTPUT_RAW,0,0,0,0,0,0,0,0,1000,1000,1000,1000,0,0,0,0,0
2025-12-15 01:11:42.923,SERVO_OUTPUT_RAW,2258109814,SERVO_OUTPUT_RAW,0,0,0,0,0,0,0,0,1000,1000,1000,1000,0,0,0,0,0
2025-12-15 01:11:43.023,SERVO_OUTPUT_RAW,2258209780,SERVO_OUTPUT_RAW,0,0,0,0,0,0,0,0,1000,1000,1000,1000,0,0,0,0,0
2025-12-15 01:11:43.122,SERVO_OUTPUT_RAW,2258309788,SERVO_OUTPUT_RAW,0,0,0,0,0,0,0,0,1000,1000,1000,1000,0,0,0,0,0
2025-12-15 01:11:43.222,SERVO_OUTPUT_RAW,2258409791,SERVO_OUTPUT_RAW,0,0,0,0,0,0,0,0,1000,1000,1000,1000,0,0,0,0,0
2025-12-15 01:11:43.322,SERVO_OUTPUT_RAW,2258509782,SERVO_OUTPUT_RAW,0,0,0,0,0,0,0,0,1000,1000,1000,1000,0,0,0,0,0
2025-12-15 01:11:43.423,SERVO_OUTPUT_RAW,2258609788,SERVO_OUTPUT_RAW,0,0,0,0,0,0,0,0,1000,1000,1000,1000,0,0,0,0,0
2025-12-15 01:11:43.523,SERVO_OUTPUT_RAW,2258709780,SERVO_OUTPUT_RAW,0,0,0,0,0,0,0,0,1000,1000,1000,1000,0,0,0,0,0
2025-12-15 01:11:43.623,SERVO_OUTPUT_RAW,2258809831,SERVO_OUTPUT_RAW,0,0,0,0,0,0,0,0,1000,1000,1000,1000,0,0,0,0,0
2025-12-15 01:11:43.723,SERVO_OUTPUT_RAW,2258909860,SERVO_OUTPUT_RAW,0,0,0,0,0,0,0,0,1000,1000,1000,1000,0,0,0,0,0
2025-12-15 01:11:43.823,SERVO_OUTPUT_RAW,2259009848,SERVO_OUTPUT_RAW,0,0,0,0,0,0,0,0,1000,1000,1000,1000,0,0,0,0,0
2025-12-15 01:11:43.923,SERVO_OUTPUT_RAW,2259109811,SERVO_OUTPUT_RAW,0,0,0,0,0,0,0,0,1000,1000,1000,1000,0,0,0,0,0
2025-12-15 01:11:44.022,SERVO_OUTPUT_RAW,2259209828,SERVO_OUTPUT_RAW,0,0,0,0,0,0,0,0,1000,1000,1000,1000,0,0,0,0,0
2025-12-15 01:11:44.122,SERVO_OUTPUT_RAW,2259309839,SERVO_OUTPUT_RAW,0,0,0,0,0,0,0,0,1000,1000,1000,1000,0,0,0,0,0
2025-12-15 01:11:44.222,SERVO_OUTPUT_RAW,2259409850,SERVO_OUTPUT_RAW,0,0,0,0,0,0,0,0,1000,1000,1000,1000,0,0,0,0,0
2025-12-15 01:11:44.322,SERVO_OUTPUT_RAW,2259509862,SERVO_OUTPUT_RAW,0,0,0,0,0,0,0,0,1000,1000,1000,1000,0,0,0,0,0
2025-12-15 01:11:44.422,SERVO_OUTPUT_RAW,2259609819,SERVO_OUTPUT_RAW,0,0,0,0,0,0,0,0,1000,1000,1000,1000,0,0,0,0,0
2025-12-15 01:11:44.522,SERVO_OUTPUT_RAW,2259709816,SERVO_OUTPUT_RAW,0,0,0,0,0,0,0,0,1000,1000,1000,1000,0,0,0,0,0
2025-12-15 01:11:44.622,SERVO_OUTPUT_RAW,2259809776,SERVO_OUTPUT_RAW,0,0,0,0,0,0,0,0,1000,1000,1000,1000,0,0,0,0,0
2025-12-15 01:11:44.722,SERVO_OUTPUT_RAW,2259909791,SERVO_OUTPUT_RAW,0,0,0,0,0,0,0,0,1000,1000,1000,1000,0,0,0,0,0
2025-12-15 01:11:44.822,SERVO_OUTPUT_RAW,2260009804,SERVO_OUTPUT_RAW,0,0,0,0,0,0,0,0,1000,1000,1000,1000,0,0,0,0,0
2025-12-15 01:11:44.922,SERVO_OUTPUT_RAW,2260109804,SERVO_OUTPUT_RAW,0,0,0,0,0,0,0,0,1000,1000,1000,1000,0,0,0,0,0
2025-12-15 01:11:45.022,SERVO_OUTPUT_RAW,2260209796,SERVO_OUTPUT_RAW,0,0,0,0,0,0,0,0,1000,1000,1000,1000,0,0,0,0,0
2025-12-15 01:11:45.122,SERVO_OUTPUT_RAW,2260309839,SERVO_OUTPUT_RAW,0,0,0,0,0,0,0,0,1000,1000,1000,1000,0,0,0,0,0
2025-12-15 01:11:45.222,SERVO_OUTPUT_RAW,2260409849,SERVO_OUTPUT_RAW,0,0,0,0,0,0,0,0,1000,1000,1000,1000,0,0,0,0,0
2025-12-15 01:11:45.322,SERVO_OUTPUT_RAW,2260509885,SERVO_OUTPUT_RAW,0,0,0,0,0,0,0,0,1000,1000,1000,1000,0,0,0,0,0
2025-12-15 01:11:45.423,SERVO_OUTPUT_RAW,2260609809,SERVO_OUTPUT_RAW,0,0,0,0,0,0,0,0,1000,1000,1000,1000,0,0,0,0,0
2025-12-15 01:11:45.523,SERVO_OUTPUT_RAW,2260709798,SERVO_OUTPUT_RAW,0,0,0,0,0,0,0,0,1000,1000,1000,1000,0,0,0,0,0
2025-12-15 01:11:45.622,SERVO_OUTPUT_RAW,2260809831,SERVO_OUTPUT_RAW,0,0,0,0,0,0,0,0,1000,1000,1000,1000,0,0,0,0,0
2025-12-15 01:11:45.723,SERVO_OUTPUT_RAW,2260909856,SERVO_OUTPUT_RAW,0,0,0,0,0,0,0,0,1000,1000,1000,1000,0,0,0,0,0
2025-12-15 01:11:45.822,SERVO_OUTPUT_RAW,2261009905,SERVO_OUTPUT_RAW,0,0,0,0,0,0,0,0,1000,1000,1000,1000,0,0,0,0,0
2025-12-15 01:11:45.923,SERVO_OUTPUT_RAW,2261109797,SERVO_OUTPUT_RAW,0,0,0,0,0,0,0,0,1000,1000,1000,1000,0,0,0,0,0
2025-12-15 01:11:46.023,SERVO_OUTPUT_RAW,2261209823,SERVO_OUTPUT_RAW,0,0,0,0,0,0,0,0,1000,1000,1000,1000,0,0,0,0,0
2025-12-15 01:11:46.123,SERVO_OUTPUT_RAW,2261309826,SERVO_OUTPUT_RAW,0,0,0,0,0,0,0,0,1000,1000,1000,1000,0,0,0,0,0
2025-12-15 01:11:46.223,SERVO_OUTPUT_RAW,2261409784,SERVO_OUTPUT_RAW,0,0,0,0,0,0,0,0,1000,1000,1000,1000,0,0,0,0,0
2025-12-15 01:11:46.323,SERVO_OUTPUT_RAW,2261509789,SERVO_OUTPUT_RAW,0,0,0,0,0,0,0,0,1000,1000,1000,1000,0,0,0,0,0
2025-12-15 01:11:46.423,SERVO_OUTPUT_RAW,2261609826,SERVO_OUTPUT_RAW,0,0,0,0,0,0,0,0,1000,1000,1000,1000,0,0,0,0,0
2025-12-15 01:11:46.523,SERVO_OUTPUT_RAW,2261709775,SERVO_OUTPUT_RAW,0,0,0,0,0,0,0,0,1000,1000,1000,1000,0,0,0,0,0
2025-12-15 01:11:46.623,SERVO_OUTPUT_RAW,2261809783,SERVO_OUTPUT_RAW,0,0,0,0,0,0,0,0,1000,1000,1000,1000,0,0,0,0,0
2025-12-15 01:11:46.723,SERVO_OUTPUT_RAW,2261909829,SERVO_OUTPUT_RAW,0,0,0,0,0,0,0,0,1000,1000,1000,1000,0,0,0,0,0
2025-12-15 01:11:46.823,SERVO_OUTPUT_RAW,2262009790,SERVO_OUTPUT_RAW,0,0,0,0,0,0,0,0,1000,1000,1000,1000,0,0,0,0,0
2025-12-15 01:11:46.923,SERVO_OUTPUT_RAW,2262109799,SERVO_OUTPUT_RAW,0,0,0,0,0,0,0,0,1000,1000,1000,1000,0,0,0,0,0
2025-12-15 01:11:47.023,SERVO_OUTPUT_RAW,2262209784,SERVO_OUTPUT_RAW,0,0,0,0,0,0,0,0,1000,1000,1000,1000,0,0,0,0,0
2025-12-15 01:11:47.123,SERVO_OUTPUT_RAW,2262309827,SERVO_OUTPUT_RAW,0,0,0,0,0,0,0,0,1000,1000,1000,1000,0,0,0,0,0
2025-12-15 01:11:47.223,SERVO_OUTPUT_RAW,2262409849,SERVO_OUTPUT_RAW,0,0,0,0,0,0,0,0,1000,1000,1000,1000,0,0,0,0,0
2025-12-15 01:11:47.323,SERVO_OUTPUT_RAW,2262509855,SERVO_OUTPUT_RAW,0,0,0,0,0,0,0,0,1000,1000,1000,1000,0,0,0,0,0
2025-12-15 01:11:47.425,SERVO_OUTPUT_RAW,2262609801,SERVO_OUTPUT_RAW,0,0,0,0,0,0,0,0,1000,1000,1000,1000,0,0,0,0,0
2025-12-15 01:11:47.523,SERVO_OUTPUT_RAW,2262709798,SERVO_OUTPUT_RAW,0,0,0,0,0,0,0,0,1000,1000,1000,1000,0,0,0,0,0
2025-12-15 01:11:47.623,SERVO_OUTPUT_RAW,2262809829,SERVO_OUTPUT_RAW,0,0,0,0,0,0,0,0,1000,1000,1000,1000,0,0,0,0,0
2025-12-15 01:11:47.723,SERVO_OUTPUT_RAW,2262909826,SERVO_OUTPUT_RAW,0,0,0,0,0,0,0,0,1000,1000,1000,1000,0,0,0,0,0
2025-12-15 01:11:47.823,SERVO_OUTPUT_RAW,2263009779,SERVO_OUTPUT_RAW,0,0,0,0,0,0,0,0,1000,1000,1000,1000,0,0,0,0,0
2025-12-15 01:11:47.923,SERVO_OUTPUT_RAW,2263109793,SERVO_OUTPUT_RAW,0,0,0,0,0,0,0,0,1000,1000,1000,1000,0,0,0,0,0
2025-12-15 01:11:48.023,SERVO_OUTPUT_RAW,2263209784,SERVO_OUTPUT_RAW,0,0,0,0,0,0,0,0,1000,1000,1000,1000,0,0,0,0,0
2025-12-15 01:11:48.123,SERVO_OUTPUT_RAW,2263312115,SERVO_OUTPUT_RAW,0,0,0,0,0,0,0,0,1000,1000,1000,1000,0,0,0,0,0
2025-12-15 01:11:48.223,SERVO_OUTPUT_RAW,2263409831,SERVO_OUTPUT_RAW,0,0,0,0,0,0,0,0,1000,1000,1000,1000,0,0,0,0,0
2025-12-15 01:11:48.323,SERVO_OUTPUT_RAW,2263509833,SERVO_OUTPUT_RAW,0,0,0,0,0,0,0,0,1000,1000,1000,1000,0,0,0,0,0
2025-12-15 01:11:48.423,SERVO_OUTPUT_RAW,2263609848,SERVO_OUTPUT_RAW,0,0,0,0,0,0,0,0,1000,1000,1000,1000,0,0,0,0,0
2025-12-15 01:11:48.523,SERVO_OUTPUT_RAW,2263709904,SERVO_OUTPUT_RAW,0,0,0,0,0,0,0,0,1000,1000,1000,1000,0,0,0,0,0
2025-12-15 01:11:48.623,SERVO_OUTPUT_RAW,2263809814,SERVO_OUTPUT_RAW,0,0,0,0,0,0,0,0,1000,1000,1000,1000,0,0,0,0,0
2025-12-15 01:11:48.723,SERVO_OUTPUT_RAW,2263909837,SERVO_OUTPUT_RAW,0,0,0,0,0,0,0,0,1000,1000,1000,1000,0,0,0,0,0
2025-12-15 01:11:48.823,SERVO_OUTPUT_RAW,2264009836,SERVO_OUTPUT_RAW,0,0,0,0,0,0,0,0,1000,1000,1000,1000,0,0,0,0,0
2025-12-15 01:11:48.923,SERVO_OUTPUT_RAW,2264109787,SERVO_OUTPUT_RAW,0,0,0,0,0,0,0,0,1000,1000,1000,1000,0,0,0,0,0
2025-12-15 01:11:49.023,SERVO_OUTPUT_RAW,2264209789,SERVO_OUTPUT_RAW,0,0,0,0,0,0,0,0,1000,1000,1000,1000,0,0,0,0,0
2025-12-15 01:11:49.124,SERVO_OUTPUT_RAW,2264309811,SERVO_OUTPUT_RAW,0,0,0,0,0,0,0,0,1000,1000,1000,1000,0,0,0,0,0
2025-12-15 01:11:49.223,SERVO_OUTPUT_RAW,2264409820,SERVO_OUTPUT_RAW,0,0,0,0,0,0,0,0,1000,1000,1000,1000,0,0,0,0,0
2025-12-15 01:11:49.323,SERVO_OUTPUT_RAW,2264509787,SERVO_OUTPUT_RAW,0,0,0,0,0,0,0,0,1000,1000,1000,1000,0,0,0,0,0
2025-12-15 01:11:49.423,SERVO_OUTPUT_RAW,2264609798,SERVO_OUTPUT_RAW,0,0,0,0,0,0,0,0,1000,1000,1000,1000,0,0,0,0,0
2025-12-15 01:11:49.523,SERVO_OUTPUT_RAW,2264709801,SERVO_OUTPUT_RAW,0,0,0,0,0,0,0,0,1000,1000,1000,1000,0,0,0,0,0
2025-12-15 01:11:49.623,SERVO_OUTPUT_RAW,2264809786,SERVO_OUTPUT_RAW,0,0,0,0,0,0,0,0,1000,1000,1000,1000,0,0,0,0,0
2025-12-15 01:11:49.723,SERVO_OUTPUT_RAW,2264912118,SERVO_OUTPUT_RAW,0,0,0,0,0,0,0,0,1000,1000,1000,1000,0,0,0,0,0
2025-12-15 01:11:49.823,SERVO_OUTPUT_RAW,2265009813,SERVO_OUTPUT_RAW,0,0,0,0,0,0,0,0,1000,1000,1000,1000,0,0,0,0,0
2025-12-15 01:11:49.947,SERVO_OUTPUT_RAW,2265109780,SERVO_OUTPUT_RAW,0,0,0,0,0,0,0,0,1000,1000,1000,1000,0,0,0,0,0
2025-12-15 01:11:50.024,SERVO_OUTPUT_RAW,2265209852,SERVO_OUTPUT_RAW,0,0,0,0,0,0,0,0,1000,1000,1000,1000,0,0,0,0,0
2025-12-15 01:11:50.124,SERVO_OUTPUT_RAW,2265309808,SERVO_OUTPUT_RAW,0,0,0,0,0,0,0,0,1000,1000,1000,1000,0,0,0,0,0
2025-12-15 01:11:50.223,SERVO_OUTPUT_RAW,2265409813,SERVO_OUTPUT_RAW,0,0,0,0,0,0,0,0,1000,1000,1000,1000,0,0,0,0,0
2025-12-15 01:11:50.323,SERVO_OUTPUT_RAW,2265509853,SERVO_OUTPUT_RAW,0,0,0,0,0,0,0,0,1000,1000,1000,1000,0,0,0,0,0
2025-12-15 01:11:50.423,SERVO_OUTPUT_RAW,2265609846,SERVO_OUTPUT_RAW,0,0,0,0,0,0,0,0,1000,1000,1000,1000,0,0,0,0,0
2025-12-15 01:11:50.523,SERVO_OUTPUT_RAW,2265709787,SERVO_OUTPUT_RAW,0,0,0,0,0,0,0,0,1000,1000,1000,1000,0,0,0,0,0
2025-12-15 01:11:50.623,SERVO_OUTPUT_RAW,2265809894,SERVO_OUTPUT_RAW,0,0,0,0,0,0,0,0,1000,1000,1000,1000,0,0,0,0,0
2025-12-15 01:11:50.724,SERVO_OUTPUT_RAW,2265909825,SERVO_OUTPUT_RAW,0,0,0,0,0,0,0,0,1000,1000,1000,1000,0,0,0,0,0
2025-12-15 01:11:50.824,SERVO_OUTPUT_RAW,2266009775,SERVO_OUTPUT_RAW,0,0,0,0,0,0,0,0,1000,1000,1000,1000,0,0,0,0,0
2025-12-15 01:11:50.923,SERVO_OUTPUT_RAW,2266109775,SERVO_OUTPUT_RAW,0,0,0,0,0,0,0,0,1000,1000,1000,1000,0,0,0,0,0
2025-12-15 01:11:51.023,SERVO_OUTPUT_RAW,2266209801,SERVO_OUTPUT_RAW,0,0,0,0,0,0,0,0,1000,1000,1000,1000,0,0,0,0,0
2025-12-15 01:11:51.123,SERVO_OUTPUT_RAW,2266309799,SERVO_OUTPUT_RAW,0,0,0,0,0,0,0,0,1000,1000,1000,1000,0,0,0,0,0
2025-12-15 01:11:51.223,SERVO_OUTPUT_RAW,2266409806,SERVO_OUTPUT_RAW,0,0,0,0,0,0,0,0,1000,1000,1000,1000,0,0,0,0,0
2025-12-15 01:11:51.322,SERVO_OUTPUT_RAW,2266509785,SERVO_OUTPUT_RAW,0,0,0,0,0,0,0,0,1000,1000,1000,1000,0,0,0,0,0
2025-12-15 01:11:51.423,SERVO_OUTPUT_RAW,2266609820,SERVO_OUTPUT_RAW,0,0,0,0,0,0,0,0,1000,1000,1000,1000,0,0,0,0,0
2025-12-15 01:11:51.523,SERVO_OUTPUT_RAW,2266709827,SERVO_OUTPUT_RAW,0,0,0,0,0,0,0,0,1000,1000,1000,1000,0,0,0,0,0
2025-12-15 01:11:51.622,SERVO_OUTPUT_RAW,2266812135,SERVO_OUTPUT_RAW,0,0,0,0,0,0,0,0,1000,1000,1000,1000,0,0,0,0,0
2025-12-15 01:11:51.722,SERVO_OUTPUT_RAW,2266909793,SERVO_OUTPUT_RAW,0,0,0,0,0,0,0,0,1000,1000,1000,1000,0,0,0,0,0
2025-12-15 01:11:51.822,SERVO_OUTPUT_RAW,2267009817,SERVO_OUTPUT_RAW,0,0,0,0,0,0,0,0,1000,1000,1000,1000,0,0,0,0,0
2025-12-15 01:11:51.923,SERVO_OUTPUT_RAW,2267109843,SERVO_OUTPUT_RAW,0,0,0,0,0,0,0,0,1000,1000,1000,1000,0,0,0,0,0
2025-12-15 01:11:52.024,SERVO_OUTPUT_RAW,2267209852,SERVO_OUTPUT_RAW,0,0,0,0,0,0,0,0,1000,1000,1000,1000,0,0,0,0,0
2025-12-15 01:11:52.123,SERVO_OUTPUT_RAW,2267309795,SERVO_OUTPUT_RAW,0,0,0,0,0,0,0,0,1000,1000,1000,1000,0,0,0,0,0
2025-12-15 01:11:52.222,SERVO_OUTPUT_RAW,2267409819,SERVO_OUTPUT_RAW,0,0,0,0,0,0,0,0,1000,1000,1000,1000,0,0,0,0,0
2025-12-15 01:11:52.322,SERVO_OUTPUT_RAW,2267509816,SERVO_OUTPUT_RAW,0,0,0,0,0,0,0,0,1000,1000,1000,1000,0,0,0,0,0
2025-12-15 01:11:52.422,SERVO_OUTPUT_RAW,2267609777,SERVO_OUTPUT_RAW,0,0,0,0,0,0,0,0,1000,1000,1000,1000,0,0,0,0,0
2025-12-15 01:11:52.523,SERVO_OUTPUT_RAW,2267709783,SERVO_OUTPUT_RAW,0,0,0,0,0,0,0,0,1000,1000,1000,1000,0,0,0,0,0
2025-12-15 01:11:52.622,SERVO_OUTPUT_RAW,2267809802,SERVO_OUTPUT_RAW,0,0,0,0,0,0,0,0,1000,1000,1000,1000,0,0,0,0,0
2025-12-15 01:11:52.722,SERVO_OUTPUT_RAW,2267909822,SERVO_OUTPUT_RAW,0,0,0,0,0,0,0,0,1000,1000,1000,1000,0,0,0,0,0
2025-12-15 01:11:52.823,SERVO_OUTPUT_RAW,2268009786,SERVO_OUTPUT_RAW,0,0,0,0,0,0,0,0,1000,1000,1000,1000,0,0,0,0,0
2025-12-15 01:11:52.922,SERVO_OUTPUT_RAW,2268109800,SERVO_OUTPUT_RAW,0,0,0,0,0,0,0,0,1000,1000,1000,1000,0,0,0,0,0
2025-12-15 01:11:53.023,SERVO_OUTPUT_RAW,2268209851,SERVO_OUTPUT_RAW,0,0,0,0,0,0,0,0,1000,1000,1000,1000,0,0,0,0,0
2025-12-15 01:11:53.123,SERVO_OUTPUT_RAW,2268309850,SERVO_OUTPUT_RAW,0,0,0,0,0,0,0,0,1000,1000,1000,1000,0,0,0,0,0
2025-12-15 01:11:53.222,SERVO_OUTPUT_RAW,2268409786,SERVO_OUTPUT_RAW,0,0,0,0,0,0,0,0,1000,1000,1000,1000,0,0,0,0,0
2025-12-15 01:11:53.323,SERVO_OUTPUT_RAW,2268509810,SERVO_OUTPUT_RAW,0,0,0,0,0,0,0,0,1000,1000,1000,1000,0,0,0,0,0
2025-12-15 01:11:53.423,SERVO_OUTPUT_RAW,2268609821,SERVO_OUTPUT_RAW,0,0,0,0,0,0,0,0,1000,1000,1000,1000,0,0,0,0,0
2025-12-15 01:11:53.523,SERVO_OUTPUT_RAW,2268709852,SERVO_OUTPUT_RAW,0,0,0,0,0,0,0,0,1000,1000,1000,1000,0,0,0,0,0
2025-12-15 01:11:53.622,SERVO_OUTPUT_RAW,2268809817,SERVO_OUTPUT_RAW,0,0,0,0,0,0,0,0,1000,1000,1000,1000,0,0,0,0,0
2025-12-15 01:11:53.723,SERVO_OUTPUT_RAW,2268909817,SERVO_OUTPUT_RAW,0,0,0,0,0,0,0,0,1000,1000,1000,1000,0,0,0,0,0
2025-12-15 01:11:53.823,SERVO_OUTPUT_RAW,2269009818,SERVO_OUTPUT_RAW,0,0,0,0,0,0,0,0,1000,1000,1000,1000,0,0,0,0,0
2025-12-15 01:11:53.923,SERVO_OUTPUT_RAW,2269109851,SERVO_OUTPUT_RAW,0,0,0,0,0,0,0,0,1000,1000,1000,1000,0,0,0,0,0
2025-12-15 01:11:54.023,SERVO_OUTPUT_RAW,2269209786,SERVO_OUTPUT_RAW,0,0,0,0,0,0,0,0,1000,1000,1000,1000,0,0,0,0,0
2025-12-15 01:11:54.123,SERVO_OUTPUT_RAW,2269309786,SERVO_OUTPUT_RAW,0,0,0,0,0,0,0,0,1000,1000,1000,1000,0,0,0,0,0
2025-12-15 01:11:54.223,SERVO_OUTPUT_RAW,2269409784,SERVO_OUTPUT_RAW,0,0,0,0,0,0,0,0,1000,1000,1000,1000,0,0,0,0,0
2025-12-15 01:11:54.323,SERVO_OUTPUT_RAW,2269509787,SERVO_OUTPUT_RAW,0,0,0,0,0,0,0,0,1000,1000,1000,1000,0,0,0,0,0
2025-12-15 01:11:54.423,SERVO_OUTPUT_RAW,2269609783,SERVO_OUTPUT_RAW,0,0,0,0,0,0,0,0,1000,1000,1000,1000,0,0,0,0,0
2025-12-15 01:11:54.523,SERVO_OUTPUT_RAW,2269709826,SERVO_OUTPUT_RAW,0,0,0,0,0,0,0,0,1000,1000,1000,1000,0,0,0,0,0
2025-12-15 01:11:54.623,SERVO_OUTPUT_RAW,2269809834,SERVO_OUTPUT_RAW,0,0,0,0,0,0,0,0,1000,1000,1000,1000,0,0,0,0,0
2025-12-15 01:11:54.723,SERVO_OUTPUT_RAW,2269909810,SERVO_OUTPUT_RAW,0,0,0,0,0,0,0,0,1000,1000,1000,1000,0,0,0,0,0
2025-12-15 01:11:54.823,SERVO_OUTPUT_RAW,2270009819,SERVO_OUTPUT_RAW,0,0,0,0,0,0,0,0,1000,1000,1000,1000,0,0,0,0,0
2025-12-15 01:11:54.923,SERVO_OUTPUT_RAW,2270109827,SERVO_OUTPUT_RAW,0,0,0,0,0,0,0,0,1000,1000,1000,1000,0,0,0,0,0
2025-12-15 01:11:55.023,SERVO_OUTPUT_RAW,2270209841,SERVO_OUTPUT_RAW,0,0,0,0,0,0,0,0,1000,1000,1000,1000,0,0,0,0,0
2025-12-15 01:11:55.123,SERVO_OUTPUT_RAW,2270309845,SERVO_OUTPUT_RAW,0,0,0,0,0,0,0,0,1000,1000,1000,1000,0,0,0,0,0
2025-12-15 01:11:55.223,SERVO_OUTPUT_RAW,2270409786,SERVO_OUTPUT_RAW,0,0,0,0,0,0,0,0,1000,1000,1000,1000,0,0,0,0,0
2025-12-15 01:11:55.323,SERVO_OUTPUT_RAW,2270509796,SERVO_OUTPUT_RAW,0,0,0,0,0,0,0,0,1000,1000,1000,1000,0,0,0,0,0
2025-12-15 01:11:55.423,SERVO_OUTPUT_RAW,2270609829,SERVO_OUTPUT_RAW,0,0,0,0,0,0,0,0,1000,1000,1000,1000,0,0,0,0,0
2025-12-15 01:11:55.523,SERVO_OUTPUT_RAW,2270709833,SERVO_OUTPUT_RAW,0,0,0,0,0,0,0,0,1000,1000,1000,1000,0,0,0,0,0
2025-12-15 01:11:55.623,SERVO_OUTPUT_RAW,2270809793,SERVO_OUTPUT_RAW,0,0,0,0,0,0,0,0,1000,1000,1000,1000,0,0,0,0,0
2025-12-15 01:11:55.723,SERVO_OUTPUT_RAW,2270909801,SERVO_OUTPUT_RAW,0,0,0,0,0,0,0,0,1000,1000,1000,1000,0,0,0,0,0
2025-12-15 01:11:55.823,SERVO_OUTPUT_RAW,2271009830,SERVO_OUTPUT_RAW,0,0,0,0,0,0,0,0,1000,1000,1000,1000,0,0,0,0,0
2025-12-15 01:11:55.923,SERVO_OUTPUT_RAW,2271109784,SERVO_OUTPUT_RAW,0,0,0,0,0,0,0,0,1000,1000,1000,1000,0,0,0,0,0
2025-12-15 01:11:56.023,SERVO_OUTPUT_RAW,2271209794,SERVO_OUTPUT_RAW,0,0,0,0,0,0,0,0,1000,1000,1000,1000,0,0,0,0,0
2025-12-15 01:11:56.123,SERVO_OUTPUT_RAW,2271309846,SERVO_OUTPUT_RAW,0,0,0,0,0,0,0,0,1000,1000,1000,1000,0,0,0,0,0
2025-12-15 01:11:56.223,SERVO_OUTPUT_RAW,2271409841,SERVO_OUTPUT_RAW,0,0,0,0,0,0,0,0,1000,1000,1000,1000,0,0,0,0,0
2025-12-15 01:11:56.323,SERVO_OUTPUT_RAW,2271509802,SERVO_OUTPUT_RAW,0,0,0,0,0,0,0,0,1000,1000,1000,1000,0,0,0,0,0
2025-12-15 01:11:56.423,SERVO_OUTPUT_RAW,2271609870,SERVO_OUTPUT_RAW,0,0,0,0,0,0,0,0,1000,1000,1000,1000,0,0,0,0,0
2025-12-15 01:11:56.523,SERVO_OUTPUT_RAW,2271709817,SERVO_OUTPUT_RAW,0,0,0,0,0,0,0,0,1000,1000,1000,1000,0,0,0,0,0
2025-12-15 01:11:56.623,SERVO_OUTPUT_RAW,2271809855,SERVO_OUTPUT_RAW,0,0,0,0,0,0,0,0,1000,1000,1000,1000,0,0,0,0,0
2025-12-15 01:11:56.723,SERVO_OUTPUT_RAW,2271909777,SERVO_OUTPUT_RAW,0,0,0,0,0,0,0,0,1000,1000,1000,1000,0,0,0,0,0
2025-12-15 01:11:56.823,SERVO_OUTPUT_RAW,2272009807,SERVO_OUTPUT_RAW,0,0,0,0,0,0,0,0,1000,1000,1000,1000,0,0,0,0,0
2025-12-15 01:11:56.923,SERVO_OUTPUT_RAW,2272109882,SERVO_OUTPUT_RAW,0,0,0,0,0,0,0,0,1000,1000,1000,1000,0,0,0,0,0
2025-12-15 01:11:57.024,SERVO_OUTPUT_RAW,2272209807,SERVO_OUTPUT_RAW,0,0,0,0,0,0,0,0,1000,1000,1000,1000,0,0,0,0,0
2025-12-15 01:11:57.123,SERVO_OUTPUT_RAW,2272309884,SERVO_OUTPUT_RAW,0,0,0,0,0,0,0,0,1000,1000,1000,1000,0,0,0,0,0
2025-12-15 01:11:57.223,SERVO_OUTPUT_RAW,2272409791,SERVO_OUTPUT_RAW,0,0,0,0,0,0,0,0,1000,1000,1000,1000,0,0,0,0,0
2025-12-15 01:11:57.323,SERVO_OUTPUT_RAW,2272509788,SERVO_OUTPUT_RAW,0,0,0,0,0,0,0,0,1000,1000,1000,1000,0,0,0,0,0
2025-12-15 01:11:57.425,SERVO_OUTPUT_RAW,2272609791,SERVO_OUTPUT_RAW,0,0,0,0,0,0,0,0,1000,1000,1000,1000,0,0,0,0,0
2025-12-15 01:11:57.523,SERVO_OUTPUT_RAW,2272709800,SERVO_OUTPUT_RAW,0,0,0,0,0,0,0,0,1000,1000,1000,1000,0,0,0,0,0
2025-12-15 01:11:57.622,SERVO_OUTPUT_RAW,2272812141,SERVO_OUTPUT_RAW,0,0,0,0,0,0,0,0,1000,1000,1000,1000,0,0,0,0,0
2025-12-15 01:11:57.723,SERVO_OUTPUT_RAW,2272909827,SERVO_OUTPUT_RAW,0,0,0,0,0,0,0,0,1000,1000,1000,1000,0,0,0,0,0
2025-12-15 01:11:57.823,SERVO_OUTPUT_RAW,2273009858,SERVO_OUTPUT_RAW,0,0,0,0,0,0,0,0,1000,1000,1000,1000,0,0,0,0,0
2025-12-15 01:11:57.923,SERVO_OUTPUT_RAW,2273112143,SERVO_OUTPUT_RAW,0,0,0,0,0,0,0,0,1000,1000,1000,1000,0,0,0,0,0
2025-12-15 01:11:58.023,SERVO_OUTPUT_RAW,2273209802,SERVO_OUTPUT_RAW,0,0,0,0,0,0,0,0,1000,1000,1000,1000,0,0,0,0,0
2025-12-15 01:11:58.124,SERVO_OUTPUT_RAW,2273309846,SERVO_OUTPUT_RAW,0,0,0,0,0,0,0,0,1000,1000,1000,1000,0,0,0,0,0
2025-12-15 01:11:58.224,SERVO_OUTPUT_RAW,2273409847,SERVO_OUTPUT_RAW,0,0,0,0,0,0,0,0,1000,1000,1000,1000,0,0,0,0,0
2025-12-15 01:11:58.323,SERVO_OUTPUT_RAW,2273509780,SERVO_OUTPUT_RAW,0,0,0,0,0,0,0,0,1000,1000,1000,1000,0,0,0,0,0
2025-12-15 01:11:58.423,SERVO_OUTPUT_RAW,2273609832,SERVO_OUTPUT_RAW,0,0,0,0,0,0,0,0,1000,1000,1000,1000,0,0,0,0,0
2025-12-15 01:11:58.523,SERVO_OUTPUT_RAW,2273709828,SERVO_OUTPUT_RAW,0,0,0,0,0,0,0,0,1000,1000,1000,1000,0,0,0,0,0
2025-12-15 01:11:58.623,SERVO_OUTPUT_RAW,2273809822,SERVO_OUTPUT_RAW,0,0,0,0,0,0,0,0,1000,1000,1000,1000,0,0,0,0,0
2025-12-15 01:11:58.723,SERVO_OUTPUT_RAW,2273909783,SERVO_OUTPUT_RAW,0,0,0,0,0,0,0,0,1000,1000,1000,1000,0,0,0,0,0
2025-12-15 01:11:58.823,SERVO_OUTPUT_RAW,2274009794,SERVO_OUTPUT_RAW,0,0,0,0,0,0,0,0,1000,1000,1000,1000,0,0,0,0,0
2025-12-15 01:11:58.923,SERVO_OUTPUT_RAW,2274109796,SERVO_OUTPUT_RAW,0,0,0,0,0,0,0,0,1000,1000,1000,1000,0,0,0,0,0
2025-12-15 01:11:59.023,SERVO_OUTPUT_RAW,2274209839,SERVO_OUTPUT_RAW,0,0,0,0,0,0,0,0,1000,1000,1000,1000,0,0,0,0,0
2025-12-15 01:11:59.123,SERVO_OUTPUT_RAW,2274309801,SERVO_OUTPUT_RAW,0,0,0,0,0,0,0,0,1000,1000,1000,1000,0,0,0,0,0
2025-12-15 01:11:59.223,SERVO_OUTPUT_RAW,2274409825,SERVO_OUTPUT_RAW,0,0,0,0,0,0,0,0,1000,1000,1000,1000,0,0,0,0,0
2025-12-15 01:11:59.323,SERVO_OUTPUT_RAW,2274509842,SERVO_OUTPUT_RAW,0,0,0,0,0,0,0,0,1000,1000,1000,1000,0,0,0,0,0
2025-12-15 01:11:59.423,SERVO_OUTPUT_RAW,2274609789,SERVO_OUTPUT_RAW,0,0,0,0,0,0,0,0,1000,1000,1000,1000,0,0,0,0,0
2025-12-15 01:11:59.524,SERVO_OUTPUT_RAW,2274709796,SERVO_OUTPUT_RAW,0,0,0,0,0,0,0,0,1000,1000,1000,1000,0,0,0,0,0
2025-12-15 01:11:59.623,SERVO_OUTPUT_RAW,2274809820,SERVO_OUTPUT_RAW,0,0,0,0,0,0,0,0,1000,1000,1000,1000,0,0,0,0,0
2025-12-15 01:11:59.723,SERVO_OUTPUT_RAW,2274909876,SERVO_OUTPUT_RAW,0,0,0,0,0,0,0,0,1000,1000,1000,1000,0,0,0,0,0
2025-12-15 01:11:59.824,SERVO_OUTPUT_RAW,2275009821,SERVO_OUTPUT_RAW,0,0,0,0,0,0,0,0,1000,1000,1000,1000,0,0,0,0,0
2025-12-15 01:11:59.923,SERVO_OUTPUT_RAW,2275109778,SERVO_OUTPUT_RAW,0,0,0,0,0,0,0,0,1000,1000,1000,1000,0,0,0,0,0
2025-12-15 01:12:00.023,SERVO_OUTPUT_RAW,2275209816,SERVO_OUTPUT_RAW,0,0,0,0,0,0,0,0,1000,1000,1000,1000,0,0,0,0,0
2025-12-15 01:12:00.123,SERVO_OUTPUT_RAW,2275309830,SERVO_OUTPUT_RAW,0,0,0,0,0,0,0,0,1000,1000,1000,1000,0,0,0,0,0
2025-12-15 01:12:00.223,SERVO_OUTPUT_RAW,2275409795,SERVO_OUTPUT_RAW,0,0,0,0,0,0,0,0,1000,1000,1000,1000,0,0,0,0,0
2025-12-15 01:12:00.323,SERVO_OUTPUT_RAW,2275509784,SERVO_OUTPUT_RAW,0,0,0,0,0,0,0,0,1000,1000,1000,1000,0,0,0,0,0
2025-12-15 01:12:00.423,SERVO_OUTPUT_RAW,2275609787,SERVO_OUTPUT_RAW,0,0,0,0,0,0,0,0,1000,1000,1000,1000,0,0,0,0,0
2025-12-15 01:12:00.523,SERVO_OUTPUT_RAW,2275709782,SERVO_OUTPUT_RAW,0,0,0,0,0,0,0,0,1000,1000,1000,1000,0,0,0,0,0
2025-12-15 01:12:00.622,SERVO_OUTPUT_RAW,2275809804,SERVO_OUTPUT_RAW,0,0,0,0,0,0,0,0,1000,1000,1000,1000,0,0,0,0,0
2025-12-15 01:12:00.722,SERVO_OUTPUT_RAW,2275909784,SERVO_OUTPUT_RAW,0,0,0,0,0,0,0,0,1000,1000,1000,1000,0,0,0,0,0
2025-12-15 01:12:00.823,SERVO_OUTPUT_RAW,2276009832,SERVO_OUTPUT_RAW,0,0,0,0,0,0,0,0,1000,1000,1000,1000,0,0,0,0,0
2025-12-15 01:12:00.923,SERVO_OUTPUT_RAW,2276109802,SERVO_OUTPUT_RAW,0,0,0,0,0,0,0,0,1000,1000,1000,1000,0,0,0,0,0
2025-12-15 01:12:01.024,SERVO_OUTPUT_RAW,2276209783,SERVO_OUTPUT_RAW,0,0,0,0,0,0,0,0,1000,1000,1000,1000,0,0,0,0,0
2025-12-15 01:12:01.124,SERVO_OUTPUT_RAW,2276309834,SERVO_OUTPUT_RAW,0,0,0,0,0,0,0,0,1000,1000,1000,1000,0,0,0,0,0
2025-12-15 01:12:01.224,SERVO_OUTPUT_RAW,2276409842,SERVO_OUTPUT_RAW,0,0,0,0,0,0,0,0,1000,1000,1000,1000,0,0,0,0,0
2025-12-15 01:12:01.323,SERVO_OUTPUT_RAW,2276509866,SERVO_OUTPUT_RAW,0,0,0,0,0,0,0,0,1000,1000,1000,1000,0,0,0,0,0
2025-12-15 01:12:01.424,SERVO_OUTPUT_RAW,2276609816,SERVO_OUTPUT_RAW,0,0,0,0,0,0,0,0,1000,1000,1000,1000,0,0,0,0,0
2025-12-15 01:12:01.523,SERVO_OUTPUT_RAW,2276709789,SERVO_OUTPUT_RAW,0,0,0,0,0,0,0,0,1000,1000,1000,1000,0,0,0,0,0
2025-12-15 01:12:01.624,SERVO_OUTPUT_RAW,2276809828,SERVO_OUTPUT_RAW,0,0,0,0,0,0,0,0,1000,1000,1000,1000,0,0,0,0,0
2025-12-15 01:12:01.724,SERVO_OUTPUT_RAW,2276909813,SERVO_OUTPUT_RAW,0,0,0,0,0,0,0,0,1000,1000,1000,1000,0,0,0,0,0
2025-12-15 01:12:01.824,SERVO_OUTPUT_RAW,2277009786,SERVO_OUTPUT_RAW,0,0,0,0,0,0,0,0,1000,1000,1000,1000,0,0,0,0,0
2025-12-15 01:12:01.923,SERVO_OUTPUT_RAW,2277109800,SERVO_OUTPUT_RAW,0,0,0,0,0,0,0,0,1000,1000,1000,1000,0,0,0,0,0
2025-12-15 01:12:02.023,SERVO_OUTPUT_RAW,2277209806,SERVO_OUTPUT_RAW,0,0,0,0,0,0,0,0,1000,1000,1000,1000,0,0,0,0,0
2025-12-15 01:12:02.123,SERVO_OUTPUT_RAW,2277309795,SERVO_OUTPUT_RAW,0,0,0,0,0,0,0,0,1000,1000,1000,1000,0,0,0,0,0
2025-12-15 01:12:02.223,SERVO_OUTPUT_RAW,2277409812,SERVO_OUTPUT_RAW,0,0,0,0,0,0,0,0,1000,1000,1000,1000,0,0,0,0,0
2025-12-15 01:12:02.323,SERVO_OUTPUT_RAW,2277512154,SERVO_OUTPUT_RAW,0,0,0,0,0,0,0,0,1000,1000,1000,1000,0,0,0,0,0
2025-12-15 01:12:02.424,SERVO_OUTPUT_RAW,2277609817,SERVO_OUTPUT_RAW,0,0,0,0,0,0,0,0,1000,1000,1000,1000,0,0,0,0,0
2025-12-15 01:12:02.523,SERVO_OUTPUT_RAW,2277709807,SERVO_OUTPUT_RAW,0,0,0,0,0,0,0,0,1000,1000,1000,1000,0,0,0,0,0
2025-12-15 01:12:02.623,SERVO_OUTPUT_RAW,2277809797,SERVO_OUTPUT_RAW,0,0,0,0,0,0,0,0,1000,1000,1000,1000,0,0,0,0,0
2025-12-15 01:12:02.723,SERVO_OUTPUT_RAW,2277909816,SERVO_OUTPUT_RAW,0,0,0,0,0,0,0,0,1000,1000,1000,1000,0,0,0,0,0
2025-12-15 01:12:02.823,SERVO_OUTPUT_RAW,2278009839,SERVO_OUTPUT_RAW,0,0,0,0,0,0,0,0,1000,1000,1000,1000,0,0,0,0,0
2025-12-15 01:12:02.923,SERVO_OUTPUT_RAW,2278109852,SERVO_OUTPUT_RAW,0,0,0,0,0,0,0,0,1000,1000,1000,1000,0,0,0,0,0
2025-12-15 01:12:03.023,SERVO_OUTPUT_RAW,2278209789,SERVO_OUTPUT_RAW,0,0,0,0,0,0,0,0,1000,1000,1000,1000,0,0,0,0,0
2025-12-15 01:12:03.123,SERVO_OUTPUT_RAW,2278309810,SERVO_OUTPUT_RAW,0,0,0,0,0,0,0,0,1000,1000,1000,1000,0,0,0,0,0
2025-12-15 01:12:03.223,SERVO_OUTPUT_RAW,2278409856,SERVO_OUTPUT_RAW,0,0,0,0,0,0,0,0,1000,1000,1000,1000,0,0,0,0,0
2025-12-15 01:12:03.323,SERVO_OUTPUT_RAW,2278509787,SERVO_OUTPUT_RAW,0,0,0,0,0,0,0,0,1000,1000,1000,1000,0,0,0,0,0
2025-12-15 01:12:03.423,SERVO_OUTPUT_RAW,2278609780,SERVO_OUTPUT_RAW,0,0,0,0,0,0,0,0,1000,1000,1000,1000,0,0,0,0,0
2025-12-15 01:12:03.523,SERVO_OUTPUT_RAW,2278709783,SERVO_OUTPUT_RAW,0,0,0,0,0,0,0,0,1000,1000,1000,1000,0,0,0,0,0
2025-12-15 01:12:03.623,SERVO_OUTPUT_RAW,2278809801,SERVO_OUTPUT_RAW,0,0,0,0,0,0,0,0,1000,1000,1000,1000,0,0,0,0,0
2025-12-15 01:12:03.723,SERVO_OUTPUT_RAW,2278909777,SERVO_OUTPUT_RAW,0,0,0,0,0,0,0,0,1000,1000,1000,1000,0,0,0,0,0
2025-12-15 01:12:03.823,SERVO_OUTPUT_RAW,2279009801,SERVO_OUTPUT_RAW,0,0,0,0,0,0,0,0,1000,1000,1000,1000,0,0,0,0,0
2025-12-15 01:12:03.923,SERVO_OUTPUT_RAW,2279109824,SERVO_OUTPUT_RAW,0,0,0,0,0,0,0,0,1000,1000,1000,1000,0,0,0,0,0
2025-12-15 01:12:04.023,SERVO_OUTPUT_RAW,2279209847,SERVO_OUTPUT_RAW,0,0,0,0,0,0,0,0,1000,1000,1000,1000,0,0,0,0,0
2025-12-15 01:12:04.123,SERVO_OUTPUT_RAW,2279309812,SERVO_OUTPUT_RAW,0,0,0,0,0,0,0,0,1000,1000,1000,1000,0,0,0,0,0
2025-12-15 01:12:04.223,SERVO_OUTPUT_RAW,2279412169,SERVO_OUTPUT_RAW,0,0,0,0,0,0,0,0,1000,1000,1000,1000,0,0,0,0,0
2025-12-15 01:12:04.323,SERVO_OUTPUT_RAW,2279509844,SERVO_OUTPUT_RAW,0,0,0,0,0,0,0,0,1000,1000,1000,1000,0,0,0,0,0
2025-12-15 01:12:04.423,SERVO_OUTPUT_RAW,2279609846,SERVO_OUTPUT_RAW,0,0,0,0,0,0,0,0,1000,1000,1000,1000,0,0,0,0,0
2025-12-15 01:12:04.523,SERVO_OUTPUT_RAW,2279709813,SERVO_OUTPUT_RAW,0,0,0,0,0,0,0,0,1000,1000,1000,1000,0,0,0,0,0
2025-12-15 01:12:04.623,SERVO_OUTPUT_RAW,2279809790,SERVO_OUTPUT_RAW,0,0,0,0,0,0,0,0,1000,1000,1000,1000,0,0,0,0,0
2025-12-15 01:12:04.723,SERVO_OUTPUT_RAW,2279909828,SERVO_OUTPUT_RAW,0,0,0,0,0,0,0,0,1000,1000,1000,1000,0,0,0,0,0
2025-12-15 01:12:04.823,SERVO_OUTPUT_RAW,2280009807,SERVO_OUTPUT_RAW,0,0,0,0,0,0,0,0,1000,1000,1000,1000,0,0,0,0,0
2025-12-15 01:12:04.924,SERVO_OUTPUT_RAW,2280109788,SERVO_OUTPUT_RAW,0,0,0,0,0,0,0,0,1000,1000,1000,1000,0,0,0,0,0
2025-12-15 01:12:05.023,SERVO_OUTPUT_RAW,2280209791,SERVO_OUTPUT_RAW,0,0,0,0,0,0,0,0,1000,1000,1000,1000,0,0,0,0,0
2025-12-15 01:12:05.123,SERVO_OUTPUT_RAW,2280309793,SERVO_OUTPUT_RAW,0,0,0,0,0,0,0,0,1000,1000,1000,1000,0,0,0,0,0
2025-12-15 01:12:05.223,SERVO_OUTPUT_RAW,2280409809,SERVO_OUTPUT_RAW,0,0,0,0,0,0,0,0,1000,1000,1000,1000,0,0,0,0,0
2025-12-15 01:12:05.323,SERVO_OUTPUT_RAW,2280509831,SERVO_OUTPUT_RAW,0,0,0,0,0,0,0,0,1000,1000,1000,1000,0,0,0,0,0
2025-12-15 01:12:05.423,SERVO_OUTPUT_RAW,2280609801,SERVO_OUTPUT_RAW,0,0,0,0,0,0,0,0,1000,1000,1000,1000,0,0,0,0,0
2025-12-15 01:12:05.523,SERVO_OUTPUT_RAW,2280709868,SERVO_OUTPUT_RAW,0,0,0,0,0,0,0,0,1000,1000,1000,1000,0,0,0,0,0
2025-12-15 01:12:05.623,SERVO_OUTPUT_RAW,2280809842,SERVO_OUTPUT_RAW,0,0,0,0,0,0,0,0,1000,1000,1000,1000,0,0,0,0,0
2025-12-15 01:12:05.723,SERVO_OUTPUT_RAW,2280909795,SERVO_OUTPUT_RAW,0,0,0,0,0,0,0,0,1000,1000,1000,1000,0,0,0,0,0
2025-12-15 01:12:05.823,SERVO_OUTPUT_RAW,2281009800,SERVO_OUTPUT_RAW,0,0,0,0,0,0,0,0,1000,1000,1000,1000,0,0,0,0,0
2025-12-15 01:12:05.923,SERVO_OUTPUT_RAW,2281109823,SERVO_OUTPUT_RAW,0,0,0,0,0,0,0,0,1000,1000,1000,1000,0,0,0,0,0
2025-12-15 01:12:06.023,SERVO_OUTPUT_RAW,2281209858,SERVO_OUTPUT_RAW,0,0,0,0,0,0,0,0,1000,1000,1000,1000,0,0,0,0,0
2025-12-15 01:12:06.123,SERVO_OUTPUT_RAW,2281309788,SERVO_OUTPUT_RAW,0,0,0,0,0,0,0,0,1000,1000,1000,1000,0,0,0,0,0
2025-12-15 01:12:06.223,SERVO_OUTPUT_RAW,2281409806,SERVO_OUTPUT_RAW,0,0,0,0,0,0,0,0,1000,1000,1000,1000,0,0,0,0,0
2025-12-15 01:12:06.323,SERVO_OUTPUT_RAW,2281509863,SERVO_OUTPUT_RAW,0,0,0,0,0,0,0,0,1000,1000,1000,1000,0,0,0,0,0
2025-12-15 01:12:06.423,SERVO_OUTPUT_RAW,2281609795,SERVO_OUTPUT_RAW,0,0,0,0,0,0,0,0,1000,1000,1000,1000,0,0,0,0,0
2025-12-15 01:12:06.523,SERVO_OUTPUT_RAW,2281709816,SERVO_OUTPUT_RAW,0,0,0,0,0,0,0,0,1000,1000,1000,1000,0,0,0,0,0
2025-12-15 01:12:06.623,SERVO_OUTPUT_RAW,2281809787,SERVO_OUTPUT_RAW,0,0,0,0,0,0,0,0,1000,1000,1000,1000,0,0,0,0,0
2025-12-15 01:12:06.723,SERVO_OUTPUT_RAW,2281909790,SERVO_OUTPUT_RAW,0,0,0,0,0,0,0,0,1000,1000,1000,1000,0,0,0,0,0
2025-12-15 01:12:06.823,SERVO_OUTPUT_RAW,2282009791,SERVO_OUTPUT_RAW,0,0,0,0,0,0,0,0,1000,1000,1000,1000,0,0,0,0,0
2025-12-15 01:12:06.923,SERVO_OUTPUT_RAW,2282109797,SERVO_OUTPUT_RAW,0,0,0,0,0,0,0,0,1000,1000,1000,1000,0,0,0,0,0
2025-12-15 01:12:07.023,SERVO_OUTPUT_RAW,2282209841,SERVO_OUTPUT_RAW,0,0,0,0,0,0,0,0,1000,1000,1000,1000,0,0,0,0,0
2025-12-15 01:12:07.123,SERVO_OUTPUT_RAW,2282309874,SERVO_OUTPUT_RAW,0,0,0,0,0,0,0,0,1000,1000,1000,1000,0,0,0,0,0
2025-12-15 01:12:07.223,SERVO_OUTPUT_RAW,2282409850,SERVO_OUTPUT_RAW,0,0,0,0,0,0,0,0,1000,1000,1000,1000,0,0,0,0,0
2025-12-15 01:12:07.323,SERVO_OUTPUT_RAW,2282509805,SERVO_OUTPUT_RAW,0,0,0,0,0,0,0,0,1000,1000,1000,1000,0,0,0,0,0
2025-12-15 01:12:07.423,SERVO_OUTPUT_RAW,2282609837,SERVO_OUTPUT_RAW,0,0,0,0,0,0,0,0,1000,1000,1000,1000,0,0,0,0,0
2025-12-15 01:12:07.524,SERVO_OUTPUT_RAW,2282709864,SERVO_OUTPUT_RAW,0,0,0,0,0,0,0,0,1000,1000,1000,1000,0,0,0,0,0
2025-12-15 01:12:07.623,SERVO_OUTPUT_RAW,2282809856,SERVO_OUTPUT_RAW,0,0,0,0,0,0,0,0,1000,1000,1000,1000,0,0,0,0,0
2025-12-15 01:12:07.724,SERVO_OUTPUT_RAW,2282909783,SERVO_OUTPUT_RAW,0,0,0,0,0,0,0,0,1000,1000,1000,1000,0,0,0,0,0
2025-12-15 01:12:07.824,SERVO_OUTPUT_RAW,2283009801,SERVO_OUTPUT_RAW,0,0,0,0,0,0,0,0,1000,1000,1000,1000,0,0,0,0,0
2025-12-15 01:12:07.923,SERVO_OUTPUT_RAW,2283109809,SERVO_OUTPUT_RAW,0,0,0,0,0,0,0,0,1000,1000,1000,1000,0,0,0,0,0
2025-12-15 01:12:08.023,SERVO_OUTPUT_RAW,2283209788,SERVO_OUTPUT_RAW,0,0,0,0,0,0,0,0,1000,1000,1000,1000,0,0,0,0,0
2025-12-15 01:12:08.124,SERVO_OUTPUT_RAW,2283309793,SERVO_OUTPUT_RAW,0,0,0,0,0,0,0,0,1000,1000,1000,1000,0,0,0,0,0
2025-12-15 01:12:08.224,SERVO_OUTPUT_RAW,2283409785,SERVO_OUTPUT_RAW,0,0,0,0,0,0,0,0,1000,1000,1000,1000,0,0,0,0,0
2025-12-15 01:12:08.324,SERVO_OUTPUT_RAW,2283509796,SERVO_OUTPUT_RAW,0,0,0,0,0,0,0,0,1000,1000,1000,1000,0,0,0,0,0
2025-12-15 01:12:08.424,SERVO_OUTPUT_RAW,2283609850,SERVO_OUTPUT_RAW,0,0,0,0,0,0,0,0,1000,1000,1000,1000,0,0,0,0,0
2025-12-15 01:12:08.524,SERVO_OUTPUT_RAW,2283709797,SERVO_OUTPUT_RAW,0,0,0,0,0,0,0,0,1000,1000,1000,1000,0,0,0,0,0
2025-12-15 01:12:08.624,SERVO_OUTPUT_RAW,2283809840,SERVO_OUTPUT_RAW,0,0,0,0,0,0,0,0,1000,1000,1000,1000,0,0,0,0,0
2025-12-15 01:12:08.724,SERVO_OUTPUT_RAW,2283909855,SERVO_OUTPUT_RAW,0,0,0,0,0,0,0,0,1000,1000,1000,1000,0,0,0,0,0
2025-12-15 01:12:08.824,SERVO_OUTPUT_RAW,2284009790,SERVO_OUTPUT_RAW,0,0,0,0,0,0,0,0,1000,1000,1000,1000,0,0,0,0,0
2025-12-15 01:12:08.924,SERVO_OUTPUT_RAW,2284109816,SERVO_OUTPUT_RAW,0,0,0,0,0,0,0,0,1000,1000,1000,1000,0,0,0,0,0
2025-12-15 01:12:09.024,SERVO_OUTPUT_RAW,2284209835,SERVO_OUTPUT_RAW,0,0,0,0,0,0,0,0,1000,1000,1000,1000,0,0,0,0,0
2025-12-15 01:12:09.124,SERVO_OUTPUT_RAW,2284309847,SERVO_OUTPUT_RAW,0,0,0,0,0,0,0,0,1000,1000,1000,1000,0,0,0,0,0
2025-12-15 01:12:09.224,SERVO_OUTPUT_RAW,2284409816,SERVO_OUTPUT_RAW,0,0,0,0,0,0,0,0,1000,1000,1000,1000,0,0,0,0,0
2025-12-15 01:12:09.324,SERVO_OUTPUT_RAW,2284509785,SERVO_OUTPUT_RAW,0,0,0,0,0,0,0,0,1000,1000,1000,1000,0,0,0,0,0
2025-12-15 01:12:09.424,SERVO_OUTPUT_RAW,2284609820,SERVO_OUTPUT_RAW,0,0,0,0,0,0,0,0,1000,1000,1000,1000,0,0,0,0,0
2025-12-15 01:12:09.524,SERVO_OUTPUT_RAW,2284709861,SERVO_OUTPUT_RAW,0,0,0,0,0,0,0,0,1000,1000,1000,1000,0,0,0,0,0
2025-12-15 01:12:09.624,SERVO_OUTPUT_RAW,2284809793,SERVO_OUTPUT_RAW,0,0,0,0,0,0,0,0,1000,1000,1000,1000,0,0,0,0,0
2025-12-15 01:12:09.725,SERVO_OUTPUT_RAW,2284909779,SERVO_OUTPUT_RAW,0,0,0,0,0,0,0,0,1000,1000,1000,1000,0,0,0,0,0
2025-12-15 01:12:09.825,SERVO_OUTPUT_RAW,2285009802,SERVO_OUTPUT_RAW,0,0,0,0,0,0,0,0,1000,1000,1000,1000,0,0,0,0,0
2025-12-15 01:12:09.925,SERVO_OUTPUT_RAW,2285109784,SERVO_OUTPUT_RAW,0,0,0,0,0,0,0,0,1000,1000,1000,1000,0,0,0,0,0
2025-12-15 01:12:10.024,SERVO_OUTPUT_RAW,2285209838,SERVO_OUTPUT_RAW,0,0,0,0,0,0,0,0,1000,1000,1000,1000,0,0,0,0,0
2025-12-15 01:12:10.124,SERVO_OUTPUT_RAW,2285309825,SERVO_OUTPUT_RAW,0,0,0,0,0,0,0,0,1000,1000,1000,1000,0,0,0,0,0
2025-12-15 01:12:10.224,SERVO_OUTPUT_RAW,2285409825,SERVO_OUTPUT_RAW,0,0,0,0,0,0,0,0,1000,1000,1000,1000,0,0,0,0,0
2025-12-15 01:12:10.325,SERVO_OUTPUT_RAW,2285509856,SERVO_OUTPUT_RAW,0,0,0,0,0,0,0,0,1000,1000,1000,1000,0,0,0,0,0
2025-12-15 01:12:10.424,SERVO_OUTPUT_RAW,2285609801,SERVO_OUTPUT_RAW,0,0,0,0,0,0,0,0,1000,1000,1000,1000,0,0,0,0,0
2025-12-15 01:12:10.524,SERVO_OUTPUT_RAW,2285709883,SERVO_OUTPUT_RAW,0,0,0,0,0,0,0,0,1000,1000,1000,1000,0,0,0,0,0
2025-12-15 01:12:10.624,SERVO_OUTPUT_RAW,2285809841,SERVO_OUTPUT_RAW,0,0,0,0,0,0,0,0,1000,1000,1000,1000,0,0,0,0,0
2025-12-15 01:12:10.724,SERVO_OUTPUT_RAW,2285909836,SERVO_OUTPUT_RAW,0,0,0,0,0,0,0,0,1000,1000,1000,1000,0,0,0,0,0
2025-12-15 01:12:10.824,SERVO_OUTPUT_RAW,2286009788,SERVO_OUTPUT_RAW,0,0,0,0,0,0,0,0,1000,1000,1000,1000,0,0,0,0,0
2025-12-15 01:12:10.924,SERVO_OUTPUT_RAW,2286109799,SERVO_OUTPUT_RAW,0,0,0,0,0,0,0,0,1000,1000,1000,1000,0,0,0,0,0
2025-12-15 01:12:11.024,SERVO_OUTPUT_RAW,2286209954,SERVO_OUTPUT_RAW,0,0,0,0,0,0,0,0,1000,1000,1000,1000,0,0,0,0,0
2025-12-15 01:12:11.124,SERVO_OUTPUT_RAW,2286309823,SERVO_OUTPUT_RAW,0,0,0,0,0,0,0,0,1000,1000,1000,1000,0,0,0,0,0
2025-12-15 01:12:11.223,SERVO_OUTPUT_RAW,2286409782,SERVO_OUTPUT_RAW,0,0,0,0,0,0,0,0,1000,1000,1000,1000,0,0,0,0,0
2025-12-15 01:12:11.323,SERVO_OUTPUT_RAW,2286509795,SERVO_OUTPUT_RAW,0,0,0,0,0,0,0,0,1000,1000,1000,1000,0,0,0,0,0
2025-12-15 01:12:11.423,SERVO_OUTPUT_RAW,2286609793,SERVO_OUTPUT_RAW,0,0,0,0,0,0,0,0,1000,1000,1000,1000,0,0,0,0,0
2025-12-15 01:12:11.523,SERVO_OUTPUT_RAW,2286709794,SERVO_OUTPUT_RAW,0,0,0,0,0,0,0,0,1000,1000,1000,1000,0,0,0,0,0
2025-12-15 01:12:11.623,SERVO_OUTPUT_RAW,2286812131,SERVO_OUTPUT_RAW,0,0,0,0,0,0,0,0,1000,1000,1000,1000,0,0,0,0,0
2025-12-15 01:12:11.724,SERVO_OUTPUT_RAW,2286909831,SERVO_OUTPUT_RAW,0,0,0,0,0,0,0,0,1000,1000,1000,1000,0,0,0,0,0
2025-12-15 01:12:11.823,SERVO_OUTPUT_RAW,2287009832,SERVO_OUTPUT_RAW,0,0,0,0,0,0,0,0,1000,1000,1000,1000,0,0,0,0,0
2025-12-15 01:12:11.923,SERVO_OUTPUT_RAW,2287109889,SERVO_OUTPUT_RAW,0,0,0,0,0,0,0,0,1000,1000,1000,1000,0,0,0,0,0
2025-12-15 01:12:12.023,SERVO_OUTPUT_RAW,2287209798,SERVO_OUTPUT_RAW,0,0,0,0,0,0,0,0,1000,1000,1000,1000,0,0,0,0,0
2025-12-15 01:12:12.123,SERVO_OUTPUT_RAW,2287309819,SERVO_OUTPUT_RAW,0,0,0,0,0,0,0,0,1000,1000,1000,1000,0,0,0,0,0
2025-12-15 01:12:12.223,SERVO_OUTPUT_RAW,2287409843,SERVO_OUTPUT_RAW,0,0,0,0,0,0,0,0,1000,1000,1000,1000,0,0,0,0,0
2025-12-15 01:12:12.323,SERVO_OUTPUT_RAW,2287509810,SERVO_OUTPUT_RAW,0,0,0,0,0,0,0,0,1000,1000,1000,1000,0,0,0,0,0
2025-12-15 01:12:12.424,SERVO_OUTPUT_RAW,2287609788,SERVO_OUTPUT_RAW,0,0,0,0,0,0,0,0,1000,1000,1000,1000,0,0,0,0,0
2025-12-15 01:12:12.524,SERVO_OUTPUT_RAW,2287709818,SERVO_OUTPUT_RAW,0,0,0,0,0,0,0,0,1000,1000,1000,1000,0,0,0,0,0
2025-12-15 01:12:12.623,SERVO_OUTPUT_RAW,2287809848,SERVO_OUTPUT_RAW,0,0,0,0,0,0,0,0,1000,1000,1000,1000,0,0,0,0,0
2025-12-15 01:12:12.723,SERVO_OUTPUT_RAW,2287909782,SERVO_OUTPUT_RAW,0,0,0,0,0,0,0,0,1000,1000,1000,1000,0,0,0,0,0
2025-12-15 01:12:12.823,SERVO_OUTPUT_RAW,2288009800,SERVO_OUTPUT_RAW,0,0,0,0,0,0,0,0,1000,1000,1000,1000,0,0,0,0,0
2025-12-15 01:12:12.923,SERVO_OUTPUT_RAW,2288109801,SERVO_OUTPUT_RAW,0,0,0,0,0,0,0,0,1000,1000,1000,1000,0,0,0,0,0
2025-12-15 01:12:13.023,SERVO_OUTPUT_RAW,2288209804,SERVO_OUTPUT_RAW,0,0,0,0,0,0,0,0,1000,1000,1000,1000,0,0,0,0,0
2025-12-15 01:12:13.124,SERVO_OUTPUT_RAW,2288309790,SERVO_OUTPUT_RAW,0,0,0,0,0,0,0,0,1000,1000,1000,1000,0,0,0,0,0
2025-12-15 01:12:13.223,SERVO_OUTPUT_RAW,2288409812,SERVO_OUTPUT_RAW,0,0,0,0,0,0,0,0,1000,1000,1000,1000,0,0,0,0,0
2025-12-15 01:12:13.323,SERVO_OUTPUT_RAW,2288512146,SERVO_OUTPUT_RAW,0,0,0,0,0,0,0,0,1000,1000,1000,1000,0,0,0,0,0
2025-12-15 01:12:13.424,SERVO_OUTPUT_RAW,2288609846,SERVO_OUTPUT_RAW,0,0,0,0,0,0,0,0,1000,1000,1000,1000,0,0,0,0,0
2025-12-15 01:12:13.524,SERVO_OUTPUT_RAW,2288709813,SERVO_OUTPUT_RAW,0,0,0,0,0,0,0,0,1000,1000,1000,1000,0,0,0,0,0
2025-12-15 01:12:13.624,SERVO_OUTPUT_RAW,2288809815,SERVO_OUTPUT_RAW,0,0,0,0,0,0,0,0,1000,1000,1000,1000,0,0,0,0,0
2025-12-15 01:12:13.723,SERVO_OUTPUT_RAW,2288909843,SERVO_OUTPUT_RAW,0,0,0,0,0,0,0,0,1000,1000,1000,1000,0,0,0,0,0
2025-12-15 01:12:13.824,SERVO_OUTPUT_RAW,2289009842,SERVO_OUTPUT_RAW,0,0,0,0,0,0,0,0,1000,1000,1000,1000,0,0,0,0,0
2025-12-15 01:12:13.924,SERVO_OUTPUT_RAW,2289109855,SERVO_OUTPUT_RAW,0,0,0,0,0,0,0,0,1000,1000,1000,1000,0,0,0,0,0
2025-12-15 01:12:14.024,SERVO_OUTPUT_RAW,2289209809,SERVO_OUTPUT_RAW,0,0,0,0,0,0,0,0,1000,1000,1000,1000,0,0,0,0,0
2025-12-15 01:12:14.124,SERVO_OUTPUT_RAW,2289309819,SERVO_OUTPUT_RAW,0,0,0,0,0,0,0,0,1000,1000,1000,1000,0,0,0,0,0
2025-12-15 01:12:14.223,SERVO_OUTPUT_RAW,2289409813,SERVO_OUTPUT_RAW,0,0,0,0,0,0,0,0,1000,1000,1000,1000,0,0,0,0,0
2025-12-15 01:12:14.323,SERVO_OUTPUT_RAW,2289509780,SERVO_OUTPUT_RAW,0,0,0,0,0,0,0,0,1000,1000,1000,1000,0,0,0,0,0
2025-12-15 01:12:14.423,SERVO_OUTPUT_RAW,2289609783,SERVO_OUTPUT_RAW,0,0,0,0,0,0,0,0,1000,1000,1000,1000,0,0,0,0,0
2025-12-15 01:12:14.523,SERVO_OUTPUT_RAW,2289709792,SERVO_OUTPUT_RAW,0,0,0,0,0,0,0,0,1000,1000,1000,1000,0,0,0,0,0
2025-12-15 01:12:14.623,SERVO_OUTPUT_RAW,2289809810,SERVO_OUTPUT_RAW,0,0,0,0,0,0,0,0,1000,1000,1000,1000,0,0,0,0,0
2025-12-15 01:12:14.723,SERVO_OUTPUT_RAW,2289912135,SERVO_OUTPUT_RAW,0,0,0,0,0,0,0,0,1000,1000,1000,1000,0,0,0,0,0
2025-12-15 01:12:14.823,SERVO_OUTPUT_RAW,2290009815,SERVO_OUTPUT_RAW,0,0,0,0,0,0,0,0,1000,1000,1000,1000,0,0,0,0,0
2025-12-15 01:12:14.923,SERVO_OUTPUT_RAW,2290109842,SERVO_OUTPUT_RAW,0,0,0,0,0,0,0,0,1000,1000,1000,1000,0,0,0,0,0
2025-12-15 01:12:15.023,SERVO_OUTPUT_RAW,2290209862,SERVO_OUTPUT_RAW,0,0,0,0,0,0,0,0,1000,1000,1000,1000,0,0,0,0,0
2025-12-15 01:12:15.124,SERVO_OUTPUT_RAW,2290309787,SERVO_OUTPUT_RAW,0,0,0,0,0,0,0,0,1000,1000,1000,1000,0,0,0,0,0
2025-12-15 01:12:15.223,SERVO_OUTPUT_RAW,2290409817,SERVO_OUTPUT_RAW,0,0,0,0,0,0,0,0,1000,1000,1000,1000,0,0,0,0,0
2025-12-15 01:12:15.324,SERVO_OUTPUT_RAW,2290509841,SERVO_OUTPUT_RAW,0,0,0,0,0,0,0,0,1000,1000,1000,1000,0,0,0,0,0
2025-12-15 01:12:15.424,SERVO_OUTPUT_RAW,2290609840,SERVO_OUTPUT_RAW,0,0,0,0,0,0,0,0,1000,1000,1000,1000,0,0,0,0,0
2025-12-15 01:12:15.523,SERVO_OUTPUT_RAW,2290709793,SERVO_OUTPUT_RAW,0,0,0,0,0,0,0,0,1000,1000,1000,1000,0,0,0,0,0
2025-12-15 01:12:15.624,SERVO_OUTPUT_RAW,2290809809,SERVO_OUTPUT_RAW,0,0,0,0,0,0,0,0,1000,1000,1000,1000,0,0,0,0,0
2025-12-15 01:12:15.723,SERVO_OUTPUT_RAW,2290909815,SERVO_OUTPUT_RAW,0,0,0,0,0,0,0,0,1000,1000,1000,1000,0,0,0,0,0
2025-12-15 01:12:15.823,SERVO_OUTPUT_RAW,2291009872,SERVO_OUTPUT_RAW,0,0,0,0,0,0,0,0,1000,1000,1000,1000,0,0,0,0,0
2025-12-15 01:12:15.923,SERVO_OUTPUT_RAW,2291109780,SERVO_OUTPUT_RAW,0,0,0,0,0,0,0,0,1000,1000,1000,1000,0,0,0,0,0
2025-12-15 01:12:16.023,SERVO_OUTPUT_RAW,2291209809,SERVO_OUTPUT_RAW,0,0,0,0,0,0,0,0,1000,1000,1000,1000,0,0,0,0,0
2025-12-15 01:12:16.123,SERVO_OUTPUT_RAW,2291309786,SERVO_OUTPUT_RAW,0,0,0,0,0,0,0,0,1000,1000,1000,1000,0,0,0,0,0
2025-12-15 01:12:16.224,SERVO_OUTPUT_RAW,2291412118,SERVO_OUTPUT_RAW,0,0,0,0,0,0,0,0,1000,1000,1000,1000,0,0,0,0,0
2025-12-15 01:12:16.324,SERVO_OUTPUT_RAW,2291509812,SERVO_OUTPUT_RAW,0,0,0,0,0,0,0,0,1000,1000,1000,1000,0,0,0,0,0
2025-12-15 01:12:16.424,SERVO_OUTPUT_RAW,2291609854,SERVO_OUTPUT_RAW,0,0,0,0,0,0,0,0,1000,1000,1000,1000,0,0,0,0,0
2025-12-15 01:12:16.524,SERVO_OUTPUT_RAW,2291709808,SERVO_OUTPUT_RAW,0,0,0,0,0,0,0,0,1000,1000,1000,1000,0,0,0,0,0
2025-12-15 01:12:16.624,SERVO_OUTPUT_RAW,2291809807,SERVO_OUTPUT_RAW,0,0,0,0,0,0,0,0,1000,1000,1000,1000,0,0,0,0,0
2025-12-15 01:12:16.724,SERVO_OUTPUT_RAW,2291909812,SERVO_OUTPUT_RAW,0,0,0,0,0,0,0,0,1000,1000,1000,1000,0,0,0,0,0
2025-12-15 01:12:16.824,SERVO_OUTPUT_RAW,2292012126,SERVO_OUTPUT_RAW,0,0,0,0,0,0,0,0,1000,1000,1000,1000,0,0,0,0,0
2025-12-15 01:12:16.924,SERVO_OUTPUT_RAW,2292109840,SERVO_OUTPUT_RAW,0,0,0,0,0,0,0,0,1000,1000,1000,1000,0,0,0,0,0
2025-12-15 01:12:17.024,SERVO_OUTPUT_RAW,2292209785,SERVO_OUTPUT_RAW,0,0,0,0,0,0,0,0,1000,1000,1000,1000,0,0,0,0,0
2025-12-15 01:12:17.124,SERVO_OUTPUT_RAW,2292309794,SERVO_OUTPUT_RAW,0,0,0,0,0,0,0,0,1000,1000,1000,1000,0,0,0,0,0
2025-12-15 01:12:17.224,SERVO_OUTPUT_RAW,2292409807,SERVO_OUTPUT_RAW,0,0,0,0,0,0,0,0,1000,1000,1000,1000,0,0,0,0,0
2025-12-15 01:12:17.324,SERVO_OUTPUT_RAW,2292509833,SERVO_OUTPUT_RAW,0,0,0,0,0,0,0,0,1000,1000,1000,1000,0,0,0,0,0
2025-12-15 01:12:17.425,SERVO_OUTPUT_RAW,2292609793,SERVO_OUTPUT_RAW,0,0,0,0,0,0,0,0,1000,1000,1000,1000,0,0,0,0,0
2025-12-15 01:12:17.524,SERVO_OUTPUT_RAW,2292709786,SERVO_OUTPUT_RAW,0,0,0,0,0,0,0,0,1000,1000,1000,1000,0,0,0,0,0
2025-12-15 01:12:17.624,SERVO_OUTPUT_RAW,2292809802,SERVO_OUTPUT_RAW,0,0,0,0,0,0,0,0,1000,1000,1000,1000,0,0,0,0,0
2025-12-15 01:12:17.724,SERVO_OUTPUT_RAW,2292909804,SERVO_OUTPUT_RAW,0,0,0,0,0,0,0,0,1000,1000,1000,1000,0,0,0,0,0
2025-12-15 01:12:17.824,SERVO_OUTPUT_RAW,2293009801,SERVO_OUTPUT_RAW,0,0,0,0,0,0,0,0,1000,1000,1000,1000,0,0,0,0,0
2025-12-15 01:12:17.924,SERVO_OUTPUT_RAW,2293109878,SERVO_OUTPUT_RAW,0,0,0,0,0,0,0,0,1000,1000,1000,1000,0,0,0,0,0
2025-12-15 01:12:18.024,SERVO_OUTPUT_RAW,2293209833,SERVO_OUTPUT_RAW,0,0,0,0,0,0,0,0,1000,1000,1000,1000,0,0,0,0,0
2025-12-15 01:12:18.124,SERVO_OUTPUT_RAW,2293309794,SERVO_OUTPUT_RAW,0,0,0,0,0,0,0,0,1000,1000,1000,1000,0,0,0,0,0
2025-12-15 01:12:18.224,SERVO_OUTPUT_RAW,2293409810,SERVO_OUTPUT_RAW,0,0,0,0,0,0,0,0,1000,1000,1000,1000,0,0,0,0,0
2025-12-15 01:12:18.324,SERVO_OUTPUT_RAW,2293509806,SERVO_OUTPUT_RAW,0,0,0,0,0,0,0,0,1000,1000,1000,1000,0,0,0,0,0
2025-12-15 01:12:18.424,SERVO_OUTPUT_RAW,2293609851,SERVO_OUTPUT_RAW,0,0,0,0,0,0,0,0,1000,1000,1000,1000,0,0,0,0,0
2025-12-15 01:12:18.524,SERVO_OUTPUT_RAW,2293709832,SERVO_OUTPUT_RAW,0,0,0,0,0,0,0,0,1000,1000,1000,1000,0,0,0,0,0
2025-12-15 01:12:18.624,SERVO_OUTPUT_RAW,2293809782,SERVO_OUTPUT_RAW,0,0,0,0,0,0,0,0,1000,1000,1000,1000,0,0,0,0,0
2025-12-15 01:12:18.724,SERVO_OUTPUT_RAW,2293909811,SERVO_OUTPUT_RAW,0,0,0,0,0,0,0,0,1000,1000,1000,1000,0,0,0,0,0
2025-12-15 01:12:18.824,SERVO_OUTPUT_RAW,2294009824,SERVO_OUTPUT_RAW,0,0,0,0,0,0,0,0,1000,1000,1000,1000,0,0,0,0,0
2025-12-15 01:12:18.924,SERVO_OUTPUT_RAW,2294109865,SERVO_OUTPUT_RAW,0,0,0,0,0,0,0,0,1000,1000,1000,1000,0,0,0,0,0
2025-12-15 01:12:19.024,SERVO_OUTPUT_RAW,2294209790,SERVO_OUTPUT_RAW,0,0,0,0,0,0,0,0,1000,1000,1000,1000,0,0,0,0,0
2025-12-15 01:12:19.124,SERVO_OUTPUT_RAW,2294309815,SERVO_OUTPUT_RAW,0,0,0,0,0,0,0,0,1000,1000,1000,1000,0,0,0,0,0
2025-12-15 01:12:19.224,SERVO_OUTPUT_RAW,2294409783,SERVO_OUTPUT_RAW,0,0,0,0,0,0,0,0,1000,1000,1000,1000,0,0,0,0,0
2025-12-15 01:12:19.324,SERVO_OUTPUT_RAW,2294509790,SERVO_OUTPUT_RAW,0,0,0,0,0,0,0,0,1000,1000,1000,1000,0,0,0,0,0
2025-12-15 01:12:19.424,SERVO_OUTPUT_RAW,2294609816,SERVO_OUTPUT_RAW,0,0,0,0,0,0,0,0,1000,1000,1000,1000,0,0,0,0,0
2025-12-15 01:12:19.524,SERVO_OUTPUT_RAW,2294709822,SERVO_OUTPUT_RAW,0,0,0,0,0,0,0,0,1000,1000,1000,1000,0,0,0,0,0
2025-12-15 01:12:19.624,SERVO_OUTPUT_RAW,2294809782,SERVO_OUTPUT_RAW,0,0,0,0,0,0,0,0,1000,1000,1000,1000,0,0,0,0,0
2025-12-15 01:12:19.724,SERVO_OUTPUT_RAW,2294909868,SERVO_OUTPUT_RAW,0,0,0,0,0,0,0,0,1000,1000,1000,1000,0,0,0,0,0
2025-12-15 01:12:19.824,SERVO_OUTPUT_RAW,2295009798,SERVO_OUTPUT_RAW,0,0,0,0,0,0,0,0,1000,1000,1000,1000,0,0,0,0,0
2025-12-15 01:12:19.925,SERVO_OUTPUT_RAW,2295109817,SERVO_OUTPUT_RAW,0,0,0,0,0,0,0,0,1000,1000,1000,1000,0,0,0,0,0
2025-12-15 01:12:20.024,SERVO_OUTPUT_RAW,2295209860,SERVO_OUTPUT_RAW,0,0,0,0,0,0,0,0,1000,1000,1000,1000,0,0,0,0,0
2025-12-15 01:12:20.124,SERVO_OUTPUT_RAW,2295309861,SERVO_OUTPUT_RAW,0,0,0,0,0,0,0,0,1000,1000,1000,1000,0,0,0,0,0
2025-12-15 01:12:20.225,SERVO_OUTPUT_RAW,2295409778,SERVO_OUTPUT_RAW,0,0,0,0,0,0,0,0,1000,1000,1000,1000,0,0,0,0,0
2025-12-15 01:12:20.324,SERVO_OUTPUT_RAW,2295509824,SERVO_OUTPUT_RAW,0,0,0,0,0,0,0,0,1000,1000,1000,1000,0,0,0,0,0
2025-12-15 01:12:20.425,SERVO_OUTPUT_RAW,2295609821,SERVO_OUTPUT_RAW,0,0,0,0,0,0,0,0,1000,1000,1000,1000,0,0,0,0,0
2025-12-15 01:12:20.525,SERVO_OUTPUT_RAW,2295709789,SERVO_OUTPUT_RAW,0,0,0,0,0,0,0,0,1000,1000,1000,1000,0,0,0,0,0
2025-12-15 01:12:20.624,SERVO_OUTPUT_RAW,2295809777,SERVO_OUTPUT_RAW,0,0,0,0,0,0,0,0,1000,1000,1000,1000,0,0,0,0,0
2025-12-15 01:12:20.724,SERVO_OUTPUT_RAW,2295909797,SERVO_OUTPUT_RAW,0,0,0,0,0,0,0,0,1000,1000,1000,1000,0,0,0,0,0
2025-12-15 01:12:20.823,SERVO_OUTPUT_RAW,2296009788,SERVO_OUTPUT_RAW,0,0,0,0,0,0,0,0,1000,1000,1000,1000,0,0,0,0,0
2025-12-15 01:12:20.923,SERVO_OUTPUT_RAW,2296109804,SERVO_OUTPUT_RAW,0,0,0,0,0,0,0,0,1000,1000,1000,1000,0,0,0,0,0
2025-12-15 01:12:21.023,SERVO_OUTPUT_RAW,2296209825,SERVO_OUTPUT_RAW,0,0,0,0,0,0,0,0,1000,1000,1000,1000,0,0,0,0,0
2025-12-15 01:12:21.123,SERVO_OUTPUT_RAW,2296309838,SERVO_OUTPUT_RAW,0,0,0,0,0,0,0,0,1000,1000,1000,1000,0,0,0,0,0
2025-12-15 01:12:21.223,SERVO_OUTPUT_RAW,2296409840,SERVO_OUTPUT_RAW,0,0,0,0,0,0,0,0,1000,1000,1000,1000,0,0,0,0,0
2025-12-15 01:12:21.323,SERVO_OUTPUT_RAW,2296509807,SERVO_OUTPUT_RAW,0,0,0,0,0,0,0,0,1000,1000,1000,1000,0,0,0,0,0
2025-12-15 01:12:21.423,SERVO_OUTPUT_RAW,2296609838,SERVO_OUTPUT_RAW,0,0,0,0,0,0,0,0,1000,1000,1000,1000,0,0,0,0,0
2025-12-15 01:12:21.525,SERVO_OUTPUT_RAW,2296709824,SERVO_OUTPUT_RAW,0,0,0,0,0,0,0,0,1000,1000,1000,1000,0,0,0,0,0
2025-12-15 01:12:21.623,SERVO_OUTPUT_RAW,2296809844,SERVO_OUTPUT_RAW,0,0,0,0,0,0,0,0,1000,1000,1000,1000,0,0,0,0,0
2025-12-15 01:12:21.723,SERVO_OUTPUT_RAW,2296909786,SERVO_OUTPUT_RAW,0,0,0,0,0,0,0,0,1000,1000,1000,1000,0,0,0,0,0
2025-12-15 01:12:21.825,SERVO_OUTPUT_RAW,2297009811,SERVO_OUTPUT_RAW,0,0,0,0,0,0,0,0,1000,1000,1000,1000,0,0,0,0,0
2025-12-15 01:12:21.924,SERVO_OUTPUT_RAW,2297109832,SERVO_OUTPUT_RAW,0,0,0,0,0,0,0,0,1000,1000,1000,1000,0,0,0,0,0
2025-12-15 01:12:22.023,SERVO_OUTPUT_RAW,2297209836,SERVO_OUTPUT_RAW,0,0,0,0,0,0,0,0,1000,1000,1000,1000,0,0,0,0,0
2025-12-15 01:12:22.123,SERVO_OUTPUT_RAW,2297309863,SERVO_OUTPUT_RAW,0,0,0,0,0,0,0,0,1000,1000,1000,1000,0,0,0,0,0
2025-12-15 01:12:22.223,SERVO_OUTPUT_RAW,2297409782,SERVO_OUTPUT_RAW,0,0,0,0,0,0,0,0,1000,1000,1000,1000,0,0,0,0,0
2025-12-15 01:12:22.324,SERVO_OUTPUT_RAW,2297509777,SERVO_OUTPUT_RAW,0,0,0,0,0,0,0,0,1000,1000,1000,1000,0,0,0,0,0
2025-12-15 01:12:22.423,SERVO_OUTPUT_RAW,2297609791,SERVO_OUTPUT_RAW,0,0,0,0,0,0,0,0,1000,1000,1000,1000,0,0,0,0,0
2025-12-15 01:12:22.523,SERVO_OUTPUT_RAW,2297709792,SERVO_OUTPUT_RAW,0,0,0,0,0,0,0,0,1000,1000,1000,1000,0,0,0,0,0
2025-12-15 01:12:22.624,SERVO_OUTPUT_RAW,2297809826,SERVO_OUTPUT_RAW,0,0,0,0,0,0,0,0,1000,1000,1000,1000,0,0,0,0,0
2025-12-15 01:12:22.723,SERVO_OUTPUT_RAW,2297909840,SERVO_OUTPUT_RAW,0,0,0,0,0,0,0,0,1000,1000,1000,1000,0,0,0,0,0
2025-12-15 01:12:22.824,SERVO_OUTPUT_RAW,2298009790,SERVO_OUTPUT_RAW,0,0,0,0,0,0,0,0,1000,1000,1000,1000,0,0,0,0,0
2025-12-15 01:12:22.923,SERVO_OUTPUT_RAW,2298109783,SERVO_OUTPUT_RAW,0,0,0,0,0,0,0,0,1000,1000,1000,1000,0,0,0,0,0
2025-12-15 01:12:23.024,SERVO_OUTPUT_RAW,2298209830,SERVO_OUTPUT_RAW,0,0,0,0,0,0,0,0,1000,1000,1000,1000,0,0,0,0,0
2025-12-15 01:12:23.124,SERVO_OUTPUT_RAW,2298309837,SERVO_OUTPUT_RAW,0,0,0,0,0,0,0,0,1000,1000,1000,1000,0,0,0,0,0
2025-12-15 01:12:23.224,SERVO_OUTPUT_RAW,2298409786,SERVO_OUTPUT_RAW,0,0,0,0,0,0,0,0,1000,1000,1000,1000,0,0,0,0,0
2025-12-15 01:12:23.323,SERVO_OUTPUT_RAW,2298509785,SERVO_OUTPUT_RAW,0,0,0,0,0,0,0,0,1000,1000,1000,1000,0,0,0,0,0
2025-12-15 01:12:23.424,SERVO_OUTPUT_RAW,2298609815,SERVO_OUTPUT_RAW,0,0,0,0,0,0,0,0,1000,1000,1000,1000,0,0,0,0,0
2025-12-15 01:12:23.524,SERVO_OUTPUT_RAW,2298709817,SERVO_OUTPUT_RAW,0,0,0,0,0,0,0,0,1000,1000,1000,1000,0,0,0,0,0
2025-12-15 01:12:23.624,SERVO_OUTPUT_RAW,2298809828,SERVO_OUTPUT_RAW,0,0,0,0,0,0,0,0,1000,1000,1000,1000,0,0,0,0,0
2025-12-15 01:12:23.724,SERVO_OUTPUT_RAW,2298909778,SERVO_OUTPUT_RAW,0,0,0,0,0,0,0,0,1000,1000,1000,1000,0,0,0,0,0
2025-12-15 01:12:23.824,SERVO_OUTPUT_RAW,2299009792,SERVO_OUTPUT_RAW,0,0,0,0,0,0,0,0,1000,1000,1000,1000,0,0,0,0,0
2025-12-15 01:12:23.924,SERVO_OUTPUT_RAW,2299109797,SERVO_OUTPUT_RAW,0,0,0,0,0,0,0,0,1000,1000,1000,1000,0,0,0,0,0
2025-12-15 01:12:24.024,SERVO_OUTPUT_RAW,2299209785,SERVO_OUTPUT_RAW,0,0,0,0,0,0,0,0,1000,1000,1000,1000,0,0,0,0,0
2025-12-15 01:12:24.124,SERVO_OUTPUT_RAW,2299309793,SERVO_OUTPUT_RAW,0,0,0,0,0,0,0,0,1000,1000,1000,1000,0,0,0,0,0
2025-12-15 01:12:24.224,SERVO_OUTPUT_RAW,2299412166,SERVO_OUTPUT_RAW,0,0,0,0,0,0,0,0,1000,1000,1000,1000,0,0,0,0,0
2025-12-15 01:12:24.324,SERVO_OUTPUT_RAW,2299509843,SERVO_OUTPUT_RAW,0,0,0,0,0,0,0,0,1000,1000,1000,1000,0,0,0,0,0
2025-12-15 01:12:24.424,SERVO_OUTPUT_RAW,2299609839,SERVO_OUTPUT_RAW,0,0,0,0,0,0,0,0,1000,1000,1000,1000,0,0,0,0,0
2025-12-15 01:12:24.524,SERVO_OUTPUT_RAW,2299712102,SERVO_OUTPUT_RAW,0,0,0,0,0,0,0,0,1000,1000,1000,1000,0,0,0,0,0
2025-12-15 01:12:24.624,SERVO_OUTPUT_RAW,2299809828,SERVO_OUTPUT_RAW,0,0,0,0,0,0,0,0,1000,1000,1000,1000,0,0,0,0,0
2025-12-15 01:12:24.724,SERVO_OUTPUT_RAW,2299909840,SERVO_OUTPUT_RAW,0,0,0,0,0,0,0,0,1000,1000,1000,1000,0,0,0,0,0
2025-12-15 01:12:24.824,SERVO_OUTPUT_RAW,2300009777,SERVO_OUTPUT_RAW,0,0,0,0,0,0,0,0,1000,1000,1000,1000,0,0,0,0,0
2025-12-15 01:12:24.929,SERVO_OUTPUT_RAW,2300109821,SERVO_OUTPUT_RAW,0,0,0,0,0,0,0,0,1000,1000,1000,1000,0,0,0,0,0
2025-12-15 01:12:25.024,SERVO_OUTPUT_RAW,2300209818,SERVO_OUTPUT_RAW,0,0,0,0,0,0,0,0,1000,1000,1000,1000,0,0,0,0,0
2025-12-15 01:12:25.125,SERVO_OUTPUT_RAW,2300309822,SERVO_OUTPUT_RAW,0,0,0,0,0,0,0,0,1000,1000,1000,1000,0,0,0,0,0
2025-12-15 01:12:25.224,SERVO_OUTPUT_RAW,2300409782,SERVO_OUTPUT_RAW,0,0,0,0,0,0,0,0,1000,1000,1000,1000,0,0,0,0,0
2025-12-15 01:12:25.324,SERVO_OUTPUT_RAW,2300509790,SERVO_OUTPUT_RAW,0,0,0,0,0,0,0,0,1000,1000,1000,1000,0,0,0,0,0
2025-12-15 01:12:25.424,SERVO_OUTPUT_RAW,2300609820,SERVO_OUTPUT_RAW,0,0,0,0,0,0,0,0,1000,1000,1000,1000,0,0,0,0,0
2025-12-15 01:12:25.524,SERVO_OUTPUT_RAW,2300709803,SERVO_OUTPUT_RAW,0,0,0,0,0,0,0,0,1000,1000,1000,1000,0,0,0,0,0
2025-12-15 01:12:25.624,SERVO_OUTPUT_RAW,2300809788,SERVO_OUTPUT_RAW,0,0,0,0,0,0,0,0,1000,1000,1000,1000,0,0,0,0,0
2025-12-15 01:12:25.724,SERVO_OUTPUT_RAW,2300909800,SERVO_OUTPUT_RAW,0,0,0,0,0,0,0,0,1000,1000,1000,1000,0,0,0,0,0
2025-12-15 01:12:25.824,SERVO_OUTPUT_RAW,2301009825,SERVO_OUTPUT_RAW,0,0,0,0,0,0,0,0,1000,1000,1000,1000,0,0,0,0,0
2025-12-15 01:12:25.924,SERVO_OUTPUT_RAW,2301112137,SERVO_OUTPUT_RAW,0,0,0,0,0,0,0,0,1000,1000,1000,1000,0,0,0,0,0
2025-12-15 01:12:26.024,SERVO_OUTPUT_RAW,2301209818,SERVO_OUTPUT_RAW,0,0,0,0,0,0,0,0,1000,1000,1000,1000,0,0,0,0,0
2025-12-15 01:12:26.124,SERVO_OUTPUT_RAW,2301309809,SERVO_OUTPUT_RAW,0,0,0,0,0,0,0,0,1000,1000,1000,1000,0,0,0,0,0
2025-12-15 01:12:26.225,SERVO_OUTPUT_RAW,2301409832,SERVO_OUTPUT_RAW,0,0,0,0,0,0,0,0,1000,1000,1000,1000,0,0,0,0,0
2025-12-15 01:12:26.324,SERVO_OUTPUT_RAW,2301509856,SERVO_OUTPUT_RAW,0,0,0,0,0,0,0,0,1000,1000,1000,1000,0,0,0,0,0
2025-12-15 01:12:26.424,SERVO_OUTPUT_RAW,2301609787,SERVO_OUTPUT_RAW,0,0,0,0,0,0,0,0,1000,1000,1000,1000,0,0,0,0,0
2025-12-15 01:12:26.524,SERVO_OUTPUT_RAW,2301709818,SERVO_OUTPUT_RAW,0,0,0,0,0,0,0,0,1000,1000,1000,1000,0,0,0,0,0
2025-12-15 01:12:26.624,SERVO_OUTPUT_RAW,2301809813,SERVO_OUTPUT_RAW,0,0,0,0,0,0,0,0,1000,1000,1000,1000,0,0,0,0,0
2025-12-15 01:12:26.724,SERVO_OUTPUT_RAW,2301909817,SERVO_OUTPUT_RAW,0,0,0,0,0,0,0,0,1000,1000,1000,1000,0,0,0,0,0
2025-12-15 01:12:26.824,SERVO_OUTPUT_RAW,2302009794,SERVO_OUTPUT_RAW,0,0,0,0,0,0,0,0,1000,1000,1000,1000,0,0,0,0,0
2025-12-15 01:12:26.925,SERVO_OUTPUT_RAW,2302109785,SERVO_OUTPUT_RAW,0,0,0,0,0,0,0,0,1000,1000,1000,1000,0,0,0,0,0
2025-12-15 01:12:27.024,SERVO_OUTPUT_RAW,2302209779,SERVO_OUTPUT_RAW,0,0,0,0,0,0,0,0,1000,1000,1000,1000,0,0,0,0,0
2025-12-15 01:12:27.124,SERVO_OUTPUT_RAW,2302309781,SERVO_OUTPUT_RAW,0,0,0,0,0,0,0,0,1000,1000,1000,1000,0,0,0,0,0
2025-12-15 01:12:27.224,SERVO_OUTPUT_RAW,2302409792,SERVO_OUTPUT_RAW,0,0,0,0,0,0,0,0,1000,1000,1000,1000,0,0,0,0,0
2025-12-15 01:12:27.324,SERVO_OUTPUT_RAW,2302509827,SERVO_OUTPUT_RAW,0,0,0,0,0,0,0,0,1000,1000,1000,1000,0,0,0,0,0
2025-12-15 01:12:27.425,SERVO_OUTPUT_RAW,2302609836,SERVO_OUTPUT_RAW,0,0,0,0,0,0,0,0,1000,1000,1000,1000,0,0,0,0,0
2025-12-15 01:12:27.523,SERVO_OUTPUT_RAW,2302709780,SERVO_OUTPUT_RAW,0,0,0,0,0,0,0,0,1000,1000,1000,1000,0,0,0,0,0
2025-12-15 01:12:27.624,SERVO_OUTPUT_RAW,2302809786,SERVO_OUTPUT_RAW,0,0,0,0,0,0,0,0,1000,1000,1000,1000,0,0,0,0,0
2025-12-15 01:12:27.724,SERVO_OUTPUT_RAW,2302909819,SERVO_OUTPUT_RAW,0,0,0,0,0,0,0,0,1000,1000,1000,1000,0,0,0,0,0
2025-12-15 01:12:27.824,SERVO_OUTPUT_RAW,2303009875,SERVO_OUTPUT_RAW,0,0,0,0,0,0,0,0,1000,1000,1000,1000,0,0,0,0,0
2025-12-15 01:12:27.924,SERVO_OUTPUT_RAW,2303109843,SERVO_OUTPUT_RAW,0,0,0,0,0,0,0,0,1000,1000,1000,1000,0,0,0,0,0
2025-12-15 01:12:28.024,SERVO_OUTPUT_RAW,2303209784,SERVO_OUTPUT_RAW,0,0,0,0,0,0,0,0,1000,1000,1000,1000,0,0,0,0,0
2025-12-15 01:12:28.124,SERVO_OUTPUT_RAW,2303309826,SERVO_OUTPUT_RAW,0,0,0,0,0,0,0,0,1000,1000,1000,1000,0,0,0,0,0
2025-12-15 01:12:28.224,SERVO_OUTPUT_RAW,2303409819,SERVO_OUTPUT_RAW,0,0,0,0,0,0,0,0,1000,1000,1000,1000,0,0,0,0,0
2025-12-15 01:12:28.324,SERVO_OUTPUT_RAW,2303509782,SERVO_OUTPUT_RAW,0,0,0,0,0,0,0,0,1000,1000,1000,1000,0,0,0,0,0
2025-12-15 01:12:28.424,SERVO_OUTPUT_RAW,2303609879,SERVO_OUTPUT_RAW,0,0,0,0,0,0,0,0,1000,1000,1000,1000,0,0,0,0,0
2025-12-15 01:12:28.525,SERVO_OUTPUT_RAW,2303709785,SERVO_OUTPUT_RAW,0,0,0,0,0,0,0,0,1000,1000,1000,1000,0,0,0,0,0
2025-12-15 01:12:28.624,SERVO_OUTPUT_RAW,2303809773,SERVO_OUTPUT_RAW,0,0,0,0,0,0,0,0,1000,1000,1000,1000,0,0,0,0,0
2025-12-15 01:12:28.724,SERVO_OUTPUT_RAW,2303909806,SERVO_OUTPUT_RAW,0,0,0,0,0,0,0,0,1000,1000,1000,1000,0,0,0,0,0
2025-12-15 01:12:28.825,SERVO_OUTPUT_RAW,2304012139,SERVO_OUTPUT_RAW,0,0,0,0,0,0,0,0,1000,1000,1000,1000,0,0,0,0,0
2025-12-15 01:12:28.924,SERVO_OUTPUT_RAW,2304109843,SERVO_OUTPUT_RAW,0,0,0,0,0,0,0,0,1000,1000,1000,1000,0,0,0,0,0
2025-12-15 01:12:29.024,SERVO_OUTPUT_RAW,2304209866,SERVO_OUTPUT_RAW,0,0,0,0,0,0,0,0,1000,1000,1000,1000,0,0,0,0,0
2025-12-15 01:12:29.124,SERVO_OUTPUT_RAW,2304309804,SERVO_OUTPUT_RAW,0,0,0,0,0,0,0,0,1000,1000,1000,1000,0,0,0,0,0
2025-12-15 01:12:29.224,SERVO_OUTPUT_RAW,2304409822,SERVO_OUTPUT_RAW,0,0,0,0,0,0,0,0,1000,1000,1000,1000,0,0,0,0,0
2025-12-15 01:12:29.324,SERVO_OUTPUT_RAW,2304509818,SERVO_OUTPUT_RAW,0,0,0,0,0,0,0,0,1000,1000,1000,1000,0,0,0,0,0
2025-12-15 01:12:29.424,SERVO_OUTPUT_RAW,2304609867,SERVO_OUTPUT_RAW,0,0,0,0,0,0,0,0,1000,1000,1000,1000,0,0,0,0,0
2025-12-15 01:12:29.524,SERVO_OUTPUT_RAW,2304709788,SERVO_OUTPUT_RAW,0,0,0,0,0,0,0,0,1000,1000,1000,1000,0,0,0,0,0
2025-12-15 01:12:29.624,SERVO_OUTPUT_RAW,2304809784,SERVO_OUTPUT_RAW,0,0,0,0,0,0,0,0,1000,1000,1000,1000,0,0,0,0,0
2025-12-15 01:12:29.725,SERVO_OUTPUT_RAW,2304909822,SERVO_OUTPUT_RAW,0,0,0,0,0,0,0,0,1000,1000,1000,1000,0,0,0,0,0
2025-12-15 01:12:29.824,SERVO_OUTPUT_RAW,2305009829,SERVO_OUTPUT_RAW,0,0,0,0,0,0,0,0,1000,1000,1000,1000,0,0,0,0,0
2025-12-15 01:12:29.924,SERVO_OUTPUT_RAW,2305109795,SERVO_OUTPUT_RAW,0,0,0,0,0,0,0,0,1000,1000,1000,1000,0,0,0,0,0
2025-12-15 01:12:30.025,SERVO_OUTPUT_RAW,2305209781,SERVO_OUTPUT_RAW,0,0,0,0,0,0,0,0,1000,1000,1000,1000,0,0,0,0,0
2025-12-15 01:12:30.124,SERVO_OUTPUT_RAW,2305309785,SERVO_OUTPUT_RAW,0,0,0,0,0,0,0,0,1000,1000,1000,1000,0,0,0,0,0
2025-12-15 01:12:30.223,SERVO_OUTPUT_RAW,2305409779,SERVO_OUTPUT_RAW,0,0,0,0,0,0,0,0,1000,1000,1000,1000,0,0,0,0,0
2025-12-15 01:12:30.323,SERVO_OUTPUT_RAW,2305509794,SERVO_OUTPUT_RAW,0,0,0,0,0,0,0,0,1000,1000,1000,1000,0,0,0,0,0
2025-12-15 01:12:30.424,SERVO_OUTPUT_RAW,2305609826,SERVO_OUTPUT_RAW,0,0,0,0,0,0,0,0,1000,1000,1000,1000,0,0,0,0,0
2025-12-15 01:12:30.524,SERVO_OUTPUT_RAW,2305712142,SERVO_OUTPUT_RAW,0,0,0,0,0,0,0,0,1000,1000,1000,1000,0,0,0,0,0
2025-12-15 01:12:30.623,SERVO_OUTPUT_RAW,2305809792,SERVO_OUTPUT_RAW,0,0,0,0,0,0,0,0,1000,1000,1000,1000,0,0,0,0,0
2025-12-15 01:12:30.723,SERVO_OUTPUT_RAW,2305909787,SERVO_OUTPUT_RAW,0,0,0,0,0,0,0,0,1000,1000,1000,1000,0,0,0,0,0
2025-12-15 01:12:30.825,SERVO_OUTPUT_RAW,2306009833,SERVO_OUTPUT_RAW,0,0,0,0,0,0,0,0,1000,1000,1000,1000,0,0,0,0,0
2025-12-15 01:12:30.925,SERVO_OUTPUT_RAW,2306109853,SERVO_OUTPUT_RAW,0,0,0,0,0,0,0,0,1000,1000,1000,1000,0,0,0,0,0
2025-12-15 01:12:31.025,SERVO_OUTPUT_RAW,2306209845,SERVO_OUTPUT_RAW,0,0,0,0,0,0,0,0,1000,1000,1000,1000,0,0,0,0,0
2025-12-15 01:12:31.124,SERVO_OUTPUT_RAW,2306309790,SERVO_OUTPUT_RAW,0,0,0,0,0,0,0,0,1000,1000,1000,1000,0,0,0,0,0
2025-12-15 01:12:31.223,SERVO_OUTPUT_RAW,2306409805,SERVO_OUTPUT_RAW,0,0,0,0,0,0,0,0,1000,1000,1000,1000,0,0,0,0,0
2025-12-15 01:12:31.324,SERVO_OUTPUT_RAW,2306509831,SERVO_OUTPUT_RAW,0,0,0,0,0,0,0,0,1000,1000,1000,1000,0,0,0,0,0
2025-12-15 01:12:31.424,SERVO_OUTPUT_RAW,2306609784,SERVO_OUTPUT_RAW,0,0,0,0,0,0,0,0,1000,1000,1000,1000,0,0,0,0,0
2025-12-15 01:12:31.524,SERVO_OUTPUT_RAW,2306709775,SERVO_OUTPUT_RAW,0,0,0,0,0,0,0,0,1000,1000,1000,1000,0,0,0,0,0
2025-12-15 01:12:31.624,SERVO_OUTPUT_RAW,2306809783,SERVO_OUTPUT_RAW,0,0,0,0,0,0,0,0,1000,1000,1000,1000,0,0,0,0,0
2025-12-15 01:12:31.724,SERVO_OUTPUT_RAW,2306909809,SERVO_OUTPUT_RAW,0,0,0,0,0,0,0,0,1000,1000,1000,1000,0,0,0,0,0
2025-12-15 01:12:31.824,SERVO_OUTPUT_RAW,2307009791,SERVO_OUTPUT_RAW,0,0,0,0,0,0,0,0,1000,1000,1000,1000,0,0,0,0,0
2025-12-15 01:12:31.924,SERVO_OUTPUT_RAW,2307109783,SERVO_OUTPUT_RAW,0,0,0,0,0,0,0,0,1000,1000,1000,1000,0,0,0,0,0
2025-12-15 01:12:32.024,SERVO_OUTPUT_RAW,2307209825,SERVO_OUTPUT_RAW,0,0,0,0,0,0,0,0,1000,1000,1000,1000,0,0,0,0,0
2025-12-15 01:12:32.124,SERVO_OUTPUT_RAW,2307309838,SERVO_OUTPUT_RAW,0,0,0,0,0,0,0,0,1000,1000,1000,1000,0,0,0,0,0
2025-12-15 01:12:32.224,SERVO_OUTPUT_RAW,2307409807,SERVO_OUTPUT_RAW,0,0,0,0,0,0,0,0,1000,1000,1000,1000,0,0,0,0,0
2025-12-15 01:12:32.324,SERVO_OUTPUT_RAW,2307509836,SERVO_OUTPUT_RAW,0,0,0,0,0,0,0,0,1000,1000,1000,1000,0,0,0,0,0
2025-12-15 01:12:32.426,SERVO_OUTPUT_RAW,2307609826,SERVO_OUTPUT_RAW,0,0,0,0,0,0,0,0,1000,1000,1000,1000,0,0,0,0,0
2025-12-15 01:12:32.524,SERVO_OUTPUT_RAW,2307709847,SERVO_OUTPUT_RAW,0,0,0,0,0,0,0,0,1000,1000,1000,1000,0,0,0,0,0
2025-12-15 01:12:32.624,SERVO_OUTPUT_RAW,2307809812,SERVO_OUTPUT_RAW,0,0,0,0,0,0,0,0,1000,1000,1000,1000,0,0,0,0,0
2025-12-15 01:12:32.724,SERVO_OUTPUT_RAW,2307909780,SERVO_OUTPUT_RAW,0,0,0,0,0,0,0,0,1000,1000,1000,1000,0,0,0,0,0
2025-12-15 01:12:32.824,SERVO_OUTPUT_RAW,2308009819,SERVO_OUTPUT_RAW,0,0,0,0,0,0,0,0,1000,1000,1000,1000,0,0,0,0,0
2025-12-15 01:12:32.924,SERVO_OUTPUT_RAW,2308109806,SERVO_OUTPUT_RAW,0,0,0,0,0,0,0,0,1000,1000,1000,1000,0,0,0,0,0
2025-12-15 01:12:33.024,SERVO_OUTPUT_RAW,2308209789,SERVO_OUTPUT_RAW,0,0,0,0,0,0,0,0,1000,1000,1000,1000,0,0,0,0,0
2025-12-15 01:12:33.124,SERVO_OUTPUT_RAW,2308309786,SERVO_OUTPUT_RAW,0,0,0,0,0,0,0,0,1000,1000,1000,1000,0,0,0,0,0
2025-12-15 01:12:33.224,SERVO_OUTPUT_RAW,2308409791,SERVO_OUTPUT_RAW,0,0,0,0,0,0,0,0,1000,1000,1000,1000,0,0,0,0,0
2025-12-15 01:12:33.324,SERVO_OUTPUT_RAW,2308509814,SERVO_OUTPUT_RAW,0,0,0,0,0,0,0,0,1000,1000,1000,1000,0,0,0,0,0
2025-12-15 01:12:33.424,SERVO_OUTPUT_RAW,2308609792,SERVO_OUTPUT_RAW,0,0,0,0,0,0,0,0,1000,1000,1000,1000,0,0,0,0,0
2025-12-15 01:12:33.524,SERVO_OUTPUT_RAW,2308709834,SERVO_OUTPUT_RAW,0,0,0,0,0,0,0,0,1000,1000,1000,1000,0,0,0,0,0
2025-12-15 01:12:33.624,SERVO_OUTPUT_RAW,2308809856,SERVO_OUTPUT_RAW,0,0,0,0,0,0,0,0,1000,1000,1000,1000,0,0,0,0,0
2025-12-15 01:12:33.724,SERVO_OUTPUT_RAW,2308909849,SERVO_OUTPUT_RAW,0,0,0,0,0,0,0,0,1000,1000,1000,1000,0,0,0,0,0
2025-12-15 01:12:33.824,SERVO_OUTPUT_RAW,2309009866,SERVO_OUTPUT_RAW,0,0,0,0,0,0,0,0,1000,1000,1000,1000,0,0,0,0,0
2025-12-15 01:12:33.924,SERVO_OUTPUT_RAW,2309109805,SERVO_OUTPUT_RAW,0,0,0,0,0,0,0,0,1000,1000,1000,1000,0,0,0,0,0
2025-12-15 01:12:34.024,SERVO_OUTPUT_RAW,2309209828,SERVO_OUTPUT_RAW,0,0,0,0,0,0,0,0,1000,1000,1000,1000,0,0,0,0,0
2025-12-15 01:12:34.124,SERVO_OUTPUT_RAW,2309309829,SERVO_OUTPUT_RAW,0,0,0,0,0,0,0,0,1000,1000,1000,1000,0,0,0,0,0
2025-12-15 01:12:34.224,SERVO_OUTPUT_RAW,2309409795,SERVO_OUTPUT_RAW,0,0,0,0,0,0,0,0,1000,1000,1000,1000,0,0,0,0,0
2025-12-15 01:12:34.324,SERVO_OUTPUT_RAW,2309509815,SERVO_OUTPUT_RAW,0,0,0,0,0,0,0,0,1000,1000,1000,1000,0,0,0,0,0
2025-12-15 01:12:34.424,SERVO_OUTPUT_RAW,2309609827,SERVO_OUTPUT_RAW,0,0,0,0,0,0,0,0,1000,1000,1000,1000,0,0,0,0,0
2025-12-15 01:12:34.524,SERVO_OUTPUT_RAW,2309709821,SERVO_OUTPUT_RAW,0,0,0,0,0,0,0,0,1000,1000,1000,1000,0,0,0,0,0
2025-12-15 01:12:34.624,SERVO_OUTPUT_RAW,2309809809,SERVO_OUTPUT_RAW,0,0,0,0,0,0,0,0,1000,1000,1000,1000,0,0,0,0,0
2025-12-15 01:12:34.724,SERVO_OUTPUT_RAW,2309909847,SERVO_OUTPUT_RAW,0,0,0,0,0,0,0,0,1000,1000,1000,1000,0,0,0,0,0
2025-12-15 01:12:34.824,SERVO_OUTPUT_RAW,2310009800,SERVO_OUTPUT_RAW,0,0,0,0,0,0,0,0,1000,1000,1000,1000,0,0,0,0,0
2025-12-15 01:12:34.925,SERVO_OUTPUT_RAW,2310109791,SERVO_OUTPUT_RAW,0,0,0,0,0,0,0,0,1000,1000,1000,1000,0,0,0,0,0
2025-12-15 01:12:35.024,SERVO_OUTPUT_RAW,2310209780,SERVO_OUTPUT_RAW,0,0,0,0,0,0,0,0,1000,1000,1000,1000,0,0,0,0,0
2025-12-15 01:12:35.124,SERVO_OUTPUT_RAW,2310309818,SERVO_OUTPUT_RAW,0,0,0,0,0,0,0,0,1000,1000,1000,1000,0,0,0,0,0
2025-12-15 01:12:35.224,SERVO_OUTPUT_RAW,2310409844,SERVO_OUTPUT_RAW,0,0,0,0,0,0,0,0,1000,1000,1000,1000,0,0,0,0,0
2025-12-15 01:12:35.324,SERVO_OUTPUT_RAW,2310512138,SERVO_OUTPUT_RAW,0,0,0,0,0,0,0,0,1000,1000,1000,1000,0,0,0,0,0
2025-12-15 01:12:35.424,SERVO_OUTPUT_RAW,2310609779,SERVO_OUTPUT_RAW,0,0,0,0,0,0,0,0,1000,1000,1000,1000,0,0,0,0,0
2025-12-15 01:12:35.524,SERVO_OUTPUT_RAW,2310709813,SERVO_OUTPUT_RAW,0,0,0,0,0,0,0,0,1000,1000,1000,1000,0,0,0,0,0
2025-12-15 01:12:35.624,SERVO_OUTPUT_RAW,2310809844,SERVO_OUTPUT_RAW,0,0,0,0,0,0,0,0,1000,1000,1000,1000,0,0,0,0,0
2025-12-15 01:12:35.724,SERVO_OUTPUT_RAW,2310909842,SERVO_OUTPUT_RAW,0,0,0,0,0,0,0,0,1000,1000,1000,1000,0,0,0,0,0
2025-12-15 01:12:35.824,SERVO_OUTPUT_RAW,2311009798,SERVO_OUTPUT_RAW,0,0,0,0,0,0,0,0,1000,1000,1000,1000,0,0,0,0,0
2025-12-15 01:12:35.924,SERVO_OUTPUT_RAW,2311109823,SERVO_OUTPUT_RAW,0,0,0,0,0,0,0,0,1000,1000,1000,1000,0,0,0,0,0
2025-12-15 01:12:36.024,SERVO_OUTPUT_RAW,2311209819,SERVO_OUTPUT_RAW,0,0,0,0,0,0,0,0,1000,1000,1000,1000,0,0,0,0,0
2025-12-15 01:12:36.124,SERVO_OUTPUT_RAW,2311309788,SERVO_OUTPUT_RAW,0,0,0,0,0,0,0,0,1000,1000,1000,1000,0,0,0,0,0
2025-12-15 01:12:36.224,SERVO_OUTPUT_RAW,2311409814,SERVO_OUTPUT_RAW,0,0,0,0,0,0,0,0,1000,1000,1000,1000,0,0,0,0,0
2025-12-15 01:12:36.324,SERVO_OUTPUT_RAW,2311509795,SERVO_OUTPUT_RAW,0,0,0,0,0,0,0,0,1000,1000,1000,1000,0,0,0,0,0
2025-12-15 01:12:36.425,SERVO_OUTPUT_RAW,2311609784,SERVO_OUTPUT_RAW,0,0,0,0,0,0,0,0,1000,1000,1000,1000,0,0,0,0,0
2025-12-15 01:12:36.525,SERVO_OUTPUT_RAW,2311709801,SERVO_OUTPUT_RAW,0,0,0,0,0,0,0,0,1000,1000,1000,1000,0,0,0,0,0
2025-12-15 01:12:36.624,SERVO_OUTPUT_RAW,2311809830,SERVO_OUTPUT_RAW,0,0,0,0,0,0,0,0,1000,1000,1000,1000,0,0,0,0,0
2025-12-15 01:12:36.724,SERVO_OUTPUT_RAW,2311909827,SERVO_OUTPUT_RAW,0,0,0,0,0,0,0,0,1000,1000,1000,1000,0,0,0,0,0
2025-12-15 01:12:36.824,SERVO_OUTPUT_RAW,2312012173,SERVO_OUTPUT_RAW,0,0,0,0,0,0,0,0,1000,1000,1000,1000,0,0,0,0,0
2025-12-15 01:12:36.924,SERVO_OUTPUT_RAW,2312109804,SERVO_OUTPUT_RAW,0,0,0,0,0,0,0,0,1000,1000,1000,1000,0,0,0,0,0
2025-12-15 01:12:37.024,SERVO_OUTPUT_RAW,2312209818,SERVO_OUTPUT_RAW,0,0,0,0,0,0,0,0,1000,1000,1000,1000,0,0,0,0,0
2025-12-15 01:12:37.124,SERVO_OUTPUT_RAW,2312309846,SERVO_OUTPUT_RAW,0,0,0,0,0,0,0,0,1000,1000,1000,1000,0,0,0,0,0
2025-12-15 01:12:37.224,SERVO_OUTPUT_RAW,2312409840,SERVO_OUTPUT_RAW,0,0,0,0,0,0,0,0,1000,1000,1000,1000,0,0,0,0,0
2025-12-15 01:12:37.324,SERVO_OUTPUT_RAW,2312509800,SERVO_OUTPUT_RAW,0,0,0,0,0,0,0,0,1000,1000,1000,1000,0,0,0,0,0
2025-12-15 01:12:37.425,SERVO_OUTPUT_RAW,2312609794,SERVO_OUTPUT_RAW,0,0,0,0,0,0,0,0,1000,1000,1000,1000,0,0,0,0,0
2025-12-15 01:12:37.525,SERVO_OUTPUT_RAW,2312709839,SERVO_OUTPUT_RAW,0,0,0,0,0,0,0,0,1000,1000,1000,1000,0,0,0,0,0
2025-12-15 01:12:37.625,SERVO_OUTPUT_RAW,2312809820,SERVO_OUTPUT_RAW,0,0,0,0,0,0,0,0,1000,1000,1000,1000,0,0,0,0,0
2025-12-15 01:12:37.725,SERVO_OUTPUT_RAW,2312909782,SERVO_OUTPUT_RAW,0,0,0,0,0,0,0,0,1000,1000,1000,1000,0,0,0,0,0
2025-12-15 01:12:37.825,SERVO_OUTPUT_RAW,2313009806,SERVO_OUTPUT_RAW,0,0,0,0,0,0,0,0,1000,1000,1000,1000,0,0,0,0,0
2025-12-15 01:12:37.925,SERVO_OUTPUT_RAW,2313109792,SERVO_OUTPUT_RAW,0,0,0,0,0,0,0,0,1000,1000,1000,1000,0,0,0,0,0
2025-12-15 01:12:38.025,SERVO_OUTPUT_RAW,2313209801,SERVO_OUTPUT_RAW,0,0,0,0,0,0,0,0,1000,1000,1000,1000,0,0,0,0,0
2025-12-15 01:12:38.125,SERVO_OUTPUT_RAW,2313309796,SERVO_OUTPUT_RAW,0,0,0,0,0,0,0,0,1000,1000,1000,1000,0,0,0,0,0
2025-12-15 01:12:38.225,SERVO_OUTPUT_RAW,2313409830,SERVO_OUTPUT_RAW,0,0,0,0,0,0,0,0,1000,1000,1000,1000,0,0,0,0,0
2025-12-15 01:12:38.325,SERVO_OUTPUT_RAW,2313509808,SERVO_OUTPUT_RAW,0,0,0,0,0,0,0,0,1000,1000,1000,1000,0,0,0,0,0
2025-12-15 01:12:38.425,SERVO_OUTPUT_RAW,2313609781,SERVO_OUTPUT_RAW,0,0,0,0,0,0,0,0,1000,1000,1000,1000,0,0,0,0,0
2025-12-15 01:12:38.525,SERVO_OUTPUT_RAW,2313709786,SERVO_OUTPUT_RAW,0,0,0,0,0,0,0,0,1000,1000,1000,1000,0,0,0,0,0
2025-12-15 01:12:38.625,SERVO_OUTPUT_RAW,2313809813,SERVO_OUTPUT_RAW,0,0,0,0,0,0,0,0,1000,1000,1000,1000,0,0,0,0,0
2025-12-15 01:12:38.725,SERVO_OUTPUT_RAW,2313909834,SERVO_OUTPUT_RAW,0,0,0,0,0,0,0,0,1000,1000,1000,1000,0,0,0,0,0
2025-12-15 01:12:38.825,SERVO_OUTPUT_RAW,2314009842,SERVO_OUTPUT_RAW,0,0,0,0,0,0,0,0,1000,1000,1000,1000,0,0,0,0,0
2025-12-15 01:12:38.925,SERVO_OUTPUT_RAW,2314109799,SERVO_OUTPUT_RAW,0,0,0,0,0,0,0,0,1000,1000,1000,1000,0,0,0,0,0
2025-12-15 01:12:39.025,SERVO_OUTPUT_RAW,2314209798,SERVO_OUTPUT_RAW,0,0,0,0,0,0,0,0,1000,1000,1000,1000,0,0,0,0,0
2025-12-15 01:12:39.125,SERVO_OUTPUT_RAW,2314309832,SERVO_OUTPUT_RAW,0,0,0,0,0,0,0,0,1000,1000,1000,1000,0,0,0,0,0
2025-12-15 01:12:39.225,SERVO_OUTPUT_RAW,2314409788,SERVO_OUTPUT_RAW,0,0,0,0,0,0,0,0,1000,1000,1000,1000,0,0,0,0,0
2025-12-15 01:12:39.325,SERVO_OUTPUT_RAW,2314509781,SERVO_OUTPUT_RAW,0,0,0,0,0,0,0,0,1000,1000,1000,1000,0,0,0,0,0
2025-12-15 01:12:39.425,SERVO_OUTPUT_RAW,2314609791,SERVO_OUTPUT_RAW,0,0,0,0,0,0,0,0,1000,1000,1000,1000,0,0,0,0,0
2025-12-15 01:12:39.525,SERVO_OUTPUT_RAW,2314709793,SERVO_OUTPUT_RAW,0,0,0,0,0,0,0,0,1000,1000,1000,1000,0,0,0,0,0
2025-12-15 01:12:39.625,SERVO_OUTPUT_RAW,2314809782,SERVO_OUTPUT_RAW,0,0,0,0,0,0,0,0,1000,1000,1000,1000,0,0,0,0,0
2025-12-15 01:12:39.724,SERVO_OUTPUT_RAW,2314909801,SERVO_OUTPUT_RAW,0,0,0,0,0,0,0,0,1000,1000,1000,1000,0,0,0,0,0
2025-12-15 01:12:39.825,SERVO_OUTPUT_RAW,2315009843,SERVO_OUTPUT_RAW,0,0,0,0,0,0,0,0,1000,1000,1000,1000,0,0,0,0,0
2025-12-15 01:12:39.925,SERVO_OUTPUT_RAW,2315109823,SERVO_OUTPUT_RAW,0,0,0,0,0,0,0,0,1000,1000,1000,1000,0,0,0,0,0
2025-12-15 01:12:40.025,SERVO_OUTPUT_RAW,2315209799,SERVO_OUTPUT_RAW,0,0,0,0,0,0,0,0,1000,1000,1000,1000,0,0,0,0,0
2025-12-15 01:12:40.125,SERVO_OUTPUT_RAW,2315309792,SERVO_OUTPUT_RAW,0,0,0,0,0,0,0,0,1000,1000,1000,1000,0,0,0,0,0
2025-12-15 01:12:40.225,SERVO_OUTPUT_RAW,2315409829,SERVO_OUTPUT_RAW,0,0,0,0,0,0,0,0,1000,1000,1000,1000,0,0,0,0,0
2025-12-15 01:12:40.325,SERVO_OUTPUT_RAW,2315509856,SERVO_OUTPUT_RAW,0,0,0,0,0,0,0,0,1000,1000,1000,1000,0,0,0,0,0
2025-12-15 01:12:40.425,SERVO_OUTPUT_RAW,2315609803,SERVO_OUTPUT_RAW,0,0,0,0,0,0,0,0,1000,1000,1000,1000,0,0,0,0,0
2025-12-15 01:12:40.525,SERVO_OUTPUT_RAW,2315709791,SERVO_OUTPUT_RAW,0,0,0,0,0,0,0,0,1000,1000,1000,1000,0,0,0,0,0
2025-12-15 01:12:40.624,SERVO_OUTPUT_RAW,2315809812,SERVO_OUTPUT_RAW,0,0,0,0,0,0,0,0,1000,1000,1000,1000,0,0,0,0,0
2025-12-15 01:12:40.725,SERVO_OUTPUT_RAW,2315909822,SERVO_OUTPUT_RAW,0,0,0,0,0,0,0,0,1000,1000,1000,1000,0,0,0,0,0
2025-12-15 01:12:40.825,SERVO_OUTPUT_RAW,2316009783,SERVO_OUTPUT_RAW,0,0,0,0,0,0,0,0,1000,1000,1000,1000,0,0,0,0,0
2025-12-15 01:12:40.924,SERVO_OUTPUT_RAW,2316109788,SERVO_OUTPUT_RAW,0,0,0,0,0,0,0,0,1000,1000,1000,1000,0,0,0,0,0
2025-12-15 01:12:41.024,SERVO_OUTPUT_RAW,2316209843,SERVO_OUTPUT_RAW,0,0,0,0,0,0,0,0,1000,1000,1000,1000,0,0,0,0,0
2025-12-15 01:12:41.124,SERVO_OUTPUT_RAW,2316309789,SERVO_OUTPUT_RAW,0,0,0,0,0,0,0,0,1000,1000,1000,1000,0,0,0,0,0
2025-12-15 01:12:41.224,SERVO_OUTPUT_RAW,2316409783,SERVO_OUTPUT_RAW,0,0,0,0,0,0,0,0,1000,1000,1000,1000,0,0,0,0,0
2025-12-15 01:12:41.324,SERVO_OUTPUT_RAW,2316509816,SERVO_OUTPUT_RAW,0,0,0,0,0,0,0,0,1000,1000,1000,1000,0,0,0,0,0
2025-12-15 01:12:41.424,SERVO_OUTPUT_RAW,2316609769,SERVO_OUTPUT_RAW,0,0,0,0,0,0,0,0,1000,1000,1000,1000,0,0,0,0,0
2025-12-15 01:12:41.524,SERVO_OUTPUT_RAW,2316709842,SERVO_OUTPUT_RAW,0,0,0,0,0,0,0,0,1000,1000,1000,1000,0,0,0,0,0
2025-12-15 01:12:41.624,SERVO_OUTPUT_RAW,2316809900,SERVO_OUTPUT_RAW,0,0,0,0,0,0,0,0,1000,1000,1000,1000,0,0,0,0,0
2025-12-15 01:12:41.724,SERVO_OUTPUT_RAW,2316909816,SERVO_OUTPUT_RAW,0,0,0,0,0,0,0,0,1000,1000,1000,1000,0,0,0,0,0
2025-12-15 01:12:41.824,SERVO_OUTPUT_RAW,2317009830,SERVO_OUTPUT_RAW,0,0,0,0,0,0,0,0,1000,1000,1000,1000,0,0,0,0,0
2025-12-15 01:12:41.924,SERVO_OUTPUT_RAW,2317109846,SERVO_OUTPUT_RAW,0,0,0,0,0,0,0,0,1000,1000,1000,1000,0,0,0,0,0
2025-12-15 01:12:42.024,SERVO_OUTPUT_RAW,2317209789,SERVO_OUTPUT_RAW,0,0,0,0,0,0,0,0,1000,1000,1000,1000,0,0,0,0,0
2025-12-15 01:12:42.125,SERVO_OUTPUT_RAW,2317309799,SERVO_OUTPUT_RAW,0,0,0,0,0,0,0,0,1000,1000,1000,1000,0,0,0,0,0
2025-12-15 01:12:42.225,SERVO_OUTPUT_RAW,2317409828,SERVO_OUTPUT_RAW,0,0,0,0,0,0,0,0,1000,1000,1000,1000,0,0,0,0,0
2025-12-15 01:12:42.325,SERVO_OUTPUT_RAW,2317509832,SERVO_OUTPUT_RAW,0,0,0,0,0,0,0,0,1000,1000,1000,1000,0,0,0,0,0
2025-12-15 01:12:42.448,SERVO_OUTPUT_RAW,2317609786,SERVO_OUTPUT_RAW,0,0,0,0,0,0,0,0,1000,1000,1000,1000,0,0,0,0,0
2025-12-15 01:12:42.525,SERVO_OUTPUT_RAW,2317709803,SERVO_OUTPUT_RAW,0,0,0,0,0,0,0,0,1000,1000,1000,1000,0,0,0,0,0
2025-12-15 01:12:42.624,SERVO_OUTPUT_RAW,2317809784,SERVO_OUTPUT_RAW,0,0,0,0,0,0,0,0,1000,1000,1000,1000,0,0,0,0,0
2025-12-15 01:12:42.724,SERVO_OUTPUT_RAW,2317909785,SERVO_OUTPUT_RAW,0,0,0,0,0,0,0,0,1000,1000,1000,1000,0,0,0,0,0
2025-12-15 01:12:42.825,SERVO_OUTPUT_RAW,2318009784,SERVO_OUTPUT_RAW,0,0,0,0,0,0,0,0,1000,1000,1000,1000,0,0,0,0,0
2025-12-15 01:12:42.925,SERVO_OUTPUT_RAW,2318109810,SERVO_OUTPUT_RAW,0,0,0,0,0,0,0,0,1000,1000,1000,1000,0,0,0,0,0
2025-12-15 01:12:43.024,SERVO_OUTPUT_RAW,2318209845,SERVO_OUTPUT_RAW,0,0,0,0,0,0,0,0,1000,1000,1000,1000,0,0,0,0,0
2025-12-15 01:12:43.124,SERVO_OUTPUT_RAW,2318312133,SERVO_OUTPUT_RAW,0,0,0,0,0,0,0,0,1000,1000,1000,1000,0,0,0,0,0
2025-12-15 01:12:43.224,SERVO_OUTPUT_RAW,2318409815,SERVO_OUTPUT_RAW,0,0,0,0,0,0,0,0,1000,1000,1000,1000,0,0,0,0,0
2025-12-15 01:12:43.324,SERVO_OUTPUT_RAW,2318509877,SERVO_OUTPUT_RAW,0,0,0,0,0,0,0,0,1000,1000,1000,1000,0,0,0,0,0
2025-12-15 01:12:43.425,SERVO_OUTPUT_RAW,2318609847,SERVO_OUTPUT_RAW,0,0,0,0,0,0,0,0,1000,1000,1000,1000,0,0,0,0,0
2025-12-15 01:12:43.525,SERVO_OUTPUT_RAW,2318709845,SERVO_OUTPUT_RAW,0,0,0,0,0,0,0,0,1000,1000,1000,1000,0,0,0,0,0
2025-12-15 01:12:43.624,SERVO_OUTPUT_RAW,2318809781,SERVO_OUTPUT_RAW,0,0,0,0,0,0,0,0,1000,1000,1000,1000,0,0,0,0,0
2025-12-15 01:12:43.725,SERVO_OUTPUT_RAW,2318909814,SERVO_OUTPUT_RAW,0,0,0,0,0,0,0,0,1000,1000,1000,1000,0,0,0,0,0
2025-12-15 01:12:43.825,SERVO_OUTPUT_RAW,2319009827,SERVO_OUTPUT_RAW,0,0,0,0,0,0,0,0,1000,1000,1000,1000,0,0,0,0,0
2025-12-15 01:12:43.925,SERVO_OUTPUT_RAW,2319109783,SERVO_OUTPUT_RAW,0,0,0,0,0,0,0,0,1000,1000,1000,1000,0,0,0,0,0
2025-12-15 01:12:44.025,SERVO_OUTPUT_RAW,2319209793,SERVO_OUTPUT_RAW,0,0,0,0,0,0,0,0,1000,1000,1000,1000,0,0,0,0,0
2025-12-15 01:12:44.125,SERVO_OUTPUT_RAW,2319309786,SERVO_OUTPUT_RAW,0,0,0,0,0,0,0,0,1000,1000,1000,1000,0,0,0,0,0
2025-12-15 01:12:44.225,SERVO_OUTPUT_RAW,2319409792,SERVO_OUTPUT_RAW,0,0,0,0,0,0,0,0,1000,1000,1000,1000,0,0,0,0,0
2025-12-15 01:12:44.325,SERVO_OUTPUT_RAW,2319509820,SERVO_OUTPUT_RAW,0,0,0,0,0,0,0,0,1000,1000,1000,1000,0,0,0,0,0
2025-12-15 01:12:44.425,SERVO_OUTPUT_RAW,2319609789,SERVO_OUTPUT_RAW,0,0,0,0,0,0,0,0,1000,1000,1000,1000,0,0,0,0,0
2025-12-15 01:12:44.525,SERVO_OUTPUT_RAW,2319709843,SERVO_OUTPUT_RAW,0,0,0,0,0,0,0,0,1000,1000,1000,1000,0,0,0,0,0
2025-12-15 01:12:44.625,SERVO_OUTPUT_RAW,2319809854,SERVO_OUTPUT_RAW,0,0,0,0,0,0,0,0,1000,1000,1000,1000,0,0,0,0,0
2025-12-15 01:12:44.725,SERVO_OUTPUT_RAW,2319909861,SERVO_OUTPUT_RAW,0,0,0,0,0,0,0,0,1000,1000,1000,1000,0,0,0,0,0
2025-12-15 01:12:44.825,SERVO_OUTPUT_RAW,2320009831,SERVO_OUTPUT_RAW,0,0,0,0,0,0,0,0,1000,1000,1000,1000,0,0,0,0,0
2025-12-15 01:12:44.925,SERVO_OUTPUT_RAW,2320109829,SERVO_OUTPUT_RAW,0,0,0,0,0,0,0,0,1000,1000,1000,1000,0,0,0,0,0
2025-12-15 01:12:45.025,SERVO_OUTPUT_RAW,2320209835,SERVO_OUTPUT_RAW,0,0,0,0,0,0,0,0,1000,1000,1000,1000,0,0,0,0,0
2025-12-15 01:12:45.125,SERVO_OUTPUT_RAW,2320309777,SERVO_OUTPUT_RAW,0,0,0,0,0,0,0,0,1000,1000,1000,1000,0,0,0,0,0
2025-12-15 01:12:45.225,SERVO_OUTPUT_RAW,2320409820,SERVO_OUTPUT_RAW,0,0,0,0,0,0,0,0,1000,1000,1000,1000,0,0,0,0,0
2025-12-15 01:12:45.325,SERVO_OUTPUT_RAW,2320509818,SERVO_OUTPUT_RAW,0,0,0,0,0,0,0,0,1000,1000,1000,1000,0,0,0,0,0
2025-12-15 01:12:45.425,SERVO_OUTPUT_RAW,2320609808,SERVO_OUTPUT_RAW,0,0,0,0,0,0,0,0,1000,1000,1000,1000,0,0,0,0,0
2025-12-15 01:12:45.525,SERVO_OUTPUT_RAW,2320709798,SERVO_OUTPUT_RAW,0,0,0,0,0,0,0,0,1000,1000,1000,1000,0,0,0,0,0
2025-12-15 01:12:45.625,SERVO_OUTPUT_RAW,2320809791,SERVO_OUTPUT_RAW,0,0,0,0,0,0,0,0,1000,1000,1000,1000,0,0,0,0,0
2025-12-15 01:12:45.725,SERVO_OUTPUT_RAW,2320909812,SERVO_OUTPUT_RAW,0,0,0,0,0,0,0,0,1000,1000,1000,1000,0,0,0,0,0
2025-12-15 01:12:45.825,SERVO_OUTPUT_RAW,2321009790,SERVO_OUTPUT_RAW,0,0,0,0,0,0,0,0,1000,1000,1000,1000,0,0,0,0,0
2025-12-15 01:12:45.925,SERVO_OUTPUT_RAW,2321109824,SERVO_OUTPUT_RAW,0,0,0,0,0,0,0,0,1000,1000,1000,1000,0,0,0,0,0
2025-12-15 01:12:46.025,SERVO_OUTPUT_RAW,2321209808,SERVO_OUTPUT_RAW,0,0,0,0,0,0,0,0,1000,1000,1000,1000,0,0,0,0,0
2025-12-15 01:12:46.125,SERVO_OUTPUT_RAW,2321309836,SERVO_OUTPUT_RAW,0,0,0,0,0,0,0,0,1000,1000,1000,1000,0,0,0,0,0
2025-12-15 01:12:46.225,SERVO_OUTPUT_RAW,2321409873,SERVO_OUTPUT_RAW,0,0,0,0,0,0,0,0,1000,1000,1000,1000,0,0,0,0,0
2025-12-15 01:12:46.325,SERVO_OUTPUT_RAW,2321509781,SERVO_OUTPUT_RAW,0,0,0,0,0,0,0,0,1000,1000,1000,1000,0,0,0,0,0
2025-12-15 01:12:46.425,SERVO_OUTPUT_RAW,2321609811,SERVO_OUTPUT_RAW,0,0,0,0,0,0,0,0,1000,1000,1000,1000,0,0,0,0,0
2025-12-15 01:12:46.525,SERVO_OUTPUT_RAW,2321709833,SERVO_OUTPUT_RAW,0,0,0,0,0,0,0,0,1000,1000,1000,1000,0,0,0,0,0
2025-12-15 01:12:46.625,SERVO_OUTPUT_RAW,2321809834,SERVO_OUTPUT_RAW,0,0,0,0,0,0,0,0,1000,1000,1000,1000,0,0,0,0,0
2025-12-15 01:12:46.725,SERVO_OUTPUT_RAW,2321909794,SERVO_OUTPUT_RAW,0,0,0,0,0,0,0,0,1000,1000,1000,1000,0,0,0,0,0
2025-12-15 01:12:46.825,SERVO_OUTPUT_RAW,2322009810,SERVO_OUTPUT_RAW,0,0,0,0,0,0,0,0,1000,1000,1000,1000,0,0,0,0,0
2025-12-15 01:12:46.925,SERVO_OUTPUT_RAW,2322109818,SERVO_OUTPUT_RAW,0,0,0,0,0,0,0,0,1000,1000,1000,1000,0,0,0,0,0
2025-12-15 01:12:47.025,SERVO_OUTPUT_RAW,2322209839,SERVO_OUTPUT_RAW,0,0,0,0,0,0,0,0,1000,1000,1000,1000,0,0,0,0,0
2025-12-15 01:12:47.125,SERVO_OUTPUT_RAW,2322309790,SERVO_OUTPUT_RAW,0,0,0,0,0,0,0,0,1000,1000,1000,1000,0,0,0,0,0
2025-12-15 01:12:47.225,SERVO_OUTPUT_RAW,2322409818,SERVO_OUTPUT_RAW,0,0,0,0,0,0,0,0,1000,1000,1000,1000,0,0,0,0,0
2025-12-15 01:12:47.325,SERVO_OUTPUT_RAW,2322509847,SERVO_OUTPUT_RAW,0,0,0,0,0,0,0,0,1000,1000,1000,1000,0,0,0,0,0
2025-12-15 01:12:47.425,SERVO_OUTPUT_RAW,2322609784,SERVO_OUTPUT_RAW,0,0,0,0,0,0,0,0,1000,1000,1000,1000,0,0,0,0,0
2025-12-15 01:12:47.525,SERVO_OUTPUT_RAW,2322709788,SERVO_OUTPUT_RAW,0,0,0,0,0,0,0,0,1000,1000,1000,1000,0,0,0,0,0
2025-12-15 01:12:47.625,SERVO_OUTPUT_RAW,2322809833,SERVO_OUTPUT_RAW,0,0,0,0,0,0,0,0,1000,1000,1000,1000,0,0,0,0,0
2025-12-15 01:12:47.725,SERVO_OUTPUT_RAW,2322909846,SERVO_OUTPUT_RAW,0,0,0,0,0,0,0,0,1000,1000,1000,1000,0,0,0,0,0
2025-12-15 01:12:47.825,SERVO_OUTPUT_RAW,2323009804,SERVO_OUTPUT_RAW,0,0,0,0,0,0,0,0,1000,1000,1000,1000,0,0,0,0,0
2025-12-15 01:12:47.925,SERVO_OUTPUT_RAW,2323109831,SERVO_OUTPUT_RAW,0,0,0,0,0,0,0,0,1000,1000,1000,1000,0,0,0,0,0
2025-12-15 01:12:48.025,SERVO_OUTPUT_RAW,2323209816,SERVO_OUTPUT_RAW,0,0,0,0,0,0,0,0,1000,1000,1000,1000,0,0,0,0,0
2025-12-15 01:12:48.125,SERVO_OUTPUT_RAW,2323309845,SERVO_OUTPUT_RAW,0,0,0,0,0,0,0,0,1000,1000,1000,1000,0,0,0,0,0
2025-12-15 01:12:48.225,SERVO_OUTPUT_RAW,2323409850,SERVO_OUTPUT_RAW,0,0,0,0,0,0,0,0,1000,1000,1000,1000,0,0,0,0,0
2025-12-15 01:12:48.325,SERVO_OUTPUT_RAW,2323509784,SERVO_OUTPUT_RAW,0,0,0,0,0,0,0,0,1000,1000,1000,1000,0,0,0,0,0
2025-12-15 01:12:48.425,SERVO_OUTPUT_RAW,2323609818,SERVO_OUTPUT_RAW,0,0,0,0,0,0,0,0,1000,1000,1000,1000,0,0,0,0,0
2025-12-15 01:12:48.525,SERVO_OUTPUT_RAW,2323709813,SERVO_OUTPUT_RAW,0,0,0,0,0,0,0,0,1000,1000,1000,1000,0,0,0,0,0
2025-12-15 01:12:48.625,SERVO_OUTPUT_RAW,2323809781,SERVO_OUTPUT_RAW,0,0,0,0,0,0,0,0,1000,1000,1000,1000,0,0,0,0,0
2025-12-15 01:12:48.725,SERVO_OUTPUT_RAW,2323909796,SERVO_OUTPUT_RAW,0,0,0,0,0,0,0,0,1000,1000,1000,1000,0,0,0,0,0
2025-12-15 01:12:48.825,SERVO_OUTPUT_RAW,2324009819,SERVO_OUTPUT_RAW,0,0,0,0,0,0,0,0,1000,1000,1000,1000,0,0,0,0,0
2025-12-15 01:12:48.925,SERVO_OUTPUT_RAW,2324109784,SERVO_OUTPUT_RAW,0,0,0,0,0,0,0,0,1000,1000,1000,1000,0,0,0,0,0
2025-12-15 01:12:49.025,SERVO_OUTPUT_RAW,2324209784,SERVO_OUTPUT_RAW,0,0,0,0,0,0,0,0,1000,1000,1000,1000,0,0,0,0,0
2025-12-15 01:12:49.126,SERVO_OUTPUT_RAW,2324309831,SERVO_OUTPUT_RAW,0,0,0,0,0,0,0,0,1000,1000,1000,1000,0,0,0,0,0
2025-12-15 01:12:49.225,SERVO_OUTPUT_RAW,2324409843,SERVO_OUTPUT_RAW,0,0,0,0,0,0,0,0,1000,1000,1000,1000,0,0,0,0,0
2025-12-15 01:12:49.325,SERVO_OUTPUT_RAW,2324509798,SERVO_OUTPUT_RAW,0,0,0,0,0,0,0,0,1000,1000,1000,1000,0,0,0,0,0
2025-12-15 01:12:49.425,SERVO_OUTPUT_RAW,2324612196,SERVO_OUTPUT_RAW,0,0,0,0,0,0,0,0,1000,1000,1000,1000,0,0,0,0,0
2025-12-15 01:12:49.525,SERVO_OUTPUT_RAW,2324709820,SERVO_OUTPUT_RAW,0,0,0,0,0,0,0,0,1000,1000,1000,1000,0,0,0,0,0
2025-12-15 01:12:49.625,SERVO_OUTPUT_RAW,2324809839,SERVO_OUTPUT_RAW,0,0,0,0,0,0,0,0,1000,1000,1000,1000,0,0,0,0,0
2025-12-15 01:12:49.725,SERVO_OUTPUT_RAW,2324909919,SERVO_OUTPUT_RAW,0,0,0,0,0,0,0,0,1000,1000,1000,1000,0,0,0,0,0
2025-12-15 01:12:49.826,SERVO_OUTPUT_RAW,2325009779,SERVO_OUTPUT_RAW,0,0,0,0,0,0,0,0,1000,1000,1000,1000,0,0,0,0,0
2025-12-15 01:12:49.926,SERVO_OUTPUT_RAW,2325109789,SERVO_OUTPUT_RAW,0,0,0,0,0,0,0,0,1000,1000,1000,1000,0,0,0,0,0
2025-12-15 01:12:50.025,SERVO_OUTPUT_RAW,2325209824,SERVO_OUTPUT_RAW,0,0,0,0,0,0,0,0,1000,1000,1000,1000,0,0,0,0,0
2025-12-15 01:12:50.126,SERVO_OUTPUT_RAW,2325309815,SERVO_OUTPUT_RAW,0,0,0,0,0,0,0,0,1000,1000,1000,1000,0,0,0,0,0
2025-12-15 01:12:50.226,SERVO_OUTPUT_RAW,2325409790,SERVO_OUTPUT_RAW,0,0,0,0,0,0,0,0,1000,1000,1000,1000,0,0,0,0,0
2025-12-15 01:12:50.324,SERVO_OUTPUT_RAW,2325509797,SERVO_OUTPUT_RAW,0,0,0,0,0,0,0,0,1000,1000,1000,1000,0,0,0,0,0
2025-12-15 01:12:50.424,SERVO_OUTPUT_RAW,2325609777,SERVO_OUTPUT_RAW,0,0,0,0,0,0,0,0,1000,1000,1000,1000,0,0,0,0,0
2025-12-15 01:12:50.524,SERVO_OUTPUT_RAW,2325709782,SERVO_OUTPUT_RAW,0,0,0,0,0,0,0,0,1000,1000,1000,1000,0,0,0,0,0
2025-12-15 01:12:50.624,SERVO_OUTPUT_RAW,2325809794,SERVO_OUTPUT_RAW,0,0,0,0,0,0,0,0,1000,1000,1000,1000,0,0,0,0,0
2025-12-15 01:12:50.724,SERVO_OUTPUT_RAW,2325909837,SERVO_OUTPUT_RAW,0,0,0,0,0,0,0,0,1000,1000,1000,1000,0,0,0,0,0
2025-12-15 01:12:50.824,SERVO_OUTPUT_RAW,2326009829,SERVO_OUTPUT_RAW,0,0,0,0,0,0,0,0,1000,1000,1000,1000,0,0,0,0,0
2025-12-15 01:12:50.924,SERVO_OUTPUT_RAW,2326109846,SERVO_OUTPUT_RAW,0,0,0,0,0,0,0,0,1000,1000,1000,1000,0,0,0,0,0
2025-12-15 01:12:51.024,SERVO_OUTPUT_RAW,2326209826,SERVO_OUTPUT_RAW,0,0,0,0,0,0,0,0,1000,1000,1000,1000,0,0,0,0,0
2025-12-15 01:12:51.124,SERVO_OUTPUT_RAW,2326309819,SERVO_OUTPUT_RAW,0,0,0,0,0,0,0,0,1000,1000,1000,1000,0,0,0,0,0
2025-12-15 01:12:51.224,SERVO_OUTPUT_RAW,2326409846,SERVO_OUTPUT_RAW,0,0,0,0,0,0,0,0,1000,1000,1000,1000,0,0,0,0,0
2025-12-15 01:12:51.324,SERVO_OUTPUT_RAW,2326509841,SERVO_OUTPUT_RAW,0,0,0,0,0,0,0,0,1000,1000,1000,1000,0,0,0,0,0
2025-12-15 01:12:51.424,SERVO_OUTPUT_RAW,2326609786,SERVO_OUTPUT_RAW,0,0,0,0,0,0,0,0,1000,1000,1000,1000,0,0,0,0,0
2025-12-15 01:12:51.524,SERVO_OUTPUT_RAW,2326709847,SERVO_OUTPUT_RAW,0,0,0,0,0,0,0,0,1000,1000,1000,1000,0,0,0,0,0
2025-12-15 01:12:51.624,SERVO_OUTPUT_RAW,2326809817,SERVO_OUTPUT_RAW,0,0,0,0,0,0,0,0,1000,1000,1000,1000,0,0,0,0,0
2025-12-15 01:12:51.724,SERVO_OUTPUT_RAW,2326909835,SERVO_OUTPUT_RAW,0,0,0,0,0,0,0,0,1000,1000,1000,1000,0,0,0,0,0
2025-12-15 01:12:51.825,SERVO_OUTPUT_RAW,2327009770,SERVO_OUTPUT_RAW,0,0,0,0,0,0,0,0,1000,1000,1000,1000,0,0,0,0,0
2025-12-15 01:12:51.924,SERVO_OUTPUT_RAW,2327109796,SERVO_OUTPUT_RAW,0,0,0,0,0,0,0,0,1000,1000,1000,1000,0,0,0,0,0
2025-12-15 01:12:52.024,SERVO_OUTPUT_RAW,2327209791,SERVO_OUTPUT_RAW,0,0,0,0,0,0,0,0,1000,1000,1000,1000,0,0,0,0,0
2025-12-15 01:12:52.125,SERVO_OUTPUT_RAW,2327309778,SERVO_OUTPUT_RAW,0,0,0,0,0,0,0,0,1000,1000,1000,1000,0,0,0,0,0
2025-12-15 01:12:52.226,SERVO_OUTPUT_RAW,2327409799,SERVO_OUTPUT_RAW,0,0,0,0,0,0,0,0,1000,1000,1000,1000,0,0,0,0,0
2025-12-15 01:12:52.325,SERVO_OUTPUT_RAW,2327509828,SERVO_OUTPUT_RAW,0,0,0,0,0,0,0,0,1000,1000,1000,1000,0,0,0,0,0
2025-12-15 01:12:52.425,SERVO_OUTPUT_RAW,2327609871,SERVO_OUTPUT_RAW,0,0,0,0,0,0,0,0,1000,1000,1000,1000,0,0,0,0,0
2025-12-15 01:12:52.525,SERVO_OUTPUT_RAW,2327709802,SERVO_OUTPUT_RAW,0,0,0,0,0,0,0,0,1000,1000,1000,1000,0,0,0,0,0
2025-12-15 01:12:52.625,SERVO_OUTPUT_RAW,2327809814,SERVO_OUTPUT_RAW,0,0,0,0,0,0,0,0,1000,1000,1000,1000,0,0,0,0,0
2025-12-15 01:12:52.725,SERVO_OUTPUT_RAW,2327909854,SERVO_OUTPUT_RAW,0,0,0,0,0,0,0,0,1000,1000,1000,1000,0,0,0,0,0
2025-12-15 01:12:52.825,SERVO_OUTPUT_RAW,2328009838,SERVO_OUTPUT_RAW,0,0,0,0,0,0,0,0,1000,1000,1000,1000,0,0,0,0,0
2025-12-15 01:12:52.925,SERVO_OUTPUT_RAW,2328109813,SERVO_OUTPUT_RAW,0,0,0,0,0,0,0,0,1000,1000,1000,1000,0,0,0,0,0
2025-12-15 01:12:53.025,SERVO_OUTPUT_RAW,2328209801,SERVO_OUTPUT_RAW,0,0,0,0,0,0,0,0,1000,1000,1000,1000,0,0,0,0,0
2025-12-15 01:12:53.125,SERVO_OUTPUT_RAW,2328309813,SERVO_OUTPUT_RAW,0,0,0,0,0,0,0,0,1000,1000,1000,1000,0,0,0,0,0
2025-12-15 01:12:53.225,SERVO_OUTPUT_RAW,2328409815,SERVO_OUTPUT_RAW,0,0,0,0,0,0,0,0,1000,1000,1000,1000,0,0,0,0,0
2025-12-15 01:12:53.325,SERVO_OUTPUT_RAW,2328509800,SERVO_OUTPUT_RAW,0,0,0,0,0,0,0,0,1000,1000,1000,1000,0,0,0,0,0
2025-12-15 01:12:53.425,SERVO_OUTPUT_RAW,2328609791,SERVO_OUTPUT_RAW,0,0,0,0,0,0,0,0,1000,1000,1000,1000,0,0,0,0,0
2025-12-15 01:12:53.525,SERVO_OUTPUT_RAW,2328709798,SERVO_OUTPUT_RAW,0,0,0,0,0,0,0,0,1000,1000,1000,1000,0,0,0,0,0
2025-12-15 01:12:53.625,SERVO_OUTPUT_RAW,2328809851,SERVO_OUTPUT_RAW,0,0,0,0,0,0,0,0,1000,1000,1000,1000,0,0,0,0,0
2025-12-15 01:12:53.725,SERVO_OUTPUT_RAW,2328909786,SERVO_OUTPUT_RAW,0,0,0,0,0,0,0,0,1000,1000,1000,1000,0,0,0,0,0
2025-12-15 01:12:53.825,SERVO_OUTPUT_RAW,2329009820,SERVO_OUTPUT_RAW,0,0,0,0,0,0,0,0,1000,1000,1000,1000,0,0,0,0,0
2025-12-15 01:12:53.925,SERVO_OUTPUT_RAW,2329109829,SERVO_OUTPUT_RAW,0,0,0,0,0,0,0,0,1000,1000,1000,1000,0,0,0,0,0
2025-12-15 01:12:54.025,SERVO_OUTPUT_RAW,2329209839,SERVO_OUTPUT_RAW,0,0,0,0,0,0,0,0,1000,1000,1000,1000,0,0,0,0,0
2025-12-15 01:12:54.125,SERVO_OUTPUT_RAW,2329309790,SERVO_OUTPUT_RAW,0,0,0,0,0,0,0,0,1000,1000,1000,1000,0,0,0,0,0
2025-12-15 01:12:54.225,SERVO_OUTPUT_RAW,2329409839,SERVO_OUTPUT_RAW,0,0,0,0,0,0,0,0,1000,1000,1000,1000,0,0,0,0,0
2025-12-15 01:12:54.325,SERVO_OUTPUT_RAW,2329509841,SERVO_OUTPUT_RAW,0,0,0,0,0,0,0,0,1000,1000,1000,1000,0,0,0,0,0
2025-12-15 01:12:54.425,SERVO_OUTPUT_RAW,2329609834,SERVO_OUTPUT_RAW,0,0,0,0,0,0,0,0,1000,1000,1000,1000,0,0,0,0,0
2025-12-15 01:12:54.525,SERVO_OUTPUT_RAW,2329709791,SERVO_OUTPUT_RAW,0,0,0,0,0,0,0,0,1000,1000,1000,1000,0,0,0,0,0
2025-12-15 01:12:54.625,SERVO_OUTPUT_RAW,2329809861,SERVO_OUTPUT_RAW,0,0,0,0,0,0,0,0,1000,1000,1000,1000,0,0,0,0,0
2025-12-15 01:12:54.725,SERVO_OUTPUT_RAW,2329909826,SERVO_OUTPUT_RAW,0,0,0,0,0,0,0,0,1000,1000,1000,1000,0,0,0,0,0
2025-12-15 01:12:54.825,SERVO_OUTPUT_RAW,2330009826,SERVO_OUTPUT_RAW,0,0,0,0,0,0,0,0,1000,1000,1000,1000,0,0,0,0,0
2025-12-15 01:12:54.930,SERVO_OUTPUT_RAW,2330109786,SERVO_OUTPUT_RAW,0,0,0,0,0,0,0,0,1000,1000,1000,1000,0,0,0,0,0
2025-12-15 01:12:55.025,SERVO_OUTPUT_RAW,2330209786,SERVO_OUTPUT_RAW,0,0,0,0,0,0,0,0,1000,1000,1000,1000,0,0,0,0,0
2025-12-15 01:12:55.124,SERVO_OUTPUT_RAW,2330309798,SERVO_OUTPUT_RAW,0,0,0,0,0,0,0,0,1000,1000,1000,1000,0,0,0,0,0
2025-12-15 01:12:55.225,SERVO_OUTPUT_RAW,2330409784,SERVO_OUTPUT_RAW,0,0,0,0,0,0,0,0,1000,1000,1000,1000,0,0,0,0,0
2025-12-15 01:12:55.325,SERVO_OUTPUT_RAW,2330509792,SERVO_OUTPUT_RAW,0,0,0,0,0,0,0,0,1000,1000,1000,1000,0,0,0,0,0
2025-12-15 01:12:55.425,SERVO_OUTPUT_RAW,2330609823,SERVO_OUTPUT_RAW,0,0,0,0,0,0,0,0,1000,1000,1000,1000,0,0,0,0,0
2025-12-15 01:12:55.525,SERVO_OUTPUT_RAW,2330709792,SERVO_OUTPUT_RAW,0,0,0,0,0,0,0,0,1000,1000,1000,1000,0,0,0,0,0
2025-12-15 01:12:55.625,SERVO_OUTPUT_RAW,2330809869,SERVO_OUTPUT_RAW,0,0,0,0,0,0,0,0,1000,1000,1000,1000,0,0,0,0,0
2025-12-15 01:12:55.725,SERVO_OUTPUT_RAW,2330912156,SERVO_OUTPUT_RAW,0,0,0,0,0,0,0,0,1000,1000,1000,1000,0,0,0,0,0
2025-12-15 01:12:55.825,SERVO_OUTPUT_RAW,2331009835,SERVO_OUTPUT_RAW,0,0,0,0,0,0,0,0,1000,1000,1000,1000,0,0,0,0,0
2025-12-15 01:12:55.925,SERVO_OUTPUT_RAW,2331109858,SERVO_OUTPUT_RAW,0,0,0,0,0,0,0,0,1000,1000,1000,1000,0,0,0,0,0
2025-12-15 01:12:56.025,SERVO_OUTPUT_RAW,2331209865,SERVO_OUTPUT_RAW,0,0,0,0,0,0,0,0,1000,1000,1000,1000,0,0,0,0,0
2025-12-15 01:12:56.125,SERVO_OUTPUT_RAW,2331309789,SERVO_OUTPUT_RAW,0,0,0,0,0,0,0,0,1000,1000,1000,1000,0,0,0,0,0
2025-12-15 01:12:56.225,SERVO_OUTPUT_RAW,2331409818,SERVO_OUTPUT_RAW,0,0,0,0,0,0,0,0,1000,1000,1000,1000,0,0,0,0,0
2025-12-15 01:12:56.325,SERVO_OUTPUT_RAW,2331509809,SERVO_OUTPUT_RAW,0,0,0,0,0,0,0,0,1000,1000,1000,1000,0,0,0,0,0
2025-12-15 01:12:56.425,SERVO_OUTPUT_RAW,2331609774,SERVO_OUTPUT_RAW,0,0,0,0,0,0,0,0,1000,1000,1000,1000,0,0,0,0,0
2025-12-15 01:12:56.525,SERVO_OUTPUT_RAW,2331709794,SERVO_OUTPUT_RAW,0,0,0,0,0,0,0,0,1000,1000,1000,1000,0,0,0,0,0
2025-12-15 01:12:56.625,SERVO_OUTPUT_RAW,2331809799,SERVO_OUTPUT_RAW,0,0,0,0,0,0,0,0,1000,1000,1000,1000,0,0,0,0,0
2025-12-15 01:12:56.725,SERVO_OUTPUT_RAW,2331909790,SERVO_OUTPUT_RAW,0,0,0,0,0,0,0,0,1000,1000,1000,1000,0,0,0,0,0
2025-12-15 01:12:56.825,SERVO_OUTPUT_RAW,2332009788,SERVO_OUTPUT_RAW,0,0,0,0,0,0,0,0,1000,1000,1000,1000,0,0,0,0,0
2025-12-15 01:12:56.926,SERVO_OUTPUT_RAW,2332109838,SERVO_OUTPUT_RAW,0,0,0,0,0,0,0,0,1000,1000,1000,1000,0,0,0,0,0
2025-12-15 01:12:57.025,SERVO_OUTPUT_RAW,2332209841,SERVO_OUTPUT_RAW,0,0,0,0,0,0,0,0,1000,1000,1000,1000,0,0,0,0,0
2025-12-15 01:12:57.125,SERVO_OUTPUT_RAW,2332309854,SERVO_OUTPUT_RAW,0,0,0,0,0,0,0,0,1000,1000,1000,1000,0,0,0,0,0
2025-12-15 01:12:57.225,SERVO_OUTPUT_RAW,2332409795,SERVO_OUTPUT_RAW,0,0,0,0,0,0,0,0,1000,1000,1000,1000,0,0,0,0,0
2025-12-15 01:12:57.325,SERVO_OUTPUT_RAW,2332509822,SERVO_OUTPUT_RAW,0,0,0,0,0,0,0,0,1000,1000,1000,1000,0,0,0,0,0
2025-12-15 01:12:57.426,SERVO_OUTPUT_RAW,2332609823,SERVO_OUTPUT_RAW,0,0,0,0,0,0,0,0,1000,1000,1000,1000,0,0,0,0,0
2025-12-15 01:12:57.525,SERVO_OUTPUT_RAW,2332709865,SERVO_OUTPUT_RAW,0,0,0,0,0,0,0,0,1000,1000,1000,1000,0,0,0,0,0
2025-12-15 01:12:57.625,SERVO_OUTPUT_RAW,2332809821,SERVO_OUTPUT_RAW,0,0,0,0,0,0,0,0,1000,1000,1000,1000,0,0,0,0,0
2025-12-15 01:12:57.725,SERVO_OUTPUT_RAW,2332909792,SERVO_OUTPUT_RAW,0,0,0,0,0,0,0,0,1000,1000,1000,1000,0,0,0,0,0
2025-12-15 01:12:57.826,SERVO_OUTPUT_RAW,2333009829,SERVO_OUTPUT_RAW,0,0,0,0,0,0,0,0,1000,1000,1000,1000,0,0,0,0,0
2025-12-15 01:12:57.925,SERVO_OUTPUT_RAW,2333109813,SERVO_OUTPUT_RAW,0,0,0,0,0,0,0,0,1000,1000,1000,1000,0,0,0,0,0
2025-12-15 01:12:58.026,SERVO_OUTPUT_RAW,2333209779,SERVO_OUTPUT_RAW,0,0,0,0,0,0,0,0,1000,1000,1000,1000,0,0,0,0,0
2025-12-15 01:12:58.125,SERVO_OUTPUT_RAW,2333309796,SERVO_OUTPUT_RAW,0,0,0,0,0,0,0,0,1000,1000,1000,1000,0,0,0,0,0
2025-12-15 01:12:58.225,SERVO_OUTPUT_RAW,2333409795,SERVO_OUTPUT_RAW,0,0,0,0,0,0,0,0,1000,1000,1000,1000,0,0,0,0,0
2025-12-15 01:12:58.326,SERVO_OUTPUT_RAW,2333509785,SERVO_OUTPUT_RAW,0,0,0,0,0,0,0,0,1000,1000,1000,1000,0,0,0,0,0
2025-12-15 01:12:58.425,SERVO_OUTPUT_RAW,2333609793,SERVO_OUTPUT_RAW,0,0,0,0,0,0,0,0,1000,1000,1000,1000,0,0,0,0,0
2025-12-15 01:12:58.525,SERVO_OUTPUT_RAW,2333709821,SERVO_OUTPUT_RAW,0,0,0,0,0,0,0,0,1000,1000,1000,1000,0,0,0,0,0
2025-12-15 01:12:58.626,SERVO_OUTPUT_RAW,2333809791,SERVO_OUTPUT_RAW,0,0,0,0,0,0,0,0,1000,1000,1000,1000,0,0,0,0,0
2025-12-15 01:12:58.725,SERVO_OUTPUT_RAW,2333912154,SERVO_OUTPUT_RAW,0,0,0,0,0,0,0,0,1000,1000,1000,1000,0,0,0,0,0
2025-12-15 01:12:58.825,SERVO_OUTPUT_RAW,2334009773,SERVO_OUTPUT_RAW,0,0,0,0,0,0,0,0,1000,1000,1000,1000,0,0,0,0,0
2025-12-15 01:12:58.926,SERVO_OUTPUT_RAW,2334109811,SERVO_OUTPUT_RAW,0,0,0,0,0,0,0,0,1000,1000,1000,1000,0,0,0,0,0
2025-12-15 01:12:59.025,SERVO_OUTPUT_RAW,2334209832,SERVO_OUTPUT_RAW,0,0,0,0,0,0,0,0,1000,1000,1000,1000,0,0,0,0,0
2025-12-15 01:12:59.125,SERVO_OUTPUT_RAW,2334309850,SERVO_OUTPUT_RAW,0,0,0,0,0,0,0,0,1000,1000,1000,1000,0,0,0,0,0
2025-12-15 01:12:59.226,SERVO_OUTPUT_RAW,2334409793,SERVO_OUTPUT_RAW,0,0,0,0,0,0,0,0,1000,1000,1000,1000,0,0,0,0,0
2025-12-15 01:12:59.325,SERVO_OUTPUT_RAW,2334509804,SERVO_OUTPUT_RAW,0,0,0,0,0,0,0,0,1000,1000,1000,1000,0,0,0,0,0
2025-12-15 01:12:59.426,SERVO_OUTPUT_RAW,2334609822,SERVO_OUTPUT_RAW,0,0,0,0,0,0,0,0,1000,1000,1000,1000,0,0,0,0,0
2025-12-15 01:12:59.525,SERVO_OUTPUT_RAW,2334709782,SERVO_OUTPUT_RAW,0,0,0,0,0,0,0,0,1000,1000,1000,1000,0,0,0,0,0
2025-12-15 01:12:59.625,SERVO_OUTPUT_RAW,2334809810,SERVO_OUTPUT_RAW,0,0,0,0,0,0,0,0,1000,1000,1000,1000,0,0,0,0,0
2025-12-15 01:12:59.724,SERVO_OUTPUT_RAW,2334909788,SERVO_OUTPUT_RAW,0,0,0,0,0,0,0,0,1000,1000,1000,1000,0,0,0,0,0
2025-12-15 01:12:59.826,SERVO_OUTPUT_RAW,2335009793,SERVO_OUTPUT_RAW,0,0,0,0,0,0,0,0,1000,1000,1000,1000,0,0,0,0,0
2025-12-15 01:12:59.924,SERVO_OUTPUT_RAW,2335109837,SERVO_OUTPUT_RAW,0,0,0,0,0,0,0,0,1000,1000,1000,1000,0,0,0,0,0
2025-12-15 01:13:00.024,SERVO_OUTPUT_RAW,2335209791,SERVO_OUTPUT_RAW,0,0,0,0,0,0,0,0,1000,1000,1000,1000,0,0,0,0,0
2025-12-15 01:13:00.125,SERVO_OUTPUT_RAW,2335309828,SERVO_OUTPUT_RAW,0,0,0,0,0,0,0,0,1000,1000,1000,1000,0,0,0,0,0
2025-12-15 01:13:00.225,SERVO_OUTPUT_RAW,2335409825,SERVO_OUTPUT_RAW,0,0,0,0,0,0,0,0,1000,1000,1000,1000,0,0,0,0,0
2025-12-15 01:13:00.325,SERVO_OUTPUT_RAW,2335509797,SERVO_OUTPUT_RAW,0,0,0,0,0,0,0,0,1000,1000,1000,1000,0,0,0,0,0
2025-12-15 01:13:00.425,SERVO_OUTPUT_RAW,2335609848,SERVO_OUTPUT_RAW,0,0,0,0,0,0,0,0,1000,1000,1000,1000,0,0,0,0,0
2025-12-15 01:13:00.525,SERVO_OUTPUT_RAW,2335709838,SERVO_OUTPUT_RAW,0,0,0,0,0,0,0,0,1000,1000,1000,1000,0,0,0,0,0
2025-12-15 01:13:00.625,SERVO_OUTPUT_RAW,2335809848,SERVO_OUTPUT_RAW,0,0,0,0,0,0,0,0,1000,1000,1000,1000,0,0,0,0,0
2025-12-15 01:13:00.725,SERVO_OUTPUT_RAW,2335909774,SERVO_OUTPUT_RAW,0,0,0,0,0,0,0,0,1000,1000,1000,1000,0,0,0,0,0
2025-12-15 01:13:00.825,SERVO_OUTPUT_RAW,2336009782,SERVO_OUTPUT_RAW,0,0,0,0,0,0,0,0,1000,1000,1000,1000,0,0,0,0,0
2025-12-15 01:13:00.925,SERVO_OUTPUT_RAW,2336109806,SERVO_OUTPUT_RAW,0,0,0,0,0,0,0,0,1000,1000,1000,1000,0,0,0,0,0
2025-12-15 01:13:01.025,SERVO_OUTPUT_RAW,2336209821,SERVO_OUTPUT_RAW,0,0,0,0,0,0,0,0,1000,1000,1000,1000,0,0,0,0,0
2025-12-15 01:13:01.125,SERVO_OUTPUT_RAW,2336309794,SERVO_OUTPUT_RAW,0,0,0,0,0,0,0,0,1000,1000,1000,1000,0,0,0,0,0
2025-12-15 01:13:01.225,SERVO_OUTPUT_RAW,2336409777,SERVO_OUTPUT_RAW,0,0,0,0,0,0,0,0,1000,1000,1000,1000,0,0,0,0,0
2025-12-15 01:13:01.325,SERVO_OUTPUT_RAW,2336509798,SERVO_OUTPUT_RAW,0,0,0,0,0,0,0,0,1000,1000,1000,1000,0,0,0,0,0
2025-12-15 01:13:01.425,SERVO_OUTPUT_RAW,2336609816,SERVO_OUTPUT_RAW,0,0,0,0,0,0,0,0,1000,1000,1000,1000,0,0,0,0,0
2025-12-15 01:13:01.525,SERVO_OUTPUT_RAW,2336709785,SERVO_OUTPUT_RAW,0,0,0,0,0,0,0,0,1000,1000,1000,1000,0,0,0,0,0
2025-12-15 01:13:01.625,SERVO_OUTPUT_RAW,2336809832,SERVO_OUTPUT_RAW,0,0,0,0,0,0,0,0,1000,1000,1000,1000,0,0,0,0,0
2025-12-15 01:13:01.725,SERVO_OUTPUT_RAW,2336909832,SERVO_OUTPUT_RAW,0,0,0,0,0,0,0,0,1000,1000,1000,1000,0,0,0,0,0
2025-12-15 01:13:01.825,SERVO_OUTPUT_RAW,2337009828,SERVO_OUTPUT_RAW,0,0,0,0,0,0,0,0,1000,1000,1000,1000,0,0,0,0,0
2025-12-15 01:13:01.925,SERVO_OUTPUT_RAW,2337109789,SERVO_OUTPUT_RAW,0,0,0,0,0,0,0,0,1000,1000,1000,1000,0,0,0,0,0
2025-12-15 01:13:02.025,SERVO_OUTPUT_RAW,2337212094,SERVO_OUTPUT_RAW,0,0,0,0,0,0,0,0,1000,1000,1000,1000,0,0,0,0,0
2025-12-15 01:13:02.125,SERVO_OUTPUT_RAW,2337309839,SERVO_OUTPUT_RAW,0,0,0,0,0,0,0,0,1000,1000,1000,1000,0,0,0,0,0
2025-12-15 01:13:02.225,SERVO_OUTPUT_RAW,2337409842,SERVO_OUTPUT_RAW,0,0,0,0,0,0,0,0,1000,1000,1000,1000,0,0,0,0,0
2025-12-15 01:13:02.325,SERVO_OUTPUT_RAW,2337509822,SERVO_OUTPUT_RAW,0,0,0,0,0,0,0,0,1000,1000,1000,1000,0,0,0,0,0
2025-12-15 01:13:02.426,SERVO_OUTPUT_RAW,2337609804,SERVO_OUTPUT_RAW,0,0,0,0,0,0,0,0,1000,1000,1000,1000,0,0,0,0,0
2025-12-15 01:13:02.525,SERVO_OUTPUT_RAW,2337709818,SERVO_OUTPUT_RAW,0,0,0,0,0,0,0,0,1000,1000,1000,1000,0,0,0,0,0
2025-12-15 01:13:02.625,SERVO_OUTPUT_RAW,2337809828,SERVO_OUTPUT_RAW,0,0,0,0,0,0,0,0,1000,1000,1000,1000,0,0,0,0,0
2025-12-15 01:13:02.725,SERVO_OUTPUT_RAW,2337909806,SERVO_OUTPUT_RAW,0,0,0,0,0,0,0,0,1000,1000,1000,1000,0,0,0,0,0
2025-12-15 01:13:02.825,SERVO_OUTPUT_RAW,2338009792,SERVO_OUTPUT_RAW,0,0,0,0,0,0,0,0,1000,1000,1000,1000,0,0,0,0,0
2025-12-15 01:13:02.925,SERVO_OUTPUT_RAW,2338109785,SERVO_OUTPUT_RAW,0,0,0,0,0,0,0,0,1000,1000,1000,1000,0,0,0,0,0
2025-12-15 01:13:03.025,SERVO_OUTPUT_RAW,2338209786,SERVO_OUTPUT_RAW,0,0,0,0,0,0,0,0,1000,1000,1000,1000,0,0,0,0,0
2025-12-15 01:13:03.125,SERVO_OUTPUT_RAW,2338309799,SERVO_OUTPUT_RAW,0,0,0,0,0,0,0,0,1000,1000,1000,1000,0,0,0,0,0
2025-12-15 01:13:03.225,SERVO_OUTPUT_RAW,2338409833,SERVO_OUTPUT_RAW,0,0,0,0,0,0,0,0,1000,1000,1000,1000,0,0,0,0,0
2025-12-15 01:13:03.325,SERVO_OUTPUT_RAW,2338509865,SERVO_OUTPUT_RAW,0,0,0,0,0,0,0,0,1000,1000,1000,1000,0,0,0,0,0
2025-12-15 01:13:03.425,SERVO_OUTPUT_RAW,2338609813,SERVO_OUTPUT_RAW,0,0,0,0,0,0,0,0,1000,1000,1000,1000,0,0,0,0,0
2025-12-15 01:13:03.525,SERVO_OUTPUT_RAW,2338709801,SERVO_OUTPUT_RAW,0,0,0,0,0,0,0,0,1000,1000,1000,1000,0,0,0,0,0
2025-12-15 01:13:03.625,SERVO_OUTPUT_RAW,2338809831,SERVO_OUTPUT_RAW,0,0,0,0,0,0,0,0,1000,1000,1000,1000,0,0,0,0,0
2025-12-15 01:13:03.725,SERVO_OUTPUT_RAW,2338909867,SERVO_OUTPUT_RAW,0,0,0,0,0,0,0,0,1000,1000,1000,1000,0,0,0,0,0
2025-12-15 01:13:03.825,SERVO_OUTPUT_RAW,2339009844,SERVO_OUTPUT_RAW,0,0,0,0,0,0,0,0,1000,1000,1000,1000,0,0,0,0,0
2025-12-15 01:13:03.925,SERVO_OUTPUT_RAW,2339109786,SERVO_OUTPUT_RAW,0,0,0,0,0,0,0,0,1000,1000,1000,1000,0,0,0,0,0
2025-12-15 01:13:04.025,SERVO_OUTPUT_RAW,2339209813,SERVO_OUTPUT_RAW,0,0,0,0,0,0,0,0,1000,1000,1000,1000,0,0,0,0,0
2025-12-15 01:13:04.125,SERVO_OUTPUT_RAW,2339309845,SERVO_OUTPUT_RAW,0,0,0,0,0,0,0,0,1000,1000,1000,1000,0,0,0,0,0
2025-12-15 01:13:04.226,SERVO_OUTPUT_RAW,2339409777,SERVO_OUTPUT_RAW,0,0,0,0,0,0,0,0,1000,1000,1000,1000,0,0,0,0,0
2025-12-15 01:13:04.325,SERVO_OUTPUT_RAW,2339509794,SERVO_OUTPUT_RAW,0,0,0,0,0,0,0,0,1000,1000,1000,1000,0,0,0,0,0
2025-12-15 01:13:04.425,SERVO_OUTPUT_RAW,2339609788,SERVO_OUTPUT_RAW,0,0,0,0,0,0,0,0,1000,1000,1000,1000,0,0,0,0,0
2025-12-15 01:13:04.525,SERVO_OUTPUT_RAW,2339709780,SERVO_OUTPUT_RAW,0,0,0,0,0,0,0,0,1000,1000,1000,1000,0,0,0,0,0
2025-12-15 01:13:04.625,SERVO_OUTPUT_RAW,2339809791,SERVO_OUTPUT_RAW,0,0,0,0,0,0,0,0,1000,1000,1000,1000,0,0,0,0,0
2025-12-15 01:13:04.725,SERVO_OUTPUT_RAW,2339909784,SERVO_OUTPUT_RAW,0,0,0,0,0,0,0,0,1000,1000,1000,1000,0,0,0,0,0
2025-12-15 01:13:04.826,SERVO_OUTPUT_RAW,2340009836,SERVO_OUTPUT_RAW,0,0,0,0,0,0,0,0,1000,1000,1000,1000,0,0,0,0,0
2025-12-15 01:13:04.925,SERVO_OUTPUT_RAW,2340109852,SERVO_OUTPUT_RAW,0,0,0,0,0,0,0,0,1000,1000,1000,1000,0,0,0,0,0
2025-12-15 01:13:05.025,SERVO_OUTPUT_RAW,2340212130,SERVO_OUTPUT_RAW,0,0,0,0,0,0,0,0,1000,1000,1000,1000,0,0,0,0,0
2025-12-15 01:13:05.125,SERVO_OUTPUT_RAW,2340309812,SERVO_OUTPUT_RAW,0,0,0,0,0,0,0,0,1000,1000,1000,1000,0,0,0,0,0
2025-12-15 01:13:05.225,SERVO_OUTPUT_RAW,2340409819,SERVO_OUTPUT_RAW,0,0,0,0,0,0,0,0,1000,1000,1000,1000,0,0,0,0,0
2025-12-15 01:13:05.325,SERVO_OUTPUT_RAW,2340509843,SERVO_OUTPUT_RAW,0,0,0,0,0,0,0,0,1000,1000,1000,1000,0,0,0,0,0
2025-12-15 01:13:05.425,SERVO_OUTPUT_RAW,2340609814,SERVO_OUTPUT_RAW,0,0,0,0,0,0,0,0,1000,1000,1000,1000,0,0,0,0,0
2025-12-15 01:13:05.525,SERVO_OUTPUT_RAW,2340709785,SERVO_OUTPUT_RAW,0,0,0,0,0,0,0,0,1000,1000,1000,1000,0,0,0,0,0
2025-12-15 01:13:05.625,SERVO_OUTPUT_RAW,2340809830,SERVO_OUTPUT_RAW,0,0,0,0,0,0,0,0,1000,1000,1000,1000,0,0,0,0,0
2025-12-15 01:13:05.725,SERVO_OUTPUT_RAW,2340909808,SERVO_OUTPUT_RAW,0,0,0,0,0,0,0,0,1000,1000,1000,1000,0,0,0,0,0
2025-12-15 01:13:05.825,SERVO_OUTPUT_RAW,2341009785,SERVO_OUTPUT_RAW,0,0,0,0,0,0,0,0,1000,1000,1000,1000,0,0,0,0,0
2025-12-15 01:13:05.925,SERVO_OUTPUT_RAW,2341109795,SERVO_OUTPUT_RAW,0,0,0,0,0,0,0,0,1000,1000,1000,1000,0,0,0,0,0
2025-12-15 01:13:06.025,SERVO_OUTPUT_RAW,2341209786,SERVO_OUTPUT_RAW,0,0,0,0,0,0,0,0,1000,1000,1000,1000,0,0,0,0,0
2025-12-15 01:13:06.125,SERVO_OUTPUT_RAW,2341309795,SERVO_OUTPUT_RAW,0,0,0,0,0,0,0,0,1000,1000,1000,1000,0,0,0,0,0
2025-12-15 01:13:06.226,SERVO_OUTPUT_RAW,2341412146,SERVO_OUTPUT_RAW,0,0,0,0,0,0,0,0,1000,1000,1000,1000,0,0,0,0,0
2025-12-15 01:13:06.325,SERVO_OUTPUT_RAW,2341509807,SERVO_OUTPUT_RAW,0,0,0,0,0,0,0,0,1000,1000,1000,1000,0,0,0,0,0
2025-12-15 01:13:06.425,SERVO_OUTPUT_RAW,2341609835,SERVO_OUTPUT_RAW,0,0,0,0,0,0,0,0,1000,1000,1000,1000,0,0,0,0,0
2025-12-15 01:13:06.525,SERVO_OUTPUT_RAW,2341709806,SERVO_OUTPUT_RAW,0,0,0,0,0,0,0,0,1000,1000,1000,1000,0,0,0,0,0
2025-12-15 01:13:06.626,SERVO_OUTPUT_RAW,2341809798,SERVO_OUTPUT_RAW,0,0,0,0,0,0,0,0,1000,1000,1000,1000,0,0,0,0,0
2025-12-15 01:13:06.725,SERVO_OUTPUT_RAW,2341909828,SERVO_OUTPUT_RAW,0,0,0,0,0,0,0,0,1000,1000,1000,1000,0,0,0,0,0
2025-12-15 01:13:06.825,SERVO_OUTPUT_RAW,2342009854,SERVO_OUTPUT_RAW,0,0,0,0,0,0,0,0,1000,1000,1000,1000,0,0,0,0,0
2025-12-15 01:13:06.926,SERVO_OUTPUT_RAW,2342109836,SERVO_OUTPUT_RAW,0,0,0,0,0,0,0,0,1000,1000,1000,1000,0,0,0,0,0
2025-12-15 01:13:07.025,SERVO_OUTPUT_RAW,2342209801,SERVO_OUTPUT_RAW,0,0,0,0,0,0,0,0,1000,1000,1000,1000,0,0,0,0,0
2025-12-15 01:13:07.125,SERVO_OUTPUT_RAW,2342309812,SERVO_OUTPUT_RAW,0,0,0,0,0,0,0,0,1000,1000,1000,1000,0,0,0,0,0
2025-12-15 01:13:07.225,SERVO_OUTPUT_RAW,2342409827,SERVO_OUTPUT_RAW,0,0,0,0,0,0,0,0,1000,1000,1000,1000,0,0,0,0,0
2025-12-15 01:13:07.326,SERVO_OUTPUT_RAW,2342509782,SERVO_OUTPUT_RAW,0,0,0,0,0,0,0,0,1000,1000,1000,1000,0,0,0,0,0
2025-12-15 01:13:07.425,SERVO_OUTPUT_RAW,2342609777,SERVO_OUTPUT_RAW,0,0,0,0,0,0,0,0,1000,1000,1000,1000,0,0,0,0,0
2025-12-15 01:13:07.526,SERVO_OUTPUT_RAW,2342709787,SERVO_OUTPUT_RAW,0,0,0,0,0,0,0,0,1000,1000,1000,1000,0,0,0,0,0
2025-12-15 01:13:07.626,SERVO_OUTPUT_RAW,2342809786,SERVO_OUTPUT_RAW,0,0,0,0,0,0,0,0,1000,1000,1000,1000,0,0,0,0,0
2025-12-15 01:13:07.726,SERVO_OUTPUT_RAW,2342909800,SERVO_OUTPUT_RAW,0,0,0,0,0,0,0,0,1000,1000,1000,1000,0,0,0,0,0
2025-12-15 01:13:07.826,SERVO_OUTPUT_RAW,2343009806,SERVO_OUTPUT_RAW,0,0,0,0,0,0,0,0,1000,1000,1000,1000,0,0,0,0,0
2025-12-15 01:13:07.926,SERVO_OUTPUT_RAW,2343109828,SERVO_OUTPUT_RAW,0,0,0,0,0,0,0,0,1000,1000,1000,1000,0,0,0,0,0
2025-12-15 01:13:08.026,SERVO_OUTPUT_RAW,2343209853,SERVO_OUTPUT_RAW,0,0,0,0,0,0,0,0,1000,1000,1000,1000,0,0,0,0,0
2025-12-15 01:13:08.126,SERVO_OUTPUT_RAW,2343309800,SERVO_OUTPUT_RAW,0,0,0,0,0,0,0,0,1000,1000,1000,1000,0,0,0,0,0
2025-12-15 01:13:08.227,SERVO_OUTPUT_RAW,2343409788,SERVO_OUTPUT_RAW,0,0,0,0,0,0,0,0,1000,1000,1000,1000,0,0,0,0,0
2025-12-15 01:13:08.326,SERVO_OUTPUT_RAW,2343512085,SERVO_OUTPUT_RAW,0,0,0,0,0,0,0,0,1000,1000,1000,1000,0,0,0,0,0
2025-12-15 01:13:08.426,SERVO_OUTPUT_RAW,2343609845,SERVO_OUTPUT_RAW,0,0,0,0,0,0,0,0,1000,1000,1000,1000,0,0,0,0,0
2025-12-15 01:13:08.526,SERVO_OUTPUT_RAW,2343709857,SERVO_OUTPUT_RAW,0,0,0,0,0,0,0,0,1000,1000,1000,1000,0,0,0,0,0
2025-12-15 01:13:08.626,SERVO_OUTPUT_RAW,2343809792,SERVO_OUTPUT_RAW,0,0,0,0,0,0,0,0,1000,1000,1000,1000,0,0,0,0,0
2025-12-15 01:13:08.726,SERVO_OUTPUT_RAW,2343909822,SERVO_OUTPUT_RAW,0,0,0,0,0,0,0,0,1000,1000,1000,1000,0,0,0,0,0
2025-12-15 01:13:08.826,SERVO_OUTPUT_RAW,2344009809,SERVO_OUTPUT_RAW,0,0,0,0,0,0,0,0,1000,1000,1000,1000,0,0,0,0,0
2025-12-15 01:13:08.926,SERVO_OUTPUT_RAW,2344109791,SERVO_OUTPUT_RAW,0,0,0,0,0,0,0,0,1000,1000,1000,1000,0,0,0,0,0
2025-12-15 01:13:09.026,SERVO_OUTPUT_RAW,2344209793,SERVO_OUTPUT_RAW,0,0,0,0,0,0,0,0,1000,1000,1000,1000,0,0,0,0,0
2025-12-15 01:13:09.126,SERVO_OUTPUT_RAW,2344309797,SERVO_OUTPUT_RAW,0,0,0,0,0,0,0,0,1000,1000,1000,1000,0,0,0,0,0
2025-12-15 01:13:09.226,SERVO_OUTPUT_RAW,2344409789,SERVO_OUTPUT_RAW,0,0,0,0,0,0,0,0,1000,1000,1000,1000,0,0,0,0,0
2025-12-15 01:13:09.325,SERVO_OUTPUT_RAW,2344509791,SERVO_OUTPUT_RAW,0,0,0,0,0,0,0,0,1000,1000,1000,1000,0,0,0,0,0
2025-12-15 01:13:09.425,SERVO_OUTPUT_RAW,2344609818,SERVO_OUTPUT_RAW,0,0,0,0,0,0,0,0,1000,1000,1000,1000,0,0,0,0,0
2025-12-15 01:13:09.526,SERVO_OUTPUT_RAW,2344712148,SERVO_OUTPUT_RAW,0,0,0,0,0,0,0,0,1000,1000,1000,1000,0,0,0,0,0
2025-12-15 01:13:09.625,SERVO_OUTPUT_RAW,2344809841,SERVO_OUTPUT_RAW,0,0,0,0,0,0,0,0,1000,1000,1000,1000,0,0,0,0,0
2025-12-15 01:13:09.725,SERVO_OUTPUT_RAW,2344909790,SERVO_OUTPUT_RAW,0,0,0,0,0,0,0,0,1000,1000,1000,1000,0,0,0,0,0
2025-12-15 01:13:09.825,SERVO_OUTPUT_RAW,2345009802,SERVO_OUTPUT_RAW,0,0,0,0,0,0,0,0,1000,1000,1000,1000,0,0,0,0,0
2025-12-15 01:13:09.931,SERVO_OUTPUT_RAW,2345109827,SERVO_OUTPUT_RAW,0,0,0,0,0,0,0,0,1000,1000,1000,1000,0,0,0,0,0
2025-12-15 01:13:10.026,SERVO_OUTPUT_RAW,2345209843,SERVO_OUTPUT_RAW,0,0,0,0,0,0,0,0,1000,1000,1000,1000,0,0,0,0,0
2025-12-15 01:13:10.126,SERVO_OUTPUT_RAW,2345309823,SERVO_OUTPUT_RAW,0,0,0,0,0,0,0,0,1000,1000,1000,1000,0,0,0,0,0
2025-12-15 01:13:10.225,SERVO_OUTPUT_RAW,2345409804,SERVO_OUTPUT_RAW,0,0,0,0,0,0,0,0,1000,1000,1000,1000,0,0,0,0,0
2025-12-15 01:13:10.325,SERVO_OUTPUT_RAW,2345509817,SERVO_OUTPUT_RAW,0,0,0,0,0,0,0,0,1000,1000,1000,1000,0,0,0,0,0
2025-12-15 01:13:10.426,SERVO_OUTPUT_RAW,2345609835,SERVO_OUTPUT_RAW,0,0,0,0,0,0,0,0,1000,1000,1000,1000,0,0,0,0,0
2025-12-15 01:13:10.525,SERVO_OUTPUT_RAW,2345709797,SERVO_OUTPUT_RAW,0,0,0,0,0,0,0,0,1000,1000,1000,1000,0,0,0,0,0
2025-12-15 01:13:10.625,SERVO_OUTPUT_RAW,2345809783,SERVO_OUTPUT_RAW,0,0,0,0,0,0,0,0,1000,1000,1000,1000,0,0,0,0,0
2025-12-15 01:13:10.725,SERVO_OUTPUT_RAW,2345909783,SERVO_OUTPUT_RAW,0,0,0,0,0,0,0,0,1000,1000,1000,1000,0,0,0,0,0
2025-12-15 01:13:10.825,SERVO_OUTPUT_RAW,2346009790,SERVO_OUTPUT_RAW,0,0,0,0,0,0,0,0,1000,1000,1000,1000,0,0,0,0,0
2025-12-15 01:13:10.925,SERVO_OUTPUT_RAW,2346109791,SERVO_OUTPUT_RAW,0,0,0,0,0,0,0,0,1000,1000,1000,1000,0,0,0,0,0
2025-12-15 01:13:11.025,SERVO_OUTPUT_RAW,2346209818,SERVO_OUTPUT_RAW,0,0,0,0,0,0,0,0,1000,1000,1000,1000,0,0,0,0,0
2025-12-15 01:13:11.125,SERVO_OUTPUT_RAW,2346312144,SERVO_OUTPUT_RAW,0,0,0,0,0,0,0,0,1000,1000,1000,1000,0,0,0,0,0
2025-12-15 01:13:11.225,SERVO_OUTPUT_RAW,2346409803,SERVO_OUTPUT_RAW,0,0,0,0,0,0,0,0,1000,1000,1000,1000,0,0,0,0,0
2025-12-15 01:13:11.325,SERVO_OUTPUT_RAW,2346509819,SERVO_OUTPUT_RAW,0,0,0,0,0,0,0,0,1000,1000,1000,1000,0,0,0,0,0
2025-12-15 01:13:11.425,SERVO_OUTPUT_RAW,2346609822,SERVO_OUTPUT_RAW,0,0,0,0,0,0,0,0,1000,1000,1000,1000,0,0,0,0,0
2025-12-15 01:13:11.525,SERVO_OUTPUT_RAW,2346709855,SERVO_OUTPUT_RAW,0,0,0,0,0,0,0,0,1000,1000,1000,1000,0,0,0,0,0
2025-12-15 01:13:11.625,SERVO_OUTPUT_RAW,2346809841,SERVO_OUTPUT_RAW,0,0,0,0,0,0,0,0,1000,1000,1000,1000,0,0,0,0,0
2025-12-15 01:13:11.725,SERVO_OUTPUT_RAW,2346909786,SERVO_OUTPUT_RAW,0,0,0,0,0,0,0,0,1000,1000,1000,1000,0,0,0,0,0
2025-12-15 01:13:11.826,SERVO_OUTPUT_RAW,2347009814,SERVO_OUTPUT_RAW,0,0,0,0,0,0,0,0,1000,1000,1000,1000,0,0,0,0,0
2025-12-15 01:13:11.925,SERVO_OUTPUT_RAW,2347109816,SERVO_OUTPUT_RAW,0,0,0,0,0,0,0,0,1000,1000,1000,1000,0,0,0,0,0
2025-12-15 01:13:12.026,SERVO_OUTPUT_RAW,2347209831,SERVO_OUTPUT_RAW,0,0,0,0,0,0,0,0,1000,1000,1000,1000,0,0,0,0,0
2025-12-15 01:13:12.125,SERVO_OUTPUT_RAW,2347309778,SERVO_OUTPUT_RAW,0,0,0,0,0,0,0,0,1000,1000,1000,1000,0,0,0,0,0
2025-12-15 01:13:12.225,SERVO_OUTPUT_RAW,2347409794,SERVO_OUTPUT_RAW,0,0,0,0,0,0,0,0,1000,1000,1000,1000,0,0,0,0,0
2025-12-15 01:13:12.325,SERVO_OUTPUT_RAW,2347509776,SERVO_OUTPUT_RAW,0,0,0,0,0,0,0,0,1000,1000,1000,1000,0,0,0,0,0
2025-12-15 01:13:12.426,SERVO_OUTPUT_RAW,2347609800,SERVO_OUTPUT_RAW,0,0,0,0,0,0,0,0,1000,1000,1000,1000,0,0,0,0,0
2025-12-15 01:13:12.526,SERVO_OUTPUT_RAW,2347712155,SERVO_OUTPUT_RAW,0,0,0,0,0,0,0,0,1000,1000,1000,1000,0,0,0,0,0
2025-12-15 01:13:12.625,SERVO_OUTPUT_RAW,2347809829,SERVO_OUTPUT_RAW,0,0,0,0,0,0,0,0,1000,1000,1000,1000,0,0,0,0,0
2025-12-15 01:13:12.725,SERVO_OUTPUT_RAW,2347909854,SERVO_OUTPUT_RAW,0,0,0,0,0,0,0,0,1000,1000,1000,1000,0,0,0,0,0
2025-12-15 01:13:12.826,SERVO_OUTPUT_RAW,2348009810,SERVO_OUTPUT_RAW,0,0,0,0,0,0,0,0,1000,1000,1000,1000,0,0,0,0,0
2025-12-15 01:13:12.925,SERVO_OUTPUT_RAW,2348109803,SERVO_OUTPUT_RAW,0,0,0,0,0,0,0,0,1000,1000,1000,1000,0,0,0,0,0
2025-12-15 01:13:13.026,SERVO_OUTPUT_RAW,2348209840,SERVO_OUTPUT_RAW,0,0,0,0,0,0,0,0,1000,1000,1000,1000,0,0,0,0,0
2025-12-15 01:13:13.125,SERVO_OUTPUT_RAW,2348309852,SERVO_OUTPUT_RAW,0,0,0,0,0,0,0,0,1000,1000,1000,1000,0,0,0,0,0
2025-12-15 01:13:13.225,SERVO_OUTPUT_RAW,2348409831,SERVO_OUTPUT_RAW,0,0,0,0,0,0,0,0,1000,1000,1000,1000,0,0,0,0,0
2025-12-15 01:13:13.325,SERVO_OUTPUT_RAW,2348509781,SERVO_OUTPUT_RAW,0,0,0,0,0,0,0,0,1000,1000,1000,1000,0,0,0,0,0
2025-12-15 01:13:13.425,SERVO_OUTPUT_RAW,2348609816,SERVO_OUTPUT_RAW,0,0,0,0,0,0,0,0,1000,1000,1000,1000,0,0,0,0,0
2025-12-15 01:13:13.525,SERVO_OUTPUT_RAW,2348709828,SERVO_OUTPUT_RAW,0,0,0,0,0,0,0,0,1000,1000,1000,1000,0,0,0,0,0
2025-12-15 01:13:13.625,SERVO_OUTPUT_RAW,2348809793,SERVO_OUTPUT_RAW,0,0,0,0,0,0,0,0,1000,1000,1000,1000,0,0,0,0,0
2025-12-15 01:13:13.726,SERVO_OUTPUT_RAW,2348909796,SERVO_OUTPUT_RAW,0,0,0,0,0,0,0,0,1000,1000,1000,1000,0,0,0,0,0
2025-12-15 01:13:13.825,SERVO_OUTPUT_RAW,2349009801,SERVO_OUTPUT_RAW,0,0,0,0,0,0,0,0,1000,1000,1000,1000,0,0,0,0,0
2025-12-15 01:13:13.925,SERVO_OUTPUT_RAW,2349109788,SERVO_OUTPUT_RAW,0,0,0,0,0,0,0,0,1000,1000,1000,1000,0,0,0,0,0
2025-12-15 01:13:14.025,SERVO_OUTPUT_RAW,2349212122,SERVO_OUTPUT_RAW,0,0,0,0,0,0,0,0,1000,1000,1000,1000,0,0,0,0,0
2025-12-15 01:13:14.125,SERVO_OUTPUT_RAW,2349309802,SERVO_OUTPUT_RAW,0,0,0,0,0,0,0,0,1000,1000,1000,1000,0,0,0,0,0
2025-12-15 01:13:14.225,SERVO_OUTPUT_RAW,2349409826,SERVO_OUTPUT_RAW,0,0,0,0,0,0,0,0,1000,1000,1000,1000,0,0,0,0,0
2025-12-15 01:13:14.325,SERVO_OUTPUT_RAW,2349509793,SERVO_OUTPUT_RAW,0,0,0,0,0,0,0,0,1000,1000,1000,1000,0,0,0,0,0
2025-12-15 01:13:14.425,SERVO_OUTPUT_RAW,2349609780,SERVO_OUTPUT_RAW,0,0,0,0,0,0,0,0,1000,1000,1000,1000,0,0,0,0,0
2025-12-15 01:13:14.525,SERVO_OUTPUT_RAW,2349709841,SERVO_OUTPUT_RAW,0,0,0,0,0,0,0,0,1000,1000,1000,1000,0,0,0,0,0
2025-12-15 01:13:14.625,SERVO_OUTPUT_RAW,2349812069,SERVO_OUTPUT_RAW,0,0,0,0,0,0,0,0,1000,1000,1000,1000,0,0,0,0,0
2025-12-15 01:13:14.725,SERVO_OUTPUT_RAW,2349909851,SERVO_OUTPUT_RAW,0,0,0,0,0,0,0,0,1000,1000,1000,1000,0,0,0,0,0
2025-12-15 01:13:14.825,SERVO_OUTPUT_RAW,2350009796,SERVO_OUTPUT_RAW,0,0,0,0,0,0,0,0,1000,1000,1000,1000,0,0,0,0,0
2025-12-15 01:13:14.925,SERVO_OUTPUT_RAW,2350109827,SERVO_OUTPUT_RAW,0,0,0,0,0,0,0,0,1000,1000,1000,1000,0,0,0,0,0
2025-12-15 01:13:15.025,SERVO_OUTPUT_RAW,2350209816,SERVO_OUTPUT_RAW,0,0,0,0,0,0,0,0,1000,1000,1000,1000,0,0,0,0,0
2025-12-15 01:13:15.125,SERVO_OUTPUT_RAW,2350309785,SERVO_OUTPUT_RAW,0,0,0,0,0,0,0,0,1000,1000,1000,1000,0,0,0,0,0
2025-12-15 01:13:15.225,SERVO_OUTPUT_RAW,2350409778,SERVO_OUTPUT_RAW,0,0,0,0,0,0,0,0,1000,1000,1000,1000,0,0,0,0,0
2025-12-15 01:13:15.326,SERVO_OUTPUT_RAW,2350509795,SERVO_OUTPUT_RAW,0,0,0,0,0,0,0,0,1000,1000,1000,1000,0,0,0,0,0
2025-12-15 01:13:15.425,SERVO_OUTPUT_RAW,2350609795,SERVO_OUTPUT_RAW,0,0,0,0,0,0,0,0,1000,1000,1000,1000,0,0,0,0,0
2025-12-15 01:13:15.525,SERVO_OUTPUT_RAW,2350709786,SERVO_OUTPUT_RAW,0,0,0,0,0,0,0,0,1000,1000,1000,1000,0,0,0,0,0
2025-12-15 01:13:15.626,SERVO_OUTPUT_RAW,2350809791,SERVO_OUTPUT_RAW,0,0,0,0,0,0,0,0,1000,1000,1000,1000,0,0,0,0,0
2025-12-15 01:13:15.725,SERVO_OUTPUT_RAW,2350909830,SERVO_OUTPUT_RAW,0,0,0,0,0,0,0,0,1000,1000,1000,1000,0,0,0,0,0
2025-12-15 01:13:15.825,SERVO_OUTPUT_RAW,2351012124,SERVO_OUTPUT_RAW,0,0,0,0,0,0,0,0,1000,1000,1000,1000,0,0,0,0,0
2025-12-15 01:13:15.926,SERVO_OUTPUT_RAW,2351109868,SERVO_OUTPUT_RAW,0,0,0,0,0,0,0,0,1000,1000,1000,1000,0,0,0,0,0
2025-12-15 01:13:16.025,SERVO_OUTPUT_RAW,2351209785,SERVO_OUTPUT_RAW,0,0,0,0,0,0,0,0,1000,1000,1000,1000,0,0,0,0,0
2025-12-15 01:13:16.126,SERVO_OUTPUT_RAW,2351309817,SERVO_OUTPUT_RAW,0,0,0,0,0,0,0,0,1000,1000,1000,1000,0,0,0,0,0
2025-12-15 01:13:16.226,SERVO_OUTPUT_RAW,2351409840,SERVO_OUTPUT_RAW,0,0,0,0,0,0,0,0,1000,1000,1000,1000,0,0,0,0,0
2025-12-15 01:13:16.326,SERVO_OUTPUT_RAW,2351509837,SERVO_OUTPUT_RAW,0,0,0,0,0,0,0,0,1000,1000,1000,1000,0,0,0,0,0
2025-12-15 01:13:16.426,SERVO_OUTPUT_RAW,2351609794,SERVO_OUTPUT_RAW,0,0,0,0,0,0,0,0,1000,1000,1000,1000,0,0,0,0,0
2025-12-15 01:13:16.526,SERVO_OUTPUT_RAW,2351709821,SERVO_OUTPUT_RAW,0,0,0,0,0,0,0,0,1000,1000,1000,1000,0,0,0,0,0
2025-12-15 01:13:16.626,SERVO_OUTPUT_RAW,2351809805,SERVO_OUTPUT_RAW,0,0,0,0,0,0,0,0,1000,1000,1000,1000,0,0,0,0,0
2025-12-15 01:13:16.726,SERVO_OUTPUT_RAW,2351909794,SERVO_OUTPUT_RAW,0,0,0,0,0,0,0,0,1000,1000,1000,1000,0,0,0,0,0
2025-12-15 01:13:16.826,SERVO_OUTPUT_RAW,2352009783,SERVO_OUTPUT_RAW,0,0,0,0,0,0,0,0,1000,1000,1000,1000,0,0,0,0,0
2025-12-15 01:13:16.926,SERVO_OUTPUT_RAW,2352109810,SERVO_OUTPUT_RAW,0,0,0,0,0,0,0,0,1000,1000,1000,1000,0,0,0,0,0
2025-12-15 01:13:17.026,SERVO_OUTPUT_RAW,2352209790,SERVO_OUTPUT_RAW,0,0,0,0,0,0,0,0,1000,1000,1000,1000,0,0,0,0,0
2025-12-15 01:13:17.126,SERVO_OUTPUT_RAW,2352309796,SERVO_OUTPUT_RAW,0,0,0,0,0,0,0,0,1000,1000,1000,1000,0,0,0,0,0
2025-12-15 01:13:17.226,SERVO_OUTPUT_RAW,2352409821,SERVO_OUTPUT_RAW,0,0,0,0,0,0,0,0,1000,1000,1000,1000,0,0,0,0,0
2025-12-15 01:13:17.326,SERVO_OUTPUT_RAW,2352509838,SERVO_OUTPUT_RAW,0,0,0,0,0,0,0,0,1000,1000,1000,1000,0,0,0,0,0
2025-12-15 01:13:17.427,SERVO_OUTPUT_RAW,2352609859,SERVO_OUTPUT_RAW,0,0,0,0,0,0,0,0,1000,1000,1000,1000,0,0,0,0,0
2025-12-15 01:13:17.526,SERVO_OUTPUT_RAW,2352709827,SERVO_OUTPUT_RAW,0,0,0,0,0,0,0,0,1000,1000,1000,1000,0,0,0,0,0
2025-12-15 01:13:17.626,SERVO_OUTPUT_RAW,2352809845,SERVO_OUTPUT_RAW,0,0,0,0,0,0,0,0,1000,1000,1000,1000,0,0,0,0,0
2025-12-15 01:13:17.726,SERVO_OUTPUT_RAW,2352909822,SERVO_OUTPUT_RAW,0,0,0,0,0,0,0,0,1000,1000,1000,1000,0,0,0,0,0
2025-12-15 01:13:17.826,SERVO_OUTPUT_RAW,2353009860,SERVO_OUTPUT_RAW,0,0,0,0,0,0,0,0,1000,1000,1000,1000,0,0,0,0,0
2025-12-15 01:13:17.926,SERVO_OUTPUT_RAW,2353109786,SERVO_OUTPUT_RAW,0,0,0,0,0,0,0,0,1000,1000,1000,1000,0,0,0,0,0
2025-12-15 01:13:18.026,SERVO_OUTPUT_RAW,2353209793,SERVO_OUTPUT_RAW,0,0,0,0,0,0,0,0,1000,1000,1000,1000,0,0,0,0,0
2025-12-15 01:13:18.126,SERVO_OUTPUT_RAW,2353309808,SERVO_OUTPUT_RAW,0,0,0,0,0,0,0,0,1000,1000,1000,1000,0,0,0,0,0
2025-12-15 01:13:18.226,SERVO_OUTPUT_RAW,2353409843,SERVO_OUTPUT_RAW,0,0,0,0,0,0,0,0,1000,1000,1000,1000,0,0,0,0,0
2025-12-15 01:13:18.326,SERVO_OUTPUT_RAW,2353509782,SERVO_OUTPUT_RAW,0,0,0,0,0,0,0,0,1000,1000,1000,1000,0,0,0,0,0
2025-12-15 01:13:18.426,SERVO_OUTPUT_RAW,2353609801,SERVO_OUTPUT_RAW,0,0,0,0,0,0,0,0,1000,1000,1000,1000,0,0,0,0,0
2025-12-15 01:13:18.526,SERVO_OUTPUT_RAW,2353709803,SERVO_OUTPUT_RAW,0,0,0,0,0,0,0,0,1000,1000,1000,1000,0,0,0,0,0
2025-12-15 01:13:18.626,SERVO_OUTPUT_RAW,2353809787,SERVO_OUTPUT_RAW,0,0,0,0,0,0,0,0,1000,1000,1000,1000,0,0,0,0,0
2025-12-15 01:13:18.725,SERVO_OUTPUT_RAW,2353909792,SERVO_OUTPUT_RAW,0,0,0,0,0,0,0,0,1000,1000,1000,1000,0,0,0,0,0
2025-12-15 01:13:18.826,SERVO_OUTPUT_RAW,2354012153,SERVO_OUTPUT_RAW,0,0,0,0,0,0,0,0,1000,1000,1000,1000,0,0,0,0,0
2025-12-15 01:13:18.926,SERVO_OUTPUT_RAW,2354109841,SERVO_OUTPUT_RAW,0,0,0,0,0,0,0,0,1000,1000,1000,1000,0,0,0,0,0
2025-12-15 01:13:19.026,SERVO_OUTPUT_RAW,2354209775,SERVO_OUTPUT_RAW,0,0,0,0,0,0,0,0,1000,1000,1000,1000,0,0,0,0,0
2025-12-15 01:13:19.125,SERVO_OUTPUT_RAW,2354309780,SERVO_OUTPUT_RAW,0,0,0,0,0,0,0,0,1000,1000,1000,1000,0,0,0,0,0
2025-12-15 01:13:19.226,SERVO_OUTPUT_RAW,2354409813,SERVO_OUTPUT_RAW,0,0,0,0,0,0,0,0,1000,1000,1000,1000,0,0,0,0,0
2025-12-15 01:13:19.326,SERVO_OUTPUT_RAW,2354509840,SERVO_OUTPUT_RAW,0,0,0,0,0,0,0,0,1000,1000,1000,1000,0,0,0,0,0
2025-12-15 01:13:19.427,SERVO_OUTPUT_RAW,2354609867,SERVO_OUTPUT_RAW,0,0,0,0,0,0,0,0,1000,1000,1000,1000,0,0,0,0,0
2025-12-15 01:13:19.526,SERVO_OUTPUT_RAW,2354709785,SERVO_OUTPUT_RAW,0,0,0,0,0,0,0,0,1000,1000,1000,1000,0,0,0,0,0
2025-12-15 01:13:19.625,SERVO_OUTPUT_RAW,2354809807,SERVO_OUTPUT_RAW,0,0,0,0,0,0,0,0,1000,1000,1000,1000,0,0,0,0,0
2025-12-15 01:13:19.726,SERVO_OUTPUT_RAW,2354909815,SERVO_OUTPUT_RAW,0,0,0,0,0,0,0,0,1000,1000,1000,1000,0,0,0,0,0
2025-12-15 01:13:19.826,SERVO_OUTPUT_RAW,2355009835,SERVO_OUTPUT_RAW,0,0,0,0,0,0,0,0,1000,1000,1000,1000,0,0,0,0,0
2025-12-15 01:13:19.926,SERVO_OUTPUT_RAW,2355109795,SERVO_OUTPUT_RAW,0,0,0,0,0,0,0,0,1000,1000,1000,1000,0,0,0,0,0
2025-12-15 01:13:20.025,SERVO_OUTPUT_RAW,2355209784,SERVO_OUTPUT_RAW,0,0,0,0,0,0,0,0,1000,1000,1000,1000,0,0,0,0,0
2025-12-15 01:13:20.125,SERVO_OUTPUT_RAW,2355309790,SERVO_OUTPUT_RAW,0,0,0,0,0,0,0,0,1000,1000,1000,1000,0,0,0,0,0
2025-12-15 01:13:20.225,SERVO_OUTPUT_RAW,2355409792,SERVO_OUTPUT_RAW,0,0,0,0,0,0,0,0,1000,1000,1000,1000,0,0,0,0,0
2025-12-15 01:13:20.325,SERVO_OUTPUT_RAW,2355509801,SERVO_OUTPUT_RAW,0,0,0,0,0,0,0,0,1000,1000,1000,1000,0,0,0,0,0
2025-12-15 01:13:20.425,SERVO_OUTPUT_RAW,2355609834,SERVO_OUTPUT_RAW,0,0,0,0,0,0,0,0,1000,1000,1000,1000,0,0,0,0,0
2025-12-15 01:13:20.525,SERVO_OUTPUT_RAW,2355709830,SERVO_OUTPUT_RAW,0,0,0,0,0,0,0,0,1000,1000,1000,1000,0,0,0,0,0
2025-12-15 01:13:20.625,SERVO_OUTPUT_RAW,2355809803,SERVO_OUTPUT_RAW,0,0,0,0,0,0,0,0,1000,1000,1000,1000,0,0,0,0,0
2025-12-15 01:13:20.725,SERVO_OUTPUT_RAW,2355909815,SERVO_OUTPUT_RAW,0,0,0,0,0,0,0,0,1000,1000,1000,1000,0,0,0,0,0
2025-12-15 01:13:20.825,SERVO_OUTPUT_RAW,2356009812,SERVO_OUTPUT_RAW,0,0,0,0,0,0,0,0,1000,1000,1000,1000,0,0,0,0,0
2025-12-15 01:13:20.925,SERVO_OUTPUT_RAW,2356112082,SERVO_OUTPUT_RAW,0,0,0,0,0,0,0,0,1000,1000,1000,1000,0,0,0,0,0
2025-12-15 01:13:21.025,SERVO_OUTPUT_RAW,2356209782,SERVO_OUTPUT_RAW,0,0,0,0,0,0,0,0,1000,1000,1000,1000,0,0,0,0,0
2025-12-15 01:13:21.125,SERVO_OUTPUT_RAW,2356309807,SERVO_OUTPUT_RAW,0,0,0,0,0,0,0,0,1000,1000,1000,1000,0,0,0,0,0
2025-12-15 01:13:21.226,SERVO_OUTPUT_RAW,2356409828,SERVO_OUTPUT_RAW,0,0,0,0,0,0,0,0,1000,1000,1000,1000,0,0,0,0,0
2025-12-15 01:13:21.325,SERVO_OUTPUT_RAW,2356509835,SERVO_OUTPUT_RAW,0,0,0,0,0,0,0,0,1000,1000,1000,1000,0,0,0,0,0
2025-12-15 01:13:21.425,SERVO_OUTPUT_RAW,2356609783,SERVO_OUTPUT_RAW,0,0,0,0,0,0,0,0,1000,1000,1000,1000,0,0,0,0,0
2025-12-15 01:13:21.526,SERVO_OUTPUT_RAW,2356709778,SERVO_OUTPUT_RAW,0,0,0,0,0,0,0,0,1000,1000,1000,1000,0,0,0,0,0
2025-12-15 01:13:21.625,SERVO_OUTPUT_RAW,2356809795,SERVO_OUTPUT_RAW,0,0,0,0,0,0,0,0,1000,1000,1000,1000,0,0,0,0,0
2025-12-15 01:13:21.725,SERVO_OUTPUT_RAW,2356909781,SERVO_OUTPUT_RAW,0,0,0,0,0,0,0,0,1000,1000,1000,1000,0,0,0,0,0
2025-12-15 01:13:21.826,SERVO_OUTPUT_RAW,2357009798,SERVO_OUTPUT_RAW,0,0,0,0,0,0,0,0,1000,1000,1000,1000,0,0,0,0,0
2025-12-15 01:13:21.926,SERVO_OUTPUT_RAW,2357109770,SERVO_OUTPUT_RAW,0,0,0,0,0,0,0,0,1000,1000,1000,1000,0,0,0,0,0
2025-12-15 01:13:22.026,SERVO_OUTPUT_RAW,2357209828,SERVO_OUTPUT_RAW,0,0,0,0,0,0,0,0,1000,1000,1000,1000,0,0,0,0,0
2025-12-15 01:13:22.125,SERVO_OUTPUT_RAW,2357312129,SERVO_OUTPUT_RAW,0,0,0,0,0,0,0,0,1000,1000,1000,1000,0,0,0,0,0
2025-12-15 01:13:22.225,SERVO_OUTPUT_RAW,2357409808,SERVO_OUTPUT_RAW,0,0,0,0,0,0,0,0,1000,1000,1000,1000,0,0,0,0,0
2025-12-15 01:13:22.326,SERVO_OUTPUT_RAW,2357509807,SERVO_OUTPUT_RAW,0,0,0,0,0,0,0,0,1000,1000,1000,1000,0,0,0,0,0
2025-12-15 01:13:22.425,SERVO_OUTPUT_RAW,2357609840,SERVO_OUTPUT_RAW,0,0,0,0,0,0,0,0,1000,1000,1000,1000,0,0,0,0,0
2025-12-15 01:13:22.526,SERVO_OUTPUT_RAW,2357709830,SERVO_OUTPUT_RAW,0,0,0,0,0,0,0,0,1000,1000,1000,1000,0,0,0,0,0
2025-12-15 01:13:22.626,SERVO_OUTPUT_RAW,2357809789,SERVO_OUTPUT_RAW,0,0,0,0,0,0,0,0,1000,1000,1000,1000,0,0,0,0,0
2025-12-15 01:13:22.726,SERVO_OUTPUT_RAW,2357909816,SERVO_OUTPUT_RAW,0,0,0,0,0,0,0,0,1000,1000,1000,1000,0,0,0,0,0
2025-12-15 01:13:22.826,SERVO_OUTPUT_RAW,2358009808,SERVO_OUTPUT_RAW,0,0,0,0,0,0,0,0,1000,1000,1000,1000,0,0,0,0,0
2025-12-15 01:13:22.926,SERVO_OUTPUT_RAW,2358109824,SERVO_OUTPUT_RAW,0,0,0,0,0,0,0,0,1000,1000,1000,1000,0,0,0,0,0
2025-12-15 01:13:23.026,SERVO_OUTPUT_RAW,2358209794,SERVO_OUTPUT_RAW,0,0,0,0,0,0,0,0,1000,1000,1000,1000,0,0,0,0,0
2025-12-15 01:13:23.126,SERVO_OUTPUT_RAW,2358309825,SERVO_OUTPUT_RAW,0,0,0,0,0,0,0,0,1000,1000,1000,1000,0,0,0,0,0
2025-12-15 01:13:23.226,SERVO_OUTPUT_RAW,2358409795,SERVO_OUTPUT_RAW,0,0,0,0,0,0,0,0,1000,1000,1000,1000,0,0,0,0,0
2025-12-15 01:13:23.326,SERVO_OUTPUT_RAW,2358509789,SERVO_OUTPUT_RAW,0,0,0,0,0,0,0,0,1000,1000,1000,1000,0,0,0,0,0
2025-12-15 01:13:23.426,SERVO_OUTPUT_RAW,2358609797,SERVO_OUTPUT_RAW,0,0,0,0,0,0,0,0,1000,1000,1000,1000,0,0,0,0,0
2025-12-15 01:13:23.526,SERVO_OUTPUT_RAW,2358709825,SERVO_OUTPUT_RAW,0,0,0,0,0,0,0,0,1000,1000,1000,1000,0,0,0,0,0
2025-12-15 01:13:23.626,SERVO_OUTPUT_RAW,2358809828,SERVO_OUTPUT_RAW,0,0,0,0,0,0,0,0,1000,1000,1000,1000,0,0,0,0,0
2025-12-15 01:13:23.726,SERVO_OUTPUT_RAW,2358909866,SERVO_OUTPUT_RAW,0,0,0,0,0,0,0,0,1000,1000,1000,1000,0,0,0,0,0
2025-12-15 01:13:23.826,SERVO_OUTPUT_RAW,2359009788,SERVO_OUTPUT_RAW,0,0,0,0,0,0,0,0,1000,1000,1000,1000,0,0,0,0,0
2025-12-15 01:13:23.926,SERVO_OUTPUT_RAW,2359109838,SERVO_OUTPUT_RAW,0,0,0,0,0,0,0,0,1000,1000,1000,1000,0,0,0,0,0
2025-12-15 01:13:24.026,SERVO_OUTPUT_RAW,2359209867,SERVO_OUTPUT_RAW,0,0,0,0,0,0,0,0,1000,1000,1000,1000,0,0,0,0,0
2025-12-15 01:13:24.126,SERVO_OUTPUT_RAW,2359309808,SERVO_OUTPUT_RAW,0,0,0,0,0,0,0,0,1000,1000,1000,1000,0,0,0,0,0
2025-12-15 01:13:24.226,SERVO_OUTPUT_RAW,2359409797,SERVO_OUTPUT_RAW,0,0,0,0,0,0,0,0,1000,1000,1000,1000,0,0,0,0,0
2025-12-15 01:13:24.326,SERVO_OUTPUT_RAW,2359509808,SERVO_OUTPUT_RAW,0,0,0,0,0,0,0,0,1000,1000,1000,1000,0,0,0,0,0
2025-12-15 01:13:24.426,SERVO_OUTPUT_RAW,2359609818,SERVO_OUTPUT_RAW,0,0,0,0,0,0,0,0,1000,1000,1000,1000,0,0,0,0,0
2025-12-15 01:13:24.526,SERVO_OUTPUT_RAW,2359709780,SERVO_OUTPUT_RAW,0,0,0,0,0,0,0,0,1000,1000,1000,1000,0,0,0,0,0
2025-12-15 01:13:24.626,SERVO_OUTPUT_RAW,2359809783,SERVO_OUTPUT_RAW,0,0,0,0,0,0,0,0,1000,1000,1000,1000,0,0,0,0,0
2025-12-15 01:13:24.726,SERVO_OUTPUT_RAW,2359909788,SERVO_OUTPUT_RAW,0,0,0,0,0,0,0,0,1000,1000,1000,1000,0,0,0,0,0
2025-12-15 01:13:24.826,SERVO_OUTPUT_RAW,2360009802,SERVO_OUTPUT_RAW,0,0,0,0,0,0,0,0,1000,1000,1000,1000,0,0,0,0,0
2025-12-15 01:13:24.928,SERVO_OUTPUT_RAW,2360109798,SERVO_OUTPUT_RAW,0,0,0,0,0,0,0,0,1000,1000,1000,1000,0,0,0,0,0
2025-12-15 01:13:25.026,SERVO_OUTPUT_RAW,2360209809,SERVO_OUTPUT_RAW,0,0,0,0,0,0,0,0,1000,1000,1000,1000,0,0,0,0,0
2025-12-15 01:13:25.126,SERVO_OUTPUT_RAW,2360312155,SERVO_OUTPUT_RAW,0,0,0,0,0,0,0,0,1000,1000,1000,1000,0,0,0,0,0
2025-12-15 01:13:25.226,SERVO_OUTPUT_RAW,2360409851,SERVO_OUTPUT_RAW,0,0,0,0,0,0,0,0,1000,1000,1000,1000,0,0,0,0,0
2025-12-15 01:13:25.326,SERVO_OUTPUT_RAW,2360509806,SERVO_OUTPUT_RAW,0,0,0,0,0,0,0,0,1000,1000,1000,1000,0,0,0,0,0
2025-12-15 01:13:25.426,SERVO_OUTPUT_RAW,2360609835,SERVO_OUTPUT_RAW,0,0,0,0,0,0,0,0,1000,1000,1000,1000,0,0,0,0,0
2025-12-15 01:13:25.526,SERVO_OUTPUT_RAW,2360709825,SERVO_OUTPUT_RAW,0,0,0,0,0,0,0,0,1000,1000,1000,1000,0,0,0,0,0
2025-12-15 01:13:25.626,SERVO_OUTPUT_RAW,2360809867,SERVO_OUTPUT_RAW,0,0,0,0,0,0,0,0,1000,1000,1000,1000,0,0,0,0,0
2025-12-15 01:13:25.726,SERVO_OUTPUT_RAW,2360909785,SERVO_OUTPUT_RAW,0,0,0,0,0,0,0,0,1000,1000,1000,1000,0,0,0,0,0
2025-12-15 01:13:25.826,SERVO_OUTPUT_RAW,2361009784,SERVO_OUTPUT_RAW,0,0,0,0,0,0,0,0,1000,1000,1000,1000,0,0,0,0,0
2025-12-15 01:13:25.926,SERVO_OUTPUT_RAW,2361109820,SERVO_OUTPUT_RAW,0,0,0,0,0,0,0,0,1000,1000,1000,1000,0,0,0,0,0
2025-12-15 01:13:26.026,SERVO_OUTPUT_RAW,2361209791,SERVO_OUTPUT_RAW,0,0,0,0,0,0,0,0,1000,1000,1000,1000,0,0,0,0,0
2025-12-15 01:13:26.126,SERVO_OUTPUT_RAW,2361309782,SERVO_OUTPUT_RAW,0,0,0,0,0,0,0,0,1000,1000,1000,1000,0,0,0,0,0
2025-12-15 01:13:26.226,SERVO_OUTPUT_RAW,2361409794,SERVO_OUTPUT_RAW,0,0,0,0,0,0,0,0,1000,1000,1000,1000,0,0,0,0,0
2025-12-15 01:13:26.326,SERVO_OUTPUT_RAW,2361509786,SERVO_OUTPUT_RAW,0,0,0,0,0,0,0,0,1000,1000,1000,1000,0,0,0,0,0
2025-12-15 01:13:26.426,SERVO_OUTPUT_RAW,2361609800,SERVO_OUTPUT_RAW,0,0,0,0,0,0,0,0,1000,1000,1000,1000,0,0,0,0,0
2025-12-15 01:13:26.526,SERVO_OUTPUT_RAW,2361709791,SERVO_OUTPUT_RAW,0,0,0,0,0,0,0,0,1000,1000,1000,1000,0,0,0,0,0
2025-12-15 01:13:26.626,SERVO_OUTPUT_RAW,2361812155,SERVO_OUTPUT_RAW,0,0,0,0,0,0,0,0,1000,1000,1000,1000,0,0,0,0,0
2025-12-15 01:13:26.726,SERVO_OUTPUT_RAW,2361909836,SERVO_OUTPUT_RAW,0,0,0,0,0,0,0,0,1000,1000,1000,1000,0,0,0,0,0
2025-12-15 01:13:26.826,SERVO_OUTPUT_RAW,2362009847,SERVO_OUTPUT_RAW,0,0,0,0,0,0,0,0,1000,1000,1000,1000,0,0,0,0,0
2025-12-15 01:13:26.926,SERVO_OUTPUT_RAW,2362109822,SERVO_OUTPUT_RAW,0,0,0,0,0,0,0,0,1000,1000,1000,1000,0,0,0,0,0
2025-12-15 01:13:27.026,SERVO_OUTPUT_RAW,2362209809,SERVO_OUTPUT_RAW,0,0,0,0,0,0,0,0,1000,1000,1000,1000,0,0,0,0,0
2025-12-15 01:13:27.126,SERVO_OUTPUT_RAW,2362309834,SERVO_OUTPUT_RAW,0,0,0,0,0,0,0,0,1000,1000,1000,1000,0,0,0,0,0
2025-12-15 01:13:27.226,SERVO_OUTPUT_RAW,2362409920,SERVO_OUTPUT_RAW,0,0,0,0,0,0,0,0,1000,1000,1000,1000,0,0,0,0,0
2025-12-15 01:13:27.326,SERVO_OUTPUT_RAW,2362509790,SERVO_OUTPUT_RAW,0,0,0,0,0,0,0,0,1000,1000,1000,1000,0,0,0,0,0
2025-12-15 01:13:27.428,SERVO_OUTPUT_RAW,2362609809,SERVO_OUTPUT_RAW,0,0,0,0,0,0,0,0,1000,1000,1000,1000,0,0,0,0,0
2025-12-15 01:13:27.526,SERVO_OUTPUT_RAW,2362709837,SERVO_OUTPUT_RAW,0,0,0,0,0,0,0,0,1000,1000,1000,1000,0,0,0,0,0
2025-12-15 01:13:27.626,SERVO_OUTPUT_RAW,2362809781,SERVO_OUTPUT_RAW,0,0,0,0,0,0,0,0,1000,1000,1000,1000,0,0,0,0,0
2025-12-15 01:13:27.727,SERVO_OUTPUT_RAW,2362909782,SERVO_OUTPUT_RAW,0,0,0,0,0,0,0,0,1000,1000,1000,1000,0,0,0,0,0
2025-12-15 01:13:27.826,SERVO_OUTPUT_RAW,2363009794,SERVO_OUTPUT_RAW,0,0,0,0,0,0,0,0,1000,1000,1000,1000,0,0,0,0,0
2025-12-15 01:13:27.926,SERVO_OUTPUT_RAW,2363109808,SERVO_OUTPUT_RAW,0,0,0,0,0,0,0,0,1000,1000,1000,1000,0,0,0,0,0
2025-12-15 01:13:28.026,SERVO_OUTPUT_RAW,2363209779,SERVO_OUTPUT_RAW,0,0,0,0,0,0,0,0,1000,1000,1000,1000,0,0,0,0,0
2025-12-15 01:13:28.127,SERVO_OUTPUT_RAW,2363309775,SERVO_OUTPUT_RAW,0,0,0,0,0,0,0,0,1000,1000,1000,1000,0,0,0,0,0
2025-12-15 01:13:28.227,SERVO_OUTPUT_RAW,2363409828,SERVO_OUTPUT_RAW,0,0,0,0,0,0,0,0,1000,1000,1000,1000,0,0,0,0,0
2025-12-15 01:13:28.326,SERVO_OUTPUT_RAW,2363509848,SERVO_OUTPUT_RAW,0,0,0,0,0,0,0,0,1000,1000,1000,1000,0,0,0,0,0
2025-12-15 01:13:28.426,SERVO_OUTPUT_RAW,2363609807,SERVO_OUTPUT_RAW,0,0,0,0,0,0,0,0,1000,1000,1000,1000,0,0,0,0,0
2025-12-15 01:13:28.526,SERVO_OUTPUT_RAW,2363709901,SERVO_OUTPUT_RAW,0,0,0,0,0,0,0,0,1000,1000,1000,1000,0,0,0,0,0
2025-12-15 01:13:28.626,SERVO_OUTPUT_RAW,2363809826,SERVO_OUTPUT_RAW,0,0,0,0,0,0,0,0,1000,1000,1000,1000,0,0,0,0,0
2025-12-15 01:13:28.726,SERVO_OUTPUT_RAW,2363909845,SERVO_OUTPUT_RAW,0,0,0,0,0,0,0,0,1000,1000,1000,1000,0,0,0,0,0
2025-12-15 01:13:28.826,SERVO_OUTPUT_RAW,2364009789,SERVO_OUTPUT_RAW,0,0,0,0,0,0,0,0,1000,1000,1000,1000,0,0,0,0,0
2025-12-15 01:13:28.926,SERVO_OUTPUT_RAW,2364109786,SERVO_OUTPUT_RAW,0,0,0,0,0,0,0,0,1000,1000,1000,1000,0,0,0,0,0
2025-12-15 01:13:29.026,SERVO_OUTPUT_RAW,2364209811,SERVO_OUTPUT_RAW,0,0,0,0,0,0,0,0,1000,1000,1000,1000,0,0,0,0,0
2025-12-15 01:13:29.126,SERVO_OUTPUT_RAW,2364309815,SERVO_OUTPUT_RAW,0,0,0,0,0,0,0,0,1000,1000,1000,1000,0,0,0,0,0
2025-12-15 01:13:29.226,SERVO_OUTPUT_RAW,2364409785,SERVO_OUTPUT_RAW,0,0,0,0,0,0,0,0,1000,1000,1000,1000,0,0,0,0,0
2025-12-15 01:13:29.326,SERVO_OUTPUT_RAW,2364509796,SERVO_OUTPUT_RAW,0,0,0,0,0,0,0,0,1000,1000,1000,1000,0,0,0,0,0
2025-12-15 01:13:29.425,SERVO_OUTPUT_RAW,2364609785,SERVO_OUTPUT_RAW,0,0,0,0,0,0,0,0,1000,1000,1000,1000,0,0,0,0,0
2025-12-15 01:13:29.525,SERVO_OUTPUT_RAW,2364709800,SERVO_OUTPUT_RAW,0,0,0,0,0,0,0,0,1000,1000,1000,1000,0,0,0,0,0
2025-12-15 01:13:29.625,SERVO_OUTPUT_RAW,2364809780,SERVO_OUTPUT_RAW,0,0,0,0,0,0,0,0,1000,1000,1000,1000,0,0,0,0,0
2025-12-15 01:13:29.726,SERVO_OUTPUT_RAW,2364909808,SERVO_OUTPUT_RAW,0,0,0,0,0,0,0,0,1000,1000,1000,1000,0,0,0,0,0
2025-12-15 01:13:29.825,SERVO_OUTPUT_RAW,2365009870,SERVO_OUTPUT_RAW,0,0,0,0,0,0,0,0,1000,1000,1000,1000,0,0,0,0,0
2025-12-15 01:13:29.925,SERVO_OUTPUT_RAW,2365109828,SERVO_OUTPUT_RAW,0,0,0,0,0,0,0,0,1000,1000,1000,1000,0,0,0,0,0
2025-12-15 01:13:30.025,SERVO_OUTPUT_RAW,2365209790,SERVO_OUTPUT_RAW,0,0,0,0,0,0,0,0,1000,1000,1000,1000,0,0,0,0,0
2025-12-15 01:13:30.125,SERVO_OUTPUT_RAW,2365309800,SERVO_OUTPUT_RAW,0,0,0,0,0,0,0,0,1000,1000,1000,1000,0,0,0,0,0
2025-12-15 01:13:30.225,SERVO_OUTPUT_RAW,2365409845,SERVO_OUTPUT_RAW,0,0,0,0,0,0,0,0,1000,1000,1000,1000,0,0,0,0,0
2025-12-15 01:13:30.325,SERVO_OUTPUT_RAW,2365509845,SERVO_OUTPUT_RAW,0,0,0,0,0,0,0,0,1000,1000,1000,1000,0,0,0,0,0
2025-12-15 01:13:30.426,SERVO_OUTPUT_RAW,2365609785,SERVO_OUTPUT_RAW,0,0,0,0,0,0,0,0,1000,1000,1000,1000,0,0,0,0,0
2025-12-15 01:13:30.525,SERVO_OUTPUT_RAW,2365709804,SERVO_OUTPUT_RAW,0,0,0,0,0,0,0,0,1000,1000,1000,1000,0,0,0,0,0
2025-12-15 01:13:30.626,SERVO_OUTPUT_RAW,2365809819,SERVO_OUTPUT_RAW,0,0,0,0,0,0,0,0,1000,1000,1000,1000,0,0,0,0,0
2025-12-15 01:13:30.725,SERVO_OUTPUT_RAW,2365909823,SERVO_OUTPUT_RAW,0,0,0,0,0,0,0,0,1000,1000,1000,1000,0,0,0,0,0
2025-12-15 01:13:30.825,SERVO_OUTPUT_RAW,2366009784,SERVO_OUTPUT_RAW,0,0,0,0,0,0,0,0,1000,1000,1000,1000,0,0,0,0,0
2025-12-15 01:13:30.926,SERVO_OUTPUT_RAW,2366109783,SERVO_OUTPUT_RAW,0,0,0,0,0,0,0,0,1000,1000,1000,1000,0,0,0,0,0
2025-12-15 01:13:31.026,SERVO_OUTPUT_RAW,2366209786,SERVO_OUTPUT_RAW,0,0,0,0,0,0,0,0,1000,1000,1000,1000,0,0,0,0,0
2025-12-15 01:13:31.126,SERVO_OUTPUT_RAW,2366309795,SERVO_OUTPUT_RAW,0,0,0,0,0,0,0,0,1000,1000,1000,1000,0,0,0,0,0
2025-12-15 01:13:31.226,SERVO_OUTPUT_RAW,2366409784,SERVO_OUTPUT_RAW,0,0,0,0,0,0,0,0,1000,1000,1000,1000,0,0,0,0,0
2025-12-15 01:13:31.326,SERVO_OUTPUT_RAW,2366509838,SERVO_OUTPUT_RAW,0,0,0,0,0,0,0,0,1000,1000,1000,1000,0,0,0,0,0
2025-12-15 01:13:31.426,SERVO_OUTPUT_RAW,2366612199,SERVO_OUTPUT_RAW,0,0,0,0,0,0,0,0,1000,1000,1000,1000,0,0,0,0,0
2025-12-15 01:13:31.526,SERVO_OUTPUT_RAW,2366709784,SERVO_OUTPUT_RAW,0,0,0,0,0,0,0,0,1000,1000,1000,1000,0,0,0,0,0
2025-12-15 01:13:31.626,SERVO_OUTPUT_RAW,2366809783,SERVO_OUTPUT_RAW,0,0,0,0,0,0,0,0,1000,1000,1000,1000,0,0,0,0,0
2025-12-15 01:13:31.726,SERVO_OUTPUT_RAW,2366909813,SERVO_OUTPUT_RAW,0,0,0,0,0,0,0,0,1000,1000,1000,1000,0,0,0,0,0
2025-12-15 01:13:31.826,SERVO_OUTPUT_RAW,2367009870,SERVO_OUTPUT_RAW,0,0,0,0,0,0,0,0,1000,1000,1000,1000,0,0,0,0,0
2025-12-15 01:13:31.926,SERVO_OUTPUT_RAW,2367109852,SERVO_OUTPUT_RAW,0,0,0,0,0,0,0,0,1000,1000,1000,1000,0,0,0,0,0
2025-12-15 01:13:32.026,SERVO_OUTPUT_RAW,2367209803,SERVO_OUTPUT_RAW,0,0,0,0,0,0,0,0,1000,1000,1000,1000,0,0,0,0,0
2025-12-15 01:13:32.126,SERVO_OUTPUT_RAW,2367309816,SERVO_OUTPUT_RAW,0,0,0,0,0,0,0,0,1000,1000,1000,1000,0,0,0,0,0
2025-12-15 01:13:32.226,SERVO_OUTPUT_RAW,2367409818,SERVO_OUTPUT_RAW,0,0,0,0,0,0,0,0,1000,1000,1000,1000,0,0,0,0,0
2025-12-15 01:13:32.326,SERVO_OUTPUT_RAW,2367509794,SERVO_OUTPUT_RAW,0,0,0,0,0,0,0,0,1000,1000,1000,1000,0,0,0,0,0
2025-12-15 01:13:32.427,SERVO_OUTPUT_RAW,2367609808,SERVO_OUTPUT_RAW,0,0,0,0,0,0,0,0,1000,1000,1000,1000,0,0,0,0,0
2025-12-15 01:13:32.526,SERVO_OUTPUT_RAW,2367709786,SERVO_OUTPUT_RAW,0,0,0,0,0,0,0,0,1000,1000,1000,1000,0,0,0,0,0
2025-12-15 01:13:32.626,SERVO_OUTPUT_RAW,2367809782,SERVO_OUTPUT_RAW,0,0,0,0,0,0,0,0,1000,1000,1000,1000,0,0,0,0,0
2025-12-15 01:13:32.726,SERVO_OUTPUT_RAW,2367909792,SERVO_OUTPUT_RAW,0,0,0,0,0,0,0,0,1000,1000,1000,1000,0,0,0,0,0
2025-12-15 01:13:32.826,SERVO_OUTPUT_RAW,2368009814,SERVO_OUTPUT_RAW,0,0,0,0,0,0,0,0,1000,1000,1000,1000,0,0,0,0,0
2025-12-15 01:13:32.926,SERVO_OUTPUT_RAW,2368109850,SERVO_OUTPUT_RAW,0,0,0,0,0,0,0,0,1000,1000,1000,1000,0,0,0,0,0
2025-12-15 01:13:33.026,SERVO_OUTPUT_RAW,2368209840,SERVO_OUTPUT_RAW,0,0,0,0,0,0,0,0,1000,1000,1000,1000,0,0,0,0,0
2025-12-15 01:13:33.126,SERVO_OUTPUT_RAW,2368309808,SERVO_OUTPUT_RAW,0,0,0,0,0,0,0,0,1000,1000,1000,1000,0,0,0,0,0
2025-12-15 01:13:33.226,SERVO_OUTPUT_RAW,2368409836,SERVO_OUTPUT_RAW,0,0,0,0,0,0,0,0,1000,1000,1000,1000,0,0,0,0,0
2025-12-15 01:13:33.326,SERVO_OUTPUT_RAW,2368509828,SERVO_OUTPUT_RAW,0,0,0,0,0,0,0,0,1000,1000,1000,1000,0,0,0,0,0
2025-12-15 01:13:33.426,SERVO_OUTPUT_RAW,2368609842,SERVO_OUTPUT_RAW,0,0,0,0,0,0,0,0,1000,1000,1000,1000,0,0,0,0,0
2025-12-15 01:13:33.526,SERVO_OUTPUT_RAW,2368709892,SERVO_OUTPUT_RAW,0,0,0,0,0,0,0,0,1000,1000,1000,1000,0,0,0,0,0
2025-12-15 01:13:33.626,SERVO_OUTPUT_RAW,2368809786,SERVO_OUTPUT_RAW,0,0,0,0,0,0,0,0,1000,1000,1000,1000,0,0,0,0,0
2025-12-15 01:13:33.726,SERVO_OUTPUT_RAW,2368909826,SERVO_OUTPUT_RAW,0,0,0,0,0,0,0,0,1000,1000,1000,1000,0,0,0,0,0
2025-12-15 01:13:33.826,SERVO_OUTPUT_RAW,2369009824,SERVO_OUTPUT_RAW,0,0,0,0,0,0,0,0,1000,1000,1000,1000,0,0,0,0,0
2025-12-15 01:13:33.926,SERVO_OUTPUT_RAW,2369109781,SERVO_OUTPUT_RAW,0,0,0,0,0,0,0,0,1000,1000,1000,1000,0,0,0,0,0
2025-12-15 01:13:34.026,SERVO_OUTPUT_RAW,2369209793,SERVO_OUTPUT_RAW,0,0,0,0,0,0,0,0,1000,1000,1000,1000,0,0,0,0,0
2025-12-15 01:13:34.126,SERVO_OUTPUT_RAW,2369309782,SERVO_OUTPUT_RAW,0,0,0,0,0,0,0,0,1000,1000,1000,1000,0,0,0,0,0
2025-12-15 01:13:34.226,SERVO_OUTPUT_RAW,2369409782,SERVO_OUTPUT_RAW,0,0,0,0,0,0,0,0,1000,1000,1000,1000,0,0,0,0,0
2025-12-15 01:13:34.326,SERVO_OUTPUT_RAW,2369512137,SERVO_OUTPUT_RAW,0,0,0,0,0,0,0,0,1000,1000,1000,1000,0,0,0,0,0
2025-12-15 01:13:34.426,SERVO_OUTPUT_RAW,2369609819,SERVO_OUTPUT_RAW,0,0,0,0,0,0,0,0,1000,1000,1000,1000,0,0,0,0,0
2025-12-15 01:13:34.526,SERVO_OUTPUT_RAW,2369709836,SERVO_OUTPUT_RAW,0,0,0,0,0,0,0,0,1000,1000,1000,1000,0,0,0,0,0
2025-12-15 01:13:34.627,SERVO_OUTPUT_RAW,2369809811,SERVO_OUTPUT_RAW,0,0,0,0,0,0,0,0,1000,1000,1000,1000,0,0,0,0,0
2025-12-15 01:13:34.726,SERVO_OUTPUT_RAW,2369909817,SERVO_OUTPUT_RAW,0,0,0,0,0,0,0,0,1000,1000,1000,1000,0,0,0,0,0
2025-12-15 01:13:34.826,SERVO_OUTPUT_RAW,2370009808,SERVO_OUTPUT_RAW,0,0,0,0,0,0,0,0,1000,1000,1000,1000,0,0,0,0,0
2025-12-15 01:13:34.927,SERVO_OUTPUT_RAW,2370109826,SERVO_OUTPUT_RAW,0,0,0,0,0,0,0,0,1000,1000,1000,1000,0,0,0,0,0
2025-12-15 01:13:35.026,SERVO_OUTPUT_RAW,2370209836,SERVO_OUTPUT_RAW,0,0,0,0,0,0,0,0,1000,1000,1000,1000,0,0,0,0,0
2025-12-15 01:13:35.126,SERVO_OUTPUT_RAW,2370309782,SERVO_OUTPUT_RAW,0,0,0,0,0,0,0,0,1000,1000,1000,1000,0,0,0,0,0
2025-12-15 01:13:35.227,SERVO_OUTPUT_RAW,2370409794,SERVO_OUTPUT_RAW,0,0,0,0,0,0,0,0,1000,1000,1000,1000,0,0,0,0,0
2025-12-15 01:13:35.326,SERVO_OUTPUT_RAW,2370509848,SERVO_OUTPUT_RAW,0,0,0,0,0,0,0,0,1000,1000,1000,1000,0,0,0,0,0
2025-12-15 01:13:35.426,SERVO_OUTPUT_RAW,2370609780,SERVO_OUTPUT_RAW,0,0,0,0,0,0,0,0,1000,1000,1000,1000,0,0,0,0,0
2025-12-15 01:13:35.527,SERVO_OUTPUT_RAW,2370709814,SERVO_OUTPUT_RAW,0,0,0,0,0,0,0,0,1000,1000,1000,1000,0,0,0,0,0
2025-12-15 01:13:35.626,SERVO_OUTPUT_RAW,2370809810,SERVO_OUTPUT_RAW,0,0,0,0,0,0,0,0,1000,1000,1000,1000,0,0,0,0,0
2025-12-15 01:13:35.726,SERVO_OUTPUT_RAW,2370909786,SERVO_OUTPUT_RAW,0,0,0,0,0,0,0,0,1000,1000,1000,1000,0,0,0,0,0
2025-12-15 01:13:35.827,SERVO_OUTPUT_RAW,2371009792,SERVO_OUTPUT_RAW,0,0,0,0,0,0,0,0,1000,1000,1000,1000,0,0,0,0,0
2025-12-15 01:13:35.926,SERVO_OUTPUT_RAW,2371109789,SERVO_OUTPUT_RAW,0,0,0,0,0,0,0,0,1000,1000,1000,1000,0,0,0,0,0
2025-12-15 01:13:36.026,SERVO_OUTPUT_RAW,2371209821,SERVO_OUTPUT_RAW,0,0,0,0,0,0,0,0,1000,1000,1000,1000,0,0,0,0,0
2025-12-15 01:13:36.126,SERVO_OUTPUT_RAW,2371309848,SERVO_OUTPUT_RAW,0,0,0,0,0,0,0,0,1000,1000,1000,1000,0,0,0,0,0
2025-12-15 01:13:36.227,SERVO_OUTPUT_RAW,2371409801,SERVO_OUTPUT_RAW,0,0,0,0,0,0,0,0,1000,1000,1000,1000,0,0,0,0,0
2025-12-15 01:13:36.326,SERVO_OUTPUT_RAW,2371509833,SERVO_OUTPUT_RAW,0,0,0,0,0,0,0,0,1000,1000,1000,1000,0,0,0,0,0
2025-12-15 01:13:36.426,SERVO_OUTPUT_RAW,2371609834,SERVO_OUTPUT_RAW,0,0,0,0,0,0,0,0,1000,1000,1000,1000,0,0,0,0,0
2025-12-15 01:13:36.526,SERVO_OUTPUT_RAW,2371709853,SERVO_OUTPUT_RAW,0,0,0,0,0,0,0,0,1000,1000,1000,1000,0,0,0,0,0
2025-12-15 01:13:36.627,SERVO_OUTPUT_RAW,2371809841,SERVO_OUTPUT_RAW,0,0,0,0,0,0,0,0,1000,1000,1000,1000,0,0,0,0,0
2025-12-15 01:13:36.726,SERVO_OUTPUT_RAW,2371909783,SERVO_OUTPUT_RAW,0,0,0,0,0,0,0,0,1000,1000,1000,1000,0,0,0,0,0
2025-12-15 01:13:36.826,SERVO_OUTPUT_RAW,2372009827,SERVO_OUTPUT_RAW,0,0,0,0,0,0,0,0,1000,1000,1000,1000,0,0,0,0,0
2025-12-15 01:13:36.927,SERVO_OUTPUT_RAW,2372109822,SERVO_OUTPUT_RAW,0,0,0,0,0,0,0,0,1000,1000,1000,1000,0,0,0,0,0
2025-12-15 01:13:37.026,SERVO_OUTPUT_RAW,2372209773,SERVO_OUTPUT_RAW,0,0,0,0,0,0,0,0,1000,1000,1000,1000,0,0,0,0,0
2025-12-15 01:13:37.126,SERVO_OUTPUT_RAW,2372309784,SERVO_OUTPUT_RAW,0,0,0,0,0,0,0,0,1000,1000,1000,1000,0,0,0,0,0
2025-12-15 01:13:37.226,SERVO_OUTPUT_RAW,2372409795,SERVO_OUTPUT_RAW,0,0,0,0,0,0,0,0,1000,1000,1000,1000,0,0,0,0,0
2025-12-15 01:13:37.327,SERVO_OUTPUT_RAW,2372509801,SERVO_OUTPUT_RAW,0,0,0,0,0,0,0,0,1000,1000,1000,1000,0,0,0,0,0
2025-12-15 01:13:37.426,SERVO_OUTPUT_RAW,2372609802,SERVO_OUTPUT_RAW,0,0,0,0,0,0,0,0,1000,1000,1000,1000,0,0,0,0,0
2025-12-15 01:13:37.527,SERVO_OUTPUT_RAW,2372709808,SERVO_OUTPUT_RAW,0,0,0,0,0,0,0,0,1000,1000,1000,1000,0,0,0,0,0
2025-12-15 01:13:37.626,SERVO_OUTPUT_RAW,2372812162,SERVO_OUTPUT_RAW,0,0,0,0,0,0,0,0,1000,1000,1000,1000,0,0,0,0,0
2025-12-15 01:13:37.727,SERVO_OUTPUT_RAW,2372912136,SERVO_OUTPUT_RAW,0,0,0,0,0,0,0,0,1000,1000,1000,1000,0,0,0,0,0
2025-12-15 01:13:37.827,SERVO_OUTPUT_RAW,2373009811,SERVO_OUTPUT_RAW,0,0,0,0,0,0,0,0,1000,1000,1000,1000,0,0,0,0,0
2025-12-15 01:13:37.926,SERVO_OUTPUT_RAW,2373109798,SERVO_OUTPUT_RAW,0,0,0,0,0,0,0,0,1000,1000,1000,1000,0,0,0,0,0
2025-12-15 01:13:38.027,SERVO_OUTPUT_RAW,2373209827,SERVO_OUTPUT_RAW,0,0,0,0,0,0,0,0,1000,1000,1000,1000,0,0,0,0,0
2025-12-15 01:13:38.127,SERVO_OUTPUT_RAW,2373309836,SERVO_OUTPUT_RAW,0,0,0,0,0,0,0,0,1000,1000,1000,1000,0,0,0,0,0
2025-12-15 01:13:38.227,SERVO_OUTPUT_RAW,2373409794,SERVO_OUTPUT_RAW,0,0,0,0,0,0,0,0,1000,1000,1000,1000,0,0,0,0,0
2025-12-15 01:13:38.328,SERVO_OUTPUT_RAW,2373509820,SERVO_OUTPUT_RAW,0,0,0,0,0,0,0,0,1000,1000,1000,1000,0,0,0,0,0
2025-12-15 01:13:38.427,SERVO_OUTPUT_RAW,2373609813,SERVO_OUTPUT_RAW,0,0,0,0,0,0,0,0,1000,1000,1000,1000,0,0,0,0,0
2025-12-15 01:13:38.527,SERVO_OUTPUT_RAW,2373709794,SERVO_OUTPUT_RAW,0,0,0,0,0,0,0,0,1000,1000,1000,1000,0,0,0,0,0
2025-12-15 01:13:38.627,SERVO_OUTPUT_RAW,2373809785,SERVO_OUTPUT_RAW,0,0,0,0,0,0,0,0,1000,1000,1000,1000,0,0,0,0,0
2025-12-15 01:13:38.727,SERVO_OUTPUT_RAW,2373909788,SERVO_OUTPUT_RAW,0,0,0,0,0,0,0,0,1000,1000,1000,1000,0,0,0,0,0
2025-12-15 01:13:38.826,SERVO_OUTPUT_RAW,2374009801,SERVO_OUTPUT_RAW,0,0,0,0,0,0,0,0,1000,1000,1000,1000,0,0,0,0,0
2025-12-15 01:13:38.926,SERVO_OUTPUT_RAW,2374109787,SERVO_OUTPUT_RAW,0,0,0,0,0,0,0,0,1000,1000,1000,1000,0,0,0,0,0
2025-12-15 01:13:39.026,SERVO_OUTPUT_RAW,2374209792,SERVO_OUTPUT_RAW,0,0,0,0,0,0,0,0,1000,1000,1000,1000,0,0,0,0,0
2025-12-15 01:13:39.126,SERVO_OUTPUT_RAW,2374309821,SERVO_OUTPUT_RAW,0,0,0,0,0,0,0,0,1000,1000,1000,1000,0,0,0,0,0
2025-12-15 01:13:39.226,SERVO_OUTPUT_RAW,2374409858,SERVO_OUTPUT_RAW,0,0,0,0,0,0,0,0,1000,1000,1000,1000,0,0,0,0,0
2025-12-15 01:13:39.326,SERVO_OUTPUT_RAW,2374509793,SERVO_OUTPUT_RAW,0,0,0,0,0,0,0,0,1000,1000,1000,1000,0,0,0,0,0
2025-12-15 01:13:39.426,SERVO_OUTPUT_RAW,2374609802,SERVO_OUTPUT_RAW,0,0,0,0,0,0,0,0,1000,1000,1000,1000,0,0,0,0,0
2025-12-15 01:13:39.526,SERVO_OUTPUT_RAW,2374709809,SERVO_OUTPUT_RAW,0,0,0,0,0,0,0,0,1000,1000,1000,1000,0,0,0,0,0
2025-12-15 01:13:39.626,SERVO_OUTPUT_RAW,2374809836,SERVO_OUTPUT_RAW,0,0,0,0,0,0,0,0,1000,1000,1000,1000,0,0,0,0,0
2025-12-15 01:13:39.726,SERVO_OUTPUT_RAW,2374909817,SERVO_OUTPUT_RAW,0,0,0,0,0,0,0,0,1000,1000,1000,1000,0,0,0,0,0
2025-12-15 01:13:39.826,SERVO_OUTPUT_RAW,2375009896,SERVO_OUTPUT_RAW,0,0,0,0,0,0,0,0,1000,1000,1000,1000,0,0,0,0,0
2025-12-15 01:13:39.931,SERVO_OUTPUT_RAW,2375109815,SERVO_OUTPUT_RAW,0,0,0,0,0,0,0,0,1000,1000,1000,1000,0,0,0,0,0
2025-12-15 01:13:40.026,SERVO_OUTPUT_RAW,2375209817,SERVO_OUTPUT_RAW,0,0,0,0,0,0,0,0,1000,1000,1000,1000,0,0,0,0,0
2025-12-15 01:13:40.126,SERVO_OUTPUT_RAW,2375309827,SERVO_OUTPUT_RAW,0,0,0,0,0,0,0,0,1000,1000,1000,1000,0,0,0,0,0
2025-12-15 01:13:40.226,SERVO_OUTPUT_RAW,2375409788,SERVO_OUTPUT_RAW,0,0,0,0,0,0,0,0,1000,1000,1000,1000,0,0,0,0,0
2025-12-15 01:13:40.326,SERVO_OUTPUT_RAW,2375509785,SERVO_OUTPUT_RAW,0,0,0,0,0,0,0,0,1000,1000,1000,1000,0,0,0,0,0
2025-12-15 01:13:40.426,SERVO_OUTPUT_RAW,2375609780,SERVO_OUTPUT_RAW,0,0,0,0,0,0,0,0,1000,1000,1000,1000,0,0,0,0,0
2025-12-15 01:13:40.526,SERVO_OUTPUT_RAW,2375709797,SERVO_OUTPUT_RAW,0,0,0,0,0,0,0,0,1000,1000,1000,1000,0,0,0,0,0
2025-12-15 01:13:40.626,SERVO_OUTPUT_RAW,2375809788,SERVO_OUTPUT_RAW,0,0,0,0,0,0,0,0,1000,1000,1000,1000,0,0,0,0,0
2025-12-15 01:13:40.726,SERVO_OUTPUT_RAW,2375909846,SERVO_OUTPUT_RAW,0,0,0,0,0,0,0,0,1000,1000,1000,1000,0,0,0,0,0
2025-12-15 01:13:40.826,SERVO_OUTPUT_RAW,2376009770,SERVO_OUTPUT_RAW,0,0,0,0,0,0,0,0,1000,1000,1000,1000,0,0,0,0,0
2025-12-15 01:13:40.926,SERVO_OUTPUT_RAW,2376109800,SERVO_OUTPUT_RAW,0,0,0,0,0,0,0,0,1000,1000,1000,1000,0,0,0,0,0
2025-12-15 01:13:41.026,SERVO_OUTPUT_RAW,2376209837,SERVO_OUTPUT_RAW,0,0,0,0,0,0,0,0,1000,1000,1000,1000,0,0,0,0,0
2025-12-15 01:13:41.126,SERVO_OUTPUT_RAW,2376309874,SERVO_OUTPUT_RAW,0,0,0,0,0,0,0,0,1000,1000,1000,1000,0,0,0,0,0
2025-12-15 01:13:41.226,SERVO_OUTPUT_RAW,2376409849,SERVO_OUTPUT_RAW,0,0,0,0,0,0,0,0,1000,1000,1000,1000,0,0,0,0,0
2025-12-15 01:13:41.326,SERVO_OUTPUT_RAW,2376509785,SERVO_OUTPUT_RAW,0,0,0,0,0,0,0,0,1000,1000,1000,1000,0,0,0,0,0
2025-12-15 01:13:41.426,SERVO_OUTPUT_RAW,2376609798,SERVO_OUTPUT_RAW,0,0,0,0,0,0,0,0,1000,1000,1000,1000,0,0,0,0,0
2025-12-15 01:13:41.526,SERVO_OUTPUT_RAW,2376709818,SERVO_OUTPUT_RAW,0,0,0,0,0,0,0,0,1000,1000,1000,1000,0,0,0,0,0
2025-12-15 01:13:41.626,SERVO_OUTPUT_RAW,2376809817,SERVO_OUTPUT_RAW,0,0,0,0,0,0,0,0,1000,1000,1000,1000,0,0,0,0,0
2025-12-15 01:13:41.726,SERVO_OUTPUT_RAW,2376909781,SERVO_OUTPUT_RAW,0,0,0,0,0,0,0,0,1000,1000,1000,1000,0,0,0,0,0
2025-12-15 01:13:41.826,SERVO_OUTPUT_RAW,2377009806,SERVO_OUTPUT_RAW,0,0,0,0,0,0,0,0,1000,1000,1000,1000,0,0,0,0,0
2025-12-15 01:13:41.926,SERVO_OUTPUT_RAW,2377109805,SERVO_OUTPUT_RAW,0,0,0,0,0,0,0,0,1000,1000,1000,1000,0,0,0,0,0
2025-12-15 01:13:42.027,SERVO_OUTPUT_RAW,2377209780,SERVO_OUTPUT_RAW,0,0,0,0,0,0,0,0,1000,1000,1000,1000,0,0,0,0,0
2025-12-15 01:13:42.126,SERVO_OUTPUT_RAW,2377309797,SERVO_OUTPUT_RAW,0,0,0,0,0,0,0,0,1000,1000,1000,1000,0,0,0,0,0
2025-12-15 01:13:42.226,SERVO_OUTPUT_RAW,2377409827,SERVO_OUTPUT_RAW,0,0,0,0,0,0,0,0,1000,1000,1000,1000,0,0,0,0,0
2025-12-15 01:13:42.326,SERVO_OUTPUT_RAW,2377509824,SERVO_OUTPUT_RAW,0,0,0,0,0,0,0,0,1000,1000,1000,1000,0,0,0,0,0
2025-12-15 01:13:42.428,SERVO_OUTPUT_RAW,2377609779,SERVO_OUTPUT_RAW,0,0,0,0,0,0,0,0,1000,1000,1000,1000,0,0,0,0,0
2025-12-15 01:13:42.526,SERVO_OUTPUT_RAW,2377709788,SERVO_OUTPUT_RAW,0,0,0,0,0,0,0,0,1000,1000,1000,1000,0,0,0,0,0
2025-12-15 01:13:42.626,SERVO_OUTPUT_RAW,2377809830,SERVO_OUTPUT_RAW,0,0,0,0,0,0,0,0,1000,1000,1000,1000,0,0,0,0,0
2025-12-15 01:13:42.727,SERVO_OUTPUT_RAW,2377909841,SERVO_OUTPUT_RAW,0,0,0,0,0,0,0,0,1000,1000,1000,1000,0,0,0,0,0
2025-12-15 01:13:42.826,SERVO_OUTPUT_RAW,2378009850,SERVO_OUTPUT_RAW,0,0,0,0,0,0,0,0,1000,1000,1000,1000,0,0,0,0,0
2025-12-15 01:13:42.926,SERVO_OUTPUT_RAW,2378109793,SERVO_OUTPUT_RAW,0,0,0,0,0,0,0,0,1000,1000,1000,1000,0,0,0,0,0
2025-12-15 01:13:43.027,SERVO_OUTPUT_RAW,2378209822,SERVO_OUTPUT_RAW,0,0,0,0,0,0,0,0,1000,1000,1000,1000,0,0,0,0,0
2025-12-15 01:13:43.126,SERVO_OUTPUT_RAW,2378309818,SERVO_OUTPUT_RAW,0,0,0,0,0,0,0,0,1000,1000,1000,1000,0,0,0,0,0
2025-12-15 01:13:43.226,SERVO_OUTPUT_RAW,2378409829,SERVO_OUTPUT_RAW,0,0,0,0,0,0,0,0,1000,1000,1000,1000,0,0,0,0,0
2025-12-15 01:13:43.326,SERVO_OUTPUT_RAW,2378509776,SERVO_OUTPUT_RAW,0,0,0,0,0,0,0,0,1000,1000,1000,1000,0,0,0,0,0
2025-12-15 01:13:43.426,SERVO_OUTPUT_RAW,2378609799,SERVO_OUTPUT_RAW,0,0,0,0,0,0,0,0,1000,1000,1000,1000,0,0,0,0,0
2025-12-15 01:13:43.526,SERVO_OUTPUT_RAW,2378709789,SERVO_OUTPUT_RAW,0,0,0,0,0,0,0,0,1000,1000,1000,1000,0,0,0,0,0
2025-12-15 01:13:43.626,SERVO_OUTPUT_RAW,2378809779,SERVO_OUTPUT_RAW,0,0,0,0,0,0,0,0,1000,1000,1000,1000,0,0,0,0,0
2025-12-15 01:13:43.727,SERVO_OUTPUT_RAW,2378909802,SERVO_OUTPUT_RAW,0,0,0,0,0,0,0,0,1000,1000,1000,1000,0,0,0,0,0
2025-12-15 01:13:43.826,SERVO_OUTPUT_RAW,2379009812,SERVO_OUTPUT_RAW,0,0,0,0,0,0,0,0,1000,1000,1000,1000,0,0,0,0,0
2025-12-15 01:13:43.927,SERVO_OUTPUT_RAW,2379109781,SERVO_OUTPUT_RAW,0,0,0,0,0,0,0,0,1000,1000,1000,1000,0,0,0,0,0
2025-12-15 01:13:44.026,SERVO_OUTPUT_RAW,2379212180,SERVO_OUTPUT_RAW,0,0,0,0,0,0,0,0,1000,1000,1000,1000,0,0,0,0,0
2025-12-15 01:13:44.126,SERVO_OUTPUT_RAW,2379309789,SERVO_OUTPUT_RAW,0,0,0,0,0,0,0,0,1000,1000,1000,1000,0,0,0,0,0
2025-12-15 01:13:44.226,SERVO_OUTPUT_RAW,2379409847,SERVO_OUTPUT_RAW,0,0,0,0,0,0,0,0,1000,1000,1000,1000,0,0,0,0,0
2025-12-15 01:13:44.326,SERVO_OUTPUT_RAW,2379509849,SERVO_OUTPUT_RAW,0,0,0,0,0,0,0,0,1000,1000,1000,1000,0,0,0,0,0
2025-12-15 01:13:44.426,SERVO_OUTPUT_RAW,2379609858,SERVO_OUTPUT_RAW,0,0,0,0,0,0,0,0,1000,1000,1000,1000,0,0,0,0,0
2025-12-15 01:13:44.526,SERVO_OUTPUT_RAW,2379709796,SERVO_OUTPUT_RAW,0,0,0,0,0,0,0,0,1000,1000,1000,1000,0,0,0,0,0
2025-12-15 01:13:44.626,SERVO_OUTPUT_RAW,2379809823,SERVO_OUTPUT_RAW,0,0,0,0,0,0,0,0,1000,1000,1000,1000,0,0,0,0,0
2025-12-15 01:13:44.726,SERVO_OUTPUT_RAW,2379909828,SERVO_OUTPUT_RAW,0,0,0,0,0,0,0,0,1000,1000,1000,1000,0,0,0,0,0
2025-12-15 01:13:44.826,SERVO_OUTPUT_RAW,2380009776,SERVO_OUTPUT_RAW,0,0,0,0,0,0,0,0,1000,1000,1000,1000,0,0,0,0,0
2025-12-15 01:13:44.927,SERVO_OUTPUT_RAW,2380109788,SERVO_OUTPUT_RAW,0,0,0,0,0,0,0,0,1000,1000,1000,1000,0,0,0,0,0
2025-12-15 01:13:45.026,SERVO_OUTPUT_RAW,2380209789,SERVO_OUTPUT_RAW,0,0,0,0,0,0,0,0,1000,1000,1000,1000,0,0,0,0,0
2025-12-15 01:13:45.127,SERVO_OUTPUT_RAW,2380309786,SERVO_OUTPUT_RAW,0,0,0,0,0,0,0,0,1000,1000,1000,1000,0,0,0,0,0
2025-12-15 01:13:45.226,SERVO_OUTPUT_RAW,2380409790,SERVO_OUTPUT_RAW,0,0,0,0,0,0,0,0,1000,1000,1000,1000,0,0,0,0,0
2025-12-15 01:13:45.327,SERVO_OUTPUT_RAW,2380509824,SERVO_OUTPUT_RAW,0,0,0,0,0,0,0,0,1000,1000,1000,1000,0,0,0,0,0
2025-12-15 01:13:45.426,SERVO_OUTPUT_RAW,2380609830,SERVO_OUTPUT_RAW,0,0,0,0,0,0,0,0,1000,1000,1000,1000,0,0,0,0,0
2025-12-15 01:13:45.526,SERVO_OUTPUT_RAW,2380709859,SERVO_OUTPUT_RAW,0,0,0,0,0,0,0,0,1000,1000,1000,1000,0,0,0,0,0
2025-12-15 01:13:45.627,SERVO_OUTPUT_RAW,2380809793,SERVO_OUTPUT_RAW,0,0,0,0,0,0,0,0,1000,1000,1000,1000,0,0,0,0,0
2025-12-15 01:13:45.727,SERVO_OUTPUT_RAW,2380909822,SERVO_OUTPUT_RAW,0,0,0,0,0,0,0,0,1000,1000,1000,1000,0,0,0,0,0
2025-12-15 01:13:45.827,SERVO_OUTPUT_RAW,2381009824,SERVO_OUTPUT_RAW,0,0,0,0,0,0,0,0,1000,1000,1000,1000,0,0,0,0,0
2025-12-15 01:13:45.927,SERVO_OUTPUT_RAW,2381109846,SERVO_OUTPUT_RAW,0,0,0,0,0,0,0,0,1000,1000,1000,1000,0,0,0,0,0
2025-12-15 01:13:46.027,SERVO_OUTPUT_RAW,2381209779,SERVO_OUTPUT_RAW,0,0,0,0,0,0,0,0,1000,1000,1000,1000,0,0,0,0,0
2025-12-15 01:13:46.127,SERVO_OUTPUT_RAW,2381309887,SERVO_OUTPUT_RAW,0,0,0,0,0,0,0,0,1000,1000,1000,1000,0,0,0,0,0
2025-12-15 01:13:46.227,SERVO_OUTPUT_RAW,2381409822,SERVO_OUTPUT_RAW,0,0,0,0,0,0,0,0,1000,1000,1000,1000,0,0,0,0,0
2025-12-15 01:13:46.327,SERVO_OUTPUT_RAW,2381509852,SERVO_OUTPUT_RAW,0,0,0,0,0,0,0,0,1000,1000,1000,1000,0,0,0,0,0
2025-12-15 01:13:46.427,SERVO_OUTPUT_RAW,2381609805,SERVO_OUTPUT_RAW,0,0,0,0,0,0,0,0,1000,1000,1000,1000,0,0,0,0,0
2025-12-15 01:13:46.527,SERVO_OUTPUT_RAW,2381709788,SERVO_OUTPUT_RAW,0,0,0,0,0,0,0,0,1000,1000,1000,1000,0,0,0,0,0
2025-12-15 01:13:46.627,SERVO_OUTPUT_RAW,2381809791,SERVO_OUTPUT_RAW,0,0,0,0,0,0,0,0,1000,1000,1000,1000,0,0,0,0,0
2025-12-15 01:13:46.727,SERVO_OUTPUT_RAW,2381909808,SERVO_OUTPUT_RAW,0,0,0,0,0,0,0,0,1000,1000,1000,1000,0,0,0,0,0
2025-12-15 01:13:46.827,SERVO_OUTPUT_RAW,2382009789,SERVO_OUTPUT_RAW,0,0,0,0,0,0,0,0,1000,1000,1000,1000,0,0,0,0,0
2025-12-15 01:13:46.927,SERVO_OUTPUT_RAW,2382109842,SERVO_OUTPUT_RAW,0,0,0,0,0,0,0,0,1000,1000,1000,1000,0,0,0,0,0
2025-12-15 01:13:47.027,SERVO_OUTPUT_RAW,2382209819,SERVO_OUTPUT_RAW,0,0,0,0,0,0,0,0,1000,1000,1000,1000,0,0,0,0,0
2025-12-15 01:13:47.127,SERVO_OUTPUT_RAW,2382309773,SERVO_OUTPUT_RAW,0,0,0,0,0,0,0,0,1000,1000,1000,1000,0,0,0,0,0
2025-12-15 01:13:47.227,SERVO_OUTPUT_RAW,2382409784,SERVO_OUTPUT_RAW,0,0,0,0,0,0,0,0,1000,1000,1000,1000,0,0,0,0,0
2025-12-15 01:13:47.327,SERVO_OUTPUT_RAW,2382509921,SERVO_OUTPUT_RAW,0,0,0,0,0,0,0,0,1000,1000,1000,1000,0,0,0,0,0
2025-12-15 01:13:47.428,SERVO_OUTPUT_RAW,2382609846,SERVO_OUTPUT_RAW,0,0,0,0,0,0,0,0,1000,1000,1000,1000,0,0,0,0,0
2025-12-15 01:13:47.527,SERVO_OUTPUT_RAW,2382709839,SERVO_OUTPUT_RAW,0,0,0,0,0,0,0,0,1000,1000,1000,1000,0,0,0,0,0
2025-12-15 01:13:47.627,SERVO_OUTPUT_RAW,2382809787,SERVO_OUTPUT_RAW,0,0,0,0,0,0,0,0,1000,1000,1000,1000,0,0,0,0,0
2025-12-15 01:13:47.727,SERVO_OUTPUT_RAW,2382909818,SERVO_OUTPUT_RAW,0,0,0,0,0,0,0,0,1000,1000,1000,1000,0,0,0,0,0
2025-12-15 01:13:47.827,SERVO_OUTPUT_RAW,2383009813,SERVO_OUTPUT_RAW,0,0,0,0,0,0,0,0,1000,1000,1000,1000,0,0,0,0,0
2025-12-15 01:13:47.927,SERVO_OUTPUT_RAW,2383109824,SERVO_OUTPUT_RAW,0,0,0,0,0,0,0,0,1000,1000,1000,1000,0,0,0,0,0
2025-12-15 01:13:48.027,SERVO_OUTPUT_RAW,2383209788,SERVO_OUTPUT_RAW,0,0,0,0,0,0,0,0,1000,1000,1000,1000,0,0,0,0,0
2025-12-15 01:13:48.127,SERVO_OUTPUT_RAW,2383309779,SERVO_OUTPUT_RAW,0,0,0,0,0,0,0,0,1000,1000,1000,1000,0,0,0,0,0
2025-12-15 01:13:48.227,SERVO_OUTPUT_RAW,2383409801,SERVO_OUTPUT_RAW,0,0,0,0,0,0,0,0,1000,1000,1000,1000,0,0,0,0,0
2025-12-15 01:13:48.326,SERVO_OUTPUT_RAW,2383509794,SERVO_OUTPUT_RAW,0,0,0,0,0,0,0,0,1000,1000,1000,1000,0,0,0,0,0
2025-12-15 01:13:48.426,SERVO_OUTPUT_RAW,2383609790,SERVO_OUTPUT_RAW,0,0,0,0,0,0,0,0,1000,1000,1000,1000,0,0,0,0,0
2025-12-15 01:13:48.526,SERVO_OUTPUT_RAW,2383709826,SERVO_OUTPUT_RAW,0,0,0,0,0,0,0,0,1000,1000,1000,1000,0,0,0,0,0
2025-12-15 01:13:48.626,SERVO_OUTPUT_RAW,2383809846,SERVO_OUTPUT_RAW,0,0,0,0,0,0,0,0,1000,1000,1000,1000,0,0,0,0,0
2025-12-15 01:13:48.726,SERVO_OUTPUT_RAW,2383909818,SERVO_OUTPUT_RAW,0,0,0,0,0,0,0,0,1000,1000,1000,1000,0,0,0,0,0
2025-12-15 01:13:48.826,SERVO_OUTPUT_RAW,2384009830,SERVO_OUTPUT_RAW,0,0,0,0,0,0,0,0,1000,1000,1000,1000,0,0,0,0,0
2025-12-15 01:13:48.926,SERVO_OUTPUT_RAW,2384109829,SERVO_OUTPUT_RAW,0,0,0,0,0,0,0,0,1000,1000,1000,1000,0,0,0,0,0
2025-12-15 01:13:49.026,SERVO_OUTPUT_RAW,2384209843,SERVO_OUTPUT_RAW,0,0,0,0,0,0,0,0,1000,1000,1000,1000,0,0,0,0,0
2025-12-15 01:13:49.127,SERVO_OUTPUT_RAW,2384309855,SERVO_OUTPUT_RAW,0,0,0,0,0,0,0,0,1000,1000,1000,1000,0,0,0,0,0
2025-12-15 01:13:49.227,SERVO_OUTPUT_RAW,2384409822,SERVO_OUTPUT_RAW,0,0,0,0,0,0,0,0,1000,1000,1000,1000,0,0,0,0,0
2025-12-15 01:13:49.326,SERVO_OUTPUT_RAW,2384509805,SERVO_OUTPUT_RAW,0,0,0,0,0,0,0,0,1000,1000,1000,1000,0,0,0,0,0
2025-12-15 01:13:49.426,SERVO_OUTPUT_RAW,2384609803,SERVO_OUTPUT_RAW,0,0,0,0,0,0,0,0,1000,1000,1000,1000,0,0,0,0,0
2025-12-15 01:13:49.526,SERVO_OUTPUT_RAW,2384709771,SERVO_OUTPUT_RAW,0,0,0,0,0,0,0,0,1000,1000,1000,1000,0,0,0,0,0
2025-12-15 01:13:49.626,SERVO_OUTPUT_RAW,2384809785,SERVO_OUTPUT_RAW,0,0,0,0,0,0,0,0,1000,1000,1000,1000,0,0,0,0,0
2025-12-15 01:13:49.727,SERVO_OUTPUT_RAW,2384909795,SERVO_OUTPUT_RAW,0,0,0,0,0,0,0,0,1000,1000,1000,1000,0,0,0,0,0
2025-12-15 01:13:49.826,SERVO_OUTPUT_RAW,2385009797,SERVO_OUTPUT_RAW,0,0,0,0,0,0,0,0,1000,1000,1000,1000,0,0,0,0,0
2025-12-15 01:13:49.927,SERVO_OUTPUT_RAW,2385109795,SERVO_OUTPUT_RAW,0,0,0,0,0,0,0,0,1000,1000,1000,1000,0,0,0,0,0
2025-12-15 01:13:50.026,SERVO_OUTPUT_RAW,2385209822,SERVO_OUTPUT_RAW,0,0,0,0,0,0,0,0,1000,1000,1000,1000,0,0,0,0,0
2025-12-15 01:13:50.126,SERVO_OUTPUT_RAW,2385309830,SERVO_OUTPUT_RAW,0,0,0,0,0,0,0,0,1000,1000,1000,1000,0,0,0,0,0
2025-12-15 01:13:50.226,SERVO_OUTPUT_RAW,2385409878,SERVO_OUTPUT_RAW,0,0,0,0,0,0,0,0,1000,1000,1000,1000,0,0,0,0,0
2025-12-15 01:13:50.326,SERVO_OUTPUT_RAW,2385509853,SERVO_OUTPUT_RAW,0,0,0,0,0,0,0,0,1000,1000,1000,1000,0,0,0,0,0
2025-12-15 01:13:50.426,SERVO_OUTPUT_RAW,2385609827,SERVO_OUTPUT_RAW,0,0,0,0,0,0,0,0,1000,1000,1000,1000,0,0,0,0,0
2025-12-15 01:13:50.526,SERVO_OUTPUT_RAW,2385709819,SERVO_OUTPUT_RAW,0,0,0,0,0,0,0,0,1000,1000,1000,1000,0,0,0,0,0
2025-12-15 01:13:50.626,SERVO_OUTPUT_RAW,2385809831,SERVO_OUTPUT_RAW,0,0,0,0,0,0,0,0,1000,1000,1000,1000,0,0,0,0,0
2025-12-15 01:13:50.726,SERVO_OUTPUT_RAW,2385909782,SERVO_OUTPUT_RAW,0,0,0,0,0,0,0,0,1000,1000,1000,1000,0,0,0,0,0
2025-12-15 01:13:50.826,SERVO_OUTPUT_RAW,2386009809,SERVO_OUTPUT_RAW,0,0,0,0,0,0,0,0,1000,1000,1000,1000,0,0,0,0,0
2025-12-15 01:13:50.926,SERVO_OUTPUT_RAW,2386109832,SERVO_OUTPUT_RAW,0,0,0,0,0,0,0,0,1000,1000,1000,1000,0,0,0,0,0
2025-12-15 01:13:51.026,SERVO_OUTPUT_RAW,2386209827,SERVO_OUTPUT_RAW,0,0,0,0,0,0,0,0,1000,1000,1000,1000,0,0,0,0,0
2025-12-15 01:13:51.126,SERVO_OUTPUT_RAW,2386309786,SERVO_OUTPUT_RAW,0,0,0,0,0,0,0,0,1000,1000,1000,1000,0,0,0,0,0
2025-12-15 01:13:51.226,SERVO_OUTPUT_RAW,2386409780,SERVO_OUTPUT_RAW,0,0,0,0,0,0,0,0,1000,1000,1000,1000,0,0,0,0,0
2025-12-15 01:13:51.326,SERVO_OUTPUT_RAW,2386509795,SERVO_OUTPUT_RAW,0,0,0,0,0,0,0,0,1000,1000,1000,1000,0,0,0,0,0
2025-12-15 01:13:51.426,SERVO_OUTPUT_RAW,2386609790,SERVO_OUTPUT_RAW,0,0,0,0,0,0,0,0,1000,1000,1000,1000,0,0,0,0,0
2025-12-15 01:13:51.526,SERVO_OUTPUT_RAW,2386709795,SERVO_OUTPUT_RAW,0,0,0,0,0,0,0,0,1000,1000,1000,1000,0,0,0,0,0
2025-12-15 01:13:51.626,SERVO_OUTPUT_RAW,2386809824,SERVO_OUTPUT_RAW,0,0,0,0,0,0,0,0,1000,1000,1000,1000,0,0,0,0,0
2025-12-15 01:13:51.727,SERVO_OUTPUT_RAW,2386909834,SERVO_OUTPUT_RAW,0,0,0,0,0,0,0,0,1000,1000,1000,1000,0,0,0,0,0
2025-12-15 01:13:51.826,SERVO_OUTPUT_RAW,2387009907,SERVO_OUTPUT_RAW,0,0,0,0,0,0,0,0,1000,1000,1000,1000,0,0,0,0,0
2025-12-15 01:13:51.926,SERVO_OUTPUT_RAW,2387109780,SERVO_OUTPUT_RAW,0,0,0,0,0,0,0,0,1000,1000,1000,1000,0,0,0,0,0
2025-12-15 01:13:52.027,SERVO_OUTPUT_RAW,2387209822,SERVO_OUTPUT_RAW,0,0,0,0,0,0,0,0,1000,1000,1000,1000,0,0,0,0,0
2025-12-15 01:13:52.126,SERVO_OUTPUT_RAW,2387309883,SERVO_OUTPUT_RAW,0,0,0,0,0,0,0,0,1000,1000,1000,1000,0,0,0,0,0
2025-12-15 01:13:52.226,SERVO_OUTPUT_RAW,2387409843,SERVO_OUTPUT_RAW,0,0,0,0,0,0,0,0,1000,1000,1000,1000,0,0,0,0,0
2025-12-15 01:13:52.326,SERVO_OUTPUT_RAW,2387509794,SERVO_OUTPUT_RAW,0,0,0,0,0,0,0,0,1000,1000,1000,1000,0,0,0,0,0
2025-12-15 01:13:52.426,SERVO_OUTPUT_RAW,2387609929,SERVO_OUTPUT_RAW,0,0,0,0,0,0,0,0,1000,1000,1000,1000,0,0,0,0,0
2025-12-15 01:13:52.527,SERVO_OUTPUT_RAW,2387709813,SERVO_OUTPUT_RAW,0,0,0,0,0,0,0,0,1000,1000,1000,1000,0,0,0,0,0
2025-12-15 01:13:52.626,SERVO_OUTPUT_RAW,2387809786,SERVO_OUTPUT_RAW,0,0,0,0,0,0,0,0,1000,1000,1000,1000,0,0,0,0,0
2025-12-15 01:13:52.727,SERVO_OUTPUT_RAW,2387909812,SERVO_OUTPUT_RAW,0,0,0,0,0,0,0,0,1000,1000,1000,1000,0,0,0,0,0
2025-12-15 01:13:52.827,SERVO_OUTPUT_RAW,2388009783,SERVO_OUTPUT_RAW,0,0,0,0,0,0,0,0,1000,1000,1000,1000,0,0,0,0,0
2025-12-15 01:13:52.927,SERVO_OUTPUT_RAW,2388109783,SERVO_OUTPUT_RAW,0,0,0,0,0,0,0,0,1000,1000,1000,1000,0,0,0,0,0
2025-12-15 01:13:53.026,SERVO_OUTPUT_RAW,2388209780,SERVO_OUTPUT_RAW,0,0,0,0,0,0,0,0,1000,1000,1000,1000,0,0,0,0,0
2025-12-15 01:13:53.127,SERVO_OUTPUT_RAW,2388309835,SERVO_OUTPUT_RAW,0,0,0,0,0,0,0,0,1000,1000,1000,1000,0,0,0,0,0
2025-12-15 01:13:53.226,SERVO_OUTPUT_RAW,2388412142,SERVO_OUTPUT_RAW,0,0,0,0,0,0,0,0,1000,1000,1000,1000,0,0,0,0,0
2025-12-15 01:13:53.327,SERVO_OUTPUT_RAW,2388509841,SERVO_OUTPUT_RAW,0,0,0,0,0,0,0,0,1000,1000,1000,1000,0,0,0,0,0
2025-12-15 01:13:53.427,SERVO_OUTPUT_RAW,2388609811,SERVO_OUTPUT_RAW,0,0,0,0,0,0,0,0,1000,1000,1000,1000,0,0,0,0,0
2025-12-15 01:13:53.527,SERVO_OUTPUT_RAW,2388709816,SERVO_OUTPUT_RAW,0,0,0,0,0,0,0,0,1000,1000,1000,1000,0,0,0,0,0
2025-12-15 01:13:53.626,SERVO_OUTPUT_RAW,2388809852,SERVO_OUTPUT_RAW,0,0,0,0,0,0,0,0,1000,1000,1000,1000,0,0,0,0,0
2025-12-15 01:13:53.727,SERVO_OUTPUT_RAW,2388909862,SERVO_OUTPUT_RAW,0,0,0,0,0,0,0,0,1000,1000,1000,1000,0,0,0,0,0
2025-12-15 01:13:53.827,SERVO_OUTPUT_RAW,2389009785,SERVO_OUTPUT_RAW,0,0,0,0,0,0,0,0,1000,1000,1000,1000,0,0,0,0,0
2025-12-15 01:13:53.927,SERVO_OUTPUT_RAW,2389109792,SERVO_OUTPUT_RAW,0,0,0,0,0,0,0,0,1000,1000,1000,1000,0,0,0,0,0
2025-12-15 01:13:54.027,SERVO_OUTPUT_RAW,2389209812,SERVO_OUTPUT_RAW,0,0,0,0,0,0,0,0,1000,1000,1000,1000,0,0,0,0,0
2025-12-15 01:13:54.127,SERVO_OUTPUT_RAW,2389309820,SERVO_OUTPUT_RAW,0,0,0,0,0,0,0,0,1000,1000,1000,1000,0,0,0,0,0
2025-12-15 01:13:54.227,SERVO_OUTPUT_RAW,2389409781,SERVO_OUTPUT_RAW,0,0,0,0,0,0,0,0,1000,1000,1000,1000,0,0,0,0,0
2025-12-15 01:13:54.327,SERVO_OUTPUT_RAW,2389509782,SERVO_OUTPUT_RAW,0,0,0,0,0,0,0,0,1000,1000,1000,1000,0,0,0,0,0
2025-12-15 01:13:54.427,SERVO_OUTPUT_RAW,2389609788,SERVO_OUTPUT_RAW,0,0,0,0,0,0,0,0,1000,1000,1000,1000,0,0,0,0,0
2025-12-15 01:13:54.527,SERVO_OUTPUT_RAW,2389709802,SERVO_OUTPUT_RAW,0,0,0,0,0,0,0,0,1000,1000,1000,1000,0,0,0,0,0
2025-12-15 01:13:54.627,SERVO_OUTPUT_RAW,2389809798,SERVO_OUTPUT_RAW,0,0,0,0,0,0,0,0,1000,1000,1000,1000,0,0,0,0,0
2025-12-15 01:13:54.727,SERVO_OUTPUT_RAW,2389912161,SERVO_OUTPUT_RAW,0,0,0,0,0,0,0,0,1000,1000,1000,1000,0,0,0,0,0
2025-12-15 01:13:54.827,SERVO_OUTPUT_RAW,2390009841,SERVO_OUTPUT_RAW,0,0,0,0,0,0,0,0,1000,1000,1000,1000,0,0,0,0,0
2025-12-15 01:13:54.928,SERVO_OUTPUT_RAW,2390109839,SERVO_OUTPUT_RAW,0,0,0,0,0,0,0,0,1000,1000,1000,1000,0,0,0,0,0
2025-12-15 01:13:55.027,SERVO_OUTPUT_RAW,2390209807,SERVO_OUTPUT_RAW,0,0,0,0,0,0,0,0,1000,1000,1000,1000,0,0,0,0,0
2025-12-15 01:13:55.127,SERVO_OUTPUT_RAW,2390309844,SERVO_OUTPUT_RAW,0,0,0,0,0,0,0,0,1000,1000,1000,1000,0,0,0,0,0
2025-12-15 01:13:55.227,SERVO_OUTPUT_RAW,2390409854,SERVO_OUTPUT_RAW,0,0,0,0,0,0,0,0,1000,1000,1000,1000,0,0,0,0,0
2025-12-15 01:13:55.327,SERVO_OUTPUT_RAW,2390509846,SERVO_OUTPUT_RAW,0,0,0,0,0,0,0,0,1000,1000,1000,1000,0,0,0,0,0
2025-12-15 01:13:55.427,SERVO_OUTPUT_RAW,2390609804,SERVO_OUTPUT_RAW,0,0,0,0,0,0,0,0,1000,1000,1000,1000,0,0,0,0,0
2025-12-15 01:13:55.527,SERVO_OUTPUT_RAW,2390709807,SERVO_OUTPUT_RAW,0,0,0,0,0,0,0,0,1000,1000,1000,1000,0,0,0,0,0
2025-12-15 01:13:55.627,SERVO_OUTPUT_RAW,2390809840,SERVO_OUTPUT_RAW,0,0,0,0,0,0,0,0,1000,1000,1000,1000,0,0,0,0,0
2025-12-15 01:13:55.727,SERVO_OUTPUT_RAW,2390909784,SERVO_OUTPUT_RAW,0,0,0,0,0,0,0,0,1000,1000,1000,1000,0,0,0,0,0
2025-12-15 01:13:55.827,SERVO_OUTPUT_RAW,2391009796,SERVO_OUTPUT_RAW,0,0,0,0,0,0,0,0,1000,1000,1000,1000,0,0,0,0,0
2025-12-15 01:13:55.927,SERVO_OUTPUT_RAW,2391109790,SERVO_OUTPUT_RAW,0,0,0,0,0,0,0,0,1000,1000,1000,1000,0,0,0,0,0
2025-12-15 01:13:56.027,SERVO_OUTPUT_RAW,2391209791,SERVO_OUTPUT_RAW,0,0,0,0,0,0,0,0,1000,1000,1000,1000,0,0,0,0,0
2025-12-15 01:13:56.127,SERVO_OUTPUT_RAW,2391309797,SERVO_OUTPUT_RAW,0,0,0,0,0,0,0,0,1000,1000,1000,1000,0,0,0,0,0
2025-12-15 01:13:56.227,SERVO_OUTPUT_RAW,2391409802,SERVO_OUTPUT_RAW,0,0,0,0,0,0,0,0,1000,1000,1000,1000,0,0,0,0,0
2025-12-15 01:13:56.327,SERVO_OUTPUT_RAW,2391509838,SERVO_OUTPUT_RAW,0,0,0,0,0,0,0,0,1000,1000,1000,1000,0,0,0,0,0
2025-12-15 01:13:56.427,SERVO_OUTPUT_RAW,2391609855,SERVO_OUTPUT_RAW,0,0,0,0,0,0,0,0,1000,1000,1000,1000,0,0,0,0,0
2025-12-15 01:13:56.527,SERVO_OUTPUT_RAW,2391709803,SERVO_OUTPUT_RAW,0,0,0,0,0,0,0,0,1000,1000,1000,1000,0,0,0,0,0
2025-12-15 01:13:56.627,SERVO_OUTPUT_RAW,2391812164,SERVO_OUTPUT_RAW,0,0,0,0,0,0,0,0,1000,1000,1000,1000,0,0,0,0,0
2025-12-15 01:13:56.727,SERVO_OUTPUT_RAW,2391909825,SERVO_OUTPUT_RAW,0,0,0,0,0,0,0,0,1000,1000,1000,1000,0,0,0,0,0
2025-12-15 01:13:56.828,SERVO_OUTPUT_RAW,2392009843,SERVO_OUTPUT_RAW,0,0,0,0,0,0,0,0,1000,1000,1000,1000,0,0,0,0,0
2025-12-15 01:13:56.927,SERVO_OUTPUT_RAW,2392109852,SERVO_OUTPUT_RAW,0,0,0,0,0,0,0,0,1000,1000,1000,1000,0,0,0,0,0
2025-12-15 01:13:57.027,SERVO_OUTPUT_RAW,2392209772,SERVO_OUTPUT_RAW,0,0,0,0,0,0,0,0,1000,1000,1000,1000,0,0,0,0,0
2025-12-15 01:13:57.128,SERVO_OUTPUT_RAW,2392309819,SERVO_OUTPUT_RAW,0,0,0,0,0,0,0,0,1000,1000,1000,1000,0,0,0,0,0
2025-12-15 01:13:57.227,SERVO_OUTPUT_RAW,2392409823,SERVO_OUTPUT_RAW,0,0,0,0,0,0,0,0,1000,1000,1000,1000,0,0,0,0,0
2025-12-15 01:13:57.327,SERVO_OUTPUT_RAW,2392509770,SERVO_OUTPUT_RAW,0,0,0,0,0,0,0,0,1000,1000,1000,1000,0,0,0,0,0
2025-12-15 01:13:57.429,SERVO_OUTPUT_RAW,2392609784,SERVO_OUTPUT_RAW,0,0,0,0,0,0,0,0,1000,1000,1000,1000,0,0,0,0,0
2025-12-15 01:13:57.527,SERVO_OUTPUT_RAW,2392709796,SERVO_OUTPUT_RAW,0,0,0,0,0,0,0,0,1000,1000,1000,1000,0,0,0,0,0
2025-12-15 01:13:57.626,SERVO_OUTPUT_RAW,2392812112,SERVO_OUTPUT_RAW,0,0,0,0,0,0,0,0,1000,1000,1000,1000,0,0,0,0,0
2025-12-15 01:13:57.726,SERVO_OUTPUT_RAW,2392909796,SERVO_OUTPUT_RAW,0,0,0,0,0,0,0,0,1000,1000,1000,1000,0,0,0,0,0
2025-12-15 01:13:57.827,SERVO_OUTPUT_RAW,2393009801,SERVO_OUTPUT_RAW,0,0,0,0,0,0,0,0,1000,1000,1000,1000,0,0,0,0,0
2025-12-15 01:13:57.927,SERVO_OUTPUT_RAW,2393109859,SERVO_OUTPUT_RAW,0,0,0,0,0,0,0,0,1000,1000,1000,1000,0,0,0,0,0
2025-12-15 01:13:58.027,SERVO_OUTPUT_RAW,2393209840,SERVO_OUTPUT_RAW,0,0,0,0,0,0,0,0,1000,1000,1000,1000,0,0,0,0,0
2025-12-15 01:13:58.127,SERVO_OUTPUT_RAW,2393312107,SERVO_OUTPUT_RAW,0,0,0,0,0,0,0,0,1000,1000,1000,1000,0,0,0,0,0
2025-12-15 01:13:58.228,SERVO_OUTPUT_RAW,2393409807,SERVO_OUTPUT_RAW,0,0,0,0,0,0,0,0,1000,1000,1000,1000,0,0,0,0,0
2025-12-15 01:13:58.328,SERVO_OUTPUT_RAW,2393509826,SERVO_OUTPUT_RAW,0,0,0,0,0,0,0,0,1000,1000,1000,1000,0,0,0,0,0
2025-12-15 01:13:58.427,SERVO_OUTPUT_RAW,2393609839,SERVO_OUTPUT_RAW,0,0,0,0,0,0,0,0,1000,1000,1000,1000,0,0,0,0,0
2025-12-15 01:13:58.526,SERVO_OUTPUT_RAW,2393709790,SERVO_OUTPUT_RAW,0,0,0,0,0,0,0,0,1000,1000,1000,1000,0,0,0,0,0
2025-12-15 01:13:58.627,SERVO_OUTPUT_RAW,2393809799,SERVO_OUTPUT_RAW,0,0,0,0,0,0,0,0,1000,1000,1000,1000,0,0,0,0,0
2025-12-15 01:13:58.726,SERVO_OUTPUT_RAW,2393909863,SERVO_OUTPUT_RAW,0,0,0,0,0,0,0,0,1000,1000,1000,1000,0,0,0,0,0
2025-12-15 01:13:58.827,SERVO_OUTPUT_RAW,2394009796,SERVO_OUTPUT_RAW,0,0,0,0,0,0,0,0,1000,1000,1000,1000,0,0,0,0,0
2025-12-15 01:13:58.927,SERVO_OUTPUT_RAW,2394109805,SERVO_OUTPUT_RAW,0,0,0,0,0,0,0,0,1000,1000,1000,1000,0,0,0,0,0
2025-12-15 01:13:59.026,SERVO_OUTPUT_RAW,2394209796,SERVO_OUTPUT_RAW,0,0,0,0,0,0,0,0,1000,1000,1000,1000,0,0,0,0,0
2025-12-15 01:13:59.126,SERVO_OUTPUT_RAW,2394309794,SERVO_OUTPUT_RAW,0,0,0,0,0,0,0,0,1000,1000,1000,1000,0,0,0,0,0
2025-12-15 01:13:59.226,SERVO_OUTPUT_RAW,2394409778,SERVO_OUTPUT_RAW,0,0,0,0,0,0,0,0,1000,1000,1000,1000,0,0,0,0,0
2025-12-15 01:13:59.327,SERVO_OUTPUT_RAW,2394509794,SERVO_OUTPUT_RAW,0,0,0,0,0,0,0,0,1000,1000,1000,1000,0,0,0,0,0
2025-12-15 01:13:59.426,SERVO_OUTPUT_RAW,2394609819,SERVO_OUTPUT_RAW,0,0,0,0,0,0,0,0,1000,1000,1000,1000,0,0,0,0,0
2025-12-15 01:13:59.526,SERVO_OUTPUT_RAW,2394709837,SERVO_OUTPUT_RAW,0,0,0,0,0,0,0,0,1000,1000,1000,1000,0,0,0,0,0
2025-12-15 01:13:59.626,SERVO_OUTPUT_RAW,2394809855,SERVO_OUTPUT_RAW,0,0,0,0,0,0,0,0,1000,1000,1000,1000,0,0,0,0,0
2025-12-15 01:13:59.726,SERVO_OUTPUT_RAW,2394909784,SERVO_OUTPUT_RAW,0,0,0,0,0,0,0,0,1000,1000,1000,1000,0,0,0,0,0
2025-12-15 01:13:59.827,SERVO_OUTPUT_RAW,2395009812,SERVO_OUTPUT_RAW,0,0,0,0,0,0,0,0,1000,1000,1000,1000,0,0,0,0,0
2025-12-15 01:13:59.926,SERVO_OUTPUT_RAW,2395109870,SERVO_OUTPUT_RAW,0,0,0,0,0,0,0,0,1000,1000,1000,1000,0,0,0,0,0
2025-12-15 01:14:00.026,SERVO_OUTPUT_RAW,2395209844,SERVO_OUTPUT_RAW,0,0,0,0,0,0,0,0,1000,1000,1000,1000,0,0,0,0,0
2025-12-15 01:14:00.126,SERVO_OUTPUT_RAW,2395309795,SERVO_OUTPUT_RAW,0,0,0,0,0,0,0,0,1000,1000,1000,1000,0,0,0,0,0
2025-12-15 01:14:00.227,SERVO_OUTPUT_RAW,2395409804,SERVO_OUTPUT_RAW,0,0,0,0,0,0,0,0,1000,1000,1000,1000,0,0,0,0,0
2025-12-15 01:14:00.326,SERVO_OUTPUT_RAW,2395509805,SERVO_OUTPUT_RAW,0,0,0,0,0,0,0,0,1000,1000,1000,1000,0,0,0,0,0
2025-12-15 01:14:00.426,SERVO_OUTPUT_RAW,2395609788,SERVO_OUTPUT_RAW,0,0,0,0,0,0,0,0,1000,1000,1000,1000,0,0,0,0,0
2025-12-15 01:14:00.526,SERVO_OUTPUT_RAW,2395709788,SERVO_OUTPUT_RAW,0,0,0,0,0,0,0,0,1000,1000,1000,1000,0,0,0,0,0
2025-12-15 01:14:00.626,SERVO_OUTPUT_RAW,2395809792,SERVO_OUTPUT_RAW,0,0,0,0,0,0,0,0,1000,1000,1000,1000,0,0,0,0,0
2025-12-15 01:14:00.727,SERVO_OUTPUT_RAW,2395909790,SERVO_OUTPUT_RAW,0,0,0,0,0,0,0,0,1000,1000,1000,1000,0,0,0,0,0
2025-12-15 01:14:00.826,SERVO_OUTPUT_RAW,2396009811,SERVO_OUTPUT_RAW,0,0,0,0,0,0,0,0,1000,1000,1000,1000,0,0,0,0,0
2025-12-15 01:14:00.927,SERVO_OUTPUT_RAW,2396109801,SERVO_OUTPUT_RAW,0,0,0,0,0,0,0,0,1000,1000,1000,1000,0,0,0,0,0
2025-12-15 01:14:01.027,SERVO_OUTPUT_RAW,2396209830,SERVO_OUTPUT_RAW,0,0,0,0,0,0,0,0,1000,1000,1000,1000,0,0,0,0,0
2025-12-15 01:14:01.127,SERVO_OUTPUT_RAW,2396309809,SERVO_OUTPUT_RAW,0,0,0,0,0,0,0,0,1000,1000,1000,1000,0,0,0,0,0
2025-12-15 01:14:01.227,SERVO_OUTPUT_RAW,2396409815,SERVO_OUTPUT_RAW,0,0,0,0,0,0,0,0,1000,1000,1000,1000,0,0,0,0,0
2025-12-15 01:14:01.327,SERVO_OUTPUT_RAW,2396509801,SERVO_OUTPUT_RAW,0,0,0,0,0,0,0,0,1000,1000,1000,1000,0,0,0,0,0
2025-12-15 01:14:01.427,SERVO_OUTPUT_RAW,2396609828,SERVO_OUTPUT_RAW,0,0,0,0,0,0,0,0,1000,1000,1000,1000,0,0,0,0,0
2025-12-15 01:14:01.527,SERVO_OUTPUT_RAW,2396709837,SERVO_OUTPUT_RAW,0,0,0,0,0,0,0,0,1000,1000,1000,1000,0,0,0,0,0
2025-12-15 01:14:01.627,SERVO_OUTPUT_RAW,2396809780,SERVO_OUTPUT_RAW,0,0,0,0,0,0,0,0,1000,1000,1000,1000,0,0,0,0,0
2025-12-15 01:14:01.727,SERVO_OUTPUT_RAW,2396909795,SERVO_OUTPUT_RAW,0,0,0,0,0,0,0,0,1000,1000,1000,1000,0,0,0,0,0
2025-12-15 01:14:01.827,SERVO_OUTPUT_RAW,2397009846,SERVO_OUTPUT_RAW,0,0,0,0,0,0,0,0,1000,1000,1000,1000,0,0,0,0,0
2025-12-15 01:14:01.927,SERVO_OUTPUT_RAW,2397109813,SERVO_OUTPUT_RAW,0,0,0,0,0,0,0,0,1000,1000,1000,1000,0,0,0,0,0
2025-12-15 01:14:02.027,SERVO_OUTPUT_RAW,2397209786,SERVO_OUTPUT_RAW,0,0,0,0,0,0,0,0,1000,1000,1000,1000,0,0,0,0,0
2025-12-15 01:14:02.127,SERVO_OUTPUT_RAW,2397309803,SERVO_OUTPUT_RAW,0,0,0,0,0,0,0,0,1000,1000,1000,1000,0,0,0,0,0
2025-12-15 01:14:02.227,SERVO_OUTPUT_RAW,2397409795,SERVO_OUTPUT_RAW,0,0,0,0,0,0,0,0,1000,1000,1000,1000,0,0,0,0,0
2025-12-15 01:14:02.327,SERVO_OUTPUT_RAW,2397509793,SERVO_OUTPUT_RAW,0,0,0,0,0,0,0,0,1000,1000,1000,1000,0,0,0,0,0
2025-12-15 01:14:02.428,SERVO_OUTPUT_RAW,2397609802,SERVO_OUTPUT_RAW,0,0,0,0,0,0,0,0,1000,1000,1000,1000,0,0,0,0,0
2025-12-15 01:14:02.527,SERVO_OUTPUT_RAW,2397709840,SERVO_OUTPUT_RAW,0,0,0,0,0,0,0,0,1000,1000,1000,1000,0,0,0,0,0
2025-12-15 01:14:02.627,SERVO_OUTPUT_RAW,2397809861,SERVO_OUTPUT_RAW,0,0,0,0,0,0,0,0,1000,1000,1000,1000,0,0,0,0,0
2025-12-15 01:14:02.727,SERVO_OUTPUT_RAW,2397909841,SERVO_OUTPUT_RAW,0,0,0,0,0,0,0,0,1000,1000,1000,1000,0,0,0,0,0
2025-12-15 01:14:02.827,SERVO_OUTPUT_RAW,2398009794,SERVO_OUTPUT_RAW,0,0,0,0,0,0,0,0,1000,1000,1000,1000,0,0,0,0,0
2025-12-15 01:14:02.927,SERVO_OUTPUT_RAW,2398112076,SERVO_OUTPUT_RAW,0,0,0,0,0,0,0,0,1000,1000,1000,1000,0,0,0,0,0
2025-12-15 01:14:03.027,SERVO_OUTPUT_RAW,2398209824,SERVO_OUTPUT_RAW,0,0,0,0,0,0,0,0,1000,1000,1000,1000,0,0,0,0,0
2025-12-15 01:14:03.127,SERVO_OUTPUT_RAW,2398309848,SERVO_OUTPUT_RAW,0,0,0,0,0,0,0,0,1000,1000,1000,1000,0,0,0,0,0
2025-12-15 01:14:03.227,SERVO_OUTPUT_RAW,2398409790,SERVO_OUTPUT_RAW,0,0,0,0,0,0,0,0,1000,1000,1000,1000,0,0,0,0,0
2025-12-15 01:14:03.327,SERVO_OUTPUT_RAW,2398509806,SERVO_OUTPUT_RAW,0,0,0,0,0,0,0,0,1000,1000,1000,1000,0,0,0,0,0
2025-12-15 01:14:03.427,SERVO_OUTPUT_RAW,2398609831,SERVO_OUTPUT_RAW,0,0,0,0,0,0,0,0,1000,1000,1000,1000,0,0,0,0,0
2025-12-15 01:14:03.527,SERVO_OUTPUT_RAW,2398709836,SERVO_OUTPUT_RAW,0,0,0,0,0,0,0,0,1000,1000,1000,1000,0,0,0,0,0
2025-12-15 01:14:03.627,SERVO_OUTPUT_RAW,2398809868,SERVO_OUTPUT_RAW,0,0,0,0,0,0,0,0,1000,1000,1000,1000,0,0,0,0,0
2025-12-15 01:14:03.727,SERVO_OUTPUT_RAW,2398909804,SERVO_OUTPUT_RAW,0,0,0,0,0,0,0,0,1000,1000,1000,1000,0,0,0,0,0
2025-12-15 01:14:03.827,SERVO_OUTPUT_RAW,2399009794,SERVO_OUTPUT_RAW,0,0,0,0,0,0,0,0,1000,1000,1000,1000,0,0,0,0,0
2025-12-15 01:14:03.927,SERVO_OUTPUT_RAW,2399109786,SERVO_OUTPUT_RAW,0,0,0,0,0,0,0,0,1000,1000,1000,1000,0,0,0,0,0
2025-12-15 01:14:04.027,SERVO_OUTPUT_RAW,2399209806,SERVO_OUTPUT_RAW,0,0,0,0,0,0,0,0,1000,1000,1000,1000,0,0,0,0,0
2025-12-15 01:14:04.127,SERVO_OUTPUT_RAW,2399309831,SERVO_OUTPUT_RAW,0,0,0,0,0,0,0,0,1000,1000,1000,1000,0,0,0,0,0
2025-12-15 01:14:04.228,SERVO_OUTPUT_RAW,2399409782,SERVO_OUTPUT_RAW,0,0,0,0,0,0,0,0,1000,1000,1000,1000,0,0,0,0,0
2025-12-15 01:14:04.328,SERVO_OUTPUT_RAW,2399509793,SERVO_OUTPUT_RAW,0,0,0,0,0,0,0,0,1000,1000,1000,1000,0,0,0,0,0
2025-12-15 01:14:04.428,SERVO_OUTPUT_RAW,2399609829,SERVO_OUTPUT_RAW,0,0,0,0,0,0,0,0,1000,1000,1000,1000,0,0,0,0,0
2025-12-15 01:14:04.527,SERVO_OUTPUT_RAW,2399709826,SERVO_OUTPUT_RAW,0,0,0,0,0,0,0,0,1000,1000,1000,1000,0,0,0,0,0
2025-12-15 01:14:04.627,SERVO_OUTPUT_RAW,2399809846,SERVO_OUTPUT_RAW,0,0,0,0,0,0,0,0,1000,1000,1000,1000,0,0,0,0,0
2025-12-15 01:14:04.727,SERVO_OUTPUT_RAW,2399909872,SERVO_OUTPUT_RAW,0,0,0,0,0,0,0,0,1000,1000,1000,1000,0,0,0,0,0
2025-12-15 01:14:04.827,SERVO_OUTPUT_RAW,2400009792,SERVO_OUTPUT_RAW,0,0,0,0,0,0,0,0,1000,1000,1000,1000,0,0,0,0,0
2025-12-15 01:14:04.928,SERVO_OUTPUT_RAW,2400109817,SERVO_OUTPUT_RAW,0,0,0,0,0,0,0,0,1000,1000,1000,1000,0,0,0,0,0
2025-12-15 01:14:05.027,SERVO_OUTPUT_RAW,2400209881,SERVO_OUTPUT_RAW,0,0,0,0,0,0,0,0,1000,1000,1000,1000,0,0,0,0,0
2025-12-15 01:14:05.127,SERVO_OUTPUT_RAW,2400309787,SERVO_OUTPUT_RAW,0,0,0,0,0,0,0,0,1000,1000,1000,1000,0,0,0,0,0
2025-12-15 01:14:05.227,SERVO_OUTPUT_RAW,2400409783,SERVO_OUTPUT_RAW,0,0,0,0,0,0,0,0,1000,1000,1000,1000,0,0,0,0,0
2025-12-15 01:14:05.327,SERVO_OUTPUT_RAW,2400509799,SERVO_OUTPUT_RAW,0,0,0,0,0,0,0,0,1000,1000,1000,1000,0,0,0,0,0
2025-12-15 01:14:05.427,SERVO_OUTPUT_RAW,2400609782,SERVO_OUTPUT_RAW,0,0,0,0,0,0,0,0,1000,1000,1000,1000,0,0,0,0,0
2025-12-15 01:14:05.527,SERVO_OUTPUT_RAW,2400709797,SERVO_OUTPUT_RAW,0,0,0,0,0,0,0,0,1000,1000,1000,1000,0,0,0,0,0
2025-12-15 01:14:05.627,SERVO_OUTPUT_RAW,2400809803,SERVO_OUTPUT_RAW,0,0,0,0,0,0,0,0,1000,1000,1000,1000,0,0,0,0,0
2025-12-15 01:14:05.727,SERVO_OUTPUT_RAW,2400909830,SERVO_OUTPUT_RAW,0,0,0,0,0,0,0,0,1000,1000,1000,1000,0,0,0,0,0
2025-12-15 01:14:05.827,SERVO_OUTPUT_RAW,2401009831,SERVO_OUTPUT_RAW,0,0,0,0,0,0,0,0,1000,1000,1000,1000,0,0,0,0,0
2025-12-15 01:14:05.927,SERVO_OUTPUT_RAW,2401109788,SERVO_OUTPUT_RAW,0,0,0,0,0,0,0,0,1000,1000,1000,1000,0,0,0,0,0
2025-12-15 01:14:06.027,SERVO_OUTPUT_RAW,2401209838,SERVO_OUTPUT_RAW,0,0,0,0,0,0,0,0,1000,1000,1000,1000,0,0,0,0,0
2025-12-15 01:14:06.127,SERVO_OUTPUT_RAW,2401309842,SERVO_OUTPUT_RAW,0,0,0,0,0,0,0,0,1000,1000,1000,1000,0,0,0,0,0
2025-12-15 01:14:06.227,SERVO_OUTPUT_RAW,2401409855,SERVO_OUTPUT_RAW,0,0,0,0,0,0,0,0,1000,1000,1000,1000,0,0,0,0,0
2025-12-15 01:14:06.327,SERVO_OUTPUT_RAW,2401509852,SERVO_OUTPUT_RAW,0,0,0,0,0,0,0,0,1000,1000,1000,1000,0,0,0,0,0
2025-12-15 01:14:06.427,SERVO_OUTPUT_RAW,2401609791,SERVO_OUTPUT_RAW,0,0,0,0,0,0,0,0,1000,1000,1000,1000,0,0,0,0,0
2025-12-15 01:14:06.528,SERVO_OUTPUT_RAW,2401709837,SERVO_OUTPUT_RAW,0,0,0,0,0,0,0,0,1000,1000,1000,1000,0,0,0,0,0
2025-12-15 01:14:06.627,SERVO_OUTPUT_RAW,2401809842,SERVO_OUTPUT_RAW,0,0,0,0,0,0,0,0,1000,1000,1000,1000,0,0,0,0,0
2025-12-15 01:14:06.727,SERVO_OUTPUT_RAW,2401909783,SERVO_OUTPUT_RAW,0,0,0,0,0,0,0,0,1000,1000,1000,1000,0,0,0,0,0
2025-12-15 01:14:06.827,SERVO_OUTPUT_RAW,2402009788,SERVO_OUTPUT_RAW,0,0,0,0,0,0,0,0,1000,1000,1000,1000,0,0,0,0,0
2025-12-15 01:14:06.927,SERVO_OUTPUT_RAW,2402109798,SERVO_OUTPUT_RAW,0,0,0,0,0,0,0,0,1000,1000,1000,1000,0,0,0,0,0
2025-12-15 01:14:07.027,SERVO_OUTPUT_RAW,2402209798,SERVO_OUTPUT_RAW,0,0,0,0,0,0,0,0,1000,1000,1000,1000,0,0,0,0,0
2025-12-15 01:14:07.127,SERVO_OUTPUT_RAW,2402309788,SERVO_OUTPUT_RAW,0,0,0,0,0,0,0,0,1000,1000,1000,1000,0,0,0,0,0
2025-12-15 01:14:07.227,SERVO_OUTPUT_RAW,2402409829,SERVO_OUTPUT_RAW,0,0,0,0,0,0,0,0,1000,1000,1000,1000,0,0,0,0,0
2025-12-15 01:14:07.328,SERVO_OUTPUT_RAW,2402509774,SERVO_OUTPUT_RAW,0,0,0,0,0,0,0,0,1000,1000,1000,1000,0,0,0,0,0
2025-12-15 01:14:07.427,SERVO_OUTPUT_RAW,2402609797,SERVO_OUTPUT_RAW,0,0,0,0,0,0,0,0,1000,1000,1000,1000,0,0,0,0,0
2025-12-15 01:14:07.528,SERVO_OUTPUT_RAW,2402709818,SERVO_OUTPUT_RAW,0,0,0,0,0,0,0,0,1000,1000,1000,1000,0,0,0,0,0
2025-12-15 01:14:07.627,SERVO_OUTPUT_RAW,2402809840,SERVO_OUTPUT_RAW,0,0,0,0,0,0,0,0,1000,1000,1000,1000,0,0,0,0,0
2025-12-15 01:14:07.727,SERVO_OUTPUT_RAW,2402909844,SERVO_OUTPUT_RAW,0,0,0,0,0,0,0,0,1000,1000,1000,1000,0,0,0,0,0
2025-12-15 01:14:07.828,SERVO_OUTPUT_RAW,2403009846,SERVO_OUTPUT_RAW,0,0,0,0,0,0,0,0,1000,1000,1000,1000,0,0,0,0,0
2025-12-15 01:14:07.928,SERVO_OUTPUT_RAW,2403109791,SERVO_OUTPUT_RAW,0,0,0,0,0,0,0,0,1000,1000,1000,1000,0,0,0,0,0
2025-12-15 01:14:08.027,SERVO_OUTPUT_RAW,2403209836,SERVO_OUTPUT_RAW,0,0,0,0,0,0,0,0,1000,1000,1000,1000,0,0,0,0,0
2025-12-15 01:14:08.127,SERVO_OUTPUT_RAW,2403309814,SERVO_OUTPUT_RAW,0,0,0,0,0,0,0,0,1000,1000,1000,1000,0,0,0,0,0
2025-12-15 01:14:08.227,SERVO_OUTPUT_RAW,2403409788,SERVO_OUTPUT_RAW,0,0,0,0,0,0,0,0,1000,1000,1000,1000,0,0,0,0,0
2025-12-15 01:14:08.326,SERVO_OUTPUT_RAW,2403509786,SERVO_OUTPUT_RAW,0,0,0,0,0,0,0,0,1000,1000,1000,1000,0,0,0,0,0
2025-12-15 01:14:08.427,SERVO_OUTPUT_RAW,2403609786,SERVO_OUTPUT_RAW,0,0,0,0,0,0,0,0,1000,1000,1000,1000,0,0,0,0,0
2025-12-15 01:14:08.527,SERVO_OUTPUT_RAW,2403709803,SERVO_OUTPUT_RAW,0,0,0,0,0,0,0,0,1000,1000,1000,1000,0,0,0,0,0
2025-12-15 01:14:08.627,SERVO_OUTPUT_RAW,2403809794,SERVO_OUTPUT_RAW,0,0,0,0,0,0,0,0,1000,1000,1000,1000,0,0,0,0,0
2025-12-15 01:14:08.727,SERVO_OUTPUT_RAW,2403909804,SERVO_OUTPUT_RAW,0,0,0,0,0,0,0,0,1000,1000,1000,1000,0,0,0,0,0
2025-12-15 01:14:08.827,SERVO_OUTPUT_RAW,2404009817,SERVO_OUTPUT_RAW,0,0,0,0,0,0,0,0,1000,1000,1000,1000,0,0,0,0,0
2025-12-15 01:14:08.927,SERVO_OUTPUT_RAW,2404109849,SERVO_OUTPUT_RAW,0,0,0,0,0,0,0,0,1000,1000,1000,1000,0,0,0,0,0
2025-12-15 01:14:09.027,SERVO_OUTPUT_RAW,2404209854,SERVO_OUTPUT_RAW,0,0,0,0,0,0,0,0,1000,1000,1000,1000,0,0,0,0,0
2025-12-15 01:14:09.127,SERVO_OUTPUT_RAW,2404309798,SERVO_OUTPUT_RAW,0,0,0,0,0,0,0,0,1000,1000,1000,1000,0,0,0,0,0
2025-12-15 01:14:09.227,SERVO_OUTPUT_RAW,2404412080,SERVO_OUTPUT_RAW,0,0,0,0,0,0,0,0,1000,1000,1000,1000,0,0,0,0,0
2025-12-15 01:14:09.327,SERVO_OUTPUT_RAW,2404509845,SERVO_OUTPUT_RAW,0,0,0,0,0,0,0,0,1000,1000,1000,1000,0,0,0,0,0
2025-12-15 01:14:09.427,SERVO_OUTPUT_RAW,2404609776,SERVO_OUTPUT_RAW,0,0,0,0,0,0,0,0,1000,1000,1000,1000,0,0,0,0,0
2025-12-15 01:14:09.527,SERVO_OUTPUT_RAW,2404709804,SERVO_OUTPUT_RAW,0,0,0,0,0,0,0,0,1000,1000,1000,1000,0,0,0,0,0
2025-12-15 01:14:09.627,SERVO_OUTPUT_RAW,2404809817,SERVO_OUTPUT_RAW,0,0,0,0,0,0,0,0,1000,1000,1000,1000,0,0,0,0,0
2025-12-15 01:14:09.727,SERVO_OUTPUT_RAW,2404909808,SERVO_OUTPUT_RAW,0,0,0,0,0,0,0,0,1000,1000,1000,1000,0,0,0,0,0
2025-12-15 01:14:09.827,SERVO_OUTPUT_RAW,2405009799,SERVO_OUTPUT_RAW,0,0,0,0,0,0,0,0,1000,1000,1000,1000,0,0,0,0,0
2025-12-15 01:14:09.932,SERVO_OUTPUT_RAW,2405109788,SERVO_OUTPUT_RAW,0,0,0,0,0,0,0,0,1000,1000,1000,1000,0,0,0,0,0
2025-12-15 01:14:10.027,SERVO_OUTPUT_RAW,2405209803,SERVO_OUTPUT_RAW,0,0,0,0,0,0,0,0,1000,1000,1000,1000,0,0,0,0,0
2025-12-15 01:14:10.127,SERVO_OUTPUT_RAW,2405309784,SERVO_OUTPUT_RAW,0,0,0,0,0,0,0,0,1000,1000,1000,1000,0,0,0,0,0
2025-12-15 01:14:10.227,SERVO_OUTPUT_RAW,2405412112,SERVO_OUTPUT_RAW,0,0,0,0,0,0,0,0,1000,1000,1000,1000,0,0,0,0,0
2025-12-15 01:14:10.327,SERVO_OUTPUT_RAW,2405509826,SERVO_OUTPUT_RAW,0,0,0,0,0,0,0,0,1000,1000,1000,1000,0,0,0,0,0
2025-12-15 01:14:10.427,SERVO_OUTPUT_RAW,2405609838,SERVO_OUTPUT_RAW,0,0,0,0,0,0,0,0,1000,1000,1000,1000,0,0,0,0,0
2025-12-15 01:14:10.527,SERVO_OUTPUT_RAW,2405709866,SERVO_OUTPUT_RAW,0,0,0,0,0,0,0,0,1000,1000,1000,1000,0,0,0,0,0
2025-12-15 01:14:10.627,SERVO_OUTPUT_RAW,2405809805,SERVO_OUTPUT_RAW,0,0,0,0,0,0,0,0,1000,1000,1000,1000,0,0,0,0,0
2025-12-15 01:14:10.727,SERVO_OUTPUT_RAW,2405909839,SERVO_OUTPUT_RAW,0,0,0,0,0,0,0,0,1000,1000,1000,1000,0,0,0,0,0
2025-12-15 01:14:10.827,SERVO_OUTPUT_RAW,2406009823,SERVO_OUTPUT_RAW,0,0,0,0,0,0,0,0,1000,1000,1000,1000,0,0,0,0,0
2025-12-15 01:14:10.927,SERVO_OUTPUT_RAW,2406109835,SERVO_OUTPUT_RAW,0,0,0,0,0,0,0,0,1000,1000,1000,1000,0,0,0,0,0
2025-12-15 01:14:11.027,SERVO_OUTPUT_RAW,2406209794,SERVO_OUTPUT_RAW,0,0,0,0,0,0,0,0,1000,1000,1000,1000,0,0,0,0,0
2025-12-15 01:14:11.127,SERVO_OUTPUT_RAW,2406309805,SERVO_OUTPUT_RAW,0,0,0,0,0,0,0,0,1000,1000,1000,1000,0,0,0,0,0
2025-12-15 01:14:11.227,SERVO_OUTPUT_RAW,2406409820,SERVO_OUTPUT_RAW,0,0,0,0,0,0,0,0,1000,1000,1000,1000,0,0,0,0,0
2025-12-15 01:14:11.327,SERVO_OUTPUT_RAW,2406509876,SERVO_OUTPUT_RAW,0,0,0,0,0,0,0,0,1000,1000,1000,1000,0,0,0,0,0
2025-12-15 01:14:11.427,SERVO_OUTPUT_RAW,2406609784,SERVO_OUTPUT_RAW,0,0,0,0,0,0,0,0,1000,1000,1000,1000,0,0,0,0,0
2025-12-15 01:14:11.527,SERVO_OUTPUT_RAW,2406709808,SERVO_OUTPUT_RAW,0,0,0,0,0,0,0,0,1000,1000,1000,1000,0,0,0,0,0
2025-12-15 01:14:11.627,SERVO_OUTPUT_RAW,2406809811,SERVO_OUTPUT_RAW,0,0,0,0,0,0,0,0,1000,1000,1000,1000,0,0,0,0,0
2025-12-15 01:14:11.727,SERVO_OUTPUT_RAW,2406909782,SERVO_OUTPUT_RAW,0,0,0,0,0,0,0,0,1000,1000,1000,1000,0,0,0,0,0
2025-12-15 01:14:11.827,SERVO_OUTPUT_RAW,2407009802,SERVO_OUTPUT_RAW,0,0,0,0,0,0,0,0,1000,1000,1000,1000,0,0,0,0,0
2025-12-15 01:14:11.927,SERVO_OUTPUT_RAW,2407109805,SERVO_OUTPUT_RAW,0,0,0,0,0,0,0,0,1000,1000,1000,1000,0,0,0,0,0
2025-12-15 01:14:12.027,SERVO_OUTPUT_RAW,2407209843,SERVO_OUTPUT_RAW,0,0,0,0,0,0,0,0,1000,1000,1000,1000,0,0,0,0,0
2025-12-15 01:14:12.127,SERVO_OUTPUT_RAW,2407309851,SERVO_OUTPUT_RAW,0,0,0,0,0,0,0,0,1000,1000,1000,1000,0,0,0,0,0
2025-12-15 01:14:12.227,SERVO_OUTPUT_RAW,2407409783,SERVO_OUTPUT_RAW,0,0,0,0,0,0,0,0,1000,1000,1000,1000,0,0,0,0,0
2025-12-15 01:14:12.327,SERVO_OUTPUT_RAW,2407509825,SERVO_OUTPUT_RAW,0,0,0,0,0,0,0,0,1000,1000,1000,1000,0,0,0,0,0
2025-12-15 01:14:12.428,SERVO_OUTPUT_RAW,2407609850,SERVO_OUTPUT_RAW,0,0,0,0,0,0,0,0,1000,1000,1000,1000,0,0,0,0,0
2025-12-15 01:14:12.527,SERVO_OUTPUT_RAW,2407709910,SERVO_OUTPUT_RAW,0,0,0,0,0,0,0,0,1000,1000,1000,1000,0,0,0,0,0
2025-12-15 01:14:12.627,SERVO_OUTPUT_RAW,2407809790,SERVO_OUTPUT_RAW,0,0,0,0,0,0,0,0,1000,1000,1000,1000,0,0,0,0,0
2025-12-15 01:14:12.728,SERVO_OUTPUT_RAW,2407909819,SERVO_OUTPUT_RAW,0,0,0,0,0,0,0,0,1000,1000,1000,1000,0,0,0,0,0
2025-12-15 01:14:12.827,SERVO_OUTPUT_RAW,2408009820,SERVO_OUTPUT_RAW,0,0,0,0,0,0,0,0,1000,1000,1000,1000,0,0,0,0,0
2025-12-15 01:14:12.928,SERVO_OUTPUT_RAW,2408109772,SERVO_OUTPUT_RAW,0,0,0,0,0,0,0,0,1000,1000,1000,1000,0,0,0,0,0
2025-12-15 01:14:13.028,SERVO_OUTPUT_RAW,2408209789,SERVO_OUTPUT_RAW,0,0,0,0,0,0,0,0,1000,1000,1000,1000,0,0,0,0,0
2025-12-15 01:14:13.128,SERVO_OUTPUT_RAW,2408309806,SERVO_OUTPUT_RAW,0,0,0,0,0,0,0,0,1000,1000,1000,1000,0,0,0,0,0
2025-12-15 01:14:13.228,SERVO_OUTPUT_RAW,2408409778,SERVO_OUTPUT_RAW,0,0,0,0,0,0,0,0,1000,1000,1000,1000,0,0,0,0,0
2025-12-15 01:14:13.327,SERVO_OUTPUT_RAW,2408509778,SERVO_OUTPUT_RAW,0,0,0,0,0,0,0,0,1000,1000,1000,1000,0,0,0,0,0
2025-12-15 01:14:13.428,SERVO_OUTPUT_RAW,2408609852,SERVO_OUTPUT_RAW,0,0,0,0,0,0,0,0,1000,1000,1000,1000,0,0,0,0,0
2025-12-15 01:14:13.528,SERVO_OUTPUT_RAW,2408709782,SERVO_OUTPUT_RAW,0,0,0,0,0,0,0,0,1000,1000,1000,1000,0,0,0,0,0
2025-12-15 01:14:13.627,SERVO_OUTPUT_RAW,2408809839,SERVO_OUTPUT_RAW,0,0,0,0,0,0,0,0,1000,1000,1000,1000,0,0,0,0,0
2025-12-15 01:14:13.727,SERVO_OUTPUT_RAW,2408909812,SERVO_OUTPUT_RAW,0,0,0,0,0,0,0,0,1000,1000,1000,1000,0,0,0,0,0
2025-12-15 01:14:13.827,SERVO_OUTPUT_RAW,2409009803,SERVO_OUTPUT_RAW,0,0,0,0,0,0,0,0,1000,1000,1000,1000,0,0,0,0,0
2025-12-15 01:14:13.928,SERVO_OUTPUT_RAW,2409109826,SERVO_OUTPUT_RAW,0,0,0,0,0,0,0,0,1000,1000,1000,1000,0,0,0,0,0
2025-12-15 01:14:14.028,SERVO_OUTPUT_RAW,2409209855,SERVO_OUTPUT_RAW,0,0,0,0,0,0,0,0,1000,1000,1000,1000,0,0,0,0,0
2025-12-15 01:14:14.128,SERVO_OUTPUT_RAW,2409309788,SERVO_OUTPUT_RAW,0,0,0,0,0,0,0,0,1000,1000,1000,1000,0,0,0,0,0
2025-12-15 01:14:14.228,SERVO_OUTPUT_RAW,2409409798,SERVO_OUTPUT_RAW,0,0,0,0,0,0,0,0,1000,1000,1000,1000,0,0,0,0,0
2025-12-15 01:14:14.327,SERVO_OUTPUT_RAW,2409509818,SERVO_OUTPUT_RAW,0,0,0,0,0,0,0,0,1000,1000,1000,1000,0,0,0,0,0
2025-12-15 01:14:14.427,SERVO_OUTPUT_RAW,2409609818,SERVO_OUTPUT_RAW,0,0,0,0,0,0,0,0,1000,1000,1000,1000,0,0,0,0,0
2025-12-15 01:14:14.528,SERVO_OUTPUT_RAW,2409709783,SERVO_OUTPUT_RAW,0,0,0,0,0,0,0,0,1000,1000,1000,1000,0,0,0,0,0
2025-12-15 01:14:14.628,SERVO_OUTPUT_RAW,2409809779,SERVO_OUTPUT_RAW,0,0,0,0,0,0,0,0,1000,1000,1000,1000,0,0,0,0,0
2025-12-15 01:14:14.727,SERVO_OUTPUT_RAW,2409909789,SERVO_OUTPUT_RAW,0,0,0,0,0,0,0,0,1000,1000,1000,1000,0,0,0,0,0
2025-12-15 01:14:14.827,SERVO_OUTPUT_RAW,2410009792,SERVO_OUTPUT_RAW,0,0,0,0,0,0,0,0,1000,1000,1000,1000,0,0,0,0,0
2025-12-15 01:14:14.928,SERVO_OUTPUT_RAW,2410109788,SERVO_OUTPUT_RAW,0,0,0,0,0,0,0,0,1000,1000,1000,1000,0,0,0,0,0
2025-12-15 01:14:15.028,SERVO_OUTPUT_RAW,2410212154,SERVO_OUTPUT_RAW,0,0,0,0,0,0,0,0,1000,1000,1000,1000,0,0,0,0,0
2025-12-15 01:14:15.128,SERVO_OUTPUT_RAW,2410309846,SERVO_OUTPUT_RAW,0,0,0,0,0,0,0,0,1000,1000,1000,1000,0,0,0,0,0
2025-12-15 01:14:15.228,SERVO_OUTPUT_RAW,2410409903,SERVO_OUTPUT_RAW,0,0,0,0,0,0,0,0,1000,1000,1000,1000,0,0,0,0,0
2025-12-15 01:14:15.327,SERVO_OUTPUT_RAW,2410509799,SERVO_OUTPUT_RAW,0,0,0,0,0,0,0,0,1000,1000,1000,1000,0,0,0,0,0
2025-12-15 01:14:15.427,SERVO_OUTPUT_RAW,2410609826,SERVO_OUTPUT_RAW,0,0,0,0,0,0,0,0,1000,1000,1000,1000,0,0,0,0,0
2025-12-15 01:14:15.528,SERVO_OUTPUT_RAW,2410709970,SERVO_OUTPUT_RAW,0,0,0,0,0,0,0,0,1000,1000,1000,1000,0,0,0,0,0
2025-12-15 01:14:15.628,SERVO_OUTPUT_RAW,2410809841,SERVO_OUTPUT_RAW,0,0,0,0,0,0,0,0,1000,1000,1000,1000,0,0,0,0,0
2025-12-15 01:14:15.728,SERVO_OUTPUT_RAW,2410909790,SERVO_OUTPUT_RAW,0,0,0,0,0,0,0,0,1000,1000,1000,1000,0,0,0,0,0
2025-12-15 01:14:15.828,SERVO_OUTPUT_RAW,2411009825,SERVO_OUTPUT_RAW,0,0,0,0,0,0,0,0,1000,1000,1000,1000,0,0,0,0,0
2025-12-15 01:14:15.928,SERVO_OUTPUT_RAW,2411109825,SERVO_OUTPUT_RAW,0,0,0,0,0,0,0,0,1000,1000,1000,1000,0,0,0,0,0
2025-12-15 01:14:16.028,SERVO_OUTPUT_RAW,2411209792,SERVO_OUTPUT_RAW,0,0,0,0,0,0,0,0,1000,1000,1000,1000,0,0,0,0,0
2025-12-15 01:14:16.128,SERVO_OUTPUT_RAW,2411309798,SERVO_OUTPUT_RAW,0,0,0,0,0,0,0,0,1000,1000,1000,1000,0,0,0,0,0
2025-12-15 01:14:16.228,SERVO_OUTPUT_RAW,2411409779,SERVO_OUTPUT_RAW,0,0,0,0,0,0,0,0,1000,1000,1000,1000,0,0,0,0,0
2025-12-15 01:14:16.328,SERVO_OUTPUT_RAW,2411509782,SERVO_OUTPUT_RAW,0,0,0,0,0,0,0,0,1000,1000,1000,1000,0,0,0,0,0
2025-12-15 01:14:16.428,SERVO_OUTPUT_RAW,2411609782,SERVO_OUTPUT_RAW,0,0,0,0,0,0,0,0,1000,1000,1000,1000,0,0,0,0,0
2025-12-15 01:14:16.528,SERVO_OUTPUT_RAW,2411709798,SERVO_OUTPUT_RAW,0,0,0,0,0,0,0,0,1000,1000,1000,1000,0,0,0,0,0
2025-12-15 01:14:16.628,SERVO_OUTPUT_RAW,2411809829,SERVO_OUTPUT_RAW,0,0,0,0,0,0,0,0,1000,1000,1000,1000,0,0,0,0,0
2025-12-15 01:14:16.729,SERVO_OUTPUT_RAW,2411909846,SERVO_OUTPUT_RAW,0,0,0,0,0,0,0,0,1000,1000,1000,1000,0,0,0,0,0
2025-12-15 01:14:16.828,SERVO_OUTPUT_RAW,2412009799,SERVO_OUTPUT_RAW,0,0,0,0,0,0,0,0,1000,1000,1000,1000,0,0,0,0,0
2025-12-15 01:14:16.928,SERVO_OUTPUT_RAW,2412109801,SERVO_OUTPUT_RAW,0,0,0,0,0,0,0,0,1000,1000,1000,1000,0,0,0,0,0
2025-12-15 01:14:17.028,SERVO_OUTPUT_RAW,2412209843,SERVO_OUTPUT_RAW,0,0,0,0,0,0,0,0,1000,1000,1000,1000,0,0,0,0,0
2025-12-15 01:14:17.128,SERVO_OUTPUT_RAW,2412309847,SERVO_OUTPUT_RAW,0,0,0,0,0,0,0,0,1000,1000,1000,1000,0,0,0,0,0
2025-12-15 01:14:17.228,SERVO_OUTPUT_RAW,2412409784,SERVO_OUTPUT_RAW,0,0,0,0,0,0,0,0,1000,1000,1000,1000,0,0,0,0,0
2025-12-15 01:14:17.328,SERVO_OUTPUT_RAW,2412509792,SERVO_OUTPUT_RAW,0,0,0,0,0,0,0,0,1000,1000,1000,1000,0,0,0,0,0
2025-12-15 01:14:17.428,SERVO_OUTPUT_RAW,2412609823,SERVO_OUTPUT_RAW,0,0,0,0,0,0,0,0,1000,1000,1000,1000,0,0,0,0,0
2025-12-15 01:14:17.528,SERVO_OUTPUT_RAW,2412709805,SERVO_OUTPUT_RAW,0,0,0,0,0,0,0,0,1000,1000,1000,1000,0,0,0,0,0
2025-12-15 01:14:17.628,SERVO_OUTPUT_RAW,2412809864,SERVO_OUTPUT_RAW,0,0,0,0,0,0,0,0,1000,1000,1000,1000,0,0,0,0,0
2025-12-15 01:14:17.728,SERVO_OUTPUT_RAW,2412909775,SERVO_OUTPUT_RAW,0,0,0,0,0,0,0,0,1000,1000,1000,1000,0,0,0,0,0
2025-12-15 01:14:17.828,SERVO_OUTPUT_RAW,2413009791,SERVO_OUTPUT_RAW,0,0,0,0,0,0,0,0,1000,1000,1000,1000,0,0,0,0,0
2025-12-15 01:14:17.927,SERVO_OUTPUT_RAW,2413109803,SERVO_OUTPUT_RAW,0,0,0,0,0,0,0,0,1000,1000,1000,1000,0,0,0,0,0
2025-12-15 01:14:18.027,SERVO_OUTPUT_RAW,2413209793,SERVO_OUTPUT_RAW,0,0,0,0,0,0,0,0,1000,1000,1000,1000,0,0,0,0,0
2025-12-15 01:14:18.127,SERVO_OUTPUT_RAW,2413309807,SERVO_OUTPUT_RAW,0,0,0,0,0,0,0,0,1000,1000,1000,1000,0,0,0,0,0
2025-12-15 01:14:18.228,SERVO_OUTPUT_RAW,2413409851,SERVO_OUTPUT_RAW,0,0,0,0,0,0,0,0,1000,1000,1000,1000,0,0,0,0,0
2025-12-15 01:14:18.327,SERVO_OUTPUT_RAW,2413509814,SERVO_OUTPUT_RAW,0,0,0,0,0,0,0,0,1000,1000,1000,1000,0,0,0,0,0
2025-12-15 01:14:18.427,SERVO_OUTPUT_RAW,2413609820,SERVO_OUTPUT_RAW,0,0,0,0,0,0,0,0,1000,1000,1000,1000,0,0,0,0,0
2025-12-15 01:14:18.527,SERVO_OUTPUT_RAW,2413709814,SERVO_OUTPUT_RAW,0,0,0,0,0,0,0,0,1000,1000,1000,1000,0,0,0,0,0
2025-12-15 01:14:18.627,SERVO_OUTPUT_RAW,2413809829,SERVO_OUTPUT_RAW,0,0,0,0,0,0,0,0,1000,1000,1000,1000,0,0,0,0,0
2025-12-15 01:14:18.727,SERVO_OUTPUT_RAW,2413909835,SERVO_OUTPUT_RAW,0,0,0,0,0,0,0,0,1000,1000,1000,1000,0,0,0,0,0
2025-12-15 01:14:18.827,SERVO_OUTPUT_RAW,2414009797,SERVO_OUTPUT_RAW,0,0,0,0,0,0,0,0,1000,1000,1000,1000,0,0,0,0,0
2025-12-15 01:14:18.928,SERVO_OUTPUT_RAW,2414109827,SERVO_OUTPUT_RAW,0,0,0,0,0,0,0,0,1000,1000,1000,1000,0,0,0,0,0
2025-12-15 01:14:19.027,SERVO_OUTPUT_RAW,2414209833,SERVO_OUTPUT_RAW,0,0,0,0,0,0,0,0,1000,1000,1000,1000,0,0,0,0,0
2025-12-15 01:14:19.127,SERVO_OUTPUT_RAW,2414309817,SERVO_OUTPUT_RAW,0,0,0,0,0,0,0,0,1000,1000,1000,1000,0,0,0,0,0
2025-12-15 01:14:19.227,SERVO_OUTPUT_RAW,2414409790,SERVO_OUTPUT_RAW,0,0,0,0,0,0,0,0,1000,1000,1000,1000,0,0,0,0,0
2025-12-15 01:14:19.327,SERVO_OUTPUT_RAW,2414509784,SERVO_OUTPUT_RAW,0,0,0,0,0,0,0,0,1000,1000,1000,1000,0,0,0,0,0
2025-12-15 01:14:19.427,SERVO_OUTPUT_RAW,2414609798,SERVO_OUTPUT_RAW,0,0,0,0,0,0,0,0,1000,1000,1000,1000,0,0,0,0,0
2025-12-15 01:14:19.528,SERVO_OUTPUT_RAW,2414709786,SERVO_OUTPUT_RAW,0,0,0,0,0,0,0,0,1000,1000,1000,1000,0,0,0,0,0
2025-12-15 01:14:19.627,SERVO_OUTPUT_RAW,2414809782,SERVO_OUTPUT_RAW,0,0,0,0,0,0,0,0,1000,1000,1000,1000,0,0,0,0,0
2025-12-15 01:14:19.727,SERVO_OUTPUT_RAW,2414909829,SERVO_OUTPUT_RAW,0,0,0,0,0,0,0,0,1000,1000,1000,1000,0,0,0,0,0
2025-12-15 01:14:19.828,SERVO_OUTPUT_RAW,2415009835,SERVO_OUTPUT_RAW,0,0,0,0,0,0,0,0,1000,1000,1000,1000,0,0,0,0,0
2025-12-15 01:14:19.928,SERVO_OUTPUT_RAW,2415109812,SERVO_OUTPUT_RAW,0,0,0,0,0,0,0,0,1000,1000,1000,1000,0,0,0,0,0
2025-12-15 01:14:20.027,SERVO_OUTPUT_RAW,2415209780,SERVO_OUTPUT_RAW,0,0,0,0,0,0,0,0,1000,1000,1000,1000,0,0,0,0,0
2025-12-15 01:14:20.128,SERVO_OUTPUT_RAW,2415309821,SERVO_OUTPUT_RAW,0,0,0,0,0,0,0,0,1000,1000,1000,1000,0,0,0,0,0
2025-12-15 01:14:20.228,SERVO_OUTPUT_RAW,2415409854,SERVO_OUTPUT_RAW,0,0,0,0,0,0,0,0,1000,1000,1000,1000,0,0,0,0,0
2025-12-15 01:14:20.327,SERVO_OUTPUT_RAW,2415509785,SERVO_OUTPUT_RAW,0,0,0,0,0,0,0,0,1000,1000,1000,1000,0,0,0,0,0
2025-12-15 01:14:20.428,SERVO_OUTPUT_RAW,2415609804,SERVO_OUTPUT_RAW,0,0,0,0,0,0,0,0,1000,1000,1000,1000,0,0,0,0,0
2025-12-15 01:14:20.528,SERVO_OUTPUT_RAW,2415709821,SERVO_OUTPUT_RAW,0,0,0,0,0,0,0,0,1000,1000,1000,1000,0,0,0,0,0
2025-12-15 01:14:20.627,SERVO_OUTPUT_RAW,2415809817,SERVO_OUTPUT_RAW,0,0,0,0,0,0,0,0,1000,1000,1000,1000,0,0,0,0,0
2025-12-15 01:14:20.727,SERVO_OUTPUT_RAW,2415909784,SERVO_OUTPUT_RAW,0,0,0,0,0,0,0,0,1000,1000,1000,1000,0,0,0,0,0
2025-12-15 01:14:20.827,SERVO_OUTPUT_RAW,2416009775,SERVO_OUTPUT_RAW,0,0,0,0,0,0,0,0,1000,1000,1000,1000,0,0,0,0,0
2025-12-15 01:14:20.927,SERVO_OUTPUT_RAW,2416109799,SERVO_OUTPUT_RAW,0,0,0,0,0,0,0,0,1000,1000,1000,1000,0,0,0,0,0
2025-12-15 01:14:21.027,SERVO_OUTPUT_RAW,2416209775,SERVO_OUTPUT_RAW,0,0,0,0,0,0,0,0,1000,1000,1000,1000,0,0,0,0,0
2025-12-15 01:14:21.127,SERVO_OUTPUT_RAW,2416309780,SERVO_OUTPUT_RAW,0,0,0,0,0,0,0,0,1000,1000,1000,1000,0,0,0,0,0
2025-12-15 01:14:21.227,SERVO_OUTPUT_RAW,2416409806,SERVO_OUTPUT_RAW,0,0,0,0,0,0,0,0,1000,1000,1000,1000,0,0,0,0,0
2025-12-15 01:14:21.327,SERVO_OUTPUT_RAW,2416509831,SERVO_OUTPUT_RAW,0,0,0,0,0,0,0,0,1000,1000,1000,1000,0,0,0,0,0
2025-12-15 01:14:21.427,SERVO_OUTPUT_RAW,2416609812,SERVO_OUTPUT_RAW,0,0,0,0,0,0,0,0,1000,1000,1000,1000,0,0,0,0,0
2025-12-15 01:14:21.527,SERVO_OUTPUT_RAW,2416712128,SERVO_OUTPUT_RAW,0,0,0,0,0,0,0,0,1000,1000,1000,1000,0,0,0,0,0
2025-12-15 01:14:21.627,SERVO_OUTPUT_RAW,2416809820,SERVO_OUTPUT_RAW,0,0,0,0,0,0,0,0,1000,1000,1000,1000,0,0,0,0,0
2025-12-15 01:14:21.727,SERVO_OUTPUT_RAW,2416909829,SERVO_OUTPUT_RAW,0,0,0,0,0,0,0,0,1000,1000,1000,1000,0,0,0,0,0
2025-12-15 01:14:21.828,SERVO_OUTPUT_RAW,2417012001,SERVO_OUTPUT_RAW,0,0,0,0,0,0,0,0,1000,1000,1000,1000,0,0,0,0,0
2025-12-15 01:14:21.928,SERVO_OUTPUT_RAW,2417109834,SERVO_OUTPUT_RAW,0,0,0,0,0,0,0,0,1000,1000,1000,1000,0,0,0,0,0
2025-12-15 01:14:22.027,SERVO_OUTPUT_RAW,2417209803,SERVO_OUTPUT_RAW,0,0,0,0,0,0,0,0,1000,1000,1000,1000,0,0,0,0,0
2025-12-15 01:14:22.128,SERVO_OUTPUT_RAW,2417309829,SERVO_OUTPUT_RAW,0,0,0,0,0,0,0,0,1000,1000,1000,1000,0,0,0,0,0
2025-12-15 01:14:22.228,SERVO_OUTPUT_RAW,2417409791,SERVO_OUTPUT_RAW,0,0,0,0,0,0,0,0,1000,1000,1000,1000,0,0,0,0,0
2025-12-15 01:14:22.328,SERVO_OUTPUT_RAW,2417509774,SERVO_OUTPUT_RAW,0,0,0,0,0,0,0,0,1000,1000,1000,1000,0,0,0,0,0
2025-12-15 01:14:22.428,SERVO_OUTPUT_RAW,2417609808,SERVO_OUTPUT_RAW,0,0,0,0,0,0,0,0,1000,1000,1000,1000,0,0,0,0,0
2025-12-15 01:14:22.528,SERVO_OUTPUT_RAW,2417709783,SERVO_OUTPUT_RAW,0,0,0,0,0,0,0,0,1000,1000,1000,1000,0,0,0,0,0
2025-12-15 01:14:22.627,SERVO_OUTPUT_RAW,2417809793,SERVO_OUTPUT_RAW,0,0,0,0,0,0,0,0,1000,1000,1000,1000,0,0,0,0,0
2025-12-15 01:14:22.728,SERVO_OUTPUT_RAW,2417909784,SERVO_OUTPUT_RAW,0,0,0,0,0,0,0,0,1000,1000,1000,1000,0,0,0,0,0
2025-12-15 01:14:22.828,SERVO_OUTPUT_RAW,2418009821,SERVO_OUTPUT_RAW,0,0,0,0,0,0,0,0,1000,1000,1000,1000,0,0,0,0,0
2025-12-15 01:14:22.927,SERVO_OUTPUT_RAW,2418109837,SERVO_OUTPUT_RAW,0,0,0,0,0,0,0,0,1000,1000,1000,1000,0,0,0,0,0
2025-12-15 01:14:23.028,SERVO_OUTPUT_RAW,2418209803,SERVO_OUTPUT_RAW,0,0,0,0,0,0,0,0,1000,1000,1000,1000,0,0,0,0,0
2025-12-15 01:14:23.127,SERVO_OUTPUT_RAW,2418309806,SERVO_OUTPUT_RAW,0,0,0,0,0,0,0,0,1000,1000,1000,1000,0,0,0,0,0
2025-12-15 01:14:23.227,SERVO_OUTPUT_RAW,2418409816,SERVO_OUTPUT_RAW,0,0,0,0,0,0,0,0,1000,1000,1000,1000,0,0,0,0,0
2025-12-15 01:14:23.328,SERVO_OUTPUT_RAW,2418509851,SERVO_OUTPUT_RAW,0,0,0,0,0,0,0,0,1000,1000,1000,1000,0,0,0,0,0
2025-12-15 01:14:23.428,SERVO_OUTPUT_RAW,2418609851,SERVO_OUTPUT_RAW,0,0,0,0,0,0,0,0,1000,1000,1000,1000,0,0,0,0,0
2025-12-15 01:14:23.528,SERVO_OUTPUT_RAW,2418709790,SERVO_OUTPUT_RAW,0,0,0,0,0,0,0,0,1000,1000,1000,1000,0,0,0,0,0
2025-12-15 01:14:23.628,SERVO_OUTPUT_RAW,2418809808,SERVO_OUTPUT_RAW,0,0,0,0,0,0,0,0,1000,1000,1000,1000,0,0,0,0,0
2025-12-15 01:14:23.728,SERVO_OUTPUT_RAW,2418909815,SERVO_OUTPUT_RAW,0,0,0,0,0,0,0,0,1000,1000,1000,1000,0,0,0,0,0
2025-12-15 01:14:23.828,SERVO_OUTPUT_RAW,2419009782,SERVO_OUTPUT_RAW,0,0,0,0,0,0,0,0,1000,1000,1000,1000,0,0,0,0,0
2025-12-15 01:14:23.928,SERVO_OUTPUT_RAW,2419109875,SERVO_OUTPUT_RAW,0,0,0,0,0,0,0,0,1000,1000,1000,1000,0,0,0,0,0
2025-12-15 01:14:24.028,SERVO_OUTPUT_RAW,2419209791,SERVO_OUTPUT_RAW,0,0,0,0,0,0,0,0,1000,1000,1000,1000,0,0,0,0,0
2025-12-15 01:14:24.128,SERVO_OUTPUT_RAW,2419309803,SERVO_OUTPUT_RAW,0,0,0,0,0,0,0,0,1000,1000,1000,1000,0,0,0,0,0
2025-12-15 01:14:24.228,SERVO_OUTPUT_RAW,2419409801,SERVO_OUTPUT_RAW,0,0,0,0,0,0,0,0,1000,1000,1000,1000,0,0,0,0,0
2025-12-15 01:14:24.328,SERVO_OUTPUT_RAW,2419509785,SERVO_OUTPUT_RAW,0,0,0,0,0,0,0,0,1000,1000,1000,1000,0,0,0,0,0
2025-12-15 01:14:24.428,SERVO_OUTPUT_RAW,2419609837,SERVO_OUTPUT_RAW,0,0,0,0,0,0,0,0,1000,1000,1000,1000,0,0,0,0,0
2025-12-15 01:14:24.528,SERVO_OUTPUT_RAW,2419709850,SERVO_OUTPUT_RAW,0,0,0,0,0,0,0,0,1000,1000,1000,1000,0,0,0,0,0
2025-12-15 01:14:24.628,SERVO_OUTPUT_RAW,2419809800,SERVO_OUTPUT_RAW,0,0,0,0,0,0,0,0,1000,1000,1000,1000,0,0,0,0,0
2025-12-15 01:14:24.728,SERVO_OUTPUT_RAW,2419909863,SERVO_OUTPUT_RAW,0,0,0,0,0,0,0,0,1000,1000,1000,1000,0,0,0,0,0
2025-12-15 01:14:24.828,SERVO_OUTPUT_RAW,2420009821,SERVO_OUTPUT_RAW,0,0,0,0,0,0,0,0,1000,1000,1000,1000,0,0,0,0,0
2025-12-15 01:14:24.930,SERVO_OUTPUT_RAW,2420109846,SERVO_OUTPUT_RAW,0,0,0,0,0,0,0,0,1000,1000,1000,1000,0,0,0,0,0
2025-12-15 01:14:25.028,SERVO_OUTPUT_RAW,2420209830,SERVO_OUTPUT_RAW,0,0,0,0,0,0,0,0,1000,1000,1000,1000,0,0,0,0,0
2025-12-15 01:14:25.128,SERVO_OUTPUT_RAW,2420309797,SERVO_OUTPUT_RAW,0,0,0,0,0,0,0,0,1000,1000,1000,1000,0,0,0,0,0
2025-12-15 01:14:25.228,SERVO_OUTPUT_RAW,2420409820,SERVO_OUTPUT_RAW,0,0,0,0,0,0,0,0,1000,1000,1000,1000,0,0,0,0,0
2025-12-15 01:14:25.328,SERVO_OUTPUT_RAW,2420509814,SERVO_OUTPUT_RAW,0,0,0,0,0,0,0,0,1000,1000,1000,1000,0,0,0,0,0
2025-12-15 01:14:25.428,SERVO_OUTPUT_RAW,2420609798,SERVO_OUTPUT_RAW,0,0,0,0,0,0,0,0,1000,1000,1000,1000,0,0,0,0,0
2025-12-15 01:14:25.528,SERVO_OUTPUT_RAW,2420709790,SERVO_OUTPUT_RAW,0,0,0,0,0,0,0,0,1000,1000,1000,1000,0,0,0,0,0
2025-12-15 01:14:25.628,SERVO_OUTPUT_RAW,2420809793,SERVO_OUTPUT_RAW,0,0,0,0,0,0,0,0,1000,1000,1000,1000,0,0,0,0,0
2025-12-15 01:14:25.728,SERVO_OUTPUT_RAW,2420909793,SERVO_OUTPUT_RAW,0,0,0,0,0,0,0,0,1000,1000,1000,1000,0,0,0,0,0
2025-12-15 01:14:25.828,SERVO_OUTPUT_RAW,2421009834,SERVO_OUTPUT_RAW,0,0,0,0,0,0,0,0,1000,1000,1000,1000,0,0,0,0,0
2025-12-15 01:14:25.928,SERVO_OUTPUT_RAW,2421112140,SERVO_OUTPUT_RAW,0,0,0,0,0,0,0,0,1000,1000,1000,1000,0,0,0,0,0
2025-12-15 01:14:26.028,SERVO_OUTPUT_RAW,2421209861,SERVO_OUTPUT_RAW,0,0,0,0,0,0,0,0,1000,1000,1000,1000,0,0,0,0,0
2025-12-15 01:14:26.128,SERVO_OUTPUT_RAW,2421309839,SERVO_OUTPUT_RAW,0,0,0,0,0,0,0,0,1000,1000,1000,1000,0,0,0,0,0
2025-12-15 01:14:26.228,SERVO_OUTPUT_RAW,2421409778,SERVO_OUTPUT_RAW,0,0,0,0,0,0,0,0,1000,1000,1000,1000,0,0,0,0,0
2025-12-15 01:14:26.328,SERVO_OUTPUT_RAW,2421509803,SERVO_OUTPUT_RAW,0,0,0,0,0,0,0,0,1000,1000,1000,1000,0,0,0,0,0
2025-12-15 01:14:26.428,SERVO_OUTPUT_RAW,2421609832,SERVO_OUTPUT_RAW,0,0,0,0,0,0,0,0,1000,1000,1000,1000,0,0,0,0,0
2025-12-15 01:14:26.528,SERVO_OUTPUT_RAW,2421709777,SERVO_OUTPUT_RAW,0,0,0,0,0,0,0,0,1000,1000,1000,1000,0,0,0,0,0
2025-12-15 01:14:26.628,SERVO_OUTPUT_RAW,2421809778,SERVO_OUTPUT_RAW,0,0,0,0,0,0,0,0,1000,1000,1000,1000,0,0,0,0,0
2025-12-15 01:14:26.728,SERVO_OUTPUT_RAW,2421909795,SERVO_OUTPUT_RAW,0,0,0,0,0,0,0,0,1000,1000,1000,1000,0,0,0,0,0
2025-12-15 01:14:26.828,SERVO_OUTPUT_RAW,2422009821,SERVO_OUTPUT_RAW,0,0,0,0,0,0,0,0,1000,1000,1000,1000,0,0,0,0,0
2025-12-15 01:14:26.928,SERVO_OUTPUT_RAW,2422109844,SERVO_OUTPUT_RAW,0,0,0,0,0,0,0,0,1000,1000,1000,1000,0,0,0,0,0
2025-12-15 01:14:27.028,SERVO_OUTPUT_RAW,2422209791,SERVO_OUTPUT_RAW,0,0,0,0,0,0,0,0,1000,1000,1000,1000,0,0,0,0,0
2025-12-15 01:14:27.128,SERVO_OUTPUT_RAW,2422309784,SERVO_OUTPUT_RAW,0,0,0,0,0,0,0,0,1000,1000,1000,1000,0,0,0,0,0
2025-12-15 01:14:27.228,SERVO_OUTPUT_RAW,2422409796,SERVO_OUTPUT_RAW,0,0,0,0,0,0,0,0,1000,1000,1000,1000,0,0,0,0,0
2025-12-15 01:14:27.327,SERVO_OUTPUT_RAW,2422509781,SERVO_OUTPUT_RAW,0,0,0,0,0,0,0,0,1000,1000,1000,1000,0,0,0,0,0
2025-12-15 01:14:27.428,SERVO_OUTPUT_RAW,2422609795,SERVO_OUTPUT_RAW,0,0,0,0,0,0,0,0,1000,1000,1000,1000,0,0,0,0,0
2025-12-15 01:14:27.528,SERVO_OUTPUT_RAW,2422709816,SERVO_OUTPUT_RAW,0,0,0,0,0,0,0,0,1000,1000,1000,1000,0,0,0,0,0
2025-12-15 01:14:27.627,SERVO_OUTPUT_RAW,2422809860,SERVO_OUTPUT_RAW,0,0,0,0,0,0,0,0,1000,1000,1000,1000,0,0,0,0,0
2025-12-15 01:14:27.727,SERVO_OUTPUT_RAW,2422909777,SERVO_OUTPUT_RAW,0,0,0,0,0,0,0,0,1000,1000,1000,1000,0,0,0,0,0
2025-12-15 01:14:27.828,SERVO_OUTPUT_RAW,2423009829,SERVO_OUTPUT_RAW,0,0,0,0,0,0,0,0,1000,1000,1000,1000,0,0,0,0,0
2025-12-15 01:14:27.927,SERVO_OUTPUT_RAW,2423109830,SERVO_OUTPUT_RAW,0,0,0,0,0,0,0,0,1000,1000,1000,1000,0,0,0,0,0
2025-12-15 01:14:28.028,SERVO_OUTPUT_RAW,2423209854,SERVO_OUTPUT_RAW,0,0,0,0,0,0,0,0,1000,1000,1000,1000,0,0,0,0,0
2025-12-15 01:14:28.129,SERVO_OUTPUT_RAW,2423309907,SERVO_OUTPUT_RAW,0,0,0,0,0,0,0,0,1000,1000,1000,1000,0,0,0,0,0
2025-12-15 01:14:28.227,SERVO_OUTPUT_RAW,2423409791,SERVO_OUTPUT_RAW,0,0,0,0,0,0,0,0,1000,1000,1000,1000,0,0,0,0,0
2025-12-15 01:14:28.327,SERVO_OUTPUT_RAW,2423509815,SERVO_OUTPUT_RAW,0,0,0,0,0,0,0,0,1000,1000,1000,1000,0,0,0,0,0
2025-12-15 01:14:28.427,SERVO_OUTPUT_RAW,2423609823,SERVO_OUTPUT_RAW,0,0,0,0,0,0,0,0,1000,1000,1000,1000,0,0,0,0,0
2025-12-15 01:14:28.527,SERVO_OUTPUT_RAW,2423709781,SERVO_OUTPUT_RAW,0,0,0,0,0,0,0,0,1000,1000,1000,1000,0,0,0,0,0
2025-12-15 01:14:28.627,SERVO_OUTPUT_RAW,2423809792,SERVO_OUTPUT_RAW,0,0,0,0,0,0,0,0,1000,1000,1000,1000,0,0,0,0,0
2025-12-15 01:14:28.727,SERVO_OUTPUT_RAW,2423909789,SERVO_OUTPUT_RAW,0,0,0,0,0,0,0,0,1000,1000,1000,1000,0,0,0,0,0
2025-12-15 01:14:28.827,SERVO_OUTPUT_RAW,2424009774,SERVO_OUTPUT_RAW,0,0,0,0,0,0,0,0,1000,1000,1000,1000,0,0,0,0,0
2025-12-15 01:14:28.927,SERVO_OUTPUT_RAW,2424109779,SERVO_OUTPUT_RAW,0,0,0,0,0,0,0,0,1000,1000,1000,1000,0,0,0,0,0
2025-12-15 01:14:29.027,SERVO_OUTPUT_RAW,2424209790,SERVO_OUTPUT_RAW,0,0,0,0,0,0,0,0,1000,1000,1000,1000,0,0,0,0,0
2025-12-15 01:14:29.128,SERVO_OUTPUT_RAW,2424309827,SERVO_OUTPUT_RAW,0,0,0,0,0,0,0,0,1000,1000,1000,1000,0,0,0,0,0
2025-12-15 01:14:29.227,SERVO_OUTPUT_RAW,2424409807,SERVO_OUTPUT_RAW,0,0,0,0,0,0,0,0,1000,1000,1000,1000,0,0,0,0,0
2025-12-15 01:14:29.327,SERVO_OUTPUT_RAW,2424509865,SERVO_OUTPUT_RAW,0,0,0,0,0,0,0,0,1000,1000,1000,1000,0,0,0,0,0
2025-12-15 01:14:29.427,SERVO_OUTPUT_RAW,2424609801,SERVO_OUTPUT_RAW,0,0,0,0,0,0,0,0,1000,1000,1000,1000,0,0,0,0,0
2025-12-15 01:14:29.527,SERVO_OUTPUT_RAW,2424709826,SERVO_OUTPUT_RAW,0,0,0,0,0,0,0,0,1000,1000,1000,1000,0,0,0,0,0
2025-12-15 01:14:29.627,SERVO_OUTPUT_RAW,2424809861,SERVO_OUTPUT_RAW,0,0,0,0,0,0,0,0,1000,1000,1000,1000,0,0,0,0,0
2025-12-15 01:14:29.727,SERVO_OUTPUT_RAW,2424909781,SERVO_OUTPUT_RAW,0,0,0,0,0,0,0,0,1000,1000,1000,1000,0,0,0,0,0
2025-12-15 01:14:29.827,SERVO_OUTPUT_RAW,2425009798,SERVO_OUTPUT_RAW,0,0,0,0,0,0,0,0,1000,1000,1000,1000,0,0,0,0,0
2025-12-15 01:14:29.927,SERVO_OUTPUT_RAW,2425109840,SERVO_OUTPUT_RAW,0,0,0,0,0,0,0,0,1000,1000,1000,1000,0,0,0,0,0
2025-12-15 01:14:30.027,SERVO_OUTPUT_RAW,2425209811,SERVO_OUTPUT_RAW,0,0,0,0,0,0,0,0,1000,1000,1000,1000,0,0,0,0,0
2025-12-15 01:14:30.127,SERVO_OUTPUT_RAW,2425309780,SERVO_OUTPUT_RAW,0,0,0,0,0,0,0,0,1000,1000,1000,1000,0,0,0,0,0
2025-12-15 01:14:30.227,SERVO_OUTPUT_RAW,2425409877,SERVO_OUTPUT_RAW,0,0,0,0,0,0,0,0,1000,1000,1000,1000,0,0,0,0,0
2025-12-15 01:14:30.327,SERVO_OUTPUT_RAW,2425509787,SERVO_OUTPUT_RAW,0,0,0,0,0,0,0,0,1000,1000,1000,1000,0,0,0,0,0
2025-12-15 01:14:30.427,SERVO_OUTPUT_RAW,2425609785,SERVO_OUTPUT_RAW,0,0,0,0,0,0,0,0,1000,1000,1000,1000,0,0,0,0,0
2025-12-15 01:14:30.527,SERVO_OUTPUT_RAW,2425709820,SERVO_OUTPUT_RAW,0,0,0,0,0,0,0,0,1000,1000,1000,1000,0,0,0,0,0
2025-12-15 01:14:30.628,SERVO_OUTPUT_RAW,2425809812,SERVO_OUTPUT_RAW,0,0,0,0,0,0,0,0,1000,1000,1000,1000,0,0,0,0,0
2025-12-15 01:14:30.728,SERVO_OUTPUT_RAW,2425909834,SERVO_OUTPUT_RAW,0,0,0,0,0,0,0,0,1000,1000,1000,1000,0,0,0,0,0
2025-12-15 01:14:30.827,SERVO_OUTPUT_RAW,2426009849,SERVO_OUTPUT_RAW,0,0,0,0,0,0,0,0,1000,1000,1000,1000,0,0,0,0,0
2025-12-15 01:14:30.928,SERVO_OUTPUT_RAW,2426109804,SERVO_OUTPUT_RAW,0,0,0,0,0,0,0,0,1000,1000,1000,1000,0,0,0,0,0
2025-12-15 01:14:31.028,SERVO_OUTPUT_RAW,2426209816,SERVO_OUTPUT_RAW,0,0,0,0,0,0,0,0,1000,1000,1000,1000,0,0,0,0,0
2025-12-15 01:14:31.128,SERVO_OUTPUT_RAW,2426309825,SERVO_OUTPUT_RAW,0,0,0,0,0,0,0,0,1000,1000,1000,1000,0,0,0,0,0
2025-12-15 01:14:31.228,SERVO_OUTPUT_RAW,2426409850,SERVO_OUTPUT_RAW,0,0,0,0,0,0,0,0,1000,1000,1000,1000,0,0,0,0,0
2025-12-15 01:14:31.328,SERVO_OUTPUT_RAW,2426509803,SERVO_OUTPUT_RAW,0,0,0,0,0,0,0,0,1000,1000,1000,1000,0,0,0,0,0
2025-12-15 01:14:31.428,SERVO_OUTPUT_RAW,2426609826,SERVO_OUTPUT_RAW,0,0,0,0,0,0,0,0,1000,1000,1000,1000,0,0,0,0,0
2025-12-15 01:14:31.528,SERVO_OUTPUT_RAW,2426709821,SERVO_OUTPUT_RAW,0,0,0,0,0,0,0,0,1000,1000,1000,1000,0,0,0,0,0
2025-12-15 01:14:31.628,SERVO_OUTPUT_RAW,2426809779,SERVO_OUTPUT_RAW,0,0,0,0,0,0,0,0,1000,1000,1000,1000,0,0,0,0,0
2025-12-15 01:14:31.728,SERVO_OUTPUT_RAW,2426909785,SERVO_OUTPUT_RAW,0,0,0,0,0,0,0,0,1000,1000,1000,1000,0,0,0,0,0
2025-12-15 01:14:31.828,SERVO_OUTPUT_RAW,2427009789,SERVO_OUTPUT_RAW,0,0,0,0,0,0,0,0,1000,1000,1000,1000,0,0,0,0,0
2025-12-15 01:14:31.928,SERVO_OUTPUT_RAW,2427109779,SERVO_OUTPUT_RAW,0,0,0,0,0,0,0,0,1000,1000,1000,1000,0,0,0,0,0
2025-12-15 01:14:32.028,SERVO_OUTPUT_RAW,2427209784,SERVO_OUTPUT_RAW,0,0,0,0,0,0,0,0,1000,1000,1000,1000,0,0,0,0,0
2025-12-15 01:14:32.128,SERVO_OUTPUT_RAW,2427309792,SERVO_OUTPUT_RAW,0,0,0,0,0,0,0,0,1000,1000,1000,1000,0,0,0,0,0
2025-12-15 01:14:32.228,SERVO_OUTPUT_RAW,2427409822,SERVO_OUTPUT_RAW,0,0,0,0,0,0,0,0,1000,1000,1000,1000,0,0,0,0,0
2025-12-15 01:14:32.328,SERVO_OUTPUT_RAW,2427509836,SERVO_OUTPUT_RAW,0,0,0,0,0,0,0,0,1000,1000,1000,1000,0,0,0,0,0
2025-12-15 01:14:32.430,SERVO_OUTPUT_RAW,2427609848,SERVO_OUTPUT_RAW,0,0,0,0,0,0,0,0,1000,1000,1000,1000,0,0,0,0,0
2025-12-15 01:14:32.528,SERVO_OUTPUT_RAW,2427709806,SERVO_OUTPUT_RAW,0,0,0,0,0,0,0,0,1000,1000,1000,1000,0,0,0,0,0
2025-12-15 01:14:32.628,SERVO_OUTPUT_RAW,2427809818,SERVO_OUTPUT_RAW,0,0,0,0,0,0,0,0,1000,1000,1000,1000,0,0,0,0,0
2025-12-15 01:14:32.728,SERVO_OUTPUT_RAW,2427909846,SERVO_OUTPUT_RAW,0,0,0,0,0,0,0,0,1000,1000,1000,1000,0,0,0,0,0
2025-12-15 01:14:32.828,SERVO_OUTPUT_RAW,2428009863,SERVO_OUTPUT_RAW,0,0,0,0,0,0,0,0,1000,1000,1000,1000,0,0,0,0,0
2025-12-15 01:14:32.928,SERVO_OUTPUT_RAW,2428109785,SERVO_OUTPUT_RAW,0,0,0,0,0,0,0,0,1000,1000,1000,1000,0,0,0,0,0
2025-12-15 01:14:33.028,SERVO_OUTPUT_RAW,2428209815,SERVO_OUTPUT_RAW,0,0,0,0,0,0,0,0,1000,1000,1000,1000,0,0,0,0,0
2025-12-15 01:14:33.128,SERVO_OUTPUT_RAW,2428309803,SERVO_OUTPUT_RAW,0,0,0,0,0,0,0,0,1000,1000,1000,1000,0,0,0,0,0
2025-12-15 01:14:33.228,SERVO_OUTPUT_RAW,2428409786,SERVO_OUTPUT_RAW,0,0,0,0,0,0,0,0,1000,1000,1000,1000,0,0,0,0,0
2025-12-15 01:14:33.328,SERVO_OUTPUT_RAW,2428509793,SERVO_OUTPUT_RAW,0,0,0,0,0,0,0,0,1000,1000,1000,1000,0,0,0,0,0
2025-12-15 01:14:33.428,SERVO_OUTPUT_RAW,2428609805,SERVO_OUTPUT_RAW,0,0,0,0,0,0,0,0,1000,1000,1000,1000,0,0,0,0,0
2025-12-15 01:14:33.528,SERVO_OUTPUT_RAW,2428709783,SERVO_OUTPUT_RAW,0,0,0,0,0,0,0,0,1000,1000,1000,1000,0,0,0,0,0
2025-12-15 01:14:33.628,SERVO_OUTPUT_RAW,2428809786,SERVO_OUTPUT_RAW,0,0,0,0,0,0,0,0,1000,1000,1000,1000,0,0,0,0,0
2025-12-15 01:14:33.729,SERVO_OUTPUT_RAW,2428909815,SERVO_OUTPUT_RAW,0,0,0,0,0,0,0,0,1000,1000,1000,1000,0,0,0,0,0
2025-12-15 01:14:33.828,SERVO_OUTPUT_RAW,2429009823,SERVO_OUTPUT_RAW,0,0,0,0,0,0,0,0,1000,1000,1000,1000,0,0,0,0,0
2025-12-15 01:14:33.929,SERVO_OUTPUT_RAW,2429109836,SERVO_OUTPUT_RAW,0,0,0,0,0,0,0,0,1000,1000,1000,1000,0,0,0,0,0
2025-12-15 01:14:34.028,SERVO_OUTPUT_RAW,2429209804,SERVO_OUTPUT_RAW,0,0,0,0,0,0,0,0,1000,1000,1000,1000,0,0,0,0,0
2025-12-15 01:14:34.128,SERVO_OUTPUT_RAW,2429309844,SERVO_OUTPUT_RAW,0,0,0,0,0,0,0,0,1000,1000,1000,1000,0,0,0,0,0
2025-12-15 01:14:34.228,SERVO_OUTPUT_RAW,2429409830,SERVO_OUTPUT_RAW,0,0,0,0,0,0,0,0,1000,1000,1000,1000,0,0,0,0,0
2025-12-15 01:14:34.328,SERVO_OUTPUT_RAW,2429509850,SERVO_OUTPUT_RAW,0,0,0,0,0,0,0,0,1000,1000,1000,1000,0,0,0,0,0
2025-12-15 01:14:34.428,SERVO_OUTPUT_RAW,2429609912,SERVO_OUTPUT_RAW,0,0,0,0,0,0,0,0,1000,1000,1000,1000,0,0,0,0,0
2025-12-15 01:14:34.528,SERVO_OUTPUT_RAW,2429709795,SERVO_OUTPUT_RAW,0,0,0,0,0,0,0,0,1000,1000,1000,1000,0,0,0,0,0
2025-12-15 01:14:34.628,SERVO_OUTPUT_RAW,2429809813,SERVO_OUTPUT_RAW,0,0,0,0,0,0,0,0,1000,1000,1000,1000,0,0,0,0,0
2025-12-15 01:14:34.728,SERVO_OUTPUT_RAW,2429909817,SERVO_OUTPUT_RAW,0,0,0,0,0,0,0,0,1000,1000,1000,1000,0,0,0,0,0
2025-12-15 01:14:34.828,SERVO_OUTPUT_RAW,2430009797,SERVO_OUTPUT_RAW,0,0,0,0,0,0,0,0,1000,1000,1000,1000,0,0,0,0,0
2025-12-15 01:14:34.929,SERVO_OUTPUT_RAW,2430109783,SERVO_OUTPUT_RAW,0,0,0,0,0,0,0,0,1000,1000,1000,1000,0,0,0,0,0
2025-12-15 01:14:35.028,SERVO_OUTPUT_RAW,2430209809,SERVO_OUTPUT_RAW,0,0,0,0,0,0,0,0,1000,1000,1000,1000,0,0,0,0,0
2025-12-15 01:14:35.129,SERVO_OUTPUT_RAW,2430309784,SERVO_OUTPUT_RAW,0,0,0,0,0,0,0,0,1000,1000,1000,1000,0,0,0,0,0
2025-12-15 01:14:35.228,SERVO_OUTPUT_RAW,2430409779,SERVO_OUTPUT_RAW,0,0,0,0,0,0,0,0,1000,1000,1000,1000,0,0,0,0,0
2025-12-15 01:14:35.329,SERVO_OUTPUT_RAW,2430509827,SERVO_OUTPUT_RAW,0,0,0,0,0,0,0,0,1000,1000,1000,1000,0,0,0,0,0
2025-12-15 01:14:35.428,SERVO_OUTPUT_RAW,2430609775,SERVO_OUTPUT_RAW,0,0,0,0,0,0,0,0,1000,1000,1000,1000,0,0,0,0,0
2025-12-15 01:14:35.529,SERVO_OUTPUT_RAW,2430709809,SERVO_OUTPUT_RAW,0,0,0,0,0,0,0,0,1000,1000,1000,1000,0,0,0,0,0
2025-12-15 01:14:35.628,SERVO_OUTPUT_RAW,2430809787,SERVO_OUTPUT_RAW,0,0,0,0,0,0,0,0,1000,1000,1000,1000,0,0,0,0,0
2025-12-15 01:14:35.728,SERVO_OUTPUT_RAW,2430909819,SERVO_OUTPUT_RAW,0,0,0,0,0,0,0,0,1000,1000,1000,1000,0,0,0,0,0
2025-12-15 01:14:35.828,SERVO_OUTPUT_RAW,2431009857,SERVO_OUTPUT_RAW,0,0,0,0,0,0,0,0,1000,1000,1000,1000,0,0,0,0,0
2025-12-15 01:14:35.929,SERVO_OUTPUT_RAW,2431109843,SERVO_OUTPUT_RAW,0,0,0,0,0,0,0,0,1000,1000,1000,1000,0,0,0,0,0
2025-12-15 01:14:36.029,SERVO_OUTPUT_RAW,2431209787,SERVO_OUTPUT_RAW,0,0,0,0,0,0,0,0,1000,1000,1000,1000,0,0,0,0,0
2025-12-15 01:14:36.128,SERVO_OUTPUT_RAW,2431309807,SERVO_OUTPUT_RAW,0,0,0,0,0,0,0,0,1000,1000,1000,1000,0,0,0,0,0
2025-12-15 01:14:36.228,SERVO_OUTPUT_RAW,2431409808,SERVO_OUTPUT_RAW,0,0,0,0,0,0,0,0,1000,1000,1000,1000,0,0,0,0,0
2025-12-15 01:14:36.328,SERVO_OUTPUT_RAW,2431509830,SERVO_OUTPUT_RAW,0,0,0,0,0,0,0,0,1000,1000,1000,1000,0,0,0,0,0
2025-12-15 01:14:36.429,SERVO_OUTPUT_RAW,2431609784,SERVO_OUTPUT_RAW,0,0,0,0,0,0,0,0,1000,1000,1000,1000,0,0,0,0,0
2025-12-15 01:14:36.529,SERVO_OUTPUT_RAW,2431709842,SERVO_OUTPUT_RAW,0,0,0,0,0,0,0,0,1000,1000,1000,1000,0,0,0,0,0
2025-12-15 01:14:36.628,SERVO_OUTPUT_RAW,2431809787,SERVO_OUTPUT_RAW,0,0,0,0,0,0,0,0,1000,1000,1000,1000,0,0,0,0,0
2025-12-15 01:14:36.727,SERVO_OUTPUT_RAW,2431909799,SERVO_OUTPUT_RAW,0,0,0,0,0,0,0,0,1000,1000,1000,1000,0,0,0,0,0
2025-12-15 01:14:36.827,SERVO_OUTPUT_RAW,2432009818,SERVO_OUTPUT_RAW,0,0,0,0,0,0,0,0,1000,1000,1000,1000,0,0,0,0,0
2025-12-15 01:14:36.927,SERVO_OUTPUT_RAW,2432109829,SERVO_OUTPUT_RAW,0,0,0,0,0,0,0,0,1000,1000,1000,1000,0,0,0,0,0
2025-12-15 01:14:37.028,SERVO_OUTPUT_RAW,2432209845,SERVO_OUTPUT_RAW,0,0,0,0,0,0,0,0,1000,1000,1000,1000,0,0,0,0,0
2025-12-15 01:14:37.129,SERVO_OUTPUT_RAW,2432309783,SERVO_OUTPUT_RAW,0,0,0,0,0,0,0,0,1000,1000,1000,1000,0,0,0,0,0
2025-12-15 01:14:37.228,SERVO_OUTPUT_RAW,2432409800,SERVO_OUTPUT_RAW,0,0,0,0,0,0,0,0,1000,1000,1000,1000,0,0,0,0,0
2025-12-15 01:14:37.328,SERVO_OUTPUT_RAW,2432509838,SERVO_OUTPUT_RAW,0,0,0,0,0,0,0,0,1000,1000,1000,1000,0,0,0,0,0
2025-12-15 01:14:37.428,SERVO_OUTPUT_RAW,2432609840,SERVO_OUTPUT_RAW,0,0,0,0,0,0,0,0,1000,1000,1000,1000,0,0,0,0,0
2025-12-15 01:14:37.528,SERVO_OUTPUT_RAW,2432709774,SERVO_OUTPUT_RAW,0,0,0,0,0,0,0,0,1000,1000,1000,1000,0,0,0,0,0
2025-12-15 01:14:37.628,SERVO_OUTPUT_RAW,2432809782,SERVO_OUTPUT_RAW,0,0,0,0,0,0,0,0,1000,1000,1000,1000,0,0,0,0,0
2025-12-15 01:14:37.729,SERVO_OUTPUT_RAW,2432909834,SERVO_OUTPUT_RAW,0,0,0,0,0,0,0,0,1000,1000,1000,1000,0,0,0,0,0
2025-12-15 01:14:37.829,SERVO_OUTPUT_RAW,2433009821,SERVO_OUTPUT_RAW,0,0,0,0,0,0,0,0,1000,1000,1000,1000,0,0,0,0,0
2025-12-15 01:14:37.927,SERVO_OUTPUT_RAW,2433109774,SERVO_OUTPUT_RAW,0,0,0,0,0,0,0,0,1000,1000,1000,1000,0,0,0,0,0
2025-12-15 01:14:38.027,SERVO_OUTPUT_RAW,2433209783,SERVO_OUTPUT_RAW,0,0,0,0,0,0,0,0,1000,1000,1000,1000,0,0,0,0,0
2025-12-15 01:14:38.127,SERVO_OUTPUT_RAW,2433309798,SERVO_OUTPUT_RAW,0,0,0,0,0,0,0,0,1000,1000,1000,1000,0,0,0,0,0
2025-12-15 01:14:38.227,SERVO_OUTPUT_RAW,2433409779,SERVO_OUTPUT_RAW,0,0,0,0,0,0,0,0,1000,1000,1000,1000,0,0,0,0,0
2025-12-15 01:14:38.328,SERVO_OUTPUT_RAW,2433512122,SERVO_OUTPUT_RAW,0,0,0,0,0,0,0,0,1000,1000,1000,1000,0,0,0,0,0
2025-12-15 01:14:38.428,SERVO_OUTPUT_RAW,2433609812,SERVO_OUTPUT_RAW,0,0,0,0,0,0,0,0,1000,1000,1000,1000,0,0,0,0,0
2025-12-15 01:14:38.528,SERVO_OUTPUT_RAW,2433709787,SERVO_OUTPUT_RAW,0,0,0,0,0,0,0,0,1000,1000,1000,1000,0,0,0,0,0
2025-12-15 01:14:38.628,SERVO_OUTPUT_RAW,2433812141,SERVO_OUTPUT_RAW,0,0,0,0,0,0,0,0,1000,1000,1000,1000,0,0,0,0,0
2025-12-15 01:14:38.728,SERVO_OUTPUT_RAW,2433909821,SERVO_OUTPUT_RAW,0,0,0,0,0,0,0,0,1000,1000,1000,1000,0,0,0,0,0
2025-12-15 01:14:38.828,SERVO_OUTPUT_RAW,2434009816,SERVO_OUTPUT_RAW,0,0,0,0,0,0,0,0,1000,1000,1000,1000,0,0,0,0,0
2025-12-15 01:14:38.928,SERVO_OUTPUT_RAW,2434109832,SERVO_OUTPUT_RAW,0,0,0,0,0,0,0,0,1000,1000,1000,1000,0,0,0,0,0
2025-12-15 01:14:39.028,SERVO_OUTPUT_RAW,2434209839,SERVO_OUTPUT_RAW,0,0,0,0,0,0,0,0,1000,1000,1000,1000,0,0,0,0,0
2025-12-15 01:14:39.128,SERVO_OUTPUT_RAW,2434309784,SERVO_OUTPUT_RAW,0,0,0,0,0,0,0,0,1000,1000,1000,1000,0,0,0,0,0
2025-12-15 01:14:39.228,SERVO_OUTPUT_RAW,2434409808,SERVO_OUTPUT_RAW,0,0,0,0,0,0,0,0,1000,1000,1000,1000,0,0,0,0,0
2025-12-15 01:14:39.328,SERVO_OUTPUT_RAW,2434509827,SERVO_OUTPUT_RAW,0,0,0,0,0,0,0,0,1000,1000,1000,1000,0,0,0,0,0
2025-12-15 01:14:39.428,SERVO_OUTPUT_RAW,2434609825,SERVO_OUTPUT_RAW,0,0,0,0,0,0,0,0,1000,1000,1000,1000,0,0,0,0,0
2025-12-15 01:14:39.528,SERVO_OUTPUT_RAW,2434709869,SERVO_OUTPUT_RAW,0,0,0,0,0,0,0,0,1000,1000,1000,1000,0,0,0,0,0
2025-12-15 01:14:39.628,SERVO_OUTPUT_RAW,2434809803,SERVO_OUTPUT_RAW,0,0,0,0,0,0,0,0,1000,1000,1000,1000,0,0,0,0,0
2025-12-15 01:14:39.728,SERVO_OUTPUT_RAW,2434909785,SERVO_OUTPUT_RAW,0,0,0,0,0,0,0,0,1000,1000,1000,1000,0,0,0,0,0
2025-12-15 01:14:39.828,SERVO_OUTPUT_RAW,2435009781,SERVO_OUTPUT_RAW,0,0,0,0,0,0,0,0,1000,1000,1000,1000,0,0,0,0,0
2025-12-15 01:14:39.933,SERVO_OUTPUT_RAW,2435109791,SERVO_OUTPUT_RAW,0,0,0,0,0,0,0,0,1000,1000,1000,1000,0,0,0,0,0
2025-12-15 01:14:40.028,SERVO_OUTPUT_RAW,2435209811,SERVO_OUTPUT_RAW,0,0,0,0,0,0,0,0,1000,1000,1000,1000,0,0,0,0,0
2025-12-15 01:14:40.128,SERVO_OUTPUT_RAW,2435309844,SERVO_OUTPUT_RAW,0,0,0,0,0,0,0,0,1000,1000,1000,1000,0,0,0,0,0
2025-12-15 01:14:40.228,SERVO_OUTPUT_RAW,2435409864,SERVO_OUTPUT_RAW,0,0,0,0,0,0,0,0,1000,1000,1000,1000,0,0,0,0,0
2025-12-15 01:14:40.328,SERVO_OUTPUT_RAW,2435509797,SERVO_OUTPUT_RAW,0,0,0,0,0,0,0,0,1000,1000,1000,1000,0,0,0,0,0
2025-12-15 01:14:40.428,SERVO_OUTPUT_RAW,2435609834,SERVO_OUTPUT_RAW,0,0,0,0,0,0,0,0,1000,1000,1000,1000,0,0,0,0,0
2025-12-15 01:14:40.528,SERVO_OUTPUT_RAW,2435709835,SERVO_OUTPUT_RAW,0,0,0,0,0,0,0,0,1000,1000,1000,1000,0,0,0,0,0
2025-12-15 01:14:40.628,SERVO_OUTPUT_RAW,2435809850,SERVO_OUTPUT_RAW,0,0,0,0,0,0,0,0,1000,1000,1000,1000,0,0,0,0,0
2025-12-15 01:14:40.728,SERVO_OUTPUT_RAW,2435909906,SERVO_OUTPUT_RAW,0,0,0,0,0,0,0,0,1000,1000,1000,1000,0,0,0,0,0
2025-12-15 01:14:40.828,SERVO_OUTPUT_RAW,2436009816,SERVO_OUTPUT_RAW,0,0,0,0,0,0,0,0,1000,1000,1000,1000,0,0,0,0,0
2025-12-15 01:14:40.928,SERVO_OUTPUT_RAW,2436109811,SERVO_OUTPUT_RAW,0,0,0,0,0,0,0,0,1000,1000,1000,1000,0,0,0,0,0
2025-12-15 01:14:41.028,SERVO_OUTPUT_RAW,2436209778,SERVO_OUTPUT_RAW,0,0,0,0,0,0,0,0,1000,1000,1000,1000,0,0,0,0,0
2025-12-15 01:14:41.128,SERVO_OUTPUT_RAW,2436309787,SERVO_OUTPUT_RAW,0,0,0,0,0,0,0,0,1000,1000,1000,1000,0,0,0,0,0
2025-12-15 01:14:41.227,SERVO_OUTPUT_RAW,2436409816,SERVO_OUTPUT_RAW,0,0,0,0,0,0,0,0,1000,1000,1000,1000,0,0,0,0,0
2025-12-15 01:14:41.328,SERVO_OUTPUT_RAW,2436509801,SERVO_OUTPUT_RAW,0,0,0,0,0,0,0,0,1000,1000,1000,1000,0,0,0,0,0
2025-12-15 01:14:41.429,SERVO_OUTPUT_RAW,2436609787,SERVO_OUTPUT_RAW,0,0,0,0,0,0,0,0,1000,1000,1000,1000,0,0,0,0,0
2025-12-15 01:14:41.528,SERVO_OUTPUT_RAW,2436709822,SERVO_OUTPUT_RAW,0,0,0,0,0,0,0,0,1000,1000,1000,1000,0,0,0,0,0
2025-12-15 01:14:41.628,SERVO_OUTPUT_RAW,2436809825,SERVO_OUTPUT_RAW,0,0,0,0,0,0,0,0,1000,1000,1000,1000,0,0,0,0,0
2025-12-15 01:14:41.728,SERVO_OUTPUT_RAW,2436909863,SERVO_OUTPUT_RAW,0,0,0,0,0,0,0,0,1000,1000,1000,1000,0,0,0,0,0
2025-12-15 01:14:41.828,SERVO_OUTPUT_RAW,2437009811,SERVO_OUTPUT_RAW,0,0,0,0,0,0,0,0,1000,1000,1000,1000,0,0,0,0,0
2025-12-15 01:14:41.928,SERVO_OUTPUT_RAW,2437109811,SERVO_OUTPUT_RAW,0,0,0,0,0,0,0,0,1000,1000,1000,1000,0,0,0,0,0
2025-12-15 01:14:42.028,SERVO_OUTPUT_RAW,2437209837,SERVO_OUTPUT_RAW,0,0,0,0,0,0,0,0,1000,1000,1000,1000,0,0,0,0,0
2025-12-15 01:14:42.128,SERVO_OUTPUT_RAW,2437309852,SERVO_OUTPUT_RAW,0,0,0,0,0,0,0,0,1000,1000,1000,1000,0,0,0,0,0
2025-12-15 01:14:42.228,SERVO_OUTPUT_RAW,2437409838,SERVO_OUTPUT_RAW,0,0,0,0,0,0,0,0,1000,1000,1000,1000,0,0,0,0,0
2025-12-15 01:14:42.328,SERVO_OUTPUT_RAW,2437509802,SERVO_OUTPUT_RAW,0,0,0,0,0,0,0,0,1000,1000,1000,1000,0,0,0,0,0
2025-12-15 01:14:42.430,SERVO_OUTPUT_RAW,2437609817,SERVO_OUTPUT_RAW,0,0,0,0,0,0,0,0,1000,1000,1000,1000,0,0,0,0,0
2025-12-15 01:14:42.528,SERVO_OUTPUT_RAW,2437709839,SERVO_OUTPUT_RAW,0,0,0,0,0,0,0,0,1000,1000,1000,1000,0,0,0,0,0
2025-12-15 01:14:42.628,SERVO_OUTPUT_RAW,2437809783,SERVO_OUTPUT_RAW,0,0,0,0,0,0,0,0,1000,1000,1000,1000,0,0,0,0,0
2025-12-15 01:14:42.729,SERVO_OUTPUT_RAW,2437909796,SERVO_OUTPUT_RAW,0,0,0,0,0,0,0,0,1000,1000,1000,1000,0,0,0,0,0
2025-12-15 01:14:42.828,SERVO_OUTPUT_RAW,2438009853,SERVO_OUTPUT_RAW,0,0,0,0,0,0,0,0,1000,1000,1000,1000,0,0,0,0,0
2025-12-15 01:14:42.928,SERVO_OUTPUT_RAW,2438109789,SERVO_OUTPUT_RAW,0,0,0,0,0,0,0,0,1000,1000,1000,1000,0,0,0,0,0
2025-12-15 01:14:43.028,SERVO_OUTPUT_RAW,2438209791,SERVO_OUTPUT_RAW,0,0,0,0,0,0,0,0,1000,1000,1000,1000,0,0,0,0,0
2025-12-15 01:14:43.128,SERVO_OUTPUT_RAW,2438309843,SERVO_OUTPUT_RAW,0,0,0,0,0,0,0,0,1000,1000,1000,1000,0,0,0,0,0
2025-12-15 01:14:43.229,SERVO_OUTPUT_RAW,2438409831,SERVO_OUTPUT_RAW,0,0,0,0,0,0,0,0,1000,1000,1000,1000,0,0,0,0,0
2025-12-15 01:14:43.329,SERVO_OUTPUT_RAW,2438509804,SERVO_OUTPUT_RAW,0,0,0,0,0,0,0,0,1000,1000,1000,1000,0,0,0,0,0
2025-12-15 01:14:43.428,SERVO_OUTPUT_RAW,2438609783,SERVO_OUTPUT_RAW,0,0,0,0,0,0,0,0,1000,1000,1000,1000,0,0,0,0,0
2025-12-15 01:14:43.528,SERVO_OUTPUT_RAW,2438709821,SERVO_OUTPUT_RAW,0,0,0,0,0,0,0,0,1000,1000,1000,1000,0,0,0,0,0
2025-12-15 01:14:43.628,SERVO_OUTPUT_RAW,2438809846,SERVO_OUTPUT_RAW,0,0,0,0,0,0,0,0,1000,1000,1000,1000,0,0,0,0,0
2025-12-15 01:14:43.728,SERVO_OUTPUT_RAW,2438909854,SERVO_OUTPUT_RAW,0,0,0,0,0,0,0,0,1000,1000,1000,1000,0,0,0,0,0
2025-12-15 01:14:43.828,SERVO_OUTPUT_RAW,2439009796,SERVO_OUTPUT_RAW,0,0,0,0,0,0,0,0,1000,1000,1000,1000,0,0,0,0,0
2025-12-15 01:14:43.928,SERVO_OUTPUT_RAW,2439109816,SERVO_OUTPUT_RAW,0,0,0,0,0,0,0,0,1000,1000,1000,1000,0,0,0,0,0
2025-12-15 01:14:44.028,SERVO_OUTPUT_RAW,2439209838,SERVO_OUTPUT_RAW,0,0,0,0,0,0,0,0,1000,1000,1000,1000,0,0,0,0,0
2025-12-15 01:14:44.128,SERVO_OUTPUT_RAW,2439309832,SERVO_OUTPUT_RAW,0,0,0,0,0,0,0,0,1000,1000,1000,1000,0,0,0,0,0
2025-12-15 01:14:44.228,SERVO_OUTPUT_RAW,2439409797,SERVO_OUTPUT_RAW,0,0,0,0,0,0,0,0,1000,1000,1000,1000,0,0,0,0,0
2025-12-15 01:14:44.328,SERVO_OUTPUT_RAW,2439509785,SERVO_OUTPUT_RAW,0,0,0,0,0,0,0,0,1000,1000,1000,1000,0,0,0,0,0
2025-12-15 01:14:44.428,SERVO_OUTPUT_RAW,2439609799,SERVO_OUTPUT_RAW,0,0,0,0,0,0,0,0,1000,1000,1000,1000,0,0,0,0,0
2025-12-15 01:14:44.528,SERVO_OUTPUT_RAW,2439709789,SERVO_OUTPUT_RAW,0,0,0,0,0,0,0,0,1000,1000,1000,1000,0,0,0,0,0
2025-12-15 01:14:44.628,SERVO_OUTPUT_RAW,2439809789,SERVO_OUTPUT_RAW,0,0,0,0,0,0,0,0,1000,1000,1000,1000,0,0,0,0,0
2025-12-15 01:14:44.728,SERVO_OUTPUT_RAW,2439909841,SERVO_OUTPUT_RAW,0,0,0,0,0,0,0,0,1000,1000,1000,1000,0,0,0,0,0
2025-12-15 01:14:44.828,SERVO_OUTPUT_RAW,2440009840,SERVO_OUTPUT_RAW,0,0,0,0,0,0,0,0,1000,1000,1000,1000,0,0,0,0,0
2025-12-15 01:14:44.929,SERVO_OUTPUT_RAW,2440109831,SERVO_OUTPUT_RAW,0,0,0,0,0,0,0,0,1000,1000,1000,1000,0,0,0,0,0
2025-12-15 01:14:45.028,SERVO_OUTPUT_RAW,2440209807,SERVO_OUTPUT_RAW,0,0,0,0,0,0,0,0,1000,1000,1000,1000,0,0,0,0,0
2025-12-15 01:14:45.129,SERVO_OUTPUT_RAW,2440309812,SERVO_OUTPUT_RAW,0,0,0,0,0,0,0,0,1000,1000,1000,1000,0,0,0,0,0
2025-12-15 01:14:45.228,SERVO_OUTPUT_RAW,2440409852,SERVO_OUTPUT_RAW,0,0,0,0,0,0,0,0,1000,1000,1000,1000,0,0,0,0,0
2025-12-15 01:14:45.328,SERVO_OUTPUT_RAW,2440509781,SERVO_OUTPUT_RAW,0,0,0,0,0,0,0,0,1000,1000,1000,1000,0,0,0,0,0
2025-12-15 01:14:45.429,SERVO_OUTPUT_RAW,2440609818,SERVO_OUTPUT_RAW,0,0,0,0,0,0,0,0,1000,1000,1000,1000,0,0,0,0,0
2025-12-15 01:14:45.528,SERVO_OUTPUT_RAW,2440709819,SERVO_OUTPUT_RAW,0,0,0,0,0,0,0,0,1000,1000,1000,1000,0,0,0,0,0
2025-12-15 01:14:45.628,SERVO_OUTPUT_RAW,2440809809,SERVO_OUTPUT_RAW,0,0,0,0,0,0,0,0,1000,1000,1000,1000,0,0,0,0,0
2025-12-15 01:14:45.729,SERVO_OUTPUT_RAW,2440909789,SERVO_OUTPUT_RAW,0,0,0,0,0,0,0,0,1000,1000,1000,1000,0,0,0,0,0
2025-12-15 01:14:45.829,SERVO_OUTPUT_RAW,2441009801,SERVO_OUTPUT_RAW,0,0,0,0,0,0,0,0,1000,1000,1000,1000,0,0,0,0,0
2025-12-15 01:14:45.929,SERVO_OUTPUT_RAW,2441109781,SERVO_OUTPUT_RAW,0,0,0,0,0,0,0,0,1000,1000,1000,1000,0,0,0,0,0
2025-12-15 01:14:46.029,SERVO_OUTPUT_RAW,2441209777,SERVO_OUTPUT_RAW,0,0,0,0,0,0,0,0,1000,1000,1000,1000,0,0,0,0,0
2025-12-15 01:14:46.129,SERVO_OUTPUT_RAW,2441309790,SERVO_OUTPUT_RAW,0,0,0,0,0,0,0,0,1000,1000,1000,1000,0,0,0,0,0
2025-12-15 01:14:46.228,SERVO_OUTPUT_RAW,2441409812,SERVO_OUTPUT_RAW,0,0,0,0,0,0,0,0,1000,1000,1000,1000,0,0,0,0,0
2025-12-15 01:14:46.329,SERVO_OUTPUT_RAW,2441509834,SERVO_OUTPUT_RAW,0,0,0,0,0,0,0,0,1000,1000,1000,1000,0,0,0,0,0
2025-12-15 01:14:46.429,SERVO_OUTPUT_RAW,2441609820,SERVO_OUTPUT_RAW,0,0,0,0,0,0,0,0,1000,1000,1000,1000,0,0,0,0,0
2025-12-15 01:14:46.529,SERVO_OUTPUT_RAW,2441709791,SERVO_OUTPUT_RAW,0,0,0,0,0,0,0,0,1000,1000,1000,1000,0,0,0,0,0
2025-12-15 01:14:46.629,SERVO_OUTPUT_RAW,2441809803,SERVO_OUTPUT_RAW,0,0,0,0,0,0,0,0,1000,1000,1000,1000,0,0,0,0,0
2025-12-15 01:14:46.729,SERVO_OUTPUT_RAW,2441909862,SERVO_OUTPUT_RAW,0,0,0,0,0,0,0,0,1000,1000,1000,1000,0,0,0,0,0
2025-12-15 01:14:46.829,SERVO_OUTPUT_RAW,2442009841,SERVO_OUTPUT_RAW,0,0,0,0,0,0,0,0,1000,1000,1000,1000,0,0,0,0,0
2025-12-15 01:14:46.929,SERVO_OUTPUT_RAW,2442109781,SERVO_OUTPUT_RAW,0,0,0,0,0,0,0,0,1000,1000,1000,1000,0,0,0,0,0
2025-12-15 01:14:47.029,SERVO_OUTPUT_RAW,2442209928,SERVO_OUTPUT_RAW,0,0,0,0,0,0,0,0,1000,1000,1000,1000,0,0,0,0,0
2025-12-15 01:14:47.129,SERVO_OUTPUT_RAW,2442309824,SERVO_OUTPUT_RAW,0,0,0,0,0,0,0,0,1000,1000,1000,1000,0,0,0,0,0
2025-12-15 01:14:47.229,SERVO_OUTPUT_RAW,2442409821,SERVO_OUTPUT_RAW,0,0,0,0,0,0,0,0,1000,1000,1000,1000,0,0,0,0,0
2025-12-15 01:14:47.328,SERVO_OUTPUT_RAW,2442509789,SERVO_OUTPUT_RAW,0,0,0,0,0,0,0,0,1000,1000,1000,1000,0,0,0,0,0
2025-12-15 01:14:47.429,SERVO_OUTPUT_RAW,2442609799,SERVO_OUTPUT_RAW,0,0,0,0,0,0,0,0,1000,1000,1000,1000,0,0,0,0,0
2025-12-15 01:14:47.528,SERVO_OUTPUT_RAW,2442709780,SERVO_OUTPUT_RAW,0,0,0,0,0,0,0,0,1000,1000,1000,1000,0,0,0,0,0
2025-12-15 01:14:47.628,SERVO_OUTPUT_RAW,2442809788,SERVO_OUTPUT_RAW,0,0,0,0,0,0,0,0,1000,1000,1000,1000,0,0,0,0,0
2025-12-15 01:14:47.728,SERVO_OUTPUT_RAW,2442909793,SERVO_OUTPUT_RAW,0,0,0,0,0,0,0,0,1000,1000,1000,1000,0,0,0,0,0
2025-12-15 01:14:47.828,SERVO_OUTPUT_RAW,2443009808,SERVO_OUTPUT_RAW,0,0,0,0,0,0,0,0,1000,1000,1000,1000,0,0,0,0,0
2025-12-15 01:14:47.928,SERVO_OUTPUT_RAW,2443109821,SERVO_OUTPUT_RAW,0,0,0,0,0,0,0,0,1000,1000,1000,1000,0,0,0,0,0
2025-12-15 01:14:48.028,SERVO_OUTPUT_RAW,2443209802,SERVO_OUTPUT_RAW,0,0,0,0,0,0,0,0,1000,1000,1000,1000,0,0,0,0,0
2025-12-15 01:14:48.128,SERVO_OUTPUT_RAW,2443309787,SERVO_OUTPUT_RAW,0,0,0,0,0,0,0,0,1000,1000,1000,1000,0,0,0,0,0
2025-12-15 01:14:48.228,SERVO_OUTPUT_RAW,2443409813,SERVO_OUTPUT_RAW,0,0,0,0,0,0,0,0,1000,1000,1000,1000,0,0,0,0,0
2025-12-15 01:14:48.328,SERVO_OUTPUT_RAW,2443509868,SERVO_OUTPUT_RAW,0,0,0,0,0,0,0,0,1000,1000,1000,1000,0,0,0,0,0
2025-12-15 01:14:48.428,SERVO_OUTPUT_RAW,2443609822,SERVO_OUTPUT_RAW,0,0,0,0,0,0,0,0,1000,1000,1000,1000,0,0,0,0,0
2025-12-15 01:14:48.528,SERVO_OUTPUT_RAW,2443709799,SERVO_OUTPUT_RAW,0,0,0,0,0,0,0,0,1000,1000,1000,1000,0,0,0,0,0
2025-12-15 01:14:48.628,SERVO_OUTPUT_RAW,2443809810,SERVO_OUTPUT_RAW,0,0,0,0,0,0,0,0,1000,1000,1000,1000,0,0,0,0,0
2025-12-15 01:14:48.729,SERVO_OUTPUT_RAW,2443909832,SERVO_OUTPUT_RAW,0,0,0,0,0,0,0,0,1000,1000,1000,1000,0,0,0,0,0
2025-12-15 01:14:48.828,SERVO_OUTPUT_RAW,2444009788,SERVO_OUTPUT_RAW,0,0,0,0,0,0,0,0,1000,1000,1000,1000,0,0,0,0,0
2025-12-15 01:14:48.928,SERVO_OUTPUT_RAW,2444109777,SERVO_OUTPUT_RAW,0,0,0,0,0,0,0,0,1000,1000,1000,1000,0,0,0,0,0
2025-12-15 01:14:49.028,SERVO_OUTPUT_RAW,2444209794,SERVO_OUTPUT_RAW,0,0,0,0,0,0,0,0,1000,1000,1000,1000,0,0,0,0,0
2025-12-15 01:14:49.128,SERVO_OUTPUT_RAW,2444309841,SERVO_OUTPUT_RAW,0,0,0,0,0,0,0,0,1000,1000,1000,1000,0,0,0,0,0
2025-12-15 01:14:49.228,SERVO_OUTPUT_RAW,2444409787,SERVO_OUTPUT_RAW,0,0,0,0,0,0,0,0,1000,1000,1000,1000,0,0,0,0,0
2025-12-15 01:14:49.328,SERVO_OUTPUT_RAW,2444509795,SERVO_OUTPUT_RAW,0,0,0,0,0,0,0,0,1000,1000,1000,1000,0,0,0,0,0
2025-12-15 01:14:49.428,SERVO_OUTPUT_RAW,2444609846,SERVO_OUTPUT_RAW,0,0,0,0,0,0,0,0,1000,1000,1000,1000,0,0,0,0,0
2025-12-15 01:14:49.528,SERVO_OUTPUT_RAW,2444709835,SERVO_OUTPUT_RAW,0,0,0,0,0,0,0,0,1000,1000,1000,1000,0,0,0,0,0
2025-12-15 01:14:49.628,SERVO_OUTPUT_RAW,2444809888,SERVO_OUTPUT_RAW,0,0,0,0,0,0,0,0,1000,1000,1000,1000,0,0,0,0,0
2025-12-15 01:14:49.728,SERVO_OUTPUT_RAW,2444909822,SERVO_OUTPUT_RAW,0,0,0,0,0,0,0,0,1000,1000,1000,1000,0,0,0,0,0
2025-12-15 01:14:49.828,SERVO_OUTPUT_RAW,2445009853,SERVO_OUTPUT_RAW,0,0,0,0,0,0,0,0,1000,1000,1000,1000,0,0,0,0,0
2025-12-15 01:14:49.929,SERVO_OUTPUT_RAW,2445109874,SERVO_OUTPUT_RAW,0,0,0,0,0,0,0,0,1000,1000,1000,1000,0,0,0,0,0
2025-12-15 01:14:50.028,SERVO_OUTPUT_RAW,2445209782,SERVO_OUTPUT_RAW,0,0,0,0,0,0,0,0,1000,1000,1000,1000,0,0,0,0,0
2025-12-15 01:14:50.128,SERVO_OUTPUT_RAW,2445309796,SERVO_OUTPUT_RAW,0,0,0,0,0,0,0,0,1000,1000,1000,1000,0,0,0,0,0
2025-12-15 01:14:50.228,SERVO_OUTPUT_RAW,2445409825,SERVO_OUTPUT_RAW,0,0,0,0,0,0,0,0,1000,1000,1000,1000,0,0,0,0,0
2025-12-15 01:14:50.328,SERVO_OUTPUT_RAW,2445509819,SERVO_OUTPUT_RAW,0,0,0,0,0,0,0,0,1000,1000,1000,1000,0,0,0,0,0
2025-12-15 01:14:50.428,SERVO_OUTPUT_RAW,2445609794,SERVO_OUTPUT_RAW,0,0,0,0,0,0,0,0,1000,1000,1000,1000,0,0,0,0,0
2025-12-15 01:14:50.528,SERVO_OUTPUT_RAW,2445709793,SERVO_OUTPUT_RAW,0,0,0,0,0,0,0,0,1000,1000,1000,1000,0,0,0,0,0
2025-12-15 01:14:50.628,SERVO_OUTPUT_RAW,2445809780,SERVO_OUTPUT_RAW,0,0,0,0,0,0,0,0,1000,1000,1000,1000,0,0,0,0,0
2025-12-15 01:14:50.728,SERVO_OUTPUT_RAW,2445909797,SERVO_OUTPUT_RAW,0,0,0,0,0,0,0,0,1000,1000,1000,1000,0,0,0,0,0
2025-12-15 01:14:50.828,SERVO_OUTPUT_RAW,2446009786,SERVO_OUTPUT_RAW,0,0,0,0,0,0,0,0,1000,1000,1000,1000,0,0,0,0,0
2025-12-15 01:14:50.928,SERVO_OUTPUT_RAW,2446112152,SERVO_OUTPUT_RAW,0,0,0,0,0,0,0,0,1000,1000,1000,1000,0,0,0,0,0
2025-12-15 01:14:51.028,SERVO_OUTPUT_RAW,2446209830,SERVO_OUTPUT_RAW,0,0,0,0,0,0,0,0,1000,1000,1000,1000,0,0,0,0,0
2025-12-15 01:14:51.128,SERVO_OUTPUT_RAW,2446309863,SERVO_OUTPUT_RAW,0,0,0,0,0,0,0,0,1000,1000,1000,1000,0,0,0,0,0
2025-12-15 01:14:51.228,SERVO_OUTPUT_RAW,2446409812,SERVO_OUTPUT_RAW,0,0,0,0,0,0,0,0,1000,1000,1000,1000,0,0,0,0,0
2025-12-15 01:14:51.328,SERVO_OUTPUT_RAW,2446509809,SERVO_OUTPUT_RAW,0,0,0,0,0,0,0,0,1000,1000,1000,1000,0,0,0,0,0
2025-12-15 01:14:51.429,SERVO_OUTPUT_RAW,2446609837,SERVO_OUTPUT_RAW,0,0,0,0,0,0,0,0,1000,1000,1000,1000,0,0,0,0,0
2025-12-15 01:14:51.528,SERVO_OUTPUT_RAW,2446709847,SERVO_OUTPUT_RAW,0,0,0,0,0,0,0,0,1000,1000,1000,1000,0,0,0,0,0
2025-12-15 01:14:51.628,SERVO_OUTPUT_RAW,2446809794,SERVO_OUTPUT_RAW,0,0,0,0,0,0,0,0,1000,1000,1000,1000,0,0,0,0,0
2025-12-15 01:14:51.729,SERVO_OUTPUT_RAW,2446909843,SERVO_OUTPUT_RAW,0,0,0,0,0,0,0,0,1000,1000,1000,1000,0,0,0,0,0
2025-12-15 01:14:51.828,SERVO_OUTPUT_RAW,2447009811,SERVO_OUTPUT_RAW,0,0,0,0,0,0,0,0,1000,1000,1000,1000,0,0,0,0,0
2025-12-15 01:14:51.928,SERVO_OUTPUT_RAW,2447109804,SERVO_OUTPUT_RAW,0,0,0,0,0,0,0,0,1000,1000,1000,1000,0,0,0,0,0
2025-12-15 01:14:52.028,SERVO_OUTPUT_RAW,2447209859,SERVO_OUTPUT_RAW,0,0,0,0,0,0,0,0,1000,1000,1000,1000,0,0,0,0,0
2025-12-15 01:14:52.128,SERVO_OUTPUT_RAW,2447309808,SERVO_OUTPUT_RAW,0,0,0,0,0,0,0,0,1000,1000,1000,1000,0,0,0,0,0
2025-12-15 01:14:52.229,SERVO_OUTPUT_RAW,2447409808,SERVO_OUTPUT_RAW,0,0,0,0,0,0,0,0,1000,1000,1000,1000,0,0,0,0,0
2025-12-15 01:14:52.328,SERVO_OUTPUT_RAW,2447509795,SERVO_OUTPUT_RAW,0,0,0,0,0,0,0,0,1000,1000,1000,1000,0,0,0,0,0
2025-12-15 01:14:52.428,SERVO_OUTPUT_RAW,2447609784,SERVO_OUTPUT_RAW,0,0,0,0,0,0,0,0,1000,1000,1000,1000,0,0,0,0,0
2025-12-15 01:14:52.530,SERVO_OUTPUT_RAW,2447709823,SERVO_OUTPUT_RAW,0,0,0,0,0,0,0,0,1000,1000,1000,1000,0,0,0,0,0
2025-12-15 01:14:52.629,SERVO_OUTPUT_RAW,2447809850,SERVO_OUTPUT_RAW,0,0,0,0,0,0,0,0,1000,1000,1000,1000,0,0,0,0,0
2025-12-15 01:14:52.728,SERVO_OUTPUT_RAW,2447909799,SERVO_OUTPUT_RAW,0,0,0,0,0,0,0,0,1000,1000,1000,1000,0,0,0,0,0
2025-12-15 01:14:52.829,SERVO_OUTPUT_RAW,2448009875,SERVO_OUTPUT_RAW,0,0,0,0,0,0,0,0,1000,1000,1000,1000,0,0,0,0,0
2025-12-15 01:14:52.928,SERVO_OUTPUT_RAW,2448109825,SERVO_OUTPUT_RAW,0,0,0,0,0,0,0,0,1000,1000,1000,1000,0,0,0,0,0
2025-12-15 01:14:53.029,SERVO_OUTPUT_RAW,2448209845,SERVO_OUTPUT_RAW,0,0,0,0,0,0,0,0,1000,1000,1000,1000,0,0,0,0,0
2025-12-15 01:14:53.129,SERVO_OUTPUT_RAW,2448309850,SERVO_OUTPUT_RAW,0,0,0,0,0,0,0,0,1000,1000,1000,1000,0,0,0,0,0
2025-12-15 01:14:53.229,SERVO_OUTPUT_RAW,2448409782,SERVO_OUTPUT_RAW,0,0,0,0,0,0,0,0,1000,1000,1000,1000,0,0,0,0,0
2025-12-15 01:14:53.329,SERVO_OUTPUT_RAW,2448509924,SERVO_OUTPUT_RAW,0,0,0,0,0,0,0,0,1000,1000,1000,1000,0,0,0,0,0
2025-12-15 01:14:53.429,SERVO_OUTPUT_RAW,2448609810,SERVO_OUTPUT_RAW,0,0,0,0,0,0,0,0,1000,1000,1000,1000,0,0,0,0,0
2025-12-15 01:14:53.529,SERVO_OUTPUT_RAW,2448709780,SERVO_OUTPUT_RAW,0,0,0,0,0,0,0,0,1000,1000,1000,1000,0,0,0,0,0
2025-12-15 01:14:53.629,SERVO_OUTPUT_RAW,2448809803,SERVO_OUTPUT_RAW,0,0,0,0,0,0,0,0,1000,1000,1000,1000,0,0,0,0,0
2025-12-15 01:14:53.729,SERVO_OUTPUT_RAW,2448909787,SERVO_OUTPUT_RAW,0,0,0,0,0,0,0,0,1000,1000,1000,1000,0,0,0,0,0
2025-12-15 01:14:53.829,SERVO_OUTPUT_RAW,2449009807,SERVO_OUTPUT_RAW,0,0,0,0,0,0,0,0,1000,1000,1000,1000,0,0,0,0,0
2025-12-15 01:14:53.929,SERVO_OUTPUT_RAW,2449109802,SERVO_OUTPUT_RAW,0,0,0,0,0,0,0,0,1000,1000,1000,1000,0,0,0,0,0
2025-12-15 01:14:54.029,SERVO_OUTPUT_RAW,2449209805,SERVO_OUTPUT_RAW,0,0,0,0,0,0,0,0,1000,1000,1000,1000,0,0,0,0,0
2025-12-15 01:14:54.129,SERVO_OUTPUT_RAW,2449309881,SERVO_OUTPUT_RAW,0,0,0,0,0,0,0,0,1000,1000,1000,1000,0,0,0,0,0
2025-12-15 01:14:54.229,SERVO_OUTPUT_RAW,2449409839,SERVO_OUTPUT_RAW,0,0,0,0,0,0,0,0,1000,1000,1000,1000,0,0,0,0,0
2025-12-15 01:14:54.329,SERVO_OUTPUT_RAW,2449509781,SERVO_OUTPUT_RAW,0,0,0,0,0,0,0,0,1000,1000,1000,1000,0,0,0,0,0
2025-12-15 01:14:54.429,SERVO_OUTPUT_RAW,2449609809,SERVO_OUTPUT_RAW,0,0,0,0,0,0,0,0,1000,1000,1000,1000,0,0,0,0,0
2025-12-15 01:14:54.529,SERVO_OUTPUT_RAW,2449709825,SERVO_OUTPUT_RAW,0,0,0,0,0,0,0,0,1000,1000,1000,1000,0,0,0,0,0
2025-12-15 01:14:54.629,SERVO_OUTPUT_RAW,2449809849,SERVO_OUTPUT_RAW,0,0,0,0,0,0,0,0,1000,1000,1000,1000,0,0,0,0,0
2025-12-15 01:14:54.729,SERVO_OUTPUT_RAW,2449909795,SERVO_OUTPUT_RAW,0,0,0,0,0,0,0,0,1000,1000,1000,1000,0,0,0,0,0
2025-12-15 01:14:54.829,SERVO_OUTPUT_RAW,2450009809,SERVO_OUTPUT_RAW,0,0,0,0,0,0,0,0,1000,1000,1000,1000,0,0,0,0,0
2025-12-15 01:14:54.930,SERVO_OUTPUT_RAW,2450109809,SERVO_OUTPUT_RAW,0,0,0,0,0,0,0,0,1000,1000,1000,1000,0,0,0,0,0
2025-12-15 01:14:55.029,SERVO_OUTPUT_RAW,2450209821,SERVO_OUTPUT_RAW,0,0,0,0,0,0,0,0,1000,1000,1000,1000,0,0,0,0,0
2025-12-15 01:14:55.129,SERVO_OUTPUT_RAW,2450309799,SERVO_OUTPUT_RAW,0,0,0,0,0,0,0,0,1000,1000,1000,1000,0,0,0,0,0
2025-12-15 01:14:55.229,SERVO_OUTPUT_RAW,2450409797,SERVO_OUTPUT_RAW,0,0,0,0,0,0,0,0,1000,1000,1000,1000,0,0,0,0,0
2025-12-15 01:14:55.329,SERVO_OUTPUT_RAW,2450509788,SERVO_OUTPUT_RAW,0,0,0,0,0,0,0,0,1000,1000,1000,1000,0,0,0,0,0
2025-12-15 01:14:55.429,SERVO_OUTPUT_RAW,2450609857,SERVO_OUTPUT_RAW,0,0,0,0,0,0,0,0,1000,1000,1000,1000,0,0,0,0,0
2025-12-15 01:14:55.529,SERVO_OUTPUT_RAW,2450709793,SERVO_OUTPUT_RAW,0,0,0,0,0,0,0,0,1000,1000,1000,1000,0,0,0,0,0
2025-12-15 01:14:55.629,SERVO_OUTPUT_RAW,2450809831,SERVO_OUTPUT_RAW,0,0,0,0,0,0,0,0,1000,1000,1000,1000,0,0,0,0,0
2025-12-15 01:14:55.729,SERVO_OUTPUT_RAW,2450909869,SERVO_OUTPUT_RAW,0,0,0,0,0,0,0,0,1000,1000,1000,1000,0,0,0,0,0
2025-12-15 01:14:55.829,SERVO_OUTPUT_RAW,2451009792,SERVO_OUTPUT_RAW,0,0,0,0,0,0,0,0,1000,1000,1000,1000,0,0,0,0,0
2025-12-15 01:14:55.929,SERVO_OUTPUT_RAW,2451109776,SERVO_OUTPUT_RAW,0,0,0,0,0,0,0,0,1000,1000,1000,1000,0,0,0,0,0
2025-12-15 01:14:56.029,SERVO_OUTPUT_RAW,2451209818,SERVO_OUTPUT_RAW,0,0,0,0,0,0,0,0,1000,1000,1000,1000,0,0,0,0,0
2025-12-15 01:14:56.129,SERVO_OUTPUT_RAW,2451309868,SERVO_OUTPUT_RAW,0,0,0,0,0,0,0,0,1000,1000,1000,1000,0,0,0,0,0
2025-12-15 01:14:56.229,SERVO_OUTPUT_RAW,2451409822,SERVO_OUTPUT_RAW,0,0,0,0,0,0,0,0,1000,1000,1000,1000,0,0,0,0,0
2025-12-15 01:14:56.329,SERVO_OUTPUT_RAW,2451509793,SERVO_OUTPUT_RAW,0,0,0,0,0,0,0,0,1000,1000,1000,1000,0,0,0,0,0
2025-12-15 01:14:56.429,SERVO_OUTPUT_RAW,2451609814,SERVO_OUTPUT_RAW,0,0,0,0,0,0,0,0,1000,1000,1000,1000,0,0,0,0,0
2025-12-15 01:14:56.529,SERVO_OUTPUT_RAW,2451709811,SERVO_OUTPUT_RAW,0,0,0,0,0,0,0,0,1000,1000,1000,1000,0,0,0,0,0
2025-12-15 01:14:56.629,SERVO_OUTPUT_RAW,2451809818,SERVO_OUTPUT_RAW,0,0,0,0,0,0,0,0,1000,1000,1000,1000,0,0,0,0,0
2025-12-15 01:14:56.729,SERVO_OUTPUT_RAW,2451909793,SERVO_OUTPUT_RAW,0,0,0,0,0,0,0,0,1000,1000,1000,1000,0,0,0,0,0
2025-12-15 01:14:56.828,SERVO_OUTPUT_RAW,2452009779,SERVO_OUTPUT_RAW,0,0,0,0,0,0,0,0,1000,1000,1000,1000,0,0,0,0,0
2025-12-15 01:14:56.928,SERVO_OUTPUT_RAW,2452109784,SERVO_OUTPUT_RAW,0,0,0,0,0,0,0,0,1000,1000,1000,1000,0,0,0,0,0
2025-12-15 01:14:57.028,SERVO_OUTPUT_RAW,2452209795,SERVO_OUTPUT_RAW,0,0,0,0,0,0,0,0,1000,1000,1000,1000,0,0,0,0,0
2025-12-15 01:14:57.129,SERVO_OUTPUT_RAW,2452309811,SERVO_OUTPUT_RAW,0,0,0,0,0,0,0,0,1000,1000,1000,1000,0,0,0,0,0
2025-12-15 01:14:57.228,SERVO_OUTPUT_RAW,2452409829,SERVO_OUTPUT_RAW,0,0,0,0,0,0,0,0,1000,1000,1000,1000,0,0,0,0,0
2025-12-15 01:14:57.328,SERVO_OUTPUT_RAW,2452509837,SERVO_OUTPUT_RAW,0,0,0,0,0,0,0,0,1000,1000,1000,1000,0,0,0,0,0
2025-12-15 01:14:57.430,SERVO_OUTPUT_RAW,2452609803,SERVO_OUTPUT_RAW,0,0,0,0,0,0,0,0,1000,1000,1000,1000,0,0,0,0,0
2025-12-15 01:14:57.528,SERVO_OUTPUT_RAW,2452709842,SERVO_OUTPUT_RAW,0,0,0,0,0,0,0,0,1000,1000,1000,1000,0,0,0,0,0
2025-12-15 01:14:57.628,SERVO_OUTPUT_RAW,2452809839,SERVO_OUTPUT_RAW,0,0,0,0,0,0,0,0,1000,1000,1000,1000,0,0,0,0,0
2025-12-15 01:14:57.728,SERVO_OUTPUT_RAW,2452909841,SERVO_OUTPUT_RAW,0,0,0,0,0,0,0,0,1000,1000,1000,1000,0,0,0,0,0
2025-12-15 01:14:57.829,SERVO_OUTPUT_RAW,2453009787,SERVO_OUTPUT_RAW,0,0,0,0,0,0,0,0,1000,1000,1000,1000,0,0,0,0,0
2025-12-15 01:14:57.928,SERVO_OUTPUT_RAW,2453109789,SERVO_OUTPUT_RAW,0,0,0,0,0,0,0,0,1000,1000,1000,1000,0,0,0,0,0
2025-12-15 01:14:58.028,SERVO_OUTPUT_RAW,2453209815,SERVO_OUTPUT_RAW,0,0,0,0,0,0,0,0,1000,1000,1000,1000,0,0,0,0,0
2025-12-15 01:14:58.128,SERVO_OUTPUT_RAW,2453309812,SERVO_OUTPUT_RAW,0,0,0,0,0,0,0,0,1000,1000,1000,1000,0,0,0,0,0
2025-12-15 01:14:58.229,SERVO_OUTPUT_RAW,2453409779,SERVO_OUTPUT_RAW,0,0,0,0,0,0,0,0,1000,1000,1000,1000,0,0,0,0,0
2025-12-15 01:14:58.328,SERVO_OUTPUT_RAW,2453509776,SERVO_OUTPUT_RAW,0,0,0,0,0,0,0,0,1000,1000,1000,1000,0,0,0,0,0
2025-12-15 01:14:58.428,SERVO_OUTPUT_RAW,2453609795,SERVO_OUTPUT_RAW,0,0,0,0,0,0,0,0,1000,1000,1000,1000,0,0,0,0,0
2025-12-15 01:14:58.528,SERVO_OUTPUT_RAW,2453709784,SERVO_OUTPUT_RAW,0,0,0,0,0,0,0,0,1000,1000,1000,1000,0,0,0,0,0
2025-12-15 01:14:58.629,SERVO_OUTPUT_RAW,2453812134,SERVO_OUTPUT_RAW,0,0,0,0,0,0,0,0,1000,1000,1000,1000,0,0,0,0,0
2025-12-15 01:14:58.728,SERVO_OUTPUT_RAW,2453909805,SERVO_OUTPUT_RAW,0,0,0,0,0,0,0,0,1000,1000,1000,1000,0,0,0,0,0
2025-12-15 01:14:58.828,SERVO_OUTPUT_RAW,2454009827,SERVO_OUTPUT_RAW,0,0,0,0,0,0,0,0,1000,1000,1000,1000,0,0,0,0,0
2025-12-15 01:14:58.928,SERVO_OUTPUT_RAW,2454109848,SERVO_OUTPUT_RAW,0,0,0,0,0,0,0,0,1000,1000,1000,1000,0,0,0,0,0
2025-12-15 01:14:59.028,SERVO_OUTPUT_RAW,2454209810,SERVO_OUTPUT_RAW,0,0,0,0,0,0,0,0,1000,1000,1000,1000,0,0,0,0,0
2025-12-15 01:14:59.128,SERVO_OUTPUT_RAW,2454309825,SERVO_OUTPUT_RAW,0,0,0,0,0,0,0,0,1000,1000,1000,1000,0,0,0,0,0
2025-12-15 01:14:59.229,SERVO_OUTPUT_RAW,2454409838,SERVO_OUTPUT_RAW,0,0,0,0,0,0,0,0,1000,1000,1000,1000,0,0,0,0,0
2025-12-15 01:14:59.328,SERVO_OUTPUT_RAW,2454509855,SERVO_OUTPUT_RAW,0,0,0,0,0,0,0,0,1000,1000,1000,1000,0,0,0,0,0
2025-12-15 01:14:59.428,SERVO_OUTPUT_RAW,2454609793,SERVO_OUTPUT_RAW,0,0,0,0,0,0,0,0,1000,1000,1000,1000,0,0,0,0,0
2025-12-15 01:14:59.529,SERVO_OUTPUT_RAW,2454709812,SERVO_OUTPUT_RAW,0,0,0,0,0,0,0,0,1000,1000,1000,1000,0,0,0,0,0
2025-12-15 01:14:59.628,SERVO_OUTPUT_RAW,2454809904,SERVO_OUTPUT_RAW,0,0,0,0,0,0,0,0,1000,1000,1000,1000,0,0,0,0,0
2025-12-15 01:14:59.728,SERVO_OUTPUT_RAW,2454909781,SERVO_OUTPUT_RAW,0,0,0,0,0,0,0,0,1000,1000,1000,1000,0,0,0,0,0
2025-12-15 01:14:59.828,SERVO_OUTPUT_RAW,2455009791,SERVO_OUTPUT_RAW,0,0,0,0,0,0,0,0,1000,1000,1000,1000,0,0,0,0,0
2025-12-15 01:14:59.928,SERVO_OUTPUT_RAW,2455109801,SERVO_OUTPUT_RAW,0,0,0,0,0,0,0,0,1000,1000,1000,1000,0,0,0,0,0
2025-12-15 01:15:00.028,SERVO_OUTPUT_RAW,2455209780,SERVO_OUTPUT_RAW,0,0,0,0,0,0,0,0,1000,1000,1000,1000,0,0,0,0,0
2025-12-15 01:15:00.128,SERVO_OUTPUT_RAW,2455309794,SERVO_OUTPUT_RAW,0,0,0,0,0,0,0,0,1000,1000,1000,1000,0,0,0,0,0
2025-12-15 01:15:00.229,SERVO_OUTPUT_RAW,2455409817,SERVO_OUTPUT_RAW,0,0,0,0,0,0,0,0,1000,1000,1000,1000,0,0,0,0,0
2025-12-15 01:15:00.329,SERVO_OUTPUT_RAW,2455509816,SERVO_OUTPUT_RAW,0,0,0,0,0,0,0,0,1000,1000,1000,1000,0,0,0,0,0
2025-12-15 01:15:00.429,SERVO_OUTPUT_RAW,2455609837,SERVO_OUTPUT_RAW,0,0,0,0,0,0,0,0,1000,1000,1000,1000,0,0,0,0,0
2025-12-15 01:15:00.529,SERVO_OUTPUT_RAW,2455709805,SERVO_OUTPUT_RAW,0,0,0,0,0,0,0,0,1000,1000,1000,1000,0,0,0,0,0
2025-12-15 01:15:00.628,SERVO_OUTPUT_RAW,2455809797,SERVO_OUTPUT_RAW,0,0,0,0,0,0,0,0,1000,1000,1000,1000,0,0,0,0,0
2025-12-15 01:15:00.729,SERVO_OUTPUT_RAW,2455909816,SERVO_OUTPUT_RAW,0,0,0,0,0,0,0,0,1000,1000,1000,1000,0,0,0,0,0
2025-12-15 01:15:00.829,SERVO_OUTPUT_RAW,2456009842,SERVO_OUTPUT_RAW,0,0,0,0,0,0,0,0,1000,1000,1000,1000,0,0,0,0,0
2025-12-15 01:15:00.929,SERVO_OUTPUT_RAW,2456109861,SERVO_OUTPUT_RAW,0,0,0,0,0,0,0,0,1000,1000,1000,1000,0,0,0,0,0
2025-12-15 01:15:01.029,SERVO_OUTPUT_RAW,2456209785,SERVO_OUTPUT_RAW,0,0,0,0,0,0,0,0,1000,1000,1000,1000,0,0,0,0,0
2025-12-15 01:15:01.129,SERVO_OUTPUT_RAW,2456309832,SERVO_OUTPUT_RAW,0,0,0,0,0,0,0,0,1000,1000,1000,1000,0,0,0,0,0
2025-12-15 01:15:01.229,SERVO_OUTPUT_RAW,2456409813,SERVO_OUTPUT_RAW,0,0,0,0,0,0,0,0,1000,1000,1000,1000,0,0,0,0,0
2025-12-15 01:15:01.329,SERVO_OUTPUT_RAW,2456509773,SERVO_OUTPUT_RAW,0,0,0,0,0,0,0,0,1000,1000,1000,1000,0,0,0,0,0
2025-12-15 01:15:01.429,SERVO_OUTPUT_RAW,2456609772,SERVO_OUTPUT_RAW,0,0,0,0,0,0,0,0,1000,1000,1000,1000,0,0,0,0,0
2025-12-15 01:15:01.529,SERVO_OUTPUT_RAW,2456709794,SERVO_OUTPUT_RAW,0,0,0,0,0,0,0,0,1000,1000,1000,1000,0,0,0,0,0
2025-12-15 01:15:01.629,SERVO_OUTPUT_RAW,2456809783,SERVO_OUTPUT_RAW,0,0,0,0,0,0,0,0,1000,1000,1000,1000,0,0,0,0,0
2025-12-15 01:15:01.729,SERVO_OUTPUT_RAW,2456909834,SERVO_OUTPUT_RAW,0,0,0,0,0,0,0,0,1000,1000,1000,1000,0,0,0,0,0
2025-12-15 01:15:01.829,SERVO_OUTPUT_RAW,2457009822,SERVO_OUTPUT_RAW,0,0,0,0,0,0,0,0,1000,1000,1000,1000,0,0,0,0,0
2025-12-15 01:15:01.929,SERVO_OUTPUT_RAW,2457112140,SERVO_OUTPUT_RAW,0,0,0,0,0,0,0,0,1000,1000,1000,1000,0,0,0,0,0
2025-12-15 01:15:02.029,SERVO_OUTPUT_RAW,2457212140,SERVO_OUTPUT_RAW,0,0,0,0,0,0,0,0,1000,1000,1000,1000,0,0,0,0,0
2025-12-15 01:15:02.129,SERVO_OUTPUT_RAW,2457309792,SERVO_OUTPUT_RAW,0,0,0,0,0,0,0,0,1000,1000,1000,1000,0,0,0,0,0
2025-12-15 01:15:02.229,SERVO_OUTPUT_RAW,2457409814,SERVO_OUTPUT_RAW,0,0,0,0,0,0,0,0,1000,1000,1000,1000,0,0,0,0,0
2025-12-15 01:15:02.329,SERVO_OUTPUT_RAW,2457509829,SERVO_OUTPUT_RAW,0,0,0,0,0,0,0,0,1000,1000,1000,1000,0,0,0,0,0
2025-12-15 01:15:02.434,SERVO_OUTPUT_RAW,2457609833,SERVO_OUTPUT_RAW,0,0,0,0,0,0,0,0,1000,1000,1000,1000,0,0,0,0,0
2025-12-15 01:15:02.529,SERVO_OUTPUT_RAW,2457709871,SERVO_OUTPUT_RAW,0,0,0,0,0,0,0,0,1000,1000,1000,1000,0,0,0,0,0
2025-12-15 01:15:02.629,SERVO_OUTPUT_RAW,2457809799,SERVO_OUTPUT_RAW,0,0,0,0,0,0,0,0,1000,1000,1000,1000,0,0,0,0,0
2025-12-15 01:15:02.729,SERVO_OUTPUT_RAW,2457909804,SERVO_OUTPUT_RAW,0,0,0,0,0,0,0,0,1000,1000,1000,1000,0,0,0,0,0
2025-12-15 01:15:02.829,SERVO_OUTPUT_RAW,2458009830,SERVO_OUTPUT_RAW,0,0,0,0,0,0,0,0,1000,1000,1000,1000,0,0,0,0,0
2025-12-15 01:15:02.929,SERVO_OUTPUT_RAW,2458109795,SERVO_OUTPUT_RAW,0,0,0,0,0,0,0,0,1000,1000,1000,1000,0,0,0,0,0
2025-12-15 01:15:03.029,SERVO_OUTPUT_RAW,2458209808,SERVO_OUTPUT_RAW,0,0,0,0,0,0,0,0,1000,1000,1000,1000,0,0,0,0,0
2025-12-15 01:15:03.129,SERVO_OUTPUT_RAW,2458309811,SERVO_OUTPUT_RAW,0,0,0,0,0,0,0,0,1000,1000,1000,1000,0,0,0,0,0
2025-12-15 01:15:03.229,SERVO_OUTPUT_RAW,2458409794,SERVO_OUTPUT_RAW,0,0,0,0,0,0,0,0,1000,1000,1000,1000,0,0,0,0,0
2025-12-15 01:15:03.329,SERVO_OUTPUT_RAW,2458509811,SERVO_OUTPUT_RAW,0,0,0,0,0,0,0,0,1000,1000,1000,1000,0,0,0,0,0
2025-12-15 01:15:03.429,SERVO_OUTPUT_RAW,2458609816,SERVO_OUTPUT_RAW,0,0,0,0,0,0,0,0,1000,1000,1000,1000,0,0,0,0,0
2025-12-15 01:15:03.529,SERVO_OUTPUT_RAW,2458709835,SERVO_OUTPUT_RAW,0,0,0,0,0,0,0,0,1000,1000,1000,1000,0,0,0,0,0
2025-12-15 01:15:03.629,SERVO_OUTPUT_RAW,2458809792,SERVO_OUTPUT_RAW,0,0,0,0,0,0,0,0,1000,1000,1000,1000,0,0,0,0,0
2025-12-15 01:15:03.729,SERVO_OUTPUT_RAW,2458909772,SERVO_OUTPUT_RAW,0,0,0,0,0,0,0,0,1000,1000,1000,1000,0,0,0,0,0
2025-12-15 01:15:03.829,SERVO_OUTPUT_RAW,2459009829,SERVO_OUTPUT_RAW,0,0,0,0,0,0,0,0,1000,1000,1000,1000,0,0,0,0,0
2025-12-15 01:15:03.929,SERVO_OUTPUT_RAW,2459109850,SERVO_OUTPUT_RAW,0,0,0,0,0,0,0,0,1000,1000,1000,1000,0,0,0,0,0
2025-12-15 01:15:04.029,SERVO_OUTPUT_RAW,2459209851,SERVO_OUTPUT_RAW,0,0,0,0,0,0,0,0,1000,1000,1000,1000,0,0,0,0,0
2025-12-15 01:15:04.129,SERVO_OUTPUT_RAW,2459309795,SERVO_OUTPUT_RAW,0,0,0,0,0,0,0,0,1000,1000,1000,1000,0,0,0,0,0
2025-12-15 01:15:04.229,SERVO_OUTPUT_RAW,2459409820,SERVO_OUTPUT_RAW,0,0,0,0,0,0,0,0,1000,1000,1000,1000,0,0,0,0,0
2025-12-15 01:15:04.329,SERVO_OUTPUT_RAW,2459509821,SERVO_OUTPUT_RAW,0,0,0,0,0,0,0,0,1000,1000,1000,1000,0,0,0,0,0
2025-12-15 01:15:04.429,SERVO_OUTPUT_RAW,2459609792,SERVO_OUTPUT_RAW,0,0,0,0,0,0,0,0,1000,1000,1000,1000,0,0,0,0,0
2025-12-15 01:15:04.529,SERVO_OUTPUT_RAW,2459709791,SERVO_OUTPUT_RAW,0,0,0,0,0,0,0,0,1000,1000,1000,1000,0,0,0,0,0
2025-12-15 01:15:04.629,SERVO_OUTPUT_RAW,2459809783,SERVO_OUTPUT_RAW,0,0,0,0,0,0,0,0,1000,1000,1000,1000,0,0,0,0,0
2025-12-15 01:15:04.729,SERVO_OUTPUT_RAW,2459909795,SERVO_OUTPUT_RAW,0,0,0,0,0,0,0,0,1000,1000,1000,1000,0,0,0,0,0
2025-12-15 01:15:04.829,SERVO_OUTPUT_RAW,2460012124,SERVO_OUTPUT_RAW,0,0,0,0,0,0,0,0,1000,1000,1000,1000,0,0,0,0,0
2025-12-15 01:15:04.930,SERVO_OUTPUT_RAW,2460109810,SERVO_OUTPUT_RAW,0,0,0,0,0,0,0,0,1000,1000,1000,1000,0,0,0,0,0
2025-12-15 01:15:05.029,SERVO_OUTPUT_RAW,2460209843,SERVO_OUTPUT_RAW,0,0,0,0,0,0,0,0,1000,1000,1000,1000,0,0,0,0,0
2025-12-15 01:15:05.130,SERVO_OUTPUT_RAW,2460309850,SERVO_OUTPUT_RAW,0,0,0,0,0,0,0,0,1000,1000,1000,1000,0,0,0,0,0
2025-12-15 01:15:05.230,SERVO_OUTPUT_RAW,2460409805,SERVO_OUTPUT_RAW,0,0,0,0,0,0,0,0,1000,1000,1000,1000,0,0,0,0,0
2025-12-15 01:15:05.330,SERVO_OUTPUT_RAW,2460509800,SERVO_OUTPUT_RAW,0,0,0,0,0,0,0,0,1000,1000,1000,1000,0,0,0,0,0
2025-12-15 01:15:05.430,SERVO_OUTPUT_RAW,2460609858,SERVO_OUTPUT_RAW,0,0,0,0,0,0,0,0,1000,1000,1000,1000,0,0,0,0,0
2025-12-15 01:15:05.529,SERVO_OUTPUT_RAW,2460709857,SERVO_OUTPUT_RAW,0,0,0,0,0,0,0,0,1000,1000,1000,1000,0,0,0,0,0
2025-12-15 01:15:05.630,SERVO_OUTPUT_RAW,2460809888,SERVO_OUTPUT_RAW,0,0,0,0,0,0,0,0,1000,1000,1000,1000,0,0,0,0,0
2025-12-15 01:15:05.730,SERVO_OUTPUT_RAW,2460909785,SERVO_OUTPUT_RAW,0,0,0,0,0,0,0,0,1000,1000,1000,1000,0,0,0,0,0
2025-12-15 01:15:05.829,SERVO_OUTPUT_RAW,2461009813,SERVO_OUTPUT_RAW,0,0,0,0,0,0,0,0,1000,1000,1000,1000,0,0,0,0,0
2025-12-15 01:15:05.929,SERVO_OUTPUT_RAW,2461109863,SERVO_OUTPUT_RAW,0,0,0,0,0,0,0,0,1000,1000,1000,1000,0,0,0,0,0
2025-12-15 01:15:06.029,SERVO_OUTPUT_RAW,2461209795,SERVO_OUTPUT_RAW,0,0,0,0,0,0,0,0,1000,1000,1000,1000,0,0,0,0,0
2025-12-15 01:15:06.130,SERVO_OUTPUT_RAW,2461309784,SERVO_OUTPUT_RAW,0,0,0,0,0,0,0,0,1000,1000,1000,1000,0,0,0,0,0
2025-12-15 01:15:06.230,SERVO_OUTPUT_RAW,2461409785,SERVO_OUTPUT_RAW,0,0,0,0,0,0,0,0,1000,1000,1000,1000,0,0,0,0,0
2025-12-15 01:15:06.328,SERVO_OUTPUT_RAW,2461509794,SERVO_OUTPUT_RAW,0,0,0,0,0,0,0,0,1000,1000,1000,1000,0,0,0,0,0
2025-12-15 01:15:06.428,SERVO_OUTPUT_RAW,2461612145,SERVO_OUTPUT_RAW,0,0,0,0,0,0,0,0,1000,1000,1000,1000,0,0,0,0,0
2025-12-15 01:15:06.528,SERVO_OUTPUT_RAW,2461709834,SERVO_OUTPUT_RAW,0,0,0,0,0,0,0,0,1000,1000,1000,1000,0,0,0,0,0
2025-12-15 01:15:06.628,SERVO_OUTPUT_RAW,2461809836,SERVO_OUTPUT_RAW,0,0,0,0,0,0,0,0,1000,1000,1000,1000,0,0,0,0,0
2025-12-15 01:15:06.728,SERVO_OUTPUT_RAW,2461909773,SERVO_OUTPUT_RAW,0,0,0,0,0,0,0,0,1000,1000,1000,1000,0,0,0,0,0
2025-12-15 01:15:06.828,SERVO_OUTPUT_RAW,2462009809,SERVO_OUTPUT_RAW,0,0,0,0,0,0,0,0,1000,1000,1000,1000,0,0,0,0,0
2025-12-15 01:15:06.928,SERVO_OUTPUT_RAW,2462109810,SERVO_OUTPUT_RAW,0,0,0,0,0,0,0,0,1000,1000,1000,1000,0,0,0,0,0
2025-12-15 01:15:07.028,SERVO_OUTPUT_RAW,2462209835,SERVO_OUTPUT_RAW,0,0,0,0,0,0,0,0,1000,1000,1000,1000,0,0,0,0,0
2025-12-15 01:15:07.128,SERVO_OUTPUT_RAW,2462309830,SERVO_OUTPUT_RAW,0,0,0,0,0,0,0,0,1000,1000,1000,1000,0,0,0,0,0
2025-12-15 01:15:07.228,SERVO_OUTPUT_RAW,2462409779,SERVO_OUTPUT_RAW,0,0,0,0,0,0,0,0,1000,1000,1000,1000,0,0,0,0,0
2025-12-15 01:15:07.328,SERVO_OUTPUT_RAW,2462509814,SERVO_OUTPUT_RAW,0,0,0,0,0,0,0,0,1000,1000,1000,1000,0,0,0,0,0
2025-12-15 01:15:07.428,SERVO_OUTPUT_RAW,2462609838,SERVO_OUTPUT_RAW,0,0,0,0,0,0,0,0,1000,1000,1000,1000,0,0,0,0,0
2025-12-15 01:15:07.529,SERVO_OUTPUT_RAW,2462709826,SERVO_OUTPUT_RAW,0,0,0,0,0,0,0,0,1000,1000,1000,1000,0,0,0,0,0
2025-12-15 01:15:07.628,SERVO_OUTPUT_RAW,2462809854,SERVO_OUTPUT_RAW,0,0,0,0,0,0,0,0,1000,1000,1000,1000,0,0,0,0,0
2025-12-15 01:15:07.728,SERVO_OUTPUT_RAW,2462909801,SERVO_OUTPUT_RAW,0,0,0,0,0,0,0,0,1000,1000,1000,1000,0,0,0,0,0
2025-12-15 01:15:07.829,SERVO_OUTPUT_RAW,2463009791,SERVO_OUTPUT_RAW,0,0,0,0,0,0,0,0,1000,1000,1000,1000,0,0,0,0,0
2025-12-15 01:15:07.928,SERVO_OUTPUT_RAW,2463109792,SERVO_OUTPUT_RAW,0,0,0,0,0,0,0,0,1000,1000,1000,1000,0,0,0,0,0
2025-12-15 01:15:08.029,SERVO_OUTPUT_RAW,2463212167,SERVO_OUTPUT_RAW,0,0,0,0,0,0,0,0,1000,1000,1000,1000,0,0,0,0,0
2025-12-15 01:15:08.129,SERVO_OUTPUT_RAW,2463309820,SERVO_OUTPUT_RAW,0,0,0,0,0,0,0,0,1000,1000,1000,1000,0,0,0,0,0
2025-12-15 01:15:08.228,SERVO_OUTPUT_RAW,2463409830,SERVO_OUTPUT_RAW,0,0,0,0,0,0,0,0,1000,1000,1000,1000,0,0,0,0,0
2025-12-15 01:15:08.329,SERVO_OUTPUT_RAW,2463512148,SERVO_OUTPUT_RAW,0,0,0,0,0,0,0,0,1000,1000,1000,1000,0,0,0,0,0
2025-12-15 01:15:08.429,SERVO_OUTPUT_RAW,2463609789,SERVO_OUTPUT_RAW,0,0,0,0,0,0,0,0,1000,1000,1000,1000,0,0,0,0,0
2025-12-15 01:15:08.529,SERVO_OUTPUT_RAW,2463709817,SERVO_OUTPUT_RAW,0,0,0,0,0,0,0,0,1000,1000,1000,1000,0,0,0,0,0
2025-12-15 01:15:08.629,SERVO_OUTPUT_RAW,2463809837,SERVO_OUTPUT_RAW,0,0,0,0,0,0,0,0,1000,1000,1000,1000,0,0,0,0,0
2025-12-15 01:15:08.729,SERVO_OUTPUT_RAW,2463909783,SERVO_OUTPUT_RAW,0,0,0,0,0,0,0,0,1000,1000,1000,1000,0,0,0,0,0
2025-12-15 01:15:08.829,SERVO_OUTPUT_RAW,2464009790,SERVO_OUTPUT_RAW,0,0,0,0,0,0,0,0,1000,1000,1000,1000,0,0,0,0,0
2025-12-15 01:15:08.929,SERVO_OUTPUT_RAW,2464109822,SERVO_OUTPUT_RAW,0,0,0,0,0,0,0,0,1000,1000,1000,1000,0,0,0,0,0
2025-12-15 01:15:09.029,SERVO_OUTPUT_RAW,2464209862,SERVO_OUTPUT_RAW,0,0,0,0,0,0,0,0,1000,1000,1000,1000,0,0,0,0,0
2025-12-15 01:15:09.129,SERVO_OUTPUT_RAW,2464309783,SERVO_OUTPUT_RAW,0,0,0,0,0,0,0,0,1000,1000,1000,1000,0,0,0,0,0
2025-12-15 01:15:09.229,SERVO_OUTPUT_RAW,2464409792,SERVO_OUTPUT_RAW,0,0,0,0,0,0,0,0,1000,1000,1000,1000,0,0,0,0,0
2025-12-15 01:15:09.329,SERVO_OUTPUT_RAW,2464509807,SERVO_OUTPUT_RAW,0,0,0,0,0,0,0,0,1000,1000,1000,1000,0,0,0,0,0
2025-12-15 01:15:09.429,SERVO_OUTPUT_RAW,2464609777,SERVO_OUTPUT_RAW,0,0,0,0,0,0,0,0,1000,1000,1000,1000,0,0,0,0,0
2025-12-15 01:15:09.529,SERVO_OUTPUT_RAW,2464709789,SERVO_OUTPUT_RAW,0,0,0,0,0,0,0,0,1000,1000,1000,1000,0,0,0,0,0
2025-12-15 01:15:09.629,SERVO_OUTPUT_RAW,2464809816,SERVO_OUTPUT_RAW,0,0,0,0,0,0,0,0,1000,1000,1000,1000,0,0,0,0,0
2025-12-15 01:15:09.729,SERVO_OUTPUT_RAW,2464909828,SERVO_OUTPUT_RAW,0,0,0,0,0,0,0,0,1000,1000,1000,1000,0,0,0,0,0
2025-12-15 01:15:09.829,SERVO_OUTPUT_RAW,2465009862,SERVO_OUTPUT_RAW,0,0,0,0,0,0,0,0,1000,1000,1000,1000,0,0,0,0,0
2025-12-15 01:15:09.930,SERVO_OUTPUT_RAW,2465109800,SERVO_OUTPUT_RAW,0,0,0,0,0,0,0,0,1000,1000,1000,1000,0,0,0,0,0
2025-12-15 01:15:10.029,SERVO_OUTPUT_RAW,2465209809,SERVO_OUTPUT_RAW,0,0,0,0,0,0,0,0,1000,1000,1000,1000,0,0,0,0,0
2025-12-15 01:15:10.129,SERVO_OUTPUT_RAW,2465309851,SERVO_OUTPUT_RAW,0,0,0,0,0,0,0,0,1000,1000,1000,1000,0,0,0,0,0
2025-12-15 01:15:10.229,SERVO_OUTPUT_RAW,2465409852,SERVO_OUTPUT_RAW,0,0,0,0,0,0,0,0,1000,1000,1000,1000,0,0,0,0,0
2025-12-15 01:15:10.329,SERVO_OUTPUT_RAW,2465509792,SERVO_OUTPUT_RAW,0,0,0,0,0,0,0,0,1000,1000,1000,1000,0,0,0,0,0
2025-12-15 01:15:10.429,SERVO_OUTPUT_RAW,2465609796,SERVO_OUTPUT_RAW,0,0,0,0,0,0,0,0,1000,1000,1000,1000,0,0,0,0,0
2025-12-15 01:15:10.529,SERVO_OUTPUT_RAW,2465709824,SERVO_OUTPUT_RAW,0,0,0,0,0,0,0,0,1000,1000,1000,1000,0,0,0,0,0
2025-12-15 01:15:10.629,SERVO_OUTPUT_RAW,2465809850,SERVO_OUTPUT_RAW,0,0,0,0,0,0,0,0,1000,1000,1000,1000,0,0,0,0,0
2025-12-15 01:15:10.729,SERVO_OUTPUT_RAW,2465909784,SERVO_OUTPUT_RAW,0,0,0,0,0,0,0,0,1000,1000,1000,1000,0,0,0,0,0
2025-12-15 01:15:10.829,SERVO_OUTPUT_RAW,2466009788,SERVO_OUTPUT_RAW,0,0,0,0,0,0,0,0,1000,1000,1000,1000,0,0,0,0,0
2025-12-15 01:15:10.929,SERVO_OUTPUT_RAW,2466109799,SERVO_OUTPUT_RAW,0,0,0,0,0,0,0,0,1000,1000,1000,1000,0,0,0,0,0
2025-12-15 01:15:11.029,SERVO_OUTPUT_RAW,2466209812,SERVO_OUTPUT_RAW,0,0,0,0,0,0,0,0,1000,1000,1000,1000,0,0,0,0,0
2025-12-15 01:15:11.129,SERVO_OUTPUT_RAW,2466309784,SERVO_OUTPUT_RAW,0,0,0,0,0,0,0,0,1000,1000,1000,1000,0,0,0,0,0
2025-12-15 01:15:11.229,SERVO_OUTPUT_RAW,2466409846,SERVO_OUTPUT_RAW,0,0,0,0,0,0,0,0,1000,1000,1000,1000,0,0,0,0,0
2025-12-15 01:15:11.329,SERVO_OUTPUT_RAW,2466509821,SERVO_OUTPUT_RAW,0,0,0,0,0,0,0,0,1000,1000,1000,1000,0,0,0,0,0
2025-12-15 01:15:11.429,SERVO_OUTPUT_RAW,2466609847,SERVO_OUTPUT_RAW,0,0,0,0,0,0,0,0,1000,1000,1000,1000,0,0,0,0,0
2025-12-15 01:15:11.529,SERVO_OUTPUT_RAW,2466709779,SERVO_OUTPUT_RAW,0,0,0,0,0,0,0,0,1000,1000,1000,1000,0,0,0,0,0
2025-12-15 01:15:11.629,SERVO_OUTPUT_RAW,2466809827,SERVO_OUTPUT_RAW,0,0,0,0,0,0,0,0,1000,1000,1000,1000,0,0,0,0,0
2025-12-15 01:15:11.729,SERVO_OUTPUT_RAW,2466909837,SERVO_OUTPUT_RAW,0,0,0,0,0,0,0,0,1000,1000,1000,1000,0,0,0,0,0
2025-12-15 01:15:11.829,SERVO_OUTPUT_RAW,2467009781,SERVO_OUTPUT_RAW,0,0,0,0,0,0,0,0,1000,1000,1000,1000,0,0,0,0,0
2025-12-15 01:15:11.929,SERVO_OUTPUT_RAW,2467109797,SERVO_OUTPUT_RAW,0,0,0,0,0,0,0,0,1000,1000,1000,1000,0,0,0,0,0
2025-12-15 01:15:12.030,SERVO_OUTPUT_RAW,2467209811,SERVO_OUTPUT_RAW,0,0,0,0,0,0,0,0,1000,1000,1000,1000,0,0,0,0,0
2025-12-15 01:15:12.129,SERVO_OUTPUT_RAW,2467309815,SERVO_OUTPUT_RAW,0,0,0,0,0,0,0,0,1000,1000,1000,1000,0,0,0,0,0
2025-12-15 01:15:12.229,SERVO_OUTPUT_RAW,2467409882,SERVO_OUTPUT_RAW,0,0,0,0,0,0,0,0,1000,1000,1000,1000,0,0,0,0,0
2025-12-15 01:15:12.329,SERVO_OUTPUT_RAW,2467509786,SERVO_OUTPUT_RAW,0,0,0,0,0,0,0,0,1000,1000,1000,1000,0,0,0,0,0
2025-12-15 01:15:12.431,SERVO_OUTPUT_RAW,2467609790,SERVO_OUTPUT_RAW,0,0,0,0,0,0,0,0,1000,1000,1000,1000,0,0,0,0,0
2025-12-15 01:15:12.529,SERVO_OUTPUT_RAW,2467709803,SERVO_OUTPUT_RAW,0,0,0,0,0,0,0,0,1000,1000,1000,1000,0,0,0,0,0
2025-12-15 01:15:12.629,SERVO_OUTPUT_RAW,2467809787,SERVO_OUTPUT_RAW,0,0,0,0,0,0,0,0,1000,1000,1000,1000,0,0,0,0,0
2025-12-15 01:15:12.730,SERVO_OUTPUT_RAW,2467909787,SERVO_OUTPUT_RAW,0,0,0,0,0,0,0,0,1000,1000,1000,1000,0,0,0,0,0
2025-12-15 01:15:12.830,SERVO_OUTPUT_RAW,2468009848,SERVO_OUTPUT_RAW,0,0,0,0,0,0,0,0,1000,1000,1000,1000,0,0,0,0,0
2025-12-15 01:15:12.929,SERVO_OUTPUT_RAW,2468109849,SERVO_OUTPUT_RAW,0,0,0,0,0,0,0,0,1000,1000,1000,1000,0,0,0,0,0
2025-12-15 01:15:13.029,SERVO_OUTPUT_RAW,2468209807,SERVO_OUTPUT_RAW,0,0,0,0,0,0,0,0,1000,1000,1000,1000,0,0,0,0,0
2025-12-15 01:15:13.129,SERVO_OUTPUT_RAW,2468309827,SERVO_OUTPUT_RAW,0,0,0,0,0,0,0,0,1000,1000,1000,1000,0,0,0,0,0
2025-12-15 01:15:13.229,SERVO_OUTPUT_RAW,2468409823,SERVO_OUTPUT_RAW,0,0,0,0,0,0,0,0,1000,1000,1000,1000,0,0,0,0,0
2025-12-15 01:15:13.329,SERVO_OUTPUT_RAW,2468509843,SERVO_OUTPUT_RAW,0,0,0,0,0,0,0,0,1000,1000,1000,1000,0,0,0,0,0
2025-12-15 01:15:13.429,SERVO_OUTPUT_RAW,2468609782,SERVO_OUTPUT_RAW,0,0,0,0,0,0,0,0,1000,1000,1000,1000,0,0,0,0,0
2025-12-15 01:15:13.529,SERVO_OUTPUT_RAW,2468709821,SERVO_OUTPUT_RAW,0,0,0,0,0,0,0,0,1000,1000,1000,1000,0,0,0,0,0
2025-12-15 01:15:13.630,SERVO_OUTPUT_RAW,2468809824,SERVO_OUTPUT_RAW,0,0,0,0,0,0,0,0,1000,1000,1000,1000,0,0,0,0,0
2025-12-15 01:15:13.729,SERVO_OUTPUT_RAW,2468909826,SERVO_OUTPUT_RAW,0,0,0,0,0,0,0,0,1000,1000,1000,1000,0,0,0,0,0
2025-12-15 01:15:13.829,SERVO_OUTPUT_RAW,2469009782,SERVO_OUTPUT_RAW,0,0,0,0,0,0,0,0,1000,1000,1000,1000,0,0,0,0,0
2025-12-15 01:15:13.930,SERVO_OUTPUT_RAW,2469109796,SERVO_OUTPUT_RAW,0,0,0,0,0,0,0,0,1000,1000,1000,1000,0,0,0,0,0
2025-12-15 01:15:14.030,SERVO_OUTPUT_RAW,2469209788,SERVO_OUTPUT_RAW,0,0,0,0,0,0,0,0,1000,1000,1000,1000,0,0,0,0,0
2025-12-15 01:15:14.129,SERVO_OUTPUT_RAW,2469309794,SERVO_OUTPUT_RAW,0,0,0,0,0,0,0,0,1000,1000,1000,1000,0,0,0,0,0
2025-12-15 01:15:14.229,SERVO_OUTPUT_RAW,2469409790,SERVO_OUTPUT_RAW,0,0,0,0,0,0,0,0,1000,1000,1000,1000,0,0,0,0,0
2025-12-15 01:15:14.329,SERVO_OUTPUT_RAW,2469512178,SERVO_OUTPUT_RAW,0,0,0,0,0,0,0,0,1000,1000,1000,1000,0,0,0,0,0
2025-12-15 01:15:14.430,SERVO_OUTPUT_RAW,2469609840,SERVO_OUTPUT_RAW,0,0,0,0,0,0,0,0,1000,1000,1000,1000,0,0,0,0,0
2025-12-15 01:15:14.529,SERVO_OUTPUT_RAW,2469709872,SERVO_OUTPUT_RAW,0,0,0,0,0,0,0,0,1000,1000,1000,1000,0,0,0,0,0
2025-12-15 01:15:14.630,SERVO_OUTPUT_RAW,2469809820,SERVO_OUTPUT_RAW,0,0,0,0,0,0,0,0,1000,1000,1000,1000,0,0,0,0,0
2025-12-15 01:15:14.729,SERVO_OUTPUT_RAW,2469909813,SERVO_OUTPUT_RAW,0,0,0,0,0,0,0,0,1000,1000,1000,1000,0,0,0,0,0
2025-12-15 01:15:14.830,SERVO_OUTPUT_RAW,2470009828,SERVO_OUTPUT_RAW,0,0,0,0,0,0,0,0,1000,1000,1000,1000,0,0,0,0,0
2025-12-15 01:15:14.929,SERVO_OUTPUT_RAW,2470109845,SERVO_OUTPUT_RAW,0,0,0,0,0,0,0,0,1000,1000,1000,1000,0,0,0,0,0
2025-12-15 01:15:15.030,SERVO_OUTPUT_RAW,2470209781,SERVO_OUTPUT_RAW,0,0,0,0,0,0,0,0,1000,1000,1000,1000,0,0,0,0,0
2025-12-15 01:15:15.129,SERVO_OUTPUT_RAW,2470309795,SERVO_OUTPUT_RAW,0,0,0,0,0,0,0,0,1000,1000,1000,1000,0,0,0,0,0
2025-12-15 01:15:15.229,SERVO_OUTPUT_RAW,2470409818,SERVO_OUTPUT_RAW,0,0,0,0,0,0,0,0,1000,1000,1000,1000,0,0,0,0,0
2025-12-15 01:15:15.329,SERVO_OUTPUT_RAW,2470509818,SERVO_OUTPUT_RAW,0,0,0,0,0,0,0,0,1000,1000,1000,1000,0,0,0,0,0
2025-12-15 01:15:15.430,SERVO_OUTPUT_RAW,2470609786,SERVO_OUTPUT_RAW,0,0,0,0,0,0,0,0,1000,1000,1000,1000,0,0,0,0,0
2025-12-15 01:15:15.529,SERVO_OUTPUT_RAW,2470709802,SERVO_OUTPUT_RAW,0,0,0,0,0,0,0,0,1000,1000,1000,1000,0,0,0,0,0
2025-12-15 01:15:15.630,SERVO_OUTPUT_RAW,2470809791,SERVO_OUTPUT_RAW,0,0,0,0,0,0,0,0,1000,1000,1000,1000,0,0,0,0,0
2025-12-15 01:15:15.730,SERVO_OUTPUT_RAW,2470909786,SERVO_OUTPUT_RAW,0,0,0,0,0,0,0,0,1000,1000,1000,1000,0,0,0,0,0
2025-12-15 01:15:15.829,SERVO_OUTPUT_RAW,2471009790,SERVO_OUTPUT_RAW,0,0,0,0,0,0,0,0,1000,1000,1000,1000,0,0,0,0,0
2025-12-15 01:15:15.929,SERVO_OUTPUT_RAW,2471109838,SERVO_OUTPUT_RAW,0,0,0,0,0,0,0,0,1000,1000,1000,1000,0,0,0,0,0
2025-12-15 01:15:16.029,SERVO_OUTPUT_RAW,2471209840,SERVO_OUTPUT_RAW,0,0,0,0,0,0,0,0,1000,1000,1000,1000,0,0,0,0,0
2025-12-15 01:15:16.129,SERVO_OUTPUT_RAW,2471309774,SERVO_OUTPUT_RAW,0,0,0,0,0,0,0,0,1000,1000,1000,1000,0,0,0,0,0
2025-12-15 01:15:16.229,SERVO_OUTPUT_RAW,2471409801,SERVO_OUTPUT_RAW,0,0,0,0,0,0,0,0,1000,1000,1000,1000,0,0,0,0,0
2025-12-15 01:15:16.330,SERVO_OUTPUT_RAW,2471509816,SERVO_OUTPUT_RAW,0,0,0,0,0,0,0,0,1000,1000,1000,1000,0,0,0,0,0
2025-12-15 01:15:16.430,SERVO_OUTPUT_RAW,2471609882,SERVO_OUTPUT_RAW,0,0,0,0,0,0,0,0,1000,1000,1000,1000,0,0,0,0,0
2025-12-15 01:15:16.530,SERVO_OUTPUT_RAW,2471709806,SERVO_OUTPUT_RAW,0,0,0,0,0,0,0,0,1000,1000,1000,1000,0,0,0,0,0
2025-12-15 01:15:16.629,SERVO_OUTPUT_RAW,2471809782,SERVO_OUTPUT_RAW,0,0,0,0,0,0,0,0,1000,1000,1000,1000,0,0,0,0,0
2025-12-15 01:15:16.729,SERVO_OUTPUT_RAW,2471909806,SERVO_OUTPUT_RAW,0,0,0,0,0,0,0,0,1000,1000,1000,1000,0,0,0,0,0
2025-12-15 01:15:16.829,SERVO_OUTPUT_RAW,2472009805,SERVO_OUTPUT_RAW,0,0,0,0,0,0,0,0,1000,1000,1000,1000,0,0,0,0,0
2025-12-15 01:15:16.929,SERVO_OUTPUT_RAW,2472109780,SERVO_OUTPUT_RAW,0,0,0,0,0,0,0,0,1000,1000,1000,1000,0,0,0,0,0
2025-12-15 01:15:17.029,SERVO_OUTPUT_RAW,2472209794,SERVO_OUTPUT_RAW,0,0,0,0,0,0,0,0,1000,1000,1000,1000,0,0,0,0,0
2025-12-15 01:15:17.129,SERVO_OUTPUT_RAW,2472309793,SERVO_OUTPUT_RAW,0,0,0,0,0,0,0,0,1000,1000,1000,1000,0,0,0,0,0
2025-12-15 01:15:17.229,SERVO_OUTPUT_RAW,2472409787,SERVO_OUTPUT_RAW,0,0,0,0,0,0,0,0,1000,1000,1000,1000,0,0,0,0,0
2025-12-15 01:15:17.329,SERVO_OUTPUT_RAW,2472509799,SERVO_OUTPUT_RAW,0,0,0,0,0,0,0,0,1000,1000,1000,1000,0,0,0,0,0
2025-12-15 01:15:17.431,SERVO_OUTPUT_RAW,2472609833,SERVO_OUTPUT_RAW,0,0,0,0,0,0,0,0,1000,1000,1000,1000,0,0,0,0,0
2025-12-15 01:15:17.529,SERVO_OUTPUT_RAW,2472709828,SERVO_OUTPUT_RAW,0,0,0,0,0,0,0,0,1000,1000,1000,1000,0,0,0,0,0
2025-12-15 01:15:17.629,SERVO_OUTPUT_RAW,2472809830,SERVO_OUTPUT_RAW,0,0,0,0,0,0,0,0,1000,1000,1000,1000,0,0,0,0,0
2025-12-15 01:15:17.729,SERVO_OUTPUT_RAW,2472909805,SERVO_OUTPUT_RAW,0,0,0,0,0,0,0,0,1000,1000,1000,1000,0,0,0,0,0
2025-12-15 01:15:17.829,SERVO_OUTPUT_RAW,2473009798,SERVO_OUTPUT_RAW,0,0,0,0,0,0,0,0,1000,1000,1000,1000,0,0,0,0,0
2025-12-15 01:15:17.929,SERVO_OUTPUT_RAW,2473109834,SERVO_OUTPUT_RAW,0,0,0,0,0,0,0,0,1000,1000,1000,1000,0,0,0,0,0
2025-12-15 01:15:18.029,SERVO_OUTPUT_RAW,2473209851,SERVO_OUTPUT_RAW,0,0,0,0,0,0,0,0,1000,1000,1000,1000,0,0,0,0,0
2025-12-15 01:15:18.129,SERVO_OUTPUT_RAW,2473309774,SERVO_OUTPUT_RAW,0,0,0,0,0,0,0,0,1000,1000,1000,1000,0,0,0,0,0
2025-12-15 01:15:18.229,SERVO_OUTPUT_RAW,2473409805,SERVO_OUTPUT_RAW,0,0,0,0,0,0,0,0,1000,1000,1000,1000,0,0,0,0,0
2025-12-15 01:15:18.329,SERVO_OUTPUT_RAW,2473509816,SERVO_OUTPUT_RAW,0,0,0,0,0,0,0,0,1000,1000,1000,1000,0,0,0,0,0
2025-12-15 01:15:18.429,SERVO_OUTPUT_RAW,2473609810,SERVO_OUTPUT_RAW,0,0,0,0,0,0,0,0,1000,1000,1000,1000,0,0,0,0,0
2025-12-15 01:15:18.529,SERVO_OUTPUT_RAW,2473709867,SERVO_OUTPUT_RAW,0,0,0,0,0,0,0,0,1000,1000,1000,1000,0,0,0,0,0
2025-12-15 01:15:18.629,SERVO_OUTPUT_RAW,2473809785,SERVO_OUTPUT_RAW,0,0,0,0,0,0,0,0,1000,1000,1000,1000,0,0,0,0,0
2025-12-15 01:15:18.729,SERVO_OUTPUT_RAW,2473909800,SERVO_OUTPUT_RAW,0,0,0,0,0,0,0,0,1000,1000,1000,1000,0,0,0,0,0
2025-12-15 01:15:18.829,SERVO_OUTPUT_RAW,2474009791,SERVO_OUTPUT_RAW,0,0,0,0,0,0,0,0,1000,1000,1000,1000,0,0,0,0,0
2025-12-15 01:15:18.929,SERVO_OUTPUT_RAW,2474109820,SERVO_OUTPUT_RAW,0,0,0,0,0,0,0,0,1000,1000,1000,1000,0,0,0,0,0
2025-12-15 01:15:19.029,SERVO_OUTPUT_RAW,2474212142,SERVO_OUTPUT_RAW,0,0,0,0,0,0,0,0,1000,1000,1000,1000,0,0,0,0,0
2025-12-15 01:15:19.129,SERVO_OUTPUT_RAW,2474309831,SERVO_OUTPUT_RAW,0,0,0,0,0,0,0,0,1000,1000,1000,1000,0,0,0,0,0
2025-12-15 01:15:19.229,SERVO_OUTPUT_RAW,2474409801,SERVO_OUTPUT_RAW,0,0,0,0,0,0,0,0,1000,1000,1000,1000,0,0,0,0,0
2025-12-15 01:15:19.329,SERVO_OUTPUT_RAW,2474509791,SERVO_OUTPUT_RAW,0,0,0,0,0,0,0,0,1000,1000,1000,1000,0,0,0,0,0
2025-12-15 01:15:19.429,SERVO_OUTPUT_RAW,2474609832,SERVO_OUTPUT_RAW,0,0,0,0,0,0,0,0,1000,1000,1000,1000,0,0,0,0,0
2025-12-15 01:15:19.530,SERVO_OUTPUT_RAW,2474709840,SERVO_OUTPUT_RAW,0,0,0,0,0,0,0,0,1000,1000,1000,1000,0,0,0,0,0
2025-12-15 01:15:19.629,SERVO_OUTPUT_RAW,2474809836,SERVO_OUTPUT_RAW,0,0,0,0,0,0,0,0,1000,1000,1000,1000,0,0,0,0,0
2025-12-15 01:15:19.729,SERVO_OUTPUT_RAW,2474909788,SERVO_OUTPUT_RAW,0,0,0,0,0,0,0,0,1000,1000,1000,1000,0,0,0,0,0
2025-12-15 01:15:19.829,SERVO_OUTPUT_RAW,2475009809,SERVO_OUTPUT_RAW,0,0,0,0,0,0,0,0,1000,1000,1000,1000,0,0,0,0,0
2025-12-15 01:15:19.930,SERVO_OUTPUT_RAW,2475109834,SERVO_OUTPUT_RAW,0,0,0,0,0,0,0,0,1000,1000,1000,1000,0,0,0,0,0
2025-12-15 01:15:20.029,SERVO_OUTPUT_RAW,2475209872,SERVO_OUTPUT_RAW,0,0,0,0,0,0,0,0,1000,1000,1000,1000,0,0,0,0,0
2025-12-15 01:15:20.129,SERVO_OUTPUT_RAW,2475309789,SERVO_OUTPUT_RAW,0,0,0,0,0,0,0,0,1000,1000,1000,1000,0,0,0,0,0
2025-12-15 01:15:20.230,SERVO_OUTPUT_RAW,2475409780,SERVO_OUTPUT_RAW,0,0,0,0,0,0,0,0,1000,1000,1000,1000,0,0,0,0,0
2025-12-15 01:15:20.330,SERVO_OUTPUT_RAW,2475509794,SERVO_OUTPUT_RAW,0,0,0,0,0,0,0,0,1000,1000,1000,1000,0,0,0,0,0
2025-12-15 01:15:20.429,SERVO_OUTPUT_RAW,2475612156,SERVO_OUTPUT_RAW,0,0,0,0,0,0,0,0,1000,1000,1000,1000,0,0,0,0,0
2025-12-15 01:15:20.529,SERVO_OUTPUT_RAW,2475709785,SERVO_OUTPUT_RAW,0,0,0,0,0,0,0,0,1000,1000,1000,1000,0,0,0,0,0
2025-12-15 01:15:20.629,SERVO_OUTPUT_RAW,2475812162,SERVO_OUTPUT_RAW,0,0,0,0,0,0,0,0,1000,1000,1000,1000,0,0,0,0,0
2025-12-15 01:15:20.730,SERVO_OUTPUT_RAW,2475909836,SERVO_OUTPUT_RAW,0,0,0,0,0,0,0,0,1000,1000,1000,1000,0,0,0,0,0
2025-12-15 01:15:20.830,SERVO_OUTPUT_RAW,2476009804,SERVO_OUTPUT_RAW,0,0,0,0,0,0,0,0,1000,1000,1000,1000,0,0,0,0,0
2025-12-15 01:15:20.929,SERVO_OUTPUT_RAW,2476112090,SERVO_OUTPUT_RAW,0,0,0,0,0,0,0,0,1000,1000,1000,1000,0,0,0,0,0
2025-12-15 01:15:21.029,SERVO_OUTPUT_RAW,2476209816,SERVO_OUTPUT_RAW,0,0,0,0,0,0,0,0,1000,1000,1000,1000,0,0,0,0,0
2025-12-15 01:15:21.130,SERVO_OUTPUT_RAW,2476309849,SERVO_OUTPUT_RAW,0,0,0,0,0,0,0,0,1000,1000,1000,1000,0,0,0,0,0
2025-12-15 01:15:21.230,SERVO_OUTPUT_RAW,2476409827,SERVO_OUTPUT_RAW,0,0,0,0,0,0,0,0,1000,1000,1000,1000,0,0,0,0,0
2025-12-15 01:15:21.329,SERVO_OUTPUT_RAW,2476509790,SERVO_OUTPUT_RAW,0,0,0,0,0,0,0,0,1000,1000,1000,1000,0,0,0,0,0
2025-12-15 01:15:21.429,SERVO_OUTPUT_RAW,2476609828,SERVO_OUTPUT_RAW,0,0,0,0,0,0,0,0,1000,1000,1000,1000,0,0,0,0,0
2025-12-15 01:15:21.529,SERVO_OUTPUT_RAW,2476709813,SERVO_OUTPUT_RAW,0,0,0,0,0,0,0,0,1000,1000,1000,1000,0,0,0,0,0
2025-12-15 01:15:21.629,SERVO_OUTPUT_RAW,2476809778,SERVO_OUTPUT_RAW,0,0,0,0,0,0,0,0,1000,1000,1000,1000,0,0,0,0,0
2025-12-15 01:15:21.730,SERVO_OUTPUT_RAW,2476909784,SERVO_OUTPUT_RAW,0,0,0,0,0,0,0,0,1000,1000,1000,1000,0,0,0,0,0
2025-12-15 01:15:21.830,SERVO_OUTPUT_RAW,2477009800,SERVO_OUTPUT_RAW,0,0,0,0,0,0,0,0,1000,1000,1000,1000,0,0,0,0,0
2025-12-15 01:15:21.929,SERVO_OUTPUT_RAW,2477109801,SERVO_OUTPUT_RAW,0,0,0,0,0,0,0,0,1000,1000,1000,1000,0,0,0,0,0
2025-12-15 01:15:22.029,SERVO_OUTPUT_RAW,2477209791,SERVO_OUTPUT_RAW,0,0,0,0,0,0,0,0,1000,1000,1000,1000,0,0,0,0,0
2025-12-15 01:15:22.129,SERVO_OUTPUT_RAW,2477309801,SERVO_OUTPUT_RAW,0,0,0,0,0,0,0,0,1000,1000,1000,1000,0,0,0,0,0
2025-12-15 01:15:22.230,SERVO_OUTPUT_RAW,2477409870,SERVO_OUTPUT_RAW,0,0,0,0,0,0,0,0,1000,1000,1000,1000,0,0,0,0,0
2025-12-15 01:15:22.330,SERVO_OUTPUT_RAW,2477509838,SERVO_OUTPUT_RAW,0,0,0,0,0,0,0,0,1000,1000,1000,1000,0,0,0,0,0
2025-12-15 01:15:22.429,SERVO_OUTPUT_RAW,2477609819,SERVO_OUTPUT_RAW,0,0,0,0,0,0,0,0,1000,1000,1000,1000,0,0,0,0,0
2025-12-15 01:15:22.530,SERVO_OUTPUT_RAW,2477709807,SERVO_OUTPUT_RAW,0,0,0,0,0,0,0,0,1000,1000,1000,1000,0,0,0,0,0
2025-12-15 01:15:22.630,SERVO_OUTPUT_RAW,2477809831,SERVO_OUTPUT_RAW,0,0,0,0,0,0,0,0,1000,1000,1000,1000,0,0,0,0,0
2025-12-15 01:15:22.730,SERVO_OUTPUT_RAW,2477909843,SERVO_OUTPUT_RAW,0,0,0,0,0,0,0,0,1000,1000,1000,1000,0,0,0,0,0
2025-12-15 01:15:22.830,SERVO_OUTPUT_RAW,2478009786,SERVO_OUTPUT_RAW,0,0,0,0,0,0,0,0,1000,1000,1000,1000,0,0,0,0,0
2025-12-15 01:15:22.930,SERVO_OUTPUT_RAW,2478109809,SERVO_OUTPUT_RAW,0,0,0,0,0,0,0,0,1000,1000,1000,1000,0,0,0,0,0
2025-12-15 01:15:23.030,SERVO_OUTPUT_RAW,2478209820,SERVO_OUTPUT_RAW,0,0,0,0,0,0,0,0,1000,1000,1000,1000,0,0,0,0,0
2025-12-15 01:15:23.130,SERVO_OUTPUT_RAW,2478309819,SERVO_OUTPUT_RAW,0,0,0,0,0,0,0,0,1000,1000,1000,1000,0,0,0,0,0
2025-12-15 01:15:23.230,SERVO_OUTPUT_RAW,2478409799,SERVO_OUTPUT_RAW,0,0,0,0,0,0,0,0,1000,1000,1000,1000,0,0,0,0,0
2025-12-15 01:15:23.330,SERVO_OUTPUT_RAW,2478509796,SERVO_OUTPUT_RAW,0,0,0,0,0,0,0,0,1000,1000,1000,1000,0,0,0,0,0
2025-12-15 01:15:23.430,SERVO_OUTPUT_RAW,2478609802,SERVO_OUTPUT_RAW,0,0,0,0,0,0,0,0,1000,1000,1000,1000,0,0,0,0,0
2025-12-15 01:15:23.530,SERVO_OUTPUT_RAW,2478709789,SERVO_OUTPUT_RAW,0,0,0,0,0,0,0,0,1000,1000,1000,1000,0,0,0,0,0
2025-12-15 01:15:23.630,SERVO_OUTPUT_RAW,2478809807,SERVO_OUTPUT_RAW,0,0,0,0,0,0,0,0,1000,1000,1000,1000,0,0,0,0,0
2025-12-15 01:15:23.730,SERVO_OUTPUT_RAW,2478909816,SERVO_OUTPUT_RAW,0,0,0,0,0,0,0,0,1000,1000,1000,1000,0,0,0,0,0
2025-12-15 01:15:23.830,SERVO_OUTPUT_RAW,2479009797,SERVO_OUTPUT_RAW,0,0,0,0,0,0,0,0,1000,1000,1000,1000,0,0,0,0,0
2025-12-15 01:15:23.930,SERVO_OUTPUT_RAW,2479109860,SERVO_OUTPUT_RAW,0,0,0,0,0,0,0,0,1000,1000,1000,1000,0,0,0,0,0
2025-12-15 01:15:24.030,SERVO_OUTPUT_RAW,2479209801,SERVO_OUTPUT_RAW,0,0,0,0,0,0,0,0,1000,1000,1000,1000,0,0,0,0,0
2025-12-15 01:15:24.130,SERVO_OUTPUT_RAW,2479309816,SERVO_OUTPUT_RAW,0,0,0,0,0,0,0,0,1000,1000,1000,1000,0,0,0,0,0
2025-12-15 01:15:24.230,SERVO_OUTPUT_RAW,2479409851,SERVO_OUTPUT_RAW,0,0,0,0,0,0,0,0,1000,1000,1000,1000,0,0,0,0,0
2025-12-15 01:15:24.330,SERVO_OUTPUT_RAW,2479509840,SERVO_OUTPUT_RAW,0,0,0,0,0,0,0,0,1000,1000,1000,1000,0,0,0,0,0
2025-12-15 01:15:24.430,SERVO_OUTPUT_RAW,2479609796,SERVO_OUTPUT_RAW,0,0,0,0,0,0,0,0,1000,1000,1000,1000,0,0,0,0,0
2025-12-15 01:15:24.530,SERVO_OUTPUT_RAW,2479709823,SERVO_OUTPUT_RAW,0,0,0,0,0,0,0,0,1000,1000,1000,1000,0,0,0,0,0
2025-12-15 01:15:24.630,SERVO_OUTPUT_RAW,2479809820,SERVO_OUTPUT_RAW,0,0,0,0,0,0,0,0,1000,1000,1000,1000,0,0,0,0,0
2025-12-15 01:15:24.730,SERVO_OUTPUT_RAW,2479909789,SERVO_OUTPUT_RAW,0,0,0,0,0,0,0,0,1000,1000,1000,1000,0,0,0,0,0
2025-12-15 01:15:24.830,SERVO_OUTPUT_RAW,2480009883,SERVO_OUTPUT_RAW,0,0,0,0,0,0,0,0,1000,1000,1000,1000,0,0,0,0,0
2025-12-15 01:15:24.931,SERVO_OUTPUT_RAW,2480109803,SERVO_OUTPUT_RAW,0,0,0,0,0,0,0,0,1000,1000,1000,1000,0,0,0,0,0
2025-12-15 01:15:25.030,SERVO_OUTPUT_RAW,2480209787,SERVO_OUTPUT_RAW,0,0,0,0,0,0,0,0,1000,1000,1000,1000,0,0,0,0,0
2025-12-15 01:15:25.130,SERVO_OUTPUT_RAW,2480309787,SERVO_OUTPUT_RAW,0,0,0,0,0,0,0,0,1000,1000,1000,1000,0,0,0,0,0
2025-12-15 01:15:25.230,SERVO_OUTPUT_RAW,2480409820,SERVO_OUTPUT_RAW,0,0,0,0,0,0,0,0,1000,1000,1000,1000,0,0,0,0,0
2025-12-15 01:15:25.330,SERVO_OUTPUT_RAW,2480509820,SERVO_OUTPUT_RAW,0,0,0,0,0,0,0,0,1000,1000,1000,1000,0,0,0,0,0
2025-12-15 01:15:25.430,SERVO_OUTPUT_RAW,2480609814,SERVO_OUTPUT_RAW,0,0,0,0,0,0,0,0,1000,1000,1000,1000,0,0,0,0,0
2025-12-15 01:15:25.530,SERVO_OUTPUT_RAW,2480709799,SERVO_OUTPUT_RAW,0,0,0,0,0,0,0,0,1000,1000,1000,1000,0,0,0,0,0
2025-12-15 01:15:25.630,SERVO_OUTPUT_RAW,2480809807,SERVO_OUTPUT_RAW,0,0,0,0,0,0,0,0,1000,1000,1000,1000,0,0,0,0,0
2025-12-15 01:15:25.730,SERVO_OUTPUT_RAW,2480909839,SERVO_OUTPUT_RAW,0,0,0,0,0,0,0,0,1000,1000,1000,1000,0,0,0,0,0
2025-12-15 01:15:25.830,SERVO_OUTPUT_RAW,2481009847,SERVO_OUTPUT_RAW,0,0,0,0,0,0,0,0,1000,1000,1000,1000,0,0,0,0,0
2025-12-15 01:15:25.930,SERVO_OUTPUT_RAW,2481109780,SERVO_OUTPUT_RAW,0,0,0,0,0,0,0,0,1000,1000,1000,1000,0,0,0,0,0
2025-12-15 01:15:26.030,SERVO_OUTPUT_RAW,2481209794,SERVO_OUTPUT_RAW,0,0,0,0,0,0,0,0,1000,1000,1000,1000,0,0,0,0,0
2025-12-15 01:15:26.132,SERVO_OUTPUT_RAW,2481309843,SERVO_OUTPUT_RAW,0,0,0,0,0,0,0,0,1000,1000,1000,1000,0,0,0,0,0
2025-12-15 01:15:26.230,SERVO_OUTPUT_RAW,2481409808,SERVO_OUTPUT_RAW,0,0,0,0,0,0,0,0,1000,1000,1000,1000,0,0,0,0,0
2025-12-15 01:15:26.330,SERVO_OUTPUT_RAW,2481509798,SERVO_OUTPUT_RAW,0,0,0,0,0,0,0,0,1000,1000,1000,1000,0,0,0,0,0
2025-12-15 01:15:26.429,SERVO_OUTPUT_RAW,2481609774,SERVO_OUTPUT_RAW,0,0,0,0,0,0,0,0,1000,1000,1000,1000,0,0,0,0,0
2025-12-15 01:15:26.529,SERVO_OUTPUT_RAW,2481709774,SERVO_OUTPUT_RAW,0,0,0,0,0,0,0,0,1000,1000,1000,1000,0,0,0,0,0
2025-12-15 01:15:26.629,SERVO_OUTPUT_RAW,2481809793,SERVO_OUTPUT_RAW,0,0,0,0,0,0,0,0,1000,1000,1000,1000,0,0,0,0,0
2025-12-15 01:15:26.729,SERVO_OUTPUT_RAW,2481909785,SERVO_OUTPUT_RAW,0,0,0,0,0,0,0,0,1000,1000,1000,1000,0,0,0,0,0
2025-12-15 01:15:26.829,SERVO_OUTPUT_RAW,2482009832,SERVO_OUTPUT_RAW,0,0,0,0,0,0,0,0,1000,1000,1000,1000,0,0,0,0,0
2025-12-15 01:15:26.929,SERVO_OUTPUT_RAW,2482112146,SERVO_OUTPUT_RAW,0,0,0,0,0,0,0,0,1000,1000,1000,1000,0,0,0,0,0
2025-12-15 01:15:27.029,SERVO_OUTPUT_RAW,2482209789,SERVO_OUTPUT_RAW,0,0,0,0,0,0,0,0,1000,1000,1000,1000,0,0,0,0,0
2025-12-15 01:15:27.129,SERVO_OUTPUT_RAW,2482309791,SERVO_OUTPUT_RAW,0,0,0,0,0,0,0,0,1000,1000,1000,1000,0,0,0,0,0
2025-12-15 01:15:27.229,SERVO_OUTPUT_RAW,2482409849,SERVO_OUTPUT_RAW,0,0,0,0,0,0,0,0,1000,1000,1000,1000,0,0,0,0,0
2025-12-15 01:15:27.329,SERVO_OUTPUT_RAW,2482509846,SERVO_OUTPUT_RAW,0,0,0,0,0,0,0,0,1000,1000,1000,1000,0,0,0,0,0
2025-12-15 01:15:27.431,SERVO_OUTPUT_RAW,2482609839,SERVO_OUTPUT_RAW,0,0,0,0,0,0,0,0,1000,1000,1000,1000,0,0,0,0,0
2025-12-15 01:15:27.529,SERVO_OUTPUT_RAW,2482709782,SERVO_OUTPUT_RAW,0,0,0,0,0,0,0,0,1000,1000,1000,1000,0,0,0,0,0
2025-12-15 01:15:27.629,SERVO_OUTPUT_RAW,2482809813,SERVO_OUTPUT_RAW,0,0,0,0,0,0,0,0,1000,1000,1000,1000,0,0,0,0,0
2025-12-15 01:15:27.730,SERVO_OUTPUT_RAW,2482909828,SERVO_OUTPUT_RAW,0,0,0,0,0,0,0,0,1000,1000,1000,1000,0,0,0,0,0
2025-12-15 01:15:27.829,SERVO_OUTPUT_RAW,2483009788,SERVO_OUTPUT_RAW,0,0,0,0,0,0,0,0,1000,1000,1000,1000,0,0,0,0,0
2025-12-15 01:15:27.929,SERVO_OUTPUT_RAW,2483109783,SERVO_OUTPUT_RAW,0,0,0,0,0,0,0,0,1000,1000,1000,1000,0,0,0,0,0
2025-12-15 01:15:28.029,SERVO_OUTPUT_RAW,2483209792,SERVO_OUTPUT_RAW,0,0,0,0,0,0,0,0,1000,1000,1000,1000,0,0,0,0,0
2025-12-15 01:15:28.130,SERVO_OUTPUT_RAW,2483309797,SERVO_OUTPUT_RAW,0,0,0,0,0,0,0,0,1000,1000,1000,1000,0,0,0,0,0
2025-12-15 01:15:28.229,SERVO_OUTPUT_RAW,2483409784,SERVO_OUTPUT_RAW,0,0,0,0,0,0,0,0,1000,1000,1000,1000,0,0,0,0,0
2025-12-15 01:15:28.329,SERVO_OUTPUT_RAW,2483509807,SERVO_OUTPUT_RAW,0,0,0,0,0,0,0,0,1000,1000,1000,1000,0,0,0,0,0
2025-12-15 01:15:28.430,SERVO_OUTPUT_RAW,2483609821,SERVO_OUTPUT_RAW,0,0,0,0,0,0,0,0,1000,1000,1000,1000,0,0,0,0,0
2025-12-15 01:15:28.529,SERVO_OUTPUT_RAW,2483709839,SERVO_OUTPUT_RAW,0,0,0,0,0,0,0,0,1000,1000,1000,1000,0,0,0,0,0
2025-12-15 01:15:28.629,SERVO_OUTPUT_RAW,2483809811,SERVO_OUTPUT_RAW,0,0,0,0,0,0,0,0,1000,1000,1000,1000,0,0,0,0,0
2025-12-15 01:15:28.730,SERVO_OUTPUT_RAW,2483909809,SERVO_OUTPUT_RAW,0,0,0,0,0,0,0,0,1000,1000,1000,1000,0,0,0,0,0
2025-12-15 01:15:28.829,SERVO_OUTPUT_RAW,2484009821,SERVO_OUTPUT_RAW,0,0,0,0,0,0,0,0,1000,1000,1000,1000,0,0,0,0,0
2025-12-15 01:15:28.930,SERVO_OUTPUT_RAW,2484109838,SERVO_OUTPUT_RAW,0,0,0,0,0,0,0,0,1000,1000,1000,1000,0,0,0,0,0
2025-12-15 01:15:29.029,SERVO_OUTPUT_RAW,2484212002,SERVO_OUTPUT_RAW,0,0,0,0,0,0,0,0,1000,1000,1000,1000,0,0,0,0,0
2025-12-15 01:15:29.129,SERVO_OUTPUT_RAW,2484309787,SERVO_OUTPUT_RAW,0,0,0,0,0,0,0,0,1000,1000,1000,1000,0,0,0,0,0
2025-12-15 01:15:29.229,SERVO_OUTPUT_RAW,2484409810,SERVO_OUTPUT_RAW,0,0,0,0,0,0,0,0,1000,1000,1000,1000,0,0,0,0,0
2025-12-15 01:15:29.329,SERVO_OUTPUT_RAW,2484509830,SERVO_OUTPUT_RAW,0,0,0,0,0,0,0,0,1000,1000,1000,1000,0,0,0,0,0
2025-12-15 01:15:29.429,SERVO_OUTPUT_RAW,2484609781,SERVO_OUTPUT_RAW,0,0,0,0,0,0,0,0,1000,1000,1000,1000,0,0,0,0,0
2025-12-15 01:15:29.530,SERVO_OUTPUT_RAW,2484709777,SERVO_OUTPUT_RAW,0,0,0,0,0,0,0,0,1000,1000,1000,1000,0,0,0,0,0
2025-12-15 01:15:29.630,SERVO_OUTPUT_RAW,2484809783,SERVO_OUTPUT_RAW,0,0,0,0,0,0,0,0,1000,1000,1000,1000,0,0,0,0,0
2025-12-15 01:15:29.729,SERVO_OUTPUT_RAW,2484909780,SERVO_OUTPUT_RAW,0,0,0,0,0,0,0,0,1000,1000,1000,1000,0,0,0,0,0
2025-12-15 01:15:29.830,SERVO_OUTPUT_RAW,2485009795,SERVO_OUTPUT_RAW,0,0,0,0,0,0,0,0,1000,1000,1000,1000,0,0,0,0,0
2025-12-15 01:15:29.929,SERVO_OUTPUT_RAW,2485109813,SERVO_OUTPUT_RAW,0,0,0,0,0,0,0,0,1000,1000,1000,1000,0,0,0,0,0
2025-12-15 01:15:30.030,SERVO_OUTPUT_RAW,2485209844,SERVO_OUTPUT_RAW,0,0,0,0,0,0,0,0,1000,1000,1000,1000,0,0,0,0,0
2025-12-15 01:15:30.130,SERVO_OUTPUT_RAW,2485309843,SERVO_OUTPUT_RAW,0,0,0,0,0,0,0,0,1000,1000,1000,1000,0,0,0,0,0
2025-12-15 01:15:30.230,SERVO_OUTPUT_RAW,2485409807,SERVO_OUTPUT_RAW,0,0,0,0,0,0,0,0,1000,1000,1000,1000,0,0,0,0,0
2025-12-15 01:15:30.330,SERVO_OUTPUT_RAW,2485509835,SERVO_OUTPUT_RAW,0,0,0,0,0,0,0,0,1000,1000,1000,1000,0,0,0,0,0
2025-12-15 01:15:30.430,SERVO_OUTPUT_RAW,2485609830,SERVO_OUTPUT_RAW,0,0,0,0,0,0,0,0,1000,1000,1000,1000,0,0,0,0,0
2025-12-15 01:15:30.530,SERVO_OUTPUT_RAW,2485709843,SERVO_OUTPUT_RAW,0,0,0,0,0,0,0,0,1000,1000,1000,1000,0,0,0,0,0
2025-12-15 01:15:30.630,SERVO_OUTPUT_RAW,2485809824,SERVO_OUTPUT_RAW,0,0,0,0,0,0,0,0,1000,1000,1000,1000,0,0,0,0,0
2025-12-15 01:15:30.730,SERVO_OUTPUT_RAW,2485909814,SERVO_OUTPUT_RAW,0,0,0,0,0,0,0,0,1000,1000,1000,1000,0,0,0,0,0
2025-12-15 01:15:30.830,SERVO_OUTPUT_RAW,2486009828,SERVO_OUTPUT_RAW,0,0,0,0,0,0,0,0,1000,1000,1000,1000,0,0,0,0,0
2025-12-15 01:15:30.931,SERVO_OUTPUT_RAW,2486109820,SERVO_OUTPUT_RAW,0,0,0,0,0,0,0,0,1000,1000,1000,1000,0,0,0,0,0
2025-12-15 01:15:31.030,SERVO_OUTPUT_RAW,2486209787,SERVO_OUTPUT_RAW,0,0,0,0,0,0,0,0,1000,1000,1000,1000,0,0,0,0,0
2025-12-15 01:15:31.130,SERVO_OUTPUT_RAW,2486309843,SERVO_OUTPUT_RAW,0,0,0,0,0,0,0,0,1000,1000,1000,1000,0,0,0,0,0
2025-12-15 01:15:31.230,SERVO_OUTPUT_RAW,2486409792,SERVO_OUTPUT_RAW,0,0,0,0,0,0,0,0,1000,1000,1000,1000,0,0,0,0,0
2025-12-15 01:15:31.330,SERVO_OUTPUT_RAW,2486509793,SERVO_OUTPUT_RAW,0,0,0,0,0,0,0,0,1000,1000,1000,1000,0,0,0,0,0
2025-12-15 01:15:31.430,SERVO_OUTPUT_RAW,2486609802,SERVO_OUTPUT_RAW,0,0,0,0,0,0,0,0,1000,1000,1000,1000,0,0,0,0,0
2025-12-15 01:15:31.530,SERVO_OUTPUT_RAW,2486709819,SERVO_OUTPUT_RAW,0,0,0,0,0,0,0,0,1000,1000,1000,1000,0,0,0,0,0
2025-12-15 01:15:31.630,SERVO_OUTPUT_RAW,2486812144,SERVO_OUTPUT_RAW,0,0,0,0,0,0,0,0,1000,1000,1000,1000,0,0,0,0,0
2025-12-15 01:15:31.730,SERVO_OUTPUT_RAW,2486912153,SERVO_OUTPUT_RAW,0,0,0,0,0,0,0,0,1000,1000,1000,1000,0,0,0,0,0
2025-12-15 01:15:31.830,SERVO_OUTPUT_RAW,2487009806,SERVO_OUTPUT_RAW,0,0,0,0,0,0,0,0,1000,1000,1000,1000,0,0,0,0,0
2025-12-15 01:15:31.930,SERVO_OUTPUT_RAW,2487109844,SERVO_OUTPUT_RAW,0,0,0,0,0,0,0,0,1000,1000,1000,1000,0,0,0,0,0
2025-12-15 01:15:32.030,SERVO_OUTPUT_RAW,2487209830,SERVO_OUTPUT_RAW,0,0,0,0,0,0,0,0,1000,1000,1000,1000,0,0,0,0,0
2025-12-15 01:15:32.130,SERVO_OUTPUT_RAW,2487309830,SERVO_OUTPUT_RAW,0,0,0,0,0,0,0,0,1000,1000,1000,1000,0,0,0,0,0
2025-12-15 01:15:32.230,SERVO_OUTPUT_RAW,2487409788,SERVO_OUTPUT_RAW,0,0,0,0,0,0,0,0,1000,1000,1000,1000,0,0,0,0,0
2025-12-15 01:15:32.330,SERVO_OUTPUT_RAW,2487509812,SERVO_OUTPUT_RAW,0,0,0,0,0,0,0,0,1000,1000,1000,1000,0,0,0,0,0
2025-12-15 01:15:32.435,SERVO_OUTPUT_RAW,2487609816,SERVO_OUTPUT_RAW,0,0,0,0,0,0,0,0,1000,1000,1000,1000,0,0,0,0,0
2025-12-15 01:15:32.530,SERVO_OUTPUT_RAW,2487709783,SERVO_OUTPUT_RAW,0,0,0,0,0,0,0,0,1000,1000,1000,1000,0,0,0,0,0
2025-12-15 01:15:32.630,SERVO_OUTPUT_RAW,2487809790,SERVO_OUTPUT_RAW,0,0,0,0,0,0,0,0,1000,1000,1000,1000,0,0,0,0,0
2025-12-15 01:15:32.730,SERVO_OUTPUT_RAW,2487909786,SERVO_OUTPUT_RAW,0,0,0,0,0,0,0,0,1000,1000,1000,1000,0,0,0,0,0
2025-12-15 01:15:32.830,SERVO_OUTPUT_RAW,2488009800,SERVO_OUTPUT_RAW,0,0,0,0,0,0,0,0,1000,1000,1000,1000,0,0,0,0,0
2025-12-15 01:15:32.930,SERVO_OUTPUT_RAW,2488109796,SERVO_OUTPUT_RAW,0,0,0,0,0,0,0,0,1000,1000,1000,1000,0,0,0,0,0
2025-12-15 01:15:33.030,SERVO_OUTPUT_RAW,2488209784,SERVO_OUTPUT_RAW,0,0,0,0,0,0,0,0,1000,1000,1000,1000,0,0,0,0,0
2025-12-15 01:15:33.130,SERVO_OUTPUT_RAW,2488309827,SERVO_OUTPUT_RAW,0,0,0,0,0,0,0,0,1000,1000,1000,1000,0,0,0,0,0
2025-12-15 01:15:33.230,SERVO_OUTPUT_RAW,2488412130,SERVO_OUTPUT_RAW,0,0,0,0,0,0,0,0,1000,1000,1000,1000,0,0,0,0,0
2025-12-15 01:15:33.330,SERVO_OUTPUT_RAW,2488509835,SERVO_OUTPUT_RAW,0,0,0,0,0,0,0,0,1000,1000,1000,1000,0,0,0,0,0
2025-12-15 01:15:33.430,SERVO_OUTPUT_RAW,2488609810,SERVO_OUTPUT_RAW,0,0,0,0,0,0,0,0,1000,1000,1000,1000,0,0,0,0,0
2025-12-15 01:15:33.530,SERVO_OUTPUT_RAW,2488709844,SERVO_OUTPUT_RAW,0,0,0,0,0,0,0,0,1000,1000,1000,1000,0,0,0,0,0
2025-12-15 01:15:33.630,SERVO_OUTPUT_RAW,2488809847,SERVO_OUTPUT_RAW,0,0,0,0,0,0,0,0,1000,1000,1000,1000,0,0,0,0,0
2025-12-15 01:15:33.730,SERVO_OUTPUT_RAW,2488909775,SERVO_OUTPUT_RAW,0,0,0,0,0,0,0,0,1000,1000,1000,1000,0,0,0,0,0
2025-12-15 01:15:33.830,SERVO_OUTPUT_RAW,2489009814,SERVO_OUTPUT_RAW,0,0,0,0,0,0,0,0,1000,1000,1000,1000,0,0,0,0,0
2025-12-15 01:15:33.930,SERVO_OUTPUT_RAW,2489109819,SERVO_OUTPUT_RAW,0,0,0,0,0,0,0,0,1000,1000,1000,1000,0,0,0,0,0
2025-12-15 01:15:34.030,SERVO_OUTPUT_RAW,2489209812,SERVO_OUTPUT_RAW,0,0,0,0,0,0,0,0,1000,1000,1000,1000,0,0,0,0,0
2025-12-15 01:15:34.130,SERVO_OUTPUT_RAW,2489309781,SERVO_OUTPUT_RAW,0,0,0,0,0,0,0,0,1000,1000,1000,1000,0,0,0,0,0
2025-12-15 01:15:34.230,SERVO_OUTPUT_RAW,2489409785,SERVO_OUTPUT_RAW,0,0,0,0,0,0,0,0,1000,1000,1000,1000,0,0,0,0,0
2025-12-15 01:15:34.330,SERVO_OUTPUT_RAW,2489509791,SERVO_OUTPUT_RAW,0,0,0,0,0,0,0,0,1000,1000,1000,1000,0,0,0,0,0
2025-12-15 01:15:34.430,SERVO_OUTPUT_RAW,2489609806,SERVO_OUTPUT_RAW,0,0,0,0,0,0,0,0,1000,1000,1000,1000,0,0,0,0,0
2025-12-15 01:15:34.530,SERVO_OUTPUT_RAW,2489712114,SERVO_OUTPUT_RAW,0,0,0,0,0,0,0,0,1000,1000,1000,1000,0,0,0,0,0
2025-12-15 01:15:34.630,SERVO_OUTPUT_RAW,2489809801,SERVO_OUTPUT_RAW,0,0,0,0,0,0,0,0,1000,1000,1000,1000,0,0,0,0,0
2025-12-15 01:15:34.730,SERVO_OUTPUT_RAW,2489909829,SERVO_OUTPUT_RAW,0,0,0,0,0,0,0,0,1000,1000,1000,1000,0,0,0,0,0
2025-12-15 01:15:34.830,SERVO_OUTPUT_RAW,2490009828,SERVO_OUTPUT_RAW,0,0,0,0,0,0,0,0,1000,1000,1000,1000,0,0,0,0,0
2025-12-15 01:15:34.931,SERVO_OUTPUT_RAW,2490109813,SERVO_OUTPUT_RAW,0,0,0,0,0,0,0,0,1000,1000,1000,1000,0,0,0,0,0
2025-12-15 01:15:35.030,SERVO_OUTPUT_RAW,2490209805,SERVO_OUTPUT_RAW,0,0,0,0,0,0,0,0,1000,1000,1000,1000,0,0,0,0,0
2025-12-15 01:15:35.130,SERVO_OUTPUT_RAW,2490309833,SERVO_OUTPUT_RAW,0,0,0,0,0,0,0,0,1000,1000,1000,1000,0,0,0,0,0
2025-12-15 01:15:35.231,SERVO_OUTPUT_RAW,2490409838,SERVO_OUTPUT_RAW,0,0,0,0,0,0,0,0,1000,1000,1000,1000,0,0,0,0,0
2025-12-15 01:15:35.331,SERVO_OUTPUT_RAW,2490509785,SERVO_OUTPUT_RAW,0,0,0,0,0,0,0,0,1000,1000,1000,1000,0,0,0,0,0
2025-12-15 01:15:35.430,SERVO_OUTPUT_RAW,2490609799,SERVO_OUTPUT_RAW,0,0,0,0,0,0,0,0,1000,1000,1000,1000,0,0,0,0,0
2025-12-15 01:15:35.530,SERVO_OUTPUT_RAW,2490709821,SERVO_OUTPUT_RAW,0,0,0,0,0,0,0,0,1000,1000,1000,1000,0,0,0,0,0
2025-12-15 01:15:35.630,SERVO_OUTPUT_RAW,2490809782,SERVO_OUTPUT_RAW,0,0,0,0,0,0,0,0,1000,1000,1000,1000,0,0,0,0,0
2025-12-15 01:15:35.730,SERVO_OUTPUT_RAW,2490909793,SERVO_OUTPUT_RAW,0,0,0,0,0,0,0,0,1000,1000,1000,1000,0,0,0,0,0
2025-12-15 01:15:35.829,SERVO_OUTPUT_RAW,2491009815,SERVO_OUTPUT_RAW,0,0,0,0,0,0,0,0,1000,1000,1000,1000,0,0,0,0,0
2025-12-15 01:15:35.929,SERVO_OUTPUT_RAW,2491109783,SERVO_OUTPUT_RAW,0,0,0,0,0,0,0,0,1000,1000,1000,1000,0,0,0,0,0
2025-12-15 01:15:36.029,SERVO_OUTPUT_RAW,2491209791,SERVO_OUTPUT_RAW,0,0,0,0,0,0,0,0,1000,1000,1000,1000,0,0,0,0,0
2025-12-15 01:15:36.130,SERVO_OUTPUT_RAW,2491309786,SERVO_OUTPUT_RAW,0,0,0,0,0,0,0,0,1000,1000,1000,1000,0,0,0,0,0
2025-12-15 01:15:36.229,SERVO_OUTPUT_RAW,2491409832,SERVO_OUTPUT_RAW,0,0,0,0,0,0,0,0,1000,1000,1000,1000,0,0,0,0,0
2025-12-15 01:15:36.330,SERVO_OUTPUT_RAW,2491509780,SERVO_OUTPUT_RAW,0,0,0,0,0,0,0,0,1000,1000,1000,1000,0,0,0,0,0
2025-12-15 01:15:36.429,SERVO_OUTPUT_RAW,2491609848,SERVO_OUTPUT_RAW,0,0,0,0,0,0,0,0,1000,1000,1000,1000,0,0,0,0,0
2025-12-15 01:15:36.529,SERVO_OUTPUT_RAW,2491709824,SERVO_OUTPUT_RAW,0,0,0,0,0,0,0,0,1000,1000,1000,1000,0,0,0,0,0
2025-12-15 01:15:36.629,SERVO_OUTPUT_RAW,2491809812,SERVO_OUTPUT_RAW,0,0,0,0,0,0,0,0,1000,1000,1000,1000,0,0,0,0,0
2025-12-15 01:15:36.729,SERVO_OUTPUT_RAW,2491909839,SERVO_OUTPUT_RAW,0,0,0,0,0,0,0,0,1000,1000,1000,1000,0,0,0,0,0
2025-12-15 01:15:36.829,SERVO_OUTPUT_RAW,2492009862,SERVO_OUTPUT_RAW,0,0,0,0,0,0,0,0,1000,1000,1000,1000,0,0,0,0,0
2025-12-15 01:15:36.929,SERVO_OUTPUT_RAW,2492109786,SERVO_OUTPUT_RAW,0,0,0,0,0,0,0,0,1000,1000,1000,1000,0,0,0,0,0
2025-12-15 01:15:37.029,SERVO_OUTPUT_RAW,2492209809,SERVO_OUTPUT_RAW,0,0,0,0,0,0,0,0,1000,1000,1000,1000,0,0,0,0,0
2025-12-15 01:15:37.130,SERVO_OUTPUT_RAW,2492309831,SERVO_OUTPUT_RAW,0,0,0,0,0,0,0,0,1000,1000,1000,1000,0,0,0,0,0
2025-12-15 01:15:37.229,SERVO_OUTPUT_RAW,2492409883,SERVO_OUTPUT_RAW,0,0,0,0,0,0,0,0,1000,1000,1000,1000,0,0,0,0,0
2025-12-15 01:15:37.329,SERVO_OUTPUT_RAW,2492509777,SERVO_OUTPUT_RAW,0,0,0,0,0,0,0,0,1000,1000,1000,1000,0,0,0,0,0
2025-12-15 01:15:37.429,SERVO_OUTPUT_RAW,2492609871,SERVO_OUTPUT_RAW,0,0,0,0,0,0,0,0,1000,1000,1000,1000,0,0,0,0,0
2025-12-15 01:15:37.530,SERVO_OUTPUT_RAW,2492709780,SERVO_OUTPUT_RAW,0,0,0,0,0,0,0,0,1000,1000,1000,1000,0,0,0,0,0
2025-12-15 01:15:37.629,SERVO_OUTPUT_RAW,2492809777,SERVO_OUTPUT_RAW,0,0,0,0,0,0,0,0,1000,1000,1000,1000,0,0,0,0,0
2025-12-15 01:15:37.729,SERVO_OUTPUT_RAW,2492909829,SERVO_OUTPUT_RAW,0,0,0,0,0,0,0,0,1000,1000,1000,1000,0,0,0,0,0
2025-12-15 01:15:37.830,SERVO_OUTPUT_RAW,2493009832,SERVO_OUTPUT_RAW,0,0,0,0,0,0,0,0,1000,1000,1000,1000,0,0,0,0,0
2025-12-15 01:15:37.929,SERVO_OUTPUT_RAW,2493109810,SERVO_OUTPUT_RAW,0,0,0,0,0,0,0,0,1000,1000,1000,1000,0,0,0,0,0
2025-12-15 01:15:38.029,SERVO_OUTPUT_RAW,2493209818,SERVO_OUTPUT_RAW,0,0,0,0,0,0,0,0,1000,1000,1000,1000,0,0,0,0,0
2025-12-15 01:15:38.129,SERVO_OUTPUT_RAW,2493309837,SERVO_OUTPUT_RAW,0,0,0,0,0,0,0,0,1000,1000,1000,1000,0,0,0,0,0
2025-12-15 01:15:38.230,SERVO_OUTPUT_RAW,2493409863,SERVO_OUTPUT_RAW,0,0,0,0,0,0,0,0,1000,1000,1000,1000,0,0,0,0,0
2025-12-15 01:15:38.330,SERVO_OUTPUT_RAW,2493509849,SERVO_OUTPUT_RAW,0,0,0,0,0,0,0,0,1000,1000,1000,1000,0,0,0,0,0
2025-12-15 01:15:38.430,SERVO_OUTPUT_RAW,2493609791,SERVO_OUTPUT_RAW,0,0,0,0,0,0,0,0,1000,1000,1000,1000,0,0,0,0,0
2025-12-15 01:15:38.530,SERVO_OUTPUT_RAW,2493709795,SERVO_OUTPUT_RAW,0,0,0,0,0,0,0,0,1000,1000,1000,1000,0,0,0,0,0
2025-12-15 01:15:38.630,SERVO_OUTPUT_RAW,2493809813,SERVO_OUTPUT_RAW,0,0,0,0,0,0,0,0,1000,1000,1000,1000,0,0,0,0,0
2025-12-15 01:15:38.730,SERVO_OUTPUT_RAW,2493909825,SERVO_OUTPUT_RAW,0,0,0,0,0,0,0,0,1000,1000,1000,1000,0,0,0,0,0
2025-12-15 01:15:38.830,SERVO_OUTPUT_RAW,2494009790,SERVO_OUTPUT_RAW,0,0,0,0,0,0,0,0,1000,1000,1000,1000,0,0,0,0,0
2025-12-15 01:15:38.930,SERVO_OUTPUT_RAW,2494109810,SERVO_OUTPUT_RAW,0,0,0,0,0,0,0,0,1000,1000,1000,1000,0,0,0,0,0
2025-12-15 01:15:39.030,SERVO_OUTPUT_RAW,2494209790,SERVO_OUTPUT_RAW,0,0,0,0,0,0,0,0,1000,1000,1000,1000,0,0,0,0,0
2025-12-15 01:15:39.130,SERVO_OUTPUT_RAW,2494309788,SERVO_OUTPUT_RAW,0,0,0,0,0,0,0,0,1000,1000,1000,1000,0,0,0,0,0
2025-12-15 01:15:39.230,SERVO_OUTPUT_RAW,2494409795,SERVO_OUTPUT_RAW,0,0,0,0,0,0,0,0,1000,1000,1000,1000,0,0,0,0,0
2025-12-15 01:15:39.330,SERVO_OUTPUT_RAW,2494509832,SERVO_OUTPUT_RAW,0,0,0,0,0,0,0,0,1000,1000,1000,1000,0,0,0,0,0
2025-12-15 01:15:39.430,SERVO_OUTPUT_RAW,2494609819,SERVO_OUTPUT_RAW,0,0,0,0,0,0,0,0,1000,1000,1000,1000,0,0,0,0,0
2025-12-15 01:15:39.530,SERVO_OUTPUT_RAW,2494712146,SERVO_OUTPUT_RAW,0,0,0,0,0,0,0,0,1000,1000,1000,1000,0,0,0,0,0
2025-12-15 01:15:39.630,SERVO_OUTPUT_RAW,2494809822,SERVO_OUTPUT_RAW,0,0,0,0,0,0,0,0,1000,1000,1000,1000,0,0,0,0,0
2025-12-15 01:15:39.730,SERVO_OUTPUT_RAW,2494909830,SERVO_OUTPUT_RAW,0,0,0,0,0,0,0,0,1000,1000,1000,1000,0,0,0,0,0
2025-12-15 01:15:39.830,SERVO_OUTPUT_RAW,2495009910,SERVO_OUTPUT_RAW,0,0,0,0,0,0,0,0,1000,1000,1000,1000,0,0,0,0,0
2025-12-15 01:15:39.931,SERVO_OUTPUT_RAW,2495109802,SERVO_OUTPUT_RAW,0,0,0,0,0,0,0,0,1000,1000,1000,1000,0,0,0,0,0
2025-12-15 01:15:40.030,SERVO_OUTPUT_RAW,2495209797,SERVO_OUTPUT_RAW,0,0,0,0,0,0,0,0,1000,1000,1000,1000,0,0,0,0,0
2025-12-15 01:15:40.130,SERVO_OUTPUT_RAW,2495309804,SERVO_OUTPUT_RAW,0,0,0,0,0,0,0,0,1000,1000,1000,1000,0,0,0,0,0
2025-12-15 01:15:40.230,SERVO_OUTPUT_RAW,2495409823,SERVO_OUTPUT_RAW,0,0,0,0,0,0,0,0,1000,1000,1000,1000,0,0,0,0,0
2025-12-15 01:15:40.330,SERVO_OUTPUT_RAW,2495509832,SERVO_OUTPUT_RAW,0,0,0,0,0,0,0,0,1000,1000,1000,1000,0,0,0,0,0
2025-12-15 01:15:40.430,SERVO_OUTPUT_RAW,2495609779,SERVO_OUTPUT_RAW,0,0,0,0,0,0,0,0,1000,1000,1000,1000,0,0,0,0,0
2025-12-15 01:15:40.530,SERVO_OUTPUT_RAW,2495709791,SERVO_OUTPUT_RAW,0,0,0,0,0,0,0,0,1000,1000,1000,1000,0,0,0,0,0
2025-12-15 01:15:40.630,SERVO_OUTPUT_RAW,2495809802,SERVO_OUTPUT_RAW,0,0,0,0,0,0,0,0,1000,1000,1000,1000,0,0,0,0,0
2025-12-15 01:15:40.730,SERVO_OUTPUT_RAW,2495909802,SERVO_OUTPUT_RAW,0,0,0,0,0,0,0,0,1000,1000,1000,1000,0,0,0,0,0
2025-12-15 01:15:40.830,SERVO_OUTPUT_RAW,2496009787,SERVO_OUTPUT_RAW,0,0,0,0,0,0,0,0,1000,1000,1000,1000,0,0,0,0,0
2025-12-15 01:15:40.930,SERVO_OUTPUT_RAW,2496109835,SERVO_OUTPUT_RAW,0,0,0,0,0,0,0,0,1000,1000,1000,1000,0,0,0,0,0
2025-12-15 01:15:41.030,SERVO_OUTPUT_RAW,2496209798,SERVO_OUTPUT_RAW,0,0,0,0,0,0,0,0,1000,1000,1000,1000,0,0,0,0,0
2025-12-15 01:15:41.130,SERVO_OUTPUT_RAW,2496309847,SERVO_OUTPUT_RAW,0,0,0,0,0,0,0,0,1000,1000,1000,1000,0,0,0,0,0
2025-12-15 01:15:41.230,SERVO_OUTPUT_RAW,2496409837,SERVO_OUTPUT_RAW,0,0,0,0,0,0,0,0,1000,1000,1000,1000,0,0,0,0,0
2025-12-15 01:15:41.331,SERVO_OUTPUT_RAW,2496509846,SERVO_OUTPUT_RAW,0,0,0,0,0,0,0,0,1000,1000,1000,1000,0,0,0,0,0
2025-12-15 01:15:41.430,SERVO_OUTPUT_RAW,2496609848,SERVO_OUTPUT_RAW,0,0,0,0,0,0,0,0,1000,1000,1000,1000,0,0,0,0,0
2025-12-15 01:15:41.530,SERVO_OUTPUT_RAW,2496709843,SERVO_OUTPUT_RAW,0,0,0,0,0,0,0,0,1000,1000,1000,1000,0,0,0,0,0
2025-12-15 01:15:41.630,SERVO_OUTPUT_RAW,2496809800,SERVO_OUTPUT_RAW,0,0,0,0,0,0,0,0,1000,1000,1000,1000,0,0,0,0,0
2025-12-15 01:15:41.730,SERVO_OUTPUT_RAW,2496909826,SERVO_OUTPUT_RAW,0,0,0,0,0,0,0,0,1000,1000,1000,1000,0,0,0,0,0
2025-12-15 01:15:41.830,SERVO_OUTPUT_RAW,2497009808,SERVO_OUTPUT_RAW,0,0,0,0,0,0,0,0,1000,1000,1000,1000,0,0,0,0,0
2025-12-15 01:15:41.930,SERVO_OUTPUT_RAW,2497109774,SERVO_OUTPUT_RAW,0,0,0,0,0,0,0,0,1000,1000,1000,1000,0,0,0,0,0
2025-12-15 01:15:42.030,SERVO_OUTPUT_RAW,2497209789,SERVO_OUTPUT_RAW,0,0,0,0,0,0,0,0,1000,1000,1000,1000,0,0,0,0,0
2025-12-15 01:15:42.130,SERVO_OUTPUT_RAW,2497309787,SERVO_OUTPUT_RAW,0,0,0,0,0,0,0,0,1000,1000,1000,1000,0,0,0,0,0
2025-12-15 01:15:42.231,SERVO_OUTPUT_RAW,2497409791,SERVO_OUTPUT_RAW,0,0,0,0,0,0,0,0,1000,1000,1000,1000,0,0,0,0,0
2025-12-15 01:15:42.330,SERVO_OUTPUT_RAW,2497509785,SERVO_OUTPUT_RAW,0,0,0,0,0,0,0,0,1000,1000,1000,1000,0,0,0,0,0
2025-12-15 01:15:42.432,SERVO_OUTPUT_RAW,2497609813,SERVO_OUTPUT_RAW,0,0,0,0,0,0,0,0,1000,1000,1000,1000,0,0,0,0,0
2025-12-15 01:15:42.530,SERVO_OUTPUT_RAW,2497709857,SERVO_OUTPUT_RAW,0,0,0,0,0,0,0,0,1000,1000,1000,1000,0,0,0,0,0
2025-12-15 01:15:42.630,SERVO_OUTPUT_RAW,2497812143,SERVO_OUTPUT_RAW,0,0,0,0,0,0,0,0,1000,1000,1000,1000,0,0,0,0,0
2025-12-15 01:15:42.731,SERVO_OUTPUT_RAW,2497909802,SERVO_OUTPUT_RAW,0,0,0,0,0,0,0,0,1000,1000,1000,1000,0,0,0,0,0
2025-12-15 01:15:42.831,SERVO_OUTPUT_RAW,2498009815,SERVO_OUTPUT_RAW,0,0,0,0,0,0,0,0,1000,1000,1000,1000,0,0,0,0,0
2025-12-15 01:15:42.931,SERVO_OUTPUT_RAW,2498109833,SERVO_OUTPUT_RAW,0,0,0,0,0,0,0,0,1000,1000,1000,1000,0,0,0,0,0
2025-12-15 01:15:43.031,SERVO_OUTPUT_RAW,2498209844,SERVO_OUTPUT_RAW,0,0,0,0,0,0,0,0,1000,1000,1000,1000,0,0,0,0,0
2025-12-15 01:15:43.131,SERVO_OUTPUT_RAW,2498309783,SERVO_OUTPUT_RAW,0,0,0,0,0,0,0,0,1000,1000,1000,1000,0,0,0,0,0
2025-12-15 01:15:43.231,SERVO_OUTPUT_RAW,2498409824,SERVO_OUTPUT_RAW,0,0,0,0,0,0,0,0,1000,1000,1000,1000,0,0,0,0,0
2025-12-15 01:15:43.330,SERVO_OUTPUT_RAW,2498509811,SERVO_OUTPUT_RAW,0,0,0,0,0,0,0,0,1000,1000,1000,1000,0,0,0,0,0
2025-12-15 01:15:43.430,SERVO_OUTPUT_RAW,2498609841,SERVO_OUTPUT_RAW,0,0,0,0,0,0,0,0,1000,1000,1000,1000,0,0,0,0,0
2025-12-15 01:15:43.531,SERVO_OUTPUT_RAW,2498709788,SERVO_OUTPUT_RAW,0,0,0,0,0,0,0,0,1000,1000,1000,1000,0,0,0,0,0
2025-12-15 01:15:43.630,SERVO_OUTPUT_RAW,2498809789,SERVO_OUTPUT_RAW,0,0,0,0,0,0,0,0,1000,1000,1000,1000,0,0,0,0,0
2025-12-15 01:15:43.731,SERVO_OUTPUT_RAW,2498909856,SERVO_OUTPUT_RAW,0,0,0,0,0,0,0,0,1000,1000,1000,1000,0,0,0,0,0
2025-12-15 01:15:43.831,SERVO_OUTPUT_RAW,2499009791,SERVO_OUTPUT_RAW,0,0,0,0,0,0,0,0,1000,1000,1000,1000,0,0,0,0,0
2025-12-15 01:15:43.931,SERVO_OUTPUT_RAW,2499109787,SERVO_OUTPUT_RAW,0,0,0,0,0,0,0,0,1000,1000,1000,1000,0,0,0,0,0
2025-12-15 01:15:44.031,SERVO_OUTPUT_RAW,2499209819,SERVO_OUTPUT_RAW,0,0,0,0,0,0,0,0,1000,1000,1000,1000,0,0,0,0,0
2025-12-15 01:15:44.131,SERVO_OUTPUT_RAW,2499309793,SERVO_OUTPUT_RAW,0,0,0,0,0,0,0,0,1000,1000,1000,1000,0,0,0,0,0
2025-12-15 01:15:44.231,SERVO_OUTPUT_RAW,2499409872,SERVO_OUTPUT_RAW,0,0,0,0,0,0,0,0,1000,1000,1000,1000,0,0,0,0,0
2025-12-15 01:15:44.331,SERVO_OUTPUT_RAW,2499509798,SERVO_OUTPUT_RAW,0,0,0,0,0,0,0,0,1000,1000,1000,1000,0,0,0,0,0
2025-12-15 01:15:44.431,SERVO_OUTPUT_RAW,2499609816,SERVO_OUTPUT_RAW,0,0,0,0,0,0,0,0,1000,1000,1000,1000,0,0,0,0,0
2025-12-15 01:15:44.531,SERVO_OUTPUT_RAW,2499709844,SERVO_OUTPUT_RAW,0,0,0,0,0,0,0,0,1000,1000,1000,1000,0,0,0,0,0
2025-12-15 01:15:44.631,SERVO_OUTPUT_RAW,2499809834,SERVO_OUTPUT_RAW,0,0,0,0,0,0,0,0,1000,1000,1000,1000,0,0,0,0,0
2025-12-15 01:15:44.731,SERVO_OUTPUT_RAW,2499909792,SERVO_OUTPUT_RAW,0,0,0,0,0,0,0,0,1000,1000,1000,1000,0,0,0,0,0
2025-12-15 01:15:44.831,SERVO_OUTPUT_RAW,2500009806,SERVO_OUTPUT_RAW,0,0,0,0,0,0,0,0,1000,1000,1000,1000,0,0,0,0,0
2025-12-15 01:15:44.931,SERVO_OUTPUT_RAW,2500109821,SERVO_OUTPUT_RAW,0,0,0,0,0,0,0,0,1000,1000,1000,1000,0,0,0,0,0
2025-12-15 01:15:45.030,SERVO_OUTPUT_RAW,2500209786,SERVO_OUTPUT_RAW,0,0,0,0,0,0,0,0,1000,1000,1000,1000,0,0,0,0,0
2025-12-15 01:15:45.131,SERVO_OUTPUT_RAW,2500309786,SERVO_OUTPUT_RAW,0,0,0,0,0,0,0,0,1000,1000,1000,1000,0,0,0,0,0
2025-12-15 01:15:45.230,SERVO_OUTPUT_RAW,2500409814,SERVO_OUTPUT_RAW,0,0,0,0,0,0,0,0,1000,1000,1000,1000,0,0,0,0,0
2025-12-15 01:15:45.330,SERVO_OUTPUT_RAW,2500509791,SERVO_OUTPUT_RAW,0,0,0,0,0,0,0,0,1000,1000,1000,1000,0,0,0,0,0
2025-12-15 01:15:45.430,SERVO_OUTPUT_RAW,2500609779,SERVO_OUTPUT_RAW,0,0,0,0,0,0,0,0,1000,1000,1000,1000,0,0,0,0,0
2025-12-15 01:15:45.530,SERVO_OUTPUT_RAW,2500709815,SERVO_OUTPUT_RAW,0,0,0,0,0,0,0,0,1000,1000,1000,1000,0,0,0,0,0
2025-12-15 01:15:45.630,SERVO_OUTPUT_RAW,2500809824,SERVO_OUTPUT_RAW,0,0,0,0,0,0,0,0,1000,1000,1000,1000,0,0,0,0,0
2025-12-15 01:15:45.730,SERVO_OUTPUT_RAW,2500909851,SERVO_OUTPUT_RAW,0,0,0,0,0,0,0,0,1000,1000,1000,1000,0,0,0,0,0
2025-12-15 01:15:45.830,SERVO_OUTPUT_RAW,2501009856,SERVO_OUTPUT_RAW,0,0,0,0,0,0,0,0,1000,1000,1000,1000,0,0,0,0,0
2025-12-15 01:15:45.930,SERVO_OUTPUT_RAW,2501109803,SERVO_OUTPUT_RAW,0,0,0,0,0,0,0,0,1000,1000,1000,1000,0,0,0,0,0
2025-12-15 01:15:46.030,SERVO_OUTPUT_RAW,2501209828,SERVO_OUTPUT_RAW,0,0,0,0,0,0,0,0,1000,1000,1000,1000,0,0,0,0,0
2025-12-15 01:15:46.131,SERVO_OUTPUT_RAW,2501312080,SERVO_OUTPUT_RAW,0,0,0,0,0,0,0,0,1000,1000,1000,1000,0,0,0,0,0
2025-12-15 01:15:46.230,SERVO_OUTPUT_RAW,2501409820,SERVO_OUTPUT_RAW,0,0,0,0,0,0,0,0,1000,1000,1000,1000,0,0,0,0,0
2025-12-15 01:15:46.330,SERVO_OUTPUT_RAW,2501509793,SERVO_OUTPUT_RAW,0,0,0,0,0,0,0,0,1000,1000,1000,1000,0,0,0,0,0
2025-12-15 01:15:46.430,SERVO_OUTPUT_RAW,2501609817,SERVO_OUTPUT_RAW,0,0,0,0,0,0,0,0,1000,1000,1000,1000,0,0,0,0,0
2025-12-15 01:15:46.530,SERVO_OUTPUT_RAW,2501709819,SERVO_OUTPUT_RAW,0,0,0,0,0,0,0,0,1000,1000,1000,1000,0,0,0,0,0
2025-12-15 01:15:46.630,SERVO_OUTPUT_RAW,2501809786,SERVO_OUTPUT_RAW,0,0,0,0,0,0,0,0,1000,1000,1000,1000,0,0,0,0,0
2025-12-15 01:15:46.730,SERVO_OUTPUT_RAW,2501909790,SERVO_OUTPUT_RAW,0,0,0,0,0,0,0,0,1000,1000,1000,1000,0,0,0,0,0
2025-12-15 01:15:46.830,SERVO_OUTPUT_RAW,2502009789,SERVO_OUTPUT_RAW,0,0,0,0,0,0,0,0,1000,1000,1000,1000,0,0,0,0,0
2025-12-15 01:15:46.930,SERVO_OUTPUT_RAW,2502109783,SERVO_OUTPUT_RAW,0,0,0,0,0,0,0,0,1000,1000,1000,1000,0,0,0,0,0
2025-12-15 01:15:47.030,SERVO_OUTPUT_RAW,2502209798,SERVO_OUTPUT_RAW,0,0,0,0,0,0,0,0,1000,1000,1000,1000,0,0,0,0,0
2025-12-15 01:15:47.130,SERVO_OUTPUT_RAW,2502309820,SERVO_OUTPUT_RAW,0,0,0,0,0,0,0,0,1000,1000,1000,1000,0,0,0,0,0
2025-12-15 01:15:47.230,SERVO_OUTPUT_RAW,2502409840,SERVO_OUTPUT_RAW,0,0,0,0,0,0,0,0,1000,1000,1000,1000,0,0,0,0,0
2025-12-15 01:15:47.330,SERVO_OUTPUT_RAW,2502509849,SERVO_OUTPUT_RAW,0,0,0,0,0,0,0,0,1000,1000,1000,1000,0,0,0,0,0
2025-12-15 01:15:47.431,SERVO_OUTPUT_RAW,2502609800,SERVO_OUTPUT_RAW,0,0,0,0,0,0,0,0,1000,1000,1000,1000,0,0,0,0,0
2025-12-15 01:15:47.530,SERVO_OUTPUT_RAW,2502709815,SERVO_OUTPUT_RAW,0,0,0,0,0,0,0,0,1000,1000,1000,1000,0,0,0,0,0
2025-12-15 01:15:47.630,SERVO_OUTPUT_RAW,2502809846,SERVO_OUTPUT_RAW,0,0,0,0,0,0,0,0,1000,1000,1000,1000,0,0,0,0,0
2025-12-15 01:15:47.730,SERVO_OUTPUT_RAW,2502909850,SERVO_OUTPUT_RAW,0,0,0,0,0,0,0,0,1000,1000,1000,1000,0,0,0,0,0
2025-12-15 01:15:47.830,SERVO_OUTPUT_RAW,2503009782,SERVO_OUTPUT_RAW,0,0,0,0,0,0,0,0,1000,1000,1000,1000,0,0,0,0,0
2025-12-15 01:15:47.930,SERVO_OUTPUT_RAW,2503109825,SERVO_OUTPUT_RAW,0,0,0,0,0,0,0,0,1000,1000,1000,1000,0,0,0,0,0
2025-12-15 01:15:48.030,SERVO_OUTPUT_RAW,2503209813,SERVO_OUTPUT_RAW,0,0,0,0,0,0,0,0,1000,1000,1000,1000,0,0,0,0,0
2025-12-15 01:15:48.130,SERVO_OUTPUT_RAW,2503309775,SERVO_OUTPUT_RAW,0,0,0,0,0,0,0,0,1000,1000,1000,1000,0,0,0,0,0
2025-12-15 01:15:48.230,SERVO_OUTPUT_RAW,2503409802,SERVO_OUTPUT_RAW,0,0,0,0,0,0,0,0,1000,1000,1000,1000,0,0,0,0,0
2025-12-15 01:15:48.330,SERVO_OUTPUT_RAW,2503509782,SERVO_OUTPUT_RAW,0,0,0,0,0,0,0,0,1000,1000,1000,1000,0,0,0,0,0
2025-12-15 01:15:48.430,SERVO_OUTPUT_RAW,2503609799,SERVO_OUTPUT_RAW,0,0,0,0,0,0,0,0,1000,1000,1000,1000,0,0,0,0,0
2025-12-15 01:15:48.530,SERVO_OUTPUT_RAW,2503709790,SERVO_OUTPUT_RAW,0,0,0,0,0,0,0,0,1000,1000,1000,1000,0,0,0,0,0
2025-12-15 01:15:48.630,SERVO_OUTPUT_RAW,2503809812,SERVO_OUTPUT_RAW,0,0,0,0,0,0,0,0,1000,1000,1000,1000,0,0,0,0,0
2025-12-15 01:15:48.730,SERVO_OUTPUT_RAW,2503909842,SERVO_OUTPUT_RAW,0,0,0,0,0,0,0,0,1000,1000,1000,1000,0,0,0,0,0
2025-12-15 01:15:48.830,SERVO_OUTPUT_RAW,2504009844,SERVO_OUTPUT_RAW,0,0,0,0,0,0,0,0,1000,1000,1000,1000,0,0,0,0,0
2025-12-15 01:15:48.930,SERVO_OUTPUT_RAW,2504109793,SERVO_OUTPUT_RAW,0,0,0,0,0,0,0,0,1000,1000,1000,1000,0,0,0,0,0
2025-12-15 01:15:49.030,SERVO_OUTPUT_RAW,2504209865,SERVO_OUTPUT_RAW,0,0,0,0,0,0,0,0,1000,1000,1000,1000,0,0,0,0,0
2025-12-15 01:15:49.130,SERVO_OUTPUT_RAW,2504309813,SERVO_OUTPUT_RAW,0,0,0,0,0,0,0,0,1000,1000,1000,1000,0,0,0,0,0
2025-12-15 01:15:49.230,SERVO_OUTPUT_RAW,2504409853,SERVO_OUTPUT_RAW,0,0,0,0,0,0,0,0,1000,1000,1000,1000,0,0,0,0,0
2025-12-15 01:15:49.330,SERVO_OUTPUT_RAW,2504509827,SERVO_OUTPUT_RAW,0,0,0,0,0,0,0,0,1000,1000,1000,1000,0,0,0,0,0
2025-12-15 01:15:49.430,SERVO_OUTPUT_RAW,2504609779,SERVO_OUTPUT_RAW,0,0,0,0,0,0,0,0,1000,1000,1000,1000,0,0,0,0,0
2025-12-15 01:15:49.530,SERVO_OUTPUT_RAW,2504709814,SERVO_OUTPUT_RAW,0,0,0,0,0,0,0,0,1000,1000,1000,1000,0,0,0,0,0
2025-12-15 01:15:49.631,SERVO_OUTPUT_RAW,2504809815,SERVO_OUTPUT_RAW,0,0,0,0,0,0,0,0,1000,1000,1000,1000,0,0,0,0,0
2025-12-15 01:15:49.730,SERVO_OUTPUT_RAW,2504909796,SERVO_OUTPUT_RAW,0,0,0,0,0,0,0,0,1000,1000,1000,1000,0,0,0,0,0
2025-12-15 01:15:49.830,SERVO_OUTPUT_RAW,2505009788,SERVO_OUTPUT_RAW,0,0,0,0,0,0,0,0,1000,1000,1000,1000,0,0,0,0,0
2025-12-15 01:15:49.931,SERVO_OUTPUT_RAW,2505109795,SERVO_OUTPUT_RAW,0,0,0,0,0,0,0,0,1000,1000,1000,1000,0,0,0,0,0
2025-12-15 01:15:50.030,SERVO_OUTPUT_RAW,2505209849,SERVO_OUTPUT_RAW,0,0,0,0,0,0,0,0,1000,1000,1000,1000,0,0,0,0,0
2025-12-15 01:15:50.130,SERVO_OUTPUT_RAW,2505309793,SERVO_OUTPUT_RAW,0,0,0,0,0,0,0,0,1000,1000,1000,1000,0,0,0,0,0
2025-12-15 01:15:50.230,SERVO_OUTPUT_RAW,2505409820,SERVO_OUTPUT_RAW,0,0,0,0,0,0,0,0,1000,1000,1000,1000,0,0,0,0,0
2025-12-15 01:15:50.330,SERVO_OUTPUT_RAW,2505509841,SERVO_OUTPUT_RAW,0,0,0,0,0,0,0,0,1000,1000,1000,1000,0,0,0,0,0
2025-12-15 01:15:50.430,SERVO_OUTPUT_RAW,2505609849,SERVO_OUTPUT_RAW,0,0,0,0,0,0,0,0,1000,1000,1000,1000,0,0,0,0,0
2025-12-15 01:15:50.530,SERVO_OUTPUT_RAW,2505709813,SERVO_OUTPUT_RAW,0,0,0,0,0,0,0,0,1000,1000,1000,1000,0,0,0,0,0
2025-12-15 01:15:50.630,SERVO_OUTPUT_RAW,2505809829,SERVO_OUTPUT_RAW,0,0,0,0,0,0,0,0,1000,1000,1000,1000,0,0,0,0,0
2025-12-15 01:15:50.730,SERVO_OUTPUT_RAW,2505909833,SERVO_OUTPUT_RAW,0,0,0,0,0,0,0,0,1000,1000,1000,1000,0,0,0,0,0
2025-12-15 01:15:50.831,SERVO_OUTPUT_RAW,2506009836,SERVO_OUTPUT_RAW,0,0,0,0,0,0,0,0,1000,1000,1000,1000,0,0,0,0,0
2025-12-15 01:15:50.930,SERVO_OUTPUT_RAW,2506109782,SERVO_OUTPUT_RAW,0,0,0,0,0,0,0,0,1000,1000,1000,1000,0,0,0,0,0
2025-12-15 01:15:51.030,SERVO_OUTPUT_RAW,2506209794,SERVO_OUTPUT_RAW,0,0,0,0,0,0,0,0,1000,1000,1000,1000,0,0,0,0,0
2025-12-15 01:15:51.130,SERVO_OUTPUT_RAW,2506309812,SERVO_OUTPUT_RAW,0,0,0,0,0,0,0,0,1000,1000,1000,1000,0,0,0,0,0
2025-12-15 01:15:51.230,SERVO_OUTPUT_RAW,2506409815,SERVO_OUTPUT_RAW,0,0,0,0,0,0,0,0,1000,1000,1000,1000,0,0,0,0,0
2025-12-15 01:15:51.330,SERVO_OUTPUT_RAW,2506509802,SERVO_OUTPUT_RAW,0,0,0,0,0,0,0,0,1000,1000,1000,1000,0,0,0,0,0
2025-12-15 01:15:51.430,SERVO_OUTPUT_RAW,2506609792,SERVO_OUTPUT_RAW,0,0,0,0,0,0,0,0,1000,1000,1000,1000,0,0,0,0,0
2025-12-15 01:15:51.531,SERVO_OUTPUT_RAW,2506709805,SERVO_OUTPUT_RAW,0,0,0,0,0,0,0,0,1000,1000,1000,1000,0,0,0,0,0
2025-12-15 01:15:51.630,SERVO_OUTPUT_RAW,2506809790,SERVO_OUTPUT_RAW,0,0,0,0,0,0,0,0,1000,1000,1000,1000,0,0,0,0,0
2025-12-15 01:15:51.730,SERVO_OUTPUT_RAW,2506909800,SERVO_OUTPUT_RAW,0,0,0,0,0,0,0,0,1000,1000,1000,1000,0,0,0,0,0
2025-12-15 01:15:51.830,SERVO_OUTPUT_RAW,2507009819,SERVO_OUTPUT_RAW,0,0,0,0,0,0,0,0,1000,1000,1000,1000,0,0,0,0,0
2025-12-15 01:15:51.931,SERVO_OUTPUT_RAW,2507109863,SERVO_OUTPUT_RAW,0,0,0,0,0,0,0,0,1000,1000,1000,1000,0,0,0,0,0
2025-12-15 01:15:52.031,SERVO_OUTPUT_RAW,2507209846,SERVO_OUTPUT_RAW,0,0,0,0,0,0,0,0,1000,1000,1000,1000,0,0,0,0,0
2025-12-15 01:15:52.130,SERVO_OUTPUT_RAW,2507312116,SERVO_OUTPUT_RAW,0,0,0,0,0,0,0,0,1000,1000,1000,1000,0,0,0,0,0
2025-12-15 01:15:52.230,SERVO_OUTPUT_RAW,2507409835,SERVO_OUTPUT_RAW,0,0,0,0,0,0,0,0,1000,1000,1000,1000,0,0,0,0,0
2025-12-15 01:15:52.330,SERVO_OUTPUT_RAW,2507509859,SERVO_OUTPUT_RAW,0,0,0,0,0,0,0,0,1000,1000,1000,1000,0,0,0,0,0
2025-12-15 01:15:52.431,SERVO_OUTPUT_RAW,2507609856,SERVO_OUTPUT_RAW,0,0,0,0,0,0,0,0,1000,1000,1000,1000,0,0,0,0,0
2025-12-15 01:15:52.530,SERVO_OUTPUT_RAW,2507709794,SERVO_OUTPUT_RAW,0,0,0,0,0,0,0,0,1000,1000,1000,1000,0,0,0,0,0
2025-12-15 01:15:52.630,SERVO_OUTPUT_RAW,2507809812,SERVO_OUTPUT_RAW,0,0,0,0,0,0,0,0,1000,1000,1000,1000,0,0,0,0,0
2025-12-15 01:15:52.731,SERVO_OUTPUT_RAW,2507909830,SERVO_OUTPUT_RAW,0,0,0,0,0,0,0,0,1000,1000,1000,1000,0,0,0,0,0
2025-12-15 01:15:52.831,SERVO_OUTPUT_RAW,2508009787,SERVO_OUTPUT_RAW,0,0,0,0,0,0,0,0,1000,1000,1000,1000,0,0,0,0,0
2025-12-15 01:15:52.931,SERVO_OUTPUT_RAW,2508109796,SERVO_OUTPUT_RAW,0,0,0,0,0,0,0,0,1000,1000,1000,1000,0,0,0,0,0
2025-12-15 01:15:53.031,SERVO_OUTPUT_RAW,2508209795,SERVO_OUTPUT_RAW,0,0,0,0,0,0,0,0,1000,1000,1000,1000,0,0,0,0,0
2025-12-15 01:15:53.131,SERVO_OUTPUT_RAW,2508309790,SERVO_OUTPUT_RAW,0,0,0,0,0,0,0,0,1000,1000,1000,1000,0,0,0,0,0
2025-12-15 01:15:53.231,SERVO_OUTPUT_RAW,2508409785,SERVO_OUTPUT_RAW,0,0,0,0,0,0,0,0,1000,1000,1000,1000,0,0,0,0,0
2025-12-15 01:15:53.331,SERVO_OUTPUT_RAW,2508509832,SERVO_OUTPUT_RAW,0,0,0,0,0,0,0,0,1000,1000,1000,1000,0,0,0,0,0
2025-12-15 01:15:53.431,SERVO_OUTPUT_RAW,2508609827,SERVO_OUTPUT_RAW,0,0,0,0,0,0,0,0,1000,1000,1000,1000,0,0,0,0,0
2025-12-15 01:15:53.531,SERVO_OUTPUT_RAW,2508709850,SERVO_OUTPUT_RAW,0,0,0,0,0,0,0,0,1000,1000,1000,1000,0,0,0,0,0
2025-12-15 01:15:53.631,SERVO_OUTPUT_RAW,2508809859,SERVO_OUTPUT_RAW,0,0,0,0,0,0,0,0,1000,1000,1000,1000,0,0,0,0,0
2025-12-15 01:15:53.731,SERVO_OUTPUT_RAW,2508909805,SERVO_OUTPUT_RAW,0,0,0,0,0,0,0,0,1000,1000,1000,1000,0,0,0,0,0
2025-12-15 01:15:53.831,SERVO_OUTPUT_RAW,2509009829,SERVO_OUTPUT_RAW,0,0,0,0,0,0,0,0,1000,1000,1000,1000,0,0,0,0,0
2025-12-15 01:15:53.931,SERVO_OUTPUT_RAW,2509109846,SERVO_OUTPUT_RAW,0,0,0,0,0,0,0,0,1000,1000,1000,1000,0,0,0,0,0
2025-12-15 01:15:54.031,SERVO_OUTPUT_RAW,2509209786,SERVO_OUTPUT_RAW,0,0,0,0,0,0,0,0,1000,1000,1000,1000,0,0,0,0,0
2025-12-15 01:15:54.131,SERVO_OUTPUT_RAW,2509309787,SERVO_OUTPUT_RAW,0,0,0,0,0,0,0,0,1000,1000,1000,1000,0,0,0,0,0
2025-12-15 01:15:54.231,SERVO_OUTPUT_RAW,2509409950,SERVO_OUTPUT_RAW,0,0,0,0,0,0,0,0,1000,1000,1000,1000,0,0,0,0,0
2025-12-15 01:15:54.331,SERVO_OUTPUT_RAW,2509509787,SERVO_OUTPUT_RAW,0,0,0,0,0,0,0,0,1000,1000,1000,1000,0,0,0,0,0
2025-12-15 01:15:54.431,SERVO_OUTPUT_RAW,2509609774,SERVO_OUTPUT_RAW,0,0,0,0,0,0,0,0,1000,1000,1000,1000,0,0,0,0,0
2025-12-15 01:15:54.531,SERVO_OUTPUT_RAW,2509709787,SERVO_OUTPUT_RAW,0,0,0,0,0,0,0,0,1000,1000,1000,1000,0,0,0,0,0
2025-12-15 01:15:54.631,SERVO_OUTPUT_RAW,2509809795,SERVO_OUTPUT_RAW,0,0,0,0,0,0,0,0,1000,1000,1000,1000,0,0,0,0,0
2025-12-15 01:15:54.730,SERVO_OUTPUT_RAW,2509909792,SERVO_OUTPUT_RAW,0,0,0,0,0,0,0,0,1000,1000,1000,1000,0,0,0,0,0
2025-12-15 01:15:54.830,SERVO_OUTPUT_RAW,2510009803,SERVO_OUTPUT_RAW,0,0,0,0,0,0,0,0,1000,1000,1000,1000,0,0,0,0,0
2025-12-15 01:15:54.931,SERVO_OUTPUT_RAW,2510109821,SERVO_OUTPUT_RAW,0,0,0,0,0,0,0,0,1000,1000,1000,1000,0,0,0,0,0
2025-12-15 01:15:55.030,SERVO_OUTPUT_RAW,2510209835,SERVO_OUTPUT_RAW,0,0,0,0,0,0,0,0,1000,1000,1000,1000,0,0,0,0,0
2025-12-15 01:15:55.131,SERVO_OUTPUT_RAW,2510312136,SERVO_OUTPUT_RAW,0,0,0,0,0,0,0,0,1000,1000,1000,1000,0,0,0,0,0
2025-12-15 01:15:55.230,SERVO_OUTPUT_RAW,2510409801,SERVO_OUTPUT_RAW,0,0,0,0,0,0,0,0,1000,1000,1000,1000,0,0,0,0,0
2025-12-15 01:15:55.330,SERVO_OUTPUT_RAW,2510509814,SERVO_OUTPUT_RAW,0,0,0,0,0,0,0,0,1000,1000,1000,1000,0,0,0,0,0
2025-12-15 01:15:55.431,SERVO_OUTPUT_RAW,2510609828,SERVO_OUTPUT_RAW,0,0,0,0,0,0,0,0,1000,1000,1000,1000,0,0,0,0,0
2025-12-15 01:15:55.531,SERVO_OUTPUT_RAW,2510709811,SERVO_OUTPUT_RAW,0,0,0,0,0,0,0,0,1000,1000,1000,1000,0,0,0,0,0
2025-12-15 01:15:55.630,SERVO_OUTPUT_RAW,2510809786,SERVO_OUTPUT_RAW,0,0,0,0,0,0,0,0,1000,1000,1000,1000,0,0,0,0,0
2025-12-15 01:15:55.730,SERVO_OUTPUT_RAW,2510909817,SERVO_OUTPUT_RAW,0,0,0,0,0,0,0,0,1000,1000,1000,1000,0,0,0,0,0
2025-12-15 01:15:55.830,SERVO_OUTPUT_RAW,2511009825,SERVO_OUTPUT_RAW,0,0,0,0,0,0,0,0,1000,1000,1000,1000,0,0,0,0,0
2025-12-15 01:15:55.930,SERVO_OUTPUT_RAW,2511109782,SERVO_OUTPUT_RAW,0,0,0,0,0,0,0,0,1000,1000,1000,1000,0,0,0,0,0
2025-12-15 01:15:56.031,SERVO_OUTPUT_RAW,2511209803,SERVO_OUTPUT_RAW,0,0,0,0,0,0,0,0,1000,1000,1000,1000,0,0,0,0,0
2025-12-15 01:15:56.130,SERVO_OUTPUT_RAW,2511309802,SERVO_OUTPUT_RAW,0,0,0,0,0,0,0,0,1000,1000,1000,1000,0,0,0,0,0
2025-12-15 01:15:56.230,SERVO_OUTPUT_RAW,2511409791,SERVO_OUTPUT_RAW,0,0,0,0,0,0,0,0,1000,1000,1000,1000,0,0,0,0,0
2025-12-15 01:15:56.330,SERVO_OUTPUT_RAW,2511509840,SERVO_OUTPUT_RAW,0,0,0,0,0,0,0,0,1000,1000,1000,1000,0,0,0,0,0
2025-12-15 01:15:56.430,SERVO_OUTPUT_RAW,2511609793,SERVO_OUTPUT_RAW,0,0,0,0,0,0,0,0,1000,1000,1000,1000,0,0,0,0,0
2025-12-15 01:15:56.530,SERVO_OUTPUT_RAW,2511709810,SERVO_OUTPUT_RAW,0,0,0,0,0,0,0,0,1000,1000,1000,1000,0,0,0,0,0
2025-12-15 01:15:56.630,SERVO_OUTPUT_RAW,2511809788,SERVO_OUTPUT_RAW,0,0,0,0,0,0,0,0,1000,1000,1000,1000,0,0,0,0,0
2025-12-15 01:15:56.730,SERVO_OUTPUT_RAW,2511909796,SERVO_OUTPUT_RAW,0,0,0,0,0,0,0,0,1000,1000,1000,1000,0,0,0,0,0
2025-12-15 01:15:56.830,SERVO_OUTPUT_RAW,2512009793,SERVO_OUTPUT_RAW,0,0,0,0,0,0,0,0,1000,1000,1000,1000,0,0,0,0,0
2025-12-15 01:15:56.930,SERVO_OUTPUT_RAW,2512109825,SERVO_OUTPUT_RAW,0,0,0,0,0,0,0,0,1000,1000,1000,1000,0,0,0,0,0
2025-12-15 01:15:57.030,SERVO_OUTPUT_RAW,2512209842,SERVO_OUTPUT_RAW,0,0,0,0,0,0,0,0,1000,1000,1000,1000,0,0,0,0,0
2025-12-15 01:15:57.130,SERVO_OUTPUT_RAW,2512309870,SERVO_OUTPUT_RAW,0,0,0,0,0,0,0,0,1000,1000,1000,1000,0,0,0,0,0
2025-12-15 01:15:57.230,SERVO_OUTPUT_RAW,2512409779,SERVO_OUTPUT_RAW,0,0,0,0,0,0,0,0,1000,1000,1000,1000,0,0,0,0,0
2025-12-15 01:15:57.330,SERVO_OUTPUT_RAW,2512509828,SERVO_OUTPUT_RAW,0,0,0,0,0,0,0,0,1000,1000,1000,1000,0,0,0,0,0
2025-12-15 01:15:57.432,SERVO_OUTPUT_RAW,2512609824,SERVO_OUTPUT_RAW,0,0,0,0,0,0,0,0,1000,1000,1000,1000,0,0,0,0,0
2025-12-15 01:15:57.530,SERVO_OUTPUT_RAW,2512709780,SERVO_OUTPUT_RAW,0,0,0,0,0,0,0,0,1000,1000,1000,1000,0,0,0,0,0
2025-12-15 01:15:57.630,SERVO_OUTPUT_RAW,2512809799,SERVO_OUTPUT_RAW,0,0,0,0,0,0,0,0,1000,1000,1000,1000,0,0,0,0,0
2025-12-15 01:15:57.731,SERVO_OUTPUT_RAW,2512909797,SERVO_OUTPUT_RAW,0,0,0,0,0,0,0,0,1000,1000,1000,1000,0,0,0,0,0
2025-12-15 01:15:57.830,SERVO_OUTPUT_RAW,2513009803,SERVO_OUTPUT_RAW,0,0,0,0,0,0,0,0,1000,1000,1000,1000,0,0,0,0,0
2025-12-15 01:15:57.931,SERVO_OUTPUT_RAW,2513109782,SERVO_OUTPUT_RAW,0,0,0,0,0,0,0,0,1000,1000,1000,1000,0,0,0,0,0
2025-12-15 01:15:58.030,SERVO_OUTPUT_RAW,2513209811,SERVO_OUTPUT_RAW,0,0,0,0,0,0,0,0,1000,1000,1000,1000,0,0,0,0,0
2025-12-15 01:15:58.130,SERVO_OUTPUT_RAW,2513312142,SERVO_OUTPUT_RAW,0,0,0,0,0,0,0,0,1000,1000,1000,1000,0,0,0,0,0
2025-12-15 01:15:58.230,SERVO_OUTPUT_RAW,2513409835,SERVO_OUTPUT_RAW,0,0,0,0,0,0,0,0,1000,1000,1000,1000,0,0,0,0,0
2025-12-15 01:15:58.330,SERVO_OUTPUT_RAW,2513509810,SERVO_OUTPUT_RAW,0,0,0,0,0,0,0,0,1000,1000,1000,1000,0,0,0,0,0
2025-12-15 01:15:58.430,SERVO_OUTPUT_RAW,2513612184,SERVO_OUTPUT_RAW,0,0,0,0,0,0,0,0,1000,1000,1000,1000,0,0,0,0,0
2025-12-15 01:15:58.530,SERVO_OUTPUT_RAW,2513709846,SERVO_OUTPUT_RAW,0,0,0,0,0,0,0,0,1000,1000,1000,1000,0,0,0,0,0
2025-12-15 01:15:58.630,SERVO_OUTPUT_RAW,2513809849,SERVO_OUTPUT_RAW,0,0,0,0,0,0,0,0,1000,1000,1000,1000,0,0,0,0,0
2025-12-15 01:15:58.730,SERVO_OUTPUT_RAW,2513909905,SERVO_OUTPUT_RAW,0,0,0,0,0,0,0,0,1000,1000,1000,1000,0,0,0,0,0
2025-12-15 01:15:58.831,SERVO_OUTPUT_RAW,2514009792,SERVO_OUTPUT_RAW,0,0,0,0,0,0,0,0,1000,1000,1000,1000,0,0,0,0,0
2025-12-15 01:15:58.930,SERVO_OUTPUT_RAW,2514109819,SERVO_OUTPUT_RAW,0,0,0,0,0,0,0,0,1000,1000,1000,1000,0,0,0,0,0
2025-12-15 01:15:59.030,SERVO_OUTPUT_RAW,2514209820,SERVO_OUTPUT_RAW,0,0,0,0,0,0,0,0,1000,1000,1000,1000,0,0,0,0,0
2025-12-15 01:15:59.130,SERVO_OUTPUT_RAW,2514309791,SERVO_OUTPUT_RAW,0,0,0,0,0,0,0,0,1000,1000,1000,1000,0,0,0,0,0
2025-12-15 01:15:59.230,SERVO_OUTPUT_RAW,2514409788,SERVO_OUTPUT_RAW,0,0,0,0,0,0,0,0,1000,1000,1000,1000,0,0,0,0,0
2025-12-15 01:15:59.330,SERVO_OUTPUT_RAW,2514509795,SERVO_OUTPUT_RAW,0,0,0,0,0,0,0,0,1000,1000,1000,1000,0,0,0,0,0
2025-12-15 01:15:59.430,SERVO_OUTPUT_RAW,2514609781,SERVO_OUTPUT_RAW,0,0,0,0,0,0,0,0,1000,1000,1000,1000,0,0,0,0,0
2025-12-15 01:15:59.530,SERVO_OUTPUT_RAW,2514709808,SERVO_OUTPUT_RAW,0,0,0,0,0,0,0,0,1000,1000,1000,1000,0,0,0,0,0
2025-12-15 01:15:59.630,SERVO_OUTPUT_RAW,2514809836,SERVO_OUTPUT_RAW,0,0,0,0,0,0,0,0,1000,1000,1000,1000,0,0,0,0,0
2025-12-15 01:15:59.730,SERVO_OUTPUT_RAW,2514909843,SERVO_OUTPUT_RAW,0,0,0,0,0,0,0,0,1000,1000,1000,1000,0,0,0,0,0
2025-12-15 01:15:59.831,SERVO_OUTPUT_RAW,2515009852,SERVO_OUTPUT_RAW,0,0,0,0,0,0,0,0,1000,1000,1000,1000,0,0,0,0,0
2025-12-15 01:15:59.930,SERVO_OUTPUT_RAW,2515109784,SERVO_OUTPUT_RAW,0,0,0,0,0,0,0,0,1000,1000,1000,1000,0,0,0,0,0
2025-12-15 01:16:00.030,SERVO_OUTPUT_RAW,2515209821,SERVO_OUTPUT_RAW,0,0,0,0,0,0,0,0,1000,1000,1000,1000,0,0,0,0,0
2025-12-15 01:16:00.130,SERVO_OUTPUT_RAW,2515309850,SERVO_OUTPUT_RAW,0,0,0,0,0,0,0,0,1000,1000,1000,1000,0,0,0,0,0
2025-12-15 01:16:00.230,SERVO_OUTPUT_RAW,2515409820,SERVO_OUTPUT_RAW,0,0,0,0,0,0,0,0,1000,1000,1000,1000,0,0,0,0,0
2025-12-15 01:16:00.331,SERVO_OUTPUT_RAW,2515509790,SERVO_OUTPUT_RAW,0,0,0,0,0,0,0,0,1000,1000,1000,1000,0,0,0,0,0
2025-12-15 01:16:00.430,SERVO_OUTPUT_RAW,2515609809,SERVO_OUTPUT_RAW,0,0,0,0,0,0,0,0,1000,1000,1000,1000,0,0,0,0,0
2025-12-15 01:16:00.531,SERVO_OUTPUT_RAW,2515709820,SERVO_OUTPUT_RAW,0,0,0,0,0,0,0,0,1000,1000,1000,1000,0,0,0,0,0
2025-12-15 01:16:00.630,SERVO_OUTPUT_RAW,2515809838,SERVO_OUTPUT_RAW,0,0,0,0,0,0,0,0,1000,1000,1000,1000,0,0,0,0,0
2025-12-15 01:16:00.731,SERVO_OUTPUT_RAW,2515909788,SERVO_OUTPUT_RAW,0,0,0,0,0,0,0,0,1000,1000,1000,1000,0,0,0,0,0
2025-12-15 01:16:00.831,SERVO_OUTPUT_RAW,2516009792,SERVO_OUTPUT_RAW,0,0,0,0,0,0,0,0,1000,1000,1000,1000,0,0,0,0,0
2025-12-15 01:16:00.931,SERVO_OUTPUT_RAW,2516109789,SERVO_OUTPUT_RAW,0,0,0,0,0,0,0,0,1000,1000,1000,1000,0,0,0,0,0
2025-12-15 01:16:01.031,SERVO_OUTPUT_RAW,2516209799,SERVO_OUTPUT_RAW,0,0,0,0,0,0,0,0,1000,1000,1000,1000,0,0,0,0,0
2025-12-15 01:16:01.131,SERVO_OUTPUT_RAW,2516309802,SERVO_OUTPUT_RAW,0,0,0,0,0,0,0,0,1000,1000,1000,1000,0,0,0,0,0
2025-12-15 01:16:01.231,SERVO_OUTPUT_RAW,2516409829,SERVO_OUTPUT_RAW,0,0,0,0,0,0,0,0,1000,1000,1000,1000,0,0,0,0,0
2025-12-15 01:16:01.331,SERVO_OUTPUT_RAW,2516509799,SERVO_OUTPUT_RAW,0,0,0,0,0,0,0,0,1000,1000,1000,1000,0,0,0,0,0
2025-12-15 01:16:01.431,SERVO_OUTPUT_RAW,2516609892,SERVO_OUTPUT_RAW,0,0,0,0,0,0,0,0,1000,1000,1000,1000,0,0,0,0,0
2025-12-15 01:16:01.531,SERVO_OUTPUT_RAW,2516709812,SERVO_OUTPUT_RAW,0,0,0,0,0,0,0,0,1000,1000,1000,1000,0,0,0,0,0
2025-12-15 01:16:01.631,SERVO_OUTPUT_RAW,2516809832,SERVO_OUTPUT_RAW,0,0,0,0,0,0,0,0,1000,1000,1000,1000,0,0,0,0,0
2025-12-15 01:16:01.731,SERVO_OUTPUT_RAW,2516909846,SERVO_OUTPUT_RAW,0,0,0,0,0,0,0,0,1000,1000,1000,1000,0,0,0,0,0
2025-12-15 01:16:01.831,SERVO_OUTPUT_RAW,2517009780,SERVO_OUTPUT_RAW,0,0,0,0,0,0,0,0,1000,1000,1000,1000,0,0,0,0,0
2025-12-15 01:16:01.931,SERVO_OUTPUT_RAW,2517109780,SERVO_OUTPUT_RAW,0,0,0,0,0,0,0,0,1000,1000,1000,1000,0,0,0,0,0
2025-12-15 01:16:02.031,SERVO_OUTPUT_RAW,2517209824,SERVO_OUTPUT_RAW,0,0,0,0,0,0,0,0,1000,1000,1000,1000,0,0,0,0,0
2025-12-15 01:16:02.131,SERVO_OUTPUT_RAW,2517309814,SERVO_OUTPUT_RAW,0,0,0,0,0,0,0,0,1000,1000,1000,1000,0,0,0,0,0
2025-12-15 01:16:02.231,SERVO_OUTPUT_RAW,2517409789,SERVO_OUTPUT_RAW,0,0,0,0,0,0,0,0,1000,1000,1000,1000,0,0,0,0,0
2025-12-15 01:16:02.331,SERVO_OUTPUT_RAW,2517509794,SERVO_OUTPUT_RAW,0,0,0,0,0,0,0,0,1000,1000,1000,1000,0,0,0,0,0
2025-12-15 01:16:02.436,SERVO_OUTPUT_RAW,2517609786,SERVO_OUTPUT_RAW,0,0,0,0,0,0,0,0,1000,1000,1000,1000,0,0,0,0,0
2025-12-15 01:16:02.531,SERVO_OUTPUT_RAW,2517709790,SERVO_OUTPUT_RAW,0,0,0,0,0,0,0,0,1000,1000,1000,1000,0,0,0,0,0
2025-12-15 01:16:02.631,SERVO_OUTPUT_RAW,2517812129,SERVO_OUTPUT_RAW,0,0,0,0,0,0,0,0,1000,1000,1000,1000,0,0,0,0,0
2025-12-15 01:16:02.731,SERVO_OUTPUT_RAW,2517909814,SERVO_OUTPUT_RAW,0,0,0,0,0,0,0,0,1000,1000,1000,1000,0,0,0,0,0
2025-12-15 01:16:02.831,SERVO_OUTPUT_RAW,2518009843,SERVO_OUTPUT_RAW,0,0,0,0,0,0,0,0,1000,1000,1000,1000,0,0,0,0,0
2025-12-15 01:16:02.931,SERVO_OUTPUT_RAW,2518109844,SERVO_OUTPUT_RAW,0,0,0,0,0,0,0,0,1000,1000,1000,1000,0,0,0,0,0
2025-12-15 01:16:03.031,SERVO_OUTPUT_RAW,2518209815,SERVO_OUTPUT_RAW,0,0,0,0,0,0,0,0,1000,1000,1000,1000,0,0,0,0,0
2025-12-15 01:16:03.131,SERVO_OUTPUT_RAW,2518309809,SERVO_OUTPUT_RAW,0,0,0,0,0,0,0,0,1000,1000,1000,1000,0,0,0,0,0
2025-12-15 01:16:03.231,SERVO_OUTPUT_RAW,2518409844,SERVO_OUTPUT_RAW,0,0,0,0,0,0,0,0,1000,1000,1000,1000,0,0,0,0,0
2025-12-15 01:16:03.331,SERVO_OUTPUT_RAW,2518509778,SERVO_OUTPUT_RAW,0,0,0,0,0,0,0,0,1000,1000,1000,1000,0,0,0,0,0
2025-12-15 01:16:03.431,SERVO_OUTPUT_RAW,2518609774,SERVO_OUTPUT_RAW,0,0,0,0,0,0,0,0,1000,1000,1000,1000,0,0,0,0,0
2025-12-15 01:16:03.531,SERVO_OUTPUT_RAW,2518709822,SERVO_OUTPUT_RAW,0,0,0,0,0,0,0,0,1000,1000,1000,1000,0,0,0,0,0
2025-12-15 01:16:03.631,SERVO_OUTPUT_RAW,2518809823,SERVO_OUTPUT_RAW,0,0,0,0,0,0,0,0,1000,1000,1000,1000,0,0,0,0,0
2025-12-15 01:16:03.731,SERVO_OUTPUT_RAW,2518909785,SERVO_OUTPUT_RAW,0,0,0,0,0,0,0,0,1000,1000,1000,1000,0,0,0,0,0
2025-12-15 01:16:03.832,SERVO_OUTPUT_RAW,2519009797,SERVO_OUTPUT_RAW,0,0,0,0,0,0,0,0,1000,1000,1000,1000,0,0,0,0,0
2025-12-15 01:16:03.931,SERVO_OUTPUT_RAW,2519109804,SERVO_OUTPUT_RAW,0,0,0,0,0,0,0,0,1000,1000,1000,1000,0,0,0,0,0
2025-12-15 01:16:04.031,SERVO_OUTPUT_RAW,2519209808,SERVO_OUTPUT_RAW,0,0,0,0,0,0,0,0,1000,1000,1000,1000,0,0,0,0,0
2025-12-15 01:16:04.132,SERVO_OUTPUT_RAW,2519309807,SERVO_OUTPUT_RAW,0,0,0,0,0,0,0,0,1000,1000,1000,1000,0,0,0,0,0
2025-12-15 01:16:04.230,SERVO_OUTPUT_RAW,2519409779,SERVO_OUTPUT_RAW,0,0,0,0,0,0,0,0,1000,1000,1000,1000,0,0,0,0,0
2025-12-15 01:16:04.331,SERVO_OUTPUT_RAW,2519509818,SERVO_OUTPUT_RAW,0,0,0,0,0,0,0,0,1000,1000,1000,1000,0,0,0,0,0
2025-12-15 01:16:04.431,SERVO_OUTPUT_RAW,2519609824,SERVO_OUTPUT_RAW,0,0,0,0,0,0,0,0,1000,1000,1000,1000,0,0,0,0,0
2025-12-15 01:16:04.532,SERVO_OUTPUT_RAW,2519709860,SERVO_OUTPUT_RAW,0,0,0,0,0,0,0,0,1000,1000,1000,1000,0,0,0,0,0
2025-12-15 01:16:04.631,SERVO_OUTPUT_RAW,2519809789,SERVO_OUTPUT_RAW,0,0,0,0,0,0,0,0,1000,1000,1000,1000,0,0,0,0,0
2025-12-15 01:16:04.731,SERVO_OUTPUT_RAW,2519912080,SERVO_OUTPUT_RAW,0,0,0,0,0,0,0,0,1000,1000,1000,1000,0,0,0,0,0
2025-12-15 01:16:04.832,SERVO_OUTPUT_RAW,2520009840,SERVO_OUTPUT_RAW,0,0,0,0,0,0,0,0,1000,1000,1000,1000,0,0,0,0,0
2025-12-15 01:16:04.931,SERVO_OUTPUT_RAW,2520109849,SERVO_OUTPUT_RAW,0,0,0,0,0,0,0,0,1000,1000,1000,1000,0,0,0,0,0
2025-12-15 01:16:05.031,SERVO_OUTPUT_RAW,2520209886,SERVO_OUTPUT_RAW,0,0,0,0,0,0,0,0,1000,1000,1000,1000,0,0,0,0,0
2025-12-15 01:16:05.131,SERVO_OUTPUT_RAW,2520309828,SERVO_OUTPUT_RAW,0,0,0,0,0,0,0,0,1000,1000,1000,1000,0,0,0,0,0
2025-12-15 01:16:05.231,SERVO_OUTPUT_RAW,2520409815,SERVO_OUTPUT_RAW,0,0,0,0,0,0,0,0,1000,1000,1000,1000,0,0,0,0,0
2025-12-15 01:16:05.332,SERVO_OUTPUT_RAW,2520509782,SERVO_OUTPUT_RAW,0,0,0,0,0,0,0,0,1000,1000,1000,1000,0,0,0,0,0
2025-12-15 01:16:05.430,SERVO_OUTPUT_RAW,2520609782,SERVO_OUTPUT_RAW,0,0,0,0,0,0,0,0,1000,1000,1000,1000,0,0,0,0,0
2025-12-15 01:16:05.530,SERVO_OUTPUT_RAW,2520709815,SERVO_OUTPUT_RAW,0,0,0,0,0,0,0,0,1000,1000,1000,1000,0,0,0,0,0
2025-12-15 01:16:05.631,SERVO_OUTPUT_RAW,2520809776,SERVO_OUTPUT_RAW,0,0,0,0,0,0,0,0,1000,1000,1000,1000,0,0,0,0,0
2025-12-15 01:16:05.730,SERVO_OUTPUT_RAW,2520909789,SERVO_OUTPUT_RAW,0,0,0,0,0,0,0,0,1000,1000,1000,1000,0,0,0,0,0
2025-12-15 01:16:05.830,SERVO_OUTPUT_RAW,2521009807,SERVO_OUTPUT_RAW,0,0,0,0,0,0,0,0,1000,1000,1000,1000,0,0,0,0,0
2025-12-15 01:16:05.930,SERVO_OUTPUT_RAW,2521109823,SERVO_OUTPUT_RAW,0,0,0,0,0,0,0,0,1000,1000,1000,1000,0,0,0,0,0
2025-12-15 01:16:06.031,SERVO_OUTPUT_RAW,2521209839,SERVO_OUTPUT_RAW,0,0,0,0,0,0,0,0,1000,1000,1000,1000,0,0,0,0,0
2025-12-15 01:16:06.130,SERVO_OUTPUT_RAW,2521309780,SERVO_OUTPUT_RAW,0,0,0,0,0,0,0,0,1000,1000,1000,1000,0,0,0,0,0
2025-12-15 01:16:06.230,SERVO_OUTPUT_RAW,2521409814,SERVO_OUTPUT_RAW,0,0,0,0,0,0,0,0,1000,1000,1000,1000,0,0,0,0,0
2025-12-15 01:16:06.331,SERVO_OUTPUT_RAW,2521509837,SERVO_OUTPUT_RAW,0,0,0,0,0,0,0,0,1000,1000,1000,1000,0,0,0,0,0
2025-12-15 01:16:06.430,SERVO_OUTPUT_RAW,2521609855,SERVO_OUTPUT_RAW,0,0,0,0,0,0,0,0,1000,1000,1000,1000,0,0,0,0,0
2025-12-15 01:16:06.531,SERVO_OUTPUT_RAW,2521709859,SERVO_OUTPUT_RAW,0,0,0,0,0,0,0,0,1000,1000,1000,1000,0,0,0,0,0
2025-12-15 01:16:06.630,SERVO_OUTPUT_RAW,2521809801,SERVO_OUTPUT_RAW,0,0,0,0,0,0,0,0,1000,1000,1000,1000,0,0,0,0,0
2025-12-15 01:16:06.730,SERVO_OUTPUT_RAW,2521909803,SERVO_OUTPUT_RAW,0,0,0,0,0,0,0,0,1000,1000,1000,1000,0,0,0,0,0
2025-12-15 01:16:06.831,SERVO_OUTPUT_RAW,2522009894,SERVO_OUTPUT_RAW,0,0,0,0,0,0,0,0,1000,1000,1000,1000,0,0,0,0,0
2025-12-15 01:16:06.930,SERVO_OUTPUT_RAW,2522109777,SERVO_OUTPUT_RAW,0,0,0,0,0,0,0,0,1000,1000,1000,1000,0,0,0,0,0
2025-12-15 01:16:07.030,SERVO_OUTPUT_RAW,2522209794,SERVO_OUTPUT_RAW,0,0,0,0,0,0,0,0,1000,1000,1000,1000,0,0,0,0,0
2025-12-15 01:16:07.130,SERVO_OUTPUT_RAW,2522309796,SERVO_OUTPUT_RAW,0,0,0,0,0,0,0,0,1000,1000,1000,1000,0,0,0,0,0
2025-12-15 01:16:07.231,SERVO_OUTPUT_RAW,2522409789,SERVO_OUTPUT_RAW,0,0,0,0,0,0,0,0,1000,1000,1000,1000,0,0,0,0,0
2025-12-15 01:16:07.330,SERVO_OUTPUT_RAW,2522509790,SERVO_OUTPUT_RAW,0,0,0,0,0,0,0,0,1000,1000,1000,1000,0,0,0,0,0
2025-12-15 01:16:07.431,SERVO_OUTPUT_RAW,2522609846,SERVO_OUTPUT_RAW,0,0,0,0,0,0,0,0,1000,1000,1000,1000,0,0,0,0,0
2025-12-15 01:16:07.531,SERVO_OUTPUT_RAW,2522709837,SERVO_OUTPUT_RAW,0,0,0,0,0,0,0,0,1000,1000,1000,1000,0,0,0,0,0
2025-12-15 01:16:07.630,SERVO_OUTPUT_RAW,2522809780,SERVO_OUTPUT_RAW,0,0,0,0,0,0,0,0,1000,1000,1000,1000,0,0,0,0,0
2025-12-15 01:16:07.731,SERVO_OUTPUT_RAW,2522909815,SERVO_OUTPUT_RAW,0,0,0,0,0,0,0,0,1000,1000,1000,1000,0,0,0,0,0
2025-12-15 01:16:07.831,SERVO_OUTPUT_RAW,2523009816,SERVO_OUTPUT_RAW,0,0,0,0,0,0,0,0,1000,1000,1000,1000,0,0,0,0,0
2025-12-15 01:16:07.931,SERVO_OUTPUT_RAW,2523109844,SERVO_OUTPUT_RAW,0,0,0,0,0,0,0,0,1000,1000,1000,1000,0,0,0,0,0
2025-12-15 01:16:08.031,SERVO_OUTPUT_RAW,2523209842,SERVO_OUTPUT_RAW,0,0,0,0,0,0,0,0,1000,1000,1000,1000,0,0,0,0,0
2025-12-15 01:16:08.131,SERVO_OUTPUT_RAW,2523309798,SERVO_OUTPUT_RAW,0,0,0,0,0,0,0,0,1000,1000,1000,1000,0,0,0,0,0
2025-12-15 01:16:08.231,SERVO_OUTPUT_RAW,2523409812,SERVO_OUTPUT_RAW,0,0,0,0,0,0,0,0,1000,1000,1000,1000,0,0,0,0,0
2025-12-15 01:16:08.331,SERVO_OUTPUT_RAW,2523509820,SERVO_OUTPUT_RAW,0,0,0,0,0,0,0,0,1000,1000,1000,1000,0,0,0,0,0
2025-12-15 01:16:08.431,SERVO_OUTPUT_RAW,2523609840,SERVO_OUTPUT_RAW,0,0,0,0,0,0,0,0,1000,1000,1000,1000,0,0,0,0,0
2025-12-15 01:16:08.531,SERVO_OUTPUT_RAW,2523709792,SERVO_OUTPUT_RAW,0,0,0,0,0,0,0,0,1000,1000,1000,1000,0,0,0,0,0
2025-12-15 01:16:08.631,SERVO_OUTPUT_RAW,2523809800,SERVO_OUTPUT_RAW,0,0,0,0,0,0,0,0,1000,1000,1000,1000,0,0,0,0,0
2025-12-15 01:16:08.731,SERVO_OUTPUT_RAW,2523909795,SERVO_OUTPUT_RAW,0,0,0,0,0,0,0,0,1000,1000,1000,1000,0,0,0,0,0
2025-12-15 01:16:08.831,SERVO_OUTPUT_RAW,2524009796,SERVO_OUTPUT_RAW,0,0,0,0,0,0,0,0,1000,1000,1000,1000,0,0,0,0,0
2025-12-15 01:16:08.931,SERVO_OUTPUT_RAW,2524112146,SERVO_OUTPUT_RAW,0,0,0,0,0,0,0,0,1000,1000,1000,1000,0,0,0,0,0
2025-12-15 01:16:09.031,SERVO_OUTPUT_RAW,2524209841,SERVO_OUTPUT_RAW,0,0,0,0,0,0,0,0,1000,1000,1000,1000,0,0,0,0,0
2025-12-15 01:16:09.131,SERVO_OUTPUT_RAW,2524309789,SERVO_OUTPUT_RAW,0,0,0,0,0,0,0,0,1000,1000,1000,1000,0,0,0,0,0
2025-12-15 01:16:09.231,SERVO_OUTPUT_RAW,2524409808,SERVO_OUTPUT_RAW,0,0,0,0,0,0,0,0,1000,1000,1000,1000,0,0,0,0,0
2025-12-15 01:16:09.331,SERVO_OUTPUT_RAW,2524509809,SERVO_OUTPUT_RAW,0,0,0,0,0,0,0,0,1000,1000,1000,1000,0,0,0,0,0
2025-12-15 01:16:09.431,SERVO_OUTPUT_RAW,2524609812,SERVO_OUTPUT_RAW,0,0,0,0,0,0,0,0,1000,1000,1000,1000,0,0,0,0,0
2025-12-15 01:16:09.531,SERVO_OUTPUT_RAW,2524709867,SERVO_OUTPUT_RAW,0,0,0,0,0,0,0,0,1000,1000,1000,1000,0,0,0,0,0
2025-12-15 01:16:09.631,SERVO_OUTPUT_RAW,2524809779,SERVO_OUTPUT_RAW,0,0,0,0,0,0,0,0,1000,1000,1000,1000,0,0,0,0,0
2025-12-15 01:16:09.731,SERVO_OUTPUT_RAW,2524909811,SERVO_OUTPUT_RAW,0,0,0,0,0,0,0,0,1000,1000,1000,1000,0,0,0,0,0
2025-12-15 01:16:09.831,SERVO_OUTPUT_RAW,2525009830,SERVO_OUTPUT_RAW,0,0,0,0,0,0,0,0,1000,1000,1000,1000,0,0,0,0,0
2025-12-15 01:16:09.932,SERVO_OUTPUT_RAW,2525109809,SERVO_OUTPUT_RAW,0,0,0,0,0,0,0,0,1000,1000,1000,1000,0,0,0,0,0
2025-12-15 01:16:10.031,SERVO_OUTPUT_RAW,2525209792,SERVO_OUTPUT_RAW,0,0,0,0,0,0,0,0,1000,1000,1000,1000,0,0,0,0,0
2025-12-15 01:16:10.131,SERVO_OUTPUT_RAW,2525309785,SERVO_OUTPUT_RAW,0,0,0,0,0,0,0,0,1000,1000,1000,1000,0,0,0,0,0
2025-12-15 01:16:10.231,SERVO_OUTPUT_RAW,2525409783,SERVO_OUTPUT_RAW,0,0,0,0,0,0,0,0,1000,1000,1000,1000,0,0,0,0,0
2025-12-15 01:16:10.331,SERVO_OUTPUT_RAW,2525509791,SERVO_OUTPUT_RAW,0,0,0,0,0,0,0,0,1000,1000,1000,1000,0,0,0,0,0
2025-12-15 01:16:10.431,SERVO_OUTPUT_RAW,2525609800,SERVO_OUTPUT_RAW,0,0,0,0,0,0,0,0,1000,1000,1000,1000,0,0,0,0,0
2025-12-15 01:16:10.531,SERVO_OUTPUT_RAW,2525709819,SERVO_OUTPUT_RAW,0,0,0,0,0,0,0,0,1000,1000,1000,1000,0,0,0,0,0
2025-12-15 01:16:10.631,SERVO_OUTPUT_RAW,2525809832,SERVO_OUTPUT_RAW,0,0,0,0,0,0,0,0,1000,1000,1000,1000,0,0,0,0,0
2025-12-15 01:16:10.731,SERVO_OUTPUT_RAW,2525909856,SERVO_OUTPUT_RAW,0,0,0,0,0,0,0,0,1000,1000,1000,1000,0,0,0,0,0
2025-12-15 01:16:10.831,SERVO_OUTPUT_RAW,2526009809,SERVO_OUTPUT_RAW,0,0,0,0,0,0,0,0,1000,1000,1000,1000,0,0,0,0,0
2025-12-15 01:16:10.931,SERVO_OUTPUT_RAW,2526109810,SERVO_OUTPUT_RAW,0,0,0,0,0,0,0,0,1000,1000,1000,1000,0,0,0,0,0
2025-12-15 01:16:11.031,SERVO_OUTPUT_RAW,2526212081,SERVO_OUTPUT_RAW,0,0,0,0,0,0,0,0,1000,1000,1000,1000,0,0,0,0,0
2025-12-15 01:16:11.131,SERVO_OUTPUT_RAW,2526309848,SERVO_OUTPUT_RAW,0,0,0,0,0,0,0,0,1000,1000,1000,1000,0,0,0,0,0
2025-12-15 01:16:11.231,SERVO_OUTPUT_RAW,2526409785,SERVO_OUTPUT_RAW,0,0,0,0,0,0,0,0,1000,1000,1000,1000,0,0,0,0,0
2025-12-15 01:16:11.331,SERVO_OUTPUT_RAW,2526509827,SERVO_OUTPUT_RAW,0,0,0,0,0,0,0,0,1000,1000,1000,1000,0,0,0,0,0
2025-12-15 01:16:11.431,SERVO_OUTPUT_RAW,2526609813,SERVO_OUTPUT_RAW,0,0,0,0,0,0,0,0,1000,1000,1000,1000,0,0,0,0,0
2025-12-15 01:16:11.531,SERVO_OUTPUT_RAW,2526709828,SERVO_OUTPUT_RAW,0,0,0,0,0,0,0,0,1000,1000,1000,1000,0,0,0,0,0
2025-12-15 01:16:11.631,SERVO_OUTPUT_RAW,2526809784,SERVO_OUTPUT_RAW,0,0,0,0,0,0,0,0,1000,1000,1000,1000,0,0,0,0,0
2025-12-15 01:16:11.731,SERVO_OUTPUT_RAW,2526909791,SERVO_OUTPUT_RAW,0,0,0,0,0,0,0,0,1000,1000,1000,1000,0,0,0,0,0
2025-12-15 01:16:11.831,SERVO_OUTPUT_RAW,2527009792,SERVO_OUTPUT_RAW,0,0,0,0,0,0,0,0,1000,1000,1000,1000,0,0,0,0,0
2025-12-15 01:16:11.931,SERVO_OUTPUT_RAW,2527109786,SERVO_OUTPUT_RAW,0,0,0,0,0,0,0,0,1000,1000,1000,1000,0,0,0,0,0
2025-12-15 01:16:12.031,SERVO_OUTPUT_RAW,2527209801,SERVO_OUTPUT_RAW,0,0,0,0,0,0,0,0,1000,1000,1000,1000,0,0,0,0,0
2025-12-15 01:16:12.131,SERVO_OUTPUT_RAW,2527309812,SERVO_OUTPUT_RAW,0,0,0,0,0,0,0,0,1000,1000,1000,1000,0,0,0,0,0
2025-12-15 01:16:12.231,SERVO_OUTPUT_RAW,2527412151,SERVO_OUTPUT_RAW,0,0,0,0,0,0,0,0,1000,1000,1000,1000,0,0,0,0,0
2025-12-15 01:16:12.331,SERVO_OUTPUT_RAW,2527509776,SERVO_OUTPUT_RAW,0,0,0,0,0,0,0,0,1000,1000,1000,1000,0,0,0,0,0
2025-12-15 01:16:12.431,SERVO_OUTPUT_RAW,2527609804,SERVO_OUTPUT_RAW,0,0,0,0,0,0,0,0,1000,1000,1000,1000,0,0,0,0,0
2025-12-15 01:16:12.532,SERVO_OUTPUT_RAW,2527709818,SERVO_OUTPUT_RAW,0,0,0,0,0,0,0,0,1000,1000,1000,1000,0,0,0,0,0
2025-12-15 01:16:12.630,SERVO_OUTPUT_RAW,2527809866,SERVO_OUTPUT_RAW,0,0,0,0,0,0,0,0,1000,1000,1000,1000,0,0,0,0,0
2025-12-15 01:16:12.731,SERVO_OUTPUT_RAW,2527909849,SERVO_OUTPUT_RAW,0,0,0,0,0,0,0,0,1000,1000,1000,1000,0,0,0,0,0
2025-12-15 01:16:12.832,SERVO_OUTPUT_RAW,2528009843,SERVO_OUTPUT_RAW,0,0,0,0,0,0,0,0,1000,1000,1000,1000,0,0,0,0,0
2025-12-15 01:16:12.931,SERVO_OUTPUT_RAW,2528109822,SERVO_OUTPUT_RAW,0,0,0,0,0,0,0,0,1000,1000,1000,1000,0,0,0,0,0
2025-12-15 01:16:13.031,SERVO_OUTPUT_RAW,2528209836,SERVO_OUTPUT_RAW,0,0,0,0,0,0,0,0,1000,1000,1000,1000,0,0,0,0,0
2025-12-15 01:16:13.131,SERVO_OUTPUT_RAW,2528309814,SERVO_OUTPUT_RAW,0,0,0,0,0,0,0,0,1000,1000,1000,1000,0,0,0,0,0
2025-12-15 01:16:13.231,SERVO_OUTPUT_RAW,2528409788,SERVO_OUTPUT_RAW,0,0,0,0,0,0,0,0,1000,1000,1000,1000,0,0,0,0,0
2025-12-15 01:16:13.331,SERVO_OUTPUT_RAW,2528509779,SERVO_OUTPUT_RAW,0,0,0,0,0,0,0,0,1000,1000,1000,1000,0,0,0,0,0
2025-12-15 01:16:13.432,SERVO_OUTPUT_RAW,2528609779,SERVO_OUTPUT_RAW,0,0,0,0,0,0,0,0,1000,1000,1000,1000,0,0,0,0,0
2025-12-15 01:16:13.532,SERVO_OUTPUT_RAW,2528709778,SERVO_OUTPUT_RAW,0,0,0,0,0,0,0,0,1000,1000,1000,1000,0,0,0,0,0
2025-12-15 01:16:13.631,SERVO_OUTPUT_RAW,2528809796,SERVO_OUTPUT_RAW,0,0,0,0,0,0,0,0,1000,1000,1000,1000,0,0,0,0,0
2025-12-15 01:16:13.731,SERVO_OUTPUT_RAW,2528909824,SERVO_OUTPUT_RAW,0,0,0,0,0,0,0,0,1000,1000,1000,1000,0,0,0,0,0
2025-12-15 01:16:13.831,SERVO_OUTPUT_RAW,2529009831,SERVO_OUTPUT_RAW,0,0,0,0,0,0,0,0,1000,1000,1000,1000,0,0,0,0,0
2025-12-15 01:16:13.931,SERVO_OUTPUT_RAW,2529109814,SERVO_OUTPUT_RAW,0,0,0,0,0,0,0,0,1000,1000,1000,1000,0,0,0,0,0
2025-12-15 01:16:14.031,SERVO_OUTPUT_RAW,2529209838,SERVO_OUTPUT_RAW,0,0,0,0,0,0,0,0,1000,1000,1000,1000,0,0,0,0,0
2025-12-15 01:16:14.131,SERVO_OUTPUT_RAW,2529309839,SERVO_OUTPUT_RAW,0,0,0,0,0,0,0,0,1000,1000,1000,1000,0,0,0,0,0
2025-12-15 01:16:14.231,SERVO_OUTPUT_RAW,2529409876,SERVO_OUTPUT_RAW,0,0,0,0,0,0,0,0,1000,1000,1000,1000,0,0,0,0,0
2025-12-15 01:16:14.331,SERVO_OUTPUT_RAW,2529509782,SERVO_OUTPUT_RAW,0,0,0,0,0,0,0,0,1000,1000,1000,1000,0,0,0,0,0
2025-12-15 01:16:14.431,SERVO_OUTPUT_RAW,2529609801,SERVO_OUTPUT_RAW,0,0,0,0,0,0,0,0,1000,1000,1000,1000,0,0,0,0,0
2025-12-15 01:16:14.532,SERVO_OUTPUT_RAW,2529709823,SERVO_OUTPUT_RAW,0,0,0,0,0,0,0,0,1000,1000,1000,1000,0,0,0,0,0
2025-12-15 01:16:14.631,SERVO_OUTPUT_RAW,2529809776,SERVO_OUTPUT_RAW,0,0,0,0,0,0,0,0,1000,1000,1000,1000,0,0,0,0,0
2025-12-15 01:16:14.732,SERVO_OUTPUT_RAW,2529909774,SERVO_OUTPUT_RAW,0,0,0,0,0,0,0,0,1000,1000,1000,1000,0,0,0,0,0
2025-12-15 01:16:14.831,SERVO_OUTPUT_RAW,2530009773,SERVO_OUTPUT_RAW,0,0,0,0,0,0,0,0,1000,1000,1000,1000,0,0,0,0,0
2025-12-15 01:16:14.932,SERVO_OUTPUT_RAW,2530109799,SERVO_OUTPUT_RAW,0,0,0,0,0,0,0,0,1000,1000,1000,1000,0,0,0,0,0
2025-12-15 01:16:15.031,SERVO_OUTPUT_RAW,2530209788,SERVO_OUTPUT_RAW,0,0,0,0,0,0,0,0,1000,1000,1000,1000,0,0,0,0,0
2025-12-15 01:16:15.130,SERVO_OUTPUT_RAW,2530309813,SERVO_OUTPUT_RAW,0,0,0,0,0,0,0,0,1000,1000,1000,1000,0,0,0,0,0
2025-12-15 01:16:15.231,SERVO_OUTPUT_RAW,2530412198,SERVO_OUTPUT_RAW,0,0,0,0,0,0,0,0,1000,1000,1000,1000,0,0,0,0,0
2025-12-15 01:16:15.331,SERVO_OUTPUT_RAW,2530509790,SERVO_OUTPUT_RAW,0,0,0,0,0,0,0,0,1000,1000,1000,1000,0,0,0,0,0
2025-12-15 01:16:15.431,SERVO_OUTPUT_RAW,2530609857,SERVO_OUTPUT_RAW,0,0,0,0,0,0,0,0,1000,1000,1000,1000,0,0,0,0,0
2025-12-15 01:16:15.531,SERVO_OUTPUT_RAW,2530709808,SERVO_OUTPUT_RAW,0,0,0,0,0,0,0,0,1000,1000,1000,1000,0,0,0,0,0
2025-12-15 01:16:15.631,SERVO_OUTPUT_RAW,2530809809,SERVO_OUTPUT_RAW,0,0,0,0,0,0,0,0,1000,1000,1000,1000,0,0,0,0,0
2025-12-15 01:16:15.731,SERVO_OUTPUT_RAW,2530909831,SERVO_OUTPUT_RAW,0,0,0,0,0,0,0,0,1000,1000,1000,1000,0,0,0,0,0
2025-12-15 01:16:15.831,SERVO_OUTPUT_RAW,2531009847,SERVO_OUTPUT_RAW,0,0,0,0,0,0,0,0,1000,1000,1000,1000,0,0,0,0,0
2025-12-15 01:16:15.931,SERVO_OUTPUT_RAW,2531109785,SERVO_OUTPUT_RAW,0,0,0,0,0,0,0,0,1000,1000,1000,1000,0,0,0,0,0
2025-12-15 01:16:16.031,SERVO_OUTPUT_RAW,2531209817,SERVO_OUTPUT_RAW,0,0,0,0,0,0,0,0,1000,1000,1000,1000,0,0,0,0,0
2025-12-15 01:16:16.131,SERVO_OUTPUT_RAW,2531309814,SERVO_OUTPUT_RAW,0,0,0,0,0,0,0,0,1000,1000,1000,1000,0,0,0,0,0
2025-12-15 01:16:16.231,SERVO_OUTPUT_RAW,2531409786,SERVO_OUTPUT_RAW,0,0,0,0,0,0,0,0,1000,1000,1000,1000,0,0,0,0,0
2025-12-15 01:16:16.331,SERVO_OUTPUT_RAW,2531509797,SERVO_OUTPUT_RAW,0,0,0,0,0,0,0,0,1000,1000,1000,1000,0,0,0,0,0
2025-12-15 01:16:16.431,SERVO_OUTPUT_RAW,2531609793,SERVO_OUTPUT_RAW,0,0,0,0,0,0,0,0,1000,1000,1000,1000,0,0,0,0,0
2025-12-15 01:16:16.531,SERVO_OUTPUT_RAW,2531709794,SERVO_OUTPUT_RAW,0,0,0,0,0,0,0,0,1000,1000,1000,1000,0,0,0,0,0
2025-12-15 01:16:16.631,SERVO_OUTPUT_RAW,2531809788,SERVO_OUTPUT_RAW,0,0,0,0,0,0,0,0,1000,1000,1000,1000,0,0,0,0,0
2025-12-15 01:16:16.731,SERVO_OUTPUT_RAW,2531909796,SERVO_OUTPUT_RAW,0,0,0,0,0,0,0,0,1000,1000,1000,1000,0,0,0,0,0
2025-12-15 01:16:16.831,SERVO_OUTPUT_RAW,2532009825,SERVO_OUTPUT_RAW,0,0,0,0,0,0,0,0,1000,1000,1000,1000,0,0,0,0,0
2025-12-15 01:16:16.931,SERVO_OUTPUT_RAW,2532109857,SERVO_OUTPUT_RAW,0,0,0,0,0,0,0,0,1000,1000,1000,1000,0,0,0,0,0
2025-12-15 01:16:17.031,SERVO_OUTPUT_RAW,2532209805,SERVO_OUTPUT_RAW,0,0,0,0,0,0,0,0,1000,1000,1000,1000,0,0,0,0,0
2025-12-15 01:16:17.131,SERVO_OUTPUT_RAW,2532309887,SERVO_OUTPUT_RAW,0,0,0,0,0,0,0,0,1000,1000,1000,1000,0,0,0,0,0
2025-12-15 01:16:17.231,SERVO_OUTPUT_RAW,2532409813,SERVO_OUTPUT_RAW,0,0,0,0,0,0,0,0,1000,1000,1000,1000,0,0,0,0,0
2025-12-15 01:16:17.332,SERVO_OUTPUT_RAW,2532512087,SERVO_OUTPUT_RAW,0,0,0,0,0,0,0,0,1000,1000,1000,1000,0,0,0,0,0
2025-12-15 01:16:17.436,SERVO_OUTPUT_RAW,2532609842,SERVO_OUTPUT_RAW,0,0,0,0,0,0,0,0,1000,1000,1000,1000,0,0,0,0,0
2025-12-15 01:16:17.531,SERVO_OUTPUT_RAW,2532709788,SERVO_OUTPUT_RAW,0,0,0,0,0,0,0,0,1000,1000,1000,1000,0,0,0,0,0
2025-12-15 01:16:17.631,SERVO_OUTPUT_RAW,2532809831,SERVO_OUTPUT_RAW,0,0,0,0,0,0,0,0,1000,1000,1000,1000,0,0,0,0,0
2025-12-15 01:16:17.731,SERVO_OUTPUT_RAW,2532909817,SERVO_OUTPUT_RAW,0,0,0,0,0,0,0,0,1000,1000,1000,1000,0,0,0,0,0
2025-12-15 01:16:17.831,SERVO_OUTPUT_RAW,2533009779,SERVO_OUTPUT_RAW,0,0,0,0,0,0,0,0,1000,1000,1000,1000,0,0,0,0,0
2025-12-15 01:16:17.932,SERVO_OUTPUT_RAW,2533109800,SERVO_OUTPUT_RAW,0,0,0,0,0,0,0,0,1000,1000,1000,1000,0,0,0,0,0
2025-12-15 01:16:18.031,SERVO_OUTPUT_RAW,2533209789,SERVO_OUTPUT_RAW,0,0,0,0,0,0,0,0,1000,1000,1000,1000,0,0,0,0,0
2025-12-15 01:16:18.131,SERVO_OUTPUT_RAW,2533309811,SERVO_OUTPUT_RAW,0,0,0,0,0,0,0,0,1000,1000,1000,1000,0,0,0,0,0
2025-12-15 01:16:18.231,SERVO_OUTPUT_RAW,2533409788,SERVO_OUTPUT_RAW,0,0,0,0,0,0,0,0,1000,1000,1000,1000,0,0,0,0,0
2025-12-15 01:16:18.331,SERVO_OUTPUT_RAW,2533509800,SERVO_OUTPUT_RAW,0,0,0,0,0,0,0,0,1000,1000,1000,1000,0,0,0,0,0
2025-12-15 01:16:18.431,SERVO_OUTPUT_RAW,2533609870,SERVO_OUTPUT_RAW,0,0,0,0,0,0,0,0,1000,1000,1000,1000,0,0,0,0,0
2025-12-15 01:16:18.531,SERVO_OUTPUT_RAW,2533712138,SERVO_OUTPUT_RAW,0,0,0,0,0,0,0,0,1000,1000,1000,1000,0,0,0,0,0
2025-12-15 01:16:18.631,SERVO_OUTPUT_RAW,2533809791,SERVO_OUTPUT_RAW,0,0,0,0,0,0,0,0,1000,1000,1000,1000,0,0,0,0,0
2025-12-15 01:16:18.731,SERVO_OUTPUT_RAW,2533909810,SERVO_OUTPUT_RAW,0,0,0,0,0,0,0,0,1000,1000,1000,1000,0,0,0,0,0
2025-12-15 01:16:18.831,SERVO_OUTPUT_RAW,2534009833,SERVO_OUTPUT_RAW,0,0,0,0,0,0,0,0,1000,1000,1000,1000,0,0,0,0,0
2025-12-15 01:16:18.931,SERVO_OUTPUT_RAW,2534109854,SERVO_OUTPUT_RAW,0,0,0,0,0,0,0,0,1000,1000,1000,1000,0,0,0,0,0
2025-12-15 01:16:19.032,SERVO_OUTPUT_RAW,2534209784,SERVO_OUTPUT_RAW,0,0,0,0,0,0,0,0,1000,1000,1000,1000,0,0,0,0,0
2025-12-15 01:16:19.132,SERVO_OUTPUT_RAW,2534309806,SERVO_OUTPUT_RAW,0,0,0,0,0,0,0,0,1000,1000,1000,1000,0,0,0,0,0
2025-12-15 01:16:19.231,SERVO_OUTPUT_RAW,2534409820,SERVO_OUTPUT_RAW,0,0,0,0,0,0,0,0,1000,1000,1000,1000,0,0,0,0,0
2025-12-15 01:16:19.331,SERVO_OUTPUT_RAW,2534509826,SERVO_OUTPUT_RAW,0,0,0,0,0,0,0,0,1000,1000,1000,1000,0,0,0,0,0
2025-12-15 01:16:19.431,SERVO_OUTPUT_RAW,2534609804,SERVO_OUTPUT_RAW,0,0,0,0,0,0,0,0,1000,1000,1000,1000,0,0,0,0,0
2025-12-15 01:16:19.531,SERVO_OUTPUT_RAW,2534709786,SERVO_OUTPUT_RAW,0,0,0,0,0,0,0,0,1000,1000,1000,1000,0,0,0,0,0
2025-12-15 01:16:19.631,SERVO_OUTPUT_RAW,2534809789,SERVO_OUTPUT_RAW,0,0,0,0,0,0,0,0,1000,1000,1000,1000,0,0,0,0,0
2025-12-15 01:16:19.731,SERVO_OUTPUT_RAW,2534909778,SERVO_OUTPUT_RAW,0,0,0,0,0,0,0,0,1000,1000,1000,1000,0,0,0,0,0
2025-12-15 01:16:19.831,SERVO_OUTPUT_RAW,2535009794,SERVO_OUTPUT_RAW,0,0,0,0,0,0,0,0,1000,1000,1000,1000,0,0,0,0,0
2025-12-15 01:16:19.931,SERVO_OUTPUT_RAW,2535112151,SERVO_OUTPUT_RAW,0,0,0,0,0,0,0,0,1000,1000,1000,1000,0,0,0,0,0
2025-12-15 01:16:20.031,SERVO_OUTPUT_RAW,2535209863,SERVO_OUTPUT_RAW,0,0,0,0,0,0,0,0,1000,1000,1000,1000,0,0,0,0,0
2025-12-15 01:16:20.131,SERVO_OUTPUT_RAW,2535309859,SERVO_OUTPUT_RAW,0,0,0,0,0,0,0,0,1000,1000,1000,1000,0,0,0,0,0
2025-12-15 01:16:20.231,SERVO_OUTPUT_RAW,2535409785,SERVO_OUTPUT_RAW,0,0,0,0,0,0,0,0,1000,1000,1000,1000,0,0,0,0,0
2025-12-15 01:16:20.331,SERVO_OUTPUT_RAW,2535509924,SERVO_OUTPUT_RAW,0,0,0,0,0,0,0,0,1000,1000,1000,1000,0,0,0,0,0
2025-12-15 01:16:20.431,SERVO_OUTPUT_RAW,2535609861,SERVO_OUTPUT_RAW,0,0,0,0,0,0,0,0,1000,1000,1000,1000,0,0,0,0,0
2025-12-15 01:16:20.531,SERVO_OUTPUT_RAW,2535709787,SERVO_OUTPUT_RAW,0,0,0,0,0,0,0,0,1000,1000,1000,1000,0,0,0,0,0
2025-12-15 01:16:20.631,SERVO_OUTPUT_RAW,2535809803,SERVO_OUTPUT_RAW,0,0,0,0,0,0,0,0,1000,1000,1000,1000,0,0,0,0,0
2025-12-15 01:16:20.731,SERVO_OUTPUT_RAW,2535909811,SERVO_OUTPUT_RAW,0,0,0,0,0,0,0,0,1000,1000,1000,1000,0,0,0,0,0
2025-12-15 01:16:20.831,SERVO_OUTPUT_RAW,2536009824,SERVO_OUTPUT_RAW,0,0,0,0,0,0,0,0,1000,1000,1000,1000,0,0,0,0,0
2025-12-15 01:16:20.931,SERVO_OUTPUT_RAW,2536109829,SERVO_OUTPUT_RAW,0,0,0,0,0,0,0,0,1000,1000,1000,1000,0,0,0,0,0
2025-12-15 01:16:21.031,SERVO_OUTPUT_RAW,2536209806,SERVO_OUTPUT_RAW,0,0,0,0,0,0,0,0,1000,1000,1000,1000,0,0,0,0,0
2025-12-15 01:16:21.131,SERVO_OUTPUT_RAW,2536309794,SERVO_OUTPUT_RAW,0,0,0,0,0,0,0,0,1000,1000,1000,1000,0,0,0,0,0
2025-12-15 01:16:21.231,SERVO_OUTPUT_RAW,2536409795,SERVO_OUTPUT_RAW,0,0,0,0,0,0,0,0,1000,1000,1000,1000,0,0,0,0,0
2025-12-15 01:16:21.331,SERVO_OUTPUT_RAW,2536509787,SERVO_OUTPUT_RAW,0,0,0,0,0,0,0,0,1000,1000,1000,1000,0,0,0,0,0
2025-12-15 01:16:21.431,SERVO_OUTPUT_RAW,2536609806,SERVO_OUTPUT_RAW,0,0,0,0,0,0,0,0,1000,1000,1000,1000,0,0,0,0,0
2025-12-15 01:16:21.531,SERVO_OUTPUT_RAW,2536712165,SERVO_OUTPUT_RAW,0,0,0,0,0,0,0,0,1000,1000,1000,1000,0,0,0,0,0
2025-12-15 01:16:21.631,SERVO_OUTPUT_RAW,2536809845,SERVO_OUTPUT_RAW,0,0,0,0,0,0,0,0,1000,1000,1000,1000,0,0,0,0,0
2025-12-15 01:16:21.731,SERVO_OUTPUT_RAW,2536909804,SERVO_OUTPUT_RAW,0,0,0,0,0,0,0,0,1000,1000,1000,1000,0,0,0,0,0
2025-12-15 01:16:21.831,SERVO_OUTPUT_RAW,2537009798,SERVO_OUTPUT_RAW,0,0,0,0,0,0,0,0,1000,1000,1000,1000,0,0,0,0,0
2025-12-15 01:16:21.931,SERVO_OUTPUT_RAW,2537109841,SERVO_OUTPUT_RAW,0,0,0,0,0,0,0,0,1000,1000,1000,1000,0,0,0,0,0
2025-12-15 01:16:22.031,SERVO_OUTPUT_RAW,2537209847,SERVO_OUTPUT_RAW,0,0,0,0,0,0,0,0,1000,1000,1000,1000,0,0,0,0,0
2025-12-15 01:16:22.131,SERVO_OUTPUT_RAW,2537309852,SERVO_OUTPUT_RAW,0,0,0,0,0,0,0,0,1000,1000,1000,1000,0,0,0,0,0
2025-12-15 01:16:22.232,SERVO_OUTPUT_RAW,2537409792,SERVO_OUTPUT_RAW,0,0,0,0,0,0,0,0,1000,1000,1000,1000,0,0,0,0,0
2025-12-15 01:16:22.332,SERVO_OUTPUT_RAW,2537509833,SERVO_OUTPUT_RAW,0,0,0,0,0,0,0,0,1000,1000,1000,1000,0,0,0,0,0
2025-12-15 01:16:22.431,SERVO_OUTPUT_RAW,2537609809,SERVO_OUTPUT_RAW,0,0,0,0,0,0,0,0,1000,1000,1000,1000,0,0,0,0,0
2025-12-15 01:16:22.531,SERVO_OUTPUT_RAW,2537709781,SERVO_OUTPUT_RAW,0,0,0,0,0,0,0,0,1000,1000,1000,1000,0,0,0,0,0
2025-12-15 01:16:22.632,SERVO_OUTPUT_RAW,2537809780,SERVO_OUTPUT_RAW,0,0,0,0,0,0,0,0,1000,1000,1000,1000,0,0,0,0,0
2025-12-15 01:16:22.732,SERVO_OUTPUT_RAW,2537909776,SERVO_OUTPUT_RAW,0,0,0,0,0,0,0,0,1000,1000,1000,1000,0,0,0,0,0
2025-12-15 01:16:22.832,SERVO_OUTPUT_RAW,2538009785,SERVO_OUTPUT_RAW,0,0,0,0,0,0,0,0,1000,1000,1000,1000,0,0,0,0,0
2025-12-15 01:16:22.932,SERVO_OUTPUT_RAW,2538112111,SERVO_OUTPUT_RAW,0,0,0,0,0,0,0,0,1000,1000,1000,1000,0,0,0,0,0
2025-12-15 01:16:23.032,SERVO_OUTPUT_RAW,2538209834,SERVO_OUTPUT_RAW,0,0,0,0,0,0,0,0,1000,1000,1000,1000,0,0,0,0,0
2025-12-15 01:16:23.132,SERVO_OUTPUT_RAW,2538309830,SERVO_OUTPUT_RAW,0,0,0,0,0,0,0,0,1000,1000,1000,1000,0,0,0,0,0
2025-12-15 01:16:23.232,SERVO_OUTPUT_RAW,2538409854,SERVO_OUTPUT_RAW,0,0,0,0,0,0,0,0,1000,1000,1000,1000,0,0,0,0,0
2025-12-15 01:16:23.332,SERVO_OUTPUT_RAW,2538509813,SERVO_OUTPUT_RAW,0,0,0,0,0,0,0,0,1000,1000,1000,1000,0,0,0,0,0
2025-12-15 01:16:23.432,SERVO_OUTPUT_RAW,2538609810,SERVO_OUTPUT_RAW,0,0,0,0,0,0,0,0,1000,1000,1000,1000,0,0,0,0,0
2025-12-15 01:16:23.532,SERVO_OUTPUT_RAW,2538709837,SERVO_OUTPUT_RAW,0,0,0,0,0,0,0,0,1000,1000,1000,1000,0,0,0,0,0
2025-12-15 01:16:23.632,SERVO_OUTPUT_RAW,2538809898,SERVO_OUTPUT_RAW,0,0,0,0,0,0,0,0,1000,1000,1000,1000,0,0,0,0,0
2025-12-15 01:16:23.732,SERVO_OUTPUT_RAW,2538909780,SERVO_OUTPUT_RAW,0,0,0,0,0,0,0,0,1000,1000,1000,1000,0,0,0,0,0
2025-12-15 01:16:23.832,SERVO_OUTPUT_RAW,2539009799,SERVO_OUTPUT_RAW,0,0,0,0,0,0,0,0,1000,1000,1000,1000,0,0,0,0,0
2025-12-15 01:16:23.932,SERVO_OUTPUT_RAW,2539109958,SERVO_OUTPUT_RAW,0,0,0,0,0,0,0,0,1000,1000,1000,1000,0,0,0,0,0
2025-12-15 01:16:24.032,SERVO_OUTPUT_RAW,2539209778,SERVO_OUTPUT_RAW,0,0,0,0,0,0,0,0,1000,1000,1000,1000,0,0,0,0,0
2025-12-15 01:16:24.132,SERVO_OUTPUT_RAW,2539309781,SERVO_OUTPUT_RAW,0,0,0,0,0,0,0,0,1000,1000,1000,1000,0,0,0,0,0
2025-12-15 01:16:24.232,SERVO_OUTPUT_RAW,2539409799,SERVO_OUTPUT_RAW,0,0,0,0,0,0,0,0,1000,1000,1000,1000,0,0,0,0,0
2025-12-15 01:16:24.332,SERVO_OUTPUT_RAW,2539509786,SERVO_OUTPUT_RAW,0,0,0,0,0,0,0,0,1000,1000,1000,1000,0,0,0,0,0
2025-12-15 01:16:24.431,SERVO_OUTPUT_RAW,2539609797,SERVO_OUTPUT_RAW,0,0,0,0,0,0,0,0,1000,1000,1000,1000,0,0,0,0,0
2025-12-15 01:16:24.531,SERVO_OUTPUT_RAW,2539709783,SERVO_OUTPUT_RAW,0,0,0,0,0,0,0,0,1000,1000,1000,1000,0,0,0,0,0
2025-12-15 01:16:24.631,SERVO_OUTPUT_RAW,2539809845,SERVO_OUTPUT_RAW,0,0,0,0,0,0,0,0,1000,1000,1000,1000,0,0,0,0,0
2025-12-15 01:16:24.731,SERVO_OUTPUT_RAW,2539909839,SERVO_OUTPUT_RAW,0,0,0,0,0,0,0,0,1000,1000,1000,1000,0,0,0,0,0
2025-12-15 01:16:24.831,SERVO_OUTPUT_RAW,2540012134,SERVO_OUTPUT_RAW,0,0,0,0,0,0,0,0,1000,1000,1000,1000,0,0,0,0,0
2025-12-15 01:16:24.932,SERVO_OUTPUT_RAW,2540109828,SERVO_OUTPUT_RAW,0,0,0,0,0,0,0,0,1000,1000,1000,1000,0,0,0,0,0
2025-12-15 01:16:25.031,SERVO_OUTPUT_RAW,2540209819,SERVO_OUTPUT_RAW,0,0,0,0,0,0,0,0,1000,1000,1000,1000,0,0,0,0,0
2025-12-15 01:16:25.131,SERVO_OUTPUT_RAW,2540309834,SERVO_OUTPUT_RAW,0,0,0,0,0,0,0,0,1000,1000,1000,1000,0,0,0,0,0
2025-12-15 01:16:25.231,SERVO_OUTPUT_RAW,2540409852,SERVO_OUTPUT_RAW,0,0,0,0,0,0,0,0,1000,1000,1000,1000,0,0,0,0,0
2025-12-15 01:16:25.331,SERVO_OUTPUT_RAW,2540509791,SERVO_OUTPUT_RAW,0,0,0,0,0,0,0,0,1000,1000,1000,1000,0,0,0,0,0
2025-12-15 01:16:25.431,SERVO_OUTPUT_RAW,2540609824,SERVO_OUTPUT_RAW,0,0,0,0,0,0,0,0,1000,1000,1000,1000,0,0,0,0,0
2025-12-15 01:16:25.531,SERVO_OUTPUT_RAW,2540709805,SERVO_OUTPUT_RAW,0,0,0,0,0,0,0,0,1000,1000,1000,1000,0,0,0,0,0
2025-12-15 01:16:25.631,SERVO_OUTPUT_RAW,2540809783,SERVO_OUTPUT_RAW,0,0,0,0,0,0,0,0,1000,1000,1000,1000,0,0,0,0,0
2025-12-15 01:16:25.731,SERVO_OUTPUT_RAW,2540909800,SERVO_OUTPUT_RAW,0,0,0,0,0,0,0,0,1000,1000,1000,1000,0,0,0,0,0
2025-12-15 01:16:25.831,SERVO_OUTPUT_RAW,2541009797,SERVO_OUTPUT_RAW,0,0,0,0,0,0,0,0,1000,1000,1000,1000,0,0,0,0,0
2025-12-15 01:16:25.931,SERVO_OUTPUT_RAW,2541109786,SERVO_OUTPUT_RAW,0,0,0,0,0,0,0,0,1000,1000,1000,1000,0,0,0,0,0
2025-12-15 01:16:26.031,SERVO_OUTPUT_RAW,2541209790,SERVO_OUTPUT_RAW,0,0,0,0,0,0,0,0,1000,1000,1000,1000,0,0,0,0,0
2025-12-15 01:16:26.131,SERVO_OUTPUT_RAW,2541309792,SERVO_OUTPUT_RAW,0,0,0,0,0,0,0,0,1000,1000,1000,1000,0,0,0,0,0
2025-12-15 01:16:26.231,SERVO_OUTPUT_RAW,2541409846,SERVO_OUTPUT_RAW,0,0,0,0,0,0,0,0,1000,1000,1000,1000,0,0,0,0,0
2025-12-15 01:16:26.331,SERVO_OUTPUT_RAW,2541509870,SERVO_OUTPUT_RAW,0,0,0,0,0,0,0,0,1000,1000,1000,1000,0,0,0,0,0
2025-12-15 01:16:26.431,SERVO_OUTPUT_RAW,2541609811,SERVO_OUTPUT_RAW,0,0,0,0,0,0,0,0,1000,1000,1000,1000,0,0,0,0,0
2025-12-15 01:16:26.532,SERVO_OUTPUT_RAW,2541709810,SERVO_OUTPUT_RAW,0,0,0,0,0,0,0,0,1000,1000,1000,1000,0,0,0,0,0
2025-12-15 01:16:26.631,SERVO_OUTPUT_RAW,2541809852,SERVO_OUTPUT_RAW,0,0,0,0,0,0,0,0,1000,1000,1000,1000,0,0,0,0,0
2025-12-15 01:16:26.731,SERVO_OUTPUT_RAW,2541909845,SERVO_OUTPUT_RAW,0,0,0,0,0,0,0,0,1000,1000,1000,1000,0,0,0,0,0
2025-12-15 01:16:26.831,SERVO_OUTPUT_RAW,2542009880,SERVO_OUTPUT_RAW,0,0,0,0,0,0,0,0,1000,1000,1000,1000,0,0,0,0,0
2025-12-15 01:16:26.931,SERVO_OUTPUT_RAW,2542109802,SERVO_OUTPUT_RAW,0,0,0,0,0,0,0,0,1000,1000,1000,1000,0,0,0,0,0
2025-12-15 01:16:27.031,SERVO_OUTPUT_RAW,2542209811,SERVO_OUTPUT_RAW,0,0,0,0,0,0,0,0,1000,1000,1000,1000,0,0,0,0,0
2025-12-15 01:16:27.131,SERVO_OUTPUT_RAW,2542309819,SERVO_OUTPUT_RAW,0,0,0,0,0,0,0,0,1000,1000,1000,1000,0,0,0,0,0
2025-12-15 01:16:27.231,SERVO_OUTPUT_RAW,2542409773,SERVO_OUTPUT_RAW,0,0,0,0,0,0,0,0,1000,1000,1000,1000,0,0,0,0,0
2025-12-15 01:16:27.331,SERVO_OUTPUT_RAW,2542509783,SERVO_OUTPUT_RAW,0,0,0,0,0,0,0,0,1000,1000,1000,1000,0,0,0,0,0
2025-12-15 01:16:27.432,SERVO_OUTPUT_RAW,2542609794,SERVO_OUTPUT_RAW,0,0,0,0,0,0,0,0,1000,1000,1000,1000,0,0,0,0,0
2025-12-15 01:16:27.531,SERVO_OUTPUT_RAW,2542709799,SERVO_OUTPUT_RAW,0,0,0,0,0,0,0,0,1000,1000,1000,1000,0,0,0,0,0
2025-12-15 01:16:27.631,SERVO_OUTPUT_RAW,2542809794,SERVO_OUTPUT_RAW,0,0,0,0,0,0,0,0,1000,1000,1000,1000,0,0,0,0,0
2025-12-15 01:16:27.731,SERVO_OUTPUT_RAW,2542909824,SERVO_OUTPUT_RAW,0,0,0,0,0,0,0,0,1000,1000,1000,1000,0,0,0,0,0
2025-12-15 01:16:27.831,SERVO_OUTPUT_RAW,2543012155,SERVO_OUTPUT_RAW,0,0,0,0,0,0,0,0,1000,1000,1000,1000,0,0,0,0,0
2025-12-15 01:16:27.931,SERVO_OUTPUT_RAW,2543109795,SERVO_OUTPUT_RAW,0,0,0,0,0,0,0,0,1000,1000,1000,1000,0,0,0,0,0
2025-12-15 01:16:28.031,SERVO_OUTPUT_RAW,2543209786,SERVO_OUTPUT_RAW,0,0,0,0,0,0,0,0,1000,1000,1000,1000,0,0,0,0,0
2025-12-15 01:16:28.131,SERVO_OUTPUT_RAW,2543309814,SERVO_OUTPUT_RAW,0,0,0,0,0,0,0,0,1000,1000,1000,1000,0,0,0,0,0
2025-12-15 01:16:28.231,SERVO_OUTPUT_RAW,2543409838,SERVO_OUTPUT_RAW,0,0,0,0,0,0,0,0,1000,1000,1000,1000,0,0,0,0,0
2025-12-15 01:16:28.331,SERVO_OUTPUT_RAW,2543509849,SERVO_OUTPUT_RAW,0,0,0,0,0,0,0,0,1000,1000,1000,1000,0,0,0,0,0
2025-12-15 01:16:28.431,SERVO_OUTPUT_RAW,2543609812,SERVO_OUTPUT_RAW,0,0,0,0,0,0,0,0,1000,1000,1000,1000,0,0,0,0,0
2025-12-15 01:16:28.531,SERVO_OUTPUT_RAW,2543709813,SERVO_OUTPUT_RAW,0,0,0,0,0,0,0,0,1000,1000,1000,1000,0,0,0,0,0
2025-12-15 01:16:28.631,SERVO_OUTPUT_RAW,2543809818,SERVO_OUTPUT_RAW,0,0,0,0,0,0,0,0,1000,1000,1000,1000,0,0,0,0,0
2025-12-15 01:16:28.731,SERVO_OUTPUT_RAW,2543909827,SERVO_OUTPUT_RAW,0,0,0,0,0,0,0,0,1000,1000,1000,1000,0,0,0,0,0
2025-12-15 01:16:28.831,SERVO_OUTPUT_RAW,2544009795,SERVO_OUTPUT_RAW,0,0,0,0,0,0,0,0,1000,1000,1000,1000,0,0,0,0,0
2025-12-15 01:16:28.931,SERVO_OUTPUT_RAW,2544109789,SERVO_OUTPUT_RAW,0,0,0,0,0,0,0,0,1000,1000,1000,1000,0,0,0,0,0
2025-12-15 01:16:29.031,SERVO_OUTPUT_RAW,2544209792,SERVO_OUTPUT_RAW,0,0,0,0,0,0,0,0,1000,1000,1000,1000,0,0,0,0,0
2025-12-15 01:16:29.132,SERVO_OUTPUT_RAW,2544309800,SERVO_OUTPUT_RAW,0,0,0,0,0,0,0,0,1000,1000,1000,1000,0,0,0,0,0
2025-12-15 01:16:29.232,SERVO_OUTPUT_RAW,2544409805,SERVO_OUTPUT_RAW,0,0,0,0,0,0,0,0,1000,1000,1000,1000,0,0,0,0,0
2025-12-15 01:16:29.331,SERVO_OUTPUT_RAW,2544509843,SERVO_OUTPUT_RAW,0,0,0,0,0,0,0,0,1000,1000,1000,1000,0,0,0,0,0
2025-12-15 01:16:29.431,SERVO_OUTPUT_RAW,2544609801,SERVO_OUTPUT_RAW,0,0,0,0,0,0,0,0,1000,1000,1000,1000,0,0,0,0,0
2025-12-15 01:16:29.532,SERVO_OUTPUT_RAW,2544709803,SERVO_OUTPUT_RAW,0,0,0,0,0,0,0,0,1000,1000,1000,1000,0,0,0,0,0
2025-12-15 01:16:29.631,SERVO_OUTPUT_RAW,2544809797,SERVO_OUTPUT_RAW,0,0,0,0,0,0,0,0,1000,1000,1000,1000,0,0,0,0,0
2025-12-15 01:16:29.731,SERVO_OUTPUT_RAW,2544909846,SERVO_OUTPUT_RAW,0,0,0,0,0,0,0,0,1000,1000,1000,1000,0,0,0,0,0
2025-12-15 01:16:29.832,SERVO_OUTPUT_RAW,2545009864,SERVO_OUTPUT_RAW,0,0,0,0,0,0,0,0,1000,1000,1000,1000,0,0,0,0,0
2025-12-15 01:16:29.931,SERVO_OUTPUT_RAW,2545109905,SERVO_OUTPUT_RAW,0,0,0,0,0,0,0,0,1000,1000,1000,1000,0,0,0,0,0
2025-12-15 01:16:30.031,SERVO_OUTPUT_RAW,2545209810,SERVO_OUTPUT_RAW,0,0,0,0,0,0,0,0,1000,1000,1000,1000,0,0,0,0,0
2025-12-15 01:16:30.131,SERVO_OUTPUT_RAW,2545309815,SERVO_OUTPUT_RAW,0,0,0,0,0,0,0,0,1000,1000,1000,1000,0,0,0,0,0
2025-12-15 01:16:30.231,SERVO_OUTPUT_RAW,2545409827,SERVO_OUTPUT_RAW,0,0,0,0,0,0,0,0,1000,1000,1000,1000,0,0,0,0,0
2025-12-15 01:16:30.332,SERVO_OUTPUT_RAW,2545509797,SERVO_OUTPUT_RAW,0,0,0,0,0,0,0,0,1000,1000,1000,1000,0,0,0,0,0
2025-12-15 01:16:30.432,SERVO_OUTPUT_RAW,2545609797,SERVO_OUTPUT_RAW,0,0,0,0,0,0,0,0,1000,1000,1000,1000,0,0,0,0,0
2025-12-15 01:16:30.531,SERVO_OUTPUT_RAW,2545709785,SERVO_OUTPUT_RAW,0,0,0,0,0,0,0,0,1000,1000,1000,1000,0,0,0,0,0
2025-12-15 01:16:30.632,SERVO_OUTPUT_RAW,2545809785,SERVO_OUTPUT_RAW,0,0,0,0,0,0,0,0,1000,1000,1000,1000,0,0,0,0,0
2025-12-15 01:16:30.732,SERVO_OUTPUT_RAW,2545909798,SERVO_OUTPUT_RAW,0,0,0,0,0,0,0,0,1000,1000,1000,1000,0,0,0,0,0
2025-12-15 01:16:30.832,SERVO_OUTPUT_RAW,2546009818,SERVO_OUTPUT_RAW,0,0,0,0,0,0,0,0,1000,1000,1000,1000,0,0,0,0,0
2025-12-15 01:16:30.932,SERVO_OUTPUT_RAW,2546109837,SERVO_OUTPUT_RAW,0,0,0,0,0,0,0,0,1000,1000,1000,1000,0,0,0,0,0
2025-12-15 01:16:31.032,SERVO_OUTPUT_RAW,2546209847,SERVO_OUTPUT_RAW,0,0,0,0,0,0,0,0,1000,1000,1000,1000,0,0,0,0,0
2025-12-15 01:16:31.132,SERVO_OUTPUT_RAW,2546309818,SERVO_OUTPUT_RAW,0,0,0,0,0,0,0,0,1000,1000,1000,1000,0,0,0,0,0
2025-12-15 01:16:31.232,SERVO_OUTPUT_RAW,2546409802,SERVO_OUTPUT_RAW,0,0,0,0,0,0,0,0,1000,1000,1000,1000,0,0,0,0,0
2025-12-15 01:16:31.332,SERVO_OUTPUT_RAW,2546509839,SERVO_OUTPUT_RAW,0,0,0,0,0,0,0,0,1000,1000,1000,1000,0,0,0,0,0
2025-12-15 01:16:31.432,SERVO_OUTPUT_RAW,2546609835,SERVO_OUTPUT_RAW,0,0,0,0,0,0,0,0,1000,1000,1000,1000,0,0,0,0,0
2025-12-15 01:16:31.532,SERVO_OUTPUT_RAW,2546709783,SERVO_OUTPUT_RAW,0,0,0,0,0,0,0,0,1000,1000,1000,1000,0,0,0,0,0
2025-12-15 01:16:31.632,SERVO_OUTPUT_RAW,2546809808,SERVO_OUTPUT_RAW,0,0,0,0,0,0,0,0,1000,1000,1000,1000,0,0,0,0,0
2025-12-15 01:16:31.732,SERVO_OUTPUT_RAW,2546909817,SERVO_OUTPUT_RAW,0,0,0,0,0,0,0,0,1000,1000,1000,1000,0,0,0,0,0
2025-12-15 01:16:31.832,SERVO_OUTPUT_RAW,2547009811,SERVO_OUTPUT_RAW,0,0,0,0,0,0,0,0,1000,1000,1000,1000,0,0,0,0,0
2025-12-15 01:16:31.932,SERVO_OUTPUT_RAW,2547109782,SERVO_OUTPUT_RAW,0,0,0,0,0,0,0,0,1000,1000,1000,1000,0,0,0,0,0
2025-12-15 01:16:32.032,SERVO_OUTPUT_RAW,2547209832,SERVO_OUTPUT_RAW,0,0,0,0,0,0,0,0,1000,1000,1000,1000,0,0,0,0,0
2025-12-15 01:16:32.132,SERVO_OUTPUT_RAW,2547309797,SERVO_OUTPUT_RAW,0,0,0,0,0,0,0,0,1000,1000,1000,1000,0,0,0,0,0
2025-12-15 01:16:32.232,SERVO_OUTPUT_RAW,2547409782,SERVO_OUTPUT_RAW,0,0,0,0,0,0,0,0,1000,1000,1000,1000,0,0,0,0,0
2025-12-15 01:16:32.332,SERVO_OUTPUT_RAW,2547509793,SERVO_OUTPUT_RAW,0,0,0,0,0,0,0,0,1000,1000,1000,1000,0,0,0,0,0
2025-12-15 01:16:32.437,SERVO_OUTPUT_RAW,2547609818,SERVO_OUTPUT_RAW,0,0,0,0,0,0,0,0,1000,1000,1000,1000,0,0,0,0,0
2025-12-15 01:16:32.532,SERVO_OUTPUT_RAW,2547709787,SERVO_OUTPUT_RAW,0,0,0,0,0,0,0,0,1000,1000,1000,1000,0,0,0,0,0
2025-12-15 01:16:32.632,SERVO_OUTPUT_RAW,2547809872,SERVO_OUTPUT_RAW,0,0,0,0,0,0,0,0,1000,1000,1000,1000,0,0,0,0,0
2025-12-15 01:16:32.732,SERVO_OUTPUT_RAW,2547909794,SERVO_OUTPUT_RAW,0,0,0,0,0,0,0,0,1000,1000,1000,1000,0,0,0,0,0
2025-12-15 01:16:32.832,SERVO_OUTPUT_RAW,2548009844,SERVO_OUTPUT_RAW,0,0,0,0,0,0,0,0,1000,1000,1000,1000,0,0,0,0,0
2025-12-15 01:16:32.932,SERVO_OUTPUT_RAW,2548109856,SERVO_OUTPUT_RAW,0,0,0,0,0,0,0,0,1000,1000,1000,1000,0,0,0,0,0
2025-12-15 01:16:33.032,SERVO_OUTPUT_RAW,2548209862,SERVO_OUTPUT_RAW,0,0,0,0,0,0,0,0,1000,1000,1000,1000,0,0,0,0,0
2025-12-15 01:16:33.132,SERVO_OUTPUT_RAW,2548309790,SERVO_OUTPUT_RAW,0,0,0,0,0,0,0,0,1000,1000,1000,1000,0,0,0,0,0
2025-12-15 01:16:33.232,SERVO_OUTPUT_RAW,2548409816,SERVO_OUTPUT_RAW,0,0,0,0,0,0,0,0,1000,1000,1000,1000,0,0,0,0,0
2025-12-15 01:16:33.332,SERVO_OUTPUT_RAW,2548509830,SERVO_OUTPUT_RAW,0,0,0,0,0,0,0,0,1000,1000,1000,1000,0,0,0,0,0
2025-12-15 01:16:33.432,SERVO_OUTPUT_RAW,2548609815,SERVO_OUTPUT_RAW,0,0,0,0,0,0,0,0,1000,1000,1000,1000,0,0,0,0,0
2025-12-15 01:16:33.532,SERVO_OUTPUT_RAW,2548709786,SERVO_OUTPUT_RAW,0,0,0,0,0,0,0,0,1000,1000,1000,1000,0,0,0,0,0
2025-12-15 01:16:33.632,SERVO_OUTPUT_RAW,2548809801,SERVO_OUTPUT_RAW,0,0,0,0,0,0,0,0,1000,1000,1000,1000,0,0,0,0,0
2025-12-15 01:16:33.732,SERVO_OUTPUT_RAW,2548909781,SERVO_OUTPUT_RAW,0,0,0,0,0,0,0,0,1000,1000,1000,1000,0,0,0,0,0
2025-12-15 01:16:33.832,SERVO_OUTPUT_RAW,2549009800,SERVO_OUTPUT_RAW,0,0,0,0,0,0,0,0,1000,1000,1000,1000,0,0,0,0,0
2025-12-15 01:16:33.931,SERVO_OUTPUT_RAW,2549109803,SERVO_OUTPUT_RAW,0,0,0,0,0,0,0,0,1000,1000,1000,1000,0,0,0,0,0
2025-12-15 01:16:34.031,SERVO_OUTPUT_RAW,2549209817,SERVO_OUTPUT_RAW,0,0,0,0,0,0,0,0,1000,1000,1000,1000,0,0,0,0,0
2025-12-15 01:16:34.132,SERVO_OUTPUT_RAW,2549312136,SERVO_OUTPUT_RAW,0,0,0,0,0,0,0,0,1000,1000,1000,1000,0,0,0,0,0
2025-12-15 01:16:34.232,SERVO_OUTPUT_RAW,2549409776,SERVO_OUTPUT_RAW,0,0,0,0,0,0,0,0,1000,1000,1000,1000,0,0,0,0,0
2025-12-15 01:16:34.332,SERVO_OUTPUT_RAW,2549509804,SERVO_OUTPUT_RAW,0,0,0,0,0,0,0,0,1000,1000,1000,1000,0,0,0,0,0
2025-12-15 01:16:34.433,SERVO_OUTPUT_RAW,2549609836,SERVO_OUTPUT_RAW,0,0,0,0,0,0,0,0,1000,1000,1000,1000,0,0,0,0,0
2025-12-15 01:16:34.532,SERVO_OUTPUT_RAW,2549709848,SERVO_OUTPUT_RAW,0,0,0,0,0,0,0,0,1000,1000,1000,1000,0,0,0,0,0
2025-12-15 01:16:34.632,SERVO_OUTPUT_RAW,2549809791,SERVO_OUTPUT_RAW,0,0,0,0,0,0,0,0,1000,1000,1000,1000,0,0,0,0,0
2025-12-15 01:16:34.731,SERVO_OUTPUT_RAW,2549909806,SERVO_OUTPUT_RAW,0,0,0,0,0,0,0,0,1000,1000,1000,1000,0,0,0,0,0
2025-12-15 01:16:34.831,SERVO_OUTPUT_RAW,2550009823,SERVO_OUTPUT_RAW,0,0,0,0,0,0,0,0,1000,1000,1000,1000,0,0,0,0,0
2025-12-15 01:16:34.932,SERVO_OUTPUT_RAW,2550109844,SERVO_OUTPUT_RAW,0,0,0,0,0,0,0,0,1000,1000,1000,1000,0,0,0,0,0
2025-12-15 01:16:35.031,SERVO_OUTPUT_RAW,2550209784,SERVO_OUTPUT_RAW,0,0,0,0,0,0,0,0,1000,1000,1000,1000,0,0,0,0,0
2025-12-15 01:16:35.131,SERVO_OUTPUT_RAW,2550309778,SERVO_OUTPUT_RAW,0,0,0,0,0,0,0,0,1000,1000,1000,1000,0,0,0,0,0
2025-12-15 01:16:35.231,SERVO_OUTPUT_RAW,2550409785,SERVO_OUTPUT_RAW,0,0,0,0,0,0,0,0,1000,1000,1000,1000,0,0,0,0,0
2025-12-15 01:16:35.331,SERVO_OUTPUT_RAW,2550509793,SERVO_OUTPUT_RAW,0,0,0,0,0,0,0,0,1000,1000,1000,1000,0,0,0,0,0
2025-12-15 01:16:35.431,SERVO_OUTPUT_RAW,2550609784,SERVO_OUTPUT_RAW,0,0,0,0,0,0,0,0,1000,1000,1000,1000,0,0,0,0,0
2025-12-15 01:16:35.531,SERVO_OUTPUT_RAW,2550709848,SERVO_OUTPUT_RAW,0,0,0,0,0,0,0,0,1000,1000,1000,1000,0,0,0,0,0
2025-12-15 01:16:35.631,SERVO_OUTPUT_RAW,2550809840,SERVO_OUTPUT_RAW,0,0,0,0,0,0,0,0,1000,1000,1000,1000,0,0,0,0,0
2025-12-15 01:16:35.731,SERVO_OUTPUT_RAW,2550909851,SERVO_OUTPUT_RAW,0,0,0,0,0,0,0,0,1000,1000,1000,1000,0,0,0,0,0
2025-12-15 01:16:35.831,SERVO_OUTPUT_RAW,2551009779,SERVO_OUTPUT_RAW,0,0,0,0,0,0,0,0,1000,1000,1000,1000,0,0,0,0,0
2025-12-15 01:16:35.931,SERVO_OUTPUT_RAW,2551109834,SERVO_OUTPUT_RAW,0,0,0,0,0,0,0,0,1000,1000,1000,1000,0,0,0,0,0
2025-12-15 01:16:36.031,SERVO_OUTPUT_RAW,2551209840,SERVO_OUTPUT_RAW,0,0,0,0,0,0,0,0,1000,1000,1000,1000,0,0,0,0,0
2025-12-15 01:16:36.131,SERVO_OUTPUT_RAW,2551309769,SERVO_OUTPUT_RAW,0,0,0,0,0,0,0,0,1000,1000,1000,1000,0,0,0,0,0
2025-12-15 01:16:36.231,SERVO_OUTPUT_RAW,2551409885,SERVO_OUTPUT_RAW,0,0,0,0,0,0,0,0,1000,1000,1000,1000,0,0,0,0,0
2025-12-15 01:16:36.331,SERVO_OUTPUT_RAW,2551509815,SERVO_OUTPUT_RAW,0,0,0,0,0,0,0,0,1000,1000,1000,1000,0,0,0,0,0
2025-12-15 01:16:36.431,SERVO_OUTPUT_RAW,2551609816,SERVO_OUTPUT_RAW,0,0,0,0,0,0,0,0,1000,1000,1000,1000,0,0,0,0,0
2025-12-15 01:16:36.531,SERVO_OUTPUT_RAW,2551709838,SERVO_OUTPUT_RAW,0,0,0,0,0,0,0,0,1000,1000,1000,1000,0,0,0,0,0
2025-12-15 01:16:36.631,SERVO_OUTPUT_RAW,2551809797,SERVO_OUTPUT_RAW,0,0,0,0,0,0,0,0,1000,1000,1000,1000,0,0,0,0,0
2025-12-15 01:16:36.731,SERVO_OUTPUT_RAW,2551909793,SERVO_OUTPUT_RAW,0,0,0,0,0,0,0,0,1000,1000,1000,1000,0,0,0,0,0
2025-12-15 01:16:36.831,SERVO_OUTPUT_RAW,2552009791,SERVO_OUTPUT_RAW,0,0,0,0,0,0,0,0,1000,1000,1000,1000,0,0,0,0,0
2025-12-15 01:16:36.931,SERVO_OUTPUT_RAW,2552109792,SERVO_OUTPUT_RAW,0,0,0,0,0,0,0,0,1000,1000,1000,1000,0,0,0,0,0
2025-12-15 01:16:37.031,SERVO_OUTPUT_RAW,2552209784,SERVO_OUTPUT_RAW,0,0,0,0,0,0,0,0,1000,1000,1000,1000,0,0,0,0,0
2025-12-15 01:16:37.132,SERVO_OUTPUT_RAW,2552309828,SERVO_OUTPUT_RAW,0,0,0,0,0,0,0,0,1000,1000,1000,1000,0,0,0,0,0
2025-12-15 01:16:37.231,SERVO_OUTPUT_RAW,2552409785,SERVO_OUTPUT_RAW,0,0,0,0,0,0,0,0,1000,1000,1000,1000,0,0,0,0,0
2025-12-15 01:16:37.331,SERVO_OUTPUT_RAW,2552509783,SERVO_OUTPUT_RAW,0,0,0,0,0,0,0,0,1000,1000,1000,1000,0,0,0,0,0
2025-12-15 01:16:37.431,SERVO_OUTPUT_RAW,2552609837,SERVO_OUTPUT_RAW,0,0,0,0,0,0,0,0,1000,1000,1000,1000,0,0,0,0,0
2025-12-15 01:16:37.532,SERVO_OUTPUT_RAW,2552709819,SERVO_OUTPUT_RAW,0,0,0,0,0,0,0,0,1000,1000,1000,1000,0,0,0,0,0
2025-12-15 01:16:37.631,SERVO_OUTPUT_RAW,2552809846,SERVO_OUTPUT_RAW,0,0,0,0,0,0,0,0,1000,1000,1000,1000,0,0,0,0,0
2025-12-15 01:16:37.732,SERVO_OUTPUT_RAW,2552909853,SERVO_OUTPUT_RAW,0,0,0,0,0,0,0,0,1000,1000,1000,1000,0,0,0,0,0
2025-12-15 01:16:37.832,SERVO_OUTPUT_RAW,2553009819,SERVO_OUTPUT_RAW,0,0,0,0,0,0,0,0,1000,1000,1000,1000,0,0,0,0,0
2025-12-15 01:16:37.932,SERVO_OUTPUT_RAW,2553109816,SERVO_OUTPUT_RAW,0,0,0,0,0,0,0,0,1000,1000,1000,1000,0,0,0,0,0
2025-12-15 01:16:38.032,SERVO_OUTPUT_RAW,2553209811,SERVO_OUTPUT_RAW,0,0,0,0,0,0,0,0,1000,1000,1000,1000,0,0,0,0,0
2025-12-15 01:16:38.132,SERVO_OUTPUT_RAW,2553309772,SERVO_OUTPUT_RAW,0,0,0,0,0,0,0,0,1000,1000,1000,1000,0,0,0,0,0
2025-12-15 01:16:38.232,SERVO_OUTPUT_RAW,2553409790,SERVO_OUTPUT_RAW,0,0,0,0,0,0,0,0,1000,1000,1000,1000,0,0,0,0,0
2025-12-15 01:16:38.332,SERVO_OUTPUT_RAW,2553509802,SERVO_OUTPUT_RAW,0,0,0,0,0,0,0,0,1000,1000,1000,1000,0,0,0,0,0
2025-12-15 01:16:38.432,SERVO_OUTPUT_RAW,2553609794,SERVO_OUTPUT_RAW,0,0,0,0,0,0,0,0,1000,1000,1000,1000,0,0,0,0,0
2025-12-15 01:16:38.532,SERVO_OUTPUT_RAW,2553709779,SERVO_OUTPUT_RAW,0,0,0,0,0,0,0,0,1000,1000,1000,1000,0,0,0,0,0
2025-12-15 01:16:38.632,SERVO_OUTPUT_RAW,2553809798,SERVO_OUTPUT_RAW,0,0,0,0,0,0,0,0,1000,1000,1000,1000,0,0,0,0,0
2025-12-15 01:16:38.732,SERVO_OUTPUT_RAW,2553909853,SERVO_OUTPUT_RAW,0,0,0,0,0,0,0,0,1000,1000,1000,1000,0,0,0,0,0
2025-12-15 01:16:38.832,SERVO_OUTPUT_RAW,2554009850,SERVO_OUTPUT_RAW,0,0,0,0,0,0,0,0,1000,1000,1000,1000,0,0,0,0,0
2025-12-15 01:16:38.932,SERVO_OUTPUT_RAW,2554109818,SERVO_OUTPUT_RAW,0,0,0,0,0,0,0,0,1000,1000,1000,1000,0,0,0,0,0
2025-12-15 01:16:39.032,SERVO_OUTPUT_RAW,2554209887,SERVO_OUTPUT_RAW,0,0,0,0,0,0,0,0,1000,1000,1000,1000,0,0,0,0,0
2025-12-15 01:16:39.132,SERVO_OUTPUT_RAW,2554309835,SERVO_OUTPUT_RAW,0,0,0,0,0,0,0,0,1000,1000,1000,1000,0,0,0,0,0
2025-12-15 01:16:39.232,SERVO_OUTPUT_RAW,2554409919,SERVO_OUTPUT_RAW,0,0,0,0,0,0,0,0,1000,1000,1000,1000,0,0,0,0,0
2025-12-15 01:16:39.332,SERVO_OUTPUT_RAW,2554509791,SERVO_OUTPUT_RAW,0,0,0,0,0,0,0,0,1000,1000,1000,1000,0,0,0,0,0
2025-12-15 01:16:39.432,SERVO_OUTPUT_RAW,2554609808,SERVO_OUTPUT_RAW,0,0,0,0,0,0,0,0,1000,1000,1000,1000,0,0,0,0,0
2025-12-15 01:16:39.532,SERVO_OUTPUT_RAW,2554709823,SERVO_OUTPUT_RAW,0,0,0,0,0,0,0,0,1000,1000,1000,1000,0,0,0,0,0
2025-12-15 01:16:39.632,SERVO_OUTPUT_RAW,2554809779,SERVO_OUTPUT_RAW,0,0,0,0,0,0,0,0,1000,1000,1000,1000,0,0,0,0,0
2025-12-15 01:16:39.732,SERVO_OUTPUT_RAW,2554909786,SERVO_OUTPUT_RAW,0,0,0,0,0,0,0,0,1000,1000,1000,1000,0,0,0,0,0
2025-12-15 01:16:39.832,SERVO_OUTPUT_RAW,2555009799,SERVO_OUTPUT_RAW,0,0,0,0,0,0,0,0,1000,1000,1000,1000,0,0,0,0,0
2025-12-15 01:16:39.937,SERVO_OUTPUT_RAW,2555109790,SERVO_OUTPUT_RAW,0,0,0,0,0,0,0,0,1000,1000,1000,1000,0,0,0,0,0
2025-12-15 01:16:40.032,SERVO_OUTPUT_RAW,2555209787,SERVO_OUTPUT_RAW,0,0,0,0,0,0,0,0,1000,1000,1000,1000,0,0,0,0,0
2025-12-15 01:16:40.132,SERVO_OUTPUT_RAW,2555309808,SERVO_OUTPUT_RAW,0,0,0,0,0,0,0,0,1000,1000,1000,1000,0,0,0,0,0
2025-12-15 01:16:40.232,SERVO_OUTPUT_RAW,2555409835,SERVO_OUTPUT_RAW,0,0,0,0,0,0,0,0,1000,1000,1000,1000,0,0,0,0,0
2025-12-15 01:16:40.332,SERVO_OUTPUT_RAW,2555509837,SERVO_OUTPUT_RAW,0,0,0,0,0,0,0,0,1000,1000,1000,1000,0,0,0,0,0
2025-12-15 01:16:40.432,SERVO_OUTPUT_RAW,2555612195,SERVO_OUTPUT_RAW,0,0,0,0,0,0,0,0,1000,1000,1000,1000,0,0,0,0,0
2025-12-15 01:16:40.532,SERVO_OUTPUT_RAW,2555709801,SERVO_OUTPUT_RAW,0,0,0,0,0,0,0,0,1000,1000,1000,1000,0,0,0,0,0
2025-12-15 01:16:40.632,SERVO_OUTPUT_RAW,2555809828,SERVO_OUTPUT_RAW,0,0,0,0,0,0,0,0,1000,1000,1000,1000,0,0,0,0,0
2025-12-15 01:16:40.732,SERVO_OUTPUT_RAW,2555909868,SERVO_OUTPUT_RAW,0,0,0,0,0,0,0,0,1000,1000,1000,1000,0,0,0,0,0
2025-12-15 01:16:40.832,SERVO_OUTPUT_RAW,2556009846,SERVO_OUTPUT_RAW,0,0,0,0,0,0,0,0,1000,1000,1000,1000,0,0,0,0,0
2025-12-15 01:16:40.932,SERVO_OUTPUT_RAW,2556109782,SERVO_OUTPUT_RAW,0,0,0,0,0,0,0,0,1000,1000,1000,1000,0,0,0,0,0
2025-12-15 01:16:41.033,SERVO_OUTPUT_RAW,2556209821,SERVO_OUTPUT_RAW,0,0,0,0,0,0,0,0,1000,1000,1000,1000,0,0,0,0,0
2025-12-15 01:16:41.132,SERVO_OUTPUT_RAW,2556309820,SERVO_OUTPUT_RAW,0,0,0,0,0,0,0,0,1000,1000,1000,1000,0,0,0,0,0
2025-12-15 01:16:41.232,SERVO_OUTPUT_RAW,2556409793,SERVO_OUTPUT_RAW,0,0,0,0,0,0,0,0,1000,1000,1000,1000,0,0,0,0,0
2025-12-15 01:16:41.332,SERVO_OUTPUT_RAW,2556509795,SERVO_OUTPUT_RAW,0,0,0,0,0,0,0,0,1000,1000,1000,1000,0,0,0,0,0
2025-12-15 01:16:41.432,SERVO_OUTPUT_RAW,2556609789,SERVO_OUTPUT_RAW,0,0,0,0,0,0,0,0,1000,1000,1000,1000,0,0,0,0,0
2025-12-15 01:16:41.532,SERVO_OUTPUT_RAW,2556709779,SERVO_OUTPUT_RAW,0,0,0,0,0,0,0,0,1000,1000,1000,1000,0,0,0,0,0
2025-12-15 01:16:41.632,SERVO_OUTPUT_RAW,2556809779,SERVO_OUTPUT_RAW,0,0,0,0,0,0,0,0,1000,1000,1000,1000,0,0,0,0,0
2025-12-15 01:16:41.732,SERVO_OUTPUT_RAW,2556909815,SERVO_OUTPUT_RAW,0,0,0,0,0,0,0,0,1000,1000,1000,1000,0,0,0,0,0
2025-12-15 01:16:41.832,SERVO_OUTPUT_RAW,2557009834,SERVO_OUTPUT_RAW,0,0,0,0,0,0,0,0,1000,1000,1000,1000,0,0,0,0,0
2025-12-15 01:16:41.932,SERVO_OUTPUT_RAW,2557109859,SERVO_OUTPUT_RAW,0,0,0,0,0,0,0,0,1000,1000,1000,1000,0,0,0,0,0
2025-12-15 01:16:42.032,SERVO_OUTPUT_RAW,2557209810,SERVO_OUTPUT_RAW,0,0,0,0,0,0,0,0,1000,1000,1000,1000,0,0,0,0,0
2025-12-15 01:16:42.132,SERVO_OUTPUT_RAW,2557309814,SERVO_OUTPUT_RAW,0,0,0,0,0,0,0,0,1000,1000,1000,1000,0,0,0,0,0
2025-12-15 01:16:42.232,SERVO_OUTPUT_RAW,2557409839,SERVO_OUTPUT_RAW,0,0,0,0,0,0,0,0,1000,1000,1000,1000,0,0,0,0,0
2025-12-15 01:16:42.332,SERVO_OUTPUT_RAW,2557509859,SERVO_OUTPUT_RAW,0,0,0,0,0,0,0,0,1000,1000,1000,1000,0,0,0,0,0
2025-12-15 01:16:42.434,SERVO_OUTPUT_RAW,2557609783,SERVO_OUTPUT_RAW,0,0,0,0,0,0,0,0,1000,1000,1000,1000,0,0,0,0,0
2025-12-15 01:16:42.531,SERVO_OUTPUT_RAW,2557709907,SERVO_OUTPUT_RAW,0,0,0,0,0,0,0,0,1000,1000,1000,1000,0,0,0,0,0
2025-12-15 01:16:42.632,SERVO_OUTPUT_RAW,2557809816,SERVO_OUTPUT_RAW,0,0,0,0,0,0,0,0,1000,1000,1000,1000,0,0,0,0,0
2025-12-15 01:16:42.733,SERVO_OUTPUT_RAW,2557909808,SERVO_OUTPUT_RAW,0,0,0,0,0,0,0,0,1000,1000,1000,1000,0,0,0,0,0
2025-12-15 01:16:42.832,SERVO_OUTPUT_RAW,2558009787,SERVO_OUTPUT_RAW,0,0,0,0,0,0,0,0,1000,1000,1000,1000,0,0,0,0,0
2025-12-15 01:16:42.932,SERVO_OUTPUT_RAW,2558109772,SERVO_OUTPUT_RAW,0,0,0,0,0,0,0,0,1000,1000,1000,1000,0,0,0,0,0
2025-12-15 01:16:43.033,SERVO_OUTPUT_RAW,2558209790,SERVO_OUTPUT_RAW,0,0,0,0,0,0,0,0,1000,1000,1000,1000,0,0,0,0,0
2025-12-15 01:16:43.132,SERVO_OUTPUT_RAW,2558309786,SERVO_OUTPUT_RAW,0,0,0,0,0,0,0,0,1000,1000,1000,1000,0,0,0,0,0
2025-12-15 01:16:43.232,SERVO_OUTPUT_RAW,2558409822,SERVO_OUTPUT_RAW,0,0,0,0,0,0,0,0,1000,1000,1000,1000,0,0,0,0,0
2025-12-15 01:16:43.333,SERVO_OUTPUT_RAW,2558509830,SERVO_OUTPUT_RAW,0,0,0,0,0,0,0,0,1000,1000,1000,1000,0,0,0,0,0
2025-12-15 01:16:43.432,SERVO_OUTPUT_RAW,2558609827,SERVO_OUTPUT_RAW,0,0,0,0,0,0,0,0,1000,1000,1000,1000,0,0,0,0,0
2025-12-15 01:16:43.532,SERVO_OUTPUT_RAW,2558709889,SERVO_OUTPUT_RAW,0,0,0,0,0,0,0,0,1000,1000,1000,1000,0,0,0,0,0
2025-12-15 01:16:43.633,SERVO_OUTPUT_RAW,2558809794,SERVO_OUTPUT_RAW,0,0,0,0,0,0,0,0,1000,1000,1000,1000,0,0,0,0,0
2025-12-15 01:16:43.732,SERVO_OUTPUT_RAW,2558909855,SERVO_OUTPUT_RAW,0,0,0,0,0,0,0,0,1000,1000,1000,1000,0,0,0,0,0
2025-12-15 01:16:43.832,SERVO_OUTPUT_RAW,2559009835,SERVO_OUTPUT_RAW,0,0,0,0,0,0,0,0,1000,1000,1000,1000,0,0,0,0,0
2025-12-15 01:16:43.932,SERVO_OUTPUT_RAW,2559109796,SERVO_OUTPUT_RAW,0,0,0,0,0,0,0,0,1000,1000,1000,1000,0,0,0,0,0
2025-12-15 01:16:44.032,SERVO_OUTPUT_RAW,2559209770,SERVO_OUTPUT_RAW,0,0,0,0,0,0,0,0,1000,1000,1000,1000,0,0,0,0,0
2025-12-15 01:16:44.132,SERVO_OUTPUT_RAW,2559309807,SERVO_OUTPUT_RAW,0,0,0,0,0,0,0,0,1000,1000,1000,1000,0,0,0,0,0
2025-12-15 01:16:44.232,SERVO_OUTPUT_RAW,2559409836,SERVO_OUTPUT_RAW,0,0,0,0,0,0,0,0,1000,1000,1000,1000,0,0,0,0,0
2025-12-15 01:16:44.332,SERVO_OUTPUT_RAW,2559509789,SERVO_OUTPUT_RAW,0,0,0,0,0,0,0,0,1000,1000,1000,1000,0,0,0,0,0
2025-12-15 01:16:44.433,SERVO_OUTPUT_RAW,2559609788,SERVO_OUTPUT_RAW,0,0,0,0,0,0,0,0,1000,1000,1000,1000,0,0,0,0,0
2025-12-15 01:16:44.531,SERVO_OUTPUT_RAW,2559709786,SERVO_OUTPUT_RAW,0,0,0,0,0,0,0,0,1000,1000,1000,1000,0,0,0,0,0
2025-12-15 01:16:44.631,SERVO_OUTPUT_RAW,2559809820,SERVO_OUTPUT_RAW,0,0,0,0,0,0,0,0,1000,1000,1000,1000,0,0,0,0,0
2025-12-15 01:16:44.732,SERVO_OUTPUT_RAW,2559909801,SERVO_OUTPUT_RAW,0,0,0,0,0,0,0,0,1000,1000,1000,1000,0,0,0,0,0
2025-12-15 01:16:44.831,SERVO_OUTPUT_RAW,2560009781,SERVO_OUTPUT_RAW,0,0,0,0,0,0,0,0,1000,1000,1000,1000,0,0,0,0,0
2025-12-15 01:16:44.931,SERVO_OUTPUT_RAW,2560109822,SERVO_OUTPUT_RAW,0,0,0,0,0,0,0,0,1000,1000,1000,1000,0,0,0,0,0
2025-12-15 01:16:45.032,SERVO_OUTPUT_RAW,2560209830,SERVO_OUTPUT_RAW,0,0,0,0,0,0,0,0,1000,1000,1000,1000,0,0,0,0,0
2025-12-15 01:16:45.132,SERVO_OUTPUT_RAW,2560309798,SERVO_OUTPUT_RAW,0,0,0,0,0,0,0,0,1000,1000,1000,1000,0,0,0,0,0
2025-12-15 01:16:45.232,SERVO_OUTPUT_RAW,2560409798,SERVO_OUTPUT_RAW,0,0,0,0,0,0,0,0,1000,1000,1000,1000,0,0,0,0,0
2025-12-15 01:16:45.332,SERVO_OUTPUT_RAW,2560509821,SERVO_OUTPUT_RAW,0,0,0,0,0,0,0,0,1000,1000,1000,1000,0,0,0,0,0
2025-12-15 01:16:45.432,SERVO_OUTPUT_RAW,2560609846,SERVO_OUTPUT_RAW,0,0,0,0,0,0,0,0,1000,1000,1000,1000,0,0,0,0,0
2025-12-15 01:16:45.531,SERVO_OUTPUT_RAW,2560709856,SERVO_OUTPUT_RAW,0,0,0,0,0,0,0,0,1000,1000,1000,1000,0,0,0,0,0
2025-12-15 01:16:45.632,SERVO_OUTPUT_RAW,2560809785,SERVO_OUTPUT_RAW,0,0,0,0,0,0,0,0,1000,1000,1000,1000,0,0,0,0,0
2025-12-15 01:16:45.732,SERVO_OUTPUT_RAW,2560909857,SERVO_OUTPUT_RAW,0,0,0,0,0,0,0,0,1000,1000,1000,1000,0,0,0,0,0
2025-12-15 01:16:45.832,SERVO_OUTPUT_RAW,2561009819,SERVO_OUTPUT_RAW,0,0,0,0,0,0,0,0,1000,1000,1000,1000,0,0,0,0,0
2025-12-15 01:16:45.932,SERVO_OUTPUT_RAW,2561109778,SERVO_OUTPUT_RAW,0,0,0,0,0,0,0,0,1000,1000,1000,1000,0,0,0,0,0
2025-12-15 01:16:46.032,SERVO_OUTPUT_RAW,2561209785,SERVO_OUTPUT_RAW,0,0,0,0,0,0,0,0,1000,1000,1000,1000,0,0,0,0,0
2025-12-15 01:16:46.132,SERVO_OUTPUT_RAW,2561309794,SERVO_OUTPUT_RAW,0,0,0,0,0,0,0,0,1000,1000,1000,1000,0,0,0,0,0
2025-12-15 01:16:46.232,SERVO_OUTPUT_RAW,2561409805,SERVO_OUTPUT_RAW,0,0,0,0,0,0,0,0,1000,1000,1000,1000,0,0,0,0,0
2025-12-15 01:16:46.332,SERVO_OUTPUT_RAW,2561509785,SERVO_OUTPUT_RAW,0,0,0,0,0,0,0,0,1000,1000,1000,1000,0,0,0,0,0
2025-12-15 01:16:46.432,SERVO_OUTPUT_RAW,2561609815,SERVO_OUTPUT_RAW,0,0,0,0,0,0,0,0,1000,1000,1000,1000,0,0,0,0,0
2025-12-15 01:16:46.532,SERVO_OUTPUT_RAW,2561709864,SERVO_OUTPUT_RAW,0,0,0,0,0,0,0,0,1000,1000,1000,1000,0,0,0,0,0
2025-12-15 01:16:46.632,SERVO_OUTPUT_RAW,2561809798,SERVO_OUTPUT_RAW,0,0,0,0,0,0,0,0,1000,1000,1000,1000,0,0,0,0,0
2025-12-15 01:16:46.732,SERVO_OUTPUT_RAW,2561912102,SERVO_OUTPUT_RAW,0,0,0,0,0,0,0,0,1000,1000,1000,1000,0,0,0,0,0
2025-12-15 01:16:46.832,SERVO_OUTPUT_RAW,2562009841,SERVO_OUTPUT_RAW,0,0,0,0,0,0,0,0,1000,1000,1000,1000,0,0,0,0,0
2025-12-15 01:16:46.932,SERVO_OUTPUT_RAW,2562109841,SERVO_OUTPUT_RAW,0,0,0,0,0,0,0,0,1000,1000,1000,1000,0,0,0,0,0
2025-12-15 01:16:47.032,SERVO_OUTPUT_RAW,2562209835,SERVO_OUTPUT_RAW,0,0,0,0,0,0,0,0,1000,1000,1000,1000,0,0,0,0,0
2025-12-15 01:16:47.132,SERVO_OUTPUT_RAW,2562309824,SERVO_OUTPUT_RAW,0,0,0,0,0,0,0,0,1000,1000,1000,1000,0,0,0,0,0
2025-12-15 01:16:47.232,SERVO_OUTPUT_RAW,2562409799,SERVO_OUTPUT_RAW,0,0,0,0,0,0,0,0,1000,1000,1000,1000,0,0,0,0,0
2025-12-15 01:16:47.332,SERVO_OUTPUT_RAW,2562509825,SERVO_OUTPUT_RAW,0,0,0,0,0,0,0,0,1000,1000,1000,1000,0,0,0,0,0
2025-12-15 01:16:47.433,SERVO_OUTPUT_RAW,2562609778,SERVO_OUTPUT_RAW,0,0,0,0,0,0,0,0,1000,1000,1000,1000,0,0,0,0,0
2025-12-15 01:16:47.532,SERVO_OUTPUT_RAW,2562709791,SERVO_OUTPUT_RAW,0,0,0,0,0,0,0,0,1000,1000,1000,1000,0,0,0,0,0
2025-12-15 01:16:47.632,SERVO_OUTPUT_RAW,2562809795,SERVO_OUTPUT_RAW,0,0,0,0,0,0,0,0,1000,1000,1000,1000,0,0,0,0,0
2025-12-15 01:16:47.732,SERVO_OUTPUT_RAW,2562909800,SERVO_OUTPUT_RAW,0,0,0,0,0,0,0,0,1000,1000,1000,1000,0,0,0,0,0
2025-12-15 01:16:47.832,SERVO_OUTPUT_RAW,2563009788,SERVO_OUTPUT_RAW,0,0,0,0,0,0,0,0,1000,1000,1000,1000,0,0,0,0,0
2025-12-15 01:16:47.932,SERVO_OUTPUT_RAW,2563109802,SERVO_OUTPUT_RAW,0,0,0,0,0,0,0,0,1000,1000,1000,1000,0,0,0,0,0
2025-12-15 01:16:48.032,SERVO_OUTPUT_RAW,2563209819,SERVO_OUTPUT_RAW,0,0,0,0,0,0,0,0,1000,1000,1000,1000,0,0,0,0,0
2025-12-15 01:16:48.132,SERVO_OUTPUT_RAW,2563309858,SERVO_OUTPUT_RAW,0,0,0,0,0,0,0,0,1000,1000,1000,1000,0,0,0,0,0
2025-12-15 01:16:48.233,SERVO_OUTPUT_RAW,2563412133,SERVO_OUTPUT_RAW,0,0,0,0,0,0,0,0,1000,1000,1000,1000,0,0,0,0,0
2025-12-15 01:16:48.332,SERVO_OUTPUT_RAW,2563509785,SERVO_OUTPUT_RAW,0,0,0,0,0,0,0,0,1000,1000,1000,1000,0,0,0,0,0
2025-12-15 01:16:48.433,SERVO_OUTPUT_RAW,2563609820,SERVO_OUTPUT_RAW,0,0,0,0,0,0,0,0,1000,1000,1000,1000,0,0,0,0,0
2025-12-15 01:16:48.532,SERVO_OUTPUT_RAW,2563709844,SERVO_OUTPUT_RAW,0,0,0,0,0,0,0,0,1000,1000,1000,1000,0,0,0,0,0
2025-12-15 01:16:48.633,SERVO_OUTPUT_RAW,2563809802,SERVO_OUTPUT_RAW,0,0,0,0,0,0,0,0,1000,1000,1000,1000,0,0,0,0,0
2025-12-15 01:16:48.732,SERVO_OUTPUT_RAW,2563909782,SERVO_OUTPUT_RAW,0,0,0,0,0,0,0,0,1000,1000,1000,1000,0,0,0,0,0
2025-12-15 01:16:48.832,SERVO_OUTPUT_RAW,2564009919,SERVO_OUTPUT_RAW,0,0,0,0,0,0,0,0,1000,1000,1000,1000,0,0,0,0,0
2025-12-15 01:16:48.932,SERVO_OUTPUT_RAW,2564109820,SERVO_OUTPUT_RAW,0,0,0,0,0,0,0,0,1000,1000,1000,1000,0,0,0,0,0
2025-12-15 01:16:49.032,SERVO_OUTPUT_RAW,2564209792,SERVO_OUTPUT_RAW,0,0,0,0,0,0,0,0,1000,1000,1000,1000,0,0,0,0,0
2025-12-15 01:16:49.133,SERVO_OUTPUT_RAW,2564309814,SERVO_OUTPUT_RAW,0,0,0,0,0,0,0,0,1000,1000,1000,1000,0,0,0,0,0
2025-12-15 01:16:49.232,SERVO_OUTPUT_RAW,2564409803,SERVO_OUTPUT_RAW,0,0,0,0,0,0,0,0,1000,1000,1000,1000,0,0,0,0,0
2025-12-15 01:16:49.332,SERVO_OUTPUT_RAW,2564509789,SERVO_OUTPUT_RAW,0,0,0,0,0,0,0,0,1000,1000,1000,1000,0,0,0,0,0
2025-12-15 01:16:49.432,SERVO_OUTPUT_RAW,2564609806,SERVO_OUTPUT_RAW,0,0,0,0,0,0,0,0,1000,1000,1000,1000,0,0,0,0,0
2025-12-15 01:16:49.533,SERVO_OUTPUT_RAW,2564709799,SERVO_OUTPUT_RAW,0,0,0,0,0,0,0,0,1000,1000,1000,1000,0,0,0,0,0
2025-12-15 01:16:49.633,SERVO_OUTPUT_RAW,2564809839,SERVO_OUTPUT_RAW,0,0,0,0,0,0,0,0,1000,1000,1000,1000,0,0,0,0,0
2025-12-15 01:16:49.733,SERVO_OUTPUT_RAW,2564909844,SERVO_OUTPUT_RAW,0,0,0,0,0,0,0,0,1000,1000,1000,1000,0,0,0,0,0
2025-12-15 01:16:49.833,SERVO_OUTPUT_RAW,2565009804,SERVO_OUTPUT_RAW,0,0,0,0,0,0,0,0,1000,1000,1000,1000,0,0,0,0,0
2025-12-15 01:16:49.933,SERVO_OUTPUT_RAW,2565109799,SERVO_OUTPUT_RAW,0,0,0,0,0,0,0,0,1000,1000,1000,1000,0,0,0,0,0
2025-12-15 01:16:50.032,SERVO_OUTPUT_RAW,2565209865,SERVO_OUTPUT_RAW,0,0,0,0,0,0,0,0,1000,1000,1000,1000,0,0,0,0,0
2025-12-15 01:16:50.132,SERVO_OUTPUT_RAW,2565309849,SERVO_OUTPUT_RAW,0,0,0,0,0,0,0,0,1000,1000,1000,1000,0,0,0,0,0
2025-12-15 01:16:50.232,SERVO_OUTPUT_RAW,2565409783,SERVO_OUTPUT_RAW,0,0,0,0,0,0,0,0,1000,1000,1000,1000,0,0,0,0,0
2025-12-15 01:16:50.332,SERVO_OUTPUT_RAW,2565509796,SERVO_OUTPUT_RAW,0,0,0,0,0,0,0,0,1000,1000,1000,1000,0,0,0,0,0
2025-12-15 01:16:50.432,SERVO_OUTPUT_RAW,2565609849,SERVO_OUTPUT_RAW,0,0,0,0,0,0,0,0,1000,1000,1000,1000,0,0,0,0,0
2025-12-15 01:16:50.532,SERVO_OUTPUT_RAW,2565709811,SERVO_OUTPUT_RAW,0,0,0,0,0,0,0,0,1000,1000,1000,1000,0,0,0,0,0
2025-12-15 01:16:50.633,SERVO_OUTPUT_RAW,2565809804,SERVO_OUTPUT_RAW,0,0,0,0,0,0,0,0,1000,1000,1000,1000,0,0,0,0,0
2025-12-15 01:16:50.733,SERVO_OUTPUT_RAW,2565909799,SERVO_OUTPUT_RAW,0,0,0,0,0,0,0,0,1000,1000,1000,1000,0,0,0,0,0
2025-12-15 01:16:50.832,SERVO_OUTPUT_RAW,2566009786,SERVO_OUTPUT_RAW,0,0,0,0,0,0,0,0,1000,1000,1000,1000,0,0,0,0,0
2025-12-15 01:16:50.933,SERVO_OUTPUT_RAW,2566109809,SERVO_OUTPUT_RAW,0,0,0,0,0,0,0,0,1000,1000,1000,1000,0,0,0,0,0
2025-12-15 01:16:51.033,SERVO_OUTPUT_RAW,2566209795,SERVO_OUTPUT_RAW,0,0,0,0,0,0,0,0,1000,1000,1000,1000,0,0,0,0,0
2025-12-15 01:16:51.132,SERVO_OUTPUT_RAW,2566309836,SERVO_OUTPUT_RAW,0,0,0,0,0,0,0,0,1000,1000,1000,1000,0,0,0,0,0
2025-12-15 01:16:51.232,SERVO_OUTPUT_RAW,2566409833,SERVO_OUTPUT_RAW,0,0,0,0,0,0,0,0,1000,1000,1000,1000,0,0,0,0,0
2025-12-15 01:16:51.333,SERVO_OUTPUT_RAW,2566509843,SERVO_OUTPUT_RAW,0,0,0,0,0,0,0,0,1000,1000,1000,1000,0,0,0,0,0
2025-12-15 01:16:51.433,SERVO_OUTPUT_RAW,2566609793,SERVO_OUTPUT_RAW,0,0,0,0,0,0,0,0,1000,1000,1000,1000,0,0,0,0,0
2025-12-15 01:16:51.532,SERVO_OUTPUT_RAW,2566709809,SERVO_OUTPUT_RAW,0,0,0,0,0,0,0,0,1000,1000,1000,1000,0,0,0,0,0
2025-12-15 01:16:51.632,SERVO_OUTPUT_RAW,2566809841,SERVO_OUTPUT_RAW,0,0,0,0,0,0,0,0,1000,1000,1000,1000,0,0,0,0,0
2025-12-15 01:16:51.733,SERVO_OUTPUT_RAW,2566909837,SERVO_OUTPUT_RAW,0,0,0,0,0,0,0,0,1000,1000,1000,1000,0,0,0,0,0
2025-12-15 01:16:51.832,SERVO_OUTPUT_RAW,2567009799,SERVO_OUTPUT_RAW,0,0,0,0,0,0,0,0,1000,1000,1000,1000,0,0,0,0,0
2025-12-15 01:16:51.932,SERVO_OUTPUT_RAW,2567109807,SERVO_OUTPUT_RAW,0,0,0,0,0,0,0,0,1000,1000,1000,1000,0,0,0,0,0
2025-12-15 01:16:52.032,SERVO_OUTPUT_RAW,2567209824,SERVO_OUTPUT_RAW,0,0,0,0,0,0,0,0,1000,1000,1000,1000,0,0,0,0,0
2025-12-15 01:16:52.133,SERVO_OUTPUT_RAW,2567309786,SERVO_OUTPUT_RAW,0,0,0,0,0,0,0,0,1000,1000,1000,1000,0,0,0,0,0
2025-12-15 01:16:52.232,SERVO_OUTPUT_RAW,2567409788,SERVO_OUTPUT_RAW,0,0,0,0,0,0,0,0,1000,1000,1000,1000,0,0,0,0,0
2025-12-15 01:16:52.332,SERVO_OUTPUT_RAW,2567509805,SERVO_OUTPUT_RAW,0,0,0,0,0,0,0,0,1000,1000,1000,1000,0,0,0,0,0
2025-12-15 01:16:52.432,SERVO_OUTPUT_RAW,2567609793,SERVO_OUTPUT_RAW,0,0,0,0,0,0,0,0,1000,1000,1000,1000,0,0,0,0,0
2025-12-15 01:16:52.533,SERVO_OUTPUT_RAW,2567709784,SERVO_OUTPUT_RAW,0,0,0,0,0,0,0,0,1000,1000,1000,1000,0,0,0,0,0
2025-12-15 01:16:52.633,SERVO_OUTPUT_RAW,2567809793,SERVO_OUTPUT_RAW,0,0,0,0,0,0,0,0,1000,1000,1000,1000,0,0,0,0,0
2025-12-15 01:16:52.733,SERVO_OUTPUT_RAW,2567909838,SERVO_OUTPUT_RAW,0,0,0,0,0,0,0,0,1000,1000,1000,1000,0,0,0,0,0
2025-12-15 01:16:52.833,SERVO_OUTPUT_RAW,2568009834,SERVO_OUTPUT_RAW,0,0,0,0,0,0,0,0,1000,1000,1000,1000,0,0,0,0,0
2025-12-15 01:16:52.933,SERVO_OUTPUT_RAW,2568109803,SERVO_OUTPUT_RAW,0,0,0,0,0,0,0,0,1000,1000,1000,1000,0,0,0,0,0
2025-12-15 01:16:53.033,SERVO_OUTPUT_RAW,2568212153,SERVO_OUTPUT_RAW,0,0,0,0,0,0,0,0,1000,1000,1000,1000,0,0,0,0,0
2025-12-15 01:16:53.133,SERVO_OUTPUT_RAW,2568309829,SERVO_OUTPUT_RAW,0,0,0,0,0,0,0,0,1000,1000,1000,1000,0,0,0,0,0
2025-12-15 01:16:53.233,SERVO_OUTPUT_RAW,2568409836,SERVO_OUTPUT_RAW,0,0,0,0,0,0,0,0,1000,1000,1000,1000,0,0,0,0,0
2025-12-15 01:16:53.333,SERVO_OUTPUT_RAW,2568509874,SERVO_OUTPUT_RAW,0,0,0,0,0,0,0,0,1000,1000,1000,1000,0,0,0,0,0
2025-12-15 01:16:53.433,SERVO_OUTPUT_RAW,2568609777,SERVO_OUTPUT_RAW,0,0,0,0,0,0,0,0,1000,1000,1000,1000,0,0,0,0,0
2025-12-15 01:16:53.533,SERVO_OUTPUT_RAW,2568709812,SERVO_OUTPUT_RAW,0,0,0,0,0,0,0,0,1000,1000,1000,1000,0,0,0,0,0
2025-12-15 01:16:53.633,SERVO_OUTPUT_RAW,2568809834,SERVO_OUTPUT_RAW,0,0,0,0,0,0,0,0,1000,1000,1000,1000,0,0,0,0,0
2025-12-15 01:16:53.733,SERVO_OUTPUT_RAW,2568909779,SERVO_OUTPUT_RAW,0,0,0,0,0,0,0,0,1000,1000,1000,1000,0,0,0,0,0
2025-12-15 01:16:53.832,SERVO_OUTPUT_RAW,2569009784,SERVO_OUTPUT_RAW,0,0,0,0,0,0,0,0,1000,1000,1000,1000,0,0,0,0,0
2025-12-15 01:16:53.932,SERVO_OUTPUT_RAW,2569109782,SERVO_OUTPUT_RAW,0,0,0,0,0,0,0,0,1000,1000,1000,1000,0,0,0,0,0
2025-12-15 01:16:54.032,SERVO_OUTPUT_RAW,2569209788,SERVO_OUTPUT_RAW,0,0,0,0,0,0,0,0,1000,1000,1000,1000,0,0,0,0,0
2025-12-15 01:16:54.132,SERVO_OUTPUT_RAW,2569309789,SERVO_OUTPUT_RAW,0,0,0,0,0,0,0,0,1000,1000,1000,1000,0,0,0,0,0
2025-12-15 01:16:54.232,SERVO_OUTPUT_RAW,2569409799,SERVO_OUTPUT_RAW,0,0,0,0,0,0,0,0,1000,1000,1000,1000,0,0,0,0,0
2025-12-15 01:16:54.332,SERVO_OUTPUT_RAW,2569509840,SERVO_OUTPUT_RAW,0,0,0,0,0,0,0,0,1000,1000,1000,1000,0,0,0,0,0
2025-12-15 01:16:54.432,SERVO_OUTPUT_RAW,2569609836,SERVO_OUTPUT_RAW,0,0,0,0,0,0,0,0,1000,1000,1000,1000,0,0,0,0,0
2025-12-15 01:16:54.532,SERVO_OUTPUT_RAW,2569709823,SERVO_OUTPUT_RAW,0,0,0,0,0,0,0,0,1000,1000,1000,1000,0,0,0,0,0
2025-12-15 01:16:54.632,SERVO_OUTPUT_RAW,2569809845,SERVO_OUTPUT_RAW,0,0,0,0,0,0,0,0,1000,1000,1000,1000,0,0,0,0,0
2025-12-15 01:16:54.732,SERVO_OUTPUT_RAW,2569909835,SERVO_OUTPUT_RAW,0,0,0,0,0,0,0,0,1000,1000,1000,1000,0,0,0,0,0
2025-12-15 01:16:54.832,SERVO_OUTPUT_RAW,2570009835,SERVO_OUTPUT_RAW,0,0,0,0,0,0,0,0,1000,1000,1000,1000,0,0,0,0,0
2025-12-15 01:16:54.937,SERVO_OUTPUT_RAW,2570109792,SERVO_OUTPUT_RAW,0,0,0,0,0,0,0,0,1000,1000,1000,1000,0,0,0,0,0
2025-12-15 01:16:55.032,SERVO_OUTPUT_RAW,2570209792,SERVO_OUTPUT_RAW,0,0,0,0,0,0,0,0,1000,1000,1000,1000,0,0,0,0,0
2025-12-15 01:16:55.132,SERVO_OUTPUT_RAW,2570309867,SERVO_OUTPUT_RAW,0,0,0,0,0,0,0,0,1000,1000,1000,1000,0,0,0,0,0
2025-12-15 01:16:55.232,SERVO_OUTPUT_RAW,2570409794,SERVO_OUTPUT_RAW,0,0,0,0,0,0,0,0,1000,1000,1000,1000,0,0,0,0,0
2025-12-15 01:16:55.332,SERVO_OUTPUT_RAW,2570509772,SERVO_OUTPUT_RAW,0,0,0,0,0,0,0,0,1000,1000,1000,1000,0,0,0,0,0
2025-12-15 01:16:55.432,SERVO_OUTPUT_RAW,2570609807,SERVO_OUTPUT_RAW,0,0,0,0,0,0,0,0,1000,1000,1000,1000,0,0,0,0,0
2025-12-15 01:16:55.532,SERVO_OUTPUT_RAW,2570709793,SERVO_OUTPUT_RAW,0,0,0,0,0,0,0,0,1000,1000,1000,1000,0,0,0,0,0
2025-12-15 01:16:55.632,SERVO_OUTPUT_RAW,2570809798,SERVO_OUTPUT_RAW,0,0,0,0,0,0,0,0,1000,1000,1000,1000,0,0,0,0,0
2025-12-15 01:16:55.732,SERVO_OUTPUT_RAW,2570909810,SERVO_OUTPUT_RAW,0,0,0,0,0,0,0,0,1000,1000,1000,1000,0,0,0,0,0
2025-12-15 01:16:55.832,SERVO_OUTPUT_RAW,2571009833,SERVO_OUTPUT_RAW,0,0,0,0,0,0,0,0,1000,1000,1000,1000,0,0,0,0,0
2025-12-15 01:16:55.932,SERVO_OUTPUT_RAW,2571109844,SERVO_OUTPUT_RAW,0,0,0,0,0,0,0,0,1000,1000,1000,1000,0,0,0,0,0
2025-12-15 01:16:56.032,SERVO_OUTPUT_RAW,2571209861,SERVO_OUTPUT_RAW,0,0,0,0,0,0,0,0,1000,1000,1000,1000,0,0,0,0,0
2025-12-15 01:16:56.132,SERVO_OUTPUT_RAW,2571309800,SERVO_OUTPUT_RAW,0,0,0,0,0,0,0,0,1000,1000,1000,1000,0,0,0,0,0
2025-12-15 01:16:56.232,SERVO_OUTPUT_RAW,2571409838,SERVO_OUTPUT_RAW,0,0,0,0,0,0,0,0,1000,1000,1000,1000,0,0,0,0,0
2025-12-15 01:16:56.332,SERVO_OUTPUT_RAW,2571509860,SERVO_OUTPUT_RAW,0,0,0,0,0,0,0,0,1000,1000,1000,1000,0,0,0,0,0
2025-12-15 01:16:56.432,SERVO_OUTPUT_RAW,2571609831,SERVO_OUTPUT_RAW,0,0,0,0,0,0,0,0,1000,1000,1000,1000,0,0,0,0,0
2025-12-15 01:16:56.532,SERVO_OUTPUT_RAW,2571709793,SERVO_OUTPUT_RAW,0,0,0,0,0,0,0,0,1000,1000,1000,1000,0,0,0,0,0
2025-12-15 01:16:56.632,SERVO_OUTPUT_RAW,2571809819,SERVO_OUTPUT_RAW,0,0,0,0,0,0,0,0,1000,1000,1000,1000,0,0,0,0,0
2025-12-15 01:16:56.732,SERVO_OUTPUT_RAW,2571909810,SERVO_OUTPUT_RAW,0,0,0,0,0,0,0,0,1000,1000,1000,1000,0,0,0,0,0
2025-12-15 01:16:56.832,SERVO_OUTPUT_RAW,2572009779,SERVO_OUTPUT_RAW,0,0,0,0,0,0,0,0,1000,1000,1000,1000,0,0,0,0,0
2025-12-15 01:16:56.932,SERVO_OUTPUT_RAW,2572109804,SERVO_OUTPUT_RAW,0,0,0,0,0,0,0,0,1000,1000,1000,1000,0,0,0,0,0
2025-12-15 01:16:57.032,SERVO_OUTPUT_RAW,2572209797,SERVO_OUTPUT_RAW,0,0,0,0,0,0,0,0,1000,1000,1000,1000,0,0,0,0,0
2025-12-15 01:16:57.132,SERVO_OUTPUT_RAW,2572309799,SERVO_OUTPUT_RAW,0,0,0,0,0,0,0,0,1000,1000,1000,1000,0,0,0,0,0
2025-12-15 01:16:57.232,SERVO_OUTPUT_RAW,2572412111,SERVO_OUTPUT_RAW,0,0,0,0,0,0,0,0,1000,1000,1000,1000,0,0,0,0,0
2025-12-15 01:16:57.332,SERVO_OUTPUT_RAW,2572509793,SERVO_OUTPUT_RAW,0,0,0,0,0,0,0,0,1000,1000,1000,1000,0,0,0,0,0
2025-12-15 01:16:57.434,SERVO_OUTPUT_RAW,2572609831,SERVO_OUTPUT_RAW,0,0,0,0,0,0,0,0,1000,1000,1000,1000,0,0,0,0,0
2025-12-15 01:16:57.532,SERVO_OUTPUT_RAW,2572709827,SERVO_OUTPUT_RAW,0,0,0,0,0,0,0,0,1000,1000,1000,1000,0,0,0,0,0
2025-12-15 01:16:57.631,SERVO_OUTPUT_RAW,2572809853,SERVO_OUTPUT_RAW,0,0,0,0,0,0,0,0,1000,1000,1000,1000,0,0,0,0,0
2025-12-15 01:16:57.732,SERVO_OUTPUT_RAW,2572909814,SERVO_OUTPUT_RAW,0,0,0,0,0,0,0,0,1000,1000,1000,1000,0,0,0,0,0
2025-12-15 01:16:57.833,SERVO_OUTPUT_RAW,2573009832,SERVO_OUTPUT_RAW,0,0,0,0,0,0,0,0,1000,1000,1000,1000,0,0,0,0,0
2025-12-15 01:16:57.933,SERVO_OUTPUT_RAW,2573109855,SERVO_OUTPUT_RAW,0,0,0,0,0,0,0,0,1000,1000,1000,1000,0,0,0,0,0
2025-12-15 01:16:58.033,SERVO_OUTPUT_RAW,2573209786,SERVO_OUTPUT_RAW,0,0,0,0,0,0,0,0,1000,1000,1000,1000,0,0,0,0,0
2025-12-15 01:16:58.132,SERVO_OUTPUT_RAW,2573309810,SERVO_OUTPUT_RAW,0,0,0,0,0,0,0,0,1000,1000,1000,1000,0,0,0,0,0
2025-12-15 01:16:58.232,SERVO_OUTPUT_RAW,2573409812,SERVO_OUTPUT_RAW,0,0,0,0,0,0,0,0,1000,1000,1000,1000,0,0,0,0,0
2025-12-15 01:16:58.332,SERVO_OUTPUT_RAW,2573509815,SERVO_OUTPUT_RAW,0,0,0,0,0,0,0,0,1000,1000,1000,1000,0,0,0,0,0
2025-12-15 01:16:58.432,SERVO_OUTPUT_RAW,2573609776,SERVO_OUTPUT_RAW,0,0,0,0,0,0,0,0,1000,1000,1000,1000,0,0,0,0,0
2025-12-15 01:16:58.532,SERVO_OUTPUT_RAW,2573709781,SERVO_OUTPUT_RAW,0,0,0,0,0,0,0,0,1000,1000,1000,1000,0,0,0,0,0
2025-12-15 01:16:58.632,SERVO_OUTPUT_RAW,2573809794,SERVO_OUTPUT_RAW,0,0,0,0,0,0,0,0,1000,1000,1000,1000,0,0,0,0,0
2025-12-15 01:16:58.732,SERVO_OUTPUT_RAW,2573909777,SERVO_OUTPUT_RAW,0,0,0,0,0,0,0,0,1000,1000,1000,1000,0,0,0,0,0
2025-12-15 01:16:58.833,SERVO_OUTPUT_RAW,2574012118,SERVO_OUTPUT_RAW,0,0,0,0,0,0,0,0,1000,1000,1000,1000,0,0,0,0,0
2025-12-15 01:16:58.932,SERVO_OUTPUT_RAW,2574109817,SERVO_OUTPUT_RAW,0,0,0,0,0,0,0,0,1000,1000,1000,1000,0,0,0,0,0
2025-12-15 01:16:59.033,SERVO_OUTPUT_RAW,2574209845,SERVO_OUTPUT_RAW,0,0,0,0,0,0,0,0,1000,1000,1000,1000,0,0,0,0,0
2025-12-15 01:16:59.132,SERVO_OUTPUT_RAW,2574309822,SERVO_OUTPUT_RAW,0,0,0,0,0,0,0,0,1000,1000,1000,1000,0,0,0,0,0
2025-12-15 01:16:59.232,SERVO_OUTPUT_RAW,2574409817,SERVO_OUTPUT_RAW,0,0,0,0,0,0,0,0,1000,1000,1000,1000,0,0,0,0,0
2025-12-15 01:16:59.332,SERVO_OUTPUT_RAW,2574512081,SERVO_OUTPUT_RAW,0,0,0,0,0,0,0,0,1000,1000,1000,1000,0,0,0,0,0
2025-12-15 01:16:59.433,SERVO_OUTPUT_RAW,2574609832,SERVO_OUTPUT_RAW,0,0,0,0,0,0,0,0,1000,1000,1000,1000,0,0,0,0,0
2025-12-15 01:16:59.533,SERVO_OUTPUT_RAW,2574709841,SERVO_OUTPUT_RAW,0,0,0,0,0,0,0,0,1000,1000,1000,1000,0,0,0,0,0
2025-12-15 01:16:59.632,SERVO_OUTPUT_RAW,2574809786,SERVO_OUTPUT_RAW,0,0,0,0,0,0,0,0,1000,1000,1000,1000,0,0,0,0,0
2025-12-15 01:16:59.732,SERVO_OUTPUT_RAW,2574909802,SERVO_OUTPUT_RAW,0,0,0,0,0,0,0,0,1000,1000,1000,1000,0,0,0,0,0
2025-12-15 01:16:59.832,SERVO_OUTPUT_RAW,2575009820,SERVO_OUTPUT_RAW,0,0,0,0,0,0,0,0,1000,1000,1000,1000,0,0,0,0,0
2025-12-15 01:16:59.932,SERVO_OUTPUT_RAW,2575109822,SERVO_OUTPUT_RAW,0,0,0,0,0,0,0,0,1000,1000,1000,1000,0,0,0,0,0
2025-12-15 01:17:00.032,SERVO_OUTPUT_RAW,2575209785,SERVO_OUTPUT_RAW,0,0,0,0,0,0,0,0,1000,1000,1000,1000,0,0,0,0,0
2025-12-15 01:17:00.132,SERVO_OUTPUT_RAW,2575309809,SERVO_OUTPUT_RAW,0,0,0,0,0,0,0,0,1000,1000,1000,1000,0,0,0,0,0
2025-12-15 01:17:00.232,SERVO_OUTPUT_RAW,2575409780,SERVO_OUTPUT_RAW,0,0,0,0,0,0,0,0,1000,1000,1000,1000,0,0,0,0,0
2025-12-15 01:17:00.332,SERVO_OUTPUT_RAW,2575509794,SERVO_OUTPUT_RAW,0,0,0,0,0,0,0,0,1000,1000,1000,1000,0,0,0,0,0
2025-12-15 01:17:00.433,SERVO_OUTPUT_RAW,2575609786,SERVO_OUTPUT_RAW,0,0,0,0,0,0,0,0,1000,1000,1000,1000,0,0,0,0,0
2025-12-15 01:17:00.533,SERVO_OUTPUT_RAW,2575709834,SERVO_OUTPUT_RAW,0,0,0,0,0,0,0,0,1000,1000,1000,1000,0,0,0,0,0
2025-12-15 01:17:00.633,SERVO_OUTPUT_RAW,2575809845,SERVO_OUTPUT_RAW,0,0,0,0,0,0,0,0,1000,1000,1000,1000,0,0,0,0,0
2025-12-15 01:17:00.733,SERVO_OUTPUT_RAW,2575909808,SERVO_OUTPUT_RAW,0,0,0,0,0,0,0,0,1000,1000,1000,1000,0,0,0,0,0
2025-12-15 01:17:00.833,SERVO_OUTPUT_RAW,2576009823,SERVO_OUTPUT_RAW,0,0,0,0,0,0,0,0,1000,1000,1000,1000,0,0,0,0,0
2025-12-15 01:17:00.933,SERVO_OUTPUT_RAW,2576109818,SERVO_OUTPUT_RAW,0,0,0,0,0,0,0,0,1000,1000,1000,1000,0,0,0,0,0
2025-12-15 01:17:01.033,SERVO_OUTPUT_RAW,2576209841,SERVO_OUTPUT_RAW,0,0,0,0,0,0,0,0,1000,1000,1000,1000,0,0,0,0,0
2025-12-15 01:17:01.133,SERVO_OUTPUT_RAW,2576309859,SERVO_OUTPUT_RAW,0,0,0,0,0,0,0,0,1000,1000,1000,1000,0,0,0,0,0
2025-12-15 01:17:01.233,SERVO_OUTPUT_RAW,2576409788,SERVO_OUTPUT_RAW,0,0,0,0,0,0,0,0,1000,1000,1000,1000,0,0,0,0,0
2025-12-15 01:17:01.333,SERVO_OUTPUT_RAW,2576509821,SERVO_OUTPUT_RAW,0,0,0,0,0,0,0,0,1000,1000,1000,1000,0,0,0,0,0
2025-12-15 01:17:01.433,SERVO_OUTPUT_RAW,2576609889,SERVO_OUTPUT_RAW,0,0,0,0,0,0,0,0,1000,1000,1000,1000,0,0,0,0,0
2025-12-15 01:17:01.533,SERVO_OUTPUT_RAW,2576709789,SERVO_OUTPUT_RAW,0,0,0,0,0,0,0,0,1000,1000,1000,1000,0,0,0,0,0
2025-12-15 01:17:01.633,SERVO_OUTPUT_RAW,2576809783,SERVO_OUTPUT_RAW,0,0,0,0,0,0,0,0,1000,1000,1000,1000,0,0,0,0,0
2025-12-15 01:17:01.733,SERVO_OUTPUT_RAW,2576909833,SERVO_OUTPUT_RAW,0,0,0,0,0,0,0,0,1000,1000,1000,1000,0,0,0,0,0
2025-12-15 01:17:01.833,SERVO_OUTPUT_RAW,2577009780,SERVO_OUTPUT_RAW,0,0,0,0,0,0,0,0,1000,1000,1000,1000,0,0,0,0,0
2025-12-15 01:17:01.933,SERVO_OUTPUT_RAW,2577109785,SERVO_OUTPUT_RAW,0,0,0,0,0,0,0,0,1000,1000,1000,1000,0,0,0,0,0
2025-12-15 01:17:02.033,SERVO_OUTPUT_RAW,2577209860,SERVO_OUTPUT_RAW,0,0,0,0,0,0,0,0,1000,1000,1000,1000,0,0,0,0,0
2025-12-15 01:17:02.133,SERVO_OUTPUT_RAW,2577309826,SERVO_OUTPUT_RAW,0,0,0,0,0,0,0,0,1000,1000,1000,1000,0,0,0,0,0
2025-12-15 01:17:02.233,SERVO_OUTPUT_RAW,2577409843,SERVO_OUTPUT_RAW,0,0,0,0,0,0,0,0,1000,1000,1000,1000,0,0,0,0,0
2025-12-15 01:17:02.333,SERVO_OUTPUT_RAW,2577509784,SERVO_OUTPUT_RAW,0,0,0,0,0,0,0,0,1000,1000,1000,1000,0,0,0,0,0
2025-12-15 01:17:02.435,SERVO_OUTPUT_RAW,2577609807,SERVO_OUTPUT_RAW,0,0,0,0,0,0,0,0,1000,1000,1000,1000,0,0,0,0,0
2025-12-15 01:17:02.533,SERVO_OUTPUT_RAW,2577709834,SERVO_OUTPUT_RAW,0,0,0,0,0,0,0,0,1000,1000,1000,1000,0,0,0,0,0
2025-12-15 01:17:02.633,SERVO_OUTPUT_RAW,2577809857,SERVO_OUTPUT_RAW,0,0,0,0,0,0,0,0,1000,1000,1000,1000,0,0,0,0,0
2025-12-15 01:17:02.733,SERVO_OUTPUT_RAW,2577909787,SERVO_OUTPUT_RAW,0,0,0,0,0,0,0,0,1000,1000,1000,1000,0,0,0,0,0
2025-12-15 01:17:02.833,SERVO_OUTPUT_RAW,2578009785,SERVO_OUTPUT_RAW,0,0,0,0,0,0,0,0,1000,1000,1000,1000,0,0,0,0,0
2025-12-15 01:17:02.933,SERVO_OUTPUT_RAW,2578109807,SERVO_OUTPUT_RAW,0,0,0,0,0,0,0,0,1000,1000,1000,1000,0,0,0,0,0
2025-12-15 01:17:03.033,SERVO_OUTPUT_RAW,2578209816,SERVO_OUTPUT_RAW,0,0,0,0,0,0,0,0,1000,1000,1000,1000,0,0,0,0,0
2025-12-15 01:17:03.133,SERVO_OUTPUT_RAW,2578309781,SERVO_OUTPUT_RAW,0,0,0,0,0,0,0,0,1000,1000,1000,1000,0,0,0,0,0
2025-12-15 01:17:03.233,SERVO_OUTPUT_RAW,2578409786,SERVO_OUTPUT_RAW,0,0,0,0,0,0,0,0,1000,1000,1000,1000,0,0,0,0,0
2025-12-15 01:17:03.333,SERVO_OUTPUT_RAW,2578509787,SERVO_OUTPUT_RAW,0,0,0,0,0,0,0,0,1000,1000,1000,1000,0,0,0,0,0
2025-12-15 01:17:03.432,SERVO_OUTPUT_RAW,2578609794,SERVO_OUTPUT_RAW,0,0,0,0,0,0,0,0,1000,1000,1000,1000,0,0,0,0,0
2025-12-15 01:17:03.533,SERVO_OUTPUT_RAW,2578709816,SERVO_OUTPUT_RAW,0,0,0,0,0,0,0,0,1000,1000,1000,1000,0,0,0,0,0
2025-12-15 01:17:03.632,SERVO_OUTPUT_RAW,2578809834,SERVO_OUTPUT_RAW,0,0,0,0,0,0,0,0,1000,1000,1000,1000,0,0,0,0,0
2025-12-15 01:17:03.732,SERVO_OUTPUT_RAW,2578909848,SERVO_OUTPUT_RAW,0,0,0,0,0,0,0,0,1000,1000,1000,1000,0,0,0,0,0
2025-12-15 01:17:03.832,SERVO_OUTPUT_RAW,2579009843,SERVO_OUTPUT_RAW,0,0,0,0,0,0,0,0,1000,1000,1000,1000,0,0,0,0,0
2025-12-15 01:17:03.932,SERVO_OUTPUT_RAW,2579109785,SERVO_OUTPUT_RAW,0,0,0,0,0,0,0,0,1000,1000,1000,1000,0,0,0,0,0
2025-12-15 01:17:04.033,SERVO_OUTPUT_RAW,2579209832,SERVO_OUTPUT_RAW,0,0,0,0,0,0,0,0,1000,1000,1000,1000,0,0,0,0,0
2025-12-15 01:17:04.133,SERVO_OUTPUT_RAW,2579309842,SERVO_OUTPUT_RAW,0,0,0,0,0,0,0,0,1000,1000,1000,1000,0,0,0,0,0
2025-12-15 01:17:04.232,SERVO_OUTPUT_RAW,2579409800,SERVO_OUTPUT_RAW,0,0,0,0,0,0,0,0,1000,1000,1000,1000,0,0,0,0,0
2025-12-15 01:17:04.332,SERVO_OUTPUT_RAW,2579509777,SERVO_OUTPUT_RAW,0,0,0,0,0,0,0,0,1000,1000,1000,1000,0,0,0,0,0
2025-12-15 01:17:04.432,SERVO_OUTPUT_RAW,2579609820,SERVO_OUTPUT_RAW,0,0,0,0,0,0,0,0,1000,1000,1000,1000,0,0,0,0,0
2025-12-15 01:17:04.533,SERVO_OUTPUT_RAW,2579709824,SERVO_OUTPUT_RAW,0,0,0,0,0,0,0,0,1000,1000,1000,1000,0,0,0,0,0
2025-12-15 01:17:04.632,SERVO_OUTPUT_RAW,2579809849,SERVO_OUTPUT_RAW,0,0,0,0,0,0,0,0,1000,1000,1000,1000,0,0,0,0,0
2025-12-15 01:17:04.732,SERVO_OUTPUT_RAW,2579909790,SERVO_OUTPUT_RAW,0,0,0,0,0,0,0,0,1000,1000,1000,1000,0,0,0,0,0
2025-12-15 01:17:04.832,SERVO_OUTPUT_RAW,2580009782,SERVO_OUTPUT_RAW,0,0,0,0,0,0,0,0,1000,1000,1000,1000,0,0,0,0,0
2025-12-15 01:17:04.933,SERVO_OUTPUT_RAW,2580109800,SERVO_OUTPUT_RAW,0,0,0,0,0,0,0,0,1000,1000,1000,1000,0,0,0,0,0
2025-12-15 01:17:05.033,SERVO_OUTPUT_RAW,2580209799,SERVO_OUTPUT_RAW,0,0,0,0,0,0,0,0,1000,1000,1000,1000,0,0,0,0,0
2025-12-15 01:17:05.133,SERVO_OUTPUT_RAW,2580309818,SERVO_OUTPUT_RAW,0,0,0,0,0,0,0,0,1000,1000,1000,1000,0,0,0,0,0
2025-12-15 01:17:05.233,SERVO_OUTPUT_RAW,2580409825,SERVO_OUTPUT_RAW,0,0,0,0,0,0,0,0,1000,1000,1000,1000,0,0,0,0,0
2025-12-15 01:17:05.333,SERVO_OUTPUT_RAW,2580509846,SERVO_OUTPUT_RAW,0,0,0,0,0,0,0,0,1000,1000,1000,1000,0,0,0,0,0
2025-12-15 01:17:05.432,SERVO_OUTPUT_RAW,2580609800,SERVO_OUTPUT_RAW,0,0,0,0,0,0,0,0,1000,1000,1000,1000,0,0,0,0,0
2025-12-15 01:17:05.532,SERVO_OUTPUT_RAW,2580709824,SERVO_OUTPUT_RAW,0,0,0,0,0,0,0,0,1000,1000,1000,1000,0,0,0,0,0
2025-12-15 01:17:05.633,SERVO_OUTPUT_RAW,2580812071,SERVO_OUTPUT_RAW,0,0,0,0,0,0,0,0,1000,1000,1000,1000,0,0,0,0,0
2025-12-15 01:17:05.733,SERVO_OUTPUT_RAW,2580909854,SERVO_OUTPUT_RAW,0,0,0,0,0,0,0,0,1000,1000,1000,1000,0,0,0,0,0
2025-12-15 01:17:05.833,SERVO_OUTPUT_RAW,2581009788,SERVO_OUTPUT_RAW,0,0,0,0,0,0,0,0,1000,1000,1000,1000,0,0,0,0,0
2025-12-15 01:17:05.933,SERVO_OUTPUT_RAW,2581109794,SERVO_OUTPUT_RAW,0,0,0,0,0,0,0,0,1000,1000,1000,1000,0,0,0,0,0
2025-12-15 01:17:06.033,SERVO_OUTPUT_RAW,2581209861,SERVO_OUTPUT_RAW,0,0,0,0,0,0,0,0,1000,1000,1000,1000,0,0,0,0,0
2025-12-15 01:17:06.133,SERVO_OUTPUT_RAW,2581309813,SERVO_OUTPUT_RAW,0,0,0,0,0,0,0,0,1000,1000,1000,1000,0,0,0,0,0
2025-12-15 01:17:06.233,SERVO_OUTPUT_RAW,2581409787,SERVO_OUTPUT_RAW,0,0,0,0,0,0,0,0,1000,1000,1000,1000,0,0,0,0,0
2025-12-15 01:17:06.333,SERVO_OUTPUT_RAW,2581509789,SERVO_OUTPUT_RAW,0,0,0,0,0,0,0,0,1000,1000,1000,1000,0,0,0,0,0
2025-12-15 01:17:06.433,SERVO_OUTPUT_RAW,2581609780,SERVO_OUTPUT_RAW,0,0,0,0,0,0,0,0,1000,1000,1000,1000,0,0,0,0,0
2025-12-15 01:17:06.533,SERVO_OUTPUT_RAW,2581709787,SERVO_OUTPUT_RAW,0,0,0,0,0,0,0,0,1000,1000,1000,1000,0,0,0,0,0
2025-12-15 01:17:06.633,SERVO_OUTPUT_RAW,2581809792,SERVO_OUTPUT_RAW,0,0,0,0,0,0,0,0,1000,1000,1000,1000,0,0,0,0,0
2025-12-15 01:17:06.733,SERVO_OUTPUT_RAW,2581909804,SERVO_OUTPUT_RAW,0,0,0,0,0,0,0,0,1000,1000,1000,1000,0,0,0,0,0
2025-12-15 01:17:06.833,SERVO_OUTPUT_RAW,2582009861,SERVO_OUTPUT_RAW,0,0,0,0,0,0,0,0,1000,1000,1000,1000,0,0,0,0,0
2025-12-15 01:17:06.933,SERVO_OUTPUT_RAW,2582109860,SERVO_OUTPUT_RAW,0,0,0,0,0,0,0,0,1000,1000,1000,1000,0,0,0,0,0
2025-12-15 01:17:07.033,SERVO_OUTPUT_RAW,2582209824,SERVO_OUTPUT_RAW,0,0,0,0,0,0,0,0,1000,1000,1000,1000,0,0,0,0,0
2025-12-15 01:17:07.133,SERVO_OUTPUT_RAW,2582309849,SERVO_OUTPUT_RAW,0,0,0,0,0,0,0,0,1000,1000,1000,1000,0,0,0,0,0
2025-12-15 01:17:07.233,SERVO_OUTPUT_RAW,2582409842,SERVO_OUTPUT_RAW,0,0,0,0,0,0,0,0,1000,1000,1000,1000,0,0,0,0,0
2025-12-15 01:17:07.333,SERVO_OUTPUT_RAW,2582509845,SERVO_OUTPUT_RAW,0,0,0,0,0,0,0,0,1000,1000,1000,1000,0,0,0,0,0
2025-12-15 01:17:07.433,SERVO_OUTPUT_RAW,2582609787,SERVO_OUTPUT_RAW,0,0,0,0,0,0,0,0,1000,1000,1000,1000,0,0,0,0,0
2025-12-15 01:17:07.533,SERVO_OUTPUT_RAW,2582709820,SERVO_OUTPUT_RAW,0,0,0,0,0,0,0,0,1000,1000,1000,1000,0,0,0,0,0
2025-12-15 01:17:07.633,SERVO_OUTPUT_RAW,2582809815,SERVO_OUTPUT_RAW,0,0,0,0,0,0,0,0,1000,1000,1000,1000,0,0,0,0,0
2025-12-15 01:17:07.733,SERVO_OUTPUT_RAW,2582909872,SERVO_OUTPUT_RAW,0,0,0,0,0,0,0,0,1000,1000,1000,1000,0,0,0,0,0
2025-12-15 01:17:07.833,SERVO_OUTPUT_RAW,2583009792,SERVO_OUTPUT_RAW,0,0,0,0,0,0,0,0,1000,1000,1000,1000,0,0,0,0,0
2025-12-15 01:17:07.933,SERVO_OUTPUT_RAW,2583109796,SERVO_OUTPUT_RAW,0,0,0,0,0,0,0,0,1000,1000,1000,1000,0,0,0,0,0
2025-12-15 01:17:08.033,SERVO_OUTPUT_RAW,2583209823,SERVO_OUTPUT_RAW,0,0,0,0,0,0,0,0,1000,1000,1000,1000,0,0,0,0,0
2025-12-15 01:17:08.133,SERVO_OUTPUT_RAW,2583309792,SERVO_OUTPUT_RAW,0,0,0,0,0,0,0,0,1000,1000,1000,1000,0,0,0,0,0
2025-12-15 01:17:08.233,SERVO_OUTPUT_RAW,2583409820,SERVO_OUTPUT_RAW,0,0,0,0,0,0,0,0,1000,1000,1000,1000,0,0,0,0,0
2025-12-15 01:17:08.333,SERVO_OUTPUT_RAW,2583509822,SERVO_OUTPUT_RAW,0,0,0,0,0,0,0,0,1000,1000,1000,1000,0,0,0,0,0
2025-12-15 01:17:08.433,SERVO_OUTPUT_RAW,2583609835,SERVO_OUTPUT_RAW,0,0,0,0,0,0,0,0,1000,1000,1000,1000,0,0,0,0,0
2025-12-15 01:17:08.533,SERVO_OUTPUT_RAW,2583709868,SERVO_OUTPUT_RAW,0,0,0,0,0,0,0,0,1000,1000,1000,1000,0,0,0,0,0
2025-12-15 01:17:08.633,SERVO_OUTPUT_RAW,2583809803,SERVO_OUTPUT_RAW,0,0,0,0,0,0,0,0,1000,1000,1000,1000,0,0,0,0,0
2025-12-15 01:17:08.733,SERVO_OUTPUT_RAW,2583909822,SERVO_OUTPUT_RAW,0,0,0,0,0,0,0,0,1000,1000,1000,1000,0,0,0,0,0
2025-12-15 01:17:08.833,SERVO_OUTPUT_RAW,2584009848,SERVO_OUTPUT_RAW,0,0,0,0,0,0,0,0,1000,1000,1000,1000,0,0,0,0,0
2025-12-15 01:17:08.933,SERVO_OUTPUT_RAW,2584109886,SERVO_OUTPUT_RAW,0,0,0,0,0,0,0,0,1000,1000,1000,1000,0,0,0,0,0
2025-12-15 01:17:09.033,SERVO_OUTPUT_RAW,2584209806,SERVO_OUTPUT_RAW,0,0,0,0,0,0,0,0,1000,1000,1000,1000,0,0,0,0,0
2025-12-15 01:17:09.133,SERVO_OUTPUT_RAW,2584309812,SERVO_OUTPUT_RAW,0,0,0,0,0,0,0,0,1000,1000,1000,1000,0,0,0,0,0
2025-12-15 01:17:09.233,SERVO_OUTPUT_RAW,2584409821,SERVO_OUTPUT_RAW,0,0,0,0,0,0,0,0,1000,1000,1000,1000,0,0,0,0,0
2025-12-15 01:17:09.333,SERVO_OUTPUT_RAW,2584509793,SERVO_OUTPUT_RAW,0,0,0,0,0,0,0,0,1000,1000,1000,1000,0,0,0,0,0
2025-12-15 01:17:09.433,SERVO_OUTPUT_RAW,2584609783,SERVO_OUTPUT_RAW,0,0,0,0,0,0,0,0,1000,1000,1000,1000,0,0,0,0,0
2025-12-15 01:17:09.533,SERVO_OUTPUT_RAW,2584709798,SERVO_OUTPUT_RAW,0,0,0,0,0,0,0,0,1000,1000,1000,1000,0,0,0,0,0
2025-12-15 01:17:09.633,SERVO_OUTPUT_RAW,2584809791,SERVO_OUTPUT_RAW,0,0,0,0,0,0,0,0,1000,1000,1000,1000,0,0,0,0,0
2025-12-15 01:17:09.733,SERVO_OUTPUT_RAW,2584909787,SERVO_OUTPUT_RAW,0,0,0,0,0,0,0,0,1000,1000,1000,1000,0,0,0,0,0
2025-12-15 01:17:09.833,SERVO_OUTPUT_RAW,2585009813,SERVO_OUTPUT_RAW,0,0,0,0,0,0,0,0,1000,1000,1000,1000,0,0,0,0,0
2025-12-15 01:17:09.935,SERVO_OUTPUT_RAW,2585109827,SERVO_OUTPUT_RAW,0,0,0,0,0,0,0,0,1000,1000,1000,1000,0,0,0,0,0
2025-12-15 01:17:10.033,SERVO_OUTPUT_RAW,2585209841,SERVO_OUTPUT_RAW,0,0,0,0,0,0,0,0,1000,1000,1000,1000,0,0,0,0,0
2025-12-15 01:17:10.133,SERVO_OUTPUT_RAW,2585309801,SERVO_OUTPUT_RAW,0,0,0,0,0,0,0,0,1000,1000,1000,1000,0,0,0,0,0
2025-12-15 01:17:10.233,SERVO_OUTPUT_RAW,2585409795,SERVO_OUTPUT_RAW,0,0,0,0,0,0,0,0,1000,1000,1000,1000,0,0,0,0,0
2025-12-15 01:17:10.333,SERVO_OUTPUT_RAW,2585509839,SERVO_OUTPUT_RAW,0,0,0,0,0,0,0,0,1000,1000,1000,1000,0,0,0,0,0
2025-12-15 01:17:10.433,SERVO_OUTPUT_RAW,2585609893,SERVO_OUTPUT_RAW,0,0,0,0,0,0,0,0,1000,1000,1000,1000,0,0,0,0,0
2025-12-15 01:17:10.533,SERVO_OUTPUT_RAW,2585709780,SERVO_OUTPUT_RAW,0,0,0,0,0,0,0,0,1000,1000,1000,1000,0,0,0,0,0
2025-12-15 01:17:10.633,SERVO_OUTPUT_RAW,2585809812,SERVO_OUTPUT_RAW,0,0,0,0,0,0,0,0,1000,1000,1000,1000,0,0,0,0,0
2025-12-15 01:17:10.733,SERVO_OUTPUT_RAW,2585909841,SERVO_OUTPUT_RAW,0,0,0,0,0,0,0,0,1000,1000,1000,1000,0,0,0,0,0
2025-12-15 01:17:10.833,SERVO_OUTPUT_RAW,2586009812,SERVO_OUTPUT_RAW,0,0,0,0,0,0,0,0,1000,1000,1000,1000,0,0,0,0,0
2025-12-15 01:17:10.933,SERVO_OUTPUT_RAW,2586109781,SERVO_OUTPUT_RAW,0,0,0,0,0,0,0,0,1000,1000,1000,1000,0,0,0,0,0
2025-12-15 01:17:11.033,SERVO_OUTPUT_RAW,2586209805,SERVO_OUTPUT_RAW,0,0,0,0,0,0,0,0,1000,1000,1000,1000,0,0,0,0,0
2025-12-15 01:17:11.133,SERVO_OUTPUT_RAW,2586309784,SERVO_OUTPUT_RAW,0,0,0,0,0,0,0,0,1000,1000,1000,1000,0,0,0,0,0
2025-12-15 01:17:11.233,SERVO_OUTPUT_RAW,2586409776,SERVO_OUTPUT_RAW,0,0,0,0,0,0,0,0,1000,1000,1000,1000,0,0,0,0,0
2025-12-15 01:17:11.333,SERVO_OUTPUT_RAW,2586509788,SERVO_OUTPUT_RAW,0,0,0,0,0,0,0,0,1000,1000,1000,1000,0,0,0,0,0
2025-12-15 01:17:11.433,SERVO_OUTPUT_RAW,2586609849,SERVO_OUTPUT_RAW,0,0,0,0,0,0,0,0,1000,1000,1000,1000,0,0,0,0,0
2025-12-15 01:17:11.533,SERVO_OUTPUT_RAW,2586712152,SERVO_OUTPUT_RAW,0,0,0,0,0,0,0,0,1000,1000,1000,1000,0,0,0,0,0
2025-12-15 01:17:11.633,SERVO_OUTPUT_RAW,2586809903,SERVO_OUTPUT_RAW,0,0,0,0,0,0,0,0,1000,1000,1000,1000,0,0,0,0,0
2025-12-15 01:17:11.733,SERVO_OUTPUT_RAW,2586909800,SERVO_OUTPUT_RAW,0,0,0,0,0,0,0,0,1000,1000,1000,1000,0,0,0,0,0
2025-12-15 01:17:11.833,SERVO_OUTPUT_RAW,2587009816,SERVO_OUTPUT_RAW,0,0,0,0,0,0,0,0,1000,1000,1000,1000,0,0,0,0,0
2025-12-15 01:17:11.933,SERVO_OUTPUT_RAW,2587112082,SERVO_OUTPUT_RAW,0,0,0,0,0,0,0,0,1000,1000,1000,1000,0,0,0,0,0
2025-12-15 01:17:12.033,SERVO_OUTPUT_RAW,2587209854,SERVO_OUTPUT_RAW,0,0,0,0,0,0,0,0,1000,1000,1000,1000,0,0,0,0,0
2025-12-15 01:17:12.134,SERVO_OUTPUT_RAW,2587309786,SERVO_OUTPUT_RAW,0,0,0,0,0,0,0,0,1000,1000,1000,1000,0,0,0,0,0
2025-12-15 01:17:12.233,SERVO_OUTPUT_RAW,2587409799,SERVO_OUTPUT_RAW,0,0,0,0,0,0,0,0,1000,1000,1000,1000,0,0,0,0,0
2025-12-15 01:17:12.333,SERVO_OUTPUT_RAW,2587509825,SERVO_OUTPUT_RAW,0,0,0,0,0,0,0,0,1000,1000,1000,1000,0,0,0,0,0
2025-12-15 01:17:12.452,SERVO_OUTPUT_RAW,2587609783,SERVO_OUTPUT_RAW,0,0,0,0,0,0,0,0,1000,1000,1000,1000,0,0,0,0,0
2025-12-15 01:17:12.535,SERVO_OUTPUT_RAW,2587709797,SERVO_OUTPUT_RAW,0,0,0,0,0,0,0,0,1000,1000,1000,1000,0,0,0,0,0
2025-12-15 01:17:12.633,SERVO_OUTPUT_RAW,2587809777,SERVO_OUTPUT_RAW,0,0,0,0,0,0,0,0,1000,1000,1000,1000,0,0,0,0,0
2025-12-15 01:17:12.734,SERVO_OUTPUT_RAW,2587909788,SERVO_OUTPUT_RAW,0,0,0,0,0,0,0,0,1000,1000,1000,1000,0,0,0,0,0
2025-12-15 01:17:12.833,SERVO_OUTPUT_RAW,2588009788,SERVO_OUTPUT_RAW,0,0,0,0,0,0,0,0,1000,1000,1000,1000,0,0,0,0,0
2025-12-15 01:17:12.933,SERVO_OUTPUT_RAW,2588109805,SERVO_OUTPUT_RAW,0,0,0,0,0,0,0,0,1000,1000,1000,1000,0,0,0,0,0
2025-12-15 01:17:13.033,SERVO_OUTPUT_RAW,2588209836,SERVO_OUTPUT_RAW,0,0,0,0,0,0,0,0,1000,1000,1000,1000,0,0,0,0,0
2025-12-15 01:17:13.133,SERVO_OUTPUT_RAW,2588309827,SERVO_OUTPUT_RAW,0,0,0,0,0,0,0,0,1000,1000,1000,1000,0,0,0,0,0
2025-12-15 01:17:13.233,SERVO_OUTPUT_RAW,2588409801,SERVO_OUTPUT_RAW,0,0,0,0,0,0,0,0,1000,1000,1000,1000,0,0,0,0,0
2025-12-15 01:17:13.333,SERVO_OUTPUT_RAW,2588509871,SERVO_OUTPUT_RAW,0,0,0,0,0,0,0,0,1000,1000,1000,1000,0,0,0,0,0
2025-12-15 01:17:13.433,SERVO_OUTPUT_RAW,2588609829,SERVO_OUTPUT_RAW,0,0,0,0,0,0,0,0,1000,1000,1000,1000,0,0,0,0,0
2025-12-15 01:17:13.534,SERVO_OUTPUT_RAW,2588709855,SERVO_OUTPUT_RAW,0,0,0,0,0,0,0,0,1000,1000,1000,1000,0,0,0,0,0
2025-12-15 01:17:13.634,SERVO_OUTPUT_RAW,2588809811,SERVO_OUTPUT_RAW,0,0,0,0,0,0,0,0,1000,1000,1000,1000,0,0,0,0,0
2025-12-15 01:17:13.733,SERVO_OUTPUT_RAW,2588909791,SERVO_OUTPUT_RAW,0,0,0,0,0,0,0,0,1000,1000,1000,1000,0,0,0,0,0
2025-12-15 01:17:13.833,SERVO_OUTPUT_RAW,2589009828,SERVO_OUTPUT_RAW,0,0,0,0,0,0,0,0,1000,1000,1000,1000,0,0,0,0,0
2025-12-15 01:17:13.934,SERVO_OUTPUT_RAW,2589109824,SERVO_OUTPUT_RAW,0,0,0,0,0,0,0,0,1000,1000,1000,1000,0,0,0,0,0
2025-12-15 01:17:14.034,SERVO_OUTPUT_RAW,2589209875,SERVO_OUTPUT_RAW,0,0,0,0,0,0,0,0,1000,1000,1000,1000,0,0,0,0,0
2025-12-15 01:17:14.133,SERVO_OUTPUT_RAW,2589309781,SERVO_OUTPUT_RAW,0,0,0,0,0,0,0,0,1000,1000,1000,1000,0,0,0,0,0
2025-12-15 01:17:14.233,SERVO_OUTPUT_RAW,2589409775,SERVO_OUTPUT_RAW,0,0,0,0,0,0,0,0,1000,1000,1000,1000,0,0,0,0,0
2025-12-15 01:17:14.333,SERVO_OUTPUT_RAW,2589509803,SERVO_OUTPUT_RAW,0,0,0,0,0,0,0,0,1000,1000,1000,1000,0,0,0,0,0
2025-12-15 01:17:14.433,SERVO_OUTPUT_RAW,2589609786,SERVO_OUTPUT_RAW,0,0,0,0,0,0,0,0,1000,1000,1000,1000,0,0,0,0,0
2025-12-15 01:17:14.533,SERVO_OUTPUT_RAW,2589709797,SERVO_OUTPUT_RAW,0,0,0,0,0,0,0,0,1000,1000,1000,1000,0,0,0,0,0
2025-12-15 01:17:14.633,SERVO_OUTPUT_RAW,2589809835,SERVO_OUTPUT_RAW,0,0,0,0,0,0,0,0,1000,1000,1000,1000,0,0,0,0,0
2025-12-15 01:17:14.733,SERVO_OUTPUT_RAW,2589909856,SERVO_OUTPUT_RAW,0,0,0,0,0,0,0,0,1000,1000,1000,1000,0,0,0,0,0
2025-12-15 01:17:14.833,SERVO_OUTPUT_RAW,2590009809,SERVO_OUTPUT_RAW,0,0,0,0,0,0,0,0,1000,1000,1000,1000,0,0,0,0,0
2025-12-15 01:17:14.933,SERVO_OUTPUT_RAW,2590109809,SERVO_OUTPUT_RAW,0,0,0,0,0,0,0,0,1000,1000,1000,1000,0,0,0,0,0
2025-12-15 01:17:15.033,SERVO_OUTPUT_RAW,2590209846,SERVO_OUTPUT_RAW,0,0,0,0,0,0,0,0,1000,1000,1000,1000,0,0,0,0,0
2025-12-15 01:17:15.133,SERVO_OUTPUT_RAW,2590309780,SERVO_OUTPUT_RAW,0,0,0,0,0,0,0,0,1000,1000,1000,1000,0,0,0,0,0
2025-12-15 01:17:15.233,SERVO_OUTPUT_RAW,2590409797,SERVO_OUTPUT_RAW,0,0,0,0,0,0,0,0,1000,1000,1000,1000,0,0,0,0,0
2025-12-15 01:17:15.333,SERVO_OUTPUT_RAW,2590509798,SERVO_OUTPUT_RAW,0,0,0,0,0,0,0,0,1000,1000,1000,1000,0,0,0,0,0
2025-12-15 01:17:15.433,SERVO_OUTPUT_RAW,2590609827,SERVO_OUTPUT_RAW,0,0,0,0,0,0,0,0,1000,1000,1000,1000,0,0,0,0,0
2025-12-15 01:17:15.533,SERVO_OUTPUT_RAW,2590709815,SERVO_OUTPUT_RAW,0,0,0,0,0,0,0,0,1000,1000,1000,1000,0,0,0,0,0
2025-12-15 01:17:15.633,SERVO_OUTPUT_RAW,2590809779,SERVO_OUTPUT_RAW,0,0,0,0,0,0,0,0,1000,1000,1000,1000,0,0,0,0,0
2025-12-15 01:17:15.733,SERVO_OUTPUT_RAW,2590909788,SERVO_OUTPUT_RAW,0,0,0,0,0,0,0,0,1000,1000,1000,1000,0,0,0,0,0
2025-12-15 01:17:15.833,SERVO_OUTPUT_RAW,2591009789,SERVO_OUTPUT_RAW,0,0,0,0,0,0,0,0,1000,1000,1000,1000,0,0,0,0,0
2025-12-15 01:17:15.933,SERVO_OUTPUT_RAW,2591109788,SERVO_OUTPUT_RAW,0,0,0,0,0,0,0,0,1000,1000,1000,1000,0,0,0,0,0
2025-12-15 01:17:16.033,SERVO_OUTPUT_RAW,2591209792,SERVO_OUTPUT_RAW,0,0,0,0,0,0,0,0,1000,1000,1000,1000,0,0,0,0,0
2025-12-15 01:17:16.133,SERVO_OUTPUT_RAW,2591309840,SERVO_OUTPUT_RAW,0,0,0,0,0,0,0,0,1000,1000,1000,1000,0,0,0,0,0
2025-12-15 01:17:16.233,SERVO_OUTPUT_RAW,2591409855,SERVO_OUTPUT_RAW,0,0,0,0,0,0,0,0,1000,1000,1000,1000,0,0,0,0,0
2025-12-15 01:17:16.333,SERVO_OUTPUT_RAW,2591509785,SERVO_OUTPUT_RAW,0,0,0,0,0,0,0,0,1000,1000,1000,1000,0,0,0,0,0
2025-12-15 01:17:16.433,SERVO_OUTPUT_RAW,2591609790,SERVO_OUTPUT_RAW,0,0,0,0,0,0,0,0,1000,1000,1000,1000,0,0,0,0,0
2025-12-15 01:17:16.533,SERVO_OUTPUT_RAW,2591709813,SERVO_OUTPUT_RAW,0,0,0,0,0,0,0,0,1000,1000,1000,1000,0,0,0,0,0
2025-12-15 01:17:16.633,SERVO_OUTPUT_RAW,2591809850,SERVO_OUTPUT_RAW,0,0,0,0,0,0,0,0,1000,1000,1000,1000,0,0,0,0,0
2025-12-15 01:17:16.733,SERVO_OUTPUT_RAW,2591909822,SERVO_OUTPUT_RAW,0,0,0,0,0,0,0,0,1000,1000,1000,1000,0,0,0,0,0
2025-12-15 01:17:16.833,SERVO_OUTPUT_RAW,2592009795,SERVO_OUTPUT_RAW,0,0,0,0,0,0,0,0,1000,1000,1000,1000,0,0,0,0,0
2025-12-15 01:17:16.933,SERVO_OUTPUT_RAW,2592109818,SERVO_OUTPUT_RAW,0,0,0,0,0,0,0,0,1000,1000,1000,1000,0,0,0,0,0
2025-12-15 01:17:17.033,SERVO_OUTPUT_RAW,2592209829,SERVO_OUTPUT_RAW,0,0,0,0,0,0,0,0,1000,1000,1000,1000,0,0,0,0,0
2025-12-15 01:17:17.133,SERVO_OUTPUT_RAW,2592309794,SERVO_OUTPUT_RAW,0,0,0,0,0,0,0,0,1000,1000,1000,1000,0,0,0,0,0
2025-12-15 01:17:17.233,SERVO_OUTPUT_RAW,2592409793,SERVO_OUTPUT_RAW,0,0,0,0,0,0,0,0,1000,1000,1000,1000,0,0,0,0,0
2025-12-15 01:17:17.333,SERVO_OUTPUT_RAW,2592509788,SERVO_OUTPUT_RAW,0,0,0,0,0,0,0,0,1000,1000,1000,1000,0,0,0,0,0
2025-12-15 01:17:17.433,SERVO_OUTPUT_RAW,2592609807,SERVO_OUTPUT_RAW,0,0,0,0,0,0,0,0,1000,1000,1000,1000,0,0,0,0,0
2025-12-15 01:17:17.533,SERVO_OUTPUT_RAW,2592709788,SERVO_OUTPUT_RAW,0,0,0,0,0,0,0,0,1000,1000,1000,1000,0,0,0,0,0
2025-12-15 01:17:17.633,SERVO_OUTPUT_RAW,2592809784,SERVO_OUTPUT_RAW,0,0,0,0,0,0,0,0,1000,1000,1000,1000,0,0,0,0,0
2025-12-15 01:17:17.733,SERVO_OUTPUT_RAW,2592909823,SERVO_OUTPUT_RAW,0,0,0,0,0,0,0,0,1000,1000,1000,1000,0,0,0,0,0
2025-12-15 01:17:17.833,SERVO_OUTPUT_RAW,2593009827,SERVO_OUTPUT_RAW,0,0,0,0,0,0,0,0,1000,1000,1000,1000,0,0,0,0,0
2025-12-15 01:17:17.933,SERVO_OUTPUT_RAW,2593112139,SERVO_OUTPUT_RAW,0,0,0,0,0,0,0,0,1000,1000,1000,1000,0,0,0,0,0
2025-12-15 01:17:18.033,SERVO_OUTPUT_RAW,2593209793,SERVO_OUTPUT_RAW,0,0,0,0,0,0,0,0,1000,1000,1000,1000,0,0,0,0,0
2025-12-15 01:17:18.133,SERVO_OUTPUT_RAW,2593309824,SERVO_OUTPUT_RAW,0,0,0,0,0,0,0,0,1000,1000,1000,1000,0,0,0,0,0
2025-12-15 01:17:18.233,SERVO_OUTPUT_RAW,2593409901,SERVO_OUTPUT_RAW,0,0,0,0,0,0,0,0,1000,1000,1000,1000,0,0,0,0,0
2025-12-15 01:17:18.333,SERVO_OUTPUT_RAW,2593509820,SERVO_OUTPUT_RAW,0,0,0,0,0,0,0,0,1000,1000,1000,1000,0,0,0,0,0
2025-12-15 01:17:18.433,SERVO_OUTPUT_RAW,2593609804,SERVO_OUTPUT_RAW,0,0,0,0,0,0,0,0,1000,1000,1000,1000,0,0,0,0,0
2025-12-15 01:17:18.533,SERVO_OUTPUT_RAW,2593709844,SERVO_OUTPUT_RAW,0,0,0,0,0,0,0,0,1000,1000,1000,1000,0,0,0,0,0
2025-12-15 01:17:18.633,SERVO_OUTPUT_RAW,2593809830,SERVO_OUTPUT_RAW,0,0,0,0,0,0,0,0,1000,1000,1000,1000,0,0,0,0,0
2025-12-15 01:17:18.734,SERVO_OUTPUT_RAW,2593909789,SERVO_OUTPUT_RAW,0,0,0,0,0,0,0,0,1000,1000,1000,1000,0,0,0,0,0
2025-12-15 01:17:18.833,SERVO_OUTPUT_RAW,2594009802,SERVO_OUTPUT_RAW,0,0,0,0,0,0,0,0,1000,1000,1000,1000,0,0,0,0,0
2025-12-15 01:17:18.933,SERVO_OUTPUT_RAW,2594109791,SERVO_OUTPUT_RAW,0,0,0,0,0,0,0,0,1000,1000,1000,1000,0,0,0,0,0
2025-12-15 01:17:19.033,SERVO_OUTPUT_RAW,2594209787,SERVO_OUTPUT_RAW,0,0,0,0,0,0,0,0,1000,1000,1000,1000,0,0,0,0,0
2025-12-15 01:17:19.133,SERVO_OUTPUT_RAW,2594309802,SERVO_OUTPUT_RAW,0,0,0,0,0,0,0,0,1000,1000,1000,1000,0,0,0,0,0
2025-12-15 01:17:19.233,SERVO_OUTPUT_RAW,2594409818,SERVO_OUTPUT_RAW,0,0,0,0,0,0,0,0,1000,1000,1000,1000,0,0,0,0,0
2025-12-15 01:17:19.334,SERVO_OUTPUT_RAW,2594509838,SERVO_OUTPUT_RAW,0,0,0,0,0,0,0,0,1000,1000,1000,1000,0,0,0,0,0
2025-12-15 01:17:19.433,SERVO_OUTPUT_RAW,2594609857,SERVO_OUTPUT_RAW,0,0,0,0,0,0,0,0,1000,1000,1000,1000,0,0,0,0,0
2025-12-15 01:17:19.533,SERVO_OUTPUT_RAW,2594709807,SERVO_OUTPUT_RAW,0,0,0,0,0,0,0,0,1000,1000,1000,1000,0,0,0,0,0
2025-12-15 01:17:19.634,SERVO_OUTPUT_RAW,2594809807,SERVO_OUTPUT_RAW,0,0,0,0,0,0,0,0,1000,1000,1000,1000,0,0,0,0,0
2025-12-15 01:17:19.733,SERVO_OUTPUT_RAW,2594909842,SERVO_OUTPUT_RAW,0,0,0,0,0,0,0,0,1000,1000,1000,1000,0,0,0,0,0
2025-12-15 01:17:19.833,SERVO_OUTPUT_RAW,2595009844,SERVO_OUTPUT_RAW,0,0,0,0,0,0,0,0,1000,1000,1000,1000,0,0,0,0,0
2025-12-15 01:17:19.934,SERVO_OUTPUT_RAW,2595109789,SERVO_OUTPUT_RAW,0,0,0,0,0,0,0,0,1000,1000,1000,1000,0,0,0,0,0
2025-12-15 01:17:20.033,SERVO_OUTPUT_RAW,2595209800,SERVO_OUTPUT_RAW,0,0,0,0,0,0,0,0,1000,1000,1000,1000,0,0,0,0,0
2025-12-15 01:17:20.133,SERVO_OUTPUT_RAW,2595309826,SERVO_OUTPUT_RAW,0,0,0,0,0,0,0,0,1000,1000,1000,1000,0,0,0,0,0
2025-12-15 01:17:20.233,SERVO_OUTPUT_RAW,2595409783,SERVO_OUTPUT_RAW,0,0,0,0,0,0,0,0,1000,1000,1000,1000,0,0,0,0,0
2025-12-15 01:17:20.334,SERVO_OUTPUT_RAW,2595509874,SERVO_OUTPUT_RAW,0,0,0,0,0,0,0,0,1000,1000,1000,1000,0,0,0,0,0
2025-12-15 01:17:20.433,SERVO_OUTPUT_RAW,2595609807,SERVO_OUTPUT_RAW,0,0,0,0,0,0,0,0,1000,1000,1000,1000,0,0,0,0,0
2025-12-15 01:17:20.533,SERVO_OUTPUT_RAW,2595709795,SERVO_OUTPUT_RAW,0,0,0,0,0,0,0,0,1000,1000,1000,1000,0,0,0,0,0
2025-12-15 01:17:20.633,SERVO_OUTPUT_RAW,2595809805,SERVO_OUTPUT_RAW,0,0,0,0,0,0,0,0,1000,1000,1000,1000,0,0,0,0,0
2025-12-15 01:17:20.733,SERVO_OUTPUT_RAW,2595909808,SERVO_OUTPUT_RAW,0,0,0,0,0,0,0,0,1000,1000,1000,1000,0,0,0,0,0
2025-12-15 01:17:20.833,SERVO_OUTPUT_RAW,2596009826,SERVO_OUTPUT_RAW,0,0,0,0,0,0,0,0,1000,1000,1000,1000,0,0,0,0,0
2025-12-15 01:17:20.933,SERVO_OUTPUT_RAW,2596109797,SERVO_OUTPUT_RAW,0,0,0,0,0,0,0,0,1000,1000,1000,1000,0,0,0,0,0
2025-12-15 01:17:21.033,SERVO_OUTPUT_RAW,2596209790,SERVO_OUTPUT_RAW,0,0,0,0,0,0,0,0,1000,1000,1000,1000,0,0,0,0,0
2025-12-15 01:17:21.133,SERVO_OUTPUT_RAW,2596309792,SERVO_OUTPUT_RAW,0,0,0,0,0,0,0,0,1000,1000,1000,1000,0,0,0,0,0
2025-12-15 01:17:21.233,SERVO_OUTPUT_RAW,2596409814,SERVO_OUTPUT_RAW,0,0,0,0,0,0,0,0,1000,1000,1000,1000,0,0,0,0,0
2025-12-15 01:17:21.334,SERVO_OUTPUT_RAW,2596509832,SERVO_OUTPUT_RAW,0,0,0,0,0,0,0,0,1000,1000,1000,1000,0,0,0,0,0
2025-12-15 01:17:21.434,SERVO_OUTPUT_RAW,2596609873,SERVO_OUTPUT_RAW,0,0,0,0,0,0,0,0,1000,1000,1000,1000,0,0,0,0,0
2025-12-15 01:17:21.534,SERVO_OUTPUT_RAW,2596709815,SERVO_OUTPUT_RAW,0,0,0,0,0,0,0,0,1000,1000,1000,1000,0,0,0,0,0
2025-12-15 01:17:21.633,SERVO_OUTPUT_RAW,2596809816,SERVO_OUTPUT_RAW,0,0,0,0,0,0,0,0,1000,1000,1000,1000,0,0,0,0,0
2025-12-15 01:17:21.733,SERVO_OUTPUT_RAW,2596909828,SERVO_OUTPUT_RAW,0,0,0,0,0,0,0,0,1000,1000,1000,1000,0,0,0,0,0
2025-12-15 01:17:21.834,SERVO_OUTPUT_RAW,2597009784,SERVO_OUTPUT_RAW,0,0,0,0,0,0,0,0,1000,1000,1000,1000,0,0,0,0,0
2025-12-15 01:17:21.933,SERVO_OUTPUT_RAW,2597109789,SERVO_OUTPUT_RAW,0,0,0,0,0,0,0,0,1000,1000,1000,1000,0,0,0,0,0
2025-12-15 01:17:22.034,SERVO_OUTPUT_RAW,2597209793,SERVO_OUTPUT_RAW,0,0,0,0,0,0,0,0,1000,1000,1000,1000,0,0,0,0,0
2025-12-15 01:17:22.133,SERVO_OUTPUT_RAW,2597309782,SERVO_OUTPUT_RAW,0,0,0,0,0,0,0,0,1000,1000,1000,1000,0,0,0,0,0
2025-12-15 01:17:22.233,SERVO_OUTPUT_RAW,2597409790,SERVO_OUTPUT_RAW,0,0,0,0,0,0,0,0,1000,1000,1000,1000,0,0,0,0,0
2025-12-15 01:17:22.334,SERVO_OUTPUT_RAW,2597509824,SERVO_OUTPUT_RAW,0,0,0,0,0,0,0,0,1000,1000,1000,1000,0,0,0,0,0
2025-12-15 01:17:22.434,SERVO_OUTPUT_RAW,2597612170,SERVO_OUTPUT_RAW,0,0,0,0,0,0,0,0,1000,1000,1000,1000,0,0,0,0,0
2025-12-15 01:17:22.534,SERVO_OUTPUT_RAW,2597709839,SERVO_OUTPUT_RAW,0,0,0,0,0,0,0,0,1000,1000,1000,1000,0,0,0,0,0
2025-12-15 01:17:22.633,SERVO_OUTPUT_RAW,2597809783,SERVO_OUTPUT_RAW,0,0,0,0,0,0,0,0,1000,1000,1000,1000,0,0,0,0,0
2025-12-15 01:17:22.734,SERVO_OUTPUT_RAW,2597909799,SERVO_OUTPUT_RAW,0,0,0,0,0,0,0,0,1000,1000,1000,1000,0,0,0,0,0
2025-12-15 01:17:22.834,SERVO_OUTPUT_RAW,2598009842,SERVO_OUTPUT_RAW,0,0,0,0,0,0,0,0,1000,1000,1000,1000,0,0,0,0,0
2025-12-15 01:17:22.934,SERVO_OUTPUT_RAW,2598109845,SERVO_OUTPUT_RAW,0,0,0,0,0,0,0,0,1000,1000,1000,1000,0,0,0,0,0
2025-12-15 01:17:23.034,SERVO_OUTPUT_RAW,2598209789,SERVO_OUTPUT_RAW,0,0,0,0,0,0,0,0,1000,1000,1000,1000,0,0,0,0,0
2025-12-15 01:17:23.133,SERVO_OUTPUT_RAW,2598309791,SERVO_OUTPUT_RAW,0,0,0,0,0,0,0,0,1000,1000,1000,1000,0,0,0,0,0
2025-12-15 01:17:23.234,SERVO_OUTPUT_RAW,2598409805,SERVO_OUTPUT_RAW,0,0,0,0,0,0,0,0,1000,1000,1000,1000,0,0,0,0,0
2025-12-15 01:17:23.334,SERVO_OUTPUT_RAW,2598509828,SERVO_OUTPUT_RAW,0,0,0,0,0,0,0,0,1000,1000,1000,1000,0,0,0,0,0
2025-12-15 01:17:23.434,SERVO_OUTPUT_RAW,2598609788,SERVO_OUTPUT_RAW,0,0,0,0,0,0,0,0,1000,1000,1000,1000,0,0,0,0,0
2025-12-15 01:17:23.533,SERVO_OUTPUT_RAW,2598709784,SERVO_OUTPUT_RAW,0,0,0,0,0,0,0,0,1000,1000,1000,1000,0,0,0,0,0
2025-12-15 01:17:23.633,SERVO_OUTPUT_RAW,2598809794,SERVO_OUTPUT_RAW,0,0,0,0,0,0,0,0,1000,1000,1000,1000,0,0,0,0,0
2025-12-15 01:17:23.733,SERVO_OUTPUT_RAW,2598909783,SERVO_OUTPUT_RAW,0,0,0,0,0,0,0,0,1000,1000,1000,1000,0,0,0,0,0
2025-12-15 01:17:23.834,SERVO_OUTPUT_RAW,2599009805,SERVO_OUTPUT_RAW,0,0,0,0,0,0,0,0,1000,1000,1000,1000,0,0,0,0,0
2025-12-15 01:17:23.933,SERVO_OUTPUT_RAW,2599109826,SERVO_OUTPUT_RAW,0,0,0,0,0,0,0,0,1000,1000,1000,1000,0,0,0,0,0
2025-12-15 01:17:24.033,SERVO_OUTPUT_RAW,2599209764,SERVO_OUTPUT_RAW,0,0,0,0,0,0,0,0,1000,1000,1000,1000,0,0,0,0,0
2025-12-15 01:17:24.133,SERVO_OUTPUT_RAW,2599309806,SERVO_OUTPUT_RAW,0,0,0,0,0,0,0,0,1000,1000,1000,1000,0,0,0,0,0
2025-12-15 01:17:24.233,SERVO_OUTPUT_RAW,2599409804,SERVO_OUTPUT_RAW,0,0,0,0,0,0,0,0,1000,1000,1000,1000,0,0,0,0,0
2025-12-15 01:17:24.333,SERVO_OUTPUT_RAW,2599509813,SERVO_OUTPUT_RAW,0,0,0,0,0,0,0,0,1000,1000,1000,1000,0,0,0,0,0
2025-12-15 01:17:24.433,SERVO_OUTPUT_RAW,2599609847,SERVO_OUTPUT_RAW,0,0,0,0,0,0,0,0,1000,1000,1000,1000,0,0,0,0,0
2025-12-15 01:17:24.533,SERVO_OUTPUT_RAW,2599709889,SERVO_OUTPUT_RAW,0,0,0,0,0,0,0,0,1000,1000,1000,1000,0,0,0,0,0
2025-12-15 01:17:24.633,SERVO_OUTPUT_RAW,2599809783,SERVO_OUTPUT_RAW,0,0,0,0,0,0,0,0,1000,1000,1000,1000,0,0,0,0,0
2025-12-15 01:17:24.733,SERVO_OUTPUT_RAW,2599909809,SERVO_OUTPUT_RAW,0,0,0,0,0,0,0,0,1000,1000,1000,1000,0,0,0,0,0
2025-12-15 01:17:24.833,SERVO_OUTPUT_RAW,2600009820,SERVO_OUTPUT_RAW,0,0,0,0,0,0,0,0,1000,1000,1000,1000,0,0,0,0,0
2025-12-15 01:17:24.939,SERVO_OUTPUT_RAW,2600109828,SERVO_OUTPUT_RAW,0,0,0,0,0,0,0,0,1000,1000,1000,1000,0,0,0,0,0
2025-12-15 01:17:25.033,SERVO_OUTPUT_RAW,2600209783,SERVO_OUTPUT_RAW,0,0,0,0,0,0,0,0,1000,1000,1000,1000,0,0,0,0,0
2025-12-15 01:17:25.133,SERVO_OUTPUT_RAW,2600309797,SERVO_OUTPUT_RAW,0,0,0,0,0,0,0,0,1000,1000,1000,1000,0,0,0,0,0
2025-12-15 01:17:25.233,SERVO_OUTPUT_RAW,2600409785,SERVO_OUTPUT_RAW,0,0,0,0,0,0,0,0,1000,1000,1000,1000,0,0,0,0,0
2025-12-15 01:17:25.333,SERVO_OUTPUT_RAW,2600509799,SERVO_OUTPUT_RAW,0,0,0,0,0,0,0,0,1000,1000,1000,1000,0,0,0,0,0
2025-12-15 01:17:25.433,SERVO_OUTPUT_RAW,2600609798,SERVO_OUTPUT_RAW,0,0,0,0,0,0,0,0,1000,1000,1000,1000,0,0,0,0,0
2025-12-15 01:17:25.533,SERVO_OUTPUT_RAW,2600709829,SERVO_OUTPUT_RAW,0,0,0,0,0,0,0,0,1000,1000,1000,1000,0,0,0,0,0
2025-12-15 01:17:25.633,SERVO_OUTPUT_RAW,2600809833,SERVO_OUTPUT_RAW,0,0,0,0,0,0,0,0,1000,1000,1000,1000,0,0,0,0,0
2025-12-15 01:17:25.733,SERVO_OUTPUT_RAW,2600909802,SERVO_OUTPUT_RAW,0,0,0,0,0,0,0,0,1000,1000,1000,1000,0,0,0,0,0
2025-12-15 01:17:25.833,SERVO_OUTPUT_RAW,2601009812,SERVO_OUTPUT_RAW,0,0,0,0,0,0,0,0,1000,1000,1000,1000,0,0,0,0,0
2025-12-15 01:17:25.933,SERVO_OUTPUT_RAW,2601109837,SERVO_OUTPUT_RAW,0,0,0,0,0,0,0,0,1000,1000,1000,1000,0,0,0,0,0
2025-12-15 01:17:26.033,SERVO_OUTPUT_RAW,2601209863,SERVO_OUTPUT_RAW,0,0,0,0,0,0,0,0,1000,1000,1000,1000,0,0,0,0,0
2025-12-15 01:17:26.133,SERVO_OUTPUT_RAW,2601309787,SERVO_OUTPUT_RAW,0,0,0,0,0,0,0,0,1000,1000,1000,1000,0,0,0,0,0
2025-12-15 01:17:26.233,SERVO_OUTPUT_RAW,2601409786,SERVO_OUTPUT_RAW,0,0,0,0,0,0,0,0,1000,1000,1000,1000,0,0,0,0,0
2025-12-15 01:17:26.333,SERVO_OUTPUT_RAW,2601509826,SERVO_OUTPUT_RAW,0,0,0,0,0,0,0,0,1000,1000,1000,1000,0,0,0,0,0
2025-12-15 01:17:26.433,SERVO_OUTPUT_RAW,2601609822,SERVO_OUTPUT_RAW,0,0,0,0,0,0,0,0,1000,1000,1000,1000,0,0,0,0,0
2025-12-15 01:17:26.533,SERVO_OUTPUT_RAW,2601709788,SERVO_OUTPUT_RAW,0,0,0,0,0,0,0,0,1000,1000,1000,1000,0,0,0,0,0
2025-12-15 01:17:26.633,SERVO_OUTPUT_RAW,2601809839,SERVO_OUTPUT_RAW,0,0,0,0,0,0,0,0,1000,1000,1000,1000,0,0,0,0,0
2025-12-15 01:17:26.733,SERVO_OUTPUT_RAW,2601909777,SERVO_OUTPUT_RAW,0,0,0,0,0,0,0,0,1000,1000,1000,1000,0,0,0,0,0
2025-12-15 01:17:26.833,SERVO_OUTPUT_RAW,2602009783,SERVO_OUTPUT_RAW,0,0,0,0,0,0,0,0,1000,1000,1000,1000,0,0,0,0,0
2025-12-15 01:17:26.933,SERVO_OUTPUT_RAW,2602112108,SERVO_OUTPUT_RAW,0,0,0,0,0,0,0,0,1000,1000,1000,1000,0,0,0,0,0
2025-12-15 01:17:27.033,SERVO_OUTPUT_RAW,2602209802,SERVO_OUTPUT_RAW,0,0,0,0,0,0,0,0,1000,1000,1000,1000,0,0,0,0,0
2025-12-15 01:17:27.134,SERVO_OUTPUT_RAW,2602309839,SERVO_OUTPUT_RAW,0,0,0,0,0,0,0,0,1000,1000,1000,1000,0,0,0,0,0
2025-12-15 01:17:27.233,SERVO_OUTPUT_RAW,2602409846,SERVO_OUTPUT_RAW,0,0,0,0,0,0,0,0,1000,1000,1000,1000,0,0,0,0,0
2025-12-15 01:17:27.333,SERVO_OUTPUT_RAW,2602509819,SERVO_OUTPUT_RAW,0,0,0,0,0,0,0,0,1000,1000,1000,1000,0,0,0,0,0
2025-12-15 01:17:27.435,SERVO_OUTPUT_RAW,2602609816,SERVO_OUTPUT_RAW,0,0,0,0,0,0,0,0,1000,1000,1000,1000,0,0,0,0,0
2025-12-15 01:17:27.533,SERVO_OUTPUT_RAW,2602709838,SERVO_OUTPUT_RAW,0,0,0,0,0,0,0,0,1000,1000,1000,1000,0,0,0,0,0
2025-12-15 01:17:27.633,SERVO_OUTPUT_RAW,2602809850,SERVO_OUTPUT_RAW,0,0,0,0,0,0,0,0,1000,1000,1000,1000,0,0,0,0,0
2025-12-15 01:17:27.734,SERVO_OUTPUT_RAW,2602909775,SERVO_OUTPUT_RAW,0,0,0,0,0,0,0,0,1000,1000,1000,1000,0,0,0,0,0
2025-12-15 01:17:27.833,SERVO_OUTPUT_RAW,2603009822,SERVO_OUTPUT_RAW,0,0,0,0,0,0,0,0,1000,1000,1000,1000,0,0,0,0,0
2025-12-15 01:17:27.933,SERVO_OUTPUT_RAW,2603109825,SERVO_OUTPUT_RAW,0,0,0,0,0,0,0,0,1000,1000,1000,1000,0,0,0,0,0
2025-12-15 01:17:28.033,SERVO_OUTPUT_RAW,2603209774,SERVO_OUTPUT_RAW,0,0,0,0,0,0,0,0,1000,1000,1000,1000,0,0,0,0,0
2025-12-15 01:17:28.133,SERVO_OUTPUT_RAW,2603309859,SERVO_OUTPUT_RAW,0,0,0,0,0,0,0,0,1000,1000,1000,1000,0,0,0,0,0
2025-12-15 01:17:28.233,SERVO_OUTPUT_RAW,2603409818,SERVO_OUTPUT_RAW,0,0,0,0,0,0,0,0,1000,1000,1000,1000,0,0,0,0,0
2025-12-15 01:17:28.333,SERVO_OUTPUT_RAW,2603509809,SERVO_OUTPUT_RAW,0,0,0,0,0,0,0,0,1000,1000,1000,1000,0,0,0,0,0
2025-12-15 01:17:28.433,SERVO_OUTPUT_RAW,2603609787,SERVO_OUTPUT_RAW,0,0,0,0,0,0,0,0,1000,1000,1000,1000,0,0,0,0,0
2025-12-15 01:17:28.533,SERVO_OUTPUT_RAW,2603709795,SERVO_OUTPUT_RAW,0,0,0,0,0,0,0,0,1000,1000,1000,1000,0,0,0,0,0
2025-12-15 01:17:28.633,SERVO_OUTPUT_RAW,2603809818,SERVO_OUTPUT_RAW,0,0,0,0,0,0,0,0,1000,1000,1000,1000,0,0,0,0,0
2025-12-15 01:17:28.733,SERVO_OUTPUT_RAW,2603909853,SERVO_OUTPUT_RAW,0,0,0,0,0,0,0,0,1000,1000,1000,1000,0,0,0,0,0
2025-12-15 01:17:28.833,SERVO_OUTPUT_RAW,2604009871,SERVO_OUTPUT_RAW,0,0,0,0,0,0,0,0,1000,1000,1000,1000,0,0,0,0,0
2025-12-15 01:17:28.933,SERVO_OUTPUT_RAW,2604109818,SERVO_OUTPUT_RAW,0,0,0,0,0,0,0,0,1000,1000,1000,1000,0,0,0,0,0
2025-12-15 01:17:29.033,SERVO_OUTPUT_RAW,2604209821,SERVO_OUTPUT_RAW,0,0,0,0,0,0,0,0,1000,1000,1000,1000,0,0,0,0,0
2025-12-15 01:17:29.134,SERVO_OUTPUT_RAW,2604309829,SERVO_OUTPUT_RAW,0,0,0,0,0,0,0,0,1000,1000,1000,1000,0,0,0,0,0
2025-12-15 01:17:29.233,SERVO_OUTPUT_RAW,2604409788,SERVO_OUTPUT_RAW,0,0,0,0,0,0,0,0,1000,1000,1000,1000,0,0,0,0,0
2025-12-15 01:17:29.333,SERVO_OUTPUT_RAW,2604509794,SERVO_OUTPUT_RAW,0,0,0,0,0,0,0,0,1000,1000,1000,1000,0,0,0,0,0
2025-12-15 01:17:29.434,SERVO_OUTPUT_RAW,2604609827,SERVO_OUTPUT_RAW,0,0,0,0,0,0,0,0,1000,1000,1000,1000,0,0,0,0,0
2025-12-15 01:17:29.533,SERVO_OUTPUT_RAW,2604709826,SERVO_OUTPUT_RAW,0,0,0,0,0,0,0,0,1000,1000,1000,1000,0,0,0,0,0
2025-12-15 01:17:29.633,SERVO_OUTPUT_RAW,2604809832,SERVO_OUTPUT_RAW,0,0,0,0,0,0,0,0,1000,1000,1000,1000,0,0,0,0,0
2025-12-15 01:17:29.733,SERVO_OUTPUT_RAW,2604909778,SERVO_OUTPUT_RAW,0,0,0,0,0,0,0,0,1000,1000,1000,1000,0,0,0,0,0
2025-12-15 01:17:29.833,SERVO_OUTPUT_RAW,2605009826,SERVO_OUTPUT_RAW,0,0,0,0,0,0,0,0,1000,1000,1000,1000,0,0,0,0,0
2025-12-15 01:17:29.933,SERVO_OUTPUT_RAW,2605109784,SERVO_OUTPUT_RAW,0,0,0,0,0,0,0,0,1000,1000,1000,1000,0,0,0,0,0
2025-12-15 01:17:30.033,SERVO_OUTPUT_RAW,2605209788,SERVO_OUTPUT_RAW,0,0,0,0,0,0,0,0,1000,1000,1000,1000,0,0,0,0,0
2025-12-15 01:17:30.133,SERVO_OUTPUT_RAW,2605309813,SERVO_OUTPUT_RAW,0,0,0,0,0,0,0,0,1000,1000,1000,1000,0,0,0,0,0
2025-12-15 01:17:30.234,SERVO_OUTPUT_RAW,2605409819,SERVO_OUTPUT_RAW,0,0,0,0,0,0,0,0,1000,1000,1000,1000,0,0,0,0,0
2025-12-15 01:17:30.334,SERVO_OUTPUT_RAW,2605509845,SERVO_OUTPUT_RAW,0,0,0,0,0,0,0,0,1000,1000,1000,1000,0,0,0,0,0
2025-12-15 01:17:30.434,SERVO_OUTPUT_RAW,2605609805,SERVO_OUTPUT_RAW,0,0,0,0,0,0,0,0,1000,1000,1000,1000,0,0,0,0,0
2025-12-15 01:17:30.533,SERVO_OUTPUT_RAW,2605709913,SERVO_OUTPUT_RAW,0,0,0,0,0,0,0,0,1000,1000,1000,1000,0,0,0,0,0
2025-12-15 01:17:30.634,SERVO_OUTPUT_RAW,2605809843,SERVO_OUTPUT_RAW,0,0,0,0,0,0,0,0,1000,1000,1000,1000,0,0,0,0,0
2025-12-15 01:17:30.734,SERVO_OUTPUT_RAW,2605909853,SERVO_OUTPUT_RAW,0,0,0,0,0,0,0,0,1000,1000,1000,1000,0,0,0,0,0
2025-12-15 01:17:30.834,SERVO_OUTPUT_RAW,2606009909,SERVO_OUTPUT_RAW,0,0,0,0,0,0,0,0,1000,1000,1000,1000,0,0,0,0,0
2025-12-15 01:17:30.934,SERVO_OUTPUT_RAW,2606109807,SERVO_OUTPUT_RAW,0,0,0,0,0,0,0,0,1000,1000,1000,1000,0,0,0,0,0
2025-12-15 01:17:31.034,SERVO_OUTPUT_RAW,2606209822,SERVO_OUTPUT_RAW,0,0,0,0,0,0,0,0,1000,1000,1000,1000,0,0,0,0,0
2025-12-15 01:17:31.134,SERVO_OUTPUT_RAW,2606309839,SERVO_OUTPUT_RAW,0,0,0,0,0,0,0,0,1000,1000,1000,1000,0,0,0,0,0
2025-12-15 01:17:31.234,SERVO_OUTPUT_RAW,2606409788,SERVO_OUTPUT_RAW,0,0,0,0,0,0,0,0,1000,1000,1000,1000,0,0,0,0,0
2025-12-15 01:17:31.334,SERVO_OUTPUT_RAW,2606509794,SERVO_OUTPUT_RAW,0,0,0,0,0,0,0,0,1000,1000,1000,1000,0,0,0,0,0
2025-12-15 01:17:31.434,SERVO_OUTPUT_RAW,2606609789,SERVO_OUTPUT_RAW,0,0,0,0,0,0,0,0,1000,1000,1000,1000,0,0,0,0,0
2025-12-15 01:17:31.534,SERVO_OUTPUT_RAW,2606709779,SERVO_OUTPUT_RAW,0,0,0,0,0,0,0,0,1000,1000,1000,1000,0,0,0,0,0
2025-12-15 01:17:31.634,SERVO_OUTPUT_RAW,2606809784,SERVO_OUTPUT_RAW,0,0,0,0,0,0,0,0,1000,1000,1000,1000,0,0,0,0,0
2025-12-15 01:17:31.734,SERVO_OUTPUT_RAW,2606909832,SERVO_OUTPUT_RAW,0,0,0,0,0,0,0,0,1000,1000,1000,1000,0,0,0,0,0
2025-12-15 01:17:31.834,SERVO_OUTPUT_RAW,2607009777,SERVO_OUTPUT_RAW,0,0,0,0,0,0,0,0,1000,1000,1000,1000,0,0,0,0,0
2025-12-15 01:17:31.935,SERVO_OUTPUT_RAW,2607109812,SERVO_OUTPUT_RAW,0,0,0,0,0,0,0,0,1000,1000,1000,1000,0,0,0,0,0
2025-12-15 01:17:32.034,SERVO_OUTPUT_RAW,2607209820,SERVO_OUTPUT_RAW,0,0,0,0,0,0,0,0,1000,1000,1000,1000,0,0,0,0,0
2025-12-15 01:17:32.134,SERVO_OUTPUT_RAW,2607309824,SERVO_OUTPUT_RAW,0,0,0,0,0,0,0,0,1000,1000,1000,1000,0,0,0,0,0
2025-12-15 01:17:32.234,SERVO_OUTPUT_RAW,2607409852,SERVO_OUTPUT_RAW,0,0,0,0,0,0,0,0,1000,1000,1000,1000,0,0,0,0,0
2025-12-15 01:17:32.334,SERVO_OUTPUT_RAW,2607509860,SERVO_OUTPUT_RAW,0,0,0,0,0,0,0,0,1000,1000,1000,1000,0,0,0,0,0
2025-12-15 01:17:32.435,SERVO_OUTPUT_RAW,2607609780,SERVO_OUTPUT_RAW,0,0,0,0,0,0,0,0,1000,1000,1000,1000,0,0,0,0,0
2025-12-15 01:17:32.534,SERVO_OUTPUT_RAW,2607709809,SERVO_OUTPUT_RAW,0,0,0,0,0,0,0,0,1000,1000,1000,1000,0,0,0,0,0
2025-12-15 01:17:32.634,SERVO_OUTPUT_RAW,2607809809,SERVO_OUTPUT_RAW,0,0,0,0,0,0,0,0,1000,1000,1000,1000,0,0,0,0,0
2025-12-15 01:17:32.734,SERVO_OUTPUT_RAW,2607909828,SERVO_OUTPUT_RAW,0,0,0,0,0,0,0,0,1000,1000,1000,1000,0,0,0,0,0
2025-12-15 01:17:32.833,SERVO_OUTPUT_RAW,2608009786,SERVO_OUTPUT_RAW,0,0,0,0,0,0,0,0,1000,1000,1000,1000,0,0,0,0,0
2025-12-15 01:17:32.933,SERVO_OUTPUT_RAW,2608109840,SERVO_OUTPUT_RAW,0,0,0,0,0,0,0,0,1000,1000,1000,1000,0,0,0,0,0
2025-12-15 01:17:33.033,SERVO_OUTPUT_RAW,2608209791,SERVO_OUTPUT_RAW,0,0,0,0,0,0,0,0,1000,1000,1000,1000,0,0,0,0,0
2025-12-15 01:17:33.133,SERVO_OUTPUT_RAW,2608309779,SERVO_OUTPUT_RAW,0,0,0,0,0,0,0,0,1000,1000,1000,1000,0,0,0,0,0
2025-12-15 01:17:33.233,SERVO_OUTPUT_RAW,2608409828,SERVO_OUTPUT_RAW,0,0,0,0,0,0,0,0,1000,1000,1000,1000,0,0,0,0,0
2025-12-15 01:17:33.333,SERVO_OUTPUT_RAW,2608512143,SERVO_OUTPUT_RAW,0,0,0,0,0,0,0,0,1000,1000,1000,1000,0,0,0,0,0
2025-12-15 01:17:33.433,SERVO_OUTPUT_RAW,2608609833,SERVO_OUTPUT_RAW,0,0,0,0,0,0,0,0,1000,1000,1000,1000,0,0,0,0,0
2025-12-15 01:17:33.533,SERVO_OUTPUT_RAW,2608709806,SERVO_OUTPUT_RAW,0,0,0,0,0,0,0,0,1000,1000,1000,1000,0,0,0,0,0
2025-12-15 01:17:33.633,SERVO_OUTPUT_RAW,2608809879,SERVO_OUTPUT_RAW,0,0,0,0,0,0,0,0,1000,1000,1000,1000,0,0,0,0,0
2025-12-15 01:17:33.734,SERVO_OUTPUT_RAW,2608909816,SERVO_OUTPUT_RAW,0,0,0,0,0,0,0,0,1000,1000,1000,1000,0,0,0,0,0
2025-12-15 01:17:33.833,SERVO_OUTPUT_RAW,2609009852,SERVO_OUTPUT_RAW,0,0,0,0,0,0,0,0,1000,1000,1000,1000,0,0,0,0,0
2025-12-15 01:17:33.933,SERVO_OUTPUT_RAW,2609109811,SERVO_OUTPUT_RAW,0,0,0,0,0,0,0,0,1000,1000,1000,1000,0,0,0,0,0
2025-12-15 01:17:34.034,SERVO_OUTPUT_RAW,2609209811,SERVO_OUTPUT_RAW,0,0,0,0,0,0,0,0,1000,1000,1000,1000,0,0,0,0,0
2025-12-15 01:17:34.133,SERVO_OUTPUT_RAW,2609309829,SERVO_OUTPUT_RAW,0,0,0,0,0,0,0,0,1000,1000,1000,1000,0,0,0,0,0
2025-12-15 01:17:34.233,SERVO_OUTPUT_RAW,2609409812,SERVO_OUTPUT_RAW,0,0,0,0,0,0,0,0,1000,1000,1000,1000,0,0,0,0,0
2025-12-15 01:17:34.334,SERVO_OUTPUT_RAW,2609509785,SERVO_OUTPUT_RAW,0,0,0,0,0,0,0,0,1000,1000,1000,1000,0,0,0,0,0
2025-12-15 01:17:34.433,SERVO_OUTPUT_RAW,2609609775,SERVO_OUTPUT_RAW,0,0,0,0,0,0,0,0,1000,1000,1000,1000,0,0,0,0,0
2025-12-15 01:17:34.534,SERVO_OUTPUT_RAW,2609709782,SERVO_OUTPUT_RAW,0,0,0,0,0,0,0,0,1000,1000,1000,1000,0,0,0,0,0
2025-12-15 01:17:34.633,SERVO_OUTPUT_RAW,2609809777,SERVO_OUTPUT_RAW,0,0,0,0,0,0,0,0,1000,1000,1000,1000,0,0,0,0,0
2025-12-15 01:17:34.733,SERVO_OUTPUT_RAW,2609909788,SERVO_OUTPUT_RAW,0,0,0,0,0,0,0,0,1000,1000,1000,1000,0,0,0,0,0
2025-12-15 01:17:34.833,SERVO_OUTPUT_RAW,2610009809,SERVO_OUTPUT_RAW,0,0,0,0,0,0,0,0,1000,1000,1000,1000,0,0,0,0,0
2025-12-15 01:17:34.934,SERVO_OUTPUT_RAW,2610109836,SERVO_OUTPUT_RAW,0,0,0,0,0,0,0,0,1000,1000,1000,1000,0,0,0,0,0
2025-12-15 01:17:35.033,SERVO_OUTPUT_RAW,2610212143,SERVO_OUTPUT_RAW,0,0,0,0,0,0,0,0,1000,1000,1000,1000,0,0,0,0,0
2025-12-15 01:17:35.134,SERVO_OUTPUT_RAW,2610309808,SERVO_OUTPUT_RAW,0,0,0,0,0,0,0,0,1000,1000,1000,1000,0,0,0,0,0
2025-12-15 01:17:35.234,SERVO_OUTPUT_RAW,2610409812,SERVO_OUTPUT_RAW,0,0,0,0,0,0,0,0,1000,1000,1000,1000,0,0,0,0,0
2025-12-15 01:17:35.334,SERVO_OUTPUT_RAW,2610509847,SERVO_OUTPUT_RAW,0,0,0,0,0,0,0,0,1000,1000,1000,1000,0,0,0,0,0
2025-12-15 01:17:35.434,SERVO_OUTPUT_RAW,2610609847,SERVO_OUTPUT_RAW,0,0,0,0,0,0,0,0,1000,1000,1000,1000,0,0,0,0,0
2025-12-15 01:17:35.533,SERVO_OUTPUT_RAW,2610709786,SERVO_OUTPUT_RAW,0,0,0,0,0,0,0,0,1000,1000,1000,1000,0,0,0,0,0
2025-12-15 01:17:35.634,SERVO_OUTPUT_RAW,2610809816,SERVO_OUTPUT_RAW,0,0,0,0,0,0,0,0,1000,1000,1000,1000,0,0,0,0,0
2025-12-15 01:17:35.734,SERVO_OUTPUT_RAW,2610909826,SERVO_OUTPUT_RAW,0,0,0,0,0,0,0,0,1000,1000,1000,1000,0,0,0,0,0
2025-12-15 01:17:35.833,SERVO_OUTPUT_RAW,2611009774,SERVO_OUTPUT_RAW,0,0,0,0,0,0,0,0,1000,1000,1000,1000,0,0,0,0,0
2025-12-15 01:17:35.933,SERVO_OUTPUT_RAW,2611109790,SERVO_OUTPUT_RAW,0,0,0,0,0,0,0,0,1000,1000,1000,1000,0,0,0,0,0
2025-12-15 01:17:36.033,SERVO_OUTPUT_RAW,2611209783,SERVO_OUTPUT_RAW,0,0,0,0,0,0,0,0,1000,1000,1000,1000,0,0,0,0,0
2025-12-15 01:17:36.134,SERVO_OUTPUT_RAW,2611309795,SERVO_OUTPUT_RAW,0,0,0,0,0,0,0,0,1000,1000,1000,1000,0,0,0,0,0
2025-12-15 01:17:36.234,SERVO_OUTPUT_RAW,2611409785,SERVO_OUTPUT_RAW,0,0,0,0,0,0,0,0,1000,1000,1000,1000,0,0,0,0,0
2025-12-15 01:17:36.333,SERVO_OUTPUT_RAW,2611512124,SERVO_OUTPUT_RAW,0,0,0,0,0,0,0,0,1000,1000,1000,1000,0,0,0,0,0
2025-12-15 01:17:36.434,SERVO_OUTPUT_RAW,2611609819,SERVO_OUTPUT_RAW,0,0,0,0,0,0,0,0,1000,1000,1000,1000,0,0,0,0,0
2025-12-15 01:17:36.534,SERVO_OUTPUT_RAW,2611709838,SERVO_OUTPUT_RAW,0,0,0,0,0,0,0,0,1000,1000,1000,1000,0,0,0,0,0
2025-12-15 01:17:36.634,SERVO_OUTPUT_RAW,2611809811,SERVO_OUTPUT_RAW,0,0,0,0,0,0,0,0,1000,1000,1000,1000,0,0,0,0,0
2025-12-15 01:17:36.734,SERVO_OUTPUT_RAW,2611909795,SERVO_OUTPUT_RAW,0,0,0,0,0,0,0,0,1000,1000,1000,1000,0,0,0,0,0
2025-12-15 01:17:36.834,SERVO_OUTPUT_RAW,2612009839,SERVO_OUTPUT_RAW,0,0,0,0,0,0,0,0,1000,1000,1000,1000,0,0,0,0,0
2025-12-15 01:17:36.934,SERVO_OUTPUT_RAW,2612109869,SERVO_OUTPUT_RAW,0,0,0,0,0,0,0,0,1000,1000,1000,1000,0,0,0,0,0
2025-12-15 01:17:37.033,SERVO_OUTPUT_RAW,2612209822,SERVO_OUTPUT_RAW,0,0,0,0,0,0,0,0,1000,1000,1000,1000,0,0,0,0,0
2025-12-15 01:17:37.134,SERVO_OUTPUT_RAW,2612309897,SERVO_OUTPUT_RAW,0,0,0,0,0,0,0,0,1000,1000,1000,1000,0,0,0,0,0
2025-12-15 01:17:37.234,SERVO_OUTPUT_RAW,2612409817,SERVO_OUTPUT_RAW,0,0,0,0,0,0,0,0,1000,1000,1000,1000,0,0,0,0,0
2025-12-15 01:17:37.333,SERVO_OUTPUT_RAW,2612509826,SERVO_OUTPUT_RAW,0,0,0,0,0,0,0,0,1000,1000,1000,1000,0,0,0,0,0
2025-12-15 01:17:37.434,SERVO_OUTPUT_RAW,2612609786,SERVO_OUTPUT_RAW,0,0,0,0,0,0,0,0,1000,1000,1000,1000,0,0,0,0,0
2025-12-15 01:17:37.534,SERVO_OUTPUT_RAW,2612709778,SERVO_OUTPUT_RAW,0,0,0,0,0,0,0,0,1000,1000,1000,1000,0,0,0,0,0
2025-12-15 01:17:37.634,SERVO_OUTPUT_RAW,2612809796,SERVO_OUTPUT_RAW,0,0,0,0,0,0,0,0,1000,1000,1000,1000,0,0,0,0,0
2025-12-15 01:17:37.734,SERVO_OUTPUT_RAW,2612909806,SERVO_OUTPUT_RAW,0,0,0,0,0,0,0,0,1000,1000,1000,1000,0,0,0,0,0
2025-12-15 01:17:37.834,SERVO_OUTPUT_RAW,2613009786,SERVO_OUTPUT_RAW,0,0,0,0,0,0,0,0,1000,1000,1000,1000,0,0,0,0,0
2025-12-15 01:17:37.934,SERVO_OUTPUT_RAW,2613109811,SERVO_OUTPUT_RAW,0,0,0,0,0,0,0,0,1000,1000,1000,1000,0,0,0,0,0
2025-12-15 01:17:38.034,SERVO_OUTPUT_RAW,2613209862,SERVO_OUTPUT_RAW,0,0,0,0,0,0,0,0,1000,1000,1000,1000,0,0,0,0,0
2025-12-15 01:17:38.134,SERVO_OUTPUT_RAW,2613309843,SERVO_OUTPUT_RAW,0,0,0,0,0,0,0,0,1000,1000,1000,1000,0,0,0,0,0
2025-12-15 01:17:38.234,SERVO_OUTPUT_RAW,2613409806,SERVO_OUTPUT_RAW,0,0,0,0,0,0,0,0,1000,1000,1000,1000,0,0,0,0,0
2025-12-15 01:17:38.334,SERVO_OUTPUT_RAW,2613509802,SERVO_OUTPUT_RAW,0,0,0,0,0,0,0,0,1000,1000,1000,1000,0,0,0,0,0
2025-12-15 01:17:38.434,SERVO_OUTPUT_RAW,2613609842,SERVO_OUTPUT_RAW,0,0,0,0,0,0,0,0,1000,1000,1000,1000,0,0,0,0,0
2025-12-15 01:17:38.534,SERVO_OUTPUT_RAW,2613709878,SERVO_OUTPUT_RAW,0,0,0,0,0,0,0,0,1000,1000,1000,1000,0,0,0,0,0
2025-12-15 01:17:38.634,SERVO_OUTPUT_RAW,2613809848,SERVO_OUTPUT_RAW,0,0,0,0,0,0,0,0,1000,1000,1000,1000,0,0,0,0,0
2025-12-15 01:17:38.734,SERVO_OUTPUT_RAW,2613909810,SERVO_OUTPUT_RAW,0,0,0,0,0,0,0,0,1000,1000,1000,1000,0,0,0,0,0
2025-12-15 01:17:38.834,SERVO_OUTPUT_RAW,2614009824,SERVO_OUTPUT_RAW,0,0,0,0,0,0,0,0,1000,1000,1000,1000,0,0,0,0,0
2025-12-15 01:17:38.934,SERVO_OUTPUT_RAW,2614109814,SERVO_OUTPUT_RAW,0,0,0,0,0,0,0,0,1000,1000,1000,1000,0,0,0,0,0
2025-12-15 01:17:39.034,SERVO_OUTPUT_RAW,2614209796,SERVO_OUTPUT_RAW,0,0,0,0,0,0,0,0,1000,1000,1000,1000,0,0,0,0,0
2025-12-15 01:17:39.134,SERVO_OUTPUT_RAW,2614309779,SERVO_OUTPUT_RAW,0,0,0,0,0,0,0,0,1000,1000,1000,1000,0,0,0,0,0
2025-12-15 01:17:39.234,SERVO_OUTPUT_RAW,2614409843,SERVO_OUTPUT_RAW,0,0,0,0,0,0,0,0,1000,1000,1000,1000,0,0,0,0,0
2025-12-15 01:17:39.334,SERVO_OUTPUT_RAW,2614509786,SERVO_OUTPUT_RAW,0,0,0,0,0,0,0,0,1000,1000,1000,1000,0,0,0,0,0
2025-12-15 01:17:39.434,SERVO_OUTPUT_RAW,2614609777,SERVO_OUTPUT_RAW,0,0,0,0,0,0,0,0,1000,1000,1000,1000,0,0,0,0,0
2025-12-15 01:17:39.534,SERVO_OUTPUT_RAW,2614712146,SERVO_OUTPUT_RAW,0,0,0,0,0,0,0,0,1000,1000,1000,1000,0,0,0,0,0
2025-12-15 01:17:39.634,SERVO_OUTPUT_RAW,2614809835,SERVO_OUTPUT_RAW,0,0,0,0,0,0,0,0,1000,1000,1000,1000,0,0,0,0,0
2025-12-15 01:17:39.734,SERVO_OUTPUT_RAW,2614909865,SERVO_OUTPUT_RAW,0,0,0,0,0,0,0,0,1000,1000,1000,1000,0,0,0,0,0
2025-12-15 01:17:39.834,SERVO_OUTPUT_RAW,2615009824,SERVO_OUTPUT_RAW,0,0,0,0,0,0,0,0,1000,1000,1000,1000,0,0,0,0,0
2025-12-15 01:17:39.988,SERVO_OUTPUT_RAW,2615109816,SERVO_OUTPUT_RAW,0,0,0,0,0,0,0,0,1000,1000,1000,1000,0,0,0,0,0
2025-12-15 01:17:40.034,SERVO_OUTPUT_RAW,2615209847,SERVO_OUTPUT_RAW,0,0,0,0,0,0,0,0,1000,1000,1000,1000,0,0,0,0,0
2025-12-15 01:17:40.134,SERVO_OUTPUT_RAW,2615309847,SERVO_OUTPUT_RAW,0,0,0,0,0,0,0,0,1000,1000,1000,1000,0,0,0,0,0
2025-12-15 01:17:40.234,SERVO_OUTPUT_RAW,2615409791,SERVO_OUTPUT_RAW,0,0,0,0,0,0,0,0,1000,1000,1000,1000,0,0,0,0,0
2025-12-15 01:17:40.334,SERVO_OUTPUT_RAW,2615509819,SERVO_OUTPUT_RAW,0,0,0,0,0,0,0,0,1000,1000,1000,1000,0,0,0,0,0
2025-12-15 01:17:40.434,SERVO_OUTPUT_RAW,2615609826,SERVO_OUTPUT_RAW,0,0,0,0,0,0,0,0,1000,1000,1000,1000,0,0,0,0,0
2025-12-15 01:17:40.534,SERVO_OUTPUT_RAW,2615709775,SERVO_OUTPUT_RAW,0,0,0,0,0,0,0,0,1000,1000,1000,1000,0,0,0,0,0
2025-12-15 01:17:40.634,SERVO_OUTPUT_RAW,2615809782,SERVO_OUTPUT_RAW,0,0,0,0,0,0,0,0,1000,1000,1000,1000,0,0,0,0,0
2025-12-15 01:17:40.734,SERVO_OUTPUT_RAW,2615909800,SERVO_OUTPUT_RAW,0,0,0,0,0,0,0,0,1000,1000,1000,1000,0,0,0,0,0
2025-12-15 01:17:40.834,SERVO_OUTPUT_RAW,2616009795,SERVO_OUTPUT_RAW,0,0,0,0,0,0,0,0,1000,1000,1000,1000,0,0,0,0,0
2025-12-15 01:17:40.934,SERVO_OUTPUT_RAW,2616109801,SERVO_OUTPUT_RAW,0,0,0,0,0,0,0,0,1000,1000,1000,1000,0,0,0,0,0
2025-12-15 01:17:41.034,SERVO_OUTPUT_RAW,2616209798,SERVO_OUTPUT_RAW,0,0,0,0,0,0,0,0,1000,1000,1000,1000,0,0,0,0,0
2025-12-15 01:17:41.134,SERVO_OUTPUT_RAW,2616309827,SERVO_OUTPUT_RAW,0,0,0,0,0,0,0,0,1000,1000,1000,1000,0,0,0,0,0
2025-12-15 01:17:41.234,SERVO_OUTPUT_RAW,2616409794,SERVO_OUTPUT_RAW,0,0,0,0,0,0,0,0,1000,1000,1000,1000,0,0,0,0,0
2025-12-15 01:17:41.334,SERVO_OUTPUT_RAW,2616509893,SERVO_OUTPUT_RAW,0,0,0,0,0,0,0,0,1000,1000,1000,1000,0,0,0,0,0
2025-12-15 01:17:41.434,SERVO_OUTPUT_RAW,2616609845,SERVO_OUTPUT_RAW,0,0,0,0,0,0,0,0,1000,1000,1000,1000,0,0,0,0,0
2025-12-15 01:17:41.535,SERVO_OUTPUT_RAW,2616709832,SERVO_OUTPUT_RAW,0,0,0,0,0,0,0,0,1000,1000,1000,1000,0,0,0,0,0
2025-12-15 01:17:41.634,SERVO_OUTPUT_RAW,2616809833,SERVO_OUTPUT_RAW,0,0,0,0,0,0,0,0,1000,1000,1000,1000,0,0,0,0,0
2025-12-15 01:17:41.734,SERVO_OUTPUT_RAW,2616909853,SERVO_OUTPUT_RAW,0,0,0,0,0,0,0,0,1000,1000,1000,1000,0,0,0,0,0
2025-12-15 01:17:41.834,SERVO_OUTPUT_RAW,2617009787,SERVO_OUTPUT_RAW,0,0,0,0,0,0,0,0,1000,1000,1000,1000,0,0,0,0,0
2025-12-15 01:17:41.934,SERVO_OUTPUT_RAW,2617109825,SERVO_OUTPUT_RAW,0,0,0,0,0,0,0,0,1000,1000,1000,1000,0,0,0,0,0
2025-12-15 01:17:42.034,SERVO_OUTPUT_RAW,2617209816,SERVO_OUTPUT_RAW,0,0,0,0,0,0,0,0,1000,1000,1000,1000,0,0,0,0,0
2025-12-15 01:17:42.134,SERVO_OUTPUT_RAW,2617309792,SERVO_OUTPUT_RAW,0,0,0,0,0,0,0,0,1000,1000,1000,1000,0,0,0,0,0
2025-12-15 01:17:42.235,SERVO_OUTPUT_RAW,2617409816,SERVO_OUTPUT_RAW,0,0,0,0,0,0,0,0,1000,1000,1000,1000,0,0,0,0,0
2025-12-15 01:17:42.333,SERVO_OUTPUT_RAW,2617509784,SERVO_OUTPUT_RAW,0,0,0,0,0,0,0,0,1000,1000,1000,1000,0,0,0,0,0
2025-12-15 01:17:42.435,SERVO_OUTPUT_RAW,2617609795,SERVO_OUTPUT_RAW,0,0,0,0,0,0,0,0,1000,1000,1000,1000,0,0,0,0,0
2025-12-15 01:17:42.533,SERVO_OUTPUT_RAW,2617709777,SERVO_OUTPUT_RAW,0,0,0,0,0,0,0,0,1000,1000,1000,1000,0,0,0,0,0
2025-12-15 01:17:42.632,SERVO_OUTPUT_RAW,2617809799,SERVO_OUTPUT_RAW,0,0,0,0,0,0,0,0,1000,1000,1000,1000,0,0,0,0,0
2025-12-15 01:17:42.733,SERVO_OUTPUT_RAW,2617909864,SERVO_OUTPUT_RAW,0,0,0,0,0,0,0,0,1000,1000,1000,1000,0,0,0,0,0
2025-12-15 01:17:42.834,SERVO_OUTPUT_RAW,2618009848,SERVO_OUTPUT_RAW,0,0,0,0,0,0,0,0,1000,1000,1000,1000,0,0,0,0,0
2025-12-15 01:17:42.933,SERVO_OUTPUT_RAW,2618109784,SERVO_OUTPUT_RAW,0,0,0,0,0,0,0,0,1000,1000,1000,1000,0,0,0,0,0
2025-12-15 01:17:43.033,SERVO_OUTPUT_RAW,2618209809,SERVO_OUTPUT_RAW,0,0,0,0,0,0,0,0,1000,1000,1000,1000,0,0,0,0,0
2025-12-15 01:17:43.134,SERVO_OUTPUT_RAW,2618309845,SERVO_OUTPUT_RAW,0,0,0,0,0,0,0,0,1000,1000,1000,1000,0,0,0,0,0
2025-12-15 01:17:43.234,SERVO_OUTPUT_RAW,2618409852,SERVO_OUTPUT_RAW,0,0,0,0,0,0,0,0,1000,1000,1000,1000,0,0,0,0,0
2025-12-15 01:17:43.333,SERVO_OUTPUT_RAW,2618509793,SERVO_OUTPUT_RAW,0,0,0,0,0,0,0,0,1000,1000,1000,1000,0,0,0,0,0
2025-12-15 01:17:43.433,SERVO_OUTPUT_RAW,2618609908,SERVO_OUTPUT_RAW,0,0,0,0,0,0,0,0,1000,1000,1000,1000,0,0,0,0,0
2025-12-15 01:17:43.533,SERVO_OUTPUT_RAW,2618709808,SERVO_OUTPUT_RAW,0,0,0,0,0,0,0,0,1000,1000,1000,1000,0,0,0,0,0
2025-12-15 01:17:43.633,SERVO_OUTPUT_RAW,2618809782,SERVO_OUTPUT_RAW,0,0,0,0,0,0,0,0,1000,1000,1000,1000,0,0,0,0,0
2025-12-15 01:17:43.733,SERVO_OUTPUT_RAW,2618909792,SERVO_OUTPUT_RAW,0,0,0,0,0,0,0,0,1000,1000,1000,1000,0,0,0,0,0
2025-12-15 01:17:43.833,SERVO_OUTPUT_RAW,2619009781,SERVO_OUTPUT_RAW,0,0,0,0,0,0,0,0,1000,1000,1000,1000,0,0,0,0,0
2025-12-15 01:17:43.934,SERVO_OUTPUT_RAW,2619109785,SERVO_OUTPUT_RAW,0,0,0,0,0,0,0,0,1000,1000,1000,1000,0,0,0,0,0
2025-12-15 01:17:44.033,SERVO_OUTPUT_RAW,2619209805,SERVO_OUTPUT_RAW,0,0,0,0,0,0,0,0,1000,1000,1000,1000,0,0,0,0,0
2025-12-15 01:17:44.133,SERVO_OUTPUT_RAW,2619309794,SERVO_OUTPUT_RAW,0,0,0,0,0,0,0,0,1000,1000,1000,1000,0,0,0,0,0
2025-12-15 01:17:44.233,SERVO_OUTPUT_RAW,2619409828,SERVO_OUTPUT_RAW,0,0,0,0,0,0,0,0,1000,1000,1000,1000,0,0,0,0,0
2025-12-15 01:17:44.334,SERVO_OUTPUT_RAW,2619509868,SERVO_OUTPUT_RAW,0,0,0,0,0,0,0,0,1000,1000,1000,1000,0,0,0,0,0
2025-12-15 01:17:44.433,SERVO_OUTPUT_RAW,2619609852,SERVO_OUTPUT_RAW,0,0,0,0,0,0,0,0,1000,1000,1000,1000,0,0,0,0,0
2025-12-15 01:17:44.533,SERVO_OUTPUT_RAW,2619709819,SERVO_OUTPUT_RAW,0,0,0,0,0,0,0,0,1000,1000,1000,1000,0,0,0,0,0
2025-12-15 01:17:44.634,SERVO_OUTPUT_RAW,2619809830,SERVO_OUTPUT_RAW,0,0,0,0,0,0,0,0,1000,1000,1000,1000,0,0,0,0,0
2025-12-15 01:17:44.734,SERVO_OUTPUT_RAW,2619909864,SERVO_OUTPUT_RAW,0,0,0,0,0,0,0,0,1000,1000,1000,1000,0,0,0,0,0
2025-12-15 01:17:44.833,SERVO_OUTPUT_RAW,2620009803,SERVO_OUTPUT_RAW,0,0,0,0,0,0,0,0,1000,1000,1000,1000,0,0,0,0,0
2025-12-15 01:17:44.934,SERVO_OUTPUT_RAW,2620109796,SERVO_OUTPUT_RAW,0,0,0,0,0,0,0,0,1000,1000,1000,1000,0,0,0,0,0
2025-12-15 01:17:45.033,SERVO_OUTPUT_RAW,2620209810,SERVO_OUTPUT_RAW,0,0,0,0,0,0,0,0,1000,1000,1000,1000,0,0,0,0,0
2025-12-15 01:17:45.134,SERVO_OUTPUT_RAW,2620309809,SERVO_OUTPUT_RAW,0,0,0,0,0,0,0,0,1000,1000,1000,1000,0,0,0,0,0
2025-12-15 01:17:45.234,SERVO_OUTPUT_RAW,2620409792,SERVO_OUTPUT_RAW,0,0,0,0,0,0,0,0,1000,1000,1000,1000,0,0,0,0,0
2025-12-15 01:17:45.333,SERVO_OUTPUT_RAW,2620509813,SERVO_OUTPUT_RAW,0,0,0,0,0,0,0,0,1000,1000,1000,1000,0,0,0,0,0
2025-12-15 01:17:45.434,SERVO_OUTPUT_RAW,2620609783,SERVO_OUTPUT_RAW,0,0,0,0,0,0,0,0,1000,1000,1000,1000,0,0,0,0,0
2025-12-15 01:17:45.534,SERVO_OUTPUT_RAW,2620709841,SERVO_OUTPUT_RAW,0,0,0,0,0,0,0,0,1000,1000,1000,1000,0,0,0,0,0
2025-12-15 01:17:45.634,SERVO_OUTPUT_RAW,2620809816,SERVO_OUTPUT_RAW,0,0,0,0,0,0,0,0,1000,1000,1000,1000,0,0,0,0,0
2025-12-15 01:17:45.734,SERVO_OUTPUT_RAW,2620909822,SERVO_OUTPUT_RAW,0,0,0,0,0,0,0,0,1000,1000,1000,1000,0,0,0,0,0
2025-12-15 01:17:45.834,SERVO_OUTPUT_RAW,2621009838,SERVO_OUTPUT_RAW,0,0,0,0,0,0,0,0,1000,1000,1000,1000,0,0,0,0,0
2025-12-15 01:17:45.934,SERVO_OUTPUT_RAW,2621109835,SERVO_OUTPUT_RAW,0,0,0,0,0,0,0,0,1000,1000,1000,1000,0,0,0,0,0
2025-12-15 01:17:46.034,SERVO_OUTPUT_RAW,2621209787,SERVO_OUTPUT_RAW,0,0,0,0,0,0,0,0,1000,1000,1000,1000,0,0,0,0,0
2025-12-15 01:17:46.134,SERVO_OUTPUT_RAW,2621309813,SERVO_OUTPUT_RAW,0,0,0,0,0,0,0,0,1000,1000,1000,1000,0,0,0,0,0
2025-12-15 01:17:46.234,SERVO_OUTPUT_RAW,2621409832,SERVO_OUTPUT_RAW,0,0,0,0,0,0,0,0,1000,1000,1000,1000,0,0,0,0,0
2025-12-15 01:17:46.334,SERVO_OUTPUT_RAW,2621509843,SERVO_OUTPUT_RAW,0,0,0,0,0,0,0,0,1000,1000,1000,1000,0,0,0,0,0
2025-12-15 01:17:46.434,SERVO_OUTPUT_RAW,2621609817,SERVO_OUTPUT_RAW,0,0,0,0,0,0,0,0,1000,1000,1000,1000,0,0,0,0,0
2025-12-15 01:17:46.534,SERVO_OUTPUT_RAW,2621709791,SERVO_OUTPUT_RAW,0,0,0,0,0,0,0,0,1000,1000,1000,1000,0,0,0,0,0
2025-12-15 01:17:46.634,SERVO_OUTPUT_RAW,2621809824,SERVO_OUTPUT_RAW,0,0,0,0,0,0,0,0,1000,1000,1000,1000,0,0,0,0,0
2025-12-15 01:17:46.734,SERVO_OUTPUT_RAW,2621909834,SERVO_OUTPUT_RAW,0,0,0,0,0,0,0,0,1000,1000,1000,1000,0,0,0,0,0
2025-12-15 01:17:46.834,SERVO_OUTPUT_RAW,2622009786,SERVO_OUTPUT_RAW,0,0,0,0,0,0,0,0,1000,1000,1000,1000,0,0,0,0,0
2025-12-15 01:17:46.934,SERVO_OUTPUT_RAW,2622109785,SERVO_OUTPUT_RAW,0,0,0,0,0,0,0,0,1000,1000,1000,1000,0,0,0,0,0
2025-12-15 01:17:47.034,SERVO_OUTPUT_RAW,2622209787,SERVO_OUTPUT_RAW,0,0,0,0,0,0,0,0,1000,1000,1000,1000,0,0,0,0,0
2025-12-15 01:17:47.134,SERVO_OUTPUT_RAW,2622309792,SERVO_OUTPUT_RAW,0,0,0,0,0,0,0,0,1000,1000,1000,1000,0,0,0,0,0
2025-12-15 01:17:47.234,SERVO_OUTPUT_RAW,2622409803,SERVO_OUTPUT_RAW,0,0,0,0,0,0,0,0,1000,1000,1000,1000,0,0,0,0,0
2025-12-15 01:17:47.334,SERVO_OUTPUT_RAW,2622509814,SERVO_OUTPUT_RAW,0,0,0,0,0,0,0,0,1000,1000,1000,1000,0,0,0,0,0
2025-12-15 01:17:47.435,SERVO_OUTPUT_RAW,2622609847,SERVO_OUTPUT_RAW,0,0,0,0,0,0,0,0,1000,1000,1000,1000,0,0,0,0,0
2025-12-15 01:17:47.534,SERVO_OUTPUT_RAW,2622709789,SERVO_OUTPUT_RAW,0,0,0,0,0,0,0,0,1000,1000,1000,1000,0,0,0,0,0
2025-12-15 01:17:47.634,SERVO_OUTPUT_RAW,2622809819,SERVO_OUTPUT_RAW,0,0,0,0,0,0,0,0,1000,1000,1000,1000,0,0,0,0,0
2025-12-15 01:17:47.734,SERVO_OUTPUT_RAW,2622909824,SERVO_OUTPUT_RAW,0,0,0,0,0,0,0,0,1000,1000,1000,1000,0,0,0,0,0
2025-12-15 01:17:47.834,SERVO_OUTPUT_RAW,2623009826,SERVO_OUTPUT_RAW,0,0,0,0,0,0,0,0,1000,1000,1000,1000,0,0,0,0,0
2025-12-15 01:17:47.934,SERVO_OUTPUT_RAW,2623109840,SERVO_OUTPUT_RAW,0,0,0,0,0,0,0,0,1000,1000,1000,1000,0,0,0,0,0
2025-12-15 01:17:48.034,SERVO_OUTPUT_RAW,2623209782,SERVO_OUTPUT_RAW,0,0,0,0,0,0,0,0,1000,1000,1000,1000,0,0,0,0,0
2025-12-15 01:17:48.134,SERVO_OUTPUT_RAW,2623309796,SERVO_OUTPUT_RAW,0,0,0,0,0,0,0,0,1000,1000,1000,1000,0,0,0,0,0
2025-12-15 01:17:48.234,SERVO_OUTPUT_RAW,2623409843,SERVO_OUTPUT_RAW,0,0,0,0,0,0,0,0,1000,1000,1000,1000,0,0,0,0,0
2025-12-15 01:17:48.334,SERVO_OUTPUT_RAW,2623509779,SERVO_OUTPUT_RAW,0,0,0,0,0,0,0,0,1000,1000,1000,1000,0,0,0,0,0
2025-12-15 01:17:48.434,SERVO_OUTPUT_RAW,2623609799,SERVO_OUTPUT_RAW,0,0,0,0,0,0,0,0,1000,1000,1000,1000,0,0,0,0,0
2025-12-15 01:17:48.534,SERVO_OUTPUT_RAW,2623709810,SERVO_OUTPUT_RAW,0,0,0,0,0,0,0,0,1000,1000,1000,1000,0,0,0,0,0
2025-12-15 01:17:48.634,SERVO_OUTPUT_RAW,2623809795,SERVO_OUTPUT_RAW,0,0,0,0,0,0,0,0,1000,1000,1000,1000,0,0,0,0,0
2025-12-15 01:17:48.735,SERVO_OUTPUT_RAW,2623909795,SERVO_OUTPUT_RAW,0,0,0,0,0,0,0,0,1000,1000,1000,1000,0,0,0,0,0
2025-12-15 01:17:48.834,SERVO_OUTPUT_RAW,2624009789,SERVO_OUTPUT_RAW,0,0,0,0,0,0,0,0,1000,1000,1000,1000,0,0,0,0,0
2025-12-15 01:17:48.934,SERVO_OUTPUT_RAW,2624109827,SERVO_OUTPUT_RAW,0,0,0,0,0,0,0,0,1000,1000,1000,1000,0,0,0,0,0
2025-12-15 01:17:49.034,SERVO_OUTPUT_RAW,2624209837,SERVO_OUTPUT_RAW,0,0,0,0,0,0,0,0,1000,1000,1000,1000,0,0,0,0,0
2025-12-15 01:17:49.134,SERVO_OUTPUT_RAW,2624309810,SERVO_OUTPUT_RAW,0,0,0,0,0,0,0,0,1000,1000,1000,1000,0,0,0,0,0
2025-12-15 01:17:49.234,SERVO_OUTPUT_RAW,2624409794,SERVO_OUTPUT_RAW,0,0,0,0,0,0,0,0,1000,1000,1000,1000,0,0,0,0,0
2025-12-15 01:17:49.334,SERVO_OUTPUT_RAW,2624509816,SERVO_OUTPUT_RAW,0,0,0,0,0,0,0,0,1000,1000,1000,1000,0,0,0,0,0
2025-12-15 01:17:49.434,SERVO_OUTPUT_RAW,2624609853,SERVO_OUTPUT_RAW,0,0,0,0,0,0,0,0,1000,1000,1000,1000,0,0,0,0,0
2025-12-15 01:17:49.534,SERVO_OUTPUT_RAW,2624709829,SERVO_OUTPUT_RAW,0,0,0,0,0,0,0,0,1000,1000,1000,1000,0,0,0,0,0
2025-12-15 01:17:49.634,SERVO_OUTPUT_RAW,2624809796,SERVO_OUTPUT_RAW,0,0,0,0,0,0,0,0,1000,1000,1000,1000,0,0,0,0,0
2025-12-15 01:17:49.734,SERVO_OUTPUT_RAW,2624909936,SERVO_OUTPUT_RAW,0,0,0,0,0,0,0,0,1000,1000,1000,1000,0,0,0,0,0
2025-12-15 01:17:49.834,SERVO_OUTPUT_RAW,2625009829,SERVO_OUTPUT_RAW,0,0,0,0,0,0,0,0,1000,1000,1000,1000,0,0,0,0,0
2025-12-15 01:17:49.935,SERVO_OUTPUT_RAW,2625109787,SERVO_OUTPUT_RAW,0,0,0,0,0,0,0,0,1000,1000,1000,1000,0,0,0,0,0
2025-12-15 01:17:50.035,SERVO_OUTPUT_RAW,2625209785,SERVO_OUTPUT_RAW,0,0,0,0,0,0,0,0,1000,1000,1000,1000,0,0,0,0,0
2025-12-15 01:17:50.135,SERVO_OUTPUT_RAW,2625309814,SERVO_OUTPUT_RAW,0,0,0,0,0,0,0,0,1000,1000,1000,1000,0,0,0,0,0
2025-12-15 01:17:50.234,SERVO_OUTPUT_RAW,2625409788,SERVO_OUTPUT_RAW,0,0,0,0,0,0,0,0,1000,1000,1000,1000,0,0,0,0,0
2025-12-15 01:17:50.334,SERVO_OUTPUT_RAW,2625509806,SERVO_OUTPUT_RAW,0,0,0,0,0,0,0,0,1000,1000,1000,1000,0,0,0,0,0
2025-12-15 01:17:50.434,SERVO_OUTPUT_RAW,2625609806,SERVO_OUTPUT_RAW,0,0,0,0,0,0,0,0,1000,1000,1000,1000,0,0,0,0,0
2025-12-15 01:17:50.534,SERVO_OUTPUT_RAW,2625709843,SERVO_OUTPUT_RAW,0,0,0,0,0,0,0,0,1000,1000,1000,1000,0,0,0,0,0
2025-12-15 01:17:50.635,SERVO_OUTPUT_RAW,2625809842,SERVO_OUTPUT_RAW,0,0,0,0,0,0,0,0,1000,1000,1000,1000,0,0,0,0,0
2025-12-15 01:17:50.734,SERVO_OUTPUT_RAW,2625909775,SERVO_OUTPUT_RAW,0,0,0,0,0,0,0,0,1000,1000,1000,1000,0,0,0,0,0
2025-12-15 01:17:50.834,SERVO_OUTPUT_RAW,2626009803,SERVO_OUTPUT_RAW,0,0,0,0,0,0,0,0,1000,1000,1000,1000,0,0,0,0,0
2025-12-15 01:17:50.934,SERVO_OUTPUT_RAW,2626109833,SERVO_OUTPUT_RAW,0,0,0,0,0,0,0,0,1000,1000,1000,1000,0,0,0,0,0
2025-12-15 01:17:51.034,SERVO_OUTPUT_RAW,2626209837,SERVO_OUTPUT_RAW,0,0,0,0,0,0,0,0,1000,1000,1000,1000,0,0,0,0,0
2025-12-15 01:17:51.134,SERVO_OUTPUT_RAW,2626309881,SERVO_OUTPUT_RAW,0,0,0,0,0,0,0,0,1000,1000,1000,1000,0,0,0,0,0
2025-12-15 01:17:51.234,SERVO_OUTPUT_RAW,2626409810,SERVO_OUTPUT_RAW,0,0,0,0,0,0,0,0,1000,1000,1000,1000,0,0,0,0,0
2025-12-15 01:17:51.334,SERVO_OUTPUT_RAW,2626509816,SERVO_OUTPUT_RAW,0,0,0,0,0,0,0,0,1000,1000,1000,1000,0,0,0,0,0
2025-12-15 01:17:51.434,SERVO_OUTPUT_RAW,2626609825,SERVO_OUTPUT_RAW,0,0,0,0,0,0,0,0,1000,1000,1000,1000,0,0,0,0,0
2025-12-15 01:17:51.534,SERVO_OUTPUT_RAW,2626709831,SERVO_OUTPUT_RAW,0,0,0,0,0,0,0,0,1000,1000,1000,1000,0,0,0,0,0
2025-12-15 01:17:51.634,SERVO_OUTPUT_RAW,2626809791,SERVO_OUTPUT_RAW,0,0,0,0,0,0,0,0,1000,1000,1000,1000,0,0,0,0,0
2025-12-15 01:17:51.735,SERVO_OUTPUT_RAW,2626909794,SERVO_OUTPUT_RAW,0,0,0,0,0,0,0,0,1000,1000,1000,1000,0,0,0,0,0
2025-12-15 01:17:51.834,SERVO_OUTPUT_RAW,2627009827,SERVO_OUTPUT_RAW,0,0,0,0,0,0,0,0,1000,1000,1000,1000,0,0,0,0,0
2025-12-15 01:17:51.933,SERVO_OUTPUT_RAW,2627109786,SERVO_OUTPUT_RAW,0,0,0,0,0,0,0,0,1000,1000,1000,1000,0,0,0,0,0
2025-12-15 01:17:52.034,SERVO_OUTPUT_RAW,2627209816,SERVO_OUTPUT_RAW,0,0,0,0,0,0,0,0,1000,1000,1000,1000,0,0,0,0,0
2025-12-15 01:17:52.134,SERVO_OUTPUT_RAW,2627312151,SERVO_OUTPUT_RAW,0,0,0,0,0,0,0,0,1000,1000,1000,1000,0,0,0,0,0
2025-12-15 01:17:52.233,SERVO_OUTPUT_RAW,2627409805,SERVO_OUTPUT_RAW,0,0,0,0,0,0,0,0,1000,1000,1000,1000,0,0,0,0,0
2025-12-15 01:17:52.334,SERVO_OUTPUT_RAW,2627509800,SERVO_OUTPUT_RAW,0,0,0,0,0,0,0,0,1000,1000,1000,1000,0,0,0,0,0
2025-12-15 01:17:52.434,SERVO_OUTPUT_RAW,2627609819,SERVO_OUTPUT_RAW,0,0,0,0,0,0,0,0,1000,1000,1000,1000,0,0,0,0,0
2025-12-15 01:17:52.535,SERVO_OUTPUT_RAW,2627709843,SERVO_OUTPUT_RAW,0,0,0,0,0,0,0,0,1000,1000,1000,1000,0,0,0,0,0
2025-12-15 01:17:52.634,SERVO_OUTPUT_RAW,2627809830,SERVO_OUTPUT_RAW,0,0,0,0,0,0,0,0,1000,1000,1000,1000,0,0,0,0,0
2025-12-15 01:17:52.734,SERVO_OUTPUT_RAW,2627909782,SERVO_OUTPUT_RAW,0,0,0,0,0,0,0,0,1000,1000,1000,1000,0,0,0,0,0
2025-12-15 01:17:52.834,SERVO_OUTPUT_RAW,2628009797,SERVO_OUTPUT_RAW,0,0,0,0,0,0,0,0,1000,1000,1000,1000,0,0,0,0,0
2025-12-15 01:17:52.934,SERVO_OUTPUT_RAW,2628109815,SERVO_OUTPUT_RAW,0,0,0,0,0,0,0,0,1000,1000,1000,1000,0,0,0,0,0
2025-12-15 01:17:53.035,SERVO_OUTPUT_RAW,2628209878,SERVO_OUTPUT_RAW,0,0,0,0,0,0,0,0,1000,1000,1000,1000,0,0,0,0,0
2025-12-15 01:17:53.134,SERVO_OUTPUT_RAW,2628309801,SERVO_OUTPUT_RAW,0,0,0,0,0,0,0,0,1000,1000,1000,1000,0,0,0,0,0
2025-12-15 01:17:53.234,SERVO_OUTPUT_RAW,2628409796,SERVO_OUTPUT_RAW,0,0,0,0,0,0,0,0,1000,1000,1000,1000,0,0,0,0,0
2025-12-15 01:17:53.334,SERVO_OUTPUT_RAW,2628509790,SERVO_OUTPUT_RAW,0,0,0,0,0,0,0,0,1000,1000,1000,1000,0,0,0,0,0
2025-12-15 01:17:53.434,SERVO_OUTPUT_RAW,2628609808,SERVO_OUTPUT_RAW,0,0,0,0,0,0,0,0,1000,1000,1000,1000,0,0,0,0,0
2025-12-15 01:17:53.534,SERVO_OUTPUT_RAW,2628709801,SERVO_OUTPUT_RAW,0,0,0,0,0,0,0,0,1000,1000,1000,1000,0,0,0,0,0
2025-12-15 01:17:53.634,SERVO_OUTPUT_RAW,2628809833,SERVO_OUTPUT_RAW,0,0,0,0,0,0,0,0,1000,1000,1000,1000,0,0,0,0,0
2025-12-15 01:17:53.734,SERVO_OUTPUT_RAW,2628909825,SERVO_OUTPUT_RAW,0,0,0,0,0,0,0,0,1000,1000,1000,1000,0,0,0,0,0
2025-12-15 01:17:53.834,SERVO_OUTPUT_RAW,2629009801,SERVO_OUTPUT_RAW,0,0,0,0,0,0,0,0,1000,1000,1000,1000,0,0,0,0,0
2025-12-15 01:17:53.934,SERVO_OUTPUT_RAW,2629109805,SERVO_OUTPUT_RAW,0,0,0,0,0,0,0,0,1000,1000,1000,1000,0,0,0,0,0
2025-12-15 01:17:54.034,SERVO_OUTPUT_RAW,2629209849,SERVO_OUTPUT_RAW,0,0,0,0,0,0,0,0,1000,1000,1000,1000,0,0,0,0,0
2025-12-15 01:17:54.134,SERVO_OUTPUT_RAW,2629309856,SERVO_OUTPUT_RAW,0,0,0,0,0,0,0,0,1000,1000,1000,1000,0,0,0,0,0
2025-12-15 01:17:54.234,SERVO_OUTPUT_RAW,2629409812,SERVO_OUTPUT_RAW,0,0,0,0,0,0,0,0,1000,1000,1000,1000,0,0,0,0,0
2025-12-15 01:17:54.334,SERVO_OUTPUT_RAW,2629509803,SERVO_OUTPUT_RAW,0,0,0,0,0,0,0,0,1000,1000,1000,1000,0,0,0,0,0
2025-12-15 01:17:54.434,SERVO_OUTPUT_RAW,2629609826,SERVO_OUTPUT_RAW,0,0,0,0,0,0,0,0,1000,1000,1000,1000,0,0,0,0,0
2025-12-15 01:17:54.534,SERVO_OUTPUT_RAW,2629709814,SERVO_OUTPUT_RAW,0,0,0,0,0,0,0,0,1000,1000,1000,1000,0,0,0,0,0
2025-12-15 01:17:54.634,SERVO_OUTPUT_RAW,2629809791,SERVO_OUTPUT_RAW,0,0,0,0,0,0,0,0,1000,1000,1000,1000,0,0,0,0,0
2025-12-15 01:17:54.733,SERVO_OUTPUT_RAW,2629909786,SERVO_OUTPUT_RAW,0,0,0,0,0,0,0,0,1000,1000,1000,1000,0,0,0,0,0
2025-12-15 01:17:54.834,SERVO_OUTPUT_RAW,2630009802,SERVO_OUTPUT_RAW,0,0,0,0,0,0,0,0,1000,1000,1000,1000,0,0,0,0,0
2025-12-15 01:17:54.939,SERVO_OUTPUT_RAW,2630109788,SERVO_OUTPUT_RAW,0,0,0,0,0,0,0,0,1000,1000,1000,1000,0,0,0,0,0
2025-12-15 01:17:55.034,SERVO_OUTPUT_RAW,2630209794,SERVO_OUTPUT_RAW,0,0,0,0,0,0,0,0,1000,1000,1000,1000,0,0,0,0,0
2025-12-15 01:17:55.133,SERVO_OUTPUT_RAW,2630309819,SERVO_OUTPUT_RAW,0,0,0,0,0,0,0,0,1000,1000,1000,1000,0,0,0,0,0
2025-12-15 01:17:55.234,SERVO_OUTPUT_RAW,2630409826,SERVO_OUTPUT_RAW,0,0,0,0,0,0,0,0,1000,1000,1000,1000,0,0,0,0,0
2025-12-15 01:17:55.334,SERVO_OUTPUT_RAW,2630509842,SERVO_OUTPUT_RAW,0,0,0,0,0,0,0,0,1000,1000,1000,1000,0,0,0,0,0
2025-12-15 01:17:55.435,SERVO_OUTPUT_RAW,2630609808,SERVO_OUTPUT_RAW,0,0,0,0,0,0,0,0,1000,1000,1000,1000,0,0,0,0,0
2025-12-15 01:17:55.534,SERVO_OUTPUT_RAW,2630709813,SERVO_OUTPUT_RAW,0,0,0,0,0,0,0,0,1000,1000,1000,1000,0,0,0,0,0
2025-12-15 01:17:55.634,SERVO_OUTPUT_RAW,2630809853,SERVO_OUTPUT_RAW,0,0,0,0,0,0,0,0,1000,1000,1000,1000,0,0,0,0,0
2025-12-15 01:17:55.734,SERVO_OUTPUT_RAW,2630909859,SERVO_OUTPUT_RAW,0,0,0,0,0,0,0,0,1000,1000,1000,1000,0,0,0,0,0
2025-12-15 01:17:55.834,SERVO_OUTPUT_RAW,2631009792,SERVO_OUTPUT_RAW,0,0,0,0,0,0,0,0,1000,1000,1000,1000,0,0,0,0,0
2025-12-15 01:17:55.934,SERVO_OUTPUT_RAW,2631109804,SERVO_OUTPUT_RAW,0,0,0,0,0,0,0,0,1000,1000,1000,1000,0,0,0,0,0
2025-12-15 01:17:56.034,SERVO_OUTPUT_RAW,2631209872,SERVO_OUTPUT_RAW,0,0,0,0,0,0,0,0,1000,1000,1000,1000,0,0,0,0,0
2025-12-15 01:17:56.134,SERVO_OUTPUT_RAW,2631309820,SERVO_OUTPUT_RAW,0,0,0,0,0,0,0,0,1000,1000,1000,1000,0,0,0,0,0
2025-12-15 01:17:56.234,SERVO_OUTPUT_RAW,2631409780,SERVO_OUTPUT_RAW,0,0,0,0,0,0,0,0,1000,1000,1000,1000,0,0,0,0,0
2025-12-15 01:17:56.334,SERVO_OUTPUT_RAW,2631509817,SERVO_OUTPUT_RAW,0,0,0,0,0,0,0,0,1000,1000,1000,1000,0,0,0,0,0
2025-12-15 01:17:56.434,SERVO_OUTPUT_RAW,2631609806,SERVO_OUTPUT_RAW,0,0,0,0,0,0,0,0,1000,1000,1000,1000,0,0,0,0,0
2025-12-15 01:17:56.534,SERVO_OUTPUT_RAW,2631709789,SERVO_OUTPUT_RAW,0,0,0,0,0,0,0,0,1000,1000,1000,1000,0,0,0,0,0
2025-12-15 01:17:56.634,SERVO_OUTPUT_RAW,2631809816,SERVO_OUTPUT_RAW,0,0,0,0,0,0,0,0,1000,1000,1000,1000,0,0,0,0,0
2025-12-15 01:17:56.735,SERVO_OUTPUT_RAW,2631909807,SERVO_OUTPUT_RAW,0,0,0,0,0,0,0,0,1000,1000,1000,1000,0,0,0,0,0
2025-12-15 01:17:56.835,SERVO_OUTPUT_RAW,2632009842,SERVO_OUTPUT_RAW,0,0,0,0,0,0,0,0,1000,1000,1000,1000,0,0,0,0,0
2025-12-15 01:17:56.934,SERVO_OUTPUT_RAW,2632109868,SERVO_OUTPUT_RAW,0,0,0,0,0,0,0,0,1000,1000,1000,1000,0,0,0,0,0
2025-12-15 01:17:57.034,SERVO_OUTPUT_RAW,2632209795,SERVO_OUTPUT_RAW,0,0,0,0,0,0,0,0,1000,1000,1000,1000,0,0,0,0,0
2025-12-15 01:17:57.134,SERVO_OUTPUT_RAW,2632309820,SERVO_OUTPUT_RAW,0,0,0,0,0,0,0,0,1000,1000,1000,1000,0,0,0,0,0
2025-12-15 01:17:57.234,SERVO_OUTPUT_RAW,2632409837,SERVO_OUTPUT_RAW,0,0,0,0,0,0,0,0,1000,1000,1000,1000,0,0,0,0,0
2025-12-15 01:17:57.334,SERVO_OUTPUT_RAW,2632509862,SERVO_OUTPUT_RAW,0,0,0,0,0,0,0,0,1000,1000,1000,1000,0,0,0,0,0
2025-12-15 01:17:57.435,SERVO_OUTPUT_RAW,2632609799,SERVO_OUTPUT_RAW,0,0,0,0,0,0,0,0,1000,1000,1000,1000,0,0,0,0,0
2025-12-15 01:17:57.534,SERVO_OUTPUT_RAW,2632709900,SERVO_OUTPUT_RAW,0,0,0,0,0,0,0,0,1000,1000,1000,1000,0,0,0,0,0
2025-12-15 01:17:57.634,SERVO_OUTPUT_RAW,2632809829,SERVO_OUTPUT_RAW,0,0,0,0,0,0,0,0,1000,1000,1000,1000,0,0,0,0,0
2025-12-15 01:17:57.735,SERVO_OUTPUT_RAW,2632909784,SERVO_OUTPUT_RAW,0,0,0,0,0,0,0,0,1000,1000,1000,1000,0,0,0,0,0
2025-12-15 01:17:57.834,SERVO_OUTPUT_RAW,2633009777,SERVO_OUTPUT_RAW,0,0,0,0,0,0,0,0,1000,1000,1000,1000,0,0,0,0,0
2025-12-15 01:17:57.934,SERVO_OUTPUT_RAW,2633109798,SERVO_OUTPUT_RAW,0,0,0,0,0,0,0,0,1000,1000,1000,1000,0,0,0,0,0
2025-12-15 01:17:58.034,SERVO_OUTPUT_RAW,2633209788,SERVO_OUTPUT_RAW,0,0,0,0,0,0,0,0,1000,1000,1000,1000,0,0,0,0,0
2025-12-15 01:17:58.134,SERVO_OUTPUT_RAW,2633312125,SERVO_OUTPUT_RAW,0,0,0,0,0,0,0,0,1000,1000,1000,1000,0,0,0,0,0
2025-12-15 01:17:58.234,SERVO_OUTPUT_RAW,2633409822,SERVO_OUTPUT_RAW,0,0,0,0,0,0,0,0,1000,1000,1000,1000,0,0,0,0,0
2025-12-15 01:17:58.334,SERVO_OUTPUT_RAW,2633509823,SERVO_OUTPUT_RAW,0,0,0,0,0,0,0,0,1000,1000,1000,1000,0,0,0,0,0
2025-12-15 01:17:58.434,SERVO_OUTPUT_RAW,2633609865,SERVO_OUTPUT_RAW,0,0,0,0,0,0,0,0,1000,1000,1000,1000,0,0,0,0,0
2025-12-15 01:17:58.534,SERVO_OUTPUT_RAW,2633709816,SERVO_OUTPUT_RAW,0,0,0,0,0,0,0,0,1000,1000,1000,1000,0,0,0,0,0
2025-12-15 01:17:58.634,SERVO_OUTPUT_RAW,2633809805,SERVO_OUTPUT_RAW,0,0,0,0,0,0,0,0,1000,1000,1000,1000,0,0,0,0,0
2025-12-15 01:17:58.734,SERVO_OUTPUT_RAW,2633909839,SERVO_OUTPUT_RAW,0,0,0,0,0,0,0,0,1000,1000,1000,1000,0,0,0,0,0
2025-12-15 01:17:58.835,SERVO_OUTPUT_RAW,2634009859,SERVO_OUTPUT_RAW,0,0,0,0,0,0,0,0,1000,1000,1000,1000,0,0,0,0,0
2025-12-15 01:17:58.934,SERVO_OUTPUT_RAW,2634109789,SERVO_OUTPUT_RAW,0,0,0,0,0,0,0,0,1000,1000,1000,1000,0,0,0,0,0
2025-12-15 01:17:59.034,SERVO_OUTPUT_RAW,2634209794,SERVO_OUTPUT_RAW,0,0,0,0,0,0,0,0,1000,1000,1000,1000,0,0,0,0,0
2025-12-15 01:17:59.134,SERVO_OUTPUT_RAW,2634309827,SERVO_OUTPUT_RAW,0,0,0,0,0,0,0,0,1000,1000,1000,1000,0,0,0,0,0
2025-12-15 01:17:59.234,SERVO_OUTPUT_RAW,2634409837,SERVO_OUTPUT_RAW,0,0,0,0,0,0,0,0,1000,1000,1000,1000,0,0,0,0,0
2025-12-15 01:17:59.335,SERVO_OUTPUT_RAW,2634509789,SERVO_OUTPUT_RAW,0,0,0,0,0,0,0,0,1000,1000,1000,1000,0,0,0,0,0
2025-12-15 01:17:59.434,SERVO_OUTPUT_RAW,2634609781,SERVO_OUTPUT_RAW,0,0,0,0,0,0,0,0,1000,1000,1000,1000,0,0,0,0,0
2025-12-15 01:17:59.534,SERVO_OUTPUT_RAW,2634709784,SERVO_OUTPUT_RAW,0,0,0,0,0,0,0,0,1000,1000,1000,1000,0,0,0,0,0
2025-12-15 01:17:59.634,SERVO_OUTPUT_RAW,2634809777,SERVO_OUTPUT_RAW,0,0,0,0,0,0,0,0,1000,1000,1000,1000,0,0,0,0,0
2025-12-15 01:17:59.734,SERVO_OUTPUT_RAW,2634909795,SERVO_OUTPUT_RAW,0,0,0,0,0,0,0,0,1000,1000,1000,1000,0,0,0,0,0
2025-12-15 01:17:59.834,SERVO_OUTPUT_RAW,2635012149,SERVO_OUTPUT_RAW,0,0,0,0,0,0,0,0,1000,1000,1000,1000,0,0,0,0,0
2025-12-15 01:17:59.934,SERVO_OUTPUT_RAW,2635109837,SERVO_OUTPUT_RAW,0,0,0,0,0,0,0,0,1000,1000,1000,1000,0,0,0,0,0
2025-12-15 01:18:00.034,SERVO_OUTPUT_RAW,2635209865,SERVO_OUTPUT_RAW,0,0,0,0,0,0,0,0,1000,1000,1000,1000,0,0,0,0,0
2025-12-15 01:18:00.135,SERVO_OUTPUT_RAW,2635309796,SERVO_OUTPUT_RAW,0,0,0,0,0,0,0,0,1000,1000,1000,1000,0,0,0,0,0
2025-12-15 01:18:00.235,SERVO_OUTPUT_RAW,2635409936,SERVO_OUTPUT_RAW,0,0,0,0,0,0,0,0,1000,1000,1000,1000,0,0,0,0,0
2025-12-15 01:18:00.335,SERVO_OUTPUT_RAW,2635509840,SERVO_OUTPUT_RAW,0,0,0,0,0,0,0,0,1000,1000,1000,1000,0,0,0,0,0
2025-12-15 01:18:00.435,SERVO_OUTPUT_RAW,2635609840,SERVO_OUTPUT_RAW,0,0,0,0,0,0,0,0,1000,1000,1000,1000,0,0,0,0,0
2025-12-15 01:18:00.535,SERVO_OUTPUT_RAW,2635709786,SERVO_OUTPUT_RAW,0,0,0,0,0,0,0,0,1000,1000,1000,1000,0,0,0,0,0
2025-12-15 01:18:00.635,SERVO_OUTPUT_RAW,2635809813,SERVO_OUTPUT_RAW,0,0,0,0,0,0,0,0,1000,1000,1000,1000,0,0,0,0,0
2025-12-15 01:18:00.735,SERVO_OUTPUT_RAW,2635909804,SERVO_OUTPUT_RAW,0,0,0,0,0,0,0,0,1000,1000,1000,1000,0,0,0,0,0
2025-12-15 01:18:00.835,SERVO_OUTPUT_RAW,2636009789,SERVO_OUTPUT_RAW,0,0,0,0,0,0,0,0,1000,1000,1000,1000,0,0,0,0,0
2025-12-15 01:18:00.935,SERVO_OUTPUT_RAW,2636109786,SERVO_OUTPUT_RAW,0,0,0,0,0,0,0,0,1000,1000,1000,1000,0,0,0,0,0
2025-12-15 01:18:01.035,SERVO_OUTPUT_RAW,2636209790,SERVO_OUTPUT_RAW,0,0,0,0,0,0,0,0,1000,1000,1000,1000,0,0,0,0,0
2025-12-15 01:18:01.135,SERVO_OUTPUT_RAW,2636309821,SERVO_OUTPUT_RAW,0,0,0,0,0,0,0,0,1000,1000,1000,1000,0,0,0,0,0
2025-12-15 01:18:01.234,SERVO_OUTPUT_RAW,2636409789,SERVO_OUTPUT_RAW,0,0,0,0,0,0,0,0,1000,1000,1000,1000,0,0,0,0,0
2025-12-15 01:18:01.334,SERVO_OUTPUT_RAW,2636509786,SERVO_OUTPUT_RAW,0,0,0,0,0,0,0,0,1000,1000,1000,1000,0,0,0,0,0
2025-12-15 01:18:01.435,SERVO_OUTPUT_RAW,2636609838,SERVO_OUTPUT_RAW,0,0,0,0,0,0,0,0,1000,1000,1000,1000,0,0,0,0,0
2025-12-15 01:18:01.535,SERVO_OUTPUT_RAW,2636709844,SERVO_OUTPUT_RAW,0,0,0,0,0,0,0,0,1000,1000,1000,1000,0,0,0,0,0
2025-12-15 01:18:01.634,SERVO_OUTPUT_RAW,2636809797,SERVO_OUTPUT_RAW,0,0,0,0,0,0,0,0,1000,1000,1000,1000,0,0,0,0,0
2025-12-15 01:18:01.735,SERVO_OUTPUT_RAW,2636909866,SERVO_OUTPUT_RAW,0,0,0,0,0,0,0,0,1000,1000,1000,1000,0,0,0,0,0
2025-12-15 01:18:01.835,SERVO_OUTPUT_RAW,2637009823,SERVO_OUTPUT_RAW,0,0,0,0,0,0,0,0,1000,1000,1000,1000,0,0,0,0,0
2025-12-15 01:18:01.935,SERVO_OUTPUT_RAW,2637109838,SERVO_OUTPUT_RAW,0,0,0,0,0,0,0,0,1000,1000,1000,1000,0,0,0,0,0
2025-12-15 01:18:02.035,SERVO_OUTPUT_RAW,2637209857,SERVO_OUTPUT_RAW,0,0,0,0,0,0,0,0,1000,1000,1000,1000,0,0,0,0,0
2025-12-15 01:18:02.135,SERVO_OUTPUT_RAW,2637309818,SERVO_OUTPUT_RAW,0,0,0,0,0,0,0,0,1000,1000,1000,1000,0,0,0,0,0
2025-12-15 01:18:02.234,SERVO_OUTPUT_RAW,2637409820,SERVO_OUTPUT_RAW,0,0,0,0,0,0,0,0,1000,1000,1000,1000,0,0,0,0,0
2025-12-15 01:18:02.335,SERVO_OUTPUT_RAW,2637509868,SERVO_OUTPUT_RAW,0,0,0,0,0,0,0,0,1000,1000,1000,1000,0,0,0,0,0
2025-12-15 01:18:02.437,SERVO_OUTPUT_RAW,2637609777,SERVO_OUTPUT_RAW,0,0,0,0,0,0,0,0,1000,1000,1000,1000,0,0,0,0,0
2025-12-15 01:18:02.534,SERVO_OUTPUT_RAW,2637709791,SERVO_OUTPUT_RAW,0,0,0,0,0,0,0,0,1000,1000,1000,1000,0,0,0,0,0
2025-12-15 01:18:02.634,SERVO_OUTPUT_RAW,2637809776,SERVO_OUTPUT_RAW,0,0,0,0,0,0,0,0,1000,1000,1000,1000,0,0,0,0,0
2025-12-15 01:18:02.734,SERVO_OUTPUT_RAW,2637909790,SERVO_OUTPUT_RAW,0,0,0,0,0,0,0,0,1000,1000,1000,1000,0,0,0,0,0
2025-12-15 01:18:02.834,SERVO_OUTPUT_RAW,2638009799,SERVO_OUTPUT_RAW,0,0,0,0,0,0,0,0,1000,1000,1000,1000,0,0,0,0,0
2025-12-15 01:18:02.934,SERVO_OUTPUT_RAW,2638109822,SERVO_OUTPUT_RAW,0,0,0,0,0,0,0,0,1000,1000,1000,1000,0,0,0,0,0
2025-12-15 01:18:03.034,SERVO_OUTPUT_RAW,2638209845,SERVO_OUTPUT_RAW,0,0,0,0,0,0,0,0,1000,1000,1000,1000,0,0,0,0,0
2025-12-15 01:18:03.134,SERVO_OUTPUT_RAW,2638309847,SERVO_OUTPUT_RAW,0,0,0,0,0,0,0,0,1000,1000,1000,1000,0,0,0,0,0
2025-12-15 01:18:03.234,SERVO_OUTPUT_RAW,2638409816,SERVO_OUTPUT_RAW,0,0,0,0,0,0,0,0,1000,1000,1000,1000,0,0,0,0,0
2025-12-15 01:18:03.334,SERVO_OUTPUT_RAW,2638509815,SERVO_OUTPUT_RAW,0,0,0,0,0,0,0,0,1000,1000,1000,1000,0,0,0,0,0
2025-12-15 01:18:03.434,SERVO_OUTPUT_RAW,2638609840,SERVO_OUTPUT_RAW,0,0,0,0,0,0,0,0,1000,1000,1000,1000,0,0,0,0,0
2025-12-15 01:18:03.535,SERVO_OUTPUT_RAW,2638709857,SERVO_OUTPUT_RAW,0,0,0,0,0,0,0,0,1000,1000,1000,1000,0,0,0,0,0
2025-12-15 01:18:03.634,SERVO_OUTPUT_RAW,2638809776,SERVO_OUTPUT_RAW,0,0,0,0,0,0,0,0,1000,1000,1000,1000,0,0,0,0,0
2025-12-15 01:18:03.734,SERVO_OUTPUT_RAW,2638909800,SERVO_OUTPUT_RAW,0,0,0,0,0,0,0,0,1000,1000,1000,1000,0,0,0,0,0
2025-12-15 01:18:03.834,SERVO_OUTPUT_RAW,2639009821,SERVO_OUTPUT_RAW,0,0,0,0,0,0,0,0,1000,1000,1000,1000,0,0,0,0,0
2025-12-15 01:18:03.934,SERVO_OUTPUT_RAW,2639109780,SERVO_OUTPUT_RAW,0,0,0,0,0,0,0,0,1000,1000,1000,1000,0,0,0,0,0
2025-12-15 01:18:04.034,SERVO_OUTPUT_RAW,2639209778,SERVO_OUTPUT_RAW,0,0,0,0,0,0,0,0,1000,1000,1000,1000,0,0,0,0,0
2025-12-15 01:18:04.134,SERVO_OUTPUT_RAW,2639309791,SERVO_OUTPUT_RAW,0,0,0,0,0,0,0,0,1000,1000,1000,1000,0,0,0,0,0
2025-12-15 01:18:04.234,SERVO_OUTPUT_RAW,2639409792,SERVO_OUTPUT_RAW,0,0,0,0,0,0,0,0,1000,1000,1000,1000,0,0,0,0,0
2025-12-15 01:18:04.334,SERVO_OUTPUT_RAW,2639509788,SERVO_OUTPUT_RAW,0,0,0,0,0,0,0,0,1000,1000,1000,1000,0,0,0,0,0
2025-12-15 01:18:04.434,SERVO_OUTPUT_RAW,2639612180,SERVO_OUTPUT_RAW,0,0,0,0,0,0,0,0,1000,1000,1000,1000,0,0,0,0,0
2025-12-15 01:18:04.534,SERVO_OUTPUT_RAW,2639709839,SERVO_OUTPUT_RAW,0,0,0,0,0,0,0,0,1000,1000,1000,1000,0,0,0,0,0
2025-12-15 01:18:04.634,SERVO_OUTPUT_RAW,2639809801,SERVO_OUTPUT_RAW,0,0,0,0,0,0,0,0,1000,1000,1000,1000,0,0,0,0,0
2025-12-15 01:18:04.734,SERVO_OUTPUT_RAW,2639909816,SERVO_OUTPUT_RAW,0,0,0,0,0,0,0,0,1000,1000,1000,1000,0,0,0,0,0
2025-12-15 01:18:04.834,SERVO_OUTPUT_RAW,2640009786,SERVO_OUTPUT_RAW,0,0,0,0,0,0,0,0,1000,1000,1000,1000,0,0,0,0,0
2025-12-15 01:18:04.934,SERVO_OUTPUT_RAW,2640109817,SERVO_OUTPUT_RAW,0,0,0,0,0,0,0,0,1000,1000,1000,1000,0,0,0,0,0
2025-12-15 01:18:05.034,SERVO_OUTPUT_RAW,2640209877,SERVO_OUTPUT_RAW,0,0,0,0,0,0,0,0,1000,1000,1000,1000,0,0,0,0,0
2025-12-15 01:18:05.135,SERVO_OUTPUT_RAW,2640309805,SERVO_OUTPUT_RAW,0,0,0,0,0,0,0,0,1000,1000,1000,1000,0,0,0,0,0
2025-12-15 01:18:05.235,SERVO_OUTPUT_RAW,2640409799,SERVO_OUTPUT_RAW,0,0,0,0,0,0,0,0,1000,1000,1000,1000,0,0,0,0,0
2025-12-15 01:18:05.335,SERVO_OUTPUT_RAW,2640509814,SERVO_OUTPUT_RAW,0,0,0,0,0,0,0,0,1000,1000,1000,1000,0,0,0,0,0
2025-12-15 01:18:05.434,SERVO_OUTPUT_RAW,2640609819,SERVO_OUTPUT_RAW,0,0,0,0,0,0,0,0,1000,1000,1000,1000,0,0,0,0,0
2025-12-15 01:18:05.534,SERVO_OUTPUT_RAW,2640709823,SERVO_OUTPUT_RAW,0,0,0,0,0,0,0,0,1000,1000,1000,1000,0,0,0,0,0
2025-12-15 01:18:05.634,SERVO_OUTPUT_RAW,2640809807,SERVO_OUTPUT_RAW,0,0,0,0,0,0,0,0,1000,1000,1000,1000,0,0,0,0,0
2025-12-15 01:18:05.734,SERVO_OUTPUT_RAW,2640909795,SERVO_OUTPUT_RAW,0,0,0,0,0,0,0,0,1000,1000,1000,1000,0,0,0,0,0
2025-12-15 01:18:05.834,SERVO_OUTPUT_RAW,2641009784,SERVO_OUTPUT_RAW,0,0,0,0,0,0,0,0,1000,1000,1000,1000,0,0,0,0,0
2025-12-15 01:18:05.934,SERVO_OUTPUT_RAW,2641109782,SERVO_OUTPUT_RAW,0,0,0,0,0,0,0,0,1000,1000,1000,1000,0,0,0,0,0
2025-12-15 01:18:06.034,SERVO_OUTPUT_RAW,2641212136,SERVO_OUTPUT_RAW,0,0,0,0,0,0,0,0,1000,1000,1000,1000,0,0,0,0,0
2025-12-15 01:18:06.134,SERVO_OUTPUT_RAW,2641309821,SERVO_OUTPUT_RAW,0,0,0,0,0,0,0,0,1000,1000,1000,1000,0,0,0,0,0
2025-12-15 01:18:06.234,SERVO_OUTPUT_RAW,2641409840,SERVO_OUTPUT_RAW,0,0,0,0,0,0,0,0,1000,1000,1000,1000,0,0,0,0,0
2025-12-15 01:18:06.334,SERVO_OUTPUT_RAW,2641509801,SERVO_OUTPUT_RAW,0,0,0,0,0,0,0,0,1000,1000,1000,1000,0,0,0,0,0
2025-12-15 01:18:06.434,SERVO_OUTPUT_RAW,2641609807,SERVO_OUTPUT_RAW,0,0,0,0,0,0,0,0,1000,1000,1000,1000,0,0,0,0,0
2025-12-15 01:18:06.534,SERVO_OUTPUT_RAW,2641709851,SERVO_OUTPUT_RAW,0,0,0,0,0,0,0,0,1000,1000,1000,1000,0,0,0,0,0
2025-12-15 01:18:06.634,SERVO_OUTPUT_RAW,2641809861,SERVO_OUTPUT_RAW,0,0,0,0,0,0,0,0,1000,1000,1000,1000,0,0,0,0,0
2025-12-15 01:18:06.735,SERVO_OUTPUT_RAW,2641909781,SERVO_OUTPUT_RAW,0,0,0,0,0,0,0,0,1000,1000,1000,1000,0,0,0,0,0
2025-12-15 01:18:06.835,SERVO_OUTPUT_RAW,2642009803,SERVO_OUTPUT_RAW,0,0,0,0,0,0,0,0,1000,1000,1000,1000,0,0,0,0,0
2025-12-15 01:18:06.934,SERVO_OUTPUT_RAW,2642109818,SERVO_OUTPUT_RAW,0,0,0,0,0,0,0,0,1000,1000,1000,1000,0,0,0,0,0
2025-12-15 01:18:07.034,SERVO_OUTPUT_RAW,2642209821,SERVO_OUTPUT_RAW,0,0,0,0,0,0,0,0,1000,1000,1000,1000,0,0,0,0,0
2025-12-15 01:18:07.134,SERVO_OUTPUT_RAW,2642309797,SERVO_OUTPUT_RAW,0,0,0,0,0,0,0,0,1000,1000,1000,1000,0,0,0,0,0
2025-12-15 01:18:07.234,SERVO_OUTPUT_RAW,2642409788,SERVO_OUTPUT_RAW,0,0,0,0,0,0,0,0,1000,1000,1000,1000,0,0,0,0,0
2025-12-15 01:18:07.334,SERVO_OUTPUT_RAW,2642509787,SERVO_OUTPUT_RAW,0,0,0,0,0,0,0,0,1000,1000,1000,1000,0,0,0,0,0
2025-12-15 01:18:07.434,SERVO_OUTPUT_RAW,2642609799,SERVO_OUTPUT_RAW,0,0,0,0,0,0,0,0,1000,1000,1000,1000,0,0,0,0,0
2025-12-15 01:18:07.535,SERVO_OUTPUT_RAW,2642709791,SERVO_OUTPUT_RAW,0,0,0,0,0,0,0,0,1000,1000,1000,1000,0,0,0,0,0
2025-12-15 01:18:07.635,SERVO_OUTPUT_RAW,2642809838,SERVO_OUTPUT_RAW,0,0,0,0,0,0,0,0,1000,1000,1000,1000,0,0,0,0,0
2025-12-15 01:18:07.735,SERVO_OUTPUT_RAW,2642909827,SERVO_OUTPUT_RAW,0,0,0,0,0,0,0,0,1000,1000,1000,1000,0,0,0,0,0
2025-12-15 01:18:07.835,SERVO_OUTPUT_RAW,2643009847,SERVO_OUTPUT_RAW,0,0,0,0,0,0,0,0,1000,1000,1000,1000,0,0,0,0,0
2025-12-15 01:18:07.935,SERVO_OUTPUT_RAW,2643109794,SERVO_OUTPUT_RAW,0,0,0,0,0,0,0,0,1000,1000,1000,1000,0,0,0,0,0
2025-12-15 01:18:08.035,SERVO_OUTPUT_RAW,2643209814,SERVO_OUTPUT_RAW,0,0,0,0,0,0,0,0,1000,1000,1000,1000,0,0,0,0,0
2025-12-15 01:18:08.135,SERVO_OUTPUT_RAW,2643309838,SERVO_OUTPUT_RAW,0,0,0,0,0,0,0,0,1000,1000,1000,1000,0,0,0,0,0
2025-12-15 01:18:08.235,SERVO_OUTPUT_RAW,2643409837,SERVO_OUTPUT_RAW,0,0,0,0,0,0,0,0,1000,1000,1000,1000,0,0,0,0,0
2025-12-15 01:18:08.335,SERVO_OUTPUT_RAW,2643509788,SERVO_OUTPUT_RAW,0,0,0,0,0,0,0,0,1000,1000,1000,1000,0,0,0,0,0
2025-12-15 01:18:08.435,SERVO_OUTPUT_RAW,2643609803,SERVO_OUTPUT_RAW,0,0,0,0,0,0,0,0,1000,1000,1000,1000,0,0,0,0,0
2025-12-15 01:18:08.535,SERVO_OUTPUT_RAW,2643709838,SERVO_OUTPUT_RAW,0,0,0,0,0,0,0,0,1000,1000,1000,1000,0,0,0,0,0
2025-12-15 01:18:08.635,SERVO_OUTPUT_RAW,2643809863,SERVO_OUTPUT_RAW,0,0,0,0,0,0,0,0,1000,1000,1000,1000,0,0,0,0,0
2025-12-15 01:18:08.735,SERVO_OUTPUT_RAW,2643909787,SERVO_OUTPUT_RAW,0,0,0,0,0,0,0,0,1000,1000,1000,1000,0,0,0,0,0
2025-12-15 01:18:08.835,SERVO_OUTPUT_RAW,2644009793,SERVO_OUTPUT_RAW,0,0,0,0,0,0,0,0,1000,1000,1000,1000,0,0,0,0,0
2025-12-15 01:18:08.935,SERVO_OUTPUT_RAW,2644109806,SERVO_OUTPUT_RAW,0,0,0,0,0,0,0,0,1000,1000,1000,1000,0,0,0,0,0
2025-12-15 01:18:09.035,SERVO_OUTPUT_RAW,2644212123,SERVO_OUTPUT_RAW,0,0,0,0,0,0,0,0,1000,1000,1000,1000,0,0,0,0,0
2025-12-15 01:18:09.135,SERVO_OUTPUT_RAW,2644309783,SERVO_OUTPUT_RAW,0,0,0,0,0,0,0,0,1000,1000,1000,1000,0,0,0,0,0
2025-12-15 01:18:09.235,SERVO_OUTPUT_RAW,2644409833,SERVO_OUTPUT_RAW,0,0,0,0,0,0,0,0,1000,1000,1000,1000,0,0,0,0,0
2025-12-15 01:18:09.335,SERVO_OUTPUT_RAW,2644509801,SERVO_OUTPUT_RAW,0,0,0,0,0,0,0,0,1000,1000,1000,1000,0,0,0,0,0
2025-12-15 01:18:09.435,SERVO_OUTPUT_RAW,2644609811,SERVO_OUTPUT_RAW,0,0,0,0,0,0,0,0,1000,1000,1000,1000,0,0,0,0,0
2025-12-15 01:18:09.535,SERVO_OUTPUT_RAW,2644709840,SERVO_OUTPUT_RAW,0,0,0,0,0,0,0,0,1000,1000,1000,1000,0,0,0,0,0
2025-12-15 01:18:09.635,SERVO_OUTPUT_RAW,2644809812,SERVO_OUTPUT_RAW,0,0,0,0,0,0,0,0,1000,1000,1000,1000,0,0,0,0,0
2025-12-15 01:18:09.735,SERVO_OUTPUT_RAW,2644909838,SERVO_OUTPUT_RAW,0,0,0,0,0,0,0,0,1000,1000,1000,1000,0,0,0,0,0
2025-12-15 01:18:09.835,SERVO_OUTPUT_RAW,2645009826,SERVO_OUTPUT_RAW,0,0,0,0,0,0,0,0,1000,1000,1000,1000,0,0,0,0,0
2025-12-15 01:18:09.936,SERVO_OUTPUT_RAW,2645109791,SERVO_OUTPUT_RAW,0,0,0,0,0,0,0,0,1000,1000,1000,1000,0,0,0,0,0
2025-12-15 01:18:10.035,SERVO_OUTPUT_RAW,2645209829,SERVO_OUTPUT_RAW,0,0,0,0,0,0,0,0,1000,1000,1000,1000,0,0,0,0,0
2025-12-15 01:18:10.136,SERVO_OUTPUT_RAW,2645309837,SERVO_OUTPUT_RAW,0,0,0,0,0,0,0,0,1000,1000,1000,1000,0,0,0,0,0
2025-12-15 01:18:10.235,SERVO_OUTPUT_RAW,2645409791,SERVO_OUTPUT_RAW,0,0,0,0,0,0,0,0,1000,1000,1000,1000,0,0,0,0,0
2025-12-15 01:18:10.335,SERVO_OUTPUT_RAW,2645509785,SERVO_OUTPUT_RAW,0,0,0,0,0,0,0,0,1000,1000,1000,1000,0,0,0,0,0
2025-12-15 01:18:10.435,SERVO_OUTPUT_RAW,2645609787,SERVO_OUTPUT_RAW,0,0,0,0,0,0,0,0,1000,1000,1000,1000,0,0,0,0,0
2025-12-15 01:18:10.536,SERVO_OUTPUT_RAW,2645709788,SERVO_OUTPUT_RAW,0,0,0,0,0,0,0,0,1000,1000,1000,1000,0,0,0,0,0
2025-12-15 01:18:10.635,SERVO_OUTPUT_RAW,2645809784,SERVO_OUTPUT_RAW,0,0,0,0,0,0,0,0,1000,1000,1000,1000,0,0,0,0,0
2025-12-15 01:18:10.735,SERVO_OUTPUT_RAW,2645912163,SERVO_OUTPUT_RAW,0,0,0,0,0,0,0,0,1000,1000,1000,1000,0,0,0,0,0
2025-12-15 01:18:10.835,SERVO_OUTPUT_RAW,2646009867,SERVO_OUTPUT_RAW,0,0,0,0,0,0,0,0,1000,1000,1000,1000,0,0,0,0,0
2025-12-15 01:18:10.935,SERVO_OUTPUT_RAW,2646109860,SERVO_OUTPUT_RAW,0,0,0,0,0,0,0,0,1000,1000,1000,1000,0,0,0,0,0
2025-12-15 01:18:11.035,SERVO_OUTPUT_RAW,2646209814,SERVO_OUTPUT_RAW,0,0,0,0,0,0,0,0,1000,1000,1000,1000,0,0,0,0,0
2025-12-15 01:18:11.135,SERVO_OUTPUT_RAW,2646309813,SERVO_OUTPUT_RAW,0,0,0,0,0,0,0,0,1000,1000,1000,1000,0,0,0,0,0
2025-12-15 01:18:11.235,SERVO_OUTPUT_RAW,2646409840,SERVO_OUTPUT_RAW,0,0,0,0,0,0,0,0,1000,1000,1000,1000,0,0,0,0,0
2025-12-15 01:18:11.335,SERVO_OUTPUT_RAW,2646509839,SERVO_OUTPUT_RAW,0,0,0,0,0,0,0,0,1000,1000,1000,1000,0,0,0,0,0
2025-12-15 01:18:11.435,SERVO_OUTPUT_RAW,2646609804,SERVO_OUTPUT_RAW,0,0,0,0,0,0,0,0,1000,1000,1000,1000,0,0,0,0,0
2025-12-15 01:18:11.535,SERVO_OUTPUT_RAW,2646709804,SERVO_OUTPUT_RAW,0,0,0,0,0,0,0,0,1000,1000,1000,1000,0,0,0,0,0
2025-12-15 01:18:11.635,SERVO_OUTPUT_RAW,2646809809,SERVO_OUTPUT_RAW,0,0,0,0,0,0,0,0,1000,1000,1000,1000,0,0,0,0,0
2025-12-15 01:18:11.735,SERVO_OUTPUT_RAW,2646909816,SERVO_OUTPUT_RAW,0,0,0,0,0,0,0,0,1000,1000,1000,1000,0,0,0,0,0
2025-12-15 01:18:11.835,SERVO_OUTPUT_RAW,2647009796,SERVO_OUTPUT_RAW,0,0,0,0,0,0,0,0,1000,1000,1000,1000,0,0,0,0,0
2025-12-15 01:18:11.935,SERVO_OUTPUT_RAW,2647109792,SERVO_OUTPUT_RAW,0,0,0,0,0,0,0,0,1000,1000,1000,1000,0,0,0,0,0
2025-12-15 01:18:12.034,SERVO_OUTPUT_RAW,2647209776,SERVO_OUTPUT_RAW,0,0,0,0,0,0,0,0,1000,1000,1000,1000,0,0,0,0,0
2025-12-15 01:18:12.134,SERVO_OUTPUT_RAW,2647309784,SERVO_OUTPUT_RAW,0,0,0,0,0,0,0,0,1000,1000,1000,1000,0,0,0,0,0
2025-12-15 01:18:12.234,SERVO_OUTPUT_RAW,2647409789,SERVO_OUTPUT_RAW,0,0,0,0,0,0,0,0,1000,1000,1000,1000,0,0,0,0,0
2025-12-15 01:18:12.334,SERVO_OUTPUT_RAW,2647509816,SERVO_OUTPUT_RAW,0,0,0,0,0,0,0,0,1000,1000,1000,1000,0,0,0,0,0
2025-12-15 01:18:12.436,SERVO_OUTPUT_RAW,2647609860,SERVO_OUTPUT_RAW,0,0,0,0,0,0,0,0,1000,1000,1000,1000,0,0,0,0,0
2025-12-15 01:18:12.534,SERVO_OUTPUT_RAW,2647709789,SERVO_OUTPUT_RAW,0,0,0,0,0,0,0,0,1000,1000,1000,1000,0,0,0,0,0
2025-12-15 01:18:12.634,SERVO_OUTPUT_RAW,2647809778,SERVO_OUTPUT_RAW,0,0,0,0,0,0,0,0,1000,1000,1000,1000,0,0,0,0,0
2025-12-15 01:18:12.735,SERVO_OUTPUT_RAW,2647909814,SERVO_OUTPUT_RAW,0,0,0,0,0,0,0,0,1000,1000,1000,1000,0,0,0,0,0
2025-12-15 01:18:12.834,SERVO_OUTPUT_RAW,2648009864,SERVO_OUTPUT_RAW,0,0,0,0,0,0,0,0,1000,1000,1000,1000,0,0,0,0,0
2025-12-15 01:18:12.935,SERVO_OUTPUT_RAW,2648109839,SERVO_OUTPUT_RAW,0,0,0,0,0,0,0,0,1000,1000,1000,1000,0,0,0,0,0
2025-12-15 01:18:13.034,SERVO_OUTPUT_RAW,2648209782,SERVO_OUTPUT_RAW,0,0,0,0,0,0,0,0,1000,1000,1000,1000,0,0,0,0,0
2025-12-15 01:18:13.135,SERVO_OUTPUT_RAW,2648309815,SERVO_OUTPUT_RAW,0,0,0,0,0,0,0,0,1000,1000,1000,1000,0,0,0,0,0
2025-12-15 01:18:13.234,SERVO_OUTPUT_RAW,2648409817,SERVO_OUTPUT_RAW,0,0,0,0,0,0,0,0,1000,1000,1000,1000,0,0,0,0,0
2025-12-15 01:18:13.334,SERVO_OUTPUT_RAW,2648509786,SERVO_OUTPUT_RAW,0,0,0,0,0,0,0,0,1000,1000,1000,1000,0,0,0,0,0
2025-12-15 01:18:13.434,SERVO_OUTPUT_RAW,2648609806,SERVO_OUTPUT_RAW,0,0,0,0,0,0,0,0,1000,1000,1000,1000,0,0,0,0,0
2025-12-15 01:18:13.534,SERVO_OUTPUT_RAW,2648709793,SERVO_OUTPUT_RAW,0,0,0,0,0,0,0,0,1000,1000,1000,1000,0,0,0,0,0
2025-12-15 01:18:13.634,SERVO_OUTPUT_RAW,2648809794,SERVO_OUTPUT_RAW,0,0,0,0,0,0,0,0,1000,1000,1000,1000,0,0,0,0,0
2025-12-15 01:18:13.734,SERVO_OUTPUT_RAW,2648909804,SERVO_OUTPUT_RAW,0,0,0,0,0,0,0,0,1000,1000,1000,1000,0,0,0,0,0
2025-12-15 01:18:13.834,SERVO_OUTPUT_RAW,2649009788,SERVO_OUTPUT_RAW,0,0,0,0,0,0,0,0,1000,1000,1000,1000,0,0,0,0,0
2025-12-15 01:18:13.934,SERVO_OUTPUT_RAW,2649109833,SERVO_OUTPUT_RAW,0,0,0,0,0,0,0,0,1000,1000,1000,1000,0,0,0,0,0
2025-12-15 01:18:14.034,SERVO_OUTPUT_RAW,2649209829,SERVO_OUTPUT_RAW,0,0,0,0,0,0,0,0,1000,1000,1000,1000,0,0,0,0,0
2025-12-15 01:18:14.135,SERVO_OUTPUT_RAW,2649309807,SERVO_OUTPUT_RAW,0,0,0,0,0,0,0,0,1000,1000,1000,1000,0,0,0,0,0
2025-12-15 01:18:14.235,SERVO_OUTPUT_RAW,2649409804,SERVO_OUTPUT_RAW,0,0,0,0,0,0,0,0,1000,1000,1000,1000,0,0,0,0,0
2025-12-15 01:18:14.335,SERVO_OUTPUT_RAW,2649509837,SERVO_OUTPUT_RAW,0,0,0,0,0,0,0,0,1000,1000,1000,1000,0,0,0,0,0
2025-12-15 01:18:14.434,SERVO_OUTPUT_RAW,2649609860,SERVO_OUTPUT_RAW,0,0,0,0,0,0,0,0,1000,1000,1000,1000,0,0,0,0,0
2025-12-15 01:18:14.534,SERVO_OUTPUT_RAW,2649709788,SERVO_OUTPUT_RAW,0,0,0,0,0,0,0,0,1000,1000,1000,1000,0,0,0,0,0
2025-12-15 01:18:14.635,SERVO_OUTPUT_RAW,2649809811,SERVO_OUTPUT_RAW,0,0,0,0,0,0,0,0,1000,1000,1000,1000,0,0,0,0,0
2025-12-15 01:18:14.735,SERVO_OUTPUT_RAW,2649909845,SERVO_OUTPUT_RAW,0,0,0,0,0,0,0,0,1000,1000,1000,1000,0,0,0,0,0
2025-12-15 01:18:14.835,SERVO_OUTPUT_RAW,2650009816,SERVO_OUTPUT_RAW,0,0,0,0,0,0,0,0,1000,1000,1000,1000,0,0,0,0,0
2025-12-15 01:18:14.935,SERVO_OUTPUT_RAW,2650109878,SERVO_OUTPUT_RAW,0,0,0,0,0,0,0,0,1000,1000,1000,1000,0,0,0,0,0
2025-12-15 01:18:15.034,SERVO_OUTPUT_RAW,2650209777,SERVO_OUTPUT_RAW,0,0,0,0,0,0,0,0,1000,1000,1000,1000,0,0,0,0,0
2025-12-15 01:18:15.135,SERVO_OUTPUT_RAW,2650309781,SERVO_OUTPUT_RAW,0,0,0,0,0,0,0,0,1000,1000,1000,1000,0,0,0,0,0
2025-12-15 01:18:15.235,SERVO_OUTPUT_RAW,2650409792,SERVO_OUTPUT_RAW,0,0,0,0,0,0,0,0,1000,1000,1000,1000,0,0,0,0,0
2025-12-15 01:18:15.335,SERVO_OUTPUT_RAW,2650509785,SERVO_OUTPUT_RAW,0,0,0,0,0,0,0,0,1000,1000,1000,1000,0,0,0,0,0
2025-12-15 01:18:15.435,SERVO_OUTPUT_RAW,2650609809,SERVO_OUTPUT_RAW,0,0,0,0,0,0,0,0,1000,1000,1000,1000,0,0,0,0,0
2025-12-15 01:18:15.535,SERVO_OUTPUT_RAW,2650709879,SERVO_OUTPUT_RAW,0,0,0,0,0,0,0,0,1000,1000,1000,1000,0,0,0,0,0
2025-12-15 01:18:15.635,SERVO_OUTPUT_RAW,2650809801,SERVO_OUTPUT_RAW,0,0,0,0,0,0,0,0,1000,1000,1000,1000,0,0,0,0,0
2025-12-15 01:18:15.735,SERVO_OUTPUT_RAW,2650909803,SERVO_OUTPUT_RAW,0,0,0,0,0,0,0,0,1000,1000,1000,1000,0,0,0,0,0
2025-12-15 01:18:15.835,SERVO_OUTPUT_RAW,2651009814,SERVO_OUTPUT_RAW,0,0,0,0,0,0,0,0,1000,1000,1000,1000,0,0,0,0,0
2025-12-15 01:18:15.935,SERVO_OUTPUT_RAW,2651109852,SERVO_OUTPUT_RAW,0,0,0,0,0,0,0,0,1000,1000,1000,1000,0,0,0,0,0
2025-12-15 01:18:16.035,SERVO_OUTPUT_RAW,2651209848,SERVO_OUTPUT_RAW,0,0,0,0,0,0,0,0,1000,1000,1000,1000,0,0,0,0,0
2025-12-15 01:18:16.135,SERVO_OUTPUT_RAW,2651309779,SERVO_OUTPUT_RAW,0,0,0,0,0,0,0,0,1000,1000,1000,1000,0,0,0,0,0
2025-12-15 01:18:16.235,SERVO_OUTPUT_RAW,2651409799,SERVO_OUTPUT_RAW,0,0,0,0,0,0,0,0,1000,1000,1000,1000,0,0,0,0,0
2025-12-15 01:18:16.335,SERVO_OUTPUT_RAW,2651509818,SERVO_OUTPUT_RAW,0,0,0,0,0,0,0,0,1000,1000,1000,1000,0,0,0,0,0
2025-12-15 01:18:16.435,SERVO_OUTPUT_RAW,2651609815,SERVO_OUTPUT_RAW,0,0,0,0,0,0,0,0,1000,1000,1000,1000,0,0,0,0,0
2025-12-15 01:18:16.535,SERVO_OUTPUT_RAW,2651709794,SERVO_OUTPUT_RAW,0,0,0,0,0,0,0,0,1000,1000,1000,1000,0,0,0,0,0
2025-12-15 01:18:16.635,SERVO_OUTPUT_RAW,2651809803,SERVO_OUTPUT_RAW,0,0,0,0,0,0,0,0,1000,1000,1000,1000,0,0,0,0,0
2025-12-15 01:18:16.735,SERVO_OUTPUT_RAW,2651909787,SERVO_OUTPUT_RAW,0,0,0,0,0,0,0,0,1000,1000,1000,1000,0,0,0,0,0
2025-12-15 01:18:16.835,SERVO_OUTPUT_RAW,2652009808,SERVO_OUTPUT_RAW,0,0,0,0,0,0,0,0,1000,1000,1000,1000,0,0,0,0,0
2025-12-15 01:18:16.935,SERVO_OUTPUT_RAW,2652112127,SERVO_OUTPUT_RAW,0,0,0,0,0,0,0,0,1000,1000,1000,1000,0,0,0,0,0
2025-12-15 01:18:17.035,SERVO_OUTPUT_RAW,2652212167,SERVO_OUTPUT_RAW,0,0,0,0,0,0,0,0,1000,1000,1000,1000,0,0,0,0,0
2025-12-15 01:18:17.135,SERVO_OUTPUT_RAW,2652309787,SERVO_OUTPUT_RAW,0,0,0,0,0,0,0,0,1000,1000,1000,1000,0,0,0,0,0
2025-12-15 01:18:17.235,SERVO_OUTPUT_RAW,2652409803,SERVO_OUTPUT_RAW,0,0,0,0,0,0,0,0,1000,1000,1000,1000,0,0,0,0,0
2025-12-15 01:18:17.335,SERVO_OUTPUT_RAW,2652509830,SERVO_OUTPUT_RAW,0,0,0,0,0,0,0,0,1000,1000,1000,1000,0,0,0,0,0
2025-12-15 01:18:17.436,SERVO_OUTPUT_RAW,2652609813,SERVO_OUTPUT_RAW,0,0,0,0,0,0,0,0,1000,1000,1000,1000,0,0,0,0,0
2025-12-15 01:18:17.535,SERVO_OUTPUT_RAW,2652709839,SERVO_OUTPUT_RAW,0,0,0,0,0,0,0,0,1000,1000,1000,1000,0,0,0,0,0
2025-12-15 01:18:17.635,SERVO_OUTPUT_RAW,2652809868,SERVO_OUTPUT_RAW,0,0,0,0,0,0,0,0,1000,1000,1000,1000,0,0,0,0,0
2025-12-15 01:18:17.735,SERVO_OUTPUT_RAW,2652909792,SERVO_OUTPUT_RAW,0,0,0,0,0,0,0,0,1000,1000,1000,1000,0,0,0,0,0
2025-12-15 01:18:17.835,SERVO_OUTPUT_RAW,2653009819,SERVO_OUTPUT_RAW,0,0,0,0,0,0,0,0,1000,1000,1000,1000,0,0,0,0,0
2025-12-15 01:18:17.935,SERVO_OUTPUT_RAW,2653109834,SERVO_OUTPUT_RAW,0,0,0,0,0,0,0,0,1000,1000,1000,1000,0,0,0,0,0
2025-12-15 01:18:18.035,SERVO_OUTPUT_RAW,2653209780,SERVO_OUTPUT_RAW,0,0,0,0,0,0,0,0,1000,1000,1000,1000,0,0,0,0,0
2025-12-15 01:18:18.137,SERVO_OUTPUT_RAW,2653309783,SERVO_OUTPUT_RAW,0,0,0,0,0,0,0,0,1000,1000,1000,1000,0,0,0,0,0
2025-12-15 01:18:18.236,SERVO_OUTPUT_RAW,2653409812,SERVO_OUTPUT_RAW,0,0,0,0,0,0,0,0,1000,1000,1000,1000,0,0,0,0,0
2025-12-15 01:18:18.335,SERVO_OUTPUT_RAW,2653509791,SERVO_OUTPUT_RAW,0,0,0,0,0,0,0,0,1000,1000,1000,1000,0,0,0,0,0
2025-12-15 01:18:18.435,SERVO_OUTPUT_RAW,2653609788,SERVO_OUTPUT_RAW,0,0,0,0,0,0,0,0,1000,1000,1000,1000,0,0,0,0,0
2025-12-15 01:18:18.535,SERVO_OUTPUT_RAW,2653709796,SERVO_OUTPUT_RAW,0,0,0,0,0,0,0,0,1000,1000,1000,1000,0,0,0,0,0
2025-12-15 01:18:18.635,SERVO_OUTPUT_RAW,2653809827,SERVO_OUTPUT_RAW,0,0,0,0,0,0,0,0,1000,1000,1000,1000,0,0,0,0,0
2025-12-15 01:18:18.735,SERVO_OUTPUT_RAW,2653909837,SERVO_OUTPUT_RAW,0,0,0,0,0,0,0,0,1000,1000,1000,1000,0,0,0,0,0
2025-12-15 01:18:18.835,SERVO_OUTPUT_RAW,2654009783,SERVO_OUTPUT_RAW,0,0,0,0,0,0,0,0,1000,1000,1000,1000,0,0,0,0,0
2025-12-15 01:18:18.936,SERVO_OUTPUT_RAW,2654109806,SERVO_OUTPUT_RAW,0,0,0,0,0,0,0,0,1000,1000,1000,1000,0,0,0,0,0
2025-12-15 01:18:19.035,SERVO_OUTPUT_RAW,2654209842,SERVO_OUTPUT_RAW,0,0,0,0,0,0,0,0,1000,1000,1000,1000,0,0,0,0,0
2025-12-15 01:18:19.135,SERVO_OUTPUT_RAW,2654309856,SERVO_OUTPUT_RAW,0,0,0,0,0,0,0,0,1000,1000,1000,1000,0,0,0,0,0
2025-12-15 01:18:19.235,SERVO_OUTPUT_RAW,2654409852,SERVO_OUTPUT_RAW,0,0,0,0,0,0,0,0,1000,1000,1000,1000,0,0,0,0,0
2025-12-15 01:18:19.335,SERVO_OUTPUT_RAW,2654509805,SERVO_OUTPUT_RAW,0,0,0,0,0,0,0,0,1000,1000,1000,1000,0,0,0,0,0
2025-12-15 01:18:19.435,SERVO_OUTPUT_RAW,2654609824,SERVO_OUTPUT_RAW,0,0,0,0,0,0,0,0,1000,1000,1000,1000,0,0,0,0,0
2025-12-15 01:18:19.535,SERVO_OUTPUT_RAW,2654709819,SERVO_OUTPUT_RAW,0,0,0,0,0,0,0,0,1000,1000,1000,1000,0,0,0,0,0
2025-12-15 01:18:19.635,SERVO_OUTPUT_RAW,2654809779,SERVO_OUTPUT_RAW,0,0,0,0,0,0,0,0,1000,1000,1000,1000,0,0,0,0,0
2025-12-15 01:18:19.735,SERVO_OUTPUT_RAW,2654909772,SERVO_OUTPUT_RAW,0,0,0,0,0,0,0,0,1000,1000,1000,1000,0,0,0,0,0
2025-12-15 01:18:19.835,SERVO_OUTPUT_RAW,2655009777,SERVO_OUTPUT_RAW,0,0,0,0,0,0,0,0,1000,1000,1000,1000,0,0,0,0,0
2025-12-15 01:18:19.936,SERVO_OUTPUT_RAW,2655109788,SERVO_OUTPUT_RAW,0,0,0,0,0,0,0,0,1000,1000,1000,1000,0,0,0,0,0
2025-12-15 01:18:20.036,SERVO_OUTPUT_RAW,2655209797,SERVO_OUTPUT_RAW,0,0,0,0,0,0,0,0,1000,1000,1000,1000,0,0,0,0,0
2025-12-15 01:18:20.136,SERVO_OUTPUT_RAW,2655312144,SERVO_OUTPUT_RAW,0,0,0,0,0,0,0,0,1000,1000,1000,1000,0,0,0,0,0
2025-12-15 01:18:20.236,SERVO_OUTPUT_RAW,2655412163,SERVO_OUTPUT_RAW,0,0,0,0,0,0,0,0,1000,1000,1000,1000,0,0,0,0,0
2025-12-15 01:18:20.335,SERVO_OUTPUT_RAW,2655509855,SERVO_OUTPUT_RAW,0,0,0,0,0,0,0,0,1000,1000,1000,1000,0,0,0,0,0
2025-12-15 01:18:20.435,SERVO_OUTPUT_RAW,2655609784,SERVO_OUTPUT_RAW,0,0,0,0,0,0,0,0,1000,1000,1000,1000,0,0,0,0,0
2025-12-15 01:18:20.535,SERVO_OUTPUT_RAW,2655709836,SERVO_OUTPUT_RAW,0,0,0,0,0,0,0,0,1000,1000,1000,1000,0,0,0,0,0
2025-12-15 01:18:20.635,SERVO_OUTPUT_RAW,2655809846,SERVO_OUTPUT_RAW,0,0,0,0,0,0,0,0,1000,1000,1000,1000,0,0,0,0,0
2025-12-15 01:18:20.735,SERVO_OUTPUT_RAW,2655909780,SERVO_OUTPUT_RAW,0,0,0,0,0,0,0,0,1000,1000,1000,1000,0,0,0,0,0
2025-12-15 01:18:20.835,SERVO_OUTPUT_RAW,2656009788,SERVO_OUTPUT_RAW,0,0,0,0,0,0,0,0,1000,1000,1000,1000,0,0,0,0,0
2025-12-15 01:18:20.935,SERVO_OUTPUT_RAW,2656109826,SERVO_OUTPUT_RAW,0,0,0,0,0,0,0,0,1000,1000,1000,1000,0,0,0,0,0
2025-12-15 01:18:21.035,SERVO_OUTPUT_RAW,2656209813,SERVO_OUTPUT_RAW,0,0,0,0,0,0,0,0,1000,1000,1000,1000,0,0,0,0,0
2025-12-15 01:18:21.136,SERVO_OUTPUT_RAW,2656309835,SERVO_OUTPUT_RAW,0,0,0,0,0,0,0,0,1000,1000,1000,1000,0,0,0,0,0
2025-12-15 01:18:21.235,SERVO_OUTPUT_RAW,2656409873,SERVO_OUTPUT_RAW,0,0,0,0,0,0,0,0,1000,1000,1000,1000,0,0,0,0,0
2025-12-15 01:18:21.335,SERVO_OUTPUT_RAW,2656509797,SERVO_OUTPUT_RAW,0,0,0,0,0,0,0,0,1000,1000,1000,1000,0,0,0,0,0
2025-12-15 01:18:21.434,SERVO_OUTPUT_RAW,2656609796,SERVO_OUTPUT_RAW,0,0,0,0,0,0,0,0,1000,1000,1000,1000,0,0,0,0,0
2025-12-15 01:18:21.534,SERVO_OUTPUT_RAW,2656709801,SERVO_OUTPUT_RAW,0,0,0,0,0,0,0,0,1000,1000,1000,1000,0,0,0,0,0
2025-12-15 01:18:21.634,SERVO_OUTPUT_RAW,2656809796,SERVO_OUTPUT_RAW,0,0,0,0,0,0,0,0,1000,1000,1000,1000,0,0,0,0,0
2025-12-15 01:18:21.734,SERVO_OUTPUT_RAW,2656909832,SERVO_OUTPUT_RAW,0,0,0,0,0,0,0,0,1000,1000,1000,1000,0,0,0,0,0
2025-12-15 01:18:21.834,SERVO_OUTPUT_RAW,2657009858,SERVO_OUTPUT_RAW,0,0,0,0,0,0,0,0,1000,1000,1000,1000,0,0,0,0,0
2025-12-15 01:18:21.934,SERVO_OUTPUT_RAW,2657109807,SERVO_OUTPUT_RAW,0,0,0,0,0,0,0,0,1000,1000,1000,1000,0,0,0,0,0
2025-12-15 01:18:22.034,SERVO_OUTPUT_RAW,2657209830,SERVO_OUTPUT_RAW,0,0,0,0,0,0,0,0,1000,1000,1000,1000,0,0,0,0,0
2025-12-15 01:18:22.134,SERVO_OUTPUT_RAW,2657309831,SERVO_OUTPUT_RAW,0,0,0,0,0,0,0,0,1000,1000,1000,1000,0,0,0,0,0
2025-12-15 01:18:22.234,SERVO_OUTPUT_RAW,2657409849,SERVO_OUTPUT_RAW,0,0,0,0,0,0,0,0,1000,1000,1000,1000,0,0,0,0,0
2025-12-15 01:18:22.334,SERVO_OUTPUT_RAW,2657509811,SERVO_OUTPUT_RAW,0,0,0,0,0,0,0,0,1000,1000,1000,1000,0,0,0,0,0
2025-12-15 01:18:22.435,SERVO_OUTPUT_RAW,2657609809,SERVO_OUTPUT_RAW,0,0,0,0,0,0,0,0,1000,1000,1000,1000,0,0,0,0,0
2025-12-15 01:18:22.536,SERVO_OUTPUT_RAW,2657709824,SERVO_OUTPUT_RAW,0,0,0,0,0,0,0,0,1000,1000,1000,1000,0,0,0,0,0
2025-12-15 01:18:22.635,SERVO_OUTPUT_RAW,2657809809,SERVO_OUTPUT_RAW,0,0,0,0,0,0,0,0,1000,1000,1000,1000,0,0,0,0,0
2025-12-15 01:18:22.735,SERVO_OUTPUT_RAW,2657909786,SERVO_OUTPUT_RAW,0,0,0,0,0,0,0,0,1000,1000,1000,1000,0,0,0,0,0
2025-12-15 01:18:22.835,SERVO_OUTPUT_RAW,2658009778,SERVO_OUTPUT_RAW,0,0,0,0,0,0,0,0,1000,1000,1000,1000,0,0,0,0,0
2025-12-15 01:18:22.935,SERVO_OUTPUT_RAW,2658109798,SERVO_OUTPUT_RAW,0,0,0,0,0,0,0,0,1000,1000,1000,1000,0,0,0,0,0
2025-12-15 01:18:23.035,SERVO_OUTPUT_RAW,2658209788,SERVO_OUTPUT_RAW,0,0,0,0,0,0,0,0,1000,1000,1000,1000,0,0,0,0,0
2025-12-15 01:18:23.135,SERVO_OUTPUT_RAW,2658312116,SERVO_OUTPUT_RAW,0,0,0,0,0,0,0,0,1000,1000,1000,1000,0,0,0,0,0
2025-12-15 01:18:23.235,SERVO_OUTPUT_RAW,2658409812,SERVO_OUTPUT_RAW,0,0,0,0,0,0,0,0,1000,1000,1000,1000,0,0,0,0,0
2025-12-15 01:18:23.335,SERVO_OUTPUT_RAW,2658512173,SERVO_OUTPUT_RAW,0,0,0,0,0,0,0,0,1000,1000,1000,1000,0,0,0,0,0
2025-12-15 01:18:23.435,SERVO_OUTPUT_RAW,2658609868,SERVO_OUTPUT_RAW,0,0,0,0,0,0,0,0,1000,1000,1000,1000,0,0,0,0,0
2025-12-15 01:18:23.535,SERVO_OUTPUT_RAW,2658709815,SERVO_OUTPUT_RAW,0,0,0,0,0,0,0,0,1000,1000,1000,1000,0,0,0,0,0
2025-12-15 01:18:23.635,SERVO_OUTPUT_RAW,2658809852,SERVO_OUTPUT_RAW,0,0,0,0,0,0,0,0,1000,1000,1000,1000,0,0,0,0,0
2025-12-15 01:18:23.735,SERVO_OUTPUT_RAW,2658909838,SERVO_OUTPUT_RAW,0,0,0,0,0,0,0,0,1000,1000,1000,1000,0,0,0,0,0
2025-12-15 01:18:23.835,SERVO_OUTPUT_RAW,2659009857,SERVO_OUTPUT_RAW,0,0,0,0,0,0,0,0,1000,1000,1000,1000,0,0,0,0,0
2025-12-15 01:18:23.935,SERVO_OUTPUT_RAW,2659109786,SERVO_OUTPUT_RAW,0,0,0,0,0,0,0,0,1000,1000,1000,1000,0,0,0,0,0
2025-12-15 01:18:24.035,SERVO_OUTPUT_RAW,2659209791,SERVO_OUTPUT_RAW,0,0,0,0,0,0,0,0,1000,1000,1000,1000,0,0,0,0,0
2025-12-15 01:18:24.135,SERVO_OUTPUT_RAW,2659309812,SERVO_OUTPUT_RAW,0,0,0,0,0,0,0,0,1000,1000,1000,1000,0,0,0,0,0
2025-12-15 01:18:24.235,SERVO_OUTPUT_RAW,2659409779,SERVO_OUTPUT_RAW,0,0,0,0,0,0,0,0,1000,1000,1000,1000,0,0,0,0,0
2025-12-15 01:18:24.335,SERVO_OUTPUT_RAW,2659509776,SERVO_OUTPUT_RAW,0,0,0,0,0,0,0,0,1000,1000,1000,1000,0,0,0,0,0
2025-12-15 01:18:24.435,SERVO_OUTPUT_RAW,2659609812,SERVO_OUTPUT_RAW,0,0,0,0,0,0,0,0,1000,1000,1000,1000,0,0,0,0,0
2025-12-15 01:18:24.535,SERVO_OUTPUT_RAW,2659709808,SERVO_OUTPUT_RAW,0,0,0,0,0,0,0,0,1000,1000,1000,1000,0,0,0,0,0
2025-12-15 01:18:24.635,SERVO_OUTPUT_RAW,2659809788,SERVO_OUTPUT_RAW,0,0,0,0,0,0,0,0,1000,1000,1000,1000,0,0,0,0,0
2025-12-15 01:18:24.735,SERVO_OUTPUT_RAW,2659909792,SERVO_OUTPUT_RAW,0,0,0,0,0,0,0,0,1000,1000,1000,1000,0,0,0,0,0
2025-12-15 01:18:24.835,SERVO_OUTPUT_RAW,2660009847,SERVO_OUTPUT_RAW,0,0,0,0,0,0,0,0,1000,1000,1000,1000,0,0,0,0,0
2025-12-15 01:18:24.940,SERVO_OUTPUT_RAW,2660109842,SERVO_OUTPUT_RAW,0,0,0,0,0,0,0,0,1000,1000,1000,1000,0,0,0,0,0
2025-12-15 01:18:25.035,SERVO_OUTPUT_RAW,2660209853,SERVO_OUTPUT_RAW,0,0,0,0,0,0,0,0,1000,1000,1000,1000,0,0,0,0,0
2025-12-15 01:18:25.135,SERVO_OUTPUT_RAW,2660309796,SERVO_OUTPUT_RAW,0,0,0,0,0,0,0,0,1000,1000,1000,1000,0,0,0,0,0
2025-12-15 01:18:25.235,SERVO_OUTPUT_RAW,2660409818,SERVO_OUTPUT_RAW,0,0,0,0,0,0,0,0,1000,1000,1000,1000,0,0,0,0,0
2025-12-15 01:18:25.335,SERVO_OUTPUT_RAW,2660509830,SERVO_OUTPUT_RAW,0,0,0,0,0,0,0,0,1000,1000,1000,1000,0,0,0,0,0
2025-12-15 01:18:25.435,SERVO_OUTPUT_RAW,2660609853,SERVO_OUTPUT_RAW,0,0,0,0,0,0,0,0,1000,1000,1000,1000,0,0,0,0,0
2025-12-15 01:18:25.535,SERVO_OUTPUT_RAW,2660709788,SERVO_OUTPUT_RAW,0,0,0,0,0,0,0,0,1000,1000,1000,1000,0,0,0,0,0
2025-12-15 01:18:25.635,SERVO_OUTPUT_RAW,2660809812,SERVO_OUTPUT_RAW,0,0,0,0,0,0,0,0,1000,1000,1000,1000,0,0,0,0,0
2025-12-15 01:18:25.735,SERVO_OUTPUT_RAW,2660909823,SERVO_OUTPUT_RAW,0,0,0,0,0,0,0,0,1000,1000,1000,1000,0,0,0,0,0
2025-12-15 01:18:25.835,SERVO_OUTPUT_RAW,2661009836,SERVO_OUTPUT_RAW,0,0,0,0,0,0,0,0,1000,1000,1000,1000,0,0,0,0,0
2025-12-15 01:18:25.935,SERVO_OUTPUT_RAW,2661109787,SERVO_OUTPUT_RAW,0,0,0,0,0,0,0,0,1000,1000,1000,1000,0,0,0,0,0
2025-12-15 01:18:26.035,SERVO_OUTPUT_RAW,2661209816,SERVO_OUTPUT_RAW,0,0,0,0,0,0,0,0,1000,1000,1000,1000,0,0,0,0,0
2025-12-15 01:18:26.135,SERVO_OUTPUT_RAW,2661309789,SERVO_OUTPUT_RAW,0,0,0,0,0,0,0,0,1000,1000,1000,1000,0,0,0,0,0
2025-12-15 01:18:26.235,SERVO_OUTPUT_RAW,2661409794,SERVO_OUTPUT_RAW,0,0,0,0,0,0,0,0,1000,1000,1000,1000,0,0,0,0,0
2025-12-15 01:18:26.335,SERVO_OUTPUT_RAW,2661509850,SERVO_OUTPUT_RAW,0,0,0,0,0,0,0,0,1000,1000,1000,1000,0,0,0,0,0
2025-12-15 01:18:26.435,SERVO_OUTPUT_RAW,2661609818,SERVO_OUTPUT_RAW,0,0,0,0,0,0,0,0,1000,1000,1000,1000,0,0,0,0,0
2025-12-15 01:18:26.535,SERVO_OUTPUT_RAW,2661709850,SERVO_OUTPUT_RAW,0,0,0,0,0,0,0,0,1000,1000,1000,1000,0,0,0,0,0
2025-12-15 01:18:26.635,SERVO_OUTPUT_RAW,2661809775,SERVO_OUTPUT_RAW,0,0,0,0,0,0,0,0,1000,1000,1000,1000,0,0,0,0,0
2025-12-15 01:18:26.735,SERVO_OUTPUT_RAW,2661909792,SERVO_OUTPUT_RAW,0,0,0,0,0,0,0,0,1000,1000,1000,1000,0,0,0,0,0
2025-12-15 01:18:26.835,SERVO_OUTPUT_RAW,2662009846,SERVO_OUTPUT_RAW,0,0,0,0,0,0,0,0,1000,1000,1000,1000,0,0,0,0,0
2025-12-15 01:18:26.935,SERVO_OUTPUT_RAW,2662109850,SERVO_OUTPUT_RAW,0,0,0,0,0,0,0,0,1000,1000,1000,1000,0,0,0,0,0
2025-12-15 01:18:27.035,SERVO_OUTPUT_RAW,2662209789,SERVO_OUTPUT_RAW,0,0,0,0,0,0,0,0,1000,1000,1000,1000,0,0,0,0,0
2025-12-15 01:18:27.135,SERVO_OUTPUT_RAW,2662309797,SERVO_OUTPUT_RAW,0,0,0,0,0,0,0,0,1000,1000,1000,1000,0,0,0,0,0
2025-12-15 01:18:27.235,SERVO_OUTPUT_RAW,2662409834,SERVO_OUTPUT_RAW,0,0,0,0,0,0,0,0,1000,1000,1000,1000,0,0,0,0,0
2025-12-15 01:18:27.335,SERVO_OUTPUT_RAW,2662509839,SERVO_OUTPUT_RAW,0,0,0,0,0,0,0,0,1000,1000,1000,1000,0,0,0,0,0
2025-12-15 01:18:27.436,SERVO_OUTPUT_RAW,2662609785,SERVO_OUTPUT_RAW,0,0,0,0,0,0,0,0,1000,1000,1000,1000,0,0,0,0,0
2025-12-15 01:18:27.536,SERVO_OUTPUT_RAW,2662709834,SERVO_OUTPUT_RAW,0,0,0,0,0,0,0,0,1000,1000,1000,1000,0,0,0,0,0
2025-12-15 01:18:27.635,SERVO_OUTPUT_RAW,2662809783,SERVO_OUTPUT_RAW,0,0,0,0,0,0,0,0,1000,1000,1000,1000,0,0,0,0,0
2025-12-15 01:18:27.735,SERVO_OUTPUT_RAW,2662909780,SERVO_OUTPUT_RAW,0,0,0,0,0,0,0,0,1000,1000,1000,1000,0,0,0,0,0
2025-12-15 01:18:27.836,SERVO_OUTPUT_RAW,2663009790,SERVO_OUTPUT_RAW,0,0,0,0,0,0,0,0,1000,1000,1000,1000,0,0,0,0,0
2025-12-15 01:18:27.936,SERVO_OUTPUT_RAW,2663109838,SERVO_OUTPUT_RAW,0,0,0,0,0,0,0,0,1000,1000,1000,1000,0,0,0,0,0
2025-12-15 01:18:28.035,SERVO_OUTPUT_RAW,2663209835,SERVO_OUTPUT_RAW,0,0,0,0,0,0,0,0,1000,1000,1000,1000,0,0,0,0,0
2025-12-15 01:18:28.135,SERVO_OUTPUT_RAW,2663312144,SERVO_OUTPUT_RAW,0,0,0,0,0,0,0,0,1000,1000,1000,1000,0,0,0,0,0
2025-12-15 01:18:28.235,SERVO_OUTPUT_RAW,2663409830,SERVO_OUTPUT_RAW,0,0,0,0,0,0,0,0,1000,1000,1000,1000,0,0,0,0,0
2025-12-15 01:18:28.335,SERVO_OUTPUT_RAW,2663509831,SERVO_OUTPUT_RAW,0,0,0,0,0,0,0,0,1000,1000,1000,1000,0,0,0,0,0
2025-12-15 01:18:28.435,SERVO_OUTPUT_RAW,2663609843,SERVO_OUTPUT_RAW,0,0,0,0,0,0,0,0,1000,1000,1000,1000,0,0,0,0,0
2025-12-15 01:18:28.535,SERVO_OUTPUT_RAW,2663709830,SERVO_OUTPUT_RAW,0,0,0,0,0,0,0,0,1000,1000,1000,1000,0,0,0,0,0
2025-12-15 01:18:28.635,SERVO_OUTPUT_RAW,2663809775,SERVO_OUTPUT_RAW,0,0,0,0,0,0,0,0,1000,1000,1000,1000,0,0,0,0,0
2025-12-15 01:18:28.735,SERVO_OUTPUT_RAW,2663909800,SERVO_OUTPUT_RAW,0,0,0,0,0,0,0,0,1000,1000,1000,1000,0,0,0,0,0
2025-12-15 01:18:28.835,SERVO_OUTPUT_RAW,2664009812,SERVO_OUTPUT_RAW,0,0,0,0,0,0,0,0,1000,1000,1000,1000,0,0,0,0,0
2025-12-15 01:18:28.935,SERVO_OUTPUT_RAW,2664109818,SERVO_OUTPUT_RAW,0,0,0,0,0,0,0,0,1000,1000,1000,1000,0,0,0,0,0
2025-12-15 01:18:29.036,SERVO_OUTPUT_RAW,2664209805,SERVO_OUTPUT_RAW,0,0,0,0,0,0,0,0,1000,1000,1000,1000,0,0,0,0,0
2025-12-15 01:18:29.136,SERVO_OUTPUT_RAW,2664309786,SERVO_OUTPUT_RAW,0,0,0,0,0,0,0,0,1000,1000,1000,1000,0,0,0,0,0
2025-12-15 01:18:29.235,SERVO_OUTPUT_RAW,2664409794,SERVO_OUTPUT_RAW,0,0,0,0,0,0,0,0,1000,1000,1000,1000,0,0,0,0,0
2025-12-15 01:18:29.335,SERVO_OUTPUT_RAW,2664509799,SERVO_OUTPUT_RAW,0,0,0,0,0,0,0,0,1000,1000,1000,1000,0,0,0,0,0
2025-12-15 01:18:29.435,SERVO_OUTPUT_RAW,2664609792,SERVO_OUTPUT_RAW,0,0,0,0,0,0,0,0,1000,1000,1000,1000,0,0,0,0,0
2025-12-15 01:18:29.535,SERVO_OUTPUT_RAW,2664709831,SERVO_OUTPUT_RAW,0,0,0,0,0,0,0,0,1000,1000,1000,1000,0,0,0,0,0
2025-12-15 01:18:29.635,SERVO_OUTPUT_RAW,2664812151,SERVO_OUTPUT_RAW,0,0,0,0,0,0,0,0,1000,1000,1000,1000,0,0,0,0,0
2025-12-15 01:18:29.735,SERVO_OUTPUT_RAW,2664909814,SERVO_OUTPUT_RAW,0,0,0,0,0,0,0,0,1000,1000,1000,1000,0,0,0,0,0
2025-12-15 01:18:29.835,SERVO_OUTPUT_RAW,2665009829,SERVO_OUTPUT_RAW,0,0,0,0,0,0,0,0,1000,1000,1000,1000,0,0,0,0,0
2025-12-15 01:18:29.935,SERVO_OUTPUT_RAW,2665109816,SERVO_OUTPUT_RAW,0,0,0,0,0,0,0,0,1000,1000,1000,1000,0,0,0,0,0
2025-12-15 01:18:30.035,SERVO_OUTPUT_RAW,2665209845,SERVO_OUTPUT_RAW,0,0,0,0,0,0,0,0,1000,1000,1000,1000,0,0,0,0,0
2025-12-15 01:18:30.135,SERVO_OUTPUT_RAW,2665309814,SERVO_OUTPUT_RAW,0,0,0,0,0,0,0,0,1000,1000,1000,1000,0,0,0,0,0
2025-12-15 01:18:30.236,SERVO_OUTPUT_RAW,2665409785,SERVO_OUTPUT_RAW,0,0,0,0,0,0,0,0,1000,1000,1000,1000,0,0,0,0,0
2025-12-15 01:18:30.335,SERVO_OUTPUT_RAW,2665509830,SERVO_OUTPUT_RAW,0,0,0,0,0,0,0,0,1000,1000,1000,1000,0,0,0,0,0
2025-12-15 01:18:30.436,SERVO_OUTPUT_RAW,2665609813,SERVO_OUTPUT_RAW,0,0,0,0,0,0,0,0,1000,1000,1000,1000,0,0,0,0,0
2025-12-15 01:18:30.535,SERVO_OUTPUT_RAW,2665709784,SERVO_OUTPUT_RAW,0,0,0,0,0,0,0,0,1000,1000,1000,1000,0,0,0,0,0
2025-12-15 01:18:30.635,SERVO_OUTPUT_RAW,2665809904,SERVO_OUTPUT_RAW,0,0,0,0,0,0,0,0,1000,1000,1000,1000,0,0,0,0,0
2025-12-15 01:18:30.736,SERVO_OUTPUT_RAW,2665909793,SERVO_OUTPUT_RAW,0,0,0,0,0,0,0,0,1000,1000,1000,1000,0,0,0,0,0
2025-12-15 01:18:30.836,SERVO_OUTPUT_RAW,2666009803,SERVO_OUTPUT_RAW,0,0,0,0,0,0,0,0,1000,1000,1000,1000,0,0,0,0,0
2025-12-15 01:18:30.935,SERVO_OUTPUT_RAW,2666109791,SERVO_OUTPUT_RAW,0,0,0,0,0,0,0,0,1000,1000,1000,1000,0,0,0,0,0
2025-12-15 01:18:31.035,SERVO_OUTPUT_RAW,2666209798,SERVO_OUTPUT_RAW,0,0,0,0,0,0,0,0,1000,1000,1000,1000,0,0,0,0,0
2025-12-15 01:18:31.135,SERVO_OUTPUT_RAW,2666309837,SERVO_OUTPUT_RAW,0,0,0,0,0,0,0,0,1000,1000,1000,1000,0,0,0,0,0
2025-12-15 01:18:31.235,SERVO_OUTPUT_RAW,2666409846,SERVO_OUTPUT_RAW,0,0,0,0,0,0,0,0,1000,1000,1000,1000,0,0,0,0,0
2025-12-15 01:18:31.335,SERVO_OUTPUT_RAW,2666509805,SERVO_OUTPUT_RAW,0,0,0,0,0,0,0,0,1000,1000,1000,1000,0,0,0,0,0
2025-12-15 01:18:31.435,SERVO_OUTPUT_RAW,2666609812,SERVO_OUTPUT_RAW,0,0,0,0,0,0,0,0,1000,1000,1000,1000,0,0,0,0,0
2025-12-15 01:18:31.536,SERVO_OUTPUT_RAW,2666709840,SERVO_OUTPUT_RAW,0,0,0,0,0,0,0,0,1000,1000,1000,1000,0,0,0,0,0
2025-12-15 01:18:31.636,SERVO_OUTPUT_RAW,2666809845,SERVO_OUTPUT_RAW,0,0,0,0,0,0,0,0,1000,1000,1000,1000,0,0,0,0,0
2025-12-15 01:18:31.735,SERVO_OUTPUT_RAW,2666909803,SERVO_OUTPUT_RAW,0,0,0,0,0,0,0,0,1000,1000,1000,1000,0,0,0,0,0
2025-12-15 01:18:31.835,SERVO_OUTPUT_RAW,2667009824,SERVO_OUTPUT_RAW,0,0,0,0,0,0,0,0,1000,1000,1000,1000,0,0,0,0,0
2025-12-15 01:18:31.935,SERVO_OUTPUT_RAW,2667109814,SERVO_OUTPUT_RAW,0,0,0,0,0,0,0,0,1000,1000,1000,1000,0,0,0,0,0
2025-12-15 01:18:32.035,SERVO_OUTPUT_RAW,2667209811,SERVO_OUTPUT_RAW,0,0,0,0,0,0,0,0,1000,1000,1000,1000,0,0,0,0,0
2025-12-15 01:18:32.135,SERVO_OUTPUT_RAW,2667309793,SERVO_OUTPUT_RAW,0,0,0,0,0,0,0,0,1000,1000,1000,1000,0,0,0,0,0
2025-12-15 01:18:32.235,SERVO_OUTPUT_RAW,2667409782,SERVO_OUTPUT_RAW,0,0,0,0,0,0,0,0,1000,1000,1000,1000,0,0,0,0,0
2025-12-15 01:18:32.335,SERVO_OUTPUT_RAW,2667509790,SERVO_OUTPUT_RAW,0,0,0,0,0,0,0,0,1000,1000,1000,1000,0,0,0,0,0
2025-12-15 01:18:32.436,SERVO_OUTPUT_RAW,2667609780,SERVO_OUTPUT_RAW,0,0,0,0,0,0,0,0,1000,1000,1000,1000,0,0,0,0,0
2025-12-15 01:18:32.535,SERVO_OUTPUT_RAW,2667709783,SERVO_OUTPUT_RAW,0,0,0,0,0,0,0,0,1000,1000,1000,1000,0,0,0,0,0
2025-12-15 01:18:32.635,SERVO_OUTPUT_RAW,2667809829,SERVO_OUTPUT_RAW,0,0,0,0,0,0,0,0,1000,1000,1000,1000,0,0,0,0,0
2025-12-15 01:18:32.735,SERVO_OUTPUT_RAW,2667909838,SERVO_OUTPUT_RAW,0,0,0,0,0,0,0,0,1000,1000,1000,1000,0,0,0,0,0
2025-12-15 01:18:32.835,SERVO_OUTPUT_RAW,2668009872,SERVO_OUTPUT_RAW,0,0,0,0,0,0,0,0,1000,1000,1000,1000,0,0,0,0,0
2025-12-15 01:18:32.935,SERVO_OUTPUT_RAW,2668109782,SERVO_OUTPUT_RAW,0,0,0,0,0,0,0,0,1000,1000,1000,1000,0,0,0,0,0
2025-12-15 01:18:33.035,SERVO_OUTPUT_RAW,2668209833,SERVO_OUTPUT_RAW,0,0,0,0,0,0,0,0,1000,1000,1000,1000,0,0,0,0,0
2025-12-15 01:18:33.135,SERVO_OUTPUT_RAW,2668309851,SERVO_OUTPUT_RAW,0,0,0,0,0,0,0,0,1000,1000,1000,1000,0,0,0,0,0
2025-12-15 01:18:33.235,SERVO_OUTPUT_RAW,2668409802,SERVO_OUTPUT_RAW,0,0,0,0,0,0,0,0,1000,1000,1000,1000,0,0,0,0,0
2025-12-15 01:18:33.335,SERVO_OUTPUT_RAW,2668509789,SERVO_OUTPUT_RAW,0,0,0,0,0,0,0,0,1000,1000,1000,1000,0,0,0,0,0
2025-12-15 01:18:33.435,SERVO_OUTPUT_RAW,2668609818,SERVO_OUTPUT_RAW,0,0,0,0,0,0,0,0,1000,1000,1000,1000,0,0,0,0,0
2025-12-15 01:18:33.535,SERVO_OUTPUT_RAW,2668709823,SERVO_OUTPUT_RAW,0,0,0,0,0,0,0,0,1000,1000,1000,1000,0,0,0,0,0
2025-12-15 01:18:33.635,SERVO_OUTPUT_RAW,2668809776,SERVO_OUTPUT_RAW,0,0,0,0,0,0,0,0,1000,1000,1000,1000,0,0,0,0,0
2025-12-15 01:18:33.735,SERVO_OUTPUT_RAW,2668909789,SERVO_OUTPUT_RAW,0,0,0,0,0,0,0,0,1000,1000,1000,1000,0,0,0,0,0
2025-12-15 01:18:33.836,SERVO_OUTPUT_RAW,2669009859,SERVO_OUTPUT_RAW,0,0,0,0,0,0,0,0,1000,1000,1000,1000,0,0,0,0,0
2025-12-15 01:18:33.935,SERVO_OUTPUT_RAW,2669109784,SERVO_OUTPUT_RAW,0,0,0,0,0,0,0,0,1000,1000,1000,1000,0,0,0,0,0
2025-12-15 01:18:34.036,SERVO_OUTPUT_RAW,2669209784,SERVO_OUTPUT_RAW,0,0,0,0,0,0,0,0,1000,1000,1000,1000,0,0,0,0,0
2025-12-15 01:18:34.135,SERVO_OUTPUT_RAW,2669309802,SERVO_OUTPUT_RAW,0,0,0,0,0,0,0,0,1000,1000,1000,1000,0,0,0,0,0
2025-12-15 01:18:34.235,SERVO_OUTPUT_RAW,2669409843,SERVO_OUTPUT_RAW,0,0,0,0,0,0,0,0,1000,1000,1000,1000,0,0,0,0,0
2025-12-15 01:18:34.335,SERVO_OUTPUT_RAW,2669509802,SERVO_OUTPUT_RAW,0,0,0,0,0,0,0,0,1000,1000,1000,1000,0,0,0,0,0
2025-12-15 01:18:34.435,SERVO_OUTPUT_RAW,2669612174,SERVO_OUTPUT_RAW,0,0,0,0,0,0,0,0,1000,1000,1000,1000,0,0,0,0,0
2025-12-15 01:18:34.535,SERVO_OUTPUT_RAW,2669709816,SERVO_OUTPUT_RAW,0,0,0,0,0,0,0,0,1000,1000,1000,1000,0,0,0,0,0
2025-12-15 01:18:34.635,SERVO_OUTPUT_RAW,2669809826,SERVO_OUTPUT_RAW,0,0,0,0,0,0,0,0,1000,1000,1000,1000,0,0,0,0,0
2025-12-15 01:18:34.736,SERVO_OUTPUT_RAW,2669909872,SERVO_OUTPUT_RAW,0,0,0,0,0,0,0,0,1000,1000,1000,1000,0,0,0,0,0
2025-12-15 01:18:34.835,SERVO_OUTPUT_RAW,2670009783,SERVO_OUTPUT_RAW,0,0,0,0,0,0,0,0,1000,1000,1000,1000,0,0,0,0,0
2025-12-15 01:18:34.936,SERVO_OUTPUT_RAW,2670109794,SERVO_OUTPUT_RAW,0,0,0,0,0,0,0,0,1000,1000,1000,1000,0,0,0,0,0
2025-12-15 01:18:35.035,SERVO_OUTPUT_RAW,2670209826,SERVO_OUTPUT_RAW,0,0,0,0,0,0,0,0,1000,1000,1000,1000,0,0,0,0,0
2025-12-15 01:18:35.135,SERVO_OUTPUT_RAW,2670309814,SERVO_OUTPUT_RAW,0,0,0,0,0,0,0,0,1000,1000,1000,1000,0,0,0,0,0
2025-12-15 01:18:35.235,SERVO_OUTPUT_RAW,2670409787,SERVO_OUTPUT_RAW,0,0,0,0,0,0,0,0,1000,1000,1000,1000,0,0,0,0,0
2025-12-15 01:18:35.335,SERVO_OUTPUT_RAW,2670509801,SERVO_OUTPUT_RAW,0,0,0,0,0,0,0,0,1000,1000,1000,1000,0,0,0,0,0
2025-12-15 01:18:35.435,SERVO_OUTPUT_RAW,2670609790,SERVO_OUTPUT_RAW,0,0,0,0,0,0,0,0,1000,1000,1000,1000,0,0,0,0,0
2025-12-15 01:18:35.535,SERVO_OUTPUT_RAW,2670709795,SERVO_OUTPUT_RAW,0,0,0,0,0,0,0,0,1000,1000,1000,1000,0,0,0,0,0
2025-12-15 01:18:35.635,SERVO_OUTPUT_RAW,2670809783,SERVO_OUTPUT_RAW,0,0,0,0,0,0,0,0,1000,1000,1000,1000,0,0,0,0,0
2025-12-15 01:18:35.735,SERVO_OUTPUT_RAW,2670909853,SERVO_OUTPUT_RAW,0,0,0,0,0,0,0,0,1000,1000,1000,1000,0,0,0,0,0
2025-12-15 01:18:35.836,SERVO_OUTPUT_RAW,2671009792,SERVO_OUTPUT_RAW,0,0,0,0,0,0,0,0,1000,1000,1000,1000,0,0,0,0,0
2025-12-15 01:18:35.935,SERVO_OUTPUT_RAW,2671112154,SERVO_OUTPUT_RAW,0,0,0,0,0,0,0,0,1000,1000,1000,1000,0,0,0,0,0
2025-12-15 01:18:36.035,SERVO_OUTPUT_RAW,2671209787,SERVO_OUTPUT_RAW,0,0,0,0,0,0,0,0,1000,1000,1000,1000,0,0,0,0,0
2025-12-15 01:18:36.135,SERVO_OUTPUT_RAW,2671309822,SERVO_OUTPUT_RAW,0,0,0,0,0,0,0,0,1000,1000,1000,1000,0,0,0,0,0
2025-12-15 01:18:36.235,SERVO_OUTPUT_RAW,2671409857,SERVO_OUTPUT_RAW,0,0,0,0,0,0,0,0,1000,1000,1000,1000,0,0,0,0,0
2025-12-15 01:18:36.335,SERVO_OUTPUT_RAW,2671509827,SERVO_OUTPUT_RAW,0,0,0,0,0,0,0,0,1000,1000,1000,1000,0,0,0,0,0
2025-12-15 01:18:36.435,SERVO_OUTPUT_RAW,2671609778,SERVO_OUTPUT_RAW,0,0,0,0,0,0,0,0,1000,1000,1000,1000,0,0,0,0,0
2025-12-15 01:18:36.535,SERVO_OUTPUT_RAW,2671709800,SERVO_OUTPUT_RAW,0,0,0,0,0,0,0,0,1000,1000,1000,1000,0,0,0,0,0
2025-12-15 01:18:36.635,SERVO_OUTPUT_RAW,2671809813,SERVO_OUTPUT_RAW,0,0,0,0,0,0,0,0,1000,1000,1000,1000,0,0,0,0,0
2025-12-15 01:18:36.736,SERVO_OUTPUT_RAW,2671909781,SERVO_OUTPUT_RAW,0,0,0,0,0,0,0,0,1000,1000,1000,1000,0,0,0,0,0
2025-12-15 01:18:36.835,SERVO_OUTPUT_RAW,2672009793,SERVO_OUTPUT_RAW,0,0,0,0,0,0,0,0,1000,1000,1000,1000,0,0,0,0,0
2025-12-15 01:18:36.935,SERVO_OUTPUT_RAW,2672109798,SERVO_OUTPUT_RAW,0,0,0,0,0,0,0,0,1000,1000,1000,1000,0,0,0,0,0
2025-12-15 01:18:37.035,SERVO_OUTPUT_RAW,2672209793,SERVO_OUTPUT_RAW,0,0,0,0,0,0,0,0,1000,1000,1000,1000,0,0,0,0,0
2025-12-15 01:18:37.136,SERVO_OUTPUT_RAW,2672309806,SERVO_OUTPUT_RAW,0,0,0,0,0,0,0,0,1000,1000,1000,1000,0,0,0,0,0
2025-12-15 01:18:37.235,SERVO_OUTPUT_RAW,2672409824,SERVO_OUTPUT_RAW,0,0,0,0,0,0,0,0,1000,1000,1000,1000,0,0,0,0,0
2025-12-15 01:18:37.335,SERVO_OUTPUT_RAW,2672509827,SERVO_OUTPUT_RAW,0,0,0,0,0,0,0,0,1000,1000,1000,1000,0,0,0,0,0
2025-12-15 01:18:37.435,SERVO_OUTPUT_RAW,2672609855,SERVO_OUTPUT_RAW,0,0,0,0,0,0,0,0,1000,1000,1000,1000,0,0,0,0,0
2025-12-15 01:18:37.536,SERVO_OUTPUT_RAW,2672709786,SERVO_OUTPUT_RAW,0,0,0,0,0,0,0,0,1000,1000,1000,1000,0,0,0,0,0
2025-12-15 01:18:37.636,SERVO_OUTPUT_RAW,2672809892,SERVO_OUTPUT_RAW,0,0,0,0,0,0,0,0,1000,1000,1000,1000,0,0,0,0,0
2025-12-15 01:18:37.736,SERVO_OUTPUT_RAW,2672909819,SERVO_OUTPUT_RAW,0,0,0,0,0,0,0,0,1000,1000,1000,1000,0,0,0,0,0
2025-12-15 01:18:37.836,SERVO_OUTPUT_RAW,2673009840,SERVO_OUTPUT_RAW,0,0,0,0,0,0,0,0,1000,1000,1000,1000,0,0,0,0,0
2025-12-15 01:18:37.936,SERVO_OUTPUT_RAW,2673109827,SERVO_OUTPUT_RAW,0,0,0,0,0,0,0,0,1000,1000,1000,1000,0,0,0,0,0
2025-12-15 01:18:38.036,SERVO_OUTPUT_RAW,2673209794,SERVO_OUTPUT_RAW,0,0,0,0,0,0,0,0,1000,1000,1000,1000,0,0,0,0,0
2025-12-15 01:18:38.136,SERVO_OUTPUT_RAW,2673309814,SERVO_OUTPUT_RAW,0,0,0,0,0,0,0,0,1000,1000,1000,1000,0,0,0,0,0
2025-12-15 01:18:38.236,SERVO_OUTPUT_RAW,2673409834,SERVO_OUTPUT_RAW,0,0,0,0,0,0,0,0,1000,1000,1000,1000,0,0,0,0,0
2025-12-15 01:18:38.336,SERVO_OUTPUT_RAW,2673509781,SERVO_OUTPUT_RAW,0,0,0,0,0,0,0,0,1000,1000,1000,1000,0,0,0,0,0
2025-12-15 01:18:38.436,SERVO_OUTPUT_RAW,2673609789,SERVO_OUTPUT_RAW,0,0,0,0,0,0,0,0,1000,1000,1000,1000,0,0,0,0,0
2025-12-15 01:18:38.536,SERVO_OUTPUT_RAW,2673709795,SERVO_OUTPUT_RAW,0,0,0,0,0,0,0,0,1000,1000,1000,1000,0,0,0,0,0
2025-12-15 01:18:38.636,SERVO_OUTPUT_RAW,2673809801,SERVO_OUTPUT_RAW,0,0,0,0,0,0,0,0,1000,1000,1000,1000,0,0,0,0,0
2025-12-15 01:18:38.736,SERVO_OUTPUT_RAW,2673909801,SERVO_OUTPUT_RAW,0,0,0,0,0,0,0,0,1000,1000,1000,1000,0,0,0,0,0
2025-12-15 01:18:38.836,SERVO_OUTPUT_RAW,2674009795,SERVO_OUTPUT_RAW,0,0,0,0,0,0,0,0,1000,1000,1000,1000,0,0,0,0,0
2025-12-15 01:18:38.936,SERVO_OUTPUT_RAW,2674109846,SERVO_OUTPUT_RAW,0,0,0,0,0,0,0,0,1000,1000,1000,1000,0,0,0,0,0
2025-12-15 01:18:39.036,SERVO_OUTPUT_RAW,2674209791,SERVO_OUTPUT_RAW,0,0,0,0,0,0,0,0,1000,1000,1000,1000,0,0,0,0,0
2025-12-15 01:18:39.136,SERVO_OUTPUT_RAW,2674309787,SERVO_OUTPUT_RAW,0,0,0,0,0,0,0,0,1000,1000,1000,1000,0,0,0,0,0
2025-12-15 01:18:39.236,SERVO_OUTPUT_RAW,2674409881,SERVO_OUTPUT_RAW,0,0,0,0,0,0,0,0,1000,1000,1000,1000,0,0,0,0,0
2025-12-15 01:18:39.336,SERVO_OUTPUT_RAW,2674509833,SERVO_OUTPUT_RAW,0,0,0,0,0,0,0,0,1000,1000,1000,1000,0,0,0,0,0
2025-12-15 01:18:39.436,SERVO_OUTPUT_RAW,2674609847,SERVO_OUTPUT_RAW,0,0,0,0,0,0,0,0,1000,1000,1000,1000,0,0,0,0,0
2025-12-15 01:18:39.536,SERVO_OUTPUT_RAW,2674709792,SERVO_OUTPUT_RAW,0,0,0,0,0,0,0,0,1000,1000,1000,1000,0,0,0,0,0
2025-12-15 01:18:39.636,SERVO_OUTPUT_RAW,2674809801,SERVO_OUTPUT_RAW,0,0,0,0,0,0,0,0,1000,1000,1000,1000,0,0,0,0,0
2025-12-15 01:18:39.736,SERVO_OUTPUT_RAW,2674909821,SERVO_OUTPUT_RAW,0,0,0,0,0,0,0,0,1000,1000,1000,1000,0,0,0,0,0
2025-12-15 01:18:39.836,SERVO_OUTPUT_RAW,2675009828,SERVO_OUTPUT_RAW,0,0,0,0,0,0,0,0,1000,1000,1000,1000,0,0,0,0,0
2025-12-15 01:18:39.941,SERVO_OUTPUT_RAW,2675109780,SERVO_OUTPUT_RAW,0,0,0,0,0,0,0,0,1000,1000,1000,1000,0,0,0,0,0
2025-12-15 01:18:40.036,SERVO_OUTPUT_RAW,2675209770,SERVO_OUTPUT_RAW,0,0,0,0,0,0,0,0,1000,1000,1000,1000,0,0,0,0,0
2025-12-15 01:18:40.137,SERVO_OUTPUT_RAW,2675309831,SERVO_OUTPUT_RAW,0,0,0,0,0,0,0,0,1000,1000,1000,1000,0,0,0,0,0
2025-12-15 01:18:40.236,SERVO_OUTPUT_RAW,2675409776,SERVO_OUTPUT_RAW,0,0,0,0,0,0,0,0,1000,1000,1000,1000,0,0,0,0,0
2025-12-15 01:18:40.335,SERVO_OUTPUT_RAW,2675509791,SERVO_OUTPUT_RAW,0,0,0,0,0,0,0,0,1000,1000,1000,1000,0,0,0,0,0
2025-12-15 01:18:40.435,SERVO_OUTPUT_RAW,2675609820,SERVO_OUTPUT_RAW,0,0,0,0,0,0,0,0,1000,1000,1000,1000,0,0,0,0,0
2025-12-15 01:18:40.536,SERVO_OUTPUT_RAW,2675709868,SERVO_OUTPUT_RAW,0,0,0,0,0,0,0,0,1000,1000,1000,1000,0,0,0,0,0
2025-12-15 01:18:40.636,SERVO_OUTPUT_RAW,2675809816,SERVO_OUTPUT_RAW,0,0,0,0,0,0,0,0,1000,1000,1000,1000,0,0,0,0,0
2025-12-15 01:18:40.736,SERVO_OUTPUT_RAW,2675909829,SERVO_OUTPUT_RAW,0,0,0,0,0,0,0,0,1000,1000,1000,1000,0,0,0,0,0
2025-12-15 01:18:40.836,SERVO_OUTPUT_RAW,2676009820,SERVO_OUTPUT_RAW,0,0,0,0,0,0,0,0,1000,1000,1000,1000,0,0,0,0,0
2025-12-15 01:18:40.937,SERVO_OUTPUT_RAW,2676109857,SERVO_OUTPUT_RAW,0,0,0,0,0,0,0,0,1000,1000,1000,1000,0,0,0,0,0
2025-12-15 01:18:41.036,SERVO_OUTPUT_RAW,2676209823,SERVO_OUTPUT_RAW,0,0,0,0,0,0,0,0,1000,1000,1000,1000,0,0,0,0,0
2025-12-15 01:18:41.135,SERVO_OUTPUT_RAW,2676309778,SERVO_OUTPUT_RAW,0,0,0,0,0,0,0,0,1000,1000,1000,1000,0,0,0,0,0
2025-12-15 01:18:41.236,SERVO_OUTPUT_RAW,2676409812,SERVO_OUTPUT_RAW,0,0,0,0,0,0,0,0,1000,1000,1000,1000,0,0,0,0,0
2025-12-15 01:18:41.335,SERVO_OUTPUT_RAW,2676509811,SERVO_OUTPUT_RAW,0,0,0,0,0,0,0,0,1000,1000,1000,1000,0,0,0,0,0
2025-12-15 01:18:41.436,SERVO_OUTPUT_RAW,2676609778,SERVO_OUTPUT_RAW,0,0,0,0,0,0,0,0,1000,1000,1000,1000,0,0,0,0,0
2025-12-15 01:18:41.536,SERVO_OUTPUT_RAW,2676709800,SERVO_OUTPUT_RAW,0,0,0,0,0,0,0,0,1000,1000,1000,1000,0,0,0,0,0
2025-12-15 01:18:41.635,SERVO_OUTPUT_RAW,2676809807,SERVO_OUTPUT_RAW,0,0,0,0,0,0,0,0,1000,1000,1000,1000,0,0,0,0,0
2025-12-15 01:18:41.735,SERVO_OUTPUT_RAW,2676909800,SERVO_OUTPUT_RAW,0,0,0,0,0,0,0,0,1000,1000,1000,1000,0,0,0,0,0
2025-12-15 01:18:41.835,SERVO_OUTPUT_RAW,2677009789,SERVO_OUTPUT_RAW,0,0,0,0,0,0,0,0,1000,1000,1000,1000,0,0,0,0,0
2025-12-15 01:18:41.935,SERVO_OUTPUT_RAW,2677109795,SERVO_OUTPUT_RAW,0,0,0,0,0,0,0,0,1000,1000,1000,1000,0,0,0,0,0
2025-12-15 01:18:42.035,SERVO_OUTPUT_RAW,2677209835,SERVO_OUTPUT_RAW,0,0,0,0,0,0,0,0,1000,1000,1000,1000,0,0,0,0,0
2025-12-15 01:18:42.135,SERVO_OUTPUT_RAW,2677309833,SERVO_OUTPUT_RAW,0,0,0,0,0,0,0,0,1000,1000,1000,1000,0,0,0,0,0
2025-12-15 01:18:42.235,SERVO_OUTPUT_RAW,2677412129,SERVO_OUTPUT_RAW,0,0,0,0,0,0,0,0,1000,1000,1000,1000,0,0,0,0,0
2025-12-15 01:18:42.335,SERVO_OUTPUT_RAW,2677509797,SERVO_OUTPUT_RAW,0,0,0,0,0,0,0,0,1000,1000,1000,1000,0,0,0,0,0
2025-12-15 01:18:42.437,SERVO_OUTPUT_RAW,2677609812,SERVO_OUTPUT_RAW,0,0,0,0,0,0,0,0,1000,1000,1000,1000,0,0,0,0,0
2025-12-15 01:18:42.536,SERVO_OUTPUT_RAW,2677709855,SERVO_OUTPUT_RAW,0,0,0,0,0,0,0,0,1000,1000,1000,1000,0,0,0,0,0
2025-12-15 01:18:42.635,SERVO_OUTPUT_RAW,2677809782,SERVO_OUTPUT_RAW,0,0,0,0,0,0,0,0,1000,1000,1000,1000,0,0,0,0,0
2025-12-15 01:18:42.736,SERVO_OUTPUT_RAW,2677909797,SERVO_OUTPUT_RAW,0,0,0,0,0,0,0,0,1000,1000,1000,1000,0,0,0,0,0
2025-12-15 01:18:42.836,SERVO_OUTPUT_RAW,2678009871,SERVO_OUTPUT_RAW,0,0,0,0,0,0,0,0,1000,1000,1000,1000,0,0,0,0,0
2025-12-15 01:18:42.936,SERVO_OUTPUT_RAW,2678109802,SERVO_OUTPUT_RAW,0,0,0,0,0,0,0,0,1000,1000,1000,1000,0,0,0,0,0
2025-12-15 01:18:43.036,SERVO_OUTPUT_RAW,2678209791,SERVO_OUTPUT_RAW,0,0,0,0,0,0,0,0,1000,1000,1000,1000,0,0,0,0,0
2025-12-15 01:18:43.136,SERVO_OUTPUT_RAW,2678309785,SERVO_OUTPUT_RAW,0,0,0,0,0,0,0,0,1000,1000,1000,1000,0,0,0,0,0
2025-12-15 01:18:43.236,SERVO_OUTPUT_RAW,2678409798,SERVO_OUTPUT_RAW,0,0,0,0,0,0,0,0,1000,1000,1000,1000,0,0,0,0,0
2025-12-15 01:18:43.336,SERVO_OUTPUT_RAW,2678509789,SERVO_OUTPUT_RAW,0,0,0,0,0,0,0,0,1000,1000,1000,1000,0,0,0,0,0
2025-12-15 01:18:43.436,SERVO_OUTPUT_RAW,2678609835,SERVO_OUTPUT_RAW,0,0,0,0,0,0,0,0,1000,1000,1000,1000,0,0,0,0,0
2025-12-15 01:18:43.536,SERVO_OUTPUT_RAW,2678709810,SERVO_OUTPUT_RAW,0,0,0,0,0,0,0,0,1000,1000,1000,1000,0,0,0,0,0
2025-12-15 01:18:43.636,SERVO_OUTPUT_RAW,2678809832,SERVO_OUTPUT_RAW,0,0,0,0,0,0,0,0,1000,1000,1000,1000,0,0,0,0,0
2025-12-15 01:18:43.736,SERVO_OUTPUT_RAW,2678909852,SERVO_OUTPUT_RAW,0,0,0,0,0,0,0,0,1000,1000,1000,1000,0,0,0,0,0
2025-12-15 01:18:43.836,SERVO_OUTPUT_RAW,2679009809,SERVO_OUTPUT_RAW,0,0,0,0,0,0,0,0,1000,1000,1000,1000,0,0,0,0,0
2025-12-15 01:18:43.936,SERVO_OUTPUT_RAW,2679109826,SERVO_OUTPUT_RAW,0,0,0,0,0,0,0,0,1000,1000,1000,1000,0,0,0,0,0
2025-12-15 01:18:44.036,SERVO_OUTPUT_RAW,2679209843,SERVO_OUTPUT_RAW,0,0,0,0,0,0,0,0,1000,1000,1000,1000,0,0,0,0,0
2025-12-15 01:18:44.136,SERVO_OUTPUT_RAW,2679309840,SERVO_OUTPUT_RAW,0,0,0,0,0,0,0,0,1000,1000,1000,1000,0,0,0,0,0
2025-12-15 01:18:44.236,SERVO_OUTPUT_RAW,2679409781,SERVO_OUTPUT_RAW,0,0,0,0,0,0,0,0,1000,1000,1000,1000,0,0,0,0,0
2025-12-15 01:18:44.336,SERVO_OUTPUT_RAW,2679509806,SERVO_OUTPUT_RAW,0,0,0,0,0,0,0,0,1000,1000,1000,1000,0,0,0,0,0
2025-12-15 01:18:44.436,SERVO_OUTPUT_RAW,2679609824,SERVO_OUTPUT_RAW,0,0,0,0,0,0,0,0,1000,1000,1000,1000,0,0,0,0,0
2025-12-15 01:18:44.536,SERVO_OUTPUT_RAW,2679709776,SERVO_OUTPUT_RAW,0,0,0,0,0,0,0,0,1000,1000,1000,1000,0,0,0,0,0
2025-12-15 01:18:44.636,SERVO_OUTPUT_RAW,2679809779,SERVO_OUTPUT_RAW,0,0,0,0,0,0,0,0,1000,1000,1000,1000,0,0,0,0,0
2025-12-15 01:18:44.736,SERVO_OUTPUT_RAW,2679909813,SERVO_OUTPUT_RAW,0,0,0,0,0,0,0,0,1000,1000,1000,1000,0,0,0,0,0
2025-12-15 01:18:44.836,SERVO_OUTPUT_RAW,2680009785,SERVO_OUTPUT_RAW,0,0,0,0,0,0,0,0,1000,1000,1000,1000,0,0,0,0,0
2025-12-15 01:18:44.936,SERVO_OUTPUT_RAW,2680109796,SERVO_OUTPUT_RAW,0,0,0,0,0,0,0,0,1000,1000,1000,1000,0,0,0,0,0
2025-12-15 01:18:45.036,SERVO_OUTPUT_RAW,2680209796,SERVO_OUTPUT_RAW,0,0,0,0,0,0,0,0,1000,1000,1000,1000,0,0,0,0,0
2025-12-15 01:18:45.136,SERVO_OUTPUT_RAW,2680309828,SERVO_OUTPUT_RAW,0,0,0,0,0,0,0,0,1000,1000,1000,1000,0,0,0,0,0
2025-12-15 01:18:45.236,SERVO_OUTPUT_RAW,2680409861,SERVO_OUTPUT_RAW,0,0,0,0,0,0,0,0,1000,1000,1000,1000,0,0,0,0,0
2025-12-15 01:18:45.336,SERVO_OUTPUT_RAW,2680509807,SERVO_OUTPUT_RAW,0,0,0,0,0,0,0,0,1000,1000,1000,1000,0,0,0,0,0
2025-12-15 01:18:45.436,SERVO_OUTPUT_RAW,2680609823,SERVO_OUTPUT_RAW,0,0,0,0,0,0,0,0,1000,1000,1000,1000,0,0,0,0,0
2025-12-15 01:18:45.536,SERVO_OUTPUT_RAW,2680709817,SERVO_OUTPUT_RAW,0,0,0,0,0,0,0,0,1000,1000,1000,1000,0,0,0,0,0
2025-12-15 01:18:45.636,SERVO_OUTPUT_RAW,2680809837,SERVO_OUTPUT_RAW,0,0,0,0,0,0,0,0,1000,1000,1000,1000,0,0,0,0,0
2025-12-15 01:18:45.736,SERVO_OUTPUT_RAW,2680909854,SERVO_OUTPUT_RAW,0,0,0,0,0,0,0,0,1000,1000,1000,1000,0,0,0,0,0
2025-12-15 01:18:45.836,SERVO_OUTPUT_RAW,2681009788,SERVO_OUTPUT_RAW,0,0,0,0,0,0,0,0,1000,1000,1000,1000,0,0,0,0,0
2025-12-15 01:18:45.936,SERVO_OUTPUT_RAW,2681109815,SERVO_OUTPUT_RAW,0,0,0,0,0,0,0,0,1000,1000,1000,1000,0,0,0,0,0
2025-12-15 01:18:46.036,SERVO_OUTPUT_RAW,2681209820,SERVO_OUTPUT_RAW,0,0,0,0,0,0,0,0,1000,1000,1000,1000,0,0,0,0,0
2025-12-15 01:18:46.136,SERVO_OUTPUT_RAW,2681309797,SERVO_OUTPUT_RAW,0,0,0,0,0,0,0,0,1000,1000,1000,1000,0,0,0,0,0
2025-12-15 01:18:46.236,SERVO_OUTPUT_RAW,2681409777,SERVO_OUTPUT_RAW,0,0,0,0,0,0,0,0,1000,1000,1000,1000,0,0,0,0,0
2025-12-15 01:18:46.336,SERVO_OUTPUT_RAW,2681509809,SERVO_OUTPUT_RAW,0,0,0,0,0,0,0,0,1000,1000,1000,1000,0,0,0,0,0
2025-12-15 01:18:46.436,SERVO_OUTPUT_RAW,2681609833,SERVO_OUTPUT_RAW,0,0,0,0,0,0,0,0,1000,1000,1000,1000,0,0,0,0,0
2025-12-15 01:18:46.536,SERVO_OUTPUT_RAW,2681709780,SERVO_OUTPUT_RAW,0,0,0,0,0,0,0,0,1000,1000,1000,1000,0,0,0,0,0
2025-12-15 01:18:46.636,SERVO_OUTPUT_RAW,2681809805,SERVO_OUTPUT_RAW,0,0,0,0,0,0,0,0,1000,1000,1000,1000,0,0,0,0,0
2025-12-15 01:18:46.736,SERVO_OUTPUT_RAW,2681909820,SERVO_OUTPUT_RAW,0,0,0,0,0,0,0,0,1000,1000,1000,1000,0,0,0,0,0
2025-12-15 01:18:46.836,SERVO_OUTPUT_RAW,2682009810,SERVO_OUTPUT_RAW,0,0,0,0,0,0,0,0,1000,1000,1000,1000,0,0,0,0,0
2025-12-15 01:18:46.936,SERVO_OUTPUT_RAW,2682109802,SERVO_OUTPUT_RAW,0,0,0,0,0,0,0,0,1000,1000,1000,1000,0,0,0,0,0
2025-12-15 01:18:47.036,SERVO_OUTPUT_RAW,2682209840,SERVO_OUTPUT_RAW,0,0,0,0,0,0,0,0,1000,1000,1000,1000,0,0,0,0,0
2025-12-15 01:18:47.136,SERVO_OUTPUT_RAW,2682309860,SERVO_OUTPUT_RAW,0,0,0,0,0,0,0,0,1000,1000,1000,1000,0,0,0,0,0
2025-12-15 01:18:47.236,SERVO_OUTPUT_RAW,2682409843,SERVO_OUTPUT_RAW,0,0,0,0,0,0,0,0,1000,1000,1000,1000,0,0,0,0,0
2025-12-15 01:18:47.336,SERVO_OUTPUT_RAW,2682509823,SERVO_OUTPUT_RAW,0,0,0,0,0,0,0,0,1000,1000,1000,1000,0,0,0,0,0
2025-12-15 01:18:47.441,SERVO_OUTPUT_RAW,2682609793,SERVO_OUTPUT_RAW,0,0,0,0,0,0,0,0,1000,1000,1000,1000,0,0,0,0,0
2025-12-15 01:18:47.536,SERVO_OUTPUT_RAW,2682709813,SERVO_OUTPUT_RAW,0,0,0,0,0,0,0,0,1000,1000,1000,1000,0,0,0,0,0
2025-12-15 01:18:47.636,SERVO_OUTPUT_RAW,2682809795,SERVO_OUTPUT_RAW,0,0,0,0,0,0,0,0,1000,1000,1000,1000,0,0,0,0,0
2025-12-15 01:18:47.736,SERVO_OUTPUT_RAW,2682909778,SERVO_OUTPUT_RAW,0,0,0,0,0,0,0,0,1000,1000,1000,1000,0,0,0,0,0
2025-12-15 01:18:47.836,SERVO_OUTPUT_RAW,2683009776,SERVO_OUTPUT_RAW,0,0,0,0,0,0,0,0,1000,1000,1000,1000,0,0,0,0,0
2025-12-15 01:18:47.936,SERVO_OUTPUT_RAW,2683109797,SERVO_OUTPUT_RAW,0,0,0,0,0,0,0,0,1000,1000,1000,1000,0,0,0,0,0
2025-12-15 01:18:48.036,SERVO_OUTPUT_RAW,2683209786,SERVO_OUTPUT_RAW,0,0,0,0,0,0,0,0,1000,1000,1000,1000,0,0,0,0,0
2025-12-15 01:18:48.136,SERVO_OUTPUT_RAW,2683309792,SERVO_OUTPUT_RAW,0,0,0,0,0,0,0,0,1000,1000,1000,1000,0,0,0,0,0
2025-12-15 01:18:48.236,SERVO_OUTPUT_RAW,2683412138,SERVO_OUTPUT_RAW,0,0,0,0,0,0,0,0,1000,1000,1000,1000,0,0,0,0,0
2025-12-15 01:18:48.336,SERVO_OUTPUT_RAW,2683509842,SERVO_OUTPUT_RAW,0,0,0,0,0,0,0,0,1000,1000,1000,1000,0,0,0,0,0
2025-12-15 01:18:48.436,SERVO_OUTPUT_RAW,2683609852,SERVO_OUTPUT_RAW,0,0,0,0,0,0,0,0,1000,1000,1000,1000,0,0,0,0,0
2025-12-15 01:18:48.536,SERVO_OUTPUT_RAW,2683712141,SERVO_OUTPUT_RAW,0,0,0,0,0,0,0,0,1000,1000,1000,1000,0,0,0,0,0
2025-12-15 01:18:48.636,SERVO_OUTPUT_RAW,2683809850,SERVO_OUTPUT_RAW,0,0,0,0,0,0,0,0,1000,1000,1000,1000,0,0,0,0,0
2025-12-15 01:18:48.736,SERVO_OUTPUT_RAW,2683909854,SERVO_OUTPUT_RAW,0,0,0,0,0,0,0,0,1000,1000,1000,1000,0,0,0,0,0
2025-12-15 01:18:48.836,SERVO_OUTPUT_RAW,2684009853,SERVO_OUTPUT_RAW,0,0,0,0,0,0,0,0,1000,1000,1000,1000,0,0,0,0,0
2025-12-15 01:18:48.936,SERVO_OUTPUT_RAW,2684109783,SERVO_OUTPUT_RAW,0,0,0,0,0,0,0,0,1000,1000,1000,1000,0,0,0,0,0
2025-12-15 01:18:49.036,SERVO_OUTPUT_RAW,2684209809,SERVO_OUTPUT_RAW,0,0,0,0,0,0,0,0,1000,1000,1000,1000,0,0,0,0,0
2025-12-15 01:18:49.136,SERVO_OUTPUT_RAW,2684309823,SERVO_OUTPUT_RAW,0,0,0,0,0,0,0,0,1000,1000,1000,1000,0,0,0,0,0
2025-12-15 01:18:49.236,SERVO_OUTPUT_RAW,2684409834,SERVO_OUTPUT_RAW,0,0,0,0,0,0,0,0,1000,1000,1000,1000,0,0,0,0,0
2025-12-15 01:18:49.336,SERVO_OUTPUT_RAW,2684509783,SERVO_OUTPUT_RAW,0,0,0,0,0,0,0,0,1000,1000,1000,1000,0,0,0,0,0
2025-12-15 01:18:49.437,SERVO_OUTPUT_RAW,2684609786,SERVO_OUTPUT_RAW,0,0,0,0,0,0,0,0,1000,1000,1000,1000,0,0,0,0,0
2025-12-15 01:18:49.536,SERVO_OUTPUT_RAW,2684709786,SERVO_OUTPUT_RAW,0,0,0,0,0,0,0,0,1000,1000,1000,1000,0,0,0,0,0
2025-12-15 01:18:49.635,SERVO_OUTPUT_RAW,2684809797,SERVO_OUTPUT_RAW,0,0,0,0,0,0,0,0,1000,1000,1000,1000,0,0,0,0,0
2025-12-15 01:18:49.737,SERVO_OUTPUT_RAW,2684909807,SERVO_OUTPUT_RAW,0,0,0,0,0,0,0,0,1000,1000,1000,1000,0,0,0,0,0
2025-12-15 01:18:49.837,SERVO_OUTPUT_RAW,2685009826,SERVO_OUTPUT_RAW,0,0,0,0,0,0,0,0,1000,1000,1000,1000,0,0,0,0,0
2025-12-15 01:18:49.937,SERVO_OUTPUT_RAW,2685109794,SERVO_OUTPUT_RAW,0,0,0,0,0,0,0,0,1000,1000,1000,1000,0,0,0,0,0
2025-12-15 01:18:50.036,SERVO_OUTPUT_RAW,2685209803,SERVO_OUTPUT_RAW,0,0,0,0,0,0,0,0,1000,1000,1000,1000,0,0,0,0,0
2025-12-15 01:18:50.137,SERVO_OUTPUT_RAW,2685309799,SERVO_OUTPUT_RAW,0,0,0,0,0,0,0,0,1000,1000,1000,1000,0,0,0,0,0
2025-12-15 01:18:50.236,SERVO_OUTPUT_RAW,2685409859,SERVO_OUTPUT_RAW,0,0,0,0,0,0,0,0,1000,1000,1000,1000,0,0,0,0,0
2025-12-15 01:18:50.336,SERVO_OUTPUT_RAW,2685509850,SERVO_OUTPUT_RAW,0,0,0,0,0,0,0,0,1000,1000,1000,1000,0,0,0,0,0
2025-12-15 01:18:50.436,SERVO_OUTPUT_RAW,2685609813,SERVO_OUTPUT_RAW,0,0,0,0,0,0,0,0,1000,1000,1000,1000,0,0,0,0,0
2025-12-15 01:18:50.536,SERVO_OUTPUT_RAW,2685709785,SERVO_OUTPUT_RAW,0,0,0,0,0,0,0,0,1000,1000,1000,1000,0,0,0,0,0
2025-12-15 01:18:50.636,SERVO_OUTPUT_RAW,2685809955,SERVO_OUTPUT_RAW,0,0,0,0,0,0,0,0,1000,1000,1000,1000,0,0,0,0,0
2025-12-15 01:18:50.736,SERVO_OUTPUT_RAW,2685909818,SERVO_OUTPUT_RAW,0,0,0,0,0,0,0,0,1000,1000,1000,1000,0,0,0,0,0
2025-12-15 01:18:50.836,SERVO_OUTPUT_RAW,2686009846,SERVO_OUTPUT_RAW,0,0,0,0,0,0,0,0,1000,1000,1000,1000,0,0,0,0,0
2025-12-15 01:18:50.936,SERVO_OUTPUT_RAW,2686109793,SERVO_OUTPUT_RAW,0,0,0,0,0,0,0,0,1000,1000,1000,1000,0,0,0,0,0
2025-12-15 01:18:51.035,SERVO_OUTPUT_RAW,2686209781,SERVO_OUTPUT_RAW,0,0,0,0,0,0,0,0,1000,1000,1000,1000,0,0,0,0,0
2025-12-15 01:18:51.135,SERVO_OUTPUT_RAW,2686309785,SERVO_OUTPUT_RAW,0,0,0,0,0,0,0,0,1000,1000,1000,1000,0,0,0,0,0
2025-12-15 01:18:51.235,SERVO_OUTPUT_RAW,2686412117,SERVO_OUTPUT_RAW,0,0,0,0,0,0,0,0,1000,1000,1000,1000,0,0,0,0,0
2025-12-15 01:18:51.335,SERVO_OUTPUT_RAW,2686509796,SERVO_OUTPUT_RAW,0,0,0,0,0,0,0,0,1000,1000,1000,1000,0,0,0,0,0
2025-12-15 01:18:51.436,SERVO_OUTPUT_RAW,2686609830,SERVO_OUTPUT_RAW,0,0,0,0,0,0,0,0,1000,1000,1000,1000,0,0,0,0,0
2025-12-15 01:18:51.535,SERVO_OUTPUT_RAW,2686712147,SERVO_OUTPUT_RAW,0,0,0,0,0,0,0,0,1000,1000,1000,1000,0,0,0,0,0
2025-12-15 01:18:51.635,SERVO_OUTPUT_RAW,2686809802,SERVO_OUTPUT_RAW,0,0,0,0,0,0,0,0,1000,1000,1000,1000,0,0,0,0,0
2025-12-15 01:18:51.736,SERVO_OUTPUT_RAW,2686909818,SERVO_OUTPUT_RAW,0,0,0,0,0,0,0,0,1000,1000,1000,1000,0,0,0,0,0
2025-12-15 01:18:51.835,SERVO_OUTPUT_RAW,2687009834,SERVO_OUTPUT_RAW,0,0,0,0,0,0,0,0,1000,1000,1000,1000,0,0,0,0,0
2025-12-15 01:18:51.935,SERVO_OUTPUT_RAW,2687109847,SERVO_OUTPUT_RAW,0,0,0,0,0,0,0,0,1000,1000,1000,1000,0,0,0,0,0
2025-12-15 01:18:52.036,SERVO_OUTPUT_RAW,2687209786,SERVO_OUTPUT_RAW,0,0,0,0,0,0,0,0,1000,1000,1000,1000,0,0,0,0,0
2025-12-15 01:18:52.135,SERVO_OUTPUT_RAW,2687309817,SERVO_OUTPUT_RAW,0,0,0,0,0,0,0,0,1000,1000,1000,1000,0,0,0,0,0
2025-12-15 01:18:52.235,SERVO_OUTPUT_RAW,2687409818,SERVO_OUTPUT_RAW,0,0,0,0,0,0,0,0,1000,1000,1000,1000,0,0,0,0,0
2025-12-15 01:18:52.336,SERVO_OUTPUT_RAW,2687509781,SERVO_OUTPUT_RAW,0,0,0,0,0,0,0,0,1000,1000,1000,1000,0,0,0,0,0
2025-12-15 01:18:52.436,SERVO_OUTPUT_RAW,2687609796,SERVO_OUTPUT_RAW,0,0,0,0,0,0,0,0,1000,1000,1000,1000,0,0,0,0,0
2025-12-15 01:18:52.536,SERVO_OUTPUT_RAW,2687709793,SERVO_OUTPUT_RAW,0,0,0,0,0,0,0,0,1000,1000,1000,1000,0,0,0,0,0
2025-12-15 01:18:52.635,SERVO_OUTPUT_RAW,2687809789,SERVO_OUTPUT_RAW,0,0,0,0,0,0,0,0,1000,1000,1000,1000,0,0,0,0,0
2025-12-15 01:18:52.736,SERVO_OUTPUT_RAW,2687909835,SERVO_OUTPUT_RAW,0,0,0,0,0,0,0,0,1000,1000,1000,1000,0,0,0,0,0
2025-12-15 01:18:52.836,SERVO_OUTPUT_RAW,2688009788,SERVO_OUTPUT_RAW,0,0,0,0,0,0,0,0,1000,1000,1000,1000,0,0,0,0,0
2025-12-15 01:18:52.936,SERVO_OUTPUT_RAW,2688109817,SERVO_OUTPUT_RAW,0,0,0,0,0,0,0,0,1000,1000,1000,1000,0,0,0,0,0
2025-12-15 01:18:53.036,SERVO_OUTPUT_RAW,2688209787,SERVO_OUTPUT_RAW,0,0,0,0,0,0,0,0,1000,1000,1000,1000,0,0,0,0,0
2025-12-15 01:18:53.136,SERVO_OUTPUT_RAW,2688309878,SERVO_OUTPUT_RAW,0,0,0,0,0,0,0,0,1000,1000,1000,1000,0,0,0,0,0
2025-12-15 01:18:53.236,SERVO_OUTPUT_RAW,2688409797,SERVO_OUTPUT_RAW,0,0,0,0,0,0,0,0,1000,1000,1000,1000,0,0,0,0,0
2025-12-15 01:18:53.336,SERVO_OUTPUT_RAW,2688509854,SERVO_OUTPUT_RAW,0,0,0,0,0,0,0,0,1000,1000,1000,1000,0,0,0,0,0
2025-12-15 01:18:53.436,SERVO_OUTPUT_RAW,2688609839,SERVO_OUTPUT_RAW,0,0,0,0,0,0,0,0,1000,1000,1000,1000,0,0,0,0,0
2025-12-15 01:18:53.536,SERVO_OUTPUT_RAW,2688709843,SERVO_OUTPUT_RAW,0,0,0,0,0,0,0,0,1000,1000,1000,1000,0,0,0,0,0
2025-12-15 01:18:53.636,SERVO_OUTPUT_RAW,2688809796,SERVO_OUTPUT_RAW,0,0,0,0,0,0,0,0,1000,1000,1000,1000,0,0,0,0,0
2025-12-15 01:18:53.736,SERVO_OUTPUT_RAW,2688909825,SERVO_OUTPUT_RAW,0,0,0,0,0,0,0,0,1000,1000,1000,1000,0,0,0,0,0
2025-12-15 01:18:53.836,SERVO_OUTPUT_RAW,2689009820,SERVO_OUTPUT_RAW,0,0,0,0,0,0,0,0,1000,1000,1000,1000,0,0,0,0,0
2025-12-15 01:18:53.936,SERVO_OUTPUT_RAW,2689109793,SERVO_OUTPUT_RAW,0,0,0,0,0,0,0,0,1000,1000,1000,1000,0,0,0,0,0
2025-12-15 01:18:54.036,SERVO_OUTPUT_RAW,2689209798,SERVO_OUTPUT_RAW,0,0,0,0,0,0,0,0,1000,1000,1000,1000,0,0,0,0,0
2025-12-15 01:18:54.136,SERVO_OUTPUT_RAW,2689309827,SERVO_OUTPUT_RAW,0,0,0,0,0,0,0,0,1000,1000,1000,1000,0,0,0,0,0
2025-12-15 01:18:54.236,SERVO_OUTPUT_RAW,2689409803,SERVO_OUTPUT_RAW,0,0,0,0,0,0,0,0,1000,1000,1000,1000,0,0,0,0,0
2025-12-15 01:18:54.336,SERVO_OUTPUT_RAW,2689509786,SERVO_OUTPUT_RAW,0,0,0,0,0,0,0,0,1000,1000,1000,1000,0,0,0,0,0
2025-12-15 01:18:54.436,SERVO_OUTPUT_RAW,2689609816,SERVO_OUTPUT_RAW,0,0,0,0,0,0,0,0,1000,1000,1000,1000,0,0,0,0,0
2025-12-15 01:18:54.536,SERVO_OUTPUT_RAW,2689709818,SERVO_OUTPUT_RAW,0,0,0,0,0,0,0,0,1000,1000,1000,1000,0,0,0,0,0
2025-12-15 01:18:54.636,SERVO_OUTPUT_RAW,2689809850,SERVO_OUTPUT_RAW,0,0,0,0,0,0,0,0,1000,1000,1000,1000,0,0,0,0,0
2025-12-15 01:18:54.736,SERVO_OUTPUT_RAW,2689909786,SERVO_OUTPUT_RAW,0,0,0,0,0,0,0,0,1000,1000,1000,1000,0,0,0,0,0
2025-12-15 01:18:54.836,SERVO_OUTPUT_RAW,2690012105,SERVO_OUTPUT_RAW,0,0,0,0,0,0,0,0,1000,1000,1000,1000,0,0,0,0,0
2025-12-15 01:18:54.938,SERVO_OUTPUT_RAW,2690109831,SERVO_OUTPUT_RAW,0,0,0,0,0,0,0,0,1000,1000,1000,1000,0,0,0,0,0
2025-12-15 01:18:55.036,SERVO_OUTPUT_RAW,2690209864,SERVO_OUTPUT_RAW,0,0,0,0,0,0,0,0,1000,1000,1000,1000,0,0,0,0,0
2025-12-15 01:18:55.137,SERVO_OUTPUT_RAW,2690309903,SERVO_OUTPUT_RAW,0,0,0,0,0,0,0,0,1000,1000,1000,1000,0,0,0,0,0
2025-12-15 01:18:55.236,SERVO_OUTPUT_RAW,2690409799,SERVO_OUTPUT_RAW,0,0,0,0,0,0,0,0,1000,1000,1000,1000,0,0,0,0,0
2025-12-15 01:18:55.336,SERVO_OUTPUT_RAW,2690509817,SERVO_OUTPUT_RAW,0,0,0,0,0,0,0,0,1000,1000,1000,1000,0,0,0,0,0
2025-12-15 01:18:55.436,SERVO_OUTPUT_RAW,2690609836,SERVO_OUTPUT_RAW,0,0,0,0,0,0,0,0,1000,1000,1000,1000,0,0,0,0,0
2025-12-15 01:18:55.536,SERVO_OUTPUT_RAW,2690709777,SERVO_OUTPUT_RAW,0,0,0,0,0,0,0,0,1000,1000,1000,1000,0,0,0,0,0
2025-12-15 01:18:55.636,SERVO_OUTPUT_RAW,2690809788,SERVO_OUTPUT_RAW,0,0,0,0,0,0,0,0,1000,1000,1000,1000,0,0,0,0,0
2025-12-15 01:18:55.736,SERVO_OUTPUT_RAW,2690909784,SERVO_OUTPUT_RAW,0,0,0,0,0,0,0,0,1000,1000,1000,1000,0,0,0,0,0
2025-12-15 01:18:55.836,SERVO_OUTPUT_RAW,2691009780,SERVO_OUTPUT_RAW,0,0,0,0,0,0,0,0,1000,1000,1000,1000,0,0,0,0,0
2025-12-15 01:18:55.936,SERVO_OUTPUT_RAW,2691109792,SERVO_OUTPUT_RAW,0,0,0,0,0,0,0,0,1000,1000,1000,1000,0,0,0,0,0
2025-12-15 01:18:56.036,SERVO_OUTPUT_RAW,2691209843,SERVO_OUTPUT_RAW,0,0,0,0,0,0,0,0,1000,1000,1000,1000,0,0,0,0,0
2025-12-15 01:18:56.136,SERVO_OUTPUT_RAW,2691312131,SERVO_OUTPUT_RAW,0,0,0,0,0,0,0,0,1000,1000,1000,1000,0,0,0,0,0
2025-12-15 01:18:56.237,SERVO_OUTPUT_RAW,2691409811,SERVO_OUTPUT_RAW,0,0,0,0,0,0,0,0,1000,1000,1000,1000,0,0,0,0,0
2025-12-15 01:18:56.336,SERVO_OUTPUT_RAW,2691509793,SERVO_OUTPUT_RAW,0,0,0,0,0,0,0,0,1000,1000,1000,1000,0,0,0,0,0
2025-12-15 01:18:56.436,SERVO_OUTPUT_RAW,2691609833,SERVO_OUTPUT_RAW,0,0,0,0,0,0,0,0,1000,1000,1000,1000,0,0,0,0,0
2025-12-15 01:18:56.536,SERVO_OUTPUT_RAW,2691709849,SERVO_OUTPUT_RAW,0,0,0,0,0,0,0,0,1000,1000,1000,1000,0,0,0,0,0
2025-12-15 01:18:56.636,SERVO_OUTPUT_RAW,2691809851,SERVO_OUTPUT_RAW,0,0,0,0,0,0,0,0,1000,1000,1000,1000,0,0,0,0,0
2025-12-15 01:18:56.736,SERVO_OUTPUT_RAW,2691909793,SERVO_OUTPUT_RAW,0,0,0,0,0,0,0,0,1000,1000,1000,1000,0,0,0,0,0
2025-12-15 01:18:56.837,SERVO_OUTPUT_RAW,2692009807,SERVO_OUTPUT_RAW,0,0,0,0,0,0,0,0,1000,1000,1000,1000,0,0,0,0,0
2025-12-15 01:18:56.936,SERVO_OUTPUT_RAW,2692109820,SERVO_OUTPUT_RAW,0,0,0,0,0,0,0,0,1000,1000,1000,1000,0,0,0,0,0
2025-12-15 01:18:57.037,SERVO_OUTPUT_RAW,2692209826,SERVO_OUTPUT_RAW,0,0,0,0,0,0,0,0,1000,1000,1000,1000,0,0,0,0,0
2025-12-15 01:18:57.136,SERVO_OUTPUT_RAW,2692309797,SERVO_OUTPUT_RAW,0,0,0,0,0,0,0,0,1000,1000,1000,1000,0,0,0,0,0
2025-12-15 01:18:57.236,SERVO_OUTPUT_RAW,2692409784,SERVO_OUTPUT_RAW,0,0,0,0,0,0,0,0,1000,1000,1000,1000,0,0,0,0,0
2025-12-15 01:18:57.336,SERVO_OUTPUT_RAW,2692509790,SERVO_OUTPUT_RAW,0,0,0,0,0,0,0,0,1000,1000,1000,1000,0,0,0,0,0
2025-12-15 01:18:57.438,SERVO_OUTPUT_RAW,2692609802,SERVO_OUTPUT_RAW,0,0,0,0,0,0,0,0,1000,1000,1000,1000,0,0,0,0,0
2025-12-15 01:18:57.536,SERVO_OUTPUT_RAW,2692709808,SERVO_OUTPUT_RAW,0,0,0,0,0,0,0,0,1000,1000,1000,1000,0,0,0,0,0
2025-12-15 01:18:57.636,SERVO_OUTPUT_RAW,2692809839,SERVO_OUTPUT_RAW,0,0,0,0,0,0,0,0,1000,1000,1000,1000,0,0,0,0,0
2025-12-15 01:18:57.736,SERVO_OUTPUT_RAW,2692909840,SERVO_OUTPUT_RAW,0,0,0,0,0,0,0,0,1000,1000,1000,1000,0,0,0,0,0
2025-12-15 01:18:57.837,SERVO_OUTPUT_RAW,2693009822,SERVO_OUTPUT_RAW,0,0,0,0,0,0,0,0,1000,1000,1000,1000,0,0,0,0,0
2025-12-15 01:18:57.937,SERVO_OUTPUT_RAW,2693109827,SERVO_OUTPUT_RAW,0,0,0,0,0,0,0,0,1000,1000,1000,1000,0,0,0,0,0
2025-12-15 01:18:58.037,SERVO_OUTPUT_RAW,2693209823,SERVO_OUTPUT_RAW,0,0,0,0,0,0,0,0,1000,1000,1000,1000,0,0,0,0,0
2025-12-15 01:18:58.136,SERVO_OUTPUT_RAW,2693309859,SERVO_OUTPUT_RAW,0,0,0,0,0,0,0,0,1000,1000,1000,1000,0,0,0,0,0
2025-12-15 01:18:58.236,SERVO_OUTPUT_RAW,2693409782,SERVO_OUTPUT_RAW,0,0,0,0,0,0,0,0,1000,1000,1000,1000,0,0,0,0,0
2025-12-15 01:18:58.336,SERVO_OUTPUT_RAW,2693509814,SERVO_OUTPUT_RAW,0,0,0,0,0,0,0,0,1000,1000,1000,1000,0,0,0,0,0
2025-12-15 01:18:58.436,SERVO_OUTPUT_RAW,2693609816,SERVO_OUTPUT_RAW,0,0,0,0,0,0,0,0,1000,1000,1000,1000,0,0,0,0,0
2025-12-15 01:18:58.536,SERVO_OUTPUT_RAW,2693709816,SERVO_OUTPUT_RAW,0,0,0,0,0,0,0,0,1000,1000,1000,1000,0,0,0,0,0
2025-12-15 01:18:58.637,SERVO_OUTPUT_RAW,2693809781,SERVO_OUTPUT_RAW,0,0,0,0,0,0,0,0,1000,1000,1000,1000,0,0,0,0,0
2025-12-15 01:18:58.737,SERVO_OUTPUT_RAW,2693909804,SERVO_OUTPUT_RAW,0,0,0,0,0,0,0,0,1000,1000,1000,1000,0,0,0,0,0
2025-12-15 01:18:58.836,SERVO_OUTPUT_RAW,2694009793,SERVO_OUTPUT_RAW,0,0,0,0,0,0,0,0,1000,1000,1000,1000,0,0,0,0,0
2025-12-15 01:18:58.936,SERVO_OUTPUT_RAW,2694109781,SERVO_OUTPUT_RAW,0,0,0,0,0,0,0,0,1000,1000,1000,1000,0,0,0,0,0
2025-12-15 01:18:59.036,SERVO_OUTPUT_RAW,2694209852,SERVO_OUTPUT_RAW,0,0,0,0,0,0,0,0,1000,1000,1000,1000,0,0,0,0,0
2025-12-15 01:18:59.136,SERVO_OUTPUT_RAW,2694309800,SERVO_OUTPUT_RAW,0,0,0,0,0,0,0,0,1000,1000,1000,1000,0,0,0,0,0
2025-12-15 01:18:59.237,SERVO_OUTPUT_RAW,2694409818,SERVO_OUTPUT_RAW,0,0,0,0,0,0,0,0,1000,1000,1000,1000,0,0,0,0,0
2025-12-15 01:18:59.337,SERVO_OUTPUT_RAW,2694509851,SERVO_OUTPUT_RAW,0,0,0,0,0,0,0,0,1000,1000,1000,1000,0,0,0,0,0
2025-12-15 01:18:59.437,SERVO_OUTPUT_RAW,2694609789,SERVO_OUTPUT_RAW,0,0,0,0,0,0,0,0,1000,1000,1000,1000,0,0,0,0,0
2025-12-15 01:18:59.536,SERVO_OUTPUT_RAW,2694709810,SERVO_OUTPUT_RAW,0,0,0,0,0,0,0,0,1000,1000,1000,1000,0,0,0,0,0
2025-12-15 01:18:59.637,SERVO_OUTPUT_RAW,2694809858,SERVO_OUTPUT_RAW,0,0,0,0,0,0,0,0,1000,1000,1000,1000,0,0,0,0,0
2025-12-15 01:18:59.736,SERVO_OUTPUT_RAW,2694909838,SERVO_OUTPUT_RAW,0,0,0,0,0,0,0,0,1000,1000,1000,1000,0,0,0,0,0
2025-12-15 01:18:59.837,SERVO_OUTPUT_RAW,2695009791,SERVO_OUTPUT_RAW,0,0,0,0,0,0,0,0,1000,1000,1000,1000,0,0,0,0,0
2025-12-15 01:18:59.937,SERVO_OUTPUT_RAW,2695109810,SERVO_OUTPUT_RAW,0,0,0,0,0,0,0,0,1000,1000,1000,1000,0,0,0,0,0
2025-12-15 01:19:00.036,SERVO_OUTPUT_RAW,2695209829,SERVO_OUTPUT_RAW,0,0,0,0,0,0,0,0,1000,1000,1000,1000,0,0,0,0,0
2025-12-15 01:19:00.137,SERVO_OUTPUT_RAW,2695309800,SERVO_OUTPUT_RAW,0,0,0,0,0,0,0,0,1000,1000,1000,1000,0,0,0,0,0
2025-12-15 01:19:00.236,SERVO_OUTPUT_RAW,2695409817,SERVO_OUTPUT_RAW,0,0,0,0,0,0,0,0,1000,1000,1000,1000,0,0,0,0,0
2025-12-15 01:19:00.337,SERVO_OUTPUT_RAW,2695509788,SERVO_OUTPUT_RAW,0,0,0,0,0,0,0,0,1000,1000,1000,1000,0,0,0,0,0
2025-12-15 01:19:00.436,SERVO_OUTPUT_RAW,2695609787,SERVO_OUTPUT_RAW,0,0,0,0,0,0,0,0,1000,1000,1000,1000,0,0,0,0,0
2025-12-15 01:19:00.537,SERVO_OUTPUT_RAW,2695709823,SERVO_OUTPUT_RAW,0,0,0,0,0,0,0,0,1000,1000,1000,1000,0,0,0,0,0
2025-12-15 01:19:00.636,SERVO_OUTPUT_RAW,2695809790,SERVO_OUTPUT_RAW,0,0,0,0,0,0,0,0,1000,1000,1000,1000,0,0,0,0,0
2025-12-15 01:19:00.736,SERVO_OUTPUT_RAW,2695909817,SERVO_OUTPUT_RAW,0,0,0,0,0,0,0,0,1000,1000,1000,1000,0,0,0,0,0
2025-12-15 01:19:00.836,SERVO_OUTPUT_RAW,2696009834,SERVO_OUTPUT_RAW,0,0,0,0,0,0,0,0,1000,1000,1000,1000,0,0,0,0,0
2025-12-15 01:19:00.936,SERVO_OUTPUT_RAW,2696109796,SERVO_OUTPUT_RAW,0,0,0,0,0,0,0,0,1000,1000,1000,1000,0,0,0,0,0
2025-12-15 01:19:01.036,SERVO_OUTPUT_RAW,2696209786,SERVO_OUTPUT_RAW,0,0,0,0,0,0,0,0,1000,1000,1000,1000,0,0,0,0,0
2025-12-15 01:19:01.136,SERVO_OUTPUT_RAW,2696312133,SERVO_OUTPUT_RAW,0,0,0,0,0,0,0,0,1000,1000,1000,1000,0,0,0,0,0
2025-12-15 01:19:01.236,SERVO_OUTPUT_RAW,2696409864,SERVO_OUTPUT_RAW,0,0,0,0,0,0,0,0,1000,1000,1000,1000,0,0,0,0,0
2025-12-15 01:19:01.336,SERVO_OUTPUT_RAW,2696509803,SERVO_OUTPUT_RAW,0,0,0,0,0,0,0,0,1000,1000,1000,1000,0,0,0,0,0
2025-12-15 01:19:01.436,SERVO_OUTPUT_RAW,2696609796,SERVO_OUTPUT_RAW,0,0,0,0,0,0,0,0,1000,1000,1000,1000,0,0,0,0,0
2025-12-15 01:19:01.536,SERVO_OUTPUT_RAW,2696709810,SERVO_OUTPUT_RAW,0,0,0,0,0,0,0,0,1000,1000,1000,1000,0,0,0,0,0
2025-12-15 01:19:01.636,SERVO_OUTPUT_RAW,2696809823,SERVO_OUTPUT_RAW,0,0,0,0,0,0,0,0,1000,1000,1000,1000,0,0,0,0,0
2025-12-15 01:19:01.736,SERVO_OUTPUT_RAW,2696909798,SERVO_OUTPUT_RAW,0,0,0,0,0,0,0,0,1000,1000,1000,1000,0,0,0,0,0
2025-12-15 01:19:01.836,SERVO_OUTPUT_RAW,2697009784,SERVO_OUTPUT_RAW,0,0,0,0,0,0,0,0,1000,1000,1000,1000,0,0,0,0,0
2025-12-15 01:19:01.936,SERVO_OUTPUT_RAW,2697109791,SERVO_OUTPUT_RAW,0,0,0,0,0,0,0,0,1000,1000,1000,1000,0,0,0,0,0
2025-12-15 01:19:02.036,SERVO_OUTPUT_RAW,2697209801,SERVO_OUTPUT_RAW,0,0,0,0,0,0,0,0,1000,1000,1000,1000,0,0,0,0,0
2025-12-15 01:19:02.136,SERVO_OUTPUT_RAW,2697309793,SERVO_OUTPUT_RAW,0,0,0,0,0,0,0,0,1000,1000,1000,1000,0,0,0,0,0
2025-12-15 01:19:02.236,SERVO_OUTPUT_RAW,2697409830,SERVO_OUTPUT_RAW,0,0,0,0,0,0,0,0,1000,1000,1000,1000,0,0,0,0,0
2025-12-15 01:19:02.336,SERVO_OUTPUT_RAW,2697509830,SERVO_OUTPUT_RAW,0,0,0,0,0,0,0,0,1000,1000,1000,1000,0,0,0,0,0
2025-12-15 01:19:02.441,SERVO_OUTPUT_RAW,2697609843,SERVO_OUTPUT_RAW,0,0,0,0,0,0,0,0,1000,1000,1000,1000,0,0,0,0,0
2025-12-15 01:19:02.536,SERVO_OUTPUT_RAW,2697709811,SERVO_OUTPUT_RAW,0,0,0,0,0,0,0,0,1000,1000,1000,1000,0,0,0,0,0
2025-12-15 01:19:02.636,SERVO_OUTPUT_RAW,2697809804,SERVO_OUTPUT_RAW,0,0,0,0,0,0,0,0,1000,1000,1000,1000,0,0,0,0,0
2025-12-15 01:19:02.736,SERVO_OUTPUT_RAW,2697909829,SERVO_OUTPUT_RAW,0,0,0,0,0,0,0,0,1000,1000,1000,1000,0,0,0,0,0
2025-12-15 01:19:02.836,SERVO_OUTPUT_RAW,2698009875,SERVO_OUTPUT_RAW,0,0,0,0,0,0,0,0,1000,1000,1000,1000,0,0,0,0,0
2025-12-15 01:19:02.936,SERVO_OUTPUT_RAW,2698109816,SERVO_OUTPUT_RAW,0,0,0,0,0,0,0,0,1000,1000,1000,1000,0,0,0,0,0
2025-12-15 01:19:03.036,SERVO_OUTPUT_RAW,2698209808,SERVO_OUTPUT_RAW,0,0,0,0,0,0,0,0,1000,1000,1000,1000,0,0,0,0,0
2025-12-15 01:19:03.136,SERVO_OUTPUT_RAW,2698309836,SERVO_OUTPUT_RAW,0,0,0,0,0,0,0,0,1000,1000,1000,1000,0,0,0,0,0
2025-12-15 01:19:03.237,SERVO_OUTPUT_RAW,2698409820,SERVO_OUTPUT_RAW,0,0,0,0,0,0,0,0,1000,1000,1000,1000,0,0,0,0,0
2025-12-15 01:19:03.336,SERVO_OUTPUT_RAW,2698509783,SERVO_OUTPUT_RAW,0,0,0,0,0,0,0,0,1000,1000,1000,1000,0,0,0,0,0
2025-12-15 01:19:03.436,SERVO_OUTPUT_RAW,2698609791,SERVO_OUTPUT_RAW,0,0,0,0,0,0,0,0,1000,1000,1000,1000,0,0,0,0,0
2025-12-15 01:19:03.537,SERVO_OUTPUT_RAW,2698709790,SERVO_OUTPUT_RAW,0,0,0,0,0,0,0,0,1000,1000,1000,1000,0,0,0,0,0
2025-12-15 01:19:03.636,SERVO_OUTPUT_RAW,2698809780,SERVO_OUTPUT_RAW,0,0,0,0,0,0,0,0,1000,1000,1000,1000,0,0,0,0,0
2025-12-15 01:19:03.736,SERVO_OUTPUT_RAW,2698909782,SERVO_OUTPUT_RAW,0,0,0,0,0,0,0,0,1000,1000,1000,1000,0,0,0,0,0
2025-12-15 01:19:03.836,SERVO_OUTPUT_RAW,2699012147,SERVO_OUTPUT_RAW,0,0,0,0,0,0,0,0,1000,1000,1000,1000,0,0,0,0,0
2025-12-15 01:19:03.936,SERVO_OUTPUT_RAW,2699109777,SERVO_OUTPUT_RAW,0,0,0,0,0,0,0,0,1000,1000,1000,1000,0,0,0,0,0
2025-12-15 01:19:04.036,SERVO_OUTPUT_RAW,2699209860,SERVO_OUTPUT_RAW,0,0,0,0,0,0,0,0,1000,1000,1000,1000,0,0,0,0,0
2025-12-15 01:19:04.136,SERVO_OUTPUT_RAW,2699312102,SERVO_OUTPUT_RAW,0,0,0,0,0,0,0,0,1000,1000,1000,1000,0,0,0,0,0
2025-12-15 01:19:04.237,SERVO_OUTPUT_RAW,2699409816,SERVO_OUTPUT_RAW,0,0,0,0,0,0,0,0,1000,1000,1000,1000,0,0,0,0,0
2025-12-15 01:19:04.336,SERVO_OUTPUT_RAW,2699509841,SERVO_OUTPUT_RAW,0,0,0,0,0,0,0,0,1000,1000,1000,1000,0,0,0,0,0
2025-12-15 01:19:04.436,SERVO_OUTPUT_RAW,2699609849,SERVO_OUTPUT_RAW,0,0,0,0,0,0,0,0,1000,1000,1000,1000,0,0,0,0,0
2025-12-15 01:19:04.537,SERVO_OUTPUT_RAW,2699709796,SERVO_OUTPUT_RAW,0,0,0,0,0,0,0,0,1000,1000,1000,1000,0,0,0,0,0
2025-12-15 01:19:04.636,SERVO_OUTPUT_RAW,2699809808,SERVO_OUTPUT_RAW,0,0,0,0,0,0,0,0,1000,1000,1000,1000,0,0,0,0,0
2025-12-15 01:19:04.737,SERVO_OUTPUT_RAW,2699909815,SERVO_OUTPUT_RAW,0,0,0,0,0,0,0,0,1000,1000,1000,1000,0,0,0,0,0
2025-12-15 01:19:04.836,SERVO_OUTPUT_RAW,2700009776,SERVO_OUTPUT_RAW,0,0,0,0,0,0,0,0,1000,1000,1000,1000,0,0,0,0,0
2025-12-15 01:19:04.937,SERVO_OUTPUT_RAW,2700109775,SERVO_OUTPUT_RAW,0,0,0,0,0,0,0,0,1000,1000,1000,1000,0,0,0,0,0
2025-12-15 01:19:05.036,SERVO_OUTPUT_RAW,2700209810,SERVO_OUTPUT_RAW,0,0,0,0,0,0,0,0,1000,1000,1000,1000,0,0,0,0,0
2025-12-15 01:19:05.136,SERVO_OUTPUT_RAW,2700309796,SERVO_OUTPUT_RAW,0,0,0,0,0,0,0,0,1000,1000,1000,1000,0,0,0,0,0
2025-12-15 01:19:05.236,SERVO_OUTPUT_RAW,2700409784,SERVO_OUTPUT_RAW,0,0,0,0,0,0,0,0,1000,1000,1000,1000,0,0,0,0,0
2025-12-15 01:19:05.337,SERVO_OUTPUT_RAW,2700509859,SERVO_OUTPUT_RAW,0,0,0,0,0,0,0,0,1000,1000,1000,1000,0,0,0,0,0
2025-12-15 01:19:05.436,SERVO_OUTPUT_RAW,2700609835,SERVO_OUTPUT_RAW,0,0,0,0,0,0,0,0,1000,1000,1000,1000,0,0,0,0,0
2025-12-15 01:19:05.536,SERVO_OUTPUT_RAW,2700712150,SERVO_OUTPUT_RAW,0,0,0,0,0,0,0,0,1000,1000,1000,1000,0,0,0,0,0
2025-12-15 01:19:05.637,SERVO_OUTPUT_RAW,2700809801,SERVO_OUTPUT_RAW,0,0,0,0,0,0,0,0,1000,1000,1000,1000,0,0,0,0,0
2025-12-15 01:19:05.736,SERVO_OUTPUT_RAW,2700909857,SERVO_OUTPUT_RAW,0,0,0,0,0,0,0,0,1000,1000,1000,1000,0,0,0,0,0
2025-12-15 01:19:05.837,SERVO_OUTPUT_RAW,2701009818,SERVO_OUTPUT_RAW,0,0,0,0,0,0,0,0,1000,1000,1000,1000,0,0,0,0,0
2025-12-15 01:19:05.936,SERVO_OUTPUT_RAW,2701109850,SERVO_OUTPUT_RAW,0,0,0,0,0,0,0,0,1000,1000,1000,1000,0,0,0,0,0
2025-12-15 01:19:06.037,SERVO_OUTPUT_RAW,2701209854,SERVO_OUTPUT_RAW,0,0,0,0,0,0,0,0,1000,1000,1000,1000,0,0,0,0,0
2025-12-15 01:19:06.137,SERVO_OUTPUT_RAW,2701309789,SERVO_OUTPUT_RAW,0,0,0,0,0,0,0,0,1000,1000,1000,1000,0,0,0,0,0
2025-12-15 01:19:06.236,SERVO_OUTPUT_RAW,2701409813,SERVO_OUTPUT_RAW,0,0,0,0,0,0,0,0,1000,1000,1000,1000,0,0,0,0,0
2025-12-15 01:19:06.336,SERVO_OUTPUT_RAW,2701509816,SERVO_OUTPUT_RAW,0,0,0,0,0,0,0,0,1000,1000,1000,1000,0,0,0,0,0
2025-12-15 01:19:06.436,SERVO_OUTPUT_RAW,2701609782,SERVO_OUTPUT_RAW,0,0,0,0,0,0,0,0,1000,1000,1000,1000,0,0,0,0,0
2025-12-15 01:19:06.536,SERVO_OUTPUT_RAW,2701709792,SERVO_OUTPUT_RAW,0,0,0,0,0,0,0,0,1000,1000,1000,1000,0,0,0,0,0
2025-12-15 01:19:06.636,SERVO_OUTPUT_RAW,2701809790,SERVO_OUTPUT_RAW,0,0,0,0,0,0,0,0,1000,1000,1000,1000,0,0,0,0,0
2025-12-15 01:19:06.736,SERVO_OUTPUT_RAW,2701909806,SERVO_OUTPUT_RAW,0,0,0,0,0,0,0,0,1000,1000,1000,1000,0,0,0,0,0
2025-12-15 01:19:06.836,SERVO_OUTPUT_RAW,2702009805,SERVO_OUTPUT_RAW,0,0,0,0,0,0,0,0,1000,1000,1000,1000,0,0,0,0,0
2025-12-15 01:19:06.937,SERVO_OUTPUT_RAW,2702109800,SERVO_OUTPUT_RAW,0,0,0,0,0,0,0,0,1000,1000,1000,1000,0,0,0,0,0
2025-12-15 01:19:07.037,SERVO_OUTPUT_RAW,2702209862,SERVO_OUTPUT_RAW,0,0,0,0,0,0,0,0,1000,1000,1000,1000,0,0,0,0,0
2025-12-15 01:19:07.137,SERVO_OUTPUT_RAW,2702309841,SERVO_OUTPUT_RAW,0,0,0,0,0,0,0,0,1000,1000,1000,1000,0,0,0,0,0
2025-12-15 01:19:07.237,SERVO_OUTPUT_RAW,2702409803,SERVO_OUTPUT_RAW,0,0,0,0,0,0,0,0,1000,1000,1000,1000,0,0,0,0,0
2025-12-15 01:19:07.337,SERVO_OUTPUT_RAW,2702509810,SERVO_OUTPUT_RAW,0,0,0,0,0,0,0,0,1000,1000,1000,1000,0,0,0,0,0
2025-12-15 01:19:07.437,SERVO_OUTPUT_RAW,2702612127,SERVO_OUTPUT_RAW,0,0,0,0,0,0,0,0,1000,1000,1000,1000,0,0,0,0,0
2025-12-15 01:19:07.538,SERVO_OUTPUT_RAW,2702709855,SERVO_OUTPUT_RAW,0,0,0,0,0,0,0,0,1000,1000,1000,1000,0,0,0,0,0
2025-12-15 01:19:07.637,SERVO_OUTPUT_RAW,2702809783,SERVO_OUTPUT_RAW,0,0,0,0,0,0,0,0,1000,1000,1000,1000,0,0,0,0,0
2025-12-15 01:19:07.737,SERVO_OUTPUT_RAW,2702909806,SERVO_OUTPUT_RAW,0,0,0,0,0,0,0,0,1000,1000,1000,1000,0,0,0,0,0
2025-12-15 01:19:07.837,SERVO_OUTPUT_RAW,2703009812,SERVO_OUTPUT_RAW,0,0,0,0,0,0,0,0,1000,1000,1000,1000,0,0,0,0,0
2025-12-15 01:19:07.937,SERVO_OUTPUT_RAW,2703109796,SERVO_OUTPUT_RAW,0,0,0,0,0,0,0,0,1000,1000,1000,1000,0,0,0,0,0
2025-12-15 01:19:08.037,SERVO_OUTPUT_RAW,2703209799,SERVO_OUTPUT_RAW,0,0,0,0,0,0,0,0,1000,1000,1000,1000,0,0,0,0,0
2025-12-15 01:19:08.137,SERVO_OUTPUT_RAW,2703309790,SERVO_OUTPUT_RAW,0,0,0,0,0,0,0,0,1000,1000,1000,1000,0,0,0,0,0
2025-12-15 01:19:08.237,SERVO_OUTPUT_RAW,2703409802,SERVO_OUTPUT_RAW,0,0,0,0,0,0,0,0,1000,1000,1000,1000,0,0,0,0,0
2025-12-15 01:19:08.337,SERVO_OUTPUT_RAW,2703509781,SERVO_OUTPUT_RAW,0,0,0,0,0,0,0,0,1000,1000,1000,1000,0,0,0,0,0
2025-12-15 01:19:08.437,SERVO_OUTPUT_RAW,2703609805,SERVO_OUTPUT_RAW,0,0,0,0,0,0,0,0,1000,1000,1000,1000,0,0,0,0,0
2025-12-15 01:19:08.537,SERVO_OUTPUT_RAW,2703712143,SERVO_OUTPUT_RAW,0,0,0,0,0,0,0,0,1000,1000,1000,1000,0,0,0,0,0
2025-12-15 01:19:08.637,SERVO_OUTPUT_RAW,2703812137,SERVO_OUTPUT_RAW,0,0,0,0,0,0,0,0,1000,1000,1000,1000,0,0,0,0,0
2025-12-15 01:19:08.737,SERVO_OUTPUT_RAW,2703909815,SERVO_OUTPUT_RAW,0,0,0,0,0,0,0,0,1000,1000,1000,1000,0,0,0,0,0
2025-12-15 01:19:08.837,SERVO_OUTPUT_RAW,2704009791,SERVO_OUTPUT_RAW,0,0,0,0,0,0,0,0,1000,1000,1000,1000,0,0,0,0,0
2025-12-15 01:19:08.937,SERVO_OUTPUT_RAW,2704109818,SERVO_OUTPUT_RAW,0,0,0,0,0,0,0,0,1000,1000,1000,1000,0,0,0,0,0
2025-12-15 01:19:09.037,SERVO_OUTPUT_RAW,2704209868,SERVO_OUTPUT_RAW,0,0,0,0,0,0,0,0,1000,1000,1000,1000,0,0,0,0,0
2025-12-15 01:19:09.137,SERVO_OUTPUT_RAW,2704309804,SERVO_OUTPUT_RAW,0,0,0,0,0,0,0,0,1000,1000,1000,1000,0,0,0,0,0
2025-12-15 01:19:09.237,SERVO_OUTPUT_RAW,2704409780,SERVO_OUTPUT_RAW,0,0,0,0,0,0,0,0,1000,1000,1000,1000,0,0,0,0,0
2025-12-15 01:19:09.337,SERVO_OUTPUT_RAW,2704509801,SERVO_OUTPUT_RAW,0,0,0,0,0,0,0,0,1000,1000,1000,1000,0,0,0,0,0
2025-12-15 01:19:09.437,SERVO_OUTPUT_RAW,2704609804,SERVO_OUTPUT_RAW,0,0,0,0,0,0,0,0,1000,1000,1000,1000,0,0,0,0,0
2025-12-15 01:19:09.537,SERVO_OUTPUT_RAW,2704709812,SERVO_OUTPUT_RAW,0,0,0,0,0,0,0,0,1000,1000,1000,1000,0,0,0,0,0
2025-12-15 01:19:09.637,SERVO_OUTPUT_RAW,2704809799,SERVO_OUTPUT_RAW,0,0,0,0,0,0,0,0,1000,1000,1000,1000,0,0,0,0,0
2025-12-15 01:19:09.737,SERVO_OUTPUT_RAW,2704909790,SERVO_OUTPUT_RAW,0,0,0,0,0,0,0,0,1000,1000,1000,1000,0,0,0,0,0
2025-12-15 01:19:09.837,SERVO_OUTPUT_RAW,2705009793,SERVO_OUTPUT_RAW,0,0,0,0,0,0,0,0,1000,1000,1000,1000,0,0,0,0,0
2025-12-15 01:19:09.937,SERVO_OUTPUT_RAW,2705109809,SERVO_OUTPUT_RAW,0,0,0,0,0,0,0,0,1000,1000,1000,1000,0,0,0,0,0
2025-12-15 01:19:10.036,SERVO_OUTPUT_RAW,2705209805,SERVO_OUTPUT_RAW,0,0,0,0,0,0,0,0,1000,1000,1000,1000,0,0,0,0,0
2025-12-15 01:19:10.137,SERVO_OUTPUT_RAW,2705309834,SERVO_OUTPUT_RAW,0,0,0,0,0,0,0,0,1000,1000,1000,1000,0,0,0,0,0
2025-12-15 01:19:10.236,SERVO_OUTPUT_RAW,2705409838,SERVO_OUTPUT_RAW,0,0,0,0,0,0,0,0,1000,1000,1000,1000,0,0,0,0,0
2025-12-15 01:19:10.336,SERVO_OUTPUT_RAW,2705509804,SERVO_OUTPUT_RAW,0,0,0,0,0,0,0,0,1000,1000,1000,1000,0,0,0,0,0
2025-12-15 01:19:10.437,SERVO_OUTPUT_RAW,2705609834,SERVO_OUTPUT_RAW,0,0,0,0,0,0,0,0,1000,1000,1000,1000,0,0,0,0,0
2025-12-15 01:19:10.536,SERVO_OUTPUT_RAW,2705709835,SERVO_OUTPUT_RAW,0,0,0,0,0,0,0,0,1000,1000,1000,1000,0,0,0,0,0
2025-12-15 01:19:10.637,SERVO_OUTPUT_RAW,2705809841,SERVO_OUTPUT_RAW,0,0,0,0,0,0,0,0,1000,1000,1000,1000,0,0,0,0,0
2025-12-15 01:19:10.736,SERVO_OUTPUT_RAW,2705909784,SERVO_OUTPUT_RAW,0,0,0,0,0,0,0,0,1000,1000,1000,1000,0,0,0,0,0
2025-12-15 01:19:10.836,SERVO_OUTPUT_RAW,2706009791,SERVO_OUTPUT_RAW,0,0,0,0,0,0,0,0,1000,1000,1000,1000,0,0,0,0,0
2025-12-15 01:19:10.936,SERVO_OUTPUT_RAW,2706109863,SERVO_OUTPUT_RAW,0,0,0,0,0,0,0,0,1000,1000,1000,1000,0,0,0,0,0
2025-12-15 01:19:11.036,SERVO_OUTPUT_RAW,2706209788,SERVO_OUTPUT_RAW,0,0,0,0,0,0,0,0,1000,1000,1000,1000,0,0,0,0,0
2025-12-15 01:19:11.136,SERVO_OUTPUT_RAW,2706309781,SERVO_OUTPUT_RAW,0,0,0,0,0,0,0,0,1000,1000,1000,1000,0,0,0,0,0
2025-12-15 01:19:11.237,SERVO_OUTPUT_RAW,2706409778,SERVO_OUTPUT_RAW,0,0,0,0,0,0,0,0,1000,1000,1000,1000,0,0,0,0,0
2025-12-15 01:19:11.336,SERVO_OUTPUT_RAW,2706509787,SERVO_OUTPUT_RAW,0,0,0,0,0,0,0,0,1000,1000,1000,1000,0,0,0,0,0
2025-12-15 01:19:11.436,SERVO_OUTPUT_RAW,2706609783,SERVO_OUTPUT_RAW,0,0,0,0,0,0,0,0,1000,1000,1000,1000,0,0,0,0,0
2025-12-15 01:19:11.537,SERVO_OUTPUT_RAW,2706712123,SERVO_OUTPUT_RAW,0,0,0,0,0,0,0,0,1000,1000,1000,1000,0,0,0,0,0
2025-12-15 01:19:11.636,SERVO_OUTPUT_RAW,2706812151,SERVO_OUTPUT_RAW,0,0,0,0,0,0,0,0,1000,1000,1000,1000,0,0,0,0,0
2025-12-15 01:19:11.736,SERVO_OUTPUT_RAW,2706909829,SERVO_OUTPUT_RAW,0,0,0,0,0,0,0,0,1000,1000,1000,1000,0,0,0,0,0
2025-12-15 01:19:11.837,SERVO_OUTPUT_RAW,2707009846,SERVO_OUTPUT_RAW,0,0,0,0,0,0,0,0,1000,1000,1000,1000,0,0,0,0,0
2025-12-15 01:19:11.936,SERVO_OUTPUT_RAW,2707109815,SERVO_OUTPUT_RAW,0,0,0,0,0,0,0,0,1000,1000,1000,1000,0,0,0,0,0
2025-12-15 01:19:12.037,SERVO_OUTPUT_RAW,2707209809,SERVO_OUTPUT_RAW,0,0,0,0,0,0,0,0,1000,1000,1000,1000,0,0,0,0,0
2025-12-15 01:19:12.136,SERVO_OUTPUT_RAW,2707309833,SERVO_OUTPUT_RAW,0,0,0,0,0,0,0,0,1000,1000,1000,1000,0,0,0,0,0
2025-12-15 01:19:12.236,SERVO_OUTPUT_RAW,2707409853,SERVO_OUTPUT_RAW,0,0,0,0,0,0,0,0,1000,1000,1000,1000,0,0,0,0,0
2025-12-15 01:19:12.337,SERVO_OUTPUT_RAW,2707509779,SERVO_OUTPUT_RAW,0,0,0,0,0,0,0,0,1000,1000,1000,1000,0,0,0,0,0
2025-12-15 01:19:12.438,SERVO_OUTPUT_RAW,2707609803,SERVO_OUTPUT_RAW,0,0,0,0,0,0,0,0,1000,1000,1000,1000,0,0,0,0,0
2025-12-15 01:19:12.537,SERVO_OUTPUT_RAW,2707709852,SERVO_OUTPUT_RAW,0,0,0,0,0,0,0,0,1000,1000,1000,1000,0,0,0,0,0
2025-12-15 01:19:12.636,SERVO_OUTPUT_RAW,2707809784,SERVO_OUTPUT_RAW,0,0,0,0,0,0,0,0,1000,1000,1000,1000,0,0,0,0,0
2025-12-15 01:19:12.737,SERVO_OUTPUT_RAW,2707909779,SERVO_OUTPUT_RAW,0,0,0,0,0,0,0,0,1000,1000,1000,1000,0,0,0,0,0
2025-12-15 01:19:12.837,SERVO_OUTPUT_RAW,2708009800,SERVO_OUTPUT_RAW,0,0,0,0,0,0,0,0,1000,1000,1000,1000,0,0,0,0,0
2025-12-15 01:19:12.937,SERVO_OUTPUT_RAW,2708109794,SERVO_OUTPUT_RAW,0,0,0,0,0,0,0,0,1000,1000,1000,1000,0,0,0,0,0
2025-12-15 01:19:13.037,SERVO_OUTPUT_RAW,2708209791,SERVO_OUTPUT_RAW,0,0,0,0,0,0,0,0,1000,1000,1000,1000,0,0,0,0,0
2025-12-15 01:19:13.137,SERVO_OUTPUT_RAW,2708309809,SERVO_OUTPUT_RAW,0,0,0,0,0,0,0,0,1000,1000,1000,1000,0,0,0,0,0
2025-12-15 01:19:13.237,SERVO_OUTPUT_RAW,2708409830,SERVO_OUTPUT_RAW,0,0,0,0,0,0,0,0,1000,1000,1000,1000,0,0,0,0,0
2025-12-15 01:19:13.337,SERVO_OUTPUT_RAW,2708509850,SERVO_OUTPUT_RAW,0,0,0,0,0,0,0,0,1000,1000,1000,1000,0,0,0,0,0
2025-12-15 01:19:13.437,SERVO_OUTPUT_RAW,2708609858,SERVO_OUTPUT_RAW,0,0,0,0,0,0,0,0,1000,1000,1000,1000,0,0,0,0,0
2025-12-15 01:19:13.537,SERVO_OUTPUT_RAW,2708709808,SERVO_OUTPUT_RAW,0,0,0,0,0,0,0,0,1000,1000,1000,1000,0,0,0,0,0
2025-12-15 01:19:13.637,SERVO_OUTPUT_RAW,2708809821,SERVO_OUTPUT_RAW,0,0,0,0,0,0,0,0,1000,1000,1000,1000,0,0,0,0,0
2025-12-15 01:19:13.737,SERVO_OUTPUT_RAW,2708909906,SERVO_OUTPUT_RAW,0,0,0,0,0,0,0,0,1000,1000,1000,1000,0,0,0,0,0
2025-12-15 01:19:13.837,SERVO_OUTPUT_RAW,2709009825,SERVO_OUTPUT_RAW,0,0,0,0,0,0,0,0,1000,1000,1000,1000,0,0,0,0,0
2025-12-15 01:19:13.937,SERVO_OUTPUT_RAW,2709109803,SERVO_OUTPUT_RAW,0,0,0,0,0,0,0,0,1000,1000,1000,1000,0,0,0,0,0
2025-12-15 01:19:14.037,SERVO_OUTPUT_RAW,2709209866,SERVO_OUTPUT_RAW,0,0,0,0,0,0,0,0,1000,1000,1000,1000,0,0,0,0,0
2025-12-15 01:19:14.137,SERVO_OUTPUT_RAW,2709309822,SERVO_OUTPUT_RAW,0,0,0,0,0,0,0,0,1000,1000,1000,1000,0,0,0,0,0
2025-12-15 01:19:14.237,SERVO_OUTPUT_RAW,2709409791,SERVO_OUTPUT_RAW,0,0,0,0,0,0,0,0,1000,1000,1000,1000,0,0,0,0,0
2025-12-15 01:19:14.337,SERVO_OUTPUT_RAW,2709509784,SERVO_OUTPUT_RAW,0,0,0,0,0,0,0,0,1000,1000,1000,1000,0,0,0,0,0
2025-12-15 01:19:14.437,SERVO_OUTPUT_RAW,2709609811,SERVO_OUTPUT_RAW,0,0,0,0,0,0,0,0,1000,1000,1000,1000,0,0,0,0,0
2025-12-15 01:19:14.537,SERVO_OUTPUT_RAW,2709709785,SERVO_OUTPUT_RAW,0,0,0,0,0,0,0,0,1000,1000,1000,1000,0,0,0,0,0
2025-12-15 01:19:14.637,SERVO_OUTPUT_RAW,2709809789,SERVO_OUTPUT_RAW,0,0,0,0,0,0,0,0,1000,1000,1000,1000,0,0,0,0,0
2025-12-15 01:19:14.737,SERVO_OUTPUT_RAW,2709909807,SERVO_OUTPUT_RAW,0,0,0,0,0,0,0,0,1000,1000,1000,1000,0,0,0,0,0
2025-12-15 01:19:14.837,SERVO_OUTPUT_RAW,2710009840,SERVO_OUTPUT_RAW,0,0,0,0,0,0,0,0,1000,1000,1000,1000,0,0,0,0,0
2025-12-15 01:19:14.937,SERVO_OUTPUT_RAW,2710109860,SERVO_OUTPUT_RAW,0,0,0,0,0,0,0,0,1000,1000,1000,1000,0,0,0,0,0
2025-12-15 01:19:15.037,SERVO_OUTPUT_RAW,2710209801,SERVO_OUTPUT_RAW,0,0,0,0,0,0,0,0,1000,1000,1000,1000,0,0,0,0,0
2025-12-15 01:19:15.137,SERVO_OUTPUT_RAW,2710309800,SERVO_OUTPUT_RAW,0,0,0,0,0,0,0,0,1000,1000,1000,1000,0,0,0,0,0
2025-12-15 01:19:15.237,SERVO_OUTPUT_RAW,2710409842,SERVO_OUTPUT_RAW,0,0,0,0,0,0,0,0,1000,1000,1000,1000,0,0,0,0,0
2025-12-15 01:19:15.337,SERVO_OUTPUT_RAW,2710509845,SERVO_OUTPUT_RAW,0,0,0,0,0,0,0,0,1000,1000,1000,1000,0,0,0,0,0
2025-12-15 01:19:15.437,SERVO_OUTPUT_RAW,2710609890,SERVO_OUTPUT_RAW,0,0,0,0,0,0,0,0,1000,1000,1000,1000,0,0,0,0,0
2025-12-15 01:19:15.537,SERVO_OUTPUT_RAW,2710709808,SERVO_OUTPUT_RAW,0,0,0,0,0,0,0,0,1000,1000,1000,1000,0,0,0,0,0
2025-12-15 01:19:15.637,SERVO_OUTPUT_RAW,2710809816,SERVO_OUTPUT_RAW,0,0,0,0,0,0,0,0,1000,1000,1000,1000,0,0,0,0,0
2025-12-15 01:19:15.737,SERVO_OUTPUT_RAW,2710909826,SERVO_OUTPUT_RAW,0,0,0,0,0,0,0,0,1000,1000,1000,1000,0,0,0,0,0
2025-12-15 01:19:15.837,SERVO_OUTPUT_RAW,2711009789,SERVO_OUTPUT_RAW,0,0,0,0,0,0,0,0,1000,1000,1000,1000,0,0,0,0,0
2025-12-15 01:19:15.937,SERVO_OUTPUT_RAW,2711109788,SERVO_OUTPUT_RAW,0,0,0,0,0,0,0,0,1000,1000,1000,1000,0,0,0,0,0
2025-12-15 01:19:16.037,SERVO_OUTPUT_RAW,2711209786,SERVO_OUTPUT_RAW,0,0,0,0,0,0,0,0,1000,1000,1000,1000,0,0,0,0,0
2025-12-15 01:19:16.137,SERVO_OUTPUT_RAW,2711309783,SERVO_OUTPUT_RAW,0,0,0,0,0,0,0,0,1000,1000,1000,1000,0,0,0,0,0
2025-12-15 01:19:16.237,SERVO_OUTPUT_RAW,2711409794,SERVO_OUTPUT_RAW,0,0,0,0,0,0,0,0,1000,1000,1000,1000,0,0,0,0,0
2025-12-15 01:19:16.337,SERVO_OUTPUT_RAW,2711509831,SERVO_OUTPUT_RAW,0,0,0,0,0,0,0,0,1000,1000,1000,1000,0,0,0,0,0
2025-12-15 01:19:16.437,SERVO_OUTPUT_RAW,2711609787,SERVO_OUTPUT_RAW,0,0,0,0,0,0,0,0,1000,1000,1000,1000,0,0,0,0,0
2025-12-15 01:19:16.537,SERVO_OUTPUT_RAW,2711709853,SERVO_OUTPUT_RAW,0,0,0,0,0,0,0,0,1000,1000,1000,1000,0,0,0,0,0
2025-12-15 01:19:16.637,SERVO_OUTPUT_RAW,2711809820,SERVO_OUTPUT_RAW,0,0,0,0,0,0,0,0,1000,1000,1000,1000,0,0,0,0,0
2025-12-15 01:19:16.738,SERVO_OUTPUT_RAW,2711909841,SERVO_OUTPUT_RAW,0,0,0,0,0,0,0,0,1000,1000,1000,1000,0,0,0,0,0
2025-12-15 01:19:16.838,SERVO_OUTPUT_RAW,2712009847,SERVO_OUTPUT_RAW,0,0,0,0,0,0,0,0,1000,1000,1000,1000,0,0,0,0,0
2025-12-15 01:19:16.937,SERVO_OUTPUT_RAW,2712109850,SERVO_OUTPUT_RAW,0,0,0,0,0,0,0,0,1000,1000,1000,1000,0,0,0,0,0
2025-12-15 01:19:17.037,SERVO_OUTPUT_RAW,2712209787,SERVO_OUTPUT_RAW,0,0,0,0,0,0,0,0,1000,1000,1000,1000,0,0,0,0,0
2025-12-15 01:19:17.137,SERVO_OUTPUT_RAW,2712309811,SERVO_OUTPUT_RAW,0,0,0,0,0,0,0,0,1000,1000,1000,1000,0,0,0,0,0
2025-12-15 01:19:17.237,SERVO_OUTPUT_RAW,2712409801,SERVO_OUTPUT_RAW,0,0,0,0,0,0,0,0,1000,1000,1000,1000,0,0,0,0,0
2025-12-15 01:19:17.337,SERVO_OUTPUT_RAW,2712509787,SERVO_OUTPUT_RAW,0,0,0,0,0,0,0,0,1000,1000,1000,1000,0,0,0,0,0
2025-12-15 01:19:17.443,SERVO_OUTPUT_RAW,2712609794,SERVO_OUTPUT_RAW,0,0,0,0,0,0,0,0,1000,1000,1000,1000,0,0,0,0,0
2025-12-15 01:19:17.537,SERVO_OUTPUT_RAW,2712709782,SERVO_OUTPUT_RAW,0,0,0,0,0,0,0,0,1000,1000,1000,1000,0,0,0,0,0
2025-12-15 01:19:17.637,SERVO_OUTPUT_RAW,2712809803,SERVO_OUTPUT_RAW,0,0,0,0,0,0,0,0,1000,1000,1000,1000,0,0,0,0,0
2025-12-15 01:19:17.737,SERVO_OUTPUT_RAW,2712912123,SERVO_OUTPUT_RAW,0,0,0,0,0,0,0,0,1000,1000,1000,1000,0,0,0,0,0
2025-12-15 01:19:17.837,SERVO_OUTPUT_RAW,2713009812,SERVO_OUTPUT_RAW,0,0,0,0,0,0,0,0,1000,1000,1000,1000,0,0,0,0,0
2025-12-15 01:19:17.937,SERVO_OUTPUT_RAW,2713112200,SERVO_OUTPUT_RAW,0,0,0,0,0,0,0,0,1000,1000,1000,1000,0,0,0,0,0
2025-12-15 01:19:18.037,SERVO_OUTPUT_RAW,2713209829,SERVO_OUTPUT_RAW,0,0,0,0,0,0,0,0,1000,1000,1000,1000,0,0,0,0,0
2025-12-15 01:19:18.137,SERVO_OUTPUT_RAW,2713309802,SERVO_OUTPUT_RAW,0,0,0,0,0,0,0,0,1000,1000,1000,1000,0,0,0,0,0
2025-12-15 01:19:18.237,SERVO_OUTPUT_RAW,2713409799,SERVO_OUTPUT_RAW,0,0,0,0,0,0,0,0,1000,1000,1000,1000,0,0,0,0,0
2025-12-15 01:19:18.337,SERVO_OUTPUT_RAW,2713509873,SERVO_OUTPUT_RAW,0,0,0,0,0,0,0,0,1000,1000,1000,1000,0,0,0,0,0
2025-12-15 01:19:18.437,SERVO_OUTPUT_RAW,2713609857,SERVO_OUTPUT_RAW,0,0,0,0,0,0,0,0,1000,1000,1000,1000,0,0,0,0,0
2025-12-15 01:19:18.537,SERVO_OUTPUT_RAW,2713709846,SERVO_OUTPUT_RAW,0,0,0,0,0,0,0,0,1000,1000,1000,1000,0,0,0,0,0
2025-12-15 01:19:18.637,SERVO_OUTPUT_RAW,2713809798,SERVO_OUTPUT_RAW,0,0,0,0,0,0,0,0,1000,1000,1000,1000,0,0,0,0,0
2025-12-15 01:19:18.737,SERVO_OUTPUT_RAW,2713909825,SERVO_OUTPUT_RAW,0,0,0,0,0,0,0,0,1000,1000,1000,1000,0,0,0,0,0
2025-12-15 01:19:18.837,SERVO_OUTPUT_RAW,2714009816,SERVO_OUTPUT_RAW,0,0,0,0,0,0,0,0,1000,1000,1000,1000,0,0,0,0,0
2025-12-15 01:19:18.937,SERVO_OUTPUT_RAW,2714109795,SERVO_OUTPUT_RAW,0,0,0,0,0,0,0,0,1000,1000,1000,1000,0,0,0,0,0
2025-12-15 01:19:19.038,SERVO_OUTPUT_RAW,2714209784,SERVO_OUTPUT_RAW,0,0,0,0,0,0,0,0,1000,1000,1000,1000,0,0,0,0,0
2025-12-15 01:19:19.137,SERVO_OUTPUT_RAW,2714309774,SERVO_OUTPUT_RAW,0,0,0,0,0,0,0,0,1000,1000,1000,1000,0,0,0,0,0
2025-12-15 01:19:19.237,SERVO_OUTPUT_RAW,2714409773,SERVO_OUTPUT_RAW,0,0,0,0,0,0,0,0,1000,1000,1000,1000,0,0,0,0,0
2025-12-15 01:19:19.336,SERVO_OUTPUT_RAW,2714509792,SERVO_OUTPUT_RAW,0,0,0,0,0,0,0,0,1000,1000,1000,1000,0,0,0,0,0
2025-12-15 01:19:19.437,SERVO_OUTPUT_RAW,2714609827,SERVO_OUTPUT_RAW,0,0,0,0,0,0,0,0,1000,1000,1000,1000,0,0,0,0,0
2025-12-15 01:19:19.536,SERVO_OUTPUT_RAW,2714709817,SERVO_OUTPUT_RAW,0,0,0,0,0,0,0,0,1000,1000,1000,1000,0,0,0,0,0
2025-12-15 01:19:19.637,SERVO_OUTPUT_RAW,2714809778,SERVO_OUTPUT_RAW,0,0,0,0,0,0,0,0,1000,1000,1000,1000,0,0,0,0,0
2025-12-15 01:19:19.736,SERVO_OUTPUT_RAW,2714909783,SERVO_OUTPUT_RAW,0,0,0,0,0,0,0,0,1000,1000,1000,1000,0,0,0,0,0
2025-12-15 01:19:19.837,SERVO_OUTPUT_RAW,2715009812,SERVO_OUTPUT_RAW,0,0,0,0,0,0,0,0,1000,1000,1000,1000,0,0,0,0,0
2025-12-15 01:19:19.938,SERVO_OUTPUT_RAW,2715109847,SERVO_OUTPUT_RAW,0,0,0,0,0,0,0,0,1000,1000,1000,1000,0,0,0,0,0
2025-12-15 01:19:20.038,SERVO_OUTPUT_RAW,2715209903,SERVO_OUTPUT_RAW,0,0,0,0,0,0,0,0,1000,1000,1000,1000,0,0,0,0,0
2025-12-15 01:19:20.138,SERVO_OUTPUT_RAW,2715309786,SERVO_OUTPUT_RAW,0,0,0,0,0,0,0,0,1000,1000,1000,1000,0,0,0,0,0
2025-12-15 01:19:20.237,SERVO_OUTPUT_RAW,2715409801,SERVO_OUTPUT_RAW,0,0,0,0,0,0,0,0,1000,1000,1000,1000,0,0,0,0,0
2025-12-15 01:19:20.336,SERVO_OUTPUT_RAW,2715509822,SERVO_OUTPUT_RAW,0,0,0,0,0,0,0,0,1000,1000,1000,1000,0,0,0,0,0
2025-12-15 01:19:20.437,SERVO_OUTPUT_RAW,2715609785,SERVO_OUTPUT_RAW,0,0,0,0,0,0,0,0,1000,1000,1000,1000,0,0,0,0,0
2025-12-15 01:19:20.536,SERVO_OUTPUT_RAW,2715709768,SERVO_OUTPUT_RAW,0,0,0,0,0,0,0,0,1000,1000,1000,1000,0,0,0,0,0
2025-12-15 01:19:20.636,SERVO_OUTPUT_RAW,2715809799,SERVO_OUTPUT_RAW,0,0,0,0,0,0,0,0,1000,1000,1000,1000,0,0,0,0,0
2025-12-15 01:19:20.737,SERVO_OUTPUT_RAW,2715909787,SERVO_OUTPUT_RAW,0,0,0,0,0,0,0,0,1000,1000,1000,1000,0,0,0,0,0
2025-12-15 01:19:20.836,SERVO_OUTPUT_RAW,2716009783,SERVO_OUTPUT_RAW,0,0,0,0,0,0,0,0,1000,1000,1000,1000,0,0,0,0,0
2025-12-15 01:19:20.936,SERVO_OUTPUT_RAW,2716109811,SERVO_OUTPUT_RAW,0,0,0,0,0,0,0,0,1000,1000,1000,1000,0,0,0,0,0
2025-12-15 01:19:21.037,SERVO_OUTPUT_RAW,2716209832,SERVO_OUTPUT_RAW,0,0,0,0,0,0,0,0,1000,1000,1000,1000,0,0,0,0,0
2025-12-15 01:19:21.136,SERVO_OUTPUT_RAW,2716309843,SERVO_OUTPUT_RAW,0,0,0,0,0,0,0,0,1000,1000,1000,1000,0,0,0,0,0
2025-12-15 01:19:21.236,SERVO_OUTPUT_RAW,2716412151,SERVO_OUTPUT_RAW,0,0,0,0,0,0,0,0,1000,1000,1000,1000,0,0,0,0,0
2025-12-15 01:19:21.337,SERVO_OUTPUT_RAW,2716509795,SERVO_OUTPUT_RAW,0,0,0,0,0,0,0,0,1000,1000,1000,1000,0,0,0,0,0
2025-12-15 01:19:21.436,SERVO_OUTPUT_RAW,2716609822,SERVO_OUTPUT_RAW,0,0,0,0,0,0,0,0,1000,1000,1000,1000,0,0,0,0,0
2025-12-15 01:19:21.537,SERVO_OUTPUT_RAW,2716709840,SERVO_OUTPUT_RAW,0,0,0,0,0,0,0,0,1000,1000,1000,1000,0,0,0,0,0
2025-12-15 01:19:21.637,SERVO_OUTPUT_RAW,2716809809,SERVO_OUTPUT_RAW,0,0,0,0,0,0,0,0,1000,1000,1000,1000,0,0,0,0,0
2025-12-15 01:19:21.736,SERVO_OUTPUT_RAW,2716909786,SERVO_OUTPUT_RAW,0,0,0,0,0,0,0,0,1000,1000,1000,1000,0,0,0,0,0
2025-12-15 01:19:21.837,SERVO_OUTPUT_RAW,2717009815,SERVO_OUTPUT_RAW,0,0,0,0,0,0,0,0,1000,1000,1000,1000,0,0,0,0,0
2025-12-15 01:19:21.936,SERVO_OUTPUT_RAW,2717109837,SERVO_OUTPUT_RAW,0,0,0,0,0,0,0,0,1000,1000,1000,1000,0,0,0,0,0
2025-12-15 01:19:22.037,SERVO_OUTPUT_RAW,2717209788,SERVO_OUTPUT_RAW,0,0,0,0,0,0,0,0,1000,1000,1000,1000,0,0,0,0,0
2025-12-15 01:19:22.137,SERVO_OUTPUT_RAW,2717309798,SERVO_OUTPUT_RAW,0,0,0,0,0,0,0,0,1000,1000,1000,1000,0,0,0,0,0
2025-12-15 01:19:22.237,SERVO_OUTPUT_RAW,2717409796,SERVO_OUTPUT_RAW,0,0,0,0,0,0,0,0,1000,1000,1000,1000,0,0,0,0,0
2025-12-15 01:19:22.336,SERVO_OUTPUT_RAW,2717509782,SERVO_OUTPUT_RAW,0,0,0,0,0,0,0,0,1000,1000,1000,1000,0,0,0,0,0
2025-12-15 01:19:22.437,SERVO_OUTPUT_RAW,2717609785,SERVO_OUTPUT_RAW,0,0,0,0,0,0,0,0,1000,1000,1000,1000,0,0,0,0,0
2025-12-15 01:19:22.537,SERVO_OUTPUT_RAW,2717709817,SERVO_OUTPUT_RAW,0,0,0,0,0,0,0,0,1000,1000,1000,1000,0,0,0,0,0
2025-12-15 01:19:22.637,SERVO_OUTPUT_RAW,2717809831,SERVO_OUTPUT_RAW,0,0,0,0,0,0,0,0,1000,1000,1000,1000,0,0,0,0,0
2025-12-15 01:19:22.737,SERVO_OUTPUT_RAW,2717909847,SERVO_OUTPUT_RAW,0,0,0,0,0,0,0,0,1000,1000,1000,1000,0,0,0,0,0
2025-12-15 01:19:22.837,SERVO_OUTPUT_RAW,2718009807,SERVO_OUTPUT_RAW,0,0,0,0,0,0,0,0,1000,1000,1000,1000,0,0,0,0,0
2025-12-15 01:19:22.937,SERVO_OUTPUT_RAW,2718109803,SERVO_OUTPUT_RAW,0,0,0,0,0,0,0,0,1000,1000,1000,1000,0,0,0,0,0
2025-12-15 01:19:23.037,SERVO_OUTPUT_RAW,2718209845,SERVO_OUTPUT_RAW,0,0,0,0,0,0,0,0,1000,1000,1000,1000,0,0,0,0,0
2025-12-15 01:19:23.137,SERVO_OUTPUT_RAW,2718309857,SERVO_OUTPUT_RAW,0,0,0,0,0,0,0,0,1000,1000,1000,1000,0,0,0,0,0
2025-12-15 01:19:23.237,SERVO_OUTPUT_RAW,2718409774,SERVO_OUTPUT_RAW,0,0,0,0,0,0,0,0,1000,1000,1000,1000,0,0,0,0,0
2025-12-15 01:19:23.337,SERVO_OUTPUT_RAW,2718509808,SERVO_OUTPUT_RAW,0,0,0,0,0,0,0,0,1000,1000,1000,1000,0,0,0,0,0
2025-12-15 01:19:23.437,SERVO_OUTPUT_RAW,2718609820,SERVO_OUTPUT_RAW,0,0,0,0,0,0,0,0,1000,1000,1000,1000,0,0,0,0,0
2025-12-15 01:19:23.537,SERVO_OUTPUT_RAW,2718709831,SERVO_OUTPUT_RAW,0,0,0,0,0,0,0,0,1000,1000,1000,1000,0,0,0,0,0
2025-12-15 01:19:23.637,SERVO_OUTPUT_RAW,2718809796,SERVO_OUTPUT_RAW,0,0,0,0,0,0,0,0,1000,1000,1000,1000,0,0,0,0,0
2025-12-15 01:19:23.737,SERVO_OUTPUT_RAW,2718909790,SERVO_OUTPUT_RAW,0,0,0,0,0,0,0,0,1000,1000,1000,1000,0,0,0,0,0
2025-12-15 01:19:23.837,SERVO_OUTPUT_RAW,2719009780,SERVO_OUTPUT_RAW,0,0,0,0,0,0,0,0,1000,1000,1000,1000,0,0,0,0,0
2025-12-15 01:19:23.937,SERVO_OUTPUT_RAW,2719109814,SERVO_OUTPUT_RAW,0,0,0,0,0,0,0,0,1000,1000,1000,1000,0,0,0,0,0
2025-12-15 01:19:24.037,SERVO_OUTPUT_RAW,2719209786,SERVO_OUTPUT_RAW,0,0,0,0,0,0,0,0,1000,1000,1000,1000,0,0,0,0,0
2025-12-15 01:19:24.137,SERVO_OUTPUT_RAW,2719309851,SERVO_OUTPUT_RAW,0,0,0,0,0,0,0,0,1000,1000,1000,1000,0,0,0,0,0
2025-12-15 01:19:24.237,SERVO_OUTPUT_RAW,2719412137,SERVO_OUTPUT_RAW,0,0,0,0,0,0,0,0,1000,1000,1000,1000,0,0,0,0,0
2025-12-15 01:19:24.337,SERVO_OUTPUT_RAW,2719509857,SERVO_OUTPUT_RAW,0,0,0,0,0,0,0,0,1000,1000,1000,1000,0,0,0,0,0
2025-12-15 01:19:24.437,SERVO_OUTPUT_RAW,2719609786,SERVO_OUTPUT_RAW,0,0,0,0,0,0,0,0,1000,1000,1000,1000,0,0,0,0,0
2025-12-15 01:19:24.537,SERVO_OUTPUT_RAW,2719709823,SERVO_OUTPUT_RAW,0,0,0,0,0,0,0,0,1000,1000,1000,1000,0,0,0,0,0
2025-12-15 01:19:24.637,SERVO_OUTPUT_RAW,2719809846,SERVO_OUTPUT_RAW,0,0,0,0,0,0,0,0,1000,1000,1000,1000,0,0,0,0,0
2025-12-15 01:19:24.737,SERVO_OUTPUT_RAW,2719909843,SERVO_OUTPUT_RAW,0,0,0,0,0,0,0,0,1000,1000,1000,1000,0,0,0,0,0
2025-12-15 01:19:24.837,SERVO_OUTPUT_RAW,2720009835,SERVO_OUTPUT_RAW,0,0,0,0,0,0,0,0,1000,1000,1000,1000,0,0,0,0,0
2025-12-15 01:19:24.938,SERVO_OUTPUT_RAW,2720109816,SERVO_OUTPUT_RAW,0,0,0,0,0,0,0,0,1000,1000,1000,1000,0,0,0,0,0
2025-12-15 01:19:25.037,SERVO_OUTPUT_RAW,2720209817,SERVO_OUTPUT_RAW,0,0,0,0,0,0,0,0,1000,1000,1000,1000,0,0,0,0,0
2025-12-15 01:19:25.137,SERVO_OUTPUT_RAW,2720309805,SERVO_OUTPUT_RAW,0,0,0,0,0,0,0,0,1000,1000,1000,1000,0,0,0,0,0
2025-12-15 01:19:25.237,SERVO_OUTPUT_RAW,2720409781,SERVO_OUTPUT_RAW,0,0,0,0,0,0,0,0,1000,1000,1000,1000,0,0,0,0,0
2025-12-15 01:19:25.338,SERVO_OUTPUT_RAW,2720509801,SERVO_OUTPUT_RAW,0,0,0,0,0,0,0,0,1000,1000,1000,1000,0,0,0,0,0
2025-12-15 01:19:25.437,SERVO_OUTPUT_RAW,2720609785,SERVO_OUTPUT_RAW,0,0,0,0,0,0,0,0,1000,1000,1000,1000,0,0,0,0,0
2025-12-15 01:19:25.537,SERVO_OUTPUT_RAW,2720709790,SERVO_OUTPUT_RAW,0,0,0,0,0,0,0,0,1000,1000,1000,1000,0,0,0,0,0
2025-12-15 01:19:25.637,SERVO_OUTPUT_RAW,2720809788,SERVO_OUTPUT_RAW,0,0,0,0,0,0,0,0,1000,1000,1000,1000,0,0,0,0,0
2025-12-15 01:19:25.737,SERVO_OUTPUT_RAW,2720909836,SERVO_OUTPUT_RAW,0,0,0,0,0,0,0,0,1000,1000,1000,1000,0,0,0,0,0
2025-12-15 01:19:25.837,SERVO_OUTPUT_RAW,2721009859,SERVO_OUTPUT_RAW,0,0,0,0,0,0,0,0,1000,1000,1000,1000,0,0,0,0,0
2025-12-15 01:19:25.937,SERVO_OUTPUT_RAW,2721109797,SERVO_OUTPUT_RAW,0,0,0,0,0,0,0,0,1000,1000,1000,1000,0,0,0,0,0
2025-12-15 01:19:26.038,SERVO_OUTPUT_RAW,2721209834,SERVO_OUTPUT_RAW,0,0,0,0,0,0,0,0,1000,1000,1000,1000,0,0,0,0,0
2025-12-15 01:19:26.137,SERVO_OUTPUT_RAW,2721309820,SERVO_OUTPUT_RAW,0,0,0,0,0,0,0,0,1000,1000,1000,1000,0,0,0,0,0
2025-12-15 01:19:26.238,SERVO_OUTPUT_RAW,2721409836,SERVO_OUTPUT_RAW,0,0,0,0,0,0,0,0,1000,1000,1000,1000,0,0,0,0,0
2025-12-15 01:19:26.337,SERVO_OUTPUT_RAW,2721509902,SERVO_OUTPUT_RAW,0,0,0,0,0,0,0,0,1000,1000,1000,1000,0,0,0,0,0
2025-12-15 01:19:26.437,SERVO_OUTPUT_RAW,2721609828,SERVO_OUTPUT_RAW,0,0,0,0,0,0,0,0,1000,1000,1000,1000,0,0,0,0,0
2025-12-15 01:19:26.538,SERVO_OUTPUT_RAW,2721709819,SERVO_OUTPUT_RAW,0,0,0,0,0,0,0,0,1000,1000,1000,1000,0,0,0,0,0
2025-12-15 01:19:26.637,SERVO_OUTPUT_RAW,2721809823,SERVO_OUTPUT_RAW,0,0,0,0,0,0,0,0,1000,1000,1000,1000,0,0,0,0,0
2025-12-15 01:19:26.737,SERVO_OUTPUT_RAW,2721909781,SERVO_OUTPUT_RAW,0,0,0,0,0,0,0,0,1000,1000,1000,1000,0,0,0,0,0
2025-12-15 01:19:26.838,SERVO_OUTPUT_RAW,2722009795,SERVO_OUTPUT_RAW,0,0,0,0,0,0,0,0,1000,1000,1000,1000,0,0,0,0,0
2025-12-15 01:19:26.937,SERVO_OUTPUT_RAW,2722109784,SERVO_OUTPUT_RAW,0,0,0,0,0,0,0,0,1000,1000,1000,1000,0,0,0,0,0
2025-12-15 01:19:27.037,SERVO_OUTPUT_RAW,2722209787,SERVO_OUTPUT_RAW,0,0,0,0,0,0,0,0,1000,1000,1000,1000,0,0,0,0,0
2025-12-15 01:19:27.137,SERVO_OUTPUT_RAW,2722309788,SERVO_OUTPUT_RAW,0,0,0,0,0,0,0,0,1000,1000,1000,1000,0,0,0,0,0
2025-12-15 01:19:27.237,SERVO_OUTPUT_RAW,2722409808,SERVO_OUTPUT_RAW,0,0,0,0,0,0,0,0,1000,1000,1000,1000,0,0,0,0,0
2025-12-15 01:19:27.337,SERVO_OUTPUT_RAW,2722509864,SERVO_OUTPUT_RAW,0,0,0,0,0,0,0,0,1000,1000,1000,1000,0,0,0,0,0
2025-12-15 01:19:27.439,SERVO_OUTPUT_RAW,2722609881,SERVO_OUTPUT_RAW,0,0,0,0,0,0,0,0,1000,1000,1000,1000,0,0,0,0,0
2025-12-15 01:19:27.537,SERVO_OUTPUT_RAW,2722709817,SERVO_OUTPUT_RAW,0,0,0,0,0,0,0,0,1000,1000,1000,1000,0,0,0,0,0
2025-12-15 01:19:27.638,SERVO_OUTPUT_RAW,2722809812,SERVO_OUTPUT_RAW,0,0,0,0,0,0,0,0,1000,1000,1000,1000,0,0,0,0,0
2025-12-15 01:19:27.738,SERVO_OUTPUT_RAW,2722909841,SERVO_OUTPUT_RAW,0,0,0,0,0,0,0,0,1000,1000,1000,1000,0,0,0,0,0
2025-12-15 01:19:27.838,SERVO_OUTPUT_RAW,2723009846,SERVO_OUTPUT_RAW,0,0,0,0,0,0,0,0,1000,1000,1000,1000,0,0,0,0,0
2025-12-15 01:19:27.938,SERVO_OUTPUT_RAW,2723109791,SERVO_OUTPUT_RAW,0,0,0,0,0,0,0,0,1000,1000,1000,1000,0,0,0,0,0
2025-12-15 01:19:28.038,SERVO_OUTPUT_RAW,2723209801,SERVO_OUTPUT_RAW,0,0,0,0,0,0,0,0,1000,1000,1000,1000,0,0,0,0,0
2025-12-15 01:19:28.138,SERVO_OUTPUT_RAW,2723309809,SERVO_OUTPUT_RAW,0,0,0,0,0,0,0,0,1000,1000,1000,1000,0,0,0,0,0
2025-12-15 01:19:28.238,SERVO_OUTPUT_RAW,2723409831,SERVO_OUTPUT_RAW,0,0,0,0,0,0,0,0,1000,1000,1000,1000,0,0,0,0,0
2025-12-15 01:19:28.338,SERVO_OUTPUT_RAW,2723509774,SERVO_OUTPUT_RAW,0,0,0,0,0,0,0,0,1000,1000,1000,1000,0,0,0,0,0
2025-12-15 01:19:28.437,SERVO_OUTPUT_RAW,2723609799,SERVO_OUTPUT_RAW,0,0,0,0,0,0,0,0,1000,1000,1000,1000,0,0,0,0,0
2025-12-15 01:19:28.537,SERVO_OUTPUT_RAW,2723709786,SERVO_OUTPUT_RAW,0,0,0,0,0,0,0,0,1000,1000,1000,1000,0,0,0,0,0
2025-12-15 01:19:28.637,SERVO_OUTPUT_RAW,2723809779,SERVO_OUTPUT_RAW,0,0,0,0,0,0,0,0,1000,1000,1000,1000,0,0,0,0,0
2025-12-15 01:19:28.736,SERVO_OUTPUT_RAW,2723909793,SERVO_OUTPUT_RAW,0,0,0,0,0,0,0,0,1000,1000,1000,1000,0,0,0,0,0
2025-12-15 01:19:28.837,SERVO_OUTPUT_RAW,2724012131,SERVO_OUTPUT_RAW,0,0,0,0,0,0,0,0,1000,1000,1000,1000,0,0,0,0,0
2025-12-15 01:19:28.938,SERVO_OUTPUT_RAW,2724109840,SERVO_OUTPUT_RAW,0,0,0,0,0,0,0,0,1000,1000,1000,1000,0,0,0,0,0
2025-12-15 01:19:29.037,SERVO_OUTPUT_RAW,2724209852,SERVO_OUTPUT_RAW,0,0,0,0,0,0,0,0,1000,1000,1000,1000,0,0,0,0,0
2025-12-15 01:19:29.137,SERVO_OUTPUT_RAW,2724309806,SERVO_OUTPUT_RAW,0,0,0,0,0,0,0,0,1000,1000,1000,1000,0,0,0,0,0
2025-12-15 01:19:29.237,SERVO_OUTPUT_RAW,2724409822,SERVO_OUTPUT_RAW,0,0,0,0,0,0,0,0,1000,1000,1000,1000,0,0,0,0,0
2025-12-15 01:19:29.337,SERVO_OUTPUT_RAW,2724509972,SERVO_OUTPUT_RAW,0,0,0,0,0,0,0,0,1000,1000,1000,1000,0,0,0,0,0
2025-12-15 01:19:29.437,SERVO_OUTPUT_RAW,2724609782,SERVO_OUTPUT_RAW,0,0,0,0,0,0,0,0,1000,1000,1000,1000,0,0,0,0,0
2025-12-15 01:19:29.537,SERVO_OUTPUT_RAW,2724709787,SERVO_OUTPUT_RAW,0,0,0,0,0,0,0,0,1000,1000,1000,1000,0,0,0,0,0
2025-12-15 01:19:29.637,SERVO_OUTPUT_RAW,2724809806,SERVO_OUTPUT_RAW,0,0,0,0,0,0,0,0,1000,1000,1000,1000,0,0,0,0,0
2025-12-15 01:19:29.737,SERVO_OUTPUT_RAW,2724909806,SERVO_OUTPUT_RAW,0,0,0,0,0,0,0,0,1000,1000,1000,1000,0,0,0,0,0
2025-12-15 01:19:29.837,SERVO_OUTPUT_RAW,2725009796,SERVO_OUTPUT_RAW,0,0,0,0,0,0,0,0,1000,1000,1000,1000,0,0,0,0,0
2025-12-15 01:19:29.937,SERVO_OUTPUT_RAW,2725109790,SERVO_OUTPUT_RAW,0,0,0,0,0,0,0,0,1000,1000,1000,1000,0,0,0,0,0
2025-12-15 01:19:30.037,SERVO_OUTPUT_RAW,2725209786,SERVO_OUTPUT_RAW,0,0,0,0,0,0,0,0,1000,1000,1000,1000,0,0,0,0,0
2025-12-15 01:19:30.136,SERVO_OUTPUT_RAW,2725309788,SERVO_OUTPUT_RAW,0,0,0,0,0,0,0,0,1000,1000,1000,1000,0,0,0,0,0
2025-12-15 01:19:30.237,SERVO_OUTPUT_RAW,2725409796,SERVO_OUTPUT_RAW,0,0,0,0,0,0,0,0,1000,1000,1000,1000,0,0,0,0,0
2025-12-15 01:19:30.337,SERVO_OUTPUT_RAW,2725512148,SERVO_OUTPUT_RAW,0,0,0,0,0,0,0,0,1000,1000,1000,1000,0,0,0,0,0
2025-12-15 01:19:30.437,SERVO_OUTPUT_RAW,2725609799,SERVO_OUTPUT_RAW,0,0,0,0,0,0,0,0,1000,1000,1000,1000,0,0,0,0,0
2025-12-15 01:19:30.537,SERVO_OUTPUT_RAW,2725712161,SERVO_OUTPUT_RAW,0,0,0,0,0,0,0,0,1000,1000,1000,1000,0,0,0,0,0
2025-12-15 01:19:30.637,SERVO_OUTPUT_RAW,2725809803,SERVO_OUTPUT_RAW,0,0,0,0,0,0,0,0,1000,1000,1000,1000,0,0,0,0,0
2025-12-15 01:19:30.737,SERVO_OUTPUT_RAW,2725909817,SERVO_OUTPUT_RAW,0,0,0,0,0,0,0,0,1000,1000,1000,1000,0,0,0,0,0
2025-12-15 01:19:30.837,SERVO_OUTPUT_RAW,2726009838,SERVO_OUTPUT_RAW,0,0,0,0,0,0,0,0,1000,1000,1000,1000,0,0,0,0,0
2025-12-15 01:19:30.937,SERVO_OUTPUT_RAW,2726109847,SERVO_OUTPUT_RAW,0,0,0,0,0,0,0,0,1000,1000,1000,1000,0,0,0,0,0
2025-12-15 01:19:31.037,SERVO_OUTPUT_RAW,2726209788,SERVO_OUTPUT_RAW,0,0,0,0,0,0,0,0,1000,1000,1000,1000,0,0,0,0,0
2025-12-15 01:19:31.137,SERVO_OUTPUT_RAW,2726309812,SERVO_OUTPUT_RAW,0,0,0,0,0,0,0,0,1000,1000,1000,1000,0,0,0,0,0
2025-12-15 01:19:31.237,SERVO_OUTPUT_RAW,2726409819,SERVO_OUTPUT_RAW,0,0,0,0,0,0,0,0,1000,1000,1000,1000,0,0,0,0,0
2025-12-15 01:19:31.337,SERVO_OUTPUT_RAW,2726509809,SERVO_OUTPUT_RAW,0,0,0,0,0,0,0,0,1000,1000,1000,1000,0,0,0,0,0
2025-12-15 01:19:31.437,SERVO_OUTPUT_RAW,2726609783,SERVO_OUTPUT_RAW,0,0,0,0,0,0,0,0,1000,1000,1000,1000,0,0,0,0,0
2025-12-15 01:19:31.537,SERVO_OUTPUT_RAW,2726709782,SERVO_OUTPUT_RAW,0,0,0,0,0,0,0,0,1000,1000,1000,1000,0,0,0,0,0
2025-12-15 01:19:31.637,SERVO_OUTPUT_RAW,2726809776,SERVO_OUTPUT_RAW,0,0,0,0,0,0,0,0,1000,1000,1000,1000,0,0,0,0,0
2025-12-15 01:19:31.737,SERVO_OUTPUT_RAW,2726909786,SERVO_OUTPUT_RAW,0,0,0,0,0,0,0,0,1000,1000,1000,1000,0,0,0,0,0
2025-12-15 01:19:31.837,SERVO_OUTPUT_RAW,2727009798,SERVO_OUTPUT_RAW,0,0,0,0,0,0,0,0,1000,1000,1000,1000,0,0,0,0,0
2025-12-15 01:19:31.937,SERVO_OUTPUT_RAW,2727109833,SERVO_OUTPUT_RAW,0,0,0,0,0,0,0,0,1000,1000,1000,1000,0,0,0,0,0
2025-12-15 01:19:32.037,SERVO_OUTPUT_RAW,2727209848,SERVO_OUTPUT_RAW,0,0,0,0,0,0,0,0,1000,1000,1000,1000,0,0,0,0,0
2025-12-15 01:19:32.137,SERVO_OUTPUT_RAW,2727309841,SERVO_OUTPUT_RAW,0,0,0,0,0,0,0,0,1000,1000,1000,1000,0,0,0,0,0
2025-12-15 01:19:32.237,SERVO_OUTPUT_RAW,2727409799,SERVO_OUTPUT_RAW,0,0,0,0,0,0,0,0,1000,1000,1000,1000,0,0,0,0,0
2025-12-15 01:19:32.337,SERVO_OUTPUT_RAW,2727509818,SERVO_OUTPUT_RAW,0,0,0,0,0,0,0,0,1000,1000,1000,1000,0,0,0,0,0
2025-12-15 01:19:32.442,SERVO_OUTPUT_RAW,2727609843,SERVO_OUTPUT_RAW,0,0,0,0,0,0,0,0,1000,1000,1000,1000,0,0,0,0,0
2025-12-15 01:19:32.537,SERVO_OUTPUT_RAW,2727709850,SERVO_OUTPUT_RAW,0,0,0,0,0,0,0,0,1000,1000,1000,1000,0,0,0,0,0
2025-12-15 01:19:32.637,SERVO_OUTPUT_RAW,2727809887,SERVO_OUTPUT_RAW,0,0,0,0,0,0,0,0,1000,1000,1000,1000,0,0,0,0,0
2025-12-15 01:19:32.737,SERVO_OUTPUT_RAW,2727909795,SERVO_OUTPUT_RAW,0,0,0,0,0,0,0,0,1000,1000,1000,1000,0,0,0,0,0
2025-12-15 01:19:32.837,SERVO_OUTPUT_RAW,2728009833,SERVO_OUTPUT_RAW,0,0,0,0,0,0,0,0,1000,1000,1000,1000,0,0,0,0,0
2025-12-15 01:19:32.937,SERVO_OUTPUT_RAW,2728109786,SERVO_OUTPUT_RAW,0,0,0,0,0,0,0,0,1000,1000,1000,1000,0,0,0,0,0
2025-12-15 01:19:33.037,SERVO_OUTPUT_RAW,2728209790,SERVO_OUTPUT_RAW,0,0,0,0,0,0,0,0,1000,1000,1000,1000,0,0,0,0,0
2025-12-15 01:19:33.137,SERVO_OUTPUT_RAW,2728309791,SERVO_OUTPUT_RAW,0,0,0,0,0,0,0,0,1000,1000,1000,1000,0,0,0,0,0
2025-12-15 01:19:33.237,SERVO_OUTPUT_RAW,2728409810,SERVO_OUTPUT_RAW,0,0,0,0,0,0,0,0,1000,1000,1000,1000,0,0,0,0,0
2025-12-15 01:19:33.337,SERVO_OUTPUT_RAW,2728509802,SERVO_OUTPUT_RAW,0,0,0,0,0,0,0,0,1000,1000,1000,1000,0,0,0,0,0
2025-12-15 01:19:33.437,SERVO_OUTPUT_RAW,2728609800,SERVO_OUTPUT_RAW,0,0,0,0,0,0,0,0,1000,1000,1000,1000,0,0,0,0,0
2025-12-15 01:19:33.537,SERVO_OUTPUT_RAW,2728709833,SERVO_OUTPUT_RAW,0,0,0,0,0,0,0,0,1000,1000,1000,1000,0,0,0,0,0
2025-12-15 01:19:33.637,SERVO_OUTPUT_RAW,2728809831,SERVO_OUTPUT_RAW,0,0,0,0,0,0,0,0,1000,1000,1000,1000,0,0,0,0,0
2025-12-15 01:19:33.737,SERVO_OUTPUT_RAW,2728909829,SERVO_OUTPUT_RAW,0,0,0,0,0,0,0,0,1000,1000,1000,1000,0,0,0,0,0
2025-12-15 01:19:33.837,SERVO_OUTPUT_RAW,2729012101,SERVO_OUTPUT_RAW,0,0,0,0,0,0,0,0,1000,1000,1000,1000,0,0,0,0,0
2025-12-15 01:19:33.937,SERVO_OUTPUT_RAW,2729109806,SERVO_OUTPUT_RAW,0,0,0,0,0,0,0,0,1000,1000,1000,1000,0,0,0,0,0
2025-12-15 01:19:34.037,SERVO_OUTPUT_RAW,2729209827,SERVO_OUTPUT_RAW,0,0,0,0,0,0,0,0,1000,1000,1000,1000,0,0,0,0,0
2025-12-15 01:19:34.137,SERVO_OUTPUT_RAW,2729309782,SERVO_OUTPUT_RAW,0,0,0,0,0,0,0,0,1000,1000,1000,1000,0,0,0,0,0
2025-12-15 01:19:34.237,SERVO_OUTPUT_RAW,2729409785,SERVO_OUTPUT_RAW,0,0,0,0,0,0,0,0,1000,1000,1000,1000,0,0,0,0,0
2025-12-15 01:19:34.337,SERVO_OUTPUT_RAW,2729509825,SERVO_OUTPUT_RAW,0,0,0,0,0,0,0,0,1000,1000,1000,1000,0,0,0,0,0
2025-12-15 01:19:34.437,SERVO_OUTPUT_RAW,2729609842,SERVO_OUTPUT_RAW,0,0,0,0,0,0,0,0,1000,1000,1000,1000,0,0,0,0,0
2025-12-15 01:19:34.537,SERVO_OUTPUT_RAW,2729709788,SERVO_OUTPUT_RAW,0,0,0,0,0,0,0,0,1000,1000,1000,1000,0,0,0,0,0
2025-12-15 01:19:34.637,SERVO_OUTPUT_RAW,2729809781,SERVO_OUTPUT_RAW,0,0,0,0,0,0,0,0,1000,1000,1000,1000,0,0,0,0,0
2025-12-15 01:19:34.737,SERVO_OUTPUT_RAW,2729909814,SERVO_OUTPUT_RAW,0,0,0,0,0,0,0,0,1000,1000,1000,1000,0,0,0,0,0
2025-12-15 01:19:34.837,SERVO_OUTPUT_RAW,2730009790,SERVO_OUTPUT_RAW,0,0,0,0,0,0,0,0,1000,1000,1000,1000,0,0,0,0,0
2025-12-15 01:19:34.938,SERVO_OUTPUT_RAW,2730109782,SERVO_OUTPUT_RAW,0,0,0,0,0,0,0,0,1000,1000,1000,1000,0,0,0,0,0
2025-12-15 01:19:35.037,SERVO_OUTPUT_RAW,2730209786,SERVO_OUTPUT_RAW,0,0,0,0,0,0,0,0,1000,1000,1000,1000,0,0,0,0,0
2025-12-15 01:19:35.137,SERVO_OUTPUT_RAW,2730309861,SERVO_OUTPUT_RAW,0,0,0,0,0,0,0,0,1000,1000,1000,1000,0,0,0,0,0
2025-12-15 01:19:35.238,SERVO_OUTPUT_RAW,2730409863,SERVO_OUTPUT_RAW,0,0,0,0,0,0,0,0,1000,1000,1000,1000,0,0,0,0,0
2025-12-15 01:19:35.337,SERVO_OUTPUT_RAW,2730509801,SERVO_OUTPUT_RAW,0,0,0,0,0,0,0,0,1000,1000,1000,1000,0,0,0,0,0
2025-12-15 01:19:35.437,SERVO_OUTPUT_RAW,2730609838,SERVO_OUTPUT_RAW,0,0,0,0,0,0,0,0,1000,1000,1000,1000,0,0,0,0,0
2025-12-15 01:19:35.537,SERVO_OUTPUT_RAW,2730709834,SERVO_OUTPUT_RAW,0,0,0,0,0,0,0,0,1000,1000,1000,1000,0,0,0,0,0
2025-12-15 01:19:35.637,SERVO_OUTPUT_RAW,2730809859,SERVO_OUTPUT_RAW,0,0,0,0,0,0,0,0,1000,1000,1000,1000,0,0,0,0,0
2025-12-15 01:19:35.737,SERVO_OUTPUT_RAW,2730909867,SERVO_OUTPUT_RAW,0,0,0,0,0,0,0,0,1000,1000,1000,1000,0,0,0,0,0
2025-12-15 01:19:35.837,SERVO_OUTPUT_RAW,2731009813,SERVO_OUTPUT_RAW,0,0,0,0,0,0,0,0,1000,1000,1000,1000,0,0,0,0,0
2025-12-15 01:19:35.937,SERVO_OUTPUT_RAW,2731109814,SERVO_OUTPUT_RAW,0,0,0,0,0,0,0,0,1000,1000,1000,1000,0,0,0,0,0
2025-12-15 01:19:36.037,SERVO_OUTPUT_RAW,2731209817,SERVO_OUTPUT_RAW,0,0,0,0,0,0,0,0,1000,1000,1000,1000,0,0,0,0,0
2025-12-15 01:19:36.137,SERVO_OUTPUT_RAW,2731309808,SERVO_OUTPUT_RAW,0,0,0,0,0,0,0,0,1000,1000,1000,1000,0,0,0,0,0
2025-12-15 01:19:36.237,SERVO_OUTPUT_RAW,2731409780,SERVO_OUTPUT_RAW,0,0,0,0,0,0,0,0,1000,1000,1000,1000,0,0,0,0,0
2025-12-15 01:19:36.337,SERVO_OUTPUT_RAW,2731509790,SERVO_OUTPUT_RAW,0,0,0,0,0,0,0,0,1000,1000,1000,1000,0,0,0,0,0
2025-12-15 01:19:36.437,SERVO_OUTPUT_RAW,2731609777,SERVO_OUTPUT_RAW,0,0,0,0,0,0,0,0,1000,1000,1000,1000,0,0,0,0,0
2025-12-15 01:19:36.537,SERVO_OUTPUT_RAW,2731709794,SERVO_OUTPUT_RAW,0,0,0,0,0,0,0,0,1000,1000,1000,1000,0,0,0,0,0
2025-12-15 01:19:36.637,SERVO_OUTPUT_RAW,2731809832,SERVO_OUTPUT_RAW,0,0,0,0,0,0,0,0,1000,1000,1000,1000,0,0,0,0,0
2025-12-15 01:19:36.737,SERVO_OUTPUT_RAW,2731909852,SERVO_OUTPUT_RAW,0,0,0,0,0,0,0,0,1000,1000,1000,1000,0,0,0,0,0
2025-12-15 01:19:36.837,SERVO_OUTPUT_RAW,2732012155,SERVO_OUTPUT_RAW,0,0,0,0,0,0,0,0,1000,1000,1000,1000,0,0,0,0,0
2025-12-15 01:19:36.937,SERVO_OUTPUT_RAW,2732109818,SERVO_OUTPUT_RAW,0,0,0,0,0,0,0,0,1000,1000,1000,1000,0,0,0,0,0
2025-12-15 01:19:37.038,SERVO_OUTPUT_RAW,2732209815,SERVO_OUTPUT_RAW,0,0,0,0,0,0,0,0,1000,1000,1000,1000,0,0,0,0,0
2025-12-15 01:19:37.138,SERVO_OUTPUT_RAW,2732309860,SERVO_OUTPUT_RAW,0,0,0,0,0,0,0,0,1000,1000,1000,1000,0,0,0,0,0
2025-12-15 01:19:37.237,SERVO_OUTPUT_RAW,2732409849,SERVO_OUTPUT_RAW,0,0,0,0,0,0,0,0,1000,1000,1000,1000,0,0,0,0,0
2025-12-15 01:19:37.338,SERVO_OUTPUT_RAW,2732509789,SERVO_OUTPUT_RAW,0,0,0,0,0,0,0,0,1000,1000,1000,1000,0,0,0,0,0
2025-12-15 01:19:37.437,SERVO_OUTPUT_RAW,2732609826,SERVO_OUTPUT_RAW,0,0,0,0,0,0,0,0,1000,1000,1000,1000,0,0,0,0,0
2025-12-15 01:19:37.538,SERVO_OUTPUT_RAW,2732709812,SERVO_OUTPUT_RAW,0,0,0,0,0,0,0,0,1000,1000,1000,1000,0,0,0,0,0
2025-12-15 01:19:37.638,SERVO_OUTPUT_RAW,2732809788,SERVO_OUTPUT_RAW,0,0,0,0,0,0,0,0,1000,1000,1000,1000,0,0,0,0,0
2025-12-15 01:19:37.738,SERVO_OUTPUT_RAW,2732909815,SERVO_OUTPUT_RAW,0,0,0,0,0,0,0,0,1000,1000,1000,1000,0,0,0,0,0
2025-12-15 01:19:37.838,SERVO_OUTPUT_RAW,2733009812,SERVO_OUTPUT_RAW,0,0,0,0,0,0,0,0,1000,1000,1000,1000,0,0,0,0,0
2025-12-15 01:19:37.938,SERVO_OUTPUT_RAW,2733109792,SERVO_OUTPUT_RAW,0,0,0,0,0,0,0,0,1000,1000,1000,1000,0,0,0,0,0
2025-12-15 01:19:38.038,SERVO_OUTPUT_RAW,2733209806,SERVO_OUTPUT_RAW,0,0,0,0,0,0,0,0,1000,1000,1000,1000,0,0,0,0,0
2025-12-15 01:19:38.138,SERVO_OUTPUT_RAW,2733309791,SERVO_OUTPUT_RAW,0,0,0,0,0,0,0,0,1000,1000,1000,1000,0,0,0,0,0
2025-12-15 01:19:38.238,SERVO_OUTPUT_RAW,2733409838,SERVO_OUTPUT_RAW,0,0,0,0,0,0,0,0,1000,1000,1000,1000,0,0,0,0,0
2025-12-15 01:19:38.338,SERVO_OUTPUT_RAW,2733509794,SERVO_OUTPUT_RAW,0,0,0,0,0,0,0,0,1000,1000,1000,1000,0,0,0,0,0
2025-12-15 01:19:38.439,SERVO_OUTPUT_RAW,2733609798,SERVO_OUTPUT_RAW,0,0,0,0,0,0,0,0,1000,1000,1000,1000,0,0,0,0,0
2025-12-15 01:19:38.538,SERVO_OUTPUT_RAW,2733709796,SERVO_OUTPUT_RAW,0,0,0,0,0,0,0,0,1000,1000,1000,1000,0,0,0,0,0
2025-12-15 01:19:38.638,SERVO_OUTPUT_RAW,2733809826,SERVO_OUTPUT_RAW,0,0,0,0,0,0,0,0,1000,1000,1000,1000,0,0,0,0,0
2025-12-15 01:19:38.738,SERVO_OUTPUT_RAW,2733909848,SERVO_OUTPUT_RAW,0,0,0,0,0,0,0,0,1000,1000,1000,1000,0,0,0,0,0
2025-12-15 01:19:38.839,SERVO_OUTPUT_RAW,2734009815,SERVO_OUTPUT_RAW,0,0,0,0,0,0,0,0,1000,1000,1000,1000,0,0,0,0,0
2025-12-15 01:19:38.938,SERVO_OUTPUT_RAW,2734109894,SERVO_OUTPUT_RAW,0,0,0,0,0,0,0,0,1000,1000,1000,1000,0,0,0,0,0
2025-12-15 01:19:39.038,SERVO_OUTPUT_RAW,2734209853,SERVO_OUTPUT_RAW,0,0,0,0,0,0,0,0,1000,1000,1000,1000,0,0,0,0,0
2025-12-15 01:19:39.138,SERVO_OUTPUT_RAW,2734309815,SERVO_OUTPUT_RAW,0,0,0,0,0,0,0,0,1000,1000,1000,1000,0,0,0,0,0
2025-12-15 01:19:39.238,SERVO_OUTPUT_RAW,2734409803,SERVO_OUTPUT_RAW,0,0,0,0,0,0,0,0,1000,1000,1000,1000,0,0,0,0,0
2025-12-15 01:19:39.337,SERVO_OUTPUT_RAW,2734509786,SERVO_OUTPUT_RAW,0,0,0,0,0,0,0,0,1000,1000,1000,1000,0,0,0,0,0
2025-12-15 01:19:39.437,SERVO_OUTPUT_RAW,2734609780,SERVO_OUTPUT_RAW,0,0,0,0,0,0,0,0,1000,1000,1000,1000,0,0,0,0,0
2025-12-15 01:19:39.537,SERVO_OUTPUT_RAW,2734709791,SERVO_OUTPUT_RAW,0,0,0,0,0,0,0,0,1000,1000,1000,1000,0,0,0,0,0
2025-12-15 01:19:39.637,SERVO_OUTPUT_RAW,2734809787,SERVO_OUTPUT_RAW,0,0,0,0,0,0,0,0,1000,1000,1000,1000,0,0,0,0,0
2025-12-15 01:19:39.737,SERVO_OUTPUT_RAW,2734909820,SERVO_OUTPUT_RAW,0,0,0,0,0,0,0,0,1000,1000,1000,1000,0,0,0,0,0
2025-12-15 01:19:39.837,SERVO_OUTPUT_RAW,2735009825,SERVO_OUTPUT_RAW,0,0,0,0,0,0,0,0,1000,1000,1000,1000,0,0,0,0,0
2025-12-15 01:19:39.938,SERVO_OUTPUT_RAW,2735109774,SERVO_OUTPUT_RAW,0,0,0,0,0,0,0,0,1000,1000,1000,1000,0,0,0,0,0
2025-12-15 01:19:40.037,SERVO_OUTPUT_RAW,2735209785,SERVO_OUTPUT_RAW,0,0,0,0,0,0,0,0,1000,1000,1000,1000,0,0,0,0,0
2025-12-15 01:19:40.138,SERVO_OUTPUT_RAW,2735309846,SERVO_OUTPUT_RAW,0,0,0,0,0,0,0,0,1000,1000,1000,1000,0,0,0,0,0
2025-12-15 01:19:40.237,SERVO_OUTPUT_RAW,2735409849,SERVO_OUTPUT_RAW,0,0,0,0,0,0,0,0,1000,1000,1000,1000,0,0,0,0,0
2025-12-15 01:19:40.337,SERVO_OUTPUT_RAW,2735509846,SERVO_OUTPUT_RAW,0,0,0,0,0,0,0,0,1000,1000,1000,1000,0,0,0,0,0
2025-12-15 01:19:40.437,SERVO_OUTPUT_RAW,2735609777,SERVO_OUTPUT_RAW,0,0,0,0,0,0,0,0,1000,1000,1000,1000,0,0,0,0,0
2025-12-15 01:19:40.537,SERVO_OUTPUT_RAW,2735709794,SERVO_OUTPUT_RAW,0,0,0,0,0,0,0,0,1000,1000,1000,1000,0,0,0,0,0
2025-12-15 01:19:40.637,SERVO_OUTPUT_RAW,2735809820,SERVO_OUTPUT_RAW,0,0,0,0,0,0,0,0,1000,1000,1000,1000,0,0,0,0,0
2025-12-15 01:19:40.737,SERVO_OUTPUT_RAW,2735909784,SERVO_OUTPUT_RAW,0,0,0,0,0,0,0,0,1000,1000,1000,1000,0,0,0,0,0
2025-12-15 01:19:40.837,SERVO_OUTPUT_RAW,2736009776,SERVO_OUTPUT_RAW,0,0,0,0,0,0,0,0,1000,1000,1000,1000,0,0,0,0,0
2025-12-15 01:19:40.937,SERVO_OUTPUT_RAW,2736109792,SERVO_OUTPUT_RAW,0,0,0,0,0,0,0,0,1000,1000,1000,1000,0,0,0,0,0
2025-12-15 01:19:41.037,SERVO_OUTPUT_RAW,2736209793,SERVO_OUTPUT_RAW,0,0,0,0,0,0,0,0,1000,1000,1000,1000,0,0,0,0,0
2025-12-15 01:19:41.137,SERVO_OUTPUT_RAW,2736309787,SERVO_OUTPUT_RAW,0,0,0,0,0,0,0,0,1000,1000,1000,1000,0,0,0,0,0
2025-12-15 01:19:41.237,SERVO_OUTPUT_RAW,2736409800,SERVO_OUTPUT_RAW,0,0,0,0,0,0,0,0,1000,1000,1000,1000,0,0,0,0,0
2025-12-15 01:19:41.337,SERVO_OUTPUT_RAW,2736509823,SERVO_OUTPUT_RAW,0,0,0,0,0,0,0,0,1000,1000,1000,1000,0,0,0,0,0
2025-12-15 01:19:41.437,SERVO_OUTPUT_RAW,2736609801,SERVO_OUTPUT_RAW,0,0,0,0,0,0,0,0,1000,1000,1000,1000,0,0,0,0,0
2025-12-15 01:19:41.537,SERVO_OUTPUT_RAW,2736709801,SERVO_OUTPUT_RAW,0,0,0,0,0,0,0,0,1000,1000,1000,1000,0,0,0,0,0
2025-12-15 01:19:41.637,SERVO_OUTPUT_RAW,2736809796,SERVO_OUTPUT_RAW,0,0,0,0,0,0,0,0,1000,1000,1000,1000,0,0,0,0,0
2025-12-15 01:19:41.737,SERVO_OUTPUT_RAW,2736909814,SERVO_OUTPUT_RAW,0,0,0,0,0,0,0,0,1000,1000,1000,1000,0,0,0,0,0
2025-12-15 01:19:41.838,SERVO_OUTPUT_RAW,2737009836,SERVO_OUTPUT_RAW,0,0,0,0,0,0,0,0,1000,1000,1000,1000,0,0,0,0,0
2025-12-15 01:19:41.937,SERVO_OUTPUT_RAW,2737109920,SERVO_OUTPUT_RAW,0,0,0,0,0,0,0,0,1000,1000,1000,1000,0,0,0,0,0
2025-12-15 01:19:42.037,SERVO_OUTPUT_RAW,2737209788,SERVO_OUTPUT_RAW,0,0,0,0,0,0,0,0,1000,1000,1000,1000,0,0,0,0,0
2025-12-15 01:19:42.137,SERVO_OUTPUT_RAW,2737309822,SERVO_OUTPUT_RAW,0,0,0,0,0,0,0,0,1000,1000,1000,1000,0,0,0,0,0
2025-12-15 01:19:42.237,SERVO_OUTPUT_RAW,2737409831,SERVO_OUTPUT_RAW,0,0,0,0,0,0,0,0,1000,1000,1000,1000,0,0,0,0,0
2025-12-15 01:19:42.337,SERVO_OUTPUT_RAW,2737509787,SERVO_OUTPUT_RAW,0,0,0,0,0,0,0,0,1000,1000,1000,1000,0,0,0,0,0
2025-12-15 01:19:42.439,SERVO_OUTPUT_RAW,2737609785,SERVO_OUTPUT_RAW,0,0,0,0,0,0,0,0,1000,1000,1000,1000,0,0,0,0,0
2025-12-15 01:19:42.537,SERVO_OUTPUT_RAW,2737709796,SERVO_OUTPUT_RAW,0,0,0,0,0,0,0,0,1000,1000,1000,1000,0,0,0,0,0
2025-12-15 01:19:42.637,SERVO_OUTPUT_RAW,2737809798,SERVO_OUTPUT_RAW,0,0,0,0,0,0,0,0,1000,1000,1000,1000,0,0,0,0,0
2025-12-15 01:19:42.737,SERVO_OUTPUT_RAW,2737909790,SERVO_OUTPUT_RAW,0,0,0,0,0,0,0,0,1000,1000,1000,1000,0,0,0,0,0
2025-12-15 01:19:42.837,SERVO_OUTPUT_RAW,2738009842,SERVO_OUTPUT_RAW,0,0,0,0,0,0,0,0,1000,1000,1000,1000,0,0,0,0,0
2025-12-15 01:19:42.937,SERVO_OUTPUT_RAW,2738109827,SERVO_OUTPUT_RAW,0,0,0,0,0,0,0,0,1000,1000,1000,1000,0,0,0,0,0
2025-12-15 01:19:43.037,SERVO_OUTPUT_RAW,2738209848,SERVO_OUTPUT_RAW,0,0,0,0,0,0,0,0,1000,1000,1000,1000,0,0,0,0,0
2025-12-15 01:19:43.138,SERVO_OUTPUT_RAW,2738312148,SERVO_OUTPUT_RAW,0,0,0,0,0,0,0,0,1000,1000,1000,1000,0,0,0,0,0
2025-12-15 01:19:43.237,SERVO_OUTPUT_RAW,2738409798,SERVO_OUTPUT_RAW,0,0,0,0,0,0,0,0,1000,1000,1000,1000,0,0,0,0,0
2025-12-15 01:19:43.337,SERVO_OUTPUT_RAW,2738509839,SERVO_OUTPUT_RAW,0,0,0,0,0,0,0,0,1000,1000,1000,1000,0,0,0,0,0
2025-12-15 01:19:43.437,SERVO_OUTPUT_RAW,2738609837,SERVO_OUTPUT_RAW,0,0,0,0,0,0,0,0,1000,1000,1000,1000,0,0,0,0,0
2025-12-15 01:19:43.538,SERVO_OUTPUT_RAW,2738709798,SERVO_OUTPUT_RAW,0,0,0,0,0,0,0,0,1000,1000,1000,1000,0,0,0,0,0
2025-12-15 01:19:43.638,SERVO_OUTPUT_RAW,2738809802,SERVO_OUTPUT_RAW,0,0,0,0,0,0,0,0,1000,1000,1000,1000,0,0,0,0,0
2025-12-15 01:19:43.738,SERVO_OUTPUT_RAW,2738909835,SERVO_OUTPUT_RAW,0,0,0,0,0,0,0,0,1000,1000,1000,1000,0,0,0,0,0
2025-12-15 01:19:43.837,SERVO_OUTPUT_RAW,2739009833,SERVO_OUTPUT_RAW,0,0,0,0,0,0,0,0,1000,1000,1000,1000,0,0,0,0,0
2025-12-15 01:19:43.937,SERVO_OUTPUT_RAW,2739109787,SERVO_OUTPUT_RAW,0,0,0,0,0,0,0,0,1000,1000,1000,1000,0,0,0,0,0
2025-12-15 01:19:44.037,SERVO_OUTPUT_RAW,2739209774,SERVO_OUTPUT_RAW,0,0,0,0,0,0,0,0,1000,1000,1000,1000,0,0,0,0,0
2025-12-15 01:19:44.137,SERVO_OUTPUT_RAW,2739309784,SERVO_OUTPUT_RAW,0,0,0,0,0,0,0,0,1000,1000,1000,1000,0,0,0,0,0
2025-12-15 01:19:44.238,SERVO_OUTPUT_RAW,2739409789,SERVO_OUTPUT_RAW,0,0,0,0,0,0,0,0,1000,1000,1000,1000,0,0,0,0,0
2025-12-15 01:19:44.338,SERVO_OUTPUT_RAW,2739509780,SERVO_OUTPUT_RAW,0,0,0,0,0,0,0,0,1000,1000,1000,1000,0,0,0,0,0
2025-12-15 01:19:44.437,SERVO_OUTPUT_RAW,2739609811,SERVO_OUTPUT_RAW,0,0,0,0,0,0,0,0,1000,1000,1000,1000,0,0,0,0,0
2025-12-15 01:19:44.537,SERVO_OUTPUT_RAW,2739709777,SERVO_OUTPUT_RAW,0,0,0,0,0,0,0,0,1000,1000,1000,1000,0,0,0,0,0
2025-12-15 01:19:44.638,SERVO_OUTPUT_RAW,2739812160,SERVO_OUTPUT_RAW,0,0,0,0,0,0,0,0,1000,1000,1000,1000,0,0,0,0,0
2025-12-15 01:19:44.738,SERVO_OUTPUT_RAW,2739909791,SERVO_OUTPUT_RAW,0,0,0,0,0,0,0,0,1000,1000,1000,1000,0,0,0,0,0
2025-12-15 01:19:44.838,SERVO_OUTPUT_RAW,2740009882,SERVO_OUTPUT_RAW,0,0,0,0,0,0,0,0,1000,1000,1000,1000,0,0,0,0,0
2025-12-15 01:19:44.938,SERVO_OUTPUT_RAW,2740109848,SERVO_OUTPUT_RAW,0,0,0,0,0,0,0,0,1000,1000,1000,1000,0,0,0,0,0
2025-12-15 01:19:45.038,SERVO_OUTPUT_RAW,2740209840,SERVO_OUTPUT_RAW,0,0,0,0,0,0,0,0,1000,1000,1000,1000,0,0,0,0,0
2025-12-15 01:19:45.138,SERVO_OUTPUT_RAW,2740309784,SERVO_OUTPUT_RAW,0,0,0,0,0,0,0,0,1000,1000,1000,1000,0,0,0,0,0
2025-12-15 01:19:45.238,SERVO_OUTPUT_RAW,2740409933,SERVO_OUTPUT_RAW,0,0,0,0,0,0,0,0,1000,1000,1000,1000,0,0,0,0,0
2025-12-15 01:19:45.338,SERVO_OUTPUT_RAW,2740509834,SERVO_OUTPUT_RAW,0,0,0,0,0,0,0,0,1000,1000,1000,1000,0,0,0,0,0
2025-12-15 01:19:45.438,SERVO_OUTPUT_RAW,2740609772,SERVO_OUTPUT_RAW,0,0,0,0,0,0,0,0,1000,1000,1000,1000,0,0,0,0,0
2025-12-15 01:19:45.538,SERVO_OUTPUT_RAW,2740709797,SERVO_OUTPUT_RAW,0,0,0,0,0,0,0,0,1000,1000,1000,1000,0,0,0,0,0
2025-12-15 01:19:45.638,SERVO_OUTPUT_RAW,2740809794,SERVO_OUTPUT_RAW,0,0,0,0,0,0,0,0,1000,1000,1000,1000,0,0,0,0,0
2025-12-15 01:19:45.738,SERVO_OUTPUT_RAW,2740909790,SERVO_OUTPUT_RAW,0,0,0,0,0,0,0,0,1000,1000,1000,1000,0,0,0,0,0
2025-12-15 01:19:45.838,SERVO_OUTPUT_RAW,2741009796,SERVO_OUTPUT_RAW,0,0,0,0,0,0,0,0,1000,1000,1000,1000,0,0,0,0,0
2025-12-15 01:19:45.938,SERVO_OUTPUT_RAW,2741109785,SERVO_OUTPUT_RAW,0,0,0,0,0,0,0,0,1000,1000,1000,1000,0,0,0,0,0
2025-12-15 01:19:46.038,SERVO_OUTPUT_RAW,2741209833,SERVO_OUTPUT_RAW,0,0,0,0,0,0,0,0,1000,1000,1000,1000,0,0,0,0,0
2025-12-15 01:19:46.138,SERVO_OUTPUT_RAW,2741309851,SERVO_OUTPUT_RAW,0,0,0,0,0,0,0,0,1000,1000,1000,1000,0,0,0,0,0
2025-12-15 01:19:46.238,SERVO_OUTPUT_RAW,2741409816,SERVO_OUTPUT_RAW,0,0,0,0,0,0,0,0,1000,1000,1000,1000,0,0,0,0,0
2025-12-15 01:19:46.338,SERVO_OUTPUT_RAW,2741509831,SERVO_OUTPUT_RAW,0,0,0,0,0,0,0,0,1000,1000,1000,1000,0,0,0,0,0
2025-12-15 01:19:46.438,SERVO_OUTPUT_RAW,2741609841,SERVO_OUTPUT_RAW,0,0,0,0,0,0,0,0,1000,1000,1000,1000,0,0,0,0,0
2025-12-15 01:19:46.538,SERVO_OUTPUT_RAW,2741709845,SERVO_OUTPUT_RAW,0,0,0,0,0,0,0,0,1000,1000,1000,1000,0,0,0,0,0
2025-12-15 01:19:46.638,SERVO_OUTPUT_RAW,2741809850,SERVO_OUTPUT_RAW,0,0,0,0,0,0,0,0,1000,1000,1000,1000,0,0,0,0,0
2025-12-15 01:19:46.738,SERVO_OUTPUT_RAW,2741909807,SERVO_OUTPUT_RAW,0,0,0,0,0,0,0,0,1000,1000,1000,1000,0,0,0,0,0
2025-12-15 01:19:46.838,SERVO_OUTPUT_RAW,2742009812,SERVO_OUTPUT_RAW,0,0,0,0,0,0,0,0,1000,1000,1000,1000,0,0,0,0,0
2025-12-15 01:19:46.938,SERVO_OUTPUT_RAW,2742109817,SERVO_OUTPUT_RAW,0,0,0,0,0,0,0,0,1000,1000,1000,1000,0,0,0,0,0
2025-12-15 01:19:47.038,SERVO_OUTPUT_RAW,2742209787,SERVO_OUTPUT_RAW,0,0,0,0,0,0,0,0,1000,1000,1000,1000,0,0,0,0,0
2025-12-15 01:19:47.138,SERVO_OUTPUT_RAW,2742309792,SERVO_OUTPUT_RAW,0,0,0,0,0,0,0,0,1000,1000,1000,1000,0,0,0,0,0
2025-12-15 01:19:47.238,SERVO_OUTPUT_RAW,2742409781,SERVO_OUTPUT_RAW,0,0,0,0,0,0,0,0,1000,1000,1000,1000,0,0,0,0,0
2025-12-15 01:19:47.338,SERVO_OUTPUT_RAW,2742509792,SERVO_OUTPUT_RAW,0,0,0,0,0,0,0,0,1000,1000,1000,1000,0,0,0,0,0
2025-12-15 01:19:47.440,SERVO_OUTPUT_RAW,2742612179,SERVO_OUTPUT_RAW,0,0,0,0,0,0,0,0,1000,1000,1000,1000,0,0,0,0,0
2025-12-15 01:19:47.539,SERVO_OUTPUT_RAW,2742709803,SERVO_OUTPUT_RAW,0,0,0,0,0,0,0,0,1000,1000,1000,1000,0,0,0,0,0
2025-12-15 01:19:47.638,SERVO_OUTPUT_RAW,2742809841,SERVO_OUTPUT_RAW,0,0,0,0,0,0,0,0,1000,1000,1000,1000,0,0,0,0,0
2025-12-15 01:19:47.738,SERVO_OUTPUT_RAW,2742909843,SERVO_OUTPUT_RAW,0,0,0,0,0,0,0,0,1000,1000,1000,1000,0,0,0,0,0
2025-12-15 01:19:47.838,SERVO_OUTPUT_RAW,2743009778,SERVO_OUTPUT_RAW,0,0,0,0,0,0,0,0,1000,1000,1000,1000,0,0,0,0,0
2025-12-15 01:19:47.938,SERVO_OUTPUT_RAW,2743109813,SERVO_OUTPUT_RAW,0,0,0,0,0,0,0,0,1000,1000,1000,1000,0,0,0,0,0
2025-12-15 01:19:48.038,SERVO_OUTPUT_RAW,2743209837,SERVO_OUTPUT_RAW,0,0,0,0,0,0,0,0,1000,1000,1000,1000,0,0,0,0,0
2025-12-15 01:19:48.138,SERVO_OUTPUT_RAW,2743309852,SERVO_OUTPUT_RAW,0,0,0,0,0,0,0,0,1000,1000,1000,1000,0,0,0,0,0
2025-12-15 01:19:48.238,SERVO_OUTPUT_RAW,2743409800,SERVO_OUTPUT_RAW,0,0,0,0,0,0,0,0,1000,1000,1000,1000,0,0,0,0,0
2025-12-15 01:19:48.338,SERVO_OUTPUT_RAW,2743509800,SERVO_OUTPUT_RAW,0,0,0,0,0,0,0,0,1000,1000,1000,1000,0,0,0,0,0
2025-12-15 01:19:48.438,SERVO_OUTPUT_RAW,2743609810,SERVO_OUTPUT_RAW,0,0,0,0,0,0,0,0,1000,1000,1000,1000,0,0,0,0,0
2025-12-15 01:19:48.538,SERVO_OUTPUT_RAW,2743709780,SERVO_OUTPUT_RAW,0,0,0,0,0,0,0,0,1000,1000,1000,1000,0,0,0,0,0
2025-12-15 01:19:48.638,SERVO_OUTPUT_RAW,2743809785,SERVO_OUTPUT_RAW,0,0,0,0,0,0,0,0,1000,1000,1000,1000,0,0,0,0,0
2025-12-15 01:19:48.738,SERVO_OUTPUT_RAW,2743909793,SERVO_OUTPUT_RAW,0,0,0,0,0,0,0,0,1000,1000,1000,1000,0,0,0,0,0
2025-12-15 01:19:48.838,SERVO_OUTPUT_RAW,2744009776,SERVO_OUTPUT_RAW,0,0,0,0,0,0,0,0,1000,1000,1000,1000,0,0,0,0,0
2025-12-15 01:19:48.937,SERVO_OUTPUT_RAW,2744109785,SERVO_OUTPUT_RAW,0,0,0,0,0,0,0,0,1000,1000,1000,1000,0,0,0,0,0
2025-12-15 01:19:49.037,SERVO_OUTPUT_RAW,2744209795,SERVO_OUTPUT_RAW,0,0,0,0,0,0,0,0,1000,1000,1000,1000,0,0,0,0,0
2025-12-15 01:19:49.137,SERVO_OUTPUT_RAW,2744309851,SERVO_OUTPUT_RAW,0,0,0,0,0,0,0,0,1000,1000,1000,1000,0,0,0,0,0
2025-12-15 01:19:49.237,SERVO_OUTPUT_RAW,2744409844,SERVO_OUTPUT_RAW,0,0,0,0,0,0,0,0,1000,1000,1000,1000,0,0,0,0,0
2025-12-15 01:19:49.337,SERVO_OUTPUT_RAW,2744509825,SERVO_OUTPUT_RAW,0,0,0,0,0,0,0,0,1000,1000,1000,1000,0,0,0,0,0
2025-12-15 01:19:49.437,SERVO_OUTPUT_RAW,2744612197,SERVO_OUTPUT_RAW,0,0,0,0,0,0,0,0,1000,1000,1000,1000,0,0,0,0,0
2025-12-15 01:19:49.537,SERVO_OUTPUT_RAW,2744709813,SERVO_OUTPUT_RAW,0,0,0,0,0,0,0,0,1000,1000,1000,1000,0,0,0,0,0
2025-12-15 01:19:49.638,SERVO_OUTPUT_RAW,2744809844,SERVO_OUTPUT_RAW,0,0,0,0,0,0,0,0,1000,1000,1000,1000,0,0,0,0,0
2025-12-15 01:19:49.738,SERVO_OUTPUT_RAW,2744909772,SERVO_OUTPUT_RAW,0,0,0,0,0,0,0,0,1000,1000,1000,1000,0,0,0,0,0
2025-12-15 01:19:49.837,SERVO_OUTPUT_RAW,2745009782,SERVO_OUTPUT_RAW,0,0,0,0,0,0,0,0,1000,1000,1000,1000,0,0,0,0,0
2025-12-15 01:19:49.938,SERVO_OUTPUT_RAW,2745109814,SERVO_OUTPUT_RAW,0,0,0,0,0,0,0,0,1000,1000,1000,1000,0,0,0,0,0
2025-12-15 01:19:50.037,SERVO_OUTPUT_RAW,2745209830,SERVO_OUTPUT_RAW,0,0,0,0,0,0,0,0,1000,1000,1000,1000,0,0,0,0,0
2025-12-15 01:19:50.137,SERVO_OUTPUT_RAW,2745309785,SERVO_OUTPUT_RAW,0,0,0,0,0,0,0,0,1000,1000,1000,1000,0,0,0,0,0
2025-12-15 01:19:50.237,SERVO_OUTPUT_RAW,2745409775,SERVO_OUTPUT_RAW,0,0,0,0,0,0,0,0,1000,1000,1000,1000,0,0,0,0,0
2025-12-15 01:19:50.337,SERVO_OUTPUT_RAW,2745509815,SERVO_OUTPUT_RAW,0,0,0,0,0,0,0,0,1000,1000,1000,1000,0,0,0,0,0
2025-12-15 01:19:50.437,SERVO_OUTPUT_RAW,2745609789,SERVO_OUTPUT_RAW,0,0,0,0,0,0,0,0,1000,1000,1000,1000,0,0,0,0,0
2025-12-15 01:19:50.537,SERVO_OUTPUT_RAW,2745709781,SERVO_OUTPUT_RAW,0,0,0,0,0,0,0,0,1000,1000,1000,1000,0,0,0,0,0
2025-12-15 01:19:50.637,SERVO_OUTPUT_RAW,2745809842,SERVO_OUTPUT_RAW,0,0,0,0,0,0,0,0,1000,1000,1000,1000,0,0,0,0,0
2025-12-15 01:19:50.737,SERVO_OUTPUT_RAW,2745909830,SERVO_OUTPUT_RAW,0,0,0,0,0,0,0,0,1000,1000,1000,1000,0,0,0,0,0
2025-12-15 01:19:50.837,SERVO_OUTPUT_RAW,2746009839,SERVO_OUTPUT_RAW,0,0,0,0,0,0,0,0,1000,1000,1000,1000,0,0,0,0,0
2025-12-15 01:19:50.937,SERVO_OUTPUT_RAW,2746109895,SERVO_OUTPUT_RAW,0,0,0,0,0,0,0,0,1000,1000,1000,1000,0,0,0,0,0
2025-12-15 01:19:51.037,SERVO_OUTPUT_RAW,2746209818,SERVO_OUTPUT_RAW,0,0,0,0,0,0,0,0,1000,1000,1000,1000,0,0,0,0,0
2025-12-15 01:19:51.137,SERVO_OUTPUT_RAW,2746309842,SERVO_OUTPUT_RAW,0,0,0,0,0,0,0,0,1000,1000,1000,1000,0,0,0,0,0
2025-12-15 01:19:51.237,SERVO_OUTPUT_RAW,2746409839,SERVO_OUTPUT_RAW,0,0,0,0,0,0,0,0,1000,1000,1000,1000,0,0,0,0,0
2025-12-15 01:19:51.337,SERVO_OUTPUT_RAW,2746509782,SERVO_OUTPUT_RAW,0,0,0,0,0,0,0,0,1000,1000,1000,1000,0,0,0,0,0
2025-12-15 01:19:51.437,SERVO_OUTPUT_RAW,2746609793,SERVO_OUTPUT_RAW,0,0,0,0,0,0,0,0,1000,1000,1000,1000,0,0,0,0,0
2025-12-15 01:19:51.537,SERVO_OUTPUT_RAW,2746709894,SERVO_OUTPUT_RAW,0,0,0,0,0,0,0,0,1000,1000,1000,1000,0,0,0,0,0
2025-12-15 01:19:51.637,SERVO_OUTPUT_RAW,2746809828,SERVO_OUTPUT_RAW,0,0,0,0,0,0,0,0,1000,1000,1000,1000,0,0,0,0,0
2025-12-15 01:19:51.737,SERVO_OUTPUT_RAW,2746909783,SERVO_OUTPUT_RAW,0,0,0,0,0,0,0,0,1000,1000,1000,1000,0,0,0,0,0
2025-12-15 01:19:51.837,SERVO_OUTPUT_RAW,2747009792,SERVO_OUTPUT_RAW,0,0,0,0,0,0,0,0,1000,1000,1000,1000,0,0,0,0,0
2025-12-15 01:19:51.937,SERVO_OUTPUT_RAW,2747109788,SERVO_OUTPUT_RAW,0,0,0,0,0,0,0,0,1000,1000,1000,1000,0,0,0,0,0
2025-12-15 01:19:52.037,SERVO_OUTPUT_RAW,2747209788,SERVO_OUTPUT_RAW,0,0,0,0,0,0,0,0,1000,1000,1000,1000,0,0,0,0,0
2025-12-15 01:19:52.137,SERVO_OUTPUT_RAW,2747309792,SERVO_OUTPUT_RAW,0,0,0,0,0,0,0,0,1000,1000,1000,1000,0,0,0,0,0
2025-12-15 01:19:52.238,SERVO_OUTPUT_RAW,2747409832,SERVO_OUTPUT_RAW,0,0,0,0,0,0,0,0,1000,1000,1000,1000,0,0,0,0,0
2025-12-15 01:19:52.337,SERVO_OUTPUT_RAW,2747509824,SERVO_OUTPUT_RAW,0,0,0,0,0,0,0,0,1000,1000,1000,1000,0,0,0,0,0
2025-12-15 01:19:52.437,SERVO_OUTPUT_RAW,2747609814,SERVO_OUTPUT_RAW,0,0,0,0,0,0,0,0,1000,1000,1000,1000,0,0,0,0,0
2025-12-15 01:19:52.540,SERVO_OUTPUT_RAW,2747709801,SERVO_OUTPUT_RAW,0,0,0,0,0,0,0,0,1000,1000,1000,1000,0,0,0,0,0
2025-12-15 01:19:52.638,SERVO_OUTPUT_RAW,2747809826,SERVO_OUTPUT_RAW,0,0,0,0,0,0,0,0,1000,1000,1000,1000,0,0,0,0,0
2025-12-15 01:19:52.738,SERVO_OUTPUT_RAW,2747909863,SERVO_OUTPUT_RAW,0,0,0,0,0,0,0,0,1000,1000,1000,1000,0,0,0,0,0
2025-12-15 01:19:52.838,SERVO_OUTPUT_RAW,2748009836,SERVO_OUTPUT_RAW,0,0,0,0,0,0,0,0,1000,1000,1000,1000,0,0,0,0,0
2025-12-15 01:19:52.938,SERVO_OUTPUT_RAW,2748109782,SERVO_OUTPUT_RAW,0,0,0,0,0,0,0,0,1000,1000,1000,1000,0,0,0,0,0
2025-12-15 01:19:53.038,SERVO_OUTPUT_RAW,2748209804,SERVO_OUTPUT_RAW,0,0,0,0,0,0,0,0,1000,1000,1000,1000,0,0,0,0,0
2025-12-15 01:19:53.138,SERVO_OUTPUT_RAW,2748309822,SERVO_OUTPUT_RAW,0,0,0,0,0,0,0,0,1000,1000,1000,1000,0,0,0,0,0
2025-12-15 01:19:53.238,SERVO_OUTPUT_RAW,2748409790,SERVO_OUTPUT_RAW,0,0,0,0,0,0,0,0,1000,1000,1000,1000,0,0,0,0,0
2025-12-15 01:19:53.338,SERVO_OUTPUT_RAW,2748509783,SERVO_OUTPUT_RAW,0,0,0,0,0,0,0,0,1000,1000,1000,1000,0,0,0,0,0
2025-12-15 01:19:53.438,SERVO_OUTPUT_RAW,2748609786,SERVO_OUTPUT_RAW,0,0,0,0,0,0,0,0,1000,1000,1000,1000,0,0,0,0,0
2025-12-15 01:19:53.538,SERVO_OUTPUT_RAW,2748709800,SERVO_OUTPUT_RAW,0,0,0,0,0,0,0,0,1000,1000,1000,1000,0,0,0,0,0
2025-12-15 01:19:53.638,SERVO_OUTPUT_RAW,2748809820,SERVO_OUTPUT_RAW,0,0,0,0,0,0,0,0,1000,1000,1000,1000,0,0,0,0,0
2025-12-15 01:19:53.738,SERVO_OUTPUT_RAW,2748909799,SERVO_OUTPUT_RAW,0,0,0,0,0,0,0,0,1000,1000,1000,1000,0,0,0,0,0
2025-12-15 01:19:53.838,SERVO_OUTPUT_RAW,2749009831,SERVO_OUTPUT_RAW,0,0,0,0,0,0,0,0,1000,1000,1000,1000,0,0,0,0,0
2025-12-15 01:19:53.938,SERVO_OUTPUT_RAW,2749109856,SERVO_OUTPUT_RAW,0,0,0,0,0,0,0,0,1000,1000,1000,1000,0,0,0,0,0
2025-12-15 01:19:54.038,SERVO_OUTPUT_RAW,2749209807,SERVO_OUTPUT_RAW,0,0,0,0,0,0,0,0,1000,1000,1000,1000,0,0,0,0,0
2025-12-15 01:19:54.138,SERVO_OUTPUT_RAW,2749309830,SERVO_OUTPUT_RAW,0,0,0,0,0,0,0,0,1000,1000,1000,1000,0,0,0,0,0
2025-12-15 01:19:54.238,SERVO_OUTPUT_RAW,2749409819,SERVO_OUTPUT_RAW,0,0,0,0,0,0,0,0,1000,1000,1000,1000,0,0,0,0,0
2025-12-15 01:19:54.338,SERVO_OUTPUT_RAW,2749509842,SERVO_OUTPUT_RAW,0,0,0,0,0,0,0,0,1000,1000,1000,1000,0,0,0,0,0
2025-12-15 01:19:54.438,SERVO_OUTPUT_RAW,2749609843,SERVO_OUTPUT_RAW,0,0,0,0,0,0,0,0,1000,1000,1000,1000,0,0,0,0,0
2025-12-15 01:19:54.538,SERVO_OUTPUT_RAW,2749709807,SERVO_OUTPUT_RAW,0,0,0,0,0,0,0,0,1000,1000,1000,1000,0,0,0,0,0
2025-12-15 01:19:54.638,SERVO_OUTPUT_RAW,2749809829,SERVO_OUTPUT_RAW,0,0,0,0,0,0,0,0,1000,1000,1000,1000,0,0,0,0,0
2025-12-15 01:19:54.738,SERVO_OUTPUT_RAW,2749909815,SERVO_OUTPUT_RAW,0,0,0,0,0,0,0,0,1000,1000,1000,1000,0,0,0,0,0
2025-12-15 01:19:54.838,SERVO_OUTPUT_RAW,2750009792,SERVO_OUTPUT_RAW,0,0,0,0,0,0,0,0,1000,1000,1000,1000,0,0,0,0,0
2025-12-15 01:19:54.939,SERVO_OUTPUT_RAW,2750109792,SERVO_OUTPUT_RAW,0,0,0,0,0,0,0,0,1000,1000,1000,1000,0,0,0,0,0
2025-12-15 01:19:55.038,SERVO_OUTPUT_RAW,2750209796,SERVO_OUTPUT_RAW,0,0,0,0,0,0,0,0,1000,1000,1000,1000,0,0,0,0,0
2025-12-15 01:19:55.138,SERVO_OUTPUT_RAW,2750309801,SERVO_OUTPUT_RAW,0,0,0,0,0,0,0,0,1000,1000,1000,1000,0,0,0,0,0
2025-12-15 01:19:55.238,SERVO_OUTPUT_RAW,2750409791,SERVO_OUTPUT_RAW,0,0,0,0,0,0,0,0,1000,1000,1000,1000,0,0,0,0,0
2025-12-15 01:19:55.338,SERVO_OUTPUT_RAW,2750509811,SERVO_OUTPUT_RAW,0,0,0,0,0,0,0,0,1000,1000,1000,1000,0,0,0,0,0
2025-12-15 01:19:55.438,SERVO_OUTPUT_RAW,2750609843,SERVO_OUTPUT_RAW,0,0,0,0,0,0,0,0,1000,1000,1000,1000,0,0,0,0,0
2025-12-15 01:19:55.538,SERVO_OUTPUT_RAW,2750709812,SERVO_OUTPUT_RAW,0,0,0,0,0,0,0,0,1000,1000,1000,1000,0,0,0,0,0
2025-12-15 01:19:55.639,SERVO_OUTPUT_RAW,2750809788,SERVO_OUTPUT_RAW,0,0,0,0,0,0,0,0,1000,1000,1000,1000,0,0,0,0,0
2025-12-15 01:19:55.738,SERVO_OUTPUT_RAW,2750912127,SERVO_OUTPUT_RAW,0,0,0,0,0,0,0,0,1000,1000,1000,1000,0,0,0,0,0
2025-12-15 01:19:55.838,SERVO_OUTPUT_RAW,2751009848,SERVO_OUTPUT_RAW,0,0,0,0,0,0,0,0,1000,1000,1000,1000,0,0,0,0,0
2025-12-15 01:19:55.938,SERVO_OUTPUT_RAW,2751109842,SERVO_OUTPUT_RAW,0,0,0,0,0,0,0,0,1000,1000,1000,1000,0,0,0,0,0
2025-12-15 01:19:56.038,SERVO_OUTPUT_RAW,2751209785,SERVO_OUTPUT_RAW,0,0,0,0,0,0,0,0,1000,1000,1000,1000,0,0,0,0,0
2025-12-15 01:19:56.138,SERVO_OUTPUT_RAW,2751309823,SERVO_OUTPUT_RAW,0,0,0,0,0,0,0,0,1000,1000,1000,1000,0,0,0,0,0
2025-12-15 01:19:56.238,SERVO_OUTPUT_RAW,2751409815,SERVO_OUTPUT_RAW,0,0,0,0,0,0,0,0,1000,1000,1000,1000,0,0,0,0,0
2025-12-15 01:19:56.338,SERVO_OUTPUT_RAW,2751509834,SERVO_OUTPUT_RAW,0,0,0,0,0,0,0,0,1000,1000,1000,1000,0,0,0,0,0
2025-12-15 01:19:56.438,SERVO_OUTPUT_RAW,2751609860,SERVO_OUTPUT_RAW,0,0,0,0,0,0,0,0,1000,1000,1000,1000,0,0,0,0,0
2025-12-15 01:19:56.538,SERVO_OUTPUT_RAW,2751709782,SERVO_OUTPUT_RAW,0,0,0,0,0,0,0,0,1000,1000,1000,1000,0,0,0,0,0
2025-12-15 01:19:56.638,SERVO_OUTPUT_RAW,2751809793,SERVO_OUTPUT_RAW,0,0,0,0,0,0,0,0,1000,1000,1000,1000,0,0,0,0,0
2025-12-15 01:19:56.738,SERVO_OUTPUT_RAW,2751909786,SERVO_OUTPUT_RAW,0,0,0,0,0,0,0,0,1000,1000,1000,1000,0,0,0,0,0
2025-12-15 01:19:56.838,SERVO_OUTPUT_RAW,2752009785,SERVO_OUTPUT_RAW,0,0,0,0,0,0,0,0,1000,1000,1000,1000,0,0,0,0,0
2025-12-15 01:19:56.938,SERVO_OUTPUT_RAW,2752109818,SERVO_OUTPUT_RAW,0,0,0,0,0,0,0,0,1000,1000,1000,1000,0,0,0,0,0
2025-12-15 01:19:57.038,SERVO_OUTPUT_RAW,2752209853,SERVO_OUTPUT_RAW,0,0,0,0,0,0,0,0,1000,1000,1000,1000,0,0,0,0,0
2025-12-15 01:19:57.138,SERVO_OUTPUT_RAW,2752309809,SERVO_OUTPUT_RAW,0,0,0,0,0,0,0,0,1000,1000,1000,1000,0,0,0,0,0
2025-12-15 01:19:57.238,SERVO_OUTPUT_RAW,2752409806,SERVO_OUTPUT_RAW,0,0,0,0,0,0,0,0,1000,1000,1000,1000,0,0,0,0,0
2025-12-15 01:19:57.338,SERVO_OUTPUT_RAW,2752509819,SERVO_OUTPUT_RAW,0,0,0,0,0,0,0,0,1000,1000,1000,1000,0,0,0,0,0
2025-12-15 01:19:57.439,SERVO_OUTPUT_RAW,2752609850,SERVO_OUTPUT_RAW,0,0,0,0,0,0,0,0,1000,1000,1000,1000,0,0,0,0,0
2025-12-15 01:19:57.538,SERVO_OUTPUT_RAW,2752709824,SERVO_OUTPUT_RAW,0,0,0,0,0,0,0,0,1000,1000,1000,1000,0,0,0,0,0
2025-12-15 01:19:57.638,SERVO_OUTPUT_RAW,2752809784,SERVO_OUTPUT_RAW,0,0,0,0,0,0,0,0,1000,1000,1000,1000,0,0,0,0,0
2025-12-15 01:19:57.738,SERVO_OUTPUT_RAW,2752909813,SERVO_OUTPUT_RAW,0,0,0,0,0,0,0,0,1000,1000,1000,1000,0,0,0,0,0
2025-12-15 01:19:57.839,SERVO_OUTPUT_RAW,2753009867,SERVO_OUTPUT_RAW,0,0,0,0,0,0,0,0,1000,1000,1000,1000,0,0,0,0,0
2025-12-15 01:19:57.939,SERVO_OUTPUT_RAW,2753109843,SERVO_OUTPUT_RAW,0,0,0,0,0,0,0,0,1000,1000,1000,1000,0,0,0,0,0
2025-12-15 01:19:58.038,SERVO_OUTPUT_RAW,2753209778,SERVO_OUTPUT_RAW,0,0,0,0,0,0,0,0,1000,1000,1000,1000,0,0,0,0,0
2025-12-15 01:19:58.138,SERVO_OUTPUT_RAW,2753309806,SERVO_OUTPUT_RAW,0,0,0,0,0,0,0,0,1000,1000,1000,1000,0,0,0,0,0
2025-12-15 01:19:58.239,SERVO_OUTPUT_RAW,2753409787,SERVO_OUTPUT_RAW,0,0,0,0,0,0,0,0,1000,1000,1000,1000,0,0,0,0,0
2025-12-15 01:19:58.338,SERVO_OUTPUT_RAW,2753509777,SERVO_OUTPUT_RAW,0,0,0,0,0,0,0,0,1000,1000,1000,1000,0,0,0,0,0
2025-12-15 01:19:58.437,SERVO_OUTPUT_RAW,2753609805,SERVO_OUTPUT_RAW,0,0,0,0,0,0,0,0,1000,1000,1000,1000,0,0,0,0,0
2025-12-15 01:19:58.537,SERVO_OUTPUT_RAW,2753709844,SERVO_OUTPUT_RAW,0,0,0,0,0,0,0,0,1000,1000,1000,1000,0,0,0,0,0
2025-12-15 01:19:58.639,SERVO_OUTPUT_RAW,2753809801,SERVO_OUTPUT_RAW,0,0,0,0,0,0,0,0,1000,1000,1000,1000,0,0,0,0,0
2025-12-15 01:19:58.737,SERVO_OUTPUT_RAW,2753909805,SERVO_OUTPUT_RAW,0,0,0,0,0,0,0,0,1000,1000,1000,1000,0,0,0,0,0
2025-12-15 01:19:58.838,SERVO_OUTPUT_RAW,2754009805,SERVO_OUTPUT_RAW,0,0,0,0,0,0,0,0,1000,1000,1000,1000,0,0,0,0,0
2025-12-15 01:19:58.939,SERVO_OUTPUT_RAW,2754109836,SERVO_OUTPUT_RAW,0,0,0,0,0,0,0,0,1000,1000,1000,1000,0,0,0,0,0
2025-12-15 01:19:59.038,SERVO_OUTPUT_RAW,2754209972,SERVO_OUTPUT_RAW,0,0,0,0,0,0,0,0,1000,1000,1000,1000,0,0,0,0,0
2025-12-15 01:19:59.138,SERVO_OUTPUT_RAW,2754309786,SERVO_OUTPUT_RAW,0,0,0,0,0,0,0,0,1000,1000,1000,1000,0,0,0,0,0
2025-12-15 01:19:59.237,SERVO_OUTPUT_RAW,2754409793,SERVO_OUTPUT_RAW,0,0,0,0,0,0,0,0,1000,1000,1000,1000,0,0,0,0,0
2025-12-15 01:19:59.337,SERVO_OUTPUT_RAW,2754509819,SERVO_OUTPUT_RAW,0,0,0,0,0,0,0,0,1000,1000,1000,1000,0,0,0,0,0
2025-12-15 01:19:59.438,SERVO_OUTPUT_RAW,2754609808,SERVO_OUTPUT_RAW,0,0,0,0,0,0,0,0,1000,1000,1000,1000,0,0,0,0,0
2025-12-15 01:19:59.539,SERVO_OUTPUT_RAW,2754709790,SERVO_OUTPUT_RAW,0,0,0,0,0,0,0,0,1000,1000,1000,1000,0,0,0,0,0
2025-12-15 01:19:59.638,SERVO_OUTPUT_RAW,2754809792,SERVO_OUTPUT_RAW,0,0,0,0,0,0,0,0,1000,1000,1000,1000,0,0,0,0,0
2025-12-15 01:19:59.737,SERVO_OUTPUT_RAW,2754909785,SERVO_OUTPUT_RAW,0,0,0,0,0,0,0,0,1000,1000,1000,1000,0,0,0,0,0
2025-12-15 01:19:59.837,SERVO_OUTPUT_RAW,2755009785,SERVO_OUTPUT_RAW,0,0,0,0,0,0,0,0,1000,1000,1000,1000,0,0,0,0,0
2025-12-15 01:19:59.938,SERVO_OUTPUT_RAW,2755109796,SERVO_OUTPUT_RAW,0,0,0,0,0,0,0,0,1000,1000,1000,1000,0,0,0,0,0
2025-12-15 01:20:00.038,SERVO_OUTPUT_RAW,2755209839,SERVO_OUTPUT_RAW,0,0,0,0,0,0,0,0,1000,1000,1000,1000,0,0,0,0,0
2025-12-15 01:20:00.138,SERVO_OUTPUT_RAW,2755309832,SERVO_OUTPUT_RAW,0,0,0,0,0,0,0,0,1000,1000,1000,1000,0,0,0,0,0
2025-12-15 01:20:00.238,SERVO_OUTPUT_RAW,2755409792,SERVO_OUTPUT_RAW,0,0,0,0,0,0,0,0,1000,1000,1000,1000,0,0,0,0,0
2025-12-15 01:20:00.338,SERVO_OUTPUT_RAW,2755509787,SERVO_OUTPUT_RAW,0,0,0,0,0,0,0,0,1000,1000,1000,1000,0,0,0,0,0
2025-12-15 01:20:00.438,SERVO_OUTPUT_RAW,2755609819,SERVO_OUTPUT_RAW,0,0,0,0,0,0,0,0,1000,1000,1000,1000,0,0,0,0,0
2025-12-15 01:20:00.538,SERVO_OUTPUT_RAW,2755709847,SERVO_OUTPUT_RAW,0,0,0,0,0,0,0,0,1000,1000,1000,1000,0,0,0,0,0
2025-12-15 01:20:00.638,SERVO_OUTPUT_RAW,2755809838,SERVO_OUTPUT_RAW,0,0,0,0,0,0,0,0,1000,1000,1000,1000,0,0,0,0,0
2025-12-15 01:20:00.738,SERVO_OUTPUT_RAW,2755909783,SERVO_OUTPUT_RAW,0,0,0,0,0,0,0,0,1000,1000,1000,1000,0,0,0,0,0
2025-12-15 01:20:00.838,SERVO_OUTPUT_RAW,2756009815,SERVO_OUTPUT_RAW,0,0,0,0,0,0,0,0,1000,1000,1000,1000,0,0,0,0,0
2025-12-15 01:20:00.938,SERVO_OUTPUT_RAW,2756109815,SERVO_OUTPUT_RAW,0,0,0,0,0,0,0,0,1000,1000,1000,1000,0,0,0,0,0
2025-12-15 01:20:01.038,SERVO_OUTPUT_RAW,2756209787,SERVO_OUTPUT_RAW,0,0,0,0,0,0,0,0,1000,1000,1000,1000,0,0,0,0,0
2025-12-15 01:20:01.138,SERVO_OUTPUT_RAW,2756309790,SERVO_OUTPUT_RAW,0,0,0,0,0,0,0,0,1000,1000,1000,1000,0,0,0,0,0
2025-12-15 01:20:01.238,SERVO_OUTPUT_RAW,2756409788,SERVO_OUTPUT_RAW,0,0,0,0,0,0,0,0,1000,1000,1000,1000,0,0,0,0,0
2025-12-15 01:20:01.338,SERVO_OUTPUT_RAW,2756509804,SERVO_OUTPUT_RAW,0,0,0,0,0,0,0,0,1000,1000,1000,1000,0,0,0,0,0
2025-12-15 01:20:01.438,SERVO_OUTPUT_RAW,2756609791,SERVO_OUTPUT_RAW,0,0,0,0,0,0,0,0,1000,1000,1000,1000,0,0,0,0,0
2025-12-15 01:20:01.538,SERVO_OUTPUT_RAW,2756709795,SERVO_OUTPUT_RAW,0,0,0,0,0,0,0,0,1000,1000,1000,1000,0,0,0,0,0
2025-12-15 01:20:01.638,SERVO_OUTPUT_RAW,2756809827,SERVO_OUTPUT_RAW,0,0,0,0,0,0,0,0,1000,1000,1000,1000,0,0,0,0,0
2025-12-15 01:20:01.738,SERVO_OUTPUT_RAW,2756909809,SERVO_OUTPUT_RAW,0,0,0,0,0,0,0,0,1000,1000,1000,1000,0,0,0,0,0
2025-12-15 01:20:01.838,SERVO_OUTPUT_RAW,2757009801,SERVO_OUTPUT_RAW,0,0,0,0,0,0,0,0,1000,1000,1000,1000,0,0,0,0,0
2025-12-15 01:20:01.938,SERVO_OUTPUT_RAW,2757109890,SERVO_OUTPUT_RAW,0,0,0,0,0,0,0,0,1000,1000,1000,1000,0,0,0,0,0
2025-12-15 01:20:02.038,SERVO_OUTPUT_RAW,2757212080,SERVO_OUTPUT_RAW,0,0,0,0,0,0,0,0,1000,1000,1000,1000,0,0,0,0,0
2025-12-15 01:20:02.138,SERVO_OUTPUT_RAW,2757309840,SERVO_OUTPUT_RAW,0,0,0,0,0,0,0,0,1000,1000,1000,1000,0,0,0,0,0
2025-12-15 01:20:02.238,SERVO_OUTPUT_RAW,2757409830,SERVO_OUTPUT_RAW,0,0,0,0,0,0,0,0,1000,1000,1000,1000,0,0,0,0,0
2025-12-15 01:20:02.338,SERVO_OUTPUT_RAW,2757509787,SERVO_OUTPUT_RAW,0,0,0,0,0,0,0,0,1000,1000,1000,1000,0,0,0,0,0
2025-12-15 01:20:02.439,SERVO_OUTPUT_RAW,2757609819,SERVO_OUTPUT_RAW,0,0,0,0,0,0,0,0,1000,1000,1000,1000,0,0,0,0,0
2025-12-15 01:20:02.538,SERVO_OUTPUT_RAW,2757709829,SERVO_OUTPUT_RAW,0,0,0,0,0,0,0,0,1000,1000,1000,1000,0,0,0,0,0
2025-12-15 01:20:02.638,SERVO_OUTPUT_RAW,2757809791,SERVO_OUTPUT_RAW,0,0,0,0,0,0,0,0,1000,1000,1000,1000,0,0,0,0,0
2025-12-15 01:20:02.738,SERVO_OUTPUT_RAW,2757909785,SERVO_OUTPUT_RAW,0,0,0,0,0,0,0,0,1000,1000,1000,1000,0,0,0,0,0
2025-12-15 01:20:02.838,SERVO_OUTPUT_RAW,2758009798,SERVO_OUTPUT_RAW,0,0,0,0,0,0,0,0,1000,1000,1000,1000,0,0,0,0,0
2025-12-15 01:20:02.938,SERVO_OUTPUT_RAW,2758109792,SERVO_OUTPUT_RAW,0,0,0,0,0,0,0,0,1000,1000,1000,1000,0,0,0,0,0
2025-12-15 01:20:03.038,SERVO_OUTPUT_RAW,2758209811,SERVO_OUTPUT_RAW,0,0,0,0,0,0,0,0,1000,1000,1000,1000,0,0,0,0,0
2025-12-15 01:20:03.138,SERVO_OUTPUT_RAW,2758309798,SERVO_OUTPUT_RAW,0,0,0,0,0,0,0,0,1000,1000,1000,1000,0,0,0,0,0
2025-12-15 01:20:03.238,SERVO_OUTPUT_RAW,2758409836,SERVO_OUTPUT_RAW,0,0,0,0,0,0,0,0,1000,1000,1000,1000,0,0,0,0,0
2025-12-15 01:20:03.339,SERVO_OUTPUT_RAW,2758509776,SERVO_OUTPUT_RAW,0,0,0,0,0,0,0,0,1000,1000,1000,1000,0,0,0,0,0
2025-12-15 01:20:03.438,SERVO_OUTPUT_RAW,2758609777,SERVO_OUTPUT_RAW,0,0,0,0,0,0,0,0,1000,1000,1000,1000,0,0,0,0,0
2025-12-15 01:20:03.538,SERVO_OUTPUT_RAW,2758712076,SERVO_OUTPUT_RAW,0,0,0,0,0,0,0,0,1000,1000,1000,1000,0,0,0,0,0
2025-12-15 01:20:03.638,SERVO_OUTPUT_RAW,2758809841,SERVO_OUTPUT_RAW,0,0,0,0,0,0,0,0,1000,1000,1000,1000,0,0,0,0,0
2025-12-15 01:20:03.739,SERVO_OUTPUT_RAW,2758909842,SERVO_OUTPUT_RAW,0,0,0,0,0,0,0,0,1000,1000,1000,1000,0,0,0,0,0
2025-12-15 01:20:03.838,SERVO_OUTPUT_RAW,2759009825,SERVO_OUTPUT_RAW,0,0,0,0,0,0,0,0,1000,1000,1000,1000,0,0,0,0,0
2025-12-15 01:20:03.938,SERVO_OUTPUT_RAW,2759109802,SERVO_OUTPUT_RAW,0,0,0,0,0,0,0,0,1000,1000,1000,1000,0,0,0,0,0
2025-12-15 01:20:04.038,SERVO_OUTPUT_RAW,2759209835,SERVO_OUTPUT_RAW,0,0,0,0,0,0,0,0,1000,1000,1000,1000,0,0,0,0,0
2025-12-15 01:20:04.138,SERVO_OUTPUT_RAW,2759309870,SERVO_OUTPUT_RAW,0,0,0,0,0,0,0,0,1000,1000,1000,1000,0,0,0,0,0
2025-12-15 01:20:04.238,SERVO_OUTPUT_RAW,2759409794,SERVO_OUTPUT_RAW,0,0,0,0,0,0,0,0,1000,1000,1000,1000,0,0,0,0,0
2025-12-15 01:20:04.338,SERVO_OUTPUT_RAW,2759509782,SERVO_OUTPUT_RAW,0,0,0,0,0,0,0,0,1000,1000,1000,1000,0,0,0,0,0
2025-12-15 01:20:04.438,SERVO_OUTPUT_RAW,2759609798,SERVO_OUTPUT_RAW,0,0,0,0,0,0,0,0,1000,1000,1000,1000,0,0,0,0,0
2025-12-15 01:20:04.538,SERVO_OUTPUT_RAW,2759709789,SERVO_OUTPUT_RAW,0,0,0,0,0,0,0,0,1000,1000,1000,1000,0,0,0,0,0
2025-12-15 01:20:04.638,SERVO_OUTPUT_RAW,2759809780,SERVO_OUTPUT_RAW,0,0,0,0,0,0,0,0,1000,1000,1000,1000,0,0,0,0,0
2025-12-15 01:20:04.738,SERVO_OUTPUT_RAW,2759909810,SERVO_OUTPUT_RAW,0,0,0,0,0,0,0,0,1000,1000,1000,1000,0,0,0,0,0
2025-12-15 01:20:04.838,SERVO_OUTPUT_RAW,2760012134,SERVO_OUTPUT_RAW,0,0,0,0,0,0,0,0,1000,1000,1000,1000,0,0,0,0,0
2025-12-15 01:20:04.939,SERVO_OUTPUT_RAW,2760109854,SERVO_OUTPUT_RAW,0,0,0,0,0,0,0,0,1000,1000,1000,1000,0,0,0,0,0
2025-12-15 01:20:05.038,SERVO_OUTPUT_RAW,2760209791,SERVO_OUTPUT_RAW,0,0,0,0,0,0,0,0,1000,1000,1000,1000,0,0,0,0,0
2025-12-15 01:20:05.138,SERVO_OUTPUT_RAW,2760309843,SERVO_OUTPUT_RAW,0,0,0,0,0,0,0,0,1000,1000,1000,1000,0,0,0,0,0
2025-12-15 01:20:05.238,SERVO_OUTPUT_RAW,2760409863,SERVO_OUTPUT_RAW,0,0,0,0,0,0,0,0,1000,1000,1000,1000,0,0,0,0,0
2025-12-15 01:20:05.338,SERVO_OUTPUT_RAW,2760509845,SERVO_OUTPUT_RAW,0,0,0,0,0,0,0,0,1000,1000,1000,1000,0,0,0,0,0
2025-12-15 01:20:05.438,SERVO_OUTPUT_RAW,2760609775,SERVO_OUTPUT_RAW,0,0,0,0,0,0,0,0,1000,1000,1000,1000,0,0,0,0,0
2025-12-15 01:20:05.538,SERVO_OUTPUT_RAW,2760709814,SERVO_OUTPUT_RAW,0,0,0,0,0,0,0,0,1000,1000,1000,1000,0,0,0,0,0
2025-12-15 01:20:05.638,SERVO_OUTPUT_RAW,2760809805,SERVO_OUTPUT_RAW,0,0,0,0,0,0,0,0,1000,1000,1000,1000,0,0,0,0,0
2025-12-15 01:20:05.738,SERVO_OUTPUT_RAW,2760909781,SERVO_OUTPUT_RAW,0,0,0,0,0,0,0,0,1000,1000,1000,1000,0,0,0,0,0
2025-12-15 01:20:05.838,SERVO_OUTPUT_RAW,2761009801,SERVO_OUTPUT_RAW,0,0,0,0,0,0,0,0,1000,1000,1000,1000,0,0,0,0,0
2025-12-15 01:20:05.938,SERVO_OUTPUT_RAW,2761109795,SERVO_OUTPUT_RAW,0,0,0,0,0,0,0,0,1000,1000,1000,1000,0,0,0,0,0
2025-12-15 01:20:06.038,SERVO_OUTPUT_RAW,2761209805,SERVO_OUTPUT_RAW,0,0,0,0,0,0,0,0,1000,1000,1000,1000,0,0,0,0,0
2025-12-15 01:20:06.138,SERVO_OUTPUT_RAW,2761309788,SERVO_OUTPUT_RAW,0,0,0,0,0,0,0,0,1000,1000,1000,1000,0,0,0,0,0
2025-12-15 01:20:06.238,SERVO_OUTPUT_RAW,2761409810,SERVO_OUTPUT_RAW,0,0,0,0,0,0,0,0,1000,1000,1000,1000,0,0,0,0,0
2025-12-15 01:20:06.338,SERVO_OUTPUT_RAW,2761509841,SERVO_OUTPUT_RAW,0,0,0,0,0,0,0,0,1000,1000,1000,1000,0,0,0,0,0
2025-12-15 01:20:06.438,SERVO_OUTPUT_RAW,2761609842,SERVO_OUTPUT_RAW,0,0,0,0,0,0,0,0,1000,1000,1000,1000,0,0,0,0,0
2025-12-15 01:20:06.538,SERVO_OUTPUT_RAW,2761709816,SERVO_OUTPUT_RAW,0,0,0,0,0,0,0,0,1000,1000,1000,1000,0,0,0,0,0
2025-12-15 01:20:06.638,SERVO_OUTPUT_RAW,2761809800,SERVO_OUTPUT_RAW,0,0,0,0,0,0,0,0,1000,1000,1000,1000,0,0,0,0,0
2025-12-15 01:20:06.739,SERVO_OUTPUT_RAW,2761909814,SERVO_OUTPUT_RAW,0,0,0,0,0,0,0,0,1000,1000,1000,1000,0,0,0,0,0
2025-12-15 01:20:06.839,SERVO_OUTPUT_RAW,2762009838,SERVO_OUTPUT_RAW,0,0,0,0,0,0,0,0,1000,1000,1000,1000,0,0,0,0,0
2025-12-15 01:20:06.938,SERVO_OUTPUT_RAW,2762109832,SERVO_OUTPUT_RAW,0,0,0,0,0,0,0,0,1000,1000,1000,1000,0,0,0,0,0
2025-12-15 01:20:07.038,SERVO_OUTPUT_RAW,2762209806,SERVO_OUTPUT_RAW,0,0,0,0,0,0,0,0,1000,1000,1000,1000,0,0,0,0,0
2025-12-15 01:20:07.139,SERVO_OUTPUT_RAW,2762309839,SERVO_OUTPUT_RAW,0,0,0,0,0,0,0,0,1000,1000,1000,1000,0,0,0,0,0
2025-12-15 01:20:07.238,SERVO_OUTPUT_RAW,2762409821,SERVO_OUTPUT_RAW,0,0,0,0,0,0,0,0,1000,1000,1000,1000,0,0,0,0,0
2025-12-15 01:20:07.338,SERVO_OUTPUT_RAW,2762509783,SERVO_OUTPUT_RAW,0,0,0,0,0,0,0,0,1000,1000,1000,1000,0,0,0,0,0
2025-12-15 01:20:07.439,SERVO_OUTPUT_RAW,2762609785,SERVO_OUTPUT_RAW,0,0,0,0,0,0,0,0,1000,1000,1000,1000,0,0,0,0,0
2025-12-15 01:20:07.539,SERVO_OUTPUT_RAW,2762709802,SERVO_OUTPUT_RAW,0,0,0,0,0,0,0,0,1000,1000,1000,1000,0,0,0,0,0
2025-12-15 01:20:07.639,SERVO_OUTPUT_RAW,2762809791,SERVO_OUTPUT_RAW,0,0,0,0,0,0,0,0,1000,1000,1000,1000,0,0,0,0,0
2025-12-15 01:20:07.739,SERVO_OUTPUT_RAW,2762909810,SERVO_OUTPUT_RAW,0,0,0,0,0,0,0,0,1000,1000,1000,1000,0,0,0,0,0
2025-12-15 01:20:07.839,SERVO_OUTPUT_RAW,2763009812,SERVO_OUTPUT_RAW,0,0,0,0,0,0,0,0,1000,1000,1000,1000,0,0,0,0,0
2025-12-15 01:20:07.939,SERVO_OUTPUT_RAW,2763109838,SERVO_OUTPUT_RAW,0,0,0,0,0,0,0,0,1000,1000,1000,1000,0,0,0,0,0
2025-12-15 01:20:08.039,SERVO_OUTPUT_RAW,2763212149,SERVO_OUTPUT_RAW,0,0,0,0,0,0,0,0,1000,1000,1000,1000,0,0,0,0,0
2025-12-15 01:20:08.139,SERVO_OUTPUT_RAW,2763309793,SERVO_OUTPUT_RAW,0,0,0,0,0,0,0,0,1000,1000,1000,1000,0,0,0,0,0
2025-12-15 01:20:08.239,SERVO_OUTPUT_RAW,2763409811,SERVO_OUTPUT_RAW,0,0,0,0,0,0,0,0,1000,1000,1000,1000,0,0,0,0,0
2025-12-15 01:20:08.339,SERVO_OUTPUT_RAW,2763512094,SERVO_OUTPUT_RAW,0,0,0,0,0,0,0,0,1000,1000,1000,1000,0,0,0,0,0
2025-12-15 01:20:08.439,SERVO_OUTPUT_RAW,2763609842,SERVO_OUTPUT_RAW,0,0,0,0,0,0,0,0,1000,1000,1000,1000,0,0,0,0,0
2025-12-15 01:20:08.539,SERVO_OUTPUT_RAW,2763709791,SERVO_OUTPUT_RAW,0,0,0,0,0,0,0,0,1000,1000,1000,1000,0,0,0,0,0
2025-12-15 01:20:08.638,SERVO_OUTPUT_RAW,2763809798,SERVO_OUTPUT_RAW,0,0,0,0,0,0,0,0,1000,1000,1000,1000,0,0,0,0,0
2025-12-15 01:20:08.739,SERVO_OUTPUT_RAW,2763909830,SERVO_OUTPUT_RAW,0,0,0,0,0,0,0,0,1000,1000,1000,1000,0,0,0,0,0
2025-12-15 01:20:08.839,SERVO_OUTPUT_RAW,2764009786,SERVO_OUTPUT_RAW,0,0,0,0,0,0,0,0,1000,1000,1000,1000,0,0,0,0,0
2025-12-15 01:20:08.939,SERVO_OUTPUT_RAW,2764109794,SERVO_OUTPUT_RAW,0,0,0,0,0,0,0,0,1000,1000,1000,1000,0,0,0,0,0
2025-12-15 01:20:09.038,SERVO_OUTPUT_RAW,2764209789,SERVO_OUTPUT_RAW,0,0,0,0,0,0,0,0,1000,1000,1000,1000,0,0,0,0,0
2025-12-15 01:20:09.138,SERVO_OUTPUT_RAW,2764309772,SERVO_OUTPUT_RAW,0,0,0,0,0,0,0,0,1000,1000,1000,1000,0,0,0,0,0
2025-12-15 01:20:09.238,SERVO_OUTPUT_RAW,2764409779,SERVO_OUTPUT_RAW,0,0,0,0,0,0,0,0,1000,1000,1000,1000,0,0,0,0,0
2025-12-15 01:20:09.338,SERVO_OUTPUT_RAW,2764509787,SERVO_OUTPUT_RAW,0,0,0,0,0,0,0,0,1000,1000,1000,1000,0,0,0,0,0
2025-12-15 01:20:09.438,SERVO_OUTPUT_RAW,2764609815,SERVO_OUTPUT_RAW,0,0,0,0,0,0,0,0,1000,1000,1000,1000,0,0,0,0,0
2025-12-15 01:20:09.538,SERVO_OUTPUT_RAW,2764709851,SERVO_OUTPUT_RAW,0,0,0,0,0,0,0,0,1000,1000,1000,1000,0,0,0,0,0
2025-12-15 01:20:09.638,SERVO_OUTPUT_RAW,2764809788,SERVO_OUTPUT_RAW,0,0,0,0,0,0,0,0,1000,1000,1000,1000,0,0,0,0,0
2025-12-15 01:20:09.738,SERVO_OUTPUT_RAW,2764909787,SERVO_OUTPUT_RAW,0,0,0,0,0,0,0,0,1000,1000,1000,1000,0,0,0,0,0
2025-12-15 01:20:09.838,SERVO_OUTPUT_RAW,2765009834,SERVO_OUTPUT_RAW,0,0,0,0,0,0,0,0,1000,1000,1000,1000,0,0,0,0,0
2025-12-15 01:20:09.939,SERVO_OUTPUT_RAW,2765109836,SERVO_OUTPUT_RAW,0,0,0,0,0,0,0,0,1000,1000,1000,1000,0,0,0,0,0
2025-12-15 01:20:10.038,SERVO_OUTPUT_RAW,2765209845,SERVO_OUTPUT_RAW,0,0,0,0,0,0,0,0,1000,1000,1000,1000,0,0,0,0,0
2025-12-15 01:20:10.138,SERVO_OUTPUT_RAW,2765309786,SERVO_OUTPUT_RAW,0,0,0,0,0,0,0,0,1000,1000,1000,1000,0,0,0,0,0
2025-12-15 01:20:10.238,SERVO_OUTPUT_RAW,2765409809,SERVO_OUTPUT_RAW,0,0,0,0,0,0,0,0,1000,1000,1000,1000,0,0,0,0,0
2025-12-15 01:20:10.338,SERVO_OUTPUT_RAW,2765509818,SERVO_OUTPUT_RAW,0,0,0,0,0,0,0,0,1000,1000,1000,1000,0,0,0,0,0
2025-12-15 01:20:10.438,SERVO_OUTPUT_RAW,2765609871,SERVO_OUTPUT_RAW,0,0,0,0,0,0,0,0,1000,1000,1000,1000,0,0,0,0,0
2025-12-15 01:20:10.538,SERVO_OUTPUT_RAW,2765709776,SERVO_OUTPUT_RAW,0,0,0,0,0,0,0,0,1000,1000,1000,1000,0,0,0,0,0
2025-12-15 01:20:10.638,SERVO_OUTPUT_RAW,2765809799,SERVO_OUTPUT_RAW,0,0,0,0,0,0,0,0,1000,1000,1000,1000,0,0,0,0,0
2025-12-15 01:20:10.738,SERVO_OUTPUT_RAW,2765909798,SERVO_OUTPUT_RAW,0,0,0,0,0,0,0,0,1000,1000,1000,1000,0,0,0,0,0
2025-12-15 01:20:10.838,SERVO_OUTPUT_RAW,2766009778,SERVO_OUTPUT_RAW,0,0,0,0,0,0,0,0,1000,1000,1000,1000,0,0,0,0,0
2025-12-15 01:20:10.938,SERVO_OUTPUT_RAW,2766109818,SERVO_OUTPUT_RAW,0,0,0,0,0,0,0,0,1000,1000,1000,1000,0,0,0,0,0
2025-12-15 01:20:11.038,SERVO_OUTPUT_RAW,2766209844,SERVO_OUTPUT_RAW,0,0,0,0,0,0,0,0,1000,1000,1000,1000,0,0,0,0,0
2025-12-15 01:20:11.138,SERVO_OUTPUT_RAW,2766309846,SERVO_OUTPUT_RAW,0,0,0,0,0,0,0,0,1000,1000,1000,1000,0,0,0,0,0
2025-12-15 01:20:11.238,SERVO_OUTPUT_RAW,2766409807,SERVO_OUTPUT_RAW,0,0,0,0,0,0,0,0,1000,1000,1000,1000,0,0,0,0,0
2025-12-15 01:20:11.338,SERVO_OUTPUT_RAW,2766509805,SERVO_OUTPUT_RAW,0,0,0,0,0,0,0,0,1000,1000,1000,1000,0,0,0,0,0
2025-12-15 01:20:11.438,SERVO_OUTPUT_RAW,2766609846,SERVO_OUTPUT_RAW,0,0,0,0,0,0,0,0,1000,1000,1000,1000,0,0,0,0,0
2025-12-15 01:20:11.538,SERVO_OUTPUT_RAW,2766709841,SERVO_OUTPUT_RAW,0,0,0,0,0,0,0,0,1000,1000,1000,1000,0,0,0,0,0
2025-12-15 01:20:11.638,SERVO_OUTPUT_RAW,2766809907,SERVO_OUTPUT_RAW,0,0,0,0,0,0,0,0,1000,1000,1000,1000,0,0,0,0,0
2025-12-15 01:20:11.738,SERVO_OUTPUT_RAW,2766909799,SERVO_OUTPUT_RAW,0,0,0,0,0,0,0,0,1000,1000,1000,1000,0,0,0,0,0
2025-12-15 01:20:11.838,SERVO_OUTPUT_RAW,2767009808,SERVO_OUTPUT_RAW,0,0,0,0,0,0,0,0,1000,1000,1000,1000,0,0,0,0,0
2025-12-15 01:20:11.938,SERVO_OUTPUT_RAW,2767109795,SERVO_OUTPUT_RAW,0,0,0,0,0,0,0,0,1000,1000,1000,1000,0,0,0,0,0
2025-12-15 01:20:12.038,SERVO_OUTPUT_RAW,2767209781,SERVO_OUTPUT_RAW,0,0,0,0,0,0,0,0,1000,1000,1000,1000,0,0,0,0,0
2025-12-15 01:20:12.138,SERVO_OUTPUT_RAW,2767309776,SERVO_OUTPUT_RAW,0,0,0,0,0,0,0,0,1000,1000,1000,1000,0,0,0,0,0
2025-12-15 01:20:12.238,SERVO_OUTPUT_RAW,2767409786,SERVO_OUTPUT_RAW,0,0,0,0,0,0,0,0,1000,1000,1000,1000,0,0,0,0,0
2025-12-15 01:20:12.339,SERVO_OUTPUT_RAW,2767509788,SERVO_OUTPUT_RAW,0,0,0,0,0,0,0,0,1000,1000,1000,1000,0,0,0,0,0
2025-12-15 01:20:12.439,SERVO_OUTPUT_RAW,2767609793,SERVO_OUTPUT_RAW,0,0,0,0,0,0,0,0,1000,1000,1000,1000,0,0,0,0,0
2025-12-15 01:20:12.538,SERVO_OUTPUT_RAW,2767709839,SERVO_OUTPUT_RAW,0,0,0,0,0,0,0,0,1000,1000,1000,1000,0,0,0,0,0
2025-12-15 01:20:12.638,SERVO_OUTPUT_RAW,2767812132,SERVO_OUTPUT_RAW,0,0,0,0,0,0,0,0,1000,1000,1000,1000,0,0,0,0,0
2025-12-15 01:20:12.738,SERVO_OUTPUT_RAW,2767909853,SERVO_OUTPUT_RAW,0,0,0,0,0,0,0,0,1000,1000,1000,1000,0,0,0,0,0
2025-12-15 01:20:12.839,SERVO_OUTPUT_RAW,2768009802,SERVO_OUTPUT_RAW,0,0,0,0,0,0,0,0,1000,1000,1000,1000,0,0,0,0,0
2025-12-15 01:20:12.938,SERVO_OUTPUT_RAW,2768109834,SERVO_OUTPUT_RAW,0,0,0,0,0,0,0,0,1000,1000,1000,1000,0,0,0,0,0
2025-12-15 01:20:13.038,SERVO_OUTPUT_RAW,2768209851,SERVO_OUTPUT_RAW,0,0,0,0,0,0,0,0,1000,1000,1000,1000,0,0,0,0,0
2025-12-15 01:20:13.139,SERVO_OUTPUT_RAW,2768309838,SERVO_OUTPUT_RAW,0,0,0,0,0,0,0,0,1000,1000,1000,1000,0,0,0,0,0
2025-12-15 01:20:13.238,SERVO_OUTPUT_RAW,2768409778,SERVO_OUTPUT_RAW,0,0,0,0,0,0,0,0,1000,1000,1000,1000,0,0,0,0,0
2025-12-15 01:20:13.339,SERVO_OUTPUT_RAW,2768509806,SERVO_OUTPUT_RAW,0,0,0,0,0,0,0,0,1000,1000,1000,1000,0,0,0,0,0
2025-12-15 01:20:13.439,SERVO_OUTPUT_RAW,2768609829,SERVO_OUTPUT_RAW,0,0,0,0,0,0,0,0,1000,1000,1000,1000,0,0,0,0,0
2025-12-15 01:20:13.538,SERVO_OUTPUT_RAW,2768709780,SERVO_OUTPUT_RAW,0,0,0,0,0,0,0,0,1000,1000,1000,1000,0,0,0,0,0
2025-12-15 01:20:13.638,SERVO_OUTPUT_RAW,2768809794,SERVO_OUTPUT_RAW,0,0,0,0,0,0,0,0,1000,1000,1000,1000,0,0,0,0,0
2025-12-15 01:20:13.739,SERVO_OUTPUT_RAW,2768909792,SERVO_OUTPUT_RAW,0,0,0,0,0,0,0,0,1000,1000,1000,1000,0,0,0,0,0
2025-12-15 01:20:13.839,SERVO_OUTPUT_RAW,2769009784,SERVO_OUTPUT_RAW,0,0,0,0,0,0,0,0,1000,1000,1000,1000,0,0,0,0,0
2025-12-15 01:20:13.938,SERVO_OUTPUT_RAW,2769109817,SERVO_OUTPUT_RAW,0,0,0,0,0,0,0,0,1000,1000,1000,1000,0,0,0,0,0
2025-12-15 01:20:14.039,SERVO_OUTPUT_RAW,2769209809,SERVO_OUTPUT_RAW,0,0,0,0,0,0,0,0,1000,1000,1000,1000,0,0,0,0,0
2025-12-15 01:20:14.139,SERVO_OUTPUT_RAW,2769309832,SERVO_OUTPUT_RAW,0,0,0,0,0,0,0,0,1000,1000,1000,1000,0,0,0,0,0
2025-12-15 01:20:14.238,SERVO_OUTPUT_RAW,2769409834,SERVO_OUTPUT_RAW,0,0,0,0,0,0,0,0,1000,1000,1000,1000,0,0,0,0,0
2025-12-15 01:20:14.338,SERVO_OUTPUT_RAW,2769509812,SERVO_OUTPUT_RAW,0,0,0,0,0,0,0,0,1000,1000,1000,1000,0,0,0,0,0
2025-12-15 01:20:14.438,SERVO_OUTPUT_RAW,2769609807,SERVO_OUTPUT_RAW,0,0,0,0,0,0,0,0,1000,1000,1000,1000,0,0,0,0,0
2025-12-15 01:20:14.538,SERVO_OUTPUT_RAW,2769709815,SERVO_OUTPUT_RAW,0,0,0,0,0,0,0,0,1000,1000,1000,1000,0,0,0,0,0
2025-12-15 01:20:14.639,SERVO_OUTPUT_RAW,2769812046,SERVO_OUTPUT_RAW,0,0,0,0,0,0,0,0,1000,1000,1000,1000,0,0,0,0,0
2025-12-15 01:20:14.739,SERVO_OUTPUT_RAW,2769909784,SERVO_OUTPUT_RAW,0,0,0,0,0,0,0,0,1000,1000,1000,1000,0,0,0,0,0
2025-12-15 01:20:14.839,SERVO_OUTPUT_RAW,2770009784,SERVO_OUTPUT_RAW,0,0,0,0,0,0,0,0,1000,1000,1000,1000,0,0,0,0,0
2025-12-15 01:20:14.939,SERVO_OUTPUT_RAW,2770109828,SERVO_OUTPUT_RAW,0,0,0,0,0,0,0,0,1000,1000,1000,1000,0,0,0,0,0
2025-12-15 01:20:15.039,SERVO_OUTPUT_RAW,2770209813,SERVO_OUTPUT_RAW,0,0,0,0,0,0,0,0,1000,1000,1000,1000,0,0,0,0,0
2025-12-15 01:20:15.139,SERVO_OUTPUT_RAW,2770309784,SERVO_OUTPUT_RAW,0,0,0,0,0,0,0,0,1000,1000,1000,1000,0,0,0,0,0
2025-12-15 01:20:15.239,SERVO_OUTPUT_RAW,2770409802,SERVO_OUTPUT_RAW,0,0,0,0,0,0,0,0,1000,1000,1000,1000,0,0,0,0,0
2025-12-15 01:20:15.339,SERVO_OUTPUT_RAW,2770509796,SERVO_OUTPUT_RAW,0,0,0,0,0,0,0,0,1000,1000,1000,1000,0,0,0,0,0
2025-12-15 01:20:15.439,SERVO_OUTPUT_RAW,2770609792,SERVO_OUTPUT_RAW,0,0,0,0,0,0,0,0,1000,1000,1000,1000,0,0,0,0,0
2025-12-15 01:20:15.539,SERVO_OUTPUT_RAW,2770709822,SERVO_OUTPUT_RAW,0,0,0,0,0,0,0,0,1000,1000,1000,1000,0,0,0,0,0
2025-12-15 01:20:15.639,SERVO_OUTPUT_RAW,2770809802,SERVO_OUTPUT_RAW,0,0,0,0,0,0,0,0,1000,1000,1000,1000,0,0,0,0,0
2025-12-15 01:20:15.739,SERVO_OUTPUT_RAW,2770909829,SERVO_OUTPUT_RAW,0,0,0,0,0,0,0,0,1000,1000,1000,1000,0,0,0,0,0
2025-12-15 01:20:15.839,SERVO_OUTPUT_RAW,2771009775,SERVO_OUTPUT_RAW,0,0,0,0,0,0,0,0,1000,1000,1000,1000,0,0,0,0,0
2025-12-15 01:20:15.939,SERVO_OUTPUT_RAW,2771109817,SERVO_OUTPUT_RAW,0,0,0,0,0,0,0,0,1000,1000,1000,1000,0,0,0,0,0
2025-12-15 01:20:16.039,SERVO_OUTPUT_RAW,2771209811,SERVO_OUTPUT_RAW,0,0,0,0,0,0,0,0,1000,1000,1000,1000,0,0,0,0,0
2025-12-15 01:20:16.139,SERVO_OUTPUT_RAW,2771309854,SERVO_OUTPUT_RAW,0,0,0,0,0,0,0,0,1000,1000,1000,1000,0,0,0,0,0
2025-12-15 01:20:16.239,SERVO_OUTPUT_RAW,2771409846,SERVO_OUTPUT_RAW,0,0,0,0,0,0,0,0,1000,1000,1000,1000,0,0,0,0,0
2025-12-15 01:20:16.339,SERVO_OUTPUT_RAW,2771509785,SERVO_OUTPUT_RAW,0,0,0,0,0,0,0,0,1000,1000,1000,1000,0,0,0,0,0
2025-12-15 01:20:16.439,SERVO_OUTPUT_RAW,2771609817,SERVO_OUTPUT_RAW,0,0,0,0,0,0,0,0,1000,1000,1000,1000,0,0,0,0,0
2025-12-15 01:20:16.539,SERVO_OUTPUT_RAW,2771709821,SERVO_OUTPUT_RAW,0,0,0,0,0,0,0,0,1000,1000,1000,1000,0,0,0,0,0
2025-12-15 01:20:16.639,SERVO_OUTPUT_RAW,2771809783,SERVO_OUTPUT_RAW,0,0,0,0,0,0,0,0,1000,1000,1000,1000,0,0,0,0,0
2025-12-15 01:20:16.739,SERVO_OUTPUT_RAW,2771909868,SERVO_OUTPUT_RAW,0,0,0,0,0,0,0,0,1000,1000,1000,1000,0,0,0,0,0
2025-12-15 01:20:16.839,SERVO_OUTPUT_RAW,2772009803,SERVO_OUTPUT_RAW,0,0,0,0,0,0,0,0,1000,1000,1000,1000,0,0,0,0,0
2025-12-15 01:20:16.939,SERVO_OUTPUT_RAW,2772109800,SERVO_OUTPUT_RAW,0,0,0,0,0,0,0,0,1000,1000,1000,1000,0,0,0,0,0
2025-12-15 01:20:17.039,SERVO_OUTPUT_RAW,2772209797,SERVO_OUTPUT_RAW,0,0,0,0,0,0,0,0,1000,1000,1000,1000,0,0,0,0,0
2025-12-15 01:20:17.139,SERVO_OUTPUT_RAW,2772309788,SERVO_OUTPUT_RAW,0,0,0,0,0,0,0,0,1000,1000,1000,1000,0,0,0,0,0
2025-12-15 01:20:17.239,SERVO_OUTPUT_RAW,2772409826,SERVO_OUTPUT_RAW,0,0,0,0,0,0,0,0,1000,1000,1000,1000,0,0,0,0,0
2025-12-15 01:20:17.339,SERVO_OUTPUT_RAW,2772509840,SERVO_OUTPUT_RAW,0,0,0,0,0,0,0,0,1000,1000,1000,1000,0,0,0,0,0
2025-12-15 01:20:17.441,SERVO_OUTPUT_RAW,2772609875,SERVO_OUTPUT_RAW,0,0,0,0,0,0,0,0,1000,1000,1000,1000,0,0,0,0,0
2025-12-15 01:20:17.539,SERVO_OUTPUT_RAW,2772709784,SERVO_OUTPUT_RAW,0,0,0,0,0,0,0,0,1000,1000,1000,1000,0,0,0,0,0
2025-12-15 01:20:17.639,SERVO_OUTPUT_RAW,2772809821,SERVO_OUTPUT_RAW,0,0,0,0,0,0,0,0,1000,1000,1000,1000,0,0,0,0,0
2025-12-15 01:20:17.739,SERVO_OUTPUT_RAW,2772909840,SERVO_OUTPUT_RAW,0,0,0,0,0,0,0,0,1000,1000,1000,1000,0,0,0,0,0
2025-12-15 01:20:17.839,SERVO_OUTPUT_RAW,2773009777,SERVO_OUTPUT_RAW,0,0,0,0,0,0,0,0,1000,1000,1000,1000,0,0,0,0,0
2025-12-15 01:20:17.939,SERVO_OUTPUT_RAW,2773109800,SERVO_OUTPUT_RAW,0,0,0,0,0,0,0,0,1000,1000,1000,1000,0,0,0,0,0
2025-12-15 01:20:18.039,SERVO_OUTPUT_RAW,2773209805,SERVO_OUTPUT_RAW,0,0,0,0,0,0,0,0,1000,1000,1000,1000,0,0,0,0,0
2025-12-15 01:20:18.139,SERVO_OUTPUT_RAW,2773309800,SERVO_OUTPUT_RAW,0,0,0,0,0,0,0,0,1000,1000,1000,1000,0,0,0,0,0
2025-12-15 01:20:18.239,SERVO_OUTPUT_RAW,2773409789,SERVO_OUTPUT_RAW,0,0,0,0,0,0,0,0,1000,1000,1000,1000,0,0,0,0,0
2025-12-15 01:20:18.338,SERVO_OUTPUT_RAW,2773509778,SERVO_OUTPUT_RAW,0,0,0,0,0,0,0,0,1000,1000,1000,1000,0,0,0,0,0
2025-12-15 01:20:18.438,SERVO_OUTPUT_RAW,2773609820,SERVO_OUTPUT_RAW,0,0,0,0,0,0,0,0,1000,1000,1000,1000,0,0,0,0,0
2025-12-15 01:20:18.539,SERVO_OUTPUT_RAW,2773709787,SERVO_OUTPUT_RAW,0,0,0,0,0,0,0,0,1000,1000,1000,1000,0,0,0,0,0
2025-12-15 01:20:18.639,SERVO_OUTPUT_RAW,2773809783,SERVO_OUTPUT_RAW,0,0,0,0,0,0,0,0,1000,1000,1000,1000,0,0,0,0,0
2025-12-15 01:20:18.738,SERVO_OUTPUT_RAW,2773909814,SERVO_OUTPUT_RAW,0,0,0,0,0,0,0,0,1000,1000,1000,1000,0,0,0,0,0
2025-12-15 01:20:18.838,SERVO_OUTPUT_RAW,2774009857,SERVO_OUTPUT_RAW,0,0,0,0,0,0,0,0,1000,1000,1000,1000,0,0,0,0,0
2025-12-15 01:20:18.938,SERVO_OUTPUT_RAW,2774109811,SERVO_OUTPUT_RAW,0,0,0,0,0,0,0,0,1000,1000,1000,1000,0,0,0,0,0
2025-12-15 01:20:19.038,SERVO_OUTPUT_RAW,2774209804,SERVO_OUTPUT_RAW,0,0,0,0,0,0,0,0,1000,1000,1000,1000,0,0,0,0,0
2025-12-15 01:20:19.139,SERVO_OUTPUT_RAW,2774309802,SERVO_OUTPUT_RAW,0,0,0,0,0,0,0,0,1000,1000,1000,1000,0,0,0,0,0
2025-12-15 01:20:19.238,SERVO_OUTPUT_RAW,2774409836,SERVO_OUTPUT_RAW,0,0,0,0,0,0,0,0,1000,1000,1000,1000,0,0,0,0,0
2025-12-15 01:20:19.338,SERVO_OUTPUT_RAW,2774509852,SERVO_OUTPUT_RAW,0,0,0,0,0,0,0,0,1000,1000,1000,1000,0,0,0,0,0
2025-12-15 01:20:19.439,SERVO_OUTPUT_RAW,2774609778,SERVO_OUTPUT_RAW,0,0,0,0,0,0,0,0,1000,1000,1000,1000,0,0,0,0,0
2025-12-15 01:20:19.538,SERVO_OUTPUT_RAW,2774709795,SERVO_OUTPUT_RAW,0,0,0,0,0,0,0,0,1000,1000,1000,1000,0,0,0,0,0
2025-12-15 01:20:19.638,SERVO_OUTPUT_RAW,2774809818,SERVO_OUTPUT_RAW,0,0,0,0,0,0,0,0,1000,1000,1000,1000,0,0,0,0,0
2025-12-15 01:20:19.739,SERVO_OUTPUT_RAW,2774909884,SERVO_OUTPUT_RAW,0,0,0,0,0,0,0,0,1000,1000,1000,1000,0,0,0,0,0
2025-12-15 01:20:19.838,SERVO_OUTPUT_RAW,2775009786,SERVO_OUTPUT_RAW,0,0,0,0,0,0,0,0,1000,1000,1000,1000,0,0,0,0,0
2025-12-15 01:20:19.939,SERVO_OUTPUT_RAW,2775109803,SERVO_OUTPUT_RAW,0,0,0,0,0,0,0,0,1000,1000,1000,1000,0,0,0,0,0
2025-12-15 01:20:20.038,SERVO_OUTPUT_RAW,2775209784,SERVO_OUTPUT_RAW,0,0,0,0,0,0,0,0,1000,1000,1000,1000,0,0,0,0,0
2025-12-15 01:20:20.139,SERVO_OUTPUT_RAW,2775309790,SERVO_OUTPUT_RAW,0,0,0,0,0,0,0,0,1000,1000,1000,1000,0,0,0,0,0
2025-12-15 01:20:20.238,SERVO_OUTPUT_RAW,2775409787,SERVO_OUTPUT_RAW,0,0,0,0,0,0,0,0,1000,1000,1000,1000,0,0,0,0,0
2025-12-15 01:20:20.338,SERVO_OUTPUT_RAW,2775509848,SERVO_OUTPUT_RAW,0,0,0,0,0,0,0,0,1000,1000,1000,1000,0,0,0,0,0
2025-12-15 01:20:20.438,SERVO_OUTPUT_RAW,2775609841,SERVO_OUTPUT_RAW,0,0,0,0,0,0,0,0,1000,1000,1000,1000,0,0,0,0,0
2025-12-15 01:20:20.538,SERVO_OUTPUT_RAW,2775709774,SERVO_OUTPUT_RAW,0,0,0,0,0,0,0,0,1000,1000,1000,1000,0,0,0,0,0
2025-12-15 01:20:20.639,SERVO_OUTPUT_RAW,2775809819,SERVO_OUTPUT_RAW,0,0,0,0,0,0,0,0,1000,1000,1000,1000,0,0,0,0,0
2025-12-15 01:20:20.739,SERVO_OUTPUT_RAW,2775909823,SERVO_OUTPUT_RAW,0,0,0,0,0,0,0,0,1000,1000,1000,1000,0,0,0,0,0
2025-12-15 01:20:20.838,SERVO_OUTPUT_RAW,2776009847,SERVO_OUTPUT_RAW,0,0,0,0,0,0,0,0,1000,1000,1000,1000,0,0,0,0,0
2025-12-15 01:20:20.938,SERVO_OUTPUT_RAW,2776109897,SERVO_OUTPUT_RAW,0,0,0,0,0,0,0,0,1000,1000,1000,1000,0,0,0,0,0
2025-12-15 01:20:21.038,SERVO_OUTPUT_RAW,2776209785,SERVO_OUTPUT_RAW,0,0,0,0,0,0,0,0,1000,1000,1000,1000,0,0,0,0,0
2025-12-15 01:20:21.138,SERVO_OUTPUT_RAW,2776309811,SERVO_OUTPUT_RAW,0,0,0,0,0,0,0,0,1000,1000,1000,1000,0,0,0,0,0
2025-12-15 01:20:21.238,SERVO_OUTPUT_RAW,2776409812,SERVO_OUTPUT_RAW,0,0,0,0,0,0,0,0,1000,1000,1000,1000,0,0,0,0,0
2025-12-15 01:20:21.338,SERVO_OUTPUT_RAW,2776509833,SERVO_OUTPUT_RAW,0,0,0,0,0,0,0,0,1000,1000,1000,1000,0,0,0,0,0
2025-12-15 01:20:21.438,SERVO_OUTPUT_RAW,2776609788,SERVO_OUTPUT_RAW,0,0,0,0,0,0,0,0,1000,1000,1000,1000,0,0,0,0,0
2025-12-15 01:20:21.538,SERVO_OUTPUT_RAW,2776709796,SERVO_OUTPUT_RAW,0,0,0,0,0,0,0,0,1000,1000,1000,1000,0,0,0,0,0
2025-12-15 01:20:21.638,SERVO_OUTPUT_RAW,2776809788,SERVO_OUTPUT_RAW,0,0,0,0,0,0,0,0,1000,1000,1000,1000,0,0,0,0,0
2025-12-15 01:20:21.739,SERVO_OUTPUT_RAW,2776909794,SERVO_OUTPUT_RAW,0,0,0,0,0,0,0,0,1000,1000,1000,1000,0,0,0,0,0
2025-12-15 01:20:21.839,SERVO_OUTPUT_RAW,2777009822,SERVO_OUTPUT_RAW,0,0,0,0,0,0,0,0,1000,1000,1000,1000,0,0,0,0,0
2025-12-15 01:20:21.938,SERVO_OUTPUT_RAW,2777109837,SERVO_OUTPUT_RAW,0,0,0,0,0,0,0,0,1000,1000,1000,1000,0,0,0,0,0
2025-12-15 01:20:22.038,SERVO_OUTPUT_RAW,2777209845,SERVO_OUTPUT_RAW,0,0,0,0,0,0,0,0,1000,1000,1000,1000,0,0,0,0,0
2025-12-15 01:20:22.138,SERVO_OUTPUT_RAW,2777309801,SERVO_OUTPUT_RAW,0,0,0,0,0,0,0,0,1000,1000,1000,1000,0,0,0,0,0
2025-12-15 01:20:22.239,SERVO_OUTPUT_RAW,2777409829,SERVO_OUTPUT_RAW,0,0,0,0,0,0,0,0,1000,1000,1000,1000,0,0,0,0,0
2025-12-15 01:20:22.338,SERVO_OUTPUT_RAW,2777509822,SERVO_OUTPUT_RAW,0,0,0,0,0,0,0,0,1000,1000,1000,1000,0,0,0,0,0
2025-12-15 01:20:22.439,SERVO_OUTPUT_RAW,2777609841,SERVO_OUTPUT_RAW,0,0,0,0,0,0,0,0,1000,1000,1000,1000,0,0,0,0,0
2025-12-15 01:20:22.539,SERVO_OUTPUT_RAW,2777709809,SERVO_OUTPUT_RAW,0,0,0,0,0,0,0,0,1000,1000,1000,1000,0,0,0,0,0
2025-12-15 01:20:22.638,SERVO_OUTPUT_RAW,2777809804,SERVO_OUTPUT_RAW,0,0,0,0,0,0,0,0,1000,1000,1000,1000,0,0,0,0,0
2025-12-15 01:20:22.739,SERVO_OUTPUT_RAW,2777909811,SERVO_OUTPUT_RAW,0,0,0,0,0,0,0,0,1000,1000,1000,1000,0,0,0,0,0
2025-12-15 01:20:22.839,SERVO_OUTPUT_RAW,2778009813,SERVO_OUTPUT_RAW,0,0,0,0,0,0,0,0,1000,1000,1000,1000,0,0,0,0,0
2025-12-15 01:20:22.939,SERVO_OUTPUT_RAW,2778109773,SERVO_OUTPUT_RAW,0,0,0,0,0,0,0,0,1000,1000,1000,1000,0,0,0,0,0
2025-12-15 01:20:23.039,SERVO_OUTPUT_RAW,2778209871,SERVO_OUTPUT_RAW,0,0,0,0,0,0,0,0,1000,1000,1000,1000,0,0,0,0,0
2025-12-15 01:20:23.139,SERVO_OUTPUT_RAW,2778309793,SERVO_OUTPUT_RAW,0,0,0,0,0,0,0,0,1000,1000,1000,1000,0,0,0,0,0
2025-12-15 01:20:23.239,SERVO_OUTPUT_RAW,2778409786,SERVO_OUTPUT_RAW,0,0,0,0,0,0,0,0,1000,1000,1000,1000,0,0,0,0,0
2025-12-15 01:20:23.339,SERVO_OUTPUT_RAW,2778509807,SERVO_OUTPUT_RAW,0,0,0,0,0,0,0,0,1000,1000,1000,1000,0,0,0,0,0
2025-12-15 01:20:23.439,SERVO_OUTPUT_RAW,2778609806,SERVO_OUTPUT_RAW,0,0,0,0,0,0,0,0,1000,1000,1000,1000,0,0,0,0,0
2025-12-15 01:20:23.539,SERVO_OUTPUT_RAW,2778709833,SERVO_OUTPUT_RAW,0,0,0,0,0,0,0,0,1000,1000,1000,1000,0,0,0,0,0
2025-12-15 01:20:23.639,SERVO_OUTPUT_RAW,2778809840,SERVO_OUTPUT_RAW,0,0,0,0,0,0,0,0,1000,1000,1000,1000,0,0,0,0,0
2025-12-15 01:20:23.739,SERVO_OUTPUT_RAW,2778909776,SERVO_OUTPUT_RAW,0,0,0,0,0,0,0,0,1000,1000,1000,1000,0,0,0,0,0
2025-12-15 01:20:23.839,SERVO_OUTPUT_RAW,2779009813,SERVO_OUTPUT_RAW,0,0,0,0,0,0,0,0,1000,1000,1000,1000,0,0,0,0,0
2025-12-15 01:20:23.939,SERVO_OUTPUT_RAW,2779109847,SERVO_OUTPUT_RAW,0,0,0,0,0,0,0,0,1000,1000,1000,1000,0,0,0,0,0
2025-12-15 01:20:24.039,SERVO_OUTPUT_RAW,2779209842,SERVO_OUTPUT_RAW,0,0,0,0,0,0,0,0,1000,1000,1000,1000,0,0,0,0,0
2025-12-15 01:20:24.139,SERVO_OUTPUT_RAW,2779309787,SERVO_OUTPUT_RAW,0,0,0,0,0,0,0,0,1000,1000,1000,1000,0,0,0,0,0
2025-12-15 01:20:24.239,SERVO_OUTPUT_RAW,2779409826,SERVO_OUTPUT_RAW,0,0,0,0,0,0,0,0,1000,1000,1000,1000,0,0,0,0,0
2025-12-15 01:20:24.339,SERVO_OUTPUT_RAW,2779509822,SERVO_OUTPUT_RAW,0,0,0,0,0,0,0,0,1000,1000,1000,1000,0,0,0,0,0
2025-12-15 01:20:24.439,SERVO_OUTPUT_RAW,2779609810,SERVO_OUTPUT_RAW,0,0,0,0,0,0,0,0,1000,1000,1000,1000,0,0,0,0,0
2025-12-15 01:20:24.539,SERVO_OUTPUT_RAW,2779709786,SERVO_OUTPUT_RAW,0,0,0,0,0,0,0,0,1000,1000,1000,1000,0,0,0,0,0
2025-12-15 01:20:24.639,SERVO_OUTPUT_RAW,2779809781,SERVO_OUTPUT_RAW,0,0,0,0,0,0,0,0,1000,1000,1000,1000,0,0,0,0,0
2025-12-15 01:20:24.739,SERVO_OUTPUT_RAW,2779909797,SERVO_OUTPUT_RAW,0,0,0,0,0,0,0,0,1000,1000,1000,1000,0,0,0,0,0
2025-12-15 01:20:24.839,SERVO_OUTPUT_RAW,2780009788,SERVO_OUTPUT_RAW,0,0,0,0,0,0,0,0,1000,1000,1000,1000,0,0,0,0,0
2025-12-15 01:20:24.940,SERVO_OUTPUT_RAW,2780109785,SERVO_OUTPUT_RAW,0,0,0,0,0,0,0,0,1000,1000,1000,1000,0,0,0,0,0
2025-12-15 01:20:25.039,SERVO_OUTPUT_RAW,2780209821,SERVO_OUTPUT_RAW,0,0,0,0,0,0,0,0,1000,1000,1000,1000,0,0,0,0,0
2025-12-15 01:20:25.140,SERVO_OUTPUT_RAW,2780309841,SERVO_OUTPUT_RAW,0,0,0,0,0,0,0,0,1000,1000,1000,1000,0,0,0,0,0
2025-12-15 01:20:25.239,SERVO_OUTPUT_RAW,2780409808,SERVO_OUTPUT_RAW,0,0,0,0,0,0,0,0,1000,1000,1000,1000,0,0,0,0,0
2025-12-15 01:20:25.339,SERVO_OUTPUT_RAW,2780509792,SERVO_OUTPUT_RAW,0,0,0,0,0,0,0,0,1000,1000,1000,1000,0,0,0,0,0
2025-12-15 01:20:25.439,SERVO_OUTPUT_RAW,2780609822,SERVO_OUTPUT_RAW,0,0,0,0,0,0,0,0,1000,1000,1000,1000,0,0,0,0,0
2025-12-15 01:20:25.539,SERVO_OUTPUT_RAW,2780709872,SERVO_OUTPUT_RAW,0,0,0,0,0,0,0,0,1000,1000,1000,1000,0,0,0,0,0
2025-12-15 01:20:25.639,SERVO_OUTPUT_RAW,2780809822,SERVO_OUTPUT_RAW,0,0,0,0,0,0,0,0,1000,1000,1000,1000,0,0,0,0,0
2025-12-15 01:20:25.739,SERVO_OUTPUT_RAW,2780909791,SERVO_OUTPUT_RAW,0,0,0,0,0,0,0,0,1000,1000,1000,1000,0,0,0,0,0
2025-12-15 01:20:25.840,SERVO_OUTPUT_RAW,2781009823,SERVO_OUTPUT_RAW,0,0,0,0,0,0,0,0,1000,1000,1000,1000,0,0,0,0,0
2025-12-15 01:20:25.939,SERVO_OUTPUT_RAW,2781109812,SERVO_OUTPUT_RAW,0,0,0,0,0,0,0,0,1000,1000,1000,1000,0,0,0,0,0
2025-12-15 01:20:26.040,SERVO_OUTPUT_RAW,2781209795,SERVO_OUTPUT_RAW,0,0,0,0,0,0,0,0,1000,1000,1000,1000,0,0,0,0,0
2025-12-15 01:20:26.140,SERVO_OUTPUT_RAW,2781309794,SERVO_OUTPUT_RAW,0,0,0,0,0,0,0,0,1000,1000,1000,1000,0,0,0,0,0
2025-12-15 01:20:26.239,SERVO_OUTPUT_RAW,2781409797,SERVO_OUTPUT_RAW,0,0,0,0,0,0,0,0,1000,1000,1000,1000,0,0,0,0,0
2025-12-15 01:20:26.339,SERVO_OUTPUT_RAW,2781509797,SERVO_OUTPUT_RAW,0,0,0,0,0,0,0,0,1000,1000,1000,1000,0,0,0,0,0
2025-12-15 01:20:26.439,SERVO_OUTPUT_RAW,2781609794,SERVO_OUTPUT_RAW,0,0,0,0,0,0,0,0,1000,1000,1000,1000,0,0,0,0,0
2025-12-15 01:20:26.539,SERVO_OUTPUT_RAW,2781709801,SERVO_OUTPUT_RAW,0,0,0,0,0,0,0,0,1000,1000,1000,1000,0,0,0,0,0
2025-12-15 01:20:26.639,SERVO_OUTPUT_RAW,2781809843,SERVO_OUTPUT_RAW,0,0,0,0,0,0,0,0,1000,1000,1000,1000,0,0,0,0,0
2025-12-15 01:20:26.739,SERVO_OUTPUT_RAW,2781909787,SERVO_OUTPUT_RAW,0,0,0,0,0,0,0,0,1000,1000,1000,1000,0,0,0,0,0
2025-12-15 01:20:26.840,SERVO_OUTPUT_RAW,2782009855,SERVO_OUTPUT_RAW,0,0,0,0,0,0,0,0,1000,1000,1000,1000,0,0,0,0,0
2025-12-15 01:20:26.939,SERVO_OUTPUT_RAW,2782109837,SERVO_OUTPUT_RAW,0,0,0,0,0,0,0,0,1000,1000,1000,1000,0,0,0,0,0
2025-12-15 01:20:27.039,SERVO_OUTPUT_RAW,2782209814,SERVO_OUTPUT_RAW,0,0,0,0,0,0,0,0,1000,1000,1000,1000,0,0,0,0,0
2025-12-15 01:20:27.139,SERVO_OUTPUT_RAW,2782309881,SERVO_OUTPUT_RAW,0,0,0,0,0,0,0,0,1000,1000,1000,1000,0,0,0,0,0
2025-12-15 01:20:27.239,SERVO_OUTPUT_RAW,2782409901,SERVO_OUTPUT_RAW,0,0,0,0,0,0,0,0,1000,1000,1000,1000,0,0,0,0,0
2025-12-15 01:20:27.339,SERVO_OUTPUT_RAW,2782509807,SERVO_OUTPUT_RAW,0,0,0,0,0,0,0,0,1000,1000,1000,1000,0,0,0,0,0
2025-12-15 01:20:27.440,SERVO_OUTPUT_RAW,2782609835,SERVO_OUTPUT_RAW,0,0,0,0,0,0,0,0,1000,1000,1000,1000,0,0,0,0,0
2025-12-15 01:20:27.539,SERVO_OUTPUT_RAW,2782709809,SERVO_OUTPUT_RAW,0,0,0,0,0,0,0,0,1000,1000,1000,1000,0,0,0,0,0
2025-12-15 01:20:27.639,SERVO_OUTPUT_RAW,2782809788,SERVO_OUTPUT_RAW,0,0,0,0,0,0,0,0,1000,1000,1000,1000,0,0,0,0,0
2025-12-15 01:20:27.739,SERVO_OUTPUT_RAW,2782909784,SERVO_OUTPUT_RAW,0,0,0,0,0,0,0,0,1000,1000,1000,1000,0,0,0,0,0
2025-12-15 01:20:27.839,SERVO_OUTPUT_RAW,2783009807,SERVO_OUTPUT_RAW,0,0,0,0,0,0,0,0,1000,1000,1000,1000,0,0,0,0,0
2025-12-15 01:20:27.938,SERVO_OUTPUT_RAW,2783109788,SERVO_OUTPUT_RAW,0,0,0,0,0,0,0,0,1000,1000,1000,1000,0,0,0,0,0
2025-12-15 01:20:28.039,SERVO_OUTPUT_RAW,2783209780,SERVO_OUTPUT_RAW,0,0,0,0,0,0,0,0,1000,1000,1000,1000,0,0,0,0,0
2025-12-15 01:20:28.139,SERVO_OUTPUT_RAW,2783309836,SERVO_OUTPUT_RAW,0,0,0,0,0,0,0,0,1000,1000,1000,1000,0,0,0,0,0
2025-12-15 01:20:28.238,SERVO_OUTPUT_RAW,2783409825,SERVO_OUTPUT_RAW,0,0,0,0,0,0,0,0,1000,1000,1000,1000,0,0,0,0,0
2025-12-15 01:20:28.338,SERVO_OUTPUT_RAW,2783509809,SERVO_OUTPUT_RAW,0,0,0,0,0,0,0,0,1000,1000,1000,1000,0,0,0,0,0
2025-12-15 01:20:28.438,SERVO_OUTPUT_RAW,2783609787,SERVO_OUTPUT_RAW,0,0,0,0,0,0,0,0,1000,1000,1000,1000,0,0,0,0,0
2025-12-15 01:20:28.538,SERVO_OUTPUT_RAW,2783709815,SERVO_OUTPUT_RAW,0,0,0,0,0,0,0,0,1000,1000,1000,1000,0,0,0,0,0
2025-12-15 01:20:28.638,SERVO_OUTPUT_RAW,2783809836,SERVO_OUTPUT_RAW,0,0,0,0,0,0,0,0,1000,1000,1000,1000,0,0,0,0,0
2025-12-15 01:20:28.738,SERVO_OUTPUT_RAW,2783909855,SERVO_OUTPUT_RAW,0,0,0,0,0,0,0,0,1000,1000,1000,1000,0,0,0,0,0
2025-12-15 01:20:28.838,SERVO_OUTPUT_RAW,2784009794,SERVO_OUTPUT_RAW,0,0,0,0,0,0,0,0,1000,1000,1000,1000,0,0,0,0,0
2025-12-15 01:20:28.938,SERVO_OUTPUT_RAW,2784109798,SERVO_OUTPUT_RAW,0,0,0,0,0,0,0,0,1000,1000,1000,1000,0,0,0,0,0
2025-12-15 01:20:29.038,SERVO_OUTPUT_RAW,2784209822,SERVO_OUTPUT_RAW,0,0,0,0,0,0,0,0,1000,1000,1000,1000,0,0,0,0,0
2025-12-15 01:20:29.138,SERVO_OUTPUT_RAW,2784309777,SERVO_OUTPUT_RAW,0,0,0,0,0,0,0,0,1000,1000,1000,1000,0,0,0,0,0
2025-12-15 01:20:29.238,SERVO_OUTPUT_RAW,2784409777,SERVO_OUTPUT_RAW,0,0,0,0,0,0,0,0,1000,1000,1000,1000,0,0,0,0,0
2025-12-15 01:20:29.339,SERVO_OUTPUT_RAW,2784509849,SERVO_OUTPUT_RAW,0,0,0,0,0,0,0,0,1000,1000,1000,1000,0,0,0,0,0
2025-12-15 01:20:29.439,SERVO_OUTPUT_RAW,2784609816,SERVO_OUTPUT_RAW,0,0,0,0,0,0,0,0,1000,1000,1000,1000,0,0,0,0,0
2025-12-15 01:20:29.538,SERVO_OUTPUT_RAW,2784709796,SERVO_OUTPUT_RAW,0,0,0,0,0,0,0,0,1000,1000,1000,1000,0,0,0,0,0
2025-12-15 01:20:29.639,SERVO_OUTPUT_RAW,2784809798,SERVO_OUTPUT_RAW,0,0,0,0,0,0,0,0,1000,1000,1000,1000,0,0,0,0,0
2025-12-15 01:20:29.738,SERVO_OUTPUT_RAW,2784909821,SERVO_OUTPUT_RAW,0,0,0,0,0,0,0,0,1000,1000,1000,1000,0,0,0,0,0
2025-12-15 01:20:29.839,SERVO_OUTPUT_RAW,2785009872,SERVO_OUTPUT_RAW,0,0,0,0,0,0,0,0,1000,1000,1000,1000,0,0,0,0,0
2025-12-15 01:20:29.939,SERVO_OUTPUT_RAW,2785109797,SERVO_OUTPUT_RAW,0,0,0,0,0,0,0,0,1000,1000,1000,1000,0,0,0,0,0
2025-12-15 01:20:30.039,SERVO_OUTPUT_RAW,2785209868,SERVO_OUTPUT_RAW,0,0,0,0,0,0,0,0,1000,1000,1000,1000,0,0,0,0,0
2025-12-15 01:20:30.138,SERVO_OUTPUT_RAW,2785309809,SERVO_OUTPUT_RAW,0,0,0,0,0,0,0,0,1000,1000,1000,1000,0,0,0,0,0
2025-12-15 01:20:30.239,SERVO_OUTPUT_RAW,2785409843,SERVO_OUTPUT_RAW,0,0,0,0,0,0,0,0,1000,1000,1000,1000,0,0,0,0,0
2025-12-15 01:20:30.339,SERVO_OUTPUT_RAW,2785509781,SERVO_OUTPUT_RAW,0,0,0,0,0,0,0,0,1000,1000,1000,1000,0,0,0,0,0
2025-12-15 01:20:30.439,SERVO_OUTPUT_RAW,2785609786,SERVO_OUTPUT_RAW,0,0,0,0,0,0,0,0,1000,1000,1000,1000,0,0,0,0,0
2025-12-15 01:20:30.539,SERVO_OUTPUT_RAW,2785709836,SERVO_OUTPUT_RAW,0,0,0,0,0,0,0,0,1000,1000,1000,1000,0,0,0,0,0
2025-12-15 01:20:30.639,SERVO_OUTPUT_RAW,2785809821,SERVO_OUTPUT_RAW,0,0,0,0,0,0,0,0,1000,1000,1000,1000,0,0,0,0,0
2025-12-15 01:20:30.739,SERVO_OUTPUT_RAW,2785909790,SERVO_OUTPUT_RAW,0,0,0,0,0,0,0,0,1000,1000,1000,1000,0,0,0,0,0
2025-12-15 01:20:30.839,SERVO_OUTPUT_RAW,2786009793,SERVO_OUTPUT_RAW,0,0,0,0,0,0,0,0,1000,1000,1000,1000,0,0,0,0,0
2025-12-15 01:20:30.939,SERVO_OUTPUT_RAW,2786109799,SERVO_OUTPUT_RAW,0,0,0,0,0,0,0,0,1000,1000,1000,1000,0,0,0,0,0
2025-12-15 01:20:31.039,SERVO_OUTPUT_RAW,2786209801,SERVO_OUTPUT_RAW,0,0,0,0,0,0,0,0,1000,1000,1000,1000,0,0,0,0,0
2025-12-15 01:20:31.139,SERVO_OUTPUT_RAW,2786309781,SERVO_OUTPUT_RAW,0,0,0,0,0,0,0,0,1000,1000,1000,1000,0,0,0,0,0
2025-12-15 01:20:31.239,SERVO_OUTPUT_RAW,2786409796,SERVO_OUTPUT_RAW,0,0,0,0,0,0,0,0,1000,1000,1000,1000,0,0,0,0,0
2025-12-15 01:20:31.339,SERVO_OUTPUT_RAW,2786509858,SERVO_OUTPUT_RAW,0,0,0,0,0,0,0,0,1000,1000,1000,1000,0,0,0,0,0
2025-12-15 01:20:31.439,SERVO_OUTPUT_RAW,2786609859,SERVO_OUTPUT_RAW,0,0,0,0,0,0,0,0,1000,1000,1000,1000,0,0,0,0,0
2025-12-15 01:20:31.539,SERVO_OUTPUT_RAW,2786709792,SERVO_OUTPUT_RAW,0,0,0,0,0,0,0,0,1000,1000,1000,1000,0,0,0,0,0
2025-12-15 01:20:31.639,SERVO_OUTPUT_RAW,2786809811,SERVO_OUTPUT_RAW,0,0,0,0,0,0,0,0,1000,1000,1000,1000,0,0,0,0,0
2025-12-15 01:20:31.739,SERVO_OUTPUT_RAW,2786909844,SERVO_OUTPUT_RAW,0,0,0,0,0,0,0,0,1000,1000,1000,1000,0,0,0,0,0
2025-12-15 01:20:31.839,SERVO_OUTPUT_RAW,2787009851,SERVO_OUTPUT_RAW,0,0,0,0,0,0,0,0,1000,1000,1000,1000,0,0,0,0,0
2025-12-15 01:20:31.939,SERVO_OUTPUT_RAW,2787109791,SERVO_OUTPUT_RAW,0,0,0,0,0,0,0,0,1000,1000,1000,1000,0,0,0,0,0
2025-12-15 01:20:32.039,SERVO_OUTPUT_RAW,2787209804,SERVO_OUTPUT_RAW,0,0,0,0,0,0,0,0,1000,1000,1000,1000,0,0,0,0,0
2025-12-15 01:20:32.139,SERVO_OUTPUT_RAW,2787309813,SERVO_OUTPUT_RAW,0,0,0,0,0,0,0,0,1000,1000,1000,1000,0,0,0,0,0
2025-12-15 01:20:32.239,SERVO_OUTPUT_RAW,2787409827,SERVO_OUTPUT_RAW,0,0,0,0,0,0,0,0,1000,1000,1000,1000,0,0,0,0,0
2025-12-15 01:20:32.339,SERVO_OUTPUT_RAW,2787509809,SERVO_OUTPUT_RAW,0,0,0,0,0,0,0,0,1000,1000,1000,1000,0,0,0,0,0
2025-12-15 01:20:32.440,SERVO_OUTPUT_RAW,2787609781,SERVO_OUTPUT_RAW,0,0,0,0,0,0,0,0,1000,1000,1000,1000,0,0,0,0,0
2025-12-15 01:20:32.539,SERVO_OUTPUT_RAW,2787709783,SERVO_OUTPUT_RAW,0,0,0,0,0,0,0,0,1000,1000,1000,1000,0,0,0,0,0
2025-12-15 01:20:32.639,SERVO_OUTPUT_RAW,2787809783,SERVO_OUTPUT_RAW,0,0,0,0,0,0,0,0,1000,1000,1000,1000,0,0,0,0,0
2025-12-15 01:20:32.739,SERVO_OUTPUT_RAW,2787909797,SERVO_OUTPUT_RAW,0,0,0,0,0,0,0,0,1000,1000,1000,1000,0,0,0,0,0
2025-12-15 01:20:32.839,SERVO_OUTPUT_RAW,2788009823,SERVO_OUTPUT_RAW,0,0,0,0,0,0,0,0,1000,1000,1000,1000,0,0,0,0,0
2025-12-15 01:20:32.940,SERVO_OUTPUT_RAW,2788112139,SERVO_OUTPUT_RAW,0,0,0,0,0,0,0,0,1000,1000,1000,1000,0,0,0,0,0
2025-12-15 01:20:33.039,SERVO_OUTPUT_RAW,2788209856,SERVO_OUTPUT_RAW,0,0,0,0,0,0,0,0,1000,1000,1000,1000,0,0,0,0,0
2025-12-15 01:20:33.139,SERVO_OUTPUT_RAW,2788309788,SERVO_OUTPUT_RAW,0,0,0,0,0,0,0,0,1000,1000,1000,1000,0,0,0,0,0
2025-12-15 01:20:33.239,SERVO_OUTPUT_RAW,2788409829,SERVO_OUTPUT_RAW,0,0,0,0,0,0,0,0,1000,1000,1000,1000,0,0,0,0,0
2025-12-15 01:20:33.339,SERVO_OUTPUT_RAW,2788509873,SERVO_OUTPUT_RAW,0,0,0,0,0,0,0,0,1000,1000,1000,1000,0,0,0,0,0
2025-12-15 01:20:33.439,SERVO_OUTPUT_RAW,2788609838,SERVO_OUTPUT_RAW,0,0,0,0,0,0,0,0,1000,1000,1000,1000,0,0,0,0,0
2025-12-15 01:20:33.539,SERVO_OUTPUT_RAW,2788709892,SERVO_OUTPUT_RAW,0,0,0,0,0,0,0,0,1000,1000,1000,1000,0,0,0,0,0
2025-12-15 01:20:33.639,SERVO_OUTPUT_RAW,2788809809,SERVO_OUTPUT_RAW,0,0,0,0,0,0,0,0,1000,1000,1000,1000,0,0,0,0,0
2025-12-15 01:20:33.739,SERVO_OUTPUT_RAW,2788909818,SERVO_OUTPUT_RAW,0,0,0,0,0,0,0,0,1000,1000,1000,1000,0,0,0,0,0
2025-12-15 01:20:33.839,SERVO_OUTPUT_RAW,2789009779,SERVO_OUTPUT_RAW,0,0,0,0,0,0,0,0,1000,1000,1000,1000,0,0,0,0,0
2025-12-15 01:20:33.939,SERVO_OUTPUT_RAW,2789109805,SERVO_OUTPUT_RAW,0,0,0,0,0,0,0,0,1000,1000,1000,1000,0,0,0,0,0
2025-12-15 01:20:34.039,SERVO_OUTPUT_RAW,2789209792,SERVO_OUTPUT_RAW,0,0,0,0,0,0,0,0,1000,1000,1000,1000,0,0,0,0,0
2025-12-15 01:20:34.139,SERVO_OUTPUT_RAW,2789309810,SERVO_OUTPUT_RAW,0,0,0,0,0,0,0,0,1000,1000,1000,1000,0,0,0,0,0
2025-12-15 01:20:34.239,SERVO_OUTPUT_RAW,2789409806,SERVO_OUTPUT_RAW,0,0,0,0,0,0,0,0,1000,1000,1000,1000,0,0,0,0,0
2025-12-15 01:20:34.339,SERVO_OUTPUT_RAW,2789509813,SERVO_OUTPUT_RAW,0,0,0,0,0,0,0,0,1000,1000,1000,1000,0,0,0,0,0
2025-12-15 01:20:34.439,SERVO_OUTPUT_RAW,2789609832,SERVO_OUTPUT_RAW,0,0,0,0,0,0,0,0,1000,1000,1000,1000,0,0,0,0,0
2025-12-15 01:20:34.539,SERVO_OUTPUT_RAW,2789709834,SERVO_OUTPUT_RAW,0,0,0,0,0,0,0,0,1000,1000,1000,1000,0,0,0,0,0
2025-12-15 01:20:34.639,SERVO_OUTPUT_RAW,2789809806,SERVO_OUTPUT_RAW,0,0,0,0,0,0,0,0,1000,1000,1000,1000,0,0,0,0,0
2025-12-15 01:20:34.739,SERVO_OUTPUT_RAW,2789909829,SERVO_OUTPUT_RAW,0,0,0,0,0,0,0,0,1000,1000,1000,1000,0,0,0,0,0
2025-12-15 01:20:34.839,SERVO_OUTPUT_RAW,2790009811,SERVO_OUTPUT_RAW,0,0,0,0,0,0,0,0,1000,1000,1000,1000,0,0,0,0,0
2025-12-15 01:20:34.940,SERVO_OUTPUT_RAW,2790109832,SERVO_OUTPUT_RAW,0,0,0,0,0,0,0,0,1000,1000,1000,1000,0,0,0,0,0
2025-12-15 01:20:35.039,SERVO_OUTPUT_RAW,2790209797,SERVO_OUTPUT_RAW,0,0,0,0,0,0,0,0,1000,1000,1000,1000,0,0,0,0,0
2025-12-15 01:20:35.140,SERVO_OUTPUT_RAW,2790309787,SERVO_OUTPUT_RAW,0,0,0,0,0,0,0,0,1000,1000,1000,1000,0,0,0,0,0
2025-12-15 01:20:35.240,SERVO_OUTPUT_RAW,2790409845,SERVO_OUTPUT_RAW,0,0,0,0,0,0,0,0,1000,1000,1000,1000,0,0,0,0,0
2025-12-15 01:20:35.339,SERVO_OUTPUT_RAW,2790509834,SERVO_OUTPUT_RAW,0,0,0,0,0,0,0,0,1000,1000,1000,1000,0,0,0,0,0
2025-12-15 01:20:35.439,SERVO_OUTPUT_RAW,2790609786,SERVO_OUTPUT_RAW,0,0,0,0,0,0,0,0,1000,1000,1000,1000,0,0,0,0,0
2025-12-15 01:20:35.540,SERVO_OUTPUT_RAW,2790709795,SERVO_OUTPUT_RAW,0,0,0,0,0,0,0,0,1000,1000,1000,1000,0,0,0,0,0
2025-12-15 01:20:35.640,SERVO_OUTPUT_RAW,2790809852,SERVO_OUTPUT_RAW,0,0,0,0,0,0,0,0,1000,1000,1000,1000,0,0,0,0,0
2025-12-15 01:20:35.739,SERVO_OUTPUT_RAW,2790909796,SERVO_OUTPUT_RAW,0,0,0,0,0,0,0,0,1000,1000,1000,1000,0,0,0,0,0
2025-12-15 01:20:35.839,SERVO_OUTPUT_RAW,2791009802,SERVO_OUTPUT_RAW,0,0,0,0,0,0,0,0,1000,1000,1000,1000,0,0,0,0,0
2025-12-15 01:20:35.939,SERVO_OUTPUT_RAW,2791109816,SERVO_OUTPUT_RAW,0,0,0,0,0,0,0,0,1000,1000,1000,1000,0,0,0,0,0
2025-12-15 01:20:36.039,SERVO_OUTPUT_RAW,2791209839,SERVO_OUTPUT_RAW,0,0,0,0,0,0,0,0,1000,1000,1000,1000,0,0,0,0,0
2025-12-15 01:20:36.139,SERVO_OUTPUT_RAW,2791309843,SERVO_OUTPUT_RAW,0,0,0,0,0,0,0,0,1000,1000,1000,1000,0,0,0,0,0
2025-12-15 01:20:36.239,SERVO_OUTPUT_RAW,2791409809,SERVO_OUTPUT_RAW,0,0,0,0,0,0,0,0,1000,1000,1000,1000,0,0,0,0,0
2025-12-15 01:20:36.340,SERVO_OUTPUT_RAW,2791509811,SERVO_OUTPUT_RAW,0,0,0,0,0,0,0,0,1000,1000,1000,1000,0,0,0,0,0
2025-12-15 01:20:36.440,SERVO_OUTPUT_RAW,2791609837,SERVO_OUTPUT_RAW,0,0,0,0,0,0,0,0,1000,1000,1000,1000,0,0,0,0,0
2025-12-15 01:20:36.539,SERVO_OUTPUT_RAW,2791709838,SERVO_OUTPUT_RAW,0,0,0,0,0,0,0,0,1000,1000,1000,1000,0,0,0,0,0
2025-12-15 01:20:36.639,SERVO_OUTPUT_RAW,2791809782,SERVO_OUTPUT_RAW,0,0,0,0,0,0,0,0,1000,1000,1000,1000,0,0,0,0,0
2025-12-15 01:20:36.740,SERVO_OUTPUT_RAW,2791909815,SERVO_OUTPUT_RAW,0,0,0,0,0,0,0,0,1000,1000,1000,1000,0,0,0,0,0
2025-12-15 01:20:36.840,SERVO_OUTPUT_RAW,2792009953,SERVO_OUTPUT_RAW,0,0,0,0,0,0,0,0,1000,1000,1000,1000,0,0,0,0,0
2025-12-15 01:20:36.939,SERVO_OUTPUT_RAW,2792109786,SERVO_OUTPUT_RAW,0,0,0,0,0,0,0,0,1000,1000,1000,1000,0,0,0,0,0
2025-12-15 01:20:37.040,SERVO_OUTPUT_RAW,2792209794,SERVO_OUTPUT_RAW,0,0,0,0,0,0,0,0,1000,1000,1000,1000,0,0,0,0,0
2025-12-15 01:20:37.140,SERVO_OUTPUT_RAW,2792309798,SERVO_OUTPUT_RAW,0,0,0,0,0,0,0,0,1000,1000,1000,1000,0,0,0,0,0
2025-12-15 01:20:37.240,SERVO_OUTPUT_RAW,2792409793,SERVO_OUTPUT_RAW,0,0,0,0,0,0,0,0,1000,1000,1000,1000,0,0,0,0,0
2025-12-15 01:20:37.340,SERVO_OUTPUT_RAW,2792509791,SERVO_OUTPUT_RAW,0,0,0,0,0,0,0,0,1000,1000,1000,1000,0,0,0,0,0
2025-12-15 01:20:37.439,SERVO_OUTPUT_RAW,2792609810,SERVO_OUTPUT_RAW,0,0,0,0,0,0,0,0,1000,1000,1000,1000,0,0,0,0,0
2025-12-15 01:20:37.539,SERVO_OUTPUT_RAW,2792709815,SERVO_OUTPUT_RAW,0,0,0,0,0,0,0,0,1000,1000,1000,1000,0,0,0,0,0
2025-12-15 01:20:37.640,SERVO_OUTPUT_RAW,2792809840,SERVO_OUTPUT_RAW,0,0,0,0,0,0,0,0,1000,1000,1000,1000,0,0,0,0,0
2025-12-15 01:20:37.740,SERVO_OUTPUT_RAW,2792912145,SERVO_OUTPUT_RAW,0,0,0,0,0,0,0,0,1000,1000,1000,1000,0,0,0,0,0
2025-12-15 01:20:37.839,SERVO_OUTPUT_RAW,2793009797,SERVO_OUTPUT_RAW,0,0,0,0,0,0,0,0,1000,1000,1000,1000,0,0,0,0,0
2025-12-15 01:20:37.940,SERVO_OUTPUT_RAW,2793109821,SERVO_OUTPUT_RAW,0,0,0,0,0,0,0,0,1000,1000,1000,1000,0,0,0,0,0
2025-12-15 01:20:38.040,SERVO_OUTPUT_RAW,2793209838,SERVO_OUTPUT_RAW,0,0,0,0,0,0,0,0,1000,1000,1000,1000,0,0,0,0,0
2025-12-15 01:20:38.140,SERVO_OUTPUT_RAW,2793309792,SERVO_OUTPUT_RAW,0,0,0,0,0,0,0,0,1000,1000,1000,1000,0,0,0,0,0
2025-12-15 01:20:38.239,SERVO_OUTPUT_RAW,2793409791,SERVO_OUTPUT_RAW,0,0,0,0,0,0,0,0,1000,1000,1000,1000,0,0,0,0,0
2025-12-15 01:20:38.339,SERVO_OUTPUT_RAW,2793509808,SERVO_OUTPUT_RAW,0,0,0,0,0,0,0,0,1000,1000,1000,1000,0,0,0,0,0
2025-12-15 01:20:38.440,SERVO_OUTPUT_RAW,2793609813,SERVO_OUTPUT_RAW,0,0,0,0,0,0,0,0,1000,1000,1000,1000,0,0,0,0,0
2025-12-15 01:20:38.539,SERVO_OUTPUT_RAW,2793709776,SERVO_OUTPUT_RAW,0,0,0,0,0,0,0,0,1000,1000,1000,1000,0,0,0,0,0
2025-12-15 01:20:38.641,SERVO_OUTPUT_RAW,2793809791,SERVO_OUTPUT_RAW,0,0,0,0,0,0,0,0,1000,1000,1000,1000,0,0,0,0,0
2025-12-15 01:20:38.739,SERVO_OUTPUT_RAW,2793909805,SERVO_OUTPUT_RAW,0,0,0,0,0,0,0,0,1000,1000,1000,1000,0,0,0,0,0
2025-12-15 01:20:38.839,SERVO_OUTPUT_RAW,2794009781,SERVO_OUTPUT_RAW,0,0,0,0,0,0,0,0,1000,1000,1000,1000,0,0,0,0,0
2025-12-15 01:20:38.939,SERVO_OUTPUT_RAW,2794109786,SERVO_OUTPUT_RAW,0,0,0,0,0,0,0,0,1000,1000,1000,1000,0,0,0,0,0
2025-12-15 01:20:39.039,SERVO_OUTPUT_RAW,2794209803,SERVO_OUTPUT_RAW,0,0,0,0,0,0,0,0,1000,1000,1000,1000,0,0,0,0,0
2025-12-15 01:20:39.139,SERVO_OUTPUT_RAW,2794309806,SERVO_OUTPUT_RAW,0,0,0,0,0,0,0,0,1000,1000,1000,1000,0,0,0,0,0
2025-12-15 01:20:39.239,SERVO_OUTPUT_RAW,2794409850,SERVO_OUTPUT_RAW,0,0,0,0,0,0,0,0,1000,1000,1000,1000,0,0,0,0,0
2025-12-15 01:20:39.339,SERVO_OUTPUT_RAW,2794509809,SERVO_OUTPUT_RAW,0,0,0,0,0,0,0,0,1000,1000,1000,1000,0,0,0,0,0
2025-12-15 01:20:39.439,SERVO_OUTPUT_RAW,2794609809,SERVO_OUTPUT_RAW,0,0,0,0,0,0,0,0,1000,1000,1000,1000,0,0,0,0,0
2025-12-15 01:20:39.539,SERVO_OUTPUT_RAW,2794709841,SERVO_OUTPUT_RAW,0,0,0,0,0,0,0,0,1000,1000,1000,1000,0,0,0,0,0
2025-12-15 01:20:39.639,SERVO_OUTPUT_RAW,2794809845,SERVO_OUTPUT_RAW,0,0,0,0,0,0,0,0,1000,1000,1000,1000,0,0,0,0,0
2025-12-15 01:20:39.739,SERVO_OUTPUT_RAW,2794909872,SERVO_OUTPUT_RAW,0,0,0,0,0,0,0,0,1000,1000,1000,1000,0,0,0,0,0
2025-12-15 01:20:39.839,SERVO_OUTPUT_RAW,2795009912,SERVO_OUTPUT_RAW,0,0,0,0,0,0,0,0,1000,1000,1000,1000,0,0,0,0,0
2025-12-15 01:20:39.944,SERVO_OUTPUT_RAW,2795109813,SERVO_OUTPUT_RAW,0,0,0,0,0,0,0,0,1000,1000,1000,1000,0,0,0,0,0
2025-12-15 01:20:40.039,SERVO_OUTPUT_RAW,2795209814,SERVO_OUTPUT_RAW,0,0,0,0,0,0,0,0,1000,1000,1000,1000,0,0,0,0,0
2025-12-15 01:20:40.138,SERVO_OUTPUT_RAW,2795309789,SERVO_OUTPUT_RAW,0,0,0,0,0,0,0,0,1000,1000,1000,1000,0,0,0,0,0
2025-12-15 01:20:40.239,SERVO_OUTPUT_RAW,2795409783,SERVO_OUTPUT_RAW,0,0,0,0,0,0,0,0,1000,1000,1000,1000,0,0,0,0,0
2025-12-15 01:20:40.339,SERVO_OUTPUT_RAW,2795509797,SERVO_OUTPUT_RAW,0,0,0,0,0,0,0,0,1000,1000,1000,1000,0,0,0,0,0
2025-12-15 01:20:40.439,SERVO_OUTPUT_RAW,2795609800,SERVO_OUTPUT_RAW,0,0,0,0,0,0,0,0,1000,1000,1000,1000,0,0,0,0,0
2025-12-15 01:20:40.539,SERVO_OUTPUT_RAW,2795709788,SERVO_OUTPUT_RAW,0,0,0,0,0,0,0,0,1000,1000,1000,1000,0,0,0,0,0
2025-12-15 01:20:40.639,SERVO_OUTPUT_RAW,2795809820,SERVO_OUTPUT_RAW,0,0,0,0,0,0,0,0,1000,1000,1000,1000,0,0,0,0,0
2025-12-15 01:20:40.739,SERVO_OUTPUT_RAW,2795909848,SERVO_OUTPUT_RAW,0,0,0,0,0,0,0,0,1000,1000,1000,1000,0,0,0,0,0
2025-12-15 01:20:40.839,SERVO_OUTPUT_RAW,2796009818,SERVO_OUTPUT_RAW,0,0,0,0,0,0,0,0,1000,1000,1000,1000,0,0,0,0,0
2025-12-15 01:20:40.939,SERVO_OUTPUT_RAW,2796109790,SERVO_OUTPUT_RAW,0,0,0,0,0,0,0,0,1000,1000,1000,1000,0,0,0,0,0
2025-12-15 01:20:41.039,SERVO_OUTPUT_RAW,2796209824,SERVO_OUTPUT_RAW,0,0,0,0,0,0,0,0,1000,1000,1000,1000,0,0,0,0,0
2025-12-15 01:20:41.140,SERVO_OUTPUT_RAW,2796309850,SERVO_OUTPUT_RAW,0,0,0,0,0,0,0,0,1000,1000,1000,1000,0,0,0,0,0
2025-12-15 01:20:41.239,SERVO_OUTPUT_RAW,2796409848,SERVO_OUTPUT_RAW,0,0,0,0,0,0,0,0,1000,1000,1000,1000,0,0,0,0,0
2025-12-15 01:20:41.339,SERVO_OUTPUT_RAW,2796509788,SERVO_OUTPUT_RAW,0,0,0,0,0,0,0,0,1000,1000,1000,1000,0,0,0,0,0
2025-12-15 01:20:41.440,SERVO_OUTPUT_RAW,2796609808,SERVO_OUTPUT_RAW,0,0,0,0,0,0,0,0,1000,1000,1000,1000,0,0,0,0,0
2025-12-15 01:20:41.539,SERVO_OUTPUT_RAW,2796709812,SERVO_OUTPUT_RAW,0,0,0,0,0,0,0,0,1000,1000,1000,1000,0,0,0,0,0
2025-12-15 01:20:41.639,SERVO_OUTPUT_RAW,2796809782,SERVO_OUTPUT_RAW,0,0,0,0,0,0,0,0,1000,1000,1000,1000,0,0,0,0,0
2025-12-15 01:20:41.740,SERVO_OUTPUT_RAW,2796909792,SERVO_OUTPUT_RAW,0,0,0,0,0,0,0,0,1000,1000,1000,1000,0,0,0,0,0
2025-12-15 01:20:41.839,SERVO_OUTPUT_RAW,2797009781,SERVO_OUTPUT_RAW,0,0,0,0,0,0,0,0,1000,1000,1000,1000,0,0,0,0,0
2025-12-15 01:20:41.939,SERVO_OUTPUT_RAW,2797109843,SERVO_OUTPUT_RAW,0,0,0,0,0,0,0,0,1000,1000,1000,1000,0,0,0,0,0
2025-12-15 01:20:42.039,SERVO_OUTPUT_RAW,2797212110,SERVO_OUTPUT_RAW,0,0,0,0,0,0,0,0,1000,1000,1000,1000,0,0,0,0,0
2025-12-15 01:20:42.139,SERVO_OUTPUT_RAW,2797309789,SERVO_OUTPUT_RAW,0,0,0,0,0,0,0,0,1000,1000,1000,1000,0,0,0,0,0
2025-12-15 01:20:42.240,SERVO_OUTPUT_RAW,2797409865,SERVO_OUTPUT_RAW,0,0,0,0,0,0,0,0,1000,1000,1000,1000,0,0,0,0,0
2025-12-15 01:20:42.339,SERVO_OUTPUT_RAW,2797509843,SERVO_OUTPUT_RAW,0,0,0,0,0,0,0,0,1000,1000,1000,1000,0,0,0,0,0
2025-12-15 01:20:42.441,SERVO_OUTPUT_RAW,2797609807,SERVO_OUTPUT_RAW,0,0,0,0,0,0,0,0,1000,1000,1000,1000,0,0,0,0,0
2025-12-15 01:20:42.539,SERVO_OUTPUT_RAW,2797709818,SERVO_OUTPUT_RAW,0,0,0,0,0,0,0,0,1000,1000,1000,1000,0,0,0,0,0
2025-12-15 01:20:42.639,SERVO_OUTPUT_RAW,2797809847,SERVO_OUTPUT_RAW,0,0,0,0,0,0,0,0,1000,1000,1000,1000,0,0,0,0,0
2025-12-15 01:20:42.739,SERVO_OUTPUT_RAW,2797909851,SERVO_OUTPUT_RAW,0,0,0,0,0,0,0,0,1000,1000,1000,1000,0,0,0,0,0
2025-12-15 01:20:42.839,SERVO_OUTPUT_RAW,2798009813,SERVO_OUTPUT_RAW,0,0,0,0,0,0,0,0,1000,1000,1000,1000,0,0,0,0,0
2025-12-15 01:20:42.940,SERVO_OUTPUT_RAW,2798109808,SERVO_OUTPUT_RAW,0,0,0,0,0,0,0,0,1000,1000,1000,1000,0,0,0,0,0
2025-12-15 01:20:43.040,SERVO_OUTPUT_RAW,2798209825,SERVO_OUTPUT_RAW,0,0,0,0,0,0,0,0,1000,1000,1000,1000,0,0,0,0,0
2025-12-15 01:20:43.139,SERVO_OUTPUT_RAW,2798309836,SERVO_OUTPUT_RAW,0,0,0,0,0,0,0,0,1000,1000,1000,1000,0,0,0,0,0
2025-12-15 01:20:43.239,SERVO_OUTPUT_RAW,2798409820,SERVO_OUTPUT_RAW,0,0,0,0,0,0,0,0,1000,1000,1000,1000,0,0,0,0,0
2025-12-15 01:20:43.339,SERVO_OUTPUT_RAW,2798509789,SERVO_OUTPUT_RAW,0,0,0,0,0,0,0,0,1000,1000,1000,1000,0,0,0,0,0
2025-12-15 01:20:43.439,SERVO_OUTPUT_RAW,2798609783,SERVO_OUTPUT_RAW,0,0,0,0,0,0,0,0,1000,1000,1000,1000,0,0,0,0,0
2025-12-15 01:20:43.539,SERVO_OUTPUT_RAW,2798709782,SERVO_OUTPUT_RAW,0,0,0,0,0,0,0,0,1000,1000,1000,1000,0,0,0,0,0
2025-12-15 01:20:43.639,SERVO_OUTPUT_RAW,2798809802,SERVO_OUTPUT_RAW,0,0,0,0,0,0,0,0,1000,1000,1000,1000,0,0,0,0,0
2025-12-15 01:20:43.739,SERVO_OUTPUT_RAW,2798909808,SERVO_OUTPUT_RAW,0,0,0,0,0,0,0,0,1000,1000,1000,1000,0,0,0,0,0
2025-12-15 01:20:43.839,SERVO_OUTPUT_RAW,2799009825,SERVO_OUTPUT_RAW,0,0,0,0,0,0,0,0,1000,1000,1000,1000,0,0,0,0,0
2025-12-15 01:20:43.939,SERVO_OUTPUT_RAW,2799109789,SERVO_OUTPUT_RAW,0,0,0,0,0,0,0,0,1000,1000,1000,1000,0,0,0,0,0
2025-12-15 01:20:44.039,SERVO_OUTPUT_RAW,2799209816,SERVO_OUTPUT_RAW,0,0,0,0,0,0,0,0,1000,1000,1000,1000,0,0,0,0,0
2025-12-15 01:20:44.139,SERVO_OUTPUT_RAW,2799309827,SERVO_OUTPUT_RAW,0,0,0,0,0,0,0,0,1000,1000,1000,1000,0,0,0,0,0
2025-12-15 01:20:44.239,SERVO_OUTPUT_RAW,2799409850,SERVO_OUTPUT_RAW,0,0,0,0,0,0,0,0,1000,1000,1000,1000,0,0,0,0,0
2025-12-15 01:20:44.339,SERVO_OUTPUT_RAW,2799509838,SERVO_OUTPUT_RAW,0,0,0,0,0,0,0,0,1000,1000,1000,1000,0,0,0,0,0
2025-12-15 01:20:44.439,SERVO_OUTPUT_RAW,2799609797,SERVO_OUTPUT_RAW,0,0,0,0,0,0,0,0,1000,1000,1000,1000,0,0,0,0,0
2025-12-15 01:20:44.539,SERVO_OUTPUT_RAW,2799709813,SERVO_OUTPUT_RAW,0,0,0,0,0,0,0,0,1000,1000,1000,1000,0,0,0,0,0
2025-12-15 01:20:44.639,SERVO_OUTPUT_RAW,2799809815,SERVO_OUTPUT_RAW,0,0,0,0,0,0,0,0,1000,1000,1000,1000,0,0,0,0,0
2025-12-15 01:20:44.740,SERVO_OUTPUT_RAW,2799909783,SERVO_OUTPUT_RAW,0,0,0,0,0,0,0,0,1000,1000,1000,1000,0,0,0,0,0
2025-12-15 01:20:44.839,SERVO_OUTPUT_RAW,2800009788,SERVO_OUTPUT_RAW,0,0,0,0,0,0,0,0,1000,1000,1000,1000,0,0,0,0,0
2025-12-15 01:20:44.940,SERVO_OUTPUT_RAW,2800109818,SERVO_OUTPUT_RAW,0,0,0,0,0,0,0,0,1000,1000,1000,1000,0,0,0,0,0
2025-12-15 01:20:45.040,SERVO_OUTPUT_RAW,2800209779,SERVO_OUTPUT_RAW,0,0,0,0,0,0,0,0,1000,1000,1000,1000,0,0,0,0,0
2025-12-15 01:20:45.140,SERVO_OUTPUT_RAW,2800309780,SERVO_OUTPUT_RAW,0,0,0,0,0,0,0,0,1000,1000,1000,1000,0,0,0,0,0
2025-12-15 01:20:45.240,SERVO_OUTPUT_RAW,2800409783,SERVO_OUTPUT_RAW,0,0,0,0,0,0,0,0,1000,1000,1000,1000,0,0,0,0,0
2025-12-15 01:20:45.340,SERVO_OUTPUT_RAW,2800509820,SERVO_OUTPUT_RAW,0,0,0,0,0,0,0,0,1000,1000,1000,1000,0,0,0,0,0
2025-12-15 01:20:45.440,SERVO_OUTPUT_RAW,2800609848,SERVO_OUTPUT_RAW,0,0,0,0,0,0,0,0,1000,1000,1000,1000,0,0,0,0,0
2025-12-15 01:20:45.540,SERVO_OUTPUT_RAW,2800712139,SERVO_OUTPUT_RAW,0,0,0,0,0,0,0,0,1000,1000,1000,1000,0,0,0,0,0
2025-12-15 01:20:45.640,SERVO_OUTPUT_RAW,2800809800,SERVO_OUTPUT_RAW,0,0,0,0,0,0,0,0,1000,1000,1000,1000,0,0,0,0,0
2025-12-15 01:20:45.740,SERVO_OUTPUT_RAW,2800909821,SERVO_OUTPUT_RAW,0,0,0,0,0,0,0,0,1000,1000,1000,1000,0,0,0,0,0
2025-12-15 01:20:45.840,SERVO_OUTPUT_RAW,2801009860,SERVO_OUTPUT_RAW,0,0,0,0,0,0,0,0,1000,1000,1000,1000,0,0,0,0,0
2025-12-15 01:20:45.940,SERVO_OUTPUT_RAW,2801109853,SERVO_OUTPUT_RAW,0,0,0,0,0,0,0,0,1000,1000,1000,1000,0,0,0,0,0
2025-12-15 01:20:46.040,SERVO_OUTPUT_RAW,2801209784,SERVO_OUTPUT_RAW,0,0,0,0,0,0,0,0,1000,1000,1000,1000,0,0,0,0,0
2025-12-15 01:20:46.140,SERVO_OUTPUT_RAW,2801309928,SERVO_OUTPUT_RAW,0,0,0,0,0,0,0,0,1000,1000,1000,1000,0,0,0,0,0
2025-12-15 01:20:46.240,SERVO_OUTPUT_RAW,2801409823,SERVO_OUTPUT_RAW,0,0,0,0,0,0,0,0,1000,1000,1000,1000,0,0,0,0,0
2025-12-15 01:20:46.340,SERVO_OUTPUT_RAW,2801509781,SERVO_OUTPUT_RAW,0,0,0,0,0,0,0,0,1000,1000,1000,1000,0,0,0,0,0
2025-12-15 01:20:46.440,SERVO_OUTPUT_RAW,2801609772,SERVO_OUTPUT_RAW,0,0,0,0,0,0,0,0,1000,1000,1000,1000,0,0,0,0,0
2025-12-15 01:20:46.540,SERVO_OUTPUT_RAW,2801709798,SERVO_OUTPUT_RAW,0,0,0,0,0,0,0,0,1000,1000,1000,1000,0,0,0,0,0
2025-12-15 01:20:46.640,SERVO_OUTPUT_RAW,2801809785,SERVO_OUTPUT_RAW,0,0,0,0,0,0,0,0,1000,1000,1000,1000,0,0,0,0,0
2025-12-15 01:20:46.740,SERVO_OUTPUT_RAW,2801909789,SERVO_OUTPUT_RAW,0,0,0,0,0,0,0,0,1000,1000,1000,1000,0,0,0,0,0
2025-12-15 01:20:46.840,SERVO_OUTPUT_RAW,2802009816,SERVO_OUTPUT_RAW,0,0,0,0,0,0,0,0,1000,1000,1000,1000,0,0,0,0,0
2025-12-15 01:20:46.940,SERVO_OUTPUT_RAW,2802109826,SERVO_OUTPUT_RAW,0,0,0,0,0,0,0,0,1000,1000,1000,1000,0,0,0,0,0
2025-12-15 01:20:47.040,SERVO_OUTPUT_RAW,2802209841,SERVO_OUTPUT_RAW,0,0,0,0,0,0,0,0,1000,1000,1000,1000,0,0,0,0,0
2025-12-15 01:20:47.140,SERVO_OUTPUT_RAW,2802309813,SERVO_OUTPUT_RAW,0,0,0,0,0,0,0,0,1000,1000,1000,1000,0,0,0,0,0
2025-12-15 01:20:47.240,SERVO_OUTPUT_RAW,2802409820,SERVO_OUTPUT_RAW,0,0,0,0,0,0,0,0,1000,1000,1000,1000,0,0,0,0,0
2025-12-15 01:20:47.340,SERVO_OUTPUT_RAW,2802509844,SERVO_OUTPUT_RAW,0,0,0,0,0,0,0,0,1000,1000,1000,1000,0,0,0,0,0
2025-12-15 01:20:47.441,SERVO_OUTPUT_RAW,2802609860,SERVO_OUTPUT_RAW,0,0,0,0,0,0,0,0,1000,1000,1000,1000,0,0,0,0,0
2025-12-15 01:20:47.540,SERVO_OUTPUT_RAW,2802709780,SERVO_OUTPUT_RAW,0,0,0,0,0,0,0,0,1000,1000,1000,1000,0,0,0,0,0
2025-12-15 01:20:47.640,SERVO_OUTPUT_RAW,2802809825,SERVO_OUTPUT_RAW,0,0,0,0,0,0,0,0,1000,1000,1000,1000,0,0,0,0,0
2025-12-15 01:20:47.740,SERVO_OUTPUT_RAW,2802909825,SERVO_OUTPUT_RAW,0,0,0,0,0,0,0,0,1000,1000,1000,1000,0,0,0,0,0
2025-12-15 01:20:47.840,SERVO_OUTPUT_RAW,2803009835,SERVO_OUTPUT_RAW,0,0,0,0,0,0,0,0,1000,1000,1000,1000,0,0,0,0,0
2025-12-15 01:20:47.940,SERVO_OUTPUT_RAW,2803109781,SERVO_OUTPUT_RAW,0,0,0,0,0,0,0,0,1000,1000,1000,1000,0,0,0,0,0
2025-12-15 01:20:48.039,SERVO_OUTPUT_RAW,2803209784,SERVO_OUTPUT_RAW,0,0,0,0,0,0,0,0,1000,1000,1000,1000,0,0,0,0,0
2025-12-15 01:20:48.139,SERVO_OUTPUT_RAW,2803309789,SERVO_OUTPUT_RAW,0,0,0,0,0,0,0,0,1000,1000,1000,1000,0,0,0,0,0
2025-12-15 01:20:48.239,SERVO_OUTPUT_RAW,2803409847,SERVO_OUTPUT_RAW,0,0,0,0,0,0,0,0,1000,1000,1000,1000,0,0,0,0,0
2025-12-15 01:20:48.339,SERVO_OUTPUT_RAW,2803509776,SERVO_OUTPUT_RAW,0,0,0,0,0,0,0,0,1000,1000,1000,1000,0,0,0,0,0
2025-12-15 01:20:48.440,SERVO_OUTPUT_RAW,2803609844,SERVO_OUTPUT_RAW,0,0,0,0,0,0,0,0,1000,1000,1000,1000,0,0,0,0,0
2025-12-15 01:20:48.539,SERVO_OUTPUT_RAW,2803709846,SERVO_OUTPUT_RAW,0,0,0,0,0,0,0,0,1000,1000,1000,1000,0,0,0,0,0
2025-12-15 01:20:48.639,SERVO_OUTPUT_RAW,2803809854,SERVO_OUTPUT_RAW,0,0,0,0,0,0,0,0,1000,1000,1000,1000,0,0,0,0,0
2025-12-15 01:20:48.739,SERVO_OUTPUT_RAW,2803909830,SERVO_OUTPUT_RAW,0,0,0,0,0,0,0,0,1000,1000,1000,1000,0,0,0,0,0
2025-12-15 01:20:48.839,SERVO_OUTPUT_RAW,2804009835,SERVO_OUTPUT_RAW,0,0,0,0,0,0,0,0,1000,1000,1000,1000,0,0,0,0,0
2025-12-15 01:20:48.939,SERVO_OUTPUT_RAW,2804109840,SERVO_OUTPUT_RAW,0,0,0,0,0,0,0,0,1000,1000,1000,1000,0,0,0,0,0
2025-12-15 01:20:49.039,SERVO_OUTPUT_RAW,2804209845,SERVO_OUTPUT_RAW,0,0,0,0,0,0,0,0,1000,1000,1000,1000,0,0,0,0,0
2025-12-15 01:20:49.140,SERVO_OUTPUT_RAW,2804309790,SERVO_OUTPUT_RAW,0,0,0,0,0,0,0,0,1000,1000,1000,1000,0,0,0,0,0
2025-12-15 01:20:49.239,SERVO_OUTPUT_RAW,2804409817,SERVO_OUTPUT_RAW,0,0,0,0,0,0,0,0,1000,1000,1000,1000,0,0,0,0,0
2025-12-15 01:20:49.339,SERVO_OUTPUT_RAW,2804509805,SERVO_OUTPUT_RAW,0,0,0,0,0,0,0,0,1000,1000,1000,1000,0,0,0,0,0
2025-12-15 01:20:49.439,SERVO_OUTPUT_RAW,2804609824,SERVO_OUTPUT_RAW,0,0,0,0,0,0,0,0,1000,1000,1000,1000,0,0,0,0,0
2025-12-15 01:20:49.539,SERVO_OUTPUT_RAW,2804709780,SERVO_OUTPUT_RAW,0,0,0,0,0,0,0,0,1000,1000,1000,1000,0,0,0,0,0
2025-12-15 01:20:49.639,SERVO_OUTPUT_RAW,2804809785,SERVO_OUTPUT_RAW,0,0,0,0,0,0,0,0,1000,1000,1000,1000,0,0,0,0,0
2025-12-15 01:20:49.739,SERVO_OUTPUT_RAW,2804909776,SERVO_OUTPUT_RAW,0,0,0,0,0,0,0,0,1000,1000,1000,1000,0,0,0,0,0
2025-12-15 01:20:49.839,SERVO_OUTPUT_RAW,2805009787,SERVO_OUTPUT_RAW,0,0,0,0,0,0,0,0,1000,1000,1000,1000,0,0,0,0,0
2025-12-15 01:20:49.940,SERVO_OUTPUT_RAW,2805109820,SERVO_OUTPUT_RAW,0,0,0,0,0,0,0,0,1000,1000,1000,1000,0,0,0,0,0
2025-12-15 01:20:50.039,SERVO_OUTPUT_RAW,2805209831,SERVO_OUTPUT_RAW,0,0,0,0,0,0,0,0,1000,1000,1000,1000,0,0,0,0,0
2025-12-15 01:20:50.139,SERVO_OUTPUT_RAW,2805309802,SERVO_OUTPUT_RAW,0,0,0,0,0,0,0,0,1000,1000,1000,1000,0,0,0,0,0
2025-12-15 01:20:50.239,SERVO_OUTPUT_RAW,2805409812,SERVO_OUTPUT_RAW,0,0,0,0,0,0,0,0,1000,1000,1000,1000,0,0,0,0,0
2025-12-15 01:20:50.339,SERVO_OUTPUT_RAW,2805509842,SERVO_OUTPUT_RAW,0,0,0,0,0,0,0,0,1000,1000,1000,1000,0,0,0,0,0
2025-12-15 01:20:50.439,SERVO_OUTPUT_RAW,2805609838,SERVO_OUTPUT_RAW,0,0,0,0,0,0,0,0,1000,1000,1000,1000,0,0,0,0,0
2025-12-15 01:20:50.539,SERVO_OUTPUT_RAW,2805709835,SERVO_OUTPUT_RAW,0,0,0,0,0,0,0,0,1000,1000,1000,1000,0,0,0,0,0
2025-12-15 01:20:50.639,SERVO_OUTPUT_RAW,2805809843,SERVO_OUTPUT_RAW,0,0,0,0,0,0,0,0,1000,1000,1000,1000,0,0,0,0,0
2025-12-15 01:20:50.739,SERVO_OUTPUT_RAW,2805909800,SERVO_OUTPUT_RAW,0,0,0,0,0,0,0,0,1000,1000,1000,1000,0,0,0,0,0
2025-12-15 01:20:50.839,SERVO_OUTPUT_RAW,2806009815,SERVO_OUTPUT_RAW,0,0,0,0,0,0,0,0,1000,1000,1000,1000,0,0,0,0,0
2025-12-15 01:20:50.940,SERVO_OUTPUT_RAW,2806109820,SERVO_OUTPUT_RAW,0,0,0,0,0,0,0,0,1000,1000,1000,1000,0,0,0,0,0
2025-12-15 01:20:51.039,SERVO_OUTPUT_RAW,2806209779,SERVO_OUTPUT_RAW,0,0,0,0,0,0,0,0,1000,1000,1000,1000,0,0,0,0,0
2025-12-15 01:20:51.139,SERVO_OUTPUT_RAW,2806309804,SERVO_OUTPUT_RAW,0,0,0,0,0,0,0,0,1000,1000,1000,1000,0,0,0,0,0
2025-12-15 01:20:51.239,SERVO_OUTPUT_RAW,2806409807,SERVO_OUTPUT_RAW,0,0,0,0,0,0,0,0,1000,1000,1000,1000,0,0,0,0,0
2025-12-15 01:20:51.340,SERVO_OUTPUT_RAW,2806509800,SERVO_OUTPUT_RAW,0,0,0,0,0,0,0,0,1000,1000,1000,1000,0,0,0,0,0
2025-12-15 01:20:51.439,SERVO_OUTPUT_RAW,2806609789,SERVO_OUTPUT_RAW,0,0,0,0,0,0,0,0,1000,1000,1000,1000,0,0,0,0,0
2025-12-15 01:20:51.539,SERVO_OUTPUT_RAW,2806709806,SERVO_OUTPUT_RAW,0,0,0,0,0,0,0,0,1000,1000,1000,1000,0,0,0,0,0
2025-12-15 01:20:51.639,SERVO_OUTPUT_RAW,2806809844,SERVO_OUTPUT_RAW,0,0,0,0,0,0,0,0,1000,1000,1000,1000,0,0,0,0,0
2025-12-15 01:20:51.739,SERVO_OUTPUT_RAW,2806909861,SERVO_OUTPUT_RAW,0,0,0,0,0,0,0,0,1000,1000,1000,1000,0,0,0,0,0
2025-12-15 01:20:51.839,SERVO_OUTPUT_RAW,2807009779,SERVO_OUTPUT_RAW,0,0,0,0,0,0,0,0,1000,1000,1000,1000,0,0,0,0,0
2025-12-15 01:20:51.940,SERVO_OUTPUT_RAW,2807109822,SERVO_OUTPUT_RAW,0,0,0,0,0,0,0,0,1000,1000,1000,1000,0,0,0,0,0
2025-12-15 01:20:52.039,SERVO_OUTPUT_RAW,2807209829,SERVO_OUTPUT_RAW,0,0,0,0,0,0,0,0,1000,1000,1000,1000,0,0,0,0,0
2025-12-15 01:20:52.139,SERVO_OUTPUT_RAW,2807309864,SERVO_OUTPUT_RAW,0,0,0,0,0,0,0,0,1000,1000,1000,1000,0,0,0,0,0
2025-12-15 01:20:52.239,SERVO_OUTPUT_RAW,2807409796,SERVO_OUTPUT_RAW,0,0,0,0,0,0,0,0,1000,1000,1000,1000,0,0,0,0,0
2025-12-15 01:20:52.340,SERVO_OUTPUT_RAW,2807509818,SERVO_OUTPUT_RAW,0,0,0,0,0,0,0,0,1000,1000,1000,1000,0,0,0,0,0
2025-12-15 01:20:52.439,SERVO_OUTPUT_RAW,2807609867,SERVO_OUTPUT_RAW,0,0,0,0,0,0,0,0,1000,1000,1000,1000,0,0,0,0,0
2025-12-15 01:20:52.540,SERVO_OUTPUT_RAW,2807709818,SERVO_OUTPUT_RAW,0,0,0,0,0,0,0,0,1000,1000,1000,1000,0,0,0,0,0
2025-12-15 01:20:52.640,SERVO_OUTPUT_RAW,2807809792,SERVO_OUTPUT_RAW,0,0,0,0,0,0,0,0,1000,1000,1000,1000,0,0,0,0,0
2025-12-15 01:20:52.740,SERVO_OUTPUT_RAW,2807909780,SERVO_OUTPUT_RAW,0,0,0,0,0,0,0,0,1000,1000,1000,1000,0,0,0,0,0
2025-12-15 01:20:52.840,SERVO_OUTPUT_RAW,2808009800,SERVO_OUTPUT_RAW,0,0,0,0,0,0,0,0,1000,1000,1000,1000,0,0,0,0,0
2025-12-15 01:20:52.940,SERVO_OUTPUT_RAW,2808109787,SERVO_OUTPUT_RAW,0,0,0,0,0,0,0,0,1000,1000,1000,1000,0,0,0,0,0
2025-12-15 01:20:53.040,SERVO_OUTPUT_RAW,2808209803,SERVO_OUTPUT_RAW,0,0,0,0,0,0,0,0,1000,1000,1000,1000,0,0,0,0,0
2025-12-15 01:20:53.140,SERVO_OUTPUT_RAW,2808309821,SERVO_OUTPUT_RAW,0,0,0,0,0,0,0,0,1000,1000,1000,1000,0,0,0,0,0
2025-12-15 01:20:53.240,SERVO_OUTPUT_RAW,2808409784,SERVO_OUTPUT_RAW,0,0,0,0,0,0,0,0,1000,1000,1000,1000,0,0,0,0,0
2025-12-15 01:20:53.340,SERVO_OUTPUT_RAW,2808509806,SERVO_OUTPUT_RAW,0,0,0,0,0,0,0,0,1000,1000,1000,1000,0,0,0,0,0
2025-12-15 01:20:53.440,SERVO_OUTPUT_RAW,2808609787,SERVO_OUTPUT_RAW,0,0,0,0,0,0,0,0,1000,1000,1000,1000,0,0,0,0,0
2025-12-15 01:20:53.540,SERVO_OUTPUT_RAW,2808709838,SERVO_OUTPUT_RAW,0,0,0,0,0,0,0,0,1000,1000,1000,1000,0,0,0,0,0
2025-12-15 01:20:53.640,SERVO_OUTPUT_RAW,2808809881,SERVO_OUTPUT_RAW,0,0,0,0,0,0,0,0,1000,1000,1000,1000,0,0,0,0,0
2025-12-15 01:20:53.740,SERVO_OUTPUT_RAW,2808909779,SERVO_OUTPUT_RAW,0,0,0,0,0,0,0,0,1000,1000,1000,1000,0,0,0,0,0
2025-12-15 01:20:53.840,SERVO_OUTPUT_RAW,2809009788,SERVO_OUTPUT_RAW,0,0,0,0,0,0,0,0,1000,1000,1000,1000,0,0,0,0,0
2025-12-15 01:20:53.940,SERVO_OUTPUT_RAW,2809109831,SERVO_OUTPUT_RAW,0,0,0,0,0,0,0,0,1000,1000,1000,1000,0,0,0,0,0
2025-12-15 01:20:54.040,SERVO_OUTPUT_RAW,2809209815,SERVO_OUTPUT_RAW,0,0,0,0,0,0,0,0,1000,1000,1000,1000,0,0,0,0,0
2025-12-15 01:20:54.140,SERVO_OUTPUT_RAW,2809309794,SERVO_OUTPUT_RAW,0,0,0,0,0,0,0,0,1000,1000,1000,1000,0,0,0,0,0
2025-12-15 01:20:54.240,SERVO_OUTPUT_RAW,2809409803,SERVO_OUTPUT_RAW,0,0,0,0,0,0,0,0,1000,1000,1000,1000,0,0,0,0,0
2025-12-15 01:20:54.340,SERVO_OUTPUT_RAW,2809509795,SERVO_OUTPUT_RAW,0,0,0,0,0,0,0,0,1000,1000,1000,1000,0,0,0,0,0
2025-12-15 01:20:54.440,SERVO_OUTPUT_RAW,2809609779,SERVO_OUTPUT_RAW,0,0,0,0,0,0,0,0,1000,1000,1000,1000,0,0,0,0,0
2025-12-15 01:20:54.540,SERVO_OUTPUT_RAW,2809709852,SERVO_OUTPUT_RAW,0,0,0,0,0,0,0,0,1000,1000,1000,1000,0,0,0,0,0
2025-12-15 01:20:54.640,SERVO_OUTPUT_RAW,2809812139,SERVO_OUTPUT_RAW,0,0,0,0,0,0,0,0,1000,1000,1000,1000,0,0,0,0,0
2025-12-15 01:20:54.740,SERVO_OUTPUT_RAW,2809909844,SERVO_OUTPUT_RAW,0,0,0,0,0,0,0,0,1000,1000,1000,1000,0,0,0,0,0
2025-12-15 01:20:54.840,SERVO_OUTPUT_RAW,2810009854,SERVO_OUTPUT_RAW,0,0,0,0,0,0,0,0,1000,1000,1000,1000,0,0,0,0,0
2025-12-15 01:20:54.942,SERVO_OUTPUT_RAW,2810109788,SERVO_OUTPUT_RAW,0,0,0,0,0,0,0,0,1000,1000,1000,1000,0,0,0,0,0
2025-12-15 01:20:55.040,SERVO_OUTPUT_RAW,2810209806,SERVO_OUTPUT_RAW,0,0,0,0,0,0,0,0,1000,1000,1000,1000,0,0,0,0,0
2025-12-15 01:20:55.140,SERVO_OUTPUT_RAW,2810309831,SERVO_OUTPUT_RAW,0,0,0,0,0,0,0,0,1000,1000,1000,1000,0,0,0,0,0
2025-12-15 01:20:55.240,SERVO_OUTPUT_RAW,2810409864,SERVO_OUTPUT_RAW,0,0,0,0,0,0,0,0,1000,1000,1000,1000,0,0,0,0,0
2025-12-15 01:20:55.340,SERVO_OUTPUT_RAW,2810509789,SERVO_OUTPUT_RAW,0,0,0,0,0,0,0,0,1000,1000,1000,1000,0,0,0,0,0
2025-12-15 01:20:55.440,SERVO_OUTPUT_RAW,2810609796,SERVO_OUTPUT_RAW,0,0,0,0,0,0,0,0,1000,1000,1000,1000,0,0,0,0,0
2025-12-15 01:20:55.540,SERVO_OUTPUT_RAW,2810709810,SERVO_OUTPUT_RAW,0,0,0,0,0,0,0,0,1000,1000,1000,1000,0,0,0,0,0
2025-12-15 01:20:55.640,SERVO_OUTPUT_RAW,2810809826,SERVO_OUTPUT_RAW,0,0,0,0,0,0,0,0,1000,1000,1000,1000,0,0,0,0,0
2025-12-15 01:20:55.740,SERVO_OUTPUT_RAW,2810909799,SERVO_OUTPUT_RAW,0,0,0,0,0,0,0,0,1000,1000,1000,1000,0,0,0,0,0
2025-12-15 01:20:55.840,SERVO_OUTPUT_RAW,2811009782,SERVO_OUTPUT_RAW,0,0,0,0,0,0,0,0,1000,1000,1000,1000,0,0,0,0,0
2025-12-15 01:20:55.940,SERVO_OUTPUT_RAW,2811109786,SERVO_OUTPUT_RAW,0,0,0,0,0,0,0,0,1000,1000,1000,1000,0,0,0,0,0
2025-12-15 01:20:56.040,SERVO_OUTPUT_RAW,2811209785,SERVO_OUTPUT_RAW,0,0,0,0,0,0,0,0,1000,1000,1000,1000,0,0,0,0,0
2025-12-15 01:20:56.140,SERVO_OUTPUT_RAW,2811309794,SERVO_OUTPUT_RAW,0,0,0,0,0,0,0,0,1000,1000,1000,1000,0,0,0,0,0
2025-12-15 01:20:56.241,SERVO_OUTPUT_RAW,2811409821,SERVO_OUTPUT_RAW,0,0,0,0,0,0,0,0,1000,1000,1000,1000,0,0,0,0,0
2025-12-15 01:20:56.341,SERVO_OUTPUT_RAW,2811509831,SERVO_OUTPUT_RAW,0,0,0,0,0,0,0,0,1000,1000,1000,1000,0,0,0,0,0
2025-12-15 01:20:56.440,SERVO_OUTPUT_RAW,2811609816,SERVO_OUTPUT_RAW,0,0,0,0,0,0,0,0,1000,1000,1000,1000,0,0,0,0,0
2025-12-15 01:20:56.541,SERVO_OUTPUT_RAW,2811709824,SERVO_OUTPUT_RAW,0,0,0,0,0,0,0,0,1000,1000,1000,1000,0,0,0,0,0
2025-12-15 01:20:56.640,SERVO_OUTPUT_RAW,2811809952,SERVO_OUTPUT_RAW,0,0,0,0,0,0,0,0,1000,1000,1000,1000,0,0,0,0,0
2025-12-15 01:20:56.740,SERVO_OUTPUT_RAW,2811909840,SERVO_OUTPUT_RAW,0,0,0,0,0,0,0,0,1000,1000,1000,1000,0,0,0,0,0
2025-12-15 01:20:56.840,SERVO_OUTPUT_RAW,2812009844,SERVO_OUTPUT_RAW,0,0,0,0,0,0,0,0,1000,1000,1000,1000,0,0,0,0,0
2025-12-15 01:20:56.940,SERVO_OUTPUT_RAW,2812109776,SERVO_OUTPUT_RAW,0,0,0,0,0,0,0,0,1000,1000,1000,1000,0,0,0,0,0
2025-12-15 01:20:57.040,SERVO_OUTPUT_RAW,2812209803,SERVO_OUTPUT_RAW,0,0,0,0,0,0,0,0,1000,1000,1000,1000,0,0,0,0,0
2025-12-15 01:20:57.140,SERVO_OUTPUT_RAW,2812309829,SERVO_OUTPUT_RAW,0,0,0,0,0,0,0,0,1000,1000,1000,1000,0,0,0,0,0
2025-12-15 01:20:57.240,SERVO_OUTPUT_RAW,2812409779,SERVO_OUTPUT_RAW,0,0,0,0,0,0,0,0,1000,1000,1000,1000,0,0,0,0,0
2025-12-15 01:20:57.339,SERVO_OUTPUT_RAW,2812509781,SERVO_OUTPUT_RAW,0,0,0,0,0,0,0,0,1000,1000,1000,1000,0,0,0,0,0
2025-12-15 01:20:57.440,SERVO_OUTPUT_RAW,2812609789,SERVO_OUTPUT_RAW,0,0,0,0,0,0,0,0,1000,1000,1000,1000,0,0,0,0,0
2025-12-15 01:20:57.539,SERVO_OUTPUT_RAW,2812709812,SERVO_OUTPUT_RAW,0,0,0,0,0,0,0,0,1000,1000,1000,1000,0,0,0,0,0
2025-12-15 01:20:57.639,SERVO_OUTPUT_RAW,2812809777,SERVO_OUTPUT_RAW,0,0,0,0,0,0,0,0,1000,1000,1000,1000,0,0,0,0,0
2025-12-15 01:20:57.740,SERVO_OUTPUT_RAW,2812909789,SERVO_OUTPUT_RAW,0,0,0,0,0,0,0,0,1000,1000,1000,1000,0,0,0,0,0
2025-12-15 01:20:57.839,SERVO_OUTPUT_RAW,2813009827,SERVO_OUTPUT_RAW,0,0,0,0,0,0,0,0,1000,1000,1000,1000,0,0,0,0,0
2025-12-15 01:20:57.939,SERVO_OUTPUT_RAW,2813109858,SERVO_OUTPUT_RAW,0,0,0,0,0,0,0,0,1000,1000,1000,1000,0,0,0,0,0
2025-12-15 01:20:58.039,SERVO_OUTPUT_RAW,2813209822,SERVO_OUTPUT_RAW,0,0,0,0,0,0,0,0,1000,1000,1000,1000,0,0,0,0,0
2025-12-15 01:20:58.139,SERVO_OUTPUT_RAW,2813309843,SERVO_OUTPUT_RAW,0,0,0,0,0,0,0,0,1000,1000,1000,1000,0,0,0,0,0
2025-12-15 01:20:58.239,SERVO_OUTPUT_RAW,2813409822,SERVO_OUTPUT_RAW,0,0,0,0,0,0,0,0,1000,1000,1000,1000,0,0,0,0,0
2025-12-15 01:20:58.339,SERVO_OUTPUT_RAW,2813509835,SERVO_OUTPUT_RAW,0,0,0,0,0,0,0,0,1000,1000,1000,1000,0,0,0,0,0
2025-12-15 01:20:58.439,SERVO_OUTPUT_RAW,2813609829,SERVO_OUTPUT_RAW,0,0,0,0,0,0,0,0,1000,1000,1000,1000,0,0,0,0,0
2025-12-15 01:20:58.539,SERVO_OUTPUT_RAW,2813709779,SERVO_OUTPUT_RAW,0,0,0,0,0,0,0,0,1000,1000,1000,1000,0,0,0,0,0
2025-12-15 01:20:58.639,SERVO_OUTPUT_RAW,2813809819,SERVO_OUTPUT_RAW,0,0,0,0,0,0,0,0,1000,1000,1000,1000,0,0,0,0,0
2025-12-15 01:20:58.739,SERVO_OUTPUT_RAW,2813909877,SERVO_OUTPUT_RAW,0,0,0,0,0,0,0,0,1000,1000,1000,1000,0,0,0,0,0
2025-12-15 01:20:58.839,SERVO_OUTPUT_RAW,2814009789,SERVO_OUTPUT_RAW,0,0,0,0,0,0,0,0,1000,1000,1000,1000,0,0,0,0,0
2025-12-15 01:20:58.939,SERVO_OUTPUT_RAW,2814109786,SERVO_OUTPUT_RAW,0,0,0,0,0,0,0,0,1000,1000,1000,1000,0,0,0,0,0
2025-12-15 01:20:59.039,SERVO_OUTPUT_RAW,2814209809,SERVO_OUTPUT_RAW,0,0,0,0,0,0,0,0,1000,1000,1000,1000,0,0,0,0,0
2025-12-15 01:20:59.139,SERVO_OUTPUT_RAW,2814309790,SERVO_OUTPUT_RAW,0,0,0,0,0,0,0,0,1000,1000,1000,1000,0,0,0,0,0
2025-12-15 01:20:59.239,SERVO_OUTPUT_RAW,2814409778,SERVO_OUTPUT_RAW,0,0,0,0,0,0,0,0,1000,1000,1000,1000,0,0,0,0,0
2025-12-15 01:20:59.339,SERVO_OUTPUT_RAW,2814509816,SERVO_OUTPUT_RAW,0,0,0,0,0,0,0,0,1000,1000,1000,1000,0,0,0,0,0
2025-12-15 01:20:59.439,SERVO_OUTPUT_RAW,2814609858,SERVO_OUTPUT_RAW,0,0,0,0,0,0,0,0,1000,1000,1000,1000,0,0,0,0,0
2025-12-15 01:20:59.540,SERVO_OUTPUT_RAW,2814709860,SERVO_OUTPUT_RAW,0,0,0,0,0,0,0,0,1000,1000,1000,1000,0,0,0,0,0
2025-12-15 01:20:59.640,SERVO_OUTPUT_RAW,2814809806,SERVO_OUTPUT_RAW,0,0,0,0,0,0,0,0,1000,1000,1000,1000,0,0,0,0,0
2025-12-15 01:20:59.739,SERVO_OUTPUT_RAW,2814909812,SERVO_OUTPUT_RAW,0,0,0,0,0,0,0,0,1000,1000,1000,1000,0,0,0,0,0
2025-12-15 01:20:59.839,SERVO_OUTPUT_RAW,2815009838,SERVO_OUTPUT_RAW,0,0,0,0,0,0,0,0,1000,1000,1000,1000,0,0,0,0,0
2025-12-15 01:20:59.940,SERVO_OUTPUT_RAW,2815109845,SERVO_OUTPUT_RAW,0,0,0,0,0,0,0,0,1000,1000,1000,1000,0,0,0,0,0
2025-12-15 01:21:00.039,SERVO_OUTPUT_RAW,2815209861,SERVO_OUTPUT_RAW,0,0,0,0,0,0,0,0,1000,1000,1000,1000,0,0,0,0,0
2025-12-15 01:21:00.139,SERVO_OUTPUT_RAW,2815309813,SERVO_OUTPUT_RAW,0,0,0,0,0,0,0,0,1000,1000,1000,1000,0,0,0,0,0
2025-12-15 01:21:00.240,SERVO_OUTPUT_RAW,2815409830,SERVO_OUTPUT_RAW,0,0,0,0,0,0,0,0,1000,1000,1000,1000,0,0,0,0,0
2025-12-15 01:21:00.340,SERVO_OUTPUT_RAW,2815509815,SERVO_OUTPUT_RAW,0,0,0,0,0,0,0,0,1000,1000,1000,1000,0,0,0,0,0
2025-12-15 01:21:00.440,SERVO_OUTPUT_RAW,2815609800,SERVO_OUTPUT_RAW,0,0,0,0,0,0,0,0,1000,1000,1000,1000,0,0,0,0,0
2025-12-15 01:21:00.540,SERVO_OUTPUT_RAW,2815709788,SERVO_OUTPUT_RAW,0,0,0,0,0,0,0,0,1000,1000,1000,1000,0,0,0,0,0
2025-12-15 01:21:00.640,SERVO_OUTPUT_RAW,2815809785,SERVO_OUTPUT_RAW,0,0,0,0,0,0,0,0,1000,1000,1000,1000,0,0,0,0,0
2025-12-15 01:21:00.740,SERVO_OUTPUT_RAW,2815909782,SERVO_OUTPUT_RAW,0,0,0,0,0,0,0,0,1000,1000,1000,1000,0,0,0,0,0
2025-12-15 01:21:00.840,SERVO_OUTPUT_RAW,2816012134,SERVO_OUTPUT_RAW,0,0,0,0,0,0,0,0,1000,1000,1000,1000,0,0,0,0,0
2025-12-15 01:21:00.940,SERVO_OUTPUT_RAW,2816109826,SERVO_OUTPUT_RAW,0,0,0,0,0,0,0,0,1000,1000,1000,1000,0,0,0,0,0
2025-12-15 01:21:01.040,SERVO_OUTPUT_RAW,2816209799,SERVO_OUTPUT_RAW,0,0,0,0,0,0,0,0,1000,1000,1000,1000,0,0,0,0,0
2025-12-15 01:21:01.140,SERVO_OUTPUT_RAW,2816309904,SERVO_OUTPUT_RAW,0,0,0,0,0,0,0,0,1000,1000,1000,1000,0,0,0,0,0
2025-12-15 01:21:01.240,SERVO_OUTPUT_RAW,2816409805,SERVO_OUTPUT_RAW,0,0,0,0,0,0,0,0,1000,1000,1000,1000,0,0,0,0,0
2025-12-15 01:21:01.340,SERVO_OUTPUT_RAW,2816509822,SERVO_OUTPUT_RAW,0,0,0,0,0,0,0,0,1000,1000,1000,1000,0,0,0,0,0
2025-12-15 01:21:01.440,SERVO_OUTPUT_RAW,2816609859,SERVO_OUTPUT_RAW,0,0,0,0,0,0,0,0,1000,1000,1000,1000,0,0,0,0,0
2025-12-15 01:21:01.540,SERVO_OUTPUT_RAW,2816709849,SERVO_OUTPUT_RAW,0,0,0,0,0,0,0,0,1000,1000,1000,1000,0,0,0,0,0
2025-12-15 01:21:01.640,SERVO_OUTPUT_RAW,2816809776,SERVO_OUTPUT_RAW,0,0,0,0,0,0,0,0,1000,1000,1000,1000,0,0,0,0,0
2025-12-15 01:21:01.740,SERVO_OUTPUT_RAW,2816909808,SERVO_OUTPUT_RAW,0,0,0,0,0,0,0,0,1000,1000,1000,1000,0,0,0,0,0
2025-12-15 01:21:01.841,SERVO_OUTPUT_RAW,2817009804,SERVO_OUTPUT_RAW,0,0,0,0,0,0,0,0,1000,1000,1000,1000,0,0,0,0,0
2025-12-15 01:21:01.940,SERVO_OUTPUT_RAW,2817109767,SERVO_OUTPUT_RAW,0,0,0,0,0,0,0,0,1000,1000,1000,1000,0,0,0,0,0
2025-12-15 01:21:02.040,SERVO_OUTPUT_RAW,2817209812,SERVO_OUTPUT_RAW,0,0,0,0,0,0,0,0,1000,1000,1000,1000,0,0,0,0,0
2025-12-15 01:21:02.140,SERVO_OUTPUT_RAW,2817309789,SERVO_OUTPUT_RAW,0,0,0,0,0,0,0,0,1000,1000,1000,1000,0,0,0,0,0
2025-12-15 01:21:02.240,SERVO_OUTPUT_RAW,2817409785,SERVO_OUTPUT_RAW,0,0,0,0,0,0,0,0,1000,1000,1000,1000,0,0,0,0,0
2025-12-15 01:21:02.340,SERVO_OUTPUT_RAW,2817509798,SERVO_OUTPUT_RAW,0,0,0,0,0,0,0,0,1000,1000,1000,1000,0,0,0,0,0
2025-12-15 01:21:02.441,SERVO_OUTPUT_RAW,2817609816,SERVO_OUTPUT_RAW,0,0,0,0,0,0,0,0,1000,1000,1000,1000,0,0,0,0,0
2025-12-15 01:21:02.540,SERVO_OUTPUT_RAW,2817712152,SERVO_OUTPUT_RAW,0,0,0,0,0,0,0,0,1000,1000,1000,1000,0,0,0,0,0
2025-12-15 01:21:02.640,SERVO_OUTPUT_RAW,2817809843,SERVO_OUTPUT_RAW,0,0,0,0,0,0,0,0,1000,1000,1000,1000,0,0,0,0,0
2025-12-15 01:21:02.740,SERVO_OUTPUT_RAW,2817909812,SERVO_OUTPUT_RAW,0,0,0,0,0,0,0,0,1000,1000,1000,1000,0,0,0,0,0
2025-12-15 01:21:02.840,SERVO_OUTPUT_RAW,2818009812,SERVO_OUTPUT_RAW,0,0,0,0,0,0,0,0,1000,1000,1000,1000,0,0,0,0,0
2025-12-15 01:21:02.940,SERVO_OUTPUT_RAW,2818109839,SERVO_OUTPUT_RAW,0,0,0,0,0,0,0,0,1000,1000,1000,1000,0,0,0,0,0
2025-12-15 01:21:03.040,SERVO_OUTPUT_RAW,2818209853,SERVO_OUTPUT_RAW,0,0,0,0,0,0,0,0,1000,1000,1000,1000,0,0,0,0,0
2025-12-15 01:21:03.141,SERVO_OUTPUT_RAW,2818309784,SERVO_OUTPUT_RAW,0,0,0,0,0,0,0,0,1000,1000,1000,1000,0,0,0,0,0
2025-12-15 01:21:03.240,SERVO_OUTPUT_RAW,2818409783,SERVO_OUTPUT_RAW,0,0,0,0,0,0,0,0,1000,1000,1000,1000,0,0,0,0,0
2025-12-15 01:21:03.340,SERVO_OUTPUT_RAW,2818509848,SERVO_OUTPUT_RAW,0,0,0,0,0,0,0,0,1000,1000,1000,1000,0,0,0,0,0
2025-12-15 01:21:03.440,SERVO_OUTPUT_RAW,2818609816,SERVO_OUTPUT_RAW,0,0,0,0,0,0,0,0,1000,1000,1000,1000,0,0,0,0,0
2025-12-15 01:21:03.540,SERVO_OUTPUT_RAW,2818709786,SERVO_OUTPUT_RAW,0,0,0,0,0,0,0,0,1000,1000,1000,1000,0,0,0,0,0
2025-12-15 01:21:03.640,SERVO_OUTPUT_RAW,2818809792,SERVO_OUTPUT_RAW,0,0,0,0,0,0,0,0,1000,1000,1000,1000,0,0,0,0,0
2025-12-15 01:21:03.740,SERVO_OUTPUT_RAW,2818909783,SERVO_OUTPUT_RAW,0,0,0,0,0,0,0,0,1000,1000,1000,1000,0,0,0,0,0
2025-12-15 01:21:03.840,SERVO_OUTPUT_RAW,2819009790,SERVO_OUTPUT_RAW,0,0,0,0,0,0,0,0,1000,1000,1000,1000,0,0,0,0,0
2025-12-15 01:21:03.940,SERVO_OUTPUT_RAW,2819109785,SERVO_OUTPUT_RAW,0,0,0,0,0,0,0,0,1000,1000,1000,1000,0,0,0,0,0
2025-12-15 01:21:04.040,SERVO_OUTPUT_RAW,2819212150,SERVO_OUTPUT_RAW,0,0,0,0,0,0,0,0,1000,1000,1000,1000,0,0,0,0,0
2025-12-15 01:21:04.140,SERVO_OUTPUT_RAW,2819309838,SERVO_OUTPUT_RAW,0,0,0,0,0,0,0,0,1000,1000,1000,1000,0,0,0,0,0
2025-12-15 01:21:04.241,SERVO_OUTPUT_RAW,2819409842,SERVO_OUTPUT_RAW,0,0,0,0,0,0,0,0,1000,1000,1000,1000,0,0,0,0,0
2025-12-15 01:21:04.340,SERVO_OUTPUT_RAW,2819509803,SERVO_OUTPUT_RAW,0,0,0,0,0,0,0,0,1000,1000,1000,1000,0,0,0,0,0
2025-12-15 01:21:04.440,SERVO_OUTPUT_RAW,2819609815,SERVO_OUTPUT_RAW,0,0,0,0,0,0,0,0,1000,1000,1000,1000,0,0,0,0,0
2025-12-15 01:21:04.540,SERVO_OUTPUT_RAW,2819709842,SERVO_OUTPUT_RAW,0,0,0,0,0,0,0,0,1000,1000,1000,1000,0,0,0,0,0
2025-12-15 01:21:04.640,SERVO_OUTPUT_RAW,2819809844,SERVO_OUTPUT_RAW,0,0,0,0,0,0,0,0,1000,1000,1000,1000,0,0,0,0,0
2025-12-15 01:21:04.740,SERVO_OUTPUT_RAW,2819909798,SERVO_OUTPUT_RAW,0,0,0,0,0,0,0,0,1000,1000,1000,1000,0,0,0,0,0
2025-12-15 01:21:04.840,SERVO_OUTPUT_RAW,2820009797,SERVO_OUTPUT_RAW,0,0,0,0,0,0,0,0,1000,1000,1000,1000,0,0,0,0,0
2025-12-15 01:21:04.941,SERVO_OUTPUT_RAW,2820109831,SERVO_OUTPUT_RAW,0,0,0,0,0,0,0,0,1000,1000,1000,1000,0,0,0,0,0
2025-12-15 01:21:05.040,SERVO_OUTPUT_RAW,2820209882,SERVO_OUTPUT_RAW,0,0,0,0,0,0,0,0,1000,1000,1000,1000,0,0,0,0,0
2025-12-15 01:21:05.140,SERVO_OUTPUT_RAW,2820309783,SERVO_OUTPUT_RAW,0,0,0,0,0,0,0,0,1000,1000,1000,1000,0,0,0,0,0
2025-12-15 01:21:05.240,SERVO_OUTPUT_RAW,2820409810,SERVO_OUTPUT_RAW,0,0,0,0,0,0,0,0,1000,1000,1000,1000,0,0,0,0,0
2025-12-15 01:21:05.340,SERVO_OUTPUT_RAW,2820509792,SERVO_OUTPUT_RAW,0,0,0,0,0,0,0,0,1000,1000,1000,1000,0,0,0,0,0
2025-12-15 01:21:05.440,SERVO_OUTPUT_RAW,2820609783,SERVO_OUTPUT_RAW,0,0,0,0,0,0,0,0,1000,1000,1000,1000,0,0,0,0,0
2025-12-15 01:21:05.540,SERVO_OUTPUT_RAW,2820709821,SERVO_OUTPUT_RAW,0,0,0,0,0,0,0,0,1000,1000,1000,1000,0,0,0,0,0
2025-12-15 01:21:05.641,SERVO_OUTPUT_RAW,2820809842,SERVO_OUTPUT_RAW,0,0,0,0,0,0,0,0,1000,1000,1000,1000,0,0,0,0,0
2025-12-15 01:21:05.740,SERVO_OUTPUT_RAW,2820909846,SERVO_OUTPUT_RAW,0,0,0,0,0,0,0,0,1000,1000,1000,1000,0,0,0,0,0
2025-12-15 01:21:05.840,SERVO_OUTPUT_RAW,2821009803,SERVO_OUTPUT_RAW,0,0,0,0,0,0,0,0,1000,1000,1000,1000,0,0,0,0,0
2025-12-15 01:21:05.940,SERVO_OUTPUT_RAW,2821109800,SERVO_OUTPUT_RAW,0,0,0,0,0,0,0,0,1000,1000,1000,1000,0,0,0,0,0
2025-12-15 01:21:06.040,SERVO_OUTPUT_RAW,2821209830,SERVO_OUTPUT_RAW,0,0,0,0,0,0,0,0,1000,1000,1000,1000,0,0,0,0,0
2025-12-15 01:21:06.140,SERVO_OUTPUT_RAW,2821309839,SERVO_OUTPUT_RAW,0,0,0,0,0,0,0,0,1000,1000,1000,1000,0,0,0,0,0
2025-12-15 01:21:06.240,SERVO_OUTPUT_RAW,2821409860,SERVO_OUTPUT_RAW,0,0,0,0,0,0,0,0,1000,1000,1000,1000,0,0,0,0,0
2025-12-15 01:21:06.340,SERVO_OUTPUT_RAW,2821509788,SERVO_OUTPUT_RAW,0,0,0,0,0,0,0,0,1000,1000,1000,1000,0,0,0,0,0
2025-12-15 01:21:06.440,SERVO_OUTPUT_RAW,2821609813,SERVO_OUTPUT_RAW,0,0,0,0,0,0,0,0,1000,1000,1000,1000,0,0,0,0,0
2025-12-15 01:21:06.541,SERVO_OUTPUT_RAW,2821709824,SERVO_OUTPUT_RAW,0,0,0,0,0,0,0,0,1000,1000,1000,1000,0,0,0,0,0
2025-12-15 01:21:06.641,SERVO_OUTPUT_RAW,2821809778,SERVO_OUTPUT_RAW,0,0,0,0,0,0,0,0,1000,1000,1000,1000,0,0,0,0,0
2025-12-15 01:21:06.740,SERVO_OUTPUT_RAW,2821909779,SERVO_OUTPUT_RAW,0,0,0,0,0,0,0,0,1000,1000,1000,1000,0,0,0,0,0
2025-12-15 01:21:06.841,SERVO_OUTPUT_RAW,2822009793,SERVO_OUTPUT_RAW,0,0,0,0,0,0,0,0,1000,1000,1000,1000,0,0,0,0,0
2025-12-15 01:21:06.939,SERVO_OUTPUT_RAW,2822109784,SERVO_OUTPUT_RAW,0,0,0,0,0,0,0,0,1000,1000,1000,1000,0,0,0,0,0
2025-12-15 01:21:07.040,SERVO_OUTPUT_RAW,2822209790,SERVO_OUTPUT_RAW,0,0,0,0,0,0,0,0,1000,1000,1000,1000,0,0,0,0,0
2025-12-15 01:21:07.140,SERVO_OUTPUT_RAW,2822312187,SERVO_OUTPUT_RAW,0,0,0,0,0,0,0,0,1000,1000,1000,1000,0,0,0,0,0
2025-12-15 01:21:07.239,SERVO_OUTPUT_RAW,2822409837,SERVO_OUTPUT_RAW,0,0,0,0,0,0,0,0,1000,1000,1000,1000,0,0,0,0,0
2025-12-15 01:21:07.340,SERVO_OUTPUT_RAW,2822509812,SERVO_OUTPUT_RAW,0,0,0,0,0,0,0,0,1000,1000,1000,1000,0,0,0,0,0
2025-12-15 01:21:07.439,SERVO_OUTPUT_RAW,2822612187,SERVO_OUTPUT_RAW,0,0,0,0,0,0,0,0,1000,1000,1000,1000,0,0,0,0,0
2025-12-15 01:21:07.540,SERVO_OUTPUT_RAW,2822709805,SERVO_OUTPUT_RAW,0,0,0,0,0,0,0,0,1000,1000,1000,1000,0,0,0,0,0
2025-12-15 01:21:07.640,SERVO_OUTPUT_RAW,2822809832,SERVO_OUTPUT_RAW,0,0,0,0,0,0,0,0,1000,1000,1000,1000,0,0,0,0,0
2025-12-15 01:21:07.740,SERVO_OUTPUT_RAW,2822909847,SERVO_OUTPUT_RAW,0,0,0,0,0,0,0,0,1000,1000,1000,1000,0,0,0,0,0
2025-12-15 01:21:07.840,SERVO_OUTPUT_RAW,2823009797,SERVO_OUTPUT_RAW,0,0,0,0,0,0,0,0,1000,1000,1000,1000,0,0,0,0,0
2025-12-15 01:21:07.940,SERVO_OUTPUT_RAW,2823109801,SERVO_OUTPUT_RAW,0,0,0,0,0,0,0,0,1000,1000,1000,1000,0,0,0,0,0
2025-12-15 01:21:08.040,SERVO_OUTPUT_RAW,2823209823,SERVO_OUTPUT_RAW,0,0,0,0,0,0,0,0,1000,1000,1000,1000,0,0,0,0,0
2025-12-15 01:21:08.140,SERVO_OUTPUT_RAW,2823309796,SERVO_OUTPUT_RAW,0,0,0,0,0,0,0,0,1000,1000,1000,1000,0,0,0,0,0
2025-12-15 01:21:08.240,SERVO_OUTPUT_RAW,2823409786,SERVO_OUTPUT_RAW,0,0,0,0,0,0,0,0,1000,1000,1000,1000,0,0,0,0,0
2025-12-15 01:21:08.340,SERVO_OUTPUT_RAW,2823509792,SERVO_OUTPUT_RAW,0,0,0,0,0,0,0,0,1000,1000,1000,1000,0,0,0,0,0
2025-12-15 01:21:08.440,SERVO_OUTPUT_RAW,2823609785,SERVO_OUTPUT_RAW,0,0,0,0,0,0,0,0,1000,1000,1000,1000,0,0,0,0,0
2025-12-15 01:21:08.540,SERVO_OUTPUT_RAW,2823709785,SERVO_OUTPUT_RAW,0,0,0,0,0,0,0,0,1000,1000,1000,1000,0,0,0,0,0
2025-12-15 01:21:08.640,SERVO_OUTPUT_RAW,2823809796,SERVO_OUTPUT_RAW,0,0,0,0,0,0,0,0,1000,1000,1000,1000,0,0,0,0,0
2025-12-15 01:21:08.740,SERVO_OUTPUT_RAW,2823909823,SERVO_OUTPUT_RAW,0,0,0,0,0,0,0,0,1000,1000,1000,1000,0,0,0,0,0
2025-12-15 01:21:08.840,SERVO_OUTPUT_RAW,2824009847,SERVO_OUTPUT_RAW,0,0,0,0,0,0,0,0,1000,1000,1000,1000,0,0,0,0,0
2025-12-15 01:21:08.940,SERVO_OUTPUT_RAW,2824109820,SERVO_OUTPUT_RAW,0,0,0,0,0,0,0,0,1000,1000,1000,1000,0,0,0,0,0
2025-12-15 01:21:09.040,SERVO_OUTPUT_RAW,2824209796,SERVO_OUTPUT_RAW,0,0,0,0,0,0,0,0,1000,1000,1000,1000,0,0,0,0,0
2025-12-15 01:21:09.140,SERVO_OUTPUT_RAW,2824309838,SERVO_OUTPUT_RAW,0,0,0,0,0,0,0,0,1000,1000,1000,1000,0,0,0,0,0
2025-12-15 01:21:09.240,SERVO_OUTPUT_RAW,2824409855,SERVO_OUTPUT_RAW,0,0,0,0,0,0,0,0,1000,1000,1000,1000,0,0,0,0,0
2025-12-15 01:21:09.340,SERVO_OUTPUT_RAW,2824509836,SERVO_OUTPUT_RAW,0,0,0,0,0,0,0,0,1000,1000,1000,1000,0,0,0,0,0
2025-12-15 01:21:09.440,SERVO_OUTPUT_RAW,2824609786,SERVO_OUTPUT_RAW,0,0,0,0,0,0,0,0,1000,1000,1000,1000,0,0,0,0,0
2025-12-15 01:21:09.540,SERVO_OUTPUT_RAW,2824709816,SERVO_OUTPUT_RAW,0,0,0,0,0,0,0,0,1000,1000,1000,1000,0,0,0,0,0
2025-12-15 01:21:09.640,SERVO_OUTPUT_RAW,2824809804,SERVO_OUTPUT_RAW,0,0,0,0,0,0,0,0,1000,1000,1000,1000,0,0,0,0,0
2025-12-15 01:21:09.740,SERVO_OUTPUT_RAW,2824909783,SERVO_OUTPUT_RAW,0,0,0,0,0,0,0,0,1000,1000,1000,1000,0,0,0,0,0
2025-12-15 01:21:09.840,SERVO_OUTPUT_RAW,2825009790,SERVO_OUTPUT_RAW,0,0,0,0,0,0,0,0,1000,1000,1000,1000,0,0,0,0,0
2025-12-15 01:21:09.945,SERVO_OUTPUT_RAW,2825109785,SERVO_OUTPUT_RAW,0,0,0,0,0,0,0,0,1000,1000,1000,1000,0,0,0,0,0
2025-12-15 01:21:10.040,SERVO_OUTPUT_RAW,2825209784,SERVO_OUTPUT_RAW,0,0,0,0,0,0,0,0,1000,1000,1000,1000,0,0,0,0,0
2025-12-15 01:21:10.140,SERVO_OUTPUT_RAW,2825309820,SERVO_OUTPUT_RAW,0,0,0,0,0,0,0,0,1000,1000,1000,1000,0,0,0,0,0
2025-12-15 01:21:10.240,SERVO_OUTPUT_RAW,2825409792,SERVO_OUTPUT_RAW,0,0,0,0,0,0,0,0,1000,1000,1000,1000,0,0,0,0,0
2025-12-15 01:21:10.340,SERVO_OUTPUT_RAW,2825509833,SERVO_OUTPUT_RAW,0,0,0,0,0,0,0,0,1000,1000,1000,1000,0,0,0,0,0
2025-12-15 01:21:10.440,SERVO_OUTPUT_RAW,2825609865,SERVO_OUTPUT_RAW,0,0,0,0,0,0,0,0,1000,1000,1000,1000,0,0,0,0,0
2025-12-15 01:21:10.540,SERVO_OUTPUT_RAW,2825709872,SERVO_OUTPUT_RAW,0,0,0,0,0,0,0,0,1000,1000,1000,1000,0,0,0,0,0
2025-12-15 01:21:10.640,SERVO_OUTPUT_RAW,2825809804,SERVO_OUTPUT_RAW,0,0,0,0,0,0,0,0,1000,1000,1000,1000,0,0,0,0,0
2025-12-15 01:21:10.740,SERVO_OUTPUT_RAW,2825909836,SERVO_OUTPUT_RAW,0,0,0,0,0,0,0,0,1000,1000,1000,1000,0,0,0,0,0
2025-12-15 01:21:10.840,SERVO_OUTPUT_RAW,2826009835,SERVO_OUTPUT_RAW,0,0,0,0,0,0,0,0,1000,1000,1000,1000,0,0,0,0,0
2025-12-15 01:21:10.940,SERVO_OUTPUT_RAW,2826109784,SERVO_OUTPUT_RAW,0,0,0,0,0,0,0,0,1000,1000,1000,1000,0,0,0,0,0
2025-12-15 01:21:11.040,SERVO_OUTPUT_RAW,2826209815,SERVO_OUTPUT_RAW,0,0,0,0,0,0,0,0,1000,1000,1000,1000,0,0,0,0,0
2025-12-15 01:21:11.140,SERVO_OUTPUT_RAW,2826309819,SERVO_OUTPUT_RAW,0,0,0,0,0,0,0,0,1000,1000,1000,1000,0,0,0,0,0
2025-12-15 01:21:11.240,SERVO_OUTPUT_RAW,2826409811,SERVO_OUTPUT_RAW,0,0,0,0,0,0,0,0,1000,1000,1000,1000,0,0,0,0,0
2025-12-15 01:21:11.340,SERVO_OUTPUT_RAW,2826509870,SERVO_OUTPUT_RAW,0,0,0,0,0,0,0,0,1000,1000,1000,1000,0,0,0,0,0
2025-12-15 01:21:11.440,SERVO_OUTPUT_RAW,2826609812,SERVO_OUTPUT_RAW,0,0,0,0,0,0,0,0,1000,1000,1000,1000,0,0,0,0,0
2025-12-15 01:21:11.540,SERVO_OUTPUT_RAW,2826709792,SERVO_OUTPUT_RAW,0,0,0,0,0,0,0,0,1000,1000,1000,1000,0,0,0,0,0
2025-12-15 01:21:11.640,SERVO_OUTPUT_RAW,2826809785,SERVO_OUTPUT_RAW,0,0,0,0,0,0,0,0,1000,1000,1000,1000,0,0,0,0,0
2025-12-15 01:21:11.740,SERVO_OUTPUT_RAW,2826912115,SERVO_OUTPUT_RAW,0,0,0,0,0,0,0,0,1000,1000,1000,1000,0,0,0,0,0
2025-12-15 01:21:11.840,SERVO_OUTPUT_RAW,2827009807,SERVO_OUTPUT_RAW,0,0,0,0,0,0,0,0,1000,1000,1000,1000,0,0,0,0,0
2025-12-15 01:21:11.940,SERVO_OUTPUT_RAW,2827109857,SERVO_OUTPUT_RAW,0,0,0,0,0,0,0,0,1000,1000,1000,1000,0,0,0,0,0
2025-12-15 01:21:12.040,SERVO_OUTPUT_RAW,2827209841,SERVO_OUTPUT_RAW,0,0,0,0,0,0,0,0,1000,1000,1000,1000,0,0,0,0,0
2025-12-15 01:21:12.140,SERVO_OUTPUT_RAW,2827309782,SERVO_OUTPUT_RAW,0,0,0,0,0,0,0,0,1000,1000,1000,1000,0,0,0,0,0
2025-12-15 01:21:12.240,SERVO_OUTPUT_RAW,2827409808,SERVO_OUTPUT_RAW,0,0,0,0,0,0,0,0,1000,1000,1000,1000,0,0,0,0,0
2025-12-15 01:21:12.340,SERVO_OUTPUT_RAW,2827509839,SERVO_OUTPUT_RAW,0,0,0,0,0,0,0,0,1000,1000,1000,1000,0,0,0,0,0
2025-12-15 01:21:12.444,SERVO_OUTPUT_RAW,2827609844,SERVO_OUTPUT_RAW,0,0,0,0,0,0,0,0,1000,1000,1000,1000,0,0,0,0,0
2025-12-15 01:21:12.540,SERVO_OUTPUT_RAW,2827709793,SERVO_OUTPUT_RAW,0,0,0,0,0,0,0,0,1000,1000,1000,1000,0,0,0,0,0
2025-12-15 01:21:12.639,SERVO_OUTPUT_RAW,2827809804,SERVO_OUTPUT_RAW,0,0,0,0,0,0,0,0,1000,1000,1000,1000,0,0,0,0,0
2025-12-15 01:21:12.741,SERVO_OUTPUT_RAW,2827909815,SERVO_OUTPUT_RAW,0,0,0,0,0,0,0,0,1000,1000,1000,1000,0,0,0,0,0
2025-12-15 01:21:12.841,SERVO_OUTPUT_RAW,2828009832,SERVO_OUTPUT_RAW,0,0,0,0,0,0,0,0,1000,1000,1000,1000,0,0,0,0,0
2025-12-15 01:21:12.940,SERVO_OUTPUT_RAW,2828109795,SERVO_OUTPUT_RAW,0,0,0,0,0,0,0,0,1000,1000,1000,1000,0,0,0,0,0
2025-12-15 01:21:13.041,SERVO_OUTPUT_RAW,2828209793,SERVO_OUTPUT_RAW,0,0,0,0,0,0,0,0,1000,1000,1000,1000,0,0,0,0,0
2025-12-15 01:21:13.141,SERVO_OUTPUT_RAW,2828309790,SERVO_OUTPUT_RAW,0,0,0,0,0,0,0,0,1000,1000,1000,1000,0,0,0,0,0
2025-12-15 01:21:13.241,SERVO_OUTPUT_RAW,2828409786,SERVO_OUTPUT_RAW,0,0,0,0,0,0,0,0,1000,1000,1000,1000,0,0,0,0,0
2025-12-15 01:21:13.341,SERVO_OUTPUT_RAW,2828509791,SERVO_OUTPUT_RAW,0,0,0,0,0,0,0,0,1000,1000,1000,1000,0,0,0,0,0
2025-12-15 01:21:13.440,SERVO_OUTPUT_RAW,2828612202,SERVO_OUTPUT_RAW,0,0,0,0,0,0,0,0,1000,1000,1000,1000,0,0,0,0,0
2025-12-15 01:21:13.540,SERVO_OUTPUT_RAW,2828709831,SERVO_OUTPUT_RAW,0,0,0,0,0,0,0,0,1000,1000,1000,1000,0,0,0,0,0
2025-12-15 01:21:13.640,SERVO_OUTPUT_RAW,2828809859,SERVO_OUTPUT_RAW,0,0,0,0,0,0,0,0,1000,1000,1000,1000,0,0,0,0,0
2025-12-15 01:21:13.740,SERVO_OUTPUT_RAW,2828909826,SERVO_OUTPUT_RAW,0,0,0,0,0,0,0,0,1000,1000,1000,1000,0,0,0,0,0
2025-12-15 01:21:13.840,SERVO_OUTPUT_RAW,2829009824,SERVO_OUTPUT_RAW,0,0,0,0,0,0,0,0,1000,1000,1000,1000,0,0,0,0,0
2025-12-15 01:21:13.940,SERVO_OUTPUT_RAW,2829109853,SERVO_OUTPUT_RAW,0,0,0,0,0,0,0,0,1000,1000,1000,1000,0,0,0,0,0
2025-12-15 01:21:14.040,SERVO_OUTPUT_RAW,2829209838,SERVO_OUTPUT_RAW,0,0,0,0,0,0,0,0,1000,1000,1000,1000,0,0,0,0,0
2025-12-15 01:21:14.140,SERVO_OUTPUT_RAW,2829309791,SERVO_OUTPUT_RAW,0,0,0,0,0,0,0,0,1000,1000,1000,1000,0,0,0,0,0
2025-12-15 01:21:14.240,SERVO_OUTPUT_RAW,2829409815,SERVO_OUTPUT_RAW,0,0,0,0,0,0,0,0,1000,1000,1000,1000,0,0,0,0,0
2025-12-15 01:21:14.340,SERVO_OUTPUT_RAW,2829509810,SERVO_OUTPUT_RAW,0,0,0,0,0,0,0,0,1000,1000,1000,1000,0,0,0,0,0
2025-12-15 01:21:14.440,SERVO_OUTPUT_RAW,2829609797,SERVO_OUTPUT_RAW,0,0,0,0,0,0,0,0,1000,1000,1000,1000,0,0,0,0,0
2025-12-15 01:21:14.541,SERVO_OUTPUT_RAW,2829709780,SERVO_OUTPUT_RAW,0,0,0,0,0,0,0,0,1000,1000,1000,1000,0,0,0,0,0
2025-12-15 01:21:14.641,SERVO_OUTPUT_RAW,2829809826,SERVO_OUTPUT_RAW,0,0,0,0,0,0,0,0,1000,1000,1000,1000,0,0,0,0,0
2025-12-15 01:21:14.740,SERVO_OUTPUT_RAW,2829909785,SERVO_OUTPUT_RAW,0,0,0,0,0,0,0,0,1000,1000,1000,1000,0,0,0,0,0
2025-12-15 01:21:14.841,SERVO_OUTPUT_RAW,2830009793,SERVO_OUTPUT_RAW,0,0,0,0,0,0,0,0,1000,1000,1000,1000,0,0,0,0,0
2025-12-15 01:21:14.941,SERVO_OUTPUT_RAW,2830109856,SERVO_OUTPUT_RAW,0,0,0,0,0,0,0,0,1000,1000,1000,1000,0,0,0,0,0
2025-12-15 01:21:15.041,SERVO_OUTPUT_RAW,2830209829,SERVO_OUTPUT_RAW,0,0,0,0,0,0,0,0,1000,1000,1000,1000,0,0,0,0,0
2025-12-15 01:21:15.141,SERVO_OUTPUT_RAW,2830309838,SERVO_OUTPUT_RAW,0,0,0,0,0,0,0,0,1000,1000,1000,1000,0,0,0,0,0
2025-12-15 01:21:15.241,SERVO_OUTPUT_RAW,2830409808,SERVO_OUTPUT_RAW,0,0,0,0,0,0,0,0,1000,1000,1000,1000,0,0,0,0,0
2025-12-15 01:21:15.341,SERVO_OUTPUT_RAW,2830509804,SERVO_OUTPUT_RAW,0,0,0,0,0,0,0,0,1000,1000,1000,1000,0,0,0,0,0
2025-12-15 01:21:15.441,SERVO_OUTPUT_RAW,2830609839,SERVO_OUTPUT_RAW,0,0,0,0,0,0,0,0,1000,1000,1000,1000,0,0,0,0,0
2025-12-15 01:21:15.541,SERVO_OUTPUT_RAW,2830709861,SERVO_OUTPUT_RAW,0,0,0,0,0,0,0,0,1000,1000,1000,1000,0,0,0,0,0
2025-12-15 01:21:15.641,SERVO_OUTPUT_RAW,2830809787,SERVO_OUTPUT_RAW,0,0,0,0,0,0,0,0,1000,1000,1000,1000,0,0,0,0,0
2025-12-15 01:21:15.741,SERVO_OUTPUT_RAW,2830909799,SERVO_OUTPUT_RAW,0,0,0,0,0,0,0,0,1000,1000,1000,1000,0,0,0,0,0
2025-12-15 01:21:15.841,SERVO_OUTPUT_RAW,2831009818,SERVO_OUTPUT_RAW,0,0,0,0,0,0,0,0,1000,1000,1000,1000,0,0,0,0,0
2025-12-15 01:21:15.941,SERVO_OUTPUT_RAW,2831109828,SERVO_OUTPUT_RAW,0,0,0,0,0,0,0,0,1000,1000,1000,1000,0,0,0,0,0
2025-12-15 01:21:16.041,SERVO_OUTPUT_RAW,2831209776,SERVO_OUTPUT_RAW,0,0,0,0,0,0,0,0,1000,1000,1000,1000,0,0,0,0,0
2025-12-15 01:21:16.141,SERVO_OUTPUT_RAW,2831309787,SERVO_OUTPUT_RAW,0,0,0,0,0,0,0,0,1000,1000,1000,1000,0,0,0,0,0
2025-12-15 01:21:16.241,SERVO_OUTPUT_RAW,2831409781,SERVO_OUTPUT_RAW,0,0,0,0,0,0,0,0,1000,1000,1000,1000,0,0,0,0,0
2025-12-15 01:21:16.340,SERVO_OUTPUT_RAW,2831509776,SERVO_OUTPUT_RAW,0,0,0,0,0,0,0,0,1000,1000,1000,1000,0,0,0,0,0
2025-12-15 01:21:16.440,SERVO_OUTPUT_RAW,2831609802,SERVO_OUTPUT_RAW,0,0,0,0,0,0,0,0,1000,1000,1000,1000,0,0,0,0,0
2025-12-15 01:21:16.540,SERVO_OUTPUT_RAW,2831709836,SERVO_OUTPUT_RAW,0,0,0,0,0,0,0,0,1000,1000,1000,1000,0,0,0,0,0
2025-12-15 01:21:16.640,SERVO_OUTPUT_RAW,2831809753,SERVO_OUTPUT_RAW,0,0,0,0,0,0,0,0,1000,1000,1000,1000,0,0,0,0,0
2025-12-15 01:21:16.740,SERVO_OUTPUT_RAW,2831909786,SERVO_OUTPUT_RAW,0,0,0,0,0,0,0,0,1000,1000,1000,1000,0,0,0,0,0
2025-12-15 01:21:16.840,SERVO_OUTPUT_RAW,2832009808,SERVO_OUTPUT_RAW,0,0,0,0,0,0,0,0,1000,1000,1000,1000,0,0,0,0,0
2025-12-15 01:21:16.941,SERVO_OUTPUT_RAW,2832109828,SERVO_OUTPUT_RAW,0,0,0,0,0,0,0,0,1000,1000,1000,1000,0,0,0,0,0
2025-12-15 01:21:17.041,SERVO_OUTPUT_RAW,2832209837,SERVO_OUTPUT_RAW,0,0,0,0,0,0,0,0,1000,1000,1000,1000,0,0,0,0,0
2025-12-15 01:21:17.141,SERVO_OUTPUT_RAW,2832309859,SERVO_OUTPUT_RAW,0,0,0,0,0,0,0,0,1000,1000,1000,1000,0,0,0,0,0
2025-12-15 01:21:17.240,SERVO_OUTPUT_RAW,2832409788,SERVO_OUTPUT_RAW,0,0,0,0,0,0,0,0,1000,1000,1000,1000,0,0,0,0,0
2025-12-15 01:21:17.340,SERVO_OUTPUT_RAW,2832509819,SERVO_OUTPUT_RAW,0,0,0,0,0,0,0,0,1000,1000,1000,1000,0,0,0,0,0
2025-12-15 01:21:17.440,SERVO_OUTPUT_RAW,2832609822,SERVO_OUTPUT_RAW,0,0,0,0,0,0,0,0,1000,1000,1000,1000,0,0,0,0,0
2025-12-15 01:21:17.541,SERVO_OUTPUT_RAW,2832709806,SERVO_OUTPUT_RAW,0,0,0,0,0,0,0,0,1000,1000,1000,1000,0,0,0,0,0
2025-12-15 01:21:17.640,SERVO_OUTPUT_RAW,2832809870,SERVO_OUTPUT_RAW,0,0,0,0,0,0,0,0,1000,1000,1000,1000,0,0,0,0,0
2025-12-15 01:21:17.740,SERVO_OUTPUT_RAW,2832909776,SERVO_OUTPUT_RAW,0,0,0,0,0,0,0,0,1000,1000,1000,1000,0,0,0,0,0
2025-12-15 01:21:17.840,SERVO_OUTPUT_RAW,2833009791,SERVO_OUTPUT_RAW,0,0,0,0,0,0,0,0,1000,1000,1000,1000,0,0,0,0,0
2025-12-15 01:21:17.940,SERVO_OUTPUT_RAW,2833109800,SERVO_OUTPUT_RAW,0,0,0,0,0,0,0,0,1000,1000,1000,1000,0,0,0,0,0
2025-12-15 01:21:18.040,SERVO_OUTPUT_RAW,2833209808,SERVO_OUTPUT_RAW,0,0,0,0,0,0,0,0,1000,1000,1000,1000,0,0,0,0,0
2025-12-15 01:21:18.140,SERVO_OUTPUT_RAW,2833309836,SERVO_OUTPUT_RAW,0,0,0,0,0,0,0,0,1000,1000,1000,1000,0,0,0,0,0
2025-12-15 01:21:18.240,SERVO_OUTPUT_RAW,2833409859,SERVO_OUTPUT_RAW,0,0,0,0,0,0,0,0,1000,1000,1000,1000,0,0,0,0,0
2025-12-15 01:21:18.340,SERVO_OUTPUT_RAW,2833509814,SERVO_OUTPUT_RAW,0,0,0,0,0,0,0,0,1000,1000,1000,1000,0,0,0,0,0
2025-12-15 01:21:18.441,SERVO_OUTPUT_RAW,2833609801,SERVO_OUTPUT_RAW,0,0,0,0,0,0,0,0,1000,1000,1000,1000,0,0,0,0,0
2025-12-15 01:21:18.540,SERVO_OUTPUT_RAW,2833709819,SERVO_OUTPUT_RAW,0,0,0,0,0,0,0,0,1000,1000,1000,1000,0,0,0,0,0
2025-12-15 01:21:18.640,SERVO_OUTPUT_RAW,2833809840,SERVO_OUTPUT_RAW,0,0,0,0,0,0,0,0,1000,1000,1000,1000,0,0,0,0,0
2025-12-15 01:21:18.741,SERVO_OUTPUT_RAW,2833909782,SERVO_OUTPUT_RAW,0,0,0,0,0,0,0,0,1000,1000,1000,1000,0,0,0,0,0
2025-12-15 01:21:18.840,SERVO_OUTPUT_RAW,2834009788,SERVO_OUTPUT_RAW,0,0,0,0,0,0,0,0,1000,1000,1000,1000,0,0,0,0,0
2025-12-15 01:21:18.940,SERVO_OUTPUT_RAW,2834109816,SERVO_OUTPUT_RAW,0,0,0,0,0,0,0,0,1000,1000,1000,1000,0,0,0,0,0
2025-12-15 01:21:19.040,SERVO_OUTPUT_RAW,2834209818,SERVO_OUTPUT_RAW,0,0,0,0,0,0,0,0,1000,1000,1000,1000,0,0,0,0,0
2025-12-15 01:21:19.140,SERVO_OUTPUT_RAW,2834309792,SERVO_OUTPUT_RAW,0,0,0,0,0,0,0,0,1000,1000,1000,1000,0,0,0,0,0
2025-12-15 01:21:19.240,SERVO_OUTPUT_RAW,2834409780,SERVO_OUTPUT_RAW,0,0,0,0,0,0,0,0,1000,1000,1000,1000,0,0,0,0,0
2025-12-15 01:21:19.340,SERVO_OUTPUT_RAW,2834509795,SERVO_OUTPUT_RAW,0,0,0,0,0,0,0,0,1000,1000,1000,1000,0,0,0,0,0
2025-12-15 01:21:19.441,SERVO_OUTPUT_RAW,2834609780,SERVO_OUTPUT_RAW,0,0,0,0,0,0,0,0,1000,1000,1000,1000,0,0,0,0,0
2025-12-15 01:21:19.540,SERVO_OUTPUT_RAW,2834709797,SERVO_OUTPUT_RAW,0,0,0,0,0,0,0,0,1000,1000,1000,1000,0,0,0,0,0
2025-12-15 01:21:19.640,SERVO_OUTPUT_RAW,2834809824,SERVO_OUTPUT_RAW,0,0,0,0,0,0,0,0,1000,1000,1000,1000,0,0,0,0,0
2025-12-15 01:21:19.740,SERVO_OUTPUT_RAW,2834912162,SERVO_OUTPUT_RAW,0,0,0,0,0,0,0,0,1000,1000,1000,1000,0,0,0,0,0
2025-12-15 01:21:19.840,SERVO_OUTPUT_RAW,2835009877,SERVO_OUTPUT_RAW,0,0,0,0,0,0,0,0,1000,1000,1000,1000,0,0,0,0,0
2025-12-15 01:21:19.941,SERVO_OUTPUT_RAW,2835109807,SERVO_OUTPUT_RAW,0,0,0,0,0,0,0,0,1000,1000,1000,1000,0,0,0,0,0
2025-12-15 01:21:20.040,SERVO_OUTPUT_RAW,2835209828,SERVO_OUTPUT_RAW,0,0,0,0,0,0,0,0,1000,1000,1000,1000,0,0,0,0,0
2025-12-15 01:21:20.140,SERVO_OUTPUT_RAW,2835309835,SERVO_OUTPUT_RAW,0,0,0,0,0,0,0,0,1000,1000,1000,1000,0,0,0,0,0
2025-12-15 01:21:20.240,SERVO_OUTPUT_RAW,2835409844,SERVO_OUTPUT_RAW,0,0,0,0,0,0,0,0,1000,1000,1000,1000,0,0,0,0,0
2025-12-15 01:21:20.340,SERVO_OUTPUT_RAW,2835509869,SERVO_OUTPUT_RAW,0,0,0,0,0,0,0,0,1000,1000,1000,1000,0,0,0,0,0
2025-12-15 01:21:20.440,SERVO_OUTPUT_RAW,2835609827,SERVO_OUTPUT_RAW,0,0,0,0,0,0,0,0,1000,1000,1000,1000,0,0,0,0,0
2025-12-15 01:21:20.540,SERVO_OUTPUT_RAW,2835709822,SERVO_OUTPUT_RAW,0,0,0,0,0,0,0,0,1000,1000,1000,1000,0,0,0,0,0
2025-12-15 01:21:20.640,SERVO_OUTPUT_RAW,2835809819,SERVO_OUTPUT_RAW,0,0,0,0,0,0,0,0,1000,1000,1000,1000,0,0,0,0,0
2025-12-15 01:21:20.741,SERVO_OUTPUT_RAW,2835909791,SERVO_OUTPUT_RAW,0,0,0,0,0,0,0,0,1000,1000,1000,1000,0,0,0,0,0
2025-12-15 01:21:20.840,SERVO_OUTPUT_RAW,2836009789,SERVO_OUTPUT_RAW,0,0,0,0,0,0,0,0,1000,1000,1000,1000,0,0,0,0,0
2025-12-15 01:21:20.940,SERVO_OUTPUT_RAW,2836109800,SERVO_OUTPUT_RAW,0,0,0,0,0,0,0,0,1000,1000,1000,1000,0,0,0,0,0
2025-12-15 01:21:21.040,SERVO_OUTPUT_RAW,2836209775,SERVO_OUTPUT_RAW,0,0,0,0,0,0,0,0,1000,1000,1000,1000,0,0,0,0,0
2025-12-15 01:21:21.140,SERVO_OUTPUT_RAW,2836309783,SERVO_OUTPUT_RAW,0,0,0,0,0,0,0,0,1000,1000,1000,1000,0,0,0,0,0
2025-12-15 01:21:21.240,SERVO_OUTPUT_RAW,2836409816,SERVO_OUTPUT_RAW,0,0,0,0,0,0,0,0,1000,1000,1000,1000,0,0,0,0,0
2025-12-15 01:21:21.340,SERVO_OUTPUT_RAW,2836509841,SERVO_OUTPUT_RAW,0,0,0,0,0,0,0,0,1000,1000,1000,1000,0,0,0,0,0
2025-12-15 01:21:21.441,SERVO_OUTPUT_RAW,2836609803,SERVO_OUTPUT_RAW,0,0,0,0,0,0,0,0,1000,1000,1000,1000,0,0,0,0,0
2025-12-15 01:21:21.540,SERVO_OUTPUT_RAW,2836709791,SERVO_OUTPUT_RAW,0,0,0,0,0,0,0,0,1000,1000,1000,1000,0,0,0,0,0
2025-12-15 01:21:21.640,SERVO_OUTPUT_RAW,2836809813,SERVO_OUTPUT_RAW,0,0,0,0,0,0,0,0,1000,1000,1000,1000,0,0,0,0,0
2025-12-15 01:21:21.741,SERVO_OUTPUT_RAW,2836909863,SERVO_OUTPUT_RAW,0,0,0,0,0,0,0,0,1000,1000,1000,1000,0,0,0,0,0
2025-12-15 01:21:21.840,SERVO_OUTPUT_RAW,2837009859,SERVO_OUTPUT_RAW,0,0,0,0,0,0,0,0,1000,1000,1000,1000,0,0,0,0,0
2025-12-15 01:21:21.940,SERVO_OUTPUT_RAW,2837109795,SERVO_OUTPUT_RAW,0,0,0,0,0,0,0,0,1000,1000,1000,1000,0,0,0,0,0
2025-12-15 01:21:22.041,SERVO_OUTPUT_RAW,2837209816,SERVO_OUTPUT_RAW,0,0,0,0,0,0,0,0,1000,1000,1000,1000,0,0,0,0,0
2025-12-15 01:21:22.140,SERVO_OUTPUT_RAW,2837309840,SERVO_OUTPUT_RAW,0,0,0,0,0,0,0,0,1000,1000,1000,1000,0,0,0,0,0
2025-12-15 01:21:22.240,SERVO_OUTPUT_RAW,2837409786,SERVO_OUTPUT_RAW,0,0,0,0,0,0,0,0,1000,1000,1000,1000,0,0,0,0,0
2025-12-15 01:21:22.341,SERVO_OUTPUT_RAW,2837509796,SERVO_OUTPUT_RAW,0,0,0,0,0,0,0,0,1000,1000,1000,1000,0,0,0,0,0
2025-12-15 01:21:22.441,SERVO_OUTPUT_RAW,2837609794,SERVO_OUTPUT_RAW,0,0,0,0,0,0,0,0,1000,1000,1000,1000,0,0,0,0,0
2025-12-15 01:21:22.542,SERVO_OUTPUT_RAW,2837709796,SERVO_OUTPUT_RAW,0,0,0,0,0,0,0,0,1000,1000,1000,1000,0,0,0,0,0
2025-12-15 01:21:22.641,SERVO_OUTPUT_RAW,2837809791,SERVO_OUTPUT_RAW,0,0,0,0,0,0,0,0,1000,1000,1000,1000,0,0,0,0,0
2025-12-15 01:21:22.741,SERVO_OUTPUT_RAW,2837909829,SERVO_OUTPUT_RAW,0,0,0,0,0,0,0,0,1000,1000,1000,1000,0,0,0,0,0
2025-12-15 01:21:22.841,SERVO_OUTPUT_RAW,2838009847,SERVO_OUTPUT_RAW,0,0,0,0,0,0,0,0,1000,1000,1000,1000,0,0,0,0,0
2025-12-15 01:21:22.941,SERVO_OUTPUT_RAW,2838109837,SERVO_OUTPUT_RAW,0,0,0,0,0,0,0,0,1000,1000,1000,1000,0,0,0,0,0
2025-12-15 01:21:23.041,SERVO_OUTPUT_RAW,2838209814,SERVO_OUTPUT_RAW,0,0,0,0,0,0,0,0,1000,1000,1000,1000,0,0,0,0,0
2025-12-15 01:21:23.141,SERVO_OUTPUT_RAW,2838309806,SERVO_OUTPUT_RAW,0,0,0,0,0,0,0,0,1000,1000,1000,1000,0,0,0,0,0
2025-12-15 01:21:23.241,SERVO_OUTPUT_RAW,2838409822,SERVO_OUTPUT_RAW,0,0,0,0,0,0,0,0,1000,1000,1000,1000,0,0,0,0,0
2025-12-15 01:21:23.341,SERVO_OUTPUT_RAW,2838509892,SERVO_OUTPUT_RAW,0,0,0,0,0,0,0,0,1000,1000,1000,1000,0,0,0,0,0
2025-12-15 01:21:23.441,SERVO_OUTPUT_RAW,2838609814,SERVO_OUTPUT_RAW,0,0,0,0,0,0,0,0,1000,1000,1000,1000,0,0,0,0,0
2025-12-15 01:21:23.541,SERVO_OUTPUT_RAW,2838709790,SERVO_OUTPUT_RAW,0,0,0,0,0,0,0,0,1000,1000,1000,1000,0,0,0,0,0
2025-12-15 01:21:23.641,SERVO_OUTPUT_RAW,2838809914,SERVO_OUTPUT_RAW,0,0,0,0,0,0,0,0,1000,1000,1000,1000,0,0,0,0,0
2025-12-15 01:21:23.741,SERVO_OUTPUT_RAW,2838909816,SERVO_OUTPUT_RAW,0,0,0,0,0,0,0,0,1000,1000,1000,1000,0,0,0,0,0
2025-12-15 01:21:23.841,SERVO_OUTPUT_RAW,2839009795,SERVO_OUTPUT_RAW,0,0,0,0,0,0,0,0,1000,1000,1000,1000,0,0,0,0,0
2025-12-15 01:21:23.941,SERVO_OUTPUT_RAW,2839109840,SERVO_OUTPUT_RAW,0,0,0,0,0,0,0,0,1000,1000,1000,1000,0,0,0,0,0
2025-12-15 01:21:24.041,SERVO_OUTPUT_RAW,2839209784,SERVO_OUTPUT_RAW,0,0,0,0,0,0,0,0,1000,1000,1000,1000,0,0,0,0,0
2025-12-15 01:21:24.141,SERVO_OUTPUT_RAW,2839309783,SERVO_OUTPUT_RAW,0,0,0,0,0,0,0,0,1000,1000,1000,1000,0,0,0,0,0
2025-12-15 01:21:24.241,SERVO_OUTPUT_RAW,2839409784,SERVO_OUTPUT_RAW,0,0,0,0,0,0,0,0,1000,1000,1000,1000,0,0,0,0,0
2025-12-15 01:21:24.341,SERVO_OUTPUT_RAW,2839512145,SERVO_OUTPUT_RAW,0,0,0,0,0,0,0,0,1000,1000,1000,1000,0,0,0,0,0
2025-12-15 01:21:24.441,SERVO_OUTPUT_RAW,2839609828,SERVO_OUTPUT_RAW,0,0,0,0,0,0,0,0,1000,1000,1000,1000,0,0,0,0,0
2025-12-15 01:21:24.541,SERVO_OUTPUT_RAW,2839712143,SERVO_OUTPUT_RAW,0,0,0,0,0,0,0,0,1000,1000,1000,1000,0,0,0,0,0
2025-12-15 01:21:24.641,SERVO_OUTPUT_RAW,2839809813,SERVO_OUTPUT_RAW,0,0,0,0,0,0,0,0,1000,1000,1000,1000,0,0,0,0,0
2025-12-15 01:21:24.741,SERVO_OUTPUT_RAW,2839909818,SERVO_OUTPUT_RAW,0,0,0,0,0,0,0,0,1000,1000,1000,1000,0,0,0,0,0
2025-12-15 01:21:24.841,SERVO_OUTPUT_RAW,2840009851,SERVO_OUTPUT_RAW,0,0,0,0,0,0,0,0,1000,1000,1000,1000,0,0,0,0,0
2025-12-15 01:21:24.942,SERVO_OUTPUT_RAW,2840109848,SERVO_OUTPUT_RAW,0,0,0,0,0,0,0,0,1000,1000,1000,1000,0,0,0,0,0
2025-12-15 01:21:25.041,SERVO_OUTPUT_RAW,2840209793,SERVO_OUTPUT_RAW,0,0,0,0,0,0,0,0,1000,1000,1000,1000,0,0,0,0,0
2025-12-15 01:21:25.141,SERVO_OUTPUT_RAW,2840309800,SERVO_OUTPUT_RAW,0,0,0,0,0,0,0,0,1000,1000,1000,1000,0,0,0,0,0
2025-12-15 01:21:25.241,SERVO_OUTPUT_RAW,2840409814,SERVO_OUTPUT_RAW,0,0,0,0,0,0,0,0,1000,1000,1000,1000,0,0,0,0,0
2025-12-15 01:21:25.341,SERVO_OUTPUT_RAW,2840509785,SERVO_OUTPUT_RAW,0,0,0,0,0,0,0,0,1000,1000,1000,1000,0,0,0,0,0
2025-12-15 01:21:25.441,SERVO_OUTPUT_RAW,2840609785,SERVO_OUTPUT_RAW,0,0,0,0,0,0,0,0,1000,1000,1000,1000,0,0,0,0,0
2025-12-15 01:21:25.542,SERVO_OUTPUT_RAW,2840709797,SERVO_OUTPUT_RAW,0,0,0,0,0,0,0,0,1000,1000,1000,1000,0,0,0,0,0
2025-12-15 01:21:25.641,SERVO_OUTPUT_RAW,2840809786,SERVO_OUTPUT_RAW,0,0,0,0,0,0,0,0,1000,1000,1000,1000,0,0,0,0,0
2025-12-15 01:21:25.740,SERVO_OUTPUT_RAW,2840909776,SERVO_OUTPUT_RAW,0,0,0,0,0,0,0,0,1000,1000,1000,1000,0,0,0,0,0
2025-12-15 01:21:25.841,SERVO_OUTPUT_RAW,2841009794,SERVO_OUTPUT_RAW,0,0,0,0,0,0,0,0,1000,1000,1000,1000,0,0,0,0,0
2025-12-15 01:21:25.941,SERVO_OUTPUT_RAW,2841109830,SERVO_OUTPUT_RAW,0,0,0,0,0,0,0,0,1000,1000,1000,1000,0,0,0,0,0
2025-12-15 01:21:26.041,SERVO_OUTPUT_RAW,2841212135,SERVO_OUTPUT_RAW,0,0,0,0,0,0,0,0,1000,1000,1000,1000,0,0,0,0,0
2025-12-15 01:21:26.141,SERVO_OUTPUT_RAW,2841309805,SERVO_OUTPUT_RAW,0,0,0,0,0,0,0,0,1000,1000,1000,1000,0,0,0,0,0
2025-12-15 01:21:26.241,SERVO_OUTPUT_RAW,2841409899,SERVO_OUTPUT_RAW,0,0,0,0,0,0,0,0,1000,1000,1000,1000,0,0,0,0,0
2025-12-15 01:21:26.342,SERVO_OUTPUT_RAW,2841509833,SERVO_OUTPUT_RAW,0,0,0,0,0,0,0,0,1000,1000,1000,1000,0,0,0,0,0
2025-12-15 01:21:26.441,SERVO_OUTPUT_RAW,2841609841,SERVO_OUTPUT_RAW,0,0,0,0,0,0,0,0,1000,1000,1000,1000,0,0,0,0,0
2025-12-15 01:21:26.541,SERVO_OUTPUT_RAW,2841709826,SERVO_OUTPUT_RAW,0,0,0,0,0,0,0,0,1000,1000,1000,1000,0,0,0,0,0
2025-12-15 01:21:26.641,SERVO_OUTPUT_RAW,2841809786,SERVO_OUTPUT_RAW,0,0,0,0,0,0,0,0,1000,1000,1000,1000,0,0,0,0,0
2025-12-15 01:21:26.741,SERVO_OUTPUT_RAW,2841909807,SERVO_OUTPUT_RAW,0,0,0,0,0,0,0,0,1000,1000,1000,1000,0,0,0,0,0
2025-12-15 01:21:26.841,SERVO_OUTPUT_RAW,2842009825,SERVO_OUTPUT_RAW,0,0,0,0,0,0,0,0,1000,1000,1000,1000,0,0,0,0,0
2025-12-15 01:21:26.942,SERVO_OUTPUT_RAW,2842109791,SERVO_OUTPUT_RAW,0,0,0,0,0,0,0,0,1000,1000,1000,1000,0,0,0,0,0
2025-12-15 01:21:27.041,SERVO_OUTPUT_RAW,2842209782,SERVO_OUTPUT_RAW,0,0,0,0,0,0,0,0,1000,1000,1000,1000,0,0,0,0,0
2025-12-15 01:21:27.140,SERVO_OUTPUT_RAW,2842309790,SERVO_OUTPUT_RAW,0,0,0,0,0,0,0,0,1000,1000,1000,1000,0,0,0,0,0
2025-12-15 01:21:27.240,SERVO_OUTPUT_RAW,2842409822,SERVO_OUTPUT_RAW,0,0,0,0,0,0,0,0,1000,1000,1000,1000,0,0,0,0,0
2025-12-15 01:21:27.341,SERVO_OUTPUT_RAW,2842509792,SERVO_OUTPUT_RAW,0,0,0,0,0,0,0,0,1000,1000,1000,1000,0,0,0,0,0
2025-12-15 01:21:27.442,SERVO_OUTPUT_RAW,2842609814,SERVO_OUTPUT_RAW,0,0,0,0,0,0,0,0,1000,1000,1000,1000,0,0,0,0,0
2025-12-15 01:21:27.540,SERVO_OUTPUT_RAW,2842709825,SERVO_OUTPUT_RAW,0,0,0,0,0,0,0,0,1000,1000,1000,1000,0,0,0,0,0
2025-12-15 01:21:27.640,SERVO_OUTPUT_RAW,2842809835,SERVO_OUTPUT_RAW,0,0,0,0,0,0,0,0,1000,1000,1000,1000,0,0,0,0,0
2025-12-15 01:21:27.741,SERVO_OUTPUT_RAW,2842909808,SERVO_OUTPUT_RAW,0,0,0,0,0,0,0,0,1000,1000,1000,1000,0,0,0,0,0
2025-12-15 01:21:27.840,SERVO_OUTPUT_RAW,2843009802,SERVO_OUTPUT_RAW,0,0,0,0,0,0,0,0,1000,1000,1000,1000,0,0,0,0,0
2025-12-15 01:21:27.940,SERVO_OUTPUT_RAW,2843109840,SERVO_OUTPUT_RAW,0,0,0,0,0,0,0,0,1000,1000,1000,1000,0,0,0,0,0
2025-12-15 01:21:28.040,SERVO_OUTPUT_RAW,2843209833,SERVO_OUTPUT_RAW,0,0,0,0,0,0,0,0,1000,1000,1000,1000,0,0,0,0,0
2025-12-15 01:21:28.140,SERVO_OUTPUT_RAW,2843309825,SERVO_OUTPUT_RAW,0,0,0,0,0,0,0,0,1000,1000,1000,1000,0,0,0,0,0
2025-12-15 01:21:28.241,SERVO_OUTPUT_RAW,2843409798,SERVO_OUTPUT_RAW,0,0,0,0,0,0,0,0,1000,1000,1000,1000,0,0,0,0,0
2025-12-15 01:21:28.341,SERVO_OUTPUT_RAW,2843509833,SERVO_OUTPUT_RAW,0,0,0,0,0,0,0,0,1000,1000,1000,1000,0,0,0,0,0
2025-12-15 01:21:28.441,SERVO_OUTPUT_RAW,2843609819,SERVO_OUTPUT_RAW,0,0,0,0,0,0,0,0,1000,1000,1000,1000,0,0,0,0,0
2025-12-15 01:21:28.541,SERVO_OUTPUT_RAW,2843709793,SERVO_OUTPUT_RAW,0,0,0,0,0,0,0,0,1000,1000,1000,1000,0,0,0,0,0
2025-12-15 01:21:28.641,SERVO_OUTPUT_RAW,2843809785,SERVO_OUTPUT_RAW,0,0,0,0,0,0,0,0,1000,1000,1000,1000,0,0,0,0,0
2025-12-15 01:21:28.741,SERVO_OUTPUT_RAW,2843909793,SERVO_OUTPUT_RAW,0,0,0,0,0,0,0,0,1000,1000,1000,1000,0,0,0,0,0
2025-12-15 01:21:28.840,SERVO_OUTPUT_RAW,2844009790,SERVO_OUTPUT_RAW,0,0,0,0,0,0,0,0,1000,1000,1000,1000,0,0,0,0,0
2025-12-15 01:21:28.940,SERVO_OUTPUT_RAW,2844109790,SERVO_OUTPUT_RAW,0,0,0,0,0,0,0,0,1000,1000,1000,1000,0,0,0,0,0
2025-12-15 01:21:29.040,SERVO_OUTPUT_RAW,2844209841,SERVO_OUTPUT_RAW,0,0,0,0,0,0,0,0,1000,1000,1000,1000,0,0,0,0,0
2025-12-15 01:21:29.141,SERVO_OUTPUT_RAW,2844309857,SERVO_OUTPUT_RAW,0,0,0,0,0,0,0,0,1000,1000,1000,1000,0,0,0,0,0
2025-12-15 01:21:29.241,SERVO_OUTPUT_RAW,2844409780,SERVO_OUTPUT_RAW,0,0,0,0,0,0,0,0,1000,1000,1000,1000,0,0,0,0,0
2025-12-15 01:21:29.340,SERVO_OUTPUT_RAW,2844509787,SERVO_OUTPUT_RAW,0,0,0,0,0,0,0,0,1000,1000,1000,1000,0,0,0,0,0
2025-12-15 01:21:29.441,SERVO_OUTPUT_RAW,2844609820,SERVO_OUTPUT_RAW,0,0,0,0,0,0,0,0,1000,1000,1000,1000,0,0,0,0,0
2025-12-15 01:21:29.540,SERVO_OUTPUT_RAW,2844709858,SERVO_OUTPUT_RAW,0,0,0,0,0,0,0,0,1000,1000,1000,1000,0,0,0,0,0
2025-12-15 01:21:29.640,SERVO_OUTPUT_RAW,2844809841,SERVO_OUTPUT_RAW,0,0,0,0,0,0,0,0,1000,1000,1000,1000,0,0,0,0,0
2025-12-15 01:21:29.741,SERVO_OUTPUT_RAW,2844909785,SERVO_OUTPUT_RAW,0,0,0,0,0,0,0,0,1000,1000,1000,1000,0,0,0,0,0
2025-12-15 01:21:29.841,SERVO_OUTPUT_RAW,2845009819,SERVO_OUTPUT_RAW,0,0,0,0,0,0,0,0,1000,1000,1000,1000,0,0,0,0,0
2025-12-15 01:21:29.941,SERVO_OUTPUT_RAW,2845109829,SERVO_OUTPUT_RAW,0,0,0,0,0,0,0,0,1000,1000,1000,1000,0,0,0,0,0
2025-12-15 01:21:30.041,SERVO_OUTPUT_RAW,2845209855,SERVO_OUTPUT_RAW,0,0,0,0,0,0,0,0,1000,1000,1000,1000,0,0,0,0,0
2025-12-15 01:21:30.141,SERVO_OUTPUT_RAW,2845309791,SERVO_OUTPUT_RAW,0,0,0,0,0,0,0,0,1000,1000,1000,1000,0,0,0,0,0
2025-12-15 01:21:30.241,SERVO_OUTPUT_RAW,2845409837,SERVO_OUTPUT_RAW,0,0,0,0,0,0,0,0,1000,1000,1000,1000,0,0,0,0,0
2025-12-15 01:21:30.341,SERVO_OUTPUT_RAW,2845509795,SERVO_OUTPUT_RAW,0,0,0,0,0,0,0,0,1000,1000,1000,1000,0,0,0,0,0
2025-12-15 01:21:30.441,SERVO_OUTPUT_RAW,2845609787,SERVO_OUTPUT_RAW,0,0,0,0,0,0,0,0,1000,1000,1000,1000,0,0,0,0,0
2025-12-15 01:21:30.541,SERVO_OUTPUT_RAW,2845709808,SERVO_OUTPUT_RAW,0,0,0,0,0,0,0,0,1000,1000,1000,1000,0,0,0,0,0
2025-12-15 01:21:30.641,SERVO_OUTPUT_RAW,2845809838,SERVO_OUTPUT_RAW,0,0,0,0,0,0,0,0,1000,1000,1000,1000,0,0,0,0,0
2025-12-15 01:21:30.741,SERVO_OUTPUT_RAW,2845909857,SERVO_OUTPUT_RAW,0,0,0,0,0,0,0,0,1000,1000,1000,1000,0,0,0,0,0
2025-12-15 01:21:30.841,SERVO_OUTPUT_RAW,2846009821,SERVO_OUTPUT_RAW,0,0,0,0,0,0,0,0,1000,1000,1000,1000,0,0,0,0,0
2025-12-15 01:21:30.941,SERVO_OUTPUT_RAW,2846109808,SERVO_OUTPUT_RAW,0,0,0,0,0,0,0,0,1000,1000,1000,1000,0,0,0,0,0
2025-12-15 01:21:31.041,SERVO_OUTPUT_RAW,2846209818,SERVO_OUTPUT_RAW,0,0,0,0,0,0,0,0,1000,1000,1000,1000,0,0,0,0,0
2025-12-15 01:21:31.141,SERVO_OUTPUT_RAW,2846309840,SERVO_OUTPUT_RAW,0,0,0,0,0,0,0,0,1000,1000,1000,1000,0,0,0,0,0
2025-12-15 01:21:31.241,SERVO_OUTPUT_RAW,2846409787,SERVO_OUTPUT_RAW,0,0,0,0,0,0,0,0,1000,1000,1000,1000,0,0,0,0,0
2025-12-15 01:21:31.341,SERVO_OUTPUT_RAW,2846509797,SERVO_OUTPUT_RAW,0,0,0,0,0,0,0,0,1000,1000,1000,1000,0,0,0,0,0
2025-12-15 01:21:31.441,SERVO_OUTPUT_RAW,2846609835,SERVO_OUTPUT_RAW,0,0,0,0,0,0,0,0,1000,1000,1000,1000,0,0,0,0,0
2025-12-15 01:21:31.541,SERVO_OUTPUT_RAW,2846709819,SERVO_OUTPUT_RAW,0,0,0,0,0,0,0,0,1000,1000,1000,1000,0,0,0,0,0
2025-12-15 01:21:31.641,SERVO_OUTPUT_RAW,2846809785,SERVO_OUTPUT_RAW,0,0,0,0,0,0,0,0,1000,1000,1000,1000,0,0,0,0,0
2025-12-15 01:21:31.741,SERVO_OUTPUT_RAW,2846909810,SERVO_OUTPUT_RAW,0,0,0,0,0,0,0,0,1000,1000,1000,1000,0,0,0,0,0
2025-12-15 01:21:31.841,SERVO_OUTPUT_RAW,2847009820,SERVO_OUTPUT_RAW,0,0,0,0,0,0,0,0,1000,1000,1000,1000,0,0,0,0,0
2025-12-15 01:21:31.941,SERVO_OUTPUT_RAW,2847109782,SERVO_OUTPUT_RAW,0,0,0,0,0,0,0,0,1000,1000,1000,1000,0,0,0,0,0
2025-12-15 01:21:32.041,SERVO_OUTPUT_RAW,2847212132,SERVO_OUTPUT_RAW,0,0,0,0,0,0,0,0,1000,1000,1000,1000,0,0,0,0,0
2025-12-15 01:21:32.141,SERVO_OUTPUT_RAW,2847309803,SERVO_OUTPUT_RAW,0,0,0,0,0,0,0,0,1000,1000,1000,1000,0,0,0,0,0
2025-12-15 01:21:32.241,SERVO_OUTPUT_RAW,2847409833,SERVO_OUTPUT_RAW,0,0,0,0,0,0,0,0,1000,1000,1000,1000,0,0,0,0,0
2025-12-15 01:21:32.341,SERVO_OUTPUT_RAW,2847512158,SERVO_OUTPUT_RAW,0,0,0,0,0,0,0,0,1000,1000,1000,1000,0,0,0,0,0
2025-12-15 01:21:32.443,SERVO_OUTPUT_RAW,2847609798,SERVO_OUTPUT_RAW,0,0,0,0,0,0,0,0,1000,1000,1000,1000,0,0,0,0,0
2025-12-15 01:21:32.541,SERVO_OUTPUT_RAW,2847709813,SERVO_OUTPUT_RAW,0,0,0,0,0,0,0,0,1000,1000,1000,1000,0,0,0,0,0
2025-12-15 01:21:32.641,SERVO_OUTPUT_RAW,2847809851,SERVO_OUTPUT_RAW,0,0,0,0,0,0,0,0,1000,1000,1000,1000,0,0,0,0,0
2025-12-15 01:21:32.741,SERVO_OUTPUT_RAW,2847909860,SERVO_OUTPUT_RAW,0,0,0,0,0,0,0,0,1000,1000,1000,1000,0,0,0,0,0
2025-12-15 01:21:32.841,SERVO_OUTPUT_RAW,2848009792,SERVO_OUTPUT_RAW,0,0,0,0,0,0,0,0,1000,1000,1000,1000,0,0,0,0,0
2025-12-15 01:21:32.942,SERVO_OUTPUT_RAW,2848109800,SERVO_OUTPUT_RAW,0,0,0,0,0,0,0,0,1000,1000,1000,1000,0,0,0,0,0
2025-12-15 01:21:33.041,SERVO_OUTPUT_RAW,2848209832,SERVO_OUTPUT_RAW,0,0,0,0,0,0,0,0,1000,1000,1000,1000,0,0,0,0,0
2025-12-15 01:21:33.141,SERVO_OUTPUT_RAW,2848309802,SERVO_OUTPUT_RAW,0,0,0,0,0,0,0,0,1000,1000,1000,1000,0,0,0,0,0
2025-12-15 01:21:33.241,SERVO_OUTPUT_RAW,2848409790,SERVO_OUTPUT_RAW,0,0,0,0,0,0,0,0,1000,1000,1000,1000,0,0,0,0,0
2025-12-15 01:21:33.341,SERVO_OUTPUT_RAW,2848509791,SERVO_OUTPUT_RAW,0,0,0,0,0,0,0,0,1000,1000,1000,1000,0,0,0,0,0
2025-12-15 01:21:33.441,SERVO_OUTPUT_RAW,2848609786,SERVO_OUTPUT_RAW,0,0,0,0,0,0,0,0,1000,1000,1000,1000,0,0,0,0,0
2025-12-15 01:21:33.541,SERVO_OUTPUT_RAW,2848709790,SERVO_OUTPUT_RAW,0,0,0,0,0,0,0,0,1000,1000,1000,1000,0,0,0,0,0
2025-12-15 01:21:33.641,SERVO_OUTPUT_RAW,2848809795,SERVO_OUTPUT_RAW,0,0,0,0,0,0,0,0,1000,1000,1000,1000,0,0,0,0,0
2025-12-15 01:21:33.741,SERVO_OUTPUT_RAW,2848909835,SERVO_OUTPUT_RAW,0,0,0,0,0,0,0,0,1000,1000,1000,1000,0,0,0,0,0
2025-12-15 01:21:33.842,SERVO_OUTPUT_RAW,2849009845,SERVO_OUTPUT_RAW,0,0,0,0,0,0,0,0,1000,1000,1000,1000,0,0,0,0,0
2025-12-15 01:21:33.941,SERVO_OUTPUT_RAW,2849109795,SERVO_OUTPUT_RAW,0,0,0,0,0,0,0,0,1000,1000,1000,1000,0,0,0,0,0
2025-12-15 01:21:34.041,SERVO_OUTPUT_RAW,2849209812,SERVO_OUTPUT_RAW,0,0,0,0,0,0,0,0,1000,1000,1000,1000,0,0,0,0,0
2025-12-15 01:21:34.141,SERVO_OUTPUT_RAW,2849309828,SERVO_OUTPUT_RAW,0,0,0,0,0,0,0,0,1000,1000,1000,1000,0,0,0,0,0
2025-12-15 01:21:34.242,SERVO_OUTPUT_RAW,2849409852,SERVO_OUTPUT_RAW,0,0,0,0,0,0,0,0,1000,1000,1000,1000,0,0,0,0,0
2025-12-15 01:21:34.341,SERVO_OUTPUT_RAW,2849509848,SERVO_OUTPUT_RAW,0,0,0,0,0,0,0,0,1000,1000,1000,1000,0,0,0,0,0
2025-12-15 01:21:34.441,SERVO_OUTPUT_RAW,2849609802,SERVO_OUTPUT_RAW,0,0,0,0,0,0,0,0,1000,1000,1000,1000,0,0,0,0,0
2025-12-15 01:21:34.541,SERVO_OUTPUT_RAW,2849709812,SERVO_OUTPUT_RAW,0,0,0,0,0,0,0,0,1000,1000,1000,1000,0,0,0,0,0
2025-12-15 01:21:34.642,SERVO_OUTPUT_RAW,2849809820,SERVO_OUTPUT_RAW,0,0,0,0,0,0,0,0,1000,1000,1000,1000,0,0,0,0,0
2025-12-15 01:21:34.741,SERVO_OUTPUT_RAW,2849909776,SERVO_OUTPUT_RAW,0,0,0,0,0,0,0,0,1000,1000,1000,1000,0,0,0,0,0
2025-12-15 01:21:34.841,SERVO_OUTPUT_RAW,2850009779,SERVO_OUTPUT_RAW,0,0,0,0,0,0,0,0,1000,1000,1000,1000,0,0,0,0,0
2025-12-15 01:21:34.942,SERVO_OUTPUT_RAW,2850109798,SERVO_OUTPUT_RAW,0,0,0,0,0,0,0,0,1000,1000,1000,1000,0,0,0,0,0
2025-12-15 01:21:35.041,SERVO_OUTPUT_RAW,2850209785,SERVO_OUTPUT_RAW,0,0,0,0,0,0,0,0,1000,1000,1000,1000,0,0,0,0,0
2025-12-15 01:21:35.141,SERVO_OUTPUT_RAW,2850312130,SERVO_OUTPUT_RAW,0,0,0,0,0,0,0,0,1000,1000,1000,1000,0,0,0,0,0
2025-12-15 01:21:35.242,SERVO_OUTPUT_RAW,2850409816,SERVO_OUTPUT_RAW,0,0,0,0,0,0,0,0,1000,1000,1000,1000,0,0,0,0,0
2025-12-15 01:21:35.341,SERVO_OUTPUT_RAW,2850512154,SERVO_OUTPUT_RAW,0,0,0,0,0,0,0,0,1000,1000,1000,1000,0,0,0,0,0
2025-12-15 01:21:35.442,SERVO_OUTPUT_RAW,2850609837,SERVO_OUTPUT_RAW,0,0,0,0,0,0,0,0,1000,1000,1000,1000,0,0,0,0,0
2025-12-15 01:21:35.542,SERVO_OUTPUT_RAW,2850709807,SERVO_OUTPUT_RAW,0,0,0,0,0,0,0,0,1000,1000,1000,1000,0,0,0,0,0
2025-12-15 01:21:35.641,SERVO_OUTPUT_RAW,2850809806,SERVO_OUTPUT_RAW,0,0,0,0,0,0,0,0,1000,1000,1000,1000,0,0,0,0,0
2025-12-15 01:21:35.741,SERVO_OUTPUT_RAW,2850909837,SERVO_OUTPUT_RAW,0,0,0,0,0,0,0,0,1000,1000,1000,1000,0,0,0,0,0
2025-12-15 01:21:35.841,SERVO_OUTPUT_RAW,2851009843,SERVO_OUTPUT_RAW,0,0,0,0,0,0,0,0,1000,1000,1000,1000,0,0,0,0,0
2025-12-15 01:21:35.941,SERVO_OUTPUT_RAW,2851109819,SERVO_OUTPUT_RAW,0,0,0,0,0,0,0,0,1000,1000,1000,1000,0,0,0,0,0
2025-12-15 01:21:36.041,SERVO_OUTPUT_RAW,2851209803,SERVO_OUTPUT_RAW,0,0,0,0,0,0,0,0,1000,1000,1000,1000,0,0,0,0,0
2025-12-15 01:21:36.141,SERVO_OUTPUT_RAW,2851309814,SERVO_OUTPUT_RAW,0,0,0,0,0,0,0,0,1000,1000,1000,1000,0,0,0,0,0
2025-12-15 01:21:36.241,SERVO_OUTPUT_RAW,2851409824,SERVO_OUTPUT_RAW,0,0,0,0,0,0,0,0,1000,1000,1000,1000,0,0,0,0,0
2025-12-15 01:21:36.341,SERVO_OUTPUT_RAW,2851509791,SERVO_OUTPUT_RAW,0,0,0,0,0,0,0,0,1000,1000,1000,1000,0,0,0,0,0
2025-12-15 01:21:36.440,SERVO_OUTPUT_RAW,2851609776,SERVO_OUTPUT_RAW,0,0,0,0,0,0,0,0,1000,1000,1000,1000,0,0,0,0,0
2025-12-15 01:21:36.540,SERVO_OUTPUT_RAW,2851709842,SERVO_OUTPUT_RAW,0,0,0,0,0,0,0,0,1000,1000,1000,1000,0,0,0,0,0
2025-12-15 01:21:36.640,SERVO_OUTPUT_RAW,2851809787,SERVO_OUTPUT_RAW,0,0,0,0,0,0,0,0,1000,1000,1000,1000,0,0,0,0,0
2025-12-15 01:21:36.740,SERVO_OUTPUT_RAW,2851909790,SERVO_OUTPUT_RAW,0,0,0,0,0,0,0,0,1000,1000,1000,1000,0,0,0,0,0
2025-12-15 01:21:36.840,SERVO_OUTPUT_RAW,2852009825,SERVO_OUTPUT_RAW,0,0,0,0,0,0,0,0,1000,1000,1000,1000,0,0,0,0,0
2025-12-15 01:21:36.940,SERVO_OUTPUT_RAW,2852112146,SERVO_OUTPUT_RAW,0,0,0,0,0,0,0,0,1000,1000,1000,1000,0,0,0,0,0
2025-12-15 01:21:37.040,SERVO_OUTPUT_RAW,2852209850,SERVO_OUTPUT_RAW,0,0,0,0,0,0,0,0,1000,1000,1000,1000,0,0,0,0,0
2025-12-15 01:21:37.141,SERVO_OUTPUT_RAW,2852309822,SERVO_OUTPUT_RAW,0,0,0,0,0,0,0,0,1000,1000,1000,1000,0,0,0,0,0
2025-12-15 01:21:37.241,SERVO_OUTPUT_RAW,2852409829,SERVO_OUTPUT_RAW,0,0,0,0,0,0,0,0,1000,1000,1000,1000,0,0,0,0,0
2025-12-15 01:21:37.341,SERVO_OUTPUT_RAW,2852509850,SERVO_OUTPUT_RAW,0,0,0,0,0,0,0,0,1000,1000,1000,1000,0,0,0,0,0
2025-12-15 01:21:37.441,SERVO_OUTPUT_RAW,2852609845,SERVO_OUTPUT_RAW,0,0,0,0,0,0,0,0,1000,1000,1000,1000,0,0,0,0,0
2025-12-15 01:21:37.541,SERVO_OUTPUT_RAW,2852709778,SERVO_OUTPUT_RAW,0,0,0,0,0,0,0,0,1000,1000,1000,1000,0,0,0,0,0
2025-12-15 01:21:37.641,SERVO_OUTPUT_RAW,2852809811,SERVO_OUTPUT_RAW,0,0,0,0,0,0,0,0,1000,1000,1000,1000,0,0,0,0,0
2025-12-15 01:21:37.741,SERVO_OUTPUT_RAW,2852909829,SERVO_OUTPUT_RAW,0,0,0,0,0,0,0,0,1000,1000,1000,1000,0,0,0,0,0
2025-12-15 01:21:37.841,SERVO_OUTPUT_RAW,2853009786,SERVO_OUTPUT_RAW,0,0,0,0,0,0,0,0,1000,1000,1000,1000,0,0,0,0,0
2025-12-15 01:21:37.941,SERVO_OUTPUT_RAW,2853109780,SERVO_OUTPUT_RAW,0,0,0,0,0,0,0,0,1000,1000,1000,1000,0,0,0,0,0
2025-12-15 01:21:38.041,SERVO_OUTPUT_RAW,2853209802,SERVO_OUTPUT_RAW,0,0,0,0,0,0,0,0,1000,1000,1000,1000,0,0,0,0,0
2025-12-15 01:21:38.141,SERVO_OUTPUT_RAW,2853309771,SERVO_OUTPUT_RAW,0,0,0,0,0,0,0,0,1000,1000,1000,1000,0,0,0,0,0
2025-12-15 01:21:38.241,SERVO_OUTPUT_RAW,2853412128,SERVO_OUTPUT_RAW,0,0,0,0,0,0,0,0,1000,1000,1000,1000,0,0,0,0,0
2025-12-15 01:21:38.341,SERVO_OUTPUT_RAW,2853509784,SERVO_OUTPUT_RAW,0,0,0,0,0,0,0,0,1000,1000,1000,1000,0,0,0,0,0
2025-12-15 01:21:38.441,SERVO_OUTPUT_RAW,2853609827,SERVO_OUTPUT_RAW,0,0,0,0,0,0,0,0,1000,1000,1000,1000,0,0,0,0,0
2025-12-15 01:21:38.541,SERVO_OUTPUT_RAW,2853709836,SERVO_OUTPUT_RAW,0,0,0,0,0,0,0,0,1000,1000,1000,1000,0,0,0,0,0
2025-12-15 01:21:38.641,SERVO_OUTPUT_RAW,2853812140,SERVO_OUTPUT_RAW,0,0,0,0,0,0,0,0,1000,1000,1000,1000,0,0,0,0,0
2025-12-15 01:21:38.741,SERVO_OUTPUT_RAW,2853909840,SERVO_OUTPUT_RAW,0,0,0,0,0,0,0,0,1000,1000,1000,1000,0,0,0,0,0
2025-12-15 01:21:38.841,SERVO_OUTPUT_RAW,2854009829,SERVO_OUTPUT_RAW,0,0,0,0,0,0,0,0,1000,1000,1000,1000,0,0,0,0,0
2025-12-15 01:21:38.941,SERVO_OUTPUT_RAW,2854109846,SERVO_OUTPUT_RAW,0,0,0,0,0,0,0,0,1000,1000,1000,1000,0,0,0,0,0
2025-12-15 01:21:39.041,SERVO_OUTPUT_RAW,2854209811,SERVO_OUTPUT_RAW,0,0,0,0,0,0,0,0,1000,1000,1000,1000,0,0,0,0,0
2025-12-15 01:21:39.141,SERVO_OUTPUT_RAW,2854309783,SERVO_OUTPUT_RAW,0,0,0,0,0,0,0,0,1000,1000,1000,1000,0,0,0,0,0
2025-12-15 01:21:39.241,SERVO_OUTPUT_RAW,2854409830,SERVO_OUTPUT_RAW,0,0,0,0,0,0,0,0,1000,1000,1000,1000,0,0,0,0,0
2025-12-15 01:21:39.341,SERVO_OUTPUT_RAW,2854509821,SERVO_OUTPUT_RAW,0,0,0,0,0,0,0,0,1000,1000,1000,1000,0,0,0,0,0
2025-12-15 01:21:39.441,SERVO_OUTPUT_RAW,2854609785,SERVO_OUTPUT_RAW,0,0,0,0,0,0,0,0,1000,1000,1000,1000,0,0,0,0,0
2025-12-15 01:21:39.541,SERVO_OUTPUT_RAW,2854709787,SERVO_OUTPUT_RAW,0,0,0,0,0,0,0,0,1000,1000,1000,1000,0,0,0,0,0
2025-12-15 01:21:39.641,SERVO_OUTPUT_RAW,2854809782,SERVO_OUTPUT_RAW,0,0,0,0,0,0,0,0,1000,1000,1000,1000,0,0,0,0,0
2025-12-15 01:21:39.741,SERVO_OUTPUT_RAW,2854909787,SERVO_OUTPUT_RAW,0,0,0,0,0,0,0,0,1000,1000,1000,1000,0,0,0,0,0
2025-12-15 01:21:39.841,SERVO_OUTPUT_RAW,2855012123,SERVO_OUTPUT_RAW,0,0,0,0,0,0,0,0,1000,1000,1000,1000,0,0,0,0,0
2025-12-15 01:21:39.942,SERVO_OUTPUT_RAW,2855109763,SERVO_OUTPUT_RAW,0,0,0,0,0,0,0,0,1000,1000,1000,1000,0,0,0,0,0
2025-12-15 01:21:40.041,SERVO_OUTPUT_RAW,2855209829,SERVO_OUTPUT_RAW,0,0,0,0,0,0,0,0,1000,1000,1000,1000,0,0,0,0,0
2025-12-15 01:21:40.141,SERVO_OUTPUT_RAW,2855309858,SERVO_OUTPUT_RAW,0,0,0,0,0,0,0,0,1000,1000,1000,1000,0,0,0,0,0
2025-12-15 01:21:40.241,SERVO_OUTPUT_RAW,2855409802,SERVO_OUTPUT_RAW,0,0,0,0,0,0,0,0,1000,1000,1000,1000,0,0,0,0,0
2025-12-15 01:21:40.341,SERVO_OUTPUT_RAW,2855509845,SERVO_OUTPUT_RAW,0,0,0,0,0,0,0,0,1000,1000,1000,1000,0,0,0,0,0
2025-12-15 01:21:40.441,SERVO_OUTPUT_RAW,2855609840,SERVO_OUTPUT_RAW,0,0,0,0,0,0,0,0,1000,1000,1000,1000,0,0,0,0,0
2025-12-15 01:21:40.541,SERVO_OUTPUT_RAW,2855709843,SERVO_OUTPUT_RAW,0,0,0,0,0,0,0,0,1000,1000,1000,1000,0,0,0,0,0
2025-12-15 01:21:40.641,SERVO_OUTPUT_RAW,2855809786,SERVO_OUTPUT_RAW,0,0,0,0,0,0,0,0,1000,1000,1000,1000,0,0,0,0,0
2025-12-15 01:21:40.741,SERVO_OUTPUT_RAW,2855909827,SERVO_OUTPUT_RAW,0,0,0,0,0,0,0,0,1000,1000,1000,1000,0,0,0,0,0
2025-12-15 01:21:40.841,SERVO_OUTPUT_RAW,2856009813,SERVO_OUTPUT_RAW,0,0,0,0,0,0,0,0,1000,1000,1000,1000,0,0,0,0,0
2025-12-15 01:21:40.941,SERVO_OUTPUT_RAW,2856109777,SERVO_OUTPUT_RAW,0,0,0,0,0,0,0,0,1000,1000,1000,1000,0,0,0,0,0
2025-12-15 01:21:41.041,SERVO_OUTPUT_RAW,2856209798,SERVO_OUTPUT_RAW,0,0,0,0,0,0,0,0,1000,1000,1000,1000,0,0,0,0,0
2025-12-15 01:21:41.141,SERVO_OUTPUT_RAW,2856309820,SERVO_OUTPUT_RAW,0,0,0,0,0,0,0,0,1000,1000,1000,1000,0,0,0,0,0
2025-12-15 01:21:41.241,SERVO_OUTPUT_RAW,2856409795,SERVO_OUTPUT_RAW,0,0,0,0,0,0,0,0,1000,1000,1000,1000,0,0,0,0,0
2025-12-15 01:21:41.342,SERVO_OUTPUT_RAW,2856509792,SERVO_OUTPUT_RAW,0,0,0,0,0,0,0,0,1000,1000,1000,1000,0,0,0,0,0
2025-12-15 01:21:41.441,SERVO_OUTPUT_RAW,2856609797,SERVO_OUTPUT_RAW,0,0,0,0,0,0,0,0,1000,1000,1000,1000,0,0,0,0,0
2025-12-15 01:21:41.541,SERVO_OUTPUT_RAW,2856709826,SERVO_OUTPUT_RAW,0,0,0,0,0,0,0,0,1000,1000,1000,1000,0,0,0,0,0
2025-12-15 01:21:41.642,SERVO_OUTPUT_RAW,2856809859,SERVO_OUTPUT_RAW,0,0,0,0,0,0,0,0,1000,1000,1000,1000,0,0,0,0,0
2025-12-15 01:21:41.741,SERVO_OUTPUT_RAW,2856909870,SERVO_OUTPUT_RAW,0,0,0,0,0,0,0,0,1000,1000,1000,1000,0,0,0,0,0
2025-12-15 01:21:41.842,SERVO_OUTPUT_RAW,2857009797,SERVO_OUTPUT_RAW,0,0,0,0,0,0,0,0,1000,1000,1000,1000,0,0,0,0,0
2025-12-15 01:21:41.942,SERVO_OUTPUT_RAW,2857109816,SERVO_OUTPUT_RAW,0,0,0,0,0,0,0,0,1000,1000,1000,1000,0,0,0,0,0
2025-12-15 01:21:42.041,SERVO_OUTPUT_RAW,2857209852,SERVO_OUTPUT_RAW,0,0,0,0,0,0,0,0,1000,1000,1000,1000,0,0,0,0,0
2025-12-15 01:21:42.141,SERVO_OUTPUT_RAW,2857309844,SERVO_OUTPUT_RAW,0,0,0,0,0,0,0,0,1000,1000,1000,1000,0,0,0,0,0
2025-12-15 01:21:42.241,SERVO_OUTPUT_RAW,2857409789,SERVO_OUTPUT_RAW,0,0,0,0,0,0,0,0,1000,1000,1000,1000,0,0,0,0,0
2025-12-15 01:21:42.341,SERVO_OUTPUT_RAW,2857509819,SERVO_OUTPUT_RAW,0,0,0,0,0,0,0,0,1000,1000,1000,1000,0,0,0,0,0
2025-12-15 01:21:42.443,SERVO_OUTPUT_RAW,2857609813,SERVO_OUTPUT_RAW,0,0,0,0,0,0,0,0,1000,1000,1000,1000,0,0,0,0,0
2025-12-15 01:21:42.541,SERVO_OUTPUT_RAW,2857709832,SERVO_OUTPUT_RAW,0,0,0,0,0,0,0,0,1000,1000,1000,1000,0,0,0,0,0
2025-12-15 01:21:42.641,SERVO_OUTPUT_RAW,2857809780,SERVO_OUTPUT_RAW,0,0,0,0,0,0,0,0,1000,1000,1000,1000,0,0,0,0,0
2025-12-15 01:21:42.742,SERVO_OUTPUT_RAW,2857909812,SERVO_OUTPUT_RAW,0,0,0,0,0,0,0,0,1000,1000,1000,1000,0,0,0,0,0
2025-12-15 01:21:42.841,SERVO_OUTPUT_RAW,2858009843,SERVO_OUTPUT_RAW,0,0,0,0,0,0,0,0,1000,1000,1000,1000,0,0,0,0,0
2025-12-15 01:21:42.942,SERVO_OUTPUT_RAW,2858109783,SERVO_OUTPUT_RAW,0,0,0,0,0,0,0,0,1000,1000,1000,1000,0,0,0,0,0
2025-12-15 01:21:43.042,SERVO_OUTPUT_RAW,2858209829,SERVO_OUTPUT_RAW,0,0,0,0,0,0,0,0,1000,1000,1000,1000,0,0,0,0,0
2025-12-15 01:21:43.142,SERVO_OUTPUT_RAW,2858309839,SERVO_OUTPUT_RAW,0,0,0,0,0,0,0,0,1000,1000,1000,1000,0,0,0,0,0
2025-12-15 01:21:43.242,SERVO_OUTPUT_RAW,2858409852,SERVO_OUTPUT_RAW,0,0,0,0,0,0,0,0,1000,1000,1000,1000,0,0,0,0,0
2025-12-15 01:21:43.342,SERVO_OUTPUT_RAW,2858509810,SERVO_OUTPUT_RAW,0,0,0,0,0,0,0,0,1000,1000,1000,1000,0,0,0,0,0
2025-12-15 01:21:43.441,SERVO_OUTPUT_RAW,2858609846,SERVO_OUTPUT_RAW,0,0,0,0,0,0,0,0,1000,1000,1000,1000,0,0,0,0,0
2025-12-15 01:21:43.542,SERVO_OUTPUT_RAW,2858709833,SERVO_OUTPUT_RAW,0,0,0,0,0,0,0,0,1000,1000,1000,1000,0,0,0,0,0
2025-12-15 01:21:43.642,SERVO_OUTPUT_RAW,2858809849,SERVO_OUTPUT_RAW,0,0,0,0,0,0,0,0,1000,1000,1000,1000,0,0,0,0,0
2025-12-15 01:21:43.741,SERVO_OUTPUT_RAW,2858909783,SERVO_OUTPUT_RAW,0,0,0,0,0,0,0,0,1000,1000,1000,1000,0,0,0,0,0
2025-12-15 01:21:43.841,SERVO_OUTPUT_RAW,2859009794,SERVO_OUTPUT_RAW,0,0,0,0,0,0,0,0,1000,1000,1000,1000,0,0,0,0,0
2025-12-15 01:21:43.941,SERVO_OUTPUT_RAW,2859109814,SERVO_OUTPUT_RAW,0,0,0,0,0,0,0,0,1000,1000,1000,1000,0,0,0,0,0
2025-12-15 01:21:44.042,SERVO_OUTPUT_RAW,2859209839,SERVO_OUTPUT_RAW,0,0,0,0,0,0,0,0,1000,1000,1000,1000,0,0,0,0,0
2025-12-15 01:21:44.142,SERVO_OUTPUT_RAW,2859309783,SERVO_OUTPUT_RAW,0,0,0,0,0,0,0,0,1000,1000,1000,1000,0,0,0,0,0
2025-12-15 01:21:44.241,SERVO_OUTPUT_RAW,2859409786,SERVO_OUTPUT_RAW,0,0,0,0,0,0,0,0,1000,1000,1000,1000,0,0,0,0,0
2025-12-15 01:21:44.342,SERVO_OUTPUT_RAW,2859509799,SERVO_OUTPUT_RAW,0,0,0,0,0,0,0,0,1000,1000,1000,1000,0,0,0,0,0
2025-12-15 01:21:44.442,SERVO_OUTPUT_RAW,2859609787,SERVO_OUTPUT_RAW,0,0,0,0,0,0,0,0,1000,1000,1000,1000,0,0,0,0,0
2025-12-15 01:21:44.542,SERVO_OUTPUT_RAW,2859709783,SERVO_OUTPUT_RAW,0,0,0,0,0,0,0,0,1000,1000,1000,1000,0,0,0,0,0
2025-12-15 01:21:44.642,SERVO_OUTPUT_RAW,2859809843,SERVO_OUTPUT_RAW,0,0,0,0,0,0,0,0,1000,1000,1000,1000,0,0,0,0,0
2025-12-15 01:21:44.742,SERVO_OUTPUT_RAW,2859909789,SERVO_OUTPUT_RAW,0,0,0,0,0,0,0,0,1000,1000,1000,1000,0,0,0,0,0
2025-12-15 01:21:44.842,SERVO_OUTPUT_RAW,2860009789,SERVO_OUTPUT_RAW,0,0,0,0,0,0,0,0,1000,1000,1000,1000,0,0,0,0,0
2025-12-15 01:21:44.942,SERVO_OUTPUT_RAW,2860112096,SERVO_OUTPUT_RAW,0,0,0,0,0,0,0,0,1000,1000,1000,1000,0,0,0,0,0
2025-12-15 01:21:45.042,SERVO_OUTPUT_RAW,2860209812,SERVO_OUTPUT_RAW,0,0,0,0,0,0,0,0,1000,1000,1000,1000,0,0,0,0,0
2025-12-15 01:21:45.142,SERVO_OUTPUT_RAW,2860309844,SERVO_OUTPUT_RAW,0,0,0,0,0,0,0,0,1000,1000,1000,1000,0,0,0,0,0
2025-12-15 01:21:45.242,SERVO_OUTPUT_RAW,2860409859,SERVO_OUTPUT_RAW,0,0,0,0,0,0,0,0,1000,1000,1000,1000,0,0,0,0,0
2025-12-15 01:21:45.342,SERVO_OUTPUT_RAW,2860509782,SERVO_OUTPUT_RAW,0,0,0,0,0,0,0,0,1000,1000,1000,1000,0,0,0,0,0
2025-12-15 01:21:45.442,SERVO_OUTPUT_RAW,2860609813,SERVO_OUTPUT_RAW,0,0,0,0,0,0,0,0,1000,1000,1000,1000,0,0,0,0,0
2025-12-15 01:21:45.542,SERVO_OUTPUT_RAW,2860709825,SERVO_OUTPUT_RAW,0,0,0,0,0,0,0,0,1000,1000,1000,1000,0,0,0,0,0
2025-12-15 01:21:45.642,SERVO_OUTPUT_RAW,2860809834,SERVO_OUTPUT_RAW,0,0,0,0,0,0,0,0,1000,1000,1000,1000,0,0,0,0,0
2025-12-15 01:21:45.742,SERVO_OUTPUT_RAW,2860909783,SERVO_OUTPUT_RAW,0,0,0,0,0,0,0,0,1000,1000,1000,1000,0,0,0,0,0
2025-12-15 01:21:45.842,SERVO_OUTPUT_RAW,2861009786,SERVO_OUTPUT_RAW,0,0,0,0,0,0,0,0,1000,1000,1000,1000,0,0,0,0,0
2025-12-15 01:21:45.941,SERVO_OUTPUT_RAW,2861109784,SERVO_OUTPUT_RAW,0,0,0,0,0,0,0,0,1000,1000,1000,1000,0,0,0,0,0
2025-12-15 01:21:46.041,SERVO_OUTPUT_RAW,2861209786,SERVO_OUTPUT_RAW,0,0,0,0,0,0,0,0,1000,1000,1000,1000,0,0,0,0,0
2025-12-15 01:21:46.141,SERVO_OUTPUT_RAW,2861309822,SERVO_OUTPUT_RAW,0,0,0,0,0,0,0,0,1000,1000,1000,1000,0,0,0,0,0
2025-12-15 01:21:46.241,SERVO_OUTPUT_RAW,2861409827,SERVO_OUTPUT_RAW,0,0,0,0,0,0,0,0,1000,1000,1000,1000,0,0,0,0,0
2025-12-15 01:21:46.341,SERVO_OUTPUT_RAW,2861509839,SERVO_OUTPUT_RAW,0,0,0,0,0,0,0,0,1000,1000,1000,1000,0,0,0,0,0
2025-12-15 01:21:46.441,SERVO_OUTPUT_RAW,2861609797,SERVO_OUTPUT_RAW,0,0,0,0,0,0,0,0,1000,1000,1000,1000,0,0,0,0,0
2025-12-15 01:21:46.541,SERVO_OUTPUT_RAW,2861709801,SERVO_OUTPUT_RAW,0,0,0,0,0,0,0,0,1000,1000,1000,1000,0,0,0,0,0
2025-12-15 01:21:46.641,SERVO_OUTPUT_RAW,2861809829,SERVO_OUTPUT_RAW,0,0,0,0,0,0,0,0,1000,1000,1000,1000,0,0,0,0,0
2025-12-15 01:21:46.741,SERVO_OUTPUT_RAW,2861909839,SERVO_OUTPUT_RAW,0,0,0,0,0,0,0,0,1000,1000,1000,1000,0,0,0,0,0
2025-12-15 01:21:46.841,SERVO_OUTPUT_RAW,2862009786,SERVO_OUTPUT_RAW,0,0,0,0,0,0,0,0,1000,1000,1000,1000,0,0,0,0,0
2025-12-15 01:21:46.941,SERVO_OUTPUT_RAW,2862109805,SERVO_OUTPUT_RAW,0,0,0,0,0,0,0,0,1000,1000,1000,1000,0,0,0,0,0
2025-12-15 01:21:47.041,SERVO_OUTPUT_RAW,2862209821,SERVO_OUTPUT_RAW,0,0,0,0,0,0,0,0,1000,1000,1000,1000,0,0,0,0,0
2025-12-15 01:21:47.141,SERVO_OUTPUT_RAW,2862309834,SERVO_OUTPUT_RAW,0,0,0,0,0,0,0,0,1000,1000,1000,1000,0,0,0,0,0
2025-12-15 01:21:47.241,SERVO_OUTPUT_RAW,2862409781,SERVO_OUTPUT_RAW,0,0,0,0,0,0,0,0,1000,1000,1000,1000,0,0,0,0,0
2025-12-15 01:21:47.341,SERVO_OUTPUT_RAW,2862509781,SERVO_OUTPUT_RAW,0,0,0,0,0,0,0,0,1000,1000,1000,1000,0,0,0,0,0
2025-12-15 01:21:47.442,SERVO_OUTPUT_RAW,2862609785,SERVO_OUTPUT_RAW,0,0,0,0,0,0,0,0,1000,1000,1000,1000,0,0,0,0,0
2025-12-15 01:21:47.541,SERVO_OUTPUT_RAW,2862709777,SERVO_OUTPUT_RAW,0,0,0,0,0,0,0,0,1000,1000,1000,1000,0,0,0,0,0
2025-12-15 01:21:47.641,SERVO_OUTPUT_RAW,2862809793,SERVO_OUTPUT_RAW,0,0,0,0,0,0,0,0,1000,1000,1000,1000,0,0,0,0,0
2025-12-15 01:21:47.741,SERVO_OUTPUT_RAW,2862909799,SERVO_OUTPUT_RAW,0,0,0,0,0,0,0,0,1000,1000,1000,1000,0,0,0,0,0
2025-12-15 01:21:47.841,SERVO_OUTPUT_RAW,2863009822,SERVO_OUTPUT_RAW,0,0,0,0,0,0,0,0,1000,1000,1000,1000,0,0,0,0,0
2025-12-15 01:21:47.942,SERVO_OUTPUT_RAW,2863112155,SERVO_OUTPUT_RAW,0,0,0,0,0,0,0,0,1000,1000,1000,1000,0,0,0,0,0
2025-12-15 01:21:48.041,SERVO_OUTPUT_RAW,2863209809,SERVO_OUTPUT_RAW,0,0,0,0,0,0,0,0,1000,1000,1000,1000,0,0,0,0,0
2025-12-15 01:21:48.141,SERVO_OUTPUT_RAW,2863309841,SERVO_OUTPUT_RAW,0,0,0,0,0,0,0,0,1000,1000,1000,1000,0,0,0,0,0
2025-12-15 01:21:48.241,SERVO_OUTPUT_RAW,2863409836,SERVO_OUTPUT_RAW,0,0,0,0,0,0,0,0,1000,1000,1000,1000,0,0,0,0,0
2025-12-15 01:21:48.342,SERVO_OUTPUT_RAW,2863509845,SERVO_OUTPUT_RAW,0,0,0,0,0,0,0,0,1000,1000,1000,1000,0,0,0,0,0
2025-12-15 01:21:48.441,SERVO_OUTPUT_RAW,2863609795,SERVO_OUTPUT_RAW,0,0,0,0,0,0,0,0,1000,1000,1000,1000,0,0,0,0,0
2025-12-15 01:21:48.541,SERVO_OUTPUT_RAW,2863709824,SERVO_OUTPUT_RAW,0,0,0,0,0,0,0,0,1000,1000,1000,1000,0,0,0,0,0
2025-12-15 01:21:48.641,SERVO_OUTPUT_RAW,2863809831,SERVO_OUTPUT_RAW,0,0,0,0,0,0,0,0,1000,1000,1000,1000,0,0,0,0,0
2025-12-15 01:21:48.741,SERVO_OUTPUT_RAW,2863909782,SERVO_OUTPUT_RAW,0,0,0,0,0,0,0,0,1000,1000,1000,1000,0,0,0,0,0
2025-12-15 01:21:48.842,SERVO_OUTPUT_RAW,2864009799,SERVO_OUTPUT_RAW,0,0,0,0,0,0,0,0,1000,1000,1000,1000,0,0,0,0,0
2025-12-15 01:21:48.941,SERVO_OUTPUT_RAW,2864109777,SERVO_OUTPUT_RAW,0,0,0,0,0,0,0,0,1000,1000,1000,1000,0,0,0,0,0
2025-12-15 01:21:49.042,SERVO_OUTPUT_RAW,2864209788,SERVO_OUTPUT_RAW,0,0,0,0,0,0,0,0,1000,1000,1000,1000,0,0,0,0,0
2025-12-15 01:21:49.141,SERVO_OUTPUT_RAW,2864309853,SERVO_OUTPUT_RAW,0,0,0,0,0,0,0,0,1000,1000,1000,1000,0,0,0,0,0
2025-12-15 01:21:49.241,SERVO_OUTPUT_RAW,2864409782,SERVO_OUTPUT_RAW,0,0,0,0,0,0,0,0,1000,1000,1000,1000,0,0,0,0,0
2025-12-15 01:21:49.341,SERVO_OUTPUT_RAW,2864509823,SERVO_OUTPUT_RAW,0,0,0,0,0,0,0,0,1000,1000,1000,1000,0,0,0,0,0
2025-12-15 01:21:49.442,SERVO_OUTPUT_RAW,2864609830,SERVO_OUTPUT_RAW,0,0,0,0,0,0,0,0,1000,1000,1000,1000,0,0,0,0,0
2025-12-15 01:21:49.541,SERVO_OUTPUT_RAW,2864709879,SERVO_OUTPUT_RAW,0,0,0,0,0,0,0,0,1000,1000,1000,1000,0,0,0,0,0
2025-12-15 01:21:49.641,SERVO_OUTPUT_RAW,2864809823,SERVO_OUTPUT_RAW,0,0,0,0,0,0,0,0,1000,1000,1000,1000,0,0,0,0,0
2025-12-15 01:21:49.742,SERVO_OUTPUT_RAW,2864909832,SERVO_OUTPUT_RAW,0,0,0,0,0,0,0,0,1000,1000,1000,1000,0,0,0,0,0
2025-12-15 01:21:49.841,SERVO_OUTPUT_RAW,2865009877,SERVO_OUTPUT_RAW,0,0,0,0,0,0,0,0,1000,1000,1000,1000,0,0,0,0,0
2025-12-15 01:21:49.942,SERVO_OUTPUT_RAW,2865109779,SERVO_OUTPUT_RAW,0,0,0,0,0,0,0,0,1000,1000,1000,1000,0,0,0,0,0
2025-12-15 01:21:50.041,SERVO_OUTPUT_RAW,2865209780,SERVO_OUTPUT_RAW,0,0,0,0,0,0,0,0,1000,1000,1000,1000,0,0,0,0,0
2025-12-15 01:21:50.142,SERVO_OUTPUT_RAW,2865309816,SERVO_OUTPUT_RAW,0,0,0,0,0,0,0,0,1000,1000,1000,1000,0,0,0,0,0
2025-12-15 01:21:50.242,SERVO_OUTPUT_RAW,2865409807,SERVO_OUTPUT_RAW,0,0,0,0,0,0,0,0,1000,1000,1000,1000,0,0,0,0,0
2025-12-15 01:21:50.342,SERVO_OUTPUT_RAW,2865509775,SERVO_OUTPUT_RAW,0,0,0,0,0,0,0,0,1000,1000,1000,1000,0,0,0,0,0
2025-12-15 01:21:50.441,SERVO_OUTPUT_RAW,2865609789,SERVO_OUTPUT_RAW,0,0,0,0,0,0,0,0,1000,1000,1000,1000,0,0,0,0,0
2025-12-15 01:21:50.541,SERVO_OUTPUT_RAW,2865709784,SERVO_OUTPUT_RAW,0,0,0,0,0,0,0,0,1000,1000,1000,1000,0,0,0,0,0
2025-12-15 01:21:50.641,SERVO_OUTPUT_RAW,2865809813,SERVO_OUTPUT_RAW,0,0,0,0,0,0,0,0,1000,1000,1000,1000,0,0,0,0,0
2025-12-15 01:21:50.741,SERVO_OUTPUT_RAW,2865909796,SERVO_OUTPUT_RAW,0,0,0,0,0,0,0,0,1000,1000,1000,1000,0,0,0,0,0
2025-12-15 01:21:50.842,SERVO_OUTPUT_RAW,2866009807,SERVO_OUTPUT_RAW,0,0,0,0,0,0,0,0,1000,1000,1000,1000,0,0,0,0,0
2025-12-15 01:21:50.941,SERVO_OUTPUT_RAW,2866109845,SERVO_OUTPUT_RAW,0,0,0,0,0,0,0,0,1000,1000,1000,1000,0,0,0,0,0
2025-12-15 01:21:51.041,SERVO_OUTPUT_RAW,2866209841,SERVO_OUTPUT_RAW,0,0,0,0,0,0,0,0,1000,1000,1000,1000,0,0,0,0,0
2025-12-15 01:21:51.141,SERVO_OUTPUT_RAW,2866309814,SERVO_OUTPUT_RAW,0,0,0,0,0,0,0,0,1000,1000,1000,1000,0,0,0,0,0
2025-12-15 01:21:51.241,SERVO_OUTPUT_RAW,2866412099,SERVO_OUTPUT_RAW,0,0,0,0,0,0,0,0,1000,1000,1000,1000,0,0,0,0,0
2025-12-15 01:21:51.341,SERVO_OUTPUT_RAW,2866509823,SERVO_OUTPUT_RAW,0,0,0,0,0,0,0,0,1000,1000,1000,1000,0,0,0,0,0
2025-12-15 01:21:51.442,SERVO_OUTPUT_RAW,2866609870,SERVO_OUTPUT_RAW,0,0,0,0,0,0,0,0,1000,1000,1000,1000,0,0,0,0,0
2025-12-15 01:21:51.541,SERVO_OUTPUT_RAW,2866709788,SERVO_OUTPUT_RAW,0,0,0,0,0,0,0,0,1000,1000,1000,1000,0,0,0,0,0
2025-12-15 01:21:51.641,SERVO_OUTPUT_RAW,2866809797,SERVO_OUTPUT_RAW,0,0,0,0,0,0,0,0,1000,1000,1000,1000,0,0,0,0,0
2025-12-15 01:21:51.741,SERVO_OUTPUT_RAW,2866909819,SERVO_OUTPUT_RAW,0,0,0,0,0,0,0,0,1000,1000,1000,1000,0,0,0,0,0
2025-12-15 01:21:51.842,SERVO_OUTPUT_RAW,2867009819,SERVO_OUTPUT_RAW,0,0,0,0,0,0,0,0,1000,1000,1000,1000,0,0,0,0,0
2025-12-15 01:21:51.941,SERVO_OUTPUT_RAW,2867109785,SERVO_OUTPUT_RAW,0,0,0,0,0,0,0,0,1000,1000,1000,1000,0,0,0,0,0
2025-12-15 01:21:52.042,SERVO_OUTPUT_RAW,2867209785,SERVO_OUTPUT_RAW,0,0,0,0,0,0,0,0,1000,1000,1000,1000,0,0,0,0,0
2025-12-15 01:21:52.142,SERVO_OUTPUT_RAW,2867309801,SERVO_OUTPUT_RAW,0,0,0,0,0,0,0,0,1000,1000,1000,1000,0,0,0,0,0
2025-12-15 01:21:52.242,SERVO_OUTPUT_RAW,2867409796,SERVO_OUTPUT_RAW,0,0,0,0,0,0,0,0,1000,1000,1000,1000,0,0,0,0,0
2025-12-15 01:21:52.342,SERVO_OUTPUT_RAW,2867509795,SERVO_OUTPUT_RAW,0,0,0,0,0,0,0,0,1000,1000,1000,1000,0,0,0,0,0
2025-12-15 01:21:52.442,SERVO_OUTPUT_RAW,2867612180,SERVO_OUTPUT_RAW,0,0,0,0,0,0,0,0,1000,1000,1000,1000,0,0,0,0,0
2025-12-15 01:21:52.543,SERVO_OUTPUT_RAW,2867709826,SERVO_OUTPUT_RAW,0,0,0,0,0,0,0,0,1000,1000,1000,1000,0,0,0,0,0
2025-12-15 01:21:52.642,SERVO_OUTPUT_RAW,2867809873,SERVO_OUTPUT_RAW,0,0,0,0,0,0,0,0,1000,1000,1000,1000,0,0,0,0,0
2025-12-15 01:21:52.742,SERVO_OUTPUT_RAW,2867909806,SERVO_OUTPUT_RAW,0,0,0,0,0,0,0,0,1000,1000,1000,1000,0,0,0,0,0
2025-12-15 01:21:52.842,SERVO_OUTPUT_RAW,2868009811,SERVO_OUTPUT_RAW,0,0,0,0,0,0,0,0,1000,1000,1000,1000,0,0,0,0,0
2025-12-15 01:21:52.942,SERVO_OUTPUT_RAW,2868109835,SERVO_OUTPUT_RAW,0,0,0,0,0,0,0,0,1000,1000,1000,1000,0,0,0,0,0
2025-12-15 01:21:53.043,SERVO_OUTPUT_RAW,2868209780,SERVO_OUTPUT_RAW,0,0,0,0,0,0,0,0,1000,1000,1000,1000,0,0,0,0,0
2025-12-15 01:21:53.142,SERVO_OUTPUT_RAW,2868309789,SERVO_OUTPUT_RAW,0,0,0,0,0,0,0,0,1000,1000,1000,1000,0,0,0,0,0
2025-12-15 01:21:53.242,SERVO_OUTPUT_RAW,2868409808,SERVO_OUTPUT_RAW,0,0,0,0,0,0,0,0,1000,1000,1000,1000,0,0,0,0,0
2025-12-15 01:21:53.342,SERVO_OUTPUT_RAW,2868509834,SERVO_OUTPUT_RAW,0,0,0,0,0,0,0,0,1000,1000,1000,1000,0,0,0,0,0
2025-12-15 01:21:53.442,SERVO_OUTPUT_RAW,2868609817,SERVO_OUTPUT_RAW,0,0,0,0,0,0,0,0,1000,1000,1000,1000,0,0,0,0,0
2025-12-15 01:21:53.542,SERVO_OUTPUT_RAW,2868709779,SERVO_OUTPUT_RAW,0,0,0,0,0,0,0,0,1000,1000,1000,1000,0,0,0,0,0
2025-12-15 01:21:53.642,SERVO_OUTPUT_RAW,2868809801,SERVO_OUTPUT_RAW,0,0,0,0,0,0,0,0,1000,1000,1000,1000,0,0,0,0,0
2025-12-15 01:21:53.742,SERVO_OUTPUT_RAW,2868909793,SERVO_OUTPUT_RAW,0,0,0,0,0,0,0,0,1000,1000,1000,1000,0,0,0,0,0
2025-12-15 01:21:53.842,SERVO_OUTPUT_RAW,2869009781,SERVO_OUTPUT_RAW,0,0,0,0,0,0,0,0,1000,1000,1000,1000,0,0,0,0,0
2025-12-15 01:21:53.942,SERVO_OUTPUT_RAW,2869109776,SERVO_OUTPUT_RAW,0,0,0,0,0,0,0,0,1000,1000,1000,1000,0,0,0,0,0
2025-12-15 01:21:54.042,SERVO_OUTPUT_RAW,2869209811,SERVO_OUTPUT_RAW,0,0,0,0,0,0,0,0,1000,1000,1000,1000,0,0,0,0,0
2025-12-15 01:21:54.142,SERVO_OUTPUT_RAW,2869309811,SERVO_OUTPUT_RAW,0,0,0,0,0,0,0,0,1000,1000,1000,1000,0,0,0,0,0
2025-12-15 01:21:54.242,SERVO_OUTPUT_RAW,2869409817,SERVO_OUTPUT_RAW,0,0,0,0,0,0,0,0,1000,1000,1000,1000,0,0,0,0,0
2025-12-15 01:21:54.342,SERVO_OUTPUT_RAW,2869509899,SERVO_OUTPUT_RAW,0,0,0,0,0,0,0,0,1000,1000,1000,1000,0,0,0,0,0
2025-12-15 01:21:54.442,SERVO_OUTPUT_RAW,2869609824,SERVO_OUTPUT_RAW,0,0,0,0,0,0,0,0,1000,1000,1000,1000,0,0,0,0,0
2025-12-15 01:21:54.542,SERVO_OUTPUT_RAW,2869709846,SERVO_OUTPUT_RAW,0,0,0,0,0,0,0,0,1000,1000,1000,1000,0,0,0,0,0
2025-12-15 01:21:54.642,SERVO_OUTPUT_RAW,2869809810,SERVO_OUTPUT_RAW,0,0,0,0,0,0,0,0,1000,1000,1000,1000,0,0,0,0,0
2025-12-15 01:21:54.742,SERVO_OUTPUT_RAW,2869909784,SERVO_OUTPUT_RAW,0,0,0,0,0,0,0,0,1000,1000,1000,1000,0,0,0,0,0
2025-12-15 01:21:54.842,SERVO_OUTPUT_RAW,2870009815,SERVO_OUTPUT_RAW,0,0,0,0,0,0,0,0,1000,1000,1000,1000,0,0,0,0,0
2025-12-15 01:21:54.944,SERVO_OUTPUT_RAW,2870109809,SERVO_OUTPUT_RAW,0,0,0,0,0,0,0,0,1000,1000,1000,1000,0,0,0,0,0
2025-12-15 01:21:55.042,SERVO_OUTPUT_RAW,2870209777,SERVO_OUTPUT_RAW,0,0,0,0,0,0,0,0,1000,1000,1000,1000,0,0,0,0,0
2025-12-15 01:21:55.142,SERVO_OUTPUT_RAW,2870309793,SERVO_OUTPUT_RAW,0,0,0,0,0,0,0,0,1000,1000,1000,1000,0,0,0,0,0
2025-12-15 01:21:55.242,SERVO_OUTPUT_RAW,2870409787,SERVO_OUTPUT_RAW,0,0,0,0,0,0,0,0,1000,1000,1000,1000,0,0,0,0,0
2025-12-15 01:21:55.342,SERVO_OUTPUT_RAW,2870509799,SERVO_OUTPUT_RAW,0,0,0,0,0,0,0,0,1000,1000,1000,1000,0,0,0,0,0
2025-12-15 01:21:55.441,SERVO_OUTPUT_RAW,2870612168,SERVO_OUTPUT_RAW,0,0,0,0,0,0,0,0,1000,1000,1000,1000,0,0,0,0,0
2025-12-15 01:21:55.542,SERVO_OUTPUT_RAW,2870709846,SERVO_OUTPUT_RAW,0,0,0,0,0,0,0,0,1000,1000,1000,1000,0,0,0,0,0
2025-12-15 01:21:55.643,SERVO_OUTPUT_RAW,2870809868,SERVO_OUTPUT_RAW,0,0,0,0,0,0,0,0,1000,1000,1000,1000,0,0,0,0,0
2025-12-15 01:21:55.741,SERVO_OUTPUT_RAW,2870909851,SERVO_OUTPUT_RAW,0,0,0,0,0,0,0,0,1000,1000,1000,1000,0,0,0,0,0
2025-12-15 01:21:55.841,SERVO_OUTPUT_RAW,2871009808,SERVO_OUTPUT_RAW,0,0,0,0,0,0,0,0,1000,1000,1000,1000,0,0,0,0,0
2025-12-15 01:21:55.941,SERVO_OUTPUT_RAW,2871109804,SERVO_OUTPUT_RAW,0,0,0,0,0,0,0,0,1000,1000,1000,1000,0,0,0,0,0
2025-12-15 01:21:56.042,SERVO_OUTPUT_RAW,2871209843,SERVO_OUTPUT_RAW,0,0,0,0,0,0,0,0,1000,1000,1000,1000,0,0,0,0,0
2025-12-15 01:21:56.143,SERVO_OUTPUT_RAW,2871309850,SERVO_OUTPUT_RAW,0,0,0,0,0,0,0,0,1000,1000,1000,1000,0,0,0,0,0
2025-12-15 01:21:56.241,SERVO_OUTPUT_RAW,2871409784,SERVO_OUTPUT_RAW,0,0,0,0,0,0,0,0,1000,1000,1000,1000,0,0,0,0,0
2025-12-15 01:21:56.341,SERVO_OUTPUT_RAW,2871509800,SERVO_OUTPUT_RAW,0,0,0,0,0,0,0,0,1000,1000,1000,1000,0,0,0,0,0
2025-12-15 01:21:56.442,SERVO_OUTPUT_RAW,2871609812,SERVO_OUTPUT_RAW,0,0,0,0,0,0,0,0,1000,1000,1000,1000,0,0,0,0,0
2025-12-15 01:21:56.541,SERVO_OUTPUT_RAW,2871709798,SERVO_OUTPUT_RAW,0,0,0,0,0,0,0,0,1000,1000,1000,1000,0,0,0,0,0
2025-12-15 01:21:56.641,SERVO_OUTPUT_RAW,2871809786,SERVO_OUTPUT_RAW,0,0,0,0,0,0,0,0,1000,1000,1000,1000,0,0,0,0,0
2025-12-15 01:21:56.741,SERVO_OUTPUT_RAW,2871909775,SERVO_OUTPUT_RAW,0,0,0,0,0,0,0,0,1000,1000,1000,1000,0,0,0,0,0
2025-12-15 01:21:56.841,SERVO_OUTPUT_RAW,2872009784,SERVO_OUTPUT_RAW,0,0,0,0,0,0,0,0,1000,1000,1000,1000,0,0,0,0,0
2025-12-15 01:21:56.941,SERVO_OUTPUT_RAW,2872109794,SERVO_OUTPUT_RAW,0,0,0,0,0,0,0,0,1000,1000,1000,1000,0,0,0,0,0
2025-12-15 01:21:57.041,SERVO_OUTPUT_RAW,2872209794,SERVO_OUTPUT_RAW,0,0,0,0,0,0,0,0,1000,1000,1000,1000,0,0,0,0,0
2025-12-15 01:21:57.141,SERVO_OUTPUT_RAW,2872309834,SERVO_OUTPUT_RAW,0,0,0,0,0,0,0,0,1000,1000,1000,1000,0,0,0,0,0
2025-12-15 01:21:57.241,SERVO_OUTPUT_RAW,2872409866,SERVO_OUTPUT_RAW,0,0,0,0,0,0,0,0,1000,1000,1000,1000,0,0,0,0,0
2025-12-15 01:21:57.341,SERVO_OUTPUT_RAW,2872509850,SERVO_OUTPUT_RAW,0,0,0,0,0,0,0,0,1000,1000,1000,1000,0,0,0,0,0
2025-12-15 01:21:57.442,SERVO_OUTPUT_RAW,2872609823,SERVO_OUTPUT_RAW,0,0,0,0,0,0,0,0,1000,1000,1000,1000,0,0,0,0,0
2025-12-15 01:21:57.541,SERVO_OUTPUT_RAW,2872712111,SERVO_OUTPUT_RAW,0,0,0,0,0,0,0,0,1000,1000,1000,1000,0,0,0,0,0
2025-12-15 01:21:57.641,SERVO_OUTPUT_RAW,2872809875,SERVO_OUTPUT_RAW,0,0,0,0,0,0,0,0,1000,1000,1000,1000,0,0,0,0,0
2025-12-15 01:21:57.742,SERVO_OUTPUT_RAW,2872909848,SERVO_OUTPUT_RAW,0,0,0,0,0,0,0,0,1000,1000,1000,1000,0,0,0,0,0
2025-12-15 01:21:57.841,SERVO_OUTPUT_RAW,2873009791,SERVO_OUTPUT_RAW,0,0,0,0,0,0,0,0,1000,1000,1000,1000,0,0,0,0,0
2025-12-15 01:21:57.941,SERVO_OUTPUT_RAW,2873109819,SERVO_OUTPUT_RAW,0,0,0,0,0,0,0,0,1000,1000,1000,1000,0,0,0,0,0
2025-12-15 01:21:58.041,SERVO_OUTPUT_RAW,2873209816,SERVO_OUTPUT_RAW,0,0,0,0,0,0,0,0,1000,1000,1000,1000,0,0,0,0,0
2025-12-15 01:21:58.141,SERVO_OUTPUT_RAW,2873309770,SERVO_OUTPUT_RAW,0,0,0,0,0,0,0,0,1000,1000,1000,1000,0,0,0,0,0
2025-12-15 01:21:58.241,SERVO_OUTPUT_RAW,2873409806,SERVO_OUTPUT_RAW,0,0,0,0,0,0,0,0,1000,1000,1000,1000,0,0,0,0,0
2025-12-15 01:21:58.341,SERVO_OUTPUT_RAW,2873509789,SERVO_OUTPUT_RAW,0,0,0,0,0,0,0,0,1000,1000,1000,1000,0,0,0,0,0
2025-12-15 01:21:58.441,SERVO_OUTPUT_RAW,2873609786,SERVO_OUTPUT_RAW,0,0,0,0,0,0,0,0,1000,1000,1000,1000,0,0,0,0,0
2025-12-15 01:21:58.541,SERVO_OUTPUT_RAW,2873709816,SERVO_OUTPUT_RAW,0,0,0,0,0,0,0,0,1000,1000,1000,1000,0,0,0,0,0
2025-12-15 01:21:58.641,SERVO_OUTPUT_RAW,2873809789,SERVO_OUTPUT_RAW,0,0,0,0,0,0,0,0,1000,1000,1000,1000,0,0,0,0,0
2025-12-15 01:21:58.741,SERVO_OUTPUT_RAW,2873909850,SERVO_OUTPUT_RAW,0,0,0,0,0,0,0,0,1000,1000,1000,1000,0,0,0,0,0
2025-12-15 01:21:58.841,SERVO_OUTPUT_RAW,2874009814,SERVO_OUTPUT_RAW,0,0,0,0,0,0,0,0,1000,1000,1000,1000,0,0,0,0,0
2025-12-15 01:21:58.941,SERVO_OUTPUT_RAW,2874109811,SERVO_OUTPUT_RAW,0,0,0,0,0,0,0,0,1000,1000,1000,1000,0,0,0,0,0
2025-12-15 01:21:59.041,SERVO_OUTPUT_RAW,2874209818,SERVO_OUTPUT_RAW,0,0,0,0,0,0,0,0,1000,1000,1000,1000,0,0,0,0,0
2025-12-15 01:21:59.141,SERVO_OUTPUT_RAW,2874309809,SERVO_OUTPUT_RAW,0,0,0,0,0,0,0,0,1000,1000,1000,1000,0,0,0,0,0
2025-12-15 01:21:59.241,SERVO_OUTPUT_RAW,2874409837,SERVO_OUTPUT_RAW,0,0,0,0,0,0,0,0,1000,1000,1000,1000,0,0,0,0,0
2025-12-15 01:21:59.341,SERVO_OUTPUT_RAW,2874509780,SERVO_OUTPUT_RAW,0,0,0,0,0,0,0,0,1000,1000,1000,1000,0,0,0,0,0
2025-12-15 01:21:59.441,SERVO_OUTPUT_RAW,2874609775,SERVO_OUTPUT_RAW,0,0,0,0,0,0,0,0,1000,1000,1000,1000,0,0,0,0,0
2025-12-15 01:21:59.541,SERVO_OUTPUT_RAW,2874709838,SERVO_OUTPUT_RAW,0,0,0,0,0,0,0,0,1000,1000,1000,1000,0,0,0,0,0
2025-12-15 01:21:59.641,SERVO_OUTPUT_RAW,2874809830,SERVO_OUTPUT_RAW,0,0,0,0,0,0,0,0,1000,1000,1000,1000,0,0,0,0,0
2025-12-15 01:21:59.742,SERVO_OUTPUT_RAW,2874909779,SERVO_OUTPUT_RAW,0,0,0,0,0,0,0,0,1000,1000,1000,1000,0,0,0,0,0
2025-12-15 01:21:59.841,SERVO_OUTPUT_RAW,2875009795,SERVO_OUTPUT_RAW,0,0,0,0,0,0,0,0,1000,1000,1000,1000,0,0,0,0,0
2025-12-15 01:21:59.941,SERVO_OUTPUT_RAW,2875109795,SERVO_OUTPUT_RAW,0,0,0,0,0,0,0,0,1000,1000,1000,1000,0,0,0,0,0
2025-12-15 01:22:00.042,SERVO_OUTPUT_RAW,2875209795,SERVO_OUTPUT_RAW,0,0,0,0,0,0,0,0,1000,1000,1000,1000,0,0,0,0,0
2025-12-15 01:22:00.142,SERVO_OUTPUT_RAW,2875312120,SERVO_OUTPUT_RAW,0,0,0,0,0,0,0,0,1000,1000,1000,1000,0,0,0,0,0
2025-12-15 01:22:00.242,SERVO_OUTPUT_RAW,2875409812,SERVO_OUTPUT_RAW,0,0,0,0,0,0,0,0,1000,1000,1000,1000,0,0,0,0,0
2025-12-15 01:22:00.342,SERVO_OUTPUT_RAW,2875509836,SERVO_OUTPUT_RAW,0,0,0,0,0,0,0,0,1000,1000,1000,1000,0,0,0,0,0
2025-12-15 01:22:00.442,SERVO_OUTPUT_RAW,2875609848,SERVO_OUTPUT_RAW,0,0,0,0,0,0,0,0,1000,1000,1000,1000,0,0,0,0,0
2025-12-15 01:22:00.542,SERVO_OUTPUT_RAW,2875709834,SERVO_OUTPUT_RAW,0,0,0,0,0,0,0,0,1000,1000,1000,1000,0,0,0,0,0
2025-12-15 01:22:00.642,SERVO_OUTPUT_RAW,2875809814,SERVO_OUTPUT_RAW,0,0,0,0,0,0,0,0,1000,1000,1000,1000,0,0,0,0,0
2025-12-15 01:22:00.742,SERVO_OUTPUT_RAW,2875909840,SERVO_OUTPUT_RAW,0,0,0,0,0,0,0,0,1000,1000,1000,1000,0,0,0,0,0
2025-12-15 01:22:00.842,SERVO_OUTPUT_RAW,2876009838,SERVO_OUTPUT_RAW,0,0,0,0,0,0,0,0,1000,1000,1000,1000,0,0,0,0,0
2025-12-15 01:22:00.942,SERVO_OUTPUT_RAW,2876109784,SERVO_OUTPUT_RAW,0,0,0,0,0,0,0,0,1000,1000,1000,1000,0,0,0,0,0
2025-12-15 01:22:01.042,SERVO_OUTPUT_RAW,2876209810,SERVO_OUTPUT_RAW,0,0,0,0,0,0,0,0,1000,1000,1000,1000,0,0,0,0,0
2025-12-15 01:22:01.142,SERVO_OUTPUT_RAW,2876309830,SERVO_OUTPUT_RAW,0,0,0,0,0,0,0,0,1000,1000,1000,1000,0,0,0,0,0
2025-12-15 01:22:01.242,SERVO_OUTPUT_RAW,2876409802,SERVO_OUTPUT_RAW,0,0,0,0,0,0,0,0,1000,1000,1000,1000,0,0,0,0,0
2025-12-15 01:22:01.342,SERVO_OUTPUT_RAW,2876509786,SERVO_OUTPUT_RAW,0,0,0,0,0,0,0,0,1000,1000,1000,1000,0,0,0,0,0
2025-12-15 01:22:01.442,SERVO_OUTPUT_RAW,2876609806,SERVO_OUTPUT_RAW,0,0,0,0,0,0,0,0,1000,1000,1000,1000,0,0,0,0,0
2025-12-15 01:22:01.542,SERVO_OUTPUT_RAW,2876709804,SERVO_OUTPUT_RAW,0,0,0,0,0,0,0,0,1000,1000,1000,1000,0,0,0,0,0
2025-12-15 01:22:01.642,SERVO_OUTPUT_RAW,2876809788,SERVO_OUTPUT_RAW,0,0,0,0,0,0,0,0,1000,1000,1000,1000,0,0,0,0,0
2025-12-15 01:22:01.743,SERVO_OUTPUT_RAW,2876912148,SERVO_OUTPUT_RAW,0,0,0,0,0,0,0,0,1000,1000,1000,1000,0,0,0,0,0
2025-12-15 01:22:01.842,SERVO_OUTPUT_RAW,2877009820,SERVO_OUTPUT_RAW,0,0,0,0,0,0,0,0,1000,1000,1000,1000,0,0,0,0,0
2025-12-15 01:22:01.942,SERVO_OUTPUT_RAW,2877109803,SERVO_OUTPUT_RAW,0,0,0,0,0,0,0,0,1000,1000,1000,1000,0,0,0,0,0
2025-12-15 01:22:02.042,SERVO_OUTPUT_RAW,2877209827,SERVO_OUTPUT_RAW,0,0,0,0,0,0,0,0,1000,1000,1000,1000,0,0,0,0,0
2025-12-15 01:22:02.142,SERVO_OUTPUT_RAW,2877309793,SERVO_OUTPUT_RAW,0,0,0,0,0,0,0,0,1000,1000,1000,1000,0,0,0,0,0
2025-12-15 01:22:02.242,SERVO_OUTPUT_RAW,2877409821,SERVO_OUTPUT_RAW,0,0,0,0,0,0,0,0,1000,1000,1000,1000,0,0,0,0,0
2025-12-15 01:22:02.342,SERVO_OUTPUT_RAW,2877509849,SERVO_OUTPUT_RAW,0,0,0,0,0,0,0,0,1000,1000,1000,1000,0,0,0,0,0
2025-12-15 01:22:02.442,SERVO_OUTPUT_RAW,2877609839,SERVO_OUTPUT_RAW,0,0,0,0,0,0,0,0,1000,1000,1000,1000,0,0,0,0,0
2025-12-15 01:22:02.542,SERVO_OUTPUT_RAW,2877709796,SERVO_OUTPUT_RAW,0,0,0,0,0,0,0,0,1000,1000,1000,1000,0,0,0,0,0
2025-12-15 01:22:02.642,SERVO_OUTPUT_RAW,2877809815,SERVO_OUTPUT_RAW,0,0,0,0,0,0,0,0,1000,1000,1000,1000,0,0,0,0,0
2025-12-15 01:22:02.742,SERVO_OUTPUT_RAW,2877909820,SERVO_OUTPUT_RAW,0,0,0,0,0,0,0,0,1000,1000,1000,1000,0,0,0,0,0
2025-12-15 01:22:02.842,SERVO_OUTPUT_RAW,2878009781,SERVO_OUTPUT_RAW,0,0,0,0,0,0,0,0,1000,1000,1000,1000,0,0,0,0,0
2025-12-15 01:22:02.942,SERVO_OUTPUT_RAW,2878109789,SERVO_OUTPUT_RAW,0,0,0,0,0,0,0,0,1000,1000,1000,1000,0,0,0,0,0
2025-12-15 01:22:03.042,SERVO_OUTPUT_RAW,2878209813,SERVO_OUTPUT_RAW,0,0,0,0,0,0,0,0,1000,1000,1000,1000,0,0,0,0,0
2025-12-15 01:22:03.142,SERVO_OUTPUT_RAW,2878309791,SERVO_OUTPUT_RAW,0,0,0,0,0,0,0,0,1000,1000,1000,1000,0,0,0,0,0
2025-12-15 01:22:03.243,SERVO_OUTPUT_RAW,2878409805,SERVO_OUTPUT_RAW,0,0,0,0,0,0,0,0,1000,1000,1000,1000,0,0,0,0,0
2025-12-15 01:22:03.342,SERVO_OUTPUT_RAW,2878509810,SERVO_OUTPUT_RAW,0,0,0,0,0,0,0,0,1000,1000,1000,1000,0,0,0,0,0
2025-12-15 01:22:03.442,SERVO_OUTPUT_RAW,2878612193,SERVO_OUTPUT_RAW,0,0,0,0,0,0,0,0,1000,1000,1000,1000,0,0,0,0,0
2025-12-15 01:22:03.543,SERVO_OUTPUT_RAW,2878709866,SERVO_OUTPUT_RAW,0,0,0,0,0,0,0,0,1000,1000,1000,1000,0,0,0,0,0
2025-12-15 01:22:03.642,SERVO_OUTPUT_RAW,2878809814,SERVO_OUTPUT_RAW,0,0,0,0,0,0,0,0,1000,1000,1000,1000,0,0,0,0,0
2025-12-15 01:22:03.742,SERVO_OUTPUT_RAW,2878909801,SERVO_OUTPUT_RAW,0,0,0,0,0,0,0,0,1000,1000,1000,1000,0,0,0,0,0
2025-12-15 01:22:03.842,SERVO_OUTPUT_RAW,2879012075,SERVO_OUTPUT_RAW,0,0,0,0,0,0,0,0,1000,1000,1000,1000,0,0,0,0,0
2025-12-15 01:22:03.943,SERVO_OUTPUT_RAW,2879109834,SERVO_OUTPUT_RAW,0,0,0,0,0,0,0,0,1000,1000,1000,1000,0,0,0,0,0
2025-12-15 01:22:04.042,SERVO_OUTPUT_RAW,2879209856,SERVO_OUTPUT_RAW,0,0,0,0,0,0,0,0,1000,1000,1000,1000,0,0,0,0,0
2025-12-15 01:22:04.142,SERVO_OUTPUT_RAW,2879309815,SERVO_OUTPUT_RAW,0,0,0,0,0,0,0,0,1000,1000,1000,1000,0,0,0,0,0
2025-12-15 01:22:04.243,SERVO_OUTPUT_RAW,2879409821,SERVO_OUTPUT_RAW,0,0,0,0,0,0,0,0,1000,1000,1000,1000,0,0,0,0,0
2025-12-15 01:22:04.342,SERVO_OUTPUT_RAW,2879509845,SERVO_OUTPUT_RAW,0,0,0,0,0,0,0,0,1000,1000,1000,1000,0,0,0,0,0
2025-12-15 01:22:04.442,SERVO_OUTPUT_RAW,2879609793,SERVO_OUTPUT_RAW,0,0,0,0,0,0,0,0,1000,1000,1000,1000,0,0,0,0,0
2025-12-15 01:22:04.543,SERVO_OUTPUT_RAW,2879709799,SERVO_OUTPUT_RAW,0,0,0,0,0,0,0,0,1000,1000,1000,1000,0,0,0,0,0
2025-12-15 01:22:04.642,SERVO_OUTPUT_RAW,2879809788,SERVO_OUTPUT_RAW,0,0,0,0,0,0,0,0,1000,1000,1000,1000,0,0,0,0,0
2025-12-15 01:22:04.742,SERVO_OUTPUT_RAW,2879909780,SERVO_OUTPUT_RAW,0,0,0,0,0,0,0,0,1000,1000,1000,1000,0,0,0,0,0
2025-12-15 01:22:04.842,SERVO_OUTPUT_RAW,2880009778,SERVO_OUTPUT_RAW,0,0,0,0,0,0,0,0,1000,1000,1000,1000,0,0,0,0,0
2025-12-15 01:22:04.942,SERVO_OUTPUT_RAW,2880109813,SERVO_OUTPUT_RAW,0,0,0,0,0,0,0,0,1000,1000,1000,1000,0,0,0,0,0
2025-12-15 01:22:05.042,SERVO_OUTPUT_RAW,2880209825,SERVO_OUTPUT_RAW,0,0,0,0,0,0,0,0,1000,1000,1000,1000,0,0,0,0,0
2025-12-15 01:22:05.143,SERVO_OUTPUT_RAW,2880309797,SERVO_OUTPUT_RAW,0,0,0,0,0,0,0,0,1000,1000,1000,1000,0,0,0,0,0
2025-12-15 01:22:05.243,SERVO_OUTPUT_RAW,2880409785,SERVO_OUTPUT_RAW,0,0,0,0,0,0,0,0,1000,1000,1000,1000,0,0,0,0,0
2025-12-15 01:22:05.342,SERVO_OUTPUT_RAW,2880509844,SERVO_OUTPUT_RAW,0,0,0,0,0,0,0,0,1000,1000,1000,1000,0,0,0,0,0
2025-12-15 01:22:05.443,SERVO_OUTPUT_RAW,2880609847,SERVO_OUTPUT_RAW,0,0,0,0,0,0,0,0,1000,1000,1000,1000,0,0,0,0,0
2025-12-15 01:22:05.543,SERVO_OUTPUT_RAW,2880709852,SERVO_OUTPUT_RAW,0,0,0,0,0,0,0,0,1000,1000,1000,1000,0,0,0,0,0
2025-12-15 01:22:05.642,SERVO_OUTPUT_RAW,2880809789,SERVO_OUTPUT_RAW,0,0,0,0,0,0,0,0,1000,1000,1000,1000,0,0,0,0,0
2025-12-15 01:22:05.742,SERVO_OUTPUT_RAW,2880909808,SERVO_OUTPUT_RAW,0,0,0,0,0,0,0,0,1000,1000,1000,1000,0,0,0,0,0
2025-12-15 01:22:05.842,SERVO_OUTPUT_RAW,2881009809,SERVO_OUTPUT_RAW,0,0,0,0,0,0,0,0,1000,1000,1000,1000,0,0,0,0,0
2025-12-15 01:22:05.942,SERVO_OUTPUT_RAW,2881109885,SERVO_OUTPUT_RAW,0,0,0,0,0,0,0,0,1000,1000,1000,1000,0,0,0,0,0
2025-12-15 01:22:06.041,SERVO_OUTPUT_RAW,2881209796,SERVO_OUTPUT_RAW,0,0,0,0,0,0,0,0,1000,1000,1000,1000,0,0,0,0,0
2025-12-15 01:22:06.141,SERVO_OUTPUT_RAW,2881309786,SERVO_OUTPUT_RAW,0,0,0,0,0,0,0,0,1000,1000,1000,1000,0,0,0,0,0
2025-12-15 01:22:06.241,SERVO_OUTPUT_RAW,2881409778,SERVO_OUTPUT_RAW,0,0,0,0,0,0,0,0,1000,1000,1000,1000,0,0,0,0,0
2025-12-15 01:22:06.341,SERVO_OUTPUT_RAW,2881509793,SERVO_OUTPUT_RAW,0,0,0,0,0,0,0,0,1000,1000,1000,1000,0,0,0,0,0
2025-12-15 01:22:06.442,SERVO_OUTPUT_RAW,2881609805,SERVO_OUTPUT_RAW,0,0,0,0,0,0,0,0,1000,1000,1000,1000,0,0,0,0,0
2025-12-15 01:22:06.541,SERVO_OUTPUT_RAW,2881709842,SERVO_OUTPUT_RAW,0,0,0,0,0,0,0,0,1000,1000,1000,1000,0,0,0,0,0
2025-12-15 01:22:06.641,SERVO_OUTPUT_RAW,2881809849,SERVO_OUTPUT_RAW,0,0,0,0,0,0,0,0,1000,1000,1000,1000,0,0,0,0,0
2025-12-15 01:22:06.741,SERVO_OUTPUT_RAW,2881909788,SERVO_OUTPUT_RAW,0,0,0,0,0,0,0,0,1000,1000,1000,1000,0,0,0,0,0
2025-12-15 01:22:06.841,SERVO_OUTPUT_RAW,2882009838,SERVO_OUTPUT_RAW,0,0,0,0,0,0,0,0,1000,1000,1000,1000,0,0,0,0,0
2025-12-15 01:22:06.941,SERVO_OUTPUT_RAW,2882109869,SERVO_OUTPUT_RAW,0,0,0,0,0,0,0,0,1000,1000,1000,1000,0,0,0,0,0
2025-12-15 01:22:07.041,SERVO_OUTPUT_RAW,2882209841,SERVO_OUTPUT_RAW,0,0,0,0,0,0,0,0,1000,1000,1000,1000,0,0,0,0,0
2025-12-15 01:22:07.142,SERVO_OUTPUT_RAW,2882309775,SERVO_OUTPUT_RAW,0,0,0,0,0,0,0,0,1000,1000,1000,1000,0,0,0,0,0
2025-12-15 01:22:07.241,SERVO_OUTPUT_RAW,2882409787,SERVO_OUTPUT_RAW,0,0,0,0,0,0,0,0,1000,1000,1000,1000,0,0,0,0,0
2025-12-15 01:22:07.342,SERVO_OUTPUT_RAW,2882509809,SERVO_OUTPUT_RAW,0,0,0,0,0,0,0,0,1000,1000,1000,1000,0,0,0,0,0
2025-12-15 01:22:07.442,SERVO_OUTPUT_RAW,2882609818,SERVO_OUTPUT_RAW,0,0,0,0,0,0,0,0,1000,1000,1000,1000,0,0,0,0,0
2025-12-15 01:22:07.543,SERVO_OUTPUT_RAW,2882709785,SERVO_OUTPUT_RAW,0,0,0,0,0,0,0,0,1000,1000,1000,1000,0,0,0,0,0
2025-12-15 01:22:07.642,SERVO_OUTPUT_RAW,2882809793,SERVO_OUTPUT_RAW,0,0,0,0,0,0,0,0,1000,1000,1000,1000,0,0,0,0,0
2025-12-15 01:22:07.742,SERVO_OUTPUT_RAW,2882909809,SERVO_OUTPUT_RAW,0,0,0,0,0,0,0,0,1000,1000,1000,1000,0,0,0,0,0
2025-12-15 01:22:07.842,SERVO_OUTPUT_RAW,2883009785,SERVO_OUTPUT_RAW,0,0,0,0,0,0,0,0,1000,1000,1000,1000,0,0,0,0,0
2025-12-15 01:22:07.942,SERVO_OUTPUT_RAW,2883109809,SERVO_OUTPUT_RAW,0,0,0,0,0,0,0,0,1000,1000,1000,1000,0,0,0,0,0
2025-12-15 01:22:08.042,SERVO_OUTPUT_RAW,2883209859,SERVO_OUTPUT_RAW,0,0,0,0,0,0,0,0,1000,1000,1000,1000,0,0,0,0,0
2025-12-15 01:22:08.142,SERVO_OUTPUT_RAW,2883309823,SERVO_OUTPUT_RAW,0,0,0,0,0,0,0,0,1000,1000,1000,1000,0,0,0,0,0
2025-12-15 01:22:08.242,SERVO_OUTPUT_RAW,2883409792,SERVO_OUTPUT_RAW,0,0,0,0,0,0,0,0,1000,1000,1000,1000,0,0,0,0,0
2025-12-15 01:22:08.343,SERVO_OUTPUT_RAW,2883509778,SERVO_OUTPUT_RAW,0,0,0,0,0,0,0,0,1000,1000,1000,1000,0,0,0,0,0
2025-12-15 01:22:08.442,SERVO_OUTPUT_RAW,2883609814,SERVO_OUTPUT_RAW,0,0,0,0,0,0,0,0,1000,1000,1000,1000,0,0,0,0,0
2025-12-15 01:22:08.542,SERVO_OUTPUT_RAW,2883709844,SERVO_OUTPUT_RAW,0,0,0,0,0,0,0,0,1000,1000,1000,1000,0,0,0,0,0
2025-12-15 01:22:08.642,SERVO_OUTPUT_RAW,2883809857,SERVO_OUTPUT_RAW,0,0,0,0,0,0,0,0,1000,1000,1000,1000,0,0,0,0,0
2025-12-15 01:22:08.742,SERVO_OUTPUT_RAW,2883909795,SERVO_OUTPUT_RAW,0,0,0,0,0,0,0,0,1000,1000,1000,1000,0,0,0,0,0
2025-12-15 01:22:08.842,SERVO_OUTPUT_RAW,2884009811,SERVO_OUTPUT_RAW,0,0,0,0,0,0,0,0,1000,1000,1000,1000,0,0,0,0,0
2025-12-15 01:22:08.942,SERVO_OUTPUT_RAW,2884109832,SERVO_OUTPUT_RAW,0,0,0,0,0,0,0,0,1000,1000,1000,1000,0,0,0,0,0
2025-12-15 01:22:09.042,SERVO_OUTPUT_RAW,2884209820,SERVO_OUTPUT_RAW,0,0,0,0,0,0,0,0,1000,1000,1000,1000,0,0,0,0,0
2025-12-15 01:22:09.142,SERVO_OUTPUT_RAW,2884309789,SERVO_OUTPUT_RAW,0,0,0,0,0,0,0,0,1000,1000,1000,1000,0,0,0,0,0
2025-12-15 01:22:09.242,SERVO_OUTPUT_RAW,2884409805,SERVO_OUTPUT_RAW,0,0,0,0,0,0,0,0,1000,1000,1000,1000,0,0,0,0,0
2025-12-15 01:22:09.342,SERVO_OUTPUT_RAW,2884509796,SERVO_OUTPUT_RAW,0,0,0,0,0,0,0,0,1000,1000,1000,1000,0,0,0,0,0
2025-12-15 01:22:09.442,SERVO_OUTPUT_RAW,2884609787,SERVO_OUTPUT_RAW,0,0,0,0,0,0,0,0,1000,1000,1000,1000,0,0,0,0,0
2025-12-15 01:22:09.542,SERVO_OUTPUT_RAW,2884709809,SERVO_OUTPUT_RAW,0,0,0,0,0,0,0,0,1000,1000,1000,1000,0,0,0,0,0
2025-12-15 01:22:09.642,SERVO_OUTPUT_RAW,2884809814,SERVO_OUTPUT_RAW,0,0,0,0,0,0,0,0,1000,1000,1000,1000,0,0,0,0,0
2025-12-15 01:22:09.742,SERVO_OUTPUT_RAW,2884909838,SERVO_OUTPUT_RAW,0,0,0,0,0,0,0,0,1000,1000,1000,1000,0,0,0,0,0
2025-12-15 01:22:09.842,SERVO_OUTPUT_RAW,2885009830,SERVO_OUTPUT_RAW,0,0,0,0,0,0,0,0,1000,1000,1000,1000,0,0,0,0,0
2025-12-15 01:22:09.943,SERVO_OUTPUT_RAW,2885109793,SERVO_OUTPUT_RAW,0,0,0,0,0,0,0,0,1000,1000,1000,1000,0,0,0,0,0
2025-12-15 01:22:10.042,SERVO_OUTPUT_RAW,2885209818,SERVO_OUTPUT_RAW,0,0,0,0,0,0,0,0,1000,1000,1000,1000,0,0,0,0,0
2025-12-15 01:22:10.142,SERVO_OUTPUT_RAW,2885312081,SERVO_OUTPUT_RAW,0,0,0,0,0,0,0,0,1000,1000,1000,1000,0,0,0,0,0
2025-12-15 01:22:10.242,SERVO_OUTPUT_RAW,2885409848,SERVO_OUTPUT_RAW,0,0,0,0,0,0,0,0,1000,1000,1000,1000,0,0,0,0,0
2025-12-15 01:22:10.342,SERVO_OUTPUT_RAW,2885509788,SERVO_OUTPUT_RAW,0,0,0,0,0,0,0,0,1000,1000,1000,1000,0,0,0,0,0
2025-12-15 01:22:10.442,SERVO_OUTPUT_RAW,2885609840,SERVO_OUTPUT_RAW,0,0,0,0,0,0,0,0,1000,1000,1000,1000,0,0,0,0,0
2025-12-15 01:22:10.542,SERVO_OUTPUT_RAW,2885709809,SERVO_OUTPUT_RAW,0,0,0,0,0,0,0,0,1000,1000,1000,1000,0,0,0,0,0
2025-12-15 01:22:10.642,SERVO_OUTPUT_RAW,2885809786,SERVO_OUTPUT_RAW,0,0,0,0,0,0,0,0,1000,1000,1000,1000,0,0,0,0,0
2025-12-15 01:22:10.742,SERVO_OUTPUT_RAW,2885909787,SERVO_OUTPUT_RAW,0,0,0,0,0,0,0,0,1000,1000,1000,1000,0,0,0,0,0
2025-12-15 01:22:10.842,SERVO_OUTPUT_RAW,2886009793,SERVO_OUTPUT_RAW,0,0,0,0,0,0,0,0,1000,1000,1000,1000,0,0,0,0,0
2025-12-15 01:22:10.942,SERVO_OUTPUT_RAW,2886109799,SERVO_OUTPUT_RAW,0,0,0,0,0,0,0,0,1000,1000,1000,1000,0,0,0,0,0
2025-12-15 01:22:11.042,SERVO_OUTPUT_RAW,2886209781,SERVO_OUTPUT_RAW,0,0,0,0,0,0,0,0,1000,1000,1000,1000,0,0,0,0,0
2025-12-15 01:22:11.142,SERVO_OUTPUT_RAW,2886309814,SERVO_OUTPUT_RAW,0,0,0,0,0,0,0,0,1000,1000,1000,1000,0,0,0,0,0
2025-12-15 01:22:11.242,SERVO_OUTPUT_RAW,2886409804,SERVO_OUTPUT_RAW,0,0,0,0,0,0,0,0,1000,1000,1000,1000,0,0,0,0,0
2025-12-15 01:22:11.342,SERVO_OUTPUT_RAW,2886509854,SERVO_OUTPUT_RAW,0,0,0,0,0,0,0,0,1000,1000,1000,1000,0,0,0,0,0
2025-12-15 01:22:11.442,SERVO_OUTPUT_RAW,2886609813,SERVO_OUTPUT_RAW,0,0,0,0,0,0,0,0,1000,1000,1000,1000,0,0,0,0,0
2025-12-15 01:22:11.542,SERVO_OUTPUT_RAW,2886709798,SERVO_OUTPUT_RAW,0,0,0,0,0,0,0,0,1000,1000,1000,1000,0,0,0,0,0
2025-12-15 01:22:11.642,SERVO_OUTPUT_RAW,2886809824,SERVO_OUTPUT_RAW,0,0,0,0,0,0,0,0,1000,1000,1000,1000,0,0,0,0,0
2025-12-15 01:22:11.742,SERVO_OUTPUT_RAW,2886909858,SERVO_OUTPUT_RAW,0,0,0,0,0,0,0,0,1000,1000,1000,1000,0,0,0,0,0
2025-12-15 01:22:11.842,SERVO_OUTPUT_RAW,2887009783,SERVO_OUTPUT_RAW,0,0,0,0,0,0,0,0,1000,1000,1000,1000,0,0,0,0,0
2025-12-15 01:22:11.942,SERVO_OUTPUT_RAW,2887109810,SERVO_OUTPUT_RAW,0,0,0,0,0,0,0,0,1000,1000,1000,1000,0,0,0,0,0
2025-12-15 01:22:12.042,SERVO_OUTPUT_RAW,2887209831,SERVO_OUTPUT_RAW,0,0,0,0,0,0,0,0,1000,1000,1000,1000,0,0,0,0,0
2025-12-15 01:22:12.142,SERVO_OUTPUT_RAW,2887309841,SERVO_OUTPUT_RAW,0,0,0,0,0,0,0,0,1000,1000,1000,1000,0,0,0,0,0
2025-12-15 01:22:12.242,SERVO_OUTPUT_RAW,2887409799,SERVO_OUTPUT_RAW,0,0,0,0,0,0,0,0,1000,1000,1000,1000,0,0,0,0,0
2025-12-15 01:22:12.342,SERVO_OUTPUT_RAW,2887509789,SERVO_OUTPUT_RAW,0,0,0,0,0,0,0,0,1000,1000,1000,1000,0,0,0,0,0
2025-12-15 01:22:12.444,SERVO_OUTPUT_RAW,2887609795,SERVO_OUTPUT_RAW,0,0,0,0,0,0,0,0,1000,1000,1000,1000,0,0,0,0,0
2025-12-15 01:22:12.542,SERVO_OUTPUT_RAW,2887709788,SERVO_OUTPUT_RAW,0,0,0,0,0,0,0,0,1000,1000,1000,1000,0,0,0,0,0
2025-12-15 01:22:12.642,SERVO_OUTPUT_RAW,2887809787,SERVO_OUTPUT_RAW,0,0,0,0,0,0,0,0,1000,1000,1000,1000,0,0,0,0,0
2025-12-15 01:22:12.743,SERVO_OUTPUT_RAW,2887909847,SERVO_OUTPUT_RAW,0,0,0,0,0,0,0,0,1000,1000,1000,1000,0,0,0,0,0
2025-12-15 01:22:12.843,SERVO_OUTPUT_RAW,2888009833,SERVO_OUTPUT_RAW,0,0,0,0,0,0,0,0,1000,1000,1000,1000,0,0,0,0,0
2025-12-15 01:22:12.942,SERVO_OUTPUT_RAW,2888109809,SERVO_OUTPUT_RAW,0,0,0,0,0,0,0,0,1000,1000,1000,1000,0,0,0,0,0
2025-12-15 01:22:13.042,SERVO_OUTPUT_RAW,2888209784,SERVO_OUTPUT_RAW,0,0,0,0,0,0,0,0,1000,1000,1000,1000,0,0,0,0,0
2025-12-15 01:22:13.142,SERVO_OUTPUT_RAW,2888309839,SERVO_OUTPUT_RAW,0,0,0,0,0,0,0,0,1000,1000,1000,1000,0,0,0,0,0
2025-12-15 01:22:13.242,SERVO_OUTPUT_RAW,2888409837,SERVO_OUTPUT_RAW,0,0,0,0,0,0,0,0,1000,1000,1000,1000,0,0,0,0,0
2025-12-15 01:22:13.342,SERVO_OUTPUT_RAW,2888509855,SERVO_OUTPUT_RAW,0,0,0,0,0,0,0,0,1000,1000,1000,1000,0,0,0,0,0
2025-12-15 01:22:13.442,SERVO_OUTPUT_RAW,2888609794,SERVO_OUTPUT_RAW,0,0,0,0,0,0,0,0,1000,1000,1000,1000,0,0,0,0,0
2025-12-15 01:22:13.542,SERVO_OUTPUT_RAW,2888709817,SERVO_OUTPUT_RAW,0,0,0,0,0,0,0,0,1000,1000,1000,1000,0,0,0,0,0
2025-12-15 01:22:13.643,SERVO_OUTPUT_RAW,2888809824,SERVO_OUTPUT_RAW,0,0,0,0,0,0,0,0,1000,1000,1000,1000,0,0,0,0,0
2025-12-15 01:22:13.742,SERVO_OUTPUT_RAW,2888909818,SERVO_OUTPUT_RAW,0,0,0,0,0,0,0,0,1000,1000,1000,1000,0,0,0,0,0
2025-12-15 01:22:13.842,SERVO_OUTPUT_RAW,2889009787,SERVO_OUTPUT_RAW,0,0,0,0,0,0,0,0,1000,1000,1000,1000,0,0,0,0,0
2025-12-15 01:22:13.942,SERVO_OUTPUT_RAW,2889109800,SERVO_OUTPUT_RAW,0,0,0,0,0,0,0,0,1000,1000,1000,1000,0,0,0,0,0
2025-12-15 01:22:14.042,SERVO_OUTPUT_RAW,2889209807,SERVO_OUTPUT_RAW,0,0,0,0,0,0,0,0,1000,1000,1000,1000,0,0,0,0,0
2025-12-15 01:22:14.142,SERVO_OUTPUT_RAW,2889309789,SERVO_OUTPUT_RAW,0,0,0,0,0,0,0,0,1000,1000,1000,1000,0,0,0,0,0
2025-12-15 01:22:14.242,SERVO_OUTPUT_RAW,2889409786,SERVO_OUTPUT_RAW,0,0,0,0,0,0,0,0,1000,1000,1000,1000,0,0,0,0,0
2025-12-15 01:22:14.343,SERVO_OUTPUT_RAW,2889512159,SERVO_OUTPUT_RAW,0,0,0,0,0,0,0,0,1000,1000,1000,1000,0,0,0,0,0
2025-12-15 01:22:14.442,SERVO_OUTPUT_RAW,2889609852,SERVO_OUTPUT_RAW,0,0,0,0,0,0,0,0,1000,1000,1000,1000,0,0,0,0,0
2025-12-15 01:22:14.543,SERVO_OUTPUT_RAW,2889709800,SERVO_OUTPUT_RAW,0,0,0,0,0,0,0,0,1000,1000,1000,1000,0,0,0,0,0
2025-12-15 01:22:14.642,SERVO_OUTPUT_RAW,2889809807,SERVO_OUTPUT_RAW,0,0,0,0,0,0,0,0,1000,1000,1000,1000,0,0,0,0,0
2025-12-15 01:22:14.742,SERVO_OUTPUT_RAW,2889909815,SERVO_OUTPUT_RAW,0,0,0,0,0,0,0,0,1000,1000,1000,1000,0,0,0,0,0
2025-12-15 01:22:14.843,SERVO_OUTPUT_RAW,2890009832,SERVO_OUTPUT_RAW,0,0,0,0,0,0,0,0,1000,1000,1000,1000,0,0,0,0,0
2025-12-15 01:22:14.943,SERVO_OUTPUT_RAW,2890109853,SERVO_OUTPUT_RAW,0,0,0,0,0,0,0,0,1000,1000,1000,1000,0,0,0,0,0
2025-12-15 01:22:15.043,SERVO_OUTPUT_RAW,2890209802,SERVO_OUTPUT_RAW,0,0,0,0,0,0,0,0,1000,1000,1000,1000,0,0,0,0,0
2025-12-15 01:22:15.143,SERVO_OUTPUT_RAW,2890309815,SERVO_OUTPUT_RAW,0,0,0,0,0,0,0,0,1000,1000,1000,1000,0,0,0,0,0
2025-12-15 01:22:15.243,SERVO_OUTPUT_RAW,2890409816,SERVO_OUTPUT_RAW,0,0,0,0,0,0,0,0,1000,1000,1000,1000,0,0,0,0,0
2025-12-15 01:22:15.343,SERVO_OUTPUT_RAW,2890509778,SERVO_OUTPUT_RAW,0,0,0,0,0,0,0,0,1000,1000,1000,1000,0,0,0,0,0
2025-12-15 01:22:15.442,SERVO_OUTPUT_RAW,2890609800,SERVO_OUTPUT_RAW,0,0,0,0,0,0,0,0,1000,1000,1000,1000,0,0,0,0,0
2025-12-15 01:22:15.542,SERVO_OUTPUT_RAW,2890709791,SERVO_OUTPUT_RAW,0,0,0,0,0,0,0,0,1000,1000,1000,1000,0,0,0,0,0
2025-12-15 01:22:15.642,SERVO_OUTPUT_RAW,2890809791,SERVO_OUTPUT_RAW,0,0,0,0,0,0,0,0,1000,1000,1000,1000,0,0,0,0,0
2025-12-15 01:22:15.742,SERVO_OUTPUT_RAW,2890909792,SERVO_OUTPUT_RAW,0,0,0,0,0,0,0,0,1000,1000,1000,1000,0,0,0,0,0
2025-12-15 01:22:15.842,SERVO_OUTPUT_RAW,2891009810,SERVO_OUTPUT_RAW,0,0,0,0,0,0,0,0,1000,1000,1000,1000,0,0,0,0,0
2025-12-15 01:22:15.942,SERVO_OUTPUT_RAW,2891109826,SERVO_OUTPUT_RAW,0,0,0,0,0,0,0,0,1000,1000,1000,1000,0,0,0,0,0
2025-12-15 01:22:16.042,SERVO_OUTPUT_RAW,2891209795,SERVO_OUTPUT_RAW,0,0,0,0,0,0,0,0,1000,1000,1000,1000,0,0,0,0,0
2025-12-15 01:22:16.142,SERVO_OUTPUT_RAW,2891309789,SERVO_OUTPUT_RAW,0,0,0,0,0,0,0,0,1000,1000,1000,1000,0,0,0,0,0
2025-12-15 01:22:16.242,SERVO_OUTPUT_RAW,2891409814,SERVO_OUTPUT_RAW,0,0,0,0,0,0,0,0,1000,1000,1000,1000,0,0,0,0,0
2025-12-15 01:22:16.342,SERVO_OUTPUT_RAW,2891509846,SERVO_OUTPUT_RAW,0,0,0,0,0,0,0,0,1000,1000,1000,1000,0,0,0,0,0
2025-12-15 01:22:16.442,SERVO_OUTPUT_RAW,2891612113,SERVO_OUTPUT_RAW,0,0,0,0,0,0,0,0,1000,1000,1000,1000,0,0,0,0,0
2025-12-15 01:22:16.542,SERVO_OUTPUT_RAW,2891709787,SERVO_OUTPUT_RAW,0,0,0,0,0,0,0,0,1000,1000,1000,1000,0,0,0,0,0
2025-12-15 01:22:16.642,SERVO_OUTPUT_RAW,2891809813,SERVO_OUTPUT_RAW,0,0,0,0,0,0,0,0,1000,1000,1000,1000,0,0,0,0,0
2025-12-15 01:22:16.742,SERVO_OUTPUT_RAW,2891909828,SERVO_OUTPUT_RAW,0,0,0,0,0,0,0,0,1000,1000,1000,1000,0,0,0,0,0
2025-12-15 01:22:16.842,SERVO_OUTPUT_RAW,2892009822,SERVO_OUTPUT_RAW,0,0,0,0,0,0,0,0,1000,1000,1000,1000,0,0,0,0,0
2025-12-15 01:22:16.942,SERVO_OUTPUT_RAW,2892109797,SERVO_OUTPUT_RAW,0,0,0,0,0,0,0,0,1000,1000,1000,1000,0,0,0,0,0
2025-12-15 01:22:17.042,SERVO_OUTPUT_RAW,2892209784,SERVO_OUTPUT_RAW,0,0,0,0,0,0,0,0,1000,1000,1000,1000,0,0,0,0,0
2025-12-15 01:22:17.142,SERVO_OUTPUT_RAW,2892309797,SERVO_OUTPUT_RAW,0,0,0,0,0,0,0,0,1000,1000,1000,1000,0,0,0,0,0
2025-12-15 01:22:17.242,SERVO_OUTPUT_RAW,2892409786,SERVO_OUTPUT_RAW,0,0,0,0,0,0,0,0,1000,1000,1000,1000,0,0,0,0,0
2025-12-15 01:22:17.342,SERVO_OUTPUT_RAW,2892509773,SERVO_OUTPUT_RAW,0,0,0,0,0,0,0,0,1000,1000,1000,1000,0,0,0,0,0
2025-12-15 01:22:17.443,SERVO_OUTPUT_RAW,2892609838,SERVO_OUTPUT_RAW,0,0,0,0,0,0,0,0,1000,1000,1000,1000,0,0,0,0,0
2025-12-15 01:22:17.543,SERVO_OUTPUT_RAW,2892709823,SERVO_OUTPUT_RAW,0,0,0,0,0,0,0,0,1000,1000,1000,1000,0,0,0,0,0
2025-12-15 01:22:17.642,SERVO_OUTPUT_RAW,2892812146,SERVO_OUTPUT_RAW,0,0,0,0,0,0,0,0,1000,1000,1000,1000,0,0,0,0,0
2025-12-15 01:22:17.742,SERVO_OUTPUT_RAW,2892909787,SERVO_OUTPUT_RAW,0,0,0,0,0,0,0,0,1000,1000,1000,1000,0,0,0,0,0
2025-12-15 01:22:17.842,SERVO_OUTPUT_RAW,2893009816,SERVO_OUTPUT_RAW,0,0,0,0,0,0,0,0,1000,1000,1000,1000,0,0,0,0,0
2025-12-15 01:22:17.942,SERVO_OUTPUT_RAW,2893109887,SERVO_OUTPUT_RAW,0,0,0,0,0,0,0,0,1000,1000,1000,1000,0,0,0,0,0
2025-12-15 01:22:18.042,SERVO_OUTPUT_RAW,2893209836,SERVO_OUTPUT_RAW,0,0,0,0,0,0,0,0,1000,1000,1000,1000,0,0,0,0,0
2025-12-15 01:22:18.142,SERVO_OUTPUT_RAW,2893309792,SERVO_OUTPUT_RAW,0,0,0,0,0,0,0,0,1000,1000,1000,1000,0,0,0,0,0
2025-12-15 01:22:18.242,SERVO_OUTPUT_RAW,2893409817,SERVO_OUTPUT_RAW,0,0,0,0,0,0,0,0,1000,1000,1000,1000,0,0,0,0,0
2025-12-15 01:22:18.342,SERVO_OUTPUT_RAW,2893509810,SERVO_OUTPUT_RAW,0,0,0,0,0,0,0,0,1000,1000,1000,1000,0,0,0,0,0
2025-12-15 01:22:18.442,SERVO_OUTPUT_RAW,2893609795,SERVO_OUTPUT_RAW,0,0,0,0,0,0,0,0,1000,1000,1000,1000,0,0,0,0,0
2025-12-15 01:22:18.542,SERVO_OUTPUT_RAW,2893709803,SERVO_OUTPUT_RAW,0,0,0,0,0,0,0,0,1000,1000,1000,1000,0,0,0,0,0
2025-12-15 01:22:18.642,SERVO_OUTPUT_RAW,2893809787,SERVO_OUTPUT_RAW,0,0,0,0,0,0,0,0,1000,1000,1000,1000,0,0,0,0,0
2025-12-15 01:22:18.742,SERVO_OUTPUT_RAW,2893909777,SERVO_OUTPUT_RAW,0,0,0,0,0,0,0,0,1000,1000,1000,1000,0,0,0,0,0
2025-12-15 01:22:18.842,SERVO_OUTPUT_RAW,2894009786,SERVO_OUTPUT_RAW,0,0,0,0,0,0,0,0,1000,1000,1000,1000,0,0,0,0,0
2025-12-15 01:22:18.942,SERVO_OUTPUT_RAW,2894112142,SERVO_OUTPUT_RAW,0,0,0,0,0,0,0,0,1000,1000,1000,1000,0,0,0,0,0
2025-12-15 01:22:19.042,SERVO_OUTPUT_RAW,2894209838,SERVO_OUTPUT_RAW,0,0,0,0,0,0,0,0,1000,1000,1000,1000,0,0,0,0,0
2025-12-15 01:22:19.143,SERVO_OUTPUT_RAW,2894309800,SERVO_OUTPUT_RAW,0,0,0,0,0,0,0,0,1000,1000,1000,1000,0,0,0,0,0
2025-12-15 01:22:19.242,SERVO_OUTPUT_RAW,2894409815,SERVO_OUTPUT_RAW,0,0,0,0,0,0,0,0,1000,1000,1000,1000,0,0,0,0,0
2025-12-15 01:22:19.343,SERVO_OUTPUT_RAW,2894509835,SERVO_OUTPUT_RAW,0,0,0,0,0,0,0,0,1000,1000,1000,1000,0,0,0,0,0
2025-12-15 01:22:19.442,SERVO_OUTPUT_RAW,2894609857,SERVO_OUTPUT_RAW,0,0,0,0,0,0,0,0,1000,1000,1000,1000,0,0,0,0,0
2025-12-15 01:22:19.542,SERVO_OUTPUT_RAW,2894709854,SERVO_OUTPUT_RAW,0,0,0,0,0,0,0,0,1000,1000,1000,1000,0,0,0,0,0
2025-12-15 01:22:19.642,SERVO_OUTPUT_RAW,2894809785,SERVO_OUTPUT_RAW,0,0,0,0,0,0,0,0,1000,1000,1000,1000,0,0,0,0,0
2025-12-15 01:22:19.742,SERVO_OUTPUT_RAW,2894909789,SERVO_OUTPUT_RAW,0,0,0,0,0,0,0,0,1000,1000,1000,1000,0,0,0,0,0
2025-12-15 01:22:19.843,SERVO_OUTPUT_RAW,2895009828,SERVO_OUTPUT_RAW,0,0,0,0,0,0,0,0,1000,1000,1000,1000,0,0,0,0,0
2025-12-15 01:22:19.943,SERVO_OUTPUT_RAW,2895109827,SERVO_OUTPUT_RAW,0,0,0,0,0,0,0,0,1000,1000,1000,1000,0,0,0,0,0
2025-12-15 01:22:20.042,SERVO_OUTPUT_RAW,2895209777,SERVO_OUTPUT_RAW,0,0,0,0,0,0,0,0,1000,1000,1000,1000,0,0,0,0,0
2025-12-15 01:22:20.143,SERVO_OUTPUT_RAW,2895309798,SERVO_OUTPUT_RAW,0,0,0,0,0,0,0,0,1000,1000,1000,1000,0,0,0,0,0
2025-12-15 01:22:20.243,SERVO_OUTPUT_RAW,2895409783,SERVO_OUTPUT_RAW,0,0,0,0,0,0,0,0,1000,1000,1000,1000,0,0,0,0,0
2025-12-15 01:22:20.343,SERVO_OUTPUT_RAW,2895509795,SERVO_OUTPUT_RAW,0,0,0,0,0,0,0,0,1000,1000,1000,1000,0,0,0,0,0
2025-12-15 01:22:20.442,SERVO_OUTPUT_RAW,2895609788,SERVO_OUTPUT_RAW,0,0,0,0,0,0,0,0,1000,1000,1000,1000,0,0,0,0,0
2025-12-15 01:22:20.542,SERVO_OUTPUT_RAW,2895712145,SERVO_OUTPUT_RAW,0,0,0,0,0,0,0,0,1000,1000,1000,1000,0,0,0,0,0
2025-12-15 01:22:20.642,SERVO_OUTPUT_RAW,2895812150,SERVO_OUTPUT_RAW,0,0,0,0,0,0,0,0,1000,1000,1000,1000,0,0,0,0,0
2025-12-15 01:22:20.742,SERVO_OUTPUT_RAW,2895909792,SERVO_OUTPUT_RAW,0,0,0,0,0,0,0,0,1000,1000,1000,1000,0,0,0,0,0
2025-12-15 01:22:20.842,SERVO_OUTPUT_RAW,2896009810,SERVO_OUTPUT_RAW,0,0,0,0,0,0,0,0,1000,1000,1000,1000,0,0,0,0,0
2025-12-15 01:22:20.942,SERVO_OUTPUT_RAW,2896109815,SERVO_OUTPUT_RAW,0,0,0,0,0,0,0,0,1000,1000,1000,1000,0,0,0,0,0
2025-12-15 01:22:21.043,SERVO_OUTPUT_RAW,2896209846,SERVO_OUTPUT_RAW,0,0,0,0,0,0,0,0,1000,1000,1000,1000,0,0,0,0,0
2025-12-15 01:22:21.143,SERVO_OUTPUT_RAW,2896309842,SERVO_OUTPUT_RAW,0,0,0,0,0,0,0,0,1000,1000,1000,1000,0,0,0,0,0
2025-12-15 01:22:21.242,SERVO_OUTPUT_RAW,2896409804,SERVO_OUTPUT_RAW,0,0,0,0,0,0,0,0,1000,1000,1000,1000,0,0,0,0,0
2025-12-15 01:22:21.342,SERVO_OUTPUT_RAW,2896509820,SERVO_OUTPUT_RAW,0,0,0,0,0,0,0,0,1000,1000,1000,1000,0,0,0,0,0
2025-12-15 01:22:21.442,SERVO_OUTPUT_RAW,2896609831,SERVO_OUTPUT_RAW,0,0,0,0,0,0,0,0,1000,1000,1000,1000,0,0,0,0,0
2025-12-15 01:22:21.542,SERVO_OUTPUT_RAW,2896709785,SERVO_OUTPUT_RAW,0,0,0,0,0,0,0,0,1000,1000,1000,1000,0,0,0,0,0
2025-12-15 01:22:21.642,SERVO_OUTPUT_RAW,2896809775,SERVO_OUTPUT_RAW,0,0,0,0,0,0,0,0,1000,1000,1000,1000,0,0,0,0,0
2025-12-15 01:22:21.742,SERVO_OUTPUT_RAW,2896909786,SERVO_OUTPUT_RAW,0,0,0,0,0,0,0,0,1000,1000,1000,1000,0,0,0,0,0
2025-12-15 01:22:21.843,SERVO_OUTPUT_RAW,2897009800,SERVO_OUTPUT_RAW,0,0,0,0,0,0,0,0,1000,1000,1000,1000,0,0,0,0,0
2025-12-15 01:22:21.943,SERVO_OUTPUT_RAW,2897109784,SERVO_OUTPUT_RAW,0,0,0,0,0,0,0,0,1000,1000,1000,1000,0,0,0,0,0
2025-12-15 01:22:22.043,SERVO_OUTPUT_RAW,2897209790,SERVO_OUTPUT_RAW,0,0,0,0,0,0,0,0,1000,1000,1000,1000,0,0,0,0,0
2025-12-15 01:22:22.143,SERVO_OUTPUT_RAW,2897309835,SERVO_OUTPUT_RAW,0,0,0,0,0,0,0,0,1000,1000,1000,1000,0,0,0,0,0
2025-12-15 01:22:22.243,SERVO_OUTPUT_RAW,2897409804,SERVO_OUTPUT_RAW,0,0,0,0,0,0,0,0,1000,1000,1000,1000,0,0,0,0,0
2025-12-15 01:22:22.343,SERVO_OUTPUT_RAW,2897509863,SERVO_OUTPUT_RAW,0,0,0,0,0,0,0,0,1000,1000,1000,1000,0,0,0,0,0
2025-12-15 01:22:22.443,SERVO_OUTPUT_RAW,2897609814,SERVO_OUTPUT_RAW,0,0,0,0,0,0,0,0,1000,1000,1000,1000,0,0,0,0,0
2025-12-15 01:22:22.543,SERVO_OUTPUT_RAW,2897709840,SERVO_OUTPUT_RAW,0,0,0,0,0,0,0,0,1000,1000,1000,1000,0,0,0,0,0
2025-12-15 01:22:22.643,SERVO_OUTPUT_RAW,2897809834,SERVO_OUTPUT_RAW,0,0,0,0,0,0,0,0,1000,1000,1000,1000,0,0,0,0,0
2025-12-15 01:22:22.743,SERVO_OUTPUT_RAW,2897909893,SERVO_OUTPUT_RAW,0,0,0,0,0,0,0,0,1000,1000,1000,1000,0,0,0,0,0
2025-12-15 01:22:22.843,SERVO_OUTPUT_RAW,2898009785,SERVO_OUTPUT_RAW,0,0,0,0,0,0,0,0,1000,1000,1000,1000,0,0,0,0,0
2025-12-15 01:22:22.943,SERVO_OUTPUT_RAW,2898109820,SERVO_OUTPUT_RAW,0,0,0,0,0,0,0,0,1000,1000,1000,1000,0,0,0,0,0
2025-12-15 01:22:23.043,SERVO_OUTPUT_RAW,2898209833,SERVO_OUTPUT_RAW,0,0,0,0,0,0,0,0,1000,1000,1000,1000,0,0,0,0,0
2025-12-15 01:22:23.143,SERVO_OUTPUT_RAW,2898309784,SERVO_OUTPUT_RAW,0,0,0,0,0,0,0,0,1000,1000,1000,1000,0,0,0,0,0
2025-12-15 01:22:23.243,SERVO_OUTPUT_RAW,2898409792,SERVO_OUTPUT_RAW,0,0,0,0,0,0,0,0,1000,1000,1000,1000,0,0,0,0,0
2025-12-15 01:22:23.343,SERVO_OUTPUT_RAW,2898509808,SERVO_OUTPUT_RAW,0,0,0,0,0,0,0,0,1000,1000,1000,1000,0,0,0,0,0
2025-12-15 01:22:23.443,SERVO_OUTPUT_RAW,2898609814,SERVO_OUTPUT_RAW,0,0,0,0,0,0,0,0,1000,1000,1000,1000,0,0,0,0,0
2025-12-15 01:22:23.543,SERVO_OUTPUT_RAW,2898709781,SERVO_OUTPUT_RAW,0,0,0,0,0,0,0,0,1000,1000,1000,1000,0,0,0,0,0
2025-12-15 01:22:23.643,SERVO_OUTPUT_RAW,2898809815,SERVO_OUTPUT_RAW,0,0,0,0,0,0,0,0,1000,1000,1000,1000,0,0,0,0,0
2025-12-15 01:22:23.743,SERVO_OUTPUT_RAW,2898909848,SERVO_OUTPUT_RAW,0,0,0,0,0,0,0,0,1000,1000,1000,1000,0,0,0,0,0
2025-12-15 01:22:23.843,SERVO_OUTPUT_RAW,2899009843,SERVO_OUTPUT_RAW,0,0,0,0,0,0,0,0,1000,1000,1000,1000,0,0,0,0,0
2025-12-15 01:22:23.943,SERVO_OUTPUT_RAW,2899109791,SERVO_OUTPUT_RAW,0,0,0,0,0,0,0,0,1000,1000,1000,1000,0,0,0,0,0
2025-12-15 01:22:24.043,SERVO_OUTPUT_RAW,2899209800,SERVO_OUTPUT_RAW,0,0,0,0,0,0,0,0,1000,1000,1000,1000,0,0,0,0,0
2025-12-15 01:22:24.143,SERVO_OUTPUT_RAW,2899309833,SERVO_OUTPUT_RAW,0,0,0,0,0,0,0,0,1000,1000,1000,1000,0,0,0,0,0
2025-12-15 01:22:24.243,SERVO_OUTPUT_RAW,2899409836,SERVO_OUTPUT_RAW,0,0,0,0,0,0,0,0,1000,1000,1000,1000,0,0,0,0,0
2025-12-15 01:22:24.343,SERVO_OUTPUT_RAW,2899509844,SERVO_OUTPUT_RAW,0,0,0,0,0,0,0,0,1000,1000,1000,1000,0,0,0,0,0
2025-12-15 01:22:24.443,SERVO_OUTPUT_RAW,2899609817,SERVO_OUTPUT_RAW,0,0,0,0,0,0,0,0,1000,1000,1000,1000,0,0,0,0,0
2025-12-15 01:22:24.543,SERVO_OUTPUT_RAW,2899709821,SERVO_OUTPUT_RAW,0,0,0,0,0,0,0,0,1000,1000,1000,1000,0,0,0,0,0
2025-12-15 01:22:24.643,SERVO_OUTPUT_RAW,2899809825,SERVO_OUTPUT_RAW,0,0,0,0,0,0,0,0,1000,1000,1000,1000,0,0,0,0,0
2025-12-15 01:22:24.743,SERVO_OUTPUT_RAW,2899909815,SERVO_OUTPUT_RAW,0,0,0,0,0,0,0,0,1000,1000,1000,1000,0,0,0,0,0
2025-12-15 01:22:24.843,SERVO_OUTPUT_RAW,2900009797,SERVO_OUTPUT_RAW,0,0,0,0,0,0,0,0,1000,1000,1000,1000,0,0,0,0,0
2025-12-15 01:22:24.943,SERVO_OUTPUT_RAW,2900109785,SERVO_OUTPUT_RAW,0,0,0,0,0,0,0,0,1000,1000,1000,1000,0,0,0,0,0
2025-12-15 01:22:25.042,SERVO_OUTPUT_RAW,2900209778,SERVO_OUTPUT_RAW,0,0,0,0,0,0,0,0,1000,1000,1000,1000,0,0,0,0,0
2025-12-15 01:22:25.142,SERVO_OUTPUT_RAW,2900309785,SERVO_OUTPUT_RAW,0,0,0,0,0,0,0,0,1000,1000,1000,1000,0,0,0,0,0
2025-12-15 01:22:25.243,SERVO_OUTPUT_RAW,2900409807,SERVO_OUTPUT_RAW,0,0,0,0,0,0,0,0,1000,1000,1000,1000,0,0,0,0,0
2025-12-15 01:22:25.342,SERVO_OUTPUT_RAW,2900509852,SERVO_OUTPUT_RAW,0,0,0,0,0,0,0,0,1000,1000,1000,1000,0,0,0,0,0
2025-12-15 01:22:25.442,SERVO_OUTPUT_RAW,2900609794,SERVO_OUTPUT_RAW,0,0,0,0,0,0,0,0,1000,1000,1000,1000,0,0,0,0,0
2025-12-15 01:22:25.542,SERVO_OUTPUT_RAW,2900709776,SERVO_OUTPUT_RAW,0,0,0,0,0,0,0,0,1000,1000,1000,1000,0,0,0,0,0
2025-12-15 01:22:25.642,SERVO_OUTPUT_RAW,2900809830,SERVO_OUTPUT_RAW,0,0,0,0,0,0,0,0,1000,1000,1000,1000,0,0,0,0,0
2025-12-15 01:22:25.744,SERVO_OUTPUT_RAW,2900909869,SERVO_OUTPUT_RAW,0,0,0,0,0,0,0,0,1000,1000,1000,1000,0,0,0,0,0
2025-12-15 01:22:25.843,SERVO_OUTPUT_RAW,2901009856,SERVO_OUTPUT_RAW,0,0,0,0,0,0,0,0,1000,1000,1000,1000,0,0,0,0,0
2025-12-15 01:22:25.942,SERVO_OUTPUT_RAW,2901109787,SERVO_OUTPUT_RAW,0,0,0,0,0,0,0,0,1000,1000,1000,1000,0,0,0,0,0
2025-12-15 01:22:26.042,SERVO_OUTPUT_RAW,2901209810,SERVO_OUTPUT_RAW,0,0,0,0,0,0,0,0,1000,1000,1000,1000,0,0,0,0,0
2025-12-15 01:22:26.142,SERVO_OUTPUT_RAW,2901309806,SERVO_OUTPUT_RAW,0,0,0,0,0,0,0,0,1000,1000,1000,1000,0,0,0,0,0
2025-12-15 01:22:26.242,SERVO_OUTPUT_RAW,2901409773,SERVO_OUTPUT_RAW,0,0,0,0,0,0,0,0,1000,1000,1000,1000,0,0,0,0,0
2025-12-15 01:22:26.342,SERVO_OUTPUT_RAW,2901509804,SERVO_OUTPUT_RAW,0,0,0,0,0,0,0,0,1000,1000,1000,1000,0,0,0,0,0
2025-12-15 01:22:26.442,SERVO_OUTPUT_RAW,2901609783,SERVO_OUTPUT_RAW,0,0,0,0,0,0,0,0,1000,1000,1000,1000,0,0,0,0,0
2025-12-15 01:22:26.542,SERVO_OUTPUT_RAW,2901709772,SERVO_OUTPUT_RAW,0,0,0,0,0,0,0,0,1000,1000,1000,1000,0,0,0,0,0
2025-12-15 01:22:26.642,SERVO_OUTPUT_RAW,2901809809,SERVO_OUTPUT_RAW,0,0,0,0,0,0,0,0,1000,1000,1000,1000,0,0,0,0,0
2025-12-15 01:22:26.743,SERVO_OUTPUT_RAW,2901909781,SERVO_OUTPUT_RAW,0,0,0,0,0,0,0,0,1000,1000,1000,1000,0,0,0,0,0
2025-12-15 01:22:26.842,SERVO_OUTPUT_RAW,2902009836,SERVO_OUTPUT_RAW,0,0,0,0,0,0,0,0,1000,1000,1000,1000,0,0,0,0,0
2025-12-15 01:22:26.942,SERVO_OUTPUT_RAW,2902112150,SERVO_OUTPUT_RAW,0,0,0,0,0,0,0,0,1000,1000,1000,1000,0,0,0,0,0
2025-12-15 01:22:27.042,SERVO_OUTPUT_RAW,2902209791,SERVO_OUTPUT_RAW,0,0,0,0,0,0,0,0,1000,1000,1000,1000,0,0,0,0,0
2025-12-15 01:22:27.142,SERVO_OUTPUT_RAW,2902309808,SERVO_OUTPUT_RAW,0,0,0,0,0,0,0,0,1000,1000,1000,1000,0,0,0,0,0
2025-12-15 01:22:27.242,SERVO_OUTPUT_RAW,2902409824,SERVO_OUTPUT_RAW,0,0,0,0,0,0,0,0,1000,1000,1000,1000,0,0,0,0,0
2025-12-15 01:22:27.342,SERVO_OUTPUT_RAW,2902509858,SERVO_OUTPUT_RAW,0,0,0,0,0,0,0,0,1000,1000,1000,1000,0,0,0,0,0
2025-12-15 01:22:27.443,SERVO_OUTPUT_RAW,2902609787,SERVO_OUTPUT_RAW,0,0,0,0,0,0,0,0,1000,1000,1000,1000,0,0,0,0,0
2025-12-15 01:22:27.542,SERVO_OUTPUT_RAW,2902709797,SERVO_OUTPUT_RAW,0,0,0,0,0,0,0,0,1000,1000,1000,1000,0,0,0,0,0
2025-12-15 01:22:27.642,SERVO_OUTPUT_RAW,2902809841,SERVO_OUTPUT_RAW,0,0,0,0,0,0,0,0,1000,1000,1000,1000,0,0,0,0,0
2025-12-15 01:22:27.743,SERVO_OUTPUT_RAW,2902909808,SERVO_OUTPUT_RAW,0,0,0,0,0,0,0,0,1000,1000,1000,1000,0,0,0,0,0
2025-12-15 01:22:27.842,SERVO_OUTPUT_RAW,2903009786,SERVO_OUTPUT_RAW,0,0,0,0,0,0,0,0,1000,1000,1000,1000,0,0,0,0,0
2025-12-15 01:22:27.942,SERVO_OUTPUT_RAW,2903109787,SERVO_OUTPUT_RAW,0,0,0,0,0,0,0,0,1000,1000,1000,1000,0,0,0,0,0
2025-12-15 01:22:28.042,SERVO_OUTPUT_RAW,2903209794,SERVO_OUTPUT_RAW,0,0,0,0,0,0,0,0,1000,1000,1000,1000,0,0,0,0,0
2025-12-15 01:22:28.142,SERVO_OUTPUT_RAW,2903309778,SERVO_OUTPUT_RAW,0,0,0,0,0,0,0,0,1000,1000,1000,1000,0,0,0,0,0
2025-12-15 01:22:28.242,SERVO_OUTPUT_RAW,2903409814,SERVO_OUTPUT_RAW,0,0,0,0,0,0,0,0,1000,1000,1000,1000,0,0,0,0,0
2025-12-15 01:22:28.342,SERVO_OUTPUT_RAW,2903509815,SERVO_OUTPUT_RAW,0,0,0,0,0,0,0,0,1000,1000,1000,1000,0,0,0,0,0
2025-12-15 01:22:28.442,SERVO_OUTPUT_RAW,2903609847,SERVO_OUTPUT_RAW,0,0,0,0,0,0,0,0,1000,1000,1000,1000,0,0,0,0,0
2025-12-15 01:22:28.542,SERVO_OUTPUT_RAW,2903709848,SERVO_OUTPUT_RAW,0,0,0,0,0,0,0,0,1000,1000,1000,1000,0,0,0,0,0
2025-12-15 01:22:28.642,SERVO_OUTPUT_RAW,2903809792,SERVO_OUTPUT_RAW,0,0,0,0,0,0,0,0,1000,1000,1000,1000,0,0,0,0,0
2025-12-15 01:22:28.742,SERVO_OUTPUT_RAW,2903909820,SERVO_OUTPUT_RAW,0,0,0,0,0,0,0,0,1000,1000,1000,1000,0,0,0,0,0
2025-12-15 01:22:28.842,SERVO_OUTPUT_RAW,2904009843,SERVO_OUTPUT_RAW,0,0,0,0,0,0,0,0,1000,1000,1000,1000,0,0,0,0,0
2025-12-15 01:22:28.942,SERVO_OUTPUT_RAW,2904109836,SERVO_OUTPUT_RAW,0,0,0,0,0,0,0,0,1000,1000,1000,1000,0,0,0,0,0
2025-12-15 01:22:29.043,SERVO_OUTPUT_RAW,2904209891,SERVO_OUTPUT_RAW,0,0,0,0,0,0,0,0,1000,1000,1000,1000,0,0,0,0,0
2025-12-15 01:22:29.143,SERVO_OUTPUT_RAW,2904309797,SERVO_OUTPUT_RAW,0,0,0,0,0,0,0,0,1000,1000,1000,1000,0,0,0,0,0
2025-12-15 01:22:29.243,SERVO_OUTPUT_RAW,2904409824,SERVO_OUTPUT_RAW,0,0,0,0,0,0,0,0,1000,1000,1000,1000,0,0,0,0,0
2025-12-15 01:22:29.342,SERVO_OUTPUT_RAW,2904509880,SERVO_OUTPUT_RAW,0,0,0,0,0,0,0,0,1000,1000,1000,1000,0,0,0,0,0
2025-12-15 01:22:29.442,SERVO_OUTPUT_RAW,2904609787,SERVO_OUTPUT_RAW,0,0,0,0,0,0,0,0,1000,1000,1000,1000,0,0,0,0,0
2025-12-15 01:22:29.542,SERVO_OUTPUT_RAW,2904709803,SERVO_OUTPUT_RAW,0,0,0,0,0,0,0,0,1000,1000,1000,1000,0,0,0,0,0
2025-12-15 01:22:29.642,SERVO_OUTPUT_RAW,2904809790,SERVO_OUTPUT_RAW,0,0,0,0,0,0,0,0,1000,1000,1000,1000,0,0,0,0,0
2025-12-15 01:22:29.743,SERVO_OUTPUT_RAW,2904909786,SERVO_OUTPUT_RAW,0,0,0,0,0,0,0,0,1000,1000,1000,1000,0,0,0,0,0
2025-12-15 01:22:29.843,SERVO_OUTPUT_RAW,2905009800,SERVO_OUTPUT_RAW,0,0,0,0,0,0,0,0,1000,1000,1000,1000,0,0,0,0,0
2025-12-15 01:22:29.943,SERVO_OUTPUT_RAW,2905109823,SERVO_OUTPUT_RAW,0,0,0,0,0,0,0,0,1000,1000,1000,1000,0,0,0,0,0
2025-12-15 01:22:30.043,SERVO_OUTPUT_RAW,2905209840,SERVO_OUTPUT_RAW,0,0,0,0,0,0,0,0,1000,1000,1000,1000,0,0,0,0,0
2025-12-15 01:22:30.143,SERVO_OUTPUT_RAW,2905309794,SERVO_OUTPUT_RAW,0,0,0,0,0,0,0,0,1000,1000,1000,1000,0,0,0,0,0
2025-12-15 01:22:30.243,SERVO_OUTPUT_RAW,2905409811,SERVO_OUTPUT_RAW,0,0,0,0,0,0,0,0,1000,1000,1000,1000,0,0,0,0,0
2025-12-15 01:22:30.343,SERVO_OUTPUT_RAW,2905509817,SERVO_OUTPUT_RAW,0,0,0,0,0,0,0,0,1000,1000,1000,1000,0,0,0,0,0
2025-12-15 01:22:30.443,SERVO_OUTPUT_RAW,2905609850,SERVO_OUTPUT_RAW,0,0,0,0,0,0,0,0,1000,1000,1000,1000,0,0,0,0,0
2025-12-15 01:22:30.543,SERVO_OUTPUT_RAW,2905709803,SERVO_OUTPUT_RAW,0,0,0,0,0,0,0,0,1000,1000,1000,1000,0,0,0,0,0
2025-12-15 01:22:30.643,SERVO_OUTPUT_RAW,2905809797,SERVO_OUTPUT_RAW,0,0,0,0,0,0,0,0,1000,1000,1000,1000,0,0,0,0,0
2025-12-15 01:22:30.743,SERVO_OUTPUT_RAW,2905909812,SERVO_OUTPUT_RAW,0,0,0,0,0,0,0,0,1000,1000,1000,1000,0,0,0,0,0
2025-12-15 01:22:30.843,SERVO_OUTPUT_RAW,2906009821,SERVO_OUTPUT_RAW,0,0,0,0,0,0,0,0,1000,1000,1000,1000,0,0,0,0,0
2025-12-15 01:22:30.943,SERVO_OUTPUT_RAW,2906109785,SERVO_OUTPUT_RAW,0,0,0,0,0,0,0,0,1000,1000,1000,1000,0,0,0,0,0
2025-12-15 01:22:31.043,SERVO_OUTPUT_RAW,2906209782,SERVO_OUTPUT_RAW,0,0,0,0,0,0,0,0,1000,1000,1000,1000,0,0,0,0,0
2025-12-15 01:22:31.143,SERVO_OUTPUT_RAW,2906309801,SERVO_OUTPUT_RAW,0,0,0,0,0,0,0,0,1000,1000,1000,1000,0,0,0,0,0
2025-12-15 01:22:31.243,SERVO_OUTPUT_RAW,2906409792,SERVO_OUTPUT_RAW,0,0,0,0,0,0,0,0,1000,1000,1000,1000,0,0,0,0,0
2025-12-15 01:22:31.343,SERVO_OUTPUT_RAW,2906509795,SERVO_OUTPUT_RAW,0,0,0,0,0,0,0,0,1000,1000,1000,1000,0,0,0,0,0
2025-12-15 01:22:31.443,SERVO_OUTPUT_RAW,2906609814,SERVO_OUTPUT_RAW,0,0,0,0,0,0,0,0,1000,1000,1000,1000,0,0,0,0,0
2025-12-15 01:22:31.543,SERVO_OUTPUT_RAW,2906709832,SERVO_OUTPUT_RAW,0,0,0,0,0,0,0,0,1000,1000,1000,1000,0,0,0,0,0
2025-12-15 01:22:31.643,SERVO_OUTPUT_RAW,2906809851,SERVO_OUTPUT_RAW,0,0,0,0,0,0,0,0,1000,1000,1000,1000,0,0,0,0,0
2025-12-15 01:22:31.743,SERVO_OUTPUT_RAW,2906909862,SERVO_OUTPUT_RAW,0,0,0,0,0,0,0,0,1000,1000,1000,1000,0,0,0,0,0
2025-12-15 01:22:31.843,SERVO_OUTPUT_RAW,2907009813,SERVO_OUTPUT_RAW,0,0,0,0,0,0,0,0,1000,1000,1000,1000,0,0,0,0,0
2025-12-15 01:22:31.943,SERVO_OUTPUT_RAW,2907109826,SERVO_OUTPUT_RAW,0,0,0,0,0,0,0,0,1000,1000,1000,1000,0,0,0,0,0
2025-12-15 01:22:32.043,SERVO_OUTPUT_RAW,2907209854,SERVO_OUTPUT_RAW,0,0,0,0,0,0,0,0,1000,1000,1000,1000,0,0,0,0,0
2025-12-15 01:22:32.143,SERVO_OUTPUT_RAW,2907309797,SERVO_OUTPUT_RAW,0,0,0,0,0,0,0,0,1000,1000,1000,1000,0,0,0,0,0
2025-12-15 01:22:32.243,SERVO_OUTPUT_RAW,2907409803,SERVO_OUTPUT_RAW,0,0,0,0,0,0,0,0,1000,1000,1000,1000,0,0,0,0,0
2025-12-15 01:22:32.343,SERVO_OUTPUT_RAW,2907509828,SERVO_OUTPUT_RAW,0,0,0,0,0,0,0,0,1000,1000,1000,1000,0,0,0,0,0
2025-12-15 01:22:32.443,SERVO_OUTPUT_RAW,2907609819,SERVO_OUTPUT_RAW,0,0,0,0,0,0,0,0,1000,1000,1000,1000,0,0,0,0,0
2025-12-15 01:22:32.543,SERVO_OUTPUT_RAW,2907709784,SERVO_OUTPUT_RAW,0,0,0,0,0,0,0,0,1000,1000,1000,1000,0,0,0,0,0
2025-12-15 01:22:32.643,SERVO_OUTPUT_RAW,2907809778,SERVO_OUTPUT_RAW,0,0,0,0,0,0,0,0,1000,1000,1000,1000,0,0,0,0,0
2025-12-15 01:22:32.744,SERVO_OUTPUT_RAW,2907909785,SERVO_OUTPUT_RAW,0,0,0,0,0,0,0,0,1000,1000,1000,1000,0,0,0,0,0
2025-12-15 01:22:32.843,SERVO_OUTPUT_RAW,2908009784,SERVO_OUTPUT_RAW,0,0,0,0,0,0,0,0,1000,1000,1000,1000,0,0,0,0,0
2025-12-15 01:22:32.943,SERVO_OUTPUT_RAW,2908109797,SERVO_OUTPUT_RAW,0,0,0,0,0,0,0,0,1000,1000,1000,1000,0,0,0,0,0
2025-12-15 01:22:33.043,SERVO_OUTPUT_RAW,2908209825,SERVO_OUTPUT_RAW,0,0,0,0,0,0,0,0,1000,1000,1000,1000,0,0,0,0,0
2025-12-15 01:22:33.143,SERVO_OUTPUT_RAW,2908312146,SERVO_OUTPUT_RAW,0,0,0,0,0,0,0,0,1000,1000,1000,1000,0,0,0,0,0
2025-12-15 01:22:33.243,SERVO_OUTPUT_RAW,2908412134,SERVO_OUTPUT_RAW,0,0,0,0,0,0,0,0,1000,1000,1000,1000,0,0,0,0,0
2025-12-15 01:22:33.343,SERVO_OUTPUT_RAW,2908509781,SERVO_OUTPUT_RAW,0,0,0,0,0,0,0,0,1000,1000,1000,1000,0,0,0,0,0
2025-12-15 01:22:33.443,SERVO_OUTPUT_RAW,2908609839,SERVO_OUTPUT_RAW,0,0,0,0,0,0,0,0,1000,1000,1000,1000,0,0,0,0,0
2025-12-15 01:22:33.543,SERVO_OUTPUT_RAW,2908709841,SERVO_OUTPUT_RAW,0,0,0,0,0,0,0,0,1000,1000,1000,1000,0,0,0,0,0
2025-12-15 01:22:33.643,SERVO_OUTPUT_RAW,2908809837,SERVO_OUTPUT_RAW,0,0,0,0,0,0,0,0,1000,1000,1000,1000,0,0,0,0,0
2025-12-15 01:22:33.743,SERVO_OUTPUT_RAW,2908909787,SERVO_OUTPUT_RAW,0,0,0,0,0,0,0,0,1000,1000,1000,1000,0,0,0,0,0
2025-12-15 01:22:33.844,SERVO_OUTPUT_RAW,2909009829,SERVO_OUTPUT_RAW,0,0,0,0,0,0,0,0,1000,1000,1000,1000,0,0,0,0,0
2025-12-15 01:22:33.943,SERVO_OUTPUT_RAW,2909109815,SERVO_OUTPUT_RAW,0,0,0,0,0,0,0,0,1000,1000,1000,1000,0,0,0,0,0
2025-12-15 01:22:34.043,SERVO_OUTPUT_RAW,2909209780,SERVO_OUTPUT_RAW,0,0,0,0,0,0,0,0,1000,1000,1000,1000,0,0,0,0,0
2025-12-15 01:22:34.143,SERVO_OUTPUT_RAW,2909309788,SERVO_OUTPUT_RAW,0,0,0,0,0,0,0,0,1000,1000,1000,1000,0,0,0,0,0
2025-12-15 01:22:34.244,SERVO_OUTPUT_RAW,2909409795,SERVO_OUTPUT_RAW,0,0,0,0,0,0,0,0,1000,1000,1000,1000,0,0,0,0,0
2025-12-15 01:22:34.343,SERVO_OUTPUT_RAW,2909509777,SERVO_OUTPUT_RAW,0,0,0,0,0,0,0,0,1000,1000,1000,1000,0,0,0,0,0
2025-12-15 01:22:34.442,SERVO_OUTPUT_RAW,2909609797,SERVO_OUTPUT_RAW,0,0,0,0,0,0,0,0,1000,1000,1000,1000,0,0,0,0,0
2025-12-15 01:22:34.542,SERVO_OUTPUT_RAW,2909709817,SERVO_OUTPUT_RAW,0,0,0,0,0,0,0,0,1000,1000,1000,1000,0,0,0,0,0
2025-12-15 01:22:34.642,SERVO_OUTPUT_RAW,2909809838,SERVO_OUTPUT_RAW,0,0,0,0,0,0,0,0,1000,1000,1000,1000,0,0,0,0,0
2025-12-15 01:22:34.744,SERVO_OUTPUT_RAW,2909909872,SERVO_OUTPUT_RAW,0,0,0,0,0,0,0,0,1000,1000,1000,1000,0,0,0,0,0
2025-12-15 01:22:34.842,SERVO_OUTPUT_RAW,2910009800,SERVO_OUTPUT_RAW,0,0,0,0,0,0,0,0,1000,1000,1000,1000,0,0,0,0,0
2025-12-15 01:22:34.943,SERVO_OUTPUT_RAW,2910109804,SERVO_OUTPUT_RAW,0,0,0,0,0,0,0,0,1000,1000,1000,1000,0,0,0,0,0
2025-12-15 01:22:35.043,SERVO_OUTPUT_RAW,2910209833,SERVO_OUTPUT_RAW,0,0,0,0,0,0,0,0,1000,1000,1000,1000,0,0,0,0,0
2025-12-15 01:22:35.143,SERVO_OUTPUT_RAW,2910309836,SERVO_OUTPUT_RAW,0,0,0,0,0,0,0,0,1000,1000,1000,1000,0,0,0,0,0
2025-12-15 01:22:35.243,SERVO_OUTPUT_RAW,2910409857,SERVO_OUTPUT_RAW,0,0,0,0,0,0,0,0,1000,1000,1000,1000,0,0,0,0,0
2025-12-15 01:22:35.342,SERVO_OUTPUT_RAW,2910509911,SERVO_OUTPUT_RAW,0,0,0,0,0,0,0,0,1000,1000,1000,1000,0,0,0,0,0
2025-12-15 01:22:35.442,SERVO_OUTPUT_RAW,2910609820,SERVO_OUTPUT_RAW,0,0,0,0,0,0,0,0,1000,1000,1000,1000,0,0,0,0,0
2025-12-15 01:22:35.543,SERVO_OUTPUT_RAW,2910709818,SERVO_OUTPUT_RAW,0,0,0,0,0,0,0,0,1000,1000,1000,1000,0,0,0,0,0
2025-12-15 01:22:35.643,SERVO_OUTPUT_RAW,2910809800,SERVO_OUTPUT_RAW,0,0,0,0,0,0,0,0,1000,1000,1000,1000,0,0,0,0,0
2025-12-15 01:22:35.742,SERVO_OUTPUT_RAW,2910909800,SERVO_OUTPUT_RAW,0,0,0,0,0,0,0,0,1000,1000,1000,1000,0,0,0,0,0
2025-12-15 01:22:35.842,SERVO_OUTPUT_RAW,2911009797,SERVO_OUTPUT_RAW,0,0,0,0,0,0,0,0,1000,1000,1000,1000,0,0,0,0,0
2025-12-15 01:22:35.942,SERVO_OUTPUT_RAW,2911109785,SERVO_OUTPUT_RAW,0,0,0,0,0,0,0,0,1000,1000,1000,1000,0,0,0,0,0
2025-12-15 01:22:36.042,SERVO_OUTPUT_RAW,2911212111,SERVO_OUTPUT_RAW,0,0,0,0,0,0,0,0,1000,1000,1000,1000,0,0,0,0,0
2025-12-15 01:22:36.142,SERVO_OUTPUT_RAW,2911309796,SERVO_OUTPUT_RAW,0,0,0,0,0,0,0,0,1000,1000,1000,1000,0,0,0,0,0
2025-12-15 01:22:36.242,SERVO_OUTPUT_RAW,2911409836,SERVO_OUTPUT_RAW,0,0,0,0,0,0,0,0,1000,1000,1000,1000,0,0,0,0,0
2025-12-15 01:22:36.342,SERVO_OUTPUT_RAW,2911509812,SERVO_OUTPUT_RAW,0,0,0,0,0,0,0,0,1000,1000,1000,1000,0,0,0,0,0
2025-12-15 01:22:36.442,SERVO_OUTPUT_RAW,2911609804,SERVO_OUTPUT_RAW,0,0,0,0,0,0,0,0,1000,1000,1000,1000,0,0,0,0,0
2025-12-15 01:22:36.542,SERVO_OUTPUT_RAW,2911709827,SERVO_OUTPUT_RAW,0,0,0,0,0,0,0,0,1000,1000,1000,1000,0,0,0,0,0
2025-12-15 01:22:36.643,SERVO_OUTPUT_RAW,2911809845,SERVO_OUTPUT_RAW,0,0,0,0,0,0,0,0,1000,1000,1000,1000,0,0,0,0,0
2025-12-15 01:22:36.742,SERVO_OUTPUT_RAW,2911909845,SERVO_OUTPUT_RAW,0,0,0,0,0,0,0,0,1000,1000,1000,1000,0,0,0,0,0
2025-12-15 01:22:36.842,SERVO_OUTPUT_RAW,2912009793,SERVO_OUTPUT_RAW,0,0,0,0,0,0,0,0,1000,1000,1000,1000,0,0,0,0,0
2025-12-15 01:22:36.943,SERVO_OUTPUT_RAW,2912109808,SERVO_OUTPUT_RAW,0,0,0,0,0,0,0,0,1000,1000,1000,1000,0,0,0,0,0
2025-12-15 01:22:37.042,SERVO_OUTPUT_RAW,2912209816,SERVO_OUTPUT_RAW,0,0,0,0,0,0,0,0,1000,1000,1000,1000,0,0,0,0,0
2025-12-15 01:22:37.143,SERVO_OUTPUT_RAW,2912309813,SERVO_OUTPUT_RAW,0,0,0,0,0,0,0,0,1000,1000,1000,1000,0,0,0,0,0
2025-12-15 01:22:37.243,SERVO_OUTPUT_RAW,2912409786,SERVO_OUTPUT_RAW,0,0,0,0,0,0,0,0,1000,1000,1000,1000,0,0,0,0,0
2025-12-15 01:22:37.343,SERVO_OUTPUT_RAW,2912509789,SERVO_OUTPUT_RAW,0,0,0,0,0,0,0,0,1000,1000,1000,1000,0,0,0,0,0
2025-12-15 01:22:37.443,SERVO_OUTPUT_RAW,2912609797,SERVO_OUTPUT_RAW,0,0,0,0,0,0,0,0,1000,1000,1000,1000,0,0,0,0,0
2025-12-15 01:22:37.543,SERVO_OUTPUT_RAW,2912709777,SERVO_OUTPUT_RAW,0,0,0,0,0,0,0,0,1000,1000,1000,1000,0,0,0,0,0
2025-12-15 01:22:37.642,SERVO_OUTPUT_RAW,2912809800,SERVO_OUTPUT_RAW,0,0,0,0,0,0,0,0,1000,1000,1000,1000,0,0,0,0,0
2025-12-15 01:22:37.743,SERVO_OUTPUT_RAW,2912909836,SERVO_OUTPUT_RAW,0,0,0,0,0,0,0,0,1000,1000,1000,1000,0,0,0,0,0
2025-12-15 01:22:37.843,SERVO_OUTPUT_RAW,2913009837,SERVO_OUTPUT_RAW,0,0,0,0,0,0,0,0,1000,1000,1000,1000,0,0,0,0,0
2025-12-15 01:22:37.943,SERVO_OUTPUT_RAW,2913109857,SERVO_OUTPUT_RAW,0,0,0,0,0,0,0,0,1000,1000,1000,1000,0,0,0,0,0
2025-12-15 01:22:38.043,SERVO_OUTPUT_RAW,2913209796,SERVO_OUTPUT_RAW,0,0,0,0,0,0,0,0,1000,1000,1000,1000,0,0,0,0,0
2025-12-15 01:22:38.143,SERVO_OUTPUT_RAW,2913309818,SERVO_OUTPUT_RAW,0,0,0,0,0,0,0,0,1000,1000,1000,1000,0,0,0,0,0
2025-12-15 01:22:38.243,SERVO_OUTPUT_RAW,2913409851,SERVO_OUTPUT_RAW,0,0,0,0,0,0,0,0,1000,1000,1000,1000,0,0,0,0,0
2025-12-15 01:22:38.343,SERVO_OUTPUT_RAW,2913509893,SERVO_OUTPUT_RAW,0,0,0,0,0,0,0,0,1000,1000,1000,1000,0,0,0,0,0
2025-12-15 01:22:38.443,SERVO_OUTPUT_RAW,2913609785,SERVO_OUTPUT_RAW,0,0,0,0,0,0,0,0,1000,1000,1000,1000,0,0,0,0,0
2025-12-15 01:22:38.543,SERVO_OUTPUT_RAW,2913709815,SERVO_OUTPUT_RAW,0,0,0,0,0,0,0,0,1000,1000,1000,1000,0,0,0,0,0
2025-12-15 01:22:38.643,SERVO_OUTPUT_RAW,2913809804,SERVO_OUTPUT_RAW,0,0,0,0,0,0,0,0,1000,1000,1000,1000,0,0,0,0,0
2025-12-15 01:22:38.743,SERVO_OUTPUT_RAW,2913909800,SERVO_OUTPUT_RAW,0,0,0,0,0,0,0,0,1000,1000,1000,1000,0,0,0,0,0
2025-12-15 01:22:38.843,SERVO_OUTPUT_RAW,2914009788,SERVO_OUTPUT_RAW,0,0,0,0,0,0,0,0,1000,1000,1000,1000,0,0,0,0,0
2025-12-15 01:22:38.943,SERVO_OUTPUT_RAW,2914109807,SERVO_OUTPUT_RAW,0,0,0,0,0,0,0,0,1000,1000,1000,1000,0,0,0,0,0
2025-12-15 01:22:39.043,SERVO_OUTPUT_RAW,2914209802,SERVO_OUTPUT_RAW,0,0,0,0,0,0,0,0,1000,1000,1000,1000,0,0,0,0,0
2025-12-15 01:22:39.143,SERVO_OUTPUT_RAW,2914309790,SERVO_OUTPUT_RAW,0,0,0,0,0,0,0,0,1000,1000,1000,1000,0,0,0,0,0
2025-12-15 01:22:39.243,SERVO_OUTPUT_RAW,2914409851,SERVO_OUTPUT_RAW,0,0,0,0,0,0,0,0,1000,1000,1000,1000,0,0,0,0,0
2025-12-15 01:22:39.343,SERVO_OUTPUT_RAW,2914509832,SERVO_OUTPUT_RAW,0,0,0,0,0,0,0,0,1000,1000,1000,1000,0,0,0,0,0
2025-12-15 01:22:39.443,SERVO_OUTPUT_RAW,2914609807,SERVO_OUTPUT_RAW,0,0,0,0,0,0,0,0,1000,1000,1000,1000,0,0,0,0,0
2025-12-15 01:22:39.543,SERVO_OUTPUT_RAW,2914712103,SERVO_OUTPUT_RAW,0,0,0,0,0,0,0,0,1000,1000,1000,1000,0,0,0,0,0
2025-12-15 01:22:39.643,SERVO_OUTPUT_RAW,2914809808,SERVO_OUTPUT_RAW,0,0,0,0,0,0,0,0,1000,1000,1000,1000,0,0,0,0,0
2025-12-15 01:22:39.743,SERVO_OUTPUT_RAW,2914909834,SERVO_OUTPUT_RAW,0,0,0,0,0,0,0,0,1000,1000,1000,1000,0,0,0,0,0
2025-12-15 01:22:39.843,SERVO_OUTPUT_RAW,2915009847,SERVO_OUTPUT_RAW,0,0,0,0,0,0,0,0,1000,1000,1000,1000,0,0,0,0,0
2025-12-15 01:22:39.943,SERVO_OUTPUT_RAW,2915109778,SERVO_OUTPUT_RAW,0,0,0,0,0,0,0,0,1000,1000,1000,1000,0,0,0,0,0
2025-12-15 01:22:40.043,SERVO_OUTPUT_RAW,2915209786,SERVO_OUTPUT_RAW,0,0,0,0,0,0,0,0,1000,1000,1000,1000,0,0,0,0,0
2025-12-15 01:22:40.143,SERVO_OUTPUT_RAW,2915309830,SERVO_OUTPUT_RAW,0,0,0,0,0,0,0,0,1000,1000,1000,1000,0,0,0,0,0
2025-12-15 01:22:40.243,SERVO_OUTPUT_RAW,2915409831,SERVO_OUTPUT_RAW,0,0,0,0,0,0,0,0,1000,1000,1000,1000,0,0,0,0,0
2025-12-15 01:22:40.343,SERVO_OUTPUT_RAW,2915509780,SERVO_OUTPUT_RAW,0,0,0,0,0,0,0,0,1000,1000,1000,1000,0,0,0,0,0
2025-12-15 01:22:40.443,SERVO_OUTPUT_RAW,2915609794,SERVO_OUTPUT_RAW,0,0,0,0,0,0,0,0,1000,1000,1000,1000,0,0,0,0,0
2025-12-15 01:22:40.543,SERVO_OUTPUT_RAW,2915709781,SERVO_OUTPUT_RAW,0,0,0,0,0,0,0,0,1000,1000,1000,1000,0,0,0,0,0
2025-12-15 01:22:40.643,SERVO_OUTPUT_RAW,2915809784,SERVO_OUTPUT_RAW,0,0,0,0,0,0,0,0,1000,1000,1000,1000,0,0,0,0,0
2025-12-15 01:22:40.743,SERVO_OUTPUT_RAW,2915909792,SERVO_OUTPUT_RAW,0,0,0,0,0,0,0,0,1000,1000,1000,1000,0,0,0,0,0
2025-12-15 01:22:40.843,SERVO_OUTPUT_RAW,2916009829,SERVO_OUTPUT_RAW,0,0,0,0,0,0,0,0,1000,1000,1000,1000,0,0,0,0,0
2025-12-15 01:22:40.943,SERVO_OUTPUT_RAW,2916109833,SERVO_OUTPUT_RAW,0,0,0,0,0,0,0,0,1000,1000,1000,1000,0,0,0,0,0
2025-12-15 01:22:41.043,SERVO_OUTPUT_RAW,2916212138,SERVO_OUTPUT_RAW,0,0,0,0,0,0,0,0,1000,1000,1000,1000,0,0,0,0,0
2025-12-15 01:22:41.144,SERVO_OUTPUT_RAW,2916309828,SERVO_OUTPUT_RAW,0,0,0,0,0,0,0,0,1000,1000,1000,1000,0,0,0,0,0
2025-12-15 01:22:41.243,SERVO_OUTPUT_RAW,2916409824,SERVO_OUTPUT_RAW,0,0,0,0,0,0,0,0,1000,1000,1000,1000,0,0,0,0,0
2025-12-15 01:22:41.343,SERVO_OUTPUT_RAW,2916509838,SERVO_OUTPUT_RAW,0,0,0,0,0,0,0,0,1000,1000,1000,1000,0,0,0,0,0
2025-12-15 01:22:41.444,SERVO_OUTPUT_RAW,2916609845,SERVO_OUTPUT_RAW,0,0,0,0,0,0,0,0,1000,1000,1000,1000,0,0,0,0,0
2025-12-15 01:22:41.544,SERVO_OUTPUT_RAW,2916709787,SERVO_OUTPUT_RAW,0,0,0,0,0,0,0,0,1000,1000,1000,1000,0,0,0,0,0
2025-12-15 01:22:41.643,SERVO_OUTPUT_RAW,2916809916,SERVO_OUTPUT_RAW,0,0,0,0,0,0,0,0,1000,1000,1000,1000,0,0,0,0,0
2025-12-15 01:22:41.743,SERVO_OUTPUT_RAW,2916909823,SERVO_OUTPUT_RAW,0,0,0,0,0,0,0,0,1000,1000,1000,1000,0,0,0,0,0
2025-12-15 01:22:41.843,SERVO_OUTPUT_RAW,2917009825,SERVO_OUTPUT_RAW,0,0,0,0,0,0,0,0,1000,1000,1000,1000,0,0,0,0,0
2025-12-15 01:22:41.943,SERVO_OUTPUT_RAW,2917109789,SERVO_OUTPUT_RAW,0,0,0,0,0,0,0,0,1000,1000,1000,1000,0,0,0,0,0
2025-12-15 01:22:42.043,SERVO_OUTPUT_RAW,2917209783,SERVO_OUTPUT_RAW,0,0,0,0,0,0,0,0,1000,1000,1000,1000,0,0,0,0,0
2025-12-15 01:22:42.143,SERVO_OUTPUT_RAW,2917309798,SERVO_OUTPUT_RAW,0,0,0,0,0,0,0,0,1000,1000,1000,1000,0,0,0,0,0
2025-12-15 01:22:42.243,SERVO_OUTPUT_RAW,2917412110,SERVO_OUTPUT_RAW,0,0,0,0,0,0,0,0,1000,1000,1000,1000,0,0,0,0,0
2025-12-15 01:22:42.343,SERVO_OUTPUT_RAW,2917509784,SERVO_OUTPUT_RAW,0,0,0,0,0,0,0,0,1000,1000,1000,1000,0,0,0,0,0
2025-12-15 01:22:42.445,SERVO_OUTPUT_RAW,2917609836,SERVO_OUTPUT_RAW,0,0,0,0,0,0,0,0,1000,1000,1000,1000,0,0,0,0,0
2025-12-15 01:22:42.543,SERVO_OUTPUT_RAW,2917709849,SERVO_OUTPUT_RAW,0,0,0,0,0,0,0,0,1000,1000,1000,1000,0,0,0,0,0
2025-12-15 01:22:42.643,SERVO_OUTPUT_RAW,2917809858,SERVO_OUTPUT_RAW,0,0,0,0,0,0,0,0,1000,1000,1000,1000,0,0,0,0,0
2025-12-15 01:22:42.744,SERVO_OUTPUT_RAW,2917909819,SERVO_OUTPUT_RAW,0,0,0,0,0,0,0,0,1000,1000,1000,1000,0,0,0,0,0
2025-12-15 01:22:42.844,SERVO_OUTPUT_RAW,2918009843,SERVO_OUTPUT_RAW,0,0,0,0,0,0,0,0,1000,1000,1000,1000,0,0,0,0,0
2025-12-15 01:22:42.943,SERVO_OUTPUT_RAW,2918109835,SERVO_OUTPUT_RAW,0,0,0,0,0,0,0,0,1000,1000,1000,1000,0,0,0,0,0
2025-12-15 01:22:43.043,SERVO_OUTPUT_RAW,2918209777,SERVO_OUTPUT_RAW,0,0,0,0,0,0,0,0,1000,1000,1000,1000,0,0,0,0,0
2025-12-15 01:22:43.143,SERVO_OUTPUT_RAW,2918309788,SERVO_OUTPUT_RAW,0,0,0,0,0,0,0,0,1000,1000,1000,1000,0,0,0,0,0
2025-12-15 01:22:43.243,SERVO_OUTPUT_RAW,2918409819,SERVO_OUTPUT_RAW,0,0,0,0,0,0,0,0,1000,1000,1000,1000,0,0,0,0,0
2025-12-15 01:22:43.343,SERVO_OUTPUT_RAW,2918509806,SERVO_OUTPUT_RAW,0,0,0,0,0,0,0,0,1000,1000,1000,1000,0,0,0,0,0
2025-12-15 01:22:43.443,SERVO_OUTPUT_RAW,2918609774,SERVO_OUTPUT_RAW,0,0,0,0,0,0,0,0,1000,1000,1000,1000,0,0,0,0,0
2025-12-15 01:22:43.543,SERVO_OUTPUT_RAW,2918709783,SERVO_OUTPUT_RAW,0,0,0,0,0,0,0,0,1000,1000,1000,1000,0,0,0,0,0
2025-12-15 01:22:43.643,SERVO_OUTPUT_RAW,2918809797,SERVO_OUTPUT_RAW,0,0,0,0,0,0,0,0,1000,1000,1000,1000,0,0,0,0,0
2025-12-15 01:22:43.743,SERVO_OUTPUT_RAW,2918909799,SERVO_OUTPUT_RAW,0,0,0,0,0,0,0,0,1000,1000,1000,1000,0,0,0,0,0
2025-12-15 01:22:43.843,SERVO_OUTPUT_RAW,2919009788,SERVO_OUTPUT_RAW,0,0,0,0,0,0,0,0,1000,1000,1000,1000,0,0,0,0,0
2025-12-15 01:22:43.943,SERVO_OUTPUT_RAW,2919109799,SERVO_OUTPUT_RAW,0,0,0,0,0,0,0,0,1000,1000,1000,1000,0,0,0,0,0
2025-12-15 01:22:44.044,SERVO_OUTPUT_RAW,2919209833,SERVO_OUTPUT_RAW,0,0,0,0,0,0,0,0,1000,1000,1000,1000,0,0,0,0,0
2025-12-15 01:22:44.143,SERVO_OUTPUT_RAW,2919309862,SERVO_OUTPUT_RAW,0,0,0,0,0,0,0,0,1000,1000,1000,1000,0,0,0,0,0
2025-12-15 01:22:44.243,SERVO_OUTPUT_RAW,2919409782,SERVO_OUTPUT_RAW,0,0,0,0,0,0,0,0,1000,1000,1000,1000,0,0,0,0,0
2025-12-15 01:22:44.343,SERVO_OUTPUT_RAW,2919509804,SERVO_OUTPUT_RAW,0,0,0,0,0,0,0,0,1000,1000,1000,1000,0,0,0,0,0
2025-12-15 01:22:44.444,SERVO_OUTPUT_RAW,2919609839,SERVO_OUTPUT_RAW,0,0,0,0,0,0,0,0,1000,1000,1000,1000,0,0,0,0,0
2025-12-15 01:22:44.544,SERVO_OUTPUT_RAW,2919709841,SERVO_OUTPUT_RAW,0,0,0,0,0,0,0,0,1000,1000,1000,1000,0,0,0,0,0
2025-12-15 01:22:44.643,SERVO_OUTPUT_RAW,2919809899,SERVO_OUTPUT_RAW,0,0,0,0,0,0,0,0,1000,1000,1000,1000,0,0,0,0,0
2025-12-15 01:22:44.744,SERVO_OUTPUT_RAW,2919909830,SERVO_OUTPUT_RAW,0,0,0,0,0,0,0,0,1000,1000,1000,1000,0,0,0,0,0
2025-12-15 01:22:44.843,SERVO_OUTPUT_RAW,2920009819,SERVO_OUTPUT_RAW,0,0,0,0,0,0,0,0,1000,1000,1000,1000,0,0,0,0,0
2025-12-15 01:22:44.944,SERVO_OUTPUT_RAW,2920109850,SERVO_OUTPUT_RAW,0,0,0,0,0,0,0,0,1000,1000,1000,1000,0,0,0,0,0
2025-12-15 01:22:45.044,SERVO_OUTPUT_RAW,2920209792,SERVO_OUTPUT_RAW,0,0,0,0,0,0,0,0,1000,1000,1000,1000,0,0,0,0,0
2025-12-15 01:22:45.143,SERVO_OUTPUT_RAW,2920309785,SERVO_OUTPUT_RAW,0,0,0,0,0,0,0,0,1000,1000,1000,1000,0,0,0,0,0
2025-12-15 01:22:45.243,SERVO_OUTPUT_RAW,2920409789,SERVO_OUTPUT_RAW,0,0,0,0,0,0,0,0,1000,1000,1000,1000,0,0,0,0,0
2025-12-15 01:22:45.343,SERVO_OUTPUT_RAW,2920509783,SERVO_OUTPUT_RAW,0,0,0,0,0,0,0,0,1000,1000,1000,1000,0,0,0,0,0
2025-12-15 01:22:45.443,SERVO_OUTPUT_RAW,2920609774,SERVO_OUTPUT_RAW,0,0,0,0,0,0,0,0,1000,1000,1000,1000,0,0,0,0,0
2025-12-15 01:22:45.543,SERVO_OUTPUT_RAW,2920709829,SERVO_OUTPUT_RAW,0,0,0,0,0,0,0,0,1000,1000,1000,1000,0,0,0,0,0
2025-12-15 01:22:45.643,SERVO_OUTPUT_RAW,2920809817,SERVO_OUTPUT_RAW,0,0,0,0,0,0,0,0,1000,1000,1000,1000,0,0,0,0,0
2025-12-15 01:22:45.743,SERVO_OUTPUT_RAW,2920909780,SERVO_OUTPUT_RAW,0,0,0,0,0,0,0,0,1000,1000,1000,1000,0,0,0,0,0
2025-12-15 01:22:45.843,SERVO_OUTPUT_RAW,2921012143,SERVO_OUTPUT_RAW,0,0,0,0,0,0,0,0,1000,1000,1000,1000,0,0,0,0,0
2025-12-15 01:22:45.943,SERVO_OUTPUT_RAW,2921109814,SERVO_OUTPUT_RAW,0,0,0,0,0,0,0,0,1000,1000,1000,1000,0,0,0,0,0
2025-12-15 01:22:46.043,SERVO_OUTPUT_RAW,2921209862,SERVO_OUTPUT_RAW,0,0,0,0,0,0,0,0,1000,1000,1000,1000,0,0,0,0,0
2025-12-15 01:22:46.143,SERVO_OUTPUT_RAW,2921309846,SERVO_OUTPUT_RAW,0,0,0,0,0,0,0,0,1000,1000,1000,1000,0,0,0,0,0
2025-12-15 01:22:46.243,SERVO_OUTPUT_RAW,2921409788,SERVO_OUTPUT_RAW,0,0,0,0,0,0,0,0,1000,1000,1000,1000,0,0,0,0,0
2025-12-15 01:22:46.343,SERVO_OUTPUT_RAW,2921509812,SERVO_OUTPUT_RAW,0,0,0,0,0,0,0,0,1000,1000,1000,1000,0,0,0,0,0
2025-12-15 01:22:46.443,SERVO_OUTPUT_RAW,2921609824,SERVO_OUTPUT_RAW,0,0,0,0,0,0,0,0,1000,1000,1000,1000,0,0,0,0,0
2025-12-15 01:22:46.543,SERVO_OUTPUT_RAW,2921709790,SERVO_OUTPUT_RAW,0,0,0,0,0,0,0,0,1000,1000,1000,1000,0,0,0,0,0
2025-12-15 01:22:46.643,SERVO_OUTPUT_RAW,2921809793,SERVO_OUTPUT_RAW,0,0,0,0,0,0,0,0,1000,1000,1000,1000,0,0,0,0,0
2025-12-15 01:22:46.743,SERVO_OUTPUT_RAW,2921909783,SERVO_OUTPUT_RAW,0,0,0,0,0,0,0,0,1000,1000,1000,1000,0,0,0,0,0
2025-12-15 01:22:46.843,SERVO_OUTPUT_RAW,2922009794,SERVO_OUTPUT_RAW,0,0,0,0,0,0,0,0,1000,1000,1000,1000,0,0,0,0,0
2025-12-15 01:22:46.943,SERVO_OUTPUT_RAW,2922109790,SERVO_OUTPUT_RAW,0,0,0,0,0,0,0,0,1000,1000,1000,1000,0,0,0,0,0
2025-12-15 01:22:47.043,SERVO_OUTPUT_RAW,2922209804,SERVO_OUTPUT_RAW,0,0,0,0,0,0,0,0,1000,1000,1000,1000,0,0,0,0,0
2025-12-15 01:22:47.143,SERVO_OUTPUT_RAW,2922309838,SERVO_OUTPUT_RAW,0,0,0,0,0,0,0,0,1000,1000,1000,1000,0,0,0,0,0
2025-12-15 01:22:47.243,SERVO_OUTPUT_RAW,2922409843,SERVO_OUTPUT_RAW,0,0,0,0,0,0,0,0,1000,1000,1000,1000,0,0,0,0,0
2025-12-15 01:22:47.343,SERVO_OUTPUT_RAW,2922509895,SERVO_OUTPUT_RAW,0,0,0,0,0,0,0,0,1000,1000,1000,1000,0,0,0,0,0
2025-12-15 01:22:47.444,SERVO_OUTPUT_RAW,2922609807,SERVO_OUTPUT_RAW,0,0,0,0,0,0,0,0,1000,1000,1000,1000,0,0,0,0,0
2025-12-15 01:22:47.543,SERVO_OUTPUT_RAW,2922709824,SERVO_OUTPUT_RAW,0,0,0,0,0,0,0,0,1000,1000,1000,1000,0,0,0,0,0
2025-12-15 01:22:47.643,SERVO_OUTPUT_RAW,2922809907,SERVO_OUTPUT_RAW,0,0,0,0,0,0,0,0,1000,1000,1000,1000,0,0,0,0,0
2025-12-15 01:22:47.743,SERVO_OUTPUT_RAW,2922909785,SERVO_OUTPUT_RAW,0,0,0,0,0,0,0,0,1000,1000,1000,1000,0,0,0,0,0
2025-12-15 01:22:47.843,SERVO_OUTPUT_RAW,2923009792,SERVO_OUTPUT_RAW,0,0,0,0,0,0,0,0,1000,1000,1000,1000,0,0,0,0,0
2025-12-15 01:22:47.943,SERVO_OUTPUT_RAW,2923109928,SERVO_OUTPUT_RAW,0,0,0,0,0,0,0,0,1000,1000,1000,1000,0,0,0,0,0
2025-12-15 01:22:48.043,SERVO_OUTPUT_RAW,2923209837,SERVO_OUTPUT_RAW,0,0,0,0,0,0,0,0,1000,1000,1000,1000,0,0,0,0,0
2025-12-15 01:22:48.143,SERVO_OUTPUT_RAW,2923309795,SERVO_OUTPUT_RAW,0,0,0,0,0,0,0,0,1000,1000,1000,1000,0,0,0,0,0
2025-12-15 01:22:48.244,SERVO_OUTPUT_RAW,2923409813,SERVO_OUTPUT_RAW,0,0,0,0,0,0,0,0,1000,1000,1000,1000,0,0,0,0,0
2025-12-15 01:22:48.343,SERVO_OUTPUT_RAW,2923509797,SERVO_OUTPUT_RAW,0,0,0,0,0,0,0,0,1000,1000,1000,1000,0,0,0,0,0
2025-12-15 01:22:48.443,SERVO_OUTPUT_RAW,2923609780,SERVO_OUTPUT_RAW,0,0,0,0,0,0,0,0,1000,1000,1000,1000,0,0,0,0,0
2025-12-15 01:22:48.543,SERVO_OUTPUT_RAW,2923709784,SERVO_OUTPUT_RAW,0,0,0,0,0,0,0,0,1000,1000,1000,1000,0,0,0,0,0
2025-12-15 01:22:48.643,SERVO_OUTPUT_RAW,2923809846,SERVO_OUTPUT_RAW,0,0,0,0,0,0,0,0,1000,1000,1000,1000,0,0,0,0,0
2025-12-15 01:22:48.744,SERVO_OUTPUT_RAW,2923909828,SERVO_OUTPUT_RAW,0,0,0,0,0,0,0,0,1000,1000,1000,1000,0,0,0,0,0
2025-12-15 01:22:48.843,SERVO_OUTPUT_RAW,2924009774,SERVO_OUTPUT_RAW,0,0,0,0,0,0,0,0,1000,1000,1000,1000,0,0,0,0,0
2025-12-15 01:22:48.943,SERVO_OUTPUT_RAW,2924109808,SERVO_OUTPUT_RAW,0,0,0,0,0,0,0,0,1000,1000,1000,1000,0,0,0,0,0
2025-12-15 01:22:49.043,SERVO_OUTPUT_RAW,2924209821,SERVO_OUTPUT_RAW,0,0,0,0,0,0,0,0,1000,1000,1000,1000,0,0,0,0,0
2025-12-15 01:22:49.143,SERVO_OUTPUT_RAW,2924309859,SERVO_OUTPUT_RAW,0,0,0,0,0,0,0,0,1000,1000,1000,1000,0,0,0,0,0
2025-12-15 01:22:49.243,SERVO_OUTPUT_RAW,2924409843,SERVO_OUTPUT_RAW,0,0,0,0,0,0,0,0,1000,1000,1000,1000,0,0,0,0,0
2025-12-15 01:22:49.344,SERVO_OUTPUT_RAW,2924509799,SERVO_OUTPUT_RAW,0,0,0,0,0,0,0,0,1000,1000,1000,1000,0,0,0,0,0
2025-12-15 01:22:49.443,SERVO_OUTPUT_RAW,2924609803,SERVO_OUTPUT_RAW,0,0,0,0,0,0,0,0,1000,1000,1000,1000,0,0,0,0,0
2025-12-15 01:22:49.543,SERVO_OUTPUT_RAW,2924709817,SERVO_OUTPUT_RAW,0,0,0,0,0,0,0,0,1000,1000,1000,1000,0,0,0,0,0
2025-12-15 01:22:49.644,SERVO_OUTPUT_RAW,2924809834,SERVO_OUTPUT_RAW,0,0,0,0,0,0,0,0,1000,1000,1000,1000,0,0,0,0,0
2025-12-15 01:22:49.743,SERVO_OUTPUT_RAW,2924909781,SERVO_OUTPUT_RAW,0,0,0,0,0,0,0,0,1000,1000,1000,1000,0,0,0,0,0
2025-12-15 01:22:49.843,SERVO_OUTPUT_RAW,2925009789,SERVO_OUTPUT_RAW,0,0,0,0,0,0,0,0,1000,1000,1000,1000,0,0,0,0,0
2025-12-15 01:22:49.944,SERVO_OUTPUT_RAW,2925109795,SERVO_OUTPUT_RAW,0,0,0,0,0,0,0,0,1000,1000,1000,1000,0,0,0,0,0
2025-12-15 01:22:50.043,SERVO_OUTPUT_RAW,2925209801,SERVO_OUTPUT_RAW,0,0,0,0,0,0,0,0,1000,1000,1000,1000,0,0,0,0,0
2025-12-15 01:22:50.143,SERVO_OUTPUT_RAW,2925309802,SERVO_OUTPUT_RAW,0,0,0,0,0,0,0,0,1000,1000,1000,1000,0,0,0,0,0
2025-12-15 01:22:50.243,SERVO_OUTPUT_RAW,2925409822,SERVO_OUTPUT_RAW,0,0,0,0,0,0,0,0,1000,1000,1000,1000,0,0,0,0,0
2025-12-15 01:22:50.343,SERVO_OUTPUT_RAW,2925509834,SERVO_OUTPUT_RAW,0,0,0,0,0,0,0,0,1000,1000,1000,1000,0,0,0,0,0
2025-12-15 01:22:50.443,SERVO_OUTPUT_RAW,2925609799,SERVO_OUTPUT_RAW,0,0,0,0,0,0,0,0,1000,1000,1000,1000,0,0,0,0,0
2025-12-15 01:22:50.543,SERVO_OUTPUT_RAW,2925709885,SERVO_OUTPUT_RAW,0,0,0,0,0,0,0,0,1000,1000,1000,1000,0,0,0,0,0
2025-12-15 01:22:50.643,SERVO_OUTPUT_RAW,2925809821,SERVO_OUTPUT_RAW,0,0,0,0,0,0,0,0,1000,1000,1000,1000,0,0,0,0,0
2025-12-15 01:22:50.743,SERVO_OUTPUT_RAW,2925909850,SERVO_OUTPUT_RAW,0,0,0,0,0,0,0,0,1000,1000,1000,1000,0,0,0,0,0
2025-12-15 01:22:50.843,SERVO_OUTPUT_RAW,2926009810,SERVO_OUTPUT_RAW,0,0,0,0,0,0,0,0,1000,1000,1000,1000,0,0,0,0,0
2025-12-15 01:22:50.943,SERVO_OUTPUT_RAW,2926109808,SERVO_OUTPUT_RAW,0,0,0,0,0,0,0,0,1000,1000,1000,1000,0,0,0,0,0
2025-12-15 01:22:51.043,SERVO_OUTPUT_RAW,2926209820,SERVO_OUTPUT_RAW,0,0,0,0,0,0,0,0,1000,1000,1000,1000,0,0,0,0,0
2025-12-15 01:22:51.144,SERVO_OUTPUT_RAW,2926309825,SERVO_OUTPUT_RAW,0,0,0,0,0,0,0,0,1000,1000,1000,1000,0,0,0,0,0
2025-12-15 01:22:51.244,SERVO_OUTPUT_RAW,2926409786,SERVO_OUTPUT_RAW,0,0,0,0,0,0,0,0,1000,1000,1000,1000,0,0,0,0,0
2025-12-15 01:22:51.343,SERVO_OUTPUT_RAW,2926509780,SERVO_OUTPUT_RAW,0,0,0,0,0,0,0,0,1000,1000,1000,1000,0,0,0,0,0
2025-12-15 01:22:51.443,SERVO_OUTPUT_RAW,2926609789,SERVO_OUTPUT_RAW,0,0,0,0,0,0,0,0,1000,1000,1000,1000,0,0,0,0,0
2025-12-15 01:22:51.543,SERVO_OUTPUT_RAW,2926709800,SERVO_OUTPUT_RAW,0,0,0,0,0,0,0,0,1000,1000,1000,1000,0,0,0,0,0
2025-12-15 01:22:51.643,SERVO_OUTPUT_RAW,2926809797,SERVO_OUTPUT_RAW,0,0,0,0,0,0,0,0,1000,1000,1000,1000,0,0,0,0,0
2025-12-15 01:22:51.744,SERVO_OUTPUT_RAW,2926909829,SERVO_OUTPUT_RAW,0,0,0,0,0,0,0,0,1000,1000,1000,1000,0,0,0,0,0
2025-12-15 01:22:51.843,SERVO_OUTPUT_RAW,2927009840,SERVO_OUTPUT_RAW,0,0,0,0,0,0,0,0,1000,1000,1000,1000,0,0,0,0,0
2025-12-15 01:22:51.943,SERVO_OUTPUT_RAW,2927109842,SERVO_OUTPUT_RAW,0,0,0,0,0,0,0,0,1000,1000,1000,1000,0,0,0,0,0
2025-12-15 01:22:52.043,SERVO_OUTPUT_RAW,2927209810,SERVO_OUTPUT_RAW,0,0,0,0,0,0,0,0,1000,1000,1000,1000,0,0,0,0,0
2025-12-15 01:22:52.143,SERVO_OUTPUT_RAW,2927312077,SERVO_OUTPUT_RAW,0,0,0,0,0,0,0,0,1000,1000,1000,1000,0,0,0,0,0
2025-12-15 01:22:52.244,SERVO_OUTPUT_RAW,2927409834,SERVO_OUTPUT_RAW,0,0,0,0,0,0,0,0,1000,1000,1000,1000,0,0,0,0,0
2025-12-15 01:22:52.344,SERVO_OUTPUT_RAW,2927509842,SERVO_OUTPUT_RAW,0,0,0,0,0,0,0,0,1000,1000,1000,1000,0,0,0,0,0
2025-12-15 01:22:52.444,SERVO_OUTPUT_RAW,2927609788,SERVO_OUTPUT_RAW,0,0,0,0,0,0,0,0,1000,1000,1000,1000,0,0,0,0,0
2025-12-15 01:22:52.544,SERVO_OUTPUT_RAW,2927709809,SERVO_OUTPUT_RAW,0,0,0,0,0,0,0,0,1000,1000,1000,1000,0,0,0,0,0
2025-12-15 01:22:52.643,SERVO_OUTPUT_RAW,2927809820,SERVO_OUTPUT_RAW,0,0,0,0,0,0,0,0,1000,1000,1000,1000,0,0,0,0,0
2025-12-15 01:22:52.744,SERVO_OUTPUT_RAW,2927909824,SERVO_OUTPUT_RAW,0,0,0,0,0,0,0,0,1000,1000,1000,1000,0,0,0,0,0
2025-12-15 01:22:52.844,SERVO_OUTPUT_RAW,2928009781,SERVO_OUTPUT_RAW,0,0,0,0,0,0,0,0,1000,1000,1000,1000,0,0,0,0,0
2025-12-15 01:22:52.944,SERVO_OUTPUT_RAW,2928109780,SERVO_OUTPUT_RAW,0,0,0,0,0,0,0,0,1000,1000,1000,1000,0,0,0,0,0
2025-12-15 01:22:53.044,SERVO_OUTPUT_RAW,2928209796,SERVO_OUTPUT_RAW,0,0,0,0,0,0,0,0,1000,1000,1000,1000,0,0,0,0,0
2025-12-15 01:22:53.144,SERVO_OUTPUT_RAW,2928312124,SERVO_OUTPUT_RAW,0,0,0,0,0,0,0,0,1000,1000,1000,1000,0,0,0,0,0
2025-12-15 01:22:53.244,SERVO_OUTPUT_RAW,2928409797,SERVO_OUTPUT_RAW,0,0,0,0,0,0,0,0,1000,1000,1000,1000,0,0,0,0,0
2025-12-15 01:22:53.344,SERVO_OUTPUT_RAW,2928509806,SERVO_OUTPUT_RAW,0,0,0,0,0,0,0,0,1000,1000,1000,1000,0,0,0,0,0
2025-12-15 01:22:53.444,SERVO_OUTPUT_RAW,2928609855,SERVO_OUTPUT_RAW,0,0,0,0,0,0,0,0,1000,1000,1000,1000,0,0,0,0,0
2025-12-15 01:22:53.544,SERVO_OUTPUT_RAW,2928709805,SERVO_OUTPUT_RAW,0,0,0,0,0,0,0,0,1000,1000,1000,1000,0,0,0,0,0
2025-12-15 01:22:53.644,SERVO_OUTPUT_RAW,2928809820,SERVO_OUTPUT_RAW,0,0,0,0,0,0,0,0,1000,1000,1000,1000,0,0,0,0,0
2025-12-15 01:22:53.744,SERVO_OUTPUT_RAW,2928909818,SERVO_OUTPUT_RAW,0,0,0,0,0,0,0,0,1000,1000,1000,1000,0,0,0,0,0
2025-12-15 01:22:53.844,SERVO_OUTPUT_RAW,2929009859,SERVO_OUTPUT_RAW,0,0,0,0,0,0,0,0,1000,1000,1000,1000,0,0,0,0,0
2025-12-15 01:22:53.944,SERVO_OUTPUT_RAW,2929109847,SERVO_OUTPUT_RAW,0,0,0,0,0,0,0,0,1000,1000,1000,1000,0,0,0,0,0
2025-12-15 01:22:54.044,SERVO_OUTPUT_RAW,2929209788,SERVO_OUTPUT_RAW,0,0,0,0,0,0,0,0,1000,1000,1000,1000,0,0,0,0,0
2025-12-15 01:22:54.144,SERVO_OUTPUT_RAW,2929309813,SERVO_OUTPUT_RAW,0,0,0,0,0,0,0,0,1000,1000,1000,1000,0,0,0,0,0
2025-12-15 01:22:54.244,SERVO_OUTPUT_RAW,2929409867,SERVO_OUTPUT_RAW,0,0,0,0,0,0,0,0,1000,1000,1000,1000,0,0,0,0,0
2025-12-15 01:22:54.344,SERVO_OUTPUT_RAW,2929509772,SERVO_OUTPUT_RAW,0,0,0,0,0,0,0,0,1000,1000,1000,1000,0,0,0,0,0
2025-12-15 01:22:54.444,SERVO_OUTPUT_RAW,2929609786,SERVO_OUTPUT_RAW,0,0,0,0,0,0,0,0,1000,1000,1000,1000,0,0,0,0,0
2025-12-15 01:22:54.543,SERVO_OUTPUT_RAW,2929709790,SERVO_OUTPUT_RAW,0,0,0,0,0,0,0,0,1000,1000,1000,1000,0,0,0,0,0
2025-12-15 01:22:54.643,SERVO_OUTPUT_RAW,2929809775,SERVO_OUTPUT_RAW,0,0,0,0,0,0,0,0,1000,1000,1000,1000,0,0,0,0,0
2025-12-15 01:22:54.743,SERVO_OUTPUT_RAW,2929909788,SERVO_OUTPUT_RAW,0,0,0,0,0,0,0,0,1000,1000,1000,1000,0,0,0,0,0
2025-12-15 01:22:54.843,SERVO_OUTPUT_RAW,2930009810,SERVO_OUTPUT_RAW,0,0,0,0,0,0,0,0,1000,1000,1000,1000,0,0,0,0,0
2025-12-15 01:22:54.943,SERVO_OUTPUT_RAW,2930109840,SERVO_OUTPUT_RAW,0,0,0,0,0,0,0,0,1000,1000,1000,1000,0,0,0,0,0
2025-12-15 01:22:55.043,SERVO_OUTPUT_RAW,2930209864,SERVO_OUTPUT_RAW,0,0,0,0,0,0,0,0,1000,1000,1000,1000,0,0,0,0,0
2025-12-15 01:22:55.143,SERVO_OUTPUT_RAW,2930309806,SERVO_OUTPUT_RAW,0,0,0,0,0,0,0,0,1000,1000,1000,1000,0,0,0,0,0
2025-12-15 01:22:55.243,SERVO_OUTPUT_RAW,2930409804,SERVO_OUTPUT_RAW,0,0,0,0,0,0,0,0,1000,1000,1000,1000,0,0,0,0,0
2025-12-15 01:22:55.343,SERVO_OUTPUT_RAW,2930509820,SERVO_OUTPUT_RAW,0,0,0,0,0,0,0,0,1000,1000,1000,1000,0,0,0,0,0
2025-12-15 01:22:55.443,SERVO_OUTPUT_RAW,2930609856,SERVO_OUTPUT_RAW,0,0,0,0,0,0,0,0,1000,1000,1000,1000,0,0,0,0,0
2025-12-15 01:22:55.543,SERVO_OUTPUT_RAW,2930709785,SERVO_OUTPUT_RAW,0,0,0,0,0,0,0,0,1000,1000,1000,1000,0,0,0,0,0
2025-12-15 01:22:55.643,SERVO_OUTPUT_RAW,2930809772,SERVO_OUTPUT_RAW,0,0,0,0,0,0,0,0,1000,1000,1000,1000,0,0,0,0,0
2025-12-15 01:22:55.743,SERVO_OUTPUT_RAW,2930909822,SERVO_OUTPUT_RAW,0,0,0,0,0,0,0,0,1000,1000,1000,1000,0,0,0,0,0
2025-12-15 01:22:55.843,SERVO_OUTPUT_RAW,2931009801,SERVO_OUTPUT_RAW,0,0,0,0,0,0,0,0,1000,1000,1000,1000,0,0,0,0,0
2025-12-15 01:22:55.944,SERVO_OUTPUT_RAW,2931109784,SERVO_OUTPUT_RAW,0,0,0,0,0,0,0,0,1000,1000,1000,1000,0,0,0,0,0
2025-12-15 01:22:56.043,SERVO_OUTPUT_RAW,2931209791,SERVO_OUTPUT_RAW,0,0,0,0,0,0,0,0,1000,1000,1000,1000,0,0,0,0,0
2025-12-15 01:22:56.143,SERVO_OUTPUT_RAW,2931309810,SERVO_OUTPUT_RAW,0,0,0,0,0,0,0,0,1000,1000,1000,1000,0,0,0,0,0
2025-12-15 01:22:56.243,SERVO_OUTPUT_RAW,2931409788,SERVO_OUTPUT_RAW,0,0,0,0,0,0,0,0,1000,1000,1000,1000,0,0,0,0,0
2025-12-15 01:22:56.343,SERVO_OUTPUT_RAW,2931509825,SERVO_OUTPUT_RAW,0,0,0,0,0,0,0,0,1000,1000,1000,1000,0,0,0,0,0
2025-12-15 01:22:56.444,SERVO_OUTPUT_RAW,2931609812,SERVO_OUTPUT_RAW,0,0,0,0,0,0,0,0,1000,1000,1000,1000,0,0,0,0,0
2025-12-15 01:22:56.543,SERVO_OUTPUT_RAW,2931709837,SERVO_OUTPUT_RAW,0,0,0,0,0,0,0,0,1000,1000,1000,1000,0,0,0,0,0
2025-12-15 01:22:56.643,SERVO_OUTPUT_RAW,2931809814,SERVO_OUTPUT_RAW,0,0,0,0,0,0,0,0,1000,1000,1000,1000,0,0,0,0,0
2025-12-15 01:22:56.743,SERVO_OUTPUT_RAW,2931909802,SERVO_OUTPUT_RAW,0,0,0,0,0,0,0,0,1000,1000,1000,1000,0,0,0,0,0
2025-12-15 01:22:56.843,SERVO_OUTPUT_RAW,2932009832,SERVO_OUTPUT_RAW,0,0,0,0,0,0,0,0,1000,1000,1000,1000,0,0,0,0,0
2025-12-15 01:22:56.943,SERVO_OUTPUT_RAW,2932109839,SERVO_OUTPUT_RAW,0,0,0,0,0,0,0,0,1000,1000,1000,1000,0,0,0,0,0
2025-12-15 01:22:57.044,SERVO_OUTPUT_RAW,2932209846,SERVO_OUTPUT_RAW,0,0,0,0,0,0,0,0,1000,1000,1000,1000,0,0,0,0,0
2025-12-15 01:22:57.143,SERVO_OUTPUT_RAW,2932309786,SERVO_OUTPUT_RAW,0,0,0,0,0,0,0,0,1000,1000,1000,1000,0,0,0,0,0
2025-12-15 01:22:57.243,SERVO_OUTPUT_RAW,2932409826,SERVO_OUTPUT_RAW,0,0,0,0,0,0,0,0,1000,1000,1000,1000,0,0,0,0,0
2025-12-15 01:22:57.343,SERVO_OUTPUT_RAW,2932509840,SERVO_OUTPUT_RAW,0,0,0,0,0,0,0,0,1000,1000,1000,1000,0,0,0,0,0
2025-12-15 01:22:57.443,SERVO_OUTPUT_RAW,2932609788,SERVO_OUTPUT_RAW,0,0,0,0,0,0,0,0,1000,1000,1000,1000,0,0,0,0,0
2025-12-15 01:22:57.543,SERVO_OUTPUT_RAW,2932709792,SERVO_OUTPUT_RAW,0,0,0,0,0,0,0,0,1000,1000,1000,1000,0,0,0,0,0
2025-12-15 01:22:57.643,SERVO_OUTPUT_RAW,2932809788,SERVO_OUTPUT_RAW,0,0,0,0,0,0,0,0,1000,1000,1000,1000,0,0,0,0,0
2025-12-15 01:22:57.744,SERVO_OUTPUT_RAW,2932909793,SERVO_OUTPUT_RAW,0,0,0,0,0,0,0,0,1000,1000,1000,1000,0,0,0,0,0
2025-12-15 01:22:57.843,SERVO_OUTPUT_RAW,2933009785,SERVO_OUTPUT_RAW,0,0,0,0,0,0,0,0,1000,1000,1000,1000,0,0,0,0,0
2025-12-15 01:22:57.943,SERVO_OUTPUT_RAW,2933109792,SERVO_OUTPUT_RAW,0,0,0,0,0,0,0,0,1000,1000,1000,1000,0,0,0,0,0
2025-12-15 01:22:58.043,SERVO_OUTPUT_RAW,2933209835,SERVO_OUTPUT_RAW,0,0,0,0,0,0,0,0,1000,1000,1000,1000,0,0,0,0,0
2025-12-15 01:22:58.143,SERVO_OUTPUT_RAW,2933309809,SERVO_OUTPUT_RAW,0,0,0,0,0,0,0,0,1000,1000,1000,1000,0,0,0,0,0
2025-12-15 01:22:58.244,SERVO_OUTPUT_RAW,2933409795,SERVO_OUTPUT_RAW,0,0,0,0,0,0,0,0,1000,1000,1000,1000,0,0,0,0,0
2025-12-15 01:22:58.343,SERVO_OUTPUT_RAW,2933509792,SERVO_OUTPUT_RAW,0,0,0,0,0,0,0,0,1000,1000,1000,1000,0,0,0,0,0
2025-12-15 01:22:58.444,SERVO_OUTPUT_RAW,2933612210,SERVO_OUTPUT_RAW,0,0,0,0,0,0,0,0,1000,1000,1000,1000,0,0,0,0,0
2025-12-15 01:22:58.544,SERVO_OUTPUT_RAW,2933709858,SERVO_OUTPUT_RAW,0,0,0,0,0,0,0,0,1000,1000,1000,1000,0,0,0,0,0
2025-12-15 01:22:58.643,SERVO_OUTPUT_RAW,2933809789,SERVO_OUTPUT_RAW,0,0,0,0,0,0,0,0,1000,1000,1000,1000,0,0,0,0,0
2025-12-15 01:22:58.743,SERVO_OUTPUT_RAW,2933909791,SERVO_OUTPUT_RAW,0,0,0,0,0,0,0,0,1000,1000,1000,1000,0,0,0,0,0
2025-12-15 01:22:58.843,SERVO_OUTPUT_RAW,2934009822,SERVO_OUTPUT_RAW,0,0,0,0,0,0,0,0,1000,1000,1000,1000,0,0,0,0,0
2025-12-15 01:22:58.943,SERVO_OUTPUT_RAW,2934109810,SERVO_OUTPUT_RAW,0,0,0,0,0,0,0,0,1000,1000,1000,1000,0,0,0,0,0
2025-12-15 01:22:59.043,SERVO_OUTPUT_RAW,2934209875,SERVO_OUTPUT_RAW,0,0,0,0,0,0,0,0,1000,1000,1000,1000,0,0,0,0,0
2025-12-15 01:22:59.143,SERVO_OUTPUT_RAW,2934309778,SERVO_OUTPUT_RAW,0,0,0,0,0,0,0,0,1000,1000,1000,1000,0,0,0,0,0
2025-12-15 01:22:59.243,SERVO_OUTPUT_RAW,2934409786,SERVO_OUTPUT_RAW,0,0,0,0,0,0,0,0,1000,1000,1000,1000,0,0,0,0,0
2025-12-15 01:22:59.343,SERVO_OUTPUT_RAW,2934509795,SERVO_OUTPUT_RAW,0,0,0,0,0,0,0,0,1000,1000,1000,1000,0,0,0,0,0
2025-12-15 01:22:59.444,SERVO_OUTPUT_RAW,2934609784,SERVO_OUTPUT_RAW,0,0,0,0,0,0,0,0,1000,1000,1000,1000,0,0,0,0,0
2025-12-15 01:22:59.544,SERVO_OUTPUT_RAW,2934709832,SERVO_OUTPUT_RAW,0,0,0,0,0,0,0,0,1000,1000,1000,1000,0,0,0,0,0
2025-12-15 01:22:59.644,SERVO_OUTPUT_RAW,2934812157,SERVO_OUTPUT_RAW,0,0,0,0,0,0,0,0,1000,1000,1000,1000,0,0,0,0,0
2025-12-15 01:22:59.744,SERVO_OUTPUT_RAW,2934909849,SERVO_OUTPUT_RAW,0,0,0,0,0,0,0,0,1000,1000,1000,1000,0,0,0,0,0
2025-12-15 01:22:59.844,SERVO_OUTPUT_RAW,2935009813,SERVO_OUTPUT_RAW,0,0,0,0,0,0,0,0,1000,1000,1000,1000,0,0,0,0,0
2025-12-15 01:22:59.944,SERVO_OUTPUT_RAW,2935109842,SERVO_OUTPUT_RAW,0,0,0,0,0,0,0,0,1000,1000,1000,1000,0,0,0,0,0
2025-12-15 01:23:00.044,SERVO_OUTPUT_RAW,2935209840,SERVO_OUTPUT_RAW,0,0,0,0,0,0,0,0,1000,1000,1000,1000,0,0,0,0,0
2025-12-15 01:23:00.144,SERVO_OUTPUT_RAW,2935309842,SERVO_OUTPUT_RAW,0,0,0,0,0,0,0,0,1000,1000,1000,1000,0,0,0,0,0
2025-12-15 01:23:00.244,SERVO_OUTPUT_RAW,2935409822,SERVO_OUTPUT_RAW,0,0,0,0,0,0,0,0,1000,1000,1000,1000,0,0,0,0,0
2025-12-15 01:23:00.344,SERVO_OUTPUT_RAW,2935509803,SERVO_OUTPUT_RAW,0,0,0,0,0,0,0,0,1000,1000,1000,1000,0,0,0,0,0
2025-12-15 01:23:00.444,SERVO_OUTPUT_RAW,2935609819,SERVO_OUTPUT_RAW,0,0,0,0,0,0,0,0,1000,1000,1000,1000,0,0,0,0,0
2025-12-15 01:23:00.544,SERVO_OUTPUT_RAW,2935709875,SERVO_OUTPUT_RAW,0,0,0,0,0,0,0,0,1000,1000,1000,1000,0,0,0,0,0
2025-12-15 01:23:00.644,SERVO_OUTPUT_RAW,2935809782,SERVO_OUTPUT_RAW,0,0,0,0,0,0,0,0,1000,1000,1000,1000,0,0,0,0,0
2025-12-15 01:23:00.744,SERVO_OUTPUT_RAW,2935909784,SERVO_OUTPUT_RAW,0,0,0,0,0,0,0,0,1000,1000,1000,1000,0,0,0,0,0
2025-12-15 01:23:00.844,SERVO_OUTPUT_RAW,2936009794,SERVO_OUTPUT_RAW,0,0,0,0,0,0,0,0,1000,1000,1000,1000,0,0,0,0,0
2025-12-15 01:23:00.944,SERVO_OUTPUT_RAW,2936109788,SERVO_OUTPUT_RAW,0,0,0,0,0,0,0,0,1000,1000,1000,1000,0,0,0,0,0
2025-12-15 01:23:01.044,SERVO_OUTPUT_RAW,2936209800,SERVO_OUTPUT_RAW,0,0,0,0,0,0,0,0,1000,1000,1000,1000,0,0,0,0,0
2025-12-15 01:23:01.144,SERVO_OUTPUT_RAW,2936309820,SERVO_OUTPUT_RAW,0,0,0,0,0,0,0,0,1000,1000,1000,1000,0,0,0,0,0
2025-12-15 01:23:01.244,SERVO_OUTPUT_RAW,2936412133,SERVO_OUTPUT_RAW,0,0,0,0,0,0,0,0,1000,1000,1000,1000,0,0,0,0,0
2025-12-15 01:23:01.344,SERVO_OUTPUT_RAW,2936509803,SERVO_OUTPUT_RAW,0,0,0,0,0,0,0,0,1000,1000,1000,1000,0,0,0,0,0
2025-12-15 01:23:01.444,SERVO_OUTPUT_RAW,2936609813,SERVO_OUTPUT_RAW,0,0,0,0,0,0,0,0,1000,1000,1000,1000,0,0,0,0,0
2025-12-15 01:23:01.544,SERVO_OUTPUT_RAW,2936709837,SERVO_OUTPUT_RAW,0,0,0,0,0,0,0,0,1000,1000,1000,1000,0,0,0,0,0
2025-12-15 01:23:01.644,SERVO_OUTPUT_RAW,2936809841,SERVO_OUTPUT_RAW,0,0,0,0,0,0,0,0,1000,1000,1000,1000,0,0,0,0,0
2025-12-15 01:23:01.744,SERVO_OUTPUT_RAW,2936909920,SERVO_OUTPUT_RAW,0,0,0,0,0,0,0,0,1000,1000,1000,1000,0,0,0,0,0
2025-12-15 01:23:01.844,SERVO_OUTPUT_RAW,2937009786,SERVO_OUTPUT_RAW,0,0,0,0,0,0,0,0,1000,1000,1000,1000,0,0,0,0,0
2025-12-15 01:23:01.944,SERVO_OUTPUT_RAW,2937109814,SERVO_OUTPUT_RAW,0,0,0,0,0,0,0,0,1000,1000,1000,1000,0,0,0,0,0
2025-12-15 01:23:02.045,SERVO_OUTPUT_RAW,2937209817,SERVO_OUTPUT_RAW,0,0,0,0,0,0,0,0,1000,1000,1000,1000,0,0,0,0,0
2025-12-15 01:23:02.144,SERVO_OUTPUT_RAW,2937309786,SERVO_OUTPUT_RAW,0,0,0,0,0,0,0,0,1000,1000,1000,1000,0,0,0,0,0
2025-12-15 01:23:02.244,SERVO_OUTPUT_RAW,2937409781,SERVO_OUTPUT_RAW,0,0,0,0,0,0,0,0,1000,1000,1000,1000,0,0,0,0,0
2025-12-15 01:23:02.344,SERVO_OUTPUT_RAW,2937509783,SERVO_OUTPUT_RAW,0,0,0,0,0,0,0,0,1000,1000,1000,1000,0,0,0,0,0
2025-12-15 01:23:02.444,SERVO_OUTPUT_RAW,2937609782,SERVO_OUTPUT_RAW,0,0,0,0,0,0,0,0,1000,1000,1000,1000,0,0,0,0,0
2025-12-15 01:23:02.544,SERVO_OUTPUT_RAW,2937712110,SERVO_OUTPUT_RAW,0,0,0,0,0,0,0,0,1000,1000,1000,1000,0,0,0,0,0
2025-12-15 01:23:02.644,SERVO_OUTPUT_RAW,2937809818,SERVO_OUTPUT_RAW,0,0,0,0,0,0,0,0,1000,1000,1000,1000,0,0,0,0,0
2025-12-15 01:23:02.744,SERVO_OUTPUT_RAW,2937909839,SERVO_OUTPUT_RAW,0,0,0,0,0,0,0,0,1000,1000,1000,1000,0,0,0,0,0
2025-12-15 01:23:02.844,SERVO_OUTPUT_RAW,2938009854,SERVO_OUTPUT_RAW,0,0,0,0,0,0,0,0,1000,1000,1000,1000,0,0,0,0,0
2025-12-15 01:23:02.944,SERVO_OUTPUT_RAW,2938109806,SERVO_OUTPUT_RAW,0,0,0,0,0,0,0,0,1000,1000,1000,1000,0,0,0,0,0
2025-12-15 01:23:03.044,SERVO_OUTPUT_RAW,2938209830,SERVO_OUTPUT_RAW,0,0,0,0,0,0,0,0,1000,1000,1000,1000,0,0,0,0,0
2025-12-15 01:23:03.144,SERVO_OUTPUT_RAW,2938309842,SERVO_OUTPUT_RAW,0,0,0,0,0,0,0,0,1000,1000,1000,1000,0,0,0,0,0
2025-12-15 01:23:03.244,SERVO_OUTPUT_RAW,2938409837,SERVO_OUTPUT_RAW,0,0,0,0,0,0,0,0,1000,1000,1000,1000,0,0,0,0,0
2025-12-15 01:23:03.344,SERVO_OUTPUT_RAW,2938509784,SERVO_OUTPUT_RAW,0,0,0,0,0,0,0,0,1000,1000,1000,1000,0,0,0,0,0
2025-12-15 01:23:03.445,SERVO_OUTPUT_RAW,2938609777,SERVO_OUTPUT_RAW,0,0,0,0,0,0,0,0,1000,1000,1000,1000,0,0,0,0,0
2025-12-15 01:23:03.544,SERVO_OUTPUT_RAW,2938709828,SERVO_OUTPUT_RAW,0,0,0,0,0,0,0,0,1000,1000,1000,1000,0,0,0,0,0
2025-12-15 01:23:03.644,SERVO_OUTPUT_RAW,2938809817,SERVO_OUTPUT_RAW,0,0,0,0,0,0,0,0,1000,1000,1000,1000,0,0,0,0,0
2025-12-15 01:23:03.744,SERVO_OUTPUT_RAW,2938909768,SERVO_OUTPUT_RAW,0,0,0,0,0,0,0,0,1000,1000,1000,1000,0,0,0,0,0
2025-12-15 01:23:03.844,SERVO_OUTPUT_RAW,2939009789,SERVO_OUTPUT_RAW,0,0,0,0,0,0,0,0,1000,1000,1000,1000,0,0,0,0,0
2025-12-15 01:23:03.943,SERVO_OUTPUT_RAW,2939109787,SERVO_OUTPUT_RAW,0,0,0,0,0,0,0,0,1000,1000,1000,1000,0,0,0,0,0
2025-12-15 01:23:04.043,SERVO_OUTPUT_RAW,2939209786,SERVO_OUTPUT_RAW,0,0,0,0,0,0,0,0,1000,1000,1000,1000,0,0,0,0,0
2025-12-15 01:23:04.143,SERVO_OUTPUT_RAW,2939312109,SERVO_OUTPUT_RAW,0,0,0,0,0,0,0,0,1000,1000,1000,1000,0,0,0,0,0
2025-12-15 01:23:04.243,SERVO_OUTPUT_RAW,2939409811,SERVO_OUTPUT_RAW,0,0,0,0,0,0,0,0,1000,1000,1000,1000,0,0,0,0,0
2025-12-15 01:23:04.343,SERVO_OUTPUT_RAW,2939509834,SERVO_OUTPUT_RAW,0,0,0,0,0,0,0,0,1000,1000,1000,1000,0,0,0,0,0
2025-12-15 01:23:04.443,SERVO_OUTPUT_RAW,2939612169,SERVO_OUTPUT_RAW,0,0,0,0,0,0,0,0,1000,1000,1000,1000,0,0,0,0,0
2025-12-15 01:23:04.543,SERVO_OUTPUT_RAW,2939709805,SERVO_OUTPUT_RAW,0,0,0,0,0,0,0,0,1000,1000,1000,1000,0,0,0,0,0
2025-12-15 01:23:04.643,SERVO_OUTPUT_RAW,2939809825,SERVO_OUTPUT_RAW,0,0,0,0,0,0,0,0,1000,1000,1000,1000,0,0,0,0,0
2025-12-15 01:23:04.743,SERVO_OUTPUT_RAW,2939912066,SERVO_OUTPUT_RAW,0,0,0,0,0,0,0,0,1000,1000,1000,1000,0,0,0,0,0
2025-12-15 01:23:04.843,SERVO_OUTPUT_RAW,2940009835,SERVO_OUTPUT_RAW,0,0,0,0,0,0,0,0,1000,1000,1000,1000,0,0,0,0,0
2025-12-15 01:23:04.944,SERVO_OUTPUT_RAW,2940109792,SERVO_OUTPUT_RAW,0,0,0,0,0,0,0,0,1000,1000,1000,1000,0,0,0,0,0
2025-12-15 01:23:05.043,SERVO_OUTPUT_RAW,2940209824,SERVO_OUTPUT_RAW,0,0,0,0,0,0,0,0,1000,1000,1000,1000,0,0,0,0,0
2025-12-15 01:23:05.143,SERVO_OUTPUT_RAW,2940309807,SERVO_OUTPUT_RAW,0,0,0,0,0,0,0,0,1000,1000,1000,1000,0,0,0,0,0
2025-12-15 01:23:05.243,SERVO_OUTPUT_RAW,2940409785,SERVO_OUTPUT_RAW,0,0,0,0,0,0,0,0,1000,1000,1000,1000,0,0,0,0,0
2025-12-15 01:23:05.343,SERVO_OUTPUT_RAW,2940509791,SERVO_OUTPUT_RAW,0,0,0,0,0,0,0,0,1000,1000,1000,1000,0,0,0,0,0
2025-12-15 01:23:05.443,SERVO_OUTPUT_RAW,2940609792,SERVO_OUTPUT_RAW,0,0,0,0,0,0,0,0,1000,1000,1000,1000,0,0,0,0,0
2025-12-15 01:23:05.543,SERVO_OUTPUT_RAW,2940709797,SERVO_OUTPUT_RAW,0,0,0,0,0,0,0,0,1000,1000,1000,1000,0,0,0,0,0
2025-12-15 01:23:05.643,SERVO_OUTPUT_RAW,2940809786,SERVO_OUTPUT_RAW,0,0,0,0,0,0,0,0,1000,1000,1000,1000,0,0,0,0,0
2025-12-15 01:23:05.743,SERVO_OUTPUT_RAW,2940909781,SERVO_OUTPUT_RAW,0,0,0,0,0,0,0,0,1000,1000,1000,1000,0,0,0,0,0
2025-12-15 01:23:05.843,SERVO_OUTPUT_RAW,2941009833,SERVO_OUTPUT_RAW,0,0,0,0,0,0,0,0,1000,1000,1000,1000,0,0,0,0,0
2025-12-15 01:23:05.943,SERVO_OUTPUT_RAW,2941109846,SERVO_OUTPUT_RAW,0,0,0,0,0,0,0,0,1000,1000,1000,1000,0,0,0,0,0
2025-12-15 01:23:06.043,SERVO_OUTPUT_RAW,2941209818,SERVO_OUTPUT_RAW,0,0,0,0,0,0,0,0,1000,1000,1000,1000,0,0,0,0,0
2025-12-15 01:23:06.143,SERVO_OUTPUT_RAW,2941309790,SERVO_OUTPUT_RAW,0,0,0,0,0,0,0,0,1000,1000,1000,1000,0,0,0,0,0
2025-12-15 01:23:06.243,SERVO_OUTPUT_RAW,2941409834,SERVO_OUTPUT_RAW,0,0,0,0,0,0,0,0,1000,1000,1000,1000,0,0,0,0,0
2025-12-15 01:23:06.343,SERVO_OUTPUT_RAW,2941509846,SERVO_OUTPUT_RAW,0,0,0,0,0,0,0,0,1000,1000,1000,1000,0,0,0,0,0
2025-12-15 01:23:06.443,SERVO_OUTPUT_RAW,2941609778,SERVO_OUTPUT_RAW,0,0,0,0,0,0,0,0,1000,1000,1000,1000,0,0,0,0,0
2025-12-15 01:23:06.543,SERVO_OUTPUT_RAW,2941709787,SERVO_OUTPUT_RAW,0,0,0,0,0,0,0,0,1000,1000,1000,1000,0,0,0,0,0
2025-12-15 01:23:06.643,SERVO_OUTPUT_RAW,2941809819,SERVO_OUTPUT_RAW,0,0,0,0,0,0,0,0,1000,1000,1000,1000,0,0,0,0,0
2025-12-15 01:23:06.743,SERVO_OUTPUT_RAW,2941909815,SERVO_OUTPUT_RAW,0,0,0,0,0,0,0,0,1000,1000,1000,1000,0,0,0,0,0
2025-12-15 01:23:06.843,SERVO_OUTPUT_RAW,2942009875,SERVO_OUTPUT_RAW,0,0,0,0,0,0,0,0,1000,1000,1000,1000,0,0,0,0,0
2025-12-15 01:23:06.944,SERVO_OUTPUT_RAW,2942109790,SERVO_OUTPUT_RAW,0,0,0,0,0,0,0,0,1000,1000,1000,1000,0,0,0,0,0
2025-12-15 01:23:07.044,SERVO_OUTPUT_RAW,2942209812,SERVO_OUTPUT_RAW,0,0,0,0,0,0,0,0,1000,1000,1000,1000,0,0,0,0,0
2025-12-15 01:23:07.144,SERVO_OUTPUT_RAW,2942309805,SERVO_OUTPUT_RAW,0,0,0,0,0,0,0,0,1000,1000,1000,1000,0,0,0,0,0
2025-12-15 01:23:07.244,SERVO_OUTPUT_RAW,2942409795,SERVO_OUTPUT_RAW,0,0,0,0,0,0,0,0,1000,1000,1000,1000,0,0,0,0,0
2025-12-15 01:23:07.344,SERVO_OUTPUT_RAW,2942509813,SERVO_OUTPUT_RAW,0,0,0,0,0,0,0,0,1000,1000,1000,1000,0,0,0,0,0
2025-12-15 01:23:07.444,SERVO_OUTPUT_RAW,2942609846,SERVO_OUTPUT_RAW,0,0,0,0,0,0,0,0,1000,1000,1000,1000,0,0,0,0,0
2025-12-15 01:23:07.547,SERVO_OUTPUT_RAW,2942709868,SERVO_OUTPUT_RAW,0,0,0,0,0,0,0,0,1000,1000,1000,1000,0,0,0,0,0
2025-12-15 01:23:07.644,SERVO_OUTPUT_RAW,2942809814,SERVO_OUTPUT_RAW,0,0,0,0,0,0,0,0,1000,1000,1000,1000,0,0,0,0,0
2025-12-15 01:23:07.744,SERVO_OUTPUT_RAW,2942909804,SERVO_OUTPUT_RAW,0,0,0,0,0,0,0,0,1000,1000,1000,1000,0,0,0,0,0
2025-12-15 01:23:07.844,SERVO_OUTPUT_RAW,2943009827,SERVO_OUTPUT_RAW,0,0,0,0,0,0,0,0,1000,1000,1000,1000,0,0,0,0,0
2025-12-15 01:23:07.944,SERVO_OUTPUT_RAW,2943109872,SERVO_OUTPUT_RAW,0,0,0,0,0,0,0,0,1000,1000,1000,1000,0,0,0,0,0
2025-12-15 01:23:08.044,SERVO_OUTPUT_RAW,2943209788,SERVO_OUTPUT_RAW,0,0,0,0,0,0,0,0,1000,1000,1000,1000,0,0,0,0,0
2025-12-15 01:23:08.144,SERVO_OUTPUT_RAW,2943309782,SERVO_OUTPUT_RAW,0,0,0,0,0,0,0,0,1000,1000,1000,1000,0,0,0,0,0
2025-12-15 01:23:08.244,SERVO_OUTPUT_RAW,2943409809,SERVO_OUTPUT_RAW,0,0,0,0,0,0,0,0,1000,1000,1000,1000,0,0,0,0,0
2025-12-15 01:23:08.344,SERVO_OUTPUT_RAW,2943509832,SERVO_OUTPUT_RAW,0,0,0,0,0,0,0,0,1000,1000,1000,1000,0,0,0,0,0
2025-12-15 01:23:08.444,SERVO_OUTPUT_RAW,2943609796,SERVO_OUTPUT_RAW,0,0,0,0,0,0,0,0,1000,1000,1000,1000,0,0,0,0,0
2025-12-15 01:23:08.544,SERVO_OUTPUT_RAW,2943709787,SERVO_OUTPUT_RAW,0,0,0,0,0,0,0,0,1000,1000,1000,1000,0,0,0,0,0
2025-12-15 01:23:08.644,SERVO_OUTPUT_RAW,2943809790,SERVO_OUTPUT_RAW,0,0,0,0,0,0,0,0,1000,1000,1000,1000,0,0,0,0,0
2025-12-15 01:23:08.744,SERVO_OUTPUT_RAW,2943909793,SERVO_OUTPUT_RAW,0,0,0,0,0,0,0,0,1000,1000,1000,1000,0,0,0,0,0
2025-12-15 01:23:08.844,SERVO_OUTPUT_RAW,2944009793,SERVO_OUTPUT_RAW,0,0,0,0,0,0,0,0,1000,1000,1000,1000,0,0,0,0,0
2025-12-15 01:23:08.944,SERVO_OUTPUT_RAW,2944109868,SERVO_OUTPUT_RAW,0,0,0,0,0,0,0,0,1000,1000,1000,1000,0,0,0,0,0
2025-12-15 01:23:09.044,SERVO_OUTPUT_RAW,2944209842,SERVO_OUTPUT_RAW,0,0,0,0,0,0,0,0,1000,1000,1000,1000,0,0,0,0,0
2025-12-15 01:23:09.144,SERVO_OUTPUT_RAW,2944309845,SERVO_OUTPUT_RAW,0,0,0,0,0,0,0,0,1000,1000,1000,1000,0,0,0,0,0
2025-12-15 01:23:09.244,SERVO_OUTPUT_RAW,2944409809,SERVO_OUTPUT_RAW,0,0,0,0,0,0,0,0,1000,1000,1000,1000,0,0,0,0,0
2025-12-15 01:23:09.344,SERVO_OUTPUT_RAW,2944509815,SERVO_OUTPUT_RAW,0,0,0,0,0,0,0,0,1000,1000,1000,1000,0,0,0,0,0
2025-12-15 01:23:09.444,SERVO_OUTPUT_RAW,2944609846,SERVO_OUTPUT_RAW,0,0,0,0,0,0,0,0,1000,1000,1000,1000,0,0,0,0,0
2025-12-15 01:23:09.544,SERVO_OUTPUT_RAW,2944709839,SERVO_OUTPUT_RAW,0,0,0,0,0,0,0,0,1000,1000,1000,1000,0,0,0,0,0
2025-12-15 01:23:09.644,SERVO_OUTPUT_RAW,2944809786,SERVO_OUTPUT_RAW,0,0,0,0,0,0,0,0,1000,1000,1000,1000,0,0,0,0,0
2025-12-15 01:23:09.744,SERVO_OUTPUT_RAW,2944909796,SERVO_OUTPUT_RAW,0,0,0,0,0,0,0,0,1000,1000,1000,1000,0,0,0,0,0
2025-12-15 01:23:09.844,SERVO_OUTPUT_RAW,2945009835,SERVO_OUTPUT_RAW,0,0,0,0,0,0,0,0,1000,1000,1000,1000,0,0,0,0,0
2025-12-15 01:23:09.944,SERVO_OUTPUT_RAW,2945109831,SERVO_OUTPUT_RAW,0,0,0,0,0,0,0,0,1000,1000,1000,1000,0,0,0,0,0
2025-12-15 01:23:10.044,SERVO_OUTPUT_RAW,2945209778,SERVO_OUTPUT_RAW,0,0,0,0,0,0,0,0,1000,1000,1000,1000,0,0,0,0,0
2025-12-15 01:23:10.144,SERVO_OUTPUT_RAW,2945309789,SERVO_OUTPUT_RAW,0,0,0,0,0,0,0,0,1000,1000,1000,1000,0,0,0,0,0
2025-12-15 01:23:10.244,SERVO_OUTPUT_RAW,2945409787,SERVO_OUTPUT_RAW,0,0,0,0,0,0,0,0,1000,1000,1000,1000,0,0,0,0,0
2025-12-15 01:23:10.344,SERVO_OUTPUT_RAW,2945509790,SERVO_OUTPUT_RAW,0,0,0,0,0,0,0,0,1000,1000,1000,1000,0,0,0,0,0
2025-12-15 01:23:10.444,SERVO_OUTPUT_RAW,2945609811,SERVO_OUTPUT_RAW,0,0,0,0,0,0,0,0,1000,1000,1000,1000,0,0,0,0,0
2025-12-15 01:23:10.544,SERVO_OUTPUT_RAW,2945709826,SERVO_OUTPUT_RAW,0,0,0,0,0,0,0,0,1000,1000,1000,1000,0,0,0,0,0
2025-12-15 01:23:10.644,SERVO_OUTPUT_RAW,2945809831,SERVO_OUTPUT_RAW,0,0,0,0,0,0,0,0,1000,1000,1000,1000,0,0,0,0,0
2025-12-15 01:23:10.744,SERVO_OUTPUT_RAW,2945909813,SERVO_OUTPUT_RAW,0,0,0,0,0,0,0,0,1000,1000,1000,1000,0,0,0,0,0
2025-12-15 01:23:10.844,SERVO_OUTPUT_RAW,2946009816,SERVO_OUTPUT_RAW,0,0,0,0,0,0,0,0,1000,1000,1000,1000,0,0,0,0,0
2025-12-15 01:23:10.944,SERVO_OUTPUT_RAW,2946109831,SERVO_OUTPUT_RAW,0,0,0,0,0,0,0,0,1000,1000,1000,1000,0,0,0,0,0
2025-12-15 01:23:11.044,SERVO_OUTPUT_RAW,2946212087,SERVO_OUTPUT_RAW,0,0,0,0,0,0,0,0,1000,1000,1000,1000,0,0,0,0,0
2025-12-15 01:23:11.144,SERVO_OUTPUT_RAW,2946309777,SERVO_OUTPUT_RAW,0,0,0,0,0,0,0,0,1000,1000,1000,1000,0,0,0,0,0
2025-12-15 01:23:11.244,SERVO_OUTPUT_RAW,2946409817,SERVO_OUTPUT_RAW,0,0,0,0,0,0,0,0,1000,1000,1000,1000,0,0,0,0,0
2025-12-15 01:23:11.344,SERVO_OUTPUT_RAW,2946509818,SERVO_OUTPUT_RAW,0,0,0,0,0,0,0,0,1000,1000,1000,1000,0,0,0,0,0
2025-12-15 01:23:11.444,SERVO_OUTPUT_RAW,2946609823,SERVO_OUTPUT_RAW,0,0,0,0,0,0,0,0,1000,1000,1000,1000,0,0,0,0,0
2025-12-15 01:23:11.544,SERVO_OUTPUT_RAW,2946709789,SERVO_OUTPUT_RAW,0,0,0,0,0,0,0,0,1000,1000,1000,1000,0,0,0,0,0
2025-12-15 01:23:11.644,SERVO_OUTPUT_RAW,2946809797,SERVO_OUTPUT_RAW,0,0,0,0,0,0,0,0,1000,1000,1000,1000,0,0,0,0,0
2025-12-15 01:23:11.744,SERVO_OUTPUT_RAW,2946909795,SERVO_OUTPUT_RAW,0,0,0,0,0,0,0,0,1000,1000,1000,1000,0,0,0,0,0
2025-12-15 01:23:11.844,SERVO_OUTPUT_RAW,2947009790,SERVO_OUTPUT_RAW,0,0,0,0,0,0,0,0,1000,1000,1000,1000,0,0,0,0,0
2025-12-15 01:23:11.944,SERVO_OUTPUT_RAW,2947109797,SERVO_OUTPUT_RAW,0,0,0,0,0,0,0,0,1000,1000,1000,1000,0,0,0,0,0
2025-12-15 01:23:12.045,SERVO_OUTPUT_RAW,2947209761,SERVO_OUTPUT_RAW,0,0,0,0,0,0,0,0,1000,1000,1000,1000,0,0,0,0,0
2025-12-15 01:23:12.144,SERVO_OUTPUT_RAW,2947309818,SERVO_OUTPUT_RAW,0,0,0,0,0,0,0,0,1000,1000,1000,1000,0,0,0,0,0
2025-12-15 01:23:12.245,SERVO_OUTPUT_RAW,2947409869,SERVO_OUTPUT_RAW,0,0,0,0,0,0,0,0,1000,1000,1000,1000,0,0,0,0,0
2025-12-15 01:23:12.345,SERVO_OUTPUT_RAW,2947509812,SERVO_OUTPUT_RAW,0,0,0,0,0,0,0,0,1000,1000,1000,1000,0,0,0,0,0
2025-12-15 01:23:12.445,SERVO_OUTPUT_RAW,2947609811,SERVO_OUTPUT_RAW,0,0,0,0,0,0,0,0,1000,1000,1000,1000,0,0,0,0,0
2025-12-15 01:23:12.544,SERVO_OUTPUT_RAW,2947709850,SERVO_OUTPUT_RAW,0,0,0,0,0,0,0,0,1000,1000,1000,1000,0,0,0,0,0
2025-12-15 01:23:12.645,SERVO_OUTPUT_RAW,2947809835,SERVO_OUTPUT_RAW,0,0,0,0,0,0,0,0,1000,1000,1000,1000,0,0,0,0,0
2025-12-15 01:23:12.744,SERVO_OUTPUT_RAW,2947909780,SERVO_OUTPUT_RAW,0,0,0,0,0,0,0,0,1000,1000,1000,1000,0,0,0,0,0
2025-12-15 01:23:12.844,SERVO_OUTPUT_RAW,2948009814,SERVO_OUTPUT_RAW,0,0,0,0,0,0,0,0,1000,1000,1000,1000,0,0,0,0,0
2025-12-15 01:23:12.945,SERVO_OUTPUT_RAW,2948109822,SERVO_OUTPUT_RAW,0,0,0,0,0,0,0,0,1000,1000,1000,1000,0,0,0,0,0
2025-12-15 01:23:13.044,SERVO_OUTPUT_RAW,2948209799,SERVO_OUTPUT_RAW,0,0,0,0,0,0,0,0,1000,1000,1000,1000,0,0,0,0,0
2025-12-15 01:23:13.144,SERVO_OUTPUT_RAW,2948309860,SERVO_OUTPUT_RAW,0,0,0,0,0,0,0,0,1000,1000,1000,1000,0,0,0,0,0
2025-12-15 01:23:13.245,SERVO_OUTPUT_RAW,2948409781,SERVO_OUTPUT_RAW,0,0,0,0,0,0,0,0,1000,1000,1000,1000,0,0,0,0,0
2025-12-15 01:23:13.344,SERVO_OUTPUT_RAW,2948509783,SERVO_OUTPUT_RAW,0,0,0,0,0,0,0,0,1000,1000,1000,1000,0,0,0,0,0
2025-12-15 01:23:13.443,SERVO_OUTPUT_RAW,2948612155,SERVO_OUTPUT_RAW,0,0,0,0,0,0,0,0,1000,1000,1000,1000,0,0,0,0,0
2025-12-15 01:23:13.543,SERVO_OUTPUT_RAW,2948709785,SERVO_OUTPUT_RAW,0,0,0,0,0,0,0,0,1000,1000,1000,1000,0,0,0,0,0
2025-12-15 01:23:13.644,SERVO_OUTPUT_RAW,2948809822,SERVO_OUTPUT_RAW,0,0,0,0,0,0,0,0,1000,1000,1000,1000,0,0,0,0,0
2025-12-15 01:23:13.744,SERVO_OUTPUT_RAW,2948909836,SERVO_OUTPUT_RAW,0,0,0,0,0,0,0,0,1000,1000,1000,1000,0,0,0,0,0
2025-12-15 01:23:13.843,SERVO_OUTPUT_RAW,2949009794,SERVO_OUTPUT_RAW,0,0,0,0,0,0,0,0,1000,1000,1000,1000,0,0,0,0,0
2025-12-15 01:23:13.944,SERVO_OUTPUT_RAW,2949109817,SERVO_OUTPUT_RAW,0,0,0,0,0,0,0,0,1000,1000,1000,1000,0,0,0,0,0
2025-12-15 01:23:14.043,SERVO_OUTPUT_RAW,2949209814,SERVO_OUTPUT_RAW,0,0,0,0,0,0,0,0,1000,1000,1000,1000,0,0,0,0,0
2025-12-15 01:23:14.144,SERVO_OUTPUT_RAW,2949309868,SERVO_OUTPUT_RAW,0,0,0,0,0,0,0,0,1000,1000,1000,1000,0,0,0,0,0
2025-12-15 01:23:14.245,SERVO_OUTPUT_RAW,2949409824,SERVO_OUTPUT_RAW,0,0,0,0,0,0,0,0,1000,1000,1000,1000,0,0,0,0,0
2025-12-15 01:23:14.343,SERVO_OUTPUT_RAW,2949509793,SERVO_OUTPUT_RAW,0,0,0,0,0,0,0,0,1000,1000,1000,1000,0,0,0,0,0
2025-12-15 01:23:14.443,SERVO_OUTPUT_RAW,2949609822,SERVO_OUTPUT_RAW,0,0,0,0,0,0,0,0,1000,1000,1000,1000,0,0,0,0,0
2025-12-15 01:23:14.544,SERVO_OUTPUT_RAW,2949709810,SERVO_OUTPUT_RAW,0,0,0,0,0,0,0,0,1000,1000,1000,1000,0,0,0,0,0
2025-12-15 01:23:14.644,SERVO_OUTPUT_RAW,2949809784,SERVO_OUTPUT_RAW,0,0,0,0,0,0,0,0,1000,1000,1000,1000,0,0,0,0,0
2025-12-15 01:23:14.744,SERVO_OUTPUT_RAW,2949909787,SERVO_OUTPUT_RAW,0,0,0,0,0,0,0,0,1000,1000,1000,1000,0,0,0,0,0
2025-12-15 01:23:14.844,SERVO_OUTPUT_RAW,2950009781,SERVO_OUTPUT_RAW,0,0,0,0,0,0,0,0,1000,1000,1000,1000,0,0,0,0,0
2025-12-15 01:23:14.944,SERVO_OUTPUT_RAW,2950109798,SERVO_OUTPUT_RAW,0,0,0,0,0,0,0,0,1000,1000,1000,1000,0,0,0,0,0
2025-12-15 01:23:15.044,SERVO_OUTPUT_RAW,2950209787,SERVO_OUTPUT_RAW,0,0,0,0,0,0,0,0,1000,1000,1000,1000,0,0,0,0,0
2025-12-15 01:23:15.144,SERVO_OUTPUT_RAW,2950309814,SERVO_OUTPUT_RAW,0,0,0,0,0,0,0,0,1000,1000,1000,1000,0,0,0,0,0
2025-12-15 01:23:15.244,SERVO_OUTPUT_RAW,2950409843,SERVO_OUTPUT_RAW,0,0,0,0,0,0,0,0,1000,1000,1000,1000,0,0,0,0,0
2025-12-15 01:23:15.344,SERVO_OUTPUT_RAW,2950509827,SERVO_OUTPUT_RAW,0,0,0,0,0,0,0,0,1000,1000,1000,1000,0,0,0,0,0
2025-12-15 01:23:15.444,SERVO_OUTPUT_RAW,2950609815,SERVO_OUTPUT_RAW,0,0,0,0,0,0,0,0,1000,1000,1000,1000,0,0,0,0,0
2025-12-15 01:23:15.544,SERVO_OUTPUT_RAW,2950709801,SERVO_OUTPUT_RAW,0,0,0,0,0,0,0,0,1000,1000,1000,1000,0,0,0,0,0
2025-12-15 01:23:15.644,SERVO_OUTPUT_RAW,2950809816,SERVO_OUTPUT_RAW,0,0,0,0,0,0,0,0,1000,1000,1000,1000,0,0,0,0,0
2025-12-15 01:23:15.744,SERVO_OUTPUT_RAW,2950909871,SERVO_OUTPUT_RAW,0,0,0,0,0,0,0,0,1000,1000,1000,1000,0,0,0,0,0
2025-12-15 01:23:15.844,SERVO_OUTPUT_RAW,2951009776,SERVO_OUTPUT_RAW,0,0,0,0,0,0,0,0,1000,1000,1000,1000,0,0,0,0,0
2025-12-15 01:23:15.944,SERVO_OUTPUT_RAW,2951109798,SERVO_OUTPUT_RAW,0,0,0,0,0,0,0,0,1000,1000,1000,1000,0,0,0,0,0
2025-12-15 01:23:16.044,SERVO_OUTPUT_RAW,2951209815,SERVO_OUTPUT_RAW,0,0,0,0,0,0,0,0,1000,1000,1000,1000,0,0,0,0,0
2025-12-15 01:23:16.144,SERVO_OUTPUT_RAW,2951309829,SERVO_OUTPUT_RAW,0,0,0,0,0,0,0,0,1000,1000,1000,1000,0,0,0,0,0
2025-12-15 01:23:16.244,SERVO_OUTPUT_RAW,2951409786,SERVO_OUTPUT_RAW,0,0,0,0,0,0,0,0,1000,1000,1000,1000,0,0,0,0,0
2025-12-15 01:23:16.344,SERVO_OUTPUT_RAW,2951509794,SERVO_OUTPUT_RAW,0,0,0,0,0,0,0,0,1000,1000,1000,1000,0,0,0,0,0
2025-12-15 01:23:16.444,SERVO_OUTPUT_RAW,2951609796,SERVO_OUTPUT_RAW,0,0,0,0,0,0,0,0,1000,1000,1000,1000,0,0,0,0,0
2025-12-15 01:23:16.544,SERVO_OUTPUT_RAW,2951709793,SERVO_OUTPUT_RAW,0,0,0,0,0,0,0,0,1000,1000,1000,1000,0,0,0,0,0
2025-12-15 01:23:16.644,SERVO_OUTPUT_RAW,2951809786,SERVO_OUTPUT_RAW,0,0,0,0,0,0,0,0,1000,1000,1000,1000,0,0,0,0,0
2025-12-15 01:23:16.744,SERVO_OUTPUT_RAW,2951912164,SERVO_OUTPUT_RAW,0,0,0,0,0,0,0,0,1000,1000,1000,1000,0,0,0,0,0
2025-12-15 01:23:16.844,SERVO_OUTPUT_RAW,2952009868,SERVO_OUTPUT_RAW,0,0,0,0,0,0,0,0,1000,1000,1000,1000,0,0,0,0,0
2025-12-15 01:23:16.944,SERVO_OUTPUT_RAW,2952109858,SERVO_OUTPUT_RAW,0,0,0,0,0,0,0,0,1000,1000,1000,1000,0,0,0,0,0
2025-12-15 01:23:17.044,SERVO_OUTPUT_RAW,2952209831,SERVO_OUTPUT_RAW,0,0,0,0,0,0,0,0,1000,1000,1000,1000,0,0,0,0,0
2025-12-15 01:23:17.144,SERVO_OUTPUT_RAW,2952309833,SERVO_OUTPUT_RAW,0,0,0,0,0,0,0,0,1000,1000,1000,1000,0,0,0,0,0
2025-12-15 01:23:17.244,SERVO_OUTPUT_RAW,2952409840,SERVO_OUTPUT_RAW,0,0,0,0,0,0,0,0,1000,1000,1000,1000,0,0,0,0,0
2025-12-15 01:23:17.344,SERVO_OUTPUT_RAW,2952512003,SERVO_OUTPUT_RAW,0,0,0,0,0,0,0,0,1000,1000,1000,1000,0,0,0,0,0
2025-12-15 01:23:17.445,SERVO_OUTPUT_RAW,2952609787,SERVO_OUTPUT_RAW,0,0,0,0,0,0,0,0,1000,1000,1000,1000,0,0,0,0,0
2025-12-15 01:23:17.544,SERVO_OUTPUT_RAW,2952709809,SERVO_OUTPUT_RAW,0,0,0,0,0,0,0,0,1000,1000,1000,1000,0,0,0,0,0
2025-12-15 01:23:17.644,SERVO_OUTPUT_RAW,2952809815,SERVO_OUTPUT_RAW,0,0,0,0,0,0,0,0,1000,1000,1000,1000,0,0,0,0,0
2025-12-15 01:23:17.744,SERVO_OUTPUT_RAW,2952909781,SERVO_OUTPUT_RAW,0,0,0,0,0,0,0,0,1000,1000,1000,1000,0,0,0,0,0
2025-12-15 01:23:17.844,SERVO_OUTPUT_RAW,2953009774,SERVO_OUTPUT_RAW,0,0,0,0,0,0,0,0,1000,1000,1000,1000,0,0,0,0,0
2025-12-15 01:23:17.944,SERVO_OUTPUT_RAW,2953109810,SERVO_OUTPUT_RAW,0,0,0,0,0,0,0,0,1000,1000,1000,1000,0,0,0,0,0
2025-12-15 01:23:18.044,SERVO_OUTPUT_RAW,2953209790,SERVO_OUTPUT_RAW,0,0,0,0,0,0,0,0,1000,1000,1000,1000,0,0,0,0,0
2025-12-15 01:23:18.145,SERVO_OUTPUT_RAW,2953309774,SERVO_OUTPUT_RAW,0,0,0,0,0,0,0,0,1000,1000,1000,1000,0,0,0,0,0
2025-12-15 01:23:18.244,SERVO_OUTPUT_RAW,2953409784,SERVO_OUTPUT_RAW,0,0,0,0,0,0,0,0,1000,1000,1000,1000,0,0,0,0,0
2025-12-15 01:23:18.344,SERVO_OUTPUT_RAW,2953509819,SERVO_OUTPUT_RAW,0,0,0,0,0,0,0,0,1000,1000,1000,1000,0,0,0,0,0
2025-12-15 01:23:18.444,SERVO_OUTPUT_RAW,2953609852,SERVO_OUTPUT_RAW,0,0,0,0,0,0,0,0,1000,1000,1000,1000,0,0,0,0,0
2025-12-15 01:23:18.544,SERVO_OUTPUT_RAW,2953709805,SERVO_OUTPUT_RAW,0,0,0,0,0,0,0,0,1000,1000,1000,1000,0,0,0,0,0
2025-12-15 01:23:18.645,SERVO_OUTPUT_RAW,2953809896,SERVO_OUTPUT_RAW,0,0,0,0,0,0,0,0,1000,1000,1000,1000,0,0,0,0,0
2025-12-15 01:23:18.745,SERVO_OUTPUT_RAW,2953909824,SERVO_OUTPUT_RAW,0,0,0,0,0,0,0,0,1000,1000,1000,1000,0,0,0,0,0
2025-12-15 01:23:18.845,SERVO_OUTPUT_RAW,2954009866,SERVO_OUTPUT_RAW,0,0,0,0,0,0,0,0,1000,1000,1000,1000,0,0,0,0,0
2025-12-15 01:23:18.945,SERVO_OUTPUT_RAW,2954109781,SERVO_OUTPUT_RAW,0,0,0,0,0,0,0,0,1000,1000,1000,1000,0,0,0,0,0
2025-12-15 01:23:19.045,SERVO_OUTPUT_RAW,2954209789,SERVO_OUTPUT_RAW,0,0,0,0,0,0,0,0,1000,1000,1000,1000,0,0,0,0,0
2025-12-15 01:23:19.145,SERVO_OUTPUT_RAW,2954309806,SERVO_OUTPUT_RAW,0,0,0,0,0,0,0,0,1000,1000,1000,1000,0,0,0,0,0
2025-12-15 01:23:19.244,SERVO_OUTPUT_RAW,2954409811,SERVO_OUTPUT_RAW,0,0,0,0,0,0,0,0,1000,1000,1000,1000,0,0,0,0,0
2025-12-15 01:23:19.344,SERVO_OUTPUT_RAW,2954509780,SERVO_OUTPUT_RAW,0,0,0,0,0,0,0,0,1000,1000,1000,1000,0,0,0,0,0
2025-12-15 01:23:19.444,SERVO_OUTPUT_RAW,2954609834,SERVO_OUTPUT_RAW,0,0,0,0,0,0,0,0,1000,1000,1000,1000,0,0,0,0,0
2025-12-15 01:23:19.544,SERVO_OUTPUT_RAW,2954709786,SERVO_OUTPUT_RAW,0,0,0,0,0,0,0,0,1000,1000,1000,1000,0,0,0,0,0
2025-12-15 01:23:19.644,SERVO_OUTPUT_RAW,2954809818,SERVO_OUTPUT_RAW,0,0,0,0,0,0,0,0,1000,1000,1000,1000,0,0,0,0,0
2025-12-15 01:23:19.745,SERVO_OUTPUT_RAW,2954909806,SERVO_OUTPUT_RAW,0,0,0,0,0,0,0,0,1000,1000,1000,1000,0,0,0,0,0
2025-12-15 01:23:19.845,SERVO_OUTPUT_RAW,2955009834,SERVO_OUTPUT_RAW,0,0,0,0,0,0,0,0,1000,1000,1000,1000,0,0,0,0,0
2025-12-15 01:23:19.945,SERVO_OUTPUT_RAW,2955112152,SERVO_OUTPUT_RAW,0,0,0,0,0,0,0,0,1000,1000,1000,1000,0,0,0,0,0
2025-12-15 01:23:20.044,SERVO_OUTPUT_RAW,2955209839,SERVO_OUTPUT_RAW,0,0,0,0,0,0,0,0,1000,1000,1000,1000,0,0,0,0,0
2025-12-15 01:23:20.145,SERVO_OUTPUT_RAW,2955309810,SERVO_OUTPUT_RAW,0,0,0,0,0,0,0,0,1000,1000,1000,1000,0,0,0,0,0
2025-12-15 01:23:20.244,SERVO_OUTPUT_RAW,2955409802,SERVO_OUTPUT_RAW,0,0,0,0,0,0,0,0,1000,1000,1000,1000,0,0,0,0,0
2025-12-15 01:23:20.344,SERVO_OUTPUT_RAW,2955509833,SERVO_OUTPUT_RAW,0,0,0,0,0,0,0,0,1000,1000,1000,1000,0,0,0,0,0
2025-12-15 01:23:20.444,SERVO_OUTPUT_RAW,2955609836,SERVO_OUTPUT_RAW,0,0,0,0,0,0,0,0,1000,1000,1000,1000,0,0,0,0,0
2025-12-15 01:23:20.544,SERVO_OUTPUT_RAW,2955709775,SERVO_OUTPUT_RAW,0,0,0,0,0,0,0,0,1000,1000,1000,1000,0,0,0,0,0
2025-12-15 01:23:20.644,SERVO_OUTPUT_RAW,2955809822,SERVO_OUTPUT_RAW,0,0,0,0,0,0,0,0,1000,1000,1000,1000,0,0,0,0,0
2025-12-15 01:23:20.744,SERVO_OUTPUT_RAW,2955909823,SERVO_OUTPUT_RAW,0,0,0,0,0,0,0,0,1000,1000,1000,1000,0,0,0,0,0
2025-12-15 01:23:20.844,SERVO_OUTPUT_RAW,2956009826,SERVO_OUTPUT_RAW,0,0,0,0,0,0,0,0,1000,1000,1000,1000,0,0,0,0,0
2025-12-15 01:23:20.944,SERVO_OUTPUT_RAW,2956109809,SERVO_OUTPUT_RAW,0,0,0,0,0,0,0,0,1000,1000,1000,1000,0,0,0,0,0
2025-12-15 01:23:21.044,SERVO_OUTPUT_RAW,2956209790,SERVO_OUTPUT_RAW,0,0,0,0,0,0,0,0,1000,1000,1000,1000,0,0,0,0,0
2025-12-15 01:23:21.144,SERVO_OUTPUT_RAW,2956309790,SERVO_OUTPUT_RAW,0,0,0,0,0,0,0,0,1000,1000,1000,1000,0,0,0,0,0
2025-12-15 01:23:21.244,SERVO_OUTPUT_RAW,2956409790,SERVO_OUTPUT_RAW,0,0,0,0,0,0,0,0,1000,1000,1000,1000,0,0,0,0,0
2025-12-15 01:23:21.344,SERVO_OUTPUT_RAW,2956509807,SERVO_OUTPUT_RAW,0,0,0,0,0,0,0,0,1000,1000,1000,1000,0,0,0,0,0
2025-12-15 01:23:21.444,SERVO_OUTPUT_RAW,2956609756,SERVO_OUTPUT_RAW,0,0,0,0,0,0,0,0,1000,1000,1000,1000,0,0,0,0,0
2025-12-15 01:23:21.544,SERVO_OUTPUT_RAW,2956709878,SERVO_OUTPUT_RAW,0,0,0,0,0,0,0,0,1000,1000,1000,1000,0,0,0,0,0
2025-12-15 01:23:21.644,SERVO_OUTPUT_RAW,2956809844,SERVO_OUTPUT_RAW,0,0,0,0,0,0,0,0,1000,1000,1000,1000,0,0,0,0,0
2025-12-15 01:23:21.744,SERVO_OUTPUT_RAW,2956909798,SERVO_OUTPUT_RAW,0,0,0,0,0,0,0,0,1000,1000,1000,1000,0,0,0,0,0
2025-12-15 01:23:21.844,SERVO_OUTPUT_RAW,2957009822,SERVO_OUTPUT_RAW,0,0,0,0,0,0,0,0,1000,1000,1000,1000,0,0,0,0,0
2025-12-15 01:23:21.945,SERVO_OUTPUT_RAW,2957109856,SERVO_OUTPUT_RAW,0,0,0,0,0,0,0,0,1000,1000,1000,1000,0,0,0,0,0
2025-12-15 01:23:22.044,SERVO_OUTPUT_RAW,2957209788,SERVO_OUTPUT_RAW,0,0,0,0,0,0,0,0,1000,1000,1000,1000,0,0,0,0,0
2025-12-15 01:23:22.145,SERVO_OUTPUT_RAW,2957309790,SERVO_OUTPUT_RAW,0,0,0,0,0,0,0,0,1000,1000,1000,1000,0,0,0,0,0
2025-12-15 01:23:22.245,SERVO_OUTPUT_RAW,2957409816,SERVO_OUTPUT_RAW,0,0,0,0,0,0,0,0,1000,1000,1000,1000,0,0,0,0,0
2025-12-15 01:23:22.345,SERVO_OUTPUT_RAW,2957509820,SERVO_OUTPUT_RAW,0,0,0,0,0,0,0,0,1000,1000,1000,1000,0,0,0,0,0
2025-12-15 01:23:22.445,SERVO_OUTPUT_RAW,2957609785,SERVO_OUTPUT_RAW,0,0,0,0,0,0,0,0,1000,1000,1000,1000,0,0,0,0,0
2025-12-15 01:23:22.545,SERVO_OUTPUT_RAW,2957709803,SERVO_OUTPUT_RAW,0,0,0,0,0,0,0,0,1000,1000,1000,1000,0,0,0,0,0
2025-12-15 01:23:22.645,SERVO_OUTPUT_RAW,2957809782,SERVO_OUTPUT_RAW,0,0,0,0,0,0,0,0,1000,1000,1000,1000,0,0,0,0,0
2025-12-15 01:23:22.745,SERVO_OUTPUT_RAW,2957909786,SERVO_OUTPUT_RAW,0,0,0,0,0,0,0,0,1000,1000,1000,1000,0,0,0,0,0
2025-12-15 01:23:22.845,SERVO_OUTPUT_RAW,2958009822,SERVO_OUTPUT_RAW,0,0,0,0,0,0,0,0,1000,1000,1000,1000,0,0,0,0,0
2025-12-15 01:23:22.944,SERVO_OUTPUT_RAW,2958109783,SERVO_OUTPUT_RAW,0,0,0,0,0,0,0,0,1000,1000,1000,1000,0,0,0,0,0
2025-12-15 01:23:23.044,SERVO_OUTPUT_RAW,2958209835,SERVO_OUTPUT_RAW,0,0,0,0,0,0,0,0,1000,1000,1000,1000,0,0,0,0,0
2025-12-15 01:23:23.145,SERVO_OUTPUT_RAW,2958309823,SERVO_OUTPUT_RAW,0,0,0,0,0,0,0,0,1000,1000,1000,1000,0,0,0,0,0
2025-12-15 01:23:23.245,SERVO_OUTPUT_RAW,2958409805,SERVO_OUTPUT_RAW,0,0,0,0,0,0,0,0,1000,1000,1000,1000,0,0,0,0,0
2025-12-15 01:23:23.345,SERVO_OUTPUT_RAW,2958512073,SERVO_OUTPUT_RAW,0,0,0,0,0,0,0,0,1000,1000,1000,1000,0,0,0,0,0
2025-12-15 01:23:23.445,SERVO_OUTPUT_RAW,2958609822,SERVO_OUTPUT_RAW,0,0,0,0,0,0,0,0,1000,1000,1000,1000,0,0,0,0,0
2025-12-15 01:23:23.545,SERVO_OUTPUT_RAW,2958709836,SERVO_OUTPUT_RAW,0,0,0,0,0,0,0,0,1000,1000,1000,1000,0,0,0,0,0
2025-12-15 01:23:23.645,SERVO_OUTPUT_RAW,2958809887,SERVO_OUTPUT_RAW,0,0,0,0,0,0,0,0,1000,1000,1000,1000,0,0,0,0,0
2025-12-15 01:23:23.744,SERVO_OUTPUT_RAW,2958909784,SERVO_OUTPUT_RAW,0,0,0,0,0,0,0,0,1000,1000,1000,1000,0,0,0,0,0
2025-12-15 01:23:23.845,SERVO_OUTPUT_RAW,2959009832,SERVO_OUTPUT_RAW,0,0,0,0,0,0,0,0,1000,1000,1000,1000,0,0,0,0,0
2025-12-15 01:23:23.945,SERVO_OUTPUT_RAW,2959109773,SERVO_OUTPUT_RAW,0,0,0,0,0,0,0,0,1000,1000,1000,1000,0,0,0,0,0
2025-12-15 01:23:24.045,SERVO_OUTPUT_RAW,2959209770,SERVO_OUTPUT_RAW,0,0,0,0,0,0,0,0,1000,1000,1000,1000,0,0,0,0,0
2025-12-15 01:23:24.144,SERVO_OUTPUT_RAW,2959309785,SERVO_OUTPUT_RAW,0,0,0,0,0,0,0,0,1000,1000,1000,1000,0,0,0,0,0
2025-12-15 01:23:24.244,SERVO_OUTPUT_RAW,2959409799,SERVO_OUTPUT_RAW,0,0,0,0,0,0,0,0,1000,1000,1000,1000,0,0,0,0,0
2025-12-15 01:23:24.344,SERVO_OUTPUT_RAW,2959509788,SERVO_OUTPUT_RAW,0,0,0,0,0,0,0,0,1000,1000,1000,1000,0,0,0,0,0
2025-12-15 01:23:24.444,SERVO_OUTPUT_RAW,2959612174,SERVO_OUTPUT_RAW,0,0,0,0,0,0,0,0,1000,1000,1000,1000,0,0,0,0,0
2025-12-15 01:23:24.544,SERVO_OUTPUT_RAW,2959709810,SERVO_OUTPUT_RAW,0,0,0,0,0,0,0,0,1000,1000,1000,1000,0,0,0,0,0
2025-12-15 01:23:24.644,SERVO_OUTPUT_RAW,2959809829,SERVO_OUTPUT_RAW,0,0,0,0,0,0,0,0,1000,1000,1000,1000,0,0,0,0,0
2025-12-15 01:23:24.744,SERVO_OUTPUT_RAW,2959909843,SERVO_OUTPUT_RAW,0,0,0,0,0,0,0,0,1000,1000,1000,1000,0,0,0,0,0
2025-12-15 01:23:24.844,SERVO_OUTPUT_RAW,2960009811,SERVO_OUTPUT_RAW,0,0,0,0,0,0,0,0,1000,1000,1000,1000,0,0,0,0,0
2025-12-15 01:23:24.944,SERVO_OUTPUT_RAW,2960109830,SERVO_OUTPUT_RAW,0,0,0,0,0,0,0,0,1000,1000,1000,1000,0,0,0,0,0
2025-12-15 01:23:25.044,SERVO_OUTPUT_RAW,2960209829,SERVO_OUTPUT_RAW,0,0,0,0,0,0,0,0,1000,1000,1000,1000,0,0,0,0,0
2025-12-15 01:23:25.144,SERVO_OUTPUT_RAW,2960309851,SERVO_OUTPUT_RAW,0,0,0,0,0,0,0,0,1000,1000,1000,1000,0,0,0,0,0
2025-12-15 01:23:25.244,SERVO_OUTPUT_RAW,2960409791,SERVO_OUTPUT_RAW,0,0,0,0,0,0,0,0,1000,1000,1000,1000,0,0,0,0,0
2025-12-15 01:23:25.344,SERVO_OUTPUT_RAW,2960509811,SERVO_OUTPUT_RAW,0,0,0,0,0,0,0,0,1000,1000,1000,1000,0,0,0,0,0
2025-12-15 01:23:25.444,SERVO_OUTPUT_RAW,2960609852,SERVO_OUTPUT_RAW,0,0,0,0,0,0,0,0,1000,1000,1000,1000,0,0,0,0,0
2025-12-15 01:23:25.545,SERVO_OUTPUT_RAW,2960709805,SERVO_OUTPUT_RAW,0,0,0,0,0,0,0,0,1000,1000,1000,1000,0,0,0,0,0
2025-12-15 01:23:25.644,SERVO_OUTPUT_RAW,2960809774,SERVO_OUTPUT_RAW,0,0,0,0,0,0,0,0,1000,1000,1000,1000,0,0,0,0,0
2025-12-15 01:23:25.744,SERVO_OUTPUT_RAW,2960909845,SERVO_OUTPUT_RAW,0,0,0,0,0,0,0,0,1000,1000,1000,1000,0,0,0,0,0
2025-12-15 01:23:25.844,SERVO_OUTPUT_RAW,2961009793,SERVO_OUTPUT_RAW,0,0,0,0,0,0,0,0,1000,1000,1000,1000,0,0,0,0,0
2025-12-15 01:23:25.944,SERVO_OUTPUT_RAW,2961109783,SERVO_OUTPUT_RAW,0,0,0,0,0,0,0,0,1000,1000,1000,1000,0,0,0,0,0
2025-12-15 01:23:26.044,SERVO_OUTPUT_RAW,2961209792,SERVO_OUTPUT_RAW,0,0,0,0,0,0,0,0,1000,1000,1000,1000,0,0,0,0,0
2025-12-15 01:23:26.145,SERVO_OUTPUT_RAW,2961309823,SERVO_OUTPUT_RAW,0,0,0,0,0,0,0,0,1000,1000,1000,1000,0,0,0,0,0
2025-12-15 01:23:26.244,SERVO_OUTPUT_RAW,2961409839,SERVO_OUTPUT_RAW,0,0,0,0,0,0,0,0,1000,1000,1000,1000,0,0,0,0,0
2025-12-15 01:23:26.344,SERVO_OUTPUT_RAW,2961509864,SERVO_OUTPUT_RAW,0,0,0,0,0,0,0,0,1000,1000,1000,1000,0,0,0,0,0
2025-12-15 01:23:26.445,SERVO_OUTPUT_RAW,2961609788,SERVO_OUTPUT_RAW,0,0,0,0,0,0,0,0,1000,1000,1000,1000,0,0,0,0,0
2025-12-15 01:23:26.544,SERVO_OUTPUT_RAW,2961709824,SERVO_OUTPUT_RAW,0,0,0,0,0,0,0,0,1000,1000,1000,1000,0,0,0,0,0
2025-12-15 01:23:26.644,SERVO_OUTPUT_RAW,2961809844,SERVO_OUTPUT_RAW,0,0,0,0,0,0,0,0,1000,1000,1000,1000,0,0,0,0,0
2025-12-15 01:23:26.744,SERVO_OUTPUT_RAW,2961909854,SERVO_OUTPUT_RAW,0,0,0,0,0,0,0,0,1000,1000,1000,1000,0,0,0,0,0
2025-12-15 01:23:26.844,SERVO_OUTPUT_RAW,2962009794,SERVO_OUTPUT_RAW,0,0,0,0,0,0,0,0,1000,1000,1000,1000,0,0,0,0,0
2025-12-15 01:23:26.944,SERVO_OUTPUT_RAW,2962109824,SERVO_OUTPUT_RAW,0,0,0,0,0,0,0,0,1000,1000,1000,1000,0,0,0,0,0
2025-12-15 01:23:27.044,SERVO_OUTPUT_RAW,2962209800,SERVO_OUTPUT_RAW,0,0,0,0,0,0,0,0,1000,1000,1000,1000,0,0,0,0,0
2025-12-15 01:23:27.144,SERVO_OUTPUT_RAW,2962309781,SERVO_OUTPUT_RAW,0,0,0,0,0,0,0,0,1000,1000,1000,1000,0,0,0,0,0
2025-12-15 01:23:27.244,SERVO_OUTPUT_RAW,2962409776,SERVO_OUTPUT_RAW,0,0,0,0,0,0,0,0,1000,1000,1000,1000,0,0,0,0,0
2025-12-15 01:23:27.345,SERVO_OUTPUT_RAW,2962509797,SERVO_OUTPUT_RAW,0,0,0,0,0,0,0,0,1000,1000,1000,1000,0,0,0,0,0
2025-12-15 01:23:27.444,SERVO_OUTPUT_RAW,2962609789,SERVO_OUTPUT_RAW,0,0,0,0,0,0,0,0,1000,1000,1000,1000,0,0,0,0,0
2025-12-15 01:23:27.545,SERVO_OUTPUT_RAW,2962709792,SERVO_OUTPUT_RAW,0,0,0,0,0,0,0,0,1000,1000,1000,1000,0,0,0,0,0
2025-12-15 01:23:27.644,SERVO_OUTPUT_RAW,2962809803,SERVO_OUTPUT_RAW,0,0,0,0,0,0,0,0,1000,1000,1000,1000,0,0,0,0,0
2025-12-15 01:23:27.744,SERVO_OUTPUT_RAW,2962909846,SERVO_OUTPUT_RAW,0,0,0,0,0,0,0,0,1000,1000,1000,1000,0,0,0,0,0
2025-12-15 01:23:27.845,SERVO_OUTPUT_RAW,2963012128,SERVO_OUTPUT_RAW,0,0,0,0,0,0,0,0,1000,1000,1000,1000,0,0,0,0,0
2025-12-15 01:23:27.945,SERVO_OUTPUT_RAW,2963109812,SERVO_OUTPUT_RAW,0,0,0,0,0,0,0,0,1000,1000,1000,1000,0,0,0,0,0
2025-12-15 01:23:28.044,SERVO_OUTPUT_RAW,2963209798,SERVO_OUTPUT_RAW,0,0,0,0,0,0,0,0,1000,1000,1000,1000,0,0,0,0,0
2025-12-15 01:23:28.144,SERVO_OUTPUT_RAW,2963309830,SERVO_OUTPUT_RAW,0,0,0,0,0,0,0,0,1000,1000,1000,1000,0,0,0,0,0
2025-12-15 01:23:28.244,SERVO_OUTPUT_RAW,2963409840,SERVO_OUTPUT_RAW,0,0,0,0,0,0,0,0,1000,1000,1000,1000,0,0,0,0,0
2025-12-15 01:23:28.345,SERVO_OUTPUT_RAW,2963509818,SERVO_OUTPUT_RAW,0,0,0,0,0,0,0,0,1000,1000,1000,1000,0,0,0,0,0
2025-12-15 01:23:28.444,SERVO_OUTPUT_RAW,2963609792,SERVO_OUTPUT_RAW,0,0,0,0,0,0,0,0,1000,1000,1000,1000,0,0,0,0,0
2025-12-15 01:23:28.544,SERVO_OUTPUT_RAW,2963709824,SERVO_OUTPUT_RAW,0,0,0,0,0,0,0,0,1000,1000,1000,1000,0,0,0,0,0
2025-12-15 01:23:28.644,SERVO_OUTPUT_RAW,2963809826,SERVO_OUTPUT_RAW,0,0,0,0,0,0,0,0,1000,1000,1000,1000,0,0,0,0,0
2025-12-15 01:23:28.744,SERVO_OUTPUT_RAW,2963909802,SERVO_OUTPUT_RAW,0,0,0,0,0,0,0,0,1000,1000,1000,1000,0,0,0,0,0
2025-12-15 01:23:28.844,SERVO_OUTPUT_RAW,2964009800,SERVO_OUTPUT_RAW,0,0,0,0,0,0,0,0,1000,1000,1000,1000,0,0,0,0,0
2025-12-15 01:23:28.945,SERVO_OUTPUT_RAW,2964109790,SERVO_OUTPUT_RAW,0,0,0,0,0,0,0,0,1000,1000,1000,1000,0,0,0,0,0
2025-12-15 01:23:29.044,SERVO_OUTPUT_RAW,2964209788,SERVO_OUTPUT_RAW,0,0,0,0,0,0,0,0,1000,1000,1000,1000,0,0,0,0,0
2025-12-15 01:23:29.145,SERVO_OUTPUT_RAW,2964309788,SERVO_OUTPUT_RAW,0,0,0,0,0,0,0,0,1000,1000,1000,1000,0,0,0,0,0
2025-12-15 01:23:29.244,SERVO_OUTPUT_RAW,2964409841,SERVO_OUTPUT_RAW,0,0,0,0,0,0,0,0,1000,1000,1000,1000,0,0,0,0,0
2025-12-15 01:23:29.345,SERVO_OUTPUT_RAW,2964512148,SERVO_OUTPUT_RAW,0,0,0,0,0,0,0,0,1000,1000,1000,1000,0,0,0,0,0
2025-12-15 01:23:29.445,SERVO_OUTPUT_RAW,2964609774,SERVO_OUTPUT_RAW,0,0,0,0,0,0,0,0,1000,1000,1000,1000,0,0,0,0,0
2025-12-15 01:23:29.545,SERVO_OUTPUT_RAW,2964709818,SERVO_OUTPUT_RAW,0,0,0,0,0,0,0,0,1000,1000,1000,1000,0,0,0,0,0
2025-12-15 01:23:29.645,SERVO_OUTPUT_RAW,2964809833,SERVO_OUTPUT_RAW,0,0,0,0,0,0,0,0,1000,1000,1000,1000,0,0,0,0,0
2025-12-15 01:23:29.745,SERVO_OUTPUT_RAW,2964909836,SERVO_OUTPUT_RAW,0,0,0,0,0,0,0,0,1000,1000,1000,1000,0,0,0,0,0
2025-12-15 01:23:29.845,SERVO_OUTPUT_RAW,2965009861,SERVO_OUTPUT_RAW,0,0,0,0,0,0,0,0,1000,1000,1000,1000,0,0,0,0,0
2025-12-15 01:23:29.945,SERVO_OUTPUT_RAW,2965109901,SERVO_OUTPUT_RAW,0,0,0,0,0,0,0,0,1000,1000,1000,1000,0,0,0,0,0
2025-12-15 01:23:30.045,SERVO_OUTPUT_RAW,2965209806,SERVO_OUTPUT_RAW,0,0,0,0,0,0,0,0,1000,1000,1000,1000,0,0,0,0,0
2025-12-15 01:23:30.145,SERVO_OUTPUT_RAW,2965309821,SERVO_OUTPUT_RAW,0,0,0,0,0,0,0,0,1000,1000,1000,1000,0,0,0,0,0
2025-12-15 01:23:30.245,SERVO_OUTPUT_RAW,2965409792,SERVO_OUTPUT_RAW,0,0,0,0,0,0,0,0,1000,1000,1000,1000,0,0,0,0,0
2025-12-15 01:23:30.345,SERVO_OUTPUT_RAW,2965509914,SERVO_OUTPUT_RAW,0,0,0,0,0,0,0,0,1000,1000,1000,1000,0,0,0,0,0
2025-12-15 01:23:30.445,SERVO_OUTPUT_RAW,2965609789,SERVO_OUTPUT_RAW,0,0,0,0,0,0,0,0,1000,1000,1000,1000,0,0,0,0,0
2025-12-15 01:23:30.545,SERVO_OUTPUT_RAW,2965709798,SERVO_OUTPUT_RAW,0,0,0,0,0,0,0,0,1000,1000,1000,1000,0,0,0,0,0
2025-12-15 01:23:30.645,SERVO_OUTPUT_RAW,2965812103,SERVO_OUTPUT_RAW,0,0,0,0,0,0,0,0,1000,1000,1000,1000,0,0,0,0,0
2025-12-15 01:23:30.745,SERVO_OUTPUT_RAW,2965909803,SERVO_OUTPUT_RAW,0,0,0,0,0,0,0,0,1000,1000,1000,1000,0,0,0,0,0
2025-12-15 01:23:30.845,SERVO_OUTPUT_RAW,2966009838,SERVO_OUTPUT_RAW,0,0,0,0,0,0,0,0,1000,1000,1000,1000,0,0,0,0,0
2025-12-15 01:23:30.945,SERVO_OUTPUT_RAW,2966109860,SERVO_OUTPUT_RAW,0,0,0,0,0,0,0,0,1000,1000,1000,1000,0,0,0,0,0
2025-12-15 01:23:31.045,SERVO_OUTPUT_RAW,2966209799,SERVO_OUTPUT_RAW,0,0,0,0,0,0,0,0,1000,1000,1000,1000,0,0,0,0,0
2025-12-15 01:23:31.145,SERVO_OUTPUT_RAW,2966309803,SERVO_OUTPUT_RAW,0,0,0,0,0,0,0,0,1000,1000,1000,1000,0,0,0,0,0
2025-12-15 01:23:31.245,SERVO_OUTPUT_RAW,2966409855,SERVO_OUTPUT_RAW,0,0,0,0,0,0,0,0,1000,1000,1000,1000,0,0,0,0,0
2025-12-15 01:23:31.345,SERVO_OUTPUT_RAW,2966509849,SERVO_OUTPUT_RAW,0,0,0,0,0,0,0,0,1000,1000,1000,1000,0,0,0,0,0
2025-12-15 01:23:31.445,SERVO_OUTPUT_RAW,2966609853,SERVO_OUTPUT_RAW,0,0,0,0,0,0,0,0,1000,1000,1000,1000,0,0,0,0,0
2025-12-15 01:23:31.545,SERVO_OUTPUT_RAW,2966709802,SERVO_OUTPUT_RAW,0,0,0,0,0,0,0,0,1000,1000,1000,1000,0,0,0,0,0
2025-12-15 01:23:31.645,SERVO_OUTPUT_RAW,2966809818,SERVO_OUTPUT_RAW,0,0,0,0,0,0,0,0,1000,1000,1000,1000,0,0,0,0,0
2025-12-15 01:23:31.745,SERVO_OUTPUT_RAW,2966909815,SERVO_OUTPUT_RAW,0,0,0,0,0,0,0,0,1000,1000,1000,1000,0,0,0,0,0
2025-12-15 01:23:31.845,SERVO_OUTPUT_RAW,2967009783,SERVO_OUTPUT_RAW,0,0,0,0,0,0,0,0,1000,1000,1000,1000,0,0,0,0,0
2025-12-15 01:23:31.945,SERVO_OUTPUT_RAW,2967109779,SERVO_OUTPUT_RAW,0,0,0,0,0,0,0,0,1000,1000,1000,1000,0,0,0,0,0
2025-12-15 01:23:32.045,SERVO_OUTPUT_RAW,2967209847,SERVO_OUTPUT_RAW,0,0,0,0,0,0,0,0,1000,1000,1000,1000,0,0,0,0,0
2025-12-15 01:23:32.145,SERVO_OUTPUT_RAW,2967309775,SERVO_OUTPUT_RAW,0,0,0,0,0,0,0,0,1000,1000,1000,1000,0,0,0,0,0
2025-12-15 01:23:32.245,SERVO_OUTPUT_RAW,2967409809,SERVO_OUTPUT_RAW,0,0,0,0,0,0,0,0,1000,1000,1000,1000,0,0,0,0,0
2025-12-15 01:23:32.345,SERVO_OUTPUT_RAW,2967509828,SERVO_OUTPUT_RAW,0,0,0,0,0,0,0,0,1000,1000,1000,1000,0,0,0,0,0
2025-12-15 01:23:32.445,SERVO_OUTPUT_RAW,2967609819,SERVO_OUTPUT_RAW,0,0,0,0,0,0,0,0,1000,1000,1000,1000,0,0,0,0,0
2025-12-15 01:23:32.545,SERVO_OUTPUT_RAW,2967709855,SERVO_OUTPUT_RAW,0,0,0,0,0,0,0,0,1000,1000,1000,1000,0,0,0,0,0
2025-12-15 01:23:32.645,SERVO_OUTPUT_RAW,2967809797,SERVO_OUTPUT_RAW,0,0,0,0,0,0,0,0,1000,1000,1000,1000,0,0,0,0,0
2025-12-15 01:23:32.745,SERVO_OUTPUT_RAW,2967909830,SERVO_OUTPUT_RAW,0,0,0,0,0,0,0,0,1000,1000,1000,1000,0,0,0,0,0
2025-12-15 01:23:32.845,SERVO_OUTPUT_RAW,2968009847,SERVO_OUTPUT_RAW,0,0,0,0,0,0,0,0,1000,1000,1000,1000,0,0,0,0,0
2025-12-15 01:23:32.945,SERVO_OUTPUT_RAW,2968109836,SERVO_OUTPUT_RAW,0,0,0,0,0,0,0,0,1000,1000,1000,1000,0,0,0,0,0
2025-12-15 01:23:33.045,SERVO_OUTPUT_RAW,2968209793,SERVO_OUTPUT_RAW,0,0,0,0,0,0,0,0,1000,1000,1000,1000,0,0,0,0,0
2025-12-15 01:23:33.146,SERVO_OUTPUT_RAW,2968309809,SERVO_OUTPUT_RAW,0,0,0,0,0,0,0,0,1000,1000,1000,1000,0,0,0,0,0
2025-12-15 01:23:33.245,SERVO_OUTPUT_RAW,2968409838,SERVO_OUTPUT_RAW,0,0,0,0,0,0,0,0,1000,1000,1000,1000,0,0,0,0,0
2025-12-15 01:23:33.345,SERVO_OUTPUT_RAW,2968509827,SERVO_OUTPUT_RAW,0,0,0,0,0,0,0,0,1000,1000,1000,1000,0,0,0,0,0
2025-12-15 01:23:33.445,SERVO_OUTPUT_RAW,2968609775,SERVO_OUTPUT_RAW,0,0,0,0,0,0,0,0,1000,1000,1000,1000,0,0,0,0,0
2025-12-15 01:23:33.545,SERVO_OUTPUT_RAW,2968709798,SERVO_OUTPUT_RAW,0,0,0,0,0,0,0,0,1000,1000,1000,1000,0,0,0,0,0
2025-12-15 01:23:33.644,SERVO_OUTPUT_RAW,2968809783,SERVO_OUTPUT_RAW,0,0,0,0,0,0,0,0,1000,1000,1000,1000,0,0,0,0,0
2025-12-15 01:23:33.744,SERVO_OUTPUT_RAW,2968909783,SERVO_OUTPUT_RAW,0,0,0,0,0,0,0,0,1000,1000,1000,1000,0,0,0,0,0
2025-12-15 01:23:33.844,SERVO_OUTPUT_RAW,2969009779,SERVO_OUTPUT_RAW,0,0,0,0,0,0,0,0,1000,1000,1000,1000,0,0,0,0,0
2025-12-15 01:23:33.944,SERVO_OUTPUT_RAW,2969109829,SERVO_OUTPUT_RAW,0,0,0,0,0,0,0,0,1000,1000,1000,1000,0,0,0,0,0
2025-12-15 01:23:34.044,SERVO_OUTPUT_RAW,2969209793,SERVO_OUTPUT_RAW,0,0,0,0,0,0,0,0,1000,1000,1000,1000,0,0,0,0,0
2025-12-15 01:23:34.144,SERVO_OUTPUT_RAW,2969312148,SERVO_OUTPUT_RAW,0,0,0,0,0,0,0,0,1000,1000,1000,1000,0,0,0,0,0
2025-12-15 01:23:34.245,SERVO_OUTPUT_RAW,2969409792,SERVO_OUTPUT_RAW,0,0,0,0,0,0,0,0,1000,1000,1000,1000,0,0,0,0,0
2025-12-15 01:23:34.345,SERVO_OUTPUT_RAW,2969509810,SERVO_OUTPUT_RAW,0,0,0,0,0,0,0,0,1000,1000,1000,1000,0,0,0,0,0
2025-12-15 01:23:34.444,SERVO_OUTPUT_RAW,2969609854,SERVO_OUTPUT_RAW,0,0,0,0,0,0,0,0,1000,1000,1000,1000,0,0,0,0,0
2025-12-15 01:23:34.544,SERVO_OUTPUT_RAW,2969709852,SERVO_OUTPUT_RAW,0,0,0,0,0,0,0,0,1000,1000,1000,1000,0,0,0,0,0
2025-12-15 01:23:34.644,SERVO_OUTPUT_RAW,2969809778,SERVO_OUTPUT_RAW,0,0,0,0,0,0,0,0,1000,1000,1000,1000,0,0,0,0,0
2025-12-15 01:23:34.744,SERVO_OUTPUT_RAW,2969909822,SERVO_OUTPUT_RAW,0,0,0,0,0,0,0,0,1000,1000,1000,1000,0,0,0,0,0
2025-12-15 01:23:34.844,SERVO_OUTPUT_RAW,2970009801,SERVO_OUTPUT_RAW,0,0,0,0,0,0,0,0,1000,1000,1000,1000,0,0,0,0,0
2025-12-15 01:23:34.945,SERVO_OUTPUT_RAW,2970109782,SERVO_OUTPUT_RAW,0,0,0,0,0,0,0,0,1000,1000,1000,1000,0,0,0,0,0
2025-12-15 01:23:35.044,SERVO_OUTPUT_RAW,2970209801,SERVO_OUTPUT_RAW,0,0,0,0,0,0,0,0,1000,1000,1000,1000,0,0,0,0,0
2025-12-15 01:23:35.144,SERVO_OUTPUT_RAW,2970309798,SERVO_OUTPUT_RAW,0,0,0,0,0,0,0,0,1000,1000,1000,1000,0,0,0,0,0
2025-12-15 01:23:35.244,SERVO_OUTPUT_RAW,2970409797,SERVO_OUTPUT_RAW,0,0,0,0,0,0,0,0,1000,1000,1000,1000,0,0,0,0,0
2025-12-15 01:23:35.344,SERVO_OUTPUT_RAW,2970509785,SERVO_OUTPUT_RAW,0,0,0,0,0,0,0,0,1000,1000,1000,1000,0,0,0,0,0
2025-12-15 01:23:35.444,SERVO_OUTPUT_RAW,2970609816,SERVO_OUTPUT_RAW,0,0,0,0,0,0,0,0,1000,1000,1000,1000,0,0,0,0,0
2025-12-15 01:23:35.544,SERVO_OUTPUT_RAW,2970709839,SERVO_OUTPUT_RAW,0,0,0,0,0,0,0,0,1000,1000,1000,1000,0,0,0,0,0
2025-12-15 01:23:35.644,SERVO_OUTPUT_RAW,2970809855,SERVO_OUTPUT_RAW,0,0,0,0,0,0,0,0,1000,1000,1000,1000,0,0,0,0,0
2025-12-15 01:23:35.744,SERVO_OUTPUT_RAW,2970909863,SERVO_OUTPUT_RAW,0,0,0,0,0,0,0,0,1000,1000,1000,1000,0,0,0,0,0
2025-12-15 01:23:35.845,SERVO_OUTPUT_RAW,2971009834,SERVO_OUTPUT_RAW,0,0,0,0,0,0,0,0,1000,1000,1000,1000,0,0,0,0,0
2025-12-15 01:23:35.945,SERVO_OUTPUT_RAW,2971109839,SERVO_OUTPUT_RAW,0,0,0,0,0,0,0,0,1000,1000,1000,1000,0,0,0,0,0
2025-12-15 01:23:36.044,SERVO_OUTPUT_RAW,2971209862,SERVO_OUTPUT_RAW,0,0,0,0,0,0,0,0,1000,1000,1000,1000,0,0,0,0,0
2025-12-15 01:23:36.144,SERVO_OUTPUT_RAW,2971309779,SERVO_OUTPUT_RAW,0,0,0,0,0,0,0,0,1000,1000,1000,1000,0,0,0,0,0
2025-12-15 01:23:36.244,SERVO_OUTPUT_RAW,2971409905,SERVO_OUTPUT_RAW,0,0,0,0,0,0,0,0,1000,1000,1000,1000,0,0,0,0,0
2025-12-15 01:23:36.344,SERVO_OUTPUT_RAW,2971509815,SERVO_OUTPUT_RAW,0,0,0,0,0,0,0,0,1000,1000,1000,1000,0,0,0,0,0
2025-12-15 01:23:36.444,SERVO_OUTPUT_RAW,2971609831,SERVO_OUTPUT_RAW,0,0,0,0,0,0,0,0,1000,1000,1000,1000,0,0,0,0,0
2025-12-15 01:23:36.545,SERVO_OUTPUT_RAW,2971709782,SERVO_OUTPUT_RAW,0,0,0,0,0,0,0,0,1000,1000,1000,1000,0,0,0,0,0
2025-12-15 01:23:36.644,SERVO_OUTPUT_RAW,2971809792,SERVO_OUTPUT_RAW,0,0,0,0,0,0,0,0,1000,1000,1000,1000,0,0,0,0,0
2025-12-15 01:23:36.744,SERVO_OUTPUT_RAW,2971909796,SERVO_OUTPUT_RAW,0,0,0,0,0,0,0,0,1000,1000,1000,1000,0,0,0,0,0
2025-12-15 01:23:36.845,SERVO_OUTPUT_RAW,2972009796,SERVO_OUTPUT_RAW,0,0,0,0,0,0,0,0,1000,1000,1000,1000,0,0,0,0,0
2025-12-15 01:23:36.945,SERVO_OUTPUT_RAW,2972109787,SERVO_OUTPUT_RAW,0,0,0,0,0,0,0,0,1000,1000,1000,1000,0,0,0,0,0
2025-12-15 01:23:37.044,SERVO_OUTPUT_RAW,2972209841,SERVO_OUTPUT_RAW,0,0,0,0,0,0,0,0,1000,1000,1000,1000,0,0,0,0,0
2025-12-15 01:23:37.145,SERVO_OUTPUT_RAW,2972309780,SERVO_OUTPUT_RAW,0,0,0,0,0,0,0,0,1000,1000,1000,1000,0,0,0,0,0
2025-12-15 01:23:37.245,SERVO_OUTPUT_RAW,2972409853,SERVO_OUTPUT_RAW,0,0,0,0,0,0,0,0,1000,1000,1000,1000,0,0,0,0,0
2025-12-15 01:23:37.345,SERVO_OUTPUT_RAW,2972509799,SERVO_OUTPUT_RAW,0,0,0,0,0,0,0,0,1000,1000,1000,1000,0,0,0,0,0
2025-12-15 01:23:37.445,SERVO_OUTPUT_RAW,2972609834,SERVO_OUTPUT_RAW,0,0,0,0,0,0,0,0,1000,1000,1000,1000,0,0,0,0,0
2025-12-15 01:23:37.545,SERVO_OUTPUT_RAW,2972709838,SERVO_OUTPUT_RAW,0,0,0,0,0,0,0,0,1000,1000,1000,1000,0,0,0,0,0
2025-12-15 01:23:37.645,SERVO_OUTPUT_RAW,2972809846,SERVO_OUTPUT_RAW,0,0,0,0,0,0,0,0,1000,1000,1000,1000,0,0,0,0,0
2025-12-15 01:23:37.745,SERVO_OUTPUT_RAW,2972909836,SERVO_OUTPUT_RAW,0,0,0,0,0,0,0,0,1000,1000,1000,1000,0,0,0,0,0
2025-12-15 01:23:37.845,SERVO_OUTPUT_RAW,2973009813,SERVO_OUTPUT_RAW,0,0,0,0,0,0,0,0,1000,1000,1000,1000,0,0,0,0,0
2025-12-15 01:23:37.945,SERVO_OUTPUT_RAW,2973109827,SERVO_OUTPUT_RAW,0,0,0,0,0,0,0,0,1000,1000,1000,1000,0,0,0,0,0
2025-12-15 01:23:38.045,SERVO_OUTPUT_RAW,2973209832,SERVO_OUTPUT_RAW,0,0,0,0,0,0,0,0,1000,1000,1000,1000,0,0,0,0,0
2025-12-15 01:23:38.145,SERVO_OUTPUT_RAW,2973309784,SERVO_OUTPUT_RAW,0,0,0,0,0,0,0,0,1000,1000,1000,1000,0,0,0,0,0
2025-12-15 01:23:38.245,SERVO_OUTPUT_RAW,2973409790,SERVO_OUTPUT_RAW,0,0,0,0,0,0,0,0,1000,1000,1000,1000,0,0,0,0,0
2025-12-15 01:23:38.345,SERVO_OUTPUT_RAW,2973509836,SERVO_OUTPUT_RAW,0,0,0,0,0,0,0,0,1000,1000,1000,1000,0,0,0,0,0
2025-12-15 01:23:38.445,SERVO_OUTPUT_RAW,2973609778,SERVO_OUTPUT_RAW,0,0,0,0,0,0,0,0,1000,1000,1000,1000,0,0,0,0,0
2025-12-15 01:23:38.545,SERVO_OUTPUT_RAW,2973709785,SERVO_OUTPUT_RAW,0,0,0,0,0,0,0,0,1000,1000,1000,1000,0,0,0,0,0
2025-12-15 01:23:38.645,SERVO_OUTPUT_RAW,2973809842,SERVO_OUTPUT_RAW,0,0,0,0,0,0,0,0,1000,1000,1000,1000,0,0,0,0,0
2025-12-15 01:23:38.745,SERVO_OUTPUT_RAW,2973909858,SERVO_OUTPUT_RAW,0,0,0,0,0,0,0,0,1000,1000,1000,1000,0,0,0,0,0
2025-12-15 01:23:38.845,SERVO_OUTPUT_RAW,2974009801,SERVO_OUTPUT_RAW,0,0,0,0,0,0,0,0,1000,1000,1000,1000,0,0,0,0,0
2025-12-15 01:23:38.945,SERVO_OUTPUT_RAW,2974109828,SERVO_OUTPUT_RAW,0,0,0,0,0,0,0,0,1000,1000,1000,1000,0,0,0,0,0
2025-12-15 01:23:39.045,SERVO_OUTPUT_RAW,2974209827,SERVO_OUTPUT_RAW,0,0,0,0,0,0,0,0,1000,1000,1000,1000,0,0,0,0,0
2025-12-15 01:23:39.145,SERVO_OUTPUT_RAW,2974309847,SERVO_OUTPUT_RAW,0,0,0,0,0,0,0,0,1000,1000,1000,1000,0,0,0,0,0
2025-12-15 01:23:39.245,SERVO_OUTPUT_RAW,2974409794,SERVO_OUTPUT_RAW,0,0,0,0,0,0,0,0,1000,1000,1000,1000,0,0,0,0,0
2025-12-15 01:23:39.345,SERVO_OUTPUT_RAW,2974509802,SERVO_OUTPUT_RAW,0,0,0,0,0,0,0,0,1000,1000,1000,1000,0,0,0,0,0
2025-12-15 01:23:39.445,SERVO_OUTPUT_RAW,2974609804,SERVO_OUTPUT_RAW,0,0,0,0,0,0,0,0,1000,1000,1000,1000,0,0,0,0,0
2025-12-15 01:23:39.545,SERVO_OUTPUT_RAW,2974709821,SERVO_OUTPUT_RAW,0,0,0,0,0,0,0,0,1000,1000,1000,1000,0,0,0,0,0
2025-12-15 01:23:39.645,SERVO_OUTPUT_RAW,2974809776,SERVO_OUTPUT_RAW,0,0,0,0,0,0,0,0,1000,1000,1000,1000,0,0,0,0,0
2025-12-15 01:23:39.745,SERVO_OUTPUT_RAW,2974909788,SERVO_OUTPUT_RAW,0,0,0,0,0,0,0,0,1000,1000,1000,1000,0,0,0,0,0
2025-12-15 01:23:39.845,SERVO_OUTPUT_RAW,2975009780,SERVO_OUTPUT_RAW,0,0,0,0,0,0,0,0,1000,1000,1000,1000,0,0,0,0,0
2025-12-15 01:23:39.950,SERVO_OUTPUT_RAW,2975109789,SERVO_OUTPUT_RAW,0,0,0,0,0,0,0,0,1000,1000,1000,1000,0,0,0,0,0
2025-12-15 01:23:40.045,SERVO_OUTPUT_RAW,2975209786,SERVO_OUTPUT_RAW,0,0,0,0,0,0,0,0,1000,1000,1000,1000,0,0,0,0,0
2025-12-15 01:23:40.145,SERVO_OUTPUT_RAW,2975309808,SERVO_OUTPUT_RAW,0,0,0,0,0,0,0,0,1000,1000,1000,1000,0,0,0,0,0
2025-12-15 01:23:40.245,SERVO_OUTPUT_RAW,2975409863,SERVO_OUTPUT_RAW,0,0,0,0,0,0,0,0,1000,1000,1000,1000,0,0,0,0,0
2025-12-15 01:23:40.345,SERVO_OUTPUT_RAW,2975512135,SERVO_OUTPUT_RAW,0,0,0,0,0,0,0,0,1000,1000,1000,1000,0,0,0,0,0
2025-12-15 01:23:40.445,SERVO_OUTPUT_RAW,2975609821,SERVO_OUTPUT_RAW,0,0,0,0,0,0,0,0,1000,1000,1000,1000,0,0,0,0,0
2025-12-15 01:23:40.545,SERVO_OUTPUT_RAW,2975709810,SERVO_OUTPUT_RAW,0,0,0,0,0,0,0,0,1000,1000,1000,1000,0,0,0,0,0
2025-12-15 01:23:40.645,SERVO_OUTPUT_RAW,2975809834,SERVO_OUTPUT_RAW,0,0,0,0,0,0,0,0,1000,1000,1000,1000,0,0,0,0,0
2025-12-15 01:23:40.745,SERVO_OUTPUT_RAW,2975909847,SERVO_OUTPUT_RAW,0,0,0,0,0,0,0,0,1000,1000,1000,1000,0,0,0,0,0
2025-12-15 01:23:40.845,SERVO_OUTPUT_RAW,2976009781,SERVO_OUTPUT_RAW,0,0,0,0,0,0,0,0,1000,1000,1000,1000,0,0,0,0,0
2025-12-15 01:23:40.945,SERVO_OUTPUT_RAW,2976109808,SERVO_OUTPUT_RAW,0,0,0,0,0,0,0,0,1000,1000,1000,1000,0,0,0,0,0
2025-12-15 01:23:41.045,SERVO_OUTPUT_RAW,2976209811,SERVO_OUTPUT_RAW,0,0,0,0,0,0,0,0,1000,1000,1000,1000,0,0,0,0,0
2025-12-15 01:23:41.145,SERVO_OUTPUT_RAW,2976309798,SERVO_OUTPUT_RAW,0,0,0,0,0,0,0,0,1000,1000,1000,1000,0,0,0,0,0
2025-12-15 01:23:41.245,SERVO_OUTPUT_RAW,2976409787,SERVO_OUTPUT_RAW,0,0,0,0,0,0,0,0,1000,1000,1000,1000,0,0,0,0,0
2025-12-15 01:23:41.345,SERVO_OUTPUT_RAW,2976509796,SERVO_OUTPUT_RAW,0,0,0,0,0,0,0,0,1000,1000,1000,1000,0,0,0,0,0
2025-12-15 01:23:41.445,SERVO_OUTPUT_RAW,2976609784,SERVO_OUTPUT_RAW,0,0,0,0,0,0,0,0,1000,1000,1000,1000,0,0,0,0,0
2025-12-15 01:23:41.545,SERVO_OUTPUT_RAW,2976709786,SERVO_OUTPUT_RAW,0,0,0,0,0,0,0,0,1000,1000,1000,1000,0,0,0,0,0
2025-12-15 01:23:41.645,SERVO_OUTPUT_RAW,2976809813,SERVO_OUTPUT_RAW,0,0,0,0,0,0,0,0,1000,1000,1000,1000,0,0,0,0,0
2025-12-15 01:23:41.745,SERVO_OUTPUT_RAW,2976912136,SERVO_OUTPUT_RAW,0,0,0,0,0,0,0,0,1000,1000,1000,1000,0,0,0,0,0
2025-12-15 01:23:41.845,SERVO_OUTPUT_RAW,2977009833,SERVO_OUTPUT_RAW,0,0,0,0,0,0,0,0,1000,1000,1000,1000,0,0,0,0,0
2025-12-15 01:23:41.945,SERVO_OUTPUT_RAW,2977109810,SERVO_OUTPUT_RAW,0,0,0,0,0,0,0,0,1000,1000,1000,1000,0,0,0,0,0
2025-12-15 01:23:42.045,SERVO_OUTPUT_RAW,2977209786,SERVO_OUTPUT_RAW,0,0,0,0,0,0,0,0,1000,1000,1000,1000,0,0,0,0,0
2025-12-15 01:23:42.145,SERVO_OUTPUT_RAW,2977309807,SERVO_OUTPUT_RAW,0,0,0,0,0,0,0,0,1000,1000,1000,1000,0,0,0,0,0
2025-12-15 01:23:42.245,SERVO_OUTPUT_RAW,2977409884,SERVO_OUTPUT_RAW,0,0,0,0,0,0,0,0,1000,1000,1000,1000,0,0,0,0,0
2025-12-15 01:23:42.345,SERVO_OUTPUT_RAW,2977509824,SERVO_OUTPUT_RAW,0,0,0,0,0,0,0,0,1000,1000,1000,1000,0,0,0,0,0
2025-12-15 01:23:42.446,SERVO_OUTPUT_RAW,2977609780,SERVO_OUTPUT_RAW,0,0,0,0,0,0,0,0,1000,1000,1000,1000,0,0,0,0,0
2025-12-15 01:23:42.545,SERVO_OUTPUT_RAW,2977709930,SERVO_OUTPUT_RAW,0,0,0,0,0,0,0,0,1000,1000,1000,1000,0,0,0,0,0
2025-12-15 01:23:42.645,SERVO_OUTPUT_RAW,2977809817,SERVO_OUTPUT_RAW,0,0,0,0,0,0,0,0,1000,1000,1000,1000,0,0,0,0,0
2025-12-15 01:23:42.746,SERVO_OUTPUT_RAW,2977909775,SERVO_OUTPUT_RAW,0,0,0,0,0,0,0,0,1000,1000,1000,1000,0,0,0,0,0
2025-12-15 01:23:42.846,SERVO_OUTPUT_RAW,2978009795,SERVO_OUTPUT_RAW,0,0,0,0,0,0,0,0,1000,1000,1000,1000,0,0,0,0,0
2025-12-15 01:23:42.945,SERVO_OUTPUT_RAW,2978109783,SERVO_OUTPUT_RAW,0,0,0,0,0,0,0,0,1000,1000,1000,1000,0,0,0,0,0
2025-12-15 01:23:43.044,SERVO_OUTPUT_RAW,2978209787,SERVO_OUTPUT_RAW,0,0,0,0,0,0,0,0,1000,1000,1000,1000,0,0,0,0,0
2025-12-15 01:23:43.144,SERVO_OUTPUT_RAW,2978309795,SERVO_OUTPUT_RAW,0,0,0,0,0,0,0,0,1000,1000,1000,1000,0,0,0,0,0
2025-12-15 01:23:43.244,SERVO_OUTPUT_RAW,2978412127,SERVO_OUTPUT_RAW,0,0,0,0,0,0,0,0,1000,1000,1000,1000,0,0,0,0,0
2025-12-15 01:23:43.344,SERVO_OUTPUT_RAW,2978509844,SERVO_OUTPUT_RAW,0,0,0,0,0,0,0,0,1000,1000,1000,1000,0,0,0,0,0
2025-12-15 01:23:43.444,SERVO_OUTPUT_RAW,2978609848,SERVO_OUTPUT_RAW,0,0,0,0,0,0,0,0,1000,1000,1000,1000,0,0,0,0,0
2025-12-15 01:23:43.544,SERVO_OUTPUT_RAW,2978709804,SERVO_OUTPUT_RAW,0,0,0,0,0,0,0,0,1000,1000,1000,1000,0,0,0,0,0
2025-12-15 01:23:43.644,SERVO_OUTPUT_RAW,2978809871,SERVO_OUTPUT_RAW,0,0,0,0,0,0,0,0,1000,1000,1000,1000,0,0,0,0,0
2025-12-15 01:23:43.744,SERVO_OUTPUT_RAW,2978909832,SERVO_OUTPUT_RAW,0,0,0,0,0,0,0,0,1000,1000,1000,1000,0,0,0,0,0
2025-12-15 01:23:43.844,SERVO_OUTPUT_RAW,2979009855,SERVO_OUTPUT_RAW,0,0,0,0,0,0,0,0,1000,1000,1000,1000,0,0,0,0,0
2025-12-15 01:23:43.944,SERVO_OUTPUT_RAW,2979109784,SERVO_OUTPUT_RAW,0,0,0,0,0,0,0,0,1000,1000,1000,1000,0,0,0,0,0
2025-12-15 01:23:44.044,SERVO_OUTPUT_RAW,2979209805,SERVO_OUTPUT_RAW,0,0,0,0,0,0,0,0,1000,1000,1000,1000,0,0,0,0,0
2025-12-15 01:23:44.145,SERVO_OUTPUT_RAW,2979309814,SERVO_OUTPUT_RAW,0,0,0,0,0,0,0,0,1000,1000,1000,1000,0,0,0,0,0
2025-12-15 01:23:44.244,SERVO_OUTPUT_RAW,2979409773,SERVO_OUTPUT_RAW,0,0,0,0,0,0,0,0,1000,1000,1000,1000,0,0,0,0,0
2025-12-15 01:23:44.345,SERVO_OUTPUT_RAW,2979509780,SERVO_OUTPUT_RAW,0,0,0,0,0,0,0,0,1000,1000,1000,1000,0,0,0,0,0
2025-12-15 01:23:44.444,SERVO_OUTPUT_RAW,2979609786,SERVO_OUTPUT_RAW,0,0,0,0,0,0,0,0,1000,1000,1000,1000,0,0,0,0,0
2025-12-15 01:23:44.544,SERVO_OUTPUT_RAW,2979709787,SERVO_OUTPUT_RAW,0,0,0,0,0,0,0,0,1000,1000,1000,1000,0,0,0,0,0
2025-12-15 01:23:44.645,SERVO_OUTPUT_RAW,2979809845,SERVO_OUTPUT_RAW,0,0,0,0,0,0,0,0,1000,1000,1000,1000,0,0,0,0,0
2025-12-15 01:23:44.745,SERVO_OUTPUT_RAW,2979909793,SERVO_OUTPUT_RAW,0,0,0,0,0,0,0,0,1000,1000,1000,1000,0,0,0,0,0
2025-12-15 01:23:44.845,SERVO_OUTPUT_RAW,2980009817,SERVO_OUTPUT_RAW,0,0,0,0,0,0,0,0,1000,1000,1000,1000,0,0,0,0,0
2025-12-15 01:23:44.945,SERVO_OUTPUT_RAW,2980109843,SERVO_OUTPUT_RAW,0,0,0,0,0,0,0,0,1000,1000,1000,1000,0,0,0,0,0
2025-12-15 01:23:45.045,SERVO_OUTPUT_RAW,2980209807,SERVO_OUTPUT_RAW,0,0,0,0,0,0,0,0,1000,1000,1000,1000,0,0,0,0,0
2025-12-15 01:23:45.145,SERVO_OUTPUT_RAW,2980309820,SERVO_OUTPUT_RAW,0,0,0,0,0,0,0,0,1000,1000,1000,1000,0,0,0,0,0
2025-12-15 01:23:45.245,SERVO_OUTPUT_RAW,2980409819,SERVO_OUTPUT_RAW,0,0,0,0,0,0,0,0,1000,1000,1000,1000,0,0,0,0,0
2025-12-15 01:23:45.345,SERVO_OUTPUT_RAW,2980509837,SERVO_OUTPUT_RAW,0,0,0,0,0,0,0,0,1000,1000,1000,1000,0,0,0,0,0
2025-12-15 01:23:45.445,SERVO_OUTPUT_RAW,2980609816,SERVO_OUTPUT_RAW,0,0,0,0,0,0,0,0,1000,1000,1000,1000,0,0,0,0,0
2025-12-15 01:23:45.545,SERVO_OUTPUT_RAW,2980709785,SERVO_OUTPUT_RAW,0,0,0,0,0,0,0,0,1000,1000,1000,1000,0,0,0,0,0
2025-12-15 01:23:45.645,SERVO_OUTPUT_RAW,2980809820,SERVO_OUTPUT_RAW,0,0,0,0,0,0,0,0,1000,1000,1000,1000,0,0,0,0,0
2025-12-15 01:23:45.745,SERVO_OUTPUT_RAW,2980909847,SERVO_OUTPUT_RAW,0,0,0,0,0,0,0,0,1000,1000,1000,1000,0,0,0,0,0
2025-12-15 01:23:45.845,SERVO_OUTPUT_RAW,2981009829,SERVO_OUTPUT_RAW,0,0,0,0,0,0,0,0,1000,1000,1000,1000,0,0,0,0,0
2025-12-15 01:23:45.945,SERVO_OUTPUT_RAW,2981109782,SERVO_OUTPUT_RAW,0,0,0,0,0,0,0,0,1000,1000,1000,1000,0,0,0,0,0
2025-12-15 01:23:46.045,SERVO_OUTPUT_RAW,2981209795,SERVO_OUTPUT_RAW,0,0,0,0,0,0,0,0,1000,1000,1000,1000,0,0,0,0,0
2025-12-15 01:23:46.145,SERVO_OUTPUT_RAW,2981309823,SERVO_OUTPUT_RAW,0,0,0,0,0,0,0,0,1000,1000,1000,1000,0,0,0,0,0
2025-12-15 01:23:46.245,SERVO_OUTPUT_RAW,2981409780,SERVO_OUTPUT_RAW,0,0,0,0,0,0,0,0,1000,1000,1000,1000,0,0,0,0,0
2025-12-15 01:23:46.345,SERVO_OUTPUT_RAW,2981509793,SERVO_OUTPUT_RAW,0,0,0,0,0,0,0,0,1000,1000,1000,1000,0,0,0,0,0
2025-12-15 01:23:46.445,SERVO_OUTPUT_RAW,2981609832,SERVO_OUTPUT_RAW,0,0,0,0,0,0,0,0,1000,1000,1000,1000,0,0,0,0,0
2025-12-15 01:23:46.545,SERVO_OUTPUT_RAW,2981709837,SERVO_OUTPUT_RAW,0,0,0,0,0,0,0,0,1000,1000,1000,1000,0,0,0,0,0
2025-12-15 01:23:46.645,SERVO_OUTPUT_RAW,2981809864,SERVO_OUTPUT_RAW,0,0,0,0,0,0,0,0,1000,1000,1000,1000,0,0,0,0,0
2025-12-15 01:23:46.745,SERVO_OUTPUT_RAW,2981912088,SERVO_OUTPUT_RAW,0,0,0,0,0,0,0,0,1000,1000,1000,1000,0,0,0,0,0
2025-12-15 01:23:46.845,SERVO_OUTPUT_RAW,2982009815,SERVO_OUTPUT_RAW,0,0,0,0,0,0,0,0,1000,1000,1000,1000,0,0,0,0,0
2025-12-15 01:23:46.945,SERVO_OUTPUT_RAW,2982109836,SERVO_OUTPUT_RAW,0,0,0,0,0,0,0,0,1000,1000,1000,1000,0,0,0,0,0
2025-12-15 01:23:47.045,SERVO_OUTPUT_RAW,2982209781,SERVO_OUTPUT_RAW,0,0,0,0,0,0,0,0,1000,1000,1000,1000,0,0,0,0,0
2025-12-15 01:23:47.145,SERVO_OUTPUT_RAW,2982309801,SERVO_OUTPUT_RAW,0,0,0,0,0,0,0,0,1000,1000,1000,1000,0,0,0,0,0
2025-12-15 01:23:47.245,SERVO_OUTPUT_RAW,2982409823,SERVO_OUTPUT_RAW,0,0,0,0,0,0,0,0,1000,1000,1000,1000,0,0,0,0,0
2025-12-15 01:23:47.345,SERVO_OUTPUT_RAW,2982509813,SERVO_OUTPUT_RAW,0,0,0,0,0,0,0,0,1000,1000,1000,1000,0,0,0,0,0
2025-12-15 01:23:47.446,SERVO_OUTPUT_RAW,2982609788,SERVO_OUTPUT_RAW,0,0,0,0,0,0,0,0,1000,1000,1000,1000,0,0,0,0,0
2025-12-15 01:23:47.545,SERVO_OUTPUT_RAW,2982709782,SERVO_OUTPUT_RAW,0,0,0,0,0,0,0,0,1000,1000,1000,1000,0,0,0,0,0
2025-12-15 01:23:47.645,SERVO_OUTPUT_RAW,2982809806,SERVO_OUTPUT_RAW,0,0,0,0,0,0,0,0,1000,1000,1000,1000,0,0,0,0,0
2025-12-15 01:23:47.745,SERVO_OUTPUT_RAW,2982909798,SERVO_OUTPUT_RAW,0,0,0,0,0,0,0,0,1000,1000,1000,1000,0,0,0,0,0
2025-12-15 01:23:47.845,SERVO_OUTPUT_RAW,2983009797,SERVO_OUTPUT_RAW,0,0,0,0,0,0,0,0,1000,1000,1000,1000,0,0,0,0,0
2025-12-15 01:23:47.945,SERVO_OUTPUT_RAW,2983109809,SERVO_OUTPUT_RAW,0,0,0,0,0,0,0,0,1000,1000,1000,1000,0,0,0,0,0
2025-12-15 01:23:48.045,SERVO_OUTPUT_RAW,2983209865,SERVO_OUTPUT_RAW,0,0,0,0,0,0,0,0,1000,1000,1000,1000,0,0,0,0,0
2025-12-15 01:23:48.146,SERVO_OUTPUT_RAW,2983309816,SERVO_OUTPUT_RAW,0,0,0,0,0,0,0,0,1000,1000,1000,1000,0,0,0,0,0
2025-12-15 01:23:48.246,SERVO_OUTPUT_RAW,2983409792,SERVO_OUTPUT_RAW,0,0,0,0,0,0,0,0,1000,1000,1000,1000,0,0,0,0,0
2025-12-15 01:23:48.345,SERVO_OUTPUT_RAW,2983509803,SERVO_OUTPUT_RAW,0,0,0,0,0,0,0,0,1000,1000,1000,1000,0,0,0,0,0
2025-12-15 01:23:48.445,SERVO_OUTPUT_RAW,2983609838,SERVO_OUTPUT_RAW,0,0,0,0,0,0,0,0,1000,1000,1000,1000,0,0,0,0,0
2025-12-15 01:23:48.545,SERVO_OUTPUT_RAW,2983709855,SERVO_OUTPUT_RAW,0,0,0,0,0,0,0,0,1000,1000,1000,1000,0,0,0,0,0
2025-12-15 01:23:48.645,SERVO_OUTPUT_RAW,2983809797,SERVO_OUTPUT_RAW,0,0,0,0,0,0,0,0,1000,1000,1000,1000,0,0,0,0,0
2025-12-15 01:23:48.745,SERVO_OUTPUT_RAW,2983909813,SERVO_OUTPUT_RAW,0,0,0,0,0,0,0,0,1000,1000,1000,1000,0,0,0,0,0
2025-12-15 01:23:48.845,SERVO_OUTPUT_RAW,2984009945,SERVO_OUTPUT_RAW,0,0,0,0,0,0,0,0,1000,1000,1000,1000,0,0,0,0,0
2025-12-15 01:23:48.945,SERVO_OUTPUT_RAW,2984109818,SERVO_OUTPUT_RAW,0,0,0,0,0,0,0,0,1000,1000,1000,1000,0,0,0,0,0
2025-12-15 01:23:49.045,SERVO_OUTPUT_RAW,2984209814,SERVO_OUTPUT_RAW,0,0,0,0,0,0,0,0,1000,1000,1000,1000,0,0,0,0,0
2025-12-15 01:23:49.145,SERVO_OUTPUT_RAW,2984309802,SERVO_OUTPUT_RAW,0,0,0,0,0,0,0,0,1000,1000,1000,1000,0,0,0,0,0
2025-12-15 01:23:49.245,SERVO_OUTPUT_RAW,2984409787,SERVO_OUTPUT_RAW,0,0,0,0,0,0,0,0,1000,1000,1000,1000,0,0,0,0,0
2025-12-15 01:23:49.345,SERVO_OUTPUT_RAW,2984509798,SERVO_OUTPUT_RAW,0,0,0,0,0,0,0,0,1000,1000,1000,1000,0,0,0,0,0
2025-12-15 01:23:49.445,SERVO_OUTPUT_RAW,2984609793,SERVO_OUTPUT_RAW,0,0,0,0,0,0,0,0,1000,1000,1000,1000,0,0,0,0,0
2025-12-15 01:23:49.545,SERVO_OUTPUT_RAW,2984709818,SERVO_OUTPUT_RAW,0,0,0,0,0,0,0,0,1000,1000,1000,1000,0,0,0,0,0
2025-12-15 01:23:49.645,SERVO_OUTPUT_RAW,2984809840,SERVO_OUTPUT_RAW,0,0,0,0,0,0,0,0,1000,1000,1000,1000,0,0,0,0,0
2025-12-15 01:23:49.745,SERVO_OUTPUT_RAW,2984909802,SERVO_OUTPUT_RAW,0,0,0,0,0,0,0,0,1000,1000,1000,1000,0,0,0,0,0
2025-12-15 01:23:49.845,SERVO_OUTPUT_RAW,2985009820,SERVO_OUTPUT_RAW,0,0,0,0,0,0,0,0,1000,1000,1000,1000,0,0,0,0,0
2025-12-15 01:23:49.946,SERVO_OUTPUT_RAW,2985109812,SERVO_OUTPUT_RAW,0,0,0,0,0,0,0,0,1000,1000,1000,1000,0,0,0,0,0
2025-12-15 01:23:50.045,SERVO_OUTPUT_RAW,2985209850,SERVO_OUTPUT_RAW,0,0,0,0,0,0,0,0,1000,1000,1000,1000,0,0,0,0,0
2025-12-15 01:23:50.145,SERVO_OUTPUT_RAW,2985309855,SERVO_OUTPUT_RAW,0,0,0,0,0,0,0,0,1000,1000,1000,1000,0,0,0,0,0
2025-12-15 01:23:50.245,SERVO_OUTPUT_RAW,2985409785,SERVO_OUTPUT_RAW,0,0,0,0,0,0,0,0,1000,1000,1000,1000,0,0,0,0,0
2025-12-15 01:23:50.345,SERVO_OUTPUT_RAW,2985509825,SERVO_OUTPUT_RAW,0,0,0,0,0,0,0,0,1000,1000,1000,1000,0,0,0,0,0
2025-12-15 01:23:50.446,SERVO_OUTPUT_RAW,2985609824,SERVO_OUTPUT_RAW,0,0,0,0,0,0,0,0,1000,1000,1000,1000,0,0,0,0,0
2025-12-15 01:23:50.545,SERVO_OUTPUT_RAW,2985709790,SERVO_OUTPUT_RAW,0,0,0,0,0,0,0,0,1000,1000,1000,1000,0,0,0,0,0
2025-12-15 01:23:50.645,SERVO_OUTPUT_RAW,2985809867,SERVO_OUTPUT_RAW,0,0,0,0,0,0,0,0,1000,1000,1000,1000,0,0,0,0,0
2025-12-15 01:23:50.745,SERVO_OUTPUT_RAW,2985909787,SERVO_OUTPUT_RAW,0,0,0,0,0,0,0,0,1000,1000,1000,1000,0,0,0,0,0
2025-12-15 01:23:50.846,SERVO_OUTPUT_RAW,2986009780,SERVO_OUTPUT_RAW,0,0,0,0,0,0,0,0,1000,1000,1000,1000,0,0,0,0,0
2025-12-15 01:23:50.945,SERVO_OUTPUT_RAW,2986112138,SERVO_OUTPUT_RAW,0,0,0,0,0,0,0,0,1000,1000,1000,1000,0,0,0,0,0
2025-12-15 01:23:51.046,SERVO_OUTPUT_RAW,2986209795,SERVO_OUTPUT_RAW,0,0,0,0,0,0,0,0,1000,1000,1000,1000,0,0,0,0,0
2025-12-15 01:23:51.146,SERVO_OUTPUT_RAW,2986309842,SERVO_OUTPUT_RAW,0,0,0,0,0,0,0,0,1000,1000,1000,1000,0,0,0,0,0
2025-12-15 01:23:51.245,SERVO_OUTPUT_RAW,2986412147,SERVO_OUTPUT_RAW,0,0,0,0,0,0,0,0,1000,1000,1000,1000,0,0,0,0,0
2025-12-15 01:23:51.345,SERVO_OUTPUT_RAW,2986509806,SERVO_OUTPUT_RAW,0,0,0,0,0,0,0,0,1000,1000,1000,1000,0,0,0,0,0
2025-12-15 01:23:51.445,SERVO_OUTPUT_RAW,2986609808,SERVO_OUTPUT_RAW,0,0,0,0,0,0,0,0,1000,1000,1000,1000,0,0,0,0,0
2025-12-15 01:23:51.545,SERVO_OUTPUT_RAW,2986709857,SERVO_OUTPUT_RAW,0,0,0,0,0,0,0,0,1000,1000,1000,1000,0,0,0,0,0
2025-12-15 01:23:51.645,SERVO_OUTPUT_RAW,2986809847,SERVO_OUTPUT_RAW,0,0,0,0,0,0,0,0,1000,1000,1000,1000,0,0,0,0,0
2025-12-15 01:23:51.745,SERVO_OUTPUT_RAW,2986909818,SERVO_OUTPUT_RAW,0,0,0,0,0,0,0,0,1000,1000,1000,1000,0,0,0,0,0
2025-12-15 01:23:51.846,SERVO_OUTPUT_RAW,2987009787,SERVO_OUTPUT_RAW,0,0,0,0,0,0,0,0,1000,1000,1000,1000,0,0,0,0,0
2025-12-15 01:23:51.945,SERVO_OUTPUT_RAW,2987109837,SERVO_OUTPUT_RAW,0,0,0,0,0,0,0,0,1000,1000,1000,1000,0,0,0,0,0
2025-12-15 01:23:52.046,SERVO_OUTPUT_RAW,2987209820,SERVO_OUTPUT_RAW,0,0,0,0,0,0,0,0,1000,1000,1000,1000,0,0,0,0,0
2025-12-15 01:23:52.146,SERVO_OUTPUT_RAW,2987309795,SERVO_OUTPUT_RAW,0,0,0,0,0,0,0,0,1000,1000,1000,1000,0,0,0,0,0
2025-12-15 01:23:52.246,SERVO_OUTPUT_RAW,2987409790,SERVO_OUTPUT_RAW,0,0,0,0,0,0,0,0,1000,1000,1000,1000,0,0,0,0,0
2025-12-15 01:23:52.346,SERVO_OUTPUT_RAW,2987509782,SERVO_OUTPUT_RAW,0,0,0,0,0,0,0,0,1000,1000,1000,1000,0,0,0,0,0
2025-12-15 01:23:52.445,SERVO_OUTPUT_RAW,2987609782,SERVO_OUTPUT_RAW,0,0,0,0,0,0,0,0,1000,1000,1000,1000,0,0,0,0,0
2025-12-15 01:23:52.545,SERVO_OUTPUT_RAW,2987709784,SERVO_OUTPUT_RAW,0,0,0,0,0,0,0,0,1000,1000,1000,1000,0,0,0,0,0
2025-12-15 01:23:52.644,SERVO_OUTPUT_RAW,2987809808,SERVO_OUTPUT_RAW,0,0,0,0,0,0,0,0,1000,1000,1000,1000,0,0,0,0,0
2025-12-15 01:23:52.745,SERVO_OUTPUT_RAW,2987909826,SERVO_OUTPUT_RAW,0,0,0,0,0,0,0,0,1000,1000,1000,1000,0,0,0,0,0
2025-12-15 01:23:52.845,SERVO_OUTPUT_RAW,2988009847,SERVO_OUTPUT_RAW,0,0,0,0,0,0,0,0,1000,1000,1000,1000,0,0,0,0,0
2025-12-15 01:23:52.945,SERVO_OUTPUT_RAW,2988109786,SERVO_OUTPUT_RAW,0,0,0,0,0,0,0,0,1000,1000,1000,1000,0,0,0,0,0
2025-12-15 01:23:53.046,SERVO_OUTPUT_RAW,2988209819,SERVO_OUTPUT_RAW,0,0,0,0,0,0,0,0,1000,1000,1000,1000,0,0,0,0,0
2025-12-15 01:23:53.146,SERVO_OUTPUT_RAW,2988309856,SERVO_OUTPUT_RAW,0,0,0,0,0,0,0,0,1000,1000,1000,1000,0,0,0,0,0
2025-12-15 01:23:53.245,SERVO_OUTPUT_RAW,2988409838,SERVO_OUTPUT_RAW,0,0,0,0,0,0,0,0,1000,1000,1000,1000,0,0,0,0,0
2025-12-15 01:23:53.346,SERVO_OUTPUT_RAW,2988509790,SERVO_OUTPUT_RAW,0,0,0,0,0,0,0,0,1000,1000,1000,1000,0,0,0,0,0
2025-12-15 01:23:53.445,SERVO_OUTPUT_RAW,2988609811,SERVO_OUTPUT_RAW,0,0,0,0,0,0,0,0,1000,1000,1000,1000,0,0,0,0,0
2025-12-15 01:23:53.545,SERVO_OUTPUT_RAW,2988709824,SERVO_OUTPUT_RAW,0,0,0,0,0,0,0,0,1000,1000,1000,1000,0,0,0,0,0
2025-12-15 01:23:53.645,SERVO_OUTPUT_RAW,2988809823,SERVO_OUTPUT_RAW,0,0,0,0,0,0,0,0,1000,1000,1000,1000,0,0,0,0,0
2025-12-15 01:23:53.745,SERVO_OUTPUT_RAW,2988909783,SERVO_OUTPUT_RAW,0,0,0,0,0,0,0,0,1000,1000,1000,1000,0,0,0,0,0
2025-12-15 01:23:53.845,SERVO_OUTPUT_RAW,2989009796,SERVO_OUTPUT_RAW,0,0,0,0,0,0,0,0,1000,1000,1000,1000,0,0,0,0,0
2025-12-15 01:23:53.945,SERVO_OUTPUT_RAW,2989109806,SERVO_OUTPUT_RAW,0,0,0,0,0,0,0,0,1000,1000,1000,1000,0,0,0,0,0
2025-12-15 01:23:54.045,SERVO_OUTPUT_RAW,2989209772,SERVO_OUTPUT_RAW,0,0,0,0,0,0,0,0,1000,1000,1000,1000,0,0,0,0,0
2025-12-15 01:23:54.145,SERVO_OUTPUT_RAW,2989309816,SERVO_OUTPUT_RAW,0,0,0,0,0,0,0,0,1000,1000,1000,1000,0,0,0,0,0
2025-12-15 01:23:54.245,SERVO_OUTPUT_RAW,2989409815,SERVO_OUTPUT_RAW,0,0,0,0,0,0,0,0,1000,1000,1000,1000,0,0,0,0,0
2025-12-15 01:23:54.345,SERVO_OUTPUT_RAW,2989509781,SERVO_OUTPUT_RAW,0,0,0,0,0,0,0,0,1000,1000,1000,1000,0,0,0,0,0
2025-12-15 01:23:54.445,SERVO_OUTPUT_RAW,2989609800,SERVO_OUTPUT_RAW,0,0,0,0,0,0,0,0,1000,1000,1000,1000,0,0,0,0,0
2025-12-15 01:23:54.545,SERVO_OUTPUT_RAW,2989709784,SERVO_OUTPUT_RAW,0,0,0,0,0,0,0,0,1000,1000,1000,1000,0,0,0,0,0
2025-12-15 01:23:54.645,SERVO_OUTPUT_RAW,2989809847,SERVO_OUTPUT_RAW,0,0,0,0,0,0,0,0,1000,1000,1000,1000,0,0,0,0,0
2025-12-15 01:23:54.745,SERVO_OUTPUT_RAW,2989909849,SERVO_OUTPUT_RAW,0,0,0,0,0,0,0,0,1000,1000,1000,1000,0,0,0,0,0
2025-12-15 01:23:54.845,SERVO_OUTPUT_RAW,2990009916,SERVO_OUTPUT_RAW,0,0,0,0,0,0,0,0,1000,1000,1000,1000,0,0,0,0,0
2025-12-15 01:23:54.950,SERVO_OUTPUT_RAW,2990109791,SERVO_OUTPUT_RAW,0,0,0,0,0,0,0,0,1000,1000,1000,1000,0,0,0,0,0
2025-12-15 01:23:55.046,SERVO_OUTPUT_RAW,2990209817,SERVO_OUTPUT_RAW,0,0,0,0,0,0,0,0,1000,1000,1000,1000,0,0,0,0,0
2025-12-15 01:23:55.145,SERVO_OUTPUT_RAW,2990309878,SERVO_OUTPUT_RAW,0,0,0,0,0,0,0,0,1000,1000,1000,1000,0,0,0,0,0
2025-12-15 01:23:55.245,SERVO_OUTPUT_RAW,2990409788,SERVO_OUTPUT_RAW,0,0,0,0,0,0,0,0,1000,1000,1000,1000,0,0,0,0,0
2025-12-15 01:23:55.345,SERVO_OUTPUT_RAW,2990509776,SERVO_OUTPUT_RAW,0,0,0,0,0,0,0,0,1000,1000,1000,1000,0,0,0,0,0
2025-12-15 01:23:55.445,SERVO_OUTPUT_RAW,2990609780,SERVO_OUTPUT_RAW,0,0,0,0,0,0,0,0,1000,1000,1000,1000,0,0,0,0,0
2025-12-15 01:23:55.545,SERVO_OUTPUT_RAW,2990709784,SERVO_OUTPUT_RAW,0,0,0,0,0,0,0,0,1000,1000,1000,1000,0,0,0,0,0
2025-12-15 01:23:55.645,SERVO_OUTPUT_RAW,2990809782,SERVO_OUTPUT_RAW,0,0,0,0,0,0,0,0,1000,1000,1000,1000,0,0,0,0,0
2025-12-15 01:23:55.745,SERVO_OUTPUT_RAW,2990909812,SERVO_OUTPUT_RAW,0,0,0,0,0,0,0,0,1000,1000,1000,1000,0,0,0,0,0
2025-12-15 01:23:55.845,SERVO_OUTPUT_RAW,2991012156,SERVO_OUTPUT_RAW,0,0,0,0,0,0,0,0,1000,1000,1000,1000,0,0,0,0,0
2025-12-15 01:23:55.945,SERVO_OUTPUT_RAW,2991109853,SERVO_OUTPUT_RAW,0,0,0,0,0,0,0,0,1000,1000,1000,1000,0,0,0,0,0
2025-12-15 01:23:56.045,SERVO_OUTPUT_RAW,2991209813,SERVO_OUTPUT_RAW,0,0,0,0,0,0,0,0,1000,1000,1000,1000,0,0,0,0,0
2025-12-15 01:23:56.145,SERVO_OUTPUT_RAW,2991309823,SERVO_OUTPUT_RAW,0,0,0,0,0,0,0,0,1000,1000,1000,1000,0,0,0,0,0
2025-12-15 01:23:56.245,SERVO_OUTPUT_RAW,2991409827,SERVO_OUTPUT_RAW,0,0,0,0,0,0,0,0,1000,1000,1000,1000,0,0,0,0,0
2025-12-15 01:23:56.345,SERVO_OUTPUT_RAW,2991509843,SERVO_OUTPUT_RAW,0,0,0,0,0,0,0,0,1000,1000,1000,1000,0,0,0,0,0
2025-12-15 01:23:56.445,SERVO_OUTPUT_RAW,2991609820,SERVO_OUTPUT_RAW,0,0,0,0,0,0,0,0,1000,1000,1000,1000,0,0,0,0,0
2025-12-15 01:23:56.545,SERVO_OUTPUT_RAW,2991709794,SERVO_OUTPUT_RAW,0,0,0,0,0,0,0,0,1000,1000,1000,1000,0,0,0,0,0
2025-12-15 01:23:56.646,SERVO_OUTPUT_RAW,2991809839,SERVO_OUTPUT_RAW,0,0,0,0,0,0,0,0,1000,1000,1000,1000,0,0,0,0,0
2025-12-15 01:23:56.745,SERVO_OUTPUT_RAW,2991909830,SERVO_OUTPUT_RAW,0,0,0,0,0,0,0,0,1000,1000,1000,1000,0,0,0,0,0
2025-12-15 01:23:56.845,SERVO_OUTPUT_RAW,2992009787,SERVO_OUTPUT_RAW,0,0,0,0,0,0,0,0,1000,1000,1000,1000,0,0,0,0,0
2025-12-15 01:23:56.945,SERVO_OUTPUT_RAW,2992109785,SERVO_OUTPUT_RAW,0,0,0,0,0,0,0,0,1000,1000,1000,1000,0,0,0,0,0
2025-12-15 01:23:57.045,SERVO_OUTPUT_RAW,2992209784,SERVO_OUTPUT_RAW,0,0,0,0,0,0,0,0,1000,1000,1000,1000,0,0,0,0,0
2025-12-15 01:23:57.145,SERVO_OUTPUT_RAW,2992309782,SERVO_OUTPUT_RAW,0,0,0,0,0,0,0,0,1000,1000,1000,1000,0,0,0,0,0
2025-12-15 01:23:57.245,SERVO_OUTPUT_RAW,2992412142,SERVO_OUTPUT_RAW,0,0,0,0,0,0,0,0,1000,1000,1000,1000,0,0,0,0,0
2025-12-15 01:23:57.345,SERVO_OUTPUT_RAW,2992509821,SERVO_OUTPUT_RAW,0,0,0,0,0,0,0,0,1000,1000,1000,1000,0,0,0,0,0
2025-12-15 01:23:57.449,SERVO_OUTPUT_RAW,2992609789,SERVO_OUTPUT_RAW,0,0,0,0,0,0,0,0,1000,1000,1000,1000,0,0,0,0,0
2025-12-15 01:23:57.545,SERVO_OUTPUT_RAW,2992712143,SERVO_OUTPUT_RAW,0,0,0,0,0,0,0,0,1000,1000,1000,1000,0,0,0,0,0
2025-12-15 01:23:57.645,SERVO_OUTPUT_RAW,2992809812,SERVO_OUTPUT_RAW,0,0,0,0,0,0,0,0,1000,1000,1000,1000,0,0,0,0,0
2025-12-15 01:23:57.746,SERVO_OUTPUT_RAW,2992909854,SERVO_OUTPUT_RAW,0,0,0,0,0,0,0,0,1000,1000,1000,1000,0,0,0,0,0
2025-12-15 01:23:57.845,SERVO_OUTPUT_RAW,2993009842,SERVO_OUTPUT_RAW,0,0,0,0,0,0,0,0,1000,1000,1000,1000,0,0,0,0,0
2025-12-15 01:23:57.945,SERVO_OUTPUT_RAW,2993109843,SERVO_OUTPUT_RAW,0,0,0,0,0,0,0,0,1000,1000,1000,1000,0,0,0,0,0
2025-12-15 01:23:58.045,SERVO_OUTPUT_RAW,2993209789,SERVO_OUTPUT_RAW,0,0,0,0,0,0,0,0,1000,1000,1000,1000,0,0,0,0,0
2025-12-15 01:23:58.145,SERVO_OUTPUT_RAW,2993309814,SERVO_OUTPUT_RAW,0,0,0,0,0,0,0,0,1000,1000,1000,1000,0,0,0,0,0
2025-12-15 01:23:58.245,SERVO_OUTPUT_RAW,2993409819,SERVO_OUTPUT_RAW,0,0,0,0,0,0,0,0,1000,1000,1000,1000,0,0,0,0,0
2025-12-15 01:23:58.345,SERVO_OUTPUT_RAW,2993509777,SERVO_OUTPUT_RAW,0,0,0,0,0,0,0,0,1000,1000,1000,1000,0,0,0,0,0
2025-12-15 01:23:58.445,SERVO_OUTPUT_RAW,2993609790,SERVO_OUTPUT_RAW,0,0,0,0,0,0,0,0,1000,1000,1000,1000,0,0,0,0,0
2025-12-15 01:23:58.546,SERVO_OUTPUT_RAW,2993709801,SERVO_OUTPUT_RAW,0,0,0,0,0,0,0,0,1000,1000,1000,1000,0,0,0,0,0
2025-12-15 01:23:58.646,SERVO_OUTPUT_RAW,2993809791,SERVO_OUTPUT_RAW,0,0,0,0,0,0,0,0,1000,1000,1000,1000,0,0,0,0,0
2025-12-15 01:23:58.745,SERVO_OUTPUT_RAW,2993912102,SERVO_OUTPUT_RAW,0,0,0,0,0,0,0,0,1000,1000,1000,1000,0,0,0,0,0
2025-12-15 01:23:58.845,SERVO_OUTPUT_RAW,2994009788,SERVO_OUTPUT_RAW,0,0,0,0,0,0,0,0,1000,1000,1000,1000,0,0,0,0,0
2025-12-15 01:23:58.945,SERVO_OUTPUT_RAW,2994109834,SERVO_OUTPUT_RAW,0,0,0,0,0,0,0,0,1000,1000,1000,1000,0,0,0,0,0
2025-12-15 01:23:59.046,SERVO_OUTPUT_RAW,2994209850,SERVO_OUTPUT_RAW,0,0,0,0,0,0,0,0,1000,1000,1000,1000,0,0,0,0,0
2025-12-15 01:23:59.145,SERVO_OUTPUT_RAW,2994309784,SERVO_OUTPUT_RAW,0,0,0,0,0,0,0,0,1000,1000,1000,1000,0,0,0,0,0
2025-12-15 01:23:59.245,SERVO_OUTPUT_RAW,2994409805,SERVO_OUTPUT_RAW,0,0,0,0,0,0,0,0,1000,1000,1000,1000,0,0,0,0,0
2025-12-15 01:23:59.346,SERVO_OUTPUT_RAW,2994509845,SERVO_OUTPUT_RAW,0,0,0,0,0,0,0,0,1000,1000,1000,1000,0,0,0,0,0
2025-12-15 01:23:59.445,SERVO_OUTPUT_RAW,2994609838,SERVO_OUTPUT_RAW,0,0,0,0,0,0,0,0,1000,1000,1000,1000,0,0,0,0,0
2025-12-15 01:23:59.546,SERVO_OUTPUT_RAW,2994709814,SERVO_OUTPUT_RAW,0,0,0,0,0,0,0,0,1000,1000,1000,1000,0,0,0,0,0
2025-12-15 01:23:59.645,SERVO_OUTPUT_RAW,2994809805,SERVO_OUTPUT_RAW,0,0,0,0,0,0,0,0,1000,1000,1000,1000,0,0,0,0,0
2025-12-15 01:23:59.746,SERVO_OUTPUT_RAW,2994909806,SERVO_OUTPUT_RAW,0,0,0,0,0,0,0,0,1000,1000,1000,1000,0,0,0,0,0
2025-12-15 01:23:59.846,SERVO_OUTPUT_RAW,2995009812,SERVO_OUTPUT_RAW,0,0,0,0,0,0,0,0,1000,1000,1000,1000,0,0,0,0,0
2025-12-15 01:23:59.946,SERVO_OUTPUT_RAW,2995109843,SERVO_OUTPUT_RAW,0,0,0,0,0,0,0,0,1000,1000,1000,1000,0,0,0,0,0
2025-12-15 01:24:00.046,SERVO_OUTPUT_RAW,2995209797,SERVO_OUTPUT_RAW,0,0,0,0,0,0,0,0,1000,1000,1000,1000,0,0,0,0,0
2025-12-15 01:24:00.146,SERVO_OUTPUT_RAW,2995309789,SERVO_OUTPUT_RAW,0,0,0,0,0,0,0,0,1000,1000,1000,1000,0,0,0,0,0
2025-12-15 01:24:00.246,SERVO_OUTPUT_RAW,2995409811,SERVO_OUTPUT_RAW,0,0,0,0,0,0,0,0,1000,1000,1000,1000,0,0,0,0,0
2025-12-15 01:24:00.346,SERVO_OUTPUT_RAW,2995512105,SERVO_OUTPUT_RAW,0,0,0,0,0,0,0,0,1000,1000,1000,1000,0,0,0,0,0
2025-12-15 01:24:00.446,SERVO_OUTPUT_RAW,2995609818,SERVO_OUTPUT_RAW,0,0,0,0,0,0,0,0,1000,1000,1000,1000,0,0,0,0,0
2025-12-15 01:24:00.546,SERVO_OUTPUT_RAW,2995709784,SERVO_OUTPUT_RAW,0,0,0,0,0,0,0,0,1000,1000,1000,1000,0,0,0,0,0
2025-12-15 01:24:00.646,SERVO_OUTPUT_RAW,2995809857,SERVO_OUTPUT_RAW,0,0,0,0,0,0,0,0,1000,1000,1000,1000,0,0,0,0,0
2025-12-15 01:24:00.746,SERVO_OUTPUT_RAW,2995909779,SERVO_OUTPUT_RAW,0,0,0,0,0,0,0,0,1000,1000,1000,1000,0,0,0,0,0
2025-12-15 01:24:00.846,SERVO_OUTPUT_RAW,2996009806,SERVO_OUTPUT_RAW,0,0,0,0,0,0,0,0,1000,1000,1000,1000,0,0,0,0,0
2025-12-15 01:24:00.946,SERVO_OUTPUT_RAW,2996109837,SERVO_OUTPUT_RAW,0,0,0,0,0,0,0,0,1000,1000,1000,1000,0,0,0,0,0
2025-12-15 01:24:01.046,SERVO_OUTPUT_RAW,2996209856,SERVO_OUTPUT_RAW,0,0,0,0,0,0,0,0,1000,1000,1000,1000,0,0,0,0,0
2025-12-15 01:24:01.146,SERVO_OUTPUT_RAW,2996309797,SERVO_OUTPUT_RAW,0,0,0,0,0,0,0,0,1000,1000,1000,1000,0,0,0,0,0
2025-12-15 01:24:01.246,SERVO_OUTPUT_RAW,2996409802,SERVO_OUTPUT_RAW,0,0,0,0,0,0,0,0,1000,1000,1000,1000,0,0,0,0,0
2025-12-15 01:24:01.346,SERVO_OUTPUT_RAW,2996509817,SERVO_OUTPUT_RAW,0,0,0,0,0,0,0,0,1000,1000,1000,1000,0,0,0,0,0
2025-12-15 01:24:01.446,SERVO_OUTPUT_RAW,2996609874,SERVO_OUTPUT_RAW,0,0,0,0,0,0,0,0,1000,1000,1000,1000,0,0,0,0,0
2025-12-15 01:24:01.546,SERVO_OUTPUT_RAW,2996709800,SERVO_OUTPUT_RAW,0,0,0,0,0,0,0,0,1000,1000,1000,1000,0,0,0,0,0
2025-12-15 01:24:01.646,SERVO_OUTPUT_RAW,2996809800,SERVO_OUTPUT_RAW,0,0,0,0,0,0,0,0,1000,1000,1000,1000,0,0,0,0,0
2025-12-15 01:24:01.746,SERVO_OUTPUT_RAW,2996909787,SERVO_OUTPUT_RAW,0,0,0,0,0,0,0,0,1000,1000,1000,1000,0,0,0,0,0
2025-12-15 01:24:01.845,SERVO_OUTPUT_RAW,2997009780,SERVO_OUTPUT_RAW,0,0,0,0,0,0,0,0,1000,1000,1000,1000,0,0,0,0,0
2025-12-15 01:24:01.945,SERVO_OUTPUT_RAW,2997109781,SERVO_OUTPUT_RAW,0,0,0,0,0,0,0,0,1000,1000,1000,1000,0,0,0,0,0
2025-12-15 01:24:02.046,SERVO_OUTPUT_RAW,2997209846,SERVO_OUTPUT_RAW,0,0,0,0,0,0,0,0,1000,1000,1000,1000,0,0,0,0,0
2025-12-15 01:24:02.145,SERVO_OUTPUT_RAW,2997309826,SERVO_OUTPUT_RAW,0,0,0,0,0,0,0,0,1000,1000,1000,1000,0,0,0,0,0
2025-12-15 01:24:02.246,SERVO_OUTPUT_RAW,2997409814,SERVO_OUTPUT_RAW,0,0,0,0,0,0,0,0,1000,1000,1000,1000,0,0,0,0,0
2025-12-15 01:24:02.346,SERVO_OUTPUT_RAW,2997509790,SERVO_OUTPUT_RAW,0,0,0,0,0,0,0,0,1000,1000,1000,1000,0,0,0,0,0
2025-12-15 01:24:02.446,SERVO_OUTPUT_RAW,2997609814,SERVO_OUTPUT_RAW,0,0,0,0,0,0,0,0,1000,1000,1000,1000,0,0,0,0,0
2025-12-15 01:24:02.546,SERVO_OUTPUT_RAW,2997709849,SERVO_OUTPUT_RAW,0,0,0,0,0,0,0,0,1000,1000,1000,1000,0,0,0,0,0
2025-12-15 01:24:02.646,SERVO_OUTPUT_RAW,2997809855,SERVO_OUTPUT_RAW,0,0,0,0,0,0,0,0,1000,1000,1000,1000,0,0,0,0,0
2025-12-15 01:24:02.745,SERVO_OUTPUT_RAW,2997909780,SERVO_OUTPUT_RAW,0,0,0,0,0,0,0,0,1000,1000,1000,1000,0,0,0,0,0
2025-12-15 01:24:02.845,SERVO_OUTPUT_RAW,2998009808,SERVO_OUTPUT_RAW,0,0,0,0,0,0,0,0,1000,1000,1000,1000,0,0,0,0,0
2025-12-15 01:24:02.946,SERVO_OUTPUT_RAW,2998109825,SERVO_OUTPUT_RAW,0,0,0,0,0,0,0,0,1000,1000,1000,1000,0,0,0,0,0
2025-12-15 01:24:03.046,SERVO_OUTPUT_RAW,2998209783,SERVO_OUTPUT_RAW,0,0,0,0,0,0,0,0,1000,1000,1000,1000,0,0,0,0,0
2025-12-15 01:24:03.145,SERVO_OUTPUT_RAW,2998309774,SERVO_OUTPUT_RAW,0,0,0,0,0,0,0,0,1000,1000,1000,1000,0,0,0,0,0
2025-12-15 01:24:03.245,SERVO_OUTPUT_RAW,2998409804,SERVO_OUTPUT_RAW,0,0,0,0,0,0,0,0,1000,1000,1000,1000,0,0,0,0,0
2025-12-15 01:24:03.345,SERVO_OUTPUT_RAW,2998509789,SERVO_OUTPUT_RAW,0,0,0,0,0,0,0,0,1000,1000,1000,1000,0,0,0,0,0
2025-12-15 01:24:03.445,SERVO_OUTPUT_RAW,2998609794,SERVO_OUTPUT_RAW,0,0,0,0,0,0,0,0,1000,1000,1000,1000,0,0,0,0,0
2025-12-15 01:24:03.545,SERVO_OUTPUT_RAW,2998709885,SERVO_OUTPUT_RAW,0,0,0,0,0,0,0,0,1000,1000,1000,1000,0,0,0,0,0
2025-12-15 01:24:03.645,SERVO_OUTPUT_RAW,2998809837,SERVO_OUTPUT_RAW,0,0,0,0,0,0,0,0,1000,1000,1000,1000,0,0,0,0,0
2025-12-15 01:24:03.745,SERVO_OUTPUT_RAW,2998909844,SERVO_OUTPUT_RAW,0,0,0,0,0,0,0,0,1000,1000,1000,1000,0,0,0,0,0
2025-12-15 01:24:03.846,SERVO_OUTPUT_RAW,2999012142,SERVO_OUTPUT_RAW,0,0,0,0,0,0,0,0,1000,1000,1000,1000,0,0,0,0,0
2025-12-15 01:24:03.945,SERVO_OUTPUT_RAW,2999109826,SERVO_OUTPUT_RAW,0,0,0,0,0,0,0,0,1000,1000,1000,1000,0,0,0,0,0
2025-12-15 01:24:04.046,SERVO_OUTPUT_RAW,2999209832,SERVO_OUTPUT_RAW,0,0,0,0,0,0,0,0,1000,1000,1000,1000,0,0,0,0,0
2025-12-15 01:24:04.145,SERVO_OUTPUT_RAW,2999309843,SERVO_OUTPUT_RAW,0,0,0,0,0,0,0,0,1000,1000,1000,1000,0,0,0,0,0
2025-12-15 01:24:04.245,SERVO_OUTPUT_RAW,2999409783,SERVO_OUTPUT_RAW,0,0,0,0,0,0,0,0,1000,1000,1000,1000,0,0,0,0,0
2025-12-15 01:24:04.346,SERVO_OUTPUT_RAW,2999509790,SERVO_OUTPUT_RAW,0,0,0,0,0,0,0,0,1000,1000,1000,1000,0,0,0,0,0
2025-12-15 01:24:04.445,SERVO_OUTPUT_RAW,2999609821,SERVO_OUTPUT_RAW,0,0,0,0,0,0,0,0,1000,1000,1000,1000,0,0,0,0,0
2025-12-15 01:24:04.545,SERVO_OUTPUT_RAW,2999709819,SERVO_OUTPUT_RAW,0,0,0,0,0,0,0,0,1000,1000,1000,1000,0,0,0,0,0
2025-12-15 01:24:04.646,SERVO_OUTPUT_RAW,2999809776,SERVO_OUTPUT_RAW,0,0,0,0,0,0,0,0,1000,1000,1000,1000,0,0,0,0,0
2025-12-15 01:24:04.745,SERVO_OUTPUT_RAW,2999909805,SERVO_OUTPUT_RAW,0,0,0,0,0,0,0,0,1000,1000,1000,1000,0,0,0,0,0
2025-12-15 01:24:04.845,SERVO_OUTPUT_RAW,3000009785,SERVO_OUTPUT_RAW,0,0,0,0,0,0,0,0,1000,1000,1000,1000,0,0,0,0,0
2025-12-15 01:24:04.946,SERVO_OUTPUT_RAW,3000109785,SERVO_OUTPUT_RAW,0,0,0,0,0,0,0,0,1000,1000,1000,1000,0,0,0,0,0
2025-12-15 01:24:05.045,SERVO_OUTPUT_RAW,3000209804,SERVO_OUTPUT_RAW,0,0,0,0,0,0,0,0,1000,1000,1000,1000,0,0,0,0,0
2025-12-15 01:24:05.145,SERVO_OUTPUT_RAW,3000309831,SERVO_OUTPUT_RAW,0,0,0,0,0,0,0,0,1000,1000,1000,1000,0,0,0,0,0
2025-12-15 01:24:05.246,SERVO_OUTPUT_RAW,3000409834,SERVO_OUTPUT_RAW,0,0,0,0,0,0,0,0,1000,1000,1000,1000,0,0,0,0,0
2025-12-15 01:24:05.346,SERVO_OUTPUT_RAW,3000509809,SERVO_OUTPUT_RAW,0,0,0,0,0,0,0,0,1000,1000,1000,1000,0,0,0,0,0
2025-12-15 01:24:05.445,SERVO_OUTPUT_RAW,3000609797,SERVO_OUTPUT_RAW,0,0,0,0,0,0,0,0,1000,1000,1000,1000,0,0,0,0,0
2025-12-15 01:24:05.545,SERVO_OUTPUT_RAW,3000709825,SERVO_OUTPUT_RAW,0,0,0,0,0,0,0,0,1000,1000,1000,1000,0,0,0,0,0
2025-12-15 01:24:05.645,SERVO_OUTPUT_RAW,3000809847,SERVO_OUTPUT_RAW,0,0,0,0,0,0,0,0,1000,1000,1000,1000,0,0,0,0,0
2025-12-15 01:24:05.745,SERVO_OUTPUT_RAW,3000909841,SERVO_OUTPUT_RAW,0,0,0,0,0,0,0,0,1000,1000,1000,1000,0,0,0,0,0
2025-12-15 01:24:05.845,SERVO_OUTPUT_RAW,3001009787,SERVO_OUTPUT_RAW,0,0,0,0,0,0,0,0,1000,1000,1000,1000,0,0,0,0,0
2025-12-15 01:24:05.945,SERVO_OUTPUT_RAW,3001109803,SERVO_OUTPUT_RAW,0,0,0,0,0,0,0,0,1000,1000,1000,1000,0,0,0,0,0
2025-12-15 01:24:06.045,SERVO_OUTPUT_RAW,3001209829,SERVO_OUTPUT_RAW,0,0,0,0,0,0,0,0,1000,1000,1000,1000,0,0,0,0,0
2025-12-15 01:24:06.145,SERVO_OUTPUT_RAW,3001309838,SERVO_OUTPUT_RAW,0,0,0,0,0,0,0,0,1000,1000,1000,1000,0,0,0,0,0
2025-12-15 01:24:06.245,SERVO_OUTPUT_RAW,3001409786,SERVO_OUTPUT_RAW,0,0,0,0,0,0,0,0,1000,1000,1000,1000,0,0,0,0,0
2025-12-15 01:24:06.345,SERVO_OUTPUT_RAW,3001509792,SERVO_OUTPUT_RAW,0,0,0,0,0,0,0,0,1000,1000,1000,1000,0,0,0,0,0
2025-12-15 01:24:06.445,SERVO_OUTPUT_RAW,3001609802,SERVO_OUTPUT_RAW,0,0,0,0,0,0,0,0,1000,1000,1000,1000,0,0,0,0,0
2025-12-15 01:24:06.545,SERVO_OUTPUT_RAW,3001709808,SERVO_OUTPUT_RAW,0,0,0,0,0,0,0,0,1000,1000,1000,1000,0,0,0,0,0
2025-12-15 01:24:06.646,SERVO_OUTPUT_RAW,3001809817,SERVO_OUTPUT_RAW,0,0,0,0,0,0,0,0,1000,1000,1000,1000,0,0,0,0,0
2025-12-15 01:24:06.745,SERVO_OUTPUT_RAW,3001909825,SERVO_OUTPUT_RAW,0,0,0,0,0,0,0,0,1000,1000,1000,1000,0,0,0,0,0
2025-12-15 01:24:06.845,SERVO_OUTPUT_RAW,3002009848,SERVO_OUTPUT_RAW,0,0,0,0,0,0,0,0,1000,1000,1000,1000,0,0,0,0,0
2025-12-15 01:24:06.946,SERVO_OUTPUT_RAW,3002109799,SERVO_OUTPUT_RAW,0,0,0,0,0,0,0,0,1000,1000,1000,1000,0,0,0,0,0
2025-12-15 01:24:07.046,SERVO_OUTPUT_RAW,3002209801,SERVO_OUTPUT_RAW,0,0,0,0,0,0,0,0,1000,1000,1000,1000,0,0,0,0,0
2025-12-15 01:24:07.146,SERVO_OUTPUT_RAW,3002309833,SERVO_OUTPUT_RAW,0,0,0,0,0,0,0,0,1000,1000,1000,1000,0,0,0,0,0
2025-12-15 01:24:07.246,SERVO_OUTPUT_RAW,3002409851,SERVO_OUTPUT_RAW,0,0,0,0,0,0,0,0,1000,1000,1000,1000,0,0,0,0,0
2025-12-15 01:24:07.346,SERVO_OUTPUT_RAW,3002509773,SERVO_OUTPUT_RAW,0,0,0,0,0,0,0,0,1000,1000,1000,1000,0,0,0,0,0
2025-12-15 01:24:07.446,SERVO_OUTPUT_RAW,3002609812,SERVO_OUTPUT_RAW,0,0,0,0,0,0,0,0,1000,1000,1000,1000,0,0,0,0,0
2025-12-15 01:24:07.546,SERVO_OUTPUT_RAW,3002709821,SERVO_OUTPUT_RAW,0,0,0,0,0,0,0,0,1000,1000,1000,1000,0,0,0,0,0
2025-12-15 01:24:07.646,SERVO_OUTPUT_RAW,3002809813,SERVO_OUTPUT_RAW,0,0,0,0,0,0,0,0,1000,1000,1000,1000,0,0,0,0,0
2025-12-15 01:24:07.746,SERVO_OUTPUT_RAW,3002909870,SERVO_OUTPUT_RAW,0,0,0,0,0,0,0,0,1000,1000,1000,1000,0,0,0,0,0
2025-12-15 01:24:07.846,SERVO_OUTPUT_RAW,3003009782,SERVO_OUTPUT_RAW,0,0,0,0,0,0,0,0,1000,1000,1000,1000,0,0,0,0,0
2025-12-15 01:24:07.946,SERVO_OUTPUT_RAW,3003109788,SERVO_OUTPUT_RAW,0,0,0,0,0,0,0,0,1000,1000,1000,1000,0,0,0,0,0
2025-12-15 01:24:08.046,SERVO_OUTPUT_RAW,3003209786,SERVO_OUTPUT_RAW,0,0,0,0,0,0,0,0,1000,1000,1000,1000,0,0,0,0,0
2025-12-15 01:24:08.146,SERVO_OUTPUT_RAW,3003309797,SERVO_OUTPUT_RAW,0,0,0,0,0,0,0,0,1000,1000,1000,1000,0,0,0,0,0
2025-12-15 01:24:08.246,SERVO_OUTPUT_RAW,3003409814,SERVO_OUTPUT_RAW,0,0,0,0,0,0,0,0,1000,1000,1000,1000,0,0,0,0,0
2025-12-15 01:24:08.346,SERVO_OUTPUT_RAW,3003509850,SERVO_OUTPUT_RAW,0,0,0,0,0,0,0,0,1000,1000,1000,1000,0,0,0,0,0
2025-12-15 01:24:08.446,SERVO_OUTPUT_RAW,3003609837,SERVO_OUTPUT_RAW,0,0,0,0,0,0,0,0,1000,1000,1000,1000,0,0,0,0,0
2025-12-15 01:24:08.546,SERVO_OUTPUT_RAW,3003709812,SERVO_OUTPUT_RAW,0,0,0,0,0,0,0,0,1000,1000,1000,1000,0,0,0,0,0
2025-12-15 01:24:08.646,SERVO_OUTPUT_RAW,3003809804,SERVO_OUTPUT_RAW,0,0,0,0,0,0,0,0,1000,1000,1000,1000,0,0,0,0,0
2025-12-15 01:24:08.746,SERVO_OUTPUT_RAW,3003909839,SERVO_OUTPUT_RAW,0,0,0,0,0,0,0,0,1000,1000,1000,1000,0,0,0,0,0
2025-12-15 01:24:08.846,SERVO_OUTPUT_RAW,3004009838,SERVO_OUTPUT_RAW,0,0,0,0,0,0,0,0,1000,1000,1000,1000,0,0,0,0,0
2025-12-15 01:24:08.946,SERVO_OUTPUT_RAW,3004109792,SERVO_OUTPUT_RAW,0,0,0,0,0,0,0,0,1000,1000,1000,1000,0,0,0,0,0
2025-12-15 01:24:09.046,SERVO_OUTPUT_RAW,3004209821,SERVO_OUTPUT_RAW,0,0,0,0,0,0,0,0,1000,1000,1000,1000,0,0,0,0,0
2025-12-15 01:24:09.146,SERVO_OUTPUT_RAW,3004309820,SERVO_OUTPUT_RAW,0,0,0,0,0,0,0,0,1000,1000,1000,1000,0,0,0,0,0
2025-12-15 01:24:09.246,SERVO_OUTPUT_RAW,3004409831,SERVO_OUTPUT_RAW,0,0,0,0,0,0,0,0,1000,1000,1000,1000,0,0,0,0,0
2025-12-15 01:24:09.346,SERVO_OUTPUT_RAW,3004509799,SERVO_OUTPUT_RAW,0,0,0,0,0,0,0,0,1000,1000,1000,1000,0,0,0,0,0
2025-12-15 01:24:09.446,SERVO_OUTPUT_RAW,3004609804,SERVO_OUTPUT_RAW,0,0,0,0,0,0,0,0,1000,1000,1000,1000,0,0,0,0,0
2025-12-15 01:24:09.546,SERVO_OUTPUT_RAW,3004709788,SERVO_OUTPUT_RAW,0,0,0,0,0,0,0,0,1000,1000,1000,1000,0,0,0,0,0
2025-12-15 01:24:09.646,SERVO_OUTPUT_RAW,3004809781,SERVO_OUTPUT_RAW,0,0,0,0,0,0,0,0,1000,1000,1000,1000,0,0,0,0,0
2025-12-15 01:24:09.746,SERVO_OUTPUT_RAW,3004909778,SERVO_OUTPUT_RAW,0,0,0,0,0,0,0,0,1000,1000,1000,1000,0,0,0,0,0
2025-12-15 01:24:09.846,SERVO_OUTPUT_RAW,3005012158,SERVO_OUTPUT_RAW,0,0,0,0,0,0,0,0,1000,1000,1000,1000,0,0,0,0,0
2025-12-15 01:24:09.946,SERVO_OUTPUT_RAW,3005109835,SERVO_OUTPUT_RAW,0,0,0,0,0,0,0,0,1000,1000,1000,1000,0,0,0,0,0
2025-12-15 01:24:10.046,SERVO_OUTPUT_RAW,3005209780,SERVO_OUTPUT_RAW,0,0,0,0,0,0,0,0,1000,1000,1000,1000,0,0,0,0,0
2025-12-15 01:24:10.146,SERVO_OUTPUT_RAW,3005309811,SERVO_OUTPUT_RAW,0,0,0,0,0,0,0,0,1000,1000,1000,1000,0,0,0,0,0
2025-12-15 01:24:10.246,SERVO_OUTPUT_RAW,3005409812,SERVO_OUTPUT_RAW,0,0,0,0,0,0,0,0,1000,1000,1000,1000,0,0,0,0,0
2025-12-15 01:24:10.346,SERVO_OUTPUT_RAW,3005509853,SERVO_OUTPUT_RAW,0,0,0,0,0,0,0,0,1000,1000,1000,1000,0,0,0,0,0
2025-12-15 01:24:10.446,SERVO_OUTPUT_RAW,3005609855,SERVO_OUTPUT_RAW,0,0,0,0,0,0,0,0,1000,1000,1000,1000,0,0,0,0,0
2025-12-15 01:24:10.546,SERVO_OUTPUT_RAW,3005709792,SERVO_OUTPUT_RAW,0,0,0,0,0,0,0,0,1000,1000,1000,1000,0,0,0,0,0
2025-12-15 01:24:10.646,SERVO_OUTPUT_RAW,3005809816,SERVO_OUTPUT_RAW,0,0,0,0,0,0,0,0,1000,1000,1000,1000,0,0,0,0,0
2025-12-15 01:24:10.746,SERVO_OUTPUT_RAW,3005909821,SERVO_OUTPUT_RAW,0,0,0,0,0,0,0,0,1000,1000,1000,1000,0,0,0,0,0
2025-12-15 01:24:10.846,SERVO_OUTPUT_RAW,3006009781,SERVO_OUTPUT_RAW,0,0,0,0,0,0,0,0,1000,1000,1000,1000,0,0,0,0,0
2025-12-15 01:24:10.946,SERVO_OUTPUT_RAW,3006109792,SERVO_OUTPUT_RAW,0,0,0,0,0,0,0,0,1000,1000,1000,1000,0,0,0,0,0
2025-12-15 01:24:11.047,SERVO_OUTPUT_RAW,3006209795,SERVO_OUTPUT_RAW,0,0,0,0,0,0,0,0,1000,1000,1000,1000,0,0,0,0,0
2025-12-15 01:24:11.147,SERVO_OUTPUT_RAW,3006309779,SERVO_OUTPUT_RAW,0,0,0,0,0,0,0,0,1000,1000,1000,1000,0,0,0,0,0
2025-12-15 01:24:11.246,SERVO_OUTPUT_RAW,3006409789,SERVO_OUTPUT_RAW,0,0,0,0,0,0,0,0,1000,1000,1000,1000,0,0,0,0,0
2025-12-15 01:24:11.347,SERVO_OUTPUT_RAW,3006509795,SERVO_OUTPUT_RAW,0,0,0,0,0,0,0,0,1000,1000,1000,1000,0,0,0,0,0
2025-12-15 01:24:11.446,SERVO_OUTPUT_RAW,3006609839,SERVO_OUTPUT_RAW,0,0,0,0,0,0,0,0,1000,1000,1000,1000,0,0,0,0,0
2025-12-15 01:24:11.547,SERVO_OUTPUT_RAW,3006709807,SERVO_OUTPUT_RAW,0,0,0,0,0,0,0,0,1000,1000,1000,1000,0,0,0,0,0
2025-12-15 01:24:11.646,SERVO_OUTPUT_RAW,3006809807,SERVO_OUTPUT_RAW,0,0,0,0,0,0,0,0,1000,1000,1000,1000,0,0,0,0,0
2025-12-15 01:24:11.746,SERVO_OUTPUT_RAW,3006909806,SERVO_OUTPUT_RAW,0,0,0,0,0,0,0,0,1000,1000,1000,1000,0,0,0,0,0
2025-12-15 01:24:11.846,SERVO_OUTPUT_RAW,3007009849,SERVO_OUTPUT_RAW,0,0,0,0,0,0,0,0,1000,1000,1000,1000,0,0,0,0,0
2025-12-15 01:24:11.946,SERVO_OUTPUT_RAW,3007112071,SERVO_OUTPUT_RAW,0,0,0,0,0,0,0,0,1000,1000,1000,1000,0,0,0,0,0
2025-12-15 01:24:12.046,SERVO_OUTPUT_RAW,3007209781,SERVO_OUTPUT_RAW,0,0,0,0,0,0,0,0,1000,1000,1000,1000,0,0,0,0,0
2025-12-15 01:24:12.146,SERVO_OUTPUT_RAW,3007309793,SERVO_OUTPUT_RAW,0,0,0,0,0,0,0,0,1000,1000,1000,1000,0,0,0,0,0
2025-12-15 01:24:12.247,SERVO_OUTPUT_RAW,3007409820,SERVO_OUTPUT_RAW,0,0,0,0,0,0,0,0,1000,1000,1000,1000,0,0,0,0,0
2025-12-15 01:24:12.346,SERVO_OUTPUT_RAW,3007509773,SERVO_OUTPUT_RAW,0,0,0,0,0,0,0,0,1000,1000,1000,1000,0,0,0,0,0
2025-12-15 01:24:12.447,SERVO_OUTPUT_RAW,3007609783,SERVO_OUTPUT_RAW,0,0,0,0,0,0,0,0,1000,1000,1000,1000,0,0,0,0,0
2025-12-15 01:24:12.545,SERVO_OUTPUT_RAW,3007709800,SERVO_OUTPUT_RAW,0,0,0,0,0,0,0,0,1000,1000,1000,1000,0,0,0,0,0
2025-12-15 01:24:12.645,SERVO_OUTPUT_RAW,3007809783,SERVO_OUTPUT_RAW,0,0,0,0,0,0,0,0,1000,1000,1000,1000,0,0,0,0,0
2025-12-15 01:24:12.746,SERVO_OUTPUT_RAW,3007909778,SERVO_OUTPUT_RAW,0,0,0,0,0,0,0,0,1000,1000,1000,1000,0,0,0,0,0
2025-12-15 01:24:12.845,SERVO_OUTPUT_RAW,3008009796,SERVO_OUTPUT_RAW,0,0,0,0,0,0,0,0,1000,1000,1000,1000,0,0,0,0,0
2025-12-15 01:24:12.945,SERVO_OUTPUT_RAW,3008109758,SERVO_OUTPUT_RAW,0,0,0,0,0,0,0,0,1000,1000,1000,1000,0,0,0,0,0
2025-12-15 01:24:13.045,SERVO_OUTPUT_RAW,3008209830,SERVO_OUTPUT_RAW,0,0,0,0,0,0,0,0,1000,1000,1000,1000,0,0,0,0,0
2025-12-15 01:24:13.146,SERVO_OUTPUT_RAW,3008309852,SERVO_OUTPUT_RAW,0,0,0,0,0,0,0,0,1000,1000,1000,1000,0,0,0,0,0
2025-12-15 01:24:13.245,SERVO_OUTPUT_RAW,3008409787,SERVO_OUTPUT_RAW,0,0,0,0,0,0,0,0,1000,1000,1000,1000,0,0,0,0,0
2025-12-15 01:24:13.346,SERVO_OUTPUT_RAW,3008509817,SERVO_OUTPUT_RAW,0,0,0,0,0,0,0,0,1000,1000,1000,1000,0,0,0,0,0
2025-12-15 01:24:13.445,SERVO_OUTPUT_RAW,3008609845,SERVO_OUTPUT_RAW,0,0,0,0,0,0,0,0,1000,1000,1000,1000,0,0,0,0,0
2025-12-15 01:24:13.545,SERVO_OUTPUT_RAW,3008709800,SERVO_OUTPUT_RAW,0,0,0,0,0,0,0,0,1000,1000,1000,1000,0,0,0,0,0
2025-12-15 01:24:13.645,SERVO_OUTPUT_RAW,3008809786,SERVO_OUTPUT_RAW,0,0,0,0,0,0,0,0,1000,1000,1000,1000,0,0,0,0,0
2025-12-15 01:24:13.745,SERVO_OUTPUT_RAW,3008909811,SERVO_OUTPUT_RAW,0,0,0,0,0,0,0,0,1000,1000,1000,1000,0,0,0,0,0
2025-12-15 01:24:13.845,SERVO_OUTPUT_RAW,3009009809,SERVO_OUTPUT_RAW,0,0,0,0,0,0,0,0,1000,1000,1000,1000,0,0,0,0,0
2025-12-15 01:24:13.945,SERVO_OUTPUT_RAW,3009109824,SERVO_OUTPUT_RAW,0,0,0,0,0,0,0,0,1000,1000,1000,1000,0,0,0,0,0
2025-12-15 01:24:14.046,SERVO_OUTPUT_RAW,3009209842,SERVO_OUTPUT_RAW,0,0,0,0,0,0,0,0,1000,1000,1000,1000,0,0,0,0,0
2025-12-15 01:24:14.145,SERVO_OUTPUT_RAW,3009309790,SERVO_OUTPUT_RAW,0,0,0,0,0,0,0,0,1000,1000,1000,1000,0,0,0,0,0
2025-12-15 01:24:14.245,SERVO_OUTPUT_RAW,3009409794,SERVO_OUTPUT_RAW,0,0,0,0,0,0,0,0,1000,1000,1000,1000,0,0,0,0,0
2025-12-15 01:24:14.346,SERVO_OUTPUT_RAW,3009509782,SERVO_OUTPUT_RAW,0,0,0,0,0,0,0,0,1000,1000,1000,1000,0,0,0,0,0
2025-12-15 01:24:14.445,SERVO_OUTPUT_RAW,3009609808,SERVO_OUTPUT_RAW,0,0,0,0,0,0,0,0,1000,1000,1000,1000,0,0,0,0,0
2025-12-15 01:24:14.546,SERVO_OUTPUT_RAW,3009709835,SERVO_OUTPUT_RAW,0,0,0,0,0,0,0,0,1000,1000,1000,1000,0,0,0,0,0
2025-12-15 01:24:14.646,SERVO_OUTPUT_RAW,3009809810,SERVO_OUTPUT_RAW,0,0,0,0,0,0,0,0,1000,1000,1000,1000,0,0,0,0,0
2025-12-15 01:24:14.746,SERVO_OUTPUT_RAW,3009909804,SERVO_OUTPUT_RAW,0,0,0,0,0,0,0,0,1000,1000,1000,1000,0,0,0,0,0
2025-12-15 01:24:14.846,SERVO_OUTPUT_RAW,3010009892,SERVO_OUTPUT_RAW,0,0,0,0,0,0,0,0,1000,1000,1000,1000,0,0,0,0,0
2025-12-15 01:24:14.946,SERVO_OUTPUT_RAW,3010109851,SERVO_OUTPUT_RAW,0,0,0,0,0,0,0,0,1000,1000,1000,1000,0,0,0,0,0
2025-12-15 01:24:15.046,SERVO_OUTPUT_RAW,3010209845,SERVO_OUTPUT_RAW,0,0,0,0,0,0,0,0,1000,1000,1000,1000,0,0,0,0,0
2025-12-15 01:24:15.146,SERVO_OUTPUT_RAW,3010309779,SERVO_OUTPUT_RAW,0,0,0,0,0,0,0,0,1000,1000,1000,1000,0,0,0,0,0
2025-12-15 01:24:15.246,SERVO_OUTPUT_RAW,3010409787,SERVO_OUTPUT_RAW,0,0,0,0,0,0,0,0,1000,1000,1000,1000,0,0,0,0,0
2025-12-15 01:24:15.346,SERVO_OUTPUT_RAW,3010509814,SERVO_OUTPUT_RAW,0,0,0,0,0,0,0,0,1000,1000,1000,1000,0,0,0,0,0
2025-12-15 01:24:15.446,SERVO_OUTPUT_RAW,3010609817,SERVO_OUTPUT_RAW,0,0,0,0,0,0,0,0,1000,1000,1000,1000,0,0,0,0,0
2025-12-15 01:24:15.546,SERVO_OUTPUT_RAW,3010709804,SERVO_OUTPUT_RAW,0,0,0,0,0,0,0,0,1000,1000,1000,1000,0,0,0,0,0
2025-12-15 01:24:15.646,SERVO_OUTPUT_RAW,3010809793,SERVO_OUTPUT_RAW,0,0,0,0,0,0,0,0,1000,1000,1000,1000,0,0,0,0,0
2025-12-15 01:24:15.746,SERVO_OUTPUT_RAW,3010909786,SERVO_OUTPUT_RAW,0,0,0,0,0,0,0,0,1000,1000,1000,1000,0,0,0,0,0
2025-12-15 01:24:15.846,SERVO_OUTPUT_RAW,3011009797,SERVO_OUTPUT_RAW,0,0,0,0,0,0,0,0,1000,1000,1000,1000,0,0,0,0,0
2025-12-15 01:24:15.946,SERVO_OUTPUT_RAW,3011109804,SERVO_OUTPUT_RAW,0,0,0,0,0,0,0,0,1000,1000,1000,1000,0,0,0,0,0
2025-12-15 01:24:16.046,SERVO_OUTPUT_RAW,3011209816,SERVO_OUTPUT_RAW,0,0,0,0,0,0,0,0,1000,1000,1000,1000,0,0,0,0,0
2025-12-15 01:24:16.146,SERVO_OUTPUT_RAW,3011312175,SERVO_OUTPUT_RAW,0,0,0,0,0,0,0,0,1000,1000,1000,1000,0,0,0,0,0
2025-12-15 01:24:16.246,SERVO_OUTPUT_RAW,3011409842,SERVO_OUTPUT_RAW,0,0,0,0,0,0,0,0,1000,1000,1000,1000,0,0,0,0,0
2025-12-15 01:24:16.346,SERVO_OUTPUT_RAW,3011509782,SERVO_OUTPUT_RAW,0,0,0,0,0,0,0,0,1000,1000,1000,1000,0,0,0,0,0
2025-12-15 01:24:16.446,SERVO_OUTPUT_RAW,3011609824,SERVO_OUTPUT_RAW,0,0,0,0,0,0,0,0,1000,1000,1000,1000,0,0,0,0,0
2025-12-15 01:24:16.546,SERVO_OUTPUT_RAW,3011709837,SERVO_OUTPUT_RAW,0,0,0,0,0,0,0,0,1000,1000,1000,1000,0,0,0,0,0
2025-12-15 01:24:16.646,SERVO_OUTPUT_RAW,3011809842,SERVO_OUTPUT_RAW,0,0,0,0,0,0,0,0,1000,1000,1000,1000,0,0,0,0,0
2025-12-15 01:24:16.746,SERVO_OUTPUT_RAW,3011909781,SERVO_OUTPUT_RAW,0,0,0,0,0,0,0,0,1000,1000,1000,1000,0,0,0,0,0
2025-12-15 01:24:16.846,SERVO_OUTPUT_RAW,3012009802,SERVO_OUTPUT_RAW,0,0,0,0,0,0,0,0,1000,1000,1000,1000,0,0,0,0,0
2025-12-15 01:24:16.946,SERVO_OUTPUT_RAW,3012109826,SERVO_OUTPUT_RAW,0,0,0,0,0,0,0,0,1000,1000,1000,1000,0,0,0,0,0
2025-12-15 01:24:17.046,SERVO_OUTPUT_RAW,3012209815,SERVO_OUTPUT_RAW,0,0,0,0,0,0,0,0,1000,1000,1000,1000,0,0,0,0,0
2025-12-15 01:24:17.146,SERVO_OUTPUT_RAW,3012309793,SERVO_OUTPUT_RAW,0,0,0,0,0,0,0,0,1000,1000,1000,1000,0,0,0,0,0
2025-12-15 01:24:17.246,SERVO_OUTPUT_RAW,3012409786,SERVO_OUTPUT_RAW,0,0,0,0,0,0,0,0,1000,1000,1000,1000,0,0,0,0,0
2025-12-15 01:24:17.346,SERVO_OUTPUT_RAW,3012509803,SERVO_OUTPUT_RAW,0,0,0,0,0,0,0,0,1000,1000,1000,1000,0,0,0,0,0
2025-12-15 01:24:17.446,SERVO_OUTPUT_RAW,3012609791,SERVO_OUTPUT_RAW,0,0,0,0,0,0,0,0,1000,1000,1000,1000,0,0,0,0,0
2025-12-15 01:24:17.546,SERVO_OUTPUT_RAW,3012709790,SERVO_OUTPUT_RAW,0,0,0,0,0,0,0,0,1000,1000,1000,1000,0,0,0,0,0
2025-12-15 01:24:17.647,SERVO_OUTPUT_RAW,3012812151,SERVO_OUTPUT_RAW,0,0,0,0,0,0,0,0,1000,1000,1000,1000,0,0,0,0,0
2025-12-15 01:24:17.746,SERVO_OUTPUT_RAW,3012909865,SERVO_OUTPUT_RAW,0,0,0,0,0,0,0,0,1000,1000,1000,1000,0,0,0,0,0
2025-12-15 01:24:17.846,SERVO_OUTPUT_RAW,3013009855,SERVO_OUTPUT_RAW,0,0,0,0,0,0,0,0,1000,1000,1000,1000,0,0,0,0,0
2025-12-15 01:24:17.946,SERVO_OUTPUT_RAW,3013109799,SERVO_OUTPUT_RAW,0,0,0,0,0,0,0,0,1000,1000,1000,1000,0,0,0,0,0
2025-12-15 01:24:18.046,SERVO_OUTPUT_RAW,3013209844,SERVO_OUTPUT_RAW,0,0,0,0,0,0,0,0,1000,1000,1000,1000,0,0,0,0,0
2025-12-15 01:24:18.146,SERVO_OUTPUT_RAW,3013309849,SERVO_OUTPUT_RAW,0,0,0,0,0,0,0,0,1000,1000,1000,1000,0,0,0,0,0
2025-12-15 01:24:18.246,SERVO_OUTPUT_RAW,3013409859,SERVO_OUTPUT_RAW,0,0,0,0,0,0,0,0,1000,1000,1000,1000,0,0,0,0,0
2025-12-15 01:24:18.346,SERVO_OUTPUT_RAW,3013509783,SERVO_OUTPUT_RAW,0,0,0,0,0,0,0,0,1000,1000,1000,1000,0,0,0,0,0
2025-12-15 01:24:18.446,SERVO_OUTPUT_RAW,3013609810,SERVO_OUTPUT_RAW,0,0,0,0,0,0,0,0,1000,1000,1000,1000,0,0,0,0,0
2025-12-15 01:24:18.546,SERVO_OUTPUT_RAW,3013709813,SERVO_OUTPUT_RAW,0,0,0,0,0,0,0,0,1000,1000,1000,1000,0,0,0,0,0
2025-12-15 01:24:18.647,SERVO_OUTPUT_RAW,3013809809,SERVO_OUTPUT_RAW,0,0,0,0,0,0,0,0,1000,1000,1000,1000,0,0,0,0,0
2025-12-15 01:24:18.746,SERVO_OUTPUT_RAW,3013909795,SERVO_OUTPUT_RAW,0,0,0,0,0,0,0,0,1000,1000,1000,1000,0,0,0,0,0
2025-12-15 01:24:18.846,SERVO_OUTPUT_RAW,3014009791,SERVO_OUTPUT_RAW,0,0,0,0,0,0,0,0,1000,1000,1000,1000,0,0,0,0,0
2025-12-15 01:24:18.946,SERVO_OUTPUT_RAW,3014109788,SERVO_OUTPUT_RAW,0,0,0,0,0,0,0,0,1000,1000,1000,1000,0,0,0,0,0
2025-12-15 01:24:19.046,SERVO_OUTPUT_RAW,3014209794,SERVO_OUTPUT_RAW,0,0,0,0,0,0,0,0,1000,1000,1000,1000,0,0,0,0,0
2025-12-15 01:24:19.146,SERVO_OUTPUT_RAW,3014309802,SERVO_OUTPUT_RAW,0,0,0,0,0,0,0,0,1000,1000,1000,1000,0,0,0,0,0
2025-12-15 01:24:19.246,SERVO_OUTPUT_RAW,3014409826,SERVO_OUTPUT_RAW,0,0,0,0,0,0,0,0,1000,1000,1000,1000,0,0,0,0,0
2025-12-15 01:24:19.347,SERVO_OUTPUT_RAW,3014509845,SERVO_OUTPUT_RAW,0,0,0,0,0,0,0,0,1000,1000,1000,1000,0,0,0,0,0
2025-12-15 01:24:19.446,SERVO_OUTPUT_RAW,3014609777,SERVO_OUTPUT_RAW,0,0,0,0,0,0,0,0,1000,1000,1000,1000,0,0,0,0,0
2025-12-15 01:24:19.546,SERVO_OUTPUT_RAW,3014709806,SERVO_OUTPUT_RAW,0,0,0,0,0,0,0,0,1000,1000,1000,1000,0,0,0,0,0
2025-12-15 01:24:19.646,SERVO_OUTPUT_RAW,3014809829,SERVO_OUTPUT_RAW,0,0,0,0,0,0,0,0,1000,1000,1000,1000,0,0,0,0,0
2025-12-15 01:24:19.746,SERVO_OUTPUT_RAW,3014909840,SERVO_OUTPUT_RAW,0,0,0,0,0,0,0,0,1000,1000,1000,1000,0,0,0,0,0
2025-12-15 01:24:19.846,SERVO_OUTPUT_RAW,3015009834,SERVO_OUTPUT_RAW,0,0,0,0,0,0,0,0,1000,1000,1000,1000,0,0,0,0,0
2025-12-15 01:24:19.947,SERVO_OUTPUT_RAW,3015109799,SERVO_OUTPUT_RAW,0,0,0,0,0,0,0,0,1000,1000,1000,1000,0,0,0,0,0
2025-12-15 01:24:20.046,SERVO_OUTPUT_RAW,3015209838,SERVO_OUTPUT_RAW,0,0,0,0,0,0,0,0,1000,1000,1000,1000,0,0,0,0,0
2025-12-15 01:24:20.146,SERVO_OUTPUT_RAW,3015309816,SERVO_OUTPUT_RAW,0,0,0,0,0,0,0,0,1000,1000,1000,1000,0,0,0,0,0
2025-12-15 01:24:20.247,SERVO_OUTPUT_RAW,3015409775,SERVO_OUTPUT_RAW,0,0,0,0,0,0,0,0,1000,1000,1000,1000,0,0,0,0,0
2025-12-15 01:24:20.346,SERVO_OUTPUT_RAW,3015509833,SERVO_OUTPUT_RAW,0,0,0,0,0,0,0,0,1000,1000,1000,1000,0,0,0,0,0
2025-12-15 01:24:20.446,SERVO_OUTPUT_RAW,3015609797,SERVO_OUTPUT_RAW,0,0,0,0,0,0,0,0,1000,1000,1000,1000,0,0,0,0,0
2025-12-15 01:24:20.546,SERVO_OUTPUT_RAW,3015709776,SERVO_OUTPUT_RAW,0,0,0,0,0,0,0,0,1000,1000,1000,1000,0,0,0,0,0
2025-12-15 01:24:20.646,SERVO_OUTPUT_RAW,3015812127,SERVO_OUTPUT_RAW,0,0,0,0,0,0,0,0,1000,1000,1000,1000,0,0,0,0,0
2025-12-15 01:24:20.746,SERVO_OUTPUT_RAW,3015909817,SERVO_OUTPUT_RAW,0,0,0,0,0,0,0,0,1000,1000,1000,1000,0,0,0,0,0
2025-12-15 01:24:20.846,SERVO_OUTPUT_RAW,3016009839,SERVO_OUTPUT_RAW,0,0,0,0,0,0,0,0,1000,1000,1000,1000,0,0,0,0,0
2025-12-15 01:24:20.946,SERVO_OUTPUT_RAW,3016109914,SERVO_OUTPUT_RAW,0,0,0,0,0,0,0,0,1000,1000,1000,1000,0,0,0,0,0
2025-12-15 01:24:21.046,SERVO_OUTPUT_RAW,3016209801,SERVO_OUTPUT_RAW,0,0,0,0,0,0,0,0,1000,1000,1000,1000,0,0,0,0,0
2025-12-15 01:24:21.147,SERVO_OUTPUT_RAW,3016309820,SERVO_OUTPUT_RAW,0,0,0,0,0,0,0,0,1000,1000,1000,1000,0,0,0,0,0
2025-12-15 01:24:21.247,SERVO_OUTPUT_RAW,3016409830,SERVO_OUTPUT_RAW,0,0,0,0,0,0,0,0,1000,1000,1000,1000,0,0,0,0,0
2025-12-15 01:24:21.347,SERVO_OUTPUT_RAW,3016509845,SERVO_OUTPUT_RAW,0,0,0,0,0,0,0,0,1000,1000,1000,1000,0,0,0,0,0
2025-12-15 01:24:21.446,SERVO_OUTPUT_RAW,3016609788,SERVO_OUTPUT_RAW,0,0,0,0,0,0,0,0,1000,1000,1000,1000,0,0,0,0,0
2025-12-15 01:24:21.547,SERVO_OUTPUT_RAW,3016709805,SERVO_OUTPUT_RAW,0,0,0,0,0,0,0,0,1000,1000,1000,1000,0,0,0,0,0
2025-12-15 01:24:21.646,SERVO_OUTPUT_RAW,3016809825,SERVO_OUTPUT_RAW,0,0,0,0,0,0,0,0,1000,1000,1000,1000,0,0,0,0,0
2025-12-15 01:24:21.746,SERVO_OUTPUT_RAW,3016909804,SERVO_OUTPUT_RAW,0,0,0,0,0,0,0,0,1000,1000,1000,1000,0,0,0,0,0
2025-12-15 01:24:21.847,SERVO_OUTPUT_RAW,3017009807,SERVO_OUTPUT_RAW,0,0,0,0,0,0,0,0,1000,1000,1000,1000,0,0,0,0,0
2025-12-15 01:24:21.946,SERVO_OUTPUT_RAW,3017109778,SERVO_OUTPUT_RAW,0,0,0,0,0,0,0,0,1000,1000,1000,1000,0,0,0,0,0
2025-12-15 01:24:22.046,SERVO_OUTPUT_RAW,3017209788,SERVO_OUTPUT_RAW,0,0,0,0,0,0,0,0,1000,1000,1000,1000,0,0,0,0,0
2025-12-15 01:24:22.146,SERVO_OUTPUT_RAW,3017309788,SERVO_OUTPUT_RAW,0,0,0,0,0,0,0,0,1000,1000,1000,1000,0,0,0,0,0
2025-12-15 01:24:22.246,SERVO_OUTPUT_RAW,3017409793,SERVO_OUTPUT_RAW,0,0,0,0,0,0,0,0,1000,1000,1000,1000,0,0,0,0,0
2025-12-15 01:24:22.346,SERVO_OUTPUT_RAW,3017509844,SERVO_OUTPUT_RAW,0,0,0,0,0,0,0,0,1000,1000,1000,1000,0,0,0,0,0
2025-12-15 01:24:22.446,SERVO_OUTPUT_RAW,3017612168,SERVO_OUTPUT_RAW,0,0,0,0,0,0,0,0,1000,1000,1000,1000,0,0,0,0,0
2025-12-15 01:24:22.546,SERVO_OUTPUT_RAW,3017709816,SERVO_OUTPUT_RAW,0,0,0,0,0,0,0,0,1000,1000,1000,1000,0,0,0,0,0
2025-12-15 01:24:22.646,SERVO_OUTPUT_RAW,3017809792,SERVO_OUTPUT_RAW,0,0,0,0,0,0,0,0,1000,1000,1000,1000,0,0,0,0,0
2025-12-15 01:24:22.746,SERVO_OUTPUT_RAW,3017909824,SERVO_OUTPUT_RAW,0,0,0,0,0,0,0,0,1000,1000,1000,1000,0,0,0,0,0
2025-12-15 01:24:22.846,SERVO_OUTPUT_RAW,3018009857,SERVO_OUTPUT_RAW,0,0,0,0,0,0,0,0,1000,1000,1000,1000,0,0,0,0,0
2025-12-15 01:24:22.946,SERVO_OUTPUT_RAW,3018109848,SERVO_OUTPUT_RAW,0,0,0,0,0,0,0,0,1000,1000,1000,1000,0,0,0,0,0
2025-12-15 01:24:23.046,SERVO_OUTPUT_RAW,3018209791,SERVO_OUTPUT_RAW,0,0,0,0,0,0,0,0,1000,1000,1000,1000,0,0,0,0,0
2025-12-15 01:24:23.146,SERVO_OUTPUT_RAW,3018309818,SERVO_OUTPUT_RAW,0,0,0,0,0,0,0,0,1000,1000,1000,1000,0,0,0,0,0
2025-12-15 01:24:23.246,SERVO_OUTPUT_RAW,3018409807,SERVO_OUTPUT_RAW,0,0,0,0,0,0,0,0,1000,1000,1000,1000,0,0,0,0,0
2025-12-15 01:24:23.346,SERVO_OUTPUT_RAW,3018509794,SERVO_OUTPUT_RAW,0,0,0,0,0,0,0,0,1000,1000,1000,1000,0,0,0,0,0
2025-12-15 01:24:23.446,SERVO_OUTPUT_RAW,3018609778,SERVO_OUTPUT_RAW,0,0,0,0,0,0,0,0,1000,1000,1000,1000,0,0,0,0,0
2025-12-15 01:24:23.546,SERVO_OUTPUT_RAW,3018709788,SERVO_OUTPUT_RAW,0,0,0,0,0,0,0,0,1000,1000,1000,1000,0,0,0,0,0
2025-12-15 01:24:23.646,SERVO_OUTPUT_RAW,3018809793,SERVO_OUTPUT_RAW,0,0,0,0,0,0,0,0,1000,1000,1000,1000,0,0,0,0,0
2025-12-15 01:24:23.746,SERVO_OUTPUT_RAW,3018909784,SERVO_OUTPUT_RAW,0,0,0,0,0,0,0,0,1000,1000,1000,1000,0,0,0,0,0
2025-12-15 01:24:23.846,SERVO_OUTPUT_RAW,3019009826,SERVO_OUTPUT_RAW,0,0,0,0,0,0,0,0,1000,1000,1000,1000,0,0,0,0,0
2025-12-15 01:24:23.947,SERVO_OUTPUT_RAW,3019109832,SERVO_OUTPUT_RAW,0,0,0,0,0,0,0,0,1000,1000,1000,1000,0,0,0,0,0
2025-12-15 01:24:24.046,SERVO_OUTPUT_RAW,3019209844,SERVO_OUTPUT_RAW,0,0,0,0,0,0,0,0,1000,1000,1000,1000,0,0,0,0,0
2025-12-15 01:24:24.146,SERVO_OUTPUT_RAW,3019309816,SERVO_OUTPUT_RAW,0,0,0,0,0,0,0,0,1000,1000,1000,1000,0,0,0,0,0
2025-12-15 01:24:24.246,SERVO_OUTPUT_RAW,3019409812,SERVO_OUTPUT_RAW,0,0,0,0,0,0,0,0,1000,1000,1000,1000,0,0,0,0,0
2025-12-15 01:24:24.346,SERVO_OUTPUT_RAW,3019509835,SERVO_OUTPUT_RAW,0,0,0,0,0,0,0,0,1000,1000,1000,1000,0,0,0,0,0
2025-12-15 01:24:24.446,SERVO_OUTPUT_RAW,3019609846,SERVO_OUTPUT_RAW,0,0,0,0,0,0,0,0,1000,1000,1000,1000,0,0,0,0,0
2025-12-15 01:24:24.546,SERVO_OUTPUT_RAW,3019709911,SERVO_OUTPUT_RAW,0,0,0,0,0,0,0,0,1000,1000,1000,1000,0,0,0,0,0
2025-12-15 01:24:24.646,SERVO_OUTPUT_RAW,3019809788,SERVO_OUTPUT_RAW,0,0,0,0,0,0,0,0,1000,1000,1000,1000,0,0,0,0,0
2025-12-15 01:24:24.746,SERVO_OUTPUT_RAW,3019909819,SERVO_OUTPUT_RAW,0,0,0,0,0,0,0,0,1000,1000,1000,1000,0,0,0,0,0
2025-12-15 01:24:24.846,SERVO_OUTPUT_RAW,3020009816,SERVO_OUTPUT_RAW,0,0,0,0,0,0,0,0,1000,1000,1000,1000,0,0,0,0,0
2025-12-15 01:24:24.946,SERVO_OUTPUT_RAW,3020109774,SERVO_OUTPUT_RAW,0,0,0,0,0,0,0,0,1000,1000,1000,1000,0,0,0,0,0
2025-12-15 01:24:25.046,SERVO_OUTPUT_RAW,3020209786,SERVO_OUTPUT_RAW,0,0,0,0,0,0,0,0,1000,1000,1000,1000,0,0,0,0,0
2025-12-15 01:24:25.147,SERVO_OUTPUT_RAW,3020309785,SERVO_OUTPUT_RAW,0,0,0,0,0,0,0,0,1000,1000,1000,1000,0,0,0,0,0
2025-12-15 01:24:25.246,SERVO_OUTPUT_RAW,3020409786,SERVO_OUTPUT_RAW,0,0,0,0,0,0,0,0,1000,1000,1000,1000,0,0,0,0,0
2025-12-15 01:24:25.346,SERVO_OUTPUT_RAW,3020509792,SERVO_OUTPUT_RAW,0,0,0,0,0,0,0,0,1000,1000,1000,1000,0,0,0,0,0
2025-12-15 01:24:25.446,SERVO_OUTPUT_RAW,3020609841,SERVO_OUTPUT_RAW,0,0,0,0,0,0,0,0,1000,1000,1000,1000,0,0,0,0,0
2025-12-15 01:24:25.546,SERVO_OUTPUT_RAW,3020712141,SERVO_OUTPUT_RAW,0,0,0,0,0,0,0,0,1000,1000,1000,1000,0,0,0,0,0
2025-12-15 01:24:25.646,SERVO_OUTPUT_RAW,3020809845,SERVO_OUTPUT_RAW,0,0,0,0,0,0,0,0,1000,1000,1000,1000,0,0,0,0,0
2025-12-15 01:24:25.746,SERVO_OUTPUT_RAW,3020909815,SERVO_OUTPUT_RAW,0,0,0,0,0,0,0,0,1000,1000,1000,1000,0,0,0,0,0
2025-12-15 01:24:25.846,SERVO_OUTPUT_RAW,3021009826,SERVO_OUTPUT_RAW,0,0,0,0,0,0,0,0,1000,1000,1000,1000,0,0,0,0,0
2025-12-15 01:24:25.946,SERVO_OUTPUT_RAW,3021109838,SERVO_OUTPUT_RAW,0,0,0,0,0,0,0,0,1000,1000,1000,1000,0,0,0,0,0
2025-12-15 01:24:26.046,SERVO_OUTPUT_RAW,3021209832,SERVO_OUTPUT_RAW,0,0,0,0,0,0,0,0,1000,1000,1000,1000,0,0,0,0,0
2025-12-15 01:24:26.146,SERVO_OUTPUT_RAW,3021309793,SERVO_OUTPUT_RAW,0,0,0,0,0,0,0,0,1000,1000,1000,1000,0,0,0,0,0
2025-12-15 01:24:26.246,SERVO_OUTPUT_RAW,3021409802,SERVO_OUTPUT_RAW,0,0,0,0,0,0,0,0,1000,1000,1000,1000,0,0,0,0,0
2025-12-15 01:24:26.347,SERVO_OUTPUT_RAW,3021509878,SERVO_OUTPUT_RAW,0,0,0,0,0,0,0,0,1000,1000,1000,1000,0,0,0,0,0
2025-12-15 01:24:26.446,SERVO_OUTPUT_RAW,3021609792,SERVO_OUTPUT_RAW,0,0,0,0,0,0,0,0,1000,1000,1000,1000,0,0,0,0,0
2025-12-15 01:24:26.546,SERVO_OUTPUT_RAW,3021709779,SERVO_OUTPUT_RAW,0,0,0,0,0,0,0,0,1000,1000,1000,1000,0,0,0,0,0
2025-12-15 01:24:26.647,SERVO_OUTPUT_RAW,3021809854,SERVO_OUTPUT_RAW,0,0,0,0,0,0,0,0,1000,1000,1000,1000,0,0,0,0,0
2025-12-15 01:24:26.746,SERVO_OUTPUT_RAW,3021909791,SERVO_OUTPUT_RAW,0,0,0,0,0,0,0,0,1000,1000,1000,1000,0,0,0,0,0
2025-12-15 01:24:26.846,SERVO_OUTPUT_RAW,3022012102,SERVO_OUTPUT_RAW,0,0,0,0,0,0,0,0,1000,1000,1000,1000,0,0,0,0,0
2025-12-15 01:24:26.947,SERVO_OUTPUT_RAW,3022109809,SERVO_OUTPUT_RAW,0,0,0,0,0,0,0,0,1000,1000,1000,1000,0,0,0,0,0
2025-12-15 01:24:27.046,SERVO_OUTPUT_RAW,3022209828,SERVO_OUTPUT_RAW,0,0,0,0,0,0,0,0,1000,1000,1000,1000,0,0,0,0,0
2025-12-15 01:24:27.146,SERVO_OUTPUT_RAW,3022309847,SERVO_OUTPUT_RAW,0,0,0,0,0,0,0,0,1000,1000,1000,1000,0,0,0,0,0
2025-12-15 01:24:27.247,SERVO_OUTPUT_RAW,3022409890,SERVO_OUTPUT_RAW,0,0,0,0,0,0,0,0,1000,1000,1000,1000,0,0,0,0,0
2025-12-15 01:24:27.346,SERVO_OUTPUT_RAW,3022509794,SERVO_OUTPUT_RAW,0,0,0,0,0,0,0,0,1000,1000,1000,1000,0,0,0,0,0
2025-12-15 01:24:27.447,SERVO_OUTPUT_RAW,3022609840,SERVO_OUTPUT_RAW,0,0,0,0,0,0,0,0,1000,1000,1000,1000,0,0,0,0,0
2025-12-15 01:24:27.545,SERVO_OUTPUT_RAW,3022709839,SERVO_OUTPUT_RAW,0,0,0,0,0,0,0,0,1000,1000,1000,1000,0,0,0,0,0
2025-12-15 01:24:27.644,SERVO_OUTPUT_RAW,3022809786,SERVO_OUTPUT_RAW,0,0,0,0,0,0,0,0,1000,1000,1000,1000,0,0,0,0,0
2025-12-15 01:24:27.744,SERVO_OUTPUT_RAW,3022909781,SERVO_OUTPUT_RAW,0,0,0,0,0,0,0,0,1000,1000,1000,1000,0,0,0,0,0
2025-12-15 01:24:27.845,SERVO_OUTPUT_RAW,3023009832,SERVO_OUTPUT_RAW,0,0,0,0,0,0,0,0,1000,1000,1000,1000,0,0,0,0,0
2025-12-15 01:24:27.944,SERVO_OUTPUT_RAW,3023109822,SERVO_OUTPUT_RAW,0,0,0,0,0,0,0,0,1000,1000,1000,1000,0,0,0,0,0
2025-12-15 01:24:28.044,SERVO_OUTPUT_RAW,3023209780,SERVO_OUTPUT_RAW,0,0,0,0,0,0,0,0,1000,1000,1000,1000,0,0,0,0,0
2025-12-15 01:24:28.144,SERVO_OUTPUT_RAW,3023309807,SERVO_OUTPUT_RAW,0,0,0,0,0,0,0,0,1000,1000,1000,1000,0,0,0,0,0
2025-12-15 01:24:28.244,SERVO_OUTPUT_RAW,3023409792,SERVO_OUTPUT_RAW,0,0,0,0,0,0,0,0,1000,1000,1000,1000,0,0,0,0,0
2025-12-15 01:24:28.344,SERVO_OUTPUT_RAW,3023509804,SERVO_OUTPUT_RAW,0,0,0,0,0,0,0,0,1000,1000,1000,1000,0,0,0,0,0
2025-12-15 01:24:28.445,SERVO_OUTPUT_RAW,3023612139,SERVO_OUTPUT_RAW,0,0,0,0,0,0,0,0,1000,1000,1000,1000,0,0,0,0,0
2025-12-15 01:24:28.544,SERVO_OUTPUT_RAW,3023709809,SERVO_OUTPUT_RAW,0,0,0,0,0,0,0,0,1000,1000,1000,1000,0,0,0,0,0
2025-12-15 01:24:28.644,SERVO_OUTPUT_RAW,3023809819,SERVO_OUTPUT_RAW,0,0,0,0,0,0,0,0,1000,1000,1000,1000,0,0,0,0,0
2025-12-15 01:24:28.745,SERVO_OUTPUT_RAW,3023912138,SERVO_OUTPUT_RAW,0,0,0,0,0,0,0,0,1000,1000,1000,1000,0,0,0,0,0
2025-12-15 01:24:28.844,SERVO_OUTPUT_RAW,3024009795,SERVO_OUTPUT_RAW,0,0,0,0,0,0,0,0,1000,1000,1000,1000,0,0,0,0,0
2025-12-15 01:24:28.944,SERVO_OUTPUT_RAW,3024109812,SERVO_OUTPUT_RAW,0,0,0,0,0,0,0,0,1000,1000,1000,1000,0,0,0,0,0
2025-12-15 01:24:29.045,SERVO_OUTPUT_RAW,3024209863,SERVO_OUTPUT_RAW,0,0,0,0,0,0,0,0,1000,1000,1000,1000,0,0,0,0,0
2025-12-15 01:24:29.144,SERVO_OUTPUT_RAW,3024309836,SERVO_OUTPUT_RAW,0,0,0,0,0,0,0,0,1000,1000,1000,1000,0,0,0,0,0
2025-12-15 01:24:29.244,SERVO_OUTPUT_RAW,3024409788,SERVO_OUTPUT_RAW,0,0,0,0,0,0,0,0,1000,1000,1000,1000,0,0,0,0,0
2025-12-15 01:24:29.344,SERVO_OUTPUT_RAW,3024509815,SERVO_OUTPUT_RAW,0,0,0,0,0,0,0,0,1000,1000,1000,1000,0,0,0,0,0
2025-12-15 01:24:29.444,SERVO_OUTPUT_RAW,3024609820,SERVO_OUTPUT_RAW,0,0,0,0,0,0,0,0,1000,1000,1000,1000,0,0,0,0,0
2025-12-15 01:24:29.544,SERVO_OUTPUT_RAW,3024709823,SERVO_OUTPUT_RAW,0,0,0,0,0,0,0,0,1000,1000,1000,1000,0,0,0,0,0
2025-12-15 01:24:29.644,SERVO_OUTPUT_RAW,3024809786,SERVO_OUTPUT_RAW,0,0,0,0,0,0,0,0,1000,1000,1000,1000,0,0,0,0,0
2025-12-15 01:24:29.744,SERVO_OUTPUT_RAW,3024909805,SERVO_OUTPUT_RAW,0,0,0,0,0,0,0,0,1000,1000,1000,1000,0,0,0,0,0
2025-12-15 01:24:29.844,SERVO_OUTPUT_RAW,3025009801,SERVO_OUTPUT_RAW,0,0,0,0,0,0,0,0,1000,1000,1000,1000,0,0,0,0,0
2025-12-15 01:24:29.945,SERVO_OUTPUT_RAW,3025109795,SERVO_OUTPUT_RAW,0,0,0,0,0,0,0,0,1000,1000,1000,1000,0,0,0,0,0
2025-12-15 01:24:30.044,SERVO_OUTPUT_RAW,3025209804,SERVO_OUTPUT_RAW,0,0,0,0,0,0,0,0,1000,1000,1000,1000,0,0,0,0,0
2025-12-15 01:24:30.144,SERVO_OUTPUT_RAW,3025309826,SERVO_OUTPUT_RAW,0,0,0,0,0,0,0,0,1000,1000,1000,1000,0,0,0,0,0
2025-12-15 01:24:30.244,SERVO_OUTPUT_RAW,3025409845,SERVO_OUTPUT_RAW,0,0,0,0,0,0,0,0,1000,1000,1000,1000,0,0,0,0,0
2025-12-15 01:24:30.344,SERVO_OUTPUT_RAW,3025509863,SERVO_OUTPUT_RAW,0,0,0,0,0,0,0,0,1000,1000,1000,1000,0,0,0,0,0
2025-12-15 01:24:30.444,SERVO_OUTPUT_RAW,3025609796,SERVO_OUTPUT_RAW,0,0,0,0,0,0,0,0,1000,1000,1000,1000,0,0,0,0,0
2025-12-15 01:24:30.544,SERVO_OUTPUT_RAW,3025709817,SERVO_OUTPUT_RAW,0,0,0,0,0,0,0,0,1000,1000,1000,1000,0,0,0,0,0
2025-12-15 01:24:30.645,SERVO_OUTPUT_RAW,3025809847,SERVO_OUTPUT_RAW,0,0,0,0,0,0,0,0,1000,1000,1000,1000,0,0,0,0,0
2025-12-15 01:24:30.745,SERVO_OUTPUT_RAW,3025909865,SERVO_OUTPUT_RAW,0,0,0,0,0,0,0,0,1000,1000,1000,1000,0,0,0,0,0
2025-12-15 01:24:30.845,SERVO_OUTPUT_RAW,3026009792,SERVO_OUTPUT_RAW,0,0,0,0,0,0,0,0,1000,1000,1000,1000,0,0,0,0,0
2025-12-15 01:24:30.945,SERVO_OUTPUT_RAW,3026109812,SERVO_OUTPUT_RAW,0,0,0,0,0,0,0,0,1000,1000,1000,1000,0,0,0,0,0
2025-12-15 01:24:31.045,SERVO_OUTPUT_RAW,3026209811,SERVO_OUTPUT_RAW,0,0,0,0,0,0,0,0,1000,1000,1000,1000,0,0,0,0,0
2025-12-15 01:24:31.145,SERVO_OUTPUT_RAW,3026309773,SERVO_OUTPUT_RAW,0,0,0,0,0,0,0,0,1000,1000,1000,1000,0,0,0,0,0
2025-12-15 01:24:31.245,SERVO_OUTPUT_RAW,3026409788,SERVO_OUTPUT_RAW,0,0,0,0,0,0,0,0,1000,1000,1000,1000,0,0,0,0,0
2025-12-15 01:24:31.345,SERVO_OUTPUT_RAW,3026509818,SERVO_OUTPUT_RAW,0,0,0,0,0,0,0,0,1000,1000,1000,1000,0,0,0,0,0
2025-12-15 01:24:31.444,SERVO_OUTPUT_RAW,3026609785,SERVO_OUTPUT_RAW,0,0,0,0,0,0,0,0,1000,1000,1000,1000,0,0,0,0,0
2025-12-15 01:24:31.544,SERVO_OUTPUT_RAW,3026709786,SERVO_OUTPUT_RAW,0,0,0,0,0,0,0,0,1000,1000,1000,1000,0,0,0,0,0
2025-12-15 01:24:31.644,SERVO_OUTPUT_RAW,3026809812,SERVO_OUTPUT_RAW,0,0,0,0,0,0,0,0,1000,1000,1000,1000,0,0,0,0,0
2025-12-15 01:24:31.745,SERVO_OUTPUT_RAW,3026909855,SERVO_OUTPUT_RAW,0,0,0,0,0,0,0,0,1000,1000,1000,1000,0,0,0,0,0
2025-12-15 01:24:31.844,SERVO_OUTPUT_RAW,3027009800,SERVO_OUTPUT_RAW,0,0,0,0,0,0,0,0,1000,1000,1000,1000,0,0,0,0,0
2025-12-15 01:24:31.944,SERVO_OUTPUT_RAW,3027109815,SERVO_OUTPUT_RAW,0,0,0,0,0,0,0,0,1000,1000,1000,1000,0,0,0,0,0
2025-12-15 01:24:32.044,SERVO_OUTPUT_RAW,3027209807,SERVO_OUTPUT_RAW,0,0,0,0,0,0,0,0,1000,1000,1000,1000,0,0,0,0,0
2025-12-15 01:24:32.145,SERVO_OUTPUT_RAW,3027309832,SERVO_OUTPUT_RAW,0,0,0,0,0,0,0,0,1000,1000,1000,1000,0,0,0,0,0
2025-12-15 01:24:32.245,SERVO_OUTPUT_RAW,3027409853,SERVO_OUTPUT_RAW,0,0,0,0,0,0,0,0,1000,1000,1000,1000,0,0,0,0,0
2025-12-15 01:24:32.344,SERVO_OUTPUT_RAW,3027509774,SERVO_OUTPUT_RAW,0,0,0,0,0,0,0,0,1000,1000,1000,1000,0,0,0,0,0
2025-12-15 01:24:32.444,SERVO_OUTPUT_RAW,3027609790,SERVO_OUTPUT_RAW,0,0,0,0,0,0,0,0,1000,1000,1000,1000,0,0,0,0,0
2025-12-15 01:24:32.548,SERVO_OUTPUT_RAW,3027709815,SERVO_OUTPUT_RAW,0,0,0,0,0,0,0,0,1000,1000,1000,1000,0,0,0,0,0
2025-12-15 01:24:32.646,SERVO_OUTPUT_RAW,3027809843,SERVO_OUTPUT_RAW,0,0,0,0,0,0,0,0,1000,1000,1000,1000,0,0,0,0,0
2025-12-15 01:24:32.746,SERVO_OUTPUT_RAW,3027909777,SERVO_OUTPUT_RAW,0,0,0,0,0,0,0,0,1000,1000,1000,1000,0,0,0,0,0
2025-12-15 01:24:32.846,SERVO_OUTPUT_RAW,3028009795,SERVO_OUTPUT_RAW,0,0,0,0,0,0,0,0,1000,1000,1000,1000,0,0,0,0,0
2025-12-15 01:24:32.946,SERVO_OUTPUT_RAW,3028109850,SERVO_OUTPUT_RAW,0,0,0,0,0,0,0,0,1000,1000,1000,1000,0,0,0,0,0
2025-12-15 01:24:33.046,SERVO_OUTPUT_RAW,3028209784,SERVO_OUTPUT_RAW,0,0,0,0,0,0,0,0,1000,1000,1000,1000,0,0,0,0,0
2025-12-15 01:24:33.146,SERVO_OUTPUT_RAW,3028309808,SERVO_OUTPUT_RAW,0,0,0,0,0,0,0,0,1000,1000,1000,1000,0,0,0,0,0
2025-12-15 01:24:33.246,SERVO_OUTPUT_RAW,3028409842,SERVO_OUTPUT_RAW,0,0,0,0,0,0,0,0,1000,1000,1000,1000,0,0,0,0,0
2025-12-15 01:24:33.346,SERVO_OUTPUT_RAW,3028509839,SERVO_OUTPUT_RAW,0,0,0,0,0,0,0,0,1000,1000,1000,1000,0,0,0,0,0
2025-12-15 01:24:33.446,SERVO_OUTPUT_RAW,3028609849,SERVO_OUTPUT_RAW,0,0,0,0,0,0,0,0,1000,1000,1000,1000,0,0,0,0,0
2025-12-15 01:24:33.546,SERVO_OUTPUT_RAW,3028709798,SERVO_OUTPUT_RAW,0,0,0,0,0,0,0,0,1000,1000,1000,1000,0,0,0,0,0
2025-12-15 01:24:33.646,SERVO_OUTPUT_RAW,3028809824,SERVO_OUTPUT_RAW,0,0,0,0,0,0,0,0,1000,1000,1000,1000,0,0,0,0,0
2025-12-15 01:24:33.746,SERVO_OUTPUT_RAW,3028909847,SERVO_OUTPUT_RAW,0,0,0,0,0,0,0,0,1000,1000,1000,1000,0,0,0,0,0
2025-12-15 01:24:33.846,SERVO_OUTPUT_RAW,3029009830,SERVO_OUTPUT_RAW,0,0,0,0,0,0,0,0,1000,1000,1000,1000,0,0,0,0,0
2025-12-15 01:24:33.947,SERVO_OUTPUT_RAW,3029109785,SERVO_OUTPUT_RAW,0,0,0,0,0,0,0,0,1000,1000,1000,1000,0,0,0,0,0
2025-12-15 01:24:34.047,SERVO_OUTPUT_RAW,3029209803,SERVO_OUTPUT_RAW,0,0,0,0,0,0,0,0,1000,1000,1000,1000,0,0,0,0,0
2025-12-15 01:24:34.147,SERVO_OUTPUT_RAW,3029309815,SERVO_OUTPUT_RAW,0,0,0,0,0,0,0,0,1000,1000,1000,1000,0,0,0,0,0
2025-12-15 01:24:34.246,SERVO_OUTPUT_RAW,3029409844,SERVO_OUTPUT_RAW,0,0,0,0,0,0,0,0,1000,1000,1000,1000,0,0,0,0,0
2025-12-15 01:24:34.347,SERVO_OUTPUT_RAW,3029509785,SERVO_OUTPUT_RAW,0,0,0,0,0,0,0,0,1000,1000,1000,1000,0,0,0,0,0
2025-12-15 01:24:34.447,SERVO_OUTPUT_RAW,3029609810,SERVO_OUTPUT_RAW,0,0,0,0,0,0,0,0,1000,1000,1000,1000,0,0,0,0,0
2025-12-15 01:24:34.547,SERVO_OUTPUT_RAW,3029709792,SERVO_OUTPUT_RAW,0,0,0,0,0,0,0,0,1000,1000,1000,1000,0,0,0,0,0
2025-12-15 01:24:34.647,SERVO_OUTPUT_RAW,3029809784,SERVO_OUTPUT_RAW,0,0,0,0,0,0,0,0,1000,1000,1000,1000,0,0,0,0,0
2025-12-15 01:24:34.747,SERVO_OUTPUT_RAW,3029909801,SERVO_OUTPUT_RAW,0,0,0,0,0,0,0,0,1000,1000,1000,1000,0,0,0,0,0
2025-12-15 01:24:34.847,SERVO_OUTPUT_RAW,3030009814,SERVO_OUTPUT_RAW,0,0,0,0,0,0,0,0,1000,1000,1000,1000,0,0,0,0,0
2025-12-15 01:24:34.962,SERVO_OUTPUT_RAW,3030109796,SERVO_OUTPUT_RAW,0,0,0,0,0,0,0,0,1000,1000,1000,1000,0,0,0,0,0
2025-12-15 01:24:35.047,SERVO_OUTPUT_RAW,3030212167,SERVO_OUTPUT_RAW,0,0,0,0,0,0,0,0,1000,1000,1000,1000,0,0,0,0,0
2025-12-15 01:24:35.147,SERVO_OUTPUT_RAW,3030309813,SERVO_OUTPUT_RAW,0,0,0,0,0,0,0,0,1000,1000,1000,1000,0,0,0,0,0
2025-12-15 01:24:35.247,SERVO_OUTPUT_RAW,3030409828,SERVO_OUTPUT_RAW,0,0,0,0,0,0,0,0,1000,1000,1000,1000,0,0,0,0,0
2025-12-15 01:24:35.347,SERVO_OUTPUT_RAW,3030509862,SERVO_OUTPUT_RAW,0,0,0,0,0,0,0,0,1000,1000,1000,1000,0,0,0,0,0
2025-12-15 01:24:35.447,SERVO_OUTPUT_RAW,3030609829,SERVO_OUTPUT_RAW,0,0,0,0,0,0,0,0,1000,1000,1000,1000,0,0,0,0,0
2025-12-15 01:24:35.547,SERVO_OUTPUT_RAW,3030709817,SERVO_OUTPUT_RAW,0,0,0,0,0,0,0,0,1000,1000,1000,1000,0,0,0,0,0
2025-12-15 01:24:35.647,SERVO_OUTPUT_RAW,3030809818,SERVO_OUTPUT_RAW,0,0,0,0,0,0,0,0,1000,1000,1000,1000,0,0,0,0,0
2025-12-15 01:24:35.747,SERVO_OUTPUT_RAW,3030909821,SERVO_OUTPUT_RAW,0,0,0,0,0,0,0,0,1000,1000,1000,1000,0,0,0,0,0
2025-12-15 01:24:35.847,SERVO_OUTPUT_RAW,3031009793,SERVO_OUTPUT_RAW,0,0,0,0,0,0,0,0,1000,1000,1000,1000,0,0,0,0,0
2025-12-15 01:24:35.947,SERVO_OUTPUT_RAW,3031109779,SERVO_OUTPUT_RAW,0,0,0,0,0,0,0,0,1000,1000,1000,1000,0,0,0,0,0
2025-12-15 01:24:36.046,SERVO_OUTPUT_RAW,3031209790,SERVO_OUTPUT_RAW,0,0,0,0,0,0,0,0,1000,1000,1000,1000,0,0,0,0,0
2025-12-15 01:24:36.146,SERVO_OUTPUT_RAW,3031309779,SERVO_OUTPUT_RAW,0,0,0,0,0,0,0,0,1000,1000,1000,1000,0,0,0,0,0
2025-12-15 01:24:36.247,SERVO_OUTPUT_RAW,3031409799,SERVO_OUTPUT_RAW,0,0,0,0,0,0,0,0,1000,1000,1000,1000,0,0,0,0,0
2025-12-15 01:24:36.346,SERVO_OUTPUT_RAW,3031509808,SERVO_OUTPUT_RAW,0,0,0,0,0,0,0,0,1000,1000,1000,1000,0,0,0,0,0
2025-12-15 01:24:36.446,SERVO_OUTPUT_RAW,3031609835,SERVO_OUTPUT_RAW,0,0,0,0,0,0,0,0,1000,1000,1000,1000,0,0,0,0,0
2025-12-15 01:24:36.546,SERVO_OUTPUT_RAW,3031709867,SERVO_OUTPUT_RAW,0,0,0,0,0,0,0,0,1000,1000,1000,1000,0,0,0,0,0
2025-12-15 01:24:36.646,SERVO_OUTPUT_RAW,3031809809,SERVO_OUTPUT_RAW,0,0,0,0,0,0,0,0,1000,1000,1000,1000,0,0,0,0,0
2025-12-15 01:24:36.747,SERVO_OUTPUT_RAW,3031909843,SERVO_OUTPUT_RAW,0,0,0,0,0,0,0,0,1000,1000,1000,1000,0,0,0,0,0
2025-12-15 01:24:36.847,SERVO_OUTPUT_RAW,3032009837,SERVO_OUTPUT_RAW,0,0,0,0,0,0,0,0,1000,1000,1000,1000,0,0,0,0,0
2025-12-15 01:24:36.947,SERVO_OUTPUT_RAW,3032109846,SERVO_OUTPUT_RAW,0,0,0,0,0,0,0,0,1000,1000,1000,1000,0,0,0,0,0
2025-12-15 01:24:37.047,SERVO_OUTPUT_RAW,3032209783,SERVO_OUTPUT_RAW,0,0,0,0,0,0,0,0,1000,1000,1000,1000,0,0,0,0,0
2025-12-15 01:24:37.147,SERVO_OUTPUT_RAW,3032309866,SERVO_OUTPUT_RAW,0,0,0,0,0,0,0,0,1000,1000,1000,1000,0,0,0,0,0
2025-12-15 01:24:37.247,SERVO_OUTPUT_RAW,3032409817,SERVO_OUTPUT_RAW,0,0,0,0,0,0,0,0,1000,1000,1000,1000,0,0,0,0,0
2025-12-15 01:24:37.347,SERVO_OUTPUT_RAW,3032509798,SERVO_OUTPUT_RAW,0,0,0,0,0,0,0,0,1000,1000,1000,1000,0,0,0,0,0
2025-12-15 01:24:37.447,SERVO_OUTPUT_RAW,3032609784,SERVO_OUTPUT_RAW,0,0,0,0,0,0,0,0,1000,1000,1000,1000,0,0,0,0,0
2025-12-15 01:24:37.547,SERVO_OUTPUT_RAW,3032709782,SERVO_OUTPUT_RAW,0,0,0,0,0,0,0,0,1000,1000,1000,1000,0,0,0,0,0
2025-12-15 01:24:37.647,SERVO_OUTPUT_RAW,3032809788,SERVO_OUTPUT_RAW,0,0,0,0,0,0,0,0,1000,1000,1000,1000,0,0,0,0,0
2025-12-15 01:24:37.747,SERVO_OUTPUT_RAW,3032912116,SERVO_OUTPUT_RAW,0,0,0,0,0,0,0,0,1000,1000,1000,1000,0,0,0,0,0
2025-12-15 01:24:37.847,SERVO_OUTPUT_RAW,3033009801,SERVO_OUTPUT_RAW,0,0,0,0,0,0,0,0,1000,1000,1000,1000,0,0,0,0,0
2025-12-15 01:24:37.947,SERVO_OUTPUT_RAW,3033109821,SERVO_OUTPUT_RAW,0,0,0,0,0,0,0,0,1000,1000,1000,1000,0,0,0,0,0
2025-12-15 01:24:38.047,SERVO_OUTPUT_RAW,3033209845,SERVO_OUTPUT_RAW,0,0,0,0,0,0,0,0,1000,1000,1000,1000,0,0,0,0,0
2025-12-15 01:24:38.147,SERVO_OUTPUT_RAW,3033309807,SERVO_OUTPUT_RAW,0,0,0,0,0,0,0,0,1000,1000,1000,1000,0,0,0,0,0
2025-12-15 01:24:38.247,SERVO_OUTPUT_RAW,3033409793,SERVO_OUTPUT_RAW,0,0,0,0,0,0,0,0,1000,1000,1000,1000,0,0,0,0,0
2025-12-15 01:24:38.347,SERVO_OUTPUT_RAW,3033509810,SERVO_OUTPUT_RAW,0,0,0,0,0,0,0,0,1000,1000,1000,1000,0,0,0,0,0
2025-12-15 01:24:38.447,SERVO_OUTPUT_RAW,3033609868,SERVO_OUTPUT_RAW,0,0,0,0,0,0,0,0,1000,1000,1000,1000,0,0,0,0,0
2025-12-15 01:24:38.547,SERVO_OUTPUT_RAW,3033709845,SERVO_OUTPUT_RAW,0,0,0,0,0,0,0,0,1000,1000,1000,1000,0,0,0,0,0
2025-12-15 01:24:38.647,SERVO_OUTPUT_RAW,3033809780,SERVO_OUTPUT_RAW,0,0,0,0,0,0,0,0,1000,1000,1000,1000,0,0,0,0,0
2025-12-15 01:24:38.747,SERVO_OUTPUT_RAW,3033909819,SERVO_OUTPUT_RAW,0,0,0,0,0,0,0,0,1000,1000,1000,1000,0,0,0,0,0
2025-12-15 01:24:38.847,SERVO_OUTPUT_RAW,3034009814,SERVO_OUTPUT_RAW,0,0,0,0,0,0,0,0,1000,1000,1000,1000,0,0,0,0,0
2025-12-15 01:24:38.947,SERVO_OUTPUT_RAW,3034109796,SERVO_OUTPUT_RAW,0,0,0,0,0,0,0,0,1000,1000,1000,1000,0,0,0,0,0
2025-12-15 01:24:39.047,SERVO_OUTPUT_RAW,3034209787,SERVO_OUTPUT_RAW,0,0,0,0,0,0,0,0,1000,1000,1000,1000,0,0,0,0,0
2025-12-15 01:24:39.147,SERVO_OUTPUT_RAW,3034309792,SERVO_OUTPUT_RAW,0,0,0,0,0,0,0,0,1000,1000,1000,1000,0,0,0,0,0
2025-12-15 01:24:39.247,SERVO_OUTPUT_RAW,3034409854,SERVO_OUTPUT_RAW,0,0,0,0,0,0,0,0,1000,1000,1000,1000,0,0,0,0,0
2025-12-15 01:24:39.347,SERVO_OUTPUT_RAW,3034509790,SERVO_OUTPUT_RAW,0,0,0,0,0,0,0,0,1000,1000,1000,1000,0,0,0,0,0
2025-12-15 01:24:39.447,SERVO_OUTPUT_RAW,3034609799,SERVO_OUTPUT_RAW,0,0,0,0,0,0,0,0,1000,1000,1000,1000,0,0,0,0,0
2025-12-15 01:24:39.547,SERVO_OUTPUT_RAW,3034709833,SERVO_OUTPUT_RAW,0,0,0,0,0,0,0,0,1000,1000,1000,1000,0,0,0,0,0
2025-12-15 01:24:39.647,SERVO_OUTPUT_RAW,3034809778,SERVO_OUTPUT_RAW,0,0,0,0,0,0,0,0,1000,1000,1000,1000,0,0,0,0,0
2025-12-15 01:24:39.747,SERVO_OUTPUT_RAW,3034909814,SERVO_OUTPUT_RAW,0,0,0,0,0,0,0,0,1000,1000,1000,1000,0,0,0,0,0
2025-12-15 01:24:39.847,SERVO_OUTPUT_RAW,3035009846,SERVO_OUTPUT_RAW,0,0,0,0,0,0,0,0,1000,1000,1000,1000,0,0,0,0,0
2025-12-15 01:24:39.947,SERVO_OUTPUT_RAW,3035109825,SERVO_OUTPUT_RAW,0,0,0,0,0,0,0,0,1000,1000,1000,1000,0,0,0,0,0
2025-12-15 01:24:40.047,SERVO_OUTPUT_RAW,3035209873,SERVO_OUTPUT_RAW,0,0,0,0,0,0,0,0,1000,1000,1000,1000,0,0,0,0,0
2025-12-15 01:24:40.148,SERVO_OUTPUT_RAW,3035309790,SERVO_OUTPUT_RAW,0,0,0,0,0,0,0,0,1000,1000,1000,1000,0,0,0,0,0
2025-12-15 01:24:40.247,SERVO_OUTPUT_RAW,3035409802,SERVO_OUTPUT_RAW,0,0,0,0,0,0,0,0,1000,1000,1000,1000,0,0,0,0,0
2025-12-15 01:24:40.347,SERVO_OUTPUT_RAW,3035509810,SERVO_OUTPUT_RAW,0,0,0,0,0,0,0,0,1000,1000,1000,1000,0,0,0,0,0
2025-12-15 01:24:40.447,SERVO_OUTPUT_RAW,3035609813,SERVO_OUTPUT_RAW,0,0,0,0,0,0,0,0,1000,1000,1000,1000,0,0,0,0,0
2025-12-15 01:24:40.547,SERVO_OUTPUT_RAW,3035709783,SERVO_OUTPUT_RAW,0,0,0,0,0,0,0,0,1000,1000,1000,1000,0,0,0,0,0
2025-12-15 01:24:40.647,SERVO_OUTPUT_RAW,3035809788,SERVO_OUTPUT_RAW,0,0,0,0,0,0,0,0,1000,1000,1000,1000,0,0,0,0,0
2025-12-15 01:24:40.747,SERVO_OUTPUT_RAW,3035909804,SERVO_OUTPUT_RAW,0,0,0,0,0,0,0,0,1000,1000,1000,1000,0,0,0,0,0
2025-12-15 01:24:40.847,SERVO_OUTPUT_RAW,3036009781,SERVO_OUTPUT_RAW,0,0,0,0,0,0,0,0,1000,1000,1000,1000,0,0,0,0,0
2025-12-15 01:24:40.946,SERVO_OUTPUT_RAW,3036109789,SERVO_OUTPUT_RAW,0,0,0,0,0,0,0,0,1000,1000,1000,1000,0,0,0,0,0
2025-12-15 01:24:41.046,SERVO_OUTPUT_RAW,3036212160,SERVO_OUTPUT_RAW,0,0,0,0,0,0,0,0,1000,1000,1000,1000,0,0,0,0,0
2025-12-15 01:24:41.147,SERVO_OUTPUT_RAW,3036309839,SERVO_OUTPUT_RAW,0,0,0,0,0,0,0,0,1000,1000,1000,1000,0,0,0,0,0
2025-12-15 01:24:41.247,SERVO_OUTPUT_RAW,3036409858,SERVO_OUTPUT_RAW,0,0,0,0,0,0,0,0,1000,1000,1000,1000,0,0,0,0,0
2025-12-15 01:24:41.347,SERVO_OUTPUT_RAW,3036512165,SERVO_OUTPUT_RAW,0,0,0,0,0,0,0,0,1000,1000,1000,1000,0,0,0,0,0
2025-12-15 01:24:41.447,SERVO_OUTPUT_RAW,3036609824,SERVO_OUTPUT_RAW,0,0,0,0,0,0,0,0,1000,1000,1000,1000,0,0,0,0,0
2025-12-15 01:24:41.547,SERVO_OUTPUT_RAW,3036709840,SERVO_OUTPUT_RAW,0,0,0,0,0,0,0,0,1000,1000,1000,1000,0,0,0,0,0
2025-12-15 01:24:41.647,SERVO_OUTPUT_RAW,3036809845,SERVO_OUTPUT_RAW,0,0,0,0,0,0,0,0,1000,1000,1000,1000,0,0,0,0,0
2025-12-15 01:24:41.747,SERVO_OUTPUT_RAW,3036909801,SERVO_OUTPUT_RAW,0,0,0,0,0,0,0,0,1000,1000,1000,1000,0,0,0,0,0
2025-12-15 01:24:41.846,SERVO_OUTPUT_RAW,3037009808,SERVO_OUTPUT_RAW,0,0,0,0,0,0,0,0,1000,1000,1000,1000,0,0,0,0,0
2025-12-15 01:24:41.946,SERVO_OUTPUT_RAW,3037109817,SERVO_OUTPUT_RAW,0,0,0,0,0,0,0,0,1000,1000,1000,1000,0,0,0,0,0
2025-12-15 01:24:42.047,SERVO_OUTPUT_RAW,3037209790,SERVO_OUTPUT_RAW,0,0,0,0,0,0,0,0,1000,1000,1000,1000,0,0,0,0,0
2025-12-15 01:24:42.146,SERVO_OUTPUT_RAW,3037309776,SERVO_OUTPUT_RAW,0,0,0,0,0,0,0,0,1000,1000,1000,1000,0,0,0,0,0
2025-12-15 01:24:42.246,SERVO_OUTPUT_RAW,3037409791,SERVO_OUTPUT_RAW,0,0,0,0,0,0,0,0,1000,1000,1000,1000,0,0,0,0,0
2025-12-15 01:24:42.346,SERVO_OUTPUT_RAW,3037509786,SERVO_OUTPUT_RAW,0,0,0,0,0,0,0,0,1000,1000,1000,1000,0,0,0,0,0
2025-12-15 01:24:42.463,SERVO_OUTPUT_RAW,3037609787,SERVO_OUTPUT_RAW,0,0,0,0,0,0,0,0,1000,1000,1000,1000,0,0,0,0,0
2025-12-15 01:24:42.547,SERVO_OUTPUT_RAW,3037709806,SERVO_OUTPUT_RAW,0,0,0,0,0,0,0,0,1000,1000,1000,1000,0,0,0,0,0
2025-12-15 01:24:42.646,SERVO_OUTPUT_RAW,3037809825,SERVO_OUTPUT_RAW,0,0,0,0,0,0,0,0,1000,1000,1000,1000,0,0,0,0,0
2025-12-15 01:24:42.747,SERVO_OUTPUT_RAW,3037909839,SERVO_OUTPUT_RAW,0,0,0,0,0,0,0,0,1000,1000,1000,1000,0,0,0,0,0
2025-12-15 01:24:42.846,SERVO_OUTPUT_RAW,3038009847,SERVO_OUTPUT_RAW,0,0,0,0,0,0,0,0,1000,1000,1000,1000,0,0,0,0,0
2025-12-15 01:24:42.946,SERVO_OUTPUT_RAW,3038109894,SERVO_OUTPUT_RAW,0,0,0,0,0,0,0,0,1000,1000,1000,1000,0,0,0,0,0
2025-12-15 01:24:43.047,SERVO_OUTPUT_RAW,3038209863,SERVO_OUTPUT_RAW,0,0,0,0,0,0,0,0,1000,1000,1000,1000,0,0,0,0,0
2025-12-15 01:24:43.147,SERVO_OUTPUT_RAW,3038309859,SERVO_OUTPUT_RAW,0,0,0,0,0,0,0,0,1000,1000,1000,1000,0,0,0,0,0
2025-12-15 01:24:43.247,SERVO_OUTPUT_RAW,3038409785,SERVO_OUTPUT_RAW,0,0,0,0,0,0,0,0,1000,1000,1000,1000,0,0,0,0,0
2025-12-15 01:24:43.346,SERVO_OUTPUT_RAW,3038509785,SERVO_OUTPUT_RAW,0,0,0,0,0,0,0,0,1000,1000,1000,1000,0,0,0,0,0
2025-12-15 01:24:43.446,SERVO_OUTPUT_RAW,3038609820,SERVO_OUTPUT_RAW,0,0,0,0,0,0,0,0,1000,1000,1000,1000,0,0,0,0,0
2025-12-15 01:24:43.546,SERVO_OUTPUT_RAW,3038709812,SERVO_OUTPUT_RAW,0,0,0,0,0,0,0,0,1000,1000,1000,1000,0,0,0,0,0
2025-12-15 01:24:43.646,SERVO_OUTPUT_RAW,3038809779,SERVO_OUTPUT_RAW,0,0,0,0,0,0,0,0,1000,1000,1000,1000,0,0,0,0,0
2025-12-15 01:24:43.746,SERVO_OUTPUT_RAW,3038909784,SERVO_OUTPUT_RAW,0,0,0,0,0,0,0,0,1000,1000,1000,1000,0,0,0,0,0
2025-12-15 01:24:43.846,SERVO_OUTPUT_RAW,3039009790,SERVO_OUTPUT_RAW,0,0,0,0,0,0,0,0,1000,1000,1000,1000,0,0,0,0,0
2025-12-15 01:24:43.946,SERVO_OUTPUT_RAW,3039109806,SERVO_OUTPUT_RAW,0,0,0,0,0,0,0,0,1000,1000,1000,1000,0,0,0,0,0
2025-12-15 01:24:44.046,SERVO_OUTPUT_RAW,3039209783,SERVO_OUTPUT_RAW,0,0,0,0,0,0,0,0,1000,1000,1000,1000,0,0,0,0,0
2025-12-15 01:24:44.146,SERVO_OUTPUT_RAW,3039309825,SERVO_OUTPUT_RAW,0,0,0,0,0,0,0,0,1000,1000,1000,1000,0,0,0,0,0
2025-12-15 01:24:44.247,SERVO_OUTPUT_RAW,3039409883,SERVO_OUTPUT_RAW,0,0,0,0,0,0,0,0,1000,1000,1000,1000,0,0,0,0,0
2025-12-15 01:24:44.347,SERVO_OUTPUT_RAW,3039509847,SERVO_OUTPUT_RAW,0,0,0,0,0,0,0,0,1000,1000,1000,1000,0,0,0,0,0
2025-12-15 01:24:44.447,SERVO_OUTPUT_RAW,3039609812,SERVO_OUTPUT_RAW,0,0,0,0,0,0,0,0,1000,1000,1000,1000,0,0,0,0,0
2025-12-15 01:24:44.547,SERVO_OUTPUT_RAW,3039709812,SERVO_OUTPUT_RAW,0,0,0,0,0,0,0,0,1000,1000,1000,1000,0,0,0,0,0
2025-12-15 01:24:44.647,SERVO_OUTPUT_RAW,3039809830,SERVO_OUTPUT_RAW,0,0,0,0,0,0,0,0,1000,1000,1000,1000,0,0,0,0,0
2025-12-15 01:24:44.747,SERVO_OUTPUT_RAW,3039909851,SERVO_OUTPUT_RAW,0,0,0,0,0,0,0,0,1000,1000,1000,1000,0,0,0,0,0
2025-12-15 01:24:44.847,SERVO_OUTPUT_RAW,3040009780,SERVO_OUTPUT_RAW,0,0,0,0,0,0,0,0,1000,1000,1000,1000,0,0,0,0,0
2025-12-15 01:24:44.947,SERVO_OUTPUT_RAW,3040109793,SERVO_OUTPUT_RAW,0,0,0,0,0,0,0,0,1000,1000,1000,1000,0,0,0,0,0
2025-12-15 01:24:45.047,SERVO_OUTPUT_RAW,3040209810,SERVO_OUTPUT_RAW,0,0,0,0,0,0,0,0,1000,1000,1000,1000,0,0,0,0,0
2025-12-15 01:24:45.147,SERVO_OUTPUT_RAW,3040309825,SERVO_OUTPUT_RAW,0,0,0,0,0,0,0,0,1000,1000,1000,1000,0,0,0,0,0
2025-12-15 01:24:45.247,SERVO_OUTPUT_RAW,3040409814,SERVO_OUTPUT_RAW,0,0,0,0,0,0,0,0,1000,1000,1000,1000,0,0,0,0,0
2025-12-15 01:24:45.347,SERVO_OUTPUT_RAW,3040509793,SERVO_OUTPUT_RAW,0,0,0,0,0,0,0,0,1000,1000,1000,1000,0,0,0,0,0
2025-12-15 01:24:45.447,SERVO_OUTPUT_RAW,3040609793,SERVO_OUTPUT_RAW,0,0,0,0,0,0,0,0,1000,1000,1000,1000,0,0,0,0,0
2025-12-15 01:24:45.547,SERVO_OUTPUT_RAW,3040709853,SERVO_OUTPUT_RAW,0,0,0,0,0,0,0,0,1000,1000,1000,1000,0,0,0,0,0
2025-12-15 01:24:45.647,SERVO_OUTPUT_RAW,3040809804,SERVO_OUTPUT_RAW,0,0,0,0,0,0,0,0,1000,1000,1000,1000,0,0,0,0,0
2025-12-15 01:24:45.747,SERVO_OUTPUT_RAW,3040909809,SERVO_OUTPUT_RAW,0,0,0,0,0,0,0,0,1000,1000,1000,1000,0,0,0,0,0
2025-12-15 01:24:45.847,SERVO_OUTPUT_RAW,3041009862,SERVO_OUTPUT_RAW,0,0,0,0,0,0,0,0,1000,1000,1000,1000,0,0,0,0,0
2025-12-15 01:24:45.947,SERVO_OUTPUT_RAW,3041109782,SERVO_OUTPUT_RAW,0,0,0,0,0,0,0,0,1000,1000,1000,1000,0,0,0,0,0
2025-12-15 01:24:46.047,SERVO_OUTPUT_RAW,3041209780,SERVO_OUTPUT_RAW,0,0,0,0,0,0,0,0,1000,1000,1000,1000,0,0,0,0,0
2025-12-15 01:24:46.147,SERVO_OUTPUT_RAW,3041312075,SERVO_OUTPUT_RAW,0,0,0,0,0,0,0,0,1000,1000,1000,1000,0,0,0,0,0
2025-12-15 01:24:46.247,SERVO_OUTPUT_RAW,3041409859,SERVO_OUTPUT_RAW,0,0,0,0,0,0,0,0,1000,1000,1000,1000,0,0,0,0,0
2025-12-15 01:24:46.347,SERVO_OUTPUT_RAW,3041509847,SERVO_OUTPUT_RAW,0,0,0,0,0,0,0,0,1000,1000,1000,1000,0,0,0,0,0
2025-12-15 01:24:46.447,SERVO_OUTPUT_RAW,3041609796,SERVO_OUTPUT_RAW,0,0,0,0,0,0,0,0,1000,1000,1000,1000,0,0,0,0,0
2025-12-15 01:24:46.547,SERVO_OUTPUT_RAW,3041709815,SERVO_OUTPUT_RAW,0,0,0,0,0,0,0,0,1000,1000,1000,1000,0,0,0,0,0
2025-12-15 01:24:46.647,SERVO_OUTPUT_RAW,3041809837,SERVO_OUTPUT_RAW,0,0,0,0,0,0,0,0,1000,1000,1000,1000,0,0,0,0,0
2025-12-15 01:24:46.747,SERVO_OUTPUT_RAW,3041909786,SERVO_OUTPUT_RAW,0,0,0,0,0,0,0,0,1000,1000,1000,1000,0,0,0,0,0
2025-12-15 01:24:46.847,SERVO_OUTPUT_RAW,3042009803,SERVO_OUTPUT_RAW,0,0,0,0,0,0,0,0,1000,1000,1000,1000,0,0,0,0,0
2025-12-15 01:24:46.947,SERVO_OUTPUT_RAW,3042109797,SERVO_OUTPUT_RAW,0,0,0,0,0,0,0,0,1000,1000,1000,1000,0,0,0,0,0
2025-12-15 01:24:47.047,SERVO_OUTPUT_RAW,3042209797,SERVO_OUTPUT_RAW,0,0,0,0,0,0,0,0,1000,1000,1000,1000,0,0,0,0,0
2025-12-15 01:24:47.147,SERVO_OUTPUT_RAW,3042309801,SERVO_OUTPUT_RAW,0,0,0,0,0,0,0,0,1000,1000,1000,1000,0,0,0,0,0
2025-12-15 01:24:47.247,SERVO_OUTPUT_RAW,3042409812,SERVO_OUTPUT_RAW,0,0,0,0,0,0,0,0,1000,1000,1000,1000,0,0,0,0,0
2025-12-15 01:24:47.347,SERVO_OUTPUT_RAW,3042509823,SERVO_OUTPUT_RAW,0,0,0,0,0,0,0,0,1000,1000,1000,1000,0,0,0,0,0
2025-12-15 01:24:47.447,SERVO_OUTPUT_RAW,3042609849,SERVO_OUTPUT_RAW,0,0,0,0,0,0,0,0,1000,1000,1000,1000,0,0,0,0,0
2025-12-15 01:24:47.547,SERVO_OUTPUT_RAW,3042709801,SERVO_OUTPUT_RAW,0,0,0,0,0,0,0,0,1000,1000,1000,1000,0,0,0,0,0
2025-12-15 01:24:47.647,SERVO_OUTPUT_RAW,3042812094,SERVO_OUTPUT_RAW,0,0,0,0,0,0,0,0,1000,1000,1000,1000,0,0,0,0,0
2025-12-15 01:24:47.747,SERVO_OUTPUT_RAW,3042909830,SERVO_OUTPUT_RAW,0,0,0,0,0,0,0,0,1000,1000,1000,1000,0,0,0,0,0
2025-12-15 01:24:47.847,SERVO_OUTPUT_RAW,3043009851,SERVO_OUTPUT_RAW,0,0,0,0,0,0,0,0,1000,1000,1000,1000,0,0,0,0,0
2025-12-15 01:24:47.947,SERVO_OUTPUT_RAW,3043109895,SERVO_OUTPUT_RAW,0,0,0,0,0,0,0,0,1000,1000,1000,1000,0,0,0,0,0
2025-12-15 01:24:48.047,SERVO_OUTPUT_RAW,3043209788,SERVO_OUTPUT_RAW,0,0,0,0,0,0,0,0,1000,1000,1000,1000,0,0,0,0,0
2025-12-15 01:24:48.147,SERVO_OUTPUT_RAW,3043309833,SERVO_OUTPUT_RAW,0,0,0,0,0,0,0,0,1000,1000,1000,1000,0,0,0,0,0
2025-12-15 01:24:48.247,SERVO_OUTPUT_RAW,3043409810,SERVO_OUTPUT_RAW,0,0,0,0,0,0,0,0,1000,1000,1000,1000,0,0,0,0,0
2025-12-15 01:24:48.347,SERVO_OUTPUT_RAW,3043509777,SERVO_OUTPUT_RAW,0,0,0,0,0,0,0,0,1000,1000,1000,1000,0,0,0,0,0
2025-12-15 01:24:48.447,SERVO_OUTPUT_RAW,3043609778,SERVO_OUTPUT_RAW,0,0,0,0,0,0,0,0,1000,1000,1000,1000,0,0,0,0,0
2025-12-15 01:24:48.547,SERVO_OUTPUT_RAW,3043709783,SERVO_OUTPUT_RAW,0,0,0,0,0,0,0,0,1000,1000,1000,1000,0,0,0,0,0
2025-12-15 01:24:48.647,SERVO_OUTPUT_RAW,3043809798,SERVO_OUTPUT_RAW,0,0,0,0,0,0,0,0,1000,1000,1000,1000,0,0,0,0,0
2025-12-15 01:24:48.747,SERVO_OUTPUT_RAW,3043909806,SERVO_OUTPUT_RAW,0,0,0,0,0,0,0,0,1000,1000,1000,1000,0,0,0,0,0
2025-12-15 01:24:48.847,SERVO_OUTPUT_RAW,3044009831,SERVO_OUTPUT_RAW,0,0,0,0,0,0,0,0,1000,1000,1000,1000,0,0,0,0,0
2025-12-15 01:24:48.947,SERVO_OUTPUT_RAW,3044109833,SERVO_OUTPUT_RAW,0,0,0,0,0,0,0,0,1000,1000,1000,1000,0,0,0,0,0
2025-12-15 01:24:49.047,SERVO_OUTPUT_RAW,3044209814,SERVO_OUTPUT_RAW,0,0,0,0,0,0,0,0,1000,1000,1000,1000,0,0,0,0,0
2025-12-15 01:24:49.147,SERVO_OUTPUT_RAW,3044309812,SERVO_OUTPUT_RAW,0,0,0,0,0,0,0,0,1000,1000,1000,1000,0,0,0,0,0
2025-12-15 01:24:49.247,SERVO_OUTPUT_RAW,3044409816,SERVO_OUTPUT_RAW,0,0,0,0,0,0,0,0,1000,1000,1000,1000,0,0,0,0,0
2025-12-15 01:24:49.347,SERVO_OUTPUT_RAW,3044509841,SERVO_OUTPUT_RAW,0,0,0,0,0,0,0,0,1000,1000,1000,1000,0,0,0,0,0
2025-12-15 01:24:49.447,SERVO_OUTPUT_RAW,3044609833,SERVO_OUTPUT_RAW,0,0,0,0,0,0,0,0,1000,1000,1000,1000,0,0,0,0,0
2025-12-15 01:24:49.547,SERVO_OUTPUT_RAW,3044709788,SERVO_OUTPUT_RAW,0,0,0,0,0,0,0,0,1000,1000,1000,1000,0,0,0,0,0
2025-12-15 01:24:49.647,SERVO_OUTPUT_RAW,3044809805,SERVO_OUTPUT_RAW,0,0,0,0,0,0,0,0,1000,1000,1000,1000,0,0,0,0,0
2025-12-15 01:24:49.747,SERVO_OUTPUT_RAW,3044909840,SERVO_OUTPUT_RAW,0,0,0,0,0,0,0,0,1000,1000,1000,1000,0,0,0,0,0
2025-12-15 01:24:49.847,SERVO_OUTPUT_RAW,3045009788,SERVO_OUTPUT_RAW,0,0,0,0,0,0,0,0,1000,1000,1000,1000,0,0,0,0,0
2025-12-15 01:24:49.948,SERVO_OUTPUT_RAW,3045109781,SERVO_OUTPUT_RAW,0,0,0,0,0,0,0,0,1000,1000,1000,1000,0,0,0,0,0
2025-12-15 01:24:50.047,SERVO_OUTPUT_RAW,3045209797,SERVO_OUTPUT_RAW,0,0,0,0,0,0,0,0,1000,1000,1000,1000,0,0,0,0,0
2025-12-15 01:24:50.148,SERVO_OUTPUT_RAW,3045309805,SERVO_OUTPUT_RAW,0,0,0,0,0,0,0,0,1000,1000,1000,1000,0,0,0,0,0
2025-12-15 01:24:50.247,SERVO_OUTPUT_RAW,3045409791,SERVO_OUTPUT_RAW,0,0,0,0,0,0,0,0,1000,1000,1000,1000,0,0,0,0,0
2025-12-15 01:24:50.348,SERVO_OUTPUT_RAW,3045509799,SERVO_OUTPUT_RAW,0,0,0,0,0,0,0,0,1000,1000,1000,1000,0,0,0,0,0
2025-12-15 01:24:50.448,SERVO_OUTPUT_RAW,3045609828,SERVO_OUTPUT_RAW,0,0,0,0,0,0,0,0,1000,1000,1000,1000,0,0,0,0,0
2025-12-15 01:24:50.547,SERVO_OUTPUT_RAW,3045709830,SERVO_OUTPUT_RAW,0,0,0,0,0,0,0,0,1000,1000,1000,1000,0,0,0,0,0
2025-12-15 01:24:50.647,SERVO_OUTPUT_RAW,3045812130,SERVO_OUTPUT_RAW,0,0,0,0,0,0,0,0,1000,1000,1000,1000,0,0,0,0,0
2025-12-15 01:24:50.747,SERVO_OUTPUT_RAW,3045909795,SERVO_OUTPUT_RAW,0,0,0,0,0,0,0,0,1000,1000,1000,1000,0,0,0,0,0
2025-12-15 01:24:50.847,SERVO_OUTPUT_RAW,3046009814,SERVO_OUTPUT_RAW,0,0,0,0,0,0,0,0,1000,1000,1000,1000,0,0,0,0,0
2025-12-15 01:24:50.947,SERVO_OUTPUT_RAW,3046109844,SERVO_OUTPUT_RAW,0,0,0,0,0,0,0,0,1000,1000,1000,1000,0,0,0,0,0
2025-12-15 01:24:51.047,SERVO_OUTPUT_RAW,3046209850,SERVO_OUTPUT_RAW,0,0,0,0,0,0,0,0,1000,1000,1000,1000,0,0,0,0,0
2025-12-15 01:24:51.147,SERVO_OUTPUT_RAW,3046309793,SERVO_OUTPUT_RAW,0,0,0,0,0,0,0,0,1000,1000,1000,1000,0,0,0,0,0
2025-12-15 01:24:51.247,SERVO_OUTPUT_RAW,3046409824,SERVO_OUTPUT_RAW,0,0,0,0,0,0,0,0,1000,1000,1000,1000,0,0,0,0,0
2025-12-15 01:24:51.347,SERVO_OUTPUT_RAW,3046509807,SERVO_OUTPUT_RAW,0,0,0,0,0,0,0,0,1000,1000,1000,1000,0,0,0,0,0
2025-12-15 01:24:51.448,SERVO_OUTPUT_RAW,3046609779,SERVO_OUTPUT_RAW,0,0,0,0,0,0,0,0,1000,1000,1000,1000,0,0,0,0,0
2025-12-15 01:24:51.547,SERVO_OUTPUT_RAW,3046709790,SERVO_OUTPUT_RAW,0,0,0,0,0,0,0,0,1000,1000,1000,1000,0,0,0,0,0
2025-12-15 01:24:51.646,SERVO_OUTPUT_RAW,3046809798,SERVO_OUTPUT_RAW,0,0,0,0,0,0,0,0,1000,1000,1000,1000,0,0,0,0,0
2025-12-15 01:24:51.747,SERVO_OUTPUT_RAW,3046909778,SERVO_OUTPUT_RAW,0,0,0,0,0,0,0,0,1000,1000,1000,1000,0,0,0,0,0
2025-12-15 01:24:51.846,SERVO_OUTPUT_RAW,3047009837,SERVO_OUTPUT_RAW,0,0,0,0,0,0,0,0,1000,1000,1000,1000,0,0,0,0,0
2025-12-15 01:24:51.947,SERVO_OUTPUT_RAW,3047109808,SERVO_OUTPUT_RAW,0,0,0,0,0,0,0,0,1000,1000,1000,1000,0,0,0,0,0
2025-12-15 01:24:52.047,SERVO_OUTPUT_RAW,3047209841,SERVO_OUTPUT_RAW,0,0,0,0,0,0,0,0,1000,1000,1000,1000,0,0,0,0,0
2025-12-15 01:24:52.147,SERVO_OUTPUT_RAW,3047309867,SERVO_OUTPUT_RAW,0,0,0,0,0,0,0,0,1000,1000,1000,1000,0,0,0,0,0
2025-12-15 01:24:52.247,SERVO_OUTPUT_RAW,3047409812,SERVO_OUTPUT_RAW,0,0,0,0,0,0,0,0,1000,1000,1000,1000,0,0,0,0,0
2025-12-15 01:24:52.347,SERVO_OUTPUT_RAW,3047509809,SERVO_OUTPUT_RAW,0,0,0,0,0,0,0,0,1000,1000,1000,1000,0,0,0,0,0
2025-12-15 01:24:52.447,SERVO_OUTPUT_RAW,3047609845,SERVO_OUTPUT_RAW,0,0,0,0,0,0,0,0,1000,1000,1000,1000,0,0,0,0,0
2025-12-15 01:24:52.547,SERVO_OUTPUT_RAW,3047709843,SERVO_OUTPUT_RAW,0,0,0,0,0,0,0,0,1000,1000,1000,1000,0,0,0,0,0
2025-12-15 01:24:52.647,SERVO_OUTPUT_RAW,3047809853,SERVO_OUTPUT_RAW,0,0,0,0,0,0,0,0,1000,1000,1000,1000,0,0,0,0,0
2025-12-15 01:24:52.747,SERVO_OUTPUT_RAW,3047909785,SERVO_OUTPUT_RAW,0,0,0,0,0,0,0,0,1000,1000,1000,1000,0,0,0,0,0
2025-12-15 01:24:52.847,SERVO_OUTPUT_RAW,3048009809,SERVO_OUTPUT_RAW,0,0,0,0,0,0,0,0,1000,1000,1000,1000,0,0,0,0,0
2025-12-15 01:24:52.947,SERVO_OUTPUT_RAW,3048109816,SERVO_OUTPUT_RAW,0,0,0,0,0,0,0,0,1000,1000,1000,1000,0,0,0,0,0
2025-12-15 01:24:53.047,SERVO_OUTPUT_RAW,3048209774,SERVO_OUTPUT_RAW,0,0,0,0,0,0,0,0,1000,1000,1000,1000,0,0,0,0,0
2025-12-15 01:24:53.147,SERVO_OUTPUT_RAW,3048309808,SERVO_OUTPUT_RAW,0,0,0,0,0,0,0,0,1000,1000,1000,1000,0,0,0,0,0
2025-12-15 01:24:53.247,SERVO_OUTPUT_RAW,3048409791,SERVO_OUTPUT_RAW,0,0,0,0,0,0,0,0,1000,1000,1000,1000,0,0,0,0,0
2025-12-15 01:24:53.347,SERVO_OUTPUT_RAW,3048509798,SERVO_OUTPUT_RAW,0,0,0,0,0,0,0,0,1000,1000,1000,1000,0,0,0,0,0
2025-12-15 01:24:53.447,SERVO_OUTPUT_RAW,3048612170,SERVO_OUTPUT_RAW,0,0,0,0,0,0,0,0,1000,1000,1000,1000,0,0,0,0,0
2025-12-15 01:24:53.547,SERVO_OUTPUT_RAW,3048709840,SERVO_OUTPUT_RAW,0,0,0,0,0,0,0,0,1000,1000,1000,1000,0,0,0,0,0
2025-12-15 01:24:53.647,SERVO_OUTPUT_RAW,3048809792,SERVO_OUTPUT_RAW,0,0,0,0,0,0,0,0,1000,1000,1000,1000,0,0,0,0,0
2025-12-15 01:24:53.747,SERVO_OUTPUT_RAW,3048909783,SERVO_OUTPUT_RAW,0,0,0,0,0,0,0,0,1000,1000,1000,1000,0,0,0,0,0
2025-12-15 01:24:53.847,SERVO_OUTPUT_RAW,3049009801,SERVO_OUTPUT_RAW,0,0,0,0,0,0,0,0,1000,1000,1000,1000,0,0,0,0,0
2025-12-15 01:24:53.947,SERVO_OUTPUT_RAW,3049112081,SERVO_OUTPUT_RAW,0,0,0,0,0,0,0,0,1000,1000,1000,1000,0,0,0,0,0
2025-12-15 01:24:54.047,SERVO_OUTPUT_RAW,3049209835,SERVO_OUTPUT_RAW,0,0,0,0,0,0,0,0,1000,1000,1000,1000,0,0,0,0,0
2025-12-15 01:24:54.147,SERVO_OUTPUT_RAW,3049309853,SERVO_OUTPUT_RAW,0,0,0,0,0,0,0,0,1000,1000,1000,1000,0,0,0,0,0
2025-12-15 01:24:54.247,SERVO_OUTPUT_RAW,3049409803,SERVO_OUTPUT_RAW,0,0,0,0,0,0,0,0,1000,1000,1000,1000,0,0,0,0,0
2025-12-15 01:24:54.347,SERVO_OUTPUT_RAW,3049509815,SERVO_OUTPUT_RAW,0,0,0,0,0,0,0,0,1000,1000,1000,1000,0,0,0,0,0
2025-12-15 01:24:54.447,SERVO_OUTPUT_RAW,3049609821,SERVO_OUTPUT_RAW,0,0,0,0,0,0,0,0,1000,1000,1000,1000,0,0,0,0,0
2025-12-15 01:24:54.547,SERVO_OUTPUT_RAW,3049709810,SERVO_OUTPUT_RAW,0,0,0,0,0,0,0,0,1000,1000,1000,1000,0,0,0,0,0
2025-12-15 01:24:54.648,SERVO_OUTPUT_RAW,3049809787,SERVO_OUTPUT_RAW,0,0,0,0,0,0,0,0,1000,1000,1000,1000,0,0,0,0,0
2025-12-15 01:24:54.747,SERVO_OUTPUT_RAW,3049909795,SERVO_OUTPUT_RAW,0,0,0,0,0,0,0,0,1000,1000,1000,1000,0,0,0,0,0
2025-12-15 01:24:54.847,SERVO_OUTPUT_RAW,3050009790,SERVO_OUTPUT_RAW,0,0,0,0,0,0,0,0,1000,1000,1000,1000,0,0,0,0,0
2025-12-15 01:24:54.947,SERVO_OUTPUT_RAW,3050112103,SERVO_OUTPUT_RAW,0,0,0,0,0,0,0,0,1000,1000,1000,1000,0,0,0,0,0
2025-12-15 01:24:55.047,SERVO_OUTPUT_RAW,3050209828,SERVO_OUTPUT_RAW,0,0,0,0,0,0,0,0,1000,1000,1000,1000,0,0,0,0,0
2025-12-15 01:24:55.147,SERVO_OUTPUT_RAW,3050309851,SERVO_OUTPUT_RAW,0,0,0,0,0,0,0,0,1000,1000,1000,1000,0,0,0,0,0
2025-12-15 01:24:55.247,SERVO_OUTPUT_RAW,3050409847,SERVO_OUTPUT_RAW,0,0,0,0,0,0,0,0,1000,1000,1000,1000,0,0,0,0,0
2025-12-15 01:24:55.347,SERVO_OUTPUT_RAW,3050509801,SERVO_OUTPUT_RAW,0,0,0,0,0,0,0,0,1000,1000,1000,1000,0,0,0,0,0
2025-12-15 01:24:55.447,SERVO_OUTPUT_RAW,3050609794,SERVO_OUTPUT_RAW,0,0,0,0,0,0,0,0,1000,1000,1000,1000,0,0,0,0,0
2025-12-15 01:24:55.548,SERVO_OUTPUT_RAW,3050709885,SERVO_OUTPUT_RAW,0,0,0,0,0,0,0,0,1000,1000,1000,1000,0,0,0,0,0
2025-12-15 01:24:55.647,SERVO_OUTPUT_RAW,3050809849,SERVO_OUTPUT_RAW,0,0,0,0,0,0,0,0,1000,1000,1000,1000,0,0,0,0,0
2025-12-15 01:24:55.748,SERVO_OUTPUT_RAW,3050909781,SERVO_OUTPUT_RAW,0,0,0,0,0,0,0,0,1000,1000,1000,1000,0,0,0,0,0
2025-12-15 01:24:55.847,SERVO_OUTPUT_RAW,3051009805,SERVO_OUTPUT_RAW,0,0,0,0,0,0,0,0,1000,1000,1000,1000,0,0,0,0,0
2025-12-15 01:24:55.947,SERVO_OUTPUT_RAW,3051109814,SERVO_OUTPUT_RAW,0,0,0,0,0,0,0,0,1000,1000,1000,1000,0,0,0,0,0
2025-12-15 01:24:56.047,SERVO_OUTPUT_RAW,3051209843,SERVO_OUTPUT_RAW,0,0,0,0,0,0,0,0,1000,1000,1000,1000,0,0,0,0,0
2025-12-15 01:24:56.148,SERVO_OUTPUT_RAW,3051309778,SERVO_OUTPUT_RAW,0,0,0,0,0,0,0,0,1000,1000,1000,1000,0,0,0,0,0
2025-12-15 01:24:56.246,SERVO_OUTPUT_RAW,3051409781,SERVO_OUTPUT_RAW,0,0,0,0,0,0,0,0,1000,1000,1000,1000,0,0,0,0,0
2025-12-15 01:24:56.347,SERVO_OUTPUT_RAW,3051509794,SERVO_OUTPUT_RAW,0,0,0,0,0,0,0,0,1000,1000,1000,1000,0,0,0,0,0
2025-12-15 01:24:56.448,SERVO_OUTPUT_RAW,3051609786,SERVO_OUTPUT_RAW,0,0,0,0,0,0,0,0,1000,1000,1000,1000,0,0,0,0,0
2025-12-15 01:24:56.548,SERVO_OUTPUT_RAW,3051712105,SERVO_OUTPUT_RAW,0,0,0,0,0,0,0,0,1000,1000,1000,1000,0,0,0,0,0
2025-12-15 01:24:56.648,SERVO_OUTPUT_RAW,3051809817,SERVO_OUTPUT_RAW,0,0,0,0,0,0,0,0,1000,1000,1000,1000,0,0,0,0,0
2025-12-15 01:24:56.748,SERVO_OUTPUT_RAW,3051909836,SERVO_OUTPUT_RAW,0,0,0,0,0,0,0,0,1000,1000,1000,1000,0,0,0,0,0
2025-12-15 01:24:56.848,SERVO_OUTPUT_RAW,3052009837,SERVO_OUTPUT_RAW,0,0,0,0,0,0,0,0,1000,1000,1000,1000,0,0,0,0,0
2025-12-15 01:24:56.948,SERVO_OUTPUT_RAW,3052109822,SERVO_OUTPUT_RAW,0,0,0,0,0,0,0,0,1000,1000,1000,1000,0,0,0,0,0
2025-12-15 01:24:57.048,SERVO_OUTPUT_RAW,3052209817,SERVO_OUTPUT_RAW,0,0,0,0,0,0,0,0,1000,1000,1000,1000,0,0,0,0,0
2025-12-15 01:24:57.148,SERVO_OUTPUT_RAW,3052309854,SERVO_OUTPUT_RAW,0,0,0,0,0,0,0,0,1000,1000,1000,1000,0,0,0,0,0
2025-12-15 01:24:57.248,SERVO_OUTPUT_RAW,3052409782,SERVO_OUTPUT_RAW,0,0,0,0,0,0,0,0,1000,1000,1000,1000,0,0,0,0,0
2025-12-15 01:24:57.348,SERVO_OUTPUT_RAW,3052509778,SERVO_OUTPUT_RAW,0,0,0,0,0,0,0,0,1000,1000,1000,1000,0,0,0,0,0
2025-12-15 01:24:57.449,SERVO_OUTPUT_RAW,3052609807,SERVO_OUTPUT_RAW,0,0,0,0,0,0,0,0,1000,1000,1000,1000,0,0,0,0,0
2025-12-15 01:24:57.548,SERVO_OUTPUT_RAW,3052709802,SERVO_OUTPUT_RAW,0,0,0,0,0,0,0,0,1000,1000,1000,1000,0,0,0,0,0
2025-12-15 01:24:57.647,SERVO_OUTPUT_RAW,3052809780,SERVO_OUTPUT_RAW,0,0,0,0,0,0,0,0,1000,1000,1000,1000,0,0,0,0,0
2025-12-15 01:24:57.748,SERVO_OUTPUT_RAW,3052909798,SERVO_OUTPUT_RAW,0,0,0,0,0,0,0,0,1000,1000,1000,1000,0,0,0,0,0
2025-12-15 01:24:57.848,SERVO_OUTPUT_RAW,3053009819,SERVO_OUTPUT_RAW,0,0,0,0,0,0,0,0,1000,1000,1000,1000,0,0,0,0,0
2025-12-15 01:24:57.949,SERVO_OUTPUT_RAW,3053109791,SERVO_OUTPUT_RAW,0,0,0,0,0,0,0,0,1000,1000,1000,1000,0,0,0,0,0
2025-12-15 01:24:58.048,SERVO_OUTPUT_RAW,3053209803,SERVO_OUTPUT_RAW,0,0,0,0,0,0,0,0,1000,1000,1000,1000,0,0,0,0,0
2025-12-15 01:24:58.147,SERVO_OUTPUT_RAW,3053312158,SERVO_OUTPUT_RAW,0,0,0,0,0,0,0,0,1000,1000,1000,1000,0,0,0,0,0
2025-12-15 01:24:58.248,SERVO_OUTPUT_RAW,3053409835,SERVO_OUTPUT_RAW,0,0,0,0,0,0,0,0,1000,1000,1000,1000,0,0,0,0,0
2025-12-15 01:24:58.347,SERVO_OUTPUT_RAW,3053509834,SERVO_OUTPUT_RAW,0,0,0,0,0,0,0,0,1000,1000,1000,1000,0,0,0,0,0
2025-12-15 01:24:58.447,SERVO_OUTPUT_RAW,3053609877,SERVO_OUTPUT_RAW,0,0,0,0,0,0,0,0,1000,1000,1000,1000,0,0,0,0,0
2025-12-15 01:24:58.547,SERVO_OUTPUT_RAW,3053709804,SERVO_OUTPUT_RAW,0,0,0,0,0,0,0,0,1000,1000,1000,1000,0,0,0,0,0
2025-12-15 01:24:58.647,SERVO_OUTPUT_RAW,3053809817,SERVO_OUTPUT_RAW,0,0,0,0,0,0,0,0,1000,1000,1000,1000,0,0,0,0,0
2025-12-15 01:24:58.748,SERVO_OUTPUT_RAW,3053909860,SERVO_OUTPUT_RAW,0,0,0,0,0,0,0,0,1000,1000,1000,1000,0,0,0,0,0
2025-12-15 01:24:58.848,SERVO_OUTPUT_RAW,3054009860,SERVO_OUTPUT_RAW,0,0,0,0,0,0,0,0,1000,1000,1000,1000,0,0,0,0,0
2025-12-15 01:24:58.947,SERVO_OUTPUT_RAW,3054109782,SERVO_OUTPUT_RAW,0,0,0,0,0,0,0,0,1000,1000,1000,1000,0,0,0,0,0
2025-12-15 01:24:59.047,SERVO_OUTPUT_RAW,3054209821,SERVO_OUTPUT_RAW,0,0,0,0,0,0,0,0,1000,1000,1000,1000,0,0,0,0,0
2025-12-15 01:24:59.147,SERVO_OUTPUT_RAW,3054309823,SERVO_OUTPUT_RAW,0,0,0,0,0,0,0,0,1000,1000,1000,1000,0,0,0,0,0
2025-12-15 01:24:59.248,SERVO_OUTPUT_RAW,3054409783,SERVO_OUTPUT_RAW,0,0,0,0,0,0,0,0,1000,1000,1000,1000,0,0,0,0,0
2025-12-15 01:24:59.348,SERVO_OUTPUT_RAW,3054509791,SERVO_OUTPUT_RAW,0,0,0,0,0,0,0,0,1000,1000,1000,1000,0,0,0,0,0
2025-12-15 01:24:59.448,SERVO_OUTPUT_RAW,3054609804,SERVO_OUTPUT_RAW,0,0,0,0,0,0,0,0,1000,1000,1000,1000,0,0,0,0,0
2025-12-15 01:24:59.548,SERVO_OUTPUT_RAW,3054709808,SERVO_OUTPUT_RAW,0,0,0,0,0,0,0,0,1000,1000,1000,1000,0,0,0,0,0
2025-12-15 01:24:59.648,SERVO_OUTPUT_RAW,3054809805,SERVO_OUTPUT_RAW,0,0,0,0,0,0,0,0,1000,1000,1000,1000,0,0,0,0,0
2025-12-15 01:24:59.748,SERVO_OUTPUT_RAW,3054909807,SERVO_OUTPUT_RAW,0,0,0,0,0,0,0,0,1000,1000,1000,1000,0,0,0,0,0
2025-12-15 01:24:59.848,SERVO_OUTPUT_RAW,3055009824,SERVO_OUTPUT_RAW,0,0,0,0,0,0,0,0,1000,1000,1000,1000,0,0,0,0,0
2025-12-15 01:24:59.948,SERVO_OUTPUT_RAW,3055109824,SERVO_OUTPUT_RAW,0,0,0,0,0,0,0,0,1000,1000,1000,1000,0,0,0,0,0
2025-12-15 01:25:00.048,SERVO_OUTPUT_RAW,3055209812,SERVO_OUTPUT_RAW,0,0,0,0,0,0,0,0,1000,1000,1000,1000,0,0,0,0,0
2025-12-15 01:25:00.148,SERVO_OUTPUT_RAW,3055309804,SERVO_OUTPUT_RAW,0,0,0,0,0,0,0,0,1000,1000,1000,1000,0,0,0,0,0
2025-12-15 01:25:00.248,SERVO_OUTPUT_RAW,3055412084,SERVO_OUTPUT_RAW,0,0,0,0,0,0,0,0,1000,1000,1000,1000,0,0,0,0,0
2025-12-15 01:25:00.348,SERVO_OUTPUT_RAW,3055509855,SERVO_OUTPUT_RAW,0,0,0,0,0,0,0,0,1000,1000,1000,1000,0,0,0,0,0
2025-12-15 01:25:00.448,SERVO_OUTPUT_RAW,3055609782,SERVO_OUTPUT_RAW,0,0,0,0,0,0,0,0,1000,1000,1000,1000,0,0,0,0,0
2025-12-15 01:25:00.548,SERVO_OUTPUT_RAW,3055709813,SERVO_OUTPUT_RAW,0,0,0,0,0,0,0,0,1000,1000,1000,1000,0,0,0,0,0
2025-12-15 01:25:00.648,SERVO_OUTPUT_RAW,3055809812,SERVO_OUTPUT_RAW,0,0,0,0,0,0,0,0,1000,1000,1000,1000,0,0,0,0,0
2025-12-15 01:25:00.748,SERVO_OUTPUT_RAW,3055909838,SERVO_OUTPUT_RAW,0,0,0,0,0,0,0,0,1000,1000,1000,1000,0,0,0,0,0
2025-12-15 01:25:00.848,SERVO_OUTPUT_RAW,3056009778,SERVO_OUTPUT_RAW,0,0,0,0,0,0,0,0,1000,1000,1000,1000,0,0,0,0,0
2025-12-15 01:25:00.947,SERVO_OUTPUT_RAW,3056109784,SERVO_OUTPUT_RAW,0,0,0,0,0,0,0,0,1000,1000,1000,1000,0,0,0,0,0
2025-12-15 01:25:01.047,SERVO_OUTPUT_RAW,3056209801,SERVO_OUTPUT_RAW,0,0,0,0,0,0,0,0,1000,1000,1000,1000,0,0,0,0,0
2025-12-15 01:25:01.147,SERVO_OUTPUT_RAW,3056309789,SERVO_OUTPUT_RAW,0,0,0,0,0,0,0,0,1000,1000,1000,1000,0,0,0,0,0
2025-12-15 01:25:01.247,SERVO_OUTPUT_RAW,3056409791,SERVO_OUTPUT_RAW,0,0,0,0,0,0,0,0,1000,1000,1000,1000,0,0,0,0,0
2025-12-15 01:25:01.347,SERVO_OUTPUT_RAW,3056509865,SERVO_OUTPUT_RAW,0,0,0,0,0,0,0,0,1000,1000,1000,1000,0,0,0,0,0
2025-12-15 01:25:01.447,SERVO_OUTPUT_RAW,3056609844,SERVO_OUTPUT_RAW,0,0,0,0,0,0,0,0,1000,1000,1000,1000,0,0,0,0,0
2025-12-15 01:25:01.547,SERVO_OUTPUT_RAW,3056709851,SERVO_OUTPUT_RAW,0,0,0,0,0,0,0,0,1000,1000,1000,1000,0,0,0,0,0
2025-12-15 01:25:01.647,SERVO_OUTPUT_RAW,3056809778,SERVO_OUTPUT_RAW,0,0,0,0,0,0,0,0,1000,1000,1000,1000,0,0,0,0,0
2025-12-15 01:25:01.747,SERVO_OUTPUT_RAW,3056909828,SERVO_OUTPUT_RAW,0,0,0,0,0,0,0,0,1000,1000,1000,1000,0,0,0,0,0
2025-12-15 01:25:01.847,SERVO_OUTPUT_RAW,3057009831,SERVO_OUTPUT_RAW,0,0,0,0,0,0,0,0,1000,1000,1000,1000,0,0,0,0,0
2025-12-15 01:25:01.947,SERVO_OUTPUT_RAW,3057109801,SERVO_OUTPUT_RAW,0,0,0,0,0,0,0,0,1000,1000,1000,1000,0,0,0,0,0
2025-12-15 01:25:02.047,SERVO_OUTPUT_RAW,3057209795,SERVO_OUTPUT_RAW,0,0,0,0,0,0,0,0,1000,1000,1000,1000,0,0,0,0,0
2025-12-15 01:25:02.147,SERVO_OUTPUT_RAW,3057309813,SERVO_OUTPUT_RAW,0,0,0,0,0,0,0,0,1000,1000,1000,1000,0,0,0,0,0
2025-12-15 01:25:02.247,SERVO_OUTPUT_RAW,3057409829,SERVO_OUTPUT_RAW,0,0,0,0,0,0,0,0,1000,1000,1000,1000,0,0,0,0,0
2025-12-15 01:25:02.347,SERVO_OUTPUT_RAW,3057509889,SERVO_OUTPUT_RAW,0,0,0,0,0,0,0,0,1000,1000,1000,1000,0,0,0,0,0
2025-12-15 01:25:02.447,SERVO_OUTPUT_RAW,3057609788,SERVO_OUTPUT_RAW,0,0,0,0,0,0,0,0,1000,1000,1000,1000,0,0,0,0,0
2025-12-15 01:25:02.547,SERVO_OUTPUT_RAW,3057709803,SERVO_OUTPUT_RAW,0,0,0,0,0,0,0,0,1000,1000,1000,1000,0,0,0,0,0
2025-12-15 01:25:02.647,SERVO_OUTPUT_RAW,3057809786,SERVO_OUTPUT_RAW,0,0,0,0,0,0,0,0,1000,1000,1000,1000,0,0,0,0,0
2025-12-15 01:25:02.747,SERVO_OUTPUT_RAW,3057909790,SERVO_OUTPUT_RAW,0,0,0,0,0,0,0,0,1000,1000,1000,1000,0,0,0,0,0
2025-12-15 01:25:02.847,SERVO_OUTPUT_RAW,3058009792,SERVO_OUTPUT_RAW,0,0,0,0,0,0,0,0,1000,1000,1000,1000,0,0,0,0,0
2025-12-15 01:25:02.947,SERVO_OUTPUT_RAW,3058109813,SERVO_OUTPUT_RAW,0,0,0,0,0,0,0,0,1000,1000,1000,1000,0,0,0,0,0
2025-12-15 01:25:03.047,SERVO_OUTPUT_RAW,3058209855,SERVO_OUTPUT_RAW,0,0,0,0,0,0,0,0,1000,1000,1000,1000,0,0,0,0,0
2025-12-15 01:25:03.147,SERVO_OUTPUT_RAW,3058309799,SERVO_OUTPUT_RAW,0,0,0,0,0,0,0,0,1000,1000,1000,1000,0,0,0,0,0
2025-12-15 01:25:03.247,SERVO_OUTPUT_RAW,3058409835,SERVO_OUTPUT_RAW,0,0,0,0,0,0,0,0,1000,1000,1000,1000,0,0,0,0,0
2025-12-15 01:25:03.347,SERVO_OUTPUT_RAW,3058509819,SERVO_OUTPUT_RAW,0,0,0,0,0,0,0,0,1000,1000,1000,1000,0,0,0,0,0
2025-12-15 01:25:03.448,SERVO_OUTPUT_RAW,3058609848,SERVO_OUTPUT_RAW,0,0,0,0,0,0,0,0,1000,1000,1000,1000,0,0,0,0,0
2025-12-15 01:25:03.547,SERVO_OUTPUT_RAW,3058709851,SERVO_OUTPUT_RAW,0,0,0,0,0,0,0,0,1000,1000,1000,1000,0,0,0,0,0
2025-12-15 01:25:03.647,SERVO_OUTPUT_RAW,3058809812,SERVO_OUTPUT_RAW,0,0,0,0,0,0,0,0,1000,1000,1000,1000,0,0,0,0,0
2025-12-15 01:25:03.747,SERVO_OUTPUT_RAW,3058909823,SERVO_OUTPUT_RAW,0,0,0,0,0,0,0,0,1000,1000,1000,1000,0,0,0,0,0
2025-12-15 01:25:03.848,SERVO_OUTPUT_RAW,3059009818,SERVO_OUTPUT_RAW,0,0,0,0,0,0,0,0,1000,1000,1000,1000,0,0,0,0,0
2025-12-15 01:25:03.947,SERVO_OUTPUT_RAW,3059109784,SERVO_OUTPUT_RAW,0,0,0,0,0,0,0,0,1000,1000,1000,1000,0,0,0,0,0
2025-12-15 01:25:04.047,SERVO_OUTPUT_RAW,3059209791,SERVO_OUTPUT_RAW,0,0,0,0,0,0,0,0,1000,1000,1000,1000,0,0,0,0,0
2025-12-15 01:25:04.147,SERVO_OUTPUT_RAW,3059309801,SERVO_OUTPUT_RAW,0,0,0,0,0,0,0,0,1000,1000,1000,1000,0,0,0,0,0
2025-12-15 01:25:04.247,SERVO_OUTPUT_RAW,3059409801,SERVO_OUTPUT_RAW,0,0,0,0,0,0,0,0,1000,1000,1000,1000,0,0,0,0,0
2025-12-15 01:25:04.347,SERVO_OUTPUT_RAW,3059509784,SERVO_OUTPUT_RAW,0,0,0,0,0,0,0,0,1000,1000,1000,1000,0,0,0,0,0
2025-12-15 01:25:04.447,SERVO_OUTPUT_RAW,3059609896,SERVO_OUTPUT_RAW,0,0,0,0,0,0,0,0,1000,1000,1000,1000,0,0,0,0,0
2025-12-15 01:25:04.547,SERVO_OUTPUT_RAW,3059709849,SERVO_OUTPUT_RAW,0,0,0,0,0,0,0,0,1000,1000,1000,1000,0,0,0,0,0
2025-12-15 01:25:04.647,SERVO_OUTPUT_RAW,3059809857,SERVO_OUTPUT_RAW,0,0,0,0,0,0,0,0,1000,1000,1000,1000,0,0,0,0,0
2025-12-15 01:25:04.747,SERVO_OUTPUT_RAW,3059909783,SERVO_OUTPUT_RAW,0,0,0,0,0,0,0,0,1000,1000,1000,1000,0,0,0,0,0
2025-12-15 01:25:04.847,SERVO_OUTPUT_RAW,3060009811,SERVO_OUTPUT_RAW,0,0,0,0,0,0,0,0,1000,1000,1000,1000,0,0,0,0,0
2025-12-15 01:25:04.948,SERVO_OUTPUT_RAW,3060109830,SERVO_OUTPUT_RAW,0,0,0,0,0,0,0,0,1000,1000,1000,1000,0,0,0,0,0
2025-12-15 01:25:05.047,SERVO_OUTPUT_RAW,3060209916,SERVO_OUTPUT_RAW,0,0,0,0,0,0,0,0,1000,1000,1000,1000,0,0,0,0,0
2025-12-15 01:25:05.147,SERVO_OUTPUT_RAW,3060309788,SERVO_OUTPUT_RAW,0,0,0,0,0,0,0,0,1000,1000,1000,1000,0,0,0,0,0
2025-12-15 01:25:05.247,SERVO_OUTPUT_RAW,3060409807,SERVO_OUTPUT_RAW,0,0,0,0,0,0,0,0,1000,1000,1000,1000,0,0,0,0,0
2025-12-15 01:25:05.347,SERVO_OUTPUT_RAW,3060509814,SERVO_OUTPUT_RAW,0,0,0,0,0,0,0,0,1000,1000,1000,1000,0,0,0,0,0
2025-12-15 01:25:05.447,SERVO_OUTPUT_RAW,3060609782,SERVO_OUTPUT_RAW,0,0,0,0,0,0,0,0,1000,1000,1000,1000,0,0,0,0,0
2025-12-15 01:25:05.547,SERVO_OUTPUT_RAW,3060709802,SERVO_OUTPUT_RAW,0,0,0,0,0,0,0,0,1000,1000,1000,1000,0,0,0,0,0
2025-12-15 01:25:05.647,SERVO_OUTPUT_RAW,3060809797,SERVO_OUTPUT_RAW,0,0,0,0,0,0,0,0,1000,1000,1000,1000,0,0,0,0,0
2025-12-15 01:25:05.747,SERVO_OUTPUT_RAW,3060909794,SERVO_OUTPUT_RAW,0,0,0,0,0,0,0,0,1000,1000,1000,1000,0,0,0,0,0
2025-12-15 01:25:05.847,SERVO_OUTPUT_RAW,3061009802,SERVO_OUTPUT_RAW,0,0,0,0,0,0,0,0,1000,1000,1000,1000,0,0,0,0,0
2025-12-15 01:25:05.947,SERVO_OUTPUT_RAW,3061109812,SERVO_OUTPUT_RAW,0,0,0,0,0,0,0,0,1000,1000,1000,1000,0,0,0,0,0
2025-12-15 01:25:06.047,SERVO_OUTPUT_RAW,3061209833,SERVO_OUTPUT_RAW,0,0,0,0,0,0,0,0,1000,1000,1000,1000,0,0,0,0,0
2025-12-15 01:25:06.147,SERVO_OUTPUT_RAW,3061309835,SERVO_OUTPUT_RAW,0,0,0,0,0,0,0,0,1000,1000,1000,1000,0,0,0,0,0
2025-12-15 01:25:06.247,SERVO_OUTPUT_RAW,3061409788,SERVO_OUTPUT_RAW,0,0,0,0,0,0,0,0,1000,1000,1000,1000,0,0,0,0,0
2025-12-15 01:25:06.347,SERVO_OUTPUT_RAW,3061509789,SERVO_OUTPUT_RAW,0,0,0,0,0,0,0,0,1000,1000,1000,1000,0,0,0,0,0
2025-12-15 01:25:06.447,SERVO_OUTPUT_RAW,3061609813,SERVO_OUTPUT_RAW,0,0,0,0,0,0,0,0,1000,1000,1000,1000,0,0,0,0,0
2025-12-15 01:25:06.547,SERVO_OUTPUT_RAW,3061709940,SERVO_OUTPUT_RAW,0,0,0,0,0,0,0,0,1000,1000,1000,1000,0,0,0,0,0
2025-12-15 01:25:06.648,SERVO_OUTPUT_RAW,3061809824,SERVO_OUTPUT_RAW,0,0,0,0,0,0,0,0,1000,1000,1000,1000,0,0,0,0,0
2025-12-15 01:25:06.748,SERVO_OUTPUT_RAW,3061909783,SERVO_OUTPUT_RAW,0,0,0,0,0,0,0,0,1000,1000,1000,1000,0,0,0,0,0
2025-12-15 01:25:06.847,SERVO_OUTPUT_RAW,3062009834,SERVO_OUTPUT_RAW,0,0,0,0,0,0,0,0,1000,1000,1000,1000,0,0,0,0,0
2025-12-15 01:25:06.948,SERVO_OUTPUT_RAW,3062109818,SERVO_OUTPUT_RAW,0,0,0,0,0,0,0,0,1000,1000,1000,1000,0,0,0,0,0
2025-12-15 01:25:07.048,SERVO_OUTPUT_RAW,3062209789,SERVO_OUTPUT_RAW,0,0,0,0,0,0,0,0,1000,1000,1000,1000,0,0,0,0,0
2025-12-15 01:25:07.148,SERVO_OUTPUT_RAW,3062309803,SERVO_OUTPUT_RAW,0,0,0,0,0,0,0,0,1000,1000,1000,1000,0,0,0,0,0
2025-12-15 01:25:07.248,SERVO_OUTPUT_RAW,3062409788,SERVO_OUTPUT_RAW,0,0,0,0,0,0,0,0,1000,1000,1000,1000,0,0,0,0,0
2025-12-15 01:25:07.348,SERVO_OUTPUT_RAW,3062509786,SERVO_OUTPUT_RAW,0,0,0,0,0,0,0,0,1000,1000,1000,1000,0,0,0,0,0
2025-12-15 01:25:07.448,SERVO_OUTPUT_RAW,3062609793,SERVO_OUTPUT_RAW,0,0,0,0,0,0,0,0,1000,1000,1000,1000,0,0,0,0,0
2025-12-15 01:25:07.548,SERVO_OUTPUT_RAW,3062712133,SERVO_OUTPUT_RAW,0,0,0,0,0,0,0,0,1000,1000,1000,1000,0,0,0,0,0
2025-12-15 01:25:07.648,SERVO_OUTPUT_RAW,3062809828,SERVO_OUTPUT_RAW,0,0,0,0,0,0,0,0,1000,1000,1000,1000,0,0,0,0,0
2025-12-15 01:25:07.748,SERVO_OUTPUT_RAW,3062909857,SERVO_OUTPUT_RAW,0,0,0,0,0,0,0,0,1000,1000,1000,1000,0,0,0,0,0
2025-12-15 01:25:07.848,SERVO_OUTPUT_RAW,3063009805,SERVO_OUTPUT_RAW,0,0,0,0,0,0,0,0,1000,1000,1000,1000,0,0,0,0,0
2025-12-15 01:25:07.948,SERVO_OUTPUT_RAW,3063109803,SERVO_OUTPUT_RAW,0,0,0,0,0,0,0,0,1000,1000,1000,1000,0,0,0,0,0
2025-12-15 01:25:08.048,SERVO_OUTPUT_RAW,3063209845,SERVO_OUTPUT_RAW,0,0,0,0,0,0,0,0,1000,1000,1000,1000,0,0,0,0,0
2025-12-15 01:25:08.148,SERVO_OUTPUT_RAW,3063309854,SERVO_OUTPUT_RAW,0,0,0,0,0,0,0,0,1000,1000,1000,1000,0,0,0,0,0
2025-12-15 01:25:08.248,SERVO_OUTPUT_RAW,3063409786,SERVO_OUTPUT_RAW,0,0,0,0,0,0,0,0,1000,1000,1000,1000,0,0,0,0,0
2025-12-15 01:25:08.348,SERVO_OUTPUT_RAW,3063509783,SERVO_OUTPUT_RAW,0,0,0,0,0,0,0,0,1000,1000,1000,1000,0,0,0,0,0
2025-12-15 01:25:08.448,SERVO_OUTPUT_RAW,3063609813,SERVO_OUTPUT_RAW,0,0,0,0,0,0,0,0,1000,1000,1000,1000,0,0,0,0,0
2025-12-15 01:25:08.548,SERVO_OUTPUT_RAW,3063709822,SERVO_OUTPUT_RAW,0,0,0,0,0,0,0,0,1000,1000,1000,1000,0,0,0,0,0
2025-12-15 01:25:08.648,SERVO_OUTPUT_RAW,3063809791,SERVO_OUTPUT_RAW,0,0,0,0,0,0,0,0,1000,1000,1000,1000,0,0,0,0,0
2025-12-15 01:25:08.748,SERVO_OUTPUT_RAW,3063909779,SERVO_OUTPUT_RAW,0,0,0,0,0,0,0,0,1000,1000,1000,1000,0,0,0,0,0
2025-12-15 01:25:08.848,SERVO_OUTPUT_RAW,3064009788,SERVO_OUTPUT_RAW,0,0,0,0,0,0,0,0,1000,1000,1000,1000,0,0,0,0,0
2025-12-15 01:25:08.948,SERVO_OUTPUT_RAW,3064109792,SERVO_OUTPUT_RAW,0,0,0,0,0,0,0,0,1000,1000,1000,1000,0,0,0,0,0
2025-12-15 01:25:09.048,SERVO_OUTPUT_RAW,3064209805,SERVO_OUTPUT_RAW,0,0,0,0,0,0,0,0,1000,1000,1000,1000,0,0,0,0,0
2025-12-15 01:25:09.148,SERVO_OUTPUT_RAW,3064309840,SERVO_OUTPUT_RAW,0,0,0,0,0,0,0,0,1000,1000,1000,1000,0,0,0,0,0
2025-12-15 01:25:09.248,SERVO_OUTPUT_RAW,3064409841,SERVO_OUTPUT_RAW,0,0,0,0,0,0,0,0,1000,1000,1000,1000,0,0,0,0,0
2025-12-15 01:25:09.348,SERVO_OUTPUT_RAW,3064509791,SERVO_OUTPUT_RAW,0,0,0,0,0,0,0,0,1000,1000,1000,1000,0,0,0,0,0
2025-12-15 01:25:09.448,SERVO_OUTPUT_RAW,3064609797,SERVO_OUTPUT_RAW,0,0,0,0,0,0,0,0,1000,1000,1000,1000,0,0,0,0,0
2025-12-15 01:25:09.548,SERVO_OUTPUT_RAW,3064709928,SERVO_OUTPUT_RAW,0,0,0,0,0,0,0,0,1000,1000,1000,1000,0,0,0,0,0
2025-12-15 01:25:09.648,SERVO_OUTPUT_RAW,3064809849,SERVO_OUTPUT_RAW,0,0,0,0,0,0,0,0,1000,1000,1000,1000,0,0,0,0,0
2025-12-15 01:25:09.748,SERVO_OUTPUT_RAW,3064909826,SERVO_OUTPUT_RAW,0,0,0,0,0,0,0,0,1000,1000,1000,1000,0,0,0,0,0
2025-12-15 01:25:09.848,SERVO_OUTPUT_RAW,3065009789,SERVO_OUTPUT_RAW,0,0,0,0,0,0,0,0,1000,1000,1000,1000,0,0,0,0,0
2025-12-15 01:25:09.948,SERVO_OUTPUT_RAW,3065109819,SERVO_OUTPUT_RAW,0,0,0,0,0,0,0,0,1000,1000,1000,1000,0,0,0,0,0
2025-12-15 01:25:10.048,SERVO_OUTPUT_RAW,3065209841,SERVO_OUTPUT_RAW,0,0,0,0,0,0,0,0,1000,1000,1000,1000,0,0,0,0,0
2025-12-15 01:25:10.148,SERVO_OUTPUT_RAW,3065309787,SERVO_OUTPUT_RAW,0,0,0,0,0,0,0,0,1000,1000,1000,1000,0,0,0,0,0
2025-12-15 01:25:10.248,SERVO_OUTPUT_RAW,3065409784,SERVO_OUTPUT_RAW,0,0,0,0,0,0,0,0,1000,1000,1000,1000,0,0,0,0,0
2025-12-15 01:25:10.348,SERVO_OUTPUT_RAW,3065509790,SERVO_OUTPUT_RAW,0,0,0,0,0,0,0,0,1000,1000,1000,1000,0,0,0,0,0
2025-12-15 01:25:10.448,SERVO_OUTPUT_RAW,3065609826,SERVO_OUTPUT_RAW,0,0,0,0,0,0,0,0,1000,1000,1000,1000,0,0,0,0,0
2025-12-15 01:25:10.547,SERVO_OUTPUT_RAW,3065709786,SERVO_OUTPUT_RAW,0,0,0,0,0,0,0,0,1000,1000,1000,1000,0,0,0,0,0
2025-12-15 01:25:10.647,SERVO_OUTPUT_RAW,3065809783,SERVO_OUTPUT_RAW,0,0,0,0,0,0,0,0,1000,1000,1000,1000,0,0,0,0,0
2025-12-15 01:25:10.747,SERVO_OUTPUT_RAW,3065912187,SERVO_OUTPUT_RAW,0,0,0,0,0,0,0,0,1000,1000,1000,1000,0,0,0,0,0
2025-12-15 01:25:10.847,SERVO_OUTPUT_RAW,3066009829,SERVO_OUTPUT_RAW,0,0,0,0,0,0,0,0,1000,1000,1000,1000,0,0,0,0,0
2025-12-15 01:25:10.947,SERVO_OUTPUT_RAW,3066109814,SERVO_OUTPUT_RAW,0,0,0,0,0,0,0,0,1000,1000,1000,1000,0,0,0,0,0
2025-12-15 01:25:11.047,SERVO_OUTPUT_RAW,3066209829,SERVO_OUTPUT_RAW,0,0,0,0,0,0,0,0,1000,1000,1000,1000,0,0,0,0,0
2025-12-15 01:25:11.147,SERVO_OUTPUT_RAW,3066309816,SERVO_OUTPUT_RAW,0,0,0,0,0,0,0,0,1000,1000,1000,1000,0,0,0,0,0
2025-12-15 01:25:11.247,SERVO_OUTPUT_RAW,3066409847,SERVO_OUTPUT_RAW,0,0,0,0,0,0,0,0,1000,1000,1000,1000,0,0,0,0,0
2025-12-15 01:25:11.347,SERVO_OUTPUT_RAW,3066509795,SERVO_OUTPUT_RAW,0,0,0,0,0,0,0,0,1000,1000,1000,1000,0,0,0,0,0
2025-12-15 01:25:11.447,SERVO_OUTPUT_RAW,3066609796,SERVO_OUTPUT_RAW,0,0,0,0,0,0,0,0,1000,1000,1000,1000,0,0,0,0,0
2025-12-15 01:25:11.547,SERVO_OUTPUT_RAW,3066709858,SERVO_OUTPUT_RAW,0,0,0,0,0,0,0,0,1000,1000,1000,1000,0,0,0,0,0
2025-12-15 01:25:11.647,SERVO_OUTPUT_RAW,3066809815,SERVO_OUTPUT_RAW,0,0,0,0,0,0,0,0,1000,1000,1000,1000,0,0,0,0,0
2025-12-15 01:25:11.747,SERVO_OUTPUT_RAW,3066909779,SERVO_OUTPUT_RAW,0,0,0,0,0,0,0,0,1000,1000,1000,1000,0,0,0,0,0
2025-12-15 01:25:11.847,SERVO_OUTPUT_RAW,3067009787,SERVO_OUTPUT_RAW,0,0,0,0,0,0,0,0,1000,1000,1000,1000,0,0,0,0,0
2025-12-15 01:25:11.947,SERVO_OUTPUT_RAW,3067109793,SERVO_OUTPUT_RAW,0,0,0,0,0,0,0,0,1000,1000,1000,1000,0,0,0,0,0
2025-12-15 01:25:12.047,SERVO_OUTPUT_RAW,3067209794,SERVO_OUTPUT_RAW,0,0,0,0,0,0,0,0,1000,1000,1000,1000,0,0,0,0,0
2025-12-15 01:25:12.147,SERVO_OUTPUT_RAW,3067309778,SERVO_OUTPUT_RAW,0,0,0,0,0,0,0,0,1000,1000,1000,1000,0,0,0,0,0
2025-12-15 01:25:12.247,SERVO_OUTPUT_RAW,3067409815,SERVO_OUTPUT_RAW,0,0,0,0,0,0,0,0,1000,1000,1000,1000,0,0,0,0,0
2025-12-15 01:25:12.347,SERVO_OUTPUT_RAW,3067509840,SERVO_OUTPUT_RAW,0,0,0,0,0,0,0,0,1000,1000,1000,1000,0,0,0,0,0
2025-12-15 01:25:12.449,SERVO_OUTPUT_RAW,3067609856,SERVO_OUTPUT_RAW,0,0,0,0,0,0,0,0,1000,1000,1000,1000,0,0,0,0,0
2025-12-15 01:25:12.547,SERVO_OUTPUT_RAW,3067709815,SERVO_OUTPUT_RAW,0,0,0,0,0,0,0,0,1000,1000,1000,1000,0,0,0,0,0
2025-12-15 01:25:12.647,SERVO_OUTPUT_RAW,3067809825,SERVO_OUTPUT_RAW,0,0,0,0,0,0,0,0,1000,1000,1000,1000,0,0,0,0,0
2025-12-15 01:25:12.748,SERVO_OUTPUT_RAW,3067909841,SERVO_OUTPUT_RAW,0,0,0,0,0,0,0,0,1000,1000,1000,1000,0,0,0,0,0
2025-12-15 01:25:12.847,SERVO_OUTPUT_RAW,3068012056,SERVO_OUTPUT_RAW,0,0,0,0,0,0,0,0,1000,1000,1000,1000,0,0,0,0,0
2025-12-15 01:25:12.947,SERVO_OUTPUT_RAW,3068109855,SERVO_OUTPUT_RAW,0,0,0,0,0,0,0,0,1000,1000,1000,1000,0,0,0,0,0
2025-12-15 01:25:13.048,SERVO_OUTPUT_RAW,3068209808,SERVO_OUTPUT_RAW,0,0,0,0,0,0,0,0,1000,1000,1000,1000,0,0,0,0,0
2025-12-15 01:25:13.147,SERVO_OUTPUT_RAW,3068309835,SERVO_OUTPUT_RAW,0,0,0,0,0,0,0,0,1000,1000,1000,1000,0,0,0,0,0
2025-12-15 01:25:13.247,SERVO_OUTPUT_RAW,3068409777,SERVO_OUTPUT_RAW,0,0,0,0,0,0,0,0,1000,1000,1000,1000,0,0,0,0,0
2025-12-15 01:25:13.347,SERVO_OUTPUT_RAW,3068509790,SERVO_OUTPUT_RAW,0,0,0,0,0,0,0,0,1000,1000,1000,1000,0,0,0,0,0
2025-12-15 01:25:13.447,SERVO_OUTPUT_RAW,3068609796,SERVO_OUTPUT_RAW,0,0,0,0,0,0,0,0,1000,1000,1000,1000,0,0,0,0,0
2025-12-15 01:25:13.547,SERVO_OUTPUT_RAW,3068709788,SERVO_OUTPUT_RAW,0,0,0,0,0,0,0,0,1000,1000,1000,1000,0,0,0,0,0
2025-12-15 01:25:13.647,SERVO_OUTPUT_RAW,3068809793,SERVO_OUTPUT_RAW,0,0,0,0,0,0,0,0,1000,1000,1000,1000,0,0,0,0,0
2025-12-15 01:25:13.747,SERVO_OUTPUT_RAW,3068909792,SERVO_OUTPUT_RAW,0,0,0,0,0,0,0,0,1000,1000,1000,1000,0,0,0,0,0
2025-12-15 01:25:13.847,SERVO_OUTPUT_RAW,3069009817,SERVO_OUTPUT_RAW,0,0,0,0,0,0,0,0,1000,1000,1000,1000,0,0,0,0,0
2025-12-15 01:25:13.947,SERVO_OUTPUT_RAW,3069109857,SERVO_OUTPUT_RAW,0,0,0,0,0,0,0,0,1000,1000,1000,1000,0,0,0,0,0
2025-12-15 01:25:14.047,SERVO_OUTPUT_RAW,3069212131,SERVO_OUTPUT_RAW,0,0,0,0,0,0,0,0,1000,1000,1000,1000,0,0,0,0,0
2025-12-15 01:25:14.148,SERVO_OUTPUT_RAW,3069309786,SERVO_OUTPUT_RAW,0,0,0,0,0,0,0,0,1000,1000,1000,1000,0,0,0,0,0
2025-12-15 01:25:14.248,SERVO_OUTPUT_RAW,3069409815,SERVO_OUTPUT_RAW,0,0,0,0,0,0,0,0,1000,1000,1000,1000,0,0,0,0,0
2025-12-15 01:25:14.348,SERVO_OUTPUT_RAW,3069509848,SERVO_OUTPUT_RAW,0,0,0,0,0,0,0,0,1000,1000,1000,1000,0,0,0,0,0
2025-12-15 01:25:14.448,SERVO_OUTPUT_RAW,3069609854,SERVO_OUTPUT_RAW,0,0,0,0,0,0,0,0,1000,1000,1000,1000,0,0,0,0,0
2025-12-15 01:25:14.548,SERVO_OUTPUT_RAW,3069709784,SERVO_OUTPUT_RAW,0,0,0,0,0,0,0,0,1000,1000,1000,1000,0,0,0,0,0
2025-12-15 01:25:14.648,SERVO_OUTPUT_RAW,3069809806,SERVO_OUTPUT_RAW,0,0,0,0,0,0,0,0,1000,1000,1000,1000,0,0,0,0,0
2025-12-15 01:25:14.747,SERVO_OUTPUT_RAW,3069909817,SERVO_OUTPUT_RAW,0,0,0,0,0,0,0,0,1000,1000,1000,1000,0,0,0,0,0
2025-12-15 01:25:14.848,SERVO_OUTPUT_RAW,3070009780,SERVO_OUTPUT_RAW,0,0,0,0,0,0,0,0,1000,1000,1000,1000,0,0,0,0,0
2025-12-15 01:25:14.948,SERVO_OUTPUT_RAW,3070109808,SERVO_OUTPUT_RAW,0,0,0,0,0,0,0,0,1000,1000,1000,1000,0,0,0,0,0
2025-12-15 01:25:15.048,SERVO_OUTPUT_RAW,3070209791,SERVO_OUTPUT_RAW,0,0,0,0,0,0,0,0,1000,1000,1000,1000,0,0,0,0,0
2025-12-15 01:25:15.148,SERVO_OUTPUT_RAW,3070309781,SERVO_OUTPUT_RAW,0,0,0,0,0,0,0,0,1000,1000,1000,1000,0,0,0,0,0
2025-12-15 01:25:15.248,SERVO_OUTPUT_RAW,3070409788,SERVO_OUTPUT_RAW,0,0,0,0,0,0,0,0,1000,1000,1000,1000,0,0,0,0,0
2025-12-15 01:25:15.348,SERVO_OUTPUT_RAW,3070509782,SERVO_OUTPUT_RAW,0,0,0,0,0,0,0,0,1000,1000,1000,1000,0,0,0,0,0
2025-12-15 01:25:15.448,SERVO_OUTPUT_RAW,3070609841,SERVO_OUTPUT_RAW,0,0,0,0,0,0,0,0,1000,1000,1000,1000,0,0,0,0,0
2025-12-15 01:25:15.548,SERVO_OUTPUT_RAW,3070709847,SERVO_OUTPUT_RAW,0,0,0,0,0,0,0,0,1000,1000,1000,1000,0,0,0,0,0
2025-12-15 01:25:15.648,SERVO_OUTPUT_RAW,3070809807,SERVO_OUTPUT_RAW,0,0,0,0,0,0,0,0,1000,1000,1000,1000,0,0,0,0,0
2025-12-15 01:25:15.748,SERVO_OUTPUT_RAW,3070909814,SERVO_OUTPUT_RAW,0,0,0,0,0,0,0,0,1000,1000,1000,1000,0,0,0,0,0
2025-12-15 01:25:15.848,SERVO_OUTPUT_RAW,3071009904,SERVO_OUTPUT_RAW,0,0,0,0,0,0,0,0,1000,1000,1000,1000,0,0,0,0,0
2025-12-15 01:25:15.948,SERVO_OUTPUT_RAW,3071109855,SERVO_OUTPUT_RAW,0,0,0,0,0,0,0,0,1000,1000,1000,1000,0,0,0,0,0
2025-12-15 01:25:16.048,SERVO_OUTPUT_RAW,3071209817,SERVO_OUTPUT_RAW,0,0,0,0,0,0,0,0,1000,1000,1000,1000,0,0,0,0,0
2025-12-15 01:25:16.148,SERVO_OUTPUT_RAW,3071309795,SERVO_OUTPUT_RAW,0,0,0,0,0,0,0,0,1000,1000,1000,1000,0,0,0,0,0
2025-12-15 01:25:16.248,SERVO_OUTPUT_RAW,3071409845,SERVO_OUTPUT_RAW,0,0,0,0,0,0,0,0,1000,1000,1000,1000,0,0,0,0,0
2025-12-15 01:25:16.348,SERVO_OUTPUT_RAW,3071509814,SERVO_OUTPUT_RAW,0,0,0,0,0,0,0,0,1000,1000,1000,1000,0,0,0,0,0
2025-12-15 01:25:16.448,SERVO_OUTPUT_RAW,3071609788,SERVO_OUTPUT_RAW,0,0,0,0,0,0,0,0,1000,1000,1000,1000,0,0,0,0,0
2025-12-15 01:25:16.548,SERVO_OUTPUT_RAW,3071709776,SERVO_OUTPUT_RAW,0,0,0,0,0,0,0,0,1000,1000,1000,1000,0,0,0,0,0
2025-12-15 01:25:16.648,SERVO_OUTPUT_RAW,3071809780,SERVO_OUTPUT_RAW,0,0,0,0,0,0,0,0,1000,1000,1000,1000,0,0,0,0,0
2025-12-15 01:25:16.748,SERVO_OUTPUT_RAW,3071909802,SERVO_OUTPUT_RAW,0,0,0,0,0,0,0,0,1000,1000,1000,1000,0,0,0,0,0
2025-12-15 01:25:16.848,SERVO_OUTPUT_RAW,3072009810,SERVO_OUTPUT_RAW,0,0,0,0,0,0,0,0,1000,1000,1000,1000,0,0,0,0,0
2025-12-15 01:25:16.948,SERVO_OUTPUT_RAW,3072109820,SERVO_OUTPUT_RAW,0,0,0,0,0,0,0,0,1000,1000,1000,1000,0,0,0,0,0
2025-12-15 01:25:17.048,SERVO_OUTPUT_RAW,3072212142,SERVO_OUTPUT_RAW,0,0,0,0,0,0,0,0,1000,1000,1000,1000,0,0,0,0,0
2025-12-15 01:25:17.148,SERVO_OUTPUT_RAW,3072309860,SERVO_OUTPUT_RAW,0,0,0,0,0,0,0,0,1000,1000,1000,1000,0,0,0,0,0
2025-12-15 01:25:17.248,SERVO_OUTPUT_RAW,3072409786,SERVO_OUTPUT_RAW,0,0,0,0,0,0,0,0,1000,1000,1000,1000,0,0,0,0,0
2025-12-15 01:25:17.348,SERVO_OUTPUT_RAW,3072509811,SERVO_OUTPUT_RAW,0,0,0,0,0,0,0,0,1000,1000,1000,1000,0,0,0,0,0
2025-12-15 01:25:17.502,SERVO_OUTPUT_RAW,3072609850,SERVO_OUTPUT_RAW,0,0,0,0,0,0,0,0,1000,1000,1000,1000,0,0,0,0,0
2025-12-15 01:25:17.549,SERVO_OUTPUT_RAW,3072709847,SERVO_OUTPUT_RAW,0,0,0,0,0,0,0,0,1000,1000,1000,1000,0,0,0,0,0
2025-12-15 01:25:17.648,SERVO_OUTPUT_RAW,3072809794,SERVO_OUTPUT_RAW,0,0,0,0,0,0,0,0,1000,1000,1000,1000,0,0,0,0,0
2025-12-15 01:25:17.748,SERVO_OUTPUT_RAW,3072909804,SERVO_OUTPUT_RAW,0,0,0,0,0,0,0,0,1000,1000,1000,1000,0,0,0,0,0
2025-12-15 01:25:17.848,SERVO_OUTPUT_RAW,3073009826,SERVO_OUTPUT_RAW,0,0,0,0,0,0,0,0,1000,1000,1000,1000,0,0,0,0,0
2025-12-15 01:25:17.948,SERVO_OUTPUT_RAW,3073109828,SERVO_OUTPUT_RAW,0,0,0,0,0,0,0,0,1000,1000,1000,1000,0,0,0,0,0
2025-12-15 01:25:18.049,SERVO_OUTPUT_RAW,3073209788,SERVO_OUTPUT_RAW,0,0,0,0,0,0,0,0,1000,1000,1000,1000,0,0,0,0,0
2025-12-15 01:25:18.148,SERVO_OUTPUT_RAW,3073309795,SERVO_OUTPUT_RAW,0,0,0,0,0,0,0,0,1000,1000,1000,1000,0,0,0,0,0
2025-12-15 01:25:18.248,SERVO_OUTPUT_RAW,3073409787,SERVO_OUTPUT_RAW,0,0,0,0,0,0,0,0,1000,1000,1000,1000,0,0,0,0,0
2025-12-15 01:25:18.348,SERVO_OUTPUT_RAW,3073509782,SERVO_OUTPUT_RAW,0,0,0,0,0,0,0,0,1000,1000,1000,1000,0,0,0,0,0
2025-12-15 01:25:18.448,SERVO_OUTPUT_RAW,3073609799,SERVO_OUTPUT_RAW,0,0,0,0,0,0,0,0,1000,1000,1000,1000,0,0,0,0,0
2025-12-15 01:25:18.548,SERVO_OUTPUT_RAW,3073709851,SERVO_OUTPUT_RAW,0,0,0,0,0,0,0,0,1000,1000,1000,1000,0,0,0,0,0
2025-12-15 01:25:18.648,SERVO_OUTPUT_RAW,3073809837,SERVO_OUTPUT_RAW,0,0,0,0,0,0,0,0,1000,1000,1000,1000,0,0,0,0,0
2025-12-15 01:25:18.749,SERVO_OUTPUT_RAW,3073909846,SERVO_OUTPUT_RAW,0,0,0,0,0,0,0,0,1000,1000,1000,1000,0,0,0,0,0
2025-12-15 01:25:18.848,SERVO_OUTPUT_RAW,3074009820,SERVO_OUTPUT_RAW,0,0,0,0,0,0,0,0,1000,1000,1000,1000,0,0,0,0,0
2025-12-15 01:25:18.948,SERVO_OUTPUT_RAW,3074109820,SERVO_OUTPUT_RAW,0,0,0,0,0,0,0,0,1000,1000,1000,1000,0,0,0,0,0
2025-12-15 01:25:19.048,SERVO_OUTPUT_RAW,3074209841,SERVO_OUTPUT_RAW,0,0,0,0,0,0,0,0,1000,1000,1000,1000,0,0,0,0,0
2025-12-15 01:25:19.148,SERVO_OUTPUT_RAW,3074309925,SERVO_OUTPUT_RAW,0,0,0,0,0,0,0,0,1000,1000,1000,1000,0,0,0,0,0
2025-12-15 01:25:19.249,SERVO_OUTPUT_RAW,3074409789,SERVO_OUTPUT_RAW,0,0,0,0,0,0,0,0,1000,1000,1000,1000,0,0,0,0,0
2025-12-15 01:25:19.348,SERVO_OUTPUT_RAW,3074509820,SERVO_OUTPUT_RAW,0,0,0,0,0,0,0,0,1000,1000,1000,1000,0,0,0,0,0
2025-12-15 01:25:19.448,SERVO_OUTPUT_RAW,3074609829,SERVO_OUTPUT_RAW,0,0,0,0,0,0,0,0,1000,1000,1000,1000,0,0,0,0,0
2025-12-15 01:25:19.548,SERVO_OUTPUT_RAW,3074709777,SERVO_OUTPUT_RAW,0,0,0,0,0,0,0,0,1000,1000,1000,1000,0,0,0,0,0
2025-12-15 01:25:19.649,SERVO_OUTPUT_RAW,3074809783,SERVO_OUTPUT_RAW,0,0,0,0,0,0,0,0,1000,1000,1000,1000,0,0,0,0,0
2025-12-15 01:25:19.748,SERVO_OUTPUT_RAW,3074909782,SERVO_OUTPUT_RAW,0,0,0,0,0,0,0,0,1000,1000,1000,1000,0,0,0,0,0
2025-12-15 01:25:19.848,SERVO_OUTPUT_RAW,3075009776,SERVO_OUTPUT_RAW,0,0,0,0,0,0,0,0,1000,1000,1000,1000,0,0,0,0,0
2025-12-15 01:25:19.948,SERVO_OUTPUT_RAW,3075109796,SERVO_OUTPUT_RAW,0,0,0,0,0,0,0,0,1000,1000,1000,1000,0,0,0,0,0
2025-12-15 01:25:20.047,SERVO_OUTPUT_RAW,3075209791,SERVO_OUTPUT_RAW,0,0,0,0,0,0,0,0,1000,1000,1000,1000,0,0,0,0,0
2025-12-15 01:25:20.147,SERVO_OUTPUT_RAW,3075309840,SERVO_OUTPUT_RAW,0,0,0,0,0,0,0,0,1000,1000,1000,1000,0,0,0,0,0
2025-12-15 01:25:20.248,SERVO_OUTPUT_RAW,3075409834,SERVO_OUTPUT_RAW,0,0,0,0,0,0,0,0,1000,1000,1000,1000,0,0,0,0,0
2025-12-15 01:25:20.349,SERVO_OUTPUT_RAW,3075512142,SERVO_OUTPUT_RAW,0,0,0,0,0,0,0,0,1000,1000,1000,1000,0,0,0,0,0
2025-12-15 01:25:20.449,SERVO_OUTPUT_RAW,3075609824,SERVO_OUTPUT_RAW,0,0,0,0,0,0,0,0,1000,1000,1000,1000,0,0,0,0,0
2025-12-15 01:25:20.549,SERVO_OUTPUT_RAW,3075709839,SERVO_OUTPUT_RAW,0,0,0,0,0,0,0,0,1000,1000,1000,1000,0,0,0,0,0
2025-12-15 01:25:20.648,SERVO_OUTPUT_RAW,3075809852,SERVO_OUTPUT_RAW,0,0,0,0,0,0,0,0,1000,1000,1000,1000,0,0,0,0,0
2025-12-15 01:25:20.748,SERVO_OUTPUT_RAW,3075909839,SERVO_OUTPUT_RAW,0,0,0,0,0,0,0,0,1000,1000,1000,1000,0,0,0,0,0
2025-12-15 01:25:20.847,SERVO_OUTPUT_RAW,3076009793,SERVO_OUTPUT_RAW,0,0,0,0,0,0,0,0,1000,1000,1000,1000,0,0,0,0,0
2025-12-15 01:25:20.947,SERVO_OUTPUT_RAW,3076109828,SERVO_OUTPUT_RAW,0,0,0,0,0,0,0,0,1000,1000,1000,1000,0,0,0,0,0
2025-12-15 01:25:21.047,SERVO_OUTPUT_RAW,3076209816,SERVO_OUTPUT_RAW,0,0,0,0,0,0,0,0,1000,1000,1000,1000,0,0,0,0,0
2025-12-15 01:25:21.149,SERVO_OUTPUT_RAW,3076309781,SERVO_OUTPUT_RAW,0,0,0,0,0,0,0,0,1000,1000,1000,1000,0,0,0,0,0
2025-12-15 01:25:21.248,SERVO_OUTPUT_RAW,3076409791,SERVO_OUTPUT_RAW,0,0,0,0,0,0,0,0,1000,1000,1000,1000,0,0,0,0,0
2025-12-15 01:25:21.347,SERVO_OUTPUT_RAW,3076509789,SERVO_OUTPUT_RAW,0,0,0,0,0,0,0,0,1000,1000,1000,1000,0,0,0,0,0
2025-12-15 01:25:21.447,SERVO_OUTPUT_RAW,3076609786,SERVO_OUTPUT_RAW,0,0,0,0,0,0,0,0,1000,1000,1000,1000,0,0,0,0,0
2025-12-15 01:25:21.547,SERVO_OUTPUT_RAW,3076709808,SERVO_OUTPUT_RAW,0,0,0,0,0,0,0,0,1000,1000,1000,1000,0,0,0,0,0
2025-12-15 01:25:21.647,SERVO_OUTPUT_RAW,3076809815,SERVO_OUTPUT_RAW,0,0,0,0,0,0,0,0,1000,1000,1000,1000,0,0,0,0,0
2025-12-15 01:25:21.747,SERVO_OUTPUT_RAW,3076909840,SERVO_OUTPUT_RAW,0,0,0,0,0,0,0,0,1000,1000,1000,1000,0,0,0,0,0
2025-12-15 01:25:21.847,SERVO_OUTPUT_RAW,3077009865,SERVO_OUTPUT_RAW,0,0,0,0,0,0,0,0,1000,1000,1000,1000,0,0,0,0,0
2025-12-15 01:25:21.948,SERVO_OUTPUT_RAW,3077109786,SERVO_OUTPUT_RAW,0,0,0,0,0,0,0,0,1000,1000,1000,1000,0,0,0,0,0
2025-12-15 01:25:22.047,SERVO_OUTPUT_RAW,3077209845,SERVO_OUTPUT_RAW,0,0,0,0,0,0,0,0,1000,1000,1000,1000,0,0,0,0,0
2025-12-15 01:25:22.148,SERVO_OUTPUT_RAW,3077309850,SERVO_OUTPUT_RAW,0,0,0,0,0,0,0,0,1000,1000,1000,1000,0,0,0,0,0
2025-12-15 01:25:22.248,SERVO_OUTPUT_RAW,3077409818,SERVO_OUTPUT_RAW,0,0,0,0,0,0,0,0,1000,1000,1000,1000,0,0,0,0,0
2025-12-15 01:25:22.348,SERVO_OUTPUT_RAW,3077509798,SERVO_OUTPUT_RAW,0,0,0,0,0,0,0,0,1000,1000,1000,1000,0,0,0,0,0
2025-12-15 01:25:22.448,SERVO_OUTPUT_RAW,3077609824,SERVO_OUTPUT_RAW,0,0,0,0,0,0,0,0,1000,1000,1000,1000,0,0,0,0,0
2025-12-15 01:25:22.548,SERVO_OUTPUT_RAW,3077709821,SERVO_OUTPUT_RAW,0,0,0,0,0,0,0,0,1000,1000,1000,1000,0,0,0,0,0
2025-12-15 01:25:22.647,SERVO_OUTPUT_RAW,3077809779,SERVO_OUTPUT_RAW,0,0,0,0,0,0,0,0,1000,1000,1000,1000,0,0,0,0,0
2025-12-15 01:25:22.748,SERVO_OUTPUT_RAW,3077909775,SERVO_OUTPUT_RAW,0,0,0,0,0,0,0,0,1000,1000,1000,1000,0,0,0,0,0
2025-12-15 01:25:22.848,SERVO_OUTPUT_RAW,3078009798,SERVO_OUTPUT_RAW,0,0,0,0,0,0,0,0,1000,1000,1000,1000,0,0,0,0,0
2025-12-15 01:25:22.948,SERVO_OUTPUT_RAW,3078109787,SERVO_OUTPUT_RAW,0,0,0,0,0,0,0,0,1000,1000,1000,1000,0,0,0,0,0
2025-12-15 01:25:23.048,SERVO_OUTPUT_RAW,3078209811,SERVO_OUTPUT_RAW,0,0,0,0,0,0,0,0,1000,1000,1000,1000,0,0,0,0,0
2025-12-15 01:25:23.148,SERVO_OUTPUT_RAW,3078309786,SERVO_OUTPUT_RAW,0,0,0,0,0,0,0,0,1000,1000,1000,1000,0,0,0,0,0
2025-12-15 01:25:23.248,SERVO_OUTPUT_RAW,3078409834,SERVO_OUTPUT_RAW,0,0,0,0,0,0,0,0,1000,1000,1000,1000,0,0,0,0,0
2025-12-15 01:25:23.348,SERVO_OUTPUT_RAW,3078512155,SERVO_OUTPUT_RAW,0,0,0,0,0,0,0,0,1000,1000,1000,1000,0,0,0,0,0
2025-12-15 01:25:23.448,SERVO_OUTPUT_RAW,3078609807,SERVO_OUTPUT_RAW,0,0,0,0,0,0,0,0,1000,1000,1000,1000,0,0,0,0,0
2025-12-15 01:25:23.548,SERVO_OUTPUT_RAW,3078709814,SERVO_OUTPUT_RAW,0,0,0,0,0,0,0,0,1000,1000,1000,1000,0,0,0,0,0
2025-12-15 01:25:23.648,SERVO_OUTPUT_RAW,3078809838,SERVO_OUTPUT_RAW,0,0,0,0,0,0,0,0,1000,1000,1000,1000,0,0,0,0,0
2025-12-15 01:25:23.748,SERVO_OUTPUT_RAW,3078909846,SERVO_OUTPUT_RAW,0,0,0,0,0,0,0,0,1000,1000,1000,1000,0,0,0,0,0
2025-12-15 01:25:23.848,SERVO_OUTPUT_RAW,3079009854,SERVO_OUTPUT_RAW,0,0,0,0,0,0,0,0,1000,1000,1000,1000,0,0,0,0,0
2025-12-15 01:25:23.948,SERVO_OUTPUT_RAW,3079109822,SERVO_OUTPUT_RAW,0,0,0,0,0,0,0,0,1000,1000,1000,1000,0,0,0,0,0
2025-12-15 01:25:24.048,SERVO_OUTPUT_RAW,3079209811,SERVO_OUTPUT_RAW,0,0,0,0,0,0,0,0,1000,1000,1000,1000,0,0,0,0,0
2025-12-15 01:25:24.148,SERVO_OUTPUT_RAW,3079309834,SERVO_OUTPUT_RAW,0,0,0,0,0,0,0,0,1000,1000,1000,1000,0,0,0,0,0
2025-12-15 01:25:24.248,SERVO_OUTPUT_RAW,3079409788,SERVO_OUTPUT_RAW,0,0,0,0,0,0,0,0,1000,1000,1000,1000,0,0,0,0,0
2025-12-15 01:25:24.348,SERVO_OUTPUT_RAW,3079509785,SERVO_OUTPUT_RAW,0,0,0,0,0,0,0,0,1000,1000,1000,1000,0,0,0,0,0
2025-12-15 01:25:24.448,SERVO_OUTPUT_RAW,3079609794,SERVO_OUTPUT_RAW,0,0,0,0,0,0,0,0,1000,1000,1000,1000,0,0,0,0,0
2025-12-15 01:25:24.548,SERVO_OUTPUT_RAW,3079709790,SERVO_OUTPUT_RAW,0,0,0,0,0,0,0,0,1000,1000,1000,1000,0,0,0,0,0
2025-12-15 01:25:24.648,SERVO_OUTPUT_RAW,3079812103,SERVO_OUTPUT_RAW,0,0,0,0,0,0,0,0,1000,1000,1000,1000,0,0,0,0,0
2025-12-15 01:25:24.748,SERVO_OUTPUT_RAW,3079909818,SERVO_OUTPUT_RAW,0,0,0,0,0,0,0,0,1000,1000,1000,1000,0,0,0,0,0
2025-12-15 01:25:24.848,SERVO_OUTPUT_RAW,3080009858,SERVO_OUTPUT_RAW,0,0,0,0,0,0,0,0,1000,1000,1000,1000,0,0,0,0,0
2025-12-15 01:25:24.948,SERVO_OUTPUT_RAW,3080109821,SERVO_OUTPUT_RAW,0,0,0,0,0,0,0,0,1000,1000,1000,1000,0,0,0,0,0
2025-12-15 01:25:25.048,SERVO_OUTPUT_RAW,3080209781,SERVO_OUTPUT_RAW,0,0,0,0,0,0,0,0,1000,1000,1000,1000,0,0,0,0,0
2025-12-15 01:25:25.149,SERVO_OUTPUT_RAW,3080309807,SERVO_OUTPUT_RAW,0,0,0,0,0,0,0,0,1000,1000,1000,1000,0,0,0,0,0
2025-12-15 01:25:25.248,SERVO_OUTPUT_RAW,3080409834,SERVO_OUTPUT_RAW,0,0,0,0,0,0,0,0,1000,1000,1000,1000,0,0,0,0,0
2025-12-15 01:25:25.348,SERVO_OUTPUT_RAW,3080509848,SERVO_OUTPUT_RAW,0,0,0,0,0,0,0,0,1000,1000,1000,1000,0,0,0,0,0
2025-12-15 01:25:25.449,SERVO_OUTPUT_RAW,3080609897,SERVO_OUTPUT_RAW,0,0,0,0,0,0,0,0,1000,1000,1000,1000,0,0,0,0,0
2025-12-15 01:25:25.548,SERVO_OUTPUT_RAW,3080709812,SERVO_OUTPUT_RAW,0,0,0,0,0,0,0,0,1000,1000,1000,1000,0,0,0,0,0
2025-12-15 01:25:25.648,SERVO_OUTPUT_RAW,3080809813,SERVO_OUTPUT_RAW,0,0,0,0,0,0,0,0,1000,1000,1000,1000,0,0,0,0,0
2025-12-15 01:25:25.748,SERVO_OUTPUT_RAW,3080909824,SERVO_OUTPUT_RAW,0,0,0,0,0,0,0,0,1000,1000,1000,1000,0,0,0,0,0
2025-12-15 01:25:25.848,SERVO_OUTPUT_RAW,3081009811,SERVO_OUTPUT_RAW,0,0,0,0,0,0,0,0,1000,1000,1000,1000,0,0,0,0,0
2025-12-15 01:25:25.949,SERVO_OUTPUT_RAW,3081109798,SERVO_OUTPUT_RAW,0,0,0,0,0,0,0,0,1000,1000,1000,1000,0,0,0,0,0
2025-12-15 01:25:26.048,SERVO_OUTPUT_RAW,3081209788,SERVO_OUTPUT_RAW,0,0,0,0,0,0,0,0,1000,1000,1000,1000,0,0,0,0,0
2025-12-15 01:25:26.149,SERVO_OUTPUT_RAW,3081309808,SERVO_OUTPUT_RAW,0,0,0,0,0,0,0,0,1000,1000,1000,1000,0,0,0,0,0
2025-12-15 01:25:26.249,SERVO_OUTPUT_RAW,3081409793,SERVO_OUTPUT_RAW,0,0,0,0,0,0,0,0,1000,1000,1000,1000,0,0,0,0,0
2025-12-15 01:25:26.348,SERVO_OUTPUT_RAW,3081509828,SERVO_OUTPUT_RAW,0,0,0,0,0,0,0,0,1000,1000,1000,1000,0,0,0,0,0
2025-12-15 01:25:26.448,SERVO_OUTPUT_RAW,3081609835,SERVO_OUTPUT_RAW,0,0,0,0,0,0,0,0,1000,1000,1000,1000,0,0,0,0,0
2025-12-15 01:25:26.548,SERVO_OUTPUT_RAW,3081709810,SERVO_OUTPUT_RAW,0,0,0,0,0,0,0,0,1000,1000,1000,1000,0,0,0,0,0
2025-12-15 01:25:26.648,SERVO_OUTPUT_RAW,3081809822,SERVO_OUTPUT_RAW,0,0,0,0,0,0,0,0,1000,1000,1000,1000,0,0,0,0,0
2025-12-15 01:25:26.748,SERVO_OUTPUT_RAW,3081909811,SERVO_OUTPUT_RAW,0,0,0,0,0,0,0,0,1000,1000,1000,1000,0,0,0,0,0
2025-12-15 01:25:26.848,SERVO_OUTPUT_RAW,3082009852,SERVO_OUTPUT_RAW,0,0,0,0,0,0,0,0,1000,1000,1000,1000,0,0,0,0,0
2025-12-15 01:25:26.948,SERVO_OUTPUT_RAW,3082109854,SERVO_OUTPUT_RAW,0,0,0,0,0,0,0,0,1000,1000,1000,1000,0,0,0,0,0
2025-12-15 01:25:27.048,SERVO_OUTPUT_RAW,3082209779,SERVO_OUTPUT_RAW,0,0,0,0,0,0,0,0,1000,1000,1000,1000,0,0,0,0,0
2025-12-15 01:25:27.148,SERVO_OUTPUT_RAW,3082309826,SERVO_OUTPUT_RAW,0,0,0,0,0,0,0,0,1000,1000,1000,1000,0,0,0,0,0
2025-12-15 01:25:27.248,SERVO_OUTPUT_RAW,3082409829,SERVO_OUTPUT_RAW,0,0,0,0,0,0,0,0,1000,1000,1000,1000,0,0,0,0,0
2025-12-15 01:25:27.348,SERVO_OUTPUT_RAW,3082509885,SERVO_OUTPUT_RAW,0,0,0,0,0,0,0,0,1000,1000,1000,1000,0,0,0,0,0
2025-12-15 01:25:27.449,SERVO_OUTPUT_RAW,3082609792,SERVO_OUTPUT_RAW,0,0,0,0,0,0,0,0,1000,1000,1000,1000,0,0,0,0,0
2025-12-15 01:25:27.547,SERVO_OUTPUT_RAW,3082709827,SERVO_OUTPUT_RAW,0,0,0,0,0,0,0,0,1000,1000,1000,1000,0,0,0,0,0
2025-12-15 01:25:27.646,SERVO_OUTPUT_RAW,3082809779,SERVO_OUTPUT_RAW,0,0,0,0,0,0,0,0,1000,1000,1000,1000,0,0,0,0,0
2025-12-15 01:25:27.746,SERVO_OUTPUT_RAW,3082909789,SERVO_OUTPUT_RAW,0,0,0,0,0,0,0,0,1000,1000,1000,1000,0,0,0,0,0
2025-12-15 01:25:27.846,SERVO_OUTPUT_RAW,3083009840,SERVO_OUTPUT_RAW,0,0,0,0,0,0,0,0,1000,1000,1000,1000,0,0,0,0,0
2025-12-15 01:25:27.946,SERVO_OUTPUT_RAW,3083109831,SERVO_OUTPUT_RAW,0,0,0,0,0,0,0,0,1000,1000,1000,1000,0,0,0,0,0
2025-12-15 01:25:28.046,SERVO_OUTPUT_RAW,3083209845,SERVO_OUTPUT_RAW,0,0,0,0,0,0,0,0,1000,1000,1000,1000,0,0,0,0,0
2025-12-15 01:25:28.146,SERVO_OUTPUT_RAW,3083309796,SERVO_OUTPUT_RAW,0,0,0,0,0,0,0,0,1000,1000,1000,1000,0,0,0,0,0
2025-12-15 01:25:28.246,SERVO_OUTPUT_RAW,3083409808,SERVO_OUTPUT_RAW,0,0,0,0,0,0,0,0,1000,1000,1000,1000,0,0,0,0,0
2025-12-15 01:25:28.347,SERVO_OUTPUT_RAW,3083509845,SERVO_OUTPUT_RAW,0,0,0,0,0,0,0,0,1000,1000,1000,1000,0,0,0,0,0
2025-12-15 01:25:28.446,SERVO_OUTPUT_RAW,3083609858,SERVO_OUTPUT_RAW,0,0,0,0,0,0,0,0,1000,1000,1000,1000,0,0,0,0,0
2025-12-15 01:25:28.546,SERVO_OUTPUT_RAW,3083709794,SERVO_OUTPUT_RAW,0,0,0,0,0,0,0,0,1000,1000,1000,1000,0,0,0,0,0
2025-12-15 01:25:28.646,SERVO_OUTPUT_RAW,3083809791,SERVO_OUTPUT_RAW,0,0,0,0,0,0,0,0,1000,1000,1000,1000,0,0,0,0,0
2025-12-15 01:25:28.746,SERVO_OUTPUT_RAW,3083909811,SERVO_OUTPUT_RAW,0,0,0,0,0,0,0,0,1000,1000,1000,1000,0,0,0,0,0
2025-12-15 01:25:28.846,SERVO_OUTPUT_RAW,3084009837,SERVO_OUTPUT_RAW,0,0,0,0,0,0,0,0,1000,1000,1000,1000,0,0,0,0,0
2025-12-15 01:25:28.946,SERVO_OUTPUT_RAW,3084109785,SERVO_OUTPUT_RAW,0,0,0,0,0,0,0,0,1000,1000,1000,1000,0,0,0,0,0
2025-12-15 01:25:29.046,SERVO_OUTPUT_RAW,3084209786,SERVO_OUTPUT_RAW,0,0,0,0,0,0,0,0,1000,1000,1000,1000,0,0,0,0,0
2025-12-15 01:25:29.146,SERVO_OUTPUT_RAW,3084309784,SERVO_OUTPUT_RAW,0,0,0,0,0,0,0,0,1000,1000,1000,1000,0,0,0,0,0
2025-12-15 01:25:29.246,SERVO_OUTPUT_RAW,3084409786,SERVO_OUTPUT_RAW,0,0,0,0,0,0,0,0,1000,1000,1000,1000,0,0,0,0,0
2025-12-15 01:25:29.346,SERVO_OUTPUT_RAW,3084509807,SERVO_OUTPUT_RAW,0,0,0,0,0,0,0,0,1000,1000,1000,1000,0,0,0,0,0
2025-12-15 01:25:29.446,SERVO_OUTPUT_RAW,3084609823,SERVO_OUTPUT_RAW,0,0,0,0,0,0,0,0,1000,1000,1000,1000,0,0,0,0,0
2025-12-15 01:25:29.546,SERVO_OUTPUT_RAW,3084709852,SERVO_OUTPUT_RAW,0,0,0,0,0,0,0,0,1000,1000,1000,1000,0,0,0,0,0
2025-12-15 01:25:29.647,SERVO_OUTPUT_RAW,3084812152,SERVO_OUTPUT_RAW,0,0,0,0,0,0,0,0,1000,1000,1000,1000,0,0,0,0,0
2025-12-15 01:25:29.746,SERVO_OUTPUT_RAW,3084909799,SERVO_OUTPUT_RAW,0,0,0,0,0,0,0,0,1000,1000,1000,1000,0,0,0,0,0
2025-12-15 01:25:29.846,SERVO_OUTPUT_RAW,3085009827,SERVO_OUTPUT_RAW,0,0,0,0,0,0,0,0,1000,1000,1000,1000,0,0,0,0,0
2025-12-15 01:25:29.946,SERVO_OUTPUT_RAW,3085109842,SERVO_OUTPUT_RAW,0,0,0,0,0,0,0,0,1000,1000,1000,1000,0,0,0,0,0
2025-12-15 01:25:30.046,SERVO_OUTPUT_RAW,3085209829,SERVO_OUTPUT_RAW,0,0,0,0,0,0,0,0,1000,1000,1000,1000,0,0,0,0,0
2025-12-15 01:25:30.146,SERVO_OUTPUT_RAW,3085309786,SERVO_OUTPUT_RAW,0,0,0,0,0,0,0,0,1000,1000,1000,1000,0,0,0,0,0
2025-12-15 01:25:30.247,SERVO_OUTPUT_RAW,3085409821,SERVO_OUTPUT_RAW,0,0,0,0,0,0,0,0,1000,1000,1000,1000,0,0,0,0,0
2025-12-15 01:25:30.346,SERVO_OUTPUT_RAW,3085509819,SERVO_OUTPUT_RAW,0,0,0,0,0,0,0,0,1000,1000,1000,1000,0,0,0,0,0
2025-12-15 01:25:30.446,SERVO_OUTPUT_RAW,3085609849,SERVO_OUTPUT_RAW,0,0,0,0,0,0,0,0,1000,1000,1000,1000,0,0,0,0,0
2025-12-15 01:25:30.546,SERVO_OUTPUT_RAW,3085709778,SERVO_OUTPUT_RAW,0,0,0,0,0,0,0,0,1000,1000,1000,1000,0,0,0,0,0
2025-12-15 01:25:30.646,SERVO_OUTPUT_RAW,3085809782,SERVO_OUTPUT_RAW,0,0,0,0,0,0,0,0,1000,1000,1000,1000,0,0,0,0,0
2025-12-15 01:25:30.746,SERVO_OUTPUT_RAW,3085909802,SERVO_OUTPUT_RAW,0,0,0,0,0,0,0,0,1000,1000,1000,1000,0,0,0,0,0
2025-12-15 01:25:30.846,SERVO_OUTPUT_RAW,3086009794,SERVO_OUTPUT_RAW,0,0,0,0,0,0,0,0,1000,1000,1000,1000,0,0,0,0,0
2025-12-15 01:25:30.946,SERVO_OUTPUT_RAW,3086109825,SERVO_OUTPUT_RAW,0,0,0,0,0,0,0,0,1000,1000,1000,1000,0,0,0,0,0
2025-12-15 01:25:31.046,SERVO_OUTPUT_RAW,3086209821,SERVO_OUTPUT_RAW,0,0,0,0,0,0,0,0,1000,1000,1000,1000,0,0,0,0,0
2025-12-15 01:25:31.146,SERVO_OUTPUT_RAW,3086309844,SERVO_OUTPUT_RAW,0,0,0,0,0,0,0,0,1000,1000,1000,1000,0,0,0,0,0
2025-12-15 01:25:31.246,SERVO_OUTPUT_RAW,3086409808,SERVO_OUTPUT_RAW,0,0,0,0,0,0,0,0,1000,1000,1000,1000,0,0,0,0,0
2025-12-15 01:25:31.346,SERVO_OUTPUT_RAW,3086509791,SERVO_OUTPUT_RAW,0,0,0,0,0,0,0,0,1000,1000,1000,1000,0,0,0,0,0
2025-12-15 01:25:31.446,SERVO_OUTPUT_RAW,3086609819,SERVO_OUTPUT_RAW,0,0,0,0,0,0,0,0,1000,1000,1000,1000,0,0,0,0,0
2025-12-15 01:25:31.546,SERVO_OUTPUT_RAW,3086709833,SERVO_OUTPUT_RAW,0,0,0,0,0,0,0,0,1000,1000,1000,1000,0,0,0,0,0
2025-12-15 01:25:31.646,SERVO_OUTPUT_RAW,3086809780,SERVO_OUTPUT_RAW,0,0,0,0,0,0,0,0,1000,1000,1000,1000,0,0,0,0,0
2025-12-15 01:25:31.746,SERVO_OUTPUT_RAW,3086909917,SERVO_OUTPUT_RAW,0,0,0,0,0,0,0,0,1000,1000,1000,1000,0,0,0,0,0
2025-12-15 01:25:31.846,SERVO_OUTPUT_RAW,3087009827,SERVO_OUTPUT_RAW,0,0,0,0,0,0,0,0,1000,1000,1000,1000,0,0,0,0,0
2025-12-15 01:25:31.946,SERVO_OUTPUT_RAW,3087109816,SERVO_OUTPUT_RAW,0,0,0,0,0,0,0,0,1000,1000,1000,1000,0,0,0,0,0
2025-12-15 01:25:32.046,SERVO_OUTPUT_RAW,3087209795,SERVO_OUTPUT_RAW,0,0,0,0,0,0,0,0,1000,1000,1000,1000,0,0,0,0,0
2025-12-15 01:25:32.146,SERVO_OUTPUT_RAW,3087309783,SERVO_OUTPUT_RAW,0,0,0,0,0,0,0,0,1000,1000,1000,1000,0,0,0,0,0
2025-12-15 01:25:32.246,SERVO_OUTPUT_RAW,3087409782,SERVO_OUTPUT_RAW,0,0,0,0,0,0,0,0,1000,1000,1000,1000,0,0,0,0,0
2025-12-15 01:25:32.346,SERVO_OUTPUT_RAW,3087509793,SERVO_OUTPUT_RAW,0,0,0,0,0,0,0,0,1000,1000,1000,1000,0,0,0,0,0
2025-12-15 01:25:32.446,SERVO_OUTPUT_RAW,3087609790,SERVO_OUTPUT_RAW,0,0,0,0,0,0,0,0,1000,1000,1000,1000,0,0,0,0,0
2025-12-15 01:25:32.549,SERVO_OUTPUT_RAW,3087709807,SERVO_OUTPUT_RAW,0,0,0,0,0,0,0,0,1000,1000,1000,1000,0,0,0,0,0
2025-12-15 01:25:32.648,SERVO_OUTPUT_RAW,3087809833,SERVO_OUTPUT_RAW,0,0,0,0,0,0,0,0,1000,1000,1000,1000,0,0,0,0,0
2025-12-15 01:25:32.748,SERVO_OUTPUT_RAW,3087909850,SERVO_OUTPUT_RAW,0,0,0,0,0,0,0,0,1000,1000,1000,1000,0,0,0,0,0
2025-12-15 01:25:32.848,SERVO_OUTPUT_RAW,3088009806,SERVO_OUTPUT_RAW,0,0,0,0,0,0,0,0,1000,1000,1000,1000,0,0,0,0,0
2025-12-15 01:25:32.948,SERVO_OUTPUT_RAW,3088109845,SERVO_OUTPUT_RAW,0,0,0,0,0,0,0,0,1000,1000,1000,1000,0,0,0,0,0
2025-12-15 01:25:33.048,SERVO_OUTPUT_RAW,3088209834,SERVO_OUTPUT_RAW,0,0,0,0,0,0,0,0,1000,1000,1000,1000,0,0,0,0,0
2025-12-15 01:25:33.148,SERVO_OUTPUT_RAW,3088309851,SERVO_OUTPUT_RAW,0,0,0,0,0,0,0,0,1000,1000,1000,1000,0,0,0,0,0
2025-12-15 01:25:33.248,SERVO_OUTPUT_RAW,3088409796,SERVO_OUTPUT_RAW,0,0,0,0,0,0,0,0,1000,1000,1000,1000,0,0,0,0,0
2025-12-15 01:25:33.348,SERVO_OUTPUT_RAW,3088509824,SERVO_OUTPUT_RAW,0,0,0,0,0,0,0,0,1000,1000,1000,1000,0,0,0,0,0
2025-12-15 01:25:33.448,SERVO_OUTPUT_RAW,3088609818,SERVO_OUTPUT_RAW,0,0,0,0,0,0,0,0,1000,1000,1000,1000,0,0,0,0,0
2025-12-15 01:25:33.548,SERVO_OUTPUT_RAW,3088709810,SERVO_OUTPUT_RAW,0,0,0,0,0,0,0,0,1000,1000,1000,1000,0,0,0,0,0
2025-12-15 01:25:33.648,SERVO_OUTPUT_RAW,3088809790,SERVO_OUTPUT_RAW,0,0,0,0,0,0,0,0,1000,1000,1000,1000,0,0,0,0,0
2025-12-15 01:25:33.748,SERVO_OUTPUT_RAW,3088909794,SERVO_OUTPUT_RAW,0,0,0,0,0,0,0,0,1000,1000,1000,1000,0,0,0,0,0
2025-12-15 01:25:33.848,SERVO_OUTPUT_RAW,3089009805,SERVO_OUTPUT_RAW,0,0,0,0,0,0,0,0,1000,1000,1000,1000,0,0,0,0,0
2025-12-15 01:25:33.948,SERVO_OUTPUT_RAW,3089109783,SERVO_OUTPUT_RAW,0,0,0,0,0,0,0,0,1000,1000,1000,1000,0,0,0,0,0
2025-12-15 01:25:34.048,SERVO_OUTPUT_RAW,3089209791,SERVO_OUTPUT_RAW,0,0,0,0,0,0,0,0,1000,1000,1000,1000,0,0,0,0,0
2025-12-15 01:25:34.148,SERVO_OUTPUT_RAW,3089309814,SERVO_OUTPUT_RAW,0,0,0,0,0,0,0,0,1000,1000,1000,1000,0,0,0,0,0
2025-12-15 01:25:34.248,SERVO_OUTPUT_RAW,3089409851,SERVO_OUTPUT_RAW,0,0,0,0,0,0,0,0,1000,1000,1000,1000,0,0,0,0,0
2025-12-15 01:25:34.348,SERVO_OUTPUT_RAW,3089509848,SERVO_OUTPUT_RAW,0,0,0,0,0,0,0,0,1000,1000,1000,1000,0,0,0,0,0
2025-12-15 01:25:34.448,SERVO_OUTPUT_RAW,3089609807,SERVO_OUTPUT_RAW,0,0,0,0,0,0,0,0,1000,1000,1000,1000,0,0,0,0,0
2025-12-15 01:25:34.548,SERVO_OUTPUT_RAW,3089709818,SERVO_OUTPUT_RAW,0,0,0,0,0,0,0,0,1000,1000,1000,1000,0,0,0,0,0
2025-12-15 01:25:34.649,SERVO_OUTPUT_RAW,3089809840,SERVO_OUTPUT_RAW,0,0,0,0,0,0,0,0,1000,1000,1000,1000,0,0,0,0,0
2025-12-15 01:25:34.749,SERVO_OUTPUT_RAW,3089909866,SERVO_OUTPUT_RAW,0,0,0,0,0,0,0,0,1000,1000,1000,1000,0,0,0,0,0
2025-12-15 01:25:34.848,SERVO_OUTPUT_RAW,3090009785,SERVO_OUTPUT_RAW,0,0,0,0,0,0,0,0,1000,1000,1000,1000,0,0,0,0,0
2025-12-15 01:25:34.949,SERVO_OUTPUT_RAW,3090109811,SERVO_OUTPUT_RAW,0,0,0,0,0,0,0,0,1000,1000,1000,1000,0,0,0,0,0
2025-12-15 01:25:35.048,SERVO_OUTPUT_RAW,3090209817,SERVO_OUTPUT_RAW,0,0,0,0,0,0,0,0,1000,1000,1000,1000,0,0,0,0,0
2025-12-15 01:25:35.149,SERVO_OUTPUT_RAW,3090309781,SERVO_OUTPUT_RAW,0,0,0,0,0,0,0,0,1000,1000,1000,1000,0,0,0,0,0
2025-12-15 01:25:35.249,SERVO_OUTPUT_RAW,3090409793,SERVO_OUTPUT_RAW,0,0,0,0,0,0,0,0,1000,1000,1000,1000,0,0,0,0,0
2025-12-15 01:25:35.348,SERVO_OUTPUT_RAW,3090509790,SERVO_OUTPUT_RAW,0,0,0,0,0,0,0,0,1000,1000,1000,1000,0,0,0,0,0
2025-12-15 01:25:35.448,SERVO_OUTPUT_RAW,3090609786,SERVO_OUTPUT_RAW,0,0,0,0,0,0,0,0,1000,1000,1000,1000,0,0,0,0,0
2025-12-15 01:25:35.548,SERVO_OUTPUT_RAW,3090709794,SERVO_OUTPUT_RAW,0,0,0,0,0,0,0,0,1000,1000,1000,1000,0,0,0,0,0
2025-12-15 01:25:35.648,SERVO_OUTPUT_RAW,3090809791,SERVO_OUTPUT_RAW,0,0,0,0,0,0,0,0,1000,1000,1000,1000,0,0,0,0,0
2025-12-15 01:25:35.749,SERVO_OUTPUT_RAW,3090909841,SERVO_OUTPUT_RAW,0,0,0,0,0,0,0,0,1000,1000,1000,1000,0,0,0,0,0
2025-12-15 01:25:35.849,SERVO_OUTPUT_RAW,3091009842,SERVO_OUTPUT_RAW,0,0,0,0,0,0,0,0,1000,1000,1000,1000,0,0,0,0,0
2025-12-15 01:25:35.949,SERVO_OUTPUT_RAW,3091112139,SERVO_OUTPUT_RAW,0,0,0,0,0,0,0,0,1000,1000,1000,1000,0,0,0,0,0
2025-12-15 01:25:36.049,SERVO_OUTPUT_RAW,3091209798,SERVO_OUTPUT_RAW,0,0,0,0,0,0,0,0,1000,1000,1000,1000,0,0,0,0,0
2025-12-15 01:25:36.148,SERVO_OUTPUT_RAW,3091309828,SERVO_OUTPUT_RAW,0,0,0,0,0,0,0,0,1000,1000,1000,1000,0,0,0,0,0
2025-12-15 01:25:36.248,SERVO_OUTPUT_RAW,3091409876,SERVO_OUTPUT_RAW,0,0,0,0,0,0,0,0,1000,1000,1000,1000,0,0,0,0,0
2025-12-15 01:25:36.348,SERVO_OUTPUT_RAW,3091509784,SERVO_OUTPUT_RAW,0,0,0,0,0,0,0,0,1000,1000,1000,1000,0,0,0,0,0
2025-12-15 01:25:36.448,SERVO_OUTPUT_RAW,3091609792,SERVO_OUTPUT_RAW,0,0,0,0,0,0,0,0,1000,1000,1000,1000,0,0,0,0,0
2025-12-15 01:25:36.548,SERVO_OUTPUT_RAW,3091709840,SERVO_OUTPUT_RAW,0,0,0,0,0,0,0,0,1000,1000,1000,1000,0,0,0,0,0
2025-12-15 01:25:36.648,SERVO_OUTPUT_RAW,3091809801,SERVO_OUTPUT_RAW,0,0,0,0,0,0,0,0,1000,1000,1000,1000,0,0,0,0,0
2025-12-15 01:25:36.749,SERVO_OUTPUT_RAW,3091909792,SERVO_OUTPUT_RAW,0,0,0,0,0,0,0,0,1000,1000,1000,1000,0,0,0,0,0
2025-12-15 01:25:36.849,SERVO_OUTPUT_RAW,3092009785,SERVO_OUTPUT_RAW,0,0,0,0,0,0,0,0,1000,1000,1000,1000,0,0,0,0,0
2025-12-15 01:25:36.949,SERVO_OUTPUT_RAW,3092109790,SERVO_OUTPUT_RAW,0,0,0,0,0,0,0,0,1000,1000,1000,1000,0,0,0,0,0
2025-12-15 01:25:37.049,SERVO_OUTPUT_RAW,3092209780,SERVO_OUTPUT_RAW,0,0,0,0,0,0,0,0,1000,1000,1000,1000,0,0,0,0,0
2025-12-15 01:25:37.149,SERVO_OUTPUT_RAW,3092309796,SERVO_OUTPUT_RAW,0,0,0,0,0,0,0,0,1000,1000,1000,1000,0,0,0,0,0
2025-12-15 01:25:37.249,SERVO_OUTPUT_RAW,3092412132,SERVO_OUTPUT_RAW,0,0,0,0,0,0,0,0,1000,1000,1000,1000,0,0,0,0,0
2025-12-15 01:25:37.349,SERVO_OUTPUT_RAW,3092509819,SERVO_OUTPUT_RAW,0,0,0,0,0,0,0,0,1000,1000,1000,1000,0,0,0,0,0
2025-12-15 01:25:37.449,SERVO_OUTPUT_RAW,3092612193,SERVO_OUTPUT_RAW,0,0,0,0,0,0,0,0,1000,1000,1000,1000,0,0,0,0,0
2025-12-15 01:25:37.549,SERVO_OUTPUT_RAW,3092709783,SERVO_OUTPUT_RAW,0,0,0,0,0,0,0,0,1000,1000,1000,1000,0,0,0,0,0
2025-12-15 01:25:37.649,SERVO_OUTPUT_RAW,3092809811,SERVO_OUTPUT_RAW,0,0,0,0,0,0,0,0,1000,1000,1000,1000,0,0,0,0,0
2025-12-15 01:25:37.749,SERVO_OUTPUT_RAW,3092909846,SERVO_OUTPUT_RAW,0,0,0,0,0,0,0,0,1000,1000,1000,1000,0,0,0,0,0
2025-12-15 01:25:37.849,SERVO_OUTPUT_RAW,3093009775,SERVO_OUTPUT_RAW,0,0,0,0,0,0,0,0,1000,1000,1000,1000,0,0,0,0,0
2025-12-15 01:25:37.949,SERVO_OUTPUT_RAW,3093109795,SERVO_OUTPUT_RAW,0,0,0,0,0,0,0,0,1000,1000,1000,1000,0,0,0,0,0
2025-12-15 01:25:38.049,SERVO_OUTPUT_RAW,3093209907,SERVO_OUTPUT_RAW,0,0,0,0,0,0,0,0,1000,1000,1000,1000,0,0,0,0,0
2025-12-15 01:25:38.149,SERVO_OUTPUT_RAW,3093309825,SERVO_OUTPUT_RAW,0,0,0,0,0,0,0,0,1000,1000,1000,1000,0,0,0,0,0
2025-12-15 01:25:38.249,SERVO_OUTPUT_RAW,3093409833,SERVO_OUTPUT_RAW,0,0,0,0,0,0,0,0,1000,1000,1000,1000,0,0,0,0,0
2025-12-15 01:25:38.349,SERVO_OUTPUT_RAW,3093509802,SERVO_OUTPUT_RAW,0,0,0,0,0,0,0,0,1000,1000,1000,1000,0,0,0,0,0
2025-12-15 01:25:38.449,SERVO_OUTPUT_RAW,3093609781,SERVO_OUTPUT_RAW,0,0,0,0,0,0,0,0,1000,1000,1000,1000,0,0,0,0,0
2025-12-15 01:25:38.549,SERVO_OUTPUT_RAW,3093709792,SERVO_OUTPUT_RAW,0,0,0,0,0,0,0,0,1000,1000,1000,1000,0,0,0,0,0
2025-12-15 01:25:38.649,SERVO_OUTPUT_RAW,3093809787,SERVO_OUTPUT_RAW,0,0,0,0,0,0,0,0,1000,1000,1000,1000,0,0,0,0,0
2025-12-15 01:25:38.749,SERVO_OUTPUT_RAW,3093909797,SERVO_OUTPUT_RAW,0,0,0,0,0,0,0,0,1000,1000,1000,1000,0,0,0,0,0
2025-12-15 01:25:38.849,SERVO_OUTPUT_RAW,3094009824,SERVO_OUTPUT_RAW,0,0,0,0,0,0,0,0,1000,1000,1000,1000,0,0,0,0,0
2025-12-15 01:25:38.949,SERVO_OUTPUT_RAW,3094109828,SERVO_OUTPUT_RAW,0,0,0,0,0,0,0,0,1000,1000,1000,1000,0,0,0,0,0
2025-12-15 01:25:39.049,SERVO_OUTPUT_RAW,3094209796,SERVO_OUTPUT_RAW,0,0,0,0,0,0,0,0,1000,1000,1000,1000,0,0,0,0,0
2025-12-15 01:25:39.149,SERVO_OUTPUT_RAW,3094309891,SERVO_OUTPUT_RAW,0,0,0,0,0,0,0,0,1000,1000,1000,1000,0,0,0,0,0
2025-12-15 01:25:39.249,SERVO_OUTPUT_RAW,3094409828,SERVO_OUTPUT_RAW,0,0,0,0,0,0,0,0,1000,1000,1000,1000,0,0,0,0,0
2025-12-15 01:25:39.349,SERVO_OUTPUT_RAW,3094509842,SERVO_OUTPUT_RAW,0,0,0,0,0,0,0,0,1000,1000,1000,1000,0,0,0,0,0
2025-12-15 01:25:39.449,SERVO_OUTPUT_RAW,3094609811,SERVO_OUTPUT_RAW,0,0,0,0,0,0,0,0,1000,1000,1000,1000,0,0,0,0,0
2025-12-15 01:25:39.549,SERVO_OUTPUT_RAW,3094709786,SERVO_OUTPUT_RAW,0,0,0,0,0,0,0,0,1000,1000,1000,1000,0,0,0,0,0
2025-12-15 01:25:39.649,SERVO_OUTPUT_RAW,3094809828,SERVO_OUTPUT_RAW,0,0,0,0,0,0,0,0,1000,1000,1000,1000,0,0,0,0,0
2025-12-15 01:25:39.749,SERVO_OUTPUT_RAW,3094909815,SERVO_OUTPUT_RAW,0,0,0,0,0,0,0,0,1000,1000,1000,1000,0,0,0,0,0
2025-12-15 01:25:39.850,SERVO_OUTPUT_RAW,3095009782,SERVO_OUTPUT_RAW,0,0,0,0,0,0,0,0,1000,1000,1000,1000,0,0,0,0,0
2025-12-15 01:25:39.949,SERVO_OUTPUT_RAW,3095109785,SERVO_OUTPUT_RAW,0,0,0,0,0,0,0,0,1000,1000,1000,1000,0,0,0,0,0
2025-12-15 01:25:40.048,SERVO_OUTPUT_RAW,3095209776,SERVO_OUTPUT_RAW,0,0,0,0,0,0,0,0,1000,1000,1000,1000,0,0,0,0,0
2025-12-15 01:25:40.148,SERVO_OUTPUT_RAW,3095309816,SERVO_OUTPUT_RAW,0,0,0,0,0,0,0,0,1000,1000,1000,1000,0,0,0,0,0
2025-12-15 01:25:40.248,SERVO_OUTPUT_RAW,3095409800,SERVO_OUTPUT_RAW,0,0,0,0,0,0,0,0,1000,1000,1000,1000,0,0,0,0,0
2025-12-15 01:25:40.348,SERVO_OUTPUT_RAW,3095509816,SERVO_OUTPUT_RAW,0,0,0,0,0,0,0,0,1000,1000,1000,1000,0,0,0,0,0
2025-12-15 01:25:40.448,SERVO_OUTPUT_RAW,3095609835,SERVO_OUTPUT_RAW,0,0,0,0,0,0,0,0,1000,1000,1000,1000,0,0,0,0,0
2025-12-15 01:25:40.548,SERVO_OUTPUT_RAW,3095709853,SERVO_OUTPUT_RAW,0,0,0,0,0,0,0,0,1000,1000,1000,1000,0,0,0,0,0
2025-12-15 01:25:40.648,SERVO_OUTPUT_RAW,3095809816,SERVO_OUTPUT_RAW,0,0,0,0,0,0,0,0,1000,1000,1000,1000,0,0,0,0,0
2025-12-15 01:25:40.749,SERVO_OUTPUT_RAW,3095909808,SERVO_OUTPUT_RAW,0,0,0,0,0,0,0,0,1000,1000,1000,1000,0,0,0,0,0
2025-12-15 01:25:40.848,SERVO_OUTPUT_RAW,3096009834,SERVO_OUTPUT_RAW,0,0,0,0,0,0,0,0,1000,1000,1000,1000,0,0,0,0,0
2025-12-15 01:25:40.948,SERVO_OUTPUT_RAW,3096109849,SERVO_OUTPUT_RAW,0,0,0,0,0,0,0,0,1000,1000,1000,1000,0,0,0,0,0
2025-12-15 01:25:41.048,SERVO_OUTPUT_RAW,3096209789,SERVO_OUTPUT_RAW,0,0,0,0,0,0,0,0,1000,1000,1000,1000,0,0,0,0,0
2025-12-15 01:25:41.149,SERVO_OUTPUT_RAW,3096309787,SERVO_OUTPUT_RAW,0,0,0,0,0,0,0,0,1000,1000,1000,1000,0,0,0,0,0
2025-12-15 01:25:41.248,SERVO_OUTPUT_RAW,3096409822,SERVO_OUTPUT_RAW,0,0,0,0,0,0,0,0,1000,1000,1000,1000,0,0,0,0,0
2025-12-15 01:25:41.349,SERVO_OUTPUT_RAW,3096509781,SERVO_OUTPUT_RAW,0,0,0,0,0,0,0,0,1000,1000,1000,1000,0,0,0,0,0
2025-12-15 01:25:41.448,SERVO_OUTPUT_RAW,3096609788,SERVO_OUTPUT_RAW,0,0,0,0,0,0,0,0,1000,1000,1000,1000,0,0,0,0,0
2025-12-15 01:25:41.548,SERVO_OUTPUT_RAW,3096709784,SERVO_OUTPUT_RAW,0,0,0,0,0,0,0,0,1000,1000,1000,1000,0,0,0,0,0
2025-12-15 01:25:41.649,SERVO_OUTPUT_RAW,3096809789,SERVO_OUTPUT_RAW,0,0,0,0,0,0,0,0,1000,1000,1000,1000,0,0,0,0,0
2025-12-15 01:25:41.748,SERVO_OUTPUT_RAW,3096909793,SERVO_OUTPUT_RAW,0,0,0,0,0,0,0,0,1000,1000,1000,1000,0,0,0,0,0
2025-12-15 01:25:41.848,SERVO_OUTPUT_RAW,3097009790,SERVO_OUTPUT_RAW,0,0,0,0,0,0,0,0,1000,1000,1000,1000,0,0,0,0,0
2025-12-15 01:25:41.948,SERVO_OUTPUT_RAW,3097109814,SERVO_OUTPUT_RAW,0,0,0,0,0,0,0,0,1000,1000,1000,1000,0,0,0,0,0
2025-12-15 01:25:42.049,SERVO_OUTPUT_RAW,3097209862,SERVO_OUTPUT_RAW,0,0,0,0,0,0,0,0,1000,1000,1000,1000,0,0,0,0,0
2025-12-15 01:25:42.148,SERVO_OUTPUT_RAW,3097309851,SERVO_OUTPUT_RAW,0,0,0,0,0,0,0,0,1000,1000,1000,1000,0,0,0,0,0
2025-12-15 01:25:42.249,SERVO_OUTPUT_RAW,3097412148,SERVO_OUTPUT_RAW,0,0,0,0,0,0,0,0,1000,1000,1000,1000,0,0,0,0,0
2025-12-15 01:25:42.349,SERVO_OUTPUT_RAW,3097509815,SERVO_OUTPUT_RAW,0,0,0,0,0,0,0,0,1000,1000,1000,1000,0,0,0,0,0
2025-12-15 01:25:42.450,SERVO_OUTPUT_RAW,3097609852,SERVO_OUTPUT_RAW,0,0,0,0,0,0,0,0,1000,1000,1000,1000,0,0,0,0,0
2025-12-15 01:25:42.548,SERVO_OUTPUT_RAW,3097709843,SERVO_OUTPUT_RAW,0,0,0,0,0,0,0,0,1000,1000,1000,1000,0,0,0,0,0
2025-12-15 01:25:42.649,SERVO_OUTPUT_RAW,3097809793,SERVO_OUTPUT_RAW,0,0,0,0,0,0,0,0,1000,1000,1000,1000,0,0,0,0,0
2025-12-15 01:25:42.749,SERVO_OUTPUT_RAW,3097909821,SERVO_OUTPUT_RAW,0,0,0,0,0,0,0,0,1000,1000,1000,1000,0,0,0,0,0
2025-12-15 01:25:42.848,SERVO_OUTPUT_RAW,3098009835,SERVO_OUTPUT_RAW,0,0,0,0,0,0,0,0,1000,1000,1000,1000,0,0,0,0,0
2025-12-15 01:25:42.948,SERVO_OUTPUT_RAW,3098109791,SERVO_OUTPUT_RAW,0,0,0,0,0,0,0,0,1000,1000,1000,1000,0,0,0,0,0
2025-12-15 01:25:43.048,SERVO_OUTPUT_RAW,3098209798,SERVO_OUTPUT_RAW,0,0,0,0,0,0,0,0,1000,1000,1000,1000,0,0,0,0,0
2025-12-15 01:25:43.149,SERVO_OUTPUT_RAW,3098309794,SERVO_OUTPUT_RAW,0,0,0,0,0,0,0,0,1000,1000,1000,1000,0,0,0,0,0
2025-12-15 01:25:43.249,SERVO_OUTPUT_RAW,3098409807,SERVO_OUTPUT_RAW,0,0,0,0,0,0,0,0,1000,1000,1000,1000,0,0,0,0,0
2025-12-15 01:25:43.348,SERVO_OUTPUT_RAW,3098509788,SERVO_OUTPUT_RAW,0,0,0,0,0,0,0,0,1000,1000,1000,1000,0,0,0,0,0
2025-12-15 01:25:43.449,SERVO_OUTPUT_RAW,3098609786,SERVO_OUTPUT_RAW,0,0,0,0,0,0,0,0,1000,1000,1000,1000,0,0,0,0,0
2025-12-15 01:25:43.548,SERVO_OUTPUT_RAW,3098709821,SERVO_OUTPUT_RAW,0,0,0,0,0,0,0,0,1000,1000,1000,1000,0,0,0,0,0
2025-12-15 01:25:43.648,SERVO_OUTPUT_RAW,3098809845,SERVO_OUTPUT_RAW,0,0,0,0,0,0,0,0,1000,1000,1000,1000,0,0,0,0,0
2025-12-15 01:25:43.748,SERVO_OUTPUT_RAW,3098909813,SERVO_OUTPUT_RAW,0,0,0,0,0,0,0,0,1000,1000,1000,1000,0,0,0,0,0
2025-12-15 01:25:43.848,SERVO_OUTPUT_RAW,3099009801,SERVO_OUTPUT_RAW,0,0,0,0,0,0,0,0,1000,1000,1000,1000,0,0,0,0,0
2025-12-15 01:25:43.949,SERVO_OUTPUT_RAW,3099109834,SERVO_OUTPUT_RAW,0,0,0,0,0,0,0,0,1000,1000,1000,1000,0,0,0,0,0
2025-12-15 01:25:44.049,SERVO_OUTPUT_RAW,3099209849,SERVO_OUTPUT_RAW,0,0,0,0,0,0,0,0,1000,1000,1000,1000,0,0,0,0,0
2025-12-15 01:25:44.149,SERVO_OUTPUT_RAW,3099309835,SERVO_OUTPUT_RAW,0,0,0,0,0,0,0,0,1000,1000,1000,1000,0,0,0,0,0
2025-12-15 01:25:44.249,SERVO_OUTPUT_RAW,3099409799,SERVO_OUTPUT_RAW,0,0,0,0,0,0,0,0,1000,1000,1000,1000,0,0,0,0,0
2025-12-15 01:25:44.349,SERVO_OUTPUT_RAW,3099509943,SERVO_OUTPUT_RAW,0,0,0,0,0,0,0,0,1000,1000,1000,1000,0,0,0,0,0
2025-12-15 01:25:44.449,SERVO_OUTPUT_RAW,3099609812,SERVO_OUTPUT_RAW,0,0,0,0,0,0,0,0,1000,1000,1000,1000,0,0,0,0,0
2025-12-15 01:25:44.549,SERVO_OUTPUT_RAW,3099709778,SERVO_OUTPUT_RAW,0,0,0,0,0,0,0,0,1000,1000,1000,1000,0,0,0,0,0
2025-12-15 01:25:44.649,SERVO_OUTPUT_RAW,3099809790,SERVO_OUTPUT_RAW,0,0,0,0,0,0,0,0,1000,1000,1000,1000,0,0,0,0,0
2025-12-15 01:25:44.749,SERVO_OUTPUT_RAW,3099909793,SERVO_OUTPUT_RAW,0,0,0,0,0,0,0,0,1000,1000,1000,1000,0,0,0,0,0
2025-12-15 01:25:44.849,SERVO_OUTPUT_RAW,3100009789,SERVO_OUTPUT_RAW,0,0,0,0,0,0,0,0,1000,1000,1000,1000,0,0,0,0,0
2025-12-15 01:25:44.949,SERVO_OUTPUT_RAW,3100109810,SERVO_OUTPUT_RAW,0,0,0,0,0,0,0,0,1000,1000,1000,1000,0,0,0,0,0
2025-12-15 01:25:45.049,SERVO_OUTPUT_RAW,3100209816,SERVO_OUTPUT_RAW,0,0,0,0,0,0,0,0,1000,1000,1000,1000,0,0,0,0,0
2025-12-15 01:25:45.149,SERVO_OUTPUT_RAW,3100309838,SERVO_OUTPUT_RAW,0,0,0,0,0,0,0,0,1000,1000,1000,1000,0,0,0,0,0
2025-12-15 01:25:45.249,SERVO_OUTPUT_RAW,3100409835,SERVO_OUTPUT_RAW,0,0,0,0,0,0,0,0,1000,1000,1000,1000,0,0,0,0,0
2025-12-15 01:25:45.349,SERVO_OUTPUT_RAW,3100509804,SERVO_OUTPUT_RAW,0,0,0,0,0,0,0,0,1000,1000,1000,1000,0,0,0,0,0
2025-12-15 01:25:45.449,SERVO_OUTPUT_RAW,3100609808,SERVO_OUTPUT_RAW,0,0,0,0,0,0,0,0,1000,1000,1000,1000,0,0,0,0,0
2025-12-15 01:25:45.549,SERVO_OUTPUT_RAW,3100709848,SERVO_OUTPUT_RAW,0,0,0,0,0,0,0,0,1000,1000,1000,1000,0,0,0,0,0
2025-12-15 01:25:45.649,SERVO_OUTPUT_RAW,3100809851,SERVO_OUTPUT_RAW,0,0,0,0,0,0,0,0,1000,1000,1000,1000,0,0,0,0,0
2025-12-15 01:25:45.749,SERVO_OUTPUT_RAW,3100909775,SERVO_OUTPUT_RAW,0,0,0,0,0,0,0,0,1000,1000,1000,1000,0,0,0,0,0
2025-12-15 01:25:45.849,SERVO_OUTPUT_RAW,3101009803,SERVO_OUTPUT_RAW,0,0,0,0,0,0,0,0,1000,1000,1000,1000,0,0,0,0,0
2025-12-15 01:25:45.949,SERVO_OUTPUT_RAW,3101109826,SERVO_OUTPUT_RAW,0,0,0,0,0,0,0,0,1000,1000,1000,1000,0,0,0,0,0
2025-12-15 01:25:46.049,SERVO_OUTPUT_RAW,3101209780,SERVO_OUTPUT_RAW,0,0,0,0,0,0,0,0,1000,1000,1000,1000,0,0,0,0,0
2025-12-15 01:25:46.149,SERVO_OUTPUT_RAW,3101309801,SERVO_OUTPUT_RAW,0,0,0,0,0,0,0,0,1000,1000,1000,1000,0,0,0,0,0
2025-12-15 01:25:46.249,SERVO_OUTPUT_RAW,3101409791,SERVO_OUTPUT_RAW,0,0,0,0,0,0,0,0,1000,1000,1000,1000,0,0,0,0,0
2025-12-15 01:25:46.349,SERVO_OUTPUT_RAW,3101509790,SERVO_OUTPUT_RAW,0,0,0,0,0,0,0,0,1000,1000,1000,1000,0,0,0,0,0
2025-12-15 01:25:46.449,SERVO_OUTPUT_RAW,3101609799,SERVO_OUTPUT_RAW,0,0,0,0,0,0,0,0,1000,1000,1000,1000,0,0,0,0,0
2025-12-15 01:25:46.549,SERVO_OUTPUT_RAW,3101709792,SERVO_OUTPUT_RAW,0,0,0,0,0,0,0,0,1000,1000,1000,1000,0,0,0,0,0
2025-12-15 01:25:46.649,SERVO_OUTPUT_RAW,3101809850,SERVO_OUTPUT_RAW,0,0,0,0,0,0,0,0,1000,1000,1000,1000,0,0,0,0,0
2025-12-15 01:25:46.749,SERVO_OUTPUT_RAW,3101909825,SERVO_OUTPUT_RAW,0,0,0,0,0,0,0,0,1000,1000,1000,1000,0,0,0,0,0
2025-12-15 01:25:46.849,SERVO_OUTPUT_RAW,3102009806,SERVO_OUTPUT_RAW,0,0,0,0,0,0,0,0,1000,1000,1000,1000,0,0,0,0,0
2025-12-15 01:25:46.949,SERVO_OUTPUT_RAW,3102109805,SERVO_OUTPUT_RAW,0,0,0,0,0,0,0,0,1000,1000,1000,1000,0,0,0,0,0
2025-12-15 01:25:47.049,SERVO_OUTPUT_RAW,3102209809,SERVO_OUTPUT_RAW,0,0,0,0,0,0,0,0,1000,1000,1000,1000,0,0,0,0,0
2025-12-15 01:25:47.149,SERVO_OUTPUT_RAW,3102309852,SERVO_OUTPUT_RAW,0,0,0,0,0,0,0,0,1000,1000,1000,1000,0,0,0,0,0
2025-12-15 01:25:47.249,SERVO_OUTPUT_RAW,3102409853,SERVO_OUTPUT_RAW,0,0,0,0,0,0,0,0,1000,1000,1000,1000,0,0,0,0,0
2025-12-15 01:25:47.349,SERVO_OUTPUT_RAW,3102509805,SERVO_OUTPUT_RAW,0,0,0,0,0,0,0,0,1000,1000,1000,1000,0,0,0,0,0
2025-12-15 01:25:47.450,SERVO_OUTPUT_RAW,3102609821,SERVO_OUTPUT_RAW,0,0,0,0,0,0,0,0,1000,1000,1000,1000,0,0,0,0,0
2025-12-15 01:25:47.549,SERVO_OUTPUT_RAW,3102709823,SERVO_OUTPUT_RAW,0,0,0,0,0,0,0,0,1000,1000,1000,1000,0,0,0,0,0
2025-12-15 01:25:47.649,SERVO_OUTPUT_RAW,3102809793,SERVO_OUTPUT_RAW,0,0,0,0,0,0,0,0,1000,1000,1000,1000,0,0,0,0,0
2025-12-15 01:25:47.749,SERVO_OUTPUT_RAW,3102909790,SERVO_OUTPUT_RAW,0,0,0,0,0,0,0,0,1000,1000,1000,1000,0,0,0,0,0
2025-12-15 01:25:47.849,SERVO_OUTPUT_RAW,3103009803,SERVO_OUTPUT_RAW,0,0,0,0,0,0,0,0,1000,1000,1000,1000,0,0,0,0,0
2025-12-15 01:25:47.949,SERVO_OUTPUT_RAW,3103109779,SERVO_OUTPUT_RAW,0,0,0,0,0,0,0,0,1000,1000,1000,1000,0,0,0,0,0
2025-12-15 01:25:48.049,SERVO_OUTPUT_RAW,3103209787,SERVO_OUTPUT_RAW,0,0,0,0,0,0,0,0,1000,1000,1000,1000,0,0,0,0,0
2025-12-15 01:25:48.149,SERVO_OUTPUT_RAW,3103309823,SERVO_OUTPUT_RAW,0,0,0,0,0,0,0,0,1000,1000,1000,1000,0,0,0,0,0
2025-12-15 01:25:48.249,SERVO_OUTPUT_RAW,3103412143,SERVO_OUTPUT_RAW,0,0,0,0,0,0,0,0,1000,1000,1000,1000,0,0,0,0,0
2025-12-15 01:25:48.349,SERVO_OUTPUT_RAW,3103509776,SERVO_OUTPUT_RAW,0,0,0,0,0,0,0,0,1000,1000,1000,1000,0,0,0,0,0
2025-12-15 01:25:48.449,SERVO_OUTPUT_RAW,3103609772,SERVO_OUTPUT_RAW,0,0,0,0,0,0,0,0,1000,1000,1000,1000,0,0,0,0,0
2025-12-15 01:25:48.549,SERVO_OUTPUT_RAW,3103712157,SERVO_OUTPUT_RAW,0,0,0,0,0,0,0,0,1000,1000,1000,1000,0,0,0,0,0
2025-12-15 01:25:48.650,SERVO_OUTPUT_RAW,3103809846,SERVO_OUTPUT_RAW,0,0,0,0,0,0,0,0,1000,1000,1000,1000,0,0,0,0,0
2025-12-15 01:25:48.749,SERVO_OUTPUT_RAW,3103909834,SERVO_OUTPUT_RAW,0,0,0,0,0,0,0,0,1000,1000,1000,1000,0,0,0,0,0
2025-12-15 01:25:48.849,SERVO_OUTPUT_RAW,3104009798,SERVO_OUTPUT_RAW,0,0,0,0,0,0,0,0,1000,1000,1000,1000,0,0,0,0,0
2025-12-15 01:25:48.950,SERVO_OUTPUT_RAW,3104109795,SERVO_OUTPUT_RAW,0,0,0,0,0,0,0,0,1000,1000,1000,1000,0,0,0,0,0
2025-12-15 01:25:49.049,SERVO_OUTPUT_RAW,3104209825,SERVO_OUTPUT_RAW,0,0,0,0,0,0,0,0,1000,1000,1000,1000,0,0,0,0,0
2025-12-15 01:25:49.150,SERVO_OUTPUT_RAW,3104309836,SERVO_OUTPUT_RAW,0,0,0,0,0,0,0,0,1000,1000,1000,1000,0,0,0,0,0
2025-12-15 01:25:49.249,SERVO_OUTPUT_RAW,3104409786,SERVO_OUTPUT_RAW,0,0,0,0,0,0,0,0,1000,1000,1000,1000,0,0,0,0,0
2025-12-15 01:25:49.349,SERVO_OUTPUT_RAW,3104509788,SERVO_OUTPUT_RAW,0,0,0,0,0,0,0,0,1000,1000,1000,1000,0,0,0,0,0
2025-12-15 01:25:49.449,SERVO_OUTPUT_RAW,3104609788,SERVO_OUTPUT_RAW,0,0,0,0,0,0,0,0,1000,1000,1000,1000,0,0,0,0,0
2025-12-15 01:25:49.549,SERVO_OUTPUT_RAW,3104709788,SERVO_OUTPUT_RAW,0,0,0,0,0,0,0,0,1000,1000,1000,1000,0,0,0,0,0
2025-12-15 01:25:49.648,SERVO_OUTPUT_RAW,3104809797,SERVO_OUTPUT_RAW,0,0,0,0,0,0,0,0,1000,1000,1000,1000,0,0,0,0,0
2025-12-15 01:25:49.748,SERVO_OUTPUT_RAW,3104909820,SERVO_OUTPUT_RAW,0,0,0,0,0,0,0,0,1000,1000,1000,1000,0,0,0,0,0
2025-12-15 01:25:49.849,SERVO_OUTPUT_RAW,3105009796,SERVO_OUTPUT_RAW,0,0,0,0,0,0,0,0,1000,1000,1000,1000,0,0,0,0,0
2025-12-15 01:25:49.949,SERVO_OUTPUT_RAW,3105109851,SERVO_OUTPUT_RAW,0,0,0,0,0,0,0,0,1000,1000,1000,1000,0,0,0,0,0
2025-12-15 01:25:50.048,SERVO_OUTPUT_RAW,3105209819,SERVO_OUTPUT_RAW,0,0,0,0,0,0,0,0,1000,1000,1000,1000,0,0,0,0,0
2025-12-15 01:25:50.148,SERVO_OUTPUT_RAW,3105309831,SERVO_OUTPUT_RAW,0,0,0,0,0,0,0,0,1000,1000,1000,1000,0,0,0,0,0
2025-12-15 01:25:50.249,SERVO_OUTPUT_RAW,3105409840,SERVO_OUTPUT_RAW,0,0,0,0,0,0,0,0,1000,1000,1000,1000,0,0,0,0,0
2025-12-15 01:25:50.348,SERVO_OUTPUT_RAW,3105509804,SERVO_OUTPUT_RAW,0,0,0,0,0,0,0,0,1000,1000,1000,1000,0,0,0,0,0
2025-12-15 01:25:50.449,SERVO_OUTPUT_RAW,3105609780,SERVO_OUTPUT_RAW,0,0,0,0,0,0,0,0,1000,1000,1000,1000,0,0,0,0,0
2025-12-15 01:25:50.548,SERVO_OUTPUT_RAW,3105709806,SERVO_OUTPUT_RAW,0,0,0,0,0,0,0,0,1000,1000,1000,1000,0,0,0,0,0
2025-12-15 01:25:50.648,SERVO_OUTPUT_RAW,3105809875,SERVO_OUTPUT_RAW,0,0,0,0,0,0,0,0,1000,1000,1000,1000,0,0,0,0,0
2025-12-15 01:25:50.749,SERVO_OUTPUT_RAW,3105909810,SERVO_OUTPUT_RAW,0,0,0,0,0,0,0,0,1000,1000,1000,1000,0,0,0,0,0
2025-12-15 01:25:50.848,SERVO_OUTPUT_RAW,3106009775,SERVO_OUTPUT_RAW,0,0,0,0,0,0,0,0,1000,1000,1000,1000,0,0,0,0,0
2025-12-15 01:25:50.949,SERVO_OUTPUT_RAW,3106109806,SERVO_OUTPUT_RAW,0,0,0,0,0,0,0,0,1000,1000,1000,1000,0,0,0,0,0
2025-12-15 01:25:51.049,SERVO_OUTPUT_RAW,3106209789,SERVO_OUTPUT_RAW,0,0,0,0,0,0,0,0,1000,1000,1000,1000,0,0,0,0,0
2025-12-15 01:25:51.149,SERVO_OUTPUT_RAW,3106312126,SERVO_OUTPUT_RAW,0,0,0,0,0,0,0,0,1000,1000,1000,1000,0,0,0,0,0
2025-12-15 01:25:51.249,SERVO_OUTPUT_RAW,3106409798,SERVO_OUTPUT_RAW,0,0,0,0,0,0,0,0,1000,1000,1000,1000,0,0,0,0,0
2025-12-15 01:25:51.349,SERVO_OUTPUT_RAW,3106509824,SERVO_OUTPUT_RAW,0,0,0,0,0,0,0,0,1000,1000,1000,1000,0,0,0,0,0
2025-12-15 01:25:51.449,SERVO_OUTPUT_RAW,3106609838,SERVO_OUTPUT_RAW,0,0,0,0,0,0,0,0,1000,1000,1000,1000,0,0,0,0,0
2025-12-15 01:25:51.549,SERVO_OUTPUT_RAW,3106709805,SERVO_OUTPUT_RAW,0,0,0,0,0,0,0,0,1000,1000,1000,1000,0,0,0,0,0
2025-12-15 01:25:51.649,SERVO_OUTPUT_RAW,3106809829,SERVO_OUTPUT_RAW,0,0,0,0,0,0,0,0,1000,1000,1000,1000,0,0,0,0,0
2025-12-15 01:25:51.749,SERVO_OUTPUT_RAW,3106909838,SERVO_OUTPUT_RAW,0,0,0,0,0,0,0,0,1000,1000,1000,1000,0,0,0,0,0
2025-12-15 01:25:51.849,SERVO_OUTPUT_RAW,3107009853,SERVO_OUTPUT_RAW,0,0,0,0,0,0,0,0,1000,1000,1000,1000,0,0,0,0,0
2025-12-15 01:25:51.949,SERVO_OUTPUT_RAW,3107109786,SERVO_OUTPUT_RAW,0,0,0,0,0,0,0,0,1000,1000,1000,1000,0,0,0,0,0
2025-12-15 01:25:52.049,SERVO_OUTPUT_RAW,3107209792,SERVO_OUTPUT_RAW,0,0,0,0,0,0,0,0,1000,1000,1000,1000,0,0,0,0,0
2025-12-15 01:25:52.149,SERVO_OUTPUT_RAW,3107309825,SERVO_OUTPUT_RAW,0,0,0,0,0,0,0,0,1000,1000,1000,1000,0,0,0,0,0
2025-12-15 01:25:52.249,SERVO_OUTPUT_RAW,3107409807,SERVO_OUTPUT_RAW,0,0,0,0,0,0,0,0,1000,1000,1000,1000,0,0,0,0,0
2025-12-15 01:25:52.349,SERVO_OUTPUT_RAW,3107509782,SERVO_OUTPUT_RAW,0,0,0,0,0,0,0,0,1000,1000,1000,1000,0,0,0,0,0
2025-12-15 01:25:52.449,SERVO_OUTPUT_RAW,3107609775,SERVO_OUTPUT_RAW,0,0,0,0,0,0,0,0,1000,1000,1000,1000,0,0,0,0,0
2025-12-15 01:25:52.550,SERVO_OUTPUT_RAW,3107709781,SERVO_OUTPUT_RAW,0,0,0,0,0,0,0,0,1000,1000,1000,1000,0,0,0,0,0
2025-12-15 01:25:52.649,SERVO_OUTPUT_RAW,3107809794,SERVO_OUTPUT_RAW,0,0,0,0,0,0,0,0,1000,1000,1000,1000,0,0,0,0,0
2025-12-15 01:25:52.749,SERVO_OUTPUT_RAW,3107912111,SERVO_OUTPUT_RAW,0,0,0,0,0,0,0,0,1000,1000,1000,1000,0,0,0,0,0
2025-12-15 01:25:52.849,SERVO_OUTPUT_RAW,3108009801,SERVO_OUTPUT_RAW,0,0,0,0,0,0,0,0,1000,1000,1000,1000,0,0,0,0,0
2025-12-15 01:25:52.949,SERVO_OUTPUT_RAW,3108109844,SERVO_OUTPUT_RAW,0,0,0,0,0,0,0,0,1000,1000,1000,1000,0,0,0,0,0
2025-12-15 01:25:53.049,SERVO_OUTPUT_RAW,3108209853,SERVO_OUTPUT_RAW,0,0,0,0,0,0,0,0,1000,1000,1000,1000,0,0,0,0,0
2025-12-15 01:25:53.149,SERVO_OUTPUT_RAW,3108309810,SERVO_OUTPUT_RAW,0,0,0,0,0,0,0,0,1000,1000,1000,1000,0,0,0,0,0
2025-12-15 01:25:53.249,SERVO_OUTPUT_RAW,3108409814,SERVO_OUTPUT_RAW,0,0,0,0,0,0,0,0,1000,1000,1000,1000,0,0,0,0,0
2025-12-15 01:25:53.349,SERVO_OUTPUT_RAW,3108509836,SERVO_OUTPUT_RAW,0,0,0,0,0,0,0,0,1000,1000,1000,1000,0,0,0,0,0
2025-12-15 01:25:53.449,SERVO_OUTPUT_RAW,3108609833,SERVO_OUTPUT_RAW,0,0,0,0,0,0,0,0,1000,1000,1000,1000,0,0,0,0,0
2025-12-15 01:25:53.549,SERVO_OUTPUT_RAW,3108709781,SERVO_OUTPUT_RAW,0,0,0,0,0,0,0,0,1000,1000,1000,1000,0,0,0,0,0
2025-12-15 01:25:53.649,SERVO_OUTPUT_RAW,3108809830,SERVO_OUTPUT_RAW,0,0,0,0,0,0,0,0,1000,1000,1000,1000,0,0,0,0,0
2025-12-15 01:25:53.749,SERVO_OUTPUT_RAW,3108909811,SERVO_OUTPUT_RAW,0,0,0,0,0,0,0,0,1000,1000,1000,1000,0,0,0,0,0
2025-12-15 01:25:53.849,SERVO_OUTPUT_RAW,3109009770,SERVO_OUTPUT_RAW,0,0,0,0,0,0,0,0,1000,1000,1000,1000,0,0,0,0,0
2025-12-15 01:25:53.949,SERVO_OUTPUT_RAW,3109109788,SERVO_OUTPUT_RAW,0,0,0,0,0,0,0,0,1000,1000,1000,1000,0,0,0,0,0
2025-12-15 01:25:54.049,SERVO_OUTPUT_RAW,3109209809,SERVO_OUTPUT_RAW,0,0,0,0,0,0,0,0,1000,1000,1000,1000,0,0,0,0,0
2025-12-15 01:25:54.149,SERVO_OUTPUT_RAW,3109309795,SERVO_OUTPUT_RAW,0,0,0,0,0,0,0,0,1000,1000,1000,1000,0,0,0,0,0
2025-12-15 01:25:54.249,SERVO_OUTPUT_RAW,3109409796,SERVO_OUTPUT_RAW,0,0,0,0,0,0,0,0,1000,1000,1000,1000,0,0,0,0,0
2025-12-15 01:25:54.349,SERVO_OUTPUT_RAW,3109509801,SERVO_OUTPUT_RAW,0,0,0,0,0,0,0,0,1000,1000,1000,1000,0,0,0,0,0
2025-12-15 01:25:54.449,SERVO_OUTPUT_RAW,3109609821,SERVO_OUTPUT_RAW,0,0,0,0,0,0,0,0,1000,1000,1000,1000,0,0,0,0,0
2025-12-15 01:25:54.549,SERVO_OUTPUT_RAW,3109709861,SERVO_OUTPUT_RAW,0,0,0,0,0,0,0,0,1000,1000,1000,1000,0,0,0,0,0
2025-12-15 01:25:54.649,SERVO_OUTPUT_RAW,3109809870,SERVO_OUTPUT_RAW,0,0,0,0,0,0,0,0,1000,1000,1000,1000,0,0,0,0,0
2025-12-15 01:25:54.749,SERVO_OUTPUT_RAW,3109909791,SERVO_OUTPUT_RAW,0,0,0,0,0,0,0,0,1000,1000,1000,1000,0,0,0,0,0
2025-12-15 01:25:54.849,SERVO_OUTPUT_RAW,3110012076,SERVO_OUTPUT_RAW,0,0,0,0,0,0,0,0,1000,1000,1000,1000,0,0,0,0,0
2025-12-15 01:25:54.950,SERVO_OUTPUT_RAW,3110109831,SERVO_OUTPUT_RAW,0,0,0,0,0,0,0,0,1000,1000,1000,1000,0,0,0,0,0
2025-12-15 01:25:55.049,SERVO_OUTPUT_RAW,3110209852,SERVO_OUTPUT_RAW,0,0,0,0,0,0,0,0,1000,1000,1000,1000,0,0,0,0,0
2025-12-15 01:25:55.149,SERVO_OUTPUT_RAW,3110309789,SERVO_OUTPUT_RAW,0,0,0,0,0,0,0,0,1000,1000,1000,1000,0,0,0,0,0
2025-12-15 01:25:55.249,SERVO_OUTPUT_RAW,3110409819,SERVO_OUTPUT_RAW,0,0,0,0,0,0,0,0,1000,1000,1000,1000,0,0,0,0,0
2025-12-15 01:25:55.349,SERVO_OUTPUT_RAW,3110509827,SERVO_OUTPUT_RAW,0,0,0,0,0,0,0,0,1000,1000,1000,1000,0,0,0,0,0
2025-12-15 01:25:55.449,SERVO_OUTPUT_RAW,3110609798,SERVO_OUTPUT_RAW,0,0,0,0,0,0,0,0,1000,1000,1000,1000,0,0,0,0,0
2025-12-15 01:25:55.550,SERVO_OUTPUT_RAW,3110709796,SERVO_OUTPUT_RAW,0,0,0,0,0,0,0,0,1000,1000,1000,1000,0,0,0,0,0
2025-12-15 01:25:55.649,SERVO_OUTPUT_RAW,3110809819,SERVO_OUTPUT_RAW,0,0,0,0,0,0,0,0,1000,1000,1000,1000,0,0,0,0,0
2025-12-15 01:25:55.749,SERVO_OUTPUT_RAW,3110909785,SERVO_OUTPUT_RAW,0,0,0,0,0,0,0,0,1000,1000,1000,1000,0,0,0,0,0
2025-12-15 01:25:55.849,SERVO_OUTPUT_RAW,3111009788,SERVO_OUTPUT_RAW,0,0,0,0,0,0,0,0,1000,1000,1000,1000,0,0,0,0,0
2025-12-15 01:25:55.949,SERVO_OUTPUT_RAW,3111109804,SERVO_OUTPUT_RAW,0,0,0,0,0,0,0,0,1000,1000,1000,1000,0,0,0,0,0
2025-12-15 01:25:56.049,SERVO_OUTPUT_RAW,3111209836,SERVO_OUTPUT_RAW,0,0,0,0,0,0,0,0,1000,1000,1000,1000,0,0,0,0,0
2025-12-15 01:25:56.150,SERVO_OUTPUT_RAW,3111309845,SERVO_OUTPUT_RAW,0,0,0,0,0,0,0,0,1000,1000,1000,1000,0,0,0,0,0
2025-12-15 01:25:56.250,SERVO_OUTPUT_RAW,3111409812,SERVO_OUTPUT_RAW,0,0,0,0,0,0,0,0,1000,1000,1000,1000,0,0,0,0,0
2025-12-15 01:25:56.349,SERVO_OUTPUT_RAW,3111509845,SERVO_OUTPUT_RAW,0,0,0,0,0,0,0,0,1000,1000,1000,1000,0,0,0,0,0
2025-12-15 01:25:56.449,SERVO_OUTPUT_RAW,3111609832,SERVO_OUTPUT_RAW,0,0,0,0,0,0,0,0,1000,1000,1000,1000,0,0,0,0,0
2025-12-15 01:25:56.549,SERVO_OUTPUT_RAW,3111709859,SERVO_OUTPUT_RAW,0,0,0,0,0,0,0,0,1000,1000,1000,1000,0,0,0,0,0
2025-12-15 01:25:56.649,SERVO_OUTPUT_RAW,3111809786,SERVO_OUTPUT_RAW,0,0,0,0,0,0,0,0,1000,1000,1000,1000,0,0,0,0,0
2025-12-15 01:25:56.750,SERVO_OUTPUT_RAW,3111909785,SERVO_OUTPUT_RAW,0,0,0,0,0,0,0,0,1000,1000,1000,1000,0,0,0,0,0
2025-12-15 01:25:56.850,SERVO_OUTPUT_RAW,3112009811,SERVO_OUTPUT_RAW,0,0,0,0,0,0,0,0,1000,1000,1000,1000,0,0,0,0,0
2025-12-15 01:25:56.950,SERVO_OUTPUT_RAW,3112109902,SERVO_OUTPUT_RAW,0,0,0,0,0,0,0,0,1000,1000,1000,1000,0,0,0,0,0
2025-12-15 01:25:57.050,SERVO_OUTPUT_RAW,3112209785,SERVO_OUTPUT_RAW,0,0,0,0,0,0,0,0,1000,1000,1000,1000,0,0,0,0,0
2025-12-15 01:25:57.150,SERVO_OUTPUT_RAW,3112309781,SERVO_OUTPUT_RAW,0,0,0,0,0,0,0,0,1000,1000,1000,1000,0,0,0,0,0
2025-12-15 01:25:57.250,SERVO_OUTPUT_RAW,3112409814,SERVO_OUTPUT_RAW,0,0,0,0,0,0,0,0,1000,1000,1000,1000,0,0,0,0,0
2025-12-15 01:25:57.350,SERVO_OUTPUT_RAW,3112509782,SERVO_OUTPUT_RAW,0,0,0,0,0,0,0,0,1000,1000,1000,1000,0,0,0,0,0
2025-12-15 01:25:57.450,SERVO_OUTPUT_RAW,3112609807,SERVO_OUTPUT_RAW,0,0,0,0,0,0,0,0,1000,1000,1000,1000,0,0,0,0,0
2025-12-15 01:25:57.549,SERVO_OUTPUT_RAW,3112709853,SERVO_OUTPUT_RAW,0,0,0,0,0,0,0,0,1000,1000,1000,1000,0,0,0,0,0
2025-12-15 01:25:57.650,SERVO_OUTPUT_RAW,3112809840,SERVO_OUTPUT_RAW,0,0,0,0,0,0,0,0,1000,1000,1000,1000,0,0,0,0,0
2025-12-15 01:25:57.750,SERVO_OUTPUT_RAW,3112909808,SERVO_OUTPUT_RAW,0,0,0,0,0,0,0,0,1000,1000,1000,1000,0,0,0,0,0
2025-12-15 01:25:57.850,SERVO_OUTPUT_RAW,3113009775,SERVO_OUTPUT_RAW,0,0,0,0,0,0,0,0,1000,1000,1000,1000,0,0,0,0,0
2025-12-15 01:25:57.950,SERVO_OUTPUT_RAW,3113109825,SERVO_OUTPUT_RAW,0,0,0,0,0,0,0,0,1000,1000,1000,1000,0,0,0,0,0
2025-12-15 01:25:58.050,SERVO_OUTPUT_RAW,3113209849,SERVO_OUTPUT_RAW,0,0,0,0,0,0,0,0,1000,1000,1000,1000,0,0,0,0,0
2025-12-15 01:25:58.150,SERVO_OUTPUT_RAW,3113309841,SERVO_OUTPUT_RAW,0,0,0,0,0,0,0,0,1000,1000,1000,1000,0,0,0,0,0
2025-12-15 01:25:58.249,SERVO_OUTPUT_RAW,3113409780,SERVO_OUTPUT_RAW,0,0,0,0,0,0,0,0,1000,1000,1000,1000,0,0,0,0,0
2025-12-15 01:25:58.349,SERVO_OUTPUT_RAW,3113509806,SERVO_OUTPUT_RAW,0,0,0,0,0,0,0,0,1000,1000,1000,1000,0,0,0,0,0
2025-12-15 01:25:58.449,SERVO_OUTPUT_RAW,3113609814,SERVO_OUTPUT_RAW,0,0,0,0,0,0,0,0,1000,1000,1000,1000,0,0,0,0,0
2025-12-15 01:25:58.549,SERVO_OUTPUT_RAW,3113709849,SERVO_OUTPUT_RAW,0,0,0,0,0,0,0,0,1000,1000,1000,1000,0,0,0,0,0
2025-12-15 01:25:58.650,SERVO_OUTPUT_RAW,3113809792,SERVO_OUTPUT_RAW,0,0,0,0,0,0,0,0,1000,1000,1000,1000,0,0,0,0,0
2025-12-15 01:25:58.749,SERVO_OUTPUT_RAW,3113909791,SERVO_OUTPUT_RAW,0,0,0,0,0,0,0,0,1000,1000,1000,1000,0,0,0,0,0
2025-12-15 01:25:58.850,SERVO_OUTPUT_RAW,3114009796,SERVO_OUTPUT_RAW,0,0,0,0,0,0,0,0,1000,1000,1000,1000,0,0,0,0,0
2025-12-15 01:25:58.949,SERVO_OUTPUT_RAW,3114109789,SERVO_OUTPUT_RAW,0,0,0,0,0,0,0,0,1000,1000,1000,1000,0,0,0,0,0
2025-12-15 01:25:59.048,SERVO_OUTPUT_RAW,3114209808,SERVO_OUTPUT_RAW,0,0,0,0,0,0,0,0,1000,1000,1000,1000,0,0,0,0,0
2025-12-15 01:25:59.149,SERVO_OUTPUT_RAW,3114309824,SERVO_OUTPUT_RAW,0,0,0,0,0,0,0,0,1000,1000,1000,1000,0,0,0,0,0
2025-12-15 01:25:59.249,SERVO_OUTPUT_RAW,3114409826,SERVO_OUTPUT_RAW,0,0,0,0,0,0,0,0,1000,1000,1000,1000,0,0,0,0,0
2025-12-15 01:25:59.349,SERVO_OUTPUT_RAW,3114509798,SERVO_OUTPUT_RAW,0,0,0,0,0,0,0,0,1000,1000,1000,1000,0,0,0,0,0
2025-12-15 01:25:59.449,SERVO_OUTPUT_RAW,3114609824,SERVO_OUTPUT_RAW,0,0,0,0,0,0,0,0,1000,1000,1000,1000,0,0,0,0,0
2025-12-15 01:25:59.550,SERVO_OUTPUT_RAW,3114709829,SERVO_OUTPUT_RAW,0,0,0,0,0,0,0,0,1000,1000,1000,1000,0,0,0,0,0
2025-12-15 01:25:59.650,SERVO_OUTPUT_RAW,3114809843,SERVO_OUTPUT_RAW,0,0,0,0,0,0,0,0,1000,1000,1000,1000,0,0,0,0,0
2025-12-15 01:25:59.750,SERVO_OUTPUT_RAW,3114909781,SERVO_OUTPUT_RAW,0,0,0,0,0,0,0,0,1000,1000,1000,1000,0,0,0,0,0
2025-12-15 01:25:59.849,SERVO_OUTPUT_RAW,3115009819,SERVO_OUTPUT_RAW,0,0,0,0,0,0,0,0,1000,1000,1000,1000,0,0,0,0,0
2025-12-15 01:25:59.950,SERVO_OUTPUT_RAW,3115109922,SERVO_OUTPUT_RAW,0,0,0,0,0,0,0,0,1000,1000,1000,1000,0,0,0,0,0
2025-12-15 01:26:00.050,SERVO_OUTPUT_RAW,3115209822,SERVO_OUTPUT_RAW,0,0,0,0,0,0,0,0,1000,1000,1000,1000,0,0,0,0,0
2025-12-15 01:26:00.150,SERVO_OUTPUT_RAW,3115309793,SERVO_OUTPUT_RAW,0,0,0,0,0,0,0,0,1000,1000,1000,1000,0,0,0,0,0
2025-12-15 01:26:00.250,SERVO_OUTPUT_RAW,3115409812,SERVO_OUTPUT_RAW,0,0,0,0,0,0,0,0,1000,1000,1000,1000,0,0,0,0,0
2025-12-15 01:26:00.349,SERVO_OUTPUT_RAW,3115509797,SERVO_OUTPUT_RAW,0,0,0,0,0,0,0,0,1000,1000,1000,1000,0,0,0,0,0
2025-12-15 01:26:00.449,SERVO_OUTPUT_RAW,3115609778,SERVO_OUTPUT_RAW,0,0,0,0,0,0,0,0,1000,1000,1000,1000,0,0,0,0,0
2025-12-15 01:26:00.549,SERVO_OUTPUT_RAW,3115709790,SERVO_OUTPUT_RAW,0,0,0,0,0,0,0,0,1000,1000,1000,1000,0,0,0,0,0
2025-12-15 01:26:00.649,SERVO_OUTPUT_RAW,3115809806,SERVO_OUTPUT_RAW,0,0,0,0,0,0,0,0,1000,1000,1000,1000,0,0,0,0,0
2025-12-15 01:26:00.749,SERVO_OUTPUT_RAW,3115909823,SERVO_OUTPUT_RAW,0,0,0,0,0,0,0,0,1000,1000,1000,1000,0,0,0,0,0
2025-12-15 01:26:00.849,SERVO_OUTPUT_RAW,3116012151,SERVO_OUTPUT_RAW,0,0,0,0,0,0,0,0,1000,1000,1000,1000,0,0,0,0,0
2025-12-15 01:26:00.949,SERVO_OUTPUT_RAW,3116109816,SERVO_OUTPUT_RAW,0,0,0,0,0,0,0,0,1000,1000,1000,1000,0,0,0,0,0
2025-12-15 01:26:01.050,SERVO_OUTPUT_RAW,3116209820,SERVO_OUTPUT_RAW,0,0,0,0,0,0,0,0,1000,1000,1000,1000,0,0,0,0,0
2025-12-15 01:26:01.149,SERVO_OUTPUT_RAW,3116312085,SERVO_OUTPUT_RAW,0,0,0,0,0,0,0,0,1000,1000,1000,1000,0,0,0,0,0
2025-12-15 01:26:01.249,SERVO_OUTPUT_RAW,3116409844,SERVO_OUTPUT_RAW,0,0,0,0,0,0,0,0,1000,1000,1000,1000,0,0,0,0,0
2025-12-15 01:26:01.349,SERVO_OUTPUT_RAW,3116509791,SERVO_OUTPUT_RAW,0,0,0,0,0,0,0,0,1000,1000,1000,1000,0,0,0,0,0
2025-12-15 01:26:01.449,SERVO_OUTPUT_RAW,3116609812,SERVO_OUTPUT_RAW,0,0,0,0,0,0,0,0,1000,1000,1000,1000,0,0,0,0,0
2025-12-15 01:26:01.549,SERVO_OUTPUT_RAW,3116709828,SERVO_OUTPUT_RAW,0,0,0,0,0,0,0,0,1000,1000,1000,1000,0,0,0,0,0
2025-12-15 01:26:01.649,SERVO_OUTPUT_RAW,3116809798,SERVO_OUTPUT_RAW,0,0,0,0,0,0,0,0,1000,1000,1000,1000,0,0,0,0,0
2025-12-15 01:26:01.749,SERVO_OUTPUT_RAW,3116909795,SERVO_OUTPUT_RAW,0,0,0,0,0,0,0,0,1000,1000,1000,1000,0,0,0,0,0
2025-12-15 01:26:01.849,SERVO_OUTPUT_RAW,3117009796,SERVO_OUTPUT_RAW,0,0,0,0,0,0,0,0,1000,1000,1000,1000,0,0,0,0,0
2025-12-15 01:26:01.949,SERVO_OUTPUT_RAW,3117109796,SERVO_OUTPUT_RAW,0,0,0,0,0,0,0,0,1000,1000,1000,1000,0,0,0,0,0
2025-12-15 01:26:02.049,SERVO_OUTPUT_RAW,3117209794,SERVO_OUTPUT_RAW,0,0,0,0,0,0,0,0,1000,1000,1000,1000,0,0,0,0,0
2025-12-15 01:26:02.149,SERVO_OUTPUT_RAW,3117309790,SERVO_OUTPUT_RAW,0,0,0,0,0,0,0,0,1000,1000,1000,1000,0,0,0,0,0
2025-12-15 01:26:02.249,SERVO_OUTPUT_RAW,3117409818,SERVO_OUTPUT_RAW,0,0,0,0,0,0,0,0,1000,1000,1000,1000,0,0,0,0,0
2025-12-15 01:26:02.349,SERVO_OUTPUT_RAW,3117509843,SERVO_OUTPUT_RAW,0,0,0,0,0,0,0,0,1000,1000,1000,1000,0,0,0,0,0
2025-12-15 01:26:02.450,SERVO_OUTPUT_RAW,3117609803,SERVO_OUTPUT_RAW,0,0,0,0,0,0,0,0,1000,1000,1000,1000,0,0,0,0,0
2025-12-15 01:26:02.550,SERVO_OUTPUT_RAW,3117709806,SERVO_OUTPUT_RAW,0,0,0,0,0,0,0,0,1000,1000,1000,1000,0,0,0,0,0
2025-12-15 01:26:02.649,SERVO_OUTPUT_RAW,3117809927,SERVO_OUTPUT_RAW,0,0,0,0,0,0,0,0,1000,1000,1000,1000,0,0,0,0,0
2025-12-15 01:26:02.749,SERVO_OUTPUT_RAW,3117909864,SERVO_OUTPUT_RAW,0,0,0,0,0,0,0,0,1000,1000,1000,1000,0,0,0,0,0
2025-12-15 01:26:02.849,SERVO_OUTPUT_RAW,3118009823,SERVO_OUTPUT_RAW,0,0,0,0,0,0,0,0,1000,1000,1000,1000,0,0,0,0,0
2025-12-15 01:26:02.949,SERVO_OUTPUT_RAW,3118109798,SERVO_OUTPUT_RAW,0,0,0,0,0,0,0,0,1000,1000,1000,1000,0,0,0,0,0
2025-12-15 01:26:03.049,SERVO_OUTPUT_RAW,3118209827,SERVO_OUTPUT_RAW,0,0,0,0,0,0,0,0,1000,1000,1000,1000,0,0,0,0,0
2025-12-15 01:26:03.149,SERVO_OUTPUT_RAW,3118309820,SERVO_OUTPUT_RAW,0,0,0,0,0,0,0,0,1000,1000,1000,1000,0,0,0,0,0
2025-12-15 01:26:03.250,SERVO_OUTPUT_RAW,3118409872,SERVO_OUTPUT_RAW,0,0,0,0,0,0,0,0,1000,1000,1000,1000,0,0,0,0,0
2025-12-15 01:26:03.349,SERVO_OUTPUT_RAW,3118509787,SERVO_OUTPUT_RAW,0,0,0,0,0,0,0,0,1000,1000,1000,1000,0,0,0,0,0
2025-12-15 01:26:03.449,SERVO_OUTPUT_RAW,3118609793,SERVO_OUTPUT_RAW,0,0,0,0,0,0,0,0,1000,1000,1000,1000,0,0,0,0,0
2025-12-15 01:26:03.549,SERVO_OUTPUT_RAW,3118709803,SERVO_OUTPUT_RAW,0,0,0,0,0,0,0,0,1000,1000,1000,1000,0,0,0,0,0
2025-12-15 01:26:03.649,SERVO_OUTPUT_RAW,3118809780,SERVO_OUTPUT_RAW,0,0,0,0,0,0,0,0,1000,1000,1000,1000,0,0,0,0,0
2025-12-15 01:26:03.749,SERVO_OUTPUT_RAW,3118909769,SERVO_OUTPUT_RAW,0,0,0,0,0,0,0,0,1000,1000,1000,1000,0,0,0,0,0
2025-12-15 01:26:03.849,SERVO_OUTPUT_RAW,3119009814,SERVO_OUTPUT_RAW,0,0,0,0,0,0,0,0,1000,1000,1000,1000,0,0,0,0,0
2025-12-15 01:26:03.949,SERVO_OUTPUT_RAW,3119109852,SERVO_OUTPUT_RAW,0,0,0,0,0,0,0,0,1000,1000,1000,1000,0,0,0,0,0
2025-12-15 01:26:04.049,SERVO_OUTPUT_RAW,3119209808,SERVO_OUTPUT_RAW,0,0,0,0,0,0,0,0,1000,1000,1000,1000,0,0,0,0,0
2025-12-15 01:26:04.149,SERVO_OUTPUT_RAW,3119309799,SERVO_OUTPUT_RAW,0,0,0,0,0,0,0,0,1000,1000,1000,1000,0,0,0,0,0
2025-12-15 01:26:04.249,SERVO_OUTPUT_RAW,3119409837,SERVO_OUTPUT_RAW,0,0,0,0,0,0,0,0,1000,1000,1000,1000,0,0,0,0,0
2025-12-15 01:26:04.349,SERVO_OUTPUT_RAW,3119509877,SERVO_OUTPUT_RAW,0,0,0,0,0,0,0,0,1000,1000,1000,1000,0,0,0,0,0
2025-12-15 01:26:04.449,SERVO_OUTPUT_RAW,3119609891,SERVO_OUTPUT_RAW,0,0,0,0,0,0,0,0,1000,1000,1000,1000,0,0,0,0,0
2025-12-15 01:26:04.549,SERVO_OUTPUT_RAW,3119709801,SERVO_OUTPUT_RAW,0,0,0,0,0,0,0,0,1000,1000,1000,1000,0,0,0,0,0
2025-12-15 01:26:04.650,SERVO_OUTPUT_RAW,3119809817,SERVO_OUTPUT_RAW,0,0,0,0,0,0,0,0,1000,1000,1000,1000,0,0,0,0,0
2025-12-15 01:26:04.749,SERVO_OUTPUT_RAW,3119909820,SERVO_OUTPUT_RAW,0,0,0,0,0,0,0,0,1000,1000,1000,1000,0,0,0,0,0
2025-12-15 01:26:04.849,SERVO_OUTPUT_RAW,3120009782,SERVO_OUTPUT_RAW,0,0,0,0,0,0,0,0,1000,1000,1000,1000,0,0,0,0,0
2025-12-15 01:26:04.950,SERVO_OUTPUT_RAW,3120109785,SERVO_OUTPUT_RAW,0,0,0,0,0,0,0,0,1000,1000,1000,1000,0,0,0,0,0
2025-12-15 01:26:05.049,SERVO_OUTPUT_RAW,3120209802,SERVO_OUTPUT_RAW,0,0,0,0,0,0,0,0,1000,1000,1000,1000,0,0,0,0,0
2025-12-15 01:26:05.149,SERVO_OUTPUT_RAW,3120309779,SERVO_OUTPUT_RAW,0,0,0,0,0,0,0,0,1000,1000,1000,1000,0,0,0,0,0
2025-12-15 01:26:05.249,SERVO_OUTPUT_RAW,3120409803,SERVO_OUTPUT_RAW,0,0,0,0,0,0,0,0,1000,1000,1000,1000,0,0,0,0,0
2025-12-15 01:26:05.349,SERVO_OUTPUT_RAW,3120512153,SERVO_OUTPUT_RAW,0,0,0,0,0,0,0,0,1000,1000,1000,1000,0,0,0,0,0
2025-12-15 01:26:05.449,SERVO_OUTPUT_RAW,3120609840,SERVO_OUTPUT_RAW,0,0,0,0,0,0,0,0,1000,1000,1000,1000,0,0,0,0,0
2025-12-15 01:26:05.549,SERVO_OUTPUT_RAW,3120709858,SERVO_OUTPUT_RAW,0,0,0,0,0,0,0,0,1000,1000,1000,1000,0,0,0,0,0
2025-12-15 01:26:05.649,SERVO_OUTPUT_RAW,3120809808,SERVO_OUTPUT_RAW,0,0,0,0,0,0,0,0,1000,1000,1000,1000,0,0,0,0,0
2025-12-15 01:26:05.749,SERVO_OUTPUT_RAW,3120909809,SERVO_OUTPUT_RAW,0,0,0,0,0,0,0,0,1000,1000,1000,1000,0,0,0,0,0
2025-12-15 01:26:05.849,SERVO_OUTPUT_RAW,3121009840,SERVO_OUTPUT_RAW,0,0,0,0,0,0,0,0,1000,1000,1000,1000,0,0,0,0,0
2025-12-15 01:26:05.949,SERVO_OUTPUT_RAW,3121109842,SERVO_OUTPUT_RAW,0,0,0,0,0,0,0,0,1000,1000,1000,1000,0,0,0,0,0
2025-12-15 01:26:06.049,SERVO_OUTPUT_RAW,3121209777,SERVO_OUTPUT_RAW,0,0,0,0,0,0,0,0,1000,1000,1000,1000,0,0,0,0,0
2025-12-15 01:26:06.149,SERVO_OUTPUT_RAW,3121309805,SERVO_OUTPUT_RAW,0,0,0,0,0,0,0,0,1000,1000,1000,1000,0,0,0,0,0
2025-12-15 01:26:06.249,SERVO_OUTPUT_RAW,3121409820,SERVO_OUTPUT_RAW,0,0,0,0,0,0,0,0,1000,1000,1000,1000,0,0,0,0,0
2025-12-15 01:26:06.350,SERVO_OUTPUT_RAW,3121509786,SERVO_OUTPUT_RAW,0,0,0,0,0,0,0,0,1000,1000,1000,1000,0,0,0,0,0
2025-12-15 01:26:06.450,SERVO_OUTPUT_RAW,3121609788,SERVO_OUTPUT_RAW,0,0,0,0,0,0,0,0,1000,1000,1000,1000,0,0,0,0,0
2025-12-15 01:26:06.550,SERVO_OUTPUT_RAW,3121709798,SERVO_OUTPUT_RAW,0,0,0,0,0,0,0,0,1000,1000,1000,1000,0,0,0,0,0
2025-12-15 01:26:06.649,SERVO_OUTPUT_RAW,3121809805,SERVO_OUTPUT_RAW,0,0,0,0,0,0,0,0,1000,1000,1000,1000,0,0,0,0,0
2025-12-15 01:26:06.749,SERVO_OUTPUT_RAW,3121909785,SERVO_OUTPUT_RAW,0,0,0,0,0,0,0,0,1000,1000,1000,1000,0,0,0,0,0
2025-12-15 01:26:06.850,SERVO_OUTPUT_RAW,3122009779,SERVO_OUTPUT_RAW,0,0,0,0,0,0,0,0,1000,1000,1000,1000,0,0,0,0,0
2025-12-15 01:26:06.950,SERVO_OUTPUT_RAW,3122109822,SERVO_OUTPUT_RAW,0,0,0,0,0,0,0,0,1000,1000,1000,1000,0,0,0,0,0
2025-12-15 01:26:07.050,SERVO_OUTPUT_RAW,3122209796,SERVO_OUTPUT_RAW,0,0,0,0,0,0,0,0,1000,1000,1000,1000,0,0,0,0,0
2025-12-15 01:26:07.150,SERVO_OUTPUT_RAW,3122309833,SERVO_OUTPUT_RAW,0,0,0,0,0,0,0,0,1000,1000,1000,1000,0,0,0,0,0
2025-12-15 01:26:07.250,SERVO_OUTPUT_RAW,3122409863,SERVO_OUTPUT_RAW,0,0,0,0,0,0,0,0,1000,1000,1000,1000,0,0,0,0,0
2025-12-15 01:26:07.350,SERVO_OUTPUT_RAW,3122509808,SERVO_OUTPUT_RAW,0,0,0,0,0,0,0,0,1000,1000,1000,1000,0,0,0,0,0
2025-12-15 01:26:07.450,SERVO_OUTPUT_RAW,3122612163,SERVO_OUTPUT_RAW,0,0,0,0,0,0,0,0,1000,1000,1000,1000,0,0,0,0,0
2025-12-15 01:26:07.550,SERVO_OUTPUT_RAW,3122709826,SERVO_OUTPUT_RAW,0,0,0,0,0,0,0,0,1000,1000,1000,1000,0,0,0,0,0
2025-12-15 01:26:07.650,SERVO_OUTPUT_RAW,3122809781,SERVO_OUTPUT_RAW,0,0,0,0,0,0,0,0,1000,1000,1000,1000,0,0,0,0,0
2025-12-15 01:26:07.750,SERVO_OUTPUT_RAW,3122909827,SERVO_OUTPUT_RAW,0,0,0,0,0,0,0,0,1000,1000,1000,1000,0,0,0,0,0
2025-12-15 01:26:07.850,SERVO_OUTPUT_RAW,3123009825,SERVO_OUTPUT_RAW,0,0,0,0,0,0,0,0,1000,1000,1000,1000,0,0,0,0,0
2025-12-15 01:26:07.950,SERVO_OUTPUT_RAW,3123109778,SERVO_OUTPUT_RAW,0,0,0,0,0,0,0,0,1000,1000,1000,1000,0,0,0,0,0
2025-12-15 01:26:08.050,SERVO_OUTPUT_RAW,3123209803,SERVO_OUTPUT_RAW,0,0,0,0,0,0,0,0,1000,1000,1000,1000,0,0,0,0,0
2025-12-15 01:26:08.150,SERVO_OUTPUT_RAW,3123309789,SERVO_OUTPUT_RAW,0,0,0,0,0,0,0,0,1000,1000,1000,1000,0,0,0,0,0
2025-12-15 01:26:08.250,SERVO_OUTPUT_RAW,3123409797,SERVO_OUTPUT_RAW,0,0,0,0,0,0,0,0,1000,1000,1000,1000,0,0,0,0,0
2025-12-15 01:26:08.350,SERVO_OUTPUT_RAW,3123509797,SERVO_OUTPUT_RAW,0,0,0,0,0,0,0,0,1000,1000,1000,1000,0,0,0,0,0
2025-12-15 01:26:08.450,SERVO_OUTPUT_RAW,3123609823,SERVO_OUTPUT_RAW,0,0,0,0,0,0,0,0,1000,1000,1000,1000,0,0,0,0,0
2025-12-15 01:26:08.550,SERVO_OUTPUT_RAW,3123709870,SERVO_OUTPUT_RAW,0,0,0,0,0,0,0,0,1000,1000,1000,1000,0,0,0,0,0
2025-12-15 01:26:08.650,SERVO_OUTPUT_RAW,3123809777,SERVO_OUTPUT_RAW,0,0,0,0,0,0,0,0,1000,1000,1000,1000,0,0,0,0,0
2025-12-15 01:26:08.750,SERVO_OUTPUT_RAW,3123909789,SERVO_OUTPUT_RAW,0,0,0,0,0,0,0,0,1000,1000,1000,1000,0,0,0,0,0
2025-12-15 01:26:08.850,SERVO_OUTPUT_RAW,3124009812,SERVO_OUTPUT_RAW,0,0,0,0,0,0,0,0,1000,1000,1000,1000,0,0,0,0,0
2025-12-15 01:26:08.950,SERVO_OUTPUT_RAW,3124109858,SERVO_OUTPUT_RAW,0,0,0,0,0,0,0,0,1000,1000,1000,1000,0,0,0,0,0
2025-12-15 01:26:09.050,SERVO_OUTPUT_RAW,3124209849,SERVO_OUTPUT_RAW,0,0,0,0,0,0,0,0,1000,1000,1000,1000,0,0,0,0,0
2025-12-15 01:26:09.150,SERVO_OUTPUT_RAW,3124309786,SERVO_OUTPUT_RAW,0,0,0,0,0,0,0,0,1000,1000,1000,1000,0,0,0,0,0
2025-12-15 01:26:09.249,SERVO_OUTPUT_RAW,3124409791,SERVO_OUTPUT_RAW,0,0,0,0,0,0,0,0,1000,1000,1000,1000,0,0,0,0,0
2025-12-15 01:26:09.350,SERVO_OUTPUT_RAW,3124509807,SERVO_OUTPUT_RAW,0,0,0,0,0,0,0,0,1000,1000,1000,1000,0,0,0,0,0
2025-12-15 01:26:09.450,SERVO_OUTPUT_RAW,3124609817,SERVO_OUTPUT_RAW,0,0,0,0,0,0,0,0,1000,1000,1000,1000,0,0,0,0,0
2025-12-15 01:26:09.550,SERVO_OUTPUT_RAW,3124709864,SERVO_OUTPUT_RAW,0,0,0,0,0,0,0,0,1000,1000,1000,1000,0,0,0,0,0
2025-12-15 01:26:09.649,SERVO_OUTPUT_RAW,3124809780,SERVO_OUTPUT_RAW,0,0,0,0,0,0,0,0,1000,1000,1000,1000,0,0,0,0,0
2025-12-15 01:26:09.749,SERVO_OUTPUT_RAW,3124909781,SERVO_OUTPUT_RAW,0,0,0,0,0,0,0,0,1000,1000,1000,1000,0,0,0,0,0
2025-12-15 01:26:09.849,SERVO_OUTPUT_RAW,3125009790,SERVO_OUTPUT_RAW,0,0,0,0,0,0,0,0,1000,1000,1000,1000,0,0,0,0,0
2025-12-15 01:26:09.949,SERVO_OUTPUT_RAW,3125109806,SERVO_OUTPUT_RAW,0,0,0,0,0,0,0,0,1000,1000,1000,1000,0,0,0,0,0
2025-12-15 01:26:10.049,SERVO_OUTPUT_RAW,3125209825,SERVO_OUTPUT_RAW,0,0,0,0,0,0,0,0,1000,1000,1000,1000,0,0,0,0,0
2025-12-15 01:26:10.150,SERVO_OUTPUT_RAW,3125312141,SERVO_OUTPUT_RAW,0,0,0,0,0,0,0,0,1000,1000,1000,1000,0,0,0,0,0
2025-12-15 01:26:10.249,SERVO_OUTPUT_RAW,3125409845,SERVO_OUTPUT_RAW,0,0,0,0,0,0,0,0,1000,1000,1000,1000,0,0,0,0,0
2025-12-15 01:26:10.349,SERVO_OUTPUT_RAW,3125509788,SERVO_OUTPUT_RAW,0,0,0,0,0,0,0,0,1000,1000,1000,1000,0,0,0,0,0
2025-12-15 01:26:10.450,SERVO_OUTPUT_RAW,3125609837,SERVO_OUTPUT_RAW,0,0,0,0,0,0,0,0,1000,1000,1000,1000,0,0,0,0,0
2025-12-15 01:26:10.549,SERVO_OUTPUT_RAW,3125709853,SERVO_OUTPUT_RAW,0,0,0,0,0,0,0,0,1000,1000,1000,1000,0,0,0,0,0
2025-12-15 01:26:10.649,SERVO_OUTPUT_RAW,3125809804,SERVO_OUTPUT_RAW,0,0,0,0,0,0,0,0,1000,1000,1000,1000,0,0,0,0,0
2025-12-15 01:26:10.750,SERVO_OUTPUT_RAW,3125909806,SERVO_OUTPUT_RAW,0,0,0,0,0,0,0,0,1000,1000,1000,1000,0,0,0,0,0
2025-12-15 01:26:10.849,SERVO_OUTPUT_RAW,3126009811,SERVO_OUTPUT_RAW,0,0,0,0,0,0,0,0,1000,1000,1000,1000,0,0,0,0,0
2025-12-15 01:26:10.949,SERVO_OUTPUT_RAW,3126109817,SERVO_OUTPUT_RAW,0,0,0,0,0,0,0,0,1000,1000,1000,1000,0,0,0,0,0
2025-12-15 01:26:11.049,SERVO_OUTPUT_RAW,3126209782,SERVO_OUTPUT_RAW,0,0,0,0,0,0,0,0,1000,1000,1000,1000,0,0,0,0,0
2025-12-15 01:26:11.149,SERVO_OUTPUT_RAW,3126309806,SERVO_OUTPUT_RAW,0,0,0,0,0,0,0,0,1000,1000,1000,1000,0,0,0,0,0
2025-12-15 01:26:11.249,SERVO_OUTPUT_RAW,3126409789,SERVO_OUTPUT_RAW,0,0,0,0,0,0,0,0,1000,1000,1000,1000,0,0,0,0,0
2025-12-15 01:26:11.349,SERVO_OUTPUT_RAW,3126509785,SERVO_OUTPUT_RAW,0,0,0,0,0,0,0,0,1000,1000,1000,1000,0,0,0,0,0
2025-12-15 01:26:11.450,SERVO_OUTPUT_RAW,3126609820,SERVO_OUTPUT_RAW,0,0,0,0,0,0,0,0,1000,1000,1000,1000,0,0,0,0,0
2025-12-15 01:26:11.549,SERVO_OUTPUT_RAW,3126709791,SERVO_OUTPUT_RAW,0,0,0,0,0,0,0,0,1000,1000,1000,1000,0,0,0,0,0
2025-12-15 01:26:11.649,SERVO_OUTPUT_RAW,3126809840,SERVO_OUTPUT_RAW,0,0,0,0,0,0,0,0,1000,1000,1000,1000,0,0,0,0,0
2025-12-15 01:26:11.750,SERVO_OUTPUT_RAW,3126909846,SERVO_OUTPUT_RAW,0,0,0,0,0,0,0,0,1000,1000,1000,1000,0,0,0,0,0
2025-12-15 01:26:11.850,SERVO_OUTPUT_RAW,3127009785,SERVO_OUTPUT_RAW,0,0,0,0,0,0,0,0,1000,1000,1000,1000,0,0,0,0,0
2025-12-15 01:26:11.950,SERVO_OUTPUT_RAW,3127109831,SERVO_OUTPUT_RAW,0,0,0,0,0,0,0,0,1000,1000,1000,1000,0,0,0,0,0
2025-12-15 01:26:12.050,SERVO_OUTPUT_RAW,3127209828,SERVO_OUTPUT_RAW,0,0,0,0,0,0,0,0,1000,1000,1000,1000,0,0,0,0,0
2025-12-15 01:26:12.149,SERVO_OUTPUT_RAW,3127309842,SERVO_OUTPUT_RAW,0,0,0,0,0,0,0,0,1000,1000,1000,1000,0,0,0,0,0
2025-12-15 01:26:12.250,SERVO_OUTPUT_RAW,3127409783,SERVO_OUTPUT_RAW,0,0,0,0,0,0,0,0,1000,1000,1000,1000,0,0,0,0,0
2025-12-15 01:26:12.350,SERVO_OUTPUT_RAW,3127509788,SERVO_OUTPUT_RAW,0,0,0,0,0,0,0,0,1000,1000,1000,1000,0,0,0,0,0
2025-12-15 01:26:12.450,SERVO_OUTPUT_RAW,3127609835,SERVO_OUTPUT_RAW,0,0,0,0,0,0,0,0,1000,1000,1000,1000,0,0,0,0,0
2025-12-15 01:26:12.549,SERVO_OUTPUT_RAW,3127709824,SERVO_OUTPUT_RAW,0,0,0,0,0,0,0,0,1000,1000,1000,1000,0,0,0,0,0
2025-12-15 01:26:12.649,SERVO_OUTPUT_RAW,3127809781,SERVO_OUTPUT_RAW,0,0,0,0,0,0,0,0,1000,1000,1000,1000,0,0,0,0,0
2025-12-15 01:26:12.750,SERVO_OUTPUT_RAW,3127909778,SERVO_OUTPUT_RAW,0,0,0,0,0,0,0,0,1000,1000,1000,1000,0,0,0,0,0
2025-12-15 01:26:12.849,SERVO_OUTPUT_RAW,3128009786,SERVO_OUTPUT_RAW,0,0,0,0,0,0,0,0,1000,1000,1000,1000,0,0,0,0,0
2025-12-15 01:26:12.949,SERVO_OUTPUT_RAW,3128109797,SERVO_OUTPUT_RAW,0,0,0,0,0,0,0,0,1000,1000,1000,1000,0,0,0,0,0
2025-12-15 01:26:13.049,SERVO_OUTPUT_RAW,3128209797,SERVO_OUTPUT_RAW,0,0,0,0,0,0,0,0,1000,1000,1000,1000,0,0,0,0,0
2025-12-15 01:26:13.149,SERVO_OUTPUT_RAW,3128309815,SERVO_OUTPUT_RAW,0,0,0,0,0,0,0,0,1000,1000,1000,1000,0,0,0,0,0
2025-12-15 01:26:13.249,SERVO_OUTPUT_RAW,3128409837,SERVO_OUTPUT_RAW,0,0,0,0,0,0,0,0,1000,1000,1000,1000,0,0,0,0,0
2025-12-15 01:26:13.349,SERVO_OUTPUT_RAW,3128509848,SERVO_OUTPUT_RAW,0,0,0,0,0,0,0,0,1000,1000,1000,1000,0,0,0,0,0
2025-12-15 01:26:13.450,SERVO_OUTPUT_RAW,3128609931,SERVO_OUTPUT_RAW,0,0,0,0,0,0,0,0,1000,1000,1000,1000,0,0,0,0,0
2025-12-15 01:26:13.550,SERVO_OUTPUT_RAW,3128709829,SERVO_OUTPUT_RAW,0,0,0,0,0,0,0,0,1000,1000,1000,1000,0,0,0,0,0
2025-12-15 01:26:13.650,SERVO_OUTPUT_RAW,3128809840,SERVO_OUTPUT_RAW,0,0,0,0,0,0,0,0,1000,1000,1000,1000,0,0,0,0,0
2025-12-15 01:26:13.749,SERVO_OUTPUT_RAW,3128912003,SERVO_OUTPUT_RAW,0,0,0,0,0,0,0,0,1000,1000,1000,1000,0,0,0,0,0
2025-12-15 01:26:13.850,SERVO_OUTPUT_RAW,3129009782,SERVO_OUTPUT_RAW,0,0,0,0,0,0,0,0,1000,1000,1000,1000,0,0,0,0,0
2025-12-15 01:26:13.950,SERVO_OUTPUT_RAW,3129109812,SERVO_OUTPUT_RAW,0,0,0,0,0,0,0,0,1000,1000,1000,1000,0,0,0,0,0
2025-12-15 01:26:14.050,SERVO_OUTPUT_RAW,3129209825,SERVO_OUTPUT_RAW,0,0,0,0,0,0,0,0,1000,1000,1000,1000,0,0,0,0,0
2025-12-15 01:26:14.150,SERVO_OUTPUT_RAW,3129309850,SERVO_OUTPUT_RAW,0,0,0,0,0,0,0,0,1000,1000,1000,1000,0,0,0,0,0
2025-12-15 01:26:14.250,SERVO_OUTPUT_RAW,3129409796,SERVO_OUTPUT_RAW,0,0,0,0,0,0,0,0,1000,1000,1000,1000,0,0,0,0,0
2025-12-15 01:26:14.350,SERVO_OUTPUT_RAW,3129509813,SERVO_OUTPUT_RAW,0,0,0,0,0,0,0,0,1000,1000,1000,1000,0,0,0,0,0
2025-12-15 01:26:14.450,SERVO_OUTPUT_RAW,3129609799,SERVO_OUTPUT_RAW,0,0,0,0,0,0,0,0,1000,1000,1000,1000,0,0,0,0,0
2025-12-15 01:26:14.550,SERVO_OUTPUT_RAW,3129709792,SERVO_OUTPUT_RAW,0,0,0,0,0,0,0,0,1000,1000,1000,1000,0,0,0,0,0
2025-12-15 01:26:14.650,SERVO_OUTPUT_RAW,3129809799,SERVO_OUTPUT_RAW,0,0,0,0,0,0,0,0,1000,1000,1000,1000,0,0,0,0,0
2025-12-15 01:26:14.750,SERVO_OUTPUT_RAW,3129909822,SERVO_OUTPUT_RAW,0,0,0,0,0,0,0,0,1000,1000,1000,1000,0,0,0,0,0
2025-12-15 01:26:14.850,SERVO_OUTPUT_RAW,3130009807,SERVO_OUTPUT_RAW,0,0,0,0,0,0,0,0,1000,1000,1000,1000,0,0,0,0,0
2025-12-15 01:26:14.950,SERVO_OUTPUT_RAW,3130109812,SERVO_OUTPUT_RAW,0,0,0,0,0,0,0,0,1000,1000,1000,1000,0,0,0,0,0
2025-12-15 01:26:15.050,SERVO_OUTPUT_RAW,3130209790,SERVO_OUTPUT_RAW,0,0,0,0,0,0,0,0,1000,1000,1000,1000,0,0,0,0,0
2025-12-15 01:26:15.150,SERVO_OUTPUT_RAW,3130309819,SERVO_OUTPUT_RAW,0,0,0,0,0,0,0,0,1000,1000,1000,1000,0,0,0,0,0
2025-12-15 01:26:15.250,SERVO_OUTPUT_RAW,3130409851,SERVO_OUTPUT_RAW,0,0,0,0,0,0,0,0,1000,1000,1000,1000,0,0,0,0,0
2025-12-15 01:26:15.350,SERVO_OUTPUT_RAW,3130509857,SERVO_OUTPUT_RAW,0,0,0,0,0,0,0,0,1000,1000,1000,1000,0,0,0,0,0
2025-12-15 01:26:15.450,SERVO_OUTPUT_RAW,3130609795,SERVO_OUTPUT_RAW,0,0,0,0,0,0,0,0,1000,1000,1000,1000,0,0,0,0,0
2025-12-15 01:26:15.550,SERVO_OUTPUT_RAW,3130709812,SERVO_OUTPUT_RAW,0,0,0,0,0,0,0,0,1000,1000,1000,1000,0,0,0,0,0
2025-12-15 01:26:15.650,SERVO_OUTPUT_RAW,3130809820,SERVO_OUTPUT_RAW,0,0,0,0,0,0,0,0,1000,1000,1000,1000,0,0,0,0,0
2025-12-15 01:26:15.750,SERVO_OUTPUT_RAW,3130909777,SERVO_OUTPUT_RAW,0,0,0,0,0,0,0,0,1000,1000,1000,1000,0,0,0,0,0
2025-12-15 01:26:15.850,SERVO_OUTPUT_RAW,3131009838,SERVO_OUTPUT_RAW,0,0,0,0,0,0,0,0,1000,1000,1000,1000,0,0,0,0,0
2025-12-15 01:26:15.950,SERVO_OUTPUT_RAW,3131109813,SERVO_OUTPUT_RAW,0,0,0,0,0,0,0,0,1000,1000,1000,1000,0,0,0,0,0
2025-12-15 01:26:16.050,SERVO_OUTPUT_RAW,3131209786,SERVO_OUTPUT_RAW,0,0,0,0,0,0,0,0,1000,1000,1000,1000,0,0,0,0,0
2025-12-15 01:26:16.150,SERVO_OUTPUT_RAW,3131309809,SERVO_OUTPUT_RAW,0,0,0,0,0,0,0,0,1000,1000,1000,1000,0,0,0,0,0
2025-12-15 01:26:16.250,SERVO_OUTPUT_RAW,3131409802,SERVO_OUTPUT_RAW,0,0,0,0,0,0,0,0,1000,1000,1000,1000,0,0,0,0,0
2025-12-15 01:26:16.350,SERVO_OUTPUT_RAW,3131509824,SERVO_OUTPUT_RAW,0,0,0,0,0,0,0,0,1000,1000,1000,1000,0,0,0,0,0
2025-12-15 01:26:16.450,SERVO_OUTPUT_RAW,3131609872,SERVO_OUTPUT_RAW,0,0,0,0,0,0,0,0,1000,1000,1000,1000,0,0,0,0,0
2025-12-15 01:26:16.550,SERVO_OUTPUT_RAW,3131709803,SERVO_OUTPUT_RAW,0,0,0,0,0,0,0,0,1000,1000,1000,1000,0,0,0,0,0
2025-12-15 01:26:16.650,SERVO_OUTPUT_RAW,3131809839,SERVO_OUTPUT_RAW,0,0,0,0,0,0,0,0,1000,1000,1000,1000,0,0,0,0,0
2025-12-15 01:26:16.750,SERVO_OUTPUT_RAW,3131909834,SERVO_OUTPUT_RAW,0,0,0,0,0,0,0,0,1000,1000,1000,1000,0,0,0,0,0
2025-12-15 01:26:16.850,SERVO_OUTPUT_RAW,3132009845,SERVO_OUTPUT_RAW,0,0,0,0,0,0,0,0,1000,1000,1000,1000,0,0,0,0,0
2025-12-15 01:26:16.950,SERVO_OUTPUT_RAW,3132109885,SERVO_OUTPUT_RAW,0,0,0,0,0,0,0,0,1000,1000,1000,1000,0,0,0,0,0
2025-12-15 01:26:17.050,SERVO_OUTPUT_RAW,3132209798,SERVO_OUTPUT_RAW,0,0,0,0,0,0,0,0,1000,1000,1000,1000,0,0,0,0,0
2025-12-15 01:26:17.151,SERVO_OUTPUT_RAW,3132309813,SERVO_OUTPUT_RAW,0,0,0,0,0,0,0,0,1000,1000,1000,1000,0,0,0,0,0
2025-12-15 01:26:17.250,SERVO_OUTPUT_RAW,3132409820,SERVO_OUTPUT_RAW,0,0,0,0,0,0,0,0,1000,1000,1000,1000,0,0,0,0,0
2025-12-15 01:26:17.350,SERVO_OUTPUT_RAW,3132509773,SERVO_OUTPUT_RAW,0,0,0,0,0,0,0,0,1000,1000,1000,1000,0,0,0,0,0
2025-12-15 01:26:17.451,SERVO_OUTPUT_RAW,3132609790,SERVO_OUTPUT_RAW,0,0,0,0,0,0,0,0,1000,1000,1000,1000,0,0,0,0,0
2025-12-15 01:26:17.550,SERVO_OUTPUT_RAW,3132709789,SERVO_OUTPUT_RAW,0,0,0,0,0,0,0,0,1000,1000,1000,1000,0,0,0,0,0
2025-12-15 01:26:17.650,SERVO_OUTPUT_RAW,3132809785,SERVO_OUTPUT_RAW,0,0,0,0,0,0,0,0,1000,1000,1000,1000,0,0,0,0,0
2025-12-15 01:26:17.750,SERVO_OUTPUT_RAW,3132909797,SERVO_OUTPUT_RAW,0,0,0,0,0,0,0,0,1000,1000,1000,1000,0,0,0,0,0
2025-12-15 01:26:17.850,SERVO_OUTPUT_RAW,3133009846,SERVO_OUTPUT_RAW,0,0,0,0,0,0,0,0,1000,1000,1000,1000,0,0,0,0,0
2025-12-15 01:26:17.950,SERVO_OUTPUT_RAW,3133112139,SERVO_OUTPUT_RAW,0,0,0,0,0,0,0,0,1000,1000,1000,1000,0,0,0,0,0
2025-12-15 01:26:18.050,SERVO_OUTPUT_RAW,3133209812,SERVO_OUTPUT_RAW,0,0,0,0,0,0,0,0,1000,1000,1000,1000,0,0,0,0,0
2025-12-15 01:26:18.151,SERVO_OUTPUT_RAW,3133309785,SERVO_OUTPUT_RAW,0,0,0,0,0,0,0,0,1000,1000,1000,1000,0,0,0,0,0
2025-12-15 01:26:18.250,SERVO_OUTPUT_RAW,3133409822,SERVO_OUTPUT_RAW,0,0,0,0,0,0,0,0,1000,1000,1000,1000,0,0,0,0,0
2025-12-15 01:26:18.350,SERVO_OUTPUT_RAW,3133509830,SERVO_OUTPUT_RAW,0,0,0,0,0,0,0,0,1000,1000,1000,1000,0,0,0,0,0
2025-12-15 01:26:18.450,SERVO_OUTPUT_RAW,3133609798,SERVO_OUTPUT_RAW,0,0,0,0,0,0,0,0,1000,1000,1000,1000,0,0,0,0,0
2025-12-15 01:26:18.550,SERVO_OUTPUT_RAW,3133709783,SERVO_OUTPUT_RAW,0,0,0,0,0,0,0,0,1000,1000,1000,1000,0,0,0,0,0
2025-12-15 01:26:18.651,SERVO_OUTPUT_RAW,3133809812,SERVO_OUTPUT_RAW,0,0,0,0,0,0,0,0,1000,1000,1000,1000,0,0,0,0,0
2025-12-15 01:26:18.750,SERVO_OUTPUT_RAW,3133909814,SERVO_OUTPUT_RAW,0,0,0,0,0,0,0,0,1000,1000,1000,1000,0,0,0,0,0
2025-12-15 01:26:18.850,SERVO_OUTPUT_RAW,3134009873,SERVO_OUTPUT_RAW,0,0,0,0,0,0,0,0,1000,1000,1000,1000,0,0,0,0,0
2025-12-15 01:26:18.950,SERVO_OUTPUT_RAW,3134109794,SERVO_OUTPUT_RAW,0,0,0,0,0,0,0,0,1000,1000,1000,1000,0,0,0,0,0
2025-12-15 01:26:19.049,SERVO_OUTPUT_RAW,3134209787,SERVO_OUTPUT_RAW,0,0,0,0,0,0,0,0,1000,1000,1000,1000,0,0,0,0,0
2025-12-15 01:26:19.149,SERVO_OUTPUT_RAW,3134309791,SERVO_OUTPUT_RAW,0,0,0,0,0,0,0,0,1000,1000,1000,1000,0,0,0,0,0
2025-12-15 01:26:19.250,SERVO_OUTPUT_RAW,3134409797,SERVO_OUTPUT_RAW,0,0,0,0,0,0,0,0,1000,1000,1000,1000,0,0,0,0,0
2025-12-15 01:26:19.349,SERVO_OUTPUT_RAW,3134509816,SERVO_OUTPUT_RAW,0,0,0,0,0,0,0,0,1000,1000,1000,1000,0,0,0,0,0
2025-12-15 01:26:19.449,SERVO_OUTPUT_RAW,3134609829,SERVO_OUTPUT_RAW,0,0,0,0,0,0,0,0,1000,1000,1000,1000,0,0,0,0,0
2025-12-15 01:26:19.550,SERVO_OUTPUT_RAW,3134709828,SERVO_OUTPUT_RAW,0,0,0,0,0,0,0,0,1000,1000,1000,1000,0,0,0,0,0
2025-12-15 01:26:19.649,SERVO_OUTPUT_RAW,3134809812,SERVO_OUTPUT_RAW,0,0,0,0,0,0,0,0,1000,1000,1000,1000,0,0,0,0,0
2025-12-15 01:26:19.750,SERVO_OUTPUT_RAW,3134912099,SERVO_OUTPUT_RAW,0,0,0,0,0,0,0,0,1000,1000,1000,1000,0,0,0,0,0
2025-12-15 01:26:19.849,SERVO_OUTPUT_RAW,3135009858,SERVO_OUTPUT_RAW,0,0,0,0,0,0,0,0,1000,1000,1000,1000,0,0,0,0,0
2025-12-15 01:26:19.950,SERVO_OUTPUT_RAW,3135109858,SERVO_OUTPUT_RAW,0,0,0,0,0,0,0,0,1000,1000,1000,1000,0,0,0,0,0
2025-12-15 01:26:20.049,SERVO_OUTPUT_RAW,3135209896,SERVO_OUTPUT_RAW,0,0,0,0,0,0,0,0,1000,1000,1000,1000,0,0,0,0,0
2025-12-15 01:26:20.150,SERVO_OUTPUT_RAW,3135309809,SERVO_OUTPUT_RAW,0,0,0,0,0,0,0,0,1000,1000,1000,1000,0,0,0,0,0
2025-12-15 01:26:20.249,SERVO_OUTPUT_RAW,3135409816,SERVO_OUTPUT_RAW,0,0,0,0,0,0,0,0,1000,1000,1000,1000,0,0,0,0,0
2025-12-15 01:26:20.350,SERVO_OUTPUT_RAW,3135509807,SERVO_OUTPUT_RAW,0,0,0,0,0,0,0,0,1000,1000,1000,1000,0,0,0,0,0
2025-12-15 01:26:20.450,SERVO_OUTPUT_RAW,3135609777,SERVO_OUTPUT_RAW,0,0,0,0,0,0,0,0,1000,1000,1000,1000,0,0,0,0,0
2025-12-15 01:26:20.549,SERVO_OUTPUT_RAW,3135709787,SERVO_OUTPUT_RAW,0,0,0,0,0,0,0,0,1000,1000,1000,1000,0,0,0,0,0
2025-12-15 01:26:20.649,SERVO_OUTPUT_RAW,3135809798,SERVO_OUTPUT_RAW,0,0,0,0,0,0,0,0,1000,1000,1000,1000,0,0,0,0,0
2025-12-15 01:26:20.750,SERVO_OUTPUT_RAW,3135909781,SERVO_OUTPUT_RAW,0,0,0,0,0,0,0,0,1000,1000,1000,1000,0,0,0,0,0
2025-12-15 01:26:20.849,SERVO_OUTPUT_RAW,3136009815,SERVO_OUTPUT_RAW,0,0,0,0,0,0,0,0,1000,1000,1000,1000,0,0,0,0,0
2025-12-15 01:26:20.949,SERVO_OUTPUT_RAW,3136109813,SERVO_OUTPUT_RAW,0,0,0,0,0,0,0,0,1000,1000,1000,1000,0,0,0,0,0
2025-12-15 01:26:21.049,SERVO_OUTPUT_RAW,3136209831,SERVO_OUTPUT_RAW,0,0,0,0,0,0,0,0,1000,1000,1000,1000,0,0,0,0,0
2025-12-15 01:26:21.150,SERVO_OUTPUT_RAW,3136309811,SERVO_OUTPUT_RAW,0,0,0,0,0,0,0,0,1000,1000,1000,1000,0,0,0,0,0
2025-12-15 01:26:21.249,SERVO_OUTPUT_RAW,3136409807,SERVO_OUTPUT_RAW,0,0,0,0,0,0,0,0,1000,1000,1000,1000,0,0,0,0,0
2025-12-15 01:26:21.350,SERVO_OUTPUT_RAW,3136509817,SERVO_OUTPUT_RAW,0,0,0,0,0,0,0,0,1000,1000,1000,1000,0,0,0,0,0
2025-12-15 01:26:21.450,SERVO_OUTPUT_RAW,3136609848,SERVO_OUTPUT_RAW,0,0,0,0,0,0,0,0,1000,1000,1000,1000,0,0,0,0,0
2025-12-15 01:26:21.550,SERVO_OUTPUT_RAW,3136709854,SERVO_OUTPUT_RAW,0,0,0,0,0,0,0,0,1000,1000,1000,1000,0,0,0,0,0
2025-12-15 01:26:21.650,SERVO_OUTPUT_RAW,3136809781,SERVO_OUTPUT_RAW,0,0,0,0,0,0,0,0,1000,1000,1000,1000,0,0,0,0,0
2025-12-15 01:26:21.750,SERVO_OUTPUT_RAW,3136909797,SERVO_OUTPUT_RAW,0,0,0,0,0,0,0,0,1000,1000,1000,1000,0,0,0,0,0
2025-12-15 01:26:21.850,SERVO_OUTPUT_RAW,3137009837,SERVO_OUTPUT_RAW,0,0,0,0,0,0,0,0,1000,1000,1000,1000,0,0,0,0,0
2025-12-15 01:26:21.950,SERVO_OUTPUT_RAW,3137109782,SERVO_OUTPUT_RAW,0,0,0,0,0,0,0,0,1000,1000,1000,1000,0,0,0,0,0
2025-12-15 01:26:22.050,SERVO_OUTPUT_RAW,3137209779,SERVO_OUTPUT_RAW,0,0,0,0,0,0,0,0,1000,1000,1000,1000,0,0,0,0,0
2025-12-15 01:26:22.150,SERVO_OUTPUT_RAW,3137312141,SERVO_OUTPUT_RAW,0,0,0,0,0,0,0,0,1000,1000,1000,1000,0,0,0,0,0
2025-12-15 01:26:22.250,SERVO_OUTPUT_RAW,3137409789,SERVO_OUTPUT_RAW,0,0,0,0,0,0,0,0,1000,1000,1000,1000,0,0,0,0,0
2025-12-15 01:26:22.350,SERVO_OUTPUT_RAW,3137509796,SERVO_OUTPUT_RAW,0,0,0,0,0,0,0,0,1000,1000,1000,1000,0,0,0,0,0
2025-12-15 01:26:22.450,SERVO_OUTPUT_RAW,3137609813,SERVO_OUTPUT_RAW,0,0,0,0,0,0,0,0,1000,1000,1000,1000,0,0,0,0,0
2025-12-15 01:26:22.550,SERVO_OUTPUT_RAW,3137709831,SERVO_OUTPUT_RAW,0,0,0,0,0,0,0,0,1000,1000,1000,1000,0,0,0,0,0
2025-12-15 01:26:22.650,SERVO_OUTPUT_RAW,3137809847,SERVO_OUTPUT_RAW,0,0,0,0,0,0,0,0,1000,1000,1000,1000,0,0,0,0,0
2025-12-15 01:26:22.750,SERVO_OUTPUT_RAW,3137909870,SERVO_OUTPUT_RAW,0,0,0,0,0,0,0,0,1000,1000,1000,1000,0,0,0,0,0
2025-12-15 01:26:22.850,SERVO_OUTPUT_RAW,3138009793,SERVO_OUTPUT_RAW,0,0,0,0,0,0,0,0,1000,1000,1000,1000,0,0,0,0,0
2025-12-15 01:26:22.950,SERVO_OUTPUT_RAW,3138109813,SERVO_OUTPUT_RAW,0,0,0,0,0,0,0,0,1000,1000,1000,1000,0,0,0,0,0
2025-12-15 01:26:23.050,SERVO_OUTPUT_RAW,3138209832,SERVO_OUTPUT_RAW,0,0,0,0,0,0,0,0,1000,1000,1000,1000,0,0,0,0,0
2025-12-15 01:26:23.150,SERVO_OUTPUT_RAW,3138309848,SERVO_OUTPUT_RAW,0,0,0,0,0,0,0,0,1000,1000,1000,1000,0,0,0,0,0
2025-12-15 01:26:23.250,SERVO_OUTPUT_RAW,3138409787,SERVO_OUTPUT_RAW,0,0,0,0,0,0,0,0,1000,1000,1000,1000,0,0,0,0,0
2025-12-15 01:26:23.350,SERVO_OUTPUT_RAW,3138509854,SERVO_OUTPUT_RAW,0,0,0,0,0,0,0,0,1000,1000,1000,1000,0,0,0,0,0
2025-12-15 01:26:23.450,SERVO_OUTPUT_RAW,3138609819,SERVO_OUTPUT_RAW,0,0,0,0,0,0,0,0,1000,1000,1000,1000,0,0,0,0,0
2025-12-15 01:26:23.550,SERVO_OUTPUT_RAW,3138709797,SERVO_OUTPUT_RAW,0,0,0,0,0,0,0,0,1000,1000,1000,1000,0,0,0,0,0
2025-12-15 01:26:23.650,SERVO_OUTPUT_RAW,3138809782,SERVO_OUTPUT_RAW,0,0,0,0,0,0,0,0,1000,1000,1000,1000,0,0,0,0,0
2025-12-15 01:26:23.750,SERVO_OUTPUT_RAW,3138909807,SERVO_OUTPUT_RAW,0,0,0,0,0,0,0,0,1000,1000,1000,1000,0,0,0,0,0
2025-12-15 01:26:23.850,SERVO_OUTPUT_RAW,3139009788,SERVO_OUTPUT_RAW,0,0,0,0,0,0,0,0,1000,1000,1000,1000,0,0,0,0,0
2025-12-15 01:26:23.950,SERVO_OUTPUT_RAW,3139109783,SERVO_OUTPUT_RAW,0,0,0,0,0,0,0,0,1000,1000,1000,1000,0,0,0,0,0
2025-12-15 01:26:24.050,SERVO_OUTPUT_RAW,3139209821,SERVO_OUTPUT_RAW,0,0,0,0,0,0,0,0,1000,1000,1000,1000,0,0,0,0,0
2025-12-15 01:26:24.150,SERVO_OUTPUT_RAW,3139309821,SERVO_OUTPUT_RAW,0,0,0,0,0,0,0,0,1000,1000,1000,1000,0,0,0,0,0
2025-12-15 01:26:24.250,SERVO_OUTPUT_RAW,3139412133,SERVO_OUTPUT_RAW,0,0,0,0,0,0,0,0,1000,1000,1000,1000,0,0,0,0,0
2025-12-15 01:26:24.350,SERVO_OUTPUT_RAW,3139509809,SERVO_OUTPUT_RAW,0,0,0,0,0,0,0,0,1000,1000,1000,1000,0,0,0,0,0
2025-12-15 01:26:24.450,SERVO_OUTPUT_RAW,3139609798,SERVO_OUTPUT_RAW,0,0,0,0,0,0,0,0,1000,1000,1000,1000,0,0,0,0,0
2025-12-15 01:26:24.550,SERVO_OUTPUT_RAW,3139709842,SERVO_OUTPUT_RAW,0,0,0,0,0,0,0,0,1000,1000,1000,1000,0,0,0,0,0
2025-12-15 01:26:24.650,SERVO_OUTPUT_RAW,3139809859,SERVO_OUTPUT_RAW,0,0,0,0,0,0,0,0,1000,1000,1000,1000,0,0,0,0,0
2025-12-15 01:26:24.750,SERVO_OUTPUT_RAW,3139909820,SERVO_OUTPUT_RAW,0,0,0,0,0,0,0,0,1000,1000,1000,1000,0,0,0,0,0
2025-12-15 01:26:24.850,SERVO_OUTPUT_RAW,3140009800,SERVO_OUTPUT_RAW,0,0,0,0,0,0,0,0,1000,1000,1000,1000,0,0,0,0,0
2025-12-15 01:26:24.950,SERVO_OUTPUT_RAW,3140109823,SERVO_OUTPUT_RAW,0,0,0,0,0,0,0,0,1000,1000,1000,1000,0,0,0,0,0
2025-12-15 01:26:25.050,SERVO_OUTPUT_RAW,3140209841,SERVO_OUTPUT_RAW,0,0,0,0,0,0,0,0,1000,1000,1000,1000,0,0,0,0,0
2025-12-15 01:26:25.150,SERVO_OUTPUT_RAW,3140309798,SERVO_OUTPUT_RAW,0,0,0,0,0,0,0,0,1000,1000,1000,1000,0,0,0,0,0
2025-12-15 01:26:25.250,SERVO_OUTPUT_RAW,3140409789,SERVO_OUTPUT_RAW,0,0,0,0,0,0,0,0,1000,1000,1000,1000,0,0,0,0,0
2025-12-15 01:26:25.350,SERVO_OUTPUT_RAW,3140509800,SERVO_OUTPUT_RAW,0,0,0,0,0,0,0,0,1000,1000,1000,1000,0,0,0,0,0
2025-12-15 01:26:25.450,SERVO_OUTPUT_RAW,3140609784,SERVO_OUTPUT_RAW,0,0,0,0,0,0,0,0,1000,1000,1000,1000,0,0,0,0,0
2025-12-15 01:26:25.550,SERVO_OUTPUT_RAW,3140709785,SERVO_OUTPUT_RAW,0,0,0,0,0,0,0,0,1000,1000,1000,1000,0,0,0,0,0
2025-12-15 01:26:25.650,SERVO_OUTPUT_RAW,3140809848,SERVO_OUTPUT_RAW,0,0,0,0,0,0,0,0,1000,1000,1000,1000,0,0,0,0,0
2025-12-15 01:26:25.750,SERVO_OUTPUT_RAW,3140909821,SERVO_OUTPUT_RAW,0,0,0,0,0,0,0,0,1000,1000,1000,1000,0,0,0,0,0
2025-12-15 01:26:25.850,SERVO_OUTPUT_RAW,3141009860,SERVO_OUTPUT_RAW,0,0,0,0,0,0,0,0,1000,1000,1000,1000,0,0,0,0,0
2025-12-15 01:26:25.950,SERVO_OUTPUT_RAW,3141109827,SERVO_OUTPUT_RAW,0,0,0,0,0,0,0,0,1000,1000,1000,1000,0,0,0,0,0
2025-12-15 01:26:26.050,SERVO_OUTPUT_RAW,3141209924,SERVO_OUTPUT_RAW,0,0,0,0,0,0,0,0,1000,1000,1000,1000,0,0,0,0,0
2025-12-15 01:26:26.150,SERVO_OUTPUT_RAW,3141309842,SERVO_OUTPUT_RAW,0,0,0,0,0,0,0,0,1000,1000,1000,1000,0,0,0,0,0
2025-12-15 01:26:26.250,SERVO_OUTPUT_RAW,3141409839,SERVO_OUTPUT_RAW,0,0,0,0,0,0,0,0,1000,1000,1000,1000,0,0,0,0,0
2025-12-15 01:26:26.350,SERVO_OUTPUT_RAW,3141509913,SERVO_OUTPUT_RAW,0,0,0,0,0,0,0,0,1000,1000,1000,1000,0,0,0,0,0
2025-12-15 01:26:26.450,SERVO_OUTPUT_RAW,3141609813,SERVO_OUTPUT_RAW,0,0,0,0,0,0,0,0,1000,1000,1000,1000,0,0,0,0,0
2025-12-15 01:26:26.550,SERVO_OUTPUT_RAW,3141709807,SERVO_OUTPUT_RAW,0,0,0,0,0,0,0,0,1000,1000,1000,1000,0,0,0,0,0
2025-12-15 01:26:26.650,SERVO_OUTPUT_RAW,3141809810,SERVO_OUTPUT_RAW,0,0,0,0,0,0,0,0,1000,1000,1000,1000,0,0,0,0,0
2025-12-15 01:26:26.751,SERVO_OUTPUT_RAW,3141909786,SERVO_OUTPUT_RAW,0,0,0,0,0,0,0,0,1000,1000,1000,1000,0,0,0,0,0
2025-12-15 01:26:26.851,SERVO_OUTPUT_RAW,3142009793,SERVO_OUTPUT_RAW,0,0,0,0,0,0,0,0,1000,1000,1000,1000,0,0,0,0,0
2025-12-15 01:26:26.950,SERVO_OUTPUT_RAW,3142109806,SERVO_OUTPUT_RAW,0,0,0,0,0,0,0,0,1000,1000,1000,1000,0,0,0,0,0
2025-12-15 01:26:27.050,SERVO_OUTPUT_RAW,3142209785,SERVO_OUTPUT_RAW,0,0,0,0,0,0,0,0,1000,1000,1000,1000,0,0,0,0,0
2025-12-15 01:26:27.151,SERVO_OUTPUT_RAW,3142309779,SERVO_OUTPUT_RAW,0,0,0,0,0,0,0,0,1000,1000,1000,1000,0,0,0,0,0
2025-12-15 01:26:27.251,SERVO_OUTPUT_RAW,3142409826,SERVO_OUTPUT_RAW,0,0,0,0,0,0,0,0,1000,1000,1000,1000,0,0,0,0,0
2025-12-15 01:26:27.350,SERVO_OUTPUT_RAW,3142509791,SERVO_OUTPUT_RAW,0,0,0,0,0,0,0,0,1000,1000,1000,1000,0,0,0,0,0
2025-12-15 01:26:27.451,SERVO_OUTPUT_RAW,3142609848,SERVO_OUTPUT_RAW,0,0,0,0,0,0,0,0,1000,1000,1000,1000,0,0,0,0,0
2025-12-15 01:26:27.550,SERVO_OUTPUT_RAW,3142709827,SERVO_OUTPUT_RAW,0,0,0,0,0,0,0,0,1000,1000,1000,1000,0,0,0,0,0
2025-12-15 01:26:27.651,SERVO_OUTPUT_RAW,3142809818,SERVO_OUTPUT_RAW,0,0,0,0,0,0,0,0,1000,1000,1000,1000,0,0,0,0,0
2025-12-15 01:26:27.751,SERVO_OUTPUT_RAW,3142909843,SERVO_OUTPUT_RAW,0,0,0,0,0,0,0,0,1000,1000,1000,1000,0,0,0,0,0
2025-12-15 01:26:27.850,SERVO_OUTPUT_RAW,3143009861,SERVO_OUTPUT_RAW,0,0,0,0,0,0,0,0,1000,1000,1000,1000,0,0,0,0,0
2025-12-15 01:26:27.950,SERVO_OUTPUT_RAW,3143109810,SERVO_OUTPUT_RAW,0,0,0,0,0,0,0,0,1000,1000,1000,1000,0,0,0,0,0
2025-12-15 01:26:28.050,SERVO_OUTPUT_RAW,3143209826,SERVO_OUTPUT_RAW,0,0,0,0,0,0,0,0,1000,1000,1000,1000,0,0,0,0,0
2025-12-15 01:26:28.151,SERVO_OUTPUT_RAW,3143309805,SERVO_OUTPUT_RAW,0,0,0,0,0,0,0,0,1000,1000,1000,1000,0,0,0,0,0
2025-12-15 01:26:28.251,SERVO_OUTPUT_RAW,3143409780,SERVO_OUTPUT_RAW,0,0,0,0,0,0,0,0,1000,1000,1000,1000,0,0,0,0,0
2025-12-15 01:26:28.351,SERVO_OUTPUT_RAW,3143509800,SERVO_OUTPUT_RAW,0,0,0,0,0,0,0,0,1000,1000,1000,1000,0,0,0,0,0
2025-12-15 01:26:28.451,SERVO_OUTPUT_RAW,3143609836,SERVO_OUTPUT_RAW,0,0,0,0,0,0,0,0,1000,1000,1000,1000,0,0,0,0,0
2025-12-15 01:26:28.550,SERVO_OUTPUT_RAW,3143709788,SERVO_OUTPUT_RAW,0,0,0,0,0,0,0,0,1000,1000,1000,1000,0,0,0,0,0
2025-12-15 01:26:28.650,SERVO_OUTPUT_RAW,3143809788,SERVO_OUTPUT_RAW,0,0,0,0,0,0,0,0,1000,1000,1000,1000,0,0,0,0,0
2025-12-15 01:26:28.749,SERVO_OUTPUT_RAW,3143909833,SERVO_OUTPUT_RAW,0,0,0,0,0,0,0,0,1000,1000,1000,1000,0,0,0,0,0
2025-12-15 01:26:28.850,SERVO_OUTPUT_RAW,3144009842,SERVO_OUTPUT_RAW,0,0,0,0,0,0,0,0,1000,1000,1000,1000,0,0,0,0,0
2025-12-15 01:26:28.950,SERVO_OUTPUT_RAW,3144112147,SERVO_OUTPUT_RAW,0,0,0,0,0,0,0,0,1000,1000,1000,1000,0,0,0,0,0
2025-12-15 01:26:29.050,SERVO_OUTPUT_RAW,3144209784,SERVO_OUTPUT_RAW,0,0,0,0,0,0,0,0,1000,1000,1000,1000,0,0,0,0,0
2025-12-15 01:26:29.150,SERVO_OUTPUT_RAW,3144309816,SERVO_OUTPUT_RAW,0,0,0,0,0,0,0,0,1000,1000,1000,1000,0,0,0,0,0
2025-12-15 01:26:29.250,SERVO_OUTPUT_RAW,3144409839,SERVO_OUTPUT_RAW,0,0,0,0,0,0,0,0,1000,1000,1000,1000,0,0,0,0,0
2025-12-15 01:26:29.350,SERVO_OUTPUT_RAW,3144509855,SERVO_OUTPUT_RAW,0,0,0,0,0,0,0,0,1000,1000,1000,1000,0,0,0,0,0
2025-12-15 01:26:29.450,SERVO_OUTPUT_RAW,3144609787,SERVO_OUTPUT_RAW,0,0,0,0,0,0,0,0,1000,1000,1000,1000,0,0,0,0,0
2025-12-15 01:26:29.550,SERVO_OUTPUT_RAW,3144709805,SERVO_OUTPUT_RAW,0,0,0,0,0,0,0,0,1000,1000,1000,1000,0,0,0,0,0
2025-12-15 01:26:29.650,SERVO_OUTPUT_RAW,3144809819,SERVO_OUTPUT_RAW,0,0,0,0,0,0,0,0,1000,1000,1000,1000,0,0,0,0,0
2025-12-15 01:26:29.750,SERVO_OUTPUT_RAW,3144909779,SERVO_OUTPUT_RAW,0,0,0,0,0,0,0,0,1000,1000,1000,1000,0,0,0,0,0
2025-12-15 01:26:29.850,SERVO_OUTPUT_RAW,3145009769,SERVO_OUTPUT_RAW,0,0,0,0,0,0,0,0,1000,1000,1000,1000,0,0,0,0,0
2025-12-15 01:26:29.950,SERVO_OUTPUT_RAW,3145109777,SERVO_OUTPUT_RAW,0,0,0,0,0,0,0,0,1000,1000,1000,1000,0,0,0,0,0
2025-12-15 01:26:30.050,SERVO_OUTPUT_RAW,3145209779,SERVO_OUTPUT_RAW,0,0,0,0,0,0,0,0,1000,1000,1000,1000,0,0,0,0,0
2025-12-15 01:26:30.150,SERVO_OUTPUT_RAW,3145309782,SERVO_OUTPUT_RAW,0,0,0,0,0,0,0,0,1000,1000,1000,1000,0,0,0,0,0
2025-12-15 01:26:30.250,SERVO_OUTPUT_RAW,3145409800,SERVO_OUTPUT_RAW,0,0,0,0,0,0,0,0,1000,1000,1000,1000,0,0,0,0,0
2025-12-15 01:26:30.350,SERVO_OUTPUT_RAW,3145509775,SERVO_OUTPUT_RAW,0,0,0,0,0,0,0,0,1000,1000,1000,1000,0,0,0,0,0
2025-12-15 01:26:30.450,SERVO_OUTPUT_RAW,3145609797,SERVO_OUTPUT_RAW,0,0,0,0,0,0,0,0,1000,1000,1000,1000,0,0,0,0,0
2025-12-15 01:26:30.550,SERVO_OUTPUT_RAW,3145709819,SERVO_OUTPUT_RAW,0,0,0,0,0,0,0,0,1000,1000,1000,1000,0,0,0,0,0
2025-12-15 01:26:30.650,SERVO_OUTPUT_RAW,3145809786,SERVO_OUTPUT_RAW,0,0,0,0,0,0,0,0,1000,1000,1000,1000,0,0,0,0,0
2025-12-15 01:26:30.750,SERVO_OUTPUT_RAW,3145909817,SERVO_OUTPUT_RAW,0,0,0,0,0,0,0,0,1000,1000,1000,1000,0,0,0,0,0
2025-12-15 01:26:30.850,SERVO_OUTPUT_RAW,3146009872,SERVO_OUTPUT_RAW,0,0,0,0,0,0,0,0,1000,1000,1000,1000,0,0,0,0,0
2025-12-15 01:26:30.950,SERVO_OUTPUT_RAW,3146109802,SERVO_OUTPUT_RAW,0,0,0,0,0,0,0,0,1000,1000,1000,1000,0,0,0,0,0
2025-12-15 01:26:31.050,SERVO_OUTPUT_RAW,3146209790,SERVO_OUTPUT_RAW,0,0,0,0,0,0,0,0,1000,1000,1000,1000,0,0,0,0,0
2025-12-15 01:26:31.150,SERVO_OUTPUT_RAW,3146309816,SERVO_OUTPUT_RAW,0,0,0,0,0,0,0,0,1000,1000,1000,1000,0,0,0,0,0
2025-12-15 01:26:31.250,SERVO_OUTPUT_RAW,3146409812,SERVO_OUTPUT_RAW,0,0,0,0,0,0,0,0,1000,1000,1000,1000,0,0,0,0,0
2025-12-15 01:26:31.350,SERVO_OUTPUT_RAW,3146509783,SERVO_OUTPUT_RAW,0,0,0,0,0,0,0,0,1000,1000,1000,1000,0,0,0,0,0
2025-12-15 01:26:31.450,SERVO_OUTPUT_RAW,3146609807,SERVO_OUTPUT_RAW,0,0,0,0,0,0,0,0,1000,1000,1000,1000,0,0,0,0,0
2025-12-15 01:26:31.550,SERVO_OUTPUT_RAW,3146709790,SERVO_OUTPUT_RAW,0,0,0,0,0,0,0,0,1000,1000,1000,1000,0,0,0,0,0
2025-12-15 01:26:31.650,SERVO_OUTPUT_RAW,3146809780,SERVO_OUTPUT_RAW,0,0,0,0,0,0,0,0,1000,1000,1000,1000,0,0,0,0,0
2025-12-15 01:26:31.750,SERVO_OUTPUT_RAW,3146909787,SERVO_OUTPUT_RAW,0,0,0,0,0,0,0,0,1000,1000,1000,1000,0,0,0,0,0
2025-12-15 01:26:31.850,SERVO_OUTPUT_RAW,3147012145,SERVO_OUTPUT_RAW,0,0,0,0,0,0,0,0,1000,1000,1000,1000,0,0,0,0,0
2025-12-15 01:26:31.950,SERVO_OUTPUT_RAW,3147109825,SERVO_OUTPUT_RAW,0,0,0,0,0,0,0,0,1000,1000,1000,1000,0,0,0,0,0
2025-12-15 01:26:32.050,SERVO_OUTPUT_RAW,3147209838,SERVO_OUTPUT_RAW,0,0,0,0,0,0,0,0,1000,1000,1000,1000,0,0,0,0,0
2025-12-15 01:26:32.150,SERVO_OUTPUT_RAW,3147309788,SERVO_OUTPUT_RAW,0,0,0,0,0,0,0,0,1000,1000,1000,1000,0,0,0,0,0
2025-12-15 01:26:32.250,SERVO_OUTPUT_RAW,3147409805,SERVO_OUTPUT_RAW,0,0,0,0,0,0,0,0,1000,1000,1000,1000,0,0,0,0,0
2025-12-15 01:26:32.350,SERVO_OUTPUT_RAW,3147509857,SERVO_OUTPUT_RAW,0,0,0,0,0,0,0,0,1000,1000,1000,1000,0,0,0,0,0
2025-12-15 01:26:32.450,SERVO_OUTPUT_RAW,3147609855,SERVO_OUTPUT_RAW,0,0,0,0,0,0,0,0,1000,1000,1000,1000,0,0,0,0,0
2025-12-15 01:26:32.550,SERVO_OUTPUT_RAW,3147709785,SERVO_OUTPUT_RAW,0,0,0,0,0,0,0,0,1000,1000,1000,1000,0,0,0,0,0
2025-12-15 01:26:32.650,SERVO_OUTPUT_RAW,3147809902,SERVO_OUTPUT_RAW,0,0,0,0,0,0,0,0,1000,1000,1000,1000,0,0,0,0,0
2025-12-15 01:26:32.750,SERVO_OUTPUT_RAW,3147909809,SERVO_OUTPUT_RAW,0,0,0,0,0,0,0,0,1000,1000,1000,1000,0,0,0,0,0
2025-12-15 01:26:32.850,SERVO_OUTPUT_RAW,3148009814,SERVO_OUTPUT_RAW,0,0,0,0,0,0,0,0,1000,1000,1000,1000,0,0,0,0,0
2025-12-15 01:26:32.950,SERVO_OUTPUT_RAW,3148109787,SERVO_OUTPUT_RAW,0,0,0,0,0,0,0,0,1000,1000,1000,1000,0,0,0,0,0
2025-12-15 01:26:33.050,SERVO_OUTPUT_RAW,3148209786,SERVO_OUTPUT_RAW,0,0,0,0,0,0,0,0,1000,1000,1000,1000,0,0,0,0,0
2025-12-15 01:26:33.150,SERVO_OUTPUT_RAW,3148309783,SERVO_OUTPUT_RAW,0,0,0,0,0,0,0,0,1000,1000,1000,1000,0,0,0,0,0
2025-12-15 01:26:33.250,SERVO_OUTPUT_RAW,3148409791,SERVO_OUTPUT_RAW,0,0,0,0,0,0,0,0,1000,1000,1000,1000,0,0,0,0,0
2025-12-15 01:26:33.350,SERVO_OUTPUT_RAW,3148509783,SERVO_OUTPUT_RAW,0,0,0,0,0,0,0,0,1000,1000,1000,1000,0,0,0,0,0
2025-12-15 01:26:33.450,SERVO_OUTPUT_RAW,3148612182,SERVO_OUTPUT_RAW,0,0,0,0,0,0,0,0,1000,1000,1000,1000,0,0,0,0,0
2025-12-15 01:26:33.550,SERVO_OUTPUT_RAW,3148709834,SERVO_OUTPUT_RAW,0,0,0,0,0,0,0,0,1000,1000,1000,1000,0,0,0,0,0
2025-12-15 01:26:33.650,SERVO_OUTPUT_RAW,3148809849,SERVO_OUTPUT_RAW,0,0,0,0,0,0,0,0,1000,1000,1000,1000,0,0,0,0,0
2025-12-15 01:26:33.750,SERVO_OUTPUT_RAW,3148909829,SERVO_OUTPUT_RAW,0,0,0,0,0,0,0,0,1000,1000,1000,1000,0,0,0,0,0
2025-12-15 01:26:33.850,SERVO_OUTPUT_RAW,3149009818,SERVO_OUTPUT_RAW,0,0,0,0,0,0,0,0,1000,1000,1000,1000,0,0,0,0,0
2025-12-15 01:26:33.950,SERVO_OUTPUT_RAW,3149109835,SERVO_OUTPUT_RAW,0,0,0,0,0,0,0,0,1000,1000,1000,1000,0,0,0,0,0
2025-12-15 01:26:34.050,SERVO_OUTPUT_RAW,3149209839,SERVO_OUTPUT_RAW,0,0,0,0,0,0,0,0,1000,1000,1000,1000,0,0,0,0,0
2025-12-15 01:26:34.150,SERVO_OUTPUT_RAW,3149309793,SERVO_OUTPUT_RAW,0,0,0,0,0,0,0,0,1000,1000,1000,1000,0,0,0,0,0
2025-12-15 01:26:34.250,SERVO_OUTPUT_RAW,3149409819,SERVO_OUTPUT_RAW,0,0,0,0,0,0,0,0,1000,1000,1000,1000,0,0,0,0,0
2025-12-15 01:26:34.351,SERVO_OUTPUT_RAW,3149509822,SERVO_OUTPUT_RAW,0,0,0,0,0,0,0,0,1000,1000,1000,1000,0,0,0,0,0
2025-12-15 01:26:34.450,SERVO_OUTPUT_RAW,3149609784,SERVO_OUTPUT_RAW,0,0,0,0,0,0,0,0,1000,1000,1000,1000,0,0,0,0,0
2025-12-15 01:26:34.551,SERVO_OUTPUT_RAW,3149709792,SERVO_OUTPUT_RAW,0,0,0,0,0,0,0,0,1000,1000,1000,1000,0,0,0,0,0
2025-12-15 01:26:34.650,SERVO_OUTPUT_RAW,3149809796,SERVO_OUTPUT_RAW,0,0,0,0,0,0,0,0,1000,1000,1000,1000,0,0,0,0,0
2025-12-15 01:26:34.751,SERVO_OUTPUT_RAW,3149909876,SERVO_OUTPUT_RAW,0,0,0,0,0,0,0,0,1000,1000,1000,1000,0,0,0,0,0
2025-12-15 01:26:34.850,SERVO_OUTPUT_RAW,3150009798,SERVO_OUTPUT_RAW,0,0,0,0,0,0,0,0,1000,1000,1000,1000,0,0,0,0,0
2025-12-15 01:26:34.951,SERVO_OUTPUT_RAW,3150109795,SERVO_OUTPUT_RAW,0,0,0,0,0,0,0,0,1000,1000,1000,1000,0,0,0,0,0
2025-12-15 01:26:35.050,SERVO_OUTPUT_RAW,3150209838,SERVO_OUTPUT_RAW,0,0,0,0,0,0,0,0,1000,1000,1000,1000,0,0,0,0,0
2025-12-15 01:26:35.150,SERVO_OUTPUT_RAW,3150309847,SERVO_OUTPUT_RAW,0,0,0,0,0,0,0,0,1000,1000,1000,1000,0,0,0,0,0
2025-12-15 01:26:35.250,SERVO_OUTPUT_RAW,3150409820,SERVO_OUTPUT_RAW,0,0,0,0,0,0,0,0,1000,1000,1000,1000,0,0,0,0,0
2025-12-15 01:26:35.350,SERVO_OUTPUT_RAW,3150509879,SERVO_OUTPUT_RAW,0,0,0,0,0,0,0,0,1000,1000,1000,1000,0,0,0,0,0
2025-12-15 01:26:35.450,SERVO_OUTPUT_RAW,3150609814,SERVO_OUTPUT_RAW,0,0,0,0,0,0,0,0,1000,1000,1000,1000,0,0,0,0,0
2025-12-15 01:26:35.550,SERVO_OUTPUT_RAW,3150709832,SERVO_OUTPUT_RAW,0,0,0,0,0,0,0,0,1000,1000,1000,1000,0,0,0,0,0
2025-12-15 01:26:35.651,SERVO_OUTPUT_RAW,3150809785,SERVO_OUTPUT_RAW,0,0,0,0,0,0,0,0,1000,1000,1000,1000,0,0,0,0,0
2025-12-15 01:26:35.750,SERVO_OUTPUT_RAW,3150909793,SERVO_OUTPUT_RAW,0,0,0,0,0,0,0,0,1000,1000,1000,1000,0,0,0,0,0
2025-12-15 01:26:35.850,SERVO_OUTPUT_RAW,3151009826,SERVO_OUTPUT_RAW,0,0,0,0,0,0,0,0,1000,1000,1000,1000,0,0,0,0,0
2025-12-15 01:26:35.951,SERVO_OUTPUT_RAW,3151109826,SERVO_OUTPUT_RAW,0,0,0,0,0,0,0,0,1000,1000,1000,1000,0,0,0,0,0
2025-12-15 01:26:36.050,SERVO_OUTPUT_RAW,3151209778,SERVO_OUTPUT_RAW,0,0,0,0,0,0,0,0,1000,1000,1000,1000,0,0,0,0,0
2025-12-15 01:26:36.150,SERVO_OUTPUT_RAW,3151309782,SERVO_OUTPUT_RAW,0,0,0,0,0,0,0,0,1000,1000,1000,1000,0,0,0,0,0
2025-12-15 01:26:36.250,SERVO_OUTPUT_RAW,3151409803,SERVO_OUTPUT_RAW,0,0,0,0,0,0,0,0,1000,1000,1000,1000,0,0,0,0,0
2025-12-15 01:26:36.351,SERVO_OUTPUT_RAW,3151509802,SERVO_OUTPUT_RAW,0,0,0,0,0,0,0,0,1000,1000,1000,1000,0,0,0,0,0
2025-12-15 01:26:36.451,SERVO_OUTPUT_RAW,3151609787,SERVO_OUTPUT_RAW,0,0,0,0,0,0,0,0,1000,1000,1000,1000,0,0,0,0,0
2025-12-15 01:26:36.550,SERVO_OUTPUT_RAW,3151709800,SERVO_OUTPUT_RAW,0,0,0,0,0,0,0,0,1000,1000,1000,1000,0,0,0,0,0
2025-12-15 01:26:36.651,SERVO_OUTPUT_RAW,3151809871,SERVO_OUTPUT_RAW,0,0,0,0,0,0,0,0,1000,1000,1000,1000,0,0,0,0,0
2025-12-15 01:26:36.751,SERVO_OUTPUT_RAW,3151909849,SERVO_OUTPUT_RAW,0,0,0,0,0,0,0,0,1000,1000,1000,1000,0,0,0,0,0
2025-12-15 01:26:36.851,SERVO_OUTPUT_RAW,3152009814,SERVO_OUTPUT_RAW,0,0,0,0,0,0,0,0,1000,1000,1000,1000,0,0,0,0,0
2025-12-15 01:26:36.951,SERVO_OUTPUT_RAW,3152109821,SERVO_OUTPUT_RAW,0,0,0,0,0,0,0,0,1000,1000,1000,1000,0,0,0,0,0
2025-12-15 01:26:37.051,SERVO_OUTPUT_RAW,3152209834,SERVO_OUTPUT_RAW,0,0,0,0,0,0,0,0,1000,1000,1000,1000,0,0,0,0,0
2025-12-15 01:26:37.151,SERVO_OUTPUT_RAW,3152309835,SERVO_OUTPUT_RAW,0,0,0,0,0,0,0,0,1000,1000,1000,1000,0,0,0,0,0
2025-12-15 01:26:37.251,SERVO_OUTPUT_RAW,3152409854,SERVO_OUTPUT_RAW,0,0,0,0,0,0,0,0,1000,1000,1000,1000,0,0,0,0,0
2025-12-15 01:26:37.351,SERVO_OUTPUT_RAW,3152509798,SERVO_OUTPUT_RAW,0,0,0,0,0,0,0,0,1000,1000,1000,1000,0,0,0,0,0
2025-12-15 01:26:37.451,SERVO_OUTPUT_RAW,3152609829,SERVO_OUTPUT_RAW,0,0,0,0,0,0,0,0,1000,1000,1000,1000,0,0,0,0,0
2025-12-15 01:26:37.551,SERVO_OUTPUT_RAW,3152709808,SERVO_OUTPUT_RAW,0,0,0,0,0,0,0,0,1000,1000,1000,1000,0,0,0,0,0
2025-12-15 01:26:37.651,SERVO_OUTPUT_RAW,3152809805,SERVO_OUTPUT_RAW,0,0,0,0,0,0,0,0,1000,1000,1000,1000,0,0,0,0,0
2025-12-15 01:26:37.751,SERVO_OUTPUT_RAW,3152909802,SERVO_OUTPUT_RAW,0,0,0,0,0,0,0,0,1000,1000,1000,1000,0,0,0,0,0
2025-12-15 01:26:37.851,SERVO_OUTPUT_RAW,3153009784,SERVO_OUTPUT_RAW,0,0,0,0,0,0,0,0,1000,1000,1000,1000,0,0,0,0,0
2025-12-15 01:26:37.951,SERVO_OUTPUT_RAW,3153109785,SERVO_OUTPUT_RAW,0,0,0,0,0,0,0,0,1000,1000,1000,1000,0,0,0,0,0
2025-12-15 01:26:38.050,SERVO_OUTPUT_RAW,3153209794,SERVO_OUTPUT_RAW,0,0,0,0,0,0,0,0,1000,1000,1000,1000,0,0,0,0,0
2025-12-15 01:26:38.150,SERVO_OUTPUT_RAW,3153309822,SERVO_OUTPUT_RAW,0,0,0,0,0,0,0,0,1000,1000,1000,1000,0,0,0,0,0
2025-12-15 01:26:38.250,SERVO_OUTPUT_RAW,3153409856,SERVO_OUTPUT_RAW,0,0,0,0,0,0,0,0,1000,1000,1000,1000,0,0,0,0,0
2025-12-15 01:26:38.350,SERVO_OUTPUT_RAW,3153509809,SERVO_OUTPUT_RAW,0,0,0,0,0,0,0,0,1000,1000,1000,1000,0,0,0,0,0
2025-12-15 01:26:38.450,SERVO_OUTPUT_RAW,3153609781,SERVO_OUTPUT_RAW,0,0,0,0,0,0,0,0,1000,1000,1000,1000,0,0,0,0,0
2025-12-15 01:26:38.550,SERVO_OUTPUT_RAW,3153709814,SERVO_OUTPUT_RAW,0,0,0,0,0,0,0,0,1000,1000,1000,1000,0,0,0,0,0
2025-12-15 01:26:38.651,SERVO_OUTPUT_RAW,3153809857,SERVO_OUTPUT_RAW,0,0,0,0,0,0,0,0,1000,1000,1000,1000,0,0,0,0,0
2025-12-15 01:26:38.751,SERVO_OUTPUT_RAW,3153909842,SERVO_OUTPUT_RAW,0,0,0,0,0,0,0,0,1000,1000,1000,1000,0,0,0,0,0
2025-12-15 01:26:38.850,SERVO_OUTPUT_RAW,3154009786,SERVO_OUTPUT_RAW,0,0,0,0,0,0,0,0,1000,1000,1000,1000,0,0,0,0,0
2025-12-15 01:26:38.950,SERVO_OUTPUT_RAW,3154109916,SERVO_OUTPUT_RAW,0,0,0,0,0,0,0,0,1000,1000,1000,1000,0,0,0,0,0
2025-12-15 01:26:39.050,SERVO_OUTPUT_RAW,3154209815,SERVO_OUTPUT_RAW,0,0,0,0,0,0,0,0,1000,1000,1000,1000,0,0,0,0,0
2025-12-15 01:26:39.151,SERVO_OUTPUT_RAW,3154309794,SERVO_OUTPUT_RAW,0,0,0,0,0,0,0,0,1000,1000,1000,1000,0,0,0,0,0
2025-12-15 01:26:39.250,SERVO_OUTPUT_RAW,3154409804,SERVO_OUTPUT_RAW,0,0,0,0,0,0,0,0,1000,1000,1000,1000,0,0,0,0,0
2025-12-15 01:26:39.350,SERVO_OUTPUT_RAW,3154509787,SERVO_OUTPUT_RAW,0,0,0,0,0,0,0,0,1000,1000,1000,1000,0,0,0,0,0
2025-12-15 01:26:39.450,SERVO_OUTPUT_RAW,3154609794,SERVO_OUTPUT_RAW,0,0,0,0,0,0,0,0,1000,1000,1000,1000,0,0,0,0,0
2025-12-15 01:26:39.550,SERVO_OUTPUT_RAW,3154709805,SERVO_OUTPUT_RAW,0,0,0,0,0,0,0,0,1000,1000,1000,1000,0,0,0,0,0
2025-12-15 01:26:39.650,SERVO_OUTPUT_RAW,3154809796,SERVO_OUTPUT_RAW,0,0,0,0,0,0,0,0,1000,1000,1000,1000,0,0,0,0,0
2025-12-15 01:26:39.750,SERVO_OUTPUT_RAW,3154909837,SERVO_OUTPUT_RAW,0,0,0,0,0,0,0,0,1000,1000,1000,1000,0,0,0,0,0
2025-12-15 01:26:39.850,SERVO_OUTPUT_RAW,3155009826,SERVO_OUTPUT_RAW,0,0,0,0,0,0,0,0,1000,1000,1000,1000,0,0,0,0,0
2025-12-15 01:26:39.950,SERVO_OUTPUT_RAW,3155109794,SERVO_OUTPUT_RAW,0,0,0,0,0,0,0,0,1000,1000,1000,1000,0,0,0,0,0
2025-12-15 01:26:40.051,SERVO_OUTPUT_RAW,3155209798,SERVO_OUTPUT_RAW,0,0,0,0,0,0,0,0,1000,1000,1000,1000,0,0,0,0,0
2025-12-15 01:26:40.150,SERVO_OUTPUT_RAW,3155309831,SERVO_OUTPUT_RAW,0,0,0,0,0,0,0,0,1000,1000,1000,1000,0,0,0,0,0
2025-12-15 01:26:40.250,SERVO_OUTPUT_RAW,3155409851,SERVO_OUTPUT_RAW,0,0,0,0,0,0,0,0,1000,1000,1000,1000,0,0,0,0,0
2025-12-15 01:26:40.350,SERVO_OUTPUT_RAW,3155509785,SERVO_OUTPUT_RAW,0,0,0,0,0,0,0,0,1000,1000,1000,1000,0,0,0,0,0
2025-12-15 01:26:40.450,SERVO_OUTPUT_RAW,3155609809,SERVO_OUTPUT_RAW,0,0,0,0,0,0,0,0,1000,1000,1000,1000,0,0,0,0,0
2025-12-15 01:26:40.550,SERVO_OUTPUT_RAW,3155709876,SERVO_OUTPUT_RAW,0,0,0,0,0,0,0,0,1000,1000,1000,1000,0,0,0,0,0
2025-12-15 01:26:40.650,SERVO_OUTPUT_RAW,3155809817,SERVO_OUTPUT_RAW,0,0,0,0,0,0,0,0,1000,1000,1000,1000,0,0,0,0,0
2025-12-15 01:26:40.750,SERVO_OUTPUT_RAW,3155909800,SERVO_OUTPUT_RAW,0,0,0,0,0,0,0,0,1000,1000,1000,1000,0,0,0,0,0
2025-12-15 01:26:40.850,SERVO_OUTPUT_RAW,3156009779,SERVO_OUTPUT_RAW,0,0,0,0,0,0,0,0,1000,1000,1000,1000,0,0,0,0,0
2025-12-15 01:26:40.950,SERVO_OUTPUT_RAW,3156109777,SERVO_OUTPUT_RAW,0,0,0,0,0,0,0,0,1000,1000,1000,1000,0,0,0,0,0
2025-12-15 01:26:41.050,SERVO_OUTPUT_RAW,3156209837,SERVO_OUTPUT_RAW,0,0,0,0,0,0,0,0,1000,1000,1000,1000,0,0,0,0,0
2025-12-15 01:26:41.150,SERVO_OUTPUT_RAW,3156309802,SERVO_OUTPUT_RAW,0,0,0,0,0,0,0,0,1000,1000,1000,1000,0,0,0,0,0
2025-12-15 01:26:41.250,SERVO_OUTPUT_RAW,3156409815,SERVO_OUTPUT_RAW,0,0,0,0,0,0,0,0,1000,1000,1000,1000,0,0,0,0,0
2025-12-15 01:26:41.350,SERVO_OUTPUT_RAW,3156509842,SERVO_OUTPUT_RAW,0,0,0,0,0,0,0,0,1000,1000,1000,1000,0,0,0,0,0
2025-12-15 01:26:41.450,SERVO_OUTPUT_RAW,3156609811,SERVO_OUTPUT_RAW,0,0,0,0,0,0,0,0,1000,1000,1000,1000,0,0,0,0,0
2025-12-15 01:26:41.550,SERVO_OUTPUT_RAW,3156709799,SERVO_OUTPUT_RAW,0,0,0,0,0,0,0,0,1000,1000,1000,1000,0,0,0,0,0
2025-12-15 01:26:41.650,SERVO_OUTPUT_RAW,3156809813,SERVO_OUTPUT_RAW,0,0,0,0,0,0,0,0,1000,1000,1000,1000,0,0,0,0,0
2025-12-15 01:26:41.750,SERVO_OUTPUT_RAW,3156909852,SERVO_OUTPUT_RAW,0,0,0,0,0,0,0,0,1000,1000,1000,1000,0,0,0,0,0
2025-12-15 01:26:41.851,SERVO_OUTPUT_RAW,3157009846,SERVO_OUTPUT_RAW,0,0,0,0,0,0,0,0,1000,1000,1000,1000,0,0,0,0,0
2025-12-15 01:26:41.950,SERVO_OUTPUT_RAW,3157109783,SERVO_OUTPUT_RAW,0,0,0,0,0,0,0,0,1000,1000,1000,1000,0,0,0,0,0
2025-12-15 01:26:42.050,SERVO_OUTPUT_RAW,3157209806,SERVO_OUTPUT_RAW,0,0,0,0,0,0,0,0,1000,1000,1000,1000,0,0,0,0,0
2025-12-15 01:26:42.150,SERVO_OUTPUT_RAW,3157309825,SERVO_OUTPUT_RAW,0,0,0,0,0,0,0,0,1000,1000,1000,1000,0,0,0,0,0
2025-12-15 01:26:42.251,SERVO_OUTPUT_RAW,3157409823,SERVO_OUTPUT_RAW,0,0,0,0,0,0,0,0,1000,1000,1000,1000,0,0,0,0,0
2025-12-15 01:26:42.350,SERVO_OUTPUT_RAW,3157509786,SERVO_OUTPUT_RAW,0,0,0,0,0,0,0,0,1000,1000,1000,1000,0,0,0,0,0
2025-12-15 01:26:42.451,SERVO_OUTPUT_RAW,3157609808,SERVO_OUTPUT_RAW,0,0,0,0,0,0,0,0,1000,1000,1000,1000,0,0,0,0,0
2025-12-15 01:26:42.550,SERVO_OUTPUT_RAW,3157709790,SERVO_OUTPUT_RAW,0,0,0,0,0,0,0,0,1000,1000,1000,1000,0,0,0,0,0
2025-12-15 01:26:42.650,SERVO_OUTPUT_RAW,3157809793,SERVO_OUTPUT_RAW,0,0,0,0,0,0,0,0,1000,1000,1000,1000,0,0,0,0,0
2025-12-15 01:26:42.751,SERVO_OUTPUT_RAW,3157909809,SERVO_OUTPUT_RAW,0,0,0,0,0,0,0,0,1000,1000,1000,1000,0,0,0,0,0
2025-12-15 01:26:42.851,SERVO_OUTPUT_RAW,3158009822,SERVO_OUTPUT_RAW,0,0,0,0,0,0,0,0,1000,1000,1000,1000,0,0,0,0,0
2025-12-15 01:26:42.950,SERVO_OUTPUT_RAW,3158109831,SERVO_OUTPUT_RAW,0,0,0,0,0,0,0,0,1000,1000,1000,1000,0,0,0,0,0
2025-12-15 01:26:43.050,SERVO_OUTPUT_RAW,3158209803,SERVO_OUTPUT_RAW,0,0,0,0,0,0,0,0,1000,1000,1000,1000,0,0,0,0,0
2025-12-15 01:26:43.150,SERVO_OUTPUT_RAW,3158309809,SERVO_OUTPUT_RAW,0,0,0,0,0,0,0,0,1000,1000,1000,1000,0,0,0,0,0
2025-12-15 01:26:43.250,SERVO_OUTPUT_RAW,3158409825,SERVO_OUTPUT_RAW,0,0,0,0,0,0,0,0,1000,1000,1000,1000,0,0,0,0,0
2025-12-15 01:26:43.350,SERVO_OUTPUT_RAW,3158509837,SERVO_OUTPUT_RAW,0,0,0,0,0,0,0,0,1000,1000,1000,1000,0,0,0,0,0
2025-12-15 01:26:43.450,SERVO_OUTPUT_RAW,3158609870,SERVO_OUTPUT_RAW,0,0,0,0,0,0,0,0,1000,1000,1000,1000,0,0,0,0,0
2025-12-15 01:26:43.550,SERVO_OUTPUT_RAW,3158709793,SERVO_OUTPUT_RAW,0,0,0,0,0,0,0,0,1000,1000,1000,1000,0,0,0,0,0
2025-12-15 01:26:43.651,SERVO_OUTPUT_RAW,3158809816,SERVO_OUTPUT_RAW,0,0,0,0,0,0,0,0,1000,1000,1000,1000,0,0,0,0,0
2025-12-15 01:26:43.751,SERVO_OUTPUT_RAW,3158909833,SERVO_OUTPUT_RAW,0,0,0,0,0,0,0,0,1000,1000,1000,1000,0,0,0,0,0
2025-12-15 01:26:43.850,SERVO_OUTPUT_RAW,3159009783,SERVO_OUTPUT_RAW,0,0,0,0,0,0,0,0,1000,1000,1000,1000,0,0,0,0,0
2025-12-15 01:26:43.951,SERVO_OUTPUT_RAW,3159109774,SERVO_OUTPUT_RAW,0,0,0,0,0,0,0,0,1000,1000,1000,1000,0,0,0,0,0
2025-12-15 01:26:44.050,SERVO_OUTPUT_RAW,3159209802,SERVO_OUTPUT_RAW,0,0,0,0,0,0,0,0,1000,1000,1000,1000,0,0,0,0,0
2025-12-15 01:26:44.151,SERVO_OUTPUT_RAW,3159309807,SERVO_OUTPUT_RAW,0,0,0,0,0,0,0,0,1000,1000,1000,1000,0,0,0,0,0
2025-12-15 01:26:44.251,SERVO_OUTPUT_RAW,3159409780,SERVO_OUTPUT_RAW,0,0,0,0,0,0,0,0,1000,1000,1000,1000,0,0,0,0,0
2025-12-15 01:26:44.351,SERVO_OUTPUT_RAW,3159509793,SERVO_OUTPUT_RAW,0,0,0,0,0,0,0,0,1000,1000,1000,1000,0,0,0,0,0
2025-12-15 01:26:44.451,SERVO_OUTPUT_RAW,3159609827,SERVO_OUTPUT_RAW,0,0,0,0,0,0,0,0,1000,1000,1000,1000,0,0,0,0,0
2025-12-15 01:26:44.551,SERVO_OUTPUT_RAW,3159709808,SERVO_OUTPUT_RAW,0,0,0,0,0,0,0,0,1000,1000,1000,1000,0,0,0,0,0
2025-12-15 01:26:44.651,SERVO_OUTPUT_RAW,3159809812,SERVO_OUTPUT_RAW,0,0,0,0,0,0,0,0,1000,1000,1000,1000,0,0,0,0,0
2025-12-15 01:26:44.751,SERVO_OUTPUT_RAW,3159909803,SERVO_OUTPUT_RAW,0,0,0,0,0,0,0,0,1000,1000,1000,1000,0,0,0,0,0
2025-12-15 01:26:44.851,SERVO_OUTPUT_RAW,3160009840,SERVO_OUTPUT_RAW,0,0,0,0,0,0,0,0,1000,1000,1000,1000,0,0,0,0,0
2025-12-15 01:26:44.951,SERVO_OUTPUT_RAW,3160109860,SERVO_OUTPUT_RAW,0,0,0,0,0,0,0,0,1000,1000,1000,1000,0,0,0,0,0
2025-12-15 01:26:45.051,SERVO_OUTPUT_RAW,3160209842,SERVO_OUTPUT_RAW,0,0,0,0,0,0,0,0,1000,1000,1000,1000,0,0,0,0,0
2025-12-15 01:26:45.151,SERVO_OUTPUT_RAW,3160309800,SERVO_OUTPUT_RAW,0,0,0,0,0,0,0,0,1000,1000,1000,1000,0,0,0,0,0
2025-12-15 01:26:45.251,SERVO_OUTPUT_RAW,3160409879,SERVO_OUTPUT_RAW,0,0,0,0,0,0,0,0,1000,1000,1000,1000,0,0,0,0,0
2025-12-15 01:26:45.351,SERVO_OUTPUT_RAW,3160509812,SERVO_OUTPUT_RAW,0,0,0,0,0,0,0,0,1000,1000,1000,1000,0,0,0,0,0
2025-12-15 01:26:45.451,SERVO_OUTPUT_RAW,3160609778,SERVO_OUTPUT_RAW,0,0,0,0,0,0,0,0,1000,1000,1000,1000,0,0,0,0,0
2025-12-15 01:26:45.551,SERVO_OUTPUT_RAW,3160709783,SERVO_OUTPUT_RAW,0,0,0,0,0,0,0,0,1000,1000,1000,1000,0,0,0,0,0
2025-12-15 01:26:45.651,SERVO_OUTPUT_RAW,3160809781,SERVO_OUTPUT_RAW,0,0,0,0,0,0,0,0,1000,1000,1000,1000,0,0,0,0,0
2025-12-15 01:26:45.751,SERVO_OUTPUT_RAW,3160909785,SERVO_OUTPUT_RAW,0,0,0,0,0,0,0,0,1000,1000,1000,1000,0,0,0,0,0
2025-12-15 01:26:45.851,SERVO_OUTPUT_RAW,3161009812,SERVO_OUTPUT_RAW,0,0,0,0,0,0,0,0,1000,1000,1000,1000,0,0,0,0,0
2025-12-15 01:26:45.951,SERVO_OUTPUT_RAW,3161112147,SERVO_OUTPUT_RAW,0,0,0,0,0,0,0,0,1000,1000,1000,1000,0,0,0,0,0
2025-12-15 01:26:46.051,SERVO_OUTPUT_RAW,3161212150,SERVO_OUTPUT_RAW,0,0,0,0,0,0,0,0,1000,1000,1000,1000,0,0,0,0,0
2025-12-15 01:26:46.151,SERVO_OUTPUT_RAW,3161309868,SERVO_OUTPUT_RAW,0,0,0,0,0,0,0,0,1000,1000,1000,1000,0,0,0,0,0
2025-12-15 01:26:46.251,SERVO_OUTPUT_RAW,3161409791,SERVO_OUTPUT_RAW,0,0,0,0,0,0,0,0,1000,1000,1000,1000,0,0,0,0,0
2025-12-15 01:26:46.351,SERVO_OUTPUT_RAW,3161509829,SERVO_OUTPUT_RAW,0,0,0,0,0,0,0,0,1000,1000,1000,1000,0,0,0,0,0
2025-12-15 01:26:46.451,SERVO_OUTPUT_RAW,3161609837,SERVO_OUTPUT_RAW,0,0,0,0,0,0,0,0,1000,1000,1000,1000,0,0,0,0,0
2025-12-15 01:26:46.551,SERVO_OUTPUT_RAW,3161709802,SERVO_OUTPUT_RAW,0,0,0,0,0,0,0,0,1000,1000,1000,1000,0,0,0,0,0
2025-12-15 01:26:46.651,SERVO_OUTPUT_RAW,3161809796,SERVO_OUTPUT_RAW,0,0,0,0,0,0,0,0,1000,1000,1000,1000,0,0,0,0,0
2025-12-15 01:26:46.751,SERVO_OUTPUT_RAW,3161909829,SERVO_OUTPUT_RAW,0,0,0,0,0,0,0,0,1000,1000,1000,1000,0,0,0,0,0
2025-12-15 01:26:46.851,SERVO_OUTPUT_RAW,3162009810,SERVO_OUTPUT_RAW,0,0,0,0,0,0,0,0,1000,1000,1000,1000,0,0,0,0,0
2025-12-15 01:26:46.951,SERVO_OUTPUT_RAW,3162109794,SERVO_OUTPUT_RAW,0,0,0,0,0,0,0,0,1000,1000,1000,1000,0,0,0,0,0
2025-12-15 01:26:47.051,SERVO_OUTPUT_RAW,3162209778,SERVO_OUTPUT_RAW,0,0,0,0,0,0,0,0,1000,1000,1000,1000,0,0,0,0,0
2025-12-15 01:26:47.151,SERVO_OUTPUT_RAW,3162309792,SERVO_OUTPUT_RAW,0,0,0,0,0,0,0,0,1000,1000,1000,1000,0,0,0,0,0
2025-12-15 01:26:47.251,SERVO_OUTPUT_RAW,3162409796,SERVO_OUTPUT_RAW,0,0,0,0,0,0,0,0,1000,1000,1000,1000,0,0,0,0,0
2025-12-15 01:26:47.351,SERVO_OUTPUT_RAW,3162509847,SERVO_OUTPUT_RAW,0,0,0,0,0,0,0,0,1000,1000,1000,1000,0,0,0,0,0
2025-12-15 01:26:47.452,SERVO_OUTPUT_RAW,3162609797,SERVO_OUTPUT_RAW,0,0,0,0,0,0,0,0,1000,1000,1000,1000,0,0,0,0,0
2025-12-15 01:26:47.551,SERVO_OUTPUT_RAW,3162709838,SERVO_OUTPUT_RAW,0,0,0,0,0,0,0,0,1000,1000,1000,1000,0,0,0,0,0
2025-12-15 01:26:47.651,SERVO_OUTPUT_RAW,3162812137,SERVO_OUTPUT_RAW,0,0,0,0,0,0,0,0,1000,1000,1000,1000,0,0,0,0,0
2025-12-15 01:26:47.751,SERVO_OUTPUT_RAW,3162909804,SERVO_OUTPUT_RAW,0,0,0,0,0,0,0,0,1000,1000,1000,1000,0,0,0,0,0
2025-12-15 01:26:47.851,SERVO_OUTPUT_RAW,3163009803,SERVO_OUTPUT_RAW,0,0,0,0,0,0,0,0,1000,1000,1000,1000,0,0,0,0,0
2025-12-15 01:26:47.951,SERVO_OUTPUT_RAW,3163109835,SERVO_OUTPUT_RAW,0,0,0,0,0,0,0,0,1000,1000,1000,1000,0,0,0,0,0
2025-12-15 01:26:48.051,SERVO_OUTPUT_RAW,3163209842,SERVO_OUTPUT_RAW,0,0,0,0,0,0,0,0,1000,1000,1000,1000,0,0,0,0,0
2025-12-15 01:26:48.151,SERVO_OUTPUT_RAW,3163309817,SERVO_OUTPUT_RAW,0,0,0,0,0,0,0,0,1000,1000,1000,1000,0,0,0,0,0
2025-12-15 01:26:48.251,SERVO_OUTPUT_RAW,3163409808,SERVO_OUTPUT_RAW,0,0,0,0,0,0,0,0,1000,1000,1000,1000,0,0,0,0,0
2025-12-15 01:26:48.351,SERVO_OUTPUT_RAW,3163509875,SERVO_OUTPUT_RAW,0,0,0,0,0,0,0,0,1000,1000,1000,1000,0,0,0,0,0
2025-12-15 01:26:48.451,SERVO_OUTPUT_RAW,3163609810,SERVO_OUTPUT_RAW,0,0,0,0,0,0,0,0,1000,1000,1000,1000,0,0,0,0,0
2025-12-15 01:26:48.551,SERVO_OUTPUT_RAW,3163709793,SERVO_OUTPUT_RAW,0,0,0,0,0,0,0,0,1000,1000,1000,1000,0,0,0,0,0
2025-12-15 01:26:48.651,SERVO_OUTPUT_RAW,3163809798,SERVO_OUTPUT_RAW,0,0,0,0,0,0,0,0,1000,1000,1000,1000,0,0,0,0,0
2025-12-15 01:26:48.750,SERVO_OUTPUT_RAW,3163909783,SERVO_OUTPUT_RAW,0,0,0,0,0,0,0,0,1000,1000,1000,1000,0,0,0,0,0
2025-12-15 01:26:48.850,SERVO_OUTPUT_RAW,3164009781,SERVO_OUTPUT_RAW,0,0,0,0,0,0,0,0,1000,1000,1000,1000,0,0,0,0,0
2025-12-15 01:26:48.950,SERVO_OUTPUT_RAW,3164112106,SERVO_OUTPUT_RAW,0,0,0,0,0,0,0,0,1000,1000,1000,1000,0,0,0,0,0
2025-12-15 01:26:49.050,SERVO_OUTPUT_RAW,3164209797,SERVO_OUTPUT_RAW,0,0,0,0,0,0,0,0,1000,1000,1000,1000,0,0,0,0,0
2025-12-15 01:26:49.151,SERVO_OUTPUT_RAW,3164309785,SERVO_OUTPUT_RAW,0,0,0,0,0,0,0,0,1000,1000,1000,1000,0,0,0,0,0
2025-12-15 01:26:49.250,SERVO_OUTPUT_RAW,3164409854,SERVO_OUTPUT_RAW,0,0,0,0,0,0,0,0,1000,1000,1000,1000,0,0,0,0,0
2025-12-15 01:26:49.350,SERVO_OUTPUT_RAW,3164509789,SERVO_OUTPUT_RAW,0,0,0,0,0,0,0,0,1000,1000,1000,1000,0,0,0,0,0
2025-12-15 01:26:49.451,SERVO_OUTPUT_RAW,3164609849,SERVO_OUTPUT_RAW,0,0,0,0,0,0,0,0,1000,1000,1000,1000,0,0,0,0,0
2025-12-15 01:26:49.550,SERVO_OUTPUT_RAW,3164709835,SERVO_OUTPUT_RAW,0,0,0,0,0,0,0,0,1000,1000,1000,1000,0,0,0,0,0
2025-12-15 01:26:49.650,SERVO_OUTPUT_RAW,3164809859,SERVO_OUTPUT_RAW,0,0,0,0,0,0,0,0,1000,1000,1000,1000,0,0,0,0,0
2025-12-15 01:26:49.750,SERVO_OUTPUT_RAW,3164909776,SERVO_OUTPUT_RAW,0,0,0,0,0,0,0,0,1000,1000,1000,1000,0,0,0,0,0
2025-12-15 01:26:49.851,SERVO_OUTPUT_RAW,3165009795,SERVO_OUTPUT_RAW,0,0,0,0,0,0,0,0,1000,1000,1000,1000,0,0,0,0,0
2025-12-15 01:26:49.951,SERVO_OUTPUT_RAW,3165109808,SERVO_OUTPUT_RAW,0,0,0,0,0,0,0,0,1000,1000,1000,1000,0,0,0,0,0
2025-12-15 01:26:50.050,SERVO_OUTPUT_RAW,3165209820,SERVO_OUTPUT_RAW,0,0,0,0,0,0,0,0,1000,1000,1000,1000,0,0,0,0,0
2025-12-15 01:26:50.150,SERVO_OUTPUT_RAW,3165309785,SERVO_OUTPUT_RAW,0,0,0,0,0,0,0,0,1000,1000,1000,1000,0,0,0,0,0
2025-12-15 01:26:50.251,SERVO_OUTPUT_RAW,3165409798,SERVO_OUTPUT_RAW,0,0,0,0,0,0,0,0,1000,1000,1000,1000,0,0,0,0,0
2025-12-15 01:26:50.350,SERVO_OUTPUT_RAW,3165509812,SERVO_OUTPUT_RAW,0,0,0,0,0,0,0,0,1000,1000,1000,1000,0,0,0,0,0
2025-12-15 01:26:50.450,SERVO_OUTPUT_RAW,3165609788,SERVO_OUTPUT_RAW,0,0,0,0,0,0,0,0,1000,1000,1000,1000,0,0,0,0,0
2025-12-15 01:26:50.551,SERVO_OUTPUT_RAW,3165709816,SERVO_OUTPUT_RAW,0,0,0,0,0,0,0,0,1000,1000,1000,1000,0,0,0,0,0
2025-12-15 01:26:50.651,SERVO_OUTPUT_RAW,3165809836,SERVO_OUTPUT_RAW,0,0,0,0,0,0,0,0,1000,1000,1000,1000,0,0,0,0,0
2025-12-15 01:26:50.750,SERVO_OUTPUT_RAW,3165909801,SERVO_OUTPUT_RAW,0,0,0,0,0,0,0,0,1000,1000,1000,1000,0,0,0,0,0
2025-12-15 01:26:50.851,SERVO_OUTPUT_RAW,3166009856,SERVO_OUTPUT_RAW,0,0,0,0,0,0,0,0,1000,1000,1000,1000,0,0,0,0,0
2025-12-15 01:26:50.951,SERVO_OUTPUT_RAW,3166109805,SERVO_OUTPUT_RAW,0,0,0,0,0,0,0,0,1000,1000,1000,1000,0,0,0,0,0
2025-12-15 01:26:51.050,SERVO_OUTPUT_RAW,3166209827,SERVO_OUTPUT_RAW,0,0,0,0,0,0,0,0,1000,1000,1000,1000,0,0,0,0,0
2025-12-15 01:26:51.150,SERVO_OUTPUT_RAW,3166309838,SERVO_OUTPUT_RAW,0,0,0,0,0,0,0,0,1000,1000,1000,1000,0,0,0,0,0
2025-12-15 01:26:51.251,SERVO_OUTPUT_RAW,3166409844,SERVO_OUTPUT_RAW,0,0,0,0,0,0,0,0,1000,1000,1000,1000,0,0,0,0,0
2025-12-15 01:26:51.351,SERVO_OUTPUT_RAW,3166509782,SERVO_OUTPUT_RAW,0,0,0,0,0,0,0,0,1000,1000,1000,1000,0,0,0,0,0
2025-12-15 01:26:51.451,SERVO_OUTPUT_RAW,3166609807,SERVO_OUTPUT_RAW,0,0,0,0,0,0,0,0,1000,1000,1000,1000,0,0,0,0,0
2025-12-15 01:26:51.551,SERVO_OUTPUT_RAW,3166709876,SERVO_OUTPUT_RAW,0,0,0,0,0,0,0,0,1000,1000,1000,1000,0,0,0,0,0
2025-12-15 01:26:51.650,SERVO_OUTPUT_RAW,3166809801,SERVO_OUTPUT_RAW,0,0,0,0,0,0,0,0,1000,1000,1000,1000,0,0,0,0,0
2025-12-15 01:26:51.751,SERVO_OUTPUT_RAW,3166909783,SERVO_OUTPUT_RAW,0,0,0,0,0,0,0,0,1000,1000,1000,1000,0,0,0,0,0
2025-12-15 01:26:51.851,SERVO_OUTPUT_RAW,3167009826,SERVO_OUTPUT_RAW,0,0,0,0,0,0,0,0,1000,1000,1000,1000,0,0,0,0,0
2025-12-15 01:26:51.951,SERVO_OUTPUT_RAW,3167109793,SERVO_OUTPUT_RAW,0,0,0,0,0,0,0,0,1000,1000,1000,1000,0,0,0,0,0
2025-12-15 01:26:52.051,SERVO_OUTPUT_RAW,3167209787,SERVO_OUTPUT_RAW,0,0,0,0,0,0,0,0,1000,1000,1000,1000,0,0,0,0,0
2025-12-15 01:26:52.151,SERVO_OUTPUT_RAW,3167309855,SERVO_OUTPUT_RAW,0,0,0,0,0,0,0,0,1000,1000,1000,1000,0,0,0,0,0
2025-12-15 01:26:52.251,SERVO_OUTPUT_RAW,3167409826,SERVO_OUTPUT_RAW,0,0,0,0,0,0,0,0,1000,1000,1000,1000,0,0,0,0,0
2025-12-15 01:26:52.351,SERVO_OUTPUT_RAW,3167509837,SERVO_OUTPUT_RAW,0,0,0,0,0,0,0,0,1000,1000,1000,1000,0,0,0,0,0
2025-12-15 01:26:52.451,SERVO_OUTPUT_RAW,3167609797,SERVO_OUTPUT_RAW,0,0,0,0,0,0,0,0,1000,1000,1000,1000,0,0,0,0,0
2025-12-15 01:26:52.551,SERVO_OUTPUT_RAW,3167709798,SERVO_OUTPUT_RAW,0,0,0,0,0,0,0,0,1000,1000,1000,1000,0,0,0,0,0
2025-12-15 01:26:52.651,SERVO_OUTPUT_RAW,3167809845,SERVO_OUTPUT_RAW,0,0,0,0,0,0,0,0,1000,1000,1000,1000,0,0,0,0,0
2025-12-15 01:26:52.751,SERVO_OUTPUT_RAW,3167909848,SERVO_OUTPUT_RAW,0,0,0,0,0,0,0,0,1000,1000,1000,1000,0,0,0,0,0
2025-12-15 01:26:52.851,SERVO_OUTPUT_RAW,3168009786,SERVO_OUTPUT_RAW,0,0,0,0,0,0,0,0,1000,1000,1000,1000,0,0,0,0,0
2025-12-15 01:26:52.951,SERVO_OUTPUT_RAW,3168109804,SERVO_OUTPUT_RAW,0,0,0,0,0,0,0,0,1000,1000,1000,1000,0,0,0,0,0
2025-12-15 01:26:53.051,SERVO_OUTPUT_RAW,3168209822,SERVO_OUTPUT_RAW,0,0,0,0,0,0,0,0,1000,1000,1000,1000,0,0,0,0,0
2025-12-15 01:26:53.151,SERVO_OUTPUT_RAW,3168309822,SERVO_OUTPUT_RAW,0,0,0,0,0,0,0,0,1000,1000,1000,1000,0,0,0,0,0
2025-12-15 01:26:53.251,SERVO_OUTPUT_RAW,3168409788,SERVO_OUTPUT_RAW,0,0,0,0,0,0,0,0,1000,1000,1000,1000,0,0,0,0,0
2025-12-15 01:26:53.351,SERVO_OUTPUT_RAW,3168509780,SERVO_OUTPUT_RAW,0,0,0,0,0,0,0,0,1000,1000,1000,1000,0,0,0,0,0
2025-12-15 01:26:53.451,SERVO_OUTPUT_RAW,3168609777,SERVO_OUTPUT_RAW,0,0,0,0,0,0,0,0,1000,1000,1000,1000,0,0,0,0,0
2025-12-15 01:26:53.551,SERVO_OUTPUT_RAW,3168709783,SERVO_OUTPUT_RAW,0,0,0,0,0,0,0,0,1000,1000,1000,1000,0,0,0,0,0
2025-12-15 01:26:53.651,SERVO_OUTPUT_RAW,3168812148,SERVO_OUTPUT_RAW,0,0,0,0,0,0,0,0,1000,1000,1000,1000,0,0,0,0,0
2025-12-15 01:26:53.751,SERVO_OUTPUT_RAW,3168909827,SERVO_OUTPUT_RAW,0,0,0,0,0,0,0,0,1000,1000,1000,1000,0,0,0,0,0
2025-12-15 01:26:53.851,SERVO_OUTPUT_RAW,3169009834,SERVO_OUTPUT_RAW,0,0,0,0,0,0,0,0,1000,1000,1000,1000,0,0,0,0,0
2025-12-15 01:26:53.951,SERVO_OUTPUT_RAW,3169112131,SERVO_OUTPUT_RAW,0,0,0,0,0,0,0,0,1000,1000,1000,1000,0,0,0,0,0
2025-12-15 01:26:54.051,SERVO_OUTPUT_RAW,3169209817,SERVO_OUTPUT_RAW,0,0,0,0,0,0,0,0,1000,1000,1000,1000,0,0,0,0,0
2025-12-15 01:26:54.151,SERVO_OUTPUT_RAW,3169309828,SERVO_OUTPUT_RAW,0,0,0,0,0,0,0,0,1000,1000,1000,1000,0,0,0,0,0
2025-12-15 01:26:54.251,SERVO_OUTPUT_RAW,3169409844,SERVO_OUTPUT_RAW,0,0,0,0,0,0,0,0,1000,1000,1000,1000,0,0,0,0,0
2025-12-15 01:26:54.351,SERVO_OUTPUT_RAW,3169509847,SERVO_OUTPUT_RAW,0,0,0,0,0,0,0,0,1000,1000,1000,1000,0,0,0,0,0
2025-12-15 01:26:54.451,SERVO_OUTPUT_RAW,3169609785,SERVO_OUTPUT_RAW,0,0,0,0,0,0,0,0,1000,1000,1000,1000,0,0,0,0,0
2025-12-15 01:26:54.551,SERVO_OUTPUT_RAW,3169709801,SERVO_OUTPUT_RAW,0,0,0,0,0,0,0,0,1000,1000,1000,1000,0,0,0,0,0
2025-12-15 01:26:54.651,SERVO_OUTPUT_RAW,3169809823,SERVO_OUTPUT_RAW,0,0,0,0,0,0,0,0,1000,1000,1000,1000,0,0,0,0,0
2025-12-15 01:26:54.751,SERVO_OUTPUT_RAW,3169909806,SERVO_OUTPUT_RAW,0,0,0,0,0,0,0,0,1000,1000,1000,1000,0,0,0,0,0
2025-12-15 01:26:54.851,SERVO_OUTPUT_RAW,3170009800,SERVO_OUTPUT_RAW,0,0,0,0,0,0,0,0,1000,1000,1000,1000,0,0,0,0,0
2025-12-15 01:26:54.951,SERVO_OUTPUT_RAW,3170109795,SERVO_OUTPUT_RAW,0,0,0,0,0,0,0,0,1000,1000,1000,1000,0,0,0,0,0
2025-12-15 01:26:55.051,SERVO_OUTPUT_RAW,3170209799,SERVO_OUTPUT_RAW,0,0,0,0,0,0,0,0,1000,1000,1000,1000,0,0,0,0,0
2025-12-15 01:26:55.152,SERVO_OUTPUT_RAW,3170312112,SERVO_OUTPUT_RAW,0,0,0,0,0,0,0,0,1000,1000,1000,1000,0,0,0,0,0
2025-12-15 01:26:55.251,SERVO_OUTPUT_RAW,3170409795,SERVO_OUTPUT_RAW,0,0,0,0,0,0,0,0,1000,1000,1000,1000,0,0,0,0,0
2025-12-15 01:26:55.351,SERVO_OUTPUT_RAW,3170509833,SERVO_OUTPUT_RAW,0,0,0,0,0,0,0,0,1000,1000,1000,1000,0,0,0,0,0
2025-12-15 01:26:55.451,SERVO_OUTPUT_RAW,3170609833,SERVO_OUTPUT_RAW,0,0,0,0,0,0,0,0,1000,1000,1000,1000,0,0,0,0,0
2025-12-15 01:26:55.551,SERVO_OUTPUT_RAW,3170709869,SERVO_OUTPUT_RAW,0,0,0,0,0,0,0,0,1000,1000,1000,1000,0,0,0,0,0
2025-12-15 01:26:55.651,SERVO_OUTPUT_RAW,3170809812,SERVO_OUTPUT_RAW,0,0,0,0,0,0,0,0,1000,1000,1000,1000,0,0,0,0,0
2025-12-15 01:26:55.751,SERVO_OUTPUT_RAW,3170909828,SERVO_OUTPUT_RAW,0,0,0,0,0,0,0,0,1000,1000,1000,1000,0,0,0,0,0
2025-12-15 01:26:55.851,SERVO_OUTPUT_RAW,3171009840,SERVO_OUTPUT_RAW,0,0,0,0,0,0,0,0,1000,1000,1000,1000,0,0,0,0,0
2025-12-15 01:26:55.952,SERVO_OUTPUT_RAW,3171109809,SERVO_OUTPUT_RAW,0,0,0,0,0,0,0,0,1000,1000,1000,1000,0,0,0,0,0
2025-12-15 01:26:56.052,SERVO_OUTPUT_RAW,3171209798,SERVO_OUTPUT_RAW,0,0,0,0,0,0,0,0,1000,1000,1000,1000,0,0,0,0,0
2025-12-15 01:26:56.152,SERVO_OUTPUT_RAW,3171309822,SERVO_OUTPUT_RAW,0,0,0,0,0,0,0,0,1000,1000,1000,1000,0,0,0,0,0
2025-12-15 01:26:56.252,SERVO_OUTPUT_RAW,3171409815,SERVO_OUTPUT_RAW,0,0,0,0,0,0,0,0,1000,1000,1000,1000,0,0,0,0,0
2025-12-15 01:26:56.351,SERVO_OUTPUT_RAW,3171509781,SERVO_OUTPUT_RAW,0,0,0,0,0,0,0,0,1000,1000,1000,1000,0,0,0,0,0
2025-12-15 01:26:56.451,SERVO_OUTPUT_RAW,3171609786,SERVO_OUTPUT_RAW,0,0,0,0,0,0,0,0,1000,1000,1000,1000,0,0,0,0,0
2025-12-15 01:26:56.552,SERVO_OUTPUT_RAW,3171709790,SERVO_OUTPUT_RAW,0,0,0,0,0,0,0,0,1000,1000,1000,1000,0,0,0,0,0
2025-12-15 01:26:56.652,SERVO_OUTPUT_RAW,3171809799,SERVO_OUTPUT_RAW,0,0,0,0,0,0,0,0,1000,1000,1000,1000,0,0,0,0,0
2025-12-15 01:26:56.752,SERVO_OUTPUT_RAW,3171909788,SERVO_OUTPUT_RAW,0,0,0,0,0,0,0,0,1000,1000,1000,1000,0,0,0,0,0
2025-12-15 01:26:56.851,SERVO_OUTPUT_RAW,3172009826,SERVO_OUTPUT_RAW,0,0,0,0,0,0,0,0,1000,1000,1000,1000,0,0,0,0,0
2025-12-15 01:26:56.951,SERVO_OUTPUT_RAW,3172109835,SERVO_OUTPUT_RAW,0,0,0,0,0,0,0,0,1000,1000,1000,1000,0,0,0,0,0
2025-12-15 01:26:57.051,SERVO_OUTPUT_RAW,3172209850,SERVO_OUTPUT_RAW,0,0,0,0,0,0,0,0,1000,1000,1000,1000,0,0,0,0,0
2025-12-15 01:26:57.151,SERVO_OUTPUT_RAW,3172309773,SERVO_OUTPUT_RAW,0,0,0,0,0,0,0,0,1000,1000,1000,1000,0,0,0,0,0
2025-12-15 01:26:57.252,SERVO_OUTPUT_RAW,3172409810,SERVO_OUTPUT_RAW,0,0,0,0,0,0,0,0,1000,1000,1000,1000,0,0,0,0,0
2025-12-15 01:26:57.352,SERVO_OUTPUT_RAW,3172509840,SERVO_OUTPUT_RAW,0,0,0,0,0,0,0,0,1000,1000,1000,1000,0,0,0,0,0
2025-12-15 01:26:57.452,SERVO_OUTPUT_RAW,3172609836,SERVO_OUTPUT_RAW,0,0,0,0,0,0,0,0,1000,1000,1000,1000,0,0,0,0,0
2025-12-15 01:26:57.551,SERVO_OUTPUT_RAW,3172709869,SERVO_OUTPUT_RAW,0,0,0,0,0,0,0,0,1000,1000,1000,1000,0,0,0,0,0
2025-12-15 01:26:57.651,SERVO_OUTPUT_RAW,3172809824,SERVO_OUTPUT_RAW,0,0,0,0,0,0,0,0,1000,1000,1000,1000,0,0,0,0,0
2025-12-15 01:26:57.752,SERVO_OUTPUT_RAW,3172909808,SERVO_OUTPUT_RAW,0,0,0,0,0,0,0,0,1000,1000,1000,1000,0,0,0,0,0
2025-12-15 01:26:57.851,SERVO_OUTPUT_RAW,3173009876,SERVO_OUTPUT_RAW,0,0,0,0,0,0,0,0,1000,1000,1000,1000,0,0,0,0,0
2025-12-15 01:26:57.950,SERVO_OUTPUT_RAW,3173109789,SERVO_OUTPUT_RAW,0,0,0,0,0,0,0,0,1000,1000,1000,1000,0,0,0,0,0
2025-12-15 01:26:58.050,SERVO_OUTPUT_RAW,3173209781,SERVO_OUTPUT_RAW,0,0,0,0,0,0,0,0,1000,1000,1000,1000,0,0,0,0,0
2025-12-15 01:26:58.150,SERVO_OUTPUT_RAW,3173309782,SERVO_OUTPUT_RAW,0,0,0,0,0,0,0,0,1000,1000,1000,1000,0,0,0,0,0
2025-12-15 01:26:58.250,SERVO_OUTPUT_RAW,3173409785,SERVO_OUTPUT_RAW,0,0,0,0,0,0,0,0,1000,1000,1000,1000,0,0,0,0,0
2025-12-15 01:26:58.350,SERVO_OUTPUT_RAW,3173509785,SERVO_OUTPUT_RAW,0,0,0,0,0,0,0,0,1000,1000,1000,1000,0,0,0,0,0
2025-12-15 01:26:58.450,SERVO_OUTPUT_RAW,3173609828,SERVO_OUTPUT_RAW,0,0,0,0,0,0,0,0,1000,1000,1000,1000,0,0,0,0,0
2025-12-15 01:26:58.550,SERVO_OUTPUT_RAW,3173709847,SERVO_OUTPUT_RAW,0,0,0,0,0,0,0,0,1000,1000,1000,1000,0,0,0,0,0
2025-12-15 01:26:58.650,SERVO_OUTPUT_RAW,3173809805,SERVO_OUTPUT_RAW,0,0,0,0,0,0,0,0,1000,1000,1000,1000,0,0,0,0,0
2025-12-15 01:26:58.750,SERVO_OUTPUT_RAW,3173909778,SERVO_OUTPUT_RAW,0,0,0,0,0,0,0,0,1000,1000,1000,1000,0,0,0,0,0
2025-12-15 01:26:58.850,SERVO_OUTPUT_RAW,3174009812,SERVO_OUTPUT_RAW,0,0,0,0,0,0,0,0,1000,1000,1000,1000,0,0,0,0,0
2025-12-15 01:26:58.951,SERVO_OUTPUT_RAW,3174109848,SERVO_OUTPUT_RAW,0,0,0,0,0,0,0,0,1000,1000,1000,1000,0,0,0,0,0
2025-12-15 01:26:59.051,SERVO_OUTPUT_RAW,3174209841,SERVO_OUTPUT_RAW,0,0,0,0,0,0,0,0,1000,1000,1000,1000,0,0,0,0,0
2025-12-15 01:26:59.151,SERVO_OUTPUT_RAW,3174309787,SERVO_OUTPUT_RAW,0,0,0,0,0,0,0,0,1000,1000,1000,1000,0,0,0,0,0
2025-12-15 01:26:59.251,SERVO_OUTPUT_RAW,3174409812,SERVO_OUTPUT_RAW,0,0,0,0,0,0,0,0,1000,1000,1000,1000,0,0,0,0,0
2025-12-15 01:26:59.351,SERVO_OUTPUT_RAW,3174509829,SERVO_OUTPUT_RAW,0,0,0,0,0,0,0,0,1000,1000,1000,1000,0,0,0,0,0
2025-12-15 01:26:59.451,SERVO_OUTPUT_RAW,3174609788,SERVO_OUTPUT_RAW,0,0,0,0,0,0,0,0,1000,1000,1000,1000,0,0,0,0,0
2025-12-15 01:26:59.551,SERVO_OUTPUT_RAW,3174709797,SERVO_OUTPUT_RAW,0,0,0,0,0,0,0,0,1000,1000,1000,1000,0,0,0,0,0
2025-12-15 01:26:59.651,SERVO_OUTPUT_RAW,3174809790,SERVO_OUTPUT_RAW,0,0,0,0,0,0,0,0,1000,1000,1000,1000,0,0,0,0,0
2025-12-15 01:26:59.751,SERVO_OUTPUT_RAW,3174909799,SERVO_OUTPUT_RAW,0,0,0,0,0,0,0,0,1000,1000,1000,1000,0,0,0,0,0
2025-12-15 01:26:59.851,SERVO_OUTPUT_RAW,3175009786,SERVO_OUTPUT_RAW,0,0,0,0,0,0,0,0,1000,1000,1000,1000,0,0,0,0,0
2025-12-15 01:26:59.951,SERVO_OUTPUT_RAW,3175112158,SERVO_OUTPUT_RAW,0,0,0,0,0,0,0,0,1000,1000,1000,1000,0,0,0,0,0
2025-12-15 01:27:00.051,SERVO_OUTPUT_RAW,3175209780,SERVO_OUTPUT_RAW,0,0,0,0,0,0,0,0,1000,1000,1000,1000,0,0,0,0,0
2025-12-15 01:27:00.151,SERVO_OUTPUT_RAW,3175309827,SERVO_OUTPUT_RAW,0,0,0,0,0,0,0,0,1000,1000,1000,1000,0,0,0,0,0
2025-12-15 01:27:00.251,SERVO_OUTPUT_RAW,3175409839,SERVO_OUTPUT_RAW,0,0,0,0,0,0,0,0,1000,1000,1000,1000,0,0,0,0,0
2025-12-15 01:27:00.351,SERVO_OUTPUT_RAW,3175509800,SERVO_OUTPUT_RAW,0,0,0,0,0,0,0,0,1000,1000,1000,1000,0,0,0,0,0
2025-12-15 01:27:00.451,SERVO_OUTPUT_RAW,3175609818,SERVO_OUTPUT_RAW,0,0,0,0,0,0,0,0,1000,1000,1000,1000,0,0,0,0,0
2025-12-15 01:27:00.551,SERVO_OUTPUT_RAW,3175709906,SERVO_OUTPUT_RAW,0,0,0,0,0,0,0,0,1000,1000,1000,1000,0,0,0,0,0
2025-12-15 01:27:00.651,SERVO_OUTPUT_RAW,3175809817,SERVO_OUTPUT_RAW,0,0,0,0,0,0,0,0,1000,1000,1000,1000,0,0,0,0,0
2025-12-15 01:27:00.751,SERVO_OUTPUT_RAW,3175909799,SERVO_OUTPUT_RAW,0,0,0,0,0,0,0,0,1000,1000,1000,1000,0,0,0,0,0
2025-12-15 01:27:00.851,SERVO_OUTPUT_RAW,3176009830,SERVO_OUTPUT_RAW,0,0,0,0,0,0,0,0,1000,1000,1000,1000,0,0,0,0,0
2025-12-15 01:27:00.951,SERVO_OUTPUT_RAW,3176109816,SERVO_OUTPUT_RAW,0,0,0,0,0,0,0,0,1000,1000,1000,1000,0,0,0,0,0
2025-12-15 01:27:01.051,SERVO_OUTPUT_RAW,3176209796,SERVO_OUTPUT_RAW,0,0,0,0,0,0,0,0,1000,1000,1000,1000,0,0,0,0,0
2025-12-15 01:27:01.151,SERVO_OUTPUT_RAW,3176309795,SERVO_OUTPUT_RAW,0,0,0,0,0,0,0,0,1000,1000,1000,1000,0,0,0,0,0
2025-12-15 01:27:01.251,SERVO_OUTPUT_RAW,3176409787,SERVO_OUTPUT_RAW,0,0,0,0,0,0,0,0,1000,1000,1000,1000,0,0,0,0,0
2025-12-15 01:27:01.351,SERVO_OUTPUT_RAW,3176509785,SERVO_OUTPUT_RAW,0,0,0,0,0,0,0,0,1000,1000,1000,1000,0,0,0,0,0
2025-12-15 01:27:01.451,SERVO_OUTPUT_RAW,3176609782,SERVO_OUTPUT_RAW,0,0,0,0,0,0,0,0,1000,1000,1000,1000,0,0,0,0,0
2025-12-15 01:27:01.551,SERVO_OUTPUT_RAW,3176709830,SERVO_OUTPUT_RAW,0,0,0,0,0,0,0,0,1000,1000,1000,1000,0,0,0,0,0
2025-12-15 01:27:01.651,SERVO_OUTPUT_RAW,3176809828,SERVO_OUTPUT_RAW,0,0,0,0,0,0,0,0,1000,1000,1000,1000,0,0,0,0,0
2025-12-15 01:27:01.751,SERVO_OUTPUT_RAW,3176909791,SERVO_OUTPUT_RAW,0,0,0,0,0,0,0,0,1000,1000,1000,1000,0,0,0,0,0
2025-12-15 01:27:01.851,SERVO_OUTPUT_RAW,3177009797,SERVO_OUTPUT_RAW,0,0,0,0,0,0,0,0,1000,1000,1000,1000,0,0,0,0,0
2025-12-15 01:27:01.951,SERVO_OUTPUT_RAW,3177109813,SERVO_OUTPUT_RAW,0,0,0,0,0,0,0,0,1000,1000,1000,1000,0,0,0,0,0
2025-12-15 01:27:02.051,SERVO_OUTPUT_RAW,3177209865,SERVO_OUTPUT_RAW,0,0,0,0,0,0,0,0,1000,1000,1000,1000,0,0,0,0,0
2025-12-15 01:27:02.151,SERVO_OUTPUT_RAW,3177309835,SERVO_OUTPUT_RAW,0,0,0,0,0,0,0,0,1000,1000,1000,1000,0,0,0,0,0
2025-12-15 01:27:02.251,SERVO_OUTPUT_RAW,3177409779,SERVO_OUTPUT_RAW,0,0,0,0,0,0,0,0,1000,1000,1000,1000,0,0,0,0,0
2025-12-15 01:27:02.352,SERVO_OUTPUT_RAW,3177509805,SERVO_OUTPUT_RAW,0,0,0,0,0,0,0,0,1000,1000,1000,1000,0,0,0,0,0
2025-12-15 01:27:02.451,SERVO_OUTPUT_RAW,3177609816,SERVO_OUTPUT_RAW,0,0,0,0,0,0,0,0,1000,1000,1000,1000,0,0,0,0,0
2025-12-15 01:27:02.551,SERVO_OUTPUT_RAW,3177709804,SERVO_OUTPUT_RAW,0,0,0,0,0,0,0,0,1000,1000,1000,1000,0,0,0,0,0
2025-12-15 01:27:02.651,SERVO_OUTPUT_RAW,3177809790,SERVO_OUTPUT_RAW,0,0,0,0,0,0,0,0,1000,1000,1000,1000,0,0,0,0,0
2025-12-15 01:27:02.751,SERVO_OUTPUT_RAW,3177909795,SERVO_OUTPUT_RAW,0,0,0,0,0,0,0,0,1000,1000,1000,1000,0,0,0,0,0
2025-12-15 01:27:02.851,SERVO_OUTPUT_RAW,3178009798,SERVO_OUTPUT_RAW,0,0,0,0,0,0,0,0,1000,1000,1000,1000,0,0,0,0,0
2025-12-15 01:27:02.951,SERVO_OUTPUT_RAW,3178109802,SERVO_OUTPUT_RAW,0,0,0,0,0,0,0,0,1000,1000,1000,1000,0,0,0,0,0
2025-12-15 01:27:03.051,SERVO_OUTPUT_RAW,3178212150,SERVO_OUTPUT_RAW,0,0,0,0,0,0,0,0,1000,1000,1000,1000,0,0,0,0,0
2025-12-15 01:27:03.152,SERVO_OUTPUT_RAW,3178309824,SERVO_OUTPUT_RAW,0,0,0,0,0,0,0,0,1000,1000,1000,1000,0,0,0,0,0
2025-12-15 01:27:03.251,SERVO_OUTPUT_RAW,3178409841,SERVO_OUTPUT_RAW,0,0,0,0,0,0,0,0,1000,1000,1000,1000,0,0,0,0,0
2025-12-15 01:27:03.351,SERVO_OUTPUT_RAW,3178509801,SERVO_OUTPUT_RAW,0,0,0,0,0,0,0,0,1000,1000,1000,1000,0,0,0,0,0
2025-12-15 01:27:03.452,SERVO_OUTPUT_RAW,3178609896,SERVO_OUTPUT_RAW,0,0,0,0,0,0,0,0,1000,1000,1000,1000,0,0,0,0,0
2025-12-15 01:27:03.552,SERVO_OUTPUT_RAW,3178709816,SERVO_OUTPUT_RAW,0,0,0,0,0,0,0,0,1000,1000,1000,1000,0,0,0,0,0
2025-12-15 01:27:03.651,SERVO_OUTPUT_RAW,3178809841,SERVO_OUTPUT_RAW,0,0,0,0,0,0,0,0,1000,1000,1000,1000,0,0,0,0,0
2025-12-15 01:27:03.751,SERVO_OUTPUT_RAW,3178909840,SERVO_OUTPUT_RAW,0,0,0,0,0,0,0,0,1000,1000,1000,1000,0,0,0,0,0
2025-12-15 01:27:03.851,SERVO_OUTPUT_RAW,3179009806,SERVO_OUTPUT_RAW,0,0,0,0,0,0,0,0,1000,1000,1000,1000,0,0,0,0,0
2025-12-15 01:27:03.951,SERVO_OUTPUT_RAW,3179109819,SERVO_OUTPUT_RAW,0,0,0,0,0,0,0,0,1000,1000,1000,1000,0,0,0,0,0
2025-12-15 01:27:04.051,SERVO_OUTPUT_RAW,3179209838,SERVO_OUTPUT_RAW,0,0,0,0,0,0,0,0,1000,1000,1000,1000,0,0,0,0,0
2025-12-15 01:27:04.151,SERVO_OUTPUT_RAW,3179309860,SERVO_OUTPUT_RAW,0,0,0,0,0,0,0,0,1000,1000,1000,1000,0,0,0,0,0
2025-12-15 01:27:04.251,SERVO_OUTPUT_RAW,3179409775,SERVO_OUTPUT_RAW,0,0,0,0,0,0,0,0,1000,1000,1000,1000,0,0,0,0,0
2025-12-15 01:27:04.351,SERVO_OUTPUT_RAW,3179509797,SERVO_OUTPUT_RAW,0,0,0,0,0,0,0,0,1000,1000,1000,1000,0,0,0,0,0
2025-12-15 01:27:04.452,SERVO_OUTPUT_RAW,3179609792,SERVO_OUTPUT_RAW,0,0,0,0,0,0,0,0,1000,1000,1000,1000,0,0,0,0,0
2025-12-15 01:27:04.552,SERVO_OUTPUT_RAW,3179709791,SERVO_OUTPUT_RAW,0,0,0,0,0,0,0,0,1000,1000,1000,1000,0,0,0,0,0
2025-12-15 01:27:04.651,SERVO_OUTPUT_RAW,3179809798,SERVO_OUTPUT_RAW,0,0,0,0,0,0,0,0,1000,1000,1000,1000,0,0,0,0,0
2025-12-15 01:27:04.751,SERVO_OUTPUT_RAW,3179909868,SERVO_OUTPUT_RAW,0,0,0,0,0,0,0,0,1000,1000,1000,1000,0,0,0,0,0
2025-12-15 01:27:04.851,SERVO_OUTPUT_RAW,3180009791,SERVO_OUTPUT_RAW,0,0,0,0,0,0,0,0,1000,1000,1000,1000,0,0,0,0,0
2025-12-15 01:27:04.952,SERVO_OUTPUT_RAW,3180109805,SERVO_OUTPUT_RAW,0,0,0,0,0,0,0,0,1000,1000,1000,1000,0,0,0,0,0
2025-12-15 01:27:05.052,SERVO_OUTPUT_RAW,3180209814,SERVO_OUTPUT_RAW,0,0,0,0,0,0,0,0,1000,1000,1000,1000,0,0,0,0,0
2025-12-15 01:27:05.152,SERVO_OUTPUT_RAW,3180309847,SERVO_OUTPUT_RAW,0,0,0,0,0,0,0,0,1000,1000,1000,1000,0,0,0,0,0
2025-12-15 01:27:05.252,SERVO_OUTPUT_RAW,3180409842,SERVO_OUTPUT_RAW,0,0,0,0,0,0,0,0,1000,1000,1000,1000,0,0,0,0,0
2025-12-15 01:27:05.351,SERVO_OUTPUT_RAW,3180509795,SERVO_OUTPUT_RAW,0,0,0,0,0,0,0,0,1000,1000,1000,1000,0,0,0,0,0
2025-12-15 01:27:05.451,SERVO_OUTPUT_RAW,3180609805,SERVO_OUTPUT_RAW,0,0,0,0,0,0,0,0,1000,1000,1000,1000,0,0,0,0,0
2025-12-15 01:27:05.551,SERVO_OUTPUT_RAW,3180709825,SERVO_OUTPUT_RAW,0,0,0,0,0,0,0,0,1000,1000,1000,1000,0,0,0,0,0
2025-12-15 01:27:05.651,SERVO_OUTPUT_RAW,3180809828,SERVO_OUTPUT_RAW,0,0,0,0,0,0,0,0,1000,1000,1000,1000,0,0,0,0,0
2025-12-15 01:27:05.751,SERVO_OUTPUT_RAW,3180909797,SERVO_OUTPUT_RAW,0,0,0,0,0,0,0,0,1000,1000,1000,1000,0,0,0,0,0
2025-12-15 01:27:05.852,SERVO_OUTPUT_RAW,3181009795,SERVO_OUTPUT_RAW,0,0,0,0,0,0,0,0,1000,1000,1000,1000,0,0,0,0,0
2025-12-15 01:27:05.952,SERVO_OUTPUT_RAW,3181109793,SERVO_OUTPUT_RAW,0,0,0,0,0,0,0,0,1000,1000,1000,1000,0,0,0,0,0
2025-12-15 01:27:06.051,SERVO_OUTPUT_RAW,3181209792,SERVO_OUTPUT_RAW,0,0,0,0,0,0,0,0,1000,1000,1000,1000,0,0,0,0,0
2025-12-15 01:27:06.152,SERVO_OUTPUT_RAW,3181309788,SERVO_OUTPUT_RAW,0,0,0,0,0,0,0,0,1000,1000,1000,1000,0,0,0,0,0
2025-12-15 01:27:06.252,SERVO_OUTPUT_RAW,3181412187,SERVO_OUTPUT_RAW,0,0,0,0,0,0,0,0,1000,1000,1000,1000,0,0,0,0,0
2025-12-15 01:27:06.351,SERVO_OUTPUT_RAW,3181509870,SERVO_OUTPUT_RAW,0,0,0,0,0,0,0,0,1000,1000,1000,1000,0,0,0,0,0
2025-12-15 01:27:06.452,SERVO_OUTPUT_RAW,3181609847,SERVO_OUTPUT_RAW,0,0,0,0,0,0,0,0,1000,1000,1000,1000,0,0,0,0,0
2025-12-15 01:27:06.552,SERVO_OUTPUT_RAW,3181709790,SERVO_OUTPUT_RAW,0,0,0,0,0,0,0,0,1000,1000,1000,1000,0,0,0,0,0
2025-12-15 01:27:06.652,SERVO_OUTPUT_RAW,3181809815,SERVO_OUTPUT_RAW,0,0,0,0,0,0,0,0,1000,1000,1000,1000,0,0,0,0,0
2025-12-15 01:27:06.752,SERVO_OUTPUT_RAW,3181909861,SERVO_OUTPUT_RAW,0,0,0,0,0,0,0,0,1000,1000,1000,1000,0,0,0,0,0
2025-12-15 01:27:06.852,SERVO_OUTPUT_RAW,3182009772,SERVO_OUTPUT_RAW,0,0,0,0,0,0,0,0,1000,1000,1000,1000,0,0,0,0,0
2025-12-15 01:27:06.952,SERVO_OUTPUT_RAW,3182109771,SERVO_OUTPUT_RAW,0,0,0,0,0,0,0,0,1000,1000,1000,1000,0,0,0,0,0
2025-12-15 01:27:07.052,SERVO_OUTPUT_RAW,3182209813,SERVO_OUTPUT_RAW,0,0,0,0,0,0,0,0,1000,1000,1000,1000,0,0,0,0,0
2025-12-15 01:27:07.152,SERVO_OUTPUT_RAW,3182309805,SERVO_OUTPUT_RAW,0,0,0,0,0,0,0,0,1000,1000,1000,1000,0,0,0,0,0
2025-12-15 01:27:07.252,SERVO_OUTPUT_RAW,3182409786,SERVO_OUTPUT_RAW,0,0,0,0,0,0,0,0,1000,1000,1000,1000,0,0,0,0,0
2025-12-15 01:27:07.352,SERVO_OUTPUT_RAW,3182509801,SERVO_OUTPUT_RAW,0,0,0,0,0,0,0,0,1000,1000,1000,1000,0,0,0,0,0
2025-12-15 01:27:07.452,SERVO_OUTPUT_RAW,3182609803,SERVO_OUTPUT_RAW,0,0,0,0,0,0,0,0,1000,1000,1000,1000,0,0,0,0,0
2025-12-15 01:27:07.552,SERVO_OUTPUT_RAW,3182709806,SERVO_OUTPUT_RAW,0,0,0,0,0,0,0,0,1000,1000,1000,1000,0,0,0,0,0
2025-12-15 01:27:07.651,SERVO_OUTPUT_RAW,3182809789,SERVO_OUTPUT_RAW,0,0,0,0,0,0,0,0,1000,1000,1000,1000,0,0,0,0,0
2025-12-15 01:27:07.751,SERVO_OUTPUT_RAW,3182909797,SERVO_OUTPUT_RAW,0,0,0,0,0,0,0,0,1000,1000,1000,1000,0,0,0,0,0
2025-12-15 01:27:07.851,SERVO_OUTPUT_RAW,3183009834,SERVO_OUTPUT_RAW,0,0,0,0,0,0,0,0,1000,1000,1000,1000,0,0,0,0,0
2025-12-15 01:27:07.951,SERVO_OUTPUT_RAW,3183109841,SERVO_OUTPUT_RAW,0,0,0,0,0,0,0,0,1000,1000,1000,1000,0,0,0,0,0
2025-12-15 01:27:08.051,SERVO_OUTPUT_RAW,3183209802,SERVO_OUTPUT_RAW,0,0,0,0,0,0,0,0,1000,1000,1000,1000,0,0,0,0,0
2025-12-15 01:27:08.151,SERVO_OUTPUT_RAW,3183309802,SERVO_OUTPUT_RAW,0,0,0,0,0,0,0,0,1000,1000,1000,1000,0,0,0,0,0
2025-12-15 01:27:08.251,SERVO_OUTPUT_RAW,3183409814,SERVO_OUTPUT_RAW,0,0,0,0,0,0,0,0,1000,1000,1000,1000,0,0,0,0,0
2025-12-15 01:27:08.352,SERVO_OUTPUT_RAW,3183509852,SERVO_OUTPUT_RAW,0,0,0,0,0,0,0,0,1000,1000,1000,1000,0,0,0,0,0
2025-12-15 01:27:08.451,SERVO_OUTPUT_RAW,3183609817,SERVO_OUTPUT_RAW,0,0,0,0,0,0,0,0,1000,1000,1000,1000,0,0,0,0,0
2025-12-15 01:27:08.551,SERVO_OUTPUT_RAW,3183709793,SERVO_OUTPUT_RAW,0,0,0,0,0,0,0,0,1000,1000,1000,1000,0,0,0,0,0
2025-12-15 01:27:08.651,SERVO_OUTPUT_RAW,3183809833,SERVO_OUTPUT_RAW,0,0,0,0,0,0,0,0,1000,1000,1000,1000,0,0,0,0,0
2025-12-15 01:27:08.751,SERVO_OUTPUT_RAW,3183909801,SERVO_OUTPUT_RAW,0,0,0,0,0,0,0,0,1000,1000,1000,1000,0,0,0,0,0
2025-12-15 01:27:08.851,SERVO_OUTPUT_RAW,3184009788,SERVO_OUTPUT_RAW,0,0,0,0,0,0,0,0,1000,1000,1000,1000,0,0,0,0,0
2025-12-15 01:27:08.951,SERVO_OUTPUT_RAW,3184109811,SERVO_OUTPUT_RAW,0,0,0,0,0,0,0,0,1000,1000,1000,1000,0,0,0,0,0
2025-12-15 01:27:09.051,SERVO_OUTPUT_RAW,3184209785,SERVO_OUTPUT_RAW,0,0,0,0,0,0,0,0,1000,1000,1000,1000,0,0,0,0,0
2025-12-15 01:27:09.151,SERVO_OUTPUT_RAW,3184309784,SERVO_OUTPUT_RAW,0,0,0,0,0,0,0,0,1000,1000,1000,1000,0,0,0,0,0
2025-12-15 01:27:09.251,SERVO_OUTPUT_RAW,3184409824,SERVO_OUTPUT_RAW,0,0,0,0,0,0,0,0,1000,1000,1000,1000,0,0,0,0,0
2025-12-15 01:27:09.351,SERVO_OUTPUT_RAW,3184509809,SERVO_OUTPUT_RAW,0,0,0,0,0,0,0,0,1000,1000,1000,1000,0,0,0,0,0
2025-12-15 01:27:09.451,SERVO_OUTPUT_RAW,3184609840,SERVO_OUTPUT_RAW,0,0,0,0,0,0,0,0,1000,1000,1000,1000,0,0,0,0,0
2025-12-15 01:27:09.551,SERVO_OUTPUT_RAW,3184709774,SERVO_OUTPUT_RAW,0,0,0,0,0,0,0,0,1000,1000,1000,1000,0,0,0,0,0
2025-12-15 01:27:09.651,SERVO_OUTPUT_RAW,3184809800,SERVO_OUTPUT_RAW,0,0,0,0,0,0,0,0,1000,1000,1000,1000,0,0,0,0,0
2025-12-15 01:27:09.751,SERVO_OUTPUT_RAW,3184909815,SERVO_OUTPUT_RAW,0,0,0,0,0,0,0,0,1000,1000,1000,1000,0,0,0,0,0
2025-12-15 01:27:09.851,SERVO_OUTPUT_RAW,3185009833,SERVO_OUTPUT_RAW,0,0,0,0,0,0,0,0,1000,1000,1000,1000,0,0,0,0,0
2025-12-15 01:27:09.951,SERVO_OUTPUT_RAW,3185109856,SERVO_OUTPUT_RAW,0,0,0,0,0,0,0,0,1000,1000,1000,1000,0,0,0,0,0
2025-12-15 01:27:10.051,SERVO_OUTPUT_RAW,3185209791,SERVO_OUTPUT_RAW,0,0,0,0,0,0,0,0,1000,1000,1000,1000,0,0,0,0,0
2025-12-15 01:27:10.151,SERVO_OUTPUT_RAW,3185309822,SERVO_OUTPUT_RAW,0,0,0,0,0,0,0,0,1000,1000,1000,1000,0,0,0,0,0
2025-12-15 01:27:10.251,SERVO_OUTPUT_RAW,3185409825,SERVO_OUTPUT_RAW,0,0,0,0,0,0,0,0,1000,1000,1000,1000,0,0,0,0,0
2025-12-15 01:27:10.351,SERVO_OUTPUT_RAW,3185509803,SERVO_OUTPUT_RAW,0,0,0,0,0,0,0,0,1000,1000,1000,1000,0,0,0,0,0
2025-12-15 01:27:10.451,SERVO_OUTPUT_RAW,3185609874,SERVO_OUTPUT_RAW,0,0,0,0,0,0,0,0,1000,1000,1000,1000,0,0,0,0,0
2025-12-15 01:27:10.551,SERVO_OUTPUT_RAW,3185709780,SERVO_OUTPUT_RAW,0,0,0,0,0,0,0,0,1000,1000,1000,1000,0,0,0,0,0
2025-12-15 01:27:10.651,SERVO_OUTPUT_RAW,3185809789,SERVO_OUTPUT_RAW,0,0,0,0,0,0,0,0,1000,1000,1000,1000,0,0,0,0,0
2025-12-15 01:27:10.751,SERVO_OUTPUT_RAW,3185909784,SERVO_OUTPUT_RAW,0,0,0,0,0,0,0,0,1000,1000,1000,1000,0,0,0,0,0
2025-12-15 01:27:10.851,SERVO_OUTPUT_RAW,3186009820,SERVO_OUTPUT_RAW,0,0,0,0,0,0,0,0,1000,1000,1000,1000,0,0,0,0,0
2025-12-15 01:27:10.952,SERVO_OUTPUT_RAW,3186109841,SERVO_OUTPUT_RAW,0,0,0,0,0,0,0,0,1000,1000,1000,1000,0,0,0,0,0
2025-12-15 01:27:11.051,SERVO_OUTPUT_RAW,3186209870,SERVO_OUTPUT_RAW,0,0,0,0,0,0,0,0,1000,1000,1000,1000,0,0,0,0,0
2025-12-15 01:27:11.151,SERVO_OUTPUT_RAW,3186309808,SERVO_OUTPUT_RAW,0,0,0,0,0,0,0,0,1000,1000,1000,1000,0,0,0,0,0
2025-12-15 01:27:11.251,SERVO_OUTPUT_RAW,3186409798,SERVO_OUTPUT_RAW,0,0,0,0,0,0,0,0,1000,1000,1000,1000,0,0,0,0,0
2025-12-15 01:27:11.351,SERVO_OUTPUT_RAW,3186509829,SERVO_OUTPUT_RAW,0,0,0,0,0,0,0,0,1000,1000,1000,1000,0,0,0,0,0
2025-12-15 01:27:11.451,SERVO_OUTPUT_RAW,3186609850,SERVO_OUTPUT_RAW,0,0,0,0,0,0,0,0,1000,1000,1000,1000,0,0,0,0,0
2025-12-15 01:27:11.551,SERVO_OUTPUT_RAW,3186709812,SERVO_OUTPUT_RAW,0,0,0,0,0,0,0,0,1000,1000,1000,1000,0,0,0,0,0
2025-12-15 01:27:11.651,SERVO_OUTPUT_RAW,3186809793,SERVO_OUTPUT_RAW,0,0,0,0,0,0,0,0,1000,1000,1000,1000,0,0,0,0,0
2025-12-15 01:27:11.752,SERVO_OUTPUT_RAW,3186909811,SERVO_OUTPUT_RAW,0,0,0,0,0,0,0,0,1000,1000,1000,1000,0,0,0,0,0
2025-12-15 01:27:11.851,SERVO_OUTPUT_RAW,3187009815,SERVO_OUTPUT_RAW,0,0,0,0,0,0,0,0,1000,1000,1000,1000,0,0,0,0,0
2025-12-15 01:27:11.951,SERVO_OUTPUT_RAW,3187109873,SERVO_OUTPUT_RAW,0,0,0,0,0,0,0,0,1000,1000,1000,1000,0,0,0,0,0
2025-12-15 01:27:12.051,SERVO_OUTPUT_RAW,3187209778,SERVO_OUTPUT_RAW,0,0,0,0,0,0,0,0,1000,1000,1000,1000,0,0,0,0,0
2025-12-15 01:27:12.151,SERVO_OUTPUT_RAW,3187309814,SERVO_OUTPUT_RAW,0,0,0,0,0,0,0,0,1000,1000,1000,1000,0,0,0,0,0
2025-12-15 01:27:12.251,SERVO_OUTPUT_RAW,3187409791,SERVO_OUTPUT_RAW,0,0,0,0,0,0,0,0,1000,1000,1000,1000,0,0,0,0,0
2025-12-15 01:27:12.351,SERVO_OUTPUT_RAW,3187509798,SERVO_OUTPUT_RAW,0,0,0,0,0,0,0,0,1000,1000,1000,1000,0,0,0,0,0
2025-12-15 01:27:12.452,SERVO_OUTPUT_RAW,3187612172,SERVO_OUTPUT_RAW,0,0,0,0,0,0,0,0,1000,1000,1000,1000,0,0,0,0,0
2025-12-15 01:27:12.551,SERVO_OUTPUT_RAW,3187712168,SERVO_OUTPUT_RAW,0,0,0,0,0,0,0,0,1000,1000,1000,1000,0,0,0,0,0
2025-12-15 01:27:12.651,SERVO_OUTPUT_RAW,3187809824,SERVO_OUTPUT_RAW,0,0,0,0,0,0,0,0,1000,1000,1000,1000,0,0,0,0,0
2025-12-15 01:27:12.752,SERVO_OUTPUT_RAW,3187909807,SERVO_OUTPUT_RAW,0,0,0,0,0,0,0,0,1000,1000,1000,1000,0,0,0,0,0
2025-12-15 01:27:12.851,SERVO_OUTPUT_RAW,3188009837,SERVO_OUTPUT_RAW,0,0,0,0,0,0,0,0,1000,1000,1000,1000,0,0,0,0,0
2025-12-15 01:27:12.953,SERVO_OUTPUT_RAW,3188109836,SERVO_OUTPUT_RAW,0,0,0,0,0,0,0,0,1000,1000,1000,1000,0,0,0,0,0
2025-12-15 01:27:13.051,SERVO_OUTPUT_RAW,3188209840,SERVO_OUTPUT_RAW,0,0,0,0,0,0,0,0,1000,1000,1000,1000,0,0,0,0,0
2025-12-15 01:27:13.151,SERVO_OUTPUT_RAW,3188309790,SERVO_OUTPUT_RAW,0,0,0,0,0,0,0,0,1000,1000,1000,1000,0,0,0,0,0
2025-12-15 01:27:13.252,SERVO_OUTPUT_RAW,3188409794,SERVO_OUTPUT_RAW,0,0,0,0,0,0,0,0,1000,1000,1000,1000,0,0,0,0,0
2025-12-15 01:27:13.351,SERVO_OUTPUT_RAW,3188509807,SERVO_OUTPUT_RAW,0,0,0,0,0,0,0,0,1000,1000,1000,1000,0,0,0,0,0
2025-12-15 01:27:13.451,SERVO_OUTPUT_RAW,3188609820,SERVO_OUTPUT_RAW,0,0,0,0,0,0,0,0,1000,1000,1000,1000,0,0,0,0,0
2025-12-15 01:27:13.552,SERVO_OUTPUT_RAW,3188709779,SERVO_OUTPUT_RAW,0,0,0,0,0,0,0,0,1000,1000,1000,1000,0,0,0,0,0
2025-12-15 01:27:13.652,SERVO_OUTPUT_RAW,3188809782,SERVO_OUTPUT_RAW,0,0,0,0,0,0,0,0,1000,1000,1000,1000,0,0,0,0,0
2025-12-15 01:27:13.751,SERVO_OUTPUT_RAW,3188909800,SERVO_OUTPUT_RAW,0,0,0,0,0,0,0,0,1000,1000,1000,1000,0,0,0,0,0
2025-12-15 01:27:13.851,SERVO_OUTPUT_RAW,3189009790,SERVO_OUTPUT_RAW,0,0,0,0,0,0,0,0,1000,1000,1000,1000,0,0,0,0,0
2025-12-15 01:27:13.952,SERVO_OUTPUT_RAW,3189109792,SERVO_OUTPUT_RAW,0,0,0,0,0,0,0,0,1000,1000,1000,1000,0,0,0,0,0
2025-12-15 01:27:14.052,SERVO_OUTPUT_RAW,3189209829,SERVO_OUTPUT_RAW,0,0,0,0,0,0,0,0,1000,1000,1000,1000,0,0,0,0,0
2025-12-15 01:27:14.152,SERVO_OUTPUT_RAW,3189309842,SERVO_OUTPUT_RAW,0,0,0,0,0,0,0,0,1000,1000,1000,1000,0,0,0,0,0
2025-12-15 01:27:14.252,SERVO_OUTPUT_RAW,3189409807,SERVO_OUTPUT_RAW,0,0,0,0,0,0,0,0,1000,1000,1000,1000,0,0,0,0,0
2025-12-15 01:27:14.352,SERVO_OUTPUT_RAW,3189509786,SERVO_OUTPUT_RAW,0,0,0,0,0,0,0,0,1000,1000,1000,1000,0,0,0,0,0
2025-12-15 01:27:14.452,SERVO_OUTPUT_RAW,3189609835,SERVO_OUTPUT_RAW,0,0,0,0,0,0,0,0,1000,1000,1000,1000,0,0,0,0,0
2025-12-15 01:27:14.552,SERVO_OUTPUT_RAW,3189709839,SERVO_OUTPUT_RAW,0,0,0,0,0,0,0,0,1000,1000,1000,1000,0,0,0,0,0
2025-12-15 01:27:14.652,SERVO_OUTPUT_RAW,3189809850,SERVO_OUTPUT_RAW,0,0,0,0,0,0,0,0,1000,1000,1000,1000,0,0,0,0,0
2025-12-15 01:27:14.752,SERVO_OUTPUT_RAW,3189909789,SERVO_OUTPUT_RAW,0,0,0,0,0,0,0,0,1000,1000,1000,1000,0,0,0,0,0
2025-12-15 01:27:14.852,SERVO_OUTPUT_RAW,3190009810,SERVO_OUTPUT_RAW,0,0,0,0,0,0,0,0,1000,1000,1000,1000,0,0,0,0,0
2025-12-15 01:27:14.952,SERVO_OUTPUT_RAW,3190109825,SERVO_OUTPUT_RAW,0,0,0,0,0,0,0,0,1000,1000,1000,1000,0,0,0,0,0
2025-12-15 01:27:15.052,SERVO_OUTPUT_RAW,3190209789,SERVO_OUTPUT_RAW,0,0,0,0,0,0,0,0,1000,1000,1000,1000,0,0,0,0,0
2025-12-15 01:27:15.152,SERVO_OUTPUT_RAW,3190309791,SERVO_OUTPUT_RAW,0,0,0,0,0,0,0,0,1000,1000,1000,1000,0,0,0,0,0
2025-12-15 01:27:15.252,SERVO_OUTPUT_RAW,3190409795,SERVO_OUTPUT_RAW,0,0,0,0,0,0,0,0,1000,1000,1000,1000,0,0,0,0,0
2025-12-15 01:27:15.352,SERVO_OUTPUT_RAW,3190509785,SERVO_OUTPUT_RAW,0,0,0,0,0,0,0,0,1000,1000,1000,1000,0,0,0,0,0
2025-12-15 01:27:15.452,SERVO_OUTPUT_RAW,3190612154,SERVO_OUTPUT_RAW,0,0,0,0,0,0,0,0,1000,1000,1000,1000,0,0,0,0,0
2025-12-15 01:27:15.552,SERVO_OUTPUT_RAW,3190709793,SERVO_OUTPUT_RAW,0,0,0,0,0,0,0,0,1000,1000,1000,1000,0,0,0,0,0
2025-12-15 01:27:15.652,SERVO_OUTPUT_RAW,3190809822,SERVO_OUTPUT_RAW,0,0,0,0,0,0,0,0,1000,1000,1000,1000,0,0,0,0,0
2025-12-15 01:27:15.752,SERVO_OUTPUT_RAW,3190909828,SERVO_OUTPUT_RAW,0,0,0,0,0,0,0,0,1000,1000,1000,1000,0,0,0,0,0
2025-12-15 01:27:15.852,SERVO_OUTPUT_RAW,3191009802,SERVO_OUTPUT_RAW,0,0,0,0,0,0,0,0,1000,1000,1000,1000,0,0,0,0,0
2025-12-15 01:27:15.952,SERVO_OUTPUT_RAW,3191109825,SERVO_OUTPUT_RAW,0,0,0,0,0,0,0,0,1000,1000,1000,1000,0,0,0,0,0
2025-12-15 01:27:16.052,SERVO_OUTPUT_RAW,3191209834,SERVO_OUTPUT_RAW,0,0,0,0,0,0,0,0,1000,1000,1000,1000,0,0,0,0,0
2025-12-15 01:27:16.152,SERVO_OUTPUT_RAW,3191309840,SERVO_OUTPUT_RAW,0,0,0,0,0,0,0,0,1000,1000,1000,1000,0,0,0,0,0
2025-12-15 01:27:16.252,SERVO_OUTPUT_RAW,3191409813,SERVO_OUTPUT_RAW,0,0,0,0,0,0,0,0,1000,1000,1000,1000,0,0,0,0,0
2025-12-15 01:27:16.352,SERVO_OUTPUT_RAW,3191509784,SERVO_OUTPUT_RAW,0,0,0,0,0,0,0,0,1000,1000,1000,1000,0,0,0,0,0
2025-12-15 01:27:16.452,SERVO_OUTPUT_RAW,3191609839,SERVO_OUTPUT_RAW,0,0,0,0,0,0,0,0,1000,1000,1000,1000,0,0,0,0,0
2025-12-15 01:27:16.553,SERVO_OUTPUT_RAW,3191709813,SERVO_OUTPUT_RAW,0,0,0,0,0,0,0,0,1000,1000,1000,1000,0,0,0,0,0
2025-12-15 01:27:16.652,SERVO_OUTPUT_RAW,3191809778,SERVO_OUTPUT_RAW,0,0,0,0,0,0,0,0,1000,1000,1000,1000,0,0,0,0,0
2025-12-15 01:27:16.752,SERVO_OUTPUT_RAW,3191909845,SERVO_OUTPUT_RAW,0,0,0,0,0,0,0,0,1000,1000,1000,1000,0,0,0,0,0
2025-12-15 01:27:16.853,SERVO_OUTPUT_RAW,3192009788,SERVO_OUTPUT_RAW,0,0,0,0,0,0,0,0,1000,1000,1000,1000,0,0,0,0,0
2025-12-15 01:27:16.952,SERVO_OUTPUT_RAW,3192109788,SERVO_OUTPUT_RAW,0,0,0,0,0,0,0,0,1000,1000,1000,1000,0,0,0,0,0
2025-12-15 01:27:17.051,SERVO_OUTPUT_RAW,3192212107,SERVO_OUTPUT_RAW,0,0,0,0,0,0,0,0,1000,1000,1000,1000,0,0,0,0,0
2025-12-15 01:27:17.152,SERVO_OUTPUT_RAW,3192309814,SERVO_OUTPUT_RAW,0,0,0,0,0,0,0,0,1000,1000,1000,1000,0,0,0,0,0
2025-12-15 01:27:17.251,SERVO_OUTPUT_RAW,3192409830,SERVO_OUTPUT_RAW,0,0,0,0,0,0,0,0,1000,1000,1000,1000,0,0,0,0,0
2025-12-15 01:27:17.351,SERVO_OUTPUT_RAW,3192512144,SERVO_OUTPUT_RAW,0,0,0,0,0,0,0,0,1000,1000,1000,1000,0,0,0,0,0
2025-12-15 01:27:17.485,SERVO_OUTPUT_RAW,3192609776,SERVO_OUTPUT_RAW,0,0,0,0,0,0,0,0,1000,1000,1000,1000,0,0,0,0,0
2025-12-15 01:27:17.551,SERVO_OUTPUT_RAW,3192709816,SERVO_OUTPUT_RAW,0,0,0,0,0,0,0,0,1000,1000,1000,1000,0,0,0,0,0
2025-12-15 01:27:17.652,SERVO_OUTPUT_RAW,3192809837,SERVO_OUTPUT_RAW,0,0,0,0,0,0,0,0,1000,1000,1000,1000,0,0,0,0,0
2025-12-15 01:27:17.752,SERVO_OUTPUT_RAW,3192909849,SERVO_OUTPUT_RAW,0,0,0,0,0,0,0,0,1000,1000,1000,1000,0,0,0,0,0
2025-12-15 01:27:17.851,SERVO_OUTPUT_RAW,3193009794,SERVO_OUTPUT_RAW,0,0,0,0,0,0,0,0,1000,1000,1000,1000,0,0,0,0,0
2025-12-15 01:27:17.951,SERVO_OUTPUT_RAW,3193109820,SERVO_OUTPUT_RAW,0,0,0,0,0,0,0,0,1000,1000,1000,1000,0,0,0,0,0
2025-12-15 01:27:18.051,SERVO_OUTPUT_RAW,3193209809,SERVO_OUTPUT_RAW,0,0,0,0,0,0,0,0,1000,1000,1000,1000,0,0,0,0,0
2025-12-15 01:27:18.151,SERVO_OUTPUT_RAW,3193309814,SERVO_OUTPUT_RAW,0,0,0,0,0,0,0,0,1000,1000,1000,1000,0,0,0,0,0
2025-12-15 01:27:18.251,SERVO_OUTPUT_RAW,3193409791,SERVO_OUTPUT_RAW,0,0,0,0,0,0,0,0,1000,1000,1000,1000,0,0,0,0,0
2025-12-15 01:27:18.351,SERVO_OUTPUT_RAW,3193509795,SERVO_OUTPUT_RAW,0,0,0,0,0,0,0,0,1000,1000,1000,1000,0,0,0,0,0
2025-12-15 01:27:18.451,SERVO_OUTPUT_RAW,3193609775,SERVO_OUTPUT_RAW,0,0,0,0,0,0,0,0,1000,1000,1000,1000,0,0,0,0,0
2025-12-15 01:27:18.551,SERVO_OUTPUT_RAW,3193709788,SERVO_OUTPUT_RAW,0,0,0,0,0,0,0,0,1000,1000,1000,1000,0,0,0,0,0
2025-12-15 01:27:18.651,SERVO_OUTPUT_RAW,3193809788,SERVO_OUTPUT_RAW,0,0,0,0,0,0,0,0,1000,1000,1000,1000,0,0,0,0,0
2025-12-15 01:27:18.751,SERVO_OUTPUT_RAW,3193909820,SERVO_OUTPUT_RAW,0,0,0,0,0,0,0,0,1000,1000,1000,1000,0,0,0,0,0
2025-12-15 01:27:18.851,SERVO_OUTPUT_RAW,3194012139,SERVO_OUTPUT_RAW,0,0,0,0,0,0,0,0,1000,1000,1000,1000,0,0,0,0,0
2025-12-15 01:27:18.951,SERVO_OUTPUT_RAW,3194109863,SERVO_OUTPUT_RAW,0,0,0,0,0,0,0,0,1000,1000,1000,1000,0,0,0,0,0
2025-12-15 01:27:19.051,SERVO_OUTPUT_RAW,3194209790,SERVO_OUTPUT_RAW,0,0,0,0,0,0,0,0,1000,1000,1000,1000,0,0,0,0,0
2025-12-15 01:27:19.151,SERVO_OUTPUT_RAW,3194309931,SERVO_OUTPUT_RAW,0,0,0,0,0,0,0,0,1000,1000,1000,1000,0,0,0,0,0
2025-12-15 01:27:19.251,SERVO_OUTPUT_RAW,3194409837,SERVO_OUTPUT_RAW,0,0,0,0,0,0,0,0,1000,1000,1000,1000,0,0,0,0,0
2025-12-15 01:27:19.351,SERVO_OUTPUT_RAW,3194509780,SERVO_OUTPUT_RAW,0,0,0,0,0,0,0,0,1000,1000,1000,1000,0,0,0,0,0
2025-12-15 01:27:19.452,SERVO_OUTPUT_RAW,3194609792,SERVO_OUTPUT_RAW,0,0,0,0,0,0,0,0,1000,1000,1000,1000,0,0,0,0,0
2025-12-15 01:27:19.552,SERVO_OUTPUT_RAW,3194709822,SERVO_OUTPUT_RAW,0,0,0,0,0,0,0,0,1000,1000,1000,1000,0,0,0,0,0
2025-12-15 01:27:19.651,SERVO_OUTPUT_RAW,3194809811,SERVO_OUTPUT_RAW,0,0,0,0,0,0,0,0,1000,1000,1000,1000,0,0,0,0,0
2025-12-15 01:27:19.751,SERVO_OUTPUT_RAW,3194909787,SERVO_OUTPUT_RAW,0,0,0,0,0,0,0,0,1000,1000,1000,1000,0,0,0,0,0
2025-12-15 01:27:19.851,SERVO_OUTPUT_RAW,3195009788,SERVO_OUTPUT_RAW,0,0,0,0,0,0,0,0,1000,1000,1000,1000,0,0,0,0,0
2025-12-15 01:27:19.952,SERVO_OUTPUT_RAW,3195109814,SERVO_OUTPUT_RAW,0,0,0,0,0,0,0,0,1000,1000,1000,1000,0,0,0,0,0
2025-12-15 01:27:20.051,SERVO_OUTPUT_RAW,3195209813,SERVO_OUTPUT_RAW,0,0,0,0,0,0,0,0,1000,1000,1000,1000,0,0,0,0,0
2025-12-15 01:27:20.152,SERVO_OUTPUT_RAW,3195309790,SERVO_OUTPUT_RAW,0,0,0,0,0,0,0,0,1000,1000,1000,1000,0,0,0,0,0
2025-12-15 01:27:20.252,SERVO_OUTPUT_RAW,3195409808,SERVO_OUTPUT_RAW,0,0,0,0,0,0,0,0,1000,1000,1000,1000,0,0,0,0,0
2025-12-15 01:27:20.351,SERVO_OUTPUT_RAW,3195509831,SERVO_OUTPUT_RAW,0,0,0,0,0,0,0,0,1000,1000,1000,1000,0,0,0,0,0
2025-12-15 01:27:20.451,SERVO_OUTPUT_RAW,3195609844,SERVO_OUTPUT_RAW,0,0,0,0,0,0,0,0,1000,1000,1000,1000,0,0,0,0,0
2025-12-15 01:27:20.551,SERVO_OUTPUT_RAW,3195709801,SERVO_OUTPUT_RAW,0,0,0,0,0,0,0,0,1000,1000,1000,1000,0,0,0,0,0
2025-12-15 01:27:20.651,SERVO_OUTPUT_RAW,3195809793,SERVO_OUTPUT_RAW,0,0,0,0,0,0,0,0,1000,1000,1000,1000,0,0,0,0,0
2025-12-15 01:27:20.752,SERVO_OUTPUT_RAW,3195909841,SERVO_OUTPUT_RAW,0,0,0,0,0,0,0,0,1000,1000,1000,1000,0,0,0,0,0
2025-12-15 01:27:20.852,SERVO_OUTPUT_RAW,3196009869,SERVO_OUTPUT_RAW,0,0,0,0,0,0,0,0,1000,1000,1000,1000,0,0,0,0,0
2025-12-15 01:27:20.951,SERVO_OUTPUT_RAW,3196109800,SERVO_OUTPUT_RAW,0,0,0,0,0,0,0,0,1000,1000,1000,1000,0,0,0,0,0
2025-12-15 01:27:21.052,SERVO_OUTPUT_RAW,3196209799,SERVO_OUTPUT_RAW,0,0,0,0,0,0,0,0,1000,1000,1000,1000,0,0,0,0,0
2025-12-15 01:27:21.152,SERVO_OUTPUT_RAW,3196309823,SERVO_OUTPUT_RAW,0,0,0,0,0,0,0,0,1000,1000,1000,1000,0,0,0,0,0
2025-12-15 01:27:21.251,SERVO_OUTPUT_RAW,3196409845,SERVO_OUTPUT_RAW,0,0,0,0,0,0,0,0,1000,1000,1000,1000,0,0,0,0,0
2025-12-15 01:27:21.352,SERVO_OUTPUT_RAW,3196509790,SERVO_OUTPUT_RAW,0,0,0,0,0,0,0,0,1000,1000,1000,1000,0,0,0,0,0
2025-12-15 01:27:21.452,SERVO_OUTPUT_RAW,3196609800,SERVO_OUTPUT_RAW,0,0,0,0,0,0,0,0,1000,1000,1000,1000,0,0,0,0,0
2025-12-15 01:27:21.551,SERVO_OUTPUT_RAW,3196709779,SERVO_OUTPUT_RAW,0,0,0,0,0,0,0,0,1000,1000,1000,1000,0,0,0,0,0
2025-12-15 01:27:21.652,SERVO_OUTPUT_RAW,3196809786,SERVO_OUTPUT_RAW,0,0,0,0,0,0,0,0,1000,1000,1000,1000,0,0,0,0,0
2025-12-15 01:27:21.752,SERVO_OUTPUT_RAW,3196909783,SERVO_OUTPUT_RAW,0,0,0,0,0,0,0,0,1000,1000,1000,1000,0,0,0,0,0
2025-12-15 01:27:21.852,SERVO_OUTPUT_RAW,3197009855,SERVO_OUTPUT_RAW,0,0,0,0,0,0,0,0,1000,1000,1000,1000,0,0,0,0,0
2025-12-15 01:27:21.952,SERVO_OUTPUT_RAW,3197109843,SERVO_OUTPUT_RAW,0,0,0,0,0,0,0,0,1000,1000,1000,1000,0,0,0,0,0
2025-12-15 01:27:22.052,SERVO_OUTPUT_RAW,3197209791,SERVO_OUTPUT_RAW,0,0,0,0,0,0,0,0,1000,1000,1000,1000,0,0,0,0,0
2025-12-15 01:27:22.152,SERVO_OUTPUT_RAW,3197309822,SERVO_OUTPUT_RAW,0,0,0,0,0,0,0,0,1000,1000,1000,1000,0,0,0,0,0
2025-12-15 01:27:22.252,SERVO_OUTPUT_RAW,3197409838,SERVO_OUTPUT_RAW,0,0,0,0,0,0,0,0,1000,1000,1000,1000,0,0,0,0,0
2025-12-15 01:27:22.352,SERVO_OUTPUT_RAW,3197509856,SERVO_OUTPUT_RAW,0,0,0,0,0,0,0,0,1000,1000,1000,1000,0,0,0,0,0
2025-12-15 01:27:22.452,SERVO_OUTPUT_RAW,3197609850,SERVO_OUTPUT_RAW,0,0,0,0,0,0,0,0,1000,1000,1000,1000,0,0,0,0,0
2025-12-15 01:27:22.552,SERVO_OUTPUT_RAW,3197709787,SERVO_OUTPUT_RAW,0,0,0,0,0,0,0,0,1000,1000,1000,1000,0,0,0,0,0
2025-12-15 01:27:22.652,SERVO_OUTPUT_RAW,3197809804,SERVO_OUTPUT_RAW,0,0,0,0,0,0,0,0,1000,1000,1000,1000,0,0,0,0,0
2025-12-15 01:27:22.753,SERVO_OUTPUT_RAW,3197909823,SERVO_OUTPUT_RAW,0,0,0,0,0,0,0,0,1000,1000,1000,1000,0,0,0,0,0
2025-12-15 01:27:22.853,SERVO_OUTPUT_RAW,3198009835,SERVO_OUTPUT_RAW,0,0,0,0,0,0,0,0,1000,1000,1000,1000,0,0,0,0,0
2025-12-15 01:27:22.952,SERVO_OUTPUT_RAW,3198109776,SERVO_OUTPUT_RAW,0,0,0,0,0,0,0,0,1000,1000,1000,1000,0,0,0,0,0
2025-12-15 01:27:23.052,SERVO_OUTPUT_RAW,3198209845,SERVO_OUTPUT_RAW,0,0,0,0,0,0,0,0,1000,1000,1000,1000,0,0,0,0,0
2025-12-15 01:27:23.152,SERVO_OUTPUT_RAW,3198309783,SERVO_OUTPUT_RAW,0,0,0,0,0,0,0,0,1000,1000,1000,1000,0,0,0,0,0
2025-12-15 01:27:23.252,SERVO_OUTPUT_RAW,3198409792,SERVO_OUTPUT_RAW,0,0,0,0,0,0,0,0,1000,1000,1000,1000,0,0,0,0,0
2025-12-15 01:27:23.352,SERVO_OUTPUT_RAW,3198509792,SERVO_OUTPUT_RAW,0,0,0,0,0,0,0,0,1000,1000,1000,1000,0,0,0,0,0
2025-12-15 01:27:23.452,SERVO_OUTPUT_RAW,3198609827,SERVO_OUTPUT_RAW,0,0,0,0,0,0,0,0,1000,1000,1000,1000,0,0,0,0,0
2025-12-15 01:27:23.552,SERVO_OUTPUT_RAW,3198709846,SERVO_OUTPUT_RAW,0,0,0,0,0,0,0,0,1000,1000,1000,1000,0,0,0,0,0
2025-12-15 01:27:23.652,SERVO_OUTPUT_RAW,3198809894,SERVO_OUTPUT_RAW,0,0,0,0,0,0,0,0,1000,1000,1000,1000,0,0,0,0,0
2025-12-15 01:27:23.752,SERVO_OUTPUT_RAW,3198909812,SERVO_OUTPUT_RAW,0,0,0,0,0,0,0,0,1000,1000,1000,1000,0,0,0,0,0
2025-12-15 01:27:23.853,SERVO_OUTPUT_RAW,3199009829,SERVO_OUTPUT_RAW,0,0,0,0,0,0,0,0,1000,1000,1000,1000,0,0,0,0,0
2025-12-15 01:27:23.952,SERVO_OUTPUT_RAW,3199109837,SERVO_OUTPUT_RAW,0,0,0,0,0,0,0,0,1000,1000,1000,1000,0,0,0,0,0
2025-12-15 01:27:24.052,SERVO_OUTPUT_RAW,3199209793,SERVO_OUTPUT_RAW,0,0,0,0,0,0,0,0,1000,1000,1000,1000,0,0,0,0,0
2025-12-15 01:27:24.152,SERVO_OUTPUT_RAW,3199309819,SERVO_OUTPUT_RAW,0,0,0,0,0,0,0,0,1000,1000,1000,1000,0,0,0,0,0
2025-12-15 01:27:24.252,SERVO_OUTPUT_RAW,3199409817,SERVO_OUTPUT_RAW,0,0,0,0,0,0,0,0,1000,1000,1000,1000,0,0,0,0,0
2025-12-15 01:27:24.352,SERVO_OUTPUT_RAW,3199509830,SERVO_OUTPUT_RAW,0,0,0,0,0,0,0,0,1000,1000,1000,1000,0,0,0,0,0
2025-12-15 01:27:24.452,SERVO_OUTPUT_RAW,3199609784,SERVO_OUTPUT_RAW,0,0,0,0,0,0,0,0,1000,1000,1000,1000,0,0,0,0,0
2025-12-15 01:27:24.552,SERVO_OUTPUT_RAW,3199709797,SERVO_OUTPUT_RAW,0,0,0,0,0,0,0,0,1000,1000,1000,1000,0,0,0,0,0
2025-12-15 01:27:24.652,SERVO_OUTPUT_RAW,3199809802,SERVO_OUTPUT_RAW,0,0,0,0,0,0,0,0,1000,1000,1000,1000,0,0,0,0,0
2025-12-15 01:27:24.752,SERVO_OUTPUT_RAW,3199909791,SERVO_OUTPUT_RAW,0,0,0,0,0,0,0,0,1000,1000,1000,1000,0,0,0,0,0
2025-12-15 01:27:24.852,SERVO_OUTPUT_RAW,3200009795,SERVO_OUTPUT_RAW,0,0,0,0,0,0,0,0,1000,1000,1000,1000,0,0,0,0,0
2025-12-15 01:27:24.952,SERVO_OUTPUT_RAW,3200109807,SERVO_OUTPUT_RAW,0,0,0,0,0,0,0,0,1000,1000,1000,1000,0,0,0,0,0
2025-12-15 01:27:25.052,SERVO_OUTPUT_RAW,3200209830,SERVO_OUTPUT_RAW,0,0,0,0,0,0,0,0,1000,1000,1000,1000,0,0,0,0,0
2025-12-15 01:27:25.152,SERVO_OUTPUT_RAW,3200312154,SERVO_OUTPUT_RAW,0,0,0,0,0,0,0,0,1000,1000,1000,1000,0,0,0,0,0
2025-12-15 01:27:25.252,SERVO_OUTPUT_RAW,3200409805,SERVO_OUTPUT_RAW,0,0,0,0,0,0,0,0,1000,1000,1000,1000,0,0,0,0,0
2025-12-15 01:27:25.352,SERVO_OUTPUT_RAW,3200509824,SERVO_OUTPUT_RAW,0,0,0,0,0,0,0,0,1000,1000,1000,1000,0,0,0,0,0
2025-12-15 01:27:25.452,SERVO_OUTPUT_RAW,3200609861,SERVO_OUTPUT_RAW,0,0,0,0,0,0,0,0,1000,1000,1000,1000,0,0,0,0,0
2025-12-15 01:27:25.552,SERVO_OUTPUT_RAW,3200709845,SERVO_OUTPUT_RAW,0,0,0,0,0,0,0,0,1000,1000,1000,1000,0,0,0,0,0
2025-12-15 01:27:25.652,SERVO_OUTPUT_RAW,3200809788,SERVO_OUTPUT_RAW,0,0,0,0,0,0,0,0,1000,1000,1000,1000,0,0,0,0,0
2025-12-15 01:27:25.752,SERVO_OUTPUT_RAW,3200909819,SERVO_OUTPUT_RAW,0,0,0,0,0,0,0,0,1000,1000,1000,1000,0,0,0,0,0
2025-12-15 01:27:25.852,SERVO_OUTPUT_RAW,3201009829,SERVO_OUTPUT_RAW,0,0,0,0,0,0,0,0,1000,1000,1000,1000,0,0,0,0,0
2025-12-15 01:27:25.953,SERVO_OUTPUT_RAW,3201109800,SERVO_OUTPUT_RAW,0,0,0,0,0,0,0,0,1000,1000,1000,1000,0,0,0,0,0
2025-12-15 01:27:26.052,SERVO_OUTPUT_RAW,3201209775,SERVO_OUTPUT_RAW,0,0,0,0,0,0,0,0,1000,1000,1000,1000,0,0,0,0,0
2025-12-15 01:27:26.152,SERVO_OUTPUT_RAW,3201309785,SERVO_OUTPUT_RAW,0,0,0,0,0,0,0,0,1000,1000,1000,1000,0,0,0,0,0
2025-12-15 01:27:26.253,SERVO_OUTPUT_RAW,3201409792,SERVO_OUTPUT_RAW,0,0,0,0,0,0,0,0,1000,1000,1000,1000,0,0,0,0,0
2025-12-15 01:27:26.352,SERVO_OUTPUT_RAW,3201509813,SERVO_OUTPUT_RAW,0,0,0,0,0,0,0,0,1000,1000,1000,1000,0,0,0,0,0
2025-12-15 01:27:26.452,SERVO_OUTPUT_RAW,3201609785,SERVO_OUTPUT_RAW,0,0,0,0,0,0,0,0,1000,1000,1000,1000,0,0,0,0,0
2025-12-15 01:27:26.552,SERVO_OUTPUT_RAW,3201709825,SERVO_OUTPUT_RAW,0,0,0,0,0,0,0,0,1000,1000,1000,1000,0,0,0,0,0
2025-12-15 01:27:26.652,SERVO_OUTPUT_RAW,3201809825,SERVO_OUTPUT_RAW,0,0,0,0,0,0,0,0,1000,1000,1000,1000,0,0,0,0,0
2025-12-15 01:27:26.753,SERVO_OUTPUT_RAW,3201909799,SERVO_OUTPUT_RAW,0,0,0,0,0,0,0,0,1000,1000,1000,1000,0,0,0,0,0
2025-12-15 01:27:26.852,SERVO_OUTPUT_RAW,3202009793,SERVO_OUTPUT_RAW,0,0,0,0,0,0,0,0,1000,1000,1000,1000,0,0,0,0,0
2025-12-15 01:27:26.952,SERVO_OUTPUT_RAW,3202109816,SERVO_OUTPUT_RAW,0,0,0,0,0,0,0,0,1000,1000,1000,1000,0,0,0,0,0
2025-12-15 01:27:27.053,SERVO_OUTPUT_RAW,3202209870,SERVO_OUTPUT_RAW,0,0,0,0,0,0,0,0,1000,1000,1000,1000,0,0,0,0,0
2025-12-15 01:27:27.152,SERVO_OUTPUT_RAW,3202309782,SERVO_OUTPUT_RAW,0,0,0,0,0,0,0,0,1000,1000,1000,1000,0,0,0,0,0
2025-12-15 01:27:27.253,SERVO_OUTPUT_RAW,3202409799,SERVO_OUTPUT_RAW,0,0,0,0,0,0,0,0,1000,1000,1000,1000,0,0,0,0,0
2025-12-15 01:27:27.353,SERVO_OUTPUT_RAW,3202509814,SERVO_OUTPUT_RAW,0,0,0,0,0,0,0,0,1000,1000,1000,1000,0,0,0,0,0
2025-12-15 01:27:27.454,SERVO_OUTPUT_RAW,3202609799,SERVO_OUTPUT_RAW,0,0,0,0,0,0,0,0,1000,1000,1000,1000,0,0,0,0,0
2025-12-15 01:27:27.552,SERVO_OUTPUT_RAW,3202709781,SERVO_OUTPUT_RAW,0,0,0,0,0,0,0,0,1000,1000,1000,1000,0,0,0,0,0
2025-12-15 01:27:27.651,SERVO_OUTPUT_RAW,3202809778,SERVO_OUTPUT_RAW,0,0,0,0,0,0,0,0,1000,1000,1000,1000,0,0,0,0,0
2025-12-15 01:27:27.752,SERVO_OUTPUT_RAW,3202909794,SERVO_OUTPUT_RAW,0,0,0,0,0,0,0,0,1000,1000,1000,1000,0,0,0,0,0
2025-12-15 01:27:27.852,SERVO_OUTPUT_RAW,3203009795,SERVO_OUTPUT_RAW,0,0,0,0,0,0,0,0,1000,1000,1000,1000,0,0,0,0,0
2025-12-15 01:27:27.952,SERVO_OUTPUT_RAW,3203109785,SERVO_OUTPUT_RAW,0,0,0,0,0,0,0,0,1000,1000,1000,1000,0,0,0,0,0
2025-12-15 01:27:28.052,SERVO_OUTPUT_RAW,3203209803,SERVO_OUTPUT_RAW,0,0,0,0,0,0,0,0,1000,1000,1000,1000,0,0,0,0,0
2025-12-15 01:27:28.152,SERVO_OUTPUT_RAW,3203309852,SERVO_OUTPUT_RAW,0,0,0,0,0,0,0,0,1000,1000,1000,1000,0,0,0,0,0
2025-12-15 01:27:28.252,SERVO_OUTPUT_RAW,3203409840,SERVO_OUTPUT_RAW,0,0,0,0,0,0,0,0,1000,1000,1000,1000,0,0,0,0,0
2025-12-15 01:27:28.352,SERVO_OUTPUT_RAW,3203509805,SERVO_OUTPUT_RAW,0,0,0,0,0,0,0,0,1000,1000,1000,1000,0,0,0,0,0
2025-12-15 01:27:28.452,SERVO_OUTPUT_RAW,3203609817,SERVO_OUTPUT_RAW,0,0,0,0,0,0,0,0,1000,1000,1000,1000,0,0,0,0,0
2025-12-15 01:27:28.552,SERVO_OUTPUT_RAW,3203709825,SERVO_OUTPUT_RAW,0,0,0,0,0,0,0,0,1000,1000,1000,1000,0,0,0,0,0
2025-12-15 01:27:28.652,SERVO_OUTPUT_RAW,3203809877,SERVO_OUTPUT_RAW,0,0,0,0,0,0,0,0,1000,1000,1000,1000,0,0,0,0,0
2025-12-15 01:27:28.752,SERVO_OUTPUT_RAW,3203909815,SERVO_OUTPUT_RAW,0,0,0,0,0,0,0,0,1000,1000,1000,1000,0,0,0,0,0
2025-12-15 01:27:28.852,SERVO_OUTPUT_RAW,3204009803,SERVO_OUTPUT_RAW,0,0,0,0,0,0,0,0,1000,1000,1000,1000,0,0,0,0,0
2025-12-15 01:27:28.952,SERVO_OUTPUT_RAW,3204109820,SERVO_OUTPUT_RAW,0,0,0,0,0,0,0,0,1000,1000,1000,1000,0,0,0,0,0
2025-12-15 01:27:29.052,SERVO_OUTPUT_RAW,3204209815,SERVO_OUTPUT_RAW,0,0,0,0,0,0,0,0,1000,1000,1000,1000,0,0,0,0,0
2025-12-15 01:27:29.152,SERVO_OUTPUT_RAW,3204309777,SERVO_OUTPUT_RAW,0,0,0,0,0,0,0,0,1000,1000,1000,1000,0,0,0,0,0
2025-12-15 01:27:29.252,SERVO_OUTPUT_RAW,3204409797,SERVO_OUTPUT_RAW,0,0,0,0,0,0,0,0,1000,1000,1000,1000,0,0,0,0,0
2025-12-15 01:27:29.352,SERVO_OUTPUT_RAW,3204509848,SERVO_OUTPUT_RAW,0,0,0,0,0,0,0,0,1000,1000,1000,1000,0,0,0,0,0
2025-12-15 01:27:29.452,SERVO_OUTPUT_RAW,3204609807,SERVO_OUTPUT_RAW,0,0,0,0,0,0,0,0,1000,1000,1000,1000,0,0,0,0,0
2025-12-15 01:27:29.552,SERVO_OUTPUT_RAW,3204709791,SERVO_OUTPUT_RAW,0,0,0,0,0,0,0,0,1000,1000,1000,1000,0,0,0,0,0
2025-12-15 01:27:29.652,SERVO_OUTPUT_RAW,3204812141,SERVO_OUTPUT_RAW,0,0,0,0,0,0,0,0,1000,1000,1000,1000,0,0,0,0,0
2025-12-15 01:27:29.752,SERVO_OUTPUT_RAW,3204909842,SERVO_OUTPUT_RAW,0,0,0,0,0,0,0,0,1000,1000,1000,1000,0,0,0,0,0
2025-12-15 01:27:29.852,SERVO_OUTPUT_RAW,3205009859,SERVO_OUTPUT_RAW,0,0,0,0,0,0,0,0,1000,1000,1000,1000,0,0,0,0,0
2025-12-15 01:27:29.952,SERVO_OUTPUT_RAW,3205109829,SERVO_OUTPUT_RAW,0,0,0,0,0,0,0,0,1000,1000,1000,1000,0,0,0,0,0
2025-12-15 01:27:30.052,SERVO_OUTPUT_RAW,3205209818,SERVO_OUTPUT_RAW,0,0,0,0,0,0,0,0,1000,1000,1000,1000,0,0,0,0,0
2025-12-15 01:27:30.152,SERVO_OUTPUT_RAW,3205309841,SERVO_OUTPUT_RAW,0,0,0,0,0,0,0,0,1000,1000,1000,1000,0,0,0,0,0
2025-12-15 01:27:30.252,SERVO_OUTPUT_RAW,3205409850,SERVO_OUTPUT_RAW,0,0,0,0,0,0,0,0,1000,1000,1000,1000,0,0,0,0,0
2025-12-15 01:27:30.352,SERVO_OUTPUT_RAW,3205509787,SERVO_OUTPUT_RAW,0,0,0,0,0,0,0,0,1000,1000,1000,1000,0,0,0,0,0
2025-12-15 01:27:30.452,SERVO_OUTPUT_RAW,3205609803,SERVO_OUTPUT_RAW,0,0,0,0,0,0,0,0,1000,1000,1000,1000,0,0,0,0,0
2025-12-15 01:27:30.552,SERVO_OUTPUT_RAW,3205709819,SERVO_OUTPUT_RAW,0,0,0,0,0,0,0,0,1000,1000,1000,1000,0,0,0,0,0
2025-12-15 01:27:30.652,SERVO_OUTPUT_RAW,3205809785,SERVO_OUTPUT_RAW,0,0,0,0,0,0,0,0,1000,1000,1000,1000,0,0,0,0,0
2025-12-15 01:27:30.752,SERVO_OUTPUT_RAW,3205909770,SERVO_OUTPUT_RAW,0,0,0,0,0,0,0,0,1000,1000,1000,1000,0,0,0,0,0
2025-12-15 01:27:30.852,SERVO_OUTPUT_RAW,3206009802,SERVO_OUTPUT_RAW,0,0,0,0,0,0,0,0,1000,1000,1000,1000,0,0,0,0,0
2025-12-15 01:27:30.952,SERVO_OUTPUT_RAW,3206109796,SERVO_OUTPUT_RAW,0,0,0,0,0,0,0,0,1000,1000,1000,1000,0,0,0,0,0
2025-12-15 01:27:31.052,SERVO_OUTPUT_RAW,3206209781,SERVO_OUTPUT_RAW,0,0,0,0,0,0,0,0,1000,1000,1000,1000,0,0,0,0,0
2025-12-15 01:27:31.152,SERVO_OUTPUT_RAW,3206309814,SERVO_OUTPUT_RAW,0,0,0,0,0,0,0,0,1000,1000,1000,1000,0,0,0,0,0
2025-12-15 01:27:31.252,SERVO_OUTPUT_RAW,3206409847,SERVO_OUTPUT_RAW,0,0,0,0,0,0,0,0,1000,1000,1000,1000,0,0,0,0,0
2025-12-15 01:27:31.352,SERVO_OUTPUT_RAW,3206509856,SERVO_OUTPUT_RAW,0,0,0,0,0,0,0,0,1000,1000,1000,1000,0,0,0,0,0
2025-12-15 01:27:31.452,SERVO_OUTPUT_RAW,3206612185,SERVO_OUTPUT_RAW,0,0,0,0,0,0,0,0,1000,1000,1000,1000,0,0,0,0,0
2025-12-15 01:27:31.552,SERVO_OUTPUT_RAW,3206709887,SERVO_OUTPUT_RAW,0,0,0,0,0,0,0,0,1000,1000,1000,1000,0,0,0,0,0
2025-12-15 01:27:31.652,SERVO_OUTPUT_RAW,3206809819,SERVO_OUTPUT_RAW,0,0,0,0,0,0,0,0,1000,1000,1000,1000,0,0,0,0,0
2025-12-15 01:27:31.752,SERVO_OUTPUT_RAW,3206909854,SERVO_OUTPUT_RAW,0,0,0,0,0,0,0,0,1000,1000,1000,1000,0,0,0,0,0
2025-12-15 01:27:31.852,SERVO_OUTPUT_RAW,3207009776,SERVO_OUTPUT_RAW,0,0,0,0,0,0,0,0,1000,1000,1000,1000,0,0,0,0,0
2025-12-15 01:27:31.952,SERVO_OUTPUT_RAW,3207109787,SERVO_OUTPUT_RAW,0,0,0,0,0,0,0,0,1000,1000,1000,1000,0,0,0,0,0
2025-12-15 01:27:32.052,SERVO_OUTPUT_RAW,3207209812,SERVO_OUTPUT_RAW,0,0,0,0,0,0,0,0,1000,1000,1000,1000,0,0,0,0,0
2025-12-15 01:27:32.152,SERVO_OUTPUT_RAW,3207309815,SERVO_OUTPUT_RAW,0,0,0,0,0,0,0,0,1000,1000,1000,1000,0,0,0,0,0
2025-12-15 01:27:32.252,SERVO_OUTPUT_RAW,3207409792,SERVO_OUTPUT_RAW,0,0,0,0,0,0,0,0,1000,1000,1000,1000,0,0,0,0,0
2025-12-15 01:27:32.352,SERVO_OUTPUT_RAW,3207509781,SERVO_OUTPUT_RAW,0,0,0,0,0,0,0,0,1000,1000,1000,1000,0,0,0,0,0
2025-12-15 01:27:32.452,SERVO_OUTPUT_RAW,3207609797,SERVO_OUTPUT_RAW,0,0,0,0,0,0,0,0,1000,1000,1000,1000,0,0,0,0,0
2025-12-15 01:27:32.553,SERVO_OUTPUT_RAW,3207709811,SERVO_OUTPUT_RAW,0,0,0,0,0,0,0,0,1000,1000,1000,1000,0,0,0,0,0
2025-12-15 01:27:32.652,SERVO_OUTPUT_RAW,3207809811,SERVO_OUTPUT_RAW,0,0,0,0,0,0,0,0,1000,1000,1000,1000,0,0,0,0,0
2025-12-15 01:27:32.753,SERVO_OUTPUT_RAW,3207909828,SERVO_OUTPUT_RAW,0,0,0,0,0,0,0,0,1000,1000,1000,1000,0,0,0,0,0
2025-12-15 01:27:32.853,SERVO_OUTPUT_RAW,3208009859,SERVO_OUTPUT_RAW,0,0,0,0,0,0,0,0,1000,1000,1000,1000,0,0,0,0,0
2025-12-15 01:27:32.952,SERVO_OUTPUT_RAW,3208109796,SERVO_OUTPUT_RAW,0,0,0,0,0,0,0,0,1000,1000,1000,1000,0,0,0,0,0
2025-12-15 01:27:33.052,SERVO_OUTPUT_RAW,3208209776,SERVO_OUTPUT_RAW,0,0,0,0,0,0,0,0,1000,1000,1000,1000,0,0,0,0,0
2025-12-15 01:27:33.152,SERVO_OUTPUT_RAW,3208309803,SERVO_OUTPUT_RAW,0,0,0,0,0,0,0,0,1000,1000,1000,1000,0,0,0,0,0
2025-12-15 01:27:33.252,SERVO_OUTPUT_RAW,3208409846,SERVO_OUTPUT_RAW,0,0,0,0,0,0,0,0,1000,1000,1000,1000,0,0,0,0,0
2025-12-15 01:27:33.353,SERVO_OUTPUT_RAW,3208509848,SERVO_OUTPUT_RAW,0,0,0,0,0,0,0,0,1000,1000,1000,1000,0,0,0,0,0
2025-12-15 01:27:33.452,SERVO_OUTPUT_RAW,3208609786,SERVO_OUTPUT_RAW,0,0,0,0,0,0,0,0,1000,1000,1000,1000,0,0,0,0,0
2025-12-15 01:27:33.552,SERVO_OUTPUT_RAW,3208709819,SERVO_OUTPUT_RAW,0,0,0,0,0,0,0,0,1000,1000,1000,1000,0,0,0,0,0
2025-12-15 01:27:33.652,SERVO_OUTPUT_RAW,3208809820,SERVO_OUTPUT_RAW,0,0,0,0,0,0,0,0,1000,1000,1000,1000,0,0,0,0,0
2025-12-15 01:27:33.752,SERVO_OUTPUT_RAW,3208909815,SERVO_OUTPUT_RAW,0,0,0,0,0,0,0,0,1000,1000,1000,1000,0,0,0,0,0
2025-12-15 01:27:33.853,SERVO_OUTPUT_RAW,3209009791,SERVO_OUTPUT_RAW,0,0,0,0,0,0,0,0,1000,1000,1000,1000,0,0,0,0,0
2025-12-15 01:27:33.952,SERVO_OUTPUT_RAW,3209109778,SERVO_OUTPUT_RAW,0,0,0,0,0,0,0,0,1000,1000,1000,1000,0,0,0,0,0
2025-12-15 01:27:34.052,SERVO_OUTPUT_RAW,3209209780,SERVO_OUTPUT_RAW,0,0,0,0,0,0,0,0,1000,1000,1000,1000,0,0,0,0,0
2025-12-15 01:27:34.152,SERVO_OUTPUT_RAW,3209309781,SERVO_OUTPUT_RAW,0,0,0,0,0,0,0,0,1000,1000,1000,1000,0,0,0,0,0
2025-12-15 01:27:34.253,SERVO_OUTPUT_RAW,3209409793,SERVO_OUTPUT_RAW,0,0,0,0,0,0,0,0,1000,1000,1000,1000,0,0,0,0,0
2025-12-15 01:27:34.352,SERVO_OUTPUT_RAW,3209509835,SERVO_OUTPUT_RAW,0,0,0,0,0,0,0,0,1000,1000,1000,1000,0,0,0,0,0
2025-12-15 01:27:34.452,SERVO_OUTPUT_RAW,3209612188,SERVO_OUTPUT_RAW,0,0,0,0,0,0,0,0,1000,1000,1000,1000,0,0,0,0,0
2025-12-15 01:27:34.552,SERVO_OUTPUT_RAW,3209709822,SERVO_OUTPUT_RAW,0,0,0,0,0,0,0,0,1000,1000,1000,1000,0,0,0,0,0
2025-12-15 01:27:34.652,SERVO_OUTPUT_RAW,3209809806,SERVO_OUTPUT_RAW,0,0,0,0,0,0,0,0,1000,1000,1000,1000,0,0,0,0,0
2025-12-15 01:27:34.753,SERVO_OUTPUT_RAW,3209909819,SERVO_OUTPUT_RAW,0,0,0,0,0,0,0,0,1000,1000,1000,1000,0,0,0,0,0
2025-12-15 01:27:34.852,SERVO_OUTPUT_RAW,3210009852,SERVO_OUTPUT_RAW,0,0,0,0,0,0,0,0,1000,1000,1000,1000,0,0,0,0,0
2025-12-15 01:27:34.953,SERVO_OUTPUT_RAW,3210109832,SERVO_OUTPUT_RAW,0,0,0,0,0,0,0,0,1000,1000,1000,1000,0,0,0,0,0
2025-12-15 01:27:35.052,SERVO_OUTPUT_RAW,3210209774,SERVO_OUTPUT_RAW,0,0,0,0,0,0,0,0,1000,1000,1000,1000,0,0,0,0,0
2025-12-15 01:27:35.152,SERVO_OUTPUT_RAW,3210309822,SERVO_OUTPUT_RAW,0,0,0,0,0,0,0,0,1000,1000,1000,1000,0,0,0,0,0
2025-12-15 01:27:35.252,SERVO_OUTPUT_RAW,3210409825,SERVO_OUTPUT_RAW,0,0,0,0,0,0,0,0,1000,1000,1000,1000,0,0,0,0,0
2025-12-15 01:27:35.352,SERVO_OUTPUT_RAW,3210509795,SERVO_OUTPUT_RAW,0,0,0,0,0,0,0,0,1000,1000,1000,1000,0,0,0,0,0
2025-12-15 01:27:35.452,SERVO_OUTPUT_RAW,3210609816,SERVO_OUTPUT_RAW,0,0,0,0,0,0,0,0,1000,1000,1000,1000,0,0,0,0,0
2025-12-15 01:27:35.552,SERVO_OUTPUT_RAW,3210709797,SERVO_OUTPUT_RAW,0,0,0,0,0,0,0,0,1000,1000,1000,1000,0,0,0,0,0
2025-12-15 01:27:35.652,SERVO_OUTPUT_RAW,3210809845,SERVO_OUTPUT_RAW,0,0,0,0,0,0,0,0,1000,1000,1000,1000,0,0,0,0,0
2025-12-15 01:27:35.752,SERVO_OUTPUT_RAW,3210909827,SERVO_OUTPUT_RAW,0,0,0,0,0,0,0,0,1000,1000,1000,1000,0,0,0,0,0
2025-12-15 01:27:35.852,SERVO_OUTPUT_RAW,3211009780,SERVO_OUTPUT_RAW,0,0,0,0,0,0,0,0,1000,1000,1000,1000,0,0,0,0,0
2025-12-15 01:27:35.952,SERVO_OUTPUT_RAW,3211109823,SERVO_OUTPUT_RAW,0,0,0,0,0,0,0,0,1000,1000,1000,1000,0,0,0,0,0
2025-12-15 01:27:36.052,SERVO_OUTPUT_RAW,3211209776,SERVO_OUTPUT_RAW,0,0,0,0,0,0,0,0,1000,1000,1000,1000,0,0,0,0,0
2025-12-15 01:27:36.152,SERVO_OUTPUT_RAW,3211309779,SERVO_OUTPUT_RAW,0,0,0,0,0,0,0,0,1000,1000,1000,1000,0,0,0,0,0
2025-12-15 01:27:36.253,SERVO_OUTPUT_RAW,3211409838,SERVO_OUTPUT_RAW,0,0,0,0,0,0,0,0,1000,1000,1000,1000,0,0,0,0,0
2025-12-15 01:27:36.353,SERVO_OUTPUT_RAW,3211509817,SERVO_OUTPUT_RAW,0,0,0,0,0,0,0,0,1000,1000,1000,1000,0,0,0,0,0
2025-12-15 01:27:36.453,SERVO_OUTPUT_RAW,3211609838,SERVO_OUTPUT_RAW,0,0,0,0,0,0,0,0,1000,1000,1000,1000,0,0,0,0,0
2025-12-15 01:27:36.553,SERVO_OUTPUT_RAW,3211709813,SERVO_OUTPUT_RAW,0,0,0,0,0,0,0,0,1000,1000,1000,1000,0,0,0,0,0
2025-12-15 01:27:36.653,SERVO_OUTPUT_RAW,3211809792,SERVO_OUTPUT_RAW,0,0,0,0,0,0,0,0,1000,1000,1000,1000,0,0,0,0,0
2025-12-15 01:27:36.753,SERVO_OUTPUT_RAW,3211909844,SERVO_OUTPUT_RAW,0,0,0,0,0,0,0,0,1000,1000,1000,1000,0,0,0,0,0
2025-12-15 01:27:36.853,SERVO_OUTPUT_RAW,3212009816,SERVO_OUTPUT_RAW,0,0,0,0,0,0,0,0,1000,1000,1000,1000,0,0,0,0,0
2025-12-15 01:27:36.953,SERVO_OUTPUT_RAW,3212109785,SERVO_OUTPUT_RAW,0,0,0,0,0,0,0,0,1000,1000,1000,1000,0,0,0,0,0
2025-12-15 01:27:37.052,SERVO_OUTPUT_RAW,3212209781,SERVO_OUTPUT_RAW,0,0,0,0,0,0,0,0,1000,1000,1000,1000,0,0,0,0,0
2025-12-15 01:27:37.153,SERVO_OUTPUT_RAW,3212309789,SERVO_OUTPUT_RAW,0,0,0,0,0,0,0,0,1000,1000,1000,1000,0,0,0,0,0
2025-12-15 01:27:37.252,SERVO_OUTPUT_RAW,3212409783,SERVO_OUTPUT_RAW,0,0,0,0,0,0,0,0,1000,1000,1000,1000,0,0,0,0,0
2025-12-15 01:27:37.352,SERVO_OUTPUT_RAW,3212509797,SERVO_OUTPUT_RAW,0,0,0,0,0,0,0,0,1000,1000,1000,1000,0,0,0,0,0
2025-12-15 01:27:37.452,SERVO_OUTPUT_RAW,3212609803,SERVO_OUTPUT_RAW,0,0,0,0,0,0,0,0,1000,1000,1000,1000,0,0,0,0,0
2025-12-15 01:27:37.552,SERVO_OUTPUT_RAW,3212709818,SERVO_OUTPUT_RAW,0,0,0,0,0,0,0,0,1000,1000,1000,1000,0,0,0,0,0
2025-12-15 01:27:37.652,SERVO_OUTPUT_RAW,3212809778,SERVO_OUTPUT_RAW,0,0,0,0,0,0,0,0,1000,1000,1000,1000,0,0,0,0,0
2025-12-15 01:27:37.752,SERVO_OUTPUT_RAW,3212912168,SERVO_OUTPUT_RAW,0,0,0,0,0,0,0,0,1000,1000,1000,1000,0,0,0,0,0
2025-12-15 01:27:37.852,SERVO_OUTPUT_RAW,3213009836,SERVO_OUTPUT_RAW,0,0,0,0,0,0,0,0,1000,1000,1000,1000,0,0,0,0,0
2025-12-15 01:27:37.952,SERVO_OUTPUT_RAW,3213109842,SERVO_OUTPUT_RAW,0,0,0,0,0,0,0,0,1000,1000,1000,1000,0,0,0,0,0
2025-12-15 01:27:38.052,SERVO_OUTPUT_RAW,3213209853,SERVO_OUTPUT_RAW,0,0,0,0,0,0,0,0,1000,1000,1000,1000,0,0,0,0,0
2025-12-15 01:27:38.152,SERVO_OUTPUT_RAW,3213309786,SERVO_OUTPUT_RAW,0,0,0,0,0,0,0,0,1000,1000,1000,1000,0,0,0,0,0
2025-12-15 01:27:38.252,SERVO_OUTPUT_RAW,3213409811,SERVO_OUTPUT_RAW,0,0,0,0,0,0,0,0,1000,1000,1000,1000,0,0,0,0,0
2025-12-15 01:27:38.352,SERVO_OUTPUT_RAW,3213509834,SERVO_OUTPUT_RAW,0,0,0,0,0,0,0,0,1000,1000,1000,1000,0,0,0,0,0
2025-12-15 01:27:38.452,SERVO_OUTPUT_RAW,3213609780,SERVO_OUTPUT_RAW,0,0,0,0,0,0,0,0,1000,1000,1000,1000,0,0,0,0,0
2025-12-15 01:27:38.552,SERVO_OUTPUT_RAW,3213709777,SERVO_OUTPUT_RAW,0,0,0,0,0,0,0,0,1000,1000,1000,1000,0,0,0,0,0
2025-12-15 01:27:38.652,SERVO_OUTPUT_RAW,3213809786,SERVO_OUTPUT_RAW,0,0,0,0,0,0,0,0,1000,1000,1000,1000,0,0,0,0,0
2025-12-15 01:27:38.752,SERVO_OUTPUT_RAW,3213909784,SERVO_OUTPUT_RAW,0,0,0,0,0,0,0,0,1000,1000,1000,1000,0,0,0,0,0
2025-12-15 01:27:38.852,SERVO_OUTPUT_RAW,3214009787,SERVO_OUTPUT_RAW,0,0,0,0,0,0,0,0,1000,1000,1000,1000,0,0,0,0,0
2025-12-15 01:27:38.952,SERVO_OUTPUT_RAW,3214109802,SERVO_OUTPUT_RAW,0,0,0,0,0,0,0,0,1000,1000,1000,1000,0,0,0,0,0
2025-12-15 01:27:39.052,SERVO_OUTPUT_RAW,3214209827,SERVO_OUTPUT_RAW,0,0,0,0,0,0,0,0,1000,1000,1000,1000,0,0,0,0,0
2025-12-15 01:27:39.152,SERVO_OUTPUT_RAW,3214309861,SERVO_OUTPUT_RAW,0,0,0,0,0,0,0,0,1000,1000,1000,1000,0,0,0,0,0
2025-12-15 01:27:39.252,SERVO_OUTPUT_RAW,3214409863,SERVO_OUTPUT_RAW,0,0,0,0,0,0,0,0,1000,1000,1000,1000,0,0,0,0,0
2025-12-15 01:27:39.352,SERVO_OUTPUT_RAW,3214509810,SERVO_OUTPUT_RAW,0,0,0,0,0,0,0,0,1000,1000,1000,1000,0,0,0,0,0
2025-12-15 01:27:39.452,SERVO_OUTPUT_RAW,3214609823,SERVO_OUTPUT_RAW,0,0,0,0,0,0,0,0,1000,1000,1000,1000,0,0,0,0,0
2025-12-15 01:27:39.552,SERVO_OUTPUT_RAW,3214709838,SERVO_OUTPUT_RAW,0,0,0,0,0,0,0,0,1000,1000,1000,1000,0,0,0,0,0
2025-12-15 01:27:39.652,SERVO_OUTPUT_RAW,3214809809,SERVO_OUTPUT_RAW,0,0,0,0,0,0,0,0,1000,1000,1000,1000,0,0,0,0,0
2025-12-15 01:27:39.752,SERVO_OUTPUT_RAW,3214909780,SERVO_OUTPUT_RAW,0,0,0,0,0,0,0,0,1000,1000,1000,1000,0,0,0,0,0
2025-12-15 01:27:39.852,SERVO_OUTPUT_RAW,3215009829,SERVO_OUTPUT_RAW,0,0,0,0,0,0,0,0,1000,1000,1000,1000,0,0,0,0,0
2025-12-15 01:27:39.952,SERVO_OUTPUT_RAW,3215109809,SERVO_OUTPUT_RAW,0,0,0,0,0,0,0,0,1000,1000,1000,1000,0,0,0,0,0
2025-12-15 01:27:40.053,SERVO_OUTPUT_RAW,3215209780,SERVO_OUTPUT_RAW,0,0,0,0,0,0,0,0,1000,1000,1000,1000,0,0,0,0,0
2025-12-15 01:27:40.157,SERVO_OUTPUT_RAW,3215309791,SERVO_OUTPUT_RAW,0,0,0,0,0,0,0,0,1000,1000,1000,1000,0,0,0,0,0
2025-12-15 01:27:40.252,SERVO_OUTPUT_RAW,3215409808,SERVO_OUTPUT_RAW,0,0,0,0,0,0,0,0,1000,1000,1000,1000,0,0,0,0,0
2025-12-15 01:27:40.352,SERVO_OUTPUT_RAW,3215509798,SERVO_OUTPUT_RAW,0,0,0,0,0,0,0,0,1000,1000,1000,1000,0,0,0,0,0
2025-12-15 01:27:40.452,SERVO_OUTPUT_RAW,3215609790,SERVO_OUTPUT_RAW,0,0,0,0,0,0,0,0,1000,1000,1000,1000,0,0,0,0,0
2025-12-15 01:27:40.552,SERVO_OUTPUT_RAW,3215709798,SERVO_OUTPUT_RAW,0,0,0,0,0,0,0,0,1000,1000,1000,1000,0,0,0,0,0
2025-12-15 01:27:40.652,SERVO_OUTPUT_RAW,3215809846,SERVO_OUTPUT_RAW,0,0,0,0,0,0,0,0,1000,1000,1000,1000,0,0,0,0,0
2025-12-15 01:27:40.752,SERVO_OUTPUT_RAW,3215912137,SERVO_OUTPUT_RAW,0,0,0,0,0,0,0,0,1000,1000,1000,1000,0,0,0,0,0
2025-12-15 01:27:40.852,SERVO_OUTPUT_RAW,3216009800,SERVO_OUTPUT_RAW,0,0,0,0,0,0,0,0,1000,1000,1000,1000,0,0,0,0,0
2025-12-15 01:27:40.952,SERVO_OUTPUT_RAW,3216109799,SERVO_OUTPUT_RAW,0,0,0,0,0,0,0,0,1000,1000,1000,1000,0,0,0,0,0
2025-12-15 01:27:41.052,SERVO_OUTPUT_RAW,3216209822,SERVO_OUTPUT_RAW,0,0,0,0,0,0,0,0,1000,1000,1000,1000,0,0,0,0,0
2025-12-15 01:27:41.152,SERVO_OUTPUT_RAW,3216309843,SERVO_OUTPUT_RAW,0,0,0,0,0,0,0,0,1000,1000,1000,1000,0,0,0,0,0
2025-12-15 01:27:41.253,SERVO_OUTPUT_RAW,3216409803,SERVO_OUTPUT_RAW,0,0,0,0,0,0,0,0,1000,1000,1000,1000,0,0,0,0,0
2025-12-15 01:27:41.352,SERVO_OUTPUT_RAW,3216509793,SERVO_OUTPUT_RAW,0,0,0,0,0,0,0,0,1000,1000,1000,1000,0,0,0,0,0
2025-12-15 01:27:41.452,SERVO_OUTPUT_RAW,3216609821,SERVO_OUTPUT_RAW,0,0,0,0,0,0,0,0,1000,1000,1000,1000,0,0,0,0,0
2025-12-15 01:27:41.552,SERVO_OUTPUT_RAW,3216709824,SERVO_OUTPUT_RAW,0,0,0,0,0,0,0,0,1000,1000,1000,1000,0,0,0,0,0
2025-12-15 01:27:41.652,SERVO_OUTPUT_RAW,3216809800,SERVO_OUTPUT_RAW,0,0,0,0,0,0,0,0,1000,1000,1000,1000,0,0,0,0,0
2025-12-15 01:27:41.752,SERVO_OUTPUT_RAW,3216909782,SERVO_OUTPUT_RAW,0,0,0,0,0,0,0,0,1000,1000,1000,1000,0,0,0,0,0
2025-12-15 01:27:41.852,SERVO_OUTPUT_RAW,3217009785,SERVO_OUTPUT_RAW,0,0,0,0,0,0,0,0,1000,1000,1000,1000,0,0,0,0,0
2025-12-15 01:27:41.952,SERVO_OUTPUT_RAW,3217109843,SERVO_OUTPUT_RAW,0,0,0,0,0,0,0,0,1000,1000,1000,1000,0,0,0,0,0
2025-12-15 01:27:42.052,SERVO_OUTPUT_RAW,3217209789,SERVO_OUTPUT_RAW,0,0,0,0,0,0,0,0,1000,1000,1000,1000,0,0,0,0,0
2025-12-15 01:27:42.152,SERVO_OUTPUT_RAW,3217309831,SERVO_OUTPUT_RAW,0,0,0,0,0,0,0,0,1000,1000,1000,1000,0,0,0,0,0
2025-12-15 01:27:42.253,SERVO_OUTPUT_RAW,3217409789,SERVO_OUTPUT_RAW,0,0,0,0,0,0,0,0,1000,1000,1000,1000,0,0,0,0,0
2025-12-15 01:27:42.352,SERVO_OUTPUT_RAW,3217509788,SERVO_OUTPUT_RAW,0,0,0,0,0,0,0,0,1000,1000,1000,1000,0,0,0,0,0
2025-12-15 01:27:42.453,SERVO_OUTPUT_RAW,3217609785,SERVO_OUTPUT_RAW,0,0,0,0,0,0,0,0,1000,1000,1000,1000,0,0,0,0,0
2025-12-15 01:27:42.552,SERVO_OUTPUT_RAW,3217709835,SERVO_OUTPUT_RAW,0,0,0,0,0,0,0,0,1000,1000,1000,1000,0,0,0,0,0
2025-12-15 01:27:42.652,SERVO_OUTPUT_RAW,3217809846,SERVO_OUTPUT_RAW,0,0,0,0,0,0,0,0,1000,1000,1000,1000,0,0,0,0,0
2025-12-15 01:27:42.753,SERVO_OUTPUT_RAW,3217909852,SERVO_OUTPUT_RAW,0,0,0,0,0,0,0,0,1000,1000,1000,1000,0,0,0,0,0
2025-12-15 01:27:42.852,SERVO_OUTPUT_RAW,3218009785,SERVO_OUTPUT_RAW,0,0,0,0,0,0,0,0,1000,1000,1000,1000,0,0,0,0,0
2025-12-15 01:27:42.952,SERVO_OUTPUT_RAW,3218109807,SERVO_OUTPUT_RAW,0,0,0,0,0,0,0,0,1000,1000,1000,1000,0,0,0,0,0
2025-12-15 01:27:43.052,SERVO_OUTPUT_RAW,3218209815,SERVO_OUTPUT_RAW,0,0,0,0,0,0,0,0,1000,1000,1000,1000,0,0,0,0,0
2025-12-15 01:27:43.152,SERVO_OUTPUT_RAW,3218309792,SERVO_OUTPUT_RAW,0,0,0,0,0,0,0,0,1000,1000,1000,1000,0,0,0,0,0
2025-12-15 01:27:43.252,SERVO_OUTPUT_RAW,3218409783,SERVO_OUTPUT_RAW,0,0,0,0,0,0,0,0,1000,1000,1000,1000,0,0,0,0,0
2025-12-15 01:27:43.353,SERVO_OUTPUT_RAW,3218509792,SERVO_OUTPUT_RAW,0,0,0,0,0,0,0,0,1000,1000,1000,1000,0,0,0,0,0
2025-12-15 01:27:43.452,SERVO_OUTPUT_RAW,3218609807,SERVO_OUTPUT_RAW,0,0,0,0,0,0,0,0,1000,1000,1000,1000,0,0,0,0,0
2025-12-15 01:27:43.552,SERVO_OUTPUT_RAW,3218712105,SERVO_OUTPUT_RAW,0,0,0,0,0,0,0,0,1000,1000,1000,1000,0,0,0,0,0
2025-12-15 01:27:43.654,SERVO_OUTPUT_RAW,3218809793,SERVO_OUTPUT_RAW,0,0,0,0,0,0,0,0,1000,1000,1000,1000,0,0,0,0,0
2025-12-15 01:27:43.753,SERVO_OUTPUT_RAW,3218909831,SERVO_OUTPUT_RAW,0,0,0,0,0,0,0,0,1000,1000,1000,1000,0,0,0,0,0
2025-12-15 01:27:43.853,SERVO_OUTPUT_RAW,3219009835,SERVO_OUTPUT_RAW,0,0,0,0,0,0,0,0,1000,1000,1000,1000,0,0,0,0,0
2025-12-15 01:27:43.953,SERVO_OUTPUT_RAW,3219109796,SERVO_OUTPUT_RAW,0,0,0,0,0,0,0,0,1000,1000,1000,1000,0,0,0,0,0
2025-12-15 01:27:44.053,SERVO_OUTPUT_RAW,3219212167,SERVO_OUTPUT_RAW,0,0,0,0,0,0,0,0,1000,1000,1000,1000,0,0,0,0,0
2025-12-15 01:27:44.153,SERVO_OUTPUT_RAW,3219309878,SERVO_OUTPUT_RAW,0,0,0,0,0,0,0,0,1000,1000,1000,1000,0,0,0,0,0
2025-12-15 01:27:44.253,SERVO_OUTPUT_RAW,3219409846,SERVO_OUTPUT_RAW,0,0,0,0,0,0,0,0,1000,1000,1000,1000,0,0,0,0,0
2025-12-15 01:27:44.353,SERVO_OUTPUT_RAW,3219509842,SERVO_OUTPUT_RAW,0,0,0,0,0,0,0,0,1000,1000,1000,1000,0,0,0,0,0
2025-12-15 01:27:44.453,SERVO_OUTPUT_RAW,3219609808,SERVO_OUTPUT_RAW,0,0,0,0,0,0,0,0,1000,1000,1000,1000,0,0,0,0,0
2025-12-15 01:27:44.553,SERVO_OUTPUT_RAW,3219709815,SERVO_OUTPUT_RAW,0,0,0,0,0,0,0,0,1000,1000,1000,1000,0,0,0,0,0
2025-12-15 01:27:44.653,SERVO_OUTPUT_RAW,3219809831,SERVO_OUTPUT_RAW,0,0,0,0,0,0,0,0,1000,1000,1000,1000,0,0,0,0,0
2025-12-15 01:27:44.753,SERVO_OUTPUT_RAW,3219909783,SERVO_OUTPUT_RAW,0,0,0,0,0,0,0,0,1000,1000,1000,1000,0,0,0,0,0
2025-12-15 01:27:44.853,SERVO_OUTPUT_RAW,3220009796,SERVO_OUTPUT_RAW,0,0,0,0,0,0,0,0,1000,1000,1000,1000,0,0,0,0,0
2025-12-15 01:27:44.953,SERVO_OUTPUT_RAW,3220109799,SERVO_OUTPUT_RAW,0,0,0,0,0,0,0,0,1000,1000,1000,1000,0,0,0,0,0
2025-12-15 01:27:45.053,SERVO_OUTPUT_RAW,3220209779,SERVO_OUTPUT_RAW,0,0,0,0,0,0,0,0,1000,1000,1000,1000,0,0,0,0,0
2025-12-15 01:27:45.153,SERVO_OUTPUT_RAW,3220309798,SERVO_OUTPUT_RAW,0,0,0,0,0,0,0,0,1000,1000,1000,1000,0,0,0,0,0
2025-12-15 01:27:45.253,SERVO_OUTPUT_RAW,3220409817,SERVO_OUTPUT_RAW,0,0,0,0,0,0,0,0,1000,1000,1000,1000,0,0,0,0,0
2025-12-15 01:27:45.353,SERVO_OUTPUT_RAW,3220509779,SERVO_OUTPUT_RAW,0,0,0,0,0,0,0,0,1000,1000,1000,1000,0,0,0,0,0
2025-12-15 01:27:45.453,SERVO_OUTPUT_RAW,3220609782,SERVO_OUTPUT_RAW,0,0,0,0,0,0,0,0,1000,1000,1000,1000,0,0,0,0,0
2025-12-15 01:27:45.553,SERVO_OUTPUT_RAW,3220709788,SERVO_OUTPUT_RAW,0,0,0,0,0,0,0,0,1000,1000,1000,1000,0,0,0,0,0
2025-12-15 01:27:45.653,SERVO_OUTPUT_RAW,3220809812,SERVO_OUTPUT_RAW,0,0,0,0,0,0,0,0,1000,1000,1000,1000,0,0,0,0,0
2025-12-15 01:27:45.753,SERVO_OUTPUT_RAW,3220909857,SERVO_OUTPUT_RAW,0,0,0,0,0,0,0,0,1000,1000,1000,1000,0,0,0,0,0
2025-12-15 01:27:45.853,SERVO_OUTPUT_RAW,3221009843,SERVO_OUTPUT_RAW,0,0,0,0,0,0,0,0,1000,1000,1000,1000,0,0,0,0,0
2025-12-15 01:27:45.953,SERVO_OUTPUT_RAW,3221109796,SERVO_OUTPUT_RAW,0,0,0,0,0,0,0,0,1000,1000,1000,1000,0,0,0,0,0
2025-12-15 01:27:46.053,SERVO_OUTPUT_RAW,3221209808,SERVO_OUTPUT_RAW,0,0,0,0,0,0,0,0,1000,1000,1000,1000,0,0,0,0,0
2025-12-15 01:27:46.153,SERVO_OUTPUT_RAW,3221309837,SERVO_OUTPUT_RAW,0,0,0,0,0,0,0,0,1000,1000,1000,1000,0,0,0,0,0
2025-12-15 01:27:46.253,SERVO_OUTPUT_RAW,3221409778,SERVO_OUTPUT_RAW,0,0,0,0,0,0,0,0,1000,1000,1000,1000,0,0,0,0,0
2025-12-15 01:27:46.353,SERVO_OUTPUT_RAW,3221509772,SERVO_OUTPUT_RAW,0,0,0,0,0,0,0,0,1000,1000,1000,1000,0,0,0,0,0
2025-12-15 01:27:46.453,SERVO_OUTPUT_RAW,3221609794,SERVO_OUTPUT_RAW,0,0,0,0,0,0,0,0,1000,1000,1000,1000,0,0,0,0,0
2025-12-15 01:27:46.553,SERVO_OUTPUT_RAW,3221709785,SERVO_OUTPUT_RAW,0,0,0,0,0,0,0,0,1000,1000,1000,1000,0,0,0,0,0
2025-12-15 01:27:46.652,SERVO_OUTPUT_RAW,3221809779,SERVO_OUTPUT_RAW,0,0,0,0,0,0,0,0,1000,1000,1000,1000,0,0,0,0,0
2025-12-15 01:27:46.752,SERVO_OUTPUT_RAW,3221909776,SERVO_OUTPUT_RAW,0,0,0,0,0,0,0,0,1000,1000,1000,1000,0,0,0,0,0
2025-12-15 01:27:46.852,SERVO_OUTPUT_RAW,3222009825,SERVO_OUTPUT_RAW,0,0,0,0,0,0,0,0,1000,1000,1000,1000,0,0,0,0,0
2025-12-15 01:27:46.952,SERVO_OUTPUT_RAW,3222109830,SERVO_OUTPUT_RAW,0,0,0,0,0,0,0,0,1000,1000,1000,1000,0,0,0,0,0
2025-12-15 01:27:47.052,SERVO_OUTPUT_RAW,3222212174,SERVO_OUTPUT_RAW,0,0,0,0,0,0,0,0,1000,1000,1000,1000,0,0,0,0,0
2025-12-15 01:27:47.152,SERVO_OUTPUT_RAW,3222309820,SERVO_OUTPUT_RAW,0,0,0,0,0,0,0,0,1000,1000,1000,1000,0,0,0,0,0
2025-12-15 01:27:47.252,SERVO_OUTPUT_RAW,3222409815,SERVO_OUTPUT_RAW,0,0,0,0,0,0,0,0,1000,1000,1000,1000,0,0,0,0,0
2025-12-15 01:27:47.352,SERVO_OUTPUT_RAW,3222509839,SERVO_OUTPUT_RAW,0,0,0,0,0,0,0,0,1000,1000,1000,1000,0,0,0,0,0
2025-12-15 01:27:47.453,SERVO_OUTPUT_RAW,3222609780,SERVO_OUTPUT_RAW,0,0,0,0,0,0,0,0,1000,1000,1000,1000,0,0,0,0,0
2025-12-15 01:27:47.552,SERVO_OUTPUT_RAW,3222709774,SERVO_OUTPUT_RAW,0,0,0,0,0,0,0,0,1000,1000,1000,1000,0,0,0,0,0
2025-12-15 01:27:47.652,SERVO_OUTPUT_RAW,3222809811,SERVO_OUTPUT_RAW,0,0,0,0,0,0,0,0,1000,1000,1000,1000,0,0,0,0,0
2025-12-15 01:27:47.752,SERVO_OUTPUT_RAW,3222909809,SERVO_OUTPUT_RAW,0,0,0,0,0,0,0,0,1000,1000,1000,1000,0,0,0,0,0
2025-12-15 01:27:47.852,SERVO_OUTPUT_RAW,3223009782,SERVO_OUTPUT_RAW,0,0,0,0,0,0,0,0,1000,1000,1000,1000,0,0,0,0,0
2025-12-15 01:27:47.952,SERVO_OUTPUT_RAW,3223109796,SERVO_OUTPUT_RAW,0,0,0,0,0,0,0,0,1000,1000,1000,1000,0,0,0,0,0
2025-12-15 01:27:48.052,SERVO_OUTPUT_RAW,3223209795,SERVO_OUTPUT_RAW,0,0,0,0,0,0,0,0,1000,1000,1000,1000,0,0,0,0,0
2025-12-15 01:27:48.152,SERVO_OUTPUT_RAW,3223309794,SERVO_OUTPUT_RAW,0,0,0,0,0,0,0,0,1000,1000,1000,1000,0,0,0,0,0
2025-12-15 01:27:48.252,SERVO_OUTPUT_RAW,3223412169,SERVO_OUTPUT_RAW,0,0,0,0,0,0,0,0,1000,1000,1000,1000,0,0,0,0,0
2025-12-15 01:27:48.352,SERVO_OUTPUT_RAW,3223509816,SERVO_OUTPUT_RAW,0,0,0,0,0,0,0,0,1000,1000,1000,1000,0,0,0,0,0
2025-12-15 01:27:48.452,SERVO_OUTPUT_RAW,3223609837,SERVO_OUTPUT_RAW,0,0,0,0,0,0,0,0,1000,1000,1000,1000,0,0,0,0,0
2025-12-15 01:27:48.552,SERVO_OUTPUT_RAW,3223709840,SERVO_OUTPUT_RAW,0,0,0,0,0,0,0,0,1000,1000,1000,1000,0,0,0,0,0
2025-12-15 01:27:48.652,SERVO_OUTPUT_RAW,3223809856,SERVO_OUTPUT_RAW,0,0,0,0,0,0,0,0,1000,1000,1000,1000,0,0,0,0,0
2025-12-15 01:27:48.752,SERVO_OUTPUT_RAW,3223909821,SERVO_OUTPUT_RAW,0,0,0,0,0,0,0,0,1000,1000,1000,1000,0,0,0,0,0
2025-12-15 01:27:48.852,SERVO_OUTPUT_RAW,3224009842,SERVO_OUTPUT_RAW,0,0,0,0,0,0,0,0,1000,1000,1000,1000,0,0,0,0,0
2025-12-15 01:27:48.952,SERVO_OUTPUT_RAW,3224109850,SERVO_OUTPUT_RAW,0,0,0,0,0,0,0,0,1000,1000,1000,1000,0,0,0,0,0
2025-12-15 01:27:49.052,SERVO_OUTPUT_RAW,3224209783,SERVO_OUTPUT_RAW,0,0,0,0,0,0,0,0,1000,1000,1000,1000,0,0,0,0,0
2025-12-15 01:27:49.152,SERVO_OUTPUT_RAW,3224309799,SERVO_OUTPUT_RAW,0,0,0,0,0,0,0,0,1000,1000,1000,1000,0,0,0,0,0
2025-12-15 01:27:49.252,SERVO_OUTPUT_RAW,3224409840,SERVO_OUTPUT_RAW,0,0,0,0,0,0,0,0,1000,1000,1000,1000,0,0,0,0,0
2025-12-15 01:27:49.352,SERVO_OUTPUT_RAW,3224509844,SERVO_OUTPUT_RAW,0,0,0,0,0,0,0,0,1000,1000,1000,1000,0,0,0,0,0
2025-12-15 01:27:49.452,SERVO_OUTPUT_RAW,3224609784,SERVO_OUTPUT_RAW,0,0,0,0,0,0,0,0,1000,1000,1000,1000,0,0,0,0,0
2025-12-15 01:27:49.552,SERVO_OUTPUT_RAW,3224709793,SERVO_OUTPUT_RAW,0,0,0,0,0,0,0,0,1000,1000,1000,1000,0,0,0,0,0
2025-12-15 01:27:49.653,SERVO_OUTPUT_RAW,3224809795,SERVO_OUTPUT_RAW,0,0,0,0,0,0,0,0,1000,1000,1000,1000,0,0,0,0,0
2025-12-15 01:27:49.752,SERVO_OUTPUT_RAW,3224909796,SERVO_OUTPUT_RAW,0,0,0,0,0,0,0,0,1000,1000,1000,1000,0,0,0,0,0
2025-12-15 01:27:49.852,SERVO_OUTPUT_RAW,3225009792,SERVO_OUTPUT_RAW,0,0,0,0,0,0,0,0,1000,1000,1000,1000,0,0,0,0,0
2025-12-15 01:27:49.953,SERVO_OUTPUT_RAW,3225109842,SERVO_OUTPUT_RAW,0,0,0,0,0,0,0,0,1000,1000,1000,1000,0,0,0,0,0
2025-12-15 01:27:50.052,SERVO_OUTPUT_RAW,3225209827,SERVO_OUTPUT_RAW,0,0,0,0,0,0,0,0,1000,1000,1000,1000,0,0,0,0,0
2025-12-15 01:27:50.152,SERVO_OUTPUT_RAW,3225309845,SERVO_OUTPUT_RAW,0,0,0,0,0,0,0,0,1000,1000,1000,1000,0,0,0,0,0
2025-12-15 01:27:50.252,SERVO_OUTPUT_RAW,3225409788,SERVO_OUTPUT_RAW,0,0,0,0,0,0,0,0,1000,1000,1000,1000,0,0,0,0,0
2025-12-15 01:27:50.352,SERVO_OUTPUT_RAW,3225512126,SERVO_OUTPUT_RAW,0,0,0,0,0,0,0,0,1000,1000,1000,1000,0,0,0,0,0
2025-12-15 01:27:50.452,SERVO_OUTPUT_RAW,3225609842,SERVO_OUTPUT_RAW,0,0,0,0,0,0,0,0,1000,1000,1000,1000,0,0,0,0,0
2025-12-15 01:27:50.552,SERVO_OUTPUT_RAW,3225709785,SERVO_OUTPUT_RAW,0,0,0,0,0,0,0,0,1000,1000,1000,1000,0,0,0,0,0
2025-12-15 01:27:50.652,SERVO_OUTPUT_RAW,3225809836,SERVO_OUTPUT_RAW,0,0,0,0,0,0,0,0,1000,1000,1000,1000,0,0,0,0,0
2025-12-15 01:27:50.753,SERVO_OUTPUT_RAW,3225909801,SERVO_OUTPUT_RAW,0,0,0,0,0,0,0,0,1000,1000,1000,1000,0,0,0,0,0
2025-12-15 01:27:50.852,SERVO_OUTPUT_RAW,3226009818,SERVO_OUTPUT_RAW,0,0,0,0,0,0,0,0,1000,1000,1000,1000,0,0,0,0,0
2025-12-15 01:27:50.952,SERVO_OUTPUT_RAW,3226109827,SERVO_OUTPUT_RAW,0,0,0,0,0,0,0,0,1000,1000,1000,1000,0,0,0,0,0
2025-12-15 01:27:51.052,SERVO_OUTPUT_RAW,3226209778,SERVO_OUTPUT_RAW,0,0,0,0,0,0,0,0,1000,1000,1000,1000,0,0,0,0,0
2025-12-15 01:27:51.152,SERVO_OUTPUT_RAW,3226309796,SERVO_OUTPUT_RAW,0,0,0,0,0,0,0,0,1000,1000,1000,1000,0,0,0,0,0
2025-12-15 01:27:51.252,SERVO_OUTPUT_RAW,3226409786,SERVO_OUTPUT_RAW,0,0,0,0,0,0,0,0,1000,1000,1000,1000,0,0,0,0,0
2025-12-15 01:27:51.352,SERVO_OUTPUT_RAW,3226509790,SERVO_OUTPUT_RAW,0,0,0,0,0,0,0,0,1000,1000,1000,1000,0,0,0,0,0
2025-12-15 01:27:51.453,SERVO_OUTPUT_RAW,3226609815,SERVO_OUTPUT_RAW,0,0,0,0,0,0,0,0,1000,1000,1000,1000,0,0,0,0,0
2025-12-15 01:27:51.553,SERVO_OUTPUT_RAW,3226709836,SERVO_OUTPUT_RAW,0,0,0,0,0,0,0,0,1000,1000,1000,1000,0,0,0,0,0
2025-12-15 01:27:51.653,SERVO_OUTPUT_RAW,3226809855,SERVO_OUTPUT_RAW,0,0,0,0,0,0,0,0,1000,1000,1000,1000,0,0,0,0,0
2025-12-15 01:27:51.753,SERVO_OUTPUT_RAW,3226909807,SERVO_OUTPUT_RAW,0,0,0,0,0,0,0,0,1000,1000,1000,1000,0,0,0,0,0
2025-12-15 01:27:51.853,SERVO_OUTPUT_RAW,3227009870,SERVO_OUTPUT_RAW,0,0,0,0,0,0,0,0,1000,1000,1000,1000,0,0,0,0,0
2025-12-15 01:27:51.953,SERVO_OUTPUT_RAW,3227109824,SERVO_OUTPUT_RAW,0,0,0,0,0,0,0,0,1000,1000,1000,1000,0,0,0,0,0
2025-12-15 01:27:52.053,SERVO_OUTPUT_RAW,3227209838,SERVO_OUTPUT_RAW,0,0,0,0,0,0,0,0,1000,1000,1000,1000,0,0,0,0,0
2025-12-15 01:27:52.153,SERVO_OUTPUT_RAW,3227309780,SERVO_OUTPUT_RAW,0,0,0,0,0,0,0,0,1000,1000,1000,1000,0,0,0,0,0
2025-12-15 01:27:52.253,SERVO_OUTPUT_RAW,3227409820,SERVO_OUTPUT_RAW,0,0,0,0,0,0,0,0,1000,1000,1000,1000,0,0,0,0,0
2025-12-15 01:27:52.353,SERVO_OUTPUT_RAW,3227509814,SERVO_OUTPUT_RAW,0,0,0,0,0,0,0,0,1000,1000,1000,1000,0,0,0,0,0
2025-12-15 01:27:52.453,SERVO_OUTPUT_RAW,3227609829,SERVO_OUTPUT_RAW,0,0,0,0,0,0,0,0,1000,1000,1000,1000,0,0,0,0,0
2025-12-15 01:27:52.553,SERVO_OUTPUT_RAW,3227709782,SERVO_OUTPUT_RAW,0,0,0,0,0,0,0,0,1000,1000,1000,1000,0,0,0,0,0
2025-12-15 01:27:52.653,SERVO_OUTPUT_RAW,3227809798,SERVO_OUTPUT_RAW,0,0,0,0,0,0,0,0,1000,1000,1000,1000,0,0,0,0,0
2025-12-15 01:27:52.753,SERVO_OUTPUT_RAW,3227909788,SERVO_OUTPUT_RAW,0,0,0,0,0,0,0,0,1000,1000,1000,1000,0,0,0,0,0
2025-12-15 01:27:52.853,SERVO_OUTPUT_RAW,3228009797,SERVO_OUTPUT_RAW,0,0,0,0,0,0,0,0,1000,1000,1000,1000,0,0,0,0,0
2025-12-15 01:27:52.953,SERVO_OUTPUT_RAW,3228109788,SERVO_OUTPUT_RAW,0,0,0,0,0,0,0,0,1000,1000,1000,1000,0,0,0,0,0
2025-12-15 01:27:53.053,SERVO_OUTPUT_RAW,3228209834,SERVO_OUTPUT_RAW,0,0,0,0,0,0,0,0,1000,1000,1000,1000,0,0,0,0,0
2025-12-15 01:27:53.153,SERVO_OUTPUT_RAW,3228309832,SERVO_OUTPUT_RAW,0,0,0,0,0,0,0,0,1000,1000,1000,1000,0,0,0,0,0
2025-12-15 01:27:53.253,SERVO_OUTPUT_RAW,3228412126,SERVO_OUTPUT_RAW,0,0,0,0,0,0,0,0,1000,1000,1000,1000,0,0,0,0,0
2025-12-15 01:27:53.353,SERVO_OUTPUT_RAW,3228509821,SERVO_OUTPUT_RAW,0,0,0,0,0,0,0,0,1000,1000,1000,1000,0,0,0,0,0
2025-12-15 01:27:53.453,SERVO_OUTPUT_RAW,3228609808,SERVO_OUTPUT_RAW,0,0,0,0,0,0,0,0,1000,1000,1000,1000,0,0,0,0,0
2025-12-15 01:27:53.553,SERVO_OUTPUT_RAW,3228709836,SERVO_OUTPUT_RAW,0,0,0,0,0,0,0,0,1000,1000,1000,1000,0,0,0,0,0
2025-12-15 01:27:53.654,SERVO_OUTPUT_RAW,3228809850,SERVO_OUTPUT_RAW,0,0,0,0,0,0,0,0,1000,1000,1000,1000,0,0,0,0,0
2025-12-15 01:27:53.753,SERVO_OUTPUT_RAW,3228909777,SERVO_OUTPUT_RAW,0,0,0,0,0,0,0,0,1000,1000,1000,1000,0,0,0,0,0
2025-12-15 01:27:53.853,SERVO_OUTPUT_RAW,3229009806,SERVO_OUTPUT_RAW,0,0,0,0,0,0,0,0,1000,1000,1000,1000,0,0,0,0,0
2025-12-15 01:27:53.953,SERVO_OUTPUT_RAW,3229109815,SERVO_OUTPUT_RAW,0,0,0,0,0,0,0,0,1000,1000,1000,1000,0,0,0,0,0
2025-12-15 01:27:54.053,SERVO_OUTPUT_RAW,3229209780,SERVO_OUTPUT_RAW,0,0,0,0,0,0,0,0,1000,1000,1000,1000,0,0,0,0,0
2025-12-15 01:27:54.153,SERVO_OUTPUT_RAW,3229309790,SERVO_OUTPUT_RAW,0,0,0,0,0,0,0,0,1000,1000,1000,1000,0,0,0,0,0
2025-12-15 01:27:54.253,SERVO_OUTPUT_RAW,3229409797,SERVO_OUTPUT_RAW,0,0,0,0,0,0,0,0,1000,1000,1000,1000,0,0,0,0,0
2025-12-15 01:27:54.353,SERVO_OUTPUT_RAW,3229509788,SERVO_OUTPUT_RAW,0,0,0,0,0,0,0,0,1000,1000,1000,1000,0,0,0,0,0
2025-12-15 01:27:54.453,SERVO_OUTPUT_RAW,3229609785,SERVO_OUTPUT_RAW,0,0,0,0,0,0,0,0,1000,1000,1000,1000,0,0,0,0,0
2025-12-15 01:27:54.553,SERVO_OUTPUT_RAW,3229712139,SERVO_OUTPUT_RAW,0,0,0,0,0,0,0,0,1000,1000,1000,1000,0,0,0,0,0
2025-12-15 01:27:54.653,SERVO_OUTPUT_RAW,3229809848,SERVO_OUTPUT_RAW,0,0,0,0,0,0,0,0,1000,1000,1000,1000,0,0,0,0,0
2025-12-15 01:27:54.753,SERVO_OUTPUT_RAW,3229909845,SERVO_OUTPUT_RAW,0,0,0,0,0,0,0,0,1000,1000,1000,1000,0,0,0,0,0
2025-12-15 01:27:54.853,SERVO_OUTPUT_RAW,3230009852,SERVO_OUTPUT_RAW,0,0,0,0,0,0,0,0,1000,1000,1000,1000,0,0,0,0,0
2025-12-15 01:27:54.953,SERVO_OUTPUT_RAW,3230109827,SERVO_OUTPUT_RAW,0,0,0,0,0,0,0,0,1000,1000,1000,1000,0,0,0,0,0
2025-12-15 01:27:55.053,SERVO_OUTPUT_RAW,3230209817,SERVO_OUTPUT_RAW,0,0,0,0,0,0,0,0,1000,1000,1000,1000,0,0,0,0,0
2025-12-15 01:27:55.153,SERVO_OUTPUT_RAW,3230309882,SERVO_OUTPUT_RAW,0,0,0,0,0,0,0,0,1000,1000,1000,1000,0,0,0,0,0
2025-12-15 01:27:55.254,SERVO_OUTPUT_RAW,3230409806,SERVO_OUTPUT_RAW,0,0,0,0,0,0,0,0,1000,1000,1000,1000,0,0,0,0,0
2025-12-15 01:27:55.354,SERVO_OUTPUT_RAW,3230509775,SERVO_OUTPUT_RAW,0,0,0,0,0,0,0,0,1000,1000,1000,1000,0,0,0,0,0
2025-12-15 01:27:55.453,SERVO_OUTPUT_RAW,3230609809,SERVO_OUTPUT_RAW,0,0,0,0,0,0,0,0,1000,1000,1000,1000,0,0,0,0,0
2025-12-15 01:27:55.553,SERVO_OUTPUT_RAW,3230709807,SERVO_OUTPUT_RAW,0,0,0,0,0,0,0,0,1000,1000,1000,1000,0,0,0,0,0
2025-12-15 01:27:55.653,SERVO_OUTPUT_RAW,3230809794,SERVO_OUTPUT_RAW,0,0,0,0,0,0,0,0,1000,1000,1000,1000,0,0,0,0,0
2025-12-15 01:27:55.753,SERVO_OUTPUT_RAW,3230909806,SERVO_OUTPUT_RAW,0,0,0,0,0,0,0,0,1000,1000,1000,1000,0,0,0,0,0
2025-12-15 01:27:55.853,SERVO_OUTPUT_RAW,3231009791,SERVO_OUTPUT_RAW,0,0,0,0,0,0,0,0,1000,1000,1000,1000,0,0,0,0,0
2025-12-15 01:27:55.953,SERVO_OUTPUT_RAW,3231109786,SERVO_OUTPUT_RAW,0,0,0,0,0,0,0,0,1000,1000,1000,1000,0,0,0,0,0
2025-12-15 01:27:56.053,SERVO_OUTPUT_RAW,3231209821,SERVO_OUTPUT_RAW,0,0,0,0,0,0,0,0,1000,1000,1000,1000,0,0,0,0,0
2025-12-15 01:27:56.152,SERVO_OUTPUT_RAW,3231309809,SERVO_OUTPUT_RAW,0,0,0,0,0,0,0,0,1000,1000,1000,1000,0,0,0,0,0
2025-12-15 01:27:56.252,SERVO_OUTPUT_RAW,3231409825,SERVO_OUTPUT_RAW,0,0,0,0,0,0,0,0,1000,1000,1000,1000,0,0,0,0,0
2025-12-15 01:27:56.352,SERVO_OUTPUT_RAW,3231509797,SERVO_OUTPUT_RAW,0,0,0,0,0,0,0,0,1000,1000,1000,1000,0,0,0,0,0
2025-12-15 01:27:56.452,SERVO_OUTPUT_RAW,3231609783,SERVO_OUTPUT_RAW,0,0,0,0,0,0,0,0,1000,1000,1000,1000,0,0,0,0,0
2025-12-15 01:27:56.554,SERVO_OUTPUT_RAW,3231709795,SERVO_OUTPUT_RAW,0,0,0,0,0,0,0,0,1000,1000,1000,1000,0,0,0,0,0
2025-12-15 01:27:56.653,SERVO_OUTPUT_RAW,3231812075,SERVO_OUTPUT_RAW,0,0,0,0,0,0,0,0,1000,1000,1000,1000,0,0,0,0,0
2025-12-15 01:27:56.753,SERVO_OUTPUT_RAW,3231909851,SERVO_OUTPUT_RAW,0,0,0,0,0,0,0,0,1000,1000,1000,1000,0,0,0,0,0
2025-12-15 01:27:56.853,SERVO_OUTPUT_RAW,3232009781,SERVO_OUTPUT_RAW,0,0,0,0,0,0,0,0,1000,1000,1000,1000,0,0,0,0,0
2025-12-15 01:27:56.952,SERVO_OUTPUT_RAW,3232109812,SERVO_OUTPUT_RAW,0,0,0,0,0,0,0,0,1000,1000,1000,1000,0,0,0,0,0
2025-12-15 01:27:57.052,SERVO_OUTPUT_RAW,3232209828,SERVO_OUTPUT_RAW,0,0,0,0,0,0,0,0,1000,1000,1000,1000,0,0,0,0,0
2025-12-15 01:27:57.152,SERVO_OUTPUT_RAW,3232309818,SERVO_OUTPUT_RAW,0,0,0,0,0,0,0,0,1000,1000,1000,1000,0,0,0,0,0
2025-12-15 01:27:57.252,SERVO_OUTPUT_RAW,3232409780,SERVO_OUTPUT_RAW,0,0,0,0,0,0,0,0,1000,1000,1000,1000,0,0,0,0,0
2025-12-15 01:27:57.353,SERVO_OUTPUT_RAW,3232509798,SERVO_OUTPUT_RAW,0,0,0,0,0,0,0,0,1000,1000,1000,1000,0,0,0,0,0
2025-12-15 01:27:57.454,SERVO_OUTPUT_RAW,3232609780,SERVO_OUTPUT_RAW,0,0,0,0,0,0,0,0,1000,1000,1000,1000,0,0,0,0,0
2025-12-15 01:27:57.552,SERVO_OUTPUT_RAW,3232709773,SERVO_OUTPUT_RAW,0,0,0,0,0,0,0,0,1000,1000,1000,1000,0,0,0,0,0
2025-12-15 01:27:57.652,SERVO_OUTPUT_RAW,3232809783,SERVO_OUTPUT_RAW,0,0,0,0,0,0,0,0,1000,1000,1000,1000,0,0,0,0,0
2025-12-15 01:27:57.753,SERVO_OUTPUT_RAW,3232909825,SERVO_OUTPUT_RAW,0,0,0,0,0,0,0,0,1000,1000,1000,1000,0,0,0,0,0
2025-12-15 01:27:57.852,SERVO_OUTPUT_RAW,3233009843,SERVO_OUTPUT_RAW,0,0,0,0,0,0,0,0,1000,1000,1000,1000,0,0,0,0,0
2025-12-15 01:27:57.952,SERVO_OUTPUT_RAW,3233109847,SERVO_OUTPUT_RAW,0,0,0,0,0,0,0,0,1000,1000,1000,1000,0,0,0,0,0
2025-12-15 01:27:58.052,SERVO_OUTPUT_RAW,3233209820,SERVO_OUTPUT_RAW,0,0,0,0,0,0,0,0,1000,1000,1000,1000,0,0,0,0,0
2025-12-15 01:27:58.152,SERVO_OUTPUT_RAW,3233309822,SERVO_OUTPUT_RAW,0,0,0,0,0,0,0,0,1000,1000,1000,1000,0,0,0,0,0
2025-12-15 01:27:58.252,SERVO_OUTPUT_RAW,3233409840,SERVO_OUTPUT_RAW,0,0,0,0,0,0,0,0,1000,1000,1000,1000,0,0,0,0,0
2025-12-15 01:27:58.352,SERVO_OUTPUT_RAW,3233509827,SERVO_OUTPUT_RAW,0,0,0,0,0,0,0,0,1000,1000,1000,1000,0,0,0,0,0
2025-12-15 01:27:58.452,SERVO_OUTPUT_RAW,3233609780,SERVO_OUTPUT_RAW,0,0,0,0,0,0,0,0,1000,1000,1000,1000,0,0,0,0,0
2025-12-15 01:27:58.553,SERVO_OUTPUT_RAW,3233709804,SERVO_OUTPUT_RAW,0,0,0,0,0,0,0,0,1000,1000,1000,1000,0,0,0,0,0
2025-12-15 01:27:58.652,SERVO_OUTPUT_RAW,3233809819,SERVO_OUTPUT_RAW,0,0,0,0,0,0,0,0,1000,1000,1000,1000,0,0,0,0,0
2025-12-15 01:27:58.752,SERVO_OUTPUT_RAW,3233909830,SERVO_OUTPUT_RAW,0,0,0,0,0,0,0,0,1000,1000,1000,1000,0,0,0,0,0
2025-12-15 01:27:58.852,SERVO_OUTPUT_RAW,3234009785,SERVO_OUTPUT_RAW,0,0,0,0,0,0,0,0,1000,1000,1000,1000,0,0,0,0,0
2025-12-15 01:27:58.953,SERVO_OUTPUT_RAW,3234109781,SERVO_OUTPUT_RAW,0,0,0,0,0,0,0,0,1000,1000,1000,1000,0,0,0,0,0
2025-12-15 01:27:59.053,SERVO_OUTPUT_RAW,3234209819,SERVO_OUTPUT_RAW,0,0,0,0,0,0,0,0,1000,1000,1000,1000,0,0,0,0,0
2025-12-15 01:27:59.153,SERVO_OUTPUT_RAW,3234309790,SERVO_OUTPUT_RAW,0,0,0,0,0,0,0,0,1000,1000,1000,1000,0,0,0,0,0
2025-12-15 01:27:59.253,SERVO_OUTPUT_RAW,3234409793,SERVO_OUTPUT_RAW,0,0,0,0,0,0,0,0,1000,1000,1000,1000,0,0,0,0,0
2025-12-15 01:27:59.353,SERVO_OUTPUT_RAW,3234509829,SERVO_OUTPUT_RAW,0,0,0,0,0,0,0,0,1000,1000,1000,1000,0,0,0,0,0
2025-12-15 01:27:59.453,SERVO_OUTPUT_RAW,3234609804,SERVO_OUTPUT_RAW,0,0,0,0,0,0,0,0,1000,1000,1000,1000,0,0,0,0,0
2025-12-15 01:27:59.553,SERVO_OUTPUT_RAW,3234709806,SERVO_OUTPUT_RAW,0,0,0,0,0,0,0,0,1000,1000,1000,1000,0,0,0,0,0
2025-12-15 01:27:59.653,SERVO_OUTPUT_RAW,3234809918,SERVO_OUTPUT_RAW,0,0,0,0,0,0,0,0,1000,1000,1000,1000,0,0,0,0,0
2025-12-15 01:27:59.753,SERVO_OUTPUT_RAW,3234909820,SERVO_OUTPUT_RAW,0,0,0,0,0,0,0,0,1000,1000,1000,1000,0,0,0,0,0
2025-12-15 01:27:59.853,SERVO_OUTPUT_RAW,3235009838,SERVO_OUTPUT_RAW,0,0,0,0,0,0,0,0,1000,1000,1000,1000,0,0,0,0,0
2025-12-15 01:27:59.953,SERVO_OUTPUT_RAW,3235109783,SERVO_OUTPUT_RAW,0,0,0,0,0,0,0,0,1000,1000,1000,1000,0,0,0,0,0
2025-12-15 01:28:00.053,SERVO_OUTPUT_RAW,3235209800,SERVO_OUTPUT_RAW,0,0,0,0,0,0,0,0,1000,1000,1000,1000,0,0,0,0,0
2025-12-15 01:28:00.153,SERVO_OUTPUT_RAW,3235309835,SERVO_OUTPUT_RAW,0,0,0,0,0,0,0,0,1000,1000,1000,1000,0,0,0,0,0
2025-12-15 01:28:00.253,SERVO_OUTPUT_RAW,3235409815,SERVO_OUTPUT_RAW,0,0,0,0,0,0,0,0,1000,1000,1000,1000,0,0,0,0,0
2025-12-15 01:28:00.353,SERVO_OUTPUT_RAW,3235509793,SERVO_OUTPUT_RAW,0,0,0,0,0,0,0,0,1000,1000,1000,1000,0,0,0,0,0
2025-12-15 01:28:00.453,SERVO_OUTPUT_RAW,3235609802,SERVO_OUTPUT_RAW,0,0,0,0,0,0,0,0,1000,1000,1000,1000,0,0,0,0,0
2025-12-15 01:28:00.553,SERVO_OUTPUT_RAW,3235709809,SERVO_OUTPUT_RAW,0,0,0,0,0,0,0,0,1000,1000,1000,1000,0,0,0,0,0
2025-12-15 01:28:00.653,SERVO_OUTPUT_RAW,3235809803,SERVO_OUTPUT_RAW,0,0,0,0,0,0,0,0,1000,1000,1000,1000,0,0,0,0,0
2025-12-15 01:28:00.753,SERVO_OUTPUT_RAW,3235909781,SERVO_OUTPUT_RAW,0,0,0,0,0,0,0,0,1000,1000,1000,1000,0,0,0,0,0
2025-12-15 01:28:00.853,SERVO_OUTPUT_RAW,3236012178,SERVO_OUTPUT_RAW,0,0,0,0,0,0,0,0,1000,1000,1000,1000,0,0,0,0,0
2025-12-15 01:28:00.953,SERVO_OUTPUT_RAW,3236109860,SERVO_OUTPUT_RAW,0,0,0,0,0,0,0,0,1000,1000,1000,1000,0,0,0,0,0
2025-12-15 01:28:01.053,SERVO_OUTPUT_RAW,3236209853,SERVO_OUTPUT_RAW,0,0,0,0,0,0,0,0,1000,1000,1000,1000,0,0,0,0,0
2025-12-15 01:28:01.153,SERVO_OUTPUT_RAW,3236309805,SERVO_OUTPUT_RAW,0,0,0,0,0,0,0,0,1000,1000,1000,1000,0,0,0,0,0
2025-12-15 01:28:01.253,SERVO_OUTPUT_RAW,3236409808,SERVO_OUTPUT_RAW,0,0,0,0,0,0,0,0,1000,1000,1000,1000,0,0,0,0,0
2025-12-15 01:28:01.353,SERVO_OUTPUT_RAW,3236509832,SERVO_OUTPUT_RAW,0,0,0,0,0,0,0,0,1000,1000,1000,1000,0,0,0,0,0
2025-12-15 01:28:01.453,SERVO_OUTPUT_RAW,3236609866,SERVO_OUTPUT_RAW,0,0,0,0,0,0,0,0,1000,1000,1000,1000,0,0,0,0,0
2025-12-15 01:28:01.553,SERVO_OUTPUT_RAW,3236709802,SERVO_OUTPUT_RAW,0,0,0,0,0,0,0,0,1000,1000,1000,1000,0,0,0,0,0
2025-12-15 01:28:01.653,SERVO_OUTPUT_RAW,3236809814,SERVO_OUTPUT_RAW,0,0,0,0,0,0,0,0,1000,1000,1000,1000,0,0,0,0,0
2025-12-15 01:28:01.753,SERVO_OUTPUT_RAW,3236909817,SERVO_OUTPUT_RAW,0,0,0,0,0,0,0,0,1000,1000,1000,1000,0,0,0,0,0
2025-12-15 01:28:01.853,SERVO_OUTPUT_RAW,3237009774,SERVO_OUTPUT_RAW,0,0,0,0,0,0,0,0,1000,1000,1000,1000,0,0,0,0,0
2025-12-15 01:28:01.953,SERVO_OUTPUT_RAW,3237109793,SERVO_OUTPUT_RAW,0,0,0,0,0,0,0,0,1000,1000,1000,1000,0,0,0,0,0
2025-12-15 01:28:02.053,SERVO_OUTPUT_RAW,3237209796,SERVO_OUTPUT_RAW,0,0,0,0,0,0,0,0,1000,1000,1000,1000,0,0,0,0,0
2025-12-15 01:28:02.153,SERVO_OUTPUT_RAW,3237309781,SERVO_OUTPUT_RAW,0,0,0,0,0,0,0,0,1000,1000,1000,1000,0,0,0,0,0
2025-12-15 01:28:02.254,SERVO_OUTPUT_RAW,3237409777,SERVO_OUTPUT_RAW,0,0,0,0,0,0,0,0,1000,1000,1000,1000,0,0,0,0,0
2025-12-15 01:28:02.354,SERVO_OUTPUT_RAW,3237509800,SERVO_OUTPUT_RAW,0,0,0,0,0,0,0,0,1000,1000,1000,1000,0,0,0,0,0
2025-12-15 01:28:02.458,SERVO_OUTPUT_RAW,3237609814,SERVO_OUTPUT_RAW,0,0,0,0,0,0,0,0,1000,1000,1000,1000,0,0,0,0,0
2025-12-15 01:28:02.553,SERVO_OUTPUT_RAW,3237709833,SERVO_OUTPUT_RAW,0,0,0,0,0,0,0,0,1000,1000,1000,1000,0,0,0,0,0
2025-12-15 01:28:02.653,SERVO_OUTPUT_RAW,3237809848,SERVO_OUTPUT_RAW,0,0,0,0,0,0,0,0,1000,1000,1000,1000,0,0,0,0,0
2025-12-15 01:28:02.753,SERVO_OUTPUT_RAW,3237909791,SERVO_OUTPUT_RAW,0,0,0,0,0,0,0,0,1000,1000,1000,1000,0,0,0,0,0
2025-12-15 01:28:02.853,SERVO_OUTPUT_RAW,3238009822,SERVO_OUTPUT_RAW,0,0,0,0,0,0,0,0,1000,1000,1000,1000,0,0,0,0,0
2025-12-15 01:28:02.953,SERVO_OUTPUT_RAW,3238112068,SERVO_OUTPUT_RAW,0,0,0,0,0,0,0,0,1000,1000,1000,1000,0,0,0,0,0
2025-12-15 01:28:03.054,SERVO_OUTPUT_RAW,3238209855,SERVO_OUTPUT_RAW,0,0,0,0,0,0,0,0,1000,1000,1000,1000,0,0,0,0,0
2025-12-15 01:28:03.153,SERVO_OUTPUT_RAW,3238309784,SERVO_OUTPUT_RAW,0,0,0,0,0,0,0,0,1000,1000,1000,1000,0,0,0,0,0
2025-12-15 01:28:03.253,SERVO_OUTPUT_RAW,3238409814,SERVO_OUTPUT_RAW,0,0,0,0,0,0,0,0,1000,1000,1000,1000,0,0,0,0,0
2025-12-15 01:28:03.353,SERVO_OUTPUT_RAW,3238509809,SERVO_OUTPUT_RAW,0,0,0,0,0,0,0,0,1000,1000,1000,1000,0,0,0,0,0
2025-12-15 01:28:03.453,SERVO_OUTPUT_RAW,3238609779,SERVO_OUTPUT_RAW,0,0,0,0,0,0,0,0,1000,1000,1000,1000,0,0,0,0,0
2025-12-15 01:28:03.553,SERVO_OUTPUT_RAW,3238709793,SERVO_OUTPUT_RAW,0,0,0,0,0,0,0,0,1000,1000,1000,1000,0,0,0,0,0
2025-12-15 01:28:03.653,SERVO_OUTPUT_RAW,3238809794,SERVO_OUTPUT_RAW,0,0,0,0,0,0,0,0,1000,1000,1000,1000,0,0,0,0,0
2025-12-15 01:28:03.754,SERVO_OUTPUT_RAW,3238909787,SERVO_OUTPUT_RAW,0,0,0,0,0,0,0,0,1000,1000,1000,1000,0,0,0,0,0
2025-12-15 01:28:03.853,SERVO_OUTPUT_RAW,3239009793,SERVO_OUTPUT_RAW,0,0,0,0,0,0,0,0,1000,1000,1000,1000,0,0,0,0,0
2025-12-15 01:28:03.953,SERVO_OUTPUT_RAW,3239109821,SERVO_OUTPUT_RAW,0,0,0,0,0,0,0,0,1000,1000,1000,1000,0,0,0,0,0
2025-12-15 01:28:04.054,SERVO_OUTPUT_RAW,3239209839,SERVO_OUTPUT_RAW,0,0,0,0,0,0,0,0,1000,1000,1000,1000,0,0,0,0,0
2025-12-15 01:28:04.153,SERVO_OUTPUT_RAW,3239309857,SERVO_OUTPUT_RAW,0,0,0,0,0,0,0,0,1000,1000,1000,1000,0,0,0,0,0
2025-12-15 01:28:04.253,SERVO_OUTPUT_RAW,3239409803,SERVO_OUTPUT_RAW,0,0,0,0,0,0,0,0,1000,1000,1000,1000,0,0,0,0,0
2025-12-15 01:28:04.353,SERVO_OUTPUT_RAW,3239509829,SERVO_OUTPUT_RAW,0,0,0,0,0,0,0,0,1000,1000,1000,1000,0,0,0,0,0
2025-12-15 01:28:04.453,SERVO_OUTPUT_RAW,3239609828,SERVO_OUTPUT_RAW,0,0,0,0,0,0,0,0,1000,1000,1000,1000,0,0,0,0,0
2025-12-15 01:28:04.553,SERVO_OUTPUT_RAW,3239709845,SERVO_OUTPUT_RAW,0,0,0,0,0,0,0,0,1000,1000,1000,1000,0,0,0,0,0
2025-12-15 01:28:04.654,SERVO_OUTPUT_RAW,3239809791,SERVO_OUTPUT_RAW,0,0,0,0,0,0,0,0,1000,1000,1000,1000,0,0,0,0,0
2025-12-15 01:28:04.753,SERVO_OUTPUT_RAW,3239909797,SERVO_OUTPUT_RAW,0,0,0,0,0,0,0,0,1000,1000,1000,1000,0,0,0,0,0
2025-12-15 01:28:04.854,SERVO_OUTPUT_RAW,3240009843,SERVO_OUTPUT_RAW,0,0,0,0,0,0,0,0,1000,1000,1000,1000,0,0,0,0,0
2025-12-15 01:28:04.954,SERVO_OUTPUT_RAW,3240109813,SERVO_OUTPUT_RAW,0,0,0,0,0,0,0,0,1000,1000,1000,1000,0,0,0,0,0
2025-12-15 01:28:05.053,SERVO_OUTPUT_RAW,3240209805,SERVO_OUTPUT_RAW,0,0,0,0,0,0,0,0,1000,1000,1000,1000,0,0,0,0,0
2025-12-15 01:28:05.153,SERVO_OUTPUT_RAW,3240309782,SERVO_OUTPUT_RAW,0,0,0,0,0,0,0,0,1000,1000,1000,1000,0,0,0,0,0
2025-12-15 01:28:05.253,SERVO_OUTPUT_RAW,3240409792,SERVO_OUTPUT_RAW,0,0,0,0,0,0,0,0,1000,1000,1000,1000,0,0,0,0,0
2025-12-15 01:28:05.353,SERVO_OUTPUT_RAW,3240509786,SERVO_OUTPUT_RAW,0,0,0,0,0,0,0,0,1000,1000,1000,1000,0,0,0,0,0
2025-12-15 01:28:05.454,SERVO_OUTPUT_RAW,3240609798,SERVO_OUTPUT_RAW,0,0,0,0,0,0,0,0,1000,1000,1000,1000,0,0,0,0,0
2025-12-15 01:28:05.553,SERVO_OUTPUT_RAW,3240709814,SERVO_OUTPUT_RAW,0,0,0,0,0,0,0,0,1000,1000,1000,1000,0,0,0,0,0
2025-12-15 01:28:05.654,SERVO_OUTPUT_RAW,3240809833,SERVO_OUTPUT_RAW,0,0,0,0,0,0,0,0,1000,1000,1000,1000,0,0,0,0,0
2025-12-15 01:28:05.753,SERVO_OUTPUT_RAW,3240909810,SERVO_OUTPUT_RAW,0,0,0,0,0,0,0,0,1000,1000,1000,1000,0,0,0,0,0
2025-12-15 01:28:05.853,SERVO_OUTPUT_RAW,3241009785,SERVO_OUTPUT_RAW,0,0,0,0,0,0,0,0,1000,1000,1000,1000,0,0,0,0,0
2025-12-15 01:28:05.953,SERVO_OUTPUT_RAW,3241109815,SERVO_OUTPUT_RAW,0,0,0,0,0,0,0,0,1000,1000,1000,1000,0,0,0,0,0
2025-12-15 01:28:06.053,SERVO_OUTPUT_RAW,3241209854,SERVO_OUTPUT_RAW,0,0,0,0,0,0,0,0,1000,1000,1000,1000,0,0,0,0,0
2025-12-15 01:28:06.153,SERVO_OUTPUT_RAW,3241309832,SERVO_OUTPUT_RAW,0,0,0,0,0,0,0,0,1000,1000,1000,1000,0,0,0,0,0
2025-12-15 01:28:06.253,SERVO_OUTPUT_RAW,3241409782,SERVO_OUTPUT_RAW,0,0,0,0,0,0,0,0,1000,1000,1000,1000,0,0,0,0,0
2025-12-15 01:28:06.353,SERVO_OUTPUT_RAW,3241509799,SERVO_OUTPUT_RAW,0,0,0,0,0,0,0,0,1000,1000,1000,1000,0,0,0,0,0
2025-12-15 01:28:06.454,SERVO_OUTPUT_RAW,3241609819,SERVO_OUTPUT_RAW,0,0,0,0,0,0,0,0,1000,1000,1000,1000,0,0,0,0,0
2025-12-15 01:28:06.554,SERVO_OUTPUT_RAW,3241709773,SERVO_OUTPUT_RAW,0,0,0,0,0,0,0,0,1000,1000,1000,1000,0,0,0,0,0
2025-12-15 01:28:06.654,SERVO_OUTPUT_RAW,3241809784,SERVO_OUTPUT_RAW,0,0,0,0,0,0,0,0,1000,1000,1000,1000,0,0,0,0,0
2025-12-15 01:28:06.753,SERVO_OUTPUT_RAW,3241909797,SERVO_OUTPUT_RAW,0,0,0,0,0,0,0,0,1000,1000,1000,1000,0,0,0,0,0
2025-12-15 01:28:06.853,SERVO_OUTPUT_RAW,3242009800,SERVO_OUTPUT_RAW,0,0,0,0,0,0,0,0,1000,1000,1000,1000,0,0,0,0,0
2025-12-15 01:28:06.953,SERVO_OUTPUT_RAW,3242109784,SERVO_OUTPUT_RAW,0,0,0,0,0,0,0,0,1000,1000,1000,1000,0,0,0,0,0
2025-12-15 01:28:07.053,SERVO_OUTPUT_RAW,3242209798,SERVO_OUTPUT_RAW,0,0,0,0,0,0,0,0,1000,1000,1000,1000,0,0,0,0,0
2025-12-15 01:28:07.153,SERVO_OUTPUT_RAW,3242312180,SERVO_OUTPUT_RAW,0,0,0,0,0,0,0,0,1000,1000,1000,1000,0,0,0,0,0
2025-12-15 01:28:07.253,SERVO_OUTPUT_RAW,3242409826,SERVO_OUTPUT_RAW,0,0,0,0,0,0,0,0,1000,1000,1000,1000,0,0,0,0,0
2025-12-15 01:28:07.353,SERVO_OUTPUT_RAW,3242509797,SERVO_OUTPUT_RAW,0,0,0,0,0,0,0,0,1000,1000,1000,1000,0,0,0,0,0
2025-12-15 01:28:07.453,SERVO_OUTPUT_RAW,3242609791,SERVO_OUTPUT_RAW,0,0,0,0,0,0,0,0,1000,1000,1000,1000,0,0,0,0,0
2025-12-15 01:28:07.553,SERVO_OUTPUT_RAW,3242709808,SERVO_OUTPUT_RAW,0,0,0,0,0,0,0,0,1000,1000,1000,1000,0,0,0,0,0
2025-12-15 01:28:07.652,SERVO_OUTPUT_RAW,3242809841,SERVO_OUTPUT_RAW,0,0,0,0,0,0,0,0,1000,1000,1000,1000,0,0,0,0,0
2025-12-15 01:28:07.753,SERVO_OUTPUT_RAW,3242909914,SERVO_OUTPUT_RAW,0,0,0,0,0,0,0,0,1000,1000,1000,1000,0,0,0,0,0
2025-12-15 01:28:07.853,SERVO_OUTPUT_RAW,3243009781,SERVO_OUTPUT_RAW,0,0,0,0,0,0,0,0,1000,1000,1000,1000,0,0,0,0,0
2025-12-15 01:28:07.953,SERVO_OUTPUT_RAW,3243109818,SERVO_OUTPUT_RAW,0,0,0,0,0,0,0,0,1000,1000,1000,1000,0,0,0,0,0
2025-12-15 01:28:08.053,SERVO_OUTPUT_RAW,3243209832,SERVO_OUTPUT_RAW,0,0,0,0,0,0,0,0,1000,1000,1000,1000,0,0,0,0,0
2025-12-15 01:28:08.153,SERVO_OUTPUT_RAW,3243309792,SERVO_OUTPUT_RAW,0,0,0,0,0,0,0,0,1000,1000,1000,1000,0,0,0,0,0
2025-12-15 01:28:08.253,SERVO_OUTPUT_RAW,3243409785,SERVO_OUTPUT_RAW,0,0,0,0,0,0,0,0,1000,1000,1000,1000,0,0,0,0,0
2025-12-15 01:28:08.353,SERVO_OUTPUT_RAW,3243509791,SERVO_OUTPUT_RAW,0,0,0,0,0,0,0,0,1000,1000,1000,1000,0,0,0,0,0
2025-12-15 01:28:08.453,SERVO_OUTPUT_RAW,3243609784,SERVO_OUTPUT_RAW,0,0,0,0,0,0,0,0,1000,1000,1000,1000,0,0,0,0,0
2025-12-15 01:28:08.553,SERVO_OUTPUT_RAW,3243709784,SERVO_OUTPUT_RAW,0,0,0,0,0,0,0,0,1000,1000,1000,1000,0,0,0,0,0
2025-12-15 01:28:08.653,SERVO_OUTPUT_RAW,3243809817,SERVO_OUTPUT_RAW,0,0,0,0,0,0,0,0,1000,1000,1000,1000,0,0,0,0,0
2025-12-15 01:28:08.753,SERVO_OUTPUT_RAW,3243909844,SERVO_OUTPUT_RAW,0,0,0,0,0,0,0,0,1000,1000,1000,1000,0,0,0,0,0
2025-12-15 01:28:08.853,SERVO_OUTPUT_RAW,3244009848,SERVO_OUTPUT_RAW,0,0,0,0,0,0,0,0,1000,1000,1000,1000,0,0,0,0,0
2025-12-15 01:28:08.953,SERVO_OUTPUT_RAW,3244109814,SERVO_OUTPUT_RAW,0,0,0,0,0,0,0,0,1000,1000,1000,1000,0,0,0,0,0
2025-12-15 01:28:09.053,SERVO_OUTPUT_RAW,3244209823,SERVO_OUTPUT_RAW,0,0,0,0,0,0,0,0,1000,1000,1000,1000,0,0,0,0,0
2025-12-15 01:28:09.153,SERVO_OUTPUT_RAW,3244309833,SERVO_OUTPUT_RAW,0,0,0,0,0,0,0,0,1000,1000,1000,1000,0,0,0,0,0
2025-12-15 01:28:09.253,SERVO_OUTPUT_RAW,3244412014,SERVO_OUTPUT_RAW,0,0,0,0,0,0,0,0,1000,1000,1000,1000,0,0,0,0,0
2025-12-15 01:28:09.353,SERVO_OUTPUT_RAW,3244509826,SERVO_OUTPUT_RAW,0,0,0,0,0,0,0,0,1000,1000,1000,1000,0,0,0,0,0
2025-12-15 01:28:09.455,SERVO_OUTPUT_RAW,3244609799,SERVO_OUTPUT_RAW,0,0,0,0,0,0,0,0,1000,1000,1000,1000,0,0,0,0,0
2025-12-15 01:28:09.553,SERVO_OUTPUT_RAW,3244709842,SERVO_OUTPUT_RAW,0,0,0,0,0,0,0,0,1000,1000,1000,1000,0,0,0,0,0
2025-12-15 01:28:09.653,SERVO_OUTPUT_RAW,3244809817,SERVO_OUTPUT_RAW,0,0,0,0,0,0,0,0,1000,1000,1000,1000,0,0,0,0,0
2025-12-15 01:28:09.753,SERVO_OUTPUT_RAW,3244909780,SERVO_OUTPUT_RAW,0,0,0,0,0,0,0,0,1000,1000,1000,1000,0,0,0,0,0
2025-12-15 01:28:09.853,SERVO_OUTPUT_RAW,3245009789,SERVO_OUTPUT_RAW,0,0,0,0,0,0,0,0,1000,1000,1000,1000,0,0,0,0,0
2025-12-15 01:28:09.959,SERVO_OUTPUT_RAW,3245109790,SERVO_OUTPUT_RAW,0,0,0,0,0,0,0,0,1000,1000,1000,1000,0,0,0,0,0
2025-12-15 01:28:10.054,SERVO_OUTPUT_RAW,3245209785,SERVO_OUTPUT_RAW,0,0,0,0,0,0,0,0,1000,1000,1000,1000,0,0,0,0,0
2025-12-15 01:28:10.153,SERVO_OUTPUT_RAW,3245309793,SERVO_OUTPUT_RAW,0,0,0,0,0,0,0,0,1000,1000,1000,1000,0,0,0,0,0
2025-12-15 01:28:10.253,SERVO_OUTPUT_RAW,3245409820,SERVO_OUTPUT_RAW,0,0,0,0,0,0,0,0,1000,1000,1000,1000,0,0,0,0,0
2025-12-15 01:28:10.353,SERVO_OUTPUT_RAW,3245512140,SERVO_OUTPUT_RAW,0,0,0,0,0,0,0,0,1000,1000,1000,1000,0,0,0,0,0
2025-12-15 01:28:10.453,SERVO_OUTPUT_RAW,3245612168,SERVO_OUTPUT_RAW,0,0,0,0,0,0,0,0,1000,1000,1000,1000,0,0,0,0,0
2025-12-15 01:28:10.553,SERVO_OUTPUT_RAW,3245709875,SERVO_OUTPUT_RAW,0,0,0,0,0,0,0,0,1000,1000,1000,1000,0,0,0,0,0
2025-12-15 01:28:10.653,SERVO_OUTPUT_RAW,3245809844,SERVO_OUTPUT_RAW,0,0,0,0,0,0,0,0,1000,1000,1000,1000,0,0,0,0,0
2025-12-15 01:28:10.753,SERVO_OUTPUT_RAW,3245909836,SERVO_OUTPUT_RAW,0,0,0,0,0,0,0,0,1000,1000,1000,1000,0,0,0,0,0
2025-12-15 01:28:10.853,SERVO_OUTPUT_RAW,3246009840,SERVO_OUTPUT_RAW,0,0,0,0,0,0,0,0,1000,1000,1000,1000,0,0,0,0,0
2025-12-15 01:28:10.953,SERVO_OUTPUT_RAW,3246109786,SERVO_OUTPUT_RAW,0,0,0,0,0,0,0,0,1000,1000,1000,1000,0,0,0,0,0
2025-12-15 01:28:11.053,SERVO_OUTPUT_RAW,3246209811,SERVO_OUTPUT_RAW,0,0,0,0,0,0,0,0,1000,1000,1000,1000,0,0,0,0,0
2025-12-15 01:28:11.153,SERVO_OUTPUT_RAW,3246309811,SERVO_OUTPUT_RAW,0,0,0,0,0,0,0,0,1000,1000,1000,1000,0,0,0,0,0
2025-12-15 01:28:11.253,SERVO_OUTPUT_RAW,3246409782,SERVO_OUTPUT_RAW,0,0,0,0,0,0,0,0,1000,1000,1000,1000,0,0,0,0,0
2025-12-15 01:28:11.353,SERVO_OUTPUT_RAW,3246509799,SERVO_OUTPUT_RAW,0,0,0,0,0,0,0,0,1000,1000,1000,1000,0,0,0,0,0
2025-12-15 01:28:11.453,SERVO_OUTPUT_RAW,3246609789,SERVO_OUTPUT_RAW,0,0,0,0,0,0,0,0,1000,1000,1000,1000,0,0,0,0,0
2025-12-15 01:28:11.553,SERVO_OUTPUT_RAW,3246709795,SERVO_OUTPUT_RAW,0,0,0,0,0,0,0,0,1000,1000,1000,1000,0,0,0,0,0
2025-12-15 01:28:11.653,SERVO_OUTPUT_RAW,3246809797,SERVO_OUTPUT_RAW,0,0,0,0,0,0,0,0,1000,1000,1000,1000,0,0,0,0,0
2025-12-15 01:28:11.753,SERVO_OUTPUT_RAW,3246909823,SERVO_OUTPUT_RAW,0,0,0,0,0,0,0,0,1000,1000,1000,1000,0,0,0,0,0
2025-12-15 01:28:11.853,SERVO_OUTPUT_RAW,3247009838,SERVO_OUTPUT_RAW,0,0,0,0,0,0,0,0,1000,1000,1000,1000,0,0,0,0,0
2025-12-15 01:28:11.953,SERVO_OUTPUT_RAW,3247109850,SERVO_OUTPUT_RAW,0,0,0,0,0,0,0,0,1000,1000,1000,1000,0,0,0,0,0
2025-12-15 01:28:12.053,SERVO_OUTPUT_RAW,3247209837,SERVO_OUTPUT_RAW,0,0,0,0,0,0,0,0,1000,1000,1000,1000,0,0,0,0,0
2025-12-15 01:28:12.153,SERVO_OUTPUT_RAW,3247309803,SERVO_OUTPUT_RAW,0,0,0,0,0,0,0,0,1000,1000,1000,1000,0,0,0,0,0
2025-12-15 01:28:12.254,SERVO_OUTPUT_RAW,3247409919,SERVO_OUTPUT_RAW,0,0,0,0,0,0,0,0,1000,1000,1000,1000,0,0,0,0,0
2025-12-15 01:28:12.353,SERVO_OUTPUT_RAW,3247509830,SERVO_OUTPUT_RAW,0,0,0,0,0,0,0,0,1000,1000,1000,1000,0,0,0,0,0
2025-12-15 01:28:12.454,SERVO_OUTPUT_RAW,3247609785,SERVO_OUTPUT_RAW,0,0,0,0,0,0,0,0,1000,1000,1000,1000,0,0,0,0,0
2025-12-15 01:28:12.552,SERVO_OUTPUT_RAW,3247709809,SERVO_OUTPUT_RAW,0,0,0,0,0,0,0,0,1000,1000,1000,1000,0,0,0,0,0
2025-12-15 01:28:12.651,SERVO_OUTPUT_RAW,3247809812,SERVO_OUTPUT_RAW,0,0,0,0,0,0,0,0,1000,1000,1000,1000,0,0,0,0,0
2025-12-15 01:28:12.751,SERVO_OUTPUT_RAW,3247909836,SERVO_OUTPUT_RAW,0,0,0,0,0,0,0,0,1000,1000,1000,1000,0,0,0,0,0
2025-12-15 01:28:12.851,SERVO_OUTPUT_RAW,3248009790,SERVO_OUTPUT_RAW,0,0,0,0,0,0,0,0,1000,1000,1000,1000,0,0,0,0,0
2025-12-15 01:28:12.951,SERVO_OUTPUT_RAW,3248109795,SERVO_OUTPUT_RAW,0,0,0,0,0,0,0,0,1000,1000,1000,1000,0,0,0,0,0
2025-12-15 01:28:13.051,SERVO_OUTPUT_RAW,3248209792,SERVO_OUTPUT_RAW,0,0,0,0,0,0,0,0,1000,1000,1000,1000,0,0,0,0,0
2025-12-15 01:28:13.151,SERVO_OUTPUT_RAW,3248309805,SERVO_OUTPUT_RAW,0,0,0,0,0,0,0,0,1000,1000,1000,1000,0,0,0,0,0
2025-12-15 01:28:13.252,SERVO_OUTPUT_RAW,3248412108,SERVO_OUTPUT_RAW,0,0,0,0,0,0,0,0,1000,1000,1000,1000,0,0,0,0,0
2025-12-15 01:28:13.351,SERVO_OUTPUT_RAW,3248509801,SERVO_OUTPUT_RAW,0,0,0,0,0,0,0,0,1000,1000,1000,1000,0,0,0,0,0
2025-12-15 01:28:13.452,SERVO_OUTPUT_RAW,3248612201,SERVO_OUTPUT_RAW,0,0,0,0,0,0,0,0,1000,1000,1000,1000,0,0,0,0,0
2025-12-15 01:28:13.551,SERVO_OUTPUT_RAW,3248709818,SERVO_OUTPUT_RAW,0,0,0,0,0,0,0,0,1000,1000,1000,1000,0,0,0,0,0
2025-12-15 01:28:13.651,SERVO_OUTPUT_RAW,3248809804,SERVO_OUTPUT_RAW,0,0,0,0,0,0,0,0,1000,1000,1000,1000,0,0,0,0,0
2025-12-15 01:28:13.751,SERVO_OUTPUT_RAW,3248909810,SERVO_OUTPUT_RAW,0,0,0,0,0,0,0,0,1000,1000,1000,1000,0,0,0,0,0
2025-12-15 01:28:13.852,SERVO_OUTPUT_RAW,3249009843,SERVO_OUTPUT_RAW,0,0,0,0,0,0,0,0,1000,1000,1000,1000,0,0,0,0,0
2025-12-15 01:28:13.951,SERVO_OUTPUT_RAW,3249109857,SERVO_OUTPUT_RAW,0,0,0,0,0,0,0,0,1000,1000,1000,1000,0,0,0,0,0
2025-12-15 01:28:14.051,SERVO_OUTPUT_RAW,3249209794,SERVO_OUTPUT_RAW,0,0,0,0,0,0,0,0,1000,1000,1000,1000,0,0,0,0,0
2025-12-15 01:28:14.152,SERVO_OUTPUT_RAW,3249309803,SERVO_OUTPUT_RAW,0,0,0,0,0,0,0,0,1000,1000,1000,1000,0,0,0,0,0
2025-12-15 01:28:14.252,SERVO_OUTPUT_RAW,3249409808,SERVO_OUTPUT_RAW,0,0,0,0,0,0,0,0,1000,1000,1000,1000,0,0,0,0,0
2025-12-15 01:28:14.352,SERVO_OUTPUT_RAW,3249509767,SERVO_OUTPUT_RAW,0,0,0,0,0,0,0,0,1000,1000,1000,1000,0,0,0,0,0
2025-12-15 01:28:14.451,SERVO_OUTPUT_RAW,3249609792,SERVO_OUTPUT_RAW,0,0,0,0,0,0,0,0,1000,1000,1000,1000,0,0,0,0,0
2025-12-15 01:28:14.551,SERVO_OUTPUT_RAW,3249709789,SERVO_OUTPUT_RAW,0,0,0,0,0,0,0,0,1000,1000,1000,1000,0,0,0,0,0
2025-12-15 01:28:14.652,SERVO_OUTPUT_RAW,3249809778,SERVO_OUTPUT_RAW,0,0,0,0,0,0,0,0,1000,1000,1000,1000,0,0,0,0,0
2025-12-15 01:28:14.752,SERVO_OUTPUT_RAW,3249909783,SERVO_OUTPUT_RAW,0,0,0,0,0,0,0,0,1000,1000,1000,1000,0,0,0,0,0
2025-12-15 01:28:14.852,SERVO_OUTPUT_RAW,3250009784,SERVO_OUTPUT_RAW,0,0,0,0,0,0,0,0,1000,1000,1000,1000,0,0,0,0,0
2025-12-15 01:28:14.952,SERVO_OUTPUT_RAW,3250112132,SERVO_OUTPUT_RAW,0,0,0,0,0,0,0,0,1000,1000,1000,1000,0,0,0,0,0
2025-12-15 01:28:15.052,SERVO_OUTPUT_RAW,3250209837,SERVO_OUTPUT_RAW,0,0,0,0,0,0,0,0,1000,1000,1000,1000,0,0,0,0,0
2025-12-15 01:28:15.152,SERVO_OUTPUT_RAW,3250309867,SERVO_OUTPUT_RAW,0,0,0,0,0,0,0,0,1000,1000,1000,1000,0,0,0,0,0
2025-12-15 01:28:15.252,SERVO_OUTPUT_RAW,3250409809,SERVO_OUTPUT_RAW,0,0,0,0,0,0,0,0,1000,1000,1000,1000,0,0,0,0,0
2025-12-15 01:28:15.352,SERVO_OUTPUT_RAW,3250509809,SERVO_OUTPUT_RAW,0,0,0,0,0,0,0,0,1000,1000,1000,1000,0,0,0,0,0
2025-12-15 01:28:15.452,SERVO_OUTPUT_RAW,3250609847,SERVO_OUTPUT_RAW,0,0,0,0,0,0,0,0,1000,1000,1000,1000,0,0,0,0,0
2025-12-15 01:28:15.552,SERVO_OUTPUT_RAW,3250709897,SERVO_OUTPUT_RAW,0,0,0,0,0,0,0,0,1000,1000,1000,1000,0,0,0,0,0
2025-12-15 01:28:15.652,SERVO_OUTPUT_RAW,3250809779,SERVO_OUTPUT_RAW,0,0,0,0,0,0,0,0,1000,1000,1000,1000,0,0,0,0,0
2025-12-15 01:28:15.752,SERVO_OUTPUT_RAW,3250909806,SERVO_OUTPUT_RAW,0,0,0,0,0,0,0,0,1000,1000,1000,1000,0,0,0,0,0
2025-12-15 01:28:15.852,SERVO_OUTPUT_RAW,3251009821,SERVO_OUTPUT_RAW,0,0,0,0,0,0,0,0,1000,1000,1000,1000,0,0,0,0,0
2025-12-15 01:28:15.952,SERVO_OUTPUT_RAW,3251109793,SERVO_OUTPUT_RAW,0,0,0,0,0,0,0,0,1000,1000,1000,1000,0,0,0,0,0
2025-12-15 01:28:16.051,SERVO_OUTPUT_RAW,3251209792,SERVO_OUTPUT_RAW,0,0,0,0,0,0,0,0,1000,1000,1000,1000,0,0,0,0,0
2025-12-15 01:28:16.151,SERVO_OUTPUT_RAW,3251309818,SERVO_OUTPUT_RAW,0,0,0,0,0,0,0,0,1000,1000,1000,1000,0,0,0,0,0
2025-12-15 01:28:16.251,SERVO_OUTPUT_RAW,3251409784,SERVO_OUTPUT_RAW,0,0,0,0,0,0,0,0,1000,1000,1000,1000,0,0,0,0,0
2025-12-15 01:28:16.352,SERVO_OUTPUT_RAW,3251512137,SERVO_OUTPUT_RAW,0,0,0,0,0,0,0,0,1000,1000,1000,1000,0,0,0,0,0
2025-12-15 01:28:16.451,SERVO_OUTPUT_RAW,3251609834,SERVO_OUTPUT_RAW,0,0,0,0,0,0,0,0,1000,1000,1000,1000,0,0,0,0,0
2025-12-15 01:28:16.551,SERVO_OUTPUT_RAW,3251709837,SERVO_OUTPUT_RAW,0,0,0,0,0,0,0,0,1000,1000,1000,1000,0,0,0,0,0
2025-12-15 01:28:16.651,SERVO_OUTPUT_RAW,3251809807,SERVO_OUTPUT_RAW,0,0,0,0,0,0,0,0,1000,1000,1000,1000,0,0,0,0,0
2025-12-15 01:28:16.751,SERVO_OUTPUT_RAW,3251909815,SERVO_OUTPUT_RAW,0,0,0,0,0,0,0,0,1000,1000,1000,1000,0,0,0,0,0
2025-12-15 01:28:16.851,SERVO_OUTPUT_RAW,3252009818,SERVO_OUTPUT_RAW,0,0,0,0,0,0,0,0,1000,1000,1000,1000,0,0,0,0,0
2025-12-15 01:28:16.951,SERVO_OUTPUT_RAW,3252109829,SERVO_OUTPUT_RAW,0,0,0,0,0,0,0,0,1000,1000,1000,1000,0,0,0,0,0
2025-12-15 01:28:17.051,SERVO_OUTPUT_RAW,3252209832,SERVO_OUTPUT_RAW,0,0,0,0,0,0,0,0,1000,1000,1000,1000,0,0,0,0,0
2025-12-15 01:28:17.151,SERVO_OUTPUT_RAW,3252309787,SERVO_OUTPUT_RAW,0,0,0,0,0,0,0,0,1000,1000,1000,1000,0,0,0,0,0
2025-12-15 01:28:17.251,SERVO_OUTPUT_RAW,3252409789,SERVO_OUTPUT_RAW,0,0,0,0,0,0,0,0,1000,1000,1000,1000,0,0,0,0,0
2025-12-15 01:28:17.351,SERVO_OUTPUT_RAW,3252509821,SERVO_OUTPUT_RAW,0,0,0,0,0,0,0,0,1000,1000,1000,1000,0,0,0,0,0
2025-12-15 01:28:17.451,SERVO_OUTPUT_RAW,3252609828,SERVO_OUTPUT_RAW,0,0,0,0,0,0,0,0,1000,1000,1000,1000,0,0,0,0,0
2025-12-15 01:28:17.554,SERVO_OUTPUT_RAW,3252709828,SERVO_OUTPUT_RAW,0,0,0,0,0,0,0,0,1000,1000,1000,1000,0,0,0,0,0
2025-12-15 01:28:17.653,SERVO_OUTPUT_RAW,3252809797,SERVO_OUTPUT_RAW,0,0,0,0,0,0,0,0,1000,1000,1000,1000,0,0,0,0,0
2025-12-15 01:28:17.753,SERVO_OUTPUT_RAW,3252909782,SERVO_OUTPUT_RAW,0,0,0,0,0,0,0,0,1000,1000,1000,1000,0,0,0,0,0
2025-12-15 01:28:17.853,SERVO_OUTPUT_RAW,3253009784,SERVO_OUTPUT_RAW,0,0,0,0,0,0,0,0,1000,1000,1000,1000,0,0,0,0,0
2025-12-15 01:28:17.953,SERVO_OUTPUT_RAW,3253109794,SERVO_OUTPUT_RAW,0,0,0,0,0,0,0,0,1000,1000,1000,1000,0,0,0,0,0
2025-12-15 01:28:18.054,SERVO_OUTPUT_RAW,3253209826,SERVO_OUTPUT_RAW,0,0,0,0,0,0,0,0,1000,1000,1000,1000,0,0,0,0,0
2025-12-15 01:28:18.154,SERVO_OUTPUT_RAW,3253309832,SERVO_OUTPUT_RAW,0,0,0,0,0,0,0,0,1000,1000,1000,1000,0,0,0,0,0
2025-12-15 01:28:18.253,SERVO_OUTPUT_RAW,3253409849,SERVO_OUTPUT_RAW,0,0,0,0,0,0,0,0,1000,1000,1000,1000,0,0,0,0,0
2025-12-15 01:28:18.353,SERVO_OUTPUT_RAW,3253509866,SERVO_OUTPUT_RAW,0,0,0,0,0,0,0,0,1000,1000,1000,1000,0,0,0,0,0
2025-12-15 01:28:18.453,SERVO_OUTPUT_RAW,3253609828,SERVO_OUTPUT_RAW,0,0,0,0,0,0,0,0,1000,1000,1000,1000,0,0,0,0,0
2025-12-15 01:28:18.553,SERVO_OUTPUT_RAW,3253709864,SERVO_OUTPUT_RAW,0,0,0,0,0,0,0,0,1000,1000,1000,1000,0,0,0,0,0
2025-12-15 01:28:18.653,SERVO_OUTPUT_RAW,3253809847,SERVO_OUTPUT_RAW,0,0,0,0,0,0,0,0,1000,1000,1000,1000,0,0,0,0,0
2025-12-15 01:28:18.754,SERVO_OUTPUT_RAW,3253909788,SERVO_OUTPUT_RAW,0,0,0,0,0,0,0,0,1000,1000,1000,1000,0,0,0,0,0
2025-12-15 01:28:18.854,SERVO_OUTPUT_RAW,3254009804,SERVO_OUTPUT_RAW,0,0,0,0,0,0,0,0,1000,1000,1000,1000,0,0,0,0,0
2025-12-15 01:28:18.953,SERVO_OUTPUT_RAW,3254109819,SERVO_OUTPUT_RAW,0,0,0,0,0,0,0,0,1000,1000,1000,1000,0,0,0,0,0
2025-12-15 01:28:19.054,SERVO_OUTPUT_RAW,3254209826,SERVO_OUTPUT_RAW,0,0,0,0,0,0,0,0,1000,1000,1000,1000,0,0,0,0,0
2025-12-15 01:28:19.154,SERVO_OUTPUT_RAW,3254309777,SERVO_OUTPUT_RAW,0,0,0,0,0,0,0,0,1000,1000,1000,1000,0,0,0,0,0
2025-12-15 01:28:19.254,SERVO_OUTPUT_RAW,3254409780,SERVO_OUTPUT_RAW,0,0,0,0,0,0,0,0,1000,1000,1000,1000,0,0,0,0,0
2025-12-15 01:28:19.354,SERVO_OUTPUT_RAW,3254509785,SERVO_OUTPUT_RAW,0,0,0,0,0,0,0,0,1000,1000,1000,1000,0,0,0,0,0
2025-12-15 01:28:19.454,SERVO_OUTPUT_RAW,3254609795,SERVO_OUTPUT_RAW,0,0,0,0,0,0,0,0,1000,1000,1000,1000,0,0,0,0,0
2025-12-15 01:28:19.554,SERVO_OUTPUT_RAW,3254709794,SERVO_OUTPUT_RAW,0,0,0,0,0,0,0,0,1000,1000,1000,1000,0,0,0,0,0
2025-12-15 01:28:19.654,SERVO_OUTPUT_RAW,3254809826,SERVO_OUTPUT_RAW,0,0,0,0,0,0,0,0,1000,1000,1000,1000,0,0,0,0,0
2025-12-15 01:28:19.754,SERVO_OUTPUT_RAW,3254912141,SERVO_OUTPUT_RAW,0,0,0,0,0,0,0,0,1000,1000,1000,1000,0,0,0,0,0
2025-12-15 01:28:19.854,SERVO_OUTPUT_RAW,3255009857,SERVO_OUTPUT_RAW,0,0,0,0,0,0,0,0,1000,1000,1000,1000,0,0,0,0,0
2025-12-15 01:28:19.954,SERVO_OUTPUT_RAW,3255109796,SERVO_OUTPUT_RAW,0,0,0,0,0,0,0,0,1000,1000,1000,1000,0,0,0,0,0
2025-12-15 01:28:20.054,SERVO_OUTPUT_RAW,3255209820,SERVO_OUTPUT_RAW,0,0,0,0,0,0,0,0,1000,1000,1000,1000,0,0,0,0,0
2025-12-15 01:28:20.154,SERVO_OUTPUT_RAW,3255309842,SERVO_OUTPUT_RAW,0,0,0,0,0,0,0,0,1000,1000,1000,1000,0,0,0,0,0
2025-12-15 01:28:20.254,SERVO_OUTPUT_RAW,3255409808,SERVO_OUTPUT_RAW,0,0,0,0,0,0,0,0,1000,1000,1000,1000,0,0,0,0,0
2025-12-15 01:28:20.354,SERVO_OUTPUT_RAW,3255509820,SERVO_OUTPUT_RAW,0,0,0,0,0,0,0,0,1000,1000,1000,1000,0,0,0,0,0
2025-12-15 01:28:20.454,SERVO_OUTPUT_RAW,3255609833,SERVO_OUTPUT_RAW,0,0,0,0,0,0,0,0,1000,1000,1000,1000,0,0,0,0,0
2025-12-15 01:28:20.554,SERVO_OUTPUT_RAW,3255709820,SERVO_OUTPUT_RAW,0,0,0,0,0,0,0,0,1000,1000,1000,1000,0,0,0,0,0
2025-12-15 01:28:20.654,SERVO_OUTPUT_RAW,3255809801,SERVO_OUTPUT_RAW,0,0,0,0,0,0,0,0,1000,1000,1000,1000,0,0,0,0,0
2025-12-15 01:28:20.754,SERVO_OUTPUT_RAW,3255909791,SERVO_OUTPUT_RAW,0,0,0,0,0,0,0,0,1000,1000,1000,1000,0,0,0,0,0
2025-12-15 01:28:20.854,SERVO_OUTPUT_RAW,3256009793,SERVO_OUTPUT_RAW,0,0,0,0,0,0,0,0,1000,1000,1000,1000,0,0,0,0,0
2025-12-15 01:28:20.954,SERVO_OUTPUT_RAW,3256109792,SERVO_OUTPUT_RAW,0,0,0,0,0,0,0,0,1000,1000,1000,1000,0,0,0,0,0
2025-12-15 01:28:21.054,SERVO_OUTPUT_RAW,3256209785,SERVO_OUTPUT_RAW,0,0,0,0,0,0,0,0,1000,1000,1000,1000,0,0,0,0,0
2025-12-15 01:28:21.154,SERVO_OUTPUT_RAW,3256309799,SERVO_OUTPUT_RAW,0,0,0,0,0,0,0,0,1000,1000,1000,1000,0,0,0,0,0
2025-12-15 01:28:21.254,SERVO_OUTPUT_RAW,3256409845,SERVO_OUTPUT_RAW,0,0,0,0,0,0,0,0,1000,1000,1000,1000,0,0,0,0,0
2025-12-15 01:28:21.354,SERVO_OUTPUT_RAW,3256509854,SERVO_OUTPUT_RAW,0,0,0,0,0,0,0,0,1000,1000,1000,1000,0,0,0,0,0
2025-12-15 01:28:21.454,SERVO_OUTPUT_RAW,3256609812,SERVO_OUTPUT_RAW,0,0,0,0,0,0,0,0,1000,1000,1000,1000,0,0,0,0,0
2025-12-15 01:28:21.554,SERVO_OUTPUT_RAW,3256709804,SERVO_OUTPUT_RAW,0,0,0,0,0,0,0,0,1000,1000,1000,1000,0,0,0,0,0
2025-12-15 01:28:21.654,SERVO_OUTPUT_RAW,3256809831,SERVO_OUTPUT_RAW,0,0,0,0,0,0,0,0,1000,1000,1000,1000,0,0,0,0,0
2025-12-15 01:28:21.754,SERVO_OUTPUT_RAW,3256909841,SERVO_OUTPUT_RAW,0,0,0,0,0,0,0,0,1000,1000,1000,1000,0,0,0,0,0
2025-12-15 01:28:21.854,SERVO_OUTPUT_RAW,3257009912,SERVO_OUTPUT_RAW,0,0,0,0,0,0,0,0,1000,1000,1000,1000,0,0,0,0,0
2025-12-15 01:28:21.954,SERVO_OUTPUT_RAW,3257109831,SERVO_OUTPUT_RAW,0,0,0,0,0,0,0,0,1000,1000,1000,1000,0,0,0,0,0
2025-12-15 01:28:22.054,SERVO_OUTPUT_RAW,3257209815,SERVO_OUTPUT_RAW,0,0,0,0,0,0,0,0,1000,1000,1000,1000,0,0,0,0,0
2025-12-15 01:28:22.154,SERVO_OUTPUT_RAW,3257309831,SERVO_OUTPUT_RAW,0,0,0,0,0,0,0,0,1000,1000,1000,1000,0,0,0,0,0
2025-12-15 01:28:22.254,SERVO_OUTPUT_RAW,3257409793,SERVO_OUTPUT_RAW,0,0,0,0,0,0,0,0,1000,1000,1000,1000,0,0,0,0,0
2025-12-15 01:28:22.354,SERVO_OUTPUT_RAW,3257509796,SERVO_OUTPUT_RAW,0,0,0,0,0,0,0,0,1000,1000,1000,1000,0,0,0,0,0
2025-12-15 01:28:22.454,SERVO_OUTPUT_RAW,3257609785,SERVO_OUTPUT_RAW,0,0,0,0,0,0,0,0,1000,1000,1000,1000,0,0,0,0,0
2025-12-15 01:28:22.554,SERVO_OUTPUT_RAW,3257709789,SERVO_OUTPUT_RAW,0,0,0,0,0,0,0,0,1000,1000,1000,1000,0,0,0,0,0
2025-12-15 01:28:22.654,SERVO_OUTPUT_RAW,3257809790,SERVO_OUTPUT_RAW,0,0,0,0,0,0,0,0,1000,1000,1000,1000,0,0,0,0,0
2025-12-15 01:28:22.754,SERVO_OUTPUT_RAW,3257909830,SERVO_OUTPUT_RAW,0,0,0,0,0,0,0,0,1000,1000,1000,1000,0,0,0,0,0
2025-12-15 01:28:22.854,SERVO_OUTPUT_RAW,3258009847,SERVO_OUTPUT_RAW,0,0,0,0,0,0,0,0,1000,1000,1000,1000,0,0,0,0,0
2025-12-15 01:28:22.954,SERVO_OUTPUT_RAW,3258109805,SERVO_OUTPUT_RAW,0,0,0,0,0,0,0,0,1000,1000,1000,1000,0,0,0,0,0
2025-12-15 01:28:23.054,SERVO_OUTPUT_RAW,3258209809,SERVO_OUTPUT_RAW,0,0,0,0,0,0,0,0,1000,1000,1000,1000,0,0,0,0,0
2025-12-15 01:28:23.154,SERVO_OUTPUT_RAW,3258309841,SERVO_OUTPUT_RAW,0,0,0,0,0,0,0,0,1000,1000,1000,1000,0,0,0,0,0
2025-12-15 01:28:23.254,SERVO_OUTPUT_RAW,3258409851,SERVO_OUTPUT_RAW,0,0,0,0,0,0,0,0,1000,1000,1000,1000,0,0,0,0,0
2025-12-15 01:28:23.354,SERVO_OUTPUT_RAW,3258509859,SERVO_OUTPUT_RAW,0,0,0,0,0,0,0,0,1000,1000,1000,1000,0,0,0,0,0
2025-12-15 01:28:23.454,SERVO_OUTPUT_RAW,3258609780,SERVO_OUTPUT_RAW,0,0,0,0,0,0,0,0,1000,1000,1000,1000,0,0,0,0,0
2025-12-15 01:28:23.554,SERVO_OUTPUT_RAW,3258709811,SERVO_OUTPUT_RAW,0,0,0,0,0,0,0,0,1000,1000,1000,1000,0,0,0,0,0
2025-12-15 01:28:23.654,SERVO_OUTPUT_RAW,3258809823,SERVO_OUTPUT_RAW,0,0,0,0,0,0,0,0,1000,1000,1000,1000,0,0,0,0,0
2025-12-15 01:28:23.754,SERVO_OUTPUT_RAW,3258909784,SERVO_OUTPUT_RAW,0,0,0,0,0,0,0,0,1000,1000,1000,1000,0,0,0,0,0
2025-12-15 01:28:23.854,SERVO_OUTPUT_RAW,3259009793,SERVO_OUTPUT_RAW,0,0,0,0,0,0,0,0,1000,1000,1000,1000,0,0,0,0,0
2025-12-15 01:28:23.955,SERVO_OUTPUT_RAW,3259109805,SERVO_OUTPUT_RAW,0,0,0,0,0,0,0,0,1000,1000,1000,1000,0,0,0,0,0
2025-12-15 01:28:24.054,SERVO_OUTPUT_RAW,3259209781,SERVO_OUTPUT_RAW,0,0,0,0,0,0,0,0,1000,1000,1000,1000,0,0,0,0,0
2025-12-15 01:28:24.154,SERVO_OUTPUT_RAW,3259309786,SERVO_OUTPUT_RAW,0,0,0,0,0,0,0,0,1000,1000,1000,1000,0,0,0,0,0
2025-12-15 01:28:24.254,SERVO_OUTPUT_RAW,3259409795,SERVO_OUTPUT_RAW,0,0,0,0,0,0,0,0,1000,1000,1000,1000,0,0,0,0,0
2025-12-15 01:28:24.354,SERVO_OUTPUT_RAW,3259509835,SERVO_OUTPUT_RAW,0,0,0,0,0,0,0,0,1000,1000,1000,1000,0,0,0,0,0
2025-12-15 01:28:24.454,SERVO_OUTPUT_RAW,3259609844,SERVO_OUTPUT_RAW,0,0,0,0,0,0,0,0,1000,1000,1000,1000,0,0,0,0,0
2025-12-15 01:28:24.554,SERVO_OUTPUT_RAW,3259709806,SERVO_OUTPUT_RAW,0,0,0,0,0,0,0,0,1000,1000,1000,1000,0,0,0,0,0
2025-12-15 01:28:24.654,SERVO_OUTPUT_RAW,3259809829,SERVO_OUTPUT_RAW,0,0,0,0,0,0,0,0,1000,1000,1000,1000,0,0,0,0,0
2025-12-15 01:28:24.754,SERVO_OUTPUT_RAW,3259909817,SERVO_OUTPUT_RAW,0,0,0,0,0,0,0,0,1000,1000,1000,1000,0,0,0,0,0
2025-12-15 01:28:24.855,SERVO_OUTPUT_RAW,3260012003,SERVO_OUTPUT_RAW,0,0,0,0,0,0,0,0,1000,1000,1000,1000,0,0,0,0,0
2025-12-15 01:28:24.954,SERVO_OUTPUT_RAW,3260109820,SERVO_OUTPUT_RAW,0,0,0,0,0,0,0,0,1000,1000,1000,1000,0,0,0,0,0
2025-12-15 01:28:25.054,SERVO_OUTPUT_RAW,3260209790,SERVO_OUTPUT_RAW,0,0,0,0,0,0,0,0,1000,1000,1000,1000,0,0,0,0,0
2025-12-15 01:28:25.155,SERVO_OUTPUT_RAW,3260309818,SERVO_OUTPUT_RAW,0,0,0,0,0,0,0,0,1000,1000,1000,1000,0,0,0,0,0
2025-12-15 01:28:25.254,SERVO_OUTPUT_RAW,3260409812,SERVO_OUTPUT_RAW,0,0,0,0,0,0,0,0,1000,1000,1000,1000,0,0,0,0,0
2025-12-15 01:28:25.355,SERVO_OUTPUT_RAW,3260509788,SERVO_OUTPUT_RAW,0,0,0,0,0,0,0,0,1000,1000,1000,1000,0,0,0,0,0
2025-12-15 01:28:25.454,SERVO_OUTPUT_RAW,3260609780,SERVO_OUTPUT_RAW,0,0,0,0,0,0,0,0,1000,1000,1000,1000,0,0,0,0,0
2025-12-15 01:28:25.553,SERVO_OUTPUT_RAW,3260709785,SERVO_OUTPUT_RAW,0,0,0,0,0,0,0,0,1000,1000,1000,1000,0,0,0,0,0
2025-12-15 01:28:25.654,SERVO_OUTPUT_RAW,3260809788,SERVO_OUTPUT_RAW,0,0,0,0,0,0,0,0,1000,1000,1000,1000,0,0,0,0,0
2025-12-15 01:28:25.754,SERVO_OUTPUT_RAW,3260909791,SERVO_OUTPUT_RAW,0,0,0,0,0,0,0,0,1000,1000,1000,1000,0,0,0,0,0
2025-12-15 01:28:25.854,SERVO_OUTPUT_RAW,3261012149,SERVO_OUTPUT_RAW,0,0,0,0,0,0,0,0,1000,1000,1000,1000,0,0,0,0,0
2025-12-15 01:28:25.954,SERVO_OUTPUT_RAW,3261109781,SERVO_OUTPUT_RAW,0,0,0,0,0,0,0,0,1000,1000,1000,1000,0,0,0,0,0
2025-12-15 01:28:26.054,SERVO_OUTPUT_RAW,3261212166,SERVO_OUTPUT_RAW,0,0,0,0,0,0,0,0,1000,1000,1000,1000,0,0,0,0,0
2025-12-15 01:28:26.154,SERVO_OUTPUT_RAW,3261309812,SERVO_OUTPUT_RAW,0,0,0,0,0,0,0,0,1000,1000,1000,1000,0,0,0,0,0
2025-12-15 01:28:26.254,SERVO_OUTPUT_RAW,3261409823,SERVO_OUTPUT_RAW,0,0,0,0,0,0,0,0,1000,1000,1000,1000,0,0,0,0,0
2025-12-15 01:28:26.354,SERVO_OUTPUT_RAW,3261509858,SERVO_OUTPUT_RAW,0,0,0,0,0,0,0,0,1000,1000,1000,1000,0,0,0,0,0
2025-12-15 01:28:26.454,SERVO_OUTPUT_RAW,3261609848,SERVO_OUTPUT_RAW,0,0,0,0,0,0,0,0,1000,1000,1000,1000,0,0,0,0,0
2025-12-15 01:28:26.554,SERVO_OUTPUT_RAW,3261709793,SERVO_OUTPUT_RAW,0,0,0,0,0,0,0,0,1000,1000,1000,1000,0,0,0,0,0
2025-12-15 01:28:26.654,SERVO_OUTPUT_RAW,3261809824,SERVO_OUTPUT_RAW,0,0,0,0,0,0,0,0,1000,1000,1000,1000,0,0,0,0,0
2025-12-15 01:28:26.754,SERVO_OUTPUT_RAW,3261909806,SERVO_OUTPUT_RAW,0,0,0,0,0,0,0,0,1000,1000,1000,1000,0,0,0,0,0
2025-12-15 01:28:26.853,SERVO_OUTPUT_RAW,3262009787,SERVO_OUTPUT_RAW,0,0,0,0,0,0,0,0,1000,1000,1000,1000,0,0,0,0,0
2025-12-15 01:28:26.954,SERVO_OUTPUT_RAW,3262109778,SERVO_OUTPUT_RAW,0,0,0,0,0,0,0,0,1000,1000,1000,1000,0,0,0,0,0
2025-12-15 01:28:27.053,SERVO_OUTPUT_RAW,3262209773,SERVO_OUTPUT_RAW,0,0,0,0,0,0,0,0,1000,1000,1000,1000,0,0,0,0,0
2025-12-15 01:28:27.153,SERVO_OUTPUT_RAW,3262309786,SERVO_OUTPUT_RAW,0,0,0,0,0,0,0,0,1000,1000,1000,1000,0,0,0,0,0
2025-12-15 01:28:27.253,SERVO_OUTPUT_RAW,3262409786,SERVO_OUTPUT_RAW,0,0,0,0,0,0,0,0,1000,1000,1000,1000,0,0,0,0,0
2025-12-15 01:28:27.353,SERVO_OUTPUT_RAW,3262509797,SERVO_OUTPUT_RAW,0,0,0,0,0,0,0,0,1000,1000,1000,1000,0,0,0,0,0
2025-12-15 01:28:27.454,SERVO_OUTPUT_RAW,3262609833,SERVO_OUTPUT_RAW,0,0,0,0,0,0,0,0,1000,1000,1000,1000,0,0,0,0,0
2025-12-15 01:28:27.553,SERVO_OUTPUT_RAW,3262709851,SERVO_OUTPUT_RAW,0,0,0,0,0,0,0,0,1000,1000,1000,1000,0,0,0,0,0
2025-12-15 01:28:27.653,SERVO_OUTPUT_RAW,3262809804,SERVO_OUTPUT_RAW,0,0,0,0,0,0,0,0,1000,1000,1000,1000,0,0,0,0,0
2025-12-15 01:28:27.754,SERVO_OUTPUT_RAW,3262909868,SERVO_OUTPUT_RAW,0,0,0,0,0,0,0,0,1000,1000,1000,1000,0,0,0,0,0
2025-12-15 01:28:27.854,SERVO_OUTPUT_RAW,3263009818,SERVO_OUTPUT_RAW,0,0,0,0,0,0,0,0,1000,1000,1000,1000,0,0,0,0,0
2025-12-15 01:28:27.953,SERVO_OUTPUT_RAW,3263109842,SERVO_OUTPUT_RAW,0,0,0,0,0,0,0,0,1000,1000,1000,1000,0,0,0,0,0
2025-12-15 01:28:28.053,SERVO_OUTPUT_RAW,3263209809,SERVO_OUTPUT_RAW,0,0,0,0,0,0,0,0,1000,1000,1000,1000,0,0,0,0,0
2025-12-15 01:28:28.153,SERVO_OUTPUT_RAW,3263309908,SERVO_OUTPUT_RAW,0,0,0,0,0,0,0,0,1000,1000,1000,1000,0,0,0,0,0
2025-12-15 01:28:28.253,SERVO_OUTPUT_RAW,3263409811,SERVO_OUTPUT_RAW,0,0,0,0,0,0,0,0,1000,1000,1000,1000,0,0,0,0,0
2025-12-15 01:28:28.353,SERVO_OUTPUT_RAW,3263509824,SERVO_OUTPUT_RAW,0,0,0,0,0,0,0,0,1000,1000,1000,1000,0,0,0,0,0
2025-12-15 01:28:28.453,SERVO_OUTPUT_RAW,3263609799,SERVO_OUTPUT_RAW,0,0,0,0,0,0,0,0,1000,1000,1000,1000,0,0,0,0,0
2025-12-15 01:28:28.553,SERVO_OUTPUT_RAW,3263709783,SERVO_OUTPUT_RAW,0,0,0,0,0,0,0,0,1000,1000,1000,1000,0,0,0,0,0
2025-12-15 01:28:28.653,SERVO_OUTPUT_RAW,3263809791,SERVO_OUTPUT_RAW,0,0,0,0,0,0,0,0,1000,1000,1000,1000,0,0,0,0,0
2025-12-15 01:28:28.753,SERVO_OUTPUT_RAW,3263909802,SERVO_OUTPUT_RAW,0,0,0,0,0,0,0,0,1000,1000,1000,1000,0,0,0,0,0
2025-12-15 01:28:28.854,SERVO_OUTPUT_RAW,3264009800,SERVO_OUTPUT_RAW,0,0,0,0,0,0,0,0,1000,1000,1000,1000,0,0,0,0,0
2025-12-15 01:28:28.954,SERVO_OUTPUT_RAW,3264109810,SERVO_OUTPUT_RAW,0,0,0,0,0,0,0,0,1000,1000,1000,1000,0,0,0,0,0
2025-12-15 01:28:29.053,SERVO_OUTPUT_RAW,3264209840,SERVO_OUTPUT_RAW,0,0,0,0,0,0,0,0,1000,1000,1000,1000,0,0,0,0,0
2025-12-15 01:28:29.154,SERVO_OUTPUT_RAW,3264309849,SERVO_OUTPUT_RAW,0,0,0,0,0,0,0,0,1000,1000,1000,1000,0,0,0,0,0
2025-12-15 01:28:29.254,SERVO_OUTPUT_RAW,3264409810,SERVO_OUTPUT_RAW,0,0,0,0,0,0,0,0,1000,1000,1000,1000,0,0,0,0,0
2025-12-15 01:28:29.354,SERVO_OUTPUT_RAW,3264512069,SERVO_OUTPUT_RAW,0,0,0,0,0,0,0,0,1000,1000,1000,1000,0,0,0,0,0
2025-12-15 01:28:29.454,SERVO_OUTPUT_RAW,3264609834,SERVO_OUTPUT_RAW,0,0,0,0,0,0,0,0,1000,1000,1000,1000,0,0,0,0,0
2025-12-15 01:28:29.554,SERVO_OUTPUT_RAW,3264709841,SERVO_OUTPUT_RAW,0,0,0,0,0,0,0,0,1000,1000,1000,1000,0,0,0,0,0
2025-12-15 01:28:29.654,SERVO_OUTPUT_RAW,3264809784,SERVO_OUTPUT_RAW,0,0,0,0,0,0,0,0,1000,1000,1000,1000,0,0,0,0,0
2025-12-15 01:28:29.754,SERVO_OUTPUT_RAW,3264909795,SERVO_OUTPUT_RAW,0,0,0,0,0,0,0,0,1000,1000,1000,1000,0,0,0,0,0
2025-12-15 01:28:29.854,SERVO_OUTPUT_RAW,3265009830,SERVO_OUTPUT_RAW,0,0,0,0,0,0,0,0,1000,1000,1000,1000,0,0,0,0,0
2025-12-15 01:28:29.954,SERVO_OUTPUT_RAW,3265109814,SERVO_OUTPUT_RAW,0,0,0,0,0,0,0,0,1000,1000,1000,1000,0,0,0,0,0
2025-12-15 01:28:30.054,SERVO_OUTPUT_RAW,3265209795,SERVO_OUTPUT_RAW,0,0,0,0,0,0,0,0,1000,1000,1000,1000,0,0,0,0,0
2025-12-15 01:28:30.154,SERVO_OUTPUT_RAW,3265309793,SERVO_OUTPUT_RAW,0,0,0,0,0,0,0,0,1000,1000,1000,1000,0,0,0,0,0
2025-12-15 01:28:30.254,SERVO_OUTPUT_RAW,3265409802,SERVO_OUTPUT_RAW,0,0,0,0,0,0,0,0,1000,1000,1000,1000,0,0,0,0,0
2025-12-15 01:28:30.354,SERVO_OUTPUT_RAW,3265509789,SERVO_OUTPUT_RAW,0,0,0,0,0,0,0,0,1000,1000,1000,1000,0,0,0,0,0
2025-12-15 01:28:30.454,SERVO_OUTPUT_RAW,3265609786,SERVO_OUTPUT_RAW,0,0,0,0,0,0,0,0,1000,1000,1000,1000,0,0,0,0,0
2025-12-15 01:28:30.554,SERVO_OUTPUT_RAW,3265709817,SERVO_OUTPUT_RAW,0,0,0,0,0,0,0,0,1000,1000,1000,1000,0,0,0,0,0
2025-12-15 01:28:30.654,SERVO_OUTPUT_RAW,3265809874,SERVO_OUTPUT_RAW,0,0,0,0,0,0,0,0,1000,1000,1000,1000,0,0,0,0,0
2025-12-15 01:28:30.754,SERVO_OUTPUT_RAW,3265909820,SERVO_OUTPUT_RAW,0,0,0,0,0,0,0,0,1000,1000,1000,1000,0,0,0,0,0
2025-12-15 01:28:30.854,SERVO_OUTPUT_RAW,3266009785,SERVO_OUTPUT_RAW,0,0,0,0,0,0,0,0,1000,1000,1000,1000,0,0,0,0,0
2025-12-15 01:28:30.954,SERVO_OUTPUT_RAW,3266109827,SERVO_OUTPUT_RAW,0,0,0,0,0,0,0,0,1000,1000,1000,1000,0,0,0,0,0
2025-12-15 01:28:31.054,SERVO_OUTPUT_RAW,3266209854,SERVO_OUTPUT_RAW,0,0,0,0,0,0,0,0,1000,1000,1000,1000,0,0,0,0,0
2025-12-15 01:28:31.154,SERVO_OUTPUT_RAW,3266309858,SERVO_OUTPUT_RAW,0,0,0,0,0,0,0,0,1000,1000,1000,1000,0,0,0,0,0
2025-12-15 01:28:31.254,SERVO_OUTPUT_RAW,3266409797,SERVO_OUTPUT_RAW,0,0,0,0,0,0,0,0,1000,1000,1000,1000,0,0,0,0,0
2025-12-15 01:28:31.354,SERVO_OUTPUT_RAW,3266509821,SERVO_OUTPUT_RAW,0,0,0,0,0,0,0,0,1000,1000,1000,1000,0,0,0,0,0
2025-12-15 01:28:31.454,SERVO_OUTPUT_RAW,3266609821,SERVO_OUTPUT_RAW,0,0,0,0,0,0,0,0,1000,1000,1000,1000,0,0,0,0,0
2025-12-15 01:28:31.554,SERVO_OUTPUT_RAW,3266709784,SERVO_OUTPUT_RAW,0,0,0,0,0,0,0,0,1000,1000,1000,1000,0,0,0,0,0
2025-12-15 01:28:31.654,SERVO_OUTPUT_RAW,3266809796,SERVO_OUTPUT_RAW,0,0,0,0,0,0,0,0,1000,1000,1000,1000,0,0,0,0,0
2025-12-15 01:28:31.754,SERVO_OUTPUT_RAW,3266909788,SERVO_OUTPUT_RAW,0,0,0,0,0,0,0,0,1000,1000,1000,1000,0,0,0,0,0
2025-12-15 01:28:31.854,SERVO_OUTPUT_RAW,3267009793,SERVO_OUTPUT_RAW,0,0,0,0,0,0,0,0,1000,1000,1000,1000,0,0,0,0,0
2025-12-15 01:28:31.954,SERVO_OUTPUT_RAW,3267109786,SERVO_OUTPUT_RAW,0,0,0,0,0,0,0,0,1000,1000,1000,1000,0,0,0,0,0
2025-12-15 01:28:32.054,SERVO_OUTPUT_RAW,3267209817,SERVO_OUTPUT_RAW,0,0,0,0,0,0,0,0,1000,1000,1000,1000,0,0,0,0,0
2025-12-15 01:28:32.154,SERVO_OUTPUT_RAW,3267309783,SERVO_OUTPUT_RAW,0,0,0,0,0,0,0,0,1000,1000,1000,1000,0,0,0,0,0
2025-12-15 01:28:32.254,SERVO_OUTPUT_RAW,3267409855,SERVO_OUTPUT_RAW,0,0,0,0,0,0,0,0,1000,1000,1000,1000,0,0,0,0,0
2025-12-15 01:28:32.354,SERVO_OUTPUT_RAW,3267512143,SERVO_OUTPUT_RAW,0,0,0,0,0,0,0,0,1000,1000,1000,1000,0,0,0,0,0
2025-12-15 01:28:32.454,SERVO_OUTPUT_RAW,3267609806,SERVO_OUTPUT_RAW,0,0,0,0,0,0,0,0,1000,1000,1000,1000,0,0,0,0,0
2025-12-15 01:28:32.554,SERVO_OUTPUT_RAW,3267709827,SERVO_OUTPUT_RAW,0,0,0,0,0,0,0,0,1000,1000,1000,1000,0,0,0,0,0
2025-12-15 01:28:32.655,SERVO_OUTPUT_RAW,3267809836,SERVO_OUTPUT_RAW,0,0,0,0,0,0,0,0,1000,1000,1000,1000,0,0,0,0,0
2025-12-15 01:28:32.754,SERVO_OUTPUT_RAW,3267909782,SERVO_OUTPUT_RAW,0,0,0,0,0,0,0,0,1000,1000,1000,1000,0,0,0,0,0
2025-12-15 01:28:32.854,SERVO_OUTPUT_RAW,3268009790,SERVO_OUTPUT_RAW,0,0,0,0,0,0,0,0,1000,1000,1000,1000,0,0,0,0,0
2025-12-15 01:28:32.954,SERVO_OUTPUT_RAW,3268109911,SERVO_OUTPUT_RAW,0,0,0,0,0,0,0,0,1000,1000,1000,1000,0,0,0,0,0
2025-12-15 01:28:33.054,SERVO_OUTPUT_RAW,3268209828,SERVO_OUTPUT_RAW,0,0,0,0,0,0,0,0,1000,1000,1000,1000,0,0,0,0,0
2025-12-15 01:28:33.154,SERVO_OUTPUT_RAW,3268309783,SERVO_OUTPUT_RAW,0,0,0,0,0,0,0,0,1000,1000,1000,1000,0,0,0,0,0
2025-12-15 01:28:33.254,SERVO_OUTPUT_RAW,3268409793,SERVO_OUTPUT_RAW,0,0,0,0,0,0,0,0,1000,1000,1000,1000,0,0,0,0,0
2025-12-15 01:28:33.354,SERVO_OUTPUT_RAW,3268509787,SERVO_OUTPUT_RAW,0,0,0,0,0,0,0,0,1000,1000,1000,1000,0,0,0,0,0
2025-12-15 01:28:33.454,SERVO_OUTPUT_RAW,3268609782,SERVO_OUTPUT_RAW,0,0,0,0,0,0,0,0,1000,1000,1000,1000,0,0,0,0,0
2025-12-15 01:28:33.554,SERVO_OUTPUT_RAW,3268709810,SERVO_OUTPUT_RAW,0,0,0,0,0,0,0,0,1000,1000,1000,1000,0,0,0,0,0
2025-12-15 01:28:33.655,SERVO_OUTPUT_RAW,3268809810,SERVO_OUTPUT_RAW,0,0,0,0,0,0,0,0,1000,1000,1000,1000,0,0,0,0,0
2025-12-15 01:28:33.754,SERVO_OUTPUT_RAW,3268909832,SERVO_OUTPUT_RAW,0,0,0,0,0,0,0,0,1000,1000,1000,1000,0,0,0,0,0
2025-12-15 01:28:33.854,SERVO_OUTPUT_RAW,3269012144,SERVO_OUTPUT_RAW,0,0,0,0,0,0,0,0,1000,1000,1000,1000,0,0,0,0,0
2025-12-15 01:28:33.955,SERVO_OUTPUT_RAW,3269109801,SERVO_OUTPUT_RAW,0,0,0,0,0,0,0,0,1000,1000,1000,1000,0,0,0,0,0
2025-12-15 01:28:34.054,SERVO_OUTPUT_RAW,3269209809,SERVO_OUTPUT_RAW,0,0,0,0,0,0,0,0,1000,1000,1000,1000,0,0,0,0,0
2025-12-15 01:28:34.154,SERVO_OUTPUT_RAW,3269309843,SERVO_OUTPUT_RAW,0,0,0,0,0,0,0,0,1000,1000,1000,1000,0,0,0,0,0
2025-12-15 01:28:34.255,SERVO_OUTPUT_RAW,3269409857,SERVO_OUTPUT_RAW,0,0,0,0,0,0,0,0,1000,1000,1000,1000,0,0,0,0,0
2025-12-15 01:28:34.354,SERVO_OUTPUT_RAW,3269509786,SERVO_OUTPUT_RAW,0,0,0,0,0,0,0,0,1000,1000,1000,1000,0,0,0,0,0
2025-12-15 01:28:34.454,SERVO_OUTPUT_RAW,3269609923,SERVO_OUTPUT_RAW,0,0,0,0,0,0,0,0,1000,1000,1000,1000,0,0,0,0,0
2025-12-15 01:28:34.555,SERVO_OUTPUT_RAW,3269709824,SERVO_OUTPUT_RAW,0,0,0,0,0,0,0,0,1000,1000,1000,1000,0,0,0,0,0
2025-12-15 01:28:34.654,SERVO_OUTPUT_RAW,3269809785,SERVO_OUTPUT_RAW,0,0,0,0,0,0,0,0,1000,1000,1000,1000,0,0,0,0,0
2025-12-15 01:28:34.754,SERVO_OUTPUT_RAW,3269909811,SERVO_OUTPUT_RAW,0,0,0,0,0,0,0,0,1000,1000,1000,1000,0,0,0,0,0
2025-12-15 01:28:34.855,SERVO_OUTPUT_RAW,3270009783,SERVO_OUTPUT_RAW,0,0,0,0,0,0,0,0,1000,1000,1000,1000,0,0,0,0,0
2025-12-15 01:28:34.955,SERVO_OUTPUT_RAW,3270109776,SERVO_OUTPUT_RAW,0,0,0,0,0,0,0,0,1000,1000,1000,1000,0,0,0,0,0
2025-12-15 01:28:35.053,SERVO_OUTPUT_RAW,3270209781,SERVO_OUTPUT_RAW,0,0,0,0,0,0,0,0,1000,1000,1000,1000,0,0,0,0,0
2025-12-15 01:28:35.154,SERVO_OUTPUT_RAW,3270309775,SERVO_OUTPUT_RAW,0,0,0,0,0,0,0,0,1000,1000,1000,1000,0,0,0,0,0
2025-12-15 01:28:35.254,SERVO_OUTPUT_RAW,3270409835,SERVO_OUTPUT_RAW,0,0,0,0,0,0,0,0,1000,1000,1000,1000,0,0,0,0,0
2025-12-15 01:28:35.353,SERVO_OUTPUT_RAW,3270509838,SERVO_OUTPUT_RAW,0,0,0,0,0,0,0,0,1000,1000,1000,1000,0,0,0,0,0
2025-12-15 01:28:35.453,SERVO_OUTPUT_RAW,3270609853,SERVO_OUTPUT_RAW,0,0,0,0,0,0,0,0,1000,1000,1000,1000,0,0,0,0,0
2025-12-15 01:28:35.555,SERVO_OUTPUT_RAW,3270709805,SERVO_OUTPUT_RAW,0,0,0,0,0,0,0,0,1000,1000,1000,1000,0,0,0,0,0
2025-12-15 01:28:35.655,SERVO_OUTPUT_RAW,3270809830,SERVO_OUTPUT_RAW,0,0,0,0,0,0,0,0,1000,1000,1000,1000,0,0,0,0,0
2025-12-15 01:28:35.754,SERVO_OUTPUT_RAW,3270909856,SERVO_OUTPUT_RAW,0,0,0,0,0,0,0,0,1000,1000,1000,1000,0,0,0,0,0
2025-12-15 01:28:35.855,SERVO_OUTPUT_RAW,3271009838,SERVO_OUTPUT_RAW,0,0,0,0,0,0,0,0,1000,1000,1000,1000,0,0,0,0,0
2025-12-15 01:28:35.954,SERVO_OUTPUT_RAW,3271109784,SERVO_OUTPUT_RAW,0,0,0,0,0,0,0,0,1000,1000,1000,1000,0,0,0,0,0
2025-12-15 01:28:36.054,SERVO_OUTPUT_RAW,3271209817,SERVO_OUTPUT_RAW,0,0,0,0,0,0,0,0,1000,1000,1000,1000,0,0,0,0,0
2025-12-15 01:28:36.154,SERVO_OUTPUT_RAW,3271309809,SERVO_OUTPUT_RAW,0,0,0,0,0,0,0,0,1000,1000,1000,1000,0,0,0,0,0
2025-12-15 01:28:36.254,SERVO_OUTPUT_RAW,3271409794,SERVO_OUTPUT_RAW,0,0,0,0,0,0,0,0,1000,1000,1000,1000,0,0,0,0,0
2025-12-15 01:28:36.354,SERVO_OUTPUT_RAW,3271509791,SERVO_OUTPUT_RAW,0,0,0,0,0,0,0,0,1000,1000,1000,1000,0,0,0,0,0
2025-12-15 01:28:36.454,SERVO_OUTPUT_RAW,3271609806,SERVO_OUTPUT_RAW,0,0,0,0,0,0,0,0,1000,1000,1000,1000,0,0,0,0,0
2025-12-15 01:28:36.554,SERVO_OUTPUT_RAW,3271709791,SERVO_OUTPUT_RAW,0,0,0,0,0,0,0,0,1000,1000,1000,1000,0,0,0,0,0
2025-12-15 01:28:36.654,SERVO_OUTPUT_RAW,3271809785,SERVO_OUTPUT_RAW,0,0,0,0,0,0,0,0,1000,1000,1000,1000,0,0,0,0,0
2025-12-15 01:28:36.754,SERVO_OUTPUT_RAW,3271909819,SERVO_OUTPUT_RAW,0,0,0,0,0,0,0,0,1000,1000,1000,1000,0,0,0,0,0
2025-12-15 01:28:36.854,SERVO_OUTPUT_RAW,3272009833,SERVO_OUTPUT_RAW,0,0,0,0,0,0,0,0,1000,1000,1000,1000,0,0,0,0,0
2025-12-15 01:28:36.954,SERVO_OUTPUT_RAW,3272109814,SERVO_OUTPUT_RAW,0,0,0,0,0,0,0,0,1000,1000,1000,1000,0,0,0,0,0
2025-12-15 01:28:37.054,SERVO_OUTPUT_RAW,3272209802,SERVO_OUTPUT_RAW,0,0,0,0,0,0,0,0,1000,1000,1000,1000,0,0,0,0,0
2025-12-15 01:28:37.154,SERVO_OUTPUT_RAW,3272309808,SERVO_OUTPUT_RAW,0,0,0,0,0,0,0,0,1000,1000,1000,1000,0,0,0,0,0
2025-12-15 01:28:37.254,SERVO_OUTPUT_RAW,3272409849,SERVO_OUTPUT_RAW,0,0,0,0,0,0,0,0,1000,1000,1000,1000,0,0,0,0,0
2025-12-15 01:28:37.354,SERVO_OUTPUT_RAW,3272509840,SERVO_OUTPUT_RAW,0,0,0,0,0,0,0,0,1000,1000,1000,1000,0,0,0,0,0
2025-12-15 01:28:37.454,SERVO_OUTPUT_RAW,3272609906,SERVO_OUTPUT_RAW,0,0,0,0,0,0,0,0,1000,1000,1000,1000,0,0,0,0,0
2025-12-15 01:28:37.554,SERVO_OUTPUT_RAW,3272709797,SERVO_OUTPUT_RAW,0,0,0,0,0,0,0,0,1000,1000,1000,1000,0,0,0,0,0
2025-12-15 01:28:37.653,SERVO_OUTPUT_RAW,3272809830,SERVO_OUTPUT_RAW,0,0,0,0,0,0,0,0,1000,1000,1000,1000,0,0,0,0,0
2025-12-15 01:28:37.754,SERVO_OUTPUT_RAW,3272909827,SERVO_OUTPUT_RAW,0,0,0,0,0,0,0,0,1000,1000,1000,1000,0,0,0,0,0
2025-12-15 01:28:37.854,SERVO_OUTPUT_RAW,3273009788,SERVO_OUTPUT_RAW,0,0,0,0,0,0,0,0,1000,1000,1000,1000,0,0,0,0,0
2025-12-15 01:28:37.954,SERVO_OUTPUT_RAW,3273109796,SERVO_OUTPUT_RAW,0,0,0,0,0,0,0,0,1000,1000,1000,1000,0,0,0,0,0
2025-12-15 01:28:38.054,SERVO_OUTPUT_RAW,3273209784,SERVO_OUTPUT_RAW,0,0,0,0,0,0,0,0,1000,1000,1000,1000,0,0,0,0,0
2025-12-15 01:28:38.154,SERVO_OUTPUT_RAW,3273309782,SERVO_OUTPUT_RAW,0,0,0,0,0,0,0,0,1000,1000,1000,1000,0,0,0,0,0
2025-12-15 01:28:38.254,SERVO_OUTPUT_RAW,3273409790,SERVO_OUTPUT_RAW,0,0,0,0,0,0,0,0,1000,1000,1000,1000,0,0,0,0,0
2025-12-15 01:28:38.354,SERVO_OUTPUT_RAW,3273509834,SERVO_OUTPUT_RAW,0,0,0,0,0,0,0,0,1000,1000,1000,1000,0,0,0,0,0
2025-12-15 01:28:38.454,SERVO_OUTPUT_RAW,3273609851,SERVO_OUTPUT_RAW,0,0,0,0,0,0,0,0,1000,1000,1000,1000,0,0,0,0,0
2025-12-15 01:28:38.554,SERVO_OUTPUT_RAW,3273709850,SERVO_OUTPUT_RAW,0,0,0,0,0,0,0,0,1000,1000,1000,1000,0,0,0,0,0
2025-12-15 01:28:38.654,SERVO_OUTPUT_RAW,3273812136,SERVO_OUTPUT_RAW,0,0,0,0,0,0,0,0,1000,1000,1000,1000,0,0,0,0,0
2025-12-15 01:28:38.754,SERVO_OUTPUT_RAW,3273909839,SERVO_OUTPUT_RAW,0,0,0,0,0,0,0,0,1000,1000,1000,1000,0,0,0,0,0
2025-12-15 01:28:38.854,SERVO_OUTPUT_RAW,3274009850,SERVO_OUTPUT_RAW,0,0,0,0,0,0,0,0,1000,1000,1000,1000,0,0,0,0,0
2025-12-15 01:28:38.954,SERVO_OUTPUT_RAW,3274109839,SERVO_OUTPUT_RAW,0,0,0,0,0,0,0,0,1000,1000,1000,1000,0,0,0,0,0
2025-12-15 01:28:39.054,SERVO_OUTPUT_RAW,3274209790,SERVO_OUTPUT_RAW,0,0,0,0,0,0,0,0,1000,1000,1000,1000,0,0,0,0,0
2025-12-15 01:28:39.154,SERVO_OUTPUT_RAW,3274309803,SERVO_OUTPUT_RAW,0,0,0,0,0,0,0,0,1000,1000,1000,1000,0,0,0,0,0
2025-12-15 01:28:39.254,SERVO_OUTPUT_RAW,3274409829,SERVO_OUTPUT_RAW,0,0,0,0,0,0,0,0,1000,1000,1000,1000,0,0,0,0,0
2025-12-15 01:28:39.354,SERVO_OUTPUT_RAW,3274509792,SERVO_OUTPUT_RAW,0,0,0,0,0,0,0,0,1000,1000,1000,1000,0,0,0,0,0
2025-12-15 01:28:39.454,SERVO_OUTPUT_RAW,3274609777,SERVO_OUTPUT_RAW,0,0,0,0,0,0,0,0,1000,1000,1000,1000,0,0,0,0,0
2025-12-15 01:28:39.554,SERVO_OUTPUT_RAW,3274709775,SERVO_OUTPUT_RAW,0,0,0,0,0,0,0,0,1000,1000,1000,1000,0,0,0,0,0
2025-12-15 01:28:39.654,SERVO_OUTPUT_RAW,3274809786,SERVO_OUTPUT_RAW,0,0,0,0,0,0,0,0,1000,1000,1000,1000,0,0,0,0,0
2025-12-15 01:28:39.754,SERVO_OUTPUT_RAW,3274912119,SERVO_OUTPUT_RAW,0,0,0,0,0,0,0,0,1000,1000,1000,1000,0,0,0,0,0
2025-12-15 01:28:39.854,SERVO_OUTPUT_RAW,3275009787,SERVO_OUTPUT_RAW,0,0,0,0,0,0,0,0,1000,1000,1000,1000,0,0,0,0,0
2025-12-15 01:28:39.954,SERVO_OUTPUT_RAW,3275109832,SERVO_OUTPUT_RAW,0,0,0,0,0,0,0,0,1000,1000,1000,1000,0,0,0,0,0
2025-12-15 01:28:40.054,SERVO_OUTPUT_RAW,3275209851,SERVO_OUTPUT_RAW,0,0,0,0,0,0,0,0,1000,1000,1000,1000,0,0,0,0,0
2025-12-15 01:28:40.154,SERVO_OUTPUT_RAW,3275312130,SERVO_OUTPUT_RAW,0,0,0,0,0,0,0,0,1000,1000,1000,1000,0,0,0,0,0
2025-12-15 01:28:40.254,SERVO_OUTPUT_RAW,3275409802,SERVO_OUTPUT_RAW,0,0,0,0,0,0,0,0,1000,1000,1000,1000,0,0,0,0,0
2025-12-15 01:28:40.354,SERVO_OUTPUT_RAW,3275509849,SERVO_OUTPUT_RAW,0,0,0,0,0,0,0,0,1000,1000,1000,1000,0,0,0,0,0
2025-12-15 01:28:40.455,SERVO_OUTPUT_RAW,3275609842,SERVO_OUTPUT_RAW,0,0,0,0,0,0,0,0,1000,1000,1000,1000,0,0,0,0,0
2025-12-15 01:28:40.554,SERVO_OUTPUT_RAW,3275709785,SERVO_OUTPUT_RAW,0,0,0,0,0,0,0,0,1000,1000,1000,1000,0,0,0,0,0
2025-12-15 01:28:40.654,SERVO_OUTPUT_RAW,3275809778,SERVO_OUTPUT_RAW,0,0,0,0,0,0,0,0,1000,1000,1000,1000,0,0,0,0,0
2025-12-15 01:28:40.754,SERVO_OUTPUT_RAW,3275909942,SERVO_OUTPUT_RAW,0,0,0,0,0,0,0,0,1000,1000,1000,1000,0,0,0,0,0
2025-12-15 01:28:40.854,SERVO_OUTPUT_RAW,3276009812,SERVO_OUTPUT_RAW,0,0,0,0,0,0,0,0,1000,1000,1000,1000,0,0,0,0,0
2025-12-15 01:28:40.954,SERVO_OUTPUT_RAW,3276109780,SERVO_OUTPUT_RAW,0,0,0,0,0,0,0,0,1000,1000,1000,1000,0,0,0,0,0
2025-12-15 01:28:41.054,SERVO_OUTPUT_RAW,3276209800,SERVO_OUTPUT_RAW,0,0,0,0,0,0,0,0,1000,1000,1000,1000,0,0,0,0,0
2025-12-15 01:28:41.154,SERVO_OUTPUT_RAW,3276309781,SERVO_OUTPUT_RAW,0,0,0,0,0,0,0,0,1000,1000,1000,1000,0,0,0,0,0
2025-12-15 01:28:41.254,SERVO_OUTPUT_RAW,3276409801,SERVO_OUTPUT_RAW,0,0,0,0,0,0,0,0,1000,1000,1000,1000,0,0,0,0,0
2025-12-15 01:28:41.354,SERVO_OUTPUT_RAW,3276512118,SERVO_OUTPUT_RAW,0,0,0,0,0,0,0,0,1000,1000,1000,1000,0,0,0,0,0
2025-12-15 01:28:41.455,SERVO_OUTPUT_RAW,3276609809,SERVO_OUTPUT_RAW,0,0,0,0,0,0,0,0,1000,1000,1000,1000,0,0,0,0,0
2025-12-15 01:28:41.554,SERVO_OUTPUT_RAW,3276709826,SERVO_OUTPUT_RAW,0,0,0,0,0,0,0,0,1000,1000,1000,1000,0,0,0,0,0
2025-12-15 01:28:41.654,SERVO_OUTPUT_RAW,3276809846,SERVO_OUTPUT_RAW,0,0,0,0,0,0,0,0,1000,1000,1000,1000,0,0,0,0,0
2025-12-15 01:28:41.754,SERVO_OUTPUT_RAW,3276909824,SERVO_OUTPUT_RAW,0,0,0,0,0,0,0,0,1000,1000,1000,1000,0,0,0,0,0
2025-12-15 01:28:41.854,SERVO_OUTPUT_RAW,3277009812,SERVO_OUTPUT_RAW,0,0,0,0,0,0,0,0,1000,1000,1000,1000,0,0,0,0,0
2025-12-15 01:28:41.954,SERVO_OUTPUT_RAW,3277109854,SERVO_OUTPUT_RAW,0,0,0,0,0,0,0,0,1000,1000,1000,1000,0,0,0,0,0
2025-12-15 01:28:42.055,SERVO_OUTPUT_RAW,3277209846,SERVO_OUTPUT_RAW,0,0,0,0,0,0,0,0,1000,1000,1000,1000,0,0,0,0,0
2025-12-15 01:28:42.154,SERVO_OUTPUT_RAW,3277309789,SERVO_OUTPUT_RAW,0,0,0,0,0,0,0,0,1000,1000,1000,1000,0,0,0,0,0
2025-12-15 01:28:42.254,SERVO_OUTPUT_RAW,3277409818,SERVO_OUTPUT_RAW,0,0,0,0,0,0,0,0,1000,1000,1000,1000,0,0,0,0,0
2025-12-15 01:28:42.355,SERVO_OUTPUT_RAW,3277509808,SERVO_OUTPUT_RAW,0,0,0,0,0,0,0,0,1000,1000,1000,1000,0,0,0,0,0
2025-12-15 01:28:42.455,SERVO_OUTPUT_RAW,3277609777,SERVO_OUTPUT_RAW,0,0,0,0,0,0,0,0,1000,1000,1000,1000,0,0,0,0,0
2025-12-15 01:28:42.553,SERVO_OUTPUT_RAW,3277709776,SERVO_OUTPUT_RAW,0,0,0,0,0,0,0,0,1000,1000,1000,1000,0,0,0,0,0
2025-12-15 01:28:42.655,SERVO_OUTPUT_RAW,3277809794,SERVO_OUTPUT_RAW,0,0,0,0,0,0,0,0,1000,1000,1000,1000,0,0,0,0,0
2025-12-15 01:28:42.755,SERVO_OUTPUT_RAW,3277909782,SERVO_OUTPUT_RAW,0,0,0,0,0,0,0,0,1000,1000,1000,1000,0,0,0,0,0
2025-12-15 01:28:42.854,SERVO_OUTPUT_RAW,3278009804,SERVO_OUTPUT_RAW,0,0,0,0,0,0,0,0,1000,1000,1000,1000,0,0,0,0,0
2025-12-15 01:28:42.954,SERVO_OUTPUT_RAW,3278109807,SERVO_OUTPUT_RAW,0,0,0,0,0,0,0,0,1000,1000,1000,1000,0,0,0,0,0
2025-12-15 01:28:43.055,SERVO_OUTPUT_RAW,3278209816,SERVO_OUTPUT_RAW,0,0,0,0,0,0,0,0,1000,1000,1000,1000,0,0,0,0,0
2025-12-15 01:28:43.154,SERVO_OUTPUT_RAW,3278309861,SERVO_OUTPUT_RAW,0,0,0,0,0,0,0,0,1000,1000,1000,1000,0,0,0,0,0
2025-12-15 01:28:43.254,SERVO_OUTPUT_RAW,3278409847,SERVO_OUTPUT_RAW,0,0,0,0,0,0,0,0,1000,1000,1000,1000,0,0,0,0,0
2025-12-15 01:28:43.354,SERVO_OUTPUT_RAW,3278509810,SERVO_OUTPUT_RAW,0,0,0,0,0,0,0,0,1000,1000,1000,1000,0,0,0,0,0
2025-12-15 01:28:43.454,SERVO_OUTPUT_RAW,3278609841,SERVO_OUTPUT_RAW,0,0,0,0,0,0,0,0,1000,1000,1000,1000,0,0,0,0,0
2025-12-15 01:28:43.554,SERVO_OUTPUT_RAW,3278709841,SERVO_OUTPUT_RAW,0,0,0,0,0,0,0,0,1000,1000,1000,1000,0,0,0,0,0
2025-12-15 01:28:43.654,SERVO_OUTPUT_RAW,3278809862,SERVO_OUTPUT_RAW,0,0,0,0,0,0,0,0,1000,1000,1000,1000,0,0,0,0,0
2025-12-15 01:28:43.755,SERVO_OUTPUT_RAW,3278909787,SERVO_OUTPUT_RAW,0,0,0,0,0,0,0,0,1000,1000,1000,1000,0,0,0,0,0
2025-12-15 01:28:43.855,SERVO_OUTPUT_RAW,3279009801,SERVO_OUTPUT_RAW,0,0,0,0,0,0,0,0,1000,1000,1000,1000,0,0,0,0,0
2025-12-15 01:28:43.955,SERVO_OUTPUT_RAW,3279109812,SERVO_OUTPUT_RAW,0,0,0,0,0,0,0,0,1000,1000,1000,1000,0,0,0,0,0
2025-12-15 01:28:44.055,SERVO_OUTPUT_RAW,3279209771,SERVO_OUTPUT_RAW,0,0,0,0,0,0,0,0,1000,1000,1000,1000,0,0,0,0,0
2025-12-15 01:28:44.155,SERVO_OUTPUT_RAW,3279309779,SERVO_OUTPUT_RAW,0,0,0,0,0,0,0,0,1000,1000,1000,1000,0,0,0,0,0
2025-12-15 01:28:44.255,SERVO_OUTPUT_RAW,3279409811,SERVO_OUTPUT_RAW,0,0,0,0,0,0,0,0,1000,1000,1000,1000,0,0,0,0,0
2025-12-15 01:28:44.355,SERVO_OUTPUT_RAW,3279509781,SERVO_OUTPUT_RAW,0,0,0,0,0,0,0,0,1000,1000,1000,1000,0,0,0,0,0
2025-12-15 01:28:44.454,SERVO_OUTPUT_RAW,3279609783,SERVO_OUTPUT_RAW,0,0,0,0,0,0,0,0,1000,1000,1000,1000,0,0,0,0,0
2025-12-15 01:28:44.554,SERVO_OUTPUT_RAW,3279709813,SERVO_OUTPUT_RAW,0,0,0,0,0,0,0,0,1000,1000,1000,1000,0,0,0,0,0
2025-12-15 01:28:44.655,SERVO_OUTPUT_RAW,3279809856,SERVO_OUTPUT_RAW,0,0,0,0,0,0,0,0,1000,1000,1000,1000,0,0,0,0,0
2025-12-15 01:28:44.755,SERVO_OUTPUT_RAW,3279909852,SERVO_OUTPUT_RAW,0,0,0,0,0,0,0,0,1000,1000,1000,1000,0,0,0,0,0
2025-12-15 01:28:44.855,SERVO_OUTPUT_RAW,3280009786,SERVO_OUTPUT_RAW,0,0,0,0,0,0,0,0,1000,1000,1000,1000,0,0,0,0,0
2025-12-15 01:28:44.955,SERVO_OUTPUT_RAW,3280112086,SERVO_OUTPUT_RAW,0,0,0,0,0,0,0,0,1000,1000,1000,1000,0,0,0,0,0
2025-12-15 01:28:45.055,SERVO_OUTPUT_RAW,3280209821,SERVO_OUTPUT_RAW,0,0,0,0,0,0,0,0,1000,1000,1000,1000,0,0,0,0,0
2025-12-15 01:28:45.155,SERVO_OUTPUT_RAW,3280309848,SERVO_OUTPUT_RAW,0,0,0,0,0,0,0,0,1000,1000,1000,1000,0,0,0,0,0
2025-12-15 01:28:45.255,SERVO_OUTPUT_RAW,3280409818,SERVO_OUTPUT_RAW,0,0,0,0,0,0,0,0,1000,1000,1000,1000,0,0,0,0,0
2025-12-15 01:28:45.354,SERVO_OUTPUT_RAW,3280509801,SERVO_OUTPUT_RAW,0,0,0,0,0,0,0,0,1000,1000,1000,1000,0,0,0,0,0
2025-12-15 01:28:45.455,SERVO_OUTPUT_RAW,3280609810,SERVO_OUTPUT_RAW,0,0,0,0,0,0,0,0,1000,1000,1000,1000,0,0,0,0,0
2025-12-15 01:28:45.555,SERVO_OUTPUT_RAW,3280709888,SERVO_OUTPUT_RAW,0,0,0,0,0,0,0,0,1000,1000,1000,1000,0,0,0,0,0
2025-12-15 01:28:45.655,SERVO_OUTPUT_RAW,3280809795,SERVO_OUTPUT_RAW,0,0,0,0,0,0,0,0,1000,1000,1000,1000,0,0,0,0,0
2025-12-15 01:28:45.754,SERVO_OUTPUT_RAW,3280909776,SERVO_OUTPUT_RAW,0,0,0,0,0,0,0,0,1000,1000,1000,1000,0,0,0,0,0
2025-12-15 01:28:45.854,SERVO_OUTPUT_RAW,3281009790,SERVO_OUTPUT_RAW,0,0,0,0,0,0,0,0,1000,1000,1000,1000,0,0,0,0,0
2025-12-15 01:28:45.954,SERVO_OUTPUT_RAW,3281109784,SERVO_OUTPUT_RAW,0,0,0,0,0,0,0,0,1000,1000,1000,1000,0,0,0,0,0
2025-12-15 01:28:46.054,SERVO_OUTPUT_RAW,3281209786,SERVO_OUTPUT_RAW,0,0,0,0,0,0,0,0,1000,1000,1000,1000,0,0,0,0,0
2025-12-15 01:28:46.154,SERVO_OUTPUT_RAW,3281309841,SERVO_OUTPUT_RAW,0,0,0,0,0,0,0,0,1000,1000,1000,1000,0,0,0,0,0
2025-12-15 01:28:46.254,SERVO_OUTPUT_RAW,3281409810,SERVO_OUTPUT_RAW,0,0,0,0,0,0,0,0,1000,1000,1000,1000,0,0,0,0,0
2025-12-15 01:28:46.354,SERVO_OUTPUT_RAW,3281509806,SERVO_OUTPUT_RAW,0,0,0,0,0,0,0,0,1000,1000,1000,1000,0,0,0,0,0
2025-12-15 01:28:46.454,SERVO_OUTPUT_RAW,3281609815,SERVO_OUTPUT_RAW,0,0,0,0,0,0,0,0,1000,1000,1000,1000,0,0,0,0,0
2025-12-15 01:28:46.554,SERVO_OUTPUT_RAW,3281709834,SERVO_OUTPUT_RAW,0,0,0,0,0,0,0,0,1000,1000,1000,1000,0,0,0,0,0
2025-12-15 01:28:46.654,SERVO_OUTPUT_RAW,3281809855,SERVO_OUTPUT_RAW,0,0,0,0,0,0,0,0,1000,1000,1000,1000,0,0,0,0,0
2025-12-15 01:28:46.754,SERVO_OUTPUT_RAW,3281909836,SERVO_OUTPUT_RAW,0,0,0,0,0,0,0,0,1000,1000,1000,1000,0,0,0,0,0
2025-12-15 01:28:46.854,SERVO_OUTPUT_RAW,3282009790,SERVO_OUTPUT_RAW,0,0,0,0,0,0,0,0,1000,1000,1000,1000,0,0,0,0,0
2025-12-15 01:28:46.954,SERVO_OUTPUT_RAW,3282109797,SERVO_OUTPUT_RAW,0,0,0,0,0,0,0,0,1000,1000,1000,1000,0,0,0,0,0
2025-12-15 01:28:47.054,SERVO_OUTPUT_RAW,3282209863,SERVO_OUTPUT_RAW,0,0,0,0,0,0,0,0,1000,1000,1000,1000,0,0,0,0,0
2025-12-15 01:28:47.154,SERVO_OUTPUT_RAW,3282309842,SERVO_OUTPUT_RAW,0,0,0,0,0,0,0,0,1000,1000,1000,1000,0,0,0,0,0
2025-12-15 01:28:47.254,SERVO_OUTPUT_RAW,3282409789,SERVO_OUTPUT_RAW,0,0,0,0,0,0,0,0,1000,1000,1000,1000,0,0,0,0,0
2025-12-15 01:28:47.354,SERVO_OUTPUT_RAW,3282509799,SERVO_OUTPUT_RAW,0,0,0,0,0,0,0,0,1000,1000,1000,1000,0,0,0,0,0
2025-12-15 01:28:47.454,SERVO_OUTPUT_RAW,3282609793,SERVO_OUTPUT_RAW,0,0,0,0,0,0,0,0,1000,1000,1000,1000,0,0,0,0,0
2025-12-15 01:28:47.554,SERVO_OUTPUT_RAW,3282709791,SERVO_OUTPUT_RAW,0,0,0,0,0,0,0,0,1000,1000,1000,1000,0,0,0,0,0
2025-12-15 01:28:47.654,SERVO_OUTPUT_RAW,3282809804,SERVO_OUTPUT_RAW,0,0,0,0,0,0,0,0,1000,1000,1000,1000,0,0,0,0,0
2025-12-15 01:28:47.754,SERVO_OUTPUT_RAW,3282909840,SERVO_OUTPUT_RAW,0,0,0,0,0,0,0,0,1000,1000,1000,1000,0,0,0,0,0
2025-12-15 01:28:47.854,SERVO_OUTPUT_RAW,3283009828,SERVO_OUTPUT_RAW,0,0,0,0,0,0,0,0,1000,1000,1000,1000,0,0,0,0,0
2025-12-15 01:28:47.954,SERVO_OUTPUT_RAW,3283109805,SERVO_OUTPUT_RAW,0,0,0,0,0,0,0,0,1000,1000,1000,1000,0,0,0,0,0
2025-12-15 01:28:48.054,SERVO_OUTPUT_RAW,3283209834,SERVO_OUTPUT_RAW,0,0,0,0,0,0,0,0,1000,1000,1000,1000,0,0,0,0,0
2025-12-15 01:28:48.154,SERVO_OUTPUT_RAW,3283309828,SERVO_OUTPUT_RAW,0,0,0,0,0,0,0,0,1000,1000,1000,1000,0,0,0,0,0
2025-12-15 01:28:48.254,SERVO_OUTPUT_RAW,3283409847,SERVO_OUTPUT_RAW,0,0,0,0,0,0,0,0,1000,1000,1000,1000,0,0,0,0,0
2025-12-15 01:28:48.354,SERVO_OUTPUT_RAW,3283509777,SERVO_OUTPUT_RAW,0,0,0,0,0,0,0,0,1000,1000,1000,1000,0,0,0,0,0
2025-12-15 01:28:48.454,SERVO_OUTPUT_RAW,3283609801,SERVO_OUTPUT_RAW,0,0,0,0,0,0,0,0,1000,1000,1000,1000,0,0,0,0,0
2025-12-15 01:28:48.554,SERVO_OUTPUT_RAW,3283709803,SERVO_OUTPUT_RAW,0,0,0,0,0,0,0,0,1000,1000,1000,1000,0,0,0,0,0
2025-12-15 01:28:48.654,SERVO_OUTPUT_RAW,3283809831,SERVO_OUTPUT_RAW,0,0,0,0,0,0,0,0,1000,1000,1000,1000,0,0,0,0,0
2025-12-15 01:28:48.754,SERVO_OUTPUT_RAW,3283909787,SERVO_OUTPUT_RAW,0,0,0,0,0,0,0,0,1000,1000,1000,1000,0,0,0,0,0
2025-12-15 01:28:48.855,SERVO_OUTPUT_RAW,3284009785,SERVO_OUTPUT_RAW,0,0,0,0,0,0,0,0,1000,1000,1000,1000,0,0,0,0,0
2025-12-15 01:28:48.954,SERVO_OUTPUT_RAW,3284109791,SERVO_OUTPUT_RAW,0,0,0,0,0,0,0,0,1000,1000,1000,1000,0,0,0,0,0
2025-12-15 01:28:49.054,SERVO_OUTPUT_RAW,3284209790,SERVO_OUTPUT_RAW,0,0,0,0,0,0,0,0,1000,1000,1000,1000,0,0,0,0,0
2025-12-15 01:28:49.155,SERVO_OUTPUT_RAW,3284312112,SERVO_OUTPUT_RAW,0,0,0,0,0,0,0,0,1000,1000,1000,1000,0,0,0,0,0
2025-12-15 01:28:49.254,SERVO_OUTPUT_RAW,3284409806,SERVO_OUTPUT_RAW,0,0,0,0,0,0,0,0,1000,1000,1000,1000,0,0,0,0,0
2025-12-15 01:28:49.354,SERVO_OUTPUT_RAW,3284509836,SERVO_OUTPUT_RAW,0,0,0,0,0,0,0,0,1000,1000,1000,1000,0,0,0,0,0
2025-12-15 01:28:49.454,SERVO_OUTPUT_RAW,3284609859,SERVO_OUTPUT_RAW,0,0,0,0,0,0,0,0,1000,1000,1000,1000,0,0,0,0,0
2025-12-15 01:28:49.554,SERVO_OUTPUT_RAW,3284709787,SERVO_OUTPUT_RAW,0,0,0,0,0,0,0,0,1000,1000,1000,1000,0,0,0,0,0
2025-12-15 01:28:49.654,SERVO_OUTPUT_RAW,3284809811,SERVO_OUTPUT_RAW,0,0,0,0,0,0,0,0,1000,1000,1000,1000,0,0,0,0,0
2025-12-15 01:28:49.754,SERVO_OUTPUT_RAW,3284909835,SERVO_OUTPUT_RAW,0,0,0,0,0,0,0,0,1000,1000,1000,1000,0,0,0,0,0
2025-12-15 01:28:49.854,SERVO_OUTPUT_RAW,3285009839,SERVO_OUTPUT_RAW,0,0,0,0,0,0,0,0,1000,1000,1000,1000,0,0,0,0,0
2025-12-15 01:28:49.955,SERVO_OUTPUT_RAW,3285109782,SERVO_OUTPUT_RAW,0,0,0,0,0,0,0,0,1000,1000,1000,1000,0,0,0,0,0
2025-12-15 01:28:50.055,SERVO_OUTPUT_RAW,3285209824,SERVO_OUTPUT_RAW,0,0,0,0,0,0,0,0,1000,1000,1000,1000,0,0,0,0,0
2025-12-15 01:28:50.154,SERVO_OUTPUT_RAW,3285309824,SERVO_OUTPUT_RAW,0,0,0,0,0,0,0,0,1000,1000,1000,1000,0,0,0,0,0
2025-12-15 01:28:50.254,SERVO_OUTPUT_RAW,3285409779,SERVO_OUTPUT_RAW,0,0,0,0,0,0,0,0,1000,1000,1000,1000,0,0,0,0,0
2025-12-15 01:28:50.354,SERVO_OUTPUT_RAW,3285509785,SERVO_OUTPUT_RAW,0,0,0,0,0,0,0,0,1000,1000,1000,1000,0,0,0,0,0
2025-12-15 01:28:50.454,SERVO_OUTPUT_RAW,3285609795,SERVO_OUTPUT_RAW,0,0,0,0,0,0,0,0,1000,1000,1000,1000,0,0,0,0,0
2025-12-15 01:28:50.554,SERVO_OUTPUT_RAW,3285709783,SERVO_OUTPUT_RAW,0,0,0,0,0,0,0,0,1000,1000,1000,1000,0,0,0,0,0
2025-12-15 01:28:50.654,SERVO_OUTPUT_RAW,3285809794,SERVO_OUTPUT_RAW,0,0,0,0,0,0,0,0,1000,1000,1000,1000,0,0,0,0,0
2025-12-15 01:28:50.754,SERVO_OUTPUT_RAW,3285909793,SERVO_OUTPUT_RAW,0,0,0,0,0,0,0,0,1000,1000,1000,1000,0,0,0,0,0
2025-12-15 01:28:50.854,SERVO_OUTPUT_RAW,3286009816,SERVO_OUTPUT_RAW,0,0,0,0,0,0,0,0,1000,1000,1000,1000,0,0,0,0,0
2025-12-15 01:28:50.955,SERVO_OUTPUT_RAW,3286112128,SERVO_OUTPUT_RAW,0,0,0,0,0,0,0,0,1000,1000,1000,1000,0,0,0,0,0
2025-12-15 01:28:51.054,SERVO_OUTPUT_RAW,3286209810,SERVO_OUTPUT_RAW,0,0,0,0,0,0,0,0,1000,1000,1000,1000,0,0,0,0,0
2025-12-15 01:28:51.154,SERVO_OUTPUT_RAW,3286309832,SERVO_OUTPUT_RAW,0,0,0,0,0,0,0,0,1000,1000,1000,1000,0,0,0,0,0
2025-12-15 01:28:51.255,SERVO_OUTPUT_RAW,3286412124,SERVO_OUTPUT_RAW,0,0,0,0,0,0,0,0,1000,1000,1000,1000,0,0,0,0,0
2025-12-15 01:28:51.355,SERVO_OUTPUT_RAW,3286509862,SERVO_OUTPUT_RAW,0,0,0,0,0,0,0,0,1000,1000,1000,1000,0,0,0,0,0
2025-12-15 01:28:51.455,SERVO_OUTPUT_RAW,3286609844,SERVO_OUTPUT_RAW,0,0,0,0,0,0,0,0,1000,1000,1000,1000,0,0,0,0,0
2025-12-15 01:28:51.555,SERVO_OUTPUT_RAW,3286709789,SERVO_OUTPUT_RAW,0,0,0,0,0,0,0,0,1000,1000,1000,1000,0,0,0,0,0
2025-12-15 01:28:51.655,SERVO_OUTPUT_RAW,3286809821,SERVO_OUTPUT_RAW,0,0,0,0,0,0,0,0,1000,1000,1000,1000,0,0,0,0,0
2025-12-15 01:28:51.755,SERVO_OUTPUT_RAW,3286909819,SERVO_OUTPUT_RAW,0,0,0,0,0,0,0,0,1000,1000,1000,1000,0,0,0,0,0
2025-12-15 01:28:51.855,SERVO_OUTPUT_RAW,3287009824,SERVO_OUTPUT_RAW,0,0,0,0,0,0,0,0,1000,1000,1000,1000,0,0,0,0,0
2025-12-15 01:28:51.955,SERVO_OUTPUT_RAW,3287109779,SERVO_OUTPUT_RAW,0,0,0,0,0,0,0,0,1000,1000,1000,1000,0,0,0,0,0
2025-12-15 01:28:52.055,SERVO_OUTPUT_RAW,3287209795,SERVO_OUTPUT_RAW,0,0,0,0,0,0,0,0,1000,1000,1000,1000,0,0,0,0,0
2025-12-15 01:28:52.155,SERVO_OUTPUT_RAW,3287309802,SERVO_OUTPUT_RAW,0,0,0,0,0,0,0,0,1000,1000,1000,1000,0,0,0,0,0
2025-12-15 01:28:52.255,SERVO_OUTPUT_RAW,3287409787,SERVO_OUTPUT_RAW,0,0,0,0,0,0,0,0,1000,1000,1000,1000,0,0,0,0,0
2025-12-15 01:28:52.355,SERVO_OUTPUT_RAW,3287509810,SERVO_OUTPUT_RAW,0,0,0,0,0,0,0,0,1000,1000,1000,1000,0,0,0,0,0
2025-12-15 01:28:52.455,SERVO_OUTPUT_RAW,3287609831,SERVO_OUTPUT_RAW,0,0,0,0,0,0,0,0,1000,1000,1000,1000,0,0,0,0,0
2025-12-15 01:28:52.555,SERVO_OUTPUT_RAW,3287709849,SERVO_OUTPUT_RAW,0,0,0,0,0,0,0,0,1000,1000,1000,1000,0,0,0,0,0
2025-12-15 01:28:52.655,SERVO_OUTPUT_RAW,3287809787,SERVO_OUTPUT_RAW,0,0,0,0,0,0,0,0,1000,1000,1000,1000,0,0,0,0,0
2025-12-15 01:28:52.755,SERVO_OUTPUT_RAW,3287909815,SERVO_OUTPUT_RAW,0,0,0,0,0,0,0,0,1000,1000,1000,1000,0,0,0,0,0
2025-12-15 01:28:52.855,SERVO_OUTPUT_RAW,3288009821,SERVO_OUTPUT_RAW,0,0,0,0,0,0,0,0,1000,1000,1000,1000,0,0,0,0,0
2025-12-15 01:28:52.955,SERVO_OUTPUT_RAW,3288109862,SERVO_OUTPUT_RAW,0,0,0,0,0,0,0,0,1000,1000,1000,1000,0,0,0,0,0
2025-12-15 01:28:53.055,SERVO_OUTPUT_RAW,3288209774,SERVO_OUTPUT_RAW,0,0,0,0,0,0,0,0,1000,1000,1000,1000,0,0,0,0,0
2025-12-15 01:28:53.155,SERVO_OUTPUT_RAW,3288309811,SERVO_OUTPUT_RAW,0,0,0,0,0,0,0,0,1000,1000,1000,1000,0,0,0,0,0
2025-12-15 01:28:53.255,SERVO_OUTPUT_RAW,3288409818,SERVO_OUTPUT_RAW,0,0,0,0,0,0,0,0,1000,1000,1000,1000,0,0,0,0,0
2025-12-15 01:28:53.355,SERVO_OUTPUT_RAW,3288509875,SERVO_OUTPUT_RAW,0,0,0,0,0,0,0,0,1000,1000,1000,1000,0,0,0,0,0
2025-12-15 01:28:53.455,SERVO_OUTPUT_RAW,3288609793,SERVO_OUTPUT_RAW,0,0,0,0,0,0,0,0,1000,1000,1000,1000,0,0,0,0,0
2025-12-15 01:28:53.555,SERVO_OUTPUT_RAW,3288709781,SERVO_OUTPUT_RAW,0,0,0,0,0,0,0,0,1000,1000,1000,1000,0,0,0,0,0
2025-12-15 01:28:53.655,SERVO_OUTPUT_RAW,3288809801,SERVO_OUTPUT_RAW,0,0,0,0,0,0,0,0,1000,1000,1000,1000,0,0,0,0,0
2025-12-15 01:28:53.755,SERVO_OUTPUT_RAW,3288909781,SERVO_OUTPUT_RAW,0,0,0,0,0,0,0,0,1000,1000,1000,1000,0,0,0,0,0
2025-12-15 01:28:53.855,SERVO_OUTPUT_RAW,3289009787,SERVO_OUTPUT_RAW,0,0,0,0,0,0,0,0,1000,1000,1000,1000,0,0,0,0,0
2025-12-15 01:28:53.955,SERVO_OUTPUT_RAW,3289112162,SERVO_OUTPUT_RAW,0,0,0,0,0,0,0,0,1000,1000,1000,1000,0,0,0,0,0
2025-12-15 01:28:54.055,SERVO_OUTPUT_RAW,3289209830,SERVO_OUTPUT_RAW,0,0,0,0,0,0,0,0,1000,1000,1000,1000,0,0,0,0,0
2025-12-15 01:28:54.155,SERVO_OUTPUT_RAW,3289309807,SERVO_OUTPUT_RAW,0,0,0,0,0,0,0,0,1000,1000,1000,1000,0,0,0,0,0
2025-12-15 01:28:54.255,SERVO_OUTPUT_RAW,3289409790,SERVO_OUTPUT_RAW,0,0,0,0,0,0,0,0,1000,1000,1000,1000,0,0,0,0,0
2025-12-15 01:28:54.355,SERVO_OUTPUT_RAW,3289509808,SERVO_OUTPUT_RAW,0,0,0,0,0,0,0,0,1000,1000,1000,1000,0,0,0,0,0
2025-12-15 01:28:54.455,SERVO_OUTPUT_RAW,3289609852,SERVO_OUTPUT_RAW,0,0,0,0,0,0,0,0,1000,1000,1000,1000,0,0,0,0,0
2025-12-15 01:28:54.555,SERVO_OUTPUT_RAW,3289709913,SERVO_OUTPUT_RAW,0,0,0,0,0,0,0,0,1000,1000,1000,1000,0,0,0,0,0
2025-12-15 01:28:54.655,SERVO_OUTPUT_RAW,3289809782,SERVO_OUTPUT_RAW,0,0,0,0,0,0,0,0,1000,1000,1000,1000,0,0,0,0,0
2025-12-15 01:28:54.755,SERVO_OUTPUT_RAW,3289909809,SERVO_OUTPUT_RAW,0,0,0,0,0,0,0,0,1000,1000,1000,1000,0,0,0,0,0
2025-12-15 01:28:54.855,SERVO_OUTPUT_RAW,3290009819,SERVO_OUTPUT_RAW,0,0,0,0,0,0,0,0,1000,1000,1000,1000,0,0,0,0,0
2025-12-15 01:28:54.955,SERVO_OUTPUT_RAW,3290109771,SERVO_OUTPUT_RAW,0,0,0,0,0,0,0,0,1000,1000,1000,1000,0,0,0,0,0
2025-12-15 01:28:55.054,SERVO_OUTPUT_RAW,3290209780,SERVO_OUTPUT_RAW,0,0,0,0,0,0,0,0,1000,1000,1000,1000,0,0,0,0,0
2025-12-15 01:28:55.154,SERVO_OUTPUT_RAW,3290309790,SERVO_OUTPUT_RAW,0,0,0,0,0,0,0,0,1000,1000,1000,1000,0,0,0,0,0
2025-12-15 01:28:55.255,SERVO_OUTPUT_RAW,3290409788,SERVO_OUTPUT_RAW,0,0,0,0,0,0,0,0,1000,1000,1000,1000,0,0,0,0,0
2025-12-15 01:28:55.354,SERVO_OUTPUT_RAW,3290509777,SERVO_OUTPUT_RAW,0,0,0,0,0,0,0,0,1000,1000,1000,1000,0,0,0,0,0
2025-12-15 01:28:55.454,SERVO_OUTPUT_RAW,3290609816,SERVO_OUTPUT_RAW,0,0,0,0,0,0,0,0,1000,1000,1000,1000,0,0,0,0,0
2025-12-15 01:28:55.555,SERVO_OUTPUT_RAW,3290709842,SERVO_OUTPUT_RAW,0,0,0,0,0,0,0,0,1000,1000,1000,1000,0,0,0,0,0
2025-12-15 01:28:55.654,SERVO_OUTPUT_RAW,3290809844,SERVO_OUTPUT_RAW,0,0,0,0,0,0,0,0,1000,1000,1000,1000,0,0,0,0,0
2025-12-15 01:28:55.754,SERVO_OUTPUT_RAW,3290909810,SERVO_OUTPUT_RAW,0,0,0,0,0,0,0,0,1000,1000,1000,1000,0,0,0,0,0
2025-12-15 01:28:55.854,SERVO_OUTPUT_RAW,3291009860,SERVO_OUTPUT_RAW,0,0,0,0,0,0,0,0,1000,1000,1000,1000,0,0,0,0,0
2025-12-15 01:28:55.954,SERVO_OUTPUT_RAW,3291109817,SERVO_OUTPUT_RAW,0,0,0,0,0,0,0,0,1000,1000,1000,1000,0,0,0,0,0
2025-12-15 01:28:56.054,SERVO_OUTPUT_RAW,3291209850,SERVO_OUTPUT_RAW,0,0,0,0,0,0,0,0,1000,1000,1000,1000,0,0,0,0,0
2025-12-15 01:28:56.154,SERVO_OUTPUT_RAW,3291309813,SERVO_OUTPUT_RAW,0,0,0,0,0,0,0,0,1000,1000,1000,1000,0,0,0,0,0
2025-12-15 01:28:56.254,SERVO_OUTPUT_RAW,3291409783,SERVO_OUTPUT_RAW,0,0,0,0,0,0,0,0,1000,1000,1000,1000,0,0,0,0,0
2025-12-15 01:28:56.354,SERVO_OUTPUT_RAW,3291509824,SERVO_OUTPUT_RAW,0,0,0,0,0,0,0,0,1000,1000,1000,1000,0,0,0,0,0
2025-12-15 01:28:56.454,SERVO_OUTPUT_RAW,3291609806,SERVO_OUTPUT_RAW,0,0,0,0,0,0,0,0,1000,1000,1000,1000,0,0,0,0,0
2025-12-15 01:28:56.554,SERVO_OUTPUT_RAW,3291709788,SERVO_OUTPUT_RAW,0,0,0,0,0,0,0,0,1000,1000,1000,1000,0,0,0,0,0
2025-12-15 01:28:56.654,SERVO_OUTPUT_RAW,3291809784,SERVO_OUTPUT_RAW,0,0,0,0,0,0,0,0,1000,1000,1000,1000,0,0,0,0,0
2025-12-15 01:28:56.754,SERVO_OUTPUT_RAW,3291909782,SERVO_OUTPUT_RAW,0,0,0,0,0,0,0,0,1000,1000,1000,1000,0,0,0,0,0
2025-12-15 01:28:56.854,SERVO_OUTPUT_RAW,3292009815,SERVO_OUTPUT_RAW,0,0,0,0,0,0,0,0,1000,1000,1000,1000,0,0,0,0,0
2025-12-15 01:28:56.954,SERVO_OUTPUT_RAW,3292109792,SERVO_OUTPUT_RAW,0,0,0,0,0,0,0,0,1000,1000,1000,1000,0,0,0,0,0
2025-12-15 01:28:57.054,SERVO_OUTPUT_RAW,3292209827,SERVO_OUTPUT_RAW,0,0,0,0,0,0,0,0,1000,1000,1000,1000,0,0,0,0,0
2025-12-15 01:28:57.154,SERVO_OUTPUT_RAW,3292309871,SERVO_OUTPUT_RAW,0,0,0,0,0,0,0,0,1000,1000,1000,1000,0,0,0,0,0
2025-12-15 01:28:57.254,SERVO_OUTPUT_RAW,3292412133,SERVO_OUTPUT_RAW,0,0,0,0,0,0,0,0,1000,1000,1000,1000,0,0,0,0,0
2025-12-15 01:28:57.354,SERVO_OUTPUT_RAW,3292509801,SERVO_OUTPUT_RAW,0,0,0,0,0,0,0,0,1000,1000,1000,1000,0,0,0,0,0
2025-12-15 01:28:57.455,SERVO_OUTPUT_RAW,3292609837,SERVO_OUTPUT_RAW,0,0,0,0,0,0,0,0,1000,1000,1000,1000,0,0,0,0,0
2025-12-15 01:28:57.554,SERVO_OUTPUT_RAW,3292712066,SERVO_OUTPUT_RAW,0,0,0,0,0,0,0,0,1000,1000,1000,1000,0,0,0,0,0
2025-12-15 01:28:57.654,SERVO_OUTPUT_RAW,3292809830,SERVO_OUTPUT_RAW,0,0,0,0,0,0,0,0,1000,1000,1000,1000,0,0,0,0,0
2025-12-15 01:28:57.754,SERVO_OUTPUT_RAW,3292909783,SERVO_OUTPUT_RAW,0,0,0,0,0,0,0,0,1000,1000,1000,1000,0,0,0,0,0
2025-12-15 01:28:57.855,SERVO_OUTPUT_RAW,3293009794,SERVO_OUTPUT_RAW,0,0,0,0,0,0,0,0,1000,1000,1000,1000,0,0,0,0,0
2025-12-15 01:28:57.955,SERVO_OUTPUT_RAW,3293109822,SERVO_OUTPUT_RAW,0,0,0,0,0,0,0,0,1000,1000,1000,1000,0,0,0,0,0
2025-12-15 01:28:58.054,SERVO_OUTPUT_RAW,3293209819,SERVO_OUTPUT_RAW,0,0,0,0,0,0,0,0,1000,1000,1000,1000,0,0,0,0,0
2025-12-15 01:28:58.154,SERVO_OUTPUT_RAW,3293309812,SERVO_OUTPUT_RAW,0,0,0,0,0,0,0,0,1000,1000,1000,1000,0,0,0,0,0
2025-12-15 01:28:58.254,SERVO_OUTPUT_RAW,3293409798,SERVO_OUTPUT_RAW,0,0,0,0,0,0,0,0,1000,1000,1000,1000,0,0,0,0,0
2025-12-15 01:28:58.354,SERVO_OUTPUT_RAW,3293509788,SERVO_OUTPUT_RAW,0,0,0,0,0,0,0,0,1000,1000,1000,1000,0,0,0,0,0
2025-12-15 01:28:58.454,SERVO_OUTPUT_RAW,3293609782,SERVO_OUTPUT_RAW,0,0,0,0,0,0,0,0,1000,1000,1000,1000,0,0,0,0,0
2025-12-15 01:28:58.554,SERVO_OUTPUT_RAW,3293709811,SERVO_OUTPUT_RAW,0,0,0,0,0,0,0,0,1000,1000,1000,1000,0,0,0,0,0
2025-12-15 01:28:58.655,SERVO_OUTPUT_RAW,3293809820,SERVO_OUTPUT_RAW,0,0,0,0,0,0,0,0,1000,1000,1000,1000,0,0,0,0,0
2025-12-15 01:28:58.754,SERVO_OUTPUT_RAW,3293909865,SERVO_OUTPUT_RAW,0,0,0,0,0,0,0,0,1000,1000,1000,1000,0,0,0,0,0
2025-12-15 01:28:58.855,SERVO_OUTPUT_RAW,3294009855,SERVO_OUTPUT_RAW,0,0,0,0,0,0,0,0,1000,1000,1000,1000,0,0,0,0,0
2025-12-15 01:28:58.955,SERVO_OUTPUT_RAW,3294109793,SERVO_OUTPUT_RAW,0,0,0,0,0,0,0,0,1000,1000,1000,1000,0,0,0,0,0
2025-12-15 01:28:59.055,SERVO_OUTPUT_RAW,3294212076,SERVO_OUTPUT_RAW,0,0,0,0,0,0,0,0,1000,1000,1000,1000,0,0,0,0,0
2025-12-15 01:28:59.155,SERVO_OUTPUT_RAW,3294309866,SERVO_OUTPUT_RAW,0,0,0,0,0,0,0,0,1000,1000,1000,1000,0,0,0,0,0
2025-12-15 01:28:59.255,SERVO_OUTPUT_RAW,3294409845,SERVO_OUTPUT_RAW,0,0,0,0,0,0,0,0,1000,1000,1000,1000,0,0,0,0,0
2025-12-15 01:28:59.355,SERVO_OUTPUT_RAW,3294509795,SERVO_OUTPUT_RAW,0,0,0,0,0,0,0,0,1000,1000,1000,1000,0,0,0,0,0
2025-12-15 01:28:59.455,SERVO_OUTPUT_RAW,3294609810,SERVO_OUTPUT_RAW,0,0,0,0,0,0,0,0,1000,1000,1000,1000,0,0,0,0,0
2025-12-15 01:28:59.555,SERVO_OUTPUT_RAW,3294709826,SERVO_OUTPUT_RAW,0,0,0,0,0,0,0,0,1000,1000,1000,1000,0,0,0,0,0
2025-12-15 01:28:59.655,SERVO_OUTPUT_RAW,3294809870,SERVO_OUTPUT_RAW,0,0,0,0,0,0,0,0,1000,1000,1000,1000,0,0,0,0,0
2025-12-15 01:28:59.755,SERVO_OUTPUT_RAW,3294909796,SERVO_OUTPUT_RAW,0,0,0,0,0,0,0,0,1000,1000,1000,1000,0,0,0,0,0
2025-12-15 01:28:59.855,SERVO_OUTPUT_RAW,3295009781,SERVO_OUTPUT_RAW,0,0,0,0,0,0,0,0,1000,1000,1000,1000,0,0,0,0,0
2025-12-15 01:28:59.955,SERVO_OUTPUT_RAW,3295109803,SERVO_OUTPUT_RAW,0,0,0,0,0,0,0,0,1000,1000,1000,1000,0,0,0,0,0
2025-12-15 01:29:00.055,SERVO_OUTPUT_RAW,3295209817,SERVO_OUTPUT_RAW,0,0,0,0,0,0,0,0,1000,1000,1000,1000,0,0,0,0,0
2025-12-15 01:29:00.155,SERVO_OUTPUT_RAW,3295309795,SERVO_OUTPUT_RAW,0,0,0,0,0,0,0,0,1000,1000,1000,1000,0,0,0,0,0
2025-12-15 01:29:00.255,SERVO_OUTPUT_RAW,3295409833,SERVO_OUTPUT_RAW,0,0,0,0,0,0,0,0,1000,1000,1000,1000,0,0,0,0,0
2025-12-15 01:29:00.355,SERVO_OUTPUT_RAW,3295509812,SERVO_OUTPUT_RAW,0,0,0,0,0,0,0,0,1000,1000,1000,1000,0,0,0,0,0
2025-12-15 01:29:00.455,SERVO_OUTPUT_RAW,3295609806,SERVO_OUTPUT_RAW,0,0,0,0,0,0,0,0,1000,1000,1000,1000,0,0,0,0,0
2025-12-15 01:29:00.555,SERVO_OUTPUT_RAW,3295709832,SERVO_OUTPUT_RAW,0,0,0,0,0,0,0,0,1000,1000,1000,1000,0,0,0,0,0
2025-12-15 01:29:00.655,SERVO_OUTPUT_RAW,3295809831,SERVO_OUTPUT_RAW,0,0,0,0,0,0,0,0,1000,1000,1000,1000,0,0,0,0,0
2025-12-15 01:29:00.755,SERVO_OUTPUT_RAW,3295909837,SERVO_OUTPUT_RAW,0,0,0,0,0,0,0,0,1000,1000,1000,1000,0,0,0,0,0
2025-12-15 01:29:00.855,SERVO_OUTPUT_RAW,3296009788,SERVO_OUTPUT_RAW,0,0,0,0,0,0,0,0,1000,1000,1000,1000,0,0,0,0,0
2025-12-15 01:29:00.955,SERVO_OUTPUT_RAW,3296109788,SERVO_OUTPUT_RAW,0,0,0,0,0,0,0,0,1000,1000,1000,1000,0,0,0,0,0
2025-12-15 01:29:01.055,SERVO_OUTPUT_RAW,3296209836,SERVO_OUTPUT_RAW,0,0,0,0,0,0,0,0,1000,1000,1000,1000,0,0,0,0,0
2025-12-15 01:29:01.155,SERVO_OUTPUT_RAW,3296309809,SERVO_OUTPUT_RAW,0,0,0,0,0,0,0,0,1000,1000,1000,1000,0,0,0,0,0
2025-12-15 01:29:01.255,SERVO_OUTPUT_RAW,3296409796,SERVO_OUTPUT_RAW,0,0,0,0,0,0,0,0,1000,1000,1000,1000,0,0,0,0,0
2025-12-15 01:29:01.355,SERVO_OUTPUT_RAW,3296509797,SERVO_OUTPUT_RAW,0,0,0,0,0,0,0,0,1000,1000,1000,1000,0,0,0,0,0
2025-12-15 01:29:01.455,SERVO_OUTPUT_RAW,3296609808,SERVO_OUTPUT_RAW,0,0,0,0,0,0,0,0,1000,1000,1000,1000,0,0,0,0,0
2025-12-15 01:29:01.555,SERVO_OUTPUT_RAW,3296709805,SERVO_OUTPUT_RAW,0,0,0,0,0,0,0,0,1000,1000,1000,1000,0,0,0,0,0
2025-12-15 01:29:01.655,SERVO_OUTPUT_RAW,3296809812,SERVO_OUTPUT_RAW,0,0,0,0,0,0,0,0,1000,1000,1000,1000,0,0,0,0,0
2025-12-15 01:29:01.755,SERVO_OUTPUT_RAW,3296909826,SERVO_OUTPUT_RAW,0,0,0,0,0,0,0,0,1000,1000,1000,1000,0,0,0,0,0
2025-12-15 01:29:01.855,SERVO_OUTPUT_RAW,3297009816,SERVO_OUTPUT_RAW,0,0,0,0,0,0,0,0,1000,1000,1000,1000,0,0,0,0,0
2025-12-15 01:29:01.955,SERVO_OUTPUT_RAW,3297109778,SERVO_OUTPUT_RAW,0,0,0,0,0,0,0,0,1000,1000,1000,1000,0,0,0,0,0
2025-12-15 01:29:02.056,SERVO_OUTPUT_RAW,3297209806,SERVO_OUTPUT_RAW,0,0,0,0,0,0,0,0,1000,1000,1000,1000,0,0,0,0,0
2025-12-15 01:29:02.155,SERVO_OUTPUT_RAW,3297309804,SERVO_OUTPUT_RAW,0,0,0,0,0,0,0,0,1000,1000,1000,1000,0,0,0,0,0
2025-12-15 01:29:02.255,SERVO_OUTPUT_RAW,3297409834,SERVO_OUTPUT_RAW,0,0,0,0,0,0,0,0,1000,1000,1000,1000,0,0,0,0,0
2025-12-15 01:29:02.356,SERVO_OUTPUT_RAW,3297509858,SERVO_OUTPUT_RAW,0,0,0,0,0,0,0,0,1000,1000,1000,1000,0,0,0,0,0
2025-12-15 01:29:02.455,SERVO_OUTPUT_RAW,3297609796,SERVO_OUTPUT_RAW,0,0,0,0,0,0,0,0,1000,1000,1000,1000,0,0,0,0,0
2025-12-15 01:29:02.555,SERVO_OUTPUT_RAW,3297709817,SERVO_OUTPUT_RAW,0,0,0,0,0,0,0,0,1000,1000,1000,1000,0,0,0,0,0
2025-12-15 01:29:02.656,SERVO_OUTPUT_RAW,3297809932,SERVO_OUTPUT_RAW,0,0,0,0,0,0,0,0,1000,1000,1000,1000,0,0,0,0,0
2025-12-15 01:29:02.755,SERVO_OUTPUT_RAW,3297909786,SERVO_OUTPUT_RAW,0,0,0,0,0,0,0,0,1000,1000,1000,1000,0,0,0,0,0
2025-12-15 01:29:02.855,SERVO_OUTPUT_RAW,3298009780,SERVO_OUTPUT_RAW,0,0,0,0,0,0,0,0,1000,1000,1000,1000,0,0,0,0,0
2025-12-15 01:29:02.956,SERVO_OUTPUT_RAW,3298109800,SERVO_OUTPUT_RAW,0,0,0,0,0,0,0,0,1000,1000,1000,1000,0,0,0,0,0
2025-12-15 01:29:03.055,SERVO_OUTPUT_RAW,3298209800,SERVO_OUTPUT_RAW,0,0,0,0,0,0,0,0,1000,1000,1000,1000,0,0,0,0,0
2025-12-15 01:29:03.155,SERVO_OUTPUT_RAW,3298309785,SERVO_OUTPUT_RAW,0,0,0,0,0,0,0,0,1000,1000,1000,1000,0,0,0,0,0
2025-12-15 01:29:03.255,SERVO_OUTPUT_RAW,3298409782,SERVO_OUTPUT_RAW,0,0,0,0,0,0,0,0,1000,1000,1000,1000,0,0,0,0,0
2025-12-15 01:29:03.356,SERVO_OUTPUT_RAW,3298509822,SERVO_OUTPUT_RAW,0,0,0,0,0,0,0,0,1000,1000,1000,1000,0,0,0,0,0
2025-12-15 01:29:03.455,SERVO_OUTPUT_RAW,3298609790,SERVO_OUTPUT_RAW,0,0,0,0,0,0,0,0,1000,1000,1000,1000,0,0,0,0,0
2025-12-15 01:29:03.555,SERVO_OUTPUT_RAW,3298712149,SERVO_OUTPUT_RAW,0,0,0,0,0,0,0,0,1000,1000,1000,1000,0,0,0,0,0
2025-12-15 01:29:03.656,SERVO_OUTPUT_RAW,3298809810,SERVO_OUTPUT_RAW,0,0,0,0,0,0,0,0,1000,1000,1000,1000,0,0,0,0,0
2025-12-15 01:29:03.755,SERVO_OUTPUT_RAW,3298909820,SERVO_OUTPUT_RAW,0,0,0,0,0,0,0,0,1000,1000,1000,1000,0,0,0,0,0
2025-12-15 01:29:03.855,SERVO_OUTPUT_RAW,3299009908,SERVO_OUTPUT_RAW,0,0,0,0,0,0,0,0,1000,1000,1000,1000,0,0,0,0,0
2025-12-15 01:29:03.955,SERVO_OUTPUT_RAW,3299109839,SERVO_OUTPUT_RAW,0,0,0,0,0,0,0,0,1000,1000,1000,1000,0,0,0,0,0
2025-12-15 01:29:04.056,SERVO_OUTPUT_RAW,3299209779,SERVO_OUTPUT_RAW,0,0,0,0,0,0,0,0,1000,1000,1000,1000,0,0,0,0,0
2025-12-15 01:29:04.155,SERVO_OUTPUT_RAW,3299309806,SERVO_OUTPUT_RAW,0,0,0,0,0,0,0,0,1000,1000,1000,1000,0,0,0,0,0
2025-12-15 01:29:04.256,SERVO_OUTPUT_RAW,3299409810,SERVO_OUTPUT_RAW,0,0,0,0,0,0,0,0,1000,1000,1000,1000,0,0,0,0,0
2025-12-15 01:29:04.355,SERVO_OUTPUT_RAW,3299509775,SERVO_OUTPUT_RAW,0,0,0,0,0,0,0,0,1000,1000,1000,1000,0,0,0,0,0
2025-12-15 01:29:04.455,SERVO_OUTPUT_RAW,3299609810,SERVO_OUTPUT_RAW,0,0,0,0,0,0,0,0,1000,1000,1000,1000,0,0,0,0,0
2025-12-15 01:29:04.556,SERVO_OUTPUT_RAW,3299709808,SERVO_OUTPUT_RAW,0,0,0,0,0,0,0,0,1000,1000,1000,1000,0,0,0,0,0
2025-12-15 01:29:04.655,SERVO_OUTPUT_RAW,3299809787,SERVO_OUTPUT_RAW,0,0,0,0,0,0,0,0,1000,1000,1000,1000,0,0,0,0,0
2025-12-15 01:29:04.754,SERVO_OUTPUT_RAW,3299909794,SERVO_OUTPUT_RAW,0,0,0,0,0,0,0,0,1000,1000,1000,1000,0,0,0,0,0
2025-12-15 01:29:04.855,SERVO_OUTPUT_RAW,3300009794,SERVO_OUTPUT_RAW,0,0,0,0,0,0,0,0,1000,1000,1000,1000,0,0,0,0,0
2025-12-15 01:29:04.955,SERVO_OUTPUT_RAW,3300109857,SERVO_OUTPUT_RAW,0,0,0,0,0,0,0,0,1000,1000,1000,1000,0,0,0,0,0
2025-12-15 01:29:05.054,SERVO_OUTPUT_RAW,3300209852,SERVO_OUTPUT_RAW,0,0,0,0,0,0,0,0,1000,1000,1000,1000,0,0,0,0,0
2025-12-15 01:29:05.154,SERVO_OUTPUT_RAW,3300309788,SERVO_OUTPUT_RAW,0,0,0,0,0,0,0,0,1000,1000,1000,1000,0,0,0,0,0
2025-12-15 01:29:05.255,SERVO_OUTPUT_RAW,3300409801,SERVO_OUTPUT_RAW,0,0,0,0,0,0,0,0,1000,1000,1000,1000,0,0,0,0,0
2025-12-15 01:29:05.356,SERVO_OUTPUT_RAW,3300509836,SERVO_OUTPUT_RAW,0,0,0,0,0,0,0,0,1000,1000,1000,1000,0,0,0,0,0
2025-12-15 01:29:05.455,SERVO_OUTPUT_RAW,3300609841,SERVO_OUTPUT_RAW,0,0,0,0,0,0,0,0,1000,1000,1000,1000,0,0,0,0,0
2025-12-15 01:29:05.554,SERVO_OUTPUT_RAW,3300709872,SERVO_OUTPUT_RAW,0,0,0,0,0,0,0,0,1000,1000,1000,1000,0,0,0,0,0
2025-12-15 01:29:05.654,SERVO_OUTPUT_RAW,3300809802,SERVO_OUTPUT_RAW,0,0,0,0,0,0,0,0,1000,1000,1000,1000,0,0,0,0,0
2025-12-15 01:29:05.754,SERVO_OUTPUT_RAW,3300909815,SERVO_OUTPUT_RAW,0,0,0,0,0,0,0,0,1000,1000,1000,1000,0,0,0,0,0
2025-12-15 01:29:05.855,SERVO_OUTPUT_RAW,3301009832,SERVO_OUTPUT_RAW,0,0,0,0,0,0,0,0,1000,1000,1000,1000,0,0,0,0,0
2025-12-15 01:29:05.955,SERVO_OUTPUT_RAW,3301109867,SERVO_OUTPUT_RAW,0,0,0,0,0,0,0,0,1000,1000,1000,1000,0,0,0,0,0
2025-12-15 01:29:06.054,SERVO_OUTPUT_RAW,3301209793,SERVO_OUTPUT_RAW,0,0,0,0,0,0,0,0,1000,1000,1000,1000,0,0,0,0,0
2025-12-15 01:29:06.154,SERVO_OUTPUT_RAW,3301309796,SERVO_OUTPUT_RAW,0,0,0,0,0,0,0,0,1000,1000,1000,1000,0,0,0,0,0
2025-12-15 01:29:06.255,SERVO_OUTPUT_RAW,3301409796,SERVO_OUTPUT_RAW,0,0,0,0,0,0,0,0,1000,1000,1000,1000,0,0,0,0,0
2025-12-15 01:29:06.355,SERVO_OUTPUT_RAW,3301509794,SERVO_OUTPUT_RAW,0,0,0,0,0,0,0,0,1000,1000,1000,1000,0,0,0,0,0
2025-12-15 01:29:06.455,SERVO_OUTPUT_RAW,3301609801,SERVO_OUTPUT_RAW,0,0,0,0,0,0,0,0,1000,1000,1000,1000,0,0,0,0,0
2025-12-15 01:29:06.555,SERVO_OUTPUT_RAW,3301709778,SERVO_OUTPUT_RAW,0,0,0,0,0,0,0,0,1000,1000,1000,1000,0,0,0,0,0
2025-12-15 01:29:06.655,SERVO_OUTPUT_RAW,3301809779,SERVO_OUTPUT_RAW,0,0,0,0,0,0,0,0,1000,1000,1000,1000,0,0,0,0,0
2025-12-15 01:29:06.755,SERVO_OUTPUT_RAW,3301909775,SERVO_OUTPUT_RAW,0,0,0,0,0,0,0,0,1000,1000,1000,1000,0,0,0,0,0
2025-12-15 01:29:06.855,SERVO_OUTPUT_RAW,3302009832,SERVO_OUTPUT_RAW,0,0,0,0,0,0,0,0,1000,1000,1000,1000,0,0,0,0,0
2025-12-15 01:29:06.955,SERVO_OUTPUT_RAW,3302109863,SERVO_OUTPUT_RAW,0,0,0,0,0,0,0,0,1000,1000,1000,1000,0,0,0,0,0
2025-12-15 01:29:07.055,SERVO_OUTPUT_RAW,3302209842,SERVO_OUTPUT_RAW,0,0,0,0,0,0,0,0,1000,1000,1000,1000,0,0,0,0,0
2025-12-15 01:29:07.155,SERVO_OUTPUT_RAW,3302309809,SERVO_OUTPUT_RAW,0,0,0,0,0,0,0,0,1000,1000,1000,1000,0,0,0,0,0
2025-12-15 01:29:07.255,SERVO_OUTPUT_RAW,3302409809,SERVO_OUTPUT_RAW,0,0,0,0,0,0,0,0,1000,1000,1000,1000,0,0,0,0,0
2025-12-15 01:29:07.355,SERVO_OUTPUT_RAW,3302509816,SERVO_OUTPUT_RAW,0,0,0,0,0,0,0,0,1000,1000,1000,1000,0,0,0,0,0
2025-12-15 01:29:07.455,SERVO_OUTPUT_RAW,3302609829,SERVO_OUTPUT_RAW,0,0,0,0,0,0,0,0,1000,1000,1000,1000,0,0,0,0,0
2025-12-15 01:29:07.555,SERVO_OUTPUT_RAW,3302709775,SERVO_OUTPUT_RAW,0,0,0,0,0,0,0,0,1000,1000,1000,1000,0,0,0,0,0
2025-12-15 01:29:07.655,SERVO_OUTPUT_RAW,3302809783,SERVO_OUTPUT_RAW,0,0,0,0,0,0,0,0,1000,1000,1000,1000,0,0,0,0,0
2025-12-15 01:29:07.755,SERVO_OUTPUT_RAW,3302909785,SERVO_OUTPUT_RAW,0,0,0,0,0,0,0,0,1000,1000,1000,1000,0,0,0,0,0
2025-12-15 01:29:07.855,SERVO_OUTPUT_RAW,3303012115,SERVO_OUTPUT_RAW,0,0,0,0,0,0,0,0,1000,1000,1000,1000,0,0,0,0,0
2025-12-15 01:29:07.955,SERVO_OUTPUT_RAW,3303109818,SERVO_OUTPUT_RAW,0,0,0,0,0,0,0,0,1000,1000,1000,1000,0,0,0,0,0
2025-12-15 01:29:08.055,SERVO_OUTPUT_RAW,3303209849,SERVO_OUTPUT_RAW,0,0,0,0,0,0,0,0,1000,1000,1000,1000,0,0,0,0,0
2025-12-15 01:29:08.156,SERVO_OUTPUT_RAW,3303309825,SERVO_OUTPUT_RAW,0,0,0,0,0,0,0,0,1000,1000,1000,1000,0,0,0,0,0
2025-12-15 01:29:08.255,SERVO_OUTPUT_RAW,3303409801,SERVO_OUTPUT_RAW,0,0,0,0,0,0,0,0,1000,1000,1000,1000,0,0,0,0,0
2025-12-15 01:29:08.355,SERVO_OUTPUT_RAW,3303509829,SERVO_OUTPUT_RAW,0,0,0,0,0,0,0,0,1000,1000,1000,1000,0,0,0,0,0
2025-12-15 01:29:08.455,SERVO_OUTPUT_RAW,3303609873,SERVO_OUTPUT_RAW,0,0,0,0,0,0,0,0,1000,1000,1000,1000,0,0,0,0,0
2025-12-15 01:29:08.555,SERVO_OUTPUT_RAW,3303709856,SERVO_OUTPUT_RAW,0,0,0,0,0,0,0,0,1000,1000,1000,1000,0,0,0,0,0
2025-12-15 01:29:08.655,SERVO_OUTPUT_RAW,3303809781,SERVO_OUTPUT_RAW,0,0,0,0,0,0,0,0,1000,1000,1000,1000,0,0,0,0,0
2025-12-15 01:29:08.755,SERVO_OUTPUT_RAW,3303909794,SERVO_OUTPUT_RAW,0,0,0,0,0,0,0,0,1000,1000,1000,1000,0,0,0,0,0
2025-12-15 01:29:08.855,SERVO_OUTPUT_RAW,3304009808,SERVO_OUTPUT_RAW,0,0,0,0,0,0,0,0,1000,1000,1000,1000,0,0,0,0,0
2025-12-15 01:29:08.955,SERVO_OUTPUT_RAW,3304109832,SERVO_OUTPUT_RAW,0,0,0,0,0,0,0,0,1000,1000,1000,1000,0,0,0,0,0
2025-12-15 01:29:09.055,SERVO_OUTPUT_RAW,3304209795,SERVO_OUTPUT_RAW,0,0,0,0,0,0,0,0,1000,1000,1000,1000,0,0,0,0,0
2025-12-15 01:29:09.155,SERVO_OUTPUT_RAW,3304309793,SERVO_OUTPUT_RAW,0,0,0,0,0,0,0,0,1000,1000,1000,1000,0,0,0,0,0
2025-12-15 01:29:09.255,SERVO_OUTPUT_RAW,3304409785,SERVO_OUTPUT_RAW,0,0,0,0,0,0,0,0,1000,1000,1000,1000,0,0,0,0,0
2025-12-15 01:29:09.355,SERVO_OUTPUT_RAW,3304509786,SERVO_OUTPUT_RAW,0,0,0,0,0,0,0,0,1000,1000,1000,1000,0,0,0,0,0
2025-12-15 01:29:09.455,SERVO_OUTPUT_RAW,3304612157,SERVO_OUTPUT_RAW,0,0,0,0,0,0,0,0,1000,1000,1000,1000,0,0,0,0,0
2025-12-15 01:29:09.555,SERVO_OUTPUT_RAW,3304709820,SERVO_OUTPUT_RAW,0,0,0,0,0,0,0,0,1000,1000,1000,1000,0,0,0,0,0
2025-12-15 01:29:09.655,SERVO_OUTPUT_RAW,3304809836,SERVO_OUTPUT_RAW,0,0,0,0,0,0,0,0,1000,1000,1000,1000,0,0,0,0,0
2025-12-15 01:29:09.755,SERVO_OUTPUT_RAW,3304909848,SERVO_OUTPUT_RAW,0,0,0,0,0,0,0,0,1000,1000,1000,1000,0,0,0,0,0
2025-12-15 01:29:09.855,SERVO_OUTPUT_RAW,3305009814,SERVO_OUTPUT_RAW,0,0,0,0,0,0,0,0,1000,1000,1000,1000,0,0,0,0,0
2025-12-15 01:29:09.955,SERVO_OUTPUT_RAW,3305109817,SERVO_OUTPUT_RAW,0,0,0,0,0,0,0,0,1000,1000,1000,1000,0,0,0,0,0
2025-12-15 01:29:10.055,SERVO_OUTPUT_RAW,3305209830,SERVO_OUTPUT_RAW,0,0,0,0,0,0,0,0,1000,1000,1000,1000,0,0,0,0,0
2025-12-15 01:29:10.155,SERVO_OUTPUT_RAW,3305309902,SERVO_OUTPUT_RAW,0,0,0,0,0,0,0,0,1000,1000,1000,1000,0,0,0,0,0
2025-12-15 01:29:10.255,SERVO_OUTPUT_RAW,3305409787,SERVO_OUTPUT_RAW,0,0,0,0,0,0,0,0,1000,1000,1000,1000,0,0,0,0,0
2025-12-15 01:29:10.355,SERVO_OUTPUT_RAW,3305509806,SERVO_OUTPUT_RAW,0,0,0,0,0,0,0,0,1000,1000,1000,1000,0,0,0,0,0
2025-12-15 01:29:10.455,SERVO_OUTPUT_RAW,3305609834,SERVO_OUTPUT_RAW,0,0,0,0,0,0,0,0,1000,1000,1000,1000,0,0,0,0,0
2025-12-15 01:29:10.555,SERVO_OUTPUT_RAW,3305709781,SERVO_OUTPUT_RAW,0,0,0,0,0,0,0,0,1000,1000,1000,1000,0,0,0,0,0
2025-12-15 01:29:10.655,SERVO_OUTPUT_RAW,3305809783,SERVO_OUTPUT_RAW,0,0,0,0,0,0,0,0,1000,1000,1000,1000,0,0,0,0,0
2025-12-15 01:29:10.755,SERVO_OUTPUT_RAW,3305909823,SERVO_OUTPUT_RAW,0,0,0,0,0,0,0,0,1000,1000,1000,1000,0,0,0,0,0
2025-12-15 01:29:10.855,SERVO_OUTPUT_RAW,3306009776,SERVO_OUTPUT_RAW,0,0,0,0,0,0,0,0,1000,1000,1000,1000,0,0,0,0,0
2025-12-15 01:29:10.956,SERVO_OUTPUT_RAW,3306109787,SERVO_OUTPUT_RAW,0,0,0,0,0,0,0,0,1000,1000,1000,1000,0,0,0,0,0
2025-12-15 01:29:11.055,SERVO_OUTPUT_RAW,3306209782,SERVO_OUTPUT_RAW,0,0,0,0,0,0,0,0,1000,1000,1000,1000,0,0,0,0,0
2025-12-15 01:29:11.155,SERVO_OUTPUT_RAW,3306309814,SERVO_OUTPUT_RAW,0,0,0,0,0,0,0,0,1000,1000,1000,1000,0,0,0,0,0
2025-12-15 01:29:11.256,SERVO_OUTPUT_RAW,3306409832,SERVO_OUTPUT_RAW,0,0,0,0,0,0,0,0,1000,1000,1000,1000,0,0,0,0,0
2025-12-15 01:29:11.355,SERVO_OUTPUT_RAW,3306509871,SERVO_OUTPUT_RAW,0,0,0,0,0,0,0,0,1000,1000,1000,1000,0,0,0,0,0
2025-12-15 01:29:11.455,SERVO_OUTPUT_RAW,3306609826,SERVO_OUTPUT_RAW,0,0,0,0,0,0,0,0,1000,1000,1000,1000,0,0,0,0,0
2025-12-15 01:29:11.556,SERVO_OUTPUT_RAW,3306709825,SERVO_OUTPUT_RAW,0,0,0,0,0,0,0,0,1000,1000,1000,1000,0,0,0,0,0
2025-12-15 01:29:11.656,SERVO_OUTPUT_RAW,3306809858,SERVO_OUTPUT_RAW,0,0,0,0,0,0,0,0,1000,1000,1000,1000,0,0,0,0,0
2025-12-15 01:29:11.755,SERVO_OUTPUT_RAW,3306909861,SERVO_OUTPUT_RAW,0,0,0,0,0,0,0,0,1000,1000,1000,1000,0,0,0,0,0
2025-12-15 01:29:11.855,SERVO_OUTPUT_RAW,3307009782,SERVO_OUTPUT_RAW,0,0,0,0,0,0,0,0,1000,1000,1000,1000,0,0,0,0,0
2025-12-15 01:29:11.955,SERVO_OUTPUT_RAW,3307109819,SERVO_OUTPUT_RAW,0,0,0,0,0,0,0,0,1000,1000,1000,1000,0,0,0,0,0
2025-12-15 01:29:12.055,SERVO_OUTPUT_RAW,3307209818,SERVO_OUTPUT_RAW,0,0,0,0,0,0,0,0,1000,1000,1000,1000,0,0,0,0,0
2025-12-15 01:29:12.155,SERVO_OUTPUT_RAW,3307309782,SERVO_OUTPUT_RAW,0,0,0,0,0,0,0,0,1000,1000,1000,1000,0,0,0,0,0
2025-12-15 01:29:12.255,SERVO_OUTPUT_RAW,3307409831,SERVO_OUTPUT_RAW,0,0,0,0,0,0,0,0,1000,1000,1000,1000,0,0,0,0,0
2025-12-15 01:29:12.355,SERVO_OUTPUT_RAW,3307509809,SERVO_OUTPUT_RAW,0,0,0,0,0,0,0,0,1000,1000,1000,1000,0,0,0,0,0
2025-12-15 01:29:12.456,SERVO_OUTPUT_RAW,3307609793,SERVO_OUTPUT_RAW,0,0,0,0,0,0,0,0,1000,1000,1000,1000,0,0,0,0,0
2025-12-15 01:29:12.556,SERVO_OUTPUT_RAW,3307709792,SERVO_OUTPUT_RAW,0,0,0,0,0,0,0,0,1000,1000,1000,1000,0,0,0,0,0
2025-12-15 01:29:12.656,SERVO_OUTPUT_RAW,3307809831,SERVO_OUTPUT_RAW,0,0,0,0,0,0,0,0,1000,1000,1000,1000,0,0,0,0,0
2025-12-15 01:29:12.756,SERVO_OUTPUT_RAW,3307909821,SERVO_OUTPUT_RAW,0,0,0,0,0,0,0,0,1000,1000,1000,1000,0,0,0,0,0
2025-12-15 01:29:12.856,SERVO_OUTPUT_RAW,3308009840,SERVO_OUTPUT_RAW,0,0,0,0,0,0,0,0,1000,1000,1000,1000,0,0,0,0,0
2025-12-15 01:29:12.956,SERVO_OUTPUT_RAW,3308109808,SERVO_OUTPUT_RAW,0,0,0,0,0,0,0,0,1000,1000,1000,1000,0,0,0,0,0
2025-12-15 01:29:13.056,SERVO_OUTPUT_RAW,3308209798,SERVO_OUTPUT_RAW,0,0,0,0,0,0,0,0,1000,1000,1000,1000,0,0,0,0,0
2025-12-15 01:29:13.156,SERVO_OUTPUT_RAW,3308309836,SERVO_OUTPUT_RAW,0,0,0,0,0,0,0,0,1000,1000,1000,1000,0,0,0,0,0
2025-12-15 01:29:13.256,SERVO_OUTPUT_RAW,3308409847,SERVO_OUTPUT_RAW,0,0,0,0,0,0,0,0,1000,1000,1000,1000,0,0,0,0,0
2025-12-15 01:29:13.355,SERVO_OUTPUT_RAW,3308509789,SERVO_OUTPUT_RAW,0,0,0,0,0,0,0,0,1000,1000,1000,1000,0,0,0,0,0
2025-12-15 01:29:13.456,SERVO_OUTPUT_RAW,3308609825,SERVO_OUTPUT_RAW,0,0,0,0,0,0,0,0,1000,1000,1000,1000,0,0,0,0,0
2025-12-15 01:29:13.555,SERVO_OUTPUT_RAW,3308709815,SERVO_OUTPUT_RAW,0,0,0,0,0,0,0,0,1000,1000,1000,1000,0,0,0,0,0
2025-12-15 01:29:13.655,SERVO_OUTPUT_RAW,3308809839,SERVO_OUTPUT_RAW,0,0,0,0,0,0,0,0,1000,1000,1000,1000,0,0,0,0,0
2025-12-15 01:29:13.756,SERVO_OUTPUT_RAW,3308909792,SERVO_OUTPUT_RAW,0,0,0,0,0,0,0,0,1000,1000,1000,1000,0,0,0,0,0
2025-12-15 01:29:13.855,SERVO_OUTPUT_RAW,3309009781,SERVO_OUTPUT_RAW,0,0,0,0,0,0,0,0,1000,1000,1000,1000,0,0,0,0,0
2025-12-15 01:29:13.956,SERVO_OUTPUT_RAW,3309109803,SERVO_OUTPUT_RAW,0,0,0,0,0,0,0,0,1000,1000,1000,1000,0,0,0,0,0
2025-12-15 01:29:14.055,SERVO_OUTPUT_RAW,3309209789,SERVO_OUTPUT_RAW,0,0,0,0,0,0,0,0,1000,1000,1000,1000,0,0,0,0,0
2025-12-15 01:29:14.155,SERVO_OUTPUT_RAW,3309309781,SERVO_OUTPUT_RAW,0,0,0,0,0,0,0,0,1000,1000,1000,1000,0,0,0,0,0
2025-12-15 01:29:14.255,SERVO_OUTPUT_RAW,3309409838,SERVO_OUTPUT_RAW,0,0,0,0,0,0,0,0,1000,1000,1000,1000,0,0,0,0,0
2025-12-15 01:29:14.356,SERVO_OUTPUT_RAW,3309509839,SERVO_OUTPUT_RAW,0,0,0,0,0,0,0,0,1000,1000,1000,1000,0,0,0,0,0
2025-12-15 01:29:14.455,SERVO_OUTPUT_RAW,3309609857,SERVO_OUTPUT_RAW,0,0,0,0,0,0,0,0,1000,1000,1000,1000,0,0,0,0,0
2025-12-15 01:29:14.555,SERVO_OUTPUT_RAW,3309709782,SERVO_OUTPUT_RAW,0,0,0,0,0,0,0,0,1000,1000,1000,1000,0,0,0,0,0
2025-12-15 01:29:14.655,SERVO_OUTPUT_RAW,3309809827,SERVO_OUTPUT_RAW,0,0,0,0,0,0,0,0,1000,1000,1000,1000,0,0,0,0,0
2025-12-15 01:29:14.756,SERVO_OUTPUT_RAW,3309909847,SERVO_OUTPUT_RAW,0,0,0,0,0,0,0,0,1000,1000,1000,1000,0,0,0,0,0
2025-12-15 01:29:14.856,SERVO_OUTPUT_RAW,3310009851,SERVO_OUTPUT_RAW,0,0,0,0,0,0,0,0,1000,1000,1000,1000,0,0,0,0,0
2025-12-15 01:29:14.955,SERVO_OUTPUT_RAW,3310109784,SERVO_OUTPUT_RAW,0,0,0,0,0,0,0,0,1000,1000,1000,1000,0,0,0,0,0
2025-12-15 01:29:15.055,SERVO_OUTPUT_RAW,3310209811,SERVO_OUTPUT_RAW,0,0,0,0,0,0,0,0,1000,1000,1000,1000,0,0,0,0,0
2025-12-15 01:29:15.155,SERVO_OUTPUT_RAW,3310309818,SERVO_OUTPUT_RAW,0,0,0,0,0,0,0,0,1000,1000,1000,1000,0,0,0,0,0
2025-12-15 01:29:15.255,SERVO_OUTPUT_RAW,3310409829,SERVO_OUTPUT_RAW,0,0,0,0,0,0,0,0,1000,1000,1000,1000,0,0,0,0,0
2025-12-15 01:29:15.355,SERVO_OUTPUT_RAW,3310509784,SERVO_OUTPUT_RAW,0,0,0,0,0,0,0,0,1000,1000,1000,1000,0,0,0,0,0
2025-12-15 01:29:15.455,SERVO_OUTPUT_RAW,3310609797,SERVO_OUTPUT_RAW,0,0,0,0,0,0,0,0,1000,1000,1000,1000,0,0,0,0,0
2025-12-15 01:29:15.555,SERVO_OUTPUT_RAW,3310709783,SERVO_OUTPUT_RAW,0,0,0,0,0,0,0,0,1000,1000,1000,1000,0,0,0,0,0
2025-12-15 01:29:15.655,SERVO_OUTPUT_RAW,3310809779,SERVO_OUTPUT_RAW,0,0,0,0,0,0,0,0,1000,1000,1000,1000,0,0,0,0,0
2025-12-15 01:29:15.755,SERVO_OUTPUT_RAW,3310909800,SERVO_OUTPUT_RAW,0,0,0,0,0,0,0,0,1000,1000,1000,1000,0,0,0,0,0
2025-12-15 01:29:15.855,SERVO_OUTPUT_RAW,3311009825,SERVO_OUTPUT_RAW,0,0,0,0,0,0,0,0,1000,1000,1000,1000,0,0,0,0,0
2025-12-15 01:29:15.955,SERVO_OUTPUT_RAW,3311109869,SERVO_OUTPUT_RAW,0,0,0,0,0,0,0,0,1000,1000,1000,1000,0,0,0,0,0
2025-12-15 01:29:16.055,SERVO_OUTPUT_RAW,3311209806,SERVO_OUTPUT_RAW,0,0,0,0,0,0,0,0,1000,1000,1000,1000,0,0,0,0,0
2025-12-15 01:29:16.155,SERVO_OUTPUT_RAW,3311309832,SERVO_OUTPUT_RAW,0,0,0,0,0,0,0,0,1000,1000,1000,1000,0,0,0,0,0
2025-12-15 01:29:16.255,SERVO_OUTPUT_RAW,3311409811,SERVO_OUTPUT_RAW,0,0,0,0,0,0,0,0,1000,1000,1000,1000,0,0,0,0,0
2025-12-15 01:29:16.356,SERVO_OUTPUT_RAW,3311509842,SERVO_OUTPUT_RAW,0,0,0,0,0,0,0,0,1000,1000,1000,1000,0,0,0,0,0
2025-12-15 01:29:16.455,SERVO_OUTPUT_RAW,3311609909,SERVO_OUTPUT_RAW,0,0,0,0,0,0,0,0,1000,1000,1000,1000,0,0,0,0,0
2025-12-15 01:29:16.555,SERVO_OUTPUT_RAW,3311709803,SERVO_OUTPUT_RAW,0,0,0,0,0,0,0,0,1000,1000,1000,1000,0,0,0,0,0
2025-12-15 01:29:16.655,SERVO_OUTPUT_RAW,3311809810,SERVO_OUTPUT_RAW,0,0,0,0,0,0,0,0,1000,1000,1000,1000,0,0,0,0,0
2025-12-15 01:29:16.755,SERVO_OUTPUT_RAW,3311909808,SERVO_OUTPUT_RAW,0,0,0,0,0,0,0,0,1000,1000,1000,1000,0,0,0,0,0
2025-12-15 01:29:16.855,SERVO_OUTPUT_RAW,3312009781,SERVO_OUTPUT_RAW,0,0,0,0,0,0,0,0,1000,1000,1000,1000,0,0,0,0,0
2025-12-15 01:29:16.955,SERVO_OUTPUT_RAW,3312109784,SERVO_OUTPUT_RAW,0,0,0,0,0,0,0,0,1000,1000,1000,1000,0,0,0,0,0
2025-12-15 01:29:17.055,SERVO_OUTPUT_RAW,3312209803,SERVO_OUTPUT_RAW,0,0,0,0,0,0,0,0,1000,1000,1000,1000,0,0,0,0,0
2025-12-15 01:29:17.156,SERVO_OUTPUT_RAW,3312309804,SERVO_OUTPUT_RAW,0,0,0,0,0,0,0,0,1000,1000,1000,1000,0,0,0,0,0
2025-12-15 01:29:17.255,SERVO_OUTPUT_RAW,3312409794,SERVO_OUTPUT_RAW,0,0,0,0,0,0,0,0,1000,1000,1000,1000,0,0,0,0,0
2025-12-15 01:29:17.355,SERVO_OUTPUT_RAW,3312509827,SERVO_OUTPUT_RAW,0,0,0,0,0,0,0,0,1000,1000,1000,1000,0,0,0,0,0
2025-12-15 01:29:17.456,SERVO_OUTPUT_RAW,3312609864,SERVO_OUTPUT_RAW,0,0,0,0,0,0,0,0,1000,1000,1000,1000,0,0,0,0,0
2025-12-15 01:29:17.555,SERVO_OUTPUT_RAW,3312709862,SERVO_OUTPUT_RAW,0,0,0,0,0,0,0,0,1000,1000,1000,1000,0,0,0,0,0
2025-12-15 01:29:17.655,SERVO_OUTPUT_RAW,3312809790,SERVO_OUTPUT_RAW,0,0,0,0,0,0,0,0,1000,1000,1000,1000,0,0,0,0,0
2025-12-15 01:29:17.755,SERVO_OUTPUT_RAW,3312909807,SERVO_OUTPUT_RAW,0,0,0,0,0,0,0,0,1000,1000,1000,1000,0,0,0,0,0
2025-12-15 01:29:17.855,SERVO_OUTPUT_RAW,3313009845,SERVO_OUTPUT_RAW,0,0,0,0,0,0,0,0,1000,1000,1000,1000,0,0,0,0,0
2025-12-15 01:29:17.955,SERVO_OUTPUT_RAW,3313109858,SERVO_OUTPUT_RAW,0,0,0,0,0,0,0,0,1000,1000,1000,1000,0,0,0,0,0
2025-12-15 01:29:18.055,SERVO_OUTPUT_RAW,3313209785,SERVO_OUTPUT_RAW,0,0,0,0,0,0,0,0,1000,1000,1000,1000,0,0,0,0,0
2025-12-15 01:29:18.155,SERVO_OUTPUT_RAW,3313309813,SERVO_OUTPUT_RAW,0,0,0,0,0,0,0,0,1000,1000,1000,1000,0,0,0,0,0
2025-12-15 01:29:18.255,SERVO_OUTPUT_RAW,3313409819,SERVO_OUTPUT_RAW,0,0,0,0,0,0,0,0,1000,1000,1000,1000,0,0,0,0,0
2025-12-15 01:29:18.355,SERVO_OUTPUT_RAW,3313509799,SERVO_OUTPUT_RAW,0,0,0,0,0,0,0,0,1000,1000,1000,1000,0,0,0,0,0
2025-12-15 01:29:18.455,SERVO_OUTPUT_RAW,3313609784,SERVO_OUTPUT_RAW,0,0,0,0,0,0,0,0,1000,1000,1000,1000,0,0,0,0,0
2025-12-15 01:29:18.555,SERVO_OUTPUT_RAW,3313709839,SERVO_OUTPUT_RAW,0,0,0,0,0,0,0,0,1000,1000,1000,1000,0,0,0,0,0
2025-12-15 01:29:18.656,SERVO_OUTPUT_RAW,3313809793,SERVO_OUTPUT_RAW,0,0,0,0,0,0,0,0,1000,1000,1000,1000,0,0,0,0,0
2025-12-15 01:29:18.756,SERVO_OUTPUT_RAW,3313909785,SERVO_OUTPUT_RAW,0,0,0,0,0,0,0,0,1000,1000,1000,1000,0,0,0,0,0
2025-12-15 01:29:18.856,SERVO_OUTPUT_RAW,3314009825,SERVO_OUTPUT_RAW,0,0,0,0,0,0,0,0,1000,1000,1000,1000,0,0,0,0,0
2025-12-15 01:29:18.956,SERVO_OUTPUT_RAW,3314109831,SERVO_OUTPUT_RAW,0,0,0,0,0,0,0,0,1000,1000,1000,1000,0,0,0,0,0
2025-12-15 01:29:19.055,SERVO_OUTPUT_RAW,3314209840,SERVO_OUTPUT_RAW,0,0,0,0,0,0,0,0,1000,1000,1000,1000,0,0,0,0,0
2025-12-15 01:29:19.155,SERVO_OUTPUT_RAW,3314309807,SERVO_OUTPUT_RAW,0,0,0,0,0,0,0,0,1000,1000,1000,1000,0,0,0,0,0
2025-12-15 01:29:19.255,SERVO_OUTPUT_RAW,3314409793,SERVO_OUTPUT_RAW,0,0,0,0,0,0,0,0,1000,1000,1000,1000,0,0,0,0,0
2025-12-15 01:29:19.355,SERVO_OUTPUT_RAW,3314509842,SERVO_OUTPUT_RAW,0,0,0,0,0,0,0,0,1000,1000,1000,1000,0,0,0,0,0
2025-12-15 01:29:19.455,SERVO_OUTPUT_RAW,3314609883,SERVO_OUTPUT_RAW,0,0,0,0,0,0,0,0,1000,1000,1000,1000,0,0,0,0,0
2025-12-15 01:29:19.555,SERVO_OUTPUT_RAW,3314709784,SERVO_OUTPUT_RAW,0,0,0,0,0,0,0,0,1000,1000,1000,1000,0,0,0,0,0
2025-12-15 01:29:19.655,SERVO_OUTPUT_RAW,3314809795,SERVO_OUTPUT_RAW,0,0,0,0,0,0,0,0,1000,1000,1000,1000,0,0,0,0,0
2025-12-15 01:29:19.755,SERVO_OUTPUT_RAW,3314909818,SERVO_OUTPUT_RAW,0,0,0,0,0,0,0,0,1000,1000,1000,1000,0,0,0,0,0
2025-12-15 01:29:19.856,SERVO_OUTPUT_RAW,3315009801,SERVO_OUTPUT_RAW,0,0,0,0,0,0,0,0,1000,1000,1000,1000,0,0,0,0,0
2025-12-15 01:29:19.956,SERVO_OUTPUT_RAW,3315109778,SERVO_OUTPUT_RAW,0,0,0,0,0,0,0,0,1000,1000,1000,1000,0,0,0,0,0
2025-12-15 01:29:20.055,SERVO_OUTPUT_RAW,3315209797,SERVO_OUTPUT_RAW,0,0,0,0,0,0,0,0,1000,1000,1000,1000,0,0,0,0,0
2025-12-15 01:29:20.155,SERVO_OUTPUT_RAW,3315309793,SERVO_OUTPUT_RAW,0,0,0,0,0,0,0,0,1000,1000,1000,1000,0,0,0,0,0
2025-12-15 01:29:20.255,SERVO_OUTPUT_RAW,3315409791,SERVO_OUTPUT_RAW,0,0,0,0,0,0,0,0,1000,1000,1000,1000,0,0,0,0,0
2025-12-15 01:29:20.356,SERVO_OUTPUT_RAW,3315509801,SERVO_OUTPUT_RAW,0,0,0,0,0,0,0,0,1000,1000,1000,1000,0,0,0,0,0
2025-12-15 01:29:20.456,SERVO_OUTPUT_RAW,3315612171,SERVO_OUTPUT_RAW,0,0,0,0,0,0,0,0,1000,1000,1000,1000,0,0,0,0,0
2025-12-15 01:29:20.555,SERVO_OUTPUT_RAW,3315709845,SERVO_OUTPUT_RAW,0,0,0,0,0,0,0,0,1000,1000,1000,1000,0,0,0,0,0
2025-12-15 01:29:20.655,SERVO_OUTPUT_RAW,3315809863,SERVO_OUTPUT_RAW,0,0,0,0,0,0,0,0,1000,1000,1000,1000,0,0,0,0,0
2025-12-15 01:29:20.755,SERVO_OUTPUT_RAW,3315909812,SERVO_OUTPUT_RAW,0,0,0,0,0,0,0,0,1000,1000,1000,1000,0,0,0,0,0
2025-12-15 01:29:20.856,SERVO_OUTPUT_RAW,3316009819,SERVO_OUTPUT_RAW,0,0,0,0,0,0,0,0,1000,1000,1000,1000,0,0,0,0,0
2025-12-15 01:29:20.956,SERVO_OUTPUT_RAW,3316109820,SERVO_OUTPUT_RAW,0,0,0,0,0,0,0,0,1000,1000,1000,1000,0,0,0,0,0
2025-12-15 01:29:21.055,SERVO_OUTPUT_RAW,3316209844,SERVO_OUTPUT_RAW,0,0,0,0,0,0,0,0,1000,1000,1000,1000,0,0,0,0,0
2025-12-15 01:29:21.156,SERVO_OUTPUT_RAW,3316309779,SERVO_OUTPUT_RAW,0,0,0,0,0,0,0,0,1000,1000,1000,1000,0,0,0,0,0
2025-12-15 01:29:21.256,SERVO_OUTPUT_RAW,3316409803,SERVO_OUTPUT_RAW,0,0,0,0,0,0,0,0,1000,1000,1000,1000,0,0,0,0,0
2025-12-15 01:29:21.356,SERVO_OUTPUT_RAW,3316509818,SERVO_OUTPUT_RAW,0,0,0,0,0,0,0,0,1000,1000,1000,1000,0,0,0,0,0
2025-12-15 01:29:21.456,SERVO_OUTPUT_RAW,3316609831,SERVO_OUTPUT_RAW,0,0,0,0,0,0,0,0,1000,1000,1000,1000,0,0,0,0,0
2025-12-15 01:29:21.556,SERVO_OUTPUT_RAW,3316709801,SERVO_OUTPUT_RAW,0,0,0,0,0,0,0,0,1000,1000,1000,1000,0,0,0,0,0
2025-12-15 01:29:21.656,SERVO_OUTPUT_RAW,3316809789,SERVO_OUTPUT_RAW,0,0,0,0,0,0,0,0,1000,1000,1000,1000,0,0,0,0,0
2025-12-15 01:29:21.756,SERVO_OUTPUT_RAW,3316909787,SERVO_OUTPUT_RAW,0,0,0,0,0,0,0,0,1000,1000,1000,1000,0,0,0,0,0
2025-12-15 01:29:21.856,SERVO_OUTPUT_RAW,3317009803,SERVO_OUTPUT_RAW,0,0,0,0,0,0,0,0,1000,1000,1000,1000,0,0,0,0,0
2025-12-15 01:29:21.956,SERVO_OUTPUT_RAW,3317109789,SERVO_OUTPUT_RAW,0,0,0,0,0,0,0,0,1000,1000,1000,1000,0,0,0,0,0
2025-12-15 01:29:22.056,SERVO_OUTPUT_RAW,3317209836,SERVO_OUTPUT_RAW,0,0,0,0,0,0,0,0,1000,1000,1000,1000,0,0,0,0,0
2025-12-15 01:29:22.156,SERVO_OUTPUT_RAW,3317309825,SERVO_OUTPUT_RAW,0,0,0,0,0,0,0,0,1000,1000,1000,1000,0,0,0,0,0
2025-12-15 01:29:22.256,SERVO_OUTPUT_RAW,3317409787,SERVO_OUTPUT_RAW,0,0,0,0,0,0,0,0,1000,1000,1000,1000,0,0,0,0,0
2025-12-15 01:29:22.356,SERVO_OUTPUT_RAW,3317509805,SERVO_OUTPUT_RAW,0,0,0,0,0,0,0,0,1000,1000,1000,1000,0,0,0,0,0
2025-12-15 01:29:22.456,SERVO_OUTPUT_RAW,3317609821,SERVO_OUTPUT_RAW,0,0,0,0,0,0,0,0,1000,1000,1000,1000,0,0,0,0,0
2025-12-15 01:29:22.556,SERVO_OUTPUT_RAW,3317709839,SERVO_OUTPUT_RAW,0,0,0,0,0,0,0,0,1000,1000,1000,1000,0,0,0,0,0
2025-12-15 01:29:22.656,SERVO_OUTPUT_RAW,3317809781,SERVO_OUTPUT_RAW,0,0,0,0,0,0,0,0,1000,1000,1000,1000,0,0,0,0,0
2025-12-15 01:29:22.756,SERVO_OUTPUT_RAW,3317909900,SERVO_OUTPUT_RAW,0,0,0,0,0,0,0,0,1000,1000,1000,1000,0,0,0,0,0
2025-12-15 01:29:22.856,SERVO_OUTPUT_RAW,3318009817,SERVO_OUTPUT_RAW,0,0,0,0,0,0,0,0,1000,1000,1000,1000,0,0,0,0,0
2025-12-15 01:29:22.956,SERVO_OUTPUT_RAW,3318109820,SERVO_OUTPUT_RAW,0,0,0,0,0,0,0,0,1000,1000,1000,1000,0,0,0,0,0
2025-12-15 01:29:23.056,SERVO_OUTPUT_RAW,3318209782,SERVO_OUTPUT_RAW,0,0,0,0,0,0,0,0,1000,1000,1000,1000,0,0,0,0,0
2025-12-15 01:29:23.156,SERVO_OUTPUT_RAW,3318309793,SERVO_OUTPUT_RAW,0,0,0,0,0,0,0,0,1000,1000,1000,1000,0,0,0,0,0
2025-12-15 01:29:23.256,SERVO_OUTPUT_RAW,3318409778,SERVO_OUTPUT_RAW,0,0,0,0,0,0,0,0,1000,1000,1000,1000,0,0,0,0,0
2025-12-15 01:29:23.356,SERVO_OUTPUT_RAW,3318509814,SERVO_OUTPUT_RAW,0,0,0,0,0,0,0,0,1000,1000,1000,1000,0,0,0,0,0
2025-12-15 01:29:23.455,SERVO_OUTPUT_RAW,3318609782,SERVO_OUTPUT_RAW,0,0,0,0,0,0,0,0,1000,1000,1000,1000,0,0,0,0,0
2025-12-15 01:29:23.555,SERVO_OUTPUT_RAW,3318709776,SERVO_OUTPUT_RAW,0,0,0,0,0,0,0,0,1000,1000,1000,1000,0,0,0,0,0
2025-12-15 01:29:23.656,SERVO_OUTPUT_RAW,3318809822,SERVO_OUTPUT_RAW,0,0,0,0,0,0,0,0,1000,1000,1000,1000,0,0,0,0,0
2025-12-15 01:29:23.755,SERVO_OUTPUT_RAW,3318909793,SERVO_OUTPUT_RAW,0,0,0,0,0,0,0,0,1000,1000,1000,1000,0,0,0,0,0
2025-12-15 01:29:23.856,SERVO_OUTPUT_RAW,3319009855,SERVO_OUTPUT_RAW,0,0,0,0,0,0,0,0,1000,1000,1000,1000,0,0,0,0,0
2025-12-15 01:29:23.956,SERVO_OUTPUT_RAW,3319109834,SERVO_OUTPUT_RAW,0,0,0,0,0,0,0,0,1000,1000,1000,1000,0,0,0,0,0
2025-12-15 01:29:24.056,SERVO_OUTPUT_RAW,3319209826,SERVO_OUTPUT_RAW,0,0,0,0,0,0,0,0,1000,1000,1000,1000,0,0,0,0,0
2025-12-15 01:29:24.156,SERVO_OUTPUT_RAW,3319309835,SERVO_OUTPUT_RAW,0,0,0,0,0,0,0,0,1000,1000,1000,1000,0,0,0,0,0
2025-12-15 01:29:24.256,SERVO_OUTPUT_RAW,3319409893,SERVO_OUTPUT_RAW,0,0,0,0,0,0,0,0,1000,1000,1000,1000,0,0,0,0,0
2025-12-15 01:29:24.355,SERVO_OUTPUT_RAW,3319509791,SERVO_OUTPUT_RAW,0,0,0,0,0,0,0,0,1000,1000,1000,1000,0,0,0,0,0
2025-12-15 01:29:24.456,SERVO_OUTPUT_RAW,3319609822,SERVO_OUTPUT_RAW,0,0,0,0,0,0,0,0,1000,1000,1000,1000,0,0,0,0,0
2025-12-15 01:29:24.556,SERVO_OUTPUT_RAW,3319709803,SERVO_OUTPUT_RAW,0,0,0,0,0,0,0,0,1000,1000,1000,1000,0,0,0,0,0
2025-12-15 01:29:24.656,SERVO_OUTPUT_RAW,3319809771,SERVO_OUTPUT_RAW,0,0,0,0,0,0,0,0,1000,1000,1000,1000,0,0,0,0,0
2025-12-15 01:29:24.755,SERVO_OUTPUT_RAW,3319909785,SERVO_OUTPUT_RAW,0,0,0,0,0,0,0,0,1000,1000,1000,1000,0,0,0,0,0
2025-12-15 01:29:24.857,SERVO_OUTPUT_RAW,3320009857,SERVO_OUTPUT_RAW,0,0,0,0,0,0,0,0,1000,1000,1000,1000,0,0,0,0,0
2025-12-15 01:29:24.971,SERVO_OUTPUT_RAW,3320109794,SERVO_OUTPUT_RAW,0,0,0,0,0,0,0,0,1000,1000,1000,1000,0,0,0,0,0
2025-12-15 01:29:25.055,SERVO_OUTPUT_RAW,3320209793,SERVO_OUTPUT_RAW,0,0,0,0,0,0,0,0,1000,1000,1000,1000,0,0,0,0,0
2025-12-15 01:29:25.157,SERVO_OUTPUT_RAW,3320309811,SERVO_OUTPUT_RAW,0,0,0,0,0,0,0,0,1000,1000,1000,1000,0,0,0,0,0
2025-12-15 01:29:25.255,SERVO_OUTPUT_RAW,3320409839,SERVO_OUTPUT_RAW,0,0,0,0,0,0,0,0,1000,1000,1000,1000,0,0,0,0,0
2025-12-15 01:29:25.355,SERVO_OUTPUT_RAW,3320509852,SERVO_OUTPUT_RAW,0,0,0,0,0,0,0,0,1000,1000,1000,1000,0,0,0,0,0
2025-12-15 01:29:25.455,SERVO_OUTPUT_RAW,3320609805,SERVO_OUTPUT_RAW,0,0,0,0,0,0,0,0,1000,1000,1000,1000,0,0,0,0,0
2025-12-15 01:29:25.555,SERVO_OUTPUT_RAW,3320709810,SERVO_OUTPUT_RAW,0,0,0,0,0,0,0,0,1000,1000,1000,1000,0,0,0,0,0
2025-12-15 01:29:25.655,SERVO_OUTPUT_RAW,3320809828,SERVO_OUTPUT_RAW,0,0,0,0,0,0,0,0,1000,1000,1000,1000,0,0,0,0,0
2025-12-15 01:29:25.755,SERVO_OUTPUT_RAW,3320909834,SERVO_OUTPUT_RAW,0,0,0,0,0,0,0,0,1000,1000,1000,1000,0,0,0,0,0
2025-12-15 01:29:25.856,SERVO_OUTPUT_RAW,3321009843,SERVO_OUTPUT_RAW,0,0,0,0,0,0,0,0,1000,1000,1000,1000,0,0,0,0,0
2025-12-15 01:29:25.955,SERVO_OUTPUT_RAW,3321109796,SERVO_OUTPUT_RAW,0,0,0,0,0,0,0,0,1000,1000,1000,1000,0,0,0,0,0
2025-12-15 01:29:26.055,SERVO_OUTPUT_RAW,3321209836,SERVO_OUTPUT_RAW,0,0,0,0,0,0,0,0,1000,1000,1000,1000,0,0,0,0,0
2025-12-15 01:29:26.155,SERVO_OUTPUT_RAW,3321309825,SERVO_OUTPUT_RAW,0,0,0,0,0,0,0,0,1000,1000,1000,1000,0,0,0,0,0
2025-12-15 01:29:26.255,SERVO_OUTPUT_RAW,3321409796,SERVO_OUTPUT_RAW,0,0,0,0,0,0,0,0,1000,1000,1000,1000,0,0,0,0,0
2025-12-15 01:29:26.355,SERVO_OUTPUT_RAW,3321509797,SERVO_OUTPUT_RAW,0,0,0,0,0,0,0,0,1000,1000,1000,1000,0,0,0,0,0
2025-12-15 01:29:26.455,SERVO_OUTPUT_RAW,3321609780,SERVO_OUTPUT_RAW,0,0,0,0,0,0,0,0,1000,1000,1000,1000,0,0,0,0,0
2025-12-15 01:29:26.555,SERVO_OUTPUT_RAW,3321709773,SERVO_OUTPUT_RAW,0,0,0,0,0,0,0,0,1000,1000,1000,1000,0,0,0,0,0
2025-12-15 01:29:26.655,SERVO_OUTPUT_RAW,3321809786,SERVO_OUTPUT_RAW,0,0,0,0,0,0,0,0,1000,1000,1000,1000,0,0,0,0,0
2025-12-15 01:29:26.755,SERVO_OUTPUT_RAW,3321909825,SERVO_OUTPUT_RAW,0,0,0,0,0,0,0,0,1000,1000,1000,1000,0,0,0,0,0
2025-12-15 01:29:26.855,SERVO_OUTPUT_RAW,3322009861,SERVO_OUTPUT_RAW,0,0,0,0,0,0,0,0,1000,1000,1000,1000,0,0,0,0,0
2025-12-15 01:29:26.955,SERVO_OUTPUT_RAW,3322112127,SERVO_OUTPUT_RAW,0,0,0,0,0,0,0,0,1000,1000,1000,1000,0,0,0,0,0
2025-12-15 01:29:27.055,SERVO_OUTPUT_RAW,3322209785,SERVO_OUTPUT_RAW,0,0,0,0,0,0,0,0,1000,1000,1000,1000,0,0,0,0,0
2025-12-15 01:29:27.155,SERVO_OUTPUT_RAW,3322309840,SERVO_OUTPUT_RAW,0,0,0,0,0,0,0,0,1000,1000,1000,1000,0,0,0,0,0
2025-12-15 01:29:27.255,SERVO_OUTPUT_RAW,3322409850,SERVO_OUTPUT_RAW,0,0,0,0,0,0,0,0,1000,1000,1000,1000,0,0,0,0,0
2025-12-15 01:29:27.355,SERVO_OUTPUT_RAW,3322509847,SERVO_OUTPUT_RAW,0,0,0,0,0,0,0,0,1000,1000,1000,1000,0,0,0,0,0
2025-12-15 01:29:27.456,SERVO_OUTPUT_RAW,3322609788,SERVO_OUTPUT_RAW,0,0,0,0,0,0,0,0,1000,1000,1000,1000,0,0,0,0,0
2025-12-15 01:29:27.555,SERVO_OUTPUT_RAW,3322709807,SERVO_OUTPUT_RAW,0,0,0,0,0,0,0,0,1000,1000,1000,1000,0,0,0,0,0
2025-12-15 01:29:27.655,SERVO_OUTPUT_RAW,3322809836,SERVO_OUTPUT_RAW,0,0,0,0,0,0,0,0,1000,1000,1000,1000,0,0,0,0,0
2025-12-15 01:29:27.756,SERVO_OUTPUT_RAW,3322909791,SERVO_OUTPUT_RAW,0,0,0,0,0,0,0,0,1000,1000,1000,1000,0,0,0,0,0
2025-12-15 01:29:27.856,SERVO_OUTPUT_RAW,3323009824,SERVO_OUTPUT_RAW,0,0,0,0,0,0,0,0,1000,1000,1000,1000,0,0,0,0,0
2025-12-15 01:29:27.955,SERVO_OUTPUT_RAW,3323109784,SERVO_OUTPUT_RAW,0,0,0,0,0,0,0,0,1000,1000,1000,1000,0,0,0,0,0
2025-12-15 01:29:28.055,SERVO_OUTPUT_RAW,3323209792,SERVO_OUTPUT_RAW,0,0,0,0,0,0,0,0,1000,1000,1000,1000,0,0,0,0,0
2025-12-15 01:29:28.155,SERVO_OUTPUT_RAW,3323309799,SERVO_OUTPUT_RAW,0,0,0,0,0,0,0,0,1000,1000,1000,1000,0,0,0,0,0
2025-12-15 01:29:28.255,SERVO_OUTPUT_RAW,3323409821,SERVO_OUTPUT_RAW,0,0,0,0,0,0,0,0,1000,1000,1000,1000,0,0,0,0,0
2025-12-15 01:29:28.355,SERVO_OUTPUT_RAW,3323509844,SERVO_OUTPUT_RAW,0,0,0,0,0,0,0,0,1000,1000,1000,1000,0,0,0,0,0
2025-12-15 01:29:28.455,SERVO_OUTPUT_RAW,3323609829,SERVO_OUTPUT_RAW,0,0,0,0,0,0,0,0,1000,1000,1000,1000,0,0,0,0,0
2025-12-15 01:29:28.556,SERVO_OUTPUT_RAW,3323709807,SERVO_OUTPUT_RAW,0,0,0,0,0,0,0,0,1000,1000,1000,1000,0,0,0,0,0
2025-12-15 01:29:28.656,SERVO_OUTPUT_RAW,3323809800,SERVO_OUTPUT_RAW,0,0,0,0,0,0,0,0,1000,1000,1000,1000,0,0,0,0,0
2025-12-15 01:29:28.756,SERVO_OUTPUT_RAW,3323909843,SERVO_OUTPUT_RAW,0,0,0,0,0,0,0,0,1000,1000,1000,1000,0,0,0,0,0
2025-12-15 01:29:28.856,SERVO_OUTPUT_RAW,3324009856,SERVO_OUTPUT_RAW,0,0,0,0,0,0,0,0,1000,1000,1000,1000,0,0,0,0,0
2025-12-15 01:29:28.956,SERVO_OUTPUT_RAW,3324109783,SERVO_OUTPUT_RAW,0,0,0,0,0,0,0,0,1000,1000,1000,1000,0,0,0,0,0
2025-12-15 01:29:29.056,SERVO_OUTPUT_RAW,3324209902,SERVO_OUTPUT_RAW,0,0,0,0,0,0,0,0,1000,1000,1000,1000,0,0,0,0,0
2025-12-15 01:29:29.156,SERVO_OUTPUT_RAW,3324309860,SERVO_OUTPUT_RAW,0,0,0,0,0,0,0,0,1000,1000,1000,1000,0,0,0,0,0
2025-12-15 01:29:29.256,SERVO_OUTPUT_RAW,3324409813,SERVO_OUTPUT_RAW,0,0,0,0,0,0,0,0,1000,1000,1000,1000,0,0,0,0,0
2025-12-15 01:29:29.356,SERVO_OUTPUT_RAW,3324509787,SERVO_OUTPUT_RAW,0,0,0,0,0,0,0,0,1000,1000,1000,1000,0,0,0,0,0
2025-12-15 01:29:29.456,SERVO_OUTPUT_RAW,3324609791,SERVO_OUTPUT_RAW,0,0,0,0,0,0,0,0,1000,1000,1000,1000,0,0,0,0,0
2025-12-15 01:29:29.556,SERVO_OUTPUT_RAW,3324709786,SERVO_OUTPUT_RAW,0,0,0,0,0,0,0,0,1000,1000,1000,1000,0,0,0,0,0
2025-12-15 01:29:29.656,SERVO_OUTPUT_RAW,3324809807,SERVO_OUTPUT_RAW,0,0,0,0,0,0,0,0,1000,1000,1000,1000,0,0,0,0,0
2025-12-15 01:29:29.756,SERVO_OUTPUT_RAW,3324909809,SERVO_OUTPUT_RAW,0,0,0,0,0,0,0,0,1000,1000,1000,1000,0,0,0,0,0
2025-12-15 01:29:29.856,SERVO_OUTPUT_RAW,3325009823,SERVO_OUTPUT_RAW,0,0,0,0,0,0,0,0,1000,1000,1000,1000,0,0,0,0,0
2025-12-15 01:29:29.957,SERVO_OUTPUT_RAW,3325109823,SERVO_OUTPUT_RAW,0,0,0,0,0,0,0,0,1000,1000,1000,1000,0,0,0,0,0
2025-12-15 01:29:30.057,SERVO_OUTPUT_RAW,3325209844,SERVO_OUTPUT_RAW,0,0,0,0,0,0,0,0,1000,1000,1000,1000,0,0,0,0,0
2025-12-15 01:29:30.154,SERVO_OUTPUT_RAW,3325309792,SERVO_OUTPUT_RAW,0,0,0,0,0,0,0,0,1000,1000,1000,1000,0,0,0,0,0
2025-12-15 01:29:30.255,SERVO_OUTPUT_RAW,3325409816,SERVO_OUTPUT_RAW,0,0,0,0,0,0,0,0,1000,1000,1000,1000,0,0,0,0,0
2025-12-15 01:29:30.354,SERVO_OUTPUT_RAW,3325509840,SERVO_OUTPUT_RAW,0,0,0,0,0,0,0,0,1000,1000,1000,1000,0,0,0,0,0
2025-12-15 01:29:30.454,SERVO_OUTPUT_RAW,3325609840,SERVO_OUTPUT_RAW,0,0,0,0,0,0,0,0,1000,1000,1000,1000,0,0,0,0,0
2025-12-15 01:29:30.554,SERVO_OUTPUT_RAW,3325709795,SERVO_OUTPUT_RAW,0,0,0,0,0,0,0,0,1000,1000,1000,1000,0,0,0,0,0
2025-12-15 01:29:30.654,SERVO_OUTPUT_RAW,3325809814,SERVO_OUTPUT_RAW,0,0,0,0,0,0,0,0,1000,1000,1000,1000,0,0,0,0,0
2025-12-15 01:29:30.754,SERVO_OUTPUT_RAW,3325909835,SERVO_OUTPUT_RAW,0,0,0,0,0,0,0,0,1000,1000,1000,1000,0,0,0,0,0
2025-12-15 01:29:30.854,SERVO_OUTPUT_RAW,3326009787,SERVO_OUTPUT_RAW,0,0,0,0,0,0,0,0,1000,1000,1000,1000,0,0,0,0,0
2025-12-15 01:29:30.954,SERVO_OUTPUT_RAW,3326109779,SERVO_OUTPUT_RAW,0,0,0,0,0,0,0,0,1000,1000,1000,1000,0,0,0,0,0
2025-12-15 01:29:31.054,SERVO_OUTPUT_RAW,3326209797,SERVO_OUTPUT_RAW,0,0,0,0,0,0,0,0,1000,1000,1000,1000,0,0,0,0,0
2025-12-15 01:29:31.154,SERVO_OUTPUT_RAW,3326309841,SERVO_OUTPUT_RAW,0,0,0,0,0,0,0,0,1000,1000,1000,1000,0,0,0,0,0
2025-12-15 01:29:31.254,SERVO_OUTPUT_RAW,3326409785,SERVO_OUTPUT_RAW,0,0,0,0,0,0,0,0,1000,1000,1000,1000,0,0,0,0,0
2025-12-15 01:29:31.354,SERVO_OUTPUT_RAW,3326509781,SERVO_OUTPUT_RAW,0,0,0,0,0,0,0,0,1000,1000,1000,1000,0,0,0,0,0
2025-12-15 01:29:31.454,SERVO_OUTPUT_RAW,3326609834,SERVO_OUTPUT_RAW,0,0,0,0,0,0,0,0,1000,1000,1000,1000,0,0,0,0,0
2025-12-15 01:29:31.554,SERVO_OUTPUT_RAW,3326709779,SERVO_OUTPUT_RAW,0,0,0,0,0,0,0,0,1000,1000,1000,1000,0,0,0,0,0
2025-12-15 01:29:31.654,SERVO_OUTPUT_RAW,3326809800,SERVO_OUTPUT_RAW,0,0,0,0,0,0,0,0,1000,1000,1000,1000,0,0,0,0,0
2025-12-15 01:29:31.754,SERVO_OUTPUT_RAW,3326909834,SERVO_OUTPUT_RAW,0,0,0,0,0,0,0,0,1000,1000,1000,1000,0,0,0,0,0
2025-12-15 01:29:31.854,SERVO_OUTPUT_RAW,3327009827,SERVO_OUTPUT_RAW,0,0,0,0,0,0,0,0,1000,1000,1000,1000,0,0,0,0,0
2025-12-15 01:29:31.954,SERVO_OUTPUT_RAW,3327109841,SERVO_OUTPUT_RAW,0,0,0,0,0,0,0,0,1000,1000,1000,1000,0,0,0,0,0
2025-12-15 01:29:32.054,SERVO_OUTPUT_RAW,3327209870,SERVO_OUTPUT_RAW,0,0,0,0,0,0,0,0,1000,1000,1000,1000,0,0,0,0,0
2025-12-15 01:29:32.154,SERVO_OUTPUT_RAW,3327309789,SERVO_OUTPUT_RAW,0,0,0,0,0,0,0,0,1000,1000,1000,1000,0,0,0,0,0
2025-12-15 01:29:32.254,SERVO_OUTPUT_RAW,3327409820,SERVO_OUTPUT_RAW,0,0,0,0,0,0,0,0,1000,1000,1000,1000,0,0,0,0,0
2025-12-15 01:29:32.354,SERVO_OUTPUT_RAW,3327509841,SERVO_OUTPUT_RAW,0,0,0,0,0,0,0,0,1000,1000,1000,1000,0,0,0,0,0
2025-12-15 01:29:32.454,SERVO_OUTPUT_RAW,3327609787,SERVO_OUTPUT_RAW,0,0,0,0,0,0,0,0,1000,1000,1000,1000,0,0,0,0,0
2025-12-15 01:29:32.554,SERVO_OUTPUT_RAW,3327709781,SERVO_OUTPUT_RAW,0,0,0,0,0,0,0,0,1000,1000,1000,1000,0,0,0,0,0
2025-12-15 01:29:32.654,SERVO_OUTPUT_RAW,3327809799,SERVO_OUTPUT_RAW,0,0,0,0,0,0,0,0,1000,1000,1000,1000,0,0,0,0,0
2025-12-15 01:29:32.754,SERVO_OUTPUT_RAW,3327909789,SERVO_OUTPUT_RAW,0,0,0,0,0,0,0,0,1000,1000,1000,1000,0,0,0,0,0
2025-12-15 01:29:32.854,SERVO_OUTPUT_RAW,3328009798,SERVO_OUTPUT_RAW,0,0,0,0,0,0,0,0,1000,1000,1000,1000,0,0,0,0,0
2025-12-15 01:29:32.954,SERVO_OUTPUT_RAW,3328109813,SERVO_OUTPUT_RAW,0,0,0,0,0,0,0,0,1000,1000,1000,1000,0,0,0,0,0
2025-12-15 01:29:33.054,SERVO_OUTPUT_RAW,3328209827,SERVO_OUTPUT_RAW,0,0,0,0,0,0,0,0,1000,1000,1000,1000,0,0,0,0,0
2025-12-15 01:29:33.154,SERVO_OUTPUT_RAW,3328309793,SERVO_OUTPUT_RAW,0,0,0,0,0,0,0,0,1000,1000,1000,1000,0,0,0,0,0
2025-12-15 01:29:33.254,SERVO_OUTPUT_RAW,3328409918,SERVO_OUTPUT_RAW,0,0,0,0,0,0,0,0,1000,1000,1000,1000,0,0,0,0,0
2025-12-15 01:29:33.354,SERVO_OUTPUT_RAW,3328509795,SERVO_OUTPUT_RAW,0,0,0,0,0,0,0,0,1000,1000,1000,1000,0,0,0,0,0
2025-12-15 01:29:33.454,SERVO_OUTPUT_RAW,3328609834,SERVO_OUTPUT_RAW,0,0,0,0,0,0,0,0,1000,1000,1000,1000,0,0,0,0,0
2025-12-15 01:29:33.555,SERVO_OUTPUT_RAW,3328709834,SERVO_OUTPUT_RAW,0,0,0,0,0,0,0,0,1000,1000,1000,1000,0,0,0,0,0
2025-12-15 01:29:33.654,SERVO_OUTPUT_RAW,3328809799,SERVO_OUTPUT_RAW,0,0,0,0,0,0,0,0,1000,1000,1000,1000,0,0,0,0,0
2025-12-15 01:29:33.754,SERVO_OUTPUT_RAW,3328909809,SERVO_OUTPUT_RAW,0,0,0,0,0,0,0,0,1000,1000,1000,1000,0,0,0,0,0
2025-12-15 01:29:33.854,SERVO_OUTPUT_RAW,3329009827,SERVO_OUTPUT_RAW,0,0,0,0,0,0,0,0,1000,1000,1000,1000,0,0,0,0,0
2025-12-15 01:29:33.954,SERVO_OUTPUT_RAW,3329109883,SERVO_OUTPUT_RAW,0,0,0,0,0,0,0,0,1000,1000,1000,1000,0,0,0,0,0
2025-12-15 01:29:34.054,SERVO_OUTPUT_RAW,3329209778,SERVO_OUTPUT_RAW,0,0,0,0,0,0,0,0,1000,1000,1000,1000,0,0,0,0,0
2025-12-15 01:29:34.153,SERVO_OUTPUT_RAW,3329309796,SERVO_OUTPUT_RAW,0,0,0,0,0,0,0,0,1000,1000,1000,1000,0,0,0,0,0
2025-12-15 01:29:34.253,SERVO_OUTPUT_RAW,3329409796,SERVO_OUTPUT_RAW,0,0,0,0,0,0,0,0,1000,1000,1000,1000,0,0,0,0,0
2025-12-15 01:29:34.353,SERVO_OUTPUT_RAW,3329509784,SERVO_OUTPUT_RAW,0,0,0,0,0,0,0,0,1000,1000,1000,1000,0,0,0,0,0
2025-12-15 01:29:34.453,SERVO_OUTPUT_RAW,3329609776,SERVO_OUTPUT_RAW,0,0,0,0,0,0,0,0,1000,1000,1000,1000,0,0,0,0,0
2025-12-15 01:29:34.553,SERVO_OUTPUT_RAW,3329709810,SERVO_OUTPUT_RAW,0,0,0,0,0,0,0,0,1000,1000,1000,1000,0,0,0,0,0
2025-12-15 01:29:34.653,SERVO_OUTPUT_RAW,3329809832,SERVO_OUTPUT_RAW,0,0,0,0,0,0,0,0,1000,1000,1000,1000,0,0,0,0,0
2025-12-15 01:29:34.753,SERVO_OUTPUT_RAW,3329909851,SERVO_OUTPUT_RAW,0,0,0,0,0,0,0,0,1000,1000,1000,1000,0,0,0,0,0
2025-12-15 01:29:34.853,SERVO_OUTPUT_RAW,3330009801,SERVO_OUTPUT_RAW,0,0,0,0,0,0,0,0,1000,1000,1000,1000,0,0,0,0,0
2025-12-15 01:29:34.954,SERVO_OUTPUT_RAW,3330109831,SERVO_OUTPUT_RAW,0,0,0,0,0,0,0,0,1000,1000,1000,1000,0,0,0,0,0
2025-12-15 01:29:35.053,SERVO_OUTPUT_RAW,3330209867,SERVO_OUTPUT_RAW,0,0,0,0,0,0,0,0,1000,1000,1000,1000,0,0,0,0,0
2025-12-15 01:29:35.156,SERVO_OUTPUT_RAW,3330309847,SERVO_OUTPUT_RAW,0,0,0,0,0,0,0,0,1000,1000,1000,1000,0,0,0,0,0
2025-12-15 01:29:35.256,SERVO_OUTPUT_RAW,3330409795,SERVO_OUTPUT_RAW,0,0,0,0,0,0,0,0,1000,1000,1000,1000,0,0,0,0,0
2025-12-15 01:29:35.356,SERVO_OUTPUT_RAW,3330509929,SERVO_OUTPUT_RAW,0,0,0,0,0,0,0,0,1000,1000,1000,1000,0,0,0,0,0
2025-12-15 01:29:35.456,SERVO_OUTPUT_RAW,3330609808,SERVO_OUTPUT_RAW,0,0,0,0,0,0,0,0,1000,1000,1000,1000,0,0,0,0,0
2025-12-15 01:29:35.556,SERVO_OUTPUT_RAW,3330709782,SERVO_OUTPUT_RAW,0,0,0,0,0,0,0,0,1000,1000,1000,1000,0,0,0,0,0
2025-12-15 01:29:35.657,SERVO_OUTPUT_RAW,3330809775,SERVO_OUTPUT_RAW,0,0,0,0,0,0,0,0,1000,1000,1000,1000,0,0,0,0,0
2025-12-15 01:29:35.756,SERVO_OUTPUT_RAW,3330909802,SERVO_OUTPUT_RAW,0,0,0,0,0,0,0,0,1000,1000,1000,1000,0,0,0,0,0
2025-12-15 01:29:35.856,SERVO_OUTPUT_RAW,3331009791,SERVO_OUTPUT_RAW,0,0,0,0,0,0,0,0,1000,1000,1000,1000,0,0,0,0,0
2025-12-15 01:29:35.956,SERVO_OUTPUT_RAW,3331109806,SERVO_OUTPUT_RAW,0,0,0,0,0,0,0,0,1000,1000,1000,1000,0,0,0,0,0
2025-12-15 01:29:36.056,SERVO_OUTPUT_RAW,3331209798,SERVO_OUTPUT_RAW,0,0,0,0,0,0,0,0,1000,1000,1000,1000,0,0,0,0,0
2025-12-15 01:29:36.156,SERVO_OUTPUT_RAW,3331309842,SERVO_OUTPUT_RAW,0,0,0,0,0,0,0,0,1000,1000,1000,1000,0,0,0,0,0
2025-12-15 01:29:36.256,SERVO_OUTPUT_RAW,3331409860,SERVO_OUTPUT_RAW,0,0,0,0,0,0,0,0,1000,1000,1000,1000,0,0,0,0,0
2025-12-15 01:29:36.356,SERVO_OUTPUT_RAW,3331509811,SERVO_OUTPUT_RAW,0,0,0,0,0,0,0,0,1000,1000,1000,1000,0,0,0,0,0
2025-12-15 01:29:36.456,SERVO_OUTPUT_RAW,3331609815,SERVO_OUTPUT_RAW,0,0,0,0,0,0,0,0,1000,1000,1000,1000,0,0,0,0,0
2025-12-15 01:29:36.556,SERVO_OUTPUT_RAW,3331709831,SERVO_OUTPUT_RAW,0,0,0,0,0,0,0,0,1000,1000,1000,1000,0,0,0,0,0
2025-12-15 01:29:36.656,SERVO_OUTPUT_RAW,3331809845,SERVO_OUTPUT_RAW,0,0,0,0,0,0,0,0,1000,1000,1000,1000,0,0,0,0,0
2025-12-15 01:29:36.756,SERVO_OUTPUT_RAW,3331909871,SERVO_OUTPUT_RAW,0,0,0,0,0,0,0,0,1000,1000,1000,1000,0,0,0,0,0
2025-12-15 01:29:36.856,SERVO_OUTPUT_RAW,3332009812,SERVO_OUTPUT_RAW,0,0,0,0,0,0,0,0,1000,1000,1000,1000,0,0,0,0,0
2025-12-15 01:29:36.956,SERVO_OUTPUT_RAW,3332109803,SERVO_OUTPUT_RAW,0,0,0,0,0,0,0,0,1000,1000,1000,1000,0,0,0,0,0
2025-12-15 01:29:37.056,SERVO_OUTPUT_RAW,3332209807,SERVO_OUTPUT_RAW,0,0,0,0,0,0,0,0,1000,1000,1000,1000,0,0,0,0,0
2025-12-15 01:29:37.156,SERVO_OUTPUT_RAW,3332309789,SERVO_OUTPUT_RAW,0,0,0,0,0,0,0,0,1000,1000,1000,1000,0,0,0,0,0
2025-12-15 01:29:37.256,SERVO_OUTPUT_RAW,3332409805,SERVO_OUTPUT_RAW,0,0,0,0,0,0,0,0,1000,1000,1000,1000,0,0,0,0,0
2025-12-15 01:29:37.356,SERVO_OUTPUT_RAW,3332509790,SERVO_OUTPUT_RAW,0,0,0,0,0,0,0,0,1000,1000,1000,1000,0,0,0,0,0
2025-12-15 01:29:37.456,SERVO_OUTPUT_RAW,3332609844,SERVO_OUTPUT_RAW,0,0,0,0,0,0,0,0,1000,1000,1000,1000,0,0,0,0,0
2025-12-15 01:29:37.556,SERVO_OUTPUT_RAW,3332712116,SERVO_OUTPUT_RAW,0,0,0,0,0,0,0,0,1000,1000,1000,1000,0,0,0,0,0
2025-12-15 01:29:37.655,SERVO_OUTPUT_RAW,3332809803,SERVO_OUTPUT_RAW,0,0,0,0,0,0,0,0,1000,1000,1000,1000,0,0,0,0,0
2025-12-15 01:29:37.756,SERVO_OUTPUT_RAW,3332909861,SERVO_OUTPUT_RAW,0,0,0,0,0,0,0,0,1000,1000,1000,1000,0,0,0,0,0
2025-12-15 01:29:37.856,SERVO_OUTPUT_RAW,3333009848,SERVO_OUTPUT_RAW,0,0,0,0,0,0,0,0,1000,1000,1000,1000,0,0,0,0,0
2025-12-15 01:29:37.956,SERVO_OUTPUT_RAW,3333109777,SERVO_OUTPUT_RAW,0,0,0,0,0,0,0,0,1000,1000,1000,1000,0,0,0,0,0
2025-12-15 01:29:38.056,SERVO_OUTPUT_RAW,3333209809,SERVO_OUTPUT_RAW,0,0,0,0,0,0,0,0,1000,1000,1000,1000,0,0,0,0,0
2025-12-15 01:29:38.156,SERVO_OUTPUT_RAW,3333309833,SERVO_OUTPUT_RAW,0,0,0,0,0,0,0,0,1000,1000,1000,1000,0,0,0,0,0
2025-12-15 01:29:38.256,SERVO_OUTPUT_RAW,3333409848,SERVO_OUTPUT_RAW,0,0,0,0,0,0,0,0,1000,1000,1000,1000,0,0,0,0,0
2025-12-15 01:29:38.356,SERVO_OUTPUT_RAW,3333509787,SERVO_OUTPUT_RAW,0,0,0,0,0,0,0,0,1000,1000,1000,1000,0,0,0,0,0
2025-12-15 01:29:38.456,SERVO_OUTPUT_RAW,3333609814,SERVO_OUTPUT_RAW,0,0,0,0,0,0,0,0,1000,1000,1000,1000,0,0,0,0,0
2025-12-15 01:29:38.556,SERVO_OUTPUT_RAW,3333709834,SERVO_OUTPUT_RAW,0,0,0,0,0,0,0,0,1000,1000,1000,1000,0,0,0,0,0
2025-12-15 01:29:38.656,SERVO_OUTPUT_RAW,3333809829,SERVO_OUTPUT_RAW,0,0,0,0,0,0,0,0,1000,1000,1000,1000,0,0,0,0,0
2025-12-15 01:29:38.756,SERVO_OUTPUT_RAW,3333909796,SERVO_OUTPUT_RAW,0,0,0,0,0,0,0,0,1000,1000,1000,1000,0,0,0,0,0
2025-12-15 01:29:38.856,SERVO_OUTPUT_RAW,3334009801,SERVO_OUTPUT_RAW,0,0,0,0,0,0,0,0,1000,1000,1000,1000,0,0,0,0,0
2025-12-15 01:29:38.956,SERVO_OUTPUT_RAW,3334109784,SERVO_OUTPUT_RAW,0,0,0,0,0,0,0,0,1000,1000,1000,1000,0,0,0,0,0
2025-12-15 01:29:39.056,SERVO_OUTPUT_RAW,3334209785,SERVO_OUTPUT_RAW,0,0,0,0,0,0,0,0,1000,1000,1000,1000,0,0,0,0,0
2025-12-15 01:29:39.156,SERVO_OUTPUT_RAW,3334309824,SERVO_OUTPUT_RAW,0,0,0,0,0,0,0,0,1000,1000,1000,1000,0,0,0,0,0
2025-12-15 01:29:39.256,SERVO_OUTPUT_RAW,3334409829,SERVO_OUTPUT_RAW,0,0,0,0,0,0,0,0,1000,1000,1000,1000,0,0,0,0,0
2025-12-15 01:29:39.356,SERVO_OUTPUT_RAW,3334509827,SERVO_OUTPUT_RAW,0,0,0,0,0,0,0,0,1000,1000,1000,1000,0,0,0,0,0
2025-12-15 01:29:39.456,SERVO_OUTPUT_RAW,3334609808,SERVO_OUTPUT_RAW,0,0,0,0,0,0,0,0,1000,1000,1000,1000,0,0,0,0,0
2025-12-15 01:29:39.556,SERVO_OUTPUT_RAW,3334709827,SERVO_OUTPUT_RAW,0,0,0,0,0,0,0,0,1000,1000,1000,1000,0,0,0,0,0
2025-12-15 01:29:39.657,SERVO_OUTPUT_RAW,3334809818,SERVO_OUTPUT_RAW,0,0,0,0,0,0,0,0,1000,1000,1000,1000,0,0,0,0,0
2025-12-15 01:29:39.756,SERVO_OUTPUT_RAW,3334909856,SERVO_OUTPUT_RAW,0,0,0,0,0,0,0,0,1000,1000,1000,1000,0,0,0,0,0
2025-12-15 01:29:39.856,SERVO_OUTPUT_RAW,3335009778,SERVO_OUTPUT_RAW,0,0,0,0,0,0,0,0,1000,1000,1000,1000,0,0,0,0,0
2025-12-15 01:29:39.956,SERVO_OUTPUT_RAW,3335109787,SERVO_OUTPUT_RAW,0,0,0,0,0,0,0,0,1000,1000,1000,1000,0,0,0,0,0
2025-12-15 01:29:40.056,SERVO_OUTPUT_RAW,3335209811,SERVO_OUTPUT_RAW,0,0,0,0,0,0,0,0,1000,1000,1000,1000,0,0,0,0,0
2025-12-15 01:29:40.156,SERVO_OUTPUT_RAW,3335309820,SERVO_OUTPUT_RAW,0,0,0,0,0,0,0,0,1000,1000,1000,1000,0,0,0,0,0
2025-12-15 01:29:40.256,SERVO_OUTPUT_RAW,3335409786,SERVO_OUTPUT_RAW,0,0,0,0,0,0,0,0,1000,1000,1000,1000,0,0,0,0,0
2025-12-15 01:29:40.357,SERVO_OUTPUT_RAW,3335509780,SERVO_OUTPUT_RAW,0,0,0,0,0,0,0,0,1000,1000,1000,1000,0,0,0,0,0
2025-12-15 01:29:40.456,SERVO_OUTPUT_RAW,3335609830,SERVO_OUTPUT_RAW,0,0,0,0,0,0,0,0,1000,1000,1000,1000,0,0,0,0,0
2025-12-15 01:29:40.556,SERVO_OUTPUT_RAW,3335709796,SERVO_OUTPUT_RAW,0,0,0,0,0,0,0,0,1000,1000,1000,1000,0,0,0,0,0
2025-12-15 01:29:40.657,SERVO_OUTPUT_RAW,3335809790,SERVO_OUTPUT_RAW,0,0,0,0,0,0,0,0,1000,1000,1000,1000,0,0,0,0,0
2025-12-15 01:29:40.756,SERVO_OUTPUT_RAW,3335909847,SERVO_OUTPUT_RAW,0,0,0,0,0,0,0,0,1000,1000,1000,1000,0,0,0,0,0
2025-12-15 01:29:40.856,SERVO_OUTPUT_RAW,3336009840,SERVO_OUTPUT_RAW,0,0,0,0,0,0,0,0,1000,1000,1000,1000,0,0,0,0,0
2025-12-15 01:29:40.956,SERVO_OUTPUT_RAW,3336109839,SERVO_OUTPUT_RAW,0,0,0,0,0,0,0,0,1000,1000,1000,1000,0,0,0,0,0
2025-12-15 01:29:41.056,SERVO_OUTPUT_RAW,3336209802,SERVO_OUTPUT_RAW,0,0,0,0,0,0,0,0,1000,1000,1000,1000,0,0,0,0,0
2025-12-15 01:29:41.156,SERVO_OUTPUT_RAW,3336309805,SERVO_OUTPUT_RAW,0,0,0,0,0,0,0,0,1000,1000,1000,1000,0,0,0,0,0
2025-12-15 01:29:41.256,SERVO_OUTPUT_RAW,3336409839,SERVO_OUTPUT_RAW,0,0,0,0,0,0,0,0,1000,1000,1000,1000,0,0,0,0,0
2025-12-15 01:29:41.356,SERVO_OUTPUT_RAW,3336509854,SERVO_OUTPUT_RAW,0,0,0,0,0,0,0,0,1000,1000,1000,1000,0,0,0,0,0
2025-12-15 01:29:41.456,SERVO_OUTPUT_RAW,3336609781,SERVO_OUTPUT_RAW,0,0,0,0,0,0,0,0,1000,1000,1000,1000,0,0,0,0,0
2025-12-15 01:29:41.556,SERVO_OUTPUT_RAW,3336709813,SERVO_OUTPUT_RAW,0,0,0,0,0,0,0,0,1000,1000,1000,1000,0,0,0,0,0
2025-12-15 01:29:41.657,SERVO_OUTPUT_RAW,3336809865,SERVO_OUTPUT_RAW,0,0,0,0,0,0,0,0,1000,1000,1000,1000,0,0,0,0,0
2025-12-15 01:29:41.756,SERVO_OUTPUT_RAW,3336909829,SERVO_OUTPUT_RAW,0,0,0,0,0,0,0,0,1000,1000,1000,1000,0,0,0,0,0
